EventNo,Date,Time,U1,U2,U3,U4,I1,I2,I3,I4
2,16/2/2026,19:08:00.371,-0.047E+00,-0.047E+00,-0.047E+00,-0.188E+00,-5.84E+00,+7.16E+00,-1.42E+00,+3.624E+00
2,16/2/2026,19:08:00.371,-0.047E+00,-0.047E+00,+0.000E+00,-0.188E+00,-5.75E+00,+7.19E+00,-1.53E+00,+3.640E+00
2,16/2/2026,19:08:00.371,-0.047E+00,-0.047E+00,+0.000E+00,-0.188E+00,-5.66E+00,+7.22E+00,-1.65E+00,+3.655E+00
2,16/2/2026,19:08:00.371,-0.047E+00,-0.047E+00,-0.047E+00,-0.188E+00,-5.59E+00,+7.25E+00,-1.79E+00,+3.670E+00
2,16/2/2026,19:08:00.371,-0.047E+00,-0.047E+00,-0.047E+00,-0.188E+00,-5.49E+00,+7.26E+00,-1.91E+00,+3.685E+00
2,16/2/2026,19:08:00.371,-0.047E+00,-0.047E+00,-0.047E+00,-0.188E+00,-5.40E+00,+7.29E+00,-2.01E+00,+3.693E+00
2,16/2/2026,19:08:00.371,-0.047E+00,-0.047E+00,+0.000E+00,-0.188E+00,-5.31E+00,+7.31E+00,-2.14E+00,+3.708E+00
2,16/2/2026,19:08:00.371,-0.047E+00,-0.047E+00,-0.047E+00,-0.188E+00,-5.23E+00,+7.34E+00,-2.26E+00,+3.723E+00
2,16/2/2026,19:08:00.371,-0.047E+00,-0.047E+00,-0.047E+00,-0.188E+00,-5.14E+00,+7.37E+00,-2.37E+00,+3.731E+00
2,16/2/2026,19:08:00.371,-0.047E+00,-0.047E+00,-0.047E+00,-0.188E+00,-5.05E+00,+7.39E+00,-2.49E+00,+3.739E+00
2,16/2/2026,19:08:00.371,-0.047E+00,-0.047E+00,-0.047E+00,-0.188E+00,-4.96E+00,+7.42E+00,-2.59E+00,+3.746E+00
2,16/2/2026,19:08:00.371,-0.047E+00,-0.047E+00,-0.047E+00,-0.188E+00,-4.87E+00,+7.43E+00,-2.72E+00,+3.762E+00
2,16/2/2026,19:08:00.371,-0.047E+00,-0.047E+00,-0.047E+00,-0.188E+00,-4.78E+00,+7.45E+00,-2.82E+00,+3.769E+00
2,16/2/2026,19:08:00.371,-0.047E+00,-0.047E+00,-0.047E+00,-0.188E+00,-4.68E+00,+7.46E+00,-2.93E+00,+3.777E+00
2,16/2/2026,19:08:00.371,-0.047E+00,-0.047E+00,-0.047E+00,-0.188E+00,-4.59E+00,+7.49E+00,-3.05E+00,+3.785E+00
2,16/2/2026,19:08:00.371,-0.047E+00,-0.047E+00,+0.000E+00,-0.188E+00,-4.50E+00,+7.51E+00,-3.16E+00,+3.792E+00
2,16/2/2026,19:08:00.371,-0.047E+00,-0.047E+00,-0.047E+00,-0.188E+00,-4.39E+00,+7.52E+00,-3.27E+00,+3.800E+00
2,16/2/2026,19:08:00.371,+0.000E+00,-0.047E+00,-0.047E+00,-0.188E+00,-4.30E+00,+7.54E+00,-3.37E+00,+3.807E+00
2,16/2/2026,19:08:00.371,-0.047E+00,-0.047E+00,-0.047E+00,-0.188E+00,-4.21E+00,+7.54E+00,-3.48E+00,+3.807E+00
2,16/2/2026,19:08:00.371,-0.047E+00,-0.047E+00,-0.047E+00,-0.188E+00,-4.12E+00,+7.55E+00,-3.59E+00,+3.815E+00
2,16/2/2026,19:08:00.372,-0.047E+00,-0.047E+00,-0.047E+00,-0.188E+00,-4.03E+00,+7.57E+00,-3.69E+00,+3.823E+00
2,16/2/2026,19:08:00.372,-0.047E+00,-0.047E+00,+0.000E+00,-0.188E+00,-3.94E+00,+7.58E+00,-3.78E+00,+3.823E+00
2,16/2/2026,19:08:00.372,-0.047E+00,-0.047E+00,-0.047E+00,-0.188E+00,-3.83E+00,+7.58E+00,-3.89E+00,+3.823E+00
2,16/2/2026,19:08:00.372,-0.047E+00,-0.047E+00,-0.047E+00,-0.188E+00,-3.74E+00,+7.58E+00,-4.00E+00,+3.830E+00
2,16/2/2026,19:08:00.372,-0.047E+00,-0.047E+00,-0.047E+00,-0.188E+00,-3.63E+00,+7.60E+00,-4.10E+00,+3.830E+00
2,16/2/2026,19:08:00.372,-0.047E+00,-0.047E+00,-0.047E+00,-0.188E+00,-3.53E+00,+7.61E+00,-4.20E+00,+3.830E+00
2,16/2/2026,19:08:00.372,-0.047E+00,-0.047E+00,-0.047E+00,-0.188E+00,-3.42E+00,+7.60E+00,-4.30E+00,+3.838E+00
2,16/2/2026,19:08:00.372,-0.047E+00,-0.047E+00,-0.047E+00,-0.188E+00,-3.31E+00,+7.61E+00,-4.41E+00,+3.838E+00
2,16/2/2026,19:08:00.372,-0.047E+00,-0.047E+00,-0.047E+00,-0.188E+00,-3.20E+00,+7.63E+00,-4.50E+00,+3.838E+00
2,16/2/2026,19:08:00.372,-0.047E+00,-0.047E+00,+0.000E+00,-0.188E+00,-3.10E+00,+7.63E+00,-4.61E+00,+3.838E+00
2,16/2/2026,19:08:00.372,-0.047E+00,-0.047E+00,+0.000E+00,-0.188E+00,-2.99E+00,+7.63E+00,-4.70E+00,+3.838E+00
2,16/2/2026,19:08:00.372,-0.047E+00,-0.047E+00,+0.000E+00,-0.188E+00,-2.88E+00,+7.63E+00,-4.81E+00,+3.838E+00
2,16/2/2026,19:08:00.372,+0.000E+00,-0.047E+00,-0.047E+00,-0.188E+00,-2.78E+00,+7.63E+00,-4.90E+00,+3.838E+00
2,16/2/2026,19:08:00.372,-0.047E+00,-0.047E+00,-0.047E+00,-0.188E+00,-2.67E+00,+7.61E+00,-4.99E+00,+3.838E+00
2,16/2/2026,19:08:00.372,-0.047E+00,-0.047E+00,-0.047E+00,-0.188E+00,-2.56E+00,+7.63E+00,-5.10E+00,+3.830E+00
2,16/2/2026,19:08:00.372,-0.047E+00,-0.047E+00,-0.047E+00,-0.188E+00,-2.44E+00,+7.63E+00,-5.19E+00,+3.830E+00
2,16/2/2026,19:08:00.372,-0.047E+00,-0.047E+00,-0.047E+00,-0.188E+00,-2.33E+00,+7.61E+00,-5.28E+00,+3.830E+00
2,16/2/2026,19:08:00.372,-0.047E+00,-0.047E+00,-0.047E+00,-0.188E+00,-2.21E+00,+7.60E+00,-5.39E+00,+3.815E+00
2,16/2/2026,19:08:00.372,-0.047E+00,-0.047E+00,-0.047E+00,-0.188E+00,-2.11E+00,+7.60E+00,-5.48E+00,+3.807E+00
2,16/2/2026,19:08:00.372,-0.047E+00,-0.047E+00,-0.047E+00,-0.188E+00,-2.00E+00,+7.57E+00,-5.55E+00,+3.800E+00
2,16/2/2026,19:08:00.373,-0.047E+00,-0.047E+00,-0.047E+00,-0.188E+00,-1.89E+00,+7.54E+00,-5.65E+00,+3.777E+00
2,16/2/2026,19:08:00.373,-0.047E+00,-0.047E+00,-0.047E+00,-0.188E+00,-1.77E+00,+7.51E+00,-5.72E+00,+3.762E+00
2,16/2/2026,19:08:00.373,-0.047E+00,-0.047E+00,-0.047E+00,-0.188E+00,-1.66E+00,+7.46E+00,-5.80E+00,+3.739E+00
2,16/2/2026,19:08:00.373,-0.047E+00,-0.047E+00,-0.047E+00,-0.188E+00,-1.54E+00,+7.42E+00,-5.88E+00,+3.708E+00
2,16/2/2026,19:08:00.373,-0.047E+00,-0.047E+00,-0.047E+00,-0.188E+00,-1.42E+00,+7.37E+00,-5.94E+00,+3.685E+00
2,16/2/2026,19:08:00.373,+0.000E+00,-0.047E+00,+0.000E+00,-0.188E+00,-1.30E+00,+7.31E+00,-6.01E+00,+3.662E+00
2,16/2/2026,19:08:00.373,-0.047E+00,-0.047E+00,+0.000E+00,-0.188E+00,-1.18E+00,+7.26E+00,-6.09E+00,+3.632E+00
2,16/2/2026,19:08:00.373,-0.047E+00,-0.047E+00,+0.000E+00,-0.188E+00,-1.05E+00,+7.22E+00,-6.17E+00,+3.601E+00
2,16/2/2026,19:08:00.373,-0.047E+00,-0.047E+00,-0.047E+00,-0.188E+00,-0.93E+00,+7.16E+00,-6.23E+00,+3.579E+00
2,16/2/2026,19:08:00.373,+0.000E+00,-0.047E+00,-0.047E+00,-0.188E+00,-0.81E+00,+7.11E+00,-6.29E+00,+3.548E+00
2,16/2/2026,19:08:00.373,+0.000E+00,-0.047E+00,-0.047E+00,-0.188E+00,-0.69E+00,+7.05E+00,-6.33E+00,+3.525E+00
2,16/2/2026,19:08:00.373,+0.000E+00,-0.047E+00,+0.000E+00,-0.188E+00,-0.55E+00,+6.97E+00,-6.39E+00,+3.487E+00
2,16/2/2026,19:08:00.373,-0.047E+00,-0.047E+00,-0.047E+00,-0.188E+00,-0.43E+00,+6.91E+00,-6.46E+00,+3.449E+00
2,16/2/2026,19:08:00.373,-0.047E+00,-0.047E+00,-0.047E+00,-0.188E+00,-0.31E+00,+6.84E+00,-6.50E+00,+3.411E+00
2,16/2/2026,19:08:00.373,-0.047E+00,-0.047E+00,+0.000E+00,-0.188E+00,-0.17E+00,+6.76E+00,-6.56E+00,+3.373E+00
2,16/2/2026,19:08:00.373,-0.047E+00,-0.047E+00,-0.047E+00,-0.188E+00,-0.05E+00,+6.68E+00,-6.61E+00,+3.327E+00
2,16/2/2026,19:08:00.373,-0.047E+00,-0.047E+00,-0.047E+00,-0.188E+00,+0.06E+00,+6.61E+00,-6.67E+00,+3.289E+00
2,16/2/2026,19:08:00.373,-0.047E+00,-0.047E+00,-0.047E+00,-0.188E+00,+0.18E+00,+6.52E+00,-6.71E+00,+3.243E+00
2,16/2/2026,19:08:00.373,+0.000E+00,-0.047E+00,-0.047E+00,-0.188E+00,+0.31E+00,+6.42E+00,-6.76E+00,+3.205E+00
2,16/2/2026,19:08:00.373,-0.047E+00,-0.047E+00,+0.000E+00,-0.188E+00,+0.43E+00,+6.35E+00,-6.81E+00,+3.159E+00
2,16/2/2026,19:08:00.374,+0.000E+00,-0.047E+00,+0.000E+00,-0.188E+00,+0.55E+00,+6.26E+00,-6.87E+00,+3.121E+00
2,16/2/2026,19:08:00.374,-0.047E+00,-0.047E+00,+0.000E+00,-0.188E+00,+0.67E+00,+6.17E+00,-6.90E+00,+3.075E+00
2,16/2/2026,19:08:00.374,-0.047E+00,-0.047E+00,-0.047E+00,-0.188E+00,+0.79E+00,+6.09E+00,-6.94E+00,+3.037E+00
2,16/2/2026,19:08:00.374,-0.047E+00,-0.047E+00,-0.047E+00,-0.188E+00,+0.92E+00,+6.00E+00,-6.99E+00,+2.983E+00
2,16/2/2026,19:08:00.374,-0.047E+00,-0.047E+00,+0.000E+00,-0.188E+00,+1.04E+00,+5.91E+00,-7.03E+00,+2.945E+00
2,16/2/2026,19:08:00.374,-0.047E+00,-0.047E+00,-0.047E+00,-0.235E+00,+1.16E+00,+5.83E+00,-7.07E+00,+2.907E+00
2,16/2/2026,19:08:00.374,+0.000E+00,-0.047E+00,-0.047E+00,-0.188E+00,+1.28E+00,+5.74E+00,-7.10E+00,+2.861E+00
2,16/2/2026,19:08:00.374,-0.047E+00,-0.047E+00,+0.000E+00,-0.188E+00,+1.40E+00,+5.65E+00,-7.13E+00,+2.816E+00
2,16/2/2026,19:08:00.374,-0.047E+00,-0.047E+00,+0.000E+00,-0.188E+00,+1.53E+00,+5.57E+00,-7.17E+00,+2.777E+00
2,16/2/2026,19:08:00.374,-0.047E+00,-0.047E+00,+0.000E+00,-0.188E+00,+1.63E+00,+5.48E+00,-7.20E+00,+2.732E+00
2,16/2/2026,19:08:00.374,-0.047E+00,-0.047E+00,+0.000E+00,-0.188E+00,+1.75E+00,+5.39E+00,-7.23E+00,+2.686E+00
2,16/2/2026,19:08:00.374,-0.047E+00,-0.047E+00,+0.000E+00,-0.188E+00,+1.88E+00,+5.31E+00,-7.26E+00,+2.648E+00
2,16/2/2026,19:08:00.374,+0.000E+00,-0.047E+00,-0.047E+00,-0.188E+00,+2.00E+00,+5.22E+00,-7.28E+00,+2.602E+00
2,16/2/2026,19:08:00.374,-0.047E+00,-0.047E+00,-0.047E+00,-0.235E+00,+2.11E+00,+5.13E+00,-7.32E+00,+2.556E+00
2,16/2/2026,19:08:00.374,-0.047E+00,-0.047E+00,+0.000E+00,-0.188E+00,+2.21E+00,+5.04E+00,-7.34E+00,+2.510E+00
2,16/2/2026,19:08:00.374,-0.047E+00,-0.047E+00,+0.000E+00,-0.188E+00,+2.33E+00,+4.96E+00,-7.37E+00,+2.465E+00
2,16/2/2026,19:08:00.374,-0.047E+00,-0.047E+00,+0.000E+00,-0.188E+00,+2.46E+00,+4.87E+00,-7.39E+00,+2.426E+00
2,16/2/2026,19:08:00.374,-0.047E+00,-0.047E+00,+0.000E+00,-0.188E+00,+2.56E+00,+4.78E+00,-7.42E+00,+2.381E+00
2,16/2/2026,19:08:00.374,+0.000E+00,-0.047E+00,-0.047E+00,-0.188E+00,+2.67E+00,+4.68E+00,-7.43E+00,+2.335E+00
2,16/2/2026,19:08:00.374,-0.047E+00,-0.047E+00,-0.047E+00,-0.188E+00,+2.78E+00,+4.59E+00,-7.45E+00,+2.289E+00
2,16/2/2026,19:08:00.375,-0.047E+00,-0.047E+00,+0.000E+00,-0.188E+00,+2.88E+00,+4.50E+00,-7.46E+00,+2.243E+00
2,16/2/2026,19:08:00.375,+0.000E+00,-0.047E+00,+0.000E+00,-0.188E+00,+3.01E+00,+4.41E+00,-7.49E+00,+2.190E+00
2,16/2/2026,19:08:00.375,-0.047E+00,-0.047E+00,+0.000E+00,-0.188E+00,+3.11E+00,+4.32E+00,-7.51E+00,+2.144E+00
2,16/2/2026,19:08:00.375,-0.047E+00,-0.047E+00,+0.000E+00,-0.188E+00,+3.22E+00,+4.21E+00,-7.51E+00,+2.098E+00
2,16/2/2026,19:08:00.375,-0.047E+00,-0.047E+00,-0.047E+00,-0.188E+00,+3.33E+00,+4.12E+00,-7.52E+00,+2.052E+00
2,16/2/2026,19:08:00.375,-0.047E+00,-0.047E+00,-0.047E+00,-0.188E+00,+3.43E+00,+4.01E+00,-7.54E+00,+1.999E+00
2,16/2/2026,19:08:00.375,-0.047E+00,-0.047E+00,+0.000E+00,-0.188E+00,+3.54E+00,+3.92E+00,-7.55E+00,+1.946E+00
2,16/2/2026,19:08:00.375,-0.047E+00,-0.047E+00,-0.047E+00,-0.188E+00,+3.65E+00,+3.82E+00,-7.57E+00,+1.900E+00
2,16/2/2026,19:08:00.375,+0.000E+00,-0.047E+00,-0.047E+00,-0.188E+00,+3.75E+00,+3.71E+00,-7.58E+00,+1.846E+00
2,16/2/2026,19:08:00.375,-0.047E+00,-0.047E+00,+0.000E+00,-0.188E+00,+3.86E+00,+3.62E+00,-7.58E+00,+1.793E+00
2,16/2/2026,19:08:00.375,-0.047E+00,-0.047E+00,+0.000E+00,-0.188E+00,+3.95E+00,+3.51E+00,-7.60E+00,+1.747E+00
2,16/2/2026,19:08:00.375,-0.047E+00,-0.047E+00,-0.047E+00,-0.188E+00,+4.06E+00,+3.40E+00,-7.60E+00,+1.694E+00
2,16/2/2026,19:08:00.375,-0.047E+00,-0.047E+00,-0.047E+00,-0.188E+00,+4.17E+00,+3.30E+00,-7.61E+00,+1.640E+00
2,16/2/2026,19:08:00.375,+0.000E+00,-0.047E+00,+0.000E+00,-0.188E+00,+4.27E+00,+3.19E+00,-7.61E+00,+1.587E+00
2,16/2/2026,19:08:00.375,-0.047E+00,-0.047E+00,-0.047E+00,-0.188E+00,+4.36E+00,+3.08E+00,-7.63E+00,+1.534E+00
2,16/2/2026,19:08:00.375,-0.047E+00,-0.047E+00,-0.047E+00,-0.188E+00,+4.47E+00,+2.98E+00,-7.63E+00,+1.480E+00
2,16/2/2026,19:08:00.375,-0.047E+00,-0.047E+00,-0.047E+00,-0.188E+00,+4.58E+00,+2.87E+00,-7.63E+00,+1.427E+00
2,16/2/2026,19:08:00.375,-0.047E+00,-0.047E+00,-0.047E+00,-0.188E+00,+4.68E+00,+2.76E+00,-7.65E+00,+1.373E+00
2,16/2/2026,19:08:00.375,+0.000E+00,-0.047E+00,-0.047E+00,-0.188E+00,+4.78E+00,+2.64E+00,-7.65E+00,+1.320E+00
2,16/2/2026,19:08:00.375,+0.000E+00,-0.047E+00,+0.000E+00,-0.188E+00,+4.88E+00,+2.53E+00,-7.65E+00,+1.267E+00
2,16/2/2026,19:08:00.376,+0.000E+00,-0.047E+00,+0.000E+00,-0.188E+00,+4.99E+00,+2.41E+00,-7.65E+00,+1.206E+00
2,16/2/2026,19:08:00.376,-0.047E+00,-0.047E+00,-0.047E+00,-0.188E+00,+5.08E+00,+2.30E+00,-7.65E+00,+1.152E+00
2,16/2/2026,19:08:00.376,-0.047E+00,-0.047E+00,-0.047E+00,-0.188E+00,+5.19E+00,+2.18E+00,-7.65E+00,+1.099E+00
2,16/2/2026,19:08:00.376,+0.000E+00,-0.047E+00,+0.000E+00,-0.188E+00,+5.28E+00,+2.08E+00,-7.65E+00,+1.045E+00
2,16/2/2026,19:08:00.376,-0.047E+00,-0.047E+00,-0.047E+00,-0.188E+00,+5.37E+00,+1.95E+00,-7.65E+00,+0.984E+00
2,16/2/2026,19:08:00.376,-0.047E+00,-0.047E+00,-0.047E+00,-0.188E+00,+5.46E+00,+1.85E+00,-7.65E+00,+0.931E+00
2,16/2/2026,19:08:00.376,-0.047E+00,-0.047E+00,-0.047E+00,-0.188E+00,+5.55E+00,+1.72E+00,-7.63E+00,+0.877E+00
2,16/2/2026,19:08:00.376,-0.047E+00,-0.047E+00,-0.047E+00,-0.188E+00,+5.65E+00,+1.62E+00,-7.61E+00,+0.816E+00
2,16/2/2026,19:08:00.376,-0.047E+00,-0.047E+00,-0.047E+00,-0.188E+00,+5.72E+00,+1.48E+00,-7.60E+00,+0.755E+00
2,16/2/2026,19:08:00.376,-0.047E+00,-0.047E+00,+0.000E+00,-0.188E+00,+5.80E+00,+1.36E+00,-7.55E+00,+0.702E+00
2,16/2/2026,19:08:00.376,-0.047E+00,-0.047E+00,-0.047E+00,-0.188E+00,+5.88E+00,+1.24E+00,-7.52E+00,+0.649E+00
2,16/2/2026,19:08:00.376,-0.047E+00,-0.047E+00,-0.047E+00,-0.188E+00,+5.95E+00,+1.13E+00,-7.48E+00,+0.588E+00
2,16/2/2026,19:08:00.376,-0.047E+00,-0.047E+00,+0.000E+00,-0.188E+00,+6.03E+00,+1.01E+00,-7.42E+00,+0.526E+00
2,16/2/2026,19:08:00.376,-0.047E+00,-0.047E+00,-0.047E+00,-0.188E+00,+6.09E+00,+0.89E+00,-7.37E+00,+0.465E+00
2,16/2/2026,19:08:00.376,+0.000E+00,-0.047E+00,-0.047E+00,-0.188E+00,+6.17E+00,+0.76E+00,-7.31E+00,+0.404E+00
2,16/2/2026,19:08:00.376,-0.047E+00,-0.047E+00,-0.047E+00,-0.188E+00,+6.23E+00,+0.64E+00,-7.25E+00,+0.343E+00
2,16/2/2026,19:08:00.376,-0.047E+00,-0.047E+00,-0.047E+00,-0.188E+00,+6.30E+00,+0.53E+00,-7.19E+00,+0.290E+00
2,16/2/2026,19:08:00.376,-0.047E+00,-0.047E+00,-0.047E+00,-0.188E+00,+6.36E+00,+0.41E+00,-7.13E+00,+0.229E+00
2,16/2/2026,19:08:00.376,-0.047E+00,-0.047E+00,+0.000E+00,-0.188E+00,+6.42E+00,+0.29E+00,-7.07E+00,+0.168E+00
2,16/2/2026,19:08:00.376,-0.047E+00,-0.047E+00,+0.000E+00,-0.188E+00,+6.49E+00,+0.17E+00,-7.00E+00,+0.114E+00
2,16/2/2026,19:08:00.377,+0.000E+00,+0.000E+00,+0.000E+00,-0.188E+00,+6.55E+00,+0.06E+00,-6.94E+00,+0.053E+00
2,16/2/2026,19:08:00.377,+0.000E+00,+0.000E+00,-0.047E+00,-0.188E+00,+6.59E+00,-0.06E+00,-6.88E+00,-0.008E+00
2,16/2/2026,19:08:00.377,-0.047E+00,-0.047E+00,-0.047E+00,-0.188E+00,+6.65E+00,-0.18E+00,-6.81E+00,-0.069E+00
2,16/2/2026,19:08:00.377,-0.047E+00,-0.047E+00,-0.047E+00,-0.188E+00,+6.70E+00,-0.31E+00,-6.75E+00,-0.122E+00
2,16/2/2026,19:08:00.377,+0.000E+00,+0.000E+00,+0.000E+00,-0.188E+00,+6.73E+00,-0.43E+00,-6.67E+00,-0.183E+00
2,16/2/2026,19:08:00.377,-0.047E+00,-0.047E+00,-0.047E+00,-0.188E+00,+6.76E+00,-0.55E+00,-6.59E+00,-0.244E+00
2,16/2/2026,19:08:00.377,-0.047E+00,-0.047E+00,-0.047E+00,-0.188E+00,+6.81E+00,-0.67E+00,-6.52E+00,-0.305E+00
2,16/2/2026,19:08:00.377,-0.047E+00,-0.047E+00,-0.047E+00,-0.188E+00,+6.85E+00,-0.79E+00,-6.42E+00,-0.366E+00
2,16/2/2026,19:08:00.377,-0.047E+00,-0.047E+00,-0.047E+00,-0.188E+00,+6.88E+00,-0.92E+00,-6.33E+00,-0.427E+00
2,16/2/2026,19:08:00.377,-0.047E+00,-0.047E+00,-0.047E+00,-0.188E+00,+6.93E+00,-1.04E+00,-6.26E+00,-0.488E+00
2,16/2/2026,19:08:00.377,-0.047E+00,-0.047E+00,+0.000E+00,-0.188E+00,+6.96E+00,-1.16E+00,-6.17E+00,-0.549E+00
2,16/2/2026,19:08:00.377,-0.047E+00,-0.047E+00,-0.047E+00,-0.188E+00,+6.99E+00,-1.28E+00,-6.07E+00,-0.610E+00
2,16/2/2026,19:08:00.377,-0.047E+00,-0.047E+00,-0.047E+00,-0.188E+00,+7.03E+00,-1.40E+00,-5.98E+00,-0.671E+00
2,16/2/2026,19:08:00.377,+0.000E+00,-0.047E+00,+0.000E+00,-0.188E+00,+7.07E+00,-1.53E+00,-5.89E+00,-0.732E+00
2,16/2/2026,19:08:00.377,-0.047E+00,-0.047E+00,+0.000E+00,-0.188E+00,+7.10E+00,-1.65E+00,-5.81E+00,-0.794E+00
2,16/2/2026,19:08:00.377,-0.047E+00,-0.047E+00,-0.047E+00,-0.188E+00,+7.14E+00,-1.77E+00,-5.74E+00,-0.855E+00
2,16/2/2026,19:08:00.377,-0.047E+00,-0.047E+00,-0.047E+00,-0.188E+00,+7.17E+00,-1.89E+00,-5.65E+00,-0.908E+00
2,16/2/2026,19:08:00.377,-0.047E+00,-0.047E+00,+0.000E+00,-0.188E+00,+7.20E+00,-2.01E+00,-5.57E+00,-0.977E+00
2,16/2/2026,19:08:00.377,-0.047E+00,-0.047E+00,-0.047E+00,-0.188E+00,+7.23E+00,-2.14E+00,-5.48E+00,-1.030E+00
2,16/2/2026,19:08:00.377,+0.000E+00,-0.047E+00,-0.047E+00,-0.188E+00,+7.26E+00,-2.26E+00,-5.39E+00,-1.091E+00
2,16/2/2026,19:08:00.378,+0.000E+00,-0.047E+00,-0.047E+00,-0.188E+00,+7.29E+00,-2.38E+00,-5.31E+00,-1.152E+00
2,16/2/2026,19:08:00.378,-0.047E+00,-0.047E+00,-0.047E+00,-0.188E+00,+7.31E+00,-2.50E+00,-5.22E+00,-1.213E+00
2,16/2/2026,19:08:00.378,+0.000E+00,-0.047E+00,-0.047E+00,-0.188E+00,+7.32E+00,-2.61E+00,-5.13E+00,-1.267E+00
2,16/2/2026,19:08:00.378,+0.000E+00,-0.047E+00,+0.000E+00,-0.188E+00,+7.36E+00,-2.73E+00,-5.04E+00,-1.328E+00
2,16/2/2026,19:08:00.378,-0.047E+00,-0.047E+00,+0.000E+00,-0.188E+00,+7.39E+00,-2.84E+00,-4.94E+00,-1.381E+00
2,16/2/2026,19:08:00.378,-0.047E+00,-0.047E+00,-0.047E+00,-0.188E+00,+7.42E+00,-2.96E+00,-4.85E+00,-1.434E+00
2,16/2/2026,19:08:00.378,-0.047E+00,-0.047E+00,-0.047E+00,-0.188E+00,+7.43E+00,-3.07E+00,-4.76E+00,-1.495E+00
2,16/2/2026,19:08:00.378,-0.047E+00,-0.047E+00,-0.047E+00,-0.188E+00,+7.45E+00,-3.19E+00,-4.67E+00,-1.549E+00
2,16/2/2026,19:08:00.378,-0.047E+00,-0.047E+00,-0.047E+00,-0.188E+00,+7.46E+00,-3.30E+00,-4.56E+00,-1.602E+00
2,16/2/2026,19:08:00.378,-0.047E+00,-0.047E+00,+0.000E+00,-0.188E+00,+7.48E+00,-3.40E+00,-4.47E+00,-1.656E+00
2,16/2/2026,19:08:00.378,-0.047E+00,-0.047E+00,-0.047E+00,-0.188E+00,+7.49E+00,-3.53E+00,-4.38E+00,-1.717E+00
2,16/2/2026,19:08:00.378,+0.000E+00,-0.047E+00,-0.047E+00,-0.188E+00,+7.51E+00,-3.62E+00,-4.27E+00,-1.770E+00
2,16/2/2026,19:08:00.378,-0.047E+00,-0.047E+00,-0.047E+00,-0.188E+00,+7.52E+00,-3.74E+00,-4.18E+00,-1.816E+00
2,16/2/2026,19:08:00.378,-0.047E+00,-0.047E+00,+0.000E+00,-0.188E+00,+7.54E+00,-3.85E+00,-4.09E+00,-1.869E+00
2,16/2/2026,19:08:00.378,-0.047E+00,-0.047E+00,+0.000E+00,-0.188E+00,+7.55E+00,-3.94E+00,-3.98E+00,-1.930E+00
2,16/2/2026,19:08:00.378,-0.047E+00,-0.047E+00,-0.047E+00,-0.188E+00,+7.57E+00,-4.04E+00,-3.89E+00,-1.976E+00
2,16/2/2026,19:08:00.378,-0.047E+00,-0.047E+00,-0.047E+00,-0.188E+00,+7.57E+00,-4.15E+00,-3.78E+00,-2.030E+00
2,16/2/2026,19:08:00.378,-0.047E+00,-0.047E+00,-0.047E+00,-0.188E+00,+7.57E+00,-4.26E+00,-3.68E+00,-2.083E+00
2,16/2/2026,19:08:00.378,-0.047E+00,-0.047E+00,+0.000E+00,-0.188E+00,+7.58E+00,-4.36E+00,-3.57E+00,-2.136E+00
2,16/2/2026,19:08:00.378,-0.047E+00,-0.047E+00,-0.047E+00,-0.188E+00,+7.58E+00,-4.46E+00,-3.46E+00,-2.182E+00
2,16/2/2026,19:08:00.379,+0.000E+00,-0.047E+00,+0.000E+00,-0.188E+00,+7.60E+00,-4.56E+00,-3.36E+00,-2.228E+00
2,16/2/2026,19:08:00.379,-0.047E+00,-0.047E+00,-0.047E+00,-0.188E+00,+7.60E+00,-4.65E+00,-3.25E+00,-2.281E+00
2,16/2/2026,19:08:00.379,-0.047E+00,-0.047E+00,+0.000E+00,-0.188E+00,+7.60E+00,-4.75E+00,-3.16E+00,-2.335E+00
2,16/2/2026,19:08:00.379,-0.047E+00,-0.047E+00,+0.000E+00,-0.188E+00,+7.61E+00,-4.85E+00,-3.05E+00,-2.381E+00
2,16/2/2026,19:08:00.379,+0.000E+00,-0.047E+00,+0.000E+00,-0.188E+00,+7.61E+00,-4.96E+00,-2.95E+00,-2.434E+00
2,16/2/2026,19:08:00.379,-0.047E+00,-0.047E+00,+0.000E+00,-0.188E+00,+7.60E+00,-5.05E+00,-2.82E+00,-2.480E+00
2,16/2/2026,19:08:00.379,-0.047E+00,-0.047E+00,+0.000E+00,-0.188E+00,+7.60E+00,-5.14E+00,-2.72E+00,-2.533E+00
2,16/2/2026,19:08:00.379,-0.047E+00,-0.047E+00,-0.047E+00,-0.141E+00,+7.60E+00,-5.25E+00,-2.61E+00,-2.587E+00
2,16/2/2026,19:08:00.379,-0.047E+00,-0.047E+00,-0.047E+00,-0.188E+00,+7.60E+00,-5.36E+00,-2.49E+00,-2.632E+00
2,16/2/2026,19:08:00.379,-0.047E+00,-0.047E+00,-0.047E+00,-0.188E+00,+7.60E+00,-5.45E+00,-2.38E+00,-2.678E+00
2,16/2/2026,19:08:00.379,-0.047E+00,-0.047E+00,-0.047E+00,-0.188E+00,+7.58E+00,-5.54E+00,-2.26E+00,-2.732E+00
2,16/2/2026,19:08:00.379,-0.047E+00,-0.047E+00,-0.047E+00,-0.188E+00,+7.57E+00,-5.63E+00,-2.15E+00,-2.777E+00
2,16/2/2026,19:08:00.379,-0.047E+00,-0.047E+00,-0.047E+00,-0.188E+00,+7.55E+00,-5.72E+00,-2.04E+00,-2.823E+00
2,16/2/2026,19:08:00.379,-0.047E+00,-0.047E+00,-0.047E+00,-0.188E+00,+7.54E+00,-5.81E+00,-1.92E+00,-2.861E+00
2,16/2/2026,19:08:00.379,-0.047E+00,-0.047E+00,-0.047E+00,-0.188E+00,+7.51E+00,-5.89E+00,-1.82E+00,-2.907E+00
2,16/2/2026,19:08:00.379,-0.047E+00,-0.047E+00,-0.047E+00,-0.188E+00,+7.48E+00,-5.97E+00,-1.71E+00,-2.945E+00
2,16/2/2026,19:08:00.379,-0.047E+00,-0.047E+00,+0.000E+00,-0.188E+00,+7.45E+00,-6.04E+00,-1.59E+00,-2.991E+00
2,16/2/2026,19:08:00.379,-0.047E+00,-0.047E+00,-0.047E+00,-0.188E+00,+7.40E+00,-6.12E+00,-1.46E+00,-3.022E+00
2,16/2/2026,19:08:00.379,-0.047E+00,-0.047E+00,-0.047E+00,-0.188E+00,+7.37E+00,-6.20E+00,-1.34E+00,-3.052E+00
2,16/2/2026,19:08:00.379,+0.000E+00,-0.047E+00,+0.000E+00,-0.188E+00,+7.32E+00,-6.27E+00,-1.22E+00,-3.090E+00
2,16/2/2026,19:08:00.380,-0.047E+00,-0.047E+00,+0.000E+00,-0.188E+00,+7.28E+00,-6.33E+00,-1.10E+00,-3.128E+00
2,16/2/2026,19:08:00.380,-0.047E+00,-0.047E+00,+0.000E+00,-0.188E+00,+7.23E+00,-6.39E+00,-0.98E+00,-3.159E+00
2,16/2/2026,19:08:00.380,+0.000E+00,-0.047E+00,+0.000E+00,-0.188E+00,+7.17E+00,-6.47E+00,-0.85E+00,-3.197E+00
2,16/2/2026,19:08:00.380,+0.000E+00,-0.047E+00,-0.047E+00,-0.188E+00,+7.13E+00,-6.53E+00,-0.75E+00,-3.228E+00
2,16/2/2026,19:08:00.380,-0.047E+00,-0.047E+00,-0.047E+00,-0.188E+00,+7.07E+00,-6.59E+00,-0.61E+00,-3.258E+00
2,16/2/2026,19:08:00.380,-0.047E+00,-0.047E+00,-0.047E+00,-0.188E+00,+7.00E+00,-6.65E+00,-0.49E+00,-3.289E+00
2,16/2/2026,19:08:00.380,+0.000E+00,-0.047E+00,-0.047E+00,-0.188E+00,+6.94E+00,-6.71E+00,-0.37E+00,-3.319E+00
2,16/2/2026,19:08:00.380,-0.047E+00,-0.047E+00,-0.047E+00,-0.188E+00,+6.87E+00,-6.78E+00,-0.24E+00,-3.350E+00
2,16/2/2026,19:08:00.380,-0.047E+00,-0.047E+00,-0.047E+00,-0.188E+00,+6.81E+00,-6.84E+00,-0.14E+00,-3.380E+00
2,16/2/2026,19:08:00.380,-0.047E+00,-0.047E+00,-0.047E+00,-0.188E+00,+6.73E+00,-6.90E+00,-0.02E+00,-3.411E+00
2,16/2/2026,19:08:00.380,-0.047E+00,-0.047E+00,-0.047E+00,-0.188E+00,+6.65E+00,-6.94E+00,+0.11E+00,-3.434E+00
2,16/2/2026,19:08:00.380,-0.047E+00,-0.047E+00,-0.047E+00,-0.188E+00,+6.58E+00,-6.99E+00,+0.23E+00,-3.456E+00
2,16/2/2026,19:08:00.380,-0.047E+00,-0.047E+00,+0.000E+00,-0.188E+00,+6.49E+00,-7.05E+00,+0.34E+00,-3.487E+00
2,16/2/2026,19:08:00.380,-0.047E+00,-0.047E+00,+0.000E+00,-0.188E+00,+6.41E+00,-7.10E+00,+0.46E+00,-3.510E+00
2,16/2/2026,19:08:00.380,-0.047E+00,-0.047E+00,+0.000E+00,-0.188E+00,+6.33E+00,-7.14E+00,+0.58E+00,-3.533E+00
2,16/2/2026,19:08:00.380,-0.047E+00,-0.047E+00,+0.000E+00,-0.188E+00,+6.24E+00,-7.17E+00,+0.70E+00,-3.548E+00
2,16/2/2026,19:08:00.380,-0.047E+00,-0.047E+00,-0.047E+00,-0.188E+00,+6.15E+00,-7.22E+00,+0.82E+00,-3.563E+00
2,16/2/2026,19:08:00.380,+0.000E+00,-0.047E+00,-0.047E+00,-0.188E+00,+6.06E+00,-7.25E+00,+0.96E+00,-3.579E+00
2,16/2/2026,19:08:00.380,-0.047E+00,-0.047E+00,-0.047E+00,-0.188E+00,+5.98E+00,-7.29E+00,+1.08E+00,-3.601E+00
2,16/2/2026,19:08:00.380,-0.047E+00,-0.047E+00,-0.047E+00,-0.188E+00,+5.89E+00,-7.32E+00,+1.21E+00,-3.617E+00
2,16/2/2026,19:08:00.381,+0.000E+00,-0.047E+00,+0.000E+00,-0.188E+00,+5.80E+00,-7.36E+00,+1.33E+00,-3.624E+00
2,16/2/2026,19:08:00.381,+0.000E+00,-0.047E+00,+0.000E+00,-0.188E+00,+5.71E+00,-7.39E+00,+1.45E+00,-3.640E+00
2,16/2/2026,19:08:00.381,-0.047E+00,-0.047E+00,-0.047E+00,-0.188E+00,+5.63E+00,-7.42E+00,+1.57E+00,-3.662E+00
2,16/2/2026,19:08:00.381,-0.047E+00,-0.047E+00,-0.047E+00,-0.188E+00,+5.54E+00,-7.45E+00,+1.69E+00,-3.678E+00
2,16/2/2026,19:08:00.381,+0.000E+00,-0.047E+00,-0.047E+00,-0.188E+00,+5.45E+00,-7.48E+00,+1.82E+00,-3.685E+00
2,16/2/2026,19:08:00.381,-0.047E+00,-0.047E+00,+0.000E+00,-0.188E+00,+5.37E+00,-7.51E+00,+1.94E+00,-3.693E+00
2,16/2/2026,19:08:00.381,-0.047E+00,-0.047E+00,+0.000E+00,-0.188E+00,+5.28E+00,-7.52E+00,+2.04E+00,-3.708E+00
2,16/2/2026,19:08:00.381,-0.047E+00,-0.047E+00,-0.047E+00,-0.188E+00,+5.19E+00,-7.55E+00,+2.17E+00,-3.723E+00
2,16/2/2026,19:08:00.381,-0.047E+00,-0.047E+00,-0.047E+00,-0.188E+00,+5.10E+00,-7.57E+00,+2.27E+00,-3.731E+00
2,16/2/2026,19:08:00.381,-0.047E+00,-0.047E+00,-0.047E+00,-0.188E+00,+5.01E+00,-7.60E+00,+2.40E+00,-3.746E+00
2,16/2/2026,19:08:00.381,+0.000E+00,-0.047E+00,+0.000E+00,-0.188E+00,+4.91E+00,-7.61E+00,+2.50E+00,-3.754E+00
2,16/2/2026,19:08:00.381,-0.047E+00,-0.047E+00,+0.000E+00,-0.188E+00,+4.82E+00,-7.65E+00,+2.62E+00,-3.762E+00
2,16/2/2026,19:08:00.381,-0.047E+00,-0.047E+00,+0.000E+00,-0.188E+00,+4.73E+00,-7.66E+00,+2.73E+00,-3.777E+00
2,16/2/2026,19:08:00.381,-0.047E+00,-0.047E+00,-0.047E+00,-0.188E+00,+4.64E+00,-7.68E+00,+2.84E+00,-3.785E+00
2,16/2/2026,19:08:00.381,-0.047E+00,-0.047E+00,-0.047E+00,-0.188E+00,+4.55E+00,-7.69E+00,+2.95E+00,-3.792E+00
2,16/2/2026,19:08:00.381,-0.047E+00,-0.047E+00,-0.047E+00,-0.188E+00,+4.46E+00,-7.71E+00,+3.07E+00,-3.800E+00
2,16/2/2026,19:08:00.381,-0.047E+00,-0.047E+00,-0.047E+00,-0.188E+00,+4.36E+00,-7.72E+00,+3.17E+00,-3.800E+00
2,16/2/2026,19:08:00.381,-0.047E+00,-0.047E+00,-0.047E+00,-0.188E+00,+4.27E+00,-7.74E+00,+3.28E+00,-3.807E+00
2,16/2/2026,19:08:00.381,-0.047E+00,-0.047E+00,+0.000E+00,-0.188E+00,+4.18E+00,-7.75E+00,+3.39E+00,-3.815E+00
2,16/2/2026,19:08:00.381,+0.000E+00,-0.047E+00,-0.047E+00,-0.188E+00,+4.09E+00,-7.77E+00,+3.49E+00,-3.823E+00
2,16/2/2026,19:08:00.382,-0.047E+00,-0.047E+00,-0.047E+00,-0.188E+00,+3.98E+00,-7.77E+00,+3.59E+00,-3.823E+00
2,16/2/2026,19:08:00.382,-0.047E+00,-0.047E+00,+0.000E+00,-0.188E+00,+3.89E+00,-7.78E+00,+3.69E+00,-3.830E+00
2,16/2/2026,19:08:00.382,-0.047E+00,-0.047E+00,-0.047E+00,-0.188E+00,+3.78E+00,-7.80E+00,+3.80E+00,-3.830E+00
2,16/2/2026,19:08:00.382,-0.047E+00,-0.047E+00,-0.047E+00,-0.235E+00,+3.68E+00,-7.80E+00,+3.91E+00,-3.830E+00
2,16/2/2026,19:08:00.382,-0.047E+00,-0.047E+00,-0.047E+00,-0.235E+00,+3.59E+00,-7.81E+00,+4.01E+00,-3.838E+00
2,16/2/2026,19:08:00.382,-0.047E+00,-0.047E+00,+0.000E+00,-0.188E+00,+3.48E+00,-7.81E+00,+4.10E+00,-3.838E+00
2,16/2/2026,19:08:00.382,-0.047E+00,-0.047E+00,+0.000E+00,-0.188E+00,+3.37E+00,-7.81E+00,+4.21E+00,-3.838E+00
2,16/2/2026,19:08:00.382,-0.047E+00,-0.047E+00,-0.047E+00,-0.188E+00,+3.27E+00,-7.83E+00,+4.30E+00,-3.838E+00
2,16/2/2026,19:08:00.382,-0.047E+00,-0.047E+00,+0.000E+00,-0.188E+00,+3.17E+00,-7.83E+00,+4.41E+00,-3.846E+00
2,16/2/2026,19:08:00.382,-0.047E+00,-0.047E+00,+0.000E+00,-0.188E+00,+3.07E+00,-7.83E+00,+4.52E+00,-3.846E+00
2,16/2/2026,19:08:00.382,+0.000E+00,-0.047E+00,-0.047E+00,-0.188E+00,+2.95E+00,-7.83E+00,+4.61E+00,-3.846E+00
2,16/2/2026,19:08:00.382,-0.047E+00,-0.047E+00,-0.047E+00,-0.188E+00,+2.85E+00,-7.83E+00,+4.72E+00,-3.838E+00
2,16/2/2026,19:08:00.382,-0.047E+00,-0.047E+00,+0.000E+00,-0.188E+00,+2.75E+00,-7.84E+00,+4.81E+00,-3.838E+00
2,16/2/2026,19:08:00.382,+0.000E+00,-0.047E+00,-0.047E+00,-0.188E+00,+2.62E+00,-7.83E+00,+4.91E+00,-3.838E+00
2,16/2/2026,19:08:00.382,-0.047E+00,-0.047E+00,-0.047E+00,-0.188E+00,+2.52E+00,-7.83E+00,+5.01E+00,-3.838E+00
2,16/2/2026,19:08:00.382,-0.047E+00,-0.047E+00,-0.047E+00,-0.188E+00,+2.40E+00,-7.83E+00,+5.10E+00,-3.830E+00
2,16/2/2026,19:08:00.382,-0.047E+00,-0.047E+00,+0.000E+00,-0.188E+00,+2.29E+00,-7.83E+00,+5.19E+00,-3.823E+00
2,16/2/2026,19:08:00.382,+0.000E+00,-0.047E+00,-0.047E+00,-0.188E+00,+2.18E+00,-7.81E+00,+5.28E+00,-3.815E+00
2,16/2/2026,19:08:00.382,-0.047E+00,-0.047E+00,-0.047E+00,-0.188E+00,+2.06E+00,-7.80E+00,+5.39E+00,-3.807E+00
2,16/2/2026,19:08:00.382,-0.047E+00,-0.047E+00,-0.047E+00,-0.188E+00,+1.95E+00,-7.78E+00,+5.46E+00,-3.800E+00
2,16/2/2026,19:08:00.383,-0.047E+00,-0.047E+00,-0.047E+00,-0.188E+00,+1.83E+00,-7.74E+00,+5.54E+00,-3.777E+00
2,16/2/2026,19:08:00.383,-0.047E+00,-0.047E+00,+0.000E+00,-0.188E+00,+1.72E+00,-7.69E+00,+5.62E+00,-3.762E+00
2,16/2/2026,19:08:00.383,-0.047E+00,-0.047E+00,+0.000E+00,-0.188E+00,+1.60E+00,-7.66E+00,+5.71E+00,-3.731E+00
2,16/2/2026,19:08:00.383,-0.047E+00,-0.047E+00,-0.047E+00,-0.188E+00,+1.48E+00,-7.61E+00,+5.78E+00,-3.708E+00
2,16/2/2026,19:08:00.383,-0.047E+00,-0.047E+00,+0.000E+00,-0.188E+00,+1.37E+00,-7.55E+00,+5.84E+00,-3.685E+00
2,16/2/2026,19:08:00.383,-0.047E+00,-0.047E+00,+0.000E+00,-0.188E+00,+1.25E+00,-7.51E+00,+5.92E+00,-3.655E+00
2,16/2/2026,19:08:00.383,-0.047E+00,-0.047E+00,-0.047E+00,-0.188E+00,+1.13E+00,-7.46E+00,+6.00E+00,-3.632E+00
2,16/2/2026,19:08:00.383,-0.047E+00,-0.047E+00,-0.047E+00,-0.188E+00,+1.01E+00,-7.42E+00,+6.06E+00,-3.601E+00
2,16/2/2026,19:08:00.383,-0.047E+00,-0.047E+00,-0.047E+00,-0.188E+00,+0.89E+00,-7.36E+00,+6.12E+00,-3.579E+00
2,16/2/2026,19:08:00.383,-0.047E+00,-0.047E+00,-0.047E+00,-0.188E+00,+0.76E+00,-7.31E+00,+6.18E+00,-3.548E+00
2,16/2/2026,19:08:00.383,-0.047E+00,-0.047E+00,+0.000E+00,-0.188E+00,+0.63E+00,-7.25E+00,+6.24E+00,-3.517E+00
2,16/2/2026,19:08:00.383,-0.047E+00,-0.047E+00,-0.047E+00,-0.188E+00,+0.50E+00,-7.17E+00,+6.30E+00,-3.479E+00
2,16/2/2026,19:08:00.383,-0.047E+00,-0.047E+00,-0.047E+00,-0.188E+00,+0.37E+00,-7.11E+00,+6.35E+00,-3.449E+00
2,16/2/2026,19:08:00.383,-0.047E+00,-0.047E+00,+0.000E+00,-0.188E+00,+0.24E+00,-7.03E+00,+6.41E+00,-3.403E+00
2,16/2/2026,19:08:00.383,-0.047E+00,-0.047E+00,+0.000E+00,-0.188E+00,+0.12E+00,-6.96E+00,+6.46E+00,-3.365E+00
2,16/2/2026,19:08:00.383,-0.047E+00,-0.047E+00,-0.047E+00,-0.188E+00,+0.00E+00,-6.87E+00,+6.52E+00,-3.327E+00
2,16/2/2026,19:08:00.383,-0.047E+00,-0.047E+00,-0.047E+00,-0.188E+00,-0.12E+00,-6.79E+00,+6.56E+00,-3.289E+00
2,16/2/2026,19:08:00.383,-0.047E+00,-0.047E+00,+0.000E+00,-0.188E+00,-0.24E+00,-6.70E+00,+6.61E+00,-3.243E+00
2,16/2/2026,19:08:00.383,-0.047E+00,-0.047E+00,-0.047E+00,-0.188E+00,-0.35E+00,-6.62E+00,+6.67E+00,-3.197E+00
2,16/2/2026,19:08:00.383,-0.047E+00,-0.047E+00,-0.047E+00,-0.188E+00,-0.47E+00,-6.55E+00,+6.71E+00,-3.159E+00
2,16/2/2026,19:08:00.384,-0.047E+00,-0.047E+00,-0.047E+00,-0.188E+00,-0.60E+00,-6.46E+00,+6.76E+00,-3.113E+00
2,16/2/2026,19:08:00.384,-0.047E+00,-0.047E+00,+0.000E+00,-0.188E+00,-0.72E+00,-6.36E+00,+6.81E+00,-3.075E+00
2,16/2/2026,19:08:00.384,-0.047E+00,-0.047E+00,+0.000E+00,-0.188E+00,-0.84E+00,-6.29E+00,+6.85E+00,-3.029E+00
2,16/2/2026,19:08:00.384,-0.047E+00,-0.047E+00,+0.000E+00,-0.188E+00,-0.96E+00,-6.20E+00,+6.90E+00,-2.983E+00
2,16/2/2026,19:08:00.384,-0.047E+00,-0.047E+00,-0.047E+00,-0.188E+00,-1.10E+00,-6.10E+00,+6.93E+00,-2.945E+00
2,16/2/2026,19:08:00.384,-0.047E+00,-0.047E+00,-0.047E+00,-0.188E+00,-1.22E+00,-6.01E+00,+6.96E+00,-2.899E+00
2,16/2/2026,19:08:00.384,-0.047E+00,-0.047E+00,-0.047E+00,-0.188E+00,-1.34E+00,-5.94E+00,+7.00E+00,-2.854E+00
2,16/2/2026,19:08:00.384,-0.047E+00,-0.047E+00,+0.000E+00,-0.188E+00,-1.45E+00,-5.84E+00,+7.03E+00,-2.816E+00
2,16/2/2026,19:08:00.384,-0.047E+00,-0.047E+00,+0.000E+00,-0.188E+00,-1.57E+00,-5.77E+00,+7.08E+00,-2.770E+00
2,16/2/2026,19:08:00.384,-0.047E+00,-0.047E+00,+0.000E+00,-0.188E+00,-1.69E+00,-5.68E+00,+7.11E+00,-2.724E+00
2,16/2/2026,19:08:00.384,+0.000E+00,-0.047E+00,-0.047E+00,-0.188E+00,-1.80E+00,-5.59E+00,+7.14E+00,-2.678E+00
2,16/2/2026,19:08:00.384,-0.047E+00,-0.047E+00,+0.000E+00,-0.188E+00,-1.92E+00,-5.51E+00,+7.16E+00,-2.640E+00
2,16/2/2026,19:08:00.384,-0.047E+00,-0.047E+00,+0.000E+00,-0.188E+00,-2.04E+00,-5.42E+00,+7.19E+00,-2.594E+00
2,16/2/2026,19:08:00.384,-0.047E+00,-0.047E+00,+0.000E+00,-0.188E+00,-2.15E+00,-5.33E+00,+7.22E+00,-2.556E+00
2,16/2/2026,19:08:00.384,-0.047E+00,-0.047E+00,-0.047E+00,-0.188E+00,-2.27E+00,-5.23E+00,+7.23E+00,-2.510E+00
2,16/2/2026,19:08:00.384,-0.047E+00,-0.047E+00,-0.047E+00,-0.188E+00,-2.38E+00,-5.16E+00,+7.26E+00,-2.465E+00
2,16/2/2026,19:08:00.384,-0.047E+00,-0.047E+00,-0.047E+00,-0.235E+00,-2.50E+00,-5.07E+00,+7.28E+00,-2.419E+00
2,16/2/2026,19:08:00.384,-0.047E+00,-0.047E+00,+0.000E+00,-0.188E+00,-2.61E+00,-4.97E+00,+7.31E+00,-2.373E+00
2,16/2/2026,19:08:00.384,-0.047E+00,-0.047E+00,+0.000E+00,-0.188E+00,-2.72E+00,-4.88E+00,+7.32E+00,-2.335E+00
2,16/2/2026,19:08:00.384,-0.047E+00,-0.047E+00,-0.047E+00,-0.188E+00,-2.82E+00,-4.79E+00,+7.36E+00,-2.281E+00
2,16/2/2026,19:08:00.385,-0.047E+00,-0.047E+00,-0.047E+00,-0.188E+00,-2.95E+00,-4.70E+00,+7.37E+00,-2.236E+00
2,16/2/2026,19:08:00.385,-0.047E+00,-0.047E+00,-0.047E+00,-0.235E+00,-3.05E+00,-4.61E+00,+7.39E+00,-2.190E+00
2,16/2/2026,19:08:00.385,-0.047E+00,-0.047E+00,-0.047E+00,-0.188E+00,-3.16E+00,-4.50E+00,+7.40E+00,-2.144E+00
2,16/2/2026,19:08:00.385,-0.047E+00,-0.047E+00,-0.047E+00,-0.188E+00,-3.27E+00,-4.41E+00,+7.42E+00,-2.098E+00
2,16/2/2026,19:08:00.385,-0.047E+00,-0.047E+00,-0.047E+00,-0.188E+00,-3.37E+00,-4.32E+00,+7.43E+00,-2.045E+00
2,16/2/2026,19:08:00.385,+0.000E+00,-0.047E+00,+0.000E+00,-0.188E+00,-3.48E+00,-4.21E+00,+7.45E+00,-1.991E+00
2,16/2/2026,19:08:00.385,+0.000E+00,-0.047E+00,+0.000E+00,-0.188E+00,-3.59E+00,-4.12E+00,+7.45E+00,-1.946E+00
2,16/2/2026,19:08:00.385,-0.047E+00,-0.047E+00,+0.000E+00,-0.188E+00,-3.68E+00,-4.01E+00,+7.46E+00,-1.892E+00
2,16/2/2026,19:08:00.385,-0.047E+00,-0.047E+00,-0.047E+00,-0.188E+00,-3.78E+00,-3.91E+00,+7.48E+00,-1.846E+00
2,16/2/2026,19:08:00.385,-0.047E+00,-0.047E+00,-0.047E+00,-0.188E+00,-3.89E+00,-3.82E+00,+7.48E+00,-1.793E+00
2,16/2/2026,19:08:00.385,+0.000E+00,-0.047E+00,+0.000E+00,-0.188E+00,-4.00E+00,-3.71E+00,+7.49E+00,-1.740E+00
2,16/2/2026,19:08:00.385,-0.047E+00,-0.047E+00,-0.047E+00,-0.188E+00,-4.10E+00,-3.60E+00,+7.51E+00,-1.686E+00
2,16/2/2026,19:08:00.385,-0.047E+00,-0.047E+00,-0.047E+00,-0.188E+00,-4.21E+00,-3.49E+00,+7.51E+00,-1.640E+00
2,16/2/2026,19:08:00.385,+0.000E+00,-0.047E+00,-0.047E+00,-0.188E+00,-4.30E+00,-3.39E+00,+7.52E+00,-1.587E+00
2,16/2/2026,19:08:00.385,-0.047E+00,-0.047E+00,-0.047E+00,-0.188E+00,-4.41E+00,-3.28E+00,+7.52E+00,-1.534E+00
2,16/2/2026,19:08:00.385,-0.047E+00,-0.047E+00,+0.000E+00,-0.188E+00,-4.52E+00,-3.17E+00,+7.52E+00,-1.480E+00
2,16/2/2026,19:08:00.385,-0.047E+00,-0.047E+00,+0.000E+00,-0.188E+00,-4.62E+00,-3.07E+00,+7.52E+00,-1.427E+00
2,16/2/2026,19:08:00.385,-0.047E+00,-0.047E+00,+0.000E+00,-0.188E+00,-4.72E+00,-2.95E+00,+7.54E+00,-1.373E+00
2,16/2/2026,19:08:00.385,-0.047E+00,-0.047E+00,+0.000E+00,-0.188E+00,-4.82E+00,-2.84E+00,+7.54E+00,-1.312E+00
2,16/2/2026,19:08:00.385,+0.000E+00,-0.047E+00,-0.047E+00,-0.188E+00,-4.93E+00,-2.73E+00,+7.54E+00,-1.259E+00
2,16/2/2026,19:08:00.386,-0.047E+00,-0.047E+00,+0.000E+00,-0.188E+00,-5.04E+00,-2.61E+00,+7.54E+00,-1.206E+00
2,16/2/2026,19:08:00.386,-0.047E+00,-0.047E+00,-0.047E+00,-0.188E+00,-5.13E+00,-2.50E+00,+7.54E+00,-1.152E+00
2,16/2/2026,19:08:00.386,+0.000E+00,-0.047E+00,-0.047E+00,-0.188E+00,-5.22E+00,-2.38E+00,+7.54E+00,-1.091E+00
2,16/2/2026,19:08:00.386,-0.047E+00,-0.047E+00,+0.000E+00,-0.188E+00,-5.31E+00,-2.27E+00,+7.55E+00,-1.038E+00
2,16/2/2026,19:08:00.386,-0.047E+00,-0.047E+00,+0.000E+00,-0.188E+00,-5.42E+00,-2.17E+00,+7.54E+00,-0.984E+00
2,16/2/2026,19:08:00.386,-0.047E+00,-0.047E+00,+0.000E+00,-0.188E+00,-5.51E+00,-2.04E+00,+7.54E+00,-0.931E+00
2,16/2/2026,19:08:00.386,-0.047E+00,-0.047E+00,-0.047E+00,-0.188E+00,-5.60E+00,-1.92E+00,+7.52E+00,-0.870E+00
2,16/2/2026,19:08:00.386,-0.047E+00,-0.047E+00,-0.047E+00,-0.188E+00,-5.68E+00,-1.80E+00,+7.51E+00,-0.816E+00
2,16/2/2026,19:08:00.386,-0.047E+00,-0.047E+00,-0.047E+00,-0.188E+00,-5.77E+00,-1.68E+00,+7.49E+00,-0.755E+00
2,16/2/2026,19:08:00.386,-0.047E+00,-0.047E+00,-0.047E+00,-0.235E+00,-5.84E+00,-1.56E+00,+7.46E+00,-0.694E+00
2,16/2/2026,19:08:00.386,-0.047E+00,-0.047E+00,+0.000E+00,-0.235E+00,-5.92E+00,-1.43E+00,+7.42E+00,-0.633E+00
2,16/2/2026,19:08:00.386,-0.047E+00,-0.047E+00,+0.000E+00,-0.188E+00,-6.00E+00,-1.33E+00,+7.37E+00,-0.580E+00
2,16/2/2026,19:08:00.386,-0.047E+00,-0.047E+00,+0.000E+00,-0.188E+00,-6.06E+00,-1.21E+00,+7.31E+00,-0.519E+00
2,16/2/2026,19:08:00.386,+0.000E+00,-0.047E+00,+0.000E+00,-0.188E+00,-6.13E+00,-1.08E+00,+7.26E+00,-0.465E+00
2,16/2/2026,19:08:00.386,+0.000E+00,-0.047E+00,-0.047E+00,-0.188E+00,-6.21E+00,-0.96E+00,+7.20E+00,-0.404E+00
2,16/2/2026,19:08:00.386,-0.047E+00,-0.047E+00,-0.047E+00,-0.188E+00,-6.27E+00,-0.84E+00,+7.14E+00,-0.343E+00
2,16/2/2026,19:08:00.386,-0.047E+00,-0.047E+00,-0.047E+00,-0.188E+00,-6.33E+00,-0.73E+00,+7.08E+00,-0.290E+00
2,16/2/2026,19:08:00.386,-0.047E+00,-0.047E+00,-0.047E+00,-0.188E+00,-6.41E+00,-0.63E+00,+7.02E+00,-0.229E+00
2,16/2/2026,19:08:00.386,-0.047E+00,-0.047E+00,-0.047E+00,-0.188E+00,-6.47E+00,-0.49E+00,+6.96E+00,-0.168E+00
2,16/2/2026,19:08:00.386,-0.047E+00,-0.047E+00,+0.000E+00,-0.188E+00,-6.52E+00,-0.38E+00,+6.90E+00,-0.114E+00
2,16/2/2026,19:08:00.387,+0.000E+00,-0.047E+00,+0.000E+00,-0.188E+00,-6.58E+00,-0.26E+00,+6.84E+00,-0.053E+00
2,16/2/2026,19:08:00.387,-0.047E+00,-0.047E+00,-0.047E+00,-0.188E+00,-6.64E+00,-0.14E+00,+6.78E+00,+0.008E+00
2,16/2/2026,19:08:00.387,-0.047E+00,-0.047E+00,-0.047E+00,-0.188E+00,-6.68E+00,-0.02E+00,+6.71E+00,+0.069E+00
2,16/2/2026,19:08:00.387,+0.000E+00,-0.047E+00,+0.000E+00,-0.188E+00,-6.73E+00,+0.11E+00,+6.64E+00,+0.130E+00
2,16/2/2026,19:08:00.387,-0.047E+00,-0.047E+00,+0.000E+00,-0.188E+00,-6.78E+00,+0.23E+00,+6.56E+00,+0.183E+00
2,16/2/2026,19:08:00.387,-0.047E+00,-0.047E+00,+0.000E+00,-0.188E+00,-6.81E+00,+0.35E+00,+6.49E+00,+0.244E+00
2,16/2/2026,19:08:00.387,-0.047E+00,-0.047E+00,+0.000E+00,-0.188E+00,-6.85E+00,+0.47E+00,+6.41E+00,+0.313E+00
2,16/2/2026,19:08:00.387,-0.047E+00,-0.047E+00,+0.000E+00,-0.188E+00,-6.90E+00,+0.60E+00,+6.32E+00,+0.374E+00
2,16/2/2026,19:08:00.387,-0.047E+00,-0.047E+00,-0.047E+00,-0.188E+00,-6.93E+00,+0.72E+00,+6.23E+00,+0.427E+00
2,16/2/2026,19:08:00.387,-0.047E+00,-0.047E+00,-0.047E+00,-0.188E+00,-6.96E+00,+0.84E+00,+6.13E+00,+0.488E+00
2,16/2/2026,19:08:00.387,-0.047E+00,-0.047E+00,+0.000E+00,-0.188E+00,-7.00E+00,+0.96E+00,+6.04E+00,+0.557E+00
2,16/2/2026,19:08:00.387,-0.047E+00,-0.047E+00,+0.000E+00,-0.188E+00,-7.03E+00,+1.08E+00,+5.97E+00,+0.618E+00
2,16/2/2026,19:08:00.387,-0.047E+00,-0.047E+00,-0.047E+00,-0.188E+00,-7.07E+00,+1.21E+00,+5.88E+00,+0.679E+00
2,16/2/2026,19:08:00.387,-0.047E+00,-0.047E+00,-0.047E+00,-0.188E+00,-7.10E+00,+1.33E+00,+5.80E+00,+0.740E+00
2,16/2/2026,19:08:00.387,-0.047E+00,-0.047E+00,-0.047E+00,-0.188E+00,-7.14E+00,+1.46E+00,+5.71E+00,+0.794E+00
2,16/2/2026,19:08:00.387,+0.000E+00,-0.047E+00,-0.047E+00,-0.188E+00,-7.17E+00,+1.59E+00,+5.62E+00,+0.855E+00
2,16/2/2026,19:08:00.387,-0.047E+00,-0.047E+00,-0.047E+00,-0.188E+00,-7.20E+00,+1.71E+00,+5.54E+00,+0.916E+00
2,16/2/2026,19:08:00.387,-0.047E+00,-0.047E+00,-0.047E+00,-0.188E+00,-7.23E+00,+1.83E+00,+5.45E+00,+0.977E+00
2,16/2/2026,19:08:00.387,-0.047E+00,-0.047E+00,-0.047E+00,-0.188E+00,-7.26E+00,+1.95E+00,+5.36E+00,+1.038E+00
2,16/2/2026,19:08:00.387,-0.047E+00,-0.047E+00,-0.047E+00,-0.188E+00,-7.29E+00,+2.06E+00,+5.28E+00,+1.091E+00
2,16/2/2026,19:08:00.388,-0.047E+00,-0.047E+00,+0.000E+00,-0.188E+00,-7.32E+00,+2.18E+00,+5.19E+00,+1.152E+00
2,16/2/2026,19:08:00.388,-0.047E+00,-0.047E+00,-0.047E+00,-0.188E+00,-7.36E+00,+2.30E+00,+5.11E+00,+1.213E+00
2,16/2/2026,19:08:00.388,-0.047E+00,-0.047E+00,-0.047E+00,-0.188E+00,-7.37E+00,+2.43E+00,+5.02E+00,+1.274E+00
2,16/2/2026,19:08:00.388,-0.047E+00,-0.047E+00,-0.047E+00,-0.188E+00,-7.40E+00,+2.55E+00,+4.93E+00,+1.328E+00
2,16/2/2026,19:08:00.388,+0.000E+00,-0.047E+00,-0.047E+00,-0.141E+00,-7.42E+00,+2.66E+00,+4.84E+00,+1.389E+00
2,16/2/2026,19:08:00.388,-0.047E+00,-0.047E+00,+0.000E+00,-0.188E+00,-7.45E+00,+2.78E+00,+4.75E+00,+1.442E+00
2,16/2/2026,19:08:00.388,-0.047E+00,-0.047E+00,+0.000E+00,-0.188E+00,-7.46E+00,+2.88E+00,+4.64E+00,+1.495E+00
2,16/2/2026,19:08:00.388,-0.047E+00,-0.047E+00,-0.047E+00,-0.188E+00,-7.48E+00,+2.99E+00,+4.55E+00,+1.557E+00
2,16/2/2026,19:08:00.388,-0.047E+00,-0.047E+00,-0.047E+00,-0.188E+00,-7.49E+00,+3.11E+00,+4.46E+00,+1.610E+00
2,16/2/2026,19:08:00.388,-0.047E+00,-0.047E+00,-0.047E+00,-0.188E+00,-7.52E+00,+3.22E+00,+4.35E+00,+1.663E+00
2,16/2/2026,19:08:00.388,-0.047E+00,-0.047E+00,-0.047E+00,-0.188E+00,-7.54E+00,+3.33E+00,+4.26E+00,+1.717E+00
2,16/2/2026,19:08:00.388,-0.047E+00,-0.047E+00,-0.047E+00,-0.188E+00,-7.54E+00,+3.43E+00,+4.17E+00,+1.770E+00
2,16/2/2026,19:08:00.388,-0.047E+00,-0.047E+00,-0.047E+00,-0.188E+00,-7.57E+00,+3.54E+00,+4.07E+00,+1.824E+00
2,16/2/2026,19:08:00.388,-0.047E+00,-0.047E+00,+0.000E+00,-0.188E+00,-7.57E+00,+3.65E+00,+3.97E+00,+1.877E+00
2,16/2/2026,19:08:00.388,-0.047E+00,-0.047E+00,+0.000E+00,-0.188E+00,-7.58E+00,+3.75E+00,+3.88E+00,+1.930E+00
2,16/2/2026,19:08:00.388,-0.047E+00,-0.047E+00,-0.047E+00,-0.188E+00,-7.60E+00,+3.85E+00,+3.77E+00,+1.984E+00
2,16/2/2026,19:08:00.388,+0.000E+00,-0.047E+00,-0.047E+00,-0.188E+00,-7.60E+00,+3.95E+00,+3.68E+00,+2.030E+00
2,16/2/2026,19:08:00.388,+0.000E+00,-0.047E+00,-0.047E+00,-0.188E+00,-7.61E+00,+4.06E+00,+3.57E+00,+2.083E+00
2,16/2/2026,19:08:00.388,-0.047E+00,-0.047E+00,-0.047E+00,-0.188E+00,-7.61E+00,+4.17E+00,+3.46E+00,+2.136E+00
2,16/2/2026,19:08:00.388,-0.047E+00,+0.000E+00,-0.047E+00,-0.188E+00,-7.63E+00,+4.26E+00,+3.36E+00,+2.182E+00
2,16/2/2026,19:08:00.389,-0.047E+00,-0.047E+00,-0.047E+00,-0.188E+00,-7.63E+00,+4.36E+00,+3.25E+00,+2.236E+00
2,16/2/2026,19:08:00.389,-0.047E+00,-0.047E+00,-0.047E+00,-0.188E+00,-7.63E+00,+4.46E+00,+3.14E+00,+2.281E+00
2,16/2/2026,19:08:00.389,-0.047E+00,-0.047E+00,-0.047E+00,-0.188E+00,-7.63E+00,+4.56E+00,+3.05E+00,+2.335E+00
2,16/2/2026,19:08:00.389,-0.047E+00,-0.047E+00,-0.047E+00,-0.188E+00,-7.65E+00,+4.65E+00,+2.93E+00,+2.388E+00
2,16/2/2026,19:08:00.389,-0.047E+00,-0.047E+00,-0.047E+00,-0.188E+00,-7.65E+00,+4.76E+00,+2.82E+00,+2.434E+00
2,16/2/2026,19:08:00.389,-0.047E+00,-0.047E+00,-0.047E+00,-0.188E+00,-7.63E+00,+4.87E+00,+2.72E+00,+2.487E+00
2,16/2/2026,19:08:00.389,-0.047E+00,-0.047E+00,-0.047E+00,-0.188E+00,-7.63E+00,+4.96E+00,+2.61E+00,+2.533E+00
2,16/2/2026,19:08:00.389,-0.047E+00,-0.047E+00,-0.047E+00,-0.235E+00,-7.63E+00,+5.05E+00,+2.50E+00,+2.587E+00
2,16/2/2026,19:08:00.389,-0.047E+00,-0.047E+00,+0.000E+00,-0.188E+00,-7.63E+00,+5.16E+00,+2.38E+00,+2.632E+00
2,16/2/2026,19:08:00.389,-0.047E+00,-0.047E+00,-0.047E+00,-0.188E+00,-7.63E+00,+5.25E+00,+2.27E+00,+2.686E+00
2,16/2/2026,19:08:00.389,-0.047E+00,-0.047E+00,-0.047E+00,-0.188E+00,-7.61E+00,+5.34E+00,+2.17E+00,+2.732E+00
2,16/2/2026,19:08:00.389,+0.000E+00,-0.047E+00,+0.000E+00,-0.188E+00,-7.60E+00,+5.43E+00,+2.04E+00,+2.777E+00
2,16/2/2026,19:08:00.389,-0.047E+00,-0.047E+00,-0.047E+00,-0.188E+00,-7.58E+00,+5.52E+00,+1.94E+00,+2.823E+00
2,16/2/2026,19:08:00.389,-0.047E+00,-0.047E+00,-0.047E+00,-0.188E+00,-7.57E+00,+5.62E+00,+1.83E+00,+2.861E+00
2,16/2/2026,19:08:00.389,+0.000E+00,-0.047E+00,-0.047E+00,-0.188E+00,-7.54E+00,+5.69E+00,+1.71E+00,+2.907E+00
2,16/2/2026,19:08:00.389,-0.047E+00,-0.047E+00,-0.047E+00,-0.188E+00,-7.51E+00,+5.77E+00,+1.59E+00,+2.945E+00
2,16/2/2026,19:08:00.389,-0.047E+00,-0.047E+00,-0.047E+00,-0.188E+00,-7.48E+00,+5.84E+00,+1.48E+00,+2.983E+00
2,16/2/2026,19:08:00.389,-0.047E+00,-0.047E+00,-0.047E+00,-0.188E+00,-7.43E+00,+5.92E+00,+1.36E+00,+3.022E+00
2,16/2/2026,19:08:00.389,-0.047E+00,-0.047E+00,-0.047E+00,-0.188E+00,-7.39E+00,+6.00E+00,+1.22E+00,+3.060E+00
2,16/2/2026,19:08:00.389,-0.047E+00,-0.047E+00,-0.047E+00,-0.188E+00,-7.34E+00,+6.06E+00,+1.11E+00,+3.090E+00
2,16/2/2026,19:08:00.390,-0.047E+00,-0.047E+00,+0.000E+00,-0.188E+00,-7.29E+00,+6.13E+00,+0.99E+00,+3.128E+00
2,16/2/2026,19:08:00.390,-0.047E+00,-0.047E+00,-0.047E+00,-0.188E+00,-7.25E+00,+6.21E+00,+0.87E+00,+3.166E+00
2,16/2/2026,19:08:00.390,+0.000E+00,-0.047E+00,-0.047E+00,-0.188E+00,-7.20E+00,+6.27E+00,+0.76E+00,+3.197E+00
2,16/2/2026,19:08:00.390,-0.047E+00,-0.047E+00,-0.047E+00,-0.188E+00,-7.16E+00,+6.33E+00,+0.64E+00,+3.228E+00
2,16/2/2026,19:08:00.390,-0.047E+00,-0.047E+00,-0.047E+00,-0.188E+00,-7.10E+00,+6.39E+00,+0.50E+00,+3.258E+00
2,16/2/2026,19:08:00.390,-0.047E+00,-0.047E+00,-0.047E+00,-0.235E+00,-7.03E+00,+6.46E+00,+0.38E+00,+3.289E+00
2,16/2/2026,19:08:00.390,-0.047E+00,-0.047E+00,-0.047E+00,-0.188E+00,-6.97E+00,+6.52E+00,+0.26E+00,+3.319E+00
2,16/2/2026,19:08:00.390,+0.000E+00,-0.047E+00,-0.047E+00,-0.188E+00,-6.90E+00,+6.58E+00,+0.14E+00,+3.350E+00
2,16/2/2026,19:08:00.390,-0.047E+00,-0.047E+00,+0.000E+00,-0.188E+00,-6.82E+00,+6.64E+00,+0.02E+00,+3.373E+00
2,16/2/2026,19:08:00.390,-0.047E+00,-0.047E+00,-0.047E+00,-0.188E+00,-6.75E+00,+6.70E+00,-0.09E+00,+3.403E+00
2,16/2/2026,19:08:00.390,+0.000E+00,-0.047E+00,-0.047E+00,-0.188E+00,-6.67E+00,+6.75E+00,-0.21E+00,+3.434E+00
2,16/2/2026,19:08:00.390,-0.047E+00,-0.047E+00,+0.000E+00,-0.188E+00,-6.59E+00,+6.79E+00,-0.34E+00,+3.456E+00
2,16/2/2026,19:08:00.390,-0.047E+00,-0.047E+00,-0.047E+00,-0.235E+00,-6.52E+00,+6.84E+00,-0.46E+00,+3.479E+00
2,16/2/2026,19:08:00.390,-0.047E+00,-0.047E+00,-0.047E+00,-0.188E+00,-6.44E+00,+6.90E+00,-0.58E+00,+3.502E+00
2,16/2/2026,19:08:00.390,-0.047E+00,-0.047E+00,-0.047E+00,-0.188E+00,-6.35E+00,+6.94E+00,-0.70E+00,+3.525E+00
2,16/2/2026,19:08:00.390,-0.047E+00,-0.047E+00,-0.047E+00,-0.188E+00,-6.26E+00,+6.97E+00,-0.82E+00,+3.540E+00
2,16/2/2026,19:08:00.390,-0.047E+00,-0.047E+00,-0.047E+00,-0.188E+00,-6.18E+00,+7.02E+00,-0.95E+00,+3.563E+00
2,16/2/2026,19:08:00.390,-0.047E+00,-0.047E+00,-0.047E+00,-0.235E+00,-6.09E+00,+7.07E+00,-1.05E+00,+3.579E+00
2,16/2/2026,19:08:00.390,-0.047E+00,-0.047E+00,+0.000E+00,-0.188E+00,-6.00E+00,+7.10E+00,-1.19E+00,+3.601E+00
2,16/2/2026,19:08:00.390,-0.047E+00,-0.047E+00,+0.000E+00,-0.188E+00,-5.91E+00,+7.13E+00,-1.31E+00,+3.617E+00
2,16/2/2026,19:08:00.391,+0.000E+00,-0.047E+00,+0.000E+00,-0.188E+00,-5.83E+00,+7.16E+00,-1.43E+00,+3.632E+00
2,16/2/2026,19:08:00.391,-0.047E+00,-0.047E+00,+0.000E+00,-0.188E+00,-5.74E+00,+7.19E+00,-1.56E+00,+3.640E+00
2,16/2/2026,19:08:00.391,-0.047E+00,-0.047E+00,-0.047E+00,-0.188E+00,-5.65E+00,+7.22E+00,-1.68E+00,+3.655E+00
2,16/2/2026,19:08:00.391,+0.000E+00,-0.047E+00,-0.047E+00,-0.188E+00,-5.57E+00,+7.25E+00,-1.80E+00,+3.670E+00
2,16/2/2026,19:08:00.391,-0.047E+00,-0.047E+00,-0.047E+00,-0.188E+00,-5.48E+00,+7.26E+00,-1.92E+00,+3.685E+00
2,16/2/2026,19:08:00.391,-0.047E+00,-0.047E+00,+0.000E+00,-0.188E+00,-5.39E+00,+7.29E+00,-2.04E+00,+3.693E+00
2,16/2/2026,19:08:00.391,+0.000E+00,-0.047E+00,+0.000E+00,-0.188E+00,-5.30E+00,+7.32E+00,-2.17E+00,+3.708E+00
2,16/2/2026,19:08:00.391,-0.047E+00,-0.047E+00,+0.000E+00,-0.188E+00,-5.20E+00,+7.36E+00,-2.27E+00,+3.723E+00
2,16/2/2026,19:08:00.391,-0.047E+00,-0.047E+00,-0.047E+00,-0.188E+00,-5.11E+00,+7.37E+00,-2.40E+00,+3.731E+00
2,16/2/2026,19:08:00.391,-0.047E+00,-0.047E+00,-0.047E+00,-0.188E+00,-5.04E+00,+7.40E+00,-2.50E+00,+3.739E+00
2,16/2/2026,19:08:00.391,-0.047E+00,-0.047E+00,+0.000E+00,-0.188E+00,-4.94E+00,+7.42E+00,-2.62E+00,+3.754E+00
2,16/2/2026,19:08:00.391,-0.047E+00,-0.047E+00,+0.000E+00,-0.188E+00,-4.85E+00,+7.43E+00,-2.73E+00,+3.762E+00
2,16/2/2026,19:08:00.391,-0.047E+00,-0.047E+00,-0.047E+00,-0.188E+00,-4.76E+00,+7.46E+00,-2.85E+00,+3.769E+00
2,16/2/2026,19:08:00.391,-0.047E+00,-0.047E+00,-0.047E+00,-0.188E+00,-4.65E+00,+7.48E+00,-2.96E+00,+3.777E+00
2,16/2/2026,19:08:00.391,-0.047E+00,-0.047E+00,-0.047E+00,-0.188E+00,-4.56E+00,+7.49E+00,-3.07E+00,+3.785E+00
2,16/2/2026,19:08:00.391,-0.047E+00,-0.047E+00,-0.047E+00,-0.188E+00,-4.47E+00,+7.51E+00,-3.17E+00,+3.792E+00
2,16/2/2026,19:08:00.391,-0.047E+00,-0.047E+00,-0.047E+00,-0.188E+00,-4.38E+00,+7.52E+00,-3.30E+00,+3.800E+00
2,16/2/2026,19:08:00.391,-0.047E+00,-0.047E+00,+0.000E+00,-0.188E+00,-4.29E+00,+7.54E+00,-3.40E+00,+3.807E+00
2,16/2/2026,19:08:00.391,-0.047E+00,-0.047E+00,+0.000E+00,-0.188E+00,-4.20E+00,+7.55E+00,-3.49E+00,+3.807E+00
2,16/2/2026,19:08:00.391,-0.047E+00,-0.047E+00,-0.047E+00,-0.188E+00,-4.10E+00,+7.55E+00,-3.60E+00,+3.815E+00
2,16/2/2026,19:08:00.392,+0.000E+00,-0.047E+00,-0.047E+00,-0.188E+00,-4.00E+00,+7.57E+00,-3.71E+00,+3.823E+00
2,16/2/2026,19:08:00.392,+0.000E+00,-0.047E+00,+0.000E+00,-0.188E+00,-3.91E+00,+7.58E+00,-3.82E+00,+3.823E+00
2,16/2/2026,19:08:00.392,-0.047E+00,-0.047E+00,+0.000E+00,-0.188E+00,-3.82E+00,+7.58E+00,-3.92E+00,+3.830E+00
2,16/2/2026,19:08:00.392,-0.047E+00,-0.047E+00,+0.000E+00,-0.188E+00,-3.71E+00,+7.58E+00,-4.03E+00,+3.830E+00
2,16/2/2026,19:08:00.392,-0.047E+00,-0.047E+00,+0.000E+00,-0.188E+00,-3.62E+00,+7.60E+00,-4.12E+00,+3.838E+00
2,16/2/2026,19:08:00.392,-0.047E+00,-0.047E+00,-0.047E+00,-0.188E+00,-3.51E+00,+7.61E+00,-4.23E+00,+3.838E+00
2,16/2/2026,19:08:00.392,-0.047E+00,-0.047E+00,-0.047E+00,-0.188E+00,-3.40E+00,+7.61E+00,-4.32E+00,+3.838E+00
2,16/2/2026,19:08:00.392,-0.047E+00,-0.047E+00,-0.047E+00,-0.188E+00,-3.30E+00,+7.61E+00,-4.43E+00,+3.838E+00
2,16/2/2026,19:08:00.392,-0.047E+00,-0.047E+00,-0.047E+00,-0.188E+00,-3.19E+00,+7.61E+00,-4.53E+00,+3.838E+00
2,16/2/2026,19:08:00.392,+0.000E+00,-0.047E+00,-0.047E+00,-0.188E+00,-3.08E+00,+7.61E+00,-4.62E+00,+3.838E+00
2,16/2/2026,19:08:00.392,+0.000E+00,-0.047E+00,+0.000E+00,-0.188E+00,-2.98E+00,+7.63E+00,-4.73E+00,+3.838E+00
2,16/2/2026,19:08:00.392,-0.047E+00,-0.047E+00,-0.047E+00,-0.188E+00,-2.87E+00,+7.63E+00,-4.82E+00,+3.838E+00
2,16/2/2026,19:08:00.392,-0.047E+00,-0.047E+00,-0.047E+00,-0.188E+00,-2.76E+00,+7.63E+00,-4.91E+00,+3.838E+00
2,16/2/2026,19:08:00.392,-0.047E+00,-0.047E+00,-0.047E+00,-0.188E+00,-2.64E+00,+7.63E+00,-5.02E+00,+3.838E+00
2,16/2/2026,19:08:00.392,-0.047E+00,-0.047E+00,-0.047E+00,-0.235E+00,-2.53E+00,+7.63E+00,-5.11E+00,+3.830E+00
2,16/2/2026,19:08:00.392,-0.047E+00,-0.047E+00,-0.047E+00,-0.188E+00,-2.43E+00,+7.61E+00,-5.20E+00,+3.830E+00
2,16/2/2026,19:08:00.392,-0.047E+00,-0.047E+00,-0.047E+00,-0.188E+00,-2.30E+00,+7.61E+00,-5.31E+00,+3.823E+00
2,16/2/2026,19:08:00.392,-0.047E+00,-0.047E+00,+0.000E+00,-0.188E+00,-2.20E+00,+7.60E+00,-5.40E+00,+3.815E+00
2,16/2/2026,19:08:00.392,-0.047E+00,-0.047E+00,+0.000E+00,-0.188E+00,-2.09E+00,+7.58E+00,-5.49E+00,+3.807E+00
2,16/2/2026,19:08:00.392,-0.047E+00,-0.047E+00,-0.047E+00,-0.188E+00,-1.97E+00,+7.57E+00,-5.57E+00,+3.792E+00
2,16/2/2026,19:08:00.393,-0.047E+00,-0.047E+00,-0.047E+00,-0.188E+00,-1.86E+00,+7.54E+00,-5.66E+00,+3.777E+00
2,16/2/2026,19:08:00.393,-0.047E+00,-0.047E+00,-0.047E+00,-0.188E+00,-1.75E+00,+7.49E+00,-5.74E+00,+3.754E+00
2,16/2/2026,19:08:00.393,-0.047E+00,-0.047E+00,-0.047E+00,-0.188E+00,-1.63E+00,+7.46E+00,-5.81E+00,+3.731E+00
2,16/2/2026,19:08:00.393,-0.047E+00,-0.047E+00,+0.000E+00,-0.188E+00,-1.51E+00,+7.42E+00,-5.89E+00,+3.708E+00
2,16/2/2026,19:08:00.393,+0.000E+00,-0.047E+00,+0.000E+00,-0.188E+00,-1.39E+00,+7.36E+00,-5.95E+00,+3.678E+00
2,16/2/2026,19:08:00.393,-0.047E+00,-0.047E+00,-0.047E+00,-0.188E+00,-1.28E+00,+7.29E+00,-6.03E+00,+3.655E+00
2,16/2/2026,19:08:00.393,-0.047E+00,-0.047E+00,-0.047E+00,-0.188E+00,-1.16E+00,+7.25E+00,-6.10E+00,+3.624E+00
2,16/2/2026,19:08:00.393,-0.047E+00,-0.047E+00,-0.047E+00,-0.188E+00,-1.04E+00,+7.20E+00,-6.17E+00,+3.601E+00
2,16/2/2026,19:08:00.393,-0.047E+00,-0.047E+00,-0.047E+00,-0.188E+00,-0.90E+00,+7.16E+00,-6.23E+00,+3.579E+00
2,16/2/2026,19:08:00.393,-0.047E+00,-0.047E+00,-0.047E+00,-0.188E+00,-0.78E+00,+7.10E+00,-6.29E+00,+3.548E+00
2,16/2/2026,19:08:00.393,-0.047E+00,-0.047E+00,-0.047E+00,-0.188E+00,-0.66E+00,+7.03E+00,-6.35E+00,+3.510E+00
2,16/2/2026,19:08:00.393,+0.000E+00,-0.047E+00,-0.047E+00,-0.188E+00,-0.52E+00,+6.97E+00,-6.41E+00,+3.479E+00
2,16/2/2026,19:08:00.393,-0.047E+00,-0.047E+00,+0.000E+00,-0.188E+00,-0.40E+00,+6.90E+00,-6.47E+00,+3.441E+00
2,16/2/2026,19:08:00.393,+0.000E+00,-0.047E+00,-0.047E+00,-0.188E+00,-0.27E+00,+6.82E+00,-6.52E+00,+3.403E+00
2,16/2/2026,19:08:00.393,+0.000E+00,-0.047E+00,-0.047E+00,-0.188E+00,-0.15E+00,+6.75E+00,-6.58E+00,+3.357E+00
2,16/2/2026,19:08:00.393,-0.047E+00,-0.047E+00,+0.000E+00,-0.188E+00,-0.03E+00,+6.65E+00,-6.62E+00,+3.327E+00
2,16/2/2026,19:08:00.393,-0.047E+00,-0.047E+00,+0.000E+00,-0.188E+00,+0.09E+00,+6.58E+00,-6.67E+00,+3.281E+00
2,16/2/2026,19:08:00.393,-0.047E+00,-0.047E+00,+0.000E+00,-0.188E+00,+0.21E+00,+6.50E+00,-6.73E+00,+3.235E+00
2,16/2/2026,19:08:00.393,-0.047E+00,-0.047E+00,+0.000E+00,-0.188E+00,+0.34E+00,+6.41E+00,-6.78E+00,+3.197E+00
2,16/2/2026,19:08:00.393,-0.047E+00,-0.047E+00,-0.047E+00,-0.188E+00,+0.46E+00,+6.33E+00,-6.82E+00,+3.159E+00
2,16/2/2026,19:08:00.394,-0.047E+00,-0.047E+00,-0.047E+00,-0.188E+00,+0.58E+00,+6.24E+00,-6.87E+00,+3.113E+00
2,16/2/2026,19:08:00.394,-0.047E+00,-0.047E+00,+0.000E+00,-0.188E+00,+0.70E+00,+6.15E+00,-6.91E+00,+3.067E+00
2,16/2/2026,19:08:00.394,-0.047E+00,-0.047E+00,-0.047E+00,-0.188E+00,+0.82E+00,+6.07E+00,-6.96E+00,+3.022E+00
2,16/2/2026,19:08:00.394,-0.047E+00,-0.047E+00,-0.047E+00,-0.188E+00,+0.95E+00,+5.98E+00,-7.00E+00,+2.983E+00
2,16/2/2026,19:08:00.394,-0.047E+00,-0.047E+00,+0.000E+00,-0.188E+00,+1.07E+00,+5.89E+00,-7.03E+00,+2.938E+00
2,16/2/2026,19:08:00.394,-0.047E+00,-0.047E+00,+0.000E+00,-0.188E+00,+1.19E+00,+5.81E+00,-7.08E+00,+2.892E+00
2,16/2/2026,19:08:00.394,+0.000E+00,-0.047E+00,+0.000E+00,-0.188E+00,+1.30E+00,+5.72E+00,-7.11E+00,+2.854E+00
2,16/2/2026,19:08:00.394,-0.047E+00,-0.047E+00,-0.047E+00,-0.188E+00,+1.42E+00,+5.65E+00,-7.14E+00,+2.808E+00
2,16/2/2026,19:08:00.394,-0.047E+00,-0.047E+00,-0.047E+00,-0.188E+00,+1.54E+00,+5.55E+00,-7.17E+00,+2.762E+00
2,16/2/2026,19:08:00.394,-0.047E+00,-0.047E+00,+0.000E+00,-0.188E+00,+1.66E+00,+5.46E+00,-7.20E+00,+2.724E+00
2,16/2/2026,19:08:00.394,-0.047E+00,-0.047E+00,-0.047E+00,-0.188E+00,+1.79E+00,+5.37E+00,-7.23E+00,+2.678E+00
2,16/2/2026,19:08:00.394,-0.047E+00,-0.047E+00,-0.047E+00,-0.188E+00,+1.89E+00,+5.30E+00,-7.26E+00,+2.640E+00
2,16/2/2026,19:08:00.394,+0.000E+00,-0.047E+00,-0.047E+00,-0.188E+00,+2.01E+00,+5.20E+00,-7.29E+00,+2.594E+00
2,16/2/2026,19:08:00.394,-0.047E+00,-0.047E+00,-0.047E+00,-0.188E+00,+2.12E+00,+5.11E+00,-7.32E+00,+2.548E+00
2,16/2/2026,19:08:00.394,-0.047E+00,-0.047E+00,-0.047E+00,-0.188E+00,+2.24E+00,+5.02E+00,-7.34E+00,+2.503E+00
2,16/2/2026,19:08:00.394,-0.047E+00,-0.047E+00,-0.047E+00,-0.188E+00,+2.37E+00,+4.94E+00,-7.37E+00,+2.457E+00
2,16/2/2026,19:08:00.394,-0.047E+00,-0.047E+00,-0.047E+00,-0.188E+00,+2.47E+00,+4.85E+00,-7.39E+00,+2.411E+00
2,16/2/2026,19:08:00.394,-0.047E+00,-0.047E+00,-0.047E+00,-0.188E+00,+2.58E+00,+4.76E+00,-7.42E+00,+2.373E+00
2,16/2/2026,19:08:00.394,-0.047E+00,-0.047E+00,-0.047E+00,-0.188E+00,+2.69E+00,+4.67E+00,-7.43E+00,+2.327E+00
2,16/2/2026,19:08:00.394,-0.047E+00,-0.047E+00,-0.047E+00,-0.188E+00,+2.81E+00,+4.58E+00,-7.45E+00,+2.281E+00
2,16/2/2026,19:08:00.395,-0.047E+00,-0.047E+00,+0.000E+00,-0.188E+00,+2.91E+00,+4.49E+00,-7.46E+00,+2.236E+00
2,16/2/2026,19:08:00.395,-0.047E+00,-0.047E+00,-0.047E+00,-0.188E+00,+3.02E+00,+4.39E+00,-7.49E+00,+2.182E+00
2,16/2/2026,19:08:00.395,-0.047E+00,-0.047E+00,-0.047E+00,-0.188E+00,+3.13E+00,+4.30E+00,-7.51E+00,+2.136E+00
2,16/2/2026,19:08:00.395,-0.047E+00,-0.047E+00,-0.047E+00,-0.188E+00,+3.24E+00,+4.21E+00,-7.52E+00,+2.091E+00
2,16/2/2026,19:08:00.395,-0.047E+00,-0.047E+00,+0.000E+00,-0.188E+00,+3.34E+00,+4.10E+00,-7.52E+00,+2.037E+00
2,16/2/2026,19:08:00.395,-0.047E+00,-0.047E+00,+0.000E+00,-0.188E+00,+3.45E+00,+4.00E+00,-7.54E+00,+1.991E+00
2,16/2/2026,19:08:00.395,-0.047E+00,-0.047E+00,+0.000E+00,-0.188E+00,+3.56E+00,+3.91E+00,-7.55E+00,+1.938E+00
2,16/2/2026,19:08:00.395,-0.047E+00,-0.047E+00,+0.000E+00,-0.188E+00,+3.66E+00,+3.80E+00,-7.57E+00,+1.892E+00
2,16/2/2026,19:08:00.395,-0.047E+00,+0.000E+00,-0.047E+00,-0.188E+00,+3.77E+00,+3.69E+00,-7.58E+00,+1.839E+00
2,16/2/2026,19:08:00.395,-0.047E+00,-0.047E+00,-0.047E+00,-0.188E+00,+3.86E+00,+3.59E+00,-7.60E+00,+1.785E+00
2,16/2/2026,19:08:00.395,-0.047E+00,-0.047E+00,+0.000E+00,-0.188E+00,+3.97E+00,+3.48E+00,-7.60E+00,+1.732E+00
2,16/2/2026,19:08:00.395,-0.047E+00,-0.047E+00,+0.000E+00,-0.188E+00,+4.07E+00,+3.39E+00,-7.60E+00,+1.686E+00
2,16/2/2026,19:08:00.395,-0.047E+00,-0.047E+00,+0.000E+00,-0.188E+00,+4.18E+00,+3.28E+00,-7.61E+00,+1.633E+00
2,16/2/2026,19:08:00.395,-0.047E+00,-0.047E+00,-0.047E+00,-0.188E+00,+4.29E+00,+3.17E+00,-7.61E+00,+1.579E+00
2,16/2/2026,19:08:00.395,-0.047E+00,-0.047E+00,-0.047E+00,-0.188E+00,+4.39E+00,+3.07E+00,-7.63E+00,+1.526E+00
2,16/2/2026,19:08:00.395,-0.047E+00,-0.047E+00,+0.000E+00,-0.188E+00,+4.49E+00,+2.96E+00,-7.63E+00,+1.473E+00
2,16/2/2026,19:08:00.395,-0.047E+00,-0.047E+00,+0.000E+00,-0.188E+00,+4.59E+00,+2.84E+00,-7.63E+00,+1.419E+00
2,16/2/2026,19:08:00.395,+0.000E+00,-0.047E+00,-0.047E+00,-0.188E+00,+4.70E+00,+2.73E+00,-7.65E+00,+1.366E+00
2,16/2/2026,19:08:00.395,-0.047E+00,-0.047E+00,-0.047E+00,-0.188E+00,+4.79E+00,+2.62E+00,-7.65E+00,+1.312E+00
2,16/2/2026,19:08:00.395,-0.047E+00,-0.047E+00,-0.047E+00,-0.188E+00,+4.90E+00,+2.50E+00,-7.65E+00,+1.251E+00
2,16/2/2026,19:08:00.396,+0.000E+00,-0.047E+00,-0.047E+00,-0.188E+00,+5.01E+00,+2.40E+00,-7.65E+00,+1.198E+00
2,16/2/2026,19:08:00.396,-0.047E+00,-0.047E+00,-0.047E+00,-0.188E+00,+5.10E+00,+2.27E+00,-7.65E+00,+1.145E+00
2,16/2/2026,19:08:00.396,-0.047E+00,-0.047E+00,-0.047E+00,-0.188E+00,+5.20E+00,+2.17E+00,-7.65E+00,+1.083E+00
2,16/2/2026,19:08:00.396,-0.047E+00,-0.047E+00,-0.047E+00,-0.188E+00,+5.30E+00,+2.04E+00,-7.65E+00,+1.030E+00
2,16/2/2026,19:08:00.396,-0.047E+00,-0.047E+00,+0.000E+00,-0.188E+00,+5.39E+00,+1.94E+00,-7.65E+00,+0.977E+00
2,16/2/2026,19:08:00.396,-0.047E+00,-0.047E+00,+0.000E+00,-0.188E+00,+5.48E+00,+1.83E+00,-7.63E+00,+0.923E+00
2,16/2/2026,19:08:00.396,+0.000E+00,-0.047E+00,+0.000E+00,-0.188E+00,+5.57E+00,+1.69E+00,-7.63E+00,+0.862E+00
2,16/2/2026,19:08:00.396,+0.000E+00,-0.047E+00,-0.047E+00,-0.188E+00,+5.66E+00,+1.59E+00,-7.60E+00,+0.809E+00
2,16/2/2026,19:08:00.396,-0.047E+00,-0.047E+00,-0.047E+00,-0.188E+00,+5.74E+00,+1.46E+00,-7.58E+00,+0.748E+00
2,16/2/2026,19:08:00.396,-0.047E+00,-0.047E+00,+0.000E+00,-0.188E+00,+5.81E+00,+1.34E+00,-7.55E+00,+0.694E+00
2,16/2/2026,19:08:00.396,-0.047E+00,-0.047E+00,-0.047E+00,-0.188E+00,+5.89E+00,+1.22E+00,-7.51E+00,+0.633E+00
2,16/2/2026,19:08:00.396,-0.047E+00,-0.047E+00,-0.047E+00,-0.188E+00,+5.97E+00,+1.10E+00,-7.46E+00,+0.572E+00
2,16/2/2026,19:08:00.396,-0.047E+00,-0.047E+00,-0.047E+00,-0.188E+00,+6.03E+00,+0.98E+00,-7.40E+00,+0.511E+00
2,16/2/2026,19:08:00.396,-0.047E+00,-0.047E+00,-0.047E+00,-0.188E+00,+6.10E+00,+0.85E+00,-7.36E+00,+0.450E+00
2,16/2/2026,19:08:00.396,-0.047E+00,-0.047E+00,-0.047E+00,-0.188E+00,+6.18E+00,+0.75E+00,-7.29E+00,+0.397E+00
2,16/2/2026,19:08:00.396,+0.000E+00,-0.047E+00,-0.047E+00,-0.188E+00,+6.24E+00,+0.63E+00,-7.23E+00,+0.336E+00
2,16/2/2026,19:08:00.396,-0.047E+00,-0.047E+00,-0.047E+00,-0.188E+00,+6.30E+00,+0.50E+00,-7.17E+00,+0.282E+00
2,16/2/2026,19:08:00.396,-0.047E+00,-0.047E+00,-0.047E+00,-0.188E+00,+6.36E+00,+0.38E+00,-7.11E+00,+0.221E+00
2,16/2/2026,19:08:00.396,+0.000E+00,-0.047E+00,-0.047E+00,-0.188E+00,+6.42E+00,+0.27E+00,-7.05E+00,+0.160E+00
2,16/2/2026,19:08:00.396,+0.000E+00,-0.047E+00,-0.047E+00,-0.188E+00,+6.49E+00,+0.15E+00,-6.99E+00,+0.099E+00
2,16/2/2026,19:08:00.397,-0.047E+00,-0.047E+00,-0.047E+00,-0.188E+00,+6.55E+00,+0.05E+00,-6.93E+00,+0.046E+00
2,16/2/2026,19:08:00.397,+0.000E+00,-0.047E+00,-0.047E+00,-0.188E+00,+6.61E+00,-0.09E+00,-6.87E+00,-0.015E+00
2,16/2/2026,19:08:00.397,-0.047E+00,-0.047E+00,+0.000E+00,-0.188E+00,+6.65E+00,-0.21E+00,-6.81E+00,-0.076E+00
2,16/2/2026,19:08:00.397,-0.047E+00,-0.047E+00,+0.000E+00,-0.188E+00,+6.70E+00,-0.34E+00,-6.73E+00,-0.137E+00
2,16/2/2026,19:08:00.397,-0.047E+00,-0.047E+00,+0.000E+00,-0.188E+00,+6.75E+00,-0.46E+00,-6.67E+00,-0.198E+00
2,16/2/2026,19:08:00.397,-0.047E+00,-0.047E+00,+0.000E+00,-0.188E+00,+6.78E+00,-0.58E+00,-6.58E+00,-0.259E+00
2,16/2/2026,19:08:00.397,-0.047E+00,-0.047E+00,+0.000E+00,-0.188E+00,+6.82E+00,-0.69E+00,-6.50E+00,-0.313E+00
2,16/2/2026,19:08:00.397,-0.047E+00,-0.047E+00,-0.047E+00,-0.188E+00,+6.85E+00,-0.81E+00,-6.41E+00,-0.374E+00
2,16/2/2026,19:08:00.397,-0.047E+00,-0.047E+00,+0.000E+00,-0.188E+00,+6.90E+00,-0.93E+00,-6.32E+00,-0.435E+00
2,16/2/2026,19:08:00.397,-0.047E+00,-0.047E+00,+0.000E+00,-0.188E+00,+6.93E+00,-1.05E+00,-6.23E+00,-0.496E+00
2,16/2/2026,19:08:00.397,-0.047E+00,-0.047E+00,-0.047E+00,-0.188E+00,+6.96E+00,-1.19E+00,-6.13E+00,-0.557E+00
2,16/2/2026,19:08:00.397,-0.047E+00,-0.047E+00,-0.047E+00,-0.188E+00,+7.00E+00,-1.31E+00,-6.04E+00,-0.618E+00
2,16/2/2026,19:08:00.397,+0.000E+00,-0.047E+00,-0.047E+00,-0.188E+00,+7.03E+00,-1.42E+00,-5.97E+00,-0.679E+00
2,16/2/2026,19:08:00.397,+0.000E+00,-0.047E+00,-0.047E+00,-0.188E+00,+7.07E+00,-1.56E+00,-5.88E+00,-0.740E+00
2,16/2/2026,19:08:00.397,+0.000E+00,-0.047E+00,-0.047E+00,-0.188E+00,+7.11E+00,-1.68E+00,-5.80E+00,-0.801E+00
2,16/2/2026,19:08:00.397,-0.047E+00,-0.047E+00,-0.047E+00,-0.188E+00,+7.14E+00,-1.80E+00,-5.71E+00,-0.862E+00
2,16/2/2026,19:08:00.397,-0.047E+00,-0.047E+00,-0.047E+00,-0.188E+00,+7.17E+00,-1.92E+00,-5.63E+00,-0.931E+00
2,16/2/2026,19:08:00.397,-0.047E+00,-0.047E+00,-0.047E+00,-0.188E+00,+7.20E+00,-2.04E+00,-5.54E+00,-0.984E+00
2,16/2/2026,19:08:00.397,-0.047E+00,-0.047E+00,-0.047E+00,-0.188E+00,+7.23E+00,-2.17E+00,-5.46E+00,-1.045E+00
2,16/2/2026,19:08:00.397,+0.000E+00,-0.047E+00,-0.047E+00,-0.188E+00,+7.26E+00,-2.27E+00,-5.37E+00,-1.099E+00
2,16/2/2026,19:08:00.398,+0.000E+00,-0.047E+00,-0.047E+00,-0.188E+00,+7.29E+00,-2.40E+00,-5.28E+00,-1.160E+00
2,16/2/2026,19:08:00.398,-0.047E+00,-0.047E+00,+0.000E+00,-0.188E+00,+7.31E+00,-2.52E+00,-5.20E+00,-1.221E+00
2,16/2/2026,19:08:00.398,-0.047E+00,-0.047E+00,-0.047E+00,-0.188E+00,+7.34E+00,-2.62E+00,-5.11E+00,-1.274E+00
2,16/2/2026,19:08:00.398,-0.047E+00,-0.047E+00,-0.047E+00,-0.188E+00,+7.37E+00,-2.75E+00,-5.01E+00,-1.335E+00
2,16/2/2026,19:08:00.398,-0.047E+00,-0.047E+00,+0.000E+00,-0.188E+00,+7.39E+00,-2.87E+00,-4.93E+00,-1.396E+00
2,16/2/2026,19:08:00.398,-0.047E+00,-0.047E+00,-0.047E+00,-0.188E+00,+7.40E+00,-2.98E+00,-4.84E+00,-1.450E+00
2,16/2/2026,19:08:00.398,-0.047E+00,-0.047E+00,-0.047E+00,-0.188E+00,+7.43E+00,-3.08E+00,-4.75E+00,-1.503E+00
2,16/2/2026,19:08:00.398,-0.047E+00,-0.047E+00,-0.047E+00,-0.188E+00,+7.45E+00,-3.20E+00,-4.64E+00,-1.557E+00
2,16/2/2026,19:08:00.398,-0.047E+00,-0.047E+00,+0.000E+00,-0.188E+00,+7.46E+00,-3.33E+00,-4.55E+00,-1.618E+00
2,16/2/2026,19:08:00.398,-0.047E+00,-0.047E+00,-0.047E+00,-0.188E+00,+7.49E+00,-3.43E+00,-4.46E+00,-1.671E+00
2,16/2/2026,19:08:00.398,-0.047E+00,-0.047E+00,-0.047E+00,-0.188E+00,+7.51E+00,-3.54E+00,-4.35E+00,-1.724E+00
2,16/2/2026,19:08:00.398,-0.047E+00,-0.047E+00,+0.000E+00,-0.188E+00,+7.52E+00,-3.65E+00,-4.26E+00,-1.778E+00
2,16/2/2026,19:08:00.398,-0.047E+00,-0.047E+00,+0.000E+00,-0.188E+00,+7.54E+00,-3.75E+00,-4.17E+00,-1.831E+00
2,16/2/2026,19:08:00.398,-0.047E+00,-0.047E+00,-0.047E+00,-0.188E+00,+7.54E+00,-3.86E+00,-4.07E+00,-1.885E+00
2,16/2/2026,19:08:00.398,-0.047E+00,-0.047E+00,-0.047E+00,-0.188E+00,+7.55E+00,-3.97E+00,-3.97E+00,-1.938E+00
2,16/2/2026,19:08:00.398,-0.047E+00,-0.047E+00,-0.047E+00,-0.188E+00,+7.55E+00,-4.06E+00,-3.86E+00,-1.991E+00
2,16/2/2026,19:08:00.398,-0.047E+00,-0.047E+00,+0.000E+00,-0.188E+00,+7.57E+00,-4.17E+00,-3.75E+00,-2.037E+00
2,16/2/2026,19:08:00.398,-0.047E+00,-0.047E+00,+0.000E+00,-0.188E+00,+7.57E+00,-4.27E+00,-3.65E+00,-2.091E+00
2,16/2/2026,19:08:00.398,-0.047E+00,-0.047E+00,-0.047E+00,-0.188E+00,+7.58E+00,-4.38E+00,-3.56E+00,-2.136E+00
2,16/2/2026,19:08:00.398,-0.047E+00,-0.047E+00,-0.047E+00,-0.188E+00,+7.58E+00,-4.47E+00,-3.45E+00,-2.190E+00
2,16/2/2026,19:08:00.399,-0.047E+00,-0.047E+00,+0.000E+00,-0.188E+00,+7.60E+00,-4.58E+00,-3.34E+00,-2.243E+00
2,16/2/2026,19:08:00.399,-0.047E+00,-0.047E+00,-0.047E+00,-0.188E+00,+7.60E+00,-4.68E+00,-3.24E+00,-2.289E+00
2,16/2/2026,19:08:00.399,-0.047E+00,-0.047E+00,-0.047E+00,-0.188E+00,+7.60E+00,-4.78E+00,-3.13E+00,-2.342E+00
2,16/2/2026,19:08:00.399,-0.047E+00,-0.047E+00,-0.047E+00,-0.188E+00,+7.61E+00,-4.87E+00,-3.02E+00,-2.396E+00
2,16/2/2026,19:08:00.399,+0.000E+00,-0.047E+00,-0.047E+00,-0.188E+00,+7.60E+00,-4.97E+00,-2.91E+00,-2.442E+00
2,16/2/2026,19:08:00.399,-0.047E+00,-0.047E+00,-0.047E+00,-0.188E+00,+7.60E+00,-5.07E+00,-2.81E+00,-2.495E+00
2,16/2/2026,19:08:00.399,-0.047E+00,-0.047E+00,+0.000E+00,-0.188E+00,+7.60E+00,-5.17E+00,-2.69E+00,-2.541E+00
2,16/2/2026,19:08:00.399,-0.047E+00,-0.047E+00,+0.000E+00,-0.188E+00,+7.60E+00,-5.28E+00,-2.58E+00,-2.594E+00
2,16/2/2026,19:08:00.399,+0.000E+00,-0.047E+00,+0.000E+00,-0.188E+00,+7.60E+00,-5.37E+00,-2.47E+00,-2.640E+00
2,16/2/2026,19:08:00.399,-0.047E+00,-0.047E+00,+0.000E+00,-0.188E+00,+7.60E+00,-5.46E+00,-2.37E+00,-2.693E+00
2,16/2/2026,19:08:00.399,-0.047E+00,+0.000E+00,-0.047E+00,-0.188E+00,+7.58E+00,-5.55E+00,-2.24E+00,-2.739E+00
2,16/2/2026,19:08:00.399,-0.047E+00,-0.047E+00,-0.047E+00,-0.188E+00,+7.57E+00,-5.65E+00,-2.14E+00,-2.785E+00
2,16/2/2026,19:08:00.399,-0.047E+00,-0.047E+00,-0.047E+00,-0.188E+00,+7.55E+00,-5.74E+00,-2.01E+00,-2.831E+00
2,16/2/2026,19:08:00.399,+0.000E+00,-0.047E+00,+0.000E+00,-0.188E+00,+7.52E+00,-5.83E+00,-1.91E+00,-2.877E+00
2,16/2/2026,19:08:00.399,+0.000E+00,-0.047E+00,+0.000E+00,-0.188E+00,+7.49E+00,-5.91E+00,-1.79E+00,-2.915E+00
2,16/2/2026,19:08:00.399,-0.047E+00,-0.047E+00,+0.000E+00,-0.188E+00,+7.46E+00,-5.98E+00,-1.68E+00,-2.953E+00
2,16/2/2026,19:08:00.399,-0.047E+00,-0.047E+00,-0.047E+00,-0.188E+00,+7.45E+00,-6.06E+00,-1.56E+00,-2.991E+00
2,16/2/2026,19:08:00.399,-0.047E+00,-0.047E+00,-0.047E+00,-0.188E+00,+7.40E+00,-6.13E+00,-1.45E+00,-3.029E+00
2,16/2/2026,19:08:00.399,-0.047E+00,-0.047E+00,-0.047E+00,-0.188E+00,+7.36E+00,-6.21E+00,-1.33E+00,-3.067E+00
2,16/2/2026,19:08:00.399,-0.047E+00,-0.047E+00,-0.047E+00,-0.188E+00,+7.31E+00,-6.27E+00,-1.19E+00,-3.098E+00
2,16/2/2026,19:08:00.400,-0.047E+00,-0.047E+00,-0.047E+00,-0.188E+00,+7.28E+00,-6.35E+00,-1.08E+00,-3.136E+00
2,16/2/2026,19:08:00.400,-0.047E+00,-0.047E+00,+0.000E+00,-0.188E+00,+7.22E+00,-6.41E+00,-0.96E+00,-3.166E+00
2,16/2/2026,19:08:00.400,-0.047E+00,-0.047E+00,-0.047E+00,-0.188E+00,+7.17E+00,-6.47E+00,-0.84E+00,-3.205E+00
2,16/2/2026,19:08:00.400,-0.047E+00,-0.047E+00,-0.047E+00,-0.188E+00,+7.13E+00,-6.55E+00,-0.72E+00,-3.235E+00
2,16/2/2026,19:08:00.400,-0.047E+00,-0.047E+00,-0.047E+00,-0.188E+00,+7.05E+00,-6.61E+00,-0.60E+00,-3.266E+00
2,16/2/2026,19:08:00.400,-0.047E+00,-0.047E+00,-0.047E+00,-0.188E+00,+6.99E+00,-6.67E+00,-0.47E+00,-3.296E+00
2,16/2/2026,19:08:00.400,-0.047E+00,-0.047E+00,-0.047E+00,-0.188E+00,+6.93E+00,-6.73E+00,-0.35E+00,-3.327E+00
2,16/2/2026,19:08:00.400,-0.047E+00,-0.047E+00,-0.047E+00,-0.188E+00,+6.85E+00,-6.79E+00,-0.23E+00,-3.357E+00
2,16/2/2026,19:08:00.400,-0.047E+00,-0.047E+00,-0.047E+00,-0.188E+00,+6.79E+00,-6.85E+00,-0.11E+00,-3.388E+00
2,16/2/2026,19:08:00.400,-0.047E+00,-0.047E+00,-0.047E+00,-0.188E+00,+6.71E+00,-6.91E+00,+0.02E+00,-3.418E+00
2,16/2/2026,19:08:00.400,-0.047E+00,+0.000E+00,-0.047E+00,-0.188E+00,+6.64E+00,-6.96E+00,+0.12E+00,-3.441E+00
2,16/2/2026,19:08:00.400,+0.000E+00,-0.047E+00,-0.047E+00,-0.188E+00,+6.56E+00,-7.02E+00,+0.24E+00,-3.464E+00
2,16/2/2026,19:08:00.400,+0.000E+00,-0.047E+00,-0.047E+00,-0.188E+00,+6.47E+00,-7.07E+00,+0.37E+00,-3.487E+00
2,16/2/2026,19:08:00.400,-0.047E+00,-0.047E+00,-0.047E+00,-0.188E+00,+6.38E+00,-7.11E+00,+0.49E+00,-3.510E+00
2,16/2/2026,19:08:00.400,-0.047E+00,-0.047E+00,-0.047E+00,-0.188E+00,+6.30E+00,-7.14E+00,+0.61E+00,-3.533E+00
2,16/2/2026,19:08:00.400,+0.000E+00,-0.047E+00,+0.000E+00,-0.235E+00,+6.23E+00,-7.19E+00,+0.73E+00,-3.548E+00
2,16/2/2026,19:08:00.400,-0.047E+00,-0.047E+00,+0.000E+00,-0.188E+00,+6.13E+00,-7.23E+00,+0.85E+00,-3.571E+00
2,16/2/2026,19:08:00.400,-0.047E+00,-0.047E+00,+0.000E+00,-0.141E+00,+6.04E+00,-7.26E+00,+0.98E+00,-3.586E+00
2,16/2/2026,19:08:00.400,+0.000E+00,-0.047E+00,-0.047E+00,-0.188E+00,+5.97E+00,-7.29E+00,+1.10E+00,-3.601E+00
2,16/2/2026,19:08:00.400,-0.047E+00,-0.047E+00,-0.047E+00,-0.188E+00,+5.88E+00,-7.34E+00,+1.22E+00,-3.617E+00
2,16/2/2026,19:08:00.401,-0.047E+00,-0.047E+00,-0.047E+00,-0.188E+00,+5.78E+00,-7.37E+00,+1.36E+00,-3.632E+00
2,16/2/2026,19:08:00.401,+0.000E+00,-0.047E+00,-0.047E+00,-0.188E+00,+5.69E+00,-7.40E+00,+1.48E+00,-3.647E+00
2,16/2/2026,19:08:00.401,-0.047E+00,-0.047E+00,+0.000E+00,-0.188E+00,+5.62E+00,-7.42E+00,+1.60E+00,-3.662E+00
2,16/2/2026,19:08:00.401,-0.047E+00,+0.000E+00,+0.000E+00,-0.188E+00,+5.52E+00,-7.45E+00,+1.71E+00,-3.678E+00
2,16/2/2026,19:08:00.401,+0.000E+00,-0.047E+00,+0.000E+00,-0.188E+00,+5.43E+00,-7.48E+00,+1.83E+00,-3.685E+00
2,16/2/2026,19:08:00.401,-0.047E+00,-0.047E+00,+0.000E+00,-0.188E+00,+5.36E+00,-7.51E+00,+1.95E+00,-3.701E+00
2,16/2/2026,19:08:00.401,-0.047E+00,-0.047E+00,-0.047E+00,-0.188E+00,+5.26E+00,-7.52E+00,+2.08E+00,-3.716E+00
2,16/2/2026,19:08:00.401,-0.047E+00,-0.047E+00,+0.000E+00,-0.188E+00,+5.17E+00,-7.55E+00,+2.18E+00,-3.723E+00
2,16/2/2026,19:08:00.401,-0.047E+00,-0.047E+00,-0.047E+00,-0.188E+00,+5.08E+00,-7.58E+00,+2.30E+00,-3.739E+00
2,16/2/2026,19:08:00.401,-0.047E+00,-0.047E+00,-0.047E+00,-0.188E+00,+4.99E+00,-7.60E+00,+2.43E+00,-3.746E+00
2,16/2/2026,19:08:00.401,-0.047E+00,-0.047E+00,-0.047E+00,-0.188E+00,+4.90E+00,-7.61E+00,+2.53E+00,-3.754E+00
2,16/2/2026,19:08:00.401,-0.047E+00,-0.047E+00,+0.000E+00,-0.188E+00,+4.81E+00,-7.65E+00,+2.64E+00,-3.769E+00
2,16/2/2026,19:08:00.401,-0.047E+00,-0.047E+00,-0.047E+00,-0.188E+00,+4.72E+00,-7.66E+00,+2.76E+00,-3.777E+00
2,16/2/2026,19:08:00.401,-0.047E+00,-0.047E+00,-0.047E+00,-0.188E+00,+4.62E+00,-7.68E+00,+2.87E+00,-3.785E+00
2,16/2/2026,19:08:00.401,-0.047E+00,-0.047E+00,+0.000E+00,-0.188E+00,+4.53E+00,-7.71E+00,+2.98E+00,-3.792E+00
2,16/2/2026,19:08:00.401,-0.047E+00,-0.047E+00,-0.047E+00,-0.188E+00,+4.44E+00,-7.72E+00,+3.08E+00,-3.800E+00
2,16/2/2026,19:08:00.401,-0.047E+00,-0.047E+00,-0.047E+00,-0.188E+00,+4.35E+00,-7.72E+00,+3.19E+00,-3.807E+00
2,16/2/2026,19:08:00.401,-0.047E+00,-0.047E+00,-0.047E+00,-0.188E+00,+4.26E+00,-7.74E+00,+3.30E+00,-3.807E+00
2,16/2/2026,19:08:00.401,-0.047E+00,-0.047E+00,-0.047E+00,-0.188E+00,+4.17E+00,-7.75E+00,+3.40E+00,-3.815E+00
2,16/2/2026,19:08:00.401,-0.047E+00,-0.047E+00,-0.047E+00,-0.188E+00,+4.06E+00,-7.77E+00,+3.51E+00,-3.823E+00
2,16/2/2026,19:08:00.402,-0.047E+00,+0.000E+00,-0.047E+00,-0.188E+00,+3.97E+00,-7.78E+00,+3.62E+00,-3.823E+00
2,16/2/2026,19:08:00.402,-0.047E+00,-0.047E+00,+0.000E+00,-0.188E+00,+3.88E+00,-7.78E+00,+3.72E+00,-3.830E+00
2,16/2/2026,19:08:00.402,-0.047E+00,-0.047E+00,-0.047E+00,-0.188E+00,+3.78E+00,-7.78E+00,+3.83E+00,-3.830E+00
2,16/2/2026,19:08:00.402,-0.047E+00,-0.047E+00,-0.047E+00,-0.235E+00,+3.66E+00,-7.80E+00,+3.92E+00,-3.838E+00
2,16/2/2026,19:08:00.402,-0.047E+00,-0.047E+00,-0.047E+00,-0.188E+00,+3.57E+00,-7.81E+00,+4.03E+00,-3.838E+00
2,16/2/2026,19:08:00.402,+0.000E+00,-0.047E+00,-0.047E+00,-0.188E+00,+3.46E+00,-7.81E+00,+4.14E+00,-3.838E+00
2,16/2/2026,19:08:00.402,+0.000E+00,-0.047E+00,-0.047E+00,-0.188E+00,+3.36E+00,-7.81E+00,+4.24E+00,-3.838E+00
2,16/2/2026,19:08:00.402,-0.047E+00,-0.047E+00,-0.047E+00,-0.188E+00,+3.25E+00,-7.83E+00,+4.33E+00,-3.838E+00
2,16/2/2026,19:08:00.402,+0.000E+00,-0.047E+00,-0.047E+00,-0.188E+00,+3.14E+00,-7.83E+00,+4.44E+00,-3.846E+00
2,16/2/2026,19:08:00.402,-0.047E+00,-0.047E+00,-0.047E+00,-0.188E+00,+3.05E+00,-7.83E+00,+4.53E+00,-3.846E+00
2,16/2/2026,19:08:00.402,-0.047E+00,-0.047E+00,-0.047E+00,-0.188E+00,+2.95E+00,-7.83E+00,+4.64E+00,-3.846E+00
2,16/2/2026,19:08:00.402,-0.047E+00,-0.047E+00,-0.047E+00,-0.188E+00,+2.82E+00,-7.83E+00,+4.73E+00,-3.838E+00
2,16/2/2026,19:08:00.402,-0.047E+00,-0.047E+00,+0.000E+00,-0.188E+00,+2.72E+00,-7.84E+00,+4.84E+00,-3.838E+00
2,16/2/2026,19:08:00.402,-0.047E+00,-0.047E+00,+0.000E+00,-0.188E+00,+2.61E+00,-7.84E+00,+4.93E+00,-3.838E+00
2,16/2/2026,19:08:00.402,-0.047E+00,-0.047E+00,-0.047E+00,-0.188E+00,+2.49E+00,-7.83E+00,+5.02E+00,-3.838E+00
2,16/2/2026,19:08:00.402,-0.047E+00,-0.047E+00,-0.047E+00,-0.188E+00,+2.38E+00,-7.83E+00,+5.11E+00,-3.830E+00
2,16/2/2026,19:08:00.402,-0.047E+00,-0.047E+00,+0.000E+00,-0.188E+00,+2.27E+00,-7.81E+00,+5.22E+00,-3.823E+00
2,16/2/2026,19:08:00.402,-0.047E+00,+0.000E+00,+0.000E+00,-0.188E+00,+2.15E+00,-7.81E+00,+5.31E+00,-3.815E+00
2,16/2/2026,19:08:00.402,+0.000E+00,+0.000E+00,-0.047E+00,-0.188E+00,+2.04E+00,-7.80E+00,+5.40E+00,-3.807E+00
2,16/2/2026,19:08:00.402,-0.047E+00,-0.047E+00,-0.047E+00,-0.188E+00,+1.94E+00,-7.77E+00,+5.48E+00,-3.792E+00
2,16/2/2026,19:08:00.403,-0.047E+00,-0.047E+00,-0.047E+00,-0.188E+00,+1.82E+00,-7.74E+00,+5.57E+00,-3.777E+00
2,16/2/2026,19:08:00.403,-0.047E+00,-0.047E+00,-0.047E+00,-0.188E+00,+1.69E+00,-7.69E+00,+5.65E+00,-3.754E+00
2,16/2/2026,19:08:00.403,-0.047E+00,-0.047E+00,-0.047E+00,-0.188E+00,+1.59E+00,-7.65E+00,+5.72E+00,-3.731E+00
2,16/2/2026,19:08:00.403,-0.047E+00,-0.047E+00,-0.047E+00,-0.188E+00,+1.46E+00,-7.60E+00,+5.80E+00,-3.708E+00
2,16/2/2026,19:08:00.403,+0.000E+00,-0.047E+00,-0.047E+00,-0.188E+00,+1.34E+00,-7.55E+00,+5.88E+00,-3.678E+00
2,16/2/2026,19:08:00.403,-0.047E+00,-0.047E+00,+0.000E+00,-0.188E+00,+1.24E+00,-7.51E+00,+5.94E+00,-3.655E+00
2,16/2/2026,19:08:00.403,-0.047E+00,-0.047E+00,-0.047E+00,-0.188E+00,+1.11E+00,-7.45E+00,+6.01E+00,-3.624E+00
2,16/2/2026,19:08:00.403,+0.000E+00,-0.047E+00,-0.047E+00,-0.188E+00,+0.98E+00,-7.40E+00,+6.07E+00,-3.601E+00
2,16/2/2026,19:08:00.403,-0.047E+00,-0.047E+00,+0.000E+00,-0.188E+00,+0.85E+00,-7.34E+00,+6.13E+00,-3.571E+00
2,16/2/2026,19:08:00.403,-0.047E+00,-0.047E+00,+0.000E+00,-0.188E+00,+0.73E+00,-7.28E+00,+6.20E+00,-3.540E+00
2,16/2/2026,19:08:00.403,-0.047E+00,-0.047E+00,-0.047E+00,-0.188E+00,+0.61E+00,-7.23E+00,+6.26E+00,-3.510E+00
2,16/2/2026,19:08:00.403,-0.047E+00,-0.047E+00,-0.047E+00,-0.188E+00,+0.47E+00,-7.17E+00,+6.32E+00,-3.472E+00
2,16/2/2026,19:08:00.403,-0.047E+00,-0.047E+00,-0.047E+00,-0.188E+00,+0.35E+00,-7.10E+00,+6.36E+00,-3.441E+00
2,16/2/2026,19:08:00.403,-0.047E+00,-0.047E+00,-0.047E+00,-0.188E+00,+0.23E+00,-7.02E+00,+6.42E+00,-3.395E+00
2,16/2/2026,19:08:00.403,-0.047E+00,-0.047E+00,-0.047E+00,-0.188E+00,+0.11E+00,-6.93E+00,+6.47E+00,-3.357E+00
2,16/2/2026,19:08:00.403,-0.047E+00,-0.047E+00,-0.047E+00,-0.188E+00,-0.02E+00,-6.85E+00,+6.53E+00,-3.319E+00
2,16/2/2026,19:08:00.403,-0.047E+00,-0.047E+00,-0.047E+00,-0.188E+00,-0.14E+00,-6.78E+00,+6.58E+00,-3.273E+00
2,16/2/2026,19:08:00.403,-0.047E+00,-0.047E+00,-0.047E+00,-0.188E+00,-0.26E+00,-6.68E+00,+6.62E+00,-3.235E+00
2,16/2/2026,19:08:00.403,-0.047E+00,-0.047E+00,-0.047E+00,-0.188E+00,-0.37E+00,-6.61E+00,+6.68E+00,-3.197E+00
2,16/2/2026,19:08:00.403,-0.047E+00,-0.047E+00,+0.000E+00,-0.188E+00,-0.50E+00,-6.52E+00,+6.73E+00,-3.151E+00
2,16/2/2026,19:08:00.404,-0.047E+00,-0.047E+00,+0.000E+00,-0.188E+00,-0.63E+00,-6.42E+00,+6.78E+00,-3.105E+00
2,16/2/2026,19:08:00.404,-0.047E+00,-0.047E+00,+0.000E+00,-0.188E+00,-0.75E+00,-6.35E+00,+6.82E+00,-3.060E+00
2,16/2/2026,19:08:00.404,-0.047E+00,-0.047E+00,+0.000E+00,-0.188E+00,-0.87E+00,-6.26E+00,+6.87E+00,-3.022E+00
2,16/2/2026,19:08:00.404,-0.047E+00,-0.047E+00,+0.000E+00,-0.188E+00,-0.99E+00,-6.17E+00,+6.90E+00,-2.976E+00
2,16/2/2026,19:08:00.404,-0.047E+00,-0.047E+00,-0.047E+00,-0.188E+00,-1.11E+00,-6.09E+00,+6.94E+00,-2.938E+00
2,16/2/2026,19:08:00.404,-0.047E+00,-0.047E+00,-0.047E+00,-0.188E+00,-1.24E+00,-6.00E+00,+6.99E+00,-2.892E+00
2,16/2/2026,19:08:00.404,-0.047E+00,-0.047E+00,-0.047E+00,-0.188E+00,-1.36E+00,-5.91E+00,+7.02E+00,-2.846E+00
2,16/2/2026,19:08:00.404,-0.047E+00,-0.047E+00,-0.047E+00,-0.188E+00,-1.48E+00,-5.83E+00,+7.05E+00,-2.808E+00
2,16/2/2026,19:08:00.404,-0.047E+00,-0.047E+00,-0.047E+00,-0.188E+00,-1.60E+00,-5.74E+00,+7.08E+00,-2.762E+00
2,16/2/2026,19:08:00.404,-0.047E+00,-0.047E+00,-0.047E+00,-0.188E+00,-1.71E+00,-5.66E+00,+7.11E+00,-2.716E+00
2,16/2/2026,19:08:00.404,-0.047E+00,-0.047E+00,-0.047E+00,-0.188E+00,-1.83E+00,-5.57E+00,+7.14E+00,-2.671E+00
2,16/2/2026,19:08:00.404,-0.047E+00,-0.047E+00,-0.047E+00,-0.188E+00,-1.94E+00,-5.48E+00,+7.17E+00,-2.632E+00
2,16/2/2026,19:08:00.404,-0.047E+00,-0.047E+00,-0.047E+00,-0.188E+00,-2.06E+00,-5.40E+00,+7.20E+00,-2.587E+00
2,16/2/2026,19:08:00.404,-0.047E+00,-0.047E+00,-0.047E+00,-0.188E+00,-2.17E+00,-5.31E+00,+7.23E+00,-2.541E+00
2,16/2/2026,19:08:00.404,-0.047E+00,-0.047E+00,-0.047E+00,-0.188E+00,-2.29E+00,-5.22E+00,+7.25E+00,-2.503E+00
2,16/2/2026,19:08:00.404,-0.047E+00,-0.047E+00,+0.000E+00,-0.188E+00,-2.41E+00,-5.14E+00,+7.26E+00,-2.457E+00
2,16/2/2026,19:08:00.404,-0.047E+00,-0.047E+00,+0.000E+00,-0.188E+00,-2.52E+00,-5.05E+00,+7.29E+00,-2.411E+00
2,16/2/2026,19:08:00.404,-0.047E+00,-0.047E+00,+0.000E+00,-0.188E+00,-2.62E+00,-4.96E+00,+7.31E+00,-2.373E+00
2,16/2/2026,19:08:00.404,-0.047E+00,-0.047E+00,+0.000E+00,-0.188E+00,-2.73E+00,-4.87E+00,+7.34E+00,-2.320E+00
2,16/2/2026,19:08:00.404,-0.047E+00,-0.047E+00,-0.047E+00,-0.188E+00,-2.85E+00,-4.78E+00,+7.36E+00,-2.274E+00
2,16/2/2026,19:08:00.405,+0.000E+00,-0.047E+00,-0.047E+00,-0.188E+00,-2.96E+00,-4.68E+00,+7.37E+00,-2.228E+00
2,16/2/2026,19:08:00.405,-0.047E+00,-0.047E+00,-0.047E+00,-0.188E+00,-3.07E+00,-4.59E+00,+7.39E+00,-2.182E+00
2,16/2/2026,19:08:00.405,-0.047E+00,-0.047E+00,-0.047E+00,-0.188E+00,-3.17E+00,-4.50E+00,+7.42E+00,-2.129E+00
2,16/2/2026,19:08:00.405,+0.000E+00,-0.047E+00,-0.047E+00,-0.188E+00,-3.28E+00,-4.39E+00,+7.42E+00,-2.083E+00
2,16/2/2026,19:08:00.405,+0.000E+00,-0.047E+00,-0.047E+00,-0.188E+00,-3.39E+00,-4.30E+00,+7.43E+00,-2.037E+00
2,16/2/2026,19:08:00.405,-0.047E+00,-0.047E+00,+0.000E+00,-0.188E+00,-3.49E+00,-4.20E+00,+7.45E+00,-1.984E+00
2,16/2/2026,19:08:00.405,+0.000E+00,-0.047E+00,-0.047E+00,-0.188E+00,-3.60E+00,-4.10E+00,+7.46E+00,-1.938E+00
2,16/2/2026,19:08:00.405,-0.047E+00,-0.047E+00,-0.047E+00,-0.188E+00,-3.71E+00,-4.00E+00,+7.48E+00,-1.885E+00
2,16/2/2026,19:08:00.405,-0.047E+00,-0.047E+00,-0.047E+00,-0.188E+00,-3.82E+00,-3.89E+00,+7.48E+00,-1.839E+00
2,16/2/2026,19:08:00.405,+0.000E+00,-0.047E+00,-0.047E+00,-0.188E+00,-3.92E+00,-3.78E+00,+7.49E+00,-1.785E+00
2,16/2/2026,19:08:00.405,+0.000E+00,-0.047E+00,+0.000E+00,-0.188E+00,-4.01E+00,-3.68E+00,+7.49E+00,-1.732E+00
2,16/2/2026,19:08:00.405,-0.047E+00,-0.047E+00,-0.047E+00,-0.188E+00,-4.12E+00,-3.59E+00,+7.51E+00,-1.686E+00
2,16/2/2026,19:08:00.405,-0.047E+00,-0.047E+00,-0.047E+00,-0.188E+00,-4.23E+00,-3.48E+00,+7.51E+00,-1.633E+00
2,16/2/2026,19:08:00.405,-0.047E+00,-0.047E+00,+0.000E+00,-0.188E+00,-4.33E+00,-3.37E+00,+7.52E+00,-1.572E+00
2,16/2/2026,19:08:00.405,-0.047E+00,-0.047E+00,+0.000E+00,-0.188E+00,-4.44E+00,-3.25E+00,+7.54E+00,-1.526E+00
2,16/2/2026,19:08:00.405,-0.047E+00,-0.047E+00,-0.047E+00,-0.188E+00,-4.53E+00,-3.14E+00,+7.52E+00,-1.473E+00
2,16/2/2026,19:08:00.405,+0.000E+00,-0.047E+00,-0.047E+00,-0.188E+00,-4.64E+00,-3.04E+00,+7.54E+00,-1.412E+00
2,16/2/2026,19:08:00.405,-0.047E+00,-0.047E+00,+0.000E+00,-0.188E+00,-4.75E+00,-2.93E+00,+7.54E+00,-1.366E+00
2,16/2/2026,19:08:00.405,-0.047E+00,-0.047E+00,-0.047E+00,-0.188E+00,-4.84E+00,-2.81E+00,+7.54E+00,-1.312E+00
2,16/2/2026,19:08:00.405,-0.047E+00,-0.047E+00,-0.047E+00,-0.188E+00,-4.94E+00,-2.70E+00,+7.54E+00,-1.251E+00
2,16/2/2026,19:08:00.406,-0.047E+00,-0.047E+00,-0.047E+00,-0.188E+00,-5.05E+00,-2.59E+00,+7.55E+00,-1.198E+00
2,16/2/2026,19:08:00.406,-0.047E+00,-0.047E+00,+0.000E+00,-0.188E+00,-5.14E+00,-2.47E+00,+7.55E+00,-1.137E+00
2,16/2/2026,19:08:00.406,-0.047E+00,-0.047E+00,-0.047E+00,-0.188E+00,-5.25E+00,-2.37E+00,+7.55E+00,-1.083E+00
2,16/2/2026,19:08:00.406,-0.047E+00,-0.047E+00,-0.047E+00,-0.188E+00,-5.34E+00,-2.26E+00,+7.54E+00,-1.030E+00
2,16/2/2026,19:08:00.406,-0.047E+00,-0.047E+00,-0.047E+00,-0.188E+00,-5.43E+00,-2.14E+00,+7.54E+00,-0.977E+00
2,16/2/2026,19:08:00.406,-0.047E+00,-0.047E+00,-0.047E+00,-0.188E+00,-5.52E+00,-2.01E+00,+7.54E+00,-0.916E+00
2,16/2/2026,19:08:00.406,-0.047E+00,-0.047E+00,-0.047E+00,-0.188E+00,-5.62E+00,-1.91E+00,+7.52E+00,-0.862E+00
2,16/2/2026,19:08:00.406,-0.047E+00,-0.047E+00,+0.000E+00,-0.188E+00,-5.69E+00,-1.79E+00,+7.51E+00,-0.801E+00
2,16/2/2026,19:08:00.406,+0.000E+00,-0.047E+00,-0.047E+00,-0.188E+00,-5.78E+00,-1.66E+00,+7.49E+00,-0.748E+00
2,16/2/2026,19:08:00.406,-0.047E+00,-0.047E+00,-0.047E+00,-0.188E+00,-5.86E+00,-1.54E+00,+7.45E+00,-0.687E+00
2,16/2/2026,19:08:00.406,-0.047E+00,-0.047E+00,-0.047E+00,-0.188E+00,-5.94E+00,-1.42E+00,+7.40E+00,-0.626E+00
2,16/2/2026,19:08:00.406,+0.000E+00,-0.047E+00,+0.000E+00,-0.188E+00,-6.01E+00,-1.31E+00,+7.36E+00,-0.572E+00
2,16/2/2026,19:08:00.406,-0.047E+00,-0.047E+00,+0.000E+00,-0.188E+00,-6.07E+00,-1.19E+00,+7.31E+00,-0.511E+00
2,16/2/2026,19:08:00.406,-0.047E+00,-0.047E+00,-0.047E+00,-0.188E+00,-6.15E+00,-1.05E+00,+7.25E+00,-0.450E+00
2,16/2/2026,19:08:00.406,-0.047E+00,-0.047E+00,-0.047E+00,-0.188E+00,-6.23E+00,-0.95E+00,+7.19E+00,-0.389E+00
2,16/2/2026,19:08:00.406,-0.047E+00,-0.047E+00,-0.047E+00,-0.188E+00,-6.29E+00,-0.82E+00,+7.13E+00,-0.336E+00
2,16/2/2026,19:08:00.406,-0.047E+00,-0.047E+00,-0.047E+00,-0.188E+00,-6.35E+00,-0.72E+00,+7.07E+00,-0.275E+00
2,16/2/2026,19:08:00.406,-0.047E+00,-0.047E+00,-0.047E+00,-0.188E+00,-6.42E+00,-0.60E+00,+7.00E+00,-0.221E+00
2,16/2/2026,19:08:00.406,-0.047E+00,-0.047E+00,+0.000E+00,-0.188E+00,-6.49E+00,-0.47E+00,+6.96E+00,-0.160E+00
2,16/2/2026,19:08:00.406,-0.047E+00,-0.047E+00,-0.047E+00,-0.188E+00,-6.53E+00,-0.35E+00,+6.90E+00,-0.099E+00
2,16/2/2026,19:08:00.407,-0.047E+00,-0.047E+00,-0.047E+00,-0.188E+00,-6.59E+00,-0.23E+00,+6.82E+00,-0.038E+00
2,16/2/2026,19:08:00.407,-0.047E+00,-0.047E+00,+0.000E+00,-0.188E+00,-6.65E+00,-0.11E+00,+6.76E+00,+0.023E+00
2,16/2/2026,19:08:00.407,-0.047E+00,-0.047E+00,+0.000E+00,-0.188E+00,-6.70E+00,+0.02E+00,+6.70E+00,+0.084E+00
2,16/2/2026,19:08:00.407,-0.047E+00,-0.047E+00,+0.000E+00,-0.188E+00,-6.73E+00,+0.14E+00,+6.62E+00,+0.137E+00
2,16/2/2026,19:08:00.407,-0.047E+00,-0.047E+00,+0.000E+00,-0.188E+00,-6.78E+00,+0.26E+00,+6.55E+00,+0.198E+00
2,16/2/2026,19:08:00.407,-0.047E+00,-0.047E+00,-0.047E+00,-0.188E+00,-6.82E+00,+0.37E+00,+6.47E+00,+0.259E+00
2,16/2/2026,19:08:00.407,-0.047E+00,-0.047E+00,-0.047E+00,-0.188E+00,-6.85E+00,+0.50E+00,+6.39E+00,+0.320E+00
2,16/2/2026,19:08:00.407,-0.047E+00,-0.047E+00,-0.047E+00,-0.188E+00,-6.90E+00,+0.63E+00,+6.30E+00,+0.382E+00
2,16/2/2026,19:08:00.407,-0.047E+00,-0.047E+00,-0.047E+00,-0.188E+00,-6.93E+00,+0.75E+00,+6.21E+00,+0.443E+00
2,16/2/2026,19:08:00.407,-0.047E+00,-0.047E+00,-0.047E+00,-0.188E+00,-6.97E+00,+0.87E+00,+6.12E+00,+0.504E+00
2,16/2/2026,19:08:00.407,-0.047E+00,-0.047E+00,+0.000E+00,-0.188E+00,-7.00E+00,+0.99E+00,+6.03E+00,+0.565E+00
2,16/2/2026,19:08:00.407,-0.047E+00,-0.047E+00,+0.000E+00,-0.188E+00,-7.05E+00,+1.11E+00,+5.94E+00,+0.626E+00
2,16/2/2026,19:08:00.407,-0.047E+00,-0.047E+00,+0.000E+00,-0.188E+00,-7.08E+00,+1.24E+00,+5.86E+00,+0.687E+00
2,16/2/2026,19:08:00.407,-0.047E+00,-0.047E+00,+0.000E+00,-0.188E+00,-7.11E+00,+1.37E+00,+5.77E+00,+0.748E+00
2,16/2/2026,19:08:00.407,-0.047E+00,-0.047E+00,-0.047E+00,-0.188E+00,-7.14E+00,+1.50E+00,+5.69E+00,+0.809E+00
2,16/2/2026,19:08:00.407,+0.000E+00,-0.047E+00,-0.047E+00,-0.188E+00,-7.17E+00,+1.60E+00,+5.60E+00,+0.870E+00
2,16/2/2026,19:08:00.407,-0.047E+00,-0.047E+00,-0.047E+00,-0.188E+00,-7.22E+00,+1.74E+00,+5.52E+00,+0.931E+00
2,16/2/2026,19:08:00.407,-0.047E+00,-0.047E+00,-0.047E+00,-0.188E+00,-7.25E+00,+1.86E+00,+5.43E+00,+0.992E+00
2,16/2/2026,19:08:00.407,-0.047E+00,-0.047E+00,-0.047E+00,-0.188E+00,-7.26E+00,+1.97E+00,+5.36E+00,+1.053E+00
2,16/2/2026,19:08:00.407,-0.047E+00,-0.047E+00,-0.047E+00,-0.188E+00,-7.29E+00,+2.09E+00,+5.26E+00,+1.106E+00
2,16/2/2026,19:08:00.408,-0.047E+00,-0.047E+00,-0.047E+00,-0.188E+00,-7.32E+00,+2.21E+00,+5.17E+00,+1.167E+00
2,16/2/2026,19:08:00.408,-0.047E+00,-0.047E+00,-0.047E+00,-0.188E+00,-7.36E+00,+2.33E+00,+5.10E+00,+1.228E+00
2,16/2/2026,19:08:00.408,-0.047E+00,-0.047E+00,+0.000E+00,-0.188E+00,-7.39E+00,+2.44E+00,+4.99E+00,+1.282E+00
2,16/2/2026,19:08:00.408,-0.047E+00,-0.047E+00,+0.000E+00,-0.188E+00,-7.40E+00,+2.56E+00,+4.91E+00,+1.343E+00
2,16/2/2026,19:08:00.408,-0.047E+00,-0.047E+00,-0.047E+00,-0.188E+00,-7.43E+00,+2.67E+00,+4.82E+00,+1.404E+00
2,16/2/2026,19:08:00.408,-0.047E+00,-0.047E+00,+0.000E+00,-0.188E+00,-7.45E+00,+2.79E+00,+4.72E+00,+1.457E+00
2,16/2/2026,19:08:00.408,-0.047E+00,-0.047E+00,+0.000E+00,-0.188E+00,-7.48E+00,+2.91E+00,+4.62E+00,+1.511E+00
2,16/2/2026,19:08:00.408,+0.000E+00,-0.047E+00,-0.047E+00,-0.188E+00,-7.49E+00,+3.02E+00,+4.53E+00,+1.564E+00
2,16/2/2026,19:08:00.408,+0.000E+00,-0.047E+00,-0.047E+00,-0.188E+00,-7.51E+00,+3.13E+00,+4.44E+00,+1.618E+00
2,16/2/2026,19:08:00.408,-0.047E+00,-0.047E+00,-0.047E+00,-0.188E+00,-7.52E+00,+3.24E+00,+4.33E+00,+1.679E+00
2,16/2/2026,19:08:00.408,-0.047E+00,-0.047E+00,-0.047E+00,-0.188E+00,-7.54E+00,+3.34E+00,+4.24E+00,+1.732E+00
2,16/2/2026,19:08:00.408,-0.047E+00,-0.047E+00,+0.000E+00,-0.188E+00,-7.55E+00,+3.45E+00,+4.14E+00,+1.778E+00
2,16/2/2026,19:08:00.408,-0.047E+00,-0.047E+00,-0.047E+00,-0.188E+00,-7.57E+00,+3.56E+00,+4.04E+00,+1.831E+00
2,16/2/2026,19:08:00.408,+0.000E+00,-0.047E+00,-0.047E+00,-0.188E+00,-7.58E+00,+3.66E+00,+3.95E+00,+1.885E+00
2,16/2/2026,19:08:00.408,-0.047E+00,-0.047E+00,-0.047E+00,-0.188E+00,-7.58E+00,+3.77E+00,+3.85E+00,+1.938E+00
2,16/2/2026,19:08:00.408,-0.047E+00,-0.047E+00,-0.047E+00,-0.188E+00,-7.60E+00,+3.88E+00,+3.75E+00,+1.991E+00
2,16/2/2026,19:08:00.408,-0.047E+00,-0.047E+00,-0.047E+00,-0.188E+00,-7.60E+00,+3.98E+00,+3.65E+00,+2.037E+00
2,16/2/2026,19:08:00.408,-0.047E+00,-0.047E+00,-0.047E+00,-0.188E+00,-7.61E+00,+4.07E+00,+3.56E+00,+2.091E+00
2,16/2/2026,19:08:00.408,-0.047E+00,-0.047E+00,-0.047E+00,-0.188E+00,-7.61E+00,+4.18E+00,+3.45E+00,+2.144E+00
2,16/2/2026,19:08:00.408,-0.047E+00,-0.047E+00,-0.047E+00,-0.188E+00,-7.63E+00,+4.29E+00,+3.34E+00,+2.197E+00
2,16/2/2026,19:08:00.409,-0.047E+00,-0.047E+00,+0.000E+00,-0.188E+00,-7.63E+00,+4.38E+00,+3.24E+00,+2.243E+00
2,16/2/2026,19:08:00.409,-0.047E+00,-0.047E+00,-0.047E+00,-0.188E+00,-7.63E+00,+4.49E+00,+3.13E+00,+2.297E+00
2,16/2/2026,19:08:00.409,-0.047E+00,-0.047E+00,-0.047E+00,-0.188E+00,-7.63E+00,+4.58E+00,+3.02E+00,+2.342E+00
2,16/2/2026,19:08:00.409,-0.047E+00,-0.047E+00,-0.047E+00,-0.188E+00,-7.65E+00,+4.68E+00,+2.91E+00,+2.396E+00
2,16/2/2026,19:08:00.409,-0.047E+00,-0.047E+00,+0.000E+00,-0.188E+00,-7.65E+00,+4.78E+00,+2.79E+00,+2.442E+00
2,16/2/2026,19:08:00.409,-0.047E+00,-0.047E+00,-0.047E+00,-0.188E+00,-7.65E+00,+4.88E+00,+2.70E+00,+2.495E+00
2,16/2/2026,19:08:00.409,-0.047E+00,-0.047E+00,-0.047E+00,-0.188E+00,-7.65E+00,+4.97E+00,+2.58E+00,+2.548E+00
2,16/2/2026,19:08:00.409,-0.047E+00,-0.047E+00,-0.047E+00,-0.188E+00,-7.63E+00,+5.08E+00,+2.47E+00,+2.594E+00
2,16/2/2026,19:08:00.409,-0.047E+00,-0.047E+00,-0.047E+00,-0.188E+00,-7.63E+00,+5.17E+00,+2.37E+00,+2.648E+00
2,16/2/2026,19:08:00.409,-0.047E+00,-0.047E+00,+0.000E+00,-0.188E+00,-7.61E+00,+5.28E+00,+2.24E+00,+2.701E+00
2,16/2/2026,19:08:00.409,-0.047E+00,-0.047E+00,+0.000E+00,-0.188E+00,-7.61E+00,+5.37E+00,+2.14E+00,+2.739E+00
2,16/2/2026,19:08:00.409,+0.000E+00,-0.047E+00,+0.000E+00,-0.188E+00,-7.60E+00,+5.46E+00,+2.01E+00,+2.785E+00
2,16/2/2026,19:08:00.409,-0.047E+00,-0.047E+00,-0.047E+00,-0.188E+00,-7.58E+00,+5.54E+00,+1.91E+00,+2.831E+00
2,16/2/2026,19:08:00.409,-0.047E+00,-0.047E+00,-0.047E+00,-0.188E+00,-7.55E+00,+5.63E+00,+1.80E+00,+2.877E+00
2,16/2/2026,19:08:00.409,-0.047E+00,-0.047E+00,+0.000E+00,-0.188E+00,-7.54E+00,+5.71E+00,+1.68E+00,+2.915E+00
2,16/2/2026,19:08:00.409,-0.047E+00,-0.047E+00,-0.047E+00,-0.188E+00,-7.49E+00,+5.78E+00,+1.57E+00,+2.953E+00
2,16/2/2026,19:08:00.409,-0.047E+00,-0.047E+00,-0.047E+00,-0.188E+00,-7.46E+00,+5.88E+00,+1.45E+00,+2.999E+00
2,16/2/2026,19:08:00.409,+0.000E+00,-0.047E+00,+0.000E+00,-0.188E+00,-7.42E+00,+5.94E+00,+1.33E+00,+3.029E+00
2,16/2/2026,19:08:00.409,-0.047E+00,-0.047E+00,+0.000E+00,-0.188E+00,-7.37E+00,+6.01E+00,+1.21E+00,+3.067E+00
2,16/2/2026,19:08:00.409,-0.047E+00,-0.047E+00,-0.047E+00,-0.188E+00,-7.34E+00,+6.09E+00,+1.08E+00,+3.098E+00
2,16/2/2026,19:08:00.410,-0.047E+00,-0.047E+00,+0.000E+00,-0.188E+00,-7.29E+00,+6.15E+00,+0.98E+00,+3.136E+00
2,16/2/2026,19:08:00.410,-0.047E+00,-0.047E+00,-0.047E+00,-0.188E+00,-7.23E+00,+6.21E+00,+0.85E+00,+3.166E+00
2,16/2/2026,19:08:00.410,-0.047E+00,-0.047E+00,-0.047E+00,-0.188E+00,-7.19E+00,+6.27E+00,+0.72E+00,+3.205E+00
2,16/2/2026,19:08:00.410,-0.047E+00,-0.047E+00,-0.047E+00,-0.188E+00,-7.14E+00,+6.35E+00,+0.60E+00,+3.235E+00
2,16/2/2026,19:08:00.410,-0.047E+00,-0.047E+00,-0.047E+00,-0.188E+00,-7.08E+00,+6.41E+00,+0.47E+00,+3.266E+00
2,16/2/2026,19:08:00.410,-0.047E+00,-0.047E+00,+0.000E+00,-0.188E+00,-7.02E+00,+6.47E+00,+0.35E+00,+3.296E+00
2,16/2/2026,19:08:00.410,-0.047E+00,-0.047E+00,-0.047E+00,-0.188E+00,-6.94E+00,+6.53E+00,+0.24E+00,+3.327E+00
2,16/2/2026,19:08:00.410,-0.047E+00,-0.047E+00,-0.047E+00,-0.188E+00,-6.88E+00,+6.59E+00,+0.12E+00,+3.357E+00
2,16/2/2026,19:08:00.410,-0.047E+00,-0.047E+00,+0.000E+00,-0.188E+00,-6.81E+00,+6.65E+00,-0.02E+00,+3.388E+00
2,16/2/2026,19:08:00.410,+0.000E+00,-0.047E+00,-0.047E+00,-0.188E+00,-6.73E+00,+6.71E+00,-0.12E+00,+3.411E+00
2,16/2/2026,19:08:00.410,-0.047E+00,-0.047E+00,+0.000E+00,-0.188E+00,-6.65E+00,+6.76E+00,-0.24E+00,+3.441E+00
2,16/2/2026,19:08:00.410,-0.047E+00,-0.047E+00,+0.000E+00,-0.188E+00,-6.56E+00,+6.82E+00,-0.37E+00,+3.464E+00
2,16/2/2026,19:08:00.410,-0.047E+00,-0.047E+00,-0.047E+00,-0.188E+00,-6.49E+00,+6.87E+00,-0.47E+00,+3.487E+00
2,16/2/2026,19:08:00.410,-0.047E+00,-0.047E+00,-0.047E+00,-0.188E+00,-6.41E+00,+6.90E+00,-0.60E+00,+3.510E+00
2,16/2/2026,19:08:00.410,-0.047E+00,-0.047E+00,+0.000E+00,-0.188E+00,-6.32E+00,+6.94E+00,-0.72E+00,+3.525E+00
2,16/2/2026,19:08:00.410,-0.047E+00,-0.047E+00,+0.000E+00,-0.188E+00,-6.24E+00,+6.99E+00,-0.84E+00,+3.548E+00
2,16/2/2026,19:08:00.410,-0.047E+00,-0.047E+00,-0.047E+00,-0.188E+00,-6.15E+00,+7.03E+00,-0.96E+00,+3.571E+00
2,16/2/2026,19:08:00.410,-0.047E+00,-0.047E+00,-0.047E+00,-0.188E+00,-6.07E+00,+7.07E+00,-1.10E+00,+3.586E+00
2,16/2/2026,19:08:00.410,+0.000E+00,-0.047E+00,-0.047E+00,-0.188E+00,-5.98E+00,+7.10E+00,-1.22E+00,+3.601E+00
2,16/2/2026,19:08:00.410,+0.000E+00,-0.047E+00,-0.047E+00,-0.188E+00,-5.89E+00,+7.14E+00,-1.34E+00,+3.617E+00
2,16/2/2026,19:08:00.411,-0.047E+00,-0.047E+00,-0.047E+00,-0.188E+00,-5.80E+00,+7.17E+00,-1.46E+00,+3.632E+00
2,16/2/2026,19:08:00.411,+0.000E+00,-0.047E+00,-0.047E+00,-0.188E+00,-5.72E+00,+7.20E+00,-1.59E+00,+3.647E+00
2,16/2/2026,19:08:00.411,+0.000E+00,-0.047E+00,+0.000E+00,-0.188E+00,-5.63E+00,+7.23E+00,-1.71E+00,+3.662E+00
2,16/2/2026,19:08:00.411,-0.047E+00,-0.047E+00,+0.000E+00,-0.188E+00,-5.54E+00,+7.25E+00,-1.83E+00,+3.670E+00
2,16/2/2026,19:08:00.411,-0.047E+00,-0.047E+00,+0.000E+00,-0.188E+00,-5.45E+00,+7.28E+00,-1.95E+00,+3.685E+00
2,16/2/2026,19:08:00.411,+0.000E+00,-0.047E+00,-0.047E+00,-0.188E+00,-5.37E+00,+7.31E+00,-2.08E+00,+3.701E+00
2,16/2/2026,19:08:00.411,-0.047E+00,-0.047E+00,-0.047E+00,-0.188E+00,-5.28E+00,+7.32E+00,-2.18E+00,+3.708E+00
2,16/2/2026,19:08:00.411,-0.047E+00,-0.047E+00,-0.047E+00,-0.188E+00,-5.19E+00,+7.36E+00,-2.30E+00,+3.723E+00
2,16/2/2026,19:08:00.411,-0.047E+00,-0.047E+00,-0.047E+00,-0.188E+00,-5.10E+00,+7.37E+00,-2.41E+00,+3.739E+00
2,16/2/2026,19:08:00.411,-0.047E+00,-0.047E+00,-0.047E+00,-0.188E+00,-5.02E+00,+7.40E+00,-2.53E+00,+3.746E+00
2,16/2/2026,19:08:00.411,-0.047E+00,-0.047E+00,+0.000E+00,-0.188E+00,-4.91E+00,+7.42E+00,-2.64E+00,+3.754E+00
2,16/2/2026,19:08:00.411,-0.047E+00,-0.047E+00,-0.047E+00,-0.188E+00,-4.82E+00,+7.45E+00,-2.76E+00,+3.762E+00
2,16/2/2026,19:08:00.411,-0.047E+00,-0.047E+00,-0.047E+00,-0.188E+00,-4.73E+00,+7.46E+00,-2.87E+00,+3.777E+00
2,16/2/2026,19:08:00.411,-0.047E+00,-0.047E+00,+0.000E+00,-0.188E+00,-4.64E+00,+7.48E+00,-2.99E+00,+3.785E+00
2,16/2/2026,19:08:00.411,-0.047E+00,-0.047E+00,+0.000E+00,-0.188E+00,-4.55E+00,+7.49E+00,-3.10E+00,+3.785E+00
2,16/2/2026,19:08:00.411,-0.047E+00,-0.047E+00,+0.000E+00,-0.188E+00,-4.46E+00,+7.51E+00,-3.20E+00,+3.800E+00
2,16/2/2026,19:08:00.411,-0.047E+00,-0.047E+00,+0.000E+00,-0.188E+00,-4.36E+00,+7.52E+00,-3.31E+00,+3.807E+00
2,16/2/2026,19:08:00.411,-0.047E+00,-0.047E+00,+0.000E+00,-0.188E+00,-4.27E+00,+7.54E+00,-3.42E+00,+3.807E+00
2,16/2/2026,19:08:00.411,-0.047E+00,-0.047E+00,+0.000E+00,-0.188E+00,-4.17E+00,+7.55E+00,-3.53E+00,+3.815E+00
2,16/2/2026,19:08:00.411,-0.047E+00,-0.047E+00,-0.047E+00,-0.188E+00,-4.07E+00,+7.57E+00,-3.63E+00,+3.815E+00
2,16/2/2026,19:08:00.411,-0.047E+00,-0.047E+00,-0.047E+00,-0.188E+00,-3.98E+00,+7.57E+00,-3.74E+00,+3.823E+00
2,16/2/2026,19:08:00.412,+0.000E+00,-0.047E+00,+0.000E+00,-0.188E+00,-3.89E+00,+7.58E+00,-3.85E+00,+3.823E+00
2,16/2/2026,19:08:00.412,-0.047E+00,-0.047E+00,+0.000E+00,-0.188E+00,-3.80E+00,+7.58E+00,-3.94E+00,+3.830E+00
2,16/2/2026,19:08:00.412,-0.047E+00,-0.047E+00,-0.047E+00,-0.188E+00,-3.69E+00,+7.60E+00,-4.04E+00,+3.830E+00
2,16/2/2026,19:08:00.412,-0.047E+00,-0.047E+00,-0.047E+00,-0.188E+00,-3.59E+00,+7.61E+00,-4.15E+00,+3.838E+00
2,16/2/2026,19:08:00.412,-0.047E+00,-0.047E+00,+0.000E+00,-0.188E+00,-3.48E+00,+7.61E+00,-4.24E+00,+3.838E+00
2,16/2/2026,19:08:00.412,-0.047E+00,-0.047E+00,-0.047E+00,-0.188E+00,-3.39E+00,+7.61E+00,-4.33E+00,+3.838E+00
2,16/2/2026,19:08:00.412,-0.047E+00,-0.047E+00,-0.047E+00,-0.188E+00,-3.27E+00,+7.63E+00,-4.44E+00,+3.838E+00
2,16/2/2026,19:08:00.412,-0.047E+00,-0.047E+00,-0.047E+00,-0.188E+00,-3.16E+00,+7.63E+00,-4.55E+00,+3.838E+00
2,16/2/2026,19:08:00.412,-0.047E+00,-0.047E+00,+0.000E+00,-0.188E+00,-3.07E+00,+7.63E+00,-4.64E+00,+3.838E+00
2,16/2/2026,19:08:00.412,+0.000E+00,-0.047E+00,+0.000E+00,-0.188E+00,-2.96E+00,+7.63E+00,-4.73E+00,+3.838E+00
2,16/2/2026,19:08:00.412,-0.047E+00,-0.047E+00,+0.000E+00,-0.188E+00,-2.84E+00,+7.63E+00,-4.84E+00,+3.838E+00
2,16/2/2026,19:08:00.412,+0.000E+00,-0.047E+00,+0.000E+00,-0.188E+00,-2.73E+00,+7.63E+00,-4.94E+00,+3.838E+00
2,16/2/2026,19:08:00.412,+0.000E+00,-0.047E+00,+0.000E+00,-0.188E+00,-2.62E+00,+7.63E+00,-5.04E+00,+3.830E+00
2,16/2/2026,19:08:00.412,-0.047E+00,-0.047E+00,+0.000E+00,-0.188E+00,-2.50E+00,+7.63E+00,-5.13E+00,+3.830E+00
2,16/2/2026,19:08:00.412,-0.047E+00,-0.047E+00,-0.047E+00,-0.188E+00,-2.40E+00,+7.63E+00,-5.22E+00,+3.830E+00
2,16/2/2026,19:08:00.412,-0.047E+00,-0.047E+00,-0.047E+00,-0.188E+00,-2.29E+00,+7.61E+00,-5.33E+00,+3.823E+00
2,16/2/2026,19:08:00.412,-0.047E+00,-0.047E+00,-0.047E+00,-0.188E+00,-2.18E+00,+7.60E+00,-5.42E+00,+3.815E+00
2,16/2/2026,19:08:00.412,+0.000E+00,-0.047E+00,-0.047E+00,-0.188E+00,-2.06E+00,+7.58E+00,-5.51E+00,+3.807E+00
2,16/2/2026,19:08:00.412,+0.000E+00,-0.047E+00,-0.047E+00,-0.188E+00,-1.95E+00,+7.57E+00,-5.60E+00,+3.792E+00
2,16/2/2026,19:08:00.412,-0.047E+00,-0.047E+00,-0.047E+00,-0.188E+00,-1.83E+00,+7.54E+00,-5.68E+00,+3.777E+00
2,16/2/2026,19:08:00.413,-0.047E+00,-0.047E+00,-0.047E+00,-0.188E+00,-1.72E+00,+7.49E+00,-5.75E+00,+3.754E+00
2,16/2/2026,19:08:00.413,+0.000E+00,-0.047E+00,-0.047E+00,-0.188E+00,-1.62E+00,+7.45E+00,-5.83E+00,+3.731E+00
2,16/2/2026,19:08:00.413,-0.047E+00,-0.047E+00,-0.047E+00,-0.188E+00,-1.50E+00,+7.40E+00,-5.91E+00,+3.708E+00
2,16/2/2026,19:08:00.413,-0.047E+00,-0.047E+00,-0.047E+00,-0.188E+00,-1.37E+00,+7.34E+00,-5.97E+00,+3.678E+00
2,16/2/2026,19:08:00.413,+0.000E+00,-0.047E+00,-0.047E+00,-0.188E+00,-1.25E+00,+7.29E+00,-6.04E+00,+3.647E+00
2,16/2/2026,19:08:00.413,-0.047E+00,-0.047E+00,+0.000E+00,-0.188E+00,-1.13E+00,+7.25E+00,-6.12E+00,+3.624E+00
2,16/2/2026,19:08:00.413,-0.047E+00,-0.047E+00,-0.047E+00,-0.188E+00,-1.01E+00,+7.19E+00,-6.18E+00,+3.594E+00
2,16/2/2026,19:08:00.413,-0.047E+00,-0.047E+00,-0.047E+00,-0.188E+00,-0.89E+00,+7.14E+00,-6.24E+00,+3.563E+00
2,16/2/2026,19:08:00.413,-0.047E+00,-0.047E+00,+0.000E+00,-0.188E+00,-0.76E+00,+7.08E+00,-6.30E+00,+3.540E+00
2,16/2/2026,19:08:00.413,-0.047E+00,-0.047E+00,-0.047E+00,-0.188E+00,-0.63E+00,+7.02E+00,-6.36E+00,+3.510E+00
2,16/2/2026,19:08:00.413,-0.047E+00,-0.047E+00,-0.047E+00,-0.188E+00,-0.50E+00,+6.96E+00,-6.41E+00,+3.472E+00
2,16/2/2026,19:08:00.413,-0.047E+00,-0.047E+00,-0.047E+00,-0.188E+00,-0.38E+00,+6.88E+00,-6.47E+00,+3.434E+00
2,16/2/2026,19:08:00.413,-0.047E+00,-0.047E+00,-0.047E+00,-0.188E+00,-0.24E+00,+6.81E+00,-6.53E+00,+3.395E+00
2,16/2/2026,19:08:00.413,-0.047E+00,-0.047E+00,-0.047E+00,-0.188E+00,-0.12E+00,+6.73E+00,-6.58E+00,+3.357E+00
2,16/2/2026,19:08:00.413,-0.047E+00,-0.047E+00,-0.047E+00,-0.188E+00,+0.00E+00,+6.65E+00,-6.62E+00,+3.319E+00
2,16/2/2026,19:08:00.413,-0.047E+00,-0.047E+00,-0.047E+00,-0.188E+00,+0.12E+00,+6.56E+00,-6.68E+00,+3.273E+00
2,16/2/2026,19:08:00.413,-0.047E+00,-0.047E+00,-0.047E+00,-0.188E+00,+0.23E+00,+6.49E+00,-6.73E+00,+3.228E+00
2,16/2/2026,19:08:00.413,-0.047E+00,-0.047E+00,+0.000E+00,-0.188E+00,+0.35E+00,+6.39E+00,-6.79E+00,+3.182E+00
2,16/2/2026,19:08:00.413,-0.047E+00,-0.047E+00,+0.000E+00,-0.188E+00,+0.47E+00,+6.32E+00,-6.84E+00,+3.144E+00
2,16/2/2026,19:08:00.413,-0.047E+00,-0.047E+00,-0.047E+00,-0.188E+00,+0.61E+00,+6.23E+00,-6.88E+00,+3.098E+00
2,16/2/2026,19:08:00.414,-0.047E+00,-0.047E+00,-0.047E+00,-0.188E+00,+0.73E+00,+6.13E+00,-6.93E+00,+3.060E+00
2,16/2/2026,19:08:00.414,-0.047E+00,-0.047E+00,-0.047E+00,-0.188E+00,+0.84E+00,+6.04E+00,-6.97E+00,+3.014E+00
2,16/2/2026,19:08:00.414,-0.047E+00,+0.000E+00,-0.047E+00,-0.188E+00,+0.98E+00,+5.97E+00,-7.00E+00,+2.968E+00
2,16/2/2026,19:08:00.414,-0.047E+00,-0.047E+00,-0.047E+00,-0.188E+00,+1.10E+00,+5.88E+00,-7.05E+00,+2.930E+00
2,16/2/2026,19:08:00.414,-0.047E+00,-0.047E+00,-0.047E+00,-0.188E+00,+1.22E+00,+5.78E+00,-7.08E+00,+2.884E+00
2,16/2/2026,19:08:00.414,-0.047E+00,-0.047E+00,-0.047E+00,-0.188E+00,+1.33E+00,+5.71E+00,-7.11E+00,+2.838E+00
2,16/2/2026,19:08:00.414,-0.047E+00,-0.047E+00,-0.047E+00,-0.188E+00,+1.45E+00,+5.62E+00,-7.16E+00,+2.800E+00
2,16/2/2026,19:08:00.414,-0.047E+00,-0.047E+00,-0.047E+00,-0.188E+00,+1.57E+00,+5.52E+00,-7.19E+00,+2.754E+00
2,16/2/2026,19:08:00.414,-0.047E+00,-0.047E+00,-0.047E+00,-0.188E+00,+1.69E+00,+5.45E+00,-7.22E+00,+2.716E+00
2,16/2/2026,19:08:00.414,-0.047E+00,-0.047E+00,-0.047E+00,-0.188E+00,+1.80E+00,+5.36E+00,-7.25E+00,+2.671E+00
2,16/2/2026,19:08:00.414,-0.047E+00,-0.047E+00,+0.000E+00,-0.188E+00,+1.92E+00,+5.26E+00,-7.28E+00,+2.625E+00
2,16/2/2026,19:08:00.414,-0.047E+00,-0.047E+00,-0.047E+00,-0.188E+00,+2.04E+00,+5.19E+00,-7.29E+00,+2.587E+00
2,16/2/2026,19:08:00.414,-0.047E+00,-0.047E+00,-0.047E+00,-0.188E+00,+2.15E+00,+5.10E+00,-7.32E+00,+2.541E+00
2,16/2/2026,19:08:00.414,-0.047E+00,-0.047E+00,-0.047E+00,-0.188E+00,+2.27E+00,+5.01E+00,-7.36E+00,+2.495E+00
2,16/2/2026,19:08:00.414,-0.047E+00,-0.047E+00,+0.000E+00,-0.188E+00,+2.38E+00,+4.91E+00,-7.39E+00,+2.449E+00
2,16/2/2026,19:08:00.414,-0.047E+00,-0.047E+00,+0.000E+00,-0.188E+00,+2.50E+00,+4.84E+00,-7.40E+00,+2.403E+00
2,16/2/2026,19:08:00.414,-0.047E+00,-0.047E+00,-0.047E+00,-0.188E+00,+2.61E+00,+4.73E+00,-7.42E+00,+2.358E+00
2,16/2/2026,19:08:00.414,-0.047E+00,-0.047E+00,-0.047E+00,-0.188E+00,+2.72E+00,+4.65E+00,-7.43E+00,+2.312E+00
2,16/2/2026,19:08:00.414,-0.047E+00,-0.047E+00,-0.047E+00,-0.188E+00,+2.84E+00,+4.56E+00,-7.46E+00,+2.266E+00
2,16/2/2026,19:08:00.414,-0.047E+00,-0.047E+00,+0.000E+00,-0.188E+00,+2.93E+00,+4.47E+00,-7.48E+00,+2.220E+00
2,16/2/2026,19:08:00.415,-0.047E+00,-0.047E+00,+0.000E+00,-0.188E+00,+3.05E+00,+4.36E+00,-7.49E+00,+2.175E+00
2,16/2/2026,19:08:00.415,-0.047E+00,-0.047E+00,-0.047E+00,-0.188E+00,+3.16E+00,+4.27E+00,-7.51E+00,+2.129E+00
2,16/2/2026,19:08:00.415,-0.047E+00,-0.047E+00,+0.000E+00,-0.188E+00,+3.27E+00,+4.17E+00,-7.52E+00,+2.075E+00
2,16/2/2026,19:08:00.415,-0.047E+00,-0.047E+00,+0.000E+00,-0.188E+00,+3.37E+00,+4.07E+00,-7.54E+00,+2.022E+00
2,16/2/2026,19:08:00.415,+0.000E+00,-0.047E+00,-0.047E+00,-0.188E+00,+3.48E+00,+3.98E+00,-7.54E+00,+1.976E+00
2,16/2/2026,19:08:00.415,+0.000E+00,-0.047E+00,-0.047E+00,-0.188E+00,+3.59E+00,+3.88E+00,-7.55E+00,+1.930E+00
2,16/2/2026,19:08:00.415,-0.047E+00,-0.047E+00,+0.000E+00,-0.188E+00,+3.69E+00,+3.77E+00,-7.57E+00,+1.877E+00
2,16/2/2026,19:08:00.415,-0.047E+00,-0.047E+00,+0.000E+00,-0.188E+00,+3.78E+00,+3.68E+00,-7.58E+00,+1.824E+00
2,16/2/2026,19:08:00.415,-0.047E+00,-0.047E+00,-0.047E+00,-0.188E+00,+3.89E+00,+3.57E+00,-7.58E+00,+1.778E+00
2,16/2/2026,19:08:00.415,-0.047E+00,-0.047E+00,-0.047E+00,-0.188E+00,+4.00E+00,+3.46E+00,-7.60E+00,+1.724E+00
2,16/2/2026,19:08:00.415,-0.047E+00,-0.047E+00,+0.000E+00,-0.188E+00,+4.10E+00,+3.36E+00,-7.61E+00,+1.671E+00
2,16/2/2026,19:08:00.415,-0.047E+00,-0.047E+00,-0.047E+00,-0.188E+00,+4.20E+00,+3.25E+00,-7.61E+00,+1.618E+00
2,16/2/2026,19:08:00.415,-0.047E+00,-0.047E+00,+0.000E+00,-0.188E+00,+4.30E+00,+3.14E+00,-7.63E+00,+1.564E+00
2,16/2/2026,19:08:00.415,-0.047E+00,-0.047E+00,+0.000E+00,-0.188E+00,+4.41E+00,+3.04E+00,-7.63E+00,+1.511E+00
2,16/2/2026,19:08:00.415,-0.047E+00,-0.047E+00,-0.047E+00,-0.188E+00,+4.52E+00,+2.93E+00,-7.63E+00,+1.465E+00
2,16/2/2026,19:08:00.415,-0.047E+00,-0.047E+00,-0.047E+00,-0.188E+00,+4.62E+00,+2.82E+00,-7.65E+00,+1.412E+00
2,16/2/2026,19:08:00.415,-0.047E+00,-0.047E+00,-0.047E+00,-0.188E+00,+4.72E+00,+2.70E+00,-7.65E+00,+1.351E+00
2,16/2/2026,19:08:00.415,-0.047E+00,-0.047E+00,+0.000E+00,-0.188E+00,+4.82E+00,+2.59E+00,-7.65E+00,+1.297E+00
2,16/2/2026,19:08:00.415,-0.047E+00,-0.047E+00,+0.000E+00,-0.188E+00,+4.93E+00,+2.47E+00,-7.65E+00,+1.244E+00
2,16/2/2026,19:08:00.415,-0.047E+00,-0.047E+00,-0.047E+00,-0.188E+00,+5.02E+00,+2.37E+00,-7.65E+00,+1.183E+00
2,16/2/2026,19:08:00.416,-0.047E+00,-0.047E+00,-0.047E+00,-0.188E+00,+5.13E+00,+2.26E+00,-7.65E+00,+1.129E+00
2,16/2/2026,19:08:00.416,-0.047E+00,-0.047E+00,-0.047E+00,-0.188E+00,+5.22E+00,+2.14E+00,-7.66E+00,+1.076E+00
2,16/2/2026,19:08:00.416,+0.000E+00,-0.047E+00,+0.000E+00,-0.188E+00,+5.31E+00,+2.01E+00,-7.65E+00,+1.015E+00
2,16/2/2026,19:08:00.416,+0.000E+00,-0.047E+00,+0.000E+00,-0.188E+00,+5.42E+00,+1.91E+00,-7.65E+00,+0.961E+00
2,16/2/2026,19:08:00.416,-0.047E+00,-0.047E+00,-0.047E+00,-0.188E+00,+5.51E+00,+1.79E+00,-7.63E+00,+0.908E+00
2,16/2/2026,19:08:00.416,+0.000E+00,-0.047E+00,-0.047E+00,-0.188E+00,+5.59E+00,+1.68E+00,-7.61E+00,+0.847E+00
2,16/2/2026,19:08:00.416,-0.047E+00,-0.047E+00,-0.047E+00,-0.188E+00,+5.68E+00,+1.56E+00,-7.60E+00,+0.794E+00
2,16/2/2026,19:08:00.416,-0.047E+00,-0.047E+00,-0.047E+00,-0.188E+00,+5.77E+00,+1.43E+00,-7.58E+00,+0.732E+00
2,16/2/2026,19:08:00.416,-0.047E+00,-0.047E+00,+0.000E+00,-0.188E+00,+5.84E+00,+1.31E+00,-7.55E+00,+0.671E+00
2,16/2/2026,19:08:00.416,+0.000E+00,-0.047E+00,-0.047E+00,-0.188E+00,+5.91E+00,+1.19E+00,-7.51E+00,+0.618E+00
2,16/2/2026,19:08:00.416,-0.047E+00,-0.047E+00,+0.000E+00,-0.188E+00,+5.98E+00,+1.07E+00,-7.45E+00,+0.557E+00
2,16/2/2026,19:08:00.416,-0.047E+00,-0.047E+00,+0.000E+00,-0.141E+00,+6.06E+00,+0.96E+00,-7.40E+00,+0.504E+00
2,16/2/2026,19:08:00.416,-0.047E+00,-0.047E+00,-0.047E+00,-0.188E+00,+6.12E+00,+0.84E+00,-7.34E+00,+0.443E+00
2,16/2/2026,19:08:00.416,-0.047E+00,-0.047E+00,-0.047E+00,-0.188E+00,+6.20E+00,+0.72E+00,-7.28E+00,+0.382E+00
2,16/2/2026,19:08:00.416,-0.047E+00,-0.047E+00,-0.047E+00,-0.188E+00,+6.26E+00,+0.60E+00,-7.22E+00,+0.320E+00
2,16/2/2026,19:08:00.416,-0.047E+00,-0.047E+00,-0.047E+00,-0.188E+00,+6.32E+00,+0.49E+00,-7.16E+00,+0.267E+00
2,16/2/2026,19:08:00.416,-0.047E+00,-0.047E+00,+0.000E+00,-0.188E+00,+6.39E+00,+0.37E+00,-7.10E+00,+0.206E+00
2,16/2/2026,19:08:00.416,-0.047E+00,-0.047E+00,+0.000E+00,-0.188E+00,+6.46E+00,+0.24E+00,-7.03E+00,+0.145E+00
2,16/2/2026,19:08:00.416,-0.047E+00,-0.047E+00,-0.047E+00,-0.141E+00,+6.50E+00,+0.12E+00,-6.99E+00,+0.084E+00
2,16/2/2026,19:08:00.416,-0.047E+00,-0.047E+00,-0.047E+00,-0.188E+00,+6.56E+00,+0.00E+00,-6.91E+00,+0.031E+00
2,16/2/2026,19:08:00.417,-0.047E+00,-0.047E+00,-0.047E+00,-0.188E+00,+6.62E+00,-0.12E+00,-6.85E+00,-0.031E+00
2,16/2/2026,19:08:00.417,-0.047E+00,-0.047E+00,-0.047E+00,-0.188E+00,+6.67E+00,-0.24E+00,-6.79E+00,-0.092E+00
2,16/2/2026,19:08:00.417,-0.047E+00,-0.047E+00,-0.047E+00,-0.188E+00,+6.71E+00,-0.35E+00,-6.71E+00,-0.153E+00
2,16/2/2026,19:08:00.417,+0.000E+00,-0.047E+00,-0.047E+00,-0.188E+00,+6.75E+00,-0.47E+00,-6.64E+00,-0.214E+00
2,16/2/2026,19:08:00.417,-0.047E+00,-0.047E+00,-0.047E+00,-0.188E+00,+6.79E+00,-0.60E+00,-6.56E+00,-0.267E+00
2,16/2/2026,19:08:00.417,-0.047E+00,-0.047E+00,-0.047E+00,-0.188E+00,+6.84E+00,-0.72E+00,-6.47E+00,-0.328E+00
2,16/2/2026,19:08:00.417,-0.047E+00,-0.047E+00,-0.047E+00,-0.188E+00,+6.87E+00,-0.84E+00,-6.39E+00,-0.389E+00
2,16/2/2026,19:08:00.417,-0.047E+00,-0.047E+00,-0.047E+00,-0.188E+00,+6.90E+00,-0.96E+00,-6.30E+00,-0.450E+00
2,16/2/2026,19:08:00.417,-0.047E+00,-0.047E+00,-0.047E+00,-0.188E+00,+6.94E+00,-1.08E+00,-6.21E+00,-0.511E+00
2,16/2/2026,19:08:00.417,-0.047E+00,-0.047E+00,-0.047E+00,-0.188E+00,+6.97E+00,-1.21E+00,-6.12E+00,-0.572E+00
2,16/2/2026,19:08:00.417,-0.047E+00,-0.047E+00,-0.047E+00,-0.188E+00,+7.00E+00,-1.33E+00,-6.03E+00,-0.633E+00
2,16/2/2026,19:08:00.417,-0.047E+00,-0.047E+00,+0.000E+00,-0.188E+00,+7.05E+00,-1.45E+00,-5.95E+00,-0.694E+00
2,16/2/2026,19:08:00.417,-0.047E+00,-0.047E+00,+0.000E+00,-0.188E+00,+7.08E+00,-1.57E+00,-5.86E+00,-0.755E+00
2,16/2/2026,19:08:00.417,-0.047E+00,-0.047E+00,+0.000E+00,-0.188E+00,+7.11E+00,-1.69E+00,-5.78E+00,-0.816E+00
2,16/2/2026,19:08:00.417,-0.047E+00,-0.047E+00,-0.047E+00,-0.188E+00,+7.16E+00,-1.83E+00,-5.69E+00,-0.877E+00
2,16/2/2026,19:08:00.417,-0.047E+00,-0.047E+00,-0.047E+00,-0.188E+00,+7.19E+00,-1.95E+00,-5.62E+00,-0.939E+00
2,16/2/2026,19:08:00.417,+0.000E+00,-0.047E+00,-0.047E+00,-0.188E+00,+7.20E+00,-2.06E+00,-5.54E+00,-1.000E+00
2,16/2/2026,19:08:00.417,+0.000E+00,-0.047E+00,-0.047E+00,-0.188E+00,+7.23E+00,-2.18E+00,-5.45E+00,-1.053E+00
2,16/2/2026,19:08:00.417,+0.000E+00,-0.047E+00,-0.047E+00,-0.188E+00,+7.26E+00,-2.30E+00,-5.36E+00,-1.114E+00
2,16/2/2026,19:08:00.417,-0.047E+00,-0.047E+00,+0.000E+00,-0.188E+00,+7.29E+00,-2.43E+00,-5.28E+00,-1.175E+00
2,16/2/2026,19:08:00.418,-0.047E+00,-0.047E+00,+0.000E+00,-0.188E+00,+7.32E+00,-2.55E+00,-5.19E+00,-1.236E+00
2,16/2/2026,19:08:00.418,-0.047E+00,-0.047E+00,-0.047E+00,-0.188E+00,+7.34E+00,-2.67E+00,-5.10E+00,-1.289E+00
2,16/2/2026,19:08:00.418,-0.047E+00,-0.047E+00,+0.000E+00,-0.188E+00,+7.37E+00,-2.78E+00,-5.01E+00,-1.351E+00
2,16/2/2026,19:08:00.418,-0.047E+00,-0.047E+00,-0.047E+00,-0.188E+00,+7.40E+00,-2.90E+00,-4.90E+00,-1.404E+00
2,16/2/2026,19:08:00.418,-0.047E+00,-0.047E+00,-0.047E+00,-0.188E+00,+7.42E+00,-3.01E+00,-4.81E+00,-1.465E+00
2,16/2/2026,19:08:00.418,-0.047E+00,-0.047E+00,-0.047E+00,-0.188E+00,+7.43E+00,-3.13E+00,-4.72E+00,-1.518E+00
2,16/2/2026,19:08:00.418,-0.047E+00,-0.047E+00,-0.047E+00,-0.188E+00,+7.45E+00,-3.24E+00,-4.62E+00,-1.572E+00
2,16/2/2026,19:08:00.418,+0.000E+00,-0.047E+00,-0.047E+00,-0.188E+00,+7.48E+00,-3.34E+00,-4.52E+00,-1.625E+00
2,16/2/2026,19:08:00.418,+0.000E+00,-0.047E+00,-0.047E+00,-0.188E+00,+7.49E+00,-3.45E+00,-4.43E+00,-1.679E+00
2,16/2/2026,19:08:00.418,-0.047E+00,-0.047E+00,-0.047E+00,-0.188E+00,+7.51E+00,-3.57E+00,-4.33E+00,-1.732E+00
2,16/2/2026,19:08:00.418,-0.047E+00,-0.047E+00,+0.000E+00,-0.188E+00,+7.52E+00,-3.66E+00,-4.24E+00,-1.785E+00
2,16/2/2026,19:08:00.418,-0.047E+00,+0.000E+00,+0.000E+00,-0.188E+00,+7.54E+00,-3.77E+00,-4.15E+00,-1.846E+00
2,16/2/2026,19:08:00.418,-0.047E+00,-0.047E+00,-0.047E+00,-0.188E+00,+7.54E+00,-3.88E+00,-4.04E+00,-1.892E+00
2,16/2/2026,19:08:00.418,-0.047E+00,-0.047E+00,-0.047E+00,-0.188E+00,+7.55E+00,-3.98E+00,-3.94E+00,-1.946E+00
2,16/2/2026,19:08:00.418,-0.047E+00,-0.047E+00,-0.047E+00,-0.188E+00,+7.57E+00,-4.09E+00,-3.85E+00,-1.999E+00
2,16/2/2026,19:08:00.418,-0.047E+00,-0.047E+00,-0.047E+00,-0.188E+00,+7.57E+00,-4.20E+00,-3.74E+00,-2.052E+00
2,16/2/2026,19:08:00.418,-0.047E+00,-0.047E+00,-0.047E+00,-0.188E+00,+7.58E+00,-4.29E+00,-3.63E+00,-2.098E+00
2,16/2/2026,19:08:00.418,-0.047E+00,-0.047E+00,-0.047E+00,-0.188E+00,+7.58E+00,-4.39E+00,-3.53E+00,-2.152E+00
2,16/2/2026,19:08:00.418,-0.047E+00,-0.047E+00,-0.047E+00,-0.188E+00,+7.58E+00,-4.50E+00,-3.42E+00,-2.197E+00
2,16/2/2026,19:08:00.418,-0.047E+00,-0.047E+00,-0.047E+00,-0.188E+00,+7.60E+00,-4.59E+00,-3.33E+00,-2.251E+00
2,16/2/2026,19:08:00.419,-0.047E+00,-0.047E+00,+0.000E+00,-0.188E+00,+7.60E+00,-4.68E+00,-3.22E+00,-2.304E+00
2,16/2/2026,19:08:00.419,-0.047E+00,-0.047E+00,+0.000E+00,-0.188E+00,+7.60E+00,-4.79E+00,-3.11E+00,-2.358E+00
2,16/2/2026,19:08:00.419,+0.000E+00,-0.047E+00,+0.000E+00,-0.188E+00,+7.60E+00,-4.90E+00,-2.99E+00,-2.403E+00
2,16/2/2026,19:08:00.419,+0.000E+00,+0.000E+00,+0.000E+00,-0.188E+00,+7.60E+00,-4.99E+00,-2.88E+00,-2.449E+00
2,16/2/2026,19:08:00.419,-0.047E+00,-0.047E+00,-0.047E+00,-0.188E+00,+7.60E+00,-5.10E+00,-2.78E+00,-2.503E+00
2,16/2/2026,19:08:00.419,-0.047E+00,-0.047E+00,-0.047E+00,-0.188E+00,+7.60E+00,-5.19E+00,-2.66E+00,-2.556E+00
2,16/2/2026,19:08:00.419,-0.047E+00,-0.047E+00,-0.047E+00,-0.188E+00,+7.60E+00,-5.30E+00,-2.55E+00,-2.602E+00
2,16/2/2026,19:08:00.419,+0.000E+00,-0.047E+00,-0.047E+00,-0.188E+00,+7.60E+00,-5.39E+00,-2.44E+00,-2.655E+00
2,16/2/2026,19:08:00.419,-0.047E+00,-0.047E+00,-0.047E+00,-0.188E+00,+7.58E+00,-5.48E+00,-2.33E+00,-2.701E+00
2,16/2/2026,19:08:00.419,-0.047E+00,-0.047E+00,-0.047E+00,-0.188E+00,+7.58E+00,-5.59E+00,-2.23E+00,-2.754E+00
2,16/2/2026,19:08:00.419,-0.047E+00,-0.047E+00,-0.047E+00,-0.188E+00,+7.55E+00,-5.68E+00,-2.11E+00,-2.800E+00
2,16/2/2026,19:08:00.419,-0.047E+00,-0.047E+00,-0.047E+00,-0.188E+00,+7.54E+00,-5.77E+00,-2.00E+00,-2.838E+00
2,16/2/2026,19:08:00.419,-0.047E+00,-0.047E+00,+0.000E+00,-0.188E+00,+7.52E+00,-5.84E+00,-1.88E+00,-2.884E+00
2,16/2/2026,19:08:00.419,+0.000E+00,-0.047E+00,-0.047E+00,-0.188E+00,+7.49E+00,-5.92E+00,-1.77E+00,-2.922E+00
2,16/2/2026,19:08:00.419,-0.047E+00,-0.047E+00,-0.047E+00,-0.235E+00,+7.46E+00,-6.01E+00,-1.65E+00,-2.968E+00
2,16/2/2026,19:08:00.419,-0.047E+00,-0.047E+00,+0.000E+00,-0.188E+00,+7.42E+00,-6.07E+00,-1.53E+00,-3.006E+00
2,16/2/2026,19:08:00.419,-0.047E+00,-0.047E+00,-0.047E+00,-0.188E+00,+7.39E+00,-6.17E+00,-1.42E+00,-3.037E+00
2,16/2/2026,19:08:00.419,-0.047E+00,-0.047E+00,-0.047E+00,-0.188E+00,+7.34E+00,-6.23E+00,-1.30E+00,-3.075E+00
2,16/2/2026,19:08:00.419,-0.047E+00,+0.000E+00,+0.000E+00,-0.188E+00,+7.31E+00,-6.29E+00,-1.18E+00,-3.113E+00
2,16/2/2026,19:08:00.419,+0.000E+00,-0.047E+00,+0.000E+00,-0.188E+00,+7.26E+00,-6.36E+00,-1.05E+00,-3.144E+00
2,16/2/2026,19:08:00.420,-0.047E+00,-0.047E+00,-0.047E+00,-0.188E+00,+7.20E+00,-6.42E+00,-0.93E+00,-3.174E+00
2,16/2/2026,19:08:00.420,-0.047E+00,-0.047E+00,-0.047E+00,-0.188E+00,+7.16E+00,-6.49E+00,-0.81E+00,-3.205E+00
2,16/2/2026,19:08:00.420,-0.047E+00,-0.047E+00,+0.000E+00,-0.188E+00,+7.11E+00,-6.55E+00,-0.69E+00,-3.243E+00
2,16/2/2026,19:08:00.420,-0.047E+00,-0.047E+00,-0.047E+00,-0.188E+00,+7.03E+00,-6.62E+00,-0.56E+00,-3.273E+00
2,16/2/2026,19:08:00.420,-0.047E+00,-0.047E+00,+0.000E+00,-0.188E+00,+6.97E+00,-6.68E+00,-0.44E+00,-3.304E+00
2,16/2/2026,19:08:00.420,-0.047E+00,-0.047E+00,+0.000E+00,-0.188E+00,+6.91E+00,-6.75E+00,-0.32E+00,-3.334E+00
2,16/2/2026,19:08:00.420,-0.047E+00,-0.047E+00,+0.000E+00,-0.188E+00,+6.84E+00,-6.81E+00,-0.20E+00,-3.365E+00
2,16/2/2026,19:08:00.420,+0.000E+00,-0.047E+00,-0.047E+00,-0.188E+00,+6.76E+00,-6.87E+00,-0.08E+00,-3.388E+00
2,16/2/2026,19:08:00.420,+0.000E+00,-0.047E+00,-0.047E+00,-0.188E+00,+6.70E+00,-6.93E+00,+0.05E+00,-3.418E+00
2,16/2/2026,19:08:00.420,-0.047E+00,-0.047E+00,+0.000E+00,-0.188E+00,+6.62E+00,-6.97E+00,+0.17E+00,-3.449E+00
2,16/2/2026,19:08:00.420,-0.047E+00,-0.047E+00,+0.000E+00,-0.188E+00,+6.55E+00,-7.02E+00,+0.29E+00,-3.472E+00
2,16/2/2026,19:08:00.420,+0.000E+00,-0.047E+00,+0.000E+00,-0.188E+00,+6.46E+00,-7.08E+00,+0.40E+00,-3.495E+00
2,16/2/2026,19:08:00.420,+0.000E+00,-0.047E+00,+0.000E+00,-0.188E+00,+6.38E+00,-7.13E+00,+0.52E+00,-3.517E+00
2,16/2/2026,19:08:00.420,-0.047E+00,-0.047E+00,-0.047E+00,-0.188E+00,+6.29E+00,-7.16E+00,+0.64E+00,-3.533E+00
2,16/2/2026,19:08:00.420,-0.047E+00,-0.047E+00,-0.047E+00,-0.188E+00,+6.20E+00,-7.20E+00,+0.76E+00,-3.556E+00
2,16/2/2026,19:08:00.420,-0.047E+00,-0.047E+00,-0.047E+00,-0.188E+00,+6.10E+00,-7.23E+00,+0.89E+00,-3.571E+00
2,16/2/2026,19:08:00.420,-0.047E+00,-0.047E+00,-0.047E+00,-0.188E+00,+6.03E+00,-7.28E+00,+1.01E+00,-3.594E+00
2,16/2/2026,19:08:00.420,-0.047E+00,-0.047E+00,-0.047E+00,-0.188E+00,+5.94E+00,-7.31E+00,+1.13E+00,-3.609E+00
2,16/2/2026,19:08:00.420,-0.047E+00,-0.047E+00,+0.000E+00,-0.188E+00,+5.84E+00,-7.34E+00,+1.25E+00,-3.624E+00
2,16/2/2026,19:08:00.420,-0.047E+00,-0.047E+00,-0.047E+00,-0.188E+00,+5.77E+00,-7.37E+00,+1.39E+00,-3.640E+00
2,16/2/2026,19:08:00.421,-0.047E+00,-0.047E+00,-0.047E+00,-0.188E+00,+5.68E+00,-7.40E+00,+1.51E+00,-3.655E+00
2,16/2/2026,19:08:00.421,-0.047E+00,-0.047E+00,+0.000E+00,-0.188E+00,+5.60E+00,-7.43E+00,+1.63E+00,-3.662E+00
2,16/2/2026,19:08:00.421,-0.047E+00,-0.047E+00,-0.047E+00,-0.188E+00,+5.51E+00,-7.46E+00,+1.75E+00,-3.678E+00
2,16/2/2026,19:08:00.421,-0.047E+00,-0.047E+00,-0.047E+00,-0.188E+00,+5.42E+00,-7.49E+00,+1.86E+00,-3.693E+00
2,16/2/2026,19:08:00.421,-0.047E+00,-0.047E+00,+0.000E+00,-0.188E+00,+5.33E+00,-7.51E+00,+1.98E+00,-3.708E+00
2,16/2/2026,19:08:00.421,-0.047E+00,-0.047E+00,+0.000E+00,-0.188E+00,+5.25E+00,-7.54E+00,+2.11E+00,-3.716E+00
2,16/2/2026,19:08:00.421,-0.047E+00,-0.047E+00,-0.047E+00,-0.188E+00,+5.16E+00,-7.55E+00,+2.21E+00,-3.723E+00
2,16/2/2026,19:08:00.421,-0.047E+00,-0.047E+00,+0.000E+00,-0.188E+00,+5.07E+00,-7.58E+00,+2.32E+00,-3.739E+00
2,16/2/2026,19:08:00.421,+0.000E+00,-0.047E+00,-0.047E+00,-0.188E+00,+4.97E+00,-7.60E+00,+2.44E+00,-3.754E+00
2,16/2/2026,19:08:00.421,+0.000E+00,-0.047E+00,-0.047E+00,-0.188E+00,+4.88E+00,-7.63E+00,+2.56E+00,-3.762E+00
2,16/2/2026,19:08:00.421,+0.000E+00,-0.047E+00,+0.000E+00,-0.188E+00,+4.79E+00,-7.65E+00,+2.67E+00,-3.769E+00
2,16/2/2026,19:08:00.421,-0.047E+00,-0.047E+00,-0.047E+00,-0.188E+00,+4.70E+00,-7.68E+00,+2.78E+00,-3.777E+00
2,16/2/2026,19:08:00.421,-0.047E+00,-0.047E+00,-0.047E+00,-0.188E+00,+4.61E+00,-7.69E+00,+2.90E+00,-3.785E+00
2,16/2/2026,19:08:00.421,-0.047E+00,-0.047E+00,+0.000E+00,-0.188E+00,+4.52E+00,-7.71E+00,+3.01E+00,-3.792E+00
2,16/2/2026,19:08:00.421,-0.047E+00,-0.047E+00,+0.000E+00,-0.188E+00,+4.41E+00,-7.72E+00,+3.11E+00,-3.800E+00
2,16/2/2026,19:08:00.421,-0.047E+00,-0.047E+00,-0.047E+00,-0.188E+00,+4.33E+00,-7.74E+00,+3.22E+00,-3.807E+00
2,16/2/2026,19:08:00.421,-0.047E+00,-0.047E+00,-0.047E+00,-0.188E+00,+4.23E+00,-7.74E+00,+3.33E+00,-3.815E+00
2,16/2/2026,19:08:00.421,-0.047E+00,-0.047E+00,+0.000E+00,-0.188E+00,+4.14E+00,-7.75E+00,+3.43E+00,-3.815E+00
2,16/2/2026,19:08:00.421,-0.047E+00,-0.047E+00,+0.000E+00,-0.188E+00,+4.04E+00,-7.77E+00,+3.54E+00,-3.823E+00
2,16/2/2026,19:08:00.421,-0.047E+00,-0.047E+00,-0.047E+00,-0.188E+00,+3.95E+00,-7.78E+00,+3.65E+00,-3.823E+00
2,16/2/2026,19:08:00.422,-0.047E+00,-0.047E+00,+0.000E+00,-0.188E+00,+3.85E+00,-7.80E+00,+3.74E+00,-3.830E+00
2,16/2/2026,19:08:00.422,-0.047E+00,-0.047E+00,+0.000E+00,-0.188E+00,+3.75E+00,-7.80E+00,+3.85E+00,-3.838E+00
2,16/2/2026,19:08:00.422,-0.047E+00,-0.047E+00,+0.000E+00,-0.188E+00,+3.65E+00,-7.80E+00,+3.95E+00,-3.838E+00
2,16/2/2026,19:08:00.422,-0.047E+00,-0.047E+00,-0.047E+00,-0.188E+00,+3.54E+00,-7.81E+00,+4.06E+00,-3.838E+00
2,16/2/2026,19:08:00.422,-0.047E+00,-0.047E+00,-0.047E+00,-0.188E+00,+3.43E+00,-7.81E+00,+4.17E+00,-3.846E+00
2,16/2/2026,19:08:00.422,-0.047E+00,-0.047E+00,-0.047E+00,-0.188E+00,+3.34E+00,-7.81E+00,+4.26E+00,-3.846E+00
2,16/2/2026,19:08:00.422,-0.047E+00,-0.047E+00,-0.047E+00,-0.188E+00,+3.24E+00,-7.83E+00,+4.36E+00,-3.846E+00
2,16/2/2026,19:08:00.422,+0.000E+00,-0.047E+00,+0.000E+00,-0.188E+00,+3.11E+00,-7.83E+00,+4.46E+00,-3.838E+00
2,16/2/2026,19:08:00.422,-0.047E+00,-0.047E+00,+0.000E+00,-0.188E+00,+3.02E+00,-7.83E+00,+4.56E+00,-3.838E+00
2,16/2/2026,19:08:00.422,-0.047E+00,-0.047E+00,+0.000E+00,-0.188E+00,+2.91E+00,-7.83E+00,+4.65E+00,-3.846E+00
2,16/2/2026,19:08:00.422,+0.000E+00,-0.047E+00,+0.000E+00,-0.188E+00,+2.79E+00,-7.84E+00,+4.75E+00,-3.838E+00
2,16/2/2026,19:08:00.422,-0.047E+00,-0.047E+00,-0.047E+00,-0.188E+00,+2.70E+00,-7.84E+00,+4.85E+00,-3.838E+00
2,16/2/2026,19:08:00.422,-0.047E+00,-0.047E+00,-0.047E+00,-0.188E+00,+2.58E+00,-7.84E+00,+4.94E+00,-3.838E+00
2,16/2/2026,19:08:00.422,-0.047E+00,-0.047E+00,-0.047E+00,-0.188E+00,+2.47E+00,-7.83E+00,+5.04E+00,-3.838E+00
2,16/2/2026,19:08:00.422,+0.000E+00,-0.047E+00,-0.047E+00,-0.188E+00,+2.35E+00,-7.83E+00,+5.14E+00,-3.830E+00
2,16/2/2026,19:08:00.422,-0.047E+00,-0.047E+00,-0.047E+00,-0.188E+00,+2.24E+00,-7.81E+00,+5.23E+00,-3.823E+00
2,16/2/2026,19:08:00.422,-0.047E+00,-0.047E+00,+0.000E+00,-0.188E+00,+2.12E+00,-7.81E+00,+5.33E+00,-3.815E+00
2,16/2/2026,19:08:00.422,-0.047E+00,-0.047E+00,-0.047E+00,-0.188E+00,+2.01E+00,-7.78E+00,+5.42E+00,-3.800E+00
2,16/2/2026,19:08:00.422,-0.047E+00,-0.047E+00,-0.047E+00,-0.188E+00,+1.91E+00,-7.77E+00,+5.49E+00,-3.792E+00
2,16/2/2026,19:08:00.422,-0.047E+00,-0.047E+00,-0.047E+00,-0.188E+00,+1.79E+00,-7.72E+00,+5.57E+00,-3.769E+00
2,16/2/2026,19:08:00.423,-0.047E+00,-0.047E+00,+0.000E+00,-0.188E+00,+1.68E+00,-7.69E+00,+5.66E+00,-3.746E+00
2,16/2/2026,19:08:00.423,-0.047E+00,-0.047E+00,-0.047E+00,-0.188E+00,+1.56E+00,-7.65E+00,+5.74E+00,-3.723E+00
2,16/2/2026,19:08:00.423,-0.047E+00,-0.047E+00,+0.000E+00,-0.188E+00,+1.43E+00,-7.60E+00,+5.81E+00,-3.701E+00
2,16/2/2026,19:08:00.423,-0.047E+00,-0.047E+00,+0.000E+00,-0.188E+00,+1.31E+00,-7.54E+00,+5.89E+00,-3.670E+00
2,16/2/2026,19:08:00.423,-0.047E+00,-0.047E+00,-0.047E+00,-0.235E+00,+1.21E+00,-7.48E+00,+5.97E+00,-3.647E+00
2,16/2/2026,19:08:00.423,-0.047E+00,-0.047E+00,-0.047E+00,-0.188E+00,+1.08E+00,-7.45E+00,+6.03E+00,-3.617E+00
2,16/2/2026,19:08:00.423,-0.047E+00,-0.047E+00,-0.047E+00,-0.188E+00,+0.96E+00,-7.40E+00,+6.09E+00,-3.594E+00
2,16/2/2026,19:08:00.423,-0.047E+00,-0.047E+00,+0.000E+00,-0.188E+00,+0.84E+00,-7.34E+00,+6.15E+00,-3.563E+00
2,16/2/2026,19:08:00.423,-0.047E+00,-0.047E+00,+0.000E+00,-0.188E+00,+0.72E+00,-7.28E+00,+6.21E+00,-3.540E+00
2,16/2/2026,19:08:00.423,-0.047E+00,-0.047E+00,+0.000E+00,-0.188E+00,+0.58E+00,-7.22E+00,+6.27E+00,-3.502E+00
2,16/2/2026,19:08:00.423,-0.047E+00,-0.047E+00,+0.000E+00,-0.188E+00,+0.46E+00,-7.14E+00,+6.32E+00,-3.472E+00
2,16/2/2026,19:08:00.423,-0.047E+00,-0.047E+00,-0.047E+00,-0.188E+00,+0.32E+00,-7.08E+00,+6.38E+00,-3.434E+00
2,16/2/2026,19:08:00.423,-0.047E+00,-0.047E+00,+0.000E+00,-0.188E+00,+0.20E+00,-6.99E+00,+6.42E+00,-3.388E+00
2,16/2/2026,19:08:00.423,-0.047E+00,-0.047E+00,+0.000E+00,-0.188E+00,+0.08E+00,-6.91E+00,+6.49E+00,-3.350E+00
2,16/2/2026,19:08:00.423,-0.047E+00,-0.047E+00,+0.000E+00,-0.188E+00,-0.05E+00,-6.84E+00,+6.53E+00,-3.311E+00
2,16/2/2026,19:08:00.423,-0.047E+00,-0.047E+00,-0.047E+00,-0.188E+00,-0.17E+00,-6.75E+00,+6.59E+00,-3.266E+00
2,16/2/2026,19:08:00.423,-0.047E+00,-0.047E+00,-0.047E+00,-0.188E+00,-0.29E+00,-6.67E+00,+6.64E+00,-3.228E+00
2,16/2/2026,19:08:00.423,-0.047E+00,-0.047E+00,+0.000E+00,-0.188E+00,-0.41E+00,-6.59E+00,+6.68E+00,-3.182E+00
2,16/2/2026,19:08:00.423,-0.047E+00,-0.047E+00,-0.047E+00,-0.188E+00,-0.53E+00,-6.50E+00,+6.73E+00,-3.144E+00
2,16/2/2026,19:08:00.423,-0.047E+00,-0.047E+00,+0.000E+00,-0.188E+00,-0.66E+00,-6.42E+00,+6.78E+00,-3.098E+00
2,16/2/2026,19:08:00.424,-0.047E+00,-0.047E+00,+0.000E+00,-0.188E+00,-0.78E+00,-6.33E+00,+6.84E+00,-3.052E+00
2,16/2/2026,19:08:00.424,+0.000E+00,-0.047E+00,-0.047E+00,-0.188E+00,-0.90E+00,-6.24E+00,+6.87E+00,-3.014E+00
2,16/2/2026,19:08:00.424,-0.047E+00,-0.047E+00,-0.047E+00,-0.188E+00,-1.02E+00,-6.15E+00,+6.91E+00,-2.968E+00
2,16/2/2026,19:08:00.424,-0.047E+00,-0.047E+00,-0.047E+00,-0.188E+00,-1.13E+00,-6.06E+00,+6.96E+00,-2.922E+00
2,16/2/2026,19:08:00.424,-0.047E+00,-0.047E+00,-0.047E+00,-0.188E+00,-1.25E+00,-5.98E+00,+6.99E+00,-2.884E+00
2,16/2/2026,19:08:00.424,-0.047E+00,-0.047E+00,+0.000E+00,-0.188E+00,-1.39E+00,-5.91E+00,+7.02E+00,-2.838E+00
2,16/2/2026,19:08:00.424,-0.047E+00,-0.047E+00,-0.047E+00,-0.188E+00,-1.50E+00,-5.81E+00,+7.07E+00,-2.793E+00
2,16/2/2026,19:08:00.424,+0.000E+00,-0.047E+00,-0.047E+00,-0.141E+00,-1.62E+00,-5.72E+00,+7.08E+00,-2.754E+00
2,16/2/2026,19:08:00.424,-0.047E+00,-0.047E+00,+0.000E+00,-0.188E+00,-1.74E+00,-5.65E+00,+7.11E+00,-2.709E+00
2,16/2/2026,19:08:00.424,-0.047E+00,-0.047E+00,-0.047E+00,-0.188E+00,-1.86E+00,-5.55E+00,+7.14E+00,-2.663E+00
2,16/2/2026,19:08:00.424,-0.047E+00,-0.047E+00,-0.047E+00,-0.188E+00,-1.97E+00,-5.46E+00,+7.19E+00,-2.625E+00
2,16/2/2026,19:08:00.424,-0.047E+00,-0.047E+00,-0.047E+00,-0.188E+00,-2.09E+00,-5.39E+00,+7.20E+00,-2.579E+00
2,16/2/2026,19:08:00.424,-0.047E+00,-0.047E+00,-0.047E+00,-0.188E+00,-2.20E+00,-5.30E+00,+7.23E+00,-2.533E+00
2,16/2/2026,19:08:00.424,-0.047E+00,-0.047E+00,+0.000E+00,-0.188E+00,-2.32E+00,-5.20E+00,+7.25E+00,-2.495E+00
2,16/2/2026,19:08:00.424,-0.047E+00,-0.047E+00,+0.000E+00,-0.188E+00,-2.43E+00,-5.11E+00,+7.28E+00,-2.449E+00
2,16/2/2026,19:08:00.424,-0.047E+00,-0.047E+00,+0.000E+00,-0.188E+00,-2.53E+00,-5.04E+00,+7.29E+00,-2.403E+00
2,16/2/2026,19:08:00.424,-0.047E+00,-0.047E+00,-0.047E+00,-0.188E+00,-2.66E+00,-4.94E+00,+7.32E+00,-2.358E+00
2,16/2/2026,19:08:00.424,-0.047E+00,-0.047E+00,-0.047E+00,-0.188E+00,-2.76E+00,-4.84E+00,+7.34E+00,-2.312E+00
2,16/2/2026,19:08:00.424,+0.000E+00,-0.047E+00,-0.047E+00,-0.188E+00,-2.87E+00,-4.75E+00,+7.36E+00,-2.266E+00
2,16/2/2026,19:08:00.424,+0.000E+00,-0.047E+00,-0.047E+00,-0.188E+00,-2.99E+00,-4.65E+00,+7.37E+00,-2.220E+00
2,16/2/2026,19:08:00.425,-0.047E+00,-0.047E+00,-0.047E+00,-0.188E+00,-3.10E+00,-4.56E+00,+7.40E+00,-2.175E+00
2,16/2/2026,19:08:00.425,-0.047E+00,-0.047E+00,-0.047E+00,-0.188E+00,-3.20E+00,-4.47E+00,+7.42E+00,-2.121E+00
2,16/2/2026,19:08:00.425,-0.047E+00,-0.047E+00,-0.047E+00,-0.188E+00,-3.31E+00,-4.36E+00,+7.43E+00,-2.075E+00
2,16/2/2026,19:08:00.425,-0.047E+00,-0.047E+00,-0.047E+00,-0.188E+00,-3.40E+00,-4.27E+00,+7.45E+00,-2.022E+00
2,16/2/2026,19:08:00.425,-0.047E+00,-0.047E+00,-0.047E+00,-0.188E+00,-3.53E+00,-4.18E+00,+7.45E+00,-1.976E+00
2,16/2/2026,19:08:00.425,-0.047E+00,-0.047E+00,+0.000E+00,-0.141E+00,-3.63E+00,-4.07E+00,+7.46E+00,-1.923E+00
2,16/2/2026,19:08:00.425,-0.047E+00,-0.047E+00,+0.000E+00,-0.188E+00,-3.72E+00,-3.97E+00,+7.48E+00,-1.877E+00
2,16/2/2026,19:08:00.425,-0.047E+00,-0.047E+00,+0.000E+00,-0.188E+00,-3.83E+00,-3.86E+00,+7.48E+00,-1.824E+00
2,16/2/2026,19:08:00.425,-0.047E+00,-0.047E+00,-0.047E+00,-0.188E+00,-3.94E+00,-3.77E+00,+7.49E+00,-1.770E+00
2,16/2/2026,19:08:00.425,-0.047E+00,-0.047E+00,-0.047E+00,-0.141E+00,-4.04E+00,-3.66E+00,+7.51E+00,-1.724E+00
2,16/2/2026,19:08:00.425,-0.047E+00,-0.047E+00,+0.000E+00,-0.188E+00,-4.14E+00,-3.56E+00,+7.51E+00,-1.671E+00
2,16/2/2026,19:08:00.425,-0.047E+00,-0.047E+00,+0.000E+00,-0.188E+00,-4.24E+00,-3.45E+00,+7.51E+00,-1.618E+00
2,16/2/2026,19:08:00.425,-0.047E+00,-0.047E+00,-0.047E+00,-0.188E+00,-4.35E+00,-3.34E+00,+7.52E+00,-1.564E+00
2,16/2/2026,19:08:00.425,-0.047E+00,-0.047E+00,-0.047E+00,-0.188E+00,-4.46E+00,-3.24E+00,+7.54E+00,-1.511E+00
2,16/2/2026,19:08:00.425,-0.047E+00,-0.047E+00,-0.047E+00,-0.188E+00,-4.56E+00,-3.13E+00,+7.54E+00,-1.457E+00
2,16/2/2026,19:08:00.425,-0.047E+00,-0.047E+00,-0.047E+00,-0.188E+00,-4.65E+00,-3.02E+00,+7.54E+00,-1.404E+00
2,16/2/2026,19:08:00.425,-0.047E+00,-0.047E+00,-0.047E+00,-0.188E+00,-4.76E+00,-2.90E+00,+7.54E+00,-1.343E+00
2,16/2/2026,19:08:00.425,-0.047E+00,-0.047E+00,+0.000E+00,-0.188E+00,-4.87E+00,-2.79E+00,+7.54E+00,-1.289E+00
2,16/2/2026,19:08:00.425,-0.047E+00,-0.047E+00,+0.000E+00,-0.188E+00,-4.96E+00,-2.67E+00,+7.54E+00,-1.236E+00
2,16/2/2026,19:08:00.425,-0.047E+00,-0.047E+00,-0.047E+00,-0.188E+00,-5.07E+00,-2.56E+00,+7.55E+00,-1.183E+00
2,16/2/2026,19:08:00.426,-0.047E+00,-0.047E+00,-0.047E+00,-0.188E+00,-5.16E+00,-2.46E+00,+7.55E+00,-1.129E+00
2,16/2/2026,19:08:00.426,-0.047E+00,-0.047E+00,+0.000E+00,-0.188E+00,-5.26E+00,-2.33E+00,+7.54E+00,-1.076E+00
2,16/2/2026,19:08:00.426,-0.047E+00,-0.047E+00,-0.047E+00,-0.188E+00,-5.36E+00,-2.23E+00,+7.54E+00,-1.015E+00
2,16/2/2026,19:08:00.426,-0.047E+00,+0.000E+00,-0.047E+00,-0.188E+00,-5.46E+00,-2.11E+00,+7.54E+00,-0.961E+00
2,16/2/2026,19:08:00.426,+0.000E+00,+0.000E+00,-0.047E+00,-0.188E+00,-5.54E+00,-1.98E+00,+7.54E+00,-0.908E+00
2,16/2/2026,19:08:00.426,-0.047E+00,-0.047E+00,-0.047E+00,-0.188E+00,-5.63E+00,-1.86E+00,+7.52E+00,-0.847E+00
2,16/2/2026,19:08:00.426,-0.047E+00,-0.047E+00,-0.047E+00,-0.188E+00,-5.71E+00,-1.75E+00,+7.49E+00,-0.786E+00
2,16/2/2026,19:08:00.426,-0.047E+00,-0.047E+00,+0.000E+00,-0.188E+00,-5.80E+00,-1.63E+00,+7.46E+00,-0.732E+00
2,16/2/2026,19:08:00.426,-0.047E+00,-0.047E+00,+0.000E+00,-0.188E+00,-5.88E+00,-1.51E+00,+7.43E+00,-0.671E+00
2,16/2/2026,19:08:00.426,-0.047E+00,-0.047E+00,-0.047E+00,-0.188E+00,-5.95E+00,-1.39E+00,+7.39E+00,-0.618E+00
2,16/2/2026,19:08:00.426,-0.047E+00,-0.047E+00,-0.047E+00,-0.188E+00,-6.03E+00,-1.27E+00,+7.36E+00,-0.557E+00
2,16/2/2026,19:08:00.426,-0.047E+00,-0.047E+00,+0.000E+00,-0.188E+00,-6.09E+00,-1.14E+00,+7.29E+00,-0.496E+00
2,16/2/2026,19:08:00.426,-0.047E+00,-0.047E+00,+0.000E+00,-0.188E+00,-6.17E+00,-1.04E+00,+7.23E+00,-0.435E+00
2,16/2/2026,19:08:00.426,-0.047E+00,-0.047E+00,-0.047E+00,-0.188E+00,-6.23E+00,-0.92E+00,+7.17E+00,-0.382E+00
2,16/2/2026,19:08:00.426,-0.047E+00,-0.047E+00,-0.047E+00,-0.188E+00,-6.30E+00,-0.79E+00,+7.11E+00,-0.320E+00
2,16/2/2026,19:08:00.426,-0.047E+00,-0.047E+00,-0.047E+00,-0.188E+00,-6.36E+00,-0.69E+00,+7.05E+00,-0.267E+00
2,16/2/2026,19:08:00.426,+0.000E+00,-0.047E+00,+0.000E+00,-0.188E+00,-6.42E+00,-0.56E+00,+6.99E+00,-0.206E+00
2,16/2/2026,19:08:00.426,-0.047E+00,-0.047E+00,+0.000E+00,-0.188E+00,-6.49E+00,-0.44E+00,+6.93E+00,-0.145E+00
2,16/2/2026,19:08:00.426,-0.047E+00,-0.047E+00,-0.047E+00,-0.188E+00,-6.55E+00,-0.32E+00,+6.87E+00,-0.084E+00
2,16/2/2026,19:08:00.426,-0.047E+00,-0.047E+00,-0.047E+00,-0.188E+00,-6.61E+00,-0.21E+00,+6.81E+00,-0.031E+00
2,16/2/2026,19:08:00.427,-0.047E+00,-0.047E+00,+0.000E+00,-0.188E+00,-6.65E+00,-0.08E+00,+6.75E+00,+0.031E+00
2,16/2/2026,19:08:00.427,-0.047E+00,-0.047E+00,+0.000E+00,-0.188E+00,-6.70E+00,+0.05E+00,+6.67E+00,+0.092E+00
2,16/2/2026,19:08:00.427,-0.047E+00,-0.047E+00,-0.047E+00,-0.188E+00,-6.75E+00,+0.17E+00,+6.61E+00,+0.153E+00
2,16/2/2026,19:08:00.427,-0.047E+00,-0.047E+00,+0.000E+00,-0.235E+00,-6.79E+00,+0.29E+00,+6.53E+00,+0.214E+00
2,16/2/2026,19:08:00.427,+0.000E+00,-0.047E+00,-0.047E+00,-0.188E+00,-6.82E+00,+0.41E+00,+6.46E+00,+0.275E+00
2,16/2/2026,19:08:00.427,-0.047E+00,-0.047E+00,-0.047E+00,-0.188E+00,-6.87E+00,+0.53E+00,+6.36E+00,+0.336E+00
2,16/2/2026,19:08:00.427,-0.047E+00,-0.047E+00,+0.000E+00,-0.188E+00,-6.90E+00,+0.66E+00,+6.29E+00,+0.397E+00
2,16/2/2026,19:08:00.427,-0.047E+00,-0.047E+00,+0.000E+00,-0.188E+00,-6.94E+00,+0.76E+00,+6.20E+00,+0.458E+00
2,16/2/2026,19:08:00.427,+0.000E+00,-0.047E+00,+0.000E+00,-0.188E+00,-6.97E+00,+0.89E+00,+6.10E+00,+0.511E+00
2,16/2/2026,19:08:00.427,-0.047E+00,-0.047E+00,+0.000E+00,-0.188E+00,-7.02E+00,+1.02E+00,+6.01E+00,+0.580E+00
2,16/2/2026,19:08:00.427,-0.047E+00,-0.047E+00,+0.000E+00,-0.188E+00,-7.03E+00,+1.14E+00,+5.92E+00,+0.641E+00
2,16/2/2026,19:08:00.427,-0.047E+00,-0.047E+00,-0.047E+00,-0.188E+00,-7.08E+00,+1.27E+00,+5.83E+00,+0.702E+00
2,16/2/2026,19:08:00.427,-0.047E+00,+0.000E+00,-0.047E+00,-0.188E+00,-7.11E+00,+1.39E+00,+5.75E+00,+0.763E+00
2,16/2/2026,19:08:00.427,-0.047E+00,-0.047E+00,-0.047E+00,-0.188E+00,-7.16E+00,+1.51E+00,+5.66E+00,+0.824E+00
2,16/2/2026,19:08:00.427,-0.047E+00,-0.047E+00,-0.047E+00,-0.188E+00,-7.19E+00,+1.63E+00,+5.59E+00,+0.885E+00
2,16/2/2026,19:08:00.427,-0.047E+00,-0.047E+00,+0.000E+00,-0.188E+00,-7.22E+00,+1.75E+00,+5.49E+00,+0.946E+00
2,16/2/2026,19:08:00.427,-0.047E+00,-0.047E+00,+0.000E+00,-0.188E+00,-7.25E+00,+1.88E+00,+5.42E+00,+1.007E+00
2,16/2/2026,19:08:00.427,-0.047E+00,-0.047E+00,-0.047E+00,-0.188E+00,-7.28E+00,+2.00E+00,+5.33E+00,+1.068E+00
2,16/2/2026,19:08:00.427,-0.047E+00,-0.047E+00,-0.047E+00,-0.188E+00,-7.29E+00,+2.12E+00,+5.25E+00,+1.122E+00
2,16/2/2026,19:08:00.427,-0.047E+00,-0.047E+00,-0.047E+00,-0.188E+00,-7.32E+00,+2.24E+00,+5.16E+00,+1.183E+00
2,16/2/2026,19:08:00.428,-0.047E+00,-0.047E+00,-0.047E+00,-0.188E+00,-7.36E+00,+2.35E+00,+5.07E+00,+1.236E+00
2,16/2/2026,19:08:00.428,-0.047E+00,-0.047E+00,-0.047E+00,-0.188E+00,-7.39E+00,+2.47E+00,+4.97E+00,+1.297E+00
2,16/2/2026,19:08:00.428,-0.047E+00,-0.047E+00,-0.047E+00,-0.188E+00,-7.42E+00,+2.59E+00,+4.88E+00,+1.358E+00
2,16/2/2026,19:08:00.428,-0.047E+00,-0.047E+00,-0.047E+00,-0.188E+00,-7.43E+00,+2.70E+00,+4.79E+00,+1.412E+00
2,16/2/2026,19:08:00.428,-0.047E+00,-0.047E+00,-0.047E+00,-0.188E+00,-7.45E+00,+2.82E+00,+4.70E+00,+1.465E+00
2,16/2/2026,19:08:00.428,+0.000E+00,-0.047E+00,-0.047E+00,-0.188E+00,-7.48E+00,+2.93E+00,+4.61E+00,+1.526E+00
2,16/2/2026,19:08:00.428,-0.047E+00,-0.047E+00,-0.047E+00,-0.188E+00,-7.49E+00,+3.04E+00,+4.50E+00,+1.579E+00
2,16/2/2026,19:08:00.428,-0.047E+00,-0.047E+00,-0.047E+00,-0.235E+00,-7.51E+00,+3.16E+00,+4.41E+00,+1.633E+00
2,16/2/2026,19:08:00.428,-0.047E+00,-0.047E+00,-0.047E+00,-0.188E+00,-7.52E+00,+3.27E+00,+4.32E+00,+1.686E+00
2,16/2/2026,19:08:00.428,-0.047E+00,-0.047E+00,+0.000E+00,-0.188E+00,-7.54E+00,+3.37E+00,+4.21E+00,+1.740E+00
2,16/2/2026,19:08:00.428,-0.047E+00,+0.000E+00,-0.047E+00,-0.188E+00,-7.55E+00,+3.48E+00,+4.12E+00,+1.793E+00
2,16/2/2026,19:08:00.428,-0.047E+00,-0.047E+00,-0.047E+00,-0.188E+00,-7.57E+00,+3.59E+00,+4.03E+00,+1.846E+00
2,16/2/2026,19:08:00.428,-0.047E+00,-0.047E+00,+0.000E+00,-0.188E+00,-7.58E+00,+3.69E+00,+3.94E+00,+1.900E+00
2,16/2/2026,19:08:00.428,-0.047E+00,-0.047E+00,-0.047E+00,-0.188E+00,-7.58E+00,+3.80E+00,+3.83E+00,+1.953E+00
2,16/2/2026,19:08:00.428,-0.047E+00,-0.047E+00,-0.047E+00,-0.188E+00,-7.60E+00,+3.89E+00,+3.74E+00,+1.999E+00
2,16/2/2026,19:08:00.428,+0.000E+00,-0.047E+00,+0.000E+00,-0.188E+00,-7.60E+00,+4.00E+00,+3.63E+00,+2.052E+00
2,16/2/2026,19:08:00.428,-0.047E+00,-0.047E+00,+0.000E+00,-0.188E+00,-7.61E+00,+4.10E+00,+3.53E+00,+2.106E+00
2,16/2/2026,19:08:00.428,-0.047E+00,-0.047E+00,-0.047E+00,-0.188E+00,-7.61E+00,+4.20E+00,+3.42E+00,+2.152E+00
2,16/2/2026,19:08:00.428,+0.000E+00,-0.047E+00,-0.047E+00,-0.188E+00,-7.61E+00,+4.30E+00,+3.31E+00,+2.205E+00
2,16/2/2026,19:08:00.428,-0.047E+00,-0.047E+00,-0.047E+00,-0.188E+00,-7.63E+00,+4.41E+00,+3.20E+00,+2.259E+00
2,16/2/2026,19:08:00.429,-0.047E+00,-0.047E+00,-0.047E+00,-0.188E+00,-7.65E+00,+4.50E+00,+3.11E+00,+2.304E+00
2,16/2/2026,19:08:00.429,-0.047E+00,-0.047E+00,+0.000E+00,-0.188E+00,-7.65E+00,+4.61E+00,+2.99E+00,+2.358E+00
2,16/2/2026,19:08:00.429,-0.047E+00,-0.047E+00,-0.047E+00,-0.188E+00,-7.65E+00,+4.70E+00,+2.88E+00,+2.403E+00
2,16/2/2026,19:08:00.429,-0.047E+00,-0.047E+00,-0.047E+00,-0.235E+00,-7.65E+00,+4.81E+00,+2.78E+00,+2.457E+00
2,16/2/2026,19:08:00.429,+0.000E+00,-0.047E+00,+0.000E+00,-0.188E+00,-7.65E+00,+4.91E+00,+2.67E+00,+2.503E+00
2,16/2/2026,19:08:00.429,-0.047E+00,-0.047E+00,-0.047E+00,-0.188E+00,-7.65E+00,+5.01E+00,+2.56E+00,+2.556E+00
2,16/2/2026,19:08:00.429,-0.047E+00,-0.047E+00,-0.047E+00,-0.188E+00,-7.65E+00,+5.10E+00,+2.46E+00,+2.609E+00
2,16/2/2026,19:08:00.429,+0.000E+00,-0.047E+00,+0.000E+00,-0.188E+00,-7.63E+00,+5.20E+00,+2.33E+00,+2.655E+00
2,16/2/2026,19:08:00.429,+0.000E+00,-0.047E+00,+0.000E+00,-0.188E+00,-7.63E+00,+5.30E+00,+2.23E+00,+2.701E+00
2,16/2/2026,19:08:00.429,-0.047E+00,-0.047E+00,-0.047E+00,-0.188E+00,-7.61E+00,+5.39E+00,+2.12E+00,+2.754E+00
2,16/2/2026,19:08:00.429,-0.047E+00,-0.047E+00,+0.000E+00,-0.188E+00,-7.60E+00,+5.48E+00,+2.00E+00,+2.800E+00
2,16/2/2026,19:08:00.429,-0.047E+00,-0.047E+00,+0.000E+00,-0.188E+00,-7.57E+00,+5.55E+00,+1.89E+00,+2.838E+00
2,16/2/2026,19:08:00.429,-0.047E+00,-0.047E+00,+0.000E+00,-0.188E+00,-7.55E+00,+5.65E+00,+1.77E+00,+2.884E+00
2,16/2/2026,19:08:00.429,-0.047E+00,-0.047E+00,+0.000E+00,-0.188E+00,-7.52E+00,+5.72E+00,+1.66E+00,+2.922E+00
2,16/2/2026,19:08:00.429,-0.047E+00,-0.047E+00,+0.000E+00,-0.188E+00,-7.49E+00,+5.80E+00,+1.54E+00,+2.960E+00
2,16/2/2026,19:08:00.429,-0.047E+00,-0.047E+00,-0.047E+00,-0.188E+00,-7.45E+00,+5.88E+00,+1.42E+00,+2.999E+00
2,16/2/2026,19:08:00.429,-0.047E+00,-0.047E+00,-0.047E+00,-0.188E+00,-7.42E+00,+5.95E+00,+1.30E+00,+3.037E+00
2,16/2/2026,19:08:00.429,+0.000E+00,-0.047E+00,-0.047E+00,-0.188E+00,-7.37E+00,+6.03E+00,+1.18E+00,+3.075E+00
2,16/2/2026,19:08:00.429,-0.047E+00,-0.047E+00,-0.047E+00,-0.188E+00,-7.32E+00,+6.09E+00,+1.07E+00,+3.105E+00
2,16/2/2026,19:08:00.430,-0.047E+00,-0.047E+00,-0.047E+00,-0.188E+00,-7.29E+00,+6.17E+00,+0.95E+00,+3.144E+00
2,16/2/2026,19:08:00.430,-0.047E+00,-0.047E+00,-0.047E+00,-0.188E+00,-7.23E+00,+6.23E+00,+0.82E+00,+3.174E+00
2,16/2/2026,19:08:00.430,-0.047E+00,-0.047E+00,+0.000E+00,-0.188E+00,-7.19E+00,+6.29E+00,+0.70E+00,+3.212E+00
2,16/2/2026,19:08:00.430,-0.047E+00,-0.047E+00,-0.047E+00,-0.188E+00,-7.13E+00,+6.36E+00,+0.58E+00,+3.243E+00
2,16/2/2026,19:08:00.430,-0.047E+00,-0.047E+00,-0.047E+00,-0.188E+00,-7.08E+00,+6.42E+00,+0.46E+00,+3.273E+00
2,16/2/2026,19:08:00.430,-0.047E+00,-0.047E+00,+0.000E+00,-0.188E+00,-7.00E+00,+6.49E+00,+0.34E+00,+3.304E+00
2,16/2/2026,19:08:00.430,+0.000E+00,-0.047E+00,+0.000E+00,-0.188E+00,-6.94E+00,+6.53E+00,+0.21E+00,+3.334E+00
2,16/2/2026,19:08:00.430,+0.000E+00,-0.047E+00,-0.047E+00,-0.188E+00,-6.87E+00,+6.59E+00,+0.09E+00,+3.357E+00
2,16/2/2026,19:08:00.430,-0.047E+00,-0.047E+00,-0.047E+00,-0.188E+00,-6.79E+00,+6.67E+00,-0.03E+00,+3.388E+00
2,16/2/2026,19:08:00.430,-0.047E+00,-0.047E+00,-0.047E+00,-0.188E+00,-6.71E+00,+6.71E+00,-0.14E+00,+3.411E+00
2,16/2/2026,19:08:00.430,-0.047E+00,-0.047E+00,+0.000E+00,-0.188E+00,-6.64E+00,+6.76E+00,-0.26E+00,+3.441E+00
2,16/2/2026,19:08:00.430,-0.047E+00,-0.047E+00,+0.000E+00,-0.188E+00,-6.56E+00,+6.82E+00,-0.38E+00,+3.464E+00
2,16/2/2026,19:08:00.430,-0.047E+00,-0.047E+00,-0.047E+00,-0.188E+00,-6.49E+00,+6.87E+00,-0.50E+00,+3.487E+00
2,16/2/2026,19:08:00.430,-0.047E+00,-0.047E+00,-0.047E+00,-0.188E+00,-6.39E+00,+6.91E+00,-0.63E+00,+3.510E+00
2,16/2/2026,19:08:00.430,-0.047E+00,-0.047E+00,-0.047E+00,-0.188E+00,-6.32E+00,+6.96E+00,-0.73E+00,+3.533E+00
2,16/2/2026,19:08:00.430,+0.000E+00,-0.047E+00,-0.047E+00,-0.188E+00,-6.23E+00,+7.00E+00,-0.85E+00,+3.556E+00
2,16/2/2026,19:08:00.430,+0.000E+00,-0.047E+00,-0.047E+00,-0.188E+00,-6.13E+00,+7.03E+00,-0.99E+00,+3.571E+00
2,16/2/2026,19:08:00.430,-0.047E+00,-0.047E+00,+0.000E+00,-0.188E+00,-6.06E+00,+7.07E+00,-1.11E+00,+3.586E+00
2,16/2/2026,19:08:00.430,-0.047E+00,-0.047E+00,+0.000E+00,-0.188E+00,-5.97E+00,+7.11E+00,-1.24E+00,+3.601E+00
2,16/2/2026,19:08:00.430,+0.000E+00,-0.047E+00,-0.047E+00,-0.235E+00,-5.88E+00,+7.14E+00,-1.36E+00,+3.617E+00
2,16/2/2026,19:08:00.431,-0.047E+00,-0.047E+00,+0.000E+00,-0.235E+00,-5.80E+00,+7.17E+00,-1.48E+00,+3.640E+00
2,16/2/2026,19:08:00.431,-0.047E+00,+0.000E+00,+0.000E+00,-0.188E+00,-5.71E+00,+7.20E+00,-1.62E+00,+3.655E+00
2,16/2/2026,19:08:00.431,+0.000E+00,-0.047E+00,-0.047E+00,-0.188E+00,-5.62E+00,+7.23E+00,-1.74E+00,+3.662E+00
2,16/2/2026,19:08:00.431,-0.047E+00,-0.094E+00,-0.047E+00,-0.188E+00,-5.52E+00,+7.26E+00,-1.85E+00,+3.678E+00
2,16/2/2026,19:08:00.431,-0.047E+00,-0.047E+00,-0.047E+00,-0.188E+00,-5.43E+00,+7.28E+00,-1.97E+00,+3.693E+00
2,16/2/2026,19:08:00.431,-0.047E+00,-0.047E+00,-0.047E+00,-0.188E+00,-5.36E+00,+7.31E+00,-2.09E+00,+3.701E+00
2,16/2/2026,19:08:00.431,-0.047E+00,-0.047E+00,-0.047E+00,-0.188E+00,-5.26E+00,+7.32E+00,-2.21E+00,+3.716E+00
2,16/2/2026,19:08:00.431,-0.047E+00,-0.047E+00,-0.047E+00,-0.188E+00,-5.17E+00,+7.36E+00,-2.32E+00,+3.723E+00
2,16/2/2026,19:08:00.431,-0.047E+00,-0.047E+00,+0.000E+00,-0.188E+00,-5.10E+00,+7.39E+00,-2.44E+00,+3.739E+00
2,16/2/2026,19:08:00.431,-0.047E+00,-0.047E+00,+0.000E+00,-0.188E+00,-5.01E+00,+7.40E+00,-2.55E+00,+3.746E+00
2,16/2/2026,19:08:00.431,-0.047E+00,-0.047E+00,-0.047E+00,-0.188E+00,-4.90E+00,+7.43E+00,-2.67E+00,+3.762E+00
2,16/2/2026,19:08:00.431,-0.047E+00,-0.047E+00,+0.000E+00,-0.188E+00,-4.81E+00,+7.45E+00,-2.78E+00,+3.769E+00
2,16/2/2026,19:08:00.431,+0.000E+00,-0.047E+00,+0.000E+00,-0.188E+00,-4.72E+00,+7.46E+00,-2.90E+00,+3.777E+00
2,16/2/2026,19:08:00.431,+0.000E+00,-0.047E+00,-0.047E+00,-0.188E+00,-4.62E+00,+7.48E+00,-3.01E+00,+3.785E+00
2,16/2/2026,19:08:00.431,+0.000E+00,-0.047E+00,-0.047E+00,-0.188E+00,-4.53E+00,+7.49E+00,-3.11E+00,+3.785E+00
2,16/2/2026,19:08:00.431,-0.047E+00,-0.047E+00,-0.047E+00,-0.188E+00,-4.44E+00,+7.51E+00,-3.22E+00,+3.792E+00
2,16/2/2026,19:08:00.431,-0.047E+00,-0.047E+00,-0.047E+00,-0.188E+00,-4.35E+00,+7.52E+00,-3.33E+00,+3.807E+00
2,16/2/2026,19:08:00.431,+0.000E+00,-0.047E+00,+0.000E+00,-0.188E+00,-4.24E+00,+7.54E+00,-3.43E+00,+3.807E+00
2,16/2/2026,19:08:00.431,+0.000E+00,-0.047E+00,+0.000E+00,-0.188E+00,-4.15E+00,+7.55E+00,-3.54E+00,+3.815E+00
2,16/2/2026,19:08:00.431,-0.047E+00,-0.047E+00,-0.047E+00,-0.188E+00,-4.06E+00,+7.57E+00,-3.66E+00,+3.815E+00
2,16/2/2026,19:08:00.432,-0.047E+00,-0.047E+00,+0.000E+00,-0.188E+00,-3.97E+00,+7.57E+00,-3.75E+00,+3.823E+00
2,16/2/2026,19:08:00.432,-0.047E+00,-0.047E+00,+0.000E+00,-0.188E+00,-3.88E+00,+7.58E+00,-3.86E+00,+3.830E+00
2,16/2/2026,19:08:00.432,-0.047E+00,-0.047E+00,-0.047E+00,-0.188E+00,-3.77E+00,+7.60E+00,-3.97E+00,+3.830E+00
2,16/2/2026,19:08:00.432,-0.047E+00,-0.047E+00,+0.000E+00,-0.188E+00,-3.68E+00,+7.60E+00,-4.06E+00,+3.830E+00
2,16/2/2026,19:08:00.432,-0.047E+00,-0.047E+00,+0.000E+00,-0.188E+00,-3.57E+00,+7.60E+00,-4.17E+00,+3.838E+00
2,16/2/2026,19:08:00.432,-0.047E+00,-0.047E+00,-0.047E+00,-0.188E+00,-3.46E+00,+7.60E+00,-4.27E+00,+3.838E+00
2,16/2/2026,19:08:00.432,-0.047E+00,-0.047E+00,-0.047E+00,-0.188E+00,-3.36E+00,+7.61E+00,-4.36E+00,+3.838E+00
2,16/2/2026,19:08:00.432,-0.047E+00,-0.047E+00,+0.000E+00,-0.188E+00,-3.25E+00,+7.61E+00,-4.46E+00,+3.838E+00
2,16/2/2026,19:08:00.432,-0.047E+00,-0.047E+00,+0.000E+00,-0.235E+00,-3.14E+00,+7.61E+00,-4.56E+00,+3.838E+00
2,16/2/2026,19:08:00.432,-0.047E+00,-0.047E+00,-0.047E+00,-0.188E+00,-3.04E+00,+7.61E+00,-4.67E+00,+3.838E+00
2,16/2/2026,19:08:00.432,-0.047E+00,-0.047E+00,-0.047E+00,-0.188E+00,-2.93E+00,+7.63E+00,-4.76E+00,+3.838E+00
2,16/2/2026,19:08:00.432,-0.047E+00,-0.047E+00,-0.047E+00,-0.188E+00,-2.82E+00,+7.63E+00,-4.85E+00,+3.838E+00
2,16/2/2026,19:08:00.432,-0.047E+00,+0.000E+00,-0.047E+00,-0.188E+00,-2.72E+00,+7.63E+00,-4.96E+00,+3.838E+00
2,16/2/2026,19:08:00.432,-0.047E+00,-0.047E+00,-0.047E+00,-0.188E+00,-2.59E+00,+7.63E+00,-5.05E+00,+3.830E+00
2,16/2/2026,19:08:00.432,-0.047E+00,-0.047E+00,-0.047E+00,-0.188E+00,-2.49E+00,+7.63E+00,-5.16E+00,+3.830E+00
2,16/2/2026,19:08:00.432,+0.000E+00,-0.047E+00,-0.047E+00,-0.188E+00,-2.38E+00,+7.61E+00,-5.25E+00,+3.823E+00
2,16/2/2026,19:08:00.432,+0.000E+00,-0.047E+00,-0.047E+00,-0.188E+00,-2.27E+00,+7.61E+00,-5.34E+00,+3.823E+00
2,16/2/2026,19:08:00.432,-0.047E+00,-0.047E+00,-0.047E+00,-0.188E+00,-2.15E+00,+7.60E+00,-5.43E+00,+3.807E+00
2,16/2/2026,19:08:00.432,-0.047E+00,-0.047E+00,-0.047E+00,-0.188E+00,-2.04E+00,+7.58E+00,-5.52E+00,+3.800E+00
2,16/2/2026,19:08:00.432,-0.047E+00,-0.047E+00,-0.047E+00,-0.188E+00,-1.94E+00,+7.55E+00,-5.60E+00,+3.785E+00
2,16/2/2026,19:08:00.433,-0.047E+00,-0.047E+00,-0.047E+00,-0.188E+00,-1.82E+00,+7.52E+00,-5.69E+00,+3.769E+00
2,16/2/2026,19:08:00.433,-0.047E+00,-0.047E+00,-0.047E+00,-0.188E+00,-1.71E+00,+7.48E+00,-5.77E+00,+3.746E+00
2,16/2/2026,19:08:00.433,-0.047E+00,-0.047E+00,-0.047E+00,-0.188E+00,-1.59E+00,+7.43E+00,-5.84E+00,+3.716E+00
2,16/2/2026,19:08:00.433,-0.047E+00,-0.047E+00,-0.047E+00,-0.188E+00,-1.46E+00,+7.39E+00,-5.92E+00,+3.693E+00
2,16/2/2026,19:08:00.433,-0.047E+00,-0.047E+00,-0.047E+00,-0.188E+00,-1.34E+00,+7.34E+00,-6.00E+00,+3.670E+00
2,16/2/2026,19:08:00.433,+0.000E+00,-0.047E+00,-0.047E+00,-0.188E+00,-1.22E+00,+7.28E+00,-6.06E+00,+3.647E+00
2,16/2/2026,19:08:00.433,-0.047E+00,-0.047E+00,-0.047E+00,-0.188E+00,-1.11E+00,+7.23E+00,-6.13E+00,+3.617E+00
2,16/2/2026,19:08:00.433,-0.047E+00,-0.047E+00,-0.047E+00,-0.188E+00,-0.98E+00,+7.19E+00,-6.20E+00,+3.586E+00
2,16/2/2026,19:08:00.433,+0.000E+00,-0.047E+00,-0.047E+00,-0.188E+00,-0.85E+00,+7.13E+00,-6.26E+00,+3.563E+00
2,16/2/2026,19:08:00.433,-0.047E+00,-0.047E+00,+0.000E+00,-0.188E+00,-0.73E+00,+7.08E+00,-6.32E+00,+3.533E+00
2,16/2/2026,19:08:00.433,-0.047E+00,-0.047E+00,+0.000E+00,-0.188E+00,-0.60E+00,+7.00E+00,-6.38E+00,+3.502E+00
2,16/2/2026,19:08:00.433,-0.047E+00,-0.047E+00,-0.047E+00,-0.188E+00,-0.47E+00,+6.94E+00,-6.44E+00,+3.464E+00
2,16/2/2026,19:08:00.433,-0.047E+00,-0.047E+00,-0.047E+00,-0.188E+00,-0.35E+00,+6.87E+00,-6.49E+00,+3.426E+00
2,16/2/2026,19:08:00.433,-0.047E+00,-0.047E+00,-0.047E+00,-0.188E+00,-0.23E+00,+6.79E+00,-6.55E+00,+3.388E+00
2,16/2/2026,19:08:00.433,-0.047E+00,-0.047E+00,+0.000E+00,-0.188E+00,-0.11E+00,+6.71E+00,-6.59E+00,+3.350E+00
2,16/2/2026,19:08:00.433,-0.047E+00,-0.047E+00,+0.000E+00,-0.188E+00,+0.02E+00,+6.62E+00,-6.64E+00,+3.304E+00
2,16/2/2026,19:08:00.433,-0.047E+00,-0.047E+00,-0.047E+00,-0.188E+00,+0.14E+00,+6.55E+00,-6.70E+00,+3.266E+00
2,16/2/2026,19:08:00.433,-0.047E+00,-0.047E+00,+0.000E+00,-0.188E+00,+0.26E+00,+6.46E+00,-6.75E+00,+3.220E+00
2,16/2/2026,19:08:00.433,-0.047E+00,-0.047E+00,+0.000E+00,-0.188E+00,+0.38E+00,+6.38E+00,-6.79E+00,+3.174E+00
2,16/2/2026,19:08:00.433,-0.047E+00,-0.047E+00,-0.047E+00,-0.188E+00,+0.50E+00,+6.29E+00,-6.84E+00,+3.136E+00
2,16/2/2026,19:08:00.434,-0.047E+00,-0.047E+00,-0.047E+00,-0.188E+00,+0.63E+00,+6.21E+00,-6.88E+00,+3.098E+00
2,16/2/2026,19:08:00.434,-0.047E+00,-0.047E+00,+0.000E+00,-0.188E+00,+0.75E+00,+6.12E+00,-6.93E+00,+3.052E+00
2,16/2/2026,19:08:00.434,-0.047E+00,-0.047E+00,-0.047E+00,-0.188E+00,+0.87E+00,+6.03E+00,-6.97E+00,+3.006E+00
2,16/2/2026,19:08:00.434,-0.047E+00,-0.047E+00,-0.047E+00,-0.188E+00,+0.99E+00,+5.95E+00,-7.02E+00,+2.960E+00
2,16/2/2026,19:08:00.434,-0.047E+00,-0.047E+00,+0.000E+00,-0.188E+00,+1.11E+00,+5.86E+00,-7.05E+00,+2.922E+00
2,16/2/2026,19:08:00.434,-0.047E+00,-0.047E+00,-0.047E+00,-0.235E+00,+1.24E+00,+5.77E+00,-7.10E+00,+2.877E+00
2,16/2/2026,19:08:00.434,-0.047E+00,-0.047E+00,-0.047E+00,-0.188E+00,+1.36E+00,+5.69E+00,-7.13E+00,+2.831E+00
2,16/2/2026,19:08:00.434,-0.047E+00,-0.047E+00,+0.000E+00,-0.188E+00,+1.46E+00,+5.60E+00,-7.16E+00,+2.793E+00
2,16/2/2026,19:08:00.434,-0.047E+00,-0.047E+00,-0.047E+00,-0.188E+00,+1.59E+00,+5.51E+00,-7.19E+00,+2.747E+00
2,16/2/2026,19:08:00.434,-0.047E+00,-0.047E+00,-0.047E+00,-0.188E+00,+1.71E+00,+5.43E+00,-7.22E+00,+2.701E+00
2,16/2/2026,19:08:00.434,-0.047E+00,-0.047E+00,-0.047E+00,-0.188E+00,+1.82E+00,+5.34E+00,-7.25E+00,+2.663E+00
2,16/2/2026,19:08:00.434,-0.047E+00,-0.047E+00,-0.047E+00,-0.188E+00,+1.94E+00,+5.25E+00,-7.28E+00,+2.617E+00
2,16/2/2026,19:08:00.434,-0.047E+00,-0.047E+00,-0.047E+00,-0.188E+00,+2.06E+00,+5.17E+00,-7.31E+00,+2.571E+00
2,16/2/2026,19:08:00.434,+0.000E+00,-0.047E+00,-0.047E+00,-0.188E+00,+2.17E+00,+5.08E+00,-7.34E+00,+2.533E+00
2,16/2/2026,19:08:00.434,-0.047E+00,-0.047E+00,-0.047E+00,-0.188E+00,+2.29E+00,+4.99E+00,-7.36E+00,+2.487E+00
2,16/2/2026,19:08:00.434,-0.047E+00,-0.047E+00,-0.047E+00,-0.188E+00,+2.41E+00,+4.90E+00,-7.39E+00,+2.442E+00
2,16/2/2026,19:08:00.434,-0.047E+00,-0.047E+00,-0.047E+00,-0.188E+00,+2.52E+00,+4.81E+00,-7.40E+00,+2.396E+00
2,16/2/2026,19:08:00.434,-0.047E+00,-0.047E+00,-0.047E+00,-0.188E+00,+2.64E+00,+4.73E+00,-7.42E+00,+2.350E+00
2,16/2/2026,19:08:00.434,-0.047E+00,-0.047E+00,-0.047E+00,-0.188E+00,+2.75E+00,+4.62E+00,-7.45E+00,+2.304E+00
2,16/2/2026,19:08:00.434,-0.047E+00,-0.047E+00,+0.000E+00,-0.188E+00,+2.85E+00,+4.55E+00,-7.46E+00,+2.259E+00
2,16/2/2026,19:08:00.435,-0.047E+00,-0.047E+00,+0.000E+00,-0.188E+00,+2.96E+00,+4.46E+00,-7.48E+00,+2.213E+00
2,16/2/2026,19:08:00.435,-0.047E+00,-0.047E+00,+0.000E+00,-0.188E+00,+3.07E+00,+4.35E+00,-7.49E+00,+2.167E+00
2,16/2/2026,19:08:00.435,-0.047E+00,-0.047E+00,+0.000E+00,-0.188E+00,+3.17E+00,+4.26E+00,-7.51E+00,+2.114E+00
2,16/2/2026,19:08:00.435,-0.047E+00,-0.047E+00,+0.000E+00,-0.188E+00,+3.28E+00,+4.15E+00,-7.52E+00,+2.068E+00
2,16/2/2026,19:08:00.435,-0.047E+00,-0.047E+00,-0.047E+00,-0.188E+00,+3.39E+00,+4.06E+00,-7.54E+00,+2.014E+00
2,16/2/2026,19:08:00.435,-0.047E+00,-0.047E+00,+0.000E+00,-0.188E+00,+3.51E+00,+3.95E+00,-7.55E+00,+1.969E+00
2,16/2/2026,19:08:00.435,-0.047E+00,-0.047E+00,-0.047E+00,-0.188E+00,+3.60E+00,+3.85E+00,-7.57E+00,+1.915E+00
2,16/2/2026,19:08:00.435,-0.047E+00,-0.047E+00,-0.047E+00,-0.188E+00,+3.71E+00,+3.75E+00,-7.58E+00,+1.869E+00
2,16/2/2026,19:08:00.435,-0.047E+00,-0.047E+00,-0.047E+00,-0.188E+00,+3.82E+00,+3.65E+00,-7.58E+00,+1.816E+00
2,16/2/2026,19:08:00.435,-0.047E+00,-0.047E+00,-0.047E+00,-0.188E+00,+3.91E+00,+3.54E+00,-7.58E+00,+1.763E+00
2,16/2/2026,19:08:00.435,+0.000E+00,-0.047E+00,-0.047E+00,-0.188E+00,+4.01E+00,+3.45E+00,-7.60E+00,+1.717E+00
2,16/2/2026,19:08:00.435,-0.047E+00,-0.047E+00,+0.000E+00,-0.188E+00,+4.12E+00,+3.34E+00,-7.61E+00,+1.663E+00
2,16/2/2026,19:08:00.435,-0.047E+00,-0.047E+00,+0.000E+00,-0.188E+00,+4.23E+00,+3.24E+00,-7.61E+00,+1.610E+00
2,16/2/2026,19:08:00.435,-0.047E+00,-0.047E+00,-0.047E+00,-0.188E+00,+4.33E+00,+3.13E+00,-7.63E+00,+1.557E+00
2,16/2/2026,19:08:00.435,-0.047E+00,-0.047E+00,+0.000E+00,-0.188E+00,+4.44E+00,+3.01E+00,-7.63E+00,+1.503E+00
2,16/2/2026,19:08:00.435,-0.047E+00,-0.047E+00,-0.047E+00,-0.188E+00,+4.55E+00,+2.90E+00,-7.63E+00,+1.450E+00
2,16/2/2026,19:08:00.435,-0.047E+00,-0.047E+00,-0.047E+00,-0.188E+00,+4.64E+00,+2.79E+00,-7.65E+00,+1.396E+00
2,16/2/2026,19:08:00.435,-0.047E+00,-0.047E+00,-0.047E+00,-0.188E+00,+4.73E+00,+2.69E+00,-7.65E+00,+1.343E+00
2,16/2/2026,19:08:00.435,-0.047E+00,-0.047E+00,-0.047E+00,-0.188E+00,+4.85E+00,+2.58E+00,-7.65E+00,+1.282E+00
2,16/2/2026,19:08:00.435,-0.047E+00,-0.047E+00,-0.047E+00,-0.188E+00,+4.94E+00,+2.46E+00,-7.66E+00,+1.228E+00
2,16/2/2026,19:08:00.436,+0.000E+00,-0.047E+00,-0.047E+00,-0.188E+00,+5.04E+00,+2.35E+00,-7.66E+00,+1.175E+00
2,16/2/2026,19:08:00.436,+0.000E+00,-0.047E+00,-0.047E+00,-0.188E+00,+5.14E+00,+2.23E+00,-7.65E+00,+1.122E+00
2,16/2/2026,19:08:00.436,-0.047E+00,-0.047E+00,-0.047E+00,-0.188E+00,+5.23E+00,+2.12E+00,-7.65E+00,+1.061E+00
2,16/2/2026,19:08:00.436,-0.047E+00,-0.047E+00,+0.000E+00,-0.188E+00,+5.34E+00,+2.00E+00,-7.65E+00,+1.007E+00
2,16/2/2026,19:08:00.436,-0.047E+00,-0.047E+00,+0.000E+00,-0.188E+00,+5.43E+00,+1.89E+00,-7.65E+00,+0.954E+00
2,16/2/2026,19:08:00.436,-0.047E+00,-0.047E+00,+0.000E+00,-0.188E+00,+5.52E+00,+1.77E+00,-7.63E+00,+0.893E+00
2,16/2/2026,19:08:00.436,-0.047E+00,-0.047E+00,-0.047E+00,-0.188E+00,+5.62E+00,+1.65E+00,-7.61E+00,+0.839E+00
2,16/2/2026,19:08:00.436,-0.047E+00,-0.047E+00,-0.047E+00,-0.188E+00,+5.69E+00,+1.54E+00,-7.60E+00,+0.778E+00
2,16/2/2026,19:08:00.436,-0.047E+00,-0.047E+00,-0.047E+00,-0.188E+00,+5.77E+00,+1.40E+00,-7.57E+00,+0.725E+00
2,16/2/2026,19:08:00.436,-0.047E+00,-0.047E+00,-0.047E+00,-0.188E+00,+5.84E+00,+1.28E+00,-7.54E+00,+0.664E+00
2,16/2/2026,19:08:00.436,-0.047E+00,-0.047E+00,-0.047E+00,-0.188E+00,+5.92E+00,+1.18E+00,-7.48E+00,+0.603E+00
2,16/2/2026,19:08:00.436,-0.047E+00,-0.047E+00,-0.047E+00,-0.188E+00,+6.00E+00,+1.05E+00,-7.43E+00,+0.542E+00
2,16/2/2026,19:08:00.436,+0.000E+00,-0.047E+00,+0.000E+00,-0.188E+00,+6.07E+00,+0.93E+00,-7.39E+00,+0.481E+00
2,16/2/2026,19:08:00.436,-0.047E+00,-0.047E+00,+0.000E+00,-0.188E+00,+6.13E+00,+0.81E+00,-7.32E+00,+0.427E+00
2,16/2/2026,19:08:00.436,-0.047E+00,-0.047E+00,+0.000E+00,-0.188E+00,+6.21E+00,+0.69E+00,-7.26E+00,+0.374E+00
2,16/2/2026,19:08:00.436,-0.047E+00,-0.047E+00,-0.047E+00,-0.188E+00,+6.27E+00,+0.58E+00,-7.20E+00,+0.313E+00
2,16/2/2026,19:08:00.436,-0.047E+00,-0.047E+00,-0.047E+00,-0.188E+00,+6.35E+00,+0.46E+00,-7.16E+00,+0.252E+00
2,16/2/2026,19:08:00.436,-0.047E+00,-0.047E+00,+0.000E+00,-0.188E+00,+6.41E+00,+0.34E+00,-7.10E+00,+0.191E+00
2,16/2/2026,19:08:00.436,-0.047E+00,-0.047E+00,+0.000E+00,-0.188E+00,+6.46E+00,+0.21E+00,-7.03E+00,+0.137E+00
2,16/2/2026,19:08:00.436,-0.047E+00,-0.047E+00,-0.047E+00,-0.188E+00,+6.52E+00,+0.11E+00,-6.96E+00,+0.076E+00
2,16/2/2026,19:08:00.437,-0.047E+00,-0.047E+00,-0.047E+00,-0.188E+00,+6.58E+00,-0.02E+00,-6.90E+00,+0.015E+00
2,16/2/2026,19:08:00.437,-0.047E+00,-0.047E+00,+0.000E+00,-0.188E+00,+6.62E+00,-0.14E+00,-6.84E+00,-0.038E+00
2,16/2/2026,19:08:00.437,-0.047E+00,-0.047E+00,-0.047E+00,-0.188E+00,+6.67E+00,-0.26E+00,-6.78E+00,-0.099E+00
2,16/2/2026,19:08:00.437,-0.047E+00,-0.047E+00,-0.047E+00,-0.188E+00,+6.71E+00,-0.38E+00,-6.70E+00,-0.160E+00
2,16/2/2026,19:08:00.437,-0.047E+00,-0.047E+00,-0.047E+00,-0.188E+00,+6.76E+00,-0.50E+00,-6.62E+00,-0.221E+00
2,16/2/2026,19:08:00.437,-0.047E+00,-0.047E+00,+0.000E+00,-0.188E+00,+6.79E+00,-0.63E+00,-6.55E+00,-0.282E+00
2,16/2/2026,19:08:00.437,-0.047E+00,-0.047E+00,-0.047E+00,-0.188E+00,+6.82E+00,-0.75E+00,-6.46E+00,-0.343E+00
2,16/2/2026,19:08:00.437,-0.047E+00,-0.047E+00,-0.047E+00,-0.188E+00,+6.87E+00,-0.87E+00,-6.36E+00,-0.404E+00
2,16/2/2026,19:08:00.437,-0.047E+00,-0.047E+00,+0.000E+00,-0.188E+00,+6.91E+00,-0.99E+00,-6.29E+00,-0.465E+00
2,16/2/2026,19:08:00.437,-0.047E+00,-0.047E+00,+0.000E+00,-0.188E+00,+6.94E+00,-1.11E+00,-6.20E+00,-0.526E+00
2,16/2/2026,19:08:00.437,+0.000E+00,-0.047E+00,+0.000E+00,-0.188E+00,+6.99E+00,-1.24E+00,-6.10E+00,-0.588E+00
2,16/2/2026,19:08:00.437,-0.047E+00,-0.047E+00,+0.000E+00,-0.188E+00,+7.02E+00,-1.36E+00,-6.01E+00,-0.649E+00
2,16/2/2026,19:08:00.437,-0.047E+00,+0.000E+00,+0.000E+00,-0.188E+00,+7.05E+00,-1.48E+00,-5.94E+00,-0.710E+00
2,16/2/2026,19:08:00.437,+0.000E+00,-0.047E+00,-0.047E+00,-0.188E+00,+7.08E+00,-1.60E+00,-5.84E+00,-0.771E+00
2,16/2/2026,19:08:00.437,-0.047E+00,-0.047E+00,-0.047E+00,-0.188E+00,+7.13E+00,-1.72E+00,-5.77E+00,-0.832E+00
2,16/2/2026,19:08:00.437,-0.047E+00,-0.047E+00,-0.047E+00,-0.188E+00,+7.16E+00,-1.85E+00,-5.68E+00,-0.893E+00
2,16/2/2026,19:08:00.437,+0.000E+00,-0.047E+00,-0.047E+00,-0.141E+00,+7.19E+00,-1.97E+00,-5.59E+00,-0.954E+00
2,16/2/2026,19:08:00.437,-0.047E+00,-0.047E+00,-0.047E+00,-0.188E+00,+7.22E+00,-2.09E+00,-5.51E+00,-1.007E+00
2,16/2/2026,19:08:00.437,-0.047E+00,-0.047E+00,-0.047E+00,-0.188E+00,+7.25E+00,-2.21E+00,-5.42E+00,-1.068E+00
2,16/2/2026,19:08:00.437,-0.047E+00,-0.047E+00,-0.047E+00,-0.188E+00,+7.28E+00,-2.32E+00,-5.34E+00,-1.129E+00
2,16/2/2026,19:08:00.438,-0.047E+00,-0.047E+00,-0.047E+00,-0.188E+00,+7.31E+00,-2.44E+00,-5.25E+00,-1.190E+00
2,16/2/2026,19:08:00.438,-0.047E+00,-0.047E+00,+0.000E+00,-0.188E+00,+7.32E+00,-2.56E+00,-5.16E+00,-1.244E+00
2,16/2/2026,19:08:00.438,-0.047E+00,-0.047E+00,+0.000E+00,-0.188E+00,+7.34E+00,-2.69E+00,-5.08E+00,-1.305E+00
2,16/2/2026,19:08:00.438,-0.047E+00,-0.047E+00,+0.000E+00,-0.188E+00,+7.37E+00,-2.81E+00,-4.99E+00,-1.358E+00
2,16/2/2026,19:08:00.438,-0.047E+00,-0.047E+00,+0.000E+00,-0.188E+00,+7.40E+00,-2.91E+00,-4.88E+00,-1.419E+00
2,16/2/2026,19:08:00.438,+0.000E+00,-0.047E+00,-0.047E+00,-0.188E+00,+7.42E+00,-3.04E+00,-4.79E+00,-1.473E+00
2,16/2/2026,19:08:00.438,-0.047E+00,-0.047E+00,+0.000E+00,-0.188E+00,+7.45E+00,-3.14E+00,-4.70E+00,-1.526E+00
2,16/2/2026,19:08:00.438,-0.047E+00,-0.047E+00,+0.000E+00,-0.235E+00,+7.46E+00,-3.27E+00,-4.61E+00,-1.587E+00
2,16/2/2026,19:08:00.438,-0.047E+00,-0.047E+00,+0.000E+00,-0.188E+00,+7.48E+00,-3.37E+00,-4.52E+00,-1.640E+00
2,16/2/2026,19:08:00.438,+0.000E+00,-0.047E+00,+0.000E+00,-0.188E+00,+7.49E+00,-3.48E+00,-4.41E+00,-1.694E+00
2,16/2/2026,19:08:00.438,+0.000E+00,-0.047E+00,-0.047E+00,-0.188E+00,+7.51E+00,-3.59E+00,-4.32E+00,-1.747E+00
2,16/2/2026,19:08:00.438,+0.000E+00,-0.047E+00,-0.047E+00,-0.188E+00,+7.52E+00,-3.69E+00,-4.23E+00,-1.801E+00
2,16/2/2026,19:08:00.438,-0.047E+00,-0.047E+00,+0.000E+00,-0.188E+00,+7.54E+00,-3.80E+00,-4.12E+00,-1.854E+00
2,16/2/2026,19:08:00.438,-0.047E+00,-0.047E+00,+0.000E+00,-0.188E+00,+7.54E+00,-3.91E+00,-4.03E+00,-1.908E+00
2,16/2/2026,19:08:00.438,-0.047E+00,-0.047E+00,-0.047E+00,-0.188E+00,+7.55E+00,-4.01E+00,-3.92E+00,-1.961E+00
2,16/2/2026,19:08:00.438,+0.000E+00,-0.047E+00,-0.047E+00,-0.188E+00,+7.57E+00,-4.10E+00,-3.82E+00,-2.007E+00
2,16/2/2026,19:08:00.438,-0.047E+00,-0.047E+00,+0.000E+00,-0.188E+00,+7.57E+00,-4.21E+00,-3.71E+00,-2.060E+00
2,16/2/2026,19:08:00.438,-0.047E+00,-0.047E+00,+0.000E+00,-0.188E+00,+7.57E+00,-4.32E+00,-3.62E+00,-2.114E+00
2,16/2/2026,19:08:00.438,-0.047E+00,-0.047E+00,-0.047E+00,-0.188E+00,+7.58E+00,-4.43E+00,-3.51E+00,-2.159E+00
2,16/2/2026,19:08:00.438,-0.047E+00,-0.047E+00,-0.047E+00,-0.188E+00,+7.58E+00,-4.52E+00,-3.40E+00,-2.213E+00
2,16/2/2026,19:08:00.439,-0.047E+00,-0.047E+00,-0.047E+00,-0.188E+00,+7.60E+00,-4.61E+00,-3.30E+00,-2.259E+00
2,16/2/2026,19:08:00.439,+0.000E+00,-0.047E+00,-0.047E+00,-0.188E+00,+7.60E+00,-4.72E+00,-3.19E+00,-2.312E+00
2,16/2/2026,19:08:00.439,-0.047E+00,-0.047E+00,-0.047E+00,-0.188E+00,+7.60E+00,-4.82E+00,-3.08E+00,-2.365E+00
2,16/2/2026,19:08:00.439,-0.047E+00,-0.047E+00,+0.000E+00,-0.188E+00,+7.60E+00,-4.91E+00,-2.98E+00,-2.411E+00
2,16/2/2026,19:08:00.439,-0.047E+00,-0.047E+00,+0.000E+00,-0.188E+00,+7.60E+00,-5.02E+00,-2.87E+00,-2.465E+00
2,16/2/2026,19:08:00.439,-0.047E+00,-0.047E+00,+0.000E+00,-0.188E+00,+7.61E+00,-5.11E+00,-2.76E+00,-2.518E+00
2,16/2/2026,19:08:00.439,-0.047E+00,-0.047E+00,-0.047E+00,-0.188E+00,+7.60E+00,-5.22E+00,-2.64E+00,-2.564E+00
2,16/2/2026,19:08:00.439,-0.047E+00,-0.047E+00,-0.047E+00,-0.188E+00,+7.60E+00,-5.31E+00,-2.53E+00,-2.617E+00
2,16/2/2026,19:08:00.439,-0.047E+00,-0.047E+00,-0.047E+00,-0.188E+00,+7.60E+00,-5.40E+00,-2.43E+00,-2.663E+00
2,16/2/2026,19:08:00.439,-0.047E+00,-0.047E+00,-0.047E+00,-0.188E+00,+7.58E+00,-5.51E+00,-2.30E+00,-2.709E+00
2,16/2/2026,19:08:00.439,-0.047E+00,-0.047E+00,-0.047E+00,-0.188E+00,+7.57E+00,-5.60E+00,-2.20E+00,-2.762E+00
2,16/2/2026,19:08:00.439,-0.047E+00,-0.047E+00,-0.047E+00,-0.188E+00,+7.55E+00,-5.69E+00,-2.09E+00,-2.808E+00
2,16/2/2026,19:08:00.439,-0.047E+00,-0.047E+00,-0.047E+00,-0.188E+00,+7.54E+00,-5.78E+00,-1.97E+00,-2.854E+00
2,16/2/2026,19:08:00.439,-0.047E+00,-0.047E+00,-0.047E+00,-0.188E+00,+7.52E+00,-5.86E+00,-1.86E+00,-2.892E+00
2,16/2/2026,19:08:00.439,-0.047E+00,-0.047E+00,+0.000E+00,-0.188E+00,+7.49E+00,-5.94E+00,-1.74E+00,-2.930E+00
2,16/2/2026,19:08:00.439,+0.000E+00,-0.047E+00,+0.000E+00,-0.188E+00,+7.45E+00,-6.03E+00,-1.63E+00,-2.968E+00
2,16/2/2026,19:08:00.439,+0.000E+00,-0.047E+00,-0.047E+00,-0.188E+00,+7.42E+00,-6.09E+00,-1.51E+00,-3.006E+00
2,16/2/2026,19:08:00.439,-0.047E+00,-0.047E+00,-0.047E+00,-0.188E+00,+7.37E+00,-6.17E+00,-1.39E+00,-3.044E+00
2,16/2/2026,19:08:00.439,+0.000E+00,-0.047E+00,-0.047E+00,-0.188E+00,+7.34E+00,-6.24E+00,-1.27E+00,-3.083E+00
2,16/2/2026,19:08:00.439,+0.000E+00,-0.047E+00,-0.047E+00,-0.188E+00,+7.29E+00,-6.32E+00,-1.14E+00,-3.113E+00
2,16/2/2026,19:08:00.440,-0.047E+00,-0.047E+00,-0.047E+00,-0.188E+00,+7.25E+00,-6.38E+00,-1.02E+00,-3.151E+00
2,16/2/2026,19:08:00.440,-0.047E+00,-0.047E+00,-0.047E+00,-0.188E+00,+7.19E+00,-6.46E+00,-0.92E+00,-3.189E+00
2,16/2/2026,19:08:00.440,+0.000E+00,-0.047E+00,-0.047E+00,-0.188E+00,+7.14E+00,-6.52E+00,-0.79E+00,-3.220E+00
2,16/2/2026,19:08:00.440,-0.047E+00,-0.047E+00,-0.047E+00,-0.188E+00,+7.10E+00,-6.56E+00,-0.66E+00,-3.250E+00
2,16/2/2026,19:08:00.440,-0.047E+00,-0.047E+00,+0.000E+00,-0.188E+00,+7.03E+00,-6.64E+00,-0.53E+00,-3.281E+00
2,16/2/2026,19:08:00.440,-0.047E+00,-0.047E+00,+0.000E+00,-0.188E+00,+6.96E+00,-6.68E+00,-0.41E+00,-3.311E+00
2,16/2/2026,19:08:00.440,-0.047E+00,-0.047E+00,-0.047E+00,-0.188E+00,+6.90E+00,-6.76E+00,-0.29E+00,-3.342E+00
2,16/2/2026,19:08:00.440,-0.047E+00,-0.047E+00,-0.047E+00,-0.188E+00,+6.82E+00,-6.82E+00,-0.18E+00,-3.373E+00
2,16/2/2026,19:08:00.440,-0.047E+00,-0.047E+00,-0.047E+00,-0.188E+00,+6.76E+00,-6.87E+00,-0.06E+00,-3.395E+00
2,16/2/2026,19:08:00.440,-0.047E+00,-0.047E+00,-0.047E+00,-0.188E+00,+6.68E+00,-6.93E+00,+0.06E+00,-3.426E+00
2,16/2/2026,19:08:00.440,-0.047E+00,-0.047E+00,+0.000E+00,-0.235E+00,+6.61E+00,-6.97E+00,+0.17E+00,-3.449E+00
2,16/2/2026,19:08:00.440,-0.047E+00,-0.047E+00,+0.000E+00,-0.188E+00,+6.52E+00,-7.03E+00,+0.29E+00,-3.472E+00
2,16/2/2026,19:08:00.440,-0.047E+00,-0.047E+00,-0.047E+00,-0.188E+00,+6.44E+00,-7.08E+00,+0.41E+00,-3.495E+00
2,16/2/2026,19:08:00.440,-0.047E+00,-0.047E+00,-0.047E+00,-0.188E+00,+6.35E+00,-7.13E+00,+0.53E+00,-3.517E+00
2,16/2/2026,19:08:00.440,-0.047E+00,-0.047E+00,-0.047E+00,-0.188E+00,+6.26E+00,-7.17E+00,+0.66E+00,-3.540E+00
2,16/2/2026,19:08:00.440,-0.047E+00,-0.047E+00,-0.047E+00,-0.188E+00,+6.17E+00,-7.20E+00,+0.78E+00,-3.556E+00
2,16/2/2026,19:08:00.440,-0.047E+00,-0.047E+00,-0.047E+00,-0.188E+00,+6.09E+00,-7.25E+00,+0.90E+00,-3.579E+00
2,16/2/2026,19:08:00.440,-0.047E+00,-0.047E+00,+0.000E+00,-0.188E+00,+6.01E+00,-7.28E+00,+1.02E+00,-3.594E+00
2,16/2/2026,19:08:00.440,-0.047E+00,-0.047E+00,+0.000E+00,-0.188E+00,+5.92E+00,-7.31E+00,+1.16E+00,-3.609E+00
2,16/2/2026,19:08:00.440,-0.047E+00,-0.047E+00,+0.000E+00,-0.188E+00,+5.83E+00,-7.36E+00,+1.28E+00,-3.624E+00
2,16/2/2026,19:08:00.441,-0.047E+00,-0.047E+00,-0.047E+00,-0.188E+00,+5.75E+00,-7.39E+00,+1.40E+00,-3.640E+00
2,16/2/2026,19:08:00.441,-0.047E+00,-0.047E+00,-0.047E+00,-0.188E+00,+5.66E+00,-7.42E+00,+1.53E+00,-3.655E+00
2,16/2/2026,19:08:00.441,-0.047E+00,-0.047E+00,-0.047E+00,-0.188E+00,+5.57E+00,-7.43E+00,+1.65E+00,-3.662E+00
2,16/2/2026,19:08:00.441,-0.047E+00,-0.047E+00,-0.047E+00,-0.188E+00,+5.48E+00,-7.46E+00,+1.77E+00,-3.678E+00
2,16/2/2026,19:08:00.441,-0.047E+00,-0.047E+00,+0.000E+00,-0.188E+00,+5.40E+00,-7.49E+00,+1.88E+00,-3.693E+00
2,16/2/2026,19:08:00.441,-0.047E+00,-0.047E+00,-0.047E+00,-0.188E+00,+5.31E+00,-7.51E+00,+2.00E+00,-3.708E+00
2,16/2/2026,19:08:00.441,-0.047E+00,-0.047E+00,-0.047E+00,-0.188E+00,+5.22E+00,-7.54E+00,+2.12E+00,-3.716E+00
2,16/2/2026,19:08:00.441,-0.047E+00,-0.047E+00,-0.047E+00,-0.188E+00,+5.13E+00,-7.57E+00,+2.23E+00,-3.731E+00
2,16/2/2026,19:08:00.441,-0.047E+00,-0.047E+00,-0.047E+00,-0.188E+00,+5.05E+00,-7.58E+00,+2.35E+00,-3.739E+00
2,16/2/2026,19:08:00.441,-0.047E+00,-0.047E+00,-0.047E+00,-0.188E+00,+4.96E+00,-7.60E+00,+2.46E+00,-3.754E+00
2,16/2/2026,19:08:00.441,-0.047E+00,-0.047E+00,-0.047E+00,-0.188E+00,+4.87E+00,-7.63E+00,+2.58E+00,-3.762E+00
2,16/2/2026,19:08:00.441,-0.047E+00,-0.047E+00,-0.047E+00,-0.188E+00,+4.78E+00,-7.66E+00,+2.69E+00,-3.769E+00
2,16/2/2026,19:08:00.441,-0.047E+00,-0.047E+00,+0.000E+00,-0.188E+00,+4.68E+00,-7.66E+00,+2.79E+00,-3.777E+00
2,16/2/2026,19:08:00.441,-0.047E+00,-0.047E+00,+0.000E+00,-0.188E+00,+4.59E+00,-7.69E+00,+2.91E+00,-3.785E+00
2,16/2/2026,19:08:00.441,-0.047E+00,-0.047E+00,+0.000E+00,-0.235E+00,+4.50E+00,-7.71E+00,+3.02E+00,-3.792E+00
2,16/2/2026,19:08:00.441,-0.047E+00,-0.047E+00,-0.047E+00,-0.188E+00,+4.41E+00,-7.72E+00,+3.13E+00,-3.800E+00
2,16/2/2026,19:08:00.441,-0.047E+00,-0.047E+00,-0.047E+00,-0.188E+00,+4.30E+00,-7.74E+00,+3.24E+00,-3.807E+00
2,16/2/2026,19:08:00.441,-0.047E+00,-0.047E+00,+0.000E+00,-0.188E+00,+4.21E+00,-7.75E+00,+3.34E+00,-3.815E+00
2,16/2/2026,19:08:00.441,-0.047E+00,-0.047E+00,+0.000E+00,-0.188E+00,+4.12E+00,-7.75E+00,+3.45E+00,-3.823E+00
2,16/2/2026,19:08:00.441,+0.000E+00,-0.047E+00,+0.000E+00,-0.188E+00,+4.03E+00,-7.77E+00,+3.56E+00,-3.823E+00
2,16/2/2026,19:08:00.442,-0.047E+00,-0.047E+00,+0.000E+00,-0.188E+00,+3.92E+00,-7.78E+00,+3.66E+00,-3.823E+00
2,16/2/2026,19:08:00.442,-0.047E+00,-0.047E+00,-0.047E+00,-0.188E+00,+3.83E+00,-7.80E+00,+3.75E+00,-3.830E+00
2,16/2/2026,19:08:00.442,-0.047E+00,-0.047E+00,+0.000E+00,-0.188E+00,+3.72E+00,-7.80E+00,+3.86E+00,-3.838E+00
2,16/2/2026,19:08:00.442,-0.047E+00,-0.047E+00,+0.000E+00,-0.188E+00,+3.63E+00,-7.81E+00,+3.98E+00,-3.838E+00
2,16/2/2026,19:08:00.442,-0.047E+00,-0.047E+00,-0.047E+00,-0.188E+00,+3.53E+00,-7.81E+00,+4.07E+00,-3.838E+00
2,16/2/2026,19:08:00.442,+0.000E+00,-0.047E+00,-0.047E+00,-0.188E+00,+3.42E+00,-7.81E+00,+4.17E+00,-3.838E+00
2,16/2/2026,19:08:00.442,-0.047E+00,-0.047E+00,-0.047E+00,-0.188E+00,+3.31E+00,-7.81E+00,+4.27E+00,-3.846E+00
2,16/2/2026,19:08:00.442,-0.047E+00,-0.047E+00,-0.047E+00,-0.188E+00,+3.20E+00,-7.83E+00,+4.36E+00,-3.846E+00
2,16/2/2026,19:08:00.442,-0.047E+00,-0.047E+00,-0.047E+00,-0.188E+00,+3.10E+00,-7.83E+00,+4.47E+00,-3.846E+00
2,16/2/2026,19:08:00.442,-0.047E+00,-0.047E+00,-0.047E+00,-0.188E+00,+2.99E+00,-7.83E+00,+4.58E+00,-3.838E+00
2,16/2/2026,19:08:00.442,-0.047E+00,-0.047E+00,-0.047E+00,-0.188E+00,+2.88E+00,-7.83E+00,+4.67E+00,-3.838E+00
2,16/2/2026,19:08:00.442,-0.047E+00,-0.047E+00,-0.047E+00,-0.188E+00,+2.78E+00,-7.83E+00,+4.78E+00,-3.838E+00
2,16/2/2026,19:08:00.442,-0.047E+00,-0.047E+00,-0.047E+00,-0.188E+00,+2.67E+00,-7.83E+00,+4.87E+00,-3.838E+00
2,16/2/2026,19:08:00.442,-0.047E+00,-0.047E+00,-0.047E+00,-0.188E+00,+2.56E+00,-7.83E+00,+4.96E+00,-3.838E+00
2,16/2/2026,19:08:00.442,-0.047E+00,-0.047E+00,-0.047E+00,-0.188E+00,+2.44E+00,-7.83E+00,+5.07E+00,-3.838E+00
2,16/2/2026,19:08:00.442,-0.047E+00,-0.047E+00,-0.047E+00,-0.188E+00,+2.33E+00,-7.83E+00,+5.16E+00,-3.830E+00
2,16/2/2026,19:08:00.442,-0.047E+00,-0.047E+00,-0.047E+00,-0.188E+00,+2.21E+00,-7.81E+00,+5.26E+00,-3.823E+00
2,16/2/2026,19:08:00.442,+0.000E+00,-0.047E+00,-0.047E+00,-0.188E+00,+2.11E+00,-7.80E+00,+5.36E+00,-3.815E+00
2,16/2/2026,19:08:00.442,-0.047E+00,-0.047E+00,+0.000E+00,-0.188E+00,+2.00E+00,-7.78E+00,+5.43E+00,-3.800E+00
2,16/2/2026,19:08:00.442,-0.047E+00,-0.047E+00,+0.000E+00,-0.188E+00,+1.88E+00,-7.77E+00,+5.52E+00,-3.785E+00
2,16/2/2026,19:08:00.443,+0.000E+00,-0.047E+00,-0.047E+00,-0.188E+00,+1.77E+00,-7.72E+00,+5.60E+00,-3.769E+00
2,16/2/2026,19:08:00.443,+0.000E+00,-0.047E+00,-0.047E+00,-0.188E+00,+1.65E+00,-7.68E+00,+5.68E+00,-3.746E+00
2,16/2/2026,19:08:00.443,-0.047E+00,-0.047E+00,+0.000E+00,-0.188E+00,+1.54E+00,-7.63E+00,+5.75E+00,-3.723E+00
2,16/2/2026,19:08:00.443,-0.047E+00,-0.047E+00,+0.000E+00,-0.188E+00,+1.42E+00,-7.58E+00,+5.81E+00,-3.693E+00
2,16/2/2026,19:08:00.443,-0.047E+00,-0.047E+00,+0.000E+00,-0.188E+00,+1.30E+00,-7.54E+00,+5.89E+00,-3.670E+00
2,16/2/2026,19:08:00.443,-0.047E+00,-0.047E+00,+0.000E+00,-0.188E+00,+1.18E+00,-7.48E+00,+5.97E+00,-3.640E+00
2,16/2/2026,19:08:00.443,+0.000E+00,-0.047E+00,-0.047E+00,-0.188E+00,+1.05E+00,-7.43E+00,+6.04E+00,-3.617E+00
2,16/2/2026,19:08:00.443,-0.047E+00,-0.047E+00,-0.047E+00,-0.188E+00,+0.93E+00,-7.37E+00,+6.10E+00,-3.586E+00
2,16/2/2026,19:08:00.443,-0.047E+00,-0.047E+00,-0.047E+00,-0.188E+00,+0.81E+00,-7.32E+00,+6.17E+00,-3.556E+00
2,16/2/2026,19:08:00.443,+0.000E+00,-0.047E+00,+0.000E+00,-0.188E+00,+0.69E+00,-7.26E+00,+6.23E+00,-3.533E+00
2,16/2/2026,19:08:00.443,-0.047E+00,-0.047E+00,+0.000E+00,-0.188E+00,+0.55E+00,-7.20E+00,+6.27E+00,-3.495E+00
2,16/2/2026,19:08:00.443,-0.047E+00,-0.047E+00,-0.047E+00,-0.188E+00,+0.43E+00,-7.13E+00,+6.33E+00,-3.464E+00
2,16/2/2026,19:08:00.443,-0.047E+00,-0.047E+00,-0.047E+00,-0.188E+00,+0.31E+00,-7.05E+00,+6.39E+00,-3.426E+00
2,16/2/2026,19:08:00.443,-0.047E+00,-0.047E+00,+0.000E+00,-0.188E+00,+0.17E+00,-6.99E+00,+6.46E+00,-3.380E+00
2,16/2/2026,19:08:00.443,-0.047E+00,-0.047E+00,+0.000E+00,-0.188E+00,+0.05E+00,-6.91E+00,+6.50E+00,-3.342E+00
2,16/2/2026,19:08:00.443,-0.047E+00,-0.047E+00,-0.047E+00,-0.188E+00,-0.08E+00,-6.82E+00,+6.55E+00,-3.304E+00
2,16/2/2026,19:08:00.443,-0.047E+00,-0.047E+00,+0.000E+00,-0.188E+00,-0.18E+00,-6.75E+00,+6.61E+00,-3.258E+00
2,16/2/2026,19:08:00.443,-0.047E+00,-0.047E+00,-0.047E+00,-0.188E+00,-0.31E+00,-6.65E+00,+6.65E+00,-3.220E+00
2,16/2/2026,19:08:00.443,-0.047E+00,-0.047E+00,-0.047E+00,-0.188E+00,-0.43E+00,-6.58E+00,+6.70E+00,-3.174E+00
2,16/2/2026,19:08:00.443,-0.047E+00,-0.047E+00,+0.000E+00,-0.188E+00,-0.55E+00,-6.49E+00,+6.75E+00,-3.136E+00
2,16/2/2026,19:08:00.444,-0.047E+00,-0.047E+00,+0.000E+00,-0.188E+00,-0.67E+00,-6.39E+00,+6.79E+00,-3.090E+00
2,16/2/2026,19:08:00.444,-0.047E+00,-0.047E+00,-0.047E+00,-0.188E+00,-0.79E+00,-6.32E+00,+6.84E+00,-3.044E+00
2,16/2/2026,19:08:00.444,-0.047E+00,-0.047E+00,+0.000E+00,-0.188E+00,-0.92E+00,-6.23E+00,+6.88E+00,-3.006E+00
2,16/2/2026,19:08:00.444,-0.047E+00,-0.047E+00,-0.047E+00,-0.188E+00,-1.04E+00,-6.13E+00,+6.91E+00,-2.960E+00
2,16/2/2026,19:08:00.444,+0.000E+00,-0.047E+00,-0.047E+00,-0.188E+00,-1.16E+00,-6.06E+00,+6.96E+00,-2.915E+00
2,16/2/2026,19:08:00.444,-0.047E+00,+0.000E+00,-0.047E+00,-0.188E+00,-1.28E+00,-5.97E+00,+7.00E+00,-2.877E+00
2,16/2/2026,19:08:00.444,-0.047E+00,-0.047E+00,-0.047E+00,-0.188E+00,-1.40E+00,-5.88E+00,+7.03E+00,-2.831E+00
2,16/2/2026,19:08:00.444,-0.047E+00,-0.047E+00,-0.047E+00,-0.188E+00,-1.53E+00,-5.80E+00,+7.07E+00,-2.793E+00
2,16/2/2026,19:08:00.444,-0.047E+00,-0.047E+00,-0.047E+00,-0.188E+00,-1.65E+00,-5.72E+00,+7.10E+00,-2.747E+00
2,16/2/2026,19:08:00.444,-0.047E+00,-0.047E+00,-0.047E+00,-0.188E+00,-1.75E+00,-5.63E+00,+7.13E+00,-2.701E+00
2,16/2/2026,19:08:00.444,+0.000E+00,-0.047E+00,-0.047E+00,-0.188E+00,-1.88E+00,-5.54E+00,+7.16E+00,-2.655E+00
2,16/2/2026,19:08:00.444,+0.000E+00,-0.047E+00,+0.000E+00,-0.188E+00,-1.98E+00,-5.45E+00,+7.19E+00,-2.609E+00
2,16/2/2026,19:08:00.444,-0.047E+00,-0.047E+00,-0.047E+00,-0.188E+00,-2.11E+00,-5.37E+00,+7.20E+00,-2.571E+00
2,16/2/2026,19:08:00.444,-0.047E+00,-0.047E+00,+0.000E+00,-0.188E+00,-2.23E+00,-5.28E+00,+7.23E+00,-2.526E+00
2,16/2/2026,19:08:00.444,+0.000E+00,-0.047E+00,+0.000E+00,-0.188E+00,-2.33E+00,-5.19E+00,+7.26E+00,-2.480E+00
2,16/2/2026,19:08:00.444,-0.047E+00,-0.047E+00,-0.047E+00,-0.188E+00,-2.44E+00,-5.10E+00,+7.28E+00,-2.434E+00
2,16/2/2026,19:08:00.444,-0.047E+00,-0.047E+00,-0.047E+00,-0.188E+00,-2.55E+00,-5.01E+00,+7.29E+00,-2.388E+00
2,16/2/2026,19:08:00.444,+0.000E+00,-0.047E+00,-0.047E+00,-0.188E+00,-2.67E+00,-4.91E+00,+7.32E+00,-2.342E+00
2,16/2/2026,19:08:00.444,+0.000E+00,-0.047E+00,-0.047E+00,-0.188E+00,-2.79E+00,-4.84E+00,+7.34E+00,-2.304E+00
2,16/2/2026,19:08:00.444,-0.047E+00,-0.047E+00,-0.047E+00,-0.188E+00,-2.90E+00,-4.73E+00,+7.36E+00,-2.259E+00
2,16/2/2026,19:08:00.445,-0.047E+00,-0.047E+00,-0.047E+00,-0.188E+00,-3.01E+00,-4.64E+00,+7.39E+00,-2.213E+00
2,16/2/2026,19:08:00.445,-0.047E+00,-0.047E+00,-0.047E+00,-0.188E+00,-3.11E+00,-4.55E+00,+7.40E+00,-2.159E+00
2,16/2/2026,19:08:00.445,+0.000E+00,-0.047E+00,-0.047E+00,-0.188E+00,-3.22E+00,-4.46E+00,+7.42E+00,-2.114E+00
2,16/2/2026,19:08:00.445,+0.000E+00,-0.047E+00,+0.000E+00,-0.188E+00,-3.33E+00,-4.36E+00,+7.42E+00,-2.068E+00
2,16/2/2026,19:08:00.445,-0.047E+00,-0.047E+00,-0.047E+00,-0.188E+00,-3.43E+00,-4.26E+00,+7.43E+00,-2.014E+00
2,16/2/2026,19:08:00.445,-0.047E+00,-0.047E+00,-0.047E+00,-0.188E+00,-3.54E+00,-4.17E+00,+7.45E+00,-1.961E+00
2,16/2/2026,19:08:00.445,-0.047E+00,-0.047E+00,-0.047E+00,-0.188E+00,-3.65E+00,-4.06E+00,+7.46E+00,-1.915E+00
2,16/2/2026,19:08:00.445,-0.047E+00,-0.047E+00,-0.047E+00,-0.188E+00,-3.75E+00,-3.95E+00,+7.48E+00,-1.862E+00
2,16/2/2026,19:08:00.445,+0.000E+00,-0.047E+00,-0.047E+00,-0.188E+00,-3.86E+00,-3.85E+00,+7.49E+00,-1.816E+00
2,16/2/2026,19:08:00.445,+0.000E+00,-0.047E+00,+0.000E+00,-0.188E+00,-3.95E+00,-3.74E+00,+7.49E+00,-1.763E+00
2,16/2/2026,19:08:00.445,-0.047E+00,-0.047E+00,+0.000E+00,-0.188E+00,-4.06E+00,-3.65E+00,+7.49E+00,-1.709E+00
2,16/2/2026,19:08:00.445,-0.047E+00,-0.047E+00,-0.047E+00,-0.188E+00,-4.17E+00,-3.54E+00,+7.51E+00,-1.656E+00
2,16/2/2026,19:08:00.445,-0.047E+00,-0.047E+00,+0.000E+00,-0.188E+00,-4.27E+00,-3.42E+00,+7.51E+00,-1.610E+00
2,16/2/2026,19:08:00.445,-0.047E+00,-0.047E+00,+0.000E+00,-0.188E+00,-4.38E+00,-3.33E+00,+7.52E+00,-1.557E+00
2,16/2/2026,19:08:00.445,-0.047E+00,-0.047E+00,-0.047E+00,-0.188E+00,-4.47E+00,-3.22E+00,+7.52E+00,-1.503E+00
2,16/2/2026,19:08:00.445,-0.047E+00,-0.047E+00,+0.000E+00,-0.188E+00,-4.58E+00,-3.11E+00,+7.52E+00,-1.450E+00
2,16/2/2026,19:08:00.445,-0.047E+00,-0.047E+00,-0.047E+00,-0.235E+00,-4.68E+00,-2.99E+00,+7.52E+00,-1.396E+00
2,16/2/2026,19:08:00.445,-0.047E+00,-0.047E+00,-0.047E+00,-0.188E+00,-4.78E+00,-2.88E+00,+7.54E+00,-1.335E+00
2,16/2/2026,19:08:00.445,-0.047E+00,-0.047E+00,-0.047E+00,-0.188E+00,-4.88E+00,-2.78E+00,+7.54E+00,-1.289E+00
2,16/2/2026,19:08:00.445,-0.047E+00,-0.047E+00,-0.047E+00,-0.188E+00,-4.97E+00,-2.66E+00,+7.54E+00,-1.228E+00
2,16/2/2026,19:08:00.446,-0.047E+00,-0.047E+00,-0.047E+00,-0.188E+00,-5.08E+00,-2.53E+00,+7.54E+00,-1.167E+00
2,16/2/2026,19:08:00.446,-0.047E+00,-0.047E+00,-0.047E+00,-0.188E+00,-5.19E+00,-2.43E+00,+7.54E+00,-1.122E+00
2,16/2/2026,19:08:00.446,-0.047E+00,-0.047E+00,-0.047E+00,-0.188E+00,-5.28E+00,-2.32E+00,+7.54E+00,-1.061E+00
2,16/2/2026,19:08:00.446,-0.047E+00,-0.047E+00,-0.047E+00,-0.188E+00,-5.39E+00,-2.20E+00,+7.55E+00,-1.007E+00
2,16/2/2026,19:08:00.446,-0.047E+00,-0.047E+00,-0.047E+00,-0.188E+00,-5.48E+00,-2.09E+00,+7.54E+00,-0.954E+00
2,16/2/2026,19:08:00.446,-0.047E+00,-0.047E+00,-0.047E+00,-0.188E+00,-5.57E+00,-1.97E+00,+7.54E+00,-0.893E+00
2,16/2/2026,19:08:00.446,+0.000E+00,-0.047E+00,-0.047E+00,-0.188E+00,-5.65E+00,-1.85E+00,+7.52E+00,-0.832E+00
2,16/2/2026,19:08:00.446,-0.047E+00,-0.047E+00,+0.000E+00,-0.188E+00,-5.74E+00,-1.72E+00,+7.49E+00,-0.778E+00
2,16/2/2026,19:08:00.446,-0.047E+00,-0.047E+00,-0.047E+00,-0.188E+00,-5.81E+00,-1.62E+00,+7.46E+00,-0.717E+00
2,16/2/2026,19:08:00.446,+0.000E+00,-0.047E+00,+0.000E+00,-0.188E+00,-5.89E+00,-1.50E+00,+7.43E+00,-0.664E+00
2,16/2/2026,19:08:00.446,+0.000E+00,-0.047E+00,+0.000E+00,-0.188E+00,-5.97E+00,-1.37E+00,+7.39E+00,-0.603E+00
2,16/2/2026,19:08:00.446,-0.047E+00,-0.047E+00,-0.047E+00,-0.188E+00,-6.04E+00,-1.25E+00,+7.34E+00,-0.542E+00
2,16/2/2026,19:08:00.446,-0.047E+00,-0.047E+00,-0.047E+00,-0.188E+00,-6.10E+00,-1.13E+00,+7.28E+00,-0.488E+00
2,16/2/2026,19:08:00.446,-0.047E+00,-0.047E+00,-0.047E+00,-0.188E+00,-6.18E+00,-1.01E+00,+7.22E+00,-0.427E+00
2,16/2/2026,19:08:00.446,-0.047E+00,-0.047E+00,-0.047E+00,-0.188E+00,-6.24E+00,-0.90E+00,+7.17E+00,-0.366E+00
2,16/2/2026,19:08:00.446,-0.047E+00,-0.047E+00,-0.047E+00,-0.188E+00,-6.32E+00,-0.78E+00,+7.10E+00,-0.313E+00
2,16/2/2026,19:08:00.446,-0.047E+00,-0.047E+00,+0.000E+00,-0.188E+00,-6.38E+00,-0.66E+00,+7.05E+00,-0.252E+00
2,16/2/2026,19:08:00.446,-0.047E+00,-0.047E+00,+0.000E+00,-0.188E+00,-6.44E+00,-0.53E+00,+6.99E+00,-0.191E+00
2,16/2/2026,19:08:00.446,-0.047E+00,-0.047E+00,-0.047E+00,-0.188E+00,-6.50E+00,-0.43E+00,+6.91E+00,-0.137E+00
2,16/2/2026,19:08:00.446,-0.047E+00,-0.047E+00,-0.047E+00,-0.188E+00,-6.56E+00,-0.31E+00,+6.87E+00,-0.076E+00
2,16/2/2026,19:08:00.446,-0.047E+00,-0.047E+00,-0.047E+00,-0.188E+00,-6.62E+00,-0.18E+00,+6.81E+00,-0.015E+00
2,16/2/2026,19:08:00.447,-0.047E+00,-0.047E+00,-0.047E+00,-0.188E+00,-6.67E+00,-0.06E+00,+6.73E+00,+0.046E+00
2,16/2/2026,19:08:00.447,-0.047E+00,-0.047E+00,-0.047E+00,-0.188E+00,-6.71E+00,+0.06E+00,+6.67E+00,+0.107E+00
2,16/2/2026,19:08:00.447,-0.047E+00,-0.047E+00,+0.000E+00,-0.188E+00,-6.76E+00,+0.18E+00,+6.59E+00,+0.160E+00
2,16/2/2026,19:08:00.447,-0.047E+00,-0.047E+00,+0.000E+00,-0.188E+00,-6.79E+00,+0.31E+00,+6.52E+00,+0.229E+00
2,16/2/2026,19:08:00.447,-0.047E+00,-0.047E+00,-0.047E+00,-0.235E+00,-6.84E+00,+0.43E+00,+6.44E+00,+0.282E+00
2,16/2/2026,19:08:00.447,-0.047E+00,-0.047E+00,-0.047E+00,-0.188E+00,-6.88E+00,+0.55E+00,+6.35E+00,+0.343E+00
2,16/2/2026,19:08:00.447,-0.047E+00,-0.047E+00,+0.000E+00,-0.188E+00,-6.91E+00,+0.67E+00,+6.27E+00,+0.404E+00
2,16/2/2026,19:08:00.447,-0.047E+00,-0.047E+00,-0.047E+00,-0.188E+00,-6.94E+00,+0.79E+00,+6.18E+00,+0.465E+00
2,16/2/2026,19:08:00.447,-0.047E+00,+0.000E+00,-0.047E+00,-0.188E+00,-6.99E+00,+0.92E+00,+6.09E+00,+0.526E+00
2,16/2/2026,19:08:00.447,-0.047E+00,-0.047E+00,-0.047E+00,-0.188E+00,-7.02E+00,+1.04E+00,+6.00E+00,+0.588E+00
2,16/2/2026,19:08:00.447,-0.047E+00,-0.047E+00,-0.047E+00,-0.188E+00,-7.05E+00,+1.16E+00,+5.91E+00,+0.656E+00
2,16/2/2026,19:08:00.447,+0.000E+00,-0.047E+00,-0.047E+00,-0.188E+00,-7.10E+00,+1.28E+00,+5.83E+00,+0.717E+00
2,16/2/2026,19:08:00.447,-0.047E+00,-0.047E+00,-0.047E+00,-0.188E+00,-7.13E+00,+1.40E+00,+5.74E+00,+0.771E+00
2,16/2/2026,19:08:00.447,-0.047E+00,-0.047E+00,-0.047E+00,-0.188E+00,-7.16E+00,+1.54E+00,+5.65E+00,+0.839E+00
2,16/2/2026,19:08:00.447,+0.000E+00,-0.047E+00,-0.047E+00,-0.188E+00,-7.19E+00,+1.66E+00,+5.57E+00,+0.900E+00
2,16/2/2026,19:08:00.447,-0.047E+00,-0.047E+00,-0.047E+00,-0.188E+00,-7.23E+00,+1.79E+00,+5.49E+00,+0.954E+00
2,16/2/2026,19:08:00.447,-0.047E+00,-0.047E+00,+0.000E+00,-0.188E+00,-7.26E+00,+1.89E+00,+5.40E+00,+1.015E+00
2,16/2/2026,19:08:00.447,-0.047E+00,-0.047E+00,-0.047E+00,-0.188E+00,-7.28E+00,+2.01E+00,+5.31E+00,+1.076E+00
2,16/2/2026,19:08:00.447,-0.047E+00,-0.047E+00,-0.047E+00,-0.188E+00,-7.31E+00,+2.14E+00,+5.22E+00,+1.129E+00
2,16/2/2026,19:08:00.447,-0.047E+00,-0.047E+00,+0.000E+00,-0.188E+00,-7.34E+00,+2.26E+00,+5.14E+00,+1.190E+00
2,16/2/2026,19:08:00.448,-0.047E+00,-0.047E+00,-0.047E+00,-0.188E+00,-7.37E+00,+2.38E+00,+5.05E+00,+1.251E+00
2,16/2/2026,19:08:00.448,-0.047E+00,-0.047E+00,-0.047E+00,-0.188E+00,-7.39E+00,+2.49E+00,+4.96E+00,+1.312E+00
2,16/2/2026,19:08:00.448,-0.047E+00,-0.047E+00,-0.047E+00,-0.188E+00,-7.42E+00,+2.61E+00,+4.87E+00,+1.366E+00
2,16/2/2026,19:08:00.448,-0.047E+00,-0.047E+00,+0.000E+00,-0.188E+00,-7.45E+00,+2.73E+00,+4.78E+00,+1.419E+00
2,16/2/2026,19:08:00.448,-0.047E+00,-0.047E+00,+0.000E+00,-0.188E+00,-7.46E+00,+2.84E+00,+4.68E+00,+1.480E+00
2,16/2/2026,19:08:00.448,-0.047E+00,-0.047E+00,+0.000E+00,-0.188E+00,-7.48E+00,+2.96E+00,+4.58E+00,+1.534E+00
2,16/2/2026,19:08:00.448,+0.000E+00,-0.047E+00,-0.047E+00,-0.188E+00,-7.49E+00,+3.07E+00,+4.49E+00,+1.587E+00
2,16/2/2026,19:08:00.448,-0.047E+00,-0.047E+00,-0.047E+00,-0.188E+00,-7.51E+00,+3.17E+00,+4.39E+00,+1.648E+00
2,16/2/2026,19:08:00.448,-0.047E+00,-0.094E+00,-0.047E+00,-0.188E+00,-7.52E+00,+3.28E+00,+4.30E+00,+1.702E+00
2,16/2/2026,19:08:00.448,-0.047E+00,-0.047E+00,+0.000E+00,-0.188E+00,-7.55E+00,+3.39E+00,+4.21E+00,+1.755E+00
2,16/2/2026,19:08:00.448,-0.047E+00,-0.047E+00,+0.000E+00,-0.188E+00,-7.55E+00,+3.49E+00,+4.10E+00,+1.808E+00
2,16/2/2026,19:08:00.448,-0.047E+00,-0.047E+00,+0.000E+00,-0.188E+00,-7.57E+00,+3.60E+00,+4.01E+00,+1.854E+00
2,16/2/2026,19:08:00.448,-0.047E+00,-0.047E+00,-0.047E+00,-0.188E+00,-7.58E+00,+3.71E+00,+3.91E+00,+1.908E+00
2,16/2/2026,19:08:00.448,-0.047E+00,-0.047E+00,-0.047E+00,-0.188E+00,-7.60E+00,+3.82E+00,+3.82E+00,+1.961E+00
2,16/2/2026,19:08:00.448,+0.000E+00,-0.047E+00,+0.000E+00,-0.188E+00,-7.60E+00,+3.92E+00,+3.71E+00,+2.014E+00
2,16/2/2026,19:08:00.448,+0.000E+00,-0.047E+00,+0.000E+00,-0.188E+00,-7.61E+00,+4.03E+00,+3.60E+00,+2.060E+00
2,16/2/2026,19:08:00.448,-0.047E+00,-0.047E+00,+0.000E+00,-0.188E+00,-7.61E+00,+4.14E+00,+3.49E+00,+2.114E+00
2,16/2/2026,19:08:00.448,-0.047E+00,-0.047E+00,+0.000E+00,-0.188E+00,-7.63E+00,+4.23E+00,+3.40E+00,+2.167E+00
2,16/2/2026,19:08:00.448,+0.000E+00,-0.047E+00,-0.047E+00,-0.188E+00,-7.63E+00,+4.33E+00,+3.30E+00,+2.220E+00
2,16/2/2026,19:08:00.448,-0.047E+00,-0.047E+00,-0.047E+00,-0.188E+00,-7.63E+00,+4.43E+00,+3.19E+00,+2.266E+00
2,16/2/2026,19:08:00.449,-0.047E+00,-0.047E+00,-0.047E+00,-0.188E+00,-7.65E+00,+4.53E+00,+3.08E+00,+2.320E+00
2,16/2/2026,19:08:00.449,+0.000E+00,-0.047E+00,-0.047E+00,-0.188E+00,-7.65E+00,+4.62E+00,+2.98E+00,+2.365E+00
2,16/2/2026,19:08:00.449,-0.047E+00,-0.047E+00,+0.000E+00,-0.188E+00,-7.65E+00,+4.72E+00,+2.87E+00,+2.419E+00
2,16/2/2026,19:08:00.449,-0.047E+00,-0.047E+00,+0.000E+00,-0.188E+00,-7.65E+00,+4.82E+00,+2.76E+00,+2.465E+00
2,16/2/2026,19:08:00.449,-0.047E+00,-0.047E+00,+0.000E+00,-0.188E+00,-7.65E+00,+4.93E+00,+2.66E+00,+2.518E+00
2,16/2/2026,19:08:00.449,-0.047E+00,-0.047E+00,-0.047E+00,-0.188E+00,-7.65E+00,+5.02E+00,+2.55E+00,+2.571E+00
2,16/2/2026,19:08:00.449,-0.047E+00,-0.047E+00,-0.047E+00,-0.188E+00,-7.63E+00,+5.13E+00,+2.43E+00,+2.617E+00
2,16/2/2026,19:08:00.449,-0.047E+00,-0.047E+00,-0.047E+00,-0.188E+00,-7.63E+00,+5.22E+00,+2.32E+00,+2.663E+00
2,16/2/2026,19:08:00.449,-0.047E+00,-0.047E+00,-0.047E+00,-0.188E+00,-7.61E+00,+5.31E+00,+2.20E+00,+2.716E+00
2,16/2/2026,19:08:00.449,-0.047E+00,-0.047E+00,+0.000E+00,-0.188E+00,-7.61E+00,+5.40E+00,+2.09E+00,+2.762E+00
2,16/2/2026,19:08:00.449,-0.047E+00,-0.047E+00,-0.047E+00,-0.188E+00,-7.58E+00,+5.49E+00,+1.98E+00,+2.808E+00
2,16/2/2026,19:08:00.449,-0.047E+00,-0.047E+00,-0.047E+00,-0.188E+00,-7.57E+00,+5.59E+00,+1.86E+00,+2.854E+00
2,16/2/2026,19:08:00.449,-0.047E+00,-0.047E+00,+0.000E+00,-0.188E+00,-7.55E+00,+5.68E+00,+1.75E+00,+2.892E+00
2,16/2/2026,19:08:00.449,-0.047E+00,-0.047E+00,-0.047E+00,-0.188E+00,-7.52E+00,+5.75E+00,+1.63E+00,+2.930E+00
2,16/2/2026,19:08:00.449,-0.047E+00,-0.047E+00,-0.047E+00,-0.188E+00,-7.49E+00,+5.83E+00,+1.51E+00,+2.976E+00
2,16/2/2026,19:08:00.449,-0.047E+00,-0.047E+00,+0.000E+00,-0.188E+00,-7.45E+00,+5.91E+00,+1.40E+00,+3.006E+00
2,16/2/2026,19:08:00.449,-0.047E+00,+0.000E+00,+0.000E+00,-0.188E+00,-7.40E+00,+5.98E+00,+1.28E+00,+3.044E+00
2,16/2/2026,19:08:00.449,-0.047E+00,-0.047E+00,-0.047E+00,-0.188E+00,-7.37E+00,+6.04E+00,+1.16E+00,+3.083E+00
2,16/2/2026,19:08:00.449,-0.047E+00,-0.047E+00,-0.047E+00,-0.188E+00,-7.32E+00,+6.10E+00,+1.04E+00,+3.113E+00
2,16/2/2026,19:08:00.449,-0.047E+00,-0.047E+00,+0.000E+00,-0.188E+00,-7.28E+00,+6.18E+00,+0.92E+00,+3.151E+00
2,16/2/2026,19:08:00.450,-0.047E+00,-0.047E+00,+0.000E+00,-0.188E+00,-7.22E+00,+6.24E+00,+0.79E+00,+3.182E+00
2,16/2/2026,19:08:00.450,-0.047E+00,-0.047E+00,-0.047E+00,-0.188E+00,-7.17E+00,+6.30E+00,+0.67E+00,+3.212E+00
2,16/2/2026,19:08:00.450,-0.047E+00,-0.047E+00,-0.047E+00,-0.188E+00,-7.11E+00,+6.36E+00,+0.55E+00,+3.250E+00
2,16/2/2026,19:08:00.450,-0.047E+00,+0.000E+00,+0.000E+00,-0.188E+00,-7.05E+00,+6.42E+00,+0.44E+00,+3.281E+00
2,16/2/2026,19:08:00.450,-0.047E+00,-0.047E+00,+0.000E+00,-0.188E+00,-6.99E+00,+6.49E+00,+0.32E+00,+3.311E+00
2,16/2/2026,19:08:00.450,-0.047E+00,-0.047E+00,-0.047E+00,-0.188E+00,-6.93E+00,+6.55E+00,+0.18E+00,+3.342E+00
2,16/2/2026,19:08:00.450,-0.047E+00,-0.047E+00,-0.047E+00,-0.188E+00,-6.85E+00,+6.61E+00,+0.06E+00,+3.365E+00
2,16/2/2026,19:08:00.450,-0.047E+00,-0.047E+00,-0.047E+00,-0.188E+00,-6.78E+00,+6.67E+00,-0.05E+00,+3.395E+00
2,16/2/2026,19:08:00.450,-0.047E+00,-0.047E+00,+0.000E+00,-0.188E+00,-6.70E+00,+6.73E+00,-0.17E+00,+3.426E+00
2,16/2/2026,19:08:00.450,-0.047E+00,-0.047E+00,-0.047E+00,-0.188E+00,-6.62E+00,+6.79E+00,-0.29E+00,+3.449E+00
2,16/2/2026,19:08:00.450,-0.047E+00,-0.047E+00,+0.000E+00,-0.188E+00,-6.55E+00,+6.84E+00,-0.41E+00,+3.472E+00
2,16/2/2026,19:08:00.450,-0.047E+00,-0.047E+00,+0.000E+00,-0.188E+00,-6.47E+00,+6.88E+00,-0.52E+00,+3.502E+00
2,16/2/2026,19:08:00.450,-0.047E+00,+0.000E+00,-0.047E+00,-0.188E+00,-6.38E+00,+6.93E+00,-0.64E+00,+3.517E+00
2,16/2/2026,19:08:00.450,-0.047E+00,-0.047E+00,-0.047E+00,-0.188E+00,-6.29E+00,+6.97E+00,-0.76E+00,+3.540E+00
2,16/2/2026,19:08:00.450,-0.047E+00,-0.047E+00,-0.047E+00,-0.188E+00,-6.21E+00,+7.00E+00,-0.89E+00,+3.556E+00
2,16/2/2026,19:08:00.450,-0.047E+00,-0.047E+00,-0.047E+00,-0.188E+00,-6.12E+00,+7.05E+00,-1.01E+00,+3.579E+00
2,16/2/2026,19:08:00.450,-0.047E+00,-0.047E+00,-0.047E+00,-0.188E+00,-6.03E+00,+7.08E+00,-1.14E+00,+3.594E+00
2,16/2/2026,19:08:00.450,-0.047E+00,-0.047E+00,-0.047E+00,-0.188E+00,-5.94E+00,+7.11E+00,-1.27E+00,+3.609E+00
2,16/2/2026,19:08:00.450,-0.047E+00,-0.047E+00,-0.047E+00,-0.188E+00,-5.86E+00,+7.14E+00,-1.39E+00,+3.624E+00
2,16/2/2026,19:08:00.450,-0.047E+00,-0.047E+00,+0.000E+00,-0.188E+00,-5.77E+00,+7.17E+00,-1.53E+00,+3.640E+00
2,16/2/2026,19:08:00.451,+0.000E+00,-0.047E+00,+0.000E+00,-0.188E+00,-5.69E+00,+7.20E+00,-1.63E+00,+3.647E+00
2,16/2/2026,19:08:00.451,-0.047E+00,-0.047E+00,-0.047E+00,-0.188E+00,-5.60E+00,+7.23E+00,-1.75E+00,+3.662E+00
2,16/2/2026,19:08:00.451,-0.047E+00,-0.047E+00,+0.000E+00,-0.188E+00,-5.51E+00,+7.26E+00,-1.88E+00,+3.678E+00
2,16/2/2026,19:08:00.451,-0.047E+00,-0.047E+00,+0.000E+00,-0.188E+00,-5.43E+00,+7.29E+00,-2.00E+00,+3.693E+00
2,16/2/2026,19:08:00.451,-0.047E+00,-0.047E+00,+0.000E+00,-0.188E+00,-5.34E+00,+7.32E+00,-2.11E+00,+3.708E+00
2,16/2/2026,19:08:00.451,-0.047E+00,-0.047E+00,+0.000E+00,-0.188E+00,-5.25E+00,+7.34E+00,-2.23E+00,+3.716E+00
2,16/2/2026,19:08:00.451,+0.000E+00,-0.047E+00,+0.000E+00,-0.188E+00,-5.16E+00,+7.37E+00,-2.35E+00,+3.731E+00
2,16/2/2026,19:08:00.451,-0.047E+00,-0.047E+00,+0.000E+00,-0.188E+00,-5.07E+00,+7.40E+00,-2.46E+00,+3.739E+00
2,16/2/2026,19:08:00.451,-0.047E+00,-0.047E+00,-0.047E+00,-0.188E+00,-4.97E+00,+7.42E+00,-2.58E+00,+3.746E+00
2,16/2/2026,19:08:00.451,-0.047E+00,-0.047E+00,-0.047E+00,-0.188E+00,-4.88E+00,+7.43E+00,-2.70E+00,+3.762E+00
2,16/2/2026,19:08:00.451,-0.047E+00,-0.047E+00,+0.000E+00,-0.188E+00,-4.79E+00,+7.45E+00,-2.81E+00,+3.769E+00
2,16/2/2026,19:08:00.451,-0.047E+00,-0.047E+00,-0.047E+00,-0.188E+00,-4.70E+00,+7.48E+00,-2.91E+00,+3.777E+00
2,16/2/2026,19:08:00.451,-0.047E+00,-0.047E+00,-0.047E+00,-0.188E+00,-4.61E+00,+7.49E+00,-3.02E+00,+3.785E+00
2,16/2/2026,19:08:00.451,-0.047E+00,-0.047E+00,-0.047E+00,-0.188E+00,-4.52E+00,+7.51E+00,-3.13E+00,+3.792E+00
2,16/2/2026,19:08:00.451,-0.047E+00,-0.047E+00,+0.000E+00,-0.188E+00,-4.43E+00,+7.52E+00,-3.25E+00,+3.800E+00
2,16/2/2026,19:08:00.451,-0.047E+00,-0.047E+00,+0.000E+00,-0.188E+00,-4.32E+00,+7.52E+00,-3.36E+00,+3.800E+00
2,16/2/2026,19:08:00.451,-0.047E+00,-0.047E+00,+0.000E+00,-0.188E+00,-4.23E+00,+7.54E+00,-3.45E+00,+3.807E+00
2,16/2/2026,19:08:00.451,-0.047E+00,-0.047E+00,-0.047E+00,-0.188E+00,-4.14E+00,+7.55E+00,-3.57E+00,+3.815E+00
2,16/2/2026,19:08:00.451,-0.047E+00,-0.047E+00,-0.047E+00,-0.188E+00,-4.04E+00,+7.57E+00,-3.68E+00,+3.815E+00
2,16/2/2026,19:08:00.451,-0.047E+00,-0.047E+00,-0.047E+00,-0.188E+00,-3.95E+00,+7.58E+00,-3.78E+00,+3.823E+00
2,16/2/2026,19:08:00.452,-0.047E+00,-0.047E+00,-0.047E+00,-0.188E+00,-3.85E+00,+7.58E+00,-3.88E+00,+3.830E+00
2,16/2/2026,19:08:00.452,-0.047E+00,-0.047E+00,-0.047E+00,-0.188E+00,-3.75E+00,+7.58E+00,-3.98E+00,+3.830E+00
2,16/2/2026,19:08:00.452,-0.047E+00,-0.047E+00,-0.047E+00,-0.188E+00,-3.65E+00,+7.60E+00,-4.09E+00,+3.838E+00
2,16/2/2026,19:08:00.452,-0.047E+00,-0.047E+00,+0.000E+00,-0.188E+00,-3.54E+00,+7.61E+00,-4.20E+00,+3.838E+00
2,16/2/2026,19:08:00.452,-0.047E+00,-0.047E+00,-0.047E+00,-0.188E+00,-3.43E+00,+7.61E+00,-4.29E+00,+3.838E+00
2,16/2/2026,19:08:00.452,+0.000E+00,-0.047E+00,-0.047E+00,-0.188E+00,-3.33E+00,+7.61E+00,-4.39E+00,+3.838E+00
2,16/2/2026,19:08:00.452,-0.047E+00,-0.047E+00,+0.000E+00,-0.188E+00,-3.22E+00,+7.61E+00,-4.49E+00,+3.838E+00
2,16/2/2026,19:08:00.452,-0.047E+00,-0.047E+00,+0.000E+00,-0.188E+00,-3.11E+00,+7.63E+00,-4.58E+00,+3.846E+00
2,16/2/2026,19:08:00.452,+0.000E+00,-0.047E+00,+0.000E+00,-0.188E+00,-3.02E+00,+7.63E+00,-4.68E+00,+3.838E+00
2,16/2/2026,19:08:00.452,-0.047E+00,-0.047E+00,+0.000E+00,-0.188E+00,-2.91E+00,+7.63E+00,-4.79E+00,+3.838E+00
2,16/2/2026,19:08:00.452,-0.047E+00,-0.047E+00,+0.000E+00,-0.188E+00,-2.79E+00,+7.65E+00,-4.88E+00,+3.838E+00
2,16/2/2026,19:08:00.452,+0.000E+00,-0.047E+00,+0.000E+00,-0.188E+00,-2.69E+00,+7.65E+00,-4.97E+00,+3.838E+00
2,16/2/2026,19:08:00.452,-0.047E+00,-0.047E+00,+0.000E+00,-0.188E+00,-2.58E+00,+7.63E+00,-5.08E+00,+3.838E+00
2,16/2/2026,19:08:00.452,-0.047E+00,-0.047E+00,-0.047E+00,-0.188E+00,-2.47E+00,+7.63E+00,-5.17E+00,+3.830E+00
2,16/2/2026,19:08:00.452,-0.047E+00,-0.047E+00,-0.047E+00,-0.188E+00,-2.35E+00,+7.61E+00,-5.26E+00,+3.830E+00
2,16/2/2026,19:08:00.452,-0.047E+00,-0.047E+00,-0.047E+00,-0.188E+00,-2.24E+00,+7.61E+00,-5.36E+00,+3.823E+00
2,16/2/2026,19:08:00.452,-0.047E+00,-0.047E+00,-0.047E+00,-0.188E+00,-2.14E+00,+7.60E+00,-5.45E+00,+3.815E+00
2,16/2/2026,19:08:00.452,+0.000E+00,-0.047E+00,-0.047E+00,-0.188E+00,-2.01E+00,+7.58E+00,-5.54E+00,+3.800E+00
2,16/2/2026,19:08:00.452,-0.047E+00,-0.047E+00,-0.047E+00,-0.188E+00,-1.91E+00,+7.55E+00,-5.63E+00,+3.785E+00
2,16/2/2026,19:08:00.452,-0.047E+00,-0.047E+00,-0.047E+00,-0.188E+00,-1.79E+00,+7.51E+00,-5.71E+00,+3.762E+00
2,16/2/2026,19:08:00.453,-0.047E+00,-0.047E+00,-0.047E+00,-0.188E+00,-1.66E+00,+7.48E+00,-5.80E+00,+3.739E+00
2,16/2/2026,19:08:00.453,-0.047E+00,-0.047E+00,-0.047E+00,-0.188E+00,-1.56E+00,+7.43E+00,-5.86E+00,+3.716E+00
2,16/2/2026,19:08:00.453,-0.047E+00,-0.047E+00,+0.000E+00,-0.188E+00,-1.43E+00,+7.37E+00,-5.94E+00,+3.685E+00
2,16/2/2026,19:08:00.453,-0.047E+00,-0.047E+00,+0.000E+00,-0.188E+00,-1.33E+00,+7.32E+00,-6.01E+00,+3.662E+00
2,16/2/2026,19:08:00.453,-0.047E+00,-0.047E+00,+0.000E+00,-0.188E+00,-1.21E+00,+7.28E+00,-6.07E+00,+3.640E+00
2,16/2/2026,19:08:00.453,-0.047E+00,-0.047E+00,+0.000E+00,-0.188E+00,-1.08E+00,+7.23E+00,-6.15E+00,+3.609E+00
2,16/2/2026,19:08:00.453,+0.000E+00,-0.047E+00,-0.047E+00,-0.188E+00,-0.96E+00,+7.17E+00,-6.21E+00,+3.586E+00
2,16/2/2026,19:08:00.453,-0.047E+00,-0.047E+00,+0.000E+00,-0.188E+00,-0.84E+00,+7.13E+00,-6.27E+00,+3.556E+00
2,16/2/2026,19:08:00.453,-0.047E+00,-0.047E+00,-0.047E+00,-0.188E+00,-0.70E+00,+7.05E+00,-6.33E+00,+3.525E+00
2,16/2/2026,19:08:00.453,+0.000E+00,-0.047E+00,-0.047E+00,-0.188E+00,-0.58E+00,+6.99E+00,-6.39E+00,+3.495E+00
2,16/2/2026,19:08:00.453,-0.047E+00,-0.047E+00,-0.047E+00,-0.188E+00,-0.44E+00,+6.93E+00,-6.44E+00,+3.456E+00
2,16/2/2026,19:08:00.453,-0.047E+00,-0.047E+00,-0.047E+00,-0.188E+00,-0.32E+00,+6.85E+00,-6.50E+00,+3.418E+00
2,16/2/2026,19:08:00.453,-0.047E+00,-0.047E+00,-0.047E+00,-0.188E+00,-0.20E+00,+6.78E+00,-6.55E+00,+3.373E+00
2,16/2/2026,19:08:00.453,-0.047E+00,-0.047E+00,-0.047E+00,-0.188E+00,-0.08E+00,+6.70E+00,-6.61E+00,+3.334E+00
2,16/2/2026,19:08:00.453,-0.047E+00,-0.047E+00,+0.000E+00,-0.188E+00,+0.05E+00,+6.61E+00,-6.65E+00,+3.296E+00
2,16/2/2026,19:08:00.453,-0.047E+00,-0.047E+00,+0.000E+00,-0.188E+00,+0.17E+00,+6.53E+00,-6.71E+00,+3.250E+00
2,16/2/2026,19:08:00.453,+0.000E+00,-0.047E+00,-0.047E+00,-0.188E+00,+0.29E+00,+6.46E+00,-6.76E+00,+3.212E+00
2,16/2/2026,19:08:00.453,-0.047E+00,-0.047E+00,-0.047E+00,-0.188E+00,+0.41E+00,+6.36E+00,-6.81E+00,+3.174E+00
2,16/2/2026,19:08:00.453,-0.047E+00,-0.047E+00,+0.000E+00,-0.188E+00,+0.53E+00,+6.27E+00,-6.85E+00,+3.128E+00
2,16/2/2026,19:08:00.453,-0.047E+00,-0.047E+00,+0.000E+00,-0.188E+00,+0.66E+00,+6.20E+00,-6.90E+00,+3.090E+00
2,16/2/2026,19:08:00.454,-0.047E+00,-0.047E+00,-0.047E+00,-0.188E+00,+0.78E+00,+6.10E+00,-6.94E+00,+3.037E+00
2,16/2/2026,19:08:00.454,-0.047E+00,-0.047E+00,-0.047E+00,-0.188E+00,+0.90E+00,+6.01E+00,-6.99E+00,+2.991E+00
2,16/2/2026,19:08:00.454,-0.047E+00,-0.047E+00,-0.047E+00,-0.188E+00,+1.01E+00,+5.92E+00,-7.02E+00,+2.953E+00
2,16/2/2026,19:08:00.454,-0.047E+00,-0.047E+00,+0.000E+00,-0.188E+00,+1.14E+00,+5.83E+00,-7.07E+00,+2.907E+00
2,16/2/2026,19:08:00.454,+0.000E+00,-0.047E+00,+0.000E+00,-0.188E+00,+1.25E+00,+5.75E+00,-7.10E+00,+2.869E+00
2,16/2/2026,19:08:00.454,-0.047E+00,-0.047E+00,-0.047E+00,-0.188E+00,+1.37E+00,+5.66E+00,-7.13E+00,+2.823E+00
2,16/2/2026,19:08:00.454,-0.047E+00,-0.047E+00,+0.000E+00,-0.188E+00,+1.50E+00,+5.59E+00,-7.17E+00,+2.785E+00
2,16/2/2026,19:08:00.454,+0.000E+00,-0.047E+00,+0.000E+00,-0.188E+00,+1.62E+00,+5.49E+00,-7.20E+00,+2.739E+00
2,16/2/2026,19:08:00.454,-0.047E+00,-0.047E+00,+0.000E+00,-0.188E+00,+1.72E+00,+5.40E+00,-7.23E+00,+2.693E+00
2,16/2/2026,19:08:00.454,-0.047E+00,-0.047E+00,-0.047E+00,-0.188E+00,+1.85E+00,+5.33E+00,-7.26E+00,+2.655E+00
2,16/2/2026,19:08:00.454,-0.047E+00,-0.047E+00,-0.047E+00,-0.188E+00,+1.97E+00,+5.23E+00,-7.29E+00,+2.609E+00
2,16/2/2026,19:08:00.454,+0.000E+00,-0.047E+00,-0.047E+00,-0.141E+00,+2.08E+00,+5.16E+00,-7.32E+00,+2.571E+00
2,16/2/2026,19:08:00.454,-0.047E+00,-0.047E+00,-0.047E+00,-0.188E+00,+2.20E+00,+5.07E+00,-7.34E+00,+2.526E+00
2,16/2/2026,19:08:00.454,-0.047E+00,-0.047E+00,-0.047E+00,-0.188E+00,+2.32E+00,+4.97E+00,-7.37E+00,+2.480E+00
2,16/2/2026,19:08:00.454,-0.047E+00,-0.047E+00,-0.047E+00,-0.188E+00,+2.43E+00,+4.88E+00,-7.39E+00,+2.434E+00
2,16/2/2026,19:08:00.454,-0.047E+00,-0.047E+00,+0.000E+00,-0.188E+00,+2.55E+00,+4.79E+00,-7.40E+00,+2.388E+00
2,16/2/2026,19:08:00.454,-0.047E+00,-0.047E+00,+0.000E+00,-0.188E+00,+2.66E+00,+4.70E+00,-7.43E+00,+2.342E+00
2,16/2/2026,19:08:00.454,-0.047E+00,-0.047E+00,-0.047E+00,-0.188E+00,+2.76E+00,+4.61E+00,-7.45E+00,+2.297E+00
2,16/2/2026,19:08:00.454,-0.047E+00,-0.047E+00,-0.047E+00,-0.235E+00,+2.87E+00,+4.52E+00,-7.46E+00,+2.251E+00
2,16/2/2026,19:08:00.454,-0.047E+00,-0.047E+00,-0.047E+00,-0.188E+00,+2.99E+00,+4.43E+00,-7.48E+00,+2.205E+00
2,16/2/2026,19:08:00.455,-0.047E+00,-0.047E+00,+0.000E+00,-0.188E+00,+3.10E+00,+4.33E+00,-7.49E+00,+2.152E+00
2,16/2/2026,19:08:00.455,-0.047E+00,-0.047E+00,-0.047E+00,-0.188E+00,+3.20E+00,+4.23E+00,-7.51E+00,+2.106E+00
2,16/2/2026,19:08:00.455,-0.047E+00,-0.047E+00,-0.047E+00,-0.188E+00,+3.31E+00,+4.14E+00,-7.52E+00,+2.060E+00
2,16/2/2026,19:08:00.455,-0.047E+00,-0.047E+00,-0.047E+00,-0.188E+00,+3.42E+00,+4.03E+00,-7.54E+00,+2.007E+00
2,16/2/2026,19:08:00.455,-0.047E+00,-0.047E+00,-0.047E+00,-0.188E+00,+3.53E+00,+3.94E+00,-7.55E+00,+1.961E+00
2,16/2/2026,19:08:00.455,-0.047E+00,-0.047E+00,-0.047E+00,-0.188E+00,+3.62E+00,+3.85E+00,-7.57E+00,+1.908E+00
2,16/2/2026,19:08:00.455,-0.047E+00,-0.047E+00,-0.047E+00,-0.188E+00,+3.72E+00,+3.74E+00,-7.58E+00,+1.862E+00
2,16/2/2026,19:08:00.455,-0.047E+00,-0.047E+00,-0.047E+00,-0.188E+00,+3.83E+00,+3.63E+00,-7.58E+00,+1.808E+00
2,16/2/2026,19:08:00.455,-0.047E+00,-0.047E+00,-0.047E+00,-0.188E+00,+3.94E+00,+3.53E+00,-7.60E+00,+1.755E+00
2,16/2/2026,19:08:00.455,-0.047E+00,-0.047E+00,-0.047E+00,-0.188E+00,+4.04E+00,+3.42E+00,-7.60E+00,+1.702E+00
2,16/2/2026,19:08:00.455,-0.047E+00,-0.047E+00,+0.000E+00,-0.188E+00,+4.15E+00,+3.33E+00,-7.61E+00,+1.656E+00
2,16/2/2026,19:08:00.455,-0.047E+00,-0.047E+00,+0.000E+00,-0.188E+00,+4.24E+00,+3.20E+00,-7.61E+00,+1.602E+00
2,16/2/2026,19:08:00.455,-0.047E+00,-0.047E+00,-0.047E+00,-0.188E+00,+4.35E+00,+3.10E+00,-7.63E+00,+1.549E+00
2,16/2/2026,19:08:00.455,-0.047E+00,-0.047E+00,-0.047E+00,-0.188E+00,+4.46E+00,+2.99E+00,-7.63E+00,+1.495E+00
2,16/2/2026,19:08:00.455,-0.047E+00,-0.047E+00,-0.047E+00,-0.188E+00,+4.56E+00,+2.88E+00,-7.63E+00,+1.434E+00
2,16/2/2026,19:08:00.455,-0.047E+00,-0.047E+00,-0.047E+00,-0.188E+00,+4.67E+00,+2.78E+00,-7.63E+00,+1.381E+00
2,16/2/2026,19:08:00.455,-0.047E+00,-0.047E+00,-0.047E+00,-0.188E+00,+4.76E+00,+2.67E+00,-7.65E+00,+1.328E+00
2,16/2/2026,19:08:00.455,-0.047E+00,-0.047E+00,+0.000E+00,-0.188E+00,+4.87E+00,+2.55E+00,-7.65E+00,+1.274E+00
2,16/2/2026,19:08:00.455,-0.047E+00,-0.047E+00,+0.000E+00,-0.188E+00,+4.97E+00,+2.43E+00,-7.65E+00,+1.221E+00
2,16/2/2026,19:08:00.455,-0.047E+00,+0.000E+00,+0.000E+00,-0.188E+00,+5.07E+00,+2.32E+00,-7.65E+00,+1.160E+00
2,16/2/2026,19:08:00.456,-0.047E+00,-0.047E+00,-0.047E+00,-0.188E+00,+5.16E+00,+2.21E+00,-7.65E+00,+1.106E+00
2,16/2/2026,19:08:00.456,+0.000E+00,-0.047E+00,-0.047E+00,-0.188E+00,+5.26E+00,+2.11E+00,-7.65E+00,+1.053E+00
2,16/2/2026,19:08:00.456,-0.047E+00,-0.047E+00,+0.000E+00,-0.188E+00,+5.36E+00,+1.98E+00,-7.65E+00,+1.000E+00
2,16/2/2026,19:08:00.456,-0.047E+00,-0.047E+00,+0.000E+00,-0.188E+00,+5.45E+00,+1.86E+00,-7.65E+00,+0.939E+00
2,16/2/2026,19:08:00.456,-0.047E+00,-0.047E+00,-0.047E+00,-0.188E+00,+5.54E+00,+1.75E+00,-7.63E+00,+0.885E+00
2,16/2/2026,19:08:00.456,-0.047E+00,-0.047E+00,-0.047E+00,-0.188E+00,+5.62E+00,+1.63E+00,-7.61E+00,+0.832E+00
2,16/2/2026,19:08:00.456,-0.047E+00,-0.047E+00,-0.047E+00,-0.188E+00,+5.71E+00,+1.51E+00,-7.60E+00,+0.771E+00
2,16/2/2026,19:08:00.456,-0.047E+00,-0.047E+00,-0.047E+00,-0.188E+00,+5.78E+00,+1.39E+00,-7.57E+00,+0.710E+00
2,16/2/2026,19:08:00.456,-0.047E+00,-0.047E+00,+0.000E+00,-0.188E+00,+5.86E+00,+1.27E+00,-7.52E+00,+0.656E+00
2,16/2/2026,19:08:00.456,-0.047E+00,-0.047E+00,+0.000E+00,-0.188E+00,+5.94E+00,+1.14E+00,-7.48E+00,+0.588E+00
2,16/2/2026,19:08:00.456,-0.047E+00,-0.047E+00,+0.000E+00,-0.188E+00,+6.01E+00,+1.02E+00,-7.43E+00,+0.526E+00
2,16/2/2026,19:08:00.456,+0.000E+00,-0.047E+00,+0.000E+00,-0.188E+00,+6.09E+00,+0.90E+00,-7.37E+00,+0.473E+00
2,16/2/2026,19:08:00.456,-0.047E+00,-0.047E+00,-0.047E+00,-0.188E+00,+6.17E+00,+0.79E+00,-7.31E+00,+0.412E+00
2,16/2/2026,19:08:00.456,-0.047E+00,-0.047E+00,+0.000E+00,-0.188E+00,+6.23E+00,+0.67E+00,-7.25E+00,+0.359E+00
2,16/2/2026,19:08:00.456,-0.047E+00,-0.047E+00,+0.000E+00,-0.188E+00,+6.29E+00,+0.55E+00,-7.20E+00,+0.298E+00
2,16/2/2026,19:08:00.456,-0.047E+00,-0.047E+00,+0.000E+00,-0.188E+00,+6.35E+00,+0.44E+00,-7.14E+00,+0.244E+00
2,16/2/2026,19:08:00.456,-0.047E+00,-0.047E+00,-0.047E+00,-0.188E+00,+6.41E+00,+0.32E+00,-7.08E+00,+0.183E+00
2,16/2/2026,19:08:00.456,+0.000E+00,-0.047E+00,-0.047E+00,-0.188E+00,+6.47E+00,+0.20E+00,-7.02E+00,+0.122E+00
2,16/2/2026,19:08:00.456,-0.047E+00,-0.047E+00,+0.000E+00,-0.188E+00,+6.53E+00,+0.08E+00,-6.96E+00,+0.061E+00
2,16/2/2026,19:08:00.456,-0.047E+00,-0.047E+00,-0.047E+00,-0.188E+00,+6.59E+00,-0.05E+00,-6.88E+00,+0.008E+00
2,16/2/2026,19:08:00.457,-0.047E+00,-0.047E+00,-0.047E+00,-0.188E+00,+6.64E+00,-0.17E+00,-6.82E+00,-0.053E+00
2,16/2/2026,19:08:00.457,-0.047E+00,-0.047E+00,-0.047E+00,-0.188E+00,+6.68E+00,-0.29E+00,-6.76E+00,-0.114E+00
2,16/2/2026,19:08:00.457,-0.047E+00,-0.047E+00,-0.047E+00,-0.188E+00,+6.73E+00,-0.41E+00,-6.68E+00,-0.175E+00
2,16/2/2026,19:08:00.457,-0.047E+00,-0.047E+00,-0.047E+00,-0.188E+00,+6.76E+00,-0.52E+00,-6.61E+00,-0.237E+00
2,16/2/2026,19:08:00.457,-0.047E+00,-0.047E+00,-0.047E+00,-0.188E+00,+6.81E+00,-0.66E+00,-6.53E+00,-0.298E+00
2,16/2/2026,19:08:00.457,-0.047E+00,-0.047E+00,+0.000E+00,-0.188E+00,+6.85E+00,-0.78E+00,-6.44E+00,-0.359E+00
2,16/2/2026,19:08:00.457,-0.047E+00,+0.000E+00,+0.000E+00,-0.188E+00,+6.88E+00,-0.90E+00,-6.35E+00,-0.420E+00
2,16/2/2026,19:08:00.457,-0.047E+00,-0.047E+00,-0.047E+00,-0.188E+00,+6.93E+00,-1.01E+00,-6.26E+00,-0.473E+00
2,16/2/2026,19:08:00.457,-0.047E+00,-0.047E+00,-0.047E+00,-0.188E+00,+6.96E+00,-1.14E+00,-6.18E+00,-0.534E+00
2,16/2/2026,19:08:00.457,-0.047E+00,-0.047E+00,+0.000E+00,-0.188E+00,+6.99E+00,-1.27E+00,-6.09E+00,-0.595E+00
2,16/2/2026,19:08:00.457,-0.047E+00,-0.047E+00,+0.000E+00,-0.188E+00,+7.03E+00,-1.39E+00,-6.01E+00,-0.664E+00
2,16/2/2026,19:08:00.457,-0.047E+00,-0.047E+00,-0.047E+00,-0.188E+00,+7.07E+00,-1.51E+00,-5.92E+00,-0.717E+00
2,16/2/2026,19:08:00.457,+0.000E+00,-0.047E+00,-0.047E+00,-0.188E+00,+7.10E+00,-1.63E+00,-5.83E+00,-0.778E+00
2,16/2/2026,19:08:00.457,-0.047E+00,-0.047E+00,-0.047E+00,-0.188E+00,+7.13E+00,-1.75E+00,-5.74E+00,-0.839E+00
2,16/2/2026,19:08:00.457,-0.047E+00,-0.047E+00,-0.047E+00,-0.188E+00,+7.16E+00,-1.88E+00,-5.66E+00,-0.900E+00
2,16/2/2026,19:08:00.457,-0.047E+00,-0.047E+00,-0.047E+00,-0.188E+00,+7.19E+00,-2.00E+00,-5.57E+00,-0.961E+00
2,16/2/2026,19:08:00.457,-0.047E+00,-0.047E+00,+0.000E+00,-0.188E+00,+7.22E+00,-2.12E+00,-5.49E+00,-1.022E+00
2,16/2/2026,19:08:00.457,-0.047E+00,-0.047E+00,-0.047E+00,-0.188E+00,+7.25E+00,-2.24E+00,-5.40E+00,-1.083E+00
2,16/2/2026,19:08:00.457,-0.047E+00,-0.047E+00,-0.047E+00,-0.188E+00,+7.28E+00,-2.35E+00,-5.33E+00,-1.137E+00
2,16/2/2026,19:08:00.457,-0.047E+00,-0.047E+00,+0.000E+00,-0.188E+00,+7.31E+00,-2.47E+00,-5.23E+00,-1.198E+00
2,16/2/2026,19:08:00.458,-0.047E+00,-0.047E+00,+0.000E+00,-0.188E+00,+7.34E+00,-2.59E+00,-5.14E+00,-1.259E+00
2,16/2/2026,19:08:00.458,-0.047E+00,-0.047E+00,+0.000E+00,-0.188E+00,+7.36E+00,-2.72E+00,-5.05E+00,-1.312E+00
2,16/2/2026,19:08:00.458,-0.047E+00,-0.047E+00,-0.047E+00,-0.188E+00,+7.39E+00,-2.82E+00,-4.96E+00,-1.373E+00
2,16/2/2026,19:08:00.458,-0.047E+00,-0.047E+00,-0.047E+00,-0.188E+00,+7.40E+00,-2.95E+00,-4.87E+00,-1.434E+00
2,16/2/2026,19:08:00.458,-0.047E+00,-0.047E+00,+0.000E+00,-0.188E+00,+7.43E+00,-3.07E+00,-4.78E+00,-1.488E+00
2,16/2/2026,19:08:00.458,-0.047E+00,-0.047E+00,+0.000E+00,-0.188E+00,+7.45E+00,-3.17E+00,-4.68E+00,-1.541E+00
2,16/2/2026,19:08:00.458,-0.047E+00,-0.047E+00,+0.000E+00,-0.188E+00,+7.46E+00,-3.27E+00,-4.58E+00,-1.602E+00
2,16/2/2026,19:08:00.458,-0.047E+00,-0.047E+00,-0.047E+00,-0.188E+00,+7.48E+00,-3.39E+00,-4.49E+00,-1.656E+00
2,16/2/2026,19:08:00.458,-0.047E+00,-0.047E+00,+0.000E+00,-0.188E+00,+7.49E+00,-3.51E+00,-4.39E+00,-1.709E+00
2,16/2/2026,19:08:00.458,-0.047E+00,-0.047E+00,-0.047E+00,-0.188E+00,+7.51E+00,-3.60E+00,-4.29E+00,-1.763E+00
2,16/2/2026,19:08:00.458,-0.047E+00,-0.047E+00,-0.047E+00,-0.188E+00,+7.52E+00,-3.71E+00,-4.20E+00,-1.808E+00
2,16/2/2026,19:08:00.458,-0.047E+00,-0.047E+00,-0.047E+00,-0.188E+00,+7.54E+00,-3.82E+00,-4.10E+00,-1.862E+00
2,16/2/2026,19:08:00.458,-0.047E+00,-0.047E+00,-0.047E+00,-0.188E+00,+7.55E+00,-3.92E+00,-4.00E+00,-1.915E+00
2,16/2/2026,19:08:00.458,-0.047E+00,-0.047E+00,+0.000E+00,-0.188E+00,+7.55E+00,-4.03E+00,-3.91E+00,-1.969E+00
2,16/2/2026,19:08:00.458,-0.047E+00,-0.047E+00,+0.000E+00,-0.188E+00,+7.57E+00,-4.14E+00,-3.80E+00,-2.022E+00
2,16/2/2026,19:08:00.458,-0.047E+00,-0.047E+00,-0.047E+00,-0.188E+00,+7.57E+00,-4.24E+00,-3.69E+00,-2.068E+00
2,16/2/2026,19:08:00.458,-0.047E+00,-0.047E+00,-0.047E+00,-0.188E+00,+7.58E+00,-4.33E+00,-3.60E+00,-2.121E+00
2,16/2/2026,19:08:00.458,-0.047E+00,-0.047E+00,-0.047E+00,-0.188E+00,+7.58E+00,-4.44E+00,-3.49E+00,-2.175E+00
2,16/2/2026,19:08:00.458,-0.047E+00,-0.094E+00,-0.047E+00,-0.188E+00,+7.60E+00,-4.55E+00,-3.39E+00,-2.220E+00
2,16/2/2026,19:08:00.458,-0.047E+00,-0.047E+00,-0.047E+00,-0.188E+00,+7.60E+00,-4.64E+00,-3.28E+00,-2.274E+00
2,16/2/2026,19:08:00.459,-0.047E+00,-0.047E+00,-0.047E+00,-0.188E+00,+7.61E+00,-4.73E+00,-3.17E+00,-2.327E+00
2,16/2/2026,19:08:00.459,-0.047E+00,-0.047E+00,-0.047E+00,-0.235E+00,+7.60E+00,-4.84E+00,-3.05E+00,-2.373E+00
2,16/2/2026,19:08:00.459,-0.047E+00,-0.047E+00,-0.047E+00,-0.188E+00,+7.60E+00,-4.94E+00,-2.95E+00,-2.426E+00
2,16/2/2026,19:08:00.459,-0.047E+00,-0.047E+00,-0.047E+00,-0.188E+00,+7.61E+00,-5.04E+00,-2.85E+00,-2.472E+00
2,16/2/2026,19:08:00.459,-0.047E+00,-0.047E+00,+0.000E+00,-0.188E+00,+7.61E+00,-5.14E+00,-2.73E+00,-2.526E+00
2,16/2/2026,19:08:00.459,-0.047E+00,-0.047E+00,-0.047E+00,-0.188E+00,+7.60E+00,-5.23E+00,-2.62E+00,-2.571E+00
2,16/2/2026,19:08:00.459,-0.047E+00,-0.047E+00,-0.047E+00,-0.188E+00,+7.60E+00,-5.34E+00,-2.50E+00,-2.625E+00
2,16/2/2026,19:08:00.459,-0.047E+00,-0.047E+00,-0.047E+00,-0.188E+00,+7.60E+00,-5.43E+00,-2.40E+00,-2.678E+00
2,16/2/2026,19:08:00.459,+0.000E+00,-0.047E+00,-0.047E+00,-0.188E+00,+7.58E+00,-5.52E+00,-2.29E+00,-2.724E+00
2,16/2/2026,19:08:00.459,+0.000E+00,-0.047E+00,-0.047E+00,-0.188E+00,+7.57E+00,-5.62E+00,-2.17E+00,-2.770E+00
2,16/2/2026,19:08:00.459,-0.047E+00,-0.047E+00,-0.047E+00,-0.188E+00,+7.55E+00,-5.71E+00,-2.06E+00,-2.816E+00
2,16/2/2026,19:08:00.459,+0.000E+00,-0.047E+00,-0.047E+00,-0.188E+00,+7.52E+00,-5.80E+00,-1.95E+00,-2.861E+00
2,16/2/2026,19:08:00.459,+0.000E+00,-0.047E+00,-0.047E+00,-0.188E+00,+7.51E+00,-5.88E+00,-1.85E+00,-2.899E+00
2,16/2/2026,19:08:00.459,-0.047E+00,-0.047E+00,+0.000E+00,-0.188E+00,+7.48E+00,-5.97E+00,-1.72E+00,-2.938E+00
2,16/2/2026,19:08:00.459,-0.047E+00,-0.047E+00,-0.047E+00,-0.188E+00,+7.45E+00,-6.04E+00,-1.60E+00,-2.976E+00
2,16/2/2026,19:08:00.459,-0.047E+00,-0.047E+00,-0.047E+00,-0.188E+00,+7.40E+00,-6.10E+00,-1.48E+00,-3.014E+00
2,16/2/2026,19:08:00.459,-0.047E+00,-0.047E+00,-0.047E+00,-0.188E+00,+7.37E+00,-6.18E+00,-1.36E+00,-3.052E+00
2,16/2/2026,19:08:00.459,-0.047E+00,-0.047E+00,-0.047E+00,-0.188E+00,+7.32E+00,-6.26E+00,-1.24E+00,-3.090E+00
2,16/2/2026,19:08:00.459,-0.047E+00,-0.047E+00,-0.047E+00,-0.188E+00,+7.28E+00,-6.32E+00,-1.13E+00,-3.128E+00
2,16/2/2026,19:08:00.459,-0.047E+00,-0.047E+00,-0.047E+00,-0.188E+00,+7.25E+00,-6.39E+00,-1.01E+00,-3.159E+00
2,16/2/2026,19:08:00.460,-0.047E+00,-0.047E+00,-0.047E+00,-0.188E+00,+7.19E+00,-6.46E+00,-0.89E+00,-3.197E+00
2,16/2/2026,19:08:00.460,-0.047E+00,-0.047E+00,-0.047E+00,-0.188E+00,+7.14E+00,-6.52E+00,-0.76E+00,-3.228E+00
2,16/2/2026,19:08:00.460,-0.047E+00,-0.047E+00,+0.000E+00,-0.188E+00,+7.08E+00,-6.59E+00,-0.64E+00,-3.250E+00
2,16/2/2026,19:08:00.460,-0.047E+00,-0.047E+00,+0.000E+00,-0.188E+00,+7.02E+00,-6.65E+00,-0.52E+00,-3.289E+00
2,16/2/2026,19:08:00.460,-0.047E+00,-0.047E+00,+0.000E+00,-0.188E+00,+6.96E+00,-6.70E+00,-0.40E+00,-3.319E+00
2,16/2/2026,19:08:00.460,+0.000E+00,-0.047E+00,-0.047E+00,-0.188E+00,+6.88E+00,-6.76E+00,-0.27E+00,-3.350E+00
2,16/2/2026,19:08:00.460,-0.047E+00,-0.047E+00,-0.047E+00,-0.188E+00,+6.81E+00,-6.82E+00,-0.15E+00,-3.373E+00
2,16/2/2026,19:08:00.460,-0.047E+00,-0.047E+00,-0.047E+00,-0.188E+00,+6.73E+00,-6.87E+00,-0.03E+00,-3.403E+00
2,16/2/2026,19:08:00.460,-0.047E+00,-0.047E+00,+0.000E+00,-0.235E+00,+6.65E+00,-6.93E+00,+0.09E+00,-3.434E+00
2,16/2/2026,19:08:00.460,-0.047E+00,-0.047E+00,+0.000E+00,-0.188E+00,+6.58E+00,-6.99E+00,+0.20E+00,-3.456E+00
2,16/2/2026,19:08:00.460,-0.047E+00,-0.047E+00,-0.047E+00,-0.188E+00,+6.50E+00,-7.03E+00,+0.32E+00,-3.479E+00
2,16/2/2026,19:08:00.460,-0.047E+00,-0.047E+00,+0.000E+00,-0.188E+00,+6.42E+00,-7.10E+00,+0.44E+00,-3.502E+00
2,16/2/2026,19:08:00.460,-0.047E+00,-0.047E+00,-0.047E+00,-0.188E+00,+6.33E+00,-7.14E+00,+0.56E+00,-3.525E+00
2,16/2/2026,19:08:00.460,-0.047E+00,-0.047E+00,-0.047E+00,-0.188E+00,+6.26E+00,-7.17E+00,+0.69E+00,-3.548E+00
2,16/2/2026,19:08:00.460,-0.047E+00,-0.047E+00,+0.000E+00,-0.188E+00,+6.17E+00,-7.22E+00,+0.81E+00,-3.563E+00
2,16/2/2026,19:08:00.460,-0.047E+00,-0.047E+00,+0.000E+00,-0.188E+00,+6.07E+00,-7.26E+00,+0.93E+00,-3.579E+00
2,16/2/2026,19:08:00.460,-0.047E+00,-0.047E+00,-0.047E+00,-0.188E+00,+6.00E+00,-7.29E+00,+1.07E+00,-3.601E+00
2,16/2/2026,19:08:00.460,-0.047E+00,-0.047E+00,-0.047E+00,-0.188E+00,+5.91E+00,-7.32E+00,+1.18E+00,-3.617E+00
2,16/2/2026,19:08:00.460,-0.047E+00,-0.047E+00,+0.000E+00,-0.188E+00,+5.81E+00,-7.36E+00,+1.30E+00,-3.632E+00
2,16/2/2026,19:08:00.460,-0.047E+00,-0.047E+00,-0.047E+00,-0.188E+00,+5.72E+00,-7.39E+00,+1.43E+00,-3.647E+00
2,16/2/2026,19:08:00.461,-0.047E+00,-0.047E+00,-0.047E+00,-0.188E+00,+5.65E+00,-7.42E+00,+1.56E+00,-3.655E+00
2,16/2/2026,19:08:00.461,-0.047E+00,-0.047E+00,+0.000E+00,-0.188E+00,+5.55E+00,-7.45E+00,+1.66E+00,-3.670E+00
2,16/2/2026,19:08:00.461,-0.047E+00,-0.047E+00,-0.047E+00,-0.188E+00,+5.46E+00,-7.48E+00,+1.79E+00,-3.685E+00
2,16/2/2026,19:08:00.461,-0.047E+00,-0.047E+00,-0.047E+00,-0.188E+00,+5.39E+00,-7.49E+00,+1.91E+00,-3.701E+00
2,16/2/2026,19:08:00.461,-0.047E+00,-0.047E+00,-0.047E+00,-0.188E+00,+5.30E+00,-7.52E+00,+2.03E+00,-3.708E+00
2,16/2/2026,19:08:00.461,-0.047E+00,-0.047E+00,-0.047E+00,-0.188E+00,+5.20E+00,-7.54E+00,+2.14E+00,-3.723E+00
2,16/2/2026,19:08:00.461,-0.047E+00,-0.047E+00,+0.000E+00,-0.188E+00,+5.11E+00,-7.57E+00,+2.26E+00,-3.731E+00
2,16/2/2026,19:08:00.461,-0.047E+00,-0.047E+00,-0.047E+00,-0.188E+00,+5.04E+00,-7.58E+00,+2.38E+00,-3.739E+00
2,16/2/2026,19:08:00.461,-0.047E+00,-0.047E+00,-0.047E+00,-0.188E+00,+4.94E+00,-7.61E+00,+2.49E+00,-3.754E+00
2,16/2/2026,19:08:00.461,-0.047E+00,-0.047E+00,+0.000E+00,-0.188E+00,+4.85E+00,-7.65E+00,+2.59E+00,-3.762E+00
2,16/2/2026,19:08:00.461,-0.047E+00,-0.047E+00,+0.000E+00,-0.188E+00,+4.75E+00,-7.66E+00,+2.72E+00,-3.777E+00
2,16/2/2026,19:08:00.461,-0.047E+00,-0.047E+00,+0.000E+00,-0.188E+00,+4.65E+00,-7.68E+00,+2.82E+00,-3.785E+00
2,16/2/2026,19:08:00.461,+0.000E+00,-0.047E+00,+0.000E+00,-0.188E+00,+4.56E+00,-7.69E+00,+2.95E+00,-3.792E+00
2,16/2/2026,19:08:00.461,-0.047E+00,-0.047E+00,+0.000E+00,-0.188E+00,+4.47E+00,-7.71E+00,+3.05E+00,-3.800E+00
2,16/2/2026,19:08:00.461,-0.047E+00,-0.047E+00,-0.047E+00,-0.188E+00,+4.38E+00,-7.72E+00,+3.14E+00,-3.800E+00
2,16/2/2026,19:08:00.461,-0.047E+00,-0.047E+00,-0.047E+00,-0.188E+00,+4.29E+00,-7.74E+00,+3.25E+00,-3.807E+00
2,16/2/2026,19:08:00.461,-0.047E+00,-0.047E+00,-0.047E+00,-0.188E+00,+4.20E+00,-7.75E+00,+3.37E+00,-3.815E+00
2,16/2/2026,19:08:00.461,-0.047E+00,-0.047E+00,-0.047E+00,-0.188E+00,+4.10E+00,-7.75E+00,+3.48E+00,-3.815E+00
2,16/2/2026,19:08:00.461,+0.000E+00,-0.047E+00,-0.047E+00,-0.188E+00,+4.00E+00,-7.77E+00,+3.57E+00,-3.823E+00
2,16/2/2026,19:08:00.461,-0.047E+00,-0.047E+00,-0.047E+00,-0.188E+00,+3.91E+00,-7.78E+00,+3.68E+00,-3.830E+00
2,16/2/2026,19:08:00.462,-0.047E+00,-0.047E+00,+0.000E+00,-0.188E+00,+3.82E+00,-7.80E+00,+3.78E+00,-3.830E+00
2,16/2/2026,19:08:00.462,-0.047E+00,-0.047E+00,-0.047E+00,-0.188E+00,+3.71E+00,-7.80E+00,+3.89E+00,-3.838E+00
2,16/2/2026,19:08:00.462,-0.047E+00,-0.047E+00,-0.047E+00,-0.188E+00,+3.60E+00,-7.81E+00,+4.00E+00,-3.838E+00
2,16/2/2026,19:08:00.462,-0.047E+00,-0.047E+00,-0.047E+00,-0.188E+00,+3.51E+00,-7.81E+00,+4.09E+00,-3.838E+00
2,16/2/2026,19:08:00.462,-0.047E+00,-0.047E+00,-0.047E+00,-0.188E+00,+3.40E+00,-7.83E+00,+4.20E+00,-3.838E+00
2,16/2/2026,19:08:00.462,-0.047E+00,-0.047E+00,-0.047E+00,-0.188E+00,+3.30E+00,-7.83E+00,+4.29E+00,-3.846E+00
2,16/2/2026,19:08:00.462,-0.047E+00,-0.047E+00,-0.047E+00,-0.188E+00,+3.19E+00,-7.83E+00,+4.39E+00,-3.846E+00
2,16/2/2026,19:08:00.462,-0.047E+00,-0.047E+00,+0.000E+00,-0.188E+00,+3.08E+00,-7.83E+00,+4.50E+00,-3.846E+00
2,16/2/2026,19:08:00.462,-0.047E+00,-0.047E+00,-0.047E+00,-0.188E+00,+2.98E+00,-7.84E+00,+4.59E+00,-3.846E+00
2,16/2/2026,19:08:00.462,-0.047E+00,-0.047E+00,-0.047E+00,-0.188E+00,+2.87E+00,-7.83E+00,+4.68E+00,-3.846E+00
2,16/2/2026,19:08:00.462,-0.047E+00,-0.047E+00,+0.000E+00,-0.188E+00,+2.76E+00,-7.83E+00,+4.79E+00,-3.838E+00
2,16/2/2026,19:08:00.462,-0.047E+00,-0.047E+00,+0.000E+00,-0.188E+00,+2.64E+00,-7.84E+00,+4.90E+00,-3.838E+00
2,16/2/2026,19:08:00.462,-0.047E+00,-0.047E+00,-0.047E+00,-0.188E+00,+2.53E+00,-7.83E+00,+4.99E+00,-3.838E+00
2,16/2/2026,19:08:00.462,-0.047E+00,-0.047E+00,-0.047E+00,-0.188E+00,+2.41E+00,-7.83E+00,+5.08E+00,-3.838E+00
2,16/2/2026,19:08:00.462,-0.047E+00,-0.047E+00,+0.000E+00,-0.188E+00,+2.30E+00,-7.83E+00,+5.19E+00,-3.830E+00
2,16/2/2026,19:08:00.462,-0.047E+00,-0.047E+00,+0.000E+00,-0.188E+00,+2.20E+00,-7.81E+00,+5.28E+00,-3.823E+00
2,16/2/2026,19:08:00.462,-0.047E+00,-0.047E+00,+0.000E+00,-0.188E+00,+2.09E+00,-7.80E+00,+5.37E+00,-3.815E+00
2,16/2/2026,19:08:00.462,-0.047E+00,-0.047E+00,+0.000E+00,-0.188E+00,+1.97E+00,-7.78E+00,+5.45E+00,-3.800E+00
2,16/2/2026,19:08:00.462,-0.047E+00,-0.047E+00,+0.000E+00,-0.188E+00,+1.86E+00,-7.75E+00,+5.54E+00,-3.785E+00
2,16/2/2026,19:08:00.462,+0.000E+00,-0.047E+00,-0.047E+00,-0.188E+00,+1.74E+00,-7.71E+00,+5.62E+00,-3.762E+00
2,16/2/2026,19:08:00.463,-0.047E+00,-0.047E+00,-0.047E+00,-0.188E+00,+1.63E+00,-7.66E+00,+5.69E+00,-3.739E+00
2,16/2/2026,19:08:00.463,-0.047E+00,-0.047E+00,+0.000E+00,-0.188E+00,+1.51E+00,-7.61E+00,+5.77E+00,-3.716E+00
2,16/2/2026,19:08:00.463,+0.000E+00,-0.047E+00,+0.000E+00,-0.188E+00,+1.39E+00,-7.57E+00,+5.84E+00,-3.685E+00
2,16/2/2026,19:08:00.463,-0.047E+00,-0.047E+00,-0.047E+00,-0.188E+00,+1.27E+00,-7.52E+00,+5.92E+00,-3.662E+00
2,16/2/2026,19:08:00.463,+0.000E+00,-0.047E+00,-0.047E+00,-0.188E+00,+1.14E+00,-7.46E+00,+5.98E+00,-3.640E+00
2,16/2/2026,19:08:00.463,+0.000E+00,-0.047E+00,+0.000E+00,-0.188E+00,+1.02E+00,-7.42E+00,+6.06E+00,-3.609E+00
2,16/2/2026,19:08:00.463,-0.047E+00,-0.047E+00,+0.000E+00,-0.188E+00,+0.90E+00,-7.37E+00,+6.12E+00,-3.579E+00
2,16/2/2026,19:08:00.463,-0.047E+00,-0.047E+00,-0.047E+00,-0.188E+00,+0.78E+00,-7.31E+00,+6.18E+00,-3.556E+00
2,16/2/2026,19:08:00.463,-0.047E+00,-0.047E+00,-0.047E+00,-0.188E+00,+0.64E+00,-7.26E+00,+6.24E+00,-3.525E+00
2,16/2/2026,19:08:00.463,-0.047E+00,-0.047E+00,-0.047E+00,-0.188E+00,+0.52E+00,-7.19E+00,+6.30E+00,-3.487E+00
2,16/2/2026,19:08:00.463,-0.047E+00,-0.047E+00,-0.047E+00,-0.188E+00,+0.40E+00,-7.13E+00,+6.36E+00,-3.449E+00
2,16/2/2026,19:08:00.463,-0.047E+00,-0.047E+00,-0.047E+00,-0.188E+00,+0.27E+00,-7.03E+00,+6.41E+00,-3.411E+00
2,16/2/2026,19:08:00.463,-0.047E+00,-0.047E+00,-0.047E+00,-0.188E+00,+0.15E+00,-6.96E+00,+6.46E+00,-3.373E+00
2,16/2/2026,19:08:00.463,-0.047E+00,-0.047E+00,-0.047E+00,-0.188E+00,+0.03E+00,-6.88E+00,+6.50E+00,-3.334E+00
2,16/2/2026,19:08:00.463,-0.047E+00,-0.047E+00,-0.047E+00,-0.188E+00,-0.09E+00,-6.81E+00,+6.56E+00,-3.289E+00
2,16/2/2026,19:08:00.463,-0.047E+00,-0.047E+00,+0.000E+00,-0.188E+00,-0.21E+00,-6.71E+00,+6.61E+00,-3.250E+00
2,16/2/2026,19:08:00.463,+0.000E+00,-0.047E+00,-0.047E+00,-0.188E+00,-0.34E+00,-6.64E+00,+6.65E+00,-3.205E+00
2,16/2/2026,19:08:00.463,+0.000E+00,-0.047E+00,-0.047E+00,-0.188E+00,-0.46E+00,-6.55E+00,+6.71E+00,-3.159E+00
2,16/2/2026,19:08:00.463,-0.047E+00,-0.047E+00,+0.000E+00,-0.188E+00,-0.58E+00,-6.46E+00,+6.76E+00,-3.121E+00
2,16/2/2026,19:08:00.463,-0.047E+00,-0.047E+00,+0.000E+00,-0.188E+00,-0.70E+00,-6.38E+00,+6.79E+00,-3.075E+00
2,16/2/2026,19:08:00.464,-0.047E+00,-0.047E+00,+0.000E+00,-0.188E+00,-0.82E+00,-6.29E+00,+6.84E+00,-3.037E+00
2,16/2/2026,19:08:00.464,-0.047E+00,-0.047E+00,-0.047E+00,-0.188E+00,-0.95E+00,-6.21E+00,+6.88E+00,-2.991E+00
2,16/2/2026,19:08:00.464,-0.047E+00,-0.047E+00,-0.047E+00,-0.188E+00,-1.07E+00,-6.12E+00,+6.93E+00,-2.953E+00
2,16/2/2026,19:08:00.464,-0.047E+00,-0.047E+00,-0.047E+00,-0.188E+00,-1.19E+00,-6.03E+00,+6.97E+00,-2.907E+00
2,16/2/2026,19:08:00.464,-0.047E+00,-0.047E+00,+0.000E+00,-0.188E+00,-1.31E+00,-5.95E+00,+7.00E+00,-2.869E+00
2,16/2/2026,19:08:00.464,-0.047E+00,-0.047E+00,+0.000E+00,-0.188E+00,-1.43E+00,-5.86E+00,+7.03E+00,-2.823E+00
2,16/2/2026,19:08:00.464,-0.047E+00,-0.047E+00,+0.000E+00,-0.188E+00,-1.56E+00,-5.78E+00,+7.07E+00,-2.777E+00
2,16/2/2026,19:08:00.464,-0.047E+00,-0.047E+00,-0.047E+00,-0.188E+00,-1.66E+00,-5.69E+00,+7.11E+00,-2.739E+00
2,16/2/2026,19:08:00.464,-0.047E+00,-0.047E+00,+0.000E+00,-0.188E+00,-1.79E+00,-5.60E+00,+7.14E+00,-2.693E+00
2,16/2/2026,19:08:00.464,-0.047E+00,-0.047E+00,+0.000E+00,-0.188E+00,-1.91E+00,-5.51E+00,+7.16E+00,-2.648E+00
2,16/2/2026,19:08:00.464,-0.047E+00,-0.047E+00,-0.047E+00,-0.188E+00,-2.01E+00,-5.43E+00,+7.19E+00,-2.602E+00
2,16/2/2026,19:08:00.464,-0.047E+00,-0.047E+00,-0.047E+00,-0.235E+00,-2.14E+00,-5.34E+00,+7.22E+00,-2.556E+00
2,16/2/2026,19:08:00.464,-0.047E+00,-0.047E+00,-0.047E+00,-0.188E+00,-2.24E+00,-5.26E+00,+7.23E+00,-2.518E+00
2,16/2/2026,19:08:00.464,-0.047E+00,-0.047E+00,-0.047E+00,-0.188E+00,-2.37E+00,-5.17E+00,+7.26E+00,-2.472E+00
2,16/2/2026,19:08:00.464,-0.047E+00,-0.047E+00,+0.000E+00,-0.188E+00,-2.47E+00,-5.08E+00,+7.28E+00,-2.426E+00
2,16/2/2026,19:08:00.464,-0.047E+00,-0.047E+00,-0.047E+00,-0.188E+00,-2.58E+00,-4.99E+00,+7.31E+00,-2.381E+00
2,16/2/2026,19:08:00.464,-0.047E+00,-0.047E+00,-0.047E+00,-0.188E+00,-2.69E+00,-4.90E+00,+7.32E+00,-2.342E+00
2,16/2/2026,19:08:00.464,-0.047E+00,-0.047E+00,+0.000E+00,-0.188E+00,-2.81E+00,-4.81E+00,+7.36E+00,-2.297E+00
2,16/2/2026,19:08:00.464,-0.047E+00,-0.047E+00,+0.000E+00,-0.188E+00,-2.91E+00,-4.72E+00,+7.37E+00,-2.251E+00
2,16/2/2026,19:08:00.464,-0.047E+00,-0.047E+00,-0.047E+00,-0.188E+00,-3.04E+00,-4.62E+00,+7.39E+00,-2.205E+00
2,16/2/2026,19:08:00.465,-0.047E+00,-0.047E+00,+0.000E+00,-0.188E+00,-3.14E+00,-4.53E+00,+7.40E+00,-2.152E+00
2,16/2/2026,19:08:00.465,-0.047E+00,-0.047E+00,+0.000E+00,-0.188E+00,-3.25E+00,-4.43E+00,+7.42E+00,-2.106E+00
2,16/2/2026,19:08:00.465,-0.047E+00,-0.047E+00,-0.047E+00,-0.188E+00,-3.36E+00,-4.33E+00,+7.43E+00,-2.052E+00
2,16/2/2026,19:08:00.465,-0.047E+00,-0.047E+00,-0.047E+00,-0.188E+00,-3.46E+00,-4.23E+00,+7.43E+00,-2.007E+00
2,16/2/2026,19:08:00.465,-0.047E+00,-0.047E+00,+0.000E+00,-0.188E+00,-3.57E+00,-4.14E+00,+7.45E+00,-1.953E+00
2,16/2/2026,19:08:00.465,-0.047E+00,-0.047E+00,-0.047E+00,-0.188E+00,-3.68E+00,-4.03E+00,+7.46E+00,-1.900E+00
2,16/2/2026,19:08:00.465,-0.047E+00,-0.047E+00,-0.047E+00,-0.188E+00,-3.77E+00,-3.94E+00,+7.48E+00,-1.854E+00
2,16/2/2026,19:08:00.465,-0.047E+00,+0.000E+00,-0.047E+00,-0.235E+00,-3.88E+00,-3.83E+00,+7.48E+00,-1.801E+00
2,16/2/2026,19:08:00.465,-0.047E+00,-0.047E+00,-0.047E+00,-0.188E+00,-3.98E+00,-3.72E+00,+7.49E+00,-1.747E+00
2,16/2/2026,19:08:00.465,-0.047E+00,-0.047E+00,-0.047E+00,-0.188E+00,-4.09E+00,-3.62E+00,+7.51E+00,-1.702E+00
2,16/2/2026,19:08:00.465,-0.047E+00,-0.047E+00,-0.047E+00,-0.188E+00,-4.18E+00,-3.51E+00,+7.51E+00,-1.656E+00
2,16/2/2026,19:08:00.465,-0.047E+00,-0.047E+00,+0.000E+00,-0.188E+00,-4.29E+00,-3.42E+00,+7.51E+00,-1.602E+00
2,16/2/2026,19:08:00.465,-0.047E+00,-0.047E+00,+0.000E+00,-0.188E+00,-4.39E+00,-3.31E+00,+7.52E+00,-1.541E+00
2,16/2/2026,19:08:00.465,-0.047E+00,-0.047E+00,+0.000E+00,-0.188E+00,-4.49E+00,-3.19E+00,+7.52E+00,-1.495E+00
2,16/2/2026,19:08:00.465,-0.047E+00,-0.047E+00,-0.047E+00,-0.188E+00,-4.59E+00,-3.08E+00,+7.54E+00,-1.434E+00
2,16/2/2026,19:08:00.465,-0.047E+00,-0.047E+00,+0.000E+00,-0.188E+00,-4.70E+00,-2.98E+00,+7.54E+00,-1.381E+00
2,16/2/2026,19:08:00.465,-0.047E+00,-0.047E+00,+0.000E+00,-0.188E+00,-4.81E+00,-2.87E+00,+7.54E+00,-1.328E+00
2,16/2/2026,19:08:00.465,+0.000E+00,-0.047E+00,-0.047E+00,-0.188E+00,-4.91E+00,-2.75E+00,+7.55E+00,-1.274E+00
2,16/2/2026,19:08:00.465,-0.047E+00,-0.047E+00,+0.000E+00,-0.188E+00,-5.01E+00,-2.62E+00,+7.54E+00,-1.213E+00
2,16/2/2026,19:08:00.465,-0.047E+00,-0.047E+00,+0.000E+00,-0.188E+00,-5.11E+00,-2.52E+00,+7.54E+00,-1.160E+00
2,16/2/2026,19:08:00.466,-0.047E+00,-0.047E+00,+0.000E+00,-0.141E+00,-5.20E+00,-2.40E+00,+7.55E+00,-1.099E+00
2,16/2/2026,19:08:00.466,-0.047E+00,-0.047E+00,-0.047E+00,-0.188E+00,-5.31E+00,-2.29E+00,+7.54E+00,-1.045E+00
2,16/2/2026,19:08:00.466,-0.047E+00,-0.047E+00,+0.000E+00,-0.188E+00,-5.40E+00,-2.18E+00,+7.54E+00,-1.000E+00
2,16/2/2026,19:08:00.466,-0.047E+00,-0.047E+00,+0.000E+00,-0.188E+00,-5.49E+00,-2.06E+00,+7.54E+00,-0.939E+00
2,16/2/2026,19:08:00.466,-0.047E+00,-0.047E+00,-0.047E+00,-0.188E+00,-5.59E+00,-1.95E+00,+7.52E+00,-0.885E+00
2,16/2/2026,19:08:00.466,-0.047E+00,-0.047E+00,-0.047E+00,-0.188E+00,-5.66E+00,-1.83E+00,+7.52E+00,-0.824E+00
2,16/2/2026,19:08:00.466,+0.000E+00,-0.047E+00,-0.047E+00,-0.188E+00,-5.75E+00,-1.71E+00,+7.49E+00,-0.771E+00
2,16/2/2026,19:08:00.466,-0.047E+00,-0.047E+00,+0.000E+00,-0.188E+00,-5.83E+00,-1.59E+00,+7.46E+00,-0.710E+00
2,16/2/2026,19:08:00.466,-0.047E+00,-0.047E+00,-0.047E+00,-0.188E+00,-5.91E+00,-1.48E+00,+7.42E+00,-0.649E+00
2,16/2/2026,19:08:00.466,-0.047E+00,-0.047E+00,-0.047E+00,-0.188E+00,-5.98E+00,-1.36E+00,+7.39E+00,-0.588E+00
2,16/2/2026,19:08:00.466,-0.047E+00,-0.047E+00,-0.047E+00,-0.188E+00,-6.06E+00,-1.24E+00,+7.32E+00,-0.534E+00
2,16/2/2026,19:08:00.466,-0.047E+00,-0.047E+00,-0.047E+00,-0.188E+00,-6.12E+00,-1.10E+00,+7.28E+00,-0.473E+00
2,16/2/2026,19:08:00.466,+0.000E+00,-0.047E+00,-0.047E+00,-0.188E+00,-6.18E+00,-0.99E+00,+7.22E+00,-0.412E+00
2,16/2/2026,19:08:00.466,-0.047E+00,-0.047E+00,-0.047E+00,-0.188E+00,-6.26E+00,-0.87E+00,+7.14E+00,-0.359E+00
2,16/2/2026,19:08:00.466,-0.047E+00,-0.047E+00,-0.047E+00,-0.188E+00,-6.33E+00,-0.75E+00,+7.10E+00,-0.298E+00
2,16/2/2026,19:08:00.466,+0.000E+00,-0.047E+00,-0.047E+00,-0.141E+00,-6.39E+00,-0.63E+00,+7.03E+00,-0.237E+00
2,16/2/2026,19:08:00.466,+0.000E+00,-0.047E+00,+0.000E+00,-0.188E+00,-6.46E+00,-0.52E+00,+6.97E+00,-0.183E+00
2,16/2/2026,19:08:00.466,-0.047E+00,-0.047E+00,-0.047E+00,-0.188E+00,-6.52E+00,-0.40E+00,+6.91E+00,-0.122E+00
2,16/2/2026,19:08:00.466,-0.047E+00,-0.047E+00,-0.047E+00,-0.188E+00,-6.58E+00,-0.27E+00,+6.85E+00,-0.061E+00
2,16/2/2026,19:08:00.466,-0.047E+00,-0.047E+00,-0.047E+00,-0.141E+00,-6.62E+00,-0.15E+00,+6.78E+00,+0.000E+00
2,16/2/2026,19:08:00.467,-0.047E+00,-0.047E+00,-0.047E+00,-0.188E+00,-6.67E+00,-0.05E+00,+6.71E+00,+0.053E+00
2,16/2/2026,19:08:00.467,-0.047E+00,-0.047E+00,+0.000E+00,-0.188E+00,-6.71E+00,+0.09E+00,+6.65E+00,+0.114E+00
2,16/2/2026,19:08:00.467,-0.047E+00,-0.047E+00,+0.000E+00,-0.188E+00,-6.76E+00,+0.21E+00,+6.58E+00,+0.175E+00
2,16/2/2026,19:08:00.467,-0.047E+00,-0.047E+00,-0.047E+00,-0.188E+00,-6.81E+00,+0.34E+00,+6.50E+00,+0.237E+00
2,16/2/2026,19:08:00.467,-0.047E+00,-0.047E+00,+0.000E+00,-0.188E+00,-6.85E+00,+0.44E+00,+6.41E+00,+0.298E+00
2,16/2/2026,19:08:00.467,-0.047E+00,-0.047E+00,-0.047E+00,-0.188E+00,-6.88E+00,+0.56E+00,+6.33E+00,+0.359E+00
2,16/2/2026,19:08:00.467,-0.047E+00,-0.047E+00,-0.047E+00,-0.188E+00,-6.91E+00,+0.70E+00,+6.24E+00,+0.420E+00
2,16/2/2026,19:08:00.467,-0.047E+00,-0.047E+00,-0.047E+00,-0.235E+00,-6.96E+00,+0.81E+00,+6.15E+00,+0.481E+00
2,16/2/2026,19:08:00.467,+0.000E+00,-0.047E+00,-0.047E+00,-0.235E+00,-6.99E+00,+0.95E+00,+6.07E+00,+0.542E+00
2,16/2/2026,19:08:00.467,-0.047E+00,-0.047E+00,-0.047E+00,-0.188E+00,-7.02E+00,+1.07E+00,+5.98E+00,+0.603E+00
2,16/2/2026,19:08:00.467,-0.047E+00,-0.047E+00,-0.047E+00,-0.188E+00,-7.07E+00,+1.19E+00,+5.89E+00,+0.664E+00
2,16/2/2026,19:08:00.467,+0.000E+00,-0.047E+00,-0.047E+00,-0.188E+00,-7.10E+00,+1.31E+00,+5.80E+00,+0.725E+00
2,16/2/2026,19:08:00.467,-0.047E+00,-0.047E+00,-0.047E+00,-0.188E+00,-7.13E+00,+1.43E+00,+5.72E+00,+0.786E+00
2,16/2/2026,19:08:00.467,-0.047E+00,-0.047E+00,-0.047E+00,-0.188E+00,-7.17E+00,+1.56E+00,+5.63E+00,+0.847E+00
2,16/2/2026,19:08:00.467,-0.047E+00,-0.047E+00,-0.047E+00,-0.188E+00,-7.20E+00,+1.68E+00,+5.55E+00,+0.908E+00
2,16/2/2026,19:08:00.467,-0.047E+00,-0.047E+00,+0.000E+00,-0.188E+00,-7.23E+00,+1.80E+00,+5.46E+00,+0.969E+00
2,16/2/2026,19:08:00.467,-0.047E+00,-0.047E+00,-0.047E+00,-0.188E+00,-7.26E+00,+1.92E+00,+5.39E+00,+1.022E+00
2,16/2/2026,19:08:00.467,+0.000E+00,-0.047E+00,-0.047E+00,-0.188E+00,-7.28E+00,+2.04E+00,+5.30E+00,+1.083E+00
2,16/2/2026,19:08:00.467,-0.047E+00,-0.047E+00,+0.000E+00,-0.188E+00,-7.31E+00,+2.17E+00,+5.20E+00,+1.145E+00
2,16/2/2026,19:08:00.467,-0.047E+00,-0.047E+00,-0.047E+00,-0.235E+00,-7.34E+00,+2.27E+00,+5.13E+00,+1.206E+00
2,16/2/2026,19:08:00.468,+0.000E+00,-0.047E+00,-0.047E+00,-0.188E+00,-7.37E+00,+2.40E+00,+5.04E+00,+1.259E+00
2,16/2/2026,19:08:00.468,+0.000E+00,-0.047E+00,-0.047E+00,-0.188E+00,-7.40E+00,+2.52E+00,+4.94E+00,+1.320E+00
2,16/2/2026,19:08:00.468,-0.047E+00,-0.047E+00,+0.000E+00,-0.188E+00,-7.42E+00,+2.62E+00,+4.85E+00,+1.373E+00
2,16/2/2026,19:08:00.468,-0.047E+00,-0.047E+00,+0.000E+00,-0.188E+00,-7.45E+00,+2.75E+00,+4.76E+00,+1.434E+00
2,16/2/2026,19:08:00.468,-0.047E+00,-0.047E+00,-0.047E+00,-0.188E+00,-7.46E+00,+2.87E+00,+4.65E+00,+1.488E+00
2,16/2/2026,19:08:00.468,-0.047E+00,-0.047E+00,-0.047E+00,-0.188E+00,-7.48E+00,+2.98E+00,+4.56E+00,+1.541E+00
2,16/2/2026,19:08:00.468,-0.047E+00,-0.047E+00,-0.047E+00,-0.188E+00,-7.49E+00,+3.08E+00,+4.47E+00,+1.602E+00
2,16/2/2026,19:08:00.468,-0.047E+00,-0.047E+00,-0.047E+00,-0.188E+00,-7.51E+00,+3.19E+00,+4.38E+00,+1.656E+00
2,16/2/2026,19:08:00.468,-0.047E+00,-0.047E+00,-0.047E+00,-0.188E+00,-7.54E+00,+3.30E+00,+4.29E+00,+1.709E+00
2,16/2/2026,19:08:00.468,-0.047E+00,-0.047E+00,-0.047E+00,-0.188E+00,-7.54E+00,+3.40E+00,+4.18E+00,+1.763E+00
2,16/2/2026,19:08:00.468,-0.047E+00,-0.047E+00,-0.047E+00,-0.188E+00,-7.55E+00,+3.53E+00,+4.09E+00,+1.816E+00
2,16/2/2026,19:08:00.468,-0.047E+00,-0.047E+00,-0.047E+00,-0.188E+00,-7.57E+00,+3.62E+00,+4.00E+00,+1.869E+00
2,16/2/2026,19:08:00.468,-0.047E+00,-0.047E+00,-0.047E+00,-0.188E+00,-7.58E+00,+3.72E+00,+3.89E+00,+1.915E+00
2,16/2/2026,19:08:00.468,-0.047E+00,-0.047E+00,-0.047E+00,-0.188E+00,-7.60E+00,+3.83E+00,+3.78E+00,+1.969E+00
2,16/2/2026,19:08:00.468,-0.047E+00,-0.047E+00,+0.000E+00,-0.188E+00,-7.60E+00,+3.94E+00,+3.69E+00,+2.022E+00
2,16/2/2026,19:08:00.468,+0.000E+00,+0.000E+00,+0.000E+00,-0.188E+00,-7.61E+00,+4.04E+00,+3.59E+00,+2.075E+00
2,16/2/2026,19:08:00.468,-0.047E+00,-0.047E+00,-0.047E+00,-0.188E+00,-7.61E+00,+4.14E+00,+3.48E+00,+2.121E+00
2,16/2/2026,19:08:00.468,-0.047E+00,-0.047E+00,+0.000E+00,-0.188E+00,-7.61E+00,+4.24E+00,+3.37E+00,+2.175E+00
2,16/2/2026,19:08:00.468,+0.000E+00,-0.047E+00,+0.000E+00,-0.188E+00,-7.63E+00,+4.33E+00,+3.27E+00,+2.220E+00
2,16/2/2026,19:08:00.468,-0.047E+00,-0.047E+00,-0.047E+00,-0.188E+00,-7.63E+00,+4.44E+00,+3.17E+00,+2.274E+00
2,16/2/2026,19:08:00.469,-0.047E+00,-0.047E+00,-0.047E+00,-0.188E+00,-7.63E+00,+4.53E+00,+3.07E+00,+2.327E+00
2,16/2/2026,19:08:00.469,-0.047E+00,-0.047E+00,-0.047E+00,-0.188E+00,-7.63E+00,+4.64E+00,+2.96E+00,+2.373E+00
2,16/2/2026,19:08:00.469,-0.047E+00,+0.000E+00,-0.047E+00,-0.188E+00,-7.65E+00,+4.75E+00,+2.85E+00,+2.426E+00
2,16/2/2026,19:08:00.469,-0.047E+00,-0.047E+00,+0.000E+00,-0.188E+00,-7.65E+00,+4.84E+00,+2.73E+00,+2.472E+00
2,16/2/2026,19:08:00.469,-0.047E+00,-0.047E+00,+0.000E+00,-0.188E+00,-7.65E+00,+4.94E+00,+2.62E+00,+2.526E+00
2,16/2/2026,19:08:00.469,-0.047E+00,-0.047E+00,+0.000E+00,-0.188E+00,-7.65E+00,+5.04E+00,+2.52E+00,+2.579E+00
2,16/2/2026,19:08:00.469,-0.047E+00,-0.047E+00,-0.047E+00,-0.188E+00,-7.63E+00,+5.14E+00,+2.41E+00,+2.632E+00
2,16/2/2026,19:08:00.469,-0.047E+00,-0.047E+00,-0.047E+00,-0.188E+00,-7.63E+00,+5.23E+00,+2.29E+00,+2.678E+00
2,16/2/2026,19:08:00.469,-0.047E+00,-0.047E+00,-0.047E+00,-0.188E+00,-7.61E+00,+5.34E+00,+2.17E+00,+2.724E+00
2,16/2/2026,19:08:00.469,-0.047E+00,-0.047E+00,+0.000E+00,-0.188E+00,-7.60E+00,+5.43E+00,+2.06E+00,+2.770E+00
2,16/2/2026,19:08:00.469,-0.047E+00,-0.047E+00,+0.000E+00,-0.188E+00,-7.58E+00,+5.51E+00,+1.95E+00,+2.816E+00
2,16/2/2026,19:08:00.469,-0.047E+00,-0.047E+00,-0.047E+00,-0.188E+00,-7.57E+00,+5.60E+00,+1.85E+00,+2.861E+00
2,16/2/2026,19:08:00.469,-0.047E+00,-0.047E+00,-0.047E+00,-0.188E+00,-7.54E+00,+5.69E+00,+1.72E+00,+2.899E+00
2,16/2/2026,19:08:00.469,+0.000E+00,-0.047E+00,-0.047E+00,-0.188E+00,-7.51E+00,+5.77E+00,+1.60E+00,+2.938E+00
2,16/2/2026,19:08:00.469,+0.000E+00,-0.047E+00,-0.047E+00,-0.188E+00,-7.48E+00,+5.83E+00,+1.50E+00,+2.976E+00
2,16/2/2026,19:08:00.469,-0.047E+00,-0.047E+00,-0.047E+00,-0.188E+00,-7.43E+00,+5.91E+00,+1.37E+00,+3.014E+00
2,16/2/2026,19:08:00.469,-0.047E+00,-0.047E+00,-0.047E+00,-0.188E+00,-7.40E+00,+5.98E+00,+1.25E+00,+3.052E+00
2,16/2/2026,19:08:00.469,-0.047E+00,+0.000E+00,-0.047E+00,-0.188E+00,-7.36E+00,+6.06E+00,+1.13E+00,+3.083E+00
2,16/2/2026,19:08:00.469,-0.047E+00,-0.047E+00,-0.047E+00,-0.188E+00,-7.31E+00,+6.12E+00,+1.02E+00,+3.121E+00
2,16/2/2026,19:08:00.469,-0.047E+00,-0.047E+00,-0.047E+00,-0.188E+00,-7.26E+00,+6.18E+00,+0.90E+00,+3.159E+00
2,16/2/2026,19:08:00.470,-0.047E+00,-0.047E+00,-0.047E+00,-0.141E+00,-7.22E+00,+6.26E+00,+0.78E+00,+3.189E+00
2,16/2/2026,19:08:00.470,-0.047E+00,-0.047E+00,+0.000E+00,-0.188E+00,-7.17E+00,+6.32E+00,+0.66E+00,+3.220E+00
2,16/2/2026,19:08:00.470,-0.047E+00,-0.047E+00,+0.000E+00,-0.188E+00,-7.11E+00,+6.38E+00,+0.52E+00,+3.250E+00
2,16/2/2026,19:08:00.470,-0.047E+00,-0.047E+00,-0.047E+00,-0.188E+00,-7.03E+00,+6.44E+00,+0.40E+00,+3.281E+00
2,16/2/2026,19:08:00.470,-0.047E+00,-0.047E+00,-0.047E+00,-0.188E+00,-6.97E+00,+6.52E+00,+0.27E+00,+3.311E+00
2,16/2/2026,19:08:00.470,-0.047E+00,-0.047E+00,-0.047E+00,-0.188E+00,-6.91E+00,+6.56E+00,+0.15E+00,+3.342E+00
2,16/2/2026,19:08:00.470,-0.047E+00,-0.047E+00,-0.047E+00,-0.188E+00,-6.84E+00,+6.62E+00,+0.03E+00,+3.373E+00
2,16/2/2026,19:08:00.470,-0.047E+00,-0.047E+00,+0.000E+00,-0.188E+00,-6.76E+00,+6.68E+00,-0.08E+00,+3.403E+00
2,16/2/2026,19:08:00.470,-0.047E+00,-0.047E+00,+0.000E+00,-0.188E+00,-6.68E+00,+6.75E+00,-0.20E+00,+3.434E+00
2,16/2/2026,19:08:00.470,-0.047E+00,-0.047E+00,+0.000E+00,-0.188E+00,-6.61E+00,+6.79E+00,-0.31E+00,+3.456E+00
2,16/2/2026,19:08:00.470,-0.047E+00,-0.047E+00,-0.047E+00,-0.188E+00,-6.53E+00,+6.85E+00,-0.43E+00,+3.479E+00
2,16/2/2026,19:08:00.470,-0.047E+00,-0.047E+00,-0.047E+00,-0.188E+00,-6.44E+00,+6.90E+00,-0.55E+00,+3.502E+00
2,16/2/2026,19:08:00.470,-0.047E+00,-0.047E+00,-0.047E+00,-0.188E+00,-6.36E+00,+6.94E+00,-0.67E+00,+3.517E+00
2,16/2/2026,19:08:00.470,-0.047E+00,-0.047E+00,-0.047E+00,-0.188E+00,-6.27E+00,+6.97E+00,-0.78E+00,+3.540E+00
2,16/2/2026,19:08:00.470,-0.047E+00,-0.047E+00,+0.000E+00,-0.188E+00,-6.20E+00,+7.00E+00,-0.92E+00,+3.556E+00
2,16/2/2026,19:08:00.470,-0.047E+00,+0.000E+00,+0.000E+00,-0.188E+00,-6.10E+00,+7.05E+00,-1.04E+00,+3.579E+00
2,16/2/2026,19:08:00.470,-0.047E+00,-0.047E+00,-0.047E+00,-0.188E+00,-6.01E+00,+7.10E+00,-1.16E+00,+3.594E+00
2,16/2/2026,19:08:00.470,-0.047E+00,-0.047E+00,-0.047E+00,-0.141E+00,-5.92E+00,+7.13E+00,-1.30E+00,+3.609E+00
2,16/2/2026,19:08:00.470,-0.047E+00,-0.047E+00,+0.000E+00,-0.188E+00,-5.84E+00,+7.14E+00,-1.42E+00,+3.624E+00
2,16/2/2026,19:08:00.470,-0.047E+00,-0.047E+00,+0.000E+00,-0.188E+00,-5.75E+00,+7.19E+00,-1.54E+00,+3.640E+00
2,16/2/2026,19:08:00.471,-0.047E+00,-0.047E+00,+0.000E+00,-0.188E+00,-5.68E+00,+7.22E+00,-1.66E+00,+3.655E+00
2,16/2/2026,19:08:00.471,+0.000E+00,-0.047E+00,+0.000E+00,-0.188E+00,-5.59E+00,+7.25E+00,-1.79E+00,+3.670E+00
2,16/2/2026,19:08:00.471,-0.047E+00,-0.047E+00,-0.047E+00,-0.188E+00,-5.49E+00,+7.26E+00,-1.89E+00,+3.685E+00
2,16/2/2026,19:08:00.471,-0.047E+00,-0.047E+00,-0.047E+00,-0.188E+00,-5.40E+00,+7.29E+00,-2.01E+00,+3.693E+00
2,16/2/2026,19:08:00.471,+0.000E+00,-0.047E+00,+0.000E+00,-0.188E+00,-5.31E+00,+7.32E+00,-2.14E+00,+3.708E+00
2,16/2/2026,19:08:00.471,+0.000E+00,+0.000E+00,+0.000E+00,-0.188E+00,-5.23E+00,+7.34E+00,-2.26E+00,+3.716E+00
2,16/2/2026,19:08:00.471,-0.047E+00,-0.047E+00,-0.047E+00,-0.188E+00,-5.14E+00,+7.37E+00,-2.37E+00,+3.731E+00
2,16/2/2026,19:08:00.471,-0.047E+00,-0.047E+00,-0.047E+00,-0.188E+00,-5.05E+00,+7.39E+00,-2.49E+00,+3.739E+00
2,16/2/2026,19:08:00.471,+0.000E+00,-0.047E+00,-0.047E+00,-0.188E+00,-4.96E+00,+7.42E+00,-2.59E+00,+3.746E+00
2,16/2/2026,19:08:00.471,-0.047E+00,-0.047E+00,-0.047E+00,-0.235E+00,-4.85E+00,+7.43E+00,-2.72E+00,+3.762E+00
2,16/2/2026,19:08:00.471,-0.047E+00,-0.047E+00,-0.047E+00,-0.188E+00,-4.76E+00,+7.45E+00,-2.82E+00,+3.769E+00
2,16/2/2026,19:08:00.471,-0.047E+00,-0.047E+00,-0.047E+00,-0.188E+00,-4.68E+00,+7.48E+00,-2.95E+00,+3.777E+00
2,16/2/2026,19:08:00.471,-0.047E+00,-0.047E+00,+0.000E+00,-0.188E+00,-4.59E+00,+7.49E+00,-3.05E+00,+3.785E+00
2,16/2/2026,19:08:00.471,-0.047E+00,-0.047E+00,+0.000E+00,-0.188E+00,-4.50E+00,+7.51E+00,-3.16E+00,+3.792E+00
2,16/2/2026,19:08:00.471,-0.047E+00,-0.047E+00,-0.047E+00,-0.188E+00,-4.39E+00,+7.52E+00,-3.27E+00,+3.800E+00
2,16/2/2026,19:08:00.471,-0.047E+00,-0.047E+00,-0.047E+00,-0.188E+00,-4.30E+00,+7.54E+00,-3.37E+00,+3.807E+00
2,16/2/2026,19:08:00.471,-0.047E+00,-0.047E+00,-0.047E+00,-0.188E+00,-4.21E+00,+7.55E+00,-3.48E+00,+3.807E+00
2,16/2/2026,19:08:00.471,-0.047E+00,-0.047E+00,+0.000E+00,-0.188E+00,-4.12E+00,+7.55E+00,-3.59E+00,+3.815E+00
2,16/2/2026,19:08:00.471,-0.047E+00,-0.047E+00,+0.000E+00,-0.188E+00,-4.03E+00,+7.57E+00,-3.69E+00,+3.823E+00
2,16/2/2026,19:08:00.471,-0.047E+00,-0.047E+00,-0.047E+00,-0.188E+00,-3.94E+00,+7.58E+00,-3.78E+00,+3.823E+00
2,16/2/2026,19:08:00.472,-0.047E+00,-0.047E+00,+0.000E+00,-0.188E+00,-3.83E+00,+7.58E+00,-3.89E+00,+3.830E+00
2,16/2/2026,19:08:00.472,-0.047E+00,-0.047E+00,+0.000E+00,-0.188E+00,-3.74E+00,+7.60E+00,-4.00E+00,+3.830E+00
2,16/2/2026,19:08:00.472,-0.047E+00,-0.047E+00,-0.047E+00,-0.188E+00,-3.62E+00,+7.60E+00,-4.10E+00,+3.838E+00
2,16/2/2026,19:08:00.472,+0.000E+00,-0.047E+00,+0.000E+00,-0.188E+00,-3.51E+00,+7.61E+00,-4.21E+00,+3.838E+00
2,16/2/2026,19:08:00.472,-0.047E+00,-0.047E+00,+0.000E+00,-0.188E+00,-3.42E+00,+7.61E+00,-4.30E+00,+3.838E+00
2,16/2/2026,19:08:00.472,-0.047E+00,-0.047E+00,+0.000E+00,-0.188E+00,-3.31E+00,+7.61E+00,-4.41E+00,+3.838E+00
2,16/2/2026,19:08:00.472,+0.000E+00,-0.047E+00,+0.000E+00,-0.188E+00,-3.20E+00,+7.63E+00,-4.50E+00,+3.838E+00
2,16/2/2026,19:08:00.472,-0.047E+00,-0.047E+00,-0.047E+00,-0.188E+00,-3.11E+00,+7.63E+00,-4.61E+00,+3.838E+00
2,16/2/2026,19:08:00.472,-0.047E+00,-0.047E+00,-0.047E+00,-0.188E+00,-3.01E+00,+7.63E+00,-4.70E+00,+3.838E+00
2,16/2/2026,19:08:00.472,+0.000E+00,-0.047E+00,+0.000E+00,-0.188E+00,-2.90E+00,+7.63E+00,-4.79E+00,+3.838E+00
2,16/2/2026,19:08:00.472,-0.047E+00,-0.047E+00,+0.000E+00,-0.188E+00,-2.78E+00,+7.63E+00,-4.90E+00,+3.838E+00
2,16/2/2026,19:08:00.472,-0.047E+00,-0.047E+00,-0.047E+00,-0.188E+00,-2.67E+00,+7.63E+00,-4.99E+00,+3.838E+00
2,16/2/2026,19:08:00.472,-0.047E+00,-0.047E+00,-0.047E+00,-0.188E+00,-2.56E+00,+7.63E+00,-5.10E+00,+3.830E+00
2,16/2/2026,19:08:00.472,-0.047E+00,-0.047E+00,+0.000E+00,-0.188E+00,-2.44E+00,+7.63E+00,-5.19E+00,+3.830E+00
2,16/2/2026,19:08:00.472,-0.047E+00,-0.047E+00,+0.000E+00,-0.188E+00,-2.33E+00,+7.61E+00,-5.28E+00,+3.823E+00
2,16/2/2026,19:08:00.472,-0.047E+00,-0.047E+00,-0.047E+00,-0.188E+00,-2.23E+00,+7.60E+00,-5.37E+00,+3.815E+00
2,16/2/2026,19:08:00.472,-0.047E+00,-0.047E+00,-0.047E+00,-0.188E+00,-2.11E+00,+7.60E+00,-5.48E+00,+3.807E+00
2,16/2/2026,19:08:00.472,-0.047E+00,-0.047E+00,+0.000E+00,-0.188E+00,-1.98E+00,+7.58E+00,-5.57E+00,+3.792E+00
2,16/2/2026,19:08:00.472,-0.047E+00,-0.047E+00,+0.000E+00,-0.188E+00,-1.89E+00,+7.55E+00,-5.65E+00,+3.785E+00
2,16/2/2026,19:08:00.472,-0.047E+00,-0.047E+00,-0.047E+00,-0.188E+00,-1.77E+00,+7.51E+00,-5.72E+00,+3.762E+00
2,16/2/2026,19:08:00.473,-0.047E+00,-0.047E+00,-0.047E+00,-0.188E+00,-1.65E+00,+7.46E+00,-5.80E+00,+3.739E+00
2,16/2/2026,19:08:00.473,-0.047E+00,-0.047E+00,+0.000E+00,-0.188E+00,-1.54E+00,+7.42E+00,-5.88E+00,+3.716E+00
2,16/2/2026,19:08:00.473,-0.047E+00,-0.047E+00,-0.047E+00,-0.188E+00,-1.42E+00,+7.36E+00,-5.95E+00,+3.685E+00
2,16/2/2026,19:08:00.473,-0.047E+00,+0.000E+00,-0.047E+00,-0.188E+00,-1.30E+00,+7.31E+00,-6.03E+00,+3.655E+00
2,16/2/2026,19:08:00.473,+0.000E+00,-0.047E+00,+0.000E+00,-0.188E+00,-1.19E+00,+7.26E+00,-6.09E+00,+3.632E+00
2,16/2/2026,19:08:00.473,-0.047E+00,-0.047E+00,-0.047E+00,-0.188E+00,-1.05E+00,+7.22E+00,-6.15E+00,+3.609E+00
2,16/2/2026,19:08:00.473,-0.047E+00,-0.047E+00,-0.047E+00,-0.188E+00,-0.93E+00,+7.16E+00,-6.23E+00,+3.579E+00
2,16/2/2026,19:08:00.473,-0.047E+00,-0.047E+00,-0.047E+00,-0.188E+00,-0.81E+00,+7.11E+00,-6.29E+00,+3.548E+00
2,16/2/2026,19:08:00.473,-0.047E+00,-0.047E+00,-0.047E+00,-0.188E+00,-0.69E+00,+7.05E+00,-6.35E+00,+3.517E+00
2,16/2/2026,19:08:00.473,-0.047E+00,-0.047E+00,-0.047E+00,-0.188E+00,-0.55E+00,+6.99E+00,-6.39E+00,+3.487E+00
2,16/2/2026,19:08:00.473,-0.047E+00,-0.047E+00,-0.047E+00,-0.188E+00,-0.41E+00,+6.91E+00,-6.46E+00,+3.449E+00
2,16/2/2026,19:08:00.473,-0.047E+00,-0.047E+00,-0.047E+00,-0.188E+00,-0.29E+00,+6.84E+00,-6.50E+00,+3.411E+00
2,16/2/2026,19:08:00.473,-0.047E+00,-0.047E+00,+0.000E+00,-0.235E+00,-0.17E+00,+6.76E+00,-6.56E+00,+3.373E+00
2,16/2/2026,19:08:00.473,-0.047E+00,-0.047E+00,+0.000E+00,-0.188E+00,-0.05E+00,+6.68E+00,-6.61E+00,+3.327E+00
2,16/2/2026,19:08:00.473,-0.047E+00,-0.047E+00,+0.000E+00,-0.188E+00,+0.08E+00,+6.59E+00,-6.67E+00,+3.289E+00
2,16/2/2026,19:08:00.473,-0.047E+00,-0.047E+00,+0.000E+00,-0.188E+00,+0.20E+00,+6.52E+00,-6.71E+00,+3.250E+00
2,16/2/2026,19:08:00.473,-0.047E+00,-0.047E+00,+0.000E+00,-0.188E+00,+0.32E+00,+6.42E+00,-6.76E+00,+3.205E+00
2,16/2/2026,19:08:00.473,-0.047E+00,-0.047E+00,-0.047E+00,-0.188E+00,+0.43E+00,+6.35E+00,-6.82E+00,+3.159E+00
2,16/2/2026,19:08:00.473,-0.047E+00,-0.047E+00,-0.047E+00,-0.188E+00,+0.56E+00,+6.26E+00,-6.87E+00,+3.121E+00
2,16/2/2026,19:08:00.473,-0.047E+00,-0.047E+00,-0.047E+00,-0.188E+00,+0.69E+00,+6.18E+00,-6.90E+00,+3.075E+00
2,16/2/2026,19:08:00.474,-0.047E+00,-0.047E+00,-0.047E+00,-0.188E+00,+0.81E+00,+6.09E+00,-6.96E+00,+3.029E+00
2,16/2/2026,19:08:00.474,-0.047E+00,-0.047E+00,+0.000E+00,-0.188E+00,+0.93E+00,+6.00E+00,-7.00E+00,+2.983E+00
2,16/2/2026,19:08:00.474,-0.047E+00,-0.047E+00,-0.047E+00,-0.188E+00,+1.05E+00,+5.91E+00,-7.03E+00,+2.945E+00
2,16/2/2026,19:08:00.474,+0.000E+00,-0.047E+00,-0.047E+00,-0.188E+00,+1.16E+00,+5.83E+00,-7.07E+00,+2.899E+00
2,16/2/2026,19:08:00.474,-0.047E+00,-0.047E+00,+0.000E+00,-0.188E+00,+1.28E+00,+5.74E+00,-7.11E+00,+2.861E+00
2,16/2/2026,19:08:00.474,-0.047E+00,-0.047E+00,-0.047E+00,-0.188E+00,+1.40E+00,+5.65E+00,-7.14E+00,+2.816E+00
2,16/2/2026,19:08:00.474,-0.047E+00,-0.047E+00,-0.047E+00,-0.188E+00,+1.53E+00,+5.55E+00,-7.17E+00,+2.777E+00
2,16/2/2026,19:08:00.474,-0.047E+00,-0.047E+00,+0.000E+00,-0.188E+00,+1.65E+00,+5.48E+00,-7.20E+00,+2.732E+00
2,16/2/2026,19:08:00.474,-0.047E+00,-0.047E+00,+0.000E+00,-0.188E+00,+1.75E+00,+5.40E+00,-7.23E+00,+2.686E+00
2,16/2/2026,19:08:00.474,+0.000E+00,-0.047E+00,-0.047E+00,-0.188E+00,+1.88E+00,+5.31E+00,-7.26E+00,+2.648E+00
2,16/2/2026,19:08:00.474,-0.047E+00,-0.047E+00,-0.047E+00,-0.188E+00,+2.00E+00,+5.22E+00,-7.29E+00,+2.602E+00
2,16/2/2026,19:08:00.474,-0.047E+00,-0.047E+00,-0.047E+00,-0.188E+00,+2.11E+00,+5.13E+00,-7.32E+00,+2.556E+00
2,16/2/2026,19:08:00.474,-0.047E+00,-0.047E+00,+0.000E+00,-0.188E+00,+2.23E+00,+5.05E+00,-7.36E+00,+2.510E+00
2,16/2/2026,19:08:00.474,-0.047E+00,-0.047E+00,-0.047E+00,-0.188E+00,+2.33E+00,+4.96E+00,-7.37E+00,+2.465E+00
2,16/2/2026,19:08:00.474,-0.047E+00,-0.047E+00,-0.047E+00,-0.188E+00,+2.46E+00,+4.87E+00,-7.39E+00,+2.426E+00
2,16/2/2026,19:08:00.474,-0.047E+00,-0.047E+00,-0.047E+00,-0.188E+00,+2.56E+00,+4.78E+00,-7.40E+00,+2.373E+00
2,16/2/2026,19:08:00.474,-0.047E+00,-0.047E+00,-0.047E+00,-0.188E+00,+2.67E+00,+4.68E+00,-7.43E+00,+2.335E+00
2,16/2/2026,19:08:00.474,-0.047E+00,-0.047E+00,-0.047E+00,-0.188E+00,+2.79E+00,+4.59E+00,-7.46E+00,+2.289E+00
2,16/2/2026,19:08:00.474,-0.047E+00,-0.047E+00,+0.000E+00,-0.188E+00,+2.90E+00,+4.50E+00,-7.48E+00,+2.243E+00
2,16/2/2026,19:08:00.474,-0.047E+00,-0.047E+00,-0.047E+00,-0.188E+00,+3.01E+00,+4.41E+00,-7.48E+00,+2.197E+00
2,16/2/2026,19:08:00.475,-0.047E+00,-0.047E+00,-0.047E+00,-0.188E+00,+3.11E+00,+4.30E+00,-7.51E+00,+2.144E+00
2,16/2/2026,19:08:00.475,+0.000E+00,-0.047E+00,+0.000E+00,-0.188E+00,+3.22E+00,+4.21E+00,-7.52E+00,+2.098E+00
2,16/2/2026,19:08:00.475,-0.047E+00,-0.047E+00,-0.047E+00,-0.188E+00,+3.33E+00,+4.12E+00,-7.54E+00,+2.045E+00
2,16/2/2026,19:08:00.475,-0.047E+00,-0.047E+00,-0.047E+00,-0.188E+00,+3.43E+00,+4.01E+00,-7.54E+00,+1.999E+00
2,16/2/2026,19:08:00.475,+0.000E+00,-0.047E+00,-0.047E+00,-0.188E+00,+3.54E+00,+3.92E+00,-7.55E+00,+1.946E+00
2,16/2/2026,19:08:00.475,-0.047E+00,-0.047E+00,+0.000E+00,-0.188E+00,+3.65E+00,+3.82E+00,-7.57E+00,+1.900E+00
2,16/2/2026,19:08:00.475,-0.047E+00,-0.047E+00,-0.047E+00,-0.188E+00,+3.75E+00,+3.71E+00,-7.58E+00,+1.846E+00
2,16/2/2026,19:08:00.475,-0.047E+00,-0.047E+00,-0.047E+00,-0.188E+00,+3.86E+00,+3.62E+00,-7.58E+00,+1.801E+00
2,16/2/2026,19:08:00.475,-0.047E+00,-0.047E+00,-0.047E+00,-0.188E+00,+3.95E+00,+3.51E+00,-7.60E+00,+1.747E+00
2,16/2/2026,19:08:00.475,-0.047E+00,-0.047E+00,-0.047E+00,-0.188E+00,+4.06E+00,+3.40E+00,-7.61E+00,+1.694E+00
2,16/2/2026,19:08:00.475,+0.000E+00,-0.047E+00,-0.047E+00,-0.188E+00,+4.17E+00,+3.30E+00,-7.61E+00,+1.640E+00
2,16/2/2026,19:08:00.475,-0.047E+00,-0.047E+00,-0.047E+00,-0.188E+00,+4.26E+00,+3.19E+00,-7.61E+00,+1.587E+00
2,16/2/2026,19:08:00.475,-0.047E+00,-0.047E+00,+0.000E+00,-0.188E+00,+4.36E+00,+3.08E+00,-7.63E+00,+1.534E+00
2,16/2/2026,19:08:00.475,-0.047E+00,-0.047E+00,-0.047E+00,-0.188E+00,+4.49E+00,+2.98E+00,-7.63E+00,+1.480E+00
2,16/2/2026,19:08:00.475,-0.047E+00,-0.047E+00,-0.047E+00,-0.188E+00,+4.58E+00,+2.85E+00,-7.63E+00,+1.427E+00
2,16/2/2026,19:08:00.475,-0.047E+00,-0.047E+00,-0.047E+00,-0.188E+00,+4.67E+00,+2.75E+00,-7.65E+00,+1.373E+00
2,16/2/2026,19:08:00.475,-0.047E+00,-0.047E+00,-0.047E+00,-0.188E+00,+4.78E+00,+2.64E+00,-7.65E+00,+1.320E+00
2,16/2/2026,19:08:00.475,-0.047E+00,-0.047E+00,-0.047E+00,-0.188E+00,+4.88E+00,+2.53E+00,-7.65E+00,+1.267E+00
2,16/2/2026,19:08:00.475,-0.047E+00,-0.047E+00,-0.047E+00,-0.188E+00,+4.99E+00,+2.41E+00,-7.65E+00,+1.206E+00
2,16/2/2026,19:08:00.475,+0.000E+00,-0.047E+00,+0.000E+00,-0.188E+00,+5.08E+00,+2.30E+00,-7.66E+00,+1.152E+00
2,16/2/2026,19:08:00.476,-0.047E+00,-0.047E+00,+0.000E+00,-0.188E+00,+5.19E+00,+2.20E+00,-7.65E+00,+1.099E+00
2,16/2/2026,19:08:00.476,-0.047E+00,-0.047E+00,+0.000E+00,-0.188E+00,+5.28E+00,+2.08E+00,-7.65E+00,+1.045E+00
2,16/2/2026,19:08:00.476,-0.047E+00,-0.047E+00,-0.047E+00,-0.188E+00,+5.37E+00,+1.95E+00,-7.65E+00,+0.984E+00
2,16/2/2026,19:08:00.476,-0.047E+00,-0.047E+00,-0.047E+00,-0.188E+00,+5.48E+00,+1.85E+00,-7.65E+00,+0.931E+00
2,16/2/2026,19:08:00.476,-0.047E+00,-0.047E+00,-0.047E+00,-0.188E+00,+5.55E+00,+1.72E+00,-7.63E+00,+0.877E+00
2,16/2/2026,19:08:00.476,-0.047E+00,-0.047E+00,-0.047E+00,-0.188E+00,+5.65E+00,+1.60E+00,-7.61E+00,+0.816E+00
2,16/2/2026,19:08:00.476,-0.047E+00,-0.047E+00,-0.047E+00,-0.188E+00,+5.72E+00,+1.48E+00,-7.60E+00,+0.755E+00
2,16/2/2026,19:08:00.476,-0.047E+00,-0.047E+00,-0.047E+00,-0.188E+00,+5.81E+00,+1.36E+00,-7.57E+00,+0.702E+00
2,16/2/2026,19:08:00.476,+0.000E+00,-0.047E+00,-0.047E+00,-0.188E+00,+5.88E+00,+1.24E+00,-7.52E+00,+0.641E+00
2,16/2/2026,19:08:00.476,-0.047E+00,-0.047E+00,-0.047E+00,-0.188E+00,+5.95E+00,+1.11E+00,-7.48E+00,+0.580E+00
2,16/2/2026,19:08:00.476,-0.047E+00,-0.047E+00,-0.047E+00,-0.188E+00,+6.03E+00,+1.01E+00,-7.43E+00,+0.526E+00
2,16/2/2026,19:08:00.476,-0.047E+00,-0.047E+00,+0.000E+00,-0.188E+00,+6.10E+00,+0.89E+00,-7.37E+00,+0.465E+00
2,16/2/2026,19:08:00.476,-0.047E+00,-0.047E+00,+0.000E+00,-0.188E+00,+6.17E+00,+0.76E+00,-7.31E+00,+0.404E+00
2,16/2/2026,19:08:00.476,-0.047E+00,-0.047E+00,+0.000E+00,-0.188E+00,+6.24E+00,+0.66E+00,-7.25E+00,+0.351E+00
2,16/2/2026,19:08:00.476,-0.047E+00,-0.047E+00,+0.000E+00,-0.188E+00,+6.30E+00,+0.53E+00,-7.20E+00,+0.290E+00
2,16/2/2026,19:08:00.476,+0.000E+00,-0.047E+00,-0.047E+00,-0.188E+00,+6.36E+00,+0.41E+00,-7.13E+00,+0.237E+00
2,16/2/2026,19:08:00.476,-0.047E+00,-0.047E+00,-0.047E+00,-0.188E+00,+6.42E+00,+0.29E+00,-7.07E+00,+0.175E+00
2,16/2/2026,19:08:00.476,-0.047E+00,-0.047E+00,-0.047E+00,-0.188E+00,+6.49E+00,+0.17E+00,-7.00E+00,+0.114E+00
2,16/2/2026,19:08:00.476,-0.047E+00,-0.047E+00,-0.047E+00,-0.188E+00,+6.55E+00,+0.06E+00,-6.94E+00,+0.053E+00
2,16/2/2026,19:08:00.476,-0.047E+00,-0.047E+00,-0.047E+00,-0.188E+00,+6.59E+00,-0.06E+00,-6.88E+00,-0.008E+00
2,16/2/2026,19:08:00.477,+0.000E+00,-0.047E+00,-0.047E+00,-0.188E+00,+6.64E+00,-0.20E+00,-6.81E+00,-0.061E+00
2,16/2/2026,19:08:00.477,-0.047E+00,-0.047E+00,-0.047E+00,-0.188E+00,+6.68E+00,-0.31E+00,-6.75E+00,-0.122E+00
2,16/2/2026,19:08:00.477,-0.047E+00,-0.047E+00,+0.000E+00,-0.188E+00,+6.73E+00,-0.43E+00,-6.68E+00,-0.183E+00
2,16/2/2026,19:08:00.477,-0.047E+00,-0.047E+00,-0.047E+00,-0.188E+00,+6.78E+00,-0.55E+00,-6.59E+00,-0.244E+00
2,16/2/2026,19:08:00.477,-0.047E+00,-0.047E+00,+0.000E+00,-0.188E+00,+6.81E+00,-0.69E+00,-6.52E+00,-0.305E+00
2,16/2/2026,19:08:00.477,-0.047E+00,-0.047E+00,+0.000E+00,-0.188E+00,+6.85E+00,-0.79E+00,-6.44E+00,-0.366E+00
2,16/2/2026,19:08:00.477,+0.000E+00,-0.047E+00,-0.047E+00,-0.188E+00,+6.88E+00,-0.92E+00,-6.33E+00,-0.427E+00
2,16/2/2026,19:08:00.477,-0.047E+00,-0.047E+00,-0.047E+00,-0.188E+00,+6.93E+00,-1.04E+00,-6.26E+00,-0.481E+00
2,16/2/2026,19:08:00.477,-0.047E+00,-0.047E+00,+0.000E+00,-0.188E+00,+6.96E+00,-1.16E+00,-6.17E+00,-0.549E+00
2,16/2/2026,19:08:00.477,+0.000E+00,-0.047E+00,+0.000E+00,-0.188E+00,+6.99E+00,-1.30E+00,-6.07E+00,-0.610E+00
2,16/2/2026,19:08:00.477,+0.000E+00,-0.047E+00,+0.000E+00,-0.188E+00,+7.03E+00,-1.40E+00,-5.98E+00,-0.671E+00
2,16/2/2026,19:08:00.477,-0.047E+00,-0.047E+00,+0.000E+00,-0.188E+00,+7.07E+00,-1.53E+00,-5.91E+00,-0.732E+00
2,16/2/2026,19:08:00.477,-0.047E+00,-0.047E+00,-0.047E+00,-0.188E+00,+7.10E+00,-1.66E+00,-5.81E+00,-0.794E+00
2,16/2/2026,19:08:00.477,-0.047E+00,-0.047E+00,+0.000E+00,-0.188E+00,+7.14E+00,-1.77E+00,-5.74E+00,-0.855E+00
2,16/2/2026,19:08:00.477,-0.047E+00,-0.047E+00,+0.000E+00,-0.188E+00,+7.16E+00,-1.89E+00,-5.65E+00,-0.916E+00
2,16/2/2026,19:08:00.477,-0.047E+00,-0.047E+00,+0.000E+00,-0.188E+00,+7.19E+00,-2.01E+00,-5.57E+00,-0.969E+00
2,16/2/2026,19:08:00.477,-0.047E+00,-0.047E+00,-0.047E+00,-0.188E+00,+7.22E+00,-2.14E+00,-5.48E+00,-1.030E+00
2,16/2/2026,19:08:00.477,-0.047E+00,-0.047E+00,+0.000E+00,-0.188E+00,+7.25E+00,-2.26E+00,-5.40E+00,-1.091E+00
2,16/2/2026,19:08:00.477,-0.047E+00,-0.047E+00,+0.000E+00,-0.235E+00,+7.28E+00,-2.38E+00,-5.31E+00,-1.152E+00
2,16/2/2026,19:08:00.477,-0.047E+00,-0.047E+00,-0.047E+00,-0.188E+00,+7.31E+00,-2.49E+00,-5.22E+00,-1.213E+00
2,16/2/2026,19:08:00.478,-0.047E+00,-0.047E+00,-0.047E+00,-0.188E+00,+7.34E+00,-2.61E+00,-5.13E+00,-1.267E+00
2,16/2/2026,19:08:00.478,-0.047E+00,-0.047E+00,-0.047E+00,-0.188E+00,+7.36E+00,-2.73E+00,-5.04E+00,-1.328E+00
2,16/2/2026,19:08:00.478,-0.047E+00,-0.047E+00,+0.000E+00,-0.188E+00,+7.39E+00,-2.85E+00,-4.94E+00,-1.381E+00
2,16/2/2026,19:08:00.478,-0.047E+00,-0.047E+00,-0.047E+00,-0.188E+00,+7.40E+00,-2.96E+00,-4.85E+00,-1.442E+00
2,16/2/2026,19:08:00.478,-0.047E+00,-0.047E+00,-0.047E+00,-0.188E+00,+7.42E+00,-3.08E+00,-4.76E+00,-1.495E+00
2,16/2/2026,19:08:00.478,+0.000E+00,-0.047E+00,-0.047E+00,-0.188E+00,+7.43E+00,-3.19E+00,-4.67E+00,-1.557E+00
2,16/2/2026,19:08:00.478,-0.047E+00,-0.047E+00,+0.000E+00,-0.188E+00,+7.46E+00,-3.30E+00,-4.56E+00,-1.602E+00
2,16/2/2026,19:08:00.478,-0.047E+00,-0.047E+00,+0.000E+00,-0.188E+00,+7.49E+00,-3.42E+00,-4.47E+00,-1.663E+00
2,16/2/2026,19:08:00.478,+0.000E+00,-0.047E+00,+0.000E+00,-0.188E+00,+7.49E+00,-3.53E+00,-4.36E+00,-1.717E+00
2,16/2/2026,19:08:00.478,+0.000E+00,-0.047E+00,-0.047E+00,-0.188E+00,+7.51E+00,-3.63E+00,-4.27E+00,-1.770E+00
2,16/2/2026,19:08:00.478,-0.047E+00,-0.047E+00,-0.047E+00,-0.188E+00,+7.52E+00,-3.74E+00,-4.18E+00,-1.816E+00
2,16/2/2026,19:08:00.478,-0.047E+00,-0.047E+00,-0.047E+00,-0.188E+00,+7.54E+00,-3.83E+00,-4.09E+00,-1.869E+00
2,16/2/2026,19:08:00.478,-0.047E+00,-0.047E+00,+0.000E+00,-0.188E+00,+7.55E+00,-3.94E+00,-3.98E+00,-1.923E+00
2,16/2/2026,19:08:00.478,-0.047E+00,-0.047E+00,+0.000E+00,-0.188E+00,+7.55E+00,-4.04E+00,-3.88E+00,-1.976E+00
2,16/2/2026,19:08:00.478,-0.047E+00,-0.047E+00,+0.000E+00,-0.188E+00,+7.57E+00,-4.15E+00,-3.78E+00,-2.030E+00
2,16/2/2026,19:08:00.478,-0.047E+00,-0.047E+00,-0.047E+00,-0.188E+00,+7.58E+00,-4.26E+00,-3.68E+00,-2.083E+00
2,16/2/2026,19:08:00.478,-0.047E+00,-0.047E+00,-0.047E+00,-0.188E+00,+7.58E+00,-4.36E+00,-3.57E+00,-2.129E+00
2,16/2/2026,19:08:00.478,-0.047E+00,-0.047E+00,-0.047E+00,-0.188E+00,+7.58E+00,-4.46E+00,-3.46E+00,-2.182E+00
2,16/2/2026,19:08:00.478,+0.000E+00,-0.047E+00,-0.047E+00,-0.188E+00,+7.58E+00,-4.56E+00,-3.37E+00,-2.236E+00
2,16/2/2026,19:08:00.478,-0.047E+00,-0.047E+00,-0.047E+00,-0.188E+00,+7.60E+00,-4.65E+00,-3.27E+00,-2.281E+00
2,16/2/2026,19:08:00.479,+0.000E+00,-0.047E+00,+0.000E+00,-0.188E+00,+7.60E+00,-4.76E+00,-3.14E+00,-2.335E+00
2,16/2/2026,19:08:00.479,-0.047E+00,-0.047E+00,+0.000E+00,-0.188E+00,+7.60E+00,-4.85E+00,-3.04E+00,-2.388E+00
2,16/2/2026,19:08:00.479,-0.047E+00,-0.047E+00,-0.047E+00,-0.188E+00,+7.60E+00,-4.96E+00,-2.95E+00,-2.434E+00
2,16/2/2026,19:08:00.479,+0.000E+00,-0.047E+00,-0.047E+00,-0.188E+00,+7.60E+00,-5.05E+00,-2.82E+00,-2.487E+00
2,16/2/2026,19:08:00.479,+0.000E+00,-0.047E+00,+0.000E+00,-0.188E+00,+7.60E+00,-5.16E+00,-2.72E+00,-2.533E+00
2,16/2/2026,19:08:00.479,-0.047E+00,-0.047E+00,-0.047E+00,-0.188E+00,+7.60E+00,-5.26E+00,-2.59E+00,-2.587E+00
2,16/2/2026,19:08:00.479,-0.047E+00,-0.047E+00,-0.047E+00,-0.188E+00,+7.60E+00,-5.36E+00,-2.49E+00,-2.632E+00
2,16/2/2026,19:08:00.479,-0.047E+00,-0.047E+00,+0.000E+00,-0.188E+00,+7.60E+00,-5.45E+00,-2.38E+00,-2.686E+00
2,16/2/2026,19:08:00.479,-0.047E+00,-0.047E+00,-0.047E+00,-0.188E+00,+7.57E+00,-5.55E+00,-2.27E+00,-2.732E+00
2,16/2/2026,19:08:00.479,+0.000E+00,-0.047E+00,-0.047E+00,-0.188E+00,+7.57E+00,-5.63E+00,-2.15E+00,-2.777E+00
2,16/2/2026,19:08:00.479,+0.000E+00,-0.047E+00,+0.000E+00,-0.188E+00,+7.55E+00,-5.72E+00,-2.03E+00,-2.823E+00
2,16/2/2026,19:08:00.479,-0.047E+00,-0.047E+00,+0.000E+00,-0.188E+00,+7.54E+00,-5.81E+00,-1.92E+00,-2.869E+00
2,16/2/2026,19:08:00.479,-0.047E+00,-0.047E+00,-0.047E+00,-0.188E+00,+7.51E+00,-5.89E+00,-1.80E+00,-2.907E+00
2,16/2/2026,19:08:00.479,+0.000E+00,-0.047E+00,+0.000E+00,-0.188E+00,+7.46E+00,-5.98E+00,-1.69E+00,-2.953E+00
2,16/2/2026,19:08:00.479,-0.047E+00,-0.047E+00,+0.000E+00,-0.188E+00,+7.43E+00,-6.06E+00,-1.57E+00,-2.991E+00
2,16/2/2026,19:08:00.479,-0.047E+00,-0.047E+00,+0.000E+00,-0.188E+00,+7.40E+00,-6.12E+00,-1.46E+00,-3.022E+00
2,16/2/2026,19:08:00.479,-0.047E+00,-0.047E+00,-0.047E+00,-0.188E+00,+7.37E+00,-6.20E+00,-1.34E+00,-3.060E+00
2,16/2/2026,19:08:00.479,-0.047E+00,-0.047E+00,-0.047E+00,-0.188E+00,+7.32E+00,-6.27E+00,-1.22E+00,-3.098E+00
2,16/2/2026,19:08:00.479,+0.000E+00,-0.047E+00,-0.047E+00,-0.188E+00,+7.28E+00,-6.35E+00,-1.10E+00,-3.136E+00
2,16/2/2026,19:08:00.479,-0.047E+00,-0.047E+00,+0.000E+00,-0.188E+00,+7.23E+00,-6.41E+00,-0.98E+00,-3.166E+00
2,16/2/2026,19:08:00.480,-0.047E+00,-0.047E+00,+0.000E+00,-0.188E+00,+7.17E+00,-6.47E+00,-0.85E+00,-3.197E+00
2,16/2/2026,19:08:00.480,-0.047E+00,-0.047E+00,-0.047E+00,-0.141E+00,+7.13E+00,-6.53E+00,-0.73E+00,-3.228E+00
2,16/2/2026,19:08:00.480,-0.047E+00,-0.047E+00,-0.047E+00,-0.188E+00,+7.07E+00,-6.59E+00,-0.61E+00,-3.266E+00
2,16/2/2026,19:08:00.480,-0.047E+00,-0.047E+00,+0.000E+00,-0.188E+00,+7.00E+00,-6.67E+00,-0.49E+00,-3.296E+00
2,16/2/2026,19:08:00.480,-0.047E+00,-0.047E+00,-0.047E+00,-0.188E+00,+6.94E+00,-6.71E+00,-0.37E+00,-3.327E+00
2,16/2/2026,19:08:00.480,+0.000E+00,-0.047E+00,-0.047E+00,-0.188E+00,+6.87E+00,-6.78E+00,-0.24E+00,-3.350E+00
2,16/2/2026,19:08:00.480,-0.047E+00,-0.047E+00,-0.047E+00,-0.188E+00,+6.79E+00,-6.84E+00,-0.12E+00,-3.380E+00
2,16/2/2026,19:08:00.480,-0.047E+00,-0.047E+00,-0.047E+00,-0.188E+00,+6.71E+00,-6.90E+00,+0.00E+00,-3.411E+00
2,16/2/2026,19:08:00.480,+0.000E+00,-0.047E+00,-0.047E+00,-0.188E+00,+6.65E+00,-6.96E+00,+0.12E+00,-3.434E+00
2,16/2/2026,19:08:00.480,+0.000E+00,-0.047E+00,+0.000E+00,-0.188E+00,+6.56E+00,-7.00E+00,+0.23E+00,-3.464E+00
2,16/2/2026,19:08:00.480,-0.047E+00,-0.047E+00,+0.000E+00,-0.188E+00,+6.49E+00,-7.05E+00,+0.35E+00,-3.487E+00
2,16/2/2026,19:08:00.480,+0.000E+00,-0.047E+00,+0.000E+00,-0.188E+00,+6.41E+00,-7.10E+00,+0.47E+00,-3.510E+00
2,16/2/2026,19:08:00.480,-0.047E+00,-0.047E+00,+0.000E+00,-0.188E+00,+6.32E+00,-7.14E+00,+0.58E+00,-3.533E+00
2,16/2/2026,19:08:00.480,-0.047E+00,-0.047E+00,+0.000E+00,-0.188E+00,+6.23E+00,-7.19E+00,+0.70E+00,-3.548E+00
2,16/2/2026,19:08:00.480,+0.000E+00,-0.047E+00,-0.047E+00,-0.188E+00,+6.15E+00,-7.22E+00,+0.82E+00,-3.571E+00
2,16/2/2026,19:08:00.480,+0.000E+00,+0.000E+00,-0.047E+00,-0.188E+00,+6.06E+00,-7.26E+00,+0.96E+00,-3.586E+00
2,16/2/2026,19:08:00.480,-0.047E+00,-0.047E+00,-0.047E+00,-0.188E+00,+5.97E+00,-7.29E+00,+1.08E+00,-3.601E+00
2,16/2/2026,19:08:00.480,-0.047E+00,-0.047E+00,-0.047E+00,-0.188E+00,+5.89E+00,-7.34E+00,+1.21E+00,-3.617E+00
2,16/2/2026,19:08:00.480,-0.047E+00,-0.047E+00,-0.047E+00,-0.188E+00,+5.80E+00,-7.37E+00,+1.33E+00,-3.632E+00
2,16/2/2026,19:08:00.480,-0.047E+00,-0.047E+00,-0.047E+00,-0.188E+00,+5.71E+00,-7.40E+00,+1.46E+00,-3.647E+00
2,16/2/2026,19:08:00.481,-0.047E+00,-0.047E+00,-0.047E+00,-0.188E+00,+5.62E+00,-7.42E+00,+1.59E+00,-3.662E+00
2,16/2/2026,19:08:00.481,-0.047E+00,-0.047E+00,-0.047E+00,-0.188E+00,+5.54E+00,-7.45E+00,+1.69E+00,-3.678E+00
2,16/2/2026,19:08:00.481,-0.047E+00,-0.047E+00,-0.047E+00,-0.188E+00,+5.45E+00,-7.48E+00,+1.82E+00,-3.685E+00
2,16/2/2026,19:08:00.481,-0.047E+00,-0.047E+00,+0.000E+00,-0.188E+00,+5.36E+00,-7.51E+00,+1.94E+00,-3.701E+00
2,16/2/2026,19:08:00.481,-0.047E+00,-0.047E+00,+0.000E+00,-0.188E+00,+5.28E+00,-7.52E+00,+2.04E+00,-3.708E+00
2,16/2/2026,19:08:00.481,-0.047E+00,-0.047E+00,-0.047E+00,-0.188E+00,+5.19E+00,-7.55E+00,+2.17E+00,-3.723E+00
2,16/2/2026,19:08:00.481,+0.000E+00,-0.047E+00,-0.047E+00,-0.188E+00,+5.10E+00,-7.58E+00,+2.29E+00,-3.731E+00
2,16/2/2026,19:08:00.481,+0.000E+00,-0.047E+00,+0.000E+00,-0.188E+00,+5.01E+00,-7.60E+00,+2.40E+00,-3.746E+00
2,16/2/2026,19:08:00.481,-0.047E+00,-0.047E+00,+0.000E+00,-0.188E+00,+4.91E+00,-7.61E+00,+2.52E+00,-3.754E+00
2,16/2/2026,19:08:00.481,-0.047E+00,-0.047E+00,+0.000E+00,-0.188E+00,+4.82E+00,-7.65E+00,+2.62E+00,-3.762E+00
2,16/2/2026,19:08:00.481,-0.047E+00,+0.000E+00,-0.047E+00,-0.188E+00,+4.73E+00,-7.66E+00,+2.73E+00,-3.777E+00
2,16/2/2026,19:08:00.481,-0.047E+00,-0.047E+00,-0.047E+00,-0.188E+00,+4.64E+00,-7.68E+00,+2.85E+00,-3.785E+00
2,16/2/2026,19:08:00.481,-0.047E+00,-0.047E+00,-0.047E+00,-0.188E+00,+4.55E+00,-7.71E+00,+2.96E+00,-3.792E+00
2,16/2/2026,19:08:00.481,-0.047E+00,-0.047E+00,+0.000E+00,-0.188E+00,+4.46E+00,-7.71E+00,+3.07E+00,-3.800E+00
2,16/2/2026,19:08:00.481,-0.047E+00,-0.047E+00,+0.000E+00,-0.188E+00,+4.36E+00,-7.72E+00,+3.17E+00,-3.807E+00
2,16/2/2026,19:08:00.481,-0.047E+00,-0.047E+00,+0.000E+00,-0.188E+00,+4.26E+00,-7.74E+00,+3.28E+00,-3.807E+00
2,16/2/2026,19:08:00.481,-0.047E+00,-0.047E+00,-0.047E+00,-0.188E+00,+4.17E+00,-7.75E+00,+3.39E+00,-3.815E+00
2,16/2/2026,19:08:00.481,-0.047E+00,-0.047E+00,-0.047E+00,-0.188E+00,+4.07E+00,-7.77E+00,+3.49E+00,-3.823E+00
2,16/2/2026,19:08:00.481,+0.000E+00,-0.047E+00,-0.047E+00,-0.188E+00,+3.98E+00,-7.78E+00,+3.60E+00,-3.823E+00
2,16/2/2026,19:08:00.481,-0.047E+00,-0.047E+00,-0.047E+00,-0.188E+00,+3.89E+00,-7.80E+00,+3.71E+00,-3.830E+00
2,16/2/2026,19:08:00.482,-0.047E+00,-0.047E+00,-0.047E+00,-0.188E+00,+3.78E+00,-7.80E+00,+3.80E+00,-3.830E+00
2,16/2/2026,19:08:00.482,-0.047E+00,-0.047E+00,-0.047E+00,-0.188E+00,+3.68E+00,-7.80E+00,+3.91E+00,-3.838E+00
2,16/2/2026,19:08:00.482,-0.047E+00,-0.047E+00,-0.047E+00,-0.188E+00,+3.59E+00,-7.81E+00,+4.01E+00,-3.838E+00
2,16/2/2026,19:08:00.482,-0.047E+00,-0.047E+00,+0.000E+00,-0.188E+00,+3.48E+00,-7.81E+00,+4.10E+00,-3.838E+00
2,16/2/2026,19:08:00.482,-0.047E+00,-0.047E+00,-0.047E+00,-0.188E+00,+3.37E+00,-7.81E+00,+4.21E+00,-3.838E+00
2,16/2/2026,19:08:00.482,+0.000E+00,-0.047E+00,-0.047E+00,-0.188E+00,+3.27E+00,-7.83E+00,+4.32E+00,-3.846E+00
2,16/2/2026,19:08:00.482,-0.047E+00,-0.047E+00,+0.000E+00,-0.188E+00,+3.16E+00,-7.83E+00,+4.41E+00,-3.846E+00
2,16/2/2026,19:08:00.482,-0.047E+00,-0.047E+00,+0.000E+00,-0.188E+00,+3.05E+00,-7.83E+00,+4.52E+00,-3.846E+00
2,16/2/2026,19:08:00.482,-0.047E+00,-0.047E+00,-0.047E+00,-0.188E+00,+2.96E+00,-7.83E+00,+4.62E+00,-3.838E+00
2,16/2/2026,19:08:00.482,-0.047E+00,-0.047E+00,-0.047E+00,-0.188E+00,+2.84E+00,-7.84E+00,+4.70E+00,-3.846E+00
2,16/2/2026,19:08:00.482,-0.047E+00,-0.047E+00,-0.047E+00,-0.188E+00,+2.73E+00,-7.84E+00,+4.81E+00,-3.846E+00
2,16/2/2026,19:08:00.482,-0.047E+00,-0.047E+00,+0.000E+00,-0.188E+00,+2.62E+00,-7.84E+00,+4.91E+00,-3.838E+00
2,16/2/2026,19:08:00.482,-0.047E+00,-0.047E+00,+0.000E+00,-0.188E+00,+2.52E+00,-7.83E+00,+5.01E+00,-3.838E+00
2,16/2/2026,19:08:00.482,-0.047E+00,-0.047E+00,+0.000E+00,-0.188E+00,+2.40E+00,-7.83E+00,+5.10E+00,-3.838E+00
2,16/2/2026,19:08:00.482,-0.047E+00,-0.047E+00,-0.047E+00,-0.188E+00,+2.29E+00,-7.83E+00,+5.20E+00,-3.823E+00
2,16/2/2026,19:08:00.482,-0.047E+00,-0.047E+00,-0.047E+00,-0.188E+00,+2.18E+00,-7.81E+00,+5.30E+00,-3.815E+00
2,16/2/2026,19:08:00.482,-0.047E+00,-0.047E+00,+0.000E+00,-0.235E+00,+2.06E+00,-7.80E+00,+5.37E+00,-3.807E+00
2,16/2/2026,19:08:00.482,-0.047E+00,-0.047E+00,+0.000E+00,-0.188E+00,+1.95E+00,-7.78E+00,+5.46E+00,-3.800E+00
2,16/2/2026,19:08:00.482,-0.047E+00,-0.047E+00,+0.000E+00,-0.188E+00,+1.83E+00,-7.74E+00,+5.55E+00,-3.777E+00
2,16/2/2026,19:08:00.482,-0.047E+00,-0.047E+00,+0.000E+00,-0.188E+00,+1.72E+00,-7.71E+00,+5.63E+00,-3.754E+00
2,16/2/2026,19:08:00.483,-0.047E+00,-0.047E+00,+0.000E+00,-0.188E+00,+1.60E+00,-7.66E+00,+5.71E+00,-3.739E+00
2,16/2/2026,19:08:00.483,-0.047E+00,-0.047E+00,-0.047E+00,-0.188E+00,+1.50E+00,-7.61E+00,+5.78E+00,-3.708E+00
2,16/2/2026,19:08:00.483,-0.047E+00,-0.047E+00,-0.047E+00,-0.188E+00,+1.37E+00,-7.55E+00,+5.86E+00,-3.685E+00
2,16/2/2026,19:08:00.483,-0.047E+00,-0.047E+00,+0.000E+00,-0.188E+00,+1.25E+00,-7.51E+00,+5.94E+00,-3.655E+00
2,16/2/2026,19:08:00.483,-0.047E+00,-0.047E+00,-0.047E+00,-0.188E+00,+1.13E+00,-7.46E+00,+6.00E+00,-3.624E+00
2,16/2/2026,19:08:00.483,-0.047E+00,-0.047E+00,-0.047E+00,-0.188E+00,+1.01E+00,-7.40E+00,+6.07E+00,-3.601E+00
2,16/2/2026,19:08:00.483,+0.000E+00,-0.047E+00,+0.000E+00,-0.188E+00,+0.87E+00,-7.36E+00,+6.13E+00,-3.579E+00
2,16/2/2026,19:08:00.483,-0.047E+00,-0.047E+00,+0.000E+00,-0.188E+00,+0.76E+00,-7.31E+00,+6.20E+00,-3.548E+00
2,16/2/2026,19:08:00.483,-0.047E+00,-0.047E+00,-0.047E+00,-0.188E+00,+0.63E+00,-7.23E+00,+6.26E+00,-3.517E+00
2,16/2/2026,19:08:00.483,-0.047E+00,-0.047E+00,-0.047E+00,-0.188E+00,+0.50E+00,-7.17E+00,+6.30E+00,-3.487E+00
2,16/2/2026,19:08:00.483,-0.047E+00,-0.047E+00,-0.047E+00,-0.188E+00,+0.37E+00,-7.11E+00,+6.35E+00,-3.449E+00
2,16/2/2026,19:08:00.483,-0.047E+00,-0.047E+00,+0.000E+00,-0.188E+00,+0.24E+00,-7.02E+00,+6.41E+00,-3.403E+00
2,16/2/2026,19:08:00.483,-0.047E+00,-0.047E+00,+0.000E+00,-0.188E+00,+0.12E+00,-6.94E+00,+6.47E+00,-3.365E+00
2,16/2/2026,19:08:00.483,+0.000E+00,-0.047E+00,-0.047E+00,-0.188E+00,+0.00E+00,-6.87E+00,+6.52E+00,-3.327E+00
2,16/2/2026,19:08:00.483,-0.047E+00,-0.047E+00,-0.047E+00,-0.188E+00,-0.12E+00,-6.79E+00,+6.56E+00,-3.281E+00
2,16/2/2026,19:08:00.483,-0.047E+00,-0.047E+00,-0.047E+00,-0.188E+00,-0.23E+00,-6.70E+00,+6.62E+00,-3.243E+00
2,16/2/2026,19:08:00.483,+0.000E+00,-0.047E+00,-0.047E+00,-0.188E+00,-0.35E+00,-6.62E+00,+6.67E+00,-3.197E+00
2,16/2/2026,19:08:00.483,-0.047E+00,-0.047E+00,-0.047E+00,-0.188E+00,-0.47E+00,-6.53E+00,+6.71E+00,-3.159E+00
2,16/2/2026,19:08:00.483,-0.047E+00,-0.047E+00,-0.047E+00,-0.188E+00,-0.60E+00,-6.46E+00,+6.76E+00,-3.113E+00
2,16/2/2026,19:08:00.483,-0.047E+00,-0.047E+00,-0.047E+00,-0.188E+00,-0.72E+00,-6.36E+00,+6.82E+00,-3.075E+00
2,16/2/2026,19:08:00.484,-0.047E+00,-0.047E+00,+0.000E+00,-0.188E+00,-0.84E+00,-6.29E+00,+6.85E+00,-3.029E+00
2,16/2/2026,19:08:00.484,-0.047E+00,-0.047E+00,+0.000E+00,-0.188E+00,-0.98E+00,-6.20E+00,+6.90E+00,-2.983E+00
2,16/2/2026,19:08:00.484,+0.000E+00,-0.047E+00,-0.047E+00,-0.188E+00,-1.10E+00,-6.10E+00,+6.94E+00,-2.945E+00
2,16/2/2026,19:08:00.484,-0.047E+00,-0.047E+00,-0.047E+00,-0.188E+00,-1.22E+00,-6.01E+00,+6.97E+00,-2.899E+00
2,16/2/2026,19:08:00.484,-0.047E+00,-0.047E+00,-0.047E+00,-0.188E+00,-1.33E+00,-5.94E+00,+7.00E+00,-2.854E+00
2,16/2/2026,19:08:00.484,+0.000E+00,-0.047E+00,-0.047E+00,-0.188E+00,-1.45E+00,-5.84E+00,+7.03E+00,-2.816E+00
2,16/2/2026,19:08:00.484,-0.047E+00,-0.047E+00,-0.047E+00,-0.188E+00,-1.57E+00,-5.75E+00,+7.08E+00,-2.770E+00
2,16/2/2026,19:08:00.484,-0.047E+00,-0.047E+00,+0.000E+00,-0.188E+00,-1.69E+00,-5.68E+00,+7.11E+00,-2.724E+00
2,16/2/2026,19:08:00.484,-0.047E+00,-0.047E+00,-0.047E+00,-0.188E+00,-1.82E+00,-5.59E+00,+7.14E+00,-2.686E+00
2,16/2/2026,19:08:00.484,-0.047E+00,-0.047E+00,-0.047E+00,-0.188E+00,-1.92E+00,-5.51E+00,+7.17E+00,-2.640E+00
2,16/2/2026,19:08:00.484,-0.047E+00,-0.047E+00,-0.047E+00,-0.188E+00,-2.03E+00,-5.42E+00,+7.19E+00,-2.594E+00
2,16/2/2026,19:08:00.484,+0.000E+00,-0.047E+00,-0.047E+00,-0.188E+00,-2.15E+00,-5.33E+00,+7.22E+00,-2.556E+00
2,16/2/2026,19:08:00.484,-0.047E+00,-0.047E+00,-0.047E+00,-0.188E+00,-2.27E+00,-5.23E+00,+7.25E+00,-2.510E+00
2,16/2/2026,19:08:00.484,-0.047E+00,-0.047E+00,+0.000E+00,-0.188E+00,-2.38E+00,-5.16E+00,+7.26E+00,-2.465E+00
2,16/2/2026,19:08:00.484,-0.047E+00,-0.047E+00,+0.000E+00,-0.188E+00,-2.49E+00,-5.07E+00,+7.29E+00,-2.419E+00
2,16/2/2026,19:08:00.484,-0.047E+00,-0.047E+00,+0.000E+00,-0.188E+00,-2.61E+00,-4.97E+00,+7.31E+00,-2.373E+00
2,16/2/2026,19:08:00.484,-0.047E+00,-0.047E+00,-0.047E+00,-0.188E+00,-2.72E+00,-4.88E+00,+7.32E+00,-2.327E+00
2,16/2/2026,19:08:00.484,-0.047E+00,-0.047E+00,-0.047E+00,-0.188E+00,-2.82E+00,-4.79E+00,+7.36E+00,-2.289E+00
2,16/2/2026,19:08:00.484,-0.047E+00,-0.047E+00,+0.000E+00,-0.188E+00,-2.93E+00,-4.70E+00,+7.37E+00,-2.243E+00
2,16/2/2026,19:08:00.484,-0.047E+00,-0.047E+00,+0.000E+00,-0.188E+00,-3.04E+00,-4.61E+00,+7.39E+00,-2.190E+00
2,16/2/2026,19:08:00.485,-0.047E+00,-0.047E+00,-0.047E+00,-0.188E+00,-3.16E+00,-4.52E+00,+7.40E+00,-2.144E+00
2,16/2/2026,19:08:00.485,-0.047E+00,-0.047E+00,-0.047E+00,-0.188E+00,-3.27E+00,-4.41E+00,+7.42E+00,-2.098E+00
2,16/2/2026,19:08:00.485,+0.000E+00,-0.047E+00,-0.047E+00,-0.188E+00,-3.37E+00,-4.32E+00,+7.43E+00,-2.045E+00
2,16/2/2026,19:08:00.485,-0.047E+00,-0.047E+00,-0.047E+00,-0.188E+00,-3.46E+00,-4.21E+00,+7.45E+00,-1.999E+00
2,16/2/2026,19:08:00.485,-0.047E+00,-0.047E+00,-0.047E+00,-0.188E+00,-3.59E+00,-4.12E+00,+7.46E+00,-1.946E+00
2,16/2/2026,19:08:00.485,-0.047E+00,-0.047E+00,-0.047E+00,-0.188E+00,-3.68E+00,-4.01E+00,+7.48E+00,-1.892E+00
2,16/2/2026,19:08:00.485,-0.047E+00,-0.047E+00,-0.047E+00,-0.188E+00,-3.78E+00,-3.92E+00,+7.48E+00,-1.846E+00
2,16/2/2026,19:08:00.485,-0.047E+00,-0.047E+00,-0.047E+00,-0.188E+00,-3.89E+00,-3.82E+00,+7.49E+00,-1.793E+00
2,16/2/2026,19:08:00.485,-0.047E+00,-0.047E+00,-0.047E+00,-0.235E+00,-4.00E+00,-3.71E+00,+7.49E+00,-1.747E+00
2,16/2/2026,19:08:00.485,-0.047E+00,-0.047E+00,-0.047E+00,-0.188E+00,-4.10E+00,-3.60E+00,+7.51E+00,-1.694E+00
2,16/2/2026,19:08:00.485,-0.047E+00,-0.047E+00,+0.000E+00,-0.188E+00,-4.20E+00,-3.49E+00,+7.51E+00,-1.640E+00
2,16/2/2026,19:08:00.485,-0.047E+00,-0.047E+00,+0.000E+00,-0.188E+00,-4.30E+00,-3.39E+00,+7.52E+00,-1.587E+00
2,16/2/2026,19:08:00.485,+0.000E+00,-0.047E+00,+0.000E+00,-0.188E+00,-4.41E+00,-3.28E+00,+7.52E+00,-1.534E+00
2,16/2/2026,19:08:00.485,-0.047E+00,-0.047E+00,+0.000E+00,-0.188E+00,-4.52E+00,-3.17E+00,+7.52E+00,-1.480E+00
2,16/2/2026,19:08:00.485,-0.047E+00,-0.047E+00,-0.047E+00,-0.188E+00,-4.62E+00,-3.05E+00,+7.52E+00,-1.427E+00
2,16/2/2026,19:08:00.485,+0.000E+00,-0.047E+00,-0.047E+00,-0.188E+00,-4.73E+00,-2.95E+00,+7.54E+00,-1.373E+00
2,16/2/2026,19:08:00.485,+0.000E+00,-0.047E+00,+0.000E+00,-0.188E+00,-4.82E+00,-2.84E+00,+7.54E+00,-1.312E+00
2,16/2/2026,19:08:00.485,-0.047E+00,-0.047E+00,-0.047E+00,-0.188E+00,-4.93E+00,-2.73E+00,+7.54E+00,-1.259E+00
2,16/2/2026,19:08:00.485,-0.047E+00,-0.047E+00,-0.047E+00,-0.188E+00,-5.02E+00,-2.61E+00,+7.54E+00,-1.206E+00
2,16/2/2026,19:08:00.485,-0.047E+00,-0.047E+00,+0.000E+00,-0.188E+00,-5.13E+00,-2.49E+00,+7.54E+00,-1.152E+00
2,16/2/2026,19:08:00.486,-0.047E+00,-0.047E+00,-0.047E+00,-0.188E+00,-5.23E+00,-2.38E+00,+7.54E+00,-1.099E+00
2,16/2/2026,19:08:00.486,-0.047E+00,-0.047E+00,-0.047E+00,-0.188E+00,-5.33E+00,-2.27E+00,+7.55E+00,-1.045E+00
2,16/2/2026,19:08:00.486,-0.047E+00,-0.047E+00,-0.047E+00,-0.188E+00,-5.42E+00,-2.15E+00,+7.54E+00,-0.984E+00
2,16/2/2026,19:08:00.486,-0.047E+00,-0.047E+00,+0.000E+00,-0.188E+00,-5.51E+00,-2.04E+00,+7.54E+00,-0.931E+00
2,16/2/2026,19:08:00.486,-0.047E+00,-0.047E+00,+0.000E+00,-0.188E+00,-5.60E+00,-1.92E+00,+7.52E+00,-0.870E+00
2,16/2/2026,19:08:00.486,-0.047E+00,-0.047E+00,+0.000E+00,-0.188E+00,-5.69E+00,-1.80E+00,+7.51E+00,-0.816E+00
2,16/2/2026,19:08:00.486,-0.047E+00,-0.047E+00,-0.047E+00,-0.188E+00,-5.77E+00,-1.68E+00,+7.49E+00,-0.755E+00
2,16/2/2026,19:08:00.486,+0.000E+00,-0.047E+00,-0.047E+00,-0.188E+00,-5.84E+00,-1.56E+00,+7.46E+00,-0.694E+00
2,16/2/2026,19:08:00.486,-0.047E+00,-0.047E+00,-0.047E+00,-0.188E+00,-5.92E+00,-1.43E+00,+7.42E+00,-0.641E+00
2,16/2/2026,19:08:00.486,-0.047E+00,-0.047E+00,-0.047E+00,-0.188E+00,-6.00E+00,-1.33E+00,+7.37E+00,-0.580E+00
2,16/2/2026,19:08:00.486,-0.047E+00,-0.047E+00,-0.047E+00,-0.188E+00,-6.07E+00,-1.21E+00,+7.31E+00,-0.519E+00
2,16/2/2026,19:08:00.486,+0.000E+00,-0.047E+00,-0.047E+00,-0.188E+00,-6.13E+00,-1.08E+00,+7.25E+00,-0.458E+00
2,16/2/2026,19:08:00.486,-0.047E+00,-0.047E+00,-0.047E+00,-0.235E+00,-6.21E+00,-0.96E+00,+7.20E+00,-0.404E+00
2,16/2/2026,19:08:00.486,-0.047E+00,-0.047E+00,-0.047E+00,-0.188E+00,-6.27E+00,-0.84E+00,+7.14E+00,-0.343E+00
2,16/2/2026,19:08:00.486,-0.047E+00,-0.047E+00,+0.000E+00,-0.188E+00,-6.33E+00,-0.73E+00,+7.08E+00,-0.290E+00
2,16/2/2026,19:08:00.486,-0.047E+00,-0.047E+00,+0.000E+00,-0.188E+00,-6.41E+00,-0.61E+00,+7.02E+00,-0.229E+00
2,16/2/2026,19:08:00.486,-0.047E+00,-0.047E+00,-0.047E+00,-0.188E+00,-6.46E+00,-0.49E+00,+6.96E+00,-0.175E+00
2,16/2/2026,19:08:00.486,-0.047E+00,-0.047E+00,-0.047E+00,-0.188E+00,-6.52E+00,-0.37E+00,+6.90E+00,-0.114E+00
2,16/2/2026,19:08:00.486,-0.047E+00,-0.047E+00,+0.000E+00,-0.188E+00,-6.58E+00,-0.26E+00,+6.84E+00,-0.053E+00
2,16/2/2026,19:08:00.486,-0.047E+00,-0.047E+00,-0.047E+00,-0.235E+00,-6.64E+00,-0.14E+00,+6.76E+00,+0.008E+00
2,16/2/2026,19:08:00.487,-0.047E+00,-0.047E+00,-0.047E+00,-0.188E+00,-6.68E+00,-0.02E+00,+6.70E+00,+0.069E+00
2,16/2/2026,19:08:00.487,-0.047E+00,-0.047E+00,-0.047E+00,-0.188E+00,-6.73E+00,+0.11E+00,+6.64E+00,+0.130E+00
2,16/2/2026,19:08:00.487,-0.047E+00,-0.047E+00,-0.047E+00,-0.188E+00,-6.76E+00,+0.24E+00,+6.56E+00,+0.191E+00
2,16/2/2026,19:08:00.487,-0.047E+00,-0.047E+00,-0.047E+00,-0.188E+00,-6.81E+00,+0.35E+00,+6.49E+00,+0.252E+00
2,16/2/2026,19:08:00.487,-0.047E+00,-0.047E+00,-0.047E+00,-0.188E+00,-6.85E+00,+0.47E+00,+6.41E+00,+0.313E+00
2,16/2/2026,19:08:00.487,-0.047E+00,-0.047E+00,-0.047E+00,-0.188E+00,-6.88E+00,+0.60E+00,+6.32E+00,+0.366E+00
2,16/2/2026,19:08:00.487,-0.047E+00,-0.047E+00,-0.047E+00,-0.188E+00,-6.93E+00,+0.72E+00,+6.23E+00,+0.427E+00
2,16/2/2026,19:08:00.487,-0.047E+00,-0.047E+00,-0.047E+00,-0.188E+00,-6.96E+00,+0.84E+00,+6.13E+00,+0.488E+00
2,16/2/2026,19:08:00.487,-0.047E+00,-0.047E+00,-0.047E+00,-0.188E+00,-7.00E+00,+0.96E+00,+6.04E+00,+0.549E+00
2,16/2/2026,19:08:00.487,+0.000E+00,-0.047E+00,+0.000E+00,-0.188E+00,-7.03E+00,+1.08E+00,+5.97E+00,+0.618E+00
2,16/2/2026,19:08:00.487,-0.047E+00,-0.047E+00,+0.000E+00,-0.188E+00,-7.07E+00,+1.22E+00,+5.88E+00,+0.679E+00
2,16/2/2026,19:08:00.487,-0.047E+00,-0.047E+00,-0.047E+00,-0.188E+00,-7.11E+00,+1.34E+00,+5.78E+00,+0.740E+00
2,16/2/2026,19:08:00.487,-0.047E+00,-0.047E+00,-0.047E+00,-0.188E+00,-7.14E+00,+1.46E+00,+5.71E+00,+0.801E+00
2,16/2/2026,19:08:00.487,-0.047E+00,-0.047E+00,+0.000E+00,-0.188E+00,-7.17E+00,+1.59E+00,+5.62E+00,+0.862E+00
2,16/2/2026,19:08:00.487,-0.047E+00,-0.047E+00,+0.000E+00,-0.188E+00,-7.20E+00,+1.71E+00,+5.54E+00,+0.923E+00
2,16/2/2026,19:08:00.487,-0.047E+00,-0.047E+00,-0.047E+00,-0.188E+00,-7.23E+00,+1.83E+00,+5.45E+00,+0.977E+00
2,16/2/2026,19:08:00.487,-0.047E+00,-0.047E+00,-0.047E+00,-0.188E+00,-7.28E+00,+1.95E+00,+5.37E+00,+1.038E+00
2,16/2/2026,19:08:00.487,-0.047E+00,-0.047E+00,-0.047E+00,-0.188E+00,-7.29E+00,+2.06E+00,+5.28E+00,+1.091E+00
2,16/2/2026,19:08:00.487,-0.047E+00,-0.047E+00,+0.000E+00,-0.188E+00,-7.32E+00,+2.18E+00,+5.19E+00,+1.152E+00
2,16/2/2026,19:08:00.487,-0.047E+00,-0.047E+00,+0.000E+00,-0.188E+00,-7.36E+00,+2.30E+00,+5.11E+00,+1.213E+00
2,16/2/2026,19:08:00.488,-0.047E+00,-0.047E+00,-0.047E+00,-0.188E+00,-7.37E+00,+2.43E+00,+5.02E+00,+1.274E+00
2,16/2/2026,19:08:00.488,-0.047E+00,-0.047E+00,-0.047E+00,-0.188E+00,-7.40E+00,+2.53E+00,+4.93E+00,+1.328E+00
2,16/2/2026,19:08:00.488,-0.047E+00,-0.047E+00,-0.047E+00,-0.188E+00,-7.42E+00,+2.66E+00,+4.82E+00,+1.389E+00
2,16/2/2026,19:08:00.488,-0.047E+00,-0.047E+00,-0.047E+00,-0.188E+00,-7.43E+00,+2.78E+00,+4.73E+00,+1.442E+00
2,16/2/2026,19:08:00.488,-0.047E+00,-0.047E+00,-0.047E+00,-0.188E+00,-7.46E+00,+2.88E+00,+4.64E+00,+1.503E+00
2,16/2/2026,19:08:00.488,+0.000E+00,-0.047E+00,+0.000E+00,-0.188E+00,-7.48E+00,+2.99E+00,+4.55E+00,+1.557E+00
2,16/2/2026,19:08:00.488,-0.047E+00,-0.047E+00,-0.047E+00,-0.188E+00,-7.51E+00,+3.11E+00,+4.46E+00,+1.610E+00
2,16/2/2026,19:08:00.488,-0.047E+00,-0.047E+00,-0.047E+00,-0.188E+00,-7.52E+00,+3.22E+00,+4.35E+00,+1.663E+00
2,16/2/2026,19:08:00.488,-0.047E+00,-0.047E+00,+0.000E+00,-0.188E+00,-7.54E+00,+3.33E+00,+4.26E+00,+1.724E+00
2,16/2/2026,19:08:00.488,-0.047E+00,-0.047E+00,-0.047E+00,-0.188E+00,-7.54E+00,+3.43E+00,+4.17E+00,+1.778E+00
2,16/2/2026,19:08:00.488,-0.047E+00,-0.047E+00,-0.047E+00,-0.188E+00,-7.55E+00,+3.54E+00,+4.07E+00,+1.824E+00
2,16/2/2026,19:08:00.488,-0.047E+00,-0.047E+00,-0.047E+00,-0.188E+00,-7.57E+00,+3.65E+00,+3.97E+00,+1.877E+00
2,16/2/2026,19:08:00.488,-0.047E+00,-0.047E+00,-0.047E+00,-0.188E+00,-7.58E+00,+3.75E+00,+3.88E+00,+1.930E+00
2,16/2/2026,19:08:00.488,-0.047E+00,-0.047E+00,-0.047E+00,-0.188E+00,-7.58E+00,+3.85E+00,+3.77E+00,+1.984E+00
2,16/2/2026,19:08:00.488,+0.000E+00,-0.047E+00,-0.047E+00,-0.188E+00,-7.60E+00,+3.95E+00,+3.66E+00,+2.030E+00
2,16/2/2026,19:08:00.488,-0.047E+00,-0.047E+00,-0.047E+00,-0.188E+00,-7.61E+00,+4.06E+00,+3.57E+00,+2.083E+00
2,16/2/2026,19:08:00.488,-0.047E+00,-0.047E+00,-0.047E+00,-0.235E+00,-7.61E+00,+4.17E+00,+3.46E+00,+2.136E+00
2,16/2/2026,19:08:00.488,-0.047E+00,-0.047E+00,-0.047E+00,-0.188E+00,-7.61E+00,+4.27E+00,+3.36E+00,+2.182E+00
2,16/2/2026,19:08:00.488,+0.000E+00,-0.047E+00,-0.047E+00,-0.188E+00,-7.63E+00,+4.36E+00,+3.25E+00,+2.236E+00
2,16/2/2026,19:08:00.488,-0.047E+00,-0.047E+00,-0.047E+00,-0.188E+00,-7.63E+00,+4.47E+00,+3.14E+00,+2.289E+00
2,16/2/2026,19:08:00.489,-0.047E+00,-0.047E+00,-0.047E+00,-0.235E+00,-7.63E+00,+4.56E+00,+3.04E+00,+2.335E+00
2,16/2/2026,19:08:00.489,-0.047E+00,-0.047E+00,-0.047E+00,-0.188E+00,-7.63E+00,+4.67E+00,+2.93E+00,+2.388E+00
2,16/2/2026,19:08:00.489,-0.047E+00,-0.047E+00,+0.000E+00,-0.188E+00,-7.65E+00,+4.76E+00,+2.82E+00,+2.434E+00
2,16/2/2026,19:08:00.489,+0.000E+00,-0.047E+00,+0.000E+00,-0.188E+00,-7.65E+00,+4.87E+00,+2.72E+00,+2.487E+00
2,16/2/2026,19:08:00.489,-0.047E+00,-0.047E+00,-0.047E+00,-0.188E+00,-7.65E+00,+4.96E+00,+2.61E+00,+2.541E+00
2,16/2/2026,19:08:00.489,-0.047E+00,-0.047E+00,-0.047E+00,-0.141E+00,-7.63E+00,+5.07E+00,+2.49E+00,+2.587E+00
2,16/2/2026,19:08:00.489,+0.000E+00,-0.047E+00,-0.047E+00,-0.188E+00,-7.63E+00,+5.16E+00,+2.38E+00,+2.640E+00
2,16/2/2026,19:08:00.489,-0.047E+00,-0.047E+00,-0.047E+00,-0.188E+00,-7.63E+00,+5.26E+00,+2.27E+00,+2.686E+00
2,16/2/2026,19:08:00.489,-0.047E+00,-0.047E+00,-0.047E+00,-0.188E+00,-7.61E+00,+5.34E+00,+2.17E+00,+2.732E+00
2,16/2/2026,19:08:00.489,+0.000E+00,-0.047E+00,-0.047E+00,-0.188E+00,-7.60E+00,+5.43E+00,+2.04E+00,+2.777E+00
2,16/2/2026,19:08:00.489,-0.047E+00,-0.047E+00,-0.047E+00,-0.188E+00,-7.58E+00,+5.52E+00,+1.94E+00,+2.823E+00
2,16/2/2026,19:08:00.489,-0.047E+00,-0.047E+00,-0.047E+00,-0.188E+00,-7.57E+00,+5.62E+00,+1.82E+00,+2.869E+00
2,16/2/2026,19:08:00.489,+0.000E+00,-0.047E+00,-0.047E+00,-0.188E+00,-7.54E+00,+5.69E+00,+1.69E+00,+2.907E+00
2,16/2/2026,19:08:00.489,-0.047E+00,-0.047E+00,-0.047E+00,-0.188E+00,-7.51E+00,+5.77E+00,+1.59E+00,+2.945E+00
2,16/2/2026,19:08:00.489,-0.047E+00,-0.047E+00,-0.047E+00,-0.188E+00,-7.48E+00,+5.84E+00,+1.46E+00,+2.983E+00
2,16/2/2026,19:08:00.489,-0.047E+00,-0.047E+00,-0.047E+00,-0.188E+00,-7.43E+00,+5.92E+00,+1.34E+00,+3.022E+00
2,16/2/2026,19:08:00.489,-0.047E+00,-0.047E+00,-0.047E+00,-0.188E+00,-7.39E+00,+6.00E+00,+1.24E+00,+3.060E+00
2,16/2/2026,19:08:00.489,-0.047E+00,-0.047E+00,+0.000E+00,-0.188E+00,-7.34E+00,+6.07E+00,+1.11E+00,+3.098E+00
2,16/2/2026,19:08:00.489,-0.047E+00,-0.047E+00,+0.000E+00,-0.188E+00,-7.29E+00,+6.13E+00,+0.99E+00,+3.128E+00
2,16/2/2026,19:08:00.489,-0.047E+00,-0.047E+00,-0.047E+00,-0.188E+00,-7.25E+00,+6.20E+00,+0.87E+00,+3.159E+00
2,16/2/2026,19:08:00.490,-0.047E+00,-0.047E+00,-0.047E+00,-0.188E+00,-7.20E+00,+6.27E+00,+0.75E+00,+3.197E+00
2,16/2/2026,19:08:00.490,-0.047E+00,-0.047E+00,+0.000E+00,-0.188E+00,-7.16E+00,+6.33E+00,+0.64E+00,+3.228E+00
2,16/2/2026,19:08:00.490,-0.047E+00,-0.047E+00,-0.047E+00,-0.188E+00,-7.10E+00,+6.39E+00,+0.52E+00,+3.258E+00
2,16/2/2026,19:08:00.490,-0.047E+00,-0.047E+00,-0.047E+00,-0.188E+00,-7.03E+00,+6.46E+00,+0.38E+00,+3.289E+00
2,16/2/2026,19:08:00.490,-0.047E+00,-0.047E+00,+0.000E+00,-0.188E+00,-6.96E+00,+6.52E+00,+0.26E+00,+3.319E+00
2,16/2/2026,19:08:00.490,-0.047E+00,-0.047E+00,+0.000E+00,-0.188E+00,-6.88E+00,+6.58E+00,+0.15E+00,+3.350E+00
2,16/2/2026,19:08:00.490,-0.047E+00,-0.047E+00,+0.000E+00,-0.188E+00,-6.82E+00,+6.64E+00,+0.02E+00,+3.380E+00
2,16/2/2026,19:08:00.490,-0.047E+00,-0.047E+00,+0.000E+00,-0.188E+00,-6.75E+00,+6.70E+00,-0.11E+00,+3.403E+00
2,16/2/2026,19:08:00.490,-0.047E+00,-0.047E+00,-0.047E+00,-0.188E+00,-6.67E+00,+6.75E+00,-0.21E+00,+3.434E+00
2,16/2/2026,19:08:00.490,-0.047E+00,-0.047E+00,-0.047E+00,-0.188E+00,-6.59E+00,+6.81E+00,-0.34E+00,+3.456E+00
2,16/2/2026,19:08:00.490,-0.047E+00,-0.047E+00,-0.047E+00,-0.188E+00,-6.52E+00,+6.85E+00,-0.44E+00,+3.487E+00
2,16/2/2026,19:08:00.490,+0.000E+00,-0.047E+00,-0.047E+00,-0.188E+00,-6.44E+00,+6.90E+00,-0.58E+00,+3.502E+00
2,16/2/2026,19:08:00.490,-0.047E+00,-0.047E+00,-0.047E+00,-0.188E+00,-6.35E+00,+6.94E+00,-0.69E+00,+3.525E+00
2,16/2/2026,19:08:00.490,-0.047E+00,-0.047E+00,+0.000E+00,-0.188E+00,-6.26E+00,+6.99E+00,-0.81E+00,+3.548E+00
2,16/2/2026,19:08:00.490,-0.047E+00,-0.047E+00,-0.047E+00,-0.188E+00,-6.17E+00,+7.02E+00,-0.93E+00,+3.563E+00
2,16/2/2026,19:08:00.490,-0.047E+00,-0.047E+00,-0.047E+00,-0.188E+00,-6.07E+00,+7.07E+00,-1.07E+00,+3.586E+00
2,16/2/2026,19:08:00.490,+0.000E+00,-0.047E+00,-0.047E+00,-0.188E+00,-6.00E+00,+7.10E+00,-1.19E+00,+3.601E+00
2,16/2/2026,19:08:00.490,-0.047E+00,+0.000E+00,-0.047E+00,-0.188E+00,-5.91E+00,+7.13E+00,-1.31E+00,+3.617E+00
2,16/2/2026,19:08:00.490,-0.047E+00,-0.047E+00,+0.000E+00,-0.188E+00,-5.83E+00,+7.16E+00,-1.43E+00,+3.632E+00
2,16/2/2026,19:08:00.490,-0.047E+00,-0.047E+00,-0.047E+00,-0.188E+00,-5.74E+00,+7.19E+00,-1.57E+00,+3.640E+00
2,16/2/2026,19:08:00.491,-0.047E+00,-0.047E+00,-0.047E+00,-0.188E+00,-5.65E+00,+7.22E+00,-1.68E+00,+3.655E+00
2,16/2/2026,19:08:00.491,-0.047E+00,-0.047E+00,-0.047E+00,-0.188E+00,-5.57E+00,+7.25E+00,-1.80E+00,+3.670E+00
2,16/2/2026,19:08:00.491,+0.000E+00,-0.047E+00,-0.047E+00,-0.188E+00,-5.48E+00,+7.28E+00,-1.92E+00,+3.685E+00
2,16/2/2026,19:08:00.491,-0.047E+00,-0.047E+00,-0.047E+00,-0.188E+00,-5.39E+00,+7.29E+00,-2.04E+00,+3.701E+00
2,16/2/2026,19:08:00.491,-0.047E+00,-0.047E+00,-0.047E+00,-0.188E+00,-5.30E+00,+7.32E+00,-2.15E+00,+3.708E+00
2,16/2/2026,19:08:00.491,-0.047E+00,-0.047E+00,-0.047E+00,-0.188E+00,-5.20E+00,+7.34E+00,-2.27E+00,+3.723E+00
2,16/2/2026,19:08:00.491,-0.047E+00,-0.047E+00,-0.047E+00,-0.188E+00,-5.13E+00,+7.37E+00,-2.40E+00,+3.731E+00
2,16/2/2026,19:08:00.491,-0.047E+00,-0.047E+00,-0.047E+00,-0.188E+00,-5.04E+00,+7.40E+00,-2.52E+00,+3.739E+00
2,16/2/2026,19:08:00.491,-0.047E+00,-0.047E+00,-0.047E+00,-0.188E+00,-4.94E+00,+7.42E+00,-2.62E+00,+3.754E+00
2,16/2/2026,19:08:00.491,+0.000E+00,-0.047E+00,-0.047E+00,-0.188E+00,-4.84E+00,+7.43E+00,-2.75E+00,+3.762E+00
2,16/2/2026,19:08:00.491,-0.047E+00,-0.047E+00,-0.047E+00,-0.188E+00,-4.76E+00,+7.46E+00,-2.85E+00,+3.777E+00
2,16/2/2026,19:08:00.491,-0.047E+00,-0.047E+00,+0.000E+00,-0.188E+00,-4.65E+00,+7.48E+00,-2.96E+00,+3.785E+00
2,16/2/2026,19:08:00.491,-0.047E+00,-0.047E+00,+0.000E+00,-0.188E+00,-4.56E+00,+7.49E+00,-3.07E+00,+3.785E+00
2,16/2/2026,19:08:00.491,-0.047E+00,-0.047E+00,-0.047E+00,-0.188E+00,-4.47E+00,+7.51E+00,-3.17E+00,+3.792E+00
2,16/2/2026,19:08:00.491,-0.047E+00,-0.047E+00,-0.047E+00,-0.188E+00,-4.38E+00,+7.52E+00,-3.28E+00,+3.800E+00
2,16/2/2026,19:08:00.491,-0.047E+00,-0.047E+00,-0.047E+00,-0.188E+00,-4.29E+00,+7.54E+00,-3.39E+00,+3.807E+00
2,16/2/2026,19:08:00.491,-0.047E+00,-0.047E+00,-0.047E+00,-0.188E+00,-4.20E+00,+7.55E+00,-3.51E+00,+3.815E+00
2,16/2/2026,19:08:00.491,-0.047E+00,-0.047E+00,-0.047E+00,-0.188E+00,-4.10E+00,+7.57E+00,-3.62E+00,+3.815E+00
2,16/2/2026,19:08:00.491,-0.047E+00,-0.047E+00,+0.000E+00,-0.188E+00,-4.00E+00,+7.57E+00,-3.71E+00,+3.823E+00
2,16/2/2026,19:08:00.491,-0.047E+00,-0.047E+00,+0.000E+00,-0.188E+00,-3.91E+00,+7.58E+00,-3.82E+00,+3.823E+00
2,16/2/2026,19:08:00.492,-0.047E+00,-0.047E+00,-0.047E+00,-0.188E+00,-3.82E+00,+7.58E+00,-3.91E+00,+3.830E+00
2,16/2/2026,19:08:00.492,+0.000E+00,-0.047E+00,-0.047E+00,-0.188E+00,-3.71E+00,+7.60E+00,-4.01E+00,+3.830E+00
2,16/2/2026,19:08:00.492,-0.047E+00,-0.047E+00,+0.000E+00,-0.188E+00,-3.62E+00,+7.60E+00,-4.12E+00,+3.838E+00
2,16/2/2026,19:08:00.492,-0.047E+00,-0.047E+00,+0.000E+00,-0.188E+00,-3.51E+00,+7.61E+00,-4.23E+00,+3.838E+00
2,16/2/2026,19:08:00.492,-0.047E+00,-0.047E+00,-0.047E+00,-0.188E+00,-3.39E+00,+7.61E+00,-4.33E+00,+3.838E+00
2,16/2/2026,19:08:00.492,-0.047E+00,-0.047E+00,-0.047E+00,-0.188E+00,-3.30E+00,+7.61E+00,-4.43E+00,+3.838E+00
2,16/2/2026,19:08:00.492,-0.047E+00,-0.047E+00,-0.047E+00,-0.188E+00,-3.19E+00,+7.63E+00,-4.53E+00,+3.838E+00
2,16/2/2026,19:08:00.492,+0.000E+00,-0.047E+00,-0.047E+00,-0.188E+00,-3.08E+00,+7.63E+00,-4.62E+00,+3.838E+00
2,16/2/2026,19:08:00.492,-0.047E+00,-0.047E+00,+0.000E+00,-0.188E+00,-2.98E+00,+7.63E+00,-4.73E+00,+3.838E+00
2,16/2/2026,19:08:00.492,-0.047E+00,-0.047E+00,-0.047E+00,-0.188E+00,-2.87E+00,+7.63E+00,-4.82E+00,+3.838E+00
2,16/2/2026,19:08:00.492,-0.047E+00,-0.047E+00,+0.000E+00,-0.188E+00,-2.75E+00,+7.63E+00,-4.91E+00,+3.838E+00
2,16/2/2026,19:08:00.492,-0.047E+00,-0.047E+00,-0.047E+00,-0.188E+00,-2.64E+00,+7.63E+00,-5.02E+00,+3.838E+00
2,16/2/2026,19:08:00.492,-0.047E+00,-0.047E+00,-0.047E+00,-0.188E+00,-2.53E+00,+7.63E+00,-5.11E+00,+3.830E+00
2,16/2/2026,19:08:00.492,-0.047E+00,-0.047E+00,-0.047E+00,-0.188E+00,-2.43E+00,+7.63E+00,-5.22E+00,+3.830E+00
2,16/2/2026,19:08:00.492,-0.047E+00,-0.047E+00,+0.000E+00,-0.188E+00,-2.32E+00,+7.61E+00,-5.31E+00,+3.823E+00
2,16/2/2026,19:08:00.492,-0.047E+00,-0.047E+00,-0.047E+00,-0.188E+00,-2.20E+00,+7.60E+00,-5.40E+00,+3.815E+00
2,16/2/2026,19:08:00.492,-0.047E+00,+0.000E+00,-0.047E+00,-0.188E+00,-2.09E+00,+7.60E+00,-5.49E+00,+3.807E+00
2,16/2/2026,19:08:00.492,-0.047E+00,-0.047E+00,-0.047E+00,-0.188E+00,-1.97E+00,+7.57E+00,-5.57E+00,+3.792E+00
2,16/2/2026,19:08:00.492,-0.047E+00,-0.047E+00,-0.047E+00,-0.188E+00,-1.86E+00,+7.54E+00,-5.66E+00,+3.777E+00
2,16/2/2026,19:08:00.492,-0.047E+00,-0.047E+00,-0.047E+00,-0.188E+00,-1.75E+00,+7.51E+00,-5.74E+00,+3.754E+00
2,16/2/2026,19:08:00.493,-0.047E+00,-0.047E+00,-0.047E+00,-0.188E+00,-1.63E+00,+7.46E+00,-5.81E+00,+3.731E+00
2,16/2/2026,19:08:00.493,-0.047E+00,-0.047E+00,-0.047E+00,-0.188E+00,-1.51E+00,+7.42E+00,-5.89E+00,+3.708E+00
2,16/2/2026,19:08:00.493,-0.047E+00,-0.047E+00,-0.047E+00,-0.235E+00,-1.40E+00,+7.36E+00,-5.97E+00,+3.685E+00
2,16/2/2026,19:08:00.493,+0.000E+00,-0.047E+00,+0.000E+00,-0.188E+00,-1.28E+00,+7.29E+00,-6.04E+00,+3.647E+00
2,16/2/2026,19:08:00.493,+0.000E+00,-0.047E+00,+0.000E+00,-0.188E+00,-1.16E+00,+7.26E+00,-6.10E+00,+3.624E+00
2,16/2/2026,19:08:00.493,-0.047E+00,-0.047E+00,+0.000E+00,-0.188E+00,-1.02E+00,+7.20E+00,-6.17E+00,+3.601E+00
2,16/2/2026,19:08:00.493,-0.047E+00,-0.047E+00,+0.000E+00,-0.188E+00,-0.90E+00,+7.16E+00,-6.24E+00,+3.579E+00
2,16/2/2026,19:08:00.493,-0.047E+00,-0.047E+00,+0.000E+00,-0.188E+00,-0.78E+00,+7.10E+00,-6.30E+00,+3.548E+00
2,16/2/2026,19:08:00.493,-0.047E+00,-0.047E+00,-0.047E+00,-0.141E+00,-0.66E+00,+7.03E+00,-6.35E+00,+3.517E+00
2,16/2/2026,19:08:00.493,-0.047E+00,-0.047E+00,+0.000E+00,-0.188E+00,-0.53E+00,+6.97E+00,-6.41E+00,+3.479E+00
2,16/2/2026,19:08:00.493,-0.047E+00,-0.047E+00,+0.000E+00,-0.188E+00,-0.40E+00,+6.90E+00,-6.47E+00,+3.441E+00
2,16/2/2026,19:08:00.493,-0.047E+00,-0.047E+00,+0.000E+00,-0.188E+00,-0.27E+00,+6.82E+00,-6.52E+00,+3.403E+00
2,16/2/2026,19:08:00.493,-0.047E+00,+0.000E+00,-0.047E+00,-0.188E+00,-0.15E+00,+6.75E+00,-6.58E+00,+3.365E+00
2,16/2/2026,19:08:00.493,-0.047E+00,-0.047E+00,-0.047E+00,-0.188E+00,-0.02E+00,+6.67E+00,-6.62E+00,+3.319E+00
2,16/2/2026,19:08:00.493,-0.047E+00,-0.047E+00,-0.047E+00,-0.188E+00,+0.09E+00,+6.58E+00,-6.67E+00,+3.281E+00
2,16/2/2026,19:08:00.493,+0.000E+00,-0.047E+00,-0.047E+00,-0.188E+00,+0.21E+00,+6.50E+00,-6.73E+00,+3.235E+00
2,16/2/2026,19:08:00.493,-0.047E+00,-0.047E+00,+0.000E+00,-0.188E+00,+0.34E+00,+6.41E+00,-6.78E+00,+3.197E+00
2,16/2/2026,19:08:00.493,-0.047E+00,-0.047E+00,+0.000E+00,-0.188E+00,+0.46E+00,+6.33E+00,-6.82E+00,+3.151E+00
2,16/2/2026,19:08:00.493,-0.047E+00,-0.047E+00,-0.047E+00,-0.188E+00,+0.58E+00,+6.24E+00,-6.88E+00,+3.113E+00
2,16/2/2026,19:08:00.493,-0.047E+00,-0.047E+00,-0.047E+00,-0.188E+00,+0.70E+00,+6.15E+00,-6.93E+00,+3.067E+00
2,16/2/2026,19:08:00.494,-0.047E+00,-0.047E+00,+0.000E+00,-0.188E+00,+0.82E+00,+6.07E+00,-6.96E+00,+3.022E+00
2,16/2/2026,19:08:00.494,-0.047E+00,-0.047E+00,-0.047E+00,-0.188E+00,+0.95E+00,+5.98E+00,-7.00E+00,+2.983E+00
2,16/2/2026,19:08:00.494,-0.047E+00,-0.047E+00,-0.047E+00,-0.188E+00,+1.07E+00,+5.91E+00,-7.05E+00,+2.938E+00
2,16/2/2026,19:08:00.494,-0.047E+00,-0.047E+00,-0.047E+00,-0.188E+00,+1.19E+00,+5.81E+00,-7.08E+00,+2.892E+00
2,16/2/2026,19:08:00.494,-0.047E+00,-0.047E+00,+0.000E+00,-0.188E+00,+1.31E+00,+5.72E+00,-7.11E+00,+2.854E+00
2,16/2/2026,19:08:00.494,-0.047E+00,-0.047E+00,-0.047E+00,-0.188E+00,+1.43E+00,+5.63E+00,-7.14E+00,+2.808E+00
2,16/2/2026,19:08:00.494,-0.047E+00,-0.047E+00,-0.047E+00,-0.188E+00,+1.56E+00,+5.55E+00,-7.19E+00,+2.762E+00
2,16/2/2026,19:08:00.494,-0.047E+00,-0.047E+00,+0.000E+00,-0.188E+00,+1.66E+00,+5.46E+00,-7.22E+00,+2.724E+00
2,16/2/2026,19:08:00.494,-0.047E+00,-0.047E+00,+0.000E+00,-0.188E+00,+1.79E+00,+5.39E+00,-7.25E+00,+2.678E+00
2,16/2/2026,19:08:00.494,-0.047E+00,-0.047E+00,-0.047E+00,-0.188E+00,+1.91E+00,+5.30E+00,-7.26E+00,+2.640E+00
2,16/2/2026,19:08:00.494,-0.047E+00,-0.047E+00,-0.047E+00,-0.188E+00,+2.01E+00,+5.20E+00,-7.29E+00,+2.594E+00
2,16/2/2026,19:08:00.494,-0.047E+00,-0.047E+00,-0.047E+00,-0.188E+00,+2.14E+00,+5.13E+00,-7.32E+00,+2.548E+00
2,16/2/2026,19:08:00.494,-0.047E+00,-0.047E+00,-0.047E+00,-0.188E+00,+2.24E+00,+5.02E+00,-7.34E+00,+2.503E+00
2,16/2/2026,19:08:00.494,-0.047E+00,-0.047E+00,-0.047E+00,-0.188E+00,+2.37E+00,+4.93E+00,-7.37E+00,+2.457E+00
2,16/2/2026,19:08:00.494,-0.047E+00,-0.047E+00,+0.000E+00,-0.188E+00,+2.47E+00,+4.85E+00,-7.40E+00,+2.411E+00
2,16/2/2026,19:08:00.494,+0.000E+00,-0.047E+00,-0.047E+00,-0.188E+00,+2.59E+00,+4.76E+00,-7.42E+00,+2.365E+00
2,16/2/2026,19:08:00.494,-0.047E+00,-0.047E+00,+0.000E+00,-0.188E+00,+2.70E+00,+4.67E+00,-7.45E+00,+2.327E+00
2,16/2/2026,19:08:00.494,-0.047E+00,-0.047E+00,+0.000E+00,-0.188E+00,+2.81E+00,+4.58E+00,-7.46E+00,+2.281E+00
2,16/2/2026,19:08:00.494,-0.047E+00,-0.047E+00,-0.047E+00,-0.188E+00,+2.91E+00,+4.49E+00,-7.48E+00,+2.236E+00
2,16/2/2026,19:08:00.494,-0.047E+00,-0.047E+00,-0.047E+00,-0.188E+00,+3.02E+00,+4.39E+00,-7.49E+00,+2.182E+00
2,16/2/2026,19:08:00.495,+0.000E+00,-0.047E+00,-0.047E+00,-0.188E+00,+3.14E+00,+4.29E+00,-7.51E+00,+2.136E+00
2,16/2/2026,19:08:00.495,+0.000E+00,-0.047E+00,-0.047E+00,-0.188E+00,+3.25E+00,+4.20E+00,-7.52E+00,+2.083E+00
2,16/2/2026,19:08:00.495,+0.000E+00,-0.047E+00,-0.047E+00,-0.188E+00,+3.36E+00,+4.09E+00,-7.54E+00,+2.037E+00
2,16/2/2026,19:08:00.495,-0.047E+00,-0.047E+00,-0.047E+00,-0.188E+00,+3.46E+00,+4.00E+00,-7.55E+00,+1.984E+00
2,16/2/2026,19:08:00.495,-0.047E+00,-0.047E+00,-0.047E+00,-0.188E+00,+3.57E+00,+3.89E+00,-7.55E+00,+1.938E+00
2,16/2/2026,19:08:00.495,-0.047E+00,-0.047E+00,+0.000E+00,-0.188E+00,+3.68E+00,+3.78E+00,-7.57E+00,+1.885E+00
2,16/2/2026,19:08:00.495,-0.047E+00,-0.047E+00,-0.047E+00,-0.188E+00,+3.78E+00,+3.69E+00,-7.58E+00,+1.839E+00
2,16/2/2026,19:08:00.495,-0.047E+00,-0.047E+00,-0.047E+00,-0.188E+00,+3.88E+00,+3.59E+00,-7.60E+00,+1.785E+00
2,16/2/2026,19:08:00.495,-0.047E+00,-0.047E+00,-0.047E+00,-0.188E+00,+3.98E+00,+3.48E+00,-7.60E+00,+1.740E+00
2,16/2/2026,19:08:00.495,-0.047E+00,-0.047E+00,+0.000E+00,-0.188E+00,+4.09E+00,+3.39E+00,-7.60E+00,+1.686E+00
2,16/2/2026,19:08:00.495,-0.047E+00,-0.047E+00,+0.000E+00,-0.188E+00,+4.18E+00,+3.28E+00,-7.61E+00,+1.633E+00
2,16/2/2026,19:08:00.495,-0.047E+00,-0.047E+00,-0.047E+00,-0.188E+00,+4.29E+00,+3.17E+00,-7.61E+00,+1.579E+00
2,16/2/2026,19:08:00.495,-0.047E+00,-0.047E+00,-0.047E+00,-0.188E+00,+4.39E+00,+3.07E+00,-7.63E+00,+1.526E+00
2,16/2/2026,19:08:00.495,-0.047E+00,-0.047E+00,-0.047E+00,-0.188E+00,+4.50E+00,+2.95E+00,-7.63E+00,+1.473E+00
2,16/2/2026,19:08:00.495,-0.047E+00,+0.000E+00,-0.047E+00,-0.188E+00,+4.61E+00,+2.84E+00,-7.63E+00,+1.419E+00
2,16/2/2026,19:08:00.495,-0.047E+00,-0.047E+00,-0.047E+00,-0.188E+00,+4.70E+00,+2.73E+00,-7.65E+00,+1.366E+00
2,16/2/2026,19:08:00.495,-0.047E+00,-0.047E+00,-0.047E+00,-0.188E+00,+4.81E+00,+2.61E+00,-7.65E+00,+1.305E+00
2,16/2/2026,19:08:00.495,-0.047E+00,-0.047E+00,-0.047E+00,-0.188E+00,+4.91E+00,+2.50E+00,-7.65E+00,+1.251E+00
2,16/2/2026,19:08:00.495,-0.047E+00,-0.047E+00,-0.047E+00,-0.188E+00,+5.01E+00,+2.38E+00,-7.66E+00,+1.198E+00
2,16/2/2026,19:08:00.495,-0.047E+00,-0.047E+00,-0.047E+00,-0.188E+00,+5.11E+00,+2.27E+00,-7.65E+00,+1.145E+00
2,16/2/2026,19:08:00.496,+0.000E+00,-0.047E+00,+0.000E+00,-0.188E+00,+5.20E+00,+2.17E+00,-7.65E+00,+1.083E+00
2,16/2/2026,19:08:00.496,-0.047E+00,-0.047E+00,+0.000E+00,-0.188E+00,+5.31E+00,+2.04E+00,-7.65E+00,+1.030E+00
2,16/2/2026,19:08:00.496,-0.047E+00,-0.047E+00,-0.047E+00,-0.188E+00,+5.40E+00,+1.92E+00,-7.65E+00,+0.977E+00
2,16/2/2026,19:08:00.496,+0.000E+00,-0.047E+00,-0.047E+00,-0.188E+00,+5.49E+00,+1.82E+00,-7.63E+00,+0.923E+00
2,16/2/2026,19:08:00.496,+0.000E+00,-0.047E+00,+0.000E+00,-0.188E+00,+5.59E+00,+1.69E+00,-7.63E+00,+0.862E+00
2,16/2/2026,19:08:00.496,-0.047E+00,-0.047E+00,+0.000E+00,-0.188E+00,+5.66E+00,+1.57E+00,-7.61E+00,+0.801E+00
2,16/2/2026,19:08:00.496,-0.047E+00,-0.047E+00,-0.047E+00,-0.188E+00,+5.74E+00,+1.45E+00,-7.58E+00,+0.748E+00
2,16/2/2026,19:08:00.496,-0.047E+00,-0.047E+00,-0.047E+00,-0.188E+00,+5.83E+00,+1.34E+00,-7.55E+00,+0.687E+00
2,16/2/2026,19:08:00.496,-0.047E+00,-0.047E+00,-0.047E+00,-0.188E+00,+5.89E+00,+1.22E+00,-7.51E+00,+0.633E+00
2,16/2/2026,19:08:00.496,-0.047E+00,-0.047E+00,-0.047E+00,-0.188E+00,+5.97E+00,+1.10E+00,-7.46E+00,+0.572E+00
2,16/2/2026,19:08:00.496,-0.047E+00,-0.047E+00,+0.000E+00,-0.188E+00,+6.04E+00,+0.98E+00,-7.40E+00,+0.511E+00
2,16/2/2026,19:08:00.496,-0.047E+00,-0.047E+00,-0.047E+00,-0.188E+00,+6.12E+00,+0.85E+00,-7.36E+00,+0.450E+00
2,16/2/2026,19:08:00.496,-0.047E+00,-0.047E+00,-0.047E+00,-0.188E+00,+6.20E+00,+0.73E+00,-7.29E+00,+0.389E+00
2,16/2/2026,19:08:00.496,-0.047E+00,-0.047E+00,+0.000E+00,-0.188E+00,+6.24E+00,+0.61E+00,-7.23E+00,+0.336E+00
2,16/2/2026,19:08:00.496,-0.047E+00,-0.047E+00,-0.047E+00,-0.188E+00,+6.30E+00,+0.50E+00,-7.17E+00,+0.275E+00
2,16/2/2026,19:08:00.496,-0.047E+00,-0.047E+00,-0.047E+00,-0.188E+00,+6.38E+00,+0.38E+00,-7.11E+00,+0.214E+00
2,16/2/2026,19:08:00.496,-0.047E+00,-0.047E+00,+0.000E+00,-0.188E+00,+6.44E+00,+0.27E+00,-7.05E+00,+0.160E+00
2,16/2/2026,19:08:00.496,-0.047E+00,-0.047E+00,+0.000E+00,-0.188E+00,+6.50E+00,+0.15E+00,-7.00E+00,+0.099E+00
2,16/2/2026,19:08:00.496,-0.047E+00,-0.047E+00,+0.000E+00,-0.188E+00,+6.55E+00,+0.03E+00,-6.93E+00,+0.038E+00
2,16/2/2026,19:08:00.496,-0.047E+00,-0.047E+00,+0.000E+00,-0.188E+00,+6.61E+00,-0.09E+00,-6.87E+00,-0.015E+00
2,16/2/2026,19:08:00.497,-0.047E+00,-0.047E+00,-0.047E+00,-0.188E+00,+6.65E+00,-0.21E+00,-6.81E+00,-0.076E+00
2,16/2/2026,19:08:00.497,-0.047E+00,-0.047E+00,+0.000E+00,-0.188E+00,+6.70E+00,-0.34E+00,-6.73E+00,-0.137E+00
2,16/2/2026,19:08:00.497,-0.047E+00,-0.047E+00,+0.000E+00,-0.188E+00,+6.75E+00,-0.46E+00,-6.65E+00,-0.198E+00
2,16/2/2026,19:08:00.497,-0.047E+00,-0.047E+00,+0.000E+00,-0.188E+00,+6.78E+00,-0.58E+00,-6.58E+00,-0.259E+00
2,16/2/2026,19:08:00.497,-0.047E+00,-0.047E+00,+0.000E+00,-0.188E+00,+6.82E+00,-0.70E+00,-6.50E+00,-0.320E+00
2,16/2/2026,19:08:00.497,+0.000E+00,-0.047E+00,-0.047E+00,-0.188E+00,+6.85E+00,-0.82E+00,-6.41E+00,-0.374E+00
2,16/2/2026,19:08:00.497,-0.047E+00,-0.047E+00,-0.047E+00,-0.188E+00,+6.90E+00,-0.95E+00,-6.32E+00,-0.443E+00
2,16/2/2026,19:08:00.497,-0.047E+00,-0.047E+00,-0.047E+00,-0.188E+00,+6.93E+00,-1.07E+00,-6.23E+00,-0.504E+00
2,16/2/2026,19:08:00.497,+0.000E+00,-0.047E+00,-0.047E+00,-0.188E+00,+6.97E+00,-1.19E+00,-6.13E+00,-0.557E+00
2,16/2/2026,19:08:00.497,-0.047E+00,-0.047E+00,-0.047E+00,-0.188E+00,+7.00E+00,-1.31E+00,-6.06E+00,-0.618E+00
2,16/2/2026,19:08:00.497,-0.047E+00,-0.047E+00,-0.047E+00,-0.188E+00,+7.03E+00,-1.43E+00,-5.97E+00,-0.687E+00
2,16/2/2026,19:08:00.497,+0.000E+00,-0.047E+00,-0.047E+00,-0.188E+00,+7.08E+00,-1.56E+00,-5.89E+00,-0.748E+00
2,16/2/2026,19:08:00.497,-0.047E+00,-0.047E+00,-0.047E+00,-0.188E+00,+7.11E+00,-1.68E+00,-5.80E+00,-0.801E+00
2,16/2/2026,19:08:00.497,-0.047E+00,-0.047E+00,-0.047E+00,-0.188E+00,+7.14E+00,-1.80E+00,-5.71E+00,-0.870E+00
2,16/2/2026,19:08:00.497,-0.047E+00,-0.047E+00,+0.000E+00,-0.188E+00,+7.17E+00,-1.92E+00,-5.63E+00,-0.923E+00
2,16/2/2026,19:08:00.497,-0.047E+00,-0.047E+00,-0.047E+00,-0.188E+00,+7.20E+00,-2.04E+00,-5.54E+00,-0.984E+00
2,16/2/2026,19:08:00.497,-0.047E+00,-0.047E+00,-0.047E+00,-0.188E+00,+7.23E+00,-2.17E+00,-5.46E+00,-1.045E+00
2,16/2/2026,19:08:00.497,-0.047E+00,-0.047E+00,-0.047E+00,-0.188E+00,+7.26E+00,-2.29E+00,-5.37E+00,-1.106E+00
2,16/2/2026,19:08:00.497,-0.047E+00,-0.047E+00,-0.047E+00,-0.188E+00,+7.29E+00,-2.41E+00,-5.28E+00,-1.160E+00
2,16/2/2026,19:08:00.497,-0.047E+00,-0.047E+00,-0.047E+00,-0.188E+00,+7.32E+00,-2.52E+00,-5.19E+00,-1.221E+00
2,16/2/2026,19:08:00.498,-0.047E+00,-0.047E+00,-0.047E+00,-0.188E+00,+7.34E+00,-2.64E+00,-5.11E+00,-1.282E+00
2,16/2/2026,19:08:00.498,-0.047E+00,-0.047E+00,+0.000E+00,-0.188E+00,+7.37E+00,-2.76E+00,-5.02E+00,-1.335E+00
2,16/2/2026,19:08:00.498,+0.000E+00,-0.047E+00,+0.000E+00,-0.188E+00,+7.40E+00,-2.87E+00,-4.93E+00,-1.396E+00
2,16/2/2026,19:08:00.498,+0.000E+00,-0.047E+00,-0.047E+00,-0.188E+00,+7.42E+00,-2.99E+00,-4.82E+00,-1.450E+00
2,16/2/2026,19:08:00.498,-0.047E+00,-0.047E+00,-0.047E+00,-0.188E+00,+7.43E+00,-3.10E+00,-4.73E+00,-1.503E+00
2,16/2/2026,19:08:00.498,-0.047E+00,-0.047E+00,+0.000E+00,-0.188E+00,+7.45E+00,-3.20E+00,-4.64E+00,-1.564E+00
2,16/2/2026,19:08:00.498,+0.000E+00,-0.047E+00,-0.047E+00,-0.188E+00,+7.48E+00,-3.33E+00,-4.55E+00,-1.618E+00
2,16/2/2026,19:08:00.498,-0.047E+00,-0.047E+00,-0.047E+00,-0.188E+00,+7.49E+00,-3.43E+00,-4.46E+00,-1.671E+00
2,16/2/2026,19:08:00.498,-0.047E+00,-0.047E+00,-0.047E+00,-0.188E+00,+7.51E+00,-3.54E+00,-4.35E+00,-1.724E+00
2,16/2/2026,19:08:00.498,+0.000E+00,-0.047E+00,-0.047E+00,-0.188E+00,+7.52E+00,-3.65E+00,-4.26E+00,-1.778E+00
2,16/2/2026,19:08:00.498,-0.047E+00,-0.047E+00,-0.047E+00,-0.188E+00,+7.54E+00,-3.75E+00,-4.17E+00,-1.831E+00
2,16/2/2026,19:08:00.498,-0.047E+00,-0.047E+00,-0.047E+00,-0.188E+00,+7.54E+00,-3.86E+00,-4.06E+00,-1.885E+00
2,16/2/2026,19:08:00.498,-0.047E+00,-0.047E+00,-0.047E+00,-0.188E+00,+7.55E+00,-3.97E+00,-3.97E+00,-1.938E+00
2,16/2/2026,19:08:00.498,-0.047E+00,-0.047E+00,-0.047E+00,-0.188E+00,+7.57E+00,-4.07E+00,-3.86E+00,-1.984E+00
2,16/2/2026,19:08:00.498,-0.047E+00,-0.047E+00,+0.000E+00,-0.188E+00,+7.57E+00,-4.18E+00,-3.75E+00,-2.045E+00
2,16/2/2026,19:08:00.498,-0.047E+00,-0.047E+00,+0.000E+00,-0.188E+00,+7.58E+00,-4.27E+00,-3.66E+00,-2.091E+00
2,16/2/2026,19:08:00.498,-0.047E+00,-0.047E+00,-0.047E+00,-0.188E+00,+7.58E+00,-4.38E+00,-3.56E+00,-2.136E+00
2,16/2/2026,19:08:00.498,-0.047E+00,-0.047E+00,-0.047E+00,-0.188E+00,+7.60E+00,-4.47E+00,-3.45E+00,-2.190E+00
2,16/2/2026,19:08:00.498,-0.047E+00,-0.047E+00,+0.000E+00,-0.188E+00,+7.60E+00,-4.58E+00,-3.34E+00,-2.243E+00
2,16/2/2026,19:08:00.498,-0.047E+00,-0.047E+00,-0.047E+00,-0.188E+00,+7.60E+00,-4.67E+00,-3.24E+00,-2.289E+00
2,16/2/2026,19:08:00.499,-0.047E+00,-0.047E+00,-0.047E+00,-0.188E+00,+7.60E+00,-4.78E+00,-3.13E+00,-2.342E+00
2,16/2/2026,19:08:00.499,+0.000E+00,-0.047E+00,+0.000E+00,-0.188E+00,+7.60E+00,-4.88E+00,-3.02E+00,-2.396E+00
2,16/2/2026,19:08:00.499,-0.047E+00,-0.047E+00,+0.000E+00,-0.188E+00,+7.61E+00,-4.97E+00,-2.91E+00,-2.442E+00
2,16/2/2026,19:08:00.499,+0.000E+00,-0.047E+00,-0.047E+00,-0.188E+00,+7.61E+00,-5.08E+00,-2.81E+00,-2.495E+00
2,16/2/2026,19:08:00.499,+0.000E+00,-0.047E+00,-0.047E+00,-0.188E+00,+7.61E+00,-5.17E+00,-2.69E+00,-2.541E+00
2,16/2/2026,19:08:00.499,-0.047E+00,-0.047E+00,-0.047E+00,-0.188E+00,+7.61E+00,-5.28E+00,-2.58E+00,-2.594E+00
2,16/2/2026,19:08:00.499,-0.047E+00,-0.047E+00,+0.000E+00,-0.188E+00,+7.60E+00,-5.37E+00,-2.46E+00,-2.648E+00
2,16/2/2026,19:08:00.499,-0.047E+00,-0.047E+00,+0.000E+00,-0.188E+00,+7.58E+00,-5.46E+00,-2.35E+00,-2.693E+00
2,16/2/2026,19:08:00.499,-0.047E+00,-0.047E+00,-0.047E+00,-0.188E+00,+7.58E+00,-5.57E+00,-2.24E+00,-2.739E+00
2,16/2/2026,19:08:00.499,-0.047E+00,-0.047E+00,-0.047E+00,-0.188E+00,+7.57E+00,-5.66E+00,-2.14E+00,-2.793E+00
2,16/2/2026,19:08:00.499,+0.000E+00,-0.047E+00,-0.047E+00,-0.188E+00,+7.55E+00,-5.74E+00,-2.01E+00,-2.838E+00
2,16/2/2026,19:08:00.499,-0.047E+00,-0.047E+00,-0.047E+00,-0.188E+00,+7.52E+00,-5.83E+00,-1.91E+00,-2.877E+00
2,16/2/2026,19:08:00.499,-0.047E+00,-0.047E+00,-0.047E+00,-0.188E+00,+7.51E+00,-5.92E+00,-1.79E+00,-2.915E+00
2,16/2/2026,19:08:00.499,-0.047E+00,-0.047E+00,-0.047E+00,-0.188E+00,+7.48E+00,-6.00E+00,-1.68E+00,-2.953E+00
2,16/2/2026,19:08:00.499,-0.047E+00,-0.047E+00,-0.047E+00,-0.188E+00,+7.43E+00,-6.07E+00,-1.56E+00,-2.991E+00
2,16/2/2026,19:08:00.499,-0.047E+00,-0.047E+00,-0.047E+00,-0.188E+00,+7.40E+00,-6.13E+00,-1.43E+00,-3.029E+00
2,16/2/2026,19:08:00.499,-0.047E+00,-0.047E+00,-0.047E+00,-0.188E+00,+7.36E+00,-6.21E+00,-1.31E+00,-3.067E+00
2,16/2/2026,19:08:00.499,-0.047E+00,-0.047E+00,+0.000E+00,-0.188E+00,+7.31E+00,-6.29E+00,-1.19E+00,-3.105E+00
2,16/2/2026,19:08:00.499,-0.047E+00,-0.047E+00,+0.000E+00,-0.188E+00,+7.26E+00,-6.35E+00,-1.07E+00,-3.136E+00
2,16/2/2026,19:08:00.499,+0.000E+00,-0.047E+00,-0.047E+00,-0.188E+00,+7.22E+00,-6.42E+00,-0.95E+00,-3.174E+00
2,16/2/2026,19:08:00.500,-0.047E+00,-0.047E+00,-0.047E+00,-0.188E+00,+7.17E+00,-6.49E+00,-0.82E+00,-3.205E+00
2,16/2/2026,19:08:00.500,-0.047E+00,-0.047E+00,-0.047E+00,-0.188E+00,+7.11E+00,-6.55E+00,-0.72E+00,-3.235E+00
2,16/2/2026,19:08:00.500,-0.047E+00,-0.047E+00,-0.047E+00,-0.235E+00,+7.05E+00,-6.61E+00,-0.58E+00,-3.266E+00
2,16/2/2026,19:08:00.500,-0.047E+00,-0.047E+00,-0.047E+00,-0.188E+00,+6.99E+00,-6.67E+00,-0.46E+00,-3.296E+00
2,16/2/2026,19:08:00.500,-0.047E+00,-0.047E+00,-0.047E+00,-0.188E+00,+6.93E+00,-6.75E+00,-0.34E+00,-3.327E+00
2,16/2/2026,19:08:00.500,-0.047E+00,-0.047E+00,-0.047E+00,-0.188E+00,+6.85E+00,-6.79E+00,-0.21E+00,-3.357E+00
2,16/2/2026,19:08:00.500,-0.047E+00,-0.047E+00,-0.047E+00,-0.141E+00,+6.79E+00,-6.85E+00,-0.11E+00,-3.388E+00
2,16/2/2026,19:08:00.500,-0.047E+00,-0.047E+00,+0.000E+00,-0.188E+00,+6.70E+00,-6.91E+00,+0.02E+00,-3.418E+00
2,16/2/2026,19:08:00.500,-0.047E+00,-0.047E+00,-0.047E+00,-0.188E+00,+6.62E+00,-6.97E+00,+0.12E+00,-3.441E+00
2,16/2/2026,19:08:00.500,-0.047E+00,-0.047E+00,+0.000E+00,-0.188E+00,+6.55E+00,-7.02E+00,+0.24E+00,-3.464E+00
2,16/2/2026,19:08:00.500,-0.047E+00,-0.047E+00,+0.000E+00,-0.188E+00,+6.47E+00,-7.07E+00,+0.37E+00,-3.487E+00
2,16/2/2026,19:08:00.500,-0.047E+00,-0.047E+00,-0.047E+00,-0.188E+00,+6.39E+00,-7.11E+00,+0.49E+00,-3.510E+00
2,16/2/2026,19:08:00.500,+0.000E+00,-0.047E+00,-0.047E+00,-0.188E+00,+6.30E+00,-7.16E+00,+0.61E+00,-3.533E+00
2,16/2/2026,19:08:00.500,-0.047E+00,-0.047E+00,+0.000E+00,-0.188E+00,+6.21E+00,-7.19E+00,+0.73E+00,-3.548E+00
2,16/2/2026,19:08:00.500,-0.047E+00,-0.047E+00,+0.000E+00,-0.188E+00,+6.12E+00,-7.23E+00,+0.85E+00,-3.571E+00
2,16/2/2026,19:08:00.500,-0.047E+00,-0.047E+00,-0.047E+00,-0.188E+00,+6.04E+00,-7.28E+00,+0.98E+00,-3.586E+00
2,16/2/2026,19:08:00.500,-0.047E+00,-0.047E+00,-0.047E+00,-0.188E+00,+5.95E+00,-7.31E+00,+1.11E+00,-3.601E+00
2,16/2/2026,19:08:00.500,-0.047E+00,-0.047E+00,-0.047E+00,-0.188E+00,+5.88E+00,-7.34E+00,+1.24E+00,-3.617E+00
2,16/2/2026,19:08:00.500,-0.047E+00,-0.047E+00,+0.000E+00,-0.188E+00,+5.78E+00,-7.37E+00,+1.36E+00,-3.640E+00
2,16/2/2026,19:08:00.500,-0.047E+00,-0.047E+00,-0.047E+00,-0.188E+00,+5.71E+00,-7.40E+00,+1.48E+00,-3.647E+00
2,16/2/2026,19:08:00.501,-0.047E+00,-0.047E+00,-0.047E+00,-0.188E+00,+5.62E+00,-7.43E+00,+1.60E+00,-3.662E+00
2,16/2/2026,19:08:00.501,-0.047E+00,-0.047E+00,-0.047E+00,-0.188E+00,+5.52E+00,-7.46E+00,+1.72E+00,-3.678E+00
2,16/2/2026,19:08:00.501,-0.047E+00,-0.047E+00,-0.047E+00,-0.188E+00,+5.43E+00,-7.49E+00,+1.85E+00,-3.693E+00
2,16/2/2026,19:08:00.501,+0.000E+00,-0.047E+00,-0.047E+00,-0.188E+00,+5.34E+00,-7.51E+00,+1.95E+00,-3.701E+00
2,16/2/2026,19:08:00.501,-0.047E+00,-0.047E+00,-0.047E+00,-0.188E+00,+5.25E+00,-7.54E+00,+2.08E+00,-3.716E+00
2,16/2/2026,19:08:00.501,-0.047E+00,-0.047E+00,-0.047E+00,-0.188E+00,+5.16E+00,-7.57E+00,+2.20E+00,-3.723E+00
2,16/2/2026,19:08:00.501,-0.047E+00,-0.047E+00,-0.047E+00,-0.188E+00,+5.08E+00,-7.58E+00,+2.30E+00,-3.731E+00
2,16/2/2026,19:08:00.501,+0.000E+00,-0.047E+00,-0.047E+00,-0.188E+00,+4.99E+00,-7.60E+00,+2.43E+00,-3.746E+00
2,16/2/2026,19:08:00.501,-0.047E+00,-0.047E+00,-0.047E+00,-0.188E+00,+4.90E+00,-7.63E+00,+2.53E+00,-3.754E+00
2,16/2/2026,19:08:00.501,-0.047E+00,-0.047E+00,-0.047E+00,-0.188E+00,+4.81E+00,-7.65E+00,+2.66E+00,-3.769E+00
2,16/2/2026,19:08:00.501,-0.047E+00,-0.047E+00,-0.047E+00,-0.188E+00,+4.72E+00,-7.66E+00,+2.76E+00,-3.777E+00
2,16/2/2026,19:08:00.501,-0.047E+00,-0.047E+00,+0.000E+00,-0.188E+00,+4.62E+00,-7.68E+00,+2.87E+00,-3.785E+00
2,16/2/2026,19:08:00.501,-0.047E+00,-0.047E+00,+0.000E+00,-0.235E+00,+4.53E+00,-7.71E+00,+2.98E+00,-3.792E+00
2,16/2/2026,19:08:00.501,-0.047E+00,-0.047E+00,-0.047E+00,-0.188E+00,+4.44E+00,-7.72E+00,+3.10E+00,-3.800E+00
2,16/2/2026,19:08:00.501,-0.047E+00,+0.000E+00,-0.047E+00,-0.188E+00,+4.35E+00,-7.72E+00,+3.20E+00,-3.807E+00
2,16/2/2026,19:08:00.501,-0.047E+00,-0.047E+00,-0.047E+00,-0.188E+00,+4.24E+00,-7.74E+00,+3.31E+00,-3.815E+00
2,16/2/2026,19:08:00.501,-0.047E+00,-0.047E+00,-0.047E+00,-0.188E+00,+4.15E+00,-7.75E+00,+3.42E+00,-3.815E+00
2,16/2/2026,19:08:00.501,-0.047E+00,-0.047E+00,+0.000E+00,-0.188E+00,+4.06E+00,-7.77E+00,+3.53E+00,-3.823E+00
2,16/2/2026,19:08:00.501,-0.047E+00,-0.047E+00,-0.047E+00,-0.188E+00,+3.97E+00,-7.78E+00,+3.62E+00,-3.830E+00
2,16/2/2026,19:08:00.501,+0.000E+00,-0.047E+00,-0.047E+00,-0.188E+00,+3.88E+00,-7.78E+00,+3.72E+00,-3.830E+00
2,16/2/2026,19:08:00.502,-0.047E+00,-0.047E+00,-0.047E+00,-0.188E+00,+3.77E+00,-7.80E+00,+3.83E+00,-3.838E+00
2,16/2/2026,19:08:00.502,-0.047E+00,-0.047E+00,-0.047E+00,-0.188E+00,+3.66E+00,-7.80E+00,+3.94E+00,-3.838E+00
2,16/2/2026,19:08:00.502,-0.047E+00,-0.047E+00,-0.047E+00,-0.188E+00,+3.57E+00,-7.81E+00,+4.03E+00,-3.838E+00
2,16/2/2026,19:08:00.502,-0.047E+00,-0.047E+00,-0.047E+00,-0.188E+00,+3.46E+00,-7.81E+00,+4.14E+00,-3.846E+00
2,16/2/2026,19:08:00.502,-0.047E+00,-0.047E+00,-0.047E+00,-0.188E+00,+3.36E+00,-7.83E+00,+4.23E+00,-3.838E+00
2,16/2/2026,19:08:00.502,+0.000E+00,-0.047E+00,-0.047E+00,-0.188E+00,+3.25E+00,-7.83E+00,+4.33E+00,-3.838E+00
2,16/2/2026,19:08:00.502,-0.047E+00,-0.047E+00,-0.047E+00,-0.188E+00,+3.14E+00,-7.83E+00,+4.44E+00,-3.838E+00
2,16/2/2026,19:08:00.502,-0.047E+00,-0.047E+00,-0.047E+00,-0.188E+00,+3.04E+00,-7.83E+00,+4.53E+00,-3.846E+00
2,16/2/2026,19:08:00.502,+0.000E+00,-0.047E+00,+0.000E+00,-0.188E+00,+2.93E+00,-7.84E+00,+4.64E+00,-3.846E+00
2,16/2/2026,19:08:00.502,+0.000E+00,-0.047E+00,+0.000E+00,-0.188E+00,+2.82E+00,-7.84E+00,+4.73E+00,-3.846E+00
2,16/2/2026,19:08:00.502,-0.047E+00,-0.047E+00,+0.000E+00,-0.188E+00,+2.72E+00,-7.84E+00,+4.82E+00,-3.846E+00
2,16/2/2026,19:08:00.502,-0.047E+00,-0.047E+00,+0.000E+00,-0.188E+00,+2.61E+00,-7.84E+00,+4.93E+00,-3.838E+00
2,16/2/2026,19:08:00.502,-0.047E+00,-0.047E+00,-0.047E+00,-0.188E+00,+2.49E+00,-7.83E+00,+5.02E+00,-3.838E+00
2,16/2/2026,19:08:00.502,-0.047E+00,-0.047E+00,-0.047E+00,-0.188E+00,+2.38E+00,-7.83E+00,+5.13E+00,-3.830E+00
2,16/2/2026,19:08:00.502,-0.047E+00,-0.047E+00,-0.047E+00,-0.188E+00,+2.26E+00,-7.83E+00,+5.23E+00,-3.823E+00
2,16/2/2026,19:08:00.502,+0.000E+00,-0.047E+00,-0.047E+00,-0.141E+00,+2.15E+00,-7.81E+00,+5.31E+00,-3.815E+00
2,16/2/2026,19:08:00.502,-0.047E+00,-0.047E+00,+0.000E+00,-0.188E+00,+2.03E+00,-7.80E+00,+5.40E+00,-3.807E+00
2,16/2/2026,19:08:00.502,-0.047E+00,-0.047E+00,-0.047E+00,-0.188E+00,+1.92E+00,-7.77E+00,+5.49E+00,-3.792E+00
2,16/2/2026,19:08:00.502,-0.047E+00,-0.047E+00,-0.047E+00,-0.188E+00,+1.80E+00,-7.74E+00,+5.57E+00,-3.777E+00
2,16/2/2026,19:08:00.502,-0.047E+00,-0.047E+00,-0.047E+00,-0.188E+00,+1.69E+00,-7.69E+00,+5.65E+00,-3.754E+00
2,16/2/2026,19:08:00.503,-0.047E+00,-0.047E+00,-0.047E+00,-0.188E+00,+1.57E+00,-7.65E+00,+5.72E+00,-3.731E+00
2,16/2/2026,19:08:00.503,-0.047E+00,-0.047E+00,-0.047E+00,-0.188E+00,+1.46E+00,-7.60E+00,+5.80E+00,-3.701E+00
2,16/2/2026,19:08:00.503,-0.047E+00,-0.047E+00,+0.000E+00,-0.188E+00,+1.34E+00,-7.55E+00,+5.88E+00,-3.678E+00
2,16/2/2026,19:08:00.503,-0.047E+00,-0.047E+00,-0.047E+00,-0.188E+00,+1.22E+00,-7.51E+00,+5.94E+00,-3.647E+00
2,16/2/2026,19:08:00.503,-0.047E+00,-0.047E+00,-0.047E+00,-0.188E+00,+1.10E+00,-7.45E+00,+6.01E+00,-3.624E+00
2,16/2/2026,19:08:00.503,-0.047E+00,-0.047E+00,+0.000E+00,-0.188E+00,+0.98E+00,-7.40E+00,+6.07E+00,-3.594E+00
2,16/2/2026,19:08:00.503,-0.047E+00,-0.047E+00,+0.000E+00,-0.235E+00,+0.85E+00,-7.34E+00,+6.15E+00,-3.571E+00
2,16/2/2026,19:08:00.503,-0.047E+00,-0.047E+00,-0.047E+00,-0.188E+00,+0.73E+00,-7.29E+00,+6.21E+00,-3.540E+00
2,16/2/2026,19:08:00.503,-0.047E+00,-0.047E+00,-0.047E+00,-0.188E+00,+0.60E+00,-7.22E+00,+6.26E+00,-3.510E+00
2,16/2/2026,19:08:00.503,-0.047E+00,-0.047E+00,+0.000E+00,-0.188E+00,+0.47E+00,-7.16E+00,+6.32E+00,-3.472E+00
2,16/2/2026,19:08:00.503,-0.047E+00,-0.047E+00,+0.000E+00,-0.188E+00,+0.34E+00,-7.08E+00,+6.36E+00,-3.441E+00
2,16/2/2026,19:08:00.503,-0.047E+00,-0.047E+00,+0.000E+00,-0.188E+00,+0.21E+00,-7.02E+00,+6.42E+00,-3.395E+00
2,16/2/2026,19:08:00.503,-0.047E+00,-0.047E+00,-0.047E+00,-0.188E+00,+0.09E+00,-6.94E+00,+6.47E+00,-3.357E+00
2,16/2/2026,19:08:00.503,-0.047E+00,-0.047E+00,-0.047E+00,-0.188E+00,-0.02E+00,-6.85E+00,+6.53E+00,-3.319E+00
2,16/2/2026,19:08:00.503,-0.047E+00,-0.047E+00,-0.047E+00,-0.188E+00,-0.14E+00,-6.76E+00,+6.58E+00,-3.273E+00
2,16/2/2026,19:08:00.503,-0.047E+00,-0.047E+00,-0.047E+00,-0.188E+00,-0.26E+00,-6.68E+00,+6.64E+00,-3.235E+00
2,16/2/2026,19:08:00.503,-0.047E+00,-0.047E+00,-0.047E+00,-0.188E+00,-0.38E+00,-6.61E+00,+6.68E+00,-3.189E+00
2,16/2/2026,19:08:00.503,-0.047E+00,-0.047E+00,-0.047E+00,-0.188E+00,-0.50E+00,-6.52E+00,+6.73E+00,-3.144E+00
2,16/2/2026,19:08:00.503,-0.047E+00,-0.047E+00,-0.047E+00,-0.188E+00,-0.63E+00,-6.42E+00,+6.78E+00,-3.105E+00
2,16/2/2026,19:08:00.503,-0.047E+00,-0.047E+00,-0.047E+00,-0.188E+00,-0.75E+00,-6.33E+00,+6.82E+00,-3.060E+00
2,16/2/2026,19:08:00.504,-0.047E+00,-0.047E+00,+0.000E+00,-0.188E+00,-0.87E+00,-6.26E+00,+6.87E+00,-3.014E+00
2,16/2/2026,19:08:00.504,-0.047E+00,-0.047E+00,+0.000E+00,-0.235E+00,-0.99E+00,-6.17E+00,+6.90E+00,-2.976E+00
2,16/2/2026,19:08:00.504,+0.000E+00,-0.047E+00,-0.047E+00,-0.188E+00,-1.11E+00,-6.07E+00,+6.94E+00,-2.930E+00
2,16/2/2026,19:08:00.504,-0.047E+00,-0.047E+00,-0.047E+00,-0.188E+00,-1.24E+00,-6.00E+00,+6.97E+00,-2.892E+00
2,16/2/2026,19:08:00.504,-0.047E+00,-0.047E+00,-0.047E+00,-0.188E+00,-1.36E+00,-5.92E+00,+7.02E+00,-2.846E+00
2,16/2/2026,19:08:00.504,-0.047E+00,-0.047E+00,-0.047E+00,-0.188E+00,-1.48E+00,-5.83E+00,+7.05E+00,-2.808E+00
2,16/2/2026,19:08:00.504,-0.047E+00,-0.047E+00,-0.047E+00,-0.188E+00,-1.60E+00,-5.74E+00,+7.08E+00,-2.762E+00
2,16/2/2026,19:08:00.504,-0.047E+00,-0.047E+00,-0.047E+00,-0.188E+00,-1.71E+00,-5.66E+00,+7.11E+00,-2.716E+00
2,16/2/2026,19:08:00.504,-0.047E+00,-0.047E+00,-0.047E+00,-0.188E+00,-1.83E+00,-5.57E+00,+7.14E+00,-2.678E+00
2,16/2/2026,19:08:00.504,-0.047E+00,-0.047E+00,+0.000E+00,-0.188E+00,-1.95E+00,-5.48E+00,+7.17E+00,-2.632E+00
2,16/2/2026,19:08:00.504,-0.047E+00,-0.047E+00,-0.047E+00,-0.188E+00,-2.06E+00,-5.40E+00,+7.20E+00,-2.587E+00
2,16/2/2026,19:08:00.504,-0.047E+00,-0.047E+00,-0.047E+00,-0.188E+00,-2.18E+00,-5.31E+00,+7.23E+00,-2.541E+00
2,16/2/2026,19:08:00.504,-0.047E+00,-0.047E+00,-0.047E+00,-0.188E+00,-2.29E+00,-5.22E+00,+7.25E+00,-2.495E+00
2,16/2/2026,19:08:00.504,-0.047E+00,-0.047E+00,-0.047E+00,-0.188E+00,-2.40E+00,-5.13E+00,+7.28E+00,-2.457E+00
2,16/2/2026,19:08:00.504,-0.047E+00,-0.047E+00,-0.047E+00,-0.188E+00,-2.52E+00,-5.04E+00,+7.29E+00,-2.411E+00
2,16/2/2026,19:08:00.504,-0.047E+00,-0.047E+00,-0.047E+00,-0.188E+00,-2.62E+00,-4.94E+00,+7.32E+00,-2.365E+00
2,16/2/2026,19:08:00.504,-0.047E+00,-0.047E+00,-0.047E+00,-0.188E+00,-2.73E+00,-4.87E+00,+7.34E+00,-2.320E+00
2,16/2/2026,19:08:00.504,-0.047E+00,-0.047E+00,-0.047E+00,-0.188E+00,-2.85E+00,-4.78E+00,+7.36E+00,-2.274E+00
2,16/2/2026,19:08:00.504,-0.047E+00,-0.047E+00,-0.047E+00,-0.188E+00,-2.96E+00,-4.68E+00,+7.39E+00,-2.228E+00
2,16/2/2026,19:08:00.504,-0.047E+00,-0.047E+00,-0.047E+00,-0.188E+00,-3.07E+00,-4.59E+00,+7.39E+00,-2.182E+00
2,16/2/2026,19:08:00.505,+0.000E+00,-0.047E+00,-0.047E+00,-0.188E+00,-3.17E+00,-4.50E+00,+7.40E+00,-2.136E+00
2,16/2/2026,19:08:00.505,+0.000E+00,+0.000E+00,+0.000E+00,-0.188E+00,-3.28E+00,-4.39E+00,+7.42E+00,-2.083E+00
2,16/2/2026,19:08:00.505,-0.047E+00,-0.047E+00,+0.000E+00,-0.188E+00,-3.39E+00,-4.30E+00,+7.43E+00,-2.037E+00
2,16/2/2026,19:08:00.505,-0.047E+00,-0.047E+00,-0.047E+00,-0.188E+00,-3.51E+00,-4.20E+00,+7.45E+00,-1.984E+00
2,16/2/2026,19:08:00.505,-0.047E+00,-0.047E+00,-0.047E+00,-0.188E+00,-3.60E+00,-4.09E+00,+7.46E+00,-1.938E+00
2,16/2/2026,19:08:00.505,-0.047E+00,-0.047E+00,+0.000E+00,-0.188E+00,-3.71E+00,-3.98E+00,+7.48E+00,-1.885E+00
2,16/2/2026,19:08:00.505,-0.047E+00,-0.047E+00,+0.000E+00,-0.188E+00,-3.82E+00,-3.89E+00,+7.48E+00,-1.839E+00
2,16/2/2026,19:08:00.505,-0.047E+00,-0.047E+00,-0.047E+00,-0.188E+00,-3.92E+00,-3.78E+00,+7.49E+00,-1.778E+00
2,16/2/2026,19:08:00.505,-0.047E+00,-0.047E+00,-0.047E+00,-0.188E+00,-4.01E+00,-3.68E+00,+7.49E+00,-1.732E+00
2,16/2/2026,19:08:00.505,-0.047E+00,-0.047E+00,-0.047E+00,-0.188E+00,-4.12E+00,-3.59E+00,+7.51E+00,-1.679E+00
2,16/2/2026,19:08:00.505,-0.047E+00,-0.047E+00,-0.047E+00,-0.188E+00,-4.23E+00,-3.46E+00,+7.51E+00,-1.625E+00
2,16/2/2026,19:08:00.505,-0.047E+00,-0.047E+00,+0.000E+00,-0.188E+00,-4.33E+00,-3.36E+00,+7.52E+00,-1.572E+00
2,16/2/2026,19:08:00.505,-0.047E+00,-0.047E+00,+0.000E+00,-0.188E+00,-4.44E+00,-3.25E+00,+7.52E+00,-1.526E+00
2,16/2/2026,19:08:00.505,-0.047E+00,-0.047E+00,+0.000E+00,-0.188E+00,-4.53E+00,-3.14E+00,+7.54E+00,-1.465E+00
2,16/2/2026,19:08:00.505,-0.047E+00,-0.047E+00,+0.000E+00,-0.188E+00,-4.64E+00,-3.04E+00,+7.54E+00,-1.412E+00
2,16/2/2026,19:08:00.505,-0.047E+00,-0.047E+00,-0.047E+00,-0.188E+00,-4.75E+00,-2.93E+00,+7.54E+00,-1.358E+00
2,16/2/2026,19:08:00.505,+0.000E+00,-0.047E+00,-0.047E+00,-0.188E+00,-4.84E+00,-2.81E+00,+7.54E+00,-1.305E+00
2,16/2/2026,19:08:00.505,-0.047E+00,-0.047E+00,-0.047E+00,-0.188E+00,-4.94E+00,-2.70E+00,+7.54E+00,-1.251E+00
2,16/2/2026,19:08:00.505,-0.047E+00,-0.047E+00,-0.047E+00,-0.188E+00,-5.04E+00,-2.59E+00,+7.55E+00,-1.190E+00
2,16/2/2026,19:08:00.505,-0.047E+00,-0.047E+00,+0.000E+00,-0.188E+00,-5.14E+00,-2.47E+00,+7.55E+00,-1.137E+00
2,16/2/2026,19:08:00.506,-0.047E+00,-0.047E+00,+0.000E+00,-0.188E+00,-5.25E+00,-2.37E+00,+7.55E+00,-1.083E+00
2,16/2/2026,19:08:00.506,-0.047E+00,-0.047E+00,+0.000E+00,-0.188E+00,-5.34E+00,-2.24E+00,+7.54E+00,-1.030E+00
2,16/2/2026,19:08:00.506,-0.047E+00,-0.047E+00,-0.047E+00,-0.188E+00,-5.43E+00,-2.12E+00,+7.54E+00,-0.969E+00
2,16/2/2026,19:08:00.506,-0.047E+00,-0.047E+00,+0.000E+00,-0.188E+00,-5.52E+00,-2.01E+00,+7.54E+00,-0.916E+00
2,16/2/2026,19:08:00.506,-0.047E+00,-0.047E+00,-0.047E+00,-0.188E+00,-5.62E+00,-1.89E+00,+7.52E+00,-0.855E+00
2,16/2/2026,19:08:00.506,-0.047E+00,-0.047E+00,-0.047E+00,-0.188E+00,-5.71E+00,-1.77E+00,+7.51E+00,-0.801E+00
2,16/2/2026,19:08:00.506,-0.047E+00,-0.047E+00,-0.047E+00,-0.188E+00,-5.78E+00,-1.66E+00,+7.48E+00,-0.740E+00
2,16/2/2026,19:08:00.506,-0.047E+00,-0.047E+00,-0.047E+00,-0.188E+00,-5.86E+00,-1.53E+00,+7.45E+00,-0.687E+00
2,16/2/2026,19:08:00.506,+0.000E+00,-0.047E+00,-0.047E+00,-0.188E+00,-5.95E+00,-1.42E+00,+7.40E+00,-0.626E+00
2,16/2/2026,19:08:00.506,-0.047E+00,-0.047E+00,+0.000E+00,-0.188E+00,-6.01E+00,-1.30E+00,+7.36E+00,-0.565E+00
2,16/2/2026,19:08:00.506,-0.047E+00,-0.047E+00,-0.047E+00,-0.188E+00,-6.09E+00,-1.18E+00,+7.31E+00,-0.504E+00
2,16/2/2026,19:08:00.506,-0.047E+00,-0.047E+00,-0.047E+00,-0.188E+00,-6.15E+00,-1.05E+00,+7.25E+00,-0.450E+00
2,16/2/2026,19:08:00.506,-0.047E+00,-0.047E+00,-0.047E+00,-0.188E+00,-6.23E+00,-0.93E+00,+7.19E+00,-0.389E+00
2,16/2/2026,19:08:00.506,-0.047E+00,-0.047E+00,-0.047E+00,-0.188E+00,-6.29E+00,-0.81E+00,+7.13E+00,-0.328E+00
2,16/2/2026,19:08:00.506,-0.047E+00,-0.047E+00,+0.000E+00,-0.188E+00,-6.35E+00,-0.70E+00,+7.07E+00,-0.275E+00
2,16/2/2026,19:08:00.506,-0.047E+00,-0.047E+00,+0.000E+00,-0.188E+00,-6.41E+00,-0.58E+00,+7.00E+00,-0.214E+00
2,16/2/2026,19:08:00.506,+0.000E+00,-0.047E+00,-0.047E+00,-0.188E+00,-6.47E+00,-0.46E+00,+6.94E+00,-0.153E+00
2,16/2/2026,19:08:00.506,+0.000E+00,-0.047E+00,-0.047E+00,-0.188E+00,-6.53E+00,-0.35E+00,+6.88E+00,-0.099E+00
2,16/2/2026,19:08:00.506,-0.047E+00,-0.047E+00,-0.047E+00,-0.188E+00,-6.59E+00,-0.23E+00,+6.82E+00,-0.038E+00
2,16/2/2026,19:08:00.506,-0.047E+00,-0.047E+00,+0.000E+00,-0.188E+00,-6.65E+00,-0.11E+00,+6.76E+00,+0.023E+00
2,16/2/2026,19:08:00.507,+0.000E+00,-0.047E+00,-0.047E+00,-0.188E+00,-6.70E+00,+0.02E+00,+6.68E+00,+0.084E+00
2,16/2/2026,19:08:00.507,-0.047E+00,-0.047E+00,-0.047E+00,-0.188E+00,-6.75E+00,+0.14E+00,+6.62E+00,+0.145E+00
2,16/2/2026,19:08:00.507,-0.047E+00,-0.047E+00,-0.047E+00,-0.188E+00,-6.78E+00,+0.26E+00,+6.55E+00,+0.206E+00
2,16/2/2026,19:08:00.507,+0.000E+00,-0.047E+00,-0.047E+00,-0.188E+00,-6.82E+00,+0.38E+00,+6.47E+00,+0.267E+00
2,16/2/2026,19:08:00.507,+0.000E+00,-0.047E+00,-0.047E+00,-0.188E+00,-6.85E+00,+0.50E+00,+6.38E+00,+0.328E+00
2,16/2/2026,19:08:00.507,-0.047E+00,-0.047E+00,-0.047E+00,-0.188E+00,-6.90E+00,+0.63E+00,+6.30E+00,+0.382E+00
2,16/2/2026,19:08:00.507,-0.047E+00,-0.047E+00,-0.047E+00,-0.188E+00,-6.93E+00,+0.75E+00,+6.21E+00,+0.443E+00
2,16/2/2026,19:08:00.507,-0.047E+00,-0.047E+00,-0.047E+00,-0.188E+00,-6.97E+00,+0.87E+00,+6.12E+00,+0.504E+00
2,16/2/2026,19:08:00.507,-0.047E+00,-0.047E+00,-0.047E+00,-0.188E+00,-7.00E+00,+0.99E+00,+6.03E+00,+0.565E+00
2,16/2/2026,19:08:00.507,-0.047E+00,-0.047E+00,+0.000E+00,-0.188E+00,-7.03E+00,+1.11E+00,+5.94E+00,+0.626E+00
2,16/2/2026,19:08:00.507,-0.047E+00,-0.047E+00,-0.047E+00,-0.188E+00,-7.08E+00,+1.24E+00,+5.84E+00,+0.687E+00
2,16/2/2026,19:08:00.507,-0.047E+00,-0.047E+00,-0.047E+00,-0.188E+00,-7.11E+00,+1.37E+00,+5.77E+00,+0.755E+00
2,16/2/2026,19:08:00.507,-0.047E+00,-0.047E+00,-0.047E+00,-0.188E+00,-7.14E+00,+1.50E+00,+5.69E+00,+0.816E+00
2,16/2/2026,19:08:00.507,-0.047E+00,-0.047E+00,+0.000E+00,-0.188E+00,-7.17E+00,+1.60E+00,+5.60E+00,+0.870E+00
2,16/2/2026,19:08:00.507,-0.047E+00,-0.047E+00,+0.000E+00,-0.188E+00,-7.20E+00,+1.74E+00,+5.52E+00,+0.931E+00
2,16/2/2026,19:08:00.507,-0.047E+00,-0.047E+00,-0.047E+00,-0.188E+00,-7.23E+00,+1.86E+00,+5.43E+00,+0.992E+00
2,16/2/2026,19:08:00.507,-0.047E+00,-0.047E+00,+0.000E+00,-0.188E+00,-7.28E+00,+1.97E+00,+5.36E+00,+1.053E+00
2,16/2/2026,19:08:00.507,+0.000E+00,-0.047E+00,-0.047E+00,-0.188E+00,-7.31E+00,+2.09E+00,+5.26E+00,+1.106E+00
2,16/2/2026,19:08:00.507,-0.047E+00,-0.047E+00,-0.047E+00,-0.188E+00,-7.32E+00,+2.21E+00,+5.17E+00,+1.167E+00
2,16/2/2026,19:08:00.507,-0.047E+00,-0.047E+00,-0.047E+00,-0.188E+00,-7.36E+00,+2.33E+00,+5.10E+00,+1.228E+00
2,16/2/2026,19:08:00.508,-0.047E+00,-0.047E+00,+0.000E+00,-0.188E+00,-7.37E+00,+2.44E+00,+4.99E+00,+1.282E+00
2,16/2/2026,19:08:00.508,+0.000E+00,-0.047E+00,-0.047E+00,-0.188E+00,-7.40E+00,+2.56E+00,+4.90E+00,+1.343E+00
2,16/2/2026,19:08:00.508,+0.000E+00,-0.047E+00,-0.047E+00,-0.188E+00,-7.43E+00,+2.69E+00,+4.81E+00,+1.396E+00
2,16/2/2026,19:08:00.508,-0.047E+00,-0.047E+00,+0.000E+00,-0.188E+00,-7.45E+00,+2.79E+00,+4.72E+00,+1.457E+00
2,16/2/2026,19:08:00.508,-0.047E+00,-0.047E+00,-0.047E+00,-0.188E+00,-7.46E+00,+2.91E+00,+4.62E+00,+1.511E+00
2,16/2/2026,19:08:00.508,+0.000E+00,-0.047E+00,-0.047E+00,-0.188E+00,-7.49E+00,+3.02E+00,+4.52E+00,+1.564E+00
2,16/2/2026,19:08:00.508,-0.047E+00,-0.047E+00,-0.047E+00,-0.188E+00,-7.51E+00,+3.13E+00,+4.43E+00,+1.625E+00
2,16/2/2026,19:08:00.508,-0.047E+00,-0.047E+00,-0.047E+00,-0.188E+00,-7.52E+00,+3.25E+00,+4.33E+00,+1.679E+00
2,16/2/2026,19:08:00.508,-0.047E+00,-0.047E+00,-0.047E+00,-0.188E+00,-7.52E+00,+3.34E+00,+4.24E+00,+1.732E+00
2,16/2/2026,19:08:00.508,-0.047E+00,-0.047E+00,+0.000E+00,-0.188E+00,-7.55E+00,+3.45E+00,+4.14E+00,+1.785E+00
2,16/2/2026,19:08:00.508,-0.047E+00,-0.047E+00,+0.000E+00,-0.188E+00,-7.57E+00,+3.56E+00,+4.04E+00,+1.839E+00
2,16/2/2026,19:08:00.508,-0.047E+00,-0.047E+00,-0.047E+00,-0.188E+00,-7.57E+00,+3.66E+00,+3.95E+00,+1.885E+00
2,16/2/2026,19:08:00.508,-0.047E+00,-0.047E+00,-0.047E+00,-0.188E+00,-7.58E+00,+3.77E+00,+3.85E+00,+1.938E+00
2,16/2/2026,19:08:00.508,-0.047E+00,-0.047E+00,-0.047E+00,-0.188E+00,-7.60E+00,+3.88E+00,+3.75E+00,+1.991E+00
2,16/2/2026,19:08:00.508,-0.047E+00,-0.047E+00,-0.047E+00,-0.188E+00,-7.60E+00,+3.98E+00,+3.65E+00,+2.045E+00
2,16/2/2026,19:08:00.508,-0.047E+00,-0.047E+00,-0.047E+00,-0.188E+00,-7.61E+00,+4.09E+00,+3.54E+00,+2.098E+00
2,16/2/2026,19:08:00.508,-0.047E+00,-0.047E+00,+0.000E+00,-0.188E+00,-7.61E+00,+4.18E+00,+3.43E+00,+2.152E+00
2,16/2/2026,19:08:00.508,-0.047E+00,-0.047E+00,-0.047E+00,-0.188E+00,-7.63E+00,+4.29E+00,+3.33E+00,+2.197E+00
2,16/2/2026,19:08:00.508,-0.047E+00,-0.047E+00,-0.047E+00,-0.188E+00,-7.63E+00,+4.38E+00,+3.22E+00,+2.243E+00
2,16/2/2026,19:08:00.508,-0.047E+00,-0.047E+00,-0.047E+00,-0.188E+00,-7.63E+00,+4.49E+00,+3.11E+00,+2.297E+00
2,16/2/2026,19:08:00.509,+0.000E+00,-0.047E+00,-0.047E+00,-0.188E+00,-7.63E+00,+4.59E+00,+3.02E+00,+2.350E+00
2,16/2/2026,19:08:00.509,-0.047E+00,-0.047E+00,+0.000E+00,-0.188E+00,-7.63E+00,+4.68E+00,+2.90E+00,+2.396E+00
2,16/2/2026,19:08:00.509,-0.047E+00,-0.047E+00,-0.047E+00,-0.188E+00,-7.63E+00,+4.78E+00,+2.81E+00,+2.449E+00
2,16/2/2026,19:08:00.509,+0.000E+00,-0.047E+00,-0.047E+00,-0.188E+00,-7.65E+00,+4.88E+00,+2.70E+00,+2.495E+00
2,16/2/2026,19:08:00.509,-0.047E+00,-0.047E+00,-0.047E+00,-0.188E+00,-7.65E+00,+4.99E+00,+2.58E+00,+2.548E+00
2,16/2/2026,19:08:00.509,-0.047E+00,-0.047E+00,-0.047E+00,-0.188E+00,-7.63E+00,+5.08E+00,+2.47E+00,+2.594E+00
2,16/2/2026,19:08:00.509,-0.047E+00,-0.047E+00,+0.000E+00,-0.188E+00,-7.63E+00,+5.17E+00,+2.37E+00,+2.648E+00
2,16/2/2026,19:08:00.509,-0.047E+00,-0.047E+00,-0.047E+00,-0.188E+00,-7.63E+00,+5.28E+00,+2.24E+00,+2.693E+00
2,16/2/2026,19:08:00.509,-0.047E+00,-0.047E+00,-0.047E+00,-0.188E+00,-7.61E+00,+5.37E+00,+2.14E+00,+2.747E+00
2,16/2/2026,19:08:00.509,-0.047E+00,-0.047E+00,+0.000E+00,-0.188E+00,-7.60E+00,+5.46E+00,+2.01E+00,+2.785E+00
2,16/2/2026,19:08:00.509,-0.047E+00,-0.047E+00,+0.000E+00,-0.188E+00,-7.58E+00,+5.55E+00,+1.91E+00,+2.831E+00
2,16/2/2026,19:08:00.509,-0.047E+00,-0.047E+00,-0.047E+00,-0.188E+00,-7.55E+00,+5.63E+00,+1.79E+00,+2.877E+00
2,16/2/2026,19:08:00.509,-0.047E+00,-0.047E+00,-0.047E+00,-0.188E+00,-7.52E+00,+5.72E+00,+1.68E+00,+2.915E+00
2,16/2/2026,19:08:00.509,-0.047E+00,-0.047E+00,-0.047E+00,-0.188E+00,-7.49E+00,+5.80E+00,+1.56E+00,+2.960E+00
2,16/2/2026,19:08:00.509,-0.047E+00,-0.047E+00,+0.000E+00,-0.188E+00,-7.46E+00,+5.86E+00,+1.43E+00,+2.991E+00
2,16/2/2026,19:08:00.509,-0.047E+00,-0.047E+00,-0.047E+00,-0.188E+00,-7.42E+00,+5.95E+00,+1.33E+00,+3.029E+00
2,16/2/2026,19:08:00.509,-0.047E+00,-0.047E+00,-0.047E+00,-0.188E+00,-7.37E+00,+6.01E+00,+1.21E+00,+3.067E+00
2,16/2/2026,19:08:00.509,-0.047E+00,-0.047E+00,-0.047E+00,-0.188E+00,-7.32E+00,+6.07E+00,+1.08E+00,+3.098E+00
2,16/2/2026,19:08:00.509,-0.047E+00,-0.047E+00,-0.047E+00,-0.188E+00,-7.29E+00,+6.15E+00,+0.96E+00,+3.136E+00
2,16/2/2026,19:08:00.509,-0.047E+00,-0.047E+00,+0.000E+00,-0.188E+00,-7.25E+00,+6.23E+00,+0.84E+00,+3.174E+00
2,16/2/2026,19:08:00.510,-0.047E+00,-0.047E+00,+0.000E+00,-0.188E+00,-7.20E+00,+6.29E+00,+0.73E+00,+3.205E+00
2,16/2/2026,19:08:00.510,-0.047E+00,-0.047E+00,-0.047E+00,-0.188E+00,-7.14E+00,+6.35E+00,+0.61E+00,+3.235E+00
2,16/2/2026,19:08:00.510,-0.047E+00,+0.000E+00,+0.000E+00,-0.188E+00,-7.08E+00,+6.41E+00,+0.49E+00,+3.266E+00
2,16/2/2026,19:08:00.510,-0.047E+00,-0.047E+00,+0.000E+00,-0.188E+00,-7.02E+00,+6.47E+00,+0.35E+00,+3.296E+00
2,16/2/2026,19:08:00.510,-0.047E+00,-0.047E+00,-0.047E+00,-0.188E+00,-6.94E+00,+6.53E+00,+0.23E+00,+3.327E+00
2,16/2/2026,19:08:00.510,+0.000E+00,-0.047E+00,-0.047E+00,-0.188E+00,-6.87E+00,+6.59E+00,+0.11E+00,+3.357E+00
2,16/2/2026,19:08:00.510,-0.047E+00,-0.047E+00,-0.047E+00,-0.188E+00,-6.81E+00,+6.64E+00,-0.02E+00,+3.380E+00
2,16/2/2026,19:08:00.510,-0.047E+00,-0.047E+00,-0.047E+00,-0.188E+00,-6.73E+00,+6.70E+00,-0.12E+00,+3.411E+00
2,16/2/2026,19:08:00.510,+0.000E+00,-0.047E+00,-0.047E+00,-0.188E+00,-6.65E+00,+6.76E+00,-0.24E+00,+3.441E+00
2,16/2/2026,19:08:00.510,-0.047E+00,-0.047E+00,-0.047E+00,-0.188E+00,-6.58E+00,+6.81E+00,-0.37E+00,+3.464E+00
2,16/2/2026,19:08:00.510,-0.047E+00,-0.047E+00,-0.047E+00,-0.188E+00,-6.49E+00,+6.85E+00,-0.49E+00,+3.487E+00
2,16/2/2026,19:08:00.510,-0.047E+00,-0.047E+00,-0.047E+00,-0.188E+00,-6.41E+00,+6.91E+00,-0.60E+00,+3.510E+00
2,16/2/2026,19:08:00.510,-0.047E+00,-0.047E+00,-0.047E+00,-0.188E+00,-6.32E+00,+6.96E+00,-0.72E+00,+3.533E+00
2,16/2/2026,19:08:00.510,-0.047E+00,-0.047E+00,-0.047E+00,-0.188E+00,-6.23E+00,+6.99E+00,-0.84E+00,+3.548E+00
2,16/2/2026,19:08:00.510,-0.047E+00,-0.047E+00,-0.047E+00,-0.188E+00,-6.15E+00,+7.03E+00,-0.98E+00,+3.571E+00
2,16/2/2026,19:08:00.510,-0.047E+00,-0.047E+00,-0.047E+00,-0.188E+00,-6.07E+00,+7.07E+00,-1.08E+00,+3.586E+00
2,16/2/2026,19:08:00.510,-0.047E+00,-0.047E+00,-0.047E+00,-0.188E+00,-5.98E+00,+7.10E+00,-1.22E+00,+3.601E+00
2,16/2/2026,19:08:00.510,-0.047E+00,-0.047E+00,-0.047E+00,-0.188E+00,-5.89E+00,+7.13E+00,-1.34E+00,+3.617E+00
2,16/2/2026,19:08:00.510,-0.047E+00,-0.047E+00,+0.000E+00,-0.188E+00,-5.80E+00,+7.16E+00,-1.46E+00,+3.632E+00
2,16/2/2026,19:08:00.510,-0.047E+00,-0.047E+00,+0.000E+00,-0.188E+00,-5.72E+00,+7.19E+00,-1.59E+00,+3.647E+00
2,16/2/2026,19:08:00.511,-0.047E+00,-0.047E+00,-0.047E+00,-0.188E+00,-5.63E+00,+7.22E+00,-1.71E+00,+3.662E+00
2,16/2/2026,19:08:00.511,-0.047E+00,-0.047E+00,-0.047E+00,-0.235E+00,-5.54E+00,+7.25E+00,-1.83E+00,+3.678E+00
2,16/2/2026,19:08:00.511,-0.047E+00,-0.047E+00,+0.000E+00,-0.188E+00,-5.45E+00,+7.28E+00,-1.95E+00,+3.685E+00
2,16/2/2026,19:08:00.511,-0.047E+00,-0.047E+00,+0.000E+00,-0.188E+00,-5.37E+00,+7.31E+00,-2.08E+00,+3.701E+00
2,16/2/2026,19:08:00.511,-0.047E+00,-0.047E+00,-0.047E+00,-0.188E+00,-5.28E+00,+7.34E+00,-2.18E+00,+3.708E+00
2,16/2/2026,19:08:00.511,-0.047E+00,-0.047E+00,-0.047E+00,-0.188E+00,-5.19E+00,+7.36E+00,-2.30E+00,+3.723E+00
2,16/2/2026,19:08:00.511,+0.000E+00,-0.047E+00,-0.047E+00,-0.188E+00,-5.11E+00,+7.37E+00,-2.43E+00,+3.731E+00
2,16/2/2026,19:08:00.511,-0.047E+00,-0.047E+00,-0.047E+00,-0.188E+00,-5.01E+00,+7.40E+00,-2.53E+00,+3.746E+00
2,16/2/2026,19:08:00.511,-0.047E+00,-0.047E+00,-0.047E+00,-0.188E+00,-4.91E+00,+7.43E+00,-2.64E+00,+3.754E+00
2,16/2/2026,19:08:00.511,-0.047E+00,-0.047E+00,-0.047E+00,-0.188E+00,-4.82E+00,+7.45E+00,-2.76E+00,+3.762E+00
2,16/2/2026,19:08:00.511,-0.047E+00,-0.047E+00,-0.047E+00,-0.188E+00,-4.73E+00,+7.46E+00,-2.88E+00,+3.769E+00
2,16/2/2026,19:08:00.511,-0.047E+00,-0.047E+00,-0.047E+00,-0.188E+00,-4.64E+00,+7.48E+00,-2.99E+00,+3.785E+00
2,16/2/2026,19:08:00.511,+0.000E+00,-0.047E+00,-0.047E+00,-0.188E+00,-4.55E+00,+7.49E+00,-3.10E+00,+3.792E+00
2,16/2/2026,19:08:00.511,-0.047E+00,-0.047E+00,-0.047E+00,-0.188E+00,-4.46E+00,+7.51E+00,-3.20E+00,+3.800E+00
2,16/2/2026,19:08:00.511,-0.047E+00,-0.047E+00,-0.047E+00,-0.188E+00,-4.36E+00,+7.52E+00,-3.31E+00,+3.807E+00
2,16/2/2026,19:08:00.511,-0.047E+00,-0.047E+00,-0.047E+00,-0.188E+00,-4.27E+00,+7.54E+00,-3.42E+00,+3.815E+00
2,16/2/2026,19:08:00.511,-0.047E+00,-0.047E+00,+0.000E+00,-0.188E+00,-4.17E+00,+7.55E+00,-3.53E+00,+3.815E+00
2,16/2/2026,19:08:00.511,-0.047E+00,-0.047E+00,-0.047E+00,-0.188E+00,-4.07E+00,+7.57E+00,-3.63E+00,+3.815E+00
2,16/2/2026,19:08:00.511,-0.047E+00,-0.047E+00,-0.047E+00,-0.188E+00,-3.98E+00,+7.57E+00,-3.74E+00,+3.823E+00
2,16/2/2026,19:08:00.511,-0.047E+00,-0.047E+00,-0.047E+00,-0.188E+00,-3.89E+00,+7.58E+00,-3.83E+00,+3.823E+00
2,16/2/2026,19:08:00.512,-0.047E+00,-0.047E+00,-0.047E+00,-0.188E+00,-3.78E+00,+7.58E+00,-3.94E+00,+3.830E+00
2,16/2/2026,19:08:00.512,+0.000E+00,-0.047E+00,-0.047E+00,-0.188E+00,-3.69E+00,+7.60E+00,-4.04E+00,+3.838E+00
2,16/2/2026,19:08:00.512,-0.047E+00,-0.047E+00,-0.047E+00,-0.188E+00,-3.59E+00,+7.60E+00,-4.14E+00,+3.838E+00
2,16/2/2026,19:08:00.512,-0.047E+00,-0.047E+00,-0.047E+00,-0.188E+00,-3.48E+00,+7.61E+00,-4.24E+00,+3.838E+00
2,16/2/2026,19:08:00.512,+0.000E+00,-0.047E+00,+0.000E+00,-0.188E+00,-3.37E+00,+7.61E+00,-4.35E+00,+3.838E+00
2,16/2/2026,19:08:00.512,-0.047E+00,-0.047E+00,+0.000E+00,-0.188E+00,-3.27E+00,+7.61E+00,-4.44E+00,+3.838E+00
2,16/2/2026,19:08:00.512,-0.047E+00,-0.047E+00,-0.047E+00,-0.235E+00,-3.14E+00,+7.63E+00,-4.55E+00,+3.838E+00
2,16/2/2026,19:08:00.512,-0.047E+00,-0.047E+00,-0.047E+00,-0.188E+00,-3.05E+00,+7.63E+00,-4.65E+00,+3.838E+00
2,16/2/2026,19:08:00.512,-0.047E+00,-0.047E+00,+0.000E+00,-0.188E+00,-2.95E+00,+7.63E+00,-4.75E+00,+3.838E+00
2,16/2/2026,19:08:00.512,-0.047E+00,-0.047E+00,-0.047E+00,-0.188E+00,-2.84E+00,+7.63E+00,-4.84E+00,+3.838E+00
2,16/2/2026,19:08:00.512,-0.047E+00,-0.047E+00,-0.047E+00,-0.188E+00,-2.73E+00,+7.63E+00,-4.93E+00,+3.838E+00
2,16/2/2026,19:08:00.512,-0.047E+00,-0.047E+00,-0.047E+00,-0.188E+00,-2.62E+00,+7.63E+00,-5.04E+00,+3.838E+00
2,16/2/2026,19:08:00.512,-0.047E+00,-0.047E+00,-0.047E+00,-0.188E+00,-2.50E+00,+7.63E+00,-5.14E+00,+3.830E+00
2,16/2/2026,19:08:00.512,-0.047E+00,-0.047E+00,-0.047E+00,-0.188E+00,-2.40E+00,+7.63E+00,-5.23E+00,+3.830E+00
2,16/2/2026,19:08:00.512,-0.047E+00,-0.047E+00,-0.047E+00,-0.188E+00,-2.29E+00,+7.61E+00,-5.33E+00,+3.823E+00
2,16/2/2026,19:08:00.512,-0.047E+00,-0.047E+00,-0.047E+00,-0.188E+00,-2.18E+00,+7.60E+00,-5.42E+00,+3.815E+00
2,16/2/2026,19:08:00.512,+0.000E+00,-0.047E+00,+0.000E+00,-0.188E+00,-2.06E+00,+7.58E+00,-5.51E+00,+3.807E+00
2,16/2/2026,19:08:00.512,-0.047E+00,-0.047E+00,-0.047E+00,-0.188E+00,-1.95E+00,+7.57E+00,-5.59E+00,+3.792E+00
2,16/2/2026,19:08:00.512,-0.047E+00,-0.047E+00,-0.047E+00,-0.188E+00,-1.85E+00,+7.52E+00,-5.66E+00,+3.769E+00
2,16/2/2026,19:08:00.512,+0.000E+00,-0.047E+00,-0.047E+00,-0.188E+00,-1.72E+00,+7.49E+00,-5.75E+00,+3.746E+00
2,16/2/2026,19:08:00.513,+0.000E+00,-0.047E+00,-0.047E+00,-0.188E+00,-1.60E+00,+7.45E+00,-5.83E+00,+3.723E+00
2,16/2/2026,19:08:00.513,-0.047E+00,-0.047E+00,-0.047E+00,-0.188E+00,-1.48E+00,+7.40E+00,-5.89E+00,+3.701E+00
2,16/2/2026,19:08:00.513,-0.047E+00,-0.047E+00,-0.047E+00,-0.188E+00,-1.37E+00,+7.36E+00,-5.97E+00,+3.678E+00
2,16/2/2026,19:08:00.513,-0.047E+00,-0.047E+00,-0.047E+00,-0.188E+00,-1.25E+00,+7.29E+00,-6.04E+00,+3.647E+00
2,16/2/2026,19:08:00.513,-0.047E+00,-0.047E+00,-0.047E+00,-0.188E+00,-1.13E+00,+7.23E+00,-6.10E+00,+3.624E+00
2,16/2/2026,19:08:00.513,-0.047E+00,-0.047E+00,+0.000E+00,-0.188E+00,-1.01E+00,+7.19E+00,-6.18E+00,+3.594E+00
2,16/2/2026,19:08:00.513,+0.000E+00,-0.047E+00,-0.047E+00,-0.188E+00,-0.89E+00,+7.14E+00,-6.24E+00,+3.571E+00
2,16/2/2026,19:08:00.513,-0.047E+00,-0.047E+00,-0.047E+00,-0.188E+00,-0.75E+00,+7.08E+00,-6.30E+00,+3.540E+00
2,16/2/2026,19:08:00.513,-0.047E+00,-0.047E+00,+0.000E+00,-0.188E+00,-0.63E+00,+7.02E+00,-6.36E+00,+3.502E+00
2,16/2/2026,19:08:00.513,+0.000E+00,-0.047E+00,+0.000E+00,-0.188E+00,-0.50E+00,+6.96E+00,-6.42E+00,+3.472E+00
2,16/2/2026,19:08:00.513,-0.047E+00,-0.047E+00,+0.000E+00,-0.188E+00,-0.38E+00,+6.88E+00,-6.47E+00,+3.434E+00
2,16/2/2026,19:08:00.513,-0.047E+00,-0.047E+00,+0.000E+00,-0.188E+00,-0.24E+00,+6.81E+00,-6.53E+00,+3.395E+00
2,16/2/2026,19:08:00.513,+0.000E+00,-0.047E+00,-0.047E+00,-0.188E+00,-0.12E+00,+6.73E+00,-6.58E+00,+3.357E+00
2,16/2/2026,19:08:00.513,-0.047E+00,+0.000E+00,-0.047E+00,-0.188E+00,+0.00E+00,+6.64E+00,-6.64E+00,+3.311E+00
2,16/2/2026,19:08:00.513,-0.047E+00,-0.047E+00,-0.047E+00,-0.188E+00,+0.12E+00,+6.56E+00,-6.68E+00,+3.266E+00
2,16/2/2026,19:08:00.513,+0.000E+00,-0.047E+00,-0.047E+00,-0.188E+00,+0.24E+00,+6.49E+00,-6.73E+00,+3.228E+00
2,16/2/2026,19:08:00.513,-0.047E+00,-0.047E+00,+0.000E+00,-0.188E+00,+0.37E+00,+6.39E+00,-6.78E+00,+3.189E+00
2,16/2/2026,19:08:00.513,-0.047E+00,-0.047E+00,+0.000E+00,-0.188E+00,+0.49E+00,+6.32E+00,-6.84E+00,+3.144E+00
2,16/2/2026,19:08:00.513,-0.047E+00,-0.047E+00,-0.047E+00,-0.188E+00,+0.60E+00,+6.23E+00,-6.88E+00,+3.105E+00
2,16/2/2026,19:08:00.513,-0.047E+00,-0.047E+00,+0.000E+00,-0.188E+00,+0.73E+00,+6.13E+00,-6.93E+00,+3.060E+00
2,16/2/2026,19:08:00.514,+0.000E+00,-0.047E+00,+0.000E+00,-0.188E+00,+0.85E+00,+6.06E+00,-6.97E+00,+3.014E+00
2,16/2/2026,19:08:00.514,-0.047E+00,-0.047E+00,+0.000E+00,-0.188E+00,+0.98E+00,+5.97E+00,-7.00E+00,+2.968E+00
2,16/2/2026,19:08:00.514,-0.047E+00,-0.047E+00,-0.047E+00,-0.188E+00,+1.10E+00,+5.88E+00,-7.05E+00,+2.930E+00
2,16/2/2026,19:08:00.514,-0.047E+00,-0.047E+00,-0.047E+00,-0.188E+00,+1.21E+00,+5.78E+00,-7.08E+00,+2.884E+00
2,16/2/2026,19:08:00.514,-0.047E+00,-0.047E+00,-0.047E+00,-0.188E+00,+1.33E+00,+5.71E+00,-7.13E+00,+2.846E+00
2,16/2/2026,19:08:00.514,-0.047E+00,-0.047E+00,-0.047E+00,-0.188E+00,+1.45E+00,+5.62E+00,-7.16E+00,+2.800E+00
2,16/2/2026,19:08:00.514,-0.047E+00,-0.047E+00,-0.047E+00,-0.188E+00,+1.57E+00,+5.54E+00,-7.19E+00,+2.754E+00
2,16/2/2026,19:08:00.514,+0.000E+00,-0.047E+00,-0.047E+00,-0.188E+00,+1.69E+00,+5.45E+00,-7.20E+00,+2.716E+00
2,16/2/2026,19:08:00.514,-0.047E+00,-0.047E+00,-0.047E+00,-0.188E+00,+1.80E+00,+5.36E+00,-7.25E+00,+2.671E+00
2,16/2/2026,19:08:00.514,-0.047E+00,-0.047E+00,-0.047E+00,-0.188E+00,+1.92E+00,+5.28E+00,-7.28E+00,+2.625E+00
2,16/2/2026,19:08:00.514,+0.000E+00,-0.047E+00,+0.000E+00,-0.188E+00,+2.03E+00,+5.19E+00,-7.31E+00,+2.579E+00
2,16/2/2026,19:08:00.514,-0.047E+00,-0.047E+00,+0.000E+00,-0.188E+00,+2.15E+00,+5.10E+00,-7.32E+00,+2.541E+00
2,16/2/2026,19:08:00.514,-0.047E+00,-0.047E+00,-0.047E+00,-0.188E+00,+2.26E+00,+5.02E+00,-7.36E+00,+2.495E+00
2,16/2/2026,19:08:00.514,-0.047E+00,-0.047E+00,-0.047E+00,-0.188E+00,+2.38E+00,+4.93E+00,-7.37E+00,+2.457E+00
2,16/2/2026,19:08:00.514,-0.047E+00,-0.047E+00,-0.047E+00,-0.188E+00,+2.50E+00,+4.84E+00,-7.40E+00,+2.403E+00
2,16/2/2026,19:08:00.514,-0.047E+00,-0.047E+00,-0.047E+00,-0.188E+00,+2.61E+00,+4.75E+00,-7.42E+00,+2.365E+00
2,16/2/2026,19:08:00.514,+0.000E+00,-0.047E+00,+0.000E+00,-0.188E+00,+2.72E+00,+4.65E+00,-7.43E+00,+2.320E+00
2,16/2/2026,19:08:00.514,-0.047E+00,-0.047E+00,-0.047E+00,-0.188E+00,+2.82E+00,+4.56E+00,-7.46E+00,+2.274E+00
2,16/2/2026,19:08:00.514,-0.047E+00,-0.047E+00,-0.047E+00,-0.188E+00,+2.93E+00,+4.47E+00,-7.48E+00,+2.220E+00
2,16/2/2026,19:08:00.514,-0.047E+00,-0.047E+00,+0.000E+00,-0.188E+00,+3.05E+00,+4.36E+00,-7.49E+00,+2.175E+00
2,16/2/2026,19:08:00.515,-0.047E+00,-0.047E+00,+0.000E+00,-0.188E+00,+3.16E+00,+4.27E+00,-7.51E+00,+2.129E+00
2,16/2/2026,19:08:00.515,-0.047E+00,-0.047E+00,-0.047E+00,-0.188E+00,+3.27E+00,+4.17E+00,-7.52E+00,+2.075E+00
2,16/2/2026,19:08:00.515,-0.047E+00,-0.047E+00,-0.047E+00,-0.188E+00,+3.37E+00,+4.07E+00,-7.54E+00,+2.030E+00
2,16/2/2026,19:08:00.515,-0.047E+00,-0.047E+00,+0.000E+00,-0.188E+00,+3.48E+00,+3.98E+00,-7.54E+00,+1.976E+00
2,16/2/2026,19:08:00.515,-0.047E+00,-0.047E+00,+0.000E+00,-0.188E+00,+3.59E+00,+3.88E+00,-7.57E+00,+1.923E+00
2,16/2/2026,19:08:00.515,-0.047E+00,-0.047E+00,-0.047E+00,-0.188E+00,+3.69E+00,+3.77E+00,-7.57E+00,+1.877E+00
2,16/2/2026,19:08:00.515,-0.047E+00,-0.047E+00,-0.047E+00,-0.188E+00,+3.80E+00,+3.68E+00,-7.58E+00,+1.831E+00
2,16/2/2026,19:08:00.515,-0.047E+00,-0.047E+00,+0.000E+00,-0.188E+00,+3.89E+00,+3.57E+00,-7.58E+00,+1.778E+00
2,16/2/2026,19:08:00.515,+0.000E+00,-0.047E+00,-0.047E+00,-0.188E+00,+4.00E+00,+3.46E+00,-7.60E+00,+1.724E+00
2,16/2/2026,19:08:00.515,-0.047E+00,-0.047E+00,-0.047E+00,-0.188E+00,+4.10E+00,+3.36E+00,-7.60E+00,+1.671E+00
2,16/2/2026,19:08:00.515,-0.047E+00,-0.047E+00,-0.047E+00,-0.188E+00,+4.21E+00,+3.25E+00,-7.61E+00,+1.618E+00
2,16/2/2026,19:08:00.515,-0.047E+00,-0.047E+00,-0.047E+00,-0.188E+00,+4.30E+00,+3.14E+00,-7.61E+00,+1.564E+00
2,16/2/2026,19:08:00.515,-0.047E+00,-0.047E+00,-0.047E+00,-0.188E+00,+4.41E+00,+3.04E+00,-7.63E+00,+1.511E+00
2,16/2/2026,19:08:00.515,-0.047E+00,-0.047E+00,-0.047E+00,-0.188E+00,+4.52E+00,+2.93E+00,-7.63E+00,+1.457E+00
2,16/2/2026,19:08:00.515,-0.047E+00,-0.047E+00,-0.047E+00,-0.188E+00,+4.62E+00,+2.82E+00,-7.63E+00,+1.404E+00
2,16/2/2026,19:08:00.515,-0.047E+00,-0.047E+00,-0.047E+00,-0.188E+00,+4.73E+00,+2.70E+00,-7.63E+00,+1.351E+00
2,16/2/2026,19:08:00.515,-0.047E+00,-0.047E+00,-0.047E+00,-0.188E+00,+4.82E+00,+2.59E+00,-7.65E+00,+1.297E+00
2,16/2/2026,19:08:00.515,-0.047E+00,-0.047E+00,-0.047E+00,-0.188E+00,+4.93E+00,+2.47E+00,-7.65E+00,+1.236E+00
2,16/2/2026,19:08:00.515,-0.047E+00,-0.047E+00,-0.047E+00,-0.188E+00,+5.02E+00,+2.37E+00,-7.65E+00,+1.183E+00
2,16/2/2026,19:08:00.515,-0.047E+00,-0.047E+00,+0.000E+00,-0.188E+00,+5.13E+00,+2.26E+00,-7.65E+00,+1.129E+00
2,16/2/2026,19:08:00.516,-0.047E+00,-0.047E+00,+0.000E+00,-0.188E+00,+5.22E+00,+2.14E+00,-7.65E+00,+1.076E+00
2,16/2/2026,19:08:00.516,-0.047E+00,-0.047E+00,-0.047E+00,-0.188E+00,+5.33E+00,+2.03E+00,-7.65E+00,+1.022E+00
2,16/2/2026,19:08:00.516,-0.047E+00,-0.047E+00,-0.047E+00,-0.188E+00,+5.42E+00,+1.91E+00,-7.65E+00,+0.961E+00
2,16/2/2026,19:08:00.516,-0.047E+00,-0.047E+00,+0.000E+00,-0.188E+00,+5.51E+00,+1.80E+00,-7.63E+00,+0.908E+00
2,16/2/2026,19:08:00.516,-0.047E+00,-0.047E+00,+0.000E+00,-0.188E+00,+5.60E+00,+1.68E+00,-7.61E+00,+0.847E+00
2,16/2/2026,19:08:00.516,-0.047E+00,-0.047E+00,+0.000E+00,-0.188E+00,+5.68E+00,+1.56E+00,-7.60E+00,+0.794E+00
2,16/2/2026,19:08:00.516,+0.000E+00,-0.047E+00,+0.000E+00,-0.188E+00,+5.77E+00,+1.43E+00,-7.57E+00,+0.732E+00
2,16/2/2026,19:08:00.516,-0.047E+00,-0.047E+00,+0.000E+00,-0.188E+00,+5.84E+00,+1.31E+00,-7.54E+00,+0.679E+00
2,16/2/2026,19:08:00.516,-0.047E+00,-0.047E+00,+0.000E+00,-0.188E+00,+5.91E+00,+1.19E+00,-7.51E+00,+0.618E+00
2,16/2/2026,19:08:00.516,-0.047E+00,-0.047E+00,-0.047E+00,-0.188E+00,+5.98E+00,+1.07E+00,-7.45E+00,+0.557E+00
2,16/2/2026,19:08:00.516,+0.000E+00,-0.047E+00,-0.047E+00,-0.188E+00,+6.06E+00,+0.95E+00,-7.39E+00,+0.496E+00
2,16/2/2026,19:08:00.516,-0.047E+00,-0.047E+00,-0.047E+00,-0.188E+00,+6.13E+00,+0.84E+00,-7.34E+00,+0.435E+00
2,16/2/2026,19:08:00.516,-0.047E+00,-0.047E+00,-0.047E+00,-0.188E+00,+6.20E+00,+0.72E+00,-7.28E+00,+0.382E+00
2,16/2/2026,19:08:00.516,+0.000E+00,-0.047E+00,-0.047E+00,-0.188E+00,+6.26E+00,+0.60E+00,-7.22E+00,+0.320E+00
2,16/2/2026,19:08:00.516,-0.047E+00,-0.047E+00,+0.000E+00,-0.188E+00,+6.33E+00,+0.47E+00,-7.16E+00,+0.259E+00
2,16/2/2026,19:08:00.516,-0.047E+00,-0.047E+00,+0.000E+00,-0.188E+00,+6.39E+00,+0.37E+00,-7.10E+00,+0.198E+00
2,16/2/2026,19:08:00.516,+0.000E+00,-0.047E+00,-0.047E+00,-0.188E+00,+6.46E+00,+0.24E+00,-7.03E+00,+0.145E+00
2,16/2/2026,19:08:00.516,-0.047E+00,-0.047E+00,-0.047E+00,-0.188E+00,+6.50E+00,+0.12E+00,-6.97E+00,+0.084E+00
2,16/2/2026,19:08:00.516,-0.047E+00,-0.047E+00,+0.000E+00,-0.188E+00,+6.56E+00,+0.00E+00,-6.91E+00,+0.031E+00
2,16/2/2026,19:08:00.516,-0.047E+00,-0.047E+00,-0.047E+00,-0.188E+00,+6.62E+00,-0.11E+00,-6.85E+00,-0.031E+00
2,16/2/2026,19:08:00.517,-0.047E+00,-0.047E+00,-0.047E+00,-0.188E+00,+6.67E+00,-0.24E+00,-6.78E+00,-0.092E+00
2,16/2/2026,19:08:00.517,-0.047E+00,-0.047E+00,-0.047E+00,-0.188E+00,+6.71E+00,-0.37E+00,-6.71E+00,-0.153E+00
2,16/2/2026,19:08:00.517,-0.047E+00,+0.000E+00,-0.047E+00,-0.188E+00,+6.75E+00,-0.47E+00,-6.64E+00,-0.214E+00
2,16/2/2026,19:08:00.517,-0.047E+00,-0.047E+00,+0.000E+00,-0.188E+00,+6.79E+00,-0.60E+00,-6.56E+00,-0.267E+00
2,16/2/2026,19:08:00.517,+0.000E+00,-0.047E+00,+0.000E+00,-0.188E+00,+6.84E+00,-0.72E+00,-6.49E+00,-0.328E+00
2,16/2/2026,19:08:00.517,-0.047E+00,-0.047E+00,+0.000E+00,-0.188E+00,+6.87E+00,-0.84E+00,-6.39E+00,-0.389E+00
2,16/2/2026,19:08:00.517,-0.047E+00,-0.047E+00,-0.047E+00,-0.188E+00,+6.91E+00,-0.96E+00,-6.30E+00,-0.450E+00
2,16/2/2026,19:08:00.517,-0.047E+00,-0.047E+00,+0.000E+00,-0.188E+00,+6.94E+00,-1.10E+00,-6.21E+00,-0.511E+00
2,16/2/2026,19:08:00.517,-0.047E+00,-0.047E+00,+0.000E+00,-0.188E+00,+6.97E+00,-1.22E+00,-6.12E+00,-0.572E+00
2,16/2/2026,19:08:00.517,-0.047E+00,-0.047E+00,+0.000E+00,-0.188E+00,+7.00E+00,-1.34E+00,-6.04E+00,-0.633E+00
2,16/2/2026,19:08:00.517,-0.047E+00,-0.047E+00,+0.000E+00,-0.188E+00,+7.05E+00,-1.45E+00,-5.95E+00,-0.694E+00
2,16/2/2026,19:08:00.517,-0.047E+00,-0.047E+00,-0.047E+00,-0.188E+00,+7.08E+00,-1.59E+00,-5.86E+00,-0.755E+00
2,16/2/2026,19:08:00.517,-0.047E+00,-0.047E+00,-0.047E+00,-0.188E+00,+7.11E+00,-1.71E+00,-5.78E+00,-0.816E+00
2,16/2/2026,19:08:00.517,-0.047E+00,-0.047E+00,-0.047E+00,-0.188E+00,+7.14E+00,-1.83E+00,-5.69E+00,-0.877E+00
2,16/2/2026,19:08:00.517,-0.047E+00,-0.047E+00,-0.047E+00,-0.188E+00,+7.19E+00,-1.95E+00,-5.62E+00,-0.939E+00
2,16/2/2026,19:08:00.517,-0.047E+00,-0.047E+00,-0.047E+00,-0.188E+00,+7.22E+00,-2.06E+00,-5.52E+00,-1.000E+00
2,16/2/2026,19:08:00.517,-0.047E+00,-0.047E+00,-0.047E+00,-0.188E+00,+7.23E+00,-2.18E+00,-5.45E+00,-1.053E+00
2,16/2/2026,19:08:00.517,-0.047E+00,-0.047E+00,+0.000E+00,-0.188E+00,+7.26E+00,-2.30E+00,-5.36E+00,-1.114E+00
2,16/2/2026,19:08:00.517,-0.047E+00,-0.047E+00,-0.047E+00,-0.188E+00,+7.29E+00,-2.43E+00,-5.26E+00,-1.175E+00
2,16/2/2026,19:08:00.517,-0.047E+00,-0.047E+00,-0.047E+00,-0.188E+00,+7.32E+00,-2.53E+00,-5.17E+00,-1.236E+00
2,16/2/2026,19:08:00.518,-0.047E+00,-0.047E+00,-0.047E+00,-0.188E+00,+7.36E+00,-2.66E+00,-5.08E+00,-1.289E+00
2,16/2/2026,19:08:00.518,-0.047E+00,-0.047E+00,+0.000E+00,-0.188E+00,+7.37E+00,-2.78E+00,-5.01E+00,-1.351E+00
2,16/2/2026,19:08:00.518,-0.047E+00,-0.047E+00,-0.047E+00,-0.188E+00,+7.40E+00,-2.90E+00,-4.91E+00,-1.404E+00
2,16/2/2026,19:08:00.518,-0.047E+00,-0.047E+00,-0.047E+00,-0.188E+00,+7.42E+00,-3.01E+00,-4.81E+00,-1.465E+00
2,16/2/2026,19:08:00.518,-0.047E+00,-0.047E+00,+0.000E+00,-0.188E+00,+7.43E+00,-3.13E+00,-4.73E+00,-1.518E+00
2,16/2/2026,19:08:00.518,-0.047E+00,-0.047E+00,-0.047E+00,-0.188E+00,+7.45E+00,-3.24E+00,-4.62E+00,-1.572E+00
2,16/2/2026,19:08:00.518,-0.047E+00,-0.047E+00,-0.047E+00,-0.188E+00,+7.46E+00,-3.34E+00,-4.52E+00,-1.625E+00
2,16/2/2026,19:08:00.518,-0.047E+00,-0.047E+00,-0.047E+00,-0.188E+00,+7.49E+00,-3.45E+00,-4.44E+00,-1.686E+00
2,16/2/2026,19:08:00.518,-0.047E+00,-0.047E+00,-0.047E+00,-0.188E+00,+7.51E+00,-3.57E+00,-4.33E+00,-1.740E+00
2,16/2/2026,19:08:00.518,-0.047E+00,-0.047E+00,+0.000E+00,-0.188E+00,+7.52E+00,-3.68E+00,-4.24E+00,-1.793E+00
2,16/2/2026,19:08:00.518,-0.047E+00,-0.047E+00,+0.000E+00,-0.188E+00,+7.54E+00,-3.77E+00,-4.15E+00,-1.846E+00
2,16/2/2026,19:08:00.518,-0.047E+00,-0.047E+00,-0.047E+00,-0.188E+00,+7.54E+00,-3.89E+00,-4.06E+00,-1.900E+00
2,16/2/2026,19:08:00.518,-0.047E+00,-0.047E+00,-0.047E+00,-0.188E+00,+7.55E+00,-4.00E+00,-3.94E+00,-1.946E+00
2,16/2/2026,19:08:00.518,-0.047E+00,-0.047E+00,-0.047E+00,-0.188E+00,+7.57E+00,-4.09E+00,-3.83E+00,-1.999E+00
2,16/2/2026,19:08:00.518,-0.047E+00,-0.047E+00,-0.047E+00,-0.188E+00,+7.57E+00,-4.20E+00,-3.74E+00,-2.052E+00
2,16/2/2026,19:08:00.518,+0.000E+00,-0.047E+00,+0.000E+00,-0.188E+00,+7.57E+00,-4.30E+00,-3.63E+00,-2.098E+00
2,16/2/2026,19:08:00.518,+0.000E+00,-0.047E+00,+0.000E+00,-0.188E+00,+7.58E+00,-4.41E+00,-3.53E+00,-2.152E+00
2,16/2/2026,19:08:00.518,-0.047E+00,-0.047E+00,+0.000E+00,-0.188E+00,+7.58E+00,-4.50E+00,-3.43E+00,-2.205E+00
2,16/2/2026,19:08:00.518,-0.047E+00,-0.047E+00,-0.047E+00,-0.188E+00,+7.60E+00,-4.61E+00,-3.31E+00,-2.251E+00
2,16/2/2026,19:08:00.518,-0.047E+00,-0.047E+00,-0.047E+00,-0.188E+00,+7.60E+00,-4.70E+00,-3.22E+00,-2.304E+00
2,16/2/2026,19:08:00.519,-0.047E+00,-0.047E+00,-0.047E+00,-0.235E+00,+7.60E+00,-4.79E+00,-3.11E+00,-2.350E+00
2,16/2/2026,19:08:00.519,-0.047E+00,-0.047E+00,-0.047E+00,-0.188E+00,+7.60E+00,-4.90E+00,-2.99E+00,-2.403E+00
2,16/2/2026,19:08:00.519,-0.047E+00,-0.047E+00,-0.047E+00,-0.188E+00,+7.61E+00,-4.99E+00,-2.88E+00,-2.449E+00
2,16/2/2026,19:08:00.519,-0.047E+00,-0.047E+00,+0.000E+00,-0.188E+00,+7.60E+00,-5.10E+00,-2.78E+00,-2.503E+00
2,16/2/2026,19:08:00.519,-0.047E+00,-0.047E+00,-0.047E+00,-0.188E+00,+7.60E+00,-5.20E+00,-2.67E+00,-2.556E+00
2,16/2/2026,19:08:00.519,-0.047E+00,+0.000E+00,-0.047E+00,-0.188E+00,+7.60E+00,-5.30E+00,-2.55E+00,-2.602E+00
2,16/2/2026,19:08:00.519,-0.047E+00,-0.047E+00,-0.047E+00,-0.235E+00,+7.60E+00,-5.39E+00,-2.44E+00,-2.655E+00
2,16/2/2026,19:08:00.519,-0.047E+00,-0.047E+00,-0.047E+00,-0.188E+00,+7.58E+00,-5.49E+00,-2.33E+00,-2.709E+00
2,16/2/2026,19:08:00.519,-0.047E+00,-0.047E+00,-0.047E+00,-0.188E+00,+7.58E+00,-5.59E+00,-2.21E+00,-2.754E+00
2,16/2/2026,19:08:00.519,-0.047E+00,-0.047E+00,-0.047E+00,-0.188E+00,+7.57E+00,-5.66E+00,-2.11E+00,-2.800E+00
2,16/2/2026,19:08:00.519,-0.047E+00,-0.047E+00,+0.000E+00,-0.188E+00,+7.55E+00,-5.75E+00,-1.98E+00,-2.838E+00
2,16/2/2026,19:08:00.519,-0.047E+00,-0.047E+00,+0.000E+00,-0.188E+00,+7.52E+00,-5.84E+00,-1.88E+00,-2.884E+00
2,16/2/2026,19:08:00.519,-0.047E+00,-0.047E+00,-0.047E+00,-0.188E+00,+7.49E+00,-5.92E+00,-1.77E+00,-2.930E+00
2,16/2/2026,19:08:00.519,-0.047E+00,-0.047E+00,-0.047E+00,-0.188E+00,+7.46E+00,-6.00E+00,-1.65E+00,-2.968E+00
2,16/2/2026,19:08:00.519,-0.047E+00,-0.047E+00,-0.047E+00,-0.188E+00,+7.43E+00,-6.09E+00,-1.53E+00,-3.006E+00
2,16/2/2026,19:08:00.519,-0.047E+00,-0.047E+00,-0.047E+00,-0.188E+00,+7.39E+00,-6.15E+00,-1.42E+00,-3.037E+00
2,16/2/2026,19:08:00.519,+0.000E+00,-0.047E+00,-0.047E+00,-0.188E+00,+7.34E+00,-6.23E+00,-1.28E+00,-3.067E+00
2,16/2/2026,19:08:00.519,+0.000E+00,-0.047E+00,-0.047E+00,-0.188E+00,+7.31E+00,-6.30E+00,-1.18E+00,-3.113E+00
2,16/2/2026,19:08:00.519,-0.047E+00,-0.047E+00,-0.047E+00,-0.188E+00,+7.26E+00,-6.36E+00,-1.05E+00,-3.144E+00
2,16/2/2026,19:08:00.519,-0.047E+00,-0.047E+00,+0.000E+00,-0.188E+00,+7.20E+00,-6.44E+00,-0.93E+00,-3.182E+00
2,16/2/2026,19:08:00.520,+0.000E+00,-0.047E+00,-0.047E+00,-0.188E+00,+7.16E+00,-6.50E+00,-0.81E+00,-3.212E+00
2,16/2/2026,19:08:00.520,-0.047E+00,-0.047E+00,-0.047E+00,-0.235E+00,+7.10E+00,-6.56E+00,-0.69E+00,-3.243E+00
2,16/2/2026,19:08:00.520,-0.047E+00,-0.047E+00,+0.000E+00,-0.188E+00,+7.03E+00,-6.62E+00,-0.56E+00,-3.273E+00
2,16/2/2026,19:08:00.520,-0.047E+00,-0.047E+00,+0.000E+00,-0.188E+00,+6.99E+00,-6.68E+00,-0.44E+00,-3.304E+00
2,16/2/2026,19:08:00.520,-0.047E+00,-0.047E+00,-0.047E+00,-0.188E+00,+6.91E+00,-6.75E+00,-0.32E+00,-3.334E+00
2,16/2/2026,19:08:00.520,-0.047E+00,-0.047E+00,-0.047E+00,-0.188E+00,+6.84E+00,-6.81E+00,-0.20E+00,-3.365E+00
2,16/2/2026,19:08:00.520,+0.000E+00,-0.047E+00,+0.000E+00,-0.188E+00,+6.76E+00,-6.85E+00,-0.08E+00,-3.388E+00
2,16/2/2026,19:08:00.520,-0.047E+00,-0.047E+00,+0.000E+00,-0.188E+00,+6.70E+00,-6.91E+00,+0.05E+00,-3.418E+00
2,16/2/2026,19:08:00.520,-0.047E+00,-0.047E+00,-0.047E+00,-0.188E+00,+6.62E+00,-6.97E+00,+0.15E+00,-3.449E+00
2,16/2/2026,19:08:00.520,-0.047E+00,-0.047E+00,-0.047E+00,-0.188E+00,+6.53E+00,-7.02E+00,+0.27E+00,-3.472E+00
2,16/2/2026,19:08:00.520,-0.047E+00,-0.047E+00,+0.000E+00,-0.188E+00,+6.46E+00,-7.07E+00,+0.38E+00,-3.495E+00
2,16/2/2026,19:08:00.520,-0.047E+00,-0.047E+00,-0.047E+00,-0.188E+00,+6.38E+00,-7.11E+00,+0.50E+00,-3.517E+00
2,16/2/2026,19:08:00.520,-0.047E+00,-0.047E+00,-0.047E+00,-0.188E+00,+6.29E+00,-7.16E+00,+0.64E+00,-3.533E+00
2,16/2/2026,19:08:00.520,-0.047E+00,-0.047E+00,+0.000E+00,-0.188E+00,+6.20E+00,-7.20E+00,+0.76E+00,-3.556E+00
2,16/2/2026,19:08:00.520,-0.047E+00,-0.047E+00,-0.047E+00,-0.188E+00,+6.10E+00,-7.23E+00,+0.89E+00,-3.571E+00
2,16/2/2026,19:08:00.520,-0.047E+00,-0.047E+00,-0.047E+00,-0.188E+00,+6.03E+00,-7.28E+00,+1.01E+00,-3.594E+00
2,16/2/2026,19:08:00.520,-0.047E+00,-0.047E+00,-0.047E+00,-0.188E+00,+5.94E+00,-7.31E+00,+1.13E+00,-3.609E+00
2,16/2/2026,19:08:00.520,-0.047E+00,-0.047E+00,-0.047E+00,-0.188E+00,+5.84E+00,-7.34E+00,+1.25E+00,-3.624E+00
2,16/2/2026,19:08:00.520,+0.000E+00,-0.047E+00,+0.000E+00,-0.188E+00,+5.77E+00,-7.39E+00,+1.39E+00,-3.640E+00
2,16/2/2026,19:08:00.520,+0.000E+00,-0.047E+00,-0.047E+00,-0.188E+00,+5.68E+00,-7.40E+00,+1.51E+00,-3.647E+00
2,16/2/2026,19:08:00.521,-0.047E+00,-0.047E+00,-0.047E+00,-0.188E+00,+5.60E+00,-7.43E+00,+1.63E+00,-3.670E+00
2,16/2/2026,19:08:00.521,-0.047E+00,-0.047E+00,-0.047E+00,-0.188E+00,+5.51E+00,-7.46E+00,+1.74E+00,-3.678E+00
2,16/2/2026,19:08:00.521,-0.047E+00,+0.000E+00,+0.000E+00,-0.188E+00,+5.42E+00,-7.49E+00,+1.86E+00,-3.693E+00
2,16/2/2026,19:08:00.521,-0.047E+00,-0.047E+00,+0.000E+00,-0.188E+00,+5.34E+00,-7.51E+00,+1.98E+00,-3.708E+00
2,16/2/2026,19:08:00.521,+0.000E+00,-0.047E+00,+0.000E+00,-0.188E+00,+5.25E+00,-7.54E+00,+2.09E+00,-3.716E+00
2,16/2/2026,19:08:00.521,-0.047E+00,-0.047E+00,-0.047E+00,-0.188E+00,+5.16E+00,-7.57E+00,+2.21E+00,-3.723E+00
2,16/2/2026,19:08:00.521,-0.094E+00,-0.047E+00,-0.047E+00,-0.188E+00,+5.07E+00,-7.58E+00,+2.32E+00,-3.739E+00
2,16/2/2026,19:08:00.521,-0.047E+00,+0.000E+00,+0.000E+00,-0.188E+00,+4.97E+00,-7.60E+00,+2.44E+00,-3.746E+00
2,16/2/2026,19:08:00.521,+0.000E+00,-0.047E+00,+0.000E+00,-0.188E+00,+4.88E+00,-7.63E+00,+2.55E+00,-3.762E+00
2,16/2/2026,19:08:00.521,-0.047E+00,-0.047E+00,-0.047E+00,-0.188E+00,+4.79E+00,-7.65E+00,+2.67E+00,-3.769E+00
2,16/2/2026,19:08:00.521,-0.047E+00,-0.047E+00,-0.047E+00,-0.188E+00,+4.70E+00,-7.68E+00,+2.78E+00,-3.777E+00
2,16/2/2026,19:08:00.521,-0.047E+00,-0.047E+00,-0.047E+00,-0.188E+00,+4.61E+00,-7.69E+00,+2.90E+00,-3.785E+00
2,16/2/2026,19:08:00.521,-0.047E+00,-0.047E+00,-0.047E+00,-0.188E+00,+4.52E+00,-7.71E+00,+3.01E+00,-3.792E+00
2,16/2/2026,19:08:00.521,-0.047E+00,-0.047E+00,-0.047E+00,-0.188E+00,+4.43E+00,-7.72E+00,+3.11E+00,-3.800E+00
2,16/2/2026,19:08:00.521,-0.047E+00,-0.047E+00,-0.047E+00,-0.188E+00,+4.33E+00,-7.74E+00,+3.22E+00,-3.807E+00
2,16/2/2026,19:08:00.521,-0.047E+00,-0.047E+00,-0.047E+00,-0.188E+00,+4.23E+00,-7.75E+00,+3.33E+00,-3.807E+00
2,16/2/2026,19:08:00.521,-0.047E+00,-0.047E+00,+0.000E+00,-0.188E+00,+4.14E+00,-7.75E+00,+3.43E+00,-3.815E+00
2,16/2/2026,19:08:00.521,-0.047E+00,-0.047E+00,+0.000E+00,-0.188E+00,+4.04E+00,-7.77E+00,+3.54E+00,-3.823E+00
2,16/2/2026,19:08:00.521,-0.047E+00,-0.047E+00,-0.047E+00,-0.188E+00,+3.94E+00,-7.78E+00,+3.65E+00,-3.823E+00
2,16/2/2026,19:08:00.521,-0.047E+00,-0.047E+00,-0.047E+00,-0.188E+00,+3.85E+00,-7.80E+00,+3.75E+00,-3.830E+00
2,16/2/2026,19:08:00.522,-0.047E+00,-0.047E+00,-0.047E+00,-0.188E+00,+3.74E+00,-7.80E+00,+3.85E+00,-3.830E+00
2,16/2/2026,19:08:00.522,-0.047E+00,-0.047E+00,-0.047E+00,-0.188E+00,+3.65E+00,-7.80E+00,+3.95E+00,-3.838E+00
2,16/2/2026,19:08:00.522,-0.047E+00,-0.047E+00,-0.047E+00,-0.141E+00,+3.54E+00,-7.81E+00,+4.06E+00,-3.838E+00
2,16/2/2026,19:08:00.522,+0.000E+00,-0.047E+00,-0.047E+00,-0.188E+00,+3.43E+00,-7.81E+00,+4.15E+00,-3.838E+00
2,16/2/2026,19:08:00.522,-0.047E+00,-0.047E+00,-0.047E+00,-0.188E+00,+3.33E+00,-7.83E+00,+4.26E+00,-3.846E+00
2,16/2/2026,19:08:00.522,-0.047E+00,-0.047E+00,-0.047E+00,-0.188E+00,+3.24E+00,-7.83E+00,+4.36E+00,-3.846E+00
2,16/2/2026,19:08:00.522,+0.000E+00,-0.047E+00,-0.047E+00,-0.188E+00,+3.11E+00,-7.83E+00,+4.46E+00,-3.846E+00
2,16/2/2026,19:08:00.522,-0.047E+00,-0.047E+00,+0.000E+00,-0.188E+00,+3.01E+00,-7.83E+00,+4.56E+00,-3.846E+00
2,16/2/2026,19:08:00.522,-0.047E+00,-0.047E+00,-0.047E+00,-0.235E+00,+2.91E+00,-7.83E+00,+4.65E+00,-3.846E+00
2,16/2/2026,19:08:00.522,-0.047E+00,-0.047E+00,-0.047E+00,-0.188E+00,+2.79E+00,-7.84E+00,+4.76E+00,-3.838E+00
2,16/2/2026,19:08:00.522,-0.047E+00,-0.047E+00,+0.000E+00,-0.188E+00,+2.69E+00,-7.84E+00,+4.85E+00,-3.838E+00
2,16/2/2026,19:08:00.522,-0.047E+00,-0.047E+00,-0.047E+00,-0.188E+00,+2.58E+00,-7.83E+00,+4.94E+00,-3.838E+00
2,16/2/2026,19:08:00.522,-0.047E+00,-0.047E+00,-0.047E+00,-0.188E+00,+2.46E+00,-7.83E+00,+5.05E+00,-3.830E+00
2,16/2/2026,19:08:00.522,-0.047E+00,-0.047E+00,+0.000E+00,-0.188E+00,+2.35E+00,-7.83E+00,+5.16E+00,-3.830E+00
2,16/2/2026,19:08:00.522,-0.047E+00,-0.047E+00,+0.000E+00,-0.188E+00,+2.23E+00,-7.83E+00,+5.23E+00,-3.823E+00
2,16/2/2026,19:08:00.522,+0.000E+00,-0.047E+00,-0.047E+00,-0.188E+00,+2.12E+00,-7.81E+00,+5.33E+00,-3.815E+00
2,16/2/2026,19:08:00.522,-0.047E+00,-0.047E+00,-0.047E+00,-0.235E+00,+2.01E+00,-7.78E+00,+5.42E+00,-3.807E+00
2,16/2/2026,19:08:00.522,+0.000E+00,-0.047E+00,-0.047E+00,-0.188E+00,+1.91E+00,-7.77E+00,+5.51E+00,-3.792E+00
2,16/2/2026,19:08:00.522,-0.047E+00,-0.047E+00,+0.000E+00,-0.188E+00,+1.79E+00,-7.74E+00,+5.59E+00,-3.769E+00
2,16/2/2026,19:08:00.522,-0.047E+00,-0.047E+00,+0.000E+00,-0.188E+00,+1.68E+00,-7.69E+00,+5.66E+00,-3.746E+00
2,16/2/2026,19:08:00.523,-0.047E+00,-0.047E+00,-0.047E+00,-0.188E+00,+1.56E+00,-7.63E+00,+5.74E+00,-3.723E+00
2,16/2/2026,19:08:00.523,-0.047E+00,-0.047E+00,-0.047E+00,-0.188E+00,+1.43E+00,-7.58E+00,+5.81E+00,-3.693E+00
2,16/2/2026,19:08:00.523,-0.047E+00,-0.047E+00,+0.000E+00,-0.188E+00,+1.31E+00,-7.54E+00,+5.88E+00,-3.670E+00
2,16/2/2026,19:08:00.523,-0.047E+00,-0.047E+00,+0.000E+00,-0.188E+00,+1.19E+00,-7.49E+00,+5.95E+00,-3.647E+00
2,16/2/2026,19:08:00.523,+0.000E+00,-0.047E+00,-0.047E+00,-0.188E+00,+1.07E+00,-7.43E+00,+6.03E+00,-3.617E+00
2,16/2/2026,19:08:00.523,-0.047E+00,-0.047E+00,-0.047E+00,-0.188E+00,+0.95E+00,-7.39E+00,+6.09E+00,-3.594E+00
2,16/2/2026,19:08:00.523,-0.047E+00,-0.047E+00,+0.000E+00,-0.188E+00,+0.82E+00,-7.34E+00,+6.15E+00,-3.563E+00
2,16/2/2026,19:08:00.523,+0.000E+00,-0.047E+00,-0.047E+00,-0.141E+00,+0.70E+00,-7.28E+00,+6.21E+00,-3.533E+00
2,16/2/2026,19:08:00.523,-0.047E+00,-0.047E+00,-0.047E+00,-0.188E+00,+0.58E+00,-7.22E+00,+6.27E+00,-3.502E+00
2,16/2/2026,19:08:00.523,-0.047E+00,-0.047E+00,+0.000E+00,-0.188E+00,+0.44E+00,-7.14E+00,+6.32E+00,-3.472E+00
2,16/2/2026,19:08:00.523,-0.047E+00,-0.047E+00,+0.000E+00,-0.188E+00,+0.32E+00,-7.08E+00,+6.38E+00,-3.426E+00
2,16/2/2026,19:08:00.523,-0.047E+00,-0.047E+00,-0.047E+00,-0.188E+00,+0.20E+00,-6.99E+00,+6.44E+00,-3.388E+00
2,16/2/2026,19:08:00.523,-0.047E+00,-0.047E+00,-0.047E+00,-0.188E+00,+0.08E+00,-6.91E+00,+6.49E+00,-3.350E+00
2,16/2/2026,19:08:00.523,-0.047E+00,-0.047E+00,+0.000E+00,-0.188E+00,-0.06E+00,-6.84E+00,+6.55E+00,-3.311E+00
2,16/2/2026,19:08:00.523,-0.047E+00,-0.047E+00,+0.000E+00,-0.188E+00,-0.17E+00,-6.76E+00,+6.59E+00,-3.266E+00
2,16/2/2026,19:08:00.523,-0.047E+00,-0.047E+00,+0.000E+00,-0.188E+00,-0.27E+00,-6.67E+00,+6.64E+00,-3.220E+00
2,16/2/2026,19:08:00.523,+0.000E+00,-0.047E+00,+0.000E+00,-0.188E+00,-0.40E+00,-6.58E+00,+6.68E+00,-3.182E+00
2,16/2/2026,19:08:00.523,+0.000E+00,-0.047E+00,+0.000E+00,-0.235E+00,-0.53E+00,-6.50E+00,+6.73E+00,-3.136E+00
2,16/2/2026,19:08:00.523,-0.047E+00,-0.047E+00,-0.047E+00,-0.188E+00,-0.64E+00,-6.41E+00,+6.78E+00,-3.098E+00
2,16/2/2026,19:08:00.523,-0.047E+00,-0.047E+00,-0.047E+00,-0.188E+00,-0.78E+00,-6.33E+00,+6.82E+00,-3.052E+00
2,16/2/2026,19:08:00.524,-0.047E+00,-0.047E+00,-0.047E+00,-0.188E+00,-0.89E+00,-6.24E+00,+6.87E+00,-3.014E+00
2,16/2/2026,19:08:00.524,-0.047E+00,-0.047E+00,-0.047E+00,-0.188E+00,-1.02E+00,-6.15E+00,+6.90E+00,-2.968E+00
2,16/2/2026,19:08:00.524,-0.047E+00,-0.047E+00,+0.000E+00,-0.188E+00,-1.14E+00,-6.07E+00,+6.94E+00,-2.922E+00
2,16/2/2026,19:08:00.524,-0.047E+00,-0.047E+00,+0.000E+00,-0.188E+00,-1.27E+00,-5.98E+00,+6.99E+00,-2.877E+00
2,16/2/2026,19:08:00.524,-0.047E+00,-0.047E+00,+0.000E+00,-0.188E+00,-1.39E+00,-5.91E+00,+7.02E+00,-2.838E+00
2,16/2/2026,19:08:00.524,-0.047E+00,+0.000E+00,-0.047E+00,-0.188E+00,-1.50E+00,-5.81E+00,+7.05E+00,-2.800E+00
2,16/2/2026,19:08:00.524,+0.000E+00,-0.047E+00,-0.047E+00,-0.188E+00,-1.62E+00,-5.72E+00,+7.08E+00,-2.754E+00
2,16/2/2026,19:08:00.524,-0.047E+00,-0.047E+00,-0.047E+00,-0.188E+00,-1.74E+00,-5.65E+00,+7.11E+00,-2.716E+00
2,16/2/2026,19:08:00.524,-0.047E+00,-0.047E+00,+0.000E+00,-0.188E+00,-1.86E+00,-5.55E+00,+7.14E+00,-2.671E+00
2,16/2/2026,19:08:00.524,-0.047E+00,-0.047E+00,+0.000E+00,-0.188E+00,-1.97E+00,-5.46E+00,+7.17E+00,-2.617E+00
2,16/2/2026,19:08:00.524,-0.047E+00,-0.047E+00,-0.047E+00,-0.188E+00,-2.09E+00,-5.39E+00,+7.20E+00,-2.579E+00
2,16/2/2026,19:08:00.524,-0.047E+00,-0.047E+00,+0.000E+00,-0.188E+00,-2.20E+00,-5.30E+00,+7.23E+00,-2.533E+00
2,16/2/2026,19:08:00.524,-0.047E+00,-0.047E+00,-0.047E+00,-0.188E+00,-2.32E+00,-5.20E+00,+7.25E+00,-2.495E+00
2,16/2/2026,19:08:00.524,-0.047E+00,-0.047E+00,-0.047E+00,-0.188E+00,-2.44E+00,-5.11E+00,+7.28E+00,-2.449E+00
2,16/2/2026,19:08:00.524,-0.047E+00,-0.047E+00,-0.047E+00,-0.188E+00,-2.53E+00,-5.02E+00,+7.29E+00,-2.403E+00
2,16/2/2026,19:08:00.524,-0.047E+00,-0.047E+00,-0.047E+00,-0.188E+00,-2.66E+00,-4.94E+00,+7.31E+00,-2.358E+00
2,16/2/2026,19:08:00.524,-0.047E+00,-0.047E+00,-0.047E+00,-0.188E+00,-2.76E+00,-4.85E+00,+7.34E+00,-2.312E+00
2,16/2/2026,19:08:00.524,+0.000E+00,-0.047E+00,-0.047E+00,-0.188E+00,-2.87E+00,-4.76E+00,+7.36E+00,-2.266E+00
2,16/2/2026,19:08:00.524,+0.000E+00,-0.047E+00,+0.000E+00,-0.188E+00,-2.99E+00,-4.67E+00,+7.37E+00,-2.220E+00
2,16/2/2026,19:08:00.524,-0.047E+00,-0.047E+00,-0.047E+00,-0.188E+00,-3.10E+00,-4.56E+00,+7.39E+00,-2.175E+00
2,16/2/2026,19:08:00.525,-0.047E+00,-0.047E+00,-0.047E+00,-0.188E+00,-3.20E+00,-4.47E+00,+7.40E+00,-2.121E+00
2,16/2/2026,19:08:00.525,+0.000E+00,-0.047E+00,-0.047E+00,-0.188E+00,-3.31E+00,-4.38E+00,+7.42E+00,-2.075E+00
2,16/2/2026,19:08:00.525,-0.047E+00,-0.047E+00,-0.047E+00,-0.188E+00,-3.42E+00,-4.27E+00,+7.43E+00,-2.030E+00
2,16/2/2026,19:08:00.525,-0.047E+00,-0.047E+00,-0.047E+00,-0.188E+00,-3.53E+00,-4.18E+00,+7.45E+00,-1.976E+00
2,16/2/2026,19:08:00.525,-0.047E+00,-0.047E+00,-0.047E+00,-0.188E+00,-3.63E+00,-4.07E+00,+7.46E+00,-1.923E+00
2,16/2/2026,19:08:00.525,-0.047E+00,-0.047E+00,-0.047E+00,-0.188E+00,-3.72E+00,-3.97E+00,+7.46E+00,-1.877E+00
2,16/2/2026,19:08:00.525,-0.047E+00,+0.000E+00,-0.047E+00,-0.235E+00,-3.83E+00,-3.88E+00,+7.48E+00,-1.824E+00
2,16/2/2026,19:08:00.525,+0.000E+00,-0.047E+00,-0.047E+00,-0.188E+00,-3.94E+00,-3.77E+00,+7.49E+00,-1.770E+00
2,16/2/2026,19:08:00.525,+0.000E+00,-0.047E+00,+0.000E+00,-0.188E+00,-4.04E+00,-3.66E+00,+7.49E+00,-1.724E+00
2,16/2/2026,19:08:00.525,-0.047E+00,-0.047E+00,+0.000E+00,-0.188E+00,-4.15E+00,-3.56E+00,+7.51E+00,-1.671E+00
2,16/2/2026,19:08:00.525,-0.047E+00,-0.047E+00,-0.047E+00,-0.188E+00,-4.24E+00,-3.45E+00,+7.51E+00,-1.610E+00
2,16/2/2026,19:08:00.525,-0.047E+00,-0.047E+00,-0.047E+00,-0.188E+00,-4.35E+00,-3.34E+00,+7.51E+00,-1.564E+00
2,16/2/2026,19:08:00.525,-0.047E+00,-0.047E+00,-0.047E+00,-0.188E+00,-4.46E+00,-3.24E+00,+7.52E+00,-1.511E+00
2,16/2/2026,19:08:00.525,-0.047E+00,-0.047E+00,-0.047E+00,-0.188E+00,-4.56E+00,-3.13E+00,+7.54E+00,-1.457E+00
2,16/2/2026,19:08:00.525,-0.047E+00,-0.047E+00,+0.000E+00,-0.188E+00,-4.65E+00,-3.02E+00,+7.54E+00,-1.404E+00
2,16/2/2026,19:08:00.525,-0.047E+00,-0.047E+00,+0.000E+00,-0.188E+00,-4.76E+00,-2.91E+00,+7.54E+00,-1.351E+00
2,16/2/2026,19:08:00.525,-0.047E+00,-0.047E+00,-0.047E+00,-0.188E+00,-4.87E+00,-2.79E+00,+7.54E+00,-1.297E+00
2,16/2/2026,19:08:00.525,-0.047E+00,-0.047E+00,-0.047E+00,-0.188E+00,-4.97E+00,-2.69E+00,+7.54E+00,-1.236E+00
2,16/2/2026,19:08:00.525,-0.047E+00,-0.047E+00,-0.047E+00,-0.188E+00,-5.07E+00,-2.58E+00,+7.54E+00,-1.183E+00
2,16/2/2026,19:08:00.525,-0.047E+00,-0.047E+00,-0.047E+00,-0.188E+00,-5.16E+00,-2.46E+00,+7.54E+00,-1.129E+00
2,16/2/2026,19:08:00.526,-0.047E+00,-0.047E+00,+0.000E+00,-0.188E+00,-5.26E+00,-2.33E+00,+7.55E+00,-1.076E+00
2,16/2/2026,19:08:00.526,-0.047E+00,-0.047E+00,-0.047E+00,-0.188E+00,-5.37E+00,-2.23E+00,+7.54E+00,-1.015E+00
2,16/2/2026,19:08:00.526,-0.047E+00,-0.047E+00,-0.047E+00,-0.188E+00,-5.45E+00,-2.11E+00,+7.54E+00,-0.961E+00
2,16/2/2026,19:08:00.526,-0.047E+00,-0.047E+00,-0.047E+00,-0.188E+00,-5.55E+00,-2.00E+00,+7.54E+00,-0.908E+00
2,16/2/2026,19:08:00.526,-0.047E+00,-0.047E+00,+0.000E+00,-0.188E+00,-5.65E+00,-1.88E+00,+7.52E+00,-0.847E+00
2,16/2/2026,19:08:00.526,+0.000E+00,+0.000E+00,+0.000E+00,-0.188E+00,-5.72E+00,-1.75E+00,+7.51E+00,-0.786E+00
2,16/2/2026,19:08:00.526,-0.047E+00,-0.047E+00,-0.047E+00,-0.188E+00,-5.80E+00,-1.63E+00,+7.48E+00,-0.732E+00
2,16/2/2026,19:08:00.526,-0.047E+00,-0.047E+00,-0.047E+00,-0.188E+00,-5.88E+00,-1.51E+00,+7.43E+00,-0.671E+00
2,16/2/2026,19:08:00.526,-0.047E+00,-0.047E+00,-0.047E+00,-0.188E+00,-5.95E+00,-1.40E+00,+7.40E+00,-0.610E+00
2,16/2/2026,19:08:00.526,+0.000E+00,-0.047E+00,-0.047E+00,-0.188E+00,-6.03E+00,-1.28E+00,+7.34E+00,-0.557E+00
2,16/2/2026,19:08:00.526,-0.047E+00,-0.047E+00,-0.047E+00,-0.188E+00,-6.10E+00,-1.16E+00,+7.29E+00,-0.496E+00
2,16/2/2026,19:08:00.526,+0.000E+00,-0.047E+00,+0.000E+00,-0.188E+00,-6.17E+00,-1.04E+00,+7.23E+00,-0.435E+00
2,16/2/2026,19:08:00.526,+0.000E+00,-0.047E+00,+0.000E+00,-0.188E+00,-6.23E+00,-0.92E+00,+7.17E+00,-0.382E+00
2,16/2/2026,19:08:00.526,-0.047E+00,-0.047E+00,-0.047E+00,-0.188E+00,-6.30E+00,-0.81E+00,+7.11E+00,-0.320E+00
2,16/2/2026,19:08:00.526,-0.047E+00,-0.047E+00,-0.047E+00,-0.188E+00,-6.36E+00,-0.69E+00,+7.05E+00,-0.267E+00
2,16/2/2026,19:08:00.526,-0.047E+00,-0.047E+00,-0.047E+00,-0.188E+00,-6.42E+00,-0.56E+00,+6.99E+00,-0.206E+00
2,16/2/2026,19:08:00.526,-0.047E+00,-0.047E+00,-0.047E+00,-0.188E+00,-6.49E+00,-0.44E+00,+6.93E+00,-0.145E+00
2,16/2/2026,19:08:00.526,-0.047E+00,-0.047E+00,+0.000E+00,-0.188E+00,-6.55E+00,-0.34E+00,+6.87E+00,-0.084E+00
2,16/2/2026,19:08:00.526,-0.047E+00,-0.047E+00,-0.047E+00,-0.188E+00,-6.61E+00,-0.20E+00,+6.81E+00,-0.031E+00
2,16/2/2026,19:08:00.526,-0.047E+00,-0.047E+00,+0.000E+00,-0.188E+00,-6.65E+00,-0.09E+00,+6.75E+00,+0.031E+00
2,16/2/2026,19:08:00.527,-0.047E+00,-0.047E+00,+0.000E+00,-0.188E+00,-6.70E+00,+0.03E+00,+6.67E+00,+0.092E+00
2,16/2/2026,19:08:00.527,-0.047E+00,-0.047E+00,+0.000E+00,-0.188E+00,-6.75E+00,+0.17E+00,+6.61E+00,+0.153E+00
2,16/2/2026,19:08:00.527,-0.047E+00,-0.047E+00,-0.047E+00,-0.188E+00,-6.79E+00,+0.29E+00,+6.53E+00,+0.214E+00
2,16/2/2026,19:08:00.527,-0.047E+00,-0.047E+00,-0.047E+00,-0.188E+00,-6.82E+00,+0.40E+00,+6.46E+00,+0.275E+00
2,16/2/2026,19:08:00.527,-0.047E+00,-0.047E+00,+0.000E+00,-0.188E+00,-6.87E+00,+0.53E+00,+6.36E+00,+0.336E+00
2,16/2/2026,19:08:00.527,-0.047E+00,-0.047E+00,+0.000E+00,-0.188E+00,-6.90E+00,+0.64E+00,+6.29E+00,+0.397E+00
2,16/2/2026,19:08:00.527,+0.000E+00,-0.047E+00,+0.000E+00,-0.188E+00,-6.94E+00,+0.76E+00,+6.20E+00,+0.450E+00
2,16/2/2026,19:08:00.527,+0.000E+00,-0.047E+00,-0.047E+00,-0.188E+00,-6.97E+00,+0.89E+00,+6.10E+00,+0.511E+00
2,16/2/2026,19:08:00.527,-0.047E+00,-0.047E+00,-0.047E+00,-0.188E+00,-7.00E+00,+1.01E+00,+6.01E+00,+0.572E+00
2,16/2/2026,19:08:00.527,-0.047E+00,-0.047E+00,-0.047E+00,-0.188E+00,-7.05E+00,+1.13E+00,+5.92E+00,+0.641E+00
2,16/2/2026,19:08:00.527,-0.047E+00,-0.047E+00,-0.047E+00,-0.188E+00,-7.08E+00,+1.25E+00,+5.84E+00,+0.702E+00
2,16/2/2026,19:08:00.527,-0.047E+00,-0.047E+00,-0.047E+00,-0.188E+00,-7.11E+00,+1.39E+00,+5.75E+00,+0.763E+00
2,16/2/2026,19:08:00.527,-0.047E+00,-0.047E+00,-0.047E+00,-0.188E+00,-7.14E+00,+1.51E+00,+5.66E+00,+0.824E+00
2,16/2/2026,19:08:00.527,-0.047E+00,-0.047E+00,-0.047E+00,-0.188E+00,-7.19E+00,+1.63E+00,+5.59E+00,+0.885E+00
2,16/2/2026,19:08:00.527,-0.047E+00,-0.047E+00,-0.047E+00,-0.188E+00,-7.22E+00,+1.75E+00,+5.49E+00,+0.946E+00
2,16/2/2026,19:08:00.527,-0.047E+00,-0.047E+00,-0.047E+00,-0.188E+00,-7.25E+00,+1.88E+00,+5.42E+00,+1.000E+00
2,16/2/2026,19:08:00.527,-0.047E+00,-0.047E+00,+0.000E+00,-0.188E+00,-7.28E+00,+1.98E+00,+5.33E+00,+1.061E+00
2,16/2/2026,19:08:00.527,-0.047E+00,-0.047E+00,-0.047E+00,-0.188E+00,-7.31E+00,+2.11E+00,+5.25E+00,+1.122E+00
2,16/2/2026,19:08:00.527,-0.047E+00,-0.047E+00,-0.047E+00,-0.188E+00,-7.32E+00,+2.23E+00,+5.16E+00,+1.175E+00
2,16/2/2026,19:08:00.527,-0.047E+00,-0.047E+00,+0.000E+00,-0.188E+00,-7.36E+00,+2.35E+00,+5.08E+00,+1.236E+00
2,16/2/2026,19:08:00.528,-0.047E+00,-0.047E+00,-0.047E+00,-0.188E+00,-7.39E+00,+2.47E+00,+4.99E+00,+1.297E+00
2,16/2/2026,19:08:00.528,-0.047E+00,-0.047E+00,-0.047E+00,-0.188E+00,-7.40E+00,+2.58E+00,+4.88E+00,+1.351E+00
2,16/2/2026,19:08:00.528,-0.047E+00,-0.047E+00,+0.000E+00,-0.188E+00,-7.43E+00,+2.70E+00,+4.79E+00,+1.412E+00
2,16/2/2026,19:08:00.528,-0.047E+00,-0.047E+00,+0.000E+00,-0.188E+00,-7.45E+00,+2.82E+00,+4.72E+00,+1.465E+00
2,16/2/2026,19:08:00.528,-0.047E+00,-0.047E+00,-0.047E+00,-0.188E+00,-7.46E+00,+2.93E+00,+4.61E+00,+1.526E+00
2,16/2/2026,19:08:00.528,-0.047E+00,-0.047E+00,-0.047E+00,-0.188E+00,-7.49E+00,+3.04E+00,+4.50E+00,+1.579E+00
2,16/2/2026,19:08:00.528,-0.047E+00,-0.047E+00,+0.000E+00,-0.188E+00,-7.51E+00,+3.14E+00,+4.41E+00,+1.633E+00
2,16/2/2026,19:08:00.528,-0.047E+00,-0.047E+00,-0.047E+00,-0.188E+00,-7.52E+00,+3.25E+00,+4.32E+00,+1.686E+00
2,16/2/2026,19:08:00.528,-0.047E+00,-0.047E+00,-0.047E+00,-0.188E+00,-7.54E+00,+3.36E+00,+4.23E+00,+1.740E+00
2,16/2/2026,19:08:00.528,-0.047E+00,-0.047E+00,+0.000E+00,-0.188E+00,-7.55E+00,+3.48E+00,+4.12E+00,+1.793E+00
2,16/2/2026,19:08:00.528,-0.047E+00,-0.047E+00,+0.000E+00,-0.188E+00,-7.57E+00,+3.59E+00,+4.03E+00,+1.839E+00
2,16/2/2026,19:08:00.528,-0.047E+00,-0.047E+00,-0.047E+00,-0.188E+00,-7.58E+00,+3.69E+00,+3.94E+00,+1.900E+00
2,16/2/2026,19:08:00.528,-0.047E+00,-0.047E+00,-0.047E+00,-0.188E+00,-7.58E+00,+3.78E+00,+3.83E+00,+1.953E+00
2,16/2/2026,19:08:00.528,-0.047E+00,-0.047E+00,-0.047E+00,-0.188E+00,-7.60E+00,+3.89E+00,+3.72E+00,+1.999E+00
2,16/2/2026,19:08:00.528,-0.047E+00,-0.047E+00,-0.047E+00,-0.188E+00,-7.60E+00,+4.00E+00,+3.63E+00,+2.052E+00
2,16/2/2026,19:08:00.528,-0.047E+00,-0.047E+00,+0.000E+00,-0.188E+00,-7.61E+00,+4.10E+00,+3.53E+00,+2.106E+00
2,16/2/2026,19:08:00.528,-0.047E+00,-0.047E+00,+0.000E+00,-0.188E+00,-7.61E+00,+4.20E+00,+3.42E+00,+2.159E+00
2,16/2/2026,19:08:00.528,-0.047E+00,-0.047E+00,+0.000E+00,-0.188E+00,-7.63E+00,+4.30E+00,+3.31E+00,+2.205E+00
2,16/2/2026,19:08:00.528,-0.047E+00,-0.047E+00,-0.047E+00,-0.188E+00,-7.63E+00,+4.41E+00,+3.20E+00,+2.259E+00
2,16/2/2026,19:08:00.528,-0.047E+00,-0.047E+00,-0.047E+00,-0.188E+00,-7.63E+00,+4.50E+00,+3.10E+00,+2.304E+00
2,16/2/2026,19:08:00.529,-0.047E+00,-0.047E+00,-0.047E+00,-0.188E+00,-7.63E+00,+4.61E+00,+2.99E+00,+2.358E+00
2,16/2/2026,19:08:00.529,-0.047E+00,-0.047E+00,-0.047E+00,-0.188E+00,-7.65E+00,+4.70E+00,+2.88E+00,+2.411E+00
2,16/2/2026,19:08:00.529,-0.047E+00,-0.047E+00,+0.000E+00,-0.188E+00,-7.65E+00,+4.81E+00,+2.78E+00,+2.457E+00
2,16/2/2026,19:08:00.529,-0.047E+00,-0.047E+00,-0.047E+00,-0.188E+00,-7.65E+00,+4.90E+00,+2.67E+00,+2.510E+00
2,16/2/2026,19:08:00.529,+0.000E+00,-0.047E+00,-0.047E+00,-0.188E+00,-7.65E+00,+5.01E+00,+2.55E+00,+2.556E+00
2,16/2/2026,19:08:00.529,-0.047E+00,-0.047E+00,-0.047E+00,-0.188E+00,-7.63E+00,+5.10E+00,+2.44E+00,+2.609E+00
2,16/2/2026,19:08:00.529,-0.047E+00,-0.047E+00,+0.000E+00,-0.188E+00,-7.63E+00,+5.19E+00,+2.33E+00,+2.655E+00
2,16/2/2026,19:08:00.529,-0.047E+00,-0.047E+00,-0.047E+00,-0.188E+00,-7.63E+00,+5.28E+00,+2.23E+00,+2.701E+00
2,16/2/2026,19:08:00.529,-0.047E+00,-0.047E+00,+0.000E+00,-0.188E+00,-7.61E+00,+5.39E+00,+2.12E+00,+2.754E+00
2,16/2/2026,19:08:00.529,-0.047E+00,-0.047E+00,-0.047E+00,-0.188E+00,-7.60E+00,+5.48E+00,+2.00E+00,+2.800E+00
2,16/2/2026,19:08:00.529,-0.047E+00,-0.047E+00,-0.047E+00,-0.188E+00,-7.57E+00,+5.57E+00,+1.89E+00,+2.838E+00
2,16/2/2026,19:08:00.529,-0.047E+00,-0.047E+00,-0.047E+00,-0.188E+00,-7.55E+00,+5.65E+00,+1.77E+00,+2.884E+00
2,16/2/2026,19:08:00.529,-0.047E+00,-0.047E+00,+0.000E+00,-0.188E+00,-7.52E+00,+5.72E+00,+1.65E+00,+2.922E+00
2,16/2/2026,19:08:00.529,-0.047E+00,-0.047E+00,-0.047E+00,-0.188E+00,-7.48E+00,+5.81E+00,+1.54E+00,+2.960E+00
2,16/2/2026,19:08:00.529,-0.047E+00,-0.047E+00,-0.047E+00,-0.188E+00,-7.45E+00,+5.88E+00,+1.42E+00,+2.999E+00
2,16/2/2026,19:08:00.529,-0.047E+00,-0.047E+00,-0.047E+00,-0.188E+00,-7.42E+00,+5.95E+00,+1.30E+00,+3.037E+00
2,16/2/2026,19:08:00.529,-0.047E+00,-0.047E+00,+0.000E+00,-0.188E+00,-7.37E+00,+6.03E+00,+1.19E+00,+3.075E+00
2,16/2/2026,19:08:00.529,-0.047E+00,-0.047E+00,-0.047E+00,-0.188E+00,-7.32E+00,+6.10E+00,+1.07E+00,+3.105E+00
2,16/2/2026,19:08:00.529,-0.047E+00,-0.047E+00,-0.047E+00,-0.188E+00,-7.28E+00,+6.17E+00,+0.95E+00,+3.144E+00
2,16/2/2026,19:08:00.529,-0.047E+00,-0.047E+00,-0.047E+00,-0.188E+00,-7.23E+00,+6.23E+00,+0.82E+00,+3.174E+00
2,16/2/2026,19:08:00.530,-0.047E+00,-0.047E+00,+0.000E+00,-0.188E+00,-7.19E+00,+6.29E+00,+0.70E+00,+3.212E+00
2,16/2/2026,19:08:00.530,-0.047E+00,-0.047E+00,-0.047E+00,-0.188E+00,-7.13E+00,+6.36E+00,+0.58E+00,+3.243E+00
2,16/2/2026,19:08:00.530,-0.047E+00,-0.047E+00,-0.047E+00,-0.188E+00,-7.07E+00,+6.42E+00,+0.46E+00,+3.273E+00
2,16/2/2026,19:08:00.530,-0.047E+00,-0.047E+00,-0.047E+00,-0.188E+00,-7.00E+00,+6.49E+00,+0.34E+00,+3.304E+00
2,16/2/2026,19:08:00.530,-0.047E+00,-0.047E+00,+0.000E+00,-0.188E+00,-6.93E+00,+6.53E+00,+0.21E+00,+3.334E+00
2,16/2/2026,19:08:00.530,-0.047E+00,-0.047E+00,-0.047E+00,-0.188E+00,-6.87E+00,+6.59E+00,+0.09E+00,+3.357E+00
2,16/2/2026,19:08:00.530,-0.047E+00,-0.047E+00,+0.000E+00,-0.188E+00,-6.79E+00,+6.65E+00,-0.02E+00,+3.388E+00
2,16/2/2026,19:08:00.530,-0.047E+00,-0.047E+00,+0.000E+00,-0.141E+00,-6.71E+00,+6.71E+00,-0.15E+00,+3.418E+00
2,16/2/2026,19:08:00.530,-0.047E+00,-0.047E+00,-0.047E+00,-0.141E+00,-6.64E+00,+6.76E+00,-0.26E+00,+3.441E+00
2,16/2/2026,19:08:00.530,-0.047E+00,+0.000E+00,-0.047E+00,-0.188E+00,-6.56E+00,+6.82E+00,-0.37E+00,+3.472E+00
2,16/2/2026,19:08:00.530,-0.047E+00,-0.047E+00,-0.047E+00,-0.188E+00,-6.47E+00,+6.87E+00,-0.49E+00,+3.495E+00
2,16/2/2026,19:08:00.530,-0.047E+00,-0.047E+00,-0.047E+00,-0.188E+00,-6.39E+00,+6.91E+00,-0.61E+00,+3.510E+00
2,16/2/2026,19:08:00.530,-0.047E+00,+0.000E+00,-0.047E+00,-0.188E+00,-6.32E+00,+6.96E+00,-0.73E+00,+3.533E+00
2,16/2/2026,19:08:00.530,-0.047E+00,-0.047E+00,-0.047E+00,-0.188E+00,-6.23E+00,+6.99E+00,-0.85E+00,+3.556E+00
2,16/2/2026,19:08:00.530,-0.047E+00,-0.047E+00,-0.047E+00,-0.141E+00,-6.13E+00,+7.03E+00,-0.99E+00,+3.571E+00
2,16/2/2026,19:08:00.530,-0.047E+00,-0.047E+00,-0.047E+00,-0.188E+00,-6.04E+00,+7.08E+00,-1.11E+00,+3.586E+00
2,16/2/2026,19:08:00.530,-0.047E+00,-0.047E+00,+0.000E+00,-0.188E+00,-5.97E+00,+7.11E+00,-1.24E+00,+3.601E+00
2,16/2/2026,19:08:00.530,+0.000E+00,-0.047E+00,+0.000E+00,-0.188E+00,-5.88E+00,+7.14E+00,-1.36E+00,+3.617E+00
2,16/2/2026,19:08:00.530,-0.047E+00,-0.047E+00,-0.047E+00,-0.188E+00,-5.78E+00,+7.17E+00,-1.48E+00,+3.632E+00
2,16/2/2026,19:08:00.530,-0.047E+00,-0.047E+00,-0.047E+00,-0.188E+00,-5.71E+00,+7.20E+00,-1.60E+00,+3.647E+00
2,16/2/2026,19:08:00.531,-0.047E+00,-0.047E+00,-0.047E+00,-0.188E+00,-5.62E+00,+7.22E+00,-1.72E+00,+3.662E+00
2,16/2/2026,19:08:00.531,-0.047E+00,-0.047E+00,-0.047E+00,-0.188E+00,-5.52E+00,+7.25E+00,-1.85E+00,+3.678E+00
2,16/2/2026,19:08:00.531,-0.047E+00,-0.047E+00,+0.000E+00,-0.188E+00,-5.45E+00,+7.28E+00,-1.97E+00,+3.685E+00
2,16/2/2026,19:08:00.531,-0.047E+00,-0.047E+00,+0.000E+00,-0.188E+00,-5.36E+00,+7.31E+00,-2.08E+00,+3.701E+00
2,16/2/2026,19:08:00.531,-0.047E+00,-0.047E+00,-0.047E+00,-0.188E+00,-5.26E+00,+7.32E+00,-2.20E+00,+3.716E+00
2,16/2/2026,19:08:00.531,-0.047E+00,-0.047E+00,-0.047E+00,-0.188E+00,-5.17E+00,+7.36E+00,-2.32E+00,+3.723E+00
2,16/2/2026,19:08:00.531,-0.047E+00,-0.047E+00,+0.000E+00,-0.188E+00,-5.08E+00,+7.39E+00,-2.44E+00,+3.731E+00
2,16/2/2026,19:08:00.531,-0.047E+00,-0.047E+00,+0.000E+00,-0.188E+00,-4.99E+00,+7.40E+00,-2.55E+00,+3.746E+00
2,16/2/2026,19:08:00.531,-0.047E+00,-0.047E+00,-0.047E+00,-0.188E+00,-4.91E+00,+7.42E+00,-2.66E+00,+3.754E+00
2,16/2/2026,19:08:00.531,+0.000E+00,-0.047E+00,-0.047E+00,-0.188E+00,-4.81E+00,+7.45E+00,-2.78E+00,+3.769E+00
2,16/2/2026,19:08:00.531,-0.047E+00,+0.000E+00,+0.000E+00,-0.188E+00,-4.72E+00,+7.46E+00,-2.90E+00,+3.777E+00
2,16/2/2026,19:08:00.531,-0.047E+00,-0.047E+00,-0.047E+00,-0.188E+00,-4.62E+00,+7.48E+00,-3.01E+00,+3.785E+00
2,16/2/2026,19:08:00.531,-0.047E+00,-0.047E+00,-0.047E+00,-0.188E+00,-4.53E+00,+7.51E+00,-3.11E+00,+3.792E+00
2,16/2/2026,19:08:00.531,-0.047E+00,-0.047E+00,-0.047E+00,-0.188E+00,-4.44E+00,+7.51E+00,-3.22E+00,+3.800E+00
2,16/2/2026,19:08:00.531,-0.047E+00,-0.047E+00,-0.047E+00,-0.235E+00,-4.35E+00,+7.52E+00,-3.33E+00,+3.807E+00
2,16/2/2026,19:08:00.531,-0.047E+00,-0.047E+00,-0.047E+00,-0.188E+00,-4.24E+00,+7.54E+00,-3.43E+00,+3.807E+00
2,16/2/2026,19:08:00.531,-0.047E+00,-0.047E+00,+0.000E+00,-0.188E+00,-4.15E+00,+7.55E+00,-3.54E+00,+3.807E+00
2,16/2/2026,19:08:00.531,-0.047E+00,-0.047E+00,-0.047E+00,-0.188E+00,-4.06E+00,+7.57E+00,-3.65E+00,+3.815E+00
2,16/2/2026,19:08:00.531,-0.047E+00,-0.047E+00,-0.047E+00,-0.188E+00,-3.97E+00,+7.57E+00,-3.75E+00,+3.823E+00
2,16/2/2026,19:08:00.531,-0.047E+00,-0.047E+00,+0.000E+00,-0.188E+00,-3.88E+00,+7.58E+00,-3.86E+00,+3.823E+00
2,16/2/2026,19:08:00.532,-0.047E+00,-0.047E+00,+0.000E+00,-0.188E+00,-3.77E+00,+7.58E+00,-3.95E+00,+3.830E+00
2,16/2/2026,19:08:00.532,-0.047E+00,-0.047E+00,-0.047E+00,-0.188E+00,-3.66E+00,+7.60E+00,-4.06E+00,+3.838E+00
2,16/2/2026,19:08:00.532,-0.047E+00,-0.047E+00,-0.047E+00,-0.188E+00,-3.57E+00,+7.60E+00,-4.17E+00,+3.838E+00
2,16/2/2026,19:08:00.532,-0.047E+00,-0.047E+00,-0.047E+00,-0.188E+00,-3.46E+00,+7.61E+00,-4.26E+00,+3.838E+00
2,16/2/2026,19:08:00.532,-0.047E+00,-0.047E+00,+0.000E+00,-0.188E+00,-3.36E+00,+7.61E+00,-4.36E+00,+3.838E+00
2,16/2/2026,19:08:00.532,-0.047E+00,-0.047E+00,+0.000E+00,-0.188E+00,-3.25E+00,+7.61E+00,-4.47E+00,+3.838E+00
2,16/2/2026,19:08:00.532,-0.047E+00,-0.047E+00,+0.000E+00,-0.188E+00,-3.14E+00,+7.61E+00,-4.58E+00,+3.838E+00
2,16/2/2026,19:08:00.532,+0.000E+00,-0.047E+00,-0.047E+00,-0.188E+00,-3.05E+00,+7.63E+00,-4.67E+00,+3.838E+00
2,16/2/2026,19:08:00.532,-0.047E+00,-0.047E+00,-0.047E+00,-0.188E+00,-2.93E+00,+7.63E+00,-4.76E+00,+3.838E+00
2,16/2/2026,19:08:00.532,-0.047E+00,-0.047E+00,-0.047E+00,-0.188E+00,-2.82E+00,+7.63E+00,-4.87E+00,+3.838E+00
2,16/2/2026,19:08:00.532,-0.047E+00,-0.047E+00,-0.047E+00,-0.188E+00,-2.72E+00,+7.63E+00,-4.96E+00,+3.838E+00
2,16/2/2026,19:08:00.532,-0.047E+00,-0.047E+00,+0.000E+00,-0.188E+00,-2.59E+00,+7.63E+00,-5.07E+00,+3.838E+00
2,16/2/2026,19:08:00.532,-0.047E+00,-0.047E+00,+0.000E+00,-0.188E+00,-2.49E+00,+7.63E+00,-5.16E+00,+3.830E+00
2,16/2/2026,19:08:00.532,+0.000E+00,-0.047E+00,-0.047E+00,-0.188E+00,-2.38E+00,+7.61E+00,-5.25E+00,+3.823E+00
2,16/2/2026,19:08:00.532,-0.047E+00,-0.047E+00,-0.047E+00,-0.188E+00,-2.26E+00,+7.61E+00,-5.34E+00,+3.823E+00
2,16/2/2026,19:08:00.532,-0.047E+00,-0.047E+00,+0.000E+00,-0.188E+00,-2.15E+00,+7.60E+00,-5.43E+00,+3.807E+00
2,16/2/2026,19:08:00.532,-0.047E+00,-0.047E+00,+0.000E+00,-0.188E+00,-2.04E+00,+7.58E+00,-5.52E+00,+3.800E+00
2,16/2/2026,19:08:00.532,-0.047E+00,-0.047E+00,-0.047E+00,-0.188E+00,-1.94E+00,+7.55E+00,-5.60E+00,+3.785E+00
2,16/2/2026,19:08:00.532,-0.047E+00,-0.047E+00,+0.000E+00,-0.188E+00,-1.82E+00,+7.52E+00,-5.68E+00,+3.769E+00
2,16/2/2026,19:08:00.532,-0.047E+00,-0.047E+00,+0.000E+00,-0.188E+00,-1.69E+00,+7.49E+00,-5.77E+00,+3.746E+00
2,16/2/2026,19:08:00.533,+0.000E+00,-0.047E+00,+0.000E+00,-0.188E+00,-1.59E+00,+7.43E+00,-5.84E+00,+3.723E+00
2,16/2/2026,19:08:00.533,-0.047E+00,-0.047E+00,+0.000E+00,-0.188E+00,-1.46E+00,+7.39E+00,-5.92E+00,+3.701E+00
2,16/2/2026,19:08:00.533,-0.047E+00,-0.047E+00,+0.000E+00,-0.188E+00,-1.34E+00,+7.32E+00,-6.00E+00,+3.670E+00
2,16/2/2026,19:08:00.533,-0.047E+00,-0.047E+00,-0.047E+00,-0.188E+00,-1.22E+00,+7.28E+00,-6.06E+00,+3.640E+00
2,16/2/2026,19:08:00.533,-0.047E+00,-0.047E+00,-0.047E+00,-0.188E+00,-1.10E+00,+7.23E+00,-6.13E+00,+3.617E+00
2,16/2/2026,19:08:00.533,-0.047E+00,-0.047E+00,+0.000E+00,-0.188E+00,-0.98E+00,+7.17E+00,-6.20E+00,+3.586E+00
2,16/2/2026,19:08:00.533,-0.047E+00,-0.047E+00,+0.000E+00,-0.188E+00,-0.85E+00,+7.13E+00,-6.26E+00,+3.563E+00
2,16/2/2026,19:08:00.533,-0.047E+00,-0.047E+00,-0.047E+00,-0.188E+00,-0.73E+00,+7.07E+00,-6.32E+00,+3.533E+00
2,16/2/2026,19:08:00.533,-0.047E+00,-0.047E+00,-0.047E+00,-0.188E+00,-0.61E+00,+7.00E+00,-6.38E+00,+3.502E+00
2,16/2/2026,19:08:00.533,-0.047E+00,-0.047E+00,-0.047E+00,-0.188E+00,-0.47E+00,+6.94E+00,-6.42E+00,+3.464E+00
2,16/2/2026,19:08:00.533,-0.047E+00,-0.047E+00,-0.047E+00,-0.188E+00,-0.35E+00,+6.87E+00,-6.49E+00,+3.426E+00
2,16/2/2026,19:08:00.533,-0.047E+00,-0.047E+00,-0.047E+00,-0.188E+00,-0.23E+00,+6.79E+00,-6.55E+00,+3.388E+00
2,16/2/2026,19:08:00.533,-0.047E+00,-0.047E+00,+0.000E+00,-0.188E+00,-0.11E+00,+6.71E+00,-6.59E+00,+3.342E+00
2,16/2/2026,19:08:00.533,-0.047E+00,-0.047E+00,+0.000E+00,-0.188E+00,+0.02E+00,+6.62E+00,-6.64E+00,+3.304E+00
2,16/2/2026,19:08:00.533,-0.047E+00,-0.047E+00,-0.047E+00,-0.188E+00,+0.14E+00,+6.55E+00,-6.70E+00,+3.258E+00
2,16/2/2026,19:08:00.533,-0.047E+00,-0.047E+00,-0.047E+00,-0.188E+00,+0.26E+00,+6.47E+00,-6.75E+00,+3.220E+00
2,16/2/2026,19:08:00.533,-0.047E+00,-0.047E+00,-0.047E+00,-0.235E+00,+0.38E+00,+6.38E+00,-6.79E+00,+3.182E+00
2,16/2/2026,19:08:00.533,-0.047E+00,-0.047E+00,-0.047E+00,-0.188E+00,+0.50E+00,+6.30E+00,-6.84E+00,+3.136E+00
2,16/2/2026,19:08:00.533,+0.000E+00,-0.047E+00,-0.047E+00,-0.188E+00,+0.63E+00,+6.21E+00,-6.88E+00,+3.090E+00
2,16/2/2026,19:08:00.533,-0.047E+00,-0.047E+00,+0.000E+00,-0.188E+00,+0.75E+00,+6.12E+00,-6.93E+00,+3.052E+00
2,16/2/2026,19:08:00.534,-0.047E+00,-0.047E+00,+0.000E+00,-0.235E+00,+0.87E+00,+6.04E+00,-6.97E+00,+3.006E+00
2,16/2/2026,19:08:00.534,-0.047E+00,-0.047E+00,+0.000E+00,-0.188E+00,+0.99E+00,+5.95E+00,-7.02E+00,+2.960E+00
2,16/2/2026,19:08:00.534,-0.047E+00,-0.047E+00,-0.047E+00,-0.188E+00,+1.11E+00,+5.86E+00,-7.05E+00,+2.922E+00
2,16/2/2026,19:08:00.534,-0.047E+00,-0.047E+00,-0.047E+00,-0.188E+00,+1.24E+00,+5.78E+00,-7.10E+00,+2.877E+00
2,16/2/2026,19:08:00.534,+0.000E+00,-0.047E+00,-0.047E+00,-0.188E+00,+1.36E+00,+5.69E+00,-7.13E+00,+2.831E+00
2,16/2/2026,19:08:00.534,-0.047E+00,-0.047E+00,+0.000E+00,-0.188E+00,+1.48E+00,+5.60E+00,-7.16E+00,+2.793E+00
2,16/2/2026,19:08:00.534,-0.047E+00,-0.047E+00,-0.047E+00,-0.188E+00,+1.60E+00,+5.51E+00,-7.19E+00,+2.747E+00
2,16/2/2026,19:08:00.534,-0.047E+00,-0.047E+00,-0.047E+00,-0.188E+00,+1.71E+00,+5.43E+00,-7.22E+00,+2.701E+00
2,16/2/2026,19:08:00.534,-0.047E+00,-0.047E+00,-0.047E+00,-0.235E+00,+1.83E+00,+5.34E+00,-7.25E+00,+2.663E+00
2,16/2/2026,19:08:00.534,-0.047E+00,-0.047E+00,-0.047E+00,-0.188E+00,+1.94E+00,+5.25E+00,-7.28E+00,+2.617E+00
2,16/2/2026,19:08:00.534,-0.047E+00,-0.047E+00,+0.000E+00,-0.188E+00,+2.06E+00,+5.17E+00,-7.31E+00,+2.571E+00
2,16/2/2026,19:08:00.534,-0.047E+00,-0.047E+00,-0.047E+00,-0.188E+00,+2.18E+00,+5.08E+00,-7.32E+00,+2.533E+00
2,16/2/2026,19:08:00.534,-0.047E+00,-0.047E+00,-0.047E+00,-0.188E+00,+2.29E+00,+4.99E+00,-7.36E+00,+2.487E+00
2,16/2/2026,19:08:00.534,-0.047E+00,-0.047E+00,-0.047E+00,-0.188E+00,+2.41E+00,+4.91E+00,-7.39E+00,+2.442E+00
2,16/2/2026,19:08:00.534,-0.047E+00,-0.047E+00,-0.047E+00,-0.188E+00,+2.52E+00,+4.82E+00,-7.40E+00,+2.396E+00
2,16/2/2026,19:08:00.534,-0.047E+00,-0.047E+00,-0.047E+00,-0.188E+00,+2.62E+00,+4.73E+00,-7.42E+00,+2.350E+00
2,16/2/2026,19:08:00.534,-0.047E+00,-0.047E+00,+0.000E+00,-0.188E+00,+2.73E+00,+4.64E+00,-7.45E+00,+2.304E+00
2,16/2/2026,19:08:00.534,-0.047E+00,-0.047E+00,+0.000E+00,-0.188E+00,+2.84E+00,+4.55E+00,-7.46E+00,+2.266E+00
2,16/2/2026,19:08:00.534,-0.047E+00,-0.047E+00,+0.000E+00,-0.188E+00,+2.96E+00,+4.46E+00,-7.48E+00,+2.213E+00
2,16/2/2026,19:08:00.534,+0.000E+00,-0.047E+00,+0.000E+00,-0.188E+00,+3.07E+00,+4.35E+00,-7.49E+00,+2.167E+00
2,16/2/2026,19:08:00.535,-0.047E+00,-0.047E+00,-0.047E+00,-0.188E+00,+3.17E+00,+4.26E+00,-7.51E+00,+2.114E+00
2,16/2/2026,19:08:00.535,-0.047E+00,-0.047E+00,-0.047E+00,-0.188E+00,+3.28E+00,+4.15E+00,-7.52E+00,+2.068E+00
2,16/2/2026,19:08:00.535,-0.047E+00,-0.047E+00,-0.047E+00,-0.188E+00,+3.39E+00,+4.06E+00,-7.54E+00,+2.014E+00
2,16/2/2026,19:08:00.535,-0.047E+00,-0.047E+00,-0.047E+00,-0.188E+00,+3.49E+00,+3.95E+00,-7.55E+00,+1.969E+00
2,16/2/2026,19:08:00.535,-0.047E+00,-0.047E+00,+0.000E+00,-0.188E+00,+3.60E+00,+3.85E+00,-7.57E+00,+1.915E+00
2,16/2/2026,19:08:00.535,+0.000E+00,-0.047E+00,+0.000E+00,-0.188E+00,+3.71E+00,+3.75E+00,-7.58E+00,+1.869E+00
2,16/2/2026,19:08:00.535,-0.047E+00,-0.047E+00,-0.047E+00,-0.188E+00,+3.82E+00,+3.66E+00,-7.58E+00,+1.816E+00
2,16/2/2026,19:08:00.535,-0.047E+00,-0.047E+00,-0.047E+00,-0.188E+00,+3.92E+00,+3.54E+00,-7.60E+00,+1.763E+00
2,16/2/2026,19:08:00.535,-0.047E+00,-0.047E+00,-0.047E+00,-0.188E+00,+4.01E+00,+3.43E+00,-7.60E+00,+1.717E+00
2,16/2/2026,19:08:00.535,-0.047E+00,-0.047E+00,-0.047E+00,-0.188E+00,+4.12E+00,+3.34E+00,-7.61E+00,+1.663E+00
2,16/2/2026,19:08:00.535,-0.047E+00,-0.047E+00,-0.047E+00,-0.188E+00,+4.23E+00,+3.24E+00,-7.61E+00,+1.610E+00
2,16/2/2026,19:08:00.535,+0.000E+00,-0.047E+00,-0.047E+00,-0.188E+00,+4.33E+00,+3.13E+00,-7.63E+00,+1.564E+00
2,16/2/2026,19:08:00.535,-0.047E+00,-0.047E+00,-0.047E+00,-0.188E+00,+4.43E+00,+3.02E+00,-7.63E+00,+1.511E+00
2,16/2/2026,19:08:00.535,-0.047E+00,-0.047E+00,-0.047E+00,-0.188E+00,+4.53E+00,+2.90E+00,-7.63E+00,+1.450E+00
2,16/2/2026,19:08:00.535,-0.047E+00,-0.047E+00,-0.047E+00,-0.188E+00,+4.64E+00,+2.79E+00,-7.63E+00,+1.396E+00
2,16/2/2026,19:08:00.535,-0.047E+00,-0.047E+00,+0.000E+00,-0.188E+00,+4.75E+00,+2.69E+00,-7.65E+00,+1.343E+00
2,16/2/2026,19:08:00.535,-0.047E+00,-0.047E+00,-0.047E+00,-0.188E+00,+4.84E+00,+2.56E+00,-7.65E+00,+1.289E+00
2,16/2/2026,19:08:00.535,-0.047E+00,-0.047E+00,-0.047E+00,-0.188E+00,+4.94E+00,+2.46E+00,-7.65E+00,+1.228E+00
2,16/2/2026,19:08:00.535,-0.047E+00,-0.047E+00,-0.047E+00,-0.188E+00,+5.04E+00,+2.33E+00,-7.65E+00,+1.175E+00
2,16/2/2026,19:08:00.535,-0.047E+00,-0.047E+00,-0.047E+00,-0.188E+00,+5.14E+00,+2.23E+00,-7.65E+00,+1.122E+00
2,16/2/2026,19:08:00.536,+0.000E+00,-0.047E+00,-0.047E+00,-0.188E+00,+5.25E+00,+2.12E+00,-7.65E+00,+1.061E+00
2,16/2/2026,19:08:00.536,+0.000E+00,-0.047E+00,-0.047E+00,-0.188E+00,+5.34E+00,+2.00E+00,-7.65E+00,+1.007E+00
2,16/2/2026,19:08:00.536,-0.047E+00,-0.047E+00,-0.047E+00,-0.188E+00,+5.43E+00,+1.89E+00,-7.65E+00,+0.954E+00
2,16/2/2026,19:08:00.536,-0.047E+00,-0.047E+00,-0.047E+00,-0.188E+00,+5.52E+00,+1.77E+00,-7.63E+00,+0.900E+00
2,16/2/2026,19:08:00.536,-0.047E+00,-0.047E+00,+0.000E+00,-0.188E+00,+5.62E+00,+1.66E+00,-7.63E+00,+0.847E+00
2,16/2/2026,19:08:00.536,-0.047E+00,-0.047E+00,+0.000E+00,-0.188E+00,+5.69E+00,+1.54E+00,-7.60E+00,+0.786E+00
2,16/2/2026,19:08:00.536,-0.047E+00,-0.047E+00,+0.000E+00,-0.188E+00,+5.77E+00,+1.40E+00,-7.57E+00,+0.725E+00
2,16/2/2026,19:08:00.536,+0.000E+00,-0.047E+00,-0.047E+00,-0.188E+00,+5.84E+00,+1.30E+00,-7.54E+00,+0.664E+00
2,16/2/2026,19:08:00.536,-0.047E+00,-0.047E+00,-0.047E+00,-0.188E+00,+5.92E+00,+1.18E+00,-7.49E+00,+0.610E+00
2,16/2/2026,19:08:00.536,-0.047E+00,-0.047E+00,-0.047E+00,-0.188E+00,+6.00E+00,+1.05E+00,-7.45E+00,+0.549E+00
2,16/2/2026,19:08:00.536,-0.047E+00,-0.047E+00,-0.047E+00,-0.188E+00,+6.07E+00,+0.93E+00,-7.39E+00,+0.488E+00
2,16/2/2026,19:08:00.536,-0.047E+00,-0.047E+00,-0.047E+00,-0.188E+00,+6.13E+00,+0.81E+00,-7.32E+00,+0.427E+00
2,16/2/2026,19:08:00.536,-0.047E+00,-0.047E+00,+0.000E+00,-0.188E+00,+6.21E+00,+0.70E+00,-7.28E+00,+0.366E+00
2,16/2/2026,19:08:00.536,-0.047E+00,-0.047E+00,-0.047E+00,-0.188E+00,+6.27E+00,+0.58E+00,-7.22E+00,+0.313E+00
2,16/2/2026,19:08:00.536,-0.047E+00,-0.047E+00,-0.047E+00,-0.188E+00,+6.33E+00,+0.46E+00,-7.16E+00,+0.252E+00
2,16/2/2026,19:08:00.536,-0.047E+00,-0.047E+00,+0.000E+00,-0.188E+00,+6.39E+00,+0.34E+00,-7.10E+00,+0.191E+00
2,16/2/2026,19:08:00.536,-0.047E+00,-0.047E+00,+0.000E+00,-0.188E+00,+6.46E+00,+0.21E+00,-7.03E+00,+0.137E+00
2,16/2/2026,19:08:00.536,-0.047E+00,-0.047E+00,+0.000E+00,-0.188E+00,+6.52E+00,+0.11E+00,-6.97E+00,+0.076E+00
2,16/2/2026,19:08:00.536,-0.047E+00,-0.047E+00,-0.047E+00,-0.188E+00,+6.58E+00,-0.02E+00,-6.90E+00,+0.015E+00
2,16/2/2026,19:08:00.536,-0.047E+00,-0.047E+00,-0.047E+00,-0.188E+00,+6.62E+00,-0.14E+00,-6.84E+00,-0.038E+00
2,16/2/2026,19:08:00.537,-0.047E+00,-0.047E+00,-0.047E+00,-0.188E+00,+6.67E+00,-0.26E+00,-6.78E+00,-0.099E+00
2,16/2/2026,19:08:00.537,-0.047E+00,-0.047E+00,-0.047E+00,-0.188E+00,+6.71E+00,-0.38E+00,-6.70E+00,-0.160E+00
2,16/2/2026,19:08:00.537,-0.047E+00,-0.047E+00,-0.047E+00,-0.188E+00,+6.76E+00,-0.50E+00,-6.62E+00,-0.221E+00
2,16/2/2026,19:08:00.537,-0.047E+00,-0.047E+00,+0.000E+00,-0.188E+00,+6.79E+00,-0.63E+00,-6.55E+00,-0.282E+00
2,16/2/2026,19:08:00.537,-0.047E+00,-0.047E+00,+0.000E+00,-0.188E+00,+6.82E+00,-0.75E+00,-6.46E+00,-0.343E+00
2,16/2/2026,19:08:00.537,+0.000E+00,-0.047E+00,-0.047E+00,-0.188E+00,+6.87E+00,-0.85E+00,-6.38E+00,-0.397E+00
2,16/2/2026,19:08:00.537,-0.047E+00,-0.047E+00,-0.047E+00,-0.188E+00,+6.91E+00,-0.98E+00,-6.29E+00,-0.465E+00
2,16/2/2026,19:08:00.537,-0.047E+00,-0.047E+00,-0.047E+00,-0.188E+00,+6.94E+00,-1.11E+00,-6.20E+00,-0.526E+00
2,16/2/2026,19:08:00.537,+0.000E+00,-0.047E+00,-0.047E+00,-0.188E+00,+6.97E+00,-1.24E+00,-6.12E+00,-0.588E+00
2,16/2/2026,19:08:00.537,-0.047E+00,-0.047E+00,-0.047E+00,-0.188E+00,+7.02E+00,-1.36E+00,-6.03E+00,-0.649E+00
2,16/2/2026,19:08:00.537,-0.047E+00,-0.047E+00,-0.047E+00,-0.188E+00,+7.05E+00,-1.48E+00,-5.94E+00,-0.710E+00
2,16/2/2026,19:08:00.537,-0.047E+00,-0.047E+00,-0.047E+00,-0.188E+00,+7.08E+00,-1.60E+00,-5.86E+00,-0.763E+00
2,16/2/2026,19:08:00.537,-0.047E+00,-0.047E+00,-0.047E+00,-0.188E+00,+7.13E+00,-1.72E+00,-5.77E+00,-0.824E+00
2,16/2/2026,19:08:00.537,-0.047E+00,-0.047E+00,+0.000E+00,-0.188E+00,+7.16E+00,-1.85E+00,-5.69E+00,-0.893E+00
2,16/2/2026,19:08:00.537,-0.047E+00,-0.047E+00,-0.047E+00,-0.188E+00,+7.19E+00,-1.97E+00,-5.60E+00,-0.946E+00
2,16/2/2026,19:08:00.537,-0.047E+00,-0.047E+00,-0.047E+00,-0.188E+00,+7.22E+00,-2.09E+00,-5.51E+00,-1.007E+00
2,16/2/2026,19:08:00.537,-0.047E+00,-0.047E+00,-0.047E+00,-0.235E+00,+7.25E+00,-2.21E+00,-5.43E+00,-1.068E+00
2,16/2/2026,19:08:00.537,-0.047E+00,-0.047E+00,+0.000E+00,-0.188E+00,+7.28E+00,-2.32E+00,-5.34E+00,-1.129E+00
2,16/2/2026,19:08:00.537,-0.047E+00,-0.047E+00,-0.047E+00,-0.188E+00,+7.31E+00,-2.44E+00,-5.25E+00,-1.183E+00
2,16/2/2026,19:08:00.537,-0.047E+00,-0.047E+00,-0.047E+00,-0.188E+00,+7.32E+00,-2.56E+00,-5.16E+00,-1.244E+00
2,16/2/2026,19:08:00.538,-0.047E+00,-0.047E+00,-0.047E+00,-0.188E+00,+7.36E+00,-2.69E+00,-5.08E+00,-1.305E+00
2,16/2/2026,19:08:00.538,-0.047E+00,-0.047E+00,-0.047E+00,-0.188E+00,+7.39E+00,-2.79E+00,-4.99E+00,-1.358E+00
2,16/2/2026,19:08:00.538,-0.047E+00,-0.094E+00,-0.047E+00,-0.188E+00,+7.40E+00,-2.91E+00,-4.90E+00,-1.419E+00
2,16/2/2026,19:08:00.538,-0.047E+00,-0.047E+00,+0.000E+00,-0.188E+00,+7.42E+00,-3.02E+00,-4.79E+00,-1.473E+00
2,16/2/2026,19:08:00.538,-0.047E+00,-0.047E+00,+0.000E+00,-0.188E+00,+7.43E+00,-3.14E+00,-4.70E+00,-1.526E+00
2,16/2/2026,19:08:00.538,-0.047E+00,-0.047E+00,+0.000E+00,-0.188E+00,+7.46E+00,-3.25E+00,-4.61E+00,-1.579E+00
2,16/2/2026,19:08:00.538,-0.047E+00,-0.047E+00,+0.000E+00,-0.188E+00,+7.48E+00,-3.36E+00,-4.52E+00,-1.633E+00
2,16/2/2026,19:08:00.538,+0.000E+00,-0.047E+00,+0.000E+00,-0.188E+00,+7.49E+00,-3.48E+00,-4.43E+00,-1.694E+00
2,16/2/2026,19:08:00.538,-0.047E+00,-0.047E+00,-0.047E+00,-0.188E+00,+7.51E+00,-3.59E+00,-4.32E+00,-1.747E+00
2,16/2/2026,19:08:00.538,-0.047E+00,-0.047E+00,-0.047E+00,-0.188E+00,+7.52E+00,-3.68E+00,-4.23E+00,-1.801E+00
2,16/2/2026,19:08:00.538,-0.047E+00,-0.047E+00,-0.047E+00,-0.188E+00,+7.54E+00,-3.78E+00,-4.12E+00,-1.854E+00
2,16/2/2026,19:08:00.538,-0.047E+00,-0.047E+00,-0.047E+00,-0.188E+00,+7.54E+00,-3.91E+00,-4.03E+00,-1.908E+00
2,16/2/2026,19:08:00.538,+0.000E+00,-0.047E+00,-0.047E+00,-0.188E+00,+7.55E+00,-4.01E+00,-3.92E+00,-1.953E+00
2,16/2/2026,19:08:00.538,-0.047E+00,+0.000E+00,-0.047E+00,-0.188E+00,+7.55E+00,-4.10E+00,-3.82E+00,-2.007E+00
2,16/2/2026,19:08:00.538,-0.047E+00,-0.047E+00,-0.047E+00,-0.188E+00,+7.57E+00,-4.21E+00,-3.72E+00,-2.060E+00
2,16/2/2026,19:08:00.538,-0.047E+00,-0.047E+00,-0.047E+00,-0.188E+00,+7.58E+00,-4.32E+00,-3.62E+00,-2.114E+00
2,16/2/2026,19:08:00.538,+0.000E+00,-0.047E+00,+0.000E+00,-0.188E+00,+7.58E+00,-4.43E+00,-3.51E+00,-2.159E+00
2,16/2/2026,19:08:00.538,-0.047E+00,-0.047E+00,+0.000E+00,-0.235E+00,+7.58E+00,-4.52E+00,-3.40E+00,-2.213E+00
2,16/2/2026,19:08:00.538,-0.047E+00,-0.047E+00,-0.047E+00,-0.188E+00,+7.60E+00,-4.61E+00,-3.31E+00,-2.259E+00
2,16/2/2026,19:08:00.538,+0.000E+00,-0.047E+00,+0.000E+00,-0.188E+00,+7.60E+00,-4.72E+00,-3.20E+00,-2.312E+00
2,16/2/2026,19:08:00.539,-0.047E+00,-0.047E+00,+0.000E+00,-0.188E+00,+7.60E+00,-4.82E+00,-3.08E+00,-2.365E+00
2,16/2/2026,19:08:00.539,-0.047E+00,-0.047E+00,-0.047E+00,-0.188E+00,+7.61E+00,-4.91E+00,-2.99E+00,-2.411E+00
2,16/2/2026,19:08:00.539,-0.047E+00,-0.047E+00,-0.047E+00,-0.188E+00,+7.60E+00,-5.02E+00,-2.87E+00,-2.465E+00
2,16/2/2026,19:08:00.539,-0.047E+00,-0.047E+00,-0.047E+00,-0.188E+00,+7.60E+00,-5.13E+00,-2.76E+00,-2.510E+00
2,16/2/2026,19:08:00.539,-0.047E+00,-0.047E+00,-0.047E+00,-0.188E+00,+7.61E+00,-5.22E+00,-2.66E+00,-2.564E+00
2,16/2/2026,19:08:00.539,-0.047E+00,-0.047E+00,-0.047E+00,-0.188E+00,+7.60E+00,-5.31E+00,-2.53E+00,-2.617E+00
2,16/2/2026,19:08:00.539,-0.047E+00,-0.047E+00,-0.047E+00,-0.188E+00,+7.60E+00,-5.40E+00,-2.43E+00,-2.663E+00
2,16/2/2026,19:08:00.539,-0.047E+00,-0.047E+00,+0.000E+00,-0.188E+00,+7.58E+00,-5.51E+00,-2.30E+00,-2.716E+00
2,16/2/2026,19:08:00.539,-0.047E+00,-0.047E+00,+0.000E+00,-0.188E+00,+7.57E+00,-5.60E+00,-2.20E+00,-2.762E+00
2,16/2/2026,19:08:00.539,-0.047E+00,-0.047E+00,+0.000E+00,-0.188E+00,+7.55E+00,-5.69E+00,-2.09E+00,-2.808E+00
2,16/2/2026,19:08:00.539,-0.047E+00,-0.047E+00,-0.047E+00,-0.188E+00,+7.54E+00,-5.78E+00,-1.97E+00,-2.854E+00
2,16/2/2026,19:08:00.539,+0.000E+00,-0.047E+00,-0.047E+00,-0.188E+00,+7.51E+00,-5.86E+00,-1.86E+00,-2.892E+00
2,16/2/2026,19:08:00.539,-0.047E+00,-0.047E+00,-0.047E+00,-0.188E+00,+7.49E+00,-5.95E+00,-1.74E+00,-2.930E+00
2,16/2/2026,19:08:00.539,-0.047E+00,-0.047E+00,+0.000E+00,-0.188E+00,+7.45E+00,-6.03E+00,-1.63E+00,-2.968E+00
2,16/2/2026,19:08:00.539,-0.047E+00,-0.047E+00,+0.000E+00,-0.188E+00,+7.42E+00,-6.09E+00,-1.51E+00,-3.006E+00
2,16/2/2026,19:08:00.539,-0.047E+00,-0.047E+00,+0.000E+00,-0.188E+00,+7.39E+00,-6.17E+00,-1.39E+00,-3.044E+00
2,16/2/2026,19:08:00.539,-0.047E+00,-0.047E+00,-0.047E+00,-0.188E+00,+7.34E+00,-6.24E+00,-1.27E+00,-3.083E+00
2,16/2/2026,19:08:00.539,-0.047E+00,-0.047E+00,+0.000E+00,-0.188E+00,+7.29E+00,-6.30E+00,-1.16E+00,-3.113E+00
2,16/2/2026,19:08:00.539,-0.047E+00,-0.047E+00,+0.000E+00,-0.188E+00,+7.25E+00,-6.38E+00,-1.04E+00,-3.151E+00
2,16/2/2026,19:08:00.539,-0.047E+00,-0.047E+00,-0.047E+00,-0.188E+00,+7.19E+00,-6.44E+00,-0.90E+00,-3.182E+00
2,16/2/2026,19:08:00.540,-0.047E+00,-0.047E+00,+0.000E+00,-0.188E+00,+7.14E+00,-6.50E+00,-0.79E+00,-3.220E+00
2,16/2/2026,19:08:00.540,-0.047E+00,-0.047E+00,+0.000E+00,-0.188E+00,+7.10E+00,-6.58E+00,-0.67E+00,-3.250E+00
2,16/2/2026,19:08:00.540,-0.047E+00,-0.047E+00,+0.000E+00,-0.188E+00,+7.03E+00,-6.64E+00,-0.53E+00,-3.281E+00
2,16/2/2026,19:08:00.540,-0.047E+00,-0.047E+00,+0.000E+00,-0.188E+00,+6.97E+00,-6.68E+00,-0.41E+00,-3.311E+00
2,16/2/2026,19:08:00.540,-0.047E+00,-0.047E+00,-0.047E+00,-0.188E+00,+6.90E+00,-6.76E+00,-0.29E+00,-3.342E+00
2,16/2/2026,19:08:00.540,+0.000E+00,-0.047E+00,-0.047E+00,-0.188E+00,+6.84E+00,-6.81E+00,-0.17E+00,-3.365E+00
2,16/2/2026,19:08:00.540,-0.047E+00,-0.047E+00,-0.047E+00,-0.188E+00,+6.76E+00,-6.87E+00,-0.06E+00,-3.403E+00
2,16/2/2026,19:08:00.540,-0.047E+00,-0.047E+00,-0.047E+00,-0.188E+00,+6.68E+00,-6.93E+00,+0.06E+00,-3.426E+00
2,16/2/2026,19:08:00.540,-0.047E+00,-0.047E+00,-0.047E+00,-0.188E+00,+6.61E+00,-6.99E+00,+0.18E+00,-3.449E+00
2,16/2/2026,19:08:00.540,+0.000E+00,-0.047E+00,-0.047E+00,-0.188E+00,+6.53E+00,-7.03E+00,+0.29E+00,-3.479E+00
2,16/2/2026,19:08:00.540,-0.047E+00,-0.047E+00,+0.000E+00,-0.188E+00,+6.44E+00,-7.08E+00,+0.41E+00,-3.502E+00
2,16/2/2026,19:08:00.540,-0.047E+00,-0.047E+00,+0.000E+00,-0.188E+00,+6.35E+00,-7.13E+00,+0.53E+00,-3.517E+00
2,16/2/2026,19:08:00.540,-0.047E+00,-0.047E+00,-0.047E+00,-0.188E+00,+6.27E+00,-7.17E+00,+0.66E+00,-3.540E+00
2,16/2/2026,19:08:00.540,-0.047E+00,-0.047E+00,+0.000E+00,-0.188E+00,+6.18E+00,-7.20E+00,+0.78E+00,-3.556E+00
2,16/2/2026,19:08:00.540,-0.047E+00,-0.047E+00,-0.047E+00,-0.188E+00,+6.09E+00,-7.23E+00,+0.90E+00,-3.579E+00
2,16/2/2026,19:08:00.540,-0.047E+00,-0.047E+00,-0.047E+00,-0.188E+00,+6.01E+00,-7.28E+00,+1.02E+00,-3.594E+00
2,16/2/2026,19:08:00.540,-0.047E+00,-0.047E+00,+0.000E+00,-0.188E+00,+5.92E+00,-7.31E+00,+1.16E+00,-3.609E+00
2,16/2/2026,19:08:00.540,-0.047E+00,-0.047E+00,+0.000E+00,-0.235E+00,+5.84E+00,-7.34E+00,+1.28E+00,-3.624E+00
2,16/2/2026,19:08:00.540,-0.047E+00,-0.047E+00,+0.000E+00,-0.188E+00,+5.75E+00,-7.39E+00,+1.40E+00,-3.640E+00
2,16/2/2026,19:08:00.540,-0.047E+00,-0.047E+00,-0.047E+00,-0.188E+00,+5.66E+00,-7.40E+00,+1.53E+00,-3.655E+00
2,16/2/2026,19:08:00.541,-0.047E+00,-0.047E+00,-0.047E+00,-0.188E+00,+5.59E+00,-7.43E+00,+1.65E+00,-3.670E+00
2,16/2/2026,19:08:00.541,+0.000E+00,-0.047E+00,-0.047E+00,-0.188E+00,+5.49E+00,-7.46E+00,+1.77E+00,-3.678E+00
2,16/2/2026,19:08:00.541,-0.047E+00,+0.000E+00,-0.047E+00,-0.188E+00,+5.40E+00,-7.49E+00,+1.89E+00,-3.693E+00
2,16/2/2026,19:08:00.541,-0.047E+00,-0.047E+00,-0.047E+00,-0.188E+00,+5.33E+00,-7.51E+00,+2.01E+00,-3.708E+00
2,16/2/2026,19:08:00.541,-0.047E+00,-0.047E+00,-0.047E+00,-0.188E+00,+5.23E+00,-7.54E+00,+2.12E+00,-3.716E+00
2,16/2/2026,19:08:00.541,-0.047E+00,-0.047E+00,+0.000E+00,-0.188E+00,+5.14E+00,-7.57E+00,+2.24E+00,-3.723E+00
2,16/2/2026,19:08:00.541,-0.047E+00,-0.047E+00,-0.047E+00,-0.188E+00,+5.05E+00,-7.58E+00,+2.35E+00,-3.739E+00
2,16/2/2026,19:08:00.541,-0.047E+00,-0.047E+00,-0.047E+00,-0.188E+00,+4.96E+00,-7.60E+00,+2.46E+00,-3.754E+00
2,16/2/2026,19:08:00.541,-0.047E+00,-0.047E+00,-0.047E+00,-0.188E+00,+4.87E+00,-7.63E+00,+2.58E+00,-3.762E+00
2,16/2/2026,19:08:00.541,-0.047E+00,-0.047E+00,-0.047E+00,-0.188E+00,+4.78E+00,-7.65E+00,+2.69E+00,-3.769E+00
2,16/2/2026,19:08:00.541,-0.047E+00,-0.047E+00,-0.047E+00,-0.188E+00,+4.68E+00,-7.68E+00,+2.81E+00,-3.777E+00
2,16/2/2026,19:08:00.541,-0.047E+00,-0.047E+00,-0.047E+00,-0.188E+00,+4.59E+00,-7.69E+00,+2.91E+00,-3.785E+00
2,16/2/2026,19:08:00.541,-0.047E+00,-0.047E+00,-0.047E+00,-0.188E+00,+4.50E+00,-7.71E+00,+3.02E+00,-3.792E+00
2,16/2/2026,19:08:00.541,-0.047E+00,-0.047E+00,-0.047E+00,-0.188E+00,+4.41E+00,-7.72E+00,+3.13E+00,-3.800E+00
2,16/2/2026,19:08:00.541,-0.047E+00,-0.047E+00,+0.000E+00,-0.188E+00,+4.32E+00,-7.74E+00,+3.24E+00,-3.807E+00
2,16/2/2026,19:08:00.541,-0.047E+00,-0.047E+00,-0.047E+00,-0.188E+00,+4.23E+00,-7.74E+00,+3.34E+00,-3.815E+00
2,16/2/2026,19:08:00.541,-0.047E+00,-0.047E+00,-0.047E+00,-0.188E+00,+4.12E+00,-7.75E+00,+3.46E+00,-3.815E+00
2,16/2/2026,19:08:00.541,-0.047E+00,-0.047E+00,+0.000E+00,-0.188E+00,+4.03E+00,-7.77E+00,+3.57E+00,-3.823E+00
2,16/2/2026,19:08:00.541,-0.047E+00,-0.047E+00,+0.000E+00,-0.188E+00,+3.92E+00,-7.78E+00,+3.66E+00,-3.830E+00
2,16/2/2026,19:08:00.541,-0.047E+00,-0.047E+00,-0.047E+00,-0.188E+00,+3.83E+00,-7.78E+00,+3.75E+00,-3.830E+00
2,16/2/2026,19:08:00.542,-0.047E+00,-0.047E+00,+0.000E+00,-0.188E+00,+3.74E+00,-7.80E+00,+3.88E+00,-3.830E+00
2,16/2/2026,19:08:00.542,-0.047E+00,-0.047E+00,-0.047E+00,-0.188E+00,+3.63E+00,-7.81E+00,+3.97E+00,-3.838E+00
2,16/2/2026,19:08:00.542,-0.047E+00,-0.047E+00,-0.047E+00,-0.188E+00,+3.53E+00,-7.81E+00,+4.07E+00,-3.838E+00
2,16/2/2026,19:08:00.542,-0.047E+00,-0.047E+00,-0.047E+00,-0.188E+00,+3.42E+00,-7.81E+00,+4.17E+00,-3.846E+00
2,16/2/2026,19:08:00.542,-0.047E+00,-0.047E+00,+0.000E+00,-0.188E+00,+3.31E+00,-7.83E+00,+4.27E+00,-3.838E+00
2,16/2/2026,19:08:00.542,-0.047E+00,-0.047E+00,+0.000E+00,-0.188E+00,+3.20E+00,-7.83E+00,+4.38E+00,-3.838E+00
2,16/2/2026,19:08:00.542,-0.047E+00,-0.047E+00,-0.047E+00,-0.188E+00,+3.10E+00,-7.83E+00,+4.47E+00,-3.846E+00
2,16/2/2026,19:08:00.542,-0.047E+00,-0.047E+00,-0.047E+00,-0.188E+00,+3.01E+00,-7.83E+00,+4.58E+00,-3.846E+00
2,16/2/2026,19:08:00.542,+0.000E+00,-0.047E+00,+0.000E+00,-0.188E+00,+2.90E+00,-7.84E+00,+4.67E+00,-3.838E+00
2,16/2/2026,19:08:00.542,-0.047E+00,-0.047E+00,+0.000E+00,-0.188E+00,+2.79E+00,-7.83E+00,+4.78E+00,-3.838E+00
2,16/2/2026,19:08:00.542,-0.047E+00,-0.047E+00,-0.047E+00,-0.235E+00,+2.67E+00,-7.83E+00,+4.87E+00,-3.838E+00
2,16/2/2026,19:08:00.542,-0.047E+00,-0.047E+00,-0.047E+00,-0.188E+00,+2.56E+00,-7.83E+00,+4.96E+00,-3.838E+00
2,16/2/2026,19:08:00.542,-0.047E+00,-0.047E+00,-0.047E+00,-0.188E+00,+2.44E+00,-7.83E+00,+5.07E+00,-3.830E+00
2,16/2/2026,19:08:00.542,-0.047E+00,-0.047E+00,-0.047E+00,-0.188E+00,+2.33E+00,-7.81E+00,+5.16E+00,-3.823E+00
2,16/2/2026,19:08:00.542,-0.047E+00,-0.047E+00,+0.000E+00,-0.188E+00,+2.23E+00,-7.81E+00,+5.26E+00,-3.823E+00
2,16/2/2026,19:08:00.542,-0.047E+00,-0.047E+00,-0.047E+00,-0.188E+00,+2.11E+00,-7.80E+00,+5.36E+00,-3.815E+00
2,16/2/2026,19:08:00.542,-0.047E+00,-0.047E+00,-0.047E+00,-0.188E+00,+2.00E+00,-7.78E+00,+5.43E+00,-3.800E+00
2,16/2/2026,19:08:00.542,-0.047E+00,-0.047E+00,-0.047E+00,-0.188E+00,+1.88E+00,-7.75E+00,+5.52E+00,-3.785E+00
2,16/2/2026,19:08:00.542,-0.047E+00,-0.047E+00,+0.000E+00,-0.188E+00,+1.77E+00,-7.72E+00,+5.60E+00,-3.769E+00
2,16/2/2026,19:08:00.542,-0.047E+00,-0.047E+00,-0.047E+00,-0.188E+00,+1.65E+00,-7.68E+00,+5.68E+00,-3.746E+00
2,16/2/2026,19:08:00.543,-0.047E+00,-0.047E+00,-0.047E+00,-0.188E+00,+1.54E+00,-7.63E+00,+5.75E+00,-3.723E+00
2,16/2/2026,19:08:00.543,-0.047E+00,-0.047E+00,-0.047E+00,-0.188E+00,+1.42E+00,-7.57E+00,+5.83E+00,-3.693E+00
2,16/2/2026,19:08:00.543,-0.047E+00,-0.047E+00,+0.000E+00,-0.188E+00,+1.30E+00,-7.52E+00,+5.91E+00,-3.662E+00
2,16/2/2026,19:08:00.543,-0.047E+00,-0.047E+00,-0.047E+00,-0.188E+00,+1.18E+00,-7.48E+00,+5.97E+00,-3.640E+00
2,16/2/2026,19:08:00.543,-0.047E+00,-0.047E+00,-0.047E+00,-0.188E+00,+1.05E+00,-7.43E+00,+6.04E+00,-3.617E+00
2,16/2/2026,19:08:00.543,-0.047E+00,-0.047E+00,+0.000E+00,-0.188E+00,+0.95E+00,-7.37E+00,+6.10E+00,-3.586E+00
2,16/2/2026,19:08:00.543,-0.047E+00,-0.047E+00,-0.047E+00,-0.235E+00,+0.81E+00,-7.32E+00,+6.17E+00,-3.556E+00
2,16/2/2026,19:08:00.543,-0.047E+00,-0.047E+00,-0.047E+00,-0.188E+00,+0.69E+00,-7.26E+00,+6.23E+00,-3.533E+00
2,16/2/2026,19:08:00.543,-0.047E+00,-0.047E+00,-0.047E+00,-0.188E+00,+0.55E+00,-7.20E+00,+6.29E+00,-3.495E+00
2,16/2/2026,19:08:00.543,-0.047E+00,-0.047E+00,+0.000E+00,-0.188E+00,+0.43E+00,-7.13E+00,+6.33E+00,-3.456E+00
2,16/2/2026,19:08:00.543,-0.047E+00,-0.047E+00,+0.000E+00,-0.188E+00,+0.31E+00,-7.05E+00,+6.39E+00,-3.418E+00
2,16/2/2026,19:08:00.543,-0.047E+00,-0.047E+00,-0.047E+00,-0.188E+00,+0.17E+00,-6.97E+00,+6.46E+00,-3.380E+00
2,16/2/2026,19:08:00.543,+0.000E+00,-0.047E+00,+0.000E+00,-0.188E+00,+0.05E+00,-6.90E+00,+6.50E+00,-3.342E+00
2,16/2/2026,19:08:00.543,-0.047E+00,-0.047E+00,+0.000E+00,-0.188E+00,-0.06E+00,-6.82E+00,+6.55E+00,-3.296E+00
2,16/2/2026,19:08:00.543,-0.047E+00,-0.047E+00,-0.047E+00,-0.188E+00,-0.18E+00,-6.73E+00,+6.61E+00,-3.258E+00
2,16/2/2026,19:08:00.543,-0.047E+00,-0.047E+00,-0.047E+00,-0.188E+00,-0.29E+00,-6.65E+00,+6.65E+00,-3.220E+00
2,16/2/2026,19:08:00.543,-0.047E+00,-0.047E+00,-0.047E+00,-0.188E+00,-0.43E+00,-6.58E+00,+6.70E+00,-3.174E+00
2,16/2/2026,19:08:00.543,-0.047E+00,-0.047E+00,-0.047E+00,-0.188E+00,-0.55E+00,-6.49E+00,+6.76E+00,-3.128E+00
2,16/2/2026,19:08:00.543,-0.047E+00,-0.047E+00,+0.000E+00,-0.188E+00,-0.67E+00,-6.41E+00,+6.79E+00,-3.090E+00
2,16/2/2026,19:08:00.543,+0.000E+00,-0.047E+00,+0.000E+00,-0.188E+00,-0.79E+00,-6.32E+00,+6.84E+00,-3.044E+00
2,16/2/2026,19:08:00.544,-0.047E+00,-0.047E+00,-0.047E+00,-0.188E+00,-0.92E+00,-6.23E+00,+6.88E+00,-2.999E+00
2,16/2/2026,19:08:00.544,-0.047E+00,-0.047E+00,-0.047E+00,-0.188E+00,-1.04E+00,-6.13E+00,+6.93E+00,-2.960E+00
2,16/2/2026,19:08:00.544,-0.047E+00,-0.047E+00,-0.047E+00,-0.188E+00,-1.16E+00,-6.06E+00,+6.96E+00,-2.915E+00
2,16/2/2026,19:08:00.544,-0.047E+00,-0.047E+00,-0.047E+00,-0.188E+00,-1.28E+00,-5.97E+00,+7.00E+00,-2.869E+00
2,16/2/2026,19:08:00.544,-0.047E+00,-0.047E+00,-0.047E+00,-0.188E+00,-1.40E+00,-5.88E+00,+7.03E+00,-2.831E+00
2,16/2/2026,19:08:00.544,-0.047E+00,-0.047E+00,-0.047E+00,-0.188E+00,-1.53E+00,-5.80E+00,+7.07E+00,-2.793E+00
2,16/2/2026,19:08:00.544,-0.047E+00,-0.047E+00,-0.047E+00,-0.188E+00,-1.63E+00,-5.71E+00,+7.10E+00,-2.747E+00
2,16/2/2026,19:08:00.544,-0.047E+00,-0.047E+00,+0.000E+00,-0.188E+00,-1.75E+00,-5.63E+00,+7.13E+00,-2.701E+00
2,16/2/2026,19:08:00.544,-0.047E+00,-0.047E+00,-0.047E+00,-0.188E+00,-1.86E+00,-5.54E+00,+7.16E+00,-2.663E+00
2,16/2/2026,19:08:00.544,-0.047E+00,-0.047E+00,-0.047E+00,-0.188E+00,-1.98E+00,-5.45E+00,+7.19E+00,-2.617E+00
2,16/2/2026,19:08:00.544,-0.047E+00,-0.047E+00,+0.000E+00,-0.188E+00,-2.11E+00,-5.37E+00,+7.22E+00,-2.571E+00
2,16/2/2026,19:08:00.544,-0.047E+00,-0.047E+00,-0.047E+00,-0.188E+00,-2.21E+00,-5.28E+00,+7.25E+00,-2.526E+00
2,16/2/2026,19:08:00.544,-0.047E+00,-0.047E+00,-0.047E+00,-0.188E+00,-2.33E+00,-5.19E+00,+7.26E+00,-2.487E+00
2,16/2/2026,19:08:00.544,-0.047E+00,-0.047E+00,+0.000E+00,-0.188E+00,-2.44E+00,-5.10E+00,+7.28E+00,-2.442E+00
2,16/2/2026,19:08:00.544,-0.047E+00,-0.047E+00,-0.047E+00,-0.188E+00,-2.55E+00,-5.01E+00,+7.31E+00,-2.396E+00
2,16/2/2026,19:08:00.544,-0.047E+00,-0.047E+00,-0.047E+00,-0.188E+00,-2.67E+00,-4.91E+00,+7.32E+00,-2.350E+00
2,16/2/2026,19:08:00.544,-0.047E+00,-0.047E+00,-0.047E+00,-0.188E+00,-2.78E+00,-4.82E+00,+7.36E+00,-2.304E+00
2,16/2/2026,19:08:00.544,-0.047E+00,-0.047E+00,-0.047E+00,-0.188E+00,-2.88E+00,-4.75E+00,+7.37E+00,-2.259E+00
2,16/2/2026,19:08:00.544,+0.000E+00,-0.047E+00,+0.000E+00,-0.188E+00,-3.01E+00,-4.65E+00,+7.39E+00,-2.213E+00
2,16/2/2026,19:08:00.544,-0.047E+00,-0.047E+00,-0.047E+00,-0.188E+00,-3.11E+00,-4.55E+00,+7.40E+00,-2.167E+00
2,16/2/2026,19:08:00.545,-0.047E+00,-0.047E+00,+0.000E+00,-0.188E+00,-3.20E+00,-4.46E+00,+7.42E+00,-2.114E+00
2,16/2/2026,19:08:00.545,+0.000E+00,-0.047E+00,+0.000E+00,-0.188E+00,-3.33E+00,-4.36E+00,+7.43E+00,-2.068E+00
2,16/2/2026,19:08:00.545,-0.047E+00,-0.047E+00,-0.047E+00,-0.188E+00,-3.43E+00,-4.26E+00,+7.45E+00,-2.022E+00
2,16/2/2026,19:08:00.545,-0.047E+00,-0.047E+00,-0.047E+00,-0.188E+00,-3.53E+00,-4.17E+00,+7.46E+00,-1.969E+00
2,16/2/2026,19:08:00.545,-0.047E+00,-0.047E+00,+0.000E+00,-0.188E+00,-3.63E+00,-4.06E+00,+7.46E+00,-1.923E+00
2,16/2/2026,19:08:00.545,-0.047E+00,-0.047E+00,-0.047E+00,-0.188E+00,-3.74E+00,-3.95E+00,+7.48E+00,-1.869E+00
2,16/2/2026,19:08:00.545,-0.047E+00,-0.047E+00,-0.047E+00,-0.188E+00,-3.85E+00,-3.85E+00,+7.49E+00,-1.824E+00
2,16/2/2026,19:08:00.545,-0.047E+00,-0.047E+00,-0.047E+00,-0.188E+00,-3.95E+00,-3.75E+00,+7.51E+00,-1.770E+00
2,16/2/2026,19:08:00.545,-0.047E+00,-0.047E+00,-0.047E+00,-0.188E+00,-4.06E+00,-3.65E+00,+7.51E+00,-1.717E+00
2,16/2/2026,19:08:00.545,-0.047E+00,-0.047E+00,-0.047E+00,-0.188E+00,-4.17E+00,-3.54E+00,+7.51E+00,-1.663E+00
2,16/2/2026,19:08:00.545,+0.000E+00,-0.047E+00,-0.047E+00,-0.188E+00,-4.27E+00,-3.43E+00,+7.52E+00,-1.610E+00
2,16/2/2026,19:08:00.545,-0.047E+00,-0.047E+00,-0.047E+00,-0.188E+00,-4.36E+00,-3.33E+00,+7.52E+00,-1.557E+00
2,16/2/2026,19:08:00.545,+0.000E+00,-0.047E+00,-0.047E+00,-0.188E+00,-4.47E+00,-3.22E+00,+7.54E+00,-1.503E+00
2,16/2/2026,19:08:00.545,+0.000E+00,-0.047E+00,-0.047E+00,-0.188E+00,-4.56E+00,-3.10E+00,+7.54E+00,-1.450E+00
2,16/2/2026,19:08:00.545,-0.047E+00,-0.047E+00,-0.047E+00,-0.188E+00,-4.67E+00,-2.99E+00,+7.54E+00,-1.396E+00
2,16/2/2026,19:08:00.545,-0.047E+00,-0.047E+00,+0.000E+00,-0.188E+00,-4.78E+00,-2.88E+00,+7.54E+00,-1.343E+00
2,16/2/2026,19:08:00.545,+0.000E+00,-0.047E+00,-0.047E+00,-0.188E+00,-4.88E+00,-2.78E+00,+7.54E+00,-1.282E+00
2,16/2/2026,19:08:00.545,-0.047E+00,-0.047E+00,-0.047E+00,-0.188E+00,-4.97E+00,-2.66E+00,+7.55E+00,-1.228E+00
2,16/2/2026,19:08:00.545,-0.047E+00,-0.047E+00,-0.047E+00,-0.188E+00,-5.08E+00,-2.55E+00,+7.55E+00,-1.175E+00
2,16/2/2026,19:08:00.545,-0.047E+00,-0.047E+00,-0.047E+00,-0.188E+00,-5.17E+00,-2.43E+00,+7.55E+00,-1.114E+00
2,16/2/2026,19:08:00.546,-0.047E+00,-0.047E+00,+0.000E+00,-0.188E+00,-5.28E+00,-2.32E+00,+7.55E+00,-1.068E+00
2,16/2/2026,19:08:00.546,-0.047E+00,-0.047E+00,+0.000E+00,-0.188E+00,-5.37E+00,-2.21E+00,+7.54E+00,-1.007E+00
2,16/2/2026,19:08:00.546,+0.000E+00,-0.047E+00,-0.047E+00,-0.188E+00,-5.46E+00,-2.09E+00,+7.54E+00,-0.954E+00
2,16/2/2026,19:08:00.546,-0.047E+00,-0.047E+00,-0.047E+00,-0.188E+00,-5.55E+00,-1.97E+00,+7.54E+00,-0.893E+00
2,16/2/2026,19:08:00.546,-0.047E+00,-0.047E+00,-0.047E+00,-0.188E+00,-5.65E+00,-1.85E+00,+7.52E+00,-0.839E+00
2,16/2/2026,19:08:00.546,-0.047E+00,-0.047E+00,+0.000E+00,-0.188E+00,-5.72E+00,-1.74E+00,+7.49E+00,-0.778E+00
2,16/2/2026,19:08:00.546,-0.047E+00,-0.047E+00,+0.000E+00,-0.188E+00,-5.81E+00,-1.62E+00,+7.48E+00,-0.717E+00
2,16/2/2026,19:08:00.546,-0.047E+00,-0.047E+00,-0.047E+00,-0.188E+00,-5.89E+00,-1.50E+00,+7.43E+00,-0.664E+00
2,16/2/2026,19:08:00.546,+0.000E+00,-0.047E+00,-0.047E+00,-0.188E+00,-5.97E+00,-1.37E+00,+7.39E+00,-0.603E+00
2,16/2/2026,19:08:00.546,-0.047E+00,-0.047E+00,+0.000E+00,-0.188E+00,-6.04E+00,-1.25E+00,+7.34E+00,-0.542E+00
2,16/2/2026,19:08:00.546,-0.047E+00,-0.047E+00,+0.000E+00,-0.188E+00,-6.10E+00,-1.13E+00,+7.29E+00,-0.488E+00
2,16/2/2026,19:08:00.546,-0.047E+00,-0.047E+00,-0.047E+00,-0.188E+00,-6.18E+00,-1.02E+00,+7.23E+00,-0.427E+00
2,16/2/2026,19:08:00.546,-0.047E+00,-0.047E+00,-0.047E+00,-0.188E+00,-6.24E+00,-0.90E+00,+7.17E+00,-0.374E+00
2,16/2/2026,19:08:00.546,-0.047E+00,-0.047E+00,+0.000E+00,-0.188E+00,-6.30E+00,-0.78E+00,+7.11E+00,-0.313E+00
2,16/2/2026,19:08:00.546,-0.047E+00,-0.047E+00,-0.047E+00,-0.188E+00,-6.38E+00,-0.66E+00,+7.05E+00,-0.252E+00
2,16/2/2026,19:08:00.546,-0.047E+00,-0.047E+00,+0.000E+00,-0.235E+00,-6.44E+00,-0.53E+00,+6.99E+00,-0.198E+00
2,16/2/2026,19:08:00.546,-0.047E+00,-0.047E+00,-0.047E+00,-0.235E+00,-6.50E+00,-0.43E+00,+6.93E+00,-0.130E+00
2,16/2/2026,19:08:00.546,-0.047E+00,-0.047E+00,-0.047E+00,-0.188E+00,-6.55E+00,-0.31E+00,+6.87E+00,-0.069E+00
2,16/2/2026,19:08:00.546,-0.047E+00,-0.047E+00,+0.000E+00,-0.188E+00,-6.61E+00,-0.20E+00,+6.81E+00,-0.008E+00
2,16/2/2026,19:08:00.546,-0.047E+00,-0.047E+00,+0.000E+00,-0.188E+00,-6.65E+00,-0.08E+00,+6.73E+00,+0.038E+00
2,16/2/2026,19:08:00.547,-0.047E+00,-0.047E+00,-0.047E+00,-0.188E+00,-6.71E+00,+0.05E+00,+6.67E+00,+0.099E+00
2,16/2/2026,19:08:00.547,+0.000E+00,-0.047E+00,-0.047E+00,-0.188E+00,-6.76E+00,+0.18E+00,+6.61E+00,+0.160E+00
2,16/2/2026,19:08:00.547,-0.047E+00,-0.047E+00,+0.000E+00,-0.188E+00,-6.79E+00,+0.31E+00,+6.53E+00,+0.221E+00
2,16/2/2026,19:08:00.547,+0.000E+00,-0.047E+00,+0.000E+00,-0.188E+00,-6.84E+00,+0.43E+00,+6.44E+00,+0.282E+00
2,16/2/2026,19:08:00.547,-0.047E+00,-0.047E+00,-0.047E+00,-0.188E+00,-6.88E+00,+0.55E+00,+6.36E+00,+0.343E+00
2,16/2/2026,19:08:00.547,-0.047E+00,-0.047E+00,-0.047E+00,-0.188E+00,-6.91E+00,+0.67E+00,+6.27E+00,+0.404E+00
2,16/2/2026,19:08:00.547,+0.000E+00,-0.047E+00,-0.047E+00,-0.188E+00,-6.94E+00,+0.79E+00,+6.18E+00,+0.465E+00
2,16/2/2026,19:08:00.547,+0.000E+00,-0.047E+00,-0.047E+00,-0.188E+00,-6.99E+00,+0.92E+00,+6.09E+00,+0.526E+00
2,16/2/2026,19:08:00.547,-0.047E+00,-0.047E+00,-0.047E+00,-0.188E+00,-7.02E+00,+1.04E+00,+6.00E+00,+0.588E+00
2,16/2/2026,19:08:00.547,+0.000E+00,-0.047E+00,+0.000E+00,-0.188E+00,-7.05E+00,+1.16E+00,+5.92E+00,+0.649E+00
2,16/2/2026,19:08:00.547,-0.047E+00,-0.047E+00,-0.047E+00,-0.188E+00,-7.08E+00,+1.28E+00,+5.83E+00,+0.710E+00
2,16/2/2026,19:08:00.547,-0.047E+00,-0.047E+00,-0.047E+00,-0.188E+00,-7.13E+00,+1.40E+00,+5.74E+00,+0.771E+00
2,16/2/2026,19:08:00.547,-0.047E+00,-0.047E+00,+0.000E+00,-0.188E+00,-7.16E+00,+1.53E+00,+5.66E+00,+0.832E+00
2,16/2/2026,19:08:00.547,-0.047E+00,-0.047E+00,-0.047E+00,-0.188E+00,-7.19E+00,+1.65E+00,+5.57E+00,+0.893E+00
2,16/2/2026,19:08:00.547,-0.047E+00,-0.047E+00,-0.047E+00,-0.188E+00,-7.22E+00,+1.77E+00,+5.49E+00,+0.954E+00
2,16/2/2026,19:08:00.547,-0.047E+00,-0.047E+00,-0.047E+00,-0.188E+00,-7.25E+00,+1.89E+00,+5.40E+00,+1.007E+00
2,16/2/2026,19:08:00.547,-0.047E+00,-0.047E+00,-0.047E+00,-0.188E+00,-7.28E+00,+2.01E+00,+5.33E+00,+1.083E+00
2,16/2/2026,19:08:00.547,+0.000E+00,-0.047E+00,-0.047E+00,-0.188E+00,-7.31E+00,+2.14E+00,+5.23E+00,+1.099E+00
2,16/2/2026,19:08:00.547,+0.000E+00,-0.047E+00,-0.047E+00,-0.188E+00,-7.34E+00,+2.33E+00,+5.14E+00,+0.961E+00
2,16/2/2026,19:08:00.547,+0.000E+00,-0.047E+00,+0.000E+00,-0.188E+00,-7.37E+00,+2.62E+00,+5.05E+00,+0.847E+00
2,16/2/2026,19:08:00.548,-0.047E+00,-0.047E+00,+0.000E+00,-0.188E+00,-7.40E+00,+2.98E+00,+4.96E+00,+0.824E+00
2,16/2/2026,19:08:00.548,-0.047E+00,-0.047E+00,-0.047E+00,-0.188E+00,-7.43E+00,+3.36E+00,+4.85E+00,+0.816E+00
2,16/2/2026,19:08:00.548,+0.000E+00,-0.047E+00,-0.047E+00,-0.188E+00,-7.46E+00,+3.75E+00,+4.76E+00,+0.824E+00
2,16/2/2026,19:08:00.548,-0.047E+00,-0.047E+00,+0.000E+00,-0.188E+00,-7.51E+00,+4.17E+00,+4.65E+00,+0.847E+00
2,16/2/2026,19:08:00.548,-0.047E+00,-0.047E+00,+0.000E+00,-0.188E+00,-7.54E+00,+4.58E+00,+4.53E+00,+0.870E+00
2,16/2/2026,19:08:00.548,-0.047E+00,-0.047E+00,-0.047E+00,-0.188E+00,-7.57E+00,+5.01E+00,+4.43E+00,+0.877E+00
2,16/2/2026,19:08:00.548,-0.047E+00,-0.047E+00,-0.047E+00,-0.235E+00,-7.60E+00,+5.43E+00,+4.30E+00,+0.977E+00
2,16/2/2026,19:08:00.548,-0.047E+00,-0.047E+00,-0.047E+00,-0.188E+00,-7.65E+00,+5.78E+00,+4.18E+00,+1.167E+00
2,16/2/2026,19:08:00.548,-0.047E+00,-0.047E+00,-0.047E+00,-0.188E+00,-7.68E+00,+6.10E+00,+4.07E+00,+1.213E+00
2,16/2/2026,19:08:00.548,-0.047E+00,-0.047E+00,-0.047E+00,-0.188E+00,-7.71E+00,+6.46E+00,+3.97E+00,+1.114E+00
2,16/2/2026,19:08:00.548,-0.047E+00,-0.047E+00,-0.047E+00,-0.188E+00,-7.74E+00,+6.88E+00,+3.86E+00,+1.061E+00
2,16/2/2026,19:08:00.548,-0.047E+00,-0.047E+00,-0.047E+00,-0.188E+00,-7.78E+00,+7.36E+00,+3.72E+00,+1.061E+00
2,16/2/2026,19:08:00.548,-0.047E+00,-0.047E+00,+0.000E+00,-0.188E+00,-7.80E+00,+7.83E+00,+3.62E+00,+1.053E+00
2,16/2/2026,19:08:00.548,-0.047E+00,-0.047E+00,-0.047E+00,-0.188E+00,-7.83E+00,+8.33E+00,+3.49E+00,+1.068E+00
2,16/2/2026,19:08:00.548,-0.047E+00,-0.047E+00,-0.047E+00,-0.188E+00,-7.87E+00,+8.84E+00,+3.36E+00,+1.083E+00
2,16/2/2026,19:08:00.548,-0.047E+00,-0.047E+00,+0.000E+00,-0.188E+00,-7.90E+00,+9.35E+00,+3.22E+00,+1.099E+00
2,16/2/2026,19:08:00.548,-0.047E+00,-0.047E+00,+0.000E+00,-0.188E+00,-7.94E+00,+9.87E+00,+3.10E+00,+1.114E+00
2,16/2/2026,19:08:00.548,-0.047E+00,-0.047E+00,+0.000E+00,-0.188E+00,-7.97E+00,+10.41E+00,+2.98E+00,+1.137E+00
2,16/2/2026,19:08:00.548,+0.000E+00,-0.047E+00,-0.047E+00,-0.188E+00,-8.00E+00,+10.96E+00,+2.84E+00,+1.152E+00
2,16/2/2026,19:08:00.548,+0.000E+00,-0.047E+00,-0.047E+00,-0.188E+00,-8.03E+00,+11.51E+00,+2.70E+00,+1.175E+00
2,16/2/2026,19:08:00.549,-0.047E+00,-0.047E+00,-0.047E+00,-0.188E+00,-8.06E+00,+12.06E+00,+2.56E+00,+1.198E+00
2,16/2/2026,19:08:00.549,-0.047E+00,-0.047E+00,-0.047E+00,-0.188E+00,-8.09E+00,+12.64E+00,+2.43E+00,+1.221E+00
2,16/2/2026,19:08:00.549,-0.047E+00,-0.047E+00,-0.047E+00,-0.188E+00,-8.12E+00,+13.22E+00,+2.29E+00,+1.244E+00
2,16/2/2026,19:08:00.549,-0.047E+00,-0.047E+00,-0.047E+00,-0.188E+00,-8.15E+00,+13.80E+00,+2.15E+00,+1.267E+00
2,16/2/2026,19:08:00.549,-0.047E+00,-0.047E+00,+0.000E+00,-0.188E+00,-8.18E+00,+14.39E+00,+2.00E+00,+1.282E+00
2,16/2/2026,19:08:00.549,-0.047E+00,-0.047E+00,+0.000E+00,-0.188E+00,-8.21E+00,+14.99E+00,+1.86E+00,+1.312E+00
2,16/2/2026,19:08:00.549,-0.047E+00,-0.047E+00,-0.047E+00,-0.188E+00,-8.23E+00,+15.58E+00,+1.72E+00,+1.335E+00
2,16/2/2026,19:08:00.549,+0.000E+00,-0.047E+00,-0.047E+00,-0.188E+00,-8.26E+00,+16.19E+00,+1.57E+00,+1.358E+00
2,16/2/2026,19:08:00.549,-0.047E+00,-0.047E+00,-0.047E+00,-0.188E+00,-8.29E+00,+16.80E+00,+1.43E+00,+1.373E+00
2,16/2/2026,19:08:00.549,-0.047E+00,-0.047E+00,-0.047E+00,-0.188E+00,-8.30E+00,+17.43E+00,+1.28E+00,+1.396E+00
2,16/2/2026,19:08:00.549,-0.047E+00,-0.047E+00,-0.047E+00,-0.188E+00,-8.32E+00,+18.05E+00,+1.14E+00,+1.412E+00
2,16/2/2026,19:08:00.549,-0.047E+00,-0.047E+00,-0.047E+00,-0.188E+00,-8.32E+00,+18.68E+00,+0.99E+00,+1.427E+00
2,16/2/2026,19:08:00.549,-0.047E+00,-0.047E+00,-0.047E+00,-0.188E+00,-8.33E+00,+19.30E+00,+0.84E+00,+1.442E+00
2,16/2/2026,19:08:00.549,-0.047E+00,-0.047E+00,-0.047E+00,-0.188E+00,-8.32E+00,+19.95E+00,+0.69E+00,+1.457E+00
2,16/2/2026,19:08:00.549,-0.047E+00,-0.047E+00,-0.047E+00,-0.188E+00,-8.32E+00,+20.59E+00,+0.53E+00,+1.473E+00
2,16/2/2026,19:08:00.549,-0.047E+00,-0.047E+00,-0.047E+00,-0.188E+00,-8.32E+00,+21.21E+00,+0.38E+00,+1.488E+00
2,16/2/2026,19:08:00.549,-0.047E+00,-0.047E+00,-0.047E+00,-0.188E+00,-8.32E+00,+21.85E+00,+0.23E+00,+1.511E+00
2,16/2/2026,19:08:00.549,-0.047E+00,-0.047E+00,+0.000E+00,-0.188E+00,-8.30E+00,+22.51E+00,+0.08E+00,+1.526E+00
2,16/2/2026,19:08:00.549,-0.047E+00,-0.047E+00,-0.047E+00,-0.188E+00,-8.29E+00,+23.15E+00,-0.08E+00,+1.534E+00
2,16/2/2026,19:08:00.549,-0.047E+00,-0.047E+00,+0.000E+00,-0.188E+00,-8.27E+00,+23.79E+00,-0.23E+00,+1.541E+00
2,16/2/2026,19:08:00.550,-0.047E+00,-0.047E+00,-0.047E+00,-0.188E+00,-8.26E+00,+24.45E+00,-0.38E+00,+1.557E+00
2,16/2/2026,19:08:00.550,-0.047E+00,-0.047E+00,-0.047E+00,-0.188E+00,-8.24E+00,+25.10E+00,-0.55E+00,+1.572E+00
2,16/2/2026,19:08:00.550,+0.000E+00,-0.047E+00,+0.000E+00,-0.188E+00,-8.23E+00,+25.77E+00,-0.70E+00,+1.587E+00
2,16/2/2026,19:08:00.550,-0.047E+00,-0.047E+00,+0.000E+00,-0.188E+00,-8.19E+00,+26.43E+00,-0.85E+00,+1.595E+00
2,16/2/2026,19:08:00.550,-0.047E+00,-0.047E+00,-0.047E+00,-0.188E+00,-8.16E+00,+27.09E+00,-1.02E+00,+1.602E+00
2,16/2/2026,19:08:00.550,-0.047E+00,-0.047E+00,-0.047E+00,-0.188E+00,-8.12E+00,+27.74E+00,-1.18E+00,+1.618E+00
2,16/2/2026,19:08:00.550,-0.047E+00,-0.047E+00,-0.047E+00,-0.188E+00,-8.09E+00,+28.41E+00,-1.33E+00,+1.633E+00
2,16/2/2026,19:08:00.550,-0.047E+00,-0.047E+00,-0.047E+00,-0.188E+00,-8.06E+00,+29.07E+00,-1.50E+00,+1.640E+00
2,16/2/2026,19:08:00.550,+0.000E+00,-0.047E+00,-0.047E+00,-0.188E+00,-8.00E+00,+29.73E+00,-1.65E+00,+1.648E+00
2,16/2/2026,19:08:00.550,-0.047E+00,-0.047E+00,-0.047E+00,-0.188E+00,-7.97E+00,+30.38E+00,-1.80E+00,+1.656E+00
2,16/2/2026,19:08:00.550,-0.047E+00,-0.047E+00,+0.000E+00,-0.188E+00,-7.94E+00,+31.05E+00,-1.95E+00,+1.663E+00
2,16/2/2026,19:08:00.550,-0.047E+00,-0.047E+00,-0.047E+00,-0.188E+00,-7.87E+00,+31.71E+00,-2.11E+00,+1.671E+00
2,16/2/2026,19:08:00.550,-0.047E+00,-0.047E+00,-0.047E+00,-0.188E+00,-7.83E+00,+32.35E+00,-2.27E+00,+1.679E+00
2,16/2/2026,19:08:00.550,-0.047E+00,-0.047E+00,-0.047E+00,-0.188E+00,-7.78E+00,+33.02E+00,-2.43E+00,+1.679E+00
2,16/2/2026,19:08:00.550,-0.047E+00,-0.047E+00,-0.047E+00,-0.188E+00,-7.72E+00,+33.68E+00,-2.59E+00,+1.686E+00
2,16/2/2026,19:08:00.550,-0.047E+00,-0.047E+00,-0.047E+00,-0.188E+00,-7.68E+00,+34.32E+00,-2.76E+00,+1.686E+00
2,16/2/2026,19:08:00.550,-0.047E+00,-0.047E+00,-0.047E+00,-0.188E+00,-7.63E+00,+34.98E+00,-2.93E+00,+1.694E+00
2,16/2/2026,19:08:00.550,-0.047E+00,-0.047E+00,-0.047E+00,-0.188E+00,-7.58E+00,+35.63E+00,-3.08E+00,+1.694E+00
2,16/2/2026,19:08:00.550,-0.047E+00,-0.047E+00,+0.000E+00,-0.188E+00,-7.54E+00,+36.27E+00,-3.25E+00,+1.694E+00
2,16/2/2026,19:08:00.550,-0.047E+00,-0.047E+00,+0.000E+00,-0.188E+00,-7.49E+00,+36.91E+00,-3.42E+00,+1.702E+00
2,16/2/2026,19:08:00.551,-0.047E+00,-0.047E+00,-0.047E+00,-0.188E+00,-7.43E+00,+37.56E+00,-3.57E+00,+1.702E+00
2,16/2/2026,19:08:00.551,+0.000E+00,-0.047E+00,-0.047E+00,-0.188E+00,-7.39E+00,+38.20E+00,-3.72E+00,+1.702E+00
2,16/2/2026,19:08:00.551,-0.047E+00,-0.047E+00,+0.000E+00,-0.188E+00,-7.34E+00,+38.84E+00,-3.88E+00,+1.702E+00
2,16/2/2026,19:08:00.551,-0.047E+00,-0.047E+00,-0.047E+00,-0.188E+00,-7.29E+00,+39.48E+00,-4.04E+00,+1.702E+00
2,16/2/2026,19:08:00.551,-0.047E+00,-0.047E+00,+0.000E+00,-0.188E+00,-7.23E+00,+40.12E+00,-4.20E+00,+1.709E+00
2,16/2/2026,19:08:00.551,-0.047E+00,-0.047E+00,+0.000E+00,-0.188E+00,-7.19E+00,+40.74E+00,-4.35E+00,+1.709E+00
2,16/2/2026,19:08:00.551,-0.047E+00,-0.047E+00,-0.047E+00,-0.188E+00,-7.14E+00,+41.39E+00,-4.50E+00,+1.709E+00
2,16/2/2026,19:08:00.551,+0.000E+00,-0.047E+00,+0.000E+00,-0.188E+00,-7.08E+00,+42.01E+00,-4.65E+00,+1.709E+00
2,16/2/2026,19:08:00.551,-0.047E+00,-0.047E+00,+0.000E+00,-0.188E+00,-7.03E+00,+42.62E+00,-4.81E+00,+1.717E+00
2,16/2/2026,19:08:00.551,-0.047E+00,-0.047E+00,-0.047E+00,-0.188E+00,-6.97E+00,+43.25E+00,-4.96E+00,+1.724E+00
2,16/2/2026,19:08:00.551,+0.000E+00,-0.047E+00,-0.047E+00,-0.188E+00,-6.91E+00,+43.87E+00,-5.11E+00,+1.724E+00
2,16/2/2026,19:08:00.551,-0.047E+00,-0.047E+00,-0.047E+00,-0.188E+00,-6.85E+00,+44.48E+00,-5.26E+00,+1.717E+00
2,16/2/2026,19:08:00.551,-0.047E+00,-0.047E+00,-0.047E+00,-0.188E+00,-6.81E+00,+45.09E+00,-5.40E+00,+1.717E+00
2,16/2/2026,19:08:00.551,-0.047E+00,-0.047E+00,+0.000E+00,-0.188E+00,-6.76E+00,+45.69E+00,-5.55E+00,+1.724E+00
2,16/2/2026,19:08:00.551,-0.047E+00,-0.047E+00,+0.000E+00,-0.188E+00,-6.70E+00,+46.30E+00,-5.69E+00,+1.724E+00
2,16/2/2026,19:08:00.551,+0.000E+00,-0.047E+00,+0.000E+00,-0.188E+00,-6.64E+00,+46.89E+00,-5.84E+00,+1.717E+00
2,16/2/2026,19:08:00.551,-0.047E+00,-0.047E+00,-0.047E+00,-0.188E+00,-6.58E+00,+47.49E+00,-5.98E+00,+1.717E+00
2,16/2/2026,19:08:00.551,-0.047E+00,-0.047E+00,-0.047E+00,-0.188E+00,-6.53E+00,+48.08E+00,-6.13E+00,+1.709E+00
2,16/2/2026,19:08:00.551,-0.047E+00,-0.047E+00,+0.000E+00,-0.188E+00,-6.47E+00,+48.68E+00,-6.27E+00,+1.709E+00
2,16/2/2026,19:08:00.551,-0.047E+00,-0.047E+00,-0.047E+00,-0.188E+00,-6.41E+00,+49.26E+00,-6.41E+00,+1.709E+00
2,16/2/2026,19:08:00.552,-0.047E+00,-0.047E+00,-0.047E+00,-0.188E+00,-6.35E+00,+49.86E+00,-6.56E+00,+1.702E+00
2,16/2/2026,19:08:00.552,-0.047E+00,-0.047E+00,-0.047E+00,-0.188E+00,-6.29E+00,+50.43E+00,-6.70E+00,+1.694E+00
2,16/2/2026,19:08:00.552,-0.047E+00,-0.047E+00,-0.047E+00,-0.188E+00,-6.21E+00,+51.01E+00,-6.84E+00,+1.694E+00
2,16/2/2026,19:08:00.552,-0.047E+00,-0.047E+00,-0.047E+00,-0.188E+00,-6.13E+00,+51.58E+00,-6.97E+00,+1.694E+00
2,16/2/2026,19:08:00.552,-0.047E+00,-0.047E+00,-0.047E+00,-0.188E+00,-6.07E+00,+52.16E+00,-7.11E+00,+1.686E+00
2,16/2/2026,19:08:00.552,-0.047E+00,-0.047E+00,-0.047E+00,-0.188E+00,-6.01E+00,+52.72E+00,-7.25E+00,+1.686E+00
2,16/2/2026,19:08:00.552,-0.047E+00,-0.047E+00,-0.047E+00,-0.188E+00,-5.95E+00,+53.27E+00,-7.39E+00,+1.679E+00
2,16/2/2026,19:08:00.552,+0.000E+00,-0.047E+00,+0.000E+00,-0.188E+00,-5.88E+00,+53.84E+00,-7.52E+00,+1.679E+00
2,16/2/2026,19:08:00.552,+0.000E+00,-0.047E+00,-0.047E+00,-0.188E+00,-5.80E+00,+54.39E+00,-7.66E+00,+1.686E+00
2,16/2/2026,19:08:00.552,-0.047E+00,-0.047E+00,+0.000E+00,-0.188E+00,-5.72E+00,+54.92E+00,-7.80E+00,+1.694E+00
2,16/2/2026,19:08:00.552,-0.047E+00,-0.047E+00,+0.000E+00,-0.188E+00,-5.65E+00,+55.46E+00,-7.92E+00,+1.686E+00
2,16/2/2026,19:08:00.552,+0.000E+00,-0.047E+00,-0.047E+00,-0.188E+00,-5.57E+00,+55.99E+00,-8.06E+00,+1.679E+00
2,16/2/2026,19:08:00.552,-0.047E+00,-0.047E+00,+0.000E+00,-0.188E+00,-5.51E+00,+56.51E+00,-8.19E+00,+1.663E+00
2,16/2/2026,19:08:00.552,-0.047E+00,-0.047E+00,+0.000E+00,-0.188E+00,-5.43E+00,+57.03E+00,-8.33E+00,+1.656E+00
2,16/2/2026,19:08:00.552,-0.047E+00,-0.047E+00,-0.047E+00,-0.188E+00,-5.36E+00,+57.55E+00,-8.45E+00,+1.640E+00
2,16/2/2026,19:08:00.552,-0.047E+00,-0.047E+00,-0.047E+00,-0.188E+00,-5.28E+00,+58.05E+00,-8.58E+00,+1.633E+00
2,16/2/2026,19:08:00.552,-0.047E+00,-0.047E+00,+0.000E+00,-0.188E+00,-5.19E+00,+58.54E+00,-8.71E+00,+1.625E+00
2,16/2/2026,19:08:00.552,-0.047E+00,-0.047E+00,-0.047E+00,-0.188E+00,-5.11E+00,+59.03E+00,-8.82E+00,+1.618E+00
2,16/2/2026,19:08:00.552,-0.047E+00,-0.047E+00,-0.047E+00,-0.188E+00,-5.04E+00,+59.48E+00,-8.94E+00,+1.602E+00
2,16/2/2026,19:08:00.552,-0.047E+00,-0.047E+00,+0.000E+00,-0.188E+00,-4.96E+00,+59.93E+00,-9.05E+00,+1.587E+00
2,16/2/2026,19:08:00.553,+0.000E+00,-0.047E+00,-0.047E+00,-0.188E+00,-4.87E+00,+60.35E+00,-9.16E+00,+1.572E+00
2,16/2/2026,19:08:00.553,-0.047E+00,-0.047E+00,-0.047E+00,-0.188E+00,-4.79E+00,+60.78E+00,-9.26E+00,+1.549E+00
2,16/2/2026,19:08:00.553,-0.047E+00,-0.047E+00,+0.000E+00,-0.188E+00,-4.70E+00,+61.19E+00,-9.39E+00,+1.534E+00
2,16/2/2026,19:08:00.553,-0.047E+00,-0.047E+00,+0.000E+00,-0.188E+00,-4.61E+00,+61.59E+00,-9.49E+00,+1.518E+00
2,16/2/2026,19:08:00.553,-0.047E+00,-0.047E+00,-0.047E+00,-0.188E+00,-4.52E+00,+61.99E+00,-9.58E+00,+1.503E+00
2,16/2/2026,19:08:00.553,-0.047E+00,-0.047E+00,+0.000E+00,-0.188E+00,-4.43E+00,+62.37E+00,-9.69E+00,+1.480E+00
2,16/2/2026,19:08:00.553,-0.047E+00,-0.047E+00,-0.047E+00,-0.188E+00,-4.33E+00,+62.73E+00,-9.78E+00,+1.465E+00
2,16/2/2026,19:08:00.553,-0.047E+00,-0.047E+00,-0.047E+00,-0.188E+00,-4.24E+00,+63.10E+00,-9.89E+00,+1.442E+00
2,16/2/2026,19:08:00.553,-0.047E+00,-0.047E+00,+0.000E+00,-0.188E+00,-4.15E+00,+63.44E+00,-9.96E+00,+1.419E+00
2,16/2/2026,19:08:00.553,+0.000E+00,-0.047E+00,+0.000E+00,-0.188E+00,-4.04E+00,+63.77E+00,-10.06E+00,+1.396E+00
2,16/2/2026,19:08:00.553,-0.047E+00,-0.047E+00,-0.047E+00,-0.188E+00,-3.95E+00,+64.08E+00,-10.15E+00,+1.373E+00
2,16/2/2026,19:08:00.553,-0.047E+00,-0.047E+00,-0.047E+00,-0.188E+00,-3.86E+00,+64.37E+00,-10.22E+00,+1.351E+00
2,16/2/2026,19:08:00.553,-0.047E+00,-0.047E+00,-0.047E+00,-0.188E+00,-3.75E+00,+64.64E+00,-10.32E+00,+1.328E+00
2,16/2/2026,19:08:00.553,-0.047E+00,-0.047E+00,-0.047E+00,-0.188E+00,-3.66E+00,+64.92E+00,-10.39E+00,+1.297E+00
2,16/2/2026,19:08:00.553,-0.047E+00,-0.047E+00,-0.047E+00,-0.188E+00,-3.57E+00,+65.16E+00,-10.48E+00,+1.267E+00
2,16/2/2026,19:08:00.553,+0.000E+00,-0.047E+00,-0.047E+00,-0.188E+00,-3.48E+00,+65.41E+00,-10.56E+00,+1.244E+00
2,16/2/2026,19:08:00.553,-0.047E+00,-0.047E+00,+0.000E+00,-0.188E+00,-3.39E+00,+65.63E+00,-10.64E+00,+1.221E+00
2,16/2/2026,19:08:00.553,-0.047E+00,-0.047E+00,+0.000E+00,-0.188E+00,-3.28E+00,+65.85E+00,-10.71E+00,+1.190E+00
2,16/2/2026,19:08:00.553,-0.047E+00,+0.000E+00,-0.047E+00,-0.188E+00,-3.19E+00,+66.03E+00,-10.77E+00,+1.175E+00
2,16/2/2026,19:08:00.553,-0.047E+00,-0.047E+00,-0.047E+00,-0.188E+00,-3.08E+00,+66.23E+00,-10.85E+00,+1.152E+00
2,16/2/2026,19:08:00.554,-0.047E+00,-0.047E+00,+0.000E+00,-0.188E+00,-2.99E+00,+66.41E+00,-10.93E+00,+1.122E+00
2,16/2/2026,19:08:00.554,-0.047E+00,-0.047E+00,+0.000E+00,-0.188E+00,-2.88E+00,+66.56E+00,-10.99E+00,+1.099E+00
2,16/2/2026,19:08:00.554,-0.047E+00,-0.047E+00,-0.047E+00,-0.188E+00,-2.79E+00,+66.72E+00,-11.05E+00,+1.076E+00
2,16/2/2026,19:08:00.554,-0.047E+00,-0.047E+00,-0.047E+00,-0.188E+00,-2.69E+00,+66.85E+00,-11.11E+00,+1.053E+00
2,16/2/2026,19:08:00.554,-0.047E+00,-0.047E+00,+0.000E+00,-0.188E+00,-2.59E+00,+66.98E+00,-11.17E+00,+1.030E+00
2,16/2/2026,19:08:00.554,-0.047E+00,-0.047E+00,-0.047E+00,-0.188E+00,-2.49E+00,+67.10E+00,-11.22E+00,+1.007E+00
2,16/2/2026,19:08:00.554,-0.047E+00,-0.047E+00,-0.047E+00,-0.188E+00,-2.40E+00,+67.19E+00,-11.28E+00,+0.984E+00
2,16/2/2026,19:08:00.554,-0.047E+00,-0.047E+00,-0.047E+00,-0.188E+00,-2.30E+00,+67.28E+00,-11.34E+00,+0.961E+00
2,16/2/2026,19:08:00.554,-0.047E+00,-0.047E+00,-0.047E+00,-0.188E+00,-2.20E+00,+67.36E+00,-11.38E+00,+0.939E+00
2,16/2/2026,19:08:00.554,-0.047E+00,-0.047E+00,+0.000E+00,-0.188E+00,-2.11E+00,+67.42E+00,-11.43E+00,+0.916E+00
2,16/2/2026,19:08:00.554,-0.047E+00,-0.047E+00,+0.000E+00,-0.188E+00,-2.01E+00,+67.48E+00,-11.48E+00,+0.885E+00
2,16/2/2026,19:08:00.554,+0.000E+00,-0.047E+00,+0.000E+00,-0.188E+00,-1.91E+00,+67.53E+00,-11.52E+00,+0.862E+00
2,16/2/2026,19:08:00.554,-0.047E+00,-0.047E+00,-0.047E+00,-0.188E+00,-1.82E+00,+67.56E+00,-11.57E+00,+0.839E+00
2,16/2/2026,19:08:00.554,-0.047E+00,-0.047E+00,-0.047E+00,-0.188E+00,-1.72E+00,+67.57E+00,-11.61E+00,+0.816E+00
2,16/2/2026,19:08:00.554,-0.047E+00,-0.047E+00,-0.047E+00,-0.188E+00,-1.63E+00,+67.57E+00,-11.64E+00,+0.786E+00
2,16/2/2026,19:08:00.554,-0.047E+00,-0.047E+00,-0.047E+00,-0.188E+00,-1.53E+00,+67.57E+00,-11.69E+00,+0.763E+00
2,16/2/2026,19:08:00.554,-0.047E+00,-0.047E+00,-0.047E+00,-0.188E+00,-1.43E+00,+67.56E+00,-11.72E+00,+0.740E+00
2,16/2/2026,19:08:00.554,-0.047E+00,-0.047E+00,-0.047E+00,-0.188E+00,-1.34E+00,+67.53E+00,-11.75E+00,+0.717E+00
2,16/2/2026,19:08:00.554,-0.047E+00,-0.047E+00,+0.000E+00,-0.188E+00,-1.25E+00,+67.47E+00,-11.78E+00,+0.694E+00
2,16/2/2026,19:08:00.554,-0.047E+00,-0.047E+00,+0.000E+00,-0.188E+00,-1.16E+00,+67.42E+00,-11.83E+00,+0.664E+00
2,16/2/2026,19:08:00.555,-0.047E+00,-0.047E+00,-0.047E+00,-0.188E+00,-1.07E+00,+67.34E+00,-11.86E+00,+0.641E+00
2,16/2/2026,19:08:00.555,-0.047E+00,-0.047E+00,-0.047E+00,-0.188E+00,-0.96E+00,+67.25E+00,-11.89E+00,+0.618E+00
2,16/2/2026,19:08:00.555,-0.047E+00,-0.047E+00,+0.000E+00,-0.188E+00,-0.87E+00,+67.16E+00,-11.90E+00,+0.588E+00
2,16/2/2026,19:08:00.555,-0.047E+00,-0.047E+00,+0.000E+00,-0.188E+00,-0.78E+00,+67.05E+00,-11.92E+00,+0.557E+00
2,16/2/2026,19:08:00.555,-0.047E+00,-0.047E+00,-0.047E+00,-0.188E+00,-0.69E+00,+66.93E+00,-11.95E+00,+0.534E+00
2,16/2/2026,19:08:00.555,+0.000E+00,-0.047E+00,-0.047E+00,-0.188E+00,-0.60E+00,+66.79E+00,-11.98E+00,+0.504E+00
2,16/2/2026,19:08:00.555,-0.047E+00,-0.047E+00,+0.000E+00,-0.188E+00,-0.50E+00,+66.64E+00,-11.99E+00,+0.481E+00
2,16/2/2026,19:08:00.555,-0.047E+00,-0.047E+00,-0.047E+00,-0.188E+00,-0.41E+00,+66.47E+00,-12.01E+00,+0.458E+00
2,16/2/2026,19:08:00.555,-0.047E+00,-0.047E+00,-0.047E+00,-0.188E+00,-0.31E+00,+66.32E+00,-12.04E+00,+0.427E+00
2,16/2/2026,19:08:00.555,-0.047E+00,-0.047E+00,-0.047E+00,-0.188E+00,-0.23E+00,+66.12E+00,-12.06E+00,+0.397E+00
2,16/2/2026,19:08:00.555,-0.047E+00,-0.047E+00,-0.047E+00,-0.188E+00,-0.14E+00,+65.92E+00,-12.07E+00,+0.374E+00
2,16/2/2026,19:08:00.555,-0.047E+00,-0.047E+00,+0.000E+00,-0.188E+00,-0.03E+00,+65.71E+00,-12.09E+00,+0.351E+00
2,16/2/2026,19:08:00.555,-0.047E+00,-0.047E+00,+0.000E+00,-0.188E+00,+0.06E+00,+65.50E+00,-12.10E+00,+0.320E+00
2,16/2/2026,19:08:00.555,-0.047E+00,-0.047E+00,+0.000E+00,-0.188E+00,+0.15E+00,+65.25E+00,-12.12E+00,+0.290E+00
2,16/2/2026,19:08:00.555,-0.047E+00,-0.047E+00,+0.000E+00,-0.188E+00,+0.26E+00,+64.99E+00,-12.12E+00,+0.259E+00
2,16/2/2026,19:08:00.555,-0.047E+00,-0.047E+00,+0.000E+00,-0.188E+00,+0.37E+00,+64.73E+00,-12.12E+00,+0.237E+00
2,16/2/2026,19:08:00.555,-0.047E+00,-0.047E+00,-0.047E+00,-0.188E+00,+0.46E+00,+64.46E+00,-12.13E+00,+0.214E+00
2,16/2/2026,19:08:00.555,-0.047E+00,-0.047E+00,-0.047E+00,-0.188E+00,+0.55E+00,+64.17E+00,-12.15E+00,+0.183E+00
2,16/2/2026,19:08:00.555,-0.047E+00,-0.047E+00,+0.000E+00,-0.188E+00,+0.64E+00,+63.86E+00,-12.15E+00,+0.153E+00
2,16/2/2026,19:08:00.555,-0.047E+00,-0.047E+00,+0.000E+00,-0.188E+00,+0.73E+00,+63.54E+00,-12.16E+00,+0.122E+00
2,16/2/2026,19:08:00.556,-0.047E+00,-0.047E+00,-0.047E+00,-0.188E+00,+0.82E+00,+63.22E+00,-12.16E+00,+0.099E+00
2,16/2/2026,19:08:00.556,-0.047E+00,-0.047E+00,-0.047E+00,-0.188E+00,+0.92E+00,+62.87E+00,-12.16E+00,+0.069E+00
2,16/2/2026,19:08:00.556,-0.047E+00,-0.047E+00,-0.047E+00,-0.188E+00,+1.02E+00,+62.52E+00,-12.15E+00,+0.038E+00
2,16/2/2026,19:08:00.556,-0.047E+00,-0.047E+00,-0.047E+00,-0.188E+00,+1.11E+00,+62.15E+00,-12.15E+00,+0.008E+00
2,16/2/2026,19:08:00.556,-0.047E+00,-0.047E+00,-0.047E+00,-0.188E+00,+1.19E+00,+61.77E+00,-12.13E+00,-0.015E+00
2,16/2/2026,19:08:00.556,-0.047E+00,-0.047E+00,+0.000E+00,-0.188E+00,+1.27E+00,+61.39E+00,-12.12E+00,-0.046E+00
2,16/2/2026,19:08:00.556,-0.047E+00,-0.047E+00,-0.047E+00,-0.188E+00,+1.34E+00,+60.99E+00,-12.09E+00,-0.076E+00
2,16/2/2026,19:08:00.556,-0.047E+00,-0.047E+00,-0.047E+00,-0.188E+00,+1.43E+00,+60.58E+00,-12.04E+00,-0.099E+00
2,16/2/2026,19:08:00.556,-0.047E+00,-0.047E+00,-0.047E+00,-0.188E+00,+1.51E+00,+60.16E+00,-11.99E+00,-0.130E+00
2,16/2/2026,19:08:00.556,-0.047E+00,-0.047E+00,-0.047E+00,-0.188E+00,+1.59E+00,+59.70E+00,-11.95E+00,-0.153E+00
2,16/2/2026,19:08:00.556,-0.047E+00,-0.047E+00,-0.047E+00,-0.188E+00,+1.66E+00,+59.24E+00,-11.89E+00,-0.183E+00
2,16/2/2026,19:08:00.556,-0.047E+00,-0.047E+00,-0.047E+00,-0.188E+00,+1.74E+00,+58.78E+00,-11.81E+00,-0.214E+00
2,16/2/2026,19:08:00.556,-0.047E+00,-0.047E+00,-0.047E+00,-0.188E+00,+1.82E+00,+58.31E+00,-11.75E+00,-0.244E+00
2,16/2/2026,19:08:00.556,-0.047E+00,-0.047E+00,-0.047E+00,-0.188E+00,+1.89E+00,+57.82E+00,-11.67E+00,-0.275E+00
2,16/2/2026,19:08:00.556,-0.047E+00,-0.047E+00,-0.047E+00,-0.188E+00,+1.95E+00,+57.32E+00,-11.61E+00,-0.305E+00
2,16/2/2026,19:08:00.556,-0.047E+00,-0.047E+00,-0.047E+00,-0.188E+00,+2.03E+00,+56.81E+00,-11.55E+00,-0.336E+00
2,16/2/2026,19:08:00.556,+0.000E+00,-0.047E+00,-0.047E+00,-0.188E+00,+2.09E+00,+56.29E+00,-11.48E+00,-0.359E+00
2,16/2/2026,19:08:00.556,-0.047E+00,-0.047E+00,-0.047E+00,-0.188E+00,+2.17E+00,+55.75E+00,-11.40E+00,-0.389E+00
2,16/2/2026,19:08:00.556,-0.047E+00,-0.047E+00,-0.047E+00,-0.188E+00,+2.23E+00,+55.20E+00,-11.34E+00,-0.420E+00
2,16/2/2026,19:08:00.556,-0.047E+00,-0.047E+00,-0.047E+00,-0.188E+00,+2.29E+00,+54.65E+00,-11.25E+00,-0.443E+00
2,16/2/2026,19:08:00.557,-0.047E+00,-0.047E+00,-0.047E+00,-0.188E+00,+2.35E+00,+54.07E+00,-11.17E+00,-0.473E+00
2,16/2/2026,19:08:00.557,-0.047E+00,-0.047E+00,-0.047E+00,-0.188E+00,+2.41E+00,+53.49E+00,-11.09E+00,-0.504E+00
2,16/2/2026,19:08:00.557,-0.047E+00,-0.047E+00,-0.047E+00,-0.188E+00,+2.46E+00,+52.89E+00,-11.00E+00,-0.534E+00
2,16/2/2026,19:08:00.557,-0.047E+00,-0.047E+00,+0.000E+00,-0.188E+00,+2.50E+00,+52.30E+00,-10.91E+00,-0.565E+00
2,16/2/2026,19:08:00.557,-0.047E+00,-0.047E+00,+0.000E+00,-0.188E+00,+2.56E+00,+51.69E+00,-10.80E+00,-0.595E+00
2,16/2/2026,19:08:00.557,-0.047E+00,-0.047E+00,-0.047E+00,-0.188E+00,+2.61E+00,+51.06E+00,-10.70E+00,-0.626E+00
2,16/2/2026,19:08:00.557,-0.047E+00,-0.047E+00,+0.000E+00,-0.188E+00,+2.66E+00,+50.42E+00,-10.59E+00,-0.656E+00
2,16/2/2026,19:08:00.557,-0.047E+00,-0.047E+00,-0.047E+00,-0.188E+00,+2.72E+00,+49.78E+00,-10.48E+00,-0.679E+00
2,16/2/2026,19:08:00.557,+0.000E+00,-0.047E+00,+0.000E+00,-0.188E+00,+2.76E+00,+49.12E+00,-10.38E+00,-0.710E+00
2,16/2/2026,19:08:00.557,-0.047E+00,-0.047E+00,+0.000E+00,-0.188E+00,+2.81E+00,+48.45E+00,-10.27E+00,-0.732E+00
2,16/2/2026,19:08:00.557,-0.047E+00,-0.047E+00,-0.047E+00,-0.188E+00,+2.87E+00,+47.78E+00,-10.18E+00,-0.763E+00
2,16/2/2026,19:08:00.557,-0.047E+00,-0.047E+00,-0.047E+00,-0.188E+00,+2.91E+00,+47.09E+00,-10.07E+00,-0.794E+00
2,16/2/2026,19:08:00.557,-0.047E+00,-0.047E+00,+0.000E+00,-0.188E+00,+2.98E+00,+46.38E+00,-9.96E+00,-0.816E+00
2,16/2/2026,19:08:00.557,-0.047E+00,-0.047E+00,-0.047E+00,-0.188E+00,+3.04E+00,+45.67E+00,-9.87E+00,-0.839E+00
2,16/2/2026,19:08:00.557,-0.047E+00,-0.047E+00,-0.047E+00,-0.188E+00,+3.08E+00,+44.96E+00,-9.77E+00,-0.870E+00
2,16/2/2026,19:08:00.557,-0.047E+00,-0.047E+00,+0.000E+00,-0.188E+00,+3.13E+00,+44.24E+00,-9.66E+00,-0.900E+00
2,16/2/2026,19:08:00.557,-0.047E+00,-0.047E+00,+0.000E+00,-0.188E+00,+3.19E+00,+43.51E+00,-9.54E+00,-0.923E+00
2,16/2/2026,19:08:00.557,+0.000E+00,-0.047E+00,-0.047E+00,-0.188E+00,+3.24E+00,+42.76E+00,-9.43E+00,-0.954E+00
2,16/2/2026,19:08:00.557,+0.000E+00,-0.047E+00,-0.047E+00,-0.188E+00,+3.28E+00,+42.00E+00,-9.32E+00,-0.977E+00
2,16/2/2026,19:08:00.557,-0.047E+00,-0.047E+00,+0.000E+00,-0.188E+00,+3.33E+00,+41.25E+00,-9.20E+00,-1.007E+00
2,16/2/2026,19:08:00.558,-0.047E+00,-0.047E+00,-0.047E+00,-0.188E+00,+3.39E+00,+40.47E+00,-9.10E+00,-1.030E+00
2,16/2/2026,19:08:00.558,-0.047E+00,-0.047E+00,-0.047E+00,-0.188E+00,+3.43E+00,+39.69E+00,-8.97E+00,-1.053E+00
2,16/2/2026,19:08:00.558,-0.047E+00,-0.047E+00,-0.047E+00,-0.188E+00,+3.48E+00,+38.91E+00,-8.85E+00,-1.076E+00
2,16/2/2026,19:08:00.558,-0.047E+00,-0.047E+00,+0.000E+00,-0.188E+00,+3.53E+00,+38.12E+00,-8.73E+00,-1.106E+00
2,16/2/2026,19:08:00.558,-0.047E+00,-0.047E+00,+0.000E+00,-0.188E+00,+3.59E+00,+37.33E+00,-8.61E+00,-1.129E+00
2,16/2/2026,19:08:00.558,-0.047E+00,-0.047E+00,-0.047E+00,-0.188E+00,+3.63E+00,+36.52E+00,-8.48E+00,-1.145E+00
2,16/2/2026,19:08:00.558,-0.047E+00,-0.047E+00,-0.047E+00,-0.188E+00,+3.68E+00,+35.71E+00,-8.36E+00,-1.175E+00
2,16/2/2026,19:08:00.558,-0.047E+00,-0.047E+00,-0.047E+00,-0.188E+00,+3.72E+00,+34.88E+00,-8.24E+00,-1.198E+00
2,16/2/2026,19:08:00.558,-0.047E+00,-0.047E+00,-0.047E+00,-0.188E+00,+3.77E+00,+34.06E+00,-8.10E+00,-1.221E+00
2,16/2/2026,19:08:00.558,-0.047E+00,-0.047E+00,-0.047E+00,-0.235E+00,+3.82E+00,+33.24E+00,-7.98E+00,-1.244E+00
2,16/2/2026,19:08:00.558,-0.047E+00,-0.047E+00,-0.047E+00,-0.188E+00,+3.85E+00,+32.40E+00,-7.86E+00,-1.259E+00
2,16/2/2026,19:08:00.558,-0.047E+00,-0.047E+00,-0.047E+00,-0.188E+00,+3.89E+00,+31.56E+00,-7.72E+00,-1.282E+00
2,16/2/2026,19:08:00.558,-0.047E+00,-0.047E+00,-0.047E+00,-0.188E+00,+3.94E+00,+30.72E+00,-7.58E+00,-1.305E+00
2,16/2/2026,19:08:00.558,+0.000E+00,-0.047E+00,-0.047E+00,-0.188E+00,+3.98E+00,+29.86E+00,-7.45E+00,-1.335E+00
2,16/2/2026,19:08:00.558,-0.047E+00,-0.047E+00,-0.047E+00,-0.188E+00,+4.03E+00,+29.01E+00,-7.31E+00,-1.351E+00
2,16/2/2026,19:08:00.558,-0.047E+00,-0.047E+00,+0.000E+00,-0.188E+00,+4.06E+00,+28.14E+00,-7.17E+00,-1.373E+00
2,16/2/2026,19:08:00.558,-0.047E+00,-0.047E+00,+0.000E+00,-0.188E+00,+4.10E+00,+27.27E+00,-7.03E+00,-1.389E+00
2,16/2/2026,19:08:00.558,-0.047E+00,-0.047E+00,+0.000E+00,-0.188E+00,+4.15E+00,+26.40E+00,-6.90E+00,-1.412E+00
2,16/2/2026,19:08:00.558,-0.047E+00,-0.047E+00,-0.047E+00,-0.188E+00,+4.18E+00,+25.52E+00,-6.76E+00,-1.434E+00
2,16/2/2026,19:08:00.558,+0.000E+00,-0.047E+00,+0.000E+00,-0.188E+00,+4.23E+00,+24.61E+00,-6.61E+00,-1.457E+00
2,16/2/2026,19:08:00.559,+0.000E+00,-0.047E+00,-0.047E+00,-0.188E+00,+4.27E+00,+23.73E+00,-6.46E+00,-1.473E+00
2,16/2/2026,19:08:00.559,-0.047E+00,-0.047E+00,-0.047E+00,-0.188E+00,+4.30E+00,+22.83E+00,-6.32E+00,-1.495E+00
2,16/2/2026,19:08:00.559,-0.047E+00,-0.047E+00,-0.047E+00,-0.188E+00,+4.33E+00,+21.93E+00,-6.17E+00,-1.518E+00
2,16/2/2026,19:08:00.559,-0.047E+00,-0.047E+00,-0.047E+00,-0.188E+00,+4.38E+00,+21.03E+00,-6.03E+00,-1.541E+00
2,16/2/2026,19:08:00.559,-0.047E+00,-0.047E+00,-0.047E+00,-0.188E+00,+4.43E+00,+20.11E+00,-5.88E+00,-1.557E+00
2,16/2/2026,19:08:00.559,+0.000E+00,-0.047E+00,-0.047E+00,-0.188E+00,+4.46E+00,+19.20E+00,-5.72E+00,-1.572E+00
2,16/2/2026,19:08:00.559,-0.047E+00,-0.047E+00,-0.047E+00,-0.188E+00,+4.49E+00,+18.28E+00,-5.57E+00,-1.595E+00
2,16/2/2026,19:08:00.559,-0.047E+00,-0.047E+00,-0.047E+00,-0.188E+00,+4.52E+00,+17.37E+00,-5.42E+00,-1.610E+00
2,16/2/2026,19:08:00.559,-0.047E+00,-0.047E+00,-0.047E+00,-0.188E+00,+4.55E+00,+16.44E+00,-5.25E+00,-1.625E+00
2,16/2/2026,19:08:00.559,-0.047E+00,-0.047E+00,-0.047E+00,-0.188E+00,+4.56E+00,+15.50E+00,-5.10E+00,-1.648E+00
2,16/2/2026,19:08:00.559,-0.047E+00,-0.047E+00,+0.000E+00,-0.188E+00,+4.59E+00,+14.59E+00,-4.94E+00,-1.663E+00
2,16/2/2026,19:08:00.559,-0.047E+00,-0.047E+00,+0.000E+00,-0.188E+00,+4.61E+00,+13.66E+00,-4.79E+00,-1.679E+00
2,16/2/2026,19:08:00.559,-0.047E+00,-0.047E+00,-0.047E+00,-0.188E+00,+4.62E+00,+12.74E+00,-4.62E+00,-1.694E+00
2,16/2/2026,19:08:00.559,-0.047E+00,-0.047E+00,-0.047E+00,-0.188E+00,+4.62E+00,+11.81E+00,-4.47E+00,-1.709E+00
2,16/2/2026,19:08:00.559,-0.047E+00,-0.047E+00,+0.000E+00,-0.188E+00,+4.64E+00,+10.88E+00,-4.30E+00,-1.717E+00
2,16/2/2026,19:08:00.559,-0.047E+00,-0.047E+00,-0.047E+00,-0.188E+00,+4.64E+00,+9.95E+00,-4.15E+00,-1.724E+00
2,16/2/2026,19:08:00.559,-0.047E+00,-0.047E+00,-0.047E+00,-0.188E+00,+4.64E+00,+9.03E+00,-4.00E+00,-1.740E+00
2,16/2/2026,19:08:00.559,-0.047E+00,-0.047E+00,-0.047E+00,-0.188E+00,+4.64E+00,+8.10E+00,-3.83E+00,-1.747E+00
2,16/2/2026,19:08:00.559,-0.047E+00,-0.047E+00,-0.047E+00,-0.188E+00,+4.64E+00,+7.19E+00,-3.66E+00,-1.755E+00
2,16/2/2026,19:08:00.559,-0.047E+00,-0.047E+00,+0.000E+00,-0.235E+00,+4.64E+00,+6.26E+00,-3.49E+00,-1.770E+00
2,16/2/2026,19:08:00.560,-0.047E+00,-0.047E+00,-0.047E+00,-0.188E+00,+4.62E+00,+5.34E+00,-3.31E+00,-1.778E+00
2,16/2/2026,19:08:00.560,+0.000E+00,-0.047E+00,-0.047E+00,-0.188E+00,+4.61E+00,+4.41E+00,-3.16E+00,-1.785E+00
2,16/2/2026,19:08:00.560,-0.047E+00,-0.047E+00,-0.047E+00,-0.188E+00,+4.59E+00,+3.49E+00,-2.98E+00,-1.793E+00
2,16/2/2026,19:08:00.560,-0.047E+00,-0.047E+00,-0.047E+00,-0.188E+00,+4.58E+00,+2.58E+00,-2.81E+00,-1.801E+00
2,16/2/2026,19:08:00.560,-0.047E+00,-0.047E+00,+0.000E+00,-0.188E+00,+4.55E+00,+1.65E+00,-2.66E+00,-1.816E+00
2,16/2/2026,19:08:00.560,-0.047E+00,-0.047E+00,+0.000E+00,-0.188E+00,+4.53E+00,+0.73E+00,-2.49E+00,-1.824E+00
2,16/2/2026,19:08:00.560,-0.047E+00,-0.047E+00,-0.047E+00,-0.188E+00,+4.50E+00,-0.18E+00,-2.32E+00,-1.831E+00
2,16/2/2026,19:08:00.560,-0.047E+00,-0.047E+00,+0.000E+00,-0.188E+00,+4.47E+00,-1.10E+00,-2.15E+00,-1.831E+00
2,16/2/2026,19:08:00.560,-0.047E+00,-0.047E+00,+0.000E+00,-0.188E+00,+4.44E+00,-2.01E+00,-1.98E+00,-1.839E+00
2,16/2/2026,19:08:00.560,+0.000E+00,-0.047E+00,-0.047E+00,-0.188E+00,+4.39E+00,-2.91E+00,-1.83E+00,-1.846E+00
2,16/2/2026,19:08:00.560,+0.000E+00,-0.047E+00,-0.047E+00,-0.188E+00,+4.36E+00,-3.82E+00,-1.65E+00,-1.846E+00
2,16/2/2026,19:08:00.560,-0.047E+00,-0.047E+00,-0.047E+00,-0.188E+00,+4.33E+00,-4.72E+00,-1.50E+00,-1.846E+00
2,16/2/2026,19:08:00.560,-0.047E+00,-0.047E+00,-0.047E+00,-0.188E+00,+4.29E+00,-5.60E+00,-1.33E+00,-1.846E+00
2,16/2/2026,19:08:00.560,-0.047E+00,-0.047E+00,-0.047E+00,-0.188E+00,+4.24E+00,-6.49E+00,-1.16E+00,-1.846E+00
2,16/2/2026,19:08:00.560,-0.047E+00,-0.047E+00,-0.047E+00,-0.188E+00,+4.20E+00,-7.37E+00,-0.98E+00,-1.854E+00
2,16/2/2026,19:08:00.560,+0.000E+00,-0.047E+00,-0.047E+00,-0.188E+00,+4.15E+00,-8.24E+00,-0.81E+00,-1.854E+00
2,16/2/2026,19:08:00.560,-0.047E+00,+0.000E+00,-0.047E+00,-0.188E+00,+4.12E+00,-9.11E+00,-0.64E+00,-1.854E+00
2,16/2/2026,19:08:00.560,-0.047E+00,-0.047E+00,+0.000E+00,-0.188E+00,+4.07E+00,-9.98E+00,-0.47E+00,-1.854E+00
2,16/2/2026,19:08:00.560,-0.047E+00,-0.047E+00,+0.000E+00,-0.188E+00,+4.03E+00,-10.85E+00,-0.29E+00,-1.854E+00
2,16/2/2026,19:08:00.560,-0.047E+00,-0.047E+00,-0.047E+00,-0.188E+00,+4.00E+00,-11.69E+00,-0.14E+00,-1.854E+00
2,16/2/2026,19:08:00.561,-0.047E+00,-0.047E+00,-0.047E+00,-0.188E+00,+3.95E+00,-12.54E+00,+0.03E+00,-1.854E+00
2,16/2/2026,19:08:00.561,-0.047E+00,-0.047E+00,+0.000E+00,-0.188E+00,+3.91E+00,-13.40E+00,+0.20E+00,-1.846E+00
2,16/2/2026,19:08:00.561,-0.047E+00,-0.047E+00,+0.000E+00,-0.188E+00,+3.88E+00,-14.22E+00,+0.35E+00,-1.846E+00
2,16/2/2026,19:08:00.561,-0.047E+00,-0.047E+00,+0.000E+00,-0.188E+00,+3.83E+00,-15.06E+00,+0.52E+00,-1.846E+00
2,16/2/2026,19:08:00.561,-0.047E+00,-0.047E+00,-0.047E+00,-0.188E+00,+3.78E+00,-15.90E+00,+0.67E+00,-1.846E+00
2,16/2/2026,19:08:00.561,+0.000E+00,-0.047E+00,-0.047E+00,-0.188E+00,+3.74E+00,-16.71E+00,+0.84E+00,-1.846E+00
2,16/2/2026,19:08:00.561,-0.047E+00,-0.047E+00,-0.047E+00,-0.188E+00,+3.69E+00,-17.53E+00,+0.99E+00,-1.846E+00
2,16/2/2026,19:08:00.561,-0.047E+00,-0.047E+00,-0.047E+00,-0.188E+00,+3.65E+00,-18.34E+00,+1.16E+00,-1.839E+00
2,16/2/2026,19:08:00.561,-0.047E+00,-0.047E+00,-0.047E+00,-0.188E+00,+3.60E+00,-19.15E+00,+1.31E+00,-1.839E+00
2,16/2/2026,19:08:00.561,-0.047E+00,-0.047E+00,-0.047E+00,-0.188E+00,+3.56E+00,-19.96E+00,+1.48E+00,-1.839E+00
2,16/2/2026,19:08:00.561,-0.047E+00,-0.047E+00,+0.000E+00,-0.188E+00,+3.51E+00,-20.75E+00,+1.63E+00,-1.839E+00
2,16/2/2026,19:08:00.561,-0.047E+00,-0.047E+00,+0.000E+00,-0.188E+00,+3.46E+00,-21.55E+00,+1.79E+00,-1.831E+00
2,16/2/2026,19:08:00.561,-0.047E+00,-0.047E+00,-0.047E+00,-0.188E+00,+3.42E+00,-22.34E+00,+1.94E+00,-1.831E+00
2,16/2/2026,19:08:00.561,-0.047E+00,-0.047E+00,-0.047E+00,-0.188E+00,+3.37E+00,-23.12E+00,+2.09E+00,-1.824E+00
2,16/2/2026,19:08:00.561,+0.000E+00,-0.047E+00,+0.000E+00,-0.188E+00,+3.31E+00,-23.90E+00,+2.24E+00,-1.824E+00
2,16/2/2026,19:08:00.561,+0.000E+00,-0.047E+00,-0.047E+00,-0.188E+00,+3.27E+00,-24.66E+00,+2.40E+00,-1.824E+00
2,16/2/2026,19:08:00.561,-0.047E+00,-0.047E+00,-0.047E+00,-0.188E+00,+3.20E+00,-25.44E+00,+2.53E+00,-1.816E+00
2,16/2/2026,19:08:00.561,-0.047E+00,-0.047E+00,-0.047E+00,-0.188E+00,+3.16E+00,-26.20E+00,+2.69E+00,-1.816E+00
2,16/2/2026,19:08:00.561,-0.047E+00,-0.047E+00,-0.047E+00,-0.188E+00,+3.11E+00,-26.96E+00,+2.84E+00,-1.808E+00
2,16/2/2026,19:08:00.561,-0.047E+00,-0.047E+00,-0.047E+00,-0.188E+00,+3.05E+00,-27.71E+00,+2.99E+00,-1.808E+00
2,16/2/2026,19:08:00.562,-0.047E+00,-0.047E+00,+0.000E+00,-0.188E+00,+2.99E+00,-28.44E+00,+3.14E+00,-1.808E+00
2,16/2/2026,19:08:00.562,-0.047E+00,-0.047E+00,-0.047E+00,-0.188E+00,+2.93E+00,-29.19E+00,+3.28E+00,-1.801E+00
2,16/2/2026,19:08:00.562,-0.047E+00,-0.047E+00,-0.047E+00,-0.188E+00,+2.87E+00,-29.93E+00,+3.43E+00,-1.793E+00
2,16/2/2026,19:08:00.562,-0.047E+00,+0.000E+00,-0.047E+00,-0.188E+00,+2.81E+00,-30.64E+00,+3.57E+00,-1.785E+00
2,16/2/2026,19:08:00.562,-0.047E+00,+0.000E+00,+0.000E+00,-0.188E+00,+2.75E+00,-31.37E+00,+3.71E+00,-1.785E+00
2,16/2/2026,19:08:00.562,-0.047E+00,-0.047E+00,+0.000E+00,-0.188E+00,+2.69E+00,-32.09E+00,+3.86E+00,-1.778E+00
2,16/2/2026,19:08:00.562,-0.047E+00,-0.047E+00,-0.047E+00,-0.188E+00,+2.64E+00,-32.79E+00,+4.00E+00,-1.778E+00
2,16/2/2026,19:08:00.562,-0.047E+00,-0.047E+00,-0.047E+00,-0.188E+00,+2.56E+00,-33.50E+00,+4.15E+00,-1.770E+00
2,16/2/2026,19:08:00.562,-0.047E+00,-0.047E+00,+0.000E+00,-0.188E+00,+2.50E+00,-34.20E+00,+4.29E+00,-1.763E+00
2,16/2/2026,19:08:00.562,-0.047E+00,-0.047E+00,+0.000E+00,-0.188E+00,+2.43E+00,-34.88E+00,+4.43E+00,-1.755E+00
2,16/2/2026,19:08:00.562,-0.047E+00,-0.047E+00,-0.047E+00,-0.188E+00,+2.37E+00,-35.57E+00,+4.56E+00,-1.755E+00
2,16/2/2026,19:08:00.562,-0.047E+00,-0.047E+00,-0.047E+00,-0.188E+00,+2.29E+00,-36.24E+00,+4.70E+00,-1.747E+00
2,16/2/2026,19:08:00.562,-0.047E+00,-0.047E+00,+0.000E+00,-0.188E+00,+2.23E+00,-36.91E+00,+4.85E+00,-1.740E+00
2,16/2/2026,19:08:00.562,-0.047E+00,-0.047E+00,-0.047E+00,-0.188E+00,+2.15E+00,-37.57E+00,+4.99E+00,-1.740E+00
2,16/2/2026,19:08:00.562,-0.047E+00,-0.047E+00,-0.047E+00,-0.188E+00,+2.08E+00,-38.23E+00,+5.13E+00,-1.724E+00
2,16/2/2026,19:08:00.562,-0.047E+00,-0.047E+00,-0.047E+00,-0.188E+00,+2.01E+00,-38.87E+00,+5.25E+00,-1.709E+00
2,16/2/2026,19:08:00.562,-0.047E+00,-0.047E+00,+0.000E+00,-0.188E+00,+1.94E+00,-39.49E+00,+5.39E+00,-1.702E+00
2,16/2/2026,19:08:00.562,-0.047E+00,-0.047E+00,+0.000E+00,-0.188E+00,+1.86E+00,-40.12E+00,+5.51E+00,-1.686E+00
2,16/2/2026,19:08:00.562,-0.047E+00,-0.047E+00,-0.047E+00,-0.188E+00,+1.79E+00,-40.71E+00,+5.63E+00,-1.663E+00
2,16/2/2026,19:08:00.563,+0.000E+00,-0.047E+00,-0.047E+00,-0.188E+00,+1.71E+00,-41.29E+00,+5.74E+00,-1.648E+00
2,16/2/2026,19:08:00.563,-0.047E+00,-0.047E+00,+0.000E+00,-0.188E+00,+1.63E+00,-41.86E+00,+5.86E+00,-1.633E+00
2,16/2/2026,19:08:00.563,-0.047E+00,-0.047E+00,-0.047E+00,-0.188E+00,+1.56E+00,-42.41E+00,+6.00E+00,-1.610E+00
2,16/2/2026,19:08:00.563,-0.047E+00,-0.047E+00,-0.047E+00,-0.188E+00,+1.48E+00,-42.96E+00,+6.10E+00,-1.595E+00
2,16/2/2026,19:08:00.563,-0.047E+00,-0.047E+00,-0.047E+00,-0.188E+00,+1.39E+00,-43.49E+00,+6.21E+00,-1.572E+00
2,16/2/2026,19:08:00.563,-0.047E+00,-0.047E+00,-0.047E+00,-0.188E+00,+1.31E+00,-44.01E+00,+6.32E+00,-1.557E+00
2,16/2/2026,19:08:00.563,-0.047E+00,-0.047E+00,-0.047E+00,-0.188E+00,+1.22E+00,-44.53E+00,+6.42E+00,-1.541E+00
2,16/2/2026,19:08:00.563,-0.047E+00,-0.047E+00,+0.000E+00,-0.188E+00,+1.14E+00,-45.02E+00,+6.52E+00,-1.518E+00
2,16/2/2026,19:08:00.563,-0.047E+00,-0.047E+00,+0.000E+00,-0.188E+00,+1.05E+00,-45.51E+00,+6.62E+00,-1.495E+00
2,16/2/2026,19:08:00.563,+0.000E+00,-0.047E+00,-0.047E+00,-0.188E+00,+0.96E+00,-45.96E+00,+6.71E+00,-1.473E+00
2,16/2/2026,19:08:00.563,-0.047E+00,-0.047E+00,-0.047E+00,-0.188E+00,+0.87E+00,-46.42E+00,+6.79E+00,-1.450E+00
2,16/2/2026,19:08:00.563,-0.047E+00,-0.047E+00,+0.000E+00,-0.188E+00,+0.78E+00,-46.85E+00,+6.88E+00,-1.427E+00
2,16/2/2026,19:08:00.563,-0.047E+00,-0.047E+00,-0.047E+00,-0.188E+00,+0.69E+00,-47.26E+00,+6.99E+00,-1.396E+00
2,16/2/2026,19:08:00.563,-0.047E+00,-0.047E+00,-0.047E+00,-0.188E+00,+0.60E+00,-47.66E+00,+7.07E+00,-1.373E+00
2,16/2/2026,19:08:00.563,-0.047E+00,-0.047E+00,-0.047E+00,-0.188E+00,+0.52E+00,-48.05E+00,+7.16E+00,-1.351E+00
2,16/2/2026,19:08:00.563,-0.047E+00,-0.047E+00,-0.047E+00,-0.188E+00,+0.43E+00,-48.42E+00,+7.25E+00,-1.320E+00
2,16/2/2026,19:08:00.563,-0.047E+00,-0.047E+00,-0.047E+00,-0.188E+00,+0.34E+00,-48.77E+00,+7.32E+00,-1.297E+00
2,16/2/2026,19:08:00.563,-0.047E+00,-0.047E+00,-0.047E+00,-0.188E+00,+0.24E+00,-49.12E+00,+7.40E+00,-1.274E+00
2,16/2/2026,19:08:00.563,+0.000E+00,-0.047E+00,-0.047E+00,-0.188E+00,+0.15E+00,-49.46E+00,+7.49E+00,-1.244E+00
2,16/2/2026,19:08:00.563,+0.000E+00,-0.047E+00,+0.000E+00,-0.188E+00,+0.08E+00,-49.76E+00,+7.57E+00,-1.221E+00
2,16/2/2026,19:08:00.564,+0.000E+00,-0.047E+00,-0.047E+00,-0.188E+00,-0.02E+00,-50.07E+00,+7.65E+00,-1.198E+00
2,16/2/2026,19:08:00.564,+0.000E+00,-0.047E+00,-0.047E+00,-0.188E+00,-0.12E+00,-50.36E+00,+7.72E+00,-1.167E+00
2,16/2/2026,19:08:00.564,-0.047E+00,-0.047E+00,+0.000E+00,-0.188E+00,-0.21E+00,-50.63E+00,+7.78E+00,-1.145E+00
2,16/2/2026,19:08:00.564,-0.047E+00,-0.047E+00,+0.000E+00,-0.188E+00,-0.29E+00,-50.89E+00,+7.84E+00,-1.122E+00
2,16/2/2026,19:08:00.564,-0.047E+00,-0.047E+00,-0.047E+00,-0.188E+00,-0.38E+00,-51.14E+00,+7.92E+00,-1.091E+00
2,16/2/2026,19:08:00.564,-0.047E+00,-0.047E+00,-0.047E+00,-0.188E+00,-0.49E+00,-51.38E+00,+7.98E+00,-1.068E+00
2,16/2/2026,19:08:00.564,-0.047E+00,-0.047E+00,-0.047E+00,-0.188E+00,-0.56E+00,-51.59E+00,+8.04E+00,-1.045E+00
2,16/2/2026,19:08:00.564,-0.047E+00,-0.047E+00,-0.047E+00,-0.188E+00,-0.67E+00,-51.81E+00,+8.10E+00,-1.022E+00
2,16/2/2026,19:08:00.564,-0.047E+00,-0.047E+00,-0.047E+00,-0.188E+00,-0.76E+00,-52.01E+00,+8.16E+00,-1.000E+00
2,16/2/2026,19:08:00.564,-0.047E+00,-0.047E+00,+0.000E+00,-0.188E+00,-0.84E+00,-52.19E+00,+8.23E+00,-0.977E+00
2,16/2/2026,19:08:00.564,-0.047E+00,-0.047E+00,+0.000E+00,-0.188E+00,-0.93E+00,-52.37E+00,+8.27E+00,-0.946E+00
2,16/2/2026,19:08:00.564,-0.047E+00,-0.047E+00,+0.000E+00,-0.188E+00,-1.04E+00,-52.53E+00,+8.33E+00,-0.923E+00
2,16/2/2026,19:08:00.564,-0.047E+00,-0.047E+00,+0.000E+00,-0.188E+00,-1.11E+00,-52.68E+00,+8.38E+00,-0.900E+00
2,16/2/2026,19:08:00.564,-0.047E+00,-0.047E+00,-0.047E+00,-0.188E+00,-1.21E+00,-52.82E+00,+8.42E+00,-0.877E+00
2,16/2/2026,19:08:00.564,-0.047E+00,-0.047E+00,-0.047E+00,-0.188E+00,-1.30E+00,-52.94E+00,+8.47E+00,-0.855E+00
2,16/2/2026,19:08:00.564,-0.047E+00,-0.047E+00,-0.047E+00,-0.188E+00,-1.39E+00,-53.04E+00,+8.52E+00,-0.824E+00
2,16/2/2026,19:08:00.564,-0.047E+00,-0.047E+00,-0.047E+00,-0.188E+00,-1.48E+00,-53.14E+00,+8.56E+00,-0.801E+00
2,16/2/2026,19:08:00.564,-0.047E+00,-0.047E+00,+0.000E+00,-0.188E+00,-1.57E+00,-53.23E+00,+8.61E+00,-0.778E+00
2,16/2/2026,19:08:00.564,-0.047E+00,-0.047E+00,-0.047E+00,-0.188E+00,-1.66E+00,-53.29E+00,+8.64E+00,-0.755E+00
2,16/2/2026,19:08:00.564,-0.047E+00,-0.047E+00,-0.047E+00,-0.188E+00,-1.74E+00,-53.33E+00,+8.67E+00,-0.725E+00
2,16/2/2026,19:08:00.565,-0.047E+00,-0.047E+00,-0.047E+00,-0.188E+00,-1.83E+00,-53.38E+00,+8.71E+00,-0.694E+00
2,16/2/2026,19:08:00.565,-0.047E+00,-0.047E+00,-0.047E+00,-0.188E+00,-1.92E+00,-53.41E+00,+8.74E+00,-0.671E+00
2,16/2/2026,19:08:00.565,-0.047E+00,-0.047E+00,-0.047E+00,-0.188E+00,-2.01E+00,-53.43E+00,+8.77E+00,-0.641E+00
2,16/2/2026,19:08:00.565,-0.047E+00,-0.047E+00,-0.047E+00,-0.188E+00,-2.09E+00,-53.44E+00,+8.82E+00,-0.618E+00
2,16/2/2026,19:08:00.565,-0.047E+00,-0.047E+00,-0.047E+00,-0.188E+00,-2.18E+00,-53.43E+00,+8.85E+00,-0.588E+00
2,16/2/2026,19:08:00.565,+0.000E+00,-0.047E+00,+0.000E+00,-0.188E+00,-2.27E+00,-53.40E+00,+8.88E+00,-0.565E+00
2,16/2/2026,19:08:00.565,+0.000E+00,-0.047E+00,-0.047E+00,-0.188E+00,-2.35E+00,-53.35E+00,+8.90E+00,-0.534E+00
2,16/2/2026,19:08:00.565,-0.047E+00,-0.047E+00,+0.000E+00,-0.188E+00,-2.44E+00,-53.30E+00,+8.93E+00,-0.504E+00
2,16/2/2026,19:08:00.565,+0.000E+00,-0.047E+00,-0.047E+00,-0.188E+00,-2.55E+00,-53.24E+00,+8.96E+00,-0.481E+00
2,16/2/2026,19:08:00.565,+0.000E+00,-0.047E+00,-0.047E+00,-0.188E+00,-2.62E+00,-53.17E+00,+8.97E+00,-0.450E+00
2,16/2/2026,19:08:00.565,-0.047E+00,-0.047E+00,-0.047E+00,-0.188E+00,-2.72E+00,-53.06E+00,+8.99E+00,-0.427E+00
2,16/2/2026,19:08:00.565,-0.047E+00,-0.047E+00,-0.047E+00,-0.188E+00,-2.81E+00,-52.97E+00,+9.02E+00,-0.397E+00
2,16/2/2026,19:08:00.565,+0.000E+00,-0.047E+00,-0.047E+00,-0.188E+00,-2.90E+00,-52.85E+00,+9.03E+00,-0.366E+00
2,16/2/2026,19:08:00.565,-0.047E+00,-0.047E+00,-0.047E+00,-0.235E+00,-2.98E+00,-52.71E+00,+9.05E+00,-0.336E+00
2,16/2/2026,19:08:00.565,-0.047E+00,-0.047E+00,-0.047E+00,-0.188E+00,-3.08E+00,-52.57E+00,+9.08E+00,-0.313E+00
2,16/2/2026,19:08:00.565,-0.047E+00,-0.047E+00,-0.047E+00,-0.188E+00,-3.17E+00,-52.40E+00,+9.10E+00,-0.282E+00
2,16/2/2026,19:08:00.565,-0.047E+00,-0.047E+00,-0.047E+00,-0.235E+00,-3.25E+00,-52.22E+00,+9.10E+00,-0.252E+00
2,16/2/2026,19:08:00.565,-0.047E+00,-0.047E+00,-0.047E+00,-0.188E+00,-3.34E+00,-52.04E+00,+9.11E+00,-0.229E+00
2,16/2/2026,19:08:00.565,-0.047E+00,-0.047E+00,-0.047E+00,-0.188E+00,-3.43E+00,-51.84E+00,+9.13E+00,-0.198E+00
2,16/2/2026,19:08:00.565,-0.047E+00,-0.047E+00,-0.047E+00,-0.188E+00,-3.53E+00,-51.63E+00,+9.14E+00,-0.168E+00
2,16/2/2026,19:08:00.566,-0.047E+00,-0.047E+00,-0.047E+00,-0.188E+00,-3.63E+00,-51.40E+00,+9.14E+00,-0.137E+00
2,16/2/2026,19:08:00.566,-0.047E+00,-0.047E+00,-0.047E+00,-0.188E+00,-3.72E+00,-51.17E+00,+9.16E+00,-0.114E+00
2,16/2/2026,19:08:00.566,-0.047E+00,-0.047E+00,+0.000E+00,-0.235E+00,-3.80E+00,-50.91E+00,+9.16E+00,-0.084E+00
2,16/2/2026,19:08:00.566,-0.047E+00,-0.047E+00,-0.047E+00,-0.235E+00,-3.89E+00,-50.65E+00,+9.16E+00,-0.053E+00
2,16/2/2026,19:08:00.566,-0.047E+00,-0.047E+00,-0.047E+00,-0.188E+00,-3.98E+00,-50.37E+00,+9.16E+00,-0.031E+00
2,16/2/2026,19:08:00.566,-0.047E+00,-0.047E+00,-0.047E+00,-0.188E+00,-4.06E+00,-50.08E+00,+9.14E+00,+0.000E+00
2,16/2/2026,19:08:00.566,-0.047E+00,-0.047E+00,-0.047E+00,-0.188E+00,-4.14E+00,-49.76E+00,+9.13E+00,+0.031E+00
2,16/2/2026,19:08:00.566,-0.047E+00,-0.047E+00,-0.047E+00,-0.188E+00,-4.21E+00,-49.44E+00,+9.11E+00,+0.061E+00
2,16/2/2026,19:08:00.566,-0.047E+00,-0.047E+00,+0.000E+00,-0.188E+00,-4.29E+00,-49.11E+00,+9.06E+00,+0.092E+00
2,16/2/2026,19:08:00.566,-0.047E+00,-0.047E+00,-0.047E+00,-0.188E+00,-4.35E+00,-48.76E+00,+9.02E+00,+0.122E+00
2,16/2/2026,19:08:00.566,-0.047E+00,-0.047E+00,-0.047E+00,-0.188E+00,-4.43E+00,-48.41E+00,+8.97E+00,+0.153E+00
2,16/2/2026,19:08:00.566,-0.047E+00,-0.047E+00,-0.047E+00,-0.188E+00,-4.50E+00,-48.04E+00,+8.91E+00,+0.183E+00
2,16/2/2026,19:08:00.566,-0.047E+00,-0.047E+00,+0.000E+00,-0.188E+00,-4.56E+00,-47.67E+00,+8.87E+00,+0.214E+00
2,16/2/2026,19:08:00.566,-0.047E+00,+0.000E+00,+0.000E+00,-0.188E+00,-4.64E+00,-47.28E+00,+8.79E+00,+0.244E+00
2,16/2/2026,19:08:00.566,-0.047E+00,-0.047E+00,-0.047E+00,-0.188E+00,-4.72E+00,-46.88E+00,+8.73E+00,+0.267E+00
2,16/2/2026,19:08:00.566,+0.000E+00,-0.047E+00,-0.047E+00,-0.188E+00,-4.78E+00,-46.45E+00,+8.68E+00,+0.298E+00
2,16/2/2026,19:08:00.566,+0.000E+00,-0.047E+00,+0.000E+00,-0.188E+00,-4.84E+00,-46.02E+00,+8.62E+00,+0.328E+00
2,16/2/2026,19:08:00.566,-0.047E+00,-0.047E+00,-0.047E+00,-0.188E+00,-4.90E+00,-45.60E+00,+8.55E+00,+0.359E+00
2,16/2/2026,19:08:00.566,-0.047E+00,-0.047E+00,-0.047E+00,-0.188E+00,-4.96E+00,-45.14E+00,+8.48E+00,+0.389E+00
2,16/2/2026,19:08:00.566,-0.047E+00,-0.047E+00,-0.047E+00,-0.188E+00,-5.02E+00,-44.67E+00,+8.41E+00,+0.420E+00
2,16/2/2026,19:08:00.567,-0.047E+00,-0.047E+00,-0.047E+00,-0.188E+00,-5.08E+00,-44.19E+00,+8.33E+00,+0.450E+00
2,16/2/2026,19:08:00.567,-0.047E+00,-0.047E+00,-0.047E+00,-0.188E+00,-5.13E+00,-43.71E+00,+8.26E+00,+0.481E+00
2,16/2/2026,19:08:00.567,+0.000E+00,-0.047E+00,-0.047E+00,-0.188E+00,-5.17E+00,-43.20E+00,+8.18E+00,+0.504E+00
2,16/2/2026,19:08:00.567,-0.047E+00,-0.047E+00,-0.047E+00,-0.188E+00,-5.22E+00,-42.68E+00,+8.09E+00,+0.534E+00
2,16/2/2026,19:08:00.567,-0.047E+00,-0.047E+00,-0.047E+00,-0.188E+00,-5.28E+00,-42.16E+00,+8.01E+00,+0.565E+00
2,16/2/2026,19:08:00.567,-0.047E+00,-0.047E+00,-0.047E+00,-0.188E+00,-5.33E+00,-41.63E+00,+7.90E+00,+0.595E+00
2,16/2/2026,19:08:00.567,-0.047E+00,-0.047E+00,-0.047E+00,-0.188E+00,-5.37E+00,-41.07E+00,+7.81E+00,+0.626E+00
2,16/2/2026,19:08:00.567,-0.047E+00,-0.047E+00,-0.047E+00,-0.188E+00,-5.42E+00,-40.50E+00,+7.72E+00,+0.656E+00
2,16/2/2026,19:08:00.567,-0.047E+00,-0.047E+00,-0.047E+00,-0.188E+00,-5.46E+00,-39.95E+00,+7.61E+00,+0.687E+00
2,16/2/2026,19:08:00.567,-0.047E+00,-0.047E+00,+0.000E+00,-0.188E+00,-5.51E+00,-39.36E+00,+7.52E+00,+0.717E+00
2,16/2/2026,19:08:00.567,-0.047E+00,-0.047E+00,+0.000E+00,-0.188E+00,-5.55E+00,-38.76E+00,+7.42E+00,+0.748E+00
2,16/2/2026,19:08:00.567,-0.047E+00,-0.047E+00,-0.047E+00,-0.188E+00,-5.60E+00,-38.15E+00,+7.32E+00,+0.778E+00
2,16/2/2026,19:08:00.567,-0.047E+00,-0.047E+00,-0.047E+00,-0.188E+00,-5.65E+00,-37.54E+00,+7.22E+00,+0.801E+00
2,16/2/2026,19:08:00.567,-0.047E+00,-0.047E+00,-0.047E+00,-0.188E+00,-5.69E+00,-36.91E+00,+7.13E+00,+0.832E+00
2,16/2/2026,19:08:00.567,-0.047E+00,-0.047E+00,-0.047E+00,-0.188E+00,-5.75E+00,-36.29E+00,+7.02E+00,+0.855E+00
2,16/2/2026,19:08:00.567,-0.047E+00,-0.047E+00,+0.000E+00,-0.188E+00,-5.80E+00,-35.63E+00,+6.93E+00,+0.885E+00
2,16/2/2026,19:08:00.567,-0.047E+00,-0.047E+00,+0.000E+00,-0.188E+00,-5.84E+00,-34.99E+00,+6.82E+00,+0.908E+00
2,16/2/2026,19:08:00.567,-0.047E+00,-0.047E+00,-0.047E+00,-0.188E+00,-5.89E+00,-34.32E+00,+6.71E+00,+0.939E+00
2,16/2/2026,19:08:00.567,-0.047E+00,-0.047E+00,-0.047E+00,-0.188E+00,-5.94E+00,-33.65E+00,+6.61E+00,+0.969E+00
2,16/2/2026,19:08:00.567,-0.047E+00,-0.047E+00,-0.047E+00,-0.188E+00,-5.97E+00,-32.96E+00,+6.52E+00,+0.992E+00
2,16/2/2026,19:08:00.568,+0.000E+00,-0.047E+00,-0.047E+00,-0.188E+00,-6.01E+00,-32.28E+00,+6.41E+00,+1.015E+00
2,16/2/2026,19:08:00.568,-0.047E+00,-0.047E+00,-0.047E+00,-0.188E+00,-6.07E+00,-31.59E+00,+6.29E+00,+1.045E+00
2,16/2/2026,19:08:00.568,-0.047E+00,-0.047E+00,-0.047E+00,-0.188E+00,-6.10E+00,-30.87E+00,+6.18E+00,+1.076E+00
2,16/2/2026,19:08:00.568,-0.047E+00,-0.047E+00,-0.047E+00,-0.188E+00,-6.15E+00,-30.15E+00,+6.07E+00,+1.099E+00
2,16/2/2026,19:08:00.568,-0.047E+00,-0.047E+00,+0.000E+00,-0.188E+00,-6.20E+00,-29.44E+00,+5.95E+00,+1.114E+00
2,16/2/2026,19:08:00.568,-0.047E+00,-0.047E+00,-0.047E+00,-0.188E+00,-6.24E+00,-28.70E+00,+5.83E+00,+1.137E+00
2,16/2/2026,19:08:00.568,+0.000E+00,-0.047E+00,-0.047E+00,-0.188E+00,-6.27E+00,-27.97E+00,+5.71E+00,+1.167E+00
2,16/2/2026,19:08:00.568,-0.047E+00,-0.047E+00,-0.047E+00,-0.188E+00,-6.32E+00,-27.22E+00,+5.59E+00,+1.190E+00
2,16/2/2026,19:08:00.568,-0.047E+00,-0.047E+00,+0.000E+00,-0.188E+00,-6.36E+00,-26.48E+00,+5.48E+00,+1.213E+00
2,16/2/2026,19:08:00.568,+0.000E+00,-0.047E+00,+0.000E+00,-0.188E+00,-6.39E+00,-25.71E+00,+5.36E+00,+1.236E+00
2,16/2/2026,19:08:00.568,+0.000E+00,-0.047E+00,+0.000E+00,-0.188E+00,-6.44E+00,-24.95E+00,+5.23E+00,+1.259E+00
2,16/2/2026,19:08:00.568,-0.047E+00,-0.047E+00,+0.000E+00,-0.188E+00,-6.49E+00,-24.17E+00,+5.11E+00,+1.282E+00
2,16/2/2026,19:08:00.568,-0.047E+00,-0.047E+00,-0.047E+00,-0.188E+00,-6.52E+00,-23.41E+00,+4.99E+00,+1.305E+00
2,16/2/2026,19:08:00.568,-0.047E+00,-0.047E+00,+0.000E+00,-0.188E+00,-6.55E+00,-22.62E+00,+4.85E+00,+1.328E+00
2,16/2/2026,19:08:00.568,-0.047E+00,-0.047E+00,-0.047E+00,-0.188E+00,-6.59E+00,-21.82E+00,+4.73E+00,+1.351E+00
2,16/2/2026,19:08:00.568,-0.047E+00,-0.047E+00,-0.047E+00,-0.188E+00,-6.62E+00,-21.03E+00,+4.59E+00,+1.366E+00
2,16/2/2026,19:08:00.568,+0.000E+00,-0.047E+00,-0.047E+00,-0.188E+00,-6.67E+00,-20.25E+00,+4.47E+00,+1.389E+00
2,16/2/2026,19:08:00.568,-0.047E+00,-0.047E+00,-0.047E+00,-0.188E+00,-6.70E+00,-19.44E+00,+4.33E+00,+1.412E+00
2,16/2/2026,19:08:00.568,-0.047E+00,-0.047E+00,-0.047E+00,-0.188E+00,-6.73E+00,-18.63E+00,+4.20E+00,+1.434E+00
2,16/2/2026,19:08:00.568,+0.000E+00,-0.047E+00,-0.047E+00,-0.188E+00,-6.76E+00,-17.82E+00,+4.06E+00,+1.450E+00
2,16/2/2026,19:08:00.569,-0.047E+00,-0.047E+00,-0.047E+00,-0.188E+00,-6.81E+00,-17.00E+00,+3.92E+00,+1.473E+00
2,16/2/2026,19:08:00.569,-0.047E+00,-0.047E+00,+0.000E+00,-0.188E+00,-6.84E+00,-16.18E+00,+3.78E+00,+1.495E+00
2,16/2/2026,19:08:00.569,-0.047E+00,-0.047E+00,+0.000E+00,-0.188E+00,-6.87E+00,-15.35E+00,+3.65E+00,+1.518E+00
2,16/2/2026,19:08:00.569,-0.047E+00,-0.047E+00,-0.047E+00,-0.188E+00,-6.90E+00,-14.51E+00,+3.51E+00,+1.534E+00
2,16/2/2026,19:08:00.569,-0.047E+00,-0.047E+00,-0.047E+00,-0.188E+00,-6.94E+00,-13.67E+00,+3.36E+00,+1.557E+00
2,16/2/2026,19:08:00.569,-0.047E+00,-0.047E+00,-0.047E+00,-0.188E+00,-6.97E+00,-12.82E+00,+3.22E+00,+1.572E+00
2,16/2/2026,19:08:00.569,-0.047E+00,-0.047E+00,-0.047E+00,-0.188E+00,-6.99E+00,-11.96E+00,+3.07E+00,+1.595E+00
2,16/2/2026,19:08:00.569,-0.047E+00,-0.047E+00,-0.047E+00,-0.188E+00,-7.02E+00,-11.11E+00,+2.91E+00,+1.618E+00
2,16/2/2026,19:08:00.569,-0.047E+00,+0.000E+00,-0.047E+00,-0.188E+00,-7.05E+00,-10.25E+00,+2.78E+00,+1.633E+00
2,16/2/2026,19:08:00.569,-0.047E+00,-0.047E+00,-0.047E+00,-0.188E+00,-7.07E+00,-9.39E+00,+2.62E+00,+1.648E+00
2,16/2/2026,19:08:00.569,-0.047E+00,-0.047E+00,+0.000E+00,-0.188E+00,-7.10E+00,-8.53E+00,+2.49E+00,+1.663E+00
2,16/2/2026,19:08:00.569,+0.000E+00,-0.047E+00,+0.000E+00,-0.188E+00,-7.10E+00,-7.66E+00,+2.33E+00,+1.686E+00
2,16/2/2026,19:08:00.569,-0.047E+00,-0.047E+00,-0.047E+00,-0.188E+00,-7.11E+00,-6.79E+00,+2.18E+00,+1.702E+00
2,16/2/2026,19:08:00.569,-0.047E+00,-0.047E+00,-0.047E+00,-0.188E+00,-7.11E+00,-5.92E+00,+2.03E+00,+1.709E+00
2,16/2/2026,19:08:00.569,-0.047E+00,-0.047E+00,-0.047E+00,-0.188E+00,-7.13E+00,-5.07E+00,+1.88E+00,+1.724E+00
2,16/2/2026,19:08:00.569,-0.047E+00,-0.047E+00,-0.047E+00,-0.188E+00,-7.11E+00,-4.20E+00,+1.72E+00,+1.740E+00
2,16/2/2026,19:08:00.569,-0.047E+00,-0.047E+00,-0.047E+00,-0.188E+00,-7.11E+00,-3.33E+00,+1.56E+00,+1.747E+00
2,16/2/2026,19:08:00.569,-0.047E+00,-0.047E+00,+0.000E+00,-0.188E+00,-7.11E+00,-2.47E+00,+1.40E+00,+1.763E+00
2,16/2/2026,19:08:00.569,-0.047E+00,-0.047E+00,-0.047E+00,-0.188E+00,-7.11E+00,-1.62E+00,+1.25E+00,+1.770E+00
2,16/2/2026,19:08:00.569,-0.047E+00,-0.047E+00,-0.047E+00,-0.188E+00,-7.10E+00,-0.75E+00,+1.08E+00,+1.778E+00
2,16/2/2026,19:08:00.570,-0.047E+00,-0.047E+00,+0.000E+00,-0.188E+00,-7.08E+00,+0.12E+00,+0.93E+00,+1.793E+00
2,16/2/2026,19:08:00.570,-0.047E+00,-0.047E+00,+0.000E+00,-0.188E+00,-7.08E+00,+0.99E+00,+0.78E+00,+1.801E+00
2,16/2/2026,19:08:00.570,-0.047E+00,-0.047E+00,-0.047E+00,-0.188E+00,-7.07E+00,+1.85E+00,+0.61E+00,+1.808E+00
2,16/2/2026,19:08:00.570,-0.047E+00,-0.047E+00,-0.047E+00,-0.188E+00,-7.03E+00,+2.72E+00,+0.44E+00,+1.824E+00
2,16/2/2026,19:08:00.570,-0.047E+00,-0.047E+00,+0.000E+00,-0.188E+00,-7.00E+00,+3.57E+00,+0.27E+00,+1.831E+00
2,16/2/2026,19:08:00.570,-0.047E+00,-0.047E+00,-0.047E+00,-0.188E+00,-6.97E+00,+4.43E+00,+0.12E+00,+1.839E+00
2,16/2/2026,19:08:00.570,-0.047E+00,-0.047E+00,+0.000E+00,-0.188E+00,-6.94E+00,+5.30E+00,-0.05E+00,+1.846E+00
2,16/2/2026,19:08:00.570,-0.047E+00,-0.047E+00,+0.000E+00,-0.188E+00,-6.91E+00,+6.15E+00,-0.20E+00,+1.854E+00
2,16/2/2026,19:08:00.570,-0.047E+00,-0.047E+00,-0.047E+00,-0.188E+00,-6.88E+00,+7.00E+00,-0.35E+00,+1.862E+00
2,16/2/2026,19:08:00.570,-0.047E+00,-0.047E+00,-0.047E+00,-0.188E+00,-6.84E+00,+7.84E+00,-0.50E+00,+1.862E+00
2,16/2/2026,19:08:00.570,-0.047E+00,-0.047E+00,-0.047E+00,-0.188E+00,-6.79E+00,+8.70E+00,-0.67E+00,+1.869E+00
2,16/2/2026,19:08:00.570,-0.047E+00,-0.047E+00,-0.047E+00,-0.188E+00,-6.75E+00,+9.54E+00,-0.84E+00,+1.869E+00
2,16/2/2026,19:08:00.570,-0.047E+00,-0.047E+00,-0.047E+00,-0.188E+00,-6.71E+00,+10.38E+00,-0.99E+00,+1.877E+00
2,16/2/2026,19:08:00.570,-0.047E+00,-0.047E+00,-0.047E+00,-0.188E+00,-6.67E+00,+11.22E+00,-1.14E+00,+1.877E+00
2,16/2/2026,19:08:00.570,-0.047E+00,-0.047E+00,-0.047E+00,-0.188E+00,-6.62E+00,+12.04E+00,-1.31E+00,+1.877E+00
2,16/2/2026,19:08:00.570,+0.000E+00,-0.047E+00,-0.047E+00,-0.188E+00,-6.58E+00,+12.86E+00,-1.48E+00,+1.877E+00
2,16/2/2026,19:08:00.570,+0.000E+00,-0.047E+00,-0.047E+00,-0.188E+00,-6.53E+00,+13.69E+00,-1.65E+00,+1.885E+00
2,16/2/2026,19:08:00.570,-0.047E+00,-0.047E+00,+0.000E+00,-0.188E+00,-6.49E+00,+14.50E+00,-1.82E+00,+1.885E+00
2,16/2/2026,19:08:00.570,-0.047E+00,-0.047E+00,+0.000E+00,-0.188E+00,-6.44E+00,+15.32E+00,-1.98E+00,+1.885E+00
2,16/2/2026,19:08:00.570,-0.047E+00,-0.047E+00,+0.000E+00,-0.188E+00,-6.39E+00,+16.13E+00,-2.15E+00,+1.885E+00
2,16/2/2026,19:08:00.571,-0.047E+00,-0.047E+00,-0.047E+00,-0.188E+00,-6.35E+00,+16.92E+00,-2.32E+00,+1.885E+00
2,16/2/2026,19:08:00.571,-0.047E+00,-0.047E+00,-0.047E+00,-0.188E+00,-6.29E+00,+17.72E+00,-2.47E+00,+1.885E+00
2,16/2/2026,19:08:00.571,+0.000E+00,-0.047E+00,-0.047E+00,-0.188E+00,-6.24E+00,+18.51E+00,-2.64E+00,+1.877E+00
2,16/2/2026,19:08:00.571,-0.047E+00,-0.047E+00,+0.000E+00,-0.188E+00,-6.20E+00,+19.30E+00,-2.79E+00,+1.877E+00
2,16/2/2026,19:08:00.571,-0.047E+00,-0.047E+00,+0.000E+00,-0.188E+00,-6.15E+00,+20.08E+00,-2.95E+00,+1.885E+00
2,16/2/2026,19:08:00.571,-0.047E+00,-0.047E+00,-0.047E+00,-0.188E+00,-6.10E+00,+20.88E+00,-3.11E+00,+1.877E+00
2,16/2/2026,19:08:00.571,-0.047E+00,-0.047E+00,+0.000E+00,-0.188E+00,-6.06E+00,+21.65E+00,-3.27E+00,+1.877E+00
2,16/2/2026,19:08:00.571,-0.047E+00,-0.047E+00,-0.047E+00,-0.188E+00,-6.01E+00,+22.42E+00,-3.42E+00,+1.877E+00
2,16/2/2026,19:08:00.571,-0.047E+00,-0.047E+00,-0.047E+00,-0.188E+00,-5.95E+00,+23.20E+00,-3.59E+00,+1.877E+00
2,16/2/2026,19:08:00.571,-0.047E+00,-0.047E+00,-0.047E+00,-0.188E+00,-5.91E+00,+23.96E+00,-3.74E+00,+1.877E+00
2,16/2/2026,19:08:00.571,-0.047E+00,+0.000E+00,-0.047E+00,-0.188E+00,-5.86E+00,+24.72E+00,-3.89E+00,+1.877E+00
2,16/2/2026,19:08:00.571,-0.047E+00,-0.047E+00,-0.047E+00,-0.188E+00,-5.81E+00,+25.48E+00,-4.04E+00,+1.869E+00
2,16/2/2026,19:08:00.571,-0.047E+00,-0.047E+00,-0.047E+00,-0.188E+00,-5.75E+00,+26.25E+00,-4.20E+00,+1.869E+00
2,16/2/2026,19:08:00.571,-0.047E+00,-0.047E+00,-0.047E+00,-0.188E+00,-5.71E+00,+26.98E+00,-4.35E+00,+1.869E+00
2,16/2/2026,19:08:00.571,-0.047E+00,-0.047E+00,-0.047E+00,-0.188E+00,-5.65E+00,+27.73E+00,-4.50E+00,+1.869E+00
2,16/2/2026,19:08:00.571,-0.047E+00,-0.047E+00,+0.000E+00,-0.188E+00,-5.60E+00,+28.46E+00,-4.65E+00,+1.869E+00
2,16/2/2026,19:08:00.571,-0.047E+00,-0.047E+00,+0.000E+00,-0.188E+00,-5.54E+00,+29.19E+00,-4.79E+00,+1.862E+00
2,16/2/2026,19:08:00.571,-0.047E+00,-0.047E+00,+0.000E+00,-0.188E+00,-5.49E+00,+29.93E+00,-4.94E+00,+1.862E+00
2,16/2/2026,19:08:00.571,-0.047E+00,-0.047E+00,+0.000E+00,-0.188E+00,-5.43E+00,+30.64E+00,-5.10E+00,+1.854E+00
2,16/2/2026,19:08:00.571,-0.047E+00,-0.047E+00,-0.047E+00,-0.188E+00,-5.39E+00,+31.36E+00,-5.23E+00,+1.854E+00
2,16/2/2026,19:08:00.572,+0.000E+00,-0.047E+00,+0.000E+00,-0.188E+00,-5.33E+00,+32.06E+00,-5.37E+00,+1.854E+00
2,16/2/2026,19:08:00.572,-0.047E+00,-0.047E+00,+0.000E+00,-0.188E+00,-5.26E+00,+32.78E+00,-5.52E+00,+1.854E+00
2,16/2/2026,19:08:00.572,-0.047E+00,-0.047E+00,-0.047E+00,-0.188E+00,-5.20E+00,+33.47E+00,-5.66E+00,+1.846E+00
2,16/2/2026,19:08:00.572,-0.047E+00,-0.047E+00,-0.047E+00,-0.188E+00,-5.13E+00,+34.17E+00,-5.81E+00,+1.839E+00
2,16/2/2026,19:08:00.572,-0.047E+00,-0.047E+00,-0.047E+00,-0.188E+00,-5.08E+00,+34.85E+00,-5.95E+00,+1.839E+00
2,16/2/2026,19:08:00.572,-0.047E+00,-0.047E+00,-0.047E+00,-0.188E+00,-5.01E+00,+35.54E+00,-6.09E+00,+1.831E+00
2,16/2/2026,19:08:00.572,-0.047E+00,-0.047E+00,-0.047E+00,-0.188E+00,-4.94E+00,+36.21E+00,-6.23E+00,+1.824E+00
2,16/2/2026,19:08:00.572,-0.047E+00,-0.047E+00,+0.000E+00,-0.188E+00,-4.88E+00,+36.88E+00,-6.36E+00,+1.824E+00
2,16/2/2026,19:08:00.572,-0.047E+00,-0.047E+00,-0.047E+00,-0.188E+00,-4.81E+00,+37.56E+00,-6.52E+00,+1.816E+00
2,16/2/2026,19:08:00.572,-0.047E+00,-0.047E+00,-0.047E+00,-0.188E+00,-4.75E+00,+38.21E+00,-6.65E+00,+1.808E+00
2,16/2/2026,19:08:00.572,-0.047E+00,-0.047E+00,+0.000E+00,-0.188E+00,-4.67E+00,+38.88E+00,-6.78E+00,+1.808E+00
2,16/2/2026,19:08:00.572,-0.047E+00,-0.047E+00,+0.000E+00,-0.188E+00,-4.59E+00,+39.52E+00,-6.93E+00,+1.801E+00
2,16/2/2026,19:08:00.572,-0.047E+00,-0.047E+00,-0.047E+00,-0.188E+00,-4.52E+00,+40.16E+00,-7.07E+00,+1.793E+00
2,16/2/2026,19:08:00.572,-0.047E+00,-0.047E+00,-0.047E+00,-0.188E+00,-4.46E+00,+40.81E+00,-7.20E+00,+1.785E+00
2,16/2/2026,19:08:00.572,-0.047E+00,-0.047E+00,-0.047E+00,-0.188E+00,-4.38E+00,+41.43E+00,-7.34E+00,+1.778E+00
2,16/2/2026,19:08:00.572,-0.047E+00,-0.047E+00,-0.047E+00,-0.188E+00,-4.32E+00,+42.04E+00,-7.48E+00,+1.770E+00
2,16/2/2026,19:08:00.572,-0.047E+00,-0.047E+00,+0.000E+00,-0.188E+00,-4.24E+00,+42.65E+00,-7.61E+00,+1.755E+00
2,16/2/2026,19:08:00.572,-0.047E+00,-0.047E+00,+0.000E+00,-0.188E+00,-4.17E+00,+43.25E+00,-7.74E+00,+1.747E+00
2,16/2/2026,19:08:00.572,+0.000E+00,-0.047E+00,-0.047E+00,-0.188E+00,-4.09E+00,+43.83E+00,-7.86E+00,+1.732E+00
2,16/2/2026,19:08:00.572,-0.047E+00,-0.047E+00,-0.047E+00,-0.188E+00,-4.01E+00,+44.39E+00,-7.97E+00,+1.717E+00
2,16/2/2026,19:08:00.573,-0.047E+00,-0.047E+00,+0.000E+00,-0.188E+00,-3.94E+00,+44.94E+00,-8.09E+00,+1.702E+00
2,16/2/2026,19:08:00.573,-0.047E+00,-0.047E+00,+0.000E+00,-0.188E+00,-3.86E+00,+45.46E+00,-8.19E+00,+1.679E+00
2,16/2/2026,19:08:00.573,-0.047E+00,-0.047E+00,-0.047E+00,-0.188E+00,-3.78E+00,+45.99E+00,-8.32E+00,+1.656E+00
2,16/2/2026,19:08:00.573,-0.047E+00,-0.047E+00,-0.047E+00,-0.188E+00,-3.69E+00,+46.50E+00,-8.42E+00,+1.640E+00
2,16/2/2026,19:08:00.573,+0.000E+00,-0.047E+00,-0.047E+00,-0.188E+00,-3.60E+00,+47.00E+00,-8.53E+00,+1.625E+00
2,16/2/2026,19:08:00.573,-0.047E+00,-0.047E+00,-0.047E+00,-0.188E+00,-3.53E+00,+47.50E+00,-8.64E+00,+1.602E+00
2,16/2/2026,19:08:00.573,-0.047E+00,-0.047E+00,+0.000E+00,-0.188E+00,-3.43E+00,+47.98E+00,-8.74E+00,+1.587E+00
2,16/2/2026,19:08:00.573,-0.047E+00,-0.047E+00,-0.047E+00,-0.188E+00,-3.34E+00,+48.45E+00,-8.84E+00,+1.564E+00
2,16/2/2026,19:08:00.573,-0.047E+00,-0.047E+00,-0.047E+00,-0.188E+00,-3.25E+00,+48.89E+00,-8.94E+00,+1.541E+00
2,16/2/2026,19:08:00.573,-0.047E+00,-0.047E+00,+0.000E+00,-0.188E+00,-3.16E+00,+49.32E+00,-9.03E+00,+1.526E+00
2,16/2/2026,19:08:00.573,+0.000E+00,-0.047E+00,+0.000E+00,-0.188E+00,-3.07E+00,+49.75E+00,-9.11E+00,+1.503E+00
2,16/2/2026,19:08:00.573,-0.047E+00,-0.047E+00,-0.047E+00,-0.188E+00,-2.98E+00,+50.14E+00,-9.20E+00,+1.473E+00
2,16/2/2026,19:08:00.573,-0.047E+00,-0.047E+00,-0.047E+00,-0.235E+00,-2.88E+00,+50.53E+00,-9.29E+00,+1.442E+00
2,16/2/2026,19:08:00.573,-0.047E+00,-0.047E+00,-0.047E+00,-0.188E+00,-2.79E+00,+50.91E+00,-9.39E+00,+1.419E+00
2,16/2/2026,19:08:00.573,-0.047E+00,-0.047E+00,-0.047E+00,-0.188E+00,-2.70E+00,+51.26E+00,-9.46E+00,+1.396E+00
2,16/2/2026,19:08:00.573,-0.047E+00,-0.047E+00,-0.047E+00,-0.188E+00,-2.61E+00,+51.59E+00,-9.55E+00,+1.366E+00
2,16/2/2026,19:08:00.573,-0.047E+00,-0.047E+00,-0.047E+00,-0.188E+00,-2.52E+00,+51.93E+00,-9.63E+00,+1.343E+00
2,16/2/2026,19:08:00.573,-0.047E+00,-0.047E+00,-0.047E+00,-0.188E+00,-2.43E+00,+52.24E+00,-9.71E+00,+1.312E+00
2,16/2/2026,19:08:00.573,-0.047E+00,-0.047E+00,-0.047E+00,-0.188E+00,-2.33E+00,+52.54E+00,-9.78E+00,+1.289E+00
2,16/2/2026,19:08:00.573,-0.047E+00,-0.047E+00,-0.047E+00,-0.188E+00,-2.23E+00,+52.83E+00,-9.86E+00,+1.267E+00
2,16/2/2026,19:08:00.574,-0.047E+00,-0.047E+00,-0.047E+00,-0.188E+00,-2.14E+00,+53.09E+00,-9.93E+00,+1.236E+00
2,16/2/2026,19:08:00.574,-0.047E+00,-0.094E+00,+0.000E+00,-0.188E+00,-2.04E+00,+53.33E+00,-10.01E+00,+1.213E+00
2,16/2/2026,19:08:00.574,-0.047E+00,-0.047E+00,-0.047E+00,-0.188E+00,-1.95E+00,+53.59E+00,-10.07E+00,+1.190E+00
2,16/2/2026,19:08:00.574,-0.047E+00,-0.047E+00,+0.000E+00,-0.188E+00,-1.86E+00,+53.84E+00,-10.15E+00,+1.160E+00
2,16/2/2026,19:08:00.574,-0.047E+00,-0.047E+00,+0.000E+00,-0.188E+00,-1.77E+00,+54.05E+00,-10.21E+00,+1.137E+00
2,16/2/2026,19:08:00.574,-0.047E+00,-0.047E+00,-0.047E+00,-0.188E+00,-1.66E+00,+54.27E+00,-10.27E+00,+1.114E+00
2,16/2/2026,19:08:00.574,-0.047E+00,-0.047E+00,-0.047E+00,-0.188E+00,-1.57E+00,+54.46E+00,-10.33E+00,+1.091E+00
2,16/2/2026,19:08:00.574,-0.047E+00,-0.047E+00,-0.047E+00,-0.188E+00,-1.50E+00,+54.63E+00,-10.39E+00,+1.061E+00
2,16/2/2026,19:08:00.574,-0.047E+00,-0.047E+00,-0.047E+00,-0.188E+00,-1.39E+00,+54.81E+00,-10.44E+00,+1.038E+00
2,16/2/2026,19:08:00.574,+0.000E+00,-0.047E+00,-0.047E+00,-0.188E+00,-1.30E+00,+54.97E+00,-10.50E+00,+1.015E+00
2,16/2/2026,19:08:00.574,-0.047E+00,-0.047E+00,-0.047E+00,-0.188E+00,-1.21E+00,+55.12E+00,-10.56E+00,+0.992E+00
2,16/2/2026,19:08:00.574,-0.047E+00,-0.047E+00,-0.047E+00,-0.188E+00,-1.11E+00,+55.24E+00,-10.61E+00,+0.969E+00
2,16/2/2026,19:08:00.574,-0.047E+00,-0.047E+00,-0.047E+00,-0.188E+00,-1.02E+00,+55.36E+00,-10.65E+00,+0.939E+00
2,16/2/2026,19:08:00.574,-0.047E+00,-0.047E+00,-0.047E+00,-0.188E+00,-0.92E+00,+55.47E+00,-10.70E+00,+0.916E+00
2,16/2/2026,19:08:00.574,-0.047E+00,-0.047E+00,-0.047E+00,-0.188E+00,-0.84E+00,+55.56E+00,-10.74E+00,+0.893E+00
2,16/2/2026,19:08:00.574,-0.047E+00,-0.047E+00,-0.047E+00,-0.188E+00,-0.73E+00,+55.64E+00,-10.79E+00,+0.870E+00
2,16/2/2026,19:08:00.574,-0.047E+00,-0.047E+00,-0.047E+00,-0.188E+00,-0.64E+00,+55.73E+00,-10.82E+00,+0.839E+00
2,16/2/2026,19:08:00.574,-0.047E+00,-0.047E+00,+0.000E+00,-0.188E+00,-0.56E+00,+55.78E+00,-10.87E+00,+0.816E+00
2,16/2/2026,19:08:00.574,-0.047E+00,-0.047E+00,+0.000E+00,-0.188E+00,-0.47E+00,+55.81E+00,-10.90E+00,+0.794E+00
2,16/2/2026,19:08:00.574,-0.047E+00,-0.047E+00,-0.047E+00,-0.188E+00,-0.37E+00,+55.85E+00,-10.94E+00,+0.763E+00
2,16/2/2026,19:08:00.575,-0.047E+00,-0.047E+00,+0.000E+00,-0.188E+00,-0.27E+00,+55.87E+00,-10.97E+00,+0.740E+00
2,16/2/2026,19:08:00.575,-0.047E+00,-0.047E+00,+0.000E+00,-0.188E+00,-0.20E+00,+55.87E+00,-11.00E+00,+0.710E+00
2,16/2/2026,19:08:00.575,-0.047E+00,-0.047E+00,+0.000E+00,-0.188E+00,-0.11E+00,+55.85E+00,-11.03E+00,+0.687E+00
2,16/2/2026,19:08:00.575,+0.000E+00,-0.047E+00,+0.000E+00,-0.188E+00,-0.02E+00,+55.82E+00,-11.06E+00,+0.656E+00
2,16/2/2026,19:08:00.575,-0.047E+00,-0.047E+00,+0.000E+00,-0.188E+00,+0.08E+00,+55.79E+00,-11.09E+00,+0.626E+00
2,16/2/2026,19:08:00.575,-0.047E+00,-0.047E+00,-0.047E+00,-0.188E+00,+0.17E+00,+55.73E+00,-11.12E+00,+0.603E+00
2,16/2/2026,19:08:00.575,-0.047E+00,-0.047E+00,-0.047E+00,-0.188E+00,+0.24E+00,+55.67E+00,-11.14E+00,+0.572E+00
2,16/2/2026,19:08:00.575,-0.047E+00,-0.047E+00,-0.047E+00,-0.188E+00,+0.34E+00,+55.59E+00,-11.17E+00,+0.542E+00
2,16/2/2026,19:08:00.575,-0.047E+00,-0.047E+00,-0.047E+00,-0.188E+00,+0.43E+00,+55.50E+00,-11.20E+00,+0.519E+00
2,16/2/2026,19:08:00.575,+0.000E+00,-0.047E+00,-0.047E+00,-0.188E+00,+0.52E+00,+55.38E+00,-11.22E+00,+0.488E+00
2,16/2/2026,19:08:00.575,+0.000E+00,-0.047E+00,-0.047E+00,-0.188E+00,+0.61E+00,+55.27E+00,-11.23E+00,+0.458E+00
2,16/2/2026,19:08:00.575,-0.047E+00,-0.047E+00,+0.000E+00,-0.188E+00,+0.70E+00,+55.14E+00,-11.26E+00,+0.435E+00
2,16/2/2026,19:08:00.575,-0.047E+00,-0.047E+00,+0.000E+00,-0.188E+00,+0.79E+00,+54.98E+00,-11.28E+00,+0.412E+00
2,16/2/2026,19:08:00.575,+0.000E+00,-0.047E+00,-0.047E+00,-0.188E+00,+0.89E+00,+54.83E+00,-11.29E+00,+0.382E+00
2,16/2/2026,19:08:00.575,-0.047E+00,-0.047E+00,+0.000E+00,-0.188E+00,+0.99E+00,+54.66E+00,-11.31E+00,+0.351E+00
2,16/2/2026,19:08:00.575,-0.047E+00,-0.047E+00,+0.000E+00,-0.188E+00,+1.08E+00,+54.48E+00,-11.32E+00,+0.320E+00
2,16/2/2026,19:08:00.575,-0.047E+00,-0.047E+00,-0.047E+00,-0.188E+00,+1.16E+00,+54.27E+00,-11.32E+00,+0.298E+00
2,16/2/2026,19:08:00.575,-0.047E+00,-0.047E+00,+0.000E+00,-0.188E+00,+1.25E+00,+54.05E+00,-11.34E+00,+0.267E+00
2,16/2/2026,19:08:00.575,-0.047E+00,-0.047E+00,+0.000E+00,-0.188E+00,+1.36E+00,+53.84E+00,-11.35E+00,+0.237E+00
2,16/2/2026,19:08:00.575,-0.047E+00,-0.047E+00,-0.047E+00,-0.188E+00,+1.45E+00,+53.59E+00,-11.35E+00,+0.206E+00
2,16/2/2026,19:08:00.576,-0.047E+00,-0.047E+00,-0.047E+00,-0.188E+00,+1.54E+00,+53.33E+00,-11.37E+00,+0.175E+00
2,16/2/2026,19:08:00.576,-0.047E+00,-0.047E+00,-0.047E+00,-0.188E+00,+1.63E+00,+53.07E+00,-11.37E+00,+0.145E+00
2,16/2/2026,19:08:00.576,-0.047E+00,-0.047E+00,-0.047E+00,-0.188E+00,+1.72E+00,+52.80E+00,-11.37E+00,+0.114E+00
2,16/2/2026,19:08:00.576,-0.047E+00,-0.047E+00,-0.047E+00,-0.188E+00,+1.82E+00,+52.51E+00,-11.37E+00,+0.084E+00
2,16/2/2026,19:08:00.576,-0.047E+00,-0.047E+00,-0.047E+00,-0.188E+00,+1.91E+00,+52.21E+00,-11.37E+00,+0.061E+00
2,16/2/2026,19:08:00.576,-0.047E+00,-0.047E+00,-0.047E+00,-0.188E+00,+1.98E+00,+51.88E+00,-11.35E+00,+0.031E+00
2,16/2/2026,19:08:00.576,-0.047E+00,-0.047E+00,-0.047E+00,-0.188E+00,+2.06E+00,+51.55E+00,-11.34E+00,+0.000E+00
2,16/2/2026,19:08:00.576,-0.047E+00,-0.047E+00,-0.047E+00,-0.188E+00,+2.14E+00,+51.21E+00,-11.31E+00,-0.031E+00
2,16/2/2026,19:08:00.576,-0.047E+00,-0.047E+00,-0.047E+00,-0.188E+00,+2.21E+00,+50.85E+00,-11.26E+00,-0.053E+00
2,16/2/2026,19:08:00.576,-0.047E+00,-0.047E+00,-0.047E+00,-0.188E+00,+2.29E+00,+50.48E+00,-11.22E+00,-0.084E+00
2,16/2/2026,19:08:00.576,-0.047E+00,-0.047E+00,+0.000E+00,-0.188E+00,+2.37E+00,+50.10E+00,-11.17E+00,-0.114E+00
2,16/2/2026,19:08:00.576,-0.047E+00,-0.047E+00,+0.000E+00,-0.188E+00,+2.44E+00,+49.72E+00,-11.11E+00,-0.145E+00
2,16/2/2026,19:08:00.576,-0.047E+00,-0.047E+00,-0.047E+00,-0.188E+00,+2.50E+00,+49.31E+00,-11.03E+00,-0.175E+00
2,16/2/2026,19:08:00.576,+0.000E+00,-0.047E+00,-0.047E+00,-0.188E+00,+2.58E+00,+48.89E+00,-10.97E+00,-0.206E+00
2,16/2/2026,19:08:00.576,-0.047E+00,-0.047E+00,+0.000E+00,-0.188E+00,+2.64E+00,+48.47E+00,-10.91E+00,-0.237E+00
2,16/2/2026,19:08:00.576,-0.047E+00,-0.047E+00,-0.047E+00,-0.188E+00,+2.72E+00,+48.02E+00,-10.85E+00,-0.267E+00
2,16/2/2026,19:08:00.576,-0.047E+00,-0.047E+00,-0.047E+00,-0.188E+00,+2.78E+00,+47.58E+00,-10.79E+00,-0.298E+00
2,16/2/2026,19:08:00.576,-0.047E+00,-0.047E+00,+0.000E+00,-0.188E+00,+2.84E+00,+47.11E+00,-10.71E+00,-0.320E+00
2,16/2/2026,19:08:00.576,-0.047E+00,-0.047E+00,+0.000E+00,-0.188E+00,+2.91E+00,+46.64E+00,-10.65E+00,-0.351E+00
2,16/2/2026,19:08:00.576,-0.047E+00,+0.000E+00,-0.047E+00,-0.188E+00,+2.98E+00,+46.15E+00,-10.58E+00,-0.382E+00
2,16/2/2026,19:08:00.577,-0.047E+00,-0.047E+00,-0.047E+00,-0.188E+00,+3.02E+00,+45.64E+00,-10.51E+00,-0.412E+00
2,16/2/2026,19:08:00.577,-0.047E+00,-0.047E+00,-0.047E+00,-0.188E+00,+3.08E+00,+45.12E+00,-10.44E+00,-0.443E+00
2,16/2/2026,19:08:00.577,-0.047E+00,-0.047E+00,-0.047E+00,-0.188E+00,+3.13E+00,+44.61E+00,-10.35E+00,-0.473E+00
2,16/2/2026,19:08:00.577,-0.047E+00,-0.047E+00,-0.047E+00,-0.188E+00,+3.19E+00,+44.07E+00,-10.25E+00,-0.504E+00
2,16/2/2026,19:08:00.577,-0.047E+00,-0.047E+00,+0.000E+00,-0.188E+00,+3.24E+00,+43.52E+00,-10.16E+00,-0.534E+00
2,16/2/2026,19:08:00.577,-0.047E+00,-0.047E+00,-0.047E+00,-0.188E+00,+3.28E+00,+42.96E+00,-10.07E+00,-0.557E+00
2,16/2/2026,19:08:00.577,+0.000E+00,-0.047E+00,-0.047E+00,-0.188E+00,+3.33E+00,+42.39E+00,-9.96E+00,-0.595E+00
2,16/2/2026,19:08:00.577,-0.047E+00,-0.047E+00,+0.000E+00,-0.188E+00,+3.39E+00,+41.81E+00,-9.86E+00,-0.626E+00
2,16/2/2026,19:08:00.577,-0.047E+00,-0.047E+00,-0.047E+00,-0.188E+00,+3.43E+00,+41.22E+00,-9.75E+00,-0.649E+00
2,16/2/2026,19:08:00.577,-0.047E+00,-0.047E+00,-0.047E+00,-0.188E+00,+3.48E+00,+40.62E+00,-9.64E+00,-0.679E+00
2,16/2/2026,19:08:00.577,-0.047E+00,-0.047E+00,+0.000E+00,-0.188E+00,+3.53E+00,+40.00E+00,-9.55E+00,-0.710E+00
2,16/2/2026,19:08:00.577,-0.047E+00,-0.047E+00,-0.047E+00,-0.188E+00,+3.59E+00,+39.37E+00,-9.45E+00,-0.740E+00
2,16/2/2026,19:08:00.577,-0.047E+00,-0.047E+00,-0.047E+00,-0.188E+00,+3.63E+00,+38.75E+00,-9.35E+00,-0.771E+00
2,16/2/2026,19:08:00.577,-0.047E+00,-0.047E+00,-0.047E+00,-0.188E+00,+3.68E+00,+38.09E+00,-9.25E+00,-0.801E+00
2,16/2/2026,19:08:00.577,-0.047E+00,-0.047E+00,+0.000E+00,-0.188E+00,+3.74E+00,+37.43E+00,-9.16E+00,-0.832E+00
2,16/2/2026,19:08:00.577,-0.047E+00,-0.047E+00,-0.047E+00,-0.188E+00,+3.78E+00,+36.78E+00,-9.05E+00,-0.855E+00
2,16/2/2026,19:08:00.577,-0.047E+00,-0.047E+00,-0.047E+00,-0.188E+00,+3.83E+00,+36.11E+00,-8.94E+00,-0.885E+00
2,16/2/2026,19:08:00.577,-0.047E+00,-0.047E+00,-0.047E+00,-0.188E+00,+3.88E+00,+35.42E+00,-8.84E+00,-0.908E+00
2,16/2/2026,19:08:00.577,+0.000E+00,-0.047E+00,-0.047E+00,-0.188E+00,+3.92E+00,+34.72E+00,-8.73E+00,-0.939E+00
2,16/2/2026,19:08:00.577,-0.047E+00,-0.047E+00,-0.047E+00,-0.188E+00,+3.97E+00,+34.03E+00,-8.62E+00,-0.969E+00
2,16/2/2026,19:08:00.578,-0.047E+00,-0.047E+00,-0.047E+00,-0.188E+00,+4.01E+00,+33.31E+00,-8.50E+00,-0.992E+00
2,16/2/2026,19:08:00.578,-0.047E+00,-0.047E+00,-0.047E+00,-0.188E+00,+4.07E+00,+32.60E+00,-8.39E+00,-1.015E+00
2,16/2/2026,19:08:00.578,-0.047E+00,-0.047E+00,+0.000E+00,-0.141E+00,+4.12E+00,+31.86E+00,-8.27E+00,-1.045E+00
2,16/2/2026,19:08:00.578,-0.047E+00,-0.047E+00,-0.047E+00,-0.188E+00,+4.17E+00,+31.13E+00,-8.15E+00,-1.068E+00
2,16/2/2026,19:08:00.578,+0.000E+00,-0.047E+00,-0.047E+00,-0.188E+00,+4.21E+00,+30.40E+00,-8.04E+00,-1.099E+00
2,16/2/2026,19:08:00.578,-0.047E+00,-0.047E+00,-0.047E+00,-0.188E+00,+4.26E+00,+29.65E+00,-7.92E+00,-1.122E+00
2,16/2/2026,19:08:00.578,-0.047E+00,-0.047E+00,+0.000E+00,-0.188E+00,+4.30E+00,+28.89E+00,-7.80E+00,-1.145E+00
2,16/2/2026,19:08:00.578,-0.047E+00,-0.047E+00,+0.000E+00,-0.188E+00,+4.33E+00,+28.12E+00,-7.68E+00,-1.167E+00
2,16/2/2026,19:08:00.578,-0.047E+00,-0.047E+00,-0.047E+00,-0.188E+00,+4.38E+00,+27.36E+00,-7.55E+00,-1.190E+00
2,16/2/2026,19:08:00.578,-0.047E+00,-0.047E+00,-0.047E+00,-0.188E+00,+4.43E+00,+26.58E+00,-7.43E+00,-1.213E+00
2,16/2/2026,19:08:00.578,-0.047E+00,-0.047E+00,-0.047E+00,-0.188E+00,+4.47E+00,+25.80E+00,-7.29E+00,-1.236E+00
2,16/2/2026,19:08:00.578,-0.047E+00,-0.047E+00,+0.000E+00,-0.188E+00,+4.52E+00,+25.01E+00,-7.17E+00,-1.259E+00
2,16/2/2026,19:08:00.578,-0.047E+00,-0.047E+00,-0.047E+00,-0.188E+00,+4.56E+00,+24.22E+00,-7.05E+00,-1.282E+00
2,16/2/2026,19:08:00.578,-0.047E+00,-0.047E+00,-0.047E+00,-0.188E+00,+4.59E+00,+23.41E+00,-6.91E+00,-1.305E+00
2,16/2/2026,19:08:00.578,-0.047E+00,-0.047E+00,-0.047E+00,-0.235E+00,+4.64E+00,+22.60E+00,-6.78E+00,-1.328E+00
2,16/2/2026,19:08:00.578,-0.047E+00,-0.047E+00,+0.000E+00,-0.188E+00,+4.67E+00,+21.79E+00,-6.64E+00,-1.351E+00
2,16/2/2026,19:08:00.578,-0.047E+00,-0.047E+00,+0.000E+00,-0.188E+00,+4.72E+00,+20.97E+00,-6.50E+00,-1.373E+00
2,16/2/2026,19:08:00.578,-0.047E+00,-0.047E+00,-0.047E+00,-0.235E+00,+4.76E+00,+20.16E+00,-6.36E+00,-1.389E+00
2,16/2/2026,19:08:00.578,-0.047E+00,-0.047E+00,-0.047E+00,-0.188E+00,+4.79E+00,+19.33E+00,-6.23E+00,-1.412E+00
2,16/2/2026,19:08:00.578,-0.047E+00,-0.047E+00,-0.047E+00,-0.188E+00,+4.82E+00,+18.50E+00,-6.09E+00,-1.434E+00
2,16/2/2026,19:08:00.579,-0.047E+00,-0.047E+00,-0.047E+00,-0.188E+00,+4.87E+00,+17.66E+00,-5.95E+00,-1.457E+00
2,16/2/2026,19:08:00.579,-0.047E+00,-0.047E+00,-0.047E+00,-0.188E+00,+4.90E+00,+16.82E+00,-5.80E+00,-1.473E+00
2,16/2/2026,19:08:00.579,-0.047E+00,-0.047E+00,-0.047E+00,-0.188E+00,+4.94E+00,+15.98E+00,-5.66E+00,-1.495E+00
2,16/2/2026,19:08:00.579,-0.047E+00,-0.047E+00,-0.047E+00,-0.188E+00,+4.97E+00,+15.12E+00,-5.52E+00,-1.518E+00
2,16/2/2026,19:08:00.579,-0.047E+00,-0.047E+00,+0.000E+00,-0.188E+00,+5.02E+00,+14.27E+00,-5.37E+00,-1.534E+00
2,16/2/2026,19:08:00.579,-0.047E+00,-0.047E+00,-0.047E+00,-0.188E+00,+5.05E+00,+13.41E+00,-5.22E+00,-1.557E+00
2,16/2/2026,19:08:00.579,-0.047E+00,-0.047E+00,-0.047E+00,-0.188E+00,+5.08E+00,+12.53E+00,-5.08E+00,-1.579E+00
2,16/2/2026,19:08:00.579,-0.047E+00,-0.047E+00,-0.047E+00,-0.188E+00,+5.11E+00,+11.66E+00,-4.93E+00,-1.595E+00
2,16/2/2026,19:08:00.579,-0.047E+00,-0.047E+00,-0.047E+00,-0.188E+00,+5.14E+00,+10.79E+00,-4.78E+00,-1.618E+00
2,16/2/2026,19:08:00.579,-0.047E+00,-0.047E+00,-0.047E+00,-0.188E+00,+5.17E+00,+9.90E+00,-4.62E+00,-1.633E+00
2,16/2/2026,19:08:00.579,-0.047E+00,-0.047E+00,-0.047E+00,-0.188E+00,+5.19E+00,+9.03E+00,-4.47E+00,-1.648E+00
2,16/2/2026,19:08:00.579,-0.047E+00,-0.047E+00,+0.000E+00,-0.188E+00,+5.20E+00,+8.15E+00,-4.30E+00,-1.671E+00
2,16/2/2026,19:08:00.579,-0.047E+00,-0.047E+00,-0.047E+00,-0.188E+00,+5.22E+00,+7.26E+00,-4.15E+00,-1.679E+00
2,16/2/2026,19:08:00.579,-0.047E+00,-0.047E+00,-0.047E+00,-0.235E+00,+5.23E+00,+6.38E+00,-4.00E+00,-1.694E+00
2,16/2/2026,19:08:00.579,-0.047E+00,-0.047E+00,-0.047E+00,-0.188E+00,+5.23E+00,+5.49E+00,-3.83E+00,-1.702E+00
2,16/2/2026,19:08:00.579,-0.047E+00,-0.047E+00,+0.000E+00,-0.188E+00,+5.25E+00,+4.62E+00,-3.68E+00,-1.717E+00
2,16/2/2026,19:08:00.579,-0.047E+00,-0.047E+00,-0.047E+00,-0.188E+00,+5.25E+00,+3.74E+00,-3.51E+00,-1.732E+00
2,16/2/2026,19:08:00.579,-0.047E+00,-0.047E+00,-0.047E+00,-0.188E+00,+5.25E+00,+2.85E+00,-3.36E+00,-1.740E+00
2,16/2/2026,19:08:00.579,-0.047E+00,-0.047E+00,-0.047E+00,-0.188E+00,+5.25E+00,+1.97E+00,-3.19E+00,-1.755E+00
2,16/2/2026,19:08:00.579,-0.047E+00,-0.047E+00,-0.047E+00,-0.188E+00,+5.23E+00,+1.10E+00,-3.04E+00,-1.763E+00
2,16/2/2026,19:08:00.580,-0.047E+00,-0.047E+00,-0.047E+00,-0.188E+00,+5.23E+00,+0.21E+00,-2.87E+00,-1.770E+00
2,16/2/2026,19:08:00.580,+0.000E+00,-0.047E+00,-0.047E+00,-0.188E+00,+5.23E+00,-0.66E+00,-2.70E+00,-1.778E+00
2,16/2/2026,19:08:00.580,-0.047E+00,-0.047E+00,-0.047E+00,-0.188E+00,+5.20E+00,-1.54E+00,-2.53E+00,-1.785E+00
2,16/2/2026,19:08:00.580,-0.047E+00,-0.047E+00,+0.000E+00,-0.188E+00,+5.19E+00,-2.41E+00,-2.37E+00,-1.801E+00
2,16/2/2026,19:08:00.580,-0.047E+00,-0.047E+00,+0.000E+00,-0.188E+00,+5.16E+00,-3.28E+00,-2.20E+00,-1.808E+00
2,16/2/2026,19:08:00.580,-0.047E+00,-0.047E+00,-0.047E+00,-0.188E+00,+5.14E+00,-4.15E+00,-2.03E+00,-1.816E+00
2,16/2/2026,19:08:00.580,-0.047E+00,-0.047E+00,-0.047E+00,-0.188E+00,+5.11E+00,-5.04E+00,-1.86E+00,-1.824E+00
2,16/2/2026,19:08:00.580,-0.047E+00,-0.047E+00,-0.047E+00,-0.141E+00,+5.08E+00,-5.91E+00,-1.69E+00,-1.831E+00
2,16/2/2026,19:08:00.580,-0.047E+00,-0.047E+00,+0.000E+00,-0.188E+00,+5.05E+00,-6.76E+00,-1.54E+00,-1.831E+00
2,16/2/2026,19:08:00.580,-0.047E+00,-0.047E+00,+0.000E+00,-0.188E+00,+5.02E+00,-7.63E+00,-1.37E+00,-1.839E+00
2,16/2/2026,19:08:00.580,+0.000E+00,-0.047E+00,-0.047E+00,-0.188E+00,+4.97E+00,-8.50E+00,-1.21E+00,-1.846E+00
2,16/2/2026,19:08:00.580,-0.047E+00,-0.047E+00,-0.047E+00,-0.188E+00,+4.94E+00,-9.35E+00,-1.05E+00,-1.846E+00
2,16/2/2026,19:08:00.580,-0.047E+00,-0.047E+00,-0.047E+00,-0.188E+00,+4.90E+00,-10.21E+00,-0.89E+00,-1.854E+00
2,16/2/2026,19:08:00.580,-0.047E+00,-0.047E+00,-0.047E+00,-0.188E+00,+4.85E+00,-11.06E+00,-0.72E+00,-1.854E+00
2,16/2/2026,19:08:00.580,-0.047E+00,-0.047E+00,-0.047E+00,-0.188E+00,+4.81E+00,-11.89E+00,-0.56E+00,-1.854E+00
2,16/2/2026,19:08:00.580,-0.047E+00,-0.047E+00,-0.047E+00,-0.188E+00,+4.78E+00,-12.73E+00,-0.38E+00,-1.854E+00
2,16/2/2026,19:08:00.580,-0.047E+00,-0.047E+00,+0.000E+00,-0.188E+00,+4.73E+00,-13.57E+00,-0.21E+00,-1.854E+00
2,16/2/2026,19:08:00.580,+0.000E+00,-0.047E+00,-0.047E+00,-0.235E+00,+4.68E+00,-14.39E+00,-0.05E+00,-1.854E+00
2,16/2/2026,19:08:00.580,-0.047E+00,-0.047E+00,-0.047E+00,-0.188E+00,+4.64E+00,-15.20E+00,+0.12E+00,-1.854E+00
2,16/2/2026,19:08:00.580,-0.047E+00,-0.047E+00,-0.047E+00,-0.188E+00,+4.59E+00,-16.02E+00,+0.29E+00,-1.854E+00
2,16/2/2026,19:08:00.581,-0.047E+00,-0.047E+00,+0.000E+00,-0.188E+00,+4.56E+00,-16.83E+00,+0.44E+00,-1.854E+00
2,16/2/2026,19:08:00.581,-0.047E+00,-0.047E+00,+0.000E+00,-0.188E+00,+4.52E+00,-17.64E+00,+0.61E+00,-1.854E+00
2,16/2/2026,19:08:00.581,+0.000E+00,-0.047E+00,+0.000E+00,-0.188E+00,+4.47E+00,-18.45E+00,+0.78E+00,-1.854E+00
2,16/2/2026,19:08:00.581,-0.047E+00,-0.047E+00,-0.047E+00,-0.188E+00,+4.43E+00,-19.24E+00,+0.95E+00,-1.854E+00
2,16/2/2026,19:08:00.581,-0.047E+00,-0.047E+00,-0.047E+00,-0.235E+00,+4.38E+00,-20.05E+00,+1.10E+00,-1.854E+00
2,16/2/2026,19:08:00.581,-0.047E+00,-0.047E+00,-0.047E+00,-0.188E+00,+4.33E+00,-20.83E+00,+1.27E+00,-1.854E+00
2,16/2/2026,19:08:00.581,-0.047E+00,-0.047E+00,+0.000E+00,-0.188E+00,+4.30E+00,-21.62E+00,+1.43E+00,-1.846E+00
2,16/2/2026,19:08:00.581,-0.047E+00,-0.047E+00,-0.047E+00,-0.188E+00,+4.24E+00,-22.40E+00,+1.59E+00,-1.854E+00
2,16/2/2026,19:08:00.581,-0.047E+00,-0.047E+00,-0.047E+00,-0.188E+00,+4.20E+00,-23.18E+00,+1.74E+00,-1.854E+00
2,16/2/2026,19:08:00.581,+0.000E+00,-0.047E+00,-0.047E+00,-0.188E+00,+4.15E+00,-23.96E+00,+1.91E+00,-1.846E+00
2,16/2/2026,19:08:00.581,-0.047E+00,-0.047E+00,-0.047E+00,-0.188E+00,+4.10E+00,-24.72E+00,+2.06E+00,-1.846E+00
2,16/2/2026,19:08:00.581,-0.047E+00,-0.047E+00,+0.000E+00,-0.188E+00,+4.04E+00,-25.50E+00,+2.21E+00,-1.846E+00
2,16/2/2026,19:08:00.581,-0.047E+00,+0.000E+00,+0.000E+00,-0.188E+00,+4.00E+00,-26.26E+00,+2.37E+00,-1.846E+00
2,16/2/2026,19:08:00.581,-0.047E+00,-0.047E+00,+0.000E+00,-0.188E+00,+3.95E+00,-27.01E+00,+2.52E+00,-1.839E+00
2,16/2/2026,19:08:00.581,-0.047E+00,-0.047E+00,-0.047E+00,-0.188E+00,+3.89E+00,-27.77E+00,+2.67E+00,-1.839E+00
2,16/2/2026,19:08:00.581,-0.047E+00,-0.047E+00,+0.000E+00,-0.188E+00,+3.85E+00,-28.52E+00,+2.82E+00,-1.839E+00
2,16/2/2026,19:08:00.581,-0.047E+00,-0.047E+00,-0.047E+00,-0.188E+00,+3.80E+00,-29.25E+00,+2.96E+00,-1.831E+00
2,16/2/2026,19:08:00.581,-0.047E+00,-0.047E+00,-0.047E+00,-0.188E+00,+3.75E+00,-29.99E+00,+3.11E+00,-1.824E+00
2,16/2/2026,19:08:00.581,-0.047E+00,-0.047E+00,+0.000E+00,-0.188E+00,+3.69E+00,-30.72E+00,+3.27E+00,-1.824E+00
2,16/2/2026,19:08:00.581,-0.047E+00,-0.047E+00,+0.000E+00,-0.188E+00,+3.65E+00,-31.45E+00,+3.40E+00,-1.824E+00
2,16/2/2026,19:08:00.582,+0.000E+00,-0.047E+00,+0.000E+00,-0.188E+00,+3.59E+00,-32.15E+00,+3.56E+00,-1.816E+00
2,16/2/2026,19:08:00.582,+0.000E+00,-0.047E+00,-0.047E+00,-0.188E+00,+3.53E+00,-32.87E+00,+3.71E+00,-1.816E+00
2,16/2/2026,19:08:00.582,-0.047E+00,-0.047E+00,-0.047E+00,-0.188E+00,+3.46E+00,-33.59E+00,+3.85E+00,-1.808E+00
2,16/2/2026,19:08:00.582,-0.047E+00,-0.047E+00,-0.047E+00,-0.188E+00,+3.40E+00,-34.29E+00,+4.00E+00,-1.808E+00
2,16/2/2026,19:08:00.582,-0.047E+00,-0.047E+00,-0.047E+00,-0.188E+00,+3.34E+00,-34.99E+00,+4.14E+00,-1.801E+00
2,16/2/2026,19:08:00.582,-0.047E+00,-0.047E+00,+0.000E+00,-0.188E+00,+3.27E+00,-35.68E+00,+4.27E+00,-1.801E+00
2,16/2/2026,19:08:00.582,-0.047E+00,-0.047E+00,-0.047E+00,-0.188E+00,+3.20E+00,-36.37E+00,+4.43E+00,-1.793E+00
2,16/2/2026,19:08:00.582,-0.047E+00,-0.047E+00,-0.047E+00,-0.188E+00,+3.14E+00,-37.04E+00,+4.56E+00,-1.793E+00
2,16/2/2026,19:08:00.582,-0.047E+00,-0.047E+00,-0.047E+00,-0.188E+00,+3.08E+00,-37.72E+00,+4.70E+00,-1.785E+00
2,16/2/2026,19:08:00.582,-0.047E+00,-0.047E+00,-0.047E+00,-0.188E+00,+3.01E+00,-38.39E+00,+4.85E+00,-1.778E+00
2,16/2/2026,19:08:00.582,-0.047E+00,-0.047E+00,-0.047E+00,-0.188E+00,+2.95E+00,-39.05E+00,+4.99E+00,-1.770E+00
2,16/2/2026,19:08:00.582,-0.047E+00,-0.047E+00,-0.047E+00,-0.188E+00,+2.88E+00,-39.71E+00,+5.13E+00,-1.770E+00
2,16/2/2026,19:08:00.582,-0.047E+00,-0.047E+00,+0.000E+00,-0.188E+00,+2.81E+00,-40.36E+00,+5.26E+00,-1.763E+00
2,16/2/2026,19:08:00.582,-0.047E+00,-0.047E+00,-0.047E+00,-0.188E+00,+2.73E+00,-41.00E+00,+5.40E+00,-1.755E+00
2,16/2/2026,19:08:00.582,-0.047E+00,-0.047E+00,-0.047E+00,-0.188E+00,+2.67E+00,-41.65E+00,+5.54E+00,-1.747E+00
2,16/2/2026,19:08:00.582,-0.047E+00,-0.047E+00,-0.047E+00,-0.235E+00,+2.59E+00,-42.27E+00,+5.68E+00,-1.740E+00
2,16/2/2026,19:08:00.582,-0.047E+00,-0.047E+00,-0.047E+00,-0.188E+00,+2.52E+00,-42.88E+00,+5.81E+00,-1.724E+00
2,16/2/2026,19:08:00.582,-0.047E+00,-0.047E+00,-0.047E+00,-0.188E+00,+2.46E+00,-43.48E+00,+5.94E+00,-1.717E+00
2,16/2/2026,19:08:00.582,-0.047E+00,-0.047E+00,-0.047E+00,-0.188E+00,+2.37E+00,-44.06E+00,+6.06E+00,-1.702E+00
2,16/2/2026,19:08:00.582,-0.047E+00,-0.047E+00,+0.000E+00,-0.188E+00,+2.29E+00,-44.64E+00,+6.18E+00,-1.679E+00
2,16/2/2026,19:08:00.583,-0.047E+00,-0.047E+00,-0.047E+00,-0.188E+00,+2.21E+00,-45.19E+00,+6.30E+00,-1.656E+00
2,16/2/2026,19:08:00.583,-0.047E+00,-0.047E+00,+0.000E+00,-0.188E+00,+2.14E+00,-45.72E+00,+6.41E+00,-1.640E+00
2,16/2/2026,19:08:00.583,+0.000E+00,-0.047E+00,+0.000E+00,-0.188E+00,+2.06E+00,-46.25E+00,+6.53E+00,-1.625E+00
2,16/2/2026,19:08:00.583,-0.047E+00,-0.047E+00,+0.000E+00,-0.188E+00,+1.97E+00,-46.79E+00,+6.64E+00,-1.602E+00
2,16/2/2026,19:08:00.583,-0.047E+00,-0.047E+00,-0.047E+00,-0.188E+00,+1.89E+00,-47.29E+00,+6.75E+00,-1.587E+00
2,16/2/2026,19:08:00.583,-0.047E+00,-0.047E+00,-0.047E+00,-0.188E+00,+1.82E+00,-47.78E+00,+6.85E+00,-1.572E+00
2,16/2/2026,19:08:00.583,-0.047E+00,-0.047E+00,+0.000E+00,-0.188E+00,+1.72E+00,-48.27E+00,+6.96E+00,-1.549E+00
2,16/2/2026,19:08:00.583,-0.047E+00,-0.047E+00,+0.000E+00,-0.188E+00,+1.65E+00,-48.74E+00,+7.05E+00,-1.534E+00
2,16/2/2026,19:08:00.583,-0.047E+00,-0.047E+00,-0.047E+00,-0.188E+00,+1.54E+00,-49.20E+00,+7.14E+00,-1.511E+00
2,16/2/2026,19:08:00.583,+0.000E+00,-0.047E+00,-0.047E+00,-0.188E+00,+1.45E+00,-49.64E+00,+7.23E+00,-1.480E+00
2,16/2/2026,19:08:00.583,-0.047E+00,-0.047E+00,+0.000E+00,-0.188E+00,+1.36E+00,-50.05E+00,+7.34E+00,-1.457E+00
2,16/2/2026,19:08:00.583,-0.047E+00,-0.047E+00,-0.047E+00,-0.188E+00,+1.27E+00,-50.47E+00,+7.43E+00,-1.434E+00
2,16/2/2026,19:08:00.583,-0.047E+00,-0.047E+00,-0.047E+00,-0.188E+00,+1.19E+00,-50.85E+00,+7.51E+00,-1.412E+00
2,16/2/2026,19:08:00.583,-0.047E+00,-0.047E+00,+0.000E+00,-0.188E+00,+1.08E+00,-51.23E+00,+7.60E+00,-1.381E+00
2,16/2/2026,19:08:00.583,-0.047E+00,-0.047E+00,+0.000E+00,-0.188E+00,+1.01E+00,-51.59E+00,+7.68E+00,-1.358E+00
2,16/2/2026,19:08:00.583,-0.047E+00,-0.047E+00,-0.047E+00,-0.188E+00,+0.92E+00,-51.93E+00,+7.77E+00,-1.335E+00
2,16/2/2026,19:08:00.583,-0.047E+00,-0.047E+00,-0.047E+00,-0.188E+00,+0.82E+00,-52.28E+00,+7.86E+00,-1.305E+00
2,16/2/2026,19:08:00.583,-0.047E+00,-0.047E+00,-0.047E+00,-0.188E+00,+0.73E+00,-52.60E+00,+7.94E+00,-1.274E+00
2,16/2/2026,19:08:00.583,-0.047E+00,-0.047E+00,-0.047E+00,-0.188E+00,+0.64E+00,-52.89E+00,+8.01E+00,-1.259E+00
2,16/2/2026,19:08:00.583,-0.047E+00,-0.047E+00,-0.047E+00,-0.188E+00,+0.55E+00,-53.18E+00,+8.09E+00,-1.228E+00
2,16/2/2026,19:08:00.584,-0.047E+00,-0.047E+00,-0.047E+00,-0.188E+00,+0.46E+00,-53.47E+00,+8.16E+00,-1.198E+00
2,16/2/2026,19:08:00.584,-0.047E+00,-0.047E+00,-0.047E+00,-0.188E+00,+0.37E+00,-53.73E+00,+8.23E+00,-1.175E+00
2,16/2/2026,19:08:00.584,-0.047E+00,-0.047E+00,-0.047E+00,-0.188E+00,+0.27E+00,-53.98E+00,+8.30E+00,-1.152E+00
2,16/2/2026,19:08:00.584,-0.047E+00,-0.047E+00,-0.047E+00,-0.188E+00,+0.17E+00,-54.22E+00,+8.36E+00,-1.122E+00
2,16/2/2026,19:08:00.584,+0.000E+00,-0.047E+00,-0.047E+00,-0.188E+00,+0.09E+00,-54.45E+00,+8.42E+00,-1.099E+00
2,16/2/2026,19:08:00.584,-0.047E+00,-0.047E+00,-0.047E+00,-0.188E+00,+0.00E+00,-54.66E+00,+8.48E+00,-1.076E+00
2,16/2/2026,19:08:00.584,-0.047E+00,-0.047E+00,+0.000E+00,-0.188E+00,-0.09E+00,-54.86E+00,+8.55E+00,-1.045E+00
2,16/2/2026,19:08:00.584,+0.000E+00,-0.047E+00,+0.000E+00,-0.188E+00,-0.18E+00,-55.06E+00,+8.61E+00,-1.022E+00
2,16/2/2026,19:08:00.584,-0.047E+00,-0.047E+00,+0.000E+00,-0.188E+00,-0.27E+00,-55.23E+00,+8.67E+00,-1.000E+00
2,16/2/2026,19:08:00.584,-0.047E+00,-0.047E+00,-0.047E+00,-0.188E+00,-0.37E+00,-55.39E+00,+8.73E+00,-0.977E+00
2,16/2/2026,19:08:00.584,+0.000E+00,-0.047E+00,-0.047E+00,-0.188E+00,-0.46E+00,-55.55E+00,+8.79E+00,-0.954E+00
2,16/2/2026,19:08:00.584,-0.047E+00,-0.047E+00,+0.000E+00,-0.188E+00,-0.55E+00,-55.68E+00,+8.84E+00,-0.931E+00
2,16/2/2026,19:08:00.584,-0.047E+00,-0.047E+00,-0.047E+00,-0.188E+00,-0.64E+00,-55.81E+00,+8.88E+00,-0.900E+00
2,16/2/2026,19:08:00.584,-0.047E+00,-0.047E+00,-0.047E+00,-0.188E+00,-0.73E+00,-55.93E+00,+8.93E+00,-0.870E+00
2,16/2/2026,19:08:00.584,-0.047E+00,-0.047E+00,+0.000E+00,-0.188E+00,-0.82E+00,-56.02E+00,+8.97E+00,-0.847E+00
2,16/2/2026,19:08:00.584,-0.047E+00,-0.047E+00,+0.000E+00,-0.188E+00,-0.92E+00,-56.11E+00,+9.02E+00,-0.824E+00
2,16/2/2026,19:08:00.584,+0.000E+00,-0.047E+00,-0.047E+00,-0.188E+00,-1.01E+00,-56.19E+00,+9.05E+00,-0.801E+00
2,16/2/2026,19:08:00.584,-0.047E+00,-0.047E+00,-0.047E+00,-0.188E+00,-1.10E+00,-56.25E+00,+9.10E+00,-0.771E+00
2,16/2/2026,19:08:00.584,-0.047E+00,-0.047E+00,+0.000E+00,-0.188E+00,-1.19E+00,-56.29E+00,+9.14E+00,-0.748E+00
2,16/2/2026,19:08:00.584,-0.047E+00,-0.047E+00,-0.047E+00,-0.188E+00,-1.28E+00,-56.34E+00,+9.17E+00,-0.717E+00
2,16/2/2026,19:08:00.585,-0.047E+00,-0.047E+00,-0.047E+00,-0.188E+00,-1.37E+00,-56.36E+00,+9.22E+00,-0.694E+00
2,16/2/2026,19:08:00.585,-0.047E+00,-0.047E+00,+0.000E+00,-0.188E+00,-1.46E+00,-56.36E+00,+9.25E+00,-0.664E+00
2,16/2/2026,19:08:00.585,-0.047E+00,-0.047E+00,+0.000E+00,-0.188E+00,-1.54E+00,-56.36E+00,+9.28E+00,-0.641E+00
2,16/2/2026,19:08:00.585,-0.047E+00,-0.047E+00,-0.047E+00,-0.188E+00,-1.63E+00,-56.34E+00,+9.31E+00,-0.610E+00
2,16/2/2026,19:08:00.585,-0.047E+00,-0.047E+00,-0.047E+00,-0.188E+00,-1.72E+00,-56.31E+00,+9.34E+00,-0.580E+00
2,16/2/2026,19:08:00.585,+0.000E+00,-0.047E+00,+0.000E+00,-0.188E+00,-1.82E+00,-56.26E+00,+9.37E+00,-0.557E+00
2,16/2/2026,19:08:00.585,+0.000E+00,-0.047E+00,+0.000E+00,-0.188E+00,-1.91E+00,-56.20E+00,+9.39E+00,-0.526E+00
2,16/2/2026,19:08:00.585,-0.047E+00,-0.047E+00,-0.047E+00,-0.188E+00,-2.00E+00,-56.14E+00,+9.42E+00,-0.496E+00
2,16/2/2026,19:08:00.585,-0.047E+00,-0.047E+00,-0.047E+00,-0.188E+00,-2.08E+00,-56.05E+00,+9.45E+00,-0.473E+00
2,16/2/2026,19:08:00.585,-0.047E+00,-0.047E+00,-0.047E+00,-0.188E+00,-2.17E+00,-55.94E+00,+9.46E+00,-0.443E+00
2,16/2/2026,19:08:00.585,-0.047E+00,-0.047E+00,-0.047E+00,-0.188E+00,-2.26E+00,-55.84E+00,+9.48E+00,-0.412E+00
2,16/2/2026,19:08:00.585,-0.047E+00,-0.047E+00,+0.000E+00,-0.188E+00,-2.35E+00,-55.71E+00,+9.51E+00,-0.389E+00
2,16/2/2026,19:08:00.585,-0.047E+00,-0.047E+00,+0.000E+00,-0.188E+00,-2.44E+00,-55.56E+00,+9.52E+00,-0.359E+00
2,16/2/2026,19:08:00.585,-0.047E+00,-0.047E+00,-0.047E+00,-0.188E+00,-2.53E+00,-55.43E+00,+9.54E+00,-0.328E+00
2,16/2/2026,19:08:00.585,-0.047E+00,-0.047E+00,-0.047E+00,-0.188E+00,-2.62E+00,-55.26E+00,+9.55E+00,-0.298E+00
2,16/2/2026,19:08:00.585,-0.047E+00,-0.047E+00,-0.047E+00,-0.188E+00,-2.72E+00,-55.07E+00,+9.57E+00,-0.267E+00
2,16/2/2026,19:08:00.585,-0.047E+00,-0.047E+00,-0.047E+00,-0.188E+00,-2.81E+00,-54.88E+00,+9.58E+00,-0.244E+00
2,16/2/2026,19:08:00.585,-0.047E+00,-0.047E+00,-0.047E+00,-0.188E+00,-2.90E+00,-54.68E+00,+9.60E+00,-0.214E+00
2,16/2/2026,19:08:00.585,+0.000E+00,-0.047E+00,-0.047E+00,-0.188E+00,-2.99E+00,-54.46E+00,+9.61E+00,-0.183E+00
2,16/2/2026,19:08:00.585,-0.047E+00,-0.047E+00,-0.047E+00,-0.188E+00,-3.08E+00,-54.23E+00,+9.61E+00,-0.153E+00
2,16/2/2026,19:08:00.586,-0.047E+00,-0.047E+00,-0.047E+00,-0.188E+00,-3.17E+00,-53.99E+00,+9.61E+00,-0.130E+00
2,16/2/2026,19:08:00.586,-0.047E+00,-0.047E+00,+0.000E+00,-0.188E+00,-3.27E+00,-53.73E+00,+9.63E+00,-0.099E+00
2,16/2/2026,19:08:00.586,-0.047E+00,-0.047E+00,-0.047E+00,-0.188E+00,-3.36E+00,-53.46E+00,+9.63E+00,-0.069E+00
2,16/2/2026,19:08:00.586,-0.047E+00,-0.047E+00,-0.047E+00,-0.188E+00,-3.45E+00,-53.18E+00,+9.63E+00,-0.038E+00
2,16/2/2026,19:08:00.586,+0.000E+00,+0.000E+00,-0.047E+00,-0.188E+00,-3.53E+00,-52.88E+00,+9.63E+00,-0.008E+00
2,16/2/2026,19:08:00.586,-0.047E+00,-0.047E+00,+0.000E+00,-0.188E+00,-3.62E+00,-52.56E+00,+9.60E+00,+0.023E+00
2,16/2/2026,19:08:00.586,-0.047E+00,-0.047E+00,+0.000E+00,-0.188E+00,-3.69E+00,-52.24E+00,+9.58E+00,+0.053E+00
2,16/2/2026,19:08:00.586,-0.047E+00,-0.047E+00,+0.000E+00,-0.188E+00,-3.77E+00,-51.90E+00,+9.55E+00,+0.084E+00
2,16/2/2026,19:08:00.586,-0.047E+00,-0.047E+00,+0.000E+00,-0.188E+00,-3.85E+00,-51.55E+00,+9.52E+00,+0.114E+00
2,16/2/2026,19:08:00.586,-0.047E+00,-0.047E+00,-0.047E+00,-0.188E+00,-3.92E+00,-51.20E+00,+9.48E+00,+0.145E+00
2,16/2/2026,19:08:00.586,+0.000E+00,-0.047E+00,-0.047E+00,-0.188E+00,-3.98E+00,-50.82E+00,+9.42E+00,+0.175E+00
2,16/2/2026,19:08:00.586,-0.047E+00,-0.047E+00,+0.000E+00,-0.188E+00,-4.06E+00,-50.43E+00,+9.37E+00,+0.198E+00
2,16/2/2026,19:08:00.586,-0.047E+00,-0.047E+00,+0.000E+00,-0.188E+00,-4.14E+00,-50.02E+00,+9.31E+00,+0.237E+00
2,16/2/2026,19:08:00.586,-0.047E+00,-0.047E+00,+0.000E+00,-0.188E+00,-4.20E+00,-49.63E+00,+9.25E+00,+0.267E+00
2,16/2/2026,19:08:00.586,-0.047E+00,-0.047E+00,-0.047E+00,-0.188E+00,-4.26E+00,-49.21E+00,+9.19E+00,+0.290E+00
2,16/2/2026,19:08:00.586,-0.047E+00,-0.047E+00,+0.000E+00,-0.188E+00,-4.33E+00,-48.77E+00,+9.13E+00,+0.320E+00
2,16/2/2026,19:08:00.586,-0.047E+00,-0.047E+00,+0.000E+00,-0.188E+00,-4.39E+00,-48.33E+00,+9.06E+00,+0.351E+00
2,16/2/2026,19:08:00.586,-0.047E+00,-0.047E+00,-0.047E+00,-0.188E+00,-4.46E+00,-47.87E+00,+8.99E+00,+0.382E+00
2,16/2/2026,19:08:00.586,-0.047E+00,-0.047E+00,-0.047E+00,-0.188E+00,-4.52E+00,-47.40E+00,+8.93E+00,+0.412E+00
2,16/2/2026,19:08:00.586,-0.047E+00,-0.047E+00,+0.000E+00,-0.188E+00,-4.58E+00,-46.93E+00,+8.85E+00,+0.443E+00
2,16/2/2026,19:08:00.587,-0.047E+00,-0.047E+00,+0.000E+00,-0.188E+00,-4.64E+00,-46.42E+00,+8.77E+00,+0.473E+00
2,16/2/2026,19:08:00.587,+0.000E+00,-0.047E+00,+0.000E+00,-0.188E+00,-4.68E+00,-45.90E+00,+8.70E+00,+0.504E+00
2,16/2/2026,19:08:00.587,-0.047E+00,-0.047E+00,+0.000E+00,-0.188E+00,-4.73E+00,-45.40E+00,+8.62E+00,+0.534E+00
2,16/2/2026,19:08:00.587,-0.047E+00,-0.047E+00,+0.000E+00,-0.188E+00,-4.79E+00,-44.86E+00,+8.55E+00,+0.565E+00
2,16/2/2026,19:08:00.587,-0.047E+00,-0.047E+00,-0.047E+00,-0.188E+00,-4.84E+00,-44.32E+00,+8.45E+00,+0.603E+00
2,16/2/2026,19:08:00.587,-0.047E+00,-0.047E+00,-0.047E+00,-0.188E+00,-4.88E+00,-43.77E+00,+8.35E+00,+0.626E+00
2,16/2/2026,19:08:00.587,-0.047E+00,-0.047E+00,-0.047E+00,-0.188E+00,-4.93E+00,-43.20E+00,+8.26E+00,+0.656E+00
2,16/2/2026,19:08:00.587,-0.047E+00,-0.047E+00,+0.000E+00,-0.188E+00,-4.97E+00,-42.62E+00,+8.15E+00,+0.687E+00
2,16/2/2026,19:08:00.587,-0.047E+00,-0.047E+00,+0.000E+00,-0.188E+00,-5.04E+00,-42.03E+00,+8.04E+00,+0.710E+00
2,16/2/2026,19:08:00.587,-0.047E+00,-0.047E+00,-0.047E+00,-0.188E+00,-5.08E+00,-41.43E+00,+7.94E+00,+0.740E+00
2,16/2/2026,19:08:00.587,-0.047E+00,-0.047E+00,-0.047E+00,-0.188E+00,-5.13E+00,-40.82E+00,+7.84E+00,+0.778E+00
2,16/2/2026,19:08:00.587,-0.047E+00,-0.047E+00,+0.000E+00,-0.188E+00,-5.17E+00,-40.20E+00,+7.75E+00,+0.809E+00
2,16/2/2026,19:08:00.587,-0.047E+00,-0.047E+00,+0.000E+00,-0.188E+00,-5.23E+00,-39.57E+00,+7.65E+00,+0.839E+00
2,16/2/2026,19:08:00.587,-0.047E+00,-0.047E+00,-0.047E+00,-0.188E+00,-5.28E+00,-38.93E+00,+7.55E+00,+0.862E+00
2,16/2/2026,19:08:00.587,-0.047E+00,-0.047E+00,+0.000E+00,-0.188E+00,-5.33E+00,-38.27E+00,+7.45E+00,+0.885E+00
2,16/2/2026,19:08:00.587,-0.047E+00,-0.047E+00,-0.047E+00,-0.188E+00,-5.37E+00,-37.62E+00,+7.34E+00,+0.923E+00
2,16/2/2026,19:08:00.587,-0.047E+00,-0.047E+00,-0.047E+00,-0.188E+00,-5.42E+00,-36.94E+00,+7.25E+00,+0.946E+00
2,16/2/2026,19:08:00.587,-0.047E+00,-0.047E+00,-0.047E+00,-0.188E+00,-5.46E+00,-36.26E+00,+7.14E+00,+0.977E+00
2,16/2/2026,19:08:00.587,-0.047E+00,-0.047E+00,-0.047E+00,-0.188E+00,-5.51E+00,-35.57E+00,+7.03E+00,+1.000E+00
2,16/2/2026,19:08:00.587,-0.047E+00,-0.047E+00,+0.000E+00,-0.188E+00,-5.55E+00,-34.87E+00,+6.93E+00,+1.022E+00
2,16/2/2026,19:08:00.588,-0.047E+00,-0.047E+00,+0.000E+00,-0.188E+00,-5.60E+00,-34.17E+00,+6.82E+00,+1.053E+00
2,16/2/2026,19:08:00.588,-0.047E+00,-0.047E+00,-0.047E+00,-0.188E+00,-5.65E+00,-33.45E+00,+6.71E+00,+1.083E+00
2,16/2/2026,19:08:00.588,-0.047E+00,-0.047E+00,-0.047E+00,-0.188E+00,-5.69E+00,-32.73E+00,+6.59E+00,+1.106E+00
2,16/2/2026,19:08:00.588,+0.000E+00,-0.047E+00,-0.047E+00,-0.188E+00,-5.74E+00,-32.00E+00,+6.49E+00,+1.129E+00
2,16/2/2026,19:08:00.588,-0.047E+00,-0.047E+00,-0.047E+00,-0.188E+00,-5.78E+00,-31.27E+00,+6.36E+00,+1.152E+00
2,16/2/2026,19:08:00.588,-0.047E+00,-0.047E+00,-0.047E+00,-0.188E+00,-5.83E+00,-30.52E+00,+6.24E+00,+1.183E+00
2,16/2/2026,19:08:00.588,+0.000E+00,-0.047E+00,+0.000E+00,-0.188E+00,-5.88E+00,-29.77E+00,+6.12E+00,+1.206E+00
2,16/2/2026,19:08:00.588,-0.047E+00,-0.047E+00,+0.000E+00,-0.188E+00,-5.91E+00,-29.01E+00,+6.00E+00,+1.221E+00
2,16/2/2026,19:08:00.588,-0.047E+00,-0.047E+00,-0.047E+00,-0.188E+00,-5.95E+00,-28.25E+00,+5.88E+00,+1.251E+00
2,16/2/2026,19:08:00.588,-0.047E+00,-0.047E+00,+0.000E+00,-0.188E+00,-5.98E+00,-27.47E+00,+5.75E+00,+1.274E+00
2,16/2/2026,19:08:00.588,-0.047E+00,-0.047E+00,+0.000E+00,-0.188E+00,-6.03E+00,-26.71E+00,+5.63E+00,+1.297E+00
2,16/2/2026,19:08:00.588,-0.047E+00,-0.047E+00,+0.000E+00,-0.188E+00,-6.06E+00,-25.91E+00,+5.51E+00,+1.320E+00
2,16/2/2026,19:08:00.588,-0.047E+00,-0.047E+00,-0.047E+00,-0.188E+00,-6.10E+00,-25.12E+00,+5.39E+00,+1.343E+00
2,16/2/2026,19:08:00.588,-0.047E+00,-0.047E+00,-0.047E+00,-0.188E+00,-6.15E+00,-24.31E+00,+5.25E+00,+1.366E+00
2,16/2/2026,19:08:00.588,-0.047E+00,-0.047E+00,+0.000E+00,-0.188E+00,-6.18E+00,-23.50E+00,+5.13E+00,+1.389E+00
2,16/2/2026,19:08:00.588,-0.047E+00,-0.047E+00,-0.047E+00,-0.188E+00,-6.23E+00,-22.71E+00,+4.99E+00,+1.412E+00
2,16/2/2026,19:08:00.588,-0.047E+00,-0.047E+00,-0.047E+00,-0.188E+00,-6.26E+00,-21.88E+00,+4.87E+00,+1.434E+00
2,16/2/2026,19:08:00.588,-0.047E+00,-0.047E+00,-0.047E+00,-0.188E+00,-6.29E+00,-21.07E+00,+4.73E+00,+1.450E+00
2,16/2/2026,19:08:00.588,-0.047E+00,-0.047E+00,-0.047E+00,-0.188E+00,-6.32E+00,-20.25E+00,+4.59E+00,+1.480E+00
2,16/2/2026,19:08:00.588,-0.047E+00,-0.047E+00,-0.047E+00,-0.188E+00,-6.36E+00,-19.43E+00,+4.46E+00,+1.495E+00
2,16/2/2026,19:08:00.589,-0.047E+00,-0.047E+00,+0.000E+00,-0.188E+00,-6.39E+00,-18.59E+00,+4.32E+00,+1.518E+00
2,16/2/2026,19:08:00.589,-0.047E+00,-0.047E+00,+0.000E+00,-0.188E+00,-6.44E+00,-17.73E+00,+4.18E+00,+1.541E+00
2,16/2/2026,19:08:00.589,-0.047E+00,-0.047E+00,-0.047E+00,-0.188E+00,-6.47E+00,-16.89E+00,+4.03E+00,+1.564E+00
2,16/2/2026,19:08:00.589,-0.047E+00,-0.047E+00,-0.047E+00,-0.188E+00,-6.50E+00,-16.05E+00,+3.88E+00,+1.587E+00
2,16/2/2026,19:08:00.589,-0.047E+00,-0.047E+00,-0.047E+00,-0.188E+00,-6.53E+00,-15.18E+00,+3.74E+00,+1.602E+00
2,16/2/2026,19:08:00.589,-0.047E+00,-0.047E+00,-0.047E+00,-0.188E+00,-6.58E+00,-14.33E+00,+3.59E+00,+1.625E+00
2,16/2/2026,19:08:00.589,-0.047E+00,-0.047E+00,+0.000E+00,-0.188E+00,-6.61E+00,-13.47E+00,+3.45E+00,+1.640E+00
2,16/2/2026,19:08:00.589,-0.047E+00,-0.047E+00,+0.000E+00,-0.188E+00,-6.62E+00,-12.60E+00,+3.31E+00,+1.663E+00
2,16/2/2026,19:08:00.589,-0.047E+00,-0.047E+00,+0.000E+00,-0.188E+00,-6.65E+00,-11.74E+00,+3.16E+00,+1.679E+00
2,16/2/2026,19:08:00.589,-0.047E+00,-0.047E+00,+0.000E+00,-0.188E+00,-6.68E+00,-10.85E+00,+3.01E+00,+1.694E+00
2,16/2/2026,19:08:00.589,+0.000E+00,-0.047E+00,+0.000E+00,-0.188E+00,-6.70E+00,-9.98E+00,+2.85E+00,+1.717E+00
2,16/2/2026,19:08:00.589,+0.000E+00,-0.047E+00,-0.047E+00,-0.188E+00,-6.71E+00,-9.10E+00,+2.70E+00,+1.732E+00
2,16/2/2026,19:08:00.589,-0.047E+00,-0.047E+00,-0.047E+00,-0.188E+00,-6.71E+00,-8.23E+00,+2.56E+00,+1.747E+00
2,16/2/2026,19:08:00.589,-0.047E+00,-0.047E+00,-0.047E+00,-0.188E+00,-6.71E+00,-7.34E+00,+2.40E+00,+1.763E+00
2,16/2/2026,19:08:00.589,-0.047E+00,-0.047E+00,+0.000E+00,-0.188E+00,-6.73E+00,-6.47E+00,+2.24E+00,+1.770E+00
2,16/2/2026,19:08:00.589,-0.047E+00,-0.047E+00,-0.047E+00,-0.188E+00,-6.73E+00,-5.59E+00,+2.09E+00,+1.785E+00
2,16/2/2026,19:08:00.589,-0.047E+00,-0.047E+00,-0.047E+00,-0.188E+00,-6.73E+00,-4.72E+00,+1.92E+00,+1.793E+00
2,16/2/2026,19:08:00.589,+0.000E+00,-0.047E+00,-0.047E+00,-0.188E+00,-6.73E+00,-3.85E+00,+1.77E+00,+1.808E+00
2,16/2/2026,19:08:00.589,-0.047E+00,-0.047E+00,+0.000E+00,-0.188E+00,-6.71E+00,-2.96E+00,+1.62E+00,+1.824E+00
2,16/2/2026,19:08:00.589,-0.047E+00,-0.047E+00,+0.000E+00,-0.188E+00,-6.70E+00,-2.08E+00,+1.45E+00,+1.831E+00
2,16/2/2026,19:08:00.590,-0.047E+00,-0.047E+00,+0.000E+00,-0.188E+00,-6.70E+00,-1.21E+00,+1.28E+00,+1.839E+00
2,16/2/2026,19:08:00.590,-0.047E+00,-0.047E+00,+0.000E+00,-0.188E+00,-6.68E+00,-0.34E+00,+1.13E+00,+1.854E+00
2,16/2/2026,19:08:00.590,+0.000E+00,-0.047E+00,-0.047E+00,-0.188E+00,-6.67E+00,+0.55E+00,+0.96E+00,+1.862E+00
2,16/2/2026,19:08:00.590,-0.047E+00,-0.047E+00,-0.047E+00,-0.188E+00,-6.64E+00,+1.43E+00,+0.79E+00,+1.869E+00
2,16/2/2026,19:08:00.590,-0.047E+00,-0.047E+00,+0.000E+00,-0.188E+00,-6.62E+00,+2.29E+00,+0.64E+00,+1.877E+00
2,16/2/2026,19:08:00.590,-0.047E+00,-0.047E+00,+0.000E+00,-0.188E+00,-6.59E+00,+3.16E+00,+0.47E+00,+1.885E+00
2,16/2/2026,19:08:00.590,-0.047E+00,-0.047E+00,+0.000E+00,-0.235E+00,-6.55E+00,+4.03E+00,+0.32E+00,+1.892E+00
2,16/2/2026,19:08:00.590,-0.047E+00,-0.047E+00,-0.047E+00,-0.235E+00,-6.52E+00,+4.90E+00,+0.15E+00,+1.900E+00
2,16/2/2026,19:08:00.590,-0.047E+00,-0.047E+00,-0.047E+00,-0.188E+00,-6.49E+00,+5.77E+00,-0.02E+00,+1.908E+00
2,16/2/2026,19:08:00.590,-0.047E+00,-0.047E+00,+0.000E+00,-0.188E+00,-6.44E+00,+6.62E+00,-0.17E+00,+1.908E+00
2,16/2/2026,19:08:00.590,-0.047E+00,+0.000E+00,-0.047E+00,-0.188E+00,-6.41E+00,+7.49E+00,-0.32E+00,+1.915E+00
2,16/2/2026,19:08:00.590,-0.047E+00,+0.000E+00,-0.047E+00,-0.188E+00,-6.36E+00,+8.35E+00,-0.47E+00,+1.923E+00
2,16/2/2026,19:08:00.590,-0.047E+00,-0.047E+00,+0.000E+00,-0.188E+00,-6.32E+00,+9.19E+00,-0.64E+00,+1.923E+00
2,16/2/2026,19:08:00.590,-0.047E+00,-0.047E+00,+0.000E+00,-0.188E+00,-6.27E+00,+10.04E+00,-0.81E+00,+1.923E+00
2,16/2/2026,19:08:00.590,-0.047E+00,-0.047E+00,-0.047E+00,-0.188E+00,-6.23E+00,+10.88E+00,-0.98E+00,+1.923E+00
2,16/2/2026,19:08:00.590,+0.000E+00,-0.047E+00,-0.047E+00,-0.188E+00,-6.20E+00,+11.72E+00,-1.14E+00,+1.923E+00
2,16/2/2026,19:08:00.590,-0.047E+00,-0.047E+00,+0.000E+00,-0.188E+00,-6.15E+00,+12.54E+00,-1.31E+00,+1.923E+00
2,16/2/2026,19:08:00.590,-0.047E+00,-0.047E+00,+0.000E+00,-0.188E+00,-6.10E+00,+13.38E+00,-1.48E+00,+1.930E+00
2,16/2/2026,19:08:00.590,+0.000E+00,-0.047E+00,-0.047E+00,-0.188E+00,-6.04E+00,+14.19E+00,-1.65E+00,+1.930E+00
2,16/2/2026,19:08:00.590,-0.047E+00,-0.047E+00,-0.047E+00,-0.188E+00,-6.00E+00,+15.02E+00,-1.80E+00,+1.930E+00
2,16/2/2026,19:08:00.591,-0.047E+00,-0.047E+00,-0.047E+00,-0.188E+00,-5.95E+00,+15.82E+00,-1.97E+00,+1.930E+00
2,16/2/2026,19:08:00.591,-0.047E+00,-0.047E+00,-0.047E+00,-0.188E+00,-5.91E+00,+16.63E+00,-2.14E+00,+1.923E+00
2,16/2/2026,19:08:00.591,-0.047E+00,-0.047E+00,-0.047E+00,-0.188E+00,-5.86E+00,+17.43E+00,-2.29E+00,+1.923E+00
2,16/2/2026,19:08:00.591,-0.047E+00,-0.047E+00,+0.000E+00,-0.188E+00,-5.81E+00,+18.22E+00,-2.46E+00,+1.930E+00
2,16/2/2026,19:08:00.591,-0.047E+00,-0.047E+00,+0.000E+00,-0.188E+00,-5.78E+00,+19.01E+00,-2.61E+00,+1.923E+00
2,16/2/2026,19:08:00.591,-0.047E+00,-0.047E+00,+0.000E+00,-0.188E+00,-5.72E+00,+19.81E+00,-2.78E+00,+1.923E+00
2,16/2/2026,19:08:00.591,-0.047E+00,-0.047E+00,-0.047E+00,-0.188E+00,-5.68E+00,+20.60E+00,-2.93E+00,+1.923E+00
2,16/2/2026,19:08:00.591,-0.047E+00,-0.047E+00,-0.047E+00,-0.188E+00,-5.63E+00,+21.38E+00,-3.08E+00,+1.923E+00
2,16/2/2026,19:08:00.591,-0.047E+00,-0.047E+00,-0.047E+00,-0.188E+00,-5.59E+00,+22.16E+00,-3.25E+00,+1.915E+00
2,16/2/2026,19:08:00.591,-0.047E+00,-0.047E+00,+0.000E+00,-0.188E+00,-5.52E+00,+22.94E+00,-3.40E+00,+1.915E+00
2,16/2/2026,19:08:00.591,+0.000E+00,-0.047E+00,+0.000E+00,-0.188E+00,-5.48E+00,+23.70E+00,-3.56E+00,+1.915E+00
2,16/2/2026,19:08:00.591,-0.047E+00,-0.047E+00,+0.000E+00,-0.188E+00,-5.43E+00,+24.46E+00,-3.71E+00,+1.915E+00
2,16/2/2026,19:08:00.591,-0.047E+00,-0.047E+00,-0.047E+00,-0.188E+00,-5.37E+00,+25.24E+00,-3.86E+00,+1.915E+00
2,16/2/2026,19:08:00.591,+0.000E+00,-0.047E+00,-0.047E+00,-0.188E+00,-5.31E+00,+25.99E+00,-4.01E+00,+1.908E+00
2,16/2/2026,19:08:00.591,-0.047E+00,-0.047E+00,-0.047E+00,-0.188E+00,-5.26E+00,+26.74E+00,-4.17E+00,+1.908E+00
2,16/2/2026,19:08:00.591,-0.047E+00,-0.047E+00,-0.047E+00,-0.188E+00,-5.22E+00,+27.48E+00,-4.30E+00,+1.908E+00
2,16/2/2026,19:08:00.591,+0.000E+00,-0.047E+00,-0.047E+00,-0.188E+00,-5.16E+00,+28.23E+00,-4.46E+00,+1.900E+00
2,16/2/2026,19:08:00.591,-0.047E+00,-0.047E+00,-0.047E+00,-0.188E+00,-5.11E+00,+28.96E+00,-4.61E+00,+1.900E+00
2,16/2/2026,19:08:00.591,-0.047E+00,-0.047E+00,+0.000E+00,-0.188E+00,-5.05E+00,+29.68E+00,-4.76E+00,+1.892E+00
2,16/2/2026,19:08:00.591,+0.000E+00,-0.047E+00,+0.000E+00,-0.188E+00,-5.01E+00,+30.41E+00,-4.90E+00,+1.892E+00
2,16/2/2026,19:08:00.592,-0.047E+00,-0.047E+00,-0.047E+00,-0.188E+00,-4.94E+00,+31.12E+00,-5.04E+00,+1.885E+00
2,16/2/2026,19:08:00.592,-0.047E+00,-0.047E+00,-0.047E+00,-0.188E+00,-4.88E+00,+31.83E+00,-5.19E+00,+1.885E+00
2,16/2/2026,19:08:00.592,-0.047E+00,-0.047E+00,-0.047E+00,-0.188E+00,-4.82E+00,+32.53E+00,-5.33E+00,+1.885E+00
2,16/2/2026,19:08:00.592,+0.000E+00,-0.047E+00,-0.047E+00,-0.188E+00,-4.76E+00,+33.24E+00,-5.46E+00,+1.877E+00
2,16/2/2026,19:08:00.592,-0.047E+00,-0.047E+00,-0.047E+00,-0.188E+00,-4.70E+00,+33.94E+00,-5.62E+00,+1.869E+00
2,16/2/2026,19:08:00.592,-0.047E+00,-0.047E+00,-0.047E+00,-0.188E+00,-4.62E+00,+34.63E+00,-5.75E+00,+1.869E+00
2,16/2/2026,19:08:00.592,-0.047E+00,-0.047E+00,+0.000E+00,-0.188E+00,-4.56E+00,+35.31E+00,-5.89E+00,+1.862E+00
2,16/2/2026,19:08:00.592,-0.047E+00,-0.047E+00,+0.000E+00,-0.188E+00,-4.49E+00,+36.00E+00,-6.03E+00,+1.862E+00
2,16/2/2026,19:08:00.592,-0.047E+00,-0.047E+00,-0.047E+00,-0.188E+00,-4.43E+00,+36.67E+00,-6.17E+00,+1.846E+00
2,16/2/2026,19:08:00.592,-0.047E+00,-0.047E+00,-0.047E+00,-0.188E+00,-4.36E+00,+37.33E+00,-6.32E+00,+1.846E+00
2,16/2/2026,19:08:00.592,-0.047E+00,-0.047E+00,+0.000E+00,-0.188E+00,-4.29E+00,+38.00E+00,-6.46E+00,+1.839E+00
2,16/2/2026,19:08:00.592,-0.047E+00,-0.047E+00,+0.000E+00,-0.188E+00,-4.21E+00,+38.64E+00,-6.59E+00,+1.831E+00
2,16/2/2026,19:08:00.592,-0.047E+00,-0.047E+00,+0.000E+00,-0.188E+00,-4.15E+00,+39.29E+00,-6.73E+00,+1.831E+00
2,16/2/2026,19:08:00.592,-0.047E+00,-0.047E+00,+0.000E+00,-0.188E+00,-4.07E+00,+39.95E+00,-6.87E+00,+1.824E+00
2,16/2/2026,19:08:00.592,-0.047E+00,-0.047E+00,-0.047E+00,-0.188E+00,-4.00E+00,+40.58E+00,-7.00E+00,+1.816E+00
2,16/2/2026,19:08:00.592,+0.000E+00,-0.047E+00,-0.047E+00,-0.188E+00,-3.92E+00,+41.20E+00,-7.14E+00,+1.808E+00
2,16/2/2026,19:08:00.592,-0.047E+00,-0.047E+00,-0.047E+00,-0.188E+00,-3.86E+00,+41.81E+00,-7.26E+00,+1.793E+00
2,16/2/2026,19:08:00.592,-0.047E+00,-0.047E+00,-0.047E+00,-0.188E+00,-3.78E+00,+42.41E+00,-7.39E+00,+1.778E+00
2,16/2/2026,19:08:00.592,-0.047E+00,-0.047E+00,-0.047E+00,-0.188E+00,-3.71E+00,+42.99E+00,-7.52E+00,+1.763E+00
2,16/2/2026,19:08:00.592,-0.047E+00,-0.047E+00,-0.047E+00,-0.188E+00,-3.63E+00,+43.57E+00,-7.65E+00,+1.747E+00
2,16/2/2026,19:08:00.593,-0.047E+00,-0.047E+00,-0.047E+00,-0.188E+00,-3.56E+00,+44.12E+00,-7.75E+00,+1.724E+00
2,16/2/2026,19:08:00.593,-0.047E+00,-0.047E+00,+0.000E+00,-0.188E+00,-3.48E+00,+44.65E+00,-7.86E+00,+1.709E+00
2,16/2/2026,19:08:00.593,-0.047E+00,-0.047E+00,-0.047E+00,-0.188E+00,-3.40E+00,+45.19E+00,-7.97E+00,+1.694E+00
2,16/2/2026,19:08:00.593,+0.000E+00,-0.047E+00,-0.047E+00,-0.188E+00,-3.31E+00,+45.69E+00,-8.09E+00,+1.671E+00
2,16/2/2026,19:08:00.593,+0.000E+00,-0.047E+00,+0.000E+00,-0.188E+00,-3.22E+00,+46.19E+00,-8.19E+00,+1.648E+00
2,16/2/2026,19:08:00.593,-0.047E+00,-0.047E+00,+0.000E+00,-0.188E+00,-3.14E+00,+46.70E+00,-8.30E+00,+1.633E+00
2,16/2/2026,19:08:00.593,-0.047E+00,-0.047E+00,-0.047E+00,-0.188E+00,-3.05E+00,+47.18E+00,-8.39E+00,+1.610E+00
2,16/2/2026,19:08:00.593,-0.047E+00,-0.047E+00,-0.047E+00,-0.188E+00,-2.96E+00,+47.64E+00,-8.50E+00,+1.595E+00
2,16/2/2026,19:08:00.593,-0.047E+00,-0.047E+00,+0.000E+00,-0.188E+00,-2.87E+00,+48.10E+00,-8.59E+00,+1.572E+00
2,16/2/2026,19:08:00.593,-0.047E+00,-0.047E+00,+0.000E+00,-0.188E+00,-2.78E+00,+48.54E+00,-8.68E+00,+1.549E+00
2,16/2/2026,19:08:00.593,-0.047E+00,-0.047E+00,-0.047E+00,-0.188E+00,-2.69E+00,+48.95E+00,-8.77E+00,+1.518E+00
2,16/2/2026,19:08:00.593,-0.047E+00,-0.047E+00,-0.047E+00,-0.188E+00,-2.58E+00,+49.37E+00,-8.87E+00,+1.495E+00
2,16/2/2026,19:08:00.593,-0.047E+00,-0.047E+00,-0.047E+00,-0.188E+00,-2.49E+00,+49.75E+00,-8.96E+00,+1.473E+00
2,16/2/2026,19:08:00.593,-0.047E+00,+0.000E+00,-0.047E+00,-0.188E+00,-2.40E+00,+50.13E+00,-9.03E+00,+1.442E+00
2,16/2/2026,19:08:00.593,+0.000E+00,-0.047E+00,+0.000E+00,-0.188E+00,-2.32E+00,+50.48E+00,-9.13E+00,+1.419E+00
2,16/2/2026,19:08:00.593,-0.047E+00,-0.047E+00,-0.047E+00,-0.141E+00,-2.23E+00,+50.82E+00,-9.20E+00,+1.389E+00
2,16/2/2026,19:08:00.593,-0.047E+00,-0.047E+00,-0.047E+00,-0.188E+00,-2.14E+00,+51.15E+00,-9.29E+00,+1.366E+00
2,16/2/2026,19:08:00.593,-0.047E+00,-0.047E+00,-0.047E+00,-0.188E+00,-2.04E+00,+51.47E+00,-9.37E+00,+1.335E+00
2,16/2/2026,19:08:00.593,-0.047E+00,-0.047E+00,-0.047E+00,-0.188E+00,-1.95E+00,+51.76E+00,-9.45E+00,+1.312E+00
2,16/2/2026,19:08:00.593,-0.047E+00,-0.047E+00,+0.000E+00,-0.188E+00,-1.86E+00,+52.07E+00,-9.52E+00,+1.282E+00
2,16/2/2026,19:08:00.594,-0.047E+00,-0.047E+00,+0.000E+00,-0.188E+00,-1.75E+00,+52.33E+00,-9.60E+00,+1.259E+00
2,16/2/2026,19:08:00.594,-0.047E+00,-0.047E+00,+0.000E+00,-0.188E+00,-1.66E+00,+52.60E+00,-9.67E+00,+1.228E+00
2,16/2/2026,19:08:00.594,-0.047E+00,-0.047E+00,-0.047E+00,-0.188E+00,-1.57E+00,+52.85E+00,-9.74E+00,+1.206E+00
2,16/2/2026,19:08:00.594,-0.047E+00,-0.047E+00,-0.047E+00,-0.188E+00,-1.48E+00,+53.07E+00,-9.81E+00,+1.183E+00
2,16/2/2026,19:08:00.594,-0.047E+00,-0.047E+00,-0.047E+00,-0.188E+00,-1.39E+00,+53.30E+00,-9.87E+00,+1.152E+00
2,16/2/2026,19:08:00.594,+0.000E+00,-0.047E+00,-0.047E+00,-0.188E+00,-1.28E+00,+53.52E+00,-9.92E+00,+1.129E+00
2,16/2/2026,19:08:00.594,-0.047E+00,-0.047E+00,-0.047E+00,-0.188E+00,-1.19E+00,+53.72E+00,-9.98E+00,+1.106E+00
2,16/2/2026,19:08:00.594,-0.047E+00,-0.047E+00,-0.047E+00,-0.188E+00,-1.10E+00,+53.88E+00,-10.04E+00,+1.076E+00
2,16/2/2026,19:08:00.594,-0.047E+00,-0.047E+00,-0.047E+00,-0.188E+00,-1.01E+00,+54.07E+00,-10.10E+00,+1.053E+00
2,16/2/2026,19:08:00.594,-0.047E+00,-0.047E+00,-0.047E+00,-0.188E+00,-0.90E+00,+54.22E+00,-10.15E+00,+1.030E+00
2,16/2/2026,19:08:00.594,-0.047E+00,-0.047E+00,+0.000E+00,-0.188E+00,-0.82E+00,+54.37E+00,-10.21E+00,+1.000E+00
2,16/2/2026,19:08:00.594,+0.000E+00,-0.047E+00,-0.047E+00,-0.188E+00,-0.73E+00,+54.51E+00,-10.25E+00,+0.977E+00
2,16/2/2026,19:08:00.594,-0.047E+00,-0.047E+00,-0.047E+00,-0.188E+00,-0.63E+00,+54.63E+00,-10.30E+00,+0.954E+00
2,16/2/2026,19:08:00.594,-0.047E+00,-0.047E+00,-0.047E+00,-0.188E+00,-0.55E+00,+54.74E+00,-10.35E+00,+0.923E+00
2,16/2/2026,19:08:00.594,-0.047E+00,-0.047E+00,+0.000E+00,-0.188E+00,-0.46E+00,+54.83E+00,-10.39E+00,+0.900E+00
2,16/2/2026,19:08:00.594,+0.000E+00,-0.047E+00,+0.000E+00,-0.188E+00,-0.35E+00,+54.92E+00,-10.44E+00,+0.877E+00
2,16/2/2026,19:08:00.594,+0.000E+00,-0.047E+00,-0.047E+00,-0.188E+00,-0.27E+00,+55.00E+00,-10.47E+00,+0.855E+00
2,16/2/2026,19:08:00.594,+0.000E+00,-0.047E+00,-0.047E+00,-0.188E+00,-0.18E+00,+55.06E+00,-10.51E+00,+0.824E+00
2,16/2/2026,19:08:00.594,+0.000E+00,-0.047E+00,-0.047E+00,-0.188E+00,-0.09E+00,+55.10E+00,-10.54E+00,+0.801E+00
2,16/2/2026,19:08:00.594,-0.047E+00,-0.047E+00,-0.047E+00,-0.188E+00,+0.00E+00,+55.12E+00,-10.59E+00,+0.771E+00
2,16/2/2026,19:08:00.595,-0.047E+00,-0.047E+00,-0.047E+00,-0.188E+00,+0.09E+00,+55.14E+00,-10.62E+00,+0.748E+00
2,16/2/2026,19:08:00.595,-0.047E+00,-0.047E+00,-0.047E+00,-0.188E+00,+0.18E+00,+55.15E+00,-10.67E+00,+0.717E+00
2,16/2/2026,19:08:00.595,-0.047E+00,-0.047E+00,+0.000E+00,-0.188E+00,+0.27E+00,+55.14E+00,-10.70E+00,+0.694E+00
2,16/2/2026,19:08:00.595,-0.047E+00,-0.047E+00,+0.000E+00,-0.188E+00,+0.37E+00,+55.10E+00,-10.71E+00,+0.664E+00
2,16/2/2026,19:08:00.595,+0.000E+00,-0.047E+00,-0.047E+00,-0.188E+00,+0.46E+00,+55.07E+00,-10.74E+00,+0.633E+00
2,16/2/2026,19:08:00.595,-0.047E+00,-0.047E+00,-0.047E+00,-0.188E+00,+0.53E+00,+55.03E+00,-10.77E+00,+0.603E+00
2,16/2/2026,19:08:00.595,-0.047E+00,-0.047E+00,-0.047E+00,-0.188E+00,+0.63E+00,+54.95E+00,-10.80E+00,+0.580E+00
2,16/2/2026,19:08:00.595,-0.047E+00,-0.047E+00,+0.000E+00,-0.188E+00,+0.72E+00,+54.88E+00,-10.82E+00,+0.549E+00
2,16/2/2026,19:08:00.595,-0.047E+00,-0.047E+00,-0.047E+00,-0.188E+00,+0.81E+00,+54.80E+00,-10.85E+00,+0.519E+00
2,16/2/2026,19:08:00.595,-0.047E+00,-0.047E+00,-0.047E+00,-0.188E+00,+0.90E+00,+54.69E+00,-10.87E+00,+0.496E+00
2,16/2/2026,19:08:00.595,-0.047E+00,-0.047E+00,-0.047E+00,-0.188E+00,+0.99E+00,+54.57E+00,-10.90E+00,+0.465E+00
2,16/2/2026,19:08:00.595,-0.047E+00,-0.047E+00,-0.047E+00,-0.188E+00,+1.08E+00,+54.43E+00,-10.91E+00,+0.435E+00
2,16/2/2026,19:08:00.595,-0.047E+00,-0.047E+00,+0.000E+00,-0.188E+00,+1.18E+00,+54.30E+00,-10.93E+00,+0.412E+00
2,16/2/2026,19:08:00.595,-0.047E+00,-0.047E+00,+0.000E+00,-0.188E+00,+1.27E+00,+54.13E+00,-10.94E+00,+0.382E+00
2,16/2/2026,19:08:00.595,-0.047E+00,-0.047E+00,-0.047E+00,-0.188E+00,+1.36E+00,+53.96E+00,-10.96E+00,+0.351E+00
2,16/2/2026,19:08:00.595,-0.047E+00,-0.047E+00,-0.047E+00,-0.188E+00,+1.45E+00,+53.78E+00,-10.97E+00,+0.320E+00
2,16/2/2026,19:08:00.595,-0.047E+00,-0.047E+00,+0.000E+00,-0.188E+00,+1.54E+00,+53.58E+00,-10.97E+00,+0.290E+00
2,16/2/2026,19:08:00.595,-0.047E+00,-0.047E+00,-0.047E+00,-0.188E+00,+1.63E+00,+53.36E+00,-10.99E+00,+0.259E+00
2,16/2/2026,19:08:00.595,-0.047E+00,-0.047E+00,-0.047E+00,-0.188E+00,+1.72E+00,+53.14E+00,-11.00E+00,+0.229E+00
2,16/2/2026,19:08:00.595,-0.047E+00,-0.047E+00,-0.047E+00,-0.188E+00,+1.83E+00,+52.91E+00,-11.02E+00,+0.198E+00
2,16/2/2026,19:08:00.596,-0.047E+00,-0.047E+00,-0.047E+00,-0.188E+00,+1.92E+00,+52.66E+00,-11.02E+00,+0.175E+00
2,16/2/2026,19:08:00.596,-0.047E+00,-0.047E+00,-0.047E+00,-0.188E+00,+2.00E+00,+52.40E+00,-11.02E+00,+0.145E+00
2,16/2/2026,19:08:00.596,-0.047E+00,+0.000E+00,-0.047E+00,-0.188E+00,+2.09E+00,+52.11E+00,-11.02E+00,+0.114E+00
2,16/2/2026,19:08:00.596,-0.047E+00,-0.047E+00,-0.047E+00,-0.188E+00,+2.18E+00,+51.82E+00,-11.02E+00,+0.084E+00
2,16/2/2026,19:08:00.596,-0.047E+00,-0.047E+00,-0.047E+00,-0.188E+00,+2.27E+00,+51.53E+00,-11.02E+00,+0.053E+00
2,16/2/2026,19:08:00.596,-0.047E+00,-0.047E+00,+0.000E+00,-0.188E+00,+2.35E+00,+51.21E+00,-11.00E+00,+0.023E+00
2,16/2/2026,19:08:00.596,-0.047E+00,-0.047E+00,-0.047E+00,-0.188E+00,+2.43E+00,+50.88E+00,-10.97E+00,-0.008E+00
2,16/2/2026,19:08:00.596,-0.047E+00,-0.047E+00,-0.047E+00,-0.188E+00,+2.50E+00,+50.54E+00,-10.94E+00,-0.038E+00
2,16/2/2026,19:08:00.596,-0.047E+00,-0.047E+00,-0.047E+00,-0.188E+00,+2.59E+00,+50.19E+00,-10.91E+00,-0.069E+00
2,16/2/2026,19:08:00.596,-0.047E+00,-0.047E+00,+0.000E+00,-0.188E+00,+2.66E+00,+49.82E+00,-10.85E+00,-0.099E+00
2,16/2/2026,19:08:00.596,-0.047E+00,-0.047E+00,-0.047E+00,-0.188E+00,+2.73E+00,+49.44E+00,-10.79E+00,-0.130E+00
2,16/2/2026,19:08:00.596,-0.047E+00,-0.047E+00,-0.047E+00,-0.188E+00,+2.81E+00,+49.06E+00,-10.74E+00,-0.160E+00
2,16/2/2026,19:08:00.596,-0.047E+00,-0.047E+00,+0.000E+00,-0.188E+00,+2.87E+00,+48.65E+00,-10.68E+00,-0.183E+00
2,16/2/2026,19:08:00.596,-0.047E+00,-0.047E+00,+0.000E+00,-0.188E+00,+2.93E+00,+48.24E+00,-10.62E+00,-0.214E+00
2,16/2/2026,19:08:00.596,-0.047E+00,-0.047E+00,+0.000E+00,-0.188E+00,+3.01E+00,+47.83E+00,-10.56E+00,-0.252E+00
2,16/2/2026,19:08:00.596,-0.047E+00,-0.047E+00,+0.000E+00,-0.188E+00,+3.08E+00,+47.38E+00,-10.50E+00,-0.282E+00
2,16/2/2026,19:08:00.596,-0.047E+00,-0.047E+00,-0.047E+00,-0.188E+00,+3.14E+00,+46.93E+00,-10.42E+00,-0.305E+00
2,16/2/2026,19:08:00.596,+0.000E+00,-0.047E+00,-0.047E+00,-0.188E+00,+3.20E+00,+46.47E+00,-10.36E+00,-0.336E+00
2,16/2/2026,19:08:00.596,-0.047E+00,+0.000E+00,+0.000E+00,-0.188E+00,+3.27E+00,+45.99E+00,-10.29E+00,-0.374E+00
2,16/2/2026,19:08:00.596,-0.047E+00,-0.047E+00,+0.000E+00,-0.188E+00,+3.33E+00,+45.51E+00,-10.22E+00,-0.397E+00
2,16/2/2026,19:08:00.597,-0.047E+00,-0.047E+00,+0.000E+00,-0.188E+00,+3.39E+00,+45.02E+00,-10.15E+00,-0.427E+00
2,16/2/2026,19:08:00.597,-0.047E+00,-0.047E+00,-0.047E+00,-0.188E+00,+3.43E+00,+44.50E+00,-10.07E+00,-0.465E+00
2,16/2/2026,19:08:00.597,-0.047E+00,-0.047E+00,-0.047E+00,-0.188E+00,+3.49E+00,+43.98E+00,-9.98E+00,-0.488E+00
2,16/2/2026,19:08:00.597,-0.047E+00,-0.047E+00,-0.047E+00,-0.188E+00,+3.54E+00,+43.45E+00,-9.89E+00,-0.519E+00
2,16/2/2026,19:08:00.597,-0.047E+00,-0.047E+00,-0.047E+00,-0.188E+00,+3.59E+00,+42.90E+00,-9.80E+00,-0.549E+00
2,16/2/2026,19:08:00.597,-0.047E+00,-0.047E+00,+0.000E+00,-0.188E+00,+3.63E+00,+42.35E+00,-9.71E+00,-0.580E+00
2,16/2/2026,19:08:00.597,-0.047E+00,-0.047E+00,-0.047E+00,-0.235E+00,+3.69E+00,+41.77E+00,-9.60E+00,-0.610E+00
2,16/2/2026,19:08:00.597,-0.047E+00,-0.047E+00,-0.047E+00,-0.188E+00,+3.74E+00,+41.19E+00,-9.49E+00,-0.641E+00
2,16/2/2026,19:08:00.597,-0.047E+00,-0.047E+00,+0.000E+00,-0.188E+00,+3.78E+00,+40.59E+00,-9.40E+00,-0.671E+00
2,16/2/2026,19:08:00.597,-0.047E+00,-0.047E+00,-0.047E+00,-0.188E+00,+3.83E+00,+40.00E+00,-9.29E+00,-0.702E+00
2,16/2/2026,19:08:00.597,-0.047E+00,-0.047E+00,-0.047E+00,-0.188E+00,+3.89E+00,+39.39E+00,-9.20E+00,-0.732E+00
2,16/2/2026,19:08:00.597,-0.047E+00,-0.047E+00,+0.000E+00,-0.188E+00,+3.94E+00,+38.76E+00,-9.10E+00,-0.763E+00
2,16/2/2026,19:08:00.597,-0.047E+00,-0.047E+00,-0.047E+00,-0.188E+00,+3.98E+00,+38.14E+00,-8.99E+00,-0.794E+00
2,16/2/2026,19:08:00.597,-0.047E+00,-0.047E+00,-0.047E+00,-0.188E+00,+4.03E+00,+37.48E+00,-8.88E+00,-0.816E+00
2,16/2/2026,19:08:00.597,-0.047E+00,-0.047E+00,-0.047E+00,-0.188E+00,+4.07E+00,+36.82E+00,-8.79E+00,-0.847E+00
2,16/2/2026,19:08:00.597,-0.047E+00,-0.047E+00,-0.047E+00,-0.188E+00,+4.12E+00,+36.17E+00,-8.68E+00,-0.877E+00
2,16/2/2026,19:08:00.597,-0.047E+00,-0.047E+00,-0.047E+00,-0.188E+00,+4.18E+00,+35.50E+00,-8.58E+00,-0.908E+00
2,16/2/2026,19:08:00.597,+0.000E+00,-0.047E+00,+0.000E+00,-0.188E+00,+4.23E+00,+34.81E+00,-8.47E+00,-0.931E+00
2,16/2/2026,19:08:00.597,+0.000E+00,-0.047E+00,-0.047E+00,-0.188E+00,+4.27E+00,+34.12E+00,-8.36E+00,-0.961E+00
2,16/2/2026,19:08:00.597,-0.047E+00,-0.047E+00,-0.047E+00,-0.188E+00,+4.32E+00,+33.42E+00,-8.26E+00,-0.992E+00
2,16/2/2026,19:08:00.598,-0.047E+00,-0.047E+00,+0.000E+00,-0.188E+00,+4.36E+00,+32.70E+00,-8.15E+00,-1.015E+00
2,16/2/2026,19:08:00.598,-0.047E+00,-0.047E+00,-0.047E+00,-0.188E+00,+4.43E+00,+32.00E+00,-8.03E+00,-1.045E+00
2,16/2/2026,19:08:00.598,-0.047E+00,-0.047E+00,-0.047E+00,-0.188E+00,+4.47E+00,+31.27E+00,-7.92E+00,-1.068E+00
2,16/2/2026,19:08:00.598,-0.047E+00,-0.047E+00,+0.000E+00,-0.188E+00,+4.52E+00,+30.54E+00,-7.80E+00,-1.091E+00
2,16/2/2026,19:08:00.598,-0.047E+00,-0.047E+00,+0.000E+00,-0.188E+00,+4.56E+00,+29.80E+00,-7.68E+00,-1.122E+00
2,16/2/2026,19:08:00.598,-0.047E+00,-0.047E+00,-0.047E+00,-0.188E+00,+4.59E+00,+29.06E+00,-7.55E+00,-1.145E+00
2,16/2/2026,19:08:00.598,-0.047E+00,-0.047E+00,-0.047E+00,-0.188E+00,+4.64E+00,+28.31E+00,-7.43E+00,-1.167E+00
2,16/2/2026,19:08:00.598,-0.047E+00,-0.047E+00,+0.000E+00,-0.188E+00,+4.68E+00,+27.54E+00,-7.32E+00,-1.190E+00
2,16/2/2026,19:08:00.598,+0.000E+00,-0.047E+00,-0.047E+00,-0.188E+00,+4.73E+00,+26.77E+00,-7.19E+00,-1.221E+00
2,16/2/2026,19:08:00.598,-0.047E+00,-0.047E+00,-0.047E+00,-0.188E+00,+4.78E+00,+26.00E+00,-7.07E+00,-1.244E+00
2,16/2/2026,19:08:00.598,-0.047E+00,-0.047E+00,+0.000E+00,-0.188E+00,+4.81E+00,+25.21E+00,-6.94E+00,-1.267E+00
2,16/2/2026,19:08:00.598,-0.047E+00,-0.047E+00,-0.047E+00,-0.188E+00,+4.85E+00,+24.42E+00,-6.81E+00,-1.289E+00
2,16/2/2026,19:08:00.598,-0.047E+00,-0.047E+00,-0.047E+00,-0.188E+00,+4.90E+00,+23.62E+00,-6.68E+00,-1.312E+00
2,16/2/2026,19:08:00.598,-0.047E+00,-0.047E+00,+0.000E+00,-0.188E+00,+4.93E+00,+22.83E+00,-6.55E+00,-1.335E+00
2,16/2/2026,19:08:00.598,-0.047E+00,-0.047E+00,+0.000E+00,-0.188E+00,+4.97E+00,+22.02E+00,-6.42E+00,-1.358E+00
2,16/2/2026,19:08:00.598,-0.047E+00,-0.047E+00,-0.047E+00,-0.188E+00,+5.02E+00,+21.21E+00,-6.29E+00,-1.381E+00
2,16/2/2026,19:08:00.598,-0.047E+00,-0.047E+00,-0.047E+00,-0.188E+00,+5.05E+00,+20.40E+00,-6.15E+00,-1.396E+00
2,16/2/2026,19:08:00.598,-0.047E+00,-0.047E+00,-0.047E+00,-0.188E+00,+5.10E+00,+19.59E+00,-6.01E+00,-1.419E+00
2,16/2/2026,19:08:00.598,-0.047E+00,-0.047E+00,-0.047E+00,-0.188E+00,+5.13E+00,+18.77E+00,-5.88E+00,-1.442E+00
2,16/2/2026,19:08:00.598,-0.047E+00,-0.047E+00,+0.000E+00,-0.188E+00,+5.17E+00,+17.93E+00,-5.74E+00,-1.465E+00
2,16/2/2026,19:08:00.599,+0.000E+00,-0.047E+00,+0.000E+00,-0.188E+00,+5.20E+00,+17.09E+00,-5.60E+00,-1.488E+00
2,16/2/2026,19:08:00.599,-0.047E+00,-0.047E+00,+0.000E+00,-0.235E+00,+5.25E+00,+16.25E+00,-5.45E+00,-1.511E+00
2,16/2/2026,19:08:00.599,-0.047E+00,-0.047E+00,-0.047E+00,-0.188E+00,+5.28E+00,+15.41E+00,-5.31E+00,-1.526E+00
2,16/2/2026,19:08:00.599,-0.047E+00,-0.047E+00,-0.047E+00,-0.188E+00,+5.31E+00,+14.56E+00,-5.16E+00,-1.549E+00
2,16/2/2026,19:08:00.599,-0.047E+00,-0.047E+00,-0.047E+00,-0.188E+00,+5.34E+00,+13.70E+00,-5.01E+00,-1.572E+00
2,16/2/2026,19:08:00.599,-0.047E+00,-0.047E+00,+0.000E+00,-0.188E+00,+5.39E+00,+12.83E+00,-4.87E+00,-1.595E+00
2,16/2/2026,19:08:00.599,-0.047E+00,-0.047E+00,-0.047E+00,-0.188E+00,+5.42E+00,+11.98E+00,-4.72E+00,-1.610E+00
2,16/2/2026,19:08:00.599,-0.047E+00,-0.047E+00,-0.047E+00,-0.188E+00,+5.45E+00,+11.11E+00,-4.56E+00,-1.633E+00
2,16/2/2026,19:08:00.599,-0.047E+00,-0.047E+00,+0.000E+00,-0.188E+00,+5.48E+00,+10.22E+00,-4.41E+00,-1.656E+00
2,16/2/2026,19:08:00.599,-0.047E+00,-0.047E+00,+0.000E+00,-0.188E+00,+5.51E+00,+9.35E+00,-4.26E+00,-1.671E+00
2,16/2/2026,19:08:00.599,-0.047E+00,-0.047E+00,-0.047E+00,-0.188E+00,+5.52E+00,+8.48E+00,-4.10E+00,-1.686E+00
2,16/2/2026,19:08:00.599,-0.047E+00,-0.047E+00,+0.000E+00,-0.188E+00,+5.52E+00,+7.60E+00,-3.95E+00,-1.702E+00
2,16/2/2026,19:08:00.599,-0.047E+00,-0.047E+00,+0.000E+00,-0.188E+00,+5.54E+00,+6.71E+00,-3.80E+00,-1.717E+00
2,16/2/2026,19:08:00.599,-0.047E+00,-0.047E+00,+0.000E+00,-0.188E+00,+5.55E+00,+5.83E+00,-3.65E+00,-1.732E+00
2,16/2/2026,19:08:00.599,-0.047E+00,-0.047E+00,+0.000E+00,-0.188E+00,+5.55E+00,+4.96E+00,-3.49E+00,-1.740E+00
2,16/2/2026,19:08:00.599,-0.047E+00,-0.047E+00,-0.047E+00,-0.188E+00,+5.55E+00,+4.09E+00,-3.33E+00,-1.755E+00
2,16/2/2026,19:08:00.599,-0.047E+00,-0.047E+00,-0.047E+00,-0.188E+00,+5.55E+00,+3.20E+00,-3.17E+00,-1.770E+00
2,16/2/2026,19:08:00.599,-0.047E+00,-0.047E+00,-0.047E+00,-0.188E+00,+5.55E+00,+2.33E+00,-3.01E+00,-1.778E+00
2,16/2/2026,19:08:00.599,-0.047E+00,-0.047E+00,-0.047E+00,-0.188E+00,+5.55E+00,+1.45E+00,-2.84E+00,-1.785E+00
2,16/2/2026,19:08:00.599,-0.047E+00,-0.047E+00,+0.000E+00,-0.188E+00,+5.55E+00,+0.56E+00,-2.67E+00,-1.801E+00
2,16/2/2026,19:08:00.600,-0.047E+00,-0.047E+00,+0.000E+00,-0.188E+00,+5.54E+00,-0.31E+00,-2.52E+00,-1.808E+00
2,16/2/2026,19:08:00.600,-0.047E+00,-0.047E+00,-0.047E+00,-0.188E+00,+5.52E+00,-1.18E+00,-2.35E+00,-1.824E+00
2,16/2/2026,19:08:00.600,-0.047E+00,-0.047E+00,-0.047E+00,-0.188E+00,+5.51E+00,-2.06E+00,-2.18E+00,-1.831E+00
2,16/2/2026,19:08:00.600,-0.047E+00,-0.047E+00,-0.047E+00,-0.188E+00,+5.49E+00,-2.93E+00,-2.01E+00,-1.839E+00
2,16/2/2026,19:08:00.600,-0.047E+00,-0.047E+00,-0.047E+00,-0.188E+00,+5.46E+00,-3.80E+00,-1.85E+00,-1.846E+00
2,16/2/2026,19:08:00.600,-0.047E+00,-0.047E+00,+0.000E+00,-0.188E+00,+5.43E+00,-4.67E+00,-1.68E+00,-1.854E+00
2,16/2/2026,19:08:00.600,-0.047E+00,-0.047E+00,+0.000E+00,-0.188E+00,+5.40E+00,-5.54E+00,-1.53E+00,-1.862E+00
2,16/2/2026,19:08:00.600,-0.047E+00,-0.047E+00,-0.047E+00,-0.188E+00,+5.39E+00,-6.41E+00,-1.36E+00,-1.869E+00
2,16/2/2026,19:08:00.600,-0.047E+00,-0.047E+00,+0.000E+00,-0.188E+00,+5.34E+00,-7.28E+00,-1.19E+00,-1.877E+00
2,16/2/2026,19:08:00.600,-0.047E+00,-0.047E+00,+0.000E+00,-0.188E+00,+5.31E+00,-8.13E+00,-1.04E+00,-1.885E+00
2,16/2/2026,19:08:00.600,-0.047E+00,-0.047E+00,-0.047E+00,-0.188E+00,+5.28E+00,-8.99E+00,-0.85E+00,-1.885E+00
2,16/2/2026,19:08:00.600,+0.000E+00,-0.047E+00,-0.047E+00,-0.188E+00,+5.23E+00,-9.84E+00,-0.70E+00,-1.885E+00
2,16/2/2026,19:08:00.600,-0.047E+00,-0.047E+00,+0.000E+00,-0.188E+00,+5.19E+00,-10.70E+00,-0.53E+00,-1.892E+00
2,16/2/2026,19:08:00.600,-0.047E+00,-0.047E+00,-0.047E+00,-0.188E+00,+5.16E+00,-11.54E+00,-0.37E+00,-1.892E+00
2,16/2/2026,19:08:00.600,-0.047E+00,-0.047E+00,-0.047E+00,-0.188E+00,+5.11E+00,-12.38E+00,-0.20E+00,-1.892E+00
2,16/2/2026,19:08:00.600,-0.047E+00,-0.047E+00,+0.000E+00,-0.188E+00,+5.07E+00,-13.20E+00,-0.05E+00,-1.892E+00
2,16/2/2026,19:08:00.600,-0.047E+00,-0.047E+00,-0.047E+00,-0.188E+00,+5.02E+00,-14.04E+00,+0.12E+00,-1.892E+00
2,16/2/2026,19:08:00.600,-0.047E+00,-0.047E+00,-0.047E+00,-0.188E+00,+4.97E+00,-14.85E+00,+0.29E+00,-1.892E+00
2,16/2/2026,19:08:00.600,-0.047E+00,-0.047E+00,-0.047E+00,-0.188E+00,+4.93E+00,-15.67E+00,+0.46E+00,-1.892E+00
2,16/2/2026,19:08:00.600,-0.047E+00,-0.047E+00,-0.047E+00,-0.188E+00,+4.90E+00,-16.50E+00,+0.63E+00,-1.892E+00
2,16/2/2026,19:08:00.601,-0.047E+00,-0.047E+00,+0.000E+00,-0.188E+00,+4.84E+00,-17.29E+00,+0.79E+00,-1.892E+00
2,16/2/2026,19:08:00.601,-0.047E+00,-0.047E+00,+0.000E+00,-0.188E+00,+4.79E+00,-18.10E+00,+0.96E+00,-1.892E+00
2,16/2/2026,19:08:00.601,-0.047E+00,-0.047E+00,-0.047E+00,-0.188E+00,+4.75E+00,-18.89E+00,+1.11E+00,-1.892E+00
2,16/2/2026,19:08:00.601,-0.047E+00,-0.047E+00,+0.000E+00,-0.188E+00,+4.70E+00,-19.70E+00,+1.28E+00,-1.892E+00
2,16/2/2026,19:08:00.601,-0.047E+00,+0.000E+00,+0.000E+00,-0.188E+00,+4.67E+00,-20.48E+00,+1.45E+00,-1.892E+00
2,16/2/2026,19:08:00.601,-0.047E+00,-0.047E+00,-0.047E+00,-0.188E+00,+4.62E+00,-21.27E+00,+1.60E+00,-1.892E+00
2,16/2/2026,19:08:00.601,-0.047E+00,-0.047E+00,-0.047E+00,-0.188E+00,+4.58E+00,-22.07E+00,+1.75E+00,-1.885E+00
2,16/2/2026,19:08:00.601,+0.000E+00,-0.047E+00,+0.000E+00,-0.188E+00,+4.53E+00,-22.84E+00,+1.92E+00,-1.885E+00
2,16/2/2026,19:08:00.601,+0.000E+00,-0.047E+00,-0.047E+00,-0.188E+00,+4.49E+00,-23.61E+00,+2.09E+00,-1.885E+00
2,16/2/2026,19:08:00.601,-0.047E+00,-0.047E+00,+0.000E+00,-0.188E+00,+4.44E+00,-24.39E+00,+2.24E+00,-1.885E+00
2,16/2/2026,19:08:00.601,-0.047E+00,-0.047E+00,+0.000E+00,-0.188E+00,+4.38E+00,-25.15E+00,+2.40E+00,-1.885E+00
2,16/2/2026,19:08:00.601,-0.047E+00,-0.047E+00,-0.047E+00,-0.188E+00,+4.33E+00,-25.91E+00,+2.55E+00,-1.877E+00
2,16/2/2026,19:08:00.601,-0.047E+00,+0.000E+00,-0.047E+00,-0.188E+00,+4.29E+00,-26.67E+00,+2.69E+00,-1.877E+00
2,16/2/2026,19:08:00.601,-0.047E+00,-0.047E+00,-0.047E+00,-0.188E+00,+4.23E+00,-27.42E+00,+2.84E+00,-1.877E+00
2,16/2/2026,19:08:00.601,-0.047E+00,-0.047E+00,-0.047E+00,-0.188E+00,+4.18E+00,-28.17E+00,+2.99E+00,-1.869E+00
2,16/2/2026,19:08:00.601,+0.000E+00,-0.047E+00,-0.047E+00,-0.188E+00,+4.14E+00,-28.92E+00,+3.14E+00,-1.869E+00
2,16/2/2026,19:08:00.601,-0.047E+00,-0.047E+00,+0.000E+00,-0.188E+00,+4.09E+00,-29.65E+00,+3.30E+00,-1.869E+00
2,16/2/2026,19:08:00.601,-0.047E+00,-0.047E+00,+0.000E+00,-0.188E+00,+4.03E+00,-30.37E+00,+3.45E+00,-1.862E+00
2,16/2/2026,19:08:00.601,+0.000E+00,-0.047E+00,+0.000E+00,-0.188E+00,+3.97E+00,-31.10E+00,+3.59E+00,-1.862E+00
2,16/2/2026,19:08:00.601,-0.047E+00,+0.000E+00,-0.047E+00,-0.188E+00,+3.92E+00,-31.83E+00,+3.72E+00,-1.854E+00
2,16/2/2026,19:08:00.602,-0.047E+00,-0.047E+00,-0.047E+00,-0.188E+00,+3.86E+00,-32.53E+00,+3.88E+00,-1.854E+00
2,16/2/2026,19:08:00.602,-0.047E+00,-0.047E+00,+0.000E+00,-0.188E+00,+3.80E+00,-33.25E+00,+4.03E+00,-1.846E+00
2,16/2/2026,19:08:00.602,-0.047E+00,-0.047E+00,+0.000E+00,-0.188E+00,+3.74E+00,-33.95E+00,+4.18E+00,-1.846E+00
2,16/2/2026,19:08:00.602,-0.094E+00,-0.047E+00,+0.000E+00,-0.188E+00,+3.68E+00,-34.66E+00,+4.32E+00,-1.839E+00
2,16/2/2026,19:08:00.602,-0.047E+00,-0.047E+00,-0.047E+00,-0.188E+00,+3.62E+00,-35.34E+00,+4.46E+00,-1.839E+00
2,16/2/2026,19:08:00.602,-0.047E+00,-0.047E+00,-0.047E+00,-0.188E+00,+3.56E+00,-36.03E+00,+4.59E+00,-1.831E+00
2,16/2/2026,19:08:00.602,-0.047E+00,-0.047E+00,-0.047E+00,-0.188E+00,+3.49E+00,-36.72E+00,+4.75E+00,-1.831E+00
2,16/2/2026,19:08:00.602,+0.000E+00,-0.047E+00,-0.047E+00,-0.188E+00,+3.43E+00,-37.39E+00,+4.88E+00,-1.824E+00
2,16/2/2026,19:08:00.602,+0.000E+00,-0.047E+00,-0.047E+00,-0.188E+00,+3.36E+00,-38.06E+00,+5.02E+00,-1.816E+00
2,16/2/2026,19:08:00.602,-0.047E+00,-0.047E+00,+0.000E+00,-0.188E+00,+3.28E+00,-38.73E+00,+5.16E+00,-1.808E+00
2,16/2/2026,19:08:00.602,-0.047E+00,-0.047E+00,+0.000E+00,-0.188E+00,+3.22E+00,-39.39E+00,+5.31E+00,-1.808E+00
2,16/2/2026,19:08:00.602,-0.047E+00,-0.047E+00,-0.047E+00,-0.188E+00,+3.14E+00,-40.04E+00,+5.45E+00,-1.801E+00
2,16/2/2026,19:08:00.602,-0.047E+00,-0.047E+00,-0.047E+00,-0.188E+00,+3.08E+00,-40.68E+00,+5.59E+00,-1.793E+00
2,16/2/2026,19:08:00.602,-0.047E+00,-0.047E+00,-0.047E+00,-0.188E+00,+3.01E+00,-41.32E+00,+5.72E+00,-1.785E+00
2,16/2/2026,19:08:00.602,-0.047E+00,-0.047E+00,-0.047E+00,-0.188E+00,+2.93E+00,-41.97E+00,+5.86E+00,-1.778E+00
2,16/2/2026,19:08:00.602,-0.047E+00,-0.047E+00,-0.047E+00,-0.188E+00,+2.87E+00,-42.58E+00,+6.00E+00,-1.770E+00
2,16/2/2026,19:08:00.602,+0.000E+00,-0.047E+00,+0.000E+00,-0.188E+00,+2.79E+00,-43.19E+00,+6.12E+00,-1.755E+00
2,16/2/2026,19:08:00.602,-0.047E+00,-0.047E+00,+0.000E+00,-0.188E+00,+2.72E+00,-43.80E+00,+6.24E+00,-1.747E+00
2,16/2/2026,19:08:00.602,-0.047E+00,-0.047E+00,-0.047E+00,-0.188E+00,+2.64E+00,-44.36E+00,+6.36E+00,-1.732E+00
2,16/2/2026,19:08:00.602,-0.047E+00,-0.047E+00,-0.047E+00,-0.188E+00,+2.56E+00,-44.93E+00,+6.49E+00,-1.709E+00
2,16/2/2026,19:08:00.603,-0.047E+00,-0.047E+00,-0.047E+00,-0.188E+00,+2.49E+00,-45.48E+00,+6.61E+00,-1.686E+00
2,16/2/2026,19:08:00.603,-0.047E+00,-0.047E+00,-0.047E+00,-0.188E+00,+2.41E+00,-46.01E+00,+6.71E+00,-1.671E+00
2,16/2/2026,19:08:00.603,-0.047E+00,-0.047E+00,+0.000E+00,-0.188E+00,+2.32E+00,-46.54E+00,+6.84E+00,-1.656E+00
2,16/2/2026,19:08:00.603,-0.047E+00,-0.047E+00,+0.000E+00,-0.188E+00,+2.24E+00,-47.05E+00,+6.94E+00,-1.633E+00
2,16/2/2026,19:08:00.603,-0.047E+00,-0.047E+00,+0.000E+00,-0.188E+00,+2.17E+00,-47.55E+00,+7.05E+00,-1.610E+00
2,16/2/2026,19:08:00.603,-0.047E+00,-0.047E+00,-0.047E+00,-0.188E+00,+2.08E+00,-48.05E+00,+7.16E+00,-1.595E+00
2,16/2/2026,19:08:00.603,-0.047E+00,-0.047E+00,+0.000E+00,-0.188E+00,+1.98E+00,-48.53E+00,+7.26E+00,-1.572E+00
2,16/2/2026,19:08:00.603,-0.047E+00,-0.047E+00,+0.000E+00,-0.188E+00,+1.89E+00,-49.00E+00,+7.36E+00,-1.557E+00
2,16/2/2026,19:08:00.603,+0.000E+00,-0.047E+00,-0.047E+00,-0.188E+00,+1.82E+00,-49.44E+00,+7.45E+00,-1.534E+00
2,16/2/2026,19:08:00.603,+0.000E+00,-0.047E+00,-0.047E+00,-0.188E+00,+1.71E+00,-49.87E+00,+7.54E+00,-1.511E+00
2,16/2/2026,19:08:00.603,-0.047E+00,-0.047E+00,-0.047E+00,-0.188E+00,+1.62E+00,-50.30E+00,+7.63E+00,-1.480E+00
2,16/2/2026,19:08:00.603,-0.047E+00,-0.047E+00,-0.047E+00,-0.188E+00,+1.54E+00,-50.69E+00,+7.72E+00,-1.457E+00
2,16/2/2026,19:08:00.603,-0.047E+00,-0.047E+00,+0.000E+00,-0.188E+00,+1.45E+00,-51.08E+00,+7.81E+00,-1.427E+00
2,16/2/2026,19:08:00.603,-0.047E+00,-0.047E+00,+0.000E+00,-0.188E+00,+1.36E+00,-51.46E+00,+7.89E+00,-1.404E+00
2,16/2/2026,19:08:00.603,-0.047E+00,-0.047E+00,-0.047E+00,-0.188E+00,+1.27E+00,-51.81E+00,+7.98E+00,-1.373E+00
2,16/2/2026,19:08:00.603,-0.047E+00,-0.047E+00,+0.000E+00,-0.188E+00,+1.18E+00,-52.14E+00,+8.07E+00,-1.351E+00
2,16/2/2026,19:08:00.603,-0.047E+00,-0.047E+00,-0.047E+00,-0.188E+00,+1.08E+00,-52.48E+00,+8.15E+00,-1.320E+00
2,16/2/2026,19:08:00.603,-0.047E+00,-0.047E+00,-0.047E+00,-0.188E+00,+0.99E+00,-52.80E+00,+8.23E+00,-1.297E+00
2,16/2/2026,19:08:00.603,-0.047E+00,-0.047E+00,-0.047E+00,-0.188E+00,+0.90E+00,-53.09E+00,+8.30E+00,-1.267E+00
2,16/2/2026,19:08:00.603,-0.047E+00,-0.047E+00,-0.047E+00,-0.188E+00,+0.81E+00,-53.38E+00,+8.39E+00,-1.244E+00
2,16/2/2026,19:08:00.604,-0.047E+00,-0.047E+00,-0.047E+00,-0.188E+00,+0.72E+00,-53.65E+00,+8.45E+00,-1.221E+00
2,16/2/2026,19:08:00.604,+0.000E+00,-0.047E+00,-0.047E+00,-0.188E+00,+0.61E+00,-53.91E+00,+8.53E+00,-1.190E+00
2,16/2/2026,19:08:00.604,-0.047E+00,-0.047E+00,+0.000E+00,-0.188E+00,+0.52E+00,-54.16E+00,+8.61E+00,-1.167E+00
2,16/2/2026,19:08:00.604,-0.047E+00,-0.047E+00,+0.000E+00,-0.188E+00,+0.43E+00,-54.40E+00,+8.67E+00,-1.137E+00
2,16/2/2026,19:08:00.604,-0.047E+00,-0.047E+00,-0.047E+00,-0.188E+00,+0.34E+00,-54.62E+00,+8.73E+00,-1.114E+00
2,16/2/2026,19:08:00.604,-0.047E+00,-0.047E+00,+0.000E+00,-0.188E+00,+0.24E+00,-54.83E+00,+8.79E+00,-1.091E+00
2,16/2/2026,19:08:00.604,-0.047E+00,-0.047E+00,+0.000E+00,-0.188E+00,+0.15E+00,-55.03E+00,+8.85E+00,-1.068E+00
2,16/2/2026,19:08:00.604,-0.047E+00,-0.047E+00,-0.047E+00,-0.188E+00,+0.06E+00,-55.21E+00,+8.90E+00,-1.038E+00
2,16/2/2026,19:08:00.604,-0.047E+00,-0.047E+00,-0.047E+00,-0.235E+00,-0.03E+00,-55.38E+00,+8.96E+00,-1.015E+00
2,16/2/2026,19:08:00.604,-0.047E+00,-0.047E+00,-0.047E+00,-0.235E+00,-0.12E+00,-55.53E+00,+9.02E+00,-0.984E+00
2,16/2/2026,19:08:00.604,-0.047E+00,-0.047E+00,-0.047E+00,-0.188E+00,-0.21E+00,-55.70E+00,+9.06E+00,-0.961E+00
2,16/2/2026,19:08:00.604,-0.047E+00,-0.047E+00,-0.047E+00,-0.188E+00,-0.31E+00,-55.82E+00,+9.11E+00,-0.939E+00
2,16/2/2026,19:08:00.604,+0.000E+00,-0.047E+00,-0.047E+00,-0.188E+00,-0.40E+00,-55.94E+00,+9.16E+00,-0.916E+00
2,16/2/2026,19:08:00.604,+0.000E+00,-0.047E+00,+0.000E+00,-0.188E+00,-0.49E+00,-56.05E+00,+9.20E+00,-0.885E+00
2,16/2/2026,19:08:00.604,-0.047E+00,-0.047E+00,+0.000E+00,-0.188E+00,-0.58E+00,-56.16E+00,+9.26E+00,-0.862E+00
2,16/2/2026,19:08:00.604,-0.047E+00,-0.047E+00,-0.047E+00,-0.188E+00,-0.67E+00,-56.23E+00,+9.29E+00,-0.839E+00
2,16/2/2026,19:08:00.604,-0.047E+00,-0.047E+00,-0.047E+00,-0.188E+00,-0.76E+00,-56.31E+00,+9.34E+00,-0.809E+00
2,16/2/2026,19:08:00.604,-0.047E+00,-0.047E+00,-0.047E+00,-0.188E+00,-0.85E+00,-56.37E+00,+9.39E+00,-0.778E+00
2,16/2/2026,19:08:00.604,-0.047E+00,-0.047E+00,-0.047E+00,-0.188E+00,-0.95E+00,-56.42E+00,+9.42E+00,-0.755E+00
2,16/2/2026,19:08:00.604,-0.047E+00,-0.047E+00,-0.047E+00,-0.188E+00,-1.04E+00,-56.45E+00,+9.46E+00,-0.732E+00
2,16/2/2026,19:08:00.605,-0.047E+00,-0.047E+00,-0.047E+00,-0.188E+00,-1.13E+00,-56.48E+00,+9.49E+00,-0.702E+00
2,16/2/2026,19:08:00.605,-0.047E+00,-0.047E+00,-0.047E+00,-0.188E+00,-1.21E+00,-56.48E+00,+9.52E+00,-0.671E+00
2,16/2/2026,19:08:00.605,+0.000E+00,-0.047E+00,+0.000E+00,-0.188E+00,-1.30E+00,-56.45E+00,+9.57E+00,-0.649E+00
2,16/2/2026,19:08:00.605,-0.047E+00,-0.047E+00,-0.047E+00,-0.188E+00,-1.39E+00,-56.43E+00,+9.58E+00,-0.618E+00
2,16/2/2026,19:08:00.605,-0.047E+00,-0.047E+00,-0.047E+00,-0.188E+00,-1.48E+00,-56.40E+00,+9.61E+00,-0.588E+00
2,16/2/2026,19:08:00.605,-0.047E+00,-0.047E+00,-0.047E+00,-0.188E+00,-1.57E+00,-56.34E+00,+9.64E+00,-0.557E+00
2,16/2/2026,19:08:00.605,-0.047E+00,-0.047E+00,-0.047E+00,-0.188E+00,-1.65E+00,-56.28E+00,+9.67E+00,-0.534E+00
2,16/2/2026,19:08:00.605,-0.047E+00,-0.047E+00,+0.000E+00,-0.188E+00,-1.74E+00,-56.20E+00,+9.69E+00,-0.504E+00
2,16/2/2026,19:08:00.605,-0.047E+00,-0.047E+00,+0.000E+00,-0.188E+00,-1.85E+00,-56.13E+00,+9.72E+00,-0.481E+00
2,16/2/2026,19:08:00.605,-0.047E+00,-0.047E+00,-0.047E+00,-0.188E+00,-1.92E+00,-56.02E+00,+9.74E+00,-0.450E+00
2,16/2/2026,19:08:00.605,-0.047E+00,-0.047E+00,-0.047E+00,-0.188E+00,-2.01E+00,-55.91E+00,+9.77E+00,-0.420E+00
2,16/2/2026,19:08:00.605,+0.000E+00,-0.047E+00,-0.047E+00,-0.188E+00,-2.11E+00,-55.78E+00,+9.78E+00,-0.389E+00
2,16/2/2026,19:08:00.605,-0.047E+00,-0.047E+00,-0.047E+00,-0.188E+00,-2.20E+00,-55.62E+00,+9.80E+00,-0.359E+00
2,16/2/2026,19:08:00.605,-0.047E+00,-0.047E+00,-0.047E+00,-0.188E+00,-2.29E+00,-55.49E+00,+9.81E+00,-0.336E+00
2,16/2/2026,19:08:00.605,-0.047E+00,-0.047E+00,-0.047E+00,-0.188E+00,-2.38E+00,-55.30E+00,+9.83E+00,-0.305E+00
2,16/2/2026,19:08:00.605,-0.047E+00,-0.047E+00,+0.000E+00,-0.188E+00,-2.47E+00,-55.12E+00,+9.84E+00,-0.275E+00
2,16/2/2026,19:08:00.605,-0.047E+00,-0.047E+00,-0.047E+00,-0.188E+00,-2.58E+00,-54.92E+00,+9.86E+00,-0.244E+00
2,16/2/2026,19:08:00.605,-0.047E+00,-0.047E+00,-0.047E+00,-0.188E+00,-2.66E+00,-54.71E+00,+9.87E+00,-0.214E+00
2,16/2/2026,19:08:00.605,-0.047E+00,-0.047E+00,+0.000E+00,-0.188E+00,-2.75E+00,-54.48E+00,+9.87E+00,-0.183E+00
2,16/2/2026,19:08:00.605,-0.047E+00,-0.047E+00,-0.047E+00,-0.188E+00,-2.85E+00,-54.25E+00,+9.89E+00,-0.153E+00
2,16/2/2026,19:08:00.606,-0.047E+00,-0.047E+00,-0.047E+00,-0.188E+00,-2.95E+00,-53.99E+00,+9.90E+00,-0.122E+00
2,16/2/2026,19:08:00.606,+0.000E+00,-0.047E+00,+0.000E+00,-0.188E+00,-3.02E+00,-53.73E+00,+9.90E+00,-0.092E+00
2,16/2/2026,19:08:00.606,-0.047E+00,-0.047E+00,+0.000E+00,-0.235E+00,-3.11E+00,-53.47E+00,+9.90E+00,-0.069E+00
2,16/2/2026,19:08:00.606,-0.047E+00,-0.047E+00,-0.047E+00,-0.188E+00,-3.20E+00,-53.18E+00,+9.89E+00,-0.038E+00
2,16/2/2026,19:08:00.606,-0.047E+00,-0.047E+00,-0.047E+00,-0.188E+00,-3.28E+00,-52.88E+00,+9.89E+00,-0.008E+00
2,16/2/2026,19:08:00.606,-0.047E+00,-0.047E+00,-0.047E+00,-0.188E+00,-3.36E+00,-52.56E+00,+9.87E+00,+0.023E+00
2,16/2/2026,19:08:00.606,-0.047E+00,-0.047E+00,+0.000E+00,-0.188E+00,-3.45E+00,-52.22E+00,+9.86E+00,+0.053E+00
2,16/2/2026,19:08:00.606,-0.047E+00,-0.047E+00,+0.000E+00,-0.188E+00,-3.53E+00,-51.88E+00,+9.83E+00,+0.084E+00
2,16/2/2026,19:08:00.606,-0.047E+00,-0.047E+00,-0.047E+00,-0.188E+00,-3.60E+00,-51.53E+00,+9.77E+00,+0.114E+00
2,16/2/2026,19:08:00.606,-0.047E+00,-0.047E+00,-0.047E+00,-0.188E+00,-3.68E+00,-51.17E+00,+9.72E+00,+0.145E+00
2,16/2/2026,19:08:00.606,-0.047E+00,-0.047E+00,-0.047E+00,-0.188E+00,-3.74E+00,-50.79E+00,+9.67E+00,+0.183E+00
2,16/2/2026,19:08:00.606,-0.047E+00,-0.047E+00,-0.047E+00,-0.188E+00,-3.82E+00,-50.39E+00,+9.61E+00,+0.206E+00
2,16/2/2026,19:08:00.606,-0.047E+00,-0.047E+00,-0.047E+00,-0.188E+00,-3.89E+00,-49.99E+00,+9.57E+00,+0.244E+00
2,16/2/2026,19:08:00.606,-0.047E+00,-0.047E+00,-0.047E+00,-0.188E+00,-3.97E+00,-49.58E+00,+9.51E+00,+0.275E+00
2,16/2/2026,19:08:00.606,-0.047E+00,-0.047E+00,+0.000E+00,-0.188E+00,-4.03E+00,-49.15E+00,+9.43E+00,+0.305E+00
2,16/2/2026,19:08:00.606,-0.047E+00,-0.047E+00,+0.000E+00,-0.188E+00,-4.09E+00,-48.71E+00,+9.37E+00,+0.336E+00
2,16/2/2026,19:08:00.606,-0.047E+00,-0.047E+00,-0.047E+00,-0.188E+00,-4.17E+00,-48.27E+00,+9.31E+00,+0.366E+00
2,16/2/2026,19:08:00.606,-0.047E+00,-0.047E+00,+0.000E+00,-0.188E+00,-4.23E+00,-47.81E+00,+9.25E+00,+0.397E+00
2,16/2/2026,19:08:00.606,-0.047E+00,-0.047E+00,+0.000E+00,-0.188E+00,-4.29E+00,-47.34E+00,+9.17E+00,+0.420E+00
2,16/2/2026,19:08:00.606,-0.047E+00,-0.047E+00,-0.047E+00,-0.188E+00,-4.35E+00,-46.85E+00,+9.10E+00,+0.450E+00
2,16/2/2026,19:08:00.607,-0.047E+00,-0.047E+00,-0.047E+00,-0.188E+00,-4.39E+00,-46.35E+00,+9.02E+00,+0.488E+00
2,16/2/2026,19:08:00.607,-0.047E+00,-0.047E+00,+0.000E+00,-0.188E+00,-4.46E+00,-45.83E+00,+8.94E+00,+0.519E+00
2,16/2/2026,19:08:00.607,-0.047E+00,-0.047E+00,-0.047E+00,-0.188E+00,-4.50E+00,-45.31E+00,+8.87E+00,+0.549E+00
2,16/2/2026,19:08:00.607,-0.047E+00,-0.047E+00,-0.047E+00,-0.188E+00,-4.55E+00,-44.77E+00,+8.77E+00,+0.580E+00
2,16/2/2026,19:08:00.607,-0.047E+00,-0.047E+00,-0.047E+00,-0.188E+00,-4.59E+00,-44.22E+00,+8.68E+00,+0.610E+00
2,16/2/2026,19:08:00.607,-0.047E+00,-0.047E+00,-0.047E+00,-0.188E+00,-4.65E+00,-43.67E+00,+8.58E+00,+0.641E+00
2,16/2/2026,19:08:00.607,-0.047E+00,-0.047E+00,-0.047E+00,-0.188E+00,-4.70E+00,-43.09E+00,+8.47E+00,+0.671E+00
2,16/2/2026,19:08:00.607,-0.047E+00,-0.047E+00,-0.047E+00,-0.188E+00,-4.75E+00,-42.51E+00,+8.38E+00,+0.702E+00
2,16/2/2026,19:08:00.607,-0.047E+00,-0.047E+00,+0.000E+00,-0.188E+00,-4.79E+00,-41.92E+00,+8.27E+00,+0.732E+00
2,16/2/2026,19:08:00.607,-0.047E+00,-0.047E+00,-0.047E+00,-0.188E+00,-4.84E+00,-41.32E+00,+8.18E+00,+0.763E+00
2,16/2/2026,19:08:00.607,-0.047E+00,-0.047E+00,-0.047E+00,-0.188E+00,-4.88E+00,-40.71E+00,+8.07E+00,+0.794E+00
2,16/2/2026,19:08:00.607,-0.047E+00,-0.047E+00,-0.047E+00,-0.188E+00,-4.94E+00,-40.09E+00,+7.98E+00,+0.824E+00
2,16/2/2026,19:08:00.607,-0.047E+00,-0.047E+00,+0.000E+00,-0.188E+00,-4.99E+00,-39.45E+00,+7.87E+00,+0.855E+00
2,16/2/2026,19:08:00.607,-0.047E+00,-0.047E+00,-0.047E+00,-0.188E+00,-5.04E+00,-38.81E+00,+7.78E+00,+0.885E+00
2,16/2/2026,19:08:00.607,-0.047E+00,-0.047E+00,-0.047E+00,-0.188E+00,-5.08E+00,-38.15E+00,+7.68E+00,+0.916E+00
2,16/2/2026,19:08:00.607,-0.047E+00,-0.047E+00,+0.000E+00,-0.188E+00,-5.13E+00,-37.49E+00,+7.57E+00,+0.939E+00
2,16/2/2026,19:08:00.607,-0.047E+00,-0.047E+00,-0.047E+00,-0.188E+00,-5.17E+00,-36.81E+00,+7.48E+00,+0.961E+00
2,16/2/2026,19:08:00.607,-0.047E+00,-0.047E+00,-0.047E+00,-0.188E+00,-5.23E+00,-36.14E+00,+7.36E+00,+0.992E+00
2,16/2/2026,19:08:00.607,-0.047E+00,-0.047E+00,-0.047E+00,-0.188E+00,-5.28E+00,-35.45E+00,+7.26E+00,+1.022E+00
2,16/2/2026,19:08:00.607,-0.047E+00,-0.047E+00,+0.000E+00,-0.188E+00,-5.33E+00,-34.75E+00,+7.14E+00,+1.053E+00
2,16/2/2026,19:08:00.608,+0.000E+00,-0.047E+00,+0.000E+00,-0.188E+00,-5.37E+00,-34.03E+00,+7.03E+00,+1.076E+00
2,16/2/2026,19:08:00.608,-0.047E+00,-0.047E+00,+0.000E+00,-0.188E+00,-5.42E+00,-33.31E+00,+6.93E+00,+1.106E+00
2,16/2/2026,19:08:00.608,-0.047E+00,-0.047E+00,-0.047E+00,-0.188E+00,-5.46E+00,-32.60E+00,+6.81E+00,+1.129E+00
2,16/2/2026,19:08:00.608,-0.047E+00,+0.000E+00,-0.047E+00,-0.188E+00,-5.51E+00,-31.86E+00,+6.68E+00,+1.160E+00
2,16/2/2026,19:08:00.608,-0.047E+00,-0.047E+00,-0.047E+00,-0.188E+00,-5.55E+00,-31.12E+00,+6.58E+00,+1.183E+00
2,16/2/2026,19:08:00.608,-0.047E+00,-0.047E+00,-0.047E+00,-0.188E+00,-5.60E+00,-30.38E+00,+6.46E+00,+1.206E+00
2,16/2/2026,19:08:00.608,-0.047E+00,-0.047E+00,-0.047E+00,-0.188E+00,-5.63E+00,-29.62E+00,+6.35E+00,+1.228E+00
2,16/2/2026,19:08:00.608,-0.047E+00,-0.047E+00,-0.047E+00,-0.188E+00,-5.68E+00,-28.86E+00,+6.23E+00,+1.259E+00
2,16/2/2026,19:08:00.608,-0.047E+00,-0.047E+00,-0.047E+00,-0.188E+00,-5.72E+00,-28.09E+00,+6.10E+00,+1.282E+00
2,16/2/2026,19:08:00.608,+0.000E+00,-0.047E+00,-0.047E+00,-0.188E+00,-5.75E+00,-27.33E+00,+5.97E+00,+1.305E+00
2,16/2/2026,19:08:00.608,-0.047E+00,-0.047E+00,+0.000E+00,-0.188E+00,-5.80E+00,-26.54E+00,+5.84E+00,+1.328E+00
2,16/2/2026,19:08:00.608,-0.047E+00,-0.047E+00,-0.047E+00,-0.188E+00,-5.83E+00,-25.76E+00,+5.72E+00,+1.351E+00
2,16/2/2026,19:08:00.608,-0.047E+00,-0.047E+00,-0.047E+00,-0.188E+00,-5.88E+00,-24.95E+00,+5.60E+00,+1.373E+00
2,16/2/2026,19:08:00.608,-0.047E+00,-0.047E+00,-0.047E+00,-0.188E+00,-5.92E+00,-24.14E+00,+5.46E+00,+1.396E+00
2,16/2/2026,19:08:00.608,-0.047E+00,-0.047E+00,-0.047E+00,-0.188E+00,-5.95E+00,-23.35E+00,+5.34E+00,+1.419E+00
2,16/2/2026,19:08:00.608,-0.047E+00,-0.047E+00,-0.047E+00,-0.188E+00,-5.98E+00,-22.54E+00,+5.20E+00,+1.442E+00
2,16/2/2026,19:08:00.608,-0.047E+00,-0.047E+00,-0.047E+00,-0.188E+00,-6.03E+00,-21.72E+00,+5.05E+00,+1.465E+00
2,16/2/2026,19:08:00.608,-0.047E+00,-0.047E+00,+0.000E+00,-0.188E+00,-6.06E+00,-20.91E+00,+4.93E+00,+1.488E+00
2,16/2/2026,19:08:00.608,-0.047E+00,-0.047E+00,-0.047E+00,-0.188E+00,-6.10E+00,-20.08E+00,+4.81E+00,+1.503E+00
2,16/2/2026,19:08:00.608,-0.047E+00,-0.047E+00,-0.047E+00,-0.188E+00,-6.13E+00,-19.24E+00,+4.65E+00,+1.526E+00
2,16/2/2026,19:08:00.609,-0.047E+00,-0.047E+00,+0.000E+00,-0.188E+00,-6.17E+00,-18.40E+00,+4.52E+00,+1.549E+00
2,16/2/2026,19:08:00.609,-0.047E+00,-0.047E+00,+0.000E+00,-0.235E+00,-6.21E+00,-17.56E+00,+4.38E+00,+1.572E+00
2,16/2/2026,19:08:00.609,-0.047E+00,-0.047E+00,+0.000E+00,-0.188E+00,-6.24E+00,-16.73E+00,+4.24E+00,+1.595E+00
2,16/2/2026,19:08:00.609,-0.047E+00,-0.047E+00,+0.000E+00,-0.188E+00,-6.27E+00,-15.87E+00,+4.09E+00,+1.618E+00
2,16/2/2026,19:08:00.609,+0.000E+00,-0.047E+00,-0.047E+00,-0.188E+00,-6.32E+00,-15.02E+00,+3.94E+00,+1.633E+00
2,16/2/2026,19:08:00.609,-0.047E+00,-0.047E+00,-0.047E+00,-0.188E+00,-6.35E+00,-14.15E+00,+3.80E+00,+1.656E+00
2,16/2/2026,19:08:00.609,-0.047E+00,-0.047E+00,+0.000E+00,-0.188E+00,-6.36E+00,-13.28E+00,+3.65E+00,+1.679E+00
2,16/2/2026,19:08:00.609,+0.000E+00,-0.047E+00,-0.047E+00,-0.188E+00,-6.39E+00,-12.41E+00,+3.49E+00,+1.702E+00
2,16/2/2026,19:08:00.609,+0.000E+00,+0.000E+00,-0.047E+00,-0.188E+00,-6.42E+00,-11.54E+00,+3.34E+00,+1.717E+00
2,16/2/2026,19:08:00.609,-0.047E+00,-0.047E+00,+0.000E+00,-0.188E+00,-6.44E+00,-10.65E+00,+3.20E+00,+1.732E+00
2,16/2/2026,19:08:00.609,-0.047E+00,-0.047E+00,-0.047E+00,-0.188E+00,-6.47E+00,-9.78E+00,+3.05E+00,+1.747E+00
2,16/2/2026,19:08:00.609,-0.047E+00,-0.047E+00,-0.047E+00,-0.188E+00,-6.49E+00,-8.91E+00,+2.90E+00,+1.770E+00
2,16/2/2026,19:08:00.609,-0.047E+00,-0.047E+00,+0.000E+00,-0.188E+00,-6.49E+00,-8.03E+00,+2.75E+00,+1.785E+00
2,16/2/2026,19:08:00.609,-0.047E+00,-0.047E+00,-0.047E+00,-0.188E+00,-6.50E+00,-7.16E+00,+2.59E+00,+1.793E+00
2,16/2/2026,19:08:00.609,-0.047E+00,-0.047E+00,-0.047E+00,-0.188E+00,-6.49E+00,-6.27E+00,+2.44E+00,+1.808E+00
2,16/2/2026,19:08:00.609,-0.047E+00,-0.047E+00,-0.047E+00,-0.235E+00,-6.49E+00,-5.39E+00,+2.29E+00,+1.824E+00
2,16/2/2026,19:08:00.609,-0.047E+00,-0.047E+00,-0.047E+00,-0.188E+00,-6.50E+00,-4.52E+00,+2.14E+00,+1.831E+00
2,16/2/2026,19:08:00.609,-0.047E+00,-0.047E+00,+0.000E+00,-0.188E+00,-6.49E+00,-3.63E+00,+1.97E+00,+1.846E+00
2,16/2/2026,19:08:00.609,-0.047E+00,-0.047E+00,-0.047E+00,-0.188E+00,-6.49E+00,-2.76E+00,+1.82E+00,+1.854E+00
2,16/2/2026,19:08:00.609,-0.047E+00,-0.047E+00,-0.047E+00,-0.188E+00,-6.47E+00,-1.88E+00,+1.65E+00,+1.869E+00
2,16/2/2026,19:08:00.610,-0.047E+00,-0.047E+00,-0.047E+00,-0.188E+00,-6.47E+00,-1.01E+00,+1.48E+00,+1.877E+00
2,16/2/2026,19:08:00.610,-0.047E+00,-0.047E+00,-0.047E+00,-0.188E+00,-6.46E+00,-0.14E+00,+1.33E+00,+1.885E+00
2,16/2/2026,19:08:00.610,-0.047E+00,+0.000E+00,-0.047E+00,-0.188E+00,-6.42E+00,+0.75E+00,+1.16E+00,+1.892E+00
2,16/2/2026,19:08:00.610,-0.047E+00,-0.047E+00,-0.047E+00,-0.188E+00,-6.41E+00,+1.63E+00,+0.99E+00,+1.900E+00
2,16/2/2026,19:08:00.610,-0.047E+00,-0.047E+00,+0.000E+00,-0.188E+00,-6.39E+00,+2.50E+00,+0.82E+00,+1.908E+00
2,16/2/2026,19:08:00.610,-0.047E+00,-0.047E+00,+0.000E+00,-0.188E+00,-6.36E+00,+3.37E+00,+0.66E+00,+1.915E+00
2,16/2/2026,19:08:00.610,-0.047E+00,+0.000E+00,+0.000E+00,-0.188E+00,-6.32E+00,+4.23E+00,+0.50E+00,+1.930E+00
2,16/2/2026,19:08:00.610,-0.047E+00,-0.047E+00,+0.000E+00,-0.188E+00,-6.29E+00,+5.10E+00,+0.34E+00,+1.938E+00
2,16/2/2026,19:08:00.610,-0.047E+00,-0.047E+00,-0.047E+00,-0.188E+00,-6.26E+00,+5.97E+00,+0.18E+00,+1.938E+00
2,16/2/2026,19:08:00.610,-0.047E+00,-0.047E+00,-0.047E+00,-0.188E+00,-6.23E+00,+6.82E+00,+0.02E+00,+1.938E+00
2,16/2/2026,19:08:00.610,-0.047E+00,-0.047E+00,-0.047E+00,-0.188E+00,-6.18E+00,+7.69E+00,-0.14E+00,+1.946E+00
2,16/2/2026,19:08:00.610,+0.000E+00,-0.047E+00,-0.047E+00,-0.188E+00,-6.13E+00,+8.53E+00,-0.29E+00,+1.953E+00
2,16/2/2026,19:08:00.610,+0.000E+00,-0.047E+00,+0.000E+00,-0.188E+00,-6.09E+00,+9.37E+00,-0.46E+00,+1.953E+00
2,16/2/2026,19:08:00.610,-0.047E+00,-0.047E+00,+0.000E+00,-0.188E+00,-6.04E+00,+10.21E+00,-0.63E+00,+1.953E+00
2,16/2/2026,19:08:00.610,-0.047E+00,-0.047E+00,-0.047E+00,-0.188E+00,-6.00E+00,+11.05E+00,-0.78E+00,+1.953E+00
2,16/2/2026,19:08:00.610,-0.047E+00,-0.047E+00,+0.000E+00,-0.188E+00,-5.95E+00,+11.89E+00,-0.95E+00,+1.953E+00
2,16/2/2026,19:08:00.610,-0.047E+00,-0.047E+00,-0.047E+00,-0.188E+00,-5.91E+00,+12.71E+00,-1.11E+00,+1.953E+00
2,16/2/2026,19:08:00.610,-0.047E+00,-0.047E+00,-0.047E+00,-0.188E+00,-5.88E+00,+13.54E+00,-1.28E+00,+1.953E+00
2,16/2/2026,19:08:00.610,-0.047E+00,-0.047E+00,+0.000E+00,-0.188E+00,-5.83E+00,+14.36E+00,-1.45E+00,+1.953E+00
2,16/2/2026,19:08:00.610,-0.047E+00,-0.047E+00,+0.000E+00,-0.188E+00,-5.78E+00,+15.17E+00,-1.62E+00,+1.953E+00
2,16/2/2026,19:08:00.611,-0.047E+00,-0.047E+00,-0.047E+00,-0.188E+00,-5.74E+00,+15.98E+00,-1.79E+00,+1.953E+00
2,16/2/2026,19:08:00.611,-0.047E+00,-0.047E+00,-0.047E+00,-0.188E+00,-5.69E+00,+16.79E+00,-1.94E+00,+1.953E+00
2,16/2/2026,19:08:00.611,-0.047E+00,-0.047E+00,-0.047E+00,-0.188E+00,-5.65E+00,+17.58E+00,-2.11E+00,+1.953E+00
2,16/2/2026,19:08:00.611,-0.047E+00,-0.047E+00,-0.047E+00,-0.188E+00,-5.60E+00,+18.37E+00,-2.27E+00,+1.953E+00
2,16/2/2026,19:08:00.611,-0.047E+00,-0.047E+00,-0.047E+00,-0.188E+00,-5.55E+00,+19.18E+00,-2.43E+00,+1.953E+00
2,16/2/2026,19:08:00.611,-0.047E+00,-0.047E+00,+0.000E+00,-0.188E+00,-5.49E+00,+19.96E+00,-2.58E+00,+1.953E+00
2,16/2/2026,19:08:00.611,-0.047E+00,-0.047E+00,+0.000E+00,-0.188E+00,-5.45E+00,+20.75E+00,-2.75E+00,+1.953E+00
2,16/2/2026,19:08:00.611,-0.047E+00,-0.047E+00,-0.047E+00,-0.188E+00,-5.40E+00,+21.53E+00,-2.90E+00,+1.953E+00
2,16/2/2026,19:08:00.611,-0.047E+00,-0.047E+00,-0.047E+00,-0.235E+00,-5.34E+00,+22.31E+00,-3.05E+00,+1.953E+00
2,16/2/2026,19:08:00.611,-0.047E+00,-0.047E+00,-0.047E+00,-0.188E+00,-5.30E+00,+23.07E+00,-3.22E+00,+1.946E+00
2,16/2/2026,19:08:00.611,+0.000E+00,-0.047E+00,-0.047E+00,-0.188E+00,-5.25E+00,+23.84E+00,-3.37E+00,+1.946E+00
2,16/2/2026,19:08:00.611,-0.047E+00,-0.047E+00,+0.000E+00,-0.188E+00,-5.20E+00,+24.60E+00,-3.53E+00,+1.946E+00
2,16/2/2026,19:08:00.611,-0.047E+00,-0.047E+00,+0.000E+00,-0.188E+00,-5.14E+00,+25.36E+00,-3.68E+00,+1.938E+00
2,16/2/2026,19:08:00.611,-0.047E+00,-0.047E+00,-0.047E+00,-0.188E+00,-5.10E+00,+26.13E+00,-3.83E+00,+1.938E+00
2,16/2/2026,19:08:00.611,-0.047E+00,-0.047E+00,+0.000E+00,-0.188E+00,-5.05E+00,+26.87E+00,-3.97E+00,+1.938E+00
2,16/2/2026,19:08:00.611,-0.047E+00,-0.047E+00,+0.000E+00,-0.188E+00,-4.99E+00,+27.61E+00,-4.12E+00,+1.930E+00
2,16/2/2026,19:08:00.611,-0.047E+00,-0.047E+00,+0.000E+00,-0.188E+00,-4.94E+00,+28.34E+00,-4.27E+00,+1.930E+00
2,16/2/2026,19:08:00.611,-0.047E+00,-0.047E+00,-0.047E+00,-0.188E+00,-4.88E+00,+29.07E+00,-4.43E+00,+1.923E+00
2,16/2/2026,19:08:00.611,-0.047E+00,-0.047E+00,-0.047E+00,-0.188E+00,-4.84E+00,+29.80E+00,-4.56E+00,+1.923E+00
2,16/2/2026,19:08:00.611,-0.047E+00,-0.047E+00,-0.047E+00,-0.235E+00,-4.78E+00,+30.52E+00,-4.72E+00,+1.915E+00
2,16/2/2026,19:08:00.612,-0.047E+00,-0.047E+00,+0.000E+00,-0.188E+00,-4.72E+00,+31.24E+00,-4.87E+00,+1.915E+00
2,16/2/2026,19:08:00.612,-0.047E+00,-0.047E+00,+0.000E+00,-0.188E+00,-4.65E+00,+31.95E+00,-5.01E+00,+1.908E+00
2,16/2/2026,19:08:00.612,-0.047E+00,-0.047E+00,-0.047E+00,-0.188E+00,-4.59E+00,+32.66E+00,-5.14E+00,+1.908E+00
2,16/2/2026,19:08:00.612,-0.047E+00,-0.047E+00,+0.000E+00,-0.188E+00,-4.52E+00,+33.36E+00,-5.30E+00,+1.900E+00
2,16/2/2026,19:08:00.612,-0.047E+00,-0.047E+00,+0.000E+00,-0.188E+00,-4.46E+00,+34.05E+00,-5.43E+00,+1.900E+00
2,16/2/2026,19:08:00.612,-0.047E+00,-0.047E+00,-0.047E+00,-0.188E+00,-4.39E+00,+34.73E+00,-5.57E+00,+1.892E+00
2,16/2/2026,19:08:00.612,-0.047E+00,-0.047E+00,-0.047E+00,-0.188E+00,-4.33E+00,+35.42E+00,-5.72E+00,+1.885E+00
2,16/2/2026,19:08:00.612,-0.047E+00,-0.047E+00,-0.047E+00,-0.188E+00,-4.27E+00,+36.09E+00,-5.86E+00,+1.885E+00
2,16/2/2026,19:08:00.612,-0.047E+00,-0.047E+00,+0.000E+00,-0.188E+00,-4.21E+00,+36.78E+00,-6.00E+00,+1.877E+00
2,16/2/2026,19:08:00.612,-0.047E+00,-0.047E+00,+0.000E+00,-0.188E+00,-4.14E+00,+37.43E+00,-6.13E+00,+1.877E+00
2,16/2/2026,19:08:00.612,-0.047E+00,-0.047E+00,+0.000E+00,-0.188E+00,-4.07E+00,+38.10E+00,-6.27E+00,+1.869E+00
2,16/2/2026,19:08:00.612,-0.047E+00,-0.047E+00,+0.000E+00,-0.188E+00,-4.00E+00,+38.75E+00,-6.41E+00,+1.862E+00
2,16/2/2026,19:08:00.612,+0.000E+00,-0.047E+00,-0.047E+00,-0.188E+00,-3.92E+00,+39.40E+00,-6.55E+00,+1.854E+00
2,16/2/2026,19:08:00.612,-0.047E+00,-0.047E+00,-0.047E+00,-0.188E+00,-3.85E+00,+40.04E+00,-6.70E+00,+1.846E+00
2,16/2/2026,19:08:00.612,-0.047E+00,-0.047E+00,-0.047E+00,-0.235E+00,-3.78E+00,+40.67E+00,-6.84E+00,+1.839E+00
2,16/2/2026,19:08:00.612,+0.000E+00,-0.047E+00,+0.000E+00,-0.188E+00,-3.71E+00,+41.29E+00,-6.96E+00,+1.831E+00
2,16/2/2026,19:08:00.612,-0.047E+00,-0.047E+00,+0.000E+00,-0.188E+00,-3.63E+00,+41.90E+00,-7.10E+00,+1.824E+00
2,16/2/2026,19:08:00.612,-0.047E+00,+0.000E+00,+0.000E+00,-0.188E+00,-3.56E+00,+42.50E+00,-7.22E+00,+1.808E+00
2,16/2/2026,19:08:00.612,-0.047E+00,-0.047E+00,+0.000E+00,-0.188E+00,-3.48E+00,+43.08E+00,-7.34E+00,+1.793E+00
2,16/2/2026,19:08:00.612,-0.047E+00,-0.047E+00,+0.000E+00,-0.188E+00,-3.40E+00,+43.64E+00,-7.46E+00,+1.770E+00
2,16/2/2026,19:08:00.613,-0.047E+00,-0.047E+00,+0.000E+00,-0.188E+00,-3.33E+00,+44.19E+00,-7.57E+00,+1.747E+00
2,16/2/2026,19:08:00.613,-0.047E+00,-0.047E+00,+0.000E+00,-0.188E+00,-3.25E+00,+44.73E+00,-7.69E+00,+1.724E+00
2,16/2/2026,19:08:00.613,-0.047E+00,-0.047E+00,+0.000E+00,-0.188E+00,-3.17E+00,+45.25E+00,-7.80E+00,+1.709E+00
2,16/2/2026,19:08:00.613,-0.047E+00,-0.047E+00,+0.000E+00,-0.188E+00,-3.10E+00,+45.77E+00,-7.90E+00,+1.694E+00
2,16/2/2026,19:08:00.613,-0.047E+00,-0.047E+00,-0.047E+00,-0.188E+00,-3.01E+00,+46.27E+00,-8.01E+00,+1.671E+00
2,16/2/2026,19:08:00.613,-0.047E+00,-0.047E+00,-0.047E+00,-0.188E+00,-2.91E+00,+46.76E+00,-8.10E+00,+1.656E+00
2,16/2/2026,19:08:00.613,-0.047E+00,-0.047E+00,-0.047E+00,-0.188E+00,-2.82E+00,+47.25E+00,-8.19E+00,+1.633E+00
2,16/2/2026,19:08:00.613,-0.047E+00,-0.047E+00,-0.047E+00,-0.188E+00,-2.73E+00,+47.70E+00,-8.30E+00,+1.610E+00
2,16/2/2026,19:08:00.613,-0.047E+00,-0.047E+00,+0.000E+00,-0.188E+00,-2.64E+00,+48.16E+00,-8.39E+00,+1.587E+00
2,16/2/2026,19:08:00.613,-0.047E+00,-0.047E+00,+0.000E+00,-0.188E+00,-2.55E+00,+48.59E+00,-8.50E+00,+1.564E+00
2,16/2/2026,19:08:00.613,+0.000E+00,-0.047E+00,-0.047E+00,-0.188E+00,-2.46E+00,+49.00E+00,-8.59E+00,+1.541E+00
2,16/2/2026,19:08:00.613,-0.047E+00,-0.047E+00,-0.047E+00,-0.188E+00,-2.35E+00,+49.41E+00,-8.67E+00,+1.511E+00
2,16/2/2026,19:08:00.613,-0.047E+00,-0.047E+00,-0.047E+00,-0.188E+00,-2.26E+00,+49.79E+00,-8.76E+00,+1.488E+00
2,16/2/2026,19:08:00.613,-0.047E+00,-0.047E+00,-0.047E+00,-0.188E+00,-2.18E+00,+50.16E+00,-8.84E+00,+1.465E+00
2,16/2/2026,19:08:00.613,-0.047E+00,-0.047E+00,-0.047E+00,-0.188E+00,-2.09E+00,+50.51E+00,-8.93E+00,+1.434E+00
2,16/2/2026,19:08:00.613,-0.047E+00,-0.047E+00,-0.047E+00,-0.188E+00,-2.00E+00,+50.85E+00,-9.02E+00,+1.404E+00
2,16/2/2026,19:08:00.613,-0.047E+00,-0.047E+00,+0.000E+00,-0.188E+00,-1.91E+00,+51.18E+00,-9.10E+00,+1.381E+00
2,16/2/2026,19:08:00.613,-0.047E+00,-0.047E+00,-0.047E+00,-0.188E+00,-1.82E+00,+51.49E+00,-9.17E+00,+1.358E+00
2,16/2/2026,19:08:00.613,-0.047E+00,-0.047E+00,-0.047E+00,-0.188E+00,-1.72E+00,+51.79E+00,-9.26E+00,+1.328E+00
2,16/2/2026,19:08:00.613,-0.047E+00,-0.047E+00,+0.000E+00,-0.188E+00,-1.63E+00,+52.07E+00,-9.32E+00,+1.297E+00
2,16/2/2026,19:08:00.614,-0.047E+00,-0.047E+00,+0.000E+00,-0.188E+00,-1.54E+00,+52.34E+00,-9.40E+00,+1.274E+00
2,16/2/2026,19:08:00.614,-0.047E+00,-0.047E+00,+0.000E+00,-0.188E+00,-1.45E+00,+52.60E+00,-9.48E+00,+1.244E+00
2,16/2/2026,19:08:00.614,-0.047E+00,-0.047E+00,+0.000E+00,-0.188E+00,-1.34E+00,+52.85E+00,-9.54E+00,+1.221E+00
2,16/2/2026,19:08:00.614,-0.047E+00,-0.047E+00,-0.047E+00,-0.188E+00,-1.25E+00,+53.07E+00,-9.60E+00,+1.198E+00
2,16/2/2026,19:08:00.614,-0.047E+00,-0.047E+00,-0.047E+00,-0.188E+00,-1.16E+00,+53.30E+00,-9.66E+00,+1.167E+00
2,16/2/2026,19:08:00.614,-0.047E+00,-0.047E+00,+0.000E+00,-0.188E+00,-1.07E+00,+53.52E+00,-9.72E+00,+1.145E+00
2,16/2/2026,19:08:00.614,-0.047E+00,+0.000E+00,+0.000E+00,-0.188E+00,-0.98E+00,+53.72E+00,-9.78E+00,+1.122E+00
2,16/2/2026,19:08:00.614,-0.047E+00,-0.047E+00,-0.047E+00,-0.188E+00,-0.87E+00,+53.88E+00,-9.84E+00,+1.091E+00
2,16/2/2026,19:08:00.614,-0.047E+00,-0.047E+00,-0.047E+00,-0.188E+00,-0.78E+00,+54.07E+00,-9.90E+00,+1.068E+00
2,16/2/2026,19:08:00.614,-0.047E+00,-0.047E+00,+0.000E+00,-0.188E+00,-0.69E+00,+54.22E+00,-9.96E+00,+1.038E+00
2,16/2/2026,19:08:00.614,-0.047E+00,-0.047E+00,-0.047E+00,-0.188E+00,-0.60E+00,+54.37E+00,-10.01E+00,+1.015E+00
2,16/2/2026,19:08:00.614,+0.000E+00,-0.047E+00,-0.047E+00,-0.188E+00,-0.50E+00,+54.49E+00,-10.06E+00,+0.992E+00
2,16/2/2026,19:08:00.614,-0.047E+00,-0.047E+00,-0.047E+00,-0.188E+00,-0.41E+00,+54.62E+00,-10.10E+00,+0.961E+00
2,16/2/2026,19:08:00.614,-0.047E+00,-0.047E+00,+0.000E+00,-0.188E+00,-0.31E+00,+54.72E+00,-10.15E+00,+0.939E+00
2,16/2/2026,19:08:00.614,+0.000E+00,-0.047E+00,-0.047E+00,-0.188E+00,-0.23E+00,+54.81E+00,-10.19E+00,+0.916E+00
2,16/2/2026,19:08:00.614,-0.047E+00,-0.047E+00,-0.047E+00,-0.188E+00,-0.14E+00,+54.89E+00,-10.22E+00,+0.885E+00
2,16/2/2026,19:08:00.614,-0.047E+00,-0.047E+00,-0.047E+00,-0.188E+00,-0.05E+00,+54.97E+00,-10.27E+00,+0.855E+00
2,16/2/2026,19:08:00.614,-0.047E+00,-0.047E+00,-0.047E+00,-0.188E+00,+0.05E+00,+55.01E+00,-10.32E+00,+0.832E+00
2,16/2/2026,19:08:00.614,+0.000E+00,-0.047E+00,-0.047E+00,-0.188E+00,+0.14E+00,+55.04E+00,-10.35E+00,+0.801E+00
2,16/2/2026,19:08:00.614,-0.047E+00,-0.047E+00,-0.047E+00,-0.188E+00,+0.23E+00,+55.07E+00,-10.39E+00,+0.778E+00
2,16/2/2026,19:08:00.615,-0.047E+00,-0.047E+00,-0.047E+00,-0.188E+00,+0.32E+00,+55.10E+00,-10.42E+00,+0.748E+00
2,16/2/2026,19:08:00.615,-0.047E+00,-0.047E+00,-0.047E+00,-0.188E+00,+0.41E+00,+55.10E+00,-10.45E+00,+0.725E+00
2,16/2/2026,19:08:00.615,-0.047E+00,-0.047E+00,-0.047E+00,-0.188E+00,+0.49E+00,+55.09E+00,-10.48E+00,+0.694E+00
2,16/2/2026,19:08:00.615,-0.047E+00,-0.047E+00,+0.000E+00,-0.188E+00,+0.58E+00,+55.07E+00,-10.51E+00,+0.671E+00
2,16/2/2026,19:08:00.615,-0.047E+00,-0.047E+00,+0.000E+00,-0.188E+00,+0.67E+00,+55.03E+00,-10.54E+00,+0.641E+00
2,16/2/2026,19:08:00.615,-0.047E+00,-0.047E+00,+0.000E+00,-0.188E+00,+0.76E+00,+54.97E+00,-10.56E+00,+0.610E+00
2,16/2/2026,19:08:00.615,-0.047E+00,-0.047E+00,-0.047E+00,-0.188E+00,+0.85E+00,+54.91E+00,-10.59E+00,+0.580E+00
2,16/2/2026,19:08:00.615,+0.000E+00,-0.047E+00,-0.047E+00,-0.188E+00,+0.95E+00,+54.83E+00,-10.62E+00,+0.549E+00
2,16/2/2026,19:08:00.615,-0.047E+00,-0.047E+00,-0.047E+00,-0.188E+00,+1.04E+00,+54.74E+00,-10.64E+00,+0.519E+00
2,16/2/2026,19:08:00.615,-0.047E+00,-0.047E+00,-0.047E+00,-0.188E+00,+1.13E+00,+54.62E+00,-10.65E+00,+0.496E+00
2,16/2/2026,19:08:00.615,-0.047E+00,-0.047E+00,-0.047E+00,-0.188E+00,+1.22E+00,+54.49E+00,-10.68E+00,+0.465E+00
2,16/2/2026,19:08:00.615,-0.047E+00,-0.047E+00,+0.000E+00,-0.188E+00,+1.30E+00,+54.37E+00,-10.70E+00,+0.435E+00
2,16/2/2026,19:08:00.615,-0.047E+00,-0.047E+00,-0.047E+00,-0.188E+00,+1.39E+00,+54.22E+00,-10.71E+00,+0.404E+00
2,16/2/2026,19:08:00.615,+0.000E+00,-0.047E+00,-0.047E+00,-0.188E+00,+1.48E+00,+54.07E+00,-10.73E+00,+0.374E+00
2,16/2/2026,19:08:00.615,-0.047E+00,-0.047E+00,+0.000E+00,-0.188E+00,+1.59E+00,+53.88E+00,-10.74E+00,+0.343E+00
2,16/2/2026,19:08:00.615,-0.047E+00,-0.047E+00,+0.000E+00,-0.188E+00,+1.68E+00,+53.70E+00,-10.76E+00,+0.320E+00
2,16/2/2026,19:08:00.615,+0.000E+00,-0.047E+00,+0.000E+00,-0.188E+00,+1.77E+00,+53.50E+00,-10.77E+00,+0.290E+00
2,16/2/2026,19:08:00.615,-0.047E+00,-0.047E+00,+0.000E+00,-0.188E+00,+1.86E+00,+53.29E+00,-10.79E+00,+0.259E+00
2,16/2/2026,19:08:00.615,-0.047E+00,-0.047E+00,+0.000E+00,-0.188E+00,+1.95E+00,+53.06E+00,-10.79E+00,+0.229E+00
2,16/2/2026,19:08:00.615,+0.000E+00,-0.047E+00,+0.000E+00,-0.188E+00,+2.04E+00,+52.83E+00,-10.80E+00,+0.198E+00
2,16/2/2026,19:08:00.616,-0.047E+00,-0.047E+00,+0.000E+00,-0.188E+00,+2.14E+00,+52.57E+00,-10.80E+00,+0.168E+00
2,16/2/2026,19:08:00.616,-0.047E+00,-0.047E+00,+0.000E+00,-0.188E+00,+2.23E+00,+52.31E+00,-10.80E+00,+0.137E+00
2,16/2/2026,19:08:00.616,-0.047E+00,-0.047E+00,+0.000E+00,-0.188E+00,+2.32E+00,+52.04E+00,-10.80E+00,+0.107E+00
2,16/2/2026,19:08:00.616,-0.047E+00,-0.047E+00,+0.000E+00,-0.188E+00,+2.41E+00,+51.73E+00,-10.80E+00,+0.076E+00
2,16/2/2026,19:08:00.616,-0.047E+00,-0.047E+00,+0.000E+00,-0.188E+00,+2.50E+00,+51.43E+00,-10.79E+00,+0.046E+00
2,16/2/2026,19:08:00.616,-0.047E+00,-0.047E+00,-0.047E+00,-0.188E+00,+2.58E+00,+51.11E+00,-10.77E+00,+0.015E+00
2,16/2/2026,19:08:00.616,-0.047E+00,-0.047E+00,-0.047E+00,-0.188E+00,+2.66E+00,+50.77E+00,-10.76E+00,-0.015E+00
2,16/2/2026,19:08:00.616,-0.047E+00,-0.047E+00,+0.000E+00,-0.188E+00,+2.73E+00,+50.43E+00,-10.71E+00,-0.053E+00
2,16/2/2026,19:08:00.616,-0.047E+00,-0.047E+00,+0.000E+00,-0.188E+00,+2.81E+00,+50.07E+00,-10.67E+00,-0.084E+00
2,16/2/2026,19:08:00.616,-0.047E+00,-0.047E+00,-0.047E+00,-0.188E+00,+2.88E+00,+49.70E+00,-10.64E+00,-0.107E+00
2,16/2/2026,19:08:00.616,-0.047E+00,-0.047E+00,-0.047E+00,-0.188E+00,+2.95E+00,+49.32E+00,-10.58E+00,-0.137E+00
2,16/2/2026,19:08:00.616,-0.047E+00,-0.047E+00,-0.047E+00,-0.188E+00,+3.02E+00,+48.92E+00,-10.51E+00,-0.168E+00
2,16/2/2026,19:08:00.616,-0.047E+00,-0.047E+00,-0.047E+00,-0.188E+00,+3.10E+00,+48.53E+00,-10.45E+00,-0.198E+00
2,16/2/2026,19:08:00.616,-0.047E+00,-0.047E+00,-0.047E+00,-0.188E+00,+3.16E+00,+48.13E+00,-10.39E+00,-0.229E+00
2,16/2/2026,19:08:00.616,-0.047E+00,-0.047E+00,-0.047E+00,-0.188E+00,+3.24E+00,+47.70E+00,-10.33E+00,-0.259E+00
2,16/2/2026,19:08:00.616,-0.047E+00,-0.047E+00,-0.047E+00,-0.188E+00,+3.30E+00,+47.26E+00,-10.27E+00,-0.290E+00
2,16/2/2026,19:08:00.616,-0.047E+00,-0.047E+00,-0.047E+00,-0.188E+00,+3.36E+00,+46.80E+00,-10.19E+00,-0.320E+00
2,16/2/2026,19:08:00.616,-0.047E+00,-0.047E+00,-0.047E+00,-0.188E+00,+3.43E+00,+46.33E+00,-10.13E+00,-0.351E+00
2,16/2/2026,19:08:00.616,-0.047E+00,-0.047E+00,-0.047E+00,-0.188E+00,+3.49E+00,+45.86E+00,-10.06E+00,-0.389E+00
2,16/2/2026,19:08:00.616,-0.047E+00,-0.047E+00,+0.000E+00,-0.188E+00,+3.54E+00,+45.37E+00,-9.98E+00,-0.420E+00
2,16/2/2026,19:08:00.617,-0.047E+00,-0.047E+00,-0.047E+00,-0.188E+00,+3.60E+00,+44.86E+00,-9.92E+00,-0.450E+00
2,16/2/2026,19:08:00.617,-0.047E+00,+0.000E+00,-0.047E+00,-0.188E+00,+3.66E+00,+44.35E+00,-9.84E+00,-0.481E+00
2,16/2/2026,19:08:00.617,-0.047E+00,-0.047E+00,+0.000E+00,-0.188E+00,+3.71E+00,+43.83E+00,-9.75E+00,-0.511E+00
2,16/2/2026,19:08:00.617,-0.047E+00,-0.047E+00,+0.000E+00,-0.141E+00,+3.77E+00,+43.29E+00,-9.66E+00,-0.542E+00
2,16/2/2026,19:08:00.617,-0.047E+00,-0.047E+00,-0.047E+00,-0.188E+00,+3.82E+00,+42.74E+00,-9.57E+00,-0.572E+00
2,16/2/2026,19:08:00.617,-0.047E+00,-0.047E+00,+0.000E+00,-0.188E+00,+3.86E+00,+42.18E+00,-9.48E+00,-0.603E+00
2,16/2/2026,19:08:00.617,-0.047E+00,-0.047E+00,-0.047E+00,-0.188E+00,+3.91E+00,+41.61E+00,-9.37E+00,-0.633E+00
2,16/2/2026,19:08:00.617,-0.047E+00,-0.047E+00,-0.047E+00,-0.188E+00,+3.95E+00,+41.03E+00,-9.26E+00,-0.664E+00
2,16/2/2026,19:08:00.617,-0.047E+00,-0.047E+00,-0.047E+00,-0.188E+00,+4.00E+00,+40.44E+00,-9.16E+00,-0.694E+00
2,16/2/2026,19:08:00.617,-0.047E+00,-0.047E+00,-0.047E+00,-0.188E+00,+4.04E+00,+39.83E+00,-9.06E+00,-0.725E+00
2,16/2/2026,19:08:00.617,-0.047E+00,-0.047E+00,-0.047E+00,-0.188E+00,+4.09E+00,+39.20E+00,-8.96E+00,-0.755E+00
2,16/2/2026,19:08:00.617,-0.047E+00,-0.047E+00,-0.047E+00,-0.188E+00,+4.15E+00,+38.58E+00,-8.85E+00,-0.786E+00
2,16/2/2026,19:08:00.617,+0.000E+00,-0.047E+00,-0.047E+00,-0.188E+00,+4.20E+00,+37.95E+00,-8.76E+00,-0.816E+00
2,16/2/2026,19:08:00.617,-0.047E+00,-0.047E+00,-0.047E+00,-0.188E+00,+4.24E+00,+37.30E+00,-8.67E+00,-0.847E+00
2,16/2/2026,19:08:00.617,-0.047E+00,-0.047E+00,-0.047E+00,-0.188E+00,+4.30E+00,+36.64E+00,-8.56E+00,-0.877E+00
2,16/2/2026,19:08:00.617,-0.047E+00,-0.047E+00,-0.047E+00,-0.188E+00,+4.35E+00,+35.97E+00,-8.45E+00,-0.900E+00
2,16/2/2026,19:08:00.617,-0.047E+00,-0.047E+00,+0.000E+00,-0.188E+00,+4.39E+00,+35.30E+00,-8.35E+00,-0.931E+00
2,16/2/2026,19:08:00.617,-0.047E+00,-0.047E+00,-0.047E+00,-0.188E+00,+4.44E+00,+34.63E+00,-8.24E+00,-0.961E+00
2,16/2/2026,19:08:00.617,+0.000E+00,+0.000E+00,-0.047E+00,-0.188E+00,+4.50E+00,+33.92E+00,-8.15E+00,-0.992E+00
2,16/2/2026,19:08:00.617,-0.047E+00,-0.047E+00,+0.000E+00,-0.188E+00,+4.55E+00,+33.22E+00,-8.04E+00,-1.015E+00
2,16/2/2026,19:08:00.618,-0.047E+00,-0.047E+00,-0.047E+00,-0.188E+00,+4.58E+00,+32.50E+00,-7.92E+00,-1.045E+00
2,16/2/2026,19:08:00.618,+0.000E+00,-0.047E+00,-0.047E+00,-0.188E+00,+4.64E+00,+31.79E+00,-7.81E+00,-1.068E+00
2,16/2/2026,19:08:00.618,-0.047E+00,-0.047E+00,-0.047E+00,-0.188E+00,+4.68E+00,+31.07E+00,-7.69E+00,-1.099E+00
2,16/2/2026,19:08:00.618,-0.047E+00,-0.047E+00,-0.047E+00,-0.188E+00,+4.73E+00,+30.34E+00,-7.57E+00,-1.122E+00
2,16/2/2026,19:08:00.618,-0.047E+00,-0.047E+00,+0.000E+00,-0.188E+00,+4.78E+00,+29.60E+00,-7.45E+00,-1.152E+00
2,16/2/2026,19:08:00.618,-0.047E+00,-0.047E+00,+0.000E+00,-0.188E+00,+4.81E+00,+28.86E+00,-7.32E+00,-1.175E+00
2,16/2/2026,19:08:00.618,-0.047E+00,-0.047E+00,-0.047E+00,-0.188E+00,+4.85E+00,+28.09E+00,-7.20E+00,-1.198E+00
2,16/2/2026,19:08:00.618,-0.047E+00,-0.047E+00,-0.047E+00,-0.188E+00,+4.90E+00,+27.33E+00,-7.08E+00,-1.221E+00
2,16/2/2026,19:08:00.618,-0.047E+00,-0.047E+00,-0.047E+00,-0.188E+00,+4.94E+00,+26.57E+00,-6.96E+00,-1.244E+00
2,16/2/2026,19:08:00.618,-0.047E+00,-0.047E+00,-0.047E+00,-0.188E+00,+4.99E+00,+25.79E+00,-6.84E+00,-1.274E+00
2,16/2/2026,19:08:00.618,-0.047E+00,-0.047E+00,-0.047E+00,-0.188E+00,+5.02E+00,+25.00E+00,-6.71E+00,-1.297E+00
2,16/2/2026,19:08:00.618,+0.000E+00,-0.047E+00,+0.000E+00,-0.188E+00,+5.07E+00,+24.20E+00,-6.59E+00,-1.320E+00
2,16/2/2026,19:08:00.618,-0.047E+00,-0.047E+00,-0.047E+00,-0.188E+00,+5.11E+00,+23.42E+00,-6.46E+00,-1.343E+00
2,16/2/2026,19:08:00.618,-0.047E+00,-0.047E+00,-0.047E+00,-0.188E+00,+5.14E+00,+22.62E+00,-6.33E+00,-1.366E+00
2,16/2/2026,19:08:00.618,-0.047E+00,-0.047E+00,+0.000E+00,-0.188E+00,+5.19E+00,+21.82E+00,-6.20E+00,-1.389E+00
2,16/2/2026,19:08:00.618,+0.000E+00,-0.047E+00,+0.000E+00,-0.188E+00,+5.22E+00,+21.00E+00,-6.06E+00,-1.412E+00
2,16/2/2026,19:08:00.618,-0.047E+00,-0.047E+00,+0.000E+00,-0.188E+00,+5.26E+00,+20.19E+00,-5.92E+00,-1.427E+00
2,16/2/2026,19:08:00.618,-0.047E+00,-0.047E+00,+0.000E+00,-0.188E+00,+5.30E+00,+19.37E+00,-5.78E+00,-1.450E+00
2,16/2/2026,19:08:00.618,-0.047E+00,-0.047E+00,-0.047E+00,-0.188E+00,+5.34E+00,+18.54E+00,-5.65E+00,-1.480E+00
2,16/2/2026,19:08:00.618,-0.047E+00,-0.047E+00,+0.000E+00,-0.188E+00,+5.37E+00,+17.70E+00,-5.49E+00,-1.503E+00
2,16/2/2026,19:08:00.619,-0.047E+00,-0.047E+00,+0.000E+00,-0.188E+00,+5.42E+00,+16.88E+00,-5.36E+00,-1.518E+00
2,16/2/2026,19:08:00.619,-0.047E+00,-0.047E+00,+0.000E+00,-0.188E+00,+5.45E+00,+16.04E+00,-5.22E+00,-1.541E+00
2,16/2/2026,19:08:00.619,+0.000E+00,-0.047E+00,-0.047E+00,-0.188E+00,+5.48E+00,+15.18E+00,-5.08E+00,-1.564E+00
2,16/2/2026,19:08:00.619,-0.047E+00,-0.047E+00,-0.047E+00,-0.188E+00,+5.52E+00,+14.33E+00,-4.93E+00,-1.587E+00
2,16/2/2026,19:08:00.619,-0.047E+00,-0.047E+00,+0.000E+00,-0.188E+00,+5.55E+00,+13.47E+00,-4.78E+00,-1.602E+00
2,16/2/2026,19:08:00.619,-0.047E+00,-0.047E+00,+0.000E+00,-0.188E+00,+5.59E+00,+12.62E+00,-4.64E+00,-1.625E+00
2,16/2/2026,19:08:00.619,-0.047E+00,-0.047E+00,-0.047E+00,-0.188E+00,+5.62E+00,+11.75E+00,-4.49E+00,-1.648E+00
2,16/2/2026,19:08:00.619,-0.047E+00,-0.047E+00,-0.047E+00,-0.188E+00,+5.65E+00,+10.88E+00,-4.35E+00,-1.671E+00
2,16/2/2026,19:08:00.619,-0.047E+00,-0.047E+00,-0.047E+00,-0.188E+00,+5.68E+00,+10.00E+00,-4.20E+00,-1.686E+00
2,16/2/2026,19:08:00.619,+0.000E+00,-0.047E+00,-0.047E+00,-0.188E+00,+5.71E+00,+9.13E+00,-4.04E+00,-1.702E+00
2,16/2/2026,19:08:00.619,-0.047E+00,-0.047E+00,-0.047E+00,-0.188E+00,+5.72E+00,+8.24E+00,-3.89E+00,-1.724E+00
2,16/2/2026,19:08:00.619,-0.047E+00,-0.047E+00,-0.047E+00,-0.188E+00,+5.72E+00,+7.37E+00,-3.74E+00,-1.740E+00
2,16/2/2026,19:08:00.619,-0.047E+00,-0.047E+00,-0.047E+00,-0.188E+00,+5.74E+00,+6.49E+00,-3.57E+00,-1.755E+00
2,16/2/2026,19:08:00.619,-0.047E+00,-0.047E+00,-0.047E+00,-0.188E+00,+5.75E+00,+5.62E+00,-3.42E+00,-1.763E+00
2,16/2/2026,19:08:00.619,-0.047E+00,-0.047E+00,-0.047E+00,-0.188E+00,+5.75E+00,+4.73E+00,-3.25E+00,-1.778E+00
2,16/2/2026,19:08:00.619,-0.047E+00,-0.047E+00,-0.047E+00,-0.188E+00,+5.75E+00,+3.86E+00,-3.10E+00,-1.793E+00
2,16/2/2026,19:08:00.619,-0.047E+00,-0.047E+00,-0.047E+00,-0.188E+00,+5.75E+00,+2.98E+00,-2.93E+00,-1.808E+00
2,16/2/2026,19:08:00.619,-0.047E+00,-0.047E+00,+0.000E+00,-0.188E+00,+5.75E+00,+2.11E+00,-2.78E+00,-1.816E+00
2,16/2/2026,19:08:00.619,-0.047E+00,-0.047E+00,+0.000E+00,-0.188E+00,+5.75E+00,+1.22E+00,-2.62E+00,-1.831E+00
2,16/2/2026,19:08:00.619,-0.047E+00,-0.047E+00,-0.047E+00,-0.188E+00,+5.74E+00,+0.35E+00,-2.46E+00,-1.839E+00
2,16/2/2026,19:08:00.620,-0.047E+00,-0.047E+00,-0.047E+00,-0.188E+00,+5.74E+00,-0.52E+00,-2.29E+00,-1.846E+00
2,16/2/2026,19:08:00.620,-0.047E+00,-0.047E+00,-0.047E+00,-0.188E+00,+5.72E+00,-1.40E+00,-2.14E+00,-1.854E+00
2,16/2/2026,19:08:00.620,-0.047E+00,-0.047E+00,-0.047E+00,-0.188E+00,+5.71E+00,-2.27E+00,-1.97E+00,-1.862E+00
2,16/2/2026,19:08:00.620,-0.047E+00,-0.047E+00,-0.047E+00,-0.188E+00,+5.68E+00,-3.13E+00,-1.80E+00,-1.877E+00
2,16/2/2026,19:08:00.620,-0.047E+00,-0.047E+00,-0.047E+00,-0.188E+00,+5.66E+00,-4.01E+00,-1.63E+00,-1.877E+00
2,16/2/2026,19:08:00.620,-0.047E+00,-0.047E+00,-0.047E+00,-0.188E+00,+5.63E+00,-4.88E+00,-1.46E+00,-1.892E+00
2,16/2/2026,19:08:00.620,-0.047E+00,-0.047E+00,+0.000E+00,-0.188E+00,+5.59E+00,-5.75E+00,-1.30E+00,-1.900E+00
2,16/2/2026,19:08:00.620,+0.000E+00,-0.047E+00,+0.000E+00,-0.188E+00,+5.57E+00,-6.61E+00,-1.13E+00,-1.900E+00
2,16/2/2026,19:08:00.620,-0.047E+00,-0.047E+00,-0.047E+00,-0.188E+00,+5.54E+00,-7.48E+00,-0.98E+00,-1.908E+00
2,16/2/2026,19:08:00.620,-0.047E+00,-0.047E+00,+0.000E+00,-0.188E+00,+5.51E+00,-8.33E+00,-0.81E+00,-1.915E+00
2,16/2/2026,19:08:00.620,-0.047E+00,-0.047E+00,+0.000E+00,-0.188E+00,+5.46E+00,-9.19E+00,-0.66E+00,-1.915E+00
2,16/2/2026,19:08:00.620,-0.047E+00,-0.047E+00,-0.047E+00,-0.188E+00,+5.42E+00,-10.04E+00,-0.49E+00,-1.923E+00
2,16/2/2026,19:08:00.620,-0.047E+00,-0.047E+00,-0.047E+00,-0.188E+00,+5.39E+00,-10.88E+00,-0.32E+00,-1.923E+00
2,16/2/2026,19:08:00.620,-0.047E+00,-0.047E+00,-0.047E+00,-0.188E+00,+5.34E+00,-11.72E+00,-0.15E+00,-1.923E+00
2,16/2/2026,19:08:00.620,-0.047E+00,-0.047E+00,-0.047E+00,-0.188E+00,+5.28E+00,-12.54E+00,+0.02E+00,-1.923E+00
2,16/2/2026,19:08:00.620,-0.047E+00,-0.047E+00,-0.047E+00,-0.188E+00,+5.23E+00,-13.38E+00,+0.18E+00,-1.923E+00
2,16/2/2026,19:08:00.620,-0.047E+00,-0.047E+00,-0.047E+00,-0.188E+00,+5.19E+00,-14.21E+00,+0.34E+00,-1.923E+00
2,16/2/2026,19:08:00.620,-0.047E+00,-0.047E+00,-0.047E+00,-0.188E+00,+5.16E+00,-15.02E+00,+0.52E+00,-1.923E+00
2,16/2/2026,19:08:00.620,-0.047E+00,-0.047E+00,+0.000E+00,-0.188E+00,+5.11E+00,-15.84E+00,+0.69E+00,-1.923E+00
2,16/2/2026,19:08:00.620,+0.000E+00,-0.047E+00,+0.000E+00,-0.188E+00,+5.07E+00,-16.63E+00,+0.84E+00,-1.923E+00
2,16/2/2026,19:08:00.621,+0.000E+00,-0.047E+00,-0.047E+00,-0.188E+00,+5.02E+00,-17.43E+00,+1.01E+00,-1.923E+00
2,16/2/2026,19:08:00.621,-0.047E+00,-0.047E+00,-0.047E+00,-0.188E+00,+4.97E+00,-18.24E+00,+1.18E+00,-1.923E+00
2,16/2/2026,19:08:00.621,-0.047E+00,-0.047E+00,+0.000E+00,-0.188E+00,+4.93E+00,-19.04E+00,+1.34E+00,-1.923E+00
2,16/2/2026,19:08:00.621,-0.047E+00,-0.047E+00,+0.000E+00,-0.188E+00,+4.90E+00,-19.82E+00,+1.50E+00,-1.923E+00
2,16/2/2026,19:08:00.621,-0.047E+00,-0.047E+00,-0.047E+00,-0.188E+00,+4.85E+00,-20.62E+00,+1.66E+00,-1.923E+00
2,16/2/2026,19:08:00.621,-0.047E+00,-0.047E+00,-0.047E+00,-0.188E+00,+4.81E+00,-21.39E+00,+1.82E+00,-1.915E+00
2,16/2/2026,19:08:00.621,-0.047E+00,-0.047E+00,+0.000E+00,-0.188E+00,+4.76E+00,-22.19E+00,+1.97E+00,-1.923E+00
2,16/2/2026,19:08:00.621,-0.047E+00,-0.047E+00,+0.000E+00,-0.188E+00,+4.72E+00,-22.97E+00,+2.14E+00,-1.915E+00
2,16/2/2026,19:08:00.621,-0.047E+00,-0.047E+00,-0.047E+00,-0.188E+00,+4.65E+00,-23.73E+00,+2.29E+00,-1.915E+00
2,16/2/2026,19:08:00.621,-0.047E+00,-0.047E+00,-0.047E+00,-0.188E+00,+4.61E+00,-24.49E+00,+2.44E+00,-1.915E+00
2,16/2/2026,19:08:00.621,-0.047E+00,-0.047E+00,+0.000E+00,-0.188E+00,+4.56E+00,-25.27E+00,+2.61E+00,-1.915E+00
2,16/2/2026,19:08:00.621,-0.047E+00,-0.047E+00,+0.000E+00,-0.188E+00,+4.52E+00,-26.03E+00,+2.76E+00,-1.915E+00
2,16/2/2026,19:08:00.621,-0.047E+00,-0.047E+00,+0.000E+00,-0.188E+00,+4.46E+00,-26.78E+00,+2.90E+00,-1.908E+00
2,16/2/2026,19:08:00.621,-0.047E+00,-0.047E+00,+0.000E+00,-0.188E+00,+4.41E+00,-27.53E+00,+3.05E+00,-1.908E+00
2,16/2/2026,19:08:00.621,-0.047E+00,-0.047E+00,+0.000E+00,-0.188E+00,+4.35E+00,-28.28E+00,+3.20E+00,-1.900E+00
2,16/2/2026,19:08:00.621,-0.047E+00,-0.047E+00,-0.047E+00,-0.188E+00,+4.30E+00,-29.02E+00,+3.36E+00,-1.900E+00
2,16/2/2026,19:08:00.621,+0.000E+00,-0.047E+00,-0.047E+00,-0.188E+00,+4.24E+00,-29.76E+00,+3.51E+00,-1.900E+00
2,16/2/2026,19:08:00.621,-0.047E+00,-0.047E+00,+0.000E+00,-0.188E+00,+4.20E+00,-30.49E+00,+3.66E+00,-1.900E+00
2,16/2/2026,19:08:00.621,-0.047E+00,-0.047E+00,+0.000E+00,-0.188E+00,+4.15E+00,-31.21E+00,+3.80E+00,-1.892E+00
2,16/2/2026,19:08:00.621,-0.047E+00,-0.047E+00,-0.047E+00,-0.235E+00,+4.10E+00,-31.92E+00,+3.94E+00,-1.892E+00
2,16/2/2026,19:08:00.622,-0.047E+00,-0.047E+00,+0.000E+00,-0.188E+00,+4.04E+00,-32.63E+00,+4.09E+00,-1.885E+00
2,16/2/2026,19:08:00.622,-0.047E+00,-0.047E+00,+0.000E+00,-0.188E+00,+3.98E+00,-33.34E+00,+4.24E+00,-1.885E+00
2,16/2/2026,19:08:00.622,-0.047E+00,-0.047E+00,+0.000E+00,-0.188E+00,+3.92E+00,-34.05E+00,+4.38E+00,-1.877E+00
2,16/2/2026,19:08:00.622,-0.047E+00,-0.047E+00,-0.047E+00,-0.188E+00,+3.86E+00,-34.75E+00,+4.52E+00,-1.877E+00
2,16/2/2026,19:08:00.622,-0.047E+00,-0.047E+00,-0.047E+00,-0.188E+00,+3.78E+00,-35.43E+00,+4.67E+00,-1.869E+00
2,16/2/2026,19:08:00.622,-0.047E+00,-0.047E+00,-0.047E+00,-0.188E+00,+3.72E+00,-36.12E+00,+4.81E+00,-1.862E+00
2,16/2/2026,19:08:00.622,-0.047E+00,-0.047E+00,+0.000E+00,-0.188E+00,+3.65E+00,-36.79E+00,+4.96E+00,-1.862E+00
2,16/2/2026,19:08:00.622,-0.047E+00,-0.047E+00,-0.047E+00,-0.188E+00,+3.59E+00,-37.48E+00,+5.10E+00,-1.854E+00
2,16/2/2026,19:08:00.622,-0.047E+00,-0.047E+00,-0.047E+00,-0.188E+00,+3.53E+00,-38.15E+00,+5.23E+00,-1.846E+00
2,16/2/2026,19:08:00.622,-0.047E+00,-0.047E+00,-0.047E+00,-0.188E+00,+3.45E+00,-38.81E+00,+5.37E+00,-1.846E+00
2,16/2/2026,19:08:00.622,-0.047E+00,-0.047E+00,-0.047E+00,-0.188E+00,+3.37E+00,-39.46E+00,+5.51E+00,-1.839E+00
2,16/2/2026,19:08:00.622,-0.047E+00,-0.047E+00,+0.000E+00,-0.188E+00,+3.31E+00,-40.12E+00,+5.65E+00,-1.831E+00
2,16/2/2026,19:08:00.622,-0.047E+00,-0.047E+00,+0.000E+00,-0.188E+00,+3.24E+00,-40.76E+00,+5.80E+00,-1.824E+00
2,16/2/2026,19:08:00.622,-0.047E+00,-0.047E+00,+0.000E+00,-0.188E+00,+3.17E+00,-41.40E+00,+5.94E+00,-1.816E+00
2,16/2/2026,19:08:00.622,-0.047E+00,-0.047E+00,-0.047E+00,-0.188E+00,+3.11E+00,-42.03E+00,+6.06E+00,-1.808E+00
2,16/2/2026,19:08:00.622,-0.047E+00,-0.047E+00,-0.047E+00,-0.188E+00,+3.04E+00,-42.65E+00,+6.20E+00,-1.801E+00
2,16/2/2026,19:08:00.622,-0.047E+00,-0.047E+00,+0.000E+00,-0.188E+00,+2.96E+00,-43.25E+00,+6.32E+00,-1.785E+00
2,16/2/2026,19:08:00.622,-0.047E+00,-0.047E+00,-0.047E+00,-0.188E+00,+2.88E+00,-43.84E+00,+6.44E+00,-1.770E+00
2,16/2/2026,19:08:00.622,-0.047E+00,-0.047E+00,-0.047E+00,-0.188E+00,+2.81E+00,-44.42E+00,+6.56E+00,-1.755E+00
2,16/2/2026,19:08:00.622,-0.047E+00,-0.047E+00,-0.047E+00,-0.188E+00,+2.73E+00,-44.99E+00,+6.70E+00,-1.740E+00
2,16/2/2026,19:08:00.623,-0.047E+00,-0.047E+00,-0.047E+00,-0.188E+00,+2.66E+00,-45.52E+00,+6.81E+00,-1.717E+00
2,16/2/2026,19:08:00.623,-0.047E+00,-0.047E+00,-0.047E+00,-0.188E+00,+2.56E+00,-46.06E+00,+6.91E+00,-1.694E+00
2,16/2/2026,19:08:00.623,-0.047E+00,-0.047E+00,-0.047E+00,-0.188E+00,+2.49E+00,-46.57E+00,+7.03E+00,-1.679E+00
2,16/2/2026,19:08:00.623,-0.047E+00,-0.047E+00,-0.047E+00,-0.235E+00,+2.40E+00,-47.09E+00,+7.14E+00,-1.656E+00
2,16/2/2026,19:08:00.623,-0.047E+00,-0.047E+00,+0.000E+00,-0.188E+00,+2.30E+00,-47.60E+00,+7.25E+00,-1.640E+00
2,16/2/2026,19:08:00.623,+0.000E+00,-0.047E+00,+0.000E+00,-0.188E+00,+2.23E+00,-48.08E+00,+7.36E+00,-1.625E+00
2,16/2/2026,19:08:00.623,-0.047E+00,+0.000E+00,-0.047E+00,-0.188E+00,+2.14E+00,-48.56E+00,+7.46E+00,-1.602E+00
2,16/2/2026,19:08:00.623,-0.047E+00,-0.047E+00,-0.047E+00,-0.188E+00,+2.04E+00,-49.02E+00,+7.55E+00,-1.579E+00
2,16/2/2026,19:08:00.623,-0.047E+00,-0.047E+00,-0.047E+00,-0.188E+00,+1.97E+00,-49.46E+00,+7.65E+00,-1.557E+00
2,16/2/2026,19:08:00.623,-0.047E+00,-0.047E+00,-0.047E+00,-0.188E+00,+1.88E+00,-49.90E+00,+7.74E+00,-1.534E+00
2,16/2/2026,19:08:00.623,-0.047E+00,-0.047E+00,-0.047E+00,-0.188E+00,+1.77E+00,-50.31E+00,+7.83E+00,-1.503E+00
2,16/2/2026,19:08:00.623,-0.047E+00,-0.047E+00,-0.047E+00,-0.188E+00,+1.69E+00,-50.71E+00,+7.92E+00,-1.473E+00
2,16/2/2026,19:08:00.623,-0.047E+00,-0.047E+00,+0.000E+00,-0.188E+00,+1.60E+00,-51.08E+00,+8.00E+00,-1.450E+00
2,16/2/2026,19:08:00.623,-0.047E+00,-0.047E+00,+0.000E+00,-0.188E+00,+1.51E+00,-51.44E+00,+8.09E+00,-1.427E+00
2,16/2/2026,19:08:00.623,-0.047E+00,-0.047E+00,-0.047E+00,-0.188E+00,+1.42E+00,-51.81E+00,+8.16E+00,-1.396E+00
2,16/2/2026,19:08:00.623,-0.047E+00,-0.047E+00,-0.047E+00,-0.188E+00,+1.33E+00,-52.14E+00,+8.26E+00,-1.366E+00
2,16/2/2026,19:08:00.623,-0.047E+00,-0.047E+00,-0.047E+00,-0.188E+00,+1.24E+00,-52.46E+00,+8.33E+00,-1.343E+00
2,16/2/2026,19:08:00.623,-0.047E+00,-0.047E+00,-0.047E+00,-0.188E+00,+1.14E+00,-52.78E+00,+8.42E+00,-1.320E+00
2,16/2/2026,19:08:00.623,-0.047E+00,-0.047E+00,+0.000E+00,-0.188E+00,+1.05E+00,-53.09E+00,+8.50E+00,-1.289E+00
2,16/2/2026,19:08:00.623,-0.047E+00,-0.047E+00,-0.047E+00,-0.188E+00,+0.95E+00,-53.36E+00,+8.58E+00,-1.259E+00
2,16/2/2026,19:08:00.624,-0.047E+00,-0.047E+00,-0.047E+00,-0.188E+00,+0.85E+00,-53.64E+00,+8.65E+00,-1.236E+00
2,16/2/2026,19:08:00.624,-0.047E+00,-0.047E+00,+0.000E+00,-0.188E+00,+0.76E+00,-53.88E+00,+8.71E+00,-1.213E+00
2,16/2/2026,19:08:00.624,-0.047E+00,-0.047E+00,-0.047E+00,-0.188E+00,+0.67E+00,-54.13E+00,+8.77E+00,-1.183E+00
2,16/2/2026,19:08:00.624,-0.047E+00,-0.047E+00,-0.047E+00,-0.188E+00,+0.58E+00,-54.36E+00,+8.84E+00,-1.160E+00
2,16/2/2026,19:08:00.624,-0.047E+00,-0.047E+00,-0.047E+00,-0.188E+00,+0.47E+00,-54.59E+00,+8.91E+00,-1.137E+00
2,16/2/2026,19:08:00.624,-0.047E+00,-0.047E+00,-0.047E+00,-0.188E+00,+0.40E+00,-54.78E+00,+8.97E+00,-1.106E+00
2,16/2/2026,19:08:00.624,-0.047E+00,+0.000E+00,+0.000E+00,-0.188E+00,+0.31E+00,-54.98E+00,+9.03E+00,-1.076E+00
2,16/2/2026,19:08:00.624,-0.047E+00,-0.047E+00,-0.047E+00,-0.188E+00,+0.21E+00,-55.17E+00,+9.08E+00,-1.053E+00
2,16/2/2026,19:08:00.624,-0.047E+00,-0.047E+00,-0.047E+00,-0.188E+00,+0.12E+00,-55.33E+00,+9.14E+00,-1.030E+00
2,16/2/2026,19:08:00.624,-0.047E+00,-0.047E+00,-0.047E+00,-0.188E+00,+0.03E+00,-55.49E+00,+9.20E+00,-1.000E+00
2,16/2/2026,19:08:00.624,+0.000E+00,-0.047E+00,-0.047E+00,-0.188E+00,-0.08E+00,-55.64E+00,+9.25E+00,-0.977E+00
2,16/2/2026,19:08:00.624,-0.047E+00,-0.047E+00,-0.047E+00,-0.188E+00,-0.15E+00,-55.76E+00,+9.29E+00,-0.954E+00
2,16/2/2026,19:08:00.624,-0.047E+00,-0.047E+00,+0.000E+00,-0.188E+00,-0.24E+00,-55.88E+00,+9.35E+00,-0.923E+00
2,16/2/2026,19:08:00.624,-0.047E+00,-0.047E+00,-0.047E+00,-0.188E+00,-0.34E+00,-55.99E+00,+9.39E+00,-0.908E+00
2,16/2/2026,19:08:00.624,-0.047E+00,-0.047E+00,-0.047E+00,-0.188E+00,-0.43E+00,-56.08E+00,+9.43E+00,-0.877E+00
2,16/2/2026,19:08:00.624,-0.047E+00,-0.047E+00,-0.047E+00,-0.188E+00,-0.52E+00,-56.17E+00,+9.48E+00,-0.847E+00
2,16/2/2026,19:08:00.624,-0.047E+00,-0.047E+00,-0.047E+00,-0.188E+00,-0.61E+00,-56.25E+00,+9.52E+00,-0.824E+00
2,16/2/2026,19:08:00.624,-0.047E+00,-0.047E+00,-0.047E+00,-0.188E+00,-0.70E+00,-56.29E+00,+9.55E+00,-0.794E+00
2,16/2/2026,19:08:00.624,-0.047E+00,-0.047E+00,-0.047E+00,-0.188E+00,-0.79E+00,-56.34E+00,+9.60E+00,-0.763E+00
2,16/2/2026,19:08:00.624,+0.000E+00,-0.047E+00,-0.047E+00,-0.188E+00,-0.89E+00,-56.37E+00,+9.63E+00,-0.740E+00
2,16/2/2026,19:08:00.625,-0.047E+00,+0.000E+00,+0.000E+00,-0.188E+00,-0.98E+00,-56.37E+00,+9.67E+00,-0.710E+00
2,16/2/2026,19:08:00.625,-0.047E+00,-0.047E+00,+0.000E+00,-0.188E+00,-1.07E+00,-56.37E+00,+9.69E+00,-0.679E+00
2,16/2/2026,19:08:00.625,-0.047E+00,-0.047E+00,-0.047E+00,-0.188E+00,-1.16E+00,-56.36E+00,+9.74E+00,-0.649E+00
2,16/2/2026,19:08:00.625,-0.047E+00,-0.047E+00,-0.047E+00,-0.188E+00,-1.25E+00,-56.33E+00,+9.77E+00,-0.626E+00
2,16/2/2026,19:08:00.625,-0.047E+00,-0.047E+00,-0.047E+00,-0.188E+00,-1.33E+00,-56.28E+00,+9.80E+00,-0.595E+00
2,16/2/2026,19:08:00.625,-0.047E+00,-0.047E+00,+0.000E+00,-0.188E+00,-1.42E+00,-56.23E+00,+9.81E+00,-0.565E+00
2,16/2/2026,19:08:00.625,-0.047E+00,-0.047E+00,+0.000E+00,-0.188E+00,-1.51E+00,-56.17E+00,+9.84E+00,-0.534E+00
2,16/2/2026,19:08:00.625,-0.047E+00,-0.047E+00,-0.047E+00,-0.188E+00,-1.60E+00,-56.10E+00,+9.86E+00,-0.511E+00
2,16/2/2026,19:08:00.625,-0.047E+00,-0.047E+00,-0.047E+00,-0.188E+00,-1.69E+00,-56.00E+00,+9.89E+00,-0.481E+00
2,16/2/2026,19:08:00.625,-0.047E+00,-0.047E+00,-0.047E+00,-0.188E+00,-1.77E+00,-55.90E+00,+9.90E+00,-0.450E+00
2,16/2/2026,19:08:00.625,-0.047E+00,-0.047E+00,-0.047E+00,-0.188E+00,-1.88E+00,-55.78E+00,+9.93E+00,-0.427E+00
2,16/2/2026,19:08:00.625,-0.047E+00,-0.047E+00,-0.047E+00,-0.188E+00,-1.97E+00,-55.64E+00,+9.95E+00,-0.397E+00
2,16/2/2026,19:08:00.625,-0.047E+00,-0.047E+00,-0.047E+00,-0.188E+00,-2.06E+00,-55.50E+00,+9.96E+00,-0.366E+00
2,16/2/2026,19:08:00.625,-0.047E+00,-0.047E+00,-0.047E+00,-0.188E+00,-2.15E+00,-55.35E+00,+9.98E+00,-0.336E+00
2,16/2/2026,19:08:00.625,-0.047E+00,-0.047E+00,-0.047E+00,-0.188E+00,-2.23E+00,-55.17E+00,+10.00E+00,-0.305E+00
2,16/2/2026,19:08:00.625,-0.047E+00,-0.047E+00,-0.047E+00,-0.188E+00,-2.33E+00,-54.97E+00,+10.01E+00,-0.267E+00
2,16/2/2026,19:08:00.625,-0.047E+00,-0.047E+00,-0.047E+00,-0.188E+00,-2.43E+00,-54.77E+00,+10.03E+00,-0.244E+00
2,16/2/2026,19:08:00.625,-0.047E+00,-0.047E+00,-0.047E+00,-0.188E+00,-2.52E+00,-54.56E+00,+10.04E+00,-0.214E+00
2,16/2/2026,19:08:00.625,+0.000E+00,-0.047E+00,+0.000E+00,-0.188E+00,-2.61E+00,-54.33E+00,+10.06E+00,-0.175E+00
2,16/2/2026,19:08:00.625,-0.047E+00,-0.047E+00,+0.000E+00,-0.188E+00,-2.70E+00,-54.08E+00,+10.06E+00,-0.153E+00
2,16/2/2026,19:08:00.626,-0.047E+00,-0.047E+00,-0.047E+00,-0.188E+00,-2.79E+00,-53.84E+00,+10.06E+00,-0.122E+00
2,16/2/2026,19:08:00.626,-0.047E+00,-0.047E+00,-0.047E+00,-0.188E+00,-2.88E+00,-53.58E+00,+10.06E+00,-0.092E+00
2,16/2/2026,19:08:00.626,-0.047E+00,-0.047E+00,-0.047E+00,-0.188E+00,-2.98E+00,-53.30E+00,+10.06E+00,-0.061E+00
2,16/2/2026,19:08:00.626,-0.047E+00,-0.047E+00,-0.047E+00,-0.188E+00,-3.05E+00,-53.01E+00,+10.06E+00,-0.031E+00
2,16/2/2026,19:08:00.626,-0.047E+00,-0.047E+00,+0.000E+00,-0.188E+00,-3.14E+00,-52.71E+00,+10.06E+00,+0.000E+00
2,16/2/2026,19:08:00.626,-0.047E+00,-0.047E+00,-0.047E+00,-0.188E+00,-3.22E+00,-52.39E+00,+10.03E+00,+0.031E+00
2,16/2/2026,19:08:00.626,-0.047E+00,-0.047E+00,-0.047E+00,-0.188E+00,-3.30E+00,-52.07E+00,+10.01E+00,+0.061E+00
2,16/2/2026,19:08:00.626,-0.047E+00,-0.047E+00,-0.047E+00,-0.188E+00,-3.37E+00,-51.72E+00,+9.98E+00,+0.092E+00
2,16/2/2026,19:08:00.626,-0.047E+00,-0.047E+00,-0.047E+00,-0.188E+00,-3.45E+00,-51.35E+00,+9.93E+00,+0.122E+00
2,16/2/2026,19:08:00.626,-0.047E+00,-0.047E+00,-0.047E+00,-0.188E+00,-3.53E+00,-50.98E+00,+9.89E+00,+0.160E+00
2,16/2/2026,19:08:00.626,-0.047E+00,-0.047E+00,-0.047E+00,-0.188E+00,-3.60E+00,-50.60E+00,+9.83E+00,+0.191E+00
2,16/2/2026,19:08:00.626,-0.047E+00,-0.047E+00,-0.047E+00,-0.188E+00,-3.66E+00,-50.21E+00,+9.77E+00,+0.221E+00
2,16/2/2026,19:08:00.626,-0.047E+00,-0.047E+00,-0.047E+00,-0.188E+00,-3.75E+00,-49.81E+00,+9.71E+00,+0.252E+00
2,16/2/2026,19:08:00.626,-0.047E+00,+0.000E+00,+0.000E+00,-0.188E+00,-3.82E+00,-49.40E+00,+9.64E+00,+0.282E+00
2,16/2/2026,19:08:00.626,-0.047E+00,-0.047E+00,+0.000E+00,-0.188E+00,-3.88E+00,-48.97E+00,+9.58E+00,+0.313E+00
2,16/2/2026,19:08:00.626,-0.047E+00,-0.047E+00,+0.000E+00,-0.188E+00,-3.95E+00,-48.53E+00,+9.52E+00,+0.343E+00
2,16/2/2026,19:08:00.626,-0.047E+00,-0.047E+00,-0.047E+00,-0.188E+00,-4.01E+00,-48.08E+00,+9.46E+00,+0.374E+00
2,16/2/2026,19:08:00.626,-0.047E+00,-0.047E+00,-0.047E+00,-0.188E+00,-4.07E+00,-47.63E+00,+9.39E+00,+0.404E+00
2,16/2/2026,19:08:00.626,-0.047E+00,-0.047E+00,+0.000E+00,-0.188E+00,-4.14E+00,-47.14E+00,+9.31E+00,+0.435E+00
2,16/2/2026,19:08:00.626,+0.000E+00,-0.047E+00,+0.000E+00,-0.188E+00,-4.20E+00,-46.65E+00,+9.25E+00,+0.465E+00
2,16/2/2026,19:08:00.627,-0.047E+00,-0.047E+00,-0.047E+00,-0.188E+00,-4.24E+00,-46.15E+00,+9.17E+00,+0.496E+00
2,16/2/2026,19:08:00.627,-0.047E+00,-0.047E+00,-0.047E+00,-0.188E+00,-4.30E+00,-45.63E+00,+9.10E+00,+0.534E+00
2,16/2/2026,19:08:00.627,-0.047E+00,-0.047E+00,+0.000E+00,-0.188E+00,-4.35E+00,-45.11E+00,+9.00E+00,+0.565E+00
2,16/2/2026,19:08:00.627,-0.047E+00,-0.047E+00,-0.047E+00,-0.188E+00,-4.39E+00,-44.58E+00,+8.91E+00,+0.595E+00
2,16/2/2026,19:08:00.627,-0.047E+00,-0.047E+00,-0.047E+00,-0.188E+00,-4.46E+00,-44.03E+00,+8.82E+00,+0.626E+00
2,16/2/2026,19:08:00.627,-0.047E+00,-0.047E+00,-0.047E+00,-0.188E+00,-4.50E+00,-43.46E+00,+8.71E+00,+0.656E+00
2,16/2/2026,19:08:00.627,-0.047E+00,-0.047E+00,+0.000E+00,-0.188E+00,-4.55E+00,-42.90E+00,+8.62E+00,+0.687E+00
2,16/2/2026,19:08:00.627,-0.047E+00,-0.047E+00,+0.000E+00,-0.188E+00,-4.59E+00,-42.30E+00,+8.52E+00,+0.717E+00
2,16/2/2026,19:08:00.627,-0.047E+00,-0.047E+00,-0.047E+00,-0.188E+00,-4.64E+00,-41.71E+00,+8.42E+00,+0.755E+00
2,16/2/2026,19:08:00.627,-0.047E+00,-0.047E+00,-0.047E+00,-0.188E+00,-4.68E+00,-41.10E+00,+8.32E+00,+0.786E+00
2,16/2/2026,19:08:00.627,-0.047E+00,-0.047E+00,+0.000E+00,-0.188E+00,-4.75E+00,-40.49E+00,+8.23E+00,+0.816E+00
2,16/2/2026,19:08:00.627,-0.047E+00,-0.047E+00,-0.047E+00,-0.188E+00,-4.79E+00,-39.86E+00,+8.12E+00,+0.847E+00
2,16/2/2026,19:08:00.627,-0.047E+00,-0.047E+00,-0.047E+00,-0.188E+00,-4.84E+00,-39.22E+00,+8.01E+00,+0.877E+00
2,16/2/2026,19:08:00.627,-0.047E+00,-0.047E+00,-0.047E+00,-0.188E+00,-4.90E+00,-38.56E+00,+7.92E+00,+0.900E+00
2,16/2/2026,19:08:00.627,-0.047E+00,-0.047E+00,+0.000E+00,-0.188E+00,-4.94E+00,-37.92E+00,+7.81E+00,+0.931E+00
2,16/2/2026,19:08:00.627,-0.047E+00,-0.047E+00,-0.047E+00,-0.188E+00,-4.99E+00,-37.27E+00,+7.71E+00,+0.961E+00
2,16/2/2026,19:08:00.627,-0.047E+00,-0.047E+00,-0.047E+00,-0.188E+00,-5.04E+00,-36.58E+00,+7.60E+00,+0.992E+00
2,16/2/2026,19:08:00.627,-0.047E+00,-0.047E+00,+0.000E+00,-0.188E+00,-5.08E+00,-35.89E+00,+7.51E+00,+1.022E+00
2,16/2/2026,19:08:00.627,-0.047E+00,-0.047E+00,-0.047E+00,-0.188E+00,-5.13E+00,-35.19E+00,+7.40E+00,+1.045E+00
2,16/2/2026,19:08:00.627,-0.047E+00,-0.047E+00,+0.000E+00,-0.188E+00,-5.17E+00,-34.49E+00,+7.28E+00,+1.068E+00
2,16/2/2026,19:08:00.628,-0.047E+00,-0.047E+00,+0.000E+00,-0.188E+00,-5.22E+00,-33.79E+00,+7.17E+00,+1.099E+00
2,16/2/2026,19:08:00.628,-0.047E+00,-0.047E+00,-0.047E+00,-0.188E+00,-5.26E+00,-33.07E+00,+7.07E+00,+1.129E+00
2,16/2/2026,19:08:00.628,-0.047E+00,-0.047E+00,+0.000E+00,-0.188E+00,-5.31E+00,-32.34E+00,+6.94E+00,+1.152E+00
2,16/2/2026,19:08:00.628,-0.047E+00,-0.047E+00,-0.047E+00,-0.188E+00,-5.36E+00,-31.60E+00,+6.82E+00,+1.183E+00
2,16/2/2026,19:08:00.628,-0.047E+00,-0.047E+00,-0.047E+00,-0.188E+00,-5.40E+00,-30.86E+00,+6.71E+00,+1.206E+00
2,16/2/2026,19:08:00.628,-0.047E+00,-0.047E+00,-0.047E+00,-0.188E+00,-5.45E+00,-30.11E+00,+6.59E+00,+1.228E+00
2,16/2/2026,19:08:00.628,-0.047E+00,-0.047E+00,-0.047E+00,-0.188E+00,-5.49E+00,-29.36E+00,+6.47E+00,+1.251E+00
2,16/2/2026,19:08:00.628,-0.047E+00,-0.047E+00,-0.047E+00,-0.188E+00,-5.52E+00,-28.60E+00,+6.35E+00,+1.282E+00
2,16/2/2026,19:08:00.628,-0.047E+00,-0.047E+00,+0.000E+00,-0.188E+00,-5.57E+00,-27.83E+00,+6.23E+00,+1.312E+00
2,16/2/2026,19:08:00.628,-0.047E+00,-0.047E+00,+0.000E+00,-0.188E+00,-5.62E+00,-27.06E+00,+6.10E+00,+1.335E+00
2,16/2/2026,19:08:00.628,-0.047E+00,-0.047E+00,-0.047E+00,-0.188E+00,-5.65E+00,-26.28E+00,+5.98E+00,+1.358E+00
2,16/2/2026,19:08:00.628,-0.047E+00,-0.047E+00,-0.047E+00,-0.188E+00,-5.69E+00,-25.48E+00,+5.86E+00,+1.381E+00
2,16/2/2026,19:08:00.628,+0.000E+00,-0.047E+00,-0.047E+00,-0.188E+00,-5.74E+00,-24.68E+00,+5.72E+00,+1.404E+00
2,16/2/2026,19:08:00.628,-0.047E+00,-0.047E+00,-0.047E+00,-0.188E+00,-5.77E+00,-23.87E+00,+5.59E+00,+1.427E+00
2,16/2/2026,19:08:00.628,-0.047E+00,-0.047E+00,-0.047E+00,-0.188E+00,-5.81E+00,-23.07E+00,+5.46E+00,+1.450E+00
2,16/2/2026,19:08:00.628,-0.047E+00,-0.047E+00,+0.000E+00,-0.188E+00,-5.84E+00,-22.26E+00,+5.33E+00,+1.465E+00
2,16/2/2026,19:08:00.628,-0.047E+00,-0.047E+00,+0.000E+00,-0.188E+00,-5.88E+00,-21.44E+00,+5.19E+00,+1.488E+00
2,16/2/2026,19:08:00.628,-0.047E+00,-0.047E+00,-0.047E+00,-0.188E+00,-5.91E+00,-20.62E+00,+5.07E+00,+1.511E+00
2,16/2/2026,19:08:00.628,-0.047E+00,-0.047E+00,+0.000E+00,-0.188E+00,-5.95E+00,-19.79E+00,+4.93E+00,+1.534E+00
2,16/2/2026,19:08:00.628,-0.047E+00,-0.047E+00,-0.047E+00,-0.188E+00,-5.98E+00,-18.97E+00,+4.79E+00,+1.557E+00
2,16/2/2026,19:08:00.629,-0.047E+00,-0.047E+00,-0.047E+00,-0.188E+00,-6.03E+00,-18.13E+00,+4.65E+00,+1.579E+00
2,16/2/2026,19:08:00.629,-0.047E+00,-0.047E+00,-0.047E+00,-0.188E+00,-6.06E+00,-17.29E+00,+4.50E+00,+1.602E+00
2,16/2/2026,19:08:00.629,-0.047E+00,-0.047E+00,-0.047E+00,-0.188E+00,-6.10E+00,-16.44E+00,+4.36E+00,+1.625E+00
2,16/2/2026,19:08:00.629,-0.047E+00,-0.047E+00,-0.047E+00,-0.188E+00,-6.13E+00,-15.58E+00,+4.21E+00,+1.648E+00
2,16/2/2026,19:08:00.629,-0.047E+00,-0.047E+00,-0.047E+00,-0.188E+00,-6.17E+00,-14.73E+00,+4.06E+00,+1.663E+00
2,16/2/2026,19:08:00.629,-0.047E+00,-0.047E+00,-0.047E+00,-0.188E+00,-6.20E+00,-13.86E+00,+3.92E+00,+1.686E+00
2,16/2/2026,19:08:00.629,-0.047E+00,-0.047E+00,-0.047E+00,-0.188E+00,-6.23E+00,-12.99E+00,+3.77E+00,+1.709E+00
2,16/2/2026,19:08:00.629,-0.047E+00,-0.047E+00,+0.000E+00,-0.188E+00,-6.26E+00,-12.12E+00,+3.62E+00,+1.724E+00
2,16/2/2026,19:08:00.629,+0.000E+00,-0.047E+00,-0.047E+00,-0.188E+00,-6.29E+00,-11.25E+00,+3.48E+00,+1.747E+00
2,16/2/2026,19:08:00.629,-0.047E+00,-0.047E+00,-0.047E+00,-0.188E+00,-6.30E+00,-10.36E+00,+3.33E+00,+1.770E+00
2,16/2/2026,19:08:00.629,-0.047E+00,-0.047E+00,+0.000E+00,-0.188E+00,-6.32E+00,-9.49E+00,+3.17E+00,+1.778E+00
2,16/2/2026,19:08:00.629,-0.047E+00,-0.047E+00,+0.000E+00,-0.188E+00,-6.33E+00,-8.62E+00,+3.04E+00,+1.801E+00
2,16/2/2026,19:08:00.629,-0.047E+00,-0.047E+00,+0.000E+00,-0.188E+00,-6.35E+00,-7.74E+00,+2.88E+00,+1.816E+00
2,16/2/2026,19:08:00.629,-0.047E+00,-0.047E+00,-0.047E+00,-0.235E+00,-6.35E+00,-6.85E+00,+2.73E+00,+1.824E+00
2,16/2/2026,19:08:00.629,-0.047E+00,-0.047E+00,-0.047E+00,-0.188E+00,-6.35E+00,-5.98E+00,+2.58E+00,+1.839E+00
2,16/2/2026,19:08:00.629,-0.047E+00,-0.047E+00,-0.047E+00,-0.188E+00,-6.35E+00,-5.11E+00,+2.41E+00,+1.846E+00
2,16/2/2026,19:08:00.629,+0.000E+00,-0.047E+00,-0.047E+00,-0.188E+00,-6.35E+00,-4.24E+00,+2.26E+00,+1.862E+00
2,16/2/2026,19:08:00.629,-0.047E+00,-0.047E+00,+0.000E+00,-0.188E+00,-6.33E+00,-3.36E+00,+2.09E+00,+1.877E+00
2,16/2/2026,19:08:00.629,-0.047E+00,-0.047E+00,+0.000E+00,-0.188E+00,-6.33E+00,-2.47E+00,+1.92E+00,+1.885E+00
2,16/2/2026,19:08:00.629,-0.047E+00,-0.047E+00,-0.047E+00,-0.188E+00,-6.33E+00,-1.60E+00,+1.77E+00,+1.892E+00
2,16/2/2026,19:08:00.630,-0.047E+00,+0.000E+00,+0.000E+00,-0.188E+00,-6.32E+00,-0.73E+00,+1.60E+00,+1.900E+00
2,16/2/2026,19:08:00.630,-0.047E+00,-0.047E+00,+0.000E+00,-0.188E+00,-6.30E+00,+0.15E+00,+1.43E+00,+1.915E+00
2,16/2/2026,19:08:00.630,-0.047E+00,-0.047E+00,-0.047E+00,-0.188E+00,-6.29E+00,+1.02E+00,+1.27E+00,+1.923E+00
2,16/2/2026,19:08:00.630,+0.000E+00,-0.047E+00,-0.047E+00,-0.188E+00,-6.27E+00,+1.89E+00,+1.10E+00,+1.930E+00
2,16/2/2026,19:08:00.630,-0.047E+00,-0.047E+00,+0.000E+00,-0.188E+00,-6.24E+00,+2.78E+00,+0.95E+00,+1.938E+00
2,16/2/2026,19:08:00.630,-0.047E+00,-0.047E+00,+0.000E+00,-0.188E+00,-6.21E+00,+3.63E+00,+0.79E+00,+1.953E+00
2,16/2/2026,19:08:00.630,+0.000E+00,-0.047E+00,-0.047E+00,-0.188E+00,-6.17E+00,+4.50E+00,+0.63E+00,+1.953E+00
2,16/2/2026,19:08:00.630,-0.047E+00,-0.047E+00,-0.047E+00,-0.188E+00,-6.13E+00,+5.37E+00,+0.46E+00,+1.961E+00
2,16/2/2026,19:08:00.630,-0.047E+00,-0.047E+00,-0.047E+00,-0.188E+00,-6.10E+00,+6.23E+00,+0.31E+00,+1.969E+00
2,16/2/2026,19:08:00.630,-0.047E+00,-0.047E+00,+0.000E+00,-0.188E+00,-6.06E+00,+7.08E+00,+0.14E+00,+1.969E+00
2,16/2/2026,19:08:00.630,-0.047E+00,-0.047E+00,+0.000E+00,-0.188E+00,-6.03E+00,+7.94E+00,-0.02E+00,+1.976E+00
2,16/2/2026,19:08:00.630,-0.047E+00,-0.047E+00,-0.047E+00,-0.188E+00,-5.98E+00,+8.79E+00,-0.18E+00,+1.976E+00
2,16/2/2026,19:08:00.630,-0.047E+00,-0.047E+00,-0.047E+00,-0.188E+00,-5.94E+00,+9.63E+00,-0.35E+00,+1.976E+00
2,16/2/2026,19:08:00.630,-0.047E+00,-0.047E+00,-0.047E+00,-0.188E+00,-5.89E+00,+10.47E+00,-0.50E+00,+1.976E+00
2,16/2/2026,19:08:00.630,-0.047E+00,-0.047E+00,-0.047E+00,-0.188E+00,-5.86E+00,+11.29E+00,-0.67E+00,+1.984E+00
2,16/2/2026,19:08:00.630,-0.047E+00,-0.047E+00,+0.000E+00,-0.188E+00,-5.81E+00,+12.13E+00,-0.84E+00,+1.984E+00
2,16/2/2026,19:08:00.630,-0.047E+00,-0.047E+00,+0.000E+00,-0.188E+00,-5.77E+00,+12.96E+00,-1.01E+00,+1.984E+00
2,16/2/2026,19:08:00.630,-0.047E+00,-0.047E+00,-0.047E+00,-0.188E+00,-5.72E+00,+13.76E+00,-1.18E+00,+1.984E+00
2,16/2/2026,19:08:00.630,-0.047E+00,-0.047E+00,-0.047E+00,-0.188E+00,-5.68E+00,+14.59E+00,-1.34E+00,+1.984E+00
2,16/2/2026,19:08:00.630,-0.047E+00,-0.047E+00,+0.000E+00,-0.188E+00,-5.63E+00,+15.40E+00,-1.51E+00,+1.984E+00
2,16/2/2026,19:08:00.631,-0.047E+00,-0.047E+00,-0.047E+00,-0.188E+00,-5.59E+00,+16.19E+00,-1.68E+00,+1.984E+00
2,16/2/2026,19:08:00.631,+0.000E+00,-0.047E+00,-0.047E+00,-0.188E+00,-5.54E+00,+17.00E+00,-1.83E+00,+1.976E+00
2,16/2/2026,19:08:00.631,-0.047E+00,+0.000E+00,-0.047E+00,-0.188E+00,-5.49E+00,+17.79E+00,-2.00E+00,+1.976E+00
2,16/2/2026,19:08:00.631,-0.047E+00,-0.047E+00,-0.047E+00,-0.188E+00,-5.45E+00,+18.59E+00,-2.15E+00,+1.976E+00
2,16/2/2026,19:08:00.631,+0.000E+00,-0.047E+00,-0.047E+00,-0.188E+00,-5.40E+00,+19.38E+00,-2.30E+00,+1.976E+00
2,16/2/2026,19:08:00.631,-0.047E+00,-0.047E+00,+0.000E+00,-0.188E+00,-5.36E+00,+20.16E+00,-2.47E+00,+1.976E+00
2,16/2/2026,19:08:00.631,-0.047E+00,-0.047E+00,+0.000E+00,-0.188E+00,-5.31E+00,+20.94E+00,-2.64E+00,+1.976E+00
2,16/2/2026,19:08:00.631,-0.047E+00,-0.047E+00,-0.047E+00,-0.188E+00,-5.25E+00,+21.73E+00,-2.79E+00,+1.976E+00
2,16/2/2026,19:08:00.631,-0.047E+00,-0.047E+00,+0.000E+00,-0.188E+00,-5.20E+00,+22.49E+00,-2.95E+00,+1.976E+00
2,16/2/2026,19:08:00.631,-0.047E+00,-0.047E+00,+0.000E+00,-0.188E+00,-5.16E+00,+23.26E+00,-3.11E+00,+1.976E+00
2,16/2/2026,19:08:00.631,-0.047E+00,-0.047E+00,-0.047E+00,-0.188E+00,-5.11E+00,+24.03E+00,-3.27E+00,+1.969E+00
2,16/2/2026,19:08:00.631,-0.047E+00,-0.047E+00,+0.000E+00,-0.141E+00,-5.07E+00,+24.78E+00,-3.40E+00,+1.969E+00
2,16/2/2026,19:08:00.631,-0.047E+00,-0.047E+00,+0.000E+00,-0.188E+00,-5.01E+00,+25.55E+00,-3.57E+00,+1.969E+00
2,16/2/2026,19:08:00.631,-0.047E+00,-0.047E+00,-0.047E+00,-0.188E+00,-4.96E+00,+26.31E+00,-3.72E+00,+1.961E+00
2,16/2/2026,19:08:00.631,-0.047E+00,-0.047E+00,-0.047E+00,-0.188E+00,-4.90E+00,+27.06E+00,-3.86E+00,+1.961E+00
2,16/2/2026,19:08:00.631,-0.047E+00,-0.047E+00,+0.000E+00,-0.188E+00,-4.85E+00,+27.79E+00,-4.01E+00,+1.961E+00
2,16/2/2026,19:08:00.631,-0.047E+00,-0.047E+00,-0.047E+00,-0.188E+00,-4.79E+00,+28.52E+00,-4.17E+00,+1.961E+00
2,16/2/2026,19:08:00.631,-0.047E+00,-0.047E+00,-0.047E+00,-0.188E+00,-4.75E+00,+29.25E+00,-4.30E+00,+1.953E+00
2,16/2/2026,19:08:00.631,-0.047E+00,-0.047E+00,+0.000E+00,-0.188E+00,-4.68E+00,+29.97E+00,-4.46E+00,+1.946E+00
2,16/2/2026,19:08:00.631,-0.047E+00,-0.047E+00,+0.000E+00,-0.188E+00,-4.62E+00,+30.69E+00,-4.59E+00,+1.946E+00
2,16/2/2026,19:08:00.632,-0.047E+00,-0.047E+00,-0.047E+00,-0.188E+00,-4.56E+00,+31.41E+00,-4.75E+00,+1.938E+00
2,16/2/2026,19:08:00.632,-0.047E+00,-0.047E+00,-0.047E+00,-0.188E+00,-4.50E+00,+32.12E+00,-4.90E+00,+1.938E+00
2,16/2/2026,19:08:00.632,-0.047E+00,-0.047E+00,-0.047E+00,-0.235E+00,-4.44E+00,+32.82E+00,-5.04E+00,+1.930E+00
2,16/2/2026,19:08:00.632,-0.047E+00,-0.047E+00,-0.047E+00,-0.188E+00,-4.38E+00,+33.53E+00,-5.17E+00,+1.930E+00
2,16/2/2026,19:08:00.632,-0.047E+00,-0.047E+00,-0.047E+00,-0.188E+00,-4.32E+00,+34.21E+00,-5.33E+00,+1.923E+00
2,16/2/2026,19:08:00.632,-0.047E+00,+0.000E+00,-0.047E+00,-0.188E+00,-4.26E+00,+34.90E+00,-5.46E+00,+1.923E+00
2,16/2/2026,19:08:00.632,-0.047E+00,-0.047E+00,-0.047E+00,-0.188E+00,-4.20E+00,+35.59E+00,-5.60E+00,+1.915E+00
2,16/2/2026,19:08:00.632,-0.047E+00,-0.047E+00,+0.000E+00,-0.188E+00,-4.12E+00,+36.26E+00,-5.74E+00,+1.908E+00
2,16/2/2026,19:08:00.632,-0.047E+00,+0.000E+00,-0.047E+00,-0.188E+00,-4.06E+00,+36.91E+00,-5.88E+00,+1.900E+00
2,16/2/2026,19:08:00.632,-0.047E+00,-0.047E+00,+0.000E+00,-0.188E+00,-4.00E+00,+37.59E+00,-6.01E+00,+1.900E+00
2,16/2/2026,19:08:00.632,-0.047E+00,-0.047E+00,+0.000E+00,-0.188E+00,-3.92E+00,+38.24E+00,-6.15E+00,+1.892E+00
2,16/2/2026,19:08:00.632,-0.047E+00,-0.047E+00,-0.047E+00,-0.141E+00,-3.85E+00,+38.90E+00,-6.30E+00,+1.892E+00
2,16/2/2026,19:08:00.632,-0.047E+00,-0.047E+00,-0.047E+00,-0.188E+00,-3.78E+00,+39.54E+00,-6.44E+00,+1.885E+00
2,16/2/2026,19:08:00.632,-0.047E+00,-0.047E+00,-0.047E+00,-0.188E+00,-3.71E+00,+40.18E+00,-6.58E+00,+1.877E+00
2,16/2/2026,19:08:00.632,-0.047E+00,-0.047E+00,-0.047E+00,-0.188E+00,-3.63E+00,+40.81E+00,-6.71E+00,+1.869E+00
2,16/2/2026,19:08:00.632,-0.047E+00,-0.047E+00,+0.000E+00,-0.188E+00,-3.56E+00,+41.43E+00,-6.85E+00,+1.854E+00
2,16/2/2026,19:08:00.632,-0.047E+00,-0.047E+00,+0.000E+00,-0.235E+00,-3.48E+00,+42.04E+00,-6.97E+00,+1.846E+00
2,16/2/2026,19:08:00.632,+0.000E+00,-0.047E+00,-0.047E+00,-0.188E+00,-3.42E+00,+42.62E+00,-7.10E+00,+1.831E+00
2,16/2/2026,19:08:00.632,+0.000E+00,-0.047E+00,-0.047E+00,-0.188E+00,-3.34E+00,+43.20E+00,-7.22E+00,+1.816E+00
2,16/2/2026,19:08:00.632,-0.047E+00,-0.047E+00,-0.047E+00,-0.188E+00,-3.25E+00,+43.77E+00,-7.34E+00,+1.793E+00
2,16/2/2026,19:08:00.633,-0.047E+00,-0.047E+00,+0.000E+00,-0.188E+00,-3.19E+00,+44.32E+00,-7.45E+00,+1.770E+00
2,16/2/2026,19:08:00.633,-0.047E+00,-0.047E+00,+0.000E+00,-0.188E+00,-3.10E+00,+44.85E+00,-7.57E+00,+1.747E+00
2,16/2/2026,19:08:00.633,-0.047E+00,-0.047E+00,-0.047E+00,-0.188E+00,-3.02E+00,+45.37E+00,-7.68E+00,+1.732E+00
2,16/2/2026,19:08:00.633,-0.047E+00,-0.047E+00,-0.047E+00,-0.188E+00,-2.93E+00,+45.87E+00,-7.78E+00,+1.709E+00
2,16/2/2026,19:08:00.633,-0.047E+00,-0.047E+00,-0.047E+00,-0.188E+00,-2.85E+00,+46.36E+00,-7.89E+00,+1.694E+00
2,16/2/2026,19:08:00.633,-0.047E+00,-0.047E+00,-0.047E+00,-0.188E+00,-2.76E+00,+46.85E+00,-8.00E+00,+1.671E+00
2,16/2/2026,19:08:00.633,-0.047E+00,-0.047E+00,-0.047E+00,-0.188E+00,-2.67E+00,+47.34E+00,-8.09E+00,+1.656E+00
2,16/2/2026,19:08:00.633,+0.000E+00,-0.047E+00,-0.047E+00,-0.188E+00,-2.58E+00,+47.81E+00,-8.18E+00,+1.633E+00
2,16/2/2026,19:08:00.633,-0.047E+00,-0.047E+00,+0.000E+00,-0.188E+00,-2.49E+00,+48.25E+00,-8.27E+00,+1.610E+00
2,16/2/2026,19:08:00.633,-0.047E+00,-0.047E+00,-0.047E+00,-0.188E+00,-2.40E+00,+48.68E+00,-8.36E+00,+1.587E+00
2,16/2/2026,19:08:00.633,-0.047E+00,-0.047E+00,-0.047E+00,-0.188E+00,-2.30E+00,+49.09E+00,-8.47E+00,+1.557E+00
2,16/2/2026,19:08:00.633,-0.047E+00,-0.047E+00,-0.047E+00,-0.188E+00,-2.21E+00,+49.49E+00,-8.56E+00,+1.534E+00
2,16/2/2026,19:08:00.633,-0.047E+00,-0.047E+00,-0.047E+00,-0.188E+00,-2.12E+00,+49.87E+00,-8.64E+00,+1.503E+00
2,16/2/2026,19:08:00.633,+0.000E+00,-0.047E+00,+0.000E+00,-0.188E+00,-2.03E+00,+50.24E+00,-8.73E+00,+1.480E+00
2,16/2/2026,19:08:00.633,-0.047E+00,-0.047E+00,+0.000E+00,-0.188E+00,-1.94E+00,+50.59E+00,-8.81E+00,+1.450E+00
2,16/2/2026,19:08:00.633,-0.047E+00,-0.047E+00,-0.047E+00,-0.188E+00,-1.86E+00,+50.94E+00,-8.90E+00,+1.427E+00
2,16/2/2026,19:08:00.633,-0.047E+00,-0.047E+00,-0.047E+00,-0.188E+00,-1.77E+00,+51.26E+00,-8.97E+00,+1.396E+00
2,16/2/2026,19:08:00.633,-0.047E+00,-0.047E+00,+0.000E+00,-0.188E+00,-1.66E+00,+51.58E+00,-9.05E+00,+1.366E+00
2,16/2/2026,19:08:00.633,-0.047E+00,-0.047E+00,-0.047E+00,-0.188E+00,-1.57E+00,+51.87E+00,-9.13E+00,+1.343E+00
2,16/2/2026,19:08:00.633,-0.047E+00,-0.047E+00,-0.047E+00,-0.188E+00,-1.48E+00,+52.14E+00,-9.20E+00,+1.312E+00
2,16/2/2026,19:08:00.634,-0.047E+00,-0.047E+00,-0.047E+00,-0.188E+00,-1.39E+00,+52.40E+00,-9.28E+00,+1.282E+00
2,16/2/2026,19:08:00.634,-0.047E+00,-0.047E+00,-0.047E+00,-0.188E+00,-1.30E+00,+52.66E+00,-9.35E+00,+1.259E+00
2,16/2/2026,19:08:00.634,-0.047E+00,-0.047E+00,-0.047E+00,-0.188E+00,-1.19E+00,+52.91E+00,-9.42E+00,+1.236E+00
2,16/2/2026,19:08:00.634,-0.047E+00,-0.047E+00,-0.047E+00,-0.188E+00,-1.10E+00,+53.15E+00,-9.48E+00,+1.206E+00
2,16/2/2026,19:08:00.634,+0.000E+00,-0.047E+00,+0.000E+00,-0.188E+00,-1.01E+00,+53.36E+00,-9.54E+00,+1.183E+00
2,16/2/2026,19:08:00.634,+0.000E+00,-0.047E+00,+0.000E+00,-0.188E+00,-0.90E+00,+53.58E+00,-9.61E+00,+1.160E+00
2,16/2/2026,19:08:00.634,-0.047E+00,-0.047E+00,+0.000E+00,-0.188E+00,-0.82E+00,+53.76E+00,-9.66E+00,+1.129E+00
2,16/2/2026,19:08:00.634,-0.047E+00,-0.047E+00,-0.047E+00,-0.188E+00,-0.73E+00,+53.94E+00,-9.72E+00,+1.106E+00
2,16/2/2026,19:08:00.634,+0.000E+00,-0.047E+00,+0.000E+00,-0.188E+00,-0.63E+00,+54.13E+00,-9.78E+00,+1.076E+00
2,16/2/2026,19:08:00.634,-0.047E+00,-0.047E+00,+0.000E+00,-0.188E+00,-0.53E+00,+54.28E+00,-9.83E+00,+1.053E+00
2,16/2/2026,19:08:00.634,-0.047E+00,-0.047E+00,-0.047E+00,-0.188E+00,-0.44E+00,+54.42E+00,-9.87E+00,+1.022E+00
2,16/2/2026,19:08:00.634,+0.000E+00,-0.047E+00,-0.047E+00,-0.188E+00,-0.35E+00,+54.54E+00,-9.93E+00,+1.000E+00
2,16/2/2026,19:08:00.634,-0.047E+00,-0.047E+00,-0.047E+00,-0.188E+00,-0.26E+00,+54.66E+00,-9.98E+00,+0.969E+00
2,16/2/2026,19:08:00.634,-0.047E+00,-0.047E+00,-0.047E+00,-0.188E+00,-0.17E+00,+54.77E+00,-10.03E+00,+0.946E+00
2,16/2/2026,19:08:00.634,+0.000E+00,-0.047E+00,-0.047E+00,-0.188E+00,-0.08E+00,+54.86E+00,-10.06E+00,+0.923E+00
2,16/2/2026,19:08:00.634,+0.000E+00,-0.047E+00,+0.000E+00,-0.188E+00,+0.02E+00,+54.94E+00,-10.10E+00,+0.893E+00
2,16/2/2026,19:08:00.634,-0.047E+00,-0.047E+00,-0.047E+00,-0.188E+00,+0.11E+00,+55.00E+00,-10.15E+00,+0.870E+00
2,16/2/2026,19:08:00.634,-0.047E+00,-0.047E+00,-0.047E+00,-0.188E+00,+0.20E+00,+55.06E+00,-10.18E+00,+0.839E+00
2,16/2/2026,19:08:00.634,-0.047E+00,-0.047E+00,-0.047E+00,-0.188E+00,+0.29E+00,+55.10E+00,-10.22E+00,+0.816E+00
2,16/2/2026,19:08:00.634,-0.047E+00,-0.047E+00,+0.000E+00,-0.188E+00,+0.38E+00,+55.12E+00,-10.25E+00,+0.786E+00
2,16/2/2026,19:08:00.635,-0.047E+00,-0.047E+00,-0.047E+00,-0.188E+00,+0.47E+00,+55.14E+00,-10.29E+00,+0.763E+00
2,16/2/2026,19:08:00.635,-0.047E+00,-0.047E+00,+0.000E+00,-0.188E+00,+0.56E+00,+55.15E+00,-10.32E+00,+0.732E+00
2,16/2/2026,19:08:00.635,-0.047E+00,-0.047E+00,+0.000E+00,-0.188E+00,+0.66E+00,+55.14E+00,-10.36E+00,+0.702E+00
2,16/2/2026,19:08:00.635,-0.047E+00,-0.047E+00,-0.047E+00,-0.188E+00,+0.73E+00,+55.09E+00,-10.39E+00,+0.671E+00
2,16/2/2026,19:08:00.635,-0.047E+00,-0.047E+00,+0.000E+00,-0.188E+00,+0.82E+00,+55.06E+00,-10.41E+00,+0.641E+00
2,16/2/2026,19:08:00.635,-0.047E+00,-0.047E+00,-0.047E+00,-0.188E+00,+0.92E+00,+55.00E+00,-10.44E+00,+0.610E+00
2,16/2/2026,19:08:00.635,-0.047E+00,-0.047E+00,-0.047E+00,-0.188E+00,+1.01E+00,+54.94E+00,-10.47E+00,+0.580E+00
2,16/2/2026,19:08:00.635,-0.047E+00,-0.047E+00,+0.000E+00,-0.188E+00,+1.10E+00,+54.85E+00,-10.48E+00,+0.549E+00
2,16/2/2026,19:08:00.635,-0.047E+00,-0.047E+00,-0.047E+00,-0.188E+00,+1.18E+00,+54.74E+00,-10.50E+00,+0.526E+00
2,16/2/2026,19:08:00.635,-0.047E+00,-0.047E+00,-0.047E+00,-0.188E+00,+1.28E+00,+54.63E+00,-10.53E+00,+0.496E+00
2,16/2/2026,19:08:00.635,-0.047E+00,-0.047E+00,+0.000E+00,-0.188E+00,+1.37E+00,+54.52E+00,-10.56E+00,+0.465E+00
2,16/2/2026,19:08:00.635,-0.047E+00,-0.047E+00,+0.000E+00,-0.188E+00,+1.45E+00,+54.39E+00,-10.58E+00,+0.435E+00
2,16/2/2026,19:08:00.635,-0.047E+00,-0.047E+00,+0.000E+00,-0.188E+00,+1.56E+00,+54.23E+00,-10.58E+00,+0.404E+00
2,16/2/2026,19:08:00.635,+0.000E+00,-0.047E+00,+0.000E+00,-0.188E+00,+1.65E+00,+54.07E+00,-10.61E+00,+0.374E+00
2,16/2/2026,19:08:00.635,-0.047E+00,-0.047E+00,-0.047E+00,-0.188E+00,+1.72E+00,+53.88E+00,-10.62E+00,+0.343E+00
2,16/2/2026,19:08:00.635,-0.047E+00,-0.047E+00,-0.047E+00,-0.188E+00,+1.83E+00,+53.70E+00,-10.62E+00,+0.320E+00
2,16/2/2026,19:08:00.635,-0.047E+00,-0.047E+00,+0.000E+00,-0.188E+00,+1.92E+00,+53.50E+00,-10.64E+00,+0.290E+00
2,16/2/2026,19:08:00.635,-0.047E+00,-0.047E+00,+0.000E+00,-0.188E+00,+2.01E+00,+53.29E+00,-10.65E+00,+0.259E+00
2,16/2/2026,19:08:00.635,-0.047E+00,-0.047E+00,-0.047E+00,-0.188E+00,+2.11E+00,+53.06E+00,-10.65E+00,+0.221E+00
2,16/2/2026,19:08:00.635,+0.000E+00,-0.047E+00,-0.047E+00,-0.188E+00,+2.20E+00,+52.82E+00,-10.67E+00,+0.191E+00
2,16/2/2026,19:08:00.636,-0.047E+00,-0.047E+00,+0.000E+00,-0.188E+00,+2.29E+00,+52.57E+00,-10.67E+00,+0.160E+00
2,16/2/2026,19:08:00.636,-0.047E+00,-0.047E+00,-0.047E+00,-0.188E+00,+2.38E+00,+52.30E+00,-10.68E+00,+0.130E+00
2,16/2/2026,19:08:00.636,-0.047E+00,-0.047E+00,-0.047E+00,-0.188E+00,+2.47E+00,+52.02E+00,-10.68E+00,+0.099E+00
2,16/2/2026,19:08:00.636,-0.047E+00,-0.047E+00,+0.000E+00,-0.188E+00,+2.56E+00,+51.72E+00,-10.67E+00,+0.069E+00
2,16/2/2026,19:08:00.636,-0.047E+00,-0.047E+00,-0.047E+00,-0.188E+00,+2.64E+00,+51.41E+00,-10.65E+00,+0.038E+00
2,16/2/2026,19:08:00.636,-0.047E+00,-0.047E+00,-0.047E+00,-0.188E+00,+2.73E+00,+51.09E+00,-10.65E+00,+0.008E+00
2,16/2/2026,19:08:00.636,-0.047E+00,-0.047E+00,+0.000E+00,-0.188E+00,+2.81E+00,+50.76E+00,-10.62E+00,-0.023E+00
2,16/2/2026,19:08:00.636,-0.047E+00,-0.047E+00,+0.000E+00,-0.188E+00,+2.88E+00,+50.40E+00,-10.59E+00,-0.053E+00
2,16/2/2026,19:08:00.636,+0.000E+00,-0.047E+00,+0.000E+00,-0.188E+00,+2.96E+00,+50.05E+00,-10.54E+00,-0.084E+00
2,16/2/2026,19:08:00.636,-0.047E+00,-0.047E+00,-0.047E+00,-0.188E+00,+3.04E+00,+49.69E+00,-10.50E+00,-0.114E+00
2,16/2/2026,19:08:00.636,-0.047E+00,-0.047E+00,-0.047E+00,-0.188E+00,+3.10E+00,+49.31E+00,-10.44E+00,-0.145E+00
2,16/2/2026,19:08:00.636,-0.047E+00,-0.047E+00,-0.047E+00,-0.188E+00,+3.17E+00,+48.91E+00,-10.38E+00,-0.183E+00
2,16/2/2026,19:08:00.636,-0.047E+00,-0.047E+00,+0.000E+00,-0.188E+00,+3.24E+00,+48.50E+00,-10.32E+00,-0.206E+00
2,16/2/2026,19:08:00.636,-0.047E+00,-0.047E+00,-0.047E+00,-0.188E+00,+3.31E+00,+48.08E+00,-10.25E+00,-0.237E+00
2,16/2/2026,19:08:00.636,-0.047E+00,-0.047E+00,-0.047E+00,-0.188E+00,+3.37E+00,+47.66E+00,-10.19E+00,-0.275E+00
2,16/2/2026,19:08:00.636,-0.047E+00,-0.047E+00,-0.047E+00,-0.188E+00,+3.43E+00,+47.20E+00,-10.12E+00,-0.305E+00
2,16/2/2026,19:08:00.636,-0.047E+00,-0.047E+00,-0.047E+00,-0.188E+00,+3.51E+00,+46.76E+00,-10.06E+00,-0.336E+00
2,16/2/2026,19:08:00.636,-0.047E+00,-0.047E+00,-0.047E+00,-0.188E+00,+3.57E+00,+46.28E+00,-10.00E+00,-0.366E+00
2,16/2/2026,19:08:00.636,-0.047E+00,-0.047E+00,+0.000E+00,-0.188E+00,+3.63E+00,+45.81E+00,-9.92E+00,-0.397E+00
2,16/2/2026,19:08:00.636,-0.047E+00,-0.047E+00,+0.000E+00,-0.188E+00,+3.69E+00,+45.32E+00,-9.84E+00,-0.427E+00
2,16/2/2026,19:08:00.637,-0.047E+00,-0.047E+00,+0.000E+00,-0.188E+00,+3.75E+00,+44.82E+00,-9.78E+00,-0.465E+00
2,16/2/2026,19:08:00.637,-0.047E+00,-0.047E+00,+0.000E+00,-0.188E+00,+3.82E+00,+44.30E+00,-9.69E+00,-0.488E+00
2,16/2/2026,19:08:00.637,-0.047E+00,-0.047E+00,+0.000E+00,-0.188E+00,+3.85E+00,+43.78E+00,-9.61E+00,-0.519E+00
2,16/2/2026,19:08:00.637,-0.047E+00,-0.047E+00,-0.047E+00,-0.188E+00,+3.89E+00,+43.23E+00,-9.52E+00,-0.557E+00
2,16/2/2026,19:08:00.637,-0.047E+00,-0.047E+00,-0.047E+00,-0.188E+00,+3.95E+00,+42.70E+00,-9.42E+00,-0.588E+00
2,16/2/2026,19:08:00.637,-0.047E+00,-0.047E+00,-0.047E+00,-0.188E+00,+4.00E+00,+42.13E+00,-9.32E+00,-0.618E+00
2,16/2/2026,19:08:00.637,-0.047E+00,-0.047E+00,-0.047E+00,-0.188E+00,+4.04E+00,+41.55E+00,-9.22E+00,-0.649E+00
2,16/2/2026,19:08:00.637,-0.047E+00,-0.047E+00,-0.047E+00,-0.188E+00,+4.09E+00,+40.97E+00,-9.11E+00,-0.679E+00
2,16/2/2026,19:08:00.637,-0.047E+00,-0.047E+00,+0.000E+00,-0.188E+00,+4.14E+00,+40.38E+00,-9.02E+00,-0.710E+00
2,16/2/2026,19:08:00.637,+0.000E+00,-0.047E+00,+0.000E+00,-0.188E+00,+4.18E+00,+39.77E+00,-8.91E+00,-0.740E+00
2,16/2/2026,19:08:00.637,-0.047E+00,-0.047E+00,+0.000E+00,-0.188E+00,+4.24E+00,+39.14E+00,-8.82E+00,-0.778E+00
2,16/2/2026,19:08:00.637,-0.047E+00,-0.047E+00,-0.047E+00,-0.188E+00,+4.29E+00,+38.52E+00,-8.71E+00,-0.801E+00
2,16/2/2026,19:08:00.637,-0.047E+00,-0.047E+00,+0.000E+00,-0.188E+00,+4.33E+00,+37.88E+00,-8.61E+00,-0.832E+00
2,16/2/2026,19:08:00.637,-0.047E+00,-0.047E+00,+0.000E+00,-0.188E+00,+4.39E+00,+37.23E+00,-8.52E+00,-0.870E+00
2,16/2/2026,19:08:00.637,-0.047E+00,-0.047E+00,-0.047E+00,-0.188E+00,+4.44E+00,+36.56E+00,-8.41E+00,-0.893E+00
2,16/2/2026,19:08:00.637,-0.047E+00,-0.047E+00,-0.047E+00,-0.188E+00,+4.49E+00,+35.91E+00,-8.30E+00,-0.923E+00
2,16/2/2026,19:08:00.637,+0.000E+00,-0.047E+00,+0.000E+00,-0.188E+00,+4.55E+00,+35.24E+00,-8.19E+00,-0.954E+00
2,16/2/2026,19:08:00.637,-0.047E+00,-0.047E+00,-0.047E+00,-0.188E+00,+4.59E+00,+34.55E+00,-8.09E+00,-0.984E+00
2,16/2/2026,19:08:00.637,-0.047E+00,-0.047E+00,-0.047E+00,-0.188E+00,+4.64E+00,+33.86E+00,-7.98E+00,-1.015E+00
2,16/2/2026,19:08:00.637,-0.047E+00,-0.047E+00,-0.047E+00,-0.188E+00,+4.68E+00,+33.15E+00,-7.87E+00,-1.038E+00
2,16/2/2026,19:08:00.638,-0.047E+00,-0.047E+00,-0.047E+00,-0.188E+00,+4.73E+00,+32.44E+00,-7.77E+00,-1.068E+00
2,16/2/2026,19:08:00.638,-0.047E+00,-0.047E+00,+0.000E+00,-0.188E+00,+4.78E+00,+31.73E+00,-7.65E+00,-1.091E+00
2,16/2/2026,19:08:00.638,-0.047E+00,-0.047E+00,+0.000E+00,-0.188E+00,+4.82E+00,+30.99E+00,-7.54E+00,-1.122E+00
2,16/2/2026,19:08:00.638,-0.047E+00,-0.047E+00,+0.000E+00,-0.188E+00,+4.87E+00,+30.26E+00,-7.42E+00,-1.145E+00
2,16/2/2026,19:08:00.638,-0.047E+00,-0.047E+00,+0.000E+00,-0.188E+00,+4.91E+00,+29.51E+00,-7.29E+00,-1.175E+00
2,16/2/2026,19:08:00.638,-0.047E+00,-0.047E+00,-0.047E+00,-0.188E+00,+4.96E+00,+28.77E+00,-7.17E+00,-1.198E+00
2,16/2/2026,19:08:00.638,-0.047E+00,-0.047E+00,-0.047E+00,-0.188E+00,+5.01E+00,+28.00E+00,-7.05E+00,-1.221E+00
2,16/2/2026,19:08:00.638,-0.047E+00,-0.047E+00,-0.047E+00,-0.188E+00,+5.05E+00,+27.25E+00,-6.93E+00,-1.244E+00
2,16/2/2026,19:08:00.638,+0.000E+00,-0.047E+00,+0.000E+00,-0.188E+00,+5.08E+00,+26.49E+00,-6.81E+00,-1.274E+00
2,16/2/2026,19:08:00.638,-0.047E+00,-0.047E+00,-0.047E+00,-0.188E+00,+5.13E+00,+25.71E+00,-6.70E+00,-1.297E+00
2,16/2/2026,19:08:00.638,-0.047E+00,-0.047E+00,-0.047E+00,-0.188E+00,+5.16E+00,+24.92E+00,-6.56E+00,-1.320E+00
2,16/2/2026,19:08:00.638,-0.047E+00,-0.047E+00,-0.047E+00,-0.188E+00,+5.20E+00,+24.13E+00,-6.44E+00,-1.343E+00
2,16/2/2026,19:08:00.638,-0.047E+00,-0.047E+00,-0.047E+00,-0.188E+00,+5.25E+00,+23.33E+00,-6.30E+00,-1.373E+00
2,16/2/2026,19:08:00.638,-0.047E+00,-0.047E+00,-0.047E+00,-0.188E+00,+5.28E+00,+22.52E+00,-6.17E+00,-1.389E+00
2,16/2/2026,19:08:00.638,+0.000E+00,-0.047E+00,+0.000E+00,-0.188E+00,+5.33E+00,+21.72E+00,-6.04E+00,-1.419E+00
2,16/2/2026,19:08:00.638,-0.047E+00,-0.047E+00,+0.000E+00,-0.188E+00,+5.37E+00,+20.91E+00,-5.91E+00,-1.442E+00
2,16/2/2026,19:08:00.638,-0.047E+00,-0.047E+00,+0.000E+00,-0.188E+00,+5.40E+00,+20.10E+00,-5.77E+00,-1.465E+00
2,16/2/2026,19:08:00.638,+0.000E+00,-0.047E+00,-0.047E+00,-0.188E+00,+5.45E+00,+19.27E+00,-5.63E+00,-1.488E+00
2,16/2/2026,19:08:00.638,-0.047E+00,-0.047E+00,-0.047E+00,-0.188E+00,+5.48E+00,+18.45E+00,-5.49E+00,-1.511E+00
2,16/2/2026,19:08:00.638,-0.047E+00,-0.047E+00,-0.047E+00,-0.188E+00,+5.52E+00,+17.61E+00,-5.36E+00,-1.526E+00
2,16/2/2026,19:08:00.639,+0.000E+00,-0.047E+00,-0.047E+00,-0.188E+00,+5.55E+00,+16.77E+00,-5.20E+00,-1.557E+00
2,16/2/2026,19:08:00.639,-0.047E+00,-0.047E+00,-0.047E+00,-0.188E+00,+5.59E+00,+15.95E+00,-5.07E+00,-1.572E+00
2,16/2/2026,19:08:00.639,-0.047E+00,-0.047E+00,-0.047E+00,-0.188E+00,+5.63E+00,+15.09E+00,-4.91E+00,-1.595E+00
2,16/2/2026,19:08:00.639,-0.047E+00,-0.047E+00,-0.047E+00,-0.188E+00,+5.66E+00,+14.24E+00,-4.78E+00,-1.618E+00
2,16/2/2026,19:08:00.639,-0.047E+00,-0.047E+00,-0.047E+00,-0.188E+00,+5.69E+00,+13.38E+00,-4.62E+00,-1.640E+00
2,16/2/2026,19:08:00.639,-0.047E+00,-0.047E+00,+0.000E+00,-0.188E+00,+5.72E+00,+12.51E+00,-4.47E+00,-1.663E+00
2,16/2/2026,19:08:00.639,-0.047E+00,-0.047E+00,-0.047E+00,-0.188E+00,+5.75E+00,+11.64E+00,-4.33E+00,-1.679E+00
2,16/2/2026,19:08:00.639,-0.047E+00,-0.047E+00,-0.047E+00,-0.188E+00,+5.78E+00,+10.77E+00,-4.18E+00,-1.702E+00
2,16/2/2026,19:08:00.639,-0.047E+00,-0.047E+00,-0.047E+00,-0.188E+00,+5.81E+00,+9.89E+00,-4.04E+00,-1.724E+00
2,16/2/2026,19:08:00.639,-0.047E+00,-0.047E+00,+0.000E+00,-0.188E+00,+5.83E+00,+9.02E+00,-3.89E+00,-1.740E+00
2,16/2/2026,19:08:00.639,-0.047E+00,-0.047E+00,+0.000E+00,-0.188E+00,+5.84E+00,+8.15E+00,-3.74E+00,-1.763E+00
2,16/2/2026,19:08:00.639,-0.047E+00,-0.047E+00,+0.000E+00,-0.188E+00,+5.86E+00,+7.26E+00,-3.57E+00,-1.770E+00
2,16/2/2026,19:08:00.639,-0.047E+00,-0.047E+00,-0.047E+00,-0.188E+00,+5.88E+00,+6.38E+00,-3.42E+00,-1.785E+00
2,16/2/2026,19:08:00.639,-0.047E+00,-0.047E+00,-0.047E+00,-0.188E+00,+5.89E+00,+5.51E+00,-3.27E+00,-1.801E+00
2,16/2/2026,19:08:00.639,-0.047E+00,-0.047E+00,-0.047E+00,-0.188E+00,+5.89E+00,+4.64E+00,-3.10E+00,-1.816E+00
2,16/2/2026,19:08:00.639,-0.047E+00,-0.047E+00,-0.047E+00,-0.188E+00,+5.89E+00,+3.75E+00,-2.95E+00,-1.831E+00
2,16/2/2026,19:08:00.639,-0.047E+00,-0.047E+00,-0.047E+00,-0.188E+00,+5.89E+00,+2.87E+00,-2.79E+00,-1.839E+00
2,16/2/2026,19:08:00.639,-0.047E+00,-0.047E+00,+0.000E+00,-0.188E+00,+5.88E+00,+2.00E+00,-2.62E+00,-1.846E+00
2,16/2/2026,19:08:00.639,-0.047E+00,-0.047E+00,+0.000E+00,-0.188E+00,+5.88E+00,+1.11E+00,-2.47E+00,-1.862E+00
2,16/2/2026,19:08:00.639,-0.047E+00,-0.047E+00,-0.047E+00,-0.188E+00,+5.88E+00,+0.24E+00,-2.30E+00,-1.869E+00
2,16/2/2026,19:08:00.640,-0.047E+00,-0.047E+00,+0.000E+00,-0.188E+00,+5.86E+00,-0.63E+00,-2.14E+00,-1.885E+00
2,16/2/2026,19:08:00.640,-0.047E+00,-0.047E+00,-0.047E+00,-0.188E+00,+5.84E+00,-1.51E+00,-1.98E+00,-1.892E+00
2,16/2/2026,19:08:00.640,-0.047E+00,-0.047E+00,-0.047E+00,-0.188E+00,+5.83E+00,-2.37E+00,-1.82E+00,-1.900E+00
2,16/2/2026,19:08:00.640,-0.047E+00,-0.047E+00,+0.000E+00,-0.235E+00,+5.80E+00,-3.24E+00,-1.63E+00,-1.908E+00
2,16/2/2026,19:08:00.640,-0.047E+00,-0.047E+00,-0.047E+00,-0.188E+00,+5.77E+00,-4.12E+00,-1.46E+00,-1.915E+00
2,16/2/2026,19:08:00.640,-0.047E+00,-0.047E+00,-0.047E+00,-0.188E+00,+5.75E+00,-4.99E+00,-1.31E+00,-1.923E+00
2,16/2/2026,19:08:00.640,-0.047E+00,-0.047E+00,-0.047E+00,-0.188E+00,+5.72E+00,-5.86E+00,-1.14E+00,-1.930E+00
2,16/2/2026,19:08:00.640,-0.047E+00,-0.047E+00,+0.000E+00,-0.188E+00,+5.69E+00,-6.71E+00,-0.98E+00,-1.938E+00
2,16/2/2026,19:08:00.640,-0.047E+00,+0.000E+00,+0.000E+00,-0.188E+00,+5.66E+00,-7.57E+00,-0.82E+00,-1.946E+00
2,16/2/2026,19:08:00.640,-0.047E+00,-0.047E+00,-0.047E+00,-0.188E+00,+5.62E+00,-8.44E+00,-0.66E+00,-1.953E+00
2,16/2/2026,19:08:00.640,-0.047E+00,-0.047E+00,+0.000E+00,-0.188E+00,+5.59E+00,-9.29E+00,-0.50E+00,-1.953E+00
2,16/2/2026,19:08:00.640,-0.047E+00,-0.047E+00,+0.000E+00,-0.188E+00,+5.54E+00,-10.15E+00,-0.34E+00,-1.953E+00
2,16/2/2026,19:08:00.640,-0.047E+00,+0.000E+00,-0.047E+00,-0.188E+00,+5.49E+00,-10.99E+00,-0.18E+00,-1.961E+00
2,16/2/2026,19:08:00.640,-0.047E+00,-0.047E+00,-0.047E+00,-0.188E+00,+5.45E+00,-11.83E+00,-0.02E+00,-1.961E+00
2,16/2/2026,19:08:00.640,-0.047E+00,-0.047E+00,-0.047E+00,-0.188E+00,+5.40E+00,-12.65E+00,+0.15E+00,-1.961E+00
2,16/2/2026,19:08:00.640,-0.047E+00,-0.047E+00,-0.047E+00,-0.188E+00,+5.36E+00,-13.49E+00,+0.32E+00,-1.961E+00
2,16/2/2026,19:08:00.640,-0.047E+00,-0.047E+00,+0.000E+00,-0.188E+00,+5.31E+00,-14.30E+00,+0.49E+00,-1.961E+00
2,16/2/2026,19:08:00.640,-0.047E+00,-0.047E+00,-0.047E+00,-0.188E+00,+5.28E+00,-15.12E+00,+0.66E+00,-1.953E+00
2,16/2/2026,19:08:00.640,-0.047E+00,-0.047E+00,+0.000E+00,-0.188E+00,+5.22E+00,-15.93E+00,+0.82E+00,-1.961E+00
2,16/2/2026,19:08:00.640,-0.047E+00,-0.047E+00,-0.047E+00,-0.188E+00,+5.17E+00,-16.74E+00,+0.99E+00,-1.961E+00
2,16/2/2026,19:08:00.641,-0.047E+00,-0.047E+00,-0.047E+00,-0.188E+00,+5.14E+00,-17.55E+00,+1.16E+00,-1.953E+00
2,16/2/2026,19:08:00.641,-0.047E+00,-0.047E+00,-0.047E+00,-0.188E+00,+5.10E+00,-18.34E+00,+1.33E+00,-1.953E+00
2,16/2/2026,19:08:00.641,-0.047E+00,-0.047E+00,+0.000E+00,-0.188E+00,+5.05E+00,-19.14E+00,+1.48E+00,-1.953E+00
2,16/2/2026,19:08:00.641,-0.047E+00,-0.047E+00,-0.047E+00,-0.188E+00,+5.01E+00,-19.93E+00,+1.65E+00,-1.953E+00
2,16/2/2026,19:08:00.641,-0.047E+00,-0.047E+00,+0.000E+00,-0.188E+00,+4.96E+00,-20.71E+00,+1.80E+00,-1.953E+00
2,16/2/2026,19:08:00.641,-0.047E+00,-0.047E+00,-0.047E+00,-0.188E+00,+4.91E+00,-21.49E+00,+1.97E+00,-1.946E+00
2,16/2/2026,19:08:00.641,-0.047E+00,-0.047E+00,-0.047E+00,-0.188E+00,+4.87E+00,-22.28E+00,+2.12E+00,-1.946E+00
2,16/2/2026,19:08:00.641,-0.047E+00,-0.047E+00,-0.047E+00,-0.188E+00,+4.82E+00,-23.04E+00,+2.27E+00,-1.946E+00
2,16/2/2026,19:08:00.641,-0.047E+00,-0.047E+00,+0.000E+00,-0.188E+00,+4.78E+00,-23.81E+00,+2.44E+00,-1.946E+00
2,16/2/2026,19:08:00.641,-0.047E+00,-0.047E+00,+0.000E+00,-0.188E+00,+4.72E+00,-24.58E+00,+2.59E+00,-1.946E+00
2,16/2/2026,19:08:00.641,-0.047E+00,-0.047E+00,+0.000E+00,-0.188E+00,+4.67E+00,-25.36E+00,+2.75E+00,-1.946E+00
2,16/2/2026,19:08:00.641,-0.047E+00,-0.047E+00,+0.000E+00,-0.188E+00,+4.62E+00,-26.11E+00,+2.90E+00,-1.946E+00
2,16/2/2026,19:08:00.641,-0.047E+00,-0.047E+00,-0.047E+00,-0.188E+00,+4.58E+00,-26.86E+00,+3.05E+00,-1.938E+00
2,16/2/2026,19:08:00.641,-0.047E+00,-0.047E+00,-0.047E+00,-0.188E+00,+4.52E+00,-27.61E+00,+3.20E+00,-1.938E+00
2,16/2/2026,19:08:00.641,-0.047E+00,-0.047E+00,-0.047E+00,-0.188E+00,+4.47E+00,-28.35E+00,+3.36E+00,-1.938E+00
2,16/2/2026,19:08:00.641,-0.047E+00,-0.047E+00,-0.047E+00,-0.188E+00,+4.41E+00,-29.09E+00,+3.51E+00,-1.930E+00
2,16/2/2026,19:08:00.641,-0.047E+00,-0.047E+00,-0.047E+00,-0.188E+00,+4.35E+00,-29.83E+00,+3.65E+00,-1.930E+00
2,16/2/2026,19:08:00.641,-0.047E+00,-0.047E+00,-0.047E+00,-0.188E+00,+4.32E+00,-30.55E+00,+3.80E+00,-1.930E+00
2,16/2/2026,19:08:00.641,+0.000E+00,+0.000E+00,-0.047E+00,-0.188E+00,+4.26E+00,-31.28E+00,+3.94E+00,-1.923E+00
2,16/2/2026,19:08:00.641,+0.000E+00,-0.047E+00,-0.047E+00,-0.188E+00,+4.20E+00,-32.00E+00,+4.09E+00,-1.923E+00
2,16/2/2026,19:08:00.642,-0.047E+00,-0.047E+00,-0.047E+00,-0.188E+00,+4.15E+00,-32.70E+00,+4.24E+00,-1.915E+00
2,16/2/2026,19:08:00.642,+0.000E+00,-0.047E+00,+0.000E+00,-0.188E+00,+4.07E+00,-33.42E+00,+4.38E+00,-1.915E+00
2,16/2/2026,19:08:00.642,-0.047E+00,-0.047E+00,-0.047E+00,-0.188E+00,+4.01E+00,-34.11E+00,+4.52E+00,-1.908E+00
2,16/2/2026,19:08:00.642,-0.047E+00,-0.047E+00,-0.047E+00,-0.188E+00,+3.95E+00,-34.81E+00,+4.67E+00,-1.900E+00
2,16/2/2026,19:08:00.642,-0.047E+00,-0.047E+00,-0.047E+00,-0.188E+00,+3.89E+00,-35.50E+00,+4.82E+00,-1.900E+00
2,16/2/2026,19:08:00.642,-0.047E+00,-0.047E+00,+0.000E+00,-0.188E+00,+3.82E+00,-36.18E+00,+4.96E+00,-1.892E+00
2,16/2/2026,19:08:00.642,-0.047E+00,-0.047E+00,+0.000E+00,-0.188E+00,+3.75E+00,-36.87E+00,+5.10E+00,-1.892E+00
2,16/2/2026,19:08:00.642,+0.000E+00,-0.047E+00,-0.047E+00,-0.188E+00,+3.69E+00,-37.54E+00,+5.23E+00,-1.885E+00
2,16/2/2026,19:08:00.642,-0.047E+00,-0.047E+00,-0.047E+00,-0.188E+00,+3.63E+00,-38.20E+00,+5.37E+00,-1.877E+00
2,16/2/2026,19:08:00.642,-0.047E+00,-0.047E+00,+0.000E+00,-0.188E+00,+3.56E+00,-38.87E+00,+5.51E+00,-1.877E+00
2,16/2/2026,19:08:00.642,+0.000E+00,-0.047E+00,+0.000E+00,-0.188E+00,+3.49E+00,-39.52E+00,+5.66E+00,-1.869E+00
2,16/2/2026,19:08:00.642,-0.047E+00,-0.047E+00,+0.000E+00,-0.188E+00,+3.42E+00,-40.18E+00,+5.80E+00,-1.862E+00
2,16/2/2026,19:08:00.642,-0.047E+00,-0.047E+00,-0.047E+00,-0.188E+00,+3.34E+00,-40.82E+00,+5.94E+00,-1.854E+00
2,16/2/2026,19:08:00.642,+0.000E+00,-0.047E+00,-0.047E+00,-0.235E+00,+3.27E+00,-41.45E+00,+6.07E+00,-1.846E+00
2,16/2/2026,19:08:00.642,-0.047E+00,-0.047E+00,+0.000E+00,-0.235E+00,+3.19E+00,-42.07E+00,+6.21E+00,-1.839E+00
2,16/2/2026,19:08:00.642,-0.047E+00,-0.047E+00,-0.047E+00,-0.188E+00,+3.13E+00,-42.70E+00,+6.35E+00,-1.824E+00
2,16/2/2026,19:08:00.642,-0.047E+00,-0.047E+00,+0.000E+00,-0.188E+00,+3.05E+00,-43.31E+00,+6.47E+00,-1.816E+00
2,16/2/2026,19:08:00.642,-0.047E+00,-0.047E+00,+0.000E+00,-0.188E+00,+2.98E+00,-43.89E+00,+6.59E+00,-1.801E+00
2,16/2/2026,19:08:00.642,-0.047E+00,-0.047E+00,-0.047E+00,-0.188E+00,+2.90E+00,-44.45E+00,+6.71E+00,-1.785E+00
2,16/2/2026,19:08:00.642,-0.047E+00,-0.047E+00,-0.047E+00,-0.188E+00,+2.82E+00,-45.02E+00,+6.84E+00,-1.763E+00
2,16/2/2026,19:08:00.643,-0.047E+00,+0.000E+00,-0.047E+00,-0.188E+00,+2.75E+00,-45.57E+00,+6.94E+00,-1.747E+00
2,16/2/2026,19:08:00.643,-0.047E+00,-0.047E+00,+0.000E+00,-0.188E+00,+2.67E+00,-46.09E+00,+7.05E+00,-1.724E+00
2,16/2/2026,19:08:00.643,-0.047E+00,-0.047E+00,+0.000E+00,-0.188E+00,+2.58E+00,-46.62E+00,+7.17E+00,-1.709E+00
2,16/2/2026,19:08:00.643,-0.047E+00,-0.047E+00,+0.000E+00,-0.188E+00,+2.50E+00,-47.12E+00,+7.28E+00,-1.686E+00
2,16/2/2026,19:08:00.643,-0.047E+00,-0.047E+00,-0.047E+00,-0.188E+00,+2.41E+00,-47.63E+00,+7.39E+00,-1.671E+00
2,16/2/2026,19:08:00.643,-0.047E+00,-0.047E+00,-0.047E+00,-0.188E+00,+2.33E+00,-48.12E+00,+7.49E+00,-1.648E+00
2,16/2/2026,19:08:00.643,-0.047E+00,-0.047E+00,+0.000E+00,-0.188E+00,+2.24E+00,-48.59E+00,+7.58E+00,-1.625E+00
2,16/2/2026,19:08:00.643,-0.047E+00,-0.047E+00,+0.000E+00,-0.188E+00,+2.15E+00,-49.05E+00,+7.68E+00,-1.610E+00
2,16/2/2026,19:08:00.643,-0.047E+00,-0.047E+00,-0.047E+00,-0.188E+00,+2.06E+00,-49.49E+00,+7.78E+00,-1.587E+00
2,16/2/2026,19:08:00.643,+0.000E+00,-0.047E+00,-0.047E+00,-0.188E+00,+1.97E+00,-49.92E+00,+7.87E+00,-1.557E+00
2,16/2/2026,19:08:00.643,-0.047E+00,-0.047E+00,+0.000E+00,-0.188E+00,+1.88E+00,-50.31E+00,+7.95E+00,-1.526E+00
2,16/2/2026,19:08:00.643,-0.047E+00,-0.047E+00,-0.047E+00,-0.188E+00,+1.77E+00,-50.72E+00,+8.04E+00,-1.503E+00
2,16/2/2026,19:08:00.643,-0.047E+00,-0.047E+00,-0.047E+00,-0.188E+00,+1.68E+00,-51.11E+00,+8.13E+00,-1.473E+00
2,16/2/2026,19:08:00.643,+0.000E+00,-0.047E+00,-0.047E+00,-0.188E+00,+1.60E+00,-51.46E+00,+8.21E+00,-1.450E+00
2,16/2/2026,19:08:00.643,-0.047E+00,-0.047E+00,-0.047E+00,-0.188E+00,+1.51E+00,-51.81E+00,+8.30E+00,-1.419E+00
2,16/2/2026,19:08:00.643,-0.047E+00,-0.047E+00,-0.047E+00,-0.188E+00,+1.42E+00,-52.16E+00,+8.38E+00,-1.389E+00
2,16/2/2026,19:08:00.643,-0.047E+00,-0.047E+00,-0.047E+00,-0.188E+00,+1.33E+00,-52.48E+00,+8.47E+00,-1.366E+00
2,16/2/2026,19:08:00.643,-0.047E+00,-0.047E+00,+0.000E+00,-0.188E+00,+1.24E+00,-52.78E+00,+8.55E+00,-1.335E+00
2,16/2/2026,19:08:00.643,-0.047E+00,-0.047E+00,+0.000E+00,-0.188E+00,+1.14E+00,-53.07E+00,+8.62E+00,-1.312E+00
2,16/2/2026,19:08:00.643,-0.047E+00,+0.000E+00,+0.000E+00,-0.188E+00,+1.05E+00,-53.36E+00,+8.70E+00,-1.282E+00
2,16/2/2026,19:08:00.644,-0.047E+00,-0.047E+00,-0.047E+00,-0.188E+00,+0.96E+00,-53.62E+00,+8.77E+00,-1.259E+00
2,16/2/2026,19:08:00.644,+0.000E+00,-0.047E+00,+0.000E+00,-0.188E+00,+0.85E+00,-53.88E+00,+8.84E+00,-1.228E+00
2,16/2/2026,19:08:00.644,-0.047E+00,-0.047E+00,+0.000E+00,-0.188E+00,+0.76E+00,-54.11E+00,+8.91E+00,-1.206E+00
2,16/2/2026,19:08:00.644,-0.047E+00,-0.047E+00,-0.047E+00,-0.235E+00,+0.67E+00,-54.34E+00,+8.97E+00,-1.175E+00
2,16/2/2026,19:08:00.644,-0.047E+00,-0.047E+00,-0.047E+00,-0.188E+00,+0.58E+00,-54.57E+00,+9.03E+00,-1.152E+00
2,16/2/2026,19:08:00.644,-0.047E+00,-0.047E+00,+0.000E+00,-0.188E+00,+0.49E+00,-54.78E+00,+9.10E+00,-1.122E+00
2,16/2/2026,19:08:00.644,-0.047E+00,-0.047E+00,+0.000E+00,-0.188E+00,+0.40E+00,-54.97E+00,+9.16E+00,-1.099E+00
2,16/2/2026,19:08:00.644,-0.047E+00,-0.047E+00,+0.000E+00,-0.188E+00,+0.31E+00,-55.15E+00,+9.22E+00,-1.076E+00
2,16/2/2026,19:08:00.644,-0.047E+00,-0.047E+00,-0.047E+00,-0.188E+00,+0.21E+00,-55.32E+00,+9.26E+00,-1.045E+00
2,16/2/2026,19:08:00.644,-0.047E+00,-0.047E+00,-0.047E+00,-0.188E+00,+0.12E+00,-55.47E+00,+9.31E+00,-1.022E+00
2,16/2/2026,19:08:00.644,+0.000E+00,-0.047E+00,-0.047E+00,-0.188E+00,+0.03E+00,-55.61E+00,+9.37E+00,-0.992E+00
2,16/2/2026,19:08:00.644,-0.047E+00,-0.047E+00,-0.047E+00,-0.188E+00,-0.06E+00,-55.75E+00,+9.42E+00,-0.969E+00
2,16/2/2026,19:08:00.644,-0.047E+00,-0.047E+00,-0.047E+00,-0.188E+00,-0.15E+00,-55.87E+00,+9.46E+00,-0.939E+00
2,16/2/2026,19:08:00.644,+0.000E+00,-0.047E+00,+0.000E+00,-0.188E+00,-0.24E+00,-55.96E+00,+9.51E+00,-0.916E+00
2,16/2/2026,19:08:00.644,-0.047E+00,-0.047E+00,-0.047E+00,-0.188E+00,-0.34E+00,-56.05E+00,+9.55E+00,-0.893E+00
2,16/2/2026,19:08:00.644,-0.047E+00,-0.047E+00,-0.047E+00,-0.188E+00,-0.43E+00,-56.13E+00,+9.60E+00,-0.862E+00
2,16/2/2026,19:08:00.644,-0.047E+00,-0.047E+00,-0.047E+00,-0.188E+00,-0.52E+00,-56.20E+00,+9.64E+00,-0.832E+00
2,16/2/2026,19:08:00.644,-0.047E+00,-0.047E+00,-0.047E+00,-0.188E+00,-0.61E+00,-56.25E+00,+9.67E+00,-0.809E+00
2,16/2/2026,19:08:00.644,-0.047E+00,-0.047E+00,-0.047E+00,-0.235E+00,-0.70E+00,-56.29E+00,+9.71E+00,-0.778E+00
2,16/2/2026,19:08:00.644,-0.047E+00,-0.047E+00,+0.000E+00,-0.188E+00,-0.79E+00,-56.33E+00,+9.75E+00,-0.755E+00
2,16/2/2026,19:08:00.645,-0.047E+00,-0.047E+00,-0.047E+00,-0.188E+00,-0.89E+00,-56.34E+00,+9.78E+00,-0.725E+00
2,16/2/2026,19:08:00.645,-0.047E+00,-0.047E+00,-0.047E+00,-0.188E+00,-0.98E+00,-56.33E+00,+9.81E+00,-0.694E+00
2,16/2/2026,19:08:00.645,-0.047E+00,-0.047E+00,-0.047E+00,-0.188E+00,-1.07E+00,-56.31E+00,+9.84E+00,-0.664E+00
2,16/2/2026,19:08:00.645,+0.000E+00,-0.047E+00,+0.000E+00,-0.188E+00,-1.14E+00,-56.29E+00,+9.87E+00,-0.633E+00
2,16/2/2026,19:08:00.645,-0.047E+00,-0.047E+00,-0.047E+00,-0.188E+00,-1.24E+00,-56.25E+00,+9.90E+00,-0.603E+00
2,16/2/2026,19:08:00.645,-0.047E+00,-0.047E+00,-0.047E+00,-0.188E+00,-1.33E+00,-56.19E+00,+9.93E+00,-0.580E+00
2,16/2/2026,19:08:00.645,+0.000E+00,-0.047E+00,-0.047E+00,-0.188E+00,-1.42E+00,-56.13E+00,+9.95E+00,-0.549E+00
2,16/2/2026,19:08:00.645,-0.047E+00,-0.047E+00,-0.047E+00,-0.188E+00,-1.51E+00,-56.04E+00,+9.98E+00,-0.519E+00
2,16/2/2026,19:08:00.645,-0.047E+00,-0.047E+00,-0.047E+00,-0.188E+00,-1.60E+00,-55.94E+00,+10.01E+00,-0.488E+00
2,16/2/2026,19:08:00.645,-0.047E+00,-0.047E+00,+0.000E+00,-0.188E+00,-1.69E+00,-55.84E+00,+10.03E+00,-0.465E+00
2,16/2/2026,19:08:00.645,-0.047E+00,-0.047E+00,+0.000E+00,-0.188E+00,-1.77E+00,-55.71E+00,+10.04E+00,-0.427E+00
2,16/2/2026,19:08:00.645,-0.047E+00,-0.047E+00,+0.000E+00,-0.188E+00,-1.88E+00,-55.58E+00,+10.06E+00,-0.397E+00
2,16/2/2026,19:08:00.645,-0.047E+00,-0.047E+00,-0.047E+00,-0.188E+00,-1.97E+00,-55.44E+00,+10.07E+00,-0.366E+00
2,16/2/2026,19:08:00.645,-0.047E+00,-0.047E+00,+0.000E+00,-0.188E+00,-2.06E+00,-55.27E+00,+10.09E+00,-0.336E+00
2,16/2/2026,19:08:00.645,-0.047E+00,-0.047E+00,+0.000E+00,-0.188E+00,-2.15E+00,-55.09E+00,+10.12E+00,-0.305E+00
2,16/2/2026,19:08:00.645,-0.047E+00,-0.047E+00,-0.047E+00,-0.188E+00,-2.24E+00,-54.91E+00,+10.12E+00,-0.275E+00
2,16/2/2026,19:08:00.645,-0.047E+00,-0.047E+00,-0.047E+00,-0.188E+00,-2.33E+00,-54.71E+00,+10.13E+00,-0.244E+00
2,16/2/2026,19:08:00.645,+0.000E+00,-0.047E+00,-0.047E+00,-0.235E+00,-2.43E+00,-54.49E+00,+10.15E+00,-0.214E+00
2,16/2/2026,19:08:00.645,-0.047E+00,-0.047E+00,-0.047E+00,-0.188E+00,-2.52E+00,-54.27E+00,+10.16E+00,-0.183E+00
2,16/2/2026,19:08:00.645,-0.047E+00,-0.047E+00,-0.047E+00,-0.188E+00,-2.61E+00,-54.02E+00,+10.16E+00,-0.153E+00
2,16/2/2026,19:08:00.646,-0.047E+00,-0.047E+00,-0.047E+00,-0.188E+00,-2.70E+00,-53.78E+00,+10.16E+00,-0.122E+00
2,16/2/2026,19:08:00.646,+0.000E+00,-0.047E+00,+0.000E+00,-0.188E+00,-2.79E+00,-53.50E+00,+10.18E+00,-0.092E+00
2,16/2/2026,19:08:00.646,-0.047E+00,-0.047E+00,+0.000E+00,-0.188E+00,-2.88E+00,-53.23E+00,+10.16E+00,-0.061E+00
2,16/2/2026,19:08:00.646,-0.047E+00,+0.000E+00,-0.047E+00,-0.188E+00,-2.96E+00,-52.94E+00,+10.16E+00,-0.031E+00
2,16/2/2026,19:08:00.646,-0.047E+00,+0.000E+00,-0.047E+00,-0.188E+00,-3.05E+00,-52.63E+00,+10.16E+00,+0.000E+00
2,16/2/2026,19:08:00.646,-0.047E+00,-0.047E+00,-0.047E+00,-0.188E+00,-3.13E+00,-52.30E+00,+10.15E+00,+0.031E+00
2,16/2/2026,19:08:00.646,-0.047E+00,-0.047E+00,-0.047E+00,-0.188E+00,-3.22E+00,-51.98E+00,+10.12E+00,+0.061E+00
2,16/2/2026,19:08:00.646,-0.047E+00,-0.047E+00,-0.047E+00,-0.188E+00,-3.28E+00,-51.63E+00,+10.07E+00,+0.099E+00
2,16/2/2026,19:08:00.646,-0.047E+00,-0.047E+00,-0.047E+00,-0.188E+00,-3.36E+00,-51.26E+00,+10.04E+00,+0.130E+00
2,16/2/2026,19:08:00.646,-0.047E+00,-0.047E+00,-0.047E+00,-0.188E+00,-3.43E+00,-50.89E+00,+9.98E+00,+0.160E+00
2,16/2/2026,19:08:00.646,-0.047E+00,-0.047E+00,-0.047E+00,-0.188E+00,-3.51E+00,-50.51E+00,+9.92E+00,+0.191E+00
2,16/2/2026,19:08:00.646,-0.047E+00,-0.047E+00,-0.047E+00,-0.188E+00,-3.59E+00,-50.11E+00,+9.87E+00,+0.221E+00
2,16/2/2026,19:08:00.646,-0.047E+00,-0.047E+00,-0.047E+00,-0.188E+00,-3.65E+00,-49.72E+00,+9.81E+00,+0.252E+00
2,16/2/2026,19:08:00.646,-0.047E+00,-0.047E+00,+0.000E+00,-0.188E+00,-3.72E+00,-49.29E+00,+9.74E+00,+0.290E+00
2,16/2/2026,19:08:00.646,-0.047E+00,-0.047E+00,+0.000E+00,-0.188E+00,-3.78E+00,-48.88E+00,+9.67E+00,+0.313E+00
2,16/2/2026,19:08:00.646,-0.047E+00,-0.047E+00,-0.047E+00,-0.188E+00,-3.86E+00,-48.44E+00,+9.61E+00,+0.351E+00
2,16/2/2026,19:08:00.646,-0.047E+00,-0.047E+00,-0.047E+00,-0.188E+00,-3.92E+00,-47.98E+00,+9.55E+00,+0.382E+00
2,16/2/2026,19:08:00.646,-0.047E+00,-0.047E+00,+0.000E+00,-0.188E+00,-3.98E+00,-47.50E+00,+9.48E+00,+0.412E+00
2,16/2/2026,19:08:00.646,-0.047E+00,-0.047E+00,+0.000E+00,-0.188E+00,-4.04E+00,-47.03E+00,+9.40E+00,+0.443E+00
2,16/2/2026,19:08:00.646,-0.047E+00,-0.047E+00,-0.047E+00,-0.188E+00,-4.10E+00,-46.54E+00,+9.34E+00,+0.473E+00
2,16/2/2026,19:08:00.647,-0.047E+00,-0.047E+00,+0.000E+00,-0.188E+00,-4.15E+00,-46.04E+00,+9.26E+00,+0.511E+00
2,16/2/2026,19:08:00.647,-0.047E+00,-0.047E+00,+0.000E+00,-0.188E+00,-4.21E+00,-45.52E+00,+9.17E+00,+0.542E+00
2,16/2/2026,19:08:00.647,+0.000E+00,-0.047E+00,-0.047E+00,-0.188E+00,-4.26E+00,-44.99E+00,+9.10E+00,+0.572E+00
2,16/2/2026,19:08:00.647,-0.047E+00,-0.047E+00,-0.047E+00,-0.188E+00,-4.30E+00,-44.45E+00,+9.00E+00,+0.603E+00
2,16/2/2026,19:08:00.647,-0.047E+00,-0.047E+00,-0.047E+00,-0.235E+00,-4.35E+00,-43.90E+00,+8.91E+00,+0.633E+00
2,16/2/2026,19:08:00.647,-0.047E+00,-0.047E+00,-0.047E+00,-0.188E+00,-4.41E+00,-43.34E+00,+8.81E+00,+0.664E+00
2,16/2/2026,19:08:00.647,-0.047E+00,-0.047E+00,+0.000E+00,-0.188E+00,-4.46E+00,-42.77E+00,+8.71E+00,+0.702E+00
2,16/2/2026,19:08:00.647,-0.047E+00,-0.047E+00,+0.000E+00,-0.188E+00,-4.50E+00,-42.18E+00,+8.61E+00,+0.732E+00
2,16/2/2026,19:08:00.647,-0.047E+00,-0.047E+00,-0.047E+00,-0.188E+00,-4.55E+00,-41.58E+00,+8.50E+00,+0.763E+00
2,16/2/2026,19:08:00.647,-0.047E+00,-0.047E+00,-0.047E+00,-0.188E+00,-4.59E+00,-40.97E+00,+8.41E+00,+0.794E+00
2,16/2/2026,19:08:00.647,-0.047E+00,-0.047E+00,-0.047E+00,-0.188E+00,-4.64E+00,-40.35E+00,+8.30E+00,+0.832E+00
2,16/2/2026,19:08:00.647,-0.047E+00,-0.047E+00,-0.047E+00,-0.188E+00,-4.70E+00,-39.74E+00,+8.19E+00,+0.855E+00
2,16/2/2026,19:08:00.647,-0.047E+00,-0.047E+00,+0.000E+00,-0.188E+00,-4.75E+00,-39.10E+00,+8.09E+00,+0.885E+00
2,16/2/2026,19:08:00.647,-0.047E+00,-0.047E+00,-0.047E+00,-0.188E+00,-4.81E+00,-38.44E+00,+8.00E+00,+0.916E+00
2,16/2/2026,19:08:00.647,-0.047E+00,-0.047E+00,+0.000E+00,-0.188E+00,-4.85E+00,-37.78E+00,+7.90E+00,+0.946E+00
2,16/2/2026,19:08:00.647,-0.047E+00,-0.047E+00,+0.000E+00,-0.188E+00,-4.88E+00,-37.11E+00,+7.80E+00,+0.977E+00
2,16/2/2026,19:08:00.647,-0.047E+00,-0.047E+00,-0.047E+00,-0.188E+00,-4.94E+00,-36.44E+00,+7.69E+00,+1.007E+00
2,16/2/2026,19:08:00.647,-0.047E+00,-0.047E+00,-0.047E+00,-0.188E+00,-4.99E+00,-35.77E+00,+7.58E+00,+1.038E+00
2,16/2/2026,19:08:00.647,-0.047E+00,-0.047E+00,+0.000E+00,-0.188E+00,-5.04E+00,-35.07E+00,+7.48E+00,+1.061E+00
2,16/2/2026,19:08:00.647,-0.047E+00,-0.047E+00,+0.000E+00,-0.188E+00,-5.08E+00,-34.35E+00,+7.37E+00,+1.091E+00
2,16/2/2026,19:08:00.648,+0.000E+00,-0.047E+00,-0.047E+00,-0.188E+00,-5.13E+00,-33.65E+00,+7.26E+00,+1.114E+00
2,16/2/2026,19:08:00.648,+0.000E+00,-0.047E+00,-0.047E+00,-0.188E+00,-5.17E+00,-32.93E+00,+7.14E+00,+1.145E+00
2,16/2/2026,19:08:00.648,-0.047E+00,-0.047E+00,+0.000E+00,-0.188E+00,-5.22E+00,-32.20E+00,+7.02E+00,+1.175E+00
2,16/2/2026,19:08:00.648,-0.047E+00,-0.047E+00,+0.000E+00,-0.188E+00,-5.26E+00,-31.47E+00,+6.91E+00,+1.206E+00
2,16/2/2026,19:08:00.648,-0.047E+00,-0.047E+00,+0.000E+00,-0.188E+00,-5.31E+00,-30.72E+00,+6.79E+00,+1.228E+00
2,16/2/2026,19:08:00.648,-0.047E+00,-0.047E+00,+0.000E+00,-0.188E+00,-5.36E+00,-29.97E+00,+6.67E+00,+1.251E+00
2,16/2/2026,19:08:00.648,-0.047E+00,-0.047E+00,-0.047E+00,-0.188E+00,-5.40E+00,-29.21E+00,+6.55E+00,+1.274E+00
2,16/2/2026,19:08:00.648,+0.000E+00,-0.047E+00,-0.047E+00,-0.188E+00,-5.43E+00,-28.44E+00,+6.42E+00,+1.305E+00
2,16/2/2026,19:08:00.648,-0.047E+00,-0.047E+00,-0.047E+00,-0.188E+00,-5.48E+00,-27.68E+00,+6.30E+00,+1.328E+00
2,16/2/2026,19:08:00.648,+0.000E+00,-0.047E+00,+0.000E+00,-0.188E+00,-5.52E+00,-26.90E+00,+6.18E+00,+1.351E+00
2,16/2/2026,19:08:00.648,+0.000E+00,-0.047E+00,-0.047E+00,-0.188E+00,-5.55E+00,-26.13E+00,+6.06E+00,+1.373E+00
2,16/2/2026,19:08:00.648,-0.047E+00,-0.047E+00,-0.047E+00,-0.188E+00,-5.60E+00,-25.33E+00,+5.94E+00,+1.404E+00
2,16/2/2026,19:08:00.648,-0.047E+00,-0.047E+00,+0.000E+00,-0.188E+00,-5.65E+00,-24.52E+00,+5.80E+00,+1.427E+00
2,16/2/2026,19:08:00.648,-0.047E+00,-0.047E+00,+0.000E+00,-0.188E+00,-5.68E+00,-23.71E+00,+5.68E+00,+1.450E+00
2,16/2/2026,19:08:00.648,-0.047E+00,-0.047E+00,-0.047E+00,-0.188E+00,-5.72E+00,-22.92E+00,+5.54E+00,+1.473E+00
2,16/2/2026,19:08:00.648,-0.047E+00,-0.047E+00,+0.000E+00,-0.188E+00,-5.75E+00,-22.10E+00,+5.40E+00,+1.495E+00
2,16/2/2026,19:08:00.648,-0.047E+00,-0.047E+00,+0.000E+00,-0.188E+00,-5.78E+00,-21.27E+00,+5.26E+00,+1.518E+00
2,16/2/2026,19:08:00.648,-0.047E+00,-0.047E+00,+0.000E+00,-0.188E+00,-5.83E+00,-20.46E+00,+5.13E+00,+1.541E+00
2,16/2/2026,19:08:00.648,-0.047E+00,-0.047E+00,-0.047E+00,-0.188E+00,-5.88E+00,-19.64E+00,+4.99E+00,+1.564E+00
2,16/2/2026,19:08:00.648,-0.047E+00,-0.047E+00,-0.047E+00,-0.188E+00,-5.91E+00,-18.80E+00,+4.85E+00,+1.587E+00
2,16/2/2026,19:08:00.649,-0.047E+00,-0.047E+00,-0.047E+00,-0.188E+00,-5.94E+00,-17.96E+00,+4.72E+00,+1.610E+00
2,16/2/2026,19:08:00.649,-0.047E+00,-0.047E+00,-0.047E+00,-0.188E+00,-5.98E+00,-17.12E+00,+4.58E+00,+1.633E+00
2,16/2/2026,19:08:00.649,-0.047E+00,-0.047E+00,-0.047E+00,-0.188E+00,-6.01E+00,-16.27E+00,+4.43E+00,+1.648E+00
2,16/2/2026,19:08:00.649,-0.047E+00,-0.047E+00,-0.047E+00,-0.188E+00,-6.04E+00,-15.41E+00,+4.29E+00,+1.671E+00
2,16/2/2026,19:08:00.649,+0.000E+00,-0.047E+00,-0.047E+00,-0.188E+00,-6.07E+00,-14.54E+00,+4.14E+00,+1.694E+00
2,16/2/2026,19:08:00.649,+0.000E+00,-0.047E+00,+0.000E+00,-0.188E+00,-6.10E+00,-13.69E+00,+4.00E+00,+1.717E+00
2,16/2/2026,19:08:00.649,+0.000E+00,-0.047E+00,+0.000E+00,-0.188E+00,-6.13E+00,-12.82E+00,+3.85E+00,+1.732E+00
2,16/2/2026,19:08:00.649,-0.047E+00,-0.047E+00,-0.047E+00,-0.188E+00,-6.17E+00,-11.95E+00,+3.69E+00,+1.755E+00
2,16/2/2026,19:08:00.649,+0.000E+00,-0.047E+00,-0.047E+00,-0.188E+00,-6.20E+00,-11.06E+00,+3.56E+00,+1.778E+00
2,16/2/2026,19:08:00.649,-0.047E+00,-0.047E+00,-0.047E+00,-0.188E+00,-6.23E+00,-10.19E+00,+3.40E+00,+1.793E+00
2,16/2/2026,19:08:00.649,-0.047E+00,-0.047E+00,+0.000E+00,-0.188E+00,-6.24E+00,-9.32E+00,+3.25E+00,+1.816E+00
2,16/2/2026,19:08:00.649,-0.047E+00,-0.047E+00,+0.000E+00,-0.188E+00,-6.24E+00,-8.44E+00,+3.10E+00,+1.831E+00
2,16/2/2026,19:08:00.649,-0.047E+00,-0.047E+00,-0.047E+00,-0.188E+00,-6.26E+00,-7.55E+00,+2.95E+00,+1.839E+00
2,16/2/2026,19:08:00.649,-0.047E+00,-0.047E+00,-0.047E+00,-0.188E+00,-6.26E+00,-6.68E+00,+2.79E+00,+1.854E+00
2,16/2/2026,19:08:00.649,-0.047E+00,-0.047E+00,+0.000E+00,-0.188E+00,-6.26E+00,-5.81E+00,+2.62E+00,+1.869E+00
2,16/2/2026,19:08:00.649,-0.047E+00,-0.047E+00,+0.000E+00,-0.188E+00,-6.26E+00,-4.93E+00,+2.47E+00,+1.877E+00
2,16/2/2026,19:08:00.649,-0.047E+00,-0.047E+00,+0.000E+00,-0.188E+00,-6.26E+00,-4.06E+00,+2.32E+00,+1.892E+00
2,16/2/2026,19:08:00.649,-0.047E+00,-0.047E+00,-0.047E+00,-0.188E+00,-6.26E+00,-3.17E+00,+2.15E+00,+1.908E+00
2,16/2/2026,19:08:00.649,-0.047E+00,-0.047E+00,-0.047E+00,-0.188E+00,-6.24E+00,-2.29E+00,+1.98E+00,+1.915E+00
2,16/2/2026,19:08:00.649,-0.047E+00,-0.047E+00,-0.047E+00,-0.188E+00,-6.23E+00,-1.42E+00,+1.83E+00,+1.923E+00
2,16/2/2026,19:08:00.650,-0.047E+00,-0.047E+00,-0.047E+00,-0.188E+00,-6.23E+00,-0.55E+00,+1.66E+00,+1.938E+00
2,16/2/2026,19:08:00.650,-0.047E+00,-0.047E+00,-0.047E+00,-0.188E+00,-6.21E+00,+0.32E+00,+1.51E+00,+1.946E+00
2,16/2/2026,19:08:00.650,-0.047E+00,-0.047E+00,-0.047E+00,-0.188E+00,-6.20E+00,+1.21E+00,+1.34E+00,+1.953E+00
2,16/2/2026,19:08:00.650,-0.047E+00,-0.047E+00,-0.047E+00,-0.188E+00,-6.17E+00,+2.08E+00,+1.18E+00,+1.961E+00
2,16/2/2026,19:08:00.650,-0.047E+00,-0.047E+00,+0.000E+00,-0.188E+00,-6.13E+00,+2.95E+00,+1.02E+00,+1.969E+00
2,16/2/2026,19:08:00.650,-0.047E+00,-0.047E+00,-0.047E+00,-0.188E+00,-6.12E+00,+3.82E+00,+0.85E+00,+1.976E+00
2,16/2/2026,19:08:00.650,-0.047E+00,-0.047E+00,-0.047E+00,-0.188E+00,-6.07E+00,+4.68E+00,+0.69E+00,+1.991E+00
2,16/2/2026,19:08:00.650,-0.047E+00,-0.047E+00,+0.000E+00,-0.188E+00,-6.04E+00,+5.55E+00,+0.53E+00,+1.991E+00
2,16/2/2026,19:08:00.650,-0.047E+00,-0.047E+00,+0.000E+00,-0.188E+00,-6.01E+00,+6.42E+00,+0.37E+00,+1.999E+00
2,16/2/2026,19:08:00.650,+0.000E+00,-0.047E+00,-0.047E+00,-0.188E+00,-5.97E+00,+7.28E+00,+0.20E+00,+2.007E+00
2,16/2/2026,19:08:00.650,-0.047E+00,-0.047E+00,+0.000E+00,-0.188E+00,-5.94E+00,+8.13E+00,+0.05E+00,+2.007E+00
2,16/2/2026,19:08:00.650,-0.047E+00,-0.047E+00,-0.047E+00,-0.188E+00,-5.89E+00,+8.99E+00,-0.11E+00,+2.014E+00
2,16/2/2026,19:08:00.650,-0.047E+00,-0.047E+00,-0.047E+00,-0.188E+00,-5.84E+00,+9.83E+00,-0.27E+00,+2.014E+00
2,16/2/2026,19:08:00.650,-0.047E+00,-0.047E+00,-0.047E+00,-0.188E+00,-5.80E+00,+10.67E+00,-0.44E+00,+2.014E+00
2,16/2/2026,19:08:00.650,-0.047E+00,-0.047E+00,+0.000E+00,-0.188E+00,-5.75E+00,+11.51E+00,-0.61E+00,+2.014E+00
2,16/2/2026,19:08:00.650,+0.000E+00,-0.047E+00,-0.047E+00,-0.188E+00,-5.71E+00,+12.33E+00,-0.78E+00,+2.014E+00
2,16/2/2026,19:08:00.650,-0.047E+00,-0.047E+00,-0.047E+00,-0.188E+00,-5.66E+00,+13.15E+00,-0.95E+00,+2.014E+00
2,16/2/2026,19:08:00.650,-0.047E+00,-0.047E+00,-0.047E+00,-0.188E+00,-5.62E+00,+13.98E+00,-1.11E+00,+2.014E+00
2,16/2/2026,19:08:00.650,-0.047E+00,-0.047E+00,+0.000E+00,-0.188E+00,-5.57E+00,+14.79E+00,-1.28E+00,+2.014E+00
2,16/2/2026,19:08:00.650,-0.047E+00,-0.047E+00,-0.047E+00,-0.188E+00,-5.52E+00,+15.60E+00,-1.45E+00,+2.014E+00
