EventNo,Date,Time,U1,U2,U3,U4,I1,I2,I3,I4
2,05/2/2026,18:37:26.776,-0.09E+00,-0.05E+00,+0.00E+00,+0.00E+00,-2.69E+00,+16.40E+00,-14.10E+00,+8.134E+00
2,05/2/2026,18:37:26.776,-0.09E+00,-0.05E+00,+0.00E+00,-0.05E+00,-2.43E+00,+16.28E+00,-14.22E+00,+8.073E+00
2,05/2/2026,18:37:26.776,-0.09E+00,-0.05E+00,+0.00E+00,+0.00E+00,-2.15E+00,+16.15E+00,-14.36E+00,+8.004E+00
2,05/2/2026,18:37:26.776,-0.09E+00,-0.05E+00,+0.05E+00,+0.00E+00,-1.88E+00,+16.01E+00,-14.48E+00,+7.928E+00
2,05/2/2026,18:37:26.776,-0.09E+00,-0.05E+00,+0.05E+00,+0.00E+00,-1.60E+00,+15.86E+00,-14.60E+00,+7.851E+00
2,05/2/2026,18:37:26.776,-0.09E+00,-0.05E+00,+0.05E+00,-0.05E+00,-1.33E+00,+15.69E+00,-14.73E+00,+7.775E+00
2,05/2/2026,18:37:26.776,-0.09E+00,-0.05E+00,+0.05E+00,+0.00E+00,-1.05E+00,+15.53E+00,-14.86E+00,+7.691E+00
2,05/2/2026,18:37:26.776,-0.09E+00,-0.05E+00,+0.05E+00,+0.00E+00,-0.78E+00,+15.37E+00,-14.97E+00,+7.615E+00
2,05/2/2026,18:37:26.776,-0.09E+00,-0.05E+00,+0.05E+00,+0.00E+00,-0.49E+00,+15.21E+00,-15.09E+00,+7.531E+00
2,05/2/2026,18:37:26.776,-0.09E+00,-0.05E+00,+0.05E+00,+0.00E+00,-0.20E+00,+15.05E+00,-15.20E+00,+7.439E+00
2,05/2/2026,18:37:26.776,-0.09E+00,-0.05E+00,+0.05E+00,-0.05E+00,+0.08E+00,+14.86E+00,-15.31E+00,+7.355E+00
2,05/2/2026,18:37:26.776,-0.09E+00,-0.05E+00,+0.05E+00,+0.00E+00,+0.35E+00,+14.70E+00,-15.41E+00,+7.271E+00
2,05/2/2026,18:37:26.776,-0.09E+00,-0.05E+00,+0.05E+00,+0.00E+00,+0.64E+00,+14.51E+00,-15.52E+00,+7.180E+00
2,05/2/2026,18:37:26.776,-0.09E+00,-0.05E+00,+0.05E+00,+0.00E+00,+0.92E+00,+14.33E+00,-15.61E+00,+7.088E+00
2,05/2/2026,18:37:26.776,-0.09E+00,-0.05E+00,+0.00E+00,+0.00E+00,+1.21E+00,+14.16E+00,-15.72E+00,+6.997E+00
2,05/2/2026,18:37:26.776,-0.09E+00,-0.05E+00,+0.05E+00,+0.00E+00,+1.48E+00,+13.98E+00,-15.81E+00,+6.898E+00
2,05/2/2026,18:37:26.776,-0.09E+00,-0.05E+00,+0.05E+00,+0.00E+00,+1.77E+00,+13.78E+00,-15.90E+00,+6.806E+00
2,05/2/2026,18:37:26.776,-0.09E+00,-0.05E+00,+0.05E+00,+0.00E+00,+2.06E+00,+13.60E+00,-15.99E+00,+6.707E+00
2,05/2/2026,18:37:26.776,-0.09E+00,-0.05E+00,+0.05E+00,+0.00E+00,+2.32E+00,+13.40E+00,-16.07E+00,+6.615E+00
2,05/2/2026,18:37:26.776,-0.09E+00,-0.05E+00,+0.00E+00,-0.05E+00,+2.61E+00,+13.20E+00,-16.16E+00,+6.516E+00
2,05/2/2026,18:37:26.777,-0.09E+00,-0.05E+00,+0.05E+00,+0.00E+00,+2.88E+00,+13.00E+00,-16.24E+00,+6.417E+00
2,05/2/2026,18:37:26.777,-0.09E+00,-0.05E+00,+0.05E+00,+0.00E+00,+3.16E+00,+12.80E+00,-16.31E+00,+6.310E+00
2,05/2/2026,18:37:26.777,-0.09E+00,-0.05E+00,+0.00E+00,+0.00E+00,+3.42E+00,+12.60E+00,-16.37E+00,+6.211E+00
2,05/2/2026,18:37:26.777,-0.09E+00,-0.05E+00,+0.05E+00,+0.00E+00,+3.69E+00,+12.41E+00,-16.44E+00,+6.112E+00
2,05/2/2026,18:37:26.777,-0.09E+00,-0.05E+00,+0.05E+00,-0.05E+00,+3.95E+00,+12.21E+00,-16.50E+00,+6.013E+00
2,05/2/2026,18:37:26.777,-0.09E+00,-0.05E+00,+0.00E+00,-0.05E+00,+4.21E+00,+12.01E+00,-16.56E+00,+5.913E+00
2,05/2/2026,18:37:26.777,-0.05E+00,-0.05E+00,+0.00E+00,+0.00E+00,+4.47E+00,+11.80E+00,-16.62E+00,+5.814E+00
2,05/2/2026,18:37:26.777,-0.05E+00,-0.05E+00,+0.05E+00,+0.00E+00,+4.73E+00,+11.58E+00,-16.66E+00,+5.707E+00
2,05/2/2026,18:37:26.777,-0.09E+00,-0.05E+00,+0.05E+00,-0.05E+00,+4.99E+00,+11.38E+00,-16.73E+00,+5.600E+00
2,05/2/2026,18:37:26.777,-0.09E+00,-0.05E+00,+0.05E+00,-0.05E+00,+5.25E+00,+11.17E+00,-16.76E+00,+5.494E+00
2,05/2/2026,18:37:26.777,-0.09E+00,-0.05E+00,+0.00E+00,+0.00E+00,+5.49E+00,+10.97E+00,-16.82E+00,+5.394E+00
2,05/2/2026,18:37:26.777,-0.09E+00,-0.05E+00,+0.05E+00,+0.00E+00,+5.75E+00,+10.76E+00,-16.86E+00,+5.288E+00
2,05/2/2026,18:37:26.777,-0.09E+00,-0.05E+00,+0.05E+00,+0.00E+00,+6.00E+00,+10.54E+00,-16.91E+00,+5.181E+00
2,05/2/2026,18:37:26.777,-0.09E+00,-0.05E+00,+0.05E+00,+0.00E+00,+6.26E+00,+10.33E+00,-16.94E+00,+5.082E+00
2,05/2/2026,18:37:26.777,-0.09E+00,-0.05E+00,+0.00E+00,+0.00E+00,+6.50E+00,+10.12E+00,-16.98E+00,+4.975E+00
2,05/2/2026,18:37:26.777,-0.09E+00,-0.05E+00,+0.05E+00,+0.00E+00,+6.75E+00,+9.92E+00,-17.02E+00,+4.868E+00
2,05/2/2026,18:37:26.777,-0.09E+00,-0.05E+00,+0.05E+00,+0.00E+00,+6.99E+00,+9.71E+00,-17.05E+00,+4.761E+00
2,05/2/2026,18:37:26.777,-0.09E+00,-0.05E+00,+0.05E+00,+0.00E+00,+7.23E+00,+9.49E+00,-17.08E+00,+4.654E+00
2,05/2/2026,18:37:26.777,-0.09E+00,-0.05E+00,+0.05E+00,+0.00E+00,+7.46E+00,+9.28E+00,-17.11E+00,+4.548E+00
2,05/2/2026,18:37:26.777,-0.09E+00,-0.05E+00,+0.00E+00,+0.00E+00,+7.71E+00,+9.06E+00,-17.14E+00,+4.441E+00
2,05/2/2026,18:37:26.778,-0.09E+00,-0.05E+00,+0.00E+00,+0.00E+00,+7.94E+00,+8.84E+00,-17.14E+00,+4.334E+00
2,05/2/2026,18:37:26.778,-0.09E+00,-0.05E+00,+0.05E+00,-0.05E+00,+8.18E+00,+8.62E+00,-17.15E+00,+4.219E+00
2,05/2/2026,18:37:26.778,-0.09E+00,-0.05E+00,+0.05E+00,-0.05E+00,+8.42E+00,+8.39E+00,-17.18E+00,+4.105E+00
2,05/2/2026,18:37:26.778,-0.09E+00,-0.05E+00,+0.00E+00,-0.05E+00,+8.67E+00,+8.16E+00,-17.20E+00,+3.991E+00
2,05/2/2026,18:37:26.778,-0.09E+00,-0.05E+00,+0.00E+00,-0.05E+00,+8.90E+00,+7.95E+00,-17.20E+00,+3.884E+00
2,05/2/2026,18:37:26.778,-0.09E+00,-0.05E+00,+0.05E+00,-0.05E+00,+9.14E+00,+7.72E+00,-17.21E+00,+3.769E+00
2,05/2/2026,18:37:26.778,-0.09E+00,-0.05E+00,+0.05E+00,+0.00E+00,+9.37E+00,+7.49E+00,-17.23E+00,+3.655E+00
2,05/2/2026,18:37:26.778,-0.09E+00,-0.05E+00,+0.00E+00,+0.00E+00,+9.61E+00,+7.26E+00,-17.23E+00,+3.540E+00
2,05/2/2026,18:37:26.778,-0.09E+00,-0.05E+00,+0.00E+00,+0.00E+00,+9.86E+00,+7.02E+00,-17.23E+00,+3.418E+00
2,05/2/2026,18:37:26.778,-0.09E+00,-0.05E+00,+0.00E+00,+0.00E+00,+10.09E+00,+6.78E+00,-17.23E+00,+3.304E+00
2,05/2/2026,18:37:26.778,-0.09E+00,-0.05E+00,+0.00E+00,+0.00E+00,+10.33E+00,+6.55E+00,-17.23E+00,+3.182E+00
2,05/2/2026,18:37:26.778,-0.09E+00,-0.05E+00,+0.00E+00,+0.00E+00,+10.58E+00,+6.30E+00,-17.23E+00,+3.060E+00
2,05/2/2026,18:37:26.778,-0.09E+00,-0.05E+00,+0.00E+00,+0.00E+00,+10.80E+00,+6.06E+00,-17.23E+00,+2.945E+00
2,05/2/2026,18:37:26.778,-0.09E+00,-0.05E+00,+0.05E+00,+0.00E+00,+11.03E+00,+5.81E+00,-17.23E+00,+2.823E+00
2,05/2/2026,18:37:26.778,-0.09E+00,-0.05E+00,+0.05E+00,+0.00E+00,+11.28E+00,+5.59E+00,-17.23E+00,+2.701E+00
2,05/2/2026,18:37:26.778,-0.09E+00,-0.05E+00,+0.00E+00,-0.05E+00,+11.49E+00,+5.34E+00,-17.20E+00,+2.587E+00
2,05/2/2026,18:37:26.778,-0.09E+00,-0.05E+00,+0.00E+00,+0.00E+00,+11.72E+00,+5.11E+00,-17.18E+00,+2.472E+00
2,05/2/2026,18:37:26.778,-0.09E+00,-0.05E+00,+0.05E+00,+0.00E+00,+11.93E+00,+4.87E+00,-17.17E+00,+2.350E+00
2,05/2/2026,18:37:26.778,-0.09E+00,-0.05E+00,+0.05E+00,-0.05E+00,+12.13E+00,+4.64E+00,-17.14E+00,+2.236E+00
2,05/2/2026,18:37:26.778,-0.09E+00,-0.05E+00,+0.05E+00,-0.05E+00,+12.35E+00,+4.39E+00,-17.11E+00,+2.114E+00
2,05/2/2026,18:37:26.779,-0.09E+00,-0.05E+00,+0.05E+00,+0.00E+00,+12.54E+00,+4.15E+00,-17.05E+00,+1.984E+00
2,05/2/2026,18:37:26.779,-0.09E+00,-0.05E+00,+0.05E+00,+0.00E+00,+12.74E+00,+3.89E+00,-16.98E+00,+1.862E+00
2,05/2/2026,18:37:26.779,-0.09E+00,-0.05E+00,+0.05E+00,+0.00E+00,+12.93E+00,+3.63E+00,-16.91E+00,+1.732E+00
2,05/2/2026,18:37:26.779,-0.09E+00,-0.05E+00,+0.05E+00,+0.00E+00,+13.09E+00,+3.37E+00,-16.82E+00,+1.602E+00
2,05/2/2026,18:37:26.779,-0.09E+00,-0.05E+00,+0.05E+00,+0.00E+00,+13.25E+00,+3.10E+00,-16.71E+00,+1.465E+00
2,05/2/2026,18:37:26.779,-0.09E+00,-0.05E+00,+0.05E+00,+0.00E+00,+13.40E+00,+2.82E+00,-16.59E+00,+1.328E+00
2,05/2/2026,18:37:26.779,-0.09E+00,-0.05E+00,+0.05E+00,+0.00E+00,+13.55E+00,+2.56E+00,-16.45E+00,+1.198E+00
2,05/2/2026,18:37:26.779,-0.05E+00,-0.05E+00,+0.05E+00,+0.00E+00,+13.69E+00,+2.29E+00,-16.33E+00,+1.061E+00
2,05/2/2026,18:37:26.779,-0.09E+00,-0.05E+00,+0.00E+00,+0.00E+00,+13.81E+00,+2.01E+00,-16.19E+00,+0.931E+00
2,05/2/2026,18:37:26.779,-0.09E+00,-0.05E+00,+0.05E+00,+0.00E+00,+13.95E+00,+1.75E+00,-16.07E+00,+0.801E+00
2,05/2/2026,18:37:26.779,-0.09E+00,-0.05E+00,+0.05E+00,+0.00E+00,+14.09E+00,+1.50E+00,-15.93E+00,+0.664E+00
2,05/2/2026,18:37:26.779,-0.09E+00,-0.05E+00,+0.05E+00,-0.05E+00,+14.22E+00,+1.22E+00,-15.79E+00,+0.534E+00
2,05/2/2026,18:37:26.779,-0.09E+00,-0.05E+00,+0.05E+00,+0.00E+00,+14.34E+00,+0.95E+00,-15.66E+00,+0.404E+00
2,05/2/2026,18:37:26.779,-0.09E+00,-0.05E+00,+0.05E+00,+0.00E+00,+14.47E+00,+0.69E+00,-15.52E+00,+0.267E+00
2,05/2/2026,18:37:26.779,-0.09E+00,-0.05E+00,+0.05E+00,+0.00E+00,+14.59E+00,+0.43E+00,-15.37E+00,+0.137E+00
2,05/2/2026,18:37:26.779,-0.09E+00,-0.05E+00,+0.05E+00,+0.00E+00,+14.70E+00,+0.15E+00,-15.21E+00,+0.000E+00
2,05/2/2026,18:37:26.779,-0.09E+00,-0.05E+00,+0.05E+00,+0.00E+00,+14.82E+00,-0.12E+00,-15.06E+00,-0.130E+00
2,05/2/2026,18:37:26.779,-0.09E+00,-0.05E+00,+0.05E+00,+0.00E+00,+14.91E+00,-0.38E+00,-14.89E+00,-0.267E+00
2,05/2/2026,18:37:26.779,-0.09E+00,-0.05E+00,+0.00E+00,+0.00E+00,+15.00E+00,-0.66E+00,-14.71E+00,-0.397E+00
2,05/2/2026,18:37:26.779,-0.09E+00,-0.05E+00,+0.05E+00,+0.00E+00,+15.09E+00,-0.93E+00,-14.53E+00,-0.534E+00
2,05/2/2026,18:37:26.780,-0.09E+00,-0.05E+00,+0.05E+00,+0.00E+00,+15.18E+00,-1.22E+00,-14.33E+00,-0.671E+00
2,05/2/2026,18:37:26.780,-0.09E+00,-0.05E+00,+0.00E+00,+0.00E+00,+15.28E+00,-1.50E+00,-14.15E+00,-0.816E+00
2,05/2/2026,18:37:26.780,-0.09E+00,-0.05E+00,+0.05E+00,+0.00E+00,+15.35E+00,-1.77E+00,-13.95E+00,-0.954E+00
2,05/2/2026,18:37:26.780,-0.09E+00,-0.05E+00,+0.05E+00,+0.00E+00,+15.43E+00,-2.06E+00,-13.75E+00,-1.091E+00
2,05/2/2026,18:37:26.780,-0.09E+00,-0.05E+00,+0.05E+00,+0.00E+00,+15.52E+00,-2.33E+00,-13.54E+00,-1.236E+00
2,05/2/2026,18:37:26.780,-0.09E+00,-0.05E+00,+0.05E+00,+0.00E+00,+15.61E+00,-2.62E+00,-13.34E+00,-1.373E+00
2,05/2/2026,18:37:26.780,-0.09E+00,-0.05E+00,+0.00E+00,+0.00E+00,+15.69E+00,-2.91E+00,-13.15E+00,-1.511E+00
2,05/2/2026,18:37:26.780,-0.05E+00,-0.05E+00,+0.00E+00,-0.05E+00,+15.76E+00,-3.19E+00,-12.96E+00,-1.656E+00
2,05/2/2026,18:37:26.780,-0.09E+00,-0.05E+00,+0.05E+00,-0.05E+00,+15.86E+00,-3.48E+00,-12.74E+00,-1.793E+00
2,05/2/2026,18:37:26.780,-0.09E+00,-0.05E+00,+0.05E+00,-0.05E+00,+15.93E+00,-3.75E+00,-12.54E+00,-1.938E+00
2,05/2/2026,18:37:26.780,-0.09E+00,-0.05E+00,+0.05E+00,+0.00E+00,+15.99E+00,-4.03E+00,-12.35E+00,-2.068E+00
2,05/2/2026,18:37:26.780,-0.09E+00,-0.05E+00,+0.05E+00,+0.00E+00,+16.07E+00,-4.30E+00,-12.13E+00,-2.205E+00
2,05/2/2026,18:37:26.780,-0.09E+00,-0.05E+00,+0.05E+00,-0.05E+00,+16.13E+00,-4.58E+00,-11.92E+00,-2.342E+00
2,05/2/2026,18:37:26.780,-0.09E+00,-0.05E+00,+0.05E+00,-0.05E+00,+16.19E+00,-4.85E+00,-11.72E+00,-2.480E+00
2,05/2/2026,18:37:26.780,-0.09E+00,-0.05E+00,+0.00E+00,+0.00E+00,+16.25E+00,-5.11E+00,-11.51E+00,-2.609E+00
2,05/2/2026,18:37:26.780,-0.09E+00,-0.05E+00,+0.00E+00,+0.00E+00,+16.31E+00,-5.39E+00,-11.29E+00,-2.747E+00
2,05/2/2026,18:37:26.780,-0.09E+00,-0.05E+00,+0.05E+00,+0.00E+00,+16.37E+00,-5.66E+00,-11.08E+00,-2.877E+00
2,05/2/2026,18:37:26.780,-0.09E+00,-0.05E+00,+0.00E+00,+0.00E+00,+16.42E+00,-5.94E+00,-10.85E+00,-3.014E+00
2,05/2/2026,18:37:26.780,-0.09E+00,-0.05E+00,+0.00E+00,-0.05E+00,+16.47E+00,-6.20E+00,-10.64E+00,-3.144E+00
2,05/2/2026,18:37:26.780,-0.09E+00,-0.05E+00,+0.05E+00,+0.00E+00,+16.51E+00,-6.46E+00,-10.42E+00,-3.273E+00
2,05/2/2026,18:37:26.781,-0.09E+00,-0.05E+00,+0.05E+00,+0.00E+00,+16.56E+00,-6.73E+00,-10.21E+00,-3.403E+00
2,05/2/2026,18:37:26.781,-0.09E+00,-0.05E+00,+0.05E+00,+0.00E+00,+16.60E+00,-6.99E+00,-9.98E+00,-3.533E+00
2,05/2/2026,18:37:26.781,-0.09E+00,-0.05E+00,+0.05E+00,+0.00E+00,+16.63E+00,-7.23E+00,-9.77E+00,-3.655E+00
2,05/2/2026,18:37:26.781,-0.09E+00,-0.05E+00,+0.05E+00,-0.05E+00,+16.68E+00,-7.49E+00,-9.55E+00,-3.785E+00
2,05/2/2026,18:37:26.781,-0.09E+00,-0.05E+00,+0.00E+00,-0.05E+00,+16.71E+00,-7.74E+00,-9.34E+00,-3.899E+00
2,05/2/2026,18:37:26.781,-0.09E+00,-0.05E+00,+0.00E+00,+0.00E+00,+16.74E+00,-7.97E+00,-9.14E+00,-4.021E+00
2,05/2/2026,18:37:26.781,-0.09E+00,-0.05E+00,+0.05E+00,+0.00E+00,+16.76E+00,-8.23E+00,-8.91E+00,-4.143E+00
2,05/2/2026,18:37:26.781,-0.09E+00,-0.05E+00,+0.05E+00,+0.00E+00,+16.79E+00,-8.47E+00,-8.68E+00,-4.265E+00
2,05/2/2026,18:37:26.781,-0.09E+00,-0.05E+00,+0.05E+00,-0.05E+00,+16.80E+00,-8.71E+00,-8.47E+00,-4.387E+00
2,05/2/2026,18:37:26.781,-0.09E+00,-0.05E+00,+0.05E+00,+0.00E+00,+16.83E+00,-8.96E+00,-8.24E+00,-4.509E+00
2,05/2/2026,18:37:26.781,-0.09E+00,-0.05E+00,+0.00E+00,+0.00E+00,+16.83E+00,-9.20E+00,-8.01E+00,-4.624E+00
2,05/2/2026,18:37:26.781,-0.09E+00,-0.05E+00,+0.00E+00,+0.00E+00,+16.85E+00,-9.45E+00,-7.77E+00,-4.746E+00
2,05/2/2026,18:37:26.781,-0.09E+00,-0.05E+00,+0.05E+00,+0.00E+00,+16.86E+00,-9.69E+00,-7.54E+00,-4.868E+00
2,05/2/2026,18:37:26.781,-0.09E+00,-0.05E+00,+0.05E+00,+0.00E+00,+16.86E+00,-9.93E+00,-7.31E+00,-4.982E+00
2,05/2/2026,18:37:26.781,-0.09E+00,-0.05E+00,+0.05E+00,+0.00E+00,+16.86E+00,-10.18E+00,-7.07E+00,-5.105E+00
2,05/2/2026,18:37:26.781,-0.09E+00,-0.05E+00,+0.05E+00,+0.00E+00,+16.88E+00,-10.41E+00,-6.84E+00,-5.227E+00
2,05/2/2026,18:37:26.781,-0.09E+00,-0.05E+00,+0.05E+00,+0.00E+00,+16.88E+00,-10.65E+00,-6.59E+00,-5.341E+00
2,05/2/2026,18:37:26.781,-0.09E+00,-0.09E+00,+0.05E+00,+0.00E+00,+16.88E+00,-10.88E+00,-6.36E+00,-5.456E+00
2,05/2/2026,18:37:26.781,-0.09E+00,-0.05E+00,+0.05E+00,+0.00E+00,+16.88E+00,-11.11E+00,-6.12E+00,-5.570E+00
2,05/2/2026,18:37:26.781,-0.09E+00,-0.05E+00,+0.05E+00,+0.00E+00,+16.86E+00,-11.35E+00,-5.89E+00,-5.684E+00
2,05/2/2026,18:37:26.782,-0.09E+00,-0.05E+00,+0.05E+00,+0.00E+00,+16.86E+00,-11.58E+00,-5.65E+00,-5.799E+00
2,05/2/2026,18:37:26.782,-0.09E+00,-0.05E+00,+0.05E+00,+0.00E+00,+16.85E+00,-11.81E+00,-5.40E+00,-5.913E+00
2,05/2/2026,18:37:26.782,-0.09E+00,-0.05E+00,+0.05E+00,+0.00E+00,+16.83E+00,-12.04E+00,-5.16E+00,-6.028E+00
2,05/2/2026,18:37:26.782,-0.09E+00,-0.05E+00,+0.05E+00,+0.00E+00,+16.80E+00,-12.25E+00,-4.91E+00,-6.127E+00
2,05/2/2026,18:37:26.782,-0.09E+00,-0.05E+00,+0.00E+00,-0.05E+00,+16.77E+00,-12.47E+00,-4.67E+00,-6.241E+00
2,05/2/2026,18:37:26.782,-0.09E+00,-0.05E+00,+0.00E+00,+0.00E+00,+16.74E+00,-12.68E+00,-4.43E+00,-6.341E+00
2,05/2/2026,18:37:26.782,-0.09E+00,-0.05E+00,+0.00E+00,+0.00E+00,+16.68E+00,-12.88E+00,-4.18E+00,-6.432E+00
2,05/2/2026,18:37:26.782,-0.09E+00,-0.05E+00,+0.05E+00,+0.00E+00,+16.62E+00,-13.06E+00,-3.94E+00,-6.524E+00
2,05/2/2026,18:37:26.782,-0.09E+00,-0.05E+00,+0.00E+00,+0.00E+00,+16.56E+00,-13.23E+00,-3.69E+00,-6.608E+00
2,05/2/2026,18:37:26.782,-0.09E+00,-0.09E+00,+0.00E+00,+0.00E+00,+16.48E+00,-13.40E+00,-3.43E+00,-6.692E+00
2,05/2/2026,18:37:26.782,-0.09E+00,-0.05E+00,+0.05E+00,+0.00E+00,+16.39E+00,-13.57E+00,-3.17E+00,-6.776E+00
2,05/2/2026,18:37:26.782,-0.05E+00,-0.05E+00,+0.05E+00,+0.00E+00,+16.28E+00,-13.73E+00,-2.93E+00,-6.852E+00
2,05/2/2026,18:37:26.782,-0.09E+00,-0.05E+00,+0.05E+00,+0.00E+00,+16.19E+00,-13.89E+00,-2.67E+00,-6.928E+00
2,05/2/2026,18:37:26.782,-0.09E+00,-0.05E+00,+0.00E+00,-0.05E+00,+16.08E+00,-14.04E+00,-2.41E+00,-7.012E+00
2,05/2/2026,18:37:26.782,-0.09E+00,-0.05E+00,+0.05E+00,-0.05E+00,+15.96E+00,-14.19E+00,-2.14E+00,-7.081E+00
2,05/2/2026,18:37:26.782,-0.09E+00,-0.05E+00,+0.05E+00,+0.00E+00,+15.86E+00,-14.34E+00,-1.88E+00,-7.149E+00
2,05/2/2026,18:37:26.782,-0.09E+00,-0.05E+00,+0.05E+00,+0.00E+00,+15.72E+00,-14.48E+00,-1.60E+00,-7.226E+00
2,05/2/2026,18:37:26.782,-0.09E+00,-0.05E+00,+0.05E+00,+0.00E+00,+15.60E+00,-14.62E+00,-1.33E+00,-7.294E+00
2,05/2/2026,18:37:26.782,-0.09E+00,-0.05E+00,+0.05E+00,-0.05E+00,+15.46E+00,-14.77E+00,-1.05E+00,-7.363E+00
2,05/2/2026,18:37:26.782,-0.09E+00,-0.05E+00,+0.05E+00,-0.05E+00,+15.32E+00,-14.89E+00,-0.79E+00,-7.424E+00
2,05/2/2026,18:37:26.783,-0.05E+00,-0.05E+00,+0.05E+00,+0.00E+00,+15.18E+00,-15.02E+00,-0.50E+00,-7.493E+00
2,05/2/2026,18:37:26.783,-0.09E+00,-0.05E+00,+0.05E+00,+0.00E+00,+15.03E+00,-15.15E+00,-0.23E+00,-7.546E+00
2,05/2/2026,18:37:26.783,-0.09E+00,-0.05E+00,+0.05E+00,+0.00E+00,+14.86E+00,-15.28E+00,+0.05E+00,-7.607E+00
2,05/2/2026,18:37:26.783,-0.09E+00,-0.05E+00,+0.05E+00,+0.00E+00,+14.71E+00,-15.40E+00,+0.32E+00,-7.668E+00
2,05/2/2026,18:37:26.783,-0.09E+00,-0.05E+00,+0.05E+00,+0.00E+00,+14.54E+00,-15.50E+00,+0.60E+00,-7.722E+00
2,05/2/2026,18:37:26.783,-0.09E+00,-0.05E+00,+0.00E+00,+0.00E+00,+14.38E+00,-15.61E+00,+0.87E+00,-7.767E+00
2,05/2/2026,18:37:26.783,-0.09E+00,-0.05E+00,+0.00E+00,+0.00E+00,+14.19E+00,-15.72E+00,+1.14E+00,-7.821E+00
2,05/2/2026,18:37:26.783,-0.09E+00,-0.05E+00,+0.05E+00,+0.00E+00,+14.02E+00,-15.81E+00,+1.42E+00,-7.867E+00
2,05/2/2026,18:37:26.783,-0.09E+00,-0.05E+00,+0.05E+00,+0.00E+00,+13.84E+00,-15.90E+00,+1.71E+00,-7.912E+00
2,05/2/2026,18:37:26.783,-0.09E+00,-0.05E+00,+0.05E+00,+0.00E+00,+13.64E+00,-15.99E+00,+2.00E+00,-7.958E+00
2,05/2/2026,18:37:26.783,-0.09E+00,-0.05E+00,+0.05E+00,+0.00E+00,+13.46E+00,-16.08E+00,+2.27E+00,-8.004E+00
2,05/2/2026,18:37:26.783,-0.09E+00,-0.05E+00,+0.05E+00,+0.00E+00,+13.26E+00,-16.18E+00,+2.55E+00,-8.042E+00
2,05/2/2026,18:37:26.783,-0.09E+00,-0.05E+00,+0.00E+00,-0.05E+00,+13.06E+00,-16.25E+00,+2.82E+00,-8.080E+00
2,05/2/2026,18:37:26.783,-0.09E+00,-0.05E+00,+0.05E+00,-0.05E+00,+12.86E+00,-16.33E+00,+3.10E+00,-8.118E+00
2,05/2/2026,18:37:26.783,-0.09E+00,-0.05E+00,+0.05E+00,+0.00E+00,+12.67E+00,-16.40E+00,+3.39E+00,-8.149E+00
2,05/2/2026,18:37:26.783,-0.09E+00,-0.05E+00,+0.00E+00,+0.00E+00,+12.47E+00,-16.48E+00,+3.65E+00,-8.187E+00
2,05/2/2026,18:37:26.783,-0.09E+00,-0.05E+00,+0.00E+00,+0.00E+00,+12.25E+00,-16.56E+00,+3.92E+00,-8.218E+00
2,05/2/2026,18:37:26.783,-0.09E+00,-0.05E+00,+0.00E+00,-0.05E+00,+12.07E+00,-16.62E+00,+4.18E+00,-8.248E+00
2,05/2/2026,18:37:26.783,-0.09E+00,-0.05E+00,+0.05E+00,-0.05E+00,+11.87E+00,-16.68E+00,+4.46E+00,-8.286E+00
2,05/2/2026,18:37:26.783,-0.09E+00,-0.05E+00,+0.05E+00,-0.05E+00,+11.66E+00,-16.76E+00,+4.72E+00,-8.317E+00
2,05/2/2026,18:37:26.784,-0.09E+00,-0.05E+00,+0.05E+00,-0.05E+00,+11.46E+00,-16.82E+00,+4.99E+00,-8.347E+00
2,05/2/2026,18:37:26.784,-0.09E+00,-0.05E+00,+0.05E+00,-0.05E+00,+11.26E+00,-16.86E+00,+5.25E+00,-8.370E+00
2,05/2/2026,18:37:26.784,-0.09E+00,-0.05E+00,+0.05E+00,-0.05E+00,+11.05E+00,-16.92E+00,+5.51E+00,-8.393E+00
2,05/2/2026,18:37:26.784,-0.09E+00,-0.05E+00,+0.05E+00,-0.05E+00,+10.85E+00,-16.97E+00,+5.77E+00,-8.424E+00
2,05/2/2026,18:37:26.784,-0.09E+00,-0.05E+00,+0.05E+00,+0.00E+00,+10.64E+00,-17.02E+00,+6.03E+00,-8.447E+00
2,05/2/2026,18:37:26.784,-0.09E+00,-0.05E+00,+0.05E+00,+0.00E+00,+10.42E+00,-17.08E+00,+6.29E+00,-8.469E+00
2,05/2/2026,18:37:26.784,-0.09E+00,-0.05E+00,+0.00E+00,+0.00E+00,+10.22E+00,-17.12E+00,+6.53E+00,-8.485E+00
2,05/2/2026,18:37:26.784,-0.09E+00,-0.05E+00,+0.00E+00,+0.00E+00,+10.01E+00,-17.15E+00,+6.79E+00,-8.508E+00
2,05/2/2026,18:37:26.784,-0.09E+00,-0.05E+00,+0.05E+00,-0.05E+00,+9.80E+00,-17.18E+00,+7.03E+00,-8.523E+00
2,05/2/2026,18:37:26.784,-0.09E+00,-0.05E+00,+0.05E+00,-0.05E+00,+9.60E+00,-17.23E+00,+7.28E+00,-8.538E+00
2,05/2/2026,18:37:26.784,-0.09E+00,-0.05E+00,+0.05E+00,+0.00E+00,+9.39E+00,-17.26E+00,+7.51E+00,-8.553E+00
2,05/2/2026,18:37:26.784,-0.09E+00,-0.05E+00,+0.00E+00,+0.00E+00,+9.17E+00,-17.29E+00,+7.75E+00,-8.569E+00
2,05/2/2026,18:37:26.784,-0.09E+00,-0.05E+00,+0.05E+00,+0.00E+00,+8.97E+00,-17.32E+00,+7.98E+00,-8.576E+00
2,05/2/2026,18:37:26.784,-0.09E+00,-0.05E+00,+0.05E+00,-0.05E+00,+8.77E+00,-17.34E+00,+8.21E+00,-8.591E+00
2,05/2/2026,18:37:26.784,-0.09E+00,-0.05E+00,+0.05E+00,+0.00E+00,+8.56E+00,-17.37E+00,+8.44E+00,-8.599E+00
2,05/2/2026,18:37:26.784,-0.09E+00,-0.05E+00,+0.05E+00,+0.00E+00,+8.35E+00,-17.40E+00,+8.68E+00,-8.614E+00
2,05/2/2026,18:37:26.784,-0.09E+00,-0.05E+00,+0.05E+00,+0.00E+00,+8.13E+00,-17.41E+00,+8.93E+00,-8.622E+00
2,05/2/2026,18:37:26.784,-0.09E+00,-0.05E+00,+0.05E+00,-0.05E+00,+7.90E+00,-17.43E+00,+9.16E+00,-8.622E+00
2,05/2/2026,18:37:26.784,-0.09E+00,-0.05E+00,+0.05E+00,-0.05E+00,+7.68E+00,-17.44E+00,+9.40E+00,-8.630E+00
2,05/2/2026,18:37:26.784,-0.09E+00,-0.05E+00,+0.05E+00,+0.00E+00,+7.45E+00,-17.44E+00,+9.64E+00,-8.637E+00
2,05/2/2026,18:37:26.785,-0.09E+00,-0.05E+00,+0.00E+00,+0.00E+00,+7.22E+00,-17.46E+00,+9.89E+00,-8.637E+00
2,05/2/2026,18:37:26.785,-0.09E+00,-0.05E+00,+0.05E+00,+0.00E+00,+6.99E+00,-17.47E+00,+10.13E+00,-8.637E+00
2,05/2/2026,18:37:26.785,-0.09E+00,-0.05E+00,+0.05E+00,+0.00E+00,+6.75E+00,-17.47E+00,+10.36E+00,-8.637E+00
2,05/2/2026,18:37:26.785,-0.09E+00,-0.05E+00,+0.00E+00,+0.00E+00,+6.52E+00,-17.47E+00,+10.59E+00,-8.645E+00
2,05/2/2026,18:37:26.785,-0.09E+00,-0.05E+00,+0.05E+00,+0.00E+00,+6.29E+00,-17.47E+00,+10.82E+00,-8.645E+00
2,05/2/2026,18:37:26.785,-0.09E+00,-0.05E+00,+0.05E+00,+0.00E+00,+6.06E+00,-17.47E+00,+11.06E+00,-8.637E+00
2,05/2/2026,18:37:26.785,-0.09E+00,-0.05E+00,+0.05E+00,-0.05E+00,+5.83E+00,-17.47E+00,+11.29E+00,-8.637E+00
2,05/2/2026,18:37:26.785,-0.09E+00,-0.05E+00,+0.05E+00,-0.05E+00,+5.59E+00,-17.46E+00,+11.52E+00,-8.630E+00
2,05/2/2026,18:37:26.785,-0.09E+00,-0.05E+00,+0.05E+00,+0.00E+00,+5.36E+00,-17.44E+00,+11.74E+00,-8.622E+00
2,05/2/2026,18:37:26.785,-0.09E+00,+0.00E+00,+0.05E+00,+0.00E+00,+5.11E+00,-17.43E+00,+11.96E+00,-8.614E+00
2,05/2/2026,18:37:26.785,-0.09E+00,-0.05E+00,+0.00E+00,+0.00E+00,+4.88E+00,-17.41E+00,+12.16E+00,-8.599E+00
2,05/2/2026,18:37:26.785,-0.09E+00,-0.05E+00,+0.05E+00,-0.05E+00,+4.64E+00,-17.37E+00,+12.36E+00,-8.576E+00
2,05/2/2026,18:37:26.785,-0.09E+00,-0.05E+00,+0.05E+00,-0.05E+00,+4.39E+00,-17.32E+00,+12.56E+00,-8.553E+00
2,05/2/2026,18:37:26.785,-0.09E+00,-0.05E+00,+0.00E+00,+0.00E+00,+4.15E+00,-17.26E+00,+12.74E+00,-8.523E+00
2,05/2/2026,18:37:26.785,-0.05E+00,-0.05E+00,+0.05E+00,+0.00E+00,+3.91E+00,-17.17E+00,+12.91E+00,-8.477E+00
2,05/2/2026,18:37:26.785,-0.09E+00,-0.05E+00,+0.00E+00,+0.00E+00,+3.66E+00,-17.09E+00,+13.06E+00,-8.431E+00
2,05/2/2026,18:37:26.785,-0.09E+00,-0.05E+00,+0.00E+00,-0.05E+00,+3.40E+00,-16.98E+00,+13.23E+00,-8.378E+00
2,05/2/2026,18:37:26.785,-0.09E+00,-0.05E+00,+0.05E+00,+0.00E+00,+3.14E+00,-16.88E+00,+13.37E+00,-8.324E+00
2,05/2/2026,18:37:26.785,-0.09E+00,-0.05E+00,+0.00E+00,+0.00E+00,+2.88E+00,-16.77E+00,+13.52E+00,-8.271E+00
2,05/2/2026,18:37:26.785,-0.09E+00,-0.05E+00,+0.00E+00,+0.00E+00,+2.62E+00,-16.65E+00,+13.67E+00,-8.210E+00
2,05/2/2026,18:37:26.786,-0.09E+00,-0.05E+00,+0.00E+00,+0.00E+00,+2.37E+00,-16.53E+00,+13.80E+00,-8.141E+00
2,05/2/2026,18:37:26.786,-0.09E+00,-0.05E+00,+0.05E+00,+0.00E+00,+2.09E+00,-16.40E+00,+13.92E+00,-8.080E+00
2,05/2/2026,18:37:26.786,-0.09E+00,-0.05E+00,+0.05E+00,+0.00E+00,+1.83E+00,-16.25E+00,+14.05E+00,-8.012E+00
2,05/2/2026,18:37:26.786,-0.09E+00,-0.05E+00,+0.05E+00,+0.00E+00,+1.56E+00,-16.11E+00,+14.19E+00,-7.935E+00
2,05/2/2026,18:37:26.786,-0.09E+00,-0.05E+00,+0.05E+00,+0.00E+00,+1.28E+00,-15.96E+00,+14.31E+00,-7.859E+00
2,05/2/2026,18:37:26.786,-0.09E+00,-0.05E+00,+0.05E+00,+0.00E+00,+0.99E+00,-15.81E+00,+14.44E+00,-7.783E+00
2,05/2/2026,18:37:26.786,-0.09E+00,-0.05E+00,+0.05E+00,+0.00E+00,+0.72E+00,-15.64E+00,+14.56E+00,-7.699E+00
2,05/2/2026,18:37:26.786,-0.09E+00,-0.05E+00,+0.05E+00,+0.00E+00,+0.44E+00,-15.49E+00,+14.68E+00,-7.622E+00
2,05/2/2026,18:37:26.786,-0.09E+00,-0.05E+00,+0.05E+00,+0.00E+00,+0.17E+00,-15.32E+00,+14.79E+00,-7.539E+00
2,05/2/2026,18:37:26.786,-0.05E+00,-0.05E+00,+0.05E+00,+0.00E+00,-0.12E+00,-15.15E+00,+14.89E+00,-7.447E+00
2,05/2/2026,18:37:26.786,-0.09E+00,-0.05E+00,+0.05E+00,-0.05E+00,-0.40E+00,-14.99E+00,+15.00E+00,-7.363E+00
2,05/2/2026,18:37:26.786,-0.09E+00,-0.05E+00,+0.05E+00,+0.00E+00,-0.67E+00,-14.80E+00,+15.11E+00,-7.279E+00
2,05/2/2026,18:37:26.786,-0.09E+00,-0.05E+00,+0.05E+00,+0.00E+00,-0.96E+00,-14.62E+00,+15.21E+00,-7.188E+00
2,05/2/2026,18:37:26.786,-0.09E+00,-0.05E+00,+0.05E+00,-0.05E+00,-1.24E+00,-14.44E+00,+15.31E+00,-7.088E+00
2,05/2/2026,18:37:26.786,-0.09E+00,-0.05E+00,+0.05E+00,-0.05E+00,-1.53E+00,-14.25E+00,+15.41E+00,-6.997E+00
2,05/2/2026,18:37:26.786,-0.09E+00,-0.05E+00,+0.05E+00,-0.05E+00,-1.82E+00,-14.07E+00,+15.50E+00,-6.905E+00
2,05/2/2026,18:37:26.786,-0.09E+00,-0.05E+00,+0.05E+00,-0.05E+00,-2.09E+00,-13.89E+00,+15.60E+00,-6.814E+00
2,05/2/2026,18:37:26.786,-0.09E+00,-0.05E+00,+0.05E+00,+0.00E+00,-2.38E+00,-13.69E+00,+15.69E+00,-6.714E+00
2,05/2/2026,18:37:26.786,-0.09E+00,-0.05E+00,+0.00E+00,-0.05E+00,-2.66E+00,-13.51E+00,+15.78E+00,-6.615E+00
2,05/2/2026,18:37:26.786,-0.09E+00,-0.05E+00,+0.05E+00,-0.05E+00,-2.93E+00,-13.31E+00,+15.86E+00,-6.516E+00
2,05/2/2026,18:37:26.787,-0.09E+00,-0.05E+00,+0.00E+00,-0.05E+00,-3.20E+00,-13.11E+00,+15.93E+00,-6.425E+00
2,05/2/2026,18:37:26.787,-0.09E+00,-0.05E+00,+0.05E+00,+0.00E+00,-3.46E+00,-12.89E+00,+16.01E+00,-6.318E+00
2,05/2/2026,18:37:26.787,-0.09E+00,-0.05E+00,+0.05E+00,+0.00E+00,-3.74E+00,-12.71E+00,+16.07E+00,-6.219E+00
2,05/2/2026,18:37:26.787,-0.09E+00,-0.05E+00,+0.05E+00,+0.00E+00,-4.01E+00,-12.51E+00,+16.15E+00,-6.119E+00
2,05/2/2026,18:37:26.787,-0.09E+00,-0.05E+00,+0.05E+00,+0.00E+00,-4.27E+00,-12.30E+00,+16.21E+00,-6.013E+00
2,05/2/2026,18:37:26.787,-0.09E+00,-0.05E+00,+0.00E+00,+0.00E+00,-4.53E+00,-12.10E+00,+16.25E+00,-5.913E+00
2,05/2/2026,18:37:26.787,-0.09E+00,-0.05E+00,+0.00E+00,+0.00E+00,-4.79E+00,-11.90E+00,+16.30E+00,-5.814E+00
2,05/2/2026,18:37:26.787,-0.09E+00,-0.05E+00,+0.00E+00,-0.05E+00,-5.05E+00,-11.69E+00,+16.36E+00,-5.707E+00
2,05/2/2026,18:37:26.787,-0.09E+00,-0.05E+00,+0.05E+00,+0.00E+00,-5.30E+00,-11.48E+00,+16.42E+00,-5.600E+00
2,05/2/2026,18:37:26.787,-0.09E+00,-0.05E+00,+0.05E+00,+0.00E+00,-5.55E+00,-11.28E+00,+16.47E+00,-5.501E+00
2,05/2/2026,18:37:26.787,-0.09E+00,-0.05E+00,+0.05E+00,+0.00E+00,-5.81E+00,-11.06E+00,+16.51E+00,-5.394E+00
2,05/2/2026,18:37:26.787,-0.09E+00,-0.05E+00,+0.05E+00,-0.05E+00,-6.06E+00,-10.87E+00,+16.56E+00,-5.288E+00
2,05/2/2026,18:37:26.787,-0.09E+00,-0.05E+00,+0.05E+00,+0.00E+00,-6.32E+00,-10.65E+00,+16.59E+00,-5.188E+00
2,05/2/2026,18:37:26.787,-0.09E+00,-0.05E+00,+0.00E+00,+0.00E+00,-6.56E+00,-10.44E+00,+16.63E+00,-5.082E+00
2,05/2/2026,18:37:26.787,-0.09E+00,-0.05E+00,+0.00E+00,-0.05E+00,-6.81E+00,-10.22E+00,+16.68E+00,-4.975E+00
2,05/2/2026,18:37:26.787,-0.09E+00,-0.05E+00,+0.05E+00,-0.05E+00,-7.07E+00,-10.03E+00,+16.71E+00,-4.876E+00
2,05/2/2026,18:37:26.787,-0.09E+00,-0.05E+00,+0.05E+00,-0.05E+00,-7.29E+00,-9.81E+00,+16.74E+00,-4.769E+00
2,05/2/2026,18:37:26.787,-0.09E+00,-0.05E+00,+0.00E+00,+0.00E+00,-7.54E+00,-9.60E+00,+16.77E+00,-4.662E+00
2,05/2/2026,18:37:26.787,-0.09E+00,-0.05E+00,+0.00E+00,+0.00E+00,-7.77E+00,-9.39E+00,+16.79E+00,-4.555E+00
2,05/2/2026,18:37:26.787,-0.09E+00,-0.05E+00,+0.00E+00,+0.00E+00,-8.01E+00,-9.17E+00,+16.82E+00,-4.448E+00
2,05/2/2026,18:37:26.788,-0.09E+00,-0.05E+00,+0.00E+00,-0.05E+00,-8.26E+00,-8.94E+00,+16.83E+00,-4.334E+00
2,05/2/2026,18:37:26.788,-0.09E+00,-0.05E+00,+0.05E+00,-0.05E+00,-8.50E+00,-8.71E+00,+16.85E+00,-4.227E+00
2,05/2/2026,18:37:26.788,-0.09E+00,-0.05E+00,+0.05E+00,+0.00E+00,-8.74E+00,-8.48E+00,+16.86E+00,-4.113E+00
2,05/2/2026,18:37:26.788,-0.09E+00,-0.05E+00,+0.00E+00,+0.00E+00,-8.97E+00,-8.27E+00,+16.88E+00,-3.998E+00
2,05/2/2026,18:37:26.788,-0.09E+00,-0.05E+00,+0.00E+00,+0.00E+00,-9.22E+00,-8.04E+00,+16.88E+00,-3.884E+00
2,05/2/2026,18:37:26.788,-0.09E+00,-0.05E+00,+0.05E+00,-0.05E+00,-9.45E+00,-7.81E+00,+16.89E+00,-3.777E+00
2,05/2/2026,18:37:26.788,-0.09E+00,-0.05E+00,+0.05E+00,-0.05E+00,-9.67E+00,-7.58E+00,+16.91E+00,-3.655E+00
2,05/2/2026,18:37:26.788,-0.09E+00,-0.05E+00,+0.05E+00,+0.00E+00,-9.93E+00,-7.36E+00,+16.91E+00,-3.540E+00
2,05/2/2026,18:37:26.788,-0.09E+00,-0.05E+00,+0.05E+00,+0.00E+00,-10.18E+00,-7.11E+00,+16.92E+00,-3.426E+00
2,05/2/2026,18:37:26.788,-0.09E+00,-0.05E+00,+0.00E+00,+0.00E+00,-10.41E+00,-6.88E+00,+16.92E+00,-3.304E+00
2,05/2/2026,18:37:26.788,-0.09E+00,-0.05E+00,+0.05E+00,+0.00E+00,-10.65E+00,-6.64E+00,+16.92E+00,-3.189E+00
2,05/2/2026,18:37:26.788,-0.09E+00,-0.05E+00,+0.05E+00,+0.00E+00,-10.88E+00,-6.39E+00,+16.92E+00,-3.067E+00
2,05/2/2026,18:37:26.788,-0.09E+00,-0.05E+00,+0.05E+00,+0.00E+00,-11.12E+00,-6.17E+00,+16.91E+00,-2.945E+00
2,05/2/2026,18:37:26.788,-0.05E+00,-0.05E+00,+0.05E+00,+0.00E+00,-11.35E+00,-5.92E+00,+16.91E+00,-2.823E+00
2,05/2/2026,18:37:26.788,-0.09E+00,-0.05E+00,+0.00E+00,+0.00E+00,-11.58E+00,-5.68E+00,+16.89E+00,-2.709E+00
2,05/2/2026,18:37:26.788,-0.09E+00,-0.05E+00,+0.00E+00,+0.00E+00,-11.81E+00,-5.43E+00,+16.89E+00,-2.587E+00
2,05/2/2026,18:37:26.788,-0.09E+00,-0.05E+00,+0.05E+00,-0.05E+00,-12.03E+00,-5.20E+00,+16.86E+00,-2.472E+00
2,05/2/2026,18:37:26.788,-0.09E+00,-0.05E+00,+0.05E+00,-0.05E+00,-12.24E+00,-4.97E+00,+16.83E+00,-2.350E+00
2,05/2/2026,18:37:26.788,-0.09E+00,-0.05E+00,+0.05E+00,+0.00E+00,-12.45E+00,-4.73E+00,+16.82E+00,-2.236E+00
2,05/2/2026,18:37:26.788,-0.09E+00,-0.05E+00,+0.05E+00,-0.05E+00,-12.65E+00,-4.49E+00,+16.77E+00,-2.114E+00
2,05/2/2026,18:37:26.789,-0.09E+00,-0.05E+00,+0.05E+00,-0.05E+00,-12.86E+00,-4.24E+00,+16.73E+00,-1.991E+00
2,05/2/2026,18:37:26.789,-0.09E+00,-0.05E+00,+0.00E+00,-0.05E+00,-13.05E+00,-3.98E+00,+16.66E+00,-1.862E+00
2,05/2/2026,18:37:26.789,-0.09E+00,-0.05E+00,+0.00E+00,+0.00E+00,-13.23E+00,-3.72E+00,+16.59E+00,-1.732E+00
2,05/2/2026,18:37:26.789,-0.09E+00,-0.05E+00,+0.05E+00,+0.00E+00,-13.40E+00,-3.46E+00,+16.48E+00,-1.602E+00
2,05/2/2026,18:37:26.789,-0.09E+00,-0.05E+00,+0.05E+00,+0.00E+00,-13.55E+00,-3.19E+00,+16.37E+00,-1.473E+00
2,05/2/2026,18:37:26.789,-0.09E+00,-0.05E+00,+0.00E+00,+0.00E+00,-13.70E+00,-2.91E+00,+16.25E+00,-1.328E+00
2,05/2/2026,18:37:26.789,-0.09E+00,-0.05E+00,+0.05E+00,-0.05E+00,-13.86E+00,-2.64E+00,+16.13E+00,-1.198E+00
2,05/2/2026,18:37:26.789,-0.09E+00,-0.05E+00,+0.05E+00,-0.05E+00,-13.99E+00,-2.38E+00,+15.99E+00,-1.068E+00
2,05/2/2026,18:37:26.789,-0.09E+00,-0.05E+00,+0.05E+00,-0.05E+00,-14.13E+00,-2.11E+00,+15.87E+00,-0.931E+00
2,05/2/2026,18:37:26.789,-0.09E+00,-0.05E+00,+0.00E+00,+0.00E+00,-14.25E+00,-1.85E+00,+15.75E+00,-0.801E+00
2,05/2/2026,18:37:26.789,-0.09E+00,-0.05E+00,+0.00E+00,-0.05E+00,-14.39E+00,-1.57E+00,+15.61E+00,-0.664E+00
2,05/2/2026,18:37:26.789,-0.09E+00,-0.05E+00,+0.05E+00,-0.05E+00,-14.53E+00,-1.31E+00,+15.46E+00,-0.534E+00
2,05/2/2026,18:37:26.789,-0.09E+00,-0.05E+00,+0.05E+00,+0.00E+00,-14.65E+00,-1.04E+00,+15.32E+00,-0.404E+00
2,05/2/2026,18:37:26.789,-0.09E+00,-0.05E+00,+0.00E+00,+0.00E+00,-14.77E+00,-0.76E+00,+15.18E+00,-0.267E+00
2,05/2/2026,18:37:26.789,-0.09E+00,-0.05E+00,+0.00E+00,+0.00E+00,-14.89E+00,-0.50E+00,+15.03E+00,-0.137E+00
2,05/2/2026,18:37:26.789,-0.09E+00,-0.05E+00,+0.00E+00,+0.00E+00,-15.00E+00,-0.24E+00,+14.88E+00,+0.000E+00
2,05/2/2026,18:37:26.789,-0.09E+00,-0.05E+00,+0.05E+00,-0.05E+00,-15.11E+00,+0.03E+00,+14.71E+00,+0.130E+00
2,05/2/2026,18:37:26.789,-0.09E+00,-0.05E+00,+0.05E+00,+0.00E+00,-15.20E+00,+0.31E+00,+14.54E+00,+0.267E+00
2,05/2/2026,18:37:26.789,-0.05E+00,-0.05E+00,+0.05E+00,+0.00E+00,-15.29E+00,+0.58E+00,+14.36E+00,+0.397E+00
2,05/2/2026,18:37:26.789,-0.09E+00,-0.05E+00,+0.05E+00,+0.00E+00,-15.38E+00,+0.84E+00,+14.18E+00,+0.534E+00
2,05/2/2026,18:37:26.790,-0.09E+00,-0.05E+00,+0.00E+00,+0.00E+00,-15.47E+00,+1.13E+00,+13.98E+00,+0.671E+00
2,05/2/2026,18:37:26.790,-0.09E+00,-0.05E+00,+0.00E+00,+0.00E+00,-15.57E+00,+1.42E+00,+13.80E+00,+0.816E+00
2,05/2/2026,18:37:26.790,-0.09E+00,-0.05E+00,+0.05E+00,+0.00E+00,-15.64E+00,+1.69E+00,+13.60E+00,+0.961E+00
2,05/2/2026,18:37:26.790,-0.09E+00,-0.05E+00,+0.05E+00,+0.00E+00,-15.73E+00,+1.98E+00,+13.38E+00,+1.099E+00
2,05/2/2026,18:37:26.790,-0.09E+00,-0.05E+00,+0.05E+00,-0.05E+00,-15.81E+00,+2.26E+00,+13.20E+00,+1.236E+00
2,05/2/2026,18:37:26.790,-0.09E+00,-0.05E+00,+0.05E+00,-0.05E+00,-15.90E+00,+2.55E+00,+12.99E+00,+1.381E+00
2,05/2/2026,18:37:26.790,-0.09E+00,-0.05E+00,+0.05E+00,+0.00E+00,-15.98E+00,+2.82E+00,+12.79E+00,+1.518E+00
2,05/2/2026,18:37:26.790,-0.09E+00,-0.05E+00,+0.05E+00,+0.00E+00,-16.05E+00,+3.11E+00,+12.60E+00,+1.656E+00
2,05/2/2026,18:37:26.790,-0.09E+00,-0.05E+00,+0.05E+00,+0.00E+00,-16.13E+00,+3.39E+00,+12.39E+00,+1.793E+00
2,05/2/2026,18:37:26.790,-0.09E+00,-0.05E+00,+0.05E+00,-0.05E+00,-16.22E+00,+3.66E+00,+12.19E+00,+1.930E+00
2,05/2/2026,18:37:26.790,-0.09E+00,-0.05E+00,+0.05E+00,-0.05E+00,-16.28E+00,+3.94E+00,+11.98E+00,+2.068E+00
2,05/2/2026,18:37:26.790,-0.09E+00,-0.05E+00,+0.05E+00,-0.05E+00,-16.36E+00,+4.21E+00,+11.78E+00,+2.205E+00
2,05/2/2026,18:37:26.790,-0.09E+00,-0.05E+00,+0.00E+00,+0.00E+00,-16.42E+00,+4.49E+00,+11.57E+00,+2.342E+00
2,05/2/2026,18:37:26.790,-0.09E+00,-0.05E+00,+0.00E+00,+0.00E+00,-16.47E+00,+4.76E+00,+11.35E+00,+2.480E+00
2,05/2/2026,18:37:26.790,-0.09E+00,-0.05E+00,+0.05E+00,-0.05E+00,-16.53E+00,+5.04E+00,+11.14E+00,+2.617E+00
2,05/2/2026,18:37:26.790,-0.09E+00,-0.05E+00,+0.05E+00,-0.05E+00,-16.59E+00,+5.30E+00,+10.93E+00,+2.747E+00
2,05/2/2026,18:37:26.790,-0.09E+00,-0.05E+00,+0.05E+00,+0.00E+00,-16.65E+00,+5.57E+00,+10.71E+00,+2.877E+00
2,05/2/2026,18:37:26.790,-0.09E+00,-0.05E+00,+0.05E+00,+0.00E+00,-16.69E+00,+5.84E+00,+10.50E+00,+3.014E+00
2,05/2/2026,18:37:26.790,-0.09E+00,-0.05E+00,+0.05E+00,+0.00E+00,-16.74E+00,+6.10E+00,+10.27E+00,+3.144E+00
2,05/2/2026,18:37:26.790,-0.09E+00,-0.05E+00,+0.05E+00,+0.00E+00,-16.79E+00,+6.36E+00,+10.06E+00,+3.273E+00
2,05/2/2026,18:37:26.791,-0.09E+00,-0.05E+00,+0.00E+00,+0.00E+00,-16.83E+00,+6.64E+00,+9.84E+00,+3.403E+00
2,05/2/2026,18:37:26.791,-0.09E+00,-0.05E+00,+0.00E+00,+0.00E+00,-16.88E+00,+6.88E+00,+9.63E+00,+3.525E+00
2,05/2/2026,18:37:26.791,-0.09E+00,-0.05E+00,+0.05E+00,-0.05E+00,-16.91E+00,+7.14E+00,+9.42E+00,+3.655E+00
2,05/2/2026,18:37:26.791,-0.09E+00,-0.05E+00,+0.00E+00,-0.05E+00,-16.95E+00,+7.39E+00,+9.20E+00,+3.777E+00
2,05/2/2026,18:37:26.791,-0.09E+00,-0.05E+00,+0.05E+00,+0.00E+00,-16.98E+00,+7.63E+00,+8.99E+00,+3.899E+00
2,05/2/2026,18:37:26.791,-0.09E+00,-0.05E+00,+0.00E+00,+0.00E+00,-17.00E+00,+7.87E+00,+8.77E+00,+4.021E+00
2,05/2/2026,18:37:26.791,-0.09E+00,-0.05E+00,+0.05E+00,-0.05E+00,-17.03E+00,+8.13E+00,+8.56E+00,+4.143E+00
2,05/2/2026,18:37:26.791,-0.09E+00,-0.05E+00,+0.05E+00,-0.05E+00,-17.06E+00,+8.38E+00,+8.33E+00,+4.265E+00
2,05/2/2026,18:37:26.791,-0.09E+00,-0.05E+00,+0.05E+00,-0.05E+00,-17.08E+00,+8.61E+00,+8.10E+00,+4.380E+00
2,05/2/2026,18:37:26.791,-0.09E+00,-0.05E+00,+0.05E+00,-0.05E+00,-17.09E+00,+8.87E+00,+7.87E+00,+4.502E+00
2,05/2/2026,18:37:26.791,-0.09E+00,-0.05E+00,+0.05E+00,-0.05E+00,-17.11E+00,+9.11E+00,+7.65E+00,+4.624E+00
2,05/2/2026,18:37:26.791,-0.09E+00,-0.05E+00,+0.05E+00,+0.00E+00,-17.12E+00,+9.35E+00,+7.42E+00,+4.746E+00
2,05/2/2026,18:37:26.791,-0.09E+00,-0.05E+00,+0.05E+00,+0.00E+00,-17.12E+00,+9.60E+00,+7.17E+00,+4.868E+00
2,05/2/2026,18:37:26.791,-0.09E+00,-0.05E+00,+0.00E+00,+0.00E+00,-17.12E+00,+9.84E+00,+6.94E+00,+4.982E+00
2,05/2/2026,18:37:26.791,-0.09E+00,-0.05E+00,+0.05E+00,+0.00E+00,-17.14E+00,+10.07E+00,+6.71E+00,+5.097E+00
2,05/2/2026,18:37:26.791,-0.09E+00,-0.05E+00,+0.05E+00,+0.00E+00,-17.14E+00,+10.32E+00,+6.47E+00,+5.219E+00
2,05/2/2026,18:37:26.791,-0.09E+00,-0.05E+00,+0.05E+00,-0.05E+00,-17.15E+00,+10.54E+00,+6.23E+00,+5.333E+00
2,05/2/2026,18:37:26.791,-0.09E+00,-0.05E+00,+0.00E+00,+0.00E+00,-17.15E+00,+10.79E+00,+6.00E+00,+5.448E+00
2,05/2/2026,18:37:26.791,-0.09E+00,-0.05E+00,+0.00E+00,+0.00E+00,-17.14E+00,+11.02E+00,+5.77E+00,+5.570E+00
2,05/2/2026,18:37:26.791,-0.09E+00,-0.05E+00,+0.05E+00,+0.00E+00,-17.14E+00,+11.26E+00,+5.52E+00,+5.684E+00
2,05/2/2026,18:37:26.792,-0.09E+00,-0.05E+00,+0.05E+00,-0.05E+00,-17.12E+00,+11.49E+00,+5.28E+00,+5.791E+00
2,05/2/2026,18:37:26.792,-0.09E+00,-0.05E+00,+0.05E+00,+0.00E+00,-17.11E+00,+11.70E+00,+5.04E+00,+5.906E+00
2,05/2/2026,18:37:26.792,-0.09E+00,-0.05E+00,+0.05E+00,+0.00E+00,-17.09E+00,+11.93E+00,+4.79E+00,+6.020E+00
2,05/2/2026,18:37:26.792,-0.09E+00,-0.05E+00,+0.05E+00,+0.00E+00,-17.06E+00,+12.16E+00,+4.55E+00,+6.127E+00
2,05/2/2026,18:37:26.792,-0.09E+00,-0.05E+00,+0.05E+00,+0.00E+00,-17.03E+00,+12.38E+00,+4.30E+00,+6.234E+00
2,05/2/2026,18:37:26.792,-0.09E+00,-0.05E+00,+0.05E+00,-0.05E+00,-16.98E+00,+12.57E+00,+4.06E+00,+6.333E+00
2,05/2/2026,18:37:26.792,-0.09E+00,-0.05E+00,+0.00E+00,+0.00E+00,-16.94E+00,+12.77E+00,+3.82E+00,+6.425E+00
2,05/2/2026,18:37:26.792,-0.05E+00,-0.05E+00,+0.00E+00,+0.00E+00,-16.88E+00,+12.96E+00,+3.57E+00,+6.516E+00
2,05/2/2026,18:37:26.792,-0.09E+00,-0.05E+00,+0.05E+00,+0.00E+00,-16.82E+00,+13.12E+00,+3.33E+00,+6.600E+00
2,05/2/2026,18:37:26.792,-0.09E+00,-0.05E+00,+0.05E+00,-0.05E+00,-16.73E+00,+13.31E+00,+3.07E+00,+6.684E+00
2,05/2/2026,18:37:26.792,-0.09E+00,-0.05E+00,+0.00E+00,-0.05E+00,-16.63E+00,+13.46E+00,+2.82E+00,+6.768E+00
2,05/2/2026,18:37:26.792,-0.09E+00,-0.05E+00,+0.05E+00,+0.00E+00,-16.54E+00,+13.61E+00,+2.56E+00,+6.844E+00
2,05/2/2026,18:37:26.792,-0.09E+00,-0.05E+00,+0.05E+00,+0.00E+00,-16.44E+00,+13.78E+00,+2.30E+00,+6.920E+00
2,05/2/2026,18:37:26.792,-0.09E+00,-0.05E+00,+0.05E+00,+0.00E+00,-16.33E+00,+13.93E+00,+2.04E+00,+6.997E+00
2,05/2/2026,18:37:26.792,-0.09E+00,-0.05E+00,+0.05E+00,-0.05E+00,-16.22E+00,+14.07E+00,+1.77E+00,+7.065E+00
2,05/2/2026,18:37:26.792,-0.09E+00,-0.05E+00,+0.05E+00,-0.05E+00,-16.08E+00,+14.22E+00,+1.51E+00,+7.142E+00
2,05/2/2026,18:37:26.792,-0.09E+00,-0.05E+00,+0.05E+00,-0.05E+00,-15.96E+00,+14.36E+00,+1.24E+00,+7.210E+00
2,05/2/2026,18:37:26.792,-0.09E+00,-0.05E+00,+0.05E+00,+0.00E+00,-15.84E+00,+14.51E+00,+0.96E+00,+7.279E+00
2,05/2/2026,18:37:26.792,-0.09E+00,-0.05E+00,+0.05E+00,+0.00E+00,-15.70E+00,+14.63E+00,+0.69E+00,+7.348E+00
2,05/2/2026,18:37:26.792,-0.09E+00,-0.05E+00,+0.05E+00,-0.05E+00,-15.57E+00,+14.77E+00,+0.41E+00,+7.409E+00
2,05/2/2026,18:37:26.793,-0.09E+00,-0.05E+00,+0.00E+00,-0.05E+00,-15.41E+00,+14.91E+00,+0.14E+00,+7.477E+00
2,05/2/2026,18:37:26.793,-0.09E+00,-0.05E+00,+0.05E+00,+0.00E+00,-15.28E+00,+15.03E+00,-0.14E+00,+7.531E+00
2,05/2/2026,18:37:26.793,-0.09E+00,-0.05E+00,+0.05E+00,+0.00E+00,-15.11E+00,+15.15E+00,-0.41E+00,+7.592E+00
2,05/2/2026,18:37:26.793,-0.09E+00,-0.05E+00,+0.05E+00,-0.05E+00,-14.95E+00,+15.28E+00,-0.69E+00,+7.653E+00
2,05/2/2026,18:37:26.793,-0.09E+00,-0.05E+00,+0.05E+00,-0.05E+00,-14.79E+00,+15.38E+00,-0.96E+00,+7.706E+00
2,05/2/2026,18:37:26.793,-0.09E+00,-0.05E+00,+0.05E+00,+0.00E+00,-14.62E+00,+15.49E+00,-1.24E+00,+7.752E+00
2,05/2/2026,18:37:26.793,-0.09E+00,-0.05E+00,+0.05E+00,+0.00E+00,-14.44E+00,+15.58E+00,-1.51E+00,+7.798E+00
2,05/2/2026,18:37:26.793,-0.09E+00,-0.05E+00,+0.05E+00,+0.00E+00,-14.25E+00,+15.67E+00,-1.79E+00,+7.844E+00
2,05/2/2026,18:37:26.793,-0.09E+00,-0.05E+00,+0.05E+00,+0.00E+00,-14.05E+00,+15.76E+00,-2.08E+00,+7.890E+00
2,05/2/2026,18:37:26.793,-0.09E+00,-0.05E+00,+0.00E+00,-0.05E+00,-13.87E+00,+15.87E+00,-2.35E+00,+7.935E+00
2,05/2/2026,18:37:26.793,-0.09E+00,-0.05E+00,+0.00E+00,+0.00E+00,-13.67E+00,+15.96E+00,-2.62E+00,+7.981E+00
2,05/2/2026,18:37:26.793,-0.09E+00,-0.05E+00,+0.00E+00,+0.00E+00,-13.49E+00,+16.04E+00,-2.91E+00,+8.019E+00
2,05/2/2026,18:37:26.793,-0.09E+00,-0.05E+00,+0.00E+00,+0.00E+00,-13.29E+00,+16.11E+00,-3.19E+00,+8.057E+00
2,05/2/2026,18:37:26.793,-0.09E+00,-0.05E+00,+0.05E+00,+0.00E+00,-13.09E+00,+16.19E+00,-3.46E+00,+8.096E+00
2,05/2/2026,18:37:26.793,-0.09E+00,-0.05E+00,+0.05E+00,+0.00E+00,-12.89E+00,+16.27E+00,-3.74E+00,+8.134E+00
2,05/2/2026,18:37:26.793,-0.09E+00,-0.05E+00,+0.00E+00,+0.00E+00,-12.70E+00,+16.34E+00,-4.01E+00,+8.164E+00
2,05/2/2026,18:37:26.793,-0.09E+00,-0.05E+00,+0.00E+00,+0.00E+00,-12.50E+00,+16.40E+00,-4.29E+00,+8.202E+00
2,05/2/2026,18:37:26.793,-0.09E+00,-0.05E+00,+0.00E+00,+0.00E+00,-12.28E+00,+16.48E+00,-4.55E+00,+8.233E+00
2,05/2/2026,18:37:26.793,-0.09E+00,-0.05E+00,+0.05E+00,+0.00E+00,-12.09E+00,+16.56E+00,-4.82E+00,+8.263E+00
2,05/2/2026,18:37:26.793,-0.09E+00,-0.05E+00,+0.05E+00,+0.00E+00,-11.89E+00,+16.62E+00,-5.08E+00,+8.294E+00
2,05/2/2026,18:37:26.794,-0.09E+00,-0.05E+00,+0.05E+00,+0.00E+00,-11.69E+00,+16.66E+00,-5.36E+00,+8.324E+00
2,05/2/2026,18:37:26.794,-0.09E+00,-0.05E+00,+0.00E+00,+0.00E+00,-11.48E+00,+16.73E+00,-5.62E+00,+8.355E+00
2,05/2/2026,18:37:26.794,-0.09E+00,-0.05E+00,+0.05E+00,+0.00E+00,-11.28E+00,+16.79E+00,-5.88E+00,+8.378E+00
2,05/2/2026,18:37:26.794,-0.09E+00,-0.05E+00,+0.05E+00,+0.00E+00,-11.06E+00,+16.85E+00,-6.13E+00,+8.401E+00
2,05/2/2026,18:37:26.794,-0.09E+00,-0.05E+00,+0.05E+00,-0.05E+00,-10.87E+00,+16.89E+00,-6.39E+00,+8.424E+00
2,05/2/2026,18:37:26.794,-0.09E+00,-0.05E+00,+0.00E+00,+0.00E+00,-10.65E+00,+16.94E+00,-6.64E+00,+8.447E+00
2,05/2/2026,18:37:26.794,-0.05E+00,-0.05E+00,+0.05E+00,+0.00E+00,-10.44E+00,+16.97E+00,-6.90E+00,+8.469E+00
2,05/2/2026,18:37:26.794,-0.09E+00,-0.05E+00,+0.05E+00,+0.00E+00,-10.24E+00,+17.02E+00,-7.14E+00,+8.485E+00
2,05/2/2026,18:37:26.794,-0.09E+00,-0.05E+00,+0.05E+00,+0.00E+00,-10.03E+00,+17.05E+00,-7.40E+00,+8.500E+00
2,05/2/2026,18:37:26.794,-0.09E+00,-0.05E+00,+0.05E+00,-0.05E+00,-9.81E+00,+17.09E+00,-7.65E+00,+8.515E+00
2,05/2/2026,18:37:26.794,-0.09E+00,-0.05E+00,+0.00E+00,-0.05E+00,-9.60E+00,+17.12E+00,-7.89E+00,+8.538E+00
2,05/2/2026,18:37:26.794,-0.05E+00,-0.05E+00,+0.05E+00,-0.05E+00,-9.40E+00,+17.15E+00,-8.12E+00,+8.546E+00
2,05/2/2026,18:37:26.794,-0.09E+00,-0.05E+00,+0.05E+00,+0.00E+00,-9.20E+00,+17.18E+00,-8.33E+00,+8.561E+00
2,05/2/2026,18:37:26.794,-0.09E+00,-0.05E+00,+0.05E+00,+0.00E+00,-9.00E+00,+17.20E+00,-8.56E+00,+8.569E+00
2,05/2/2026,18:37:26.794,-0.09E+00,-0.05E+00,+0.05E+00,-0.05E+00,-8.79E+00,+17.23E+00,-8.81E+00,+8.584E+00
2,05/2/2026,18:37:26.794,-0.09E+00,-0.05E+00,+0.05E+00,+0.00E+00,-8.58E+00,+17.26E+00,-9.05E+00,+8.591E+00
2,05/2/2026,18:37:26.794,-0.09E+00,-0.05E+00,+0.05E+00,-0.05E+00,-8.35E+00,+17.27E+00,-9.29E+00,+8.599E+00
2,05/2/2026,18:37:26.794,-0.09E+00,-0.05E+00,+0.05E+00,-0.05E+00,-8.13E+00,+17.29E+00,-9.52E+00,+8.599E+00
2,05/2/2026,18:37:26.794,-0.09E+00,-0.05E+00,+0.05E+00,+0.00E+00,-7.90E+00,+17.31E+00,-9.77E+00,+8.607E+00
2,05/2/2026,18:37:26.794,-0.09E+00,-0.05E+00,+0.05E+00,+0.00E+00,-7.68E+00,+17.31E+00,-10.01E+00,+8.614E+00
2,05/2/2026,18:37:26.795,-0.09E+00,-0.05E+00,+0.05E+00,+0.00E+00,-7.45E+00,+17.32E+00,-10.24E+00,+8.614E+00
2,05/2/2026,18:37:26.795,-0.09E+00,-0.05E+00,+0.05E+00,+0.00E+00,-7.22E+00,+17.34E+00,-10.48E+00,+8.622E+00
2,05/2/2026,18:37:26.795,-0.09E+00,-0.05E+00,+0.05E+00,+0.00E+00,-6.99E+00,+17.34E+00,-10.73E+00,+8.622E+00
2,05/2/2026,18:37:26.795,-0.09E+00,-0.05E+00,+0.00E+00,+0.00E+00,-6.76E+00,+17.34E+00,-10.96E+00,+8.622E+00
2,05/2/2026,18:37:26.795,-0.09E+00,-0.05E+00,+0.05E+00,+0.00E+00,-6.52E+00,+17.34E+00,-11.19E+00,+8.622E+00
2,05/2/2026,18:37:26.795,-0.09E+00,-0.05E+00,+0.05E+00,-0.05E+00,-6.29E+00,+17.34E+00,-11.41E+00,+8.622E+00
2,05/2/2026,18:37:26.795,-0.09E+00,-0.05E+00,+0.05E+00,-0.05E+00,-6.04E+00,+17.34E+00,-11.64E+00,+8.614E+00
2,05/2/2026,18:37:26.795,-0.09E+00,-0.05E+00,+0.05E+00,+0.00E+00,-5.81E+00,+17.32E+00,-11.89E+00,+8.607E+00
2,05/2/2026,18:37:26.795,-0.09E+00,-0.05E+00,+0.05E+00,+0.00E+00,-5.59E+00,+17.31E+00,-12.10E+00,+8.599E+00
2,05/2/2026,18:37:26.795,-0.09E+00,-0.05E+00,+0.05E+00,-0.05E+00,-5.34E+00,+17.29E+00,-12.30E+00,+8.591E+00
2,05/2/2026,18:37:26.795,-0.09E+00,-0.05E+00,+0.05E+00,-0.05E+00,-5.11E+00,+17.26E+00,-12.51E+00,+8.576E+00
2,05/2/2026,18:37:26.795,-0.09E+00,-0.05E+00,+0.05E+00,+0.00E+00,-4.88E+00,+17.23E+00,-12.71E+00,+8.553E+00
2,05/2/2026,18:37:26.795,-0.05E+00,-0.05E+00,+0.05E+00,+0.00E+00,-4.64E+00,+17.17E+00,-12.91E+00,+8.530E+00
2,05/2/2026,18:37:26.795,-0.09E+00,-0.05E+00,+0.05E+00,+0.00E+00,-4.39E+00,+17.11E+00,-13.08E+00,+8.492E+00
2,05/2/2026,18:37:26.795,-0.09E+00,-0.05E+00,+0.05E+00,-0.05E+00,-4.15E+00,+17.03E+00,-13.25E+00,+8.454E+00
2,05/2/2026,18:37:26.795,-0.09E+00,-0.05E+00,+0.00E+00,-0.05E+00,-3.89E+00,+16.94E+00,-13.41E+00,+8.408E+00
2,05/2/2026,18:37:26.795,-0.09E+00,-0.05E+00,+0.00E+00,+0.00E+00,-3.65E+00,+16.83E+00,-13.57E+00,+8.355E+00
2,05/2/2026,18:37:26.795,-0.05E+00,-0.05E+00,+0.05E+00,+0.00E+00,-3.39E+00,+16.73E+00,-13.72E+00,+8.302E+00
2,05/2/2026,18:37:26.795,-0.09E+00,-0.05E+00,+0.05E+00,+0.00E+00,-3.13E+00,+16.62E+00,-13.86E+00,+8.241E+00
2,05/2/2026,18:37:26.795,-0.09E+00,-0.05E+00,+0.00E+00,-0.05E+00,-2.87E+00,+16.50E+00,-13.99E+00,+8.179E+00
2,05/2/2026,18:37:26.796,-0.09E+00,-0.05E+00,+0.00E+00,-0.05E+00,-2.61E+00,+16.37E+00,-14.13E+00,+8.118E+00
2,05/2/2026,18:37:26.796,-0.09E+00,-0.05E+00,+0.00E+00,+0.00E+00,-2.33E+00,+16.24E+00,-14.27E+00,+8.050E+00
2,05/2/2026,18:37:26.796,-0.09E+00,-0.05E+00,+0.00E+00,+0.00E+00,-2.08E+00,+16.10E+00,-14.39E+00,+7.981E+00
2,05/2/2026,18:37:26.796,-0.09E+00,-0.05E+00,+0.05E+00,-0.05E+00,-1.80E+00,+15.96E+00,-14.53E+00,+7.905E+00
2,05/2/2026,18:37:26.796,-0.09E+00,-0.05E+00,+0.05E+00,-0.05E+00,-1.53E+00,+15.81E+00,-14.65E+00,+7.828E+00
2,05/2/2026,18:37:26.796,-0.09E+00,-0.05E+00,+0.05E+00,+0.00E+00,-1.24E+00,+15.66E+00,-14.77E+00,+7.752E+00
2,05/2/2026,18:37:26.796,-0.09E+00,-0.05E+00,+0.05E+00,+0.00E+00,-0.96E+00,+15.50E+00,-14.89E+00,+7.676E+00
2,05/2/2026,18:37:26.796,-0.09E+00,-0.05E+00,+0.05E+00,+0.00E+00,-0.69E+00,+15.34E+00,-15.00E+00,+7.592E+00
2,05/2/2026,18:37:26.796,-0.09E+00,-0.05E+00,+0.05E+00,-0.05E+00,-0.41E+00,+15.17E+00,-15.12E+00,+7.508E+00
2,05/2/2026,18:37:26.796,-0.09E+00,-0.05E+00,+0.05E+00,-0.05E+00,-0.12E+00,+15.00E+00,-15.24E+00,+7.416E+00
2,05/2/2026,18:37:26.796,-0.09E+00,-0.05E+00,+0.05E+00,+0.00E+00,+0.17E+00,+14.82E+00,-15.35E+00,+7.333E+00
2,05/2/2026,18:37:26.796,-0.09E+00,-0.05E+00,+0.05E+00,+0.00E+00,+0.44E+00,+14.63E+00,-15.44E+00,+7.241E+00
2,05/2/2026,18:37:26.796,-0.09E+00,-0.05E+00,+0.00E+00,+0.00E+00,+0.73E+00,+14.47E+00,-15.55E+00,+7.149E+00
2,05/2/2026,18:37:26.796,-0.09E+00,-0.05E+00,+0.00E+00,+0.00E+00,+1.01E+00,+14.28E+00,-15.66E+00,+7.058E+00
2,05/2/2026,18:37:26.796,-0.09E+00,-0.05E+00,+0.05E+00,+0.00E+00,+1.28E+00,+14.10E+00,-15.75E+00,+6.966E+00
2,05/2/2026,18:37:26.796,-0.09E+00,-0.05E+00,+0.00E+00,+0.00E+00,+1.57E+00,+13.90E+00,-15.84E+00,+6.867E+00
2,05/2/2026,18:37:26.796,-0.05E+00,-0.05E+00,+0.05E+00,+0.00E+00,+1.86E+00,+13.72E+00,-15.93E+00,+6.776E+00
2,05/2/2026,18:37:26.796,-0.09E+00,-0.05E+00,+0.05E+00,+0.00E+00,+2.14E+00,+13.54E+00,-16.02E+00,+6.676E+00
2,05/2/2026,18:37:26.796,-0.09E+00,-0.05E+00,+0.05E+00,-0.05E+00,+2.41E+00,+13.34E+00,-16.10E+00,+6.577E+00
2,05/2/2026,18:37:26.796,-0.09E+00,-0.05E+00,+0.05E+00,+0.00E+00,+2.69E+00,+13.14E+00,-16.18E+00,+6.486E+00
2,05/2/2026,18:37:26.797,-0.09E+00,-0.05E+00,+0.05E+00,+0.00E+00,+2.96E+00,+12.94E+00,-16.25E+00,+6.386E+00
2,05/2/2026,18:37:26.797,-0.09E+00,-0.05E+00,+0.05E+00,+0.00E+00,+3.24E+00,+12.74E+00,-16.33E+00,+6.287E+00
2,05/2/2026,18:37:26.797,-0.09E+00,-0.05E+00,+0.05E+00,-0.05E+00,+3.49E+00,+12.53E+00,-16.40E+00,+6.180E+00
2,05/2/2026,18:37:26.797,-0.09E+00,-0.09E+00,+0.00E+00,+0.00E+00,+3.77E+00,+12.33E+00,-16.47E+00,+6.081E+00
2,05/2/2026,18:37:26.797,-0.09E+00,-0.05E+00,+0.05E+00,+0.00E+00,+4.04E+00,+12.13E+00,-16.53E+00,+5.974E+00
2,05/2/2026,18:37:26.797,-0.09E+00,-0.05E+00,+0.05E+00,+0.00E+00,+4.30E+00,+11.93E+00,-16.57E+00,+5.875E+00
2,05/2/2026,18:37:26.797,-0.09E+00,-0.05E+00,+0.05E+00,+0.00E+00,+4.55E+00,+11.74E+00,-16.63E+00,+5.768E+00
2,05/2/2026,18:37:26.797,-0.09E+00,-0.05E+00,+0.05E+00,-0.05E+00,+4.81E+00,+11.52E+00,-16.68E+00,+5.669E+00
2,05/2/2026,18:37:26.797,-0.09E+00,-0.05E+00,+0.05E+00,+0.00E+00,+5.07E+00,+11.31E+00,-16.73E+00,+5.562E+00
2,05/2/2026,18:37:26.797,-0.09E+00,-0.05E+00,+0.05E+00,-0.05E+00,+5.33E+00,+11.11E+00,-16.79E+00,+5.463E+00
2,05/2/2026,18:37:26.797,-0.09E+00,-0.05E+00,+0.00E+00,-0.05E+00,+5.57E+00,+10.90E+00,-16.83E+00,+5.356E+00
2,05/2/2026,18:37:26.797,-0.09E+00,-0.05E+00,+0.00E+00,+0.00E+00,+5.83E+00,+10.70E+00,-16.86E+00,+5.250E+00
2,05/2/2026,18:37:26.797,-0.09E+00,-0.05E+00,+0.05E+00,+0.00E+00,+6.09E+00,+10.48E+00,-16.91E+00,+5.150E+00
2,05/2/2026,18:37:26.797,-0.09E+00,-0.05E+00,+0.05E+00,-0.05E+00,+6.33E+00,+10.27E+00,-16.95E+00,+5.043E+00
2,05/2/2026,18:37:26.797,-0.09E+00,-0.05E+00,+0.00E+00,-0.05E+00,+6.58E+00,+10.06E+00,-16.98E+00,+4.937E+00
2,05/2/2026,18:37:26.797,-0.09E+00,-0.05E+00,+0.00E+00,+0.00E+00,+6.82E+00,+9.86E+00,-17.02E+00,+4.837E+00
2,05/2/2026,18:37:26.797,-0.09E+00,-0.05E+00,+0.05E+00,+0.00E+00,+7.07E+00,+9.64E+00,-17.06E+00,+4.723E+00
2,05/2/2026,18:37:26.797,-0.09E+00,-0.05E+00,+0.05E+00,+0.00E+00,+7.31E+00,+9.43E+00,-17.08E+00,+4.624E+00
2,05/2/2026,18:37:26.797,-0.09E+00,-0.05E+00,+0.05E+00,+0.00E+00,+7.54E+00,+9.22E+00,-17.11E+00,+4.517E+00
2,05/2/2026,18:37:26.797,-0.09E+00,-0.05E+00,+0.05E+00,-0.05E+00,+7.78E+00,+8.99E+00,-17.12E+00,+4.403E+00
2,05/2/2026,18:37:26.798,-0.09E+00,-0.05E+00,+0.05E+00,+0.00E+00,+8.01E+00,+8.76E+00,-17.14E+00,+4.296E+00
2,05/2/2026,18:37:26.798,-0.09E+00,-0.05E+00,+0.00E+00,+0.00E+00,+8.26E+00,+8.55E+00,-17.17E+00,+4.181E+00
2,05/2/2026,18:37:26.798,-0.09E+00,-0.05E+00,+0.00E+00,+0.00E+00,+8.50E+00,+8.32E+00,-17.18E+00,+4.067E+00
2,05/2/2026,18:37:26.798,-0.09E+00,-0.05E+00,+0.05E+00,+0.00E+00,+8.74E+00,+8.10E+00,-17.18E+00,+3.960E+00
2,05/2/2026,18:37:26.798,-0.09E+00,-0.05E+00,+0.05E+00,+0.00E+00,+8.97E+00,+7.87E+00,-17.20E+00,+3.846E+00
2,05/2/2026,18:37:26.798,-0.09E+00,-0.05E+00,+0.05E+00,+0.00E+00,+9.20E+00,+7.65E+00,-17.21E+00,+3.731E+00
2,05/2/2026,18:37:26.798,-0.09E+00,-0.05E+00,+0.00E+00,+0.00E+00,+9.45E+00,+7.42E+00,-17.21E+00,+3.617E+00
2,05/2/2026,18:37:26.798,-0.09E+00,-0.05E+00,+0.00E+00,+0.00E+00,+9.69E+00,+7.19E+00,-17.23E+00,+3.502E+00
2,05/2/2026,18:37:26.798,-0.09E+00,-0.05E+00,+0.00E+00,-0.05E+00,+9.93E+00,+6.94E+00,-17.24E+00,+3.380E+00
2,05/2/2026,18:37:26.798,-0.09E+00,-0.05E+00,+0.05E+00,+0.00E+00,+10.16E+00,+6.71E+00,-17.23E+00,+3.266E+00
2,05/2/2026,18:37:26.798,-0.09E+00,-0.05E+00,+0.05E+00,+0.00E+00,+10.39E+00,+6.47E+00,-17.23E+00,+3.144E+00
2,05/2/2026,18:37:26.798,-0.09E+00,-0.05E+00,+0.05E+00,+0.00E+00,+10.64E+00,+6.23E+00,-17.23E+00,+3.029E+00
2,05/2/2026,18:37:26.798,-0.09E+00,-0.05E+00,+0.05E+00,+0.00E+00,+10.88E+00,+6.00E+00,-17.23E+00,+2.907E+00
2,05/2/2026,18:37:26.798,-0.09E+00,-0.05E+00,+0.05E+00,-0.05E+00,+11.11E+00,+5.75E+00,-17.21E+00,+2.793E+00
2,05/2/2026,18:37:26.798,-0.09E+00,-0.05E+00,+0.05E+00,+0.00E+00,+11.34E+00,+5.51E+00,-17.21E+00,+2.671E+00
2,05/2/2026,18:37:26.798,-0.09E+00,-0.05E+00,+0.00E+00,+0.00E+00,+11.57E+00,+5.28E+00,-17.20E+00,+2.556E+00
2,05/2/2026,18:37:26.798,-0.09E+00,-0.05E+00,+0.00E+00,+0.00E+00,+11.78E+00,+5.05E+00,-17.18E+00,+2.434E+00
2,05/2/2026,18:37:26.798,-0.09E+00,-0.05E+00,+0.00E+00,-0.05E+00,+11.99E+00,+4.81E+00,-17.15E+00,+2.320E+00
2,05/2/2026,18:37:26.798,-0.09E+00,-0.05E+00,+0.05E+00,+0.00E+00,+12.21E+00,+4.56E+00,-17.12E+00,+2.197E+00
2,05/2/2026,18:37:26.798,-0.09E+00,-0.05E+00,+0.05E+00,+0.00E+00,+12.41E+00,+4.32E+00,-17.09E+00,+2.075E+00
2,05/2/2026,18:37:26.799,-0.09E+00,-0.05E+00,+0.05E+00,+0.00E+00,+12.60E+00,+4.07E+00,-17.03E+00,+1.953E+00
2,05/2/2026,18:37:26.799,-0.09E+00,-0.05E+00,+0.05E+00,+0.00E+00,+12.80E+00,+3.82E+00,-16.97E+00,+1.824E+00
2,05/2/2026,18:37:26.799,-0.09E+00,-0.05E+00,+0.05E+00,-0.05E+00,+12.97E+00,+3.56E+00,-16.89E+00,+1.694E+00
2,05/2/2026,18:37:26.799,-0.09E+00,-0.05E+00,+0.05E+00,+0.00E+00,+13.14E+00,+3.30E+00,-16.79E+00,+1.564E+00
2,05/2/2026,18:37:26.799,-0.09E+00,-0.05E+00,+0.05E+00,+0.00E+00,+13.29E+00,+3.04E+00,-16.68E+00,+1.427E+00
2,05/2/2026,18:37:26.799,-0.05E+00,-0.05E+00,+0.05E+00,+0.00E+00,+13.44E+00,+2.76E+00,-16.56E+00,+1.297E+00
2,05/2/2026,18:37:26.799,-0.09E+00,-0.05E+00,+0.05E+00,+0.00E+00,+13.58E+00,+2.49E+00,-16.42E+00,+1.160E+00
2,05/2/2026,18:37:26.799,-0.09E+00,-0.05E+00,+0.05E+00,+0.00E+00,+13.72E+00,+2.21E+00,-16.30E+00,+1.030E+00
2,05/2/2026,18:37:26.799,-0.09E+00,-0.05E+00,+0.05E+00,-0.05E+00,+13.86E+00,+1.95E+00,-16.16E+00,+0.893E+00
2,05/2/2026,18:37:26.799,-0.09E+00,-0.05E+00,+0.05E+00,+0.00E+00,+13.99E+00,+1.68E+00,-16.02E+00,+0.763E+00
2,05/2/2026,18:37:26.799,-0.09E+00,-0.05E+00,+0.05E+00,+0.00E+00,+14.12E+00,+1.42E+00,-15.89E+00,+0.626E+00
2,05/2/2026,18:37:26.799,-0.09E+00,-0.05E+00,+0.05E+00,+0.00E+00,+14.25E+00,+1.14E+00,-15.76E+00,+0.496E+00
2,05/2/2026,18:37:26.799,-0.09E+00,-0.05E+00,+0.05E+00,+0.00E+00,+14.39E+00,+0.87E+00,-15.61E+00,+0.359E+00
2,05/2/2026,18:37:26.799,-0.09E+00,-0.05E+00,+0.00E+00,+0.00E+00,+14.51E+00,+0.61E+00,-15.47E+00,+0.229E+00
2,05/2/2026,18:37:26.799,-0.09E+00,-0.05E+00,+0.05E+00,+0.00E+00,+14.63E+00,+0.34E+00,-15.32E+00,+0.092E+00
2,05/2/2026,18:37:26.799,-0.09E+00,-0.05E+00,+0.05E+00,-0.05E+00,+14.74E+00,+0.06E+00,-15.17E+00,-0.038E+00
2,05/2/2026,18:37:26.799,-0.09E+00,-0.05E+00,+0.00E+00,+0.00E+00,+14.86E+00,-0.20E+00,-15.02E+00,-0.175E+00
2,05/2/2026,18:37:26.799,-0.09E+00,-0.05E+00,+0.00E+00,+0.00E+00,+14.95E+00,-0.46E+00,-14.83E+00,-0.305E+00
2,05/2/2026,18:37:26.799,-0.09E+00,-0.05E+00,+0.00E+00,-0.05E+00,+15.03E+00,-0.75E+00,-14.65E+00,-0.443E+00
2,05/2/2026,18:37:26.799,-0.09E+00,-0.05E+00,+0.05E+00,-0.05E+00,+15.12E+00,-1.02E+00,-14.47E+00,-0.580E+00
2,05/2/2026,18:37:26.800,-0.09E+00,-0.05E+00,+0.05E+00,+0.00E+00,+15.21E+00,-1.30E+00,-14.28E+00,-0.717E+00
2,05/2/2026,18:37:26.800,-0.09E+00,-0.05E+00,+0.00E+00,+0.00E+00,+15.29E+00,-1.57E+00,-14.09E+00,-0.855E+00
2,05/2/2026,18:37:26.800,-0.09E+00,-0.05E+00,+0.00E+00,-0.05E+00,+15.38E+00,-1.86E+00,-13.89E+00,-1.000E+00
2,05/2/2026,18:37:26.800,-0.09E+00,-0.05E+00,+0.05E+00,-0.05E+00,+15.46E+00,-2.15E+00,-13.69E+00,-1.137E+00
2,05/2/2026,18:37:26.800,-0.09E+00,-0.05E+00,+0.05E+00,-0.05E+00,+15.53E+00,-2.43E+00,-13.49E+00,-1.282E+00
2,05/2/2026,18:37:26.800,-0.09E+00,-0.05E+00,+0.00E+00,+0.00E+00,+15.63E+00,-2.72E+00,-13.29E+00,-1.419E+00
2,05/2/2026,18:37:26.800,-0.09E+00,-0.05E+00,+0.00E+00,+0.00E+00,+15.72E+00,-2.99E+00,-13.09E+00,-1.557E+00
2,05/2/2026,18:37:26.800,-0.09E+00,-0.05E+00,+0.00E+00,-0.05E+00,+15.81E+00,-3.27E+00,-12.89E+00,-1.702E+00
2,05/2/2026,18:37:26.800,-0.14E+00,-0.05E+00,+0.00E+00,-0.05E+00,+15.89E+00,-3.56E+00,-12.70E+00,-1.839E+00
2,05/2/2026,18:37:26.800,-0.09E+00,-0.05E+00,+0.00E+00,+0.00E+00,+15.96E+00,-3.83E+00,-12.50E+00,-1.976E+00
2,05/2/2026,18:37:26.800,-0.09E+00,-0.05E+00,+0.05E+00,+0.00E+00,+16.04E+00,-4.12E+00,-12.28E+00,-2.114E+00
2,05/2/2026,18:37:26.800,-0.09E+00,-0.05E+00,+0.05E+00,+0.00E+00,+16.10E+00,-4.38E+00,-12.07E+00,-2.251E+00
2,05/2/2026,18:37:26.800,-0.09E+00,-0.05E+00,+0.05E+00,+0.00E+00,+16.16E+00,-4.67E+00,-11.86E+00,-2.388E+00
2,05/2/2026,18:37:26.800,-0.09E+00,-0.05E+00,+0.05E+00,+0.00E+00,+16.22E+00,-4.94E+00,-11.64E+00,-2.518E+00
2,05/2/2026,18:37:26.800,-0.09E+00,-0.05E+00,+0.00E+00,+0.00E+00,+16.28E+00,-5.20E+00,-11.43E+00,-2.655E+00
2,05/2/2026,18:37:26.800,-0.09E+00,-0.05E+00,+0.00E+00,+0.00E+00,+16.34E+00,-5.48E+00,-11.22E+00,-2.793E+00
2,05/2/2026,18:37:26.800,-0.09E+00,-0.05E+00,+0.05E+00,+0.00E+00,+16.37E+00,-5.75E+00,-11.00E+00,-2.922E+00
2,05/2/2026,18:37:26.800,-0.09E+00,-0.05E+00,+0.05E+00,-0.05E+00,+16.44E+00,-6.03E+00,-10.79E+00,-3.060E+00
2,05/2/2026,18:37:26.800,-0.09E+00,-0.05E+00,+0.00E+00,-0.05E+00,+16.48E+00,-6.29E+00,-10.58E+00,-3.189E+00
2,05/2/2026,18:37:26.800,-0.09E+00,-0.05E+00,+0.05E+00,+0.00E+00,+16.53E+00,-6.55E+00,-10.35E+00,-3.319E+00
2,05/2/2026,18:37:26.801,-0.09E+00,-0.05E+00,+0.05E+00,+0.00E+00,+16.57E+00,-6.81E+00,-10.13E+00,-3.449E+00
2,05/2/2026,18:37:26.801,-0.09E+00,-0.05E+00,+0.00E+00,-0.05E+00,+16.62E+00,-7.07E+00,-9.92E+00,-3.571E+00
2,05/2/2026,18:37:26.801,-0.09E+00,-0.05E+00,+0.00E+00,+0.00E+00,+16.65E+00,-7.32E+00,-9.71E+00,-3.701E+00
2,05/2/2026,18:37:26.801,-0.09E+00,-0.05E+00,+0.00E+00,+0.00E+00,+16.69E+00,-7.57E+00,-9.48E+00,-3.823E+00
2,05/2/2026,18:37:26.801,-0.09E+00,-0.05E+00,+0.05E+00,+0.00E+00,+16.73E+00,-7.81E+00,-9.26E+00,-3.945E+00
2,05/2/2026,18:37:26.801,-0.09E+00,-0.05E+00,+0.00E+00,+0.00E+00,+16.74E+00,-8.06E+00,-9.06E+00,-4.059E+00
2,05/2/2026,18:37:26.801,-0.09E+00,-0.05E+00,+0.00E+00,-0.05E+00,+16.77E+00,-8.30E+00,-8.84E+00,-4.181E+00
2,05/2/2026,18:37:26.801,-0.09E+00,-0.05E+00,+0.00E+00,-0.05E+00,+16.80E+00,-8.55E+00,-8.62E+00,-4.303E+00
2,05/2/2026,18:37:26.801,-0.09E+00,-0.05E+00,+0.05E+00,-0.05E+00,+16.82E+00,-8.79E+00,-8.39E+00,-4.425E+00
2,05/2/2026,18:37:26.801,-0.09E+00,-0.05E+00,+0.05E+00,+0.00E+00,+16.83E+00,-9.03E+00,-8.15E+00,-4.548E+00
2,05/2/2026,18:37:26.801,-0.09E+00,-0.05E+00,+0.05E+00,+0.00E+00,+16.85E+00,-9.28E+00,-7.92E+00,-4.670E+00
2,05/2/2026,18:37:26.801,-0.09E+00,-0.05E+00,+0.05E+00,+0.00E+00,+16.85E+00,-9.52E+00,-7.69E+00,-4.792E+00
2,05/2/2026,18:37:26.801,-0.09E+00,-0.05E+00,+0.05E+00,+0.00E+00,+16.86E+00,-9.77E+00,-7.46E+00,-4.906E+00
2,05/2/2026,18:37:26.801,-0.09E+00,-0.05E+00,+0.05E+00,+0.00E+00,+16.86E+00,-10.01E+00,-7.22E+00,-5.028E+00
2,05/2/2026,18:37:26.801,-0.09E+00,-0.05E+00,+0.05E+00,+0.00E+00,+16.86E+00,-10.25E+00,-6.99E+00,-5.143E+00
2,05/2/2026,18:37:26.801,-0.09E+00,-0.05E+00,+0.05E+00,+0.00E+00,+16.86E+00,-10.50E+00,-6.76E+00,-5.265E+00
2,05/2/2026,18:37:26.801,-0.09E+00,-0.05E+00,+0.05E+00,-0.05E+00,+16.88E+00,-10.73E+00,-6.53E+00,-5.379E+00
2,05/2/2026,18:37:26.801,-0.09E+00,-0.05E+00,+0.05E+00,-0.05E+00,+16.88E+00,-10.96E+00,-6.29E+00,-5.494E+00
2,05/2/2026,18:37:26.801,-0.09E+00,-0.05E+00,+0.05E+00,+0.00E+00,+16.86E+00,-11.19E+00,-6.06E+00,-5.608E+00
2,05/2/2026,18:37:26.801,-0.09E+00,-0.05E+00,+0.05E+00,+0.00E+00,+16.86E+00,-11.41E+00,-5.81E+00,-5.723E+00
2,05/2/2026,18:37:26.802,-0.09E+00,-0.05E+00,+0.05E+00,+0.00E+00,+16.85E+00,-11.64E+00,-5.57E+00,-5.837E+00
2,05/2/2026,18:37:26.802,-0.09E+00,-0.05E+00,+0.05E+00,+0.00E+00,+16.85E+00,-11.87E+00,-5.33E+00,-5.944E+00
2,05/2/2026,18:37:26.802,-0.09E+00,-0.05E+00,+0.05E+00,+0.00E+00,+16.83E+00,-12.10E+00,-5.10E+00,-6.051E+00
2,05/2/2026,18:37:26.802,-0.09E+00,-0.05E+00,+0.00E+00,-0.05E+00,+16.80E+00,-12.31E+00,-4.85E+00,-6.165E+00
2,05/2/2026,18:37:26.802,-0.09E+00,-0.05E+00,+0.00E+00,+0.00E+00,+16.77E+00,-12.53E+00,-4.61E+00,-6.264E+00
2,05/2/2026,18:37:26.802,-0.05E+00,-0.05E+00,+0.05E+00,+0.00E+00,+16.73E+00,-12.73E+00,-4.36E+00,-6.363E+00
2,05/2/2026,18:37:26.802,-0.09E+00,-0.05E+00,+0.05E+00,+0.00E+00,+16.66E+00,-12.93E+00,-4.10E+00,-6.455E+00
2,05/2/2026,18:37:26.802,-0.09E+00,-0.05E+00,+0.05E+00,+0.00E+00,+16.60E+00,-13.11E+00,-3.86E+00,-6.547E+00
2,05/2/2026,18:37:26.802,-0.09E+00,-0.05E+00,+0.05E+00,+0.00E+00,+16.53E+00,-13.29E+00,-3.62E+00,-6.638E+00
2,05/2/2026,18:37:26.802,-0.09E+00,-0.05E+00,+0.05E+00,+0.00E+00,+16.45E+00,-13.46E+00,-3.37E+00,-6.722E+00
2,05/2/2026,18:37:26.802,-0.09E+00,-0.05E+00,+0.05E+00,+0.00E+00,+16.36E+00,-13.61E+00,-3.10E+00,-6.798E+00
2,05/2/2026,18:37:26.802,-0.09E+00,-0.05E+00,+0.00E+00,+0.00E+00,+16.25E+00,-13.78E+00,-2.85E+00,-6.875E+00
2,05/2/2026,18:37:26.802,-0.09E+00,-0.05E+00,+0.00E+00,+0.00E+00,+16.16E+00,-13.93E+00,-2.59E+00,-6.951E+00
2,05/2/2026,18:37:26.802,-0.09E+00,-0.05E+00,+0.05E+00,-0.05E+00,+16.05E+00,-14.09E+00,-2.32E+00,-7.027E+00
2,05/2/2026,18:37:26.802,-0.09E+00,-0.05E+00,+0.05E+00,+0.00E+00,+15.93E+00,-14.24E+00,-2.06E+00,-7.096E+00
2,05/2/2026,18:37:26.802,-0.09E+00,-0.05E+00,+0.05E+00,+0.00E+00,+15.81E+00,-14.38E+00,-1.80E+00,-7.172E+00
2,05/2/2026,18:37:26.802,-0.09E+00,-0.05E+00,+0.05E+00,-0.05E+00,+15.69E+00,-14.53E+00,-1.53E+00,-7.241E+00
2,05/2/2026,18:37:26.802,-0.09E+00,-0.05E+00,+0.05E+00,-0.05E+00,+15.55E+00,-14.67E+00,-1.25E+00,-7.310E+00
2,05/2/2026,18:37:26.802,-0.09E+00,-0.05E+00,+0.00E+00,+0.00E+00,+15.41E+00,-14.80E+00,-0.98E+00,-7.371E+00
2,05/2/2026,18:37:26.802,-0.09E+00,-0.05E+00,+0.05E+00,+0.00E+00,+15.28E+00,-14.94E+00,-0.70E+00,-7.439E+00
2,05/2/2026,18:37:26.803,-0.09E+00,-0.05E+00,+0.05E+00,+0.00E+00,+15.14E+00,-15.06E+00,-0.44E+00,-7.508E+00
2,05/2/2026,18:37:26.803,-0.09E+00,-0.05E+00,+0.05E+00,+0.00E+00,+14.99E+00,-15.18E+00,-0.15E+00,-7.561E+00
2,05/2/2026,18:37:26.803,-0.09E+00,-0.05E+00,+0.05E+00,+0.00E+00,+14.83E+00,-15.31E+00,+0.11E+00,-7.622E+00
2,05/2/2026,18:37:26.803,-0.09E+00,-0.05E+00,+0.00E+00,+0.00E+00,+14.67E+00,-15.43E+00,+0.38E+00,-7.684E+00
2,05/2/2026,18:37:26.803,-0.09E+00,-0.05E+00,+0.00E+00,-0.05E+00,+14.50E+00,-15.53E+00,+0.67E+00,-7.729E+00
2,05/2/2026,18:37:26.803,-0.09E+00,-0.05E+00,+0.05E+00,+0.00E+00,+14.33E+00,-15.64E+00,+0.95E+00,-7.783E+00
2,05/2/2026,18:37:26.803,-0.09E+00,-0.05E+00,+0.00E+00,+0.00E+00,+14.15E+00,-15.75E+00,+1.24E+00,-7.836E+00
2,05/2/2026,18:37:26.803,-0.09E+00,-0.05E+00,+0.00E+00,-0.05E+00,+13.96E+00,-15.84E+00,+1.51E+00,-7.882E+00
2,05/2/2026,18:37:26.803,-0.09E+00,-0.05E+00,+0.05E+00,-0.05E+00,+13.78E+00,-15.93E+00,+1.80E+00,-7.928E+00
2,05/2/2026,18:37:26.803,-0.09E+00,-0.05E+00,+0.05E+00,-0.05E+00,+13.58E+00,-16.02E+00,+2.08E+00,-7.966E+00
2,05/2/2026,18:37:26.803,-0.09E+00,-0.05E+00,+0.05E+00,+0.00E+00,+13.38E+00,-16.11E+00,+2.37E+00,-8.012E+00
2,05/2/2026,18:37:26.803,-0.09E+00,-0.05E+00,+0.00E+00,+0.00E+00,+13.20E+00,-16.21E+00,+2.64E+00,-8.050E+00
2,05/2/2026,18:37:26.803,-0.09E+00,-0.05E+00,+0.00E+00,+0.00E+00,+13.00E+00,-16.28E+00,+2.91E+00,-8.088E+00
2,05/2/2026,18:37:26.803,-0.09E+00,-0.05E+00,+0.05E+00,-0.05E+00,+12.80E+00,-16.34E+00,+3.19E+00,-8.126E+00
2,05/2/2026,18:37:26.803,-0.09E+00,-0.05E+00,+0.05E+00,+0.00E+00,+12.60E+00,-16.44E+00,+3.46E+00,-8.157E+00
2,05/2/2026,18:37:26.803,-0.09E+00,-0.05E+00,+0.00E+00,+0.00E+00,+12.41E+00,-16.50E+00,+3.72E+00,-8.195E+00
2,05/2/2026,18:37:26.803,-0.09E+00,-0.05E+00,+0.00E+00,+0.00E+00,+12.21E+00,-16.57E+00,+4.00E+00,-8.233E+00
2,05/2/2026,18:37:26.803,-0.09E+00,-0.05E+00,+0.05E+00,-0.05E+00,+11.99E+00,-16.63E+00,+4.27E+00,-8.263E+00
2,05/2/2026,18:37:26.803,-0.09E+00,-0.05E+00,+0.00E+00,+0.00E+00,+11.80E+00,-16.71E+00,+4.55E+00,-8.294E+00
2,05/2/2026,18:37:26.803,-0.09E+00,-0.05E+00,+0.00E+00,+0.00E+00,+11.60E+00,-16.77E+00,+4.81E+00,-8.324E+00
2,05/2/2026,18:37:26.804,-0.09E+00,-0.05E+00,+0.00E+00,+0.00E+00,+11.38E+00,-16.83E+00,+5.07E+00,-8.355E+00
2,05/2/2026,18:37:26.804,-0.09E+00,-0.05E+00,+0.00E+00,-0.05E+00,+11.19E+00,-16.89E+00,+5.34E+00,-8.385E+00
2,05/2/2026,18:37:26.804,-0.09E+00,-0.05E+00,+0.00E+00,-0.05E+00,+10.99E+00,-16.95E+00,+5.60E+00,-8.408E+00
2,05/2/2026,18:37:26.804,-0.09E+00,-0.05E+00,+0.00E+00,+0.00E+00,+10.79E+00,-17.00E+00,+5.86E+00,-8.431E+00
2,05/2/2026,18:37:26.804,-0.09E+00,-0.05E+00,+0.05E+00,+0.00E+00,+10.58E+00,-17.05E+00,+6.12E+00,-8.454E+00
2,05/2/2026,18:37:26.804,-0.09E+00,-0.05E+00,+0.05E+00,-0.05E+00,+10.36E+00,-17.09E+00,+6.36E+00,-8.477E+00
2,05/2/2026,18:37:26.804,-0.09E+00,-0.05E+00,+0.00E+00,-0.05E+00,+10.15E+00,-17.12E+00,+6.62E+00,-8.492E+00
2,05/2/2026,18:37:26.804,-0.09E+00,-0.05E+00,+0.00E+00,+0.00E+00,+9.93E+00,-17.17E+00,+6.87E+00,-8.515E+00
2,05/2/2026,18:37:26.804,-0.09E+00,-0.05E+00,+0.05E+00,-0.05E+00,+9.74E+00,-17.20E+00,+7.11E+00,-8.530E+00
2,05/2/2026,18:37:26.804,-0.09E+00,-0.05E+00,+0.00E+00,+0.00E+00,+9.52E+00,-17.23E+00,+7.36E+00,-8.546E+00
2,05/2/2026,18:37:26.804,-0.09E+00,-0.05E+00,+0.00E+00,+0.00E+00,+9.31E+00,-17.26E+00,+7.60E+00,-8.561E+00
2,05/2/2026,18:37:26.804,-0.09E+00,-0.05E+00,+0.00E+00,-0.05E+00,+9.11E+00,-17.29E+00,+7.83E+00,-8.576E+00
2,05/2/2026,18:37:26.804,-0.09E+00,-0.05E+00,+0.00E+00,+0.00E+00,+8.91E+00,-17.32E+00,+8.06E+00,-8.584E+00
2,05/2/2026,18:37:26.804,-0.09E+00,-0.05E+00,+0.05E+00,-0.05E+00,+8.71E+00,-17.35E+00,+8.29E+00,-8.591E+00
2,05/2/2026,18:37:26.804,-0.09E+00,-0.05E+00,+0.05E+00,-0.05E+00,+8.48E+00,-17.38E+00,+8.52E+00,-8.607E+00
2,05/2/2026,18:37:26.804,-0.09E+00,-0.05E+00,+0.05E+00,+0.00E+00,+8.27E+00,-17.40E+00,+8.76E+00,-8.622E+00
2,05/2/2026,18:37:26.804,-0.09E+00,-0.05E+00,+0.05E+00,+0.00E+00,+8.06E+00,-17.41E+00,+9.00E+00,-8.622E+00
2,05/2/2026,18:37:26.804,-0.09E+00,-0.05E+00,+0.05E+00,-0.05E+00,+7.83E+00,-17.43E+00,+9.25E+00,-8.622E+00
2,05/2/2026,18:37:26.804,-0.09E+00,-0.05E+00,+0.05E+00,-0.05E+00,+7.60E+00,-17.44E+00,+9.49E+00,-8.630E+00
2,05/2/2026,18:37:26.804,-0.09E+00,-0.05E+00,+0.05E+00,+0.00E+00,+7.37E+00,-17.44E+00,+9.74E+00,-8.637E+00
2,05/2/2026,18:37:26.805,-0.09E+00,-0.05E+00,+0.05E+00,+0.00E+00,+7.14E+00,-17.46E+00,+9.98E+00,-8.637E+00
2,05/2/2026,18:37:26.805,-0.09E+00,-0.05E+00,+0.05E+00,-0.05E+00,+6.91E+00,-17.47E+00,+10.21E+00,-8.645E+00
2,05/2/2026,18:37:26.805,-0.09E+00,-0.05E+00,+0.05E+00,-0.05E+00,+6.68E+00,-17.47E+00,+10.44E+00,-8.645E+00
2,05/2/2026,18:37:26.805,-0.09E+00,-0.05E+00,+0.05E+00,+0.00E+00,+6.46E+00,-17.47E+00,+10.67E+00,-8.637E+00
2,05/2/2026,18:37:26.805,-0.09E+00,-0.05E+00,+0.05E+00,+0.00E+00,+6.21E+00,-17.47E+00,+10.90E+00,-8.645E+00
2,05/2/2026,18:37:26.805,-0.09E+00,-0.05E+00,+0.05E+00,+0.00E+00,+5.98E+00,-17.47E+00,+11.14E+00,-8.645E+00
2,05/2/2026,18:37:26.805,-0.09E+00,-0.05E+00,+0.05E+00,+0.00E+00,+5.74E+00,-17.47E+00,+11.37E+00,-8.637E+00
2,05/2/2026,18:37:26.805,-0.14E+00,-0.05E+00,+0.05E+00,+0.00E+00,+5.51E+00,-17.46E+00,+11.60E+00,-8.630E+00
2,05/2/2026,18:37:26.805,-0.09E+00,-0.05E+00,+0.05E+00,-0.05E+00,+5.28E+00,-17.44E+00,+11.81E+00,-8.622E+00
2,05/2/2026,18:37:26.805,-0.05E+00,-0.05E+00,+0.05E+00,-0.05E+00,+5.04E+00,-17.41E+00,+12.03E+00,-8.607E+00
2,05/2/2026,18:37:26.805,-0.09E+00,-0.05E+00,+0.05E+00,+0.00E+00,+4.81E+00,-17.38E+00,+12.22E+00,-8.591E+00
2,05/2/2026,18:37:26.805,-0.09E+00,-0.05E+00,+0.05E+00,+0.00E+00,+4.56E+00,-17.35E+00,+12.42E+00,-8.569E+00
2,05/2/2026,18:37:26.805,-0.09E+00,-0.05E+00,+0.05E+00,+0.00E+00,+4.32E+00,-17.29E+00,+12.60E+00,-8.538E+00
2,05/2/2026,18:37:26.805,-0.09E+00,-0.05E+00,+0.05E+00,+0.00E+00,+4.09E+00,-17.23E+00,+12.79E+00,-8.508E+00
2,05/2/2026,18:37:26.805,-0.09E+00,-0.05E+00,+0.05E+00,+0.00E+00,+3.85E+00,-17.15E+00,+12.96E+00,-8.469E+00
2,05/2/2026,18:37:26.805,-0.09E+00,-0.05E+00,+0.05E+00,+0.00E+00,+3.59E+00,-17.06E+00,+13.11E+00,-8.416E+00
2,05/2/2026,18:37:26.805,-0.09E+00,-0.05E+00,+0.00E+00,-0.05E+00,+3.33E+00,-16.95E+00,+13.26E+00,-8.363E+00
2,05/2/2026,18:37:26.805,-0.09E+00,-0.05E+00,+0.05E+00,+0.00E+00,+3.07E+00,-16.85E+00,+13.41E+00,-8.309E+00
2,05/2/2026,18:37:26.805,-0.09E+00,-0.05E+00,+0.05E+00,+0.00E+00,+2.81E+00,-16.73E+00,+13.57E+00,-8.248E+00
2,05/2/2026,18:37:26.805,-0.09E+00,-0.05E+00,+0.05E+00,+0.00E+00,+2.55E+00,-16.60E+00,+13.70E+00,-8.187E+00
2,05/2/2026,18:37:26.806,-0.09E+00,-0.05E+00,+0.05E+00,+0.00E+00,+2.29E+00,-16.48E+00,+13.84E+00,-8.126E+00
2,05/2/2026,18:37:26.806,-0.09E+00,-0.05E+00,+0.05E+00,+0.00E+00,+2.01E+00,-16.36E+00,+13.98E+00,-8.057E+00
2,05/2/2026,18:37:26.806,-0.09E+00,-0.05E+00,+0.00E+00,-0.05E+00,+1.75E+00,-16.22E+00,+14.10E+00,-7.989E+00
2,05/2/2026,18:37:26.806,-0.09E+00,-0.05E+00,+0.00E+00,+0.00E+00,+1.48E+00,-16.07E+00,+14.22E+00,-7.912E+00
2,05/2/2026,18:37:26.806,-0.09E+00,-0.05E+00,+0.05E+00,+0.00E+00,+1.19E+00,-15.92E+00,+14.34E+00,-7.836E+00
2,05/2/2026,18:37:26.806,-0.09E+00,-0.05E+00,+0.00E+00,+0.00E+00,+0.92E+00,-15.76E+00,+14.48E+00,-7.760E+00
2,05/2/2026,18:37:26.806,-0.09E+00,-0.05E+00,+0.00E+00,-0.05E+00,+0.64E+00,-15.60E+00,+14.59E+00,-7.676E+00
2,05/2/2026,18:37:26.806,-0.09E+00,-0.05E+00,+0.05E+00,+0.00E+00,+0.37E+00,-15.43E+00,+14.71E+00,-7.592E+00
2,05/2/2026,18:37:26.806,-0.09E+00,-0.05E+00,+0.05E+00,+0.00E+00,+0.08E+00,-15.28E+00,+14.82E+00,-7.508E+00
2,05/2/2026,18:37:26.806,-0.09E+00,-0.05E+00,+0.05E+00,+0.00E+00,-0.20E+00,-15.11E+00,+14.92E+00,-7.424E+00
2,05/2/2026,18:37:26.806,-0.09E+00,-0.05E+00,+0.05E+00,-0.05E+00,-0.47E+00,-14.92E+00,+15.03E+00,-7.340E+00
2,05/2/2026,18:37:26.806,-0.09E+00,-0.05E+00,+0.00E+00,-0.05E+00,-0.76E+00,-14.74E+00,+15.14E+00,-7.249E+00
2,05/2/2026,18:37:26.806,-0.09E+00,-0.05E+00,+0.05E+00,+0.00E+00,-1.05E+00,-14.57E+00,+15.24E+00,-7.157E+00
2,05/2/2026,18:37:26.806,-0.09E+00,-0.05E+00,+0.05E+00,+0.00E+00,-1.33E+00,-14.39E+00,+15.34E+00,-7.065E+00
2,05/2/2026,18:37:26.806,-0.09E+00,-0.05E+00,+0.00E+00,+0.00E+00,-1.62E+00,-14.21E+00,+15.44E+00,-6.966E+00
2,05/2/2026,18:37:26.806,-0.09E+00,-0.05E+00,+0.05E+00,-0.05E+00,-1.89E+00,-14.01E+00,+15.53E+00,-6.875E+00
2,05/2/2026,18:37:26.806,-0.09E+00,-0.05E+00,+0.05E+00,-0.05E+00,-2.18E+00,-13.83E+00,+15.63E+00,-6.776E+00
2,05/2/2026,18:37:26.806,-0.09E+00,-0.05E+00,+0.00E+00,+0.00E+00,-2.47E+00,-13.63E+00,+15.72E+00,-6.684E+00
2,05/2/2026,18:37:26.806,-0.09E+00,-0.05E+00,+0.05E+00,+0.00E+00,-2.75E+00,-13.43E+00,+15.81E+00,-6.585E+00
2,05/2/2026,18:37:26.806,-0.09E+00,-0.05E+00,+0.05E+00,+0.00E+00,-3.02E+00,-13.23E+00,+15.89E+00,-6.486E+00
2,05/2/2026,18:37:26.807,-0.09E+00,-0.05E+00,+0.05E+00,+0.00E+00,-3.28E+00,-13.03E+00,+15.95E+00,-6.386E+00
2,05/2/2026,18:37:26.807,-0.09E+00,-0.05E+00,+0.05E+00,+0.00E+00,-3.56E+00,-12.83E+00,+16.02E+00,-6.287E+00
2,05/2/2026,18:37:26.807,-0.09E+00,-0.05E+00,+0.05E+00,-0.05E+00,-3.82E+00,-12.64E+00,+16.10E+00,-6.188E+00
2,05/2/2026,18:37:26.807,-0.09E+00,-0.05E+00,+0.05E+00,+0.00E+00,-4.09E+00,-12.44E+00,+16.15E+00,-6.089E+00
2,05/2/2026,18:37:26.807,-0.09E+00,-0.05E+00,+0.05E+00,+0.00E+00,-4.35E+00,-12.24E+00,+16.21E+00,-5.990E+00
2,05/2/2026,18:37:26.807,-0.09E+00,-0.05E+00,+0.00E+00,+0.00E+00,-4.62E+00,-12.04E+00,+16.28E+00,-5.883E+00
2,05/2/2026,18:37:26.807,-0.09E+00,-0.05E+00,+0.00E+00,+0.00E+00,-4.88E+00,-11.84E+00,+16.33E+00,-5.776E+00
2,05/2/2026,18:37:26.807,-0.09E+00,-0.05E+00,+0.05E+00,+0.00E+00,-5.13E+00,-11.63E+00,+16.39E+00,-5.677E+00
2,05/2/2026,18:37:26.807,-0.09E+00,-0.05E+00,+0.05E+00,-0.05E+00,-5.39E+00,-11.41E+00,+16.44E+00,-5.570E+00
2,05/2/2026,18:37:26.807,-0.09E+00,-0.05E+00,+0.05E+00,+0.00E+00,-5.63E+00,-11.20E+00,+16.48E+00,-5.471E+00
2,05/2/2026,18:37:26.807,-0.09E+00,-0.05E+00,+0.05E+00,+0.00E+00,-5.89E+00,-11.00E+00,+16.53E+00,-5.364E+00
2,05/2/2026,18:37:26.807,-0.09E+00,-0.05E+00,+0.05E+00,-0.05E+00,-6.15E+00,-10.79E+00,+16.56E+00,-5.265E+00
2,05/2/2026,18:37:26.807,-0.09E+00,-0.05E+00,+0.05E+00,+0.00E+00,-6.39E+00,-10.59E+00,+16.60E+00,-5.150E+00
2,05/2/2026,18:37:26.807,-0.09E+00,-0.05E+00,+0.00E+00,+0.00E+00,-6.65E+00,-10.38E+00,+16.65E+00,-5.051E+00
2,05/2/2026,18:37:26.807,-0.09E+00,-0.05E+00,+0.05E+00,+0.00E+00,-6.90E+00,-10.16E+00,+16.68E+00,-4.944E+00
2,05/2/2026,18:37:26.807,-0.09E+00,-0.05E+00,+0.05E+00,-0.05E+00,-7.13E+00,-9.95E+00,+16.71E+00,-4.845E+00
2,05/2/2026,18:37:26.807,-0.09E+00,-0.05E+00,+0.00E+00,+0.00E+00,-7.37E+00,-9.74E+00,+16.74E+00,-4.731E+00
2,05/2/2026,18:37:26.807,-0.09E+00,-0.05E+00,+0.05E+00,+0.00E+00,-7.61E+00,-9.52E+00,+16.77E+00,-4.624E+00
2,05/2/2026,18:37:26.807,-0.09E+00,-0.05E+00,+0.05E+00,-0.05E+00,-7.86E+00,-9.31E+00,+16.80E+00,-4.517E+00
2,05/2/2026,18:37:26.807,-0.09E+00,-0.05E+00,+0.00E+00,+0.00E+00,-8.09E+00,-9.10E+00,+16.82E+00,-4.410E+00
2,05/2/2026,18:37:26.808,-0.09E+00,-0.05E+00,+0.05E+00,+0.00E+00,-8.33E+00,-8.87E+00,+16.83E+00,-4.296E+00
2,05/2/2026,18:37:26.808,-0.09E+00,-0.05E+00,+0.05E+00,-0.05E+00,-8.58E+00,-8.65E+00,+16.85E+00,-4.189E+00
2,05/2/2026,18:37:26.808,-0.09E+00,-0.05E+00,+0.05E+00,-0.05E+00,-8.81E+00,-8.42E+00,+16.86E+00,-4.074E+00
2,05/2/2026,18:37:26.808,-0.09E+00,-0.05E+00,+0.05E+00,+0.00E+00,-9.05E+00,-8.19E+00,+16.88E+00,-3.960E+00
2,05/2/2026,18:37:26.808,-0.09E+00,-0.05E+00,+0.00E+00,+0.00E+00,-9.29E+00,-7.98E+00,+16.89E+00,-3.853E+00
2,05/2/2026,18:37:26.808,-0.09E+00,-0.05E+00,+0.00E+00,+0.00E+00,-9.52E+00,-7.74E+00,+16.89E+00,-3.739E+00
2,05/2/2026,18:37:26.808,-0.09E+00,-0.05E+00,+0.05E+00,+0.00E+00,-9.77E+00,-7.51E+00,+16.91E+00,-3.617E+00
2,05/2/2026,18:37:26.808,-0.09E+00,-0.05E+00,+0.05E+00,+0.00E+00,-10.01E+00,-7.28E+00,+16.91E+00,-3.502E+00
2,05/2/2026,18:37:26.808,-0.09E+00,-0.05E+00,+0.05E+00,+0.00E+00,-10.25E+00,-7.03E+00,+16.91E+00,-3.388E+00
2,05/2/2026,18:37:26.808,-0.09E+00,-0.05E+00,+0.05E+00,-0.05E+00,-10.48E+00,-6.81E+00,+16.91E+00,-3.266E+00
2,05/2/2026,18:37:26.808,-0.09E+00,-0.05E+00,+0.05E+00,-0.05E+00,-10.73E+00,-6.56E+00,+16.91E+00,-3.144E+00
2,05/2/2026,18:37:26.808,-0.09E+00,-0.05E+00,+0.05E+00,+0.00E+00,-10.96E+00,-6.32E+00,+16.91E+00,-3.029E+00
2,05/2/2026,18:37:26.808,-0.09E+00,-0.05E+00,+0.05E+00,+0.00E+00,-11.20E+00,-6.07E+00,+16.91E+00,-2.907E+00
2,05/2/2026,18:37:26.808,-0.09E+00,-0.05E+00,+0.05E+00,+0.00E+00,-11.43E+00,-5.84E+00,+16.91E+00,-2.785E+00
2,05/2/2026,18:37:26.808,-0.09E+00,-0.05E+00,+0.00E+00,-0.05E+00,-11.66E+00,-5.60E+00,+16.89E+00,-2.671E+00
2,05/2/2026,18:37:26.808,-0.09E+00,-0.05E+00,+0.05E+00,-0.05E+00,-11.87E+00,-5.37E+00,+16.88E+00,-2.548E+00
2,05/2/2026,18:37:26.808,-0.09E+00,-0.05E+00,+0.05E+00,+0.00E+00,-12.09E+00,-5.14E+00,+16.86E+00,-2.434E+00
2,05/2/2026,18:37:26.808,-0.05E+00,-0.05E+00,+0.05E+00,+0.00E+00,-12.30E+00,-4.90E+00,+16.83E+00,-2.312E+00
2,05/2/2026,18:37:26.808,-0.09E+00,-0.05E+00,+0.05E+00,+0.00E+00,-12.51E+00,-4.65E+00,+16.80E+00,-2.197E+00
2,05/2/2026,18:37:26.808,-0.09E+00,-0.05E+00,+0.00E+00,+0.00E+00,-12.73E+00,-4.41E+00,+16.76E+00,-2.075E+00
2,05/2/2026,18:37:26.809,-0.09E+00,-0.05E+00,+0.00E+00,+0.00E+00,-12.93E+00,-4.15E+00,+16.71E+00,-1.946E+00
2,05/2/2026,18:37:26.809,-0.09E+00,-0.05E+00,+0.05E+00,+0.00E+00,-13.11E+00,-3.89E+00,+16.65E+00,-1.824E+00
2,05/2/2026,18:37:26.809,-0.09E+00,-0.05E+00,+0.05E+00,+0.00E+00,-13.28E+00,-3.63E+00,+16.56E+00,-1.694E+00
2,05/2/2026,18:37:26.809,-0.09E+00,-0.05E+00,+0.05E+00,-0.05E+00,-13.44E+00,-3.37E+00,+16.45E+00,-1.564E+00
2,05/2/2026,18:37:26.809,-0.09E+00,-0.05E+00,+0.05E+00,-0.05E+00,-13.60E+00,-3.11E+00,+16.34E+00,-1.427E+00
2,05/2/2026,18:37:26.809,-0.09E+00,-0.05E+00,+0.05E+00,+0.00E+00,-13.75E+00,-2.84E+00,+16.22E+00,-1.289E+00
2,05/2/2026,18:37:26.809,-0.09E+00,-0.05E+00,+0.00E+00,+0.00E+00,-13.90E+00,-2.56E+00,+16.10E+00,-1.160E+00
2,05/2/2026,18:37:26.809,-0.09E+00,-0.05E+00,+0.05E+00,-0.05E+00,-14.04E+00,-2.30E+00,+15.96E+00,-1.022E+00
2,05/2/2026,18:37:26.809,-0.09E+00,-0.05E+00,+0.05E+00,-0.05E+00,-14.16E+00,-2.03E+00,+15.82E+00,-0.893E+00
2,05/2/2026,18:37:26.809,-0.09E+00,-0.05E+00,+0.00E+00,+0.00E+00,-14.30E+00,-1.75E+00,+15.70E+00,-0.755E+00
2,05/2/2026,18:37:26.809,-0.09E+00,-0.05E+00,+0.05E+00,+0.00E+00,-14.44E+00,-1.50E+00,+15.57E+00,-0.626E+00
2,05/2/2026,18:37:26.809,-0.09E+00,-0.05E+00,+0.05E+00,+0.00E+00,-14.56E+00,-1.22E+00,+15.41E+00,-0.488E+00
2,05/2/2026,18:37:26.809,-0.09E+00,-0.05E+00,+0.00E+00,-0.05E+00,-14.70E+00,-0.96E+00,+15.28E+00,-0.359E+00
2,05/2/2026,18:37:26.809,-0.09E+00,-0.05E+00,+0.00E+00,+0.00E+00,-14.82E+00,-0.69E+00,+15.14E+00,-0.221E+00
2,05/2/2026,18:37:26.809,-0.09E+00,-0.05E+00,+0.05E+00,+0.00E+00,-14.92E+00,-0.43E+00,+14.99E+00,-0.092E+00
2,05/2/2026,18:37:26.809,-0.09E+00,-0.05E+00,+0.05E+00,+0.00E+00,-15.03E+00,-0.15E+00,+14.83E+00,+0.038E+00
2,05/2/2026,18:37:26.809,-0.09E+00,-0.05E+00,+0.00E+00,-0.05E+00,-15.14E+00,+0.12E+00,+14.67E+00,+0.175E+00
2,05/2/2026,18:37:26.809,-0.09E+00,-0.05E+00,+0.00E+00,+0.00E+00,-15.23E+00,+0.38E+00,+14.48E+00,+0.305E+00
2,05/2/2026,18:37:26.809,-0.09E+00,-0.05E+00,+0.00E+00,+0.00E+00,-15.32E+00,+0.66E+00,+14.30E+00,+0.443E+00
2,05/2/2026,18:37:26.809,-0.09E+00,-0.05E+00,+0.00E+00,-0.05E+00,-15.41E+00,+0.93E+00,+14.12E+00,+0.580E+00
2,05/2/2026,18:37:26.810,-0.09E+00,-0.05E+00,+0.00E+00,-0.05E+00,-15.49E+00,+1.21E+00,+13.93E+00,+0.717E+00
2,05/2/2026,18:37:26.810,-0.09E+00,-0.05E+00,+0.05E+00,-0.05E+00,-15.58E+00,+1.50E+00,+13.73E+00,+0.862E+00
2,05/2/2026,18:37:26.810,-0.09E+00,-0.05E+00,+0.05E+00,-0.05E+00,-15.67E+00,+1.79E+00,+13.52E+00,+1.000E+00
2,05/2/2026,18:37:26.810,-0.09E+00,-0.05E+00,+0.05E+00,+0.00E+00,-15.75E+00,+2.08E+00,+13.32E+00,+1.137E+00
2,05/2/2026,18:37:26.810,-0.09E+00,-0.05E+00,+0.00E+00,-0.05E+00,-15.84E+00,+2.35E+00,+13.12E+00,+1.282E+00
2,05/2/2026,18:37:26.810,-0.09E+00,-0.05E+00,+0.05E+00,-0.05E+00,-15.92E+00,+2.64E+00,+12.93E+00,+1.427E+00
2,05/2/2026,18:37:26.810,-0.09E+00,-0.05E+00,+0.05E+00,+0.00E+00,-15.99E+00,+2.91E+00,+12.74E+00,+1.564E+00
2,05/2/2026,18:37:26.810,-0.09E+00,-0.05E+00,+0.00E+00,+0.00E+00,-16.08E+00,+3.19E+00,+12.53E+00,+1.702E+00
2,05/2/2026,18:37:26.810,-0.09E+00,-0.05E+00,+0.00E+00,+0.00E+00,-16.16E+00,+3.48E+00,+12.33E+00,+1.839E+00
2,05/2/2026,18:37:26.810,-0.09E+00,-0.05E+00,+0.05E+00,+0.00E+00,-16.24E+00,+3.75E+00,+12.13E+00,+1.976E+00
2,05/2/2026,18:37:26.810,-0.09E+00,-0.05E+00,+0.05E+00,-0.05E+00,-16.31E+00,+4.03E+00,+11.92E+00,+2.114E+00
2,05/2/2026,18:37:26.810,-0.09E+00,-0.05E+00,+0.05E+00,+0.00E+00,-16.37E+00,+4.30E+00,+11.70E+00,+2.251E+00
2,05/2/2026,18:37:26.810,-0.09E+00,-0.05E+00,+0.05E+00,+0.00E+00,-16.44E+00,+4.58E+00,+11.51E+00,+2.381E+00
2,05/2/2026,18:37:26.810,-0.09E+00,-0.05E+00,+0.05E+00,+0.00E+00,-16.50E+00,+4.85E+00,+11.29E+00,+2.518E+00
2,05/2/2026,18:37:26.810,-0.09E+00,-0.05E+00,+0.00E+00,-0.05E+00,-16.54E+00,+5.13E+00,+11.08E+00,+2.655E+00
2,05/2/2026,18:37:26.810,-0.09E+00,-0.05E+00,+0.00E+00,+0.00E+00,-16.60E+00,+5.39E+00,+10.85E+00,+2.793E+00
2,05/2/2026,18:37:26.810,-0.09E+00,-0.05E+00,+0.00E+00,+0.00E+00,-16.66E+00,+5.66E+00,+10.64E+00,+2.922E+00
2,05/2/2026,18:37:26.810,-0.09E+00,-0.05E+00,+0.00E+00,+0.00E+00,-16.71E+00,+5.92E+00,+10.44E+00,+3.052E+00
2,05/2/2026,18:37:26.810,-0.09E+00,-0.05E+00,+0.00E+00,+0.00E+00,-16.76E+00,+6.20E+00,+10.21E+00,+3.182E+00
2,05/2/2026,18:37:26.810,-0.09E+00,-0.05E+00,+0.00E+00,+0.00E+00,-16.80E+00,+6.46E+00,+10.00E+00,+3.311E+00
2,05/2/2026,18:37:26.811,-0.09E+00,-0.05E+00,+0.00E+00,-0.05E+00,-16.85E+00,+6.71E+00,+9.78E+00,+3.441E+00
2,05/2/2026,18:37:26.811,-0.09E+00,-0.05E+00,+0.05E+00,+0.00E+00,-16.89E+00,+6.97E+00,+9.57E+00,+3.571E+00
2,05/2/2026,18:37:26.811,-0.09E+00,-0.05E+00,+0.05E+00,+0.00E+00,-16.92E+00,+7.22E+00,+9.34E+00,+3.693E+00
2,05/2/2026,18:37:26.811,-0.09E+00,-0.05E+00,+0.05E+00,+0.00E+00,-16.95E+00,+7.46E+00,+9.13E+00,+3.815E+00
2,05/2/2026,18:37:26.811,-0.09E+00,-0.09E+00,+0.05E+00,-0.05E+00,-16.98E+00,+7.71E+00,+8.93E+00,+3.937E+00
2,05/2/2026,18:37:26.811,-0.09E+00,-0.05E+00,+0.05E+00,-0.05E+00,-17.02E+00,+7.97E+00,+8.71E+00,+4.059E+00
2,05/2/2026,18:37:26.811,-0.09E+00,-0.05E+00,+0.05E+00,-0.05E+00,-17.05E+00,+8.21E+00,+8.48E+00,+4.174E+00
2,05/2/2026,18:37:26.811,-0.05E+00,-0.05E+00,+0.05E+00,+0.00E+00,-17.06E+00,+8.44E+00,+8.27E+00,+4.296E+00
2,05/2/2026,18:37:26.811,-0.09E+00,-0.05E+00,+0.00E+00,+0.00E+00,-17.09E+00,+8.68E+00,+8.04E+00,+4.418E+00
2,05/2/2026,18:37:26.811,-0.09E+00,-0.05E+00,+0.00E+00,+0.00E+00,-17.11E+00,+8.94E+00,+7.80E+00,+4.540E+00
2,05/2/2026,18:37:26.811,-0.09E+00,-0.05E+00,+0.00E+00,-0.05E+00,-17.12E+00,+9.19E+00,+7.57E+00,+4.662E+00
2,05/2/2026,18:37:26.811,-0.09E+00,-0.05E+00,+0.00E+00,-0.05E+00,-17.12E+00,+9.43E+00,+7.34E+00,+4.784E+00
2,05/2/2026,18:37:26.811,-0.09E+00,-0.05E+00,+0.00E+00,-0.05E+00,-17.12E+00,+9.67E+00,+7.11E+00,+4.906E+00
2,05/2/2026,18:37:26.811,-0.09E+00,-0.05E+00,+0.05E+00,+0.00E+00,-17.14E+00,+9.92E+00,+6.87E+00,+5.021E+00
2,05/2/2026,18:37:26.811,-0.09E+00,-0.05E+00,+0.05E+00,+0.00E+00,-17.14E+00,+10.15E+00,+6.64E+00,+5.135E+00
2,05/2/2026,18:37:26.811,-0.09E+00,-0.05E+00,+0.05E+00,+0.00E+00,-17.14E+00,+10.39E+00,+6.39E+00,+5.257E+00
2,05/2/2026,18:37:26.811,-0.09E+00,-0.05E+00,+0.05E+00,+0.00E+00,-17.14E+00,+10.62E+00,+6.17E+00,+5.372E+00
2,05/2/2026,18:37:26.811,-0.09E+00,-0.05E+00,+0.05E+00,+0.00E+00,-17.15E+00,+10.87E+00,+5.94E+00,+5.486E+00
2,05/2/2026,18:37:26.811,-0.09E+00,-0.05E+00,+0.05E+00,+0.00E+00,-17.14E+00,+11.09E+00,+5.69E+00,+5.600E+00
2,05/2/2026,18:37:26.811,-0.09E+00,-0.05E+00,+0.05E+00,+0.00E+00,-17.12E+00,+11.32E+00,+5.45E+00,+5.715E+00
2,05/2/2026,18:37:26.812,-0.09E+00,-0.05E+00,+0.05E+00,-0.05E+00,-17.12E+00,+11.55E+00,+5.20E+00,+5.829E+00
2,05/2/2026,18:37:26.812,-0.09E+00,-0.05E+00,+0.05E+00,+0.00E+00,-17.11E+00,+11.78E+00,+4.96E+00,+5.944E+00
2,05/2/2026,18:37:26.812,-0.09E+00,-0.05E+00,+0.00E+00,+0.00E+00,-17.09E+00,+12.01E+00,+4.73E+00,+6.058E+00
2,05/2/2026,18:37:26.812,-0.09E+00,-0.05E+00,+0.05E+00,+0.00E+00,-17.06E+00,+12.22E+00,+4.47E+00,+6.157E+00
2,05/2/2026,18:37:26.812,-0.09E+00,-0.05E+00,+0.05E+00,+0.00E+00,-17.03E+00,+12.44E+00,+4.23E+00,+6.264E+00
2,05/2/2026,18:37:26.812,-0.09E+00,-0.05E+00,+0.00E+00,+0.00E+00,-16.98E+00,+12.64E+00,+3.98E+00,+6.363E+00
2,05/2/2026,18:37:26.812,-0.05E+00,-0.05E+00,+0.00E+00,+0.00E+00,-16.92E+00,+12.83E+00,+3.74E+00,+6.455E+00
2,05/2/2026,18:37:26.812,-0.09E+00,-0.05E+00,+0.00E+00,+0.00E+00,-16.86E+00,+13.02E+00,+3.49E+00,+6.547E+00
2,05/2/2026,18:37:26.812,-0.09E+00,-0.05E+00,+0.00E+00,-0.05E+00,-16.79E+00,+13.18E+00,+3.24E+00,+6.631E+00
2,05/2/2026,18:37:26.812,-0.09E+00,-0.05E+00,+0.05E+00,-0.05E+00,-16.69E+00,+13.35E+00,+2.99E+00,+6.707E+00
2,05/2/2026,18:37:26.812,-0.09E+00,-0.05E+00,+0.05E+00,+0.00E+00,-16.60E+00,+13.51E+00,+2.75E+00,+6.791E+00
2,05/2/2026,18:37:26.812,-0.09E+00,-0.05E+00,+0.00E+00,+0.00E+00,-16.51E+00,+13.66E+00,+2.49E+00,+6.867E+00
2,05/2/2026,18:37:26.812,-0.05E+00,-0.05E+00,+0.05E+00,-0.05E+00,-16.40E+00,+13.83E+00,+2.23E+00,+6.943E+00
2,05/2/2026,18:37:26.812,-0.09E+00,-0.05E+00,+0.00E+00,+0.00E+00,-16.30E+00,+13.98E+00,+1.97E+00,+7.020E+00
2,05/2/2026,18:37:26.812,-0.09E+00,-0.05E+00,+0.05E+00,-0.05E+00,-16.18E+00,+14.12E+00,+1.69E+00,+7.088E+00
2,05/2/2026,18:37:26.812,-0.09E+00,-0.05E+00,+0.05E+00,-0.05E+00,-16.05E+00,+14.27E+00,+1.43E+00,+7.157E+00
2,05/2/2026,18:37:26.812,-0.09E+00,-0.05E+00,+0.05E+00,+0.00E+00,-15.93E+00,+14.41E+00,+1.16E+00,+7.233E+00
2,05/2/2026,18:37:26.812,-0.09E+00,-0.05E+00,+0.05E+00,+0.00E+00,-15.79E+00,+14.56E+00,+0.89E+00,+7.302E+00
2,05/2/2026,18:37:26.812,-0.09E+00,-0.05E+00,+0.00E+00,-0.05E+00,-15.66E+00,+14.68E+00,+0.61E+00,+7.363E+00
2,05/2/2026,18:37:26.812,-0.09E+00,-0.05E+00,+0.00E+00,-0.05E+00,-15.52E+00,+14.82E+00,+0.34E+00,+7.424E+00
2,05/2/2026,18:37:26.813,-0.09E+00,-0.05E+00,+0.05E+00,+0.00E+00,-15.37E+00,+14.95E+00,+0.06E+00,+7.493E+00
2,05/2/2026,18:37:26.813,-0.09E+00,-0.05E+00,+0.05E+00,+0.00E+00,-15.23E+00,+15.06E+00,-0.21E+00,+7.554E+00
2,05/2/2026,18:37:26.813,-0.09E+00,-0.05E+00,+0.00E+00,+0.00E+00,-15.06E+00,+15.18E+00,-0.49E+00,+7.615E+00
2,05/2/2026,18:37:26.813,-0.09E+00,-0.05E+00,+0.00E+00,+0.00E+00,-14.91E+00,+15.31E+00,-0.76E+00,+7.668E+00
2,05/2/2026,18:37:26.813,-0.09E+00,-0.05E+00,+0.00E+00,+0.00E+00,-14.74E+00,+15.41E+00,-1.04E+00,+7.714E+00
2,05/2/2026,18:37:26.813,-0.09E+00,-0.05E+00,+0.05E+00,-0.05E+00,-14.56E+00,+15.52E+00,-1.33E+00,+7.767E+00
2,05/2/2026,18:37:26.813,-0.09E+00,-0.05E+00,+0.05E+00,+0.00E+00,-14.38E+00,+15.61E+00,-1.59E+00,+7.813E+00
2,05/2/2026,18:37:26.813,-0.09E+00,-0.05E+00,+0.00E+00,+0.00E+00,-14.21E+00,+15.70E+00,-1.88E+00,+7.859E+00
2,05/2/2026,18:37:26.813,-0.09E+00,-0.05E+00,+0.05E+00,+0.00E+00,-14.01E+00,+15.79E+00,-2.15E+00,+7.905E+00
2,05/2/2026,18:37:26.813,-0.09E+00,-0.05E+00,+0.05E+00,+0.00E+00,-13.81E+00,+15.89E+00,-2.44E+00,+7.951E+00
2,05/2/2026,18:37:26.813,-0.09E+00,-0.05E+00,+0.05E+00,+0.00E+00,-13.63E+00,+15.98E+00,-2.72E+00,+7.989E+00
2,05/2/2026,18:37:26.813,-0.09E+00,-0.05E+00,+0.00E+00,-0.05E+00,-13.43E+00,+16.05E+00,-2.99E+00,+8.027E+00
2,05/2/2026,18:37:26.813,-0.09E+00,-0.05E+00,+0.00E+00,+0.00E+00,-13.23E+00,+16.13E+00,-3.28E+00,+8.065E+00
2,05/2/2026,18:37:26.813,-0.09E+00,-0.05E+00,+0.05E+00,+0.00E+00,-13.03E+00,+16.22E+00,-3.56E+00,+8.103E+00
2,05/2/2026,18:37:26.813,-0.09E+00,-0.05E+00,+0.05E+00,-0.05E+00,-12.83E+00,+16.28E+00,-3.82E+00,+8.141E+00
2,05/2/2026,18:37:26.813,-0.09E+00,-0.05E+00,+0.05E+00,+0.00E+00,-12.64E+00,+16.36E+00,-4.09E+00,+8.172E+00
2,05/2/2026,18:37:26.813,-0.09E+00,-0.05E+00,+0.00E+00,+0.00E+00,-12.42E+00,+16.44E+00,-4.36E+00,+8.210E+00
2,05/2/2026,18:37:26.813,-0.05E+00,+0.00E+00,+0.00E+00,+0.00E+00,-12.24E+00,+16.50E+00,-4.62E+00,+8.241E+00
2,05/2/2026,18:37:26.813,-0.09E+00,-0.05E+00,+0.00E+00,-0.05E+00,-12.03E+00,+16.56E+00,-4.90E+00,+8.271E+00
2,05/2/2026,18:37:26.813,-0.09E+00,-0.05E+00,+0.00E+00,-0.05E+00,-11.83E+00,+16.63E+00,-5.16E+00,+8.302E+00
2,05/2/2026,18:37:26.814,-0.09E+00,-0.05E+00,+0.00E+00,+0.00E+00,-11.63E+00,+16.69E+00,-5.43E+00,+8.332E+00
2,05/2/2026,18:37:26.814,-0.09E+00,-0.05E+00,+0.05E+00,+0.00E+00,-11.41E+00,+16.76E+00,-5.69E+00,+8.355E+00
2,05/2/2026,18:37:26.814,-0.09E+00,-0.05E+00,+0.05E+00,+0.00E+00,-11.22E+00,+16.80E+00,-5.95E+00,+8.385E+00
2,05/2/2026,18:37:26.814,-0.09E+00,-0.05E+00,+0.05E+00,+0.00E+00,-11.00E+00,+16.86E+00,-6.21E+00,+8.408E+00
2,05/2/2026,18:37:26.814,-0.09E+00,-0.05E+00,+0.05E+00,+0.00E+00,-10.80E+00,+16.91E+00,-6.47E+00,+8.431E+00
2,05/2/2026,18:37:26.814,-0.09E+00,-0.05E+00,+0.05E+00,+0.00E+00,-10.59E+00,+16.94E+00,-6.73E+00,+8.447E+00
2,05/2/2026,18:37:26.814,-0.09E+00,-0.05E+00,+0.00E+00,+0.00E+00,-10.38E+00,+16.98E+00,-6.97E+00,+8.469E+00
2,05/2/2026,18:37:26.814,-0.09E+00,-0.05E+00,+0.00E+00,+0.00E+00,-10.16E+00,+17.03E+00,-7.22E+00,+8.492E+00
2,05/2/2026,18:37:26.814,-0.09E+00,-0.05E+00,+0.05E+00,+0.00E+00,-9.96E+00,+17.06E+00,-7.48E+00,+8.508E+00
2,05/2/2026,18:37:26.814,-0.09E+00,-0.05E+00,+0.05E+00,+0.00E+00,-9.75E+00,+17.11E+00,-7.71E+00,+8.523E+00
2,05/2/2026,18:37:26.814,-0.09E+00,-0.05E+00,+0.05E+00,+0.00E+00,-9.54E+00,+17.14E+00,-7.95E+00,+8.538E+00
2,05/2/2026,18:37:26.814,-0.09E+00,-0.05E+00,+0.05E+00,-0.05E+00,-9.34E+00,+17.17E+00,-8.19E+00,+8.553E+00
2,05/2/2026,18:37:26.814,-0.09E+00,-0.05E+00,+0.05E+00,-0.05E+00,-9.16E+00,+17.18E+00,-8.41E+00,+8.561E+00
2,05/2/2026,18:37:26.814,-0.09E+00,-0.05E+00,+0.05E+00,-0.05E+00,-8.94E+00,+17.21E+00,-8.64E+00,+8.576E+00
2,05/2/2026,18:37:26.814,-0.09E+00,-0.05E+00,+0.05E+00,-0.05E+00,-8.73E+00,+17.24E+00,-8.88E+00,+8.584E+00
2,05/2/2026,18:37:26.814,-0.09E+00,-0.05E+00,+0.05E+00,+0.00E+00,-8.50E+00,+17.26E+00,-9.13E+00,+8.591E+00
2,05/2/2026,18:37:26.814,-0.09E+00,-0.05E+00,+0.05E+00,+0.00E+00,-8.29E+00,+17.27E+00,-9.35E+00,+8.599E+00
2,05/2/2026,18:37:26.814,-0.09E+00,-0.05E+00,+0.05E+00,+0.00E+00,-8.06E+00,+17.29E+00,-9.60E+00,+8.607E+00
2,05/2/2026,18:37:26.814,-0.09E+00,-0.05E+00,+0.00E+00,-0.05E+00,-7.83E+00,+17.31E+00,-9.84E+00,+8.607E+00
2,05/2/2026,18:37:26.814,-0.09E+00,-0.05E+00,+0.05E+00,+0.00E+00,-7.60E+00,+17.31E+00,-10.07E+00,+8.614E+00
2,05/2/2026,18:37:26.815,-0.09E+00,-0.05E+00,+0.05E+00,-0.05E+00,-7.37E+00,+17.32E+00,-10.32E+00,+8.622E+00
2,05/2/2026,18:37:26.815,-0.09E+00,-0.05E+00,+0.00E+00,-0.05E+00,-7.14E+00,+17.34E+00,-10.56E+00,+8.622E+00
2,05/2/2026,18:37:26.815,-0.09E+00,-0.05E+00,+0.05E+00,+0.00E+00,-6.91E+00,+17.34E+00,-10.79E+00,+8.622E+00
2,05/2/2026,18:37:26.815,-0.09E+00,-0.05E+00,+0.05E+00,+0.00E+00,-6.68E+00,+17.34E+00,-11.02E+00,+8.622E+00
2,05/2/2026,18:37:26.815,-0.09E+00,-0.05E+00,+0.00E+00,+0.00E+00,-6.46E+00,+17.34E+00,-11.25E+00,+8.622E+00
2,05/2/2026,18:37:26.815,-0.09E+00,-0.05E+00,+0.00E+00,+0.00E+00,-6.21E+00,+17.34E+00,-11.49E+00,+8.614E+00
2,05/2/2026,18:37:26.815,-0.05E+00,-0.05E+00,+0.00E+00,+0.00E+00,-5.97E+00,+17.34E+00,-11.72E+00,+8.614E+00
2,05/2/2026,18:37:26.815,-0.05E+00,-0.05E+00,+0.05E+00,+0.00E+00,-5.74E+00,+17.32E+00,-11.95E+00,+8.607E+00
2,05/2/2026,18:37:26.815,-0.09E+00,-0.05E+00,+0.05E+00,+0.00E+00,-5.51E+00,+17.31E+00,-12.16E+00,+8.599E+00
2,05/2/2026,18:37:26.815,-0.09E+00,-0.05E+00,+0.00E+00,+0.00E+00,-5.26E+00,+17.27E+00,-12.38E+00,+8.584E+00
2,05/2/2026,18:37:26.815,-0.09E+00,-0.05E+00,+0.05E+00,-0.05E+00,-5.05E+00,+17.24E+00,-12.57E+00,+8.569E+00
2,05/2/2026,18:37:26.815,-0.09E+00,-0.05E+00,+0.00E+00,+0.00E+00,-4.81E+00,+17.21E+00,-12.77E+00,+8.546E+00
2,05/2/2026,18:37:26.815,-0.09E+00,-0.05E+00,+0.00E+00,+0.00E+00,-4.56E+00,+17.15E+00,-12.96E+00,+8.515E+00
2,05/2/2026,18:37:26.815,-0.09E+00,-0.05E+00,+0.05E+00,+0.00E+00,-4.32E+00,+17.08E+00,-13.14E+00,+8.485E+00
2,05/2/2026,18:37:26.815,-0.09E+00,-0.05E+00,+0.05E+00,+0.00E+00,-4.07E+00,+17.00E+00,-13.29E+00,+8.439E+00
2,05/2/2026,18:37:26.815,-0.09E+00,-0.05E+00,+0.05E+00,-0.05E+00,-3.82E+00,+16.91E+00,-13.46E+00,+8.385E+00
2,05/2/2026,18:37:26.815,-0.09E+00,-0.05E+00,+0.00E+00,-0.05E+00,-3.56E+00,+16.80E+00,-13.61E+00,+8.332E+00
2,05/2/2026,18:37:26.815,-0.09E+00,-0.05E+00,+0.05E+00,+0.00E+00,-3.30E+00,+16.69E+00,-13.76E+00,+8.279E+00
2,05/2/2026,18:37:26.815,-0.09E+00,-0.05E+00,+0.05E+00,-0.05E+00,-3.04E+00,+16.57E+00,-13.90E+00,+8.218E+00
2,05/2/2026,18:37:26.815,-0.09E+00,-0.05E+00,+0.05E+00,+0.00E+00,-2.78E+00,+16.45E+00,-14.04E+00,+8.157E+00
2,05/2/2026,18:37:26.816,-0.09E+00,-0.05E+00,+0.00E+00,+0.00E+00,-2.52E+00,+16.33E+00,-14.18E+00,+8.096E+00
2,05/2/2026,18:37:26.816,-0.09E+00,-0.05E+00,+0.00E+00,-0.05E+00,-2.26E+00,+16.19E+00,-14.30E+00,+8.027E+00
2,05/2/2026,18:37:26.816,-0.09E+00,-0.05E+00,+0.00E+00,+0.00E+00,-1.98E+00,+16.05E+00,-14.44E+00,+7.951E+00
2,05/2/2026,18:37:26.816,-0.09E+00,-0.05E+00,+0.00E+00,+0.00E+00,-1.71E+00,+15.92E+00,-14.56E+00,+7.882E+00
2,05/2/2026,18:37:26.816,-0.09E+00,-0.05E+00,+0.05E+00,-0.05E+00,-1.43E+00,+15.75E+00,-14.70E+00,+7.806E+00
2,05/2/2026,18:37:26.816,-0.05E+00,-0.05E+00,+0.05E+00,-0.05E+00,-1.16E+00,+15.60E+00,-14.80E+00,+7.729E+00
2,05/2/2026,18:37:26.816,-0.09E+00,-0.05E+00,+0.05E+00,+0.00E+00,-0.89E+00,+15.44E+00,-14.92E+00,+7.645E+00
2,05/2/2026,18:37:26.816,-0.09E+00,-0.05E+00,+0.00E+00,+0.00E+00,-0.60E+00,+15.28E+00,-15.05E+00,+7.561E+00
2,05/2/2026,18:37:26.816,-0.09E+00,-0.05E+00,+0.05E+00,+0.00E+00,-0.32E+00,+15.11E+00,-15.15E+00,+7.477E+00
2,05/2/2026,18:37:26.816,-0.09E+00,-0.05E+00,+0.05E+00,+0.00E+00,-0.03E+00,+14.94E+00,-15.26E+00,+7.394E+00
2,05/2/2026,18:37:26.816,-0.09E+00,-0.05E+00,+0.05E+00,-0.05E+00,+0.24E+00,+14.76E+00,-15.37E+00,+7.302E+00
2,05/2/2026,18:37:26.816,-0.09E+00,-0.05E+00,+0.05E+00,-0.05E+00,+0.53E+00,+14.59E+00,-15.47E+00,+7.210E+00
2,05/2/2026,18:37:26.816,-0.09E+00,-0.05E+00,+0.05E+00,+0.00E+00,+0.81E+00,+14.41E+00,-15.58E+00,+7.119E+00
2,05/2/2026,18:37:26.816,-0.09E+00,-0.05E+00,+0.00E+00,+0.00E+00,+1.10E+00,+14.22E+00,-15.67E+00,+7.027E+00
2,05/2/2026,18:37:26.816,-0.09E+00,-0.05E+00,+0.05E+00,-0.05E+00,+1.37E+00,+14.04E+00,-15.76E+00,+6.936E+00
2,05/2/2026,18:37:26.816,-0.09E+00,-0.05E+00,+0.05E+00,+0.00E+00,+1.66E+00,+13.84E+00,-15.87E+00,+6.837E+00
2,05/2/2026,18:37:26.816,-0.09E+00,-0.05E+00,+0.05E+00,+0.00E+00,+1.94E+00,+13.66E+00,-15.95E+00,+6.745E+00
2,05/2/2026,18:37:26.816,-0.09E+00,-0.05E+00,+0.05E+00,+0.00E+00,+2.23E+00,+13.46E+00,-16.04E+00,+6.646E+00
2,05/2/2026,18:37:26.816,-0.09E+00,-0.05E+00,+0.05E+00,+0.00E+00,+2.50E+00,+13.26E+00,-16.11E+00,+6.547E+00
2,05/2/2026,18:37:26.816,-0.09E+00,-0.05E+00,+0.00E+00,-0.05E+00,+2.78E+00,+13.08E+00,-16.21E+00,+6.447E+00
2,05/2/2026,18:37:26.816,-0.09E+00,-0.05E+00,+0.00E+00,+0.00E+00,+3.05E+00,+12.88E+00,-16.28E+00,+6.348E+00
2,05/2/2026,18:37:26.817,-0.09E+00,-0.05E+00,+0.05E+00,+0.00E+00,+3.33E+00,+12.68E+00,-16.34E+00,+6.249E+00
2,05/2/2026,18:37:26.817,-0.05E+00,-0.05E+00,+0.05E+00,+0.00E+00,+3.59E+00,+12.47E+00,-16.40E+00,+6.150E+00
2,05/2/2026,18:37:26.817,-0.09E+00,-0.05E+00,+0.05E+00,+0.00E+00,+3.85E+00,+12.27E+00,-16.47E+00,+6.043E+00
2,05/2/2026,18:37:26.817,-0.09E+00,-0.05E+00,+0.05E+00,-0.05E+00,+4.10E+00,+12.07E+00,-16.53E+00,+5.944E+00
2,05/2/2026,18:37:26.817,-0.09E+00,-0.05E+00,+0.00E+00,-0.05E+00,+4.38E+00,+11.87E+00,-16.59E+00,+5.845E+00
2,05/2/2026,18:37:26.817,-0.05E+00,-0.05E+00,+0.05E+00,+0.00E+00,+4.64E+00,+11.66E+00,-16.65E+00,+5.745E+00
2,05/2/2026,18:37:26.817,-0.09E+00,-0.05E+00,+0.00E+00,+0.00E+00,+4.88E+00,+11.46E+00,-16.69E+00,+5.639E+00
2,05/2/2026,18:37:26.817,-0.09E+00,-0.05E+00,+0.05E+00,-0.05E+00,+5.14E+00,+11.25E+00,-16.74E+00,+5.532E+00
2,05/2/2026,18:37:26.817,-0.09E+00,-0.05E+00,+0.05E+00,-0.05E+00,+5.40E+00,+11.03E+00,-16.79E+00,+5.433E+00
2,05/2/2026,18:37:26.817,-0.09E+00,-0.05E+00,+0.05E+00,+0.00E+00,+5.65E+00,+10.83E+00,-16.85E+00,+5.326E+00
2,05/2/2026,18:37:26.817,-0.05E+00,-0.05E+00,+0.05E+00,+0.00E+00,+5.91E+00,+10.62E+00,-16.88E+00,+5.219E+00
2,05/2/2026,18:37:26.817,-0.09E+00,-0.05E+00,+0.05E+00,+0.00E+00,+6.15E+00,+10.42E+00,-16.92E+00,+5.120E+00
2,05/2/2026,18:37:26.817,-0.09E+00,-0.05E+00,+0.05E+00,-0.05E+00,+6.39E+00,+10.21E+00,-16.97E+00,+5.013E+00
2,05/2/2026,18:37:26.817,-0.09E+00,-0.05E+00,+0.05E+00,+0.00E+00,+6.65E+00,+10.00E+00,-17.00E+00,+4.906E+00
2,05/2/2026,18:37:26.817,-0.09E+00,-0.05E+00,+0.05E+00,-0.05E+00,+6.90E+00,+9.78E+00,-17.03E+00,+4.799E+00
2,05/2/2026,18:37:26.817,-0.09E+00,-0.05E+00,+0.05E+00,-0.05E+00,+7.13E+00,+9.57E+00,-17.06E+00,+4.693E+00
2,05/2/2026,18:37:26.817,-0.09E+00,-0.05E+00,+0.00E+00,+0.00E+00,+7.37E+00,+9.35E+00,-17.09E+00,+4.586E+00
2,05/2/2026,18:37:26.817,-0.09E+00,-0.05E+00,+0.05E+00,+0.00E+00,+7.61E+00,+9.14E+00,-17.12E+00,+4.479E+00
2,05/2/2026,18:37:26.817,-0.09E+00,-0.05E+00,+0.05E+00,-0.05E+00,+7.86E+00,+8.93E+00,-17.14E+00,+4.364E+00
2,05/2/2026,18:37:26.817,-0.09E+00,-0.05E+00,+0.00E+00,-0.05E+00,+8.10E+00,+8.70E+00,-17.15E+00,+4.258E+00
2,05/2/2026,18:37:26.818,-0.09E+00,-0.05E+00,+0.00E+00,+0.00E+00,+8.33E+00,+8.48E+00,-17.17E+00,+4.151E+00
2,05/2/2026,18:37:26.818,-0.09E+00,-0.05E+00,+0.05E+00,+0.00E+00,+8.58E+00,+8.26E+00,-17.18E+00,+4.036E+00
2,05/2/2026,18:37:26.818,-0.09E+00,-0.05E+00,+0.05E+00,+0.00E+00,+8.81E+00,+8.03E+00,-17.20E+00,+3.922E+00
2,05/2/2026,18:37:26.818,-0.09E+00,-0.05E+00,+0.05E+00,-0.05E+00,+9.05E+00,+7.80E+00,-17.20E+00,+3.807E+00
2,05/2/2026,18:37:26.818,-0.09E+00,-0.05E+00,+0.00E+00,+0.00E+00,+9.28E+00,+7.57E+00,-17.21E+00,+3.693E+00
2,05/2/2026,18:37:26.818,-0.09E+00,-0.05E+00,+0.00E+00,-0.05E+00,+9.52E+00,+7.34E+00,-17.23E+00,+3.579E+00
2,05/2/2026,18:37:26.818,-0.09E+00,-0.05E+00,+0.05E+00,+0.00E+00,+9.77E+00,+7.11E+00,-17.24E+00,+3.464E+00
2,05/2/2026,18:37:26.818,-0.09E+00,-0.05E+00,+0.05E+00,+0.00E+00,+10.01E+00,+6.87E+00,-17.24E+00,+3.342E+00
2,05/2/2026,18:37:26.818,-0.09E+00,-0.05E+00,+0.05E+00,-0.05E+00,+10.24E+00,+6.62E+00,-17.23E+00,+3.228E+00
2,05/2/2026,18:37:26.818,-0.09E+00,-0.05E+00,+0.00E+00,+0.00E+00,+10.48E+00,+6.39E+00,-17.23E+00,+3.105E+00
2,05/2/2026,18:37:26.818,-0.09E+00,-0.05E+00,+0.05E+00,+0.00E+00,+10.71E+00,+6.15E+00,-17.23E+00,+2.991E+00
2,05/2/2026,18:37:26.818,-0.09E+00,-0.05E+00,+0.05E+00,+0.00E+00,+10.94E+00,+5.92E+00,-17.23E+00,+2.869E+00
2,05/2/2026,18:37:26.818,-0.09E+00,-0.05E+00,+0.05E+00,-0.05E+00,+11.19E+00,+5.68E+00,-17.21E+00,+2.747E+00
2,05/2/2026,18:37:26.818,-0.09E+00,-0.05E+00,+0.05E+00,+0.00E+00,+11.41E+00,+5.43E+00,-17.21E+00,+2.632E+00
2,05/2/2026,18:37:26.818,-0.09E+00,-0.05E+00,+0.05E+00,+0.00E+00,+11.63E+00,+5.20E+00,-17.20E+00,+2.518E+00
2,05/2/2026,18:37:26.818,-0.05E+00,-0.05E+00,+0.05E+00,+0.00E+00,+11.84E+00,+4.96E+00,-17.17E+00,+2.396E+00
2,05/2/2026,18:37:26.818,-0.09E+00,-0.05E+00,+0.00E+00,+0.00E+00,+12.06E+00,+4.73E+00,-17.15E+00,+2.281E+00
2,05/2/2026,18:37:26.818,-0.09E+00,-0.05E+00,+0.00E+00,-0.05E+00,+12.27E+00,+4.49E+00,-17.12E+00,+2.159E+00
2,05/2/2026,18:37:26.818,-0.09E+00,-0.05E+00,+0.05E+00,+0.00E+00,+12.47E+00,+4.24E+00,-17.08E+00,+2.037E+00
2,05/2/2026,18:37:26.818,-0.09E+00,-0.05E+00,+0.05E+00,+0.00E+00,+12.67E+00,+4.00E+00,-17.03E+00,+1.915E+00
2,05/2/2026,18:37:26.819,-0.09E+00,-0.05E+00,+0.05E+00,+0.00E+00,+12.85E+00,+3.74E+00,-16.95E+00,+1.785E+00
2,05/2/2026,18:37:26.819,-0.09E+00,-0.05E+00,+0.00E+00,+0.00E+00,+13.03E+00,+3.48E+00,-16.86E+00,+1.656E+00
2,05/2/2026,18:37:26.819,-0.09E+00,-0.05E+00,+0.00E+00,+0.00E+00,+13.18E+00,+3.20E+00,-16.76E+00,+1.526E+00
2,05/2/2026,18:37:26.819,-0.09E+00,-0.05E+00,+0.05E+00,+0.00E+00,+13.35E+00,+2.95E+00,-16.63E+00,+1.389E+00
2,05/2/2026,18:37:26.819,-0.05E+00,-0.05E+00,+0.05E+00,+0.00E+00,+13.49E+00,+2.67E+00,-16.53E+00,+1.251E+00
2,05/2/2026,18:37:26.819,-0.09E+00,-0.05E+00,+0.05E+00,+0.00E+00,+13.64E+00,+2.40E+00,-16.40E+00,+1.122E+00
2,05/2/2026,18:37:26.819,-0.09E+00,-0.05E+00,+0.05E+00,+0.00E+00,+13.78E+00,+2.14E+00,-16.27E+00,+0.984E+00
2,05/2/2026,18:37:26.819,-0.09E+00,-0.05E+00,+0.05E+00,-0.05E+00,+13.90E+00,+1.86E+00,-16.13E+00,+0.855E+00
2,05/2/2026,18:37:26.819,-0.09E+00,-0.05E+00,+0.05E+00,-0.05E+00,+14.04E+00,+1.59E+00,-15.99E+00,+0.717E+00
2,05/2/2026,18:37:26.819,-0.09E+00,-0.05E+00,+0.00E+00,+0.00E+00,+14.16E+00,+1.33E+00,-15.86E+00,+0.588E+00
2,05/2/2026,18:37:26.819,-0.09E+00,-0.05E+00,+0.05E+00,+0.00E+00,+14.30E+00,+1.07E+00,-15.70E+00,+0.450E+00
2,05/2/2026,18:37:26.819,-0.09E+00,-0.09E+00,+0.05E+00,+0.00E+00,+14.42E+00,+0.79E+00,-15.57E+00,+0.320E+00
2,05/2/2026,18:37:26.819,-0.09E+00,-0.05E+00,+0.05E+00,+0.00E+00,+14.54E+00,+0.52E+00,-15.43E+00,+0.191E+00
2,05/2/2026,18:37:26.819,-0.09E+00,-0.05E+00,+0.00E+00,+0.00E+00,+14.67E+00,+0.26E+00,-15.28E+00,+0.053E+00
2,05/2/2026,18:37:26.819,-0.09E+00,-0.05E+00,+0.05E+00,+0.00E+00,+14.77E+00,-0.02E+00,-15.12E+00,-0.076E+00
2,05/2/2026,18:37:26.819,-0.09E+00,-0.05E+00,+0.05E+00,+0.00E+00,+14.88E+00,-0.27E+00,-14.97E+00,-0.214E+00
2,05/2/2026,18:37:26.819,-0.09E+00,-0.05E+00,+0.00E+00,-0.05E+00,+14.97E+00,-0.55E+00,-14.79E+00,-0.343E+00
2,05/2/2026,18:37:26.819,-0.09E+00,-0.05E+00,+0.05E+00,+0.00E+00,+15.06E+00,-0.82E+00,-14.60E+00,-0.481E+00
2,05/2/2026,18:37:26.819,-0.09E+00,-0.05E+00,+0.05E+00,+0.00E+00,+15.15E+00,-1.10E+00,-14.41E+00,-0.618E+00
2,05/2/2026,18:37:26.819,-0.09E+00,-0.05E+00,+0.00E+00,-0.05E+00,+15.24E+00,-1.39E+00,-14.22E+00,-0.755E+00
2,05/2/2026,18:37:26.820,-0.09E+00,-0.05E+00,+0.00E+00,-0.05E+00,+15.34E+00,-1.66E+00,-14.02E+00,-0.900E+00
2,05/2/2026,18:37:26.820,-0.09E+00,-0.05E+00,+0.05E+00,+0.00E+00,+15.41E+00,-1.95E+00,-13.83E+00,-1.038E+00
2,05/2/2026,18:37:26.820,-0.09E+00,-0.05E+00,+0.05E+00,-0.05E+00,+15.49E+00,-2.24E+00,-13.63E+00,-1.183E+00
2,05/2/2026,18:37:26.820,-0.09E+00,-0.05E+00,+0.00E+00,+0.00E+00,+15.57E+00,-2.52E+00,-13.41E+00,-1.320E+00
2,05/2/2026,18:37:26.820,-0.09E+00,-0.05E+00,+0.00E+00,+0.00E+00,+15.66E+00,-2.79E+00,-13.23E+00,-1.457E+00
2,05/2/2026,18:37:26.820,-0.09E+00,-0.05E+00,+0.05E+00,+0.00E+00,+15.75E+00,-3.08E+00,-13.03E+00,-1.595E+00
2,05/2/2026,18:37:26.820,-0.09E+00,-0.05E+00,+0.05E+00,+0.00E+00,+15.82E+00,-3.36E+00,-12.83E+00,-1.740E+00
2,05/2/2026,18:37:26.820,-0.09E+00,-0.05E+00,+0.05E+00,+0.00E+00,+15.90E+00,-3.63E+00,-12.64E+00,-1.877E+00
2,05/2/2026,18:37:26.820,-0.09E+00,-0.05E+00,+0.05E+00,-0.05E+00,+15.98E+00,-3.92E+00,-12.42E+00,-2.014E+00
2,05/2/2026,18:37:26.820,-0.09E+00,-0.05E+00,+0.05E+00,+0.00E+00,+16.05E+00,-4.20E+00,-12.22E+00,-2.152E+00
2,05/2/2026,18:37:26.820,-0.09E+00,-0.05E+00,+0.00E+00,+0.00E+00,+16.11E+00,-4.47E+00,-12.01E+00,-2.289E+00
2,05/2/2026,18:37:26.820,-0.09E+00,-0.05E+00,+0.00E+00,+0.00E+00,+16.18E+00,-4.75E+00,-11.80E+00,-2.426E+00
2,05/2/2026,18:37:26.820,-0.09E+00,-0.05E+00,+0.00E+00,-0.05E+00,+16.22E+00,-5.02E+00,-11.58E+00,-2.556E+00
2,05/2/2026,18:37:26.820,-0.09E+00,-0.05E+00,+0.00E+00,+0.00E+00,+16.28E+00,-5.28E+00,-11.37E+00,-2.693E+00
2,05/2/2026,18:37:26.820,-0.09E+00,-0.05E+00,+0.00E+00,+0.00E+00,+16.34E+00,-5.55E+00,-11.16E+00,-2.831E+00
2,05/2/2026,18:37:26.820,-0.09E+00,-0.05E+00,+0.00E+00,+0.00E+00,+16.39E+00,-5.83E+00,-10.94E+00,-2.960E+00
2,05/2/2026,18:37:26.820,-0.09E+00,-0.05E+00,+0.00E+00,+0.00E+00,+16.44E+00,-6.10E+00,-10.71E+00,-3.090E+00
2,05/2/2026,18:37:26.820,-0.09E+00,-0.05E+00,+0.05E+00,+0.00E+00,+16.50E+00,-6.36E+00,-10.50E+00,-3.228E+00
2,05/2/2026,18:37:26.820,-0.09E+00,-0.05E+00,+0.05E+00,+0.00E+00,+16.54E+00,-6.62E+00,-10.29E+00,-3.350E+00
2,05/2/2026,18:37:26.820,-0.05E+00,-0.05E+00,+0.05E+00,+0.00E+00,+16.59E+00,-6.87E+00,-10.07E+00,-3.479E+00
2,05/2/2026,18:37:26.821,-0.09E+00,-0.05E+00,+0.05E+00,+0.00E+00,+16.62E+00,-7.13E+00,-9.86E+00,-3.609E+00
2,05/2/2026,18:37:26.821,-0.09E+00,-0.05E+00,+0.00E+00,+0.00E+00,+16.66E+00,-7.39E+00,-9.64E+00,-3.731E+00
2,05/2/2026,18:37:26.821,-0.09E+00,-0.05E+00,+0.00E+00,+0.00E+00,+16.69E+00,-7.65E+00,-9.42E+00,-3.853E+00
2,05/2/2026,18:37:26.821,-0.09E+00,-0.05E+00,+0.00E+00,+0.00E+00,+16.73E+00,-7.87E+00,-9.22E+00,-3.975E+00
2,05/2/2026,18:37:26.821,-0.09E+00,-0.05E+00,+0.00E+00,-0.05E+00,+16.76E+00,-8.13E+00,-9.00E+00,-4.097E+00
2,05/2/2026,18:37:26.821,-0.09E+00,-0.05E+00,+0.05E+00,-0.05E+00,+16.77E+00,-8.38E+00,-8.77E+00,-4.219E+00
2,05/2/2026,18:37:26.821,-0.09E+00,-0.05E+00,+0.05E+00,+0.00E+00,+16.79E+00,-8.62E+00,-8.55E+00,-4.342E+00
2,05/2/2026,18:37:26.821,-0.09E+00,-0.05E+00,+0.05E+00,+0.00E+00,+16.82E+00,-8.87E+00,-8.32E+00,-4.464E+00
2,05/2/2026,18:37:26.821,-0.09E+00,-0.05E+00,+0.05E+00,+0.00E+00,+16.83E+00,-9.11E+00,-8.09E+00,-4.578E+00
2,05/2/2026,18:37:26.821,-0.09E+00,-0.05E+00,+0.05E+00,+0.00E+00,+16.83E+00,-9.35E+00,-7.86E+00,-4.700E+00
2,05/2/2026,18:37:26.821,-0.09E+00,-0.05E+00,+0.00E+00,+0.00E+00,+16.85E+00,-9.60E+00,-7.63E+00,-4.822E+00
2,05/2/2026,18:37:26.821,-0.09E+00,-0.05E+00,+0.00E+00,+0.00E+00,+16.86E+00,-9.84E+00,-7.39E+00,-4.944E+00
2,05/2/2026,18:37:26.821,-0.09E+00,-0.05E+00,+0.00E+00,+0.00E+00,+16.86E+00,-10.09E+00,-7.16E+00,-5.059E+00
2,05/2/2026,18:37:26.821,-0.09E+00,-0.05E+00,+0.00E+00,+0.00E+00,+16.86E+00,-10.33E+00,-6.93E+00,-5.173E+00
2,05/2/2026,18:37:26.821,-0.09E+00,-0.05E+00,+0.00E+00,+0.00E+00,+16.88E+00,-10.56E+00,-6.68E+00,-5.295E+00
2,05/2/2026,18:37:26.821,-0.09E+00,-0.05E+00,+0.00E+00,+0.00E+00,+16.88E+00,-10.79E+00,-6.46E+00,-5.410E+00
2,05/2/2026,18:37:26.821,-0.09E+00,-0.05E+00,+0.00E+00,+0.00E+00,+16.86E+00,-11.03E+00,-6.21E+00,-5.524E+00
2,05/2/2026,18:37:26.821,-0.09E+00,-0.05E+00,+0.05E+00,-0.05E+00,+16.86E+00,-11.26E+00,-5.97E+00,-5.639E+00
2,05/2/2026,18:37:26.821,-0.09E+00,-0.05E+00,+0.00E+00,-0.05E+00,+16.86E+00,-11.49E+00,-5.74E+00,-5.753E+00
2,05/2/2026,18:37:26.821,-0.09E+00,-0.05E+00,+0.00E+00,+0.00E+00,+16.85E+00,-11.72E+00,-5.49E+00,-5.875E+00
2,05/2/2026,18:37:26.822,-0.09E+00,-0.05E+00,+0.00E+00,+0.00E+00,+16.83E+00,-11.95E+00,-5.25E+00,-5.982E+00
2,05/2/2026,18:37:26.822,-0.09E+00,-0.05E+00,+0.05E+00,+0.00E+00,+16.82E+00,-12.16E+00,-5.01E+00,-6.089E+00
2,05/2/2026,18:37:26.822,-0.09E+00,-0.05E+00,+0.05E+00,-0.05E+00,+16.79E+00,-12.38E+00,-4.76E+00,-6.196E+00
2,05/2/2026,18:37:26.822,-0.09E+00,-0.05E+00,+0.05E+00,-0.05E+00,+16.76E+00,-12.59E+00,-4.52E+00,-6.302E+00
2,05/2/2026,18:37:26.822,-0.05E+00,-0.05E+00,+0.05E+00,+0.00E+00,+16.71E+00,-12.79E+00,-4.29E+00,-6.394E+00
2,05/2/2026,18:37:26.822,-0.09E+00,-0.05E+00,+0.05E+00,+0.00E+00,+16.65E+00,-12.99E+00,-4.03E+00,-6.486E+00
2,05/2/2026,18:37:26.822,-0.09E+00,-0.05E+00,+0.05E+00,-0.05E+00,+16.59E+00,-13.17E+00,-3.78E+00,-6.577E+00
2,05/2/2026,18:37:26.822,-0.09E+00,-0.05E+00,+0.05E+00,-0.05E+00,+16.50E+00,-13.34E+00,-3.54E+00,-6.661E+00
2,05/2/2026,18:37:26.822,-0.09E+00,-0.05E+00,+0.05E+00,+0.00E+00,+16.42E+00,-13.51E+00,-3.28E+00,-6.745E+00
2,05/2/2026,18:37:26.822,-0.09E+00,-0.05E+00,+0.00E+00,+0.00E+00,+16.33E+00,-13.66E+00,-3.02E+00,-6.821E+00
2,05/2/2026,18:37:26.822,-0.09E+00,-0.05E+00,+0.00E+00,+0.00E+00,+16.22E+00,-13.83E+00,-2.76E+00,-6.898E+00
2,05/2/2026,18:37:26.822,-0.09E+00,-0.05E+00,+0.05E+00,-0.05E+00,+16.11E+00,-13.98E+00,-2.50E+00,-6.974E+00
2,05/2/2026,18:37:26.822,-0.09E+00,-0.05E+00,+0.05E+00,-0.05E+00,+16.01E+00,-14.13E+00,-2.24E+00,-7.050E+00
2,05/2/2026,18:37:26.822,-0.09E+00,-0.05E+00,+0.00E+00,+0.00E+00,+15.90E+00,-14.28E+00,-1.98E+00,-7.127E+00
2,05/2/2026,18:37:26.822,-0.09E+00,-0.05E+00,+0.00E+00,+0.00E+00,+15.78E+00,-14.42E+00,-1.71E+00,-7.195E+00
2,05/2/2026,18:37:26.822,-0.09E+00,-0.05E+00,+0.05E+00,+0.00E+00,+15.64E+00,-14.57E+00,-1.43E+00,-7.264E+00
2,05/2/2026,18:37:26.822,-0.09E+00,-0.05E+00,+0.05E+00,+0.00E+00,+15.50E+00,-14.71E+00,-1.16E+00,-7.333E+00
2,05/2/2026,18:37:26.822,-0.09E+00,-0.05E+00,+0.05E+00,+0.00E+00,+15.38E+00,-14.85E+00,-0.90E+00,-7.401E+00
2,05/2/2026,18:37:26.822,-0.09E+00,-0.05E+00,+0.05E+00,-0.05E+00,+15.24E+00,-14.97E+00,-0.63E+00,-7.462E+00
2,05/2/2026,18:37:26.822,-0.09E+00,-0.05E+00,+0.00E+00,-0.05E+00,+15.09E+00,-15.11E+00,-0.35E+00,-7.523E+00
2,05/2/2026,18:37:26.823,-0.09E+00,-0.05E+00,+0.00E+00,+0.00E+00,+14.92E+00,-15.23E+00,-0.08E+00,-7.584E+00
2,05/2/2026,18:37:26.823,-0.09E+00,-0.05E+00,+0.05E+00,+0.00E+00,+14.79E+00,-15.34E+00,+0.20E+00,-7.645E+00
2,05/2/2026,18:37:26.823,-0.09E+00,-0.05E+00,+0.00E+00,-0.05E+00,+14.62E+00,-15.46E+00,+0.47E+00,-7.699E+00
2,05/2/2026,18:37:26.823,-0.09E+00,-0.05E+00,+0.00E+00,-0.05E+00,+14.44E+00,-15.57E+00,+0.76E+00,-7.752E+00
2,05/2/2026,18:37:26.823,-0.09E+00,-0.05E+00,+0.05E+00,-0.05E+00,+14.27E+00,-15.66E+00,+1.04E+00,-7.798E+00
2,05/2/2026,18:37:26.823,-0.09E+00,-0.05E+00,+0.00E+00,+0.00E+00,+14.09E+00,-15.76E+00,+1.33E+00,-7.844E+00
2,05/2/2026,18:37:26.823,-0.09E+00,-0.05E+00,+0.00E+00,-0.05E+00,+13.90E+00,-15.87E+00,+1.60E+00,-7.890E+00
2,05/2/2026,18:37:26.823,-0.09E+00,-0.05E+00,+0.00E+00,+0.00E+00,+13.70E+00,-15.96E+00,+1.88E+00,-7.935E+00
2,05/2/2026,18:37:26.823,-0.09E+00,-0.05E+00,+0.05E+00,+0.00E+00,+13.52E+00,-16.05E+00,+2.17E+00,-7.981E+00
2,05/2/2026,18:37:26.823,-0.09E+00,-0.05E+00,+0.05E+00,-0.05E+00,+13.34E+00,-16.15E+00,+2.44E+00,-8.019E+00
2,05/2/2026,18:37:26.823,-0.09E+00,-0.05E+00,+0.05E+00,+0.00E+00,+13.14E+00,-16.22E+00,+2.72E+00,-8.065E+00
2,05/2/2026,18:37:26.823,-0.09E+00,-0.05E+00,+0.05E+00,+0.00E+00,+12.94E+00,-16.30E+00,+2.99E+00,-8.103E+00
2,05/2/2026,18:37:26.823,-0.09E+00,-0.05E+00,+0.05E+00,+0.00E+00,+12.74E+00,-16.37E+00,+3.27E+00,-8.134E+00
2,05/2/2026,18:37:26.823,-0.09E+00,-0.05E+00,+0.05E+00,+0.00E+00,+12.54E+00,-16.45E+00,+3.54E+00,-8.172E+00
2,05/2/2026,18:37:26.823,-0.09E+00,-0.05E+00,+0.05E+00,+0.00E+00,+12.35E+00,-16.53E+00,+3.82E+00,-8.202E+00
2,05/2/2026,18:37:26.823,-0.09E+00,-0.05E+00,+0.00E+00,+0.00E+00,+12.13E+00,-16.59E+00,+4.07E+00,-8.241E+00
2,05/2/2026,18:37:26.823,-0.09E+00,-0.05E+00,+0.05E+00,+0.00E+00,+11.93E+00,-16.65E+00,+4.35E+00,-8.263E+00
2,05/2/2026,18:37:26.823,-0.09E+00,-0.05E+00,+0.05E+00,+0.00E+00,+11.74E+00,-16.73E+00,+4.62E+00,-8.302E+00
2,05/2/2026,18:37:26.823,-0.09E+00,-0.05E+00,+0.05E+00,-0.05E+00,+11.54E+00,-16.79E+00,+4.88E+00,-8.332E+00
2,05/2/2026,18:37:26.823,-0.09E+00,-0.05E+00,+0.00E+00,+0.00E+00,+11.34E+00,-16.85E+00,+5.14E+00,-8.355E+00
2,05/2/2026,18:37:26.824,-0.09E+00,-0.05E+00,+0.00E+00,+0.00E+00,+11.12E+00,-16.91E+00,+5.40E+00,-8.385E+00
2,05/2/2026,18:37:26.824,-0.09E+00,-0.05E+00,+0.05E+00,+0.00E+00,+10.91E+00,-16.95E+00,+5.66E+00,-8.408E+00
2,05/2/2026,18:37:26.824,-0.09E+00,-0.09E+00,+0.05E+00,+0.00E+00,+10.71E+00,-17.00E+00,+5.92E+00,-8.431E+00
2,05/2/2026,18:37:26.824,-0.09E+00,-0.05E+00,+0.05E+00,+0.00E+00,+10.51E+00,-17.05E+00,+6.18E+00,-8.454E+00
2,05/2/2026,18:37:26.824,-0.09E+00,-0.05E+00,+0.00E+00,+0.00E+00,+10.30E+00,-17.09E+00,+6.44E+00,-8.477E+00
2,05/2/2026,18:37:26.824,-0.09E+00,-0.05E+00,+0.05E+00,+0.00E+00,+10.09E+00,-17.14E+00,+6.70E+00,-8.500E+00
2,05/2/2026,18:37:26.824,-0.09E+00,-0.05E+00,+0.05E+00,-0.05E+00,+9.87E+00,-17.17E+00,+6.94E+00,-8.515E+00
2,05/2/2026,18:37:26.824,-0.09E+00,-0.05E+00,+0.05E+00,+0.00E+00,+9.66E+00,-17.20E+00,+7.19E+00,-8.530E+00
2,05/2/2026,18:37:26.824,-0.09E+00,-0.05E+00,+0.00E+00,+0.00E+00,+9.45E+00,-17.24E+00,+7.43E+00,-8.553E+00
2,05/2/2026,18:37:26.824,-0.09E+00,-0.05E+00,+0.00E+00,+0.00E+00,+9.25E+00,-17.27E+00,+7.68E+00,-8.561E+00
2,05/2/2026,18:37:26.824,-0.09E+00,-0.05E+00,+0.05E+00,+0.00E+00,+9.05E+00,-17.31E+00,+7.90E+00,-8.576E+00
2,05/2/2026,18:37:26.824,-0.09E+00,-0.05E+00,+0.00E+00,-0.05E+00,+8.85E+00,-17.34E+00,+8.12E+00,-8.584E+00
2,05/2/2026,18:37:26.824,-0.09E+00,-0.05E+00,+0.00E+00,+0.00E+00,+8.64E+00,-17.35E+00,+8.35E+00,-8.599E+00
2,05/2/2026,18:37:26.824,-0.09E+00,-0.05E+00,+0.05E+00,+0.00E+00,+8.42E+00,-17.38E+00,+8.59E+00,-8.607E+00
2,05/2/2026,18:37:26.824,-0.09E+00,-0.05E+00,+0.05E+00,+0.00E+00,+8.19E+00,-17.40E+00,+8.84E+00,-8.622E+00
2,05/2/2026,18:37:26.824,-0.09E+00,-0.05E+00,+0.00E+00,-0.05E+00,+7.98E+00,-17.41E+00,+9.08E+00,-8.622E+00
2,05/2/2026,18:37:26.824,-0.09E+00,-0.05E+00,+0.00E+00,-0.05E+00,+7.75E+00,-17.43E+00,+9.31E+00,-8.622E+00
2,05/2/2026,18:37:26.824,-0.09E+00,-0.05E+00,+0.05E+00,-0.05E+00,+7.54E+00,-17.44E+00,+9.55E+00,-8.630E+00
2,05/2/2026,18:37:26.824,-0.09E+00,-0.05E+00,+0.00E+00,+0.00E+00,+7.31E+00,-17.46E+00,+9.80E+00,-8.637E+00
2,05/2/2026,18:37:26.824,-0.09E+00,-0.05E+00,+0.00E+00,+0.00E+00,+7.07E+00,-17.46E+00,+10.04E+00,-8.645E+00
2,05/2/2026,18:37:26.825,-0.09E+00,-0.05E+00,+0.05E+00,+0.00E+00,+6.85E+00,-17.47E+00,+10.27E+00,-8.637E+00
2,05/2/2026,18:37:26.825,-0.09E+00,-0.05E+00,+0.05E+00,+0.00E+00,+6.61E+00,-17.47E+00,+10.50E+00,-8.645E+00
2,05/2/2026,18:37:26.825,-0.09E+00,-0.05E+00,+0.05E+00,+0.00E+00,+6.38E+00,-17.47E+00,+10.73E+00,-8.645E+00
2,05/2/2026,18:37:26.825,-0.09E+00,-0.05E+00,+0.05E+00,+0.00E+00,+6.15E+00,-17.47E+00,+10.97E+00,-8.637E+00
2,05/2/2026,18:37:26.825,-0.09E+00,-0.05E+00,+0.05E+00,+0.00E+00,+5.92E+00,-17.47E+00,+11.20E+00,-8.637E+00
2,05/2/2026,18:37:26.825,-0.09E+00,-0.05E+00,+0.05E+00,-0.05E+00,+5.68E+00,-17.46E+00,+11.43E+00,-8.630E+00
2,05/2/2026,18:37:26.825,-0.09E+00,-0.05E+00,+0.00E+00,-0.05E+00,+5.43E+00,-17.44E+00,+11.66E+00,-8.622E+00
2,05/2/2026,18:37:26.825,-0.09E+00,-0.05E+00,+0.05E+00,+0.00E+00,+5.20E+00,-17.43E+00,+11.87E+00,-8.614E+00
2,05/2/2026,18:37:26.825,-0.09E+00,-0.05E+00,+0.05E+00,+0.00E+00,+4.96E+00,-17.41E+00,+12.09E+00,-8.599E+00
2,05/2/2026,18:37:26.825,-0.09E+00,-0.05E+00,+0.05E+00,+0.00E+00,+4.73E+00,-17.38E+00,+12.28E+00,-8.584E+00
2,05/2/2026,18:37:26.825,-0.09E+00,-0.05E+00,+0.05E+00,-0.05E+00,+4.49E+00,-17.34E+00,+12.48E+00,-8.561E+00
2,05/2/2026,18:37:26.825,-0.09E+00,-0.05E+00,+0.05E+00,+0.00E+00,+4.26E+00,-17.27E+00,+12.67E+00,-8.530E+00
2,05/2/2026,18:37:26.825,-0.09E+00,-0.05E+00,+0.05E+00,+0.00E+00,+4.00E+00,-17.20E+00,+12.83E+00,-8.492E+00
2,05/2/2026,18:37:26.825,-0.09E+00,-0.05E+00,+0.00E+00,+0.00E+00,+3.75E+00,-17.12E+00,+13.00E+00,-8.454E+00
2,05/2/2026,18:37:26.825,-0.09E+00,-0.05E+00,+0.00E+00,+0.00E+00,+3.49E+00,-17.03E+00,+13.15E+00,-8.401E+00
2,05/2/2026,18:37:26.825,-0.09E+00,-0.05E+00,+0.05E+00,-0.05E+00,+3.25E+00,-16.92E+00,+13.31E+00,-8.347E+00
2,05/2/2026,18:37:26.825,-0.09E+00,-0.05E+00,+0.05E+00,-0.05E+00,+2.99E+00,-16.82E+00,+13.46E+00,-8.294E+00
2,05/2/2026,18:37:26.825,-0.09E+00,-0.05E+00,+0.05E+00,-0.05E+00,+2.73E+00,-16.69E+00,+13.61E+00,-8.233E+00
2,05/2/2026,18:37:26.825,-0.09E+00,-0.05E+00,+0.00E+00,+0.00E+00,+2.47E+00,-16.57E+00,+13.73E+00,-8.164E+00
2,05/2/2026,18:37:26.825,-0.09E+00,-0.05E+00,+0.00E+00,+0.00E+00,+2.20E+00,-16.44E+00,+13.87E+00,-8.103E+00
2,05/2/2026,18:37:26.826,-0.09E+00,-0.05E+00,+0.00E+00,+0.00E+00,+1.94E+00,-16.31E+00,+14.01E+00,-8.034E+00
2,05/2/2026,18:37:26.826,-0.09E+00,-0.05E+00,+0.00E+00,+0.00E+00,+1.66E+00,-16.16E+00,+14.15E+00,-7.966E+00
2,05/2/2026,18:37:26.826,-0.09E+00,-0.05E+00,+0.05E+00,-0.05E+00,+1.39E+00,-16.02E+00,+14.27E+00,-7.890E+00
2,05/2/2026,18:37:26.826,-0.09E+00,-0.05E+00,+0.05E+00,+0.00E+00,+1.10E+00,-15.87E+00,+14.39E+00,-7.813E+00
2,05/2/2026,18:37:26.826,-0.09E+00,-0.05E+00,+0.05E+00,+0.00E+00,+0.82E+00,-15.70E+00,+14.51E+00,-7.729E+00
2,05/2/2026,18:37:26.826,-0.09E+00,-0.05E+00,+0.00E+00,+0.00E+00,+0.55E+00,-15.55E+00,+14.62E+00,-7.653E+00
2,05/2/2026,18:37:26.826,-0.09E+00,-0.05E+00,+0.00E+00,+0.00E+00,+0.27E+00,-15.38E+00,+14.74E+00,-7.569E+00
2,05/2/2026,18:37:26.826,-0.09E+00,-0.05E+00,+0.00E+00,+0.00E+00,-0.02E+00,-15.21E+00,+14.86E+00,-7.485E+00
2,05/2/2026,18:37:26.826,-0.09E+00,-0.05E+00,+0.05E+00,+0.00E+00,-0.29E+00,-15.05E+00,+14.97E+00,-7.394E+00
2,05/2/2026,18:37:26.826,-0.09E+00,-0.05E+00,+0.00E+00,+0.00E+00,-0.56E+00,-14.88E+00,+15.08E+00,-7.310E+00
2,05/2/2026,18:37:26.826,-0.09E+00,-0.05E+00,+0.05E+00,+0.00E+00,-0.85E+00,-14.70E+00,+15.17E+00,-7.218E+00
2,05/2/2026,18:37:26.826,-0.09E+00,-0.05E+00,+0.05E+00,+0.00E+00,-1.13E+00,-14.51E+00,+15.28E+00,-7.127E+00
2,05/2/2026,18:37:26.826,-0.09E+00,-0.05E+00,+0.05E+00,-0.05E+00,-1.42E+00,-14.33E+00,+15.37E+00,-7.035E+00
2,05/2/2026,18:37:26.826,-0.09E+00,-0.05E+00,+0.05E+00,+0.00E+00,-1.69E+00,-14.15E+00,+15.47E+00,-6.943E+00
2,05/2/2026,18:37:26.826,-0.09E+00,-0.05E+00,+0.05E+00,+0.00E+00,-1.98E+00,-13.96E+00,+15.57E+00,-6.844E+00
2,05/2/2026,18:37:26.826,-0.09E+00,-0.05E+00,+0.05E+00,+0.00E+00,-2.27E+00,-13.76E+00,+15.66E+00,-6.753E+00
2,05/2/2026,18:37:26.826,-0.09E+00,-0.05E+00,+0.00E+00,-0.05E+00,-2.55E+00,-13.57E+00,+15.73E+00,-6.653E+00
2,05/2/2026,18:37:26.826,-0.09E+00,-0.05E+00,+0.05E+00,+0.00E+00,-2.82E+00,-13.38E+00,+15.82E+00,-6.554E+00
2,05/2/2026,18:37:26.826,-0.09E+00,-0.05E+00,+0.05E+00,+0.00E+00,-3.11E+00,-13.18E+00,+15.90E+00,-6.455E+00
2,05/2/2026,18:37:26.826,-0.09E+00,-0.05E+00,+0.05E+00,+0.00E+00,-3.37E+00,-12.99E+00,+15.98E+00,-6.356E+00
2,05/2/2026,18:37:26.827,-0.09E+00,-0.05E+00,+0.05E+00,+0.00E+00,-3.65E+00,-12.79E+00,+16.05E+00,-6.257E+00
2,05/2/2026,18:37:26.827,-0.09E+00,-0.05E+00,+0.00E+00,-0.05E+00,-3.91E+00,-12.59E+00,+16.11E+00,-6.157E+00
2,05/2/2026,18:37:26.827,-0.09E+00,-0.05E+00,+0.05E+00,-0.05E+00,-4.17E+00,-12.38E+00,+16.18E+00,-6.058E+00
2,05/2/2026,18:37:26.827,-0.09E+00,-0.05E+00,+0.05E+00,+0.00E+00,-4.44E+00,-12.18E+00,+16.24E+00,-5.951E+00
2,05/2/2026,18:37:26.827,-0.09E+00,-0.05E+00,+0.00E+00,+0.00E+00,-4.70E+00,-11.98E+00,+16.28E+00,-5.852E+00
2,05/2/2026,18:37:26.827,-0.09E+00,-0.05E+00,+0.05E+00,-0.05E+00,-4.94E+00,-11.77E+00,+16.34E+00,-5.753E+00
2,05/2/2026,18:37:26.827,-0.09E+00,-0.05E+00,+0.05E+00,-0.05E+00,-5.20E+00,-11.57E+00,+16.39E+00,-5.646E+00
2,05/2/2026,18:37:26.827,-0.09E+00,-0.05E+00,+0.05E+00,+0.00E+00,-5.46E+00,-11.35E+00,+16.44E+00,-5.539E+00
2,05/2/2026,18:37:26.827,-0.09E+00,-0.05E+00,+0.05E+00,+0.00E+00,-5.71E+00,-11.14E+00,+16.50E+00,-5.440E+00
2,05/2/2026,18:37:26.827,-0.09E+00,-0.05E+00,+0.05E+00,-0.05E+00,-5.97E+00,-10.94E+00,+16.54E+00,-5.333E+00
2,05/2/2026,18:37:26.827,-0.09E+00,-0.05E+00,+0.05E+00,+0.00E+00,-6.23E+00,-10.74E+00,+16.57E+00,-5.234E+00
2,05/2/2026,18:37:26.827,-0.09E+00,-0.05E+00,+0.05E+00,+0.00E+00,-6.47E+00,-10.51E+00,+16.62E+00,-5.127E+00
2,05/2/2026,18:37:26.827,-0.09E+00,-0.05E+00,+0.05E+00,+0.00E+00,-6.70E+00,-10.32E+00,+16.65E+00,-5.021E+00
2,05/2/2026,18:37:26.827,-0.09E+00,-0.05E+00,+0.05E+00,+0.00E+00,-6.96E+00,-10.12E+00,+16.69E+00,-4.914E+00
2,05/2/2026,18:37:26.827,-0.09E+00,-0.05E+00,+0.00E+00,-0.05E+00,-7.20E+00,-9.90E+00,+16.73E+00,-4.815E+00
2,05/2/2026,18:37:26.827,-0.09E+00,-0.05E+00,+0.00E+00,+0.00E+00,-7.43E+00,-9.69E+00,+16.76E+00,-4.708E+00
2,05/2/2026,18:37:26.827,-0.09E+00,-0.05E+00,+0.05E+00,+0.00E+00,-7.68E+00,-9.46E+00,+16.79E+00,-4.593E+00
2,05/2/2026,18:37:26.827,-0.09E+00,-0.09E+00,+0.05E+00,-0.05E+00,-7.94E+00,-9.25E+00,+16.80E+00,-4.486E+00
2,05/2/2026,18:37:26.827,-0.09E+00,-0.05E+00,+0.05E+00,+0.00E+00,-8.16E+00,-9.03E+00,+16.83E+00,-4.380E+00
2,05/2/2026,18:37:26.827,-0.09E+00,-0.05E+00,+0.05E+00,+0.00E+00,-8.41E+00,-8.81E+00,+16.85E+00,-4.265E+00
2,05/2/2026,18:37:26.828,-0.09E+00,-0.05E+00,+0.00E+00,+0.00E+00,-8.64E+00,-8.59E+00,+16.86E+00,-4.158E+00
2,05/2/2026,18:37:26.828,-0.09E+00,-0.05E+00,+0.05E+00,+0.00E+00,-8.88E+00,-8.36E+00,+16.86E+00,-4.044E+00
2,05/2/2026,18:37:26.828,-0.09E+00,-0.05E+00,+0.05E+00,+0.00E+00,-9.13E+00,-8.13E+00,+16.88E+00,-3.929E+00
2,05/2/2026,18:37:26.828,-0.09E+00,-0.05E+00,+0.05E+00,+0.00E+00,-9.35E+00,-7.90E+00,+16.89E+00,-3.815E+00
2,05/2/2026,18:37:26.828,-0.09E+00,-0.05E+00,+0.00E+00,+0.00E+00,-9.60E+00,-7.68E+00,+16.89E+00,-3.701E+00
2,05/2/2026,18:37:26.828,-0.09E+00,-0.05E+00,+0.00E+00,-0.05E+00,-9.84E+00,-7.43E+00,+16.91E+00,-3.586E+00
2,05/2/2026,18:37:26.828,-0.09E+00,-0.05E+00,+0.00E+00,+0.00E+00,-10.07E+00,-7.20E+00,+16.91E+00,-3.464E+00
2,05/2/2026,18:37:26.828,-0.09E+00,-0.05E+00,+0.05E+00,+0.00E+00,-10.32E+00,-6.97E+00,+16.91E+00,-3.350E+00
2,05/2/2026,18:37:26.828,-0.09E+00,-0.05E+00,+0.05E+00,+0.00E+00,-10.54E+00,-6.73E+00,+16.92E+00,-3.235E+00
2,05/2/2026,18:37:26.828,-0.09E+00,-0.05E+00,+0.05E+00,+0.00E+00,-10.79E+00,-6.49E+00,+16.91E+00,-3.113E+00
2,05/2/2026,18:37:26.828,-0.09E+00,-0.05E+00,+0.00E+00,+0.00E+00,-11.02E+00,-6.26E+00,+16.91E+00,-2.991E+00
2,05/2/2026,18:37:26.828,-0.09E+00,-0.05E+00,+0.05E+00,+0.00E+00,-11.26E+00,-6.01E+00,+16.91E+00,-2.877E+00
2,05/2/2026,18:37:26.828,-0.09E+00,-0.05E+00,+0.05E+00,+0.00E+00,-11.49E+00,-5.77E+00,+16.89E+00,-2.754E+00
2,05/2/2026,18:37:26.828,-0.09E+00,-0.05E+00,+0.00E+00,+0.00E+00,-11.72E+00,-5.54E+00,+16.89E+00,-2.632E+00
2,05/2/2026,18:37:26.828,-0.09E+00,-0.05E+00,+0.00E+00,-0.05E+00,-11.93E+00,-5.31E+00,+16.86E+00,-2.518E+00
2,05/2/2026,18:37:26.828,-0.09E+00,-0.05E+00,+0.05E+00,-0.05E+00,-12.16E+00,-5.07E+00,+16.85E+00,-2.396E+00
2,05/2/2026,18:37:26.828,-0.09E+00,-0.05E+00,+0.00E+00,+0.00E+00,-12.36E+00,-4.82E+00,+16.83E+00,-2.281E+00
2,05/2/2026,18:37:26.828,-0.09E+00,-0.05E+00,+0.00E+00,+0.00E+00,-12.57E+00,-4.58E+00,+16.80E+00,-2.159E+00
2,05/2/2026,18:37:26.828,-0.09E+00,-0.05E+00,+0.05E+00,-0.05E+00,-12.79E+00,-4.33E+00,+16.74E+00,-2.037E+00
2,05/2/2026,18:37:26.828,-0.09E+00,-0.05E+00,+0.00E+00,+0.00E+00,-12.97E+00,-4.07E+00,+16.69E+00,-1.915E+00
2,05/2/2026,18:37:26.829,-0.09E+00,-0.05E+00,+0.00E+00,+0.00E+00,-13.15E+00,-3.83E+00,+16.62E+00,-1.785E+00
2,05/2/2026,18:37:26.829,-0.09E+00,-0.05E+00,+0.00E+00,+0.00E+00,-13.32E+00,-3.57E+00,+16.53E+00,-1.656E+00
2,05/2/2026,18:37:26.829,-0.09E+00,-0.05E+00,+0.05E+00,+0.00E+00,-13.49E+00,-3.30E+00,+16.42E+00,-1.526E+00
2,05/2/2026,18:37:26.829,-0.09E+00,-0.05E+00,+0.05E+00,+0.00E+00,-13.64E+00,-3.02E+00,+16.31E+00,-1.389E+00
2,05/2/2026,18:37:26.829,-0.09E+00,-0.05E+00,+0.00E+00,+0.00E+00,-13.80E+00,-2.76E+00,+16.18E+00,-1.251E+00
2,05/2/2026,18:37:26.829,-0.09E+00,-0.05E+00,+0.00E+00,-0.05E+00,-13.93E+00,-2.49E+00,+16.05E+00,-1.122E+00
2,05/2/2026,18:37:26.829,-0.09E+00,-0.05E+00,+0.05E+00,-0.05E+00,-14.07E+00,-2.21E+00,+15.92E+00,-0.992E+00
2,05/2/2026,18:37:26.829,-0.09E+00,-0.05E+00,+0.05E+00,+0.00E+00,-14.19E+00,-1.95E+00,+15.79E+00,-0.855E+00
2,05/2/2026,18:37:26.829,-0.09E+00,-0.05E+00,+0.05E+00,+0.00E+00,-14.33E+00,-1.69E+00,+15.66E+00,-0.717E+00
2,05/2/2026,18:37:26.829,-0.09E+00,-0.05E+00,+0.05E+00,-0.05E+00,-14.47E+00,-1.42E+00,+15.52E+00,-0.588E+00
2,05/2/2026,18:37:26.829,-0.09E+00,-0.05E+00,+0.05E+00,-0.05E+00,-14.59E+00,-1.14E+00,+15.38E+00,-0.450E+00
2,05/2/2026,18:37:26.829,-0.09E+00,-0.05E+00,+0.05E+00,+0.00E+00,-14.73E+00,-0.89E+00,+15.23E+00,-0.320E+00
2,05/2/2026,18:37:26.829,-0.05E+00,-0.05E+00,+0.05E+00,+0.00E+00,-14.85E+00,-0.61E+00,+15.09E+00,-0.183E+00
2,05/2/2026,18:37:26.829,-0.09E+00,-0.05E+00,+0.05E+00,+0.00E+00,-14.97E+00,-0.34E+00,+14.94E+00,-0.053E+00
2,05/2/2026,18:37:26.829,-0.09E+00,-0.05E+00,+0.00E+00,+0.00E+00,-15.08E+00,-0.08E+00,+14.79E+00,+0.076E+00
2,05/2/2026,18:37:26.829,-0.09E+00,-0.05E+00,+0.00E+00,+0.00E+00,-15.17E+00,+0.20E+00,+14.62E+00,+0.214E+00
2,05/2/2026,18:37:26.829,-0.09E+00,-0.05E+00,+0.05E+00,+0.00E+00,-15.26E+00,+0.46E+00,+14.44E+00,+0.351E+00
2,05/2/2026,18:37:26.829,-0.09E+00,-0.05E+00,+0.05E+00,-0.05E+00,-15.35E+00,+0.73E+00,+14.25E+00,+0.481E+00
2,05/2/2026,18:37:26.829,-0.09E+00,-0.05E+00,+0.00E+00,+0.00E+00,-15.44E+00,+1.02E+00,+14.07E+00,+0.618E+00
2,05/2/2026,18:37:26.829,-0.09E+00,-0.05E+00,+0.05E+00,+0.00E+00,-15.52E+00,+1.30E+00,+13.87E+00,+0.763E+00
2,05/2/2026,18:37:26.830,-0.09E+00,-0.05E+00,+0.00E+00,+0.00E+00,-15.60E+00,+1.57E+00,+13.67E+00,+0.900E+00
2,05/2/2026,18:37:26.830,-0.09E+00,-0.05E+00,+0.00E+00,+0.00E+00,-15.69E+00,+1.86E+00,+13.46E+00,+1.038E+00
2,05/2/2026,18:37:26.830,-0.09E+00,-0.05E+00,+0.00E+00,+0.00E+00,-15.78E+00,+2.15E+00,+13.26E+00,+1.183E+00
2,05/2/2026,18:37:26.830,-0.09E+00,-0.05E+00,+0.00E+00,+0.00E+00,-15.86E+00,+2.43E+00,+13.06E+00,+1.320E+00
2,05/2/2026,18:37:26.830,-0.09E+00,-0.05E+00,+0.05E+00,+0.00E+00,-15.95E+00,+2.72E+00,+12.86E+00,+1.465E+00
2,05/2/2026,18:37:26.830,-0.09E+00,-0.05E+00,+0.05E+00,-0.05E+00,-16.02E+00,+3.01E+00,+12.68E+00,+1.602E+00
2,05/2/2026,18:37:26.830,-0.09E+00,-0.05E+00,+0.00E+00,+0.00E+00,-16.11E+00,+3.28E+00,+12.47E+00,+1.740E+00
2,05/2/2026,18:37:26.830,-0.09E+00,-0.05E+00,+0.00E+00,+0.00E+00,-16.19E+00,+3.56E+00,+12.27E+00,+1.877E+00
2,05/2/2026,18:37:26.830,-0.09E+00,-0.05E+00,+0.05E+00,+0.00E+00,-16.25E+00,+3.83E+00,+12.07E+00,+2.014E+00
2,05/2/2026,18:37:26.830,-0.09E+00,-0.05E+00,+0.05E+00,-0.05E+00,-16.33E+00,+4.10E+00,+11.86E+00,+2.152E+00
2,05/2/2026,18:37:26.830,-0.09E+00,-0.05E+00,+0.05E+00,-0.05E+00,-16.39E+00,+4.38E+00,+11.66E+00,+2.289E+00
2,05/2/2026,18:37:26.830,-0.09E+00,-0.05E+00,+0.05E+00,+0.00E+00,-16.45E+00,+4.65E+00,+11.45E+00,+2.419E+00
2,05/2/2026,18:37:26.830,-0.09E+00,-0.05E+00,+0.05E+00,+0.00E+00,-16.51E+00,+4.93E+00,+11.22E+00,+2.556E+00
2,05/2/2026,18:37:26.830,-0.09E+00,-0.05E+00,+0.00E+00,+0.00E+00,-16.57E+00,+5.20E+00,+11.00E+00,+2.693E+00
2,05/2/2026,18:37:26.830,-0.09E+00,-0.05E+00,+0.00E+00,+0.00E+00,-16.62E+00,+5.48E+00,+10.79E+00,+2.831E+00
2,05/2/2026,18:37:26.830,-0.09E+00,-0.05E+00,+0.05E+00,+0.00E+00,-16.66E+00,+5.74E+00,+10.58E+00,+2.960E+00
2,05/2/2026,18:37:26.830,-0.09E+00,-0.05E+00,+0.05E+00,+0.00E+00,-16.73E+00,+6.00E+00,+10.36E+00,+3.090E+00
2,05/2/2026,18:37:26.830,-0.09E+00,-0.05E+00,+0.05E+00,+0.00E+00,-16.77E+00,+6.27E+00,+10.15E+00,+3.228E+00
2,05/2/2026,18:37:26.830,-0.09E+00,-0.05E+00,+0.05E+00,-0.05E+00,-16.82E+00,+6.53E+00,+9.92E+00,+3.357E+00
2,05/2/2026,18:37:26.830,-0.09E+00,-0.05E+00,+0.05E+00,+0.00E+00,-16.86E+00,+6.79E+00,+9.71E+00,+3.479E+00
2,05/2/2026,18:37:26.831,-0.09E+00,-0.05E+00,+0.05E+00,+0.00E+00,-16.91E+00,+7.05E+00,+9.49E+00,+3.601E+00
2,05/2/2026,18:37:26.831,-0.09E+00,-0.05E+00,+0.05E+00,+0.00E+00,-16.94E+00,+7.29E+00,+9.28E+00,+3.731E+00
2,05/2/2026,18:37:26.831,-0.09E+00,-0.05E+00,+0.05E+00,+0.00E+00,-16.97E+00,+7.54E+00,+9.06E+00,+3.853E+00
2,05/2/2026,18:37:26.831,-0.09E+00,-0.05E+00,+0.00E+00,+0.00E+00,-17.00E+00,+7.78E+00,+8.85E+00,+3.968E+00
2,05/2/2026,18:37:26.831,-0.09E+00,-0.05E+00,+0.00E+00,-0.05E+00,-17.03E+00,+8.03E+00,+8.64E+00,+4.090E+00
2,05/2/2026,18:37:26.831,-0.09E+00,-0.05E+00,+0.05E+00,+0.00E+00,-17.05E+00,+8.29E+00,+8.42E+00,+4.212E+00
2,05/2/2026,18:37:26.831,-0.09E+00,-0.05E+00,+0.05E+00,-0.05E+00,-17.08E+00,+8.52E+00,+8.19E+00,+4.334E+00
2,05/2/2026,18:37:26.831,-0.09E+00,-0.05E+00,+0.00E+00,-0.05E+00,-17.09E+00,+8.76E+00,+7.97E+00,+4.456E+00
2,05/2/2026,18:37:26.831,-0.09E+00,-0.05E+00,+0.05E+00,+0.00E+00,-17.11E+00,+9.02E+00,+7.74E+00,+4.578E+00
2,05/2/2026,18:37:26.831,-0.09E+00,-0.05E+00,+0.05E+00,+0.00E+00,-17.12E+00,+9.26E+00,+7.49E+00,+4.700E+00
2,05/2/2026,18:37:26.831,-0.09E+00,-0.05E+00,+0.05E+00,+0.00E+00,-17.12E+00,+9.49E+00,+7.26E+00,+4.815E+00
2,05/2/2026,18:37:26.831,-0.09E+00,-0.05E+00,+0.05E+00,+0.00E+00,-17.12E+00,+9.75E+00,+7.02E+00,+4.937E+00
2,05/2/2026,18:37:26.831,-0.09E+00,-0.05E+00,+0.00E+00,+0.00E+00,-17.14E+00,+10.00E+00,+6.79E+00,+5.059E+00
2,05/2/2026,18:37:26.831,-0.09E+00,-0.05E+00,+0.05E+00,+0.00E+00,-17.14E+00,+10.22E+00,+6.56E+00,+5.173E+00
2,05/2/2026,18:37:26.831,-0.09E+00,-0.05E+00,+0.05E+00,+0.00E+00,-17.14E+00,+10.45E+00,+6.32E+00,+5.288E+00
2,05/2/2026,18:37:26.831,-0.09E+00,-0.05E+00,+0.05E+00,+0.00E+00,-17.14E+00,+10.70E+00,+6.09E+00,+5.402E+00
2,05/2/2026,18:37:26.831,-0.09E+00,-0.05E+00,+0.05E+00,+0.00E+00,-17.14E+00,+10.93E+00,+5.86E+00,+5.524E+00
2,05/2/2026,18:37:26.831,-0.09E+00,-0.05E+00,+0.05E+00,+0.00E+00,-17.14E+00,+11.16E+00,+5.62E+00,+5.639E+00
2,05/2/2026,18:37:26.831,-0.09E+00,-0.05E+00,+0.00E+00,+0.00E+00,-17.12E+00,+11.38E+00,+5.37E+00,+5.753E+00
2,05/2/2026,18:37:26.831,-0.09E+00,-0.05E+00,+0.05E+00,+0.00E+00,-17.11E+00,+11.61E+00,+5.14E+00,+5.860E+00
2,05/2/2026,18:37:26.832,-0.09E+00,-0.05E+00,+0.05E+00,+0.00E+00,-17.09E+00,+11.84E+00,+4.90E+00,+5.974E+00
2,05/2/2026,18:37:26.832,-0.09E+00,-0.05E+00,+0.05E+00,+0.00E+00,-17.08E+00,+12.06E+00,+4.65E+00,+6.081E+00
2,05/2/2026,18:37:26.832,-0.09E+00,-0.05E+00,+0.05E+00,+0.00E+00,-17.05E+00,+12.28E+00,+4.41E+00,+6.188E+00
2,05/2/2026,18:37:26.832,-0.09E+00,-0.05E+00,+0.05E+00,+0.00E+00,-17.02E+00,+12.48E+00,+4.17E+00,+6.295E+00
2,05/2/2026,18:37:26.832,-0.09E+00,-0.05E+00,+0.05E+00,+0.00E+00,-16.97E+00,+12.68E+00,+3.92E+00,+6.386E+00
2,05/2/2026,18:37:26.832,-0.09E+00,-0.05E+00,+0.00E+00,-0.05E+00,-16.91E+00,+12.88E+00,+3.68E+00,+6.478E+00
2,05/2/2026,18:37:26.832,-0.09E+00,-0.05E+00,+0.05E+00,+0.00E+00,-16.83E+00,+13.06E+00,+3.43E+00,+6.570E+00
2,05/2/2026,18:37:26.832,-0.09E+00,-0.05E+00,+0.05E+00,+0.00E+00,-16.76E+00,+13.23E+00,+3.17E+00,+6.653E+00
2,05/2/2026,18:37:26.832,-0.09E+00,-0.05E+00,+0.05E+00,+0.00E+00,-16.66E+00,+13.40E+00,+2.91E+00,+6.730E+00
2,05/2/2026,18:37:26.832,-0.09E+00,-0.05E+00,+0.05E+00,+0.00E+00,-16.57E+00,+13.55E+00,+2.67E+00,+6.814E+00
2,05/2/2026,18:37:26.832,-0.09E+00,-0.05E+00,+0.05E+00,+0.00E+00,-16.48E+00,+13.70E+00,+2.41E+00,+6.890E+00
2,05/2/2026,18:37:26.832,-0.09E+00,-0.05E+00,+0.00E+00,+0.00E+00,-16.37E+00,+13.87E+00,+2.15E+00,+6.966E+00
2,05/2/2026,18:37:26.832,-0.09E+00,-0.05E+00,+0.00E+00,+0.00E+00,-16.25E+00,+14.01E+00,+1.89E+00,+7.035E+00
2,05/2/2026,18:37:26.832,-0.09E+00,-0.05E+00,+0.00E+00,+0.00E+00,-16.15E+00,+14.16E+00,+1.62E+00,+7.111E+00
2,05/2/2026,18:37:26.832,-0.09E+00,-0.05E+00,+0.00E+00,-0.05E+00,-16.02E+00,+14.30E+00,+1.36E+00,+7.180E+00
2,05/2/2026,18:37:26.832,-0.09E+00,-0.05E+00,+0.05E+00,-0.05E+00,-15.89E+00,+14.45E+00,+1.08E+00,+7.249E+00
2,05/2/2026,18:37:26.832,-0.05E+00,-0.05E+00,+0.05E+00,+0.00E+00,-15.76E+00,+14.59E+00,+0.81E+00,+7.317E+00
2,05/2/2026,18:37:26.832,-0.09E+00,-0.05E+00,+0.00E+00,+0.00E+00,-15.63E+00,+14.71E+00,+0.53E+00,+7.386E+00
2,05/2/2026,18:37:26.832,-0.09E+00,-0.05E+00,+0.00E+00,-0.05E+00,-15.47E+00,+14.85E+00,+0.26E+00,+7.447E+00
2,05/2/2026,18:37:26.832,-0.09E+00,-0.05E+00,+0.00E+00,-0.05E+00,-15.32E+00,+14.97E+00,-0.02E+00,+7.508E+00
2,05/2/2026,18:37:26.833,-0.09E+00,-0.05E+00,+0.05E+00,-0.05E+00,-15.18E+00,+15.09E+00,-0.29E+00,+7.569E+00
2,05/2/2026,18:37:26.833,-0.09E+00,-0.05E+00,+0.05E+00,+0.00E+00,-15.02E+00,+15.21E+00,-0.56E+00,+7.630E+00
2,05/2/2026,18:37:26.833,-0.09E+00,-0.05E+00,+0.05E+00,+0.00E+00,-14.85E+00,+15.34E+00,-0.84E+00,+7.684E+00
2,05/2/2026,18:37:26.833,-0.09E+00,-0.05E+00,+0.05E+00,+0.00E+00,-14.68E+00,+15.44E+00,-1.13E+00,+7.729E+00
2,05/2/2026,18:37:26.833,-0.09E+00,-0.05E+00,+0.00E+00,+0.00E+00,-14.51E+00,+15.55E+00,-1.40E+00,+7.783E+00
2,05/2/2026,18:37:26.833,-0.09E+00,-0.05E+00,+0.00E+00,+0.00E+00,-14.31E+00,+15.64E+00,-1.68E+00,+7.828E+00
2,05/2/2026,18:37:26.833,-0.09E+00,-0.05E+00,+0.05E+00,+0.00E+00,-14.13E+00,+15.73E+00,-1.95E+00,+7.874E+00
2,05/2/2026,18:37:26.833,-0.09E+00,-0.05E+00,+0.05E+00,+0.00E+00,-13.95E+00,+15.82E+00,-2.24E+00,+7.920E+00
2,05/2/2026,18:37:26.833,-0.09E+00,-0.05E+00,+0.00E+00,-0.05E+00,-13.75E+00,+15.92E+00,-2.52E+00,+7.958E+00
2,05/2/2026,18:37:26.833,-0.09E+00,-0.05E+00,+0.05E+00,-0.05E+00,-13.55E+00,+15.99E+00,-2.79E+00,+7.996E+00
2,05/2/2026,18:37:26.833,-0.09E+00,-0.05E+00,+0.00E+00,+0.00E+00,-13.37E+00,+16.08E+00,-3.08E+00,+8.042E+00
2,05/2/2026,18:37:26.833,-0.09E+00,-0.05E+00,+0.00E+00,+0.00E+00,-13.17E+00,+16.16E+00,-3.36E+00,+8.080E+00
2,05/2/2026,18:37:26.833,-0.09E+00,-0.05E+00,+0.05E+00,-0.05E+00,-12.97E+00,+16.24E+00,-3.63E+00,+8.111E+00
2,05/2/2026,18:37:26.833,-0.09E+00,-0.05E+00,+0.05E+00,+0.00E+00,-12.77E+00,+16.31E+00,-3.91E+00,+8.149E+00
2,05/2/2026,18:37:26.833,-0.09E+00,-0.05E+00,+0.00E+00,+0.00E+00,-12.57E+00,+16.39E+00,-4.17E+00,+8.187E+00
2,05/2/2026,18:37:26.833,-0.09E+00,-0.05E+00,+0.05E+00,+0.00E+00,-12.38E+00,+16.45E+00,-4.44E+00,+8.218E+00
2,05/2/2026,18:37:26.833,-0.09E+00,-0.05E+00,+0.05E+00,+0.00E+00,-12.18E+00,+16.53E+00,-4.70E+00,+8.248E+00
2,05/2/2026,18:37:26.833,-0.09E+00,-0.05E+00,+0.05E+00,+0.00E+00,-11.98E+00,+16.59E+00,-4.97E+00,+8.279E+00
2,05/2/2026,18:37:26.833,-0.09E+00,-0.05E+00,+0.00E+00,+0.00E+00,-11.77E+00,+16.65E+00,-5.25E+00,+8.309E+00
2,05/2/2026,18:37:26.833,-0.09E+00,-0.05E+00,+0.00E+00,+0.00E+00,-11.57E+00,+16.71E+00,-5.51E+00,+8.340E+00
2,05/2/2026,18:37:26.834,-0.09E+00,-0.05E+00,+0.05E+00,+0.00E+00,-11.35E+00,+16.77E+00,-5.77E+00,+8.370E+00
2,05/2/2026,18:37:26.834,-0.09E+00,-0.05E+00,+0.00E+00,-0.05E+00,-11.16E+00,+16.82E+00,-6.03E+00,+8.393E+00
2,05/2/2026,18:37:26.834,-0.09E+00,-0.05E+00,+0.05E+00,+0.00E+00,-10.94E+00,+16.88E+00,-6.29E+00,+8.416E+00
2,05/2/2026,18:37:26.834,-0.09E+00,-0.05E+00,+0.05E+00,+0.00E+00,-10.73E+00,+16.91E+00,-6.55E+00,+8.439E+00
2,05/2/2026,18:37:26.834,-0.09E+00,-0.05E+00,+0.05E+00,-0.05E+00,-10.53E+00,+16.95E+00,-6.81E+00,+8.462E+00
2,05/2/2026,18:37:26.834,-0.09E+00,-0.05E+00,+0.00E+00,+0.00E+00,-10.32E+00,+17.00E+00,-7.05E+00,+8.477E+00
2,05/2/2026,18:37:26.834,-0.09E+00,-0.05E+00,+0.05E+00,+0.00E+00,-10.10E+00,+17.03E+00,-7.29E+00,+8.492E+00
2,05/2/2026,18:37:26.834,-0.09E+00,-0.05E+00,+0.00E+00,+0.00E+00,-9.90E+00,+17.08E+00,-7.54E+00,+8.515E+00
2,05/2/2026,18:37:26.834,-0.09E+00,-0.05E+00,+0.05E+00,+0.00E+00,-9.69E+00,+17.11E+00,-7.80E+00,+8.530E+00
2,05/2/2026,18:37:26.834,-0.09E+00,-0.05E+00,+0.05E+00,-0.05E+00,-9.48E+00,+17.15E+00,-8.03E+00,+8.546E+00
2,05/2/2026,18:37:26.834,-0.09E+00,-0.05E+00,+0.05E+00,+0.00E+00,-9.28E+00,+17.18E+00,-8.26E+00,+8.561E+00
2,05/2/2026,18:37:26.834,-0.09E+00,-0.05E+00,+0.05E+00,+0.00E+00,-9.08E+00,+17.20E+00,-8.47E+00,+8.569E+00
2,05/2/2026,18:37:26.834,-0.09E+00,-0.05E+00,+0.05E+00,+0.00E+00,-8.88E+00,+17.23E+00,-8.71E+00,+8.576E+00
2,05/2/2026,18:37:26.834,-0.09E+00,-0.05E+00,+0.00E+00,-0.05E+00,-8.65E+00,+17.24E+00,-8.96E+00,+8.591E+00
2,05/2/2026,18:37:26.834,-0.09E+00,-0.05E+00,+0.05E+00,-0.05E+00,-8.44E+00,+17.26E+00,-9.19E+00,+8.599E+00
2,05/2/2026,18:37:26.834,-0.09E+00,-0.05E+00,+0.05E+00,-0.05E+00,-8.21E+00,+17.27E+00,-9.43E+00,+8.607E+00
2,05/2/2026,18:37:26.834,-0.09E+00,-0.05E+00,+0.05E+00,+0.00E+00,-8.00E+00,+17.31E+00,-9.67E+00,+8.607E+00
2,05/2/2026,18:37:26.834,-0.09E+00,-0.05E+00,+0.00E+00,+0.00E+00,-7.77E+00,+17.31E+00,-9.92E+00,+8.614E+00
2,05/2/2026,18:37:26.834,-0.09E+00,-0.05E+00,+0.05E+00,+0.00E+00,-7.52E+00,+17.32E+00,-10.16E+00,+8.614E+00
2,05/2/2026,18:37:26.835,-0.09E+00,-0.05E+00,+0.05E+00,-0.05E+00,-7.29E+00,+17.34E+00,-10.41E+00,+8.622E+00
2,05/2/2026,18:37:26.835,-0.09E+00,-0.05E+00,+0.00E+00,+0.00E+00,-7.07E+00,+17.34E+00,-10.64E+00,+8.622E+00
2,05/2/2026,18:37:26.835,-0.05E+00,-0.05E+00,+0.05E+00,+0.00E+00,-6.84E+00,+17.34E+00,-10.87E+00,+8.622E+00
2,05/2/2026,18:37:26.835,-0.09E+00,-0.05E+00,+0.05E+00,+0.00E+00,-6.61E+00,+17.34E+00,-11.09E+00,+8.622E+00
2,05/2/2026,18:37:26.835,-0.09E+00,-0.05E+00,+0.05E+00,+0.00E+00,-6.38E+00,+17.34E+00,-11.34E+00,+8.622E+00
2,05/2/2026,18:37:26.835,-0.09E+00,-0.05E+00,+0.05E+00,+0.00E+00,-6.13E+00,+17.34E+00,-11.57E+00,+8.614E+00
2,05/2/2026,18:37:26.835,-0.09E+00,-0.05E+00,+0.05E+00,+0.00E+00,-5.91E+00,+17.32E+00,-11.80E+00,+8.607E+00
2,05/2/2026,18:37:26.835,-0.09E+00,-0.05E+00,+0.05E+00,-0.05E+00,-5.66E+00,+17.31E+00,-12.01E+00,+8.599E+00
2,05/2/2026,18:37:26.835,-0.09E+00,-0.05E+00,+0.05E+00,+0.00E+00,-5.43E+00,+17.29E+00,-12.22E+00,+8.591E+00
2,05/2/2026,18:37:26.835,-0.09E+00,-0.05E+00,+0.00E+00,+0.00E+00,-5.20E+00,+17.27E+00,-12.44E+00,+8.576E+00
2,05/2/2026,18:37:26.835,-0.09E+00,-0.05E+00,+0.05E+00,+0.00E+00,-4.97E+00,+17.24E+00,-12.64E+00,+8.561E+00
2,05/2/2026,18:37:26.835,-0.09E+00,-0.05E+00,+0.05E+00,-0.05E+00,-4.73E+00,+17.20E+00,-12.83E+00,+8.538E+00
2,05/2/2026,18:37:26.835,-0.09E+00,-0.05E+00,+0.00E+00,-0.05E+00,-4.49E+00,+17.14E+00,-13.02E+00,+8.508E+00
2,05/2/2026,18:37:26.835,-0.09E+00,-0.05E+00,+0.00E+00,+0.00E+00,-4.24E+00,+17.06E+00,-13.18E+00,+8.469E+00
2,05/2/2026,18:37:26.835,-0.09E+00,-0.05E+00,+0.05E+00,+0.00E+00,-4.00E+00,+16.97E+00,-13.35E+00,+8.424E+00
2,05/2/2026,18:37:26.835,-0.09E+00,-0.05E+00,+0.05E+00,-0.05E+00,-3.74E+00,+16.88E+00,-13.51E+00,+8.370E+00
2,05/2/2026,18:37:26.835,-0.09E+00,-0.05E+00,+0.05E+00,+0.00E+00,-3.48E+00,+16.77E+00,-13.66E+00,+8.317E+00
2,05/2/2026,18:37:26.835,-0.09E+00,-0.05E+00,+0.00E+00,+0.00E+00,-3.22E+00,+16.66E+00,-13.81E+00,+8.263E+00
2,05/2/2026,18:37:26.835,-0.09E+00,-0.05E+00,+0.00E+00,+0.00E+00,-2.96E+00,+16.54E+00,-13.95E+00,+8.202E+00
2,05/2/2026,18:37:26.835,-0.09E+00,-0.05E+00,+0.05E+00,+0.00E+00,-2.70E+00,+16.42E+00,-14.09E+00,+8.141E+00
2,05/2/2026,18:37:26.836,-0.09E+00,-0.05E+00,+0.05E+00,+0.00E+00,-2.44E+00,+16.30E+00,-14.22E+00,+8.080E+00
2,05/2/2026,18:37:26.836,-0.09E+00,-0.05E+00,+0.00E+00,+0.00E+00,-2.18E+00,+16.16E+00,-14.34E+00,+8.004E+00
2,05/2/2026,18:37:26.836,-0.09E+00,-0.05E+00,+0.00E+00,+0.00E+00,-1.91E+00,+16.02E+00,-14.48E+00,+7.935E+00
2,05/2/2026,18:37:26.836,-0.09E+00,-0.05E+00,+0.05E+00,+0.00E+00,-1.63E+00,+15.87E+00,-14.60E+00,+7.859E+00
2,05/2/2026,18:37:26.836,-0.09E+00,-0.05E+00,+0.05E+00,-0.05E+00,-1.36E+00,+15.72E+00,-14.73E+00,+7.783E+00
2,05/2/2026,18:37:26.836,-0.09E+00,-0.05E+00,+0.00E+00,-0.05E+00,-1.08E+00,+15.55E+00,-14.85E+00,+7.706E+00
2,05/2/2026,18:37:26.836,-0.09E+00,-0.05E+00,+0.00E+00,+0.00E+00,-0.79E+00,+15.40E+00,-14.95E+00,+7.622E+00
2,05/2/2026,18:37:26.836,-0.09E+00,-0.05E+00,+0.05E+00,+0.00E+00,-0.52E+00,+15.23E+00,-15.08E+00,+7.539E+00
2,05/2/2026,18:37:26.836,-0.09E+00,-0.05E+00,+0.00E+00,+0.00E+00,-0.23E+00,+15.06E+00,-15.18E+00,+7.455E+00
2,05/2/2026,18:37:26.836,-0.09E+00,-0.05E+00,+0.00E+00,-0.05E+00,+0.05E+00,+14.88E+00,-15.29E+00,+7.363E+00
2,05/2/2026,18:37:26.836,-0.09E+00,-0.05E+00,+0.05E+00,-0.05E+00,+0.34E+00,+14.71E+00,-15.41E+00,+7.271E+00
2,05/2/2026,18:37:26.836,-0.09E+00,-0.05E+00,+0.05E+00,+0.00E+00,+0.61E+00,+14.54E+00,-15.50E+00,+7.188E+00
2,05/2/2026,18:37:26.836,-0.09E+00,-0.05E+00,+0.05E+00,+0.00E+00,+0.89E+00,+14.34E+00,-15.61E+00,+7.096E+00
2,05/2/2026,18:37:26.836,-0.09E+00,-0.05E+00,+0.05E+00,-0.05E+00,+1.18E+00,+14.16E+00,-15.70E+00,+6.997E+00
2,05/2/2026,18:37:26.836,-0.09E+00,-0.05E+00,+0.05E+00,-0.05E+00,+1.46E+00,+13.99E+00,-15.79E+00,+6.905E+00
2,05/2/2026,18:37:26.836,-0.09E+00,-0.05E+00,+0.00E+00,+0.00E+00,+1.74E+00,+13.80E+00,-15.89E+00,+6.814E+00
2,05/2/2026,18:37:26.836,-0.09E+00,-0.05E+00,+0.05E+00,+0.00E+00,+2.03E+00,+13.61E+00,-15.98E+00,+6.714E+00
2,05/2/2026,18:37:26.836,-0.09E+00,-0.05E+00,+0.05E+00,+0.00E+00,+2.30E+00,+13.41E+00,-16.07E+00,+6.623E+00
2,05/2/2026,18:37:26.836,-0.09E+00,-0.05E+00,+0.05E+00,+0.00E+00,+2.58E+00,+13.22E+00,-16.15E+00,+6.524E+00
2,05/2/2026,18:37:26.836,-0.09E+00,-0.05E+00,+0.05E+00,+0.00E+00,+2.85E+00,+13.02E+00,-16.24E+00,+6.425E+00
2,05/2/2026,18:37:26.837,-0.09E+00,-0.05E+00,+0.05E+00,+0.00E+00,+3.13E+00,+12.82E+00,-16.30E+00,+6.325E+00
2,05/2/2026,18:37:26.837,-0.09E+00,-0.05E+00,+0.05E+00,+0.00E+00,+3.40E+00,+12.62E+00,-16.37E+00,+6.219E+00
2,05/2/2026,18:37:26.837,-0.09E+00,-0.05E+00,+0.05E+00,+0.00E+00,+3.66E+00,+12.42E+00,-16.44E+00,+6.119E+00
2,05/2/2026,18:37:26.837,-0.09E+00,-0.05E+00,+0.05E+00,+0.00E+00,+3.94E+00,+12.21E+00,-16.50E+00,+6.013E+00
2,05/2/2026,18:37:26.837,-0.09E+00,-0.05E+00,+0.05E+00,+0.00E+00,+4.20E+00,+12.01E+00,-16.54E+00,+5.913E+00
2,05/2/2026,18:37:26.837,-0.09E+00,-0.05E+00,+0.05E+00,+0.00E+00,+4.46E+00,+11.80E+00,-16.60E+00,+5.814E+00
2,05/2/2026,18:37:26.837,-0.09E+00,-0.05E+00,+0.05E+00,+0.00E+00,+4.72E+00,+11.60E+00,-16.66E+00,+5.707E+00
2,05/2/2026,18:37:26.837,-0.09E+00,-0.05E+00,+0.05E+00,-0.05E+00,+4.97E+00,+11.40E+00,-16.71E+00,+5.608E+00
2,05/2/2026,18:37:26.837,-0.09E+00,-0.05E+00,+0.05E+00,-0.05E+00,+5.22E+00,+11.19E+00,-16.76E+00,+5.501E+00
2,05/2/2026,18:37:26.837,-0.09E+00,-0.05E+00,+0.05E+00,-0.05E+00,+5.48E+00,+10.97E+00,-16.80E+00,+5.394E+00
2,05/2/2026,18:37:26.837,-0.09E+00,-0.05E+00,+0.05E+00,+0.00E+00,+5.74E+00,+10.77E+00,-16.85E+00,+5.295E+00
2,05/2/2026,18:37:26.837,-0.09E+00,-0.05E+00,+0.00E+00,+0.00E+00,+5.98E+00,+10.56E+00,-16.89E+00,+5.188E+00
2,05/2/2026,18:37:26.837,-0.09E+00,-0.05E+00,+0.05E+00,-0.05E+00,+6.23E+00,+10.36E+00,-16.94E+00,+5.089E+00
2,05/2/2026,18:37:26.837,-0.09E+00,-0.05E+00,+0.05E+00,-0.05E+00,+6.47E+00,+10.15E+00,-16.97E+00,+4.982E+00
2,05/2/2026,18:37:26.837,-0.09E+00,-0.05E+00,+0.05E+00,-0.05E+00,+6.73E+00,+9.93E+00,-17.00E+00,+4.876E+00
2,05/2/2026,18:37:26.837,-0.09E+00,-0.05E+00,+0.00E+00,+0.00E+00,+6.97E+00,+9.72E+00,-17.03E+00,+4.769E+00
2,05/2/2026,18:37:26.837,-0.09E+00,-0.05E+00,+0.05E+00,-0.05E+00,+7.22E+00,+9.51E+00,-17.08E+00,+4.662E+00
2,05/2/2026,18:37:26.837,-0.14E+00,-0.05E+00,+0.05E+00,-0.05E+00,+7.45E+00,+9.29E+00,-17.11E+00,+4.555E+00
2,05/2/2026,18:37:26.837,-0.09E+00,-0.05E+00,+0.00E+00,+0.00E+00,+7.69E+00,+9.08E+00,-17.12E+00,+4.448E+00
2,05/2/2026,18:37:26.837,-0.09E+00,-0.05E+00,+0.05E+00,+0.00E+00,+7.94E+00,+8.87E+00,-17.14E+00,+4.334E+00
2,05/2/2026,18:37:26.838,-0.09E+00,-0.05E+00,+0.05E+00,+0.00E+00,+8.16E+00,+8.64E+00,-17.15E+00,+4.227E+00
2,05/2/2026,18:37:26.838,-0.09E+00,-0.05E+00,+0.00E+00,+0.00E+00,+8.41E+00,+8.41E+00,-17.17E+00,+4.113E+00
2,05/2/2026,18:37:26.838,-0.09E+00,-0.05E+00,+0.00E+00,+0.00E+00,+8.65E+00,+8.19E+00,-17.18E+00,+4.006E+00
2,05/2/2026,18:37:26.838,-0.09E+00,-0.05E+00,+0.00E+00,+0.00E+00,+8.88E+00,+7.97E+00,-17.20E+00,+3.891E+00
2,05/2/2026,18:37:26.838,-0.09E+00,-0.05E+00,+0.05E+00,+0.00E+00,+9.11E+00,+7.74E+00,-17.20E+00,+3.777E+00
2,05/2/2026,18:37:26.838,-0.09E+00,-0.05E+00,+0.05E+00,+0.00E+00,+9.35E+00,+7.51E+00,-17.21E+00,+3.662E+00
2,05/2/2026,18:37:26.838,-0.09E+00,-0.05E+00,+0.05E+00,+0.00E+00,+9.60E+00,+7.28E+00,-17.23E+00,+3.548E+00
2,05/2/2026,18:37:26.838,-0.09E+00,-0.05E+00,+0.05E+00,+0.00E+00,+9.84E+00,+7.03E+00,-17.23E+00,+3.426E+00
2,05/2/2026,18:37:26.838,-0.09E+00,-0.05E+00,+0.00E+00,-0.05E+00,+10.07E+00,+6.79E+00,-17.23E+00,+3.311E+00
2,05/2/2026,18:37:26.838,-0.09E+00,-0.05E+00,+0.05E+00,+0.00E+00,+10.32E+00,+6.56E+00,-17.23E+00,+3.189E+00
2,05/2/2026,18:37:26.838,-0.09E+00,-0.05E+00,+0.05E+00,+0.00E+00,+10.54E+00,+6.32E+00,-17.23E+00,+3.067E+00
2,05/2/2026,18:37:26.838,-0.05E+00,-0.05E+00,+0.05E+00,+0.00E+00,+10.79E+00,+6.09E+00,-17.23E+00,+2.953E+00
2,05/2/2026,18:37:26.838,-0.09E+00,-0.05E+00,+0.05E+00,+0.00E+00,+11.02E+00,+5.84E+00,-17.21E+00,+2.831E+00
2,05/2/2026,18:37:26.838,-0.09E+00,-0.05E+00,+0.05E+00,+0.00E+00,+11.25E+00,+5.60E+00,-17.21E+00,+2.709E+00
2,05/2/2026,18:37:26.838,-0.09E+00,-0.05E+00,+0.05E+00,+0.00E+00,+11.48E+00,+5.37E+00,-17.20E+00,+2.594E+00
2,05/2/2026,18:37:26.838,-0.09E+00,-0.05E+00,+0.00E+00,+0.00E+00,+11.69E+00,+5.14E+00,-17.18E+00,+2.480E+00
2,05/2/2026,18:37:26.838,-0.09E+00,-0.05E+00,+0.00E+00,+0.00E+00,+11.90E+00,+4.90E+00,-17.15E+00,+2.358E+00
2,05/2/2026,18:37:26.838,-0.09E+00,-0.05E+00,+0.05E+00,+0.00E+00,+12.12E+00,+4.65E+00,-17.14E+00,+2.243E+00
2,05/2/2026,18:37:26.838,-0.09E+00,-0.05E+00,+0.05E+00,+0.00E+00,+12.31E+00,+4.43E+00,-17.11E+00,+2.121E+00
2,05/2/2026,18:37:26.838,-0.09E+00,-0.05E+00,+0.05E+00,-0.05E+00,+12.53E+00,+4.18E+00,-17.05E+00,+1.999E+00
2,05/2/2026,18:37:26.839,-0.09E+00,-0.05E+00,+0.00E+00,+0.00E+00,+12.73E+00,+3.92E+00,-17.00E+00,+1.877E+00
2,05/2/2026,18:37:26.839,-0.09E+00,-0.05E+00,+0.00E+00,+0.00E+00,+12.89E+00,+3.66E+00,-16.92E+00,+1.747E+00
2,05/2/2026,18:37:26.839,-0.09E+00,-0.05E+00,+0.00E+00,+0.00E+00,+13.08E+00,+3.40E+00,-16.82E+00,+1.618E+00
2,05/2/2026,18:37:26.839,-0.09E+00,-0.05E+00,+0.00E+00,+0.00E+00,+13.23E+00,+3.13E+00,-16.73E+00,+1.480E+00
2,05/2/2026,18:37:26.839,-0.09E+00,-0.05E+00,+0.00E+00,+0.00E+00,+13.38E+00,+2.85E+00,-16.60E+00,+1.343E+00
2,05/2/2026,18:37:26.839,-0.09E+00,-0.05E+00,+0.05E+00,+0.00E+00,+13.54E+00,+2.58E+00,-16.48E+00,+1.213E+00
2,05/2/2026,18:37:26.839,-0.09E+00,-0.05E+00,+0.05E+00,-0.05E+00,+13.67E+00,+2.32E+00,-16.36E+00,+1.076E+00
2,05/2/2026,18:37:26.839,-0.09E+00,-0.05E+00,+0.00E+00,+0.00E+00,+13.81E+00,+2.04E+00,-16.22E+00,+0.946E+00
2,05/2/2026,18:37:26.839,-0.09E+00,-0.05E+00,+0.00E+00,+0.00E+00,+13.95E+00,+1.79E+00,-16.08E+00,+0.809E+00
2,05/2/2026,18:37:26.839,-0.09E+00,-0.05E+00,+0.05E+00,+0.00E+00,+14.09E+00,+1.53E+00,-15.95E+00,+0.679E+00
2,05/2/2026,18:37:26.839,-0.09E+00,-0.05E+00,+0.00E+00,+0.00E+00,+14.21E+00,+1.25E+00,-15.81E+00,+0.549E+00
2,05/2/2026,18:37:26.839,-0.09E+00,-0.05E+00,+0.00E+00,+0.00E+00,+14.33E+00,+0.98E+00,-15.67E+00,+0.412E+00
2,05/2/2026,18:37:26.839,-0.09E+00,-0.05E+00,+0.00E+00,-0.05E+00,+14.45E+00,+0.70E+00,-15.52E+00,+0.282E+00
2,05/2/2026,18:37:26.839,-0.09E+00,-0.05E+00,+0.05E+00,-0.05E+00,+14.57E+00,+0.44E+00,-15.38E+00,+0.153E+00
2,05/2/2026,18:37:26.839,-0.09E+00,-0.05E+00,+0.05E+00,-0.05E+00,+14.70E+00,+0.18E+00,-15.23E+00,+0.015E+00
2,05/2/2026,18:37:26.839,-0.09E+00,-0.05E+00,+0.05E+00,-0.05E+00,+14.80E+00,-0.09E+00,-15.06E+00,-0.122E+00
2,05/2/2026,18:37:26.839,-0.09E+00,-0.05E+00,+0.05E+00,+0.00E+00,+14.89E+00,-0.37E+00,-14.89E+00,-0.252E+00
2,05/2/2026,18:37:26.839,-0.09E+00,-0.05E+00,+0.05E+00,+0.00E+00,+14.99E+00,-0.64E+00,-14.73E+00,-0.382E+00
2,05/2/2026,18:37:26.839,-0.09E+00,-0.05E+00,+0.05E+00,+0.00E+00,+15.08E+00,-0.92E+00,-14.53E+00,-0.526E+00
2,05/2/2026,18:37:26.839,-0.09E+00,+0.00E+00,+0.00E+00,+0.00E+00,+15.17E+00,-1.19E+00,-14.34E+00,-0.656E+00
2,05/2/2026,18:37:26.840,-0.09E+00,-0.05E+00,+0.00E+00,+0.00E+00,+15.26E+00,-1.46E+00,-14.16E+00,-0.794E+00
2,05/2/2026,18:37:26.840,-0.05E+00,-0.05E+00,+0.05E+00,+0.00E+00,+15.34E+00,-1.74E+00,-13.96E+00,-0.939E+00
2,05/2/2026,18:37:26.840,-0.09E+00,-0.05E+00,+0.05E+00,+0.00E+00,+15.43E+00,-2.03E+00,-13.75E+00,-1.083E+00
2,05/2/2026,18:37:26.840,-0.09E+00,-0.05E+00,+0.05E+00,-0.05E+00,+15.50E+00,-2.32E+00,-13.55E+00,-1.221E+00
2,05/2/2026,18:37:26.840,-0.09E+00,-0.05E+00,+0.05E+00,+0.00E+00,+15.60E+00,-2.61E+00,-13.35E+00,-1.358E+00
2,05/2/2026,18:37:26.840,-0.09E+00,-0.05E+00,+0.05E+00,+0.00E+00,+15.69E+00,-2.88E+00,-13.17E+00,-1.503E+00
2,05/2/2026,18:37:26.840,-0.09E+00,-0.05E+00,+0.05E+00,-0.05E+00,+15.76E+00,-3.16E+00,-12.97E+00,-1.640E+00
2,05/2/2026,18:37:26.840,-0.09E+00,-0.05E+00,+0.05E+00,-0.05E+00,+15.84E+00,-3.45E+00,-12.76E+00,-1.778E+00
2,05/2/2026,18:37:26.840,-0.09E+00,-0.05E+00,+0.05E+00,-0.05E+00,+15.92E+00,-3.72E+00,-12.56E+00,-1.915E+00
2,05/2/2026,18:37:26.840,-0.09E+00,-0.05E+00,+0.05E+00,+0.00E+00,+15.99E+00,-4.00E+00,-12.36E+00,-2.052E+00
2,05/2/2026,18:37:26.840,-0.09E+00,-0.05E+00,+0.05E+00,+0.00E+00,+16.05E+00,-4.27E+00,-12.15E+00,-2.190E+00
2,05/2/2026,18:37:26.840,-0.09E+00,-0.05E+00,+0.05E+00,+0.00E+00,+16.11E+00,-4.55E+00,-11.93E+00,-2.327E+00
2,05/2/2026,18:37:26.840,-0.09E+00,-0.05E+00,+0.00E+00,-0.05E+00,+16.19E+00,-4.82E+00,-11.74E+00,-2.465E+00
2,05/2/2026,18:37:26.840,-0.09E+00,-0.05E+00,+0.00E+00,+0.00E+00,+16.25E+00,-5.10E+00,-11.52E+00,-2.602E+00
2,05/2/2026,18:37:26.840,-0.09E+00,-0.05E+00,+0.00E+00,+0.00E+00,+16.31E+00,-5.37E+00,-11.31E+00,-2.732E+00
2,05/2/2026,18:37:26.840,-0.09E+00,-0.05E+00,+0.00E+00,+0.00E+00,+16.36E+00,-5.63E+00,-11.09E+00,-2.869E+00
2,05/2/2026,18:37:26.840,-0.05E+00,-0.05E+00,+0.00E+00,+0.00E+00,+16.40E+00,-5.91E+00,-10.88E+00,-2.999E+00
2,05/2/2026,18:37:26.840,-0.09E+00,-0.05E+00,+0.05E+00,+0.00E+00,+16.45E+00,-6.18E+00,-10.65E+00,-3.128E+00
2,05/2/2026,18:37:26.840,-0.09E+00,-0.05E+00,+0.05E+00,+0.00E+00,+16.51E+00,-6.44E+00,-10.44E+00,-3.258E+00
2,05/2/2026,18:37:26.840,-0.09E+00,-0.05E+00,+0.05E+00,-0.05E+00,+16.54E+00,-6.70E+00,-10.22E+00,-3.388E+00
2,05/2/2026,18:37:26.841,-0.09E+00,-0.05E+00,+0.05E+00,-0.05E+00,+16.59E+00,-6.96E+00,-10.01E+00,-3.517E+00
2,05/2/2026,18:37:26.841,-0.09E+00,-0.05E+00,+0.05E+00,+0.00E+00,+16.63E+00,-7.20E+00,-9.78E+00,-3.640E+00
2,05/2/2026,18:37:26.841,-0.09E+00,-0.05E+00,+0.05E+00,+0.00E+00,+16.66E+00,-7.46E+00,-9.57E+00,-3.769E+00
2,05/2/2026,18:37:26.841,-0.09E+00,-0.05E+00,+0.05E+00,+0.00E+00,+16.69E+00,-7.71E+00,-9.37E+00,-3.891E+00
2,05/2/2026,18:37:26.841,-0.09E+00,-0.05E+00,+0.05E+00,+0.00E+00,+16.74E+00,-7.95E+00,-9.16E+00,-4.006E+00
2,05/2/2026,18:37:26.841,-0.09E+00,-0.05E+00,+0.00E+00,+0.00E+00,+16.76E+00,-8.19E+00,-8.93E+00,-4.128E+00
2,05/2/2026,18:37:26.841,-0.09E+00,-0.05E+00,+0.00E+00,+0.00E+00,+16.79E+00,-8.44E+00,-8.71E+00,-4.250E+00
2,05/2/2026,18:37:26.841,-0.09E+00,-0.05E+00,+0.05E+00,+0.00E+00,+16.80E+00,-8.68E+00,-8.48E+00,-4.380E+00
2,05/2/2026,18:37:26.841,-0.09E+00,-0.05E+00,+0.00E+00,+0.00E+00,+16.82E+00,-8.93E+00,-8.26E+00,-4.494E+00
2,05/2/2026,18:37:26.841,-0.09E+00,-0.05E+00,+0.05E+00,+0.00E+00,+16.83E+00,-9.17E+00,-8.03E+00,-4.616E+00
2,05/2/2026,18:37:26.841,-0.09E+00,-0.05E+00,+0.00E+00,+0.00E+00,+16.85E+00,-9.43E+00,-7.80E+00,-4.738E+00
2,05/2/2026,18:37:26.841,-0.09E+00,-0.05E+00,+0.00E+00,-0.05E+00,+16.85E+00,-9.67E+00,-7.55E+00,-4.860E+00
2,05/2/2026,18:37:26.841,-0.09E+00,-0.05E+00,+0.05E+00,+0.00E+00,+16.86E+00,-9.90E+00,-7.32E+00,-4.975E+00
2,05/2/2026,18:37:26.841,-0.09E+00,-0.05E+00,+0.05E+00,+0.00E+00,+16.86E+00,-10.15E+00,-7.08E+00,-5.097E+00
2,05/2/2026,18:37:26.841,-0.09E+00,-0.05E+00,+0.05E+00,+0.00E+00,+16.86E+00,-10.39E+00,-6.85E+00,-5.211E+00
2,05/2/2026,18:37:26.841,-0.09E+00,-0.05E+00,+0.00E+00,+0.00E+00,+16.88E+00,-10.62E+00,-6.62E+00,-5.326E+00
2,05/2/2026,18:37:26.841,-0.09E+00,-0.05E+00,+0.05E+00,-0.05E+00,+16.88E+00,-10.87E+00,-6.38E+00,-5.440E+00
2,05/2/2026,18:37:26.841,-0.09E+00,-0.05E+00,+0.05E+00,-0.05E+00,+16.86E+00,-11.09E+00,-6.13E+00,-5.562E+00
2,05/2/2026,18:37:26.841,-0.09E+00,-0.05E+00,+0.05E+00,+0.00E+00,+16.86E+00,-11.32E+00,-5.91E+00,-5.677E+00
2,05/2/2026,18:37:26.841,-0.09E+00,-0.05E+00,+0.05E+00,+0.00E+00,+16.86E+00,-11.55E+00,-5.66E+00,-5.791E+00
2,05/2/2026,18:37:26.842,-0.09E+00,-0.05E+00,+0.05E+00,-0.05E+00,+16.85E+00,-11.80E+00,-5.42E+00,-5.906E+00
2,05/2/2026,18:37:26.842,-0.09E+00,-0.05E+00,+0.05E+00,+0.00E+00,+16.83E+00,-12.03E+00,-5.17E+00,-6.013E+00
2,05/2/2026,18:37:26.842,-0.09E+00,-0.05E+00,+0.05E+00,+0.00E+00,+16.80E+00,-12.24E+00,-4.93E+00,-6.119E+00
2,05/2/2026,18:37:26.842,-0.09E+00,-0.05E+00,+0.00E+00,+0.00E+00,+16.79E+00,-12.45E+00,-4.68E+00,-6.226E+00
2,05/2/2026,18:37:26.842,-0.09E+00,-0.05E+00,+0.00E+00,-0.05E+00,+16.74E+00,-12.67E+00,-4.46E+00,-6.333E+00
2,05/2/2026,18:37:26.842,-0.09E+00,-0.05E+00,+0.00E+00,+0.00E+00,+16.69E+00,-12.85E+00,-4.21E+00,-6.425E+00
2,05/2/2026,18:37:26.842,-0.09E+00,-0.05E+00,+0.00E+00,+0.00E+00,+16.63E+00,-13.03E+00,-3.95E+00,-6.516E+00
2,05/2/2026,18:37:26.842,-0.09E+00,-0.05E+00,+0.05E+00,+0.00E+00,+16.56E+00,-13.22E+00,-3.71E+00,-6.600E+00
2,05/2/2026,18:37:26.842,-0.09E+00,-0.05E+00,+0.05E+00,-0.05E+00,+16.48E+00,-13.40E+00,-3.46E+00,-6.692E+00
2,05/2/2026,18:37:26.842,-0.09E+00,-0.05E+00,+0.05E+00,+0.00E+00,+16.39E+00,-13.55E+00,-3.20E+00,-6.768E+00
2,05/2/2026,18:37:26.842,-0.05E+00,-0.05E+00,+0.05E+00,+0.00E+00,+16.30E+00,-13.72E+00,-2.95E+00,-6.844E+00
2,05/2/2026,18:37:26.842,-0.09E+00,-0.05E+00,+0.05E+00,+0.00E+00,+16.21E+00,-13.87E+00,-2.69E+00,-6.920E+00
2,05/2/2026,18:37:26.842,-0.09E+00,-0.05E+00,+0.05E+00,+0.00E+00,+16.10E+00,-14.02E+00,-2.43E+00,-6.997E+00
2,05/2/2026,18:37:26.842,-0.09E+00,-0.05E+00,+0.00E+00,+0.00E+00,+15.98E+00,-14.18E+00,-2.17E+00,-7.073E+00
2,05/2/2026,18:37:26.842,-0.09E+00,-0.05E+00,+0.05E+00,+0.00E+00,+15.87E+00,-14.33E+00,-1.91E+00,-7.149E+00
2,05/2/2026,18:37:26.842,-0.09E+00,-0.05E+00,+0.05E+00,+0.00E+00,+15.75E+00,-14.47E+00,-1.63E+00,-7.218E+00
2,05/2/2026,18:37:26.842,-0.05E+00,-0.05E+00,+0.00E+00,+0.00E+00,+15.61E+00,-14.62E+00,-1.36E+00,-7.287E+00
2,05/2/2026,18:37:26.842,-0.09E+00,-0.05E+00,+0.00E+00,-0.05E+00,+15.47E+00,-14.74E+00,-1.10E+00,-7.355E+00
2,05/2/2026,18:37:26.842,-0.09E+00,-0.05E+00,+0.05E+00,-0.05E+00,+15.34E+00,-14.88E+00,-0.81E+00,-7.424E+00
2,05/2/2026,18:37:26.842,-0.09E+00,-0.05E+00,+0.05E+00,+0.00E+00,+15.20E+00,-15.02E+00,-0.53E+00,-7.485E+00
2,05/2/2026,18:37:26.843,-0.09E+00,-0.05E+00,+0.00E+00,+0.00E+00,+15.05E+00,-15.14E+00,-0.26E+00,-7.546E+00
2,05/2/2026,18:37:26.843,-0.09E+00,-0.05E+00,+0.00E+00,-0.05E+00,+14.88E+00,-15.28E+00,+0.02E+00,-7.607E+00
2,05/2/2026,18:37:26.843,-0.09E+00,-0.05E+00,+0.05E+00,-0.05E+00,+14.73E+00,-15.38E+00,+0.29E+00,-7.661E+00
2,05/2/2026,18:37:26.843,-0.09E+00,-0.05E+00,+0.05E+00,+0.00E+00,+14.56E+00,-15.49E+00,+0.56E+00,-7.714E+00
2,05/2/2026,18:37:26.843,-0.09E+00,-0.05E+00,+0.00E+00,+0.00E+00,+14.39E+00,-15.60E+00,+0.84E+00,-7.760E+00
2,05/2/2026,18:37:26.843,-0.09E+00,-0.05E+00,+0.05E+00,-0.05E+00,+14.22E+00,-15.70E+00,+1.11E+00,-7.813E+00
2,05/2/2026,18:37:26.843,-0.09E+00,-0.05E+00,+0.05E+00,-0.05E+00,+14.04E+00,-15.79E+00,+1.39E+00,-7.859E+00
2,05/2/2026,18:37:26.843,-0.09E+00,-0.05E+00,+0.00E+00,-0.05E+00,+13.84E+00,-15.89E+00,+1.68E+00,-7.905E+00
2,05/2/2026,18:37:26.843,-0.09E+00,-0.05E+00,+0.00E+00,+0.00E+00,+13.66E+00,-15.98E+00,+1.95E+00,-7.951E+00
2,05/2/2026,18:37:26.843,-0.09E+00,-0.05E+00,+0.00E+00,+0.00E+00,+13.47E+00,-16.07E+00,+2.24E+00,-7.989E+00
2,05/2/2026,18:37:26.843,-0.09E+00,-0.05E+00,+0.00E+00,-0.05E+00,+13.28E+00,-16.16E+00,+2.52E+00,-8.034E+00
2,05/2/2026,18:37:26.843,-0.09E+00,-0.05E+00,+0.05E+00,-0.05E+00,+13.08E+00,-16.24E+00,+2.81E+00,-8.073E+00
2,05/2/2026,18:37:26.843,-0.09E+00,-0.05E+00,+0.05E+00,+0.00E+00,+12.88E+00,-16.31E+00,+3.08E+00,-8.111E+00
2,05/2/2026,18:37:26.843,-0.09E+00,-0.05E+00,+0.05E+00,+0.00E+00,+12.68E+00,-16.39E+00,+3.34E+00,-8.149E+00
2,05/2/2026,18:37:26.843,-0.09E+00,-0.05E+00,+0.05E+00,+0.00E+00,+12.48E+00,-16.47E+00,+3.62E+00,-8.187E+00
2,05/2/2026,18:37:26.843,-0.09E+00,-0.05E+00,+0.00E+00,+0.00E+00,+12.28E+00,-16.54E+00,+3.89E+00,-8.218E+00
2,05/2/2026,18:37:26.843,-0.09E+00,-0.05E+00,+0.05E+00,+0.00E+00,+12.09E+00,-16.62E+00,+4.17E+00,-8.248E+00
2,05/2/2026,18:37:26.843,-0.09E+00,-0.05E+00,+0.05E+00,-0.05E+00,+11.89E+00,-16.68E+00,+4.43E+00,-8.279E+00
2,05/2/2026,18:37:26.843,-0.09E+00,-0.05E+00,+0.05E+00,+0.00E+00,+11.67E+00,-16.74E+00,+4.70E+00,-8.309E+00
2,05/2/2026,18:37:26.843,-0.09E+00,-0.05E+00,+0.05E+00,+0.00E+00,+11.48E+00,-16.80E+00,+4.96E+00,-8.340E+00
2,05/2/2026,18:37:26.844,-0.09E+00,-0.05E+00,+0.00E+00,+0.00E+00,+11.28E+00,-16.86E+00,+5.22E+00,-8.370E+00
2,05/2/2026,18:37:26.844,-0.09E+00,-0.05E+00,+0.05E+00,+0.00E+00,+11.08E+00,-16.91E+00,+5.49E+00,-8.393E+00
2,05/2/2026,18:37:26.844,-0.09E+00,-0.05E+00,+0.05E+00,+0.00E+00,+10.87E+00,-16.97E+00,+5.75E+00,-8.416E+00
2,05/2/2026,18:37:26.844,-0.09E+00,-0.05E+00,+0.05E+00,-0.05E+00,+10.65E+00,-17.02E+00,+6.00E+00,-8.439E+00
2,05/2/2026,18:37:26.844,-0.09E+00,-0.05E+00,+0.05E+00,-0.05E+00,+10.44E+00,-17.06E+00,+6.26E+00,-8.462E+00
2,05/2/2026,18:37:26.844,-0.09E+00,-0.05E+00,+0.05E+00,+0.00E+00,+10.24E+00,-17.11E+00,+6.50E+00,-8.485E+00
2,05/2/2026,18:37:26.844,-0.09E+00,-0.05E+00,+0.05E+00,+0.00E+00,+10.03E+00,-17.15E+00,+6.76E+00,-8.500E+00
2,05/2/2026,18:37:26.844,-0.09E+00,-0.05E+00,+0.05E+00,+0.00E+00,+9.81E+00,-17.18E+00,+7.00E+00,-8.523E+00
2,05/2/2026,18:37:26.844,-0.09E+00,-0.05E+00,+0.05E+00,+0.00E+00,+9.61E+00,-17.23E+00,+7.25E+00,-8.538E+00
2,05/2/2026,18:37:26.844,-0.09E+00,-0.05E+00,+0.05E+00,-0.05E+00,+9.40E+00,-17.24E+00,+7.51E+00,-8.553E+00
2,05/2/2026,18:37:26.844,-0.09E+00,-0.05E+00,+0.05E+00,+0.00E+00,+9.19E+00,-17.27E+00,+7.74E+00,-8.569E+00
2,05/2/2026,18:37:26.844,-0.09E+00,-0.05E+00,+0.05E+00,-0.05E+00,+8.99E+00,-17.32E+00,+7.97E+00,-8.576E+00
2,05/2/2026,18:37:26.844,-0.09E+00,-0.05E+00,+0.05E+00,-0.05E+00,+8.79E+00,-17.34E+00,+8.19E+00,-8.591E+00
2,05/2/2026,18:37:26.844,-0.09E+00,-0.05E+00,+0.00E+00,+0.00E+00,+8.58E+00,-17.37E+00,+8.42E+00,-8.599E+00
2,05/2/2026,18:37:26.844,-0.09E+00,-0.05E+00,+0.05E+00,+0.00E+00,+8.36E+00,-17.40E+00,+8.67E+00,-8.614E+00
2,05/2/2026,18:37:26.844,-0.09E+00,-0.05E+00,+0.05E+00,+0.00E+00,+8.13E+00,-17.41E+00,+8.91E+00,-8.622E+00
2,05/2/2026,18:37:26.844,-0.09E+00,-0.05E+00,+0.05E+00,+0.00E+00,+7.92E+00,-17.41E+00,+9.14E+00,-8.622E+00
2,05/2/2026,18:37:26.844,-0.09E+00,-0.05E+00,+0.00E+00,+0.00E+00,+7.69E+00,-17.43E+00,+9.39E+00,-8.630E+00
2,05/2/2026,18:37:26.844,-0.09E+00,-0.05E+00,+0.00E+00,+0.00E+00,+7.46E+00,-17.44E+00,+9.63E+00,-8.630E+00
2,05/2/2026,18:37:26.844,-0.09E+00,-0.05E+00,+0.00E+00,+0.00E+00,+7.23E+00,-17.46E+00,+9.87E+00,-8.637E+00
2,05/2/2026,18:37:26.845,-0.09E+00,-0.05E+00,+0.00E+00,+0.00E+00,+6.99E+00,-17.47E+00,+10.12E+00,-8.645E+00
2,05/2/2026,18:37:26.845,-0.09E+00,-0.05E+00,+0.05E+00,+0.00E+00,+6.78E+00,-17.47E+00,+10.35E+00,-8.645E+00
2,05/2/2026,18:37:26.845,-0.09E+00,-0.05E+00,+0.05E+00,+0.00E+00,+6.55E+00,-17.47E+00,+10.58E+00,-8.645E+00
2,05/2/2026,18:37:26.845,-0.09E+00,-0.05E+00,+0.05E+00,-0.05E+00,+6.30E+00,-17.47E+00,+10.80E+00,-8.645E+00
2,05/2/2026,18:37:26.845,-0.09E+00,-0.05E+00,+0.05E+00,+0.00E+00,+6.07E+00,-17.47E+00,+11.05E+00,-8.637E+00
2,05/2/2026,18:37:26.845,-0.09E+00,-0.05E+00,+0.05E+00,+0.00E+00,+5.83E+00,-17.47E+00,+11.28E+00,-8.637E+00
2,05/2/2026,18:37:26.845,-0.09E+00,-0.05E+00,+0.05E+00,-0.05E+00,+5.60E+00,-17.46E+00,+11.51E+00,-8.630E+00
2,05/2/2026,18:37:26.845,-0.09E+00,-0.05E+00,+0.05E+00,-0.05E+00,+5.36E+00,-17.44E+00,+11.72E+00,-8.622E+00
2,05/2/2026,18:37:26.845,-0.09E+00,-0.05E+00,+0.05E+00,+0.00E+00,+5.13E+00,-17.43E+00,+11.93E+00,-8.607E+00
2,05/2/2026,18:37:26.845,-0.09E+00,-0.05E+00,+0.05E+00,+0.00E+00,+4.90E+00,-17.40E+00,+12.15E+00,-8.599E+00
2,05/2/2026,18:37:26.845,-0.09E+00,-0.05E+00,+0.05E+00,+0.00E+00,+4.65E+00,-17.37E+00,+12.35E+00,-8.576E+00
2,05/2/2026,18:37:26.845,-0.09E+00,-0.05E+00,+0.05E+00,-0.05E+00,+4.43E+00,-17.32E+00,+12.54E+00,-8.553E+00
2,05/2/2026,18:37:26.845,-0.09E+00,-0.05E+00,+0.05E+00,-0.05E+00,+4.18E+00,-17.26E+00,+12.73E+00,-8.523E+00
2,05/2/2026,18:37:26.845,-0.05E+00,-0.05E+00,+0.00E+00,+0.00E+00,+3.94E+00,-17.18E+00,+12.89E+00,-8.485E+00
2,05/2/2026,18:37:26.845,-0.09E+00,-0.05E+00,+0.00E+00,+0.00E+00,+3.68E+00,-17.09E+00,+13.06E+00,-8.439E+00
2,05/2/2026,18:37:26.845,-0.09E+00,-0.05E+00,+0.05E+00,+0.00E+00,+3.42E+00,-17.00E+00,+13.22E+00,-8.385E+00
2,05/2/2026,18:37:26.845,-0.09E+00,-0.05E+00,+0.05E+00,-0.05E+00,+3.16E+00,-16.89E+00,+13.37E+00,-8.332E+00
2,05/2/2026,18:37:26.845,-0.09E+00,-0.05E+00,+0.05E+00,+0.00E+00,+2.90E+00,-16.79E+00,+13.51E+00,-8.271E+00
2,05/2/2026,18:37:26.845,-0.09E+00,-0.05E+00,+0.05E+00,+0.00E+00,+2.64E+00,-16.66E+00,+13.64E+00,-8.210E+00
2,05/2/2026,18:37:26.845,-0.09E+00,-0.05E+00,+0.05E+00,+0.00E+00,+2.40E+00,-16.54E+00,+13.78E+00,-8.149E+00
2,05/2/2026,18:37:26.846,-0.09E+00,-0.05E+00,+0.05E+00,+0.00E+00,+2.12E+00,-16.40E+00,+13.92E+00,-8.080E+00
2,05/2/2026,18:37:26.846,-0.09E+00,-0.05E+00,+0.05E+00,-0.05E+00,+1.85E+00,-16.27E+00,+14.04E+00,-8.012E+00
2,05/2/2026,18:37:26.846,-0.09E+00,-0.05E+00,+0.05E+00,-0.05E+00,+1.59E+00,-16.13E+00,+14.18E+00,-7.943E+00
2,05/2/2026,18:37:26.846,-0.09E+00,-0.05E+00,+0.05E+00,+0.00E+00,+1.31E+00,-15.98E+00,+14.30E+00,-7.867E+00
2,05/2/2026,18:37:26.846,-0.05E+00,-0.05E+00,+0.00E+00,+0.00E+00,+1.02E+00,-15.82E+00,+14.42E+00,-7.790E+00
2,05/2/2026,18:37:26.846,-0.09E+00,-0.05E+00,+0.05E+00,-0.05E+00,+0.75E+00,-15.66E+00,+14.54E+00,-7.706E+00
2,05/2/2026,18:37:26.846,-0.09E+00,-0.05E+00,+0.05E+00,-0.05E+00,+0.47E+00,-15.50E+00,+14.67E+00,-7.630E+00
2,05/2/2026,18:37:26.846,-0.09E+00,-0.05E+00,+0.00E+00,+0.00E+00,+0.18E+00,-15.34E+00,+14.77E+00,-7.546E+00
2,05/2/2026,18:37:26.846,-0.09E+00,-0.05E+00,+0.00E+00,+0.00E+00,-0.09E+00,-15.17E+00,+14.89E+00,-7.462E+00
2,05/2/2026,18:37:26.846,-0.09E+00,-0.05E+00,+0.05E+00,-0.05E+00,-0.37E+00,-15.00E+00,+15.00E+00,-7.371E+00
2,05/2/2026,18:37:26.846,-0.09E+00,-0.05E+00,+0.05E+00,-0.05E+00,-0.64E+00,-14.82E+00,+15.09E+00,-7.287E+00
2,05/2/2026,18:37:26.846,-0.09E+00,-0.05E+00,+0.05E+00,+0.00E+00,-0.93E+00,-14.65E+00,+15.21E+00,-7.195E+00
2,05/2/2026,18:37:26.846,-0.09E+00,-0.05E+00,+0.05E+00,+0.00E+00,-1.22E+00,-14.47E+00,+15.31E+00,-7.104E+00
2,05/2/2026,18:37:26.846,-0.09E+00,-0.05E+00,+0.00E+00,+0.00E+00,-1.50E+00,-14.28E+00,+15.40E+00,-7.012E+00
2,05/2/2026,18:37:26.846,-0.09E+00,-0.05E+00,+0.00E+00,+0.00E+00,-1.79E+00,-14.10E+00,+15.49E+00,-6.920E+00
2,05/2/2026,18:37:26.846,-0.09E+00,-0.05E+00,+0.05E+00,+0.00E+00,-2.08E+00,-13.90E+00,+15.60E+00,-6.821E+00
2,05/2/2026,18:37:26.846,-0.09E+00,-0.05E+00,+0.05E+00,-0.05E+00,-2.35E+00,-13.70E+00,+15.69E+00,-6.722E+00
2,05/2/2026,18:37:26.846,-0.09E+00,-0.05E+00,+0.05E+00,+0.00E+00,-2.62E+00,-13.52E+00,+15.76E+00,-6.631E+00
2,05/2/2026,18:37:26.846,-0.09E+00,-0.05E+00,+0.00E+00,+0.00E+00,-2.90E+00,-13.32E+00,+15.86E+00,-6.531E+00
2,05/2/2026,18:37:26.846,-0.09E+00,-0.05E+00,+0.00E+00,+0.00E+00,-3.17E+00,-13.12E+00,+15.93E+00,-6.432E+00
2,05/2/2026,18:37:26.847,-0.09E+00,-0.05E+00,+0.00E+00,+0.00E+00,-3.45E+00,-12.93E+00,+15.99E+00,-6.333E+00
2,05/2/2026,18:37:26.847,-0.09E+00,-0.05E+00,+0.00E+00,-0.05E+00,-3.72E+00,-12.73E+00,+16.07E+00,-6.234E+00
2,05/2/2026,18:37:26.847,-0.09E+00,-0.05E+00,+0.05E+00,-0.05E+00,-3.98E+00,-12.53E+00,+16.13E+00,-6.127E+00
2,05/2/2026,18:37:26.847,-0.09E+00,-0.05E+00,+0.05E+00,+0.00E+00,-4.24E+00,-12.31E+00,+16.19E+00,-6.028E+00
2,05/2/2026,18:37:26.847,-0.09E+00,-0.05E+00,+0.05E+00,+0.00E+00,-4.50E+00,-12.12E+00,+16.25E+00,-5.921E+00
2,05/2/2026,18:37:26.847,-0.09E+00,-0.05E+00,+0.05E+00,+0.00E+00,-4.78E+00,-11.92E+00,+16.30E+00,-5.822E+00
2,05/2/2026,18:37:26.847,-0.09E+00,-0.05E+00,+0.00E+00,+0.00E+00,-5.02E+00,-11.70E+00,+16.36E+00,-5.715E+00
2,05/2/2026,18:37:26.847,-0.09E+00,-0.05E+00,+0.05E+00,+0.00E+00,-5.28E+00,-11.49E+00,+16.40E+00,-5.616E+00
2,05/2/2026,18:37:26.847,-0.09E+00,-0.05E+00,+0.05E+00,-0.05E+00,-5.54E+00,-11.29E+00,+16.45E+00,-5.509E+00
2,05/2/2026,18:37:26.847,-0.09E+00,-0.05E+00,+0.00E+00,+0.00E+00,-5.78E+00,-11.08E+00,+16.50E+00,-5.402E+00
2,05/2/2026,18:37:26.847,-0.09E+00,-0.05E+00,+0.05E+00,+0.00E+00,-6.04E+00,-10.88E+00,+16.54E+00,-5.303E+00
2,05/2/2026,18:37:26.847,-0.09E+00,-0.05E+00,+0.05E+00,-0.05E+00,-6.29E+00,-10.67E+00,+16.59E+00,-5.196E+00
2,05/2/2026,18:37:26.847,-0.09E+00,-0.05E+00,+0.00E+00,-0.05E+00,-6.53E+00,-10.45E+00,+16.62E+00,-5.089E+00
2,05/2/2026,18:37:26.847,-0.09E+00,-0.05E+00,+0.00E+00,+0.00E+00,-6.78E+00,-10.25E+00,+16.66E+00,-4.990E+00
2,05/2/2026,18:37:26.847,-0.09E+00,-0.05E+00,+0.05E+00,+0.00E+00,-7.03E+00,-10.06E+00,+16.69E+00,-4.883E+00
2,05/2/2026,18:37:26.847,-0.09E+00,-0.05E+00,+0.05E+00,+0.00E+00,-7.28E+00,-9.83E+00,+16.73E+00,-4.776E+00
2,05/2/2026,18:37:26.847,-0.09E+00,-0.05E+00,+0.00E+00,+0.00E+00,-7.51E+00,-9.61E+00,+16.76E+00,-4.670E+00
2,05/2/2026,18:37:26.847,-0.09E+00,-0.05E+00,+0.05E+00,+0.00E+00,-7.75E+00,-9.40E+00,+16.79E+00,-4.563E+00
2,05/2/2026,18:37:26.847,-0.09E+00,-0.05E+00,+0.05E+00,+0.00E+00,-8.00E+00,-9.19E+00,+16.82E+00,-4.456E+00
2,05/2/2026,18:37:26.847,-0.09E+00,-0.05E+00,+0.00E+00,+0.00E+00,-8.24E+00,-8.96E+00,+16.83E+00,-4.342E+00
2,05/2/2026,18:37:26.848,-0.09E+00,-0.05E+00,+0.05E+00,+0.00E+00,-8.47E+00,-8.73E+00,+16.85E+00,-4.235E+00
2,05/2/2026,18:37:26.848,-0.09E+00,-0.05E+00,+0.05E+00,+0.00E+00,-8.71E+00,-8.52E+00,+16.86E+00,-4.120E+00
2,05/2/2026,18:37:26.848,-0.05E+00,-0.05E+00,+0.05E+00,+0.00E+00,-8.96E+00,-8.29E+00,+16.86E+00,-4.013E+00
2,05/2/2026,18:37:26.848,-0.09E+00,-0.05E+00,+0.05E+00,+0.00E+00,-9.19E+00,-8.06E+00,+16.88E+00,-3.891E+00
2,05/2/2026,18:37:26.848,-0.09E+00,-0.05E+00,+0.05E+00,-0.05E+00,-9.43E+00,-7.83E+00,+16.89E+00,-3.777E+00
2,05/2/2026,18:37:26.848,-0.09E+00,-0.05E+00,+0.05E+00,-0.05E+00,-9.67E+00,-7.60E+00,+16.89E+00,-3.662E+00
2,05/2/2026,18:37:26.848,-0.09E+00,-0.05E+00,+0.05E+00,+0.00E+00,-9.90E+00,-7.37E+00,+16.91E+00,-3.548E+00
2,05/2/2026,18:37:26.848,-0.09E+00,-0.05E+00,+0.00E+00,+0.00E+00,-10.15E+00,-7.14E+00,+16.92E+00,-3.426E+00
2,05/2/2026,18:37:26.848,-0.09E+00,-0.05E+00,+0.00E+00,+0.00E+00,-10.39E+00,-6.90E+00,+16.92E+00,-3.311E+00
2,05/2/2026,18:37:26.848,-0.09E+00,-0.05E+00,+0.05E+00,-0.05E+00,-10.62E+00,-6.65E+00,+16.91E+00,-3.197E+00
2,05/2/2026,18:37:26.848,-0.09E+00,-0.05E+00,+0.05E+00,+0.00E+00,-10.87E+00,-6.42E+00,+16.91E+00,-3.075E+00
2,05/2/2026,18:37:26.848,-0.09E+00,-0.05E+00,+0.05E+00,-0.05E+00,-11.09E+00,-6.18E+00,+16.92E+00,-2.953E+00
2,05/2/2026,18:37:26.848,-0.09E+00,-0.05E+00,+0.00E+00,-0.05E+00,-11.34E+00,-5.94E+00,+16.91E+00,-2.831E+00
2,05/2/2026,18:37:26.848,-0.09E+00,-0.05E+00,+0.00E+00,-0.05E+00,-11.57E+00,-5.71E+00,+16.89E+00,-2.716E+00
2,05/2/2026,18:37:26.848,-0.09E+00,-0.05E+00,+0.05E+00,+0.00E+00,-11.80E+00,-5.46E+00,+16.88E+00,-2.594E+00
2,05/2/2026,18:37:26.848,-0.09E+00,-0.05E+00,+0.05E+00,+0.00E+00,-11.99E+00,-5.22E+00,+16.86E+00,-2.480E+00
2,05/2/2026,18:37:26.848,-0.09E+00,-0.05E+00,+0.00E+00,+0.00E+00,-12.22E+00,-4.99E+00,+16.83E+00,-2.365E+00
2,05/2/2026,18:37:26.848,-0.09E+00,-0.05E+00,+0.05E+00,+0.00E+00,-12.44E+00,-4.75E+00,+16.80E+00,-2.243E+00
2,05/2/2026,18:37:26.848,-0.09E+00,-0.05E+00,+0.05E+00,-0.05E+00,-12.64E+00,-4.50E+00,+16.77E+00,-2.121E+00
2,05/2/2026,18:37:26.848,-0.09E+00,-0.05E+00,+0.05E+00,-0.05E+00,-12.83E+00,-4.24E+00,+16.73E+00,-1.999E+00
2,05/2/2026,18:37:26.849,-0.09E+00,-0.05E+00,+0.05E+00,-0.05E+00,-13.03E+00,-4.00E+00,+16.66E+00,-1.869E+00
2,05/2/2026,18:37:26.849,-0.09E+00,-0.05E+00,+0.00E+00,-0.05E+00,-13.22E+00,-3.74E+00,+16.59E+00,-1.747E+00
2,05/2/2026,18:37:26.849,-0.09E+00,-0.05E+00,+0.00E+00,-0.05E+00,-13.38E+00,-3.48E+00,+16.48E+00,-1.618E+00
2,05/2/2026,18:37:26.849,-0.09E+00,-0.05E+00,+0.05E+00,+0.00E+00,-13.54E+00,-3.20E+00,+16.37E+00,-1.480E+00
2,05/2/2026,18:37:26.849,-0.09E+00,-0.05E+00,+0.05E+00,+0.00E+00,-13.69E+00,-2.95E+00,+16.27E+00,-1.343E+00
2,05/2/2026,18:37:26.849,-0.09E+00,-0.05E+00,+0.00E+00,+0.00E+00,-13.83E+00,-2.67E+00,+16.15E+00,-1.213E+00
2,05/2/2026,18:37:26.849,-0.09E+00,-0.05E+00,+0.00E+00,-0.05E+00,-13.98E+00,-2.40E+00,+16.01E+00,-1.076E+00
2,05/2/2026,18:37:26.849,-0.09E+00,-0.05E+00,+0.05E+00,+0.00E+00,-14.10E+00,-2.14E+00,+15.87E+00,-0.939E+00
2,05/2/2026,18:37:26.849,-0.09E+00,-0.05E+00,+0.05E+00,-0.05E+00,-14.24E+00,-1.88E+00,+15.75E+00,-0.809E+00
2,05/2/2026,18:37:26.849,-0.09E+00,-0.05E+00,+0.00E+00,-0.05E+00,-14.38E+00,-1.60E+00,+15.61E+00,-0.679E+00
2,05/2/2026,18:37:26.849,-0.09E+00,-0.05E+00,+0.05E+00,-0.05E+00,-14.51E+00,-1.33E+00,+15.47E+00,-0.542E+00
2,05/2/2026,18:37:26.849,-0.09E+00,-0.05E+00,+0.05E+00,-0.05E+00,-14.63E+00,-1.07E+00,+15.32E+00,-0.412E+00
2,05/2/2026,18:37:26.849,-0.09E+00,-0.05E+00,+0.00E+00,-0.05E+00,-14.76E+00,-0.79E+00,+15.18E+00,-0.275E+00
2,05/2/2026,18:37:26.849,-0.09E+00,-0.05E+00,+0.00E+00,-0.05E+00,-14.88E+00,-0.52E+00,+15.03E+00,-0.145E+00
2,05/2/2026,18:37:26.849,-0.09E+00,-0.05E+00,+0.05E+00,+0.00E+00,-14.99E+00,-0.26E+00,+14.88E+00,-0.008E+00
2,05/2/2026,18:37:26.849,-0.09E+00,-0.05E+00,+0.05E+00,+0.00E+00,-15.09E+00,+0.02E+00,+14.73E+00,+0.122E+00
2,05/2/2026,18:37:26.849,-0.09E+00,-0.05E+00,+0.05E+00,+0.00E+00,-15.18E+00,+0.27E+00,+14.56E+00,+0.252E+00
2,05/2/2026,18:37:26.849,-0.05E+00,-0.05E+00,+0.05E+00,+0.00E+00,-15.29E+00,+0.55E+00,+14.38E+00,+0.389E+00
2,05/2/2026,18:37:26.849,-0.09E+00,-0.05E+00,+0.05E+00,+0.00E+00,-15.38E+00,+0.82E+00,+14.19E+00,+0.526E+00
2,05/2/2026,18:37:26.849,-0.09E+00,-0.05E+00,+0.05E+00,+0.00E+00,-15.46E+00,+1.10E+00,+13.99E+00,+0.664E+00
2,05/2/2026,18:37:26.850,-0.09E+00,-0.05E+00,+0.05E+00,-0.05E+00,-15.55E+00,+1.39E+00,+13.81E+00,+0.801E+00
2,05/2/2026,18:37:26.850,-0.09E+00,-0.05E+00,+0.05E+00,+0.00E+00,-15.64E+00,+1.66E+00,+13.61E+00,+0.946E+00
2,05/2/2026,18:37:26.850,-0.09E+00,+0.00E+00,+0.00E+00,+0.00E+00,-15.72E+00,+1.95E+00,+13.41E+00,+1.083E+00
2,05/2/2026,18:37:26.850,-0.09E+00,-0.05E+00,+0.05E+00,+0.00E+00,-15.81E+00,+2.23E+00,+13.20E+00,+1.221E+00
2,05/2/2026,18:37:26.850,-0.09E+00,-0.05E+00,+0.05E+00,-0.05E+00,-15.89E+00,+2.52E+00,+13.02E+00,+1.366E+00
2,05/2/2026,18:37:26.850,-0.09E+00,-0.05E+00,+0.05E+00,-0.05E+00,-15.98E+00,+2.79E+00,+12.82E+00,+1.503E+00
2,05/2/2026,18:37:26.850,-0.09E+00,-0.05E+00,+0.00E+00,+0.00E+00,-16.05E+00,+3.08E+00,+12.60E+00,+1.640E+00
2,05/2/2026,18:37:26.850,-0.09E+00,-0.05E+00,+0.05E+00,+0.00E+00,-16.13E+00,+3.37E+00,+12.41E+00,+1.785E+00
2,05/2/2026,18:37:26.850,-0.09E+00,-0.05E+00,+0.05E+00,-0.05E+00,-16.21E+00,+3.65E+00,+12.21E+00,+1.923E+00
2,05/2/2026,18:37:26.850,-0.09E+00,-0.05E+00,+0.05E+00,-0.05E+00,-16.28E+00,+3.92E+00,+11.99E+00,+2.052E+00
2,05/2/2026,18:37:26.850,-0.09E+00,-0.05E+00,+0.05E+00,-0.05E+00,-16.34E+00,+4.20E+00,+11.80E+00,+2.190E+00
2,05/2/2026,18:37:26.850,-0.09E+00,-0.05E+00,+0.00E+00,+0.00E+00,-16.40E+00,+4.46E+00,+11.58E+00,+2.327E+00
2,05/2/2026,18:37:26.850,-0.09E+00,-0.05E+00,+0.05E+00,+0.00E+00,-16.47E+00,+4.73E+00,+11.37E+00,+2.465E+00
2,05/2/2026,18:37:26.850,-0.09E+00,-0.05E+00,+0.05E+00,+0.00E+00,-16.53E+00,+5.02E+00,+11.16E+00,+2.602E+00
2,05/2/2026,18:37:26.850,-0.09E+00,-0.05E+00,+0.05E+00,-0.05E+00,-16.59E+00,+5.28E+00,+10.94E+00,+2.732E+00
2,05/2/2026,18:37:26.850,-0.09E+00,-0.05E+00,+0.05E+00,+0.00E+00,-16.65E+00,+5.55E+00,+10.73E+00,+2.869E+00
2,05/2/2026,18:37:26.850,-0.09E+00,-0.05E+00,+0.05E+00,+0.00E+00,-16.69E+00,+5.81E+00,+10.51E+00,+2.999E+00
2,05/2/2026,18:37:26.850,-0.09E+00,-0.05E+00,+0.05E+00,-0.05E+00,-16.74E+00,+6.07E+00,+10.30E+00,+3.128E+00
2,05/2/2026,18:37:26.850,-0.09E+00,-0.05E+00,+0.00E+00,+0.00E+00,-16.79E+00,+6.35E+00,+10.09E+00,+3.258E+00
2,05/2/2026,18:37:26.850,-0.14E+00,-0.05E+00,+0.05E+00,-0.05E+00,-16.83E+00,+6.61E+00,+9.87E+00,+3.388E+00
2,05/2/2026,18:37:26.851,-0.09E+00,-0.05E+00,+0.05E+00,-0.05E+00,-16.88E+00,+6.87E+00,+9.66E+00,+3.517E+00
2,05/2/2026,18:37:26.851,-0.09E+00,-0.05E+00,+0.00E+00,+0.00E+00,-16.91E+00,+7.11E+00,+9.43E+00,+3.640E+00
2,05/2/2026,18:37:26.851,-0.09E+00,-0.05E+00,+0.05E+00,+0.00E+00,-16.94E+00,+7.37E+00,+9.22E+00,+3.762E+00
2,05/2/2026,18:37:26.851,-0.09E+00,-0.05E+00,+0.05E+00,+0.00E+00,-16.97E+00,+7.61E+00,+9.00E+00,+3.884E+00
2,05/2/2026,18:37:26.851,-0.09E+00,-0.05E+00,+0.05E+00,-0.05E+00,-17.00E+00,+7.86E+00,+8.81E+00,+4.006E+00
2,05/2/2026,18:37:26.851,-0.09E+00,-0.05E+00,+0.05E+00,+0.00E+00,-17.03E+00,+8.09E+00,+8.58E+00,+4.128E+00
2,05/2/2026,18:37:26.851,-0.09E+00,-0.05E+00,+0.05E+00,+0.00E+00,-17.06E+00,+8.35E+00,+8.35E+00,+4.242E+00
2,05/2/2026,18:37:26.851,-0.09E+00,-0.05E+00,+0.05E+00,+0.00E+00,-17.08E+00,+8.59E+00,+8.13E+00,+4.364E+00
2,05/2/2026,18:37:26.851,-0.09E+00,-0.05E+00,+0.05E+00,-0.05E+00,-17.09E+00,+8.84E+00,+7.90E+00,+4.494E+00
2,05/2/2026,18:37:26.851,-0.09E+00,-0.05E+00,+0.00E+00,-0.05E+00,-17.11E+00,+9.10E+00,+7.66E+00,+4.609E+00
2,05/2/2026,18:37:26.851,-0.09E+00,-0.05E+00,+0.00E+00,+0.00E+00,-17.12E+00,+9.34E+00,+7.43E+00,+4.731E+00
2,05/2/2026,18:37:26.851,-0.09E+00,-0.05E+00,+0.05E+00,+0.00E+00,-17.12E+00,+9.58E+00,+7.19E+00,+4.853E+00
2,05/2/2026,18:37:26.851,-0.09E+00,-0.05E+00,+0.05E+00,+0.00E+00,-17.14E+00,+9.81E+00,+6.96E+00,+4.967E+00
2,05/2/2026,18:37:26.851,-0.09E+00,-0.05E+00,+0.05E+00,-0.05E+00,-17.14E+00,+10.06E+00,+6.73E+00,+5.089E+00
2,05/2/2026,18:37:26.851,-0.09E+00,-0.05E+00,+0.05E+00,-0.05E+00,-17.14E+00,+10.30E+00,+6.50E+00,+5.211E+00
2,05/2/2026,18:37:26.851,-0.09E+00,-0.05E+00,+0.05E+00,+0.00E+00,-17.15E+00,+10.51E+00,+6.26E+00,+5.326E+00
2,05/2/2026,18:37:26.851,-0.09E+00,-0.05E+00,+0.05E+00,+0.00E+00,-17.14E+00,+10.76E+00,+6.03E+00,+5.440E+00
2,05/2/2026,18:37:26.851,-0.09E+00,-0.05E+00,+0.05E+00,+0.00E+00,-17.14E+00,+10.99E+00,+5.78E+00,+5.555E+00
2,05/2/2026,18:37:26.851,-0.09E+00,-0.05E+00,+0.00E+00,+0.00E+00,-17.14E+00,+11.22E+00,+5.55E+00,+5.669E+00
2,05/2/2026,18:37:26.851,-0.09E+00,-0.05E+00,+0.00E+00,-0.05E+00,-17.12E+00,+11.46E+00,+5.31E+00,+5.784E+00
2,05/2/2026,18:37:26.851,-0.09E+00,-0.05E+00,+0.05E+00,-0.05E+00,-17.11E+00,+11.69E+00,+5.07E+00,+5.898E+00
2,05/2/2026,18:37:26.852,-0.09E+00,-0.05E+00,+0.00E+00,+0.00E+00,-17.09E+00,+11.90E+00,+4.82E+00,+6.005E+00
2,05/2/2026,18:37:26.852,-0.09E+00,-0.05E+00,+0.00E+00,+0.00E+00,-17.06E+00,+12.13E+00,+4.58E+00,+6.112E+00
2,05/2/2026,18:37:26.852,-0.09E+00,-0.05E+00,+0.05E+00,-0.05E+00,-17.03E+00,+12.35E+00,+4.33E+00,+6.219E+00
2,05/2/2026,18:37:26.852,-0.09E+00,-0.05E+00,+0.05E+00,-0.05E+00,-17.00E+00,+12.54E+00,+4.09E+00,+6.318E+00
2,05/2/2026,18:37:26.852,-0.09E+00,-0.05E+00,+0.05E+00,+0.00E+00,-16.94E+00,+12.74E+00,+3.85E+00,+6.417E+00
2,05/2/2026,18:37:26.852,-0.09E+00,-0.05E+00,+0.05E+00,+0.00E+00,-16.88E+00,+12.93E+00,+3.60E+00,+6.508E+00
2,05/2/2026,18:37:26.852,-0.09E+00,-0.05E+00,+0.05E+00,+0.00E+00,-16.82E+00,+13.11E+00,+3.36E+00,+6.592E+00
2,05/2/2026,18:37:26.852,-0.09E+00,-0.05E+00,+0.05E+00,-0.05E+00,-16.74E+00,+13.28E+00,+3.10E+00,+6.676E+00
2,05/2/2026,18:37:26.852,-0.09E+00,-0.05E+00,+0.05E+00,-0.05E+00,-16.65E+00,+13.44E+00,+2.84E+00,+6.753E+00
2,05/2/2026,18:37:26.852,-0.09E+00,-0.05E+00,+0.05E+00,+0.00E+00,-16.54E+00,+13.60E+00,+2.59E+00,+6.829E+00
2,05/2/2026,18:37:26.852,-0.09E+00,-0.05E+00,+0.05E+00,+0.00E+00,-16.44E+00,+13.75E+00,+2.33E+00,+6.905E+00
2,05/2/2026,18:37:26.852,-0.09E+00,-0.05E+00,+0.05E+00,+0.00E+00,-16.33E+00,+13.92E+00,+2.06E+00,+6.982E+00
2,05/2/2026,18:37:26.852,-0.09E+00,-0.05E+00,+0.05E+00,-0.05E+00,-16.22E+00,+14.07E+00,+1.80E+00,+7.058E+00
2,05/2/2026,18:37:26.852,-0.09E+00,-0.05E+00,+0.05E+00,-0.05E+00,-16.10E+00,+14.21E+00,+1.54E+00,+7.134E+00
2,05/2/2026,18:37:26.852,-0.09E+00,-0.05E+00,+0.05E+00,+0.00E+00,-15.98E+00,+14.34E+00,+1.27E+00,+7.203E+00
2,05/2/2026,18:37:26.852,-0.09E+00,-0.05E+00,+0.05E+00,+0.00E+00,-15.84E+00,+14.48E+00,+0.99E+00,+7.271E+00
2,05/2/2026,18:37:26.852,-0.09E+00,-0.05E+00,+0.00E+00,+0.00E+00,-15.72E+00,+14.62E+00,+0.72E+00,+7.340E+00
2,05/2/2026,18:37:26.852,-0.09E+00,-0.05E+00,+0.00E+00,+0.00E+00,-15.58E+00,+14.76E+00,+0.44E+00,+7.401E+00
2,05/2/2026,18:37:26.852,-0.09E+00,-0.05E+00,+0.00E+00,+0.00E+00,-15.43E+00,+14.88E+00,+0.18E+00,+7.462E+00
2,05/2/2026,18:37:26.852,-0.09E+00,-0.05E+00,+0.00E+00,+0.00E+00,-15.28E+00,+15.00E+00,-0.09E+00,+7.523E+00
2,05/2/2026,18:37:26.853,-0.05E+00,-0.05E+00,+0.05E+00,+0.00E+00,-15.14E+00,+15.14E+00,-0.37E+00,+7.584E+00
2,05/2/2026,18:37:26.853,-0.09E+00,-0.05E+00,+0.05E+00,+0.00E+00,-14.97E+00,+15.24E+00,-0.64E+00,+7.638E+00
2,05/2/2026,18:37:26.853,-0.09E+00,-0.09E+00,+0.05E+00,-0.05E+00,-14.80E+00,+15.35E+00,-0.92E+00,+7.691E+00
2,05/2/2026,18:37:26.853,-0.09E+00,-0.05E+00,+0.05E+00,-0.05E+00,-14.63E+00,+15.46E+00,-1.21E+00,+7.745E+00
2,05/2/2026,18:37:26.853,-0.05E+00,-0.05E+00,+0.05E+00,-0.05E+00,-14.45E+00,+15.57E+00,-1.48E+00,+7.790E+00
2,05/2/2026,18:37:26.853,-0.05E+00,-0.05E+00,+0.00E+00,+0.00E+00,-14.27E+00,+15.67E+00,-1.77E+00,+7.844E+00
2,05/2/2026,18:37:26.853,-0.09E+00,-0.05E+00,+0.00E+00,-0.05E+00,-14.09E+00,+15.76E+00,-2.04E+00,+7.890E+00
2,05/2/2026,18:37:26.853,-0.09E+00,-0.05E+00,+0.05E+00,-0.05E+00,-13.89E+00,+15.86E+00,-2.32E+00,+7.928E+00
2,05/2/2026,18:37:26.853,-0.09E+00,-0.05E+00,+0.05E+00,+0.00E+00,-13.69E+00,+15.95E+00,-2.61E+00,+7.973E+00
2,05/2/2026,18:37:26.853,-0.09E+00,-0.05E+00,+0.00E+00,+0.00E+00,-13.51E+00,+16.02E+00,-2.88E+00,+8.012E+00
2,05/2/2026,18:37:26.853,-0.09E+00,-0.05E+00,+0.00E+00,+0.00E+00,-13.31E+00,+16.10E+00,-3.16E+00,+8.050E+00
2,05/2/2026,18:37:26.853,-0.09E+00,-0.05E+00,+0.05E+00,+0.00E+00,-13.11E+00,+16.18E+00,-3.43E+00,+8.088E+00
2,05/2/2026,18:37:26.853,-0.09E+00,-0.05E+00,+0.05E+00,+0.00E+00,-12.91E+00,+16.25E+00,-3.71E+00,+8.126E+00
2,05/2/2026,18:37:26.853,-0.09E+00,-0.05E+00,+0.05E+00,-0.05E+00,-12.73E+00,+16.33E+00,-3.98E+00,+8.164E+00
2,05/2/2026,18:37:26.853,-0.09E+00,-0.05E+00,+0.05E+00,+0.00E+00,-12.51E+00,+16.40E+00,-4.26E+00,+8.195E+00
2,05/2/2026,18:37:26.853,-0.09E+00,-0.05E+00,+0.05E+00,+0.00E+00,-12.31E+00,+16.47E+00,-4.52E+00,+8.225E+00
2,05/2/2026,18:37:26.853,-0.09E+00,-0.05E+00,+0.05E+00,+0.00E+00,-12.12E+00,+16.54E+00,-4.79E+00,+8.256E+00
2,05/2/2026,18:37:26.853,-0.14E+00,-0.05E+00,+0.05E+00,+0.00E+00,-11.92E+00,+16.60E+00,-5.07E+00,+8.286E+00
2,05/2/2026,18:37:26.853,-0.09E+00,-0.05E+00,+0.05E+00,-0.05E+00,-11.70E+00,+16.66E+00,-5.33E+00,+8.317E+00
2,05/2/2026,18:37:26.853,-0.05E+00,-0.05E+00,+0.00E+00,-0.05E+00,-11.51E+00,+16.73E+00,-5.59E+00,+8.347E+00
2,05/2/2026,18:37:26.854,-0.05E+00,-0.05E+00,+0.00E+00,+0.00E+00,-11.29E+00,+16.79E+00,-5.84E+00,+8.378E+00
2,05/2/2026,18:37:26.854,-0.09E+00,-0.05E+00,+0.05E+00,+0.00E+00,-11.09E+00,+16.83E+00,-6.10E+00,+8.401E+00
2,05/2/2026,18:37:26.854,-0.09E+00,-0.05E+00,+0.05E+00,-0.05E+00,-10.88E+00,+16.88E+00,-6.36E+00,+8.424E+00
2,05/2/2026,18:37:26.854,-0.09E+00,-0.05E+00,+0.00E+00,-0.05E+00,-10.67E+00,+16.92E+00,-6.62E+00,+8.439E+00
2,05/2/2026,18:37:26.854,-0.09E+00,-0.05E+00,+0.00E+00,-0.05E+00,-10.47E+00,+16.97E+00,-6.87E+00,+8.462E+00
2,05/2/2026,18:37:26.854,-0.09E+00,-0.05E+00,+0.05E+00,+0.00E+00,-10.25E+00,+17.02E+00,-7.13E+00,+8.477E+00
2,05/2/2026,18:37:26.854,-0.09E+00,-0.05E+00,+0.00E+00,+0.00E+00,-10.04E+00,+17.05E+00,-7.37E+00,+8.500E+00
2,05/2/2026,18:37:26.854,-0.09E+00,-0.05E+00,+0.05E+00,+0.00E+00,-9.84E+00,+17.08E+00,-7.61E+00,+8.515E+00
2,05/2/2026,18:37:26.854,-0.09E+00,-0.05E+00,+0.05E+00,-0.05E+00,-9.63E+00,+17.12E+00,-7.86E+00,+8.530E+00
2,05/2/2026,18:37:26.854,-0.09E+00,-0.05E+00,+0.05E+00,+0.00E+00,-9.42E+00,+17.15E+00,-8.09E+00,+8.546E+00
2,05/2/2026,18:37:26.854,-0.09E+00,-0.05E+00,+0.05E+00,+0.00E+00,-9.23E+00,+17.18E+00,-8.32E+00,+8.561E+00
2,05/2/2026,18:37:26.854,-0.09E+00,-0.05E+00,+0.00E+00,-0.05E+00,-9.03E+00,+17.21E+00,-8.55E+00,+8.569E+00
2,05/2/2026,18:37:26.854,-0.09E+00,-0.05E+00,+0.00E+00,-0.05E+00,-8.82E+00,+17.23E+00,-8.79E+00,+8.584E+00
2,05/2/2026,18:37:26.854,-0.09E+00,-0.05E+00,+0.05E+00,+0.00E+00,-8.59E+00,+17.26E+00,-9.02E+00,+8.591E+00
2,05/2/2026,18:37:26.854,-0.09E+00,-0.05E+00,+0.05E+00,+0.00E+00,-8.38E+00,+17.27E+00,-9.26E+00,+8.599E+00
2,05/2/2026,18:37:26.854,-0.09E+00,-0.05E+00,+0.00E+00,+0.00E+00,-8.15E+00,+17.29E+00,-9.49E+00,+8.607E+00
2,05/2/2026,18:37:26.854,-0.09E+00,-0.05E+00,+0.00E+00,-0.05E+00,-7.92E+00,+17.31E+00,-9.74E+00,+8.607E+00
2,05/2/2026,18:37:26.854,-0.09E+00,-0.05E+00,+0.05E+00,+0.00E+00,-7.69E+00,+17.31E+00,-9.98E+00,+8.614E+00
2,05/2/2026,18:37:26.854,-0.09E+00,-0.05E+00,+0.05E+00,+0.00E+00,-7.46E+00,+17.32E+00,-10.22E+00,+8.622E+00
2,05/2/2026,18:37:26.854,-0.09E+00,-0.05E+00,+0.05E+00,+0.00E+00,-7.23E+00,+17.32E+00,-10.47E+00,+8.622E+00
2,05/2/2026,18:37:26.855,-0.09E+00,-0.05E+00,+0.00E+00,+0.00E+00,-7.00E+00,+17.34E+00,-10.71E+00,+8.622E+00
2,05/2/2026,18:37:26.855,-0.09E+00,-0.05E+00,+0.00E+00,-0.05E+00,-6.78E+00,+17.34E+00,-10.93E+00,+8.622E+00
2,05/2/2026,18:37:26.855,-0.09E+00,-0.05E+00,+0.05E+00,+0.00E+00,-6.55E+00,+17.34E+00,-11.17E+00,+8.614E+00
2,05/2/2026,18:37:26.855,-0.09E+00,-0.05E+00,+0.05E+00,+0.00E+00,-6.32E+00,+17.34E+00,-11.40E+00,+8.614E+00
2,05/2/2026,18:37:26.855,-0.09E+00,-0.05E+00,+0.05E+00,+0.00E+00,-6.07E+00,+17.34E+00,-11.63E+00,+8.614E+00
2,05/2/2026,18:37:26.855,-0.09E+00,-0.05E+00,+0.05E+00,-0.05E+00,-5.83E+00,+17.32E+00,-11.86E+00,+8.614E+00
2,05/2/2026,18:37:26.855,-0.09E+00,-0.05E+00,+0.05E+00,+0.00E+00,-5.60E+00,+17.31E+00,-12.09E+00,+8.599E+00
2,05/2/2026,18:37:26.855,-0.09E+00,-0.05E+00,+0.00E+00,-0.05E+00,-5.36E+00,+17.29E+00,-12.28E+00,+8.591E+00
2,05/2/2026,18:37:26.855,-0.09E+00,-0.05E+00,+0.05E+00,-0.05E+00,-5.13E+00,+17.26E+00,-12.50E+00,+8.576E+00
2,05/2/2026,18:37:26.855,-0.05E+00,-0.05E+00,+0.00E+00,+0.00E+00,-4.90E+00,+17.21E+00,-12.70E+00,+8.553E+00
2,05/2/2026,18:37:26.855,-0.09E+00,-0.05E+00,+0.00E+00,+0.00E+00,-4.65E+00,+17.17E+00,-12.89E+00,+8.530E+00
2,05/2/2026,18:37:26.855,-0.09E+00,-0.05E+00,+0.05E+00,+0.00E+00,-4.43E+00,+17.11E+00,-13.06E+00,+8.492E+00
2,05/2/2026,18:37:26.855,-0.09E+00,-0.05E+00,+0.00E+00,+0.00E+00,-4.17E+00,+17.03E+00,-13.23E+00,+8.454E+00
2,05/2/2026,18:37:26.855,-0.09E+00,-0.05E+00,+0.00E+00,+0.00E+00,-3.92E+00,+16.94E+00,-13.40E+00,+8.408E+00
2,05/2/2026,18:37:26.855,-0.09E+00,-0.05E+00,+0.05E+00,+0.00E+00,-3.66E+00,+16.85E+00,-13.55E+00,+8.355E+00
2,05/2/2026,18:37:26.855,-0.09E+00,-0.05E+00,+0.05E+00,+0.00E+00,-3.40E+00,+16.74E+00,-13.69E+00,+8.302E+00
2,05/2/2026,18:37:26.855,-0.09E+00,-0.05E+00,+0.05E+00,+0.00E+00,-3.14E+00,+16.62E+00,-13.84E+00,+8.248E+00
2,05/2/2026,18:37:26.855,-0.09E+00,-0.05E+00,+0.05E+00,-0.05E+00,-2.90E+00,+16.50E+00,-13.99E+00,+8.179E+00
2,05/2/2026,18:37:26.855,-0.09E+00,-0.05E+00,+0.00E+00,-0.05E+00,-2.62E+00,+16.37E+00,-14.12E+00,+8.118E+00
2,05/2/2026,18:37:26.855,-0.09E+00,-0.05E+00,+0.00E+00,+0.00E+00,-2.37E+00,+16.25E+00,-14.25E+00,+8.057E+00
2,05/2/2026,18:37:26.856,-0.09E+00,-0.05E+00,+0.05E+00,-0.05E+00,-2.11E+00,+16.11E+00,-14.39E+00,+7.981E+00
2,05/2/2026,18:37:26.856,-0.09E+00,-0.05E+00,+0.00E+00,+0.00E+00,-1.82E+00,+15.96E+00,-14.50E+00,+7.912E+00
2,05/2/2026,18:37:26.856,-0.09E+00,-0.05E+00,+0.00E+00,-0.05E+00,-1.54E+00,+15.82E+00,-14.63E+00,+7.836E+00
2,05/2/2026,18:37:26.856,-0.09E+00,-0.05E+00,+0.05E+00,-0.05E+00,-1.27E+00,+15.67E+00,-14.77E+00,+7.760E+00
2,05/2/2026,18:37:26.856,-0.09E+00,-0.05E+00,+0.05E+00,+0.00E+00,-0.99E+00,+15.50E+00,-14.88E+00,+7.676E+00
2,05/2/2026,18:37:26.856,-0.09E+00,-0.05E+00,+0.05E+00,+0.00E+00,-0.72E+00,+15.34E+00,-15.00E+00,+7.592E+00
2,05/2/2026,18:37:26.856,-0.09E+00,-0.05E+00,+0.05E+00,-0.05E+00,-0.43E+00,+15.18E+00,-15.11E+00,+7.508E+00
2,05/2/2026,18:37:26.856,-0.09E+00,-0.05E+00,+0.05E+00,-0.05E+00,-0.15E+00,+15.00E+00,-15.21E+00,+7.424E+00
2,05/2/2026,18:37:26.856,-0.05E+00,-0.05E+00,+0.05E+00,-0.05E+00,+0.14E+00,+14.83E+00,-15.32E+00,+7.340E+00
2,05/2/2026,18:37:26.856,-0.05E+00,-0.05E+00,+0.05E+00,+0.00E+00,+0.43E+00,+14.65E+00,-15.43E+00,+7.249E+00
2,05/2/2026,18:37:26.856,-0.09E+00,-0.05E+00,+0.05E+00,+0.00E+00,+0.70E+00,+14.47E+00,-15.53E+00,+7.157E+00
2,05/2/2026,18:37:26.856,-0.09E+00,-0.05E+00,+0.05E+00,-0.05E+00,+0.98E+00,+14.28E+00,-15.64E+00,+7.065E+00
2,05/2/2026,18:37:26.856,-0.09E+00,-0.05E+00,+0.00E+00,-0.05E+00,+1.27E+00,+14.12E+00,-15.73E+00,+6.974E+00
2,05/2/2026,18:37:26.856,-0.09E+00,-0.05E+00,+0.00E+00,+0.00E+00,+1.56E+00,+13.93E+00,-15.82E+00,+6.875E+00
2,05/2/2026,18:37:26.856,-0.09E+00,-0.05E+00,+0.05E+00,-0.05E+00,+1.83E+00,+13.73E+00,-15.92E+00,+6.783E+00
2,05/2/2026,18:37:26.856,-0.09E+00,-0.05E+00,+0.05E+00,-0.05E+00,+2.11E+00,+13.54E+00,-16.01E+00,+6.692E+00
2,05/2/2026,18:37:26.856,-0.09E+00,-0.05E+00,+0.05E+00,-0.05E+00,+2.38E+00,+13.35E+00,-16.10E+00,+6.592E+00
2,05/2/2026,18:37:26.856,-0.14E+00,-0.05E+00,+0.05E+00,+0.00E+00,+2.67E+00,+13.15E+00,-16.18E+00,+6.493E+00
2,05/2/2026,18:37:26.856,-0.09E+00,-0.05E+00,+0.05E+00,+0.00E+00,+2.93E+00,+12.96E+00,-16.25E+00,+6.394E+00
2,05/2/2026,18:37:26.856,-0.09E+00,-0.05E+00,+0.05E+00,-0.05E+00,+3.20E+00,+12.76E+00,-16.33E+00,+6.295E+00
2,05/2/2026,18:37:26.857,-0.09E+00,-0.05E+00,+0.00E+00,-0.05E+00,+3.48E+00,+12.56E+00,-16.39E+00,+6.196E+00
2,05/2/2026,18:37:26.857,-0.09E+00,-0.05E+00,+0.00E+00,-0.05E+00,+3.74E+00,+12.36E+00,-16.45E+00,+6.089E+00
2,05/2/2026,18:37:26.857,-0.09E+00,-0.05E+00,+0.05E+00,+0.00E+00,+4.01E+00,+12.16E+00,-16.51E+00,+5.990E+00
2,05/2/2026,18:37:26.857,-0.09E+00,-0.05E+00,+0.05E+00,+0.00E+00,+4.27E+00,+11.96E+00,-16.57E+00,+5.890E+00
2,05/2/2026,18:37:26.857,-0.09E+00,-0.05E+00,+0.05E+00,+0.00E+00,+4.53E+00,+11.75E+00,-16.62E+00,+5.784E+00
2,05/2/2026,18:37:26.857,-0.09E+00,-0.05E+00,+0.00E+00,-0.05E+00,+4.79E+00,+11.54E+00,-16.68E+00,+5.677E+00
2,05/2/2026,18:37:26.857,-0.09E+00,-0.05E+00,+0.00E+00,-0.05E+00,+5.05E+00,+11.34E+00,-16.73E+00,+5.578E+00
2,05/2/2026,18:37:26.857,-0.09E+00,-0.05E+00,+0.05E+00,+0.00E+00,+5.31E+00,+11.12E+00,-16.77E+00,+5.471E+00
2,05/2/2026,18:37:26.857,-0.09E+00,-0.05E+00,+0.05E+00,-0.05E+00,+5.55E+00,+10.91E+00,-16.82E+00,+5.372E+00
2,05/2/2026,18:37:26.857,-0.09E+00,-0.05E+00,+0.05E+00,-0.05E+00,+5.80E+00,+10.71E+00,-16.86E+00,+5.265E+00
2,05/2/2026,18:37:26.857,-0.09E+00,-0.05E+00,+0.00E+00,+0.00E+00,+6.06E+00,+10.50E+00,-16.91E+00,+5.158E+00
2,05/2/2026,18:37:26.857,-0.09E+00,-0.05E+00,+0.05E+00,+0.00E+00,+6.30E+00,+10.30E+00,-16.95E+00,+5.059E+00
2,05/2/2026,18:37:26.857,-0.09E+00,-0.05E+00,+0.05E+00,+0.00E+00,+6.55E+00,+10.09E+00,-16.98E+00,+4.952E+00
2,05/2/2026,18:37:26.857,-0.09E+00,-0.05E+00,+0.05E+00,+0.00E+00,+6.79E+00,+9.87E+00,-17.02E+00,+4.845E+00
2,05/2/2026,18:37:26.857,-0.09E+00,-0.05E+00,+0.00E+00,+0.00E+00,+7.03E+00,+9.66E+00,-17.05E+00,+4.738E+00
2,05/2/2026,18:37:26.857,-0.09E+00,-0.05E+00,+0.05E+00,+0.00E+00,+7.28E+00,+9.45E+00,-17.08E+00,+4.631E+00
2,05/2/2026,18:37:26.857,-0.09E+00,-0.05E+00,+0.05E+00,+0.00E+00,+7.52E+00,+9.23E+00,-17.11E+00,+4.525E+00
2,05/2/2026,18:37:26.857,-0.09E+00,-0.05E+00,+0.00E+00,-0.05E+00,+7.75E+00,+9.02E+00,-17.12E+00,+4.418E+00
2,05/2/2026,18:37:26.857,-0.09E+00,-0.05E+00,+0.05E+00,-0.05E+00,+7.98E+00,+8.81E+00,-17.14E+00,+4.303E+00
2,05/2/2026,18:37:26.857,-0.09E+00,-0.05E+00,+0.05E+00,+0.00E+00,+8.23E+00,+8.58E+00,-17.17E+00,+4.197E+00
2,05/2/2026,18:37:26.858,-0.09E+00,-0.05E+00,+0.05E+00,+0.00E+00,+8.47E+00,+8.35E+00,-17.18E+00,+4.082E+00
2,05/2/2026,18:37:26.858,-0.09E+00,-0.05E+00,+0.05E+00,+0.00E+00,+8.71E+00,+8.12E+00,-17.20E+00,+3.968E+00
2,05/2/2026,18:37:26.858,-0.09E+00,-0.05E+00,+0.05E+00,+0.00E+00,+8.94E+00,+7.89E+00,-17.20E+00,+3.853E+00
2,05/2/2026,18:37:26.858,-0.09E+00,-0.05E+00,+0.05E+00,+0.00E+00,+9.19E+00,+7.66E+00,-17.21E+00,+3.746E+00
2,05/2/2026,18:37:26.858,-0.09E+00,-0.05E+00,+0.05E+00,+0.00E+00,+9.42E+00,+7.43E+00,-17.21E+00,+3.632E+00
2,05/2/2026,18:37:26.858,-0.09E+00,-0.05E+00,+0.00E+00,+0.00E+00,+9.66E+00,+7.20E+00,-17.23E+00,+3.510E+00
2,05/2/2026,18:37:26.858,-0.09E+00,-0.05E+00,+0.00E+00,-0.05E+00,+9.90E+00,+6.96E+00,-17.23E+00,+3.395E+00
2,05/2/2026,18:37:26.858,-0.09E+00,-0.05E+00,+0.05E+00,-0.05E+00,+10.15E+00,+6.73E+00,-17.23E+00,+3.273E+00
2,05/2/2026,18:37:26.858,-0.09E+00,-0.05E+00,+0.05E+00,+0.00E+00,+10.38E+00,+6.49E+00,-17.23E+00,+3.159E+00
2,05/2/2026,18:37:26.858,-0.09E+00,-0.05E+00,+0.05E+00,+0.00E+00,+10.62E+00,+6.26E+00,-17.23E+00,+3.037E+00
2,05/2/2026,18:37:26.858,-0.09E+00,-0.05E+00,+0.00E+00,+0.00E+00,+10.85E+00,+6.01E+00,-17.23E+00,+2.922E+00
2,05/2/2026,18:37:26.858,-0.09E+00,-0.05E+00,+0.05E+00,-0.05E+00,+11.08E+00,+5.78E+00,-17.21E+00,+2.800E+00
2,05/2/2026,18:37:26.858,-0.09E+00,-0.05E+00,+0.05E+00,-0.05E+00,+11.31E+00,+5.54E+00,-17.21E+00,+2.686E+00
2,05/2/2026,18:37:26.858,-0.09E+00,-0.05E+00,+0.05E+00,+0.00E+00,+11.54E+00,+5.30E+00,-17.20E+00,+2.564E+00
2,05/2/2026,18:37:26.858,-0.09E+00,-0.05E+00,+0.05E+00,+0.00E+00,+11.75E+00,+5.07E+00,-17.18E+00,+2.442E+00
2,05/2/2026,18:37:26.858,-0.09E+00,-0.05E+00,+0.05E+00,-0.05E+00,+11.96E+00,+4.82E+00,-17.15E+00,+2.327E+00
2,05/2/2026,18:37:26.858,-0.09E+00,-0.05E+00,+0.05E+00,+0.00E+00,+12.18E+00,+4.59E+00,-17.12E+00,+2.205E+00
2,05/2/2026,18:37:26.858,-0.09E+00,-0.05E+00,+0.05E+00,+0.00E+00,+12.39E+00,+4.33E+00,-17.08E+00,+2.091E+00
2,05/2/2026,18:37:26.858,-0.09E+00,-0.05E+00,+0.05E+00,+0.00E+00,+12.59E+00,+4.09E+00,-17.03E+00,+1.961E+00
2,05/2/2026,18:37:26.858,-0.05E+00,-0.05E+00,+0.00E+00,+0.00E+00,+12.77E+00,+3.85E+00,-16.97E+00,+1.831E+00
2,05/2/2026,18:37:26.859,-0.09E+00,-0.05E+00,+0.05E+00,+0.00E+00,+12.96E+00,+3.59E+00,-16.89E+00,+1.702E+00
2,05/2/2026,18:37:26.859,-0.09E+00,-0.05E+00,+0.05E+00,+0.00E+00,+13.11E+00,+3.31E+00,-16.79E+00,+1.579E+00
2,05/2/2026,18:37:26.859,-0.09E+00,-0.05E+00,+0.05E+00,+0.00E+00,+13.28E+00,+3.05E+00,-16.68E+00,+1.442E+00
2,05/2/2026,18:37:26.859,-0.09E+00,-0.05E+00,+0.05E+00,+0.00E+00,+13.41E+00,+2.78E+00,-16.56E+00,+1.305E+00
2,05/2/2026,18:37:26.859,-0.09E+00,-0.05E+00,+0.05E+00,+0.00E+00,+13.57E+00,+2.52E+00,-16.44E+00,+1.175E+00
2,05/2/2026,18:37:26.859,-0.09E+00,-0.05E+00,+0.05E+00,+0.00E+00,+13.72E+00,+2.24E+00,-16.31E+00,+1.045E+00
2,05/2/2026,18:37:26.859,-0.09E+00,-0.05E+00,+0.00E+00,-0.05E+00,+13.84E+00,+1.97E+00,-16.18E+00,+0.908E+00
2,05/2/2026,18:37:26.859,-0.09E+00,-0.05E+00,+0.00E+00,-0.05E+00,+13.98E+00,+1.71E+00,-16.04E+00,+0.771E+00
2,05/2/2026,18:37:26.859,-0.09E+00,-0.05E+00,+0.05E+00,+0.00E+00,+14.12E+00,+1.43E+00,-15.90E+00,+0.641E+00
2,05/2/2026,18:37:26.859,-0.09E+00,-0.05E+00,+0.05E+00,+0.00E+00,+14.25E+00,+1.18E+00,-15.76E+00,+0.511E+00
2,05/2/2026,18:37:26.859,-0.09E+00,-0.05E+00,+0.05E+00,-0.05E+00,+14.38E+00,+0.90E+00,-15.64E+00,+0.374E+00
2,05/2/2026,18:37:26.859,-0.09E+00,-0.05E+00,+0.05E+00,-0.05E+00,+14.50E+00,+0.63E+00,-15.49E+00,+0.237E+00
2,05/2/2026,18:37:26.859,-0.09E+00,-0.05E+00,+0.05E+00,+0.00E+00,+14.62E+00,+0.37E+00,-15.34E+00,+0.107E+00
2,05/2/2026,18:37:26.859,-0.09E+00,-0.05E+00,+0.05E+00,+0.00E+00,+14.73E+00,+0.09E+00,-15.18E+00,-0.023E+00
2,05/2/2026,18:37:26.859,-0.09E+00,-0.05E+00,+0.05E+00,+0.00E+00,+14.83E+00,-0.17E+00,-15.02E+00,-0.160E+00
2,05/2/2026,18:37:26.859,-0.09E+00,-0.05E+00,+0.05E+00,+0.00E+00,+14.92E+00,-0.44E+00,-14.85E+00,-0.290E+00
2,05/2/2026,18:37:26.859,-0.09E+00,-0.05E+00,+0.05E+00,-0.05E+00,+15.02E+00,-0.72E+00,-14.67E+00,-0.427E+00
2,05/2/2026,18:37:26.859,-0.09E+00,-0.05E+00,+0.05E+00,-0.05E+00,+15.11E+00,-0.99E+00,-14.48E+00,-0.565E+00
2,05/2/2026,18:37:26.859,-0.09E+00,-0.05E+00,+0.05E+00,-0.05E+00,+15.20E+00,-1.27E+00,-14.30E+00,-0.702E+00
2,05/2/2026,18:37:26.859,-0.09E+00,-0.05E+00,+0.05E+00,+0.00E+00,+15.28E+00,-1.56E+00,-14.10E+00,-0.839E+00
2,05/2/2026,18:37:26.860,-0.09E+00,-0.05E+00,+0.00E+00,+0.00E+00,+15.37E+00,-1.83E+00,-13.90E+00,-0.984E+00
2,05/2/2026,18:37:26.860,-0.09E+00,-0.05E+00,+0.05E+00,-0.05E+00,+15.46E+00,-2.12E+00,-13.69E+00,-1.122E+00
2,05/2/2026,18:37:26.860,-0.09E+00,-0.05E+00,+0.05E+00,+0.00E+00,+15.53E+00,-2.40E+00,-13.49E+00,-1.267E+00
2,05/2/2026,18:37:26.860,-0.09E+00,-0.05E+00,+0.05E+00,+0.00E+00,+15.63E+00,-2.69E+00,-13.31E+00,-1.404E+00
2,05/2/2026,18:37:26.860,-0.09E+00,-0.05E+00,+0.05E+00,+0.00E+00,+15.70E+00,-2.98E+00,-13.11E+00,-1.541E+00
2,05/2/2026,18:37:26.860,-0.09E+00,-0.05E+00,+0.05E+00,+0.00E+00,+15.79E+00,-3.25E+00,-12.91E+00,-1.686E+00
2,05/2/2026,18:37:26.860,-0.09E+00,-0.05E+00,+0.00E+00,-0.05E+00,+15.87E+00,-3.54E+00,-12.71E+00,-1.824E+00
2,05/2/2026,18:37:26.860,-0.09E+00,-0.05E+00,+0.05E+00,-0.05E+00,+15.95E+00,-3.80E+00,-12.51E+00,-1.961E+00
2,05/2/2026,18:37:26.860,-0.09E+00,-0.05E+00,+0.05E+00,+0.00E+00,+16.01E+00,-4.07E+00,-12.30E+00,-2.098E+00
2,05/2/2026,18:37:26.860,-0.09E+00,-0.05E+00,+0.05E+00,+0.00E+00,+16.08E+00,-4.35E+00,-12.09E+00,-2.228E+00
2,05/2/2026,18:37:26.860,-0.09E+00,-0.05E+00,+0.05E+00,-0.05E+00,+16.15E+00,-4.64E+00,-11.89E+00,-2.373E+00
2,05/2/2026,18:37:26.860,-0.09E+00,-0.05E+00,+0.05E+00,+0.00E+00,+16.21E+00,-4.90E+00,-11.67E+00,-2.503E+00
2,05/2/2026,18:37:26.860,-0.09E+00,-0.05E+00,+0.05E+00,+0.00E+00,+16.27E+00,-5.19E+00,-11.45E+00,-2.640E+00
2,05/2/2026,18:37:26.860,-0.09E+00,-0.05E+00,+0.00E+00,+0.00E+00,+16.33E+00,-5.45E+00,-11.23E+00,-2.777E+00
2,05/2/2026,18:37:26.860,-0.09E+00,-0.05E+00,+0.00E+00,-0.05E+00,+16.37E+00,-5.72E+00,-11.02E+00,-2.907E+00
2,05/2/2026,18:37:26.860,-0.09E+00,-0.05E+00,+0.05E+00,-0.05E+00,+16.44E+00,-6.00E+00,-10.80E+00,-3.037E+00
2,05/2/2026,18:37:26.860,-0.09E+00,-0.05E+00,+0.05E+00,-0.05E+00,+16.48E+00,-6.26E+00,-10.59E+00,-3.174E+00
2,05/2/2026,18:37:26.860,-0.09E+00,-0.05E+00,+0.00E+00,-0.05E+00,+16.53E+00,-6.52E+00,-10.38E+00,-3.304E+00
2,05/2/2026,18:37:26.860,-0.09E+00,-0.05E+00,+0.00E+00,+0.00E+00,+16.57E+00,-6.78E+00,-10.16E+00,-3.426E+00
2,05/2/2026,18:37:26.860,-0.09E+00,-0.05E+00,+0.00E+00,+0.00E+00,+16.60E+00,-7.03E+00,-9.93E+00,-3.556E+00
2,05/2/2026,18:37:26.861,-0.09E+00,-0.05E+00,+0.00E+00,-0.05E+00,+16.65E+00,-7.29E+00,-9.72E+00,-3.685E+00
2,05/2/2026,18:37:26.861,-0.09E+00,-0.05E+00,+0.05E+00,-0.05E+00,+16.68E+00,-7.54E+00,-9.51E+00,-3.807E+00
2,05/2/2026,18:37:26.861,-0.09E+00,-0.05E+00,+0.05E+00,+0.00E+00,+16.71E+00,-7.78E+00,-9.29E+00,-3.929E+00
2,05/2/2026,18:37:26.861,-0.05E+00,-0.05E+00,+0.00E+00,+0.00E+00,+16.74E+00,-8.03E+00,-9.08E+00,-4.044E+00
2,05/2/2026,18:37:26.861,-0.09E+00,-0.05E+00,+0.00E+00,-0.05E+00,+16.77E+00,-8.27E+00,-8.87E+00,-4.174E+00
2,05/2/2026,18:37:26.861,-0.09E+00,-0.05E+00,+0.05E+00,-0.05E+00,+16.80E+00,-8.52E+00,-8.64E+00,-4.296E+00
2,05/2/2026,18:37:26.861,-0.09E+00,-0.05E+00,+0.05E+00,+0.00E+00,+16.82E+00,-8.76E+00,-8.41E+00,-4.410E+00
2,05/2/2026,18:37:26.861,-0.05E+00,-0.05E+00,+0.05E+00,+0.00E+00,+16.83E+00,-9.00E+00,-8.19E+00,-4.532E+00
2,05/2/2026,18:37:26.861,-0.09E+00,-0.05E+00,+0.05E+00,+0.00E+00,+16.83E+00,-9.26E+00,-7.95E+00,-4.654E+00
2,05/2/2026,18:37:26.861,-0.09E+00,-0.05E+00,+0.00E+00,-0.05E+00,+16.85E+00,-9.51E+00,-7.72E+00,-4.776E+00
2,05/2/2026,18:37:26.861,-0.09E+00,-0.05E+00,+0.00E+00,+0.00E+00,+16.86E+00,-9.75E+00,-7.49E+00,-4.891E+00
2,05/2/2026,18:37:26.861,-0.09E+00,-0.05E+00,+0.05E+00,+0.00E+00,+16.86E+00,-9.98E+00,-7.25E+00,-5.013E+00
2,05/2/2026,18:37:26.861,-0.05E+00,-0.05E+00,+0.05E+00,-0.05E+00,+16.86E+00,-10.22E+00,-7.02E+00,-5.135E+00
2,05/2/2026,18:37:26.861,-0.09E+00,-0.05E+00,+0.05E+00,+0.00E+00,+16.86E+00,-10.47E+00,-6.78E+00,-5.250E+00
2,05/2/2026,18:37:26.861,-0.09E+00,-0.05E+00,+0.00E+00,-0.05E+00,+16.88E+00,-10.70E+00,-6.55E+00,-5.364E+00
2,05/2/2026,18:37:26.861,-0.09E+00,-0.05E+00,+0.00E+00,-0.05E+00,+16.88E+00,-10.94E+00,-6.32E+00,-5.478E+00
2,05/2/2026,18:37:26.861,-0.09E+00,-0.05E+00,+0.05E+00,+0.00E+00,+16.86E+00,-11.17E+00,-6.07E+00,-5.593E+00
2,05/2/2026,18:37:26.861,-0.09E+00,-0.05E+00,+0.05E+00,+0.00E+00,+16.86E+00,-11.40E+00,-5.83E+00,-5.715E+00
2,05/2/2026,18:37:26.861,-0.09E+00,-0.05E+00,+0.05E+00,+0.00E+00,+16.86E+00,-11.64E+00,-5.59E+00,-5.829E+00
2,05/2/2026,18:37:26.861,-0.09E+00,-0.05E+00,+0.05E+00,+0.00E+00,+16.85E+00,-11.87E+00,-5.36E+00,-5.936E+00
2,05/2/2026,18:37:26.862,-0.09E+00,-0.05E+00,+0.00E+00,-0.05E+00,+16.82E+00,-12.09E+00,-5.11E+00,-6.051E+00
2,05/2/2026,18:37:26.862,-0.09E+00,-0.05E+00,+0.00E+00,-0.05E+00,+16.80E+00,-12.30E+00,-4.87E+00,-6.157E+00
2,05/2/2026,18:37:26.862,-0.09E+00,-0.05E+00,+0.05E+00,+0.00E+00,+16.77E+00,-12.51E+00,-4.62E+00,-6.257E+00
2,05/2/2026,18:37:26.862,-0.09E+00,-0.05E+00,+0.00E+00,+0.00E+00,+16.73E+00,-12.73E+00,-4.36E+00,-6.356E+00
2,05/2/2026,18:37:26.862,-0.09E+00,-0.05E+00,+0.00E+00,+0.00E+00,+16.68E+00,-12.93E+00,-4.12E+00,-6.455E+00
2,05/2/2026,18:37:26.862,-0.09E+00,-0.05E+00,+0.05E+00,+0.00E+00,+16.62E+00,-13.11E+00,-3.88E+00,-6.547E+00
2,05/2/2026,18:37:26.862,-0.09E+00,-0.05E+00,+0.00E+00,+0.00E+00,+16.54E+00,-13.28E+00,-3.63E+00,-6.631E+00
2,05/2/2026,18:37:26.862,-0.09E+00,-0.05E+00,+0.00E+00,+0.00E+00,+16.45E+00,-13.44E+00,-3.39E+00,-6.714E+00
2,05/2/2026,18:37:26.862,-0.09E+00,-0.05E+00,+0.05E+00,+0.00E+00,+16.36E+00,-13.61E+00,-3.13E+00,-6.791E+00
2,05/2/2026,18:37:26.862,-0.09E+00,-0.05E+00,+0.05E+00,+0.00E+00,+16.27E+00,-13.76E+00,-2.87E+00,-6.867E+00
2,05/2/2026,18:37:26.862,-0.09E+00,-0.05E+00,+0.05E+00,-0.05E+00,+16.16E+00,-13.92E+00,-2.61E+00,-6.943E+00
2,05/2/2026,18:37:26.862,-0.09E+00,-0.05E+00,+0.05E+00,-0.05E+00,+16.05E+00,-14.07E+00,-2.35E+00,-7.020E+00
2,05/2/2026,18:37:26.862,-0.09E+00,-0.05E+00,+0.05E+00,+0.00E+00,+15.95E+00,-14.22E+00,-2.09E+00,-7.096E+00
2,05/2/2026,18:37:26.862,-0.09E+00,-0.05E+00,+0.00E+00,+0.00E+00,+15.82E+00,-14.38E+00,-1.82E+00,-7.165E+00
2,05/2/2026,18:37:26.862,-0.09E+00,-0.05E+00,+0.05E+00,+0.00E+00,+15.69E+00,-14.51E+00,-1.54E+00,-7.233E+00
2,05/2/2026,18:37:26.862,-0.09E+00,-0.05E+00,+0.05E+00,+0.00E+00,+15.57E+00,-14.65E+00,-1.27E+00,-7.302E+00
2,05/2/2026,18:37:26.862,-0.09E+00,-0.05E+00,+0.00E+00,+0.00E+00,+15.43E+00,-14.79E+00,-1.01E+00,-7.371E+00
2,05/2/2026,18:37:26.862,-0.09E+00,-0.05E+00,+0.00E+00,+0.00E+00,+15.29E+00,-14.92E+00,-0.73E+00,-7.439E+00
2,05/2/2026,18:37:26.862,-0.09E+00,-0.05E+00,+0.05E+00,+0.00E+00,+15.14E+00,-15.05E+00,-0.46E+00,-7.500E+00
2,05/2/2026,18:37:26.862,-0.09E+00,-0.05E+00,+0.05E+00,+0.00E+00,+15.00E+00,-15.18E+00,-0.17E+00,-7.561E+00
2,05/2/2026,18:37:26.863,-0.09E+00,-0.05E+00,+0.05E+00,+0.00E+00,+14.85E+00,-15.31E+00,+0.09E+00,-7.622E+00
2,05/2/2026,18:37:26.863,-0.09E+00,-0.05E+00,+0.05E+00,+0.00E+00,+14.68E+00,-15.41E+00,+0.38E+00,-7.676E+00
2,05/2/2026,18:37:26.863,-0.05E+00,-0.05E+00,+0.00E+00,+0.00E+00,+14.51E+00,-15.53E+00,+0.66E+00,-7.729E+00
2,05/2/2026,18:37:26.863,-0.09E+00,-0.05E+00,+0.00E+00,+0.00E+00,+14.34E+00,-15.63E+00,+0.93E+00,-7.775E+00
2,05/2/2026,18:37:26.863,-0.09E+00,-0.05E+00,+0.05E+00,-0.05E+00,+14.16E+00,-15.73E+00,+1.21E+00,-7.828E+00
2,05/2/2026,18:37:26.863,-0.09E+00,-0.05E+00,+0.05E+00,-0.05E+00,+13.98E+00,-15.82E+00,+1.48E+00,-7.874E+00
2,05/2/2026,18:37:26.863,-0.09E+00,-0.05E+00,+0.05E+00,+0.00E+00,+13.80E+00,-15.92E+00,+1.77E+00,-7.920E+00
2,05/2/2026,18:37:26.863,-0.09E+00,-0.05E+00,+0.05E+00,+0.00E+00,+13.60E+00,-16.01E+00,+2.04E+00,-7.958E+00
2,05/2/2026,18:37:26.863,-0.09E+00,-0.05E+00,+0.05E+00,-0.05E+00,+13.41E+00,-16.10E+00,+2.32E+00,-8.004E+00
2,05/2/2026,18:37:26.863,-0.09E+00,-0.05E+00,+0.05E+00,-0.05E+00,+13.22E+00,-16.18E+00,+2.61E+00,-8.050E+00
2,05/2/2026,18:37:26.863,-0.09E+00,-0.05E+00,+0.05E+00,+0.00E+00,+13.02E+00,-16.27E+00,+2.88E+00,-8.088E+00
2,05/2/2026,18:37:26.863,-0.09E+00,-0.05E+00,+0.05E+00,+0.00E+00,+12.82E+00,-16.34E+00,+3.16E+00,-8.118E+00
2,05/2/2026,18:37:26.863,-0.09E+00,-0.05E+00,+0.05E+00,+0.00E+00,+12.62E+00,-16.42E+00,+3.43E+00,-8.157E+00
2,05/2/2026,18:37:26.863,-0.09E+00,-0.05E+00,+0.05E+00,-0.05E+00,+12.42E+00,-16.48E+00,+3.71E+00,-8.195E+00
2,05/2/2026,18:37:26.863,-0.09E+00,-0.05E+00,+0.05E+00,-0.05E+00,+12.22E+00,-16.56E+00,+3.98E+00,-8.225E+00
2,05/2/2026,18:37:26.863,-0.09E+00,-0.05E+00,+0.00E+00,+0.00E+00,+12.03E+00,-16.63E+00,+4.24E+00,-8.256E+00
2,05/2/2026,18:37:26.863,-0.09E+00,-0.05E+00,+0.00E+00,+0.00E+00,+11.81E+00,-16.69E+00,+4.50E+00,-8.294E+00
2,05/2/2026,18:37:26.863,-0.09E+00,-0.05E+00,+0.05E+00,+0.00E+00,+11.61E+00,-16.77E+00,+4.78E+00,-8.317E+00
2,05/2/2026,18:37:26.863,-0.09E+00,-0.05E+00,+0.05E+00,-0.05E+00,+11.41E+00,-16.83E+00,+5.05E+00,-8.347E+00
2,05/2/2026,18:37:26.863,-0.09E+00,-0.05E+00,+0.05E+00,-0.05E+00,+11.22E+00,-16.88E+00,+5.31E+00,-8.378E+00
2,05/2/2026,18:37:26.864,-0.09E+00,-0.05E+00,+0.05E+00,-0.05E+00,+11.00E+00,-16.94E+00,+5.57E+00,-8.401E+00
2,05/2/2026,18:37:26.864,-0.09E+00,-0.05E+00,+0.05E+00,+0.00E+00,+10.80E+00,-16.98E+00,+5.83E+00,-8.431E+00
2,05/2/2026,18:37:26.864,-0.09E+00,-0.05E+00,+0.05E+00,+0.00E+00,+10.59E+00,-17.03E+00,+6.07E+00,-8.454E+00
2,05/2/2026,18:37:26.864,-0.09E+00,-0.05E+00,+0.05E+00,+0.00E+00,+10.38E+00,-17.08E+00,+6.33E+00,-8.469E+00
2,05/2/2026,18:37:26.864,-0.09E+00,-0.05E+00,+0.05E+00,+0.00E+00,+10.18E+00,-17.12E+00,+6.59E+00,-8.492E+00
2,05/2/2026,18:37:26.864,-0.09E+00,-0.05E+00,+0.05E+00,+0.00E+00,+9.96E+00,-17.15E+00,+6.84E+00,-8.508E+00
2,05/2/2026,18:37:26.864,-0.09E+00,-0.05E+00,+0.00E+00,-0.05E+00,+9.75E+00,-17.20E+00,+7.08E+00,-8.523E+00
2,05/2/2026,18:37:26.864,-0.09E+00,-0.05E+00,+0.00E+00,+0.00E+00,+9.54E+00,-17.23E+00,+7.32E+00,-8.546E+00
2,05/2/2026,18:37:26.864,-0.09E+00,-0.05E+00,+0.00E+00,+0.00E+00,+9.34E+00,-17.26E+00,+7.57E+00,-8.561E+00
2,05/2/2026,18:37:26.864,-0.09E+00,-0.05E+00,+0.00E+00,-0.05E+00,+9.14E+00,-17.29E+00,+7.80E+00,-8.569E+00
2,05/2/2026,18:37:26.864,-0.09E+00,-0.05E+00,+0.05E+00,-0.05E+00,+8.94E+00,-17.32E+00,+8.03E+00,-8.584E+00
2,05/2/2026,18:37:26.864,-0.09E+00,-0.05E+00,+0.05E+00,-0.05E+00,+8.73E+00,-17.35E+00,+8.26E+00,-8.591E+00
2,05/2/2026,18:37:26.864,-0.09E+00,-0.05E+00,+0.00E+00,-0.05E+00,+8.53E+00,-17.37E+00,+8.50E+00,-8.599E+00
2,05/2/2026,18:37:26.864,-0.09E+00,-0.05E+00,+0.05E+00,+0.00E+00,+8.30E+00,-17.40E+00,+8.74E+00,-8.614E+00
2,05/2/2026,18:37:26.864,-0.09E+00,-0.05E+00,+0.05E+00,+0.00E+00,+8.07E+00,-17.41E+00,+8.97E+00,-8.622E+00
2,05/2/2026,18:37:26.864,-0.09E+00,-0.05E+00,+0.00E+00,-0.05E+00,+7.86E+00,-17.43E+00,+9.22E+00,-8.630E+00
2,05/2/2026,18:37:26.864,-0.09E+00,-0.05E+00,+0.00E+00,+0.00E+00,+7.63E+00,-17.44E+00,+9.45E+00,-8.630E+00
2,05/2/2026,18:37:26.864,-0.09E+00,-0.05E+00,+0.00E+00,+0.00E+00,+7.39E+00,-17.46E+00,+9.71E+00,-8.637E+00
2,05/2/2026,18:37:26.864,-0.09E+00,-0.05E+00,+0.00E+00,-0.05E+00,+7.16E+00,-17.46E+00,+9.93E+00,-8.645E+00
2,05/2/2026,18:37:26.864,-0.09E+00,-0.05E+00,+0.05E+00,-0.05E+00,+6.93E+00,-17.47E+00,+10.18E+00,-8.645E+00
2,05/2/2026,18:37:26.865,-0.09E+00,-0.05E+00,+0.00E+00,+0.00E+00,+6.71E+00,-17.47E+00,+10.41E+00,-8.645E+00
2,05/2/2026,18:37:26.865,-0.09E+00,-0.05E+00,+0.05E+00,+0.00E+00,+6.47E+00,-17.47E+00,+10.64E+00,-8.645E+00
2,05/2/2026,18:37:26.865,-0.09E+00,-0.05E+00,+0.05E+00,+0.00E+00,+6.24E+00,-17.47E+00,+10.88E+00,-8.637E+00
2,05/2/2026,18:37:26.865,-0.09E+00,-0.05E+00,+0.05E+00,+0.00E+00,+6.00E+00,-17.47E+00,+11.11E+00,-8.637E+00
2,05/2/2026,18:37:26.865,-0.09E+00,-0.05E+00,+0.05E+00,-0.05E+00,+5.77E+00,-17.47E+00,+11.35E+00,-8.637E+00
2,05/2/2026,18:37:26.865,-0.09E+00,-0.05E+00,+0.05E+00,-0.05E+00,+5.52E+00,-17.46E+00,+11.58E+00,-8.630E+00
2,05/2/2026,18:37:26.865,-0.09E+00,-0.05E+00,+0.05E+00,+0.00E+00,+5.30E+00,-17.44E+00,+11.80E+00,-8.622E+00
2,05/2/2026,18:37:26.865,-0.09E+00,-0.05E+00,+0.05E+00,+0.00E+00,+5.07E+00,-17.43E+00,+12.01E+00,-8.607E+00
2,05/2/2026,18:37:26.865,-0.09E+00,-0.05E+00,+0.05E+00,+0.00E+00,+4.82E+00,-17.40E+00,+12.21E+00,-8.591E+00
2,05/2/2026,18:37:26.865,-0.09E+00,-0.05E+00,+0.05E+00,+0.00E+00,+4.59E+00,-17.35E+00,+12.41E+00,-8.576E+00
2,05/2/2026,18:37:26.865,-0.05E+00,-0.05E+00,+0.05E+00,+0.00E+00,+4.35E+00,-17.31E+00,+12.60E+00,-8.546E+00
2,05/2/2026,18:37:26.865,-0.09E+00,-0.05E+00,+0.00E+00,+0.00E+00,+4.10E+00,-17.23E+00,+12.77E+00,-8.508E+00
2,05/2/2026,18:37:26.865,-0.09E+00,-0.05E+00,+0.05E+00,+0.00E+00,+3.86E+00,-17.15E+00,+12.94E+00,-8.469E+00
2,05/2/2026,18:37:26.865,-0.09E+00,-0.05E+00,+0.05E+00,-0.05E+00,+3.60E+00,-17.06E+00,+13.11E+00,-8.424E+00
2,05/2/2026,18:37:26.865,-0.09E+00,-0.05E+00,+0.05E+00,+0.00E+00,+3.34E+00,-16.97E+00,+13.26E+00,-8.370E+00
2,05/2/2026,18:37:26.865,-0.09E+00,-0.05E+00,+0.05E+00,+0.00E+00,+3.08E+00,-16.86E+00,+13.40E+00,-8.317E+00
2,05/2/2026,18:37:26.865,-0.09E+00,-0.05E+00,+0.05E+00,+0.00E+00,+2.82E+00,-16.74E+00,+13.55E+00,-8.256E+00
2,05/2/2026,18:37:26.865,-0.09E+00,-0.05E+00,+0.05E+00,+0.00E+00,+2.56E+00,-16.62E+00,+13.69E+00,-8.195E+00
2,05/2/2026,18:37:26.865,-0.09E+00,-0.05E+00,+0.05E+00,+0.00E+00,+2.30E+00,-16.50E+00,+13.83E+00,-8.134E+00
2,05/2/2026,18:37:26.865,-0.09E+00,-0.05E+00,+0.05E+00,-0.05E+00,+2.04E+00,-16.37E+00,+13.96E+00,-8.065E+00
2,05/2/2026,18:37:26.866,-0.09E+00,-0.05E+00,+0.05E+00,-0.05E+00,+1.77E+00,-16.22E+00,+14.09E+00,-7.996E+00
2,05/2/2026,18:37:26.866,-0.09E+00,-0.05E+00,+0.00E+00,+0.00E+00,+1.50E+00,-16.08E+00,+14.22E+00,-7.920E+00
2,05/2/2026,18:37:26.866,-0.09E+00,-0.05E+00,+0.00E+00,+0.00E+00,+1.22E+00,-15.93E+00,+14.34E+00,-7.844E+00
2,05/2/2026,18:37:26.866,-0.09E+00,-0.05E+00,+0.05E+00,+0.00E+00,+0.93E+00,-15.78E+00,+14.47E+00,-7.767E+00
2,05/2/2026,18:37:26.866,-0.09E+00,-0.05E+00,+0.05E+00,+0.00E+00,+0.66E+00,-15.61E+00,+14.59E+00,-7.684E+00
2,05/2/2026,18:37:26.866,-0.09E+00,-0.05E+00,+0.00E+00,+0.00E+00,+0.38E+00,-15.44E+00,+14.70E+00,-7.600E+00
2,05/2/2026,18:37:26.866,-0.09E+00,-0.05E+00,+0.00E+00,+0.00E+00,+0.11E+00,-15.29E+00,+14.80E+00,-7.516E+00
2,05/2/2026,18:37:26.866,-0.09E+00,-0.05E+00,+0.05E+00,+0.00E+00,-0.18E+00,-15.11E+00,+14.92E+00,-7.432E+00
2,05/2/2026,18:37:26.866,-0.09E+00,-0.05E+00,+0.05E+00,+0.00E+00,-0.46E+00,-14.94E+00,+15.02E+00,-7.348E+00
2,05/2/2026,18:37:26.866,-0.09E+00,-0.05E+00,+0.00E+00,-0.05E+00,-0.73E+00,-14.76E+00,+15.14E+00,-7.256E+00
2,05/2/2026,18:37:26.866,-0.09E+00,-0.05E+00,+0.00E+00,+0.00E+00,-1.02E+00,-14.59E+00,+15.23E+00,-7.165E+00
2,05/2/2026,18:37:26.866,-0.09E+00,-0.05E+00,+0.05E+00,+0.00E+00,-1.30E+00,-14.39E+00,+15.34E+00,-7.073E+00
2,05/2/2026,18:37:26.866,-0.09E+00,-0.05E+00,+0.05E+00,-0.05E+00,-1.59E+00,-14.21E+00,+15.43E+00,-6.982E+00
2,05/2/2026,18:37:26.866,-0.09E+00,-0.05E+00,+0.00E+00,+0.00E+00,-1.88E+00,-14.02E+00,+15.52E+00,-6.882E+00
2,05/2/2026,18:37:26.866,-0.09E+00,-0.05E+00,+0.05E+00,+0.00E+00,-2.15E+00,-13.83E+00,+15.61E+00,-6.791E+00
2,05/2/2026,18:37:26.866,-0.09E+00,-0.05E+00,+0.05E+00,-0.05E+00,-2.44E+00,-13.64E+00,+15.72E+00,-6.692E+00
2,05/2/2026,18:37:26.866,-0.09E+00,-0.05E+00,+0.05E+00,+0.00E+00,-2.72E+00,-13.46E+00,+15.79E+00,-6.592E+00
2,05/2/2026,18:37:26.866,-0.09E+00,-0.05E+00,+0.05E+00,+0.00E+00,-2.99E+00,-13.26E+00,+15.87E+00,-6.493E+00
2,05/2/2026,18:37:26.866,-0.09E+00,-0.05E+00,+0.00E+00,+0.00E+00,-3.27E+00,-13.05E+00,+15.95E+00,-6.394E+00
2,05/2/2026,18:37:26.866,-0.09E+00,-0.05E+00,+0.05E+00,-0.05E+00,-3.53E+00,-12.86E+00,+16.02E+00,-6.295E+00
2,05/2/2026,18:37:26.867,-0.09E+00,-0.05E+00,+0.05E+00,+0.00E+00,-3.80E+00,-12.67E+00,+16.08E+00,-6.196E+00
2,05/2/2026,18:37:26.867,-0.05E+00,-0.05E+00,+0.00E+00,+0.00E+00,-4.07E+00,-12.45E+00,+16.15E+00,-6.096E+00
2,05/2/2026,18:37:26.867,-0.09E+00,-0.05E+00,+0.05E+00,+0.00E+00,-4.33E+00,-12.25E+00,+16.21E+00,-5.990E+00
2,05/2/2026,18:37:26.867,-0.09E+00,-0.05E+00,+0.05E+00,-0.05E+00,-4.59E+00,-12.06E+00,+16.27E+00,-5.890E+00
2,05/2/2026,18:37:26.867,-0.09E+00,-0.05E+00,+0.05E+00,-0.05E+00,-4.85E+00,-11.84E+00,+16.31E+00,-5.784E+00
2,05/2/2026,18:37:26.867,-0.05E+00,-0.05E+00,+0.00E+00,+0.00E+00,-5.10E+00,-11.63E+00,+16.36E+00,-5.684E+00
2,05/2/2026,18:37:26.867,-0.05E+00,-0.05E+00,+0.00E+00,+0.00E+00,-5.36E+00,-11.43E+00,+16.42E+00,-5.578E+00
2,05/2/2026,18:37:26.867,-0.09E+00,-0.05E+00,+0.05E+00,+0.00E+00,-5.62E+00,-11.23E+00,+16.47E+00,-5.471E+00
2,05/2/2026,18:37:26.867,-0.09E+00,-0.05E+00,+0.05E+00,-0.05E+00,-5.86E+00,-11.02E+00,+16.51E+00,-5.372E+00
2,05/2/2026,18:37:26.867,-0.09E+00,-0.05E+00,+0.05E+00,+0.00E+00,-6.12E+00,-10.80E+00,+16.56E+00,-5.265E+00
2,05/2/2026,18:37:26.867,-0.09E+00,-0.05E+00,+0.05E+00,+0.00E+00,-6.36E+00,-10.59E+00,+16.60E+00,-5.166E+00
2,05/2/2026,18:37:26.867,-0.09E+00,-0.05E+00,+0.05E+00,+0.00E+00,-6.62E+00,-10.39E+00,+16.63E+00,-5.059E+00
2,05/2/2026,18:37:26.867,-0.09E+00,-0.05E+00,+0.05E+00,+0.00E+00,-6.87E+00,-10.18E+00,+16.66E+00,-4.952E+00
2,05/2/2026,18:37:26.867,-0.14E+00,-0.05E+00,+0.00E+00,-0.05E+00,-7.11E+00,-9.98E+00,+16.71E+00,-4.853E+00
2,05/2/2026,18:37:26.867,-0.09E+00,-0.05E+00,+0.00E+00,-0.05E+00,-7.36E+00,-9.75E+00,+16.74E+00,-4.746E+00
2,05/2/2026,18:37:26.867,-0.09E+00,-0.05E+00,+0.05E+00,+0.00E+00,-7.58E+00,-9.54E+00,+16.77E+00,-4.639E+00
2,05/2/2026,18:37:26.867,-0.09E+00,-0.05E+00,+0.00E+00,+0.00E+00,-7.83E+00,-9.34E+00,+16.79E+00,-4.525E+00
2,05/2/2026,18:37:26.867,-0.09E+00,-0.05E+00,+0.05E+00,-0.05E+00,-8.07E+00,-9.11E+00,+16.82E+00,-4.418E+00
2,05/2/2026,18:37:26.867,-0.09E+00,-0.05E+00,+0.05E+00,-0.05E+00,-8.30E+00,-8.90E+00,+16.83E+00,-4.311E+00
2,05/2/2026,18:37:26.867,-0.09E+00,-0.05E+00,+0.05E+00,+0.00E+00,-8.55E+00,-8.67E+00,+16.85E+00,-4.197E+00
2,05/2/2026,18:37:26.868,-0.09E+00,-0.05E+00,+0.05E+00,-0.05E+00,-8.79E+00,-8.44E+00,+16.86E+00,-4.090E+00
2,05/2/2026,18:37:26.868,-0.05E+00,-0.05E+00,+0.00E+00,+0.00E+00,-9.02E+00,-8.23E+00,+16.88E+00,-3.975E+00
2,05/2/2026,18:37:26.868,-0.09E+00,-0.05E+00,+0.00E+00,+0.00E+00,-9.26E+00,-8.00E+00,+16.88E+00,-3.861E+00
2,05/2/2026,18:37:26.868,-0.09E+00,-0.05E+00,+0.05E+00,+0.00E+00,-9.49E+00,-7.77E+00,+16.89E+00,-3.746E+00
2,05/2/2026,18:37:26.868,-0.09E+00,-0.05E+00,+0.05E+00,-0.05E+00,-9.74E+00,-7.54E+00,+16.91E+00,-3.632E+00
2,05/2/2026,18:37:26.868,-0.09E+00,-0.05E+00,+0.05E+00,+0.00E+00,-9.98E+00,-7.29E+00,+16.91E+00,-3.517E+00
2,05/2/2026,18:37:26.868,-0.09E+00,-0.05E+00,+0.05E+00,+0.00E+00,-10.21E+00,-7.07E+00,+16.91E+00,-3.395E+00
2,05/2/2026,18:37:26.868,-0.09E+00,-0.05E+00,+0.05E+00,+0.00E+00,-10.45E+00,-6.84E+00,+16.91E+00,-3.281E+00
2,05/2/2026,18:37:26.868,-0.09E+00,-0.05E+00,+0.00E+00,+0.00E+00,-10.70E+00,-6.59E+00,+16.91E+00,-3.159E+00
2,05/2/2026,18:37:26.868,-0.09E+00,-0.05E+00,+0.05E+00,+0.00E+00,-10.93E+00,-6.35E+00,+16.91E+00,-3.044E+00
2,05/2/2026,18:37:26.868,-0.09E+00,-0.05E+00,+0.05E+00,+0.00E+00,-11.17E+00,-6.10E+00,+16.91E+00,-2.922E+00
2,05/2/2026,18:37:26.868,-0.09E+00,-0.05E+00,+0.00E+00,+0.00E+00,-11.40E+00,-5.86E+00,+16.91E+00,-2.800E+00
2,05/2/2026,18:37:26.868,-0.05E+00,-0.05E+00,+0.05E+00,-0.05E+00,-11.63E+00,-5.63E+00,+16.89E+00,-2.678E+00
2,05/2/2026,18:37:26.868,-0.09E+00,-0.05E+00,+0.05E+00,-0.05E+00,-11.84E+00,-5.39E+00,+16.88E+00,-2.564E+00
2,05/2/2026,18:37:26.868,-0.09E+00,-0.05E+00,+0.05E+00,+0.00E+00,-12.06E+00,-5.16E+00,+16.85E+00,-2.442E+00
2,05/2/2026,18:37:26.868,-0.09E+00,-0.05E+00,+0.05E+00,-0.05E+00,-12.27E+00,-4.91E+00,+16.83E+00,-2.327E+00
2,05/2/2026,18:37:26.868,-0.09E+00,-0.05E+00,+0.05E+00,+0.00E+00,-12.48E+00,-4.67E+00,+16.80E+00,-2.205E+00
2,05/2/2026,18:37:26.868,-0.09E+00,-0.05E+00,+0.05E+00,+0.00E+00,-12.70E+00,-4.43E+00,+16.76E+00,-2.083E+00
2,05/2/2026,18:37:26.868,-0.09E+00,-0.05E+00,+0.00E+00,-0.05E+00,-12.89E+00,-4.18E+00,+16.71E+00,-1.961E+00
2,05/2/2026,18:37:26.868,-0.09E+00,-0.05E+00,+0.00E+00,-0.05E+00,-13.08E+00,-3.92E+00,+16.63E+00,-1.839E+00
2,05/2/2026,18:37:26.869,-0.09E+00,-0.05E+00,+0.05E+00,+0.00E+00,-13.26E+00,-3.66E+00,+16.56E+00,-1.702E+00
2,05/2/2026,18:37:26.869,-0.09E+00,-0.05E+00,+0.00E+00,+0.00E+00,-13.43E+00,-3.40E+00,+16.45E+00,-1.572E+00
2,05/2/2026,18:37:26.869,-0.09E+00,-0.05E+00,+0.00E+00,+0.00E+00,-13.58E+00,-3.13E+00,+16.34E+00,-1.442E+00
2,05/2/2026,18:37:26.869,-0.09E+00,-0.05E+00,+0.00E+00,-0.05E+00,-13.73E+00,-2.85E+00,+16.24E+00,-1.305E+00
2,05/2/2026,18:37:26.869,-0.09E+00,-0.05E+00,+0.05E+00,-0.05E+00,-13.87E+00,-2.59E+00,+16.10E+00,-1.167E+00
2,05/2/2026,18:37:26.869,-0.05E+00,-0.05E+00,+0.05E+00,+0.00E+00,-14.01E+00,-2.32E+00,+15.98E+00,-1.038E+00
2,05/2/2026,18:37:26.869,-0.09E+00,-0.05E+00,+0.00E+00,+0.00E+00,-14.15E+00,-2.06E+00,+15.84E+00,-0.900E+00
2,05/2/2026,18:37:26.869,-0.09E+00,-0.05E+00,+0.05E+00,+0.00E+00,-14.28E+00,-1.79E+00,+15.70E+00,-0.771E+00
2,05/2/2026,18:37:26.869,-0.09E+00,-0.05E+00,+0.05E+00,+0.00E+00,-14.42E+00,-1.51E+00,+15.57E+00,-0.633E+00
2,05/2/2026,18:37:26.869,-0.09E+00,-0.05E+00,+0.05E+00,+0.00E+00,-14.54E+00,-1.24E+00,+15.43E+00,-0.504E+00
2,05/2/2026,18:37:26.869,-0.09E+00,-0.05E+00,+0.05E+00,+0.00E+00,-14.68E+00,-0.98E+00,+15.28E+00,-0.366E+00
2,05/2/2026,18:37:26.869,-0.09E+00,-0.05E+00,+0.05E+00,+0.00E+00,-14.80E+00,-0.70E+00,+15.14E+00,-0.237E+00
2,05/2/2026,18:37:26.869,-0.09E+00,-0.05E+00,+0.05E+00,-0.05E+00,-14.92E+00,-0.44E+00,+14.99E+00,-0.107E+00
2,05/2/2026,18:37:26.869,-0.09E+00,-0.05E+00,+0.05E+00,-0.05E+00,-15.03E+00,-0.18E+00,+14.83E+00,+0.031E+00
2,05/2/2026,18:37:26.869,-0.09E+00,-0.05E+00,+0.05E+00,+0.00E+00,-15.14E+00,+0.09E+00,+14.68E+00,+0.160E+00
2,05/2/2026,18:37:26.869,-0.09E+00,-0.05E+00,+0.05E+00,+0.00E+00,-15.23E+00,+0.37E+00,+14.50E+00,+0.298E+00
2,05/2/2026,18:37:26.869,-0.09E+00,-0.05E+00,+0.05E+00,-0.05E+00,-15.32E+00,+0.63E+00,+14.33E+00,+0.427E+00
2,05/2/2026,18:37:26.869,-0.09E+00,-0.05E+00,+0.05E+00,-0.05E+00,-15.40E+00,+0.90E+00,+14.13E+00,+0.565E+00
2,05/2/2026,18:37:26.869,-0.09E+00,-0.05E+00,+0.05E+00,+0.00E+00,-15.49E+00,+1.19E+00,+13.95E+00,+0.702E+00
2,05/2/2026,18:37:26.869,-0.09E+00,-0.05E+00,+0.05E+00,+0.00E+00,-15.58E+00,+1.48E+00,+13.75E+00,+0.847E+00
2,05/2/2026,18:37:26.870,-0.09E+00,-0.05E+00,+0.05E+00,+0.00E+00,-15.67E+00,+1.75E+00,+13.55E+00,+0.984E+00
2,05/2/2026,18:37:26.870,-0.09E+00,-0.05E+00,+0.00E+00,+0.00E+00,-15.75E+00,+2.04E+00,+13.35E+00,+1.129E+00
2,05/2/2026,18:37:26.870,-0.09E+00,-0.05E+00,+0.00E+00,+0.00E+00,-15.84E+00,+2.32E+00,+13.15E+00,+1.274E+00
2,05/2/2026,18:37:26.870,-0.09E+00,-0.05E+00,+0.05E+00,-0.05E+00,-15.92E+00,+2.61E+00,+12.94E+00,+1.412E+00
2,05/2/2026,18:37:26.870,-0.09E+00,-0.05E+00,+0.05E+00,-0.05E+00,-15.99E+00,+2.90E+00,+12.74E+00,+1.549E+00
2,05/2/2026,18:37:26.870,-0.09E+00,-0.05E+00,+0.05E+00,+0.00E+00,-16.08E+00,+3.17E+00,+12.54E+00,+1.694E+00
2,05/2/2026,18:37:26.870,-0.09E+00,-0.05E+00,+0.05E+00,+0.00E+00,-16.16E+00,+3.45E+00,+12.35E+00,+1.831E+00
2,05/2/2026,18:37:26.870,-0.09E+00,-0.05E+00,+0.05E+00,-0.05E+00,-16.22E+00,+3.72E+00,+12.15E+00,+1.969E+00
2,05/2/2026,18:37:26.870,-0.09E+00,-0.05E+00,+0.00E+00,-0.05E+00,-16.30E+00,+4.00E+00,+11.93E+00,+2.098E+00
2,05/2/2026,18:37:26.870,-0.09E+00,-0.05E+00,+0.05E+00,+0.00E+00,-16.37E+00,+4.27E+00,+11.74E+00,+2.236E+00
2,05/2/2026,18:37:26.870,-0.09E+00,-0.05E+00,+0.05E+00,+0.00E+00,-16.44E+00,+4.55E+00,+11.52E+00,+2.373E+00
2,05/2/2026,18:37:26.870,-0.09E+00,-0.05E+00,+0.00E+00,+0.00E+00,-16.50E+00,+4.82E+00,+11.31E+00,+2.510E+00
2,05/2/2026,18:37:26.870,-0.09E+00,-0.05E+00,+0.05E+00,+0.00E+00,-16.54E+00,+5.10E+00,+11.09E+00,+2.648E+00
2,05/2/2026,18:37:26.870,-0.09E+00,-0.05E+00,+0.05E+00,+0.00E+00,-16.60E+00,+5.37E+00,+10.88E+00,+2.777E+00
2,05/2/2026,18:37:26.870,-0.09E+00,-0.05E+00,+0.05E+00,-0.05E+00,-16.66E+00,+5.63E+00,+10.67E+00,+2.907E+00
2,05/2/2026,18:37:26.870,-0.09E+00,-0.05E+00,+0.00E+00,-0.05E+00,-16.71E+00,+5.91E+00,+10.44E+00,+3.044E+00
2,05/2/2026,18:37:26.870,-0.09E+00,-0.05E+00,+0.05E+00,+0.00E+00,-16.76E+00,+6.17E+00,+10.22E+00,+3.174E+00
2,05/2/2026,18:37:26.870,-0.09E+00,-0.05E+00,+0.05E+00,+0.00E+00,-16.80E+00,+6.42E+00,+10.01E+00,+3.304E+00
2,05/2/2026,18:37:26.870,-0.09E+00,-0.05E+00,+0.05E+00,+0.00E+00,-16.85E+00,+6.68E+00,+9.80E+00,+3.434E+00
2,05/2/2026,18:37:26.870,-0.09E+00,-0.05E+00,+0.00E+00,+0.00E+00,-16.88E+00,+6.94E+00,+9.58E+00,+3.556E+00
2,05/2/2026,18:37:26.871,-0.09E+00,-0.05E+00,+0.05E+00,+0.00E+00,-16.92E+00,+7.20E+00,+9.37E+00,+3.678E+00
2,05/2/2026,18:37:26.871,-0.09E+00,-0.05E+00,+0.05E+00,+0.00E+00,-16.95E+00,+7.45E+00,+9.16E+00,+3.807E+00
2,05/2/2026,18:37:26.871,-0.09E+00,-0.05E+00,+0.00E+00,+0.00E+00,-16.98E+00,+7.69E+00,+8.94E+00,+3.922E+00
2,05/2/2026,18:37:26.871,-0.09E+00,+0.00E+00,+0.05E+00,+0.00E+00,-17.02E+00,+7.94E+00,+8.73E+00,+4.044E+00
2,05/2/2026,18:37:26.871,-0.09E+00,-0.05E+00,+0.05E+00,+0.00E+00,-17.03E+00,+8.18E+00,+8.52E+00,+4.166E+00
2,05/2/2026,18:37:26.871,-0.09E+00,-0.05E+00,+0.05E+00,+0.00E+00,-17.06E+00,+8.41E+00,+8.29E+00,+4.280E+00
2,05/2/2026,18:37:26.871,-0.09E+00,-0.05E+00,+0.00E+00,+0.00E+00,-17.08E+00,+8.67E+00,+8.06E+00,+4.403E+00
2,05/2/2026,18:37:26.871,-0.09E+00,-0.05E+00,+0.05E+00,-0.05E+00,-17.09E+00,+8.91E+00,+7.83E+00,+4.525E+00
2,05/2/2026,18:37:26.871,-0.09E+00,-0.05E+00,+0.05E+00,-0.05E+00,-17.11E+00,+9.16E+00,+7.60E+00,+4.647E+00
2,05/2/2026,18:37:26.871,-0.09E+00,-0.05E+00,+0.05E+00,+0.00E+00,-17.11E+00,+9.40E+00,+7.37E+00,+4.769E+00
2,05/2/2026,18:37:26.871,-0.09E+00,-0.05E+00,+0.05E+00,+0.00E+00,-17.12E+00,+9.64E+00,+7.13E+00,+4.891E+00
2,05/2/2026,18:37:26.871,-0.09E+00,-0.05E+00,+0.05E+00,+0.00E+00,-17.14E+00,+9.89E+00,+6.90E+00,+5.005E+00
2,05/2/2026,18:37:26.871,-0.09E+00,-0.05E+00,+0.00E+00,-0.05E+00,-17.14E+00,+10.13E+00,+6.65E+00,+5.127E+00
2,05/2/2026,18:37:26.871,-0.09E+00,-0.05E+00,+0.05E+00,+0.00E+00,-17.14E+00,+10.36E+00,+6.42E+00,+5.242E+00
2,05/2/2026,18:37:26.871,-0.09E+00,-0.05E+00,+0.05E+00,+0.00E+00,-17.14E+00,+10.59E+00,+6.20E+00,+5.356E+00
2,05/2/2026,18:37:26.871,-0.05E+00,-0.05E+00,+0.05E+00,+0.00E+00,-17.14E+00,+10.83E+00,+5.95E+00,+5.478E+00
2,05/2/2026,18:37:26.871,-0.09E+00,-0.05E+00,+0.00E+00,-0.05E+00,-17.14E+00,+11.06E+00,+5.72E+00,+5.585E+00
2,05/2/2026,18:37:26.871,-0.09E+00,-0.05E+00,+0.05E+00,-0.05E+00,-17.14E+00,+11.29E+00,+5.48E+00,+5.700E+00
2,05/2/2026,18:37:26.871,-0.09E+00,-0.05E+00,+0.05E+00,+0.00E+00,-17.12E+00,+11.52E+00,+5.23E+00,+5.814E+00
2,05/2/2026,18:37:26.871,-0.09E+00,-0.05E+00,+0.05E+00,-0.05E+00,-17.11E+00,+11.75E+00,+4.99E+00,+5.929E+00
2,05/2/2026,18:37:26.872,-0.09E+00,-0.05E+00,+0.05E+00,-0.05E+00,-17.09E+00,+11.98E+00,+4.75E+00,+6.035E+00
2,05/2/2026,18:37:26.872,-0.09E+00,-0.05E+00,+0.05E+00,+0.00E+00,-17.06E+00,+12.19E+00,+4.50E+00,+6.142E+00
2,05/2/2026,18:37:26.872,-0.09E+00,-0.05E+00,+0.05E+00,+0.00E+00,-17.03E+00,+12.41E+00,+4.27E+00,+6.249E+00
2,05/2/2026,18:37:26.872,-0.09E+00,-0.05E+00,+0.05E+00,+0.00E+00,-16.98E+00,+12.60E+00,+4.01E+00,+6.348E+00
2,05/2/2026,18:37:26.872,-0.09E+00,-0.05E+00,+0.05E+00,+0.00E+00,-16.94E+00,+12.80E+00,+3.77E+00,+6.447E+00
2,05/2/2026,18:37:26.872,-0.09E+00,-0.05E+00,+0.05E+00,+0.00E+00,-16.88E+00,+12.99E+00,+3.53E+00,+6.531E+00
2,05/2/2026,18:37:26.872,-0.09E+00,-0.05E+00,+0.05E+00,+0.00E+00,-16.79E+00,+13.17E+00,+3.27E+00,+6.623E+00
2,05/2/2026,18:37:26.872,-0.09E+00,-0.05E+00,+0.05E+00,+0.00E+00,-16.71E+00,+13.34E+00,+3.02E+00,+6.707E+00
2,05/2/2026,18:37:26.872,-0.09E+00,-0.05E+00,+0.05E+00,-0.05E+00,-16.62E+00,+13.49E+00,+2.76E+00,+6.783E+00
2,05/2/2026,18:37:26.872,-0.09E+00,-0.05E+00,+0.05E+00,+0.00E+00,-16.51E+00,+13.66E+00,+2.50E+00,+6.859E+00
2,05/2/2026,18:37:26.872,-0.05E+00,-0.05E+00,+0.00E+00,+0.00E+00,-16.42E+00,+13.81E+00,+2.24E+00,+6.936E+00
2,05/2/2026,18:37:26.872,-0.09E+00,-0.05E+00,+0.00E+00,+0.00E+00,-16.31E+00,+13.96E+00,+1.98E+00,+7.012E+00
2,05/2/2026,18:37:26.872,-0.09E+00,-0.05E+00,+0.05E+00,+0.00E+00,-16.19E+00,+14.10E+00,+1.72E+00,+7.081E+00
2,05/2/2026,18:37:26.872,-0.09E+00,-0.05E+00,+0.05E+00,-0.05E+00,-16.07E+00,+14.25E+00,+1.46E+00,+7.157E+00
2,05/2/2026,18:37:26.872,-0.09E+00,-0.05E+00,+0.05E+00,+0.00E+00,-15.95E+00,+14.39E+00,+1.19E+00,+7.226E+00
2,05/2/2026,18:37:26.872,-0.09E+00,-0.05E+00,+0.05E+00,+0.00E+00,-15.81E+00,+14.54E+00,+0.92E+00,+7.294E+00
2,05/2/2026,18:37:26.872,-0.09E+00,-0.05E+00,+0.05E+00,-0.05E+00,-15.67E+00,+14.67E+00,+0.64E+00,+7.355E+00
2,05/2/2026,18:37:26.872,-0.09E+00,-0.05E+00,+0.00E+00,-0.05E+00,-15.53E+00,+14.80E+00,+0.37E+00,+7.424E+00
2,05/2/2026,18:37:26.872,-0.09E+00,-0.05E+00,+0.05E+00,+0.00E+00,-15.40E+00,+14.92E+00,+0.09E+00,+7.485E+00
2,05/2/2026,18:37:26.872,-0.09E+00,-0.05E+00,+0.05E+00,+0.00E+00,-15.24E+00,+15.05E+00,-0.18E+00,+7.546E+00
2,05/2/2026,18:37:26.873,-0.09E+00,-0.05E+00,+0.00E+00,+0.00E+00,-15.09E+00,+15.17E+00,-0.46E+00,+7.600E+00
2,05/2/2026,18:37:26.873,-0.09E+00,-0.05E+00,+0.05E+00,+0.00E+00,-14.92E+00,+15.29E+00,-0.73E+00,+7.661E+00
2,05/2/2026,18:37:26.873,-0.09E+00,-0.05E+00,+0.05E+00,-0.05E+00,-14.76E+00,+15.40E+00,-1.01E+00,+7.706E+00
2,05/2/2026,18:37:26.873,-0.09E+00,-0.05E+00,+0.05E+00,+0.00E+00,-14.57E+00,+15.50E+00,-1.30E+00,+7.760E+00
2,05/2/2026,18:37:26.873,-0.09E+00,-0.05E+00,+0.00E+00,+0.00E+00,-14.39E+00,+15.61E+00,-1.57E+00,+7.813E+00
2,05/2/2026,18:37:26.873,-0.05E+00,-0.05E+00,+0.00E+00,-0.05E+00,-14.19E+00,+15.70E+00,-1.86E+00,+7.859E+00
2,05/2/2026,18:37:26.873,-0.09E+00,-0.05E+00,+0.05E+00,-0.05E+00,-14.01E+00,+15.79E+00,-2.14E+00,+7.905E+00
2,05/2/2026,18:37:26.873,-0.09E+00,-0.05E+00,+0.00E+00,+0.00E+00,-13.83E+00,+15.89E+00,-2.43E+00,+7.943E+00
2,05/2/2026,18:37:26.873,-0.09E+00,-0.05E+00,+0.00E+00,+0.00E+00,-13.64E+00,+15.98E+00,-2.70E+00,+7.989E+00
2,05/2/2026,18:37:26.873,-0.09E+00,-0.05E+00,+0.05E+00,+0.00E+00,-13.44E+00,+16.05E+00,-2.98E+00,+8.027E+00
2,05/2/2026,18:37:26.873,-0.09E+00,-0.05E+00,+0.05E+00,-0.05E+00,-13.25E+00,+16.15E+00,-3.25E+00,+8.065E+00
2,05/2/2026,18:37:26.873,-0.09E+00,-0.05E+00,+0.05E+00,-0.05E+00,-13.05E+00,+16.21E+00,-3.53E+00,+8.103E+00
2,05/2/2026,18:37:26.873,-0.09E+00,-0.05E+00,+0.05E+00,-0.05E+00,-12.85E+00,+16.28E+00,-3.78E+00,+8.141E+00
2,05/2/2026,18:37:26.873,-0.09E+00,-0.05E+00,+0.05E+00,-0.05E+00,-12.65E+00,+16.36E+00,-4.06E+00,+8.172E+00
2,05/2/2026,18:37:26.873,-0.09E+00,-0.05E+00,+0.00E+00,-0.05E+00,-12.45E+00,+16.42E+00,-4.33E+00,+8.202E+00
2,05/2/2026,18:37:26.873,-0.09E+00,-0.05E+00,+0.00E+00,-0.05E+00,-12.25E+00,+16.48E+00,-4.61E+00,+8.233E+00
2,05/2/2026,18:37:26.873,-0.09E+00,-0.05E+00,+0.05E+00,+0.00E+00,-12.04E+00,+16.56E+00,-4.87E+00,+8.271E+00
2,05/2/2026,18:37:26.873,-0.09E+00,-0.05E+00,+0.00E+00,+0.00E+00,-11.84E+00,+16.62E+00,-5.14E+00,+8.302E+00
2,05/2/2026,18:37:26.873,-0.09E+00,-0.05E+00,+0.05E+00,+0.00E+00,-11.64E+00,+16.68E+00,-5.40E+00,+8.332E+00
2,05/2/2026,18:37:26.873,-0.09E+00,-0.05E+00,+0.05E+00,+0.00E+00,-11.43E+00,+16.74E+00,-5.68E+00,+8.355E+00
2,05/2/2026,18:37:26.874,-0.09E+00,-0.05E+00,+0.00E+00,+0.00E+00,-11.23E+00,+16.80E+00,-5.94E+00,+8.385E+00
2,05/2/2026,18:37:26.874,-0.09E+00,-0.05E+00,+0.00E+00,+0.00E+00,-11.02E+00,+16.85E+00,-6.20E+00,+8.401E+00
2,05/2/2026,18:37:26.874,-0.09E+00,-0.05E+00,+0.05E+00,+0.00E+00,-10.80E+00,+16.89E+00,-6.46E+00,+8.431E+00
2,05/2/2026,18:37:26.874,-0.09E+00,-0.05E+00,+0.05E+00,+0.00E+00,-10.59E+00,+16.94E+00,-6.70E+00,+8.447E+00
2,05/2/2026,18:37:26.874,-0.09E+00,-0.05E+00,+0.05E+00,+0.00E+00,-10.39E+00,+16.98E+00,-6.96E+00,+8.469E+00
2,05/2/2026,18:37:26.874,-0.09E+00,-0.05E+00,+0.05E+00,+0.00E+00,-10.18E+00,+17.02E+00,-7.20E+00,+8.485E+00
2,05/2/2026,18:37:26.874,-0.09E+00,-0.05E+00,+0.00E+00,+0.00E+00,-9.96E+00,+17.06E+00,-7.45E+00,+8.508E+00
2,05/2/2026,18:37:26.874,-0.09E+00,-0.05E+00,+0.00E+00,+0.00E+00,-9.77E+00,+17.09E+00,-7.69E+00,+8.523E+00
2,05/2/2026,18:37:26.874,-0.09E+00,-0.05E+00,+0.05E+00,+0.00E+00,-9.55E+00,+17.12E+00,-7.94E+00,+8.538E+00
2,05/2/2026,18:37:26.874,-0.09E+00,-0.05E+00,+0.05E+00,+0.00E+00,-9.35E+00,+17.15E+00,-8.16E+00,+8.546E+00
2,05/2/2026,18:37:26.874,-0.09E+00,-0.05E+00,+0.05E+00,+0.00E+00,-9.16E+00,+17.18E+00,-8.39E+00,+8.561E+00
2,05/2/2026,18:37:26.874,-0.09E+00,-0.05E+00,+0.05E+00,+0.00E+00,-8.96E+00,+17.20E+00,-8.62E+00,+8.576E+00
2,05/2/2026,18:37:26.874,-0.09E+00,-0.05E+00,+0.05E+00,+0.00E+00,-8.74E+00,+17.23E+00,-8.85E+00,+8.584E+00
2,05/2/2026,18:37:26.874,-0.09E+00,-0.05E+00,+0.00E+00,+0.00E+00,-8.53E+00,+17.26E+00,-9.10E+00,+8.591E+00
2,05/2/2026,18:37:26.874,-0.09E+00,-0.05E+00,+0.05E+00,+0.00E+00,-8.30E+00,+17.27E+00,-9.34E+00,+8.599E+00
2,05/2/2026,18:37:26.874,-0.09E+00,-0.05E+00,+0.05E+00,+0.00E+00,-8.09E+00,+17.27E+00,-9.57E+00,+8.599E+00
2,05/2/2026,18:37:26.874,-0.09E+00,-0.05E+00,+0.05E+00,+0.00E+00,-7.86E+00,+17.31E+00,-9.81E+00,+8.607E+00
2,05/2/2026,18:37:26.874,-0.09E+00,-0.05E+00,+0.05E+00,-0.05E+00,-7.61E+00,+17.31E+00,-10.06E+00,+8.614E+00
2,05/2/2026,18:37:26.874,-0.09E+00,-0.05E+00,+0.05E+00,-0.05E+00,-7.39E+00,+17.32E+00,-10.30E+00,+8.622E+00
2,05/2/2026,18:37:26.874,-0.09E+00,-0.05E+00,+0.00E+00,-0.05E+00,-7.16E+00,+17.34E+00,-10.54E+00,+8.622E+00
2,05/2/2026,18:37:26.875,-0.09E+00,-0.05E+00,+0.05E+00,+0.00E+00,-6.93E+00,+17.34E+00,-10.77E+00,+8.622E+00
2,05/2/2026,18:37:26.875,-0.09E+00,-0.05E+00,+0.05E+00,+0.00E+00,-6.70E+00,+17.34E+00,-11.00E+00,+8.622E+00
2,05/2/2026,18:37:26.875,-0.09E+00,-0.05E+00,+0.00E+00,-0.05E+00,-6.47E+00,+17.34E+00,-11.23E+00,+8.614E+00
2,05/2/2026,18:37:26.875,-0.09E+00,-0.05E+00,+0.05E+00,-0.05E+00,-6.24E+00,+17.34E+00,-11.48E+00,+8.614E+00
2,05/2/2026,18:37:26.875,-0.09E+00,-0.05E+00,+0.05E+00,+0.00E+00,-6.00E+00,+17.34E+00,-11.70E+00,+8.614E+00
2,05/2/2026,18:37:26.875,-0.09E+00,-0.05E+00,+0.00E+00,-0.05E+00,-5.75E+00,+17.32E+00,-11.93E+00,+8.607E+00
2,05/2/2026,18:37:26.875,-0.09E+00,-0.05E+00,+0.05E+00,-0.05E+00,-5.52E+00,+17.31E+00,-12.15E+00,+8.599E+00
2,05/2/2026,18:37:26.875,-0.14E+00,-0.05E+00,+0.05E+00,-0.05E+00,-5.30E+00,+17.29E+00,-12.35E+00,+8.584E+00
2,05/2/2026,18:37:26.875,-0.09E+00,-0.05E+00,+0.05E+00,+0.00E+00,-5.07E+00,+17.24E+00,-12.56E+00,+8.569E+00
2,05/2/2026,18:37:26.875,-0.09E+00,-0.05E+00,+0.05E+00,+0.00E+00,-4.84E+00,+17.21E+00,-12.76E+00,+8.553E+00
2,05/2/2026,18:37:26.875,-0.09E+00,-0.05E+00,+0.00E+00,-0.05E+00,-4.59E+00,+17.15E+00,-12.94E+00,+8.523E+00
2,05/2/2026,18:37:26.875,-0.09E+00,-0.05E+00,+0.05E+00,-0.05E+00,-4.35E+00,+17.09E+00,-13.11E+00,+8.485E+00
2,05/2/2026,18:37:26.875,-0.09E+00,-0.05E+00,+0.05E+00,+0.00E+00,-4.10E+00,+17.00E+00,-13.28E+00,+8.439E+00
2,05/2/2026,18:37:26.875,-0.09E+00,-0.05E+00,+0.05E+00,+0.00E+00,-3.85E+00,+16.91E+00,-13.44E+00,+8.393E+00
2,05/2/2026,18:37:26.875,-0.09E+00,-0.05E+00,+0.05E+00,-0.05E+00,-3.59E+00,+16.82E+00,-13.60E+00,+8.340E+00
2,05/2/2026,18:37:26.875,-0.09E+00,-0.05E+00,+0.05E+00,+0.00E+00,-3.33E+00,+16.71E+00,-13.75E+00,+8.286E+00
2,05/2/2026,18:37:26.875,-0.09E+00,-0.05E+00,+0.05E+00,+0.00E+00,-3.07E+00,+16.59E+00,-13.89E+00,+8.225E+00
2,05/2/2026,18:37:26.875,-0.09E+00,-0.05E+00,+0.05E+00,+0.00E+00,-2.81E+00,+16.47E+00,-14.02E+00,+8.164E+00
2,05/2/2026,18:37:26.875,-0.09E+00,-0.05E+00,+0.00E+00,+0.00E+00,-2.55E+00,+16.34E+00,-14.16E+00,+8.103E+00
2,05/2/2026,18:37:26.875,-0.09E+00,-0.05E+00,+0.05E+00,+0.00E+00,-2.29E+00,+16.21E+00,-14.30E+00,+8.034E+00
2,05/2/2026,18:37:26.876,-0.09E+00,-0.05E+00,+0.05E+00,+0.00E+00,-2.01E+00,+16.08E+00,-14.42E+00,+7.966E+00
2,05/2/2026,18:37:26.876,-0.09E+00,-0.05E+00,+0.05E+00,+0.00E+00,-1.74E+00,+15.93E+00,-14.56E+00,+7.890E+00
2,05/2/2026,18:37:26.876,-0.09E+00,-0.05E+00,+0.05E+00,-0.05E+00,-1.46E+00,+15.78E+00,-14.68E+00,+7.813E+00
2,05/2/2026,18:37:26.876,-0.09E+00,-0.05E+00,+0.05E+00,-0.05E+00,-1.19E+00,+15.63E+00,-14.80E+00,+7.729E+00
2,05/2/2026,18:37:26.876,-0.09E+00,-0.05E+00,+0.05E+00,+0.00E+00,-0.90E+00,+15.46E+00,-14.91E+00,+7.653E+00
2,05/2/2026,18:37:26.876,-0.09E+00,-0.05E+00,+0.05E+00,+0.00E+00,-0.63E+00,+15.29E+00,-15.03E+00,+7.577E+00
2,05/2/2026,18:37:26.876,-0.09E+00,-0.05E+00,+0.05E+00,-0.05E+00,-0.35E+00,+15.12E+00,-15.15E+00,+7.485E+00
2,05/2/2026,18:37:26.876,-0.09E+00,-0.05E+00,+0.05E+00,+0.00E+00,-0.06E+00,+14.95E+00,-15.26E+00,+7.401E+00
2,05/2/2026,18:37:26.876,-0.09E+00,-0.05E+00,+0.05E+00,+0.00E+00,+0.21E+00,+14.77E+00,-15.37E+00,+7.310E+00
2,05/2/2026,18:37:26.876,-0.05E+00,-0.05E+00,+0.05E+00,+0.00E+00,+0.50E+00,+14.59E+00,-15.47E+00,+7.218E+00
2,05/2/2026,18:37:26.876,-0.09E+00,-0.05E+00,+0.05E+00,+0.00E+00,+0.79E+00,+14.42E+00,-15.57E+00,+7.127E+00
2,05/2/2026,18:37:26.876,-0.09E+00,-0.05E+00,+0.05E+00,+0.00E+00,+1.07E+00,+14.24E+00,-15.67E+00,+7.035E+00
2,05/2/2026,18:37:26.876,-0.09E+00,-0.05E+00,+0.05E+00,-0.05E+00,+1.36E+00,+14.05E+00,-15.76E+00,+6.943E+00
2,05/2/2026,18:37:26.876,-0.09E+00,-0.05E+00,+0.00E+00,+0.00E+00,+1.65E+00,+13.87E+00,-15.86E+00,+6.852E+00
2,05/2/2026,18:37:26.876,-0.09E+00,-0.05E+00,+0.00E+00,+0.00E+00,+1.92E+00,+13.67E+00,-15.95E+00,+6.753E+00
2,05/2/2026,18:37:26.876,-0.09E+00,-0.05E+00,+0.05E+00,+0.00E+00,+2.20E+00,+13.49E+00,-16.04E+00,+6.653E+00
2,05/2/2026,18:37:26.876,-0.09E+00,-0.05E+00,+0.05E+00,+0.00E+00,+2.49E+00,+13.29E+00,-16.11E+00,+6.562E+00
2,05/2/2026,18:37:26.876,-0.09E+00,-0.05E+00,+0.00E+00,+0.00E+00,+2.75E+00,+13.09E+00,-16.19E+00,+6.455E+00
2,05/2/2026,18:37:26.876,-0.09E+00,-0.05E+00,+0.05E+00,+0.00E+00,+3.02E+00,+12.89E+00,-16.27E+00,+6.363E+00
2,05/2/2026,18:37:26.876,-0.09E+00,-0.05E+00,+0.05E+00,+0.00E+00,+3.30E+00,+12.70E+00,-16.34E+00,+6.264E+00
2,05/2/2026,18:37:26.877,-0.09E+00,-0.05E+00,+0.05E+00,-0.05E+00,+3.56E+00,+12.50E+00,-16.40E+00,+6.157E+00
2,05/2/2026,18:37:26.877,-0.09E+00,-0.05E+00,+0.05E+00,-0.05E+00,+3.83E+00,+12.30E+00,-16.47E+00,+6.058E+00
2,05/2/2026,18:37:26.877,-0.09E+00,-0.05E+00,+0.05E+00,-0.05E+00,+4.09E+00,+12.09E+00,-16.53E+00,+5.959E+00
2,05/2/2026,18:37:26.877,-0.09E+00,-0.05E+00,+0.05E+00,-0.05E+00,+4.35E+00,+11.89E+00,-16.59E+00,+5.852E+00
2,05/2/2026,18:37:26.877,-0.09E+00,-0.05E+00,+0.00E+00,+0.00E+00,+4.61E+00,+11.67E+00,-16.63E+00,+5.745E+00
2,05/2/2026,18:37:26.877,-0.09E+00,-0.05E+00,+0.00E+00,+0.00E+00,+4.87E+00,+11.48E+00,-16.69E+00,+5.646E+00
2,05/2/2026,18:37:26.877,-0.09E+00,-0.09E+00,+0.05E+00,+0.00E+00,+5.13E+00,+11.26E+00,-16.74E+00,+5.539E+00
2,05/2/2026,18:37:26.877,-0.09E+00,-0.05E+00,+0.05E+00,+0.00E+00,+5.39E+00,+11.05E+00,-16.79E+00,+5.440E+00
2,05/2/2026,18:37:26.877,-0.05E+00,-0.05E+00,+0.05E+00,+0.00E+00,+5.63E+00,+10.85E+00,-16.83E+00,+5.333E+00
2,05/2/2026,18:37:26.877,-0.09E+00,-0.05E+00,+0.00E+00,+0.00E+00,+5.89E+00,+10.64E+00,-16.88E+00,+5.227E+00
2,05/2/2026,18:37:26.877,-0.09E+00,-0.05E+00,+0.05E+00,+0.00E+00,+6.13E+00,+10.44E+00,-16.92E+00,+5.120E+00
2,05/2/2026,18:37:26.877,-0.09E+00,-0.05E+00,+0.05E+00,+0.00E+00,+6.38E+00,+10.22E+00,-16.95E+00,+5.013E+00
2,05/2/2026,18:37:26.877,-0.09E+00,-0.05E+00,+0.05E+00,-0.05E+00,+6.64E+00,+10.01E+00,-16.98E+00,+4.914E+00
2,05/2/2026,18:37:26.877,-0.09E+00,-0.05E+00,+0.00E+00,+0.00E+00,+6.88E+00,+9.80E+00,-17.03E+00,+4.807E+00
2,05/2/2026,18:37:26.877,-0.09E+00,-0.05E+00,+0.00E+00,+0.00E+00,+7.11E+00,+9.58E+00,-17.05E+00,+4.700E+00
2,05/2/2026,18:37:26.877,-0.09E+00,-0.05E+00,+0.05E+00,+0.00E+00,+7.36E+00,+9.37E+00,-17.08E+00,+4.593E+00
2,05/2/2026,18:37:26.877,-0.09E+00,-0.05E+00,+0.05E+00,+0.00E+00,+7.60E+00,+9.16E+00,-17.11E+00,+4.486E+00
2,05/2/2026,18:37:26.877,-0.09E+00,-0.05E+00,+0.05E+00,+0.00E+00,+7.84E+00,+8.94E+00,-17.14E+00,+4.372E+00
2,05/2/2026,18:37:26.877,-0.09E+00,-0.05E+00,+0.05E+00,+0.00E+00,+8.07E+00,+8.71E+00,-17.15E+00,+4.265E+00
2,05/2/2026,18:37:26.877,-0.05E+00,-0.05E+00,+0.05E+00,+0.00E+00,+8.30E+00,+8.50E+00,-17.15E+00,+4.158E+00
2,05/2/2026,18:37:26.878,-0.09E+00,-0.05E+00,+0.05E+00,-0.05E+00,+8.55E+00,+8.27E+00,-17.18E+00,+4.044E+00
2,05/2/2026,18:37:26.878,-0.09E+00,-0.05E+00,+0.00E+00,-0.05E+00,+8.79E+00,+8.04E+00,-17.18E+00,+3.929E+00
2,05/2/2026,18:37:26.878,-0.09E+00,-0.05E+00,+0.05E+00,-0.05E+00,+9.02E+00,+7.83E+00,-17.20E+00,+3.823E+00
2,05/2/2026,18:37:26.878,-0.09E+00,-0.05E+00,+0.05E+00,+0.00E+00,+9.26E+00,+7.60E+00,-17.21E+00,+3.708E+00
2,05/2/2026,18:37:26.878,-0.09E+00,-0.05E+00,+0.05E+00,+0.00E+00,+9.51E+00,+7.36E+00,-17.21E+00,+3.586E+00
2,05/2/2026,18:37:26.878,-0.09E+00,-0.05E+00,+0.00E+00,+0.00E+00,+9.74E+00,+7.13E+00,-17.23E+00,+3.472E+00
2,05/2/2026,18:37:26.878,-0.09E+00,-0.05E+00,+0.00E+00,+0.00E+00,+9.98E+00,+6.88E+00,-17.23E+00,+3.350E+00
2,05/2/2026,18:37:26.878,-0.09E+00,-0.05E+00,+0.05E+00,+0.00E+00,+10.22E+00,+6.65E+00,-17.23E+00,+3.235E+00
2,05/2/2026,18:37:26.878,-0.09E+00,-0.05E+00,+0.05E+00,+0.00E+00,+10.45E+00,+6.41E+00,-17.23E+00,+3.113E+00
2,05/2/2026,18:37:26.878,-0.09E+00,-0.05E+00,+0.00E+00,+0.00E+00,+10.70E+00,+6.18E+00,-17.23E+00,+2.999E+00
2,05/2/2026,18:37:26.878,-0.09E+00,-0.05E+00,+0.05E+00,-0.05E+00,+10.93E+00,+5.94E+00,-17.21E+00,+2.877E+00
2,05/2/2026,18:37:26.878,-0.09E+00,-0.05E+00,+0.05E+00,-0.05E+00,+11.16E+00,+5.71E+00,-17.21E+00,+2.754E+00
2,05/2/2026,18:37:26.878,-0.09E+00,-0.05E+00,+0.05E+00,+0.00E+00,+11.38E+00,+5.46E+00,-17.20E+00,+2.640E+00
2,05/2/2026,18:37:26.878,-0.09E+00,-0.05E+00,+0.05E+00,+0.00E+00,+11.61E+00,+5.23E+00,-17.20E+00,+2.526E+00
2,05/2/2026,18:37:26.878,-0.09E+00,-0.05E+00,+0.00E+00,+0.00E+00,+11.83E+00,+4.99E+00,-17.17E+00,+2.411E+00
2,05/2/2026,18:37:26.878,-0.09E+00,-0.05E+00,+0.05E+00,-0.05E+00,+12.03E+00,+4.75E+00,-17.14E+00,+2.289E+00
2,05/2/2026,18:37:26.878,-0.09E+00,-0.05E+00,+0.05E+00,-0.05E+00,+12.24E+00,+4.52E+00,-17.11E+00,+2.175E+00
2,05/2/2026,18:37:26.878,-0.09E+00,-0.05E+00,+0.05E+00,+0.00E+00,+12.45E+00,+4.27E+00,-17.08E+00,+2.052E+00
2,05/2/2026,18:37:26.878,-0.09E+00,-0.05E+00,+0.05E+00,+0.00E+00,+12.65E+00,+4.01E+00,-17.02E+00,+1.923E+00
2,05/2/2026,18:37:26.878,-0.09E+00,-0.05E+00,+0.05E+00,+0.00E+00,+12.83E+00,+3.77E+00,-16.95E+00,+1.801E+00
2,05/2/2026,18:37:26.879,-0.09E+00,-0.05E+00,+0.05E+00,+0.00E+00,+13.00E+00,+3.51E+00,-16.86E+00,+1.671E+00
2,05/2/2026,18:37:26.879,-0.09E+00,-0.05E+00,+0.00E+00,+0.00E+00,+13.17E+00,+3.25E+00,-16.77E+00,+1.534E+00
2,05/2/2026,18:37:26.879,-0.09E+00,-0.05E+00,+0.00E+00,-0.05E+00,+13.32E+00,+2.96E+00,-16.65E+00,+1.404E+00
2,05/2/2026,18:37:26.879,-0.09E+00,-0.05E+00,+0.05E+00,+0.00E+00,+13.47E+00,+2.70E+00,-16.53E+00,+1.267E+00
2,05/2/2026,18:37:26.879,-0.09E+00,-0.05E+00,+0.05E+00,+0.00E+00,+13.61E+00,+2.43E+00,-16.40E+00,+1.137E+00
2,05/2/2026,18:37:26.879,-0.09E+00,-0.05E+00,+0.05E+00,+0.00E+00,+13.75E+00,+2.17E+00,-16.28E+00,+1.000E+00
2,05/2/2026,18:37:26.879,-0.09E+00,-0.05E+00,+0.05E+00,+0.00E+00,+13.89E+00,+1.89E+00,-16.15E+00,+0.870E+00
2,05/2/2026,18:37:26.879,-0.09E+00,-0.05E+00,+0.00E+00,+0.00E+00,+14.02E+00,+1.62E+00,-16.01E+00,+0.732E+00
2,05/2/2026,18:37:26.879,-0.05E+00,-0.05E+00,+0.05E+00,-0.05E+00,+14.15E+00,+1.36E+00,-15.87E+00,+0.603E+00
2,05/2/2026,18:37:26.879,-0.09E+00,-0.05E+00,+0.05E+00,+0.00E+00,+14.28E+00,+1.10E+00,-15.73E+00,+0.465E+00
2,05/2/2026,18:37:26.879,-0.09E+00,-0.05E+00,+0.00E+00,+0.00E+00,+14.41E+00,+0.82E+00,-15.60E+00,+0.336E+00
2,05/2/2026,18:37:26.879,-0.09E+00,-0.05E+00,+0.00E+00,-0.05E+00,+14.53E+00,+0.55E+00,-15.44E+00,+0.198E+00
2,05/2/2026,18:37:26.879,-0.09E+00,-0.05E+00,+0.05E+00,+0.00E+00,+14.65E+00,+0.29E+00,-15.29E+00,+0.069E+00
2,05/2/2026,18:37:26.879,-0.09E+00,-0.05E+00,+0.05E+00,+0.00E+00,+14.76E+00,+0.02E+00,-15.14E+00,-0.061E+00
2,05/2/2026,18:37:26.879,-0.09E+00,-0.05E+00,+0.05E+00,+0.00E+00,+14.86E+00,-0.26E+00,-14.97E+00,-0.198E+00
2,05/2/2026,18:37:26.879,-0.09E+00,-0.05E+00,+0.05E+00,+0.00E+00,+14.95E+00,-0.53E+00,-14.80E+00,-0.336E+00
2,05/2/2026,18:37:26.879,-0.09E+00,-0.05E+00,+0.05E+00,-0.05E+00,+15.05E+00,-0.79E+00,-14.62E+00,-0.465E+00
2,05/2/2026,18:37:26.879,-0.09E+00,-0.05E+00,+0.00E+00,+0.00E+00,+15.14E+00,-1.07E+00,-14.44E+00,-0.603E+00
2,05/2/2026,18:37:26.879,-0.05E+00,-0.05E+00,+0.00E+00,+0.00E+00,+15.23E+00,-1.36E+00,-14.24E+00,-0.740E+00
2,05/2/2026,18:37:26.879,-0.09E+00,-0.05E+00,+0.05E+00,+0.00E+00,+15.31E+00,-1.63E+00,-14.05E+00,-0.885E+00
2,05/2/2026,18:37:26.880,-0.09E+00,-0.05E+00,+0.05E+00,-0.05E+00,+15.40E+00,-1.92E+00,-13.86E+00,-1.022E+00
2,05/2/2026,18:37:26.880,-0.09E+00,-0.05E+00,+0.05E+00,+0.00E+00,+15.49E+00,-2.20E+00,-13.66E+00,-1.167E+00
2,05/2/2026,18:37:26.880,-0.09E+00,-0.05E+00,+0.05E+00,+0.00E+00,+15.57E+00,-2.49E+00,-13.46E+00,-1.305E+00
2,05/2/2026,18:37:26.880,-0.05E+00,-0.05E+00,+0.00E+00,+0.00E+00,+15.66E+00,-2.78E+00,-13.25E+00,-1.450E+00
2,05/2/2026,18:37:26.880,-0.05E+00,-0.05E+00,+0.05E+00,+0.00E+00,+15.73E+00,-3.05E+00,-13.05E+00,-1.587E+00
2,05/2/2026,18:37:26.880,-0.09E+00,-0.05E+00,+0.05E+00,+0.00E+00,+15.82E+00,-3.34E+00,-12.85E+00,-1.724E+00
2,05/2/2026,18:37:26.880,-0.09E+00,-0.05E+00,+0.00E+00,-0.05E+00,+15.89E+00,-3.62E+00,-12.65E+00,-1.862E+00
2,05/2/2026,18:37:26.880,-0.09E+00,-0.05E+00,+0.05E+00,+0.00E+00,+15.96E+00,-3.89E+00,-12.44E+00,-2.007E+00
2,05/2/2026,18:37:26.880,-0.09E+00,-0.05E+00,+0.05E+00,+0.00E+00,+16.04E+00,-4.17E+00,-12.22E+00,-2.136E+00
2,05/2/2026,18:37:26.880,-0.09E+00,-0.05E+00,+0.05E+00,+0.00E+00,+16.10E+00,-4.44E+00,-12.03E+00,-2.274E+00
2,05/2/2026,18:37:26.880,-0.09E+00,-0.05E+00,+0.05E+00,-0.05E+00,+16.16E+00,-4.72E+00,-11.81E+00,-2.419E+00
2,05/2/2026,18:37:26.880,-0.09E+00,-0.05E+00,+0.00E+00,-0.05E+00,+16.22E+00,-5.01E+00,-11.60E+00,-2.548E+00
2,05/2/2026,18:37:26.880,-0.09E+00,-0.05E+00,+0.00E+00,+0.00E+00,+16.28E+00,-5.26E+00,-11.38E+00,-2.686E+00
2,05/2/2026,18:37:26.880,-0.09E+00,-0.05E+00,+0.00E+00,+0.00E+00,+16.34E+00,-5.54E+00,-11.17E+00,-2.816E+00
2,05/2/2026,18:37:26.880,-0.09E+00,-0.05E+00,+0.05E+00,-0.05E+00,+16.39E+00,-5.81E+00,-10.96E+00,-2.953E+00
2,05/2/2026,18:37:26.880,-0.09E+00,-0.05E+00,+0.05E+00,+0.00E+00,+16.45E+00,-6.07E+00,-10.74E+00,-3.083E+00
2,05/2/2026,18:37:26.880,-0.09E+00,-0.05E+00,+0.05E+00,+0.00E+00,+16.50E+00,-6.35E+00,-10.51E+00,-3.220E+00
2,05/2/2026,18:37:26.880,-0.09E+00,-0.05E+00,+0.05E+00,-0.05E+00,+16.53E+00,-6.61E+00,-10.30E+00,-3.350E+00
2,05/2/2026,18:37:26.880,-0.09E+00,-0.05E+00,+0.05E+00,-0.05E+00,+16.59E+00,-6.87E+00,-10.09E+00,-3.472E+00
2,05/2/2026,18:37:26.880,-0.09E+00,-0.05E+00,+0.05E+00,-0.05E+00,+16.62E+00,-7.13E+00,-9.86E+00,-3.601E+00
2,05/2/2026,18:37:26.881,-0.14E+00,-0.05E+00,+0.05E+00,-0.05E+00,+16.65E+00,-7.39E+00,-9.64E+00,-3.723E+00
2,05/2/2026,18:37:26.881,-0.09E+00,-0.05E+00,+0.00E+00,-0.05E+00,+16.69E+00,-7.63E+00,-9.43E+00,-3.853E+00
2,05/2/2026,18:37:26.881,-0.09E+00,-0.05E+00,+0.00E+00,+0.00E+00,+16.73E+00,-7.87E+00,-9.22E+00,-3.968E+00
2,05/2/2026,18:37:26.881,-0.09E+00,-0.05E+00,+0.05E+00,+0.00E+00,+16.76E+00,-8.10E+00,-9.00E+00,-4.090E+00
2,05/2/2026,18:37:26.881,-0.09E+00,-0.05E+00,+0.05E+00,+0.00E+00,+16.77E+00,-8.36E+00,-8.79E+00,-4.212E+00
2,05/2/2026,18:37:26.881,-0.09E+00,-0.05E+00,+0.05E+00,-0.05E+00,+16.80E+00,-8.61E+00,-8.56E+00,-4.334E+00
2,05/2/2026,18:37:26.881,-0.09E+00,-0.05E+00,+0.00E+00,-0.05E+00,+16.82E+00,-8.85E+00,-8.33E+00,-4.448E+00
2,05/2/2026,18:37:26.881,-0.09E+00,-0.05E+00,+0.00E+00,+0.00E+00,+16.82E+00,-9.10E+00,-8.10E+00,-4.570E+00
2,05/2/2026,18:37:26.881,-0.09E+00,-0.05E+00,+0.05E+00,+0.00E+00,+16.85E+00,-9.34E+00,-7.87E+00,-4.693E+00
2,05/2/2026,18:37:26.881,-0.09E+00,-0.05E+00,+0.05E+00,+0.00E+00,+16.85E+00,-9.58E+00,-7.65E+00,-4.815E+00
2,05/2/2026,18:37:26.881,-0.09E+00,-0.05E+00,+0.05E+00,-0.05E+00,+16.86E+00,-9.83E+00,-7.40E+00,-4.937E+00
2,05/2/2026,18:37:26.881,-0.09E+00,-0.05E+00,+0.00E+00,+0.00E+00,+16.86E+00,-10.07E+00,-7.17E+00,-5.051E+00
2,05/2/2026,18:37:26.881,-0.09E+00,-0.05E+00,+0.00E+00,+0.00E+00,+16.86E+00,-10.32E+00,-6.94E+00,-5.173E+00
2,05/2/2026,18:37:26.881,-0.05E+00,-0.05E+00,+0.05E+00,+0.00E+00,+16.88E+00,-10.54E+00,-6.70E+00,-5.288E+00
2,05/2/2026,18:37:26.881,-0.09E+00,-0.05E+00,+0.05E+00,+0.00E+00,+16.88E+00,-10.77E+00,-6.47E+00,-5.402E+00
2,05/2/2026,18:37:26.881,-0.09E+00,-0.05E+00,+0.05E+00,+0.00E+00,+16.86E+00,-11.02E+00,-6.23E+00,-5.517E+00
2,05/2/2026,18:37:26.881,-0.09E+00,-0.05E+00,+0.05E+00,-0.05E+00,+16.86E+00,-11.25E+00,-6.00E+00,-5.631E+00
2,05/2/2026,18:37:26.881,-0.09E+00,-0.05E+00,+0.05E+00,+0.00E+00,+16.86E+00,-11.48E+00,-5.75E+00,-5.745E+00
2,05/2/2026,18:37:26.881,-0.09E+00,-0.05E+00,+0.05E+00,+0.00E+00,+16.85E+00,-11.70E+00,-5.51E+00,-5.860E+00
2,05/2/2026,18:37:26.881,-0.09E+00,-0.05E+00,+0.05E+00,-0.05E+00,+16.83E+00,-11.93E+00,-5.26E+00,-5.974E+00
2,05/2/2026,18:37:26.882,-0.09E+00,-0.05E+00,+0.05E+00,-0.05E+00,+16.82E+00,-12.15E+00,-5.02E+00,-6.081E+00
2,05/2/2026,18:37:26.882,-0.09E+00,-0.05E+00,+0.05E+00,+0.00E+00,+16.79E+00,-12.38E+00,-4.79E+00,-6.188E+00
2,05/2/2026,18:37:26.882,-0.09E+00,-0.05E+00,+0.05E+00,+0.00E+00,+16.76E+00,-12.57E+00,-4.55E+00,-6.287E+00
2,05/2/2026,18:37:26.882,-0.09E+00,-0.05E+00,+0.05E+00,+0.00E+00,+16.71E+00,-12.77E+00,-4.30E+00,-6.386E+00
2,05/2/2026,18:37:26.882,-0.09E+00,-0.05E+00,+0.05E+00,-0.05E+00,+16.66E+00,-12.97E+00,-4.06E+00,-6.478E+00
2,05/2/2026,18:37:26.882,-0.09E+00,-0.05E+00,+0.05E+00,-0.05E+00,+16.59E+00,-13.15E+00,-3.82E+00,-6.570E+00
2,05/2/2026,18:37:26.882,-0.09E+00,-0.05E+00,+0.00E+00,+0.00E+00,+16.51E+00,-13.32E+00,-3.56E+00,-6.653E+00
2,05/2/2026,18:37:26.882,-0.09E+00,-0.05E+00,+0.00E+00,+0.00E+00,+16.44E+00,-13.49E+00,-3.31E+00,-6.730E+00
2,05/2/2026,18:37:26.882,-0.09E+00,-0.05E+00,+0.00E+00,+0.00E+00,+16.33E+00,-13.64E+00,-3.05E+00,-6.814E+00
2,05/2/2026,18:37:26.882,-0.09E+00,-0.05E+00,+0.00E+00,+0.00E+00,+16.24E+00,-13.81E+00,-2.79E+00,-6.890E+00
2,05/2/2026,18:37:26.882,-0.09E+00,-0.05E+00,+0.00E+00,+0.00E+00,+16.13E+00,-13.96E+00,-2.53E+00,-6.966E+00
2,05/2/2026,18:37:26.882,-0.09E+00,-0.05E+00,+0.05E+00,+0.00E+00,+16.01E+00,-14.12E+00,-2.27E+00,-7.043E+00
2,05/2/2026,18:37:26.882,-0.09E+00,-0.05E+00,+0.05E+00,+0.00E+00,+15.90E+00,-14.27E+00,-2.00E+00,-7.119E+00
2,05/2/2026,18:37:26.882,-0.09E+00,-0.05E+00,+0.05E+00,+0.00E+00,+15.78E+00,-14.41E+00,-1.72E+00,-7.188E+00
2,05/2/2026,18:37:26.882,-0.09E+00,-0.05E+00,+0.00E+00,+0.00E+00,+15.66E+00,-14.56E+00,-1.46E+00,-7.256E+00
2,05/2/2026,18:37:26.882,-0.09E+00,-0.05E+00,+0.00E+00,+0.00E+00,+15.52E+00,-14.70E+00,-1.19E+00,-7.325E+00
2,05/2/2026,18:37:26.882,-0.09E+00,-0.05E+00,+0.05E+00,-0.05E+00,+15.38E+00,-14.83E+00,-0.92E+00,-7.394E+00
2,05/2/2026,18:37:26.882,-0.09E+00,-0.05E+00,+0.00E+00,-0.05E+00,+15.24E+00,-14.97E+00,-0.64E+00,-7.455E+00
2,05/2/2026,18:37:26.882,-0.05E+00,-0.05E+00,+0.00E+00,+0.00E+00,+15.09E+00,-15.09E+00,-0.37E+00,-7.516E+00
2,05/2/2026,18:37:26.882,-0.09E+00,-0.05E+00,+0.05E+00,+0.00E+00,+14.95E+00,-15.21E+00,-0.09E+00,-7.577E+00
2,05/2/2026,18:37:26.883,-0.09E+00,-0.05E+00,+0.00E+00,+0.00E+00,+14.80E+00,-15.34E+00,+0.18E+00,-7.638E+00
2,05/2/2026,18:37:26.883,-0.09E+00,-0.05E+00,+0.00E+00,-0.05E+00,+14.63E+00,-15.44E+00,+0.46E+00,-7.691E+00
2,05/2/2026,18:37:26.883,-0.09E+00,-0.05E+00,+0.05E+00,+0.00E+00,+14.47E+00,-15.55E+00,+0.73E+00,-7.745E+00
2,05/2/2026,18:37:26.883,-0.09E+00,-0.05E+00,+0.00E+00,+0.00E+00,+14.28E+00,-15.66E+00,+1.01E+00,-7.790E+00
2,05/2/2026,18:37:26.883,-0.09E+00,-0.05E+00,+0.00E+00,+0.00E+00,+14.10E+00,-15.75E+00,+1.28E+00,-7.844E+00
2,05/2/2026,18:37:26.883,-0.09E+00,-0.05E+00,+0.05E+00,-0.05E+00,+13.92E+00,-15.86E+00,+1.56E+00,-7.890E+00
2,05/2/2026,18:37:26.883,-0.09E+00,-0.05E+00,+0.05E+00,-0.05E+00,+13.73E+00,-15.95E+00,+1.85E+00,-7.935E+00
2,05/2/2026,18:37:26.883,-0.09E+00,-0.05E+00,+0.00E+00,-0.05E+00,+13.54E+00,-16.04E+00,+2.14E+00,-7.973E+00
2,05/2/2026,18:37:26.883,-0.09E+00,-0.05E+00,+0.05E+00,+0.00E+00,+13.35E+00,-16.13E+00,+2.41E+00,-8.019E+00
2,05/2/2026,18:37:26.883,-0.09E+00,-0.05E+00,+0.00E+00,+0.00E+00,+13.15E+00,-16.21E+00,+2.70E+00,-8.057E+00
2,05/2/2026,18:37:26.883,-0.09E+00,-0.05E+00,+0.00E+00,+0.00E+00,+12.96E+00,-16.28E+00,+2.98E+00,-8.096E+00
2,05/2/2026,18:37:26.883,-0.09E+00,-0.05E+00,+0.05E+00,+0.00E+00,+12.76E+00,-16.36E+00,+3.24E+00,-8.134E+00
2,05/2/2026,18:37:26.883,-0.09E+00,-0.05E+00,+0.05E+00,+0.00E+00,+12.56E+00,-16.44E+00,+3.51E+00,-8.172E+00
2,05/2/2026,18:37:26.883,-0.09E+00,-0.05E+00,+0.05E+00,+0.00E+00,+12.36E+00,-16.51E+00,+3.78E+00,-8.202E+00
2,05/2/2026,18:37:26.883,-0.09E+00,-0.05E+00,+0.05E+00,+0.00E+00,+12.16E+00,-16.59E+00,+4.06E+00,-8.241E+00
2,05/2/2026,18:37:26.883,-0.09E+00,-0.05E+00,+0.05E+00,-0.05E+00,+11.96E+00,-16.65E+00,+4.33E+00,-8.271E+00
2,05/2/2026,18:37:26.883,-0.09E+00,-0.05E+00,+0.05E+00,+0.00E+00,+11.77E+00,-16.73E+00,+4.59E+00,-8.302E+00
2,05/2/2026,18:37:26.883,-0.09E+00,-0.05E+00,+0.05E+00,+0.00E+00,+11.55E+00,-16.79E+00,+4.85E+00,-8.332E+00
2,05/2/2026,18:37:26.883,-0.09E+00,-0.05E+00,+0.05E+00,-0.05E+00,+11.35E+00,-16.85E+00,+5.13E+00,-8.355E+00
2,05/2/2026,18:37:26.883,-0.09E+00,-0.05E+00,+0.05E+00,-0.05E+00,+11.14E+00,-16.91E+00,+5.39E+00,-8.385E+00
2,05/2/2026,18:37:26.884,-0.09E+00,-0.05E+00,+0.05E+00,+0.00E+00,+10.94E+00,-16.95E+00,+5.65E+00,-8.416E+00
2,05/2/2026,18:37:26.884,-0.09E+00,-0.05E+00,+0.05E+00,+0.00E+00,+10.73E+00,-17.00E+00,+5.91E+00,-8.439E+00
2,05/2/2026,18:37:26.884,-0.09E+00,-0.05E+00,+0.00E+00,+0.00E+00,+10.51E+00,-17.05E+00,+6.17E+00,-8.454E+00
2,05/2/2026,18:37:26.884,-0.09E+00,-0.05E+00,+0.05E+00,+0.00E+00,+10.30E+00,-17.09E+00,+6.42E+00,-8.477E+00
2,05/2/2026,18:37:26.884,-0.09E+00,-0.05E+00,+0.05E+00,+0.00E+00,+10.10E+00,-17.14E+00,+6.67E+00,-8.500E+00
2,05/2/2026,18:37:26.884,-0.09E+00,-0.05E+00,+0.05E+00,+0.00E+00,+9.90E+00,-17.17E+00,+6.93E+00,-8.515E+00
2,05/2/2026,18:37:26.884,-0.09E+00,-0.05E+00,+0.05E+00,+0.00E+00,+9.67E+00,-17.21E+00,+7.17E+00,-8.538E+00
2,05/2/2026,18:37:26.884,-0.09E+00,-0.05E+00,+0.05E+00,+0.00E+00,+9.46E+00,-17.24E+00,+7.42E+00,-8.553E+00
2,05/2/2026,18:37:26.884,-0.09E+00,-0.05E+00,+0.05E+00,-0.05E+00,+9.26E+00,-17.27E+00,+7.66E+00,-8.561E+00
2,05/2/2026,18:37:26.884,-0.09E+00,-0.05E+00,+0.00E+00,-0.05E+00,+9.06E+00,-17.31E+00,+7.89E+00,-8.576E+00
2,05/2/2026,18:37:26.884,-0.09E+00,-0.05E+00,+0.05E+00,+0.00E+00,+8.87E+00,-17.34E+00,+8.10E+00,-8.584E+00
2,05/2/2026,18:37:26.884,-0.09E+00,-0.05E+00,+0.05E+00,+0.00E+00,+8.65E+00,-17.35E+00,+8.35E+00,-8.599E+00
2,05/2/2026,18:37:26.884,-0.09E+00,-0.05E+00,+0.05E+00,+0.00E+00,+8.44E+00,-17.38E+00,+8.59E+00,-8.607E+00
2,05/2/2026,18:37:26.884,-0.09E+00,-0.05E+00,+0.00E+00,+0.00E+00,+8.23E+00,-17.40E+00,+8.82E+00,-8.614E+00
2,05/2/2026,18:37:26.884,-0.09E+00,-0.05E+00,+0.00E+00,+0.00E+00,+8.01E+00,-17.41E+00,+9.06E+00,-8.622E+00
2,05/2/2026,18:37:26.884,-0.09E+00,-0.05E+00,+0.05E+00,+0.00E+00,+7.77E+00,-17.43E+00,+9.29E+00,-8.630E+00
2,05/2/2026,18:37:26.884,-0.09E+00,-0.05E+00,+0.05E+00,+0.00E+00,+7.54E+00,-17.44E+00,+9.54E+00,-8.637E+00
2,05/2/2026,18:37:26.884,-0.09E+00,-0.05E+00,+0.05E+00,+0.00E+00,+7.31E+00,-17.46E+00,+9.78E+00,-8.637E+00
2,05/2/2026,18:37:26.884,-0.09E+00,-0.05E+00,+0.05E+00,+0.00E+00,+7.08E+00,-17.46E+00,+10.03E+00,-8.637E+00
2,05/2/2026,18:37:26.884,-0.09E+00,-0.05E+00,+0.05E+00,+0.00E+00,+6.85E+00,-17.46E+00,+10.25E+00,-8.645E+00
2,05/2/2026,18:37:26.885,-0.09E+00,-0.05E+00,+0.00E+00,-0.05E+00,+6.62E+00,-17.47E+00,+10.48E+00,-8.645E+00
2,05/2/2026,18:37:26.885,-0.09E+00,-0.05E+00,+0.05E+00,+0.00E+00,+6.39E+00,-17.47E+00,+10.73E+00,-8.637E+00
2,05/2/2026,18:37:26.885,-0.09E+00,-0.05E+00,+0.05E+00,+0.00E+00,+6.17E+00,-17.47E+00,+10.96E+00,-8.637E+00
2,05/2/2026,18:37:26.885,-0.09E+00,-0.05E+00,+0.05E+00,+0.00E+00,+5.92E+00,-17.47E+00,+11.19E+00,-8.637E+00
2,05/2/2026,18:37:26.885,-0.09E+00,-0.05E+00,+0.05E+00,+0.00E+00,+5.68E+00,-17.46E+00,+11.43E+00,-8.630E+00
2,05/2/2026,18:37:26.885,-0.09E+00,-0.05E+00,+0.05E+00,+0.00E+00,+5.45E+00,-17.46E+00,+11.64E+00,-8.630E+00
2,05/2/2026,18:37:26.885,-0.09E+00,-0.05E+00,+0.05E+00,+0.00E+00,+5.22E+00,-17.43E+00,+11.87E+00,-8.614E+00
2,05/2/2026,18:37:26.885,-0.09E+00,-0.05E+00,+0.00E+00,+0.00E+00,+4.99E+00,-17.41E+00,+12.07E+00,-8.599E+00
2,05/2/2026,18:37:26.885,-0.09E+00,-0.05E+00,+0.00E+00,-0.05E+00,+4.75E+00,-17.38E+00,+12.28E+00,-8.584E+00
2,05/2/2026,18:37:26.885,-0.09E+00,-0.05E+00,+0.00E+00,-0.05E+00,+4.50E+00,-17.34E+00,+12.48E+00,-8.561E+00
2,05/2/2026,18:37:26.885,-0.09E+00,-0.05E+00,+0.00E+00,+0.00E+00,+4.27E+00,-17.29E+00,+12.67E+00,-8.538E+00
2,05/2/2026,18:37:26.885,-0.09E+00,-0.05E+00,+0.05E+00,+0.00E+00,+4.03E+00,-17.21E+00,+12.83E+00,-8.500E+00
2,05/2/2026,18:37:26.885,-0.09E+00,-0.05E+00,+0.05E+00,+0.00E+00,+3.77E+00,-17.12E+00,+13.00E+00,-8.454E+00
2,05/2/2026,18:37:26.885,-0.09E+00,-0.05E+00,+0.05E+00,+0.00E+00,+3.53E+00,-17.03E+00,+13.15E+00,-8.408E+00
2,05/2/2026,18:37:26.885,-0.09E+00,-0.05E+00,+0.05E+00,+0.00E+00,+3.27E+00,-16.92E+00,+13.31E+00,-8.355E+00
2,05/2/2026,18:37:26.885,-0.09E+00,-0.05E+00,+0.05E+00,+0.00E+00,+3.01E+00,-16.82E+00,+13.46E+00,-8.294E+00
2,05/2/2026,18:37:26.885,-0.09E+00,-0.05E+00,+0.05E+00,+0.00E+00,+2.75E+00,-16.71E+00,+13.60E+00,-8.233E+00
2,05/2/2026,18:37:26.885,-0.09E+00,-0.05E+00,+0.05E+00,-0.05E+00,+2.49E+00,-16.59E+00,+13.73E+00,-8.172E+00
2,05/2/2026,18:37:26.885,-0.09E+00,-0.05E+00,+0.05E+00,-0.05E+00,+2.23E+00,-16.45E+00,+13.87E+00,-8.111E+00
2,05/2/2026,18:37:26.885,-0.09E+00,-0.05E+00,+0.05E+00,-0.05E+00,+1.97E+00,-16.33E+00,+13.99E+00,-8.042E+00
2,05/2/2026,18:37:26.886,-0.09E+00,-0.05E+00,+0.05E+00,-0.05E+00,+1.69E+00,-16.18E+00,+14.13E+00,-7.973E+00
2,05/2/2026,18:37:26.886,-0.09E+00,-0.05E+00,+0.00E+00,+0.00E+00,+1.42E+00,-16.04E+00,+14.25E+00,-7.897E+00
2,05/2/2026,18:37:26.886,-0.09E+00,-0.05E+00,+0.00E+00,+0.00E+00,+1.13E+00,-15.89E+00,+14.39E+00,-7.821E+00
2,05/2/2026,18:37:26.886,-0.09E+00,-0.05E+00,+0.00E+00,+0.00E+00,+0.84E+00,-15.72E+00,+14.51E+00,-7.737E+00
2,05/2/2026,18:37:26.886,-0.09E+00,-0.05E+00,+0.00E+00,+0.00E+00,+0.58E+00,-15.55E+00,+14.62E+00,-7.661E+00
2,05/2/2026,18:37:26.886,-0.09E+00,-0.05E+00,+0.00E+00,+0.00E+00,+0.29E+00,-15.40E+00,+14.73E+00,-7.577E+00
2,05/2/2026,18:37:26.886,-0.09E+00,+0.00E+00,+0.05E+00,+0.00E+00,+0.02E+00,-15.23E+00,+14.85E+00,-7.493E+00
2,05/2/2026,18:37:26.886,-0.09E+00,-0.05E+00,+0.00E+00,+0.00E+00,-0.26E+00,-15.06E+00,+14.95E+00,-7.401E+00
2,05/2/2026,18:37:26.886,-0.09E+00,-0.05E+00,+0.05E+00,-0.05E+00,-0.53E+00,-14.89E+00,+15.06E+00,-7.317E+00
2,05/2/2026,18:37:26.886,-0.09E+00,-0.05E+00,+0.05E+00,+0.00E+00,-0.82E+00,-14.71E+00,+15.17E+00,-7.233E+00
2,05/2/2026,18:37:26.886,-0.09E+00,-0.05E+00,+0.05E+00,+0.00E+00,-1.10E+00,-14.53E+00,+15.26E+00,-7.134E+00
2,05/2/2026,18:37:26.886,-0.09E+00,-0.09E+00,+0.05E+00,-0.05E+00,-1.39E+00,-14.34E+00,+15.37E+00,-7.043E+00
2,05/2/2026,18:37:26.886,-0.09E+00,-0.05E+00,+0.00E+00,-0.05E+00,-1.68E+00,-14.16E+00,+15.46E+00,-6.951E+00
2,05/2/2026,18:37:26.886,-0.09E+00,-0.05E+00,+0.00E+00,+0.00E+00,-1.97E+00,-13.96E+00,+15.55E+00,-6.852E+00
2,05/2/2026,18:37:26.886,-0.09E+00,-0.05E+00,+0.05E+00,+0.00E+00,-2.24E+00,-13.78E+00,+15.64E+00,-6.760E+00
2,05/2/2026,18:37:26.886,-0.09E+00,-0.05E+00,+0.05E+00,+0.00E+00,-2.53E+00,-13.58E+00,+15.73E+00,-6.661E+00
2,05/2/2026,18:37:26.886,-0.09E+00,-0.05E+00,+0.00E+00,+0.00E+00,-2.81E+00,-13.38E+00,+15.82E+00,-6.562E+00
2,05/2/2026,18:37:26.886,-0.09E+00,-0.05E+00,+0.05E+00,+0.00E+00,-3.08E+00,-13.20E+00,+15.90E+00,-6.463E+00
2,05/2/2026,18:37:26.886,-0.09E+00,-0.09E+00,+0.05E+00,+0.00E+00,-3.36E+00,-13.00E+00,+15.98E+00,-6.363E+00
2,05/2/2026,18:37:26.886,-0.09E+00,-0.05E+00,+0.05E+00,-0.05E+00,-3.62E+00,-12.80E+00,+16.04E+00,-6.264E+00
2,05/2/2026,18:37:26.887,-0.09E+00,-0.05E+00,+0.05E+00,+0.00E+00,-3.89E+00,-12.60E+00,+16.11E+00,-6.165E+00
2,05/2/2026,18:37:26.887,-0.09E+00,-0.05E+00,+0.05E+00,+0.00E+00,-4.15E+00,-12.41E+00,+16.18E+00,-6.066E+00
2,05/2/2026,18:37:26.887,-0.09E+00,-0.05E+00,+0.05E+00,+0.00E+00,-4.41E+00,-12.19E+00,+16.22E+00,-5.959E+00
2,05/2/2026,18:37:26.887,-0.09E+00,-0.05E+00,+0.05E+00,-0.05E+00,-4.68E+00,-11.98E+00,+16.28E+00,-5.860E+00
2,05/2/2026,18:37:26.887,-0.09E+00,-0.05E+00,+0.05E+00,-0.05E+00,-4.94E+00,-11.78E+00,+16.34E+00,-5.761E+00
2,05/2/2026,18:37:26.887,-0.09E+00,-0.05E+00,+0.00E+00,+0.00E+00,-5.19E+00,-11.58E+00,+16.39E+00,-5.654E+00
2,05/2/2026,18:37:26.887,-0.09E+00,-0.05E+00,+0.00E+00,+0.00E+00,-5.45E+00,-11.38E+00,+16.44E+00,-5.547E+00
2,05/2/2026,18:37:26.887,-0.09E+00,-0.05E+00,+0.05E+00,+0.00E+00,-5.69E+00,-11.17E+00,+16.48E+00,-5.448E+00
2,05/2/2026,18:37:26.887,-0.09E+00,-0.05E+00,+0.05E+00,-0.05E+00,-5.95E+00,-10.96E+00,+16.53E+00,-5.341E+00
2,05/2/2026,18:37:26.887,-0.09E+00,-0.05E+00,+0.05E+00,-0.05E+00,-6.20E+00,-10.74E+00,+16.57E+00,-5.234E+00
2,05/2/2026,18:37:26.887,-0.09E+00,-0.05E+00,+0.05E+00,+0.00E+00,-6.46E+00,-10.54E+00,+16.62E+00,-5.127E+00
2,05/2/2026,18:37:26.887,-0.09E+00,-0.05E+00,+0.05E+00,+0.00E+00,-6.70E+00,-10.33E+00,+16.66E+00,-5.028E+00
2,05/2/2026,18:37:26.887,-0.09E+00,-0.05E+00,+0.05E+00,+0.00E+00,-6.94E+00,-10.12E+00,+16.69E+00,-4.921E+00
2,05/2/2026,18:37:26.887,-0.09E+00,-0.05E+00,+0.05E+00,+0.00E+00,-7.19E+00,-9.90E+00,+16.73E+00,-4.815E+00
2,05/2/2026,18:37:26.887,-0.09E+00,-0.05E+00,+0.05E+00,+0.00E+00,-7.43E+00,-9.69E+00,+16.76E+00,-4.708E+00
2,05/2/2026,18:37:26.887,-0.09E+00,-0.05E+00,+0.00E+00,+0.00E+00,-7.66E+00,-9.48E+00,+16.79E+00,-4.601E+00
2,05/2/2026,18:37:26.887,-0.09E+00,-0.05E+00,+0.05E+00,+0.00E+00,-7.90E+00,-9.26E+00,+16.80E+00,-4.494E+00
2,05/2/2026,18:37:26.887,-0.09E+00,-0.05E+00,+0.05E+00,+0.00E+00,-8.15E+00,-9.03E+00,+16.82E+00,-4.380E+00
2,05/2/2026,18:37:26.887,-0.09E+00,-0.05E+00,+0.05E+00,-0.05E+00,-8.38E+00,-8.82E+00,+16.83E+00,-4.273E+00
2,05/2/2026,18:37:26.887,-0.09E+00,-0.05E+00,+0.05E+00,-0.05E+00,-8.62E+00,-8.59E+00,+16.85E+00,-4.158E+00
2,05/2/2026,18:37:26.888,-0.09E+00,-0.05E+00,+0.05E+00,+0.00E+00,-8.87E+00,-8.36E+00,+16.86E+00,-4.052E+00
2,05/2/2026,18:37:26.888,-0.09E+00,-0.05E+00,+0.00E+00,+0.00E+00,-9.11E+00,-8.15E+00,+16.88E+00,-3.937E+00
2,05/2/2026,18:37:26.888,-0.09E+00,-0.05E+00,+0.00E+00,+0.00E+00,-9.34E+00,-7.92E+00,+16.89E+00,-3.823E+00
2,05/2/2026,18:37:26.888,-0.09E+00,-0.05E+00,+0.00E+00,-0.05E+00,-9.58E+00,-7.69E+00,+16.89E+00,-3.708E+00
2,05/2/2026,18:37:26.888,-0.09E+00,-0.05E+00,+0.05E+00,+0.00E+00,-9.83E+00,-7.45E+00,+16.91E+00,-3.594E+00
2,05/2/2026,18:37:26.888,-0.09E+00,-0.05E+00,+0.05E+00,+0.00E+00,-10.06E+00,-7.22E+00,+16.91E+00,-3.472E+00
2,05/2/2026,18:37:26.888,-0.09E+00,-0.05E+00,+0.05E+00,+0.00E+00,-10.30E+00,-6.99E+00,+16.91E+00,-3.357E+00
2,05/2/2026,18:37:26.888,-0.09E+00,-0.05E+00,+0.05E+00,+0.00E+00,-10.53E+00,-6.75E+00,+16.92E+00,-3.235E+00
2,05/2/2026,18:37:26.888,-0.09E+00,-0.09E+00,+0.05E+00,+0.00E+00,-10.77E+00,-6.50E+00,+16.92E+00,-3.121E+00
2,05/2/2026,18:37:26.888,-0.09E+00,-0.05E+00,+0.00E+00,+0.00E+00,-11.02E+00,-6.27E+00,+16.91E+00,-2.999E+00
2,05/2/2026,18:37:26.888,-0.09E+00,-0.05E+00,+0.05E+00,+0.00E+00,-11.25E+00,-6.03E+00,+16.91E+00,-2.884E+00
2,05/2/2026,18:37:26.888,-0.09E+00,-0.05E+00,+0.00E+00,+0.00E+00,-11.48E+00,-5.78E+00,+16.91E+00,-2.762E+00
2,05/2/2026,18:37:26.888,-0.09E+00,-0.05E+00,+0.00E+00,+0.00E+00,-11.70E+00,-5.54E+00,+16.89E+00,-2.640E+00
2,05/2/2026,18:37:26.888,-0.09E+00,-0.05E+00,+0.05E+00,+0.00E+00,-11.93E+00,-5.31E+00,+16.86E+00,-2.526E+00
2,05/2/2026,18:37:26.888,-0.09E+00,-0.05E+00,+0.00E+00,+0.00E+00,-12.15E+00,-5.08E+00,+16.85E+00,-2.403E+00
2,05/2/2026,18:37:26.888,-0.09E+00,-0.05E+00,+0.00E+00,-0.05E+00,-12.35E+00,-4.84E+00,+16.82E+00,-2.289E+00
2,05/2/2026,18:37:26.888,-0.09E+00,-0.05E+00,+0.05E+00,+0.00E+00,-12.56E+00,-4.59E+00,+16.79E+00,-2.167E+00
2,05/2/2026,18:37:26.888,-0.09E+00,-0.05E+00,+0.05E+00,+0.00E+00,-12.77E+00,-4.35E+00,+16.74E+00,-2.045E+00
2,05/2/2026,18:37:26.888,-0.09E+00,-0.05E+00,+0.05E+00,+0.00E+00,-12.96E+00,-4.09E+00,+16.69E+00,-1.923E+00
2,05/2/2026,18:37:26.888,-0.09E+00,-0.05E+00,+0.05E+00,-0.05E+00,-13.14E+00,-3.85E+00,+16.63E+00,-1.785E+00
2,05/2/2026,18:37:26.889,-0.09E+00,-0.05E+00,+0.05E+00,+0.00E+00,-13.32E+00,-3.59E+00,+16.53E+00,-1.663E+00
2,05/2/2026,18:37:26.889,-0.09E+00,-0.05E+00,+0.05E+00,+0.00E+00,-13.47E+00,-3.31E+00,+16.44E+00,-1.534E+00
2,05/2/2026,18:37:26.889,-0.09E+00,-0.05E+00,+0.05E+00,+0.00E+00,-13.63E+00,-3.05E+00,+16.31E+00,-1.396E+00
2,05/2/2026,18:37:26.889,-0.09E+00,-0.05E+00,+0.05E+00,+0.00E+00,-13.78E+00,-2.78E+00,+16.19E+00,-1.259E+00
2,05/2/2026,18:37:26.889,-0.09E+00,-0.05E+00,+0.05E+00,+0.00E+00,-13.92E+00,-2.50E+00,+16.07E+00,-1.129E+00
2,05/2/2026,18:37:26.889,-0.09E+00,-0.05E+00,+0.05E+00,+0.00E+00,-14.05E+00,-2.24E+00,+15.93E+00,-0.992E+00
2,05/2/2026,18:37:26.889,-0.09E+00,-0.05E+00,+0.05E+00,+0.00E+00,-14.19E+00,-1.97E+00,+15.79E+00,-0.862E+00
2,05/2/2026,18:37:26.889,-0.09E+00,-0.05E+00,+0.00E+00,+0.00E+00,-14.33E+00,-1.71E+00,+15.66E+00,-0.725E+00
2,05/2/2026,18:37:26.889,-0.09E+00,-0.05E+00,+0.00E+00,-0.05E+00,-14.47E+00,-1.43E+00,+15.52E+00,-0.595E+00
2,05/2/2026,18:37:26.889,-0.09E+00,-0.05E+00,+0.05E+00,-0.05E+00,-14.59E+00,-1.16E+00,+15.38E+00,-0.458E+00
2,05/2/2026,18:37:26.889,-0.09E+00,-0.05E+00,+0.05E+00,+0.00E+00,-14.71E+00,-0.89E+00,+15.23E+00,-0.320E+00
2,05/2/2026,18:37:26.889,-0.05E+00,-0.05E+00,+0.00E+00,+0.00E+00,-14.83E+00,-0.63E+00,+15.09E+00,-0.191E+00
2,05/2/2026,18:37:26.889,-0.05E+00,-0.05E+00,+0.05E+00,+0.00E+00,-14.95E+00,-0.35E+00,+14.94E+00,-0.061E+00
2,05/2/2026,18:37:26.889,-0.09E+00,-0.05E+00,+0.05E+00,+0.00E+00,-15.06E+00,-0.09E+00,+14.79E+00,+0.069E+00
2,05/2/2026,18:37:26.889,-0.09E+00,-0.05E+00,+0.05E+00,+0.00E+00,-15.17E+00,+0.18E+00,+14.62E+00,+0.206E+00
2,05/2/2026,18:37:26.889,-0.09E+00,-0.05E+00,+0.05E+00,-0.05E+00,-15.26E+00,+0.44E+00,+14.45E+00,+0.336E+00
2,05/2/2026,18:37:26.889,-0.09E+00,-0.05E+00,+0.05E+00,+0.00E+00,-15.35E+00,+0.72E+00,+14.27E+00,+0.473E+00
2,05/2/2026,18:37:26.889,-0.09E+00,-0.05E+00,+0.00E+00,+0.00E+00,-15.43E+00,+0.99E+00,+14.09E+00,+0.610E+00
2,05/2/2026,18:37:26.889,-0.09E+00,-0.05E+00,+0.00E+00,-0.05E+00,-15.52E+00,+1.27E+00,+13.89E+00,+0.748E+00
2,05/2/2026,18:37:26.889,-0.09E+00,-0.05E+00,+0.05E+00,-0.05E+00,-15.61E+00,+1.56E+00,+13.69E+00,+0.885E+00
2,05/2/2026,18:37:26.890,-0.09E+00,-0.05E+00,+0.05E+00,+0.00E+00,-15.69E+00,+1.85E+00,+13.49E+00,+1.030E+00
2,05/2/2026,18:37:26.890,-0.09E+00,-0.05E+00,+0.00E+00,+0.00E+00,-15.78E+00,+2.14E+00,+13.29E+00,+1.167E+00
2,05/2/2026,18:37:26.890,-0.09E+00,-0.05E+00,+0.00E+00,+0.00E+00,-15.86E+00,+2.41E+00,+13.09E+00,+1.312E+00
2,05/2/2026,18:37:26.890,-0.09E+00,-0.05E+00,+0.05E+00,+0.00E+00,-15.93E+00,+2.70E+00,+12.89E+00,+1.457E+00
2,05/2/2026,18:37:26.890,-0.09E+00,-0.05E+00,+0.05E+00,-0.05E+00,-16.01E+00,+2.98E+00,+12.68E+00,+1.595E+00
2,05/2/2026,18:37:26.890,-0.09E+00,-0.05E+00,+0.05E+00,-0.05E+00,-16.10E+00,+3.27E+00,+12.48E+00,+1.732E+00
2,05/2/2026,18:37:26.890,-0.09E+00,-0.05E+00,+0.00E+00,+0.00E+00,-16.18E+00,+3.54E+00,+12.28E+00,+1.869E+00
2,05/2/2026,18:37:26.890,-0.09E+00,-0.05E+00,+0.00E+00,+0.00E+00,-16.25E+00,+3.82E+00,+12.09E+00,+2.007E+00
2,05/2/2026,18:37:26.890,-0.09E+00,-0.05E+00,+0.05E+00,+0.00E+00,-16.31E+00,+4.09E+00,+11.89E+00,+2.144E+00
2,05/2/2026,18:37:26.890,-0.09E+00,-0.05E+00,+0.05E+00,-0.05E+00,-16.39E+00,+4.36E+00,+11.67E+00,+2.281E+00
2,05/2/2026,18:37:26.890,-0.09E+00,-0.05E+00,+0.00E+00,-0.05E+00,-16.45E+00,+4.64E+00,+11.46E+00,+2.411E+00
2,05/2/2026,18:37:26.890,-0.09E+00,-0.05E+00,+0.00E+00,-0.05E+00,-16.51E+00,+4.90E+00,+11.25E+00,+2.548E+00
2,05/2/2026,18:37:26.890,-0.09E+00,-0.05E+00,+0.00E+00,+0.00E+00,-16.57E+00,+5.17E+00,+11.03E+00,+2.686E+00
2,05/2/2026,18:37:26.890,-0.09E+00,-0.05E+00,+0.05E+00,+0.00E+00,-16.62E+00,+5.45E+00,+10.82E+00,+2.816E+00
2,05/2/2026,18:37:26.890,-0.09E+00,-0.05E+00,+0.05E+00,+0.00E+00,-16.68E+00,+5.71E+00,+10.59E+00,+2.953E+00
2,05/2/2026,18:37:26.890,-0.09E+00,-0.05E+00,+0.05E+00,+0.00E+00,-16.73E+00,+5.98E+00,+10.38E+00,+3.083E+00
2,05/2/2026,18:37:26.890,-0.05E+00,-0.05E+00,+0.05E+00,+0.00E+00,-16.77E+00,+6.26E+00,+10.16E+00,+3.212E+00
2,05/2/2026,18:37:26.890,-0.09E+00,-0.05E+00,+0.05E+00,+0.00E+00,-16.82E+00,+6.52E+00,+9.95E+00,+3.342E+00
2,05/2/2026,18:37:26.890,-0.09E+00,-0.05E+00,+0.00E+00,-0.05E+00,-16.86E+00,+6.78E+00,+9.72E+00,+3.472E+00
2,05/2/2026,18:37:26.890,-0.09E+00,-0.05E+00,+0.00E+00,-0.05E+00,-16.89E+00,+7.03E+00,+9.51E+00,+3.594E+00
2,05/2/2026,18:37:26.891,-0.09E+00,-0.05E+00,+0.05E+00,+0.00E+00,-16.92E+00,+7.28E+00,+9.29E+00,+3.723E+00
2,05/2/2026,18:37:26.891,-0.09E+00,-0.05E+00,+0.05E+00,+0.00E+00,-16.97E+00,+7.52E+00,+9.08E+00,+3.846E+00
2,05/2/2026,18:37:26.891,-0.09E+00,-0.05E+00,+0.00E+00,+0.00E+00,-17.00E+00,+7.77E+00,+8.87E+00,+3.960E+00
2,05/2/2026,18:37:26.891,-0.09E+00,-0.05E+00,+0.05E+00,-0.05E+00,-17.03E+00,+8.01E+00,+8.65E+00,+4.082E+00
2,05/2/2026,18:37:26.891,-0.09E+00,-0.05E+00,+0.00E+00,+0.00E+00,-17.05E+00,+8.26E+00,+8.44E+00,+4.204E+00
2,05/2/2026,18:37:26.891,-0.09E+00,-0.05E+00,+0.00E+00,+0.00E+00,-17.06E+00,+8.50E+00,+8.21E+00,+4.326E+00
2,05/2/2026,18:37:26.891,-0.09E+00,-0.05E+00,+0.05E+00,+0.00E+00,-17.09E+00,+8.74E+00,+7.98E+00,+4.448E+00
2,05/2/2026,18:37:26.891,-0.09E+00,-0.05E+00,+0.05E+00,+0.00E+00,-17.11E+00,+8.99E+00,+7.75E+00,+4.570E+00
2,05/2/2026,18:37:26.891,-0.09E+00,-0.05E+00,+0.05E+00,-0.05E+00,-17.11E+00,+9.25E+00,+7.52E+00,+4.693E+00
2,05/2/2026,18:37:26.891,-0.09E+00,-0.05E+00,+0.05E+00,-0.05E+00,-17.12E+00,+9.49E+00,+7.28E+00,+4.807E+00
2,05/2/2026,18:37:26.891,-0.09E+00,-0.05E+00,+0.00E+00,+0.00E+00,-17.14E+00,+9.74E+00,+7.05E+00,+4.929E+00
2,05/2/2026,18:37:26.891,-0.09E+00,-0.05E+00,+0.05E+00,+0.00E+00,-17.14E+00,+9.98E+00,+6.81E+00,+5.051E+00
2,05/2/2026,18:37:26.891,-0.09E+00,-0.05E+00,+0.00E+00,-0.05E+00,-17.14E+00,+10.21E+00,+6.58E+00,+5.173E+00
2,05/2/2026,18:37:26.891,-0.09E+00,-0.05E+00,+0.00E+00,+0.00E+00,-17.14E+00,+10.44E+00,+6.33E+00,+5.288E+00
2,05/2/2026,18:37:26.891,-0.09E+00,-0.05E+00,+0.05E+00,+0.00E+00,-17.14E+00,+10.68E+00,+6.10E+00,+5.402E+00
2,05/2/2026,18:37:26.891,-0.09E+00,-0.05E+00,+0.05E+00,+0.00E+00,-17.14E+00,+10.93E+00,+5.86E+00,+5.517E+00
2,05/2/2026,18:37:26.891,-0.09E+00,-0.05E+00,+0.00E+00,+0.00E+00,-17.12E+00,+11.16E+00,+5.63E+00,+5.631E+00
2,05/2/2026,18:37:26.891,-0.09E+00,-0.05E+00,+0.00E+00,+0.00E+00,-17.12E+00,+11.38E+00,+5.39E+00,+5.745E+00
2,05/2/2026,18:37:26.891,-0.09E+00,-0.05E+00,+0.00E+00,+0.00E+00,-17.11E+00,+11.61E+00,+5.14E+00,+5.852E+00
2,05/2/2026,18:37:26.891,-0.09E+00,-0.05E+00,+0.05E+00,-0.05E+00,-17.11E+00,+11.84E+00,+4.91E+00,+5.967E+00
2,05/2/2026,18:37:26.892,-0.09E+00,-0.05E+00,+0.05E+00,-0.05E+00,-17.08E+00,+12.06E+00,+4.67E+00,+6.074E+00
2,05/2/2026,18:37:26.892,-0.09E+00,-0.05E+00,+0.00E+00,-0.05E+00,-17.05E+00,+12.27E+00,+4.43E+00,+6.188E+00
2,05/2/2026,18:37:26.892,-0.09E+00,-0.05E+00,+0.00E+00,+0.00E+00,-17.02E+00,+12.48E+00,+4.18E+00,+6.287E+00
2,05/2/2026,18:37:26.892,-0.09E+00,-0.05E+00,+0.05E+00,+0.00E+00,-16.97E+00,+12.67E+00,+3.94E+00,+6.386E+00
2,05/2/2026,18:37:26.892,-0.09E+00,-0.05E+00,+0.05E+00,+0.00E+00,-16.91E+00,+12.86E+00,+3.69E+00,+6.478E+00
2,05/2/2026,18:37:26.892,-0.09E+00,-0.05E+00,+0.00E+00,+0.00E+00,-16.83E+00,+13.06E+00,+3.43E+00,+6.562E+00
2,05/2/2026,18:37:26.892,-0.09E+00,-0.05E+00,+0.00E+00,+0.00E+00,-16.77E+00,+13.23E+00,+3.19E+00,+6.646E+00
2,05/2/2026,18:37:26.892,-0.09E+00,-0.05E+00,+0.05E+00,+0.00E+00,-16.68E+00,+13.38E+00,+2.95E+00,+6.730E+00
2,05/2/2026,18:37:26.892,-0.09E+00,-0.05E+00,+0.05E+00,+0.00E+00,-16.57E+00,+13.55E+00,+2.69E+00,+6.806E+00
2,05/2/2026,18:37:26.892,-0.09E+00,+0.00E+00,+0.05E+00,-0.05E+00,-16.48E+00,+13.70E+00,+2.41E+00,+6.882E+00
2,05/2/2026,18:37:26.892,-0.09E+00,-0.05E+00,+0.05E+00,+0.00E+00,-16.39E+00,+13.86E+00,+2.15E+00,+6.959E+00
2,05/2/2026,18:37:26.892,-0.09E+00,-0.05E+00,+0.05E+00,+0.00E+00,-16.27E+00,+14.01E+00,+1.91E+00,+7.035E+00
2,05/2/2026,18:37:26.892,-0.09E+00,-0.05E+00,+0.05E+00,+0.00E+00,-16.15E+00,+14.16E+00,+1.63E+00,+7.111E+00
2,05/2/2026,18:37:26.892,-0.09E+00,-0.05E+00,+0.05E+00,-0.05E+00,-16.04E+00,+14.30E+00,+1.37E+00,+7.180E+00
2,05/2/2026,18:37:26.892,-0.09E+00,-0.05E+00,+0.00E+00,-0.05E+00,-15.90E+00,+14.44E+00,+1.10E+00,+7.241E+00
2,05/2/2026,18:37:26.892,-0.05E+00,-0.05E+00,+0.00E+00,+0.00E+00,-15.76E+00,+14.57E+00,+0.82E+00,+7.310E+00
2,05/2/2026,18:37:26.892,-0.09E+00,-0.05E+00,+0.05E+00,+0.00E+00,-15.63E+00,+14.71E+00,+0.55E+00,+7.378E+00
2,05/2/2026,18:37:26.892,-0.09E+00,-0.05E+00,+0.00E+00,+0.00E+00,-15.47E+00,+14.85E+00,+0.27E+00,+7.439E+00
2,05/2/2026,18:37:26.892,-0.09E+00,-0.05E+00,+0.00E+00,-0.05E+00,-15.34E+00,+14.97E+00,+0.00E+00,+7.508E+00
2,05/2/2026,18:37:26.892,-0.09E+00,-0.05E+00,+0.05E+00,-0.05E+00,-15.18E+00,+15.09E+00,-0.27E+00,+7.561E+00
2,05/2/2026,18:37:26.893,-0.09E+00,-0.05E+00,+0.05E+00,+0.00E+00,-15.02E+00,+15.21E+00,-0.55E+00,+7.622E+00
2,05/2/2026,18:37:26.893,-0.09E+00,-0.05E+00,+0.05E+00,+0.00E+00,-14.86E+00,+15.32E+00,-0.82E+00,+7.676E+00
2,05/2/2026,18:37:26.893,-0.09E+00,-0.05E+00,+0.05E+00,+0.00E+00,-14.70E+00,+15.43E+00,-1.11E+00,+7.729E+00
2,05/2/2026,18:37:26.893,-0.09E+00,-0.05E+00,+0.05E+00,+0.00E+00,-14.51E+00,+15.53E+00,-1.39E+00,+7.775E+00
2,05/2/2026,18:37:26.893,-0.09E+00,-0.05E+00,+0.05E+00,+0.00E+00,-14.33E+00,+15.63E+00,-1.66E+00,+7.821E+00
2,05/2/2026,18:37:26.893,-0.09E+00,-0.05E+00,+0.00E+00,+0.00E+00,-14.15E+00,+15.72E+00,-1.94E+00,+7.867E+00
2,05/2/2026,18:37:26.893,-0.09E+00,-0.05E+00,+0.05E+00,+0.00E+00,-13.95E+00,+15.81E+00,-2.21E+00,+7.912E+00
2,05/2/2026,18:37:26.893,-0.09E+00,-0.05E+00,+0.05E+00,+0.00E+00,-13.76E+00,+15.90E+00,-2.49E+00,+7.951E+00
2,05/2/2026,18:37:26.893,-0.09E+00,-0.05E+00,+0.00E+00,-0.05E+00,-13.58E+00,+15.99E+00,-2.78E+00,+7.996E+00
2,05/2/2026,18:37:26.893,-0.09E+00,-0.05E+00,+0.05E+00,+0.00E+00,-13.38E+00,+16.07E+00,-3.05E+00,+8.034E+00
2,05/2/2026,18:37:26.893,-0.09E+00,-0.05E+00,+0.05E+00,+0.00E+00,-13.18E+00,+16.16E+00,-3.34E+00,+8.073E+00
2,05/2/2026,18:37:26.893,-0.09E+00,-0.05E+00,+0.00E+00,+0.00E+00,-12.99E+00,+16.24E+00,-3.60E+00,+8.111E+00
2,05/2/2026,18:37:26.893,-0.09E+00,-0.05E+00,+0.05E+00,-0.05E+00,-12.79E+00,+16.30E+00,-3.88E+00,+8.149E+00
2,05/2/2026,18:37:26.893,-0.09E+00,+0.00E+00,+0.05E+00,-0.05E+00,-12.59E+00,+16.37E+00,-4.15E+00,+8.179E+00
2,05/2/2026,18:37:26.893,-0.09E+00,-0.05E+00,+0.05E+00,+0.00E+00,-12.39E+00,+16.44E+00,-4.43E+00,+8.218E+00
2,05/2/2026,18:37:26.893,-0.09E+00,-0.05E+00,+0.00E+00,+0.00E+00,-12.18E+00,+16.51E+00,-4.68E+00,+8.248E+00
2,05/2/2026,18:37:26.893,-0.09E+00,-0.05E+00,+0.05E+00,+0.00E+00,-11.98E+00,+16.57E+00,-4.96E+00,+8.279E+00
2,05/2/2026,18:37:26.893,-0.09E+00,-0.05E+00,+0.05E+00,+0.00E+00,-11.78E+00,+16.65E+00,-5.23E+00,+8.302E+00
2,05/2/2026,18:37:26.893,-0.09E+00,-0.05E+00,+0.05E+00,+0.00E+00,-11.57E+00,+16.71E+00,-5.48E+00,+8.340E+00
2,05/2/2026,18:37:26.893,-0.09E+00,-0.05E+00,+0.00E+00,+0.00E+00,-11.37E+00,+16.76E+00,-5.75E+00,+8.370E+00
2,05/2/2026,18:37:26.894,-0.09E+00,-0.05E+00,+0.05E+00,-0.05E+00,-11.17E+00,+16.82E+00,-6.01E+00,+8.385E+00
2,05/2/2026,18:37:26.894,-0.09E+00,-0.05E+00,+0.05E+00,+0.00E+00,-10.96E+00,+16.86E+00,-6.27E+00,+8.416E+00
2,05/2/2026,18:37:26.894,-0.09E+00,-0.05E+00,+0.05E+00,+0.00E+00,-10.74E+00,+16.91E+00,-6.53E+00,+8.439E+00
2,05/2/2026,18:37:26.894,-0.09E+00,-0.05E+00,+0.05E+00,-0.05E+00,-10.53E+00,+16.95E+00,-6.79E+00,+8.454E+00
2,05/2/2026,18:37:26.894,-0.05E+00,-0.05E+00,+0.05E+00,-0.05E+00,-10.33E+00,+17.00E+00,-7.03E+00,+8.469E+00
2,05/2/2026,18:37:26.894,-0.09E+00,-0.05E+00,+0.05E+00,+0.00E+00,-10.12E+00,+17.03E+00,-7.28E+00,+8.492E+00
2,05/2/2026,18:37:26.894,-0.09E+00,-0.05E+00,+0.05E+00,+0.00E+00,-9.90E+00,+17.08E+00,-7.52E+00,+8.515E+00
2,05/2/2026,18:37:26.894,-0.09E+00,-0.05E+00,+0.05E+00,+0.00E+00,-9.71E+00,+17.11E+00,-7.78E+00,+8.523E+00
2,05/2/2026,18:37:26.894,-0.09E+00,-0.05E+00,+0.05E+00,-0.05E+00,-9.49E+00,+17.14E+00,-8.01E+00,+8.538E+00
2,05/2/2026,18:37:26.894,-0.09E+00,-0.05E+00,+0.05E+00,-0.05E+00,-9.29E+00,+17.17E+00,-8.24E+00,+8.553E+00
2,05/2/2026,18:37:26.894,-0.09E+00,-0.05E+00,+0.05E+00,+0.00E+00,-9.10E+00,+17.20E+00,-8.45E+00,+8.569E+00
2,05/2/2026,18:37:26.894,-0.09E+00,-0.05E+00,+0.00E+00,+0.00E+00,-8.88E+00,+17.21E+00,-8.70E+00,+8.576E+00
2,05/2/2026,18:37:26.894,-0.09E+00,-0.05E+00,+0.05E+00,-0.05E+00,-8.67E+00,+17.24E+00,-8.93E+00,+8.584E+00
2,05/2/2026,18:37:26.894,-0.09E+00,-0.05E+00,+0.00E+00,+0.00E+00,-8.45E+00,+17.26E+00,-9.17E+00,+8.591E+00
2,05/2/2026,18:37:26.894,-0.09E+00,-0.05E+00,+0.05E+00,-0.05E+00,-8.23E+00,+17.27E+00,-9.42E+00,+8.599E+00
2,05/2/2026,18:37:26.894,-0.09E+00,-0.05E+00,+0.05E+00,-0.05E+00,-8.00E+00,+17.29E+00,-9.66E+00,+8.607E+00
2,05/2/2026,18:37:26.894,-0.09E+00,-0.05E+00,+0.00E+00,+0.00E+00,-7.78E+00,+17.31E+00,-9.90E+00,+8.607E+00
2,05/2/2026,18:37:26.894,-0.09E+00,-0.05E+00,+0.05E+00,+0.00E+00,-7.55E+00,+17.31E+00,-10.15E+00,+8.614E+00
2,05/2/2026,18:37:26.894,-0.09E+00,-0.05E+00,+0.05E+00,+0.00E+00,-7.31E+00,+17.32E+00,-10.38E+00,+8.622E+00
2,05/2/2026,18:37:26.894,-0.09E+00,-0.05E+00,+0.00E+00,+0.00E+00,-7.08E+00,+17.34E+00,-10.62E+00,+8.622E+00
2,05/2/2026,18:37:26.895,-0.09E+00,-0.05E+00,+0.05E+00,+0.00E+00,-6.85E+00,+17.34E+00,-10.85E+00,+8.622E+00
2,05/2/2026,18:37:26.895,-0.05E+00,-0.05E+00,+0.05E+00,+0.00E+00,-6.62E+00,+17.34E+00,-11.08E+00,+8.614E+00
2,05/2/2026,18:37:26.895,-0.09E+00,-0.05E+00,+0.05E+00,-0.05E+00,-6.38E+00,+17.34E+00,-11.31E+00,+8.614E+00
2,05/2/2026,18:37:26.895,-0.09E+00,-0.05E+00,+0.00E+00,-0.05E+00,-6.15E+00,+17.34E+00,-11.55E+00,+8.614E+00
2,05/2/2026,18:37:26.895,-0.09E+00,-0.05E+00,+0.05E+00,+0.00E+00,-5.92E+00,+17.32E+00,-11.78E+00,+8.614E+00
2,05/2/2026,18:37:26.895,-0.09E+00,-0.05E+00,+0.05E+00,+0.00E+00,-5.68E+00,+17.32E+00,-12.01E+00,+8.599E+00
2,05/2/2026,18:37:26.895,-0.09E+00,-0.05E+00,+0.05E+00,+0.00E+00,-5.45E+00,+17.31E+00,-12.22E+00,+8.591E+00
2,05/2/2026,18:37:26.895,-0.09E+00,-0.05E+00,+0.05E+00,+0.00E+00,-5.22E+00,+17.27E+00,-12.42E+00,+8.584E+00
2,05/2/2026,18:37:26.895,-0.09E+00,-0.05E+00,+0.05E+00,-0.05E+00,-4.99E+00,+17.24E+00,-12.64E+00,+8.561E+00
2,05/2/2026,18:37:26.895,-0.09E+00,-0.05E+00,+0.00E+00,-0.05E+00,-4.75E+00,+17.20E+00,-12.82E+00,+8.538E+00
2,05/2/2026,18:37:26.895,-0.09E+00,-0.05E+00,+0.00E+00,+0.00E+00,-4.50E+00,+17.14E+00,-13.00E+00,+8.508E+00
2,05/2/2026,18:37:26.895,-0.09E+00,-0.05E+00,+0.05E+00,+0.00E+00,-4.26E+00,+17.08E+00,-13.18E+00,+8.469E+00
2,05/2/2026,18:37:26.895,-0.09E+00,-0.05E+00,+0.00E+00,-0.05E+00,-4.01E+00,+16.98E+00,-13.34E+00,+8.424E+00
2,05/2/2026,18:37:26.895,-0.09E+00,-0.05E+00,+0.05E+00,-0.05E+00,-3.75E+00,+16.88E+00,-13.49E+00,+8.378E+00
2,05/2/2026,18:37:26.895,-0.09E+00,-0.05E+00,+0.05E+00,+0.00E+00,-3.49E+00,+16.77E+00,-13.64E+00,+8.324E+00
2,05/2/2026,18:37:26.895,-0.09E+00,-0.05E+00,+0.00E+00,+0.00E+00,-3.24E+00,+16.66E+00,-13.80E+00,+8.263E+00
2,05/2/2026,18:37:26.895,-0.09E+00,-0.05E+00,+0.00E+00,+0.00E+00,-2.99E+00,+16.54E+00,-13.93E+00,+8.202E+00
2,05/2/2026,18:37:26.895,-0.09E+00,-0.05E+00,+0.00E+00,-0.05E+00,-2.72E+00,+16.42E+00,-14.07E+00,+8.141E+00
2,05/2/2026,18:37:26.895,-0.09E+00,-0.05E+00,+0.00E+00,-0.05E+00,-2.46E+00,+16.30E+00,-14.21E+00,+8.080E+00
2,05/2/2026,18:37:26.895,-0.09E+00,-0.05E+00,+0.00E+00,+0.00E+00,-2.20E+00,+16.16E+00,-14.34E+00,+8.012E+00
2,05/2/2026,18:37:26.896,-0.09E+00,-0.05E+00,+0.05E+00,+0.00E+00,-1.94E+00,+16.02E+00,-14.47E+00,+7.935E+00
2,05/2/2026,18:37:26.896,-0.09E+00,-0.05E+00,+0.05E+00,+0.00E+00,-1.65E+00,+15.89E+00,-14.59E+00,+7.867E+00
2,05/2/2026,18:37:26.896,-0.09E+00,-0.05E+00,+0.00E+00,+0.00E+00,-1.37E+00,+15.73E+00,-14.71E+00,+7.790E+00
2,05/2/2026,18:37:26.896,-0.09E+00,-0.05E+00,+0.05E+00,+0.00E+00,-1.10E+00,+15.57E+00,-14.83E+00,+7.706E+00
2,05/2/2026,18:37:26.896,-0.09E+00,-0.05E+00,+0.05E+00,+0.00E+00,-0.82E+00,+15.41E+00,-14.95E+00,+7.630E+00
2,05/2/2026,18:37:26.896,-0.09E+00,-0.05E+00,+0.00E+00,+0.00E+00,-0.53E+00,+15.24E+00,-15.08E+00,+7.546E+00
2,05/2/2026,18:37:26.896,-0.09E+00,-0.09E+00,+0.00E+00,-0.05E+00,-0.26E+00,+15.08E+00,-15.18E+00,+7.462E+00
2,05/2/2026,18:37:26.896,-0.09E+00,-0.05E+00,+0.05E+00,+0.00E+00,+0.03E+00,+14.89E+00,-15.29E+00,+7.371E+00
2,05/2/2026,18:37:26.896,-0.09E+00,-0.05E+00,+0.05E+00,+0.00E+00,+0.31E+00,+14.71E+00,-15.40E+00,+7.287E+00
2,05/2/2026,18:37:26.896,-0.09E+00,-0.05E+00,+0.05E+00,+0.00E+00,+0.60E+00,+14.54E+00,-15.49E+00,+7.195E+00
2,05/2/2026,18:37:26.896,-0.09E+00,-0.05E+00,+0.00E+00,+0.00E+00,+0.87E+00,+14.36E+00,-15.60E+00,+7.104E+00
2,05/2/2026,18:37:26.896,-0.09E+00,-0.05E+00,+0.00E+00,+0.00E+00,+1.16E+00,+14.18E+00,-15.70E+00,+7.004E+00
2,05/2/2026,18:37:26.896,-0.09E+00,-0.05E+00,+0.05E+00,+0.00E+00,+1.45E+00,+13.99E+00,-15.79E+00,+6.913E+00
2,05/2/2026,18:37:26.896,-0.09E+00,-0.05E+00,+0.05E+00,+0.00E+00,+1.72E+00,+13.81E+00,-15.87E+00,+6.821E+00
2,05/2/2026,18:37:26.896,-0.09E+00,-0.05E+00,+0.05E+00,+0.00E+00,+2.00E+00,+13.61E+00,-15.98E+00,+6.722E+00
2,05/2/2026,18:37:26.896,-0.09E+00,-0.05E+00,+0.05E+00,+0.00E+00,+2.29E+00,+13.43E+00,-16.05E+00,+6.623E+00
2,05/2/2026,18:37:26.896,-0.09E+00,-0.05E+00,+0.00E+00,+0.00E+00,+2.56E+00,+13.23E+00,-16.15E+00,+6.531E+00
2,05/2/2026,18:37:26.896,-0.09E+00,-0.05E+00,+0.00E+00,-0.05E+00,+2.84E+00,+13.03E+00,-16.22E+00,+6.425E+00
2,05/2/2026,18:37:26.896,-0.09E+00,-0.05E+00,+0.00E+00,-0.05E+00,+3.10E+00,+12.83E+00,-16.30E+00,+6.325E+00
2,05/2/2026,18:37:26.896,-0.09E+00,-0.05E+00,+0.00E+00,+0.00E+00,+3.37E+00,+12.64E+00,-16.36E+00,+6.226E+00
2,05/2/2026,18:37:26.897,-0.09E+00,-0.05E+00,+0.05E+00,+0.00E+00,+3.65E+00,+12.44E+00,-16.42E+00,+6.127E+00
2,05/2/2026,18:37:26.897,-0.09E+00,-0.05E+00,+0.05E+00,-0.05E+00,+3.91E+00,+12.22E+00,-16.48E+00,+6.020E+00
2,05/2/2026,18:37:26.897,-0.09E+00,-0.05E+00,+0.00E+00,+0.00E+00,+4.17E+00,+12.03E+00,-16.54E+00,+5.921E+00
2,05/2/2026,18:37:26.897,-0.09E+00,-0.05E+00,+0.05E+00,+0.00E+00,+4.43E+00,+11.83E+00,-16.60E+00,+5.814E+00
2,05/2/2026,18:37:26.897,-0.09E+00,-0.05E+00,+0.05E+00,-0.05E+00,+4.68E+00,+11.61E+00,-16.65E+00,+5.715E+00
2,05/2/2026,18:37:26.897,-0.09E+00,-0.05E+00,+0.05E+00,+0.00E+00,+4.94E+00,+11.40E+00,-16.69E+00,+5.608E+00
2,05/2/2026,18:37:26.897,-0.09E+00,-0.05E+00,+0.00E+00,+0.00E+00,+5.20E+00,+11.20E+00,-16.76E+00,+5.509E+00
2,05/2/2026,18:37:26.897,-0.09E+00,-0.05E+00,+0.00E+00,-0.05E+00,+5.46E+00,+10.99E+00,-16.80E+00,+5.402E+00
2,05/2/2026,18:37:26.897,-0.09E+00,-0.05E+00,+0.05E+00,+0.00E+00,+5.71E+00,+10.79E+00,-16.85E+00,+5.295E+00
2,05/2/2026,18:37:26.897,-0.09E+00,-0.05E+00,+0.05E+00,+0.00E+00,+5.97E+00,+10.58E+00,-16.89E+00,+5.196E+00
2,05/2/2026,18:37:26.897,-0.09E+00,-0.05E+00,+0.00E+00,+0.00E+00,+6.21E+00,+10.36E+00,-16.92E+00,+5.089E+00
2,05/2/2026,18:37:26.897,-0.09E+00,-0.05E+00,+0.05E+00,+0.00E+00,+6.46E+00,+10.16E+00,-16.97E+00,+4.982E+00
2,05/2/2026,18:37:26.897,-0.09E+00,-0.05E+00,+0.05E+00,+0.00E+00,+6.70E+00,+9.95E+00,-17.00E+00,+4.883E+00
2,05/2/2026,18:37:26.897,-0.09E+00,-0.05E+00,+0.05E+00,-0.05E+00,+6.94E+00,+9.74E+00,-17.05E+00,+4.776E+00
2,05/2/2026,18:37:26.897,-0.09E+00,-0.05E+00,+0.00E+00,-0.05E+00,+7.19E+00,+9.52E+00,-17.08E+00,+4.670E+00
2,05/2/2026,18:37:26.897,-0.05E+00,-0.05E+00,+0.05E+00,+0.00E+00,+7.43E+00,+9.31E+00,-17.09E+00,+4.563E+00
2,05/2/2026,18:37:26.897,-0.09E+00,-0.09E+00,+0.00E+00,+0.00E+00,+7.68E+00,+9.10E+00,-17.11E+00,+4.456E+00
2,05/2/2026,18:37:26.897,-0.09E+00,-0.05E+00,+0.00E+00,+0.00E+00,+7.90E+00,+8.87E+00,-17.12E+00,+4.349E+00
2,05/2/2026,18:37:26.897,-0.09E+00,-0.05E+00,+0.00E+00,-0.05E+00,+8.15E+00,+8.65E+00,-17.15E+00,+4.235E+00
2,05/2/2026,18:37:26.897,-0.09E+00,-0.05E+00,+0.05E+00,+0.00E+00,+8.39E+00,+8.42E+00,-17.17E+00,+4.120E+00
2,05/2/2026,18:37:26.898,-0.09E+00,-0.05E+00,+0.05E+00,+0.00E+00,+8.62E+00,+8.19E+00,-17.18E+00,+4.006E+00
2,05/2/2026,18:37:26.898,-0.09E+00,-0.05E+00,+0.05E+00,+0.00E+00,+8.87E+00,+7.97E+00,-17.18E+00,+3.891E+00
2,05/2/2026,18:37:26.898,-0.09E+00,-0.05E+00,+0.05E+00,-0.05E+00,+9.10E+00,+7.74E+00,-17.20E+00,+3.785E+00
2,05/2/2026,18:37:26.898,-0.09E+00,-0.05E+00,+0.05E+00,-0.05E+00,+9.34E+00,+7.51E+00,-17.21E+00,+3.670E+00
2,05/2/2026,18:37:26.898,-0.09E+00,-0.05E+00,+0.05E+00,+0.00E+00,+9.58E+00,+7.29E+00,-17.21E+00,+3.556E+00
2,05/2/2026,18:37:26.898,-0.05E+00,-0.05E+00,+0.05E+00,+0.00E+00,+9.83E+00,+7.05E+00,-17.23E+00,+3.434E+00
2,05/2/2026,18:37:26.898,-0.09E+00,-0.05E+00,+0.05E+00,+0.00E+00,+10.06E+00,+6.82E+00,-17.23E+00,+3.319E+00
2,05/2/2026,18:37:26.898,-0.09E+00,-0.05E+00,+0.05E+00,+0.00E+00,+10.29E+00,+6.58E+00,-17.23E+00,+3.197E+00
2,05/2/2026,18:37:26.898,-0.09E+00,-0.05E+00,+0.05E+00,-0.05E+00,+10.53E+00,+6.33E+00,-17.23E+00,+3.075E+00
2,05/2/2026,18:37:26.898,-0.09E+00,-0.05E+00,+0.00E+00,-0.05E+00,+10.77E+00,+6.09E+00,-17.21E+00,+2.960E+00
2,05/2/2026,18:37:26.898,-0.05E+00,-0.05E+00,+0.00E+00,+0.00E+00,+11.00E+00,+5.86E+00,-17.21E+00,+2.838E+00
2,05/2/2026,18:37:26.898,-0.09E+00,-0.05E+00,+0.00E+00,+0.00E+00,+11.23E+00,+5.62E+00,-17.21E+00,+2.716E+00
2,05/2/2026,18:37:26.898,-0.09E+00,-0.05E+00,+0.05E+00,+0.00E+00,+11.46E+00,+5.37E+00,-17.20E+00,+2.602E+00
2,05/2/2026,18:37:26.898,-0.09E+00,-0.05E+00,+0.05E+00,+0.00E+00,+11.69E+00,+5.14E+00,-17.18E+00,+2.487E+00
2,05/2/2026,18:37:26.898,-0.09E+00,-0.05E+00,+0.05E+00,+0.00E+00,+11.89E+00,+4.91E+00,-17.15E+00,+2.365E+00
2,05/2/2026,18:37:26.898,-0.09E+00,-0.05E+00,+0.05E+00,+0.00E+00,+12.10E+00,+4.67E+00,-17.14E+00,+2.251E+00
2,05/2/2026,18:37:26.898,-0.09E+00,-0.05E+00,+0.05E+00,+0.00E+00,+12.31E+00,+4.43E+00,-17.11E+00,+2.129E+00
2,05/2/2026,18:37:26.898,-0.09E+00,-0.05E+00,+0.00E+00,+0.00E+00,+12.51E+00,+4.18E+00,-17.06E+00,+2.007E+00
2,05/2/2026,18:37:26.898,-0.09E+00,-0.05E+00,+0.00E+00,+0.00E+00,+12.70E+00,+3.94E+00,-17.00E+00,+1.877E+00
2,05/2/2026,18:37:26.898,-0.09E+00,-0.05E+00,+0.05E+00,+0.00E+00,+12.88E+00,+3.68E+00,-16.92E+00,+1.755E+00
2,05/2/2026,18:37:26.899,-0.09E+00,-0.05E+00,+0.05E+00,+0.00E+00,+13.06E+00,+3.42E+00,-16.83E+00,+1.625E+00
2,05/2/2026,18:37:26.899,-0.09E+00,-0.05E+00,+0.05E+00,+0.00E+00,+13.23E+00,+3.14E+00,-16.73E+00,+1.488E+00
2,05/2/2026,18:37:26.899,-0.09E+00,-0.05E+00,+0.05E+00,+0.00E+00,+13.38E+00,+2.87E+00,-16.60E+00,+1.358E+00
2,05/2/2026,18:37:26.899,-0.09E+00,-0.05E+00,+0.05E+00,-0.05E+00,+13.52E+00,+2.61E+00,-16.48E+00,+1.221E+00
2,05/2/2026,18:37:26.899,-0.09E+00,-0.05E+00,+0.05E+00,-0.05E+00,+13.66E+00,+2.33E+00,-16.36E+00,+1.083E+00
2,05/2/2026,18:37:26.899,-0.09E+00,-0.05E+00,+0.05E+00,+0.00E+00,+13.80E+00,+2.08E+00,-16.22E+00,+0.954E+00
2,05/2/2026,18:37:26.899,-0.09E+00,-0.05E+00,+0.05E+00,+0.00E+00,+13.93E+00,+1.80E+00,-16.08E+00,+0.824E+00
2,05/2/2026,18:37:26.899,-0.09E+00,-0.05E+00,+0.05E+00,+0.00E+00,+14.07E+00,+1.54E+00,-15.96E+00,+0.687E+00
2,05/2/2026,18:37:26.899,-0.09E+00,-0.05E+00,+0.05E+00,+0.00E+00,+14.19E+00,+1.27E+00,-15.81E+00,+0.557E+00
2,05/2/2026,18:37:26.899,-0.09E+00,-0.05E+00,+0.00E+00,+0.00E+00,+14.31E+00,+0.99E+00,-15.67E+00,+0.420E+00
2,05/2/2026,18:37:26.899,-0.09E+00,-0.05E+00,+0.00E+00,+0.00E+00,+14.45E+00,+0.73E+00,-15.53E+00,+0.290E+00
2,05/2/2026,18:37:26.899,-0.09E+00,-0.05E+00,+0.00E+00,+0.00E+00,+14.57E+00,+0.46E+00,-15.38E+00,+0.153E+00
2,05/2/2026,18:37:26.899,-0.09E+00,-0.05E+00,+0.00E+00,+0.00E+00,+14.68E+00,+0.20E+00,-15.23E+00,+0.023E+00
2,05/2/2026,18:37:26.899,-0.09E+00,-0.05E+00,+0.05E+00,-0.05E+00,+14.79E+00,-0.08E+00,-15.08E+00,-0.107E+00
2,05/2/2026,18:37:26.899,-0.09E+00,-0.05E+00,+0.05E+00,+0.00E+00,+14.89E+00,-0.34E+00,-14.91E+00,-0.244E+00
2,05/2/2026,18:37:26.899,-0.09E+00,-0.05E+00,+0.05E+00,+0.00E+00,+14.99E+00,-0.61E+00,-14.74E+00,-0.374E+00
2,05/2/2026,18:37:26.899,-0.09E+00,-0.05E+00,+0.05E+00,+0.00E+00,+15.08E+00,-0.89E+00,-14.56E+00,-0.511E+00
2,05/2/2026,18:37:26.899,-0.09E+00,-0.05E+00,+0.00E+00,+0.00E+00,+15.17E+00,-1.16E+00,-14.38E+00,-0.649E+00
2,05/2/2026,18:37:26.899,-0.09E+00,-0.05E+00,+0.00E+00,+0.00E+00,+15.24E+00,-1.43E+00,-14.18E+00,-0.786E+00
2,05/2/2026,18:37:26.899,-0.09E+00,-0.05E+00,+0.05E+00,+0.00E+00,+15.34E+00,-1.72E+00,-13.98E+00,-0.923E+00
2,05/2/2026,18:37:26.900,-0.09E+00,-0.05E+00,+0.05E+00,+0.00E+00,+15.41E+00,-2.00E+00,-13.78E+00,-1.068E+00
2,05/2/2026,18:37:26.900,-0.09E+00,-0.05E+00,+0.05E+00,+0.00E+00,+15.49E+00,-2.29E+00,-13.58E+00,-1.206E+00
2,05/2/2026,18:37:26.900,-0.09E+00,-0.05E+00,+0.05E+00,+0.00E+00,+15.58E+00,-2.58E+00,-13.38E+00,-1.351E+00
2,05/2/2026,18:37:26.900,-0.09E+00,-0.05E+00,+0.05E+00,+0.00E+00,+15.67E+00,-2.85E+00,-13.18E+00,-1.488E+00
2,05/2/2026,18:37:26.900,-0.09E+00,-0.05E+00,+0.05E+00,+0.00E+00,+15.75E+00,-3.14E+00,-12.99E+00,-1.625E+00
2,05/2/2026,18:37:26.900,-0.09E+00,-0.05E+00,+0.05E+00,+0.00E+00,+15.82E+00,-3.42E+00,-12.79E+00,-1.763E+00
2,05/2/2026,18:37:26.900,-0.09E+00,-0.05E+00,+0.00E+00,-0.05E+00,+15.92E+00,-3.69E+00,-12.57E+00,-1.908E+00
2,05/2/2026,18:37:26.900,-0.09E+00,-0.05E+00,+0.00E+00,+0.00E+00,+15.99E+00,-3.97E+00,-12.38E+00,-2.045E+00
2,05/2/2026,18:37:26.900,-0.09E+00,-0.05E+00,+0.05E+00,+0.00E+00,+16.05E+00,-4.24E+00,-12.18E+00,-2.182E+00
2,05/2/2026,18:37:26.900,-0.09E+00,-0.05E+00,+0.05E+00,+0.00E+00,+16.11E+00,-4.52E+00,-11.96E+00,-2.320E+00
2,05/2/2026,18:37:26.900,-0.09E+00,-0.05E+00,+0.05E+00,+0.00E+00,+16.19E+00,-4.79E+00,-11.75E+00,-2.449E+00
2,05/2/2026,18:37:26.900,-0.09E+00,-0.05E+00,+0.05E+00,+0.00E+00,+16.24E+00,-5.08E+00,-11.54E+00,-2.587E+00
2,05/2/2026,18:37:26.900,-0.09E+00,-0.05E+00,+0.05E+00,+0.00E+00,+16.30E+00,-5.34E+00,-11.32E+00,-2.724E+00
2,05/2/2026,18:37:26.900,-0.09E+00,-0.05E+00,+0.05E+00,+0.00E+00,+16.36E+00,-5.62E+00,-11.09E+00,-2.854E+00
2,05/2/2026,18:37:26.900,-0.09E+00,-0.05E+00,+0.05E+00,+0.00E+00,+16.40E+00,-5.89E+00,-10.88E+00,-2.991E+00
2,05/2/2026,18:37:26.900,-0.09E+00,-0.05E+00,+0.00E+00,+0.00E+00,+16.45E+00,-6.15E+00,-10.67E+00,-3.121E+00
2,05/2/2026,18:37:26.900,-0.09E+00,-0.05E+00,+0.00E+00,-0.05E+00,+16.50E+00,-6.41E+00,-10.45E+00,-3.250E+00
2,05/2/2026,18:37:26.900,-0.09E+00,-0.05E+00,+0.00E+00,-0.05E+00,+16.56E+00,-6.68E+00,-10.24E+00,-3.380E+00
2,05/2/2026,18:37:26.900,-0.05E+00,-0.05E+00,+0.05E+00,+0.00E+00,+16.59E+00,-6.94E+00,-10.03E+00,-3.510E+00
2,05/2/2026,18:37:26.900,-0.05E+00,-0.05E+00,+0.05E+00,+0.00E+00,+16.63E+00,-7.19E+00,-9.80E+00,-3.632E+00
2,05/2/2026,18:37:26.901,-0.09E+00,-0.05E+00,+0.05E+00,-0.05E+00,+16.66E+00,-7.45E+00,-9.58E+00,-3.762E+00
2,05/2/2026,18:37:26.901,-0.09E+00,-0.05E+00,+0.00E+00,-0.05E+00,+16.69E+00,-7.71E+00,-9.37E+00,-3.884E+00
2,05/2/2026,18:37:26.901,-0.09E+00,-0.05E+00,+0.05E+00,+0.00E+00,+16.73E+00,-7.94E+00,-9.17E+00,-3.998E+00
2,05/2/2026,18:37:26.901,-0.09E+00,-0.05E+00,+0.05E+00,+0.00E+00,+16.76E+00,-8.18E+00,-8.96E+00,-4.120E+00
2,05/2/2026,18:37:26.901,-0.09E+00,-0.05E+00,+0.00E+00,+0.00E+00,+16.79E+00,-8.42E+00,-8.73E+00,-4.242E+00
2,05/2/2026,18:37:26.901,-0.09E+00,-0.05E+00,+0.05E+00,-0.05E+00,+16.80E+00,-8.68E+00,-8.50E+00,-4.364E+00
2,05/2/2026,18:37:26.901,-0.09E+00,-0.05E+00,+0.05E+00,-0.05E+00,+16.82E+00,-8.93E+00,-8.27E+00,-4.486E+00
2,05/2/2026,18:37:26.901,-0.09E+00,-0.05E+00,+0.05E+00,+0.00E+00,+16.85E+00,-9.17E+00,-8.03E+00,-4.609E+00
2,05/2/2026,18:37:26.901,-0.05E+00,-0.05E+00,+0.05E+00,+0.00E+00,+16.85E+00,-9.42E+00,-7.80E+00,-4.731E+00
2,05/2/2026,18:37:26.901,-0.05E+00,-0.05E+00,+0.05E+00,+0.00E+00,+16.85E+00,-9.66E+00,-7.57E+00,-4.853E+00
2,05/2/2026,18:37:26.901,-0.09E+00,-0.05E+00,+0.05E+00,-0.05E+00,+16.86E+00,-9.90E+00,-7.32E+00,-4.967E+00
2,05/2/2026,18:37:26.901,-0.09E+00,-0.05E+00,+0.05E+00,-0.05E+00,+16.86E+00,-10.15E+00,-7.10E+00,-5.089E+00
2,05/2/2026,18:37:26.901,-0.09E+00,-0.05E+00,+0.05E+00,+0.00E+00,+16.88E+00,-10.38E+00,-6.87E+00,-5.211E+00
2,05/2/2026,18:37:26.901,-0.09E+00,-0.05E+00,+0.05E+00,+0.00E+00,+16.88E+00,-10.61E+00,-6.62E+00,-5.318E+00
2,05/2/2026,18:37:26.901,-0.09E+00,-0.05E+00,+0.00E+00,-0.05E+00,+16.86E+00,-10.85E+00,-6.39E+00,-5.433E+00
2,05/2/2026,18:37:26.901,-0.09E+00,-0.05E+00,+0.00E+00,-0.05E+00,+16.86E+00,-11.08E+00,-6.17E+00,-5.555E+00
2,05/2/2026,18:37:26.901,-0.09E+00,-0.05E+00,+0.00E+00,+0.00E+00,+16.86E+00,-11.32E+00,-5.92E+00,-5.669E+00
2,05/2/2026,18:37:26.901,-0.09E+00,-0.05E+00,+0.05E+00,+0.00E+00,+16.86E+00,-11.55E+00,-5.68E+00,-5.784E+00
2,05/2/2026,18:37:26.901,-0.09E+00,-0.05E+00,+0.05E+00,+0.00E+00,+16.85E+00,-11.78E+00,-5.43E+00,-5.898E+00
2,05/2/2026,18:37:26.901,-0.09E+00,-0.05E+00,+0.05E+00,+0.00E+00,+16.83E+00,-12.01E+00,-5.20E+00,-6.013E+00
2,05/2/2026,18:37:26.902,-0.09E+00,-0.05E+00,+0.00E+00,+0.00E+00,+16.82E+00,-12.22E+00,-4.96E+00,-6.119E+00
2,05/2/2026,18:37:26.902,-0.09E+00,-0.05E+00,+0.00E+00,-0.05E+00,+16.79E+00,-12.44E+00,-4.70E+00,-6.226E+00
2,05/2/2026,18:37:26.902,-0.09E+00,-0.05E+00,+0.05E+00,-0.05E+00,+16.74E+00,-12.65E+00,-4.46E+00,-6.325E+00
2,05/2/2026,18:37:26.902,-0.09E+00,-0.05E+00,+0.00E+00,+0.00E+00,+16.69E+00,-12.85E+00,-4.21E+00,-6.425E+00
2,05/2/2026,18:37:26.902,-0.09E+00,-0.05E+00,+0.00E+00,+0.00E+00,+16.63E+00,-13.03E+00,-3.97E+00,-6.516E+00
2,05/2/2026,18:37:26.902,-0.09E+00,-0.05E+00,+0.05E+00,+0.00E+00,+16.57E+00,-13.22E+00,-3.72E+00,-6.600E+00
2,05/2/2026,18:37:26.902,-0.09E+00,-0.05E+00,+0.05E+00,+0.00E+00,+16.50E+00,-13.38E+00,-3.48E+00,-6.684E+00
2,05/2/2026,18:37:26.902,-0.09E+00,-0.05E+00,+0.05E+00,+0.00E+00,+16.40E+00,-13.55E+00,-3.22E+00,-6.760E+00
2,05/2/2026,18:37:26.902,-0.09E+00,-0.05E+00,+0.05E+00,+0.00E+00,+16.30E+00,-13.70E+00,-2.96E+00,-6.844E+00
2,05/2/2026,18:37:26.902,-0.09E+00,-0.05E+00,+0.05E+00,+0.00E+00,+16.21E+00,-13.87E+00,-2.70E+00,-6.920E+00
2,05/2/2026,18:37:26.902,-0.09E+00,-0.05E+00,+0.05E+00,+0.00E+00,+16.10E+00,-14.02E+00,-2.44E+00,-6.997E+00
2,05/2/2026,18:37:26.902,-0.09E+00,-0.05E+00,+0.05E+00,-0.05E+00,+15.99E+00,-14.16E+00,-2.18E+00,-7.065E+00
2,05/2/2026,18:37:26.902,-0.05E+00,-0.05E+00,+0.05E+00,+0.00E+00,+15.87E+00,-14.31E+00,-1.92E+00,-7.142E+00
2,05/2/2026,18:37:26.902,-0.09E+00,-0.05E+00,+0.05E+00,+0.00E+00,+15.75E+00,-14.47E+00,-1.65E+00,-7.210E+00
2,05/2/2026,18:37:26.902,-0.09E+00,-0.05E+00,+0.00E+00,-0.05E+00,+15.61E+00,-14.60E+00,-1.37E+00,-7.279E+00
2,05/2/2026,18:37:26.902,-0.09E+00,-0.05E+00,+0.00E+00,-0.05E+00,+15.47E+00,-14.74E+00,-1.10E+00,-7.348E+00
2,05/2/2026,18:37:26.902,-0.09E+00,-0.05E+00,+0.00E+00,+0.00E+00,+15.35E+00,-14.88E+00,-0.82E+00,-7.416E+00
2,05/2/2026,18:37:26.902,-0.09E+00,-0.05E+00,+0.05E+00,+0.00E+00,+15.20E+00,-15.02E+00,-0.55E+00,-7.477E+00
2,05/2/2026,18:37:26.902,-0.09E+00,-0.05E+00,+0.05E+00,+0.00E+00,+15.06E+00,-15.14E+00,-0.29E+00,-7.539E+00
2,05/2/2026,18:37:26.902,-0.09E+00,-0.05E+00,+0.05E+00,-0.05E+00,+14.91E+00,-15.26E+00,+0.00E+00,-7.600E+00
2,05/2/2026,18:37:26.903,-0.09E+00,-0.05E+00,+0.05E+00,-0.05E+00,+14.74E+00,-15.38E+00,+0.27E+00,-7.661E+00
2,05/2/2026,18:37:26.903,-0.09E+00,-0.05E+00,+0.05E+00,+0.00E+00,+14.57E+00,-15.49E+00,+0.55E+00,-7.714E+00
2,05/2/2026,18:37:26.903,-0.09E+00,-0.05E+00,+0.00E+00,+0.00E+00,+14.41E+00,-15.60E+00,+0.82E+00,-7.760E+00
2,05/2/2026,18:37:26.903,-0.09E+00,-0.05E+00,+0.05E+00,+0.00E+00,+14.22E+00,-15.69E+00,+1.10E+00,-7.813E+00
2,05/2/2026,18:37:26.903,-0.09E+00,-0.05E+00,+0.00E+00,+0.00E+00,+14.05E+00,-15.79E+00,+1.39E+00,-7.859E+00
2,05/2/2026,18:37:26.903,-0.09E+00,-0.05E+00,+0.00E+00,+0.00E+00,+13.87E+00,-15.89E+00,+1.66E+00,-7.897E+00
2,05/2/2026,18:37:26.903,-0.09E+00,-0.05E+00,+0.00E+00,-0.05E+00,+13.67E+00,-15.98E+00,+1.94E+00,-7.943E+00
2,05/2/2026,18:37:26.903,-0.09E+00,-0.05E+00,+0.05E+00,-0.05E+00,+13.49E+00,-16.07E+00,+2.21E+00,-7.989E+00
2,05/2/2026,18:37:26.903,-0.05E+00,-0.05E+00,+0.05E+00,+0.00E+00,+13.29E+00,-16.15E+00,+2.50E+00,-8.027E+00
2,05/2/2026,18:37:26.903,-0.09E+00,-0.05E+00,+0.05E+00,+0.00E+00,+13.09E+00,-16.24E+00,+2.78E+00,-8.073E+00
2,05/2/2026,18:37:26.903,-0.09E+00,-0.05E+00,+0.05E+00,-0.05E+00,+12.89E+00,-16.31E+00,+3.05E+00,-8.103E+00
2,05/2/2026,18:37:26.903,-0.09E+00,-0.05E+00,+0.00E+00,-0.05E+00,+12.70E+00,-16.39E+00,+3.33E+00,-8.141E+00
2,05/2/2026,18:37:26.903,-0.09E+00,-0.05E+00,+0.00E+00,-0.05E+00,+12.50E+00,-16.47E+00,+3.60E+00,-8.179E+00
2,05/2/2026,18:37:26.903,-0.09E+00,-0.05E+00,+0.05E+00,+0.00E+00,+12.30E+00,-16.53E+00,+3.88E+00,-8.210E+00
2,05/2/2026,18:37:26.903,-0.09E+00,-0.05E+00,+0.05E+00,+0.00E+00,+12.10E+00,-16.60E+00,+4.14E+00,-8.241E+00
2,05/2/2026,18:37:26.903,-0.09E+00,-0.05E+00,+0.05E+00,+0.00E+00,+11.89E+00,-16.66E+00,+4.41E+00,-8.271E+00
2,05/2/2026,18:37:26.903,-0.09E+00,-0.05E+00,+0.05E+00,-0.05E+00,+11.69E+00,-16.74E+00,+4.67E+00,-8.309E+00
2,05/2/2026,18:37:26.903,-0.09E+00,-0.05E+00,+0.05E+00,+0.00E+00,+11.49E+00,-16.80E+00,+4.94E+00,-8.340E+00
2,05/2/2026,18:37:26.903,-0.09E+00,-0.05E+00,+0.05E+00,+0.00E+00,+11.29E+00,-16.86E+00,+5.20E+00,-8.363E+00
2,05/2/2026,18:37:26.903,-0.09E+00,-0.05E+00,+0.05E+00,+0.00E+00,+11.09E+00,-16.91E+00,+5.46E+00,-8.393E+00
2,05/2/2026,18:37:26.904,-0.09E+00,-0.05E+00,+0.05E+00,+0.00E+00,+10.88E+00,-16.97E+00,+5.72E+00,-8.424E+00
2,05/2/2026,18:37:26.904,-0.09E+00,-0.05E+00,+0.00E+00,-0.05E+00,+10.67E+00,-17.03E+00,+5.98E+00,-8.439E+00
2,05/2/2026,18:37:26.904,-0.09E+00,-0.05E+00,+0.05E+00,-0.05E+00,+10.47E+00,-17.06E+00,+6.24E+00,-8.462E+00
2,05/2/2026,18:37:26.904,-0.09E+00,-0.05E+00,+0.05E+00,+0.00E+00,+10.24E+00,-17.11E+00,+6.49E+00,-8.485E+00
2,05/2/2026,18:37:26.904,-0.09E+00,-0.05E+00,+0.00E+00,+0.00E+00,+10.04E+00,-17.14E+00,+6.75E+00,-8.500E+00
2,05/2/2026,18:37:26.904,-0.09E+00,-0.05E+00,+0.00E+00,+0.00E+00,+9.83E+00,-17.18E+00,+6.99E+00,-8.515E+00
2,05/2/2026,18:37:26.904,-0.09E+00,-0.05E+00,+0.05E+00,+0.00E+00,+9.61E+00,-17.21E+00,+7.23E+00,-8.530E+00
2,05/2/2026,18:37:26.904,-0.09E+00,-0.05E+00,+0.05E+00,+0.00E+00,+9.40E+00,-17.24E+00,+7.48E+00,-8.553E+00
2,05/2/2026,18:37:26.904,-0.09E+00,-0.05E+00,+0.05E+00,+0.00E+00,+9.20E+00,-17.27E+00,+7.71E+00,-8.561E+00
2,05/2/2026,18:37:26.904,-0.09E+00,-0.05E+00,+0.00E+00,+0.00E+00,+9.00E+00,-17.31E+00,+7.94E+00,-8.576E+00
2,05/2/2026,18:37:26.904,-0.09E+00,-0.05E+00,+0.00E+00,+0.00E+00,+8.81E+00,-17.34E+00,+8.18E+00,-8.591E+00
2,05/2/2026,18:37:26.904,-0.09E+00,-0.05E+00,+0.05E+00,+0.00E+00,+8.59E+00,-17.37E+00,+8.41E+00,-8.599E+00
2,05/2/2026,18:37:26.904,-0.09E+00,+0.00E+00,+0.00E+00,+0.00E+00,+8.38E+00,-17.38E+00,+8.65E+00,-8.607E+00
2,05/2/2026,18:37:26.904,-0.05E+00,-0.05E+00,+0.00E+00,+0.00E+00,+8.16E+00,-17.40E+00,+8.90E+00,-8.622E+00
2,05/2/2026,18:37:26.904,-0.09E+00,-0.05E+00,+0.00E+00,+0.00E+00,+7.94E+00,-17.41E+00,+9.13E+00,-8.622E+00
2,05/2/2026,18:37:26.904,-0.09E+00,-0.05E+00,+0.05E+00,+0.00E+00,+7.69E+00,-17.44E+00,+9.37E+00,-8.622E+00
2,05/2/2026,18:37:26.904,-0.09E+00,-0.05E+00,+0.05E+00,+0.00E+00,+7.46E+00,-17.44E+00,+9.61E+00,-8.630E+00
2,05/2/2026,18:37:26.904,-0.09E+00,-0.05E+00,+0.00E+00,+0.00E+00,+7.25E+00,-17.44E+00,+9.86E+00,-8.637E+00
2,05/2/2026,18:37:26.904,-0.09E+00,-0.05E+00,+0.00E+00,+0.00E+00,+7.00E+00,-17.46E+00,+10.10E+00,-8.637E+00
2,05/2/2026,18:37:26.904,-0.09E+00,-0.05E+00,+0.00E+00,+0.00E+00,+6.78E+00,-17.47E+00,+10.33E+00,-8.637E+00
2,05/2/2026,18:37:26.905,-0.09E+00,-0.05E+00,+0.05E+00,-0.05E+00,+6.55E+00,-17.47E+00,+10.56E+00,-8.645E+00
2,05/2/2026,18:37:26.905,-0.09E+00,-0.05E+00,+0.05E+00,+0.00E+00,+6.33E+00,-17.47E+00,+10.79E+00,-8.637E+00
2,05/2/2026,18:37:26.905,-0.09E+00,-0.05E+00,+0.05E+00,+0.00E+00,+6.09E+00,-17.47E+00,+11.03E+00,-8.637E+00
2,05/2/2026,18:37:26.905,-0.09E+00,-0.05E+00,+0.05E+00,+0.00E+00,+5.84E+00,-17.47E+00,+11.26E+00,-8.637E+00
2,05/2/2026,18:37:26.905,-0.09E+00,-0.05E+00,+0.05E+00,+0.00E+00,+5.60E+00,-17.46E+00,+11.49E+00,-8.630E+00
2,05/2/2026,18:37:26.905,-0.09E+00,-0.05E+00,+0.05E+00,+0.00E+00,+5.37E+00,-17.44E+00,+11.72E+00,-8.622E+00
2,05/2/2026,18:37:26.905,-0.09E+00,-0.05E+00,+0.05E+00,+0.00E+00,+5.14E+00,-17.43E+00,+11.93E+00,-8.614E+00
2,05/2/2026,18:37:26.905,-0.09E+00,-0.05E+00,+0.05E+00,-0.05E+00,+4.91E+00,-17.40E+00,+12.15E+00,-8.599E+00
2,05/2/2026,18:37:26.905,-0.09E+00,-0.05E+00,+0.00E+00,+0.00E+00,+4.67E+00,-17.37E+00,+12.35E+00,-8.576E+00
2,05/2/2026,18:37:26.905,-0.09E+00,-0.05E+00,+0.00E+00,+0.00E+00,+4.43E+00,-17.32E+00,+12.53E+00,-8.553E+00
2,05/2/2026,18:37:26.905,-0.09E+00,-0.05E+00,+0.05E+00,+0.00E+00,+4.20E+00,-17.26E+00,+12.71E+00,-8.523E+00
2,05/2/2026,18:37:26.905,-0.09E+00,-0.05E+00,+0.00E+00,+0.00E+00,+3.94E+00,-17.18E+00,+12.88E+00,-8.485E+00
2,05/2/2026,18:37:26.905,-0.09E+00,-0.05E+00,+0.00E+00,+0.00E+00,+3.69E+00,-17.09E+00,+13.05E+00,-8.439E+00
2,05/2/2026,18:37:26.905,-0.09E+00,-0.05E+00,+0.05E+00,+0.00E+00,+3.43E+00,-17.00E+00,+13.20E+00,-8.385E+00
2,05/2/2026,18:37:26.905,-0.09E+00,-0.05E+00,+0.00E+00,+0.00E+00,+3.17E+00,-16.89E+00,+13.37E+00,-8.332E+00
2,05/2/2026,18:37:26.905,-0.09E+00,-0.05E+00,+0.05E+00,-0.05E+00,+2.91E+00,-16.79E+00,+13.51E+00,-8.271E+00
2,05/2/2026,18:37:26.905,-0.09E+00,-0.05E+00,+0.05E+00,+0.00E+00,+2.66E+00,-16.66E+00,+13.64E+00,-8.218E+00
2,05/2/2026,18:37:26.905,-0.09E+00,-0.05E+00,+0.05E+00,+0.00E+00,+2.40E+00,-16.54E+00,+13.78E+00,-8.149E+00
2,05/2/2026,18:37:26.905,-0.09E+00,-0.05E+00,+0.05E+00,+0.00E+00,+2.14E+00,-16.40E+00,+13.92E+00,-8.088E+00
2,05/2/2026,18:37:26.905,-0.09E+00,-0.05E+00,+0.00E+00,+0.00E+00,+1.88E+00,-16.27E+00,+14.04E+00,-8.019E+00
2,05/2/2026,18:37:26.906,-0.09E+00,-0.05E+00,+0.05E+00,+0.00E+00,+1.60E+00,-16.13E+00,+14.16E+00,-7.951E+00
2,05/2/2026,18:37:26.906,-0.09E+00,-0.05E+00,+0.05E+00,-0.05E+00,+1.31E+00,-15.98E+00,+14.30E+00,-7.874E+00
2,05/2/2026,18:37:26.906,-0.09E+00,-0.05E+00,+0.05E+00,+0.00E+00,+1.04E+00,-15.84E+00,+14.42E+00,-7.790E+00
2,05/2/2026,18:37:26.906,-0.09E+00,-0.05E+00,+0.05E+00,+0.00E+00,+0.76E+00,-15.67E+00,+14.54E+00,-7.714E+00
2,05/2/2026,18:37:26.906,-0.09E+00,-0.05E+00,+0.05E+00,-0.05E+00,+0.49E+00,-15.50E+00,+14.67E+00,-7.638E+00
2,05/2/2026,18:37:26.906,-0.09E+00,-0.05E+00,+0.00E+00,+0.00E+00,+0.21E+00,-15.35E+00,+14.77E+00,-7.546E+00
2,05/2/2026,18:37:26.906,-0.09E+00,-0.05E+00,+0.00E+00,+0.00E+00,-0.08E+00,-15.17E+00,+14.88E+00,-7.462E+00
2,05/2/2026,18:37:26.906,-0.09E+00,-0.05E+00,+0.00E+00,+0.00E+00,-0.35E+00,-15.00E+00,+14.99E+00,-7.378E+00
2,05/2/2026,18:37:26.906,-0.09E+00,-0.05E+00,+0.00E+00,+0.00E+00,-0.63E+00,-14.83E+00,+15.09E+00,-7.287E+00
2,05/2/2026,18:37:26.906,-0.09E+00,-0.05E+00,+0.05E+00,+0.00E+00,-0.92E+00,-14.65E+00,+15.20E+00,-7.195E+00
2,05/2/2026,18:37:26.906,-0.09E+00,-0.05E+00,+0.05E+00,-0.05E+00,-1.19E+00,-14.47E+00,+15.29E+00,-7.111E+00
2,05/2/2026,18:37:26.906,-0.09E+00,-0.05E+00,+0.05E+00,+0.00E+00,-1.48E+00,-14.28E+00,+15.38E+00,-7.020E+00
2,05/2/2026,18:37:26.906,-0.09E+00,-0.05E+00,+0.05E+00,+0.00E+00,-1.75E+00,-14.10E+00,+15.49E+00,-6.920E+00
2,05/2/2026,18:37:26.906,-0.09E+00,-0.05E+00,+0.05E+00,+0.00E+00,-2.04E+00,-13.92E+00,+15.58E+00,-6.829E+00
2,05/2/2026,18:37:26.906,-0.09E+00,-0.05E+00,+0.05E+00,+0.00E+00,-2.33E+00,-13.72E+00,+15.69E+00,-6.730E+00
2,05/2/2026,18:37:26.906,-0.09E+00,-0.05E+00,+0.05E+00,+0.00E+00,-2.61E+00,-13.52E+00,+15.76E+00,-6.631E+00
2,05/2/2026,18:37:26.906,-0.09E+00,-0.05E+00,+0.00E+00,+0.00E+00,-2.88E+00,-13.34E+00,+15.84E+00,-6.531E+00
2,05/2/2026,18:37:26.906,-0.09E+00,-0.05E+00,+0.00E+00,+0.00E+00,-3.16E+00,-13.14E+00,+15.92E+00,-6.432E+00
2,05/2/2026,18:37:26.906,-0.09E+00,-0.05E+00,+0.05E+00,-0.05E+00,-3.43E+00,-12.94E+00,+15.99E+00,-6.333E+00
2,05/2/2026,18:37:26.906,-0.09E+00,-0.05E+00,+0.05E+00,-0.05E+00,-3.69E+00,-12.73E+00,+16.05E+00,-6.234E+00
2,05/2/2026,18:37:26.907,-0.09E+00,-0.05E+00,+0.05E+00,+0.00E+00,-3.97E+00,-12.54E+00,+16.11E+00,-6.135E+00
2,05/2/2026,18:37:26.907,-0.09E+00,-0.05E+00,+0.05E+00,+0.00E+00,-4.23E+00,-12.33E+00,+16.19E+00,-6.035E+00
2,05/2/2026,18:37:26.907,-0.09E+00,-0.05E+00,+0.05E+00,+0.00E+00,-4.49E+00,-12.13E+00,+16.25E+00,-5.929E+00
2,05/2/2026,18:37:26.907,-0.09E+00,-0.05E+00,+0.00E+00,+0.00E+00,-4.75E+00,-11.93E+00,+16.30E+00,-5.829E+00
2,05/2/2026,18:37:26.907,-0.09E+00,-0.05E+00,+0.00E+00,+0.00E+00,-5.01E+00,-11.72E+00,+16.34E+00,-5.723E+00
2,05/2/2026,18:37:26.907,-0.09E+00,-0.05E+00,+0.00E+00,-0.05E+00,-5.26E+00,-11.52E+00,+16.40E+00,-5.623E+00
2,05/2/2026,18:37:26.907,-0.09E+00,-0.05E+00,+0.05E+00,+0.00E+00,-5.51E+00,-11.31E+00,+16.45E+00,-5.517E+00
2,05/2/2026,18:37:26.907,-0.09E+00,-0.05E+00,+0.05E+00,+0.00E+00,-5.77E+00,-11.11E+00,+16.50E+00,-5.417E+00
2,05/2/2026,18:37:26.907,-0.09E+00,-0.05E+00,+0.00E+00,-0.05E+00,-6.03E+00,-10.90E+00,+16.54E+00,-5.311E+00
2,05/2/2026,18:37:26.907,-0.09E+00,-0.05E+00,+0.00E+00,+0.00E+00,-6.27E+00,-10.68E+00,+16.59E+00,-5.204E+00
2,05/2/2026,18:37:26.907,-0.09E+00,-0.05E+00,+0.00E+00,-0.05E+00,-6.52E+00,-10.47E+00,+16.63E+00,-5.105E+00
2,05/2/2026,18:37:26.907,-0.09E+00,-0.05E+00,+0.05E+00,-0.05E+00,-6.76E+00,-10.27E+00,+16.66E+00,-4.998E+00
2,05/2/2026,18:37:26.907,-0.09E+00,-0.05E+00,+0.05E+00,-0.05E+00,-7.00E+00,-10.06E+00,+16.71E+00,-4.891E+00
2,05/2/2026,18:37:26.907,-0.09E+00,-0.05E+00,+0.05E+00,+0.00E+00,-7.25E+00,-9.84E+00,+16.73E+00,-4.784E+00
2,05/2/2026,18:37:26.907,-0.09E+00,-0.05E+00,+0.05E+00,+0.00E+00,-7.49E+00,-9.63E+00,+16.76E+00,-4.677E+00
2,05/2/2026,18:37:26.907,-0.09E+00,-0.05E+00,+0.05E+00,-0.05E+00,-7.74E+00,-9.42E+00,+16.79E+00,-4.570E+00
2,05/2/2026,18:37:26.907,-0.09E+00,-0.05E+00,+0.05E+00,-0.05E+00,-7.98E+00,-9.20E+00,+16.80E+00,-4.464E+00
2,05/2/2026,18:37:26.907,-0.05E+00,-0.05E+00,+0.05E+00,+0.00E+00,-8.21E+00,-8.99E+00,+16.83E+00,-4.357E+00
2,05/2/2026,18:37:26.907,-0.09E+00,-0.05E+00,+0.05E+00,+0.00E+00,-8.45E+00,-8.76E+00,+16.85E+00,-4.242E+00
2,05/2/2026,18:37:26.907,-0.09E+00,-0.05E+00,+0.05E+00,+0.00E+00,-8.70E+00,-8.53E+00,+16.86E+00,-4.136E+00
2,05/2/2026,18:37:26.908,-0.09E+00,-0.05E+00,+0.05E+00,-0.05E+00,-8.93E+00,-8.30E+00,+16.88E+00,-4.021E+00
2,05/2/2026,18:37:26.908,-0.09E+00,-0.05E+00,+0.00E+00,+0.00E+00,-9.17E+00,-8.09E+00,+16.89E+00,-3.907E+00
2,05/2/2026,18:37:26.908,-0.09E+00,-0.05E+00,+0.00E+00,+0.00E+00,-9.40E+00,-7.86E+00,+16.89E+00,-3.792E+00
2,05/2/2026,18:37:26.908,-0.09E+00,-0.05E+00,+0.05E+00,+0.00E+00,-9.64E+00,-7.61E+00,+16.91E+00,-3.678E+00
2,05/2/2026,18:37:26.908,-0.09E+00,-0.05E+00,+0.05E+00,+0.00E+00,-9.89E+00,-7.39E+00,+16.91E+00,-3.563E+00
2,05/2/2026,18:37:26.908,-0.09E+00,-0.05E+00,+0.05E+00,-0.05E+00,-10.13E+00,-7.16E+00,+16.92E+00,-3.441E+00
2,05/2/2026,18:37:26.908,-0.09E+00,-0.05E+00,+0.00E+00,-0.05E+00,-10.36E+00,-6.91E+00,+16.92E+00,-3.319E+00
2,05/2/2026,18:37:26.908,-0.09E+00,-0.05E+00,+0.00E+00,+0.00E+00,-10.61E+00,-6.67E+00,+16.92E+00,-3.197E+00
2,05/2/2026,18:37:26.908,-0.09E+00,-0.05E+00,+0.05E+00,+0.00E+00,-10.85E+00,-6.42E+00,+16.91E+00,-3.083E+00
2,05/2/2026,18:37:26.908,-0.09E+00,-0.05E+00,+0.05E+00,-0.05E+00,-11.08E+00,-6.20E+00,+16.91E+00,-2.960E+00
2,05/2/2026,18:37:26.908,-0.09E+00,-0.05E+00,+0.05E+00,-0.05E+00,-11.32E+00,-5.95E+00,+16.89E+00,-2.846E+00
2,05/2/2026,18:37:26.908,-0.09E+00,-0.05E+00,+0.05E+00,+0.00E+00,-11.55E+00,-5.71E+00,+16.89E+00,-2.724E+00
2,05/2/2026,18:37:26.908,-0.09E+00,-0.05E+00,+0.05E+00,+0.00E+00,-11.77E+00,-5.48E+00,+16.88E+00,-2.602E+00
2,05/2/2026,18:37:26.908,-0.09E+00,-0.05E+00,+0.05E+00,+0.00E+00,-11.99E+00,-5.23E+00,+16.86E+00,-2.487E+00
2,05/2/2026,18:37:26.908,-0.09E+00,-0.05E+00,+0.05E+00,-0.05E+00,-12.21E+00,-5.01E+00,+16.85E+00,-2.373E+00
2,05/2/2026,18:37:26.908,-0.09E+00,-0.05E+00,+0.00E+00,-0.05E+00,-12.41E+00,-4.76E+00,+16.82E+00,-2.251E+00
2,05/2/2026,18:37:26.908,-0.09E+00,-0.05E+00,+0.05E+00,+0.00E+00,-12.62E+00,-4.52E+00,+16.77E+00,-2.129E+00
2,05/2/2026,18:37:26.908,-0.09E+00,-0.05E+00,+0.05E+00,+0.00E+00,-12.82E+00,-4.27E+00,+16.73E+00,-2.007E+00
2,05/2/2026,18:37:26.908,-0.09E+00,-0.05E+00,+0.00E+00,+0.00E+00,-13.02E+00,-4.03E+00,+16.66E+00,-1.877E+00
2,05/2/2026,18:37:26.908,-0.05E+00,-0.05E+00,+0.05E+00,+0.00E+00,-13.18E+00,-3.75E+00,+16.59E+00,-1.747E+00
2,05/2/2026,18:37:26.909,-0.09E+00,-0.05E+00,+0.05E+00,-0.05E+00,-13.37E+00,-3.49E+00,+16.50E+00,-1.618E+00
2,05/2/2026,18:37:26.909,-0.09E+00,-0.05E+00,+0.00E+00,+0.00E+00,-13.52E+00,-3.24E+00,+16.39E+00,-1.488E+00
2,05/2/2026,18:37:26.909,-0.09E+00,-0.05E+00,+0.00E+00,+0.00E+00,-13.67E+00,-2.96E+00,+16.27E+00,-1.351E+00
2,05/2/2026,18:37:26.909,-0.09E+00,-0.05E+00,+0.00E+00,+0.00E+00,-13.83E+00,-2.69E+00,+16.15E+00,-1.221E+00
2,05/2/2026,18:37:26.909,-0.09E+00,-0.05E+00,+0.05E+00,+0.00E+00,-13.96E+00,-2.41E+00,+16.02E+00,-1.083E+00
2,05/2/2026,18:37:26.909,-0.09E+00,-0.05E+00,+0.05E+00,+0.00E+00,-14.10E+00,-2.15E+00,+15.89E+00,-0.954E+00
2,05/2/2026,18:37:26.909,-0.09E+00,-0.05E+00,+0.05E+00,+0.00E+00,-14.22E+00,-1.88E+00,+15.75E+00,-0.816E+00
2,05/2/2026,18:37:26.909,-0.09E+00,-0.05E+00,+0.05E+00,+0.00E+00,-14.38E+00,-1.62E+00,+15.61E+00,-0.687E+00
2,05/2/2026,18:37:26.909,-0.09E+00,-0.05E+00,+0.05E+00,+0.00E+00,-14.50E+00,-1.34E+00,+15.47E+00,-0.549E+00
2,05/2/2026,18:37:26.909,-0.09E+00,-0.05E+00,+0.05E+00,+0.00E+00,-14.62E+00,-1.08E+00,+15.34E+00,-0.420E+00
2,05/2/2026,18:37:26.909,-0.09E+00,-0.05E+00,+0.05E+00,+0.00E+00,-14.74E+00,-0.81E+00,+15.18E+00,-0.290E+00
2,05/2/2026,18:37:26.909,-0.09E+00,-0.05E+00,+0.05E+00,+0.00E+00,-14.86E+00,-0.53E+00,+15.05E+00,-0.153E+00
2,05/2/2026,18:37:26.909,-0.09E+00,-0.05E+00,+0.00E+00,+0.00E+00,-14.99E+00,-0.27E+00,+14.89E+00,-0.023E+00
2,05/2/2026,18:37:26.909,-0.09E+00,-0.05E+00,+0.00E+00,+0.00E+00,-15.09E+00,+0.00E+00,+14.73E+00,+0.114E+00
2,05/2/2026,18:37:26.909,-0.09E+00,-0.05E+00,+0.05E+00,-0.05E+00,-15.18E+00,+0.26E+00,+14.57E+00,+0.244E+00
2,05/2/2026,18:37:26.909,-0.09E+00,-0.05E+00,+0.05E+00,-0.05E+00,-15.28E+00,+0.52E+00,+14.39E+00,+0.382E+00
2,05/2/2026,18:37:26.909,-0.09E+00,-0.05E+00,+0.05E+00,+0.00E+00,-15.37E+00,+0.81E+00,+14.19E+00,+0.519E+00
2,05/2/2026,18:37:26.909,-0.09E+00,-0.05E+00,+0.05E+00,+0.00E+00,-15.46E+00,+1.08E+00,+14.01E+00,+0.656E+00
2,05/2/2026,18:37:26.909,-0.09E+00,-0.05E+00,+0.05E+00,+0.00E+00,-15.55E+00,+1.37E+00,+13.83E+00,+0.794E+00
2,05/2/2026,18:37:26.909,-0.09E+00,-0.05E+00,+0.00E+00,+0.00E+00,-15.63E+00,+1.65E+00,+13.61E+00,+0.931E+00
2,05/2/2026,18:37:26.910,-0.09E+00,-0.05E+00,+0.00E+00,-0.05E+00,-15.72E+00,+1.92E+00,+13.43E+00,+1.076E+00
2,05/2/2026,18:37:26.910,-0.09E+00,-0.05E+00,+0.05E+00,+0.00E+00,-15.79E+00,+2.21E+00,+13.23E+00,+1.213E+00
2,05/2/2026,18:37:26.910,-0.09E+00,-0.05E+00,+0.05E+00,-0.05E+00,-15.89E+00,+2.49E+00,+13.02E+00,+1.358E+00
2,05/2/2026,18:37:26.910,-0.09E+00,-0.05E+00,+0.00E+00,-0.05E+00,-15.96E+00,+2.78E+00,+12.83E+00,+1.495E+00
2,05/2/2026,18:37:26.910,-0.09E+00,-0.05E+00,+0.00E+00,+0.00E+00,-16.04E+00,+3.07E+00,+12.62E+00,+1.640E+00
2,05/2/2026,18:37:26.910,-0.09E+00,-0.05E+00,+0.05E+00,+0.00E+00,-16.11E+00,+3.34E+00,+12.42E+00,+1.770E+00
2,05/2/2026,18:37:26.910,-0.09E+00,-0.05E+00,+0.05E+00,-0.05E+00,-16.21E+00,+3.62E+00,+12.22E+00,+1.908E+00
2,05/2/2026,18:37:26.910,-0.09E+00,-0.05E+00,+0.05E+00,+0.00E+00,-16.27E+00,+3.89E+00,+12.03E+00,+2.045E+00
2,05/2/2026,18:37:26.910,-0.09E+00,-0.05E+00,+0.05E+00,+0.00E+00,-16.33E+00,+4.17E+00,+11.81E+00,+2.182E+00
2,05/2/2026,18:37:26.910,-0.09E+00,-0.05E+00,+0.05E+00,+0.00E+00,-16.40E+00,+4.44E+00,+11.60E+00,+2.320E+00
2,05/2/2026,18:37:26.910,-0.09E+00,-0.05E+00,+0.00E+00,-0.05E+00,-16.47E+00,+4.72E+00,+11.38E+00,+2.457E+00
2,05/2/2026,18:37:26.910,-0.09E+00,-0.05E+00,+0.05E+00,-0.05E+00,-16.53E+00,+4.99E+00,+11.17E+00,+2.587E+00
2,05/2/2026,18:37:26.910,-0.09E+00,-0.05E+00,+0.05E+00,+0.00E+00,-16.59E+00,+5.26E+00,+10.97E+00,+2.724E+00
2,05/2/2026,18:37:26.910,-0.09E+00,-0.05E+00,+0.05E+00,+0.00E+00,-16.63E+00,+5.54E+00,+10.74E+00,+2.861E+00
2,05/2/2026,18:37:26.910,-0.09E+00,-0.05E+00,+0.05E+00,-0.05E+00,-16.69E+00,+5.80E+00,+10.53E+00,+2.991E+00
2,05/2/2026,18:37:26.910,-0.09E+00,-0.05E+00,+0.05E+00,-0.05E+00,-16.74E+00,+6.06E+00,+10.32E+00,+3.121E+00
2,05/2/2026,18:37:26.910,-0.09E+00,-0.05E+00,+0.00E+00,-0.05E+00,-16.77E+00,+6.32E+00,+10.10E+00,+3.250E+00
2,05/2/2026,18:37:26.910,-0.09E+00,-0.05E+00,+0.00E+00,+0.00E+00,-16.82E+00,+6.58E+00,+9.89E+00,+3.380E+00
2,05/2/2026,18:37:26.910,-0.09E+00,-0.05E+00,+0.00E+00,+0.00E+00,-16.86E+00,+6.85E+00,+9.67E+00,+3.510E+00
2,05/2/2026,18:37:26.910,-0.09E+00,-0.05E+00,+0.05E+00,-0.05E+00,-16.91E+00,+7.10E+00,+9.45E+00,+3.632E+00
2,05/2/2026,18:37:26.911,-0.09E+00,-0.05E+00,+0.00E+00,-0.05E+00,-16.94E+00,+7.34E+00,+9.23E+00,+3.754E+00
2,05/2/2026,18:37:26.911,-0.05E+00,-0.05E+00,+0.00E+00,+0.00E+00,-16.97E+00,+7.58E+00,+9.02E+00,+3.876E+00
2,05/2/2026,18:37:26.911,-0.05E+00,-0.05E+00,+0.05E+00,+0.00E+00,-17.00E+00,+7.83E+00,+8.81E+00,+3.998E+00
2,05/2/2026,18:37:26.911,-0.09E+00,-0.05E+00,+0.00E+00,+0.00E+00,-17.03E+00,+8.09E+00,+8.59E+00,+4.113E+00
2,05/2/2026,18:37:26.911,-0.09E+00,-0.05E+00,+0.05E+00,-0.05E+00,-17.05E+00,+8.33E+00,+8.36E+00,+4.242E+00
2,05/2/2026,18:37:26.911,-0.09E+00,-0.05E+00,+0.05E+00,+0.00E+00,-17.08E+00,+8.58E+00,+8.13E+00,+4.364E+00
2,05/2/2026,18:37:26.911,-0.09E+00,-0.05E+00,+0.00E+00,+0.00E+00,-17.09E+00,+8.82E+00,+7.92E+00,+4.479E+00
2,05/2/2026,18:37:26.911,-0.05E+00,-0.05E+00,+0.00E+00,+0.00E+00,-17.11E+00,+9.06E+00,+7.68E+00,+4.601E+00
2,05/2/2026,18:37:26.911,-0.09E+00,-0.05E+00,+0.05E+00,-0.05E+00,-17.11E+00,+9.31E+00,+7.45E+00,+4.723E+00
2,05/2/2026,18:37:26.911,-0.09E+00,-0.05E+00,+0.05E+00,-0.05E+00,-17.12E+00,+9.55E+00,+7.22E+00,+4.845E+00
2,05/2/2026,18:37:26.911,-0.09E+00,-0.05E+00,+0.00E+00,+0.00E+00,-17.14E+00,+9.80E+00,+6.99E+00,+4.967E+00
2,05/2/2026,18:37:26.911,-0.09E+00,-0.05E+00,+0.00E+00,+0.00E+00,-17.14E+00,+10.04E+00,+6.75E+00,+5.082E+00
2,05/2/2026,18:37:26.911,-0.09E+00,-0.05E+00,+0.05E+00,+0.00E+00,-17.14E+00,+10.27E+00,+6.50E+00,+5.196E+00
2,05/2/2026,18:37:26.911,-0.09E+00,-0.05E+00,+0.05E+00,-0.05E+00,-17.14E+00,+10.51E+00,+6.27E+00,+5.318E+00
2,05/2/2026,18:37:26.911,-0.09E+00,-0.05E+00,+0.05E+00,+0.00E+00,-17.14E+00,+10.74E+00,+6.04E+00,+5.433E+00
2,05/2/2026,18:37:26.911,-0.09E+00,-0.05E+00,+0.05E+00,-0.05E+00,-17.14E+00,+10.99E+00,+5.80E+00,+5.547E+00
2,05/2/2026,18:37:26.911,-0.09E+00,-0.05E+00,+0.00E+00,+0.00E+00,-17.14E+00,+11.22E+00,+5.55E+00,+5.662E+00
2,05/2/2026,18:37:26.911,-0.09E+00,-0.05E+00,+0.00E+00,+0.00E+00,-17.12E+00,+11.45E+00,+5.33E+00,+5.776E+00
2,05/2/2026,18:37:26.911,-0.09E+00,-0.05E+00,+0.00E+00,-0.05E+00,-17.11E+00,+11.67E+00,+5.08E+00,+5.890E+00
2,05/2/2026,18:37:26.911,-0.09E+00,-0.05E+00,+0.00E+00,+0.00E+00,-17.09E+00,+11.90E+00,+4.84E+00,+5.997E+00
2,05/2/2026,18:37:26.912,-0.09E+00,-0.05E+00,+0.05E+00,+0.00E+00,-17.06E+00,+12.12E+00,+4.59E+00,+6.112E+00
2,05/2/2026,18:37:26.912,-0.09E+00,-0.05E+00,+0.00E+00,+0.00E+00,-17.03E+00,+12.33E+00,+4.35E+00,+6.211E+00
2,05/2/2026,18:37:26.912,-0.09E+00,-0.05E+00,+0.05E+00,+0.00E+00,-17.00E+00,+12.53E+00,+4.10E+00,+6.310E+00
2,05/2/2026,18:37:26.912,-0.09E+00,-0.05E+00,+0.05E+00,-0.05E+00,-16.95E+00,+12.73E+00,+3.86E+00,+6.409E+00
2,05/2/2026,18:37:26.912,-0.09E+00,-0.05E+00,+0.05E+00,-0.05E+00,-16.89E+00,+12.91E+00,+3.62E+00,+6.501E+00
2,05/2/2026,18:37:26.912,-0.09E+00,-0.05E+00,+0.05E+00,+0.00E+00,-16.82E+00,+13.09E+00,+3.37E+00,+6.585E+00
2,05/2/2026,18:37:26.912,-0.09E+00,-0.05E+00,+0.05E+00,-0.05E+00,-16.74E+00,+13.26E+00,+3.11E+00,+6.669E+00
2,05/2/2026,18:37:26.912,-0.09E+00,-0.05E+00,+0.00E+00,-0.05E+00,-16.65E+00,+13.43E+00,+2.87E+00,+6.753E+00
2,05/2/2026,18:37:26.912,-0.09E+00,-0.05E+00,+0.05E+00,+0.00E+00,-16.54E+00,+13.58E+00,+2.61E+00,+6.829E+00
2,05/2/2026,18:37:26.912,-0.09E+00,-0.09E+00,+0.05E+00,+0.00E+00,-16.45E+00,+13.75E+00,+2.35E+00,+6.905E+00
2,05/2/2026,18:37:26.912,-0.09E+00,-0.05E+00,+0.05E+00,-0.05E+00,-16.34E+00,+13.90E+00,+2.09E+00,+6.982E+00
2,05/2/2026,18:37:26.912,-0.09E+00,-0.05E+00,+0.05E+00,+0.00E+00,-16.22E+00,+14.05E+00,+1.82E+00,+7.058E+00
2,05/2/2026,18:37:26.912,-0.09E+00,-0.05E+00,+0.00E+00,+0.00E+00,-16.11E+00,+14.19E+00,+1.56E+00,+7.127E+00
2,05/2/2026,18:37:26.912,-0.09E+00,-0.05E+00,+0.05E+00,+0.00E+00,-15.98E+00,+14.34E+00,+1.28E+00,+7.195E+00
2,05/2/2026,18:37:26.912,-0.09E+00,-0.05E+00,+0.05E+00,+0.00E+00,-15.86E+00,+14.48E+00,+1.01E+00,+7.264E+00
2,05/2/2026,18:37:26.912,-0.09E+00,-0.05E+00,+0.05E+00,+0.00E+00,-15.72E+00,+14.62E+00,+0.73E+00,+7.333E+00
2,05/2/2026,18:37:26.912,-0.09E+00,-0.05E+00,+0.00E+00,+0.00E+00,-15.58E+00,+14.76E+00,+0.47E+00,+7.401E+00
2,05/2/2026,18:37:26.912,-0.09E+00,-0.05E+00,+0.05E+00,+0.00E+00,-15.44E+00,+14.88E+00,+0.20E+00,+7.462E+00
2,05/2/2026,18:37:26.912,-0.09E+00,-0.05E+00,+0.05E+00,-0.05E+00,-15.29E+00,+15.00E+00,-0.08E+00,+7.523E+00
2,05/2/2026,18:37:26.912,-0.09E+00,-0.05E+00,+0.05E+00,+0.00E+00,-15.14E+00,+15.12E+00,-0.35E+00,+7.577E+00
2,05/2/2026,18:37:26.913,-0.09E+00,-0.05E+00,+0.05E+00,+0.00E+00,-14.99E+00,+15.24E+00,-0.63E+00,+7.638E+00
2,05/2/2026,18:37:26.913,-0.09E+00,-0.05E+00,+0.05E+00,+0.00E+00,-14.82E+00,+15.35E+00,-0.90E+00,+7.691E+00
2,05/2/2026,18:37:26.913,-0.09E+00,-0.05E+00,+0.00E+00,+0.00E+00,-14.63E+00,+15.46E+00,-1.19E+00,+7.737E+00
2,05/2/2026,18:37:26.913,-0.09E+00,-0.05E+00,+0.05E+00,+0.00E+00,-14.47E+00,+15.55E+00,-1.46E+00,+7.790E+00
2,05/2/2026,18:37:26.913,-0.09E+00,-0.05E+00,+0.05E+00,+0.00E+00,-14.27E+00,+15.66E+00,-1.74E+00,+7.836E+00
2,05/2/2026,18:37:26.913,-0.09E+00,-0.05E+00,+0.05E+00,+0.00E+00,-14.09E+00,+15.75E+00,-2.01E+00,+7.882E+00
2,05/2/2026,18:37:26.913,-0.09E+00,-0.05E+00,+0.05E+00,+0.00E+00,-13.90E+00,+15.84E+00,-2.30E+00,+7.928E+00
2,05/2/2026,18:37:26.913,-0.09E+00,-0.05E+00,+0.05E+00,+0.00E+00,-13.70E+00,+15.93E+00,-2.58E+00,+7.973E+00
2,05/2/2026,18:37:26.913,-0.09E+00,-0.05E+00,+0.05E+00,+0.00E+00,-13.52E+00,+16.02E+00,-2.87E+00,+8.012E+00
2,05/2/2026,18:37:26.913,-0.09E+00,-0.05E+00,+0.00E+00,-0.05E+00,-13.32E+00,+16.10E+00,-3.14E+00,+8.050E+00
2,05/2/2026,18:37:26.913,-0.09E+00,-0.05E+00,+0.05E+00,-0.05E+00,-13.12E+00,+16.18E+00,-3.42E+00,+8.088E+00
2,05/2/2026,18:37:26.913,-0.09E+00,-0.05E+00,+0.05E+00,+0.00E+00,-12.93E+00,+16.25E+00,-3.68E+00,+8.126E+00
2,05/2/2026,18:37:26.913,-0.09E+00,-0.05E+00,+0.00E+00,+0.00E+00,-12.73E+00,+16.33E+00,-3.97E+00,+8.157E+00
2,05/2/2026,18:37:26.913,-0.09E+00,-0.05E+00,+0.00E+00,-0.05E+00,-12.53E+00,+16.39E+00,-4.23E+00,+8.195E+00
2,05/2/2026,18:37:26.913,-0.09E+00,-0.05E+00,+0.05E+00,-0.05E+00,-12.33E+00,+16.47E+00,-4.50E+00,+8.225E+00
2,05/2/2026,18:37:26.913,-0.05E+00,-0.05E+00,+0.05E+00,+0.00E+00,-12.12E+00,+16.53E+00,-4.76E+00,+8.256E+00
2,05/2/2026,18:37:26.913,-0.05E+00,-0.05E+00,+0.05E+00,+0.00E+00,-11.92E+00,+16.59E+00,-5.04E+00,+8.286E+00
2,05/2/2026,18:37:26.913,-0.09E+00,-0.05E+00,+0.05E+00,+0.00E+00,-11.72E+00,+16.65E+00,-5.30E+00,+8.317E+00
2,05/2/2026,18:37:26.913,-0.09E+00,-0.05E+00,+0.00E+00,+0.00E+00,-11.52E+00,+16.71E+00,-5.57E+00,+8.347E+00
2,05/2/2026,18:37:26.913,-0.09E+00,-0.05E+00,+0.00E+00,-0.05E+00,-11.31E+00,+16.77E+00,-5.83E+00,+8.370E+00
2,05/2/2026,18:37:26.914,-0.09E+00,-0.05E+00,+0.00E+00,+0.00E+00,-11.09E+00,+16.83E+00,-6.09E+00,+8.393E+00
2,05/2/2026,18:37:26.914,-0.05E+00,-0.05E+00,+0.00E+00,+0.00E+00,-10.90E+00,+16.88E+00,-6.35E+00,+8.416E+00
2,05/2/2026,18:37:26.914,-0.09E+00,-0.05E+00,+0.00E+00,-0.05E+00,-10.68E+00,+16.92E+00,-6.61E+00,+8.439E+00
2,05/2/2026,18:37:26.914,-0.09E+00,-0.05E+00,+0.05E+00,+0.00E+00,-10.47E+00,+16.97E+00,-6.85E+00,+8.462E+00
2,05/2/2026,18:37:26.914,-0.09E+00,-0.05E+00,+0.05E+00,+0.00E+00,-10.27E+00,+17.00E+00,-7.10E+00,+8.477E+00
2,05/2/2026,18:37:26.914,-0.09E+00,-0.05E+00,+0.05E+00,+0.00E+00,-10.06E+00,+17.05E+00,-7.34E+00,+8.500E+00
2,05/2/2026,18:37:26.914,-0.09E+00,-0.05E+00,+0.05E+00,+0.00E+00,-9.84E+00,+17.08E+00,-7.60E+00,+8.515E+00
2,05/2/2026,18:37:26.914,-0.09E+00,-0.05E+00,+0.00E+00,+0.00E+00,-9.64E+00,+17.11E+00,-7.83E+00,+8.530E+00
2,05/2/2026,18:37:26.914,-0.09E+00,-0.05E+00,+0.05E+00,+0.00E+00,-9.43E+00,+17.14E+00,-8.07E+00,+8.546E+00
2,05/2/2026,18:37:26.914,-0.09E+00,-0.05E+00,+0.05E+00,+0.00E+00,-9.23E+00,+17.17E+00,-8.30E+00,+8.553E+00
2,05/2/2026,18:37:26.914,-0.09E+00,-0.05E+00,+0.05E+00,-0.05E+00,-9.05E+00,+17.20E+00,-8.52E+00,+8.569E+00
2,05/2/2026,18:37:26.914,-0.09E+00,-0.05E+00,+0.00E+00,+0.00E+00,-8.84E+00,+17.21E+00,-8.76E+00,+8.576E+00
2,05/2/2026,18:37:26.914,-0.09E+00,-0.09E+00,+0.00E+00,+0.00E+00,-8.61E+00,+17.24E+00,-9.00E+00,+8.591E+00
2,05/2/2026,18:37:26.914,-0.09E+00,-0.05E+00,+0.00E+00,-0.05E+00,-8.39E+00,+17.26E+00,-9.23E+00,+8.599E+00
2,05/2/2026,18:37:26.914,-0.09E+00,-0.05E+00,+0.05E+00,-0.05E+00,-8.16E+00,+17.27E+00,-9.48E+00,+8.599E+00
2,05/2/2026,18:37:26.914,-0.09E+00,-0.05E+00,+0.05E+00,+0.00E+00,-7.95E+00,+17.29E+00,-9.71E+00,+8.607E+00
2,05/2/2026,18:37:26.914,-0.09E+00,-0.05E+00,+0.05E+00,+0.00E+00,-7.71E+00,+17.31E+00,-9.96E+00,+8.614E+00
2,05/2/2026,18:37:26.914,-0.09E+00,-0.05E+00,+0.05E+00,-0.05E+00,-7.48E+00,+17.32E+00,-10.21E+00,+8.614E+00
2,05/2/2026,18:37:26.914,-0.09E+00,-0.05E+00,+0.05E+00,+0.00E+00,-7.25E+00,+17.32E+00,-10.44E+00,+8.622E+00
2,05/2/2026,18:37:26.914,-0.09E+00,-0.05E+00,+0.05E+00,+0.00E+00,-7.02E+00,+17.34E+00,-10.67E+00,+8.622E+00
2,05/2/2026,18:37:26.915,-0.09E+00,-0.05E+00,+0.05E+00,+0.00E+00,-6.79E+00,+17.34E+00,-10.91E+00,+8.614E+00
2,05/2/2026,18:37:26.915,-0.09E+00,-0.05E+00,+0.05E+00,+0.00E+00,-6.56E+00,+17.34E+00,-11.14E+00,+8.614E+00
2,05/2/2026,18:37:26.915,-0.09E+00,-0.05E+00,+0.00E+00,+0.00E+00,-6.32E+00,+17.34E+00,-11.37E+00,+8.614E+00
2,05/2/2026,18:37:26.915,-0.09E+00,-0.05E+00,+0.00E+00,+0.00E+00,-6.09E+00,+17.32E+00,-11.60E+00,+8.614E+00
2,05/2/2026,18:37:26.915,-0.09E+00,-0.05E+00,+0.00E+00,+0.00E+00,-5.86E+00,+17.32E+00,-11.83E+00,+8.607E+00
2,05/2/2026,18:37:26.915,-0.09E+00,-0.05E+00,+0.05E+00,+0.00E+00,-5.62E+00,+17.31E+00,-12.06E+00,+8.599E+00
2,05/2/2026,18:37:26.915,-0.09E+00,-0.05E+00,+0.05E+00,+0.00E+00,-5.39E+00,+17.29E+00,-12.27E+00,+8.591E+00
2,05/2/2026,18:37:26.915,-0.09E+00,-0.05E+00,+0.05E+00,-0.05E+00,-5.16E+00,+17.26E+00,-12.48E+00,+8.576E+00
2,05/2/2026,18:37:26.915,-0.09E+00,-0.05E+00,+0.05E+00,+0.00E+00,-4.91E+00,+17.23E+00,-12.68E+00,+8.561E+00
2,05/2/2026,18:37:26.915,-0.09E+00,-0.05E+00,+0.00E+00,+0.00E+00,-4.68E+00,+17.18E+00,-12.88E+00,+8.530E+00
2,05/2/2026,18:37:26.915,-0.09E+00,-0.05E+00,+0.05E+00,+0.00E+00,-4.44E+00,+17.11E+00,-13.05E+00,+8.500E+00
2,05/2/2026,18:37:26.915,-0.09E+00,-0.05E+00,+0.05E+00,+0.00E+00,-4.18E+00,+17.05E+00,-13.22E+00,+8.454E+00
2,05/2/2026,18:37:26.915,-0.09E+00,-0.05E+00,+0.05E+00,+0.00E+00,-3.94E+00,+16.95E+00,-13.38E+00,+8.408E+00
2,05/2/2026,18:37:26.915,-0.09E+00,-0.05E+00,+0.00E+00,+0.00E+00,-3.69E+00,+16.85E+00,-13.54E+00,+8.363E+00
2,05/2/2026,18:37:26.915,-0.09E+00,-0.05E+00,+0.00E+00,+0.00E+00,-3.43E+00,+16.74E+00,-13.69E+00,+8.309E+00
2,05/2/2026,18:37:26.915,-0.09E+00,-0.05E+00,+0.05E+00,+0.00E+00,-3.17E+00,+16.63E+00,-13.83E+00,+8.248E+00
2,05/2/2026,18:37:26.915,-0.09E+00,-0.05E+00,+0.05E+00,+0.00E+00,-2.91E+00,+16.51E+00,-13.98E+00,+8.187E+00
2,05/2/2026,18:37:26.915,-0.09E+00,-0.05E+00,+0.00E+00,+0.00E+00,-2.66E+00,+16.39E+00,-14.10E+00,+8.126E+00
2,05/2/2026,18:37:26.915,-0.09E+00,-0.05E+00,+0.00E+00,+0.00E+00,-2.40E+00,+16.25E+00,-14.24E+00,+8.065E+00
2,05/2/2026,18:37:26.915,-0.09E+00,-0.05E+00,+0.05E+00,-0.05E+00,-2.12E+00,+16.11E+00,-14.36E+00,+7.989E+00
2,05/2/2026,18:37:26.916,-0.09E+00,-0.05E+00,+0.05E+00,-0.05E+00,-1.85E+00,+15.98E+00,-14.50E+00,+7.920E+00
2,05/2/2026,18:37:26.916,-0.09E+00,-0.05E+00,+0.05E+00,+0.00E+00,-1.57E+00,+15.82E+00,-14.62E+00,+7.844E+00
2,05/2/2026,18:37:26.916,-0.09E+00,-0.05E+00,+0.05E+00,+0.00E+00,-1.28E+00,+15.67E+00,-14.76E+00,+7.760E+00
2,05/2/2026,18:37:26.916,-0.09E+00,-0.05E+00,+0.00E+00,+0.00E+00,-1.01E+00,+15.52E+00,-14.86E+00,+7.684E+00
2,05/2/2026,18:37:26.916,-0.09E+00,-0.05E+00,+0.05E+00,+0.00E+00,-0.73E+00,+15.35E+00,-14.97E+00,+7.600E+00
2,05/2/2026,18:37:26.916,-0.09E+00,-0.05E+00,+0.05E+00,+0.00E+00,-0.46E+00,+15.18E+00,-15.09E+00,+7.516E+00
2,05/2/2026,18:37:26.916,-0.09E+00,-0.05E+00,+0.00E+00,+0.00E+00,-0.17E+00,+15.02E+00,-15.21E+00,+7.432E+00
2,05/2/2026,18:37:26.916,-0.09E+00,-0.05E+00,+0.00E+00,+0.00E+00,+0.11E+00,+14.83E+00,-15.32E+00,+7.340E+00
2,05/2/2026,18:37:26.916,-0.09E+00,-0.05E+00,+0.05E+00,-0.05E+00,+0.40E+00,+14.67E+00,-15.43E+00,+7.249E+00
2,05/2/2026,18:37:26.916,-0.09E+00,-0.05E+00,+0.05E+00,-0.05E+00,+0.67E+00,+14.48E+00,-15.52E+00,+7.157E+00
2,05/2/2026,18:37:26.916,-0.09E+00,-0.05E+00,+0.05E+00,+0.00E+00,+0.96E+00,+14.30E+00,-15.63E+00,+7.065E+00
2,05/2/2026,18:37:26.916,-0.09E+00,-0.05E+00,+0.05E+00,+0.00E+00,+1.24E+00,+14.12E+00,-15.72E+00,+6.982E+00
2,05/2/2026,18:37:26.916,-0.09E+00,-0.05E+00,+0.00E+00,+0.00E+00,+1.53E+00,+13.93E+00,-15.81E+00,+6.882E+00
2,05/2/2026,18:37:26.916,-0.09E+00,-0.05E+00,+0.05E+00,+0.00E+00,+1.82E+00,+13.75E+00,-15.90E+00,+6.791E+00
2,05/2/2026,18:37:26.916,-0.09E+00,-0.05E+00,+0.05E+00,+0.00E+00,+2.09E+00,+13.55E+00,-15.99E+00,+6.692E+00
2,05/2/2026,18:37:26.916,-0.09E+00,-0.05E+00,+0.05E+00,+0.00E+00,+2.37E+00,+13.35E+00,-16.08E+00,+6.592E+00
2,05/2/2026,18:37:26.916,-0.09E+00,-0.05E+00,+0.05E+00,+0.00E+00,+2.64E+00,+13.15E+00,-16.16E+00,+6.493E+00
2,05/2/2026,18:37:26.916,-0.09E+00,-0.05E+00,+0.00E+00,-0.05E+00,+2.91E+00,+12.97E+00,-16.24E+00,+6.394E+00
2,05/2/2026,18:37:26.916,-0.09E+00,-0.05E+00,+0.00E+00,-0.05E+00,+3.19E+00,+12.77E+00,-16.31E+00,+6.295E+00
2,05/2/2026,18:37:26.916,-0.09E+00,-0.05E+00,+0.05E+00,+0.00E+00,+3.45E+00,+12.57E+00,-16.37E+00,+6.196E+00
2,05/2/2026,18:37:26.917,-0.05E+00,-0.05E+00,+0.05E+00,-0.05E+00,+3.72E+00,+12.36E+00,-16.45E+00,+6.096E+00
2,05/2/2026,18:37:26.917,-0.09E+00,-0.05E+00,+0.05E+00,-0.05E+00,+3.98E+00,+12.16E+00,-16.51E+00,+5.997E+00
2,05/2/2026,18:37:26.917,-0.09E+00,-0.05E+00,+0.05E+00,+0.00E+00,+4.24E+00,+11.96E+00,-16.56E+00,+5.890E+00
2,05/2/2026,18:37:26.917,-0.09E+00,-0.05E+00,+0.05E+00,-0.05E+00,+4.50E+00,+11.75E+00,-16.62E+00,+5.791E+00
2,05/2/2026,18:37:26.917,-0.09E+00,-0.05E+00,+0.05E+00,-0.05E+00,+4.78E+00,+11.55E+00,-16.66E+00,+5.684E+00
2,05/2/2026,18:37:26.917,-0.09E+00,-0.05E+00,+0.05E+00,+0.00E+00,+5.02E+00,+11.34E+00,-16.73E+00,+5.578E+00
2,05/2/2026,18:37:26.917,-0.09E+00,-0.05E+00,+0.05E+00,+0.00E+00,+5.28E+00,+11.14E+00,-16.77E+00,+5.478E+00
2,05/2/2026,18:37:26.917,-0.09E+00,-0.05E+00,+0.05E+00,-0.05E+00,+5.54E+00,+10.94E+00,-16.82E+00,+5.372E+00
2,05/2/2026,18:37:26.917,-0.09E+00,-0.05E+00,+0.05E+00,+0.00E+00,+5.78E+00,+10.73E+00,-16.86E+00,+5.265E+00
2,05/2/2026,18:37:26.917,-0.09E+00,-0.05E+00,+0.05E+00,+0.00E+00,+6.03E+00,+10.51E+00,-16.89E+00,+5.166E+00
2,05/2/2026,18:37:26.917,-0.09E+00,-0.05E+00,+0.05E+00,-0.05E+00,+6.27E+00,+10.30E+00,-16.94E+00,+5.066E+00
2,05/2/2026,18:37:26.917,-0.09E+00,-0.05E+00,+0.05E+00,-0.05E+00,+6.53E+00,+10.10E+00,-16.97E+00,+4.960E+00
2,05/2/2026,18:37:26.917,-0.09E+00,-0.05E+00,+0.00E+00,-0.05E+00,+6.78E+00,+9.89E+00,-17.02E+00,+4.853E+00
2,05/2/2026,18:37:26.917,-0.09E+00,-0.05E+00,+0.05E+00,+0.00E+00,+7.02E+00,+9.67E+00,-17.05E+00,+4.746E+00
2,05/2/2026,18:37:26.917,-0.09E+00,-0.05E+00,+0.05E+00,+0.00E+00,+7.25E+00,+9.46E+00,-17.08E+00,+4.647E+00
2,05/2/2026,18:37:26.917,-0.09E+00,-0.05E+00,+0.00E+00,+0.00E+00,+7.49E+00,+9.25E+00,-17.11E+00,+4.532E+00
2,05/2/2026,18:37:26.917,-0.09E+00,-0.05E+00,+0.05E+00,-0.05E+00,+7.74E+00,+9.03E+00,-17.12E+00,+4.425E+00
2,05/2/2026,18:37:26.917,-0.09E+00,-0.05E+00,+0.05E+00,+0.00E+00,+7.97E+00,+8.81E+00,-17.14E+00,+4.319E+00
2,05/2/2026,18:37:26.917,-0.09E+00,-0.05E+00,+0.00E+00,+0.00E+00,+8.21E+00,+8.59E+00,-17.15E+00,+4.204E+00
2,05/2/2026,18:37:26.917,-0.09E+00,-0.05E+00,+0.00E+00,+0.00E+00,+8.45E+00,+8.36E+00,-17.18E+00,+4.090E+00
2,05/2/2026,18:37:26.918,-0.09E+00,-0.05E+00,+0.05E+00,-0.05E+00,+8.68E+00,+8.13E+00,-17.18E+00,+3.975E+00
2,05/2/2026,18:37:26.918,-0.09E+00,-0.05E+00,+0.05E+00,-0.05E+00,+8.93E+00,+7.90E+00,-17.20E+00,+3.868E+00
2,05/2/2026,18:37:26.918,-0.09E+00,-0.05E+00,+0.05E+00,-0.05E+00,+9.16E+00,+7.69E+00,-17.20E+00,+3.754E+00
2,05/2/2026,18:37:26.918,-0.09E+00,-0.05E+00,+0.05E+00,-0.05E+00,+9.40E+00,+7.46E+00,-17.21E+00,+3.632E+00
2,05/2/2026,18:37:26.918,-0.09E+00,-0.05E+00,+0.05E+00,-0.05E+00,+9.64E+00,+7.22E+00,-17.23E+00,+3.517E+00
2,05/2/2026,18:37:26.918,-0.09E+00,-0.05E+00,+0.00E+00,+0.00E+00,+9.89E+00,+6.99E+00,-17.23E+00,+3.403E+00
2,05/2/2026,18:37:26.918,-0.09E+00,-0.05E+00,+0.00E+00,+0.00E+00,+10.12E+00,+6.75E+00,-17.23E+00,+3.289E+00
2,05/2/2026,18:37:26.918,-0.09E+00,-0.05E+00,+0.05E+00,+0.00E+00,+10.36E+00,+6.52E+00,-17.23E+00,+3.166E+00
2,05/2/2026,18:37:26.918,-0.09E+00,-0.05E+00,+0.05E+00,-0.05E+00,+10.59E+00,+6.27E+00,-17.23E+00,+3.052E+00
2,05/2/2026,18:37:26.918,-0.09E+00,-0.05E+00,+0.00E+00,+0.00E+00,+10.82E+00,+6.04E+00,-17.23E+00,+2.930E+00
2,05/2/2026,18:37:26.918,-0.09E+00,-0.05E+00,+0.05E+00,+0.00E+00,+11.06E+00,+5.80E+00,-17.21E+00,+2.808E+00
2,05/2/2026,18:37:26.918,-0.09E+00,-0.05E+00,+0.05E+00,+0.00E+00,+11.29E+00,+5.55E+00,-17.21E+00,+2.693E+00
2,05/2/2026,18:37:26.918,-0.09E+00,-0.05E+00,+0.00E+00,-0.05E+00,+11.51E+00,+5.33E+00,-17.20E+00,+2.579E+00
2,05/2/2026,18:37:26.918,-0.09E+00,-0.05E+00,+0.05E+00,-0.05E+00,+11.74E+00,+5.08E+00,-17.18E+00,+2.457E+00
2,05/2/2026,18:37:26.918,-0.09E+00,-0.05E+00,+0.05E+00,+0.00E+00,+11.95E+00,+4.84E+00,-17.15E+00,+2.335E+00
2,05/2/2026,18:37:26.918,-0.05E+00,-0.05E+00,+0.00E+00,+0.00E+00,+12.16E+00,+4.61E+00,-17.12E+00,+2.220E+00
2,05/2/2026,18:37:26.918,-0.09E+00,-0.05E+00,+0.00E+00,+0.00E+00,+12.36E+00,+4.36E+00,-17.09E+00,+2.098E+00
2,05/2/2026,18:37:26.918,-0.09E+00,-0.05E+00,+0.05E+00,+0.00E+00,+12.56E+00,+4.12E+00,-17.05E+00,+1.976E+00
2,05/2/2026,18:37:26.918,-0.09E+00,-0.05E+00,+0.05E+00,+0.00E+00,+12.76E+00,+3.86E+00,-16.98E+00,+1.846E+00
2,05/2/2026,18:37:26.918,-0.09E+00,-0.05E+00,+0.05E+00,+0.00E+00,+12.94E+00,+3.60E+00,-16.89E+00,+1.717E+00
2,05/2/2026,18:37:26.919,-0.09E+00,-0.05E+00,+0.05E+00,+0.00E+00,+13.11E+00,+3.36E+00,-16.80E+00,+1.587E+00
2,05/2/2026,18:37:26.919,-0.09E+00,-0.05E+00,+0.00E+00,-0.05E+00,+13.26E+00,+3.08E+00,-16.69E+00,+1.457E+00
2,05/2/2026,18:37:26.919,-0.09E+00,-0.05E+00,+0.00E+00,-0.05E+00,+13.41E+00,+2.81E+00,-16.57E+00,+1.320E+00
2,05/2/2026,18:37:26.919,-0.09E+00,-0.05E+00,+0.05E+00,+0.00E+00,+13.57E+00,+2.55E+00,-16.45E+00,+1.190E+00
2,05/2/2026,18:37:26.919,-0.09E+00,-0.05E+00,+0.05E+00,+0.00E+00,+13.69E+00,+2.26E+00,-16.31E+00,+1.053E+00
2,05/2/2026,18:37:26.919,-0.09E+00,-0.05E+00,+0.05E+00,+0.00E+00,+13.83E+00,+2.00E+00,-16.18E+00,+0.923E+00
2,05/2/2026,18:37:26.919,-0.09E+00,-0.05E+00,+0.00E+00,+0.00E+00,+13.96E+00,+1.72E+00,-16.04E+00,+0.786E+00
2,05/2/2026,18:37:26.919,-0.09E+00,-0.05E+00,+0.00E+00,+0.00E+00,+14.10E+00,+1.46E+00,-15.90E+00,+0.649E+00
2,05/2/2026,18:37:26.919,-0.09E+00,-0.05E+00,+0.05E+00,-0.05E+00,+14.22E+00,+1.19E+00,-15.78E+00,+0.519E+00
2,05/2/2026,18:37:26.919,-0.09E+00,-0.05E+00,+0.05E+00,-0.05E+00,+14.34E+00,+0.92E+00,-15.64E+00,+0.382E+00
2,05/2/2026,18:37:26.919,-0.09E+00,-0.05E+00,+0.00E+00,-0.05E+00,+14.48E+00,+0.66E+00,-15.49E+00,+0.252E+00
2,05/2/2026,18:37:26.919,-0.09E+00,-0.05E+00,+0.05E+00,+0.00E+00,+14.60E+00,+0.38E+00,-15.34E+00,+0.122E+00
2,05/2/2026,18:37:26.919,-0.09E+00,-0.09E+00,+0.05E+00,+0.00E+00,+14.71E+00,+0.12E+00,-15.20E+00,-0.015E+00
2,05/2/2026,18:37:26.919,-0.09E+00,-0.05E+00,+0.05E+00,-0.05E+00,+14.82E+00,-0.15E+00,-15.03E+00,-0.145E+00
2,05/2/2026,18:37:26.919,-0.09E+00,-0.05E+00,+0.05E+00,+0.00E+00,+14.92E+00,-0.41E+00,-14.86E+00,-0.275E+00
2,05/2/2026,18:37:26.919,-0.09E+00,-0.05E+00,+0.00E+00,+0.00E+00,+15.02E+00,-0.69E+00,-14.70E+00,-0.412E+00
2,05/2/2026,18:37:26.919,-0.09E+00,-0.05E+00,+0.00E+00,-0.05E+00,+15.11E+00,-0.96E+00,-14.51E+00,-0.549E+00
2,05/2/2026,18:37:26.919,-0.09E+00,-0.05E+00,+0.00E+00,+0.00E+00,+15.18E+00,-1.24E+00,-14.31E+00,-0.687E+00
2,05/2/2026,18:37:26.919,-0.09E+00,-0.05E+00,+0.05E+00,+0.00E+00,+15.28E+00,-1.53E+00,-14.12E+00,-0.824E+00
2,05/2/2026,18:37:26.919,-0.09E+00,-0.05E+00,+0.05E+00,+0.00E+00,+15.35E+00,-1.82E+00,-13.92E+00,-0.969E+00
2,05/2/2026,18:37:26.920,-0.09E+00,-0.05E+00,+0.00E+00,-0.05E+00,+15.44E+00,-2.09E+00,-13.72E+00,-1.106E+00
2,05/2/2026,18:37:26.920,-0.09E+00,-0.05E+00,+0.00E+00,-0.05E+00,+15.52E+00,-2.37E+00,-13.51E+00,-1.251E+00
2,05/2/2026,18:37:26.920,-0.09E+00,-0.05E+00,+0.05E+00,-0.05E+00,+15.61E+00,-2.66E+00,-13.31E+00,-1.396E+00
2,05/2/2026,18:37:26.920,-0.09E+00,-0.05E+00,+0.05E+00,-0.05E+00,+15.69E+00,-2.95E+00,-13.12E+00,-1.534E+00
2,05/2/2026,18:37:26.920,-0.09E+00,-0.05E+00,+0.00E+00,+0.00E+00,+15.78E+00,-3.22E+00,-12.93E+00,-1.671E+00
2,05/2/2026,18:37:26.920,-0.09E+00,-0.05E+00,+0.00E+00,+0.00E+00,+15.86E+00,-3.51E+00,-12.73E+00,-1.808E+00
2,05/2/2026,18:37:26.920,-0.09E+00,-0.05E+00,+0.00E+00,+0.00E+00,+15.93E+00,-3.77E+00,-12.53E+00,-1.946E+00
2,05/2/2026,18:37:26.920,-0.09E+00,-0.05E+00,+0.00E+00,+0.00E+00,+16.01E+00,-4.06E+00,-12.33E+00,-2.083E+00
2,05/2/2026,18:37:26.920,-0.09E+00,-0.05E+00,+0.05E+00,+0.00E+00,+16.07E+00,-4.33E+00,-12.12E+00,-2.220E+00
2,05/2/2026,18:37:26.920,-0.09E+00,-0.05E+00,+0.05E+00,+0.00E+00,+16.13E+00,-4.61E+00,-11.90E+00,-2.358E+00
2,05/2/2026,18:37:26.920,-0.05E+00,-0.05E+00,+0.00E+00,+0.00E+00,+16.21E+00,-4.88E+00,-11.69E+00,-2.495E+00
2,05/2/2026,18:37:26.920,-0.09E+00,-0.05E+00,+0.05E+00,+0.00E+00,+16.27E+00,-5.16E+00,-11.48E+00,-2.625E+00
2,05/2/2026,18:37:26.920,-0.09E+00,-0.05E+00,+0.05E+00,-0.05E+00,+16.31E+00,-5.43E+00,-11.26E+00,-2.762E+00
2,05/2/2026,18:37:26.920,-0.09E+00,-0.05E+00,+0.00E+00,-0.05E+00,+16.37E+00,-5.69E+00,-11.05E+00,-2.899E+00
2,05/2/2026,18:37:26.920,-0.05E+00,-0.05E+00,+0.00E+00,+0.00E+00,+16.42E+00,-5.97E+00,-10.82E+00,-3.029E+00
2,05/2/2026,18:37:26.920,-0.09E+00,-0.05E+00,+0.05E+00,+0.00E+00,+16.47E+00,-6.23E+00,-10.61E+00,-3.159E+00
2,05/2/2026,18:37:26.920,-0.09E+00,-0.05E+00,+0.05E+00,-0.05E+00,+16.51E+00,-6.49E+00,-10.39E+00,-3.289E+00
2,05/2/2026,18:37:26.920,-0.09E+00,-0.05E+00,+0.05E+00,+0.00E+00,+16.56E+00,-6.76E+00,-10.18E+00,-3.418E+00
2,05/2/2026,18:37:26.920,-0.09E+00,-0.05E+00,+0.05E+00,+0.00E+00,+16.60E+00,-7.00E+00,-9.96E+00,-3.540E+00
2,05/2/2026,18:37:26.920,-0.09E+00,-0.05E+00,+0.05E+00,+0.00E+00,+16.65E+00,-7.26E+00,-9.75E+00,-3.670E+00
2,05/2/2026,18:37:26.921,-0.09E+00,-0.05E+00,+0.05E+00,-0.05E+00,+16.68E+00,-7.52E+00,-9.52E+00,-3.800E+00
2,05/2/2026,18:37:26.921,-0.09E+00,-0.05E+00,+0.05E+00,-0.05E+00,+16.71E+00,-7.77E+00,-9.31E+00,-3.914E+00
2,05/2/2026,18:37:26.921,-0.09E+00,-0.05E+00,+0.00E+00,-0.05E+00,+16.74E+00,-8.00E+00,-9.11E+00,-4.036E+00
2,05/2/2026,18:37:26.921,-0.09E+00,-0.05E+00,+0.05E+00,-0.05E+00,+16.77E+00,-8.24E+00,-8.88E+00,-4.158E+00
2,05/2/2026,18:37:26.921,-0.09E+00,-0.05E+00,+0.05E+00,+0.00E+00,+16.79E+00,-8.50E+00,-8.65E+00,-4.280E+00
2,05/2/2026,18:37:26.921,-0.09E+00,-0.05E+00,+0.05E+00,+0.00E+00,+16.80E+00,-8.74E+00,-8.44E+00,-4.403E+00
2,05/2/2026,18:37:26.921,-0.09E+00,-0.05E+00,+0.00E+00,-0.05E+00,+16.83E+00,-8.99E+00,-8.21E+00,-4.525E+00
2,05/2/2026,18:37:26.921,-0.09E+00,-0.05E+00,+0.00E+00,+0.00E+00,+16.83E+00,-9.25E+00,-7.97E+00,-4.647E+00
2,05/2/2026,18:37:26.921,-0.09E+00,-0.05E+00,+0.05E+00,+0.00E+00,+16.85E+00,-9.48E+00,-7.74E+00,-4.761E+00
2,05/2/2026,18:37:26.921,-0.09E+00,-0.05E+00,+0.05E+00,+0.00E+00,+16.86E+00,-9.72E+00,-7.51E+00,-4.883E+00
2,05/2/2026,18:37:26.921,-0.09E+00,-0.05E+00,+0.00E+00,-0.05E+00,+16.86E+00,-9.96E+00,-7.28E+00,-5.005E+00
2,05/2/2026,18:37:26.921,-0.09E+00,-0.05E+00,+0.00E+00,+0.00E+00,+16.88E+00,-10.21E+00,-7.03E+00,-5.120E+00
2,05/2/2026,18:37:26.921,-0.09E+00,-0.05E+00,+0.05E+00,+0.00E+00,+16.88E+00,-10.44E+00,-6.81E+00,-5.242E+00
2,05/2/2026,18:37:26.921,-0.09E+00,-0.05E+00,+0.05E+00,+0.00E+00,+16.88E+00,-10.68E+00,-6.56E+00,-5.356E+00
2,05/2/2026,18:37:26.921,-0.09E+00,-0.05E+00,+0.05E+00,+0.00E+00,+16.88E+00,-10.91E+00,-6.33E+00,-5.471E+00
2,05/2/2026,18:37:26.921,-0.09E+00,-0.05E+00,+0.05E+00,+0.00E+00,+16.88E+00,-11.16E+00,-6.09E+00,-5.585E+00
2,05/2/2026,18:37:26.921,-0.09E+00,-0.05E+00,+0.05E+00,+0.00E+00,+16.86E+00,-11.38E+00,-5.86E+00,-5.700E+00
2,05/2/2026,18:37:26.921,-0.09E+00,-0.05E+00,+0.05E+00,-0.05E+00,+16.85E+00,-11.61E+00,-5.62E+00,-5.814E+00
2,05/2/2026,18:37:26.921,-0.09E+00,-0.05E+00,+0.00E+00,+0.00E+00,+16.85E+00,-11.84E+00,-5.37E+00,-5.921E+00
2,05/2/2026,18:37:26.921,-0.09E+00,-0.05E+00,+0.00E+00,+0.00E+00,+16.82E+00,-12.06E+00,-5.13E+00,-6.035E+00
2,05/2/2026,18:37:26.922,-0.09E+00,-0.05E+00,+0.05E+00,+0.00E+00,+16.80E+00,-12.28E+00,-4.90E+00,-6.142E+00
2,05/2/2026,18:37:26.922,-0.09E+00,-0.05E+00,+0.05E+00,+0.00E+00,+16.77E+00,-12.50E+00,-4.65E+00,-6.249E+00
2,05/2/2026,18:37:26.922,-0.09E+00,-0.05E+00,+0.05E+00,-0.05E+00,+16.73E+00,-12.70E+00,-4.41E+00,-6.348E+00
2,05/2/2026,18:37:26.922,-0.09E+00,-0.05E+00,+0.05E+00,-0.05E+00,+16.68E+00,-12.89E+00,-4.15E+00,-6.440E+00
2,05/2/2026,18:37:26.922,-0.09E+00,-0.05E+00,+0.05E+00,+0.00E+00,+16.62E+00,-13.08E+00,-3.91E+00,-6.539E+00
2,05/2/2026,18:37:26.922,-0.09E+00,-0.05E+00,+0.00E+00,+0.00E+00,+16.54E+00,-13.26E+00,-3.66E+00,-6.623E+00
2,05/2/2026,18:37:26.922,-0.09E+00,-0.05E+00,+0.00E+00,+0.00E+00,+16.47E+00,-13.41E+00,-3.40E+00,-6.699E+00
2,05/2/2026,18:37:26.922,-0.09E+00,-0.05E+00,+0.05E+00,-0.05E+00,+16.37E+00,-13.58E+00,-3.14E+00,-6.783E+00
2,05/2/2026,18:37:26.922,-0.09E+00,-0.05E+00,+0.00E+00,+0.00E+00,+16.27E+00,-13.75E+00,-2.90E+00,-6.859E+00
2,05/2/2026,18:37:26.922,-0.09E+00,-0.05E+00,+0.00E+00,+0.00E+00,+16.18E+00,-13.90E+00,-2.64E+00,-6.936E+00
2,05/2/2026,18:37:26.922,-0.09E+00,-0.05E+00,+0.05E+00,+0.00E+00,+16.07E+00,-14.05E+00,-2.38E+00,-7.012E+00
2,05/2/2026,18:37:26.922,-0.09E+00,-0.05E+00,+0.05E+00,+0.00E+00,+15.95E+00,-14.21E+00,-2.12E+00,-7.081E+00
2,05/2/2026,18:37:26.922,-0.09E+00,-0.05E+00,+0.05E+00,+0.00E+00,+15.84E+00,-14.34E+00,-1.85E+00,-7.157E+00
2,05/2/2026,18:37:26.922,-0.09E+00,-0.05E+00,+0.00E+00,+0.00E+00,+15.70E+00,-14.50E+00,-1.57E+00,-7.226E+00
2,05/2/2026,18:37:26.922,-0.09E+00,-0.05E+00,+0.00E+00,+0.00E+00,+15.57E+00,-14.63E+00,-1.30E+00,-7.294E+00
2,05/2/2026,18:37:26.922,-0.09E+00,-0.05E+00,+0.05E+00,+0.00E+00,+15.44E+00,-14.77E+00,-1.04E+00,-7.363E+00
2,05/2/2026,18:37:26.922,-0.09E+00,-0.05E+00,+0.05E+00,-0.05E+00,+15.31E+00,-14.91E+00,-0.76E+00,-7.424E+00
2,05/2/2026,18:37:26.922,-0.09E+00,-0.05E+00,+0.05E+00,-0.05E+00,+15.17E+00,-15.03E+00,-0.49E+00,-7.493E+00
2,05/2/2026,18:37:26.922,-0.09E+00,-0.05E+00,+0.05E+00,-0.05E+00,+15.02E+00,-15.17E+00,-0.21E+00,-7.554E+00
2,05/2/2026,18:37:26.922,-0.09E+00,-0.05E+00,+0.05E+00,+0.00E+00,+14.85E+00,-15.29E+00,+0.06E+00,-7.615E+00
2,05/2/2026,18:37:26.923,-0.09E+00,-0.05E+00,+0.05E+00,+0.00E+00,+14.68E+00,-15.40E+00,+0.34E+00,-7.668E+00
2,05/2/2026,18:37:26.923,-0.09E+00,-0.05E+00,+0.05E+00,-0.05E+00,+14.53E+00,-15.50E+00,+0.63E+00,-7.722E+00
2,05/2/2026,18:37:26.923,-0.09E+00,-0.05E+00,+0.05E+00,+0.00E+00,+14.36E+00,-15.61E+00,+0.90E+00,-7.767E+00
2,05/2/2026,18:37:26.923,-0.09E+00,-0.05E+00,+0.05E+00,+0.00E+00,+14.18E+00,-15.72E+00,+1.18E+00,-7.821E+00
2,05/2/2026,18:37:26.923,-0.09E+00,-0.05E+00,+0.00E+00,+0.00E+00,+13.99E+00,-15.81E+00,+1.45E+00,-7.867E+00
2,05/2/2026,18:37:26.923,-0.09E+00,-0.05E+00,+0.05E+00,+0.00E+00,+13.81E+00,-15.90E+00,+1.74E+00,-7.912E+00
2,05/2/2026,18:37:26.923,-0.09E+00,-0.05E+00,+0.05E+00,+0.00E+00,+13.61E+00,-15.99E+00,+2.03E+00,-7.958E+00
2,05/2/2026,18:37:26.923,-0.09E+00,-0.05E+00,+0.05E+00,+0.00E+00,+13.41E+00,-16.08E+00,+2.30E+00,-7.996E+00
2,05/2/2026,18:37:26.923,-0.09E+00,-0.05E+00,+0.05E+00,+0.00E+00,+13.23E+00,-16.18E+00,+2.58E+00,-8.042E+00
2,05/2/2026,18:37:26.923,-0.09E+00,-0.05E+00,+0.00E+00,-0.05E+00,+13.03E+00,-16.25E+00,+2.85E+00,-8.080E+00
2,05/2/2026,18:37:26.923,-0.09E+00,-0.05E+00,+0.05E+00,+0.00E+00,+12.83E+00,-16.33E+00,+3.13E+00,-8.118E+00
2,05/2/2026,18:37:26.923,-0.09E+00,-0.05E+00,+0.05E+00,+0.00E+00,+12.64E+00,-16.40E+00,+3.40E+00,-8.157E+00
2,05/2/2026,18:37:26.923,-0.09E+00,-0.05E+00,+0.05E+00,-0.05E+00,+12.44E+00,-16.48E+00,+3.68E+00,-8.187E+00
2,05/2/2026,18:37:26.923,-0.09E+00,-0.05E+00,+0.05E+00,+0.00E+00,+12.24E+00,-16.54E+00,+3.95E+00,-8.218E+00
2,05/2/2026,18:37:26.923,-0.09E+00,-0.05E+00,+0.05E+00,+0.00E+00,+12.03E+00,-16.62E+00,+4.23E+00,-8.248E+00
2,05/2/2026,18:37:26.923,-0.09E+00,-0.05E+00,+0.00E+00,+0.00E+00,+11.83E+00,-16.69E+00,+4.49E+00,-8.286E+00
2,05/2/2026,18:37:26.923,-0.09E+00,-0.05E+00,+0.05E+00,+0.00E+00,+11.63E+00,-16.76E+00,+4.76E+00,-8.317E+00
2,05/2/2026,18:37:26.923,-0.09E+00,-0.05E+00,+0.05E+00,-0.05E+00,+11.43E+00,-16.82E+00,+5.02E+00,-8.347E+00
2,05/2/2026,18:37:26.923,-0.09E+00,-0.05E+00,+0.05E+00,-0.05E+00,+11.23E+00,-16.88E+00,+5.28E+00,-8.378E+00
2,05/2/2026,18:37:26.923,-0.09E+00,-0.05E+00,+0.00E+00,+0.00E+00,+11.02E+00,-16.92E+00,+5.54E+00,-8.401E+00
2,05/2/2026,18:37:26.924,-0.09E+00,-0.05E+00,+0.05E+00,+0.00E+00,+10.82E+00,-16.98E+00,+5.80E+00,-8.424E+00
2,05/2/2026,18:37:26.924,-0.09E+00,-0.05E+00,+0.00E+00,-0.05E+00,+10.61E+00,-17.03E+00,+6.06E+00,-8.447E+00
2,05/2/2026,18:37:26.924,-0.09E+00,-0.05E+00,+0.00E+00,-0.05E+00,+10.41E+00,-17.08E+00,+6.32E+00,-8.469E+00
2,05/2/2026,18:37:26.924,-0.09E+00,-0.05E+00,+0.00E+00,+0.00E+00,+10.19E+00,-17.12E+00,+6.56E+00,-8.485E+00
2,05/2/2026,18:37:26.924,-0.09E+00,-0.05E+00,+0.05E+00,+0.00E+00,+9.96E+00,-17.15E+00,+6.82E+00,-8.508E+00
2,05/2/2026,18:37:26.924,-0.09E+00,-0.05E+00,+0.05E+00,+0.00E+00,+9.77E+00,-17.18E+00,+7.07E+00,-8.523E+00
2,05/2/2026,18:37:26.924,-0.09E+00,-0.05E+00,+0.05E+00,-0.05E+00,+9.55E+00,-17.23E+00,+7.31E+00,-8.538E+00
2,05/2/2026,18:37:26.924,-0.09E+00,-0.05E+00,+0.00E+00,-0.05E+00,+9.35E+00,-17.26E+00,+7.55E+00,-8.553E+00
2,05/2/2026,18:37:26.924,-0.09E+00,-0.05E+00,+0.00E+00,+0.00E+00,+9.14E+00,-17.29E+00,+7.78E+00,-8.569E+00
2,05/2/2026,18:37:26.924,-0.09E+00,-0.05E+00,+0.00E+00,+0.00E+00,+8.94E+00,-17.32E+00,+8.01E+00,-8.576E+00
2,05/2/2026,18:37:26.924,-0.09E+00,-0.05E+00,+0.05E+00,+0.00E+00,+8.74E+00,-17.34E+00,+8.23E+00,-8.591E+00
2,05/2/2026,18:37:26.924,-0.09E+00,-0.05E+00,+0.05E+00,+0.00E+00,+8.53E+00,-17.37E+00,+8.47E+00,-8.607E+00
2,05/2/2026,18:37:26.924,-0.09E+00,-0.05E+00,+0.05E+00,+0.00E+00,+8.32E+00,-17.40E+00,+8.71E+00,-8.614E+00
2,05/2/2026,18:37:26.924,-0.09E+00,-0.05E+00,+0.05E+00,+0.00E+00,+8.10E+00,-17.41E+00,+8.96E+00,-8.622E+00
2,05/2/2026,18:37:26.924,-0.09E+00,-0.05E+00,+0.05E+00,+0.00E+00,+7.87E+00,-17.41E+00,+9.20E+00,-8.622E+00
2,05/2/2026,18:37:26.924,-0.09E+00,-0.05E+00,+0.05E+00,+0.00E+00,+7.65E+00,-17.43E+00,+9.43E+00,-8.630E+00
2,05/2/2026,18:37:26.924,-0.09E+00,-0.05E+00,+0.05E+00,-0.05E+00,+7.40E+00,-17.44E+00,+9.67E+00,-8.637E+00
2,05/2/2026,18:37:26.924,-0.09E+00,-0.05E+00,+0.05E+00,+0.00E+00,+7.17E+00,-17.46E+00,+9.92E+00,-8.637E+00
2,05/2/2026,18:37:26.924,-0.09E+00,-0.05E+00,+0.05E+00,+0.00E+00,+6.94E+00,-17.47E+00,+10.16E+00,-8.645E+00
2,05/2/2026,18:37:26.924,-0.09E+00,-0.05E+00,+0.00E+00,+0.00E+00,+6.71E+00,-17.47E+00,+10.39E+00,-8.645E+00
2,05/2/2026,18:37:26.925,-0.09E+00,-0.05E+00,+0.05E+00,-0.05E+00,+6.49E+00,-17.47E+00,+10.62E+00,-8.645E+00
2,05/2/2026,18:37:26.925,-0.14E+00,-0.05E+00,+0.05E+00,+0.00E+00,+6.26E+00,-17.47E+00,+10.87E+00,-8.645E+00
2,05/2/2026,18:37:26.925,-0.09E+00,-0.05E+00,+0.00E+00,+0.00E+00,+6.03E+00,-17.47E+00,+11.09E+00,-8.637E+00
2,05/2/2026,18:37:26.925,-0.09E+00,-0.05E+00,+0.00E+00,+0.00E+00,+5.78E+00,-17.47E+00,+11.32E+00,-8.637E+00
2,05/2/2026,18:37:26.925,-0.09E+00,-0.05E+00,+0.05E+00,-0.05E+00,+5.55E+00,-17.46E+00,+11.55E+00,-8.630E+00
2,05/2/2026,18:37:26.925,-0.09E+00,-0.05E+00,+0.00E+00,-0.05E+00,+5.33E+00,-17.44E+00,+11.78E+00,-8.622E+00
2,05/2/2026,18:37:26.925,-0.09E+00,-0.05E+00,+0.00E+00,-0.05E+00,+5.08E+00,-17.43E+00,+11.99E+00,-8.607E+00
2,05/2/2026,18:37:26.925,-0.09E+00,-0.05E+00,+0.05E+00,+0.00E+00,+4.85E+00,-17.40E+00,+12.19E+00,-8.591E+00
2,05/2/2026,18:37:26.925,-0.09E+00,-0.05E+00,+0.05E+00,-0.05E+00,+4.61E+00,-17.35E+00,+12.39E+00,-8.576E+00
2,05/2/2026,18:37:26.925,-0.09E+00,-0.05E+00,+0.05E+00,-0.05E+00,+4.36E+00,-17.31E+00,+12.59E+00,-8.546E+00
2,05/2/2026,18:37:26.925,-0.09E+00,-0.05E+00,+0.05E+00,+0.00E+00,+4.12E+00,-17.24E+00,+12.76E+00,-8.515E+00
2,05/2/2026,18:37:26.925,-0.09E+00,-0.05E+00,+0.00E+00,-0.05E+00,+3.88E+00,-17.17E+00,+12.93E+00,-8.469E+00
2,05/2/2026,18:37:26.925,-0.09E+00,-0.05E+00,+0.05E+00,-0.05E+00,+3.63E+00,-17.08E+00,+13.09E+00,-8.431E+00
2,05/2/2026,18:37:26.925,-0.09E+00,-0.05E+00,+0.05E+00,+0.00E+00,+3.37E+00,-16.98E+00,+13.25E+00,-8.378E+00
2,05/2/2026,18:37:26.925,-0.09E+00,-0.05E+00,+0.00E+00,+0.00E+00,+3.11E+00,-16.88E+00,+13.40E+00,-8.324E+00
2,05/2/2026,18:37:26.925,-0.09E+00,-0.05E+00,+0.05E+00,+0.00E+00,+2.85E+00,-16.76E+00,+13.54E+00,-8.263E+00
2,05/2/2026,18:37:26.925,-0.09E+00,-0.05E+00,+0.05E+00,+0.00E+00,+2.59E+00,-16.63E+00,+13.67E+00,-8.202E+00
2,05/2/2026,18:37:26.925,-0.09E+00,-0.05E+00,+0.05E+00,+0.00E+00,+2.33E+00,-16.51E+00,+13.81E+00,-8.134E+00
2,05/2/2026,18:37:26.925,-0.09E+00,-0.05E+00,+0.05E+00,+0.00E+00,+2.08E+00,-16.37E+00,+13.95E+00,-8.073E+00
2,05/2/2026,18:37:26.925,-0.09E+00,-0.05E+00,+0.05E+00,+0.00E+00,+1.80E+00,-16.24E+00,+14.07E+00,-8.004E+00
2,05/2/2026,18:37:26.926,-0.09E+00,-0.05E+00,+0.05E+00,+0.00E+00,+1.53E+00,-16.10E+00,+14.21E+00,-7.928E+00
2,05/2/2026,18:37:26.926,-0.09E+00,-0.05E+00,+0.05E+00,-0.05E+00,+1.25E+00,-15.95E+00,+14.33E+00,-7.851E+00
2,05/2/2026,18:37:26.926,-0.09E+00,-0.05E+00,+0.05E+00,-0.05E+00,+0.96E+00,-15.79E+00,+14.45E+00,-7.775E+00
2,05/2/2026,18:37:26.926,-0.09E+00,-0.05E+00,+0.05E+00,+0.00E+00,+0.69E+00,-15.63E+00,+14.57E+00,-7.691E+00
2,05/2/2026,18:37:26.926,-0.09E+00,-0.05E+00,+0.05E+00,+0.00E+00,+0.41E+00,-15.47E+00,+14.68E+00,-7.607E+00
2,05/2/2026,18:37:26.926,-0.09E+00,-0.05E+00,+0.00E+00,+0.00E+00,+0.14E+00,-15.31E+00,+14.80E+00,-7.523E+00
2,05/2/2026,18:37:26.926,-0.09E+00,-0.05E+00,+0.05E+00,-0.05E+00,-0.15E+00,-15.14E+00,+14.91E+00,-7.439E+00
2,05/2/2026,18:37:26.926,-0.09E+00,-0.05E+00,+0.05E+00,+0.00E+00,-0.43E+00,-14.95E+00,+15.02E+00,-7.355E+00
2,05/2/2026,18:37:26.926,-0.05E+00,-0.05E+00,+0.05E+00,+0.00E+00,-0.70E+00,-14.79E+00,+15.12E+00,-7.264E+00
2,05/2/2026,18:37:26.926,-0.09E+00,-0.05E+00,+0.05E+00,+0.00E+00,-0.99E+00,-14.60E+00,+15.23E+00,-7.172E+00
2,05/2/2026,18:37:26.926,-0.09E+00,-0.05E+00,+0.05E+00,+0.00E+00,-1.27E+00,-14.42E+00,+15.32E+00,-7.088E+00
2,05/2/2026,18:37:26.926,-0.14E+00,-0.05E+00,+0.05E+00,+0.00E+00,-1.54E+00,-14.24E+00,+15.41E+00,-6.989E+00
2,05/2/2026,18:37:26.926,-0.09E+00,-0.05E+00,+0.00E+00,+0.00E+00,-1.85E+00,-14.05E+00,+15.52E+00,-6.890E+00
2,05/2/2026,18:37:26.926,-0.09E+00,-0.05E+00,+0.00E+00,+0.00E+00,-2.12E+00,-13.86E+00,+15.61E+00,-6.798E+00
2,05/2/2026,18:37:26.926,-0.09E+00,-0.05E+00,+0.00E+00,+0.00E+00,-2.41E+00,-13.66E+00,+15.70E+00,-6.699E+00
2,05/2/2026,18:37:26.926,-0.09E+00,-0.05E+00,+0.00E+00,-0.05E+00,-2.69E+00,-13.47E+00,+15.78E+00,-6.600E+00
2,05/2/2026,18:37:26.926,-0.09E+00,-0.05E+00,+0.05E+00,-0.05E+00,-2.96E+00,-13.28E+00,+15.86E+00,-6.508E+00
2,05/2/2026,18:37:26.926,-0.09E+00,-0.05E+00,+0.05E+00,+0.00E+00,-3.24E+00,-13.08E+00,+15.95E+00,-6.409E+00
2,05/2/2026,18:37:26.926,-0.09E+00,-0.05E+00,+0.05E+00,+0.00E+00,-3.51E+00,-12.88E+00,+16.01E+00,-6.302E+00
2,05/2/2026,18:37:26.926,-0.09E+00,-0.05E+00,+0.05E+00,-0.05E+00,-3.77E+00,-12.68E+00,+16.08E+00,-6.203E+00
2,05/2/2026,18:37:26.927,-0.09E+00,-0.05E+00,+0.00E+00,+0.00E+00,-4.04E+00,-12.48E+00,+16.15E+00,-6.104E+00
2,05/2/2026,18:37:26.927,-0.09E+00,-0.05E+00,+0.00E+00,+0.00E+00,-4.30E+00,-12.27E+00,+16.21E+00,-6.005E+00
2,05/2/2026,18:37:26.927,-0.09E+00,-0.05E+00,+0.05E+00,+0.00E+00,-4.56E+00,-12.07E+00,+16.25E+00,-5.898E+00
2,05/2/2026,18:37:26.927,-0.09E+00,-0.05E+00,+0.05E+00,+0.00E+00,-4.82E+00,-11.86E+00,+16.31E+00,-5.799E+00
2,05/2/2026,18:37:26.927,-0.09E+00,-0.05E+00,+0.05E+00,+0.00E+00,-5.08E+00,-11.66E+00,+16.37E+00,-5.692E+00
2,05/2/2026,18:37:26.927,-0.09E+00,-0.05E+00,+0.05E+00,+0.00E+00,-5.33E+00,-11.46E+00,+16.40E+00,-5.593E+00
2,05/2/2026,18:37:26.927,-0.09E+00,-0.05E+00,+0.05E+00,+0.00E+00,-5.59E+00,-11.25E+00,+16.47E+00,-5.486E+00
2,05/2/2026,18:37:26.927,-0.09E+00,-0.05E+00,+0.05E+00,-0.05E+00,-5.84E+00,-11.03E+00,+16.51E+00,-5.379E+00
2,05/2/2026,18:37:26.927,-0.09E+00,-0.05E+00,+0.05E+00,+0.00E+00,-6.09E+00,-10.83E+00,+16.54E+00,-5.280E+00
2,05/2/2026,18:37:26.927,-0.09E+00,-0.05E+00,+0.05E+00,+0.00E+00,-6.35E+00,-10.62E+00,+16.59E+00,-5.173E+00
2,05/2/2026,18:37:26.927,-0.09E+00,-0.05E+00,+0.05E+00,+0.00E+00,-6.59E+00,-10.41E+00,+16.63E+00,-5.066E+00
2,05/2/2026,18:37:26.927,-0.09E+00,-0.05E+00,+0.05E+00,-0.05E+00,-6.84E+00,-10.19E+00,+16.66E+00,-4.967E+00
2,05/2/2026,18:37:26.927,-0.09E+00,-0.05E+00,+0.05E+00,+0.00E+00,-7.08E+00,-9.98E+00,+16.71E+00,-4.860E+00
2,05/2/2026,18:37:26.927,-0.05E+00,-0.05E+00,+0.05E+00,+0.00E+00,-7.32E+00,-9.78E+00,+16.74E+00,-4.754E+00
2,05/2/2026,18:37:26.927,-0.09E+00,-0.05E+00,+0.05E+00,+0.00E+00,-7.57E+00,-9.57E+00,+16.76E+00,-4.647E+00
2,05/2/2026,18:37:26.927,-0.09E+00,-0.05E+00,+0.05E+00,-0.05E+00,-7.81E+00,-9.34E+00,+16.79E+00,-4.540E+00
2,05/2/2026,18:37:26.927,-0.09E+00,-0.05E+00,+0.05E+00,-0.05E+00,-8.04E+00,-9.13E+00,+16.82E+00,-4.425E+00
2,05/2/2026,18:37:26.927,-0.09E+00,-0.05E+00,+0.05E+00,-0.05E+00,-8.29E+00,-8.91E+00,+16.83E+00,-4.319E+00
2,05/2/2026,18:37:26.927,-0.09E+00,-0.05E+00,+0.05E+00,+0.00E+00,-8.53E+00,-8.68E+00,+16.85E+00,-4.212E+00
2,05/2/2026,18:37:26.927,-0.09E+00,-0.05E+00,+0.05E+00,+0.00E+00,-8.76E+00,-8.47E+00,+16.86E+00,-4.097E+00
2,05/2/2026,18:37:26.928,-0.09E+00,-0.05E+00,+0.05E+00,+0.00E+00,-9.00E+00,-8.24E+00,+16.88E+00,-3.983E+00
2,05/2/2026,18:37:26.928,-0.09E+00,-0.05E+00,+0.05E+00,+0.00E+00,-9.23E+00,-8.01E+00,+16.88E+00,-3.868E+00
2,05/2/2026,18:37:26.928,-0.09E+00,-0.05E+00,+0.00E+00,+0.00E+00,-9.48E+00,-7.78E+00,+16.89E+00,-3.754E+00
2,05/2/2026,18:37:26.928,-0.09E+00,-0.05E+00,+0.00E+00,+0.00E+00,-9.72E+00,-7.55E+00,+16.91E+00,-3.640E+00
2,05/2/2026,18:37:26.928,-0.09E+00,-0.05E+00,+0.05E+00,-0.05E+00,-9.96E+00,-7.31E+00,+16.91E+00,-3.525E+00
2,05/2/2026,18:37:26.928,-0.09E+00,-0.05E+00,+0.05E+00,-0.05E+00,-10.19E+00,-7.08E+00,+16.91E+00,-3.403E+00
2,05/2/2026,18:37:26.928,-0.09E+00,-0.05E+00,+0.05E+00,-0.05E+00,-10.44E+00,-6.84E+00,+16.91E+00,-3.289E+00
2,05/2/2026,18:37:26.928,-0.09E+00,-0.05E+00,+0.05E+00,+0.00E+00,-10.68E+00,-6.61E+00,+16.91E+00,-3.166E+00
2,05/2/2026,18:37:26.928,-0.09E+00,-0.05E+00,+0.05E+00,+0.00E+00,-10.91E+00,-6.36E+00,+16.91E+00,-3.052E+00
2,05/2/2026,18:37:26.928,-0.09E+00,-0.05E+00,+0.05E+00,+0.00E+00,-11.16E+00,-6.13E+00,+16.91E+00,-2.930E+00
2,05/2/2026,18:37:26.928,-0.09E+00,-0.05E+00,+0.05E+00,+0.00E+00,-11.38E+00,-5.89E+00,+16.89E+00,-2.808E+00
2,05/2/2026,18:37:26.928,-0.09E+00,-0.05E+00,+0.05E+00,+0.00E+00,-11.61E+00,-5.65E+00,+16.89E+00,-2.693E+00
2,05/2/2026,18:37:26.928,-0.09E+00,-0.05E+00,+0.05E+00,+0.00E+00,-11.83E+00,-5.42E+00,+16.88E+00,-2.571E+00
2,05/2/2026,18:37:26.928,-0.09E+00,-0.05E+00,+0.05E+00,+0.00E+00,-12.04E+00,-5.19E+00,+16.86E+00,-2.457E+00
2,05/2/2026,18:37:26.928,-0.09E+00,-0.05E+00,+0.05E+00,+0.00E+00,-12.25E+00,-4.94E+00,+16.83E+00,-2.342E+00
2,05/2/2026,18:37:26.928,-0.09E+00,-0.05E+00,+0.05E+00,-0.05E+00,-12.47E+00,-4.68E+00,+16.80E+00,-2.220E+00
2,05/2/2026,18:37:26.928,-0.09E+00,-0.05E+00,+0.00E+00,+0.00E+00,-12.68E+00,-4.44E+00,+16.77E+00,-2.098E+00
2,05/2/2026,18:37:26.928,-0.09E+00,+0.00E+00,+0.00E+00,+0.00E+00,-12.86E+00,-4.20E+00,+16.71E+00,-1.969E+00
2,05/2/2026,18:37:26.928,-0.09E+00,-0.05E+00,+0.05E+00,-0.05E+00,-13.06E+00,-3.95E+00,+16.65E+00,-1.846E+00
2,05/2/2026,18:37:26.928,-0.09E+00,-0.05E+00,+0.05E+00,+0.00E+00,-13.25E+00,-3.69E+00,+16.57E+00,-1.717E+00
2,05/2/2026,18:37:26.929,-0.09E+00,-0.05E+00,+0.05E+00,+0.00E+00,-13.41E+00,-3.42E+00,+16.47E+00,-1.587E+00
2,05/2/2026,18:37:26.929,-0.09E+00,-0.05E+00,+0.05E+00,-0.05E+00,-13.57E+00,-3.16E+00,+16.37E+00,-1.450E+00
2,05/2/2026,18:37:26.929,-0.09E+00,-0.05E+00,+0.05E+00,-0.05E+00,-13.72E+00,-2.88E+00,+16.25E+00,-1.320E+00
2,05/2/2026,18:37:26.929,-0.09E+00,-0.05E+00,+0.05E+00,+0.00E+00,-13.87E+00,-2.62E+00,+16.11E+00,-1.183E+00
2,05/2/2026,18:37:26.929,-0.09E+00,-0.05E+00,+0.00E+00,+0.00E+00,-14.01E+00,-2.35E+00,+15.99E+00,-1.045E+00
2,05/2/2026,18:37:26.929,-0.09E+00,-0.05E+00,+0.05E+00,+0.00E+00,-14.15E+00,-2.08E+00,+15.86E+00,-0.916E+00
2,05/2/2026,18:37:26.929,-0.09E+00,-0.05E+00,+0.05E+00,+0.00E+00,-14.27E+00,-1.82E+00,+15.72E+00,-0.786E+00
2,05/2/2026,18:37:26.929,-0.09E+00,-0.05E+00,+0.05E+00,-0.05E+00,-14.41E+00,-1.56E+00,+15.58E+00,-0.649E+00
2,05/2/2026,18:37:26.929,-0.09E+00,-0.05E+00,+0.05E+00,-0.05E+00,-14.54E+00,-1.28E+00,+15.44E+00,-0.519E+00
2,05/2/2026,18:37:26.929,-0.09E+00,-0.05E+00,+0.05E+00,+0.00E+00,-14.67E+00,-1.01E+00,+15.31E+00,-0.382E+00
2,05/2/2026,18:37:26.929,-0.09E+00,-0.05E+00,+0.00E+00,+0.00E+00,-14.79E+00,-0.75E+00,+15.15E+00,-0.252E+00
2,05/2/2026,18:37:26.929,-0.09E+00,-0.05E+00,+0.05E+00,+0.00E+00,-14.89E+00,-0.47E+00,+15.00E+00,-0.122E+00
2,05/2/2026,18:37:26.929,-0.09E+00,-0.05E+00,+0.05E+00,-0.05E+00,-15.00E+00,-0.20E+00,+14.85E+00,+0.015E+00
2,05/2/2026,18:37:26.929,-0.09E+00,-0.05E+00,+0.00E+00,+0.00E+00,-15.11E+00,+0.06E+00,+14.70E+00,+0.145E+00
2,05/2/2026,18:37:26.929,-0.09E+00,-0.05E+00,+0.05E+00,+0.00E+00,-15.21E+00,+0.32E+00,+14.53E+00,+0.282E+00
2,05/2/2026,18:37:26.929,-0.09E+00,-0.05E+00,+0.05E+00,+0.00E+00,-15.31E+00,+0.60E+00,+14.34E+00,+0.420E+00
2,05/2/2026,18:37:26.929,-0.09E+00,-0.05E+00,+0.05E+00,+0.00E+00,-15.40E+00,+0.87E+00,+14.16E+00,+0.549E+00
2,05/2/2026,18:37:26.929,-0.09E+00,-0.05E+00,+0.05E+00,+0.00E+00,-15.49E+00,+1.16E+00,+13.96E+00,+0.687E+00
2,05/2/2026,18:37:26.929,-0.09E+00,-0.05E+00,+0.05E+00,+0.00E+00,-15.57E+00,+1.43E+00,+13.76E+00,+0.832E+00
2,05/2/2026,18:37:26.929,-0.09E+00,-0.05E+00,+0.00E+00,-0.05E+00,-15.66E+00,+1.72E+00,+13.58E+00,+0.969E+00
2,05/2/2026,18:37:26.930,-0.09E+00,-0.05E+00,+0.00E+00,-0.05E+00,-15.73E+00,+2.01E+00,+13.37E+00,+1.114E+00
2,05/2/2026,18:37:26.930,-0.09E+00,-0.05E+00,+0.05E+00,-0.05E+00,-15.82E+00,+2.29E+00,+13.17E+00,+1.251E+00
2,05/2/2026,18:37:26.930,-0.09E+00,-0.05E+00,+0.05E+00,+0.00E+00,-15.90E+00,+2.58E+00,+12.97E+00,+1.396E+00
2,05/2/2026,18:37:26.930,-0.09E+00,-0.05E+00,+0.05E+00,+0.00E+00,-15.99E+00,+2.85E+00,+12.77E+00,+1.534E+00
2,05/2/2026,18:37:26.930,-0.09E+00,-0.05E+00,+0.00E+00,+0.00E+00,-16.07E+00,+3.14E+00,+12.57E+00,+1.671E+00
2,05/2/2026,18:37:26.930,-0.09E+00,-0.05E+00,+0.00E+00,+0.00E+00,-16.15E+00,+3.42E+00,+12.38E+00,+1.808E+00
2,05/2/2026,18:37:26.930,-0.09E+00,-0.05E+00,+0.05E+00,+0.00E+00,-16.22E+00,+3.69E+00,+12.16E+00,+1.953E+00
2,05/2/2026,18:37:26.930,-0.09E+00,-0.05E+00,+0.05E+00,+0.00E+00,-16.30E+00,+3.98E+00,+11.96E+00,+2.083E+00
2,05/2/2026,18:37:26.930,-0.09E+00,-0.05E+00,+0.05E+00,+0.00E+00,-16.36E+00,+4.24E+00,+11.75E+00,+2.220E+00
2,05/2/2026,18:37:26.930,-0.09E+00,-0.05E+00,+0.05E+00,-0.05E+00,-16.42E+00,+4.52E+00,+11.54E+00,+2.358E+00
2,05/2/2026,18:37:26.930,-0.09E+00,-0.05E+00,+0.05E+00,-0.05E+00,-16.48E+00,+4.79E+00,+11.34E+00,+2.495E+00
2,05/2/2026,18:37:26.930,-0.09E+00,-0.05E+00,+0.00E+00,-0.05E+00,-16.54E+00,+5.07E+00,+11.11E+00,+2.625E+00
2,05/2/2026,18:37:26.930,-0.09E+00,-0.05E+00,+0.00E+00,-0.05E+00,-16.60E+00,+5.34E+00,+10.90E+00,+2.762E+00
2,05/2/2026,18:37:26.930,-0.09E+00,-0.05E+00,+0.05E+00,-0.05E+00,-16.66E+00,+5.62E+00,+10.68E+00,+2.899E+00
2,05/2/2026,18:37:26.930,-0.09E+00,-0.05E+00,+0.00E+00,+0.00E+00,-16.71E+00,+5.88E+00,+10.47E+00,+3.029E+00
2,05/2/2026,18:37:26.930,-0.09E+00,-0.05E+00,+0.00E+00,+0.00E+00,-16.74E+00,+6.15E+00,+10.24E+00,+3.159E+00
2,05/2/2026,18:37:26.930,-0.09E+00,-0.05E+00,+0.05E+00,-0.05E+00,-16.80E+00,+6.41E+00,+10.03E+00,+3.289E+00
2,05/2/2026,18:37:26.930,-0.09E+00,-0.05E+00,+0.05E+00,-0.05E+00,-16.85E+00,+6.67E+00,+9.81E+00,+3.418E+00
2,05/2/2026,18:37:26.930,-0.09E+00,-0.05E+00,+0.00E+00,+0.00E+00,-16.88E+00,+6.93E+00,+9.60E+00,+3.548E+00
2,05/2/2026,18:37:26.930,-0.09E+00,-0.05E+00,+0.00E+00,+0.00E+00,-16.91E+00,+7.17E+00,+9.39E+00,+3.670E+00
2,05/2/2026,18:37:26.931,-0.09E+00,-0.05E+00,+0.05E+00,+0.00E+00,-16.94E+00,+7.43E+00,+9.17E+00,+3.792E+00
2,05/2/2026,18:37:26.931,-0.09E+00,-0.05E+00,+0.05E+00,+0.00E+00,-16.98E+00,+7.66E+00,+8.96E+00,+3.914E+00
2,05/2/2026,18:37:26.931,-0.09E+00,-0.05E+00,+0.05E+00,+0.00E+00,-17.02E+00,+7.90E+00,+8.74E+00,+4.036E+00
2,05/2/2026,18:37:26.931,-0.09E+00,-0.05E+00,+0.05E+00,+0.00E+00,-17.03E+00,+8.16E+00,+8.53E+00,+4.151E+00
2,05/2/2026,18:37:26.931,-0.09E+00,-0.05E+00,+0.05E+00,+0.00E+00,-17.06E+00,+8.39E+00,+8.30E+00,+4.273E+00
2,05/2/2026,18:37:26.931,-0.09E+00,-0.05E+00,+0.05E+00,-0.05E+00,-17.08E+00,+8.65E+00,+8.07E+00,+4.395E+00
2,05/2/2026,18:37:26.931,-0.09E+00,-0.05E+00,+0.05E+00,-0.05E+00,-17.09E+00,+8.90E+00,+7.84E+00,+4.517E+00
2,05/2/2026,18:37:26.931,-0.09E+00,-0.05E+00,+0.05E+00,+0.00E+00,-17.11E+00,+9.14E+00,+7.61E+00,+4.639E+00
2,05/2/2026,18:37:26.931,-0.09E+00,-0.05E+00,+0.00E+00,+0.00E+00,-17.12E+00,+9.39E+00,+7.37E+00,+4.761E+00
2,05/2/2026,18:37:26.931,-0.09E+00,-0.05E+00,+0.00E+00,+0.00E+00,-17.12E+00,+9.63E+00,+7.14E+00,+4.883E+00
2,05/2/2026,18:37:26.931,-0.09E+00,-0.05E+00,+0.00E+00,+0.00E+00,-17.14E+00,+9.86E+00,+6.91E+00,+5.005E+00
2,05/2/2026,18:37:26.931,-0.09E+00,-0.05E+00,+0.05E+00,+0.00E+00,-17.14E+00,+10.12E+00,+6.67E+00,+5.112E+00
2,05/2/2026,18:37:26.931,-0.09E+00,-0.05E+00,+0.00E+00,+0.00E+00,-17.14E+00,+10.35E+00,+6.44E+00,+5.234E+00
2,05/2/2026,18:37:26.931,-0.09E+00,-0.05E+00,+0.00E+00,+0.00E+00,-17.14E+00,+10.58E+00,+6.21E+00,+5.356E+00
2,05/2/2026,18:37:26.931,-0.09E+00,-0.05E+00,+0.05E+00,+0.00E+00,-17.14E+00,+10.82E+00,+5.97E+00,+5.463E+00
2,05/2/2026,18:37:26.931,-0.09E+00,-0.05E+00,+0.05E+00,-0.05E+00,-17.14E+00,+11.05E+00,+5.72E+00,+5.585E+00
2,05/2/2026,18:37:26.931,-0.09E+00,-0.05E+00,+0.05E+00,-0.05E+00,-17.12E+00,+11.29E+00,+5.49E+00,+5.700E+00
2,05/2/2026,18:37:26.931,-0.05E+00,-0.05E+00,+0.05E+00,+0.00E+00,-17.12E+00,+11.51E+00,+5.25E+00,+5.807E+00
2,05/2/2026,18:37:26.931,-0.09E+00,-0.05E+00,+0.00E+00,-0.05E+00,-17.11E+00,+11.74E+00,+5.01E+00,+5.921E+00
2,05/2/2026,18:37:26.931,-0.09E+00,-0.05E+00,+0.05E+00,-0.05E+00,-17.09E+00,+11.96E+00,+4.76E+00,+6.035E+00
2,05/2/2026,18:37:26.932,-0.09E+00,-0.05E+00,+0.05E+00,+0.00E+00,-17.06E+00,+12.18E+00,+4.52E+00,+6.142E+00
2,05/2/2026,18:37:26.932,-0.09E+00,-0.05E+00,+0.00E+00,-0.05E+00,-17.03E+00,+12.39E+00,+4.29E+00,+6.241E+00
2,05/2/2026,18:37:26.932,-0.09E+00,-0.05E+00,+0.05E+00,+0.00E+00,-16.98E+00,+12.59E+00,+4.04E+00,+6.341E+00
2,05/2/2026,18:37:26.932,-0.09E+00,-0.05E+00,+0.05E+00,+0.00E+00,-16.92E+00,+12.79E+00,+3.80E+00,+6.440E+00
2,05/2/2026,18:37:26.932,-0.09E+00,-0.05E+00,+0.05E+00,-0.05E+00,-16.86E+00,+12.97E+00,+3.54E+00,+6.524E+00
2,05/2/2026,18:37:26.932,-0.09E+00,-0.05E+00,+0.05E+00,-0.05E+00,-16.79E+00,+13.14E+00,+3.30E+00,+6.608E+00
2,05/2/2026,18:37:26.932,-0.09E+00,-0.05E+00,+0.05E+00,-0.05E+00,-16.71E+00,+13.31E+00,+3.05E+00,+6.692E+00
2,05/2/2026,18:37:26.932,-0.09E+00,-0.05E+00,+0.05E+00,+0.00E+00,-16.62E+00,+13.47E+00,+2.79E+00,+6.776E+00
2,05/2/2026,18:37:26.932,-0.09E+00,-0.05E+00,+0.05E+00,+0.00E+00,-16.53E+00,+13.63E+00,+2.53E+00,+6.852E+00
2,05/2/2026,18:37:26.932,-0.09E+00,-0.05E+00,+0.00E+00,-0.05E+00,-16.42E+00,+13.80E+00,+2.27E+00,+6.928E+00
2,05/2/2026,18:37:26.932,-0.09E+00,-0.05E+00,+0.00E+00,-0.05E+00,-16.31E+00,+13.95E+00,+2.01E+00,+7.004E+00
2,05/2/2026,18:37:26.932,-0.09E+00,-0.05E+00,+0.05E+00,+0.00E+00,-16.21E+00,+14.10E+00,+1.75E+00,+7.073E+00
2,05/2/2026,18:37:26.932,-0.09E+00,-0.05E+00,+0.05E+00,+0.00E+00,-16.08E+00,+14.24E+00,+1.48E+00,+7.149E+00
2,05/2/2026,18:37:26.932,-0.09E+00,-0.05E+00,+0.00E+00,+0.00E+00,-15.95E+00,+14.38E+00,+1.21E+00,+7.218E+00
2,05/2/2026,18:37:26.932,-0.09E+00,-0.05E+00,+0.05E+00,+0.00E+00,-15.81E+00,+14.53E+00,+0.95E+00,+7.287E+00
2,05/2/2026,18:37:26.932,-0.09E+00,-0.05E+00,+0.05E+00,+0.00E+00,-15.69E+00,+14.65E+00,+0.67E+00,+7.348E+00
2,05/2/2026,18:37:26.932,-0.09E+00,-0.05E+00,+0.05E+00,-0.05E+00,-15.55E+00,+14.79E+00,+0.40E+00,+7.416E+00
2,05/2/2026,18:37:26.932,-0.09E+00,-0.05E+00,+0.05E+00,+0.00E+00,-15.40E+00,+14.92E+00,+0.12E+00,+7.477E+00
2,05/2/2026,18:37:26.932,-0.09E+00,-0.05E+00,+0.05E+00,+0.00E+00,-15.24E+00,+15.05E+00,-0.17E+00,+7.539E+00
2,05/2/2026,18:37:26.932,-0.09E+00,-0.05E+00,+0.05E+00,+0.00E+00,-15.09E+00,+15.17E+00,-0.44E+00,+7.600E+00
2,05/2/2026,18:37:26.933,-0.09E+00,-0.05E+00,+0.05E+00,-0.05E+00,-14.92E+00,+15.28E+00,-0.72E+00,+7.653E+00
2,05/2/2026,18:37:26.933,-0.09E+00,-0.05E+00,+0.05E+00,+0.00E+00,-14.77E+00,+15.38E+00,-0.99E+00,+7.706E+00
2,05/2/2026,18:37:26.933,-0.09E+00,-0.05E+00,+0.05E+00,+0.00E+00,-14.59E+00,+15.50E+00,-1.27E+00,+7.752E+00
2,05/2/2026,18:37:26.933,-0.09E+00,-0.05E+00,+0.05E+00,+0.00E+00,-14.41E+00,+15.60E+00,-1.54E+00,+7.806E+00
2,05/2/2026,18:37:26.933,-0.09E+00,-0.05E+00,+0.05E+00,-0.05E+00,-14.22E+00,+15.69E+00,-1.82E+00,+7.851E+00
2,05/2/2026,18:37:26.933,-0.09E+00,-0.05E+00,+0.05E+00,-0.05E+00,-14.04E+00,+15.78E+00,-2.11E+00,+7.897E+00
2,05/2/2026,18:37:26.933,-0.09E+00,-0.05E+00,+0.05E+00,+0.00E+00,-13.86E+00,+15.87E+00,-2.38E+00,+7.943E+00
2,05/2/2026,18:37:26.933,-0.09E+00,-0.05E+00,+0.05E+00,+0.00E+00,-13.66E+00,+15.96E+00,-2.66E+00,+7.981E+00
2,05/2/2026,18:37:26.933,-0.09E+00,-0.05E+00,+0.05E+00,+0.00E+00,-13.46E+00,+16.04E+00,-2.95E+00,+8.019E+00
2,05/2/2026,18:37:26.933,-0.09E+00,-0.05E+00,+0.05E+00,+0.00E+00,-13.28E+00,+16.13E+00,-3.22E+00,+8.057E+00
2,05/2/2026,18:37:26.933,-0.09E+00,-0.05E+00,+0.00E+00,+0.00E+00,-13.08E+00,+16.21E+00,-3.49E+00,+8.096E+00
2,05/2/2026,18:37:26.933,-0.09E+00,-0.05E+00,+0.00E+00,+0.00E+00,-12.86E+00,+16.28E+00,-3.77E+00,+8.134E+00
2,05/2/2026,18:37:26.933,-0.09E+00,-0.05E+00,+0.05E+00,+0.00E+00,-12.67E+00,+16.34E+00,-4.04E+00,+8.172E+00
2,05/2/2026,18:37:26.933,-0.09E+00,-0.05E+00,+0.00E+00,+0.00E+00,-12.47E+00,+16.42E+00,-4.32E+00,+8.202E+00
2,05/2/2026,18:37:26.933,-0.09E+00,-0.05E+00,+0.00E+00,-0.05E+00,-12.27E+00,+16.48E+00,-4.58E+00,+8.233E+00
2,05/2/2026,18:37:26.933,-0.09E+00,-0.05E+00,+0.05E+00,-0.05E+00,-12.06E+00,+16.56E+00,-4.85E+00,+8.263E+00
2,05/2/2026,18:37:26.933,-0.09E+00,-0.05E+00,+0.05E+00,+0.00E+00,-11.86E+00,+16.62E+00,-5.11E+00,+8.294E+00
2,05/2/2026,18:37:26.933,-0.09E+00,-0.05E+00,+0.05E+00,+0.00E+00,-11.66E+00,+16.68E+00,-5.39E+00,+8.324E+00
2,05/2/2026,18:37:26.933,-0.09E+00,-0.05E+00,+0.05E+00,-0.05E+00,-11.46E+00,+16.74E+00,-5.65E+00,+8.355E+00
2,05/2/2026,18:37:26.933,-0.09E+00,-0.05E+00,+0.05E+00,-0.05E+00,-11.25E+00,+16.80E+00,-5.91E+00,+8.378E+00
2,05/2/2026,18:37:26.934,-0.09E+00,-0.05E+00,+0.00E+00,+0.00E+00,-11.05E+00,+16.85E+00,-6.17E+00,+8.401E+00
2,05/2/2026,18:37:26.934,-0.09E+00,-0.05E+00,+0.05E+00,+0.00E+00,-10.83E+00,+16.89E+00,-6.42E+00,+8.424E+00
2,05/2/2026,18:37:26.934,-0.09E+00,-0.05E+00,+0.05E+00,+0.00E+00,-10.62E+00,+16.94E+00,-6.67E+00,+8.447E+00
2,05/2/2026,18:37:26.934,-0.09E+00,-0.05E+00,+0.00E+00,+0.00E+00,-10.41E+00,+16.98E+00,-6.93E+00,+8.469E+00
2,05/2/2026,18:37:26.934,-0.09E+00,-0.05E+00,+0.05E+00,+0.00E+00,-10.21E+00,+17.02E+00,-7.17E+00,+8.485E+00
2,05/2/2026,18:37:26.934,-0.09E+00,-0.05E+00,+0.05E+00,-0.05E+00,-10.00E+00,+17.05E+00,-7.43E+00,+8.500E+00
2,05/2/2026,18:37:26.934,-0.09E+00,-0.05E+00,+0.05E+00,-0.05E+00,-9.78E+00,+17.09E+00,-7.68E+00,+8.523E+00
2,05/2/2026,18:37:26.934,-0.09E+00,-0.05E+00,+0.05E+00,+0.00E+00,-9.57E+00,+17.12E+00,-7.90E+00,+8.538E+00
2,05/2/2026,18:37:26.934,-0.09E+00,-0.05E+00,+0.00E+00,+0.00E+00,-9.37E+00,+17.15E+00,-8.15E+00,+8.546E+00
2,05/2/2026,18:37:26.934,-0.09E+00,-0.05E+00,+0.05E+00,+0.00E+00,-9.17E+00,+17.18E+00,-8.38E+00,+8.553E+00
2,05/2/2026,18:37:26.934,-0.09E+00,-0.05E+00,+0.05E+00,+0.00E+00,-8.97E+00,+17.20E+00,-8.59E+00,+8.569E+00
2,05/2/2026,18:37:26.934,-0.09E+00,-0.05E+00,+0.00E+00,+0.00E+00,-8.76E+00,+17.23E+00,-8.84E+00,+8.584E+00
2,05/2/2026,18:37:26.934,-0.09E+00,-0.09E+00,+0.05E+00,+0.00E+00,-8.55E+00,+17.26E+00,-9.08E+00,+8.591E+00
2,05/2/2026,18:37:26.934,-0.09E+00,-0.05E+00,+0.05E+00,+0.00E+00,-8.32E+00,+17.27E+00,-9.31E+00,+8.599E+00
2,05/2/2026,18:37:26.934,-0.09E+00,-0.05E+00,+0.00E+00,+0.00E+00,-8.10E+00,+17.29E+00,-9.55E+00,+8.599E+00
2,05/2/2026,18:37:26.934,-0.09E+00,-0.05E+00,+0.05E+00,+0.00E+00,-7.87E+00,+17.31E+00,-9.78E+00,+8.607E+00
2,05/2/2026,18:37:26.934,-0.09E+00,-0.05E+00,+0.00E+00,+0.00E+00,-7.65E+00,+17.31E+00,-10.03E+00,+8.614E+00
2,05/2/2026,18:37:26.934,-0.09E+00,-0.05E+00,+0.00E+00,+0.00E+00,-7.42E+00,+17.32E+00,-10.27E+00,+8.614E+00
2,05/2/2026,18:37:26.934,-0.09E+00,-0.05E+00,+0.05E+00,-0.05E+00,-7.19E+00,+17.32E+00,-10.51E+00,+8.614E+00
2,05/2/2026,18:37:26.934,-0.09E+00,-0.05E+00,+0.05E+00,-0.05E+00,-6.94E+00,+17.34E+00,-10.74E+00,+8.614E+00
2,05/2/2026,18:37:26.935,-0.09E+00,-0.05E+00,+0.05E+00,-0.05E+00,-6.71E+00,+17.34E+00,-10.97E+00,+8.622E+00
2,05/2/2026,18:37:26.935,-0.09E+00,-0.05E+00,+0.00E+00,+0.00E+00,-6.49E+00,+17.32E+00,-11.22E+00,+8.614E+00
2,05/2/2026,18:37:26.935,-0.05E+00,-0.05E+00,+0.05E+00,+0.00E+00,-6.26E+00,+17.34E+00,-11.45E+00,+8.614E+00
2,05/2/2026,18:37:26.935,-0.09E+00,-0.05E+00,+0.05E+00,+0.00E+00,-6.01E+00,+17.34E+00,-11.67E+00,+8.614E+00
2,05/2/2026,18:37:26.935,-0.09E+00,-0.05E+00,+0.05E+00,-0.05E+00,-5.78E+00,+17.32E+00,-11.90E+00,+8.607E+00
2,05/2/2026,18:37:26.935,-0.09E+00,-0.05E+00,+0.05E+00,-0.05E+00,-5.54E+00,+17.31E+00,-12.13E+00,+8.599E+00
2,05/2/2026,18:37:26.935,-0.09E+00,-0.05E+00,+0.05E+00,+0.00E+00,-5.31E+00,+17.29E+00,-12.33E+00,+8.584E+00
2,05/2/2026,18:37:26.935,-0.05E+00,-0.05E+00,+0.00E+00,+0.00E+00,-5.08E+00,+17.26E+00,-12.53E+00,+8.569E+00
2,05/2/2026,18:37:26.935,-0.09E+00,-0.05E+00,+0.05E+00,-0.05E+00,-4.85E+00,+17.21E+00,-12.74E+00,+8.546E+00
2,05/2/2026,18:37:26.935,-0.09E+00,-0.05E+00,+0.05E+00,-0.05E+00,-4.61E+00,+17.17E+00,-12.93E+00,+8.523E+00
2,05/2/2026,18:37:26.935,-0.09E+00,-0.05E+00,+0.05E+00,-0.05E+00,-4.36E+00,+17.09E+00,-13.09E+00,+8.485E+00
2,05/2/2026,18:37:26.935,-0.09E+00,-0.05E+00,+0.05E+00,+0.00E+00,-4.12E+00,+17.02E+00,-13.26E+00,+8.447E+00
2,05/2/2026,18:37:26.935,-0.09E+00,-0.05E+00,+0.00E+00,+0.00E+00,-3.86E+00,+16.92E+00,-13.43E+00,+8.393E+00
2,05/2/2026,18:37:26.935,-0.09E+00,-0.05E+00,+0.00E+00,-0.05E+00,-3.62E+00,+16.82E+00,-13.57E+00,+8.340E+00
2,05/2/2026,18:37:26.935,-0.09E+00,-0.05E+00,+0.00E+00,-0.05E+00,-3.36E+00,+16.71E+00,-13.72E+00,+8.286E+00
2,05/2/2026,18:37:26.935,-0.09E+00,-0.05E+00,+0.00E+00,+0.00E+00,-3.10E+00,+16.59E+00,-13.87E+00,+8.225E+00
2,05/2/2026,18:37:26.935,-0.09E+00,-0.05E+00,+0.05E+00,+0.00E+00,-2.84E+00,+16.47E+00,-14.01E+00,+8.164E+00
2,05/2/2026,18:37:26.935,-0.09E+00,-0.05E+00,+0.05E+00,+0.00E+00,-2.58E+00,+16.34E+00,-14.15E+00,+8.103E+00
2,05/2/2026,18:37:26.935,-0.09E+00,-0.05E+00,+0.05E+00,-0.05E+00,-2.32E+00,+16.22E+00,-14.28E+00,+8.042E+00
2,05/2/2026,18:37:26.935,-0.09E+00,-0.05E+00,+0.05E+00,-0.05E+00,-2.04E+00,+16.08E+00,-14.41E+00,+7.966E+00
2,05/2/2026,18:37:26.936,-0.09E+00,-0.05E+00,+0.05E+00,+0.00E+00,-1.77E+00,+15.93E+00,-14.53E+00,+7.897E+00
2,05/2/2026,18:37:26.936,-0.05E+00,-0.05E+00,+0.05E+00,-0.05E+00,-1.50E+00,+15.79E+00,-14.67E+00,+7.821E+00
2,05/2/2026,18:37:26.936,-0.09E+00,-0.05E+00,+0.05E+00,+0.00E+00,-1.21E+00,+15.64E+00,-14.79E+00,+7.745E+00
2,05/2/2026,18:37:26.936,-0.09E+00,-0.05E+00,+0.00E+00,+0.00E+00,-0.93E+00,+15.47E+00,-14.89E+00,+7.661E+00
2,05/2/2026,18:37:26.936,-0.09E+00,-0.05E+00,+0.00E+00,+0.00E+00,-0.66E+00,+15.31E+00,-15.02E+00,+7.577E+00
2,05/2/2026,18:37:26.936,-0.09E+00,-0.05E+00,+0.05E+00,-0.05E+00,-0.38E+00,+15.14E+00,-15.12E+00,+7.493E+00
2,05/2/2026,18:37:26.936,-0.09E+00,-0.05E+00,+0.05E+00,-0.05E+00,-0.09E+00,+14.97E+00,-15.24E+00,+7.409E+00
2,05/2/2026,18:37:26.936,-0.09E+00,-0.05E+00,+0.00E+00,+0.00E+00,+0.20E+00,+14.79E+00,-15.35E+00,+7.317E+00
2,05/2/2026,18:37:26.936,-0.09E+00,-0.05E+00,+0.05E+00,+0.00E+00,+0.47E+00,+14.60E+00,-15.44E+00,+7.226E+00
2,05/2/2026,18:37:26.936,-0.09E+00,-0.05E+00,+0.05E+00,-0.05E+00,+0.76E+00,+14.42E+00,-15.55E+00,+7.134E+00
2,05/2/2026,18:37:26.936,-0.09E+00,-0.05E+00,+0.05E+00,+0.00E+00,+1.04E+00,+14.25E+00,-15.66E+00,+7.043E+00
2,05/2/2026,18:37:26.936,-0.09E+00,-0.05E+00,+0.00E+00,+0.00E+00,+1.33E+00,+14.07E+00,-15.75E+00,+6.951E+00
2,05/2/2026,18:37:26.936,-0.09E+00,-0.05E+00,+0.00E+00,+0.00E+00,+1.62E+00,+13.89E+00,-15.86E+00,+6.859E+00
2,05/2/2026,18:37:26.936,-0.09E+00,-0.05E+00,+0.05E+00,+0.00E+00,+1.89E+00,+13.69E+00,-15.95E+00,+6.760E+00
2,05/2/2026,18:37:26.936,-0.09E+00,-0.05E+00,+0.05E+00,+0.00E+00,+2.17E+00,+13.51E+00,-16.02E+00,+6.669E+00
2,05/2/2026,18:37:26.936,-0.09E+00,-0.05E+00,+0.05E+00,+0.00E+00,+2.46E+00,+13.31E+00,-16.11E+00,+6.570E+00
2,05/2/2026,18:37:26.936,-0.09E+00,-0.05E+00,+0.05E+00,+0.00E+00,+2.73E+00,+13.11E+00,-16.19E+00,+6.470E+00
2,05/2/2026,18:37:26.936,-0.09E+00,-0.05E+00,+0.00E+00,+0.00E+00,+3.01E+00,+12.91E+00,-16.27E+00,+6.371E+00
2,05/2/2026,18:37:26.936,-0.09E+00,-0.05E+00,+0.00E+00,+0.00E+00,+3.27E+00,+12.71E+00,-16.34E+00,+6.272E+00
2,05/2/2026,18:37:26.936,-0.09E+00,-0.05E+00,+0.05E+00,+0.00E+00,+3.54E+00,+12.51E+00,-16.40E+00,+6.173E+00
2,05/2/2026,18:37:26.937,-0.09E+00,-0.05E+00,+0.00E+00,+0.00E+00,+3.80E+00,+12.31E+00,-16.47E+00,+6.066E+00
2,05/2/2026,18:37:26.937,-0.09E+00,-0.05E+00,+0.00E+00,+0.00E+00,+4.06E+00,+12.10E+00,-16.53E+00,+5.967E+00
2,05/2/2026,18:37:26.937,-0.09E+00,-0.05E+00,+0.05E+00,+0.00E+00,+4.33E+00,+11.90E+00,-16.59E+00,+5.860E+00
2,05/2/2026,18:37:26.937,-0.09E+00,-0.05E+00,+0.05E+00,+0.00E+00,+4.59E+00,+11.70E+00,-16.63E+00,+5.761E+00
2,05/2/2026,18:37:26.937,-0.09E+00,-0.05E+00,+0.05E+00,-0.05E+00,+4.84E+00,+11.49E+00,-16.69E+00,+5.654E+00
2,05/2/2026,18:37:26.937,-0.09E+00,-0.05E+00,+0.05E+00,-0.05E+00,+5.10E+00,+11.28E+00,-16.74E+00,+5.555E+00
2,05/2/2026,18:37:26.937,-0.09E+00,-0.05E+00,+0.05E+00,+0.00E+00,+5.36E+00,+11.08E+00,-16.79E+00,+5.448E+00
2,05/2/2026,18:37:26.937,-0.09E+00,-0.05E+00,+0.05E+00,+0.00E+00,+5.62E+00,+10.87E+00,-16.83E+00,+5.341E+00
2,05/2/2026,18:37:26.937,-0.09E+00,-0.05E+00,+0.05E+00,-0.05E+00,+5.86E+00,+10.67E+00,-16.88E+00,+5.234E+00
2,05/2/2026,18:37:26.937,-0.09E+00,-0.05E+00,+0.05E+00,+0.00E+00,+6.10E+00,+10.45E+00,-16.92E+00,+5.135E+00
2,05/2/2026,18:37:26.937,-0.09E+00,-0.05E+00,+0.00E+00,+0.00E+00,+6.35E+00,+10.24E+00,-16.95E+00,+5.028E+00
2,05/2/2026,18:37:26.937,-0.09E+00,-0.05E+00,+0.05E+00,+0.00E+00,+6.61E+00,+10.04E+00,-16.98E+00,+4.929E+00
2,05/2/2026,18:37:26.937,-0.09E+00,-0.05E+00,+0.05E+00,+0.00E+00,+6.85E+00,+9.83E+00,-17.03E+00,+4.822E+00
2,05/2/2026,18:37:26.937,-0.09E+00,-0.05E+00,+0.05E+00,-0.05E+00,+7.10E+00,+9.61E+00,-17.06E+00,+4.715E+00
2,05/2/2026,18:37:26.937,-0.09E+00,-0.05E+00,+0.05E+00,-0.05E+00,+7.32E+00,+9.40E+00,-17.09E+00,+4.601E+00
2,05/2/2026,18:37:26.937,-0.09E+00,-0.05E+00,+0.05E+00,+0.00E+00,+7.57E+00,+9.17E+00,-17.11E+00,+4.494E+00
2,05/2/2026,18:37:26.937,-0.09E+00,-0.05E+00,+0.05E+00,+0.00E+00,+7.81E+00,+8.96E+00,-17.12E+00,+4.387E+00
2,05/2/2026,18:37:26.937,-0.09E+00,-0.05E+00,+0.00E+00,+0.00E+00,+8.06E+00,+8.73E+00,-17.14E+00,+4.273E+00
2,05/2/2026,18:37:26.937,-0.09E+00,-0.05E+00,+0.00E+00,-0.05E+00,+8.29E+00,+8.52E+00,-17.15E+00,+4.166E+00
2,05/2/2026,18:37:26.937,-0.09E+00,-0.05E+00,+0.05E+00,-0.05E+00,+8.53E+00,+8.29E+00,-17.18E+00,+4.052E+00
2,05/2/2026,18:37:26.938,-0.09E+00,-0.05E+00,+0.00E+00,+0.00E+00,+8.76E+00,+8.07E+00,-17.18E+00,+3.945E+00
2,05/2/2026,18:37:26.938,-0.09E+00,-0.05E+00,+0.05E+00,+0.00E+00,+9.00E+00,+7.84E+00,-17.20E+00,+3.830E+00
2,05/2/2026,18:37:26.938,-0.09E+00,-0.05E+00,+0.05E+00,-0.05E+00,+9.23E+00,+7.61E+00,-17.20E+00,+3.716E+00
2,05/2/2026,18:37:26.938,-0.09E+00,-0.05E+00,+0.05E+00,+0.00E+00,+9.48E+00,+7.39E+00,-17.21E+00,+3.601E+00
2,05/2/2026,18:37:26.938,-0.09E+00,-0.05E+00,+0.00E+00,+0.00E+00,+9.71E+00,+7.16E+00,-17.23E+00,+3.487E+00
2,05/2/2026,18:37:26.938,-0.09E+00,-0.05E+00,+0.05E+00,+0.00E+00,+9.95E+00,+6.91E+00,-17.23E+00,+3.373E+00
2,05/2/2026,18:37:26.938,-0.09E+00,-0.05E+00,+0.05E+00,+0.00E+00,+10.19E+00,+6.68E+00,-17.23E+00,+3.250E+00
2,05/2/2026,18:37:26.938,-0.09E+00,-0.05E+00,+0.00E+00,-0.05E+00,+10.44E+00,+6.44E+00,-17.23E+00,+3.128E+00
2,05/2/2026,18:37:26.938,-0.09E+00,-0.05E+00,+0.00E+00,-0.05E+00,+10.67E+00,+6.20E+00,-17.23E+00,+3.006E+00
2,05/2/2026,18:37:26.938,-0.09E+00,-0.05E+00,+0.00E+00,-0.05E+00,+10.90E+00,+5.95E+00,-17.21E+00,+2.892E+00
2,05/2/2026,18:37:26.938,-0.09E+00,-0.05E+00,+0.00E+00,-0.05E+00,+11.12E+00,+5.72E+00,-17.21E+00,+2.770E+00
2,05/2/2026,18:37:26.938,-0.09E+00,-0.05E+00,+0.00E+00,+0.00E+00,+11.35E+00,+5.48E+00,-17.20E+00,+2.655E+00
2,05/2/2026,18:37:26.938,-0.09E+00,-0.05E+00,+0.00E+00,+0.00E+00,+11.58E+00,+5.23E+00,-17.18E+00,+2.533E+00
2,05/2/2026,18:37:26.938,-0.09E+00,-0.05E+00,+0.00E+00,+0.00E+00,+11.80E+00,+5.01E+00,-17.17E+00,+2.419E+00
2,05/2/2026,18:37:26.938,-0.09E+00,-0.05E+00,+0.00E+00,+0.00E+00,+12.01E+00,+4.76E+00,-17.14E+00,+2.297E+00
2,05/2/2026,18:37:26.938,-0.09E+00,-0.05E+00,+0.05E+00,+0.00E+00,+12.22E+00,+4.53E+00,-17.11E+00,+2.182E+00
2,05/2/2026,18:37:26.938,-0.09E+00,-0.05E+00,+0.05E+00,+0.00E+00,+12.42E+00,+4.29E+00,-17.08E+00,+2.060E+00
2,05/2/2026,18:37:26.938,-0.09E+00,-0.05E+00,+0.05E+00,-0.05E+00,+12.62E+00,+4.03E+00,-17.02E+00,+1.938E+00
2,05/2/2026,18:37:26.938,-0.09E+00,-0.05E+00,+0.05E+00,-0.05E+00,+12.80E+00,+3.78E+00,-16.95E+00,+1.808E+00
2,05/2/2026,18:37:26.938,-0.09E+00,-0.05E+00,+0.05E+00,+0.00E+00,+12.99E+00,+3.53E+00,-16.86E+00,+1.679E+00
2,05/2/2026,18:37:26.939,-0.09E+00,-0.05E+00,+0.05E+00,+0.00E+00,+13.15E+00,+3.27E+00,-16.77E+00,+1.549E+00
2,05/2/2026,18:37:26.939,-0.09E+00,-0.05E+00,+0.05E+00,+0.00E+00,+13.31E+00,+2.99E+00,-16.65E+00,+1.419E+00
2,05/2/2026,18:37:26.939,-0.09E+00,-0.05E+00,+0.00E+00,+0.00E+00,+13.46E+00,+2.72E+00,-16.53E+00,+1.282E+00
2,05/2/2026,18:37:26.939,-0.09E+00,-0.05E+00,+0.00E+00,-0.05E+00,+13.60E+00,+2.46E+00,-16.40E+00,+1.145E+00
2,05/2/2026,18:37:26.939,-0.09E+00,-0.05E+00,+0.05E+00,-0.05E+00,+13.73E+00,+2.17E+00,-16.27E+00,+1.007E+00
2,05/2/2026,18:37:26.939,-0.09E+00,-0.05E+00,+0.00E+00,+0.00E+00,+13.87E+00,+1.91E+00,-16.13E+00,+0.877E+00
2,05/2/2026,18:37:26.939,-0.09E+00,-0.05E+00,+0.05E+00,+0.00E+00,+14.01E+00,+1.65E+00,-15.99E+00,+0.740E+00
2,05/2/2026,18:37:26.939,-0.09E+00,-0.05E+00,+0.05E+00,+0.00E+00,+14.13E+00,+1.36E+00,-15.87E+00,+0.610E+00
2,05/2/2026,18:37:26.939,-0.09E+00,-0.05E+00,+0.05E+00,+0.00E+00,+14.27E+00,+1.10E+00,-15.73E+00,+0.481E+00
2,05/2/2026,18:37:26.939,-0.09E+00,-0.05E+00,+0.05E+00,+0.00E+00,+14.39E+00,+0.84E+00,-15.60E+00,+0.351E+00
2,05/2/2026,18:37:26.939,-0.09E+00,-0.05E+00,+0.05E+00,+0.00E+00,+14.51E+00,+0.58E+00,-15.46E+00,+0.214E+00
2,05/2/2026,18:37:26.939,-0.09E+00,-0.05E+00,+0.05E+00,+0.00E+00,+14.63E+00,+0.31E+00,-15.31E+00,+0.084E+00
2,05/2/2026,18:37:26.939,-0.09E+00,-0.05E+00,+0.05E+00,-0.05E+00,+14.74E+00,+0.05E+00,-15.15E+00,-0.046E+00
2,05/2/2026,18:37:26.939,-0.09E+00,-0.05E+00,+0.05E+00,-0.05E+00,+14.85E+00,-0.23E+00,-15.00E+00,-0.183E+00
2,05/2/2026,18:37:26.939,-0.09E+00,-0.05E+00,+0.05E+00,+0.00E+00,+14.94E+00,-0.50E+00,-14.82E+00,-0.320E+00
2,05/2/2026,18:37:26.939,-0.09E+00,-0.05E+00,+0.05E+00,+0.00E+00,+15.03E+00,-0.76E+00,-14.63E+00,-0.450E+00
2,05/2/2026,18:37:26.939,-0.09E+00,-0.05E+00,+0.00E+00,+0.00E+00,+15.12E+00,-1.04E+00,-14.44E+00,-0.588E+00
2,05/2/2026,18:37:26.939,-0.09E+00,-0.05E+00,+0.00E+00,-0.05E+00,+15.21E+00,-1.33E+00,-14.25E+00,-0.732E+00
2,05/2/2026,18:37:26.939,-0.09E+00,-0.05E+00,+0.05E+00,+0.00E+00,+15.29E+00,-1.60E+00,-14.05E+00,-0.870E+00
2,05/2/2026,18:37:26.939,-0.09E+00,-0.05E+00,+0.05E+00,+0.00E+00,+15.38E+00,-1.89E+00,-13.86E+00,-1.015E+00
2,05/2/2026,18:37:26.940,-0.09E+00,-0.05E+00,+0.05E+00,+0.00E+00,+15.47E+00,-2.18E+00,-13.66E+00,-1.152E+00
2,05/2/2026,18:37:26.940,-0.05E+00,-0.05E+00,+0.05E+00,+0.00E+00,+15.55E+00,-2.46E+00,-13.46E+00,-1.289E+00
2,05/2/2026,18:37:26.940,-0.09E+00,-0.05E+00,+0.05E+00,+0.00E+00,+15.64E+00,-2.75E+00,-13.26E+00,-1.434E+00
2,05/2/2026,18:37:26.940,-0.09E+00,-0.05E+00,+0.00E+00,-0.05E+00,+15.73E+00,-3.02E+00,-13.06E+00,-1.572E+00
2,05/2/2026,18:37:26.940,-0.09E+00,-0.05E+00,+0.05E+00,+0.00E+00,+15.81E+00,-3.30E+00,-12.86E+00,-1.709E+00
2,05/2/2026,18:37:26.940,-0.09E+00,-0.05E+00,+0.00E+00,+0.00E+00,+15.89E+00,-3.59E+00,-12.67E+00,-1.854E+00
2,05/2/2026,18:37:26.940,-0.09E+00,-0.05E+00,+0.00E+00,+0.00E+00,+15.96E+00,-3.86E+00,-12.47E+00,-1.984E+00
2,05/2/2026,18:37:26.940,-0.09E+00,-0.05E+00,+0.05E+00,+0.00E+00,+16.02E+00,-4.14E+00,-12.27E+00,-2.121E+00
2,05/2/2026,18:37:26.940,-0.09E+00,-0.05E+00,+0.00E+00,+0.00E+00,+16.10E+00,-4.41E+00,-12.06E+00,-2.266E+00
2,05/2/2026,18:37:26.940,-0.09E+00,-0.05E+00,+0.05E+00,+0.00E+00,+16.16E+00,-4.68E+00,-11.83E+00,-2.396E+00
2,05/2/2026,18:37:26.940,-0.09E+00,-0.05E+00,+0.05E+00,+0.00E+00,+16.22E+00,-4.96E+00,-11.61E+00,-2.533E+00
2,05/2/2026,18:37:26.940,-0.09E+00,-0.05E+00,+0.05E+00,-0.05E+00,+16.28E+00,-5.23E+00,-11.40E+00,-2.671E+00
2,05/2/2026,18:37:26.940,-0.09E+00,-0.05E+00,+0.05E+00,-0.05E+00,+16.33E+00,-5.51E+00,-11.19E+00,-2.800E+00
2,05/2/2026,18:37:26.940,-0.09E+00,-0.05E+00,+0.00E+00,-0.05E+00,+16.39E+00,-5.78E+00,-10.97E+00,-2.938E+00
2,05/2/2026,18:37:26.940,-0.09E+00,-0.05E+00,+0.00E+00,+0.00E+00,+16.44E+00,-6.04E+00,-10.76E+00,-3.067E+00
2,05/2/2026,18:37:26.940,-0.09E+00,-0.05E+00,+0.05E+00,+0.00E+00,+16.48E+00,-6.32E+00,-10.54E+00,-3.205E+00
2,05/2/2026,18:37:26.940,-0.09E+00,-0.05E+00,+0.00E+00,+0.00E+00,+16.53E+00,-6.58E+00,-10.33E+00,-3.334E+00
2,05/2/2026,18:37:26.940,-0.09E+00,-0.05E+00,+0.00E+00,-0.05E+00,+16.57E+00,-6.84E+00,-10.12E+00,-3.456E+00
2,05/2/2026,18:37:26.940,-0.09E+00,-0.05E+00,+0.05E+00,+0.00E+00,+16.62E+00,-7.08E+00,-9.90E+00,-3.586E+00
2,05/2/2026,18:37:26.940,-0.09E+00,-0.05E+00,+0.05E+00,+0.00E+00,+16.65E+00,-7.34E+00,-9.69E+00,-3.708E+00
2,05/2/2026,18:37:26.941,-0.09E+00,-0.05E+00,+0.05E+00,-0.05E+00,+16.68E+00,-7.58E+00,-9.46E+00,-3.830E+00
2,05/2/2026,18:37:26.941,-0.09E+00,-0.05E+00,+0.05E+00,-0.05E+00,+16.73E+00,-7.83E+00,-9.25E+00,-3.952E+00
2,05/2/2026,18:37:26.941,-0.09E+00,-0.05E+00,+0.05E+00,+0.00E+00,+16.76E+00,-8.07E+00,-9.03E+00,-4.074E+00
2,05/2/2026,18:37:26.941,-0.09E+00,-0.05E+00,+0.00E+00,+0.00E+00,+16.77E+00,-8.33E+00,-8.82E+00,-4.197E+00
2,05/2/2026,18:37:26.941,-0.09E+00,-0.05E+00,+0.05E+00,+0.00E+00,+16.79E+00,-8.58E+00,-8.59E+00,-4.319E+00
2,05/2/2026,18:37:26.941,-0.09E+00,-0.05E+00,+0.05E+00,+0.00E+00,+16.82E+00,-8.82E+00,-8.36E+00,-4.441E+00
2,05/2/2026,18:37:26.941,-0.09E+00,-0.05E+00,+0.05E+00,+0.00E+00,+16.83E+00,-9.06E+00,-8.13E+00,-4.563E+00
2,05/2/2026,18:37:26.941,-0.09E+00,-0.05E+00,+0.05E+00,+0.00E+00,+16.83E+00,-9.32E+00,-7.89E+00,-4.685E+00
2,05/2/2026,18:37:26.941,-0.09E+00,-0.05E+00,+0.05E+00,+0.00E+00,+16.85E+00,-9.57E+00,-7.66E+00,-4.807E+00
2,05/2/2026,18:37:26.941,-0.09E+00,-0.05E+00,+0.05E+00,-0.05E+00,+16.86E+00,-9.80E+00,-7.43E+00,-4.921E+00
2,05/2/2026,18:37:26.941,-0.09E+00,-0.05E+00,+0.05E+00,-0.05E+00,+16.86E+00,-10.04E+00,-7.20E+00,-5.043E+00
2,05/2/2026,18:37:26.941,-0.09E+00,-0.05E+00,+0.00E+00,-0.05E+00,+16.88E+00,-10.27E+00,-6.96E+00,-5.158E+00
2,05/2/2026,18:37:26.941,-0.09E+00,-0.05E+00,+0.05E+00,-0.05E+00,+16.88E+00,-10.51E+00,-6.73E+00,-5.272E+00
2,05/2/2026,18:37:26.941,-0.09E+00,-0.05E+00,+0.05E+00,+0.00E+00,+16.86E+00,-10.74E+00,-6.50E+00,-5.387E+00
2,05/2/2026,18:37:26.941,-0.09E+00,-0.05E+00,+0.05E+00,+0.00E+00,+16.86E+00,-10.99E+00,-6.26E+00,-5.501E+00
2,05/2/2026,18:37:26.941,-0.09E+00,-0.05E+00,+0.05E+00,+0.00E+00,+16.86E+00,-11.22E+00,-6.03E+00,-5.616E+00
2,05/2/2026,18:37:26.941,-0.09E+00,-0.05E+00,+0.05E+00,+0.00E+00,+16.86E+00,-11.45E+00,-5.78E+00,-5.738E+00
2,05/2/2026,18:37:26.941,-0.09E+00,-0.05E+00,+0.00E+00,+0.00E+00,+16.85E+00,-11.69E+00,-5.54E+00,-5.845E+00
2,05/2/2026,18:37:26.941,-0.09E+00,-0.05E+00,+0.00E+00,+0.00E+00,+16.85E+00,-11.92E+00,-5.30E+00,-5.959E+00
2,05/2/2026,18:37:26.941,-0.09E+00,-0.05E+00,+0.00E+00,+0.00E+00,+16.82E+00,-12.13E+00,-5.05E+00,-6.074E+00
2,05/2/2026,18:37:26.942,-0.09E+00,-0.05E+00,+0.00E+00,+0.00E+00,+16.80E+00,-12.36E+00,-4.81E+00,-6.180E+00
2,05/2/2026,18:37:26.942,-0.09E+00,-0.05E+00,+0.05E+00,-0.05E+00,+16.76E+00,-12.57E+00,-4.56E+00,-6.280E+00
2,05/2/2026,18:37:26.942,-0.09E+00,-0.05E+00,+0.05E+00,-0.05E+00,+16.71E+00,-12.77E+00,-4.32E+00,-6.379E+00
2,05/2/2026,18:37:26.942,-0.09E+00,-0.05E+00,+0.05E+00,+0.00E+00,+16.66E+00,-12.96E+00,-4.09E+00,-6.478E+00
2,05/2/2026,18:37:26.942,-0.09E+00,-0.05E+00,+0.05E+00,+0.00E+00,+16.60E+00,-13.14E+00,-3.83E+00,-6.562E+00
2,05/2/2026,18:37:26.942,-0.05E+00,-0.05E+00,+0.00E+00,+0.00E+00,+16.53E+00,-13.31E+00,-3.59E+00,-6.646E+00
2,05/2/2026,18:37:26.942,-0.09E+00,-0.05E+00,+0.05E+00,+0.00E+00,+16.44E+00,-13.47E+00,-3.34E+00,-6.730E+00
2,05/2/2026,18:37:26.942,-0.09E+00,-0.05E+00,+0.05E+00,+0.00E+00,+16.34E+00,-13.63E+00,-3.08E+00,-6.806E+00
2,05/2/2026,18:37:26.942,-0.09E+00,-0.05E+00,+0.05E+00,+0.00E+00,+16.24E+00,-13.80E+00,-2.82E+00,-6.882E+00
2,05/2/2026,18:37:26.942,-0.09E+00,-0.05E+00,+0.00E+00,+0.00E+00,+16.15E+00,-13.95E+00,-2.56E+00,-6.959E+00
2,05/2/2026,18:37:26.942,-0.09E+00,-0.05E+00,+0.00E+00,+0.00E+00,+16.04E+00,-14.10E+00,-2.30E+00,-7.035E+00
2,05/2/2026,18:37:26.942,-0.09E+00,-0.05E+00,+0.05E+00,-0.05E+00,+15.92E+00,-14.25E+00,-2.03E+00,-7.104E+00
2,05/2/2026,18:37:26.942,-0.09E+00,-0.05E+00,+0.05E+00,-0.05E+00,+15.79E+00,-14.39E+00,-1.77E+00,-7.180E+00
2,05/2/2026,18:37:26.942,-0.09E+00,+0.00E+00,+0.05E+00,-0.05E+00,+15.67E+00,-14.53E+00,-1.50E+00,-7.249E+00
2,05/2/2026,18:37:26.942,-0.05E+00,-0.05E+00,+0.05E+00,+0.00E+00,+15.53E+00,-14.68E+00,-1.22E+00,-7.317E+00
2,05/2/2026,18:37:26.942,-0.09E+00,-0.05E+00,+0.05E+00,+0.00E+00,+15.40E+00,-14.82E+00,-0.95E+00,-7.386E+00
2,05/2/2026,18:37:26.942,-0.09E+00,-0.05E+00,+0.05E+00,+0.00E+00,+15.26E+00,-14.95E+00,-0.67E+00,-7.455E+00
2,05/2/2026,18:37:26.942,-0.09E+00,-0.05E+00,+0.05E+00,-0.05E+00,+15.12E+00,-15.08E+00,-0.40E+00,-7.508E+00
2,05/2/2026,18:37:26.942,-0.09E+00,-0.05E+00,+0.05E+00,-0.05E+00,+14.97E+00,-15.20E+00,-0.12E+00,-7.577E+00
2,05/2/2026,18:37:26.942,-0.09E+00,-0.05E+00,+0.05E+00,+0.00E+00,+14.80E+00,-15.32E+00,+0.15E+00,-7.630E+00
2,05/2/2026,18:37:26.943,-0.09E+00,-0.05E+00,+0.00E+00,+0.00E+00,+14.65E+00,-15.44E+00,+0.43E+00,-7.684E+00
2,05/2/2026,18:37:26.943,-0.09E+00,-0.05E+00,+0.00E+00,+0.00E+00,+14.48E+00,-15.55E+00,+0.70E+00,-7.737E+00
2,05/2/2026,18:37:26.943,-0.09E+00,-0.05E+00,+0.05E+00,+0.00E+00,+14.30E+00,-15.64E+00,+0.99E+00,-7.790E+00
2,05/2/2026,18:37:26.943,-0.09E+00,-0.05E+00,+0.05E+00,-0.05E+00,+14.12E+00,-15.75E+00,+1.27E+00,-7.836E+00
2,05/2/2026,18:37:26.943,-0.09E+00,-0.05E+00,+0.05E+00,-0.05E+00,+13.93E+00,-15.84E+00,+1.54E+00,-7.882E+00
2,05/2/2026,18:37:26.943,-0.09E+00,-0.05E+00,+0.05E+00,+0.00E+00,+13.75E+00,-15.93E+00,+1.82E+00,-7.928E+00
2,05/2/2026,18:37:26.943,-0.09E+00,-0.05E+00,+0.00E+00,+0.00E+00,+13.55E+00,-16.02E+00,+2.11E+00,-7.966E+00
2,05/2/2026,18:37:26.943,-0.09E+00,-0.05E+00,+0.05E+00,+0.00E+00,+13.37E+00,-16.11E+00,+2.38E+00,-8.012E+00
2,05/2/2026,18:37:26.943,-0.09E+00,-0.05E+00,+0.05E+00,+0.00E+00,+13.17E+00,-16.19E+00,+2.66E+00,-8.057E+00
2,05/2/2026,18:37:26.943,-0.09E+00,-0.05E+00,+0.00E+00,+0.00E+00,+12.99E+00,-16.28E+00,+2.93E+00,-8.096E+00
2,05/2/2026,18:37:26.943,-0.09E+00,-0.05E+00,+0.00E+00,+0.00E+00,+12.79E+00,-16.36E+00,+3.20E+00,-8.134E+00
2,05/2/2026,18:37:26.943,-0.09E+00,-0.05E+00,+0.05E+00,+0.00E+00,+12.59E+00,-16.44E+00,+3.48E+00,-8.164E+00
2,05/2/2026,18:37:26.943,-0.09E+00,-0.05E+00,+0.05E+00,+0.00E+00,+12.38E+00,-16.51E+00,+3.75E+00,-8.195E+00
2,05/2/2026,18:37:26.943,-0.09E+00,-0.05E+00,+0.05E+00,+0.00E+00,+12.18E+00,-16.57E+00,+4.03E+00,-8.233E+00
2,05/2/2026,18:37:26.943,-0.09E+00,-0.05E+00,+0.05E+00,+0.00E+00,+11.98E+00,-16.65E+00,+4.30E+00,-8.263E+00
2,05/2/2026,18:37:26.943,-0.09E+00,-0.05E+00,+0.00E+00,+0.00E+00,+11.78E+00,-16.71E+00,+4.56E+00,-8.294E+00
2,05/2/2026,18:37:26.943,-0.09E+00,-0.05E+00,+0.05E+00,-0.05E+00,+11.57E+00,-16.77E+00,+4.84E+00,-8.324E+00
2,05/2/2026,18:37:26.943,-0.09E+00,-0.05E+00,+0.05E+00,+0.00E+00,+11.37E+00,-16.83E+00,+5.10E+00,-8.355E+00
2,05/2/2026,18:37:26.943,-0.09E+00,-0.05E+00,+0.05E+00,+0.00E+00,+11.17E+00,-16.89E+00,+5.36E+00,-8.385E+00
2,05/2/2026,18:37:26.943,-0.09E+00,-0.05E+00,+0.05E+00,+0.00E+00,+10.96E+00,-16.94E+00,+5.63E+00,-8.408E+00
2,05/2/2026,18:37:26.944,-0.09E+00,-0.05E+00,+0.05E+00,+0.00E+00,+10.74E+00,-17.00E+00,+5.88E+00,-8.431E+00
2,05/2/2026,18:37:26.944,-0.09E+00,-0.05E+00,+0.05E+00,-0.05E+00,+10.54E+00,-17.05E+00,+6.13E+00,-8.454E+00
2,05/2/2026,18:37:26.944,-0.09E+00,-0.05E+00,+0.05E+00,+0.00E+00,+10.33E+00,-17.09E+00,+6.39E+00,-8.477E+00
2,05/2/2026,18:37:26.944,-0.09E+00,-0.05E+00,+0.00E+00,+0.00E+00,+10.12E+00,-17.14E+00,+6.64E+00,-8.492E+00
2,05/2/2026,18:37:26.944,-0.09E+00,-0.05E+00,+0.00E+00,+0.00E+00,+9.92E+00,-17.17E+00,+6.90E+00,-8.508E+00
2,05/2/2026,18:37:26.944,-0.09E+00,-0.05E+00,+0.05E+00,+0.00E+00,+9.71E+00,-17.20E+00,+7.14E+00,-8.530E+00
2,05/2/2026,18:37:26.944,-0.09E+00,-0.05E+00,+0.00E+00,+0.00E+00,+9.51E+00,-17.24E+00,+7.39E+00,-8.546E+00
2,05/2/2026,18:37:26.944,-0.09E+00,-0.05E+00,+0.05E+00,-0.05E+00,+9.29E+00,-17.27E+00,+7.61E+00,-8.561E+00
2,05/2/2026,18:37:26.944,-0.09E+00,-0.05E+00,+0.05E+00,-0.05E+00,+9.08E+00,-17.31E+00,+7.86E+00,-8.576E+00
2,05/2/2026,18:37:26.944,-0.09E+00,-0.05E+00,+0.05E+00,+0.00E+00,+8.90E+00,-17.32E+00,+8.07E+00,-8.584E+00
2,05/2/2026,18:37:26.944,-0.09E+00,-0.05E+00,+0.05E+00,-0.05E+00,+8.68E+00,-17.35E+00,+8.30E+00,-8.599E+00
2,05/2/2026,18:37:26.944,-0.09E+00,-0.05E+00,+0.05E+00,-0.05E+00,+8.47E+00,-17.38E+00,+8.55E+00,-8.607E+00
2,05/2/2026,18:37:26.944,-0.09E+00,-0.05E+00,+0.05E+00,+0.00E+00,+8.24E+00,-17.40E+00,+8.79E+00,-8.614E+00
2,05/2/2026,18:37:26.944,-0.09E+00,-0.05E+00,+0.05E+00,+0.00E+00,+8.03E+00,-17.41E+00,+9.03E+00,-8.622E+00
2,05/2/2026,18:37:26.944,-0.09E+00,-0.05E+00,+0.05E+00,+0.00E+00,+7.80E+00,-17.43E+00,+9.28E+00,-8.630E+00
2,05/2/2026,18:37:26.944,-0.09E+00,-0.05E+00,+0.05E+00,+0.00E+00,+7.57E+00,-17.44E+00,+9.52E+00,-8.630E+00
2,05/2/2026,18:37:26.944,-0.09E+00,-0.05E+00,+0.05E+00,-0.05E+00,+7.34E+00,-17.44E+00,+9.77E+00,-8.637E+00
2,05/2/2026,18:37:26.944,-0.09E+00,-0.05E+00,+0.05E+00,-0.05E+00,+7.10E+00,-17.47E+00,+10.00E+00,-8.637E+00
2,05/2/2026,18:37:26.944,-0.09E+00,-0.05E+00,+0.05E+00,+0.00E+00,+6.87E+00,-17.47E+00,+10.24E+00,-8.637E+00
2,05/2/2026,18:37:26.944,-0.09E+00,-0.05E+00,+0.05E+00,+0.00E+00,+6.65E+00,-17.46E+00,+10.47E+00,-8.637E+00
2,05/2/2026,18:37:26.945,-0.09E+00,-0.05E+00,+0.05E+00,+0.00E+00,+6.41E+00,-17.47E+00,+10.70E+00,-8.637E+00
2,05/2/2026,18:37:26.945,-0.09E+00,-0.05E+00,+0.05E+00,-0.05E+00,+6.18E+00,-17.47E+00,+10.93E+00,-8.637E+00
2,05/2/2026,18:37:26.945,-0.09E+00,-0.05E+00,+0.05E+00,+0.00E+00,+5.95E+00,-17.47E+00,+11.17E+00,-8.637E+00
2,05/2/2026,18:37:26.945,-0.09E+00,-0.05E+00,+0.05E+00,+0.00E+00,+5.71E+00,-17.47E+00,+11.40E+00,-8.637E+00
2,05/2/2026,18:37:26.945,-0.09E+00,-0.05E+00,+0.00E+00,+0.00E+00,+5.48E+00,-17.46E+00,+11.63E+00,-8.630E+00
2,05/2/2026,18:37:26.945,-0.09E+00,-0.05E+00,+0.05E+00,+0.00E+00,+5.23E+00,-17.44E+00,+11.84E+00,-8.622E+00
2,05/2/2026,18:37:26.945,-0.09E+00,-0.05E+00,+0.00E+00,-0.05E+00,+5.01E+00,-17.41E+00,+12.06E+00,-8.607E+00
2,05/2/2026,18:37:26.945,-0.09E+00,-0.05E+00,+0.00E+00,-0.05E+00,+4.78E+00,-17.38E+00,+12.25E+00,-8.591E+00
2,05/2/2026,18:37:26.945,-0.09E+00,-0.05E+00,+0.05E+00,+0.00E+00,+4.53E+00,-17.34E+00,+12.45E+00,-8.561E+00
2,05/2/2026,18:37:26.945,-0.09E+00,-0.05E+00,+0.05E+00,+0.00E+00,+4.29E+00,-17.29E+00,+12.64E+00,-8.538E+00
2,05/2/2026,18:37:26.945,-0.09E+00,-0.05E+00,+0.05E+00,-0.05E+00,+4.04E+00,-17.21E+00,+12.82E+00,-8.500E+00
2,05/2/2026,18:37:26.945,-0.09E+00,-0.05E+00,+0.05E+00,-0.05E+00,+3.78E+00,-17.14E+00,+12.99E+00,-8.462E+00
2,05/2/2026,18:37:26.945,-0.09E+00,-0.05E+00,+0.05E+00,+0.00E+00,+3.54E+00,-17.05E+00,+13.14E+00,-8.408E+00
2,05/2/2026,18:37:26.945,-0.09E+00,-0.05E+00,+0.05E+00,+0.00E+00,+3.28E+00,-16.94E+00,+13.29E+00,-8.355E+00
2,05/2/2026,18:37:26.945,-0.05E+00,-0.05E+00,+0.05E+00,+0.00E+00,+3.02E+00,-16.83E+00,+13.44E+00,-8.302E+00
2,05/2/2026,18:37:26.945,-0.09E+00,-0.05E+00,+0.05E+00,+0.00E+00,+2.76E+00,-16.71E+00,+13.58E+00,-8.241E+00
2,05/2/2026,18:37:26.945,-0.09E+00,-0.05E+00,+0.05E+00,+0.00E+00,+2.50E+00,-16.59E+00,+13.72E+00,-8.179E+00
2,05/2/2026,18:37:26.945,-0.09E+00,-0.05E+00,+0.05E+00,-0.05E+00,+2.26E+00,-16.47E+00,+13.86E+00,-8.111E+00
2,05/2/2026,18:37:26.945,-0.09E+00,-0.05E+00,+0.00E+00,+0.00E+00,+1.98E+00,-16.33E+00,+13.98E+00,-8.050E+00
2,05/2/2026,18:37:26.945,-0.09E+00,-0.05E+00,+0.05E+00,+0.00E+00,+1.72E+00,-16.19E+00,+14.12E+00,-7.973E+00
2,05/2/2026,18:37:26.946,-0.09E+00,-0.05E+00,+0.05E+00,+0.00E+00,+1.43E+00,-16.04E+00,+14.24E+00,-7.905E+00
2,05/2/2026,18:37:26.946,-0.09E+00,-0.05E+00,+0.00E+00,+0.00E+00,+1.14E+00,-15.90E+00,+14.36E+00,-7.828E+00
2,05/2/2026,18:37:26.946,-0.09E+00,-0.05E+00,+0.00E+00,+0.00E+00,+0.87E+00,-15.73E+00,+14.50E+00,-7.745E+00
2,05/2/2026,18:37:26.946,-0.05E+00,-0.05E+00,+0.05E+00,+0.00E+00,+0.60E+00,-15.58E+00,+14.60E+00,-7.668E+00
2,05/2/2026,18:37:26.946,-0.05E+00,-0.05E+00,+0.00E+00,+0.00E+00,+0.32E+00,-15.41E+00,+14.73E+00,-7.584E+00
2,05/2/2026,18:37:26.946,-0.09E+00,-0.05E+00,+0.05E+00,+0.00E+00,+0.03E+00,-15.24E+00,+14.83E+00,-7.500E+00
2,05/2/2026,18:37:26.946,-0.09E+00,-0.05E+00,+0.05E+00,-0.05E+00,-0.24E+00,-15.08E+00,+14.94E+00,-7.416E+00
2,05/2/2026,18:37:26.946,-0.09E+00,-0.05E+00,+0.05E+00,+0.00E+00,-0.52E+00,-14.91E+00,+15.05E+00,-7.325E+00
2,05/2/2026,18:37:26.946,-0.09E+00,-0.05E+00,+0.05E+00,+0.00E+00,-0.79E+00,-14.73E+00,+15.15E+00,-7.241E+00
2,05/2/2026,18:37:26.946,-0.09E+00,-0.05E+00,+0.05E+00,+0.00E+00,-1.08E+00,-14.56E+00,+15.26E+00,-7.149E+00
2,05/2/2026,18:37:26.946,-0.09E+00,-0.05E+00,+0.05E+00,-0.05E+00,-1.36E+00,-14.38E+00,+15.35E+00,-7.050E+00
2,05/2/2026,18:37:26.946,-0.09E+00,-0.05E+00,+0.05E+00,+0.00E+00,-1.65E+00,-14.18E+00,+15.44E+00,-6.959E+00
2,05/2/2026,18:37:26.946,-0.09E+00,-0.05E+00,+0.05E+00,+0.00E+00,-1.94E+00,-13.99E+00,+15.55E+00,-6.867E+00
2,05/2/2026,18:37:26.946,-0.09E+00,-0.05E+00,+0.00E+00,+0.00E+00,-2.21E+00,-13.80E+00,+15.64E+00,-6.768E+00
2,05/2/2026,18:37:26.946,-0.09E+00,-0.09E+00,+0.00E+00,+0.00E+00,-2.50E+00,-13.61E+00,+15.73E+00,-6.669E+00
2,05/2/2026,18:37:26.946,-0.09E+00,-0.09E+00,+0.00E+00,+0.00E+00,-2.78E+00,-13.41E+00,+15.81E+00,-6.570E+00
2,05/2/2026,18:37:26.946,-0.09E+00,-0.05E+00,+0.05E+00,-0.05E+00,-3.05E+00,-13.22E+00,+15.89E+00,-6.478E+00
2,05/2/2026,18:37:26.946,-0.09E+00,-0.05E+00,+0.05E+00,-0.05E+00,-3.31E+00,-13.02E+00,+15.96E+00,-6.371E+00
2,05/2/2026,18:37:26.946,-0.09E+00,-0.05E+00,+0.05E+00,+0.00E+00,-3.59E+00,-12.82E+00,+16.04E+00,-6.272E+00
2,05/2/2026,18:37:26.946,-0.09E+00,-0.05E+00,+0.05E+00,+0.00E+00,-3.85E+00,-12.62E+00,+16.10E+00,-6.173E+00
2,05/2/2026,18:37:26.947,-0.09E+00,-0.05E+00,+0.00E+00,+0.00E+00,-4.12E+00,-12.42E+00,+16.16E+00,-6.074E+00
2,05/2/2026,18:37:26.947,-0.09E+00,-0.05E+00,+0.05E+00,-0.05E+00,-4.38E+00,-12.22E+00,+16.22E+00,-5.974E+00
2,05/2/2026,18:37:26.947,-0.09E+00,-0.05E+00,+0.05E+00,-0.05E+00,-4.64E+00,-12.01E+00,+16.28E+00,-5.875E+00
2,05/2/2026,18:37:26.947,-0.09E+00,-0.05E+00,+0.00E+00,+0.00E+00,-4.91E+00,-11.81E+00,+16.33E+00,-5.768E+00
2,05/2/2026,18:37:26.947,-0.09E+00,-0.05E+00,+0.05E+00,+0.00E+00,-5.16E+00,-11.60E+00,+16.39E+00,-5.669E+00
2,05/2/2026,18:37:26.947,-0.09E+00,-0.05E+00,+0.05E+00,-0.05E+00,-5.42E+00,-11.40E+00,+16.44E+00,-5.562E+00
2,05/2/2026,18:37:26.947,-0.09E+00,-0.05E+00,+0.05E+00,-0.05E+00,-5.68E+00,-11.19E+00,+16.48E+00,-5.456E+00
2,05/2/2026,18:37:26.947,-0.09E+00,-0.05E+00,+0.05E+00,-0.05E+00,-5.92E+00,-10.97E+00,+16.53E+00,-5.349E+00
2,05/2/2026,18:37:26.947,-0.09E+00,-0.05E+00,+0.05E+00,+0.00E+00,-6.18E+00,-10.76E+00,+16.57E+00,-5.242E+00
2,05/2/2026,18:37:26.947,-0.09E+00,-0.05E+00,+0.00E+00,+0.00E+00,-6.42E+00,-10.56E+00,+16.60E+00,-5.143E+00
2,05/2/2026,18:37:26.947,-0.09E+00,-0.05E+00,+0.00E+00,-0.05E+00,-6.67E+00,-10.35E+00,+16.65E+00,-5.036E+00
2,05/2/2026,18:37:26.947,-0.09E+00,-0.05E+00,+0.05E+00,-0.05E+00,-6.91E+00,-10.13E+00,+16.68E+00,-4.929E+00
2,05/2/2026,18:37:26.947,-0.09E+00,-0.05E+00,+0.05E+00,+0.00E+00,-7.16E+00,-9.92E+00,+16.71E+00,-4.822E+00
2,05/2/2026,18:37:26.947,-0.09E+00,-0.05E+00,+0.00E+00,+0.00E+00,-7.40E+00,-9.72E+00,+16.76E+00,-4.715E+00
2,05/2/2026,18:37:26.947,-0.09E+00,-0.05E+00,+0.05E+00,+0.00E+00,-7.65E+00,-9.51E+00,+16.77E+00,-4.609E+00
2,05/2/2026,18:37:26.947,-0.09E+00,-0.05E+00,+0.05E+00,-0.05E+00,-7.87E+00,-9.28E+00,+16.80E+00,-4.509E+00
2,05/2/2026,18:37:26.947,-0.09E+00,-0.05E+00,+0.05E+00,-0.05E+00,-8.12E+00,-9.06E+00,+16.82E+00,-4.395E+00
2,05/2/2026,18:37:26.947,-0.09E+00,-0.05E+00,+0.05E+00,+0.00E+00,-8.35E+00,-8.85E+00,+16.83E+00,-4.288E+00
2,05/2/2026,18:37:26.947,-0.09E+00,-0.05E+00,+0.00E+00,+0.00E+00,-8.61E+00,-8.62E+00,+16.85E+00,-4.174E+00
2,05/2/2026,18:37:26.947,-0.09E+00,-0.05E+00,+0.05E+00,-0.05E+00,-8.85E+00,-8.39E+00,+16.86E+00,-4.059E+00
2,05/2/2026,18:37:26.948,-0.09E+00,-0.05E+00,+0.05E+00,+0.00E+00,-9.08E+00,-8.16E+00,+16.88E+00,-3.952E+00
2,05/2/2026,18:37:26.948,-0.09E+00,-0.05E+00,+0.00E+00,+0.00E+00,-9.32E+00,-7.94E+00,+16.89E+00,-3.838E+00
2,05/2/2026,18:37:26.948,-0.09E+00,-0.05E+00,+0.05E+00,+0.00E+00,-9.55E+00,-7.71E+00,+16.91E+00,-3.716E+00
2,05/2/2026,18:37:26.948,-0.05E+00,-0.05E+00,+0.05E+00,+0.00E+00,-9.80E+00,-7.48E+00,+16.91E+00,-3.601E+00
2,05/2/2026,18:37:26.948,-0.09E+00,-0.05E+00,+0.05E+00,+0.00E+00,-10.04E+00,-7.23E+00,+16.91E+00,-3.479E+00
2,05/2/2026,18:37:26.948,-0.09E+00,-0.05E+00,+0.00E+00,-0.05E+00,-10.29E+00,-6.99E+00,+16.91E+00,-3.365E+00
2,05/2/2026,18:37:26.948,-0.09E+00,-0.05E+00,+0.05E+00,-0.05E+00,-10.53E+00,-6.76E+00,+16.91E+00,-3.243E+00
2,05/2/2026,18:37:26.948,-0.09E+00,-0.05E+00,+0.05E+00,+0.00E+00,-10.76E+00,-6.52E+00,+16.91E+00,-3.128E+00
2,05/2/2026,18:37:26.948,-0.09E+00,-0.05E+00,+0.00E+00,+0.00E+00,-10.99E+00,-6.29E+00,+16.91E+00,-3.006E+00
2,05/2/2026,18:37:26.948,-0.09E+00,-0.05E+00,+0.05E+00,+0.00E+00,-11.23E+00,-6.06E+00,+16.91E+00,-2.892E+00
2,05/2/2026,18:37:26.948,-0.09E+00,-0.05E+00,+0.05E+00,-0.05E+00,-11.46E+00,-5.81E+00,+16.89E+00,-2.770E+00
2,05/2/2026,18:37:26.948,-0.09E+00,-0.05E+00,+0.00E+00,-0.05E+00,-11.67E+00,-5.57E+00,+16.89E+00,-2.648E+00
2,05/2/2026,18:37:26.948,-0.09E+00,-0.05E+00,+0.05E+00,+0.00E+00,-11.90E+00,-5.34E+00,+16.86E+00,-2.533E+00
2,05/2/2026,18:37:26.948,-0.09E+00,-0.05E+00,+0.00E+00,+0.00E+00,-12.12E+00,-5.10E+00,+16.85E+00,-2.419E+00
2,05/2/2026,18:37:26.948,-0.09E+00,-0.05E+00,+0.05E+00,+0.00E+00,-12.33E+00,-4.87E+00,+16.83E+00,-2.297E+00
2,05/2/2026,18:37:26.948,-0.09E+00,-0.05E+00,+0.05E+00,+0.00E+00,-12.54E+00,-4.62E+00,+16.80E+00,-2.175E+00
2,05/2/2026,18:37:26.948,-0.09E+00,-0.05E+00,+0.00E+00,-0.05E+00,-12.74E+00,-4.36E+00,+16.76E+00,-2.052E+00
2,05/2/2026,18:37:26.948,-0.09E+00,-0.05E+00,+0.00E+00,-0.05E+00,-12.94E+00,-4.12E+00,+16.69E+00,-1.930E+00
2,05/2/2026,18:37:26.948,-0.09E+00,-0.05E+00,+0.00E+00,+0.00E+00,-13.12E+00,-3.86E+00,+16.62E+00,-1.801E+00
2,05/2/2026,18:37:26.948,-0.09E+00,-0.05E+00,+0.05E+00,-0.05E+00,-13.31E+00,-3.60E+00,+16.54E+00,-1.671E+00
2,05/2/2026,18:37:26.949,-0.09E+00,-0.05E+00,+0.05E+00,-0.05E+00,-13.47E+00,-3.33E+00,+16.44E+00,-1.534E+00
2,05/2/2026,18:37:26.949,-0.09E+00,-0.05E+00,+0.05E+00,+0.00E+00,-13.63E+00,-3.07E+00,+16.33E+00,-1.404E+00
2,05/2/2026,18:37:26.949,-0.09E+00,-0.05E+00,+0.05E+00,+0.00E+00,-13.76E+00,-2.79E+00,+16.21E+00,-1.274E+00
2,05/2/2026,18:37:26.949,-0.09E+00,-0.05E+00,+0.05E+00,+0.00E+00,-13.92E+00,-2.53E+00,+16.07E+00,-1.137E+00
2,05/2/2026,18:37:26.949,-0.09E+00,-0.05E+00,+0.05E+00,+0.00E+00,-14.04E+00,-2.26E+00,+15.95E+00,-1.007E+00
2,05/2/2026,18:37:26.949,-0.09E+00,-0.05E+00,+0.05E+00,+0.00E+00,-14.18E+00,-2.00E+00,+15.81E+00,-0.877E+00
2,05/2/2026,18:37:26.949,-0.09E+00,-0.05E+00,+0.05E+00,+0.00E+00,-14.31E+00,-1.74E+00,+15.69E+00,-0.740E+00
2,05/2/2026,18:37:26.949,-0.09E+00,-0.05E+00,+0.05E+00,+0.00E+00,-14.45E+00,-1.46E+00,+15.55E+00,-0.610E+00
2,05/2/2026,18:37:26.949,-0.09E+00,-0.05E+00,+0.05E+00,+0.00E+00,-14.57E+00,-1.19E+00,+15.40E+00,-0.473E+00
2,05/2/2026,18:37:26.949,-0.09E+00,-0.05E+00,+0.05E+00,+0.00E+00,-14.70E+00,-0.93E+00,+15.24E+00,-0.343E+00
2,05/2/2026,18:37:26.949,-0.09E+00,-0.05E+00,+0.05E+00,-0.05E+00,-14.82E+00,-0.66E+00,+15.11E+00,-0.206E+00
2,05/2/2026,18:37:26.949,-0.09E+00,-0.05E+00,+0.05E+00,-0.05E+00,-14.92E+00,-0.38E+00,+14.95E+00,-0.076E+00
2,05/2/2026,18:37:26.949,-0.09E+00,-0.05E+00,+0.05E+00,+0.00E+00,-15.05E+00,-0.11E+00,+14.80E+00,+0.061E+00
2,05/2/2026,18:37:26.949,-0.09E+00,-0.05E+00,+0.00E+00,+0.00E+00,-15.15E+00,+0.15E+00,+14.63E+00,+0.191E+00
2,05/2/2026,18:37:26.949,-0.09E+00,-0.05E+00,+0.00E+00,+0.00E+00,-15.24E+00,+0.41E+00,+14.47E+00,+0.320E+00
2,05/2/2026,18:37:26.949,-0.09E+00,-0.05E+00,+0.05E+00,-0.05E+00,-15.34E+00,+0.69E+00,+14.28E+00,+0.458E+00
2,05/2/2026,18:37:26.949,-0.09E+00,-0.05E+00,+0.00E+00,+0.00E+00,-15.43E+00,+0.96E+00,+14.10E+00,+0.595E+00
2,05/2/2026,18:37:26.949,-0.09E+00,-0.05E+00,+0.00E+00,+0.00E+00,-15.50E+00,+1.25E+00,+13.90E+00,+0.732E+00
2,05/2/2026,18:37:26.949,-0.09E+00,-0.05E+00,+0.00E+00,+0.00E+00,-15.60E+00,+1.53E+00,+13.72E+00,+0.877E+00
2,05/2/2026,18:37:26.949,-0.09E+00,-0.05E+00,+0.00E+00,+0.00E+00,-15.67E+00,+1.82E+00,+13.51E+00,+1.015E+00
2,05/2/2026,18:37:26.950,-0.09E+00,-0.05E+00,+0.05E+00,+0.00E+00,-15.76E+00,+2.09E+00,+13.31E+00,+1.152E+00
2,05/2/2026,18:37:26.950,-0.09E+00,-0.05E+00,+0.05E+00,-0.05E+00,-15.86E+00,+2.38E+00,+13.11E+00,+1.297E+00
2,05/2/2026,18:37:26.950,-0.09E+00,-0.05E+00,+0.05E+00,+0.00E+00,-15.93E+00,+2.67E+00,+12.91E+00,+1.442E+00
2,05/2/2026,18:37:26.950,-0.09E+00,-0.05E+00,+0.00E+00,+0.00E+00,-16.01E+00,+2.95E+00,+12.70E+00,+1.579E+00
2,05/2/2026,18:37:26.950,-0.09E+00,-0.05E+00,+0.00E+00,+0.00E+00,-16.08E+00,+3.22E+00,+12.51E+00,+1.717E+00
2,05/2/2026,18:37:26.950,-0.09E+00,-0.05E+00,+0.05E+00,+0.00E+00,-16.16E+00,+3.51E+00,+12.30E+00,+1.854E+00
2,05/2/2026,18:37:26.950,-0.09E+00,-0.05E+00,+0.05E+00,+0.00E+00,-16.24E+00,+3.78E+00,+12.10E+00,+1.991E+00
2,05/2/2026,18:37:26.950,-0.09E+00,-0.05E+00,+0.00E+00,+0.00E+00,-16.31E+00,+4.06E+00,+11.90E+00,+2.129E+00
2,05/2/2026,18:37:26.950,-0.09E+00,-0.05E+00,+0.00E+00,+0.00E+00,-16.37E+00,+4.33E+00,+11.69E+00,+2.266E+00
2,05/2/2026,18:37:26.950,-0.09E+00,-0.05E+00,+0.05E+00,-0.05E+00,-16.44E+00,+4.61E+00,+11.48E+00,+2.396E+00
2,05/2/2026,18:37:26.950,-0.09E+00,-0.05E+00,+0.05E+00,-0.05E+00,-16.50E+00,+4.87E+00,+11.26E+00,+2.533E+00
2,05/2/2026,18:37:26.950,-0.09E+00,-0.05E+00,+0.05E+00,+0.00E+00,-16.56E+00,+5.14E+00,+11.05E+00,+2.671E+00
2,05/2/2026,18:37:26.950,-0.05E+00,-0.05E+00,+0.05E+00,+0.00E+00,-16.62E+00,+5.42E+00,+10.83E+00,+2.800E+00
2,05/2/2026,18:37:26.950,-0.09E+00,-0.05E+00,+0.00E+00,+0.00E+00,-16.66E+00,+5.69E+00,+10.62E+00,+2.938E+00
2,05/2/2026,18:37:26.950,-0.09E+00,-0.05E+00,+0.00E+00,-0.05E+00,-16.73E+00,+5.97E+00,+10.39E+00,+3.067E+00
2,05/2/2026,18:37:26.950,-0.09E+00,-0.05E+00,+0.05E+00,-0.05E+00,-16.76E+00,+6.23E+00,+10.18E+00,+3.205E+00
2,05/2/2026,18:37:26.950,-0.09E+00,-0.05E+00,+0.05E+00,+0.00E+00,-16.80E+00,+6.49E+00,+9.96E+00,+3.334E+00
2,05/2/2026,18:37:26.950,-0.09E+00,-0.05E+00,+0.00E+00,+0.00E+00,-16.85E+00,+6.75E+00,+9.75E+00,+3.456E+00
2,05/2/2026,18:37:26.950,-0.09E+00,-0.05E+00,+0.00E+00,+0.00E+00,-16.89E+00,+7.00E+00,+9.54E+00,+3.579E+00
2,05/2/2026,18:37:26.950,-0.09E+00,-0.05E+00,+0.05E+00,+0.00E+00,-16.92E+00,+7.25E+00,+9.32E+00,+3.708E+00
2,05/2/2026,18:37:26.951,-0.09E+00,-0.05E+00,+0.05E+00,+0.00E+00,-16.97E+00,+7.49E+00,+9.11E+00,+3.830E+00
2,05/2/2026,18:37:26.951,-0.09E+00,-0.05E+00,+0.05E+00,+0.00E+00,-17.00E+00,+7.74E+00,+8.90E+00,+3.952E+00
2,05/2/2026,18:37:26.951,-0.09E+00,-0.05E+00,+0.00E+00,+0.00E+00,-17.02E+00,+8.00E+00,+8.68E+00,+4.074E+00
2,05/2/2026,18:37:26.951,-0.09E+00,-0.05E+00,+0.05E+00,+0.00E+00,-17.05E+00,+8.24E+00,+8.45E+00,+4.197E+00
2,05/2/2026,18:37:26.951,-0.09E+00,-0.05E+00,+0.05E+00,+0.00E+00,-17.06E+00,+8.47E+00,+8.24E+00,+4.311E+00
2,05/2/2026,18:37:26.951,-0.09E+00,-0.05E+00,+0.05E+00,-0.05E+00,-17.08E+00,+8.71E+00,+8.01E+00,+4.433E+00
2,05/2/2026,18:37:26.951,-0.09E+00,-0.05E+00,+0.05E+00,-0.05E+00,-17.09E+00,+8.97E+00,+7.77E+00,+4.555E+00
2,05/2/2026,18:37:26.951,-0.09E+00,-0.05E+00,+0.05E+00,+0.00E+00,-17.11E+00,+9.22E+00,+7.54E+00,+4.677E+00
2,05/2/2026,18:37:26.951,-0.09E+00,-0.05E+00,+0.05E+00,+0.00E+00,-17.12E+00,+9.46E+00,+7.29E+00,+4.799E+00
2,05/2/2026,18:37:26.951,-0.09E+00,-0.05E+00,+0.05E+00,+0.00E+00,-17.12E+00,+9.71E+00,+7.07E+00,+4.921E+00
2,05/2/2026,18:37:26.951,-0.09E+00,-0.05E+00,+0.00E+00,-0.05E+00,-17.14E+00,+9.95E+00,+6.84E+00,+5.036E+00
2,05/2/2026,18:37:26.951,-0.09E+00,-0.05E+00,+0.00E+00,+0.00E+00,-17.14E+00,+10.18E+00,+6.59E+00,+5.150E+00
2,05/2/2026,18:37:26.951,-0.09E+00,-0.05E+00,+0.05E+00,+0.00E+00,-17.14E+00,+10.42E+00,+6.36E+00,+5.272E+00
2,05/2/2026,18:37:26.951,-0.09E+00,-0.05E+00,+0.05E+00,+0.00E+00,-17.14E+00,+10.65E+00,+6.13E+00,+5.387E+00
2,05/2/2026,18:37:26.951,-0.09E+00,-0.05E+00,+0.00E+00,+0.00E+00,-17.14E+00,+10.90E+00,+5.89E+00,+5.501E+00
2,05/2/2026,18:37:26.951,-0.09E+00,-0.05E+00,+0.05E+00,+0.00E+00,-17.12E+00,+11.12E+00,+5.65E+00,+5.623E+00
2,05/2/2026,18:37:26.951,-0.09E+00,-0.05E+00,+0.05E+00,+0.00E+00,-17.12E+00,+11.35E+00,+5.40E+00,+5.730E+00
2,05/2/2026,18:37:26.951,-0.09E+00,-0.05E+00,+0.05E+00,+0.00E+00,-17.12E+00,+11.58E+00,+5.17E+00,+5.845E+00
2,05/2/2026,18:37:26.951,-0.05E+00,-0.05E+00,+0.05E+00,+0.00E+00,-17.09E+00,+11.81E+00,+4.93E+00,+5.959E+00
2,05/2/2026,18:37:26.951,-0.09E+00,-0.05E+00,+0.05E+00,+0.00E+00,-17.08E+00,+12.04E+00,+4.70E+00,+6.066E+00
2,05/2/2026,18:37:26.952,-0.09E+00,-0.05E+00,+0.00E+00,-0.05E+00,-17.06E+00,+12.25E+00,+4.44E+00,+6.173E+00
2,05/2/2026,18:37:26.952,-0.09E+00,-0.05E+00,+0.05E+00,+0.00E+00,-17.02E+00,+12.45E+00,+4.20E+00,+6.280E+00
2,05/2/2026,18:37:26.952,-0.09E+00,-0.05E+00,+0.05E+00,+0.00E+00,-16.97E+00,+12.65E+00,+3.95E+00,+6.371E+00
2,05/2/2026,18:37:26.952,-0.09E+00,-0.05E+00,+0.00E+00,+0.00E+00,-16.92E+00,+12.85E+00,+3.71E+00,+6.463E+00
2,05/2/2026,18:37:26.952,-0.09E+00,-0.05E+00,+0.00E+00,-0.05E+00,-16.85E+00,+13.03E+00,+3.46E+00,+6.562E+00
2,05/2/2026,18:37:26.952,-0.09E+00,-0.05E+00,+0.05E+00,-0.05E+00,-16.77E+00,+13.22E+00,+3.20E+00,+6.646E+00
2,05/2/2026,18:37:26.952,-0.09E+00,-0.05E+00,+0.05E+00,+0.00E+00,-16.68E+00,+13.37E+00,+2.95E+00,+6.722E+00
2,05/2/2026,18:37:26.952,-0.09E+00,-0.05E+00,+0.00E+00,+0.00E+00,-16.59E+00,+13.52E+00,+2.70E+00,+6.806E+00
2,05/2/2026,18:37:26.952,-0.09E+00,-0.05E+00,+0.00E+00,+0.00E+00,-16.48E+00,+13.69E+00,+2.44E+00,+6.882E+00
2,05/2/2026,18:37:26.952,-0.09E+00,-0.05E+00,+0.05E+00,+0.00E+00,-16.37E+00,+13.86E+00,+2.18E+00,+6.951E+00
2,05/2/2026,18:37:26.952,-0.09E+00,-0.05E+00,+0.05E+00,+0.00E+00,-16.27E+00,+13.99E+00,+1.91E+00,+7.027E+00
2,05/2/2026,18:37:26.952,-0.09E+00,-0.05E+00,+0.05E+00,+0.00E+00,-16.15E+00,+14.15E+00,+1.66E+00,+7.096E+00
2,05/2/2026,18:37:26.952,-0.09E+00,-0.05E+00,+0.05E+00,+0.00E+00,-16.04E+00,+14.28E+00,+1.39E+00,+7.172E+00
2,05/2/2026,18:37:26.952,-0.09E+00,-0.05E+00,+0.05E+00,+0.00E+00,-15.90E+00,+14.42E+00,+1.11E+00,+7.241E+00
2,05/2/2026,18:37:26.952,-0.09E+00,-0.05E+00,+0.05E+00,+0.00E+00,-15.76E+00,+14.57E+00,+0.84E+00,+7.310E+00
2,05/2/2026,18:37:26.952,-0.09E+00,-0.05E+00,+0.05E+00,+0.00E+00,-15.63E+00,+14.70E+00,+0.56E+00,+7.371E+00
2,05/2/2026,18:37:26.952,-0.05E+00,-0.05E+00,+0.05E+00,+0.00E+00,-15.49E+00,+14.83E+00,+0.29E+00,+7.439E+00
2,05/2/2026,18:37:26.952,-0.09E+00,-0.05E+00,+0.05E+00,-0.05E+00,-15.35E+00,+14.95E+00,+0.02E+00,+7.500E+00
2,05/2/2026,18:37:26.952,-0.09E+00,-0.05E+00,+0.05E+00,+0.00E+00,-15.18E+00,+15.08E+00,-0.26E+00,+7.554E+00
2,05/2/2026,18:37:26.952,-0.09E+00,-0.05E+00,+0.05E+00,+0.00E+00,-15.03E+00,+15.20E+00,-0.53E+00,+7.615E+00
2,05/2/2026,18:37:26.953,-0.09E+00,-0.05E+00,+0.00E+00,-0.05E+00,-14.88E+00,+15.31E+00,-0.81E+00,+7.668E+00
2,05/2/2026,18:37:26.953,-0.09E+00,-0.05E+00,+0.00E+00,-0.05E+00,-14.70E+00,+15.43E+00,-1.08E+00,+7.722E+00
2,05/2/2026,18:37:26.953,-0.09E+00,-0.05E+00,+0.05E+00,+0.00E+00,-14.53E+00,+15.52E+00,-1.36E+00,+7.775E+00
2,05/2/2026,18:37:26.953,-0.09E+00,-0.05E+00,+0.00E+00,+0.00E+00,-14.34E+00,+15.63E+00,-1.65E+00,+7.821E+00
2,05/2/2026,18:37:26.953,-0.09E+00,-0.05E+00,+0.00E+00,+0.00E+00,-14.16E+00,+15.72E+00,-1.92E+00,+7.867E+00
2,05/2/2026,18:37:26.953,-0.09E+00,-0.05E+00,+0.05E+00,-0.05E+00,-13.98E+00,+15.81E+00,-2.20E+00,+7.912E+00
2,05/2/2026,18:37:26.953,-0.09E+00,-0.05E+00,+0.05E+00,-0.05E+00,-13.78E+00,+15.90E+00,-2.49E+00,+7.958E+00
2,05/2/2026,18:37:26.953,-0.09E+00,-0.05E+00,+0.00E+00,+0.00E+00,-13.58E+00,+15.98E+00,-2.76E+00,+7.996E+00
2,05/2/2026,18:37:26.953,-0.09E+00,-0.05E+00,+0.00E+00,+0.00E+00,-13.40E+00,+16.07E+00,-3.04E+00,+8.034E+00
2,05/2/2026,18:37:26.953,-0.09E+00,-0.05E+00,+0.05E+00,+0.00E+00,-13.20E+00,+16.15E+00,-3.31E+00,+8.073E+00
2,05/2/2026,18:37:26.953,-0.09E+00,-0.05E+00,+0.05E+00,+0.00E+00,-13.00E+00,+16.22E+00,-3.59E+00,+8.111E+00
2,05/2/2026,18:37:26.953,-0.09E+00,-0.05E+00,+0.00E+00,+0.00E+00,-12.80E+00,+16.30E+00,-3.86E+00,+8.141E+00
2,05/2/2026,18:37:26.953,-0.09E+00,-0.05E+00,+0.05E+00,-0.05E+00,-12.60E+00,+16.36E+00,-4.14E+00,+8.179E+00
2,05/2/2026,18:37:26.953,-0.09E+00,-0.05E+00,+0.05E+00,-0.05E+00,-12.39E+00,+16.44E+00,-4.41E+00,+8.210E+00
2,05/2/2026,18:37:26.953,-0.09E+00,-0.05E+00,+0.05E+00,-0.05E+00,-12.19E+00,+16.50E+00,-4.67E+00,+8.241E+00
2,05/2/2026,18:37:26.953,-0.09E+00,-0.05E+00,+0.00E+00,+0.00E+00,-11.99E+00,+16.57E+00,-4.93E+00,+8.271E+00
2,05/2/2026,18:37:26.953,-0.09E+00,-0.05E+00,+0.00E+00,+0.00E+00,-11.80E+00,+16.63E+00,-5.20E+00,+8.302E+00
2,05/2/2026,18:37:26.953,-0.09E+00,-0.05E+00,+0.00E+00,+0.00E+00,-11.60E+00,+16.69E+00,-5.46E+00,+8.332E+00
2,05/2/2026,18:37:26.953,-0.09E+00,-0.05E+00,+0.00E+00,-0.05E+00,-11.38E+00,+16.76E+00,-5.72E+00,+8.363E+00
2,05/2/2026,18:37:26.953,-0.09E+00,-0.05E+00,+0.05E+00,+0.00E+00,-11.19E+00,+16.80E+00,-5.98E+00,+8.385E+00
2,05/2/2026,18:37:26.954,-0.09E+00,-0.05E+00,+0.05E+00,-0.05E+00,-10.97E+00,+16.86E+00,-6.24E+00,+8.408E+00
2,05/2/2026,18:37:26.954,-0.09E+00,-0.05E+00,+0.05E+00,-0.05E+00,-10.76E+00,+16.91E+00,-6.52E+00,+8.431E+00
2,05/2/2026,18:37:26.954,-0.09E+00,-0.05E+00,+0.05E+00,+0.00E+00,-10.54E+00,+16.94E+00,-6.76E+00,+8.454E+00
2,05/2/2026,18:37:26.954,-0.09E+00,-0.05E+00,+0.05E+00,-0.05E+00,-10.33E+00,+16.98E+00,-7.02E+00,+8.469E+00
2,05/2/2026,18:37:26.954,-0.09E+00,-0.05E+00,+0.05E+00,-0.05E+00,-10.13E+00,+17.03E+00,-7.26E+00,+8.492E+00
2,05/2/2026,18:37:26.954,-0.09E+00,-0.05E+00,+0.00E+00,+0.00E+00,-9.92E+00,+17.06E+00,-7.51E+00,+8.508E+00
2,05/2/2026,18:37:26.954,-0.09E+00,-0.05E+00,+0.05E+00,-0.05E+00,-9.71E+00,+17.11E+00,-7.75E+00,+8.523E+00
2,05/2/2026,18:37:26.954,-0.09E+00,-0.05E+00,+0.00E+00,+0.00E+00,-9.51E+00,+17.14E+00,-8.00E+00,+8.538E+00
2,05/2/2026,18:37:26.954,-0.09E+00,-0.05E+00,+0.05E+00,+0.00E+00,-9.31E+00,+17.17E+00,-8.23E+00,+8.553E+00
2,05/2/2026,18:37:26.954,-0.09E+00,-0.05E+00,+0.05E+00,+0.00E+00,-9.11E+00,+17.20E+00,-8.44E+00,+8.561E+00
2,05/2/2026,18:37:26.954,-0.09E+00,-0.05E+00,+0.00E+00,-0.05E+00,-8.91E+00,+17.21E+00,-8.67E+00,+8.576E+00
2,05/2/2026,18:37:26.954,-0.09E+00,-0.05E+00,+0.00E+00,+0.00E+00,-8.68E+00,+17.24E+00,-8.91E+00,+8.584E+00
2,05/2/2026,18:37:26.954,-0.09E+00,-0.05E+00,+0.05E+00,+0.00E+00,-8.47E+00,+17.26E+00,-9.16E+00,+8.591E+00
2,05/2/2026,18:37:26.954,-0.09E+00,-0.05E+00,+0.05E+00,+0.00E+00,-8.26E+00,+17.27E+00,-9.39E+00,+8.599E+00
2,05/2/2026,18:37:26.954,-0.09E+00,-0.05E+00,+0.00E+00,+0.00E+00,-8.03E+00,+17.29E+00,-9.63E+00,+8.607E+00
2,05/2/2026,18:37:26.954,-0.09E+00,-0.05E+00,+0.00E+00,+0.00E+00,-7.80E+00,+17.29E+00,-9.87E+00,+8.607E+00
2,05/2/2026,18:37:26.954,-0.05E+00,-0.05E+00,+0.05E+00,+0.00E+00,-7.57E+00,+17.31E+00,-10.12E+00,+8.614E+00
2,05/2/2026,18:37:26.954,-0.09E+00,-0.05E+00,+0.05E+00,-0.05E+00,-7.32E+00,+17.32E+00,-10.35E+00,+8.622E+00
2,05/2/2026,18:37:26.954,-0.09E+00,-0.05E+00,+0.05E+00,+0.00E+00,-7.10E+00,+17.32E+00,-10.59E+00,+8.622E+00
2,05/2/2026,18:37:26.954,-0.09E+00,-0.05E+00,+0.00E+00,+0.00E+00,-6.87E+00,+17.34E+00,-10.83E+00,+8.614E+00
2,05/2/2026,18:37:26.955,-0.09E+00,-0.05E+00,+0.05E+00,+0.00E+00,-6.64E+00,+17.32E+00,-11.06E+00,+8.614E+00
2,05/2/2026,18:37:26.955,-0.09E+00,-0.05E+00,+0.05E+00,+0.00E+00,-6.41E+00,+17.34E+00,-11.29E+00,+8.614E+00
2,05/2/2026,18:37:26.955,-0.09E+00,-0.05E+00,+0.00E+00,-0.05E+00,-6.17E+00,+17.34E+00,-11.52E+00,+8.614E+00
2,05/2/2026,18:37:26.955,-0.09E+00,-0.09E+00,+0.00E+00,-0.05E+00,-5.94E+00,+17.32E+00,-11.77E+00,+8.614E+00
2,05/2/2026,18:37:26.955,-0.09E+00,-0.05E+00,+0.05E+00,+0.00E+00,-5.71E+00,+17.31E+00,-11.98E+00,+8.599E+00
2,05/2/2026,18:37:26.955,-0.09E+00,-0.05E+00,+0.00E+00,+0.00E+00,-5.46E+00,+17.29E+00,-12.19E+00,+8.591E+00
2,05/2/2026,18:37:26.955,-0.09E+00,-0.05E+00,+0.00E+00,+0.00E+00,-5.23E+00,+17.27E+00,-12.41E+00,+8.584E+00
2,05/2/2026,18:37:26.955,-0.09E+00,-0.05E+00,+0.05E+00,-0.05E+00,-5.01E+00,+17.24E+00,-12.60E+00,+8.561E+00
2,05/2/2026,18:37:26.955,-0.09E+00,-0.05E+00,+0.05E+00,+0.00E+00,-4.76E+00,+17.20E+00,-12.80E+00,+8.538E+00
2,05/2/2026,18:37:26.955,-0.09E+00,-0.05E+00,+0.05E+00,+0.00E+00,-4.53E+00,+17.14E+00,-12.99E+00,+8.508E+00
2,05/2/2026,18:37:26.955,-0.09E+00,-0.05E+00,+0.05E+00,+0.00E+00,-4.29E+00,+17.06E+00,-13.15E+00,+8.477E+00
2,05/2/2026,18:37:26.955,-0.09E+00,-0.05E+00,+0.05E+00,+0.00E+00,-4.03E+00,+16.97E+00,-13.32E+00,+8.431E+00
2,05/2/2026,18:37:26.955,-0.09E+00,-0.05E+00,+0.05E+00,+0.00E+00,-3.78E+00,+16.88E+00,-13.47E+00,+8.378E+00
2,05/2/2026,18:37:26.955,-0.09E+00,-0.05E+00,+0.05E+00,+0.00E+00,-3.53E+00,+16.79E+00,-13.63E+00,+8.324E+00
2,05/2/2026,18:37:26.955,-0.09E+00,-0.05E+00,+0.05E+00,-0.05E+00,-3.27E+00,+16.68E+00,-13.78E+00,+8.271E+00
2,05/2/2026,18:37:26.955,-0.09E+00,-0.05E+00,+0.00E+00,+0.00E+00,-3.01E+00,+16.56E+00,-13.92E+00,+8.210E+00
2,05/2/2026,18:37:26.955,-0.09E+00,-0.05E+00,+0.00E+00,+0.00E+00,-2.75E+00,+16.44E+00,-14.05E+00,+8.149E+00
2,05/2/2026,18:37:26.955,-0.09E+00,-0.05E+00,+0.05E+00,+0.00E+00,-2.49E+00,+16.30E+00,-14.19E+00,+8.080E+00
2,05/2/2026,18:37:26.955,-0.09E+00,-0.05E+00,+0.05E+00,+0.00E+00,-2.21E+00,+16.18E+00,-14.31E+00,+8.012E+00
2,05/2/2026,18:37:26.955,-0.09E+00,-0.05E+00,+0.05E+00,+0.00E+00,-1.94E+00,+16.04E+00,-14.45E+00,+7.943E+00
2,05/2/2026,18:37:26.956,-0.09E+00,-0.05E+00,+0.00E+00,+0.00E+00,-1.68E+00,+15.89E+00,-14.57E+00,+7.874E+00
2,05/2/2026,18:37:26.956,-0.09E+00,-0.05E+00,+0.05E+00,+0.00E+00,-1.40E+00,+15.73E+00,-14.71E+00,+7.798E+00
2,05/2/2026,18:37:26.956,-0.09E+00,-0.05E+00,+0.05E+00,+0.00E+00,-1.13E+00,+15.58E+00,-14.83E+00,+7.714E+00
2,05/2/2026,18:37:26.956,-0.09E+00,-0.05E+00,+0.05E+00,-0.05E+00,-0.84E+00,+15.41E+00,-14.94E+00,+7.630E+00
2,05/2/2026,18:37:26.956,-0.09E+00,-0.05E+00,+0.00E+00,-0.05E+00,-0.56E+00,+15.24E+00,-15.05E+00,+7.546E+00
2,05/2/2026,18:37:26.956,-0.09E+00,-0.05E+00,+0.05E+00,+0.00E+00,-0.29E+00,+15.08E+00,-15.17E+00,+7.462E+00
2,05/2/2026,18:37:26.956,-0.09E+00,-0.05E+00,+0.05E+00,+0.00E+00,+0.00E+00,+14.91E+00,-15.28E+00,+7.371E+00
2,05/2/2026,18:37:26.956,-0.09E+00,-0.05E+00,+0.05E+00,+0.00E+00,+0.29E+00,+14.73E+00,-15.38E+00,+7.287E+00
2,05/2/2026,18:37:26.956,-0.09E+00,-0.05E+00,+0.05E+00,-0.05E+00,+0.56E+00,+14.56E+00,-15.47E+00,+7.195E+00
2,05/2/2026,18:37:26.956,-0.09E+00,-0.05E+00,+0.05E+00,+0.00E+00,+0.84E+00,+14.38E+00,-15.58E+00,+7.104E+00
2,05/2/2026,18:37:26.956,-0.09E+00,-0.05E+00,+0.05E+00,+0.00E+00,+1.13E+00,+14.19E+00,-15.69E+00,+7.012E+00
2,05/2/2026,18:37:26.956,-0.09E+00,-0.05E+00,+0.05E+00,+0.00E+00,+1.42E+00,+14.01E+00,-15.78E+00,+6.920E+00
2,05/2/2026,18:37:26.956,-0.09E+00,-0.05E+00,+0.05E+00,+0.00E+00,+1.71E+00,+13.83E+00,-15.87E+00,+6.821E+00
2,05/2/2026,18:37:26.956,-0.09E+00,-0.05E+00,+0.05E+00,-0.05E+00,+1.98E+00,+13.63E+00,-15.96E+00,+6.730E+00
2,05/2/2026,18:37:26.956,-0.09E+00,-0.05E+00,+0.00E+00,+0.00E+00,+2.26E+00,+13.44E+00,-16.05E+00,+6.631E+00
2,05/2/2026,18:37:26.956,-0.05E+00,-0.05E+00,+0.00E+00,+0.00E+00,+2.53E+00,+13.25E+00,-16.13E+00,+6.531E+00
2,05/2/2026,18:37:26.956,-0.09E+00,-0.05E+00,+0.05E+00,+0.00E+00,+2.81E+00,+13.05E+00,-16.21E+00,+6.432E+00
2,05/2/2026,18:37:26.956,-0.09E+00,-0.05E+00,+0.05E+00,+0.00E+00,+3.08E+00,+12.85E+00,-16.28E+00,+6.333E+00
2,05/2/2026,18:37:26.956,-0.09E+00,-0.05E+00,+0.05E+00,+0.00E+00,+3.34E+00,+12.65E+00,-16.36E+00,+6.234E+00
2,05/2/2026,18:37:26.956,-0.09E+00,-0.05E+00,+0.05E+00,+0.00E+00,+3.62E+00,+12.45E+00,-16.42E+00,+6.135E+00
2,05/2/2026,18:37:26.957,-0.05E+00,-0.05E+00,+0.00E+00,+0.00E+00,+3.89E+00,+12.24E+00,-16.48E+00,+6.035E+00
2,05/2/2026,18:37:26.957,-0.09E+00,-0.05E+00,+0.00E+00,-0.05E+00,+4.15E+00,+12.04E+00,-16.54E+00,+5.929E+00
2,05/2/2026,18:37:26.957,-0.09E+00,-0.05E+00,+0.05E+00,-0.05E+00,+4.41E+00,+11.84E+00,-16.60E+00,+5.829E+00
2,05/2/2026,18:37:26.957,-0.09E+00,-0.05E+00,+0.05E+00,+0.00E+00,+4.65E+00,+11.63E+00,-16.65E+00,+5.723E+00
2,05/2/2026,18:37:26.957,-0.09E+00,-0.05E+00,+0.05E+00,+0.00E+00,+4.93E+00,+11.43E+00,-16.69E+00,+5.623E+00
2,05/2/2026,18:37:26.957,-0.09E+00,-0.05E+00,+0.05E+00,+0.00E+00,+5.17E+00,+11.22E+00,-16.76E+00,+5.517E+00
2,05/2/2026,18:37:26.957,-0.09E+00,-0.05E+00,+0.00E+00,+0.00E+00,+5.43E+00,+11.02E+00,-16.79E+00,+5.417E+00
2,05/2/2026,18:37:26.957,-0.09E+00,-0.05E+00,+0.00E+00,-0.05E+00,+5.69E+00,+10.80E+00,-16.83E+00,+5.311E+00
2,05/2/2026,18:37:26.957,-0.09E+00,-0.05E+00,+0.05E+00,+0.00E+00,+5.94E+00,+10.61E+00,-16.88E+00,+5.204E+00
2,05/2/2026,18:37:26.957,-0.09E+00,-0.05E+00,+0.05E+00,+0.00E+00,+6.18E+00,+10.39E+00,-16.92E+00,+5.105E+00
2,05/2/2026,18:37:26.957,-0.09E+00,-0.05E+00,+0.00E+00,-0.05E+00,+6.44E+00,+10.18E+00,-16.97E+00,+4.998E+00
2,05/2/2026,18:37:26.957,-0.09E+00,-0.05E+00,+0.00E+00,-0.05E+00,+6.68E+00,+9.96E+00,-17.00E+00,+4.891E+00
2,05/2/2026,18:37:26.957,-0.09E+00,-0.05E+00,+0.05E+00,+0.00E+00,+6.91E+00,+9.75E+00,-17.03E+00,+4.784E+00
2,05/2/2026,18:37:26.957,-0.09E+00,-0.05E+00,+0.05E+00,+0.00E+00,+7.16E+00,+9.54E+00,-17.06E+00,+4.677E+00
2,05/2/2026,18:37:26.957,-0.09E+00,-0.05E+00,+0.05E+00,-0.05E+00,+7.40E+00,+9.34E+00,-17.09E+00,+4.570E+00
2,05/2/2026,18:37:26.957,-0.09E+00,-0.05E+00,+0.05E+00,-0.05E+00,+7.65E+00,+9.11E+00,-17.12E+00,+4.464E+00
2,05/2/2026,18:37:26.957,-0.09E+00,-0.05E+00,+0.05E+00,+0.00E+00,+7.89E+00,+8.88E+00,-17.14E+00,+4.357E+00
2,05/2/2026,18:37:26.957,-0.09E+00,-0.05E+00,+0.05E+00,+0.00E+00,+8.12E+00,+8.67E+00,-17.15E+00,+4.242E+00
2,05/2/2026,18:37:26.957,-0.09E+00,-0.05E+00,+0.05E+00,+0.00E+00,+8.36E+00,+8.45E+00,-17.17E+00,+4.136E+00
2,05/2/2026,18:37:26.957,-0.09E+00,-0.05E+00,+0.05E+00,-0.05E+00,+8.59E+00,+8.23E+00,-17.18E+00,+4.021E+00
2,05/2/2026,18:37:26.958,-0.05E+00,-0.05E+00,+0.05E+00,+0.00E+00,+8.84E+00,+8.01E+00,-17.18E+00,+3.907E+00
2,05/2/2026,18:37:26.958,-0.09E+00,-0.05E+00,+0.00E+00,+0.00E+00,+9.06E+00,+7.78E+00,-17.20E+00,+3.800E+00
2,05/2/2026,18:37:26.958,-0.09E+00,-0.05E+00,+0.00E+00,-0.05E+00,+9.29E+00,+7.54E+00,-17.21E+00,+3.685E+00
2,05/2/2026,18:37:26.958,-0.09E+00,-0.05E+00,+0.05E+00,-0.05E+00,+9.54E+00,+7.32E+00,-17.21E+00,+3.571E+00
2,05/2/2026,18:37:26.958,-0.09E+00,-0.05E+00,+0.05E+00,+0.00E+00,+9.78E+00,+7.08E+00,-17.23E+00,+3.456E+00
2,05/2/2026,18:37:26.958,-0.09E+00,-0.05E+00,+0.00E+00,+0.00E+00,+10.03E+00,+6.85E+00,-17.23E+00,+3.334E+00
2,05/2/2026,18:37:26.958,-0.09E+00,-0.05E+00,+0.05E+00,+0.00E+00,+10.25E+00,+6.61E+00,-17.23E+00,+3.212E+00
2,05/2/2026,18:37:26.958,-0.09E+00,-0.05E+00,+0.05E+00,+0.00E+00,+10.50E+00,+6.36E+00,-17.23E+00,+3.098E+00
2,05/2/2026,18:37:26.958,-0.09E+00,-0.05E+00,+0.00E+00,+0.00E+00,+10.74E+00,+6.12E+00,-17.23E+00,+2.976E+00
2,05/2/2026,18:37:26.958,-0.09E+00,-0.05E+00,+0.00E+00,+0.00E+00,+10.97E+00,+5.89E+00,-17.21E+00,+2.854E+00
2,05/2/2026,18:37:26.958,-0.09E+00,-0.05E+00,+0.05E+00,+0.00E+00,+11.22E+00,+5.65E+00,-17.21E+00,+2.732E+00
2,05/2/2026,18:37:26.958,-0.09E+00,-0.05E+00,+0.05E+00,+0.00E+00,+11.43E+00,+5.42E+00,-17.20E+00,+2.617E+00
2,05/2/2026,18:37:26.958,-0.09E+00,-0.05E+00,+0.00E+00,-0.05E+00,+11.66E+00,+5.17E+00,-17.18E+00,+2.495E+00
2,05/2/2026,18:37:26.958,-0.09E+00,-0.05E+00,+0.00E+00,+0.00E+00,+11.87E+00,+4.93E+00,-17.17E+00,+2.381E+00
2,05/2/2026,18:37:26.958,-0.09E+00,-0.05E+00,+0.00E+00,+0.00E+00,+12.09E+00,+4.70E+00,-17.14E+00,+2.266E+00
2,05/2/2026,18:37:26.958,-0.09E+00,-0.05E+00,+0.05E+00,+0.00E+00,+12.28E+00,+4.46E+00,-17.11E+00,+2.144E+00
2,05/2/2026,18:37:26.958,-0.09E+00,-0.05E+00,+0.05E+00,-0.05E+00,+12.48E+00,+4.21E+00,-17.06E+00,+2.022E+00
2,05/2/2026,18:37:26.958,-0.09E+00,-0.05E+00,+0.05E+00,-0.05E+00,+12.68E+00,+3.97E+00,-17.00E+00,+1.892E+00
2,05/2/2026,18:37:26.958,-0.09E+00,-0.05E+00,+0.00E+00,+0.00E+00,+12.86E+00,+3.71E+00,-16.92E+00,+1.770E+00
2,05/2/2026,18:37:26.958,-0.09E+00,-0.05E+00,+0.05E+00,+0.00E+00,+13.05E+00,+3.45E+00,-16.83E+00,+1.640E+00
2,05/2/2026,18:37:26.959,-0.09E+00,-0.05E+00,+0.00E+00,+0.00E+00,+13.20E+00,+3.17E+00,-16.74E+00,+1.511E+00
2,05/2/2026,18:37:26.959,-0.09E+00,-0.05E+00,+0.00E+00,+0.00E+00,+13.35E+00,+2.90E+00,-16.62E+00,+1.373E+00
2,05/2/2026,18:37:26.959,-0.09E+00,-0.05E+00,+0.00E+00,+0.00E+00,+13.51E+00,+2.64E+00,-16.50E+00,+1.236E+00
2,05/2/2026,18:37:26.959,-0.09E+00,-0.05E+00,+0.00E+00,+0.00E+00,+13.64E+00,+2.37E+00,-16.37E+00,+1.099E+00
2,05/2/2026,18:37:26.959,-0.05E+00,-0.05E+00,+0.00E+00,+0.00E+00,+13.78E+00,+2.09E+00,-16.24E+00,+0.961E+00
2,05/2/2026,18:37:26.959,-0.05E+00,-0.05E+00,+0.05E+00,+0.00E+00,+13.92E+00,+1.83E+00,-16.10E+00,+0.832E+00
2,05/2/2026,18:37:26.959,-0.09E+00,-0.05E+00,+0.05E+00,+0.00E+00,+14.05E+00,+1.56E+00,-15.96E+00,+0.702E+00
2,05/2/2026,18:37:26.959,-0.09E+00,-0.05E+00,+0.05E+00,+0.00E+00,+14.18E+00,+1.30E+00,-15.84E+00,+0.565E+00
2,05/2/2026,18:37:26.959,-0.09E+00,-0.05E+00,+0.00E+00,-0.05E+00,+14.31E+00,+1.02E+00,-15.70E+00,+0.435E+00
2,05/2/2026,18:37:26.959,-0.09E+00,-0.05E+00,+0.05E+00,-0.05E+00,+14.44E+00,+0.76E+00,-15.55E+00,+0.305E+00
2,05/2/2026,18:37:26.959,-0.05E+00,-0.05E+00,+0.05E+00,+0.00E+00,+14.56E+00,+0.49E+00,-15.41E+00,+0.168E+00
2,05/2/2026,18:37:26.959,-0.09E+00,-0.05E+00,+0.05E+00,+0.00E+00,+14.67E+00,+0.23E+00,-15.26E+00,+0.038E+00
2,05/2/2026,18:37:26.959,-0.09E+00,-0.05E+00,+0.00E+00,-0.05E+00,+14.77E+00,-0.05E+00,-15.09E+00,-0.092E+00
2,05/2/2026,18:37:26.959,-0.09E+00,-0.05E+00,+0.00E+00,-0.05E+00,+14.88E+00,-0.31E+00,-14.92E+00,-0.229E+00
2,05/2/2026,18:37:26.959,-0.09E+00,-0.05E+00,+0.00E+00,+0.00E+00,+14.99E+00,-0.58E+00,-14.76E+00,-0.359E+00
2,05/2/2026,18:37:26.959,-0.05E+00,-0.05E+00,+0.05E+00,+0.00E+00,+15.08E+00,-0.85E+00,-14.57E+00,-0.496E+00
2,05/2/2026,18:37:26.959,-0.09E+00,-0.05E+00,+0.05E+00,+0.00E+00,+15.15E+00,-1.14E+00,-14.38E+00,-0.633E+00
2,05/2/2026,18:37:26.959,-0.09E+00,-0.09E+00,+0.05E+00,-0.05E+00,+15.24E+00,-1.42E+00,-14.19E+00,-0.778E+00
2,05/2/2026,18:37:26.959,-0.09E+00,-0.05E+00,+0.00E+00,+0.00E+00,+15.34E+00,-1.69E+00,-13.99E+00,-0.923E+00
2,05/2/2026,18:37:26.959,-0.09E+00,+0.00E+00,+0.05E+00,+0.00E+00,+15.41E+00,-1.98E+00,-13.80E+00,-1.061E+00
2,05/2/2026,18:37:26.960,-0.09E+00,-0.05E+00,+0.00E+00,+0.00E+00,+15.49E+00,-2.27E+00,-13.58E+00,-1.198E+00
2,05/2/2026,18:37:26.960,-0.09E+00,-0.05E+00,+0.00E+00,+0.00E+00,+15.58E+00,-2.55E+00,-13.40E+00,-1.343E+00
2,05/2/2026,18:37:26.960,-0.09E+00,-0.05E+00,+0.05E+00,+0.00E+00,+15.67E+00,-2.84E+00,-13.20E+00,-1.480E+00
2,05/2/2026,18:37:26.960,-0.09E+00,-0.05E+00,+0.05E+00,+0.00E+00,+15.75E+00,-3.13E+00,-13.00E+00,-1.618E+00
2,05/2/2026,18:37:26.960,-0.09E+00,-0.05E+00,+0.05E+00,+0.00E+00,+15.84E+00,-3.40E+00,-12.80E+00,-1.763E+00
2,05/2/2026,18:37:26.960,-0.09E+00,-0.05E+00,+0.00E+00,+0.00E+00,+15.92E+00,-3.68E+00,-12.60E+00,-1.900E+00
2,05/2/2026,18:37:26.960,-0.09E+00,-0.05E+00,+0.00E+00,+0.00E+00,+15.99E+00,-3.95E+00,-12.41E+00,-2.037E+00
2,05/2/2026,18:37:26.960,-0.09E+00,-0.05E+00,+0.05E+00,+0.00E+00,+16.05E+00,-4.23E+00,-12.19E+00,-2.167E+00
2,05/2/2026,18:37:26.960,-0.09E+00,-0.05E+00,+0.00E+00,-0.05E+00,+16.11E+00,-4.50E+00,-11.98E+00,-2.304E+00
2,05/2/2026,18:37:26.960,-0.09E+00,-0.05E+00,+0.00E+00,-0.05E+00,+16.18E+00,-4.78E+00,-11.77E+00,-2.442E+00
2,05/2/2026,18:37:26.960,-0.09E+00,-0.05E+00,+0.05E+00,+0.00E+00,+16.24E+00,-5.07E+00,-11.55E+00,-2.579E+00
2,05/2/2026,18:37:26.960,-0.09E+00,-0.05E+00,+0.00E+00,-0.05E+00,+16.30E+00,-5.33E+00,-11.34E+00,-2.709E+00
2,05/2/2026,18:37:26.960,-0.09E+00,-0.05E+00,+0.00E+00,-0.05E+00,+16.36E+00,-5.60E+00,-11.12E+00,-2.846E+00
2,05/2/2026,18:37:26.960,-0.09E+00,-0.05E+00,+0.05E+00,+0.00E+00,+16.40E+00,-5.86E+00,-10.91E+00,-2.983E+00
2,05/2/2026,18:37:26.960,-0.05E+00,-0.05E+00,+0.05E+00,+0.00E+00,+16.45E+00,-6.13E+00,-10.68E+00,-3.113E+00
2,05/2/2026,18:37:26.960,-0.09E+00,-0.05E+00,+0.00E+00,+0.00E+00,+16.50E+00,-6.39E+00,-10.48E+00,-3.243E+00
2,05/2/2026,18:37:26.960,-0.09E+00,-0.05E+00,+0.05E+00,+0.00E+00,+16.54E+00,-6.65E+00,-10.25E+00,-3.373E+00
2,05/2/2026,18:37:26.960,-0.09E+00,-0.05E+00,+0.05E+00,+0.00E+00,+16.59E+00,-6.91E+00,-10.04E+00,-3.495E+00
2,05/2/2026,18:37:26.960,-0.09E+00,-0.05E+00,+0.05E+00,+0.00E+00,+16.63E+00,-7.17E+00,-9.83E+00,-3.624E+00
2,05/2/2026,18:37:26.960,-0.09E+00,-0.05E+00,+0.00E+00,+0.00E+00,+16.66E+00,-7.42E+00,-9.61E+00,-3.746E+00
2,05/2/2026,18:37:26.961,-0.09E+00,-0.05E+00,+0.00E+00,+0.00E+00,+16.69E+00,-7.68E+00,-9.40E+00,-3.868E+00
2,05/2/2026,18:37:26.961,-0.09E+00,-0.05E+00,+0.05E+00,+0.00E+00,+16.73E+00,-7.90E+00,-9.19E+00,-3.991E+00
2,05/2/2026,18:37:26.961,-0.09E+00,-0.05E+00,+0.05E+00,-0.05E+00,+16.76E+00,-8.16E+00,-8.96E+00,-4.113E+00
2,05/2/2026,18:37:26.961,-0.05E+00,-0.05E+00,+0.05E+00,-0.05E+00,+16.77E+00,-8.41E+00,-8.74E+00,-4.235E+00
2,05/2/2026,18:37:26.961,-0.05E+00,-0.05E+00,+0.00E+00,+0.00E+00,+16.80E+00,-8.65E+00,-8.52E+00,-4.357E+00
2,05/2/2026,18:37:26.961,-0.09E+00,-0.05E+00,+0.00E+00,+0.00E+00,+16.82E+00,-8.90E+00,-8.29E+00,-4.479E+00
2,05/2/2026,18:37:26.961,-0.09E+00,-0.05E+00,+0.05E+00,+0.00E+00,+16.83E+00,-9.16E+00,-8.06E+00,-4.601E+00
2,05/2/2026,18:37:26.961,-0.09E+00,-0.05E+00,+0.05E+00,-0.05E+00,+16.85E+00,-9.40E+00,-7.83E+00,-4.723E+00
2,05/2/2026,18:37:26.961,-0.09E+00,-0.05E+00,+0.00E+00,-0.05E+00,+16.86E+00,-9.63E+00,-7.58E+00,-4.845E+00
2,05/2/2026,18:37:26.961,-0.09E+00,-0.05E+00,+0.05E+00,+0.00E+00,+16.86E+00,-9.89E+00,-7.36E+00,-4.960E+00
2,05/2/2026,18:37:26.961,-0.09E+00,-0.05E+00,+0.05E+00,+0.00E+00,+16.86E+00,-10.12E+00,-7.11E+00,-5.082E+00
2,05/2/2026,18:37:26.961,-0.09E+00,-0.05E+00,+0.05E+00,-0.05E+00,+16.88E+00,-10.35E+00,-6.88E+00,-5.196E+00
2,05/2/2026,18:37:26.961,-0.09E+00,-0.05E+00,+0.05E+00,+0.00E+00,+16.88E+00,-10.59E+00,-6.65E+00,-5.311E+00
2,05/2/2026,18:37:26.961,-0.09E+00,-0.05E+00,+0.00E+00,+0.00E+00,+16.86E+00,-10.83E+00,-6.42E+00,-5.425E+00
2,05/2/2026,18:37:26.961,-0.09E+00,-0.05E+00,+0.00E+00,+0.00E+00,+16.86E+00,-11.06E+00,-6.18E+00,-5.539E+00
2,05/2/2026,18:37:26.961,-0.09E+00,-0.05E+00,+0.05E+00,+0.00E+00,+16.86E+00,-11.29E+00,-5.94E+00,-5.662E+00
2,05/2/2026,18:37:26.961,-0.09E+00,-0.05E+00,+0.00E+00,+0.00E+00,+16.86E+00,-11.54E+00,-5.69E+00,-5.776E+00
2,05/2/2026,18:37:26.961,-0.09E+00,-0.05E+00,+0.00E+00,+0.00E+00,+16.85E+00,-11.77E+00,-5.45E+00,-5.890E+00
2,05/2/2026,18:37:26.961,-0.09E+00,-0.05E+00,+0.00E+00,+0.00E+00,+16.83E+00,-11.98E+00,-5.20E+00,-5.997E+00
2,05/2/2026,18:37:26.961,-0.09E+00,-0.05E+00,+0.05E+00,+0.00E+00,+16.82E+00,-12.21E+00,-4.97E+00,-6.112E+00
2,05/2/2026,18:37:26.962,-0.09E+00,-0.05E+00,+0.05E+00,+0.00E+00,+16.79E+00,-12.42E+00,-4.73E+00,-6.211E+00
2,05/2/2026,18:37:26.962,-0.09E+00,-0.05E+00,+0.00E+00,+0.00E+00,+16.74E+00,-12.64E+00,-4.49E+00,-6.318E+00
2,05/2/2026,18:37:26.962,-0.09E+00,-0.05E+00,+0.05E+00,+0.00E+00,+16.69E+00,-12.83E+00,-4.24E+00,-6.409E+00
2,05/2/2026,18:37:26.962,-0.09E+00,-0.05E+00,+0.05E+00,-0.05E+00,+16.65E+00,-13.02E+00,-4.00E+00,-6.501E+00
2,05/2/2026,18:37:26.962,-0.09E+00,-0.05E+00,+0.05E+00,-0.05E+00,+16.57E+00,-13.18E+00,-3.75E+00,-6.592E+00
2,05/2/2026,18:37:26.962,-0.09E+00,-0.05E+00,+0.05E+00,+0.00E+00,+16.50E+00,-13.37E+00,-3.49E+00,-6.676E+00
2,05/2/2026,18:37:26.962,-0.09E+00,-0.05E+00,+0.05E+00,-0.05E+00,+16.40E+00,-13.54E+00,-3.25E+00,-6.753E+00
2,05/2/2026,18:37:26.962,-0.09E+00,-0.05E+00,+0.00E+00,-0.05E+00,+16.31E+00,-13.69E+00,-2.99E+00,-6.837E+00
2,05/2/2026,18:37:26.962,-0.09E+00,-0.05E+00,+0.05E+00,+0.00E+00,+16.22E+00,-13.84E+00,-2.73E+00,-6.913E+00
2,05/2/2026,18:37:26.962,-0.05E+00,-0.05E+00,+0.05E+00,+0.00E+00,+16.11E+00,-13.99E+00,-2.47E+00,-6.989E+00
2,05/2/2026,18:37:26.962,-0.09E+00,-0.05E+00,+0.05E+00,+0.00E+00,+15.99E+00,-14.15E+00,-2.21E+00,-7.065E+00
2,05/2/2026,18:37:26.962,-0.09E+00,-0.05E+00,+0.05E+00,-0.05E+00,+15.89E+00,-14.30E+00,-1.94E+00,-7.134E+00
2,05/2/2026,18:37:26.962,-0.09E+00,-0.05E+00,+0.05E+00,-0.05E+00,+15.75E+00,-14.45E+00,-1.68E+00,-7.203E+00
2,05/2/2026,18:37:26.962,-0.09E+00,-0.05E+00,+0.05E+00,+0.00E+00,+15.63E+00,-14.59E+00,-1.40E+00,-7.271E+00
2,05/2/2026,18:37:26.962,-0.09E+00,-0.05E+00,+0.05E+00,+0.00E+00,+15.49E+00,-14.73E+00,-1.13E+00,-7.340E+00
2,05/2/2026,18:37:26.962,-0.09E+00,-0.05E+00,+0.05E+00,+0.00E+00,+15.35E+00,-14.86E+00,-0.85E+00,-7.409E+00
2,05/2/2026,18:37:26.962,-0.09E+00,-0.05E+00,+0.05E+00,-0.05E+00,+15.21E+00,-15.00E+00,-0.58E+00,-7.470E+00
2,05/2/2026,18:37:26.962,-0.09E+00,-0.05E+00,+0.05E+00,+0.00E+00,+15.08E+00,-15.12E+00,-0.31E+00,-7.531E+00
2,05/2/2026,18:37:26.962,-0.05E+00,-0.05E+00,+0.05E+00,+0.00E+00,+14.91E+00,-15.24E+00,-0.03E+00,-7.592E+00
2,05/2/2026,18:37:26.962,-0.05E+00,-0.05E+00,+0.05E+00,+0.00E+00,+14.76E+00,-15.37E+00,+0.24E+00,-7.653E+00
2,05/2/2026,18:37:26.963,-0.09E+00,-0.05E+00,+0.00E+00,+0.00E+00,+14.59E+00,-15.47E+00,+0.52E+00,-7.706E+00
2,05/2/2026,18:37:26.963,-0.09E+00,-0.05E+00,+0.05E+00,-0.05E+00,+14.42E+00,-15.58E+00,+0.79E+00,-7.760E+00
2,05/2/2026,18:37:26.963,-0.09E+00,-0.05E+00,+0.05E+00,+0.00E+00,+14.24E+00,-15.69E+00,+1.08E+00,-7.806E+00
2,05/2/2026,18:37:26.963,-0.09E+00,-0.05E+00,+0.05E+00,+0.00E+00,+14.07E+00,-15.78E+00,+1.36E+00,-7.851E+00
2,05/2/2026,18:37:26.963,-0.09E+00,-0.05E+00,+0.00E+00,+0.00E+00,+13.87E+00,-15.87E+00,+1.63E+00,-7.897E+00
2,05/2/2026,18:37:26.963,-0.09E+00,-0.05E+00,+0.05E+00,-0.05E+00,+13.69E+00,-15.96E+00,+1.92E+00,-7.943E+00
2,05/2/2026,18:37:26.963,-0.09E+00,-0.05E+00,+0.05E+00,+0.00E+00,+13.49E+00,-16.05E+00,+2.20E+00,-7.981E+00
2,05/2/2026,18:37:26.963,-0.09E+00,-0.05E+00,+0.05E+00,+0.00E+00,+13.31E+00,-16.15E+00,+2.47E+00,-8.027E+00
2,05/2/2026,18:37:26.963,-0.05E+00,-0.05E+00,+0.05E+00,+0.00E+00,+13.11E+00,-16.22E+00,+2.75E+00,-8.073E+00
2,05/2/2026,18:37:26.963,-0.09E+00,-0.05E+00,+0.05E+00,-0.05E+00,+12.91E+00,-16.31E+00,+3.04E+00,-8.111E+00
2,05/2/2026,18:37:26.963,-0.09E+00,-0.05E+00,+0.05E+00,+0.00E+00,+12.71E+00,-16.39E+00,+3.31E+00,-8.141E+00
2,05/2/2026,18:37:26.963,-0.09E+00,-0.05E+00,+0.05E+00,+0.00E+00,+12.51E+00,-16.47E+00,+3.59E+00,-8.179E+00
2,05/2/2026,18:37:26.963,-0.09E+00,-0.05E+00,+0.05E+00,+0.00E+00,+12.31E+00,-16.53E+00,+3.86E+00,-8.218E+00
2,05/2/2026,18:37:26.963,-0.09E+00,-0.05E+00,+0.00E+00,+0.00E+00,+12.12E+00,-16.60E+00,+4.12E+00,-8.248E+00
2,05/2/2026,18:37:26.963,-0.09E+00,-0.05E+00,+0.05E+00,+0.00E+00,+11.92E+00,-16.66E+00,+4.39E+00,-8.279E+00
2,05/2/2026,18:37:26.963,-0.09E+00,-0.05E+00,+0.05E+00,+0.00E+00,+11.70E+00,-16.74E+00,+4.65E+00,-8.309E+00
2,05/2/2026,18:37:26.963,-0.09E+00,-0.05E+00,+0.00E+00,+0.00E+00,+11.51E+00,-16.80E+00,+4.93E+00,-8.340E+00
2,05/2/2026,18:37:26.963,-0.09E+00,-0.05E+00,+0.00E+00,+0.00E+00,+11.31E+00,-16.86E+00,+5.19E+00,-8.370E+00
2,05/2/2026,18:37:26.963,-0.09E+00,-0.05E+00,+0.05E+00,+0.00E+00,+11.09E+00,-16.92E+00,+5.45E+00,-8.393E+00
2,05/2/2026,18:37:26.963,-0.09E+00,-0.05E+00,+0.00E+00,+0.00E+00,+10.90E+00,-16.97E+00,+5.71E+00,-8.424E+00
2,05/2/2026,18:37:26.964,-0.09E+00,-0.05E+00,+0.00E+00,+0.00E+00,+10.68E+00,-17.02E+00,+5.97E+00,-8.447E+00
2,05/2/2026,18:37:26.964,-0.09E+00,-0.05E+00,+0.05E+00,+0.00E+00,+10.47E+00,-17.06E+00,+6.23E+00,-8.462E+00
2,05/2/2026,18:37:26.964,-0.09E+00,-0.05E+00,+0.05E+00,+0.00E+00,+10.25E+00,-17.11E+00,+6.49E+00,-8.485E+00
2,05/2/2026,18:37:26.964,-0.09E+00,-0.05E+00,+0.05E+00,+0.00E+00,+10.06E+00,-17.15E+00,+6.73E+00,-8.500E+00
2,05/2/2026,18:37:26.964,-0.09E+00,-0.05E+00,+0.00E+00,+0.00E+00,+9.84E+00,-17.18E+00,+6.99E+00,-8.515E+00
2,05/2/2026,18:37:26.964,-0.09E+00,-0.05E+00,+0.05E+00,+0.00E+00,+9.63E+00,-17.21E+00,+7.22E+00,-8.538E+00
2,05/2/2026,18:37:26.964,-0.09E+00,-0.05E+00,+0.05E+00,-0.05E+00,+9.43E+00,-17.26E+00,+7.46E+00,-8.553E+00
2,05/2/2026,18:37:26.964,-0.09E+00,-0.05E+00,+0.00E+00,+0.00E+00,+9.22E+00,-17.29E+00,+7.71E+00,-8.561E+00
2,05/2/2026,18:37:26.964,-0.09E+00,-0.05E+00,+0.05E+00,+0.00E+00,+9.02E+00,-17.31E+00,+7.94E+00,-8.576E+00
2,05/2/2026,18:37:26.964,-0.09E+00,-0.05E+00,+0.05E+00,+0.00E+00,+8.82E+00,-17.34E+00,+8.15E+00,-8.591E+00
2,05/2/2026,18:37:26.964,-0.09E+00,-0.05E+00,+0.00E+00,+0.00E+00,+8.61E+00,-17.37E+00,+8.39E+00,-8.599E+00
2,05/2/2026,18:37:26.964,-0.09E+00,-0.05E+00,+0.00E+00,-0.05E+00,+8.39E+00,-17.38E+00,+8.64E+00,-8.607E+00
2,05/2/2026,18:37:26.964,-0.09E+00,-0.05E+00,+0.00E+00,-0.05E+00,+8.16E+00,-17.41E+00,+8.88E+00,-8.622E+00
2,05/2/2026,18:37:26.964,-0.09E+00,-0.05E+00,+0.00E+00,+0.00E+00,+7.95E+00,-17.43E+00,+9.11E+00,-8.622E+00
2,05/2/2026,18:37:26.964,-0.09E+00,-0.05E+00,+0.05E+00,-0.05E+00,+7.72E+00,-17.43E+00,+9.35E+00,-8.630E+00
2,05/2/2026,18:37:26.964,-0.09E+00,-0.05E+00,+0.00E+00,-0.05E+00,+7.49E+00,-17.44E+00,+9.60E+00,-8.637E+00
2,05/2/2026,18:37:26.964,-0.09E+00,-0.05E+00,+0.00E+00,-0.05E+00,+7.26E+00,-17.46E+00,+9.84E+00,-8.637E+00
2,05/2/2026,18:37:26.964,-0.09E+00,-0.05E+00,+0.05E+00,+0.00E+00,+7.03E+00,-17.47E+00,+10.09E+00,-8.637E+00
2,05/2/2026,18:37:26.964,-0.09E+00,-0.05E+00,+0.00E+00,+0.00E+00,+6.81E+00,-17.47E+00,+10.30E+00,-8.645E+00
2,05/2/2026,18:37:26.964,-0.09E+00,-0.05E+00,+0.00E+00,+0.00E+00,+6.58E+00,-17.47E+00,+10.53E+00,-8.645E+00
2,05/2/2026,18:37:26.965,-0.09E+00,-0.05E+00,+0.05E+00,+0.00E+00,+6.35E+00,-17.47E+00,+10.77E+00,-8.637E+00
2,05/2/2026,18:37:26.965,-0.09E+00,-0.05E+00,+0.00E+00,+0.00E+00,+6.10E+00,-17.47E+00,+11.00E+00,-8.637E+00
2,05/2/2026,18:37:26.965,-0.09E+00,-0.05E+00,+0.00E+00,+0.00E+00,+5.88E+00,-17.47E+00,+11.25E+00,-8.637E+00
2,05/2/2026,18:37:26.965,-0.09E+00,-0.05E+00,+0.05E+00,+0.00E+00,+5.63E+00,-17.46E+00,+11.48E+00,-8.630E+00
2,05/2/2026,18:37:26.965,-0.09E+00,-0.05E+00,+0.05E+00,-0.05E+00,+5.39E+00,-17.44E+00,+11.70E+00,-8.622E+00
2,05/2/2026,18:37:26.965,-0.14E+00,-0.05E+00,+0.05E+00,+0.00E+00,+5.16E+00,-17.43E+00,+11.92E+00,-8.614E+00
2,05/2/2026,18:37:26.965,-0.09E+00,-0.05E+00,+0.00E+00,+0.00E+00,+4.93E+00,-17.40E+00,+12.12E+00,-8.599E+00
2,05/2/2026,18:37:26.965,-0.09E+00,-0.05E+00,+0.05E+00,+0.00E+00,+4.68E+00,-17.37E+00,+12.33E+00,-8.576E+00
2,05/2/2026,18:37:26.965,-0.05E+00,-0.05E+00,+0.05E+00,+0.00E+00,+4.46E+00,-17.32E+00,+12.51E+00,-8.553E+00
2,05/2/2026,18:37:26.965,-0.09E+00,-0.05E+00,+0.05E+00,+0.00E+00,+4.21E+00,-17.26E+00,+12.70E+00,-8.523E+00
2,05/2/2026,18:37:26.965,-0.09E+00,-0.05E+00,+0.00E+00,-0.05E+00,+3.97E+00,-17.20E+00,+12.86E+00,-8.492E+00
2,05/2/2026,18:37:26.965,-0.09E+00,-0.05E+00,+0.05E+00,+0.00E+00,+3.71E+00,-17.11E+00,+13.03E+00,-8.439E+00
2,05/2/2026,18:37:26.965,-0.05E+00,-0.05E+00,+0.05E+00,+0.00E+00,+3.46E+00,-17.02E+00,+13.18E+00,-8.393E+00
2,05/2/2026,18:37:26.965,-0.09E+00,-0.05E+00,+0.05E+00,+0.00E+00,+3.20E+00,-16.91E+00,+13.34E+00,-8.332E+00
2,05/2/2026,18:37:26.965,-0.09E+00,-0.05E+00,+0.00E+00,+0.00E+00,+2.95E+00,-16.79E+00,+13.49E+00,-8.279E+00
2,05/2/2026,18:37:26.965,-0.09E+00,-0.05E+00,+0.05E+00,+0.00E+00,+2.69E+00,-16.68E+00,+13.63E+00,-8.218E+00
2,05/2/2026,18:37:26.965,-0.09E+00,-0.05E+00,+0.05E+00,+0.00E+00,+2.43E+00,-16.56E+00,+13.76E+00,-8.157E+00
2,05/2/2026,18:37:26.965,-0.09E+00,-0.05E+00,+0.00E+00,+0.00E+00,+2.17E+00,-16.42E+00,+13.90E+00,-8.088E+00
2,05/2/2026,18:37:26.965,-0.09E+00,-0.05E+00,+0.00E+00,+0.00E+00,+1.89E+00,-16.28E+00,+14.02E+00,-8.019E+00
2,05/2/2026,18:37:26.965,-0.09E+00,-0.05E+00,+0.05E+00,+0.00E+00,+1.63E+00,-16.15E+00,+14.16E+00,-7.951E+00
2,05/2/2026,18:37:26.966,-0.09E+00,-0.05E+00,+0.05E+00,+0.00E+00,+1.34E+00,-16.01E+00,+14.28E+00,-7.882E+00
2,05/2/2026,18:37:26.966,-0.09E+00,-0.05E+00,+0.05E+00,+0.00E+00,+1.05E+00,-15.86E+00,+14.41E+00,-7.798E+00
2,05/2/2026,18:37:26.966,-0.09E+00,-0.05E+00,+0.05E+00,+0.00E+00,+0.78E+00,-15.69E+00,+14.53E+00,-7.722E+00
2,05/2/2026,18:37:26.966,-0.09E+00,-0.05E+00,+0.00E+00,+0.00E+00,+0.50E+00,-15.53E+00,+14.65E+00,-7.638E+00
2,05/2/2026,18:37:26.966,-0.09E+00,-0.05E+00,+0.00E+00,+0.00E+00,+0.23E+00,-15.37E+00,+14.76E+00,-7.554E+00
2,05/2/2026,18:37:26.966,-0.09E+00,-0.05E+00,+0.05E+00,-0.05E+00,-0.05E+00,-15.20E+00,+14.86E+00,-7.470E+00
2,05/2/2026,18:37:26.966,-0.09E+00,-0.05E+00,+0.05E+00,-0.05E+00,-0.32E+00,-15.02E+00,+14.97E+00,-7.386E+00
2,05/2/2026,18:37:26.966,-0.09E+00,-0.05E+00,+0.05E+00,-0.05E+00,-0.61E+00,-14.85E+00,+15.09E+00,-7.294E+00
2,05/2/2026,18:37:26.966,-0.09E+00,-0.05E+00,+0.05E+00,+0.00E+00,-0.89E+00,-14.68E+00,+15.18E+00,-7.210E+00
2,05/2/2026,18:37:26.966,-0.09E+00,-0.05E+00,+0.05E+00,+0.00E+00,-1.18E+00,-14.50E+00,+15.29E+00,-7.119E+00
2,05/2/2026,18:37:26.966,-0.09E+00,-0.05E+00,+0.05E+00,+0.00E+00,-1.45E+00,-14.31E+00,+15.38E+00,-7.027E+00
2,05/2/2026,18:37:26.966,-0.09E+00,-0.05E+00,+0.00E+00,+0.00E+00,-1.74E+00,-14.12E+00,+15.49E+00,-6.928E+00
2,05/2/2026,18:37:26.966,-0.09E+00,-0.05E+00,+0.00E+00,+0.00E+00,-2.03E+00,-13.93E+00,+15.58E+00,-6.829E+00
2,05/2/2026,18:37:26.966,-0.09E+00,-0.05E+00,+0.05E+00,+0.00E+00,-2.30E+00,-13.73E+00,+15.67E+00,-6.737E+00
2,05/2/2026,18:37:26.966,-0.09E+00,-0.05E+00,+0.05E+00,+0.00E+00,-2.59E+00,-13.55E+00,+15.76E+00,-6.638E+00
2,05/2/2026,18:37:26.966,-0.09E+00,-0.05E+00,+0.05E+00,+0.00E+00,-2.87E+00,-13.35E+00,+15.84E+00,-6.547E+00
2,05/2/2026,18:37:26.966,-0.09E+00,-0.05E+00,+0.05E+00,+0.00E+00,-3.14E+00,-13.15E+00,+15.92E+00,-6.447E+00
2,05/2/2026,18:37:26.966,-0.09E+00,-0.05E+00,+0.05E+00,+0.00E+00,-3.40E+00,-12.96E+00,+15.99E+00,-6.348E+00
2,05/2/2026,18:37:26.966,-0.09E+00,-0.05E+00,+0.05E+00,+0.00E+00,-3.68E+00,-12.76E+00,+16.05E+00,-6.249E+00
2,05/2/2026,18:37:26.966,-0.09E+00,-0.05E+00,+0.05E+00,+0.00E+00,-3.94E+00,-12.56E+00,+16.11E+00,-6.142E+00
2,05/2/2026,18:37:26.967,-0.09E+00,-0.05E+00,+0.05E+00,+0.00E+00,-4.21E+00,-12.35E+00,+16.19E+00,-6.043E+00
2,05/2/2026,18:37:26.967,-0.09E+00,-0.05E+00,+0.05E+00,+0.00E+00,-4.47E+00,-12.15E+00,+16.24E+00,-5.944E+00
2,05/2/2026,18:37:26.967,-0.09E+00,-0.05E+00,+0.00E+00,+0.00E+00,-4.73E+00,-11.95E+00,+16.30E+00,-5.837E+00
2,05/2/2026,18:37:26.967,-0.09E+00,-0.05E+00,+0.05E+00,+0.00E+00,-4.99E+00,-11.74E+00,+16.36E+00,-5.738E+00
2,05/2/2026,18:37:26.967,-0.09E+00,-0.05E+00,+0.05E+00,+0.00E+00,-5.25E+00,-11.52E+00,+16.40E+00,-5.631E+00
2,05/2/2026,18:37:26.967,-0.09E+00,-0.05E+00,+0.00E+00,+0.00E+00,-5.51E+00,-11.32E+00,+16.45E+00,-5.524E+00
2,05/2/2026,18:37:26.967,-0.09E+00,-0.05E+00,+0.05E+00,+0.00E+00,-5.75E+00,-11.11E+00,+16.50E+00,-5.425E+00
2,05/2/2026,18:37:26.967,-0.09E+00,-0.05E+00,+0.00E+00,+0.00E+00,-6.01E+00,-10.91E+00,+16.54E+00,-5.318E+00
2,05/2/2026,18:37:26.967,-0.09E+00,-0.05E+00,+0.00E+00,+0.00E+00,-6.26E+00,-10.70E+00,+16.59E+00,-5.211E+00
2,05/2/2026,18:37:26.967,-0.09E+00,-0.05E+00,+0.05E+00,-0.05E+00,-6.50E+00,-10.48E+00,+16.62E+00,-5.105E+00
2,05/2/2026,18:37:26.967,-0.09E+00,-0.05E+00,+0.05E+00,+0.00E+00,-6.75E+00,-10.27E+00,+16.66E+00,-5.005E+00
2,05/2/2026,18:37:26.967,-0.09E+00,-0.05E+00,+0.05E+00,+0.00E+00,-6.99E+00,-10.07E+00,+16.69E+00,-4.899E+00
2,05/2/2026,18:37:26.967,-0.09E+00,-0.05E+00,+0.05E+00,+0.00E+00,-7.25E+00,-9.87E+00,+16.73E+00,-4.792E+00
2,05/2/2026,18:37:26.967,-0.09E+00,-0.05E+00,+0.05E+00,-0.05E+00,-7.49E+00,-9.64E+00,+16.76E+00,-4.685E+00
2,05/2/2026,18:37:26.967,-0.09E+00,-0.05E+00,+0.05E+00,-0.05E+00,-7.72E+00,-9.43E+00,+16.79E+00,-4.578E+00
2,05/2/2026,18:37:26.967,-0.09E+00,-0.05E+00,+0.00E+00,-0.05E+00,-7.97E+00,-9.22E+00,+16.80E+00,-4.464E+00
2,05/2/2026,18:37:26.967,-0.09E+00,-0.05E+00,+0.00E+00,+0.00E+00,-8.19E+00,-8.99E+00,+16.83E+00,-4.357E+00
2,05/2/2026,18:37:26.967,-0.09E+00,-0.05E+00,+0.05E+00,+0.00E+00,-8.45E+00,-8.77E+00,+16.85E+00,-4.242E+00
2,05/2/2026,18:37:26.967,-0.09E+00,-0.05E+00,+0.05E+00,+0.00E+00,-8.68E+00,-8.55E+00,+16.86E+00,-4.136E+00
2,05/2/2026,18:37:26.968,-0.09E+00,-0.05E+00,+0.05E+00,-0.05E+00,-8.93E+00,-8.32E+00,+16.88E+00,-4.021E+00
2,05/2/2026,18:37:26.968,-0.09E+00,-0.05E+00,+0.00E+00,-0.05E+00,-9.17E+00,-8.09E+00,+16.88E+00,-3.907E+00
2,05/2/2026,18:37:26.968,-0.09E+00,-0.05E+00,+0.00E+00,+0.00E+00,-9.40E+00,-7.86E+00,+16.89E+00,-3.792E+00
2,05/2/2026,18:37:26.968,-0.09E+00,-0.05E+00,+0.00E+00,+0.00E+00,-9.64E+00,-7.63E+00,+16.91E+00,-3.678E+00
2,05/2/2026,18:37:26.968,-0.09E+00,-0.05E+00,+0.05E+00,+0.00E+00,-9.89E+00,-7.40E+00,+16.91E+00,-3.563E+00
2,05/2/2026,18:37:26.968,-0.09E+00,-0.05E+00,+0.05E+00,+0.00E+00,-10.12E+00,-7.16E+00,+16.92E+00,-3.449E+00
2,05/2/2026,18:37:26.968,-0.09E+00,-0.05E+00,+0.05E+00,+0.00E+00,-10.36E+00,-6.93E+00,+16.92E+00,-3.327E+00
2,05/2/2026,18:37:26.968,-0.09E+00,-0.05E+00,+0.05E+00,+0.00E+00,-10.61E+00,-6.68E+00,+16.92E+00,-3.205E+00
2,05/2/2026,18:37:26.968,-0.09E+00,-0.05E+00,+0.05E+00,+0.00E+00,-10.83E+00,-6.46E+00,+16.91E+00,-3.090E+00
2,05/2/2026,18:37:26.968,-0.09E+00,-0.05E+00,+0.05E+00,+0.00E+00,-11.06E+00,-6.21E+00,+16.91E+00,-2.968E+00
2,05/2/2026,18:37:26.968,-0.09E+00,-0.05E+00,+0.05E+00,-0.05E+00,-11.31E+00,-5.97E+00,+16.91E+00,-2.846E+00
2,05/2/2026,18:37:26.968,-0.09E+00,-0.05E+00,+0.05E+00,+0.00E+00,-11.54E+00,-5.72E+00,+16.89E+00,-2.732E+00
2,05/2/2026,18:37:26.968,-0.09E+00,-0.05E+00,+0.05E+00,+0.00E+00,-11.77E+00,-5.48E+00,+16.89E+00,-2.617E+00
2,05/2/2026,18:37:26.968,-0.09E+00,-0.05E+00,+0.00E+00,+0.00E+00,-11.98E+00,-5.25E+00,+16.86E+00,-2.495E+00
2,05/2/2026,18:37:26.968,-0.14E+00,-0.05E+00,+0.00E+00,-0.05E+00,-12.19E+00,-5.02E+00,+16.85E+00,-2.373E+00
2,05/2/2026,18:37:26.968,-0.09E+00,-0.05E+00,+0.00E+00,+0.00E+00,-12.41E+00,-4.78E+00,+16.82E+00,-2.259E+00
2,05/2/2026,18:37:26.968,-0.09E+00,-0.05E+00,+0.00E+00,+0.00E+00,-12.62E+00,-4.53E+00,+16.77E+00,-2.136E+00
2,05/2/2026,18:37:26.968,-0.09E+00,-0.05E+00,+0.05E+00,+0.00E+00,-12.82E+00,-4.27E+00,+16.73E+00,-2.014E+00
2,05/2/2026,18:37:26.968,-0.09E+00,-0.05E+00,+0.05E+00,-0.05E+00,-13.02E+00,-4.03E+00,+16.66E+00,-1.885E+00
2,05/2/2026,18:37:26.968,-0.09E+00,-0.05E+00,+0.00E+00,+0.00E+00,-13.18E+00,-3.78E+00,+16.60E+00,-1.763E+00
2,05/2/2026,18:37:26.969,-0.09E+00,-0.05E+00,+0.00E+00,-0.05E+00,-13.35E+00,-3.51E+00,+16.51E+00,-1.633E+00
2,05/2/2026,18:37:26.969,-0.09E+00,+0.00E+00,+0.00E+00,-0.05E+00,-13.52E+00,-3.25E+00,+16.40E+00,-1.495E+00
2,05/2/2026,18:37:26.969,-0.09E+00,-0.05E+00,+0.05E+00,-0.05E+00,-13.67E+00,-2.99E+00,+16.28E+00,-1.366E+00
2,05/2/2026,18:37:26.969,-0.09E+00,-0.05E+00,+0.05E+00,-0.05E+00,-13.81E+00,-2.72E+00,+16.16E+00,-1.236E+00
2,05/2/2026,18:37:26.969,-0.09E+00,-0.05E+00,+0.05E+00,-0.05E+00,-13.95E+00,-2.44E+00,+16.04E+00,-1.099E+00
2,05/2/2026,18:37:26.969,-0.09E+00,-0.05E+00,+0.05E+00,+0.00E+00,-14.09E+00,-2.18E+00,+15.90E+00,-0.961E+00
2,05/2/2026,18:37:26.969,-0.09E+00,-0.05E+00,+0.05E+00,-0.05E+00,-14.22E+00,-1.91E+00,+15.76E+00,-0.832E+00
2,05/2/2026,18:37:26.969,-0.09E+00,-0.05E+00,+0.05E+00,-0.05E+00,-14.36E+00,-1.63E+00,+15.63E+00,-0.694E+00
2,05/2/2026,18:37:26.969,-0.09E+00,-0.05E+00,+0.05E+00,+0.00E+00,-14.48E+00,-1.37E+00,+15.49E+00,-0.565E+00
2,05/2/2026,18:37:26.969,-0.09E+00,-0.05E+00,+0.00E+00,+0.00E+00,-14.62E+00,-1.10E+00,+15.35E+00,-0.427E+00
2,05/2/2026,18:37:26.969,-0.09E+00,-0.05E+00,+0.00E+00,-0.05E+00,-14.74E+00,-0.82E+00,+15.20E+00,-0.298E+00
2,05/2/2026,18:37:26.969,-0.09E+00,-0.05E+00,+0.05E+00,+0.00E+00,-14.86E+00,-0.56E+00,+15.06E+00,-0.160E+00
2,05/2/2026,18:37:26.969,-0.09E+00,-0.05E+00,+0.00E+00,+0.00E+00,-14.97E+00,-0.31E+00,+14.91E+00,-0.031E+00
2,05/2/2026,18:37:26.969,-0.09E+00,-0.05E+00,+0.00E+00,+0.00E+00,-15.08E+00,-0.03E+00,+14.76E+00,+0.099E+00
2,05/2/2026,18:37:26.969,-0.09E+00,-0.05E+00,+0.05E+00,+0.00E+00,-15.17E+00,+0.24E+00,+14.59E+00,+0.229E+00
2,05/2/2026,18:37:26.969,-0.09E+00,-0.05E+00,+0.05E+00,-0.05E+00,-15.28E+00,+0.50E+00,+14.39E+00,+0.366E+00
2,05/2/2026,18:37:26.969,-0.09E+00,-0.05E+00,+0.00E+00,+0.00E+00,-15.37E+00,+0.76E+00,+14.22E+00,+0.504E+00
2,05/2/2026,18:37:26.969,-0.09E+00,-0.05E+00,+0.05E+00,+0.00E+00,-15.44E+00,+1.05E+00,+14.04E+00,+0.641E+00
2,05/2/2026,18:37:26.969,-0.09E+00,-0.05E+00,+0.05E+00,+0.00E+00,-15.53E+00,+1.34E+00,+13.84E+00,+0.778E+00
2,05/2/2026,18:37:26.969,-0.09E+00,-0.05E+00,+0.05E+00,+0.00E+00,-15.61E+00,+1.62E+00,+13.64E+00,+0.923E+00
2,05/2/2026,18:37:26.970,-0.09E+00,-0.05E+00,+0.05E+00,+0.00E+00,-15.70E+00,+1.91E+00,+13.44E+00,+1.061E+00
2,05/2/2026,18:37:26.970,-0.09E+00,-0.05E+00,+0.05E+00,+0.00E+00,-15.79E+00,+2.18E+00,+13.25E+00,+1.206E+00
2,05/2/2026,18:37:26.970,-0.09E+00,-0.05E+00,+0.00E+00,+0.00E+00,-15.87E+00,+2.47E+00,+13.03E+00,+1.343E+00
2,05/2/2026,18:37:26.970,-0.09E+00,-0.05E+00,+0.05E+00,+0.00E+00,-15.95E+00,+2.76E+00,+12.83E+00,+1.488E+00
2,05/2/2026,18:37:26.970,-0.09E+00,-0.05E+00,+0.05E+00,-0.05E+00,-16.04E+00,+3.04E+00,+12.65E+00,+1.625E+00
2,05/2/2026,18:37:26.970,-0.09E+00,-0.05E+00,+0.05E+00,+0.00E+00,-16.11E+00,+3.31E+00,+12.44E+00,+1.763E+00
2,05/2/2026,18:37:26.970,-0.09E+00,-0.05E+00,+0.05E+00,+0.00E+00,-16.21E+00,+3.59E+00,+12.24E+00,+1.900E+00
2,05/2/2026,18:37:26.970,-0.05E+00,-0.05E+00,+0.05E+00,+0.00E+00,-16.27E+00,+3.88E+00,+12.04E+00,+2.037E+00
2,05/2/2026,18:37:26.970,-0.09E+00,-0.05E+00,+0.00E+00,-0.05E+00,-16.33E+00,+4.15E+00,+11.84E+00,+2.167E+00
2,05/2/2026,18:37:26.970,-0.09E+00,-0.05E+00,+0.05E+00,+0.00E+00,-16.40E+00,+4.41E+00,+11.63E+00,+2.304E+00
2,05/2/2026,18:37:26.970,-0.09E+00,-0.05E+00,+0.05E+00,+0.00E+00,-16.47E+00,+4.70E+00,+11.40E+00,+2.442E+00
2,05/2/2026,18:37:26.970,-0.09E+00,-0.05E+00,+0.05E+00,+0.00E+00,-16.53E+00,+4.97E+00,+11.20E+00,+2.579E+00
2,05/2/2026,18:37:26.970,-0.09E+00,-0.05E+00,+0.05E+00,+0.00E+00,-16.59E+00,+5.23E+00,+10.99E+00,+2.716E+00
2,05/2/2026,18:37:26.970,-0.09E+00,-0.05E+00,+0.05E+00,+0.00E+00,-16.63E+00,+5.51E+00,+10.76E+00,+2.846E+00
2,05/2/2026,18:37:26.970,-0.09E+00,-0.05E+00,+0.05E+00,-0.05E+00,-16.68E+00,+5.78E+00,+10.56E+00,+2.983E+00
2,05/2/2026,18:37:26.970,-0.09E+00,-0.05E+00,+0.00E+00,+0.00E+00,-16.73E+00,+6.04E+00,+10.33E+00,+3.113E+00
2,05/2/2026,18:37:26.970,-0.05E+00,-0.05E+00,+0.05E+00,+0.00E+00,-16.79E+00,+6.30E+00,+10.10E+00,+3.243E+00
2,05/2/2026,18:37:26.970,-0.09E+00,-0.05E+00,+0.00E+00,+0.00E+00,-16.82E+00,+6.56E+00,+9.89E+00,+3.373E+00
2,05/2/2026,18:37:26.970,-0.09E+00,-0.05E+00,+0.05E+00,-0.05E+00,-16.86E+00,+6.84E+00,+9.67E+00,+3.502E+00
2,05/2/2026,18:37:26.970,-0.09E+00,-0.05E+00,+0.05E+00,-0.05E+00,-16.91E+00,+7.08E+00,+9.46E+00,+3.624E+00
2,05/2/2026,18:37:26.971,-0.09E+00,-0.05E+00,+0.05E+00,+0.00E+00,-16.94E+00,+7.32E+00,+9.25E+00,+3.746E+00
2,05/2/2026,18:37:26.971,-0.09E+00,-0.05E+00,+0.05E+00,+0.00E+00,-16.97E+00,+7.58E+00,+9.03E+00,+3.876E+00
2,05/2/2026,18:37:26.971,-0.09E+00,-0.05E+00,+0.05E+00,+0.00E+00,-17.00E+00,+7.83E+00,+8.84E+00,+3.991E+00
2,05/2/2026,18:37:26.971,-0.09E+00,-0.05E+00,+0.05E+00,+0.00E+00,-17.03E+00,+8.06E+00,+8.61E+00,+4.105E+00
2,05/2/2026,18:37:26.971,-0.09E+00,-0.05E+00,+0.05E+00,+0.00E+00,-17.06E+00,+8.30E+00,+8.38E+00,+4.235E+00
2,05/2/2026,18:37:26.971,-0.09E+00,-0.05E+00,+0.00E+00,+0.00E+00,-17.08E+00,+8.56E+00,+8.15E+00,+4.357E+00
2,05/2/2026,18:37:26.971,-0.05E+00,-0.05E+00,+0.00E+00,+0.00E+00,-17.09E+00,+8.81E+00,+7.94E+00,+4.479E+00
2,05/2/2026,18:37:26.971,-0.09E+00,-0.05E+00,+0.05E+00,+0.00E+00,-17.11E+00,+9.06E+00,+7.69E+00,+4.601E+00
2,05/2/2026,18:37:26.971,-0.09E+00,-0.05E+00,+0.05E+00,+0.00E+00,-17.11E+00,+9.31E+00,+7.45E+00,+4.723E+00
2,05/2/2026,18:37:26.971,-0.09E+00,-0.05E+00,+0.05E+00,+0.00E+00,-17.12E+00,+9.54E+00,+7.22E+00,+4.837E+00
2,05/2/2026,18:37:26.971,-0.09E+00,-0.05E+00,+0.05E+00,+0.00E+00,-17.12E+00,+9.80E+00,+6.99E+00,+4.960E+00
2,05/2/2026,18:37:26.971,-0.09E+00,-0.05E+00,+0.05E+00,+0.00E+00,-17.12E+00,+10.03E+00,+6.75E+00,+5.074E+00
2,05/2/2026,18:37:26.971,-0.09E+00,-0.05E+00,+0.05E+00,+0.00E+00,-17.14E+00,+10.27E+00,+6.52E+00,+5.196E+00
2,05/2/2026,18:37:26.971,-0.09E+00,-0.05E+00,+0.05E+00,-0.05E+00,-17.14E+00,+10.50E+00,+6.29E+00,+5.311E+00
2,05/2/2026,18:37:26.971,-0.09E+00,-0.05E+00,+0.05E+00,-0.05E+00,-17.14E+00,+10.74E+00,+6.04E+00,+5.425E+00
2,05/2/2026,18:37:26.971,-0.09E+00,-0.05E+00,+0.05E+00,+0.00E+00,-17.14E+00,+10.97E+00,+5.80E+00,+5.539E+00
2,05/2/2026,18:37:26.971,-0.09E+00,-0.05E+00,+0.00E+00,+0.00E+00,-17.12E+00,+11.20E+00,+5.57E+00,+5.654E+00
2,05/2/2026,18:37:26.971,-0.09E+00,-0.05E+00,+0.05E+00,+0.00E+00,-17.12E+00,+11.43E+00,+5.33E+00,+5.768E+00
2,05/2/2026,18:37:26.971,-0.09E+00,-0.05E+00,+0.05E+00,-0.05E+00,-17.11E+00,+11.66E+00,+5.08E+00,+5.883E+00
2,05/2/2026,18:37:26.971,-0.09E+00,-0.05E+00,+0.05E+00,+0.00E+00,-17.09E+00,+11.89E+00,+4.84E+00,+5.997E+00
2,05/2/2026,18:37:26.972,-0.09E+00,-0.05E+00,+0.05E+00,+0.00E+00,-17.08E+00,+12.12E+00,+4.59E+00,+6.104E+00
2,05/2/2026,18:37:26.972,-0.09E+00,-0.05E+00,+0.00E+00,+0.00E+00,-17.03E+00,+12.33E+00,+4.35E+00,+6.211E+00
2,05/2/2026,18:37:26.972,-0.09E+00,-0.05E+00,+0.00E+00,+0.00E+00,-17.00E+00,+12.53E+00,+4.10E+00,+6.310E+00
2,05/2/2026,18:37:26.972,-0.09E+00,-0.05E+00,+0.05E+00,+0.00E+00,-16.94E+00,+12.73E+00,+3.86E+00,+6.402E+00
2,05/2/2026,18:37:26.972,-0.09E+00,-0.05E+00,+0.05E+00,-0.05E+00,-16.88E+00,+12.91E+00,+3.62E+00,+6.493E+00
2,05/2/2026,18:37:26.972,-0.09E+00,-0.05E+00,+0.00E+00,-0.05E+00,-16.82E+00,+13.09E+00,+3.37E+00,+6.585E+00
2,05/2/2026,18:37:26.972,-0.09E+00,-0.05E+00,+0.00E+00,+0.00E+00,-16.74E+00,+13.26E+00,+3.11E+00,+6.669E+00
2,05/2/2026,18:37:26.972,-0.09E+00,-0.05E+00,+0.00E+00,+0.00E+00,-16.65E+00,+13.43E+00,+2.87E+00,+6.745E+00
2,05/2/2026,18:37:26.972,-0.09E+00,-0.05E+00,+0.00E+00,-0.05E+00,-16.54E+00,+13.58E+00,+2.61E+00,+6.829E+00
2,05/2/2026,18:37:26.972,-0.09E+00,-0.05E+00,+0.05E+00,-0.05E+00,-16.45E+00,+13.73E+00,+2.35E+00,+6.898E+00
2,05/2/2026,18:37:26.972,-0.09E+00,-0.05E+00,+0.05E+00,+0.00E+00,-16.34E+00,+13.89E+00,+2.09E+00,+6.974E+00
2,05/2/2026,18:37:26.972,-0.09E+00,-0.05E+00,+0.05E+00,+0.00E+00,-16.24E+00,+14.04E+00,+1.83E+00,+7.050E+00
2,05/2/2026,18:37:26.972,-0.09E+00,-0.05E+00,+0.00E+00,+0.00E+00,-16.11E+00,+14.18E+00,+1.57E+00,+7.127E+00
2,05/2/2026,18:37:26.972,-0.09E+00,-0.05E+00,+0.00E+00,+0.00E+00,-15.99E+00,+14.33E+00,+1.30E+00,+7.195E+00
2,05/2/2026,18:37:26.972,-0.09E+00,-0.05E+00,+0.05E+00,+0.00E+00,-15.86E+00,+14.47E+00,+1.01E+00,+7.264E+00
2,05/2/2026,18:37:26.972,-0.09E+00,-0.05E+00,+0.05E+00,+0.00E+00,-15.72E+00,+14.60E+00,+0.75E+00,+7.325E+00
2,05/2/2026,18:37:26.972,-0.05E+00,-0.05E+00,+0.05E+00,+0.00E+00,-15.58E+00,+14.74E+00,+0.47E+00,+7.394E+00
2,05/2/2026,18:37:26.972,-0.09E+00,-0.05E+00,+0.05E+00,-0.05E+00,-15.44E+00,+14.86E+00,+0.20E+00,+7.455E+00
2,05/2/2026,18:37:26.972,-0.09E+00,-0.05E+00,+0.05E+00,-0.05E+00,-15.29E+00,+15.00E+00,-0.08E+00,+7.523E+00
2,05/2/2026,18:37:26.972,-0.09E+00,-0.05E+00,+0.00E+00,+0.00E+00,-15.14E+00,+15.12E+00,-0.35E+00,+7.577E+00
2,05/2/2026,18:37:26.973,-0.09E+00,-0.05E+00,+0.00E+00,+0.00E+00,-14.97E+00,+15.24E+00,-0.63E+00,+7.630E+00
2,05/2/2026,18:37:26.973,-0.09E+00,-0.05E+00,+0.05E+00,+0.00E+00,-14.82E+00,+15.34E+00,-0.90E+00,+7.691E+00
2,05/2/2026,18:37:26.973,-0.09E+00,-0.05E+00,+0.00E+00,-0.05E+00,-14.63E+00,+15.46E+00,-1.19E+00,+7.737E+00
2,05/2/2026,18:37:26.973,-0.09E+00,-0.05E+00,+0.05E+00,-0.05E+00,-14.47E+00,+15.55E+00,-1.45E+00,+7.783E+00
2,05/2/2026,18:37:26.973,-0.09E+00,-0.05E+00,+0.05E+00,+0.00E+00,-14.28E+00,+15.64E+00,-1.72E+00,+7.836E+00
2,05/2/2026,18:37:26.973,-0.09E+00,-0.05E+00,+0.05E+00,+0.00E+00,-14.09E+00,+15.75E+00,-2.01E+00,+7.882E+00
2,05/2/2026,18:37:26.973,-0.09E+00,-0.05E+00,+0.05E+00,+0.00E+00,-13.90E+00,+15.84E+00,-2.29E+00,+7.920E+00
2,05/2/2026,18:37:26.973,-0.09E+00,-0.05E+00,+0.05E+00,+0.00E+00,-13.72E+00,+15.93E+00,-2.56E+00,+7.966E+00
2,05/2/2026,18:37:26.973,-0.09E+00,-0.05E+00,+0.05E+00,+0.00E+00,-13.52E+00,+16.01E+00,-2.85E+00,+8.004E+00
2,05/2/2026,18:37:26.973,-0.09E+00,-0.05E+00,+0.00E+00,+0.00E+00,-13.32E+00,+16.08E+00,-3.13E+00,+8.042E+00
2,05/2/2026,18:37:26.973,-0.09E+00,-0.05E+00,+0.00E+00,+0.00E+00,-13.12E+00,+16.18E+00,-3.40E+00,+8.080E+00
2,05/2/2026,18:37:26.973,-0.09E+00,-0.05E+00,+0.05E+00,+0.00E+00,-12.93E+00,+16.24E+00,-3.68E+00,+8.118E+00
2,05/2/2026,18:37:26.973,-0.09E+00,-0.05E+00,+0.00E+00,+0.00E+00,-12.73E+00,+16.31E+00,-3.95E+00,+8.157E+00
2,05/2/2026,18:37:26.973,-0.09E+00,-0.05E+00,+0.00E+00,+0.00E+00,-12.53E+00,+16.39E+00,-4.23E+00,+8.195E+00
2,05/2/2026,18:37:26.973,-0.09E+00,-0.05E+00,+0.00E+00,+0.00E+00,-12.33E+00,+16.47E+00,-4.49E+00,+8.225E+00
2,05/2/2026,18:37:26.973,-0.09E+00,-0.05E+00,+0.00E+00,+0.00E+00,-12.13E+00,+16.53E+00,-4.76E+00,+8.256E+00
2,05/2/2026,18:37:26.973,-0.09E+00,-0.05E+00,+0.05E+00,+0.00E+00,-11.93E+00,+16.59E+00,-5.04E+00,+8.286E+00
2,05/2/2026,18:37:26.973,-0.09E+00,-0.05E+00,+0.05E+00,+0.00E+00,-11.74E+00,+16.66E+00,-5.30E+00,+8.317E+00
2,05/2/2026,18:37:26.973,-0.09E+00,-0.05E+00,+0.05E+00,+0.00E+00,-11.52E+00,+16.71E+00,-5.55E+00,+8.340E+00
2,05/2/2026,18:37:26.973,-0.09E+00,-0.05E+00,+0.05E+00,+0.00E+00,-11.32E+00,+16.77E+00,-5.81E+00,+8.370E+00
2,05/2/2026,18:37:26.974,-0.09E+00,-0.05E+00,+0.05E+00,+0.00E+00,-11.11E+00,+16.83E+00,-6.07E+00,+8.393E+00
2,05/2/2026,18:37:26.974,-0.09E+00,-0.05E+00,+0.05E+00,-0.05E+00,-10.90E+00,+16.88E+00,-6.33E+00,+8.416E+00
2,05/2/2026,18:37:26.974,-0.09E+00,-0.05E+00,+0.05E+00,-0.05E+00,-10.70E+00,+16.92E+00,-6.59E+00,+8.439E+00
2,05/2/2026,18:37:26.974,-0.09E+00,-0.05E+00,+0.05E+00,+0.00E+00,-10.48E+00,+16.97E+00,-6.85E+00,+8.462E+00
2,05/2/2026,18:37:26.974,-0.09E+00,-0.05E+00,+0.05E+00,+0.00E+00,-10.27E+00,+17.00E+00,-7.10E+00,+8.477E+00
2,05/2/2026,18:37:26.974,-0.09E+00,-0.05E+00,+0.05E+00,+0.00E+00,-10.06E+00,+17.05E+00,-7.34E+00,+8.492E+00
2,05/2/2026,18:37:26.974,-0.09E+00,-0.05E+00,+0.00E+00,+0.00E+00,-9.86E+00,+17.08E+00,-7.58E+00,+8.515E+00
2,05/2/2026,18:37:26.974,-0.09E+00,-0.05E+00,+0.00E+00,+0.00E+00,-9.64E+00,+17.11E+00,-7.83E+00,+8.530E+00
2,05/2/2026,18:37:26.974,-0.09E+00,-0.05E+00,+0.00E+00,+0.00E+00,-9.45E+00,+17.15E+00,-8.07E+00,+8.546E+00
2,05/2/2026,18:37:26.974,-0.09E+00,-0.05E+00,+0.05E+00,+0.00E+00,-9.23E+00,+17.18E+00,-8.29E+00,+8.553E+00
2,05/2/2026,18:37:26.974,-0.09E+00,-0.05E+00,+0.00E+00,-0.05E+00,-9.05E+00,+17.20E+00,-8.52E+00,+8.569E+00
2,05/2/2026,18:37:26.974,-0.09E+00,-0.05E+00,+0.00E+00,+0.00E+00,-8.84E+00,+17.21E+00,-8.76E+00,+8.576E+00
2,05/2/2026,18:37:26.974,-0.09E+00,-0.05E+00,+0.05E+00,+0.00E+00,-8.62E+00,+17.24E+00,-8.99E+00,+8.591E+00
2,05/2/2026,18:37:26.974,-0.09E+00,-0.05E+00,+0.05E+00,-0.05E+00,-8.39E+00,+17.26E+00,-9.23E+00,+8.599E+00
2,05/2/2026,18:37:26.974,-0.09E+00,-0.05E+00,+0.05E+00,-0.05E+00,-8.18E+00,+17.27E+00,-9.48E+00,+8.599E+00
2,05/2/2026,18:37:26.974,-0.09E+00,-0.05E+00,+0.05E+00,+0.00E+00,-7.95E+00,+17.29E+00,-9.72E+00,+8.607E+00
2,05/2/2026,18:37:26.974,-0.09E+00,-0.05E+00,+0.00E+00,+0.00E+00,-7.72E+00,+17.31E+00,-9.96E+00,+8.614E+00
2,05/2/2026,18:37:26.974,-0.09E+00,-0.05E+00,+0.05E+00,+0.00E+00,-7.48E+00,+17.32E+00,-10.21E+00,+8.614E+00
2,05/2/2026,18:37:26.974,-0.09E+00,-0.05E+00,+0.05E+00,+0.00E+00,-7.25E+00,+17.34E+00,-10.44E+00,+8.622E+00
2,05/2/2026,18:37:26.974,-0.09E+00,-0.05E+00,+0.05E+00,+0.00E+00,-7.02E+00,+17.34E+00,-10.68E+00,+8.622E+00
2,05/2/2026,18:37:26.975,-0.09E+00,-0.05E+00,+0.05E+00,+0.00E+00,-6.79E+00,+17.34E+00,-10.91E+00,+8.622E+00
2,05/2/2026,18:37:26.975,-0.09E+00,-0.05E+00,+0.00E+00,+0.00E+00,-6.56E+00,+17.34E+00,-11.14E+00,+8.622E+00
2,05/2/2026,18:37:26.975,-0.09E+00,-0.05E+00,+0.00E+00,+0.00E+00,-6.33E+00,+17.34E+00,-11.38E+00,+8.622E+00
2,05/2/2026,18:37:26.975,-0.09E+00,-0.05E+00,+0.05E+00,+0.00E+00,-6.09E+00,+17.34E+00,-11.60E+00,+8.614E+00
2,05/2/2026,18:37:26.975,-0.09E+00,-0.05E+00,+0.05E+00,+0.00E+00,-5.86E+00,+17.32E+00,-11.83E+00,+8.607E+00
2,05/2/2026,18:37:26.975,-0.09E+00,-0.05E+00,+0.00E+00,+0.00E+00,-5.62E+00,+17.31E+00,-12.06E+00,+8.599E+00
2,05/2/2026,18:37:26.975,-0.09E+00,-0.05E+00,+0.00E+00,+0.00E+00,-5.39E+00,+17.29E+00,-12.25E+00,+8.584E+00
2,05/2/2026,18:37:26.975,-0.09E+00,-0.05E+00,+0.00E+00,-0.05E+00,-5.16E+00,+17.26E+00,-12.47E+00,+8.576E+00
2,05/2/2026,18:37:26.975,-0.09E+00,-0.05E+00,+0.05E+00,-0.05E+00,-4.93E+00,+17.23E+00,-12.68E+00,+8.561E+00
2,05/2/2026,18:37:26.975,-0.09E+00,+0.00E+00,+0.05E+00,+0.00E+00,-4.68E+00,+17.18E+00,-12.86E+00,+8.530E+00
2,05/2/2026,18:37:26.975,-0.09E+00,-0.05E+00,+0.05E+00,+0.00E+00,-4.44E+00,+17.12E+00,-13.05E+00,+8.500E+00
2,05/2/2026,18:37:26.975,-0.09E+00,-0.05E+00,+0.05E+00,+0.00E+00,-4.20E+00,+17.05E+00,-13.22E+00,+8.462E+00
2,05/2/2026,18:37:26.975,-0.09E+00,-0.05E+00,+0.00E+00,+0.00E+00,-3.94E+00,+16.95E+00,-13.38E+00,+8.416E+00
2,05/2/2026,18:37:26.975,-0.09E+00,+0.00E+00,+0.00E+00,+0.00E+00,-3.69E+00,+16.86E+00,-13.54E+00,+8.363E+00
2,05/2/2026,18:37:26.975,-0.09E+00,+0.00E+00,+0.05E+00,+0.00E+00,-3.43E+00,+16.74E+00,-13.69E+00,+8.302E+00
2,05/2/2026,18:37:26.975,-0.09E+00,-0.05E+00,+0.00E+00,+0.00E+00,-3.17E+00,+16.63E+00,-13.83E+00,+8.248E+00
2,05/2/2026,18:37:26.975,-0.09E+00,-0.05E+00,+0.00E+00,+0.00E+00,-2.91E+00,+16.51E+00,-13.96E+00,+8.195E+00
2,05/2/2026,18:37:26.975,-0.09E+00,-0.05E+00,+0.05E+00,-0.05E+00,-2.66E+00,+16.39E+00,-14.10E+00,+8.126E+00
2,05/2/2026,18:37:26.975,-0.09E+00,-0.05E+00,+0.00E+00,+0.00E+00,-2.40E+00,+16.27E+00,-14.24E+00,+8.057E+00
2,05/2/2026,18:37:26.975,-0.09E+00,-0.05E+00,+0.00E+00,+0.00E+00,-2.12E+00,+16.13E+00,-14.36E+00,+7.996E+00
2,05/2/2026,18:37:26.976,-0.09E+00,-0.05E+00,+0.00E+00,+0.00E+00,-1.86E+00,+15.98E+00,-14.50E+00,+7.920E+00
2,05/2/2026,18:37:26.976,-0.09E+00,-0.05E+00,+0.05E+00,+0.00E+00,-1.59E+00,+15.84E+00,-14.62E+00,+7.844E+00
2,05/2/2026,18:37:26.976,-0.09E+00,-0.05E+00,+0.00E+00,+0.00E+00,-1.30E+00,+15.69E+00,-14.74E+00,+7.767E+00
2,05/2/2026,18:37:26.976,-0.09E+00,-0.05E+00,+0.00E+00,-0.05E+00,-1.02E+00,+15.52E+00,-14.86E+00,+7.684E+00
2,05/2/2026,18:37:26.976,-0.05E+00,-0.05E+00,+0.00E+00,-0.05E+00,-0.75E+00,+15.35E+00,-14.97E+00,+7.607E+00
2,05/2/2026,18:37:26.976,-0.09E+00,-0.05E+00,+0.05E+00,+0.00E+00,-0.46E+00,+15.18E+00,-15.09E+00,+7.516E+00
2,05/2/2026,18:37:26.976,-0.09E+00,-0.05E+00,+0.05E+00,-0.05E+00,-0.18E+00,+15.02E+00,-15.20E+00,+7.432E+00
2,05/2/2026,18:37:26.976,-0.09E+00,-0.05E+00,+0.05E+00,+0.00E+00,+0.11E+00,+14.85E+00,-15.31E+00,+7.340E+00
2,05/2/2026,18:37:26.976,-0.09E+00,-0.05E+00,+0.00E+00,+0.00E+00,+0.38E+00,+14.68E+00,-15.41E+00,+7.256E+00
2,05/2/2026,18:37:26.976,-0.09E+00,-0.05E+00,+0.00E+00,+0.00E+00,+0.66E+00,+14.50E+00,-15.52E+00,+7.165E+00
2,05/2/2026,18:37:26.976,-0.09E+00,-0.05E+00,+0.00E+00,+0.00E+00,+0.95E+00,+14.31E+00,-15.63E+00,+7.073E+00
2,05/2/2026,18:37:26.976,-0.09E+00,-0.05E+00,+0.05E+00,+0.00E+00,+1.24E+00,+14.13E+00,-15.72E+00,+6.982E+00
2,05/2/2026,18:37:26.976,-0.09E+00,-0.05E+00,+0.05E+00,-0.05E+00,+1.51E+00,+13.95E+00,-15.81E+00,+6.890E+00
2,05/2/2026,18:37:26.976,-0.09E+00,-0.05E+00,+0.05E+00,+0.00E+00,+1.79E+00,+13.76E+00,-15.90E+00,+6.798E+00
2,05/2/2026,18:37:26.976,-0.09E+00,-0.05E+00,+0.05E+00,+0.00E+00,+2.08E+00,+13.57E+00,-15.99E+00,+6.699E+00
2,05/2/2026,18:37:26.976,-0.09E+00,-0.05E+00,+0.05E+00,-0.05E+00,+2.35E+00,+13.37E+00,-16.08E+00,+6.600E+00
2,05/2/2026,18:37:26.976,-0.09E+00,-0.05E+00,+0.05E+00,+0.00E+00,+2.62E+00,+13.18E+00,-16.16E+00,+6.501E+00
2,05/2/2026,18:37:26.976,-0.09E+00,-0.05E+00,+0.05E+00,-0.05E+00,+2.90E+00,+12.99E+00,-16.24E+00,+6.402E+00
2,05/2/2026,18:37:26.976,-0.09E+00,-0.05E+00,+0.00E+00,-0.05E+00,+3.17E+00,+12.77E+00,-16.31E+00,+6.302E+00
2,05/2/2026,18:37:26.976,-0.09E+00,-0.05E+00,+0.00E+00,+0.00E+00,+3.43E+00,+12.57E+00,-16.37E+00,+6.203E+00
2,05/2/2026,18:37:26.977,-0.09E+00,-0.05E+00,+0.05E+00,+0.00E+00,+3.71E+00,+12.39E+00,-16.44E+00,+6.104E+00
2,05/2/2026,18:37:26.977,-0.09E+00,-0.05E+00,+0.00E+00,+0.00E+00,+3.97E+00,+12.18E+00,-16.50E+00,+6.005E+00
2,05/2/2026,18:37:26.977,-0.09E+00,-0.05E+00,+0.05E+00,+0.00E+00,+4.23E+00,+11.98E+00,-16.56E+00,+5.898E+00
2,05/2/2026,18:37:26.977,-0.09E+00,-0.05E+00,+0.05E+00,+0.00E+00,+4.49E+00,+11.78E+00,-16.62E+00,+5.799E+00
2,05/2/2026,18:37:26.977,-0.09E+00,-0.05E+00,+0.00E+00,+0.00E+00,+4.75E+00,+11.57E+00,-16.66E+00,+5.692E+00
2,05/2/2026,18:37:26.977,-0.09E+00,-0.05E+00,+0.05E+00,+0.00E+00,+5.01E+00,+11.37E+00,-16.71E+00,+5.585E+00
2,05/2/2026,18:37:26.977,-0.09E+00,-0.09E+00,+0.05E+00,+0.00E+00,+5.26E+00,+11.16E+00,-16.77E+00,+5.486E+00
2,05/2/2026,18:37:26.977,-0.09E+00,-0.05E+00,+0.05E+00,+0.00E+00,+5.51E+00,+10.94E+00,-16.82E+00,+5.379E+00
2,05/2/2026,18:37:26.977,-0.09E+00,-0.05E+00,+0.00E+00,+0.00E+00,+5.77E+00,+10.74E+00,-16.86E+00,+5.280E+00
2,05/2/2026,18:37:26.977,-0.09E+00,-0.05E+00,+0.05E+00,+0.00E+00,+6.01E+00,+10.53E+00,-16.89E+00,+5.173E+00
2,05/2/2026,18:37:26.977,-0.09E+00,-0.05E+00,+0.05E+00,-0.05E+00,+6.27E+00,+10.33E+00,-16.94E+00,+5.066E+00
2,05/2/2026,18:37:26.977,-0.09E+00,-0.05E+00,+0.05E+00,-0.05E+00,+6.52E+00,+10.12E+00,-16.97E+00,+4.960E+00
2,05/2/2026,18:37:26.977,-0.09E+00,-0.05E+00,+0.05E+00,-0.05E+00,+6.76E+00,+9.89E+00,-17.00E+00,+4.860E+00
2,05/2/2026,18:37:26.977,-0.09E+00,-0.05E+00,+0.05E+00,+0.00E+00,+7.00E+00,+9.69E+00,-17.05E+00,+4.754E+00
2,05/2/2026,18:37:26.977,-0.09E+00,-0.05E+00,+0.00E+00,+0.00E+00,+7.25E+00,+9.48E+00,-17.06E+00,+4.647E+00
2,05/2/2026,18:37:26.977,-0.09E+00,-0.05E+00,+0.00E+00,+0.00E+00,+7.49E+00,+9.26E+00,-17.09E+00,+4.540E+00
2,05/2/2026,18:37:26.977,-0.09E+00,-0.05E+00,+0.00E+00,-0.05E+00,+7.72E+00,+9.05E+00,-17.12E+00,+4.425E+00
2,05/2/2026,18:37:26.977,-0.09E+00,-0.05E+00,+0.05E+00,+0.00E+00,+7.97E+00,+8.82E+00,-17.14E+00,+4.319E+00
2,05/2/2026,18:37:26.977,-0.09E+00,-0.05E+00,+0.05E+00,+0.00E+00,+8.19E+00,+8.61E+00,-17.15E+00,+4.212E+00
2,05/2/2026,18:37:26.977,-0.09E+00,-0.05E+00,+0.05E+00,+0.00E+00,+8.44E+00,+8.38E+00,-17.17E+00,+4.097E+00
2,05/2/2026,18:37:26.978,-0.09E+00,-0.05E+00,+0.05E+00,+0.00E+00,+8.67E+00,+8.16E+00,-17.18E+00,+3.983E+00
2,05/2/2026,18:37:26.978,-0.09E+00,-0.05E+00,+0.00E+00,+0.00E+00,+8.91E+00,+7.94E+00,-17.20E+00,+3.876E+00
2,05/2/2026,18:37:26.978,-0.09E+00,-0.05E+00,+0.05E+00,+0.00E+00,+9.14E+00,+7.71E+00,-17.20E+00,+3.762E+00
2,05/2/2026,18:37:26.978,-0.09E+00,-0.05E+00,+0.05E+00,+0.00E+00,+9.39E+00,+7.48E+00,-17.21E+00,+3.640E+00
2,05/2/2026,18:37:26.978,-0.05E+00,-0.05E+00,+0.00E+00,+0.00E+00,+9.63E+00,+7.23E+00,-17.23E+00,+3.525E+00
2,05/2/2026,18:37:26.978,-0.09E+00,-0.05E+00,+0.00E+00,+0.00E+00,+9.87E+00,+7.00E+00,-17.23E+00,+3.411E+00
2,05/2/2026,18:37:26.978,-0.09E+00,-0.05E+00,+0.00E+00,-0.05E+00,+10.10E+00,+6.76E+00,-17.23E+00,+3.289E+00
2,05/2/2026,18:37:26.978,-0.09E+00,-0.05E+00,+0.00E+00,-0.05E+00,+10.35E+00,+6.52E+00,-17.23E+00,+3.174E+00
2,05/2/2026,18:37:26.978,-0.09E+00,-0.05E+00,+0.00E+00,-0.05E+00,+10.58E+00,+6.29E+00,-17.23E+00,+3.052E+00
2,05/2/2026,18:37:26.978,-0.09E+00,-0.05E+00,+0.05E+00,+0.00E+00,+10.82E+00,+6.04E+00,-17.21E+00,+2.938E+00
2,05/2/2026,18:37:26.978,-0.09E+00,-0.05E+00,+0.00E+00,+0.00E+00,+11.05E+00,+5.80E+00,-17.21E+00,+2.816E+00
2,05/2/2026,18:37:26.978,-0.09E+00,-0.05E+00,+0.00E+00,+0.00E+00,+11.28E+00,+5.55E+00,-17.21E+00,+2.693E+00
2,05/2/2026,18:37:26.978,-0.09E+00,-0.05E+00,+0.05E+00,-0.05E+00,+11.51E+00,+5.33E+00,-17.20E+00,+2.579E+00
2,05/2/2026,18:37:26.978,-0.09E+00,-0.05E+00,+0.05E+00,+0.00E+00,+11.72E+00,+5.10E+00,-17.17E+00,+2.465E+00
2,05/2/2026,18:37:26.978,-0.09E+00,-0.05E+00,+0.05E+00,+0.00E+00,+11.93E+00,+4.87E+00,-17.15E+00,+2.342E+00
2,05/2/2026,18:37:26.978,-0.09E+00,-0.05E+00,+0.05E+00,-0.05E+00,+12.15E+00,+4.62E+00,-17.12E+00,+2.220E+00
2,05/2/2026,18:37:26.978,-0.09E+00,-0.05E+00,+0.05E+00,-0.05E+00,+12.35E+00,+4.38E+00,-17.09E+00,+2.106E+00
2,05/2/2026,18:37:26.978,-0.09E+00,-0.05E+00,+0.00E+00,+0.00E+00,+12.56E+00,+4.14E+00,-17.03E+00,+1.984E+00
2,05/2/2026,18:37:26.978,-0.09E+00,-0.05E+00,+0.00E+00,+0.00E+00,+12.74E+00,+3.88E+00,-16.98E+00,+1.854E+00
2,05/2/2026,18:37:26.978,-0.09E+00,-0.05E+00,+0.05E+00,+0.00E+00,+12.93E+00,+3.62E+00,-16.89E+00,+1.724E+00
2,05/2/2026,18:37:26.979,-0.09E+00,-0.05E+00,+0.05E+00,+0.00E+00,+13.09E+00,+3.36E+00,-16.80E+00,+1.595E+00
2,05/2/2026,18:37:26.979,-0.09E+00,-0.05E+00,+0.05E+00,+0.00E+00,+13.26E+00,+3.08E+00,-16.69E+00,+1.457E+00
2,05/2/2026,18:37:26.979,-0.09E+00,-0.05E+00,+0.05E+00,+0.00E+00,+13.41E+00,+2.81E+00,-16.57E+00,+1.320E+00
2,05/2/2026,18:37:26.979,-0.09E+00,-0.05E+00,+0.05E+00,+0.00E+00,+13.55E+00,+2.53E+00,-16.45E+00,+1.190E+00
2,05/2/2026,18:37:26.979,-0.09E+00,-0.05E+00,+0.05E+00,+0.00E+00,+13.69E+00,+2.26E+00,-16.31E+00,+1.053E+00
2,05/2/2026,18:37:26.979,-0.09E+00,-0.05E+00,+0.05E+00,-0.05E+00,+13.83E+00,+2.00E+00,-16.19E+00,+0.923E+00
2,05/2/2026,18:37:26.979,-0.09E+00,-0.05E+00,+0.05E+00,-0.05E+00,+13.96E+00,+1.74E+00,-16.05E+00,+0.794E+00
2,05/2/2026,18:37:26.979,-0.09E+00,-0.05E+00,+0.05E+00,+0.00E+00,+14.10E+00,+1.48E+00,-15.92E+00,+0.656E+00
2,05/2/2026,18:37:26.979,-0.09E+00,-0.05E+00,+0.00E+00,+0.00E+00,+14.22E+00,+1.21E+00,-15.78E+00,+0.526E+00
2,05/2/2026,18:37:26.979,-0.09E+00,-0.05E+00,+0.05E+00,-0.05E+00,+14.34E+00,+0.93E+00,-15.64E+00,+0.389E+00
2,05/2/2026,18:37:26.979,-0.09E+00,-0.05E+00,+0.05E+00,+0.00E+00,+14.47E+00,+0.67E+00,-15.50E+00,+0.259E+00
2,05/2/2026,18:37:26.979,-0.09E+00,-0.09E+00,+0.05E+00,+0.00E+00,+14.59E+00,+0.40E+00,-15.35E+00,+0.130E+00
2,05/2/2026,18:37:26.979,-0.09E+00,-0.05E+00,+0.05E+00,+0.00E+00,+14.70E+00,+0.12E+00,-15.20E+00,-0.008E+00
2,05/2/2026,18:37:26.979,-0.09E+00,-0.05E+00,+0.05E+00,+0.00E+00,+14.80E+00,-0.14E+00,-15.03E+00,-0.145E+00
2,05/2/2026,18:37:26.979,-0.09E+00,-0.05E+00,+0.05E+00,+0.00E+00,+14.91E+00,-0.40E+00,-14.86E+00,-0.275E+00
2,05/2/2026,18:37:26.979,-0.09E+00,-0.05E+00,+0.00E+00,+0.00E+00,+15.00E+00,-0.67E+00,-14.70E+00,-0.404E+00
2,05/2/2026,18:37:26.979,-0.09E+00,-0.05E+00,+0.05E+00,-0.05E+00,+15.09E+00,-0.95E+00,-14.51E+00,-0.542E+00
2,05/2/2026,18:37:26.979,-0.09E+00,-0.05E+00,+0.05E+00,+0.00E+00,+15.18E+00,-1.24E+00,-14.31E+00,-0.679E+00
2,05/2/2026,18:37:26.979,-0.09E+00,-0.05E+00,+0.00E+00,+0.00E+00,+15.28E+00,-1.51E+00,-14.12E+00,-0.824E+00
2,05/2/2026,18:37:26.979,-0.09E+00,-0.05E+00,+0.00E+00,-0.05E+00,+15.35E+00,-1.80E+00,-13.92E+00,-0.961E+00
2,05/2/2026,18:37:26.980,-0.09E+00,-0.05E+00,+0.05E+00,-0.05E+00,+15.44E+00,-2.08E+00,-13.72E+00,-1.106E+00
2,05/2/2026,18:37:26.980,-0.09E+00,-0.05E+00,+0.05E+00,-0.05E+00,+15.52E+00,-2.37E+00,-13.52E+00,-1.244E+00
2,05/2/2026,18:37:26.980,-0.09E+00,-0.05E+00,+0.00E+00,+0.00E+00,+15.60E+00,-2.64E+00,-13.32E+00,-1.389E+00
2,05/2/2026,18:37:26.980,-0.09E+00,-0.05E+00,+0.00E+00,+0.00E+00,+15.69E+00,-2.93E+00,-13.14E+00,-1.526E+00
2,05/2/2026,18:37:26.980,-0.09E+00,-0.05E+00,+0.00E+00,+0.00E+00,+15.78E+00,-3.20E+00,-12.94E+00,-1.663E+00
2,05/2/2026,18:37:26.980,-0.09E+00,-0.05E+00,+0.05E+00,+0.00E+00,+15.86E+00,-3.49E+00,-12.73E+00,-1.801E+00
2,05/2/2026,18:37:26.980,-0.09E+00,-0.05E+00,+0.05E+00,+0.00E+00,+15.93E+00,-3.77E+00,-12.53E+00,-1.938E+00
2,05/2/2026,18:37:26.980,-0.09E+00,-0.05E+00,+0.05E+00,+0.00E+00,+16.01E+00,-4.04E+00,-12.33E+00,-2.075E+00
2,05/2/2026,18:37:26.980,-0.09E+00,-0.05E+00,+0.05E+00,+0.00E+00,+16.07E+00,-4.32E+00,-12.12E+00,-2.213E+00
2,05/2/2026,18:37:26.980,-0.09E+00,-0.05E+00,+0.00E+00,+0.00E+00,+16.13E+00,-4.59E+00,-11.90E+00,-2.350E+00
2,05/2/2026,18:37:26.980,-0.09E+00,-0.05E+00,+0.00E+00,-0.05E+00,+16.19E+00,-4.87E+00,-11.69E+00,-2.487E+00
2,05/2/2026,18:37:26.980,-0.09E+00,-0.05E+00,+0.00E+00,-0.05E+00,+16.25E+00,-5.14E+00,-11.48E+00,-2.625E+00
2,05/2/2026,18:37:26.980,-0.09E+00,-0.05E+00,+0.00E+00,-0.05E+00,+16.31E+00,-5.42E+00,-11.26E+00,-2.754E+00
2,05/2/2026,18:37:26.980,-0.09E+00,-0.05E+00,+0.05E+00,+0.00E+00,+16.36E+00,-5.69E+00,-11.05E+00,-2.892E+00
2,05/2/2026,18:37:26.980,-0.09E+00,-0.05E+00,+0.05E+00,+0.00E+00,+16.42E+00,-5.95E+00,-10.83E+00,-3.022E+00
2,05/2/2026,18:37:26.980,-0.09E+00,-0.05E+00,+0.05E+00,-0.05E+00,+16.47E+00,-6.21E+00,-10.62E+00,-3.151E+00
2,05/2/2026,18:37:26.980,-0.09E+00,-0.05E+00,+0.05E+00,+0.00E+00,+16.51E+00,-6.49E+00,-10.39E+00,-3.281E+00
2,05/2/2026,18:37:26.980,-0.09E+00,-0.05E+00,+0.05E+00,+0.00E+00,+16.56E+00,-6.75E+00,-10.18E+00,-3.411E+00
2,05/2/2026,18:37:26.980,-0.09E+00,-0.05E+00,+0.05E+00,+0.00E+00,+16.60E+00,-7.00E+00,-9.96E+00,-3.540E+00
2,05/2/2026,18:37:26.980,-0.09E+00,-0.05E+00,+0.05E+00,+0.00E+00,+16.63E+00,-7.25E+00,-9.75E+00,-3.662E+00
2,05/2/2026,18:37:26.981,-0.09E+00,-0.05E+00,+0.05E+00,-0.05E+00,+16.66E+00,-7.51E+00,-9.52E+00,-3.792E+00
2,05/2/2026,18:37:26.981,-0.09E+00,-0.05E+00,+0.05E+00,+0.00E+00,+16.71E+00,-7.75E+00,-9.31E+00,-3.914E+00
2,05/2/2026,18:37:26.981,-0.09E+00,-0.05E+00,+0.00E+00,+0.00E+00,+16.73E+00,-8.00E+00,-9.11E+00,-4.029E+00
2,05/2/2026,18:37:26.981,-0.09E+00,-0.05E+00,+0.00E+00,+0.00E+00,+16.76E+00,-8.24E+00,-8.90E+00,-4.151E+00
2,05/2/2026,18:37:26.981,-0.09E+00,-0.05E+00,+0.05E+00,+0.00E+00,+16.79E+00,-8.48E+00,-8.67E+00,-4.273E+00
2,05/2/2026,18:37:26.981,-0.09E+00,-0.05E+00,+0.00E+00,+0.00E+00,+16.80E+00,-8.73E+00,-8.45E+00,-4.395E+00
2,05/2/2026,18:37:26.981,-0.09E+00,-0.05E+00,+0.00E+00,+0.00E+00,+16.83E+00,-8.97E+00,-8.23E+00,-4.517E+00
2,05/2/2026,18:37:26.981,-0.09E+00,-0.05E+00,+0.05E+00,+0.00E+00,+16.83E+00,-9.22E+00,-7.98E+00,-4.639E+00
2,05/2/2026,18:37:26.981,-0.09E+00,-0.05E+00,+0.05E+00,-0.05E+00,+16.85E+00,-9.46E+00,-7.75E+00,-4.754E+00
2,05/2/2026,18:37:26.981,-0.09E+00,-0.05E+00,+0.00E+00,+0.00E+00,+16.86E+00,-9.71E+00,-7.52E+00,-4.876E+00
2,05/2/2026,18:37:26.981,-0.09E+00,-0.05E+00,+0.00E+00,+0.00E+00,+16.86E+00,-9.95E+00,-7.29E+00,-4.998E+00
2,05/2/2026,18:37:26.981,-0.09E+00,-0.05E+00,+0.05E+00,-0.05E+00,+16.88E+00,-10.19E+00,-7.05E+00,-5.112E+00
2,05/2/2026,18:37:26.981,-0.09E+00,-0.05E+00,+0.05E+00,+0.00E+00,+16.86E+00,-10.44E+00,-6.82E+00,-5.227E+00
2,05/2/2026,18:37:26.981,-0.09E+00,-0.05E+00,+0.00E+00,+0.00E+00,+16.86E+00,-10.67E+00,-6.58E+00,-5.349E+00
2,05/2/2026,18:37:26.981,-0.09E+00,-0.05E+00,+0.05E+00,+0.00E+00,+16.88E+00,-10.90E+00,-6.35E+00,-5.463E+00
2,05/2/2026,18:37:26.981,-0.09E+00,-0.05E+00,+0.00E+00,-0.05E+00,+16.86E+00,-11.14E+00,-6.10E+00,-5.585E+00
2,05/2/2026,18:37:26.981,-0.09E+00,-0.05E+00,+0.00E+00,-0.05E+00,+16.86E+00,-11.37E+00,-5.86E+00,-5.692E+00
2,05/2/2026,18:37:26.981,-0.09E+00,-0.05E+00,+0.00E+00,+0.00E+00,+16.86E+00,-11.60E+00,-5.62E+00,-5.807E+00
2,05/2/2026,18:37:26.981,-0.09E+00,-0.05E+00,+0.00E+00,+0.00E+00,+16.85E+00,-11.83E+00,-5.39E+00,-5.921E+00
2,05/2/2026,18:37:26.981,-0.09E+00,-0.05E+00,+0.05E+00,+0.00E+00,+16.83E+00,-12.06E+00,-5.14E+00,-6.035E+00
2,05/2/2026,18:37:26.982,-0.09E+00,-0.05E+00,+0.05E+00,-0.05E+00,+16.80E+00,-12.27E+00,-4.90E+00,-6.135E+00
2,05/2/2026,18:37:26.982,-0.09E+00,-0.05E+00,+0.05E+00,-0.05E+00,+16.79E+00,-12.48E+00,-4.65E+00,-6.241E+00
2,05/2/2026,18:37:26.982,-0.09E+00,-0.05E+00,+0.05E+00,+0.00E+00,+16.73E+00,-12.68E+00,-4.43E+00,-6.341E+00
2,05/2/2026,18:37:26.982,-0.09E+00,-0.05E+00,+0.05E+00,+0.00E+00,+16.68E+00,-12.89E+00,-4.17E+00,-6.440E+00
2,05/2/2026,18:37:26.982,-0.09E+00,-0.05E+00,+0.05E+00,+0.00E+00,+16.63E+00,-13.06E+00,-3.92E+00,-6.531E+00
2,05/2/2026,18:37:26.982,-0.09E+00,-0.05E+00,+0.00E+00,+0.00E+00,+16.56E+00,-13.25E+00,-3.68E+00,-6.615E+00
2,05/2/2026,18:37:26.982,-0.09E+00,-0.05E+00,+0.05E+00,+0.00E+00,+16.47E+00,-13.41E+00,-3.42E+00,-6.699E+00
2,05/2/2026,18:37:26.982,-0.09E+00,-0.05E+00,+0.05E+00,+0.00E+00,+16.37E+00,-13.57E+00,-3.17E+00,-6.776E+00
2,05/2/2026,18:37:26.982,-0.09E+00,-0.05E+00,+0.00E+00,+0.00E+00,+16.28E+00,-13.73E+00,-2.91E+00,-6.859E+00
2,05/2/2026,18:37:26.982,-0.09E+00,-0.05E+00,+0.05E+00,-0.05E+00,+16.18E+00,-13.89E+00,-2.64E+00,-6.936E+00
2,05/2/2026,18:37:26.982,-0.09E+00,-0.05E+00,+0.05E+00,-0.05E+00,+16.07E+00,-14.04E+00,-2.38E+00,-7.012E+00
2,05/2/2026,18:37:26.982,-0.09E+00,-0.05E+00,+0.05E+00,+0.00E+00,+15.96E+00,-14.21E+00,-2.12E+00,-7.081E+00
2,05/2/2026,18:37:26.982,-0.09E+00,-0.05E+00,+0.05E+00,+0.00E+00,+15.84E+00,-14.34E+00,-1.85E+00,-7.157E+00
2,05/2/2026,18:37:26.982,-0.09E+00,-0.05E+00,+0.05E+00,+0.00E+00,+15.72E+00,-14.50E+00,-1.59E+00,-7.226E+00
2,05/2/2026,18:37:26.982,-0.09E+00,-0.05E+00,+0.05E+00,+0.00E+00,+15.58E+00,-14.63E+00,-1.31E+00,-7.294E+00
2,05/2/2026,18:37:26.982,-0.09E+00,-0.05E+00,+0.00E+00,+0.00E+00,+15.44E+00,-14.77E+00,-1.04E+00,-7.363E+00
2,05/2/2026,18:37:26.982,-0.09E+00,-0.05E+00,+0.00E+00,+0.00E+00,+15.31E+00,-14.91E+00,-0.76E+00,-7.424E+00
2,05/2/2026,18:37:26.982,-0.09E+00,-0.05E+00,+0.00E+00,+0.00E+00,+15.17E+00,-15.03E+00,-0.50E+00,-7.485E+00
2,05/2/2026,18:37:26.982,-0.09E+00,-0.05E+00,+0.05E+00,+0.00E+00,+15.02E+00,-15.15E+00,-0.21E+00,-7.546E+00
2,05/2/2026,18:37:26.982,-0.09E+00,-0.05E+00,+0.05E+00,+0.00E+00,+14.86E+00,-15.28E+00,+0.05E+00,-7.607E+00
2,05/2/2026,18:37:26.983,-0.09E+00,-0.05E+00,+0.05E+00,-0.05E+00,+14.70E+00,-15.40E+00,+0.32E+00,-7.668E+00
2,05/2/2026,18:37:26.983,-0.09E+00,-0.05E+00,+0.05E+00,+0.00E+00,+14.53E+00,-15.50E+00,+0.61E+00,-7.714E+00
2,05/2/2026,18:37:26.983,-0.09E+00,-0.05E+00,+0.05E+00,+0.00E+00,+14.36E+00,-15.61E+00,+0.89E+00,-7.767E+00
2,05/2/2026,18:37:26.983,-0.09E+00,-0.05E+00,+0.05E+00,+0.00E+00,+14.18E+00,-15.70E+00,+1.16E+00,-7.821E+00
2,05/2/2026,18:37:26.983,-0.09E+00,-0.05E+00,+0.05E+00,-0.05E+00,+13.99E+00,-15.81E+00,+1.45E+00,-7.867E+00
2,05/2/2026,18:37:26.983,-0.09E+00,-0.05E+00,+0.00E+00,-0.05E+00,+13.81E+00,-15.90E+00,+1.72E+00,-7.912E+00
2,05/2/2026,18:37:26.983,-0.09E+00,-0.05E+00,+0.05E+00,+0.00E+00,+13.61E+00,-15.99E+00,+2.01E+00,-7.958E+00
2,05/2/2026,18:37:26.983,-0.09E+00,-0.05E+00,+0.05E+00,+0.00E+00,+13.43E+00,-16.08E+00,+2.29E+00,-7.996E+00
2,05/2/2026,18:37:26.983,-0.09E+00,-0.05E+00,+0.05E+00,+0.00E+00,+13.23E+00,-16.18E+00,+2.56E+00,-8.034E+00
2,05/2/2026,18:37:26.983,-0.09E+00,-0.05E+00,+0.05E+00,+0.00E+00,+13.03E+00,-16.25E+00,+2.85E+00,-8.080E+00
2,05/2/2026,18:37:26.983,-0.09E+00,-0.05E+00,+0.05E+00,-0.05E+00,+12.85E+00,-16.33E+00,+3.13E+00,-8.118E+00
2,05/2/2026,18:37:26.983,-0.09E+00,-0.05E+00,+0.05E+00,-0.05E+00,+12.65E+00,-16.40E+00,+3.40E+00,-8.149E+00
2,05/2/2026,18:37:26.983,-0.09E+00,-0.05E+00,+0.05E+00,+0.00E+00,+12.44E+00,-16.48E+00,+3.66E+00,-8.187E+00
2,05/2/2026,18:37:26.983,-0.09E+00,-0.05E+00,+0.00E+00,+0.00E+00,+12.24E+00,-16.54E+00,+3.94E+00,-8.218E+00
2,05/2/2026,18:37:26.983,-0.09E+00,-0.05E+00,+0.00E+00,+0.00E+00,+12.06E+00,-16.62E+00,+4.21E+00,-8.256E+00
2,05/2/2026,18:37:26.983,-0.09E+00,-0.05E+00,+0.05E+00,+0.00E+00,+11.86E+00,-16.68E+00,+4.47E+00,-8.279E+00
2,05/2/2026,18:37:26.983,-0.09E+00,-0.05E+00,+0.05E+00,+0.00E+00,+11.64E+00,-16.74E+00,+4.75E+00,-8.309E+00
2,05/2/2026,18:37:26.983,-0.09E+00,-0.05E+00,+0.05E+00,+0.00E+00,+11.45E+00,-16.82E+00,+5.01E+00,-8.340E+00
2,05/2/2026,18:37:26.983,-0.09E+00,-0.05E+00,+0.05E+00,+0.00E+00,+11.23E+00,-16.86E+00,+5.26E+00,-8.370E+00
2,05/2/2026,18:37:26.983,-0.09E+00,-0.05E+00,+0.05E+00,+0.00E+00,+11.03E+00,-16.92E+00,+5.52E+00,-8.401E+00
2,05/2/2026,18:37:26.984,-0.09E+00,-0.05E+00,+0.05E+00,+0.00E+00,+10.82E+00,-16.98E+00,+5.78E+00,-8.424E+00
2,05/2/2026,18:37:26.984,-0.09E+00,-0.05E+00,+0.05E+00,+0.00E+00,+10.62E+00,-17.03E+00,+6.04E+00,-8.447E+00
2,05/2/2026,18:37:26.984,-0.09E+00,-0.05E+00,+0.05E+00,+0.00E+00,+10.41E+00,-17.08E+00,+6.30E+00,-8.469E+00
2,05/2/2026,18:37:26.984,-0.09E+00,-0.05E+00,+0.05E+00,+0.00E+00,+10.21E+00,-17.11E+00,+6.55E+00,-8.485E+00
2,05/2/2026,18:37:26.984,-0.09E+00,-0.05E+00,+0.05E+00,+0.00E+00,+10.00E+00,-17.15E+00,+6.81E+00,-8.508E+00
2,05/2/2026,18:37:26.984,-0.09E+00,-0.05E+00,+0.05E+00,-0.05E+00,+9.78E+00,-17.20E+00,+7.05E+00,-8.523E+00
2,05/2/2026,18:37:26.984,-0.09E+00,-0.05E+00,+0.05E+00,+0.00E+00,+9.57E+00,-17.23E+00,+7.29E+00,-8.538E+00
2,05/2/2026,18:37:26.984,-0.09E+00,-0.05E+00,+0.05E+00,+0.00E+00,+9.37E+00,-17.26E+00,+7.54E+00,-8.553E+00
2,05/2/2026,18:37:26.984,-0.09E+00,-0.05E+00,+0.00E+00,-0.05E+00,+9.16E+00,-17.29E+00,+7.77E+00,-8.569E+00
2,05/2/2026,18:37:26.984,-0.09E+00,-0.05E+00,+0.00E+00,-0.05E+00,+8.96E+00,-17.31E+00,+8.00E+00,-8.576E+00
2,05/2/2026,18:37:26.984,-0.09E+00,-0.05E+00,+0.00E+00,+0.00E+00,+8.76E+00,-17.34E+00,+8.23E+00,-8.591E+00
2,05/2/2026,18:37:26.984,-0.09E+00,-0.05E+00,+0.05E+00,+0.00E+00,+8.55E+00,-17.37E+00,+8.45E+00,-8.607E+00
2,05/2/2026,18:37:26.984,-0.09E+00,-0.05E+00,+0.05E+00,+0.00E+00,+8.32E+00,-17.40E+00,+8.71E+00,-8.614E+00
2,05/2/2026,18:37:26.984,-0.09E+00,-0.05E+00,+0.05E+00,+0.00E+00,+8.10E+00,-17.41E+00,+8.94E+00,-8.622E+00
2,05/2/2026,18:37:26.984,-0.09E+00,-0.05E+00,+0.05E+00,+0.00E+00,+7.89E+00,-17.43E+00,+9.17E+00,-8.630E+00
2,05/2/2026,18:37:26.984,-0.09E+00,-0.05E+00,+0.05E+00,+0.00E+00,+7.66E+00,-17.44E+00,+9.42E+00,-8.630E+00
2,05/2/2026,18:37:26.984,-0.09E+00,-0.05E+00,+0.05E+00,+0.00E+00,+7.43E+00,-17.44E+00,+9.66E+00,-8.637E+00
2,05/2/2026,18:37:26.984,-0.09E+00,-0.05E+00,+0.05E+00,+0.00E+00,+7.20E+00,-17.46E+00,+9.90E+00,-8.637E+00
2,05/2/2026,18:37:26.984,-0.09E+00,-0.05E+00,+0.05E+00,-0.05E+00,+6.96E+00,-17.47E+00,+10.15E+00,-8.637E+00
2,05/2/2026,18:37:26.984,-0.09E+00,-0.05E+00,+0.05E+00,-0.05E+00,+6.73E+00,-17.47E+00,+10.38E+00,-8.637E+00
2,05/2/2026,18:37:26.985,-0.09E+00,-0.05E+00,+0.00E+00,+0.00E+00,+6.50E+00,-17.47E+00,+10.61E+00,-8.637E+00
2,05/2/2026,18:37:26.985,-0.09E+00,-0.05E+00,+0.00E+00,-0.05E+00,+6.27E+00,-17.47E+00,+10.85E+00,-8.637E+00
2,05/2/2026,18:37:26.985,-0.09E+00,-0.05E+00,+0.00E+00,-0.05E+00,+6.03E+00,-17.47E+00,+11.08E+00,-8.637E+00
2,05/2/2026,18:37:26.985,-0.09E+00,-0.05E+00,+0.05E+00,+0.00E+00,+5.80E+00,-17.47E+00,+11.32E+00,-8.637E+00
2,05/2/2026,18:37:26.985,-0.09E+00,-0.05E+00,+0.05E+00,+0.00E+00,+5.55E+00,-17.46E+00,+11.54E+00,-8.630E+00
2,05/2/2026,18:37:26.985,-0.09E+00,-0.05E+00,+0.05E+00,-0.05E+00,+5.33E+00,-17.44E+00,+11.77E+00,-8.614E+00
2,05/2/2026,18:37:26.985,-0.09E+00,-0.05E+00,+0.05E+00,+0.00E+00,+5.08E+00,-17.43E+00,+11.98E+00,-8.607E+00
2,05/2/2026,18:37:26.985,-0.09E+00,-0.05E+00,+0.00E+00,+0.00E+00,+4.85E+00,-17.40E+00,+12.18E+00,-8.591E+00
2,05/2/2026,18:37:26.985,-0.09E+00,-0.05E+00,+0.00E+00,+0.00E+00,+4.62E+00,-17.37E+00,+12.39E+00,-8.576E+00
2,05/2/2026,18:37:26.985,-0.09E+00,-0.05E+00,+0.00E+00,+0.00E+00,+4.38E+00,-17.31E+00,+12.57E+00,-8.546E+00
2,05/2/2026,18:37:26.985,-0.09E+00,-0.05E+00,+0.05E+00,-0.05E+00,+4.14E+00,-17.24E+00,+12.74E+00,-8.515E+00
2,05/2/2026,18:37:26.985,-0.09E+00,-0.05E+00,+0.05E+00,+0.00E+00,+3.89E+00,-17.17E+00,+12.91E+00,-8.477E+00
2,05/2/2026,18:37:26.985,-0.09E+00,-0.05E+00,+0.05E+00,+0.00E+00,+3.63E+00,-17.08E+00,+13.08E+00,-8.424E+00
2,05/2/2026,18:37:26.985,-0.09E+00,-0.05E+00,+0.05E+00,+0.00E+00,+3.39E+00,-16.98E+00,+13.23E+00,-8.370E+00
2,05/2/2026,18:37:26.985,-0.09E+00,-0.09E+00,+0.05E+00,-0.05E+00,+3.13E+00,-16.88E+00,+13.38E+00,-8.317E+00
2,05/2/2026,18:37:26.985,-0.09E+00,-0.05E+00,+0.05E+00,-0.05E+00,+2.85E+00,-16.76E+00,+13.54E+00,-8.263E+00
2,05/2/2026,18:37:26.985,-0.09E+00,-0.05E+00,+0.05E+00,+0.00E+00,+2.61E+00,-16.63E+00,+13.67E+00,-8.202E+00
2,05/2/2026,18:37:26.985,-0.05E+00,-0.05E+00,+0.00E+00,+0.00E+00,+2.35E+00,-16.51E+00,+13.81E+00,-8.134E+00
2,05/2/2026,18:37:26.985,-0.09E+00,-0.05E+00,+0.00E+00,+0.00E+00,+2.08E+00,-16.37E+00,+13.93E+00,-8.073E+00
2,05/2/2026,18:37:26.985,-0.09E+00,-0.05E+00,+0.05E+00,-0.05E+00,+1.80E+00,-16.25E+00,+14.07E+00,-8.004E+00
2,05/2/2026,18:37:26.986,-0.09E+00,-0.05E+00,+0.05E+00,+0.00E+00,+1.54E+00,-16.10E+00,+14.21E+00,-7.928E+00
2,05/2/2026,18:37:26.986,-0.09E+00,-0.05E+00,+0.05E+00,+0.00E+00,+1.25E+00,-15.95E+00,+14.33E+00,-7.859E+00
2,05/2/2026,18:37:26.986,-0.09E+00,-0.05E+00,+0.05E+00,+0.00E+00,+0.98E+00,-15.79E+00,+14.45E+00,-7.775E+00
2,05/2/2026,18:37:26.986,-0.09E+00,-0.05E+00,+0.00E+00,+0.00E+00,+0.70E+00,-15.64E+00,+14.57E+00,-7.691E+00
2,05/2/2026,18:37:26.986,-0.09E+00,-0.05E+00,+0.00E+00,+0.00E+00,+0.43E+00,-15.47E+00,+14.68E+00,-7.615E+00
2,05/2/2026,18:37:26.986,-0.09E+00,-0.05E+00,+0.05E+00,+0.00E+00,+0.14E+00,-15.31E+00,+14.80E+00,-7.531E+00
2,05/2/2026,18:37:26.986,-0.09E+00,-0.05E+00,+0.05E+00,+0.00E+00,-0.14E+00,-15.14E+00,+14.91E+00,-7.447E+00
2,05/2/2026,18:37:26.986,-0.09E+00,-0.05E+00,+0.05E+00,+0.00E+00,-0.41E+00,-14.97E+00,+15.00E+00,-7.355E+00
2,05/2/2026,18:37:26.986,-0.09E+00,-0.05E+00,+0.05E+00,+0.00E+00,-0.69E+00,-14.79E+00,+15.12E+00,-7.271E+00
2,05/2/2026,18:37:26.986,-0.09E+00,-0.05E+00,+0.05E+00,-0.05E+00,-0.98E+00,-14.60E+00,+15.21E+00,-7.180E+00
2,05/2/2026,18:37:26.986,-0.09E+00,-0.05E+00,+0.05E+00,+0.00E+00,-1.25E+00,-14.42E+00,+15.31E+00,-7.088E+00
2,05/2/2026,18:37:26.986,-0.05E+00,-0.05E+00,+0.05E+00,+0.00E+00,-1.54E+00,-14.24E+00,+15.41E+00,-6.997E+00
2,05/2/2026,18:37:26.986,-0.09E+00,-0.05E+00,+0.05E+00,-0.05E+00,-1.83E+00,-14.05E+00,+15.52E+00,-6.898E+00
2,05/2/2026,18:37:26.986,-0.09E+00,-0.05E+00,+0.05E+00,-0.05E+00,-2.11E+00,-13.87E+00,+15.61E+00,-6.798E+00
2,05/2/2026,18:37:26.986,-0.09E+00,-0.05E+00,+0.05E+00,-0.05E+00,-2.40E+00,-13.67E+00,+15.70E+00,-6.707E+00
2,05/2/2026,18:37:26.986,-0.09E+00,-0.05E+00,+0.00E+00,+0.00E+00,-2.67E+00,-13.47E+00,+15.78E+00,-6.608E+00
2,05/2/2026,18:37:26.986,-0.05E+00,-0.05E+00,+0.05E+00,+0.00E+00,-2.95E+00,-13.29E+00,+15.86E+00,-6.516E+00
2,05/2/2026,18:37:26.986,-0.05E+00,-0.05E+00,+0.05E+00,+0.00E+00,-3.22E+00,-13.09E+00,+15.93E+00,-6.417E+00
2,05/2/2026,18:37:26.986,-0.09E+00,-0.05E+00,+0.00E+00,+0.00E+00,-3.49E+00,-12.89E+00,+16.01E+00,-6.310E+00
2,05/2/2026,18:37:26.986,-0.09E+00,-0.05E+00,+0.05E+00,-0.05E+00,-3.75E+00,-12.70E+00,+16.08E+00,-6.211E+00
2,05/2/2026,18:37:26.987,-0.09E+00,-0.05E+00,+0.05E+00,+0.00E+00,-4.03E+00,-12.50E+00,+16.15E+00,-6.112E+00
2,05/2/2026,18:37:26.987,-0.09E+00,-0.05E+00,+0.05E+00,+0.00E+00,-4.29E+00,-12.28E+00,+16.21E+00,-6.013E+00
2,05/2/2026,18:37:26.987,-0.09E+00,-0.05E+00,+0.00E+00,+0.00E+00,-4.55E+00,-12.09E+00,+16.25E+00,-5.906E+00
2,05/2/2026,18:37:26.987,-0.09E+00,-0.05E+00,+0.05E+00,+0.00E+00,-4.82E+00,-11.89E+00,+16.31E+00,-5.807E+00
2,05/2/2026,18:37:26.987,-0.09E+00,-0.05E+00,+0.05E+00,+0.00E+00,-5.07E+00,-11.67E+00,+16.36E+00,-5.700E+00
2,05/2/2026,18:37:26.987,-0.09E+00,-0.05E+00,+0.00E+00,+0.00E+00,-5.33E+00,-11.46E+00,+16.42E+00,-5.600E+00
2,05/2/2026,18:37:26.987,-0.09E+00,-0.05E+00,+0.05E+00,+0.00E+00,-5.57E+00,-11.25E+00,+16.47E+00,-5.494E+00
2,05/2/2026,18:37:26.987,-0.09E+00,-0.05E+00,+0.05E+00,+0.00E+00,-5.83E+00,-11.05E+00,+16.51E+00,-5.387E+00
2,05/2/2026,18:37:26.987,-0.09E+00,-0.05E+00,+0.05E+00,+0.00E+00,-6.07E+00,-10.85E+00,+16.56E+00,-5.288E+00
2,05/2/2026,18:37:26.987,-0.09E+00,-0.05E+00,+0.00E+00,-0.05E+00,-6.33E+00,-10.64E+00,+16.59E+00,-5.181E+00
2,05/2/2026,18:37:26.987,-0.09E+00,-0.05E+00,+0.05E+00,+0.00E+00,-6.58E+00,-10.42E+00,+16.63E+00,-5.082E+00
2,05/2/2026,18:37:26.987,-0.09E+00,-0.05E+00,+0.05E+00,+0.00E+00,-6.82E+00,-10.22E+00,+16.66E+00,-4.975E+00
2,05/2/2026,18:37:26.987,-0.09E+00,-0.05E+00,+0.00E+00,+0.00E+00,-7.07E+00,-10.01E+00,+16.69E+00,-4.868E+00
2,05/2/2026,18:37:26.987,-0.09E+00,-0.05E+00,+0.05E+00,+0.00E+00,-7.31E+00,-9.80E+00,+16.74E+00,-4.761E+00
2,05/2/2026,18:37:26.987,-0.09E+00,-0.05E+00,+0.05E+00,+0.00E+00,-7.55E+00,-9.58E+00,+16.77E+00,-4.654E+00
2,05/2/2026,18:37:26.987,-0.09E+00,-0.05E+00,+0.05E+00,+0.00E+00,-7.80E+00,-9.37E+00,+16.79E+00,-4.548E+00
2,05/2/2026,18:37:26.987,-0.09E+00,-0.05E+00,+0.00E+00,+0.00E+00,-8.04E+00,-9.14E+00,+16.82E+00,-4.433E+00
2,05/2/2026,18:37:26.987,-0.09E+00,-0.05E+00,+0.00E+00,+0.00E+00,-8.27E+00,-8.93E+00,+16.83E+00,-4.326E+00
2,05/2/2026,18:37:26.987,-0.09E+00,-0.05E+00,+0.05E+00,+0.00E+00,-8.52E+00,-8.70E+00,+16.85E+00,-4.212E+00
2,05/2/2026,18:37:26.987,-0.09E+00,-0.05E+00,+0.05E+00,-0.05E+00,-8.76E+00,-8.48E+00,+16.86E+00,-4.105E+00
2,05/2/2026,18:37:26.988,-0.09E+00,-0.05E+00,+0.00E+00,-0.05E+00,-8.99E+00,-8.26E+00,+16.88E+00,-3.991E+00
2,05/2/2026,18:37:26.988,-0.09E+00,-0.05E+00,+0.00E+00,+0.00E+00,-9.23E+00,-8.03E+00,+16.89E+00,-3.876E+00
2,05/2/2026,18:37:26.988,-0.09E+00,-0.05E+00,+0.05E+00,+0.00E+00,-9.46E+00,-7.80E+00,+16.89E+00,-3.762E+00
2,05/2/2026,18:37:26.988,-0.09E+00,-0.05E+00,+0.05E+00,-0.05E+00,-9.71E+00,-7.55E+00,+16.91E+00,-3.647E+00
2,05/2/2026,18:37:26.988,-0.09E+00,-0.05E+00,+0.05E+00,-0.05E+00,-9.95E+00,-7.34E+00,+16.91E+00,-3.533E+00
2,05/2/2026,18:37:26.988,-0.09E+00,-0.05E+00,+0.05E+00,-0.05E+00,-10.19E+00,-7.10E+00,+16.91E+00,-3.411E+00
2,05/2/2026,18:37:26.988,-0.09E+00,-0.05E+00,+0.00E+00,+0.00E+00,-10.42E+00,-6.87E+00,+16.91E+00,-3.296E+00
2,05/2/2026,18:37:26.988,-0.09E+00,-0.05E+00,+0.05E+00,+0.00E+00,-10.65E+00,-6.62E+00,+16.92E+00,-3.174E+00
2,05/2/2026,18:37:26.988,-0.09E+00,-0.05E+00,+0.05E+00,-0.05E+00,-10.90E+00,-6.38E+00,+16.91E+00,-3.060E+00
2,05/2/2026,18:37:26.988,-0.09E+00,-0.05E+00,+0.05E+00,+0.00E+00,-11.14E+00,-6.13E+00,+16.91E+00,-2.938E+00
2,05/2/2026,18:37:26.988,-0.09E+00,-0.05E+00,+0.05E+00,+0.00E+00,-11.37E+00,-5.91E+00,+16.89E+00,-2.816E+00
2,05/2/2026,18:37:26.988,-0.09E+00,-0.05E+00,+0.05E+00,+0.00E+00,-11.60E+00,-5.66E+00,+16.89E+00,-2.693E+00
2,05/2/2026,18:37:26.988,-0.09E+00,-0.05E+00,+0.05E+00,+0.00E+00,-11.83E+00,-5.42E+00,+16.88E+00,-2.579E+00
2,05/2/2026,18:37:26.988,-0.09E+00,-0.05E+00,+0.05E+00,-0.05E+00,-12.04E+00,-5.17E+00,+16.85E+00,-2.457E+00
2,05/2/2026,18:37:26.988,-0.09E+00,-0.05E+00,+0.00E+00,+0.00E+00,-12.25E+00,-4.94E+00,+16.83E+00,-2.342E+00
2,05/2/2026,18:37:26.988,-0.09E+00,-0.05E+00,+0.00E+00,+0.00E+00,-12.47E+00,-4.70E+00,+16.82E+00,-2.220E+00
2,05/2/2026,18:37:26.988,-0.09E+00,-0.05E+00,+0.05E+00,+0.00E+00,-12.68E+00,-4.46E+00,+16.77E+00,-2.098E+00
2,05/2/2026,18:37:26.988,-0.09E+00,-0.05E+00,+0.00E+00,+0.00E+00,-12.88E+00,-4.21E+00,+16.73E+00,-1.976E+00
2,05/2/2026,18:37:26.988,-0.09E+00,-0.05E+00,+0.00E+00,+0.00E+00,-13.06E+00,-3.97E+00,+16.65E+00,-1.854E+00
2,05/2/2026,18:37:26.988,-0.09E+00,-0.05E+00,+0.05E+00,+0.00E+00,-13.25E+00,-3.69E+00,+16.57E+00,-1.724E+00
2,05/2/2026,18:37:26.989,-0.05E+00,-0.05E+00,+0.05E+00,+0.00E+00,-13.41E+00,-3.43E+00,+16.48E+00,-1.595E+00
2,05/2/2026,18:37:26.989,-0.09E+00,-0.05E+00,+0.00E+00,+0.00E+00,-13.57E+00,-3.17E+00,+16.37E+00,-1.457E+00
2,05/2/2026,18:37:26.989,-0.09E+00,-0.05E+00,+0.00E+00,-0.05E+00,-13.72E+00,-2.90E+00,+16.25E+00,-1.320E+00
2,05/2/2026,18:37:26.989,-0.09E+00,-0.05E+00,+0.00E+00,-0.05E+00,-13.86E+00,-2.62E+00,+16.13E+00,-1.190E+00
2,05/2/2026,18:37:26.989,-0.09E+00,-0.05E+00,+0.05E+00,+0.00E+00,-13.99E+00,-2.37E+00,+15.99E+00,-1.061E+00
2,05/2/2026,18:37:26.989,-0.09E+00,-0.05E+00,+0.05E+00,+0.00E+00,-14.13E+00,-2.09E+00,+15.86E+00,-0.923E+00
2,05/2/2026,18:37:26.989,-0.09E+00,-0.05E+00,+0.00E+00,+0.00E+00,-14.27E+00,-1.83E+00,+15.72E+00,-0.786E+00
2,05/2/2026,18:37:26.989,-0.09E+00,-0.05E+00,+0.05E+00,+0.00E+00,-14.41E+00,-1.56E+00,+15.60E+00,-0.649E+00
2,05/2/2026,18:37:26.989,-0.09E+00,-0.05E+00,+0.05E+00,+0.00E+00,-14.53E+00,-1.28E+00,+15.44E+00,-0.526E+00
2,05/2/2026,18:37:26.989,-0.09E+00,-0.05E+00,+0.05E+00,+0.00E+00,-14.67E+00,-1.02E+00,+15.31E+00,-0.382E+00
2,05/2/2026,18:37:26.989,-0.09E+00,-0.05E+00,+0.05E+00,+0.00E+00,-14.79E+00,-0.75E+00,+15.17E+00,-0.244E+00
2,05/2/2026,18:37:26.989,-0.09E+00,-0.05E+00,+0.00E+00,+0.00E+00,-14.89E+00,-0.47E+00,+15.02E+00,-0.168E+00
2,05/2/2026,18:37:26.989,-0.09E+00,-0.05E+00,+0.00E+00,-0.05E+00,-15.02E+00,-0.24E+00,+14.88E+00,+0.191E+00
2,05/2/2026,18:37:26.989,-0.09E+00,-0.05E+00,+0.05E+00,-0.05E+00,-15.11E+00,-0.18E+00,+14.92E+00,+0.847E+00
2,05/2/2026,18:37:26.989,-0.09E+00,-0.05E+00,+0.05E+00,+0.00E+00,-15.21E+00,-0.31E+00,+15.14E+00,+1.221E+00
2,05/2/2026,18:37:26.989,-0.09E+00,-0.05E+00,+0.05E+00,-0.05E+00,-15.31E+00,-0.43E+00,+15.35E+00,+1.381E+00
2,05/2/2026,18:37:26.989,-0.09E+00,-0.05E+00,+0.05E+00,-0.05E+00,-15.38E+00,-0.53E+00,+15.57E+00,+1.549E+00
2,05/2/2026,18:37:26.989,-0.09E+00,-0.05E+00,+0.05E+00,-0.05E+00,-15.47E+00,-0.61E+00,+15.73E+00,+1.557E+00
2,05/2/2026,18:37:26.989,-0.09E+00,-0.05E+00,+0.05E+00,-0.05E+00,-15.58E+00,-0.58E+00,+15.78E+00,+1.419E+00
2,05/2/2026,18:37:26.989,-0.09E+00,-0.05E+00,+0.05E+00,+0.00E+00,-15.66E+00,-0.40E+00,+15.69E+00,+1.274E+00
2,05/2/2026,18:37:26.990,-0.09E+00,-0.05E+00,+0.00E+00,+0.00E+00,-15.73E+00,-0.12E+00,+15.50E+00,+1.251E+00
2,05/2/2026,18:37:26.990,-0.09E+00,-0.05E+00,+0.05E+00,+0.00E+00,-15.82E+00,+0.18E+00,+15.29E+00,+1.320E+00
2,05/2/2026,18:37:26.990,-0.09E+00,-0.05E+00,+0.00E+00,+0.00E+00,-15.92E+00,+0.52E+00,+15.03E+00,+1.343E+00
2,05/2/2026,18:37:26.990,-0.09E+00,-0.05E+00,+0.05E+00,-0.05E+00,-15.99E+00,+0.92E+00,+14.73E+00,+1.389E+00
2,05/2/2026,18:37:26.990,-0.09E+00,-0.05E+00,+0.05E+00,-0.05E+00,-16.07E+00,+1.31E+00,+14.39E+00,+1.442E+00
2,05/2/2026,18:37:26.990,-0.09E+00,-0.05E+00,+0.05E+00,+0.00E+00,-16.16E+00,+1.79E+00,+14.01E+00,+1.351E+00
2,05/2/2026,18:37:26.990,-0.09E+00,-0.05E+00,+0.05E+00,+0.00E+00,-16.24E+00,+2.35E+00,+13.54E+00,+1.305E+00
2,05/2/2026,18:37:26.990,-0.09E+00,-0.05E+00,+0.00E+00,+0.00E+00,-16.28E+00,+2.90E+00,+13.03E+00,+1.526E+00
2,05/2/2026,18:37:26.990,-0.09E+00,-0.05E+00,+0.05E+00,-0.05E+00,-16.34E+00,+3.39E+00,+12.60E+00,+1.801E+00
2,05/2/2026,18:37:26.990,-0.09E+00,-0.05E+00,+0.05E+00,+0.00E+00,-16.42E+00,+3.82E+00,+12.24E+00,+1.999E+00
2,05/2/2026,18:37:26.990,-0.05E+00,-0.05E+00,+0.05E+00,+0.00E+00,-16.48E+00,+4.21E+00,+11.90E+00,+2.213E+00
2,05/2/2026,18:37:26.990,-0.05E+00,-0.05E+00,+0.00E+00,+0.00E+00,-16.54E+00,+4.59E+00,+11.58E+00,+2.381E+00
2,05/2/2026,18:37:26.990,-0.09E+00,-0.05E+00,+0.00E+00,-0.05E+00,-16.59E+00,+4.94E+00,+11.28E+00,+2.571E+00
2,05/2/2026,18:37:26.990,-0.09E+00,-0.05E+00,+0.00E+00,+0.00E+00,-16.63E+00,+5.25E+00,+11.03E+00,+2.922E+00
2,05/2/2026,18:37:26.990,-0.09E+00,-0.05E+00,+0.00E+00,+0.00E+00,-16.69E+00,+5.43E+00,+10.91E+00,+3.304E+00
2,05/2/2026,18:37:26.990,-0.09E+00,-0.05E+00,+0.05E+00,+0.00E+00,-16.74E+00,+5.54E+00,+10.85E+00,+3.533E+00
2,05/2/2026,18:37:26.990,-0.09E+00,-0.05E+00,+0.05E+00,+0.00E+00,-16.79E+00,+5.63E+00,+10.80E+00,+3.701E+00
2,05/2/2026,18:37:26.990,-0.09E+00,-0.05E+00,+0.05E+00,-0.05E+00,-16.85E+00,+5.72E+00,+10.76E+00,+3.846E+00
2,05/2/2026,18:37:26.990,-0.09E+00,-0.05E+00,+0.05E+00,-0.05E+00,-16.88E+00,+5.81E+00,+10.70E+00,+3.945E+00
2,05/2/2026,18:37:26.990,-0.09E+00,-0.05E+00,+0.05E+00,-0.05E+00,-16.91E+00,+5.94E+00,+10.62E+00,+4.044E+00
2,05/2/2026,18:37:26.991,-0.09E+00,-0.05E+00,+0.00E+00,+0.00E+00,-16.95E+00,+6.06E+00,+10.53E+00,+4.143E+00
2,05/2/2026,18:37:26.991,-0.09E+00,-0.05E+00,+0.00E+00,+0.00E+00,-16.98E+00,+6.21E+00,+10.41E+00,+4.136E+00
2,05/2/2026,18:37:26.991,-0.09E+00,-0.05E+00,+0.00E+00,+0.00E+00,-17.02E+00,+6.46E+00,+10.19E+00,+4.021E+00
2,05/2/2026,18:37:26.991,-0.09E+00,-0.05E+00,+0.05E+00,+0.00E+00,-17.03E+00,+6.81E+00,+9.87E+00,+3.929E+00
2,05/2/2026,18:37:26.991,-0.09E+00,-0.05E+00,+0.05E+00,+0.00E+00,-17.06E+00,+7.22E+00,+9.48E+00,+3.922E+00
2,05/2/2026,18:37:26.991,-0.09E+00,-0.05E+00,+0.05E+00,+0.00E+00,-17.08E+00,+7.63E+00,+9.08E+00,+4.044E+00
2,05/2/2026,18:37:26.991,-0.09E+00,-0.05E+00,+0.05E+00,+0.00E+00,-17.09E+00,+8.04E+00,+8.70E+00,+4.189E+00
2,05/2/2026,18:37:26.991,-0.09E+00,-0.05E+00,+0.00E+00,+0.00E+00,-17.11E+00,+8.44E+00,+8.30E+00,+4.296E+00
2,05/2/2026,18:37:26.991,-0.09E+00,-0.05E+00,+0.05E+00,+0.00E+00,-17.11E+00,+8.82E+00,+7.94E+00,+4.464E+00
2,05/2/2026,18:37:26.991,-0.09E+00,-0.05E+00,+0.05E+00,+0.00E+00,-17.12E+00,+9.17E+00,+7.60E+00,+4.609E+00
2,05/2/2026,18:37:26.991,-0.09E+00,-0.05E+00,+0.00E+00,+0.00E+00,-17.12E+00,+9.52E+00,+7.25E+00,+4.715E+00
2,05/2/2026,18:37:26.991,-0.09E+00,-0.05E+00,+0.00E+00,+0.00E+00,-17.12E+00,+9.89E+00,+6.88E+00,+4.799E+00
2,05/2/2026,18:37:26.991,-0.09E+00,-0.05E+00,+0.05E+00,-0.05E+00,-17.14E+00,+10.27E+00,+6.52E+00,+4.860E+00
2,05/2/2026,18:37:26.991,-0.09E+00,-0.05E+00,+0.05E+00,-0.05E+00,-17.14E+00,+10.65E+00,+6.12E+00,+4.921E+00
2,05/2/2026,18:37:26.991,-0.09E+00,-0.05E+00,+0.05E+00,-0.05E+00,-17.14E+00,+11.06E+00,+5.72E+00,+4.982E+00
2,05/2/2026,18:37:26.991,-0.09E+00,-0.05E+00,+0.05E+00,+0.00E+00,-17.14E+00,+11.49E+00,+5.28E+00,+5.036E+00
2,05/2/2026,18:37:26.991,-0.09E+00,-0.05E+00,+0.05E+00,+0.00E+00,-17.12E+00,+11.95E+00,+4.82E+00,+5.089E+00
2,05/2/2026,18:37:26.991,-0.09E+00,-0.05E+00,+0.00E+00,+0.00E+00,-17.11E+00,+12.41E+00,+4.35E+00,+5.143E+00
2,05/2/2026,18:37:26.991,-0.09E+00,-0.05E+00,+0.05E+00,+0.00E+00,-17.09E+00,+12.89E+00,+3.85E+00,+5.188E+00
2,05/2/2026,18:37:26.991,-0.09E+00,-0.05E+00,+0.05E+00,-0.05E+00,-17.08E+00,+13.40E+00,+3.33E+00,+5.234E+00
2,05/2/2026,18:37:26.992,-0.09E+00,-0.05E+00,+0.05E+00,-0.05E+00,-17.06E+00,+13.90E+00,+2.79E+00,+5.280E+00
2,05/2/2026,18:37:26.992,-0.09E+00,-0.05E+00,+0.05E+00,+0.00E+00,-17.02E+00,+14.44E+00,+2.23E+00,+5.318E+00
2,05/2/2026,18:37:26.992,-0.09E+00,-0.05E+00,+0.00E+00,+0.00E+00,-16.98E+00,+14.97E+00,+1.65E+00,+5.356E+00
2,05/2/2026,18:37:26.992,-0.09E+00,-0.05E+00,+0.00E+00,-0.05E+00,-16.94E+00,+15.52E+00,+1.05E+00,+5.387E+00
2,05/2/2026,18:37:26.992,-0.09E+00,-0.05E+00,+0.05E+00,-0.05E+00,-16.88E+00,+16.07E+00,+0.44E+00,+5.417E+00
2,05/2/2026,18:37:26.992,-0.09E+00,-0.05E+00,+0.05E+00,+0.00E+00,-16.80E+00,+16.63E+00,-0.20E+00,+5.440E+00
2,05/2/2026,18:37:26.992,-0.09E+00,-0.05E+00,+0.05E+00,+0.00E+00,-16.71E+00,+17.20E+00,-0.85E+00,+5.463E+00
2,05/2/2026,18:37:26.992,-0.09E+00,-0.05E+00,+0.05E+00,+0.00E+00,-16.62E+00,+17.78E+00,-1.51E+00,+5.478E+00
2,05/2/2026,18:37:26.992,-0.09E+00,-0.05E+00,+0.05E+00,-0.05E+00,-16.53E+00,+18.37E+00,-2.20E+00,+5.494E+00
2,05/2/2026,18:37:26.992,-0.09E+00,-0.05E+00,+0.05E+00,+0.00E+00,-16.44E+00,+18.97E+00,-2.91E+00,+5.509E+00
2,05/2/2026,18:37:26.992,-0.09E+00,-0.05E+00,+0.05E+00,+0.00E+00,-16.33E+00,+19.58E+00,-3.63E+00,+5.524E+00
2,05/2/2026,18:37:26.992,-0.09E+00,-0.05E+00,+0.05E+00,+0.00E+00,-16.21E+00,+20.20E+00,-4.36E+00,+5.532E+00
2,05/2/2026,18:37:26.992,-0.09E+00,-0.05E+00,+0.00E+00,+0.00E+00,-16.10E+00,+20.85E+00,-5.13E+00,+5.547E+00
2,05/2/2026,18:37:26.992,-0.09E+00,-0.05E+00,+0.05E+00,+0.00E+00,-15.96E+00,+21.50E+00,-5.89E+00,+5.555E+00
2,05/2/2026,18:37:26.992,-0.09E+00,-0.05E+00,+0.05E+00,+0.00E+00,-15.84E+00,+22.16E+00,-6.68E+00,+5.562E+00
2,05/2/2026,18:37:26.992,-0.05E+00,-0.05E+00,+0.05E+00,+0.00E+00,-15.70E+00,+22.84E+00,-7.49E+00,+5.562E+00
2,05/2/2026,18:37:26.992,-0.09E+00,-0.05E+00,+0.00E+00,+0.00E+00,-15.57E+00,+23.52E+00,-8.32E+00,+5.570E+00
2,05/2/2026,18:37:26.992,-0.09E+00,-0.05E+00,+0.00E+00,-0.05E+00,-15.43E+00,+24.22E+00,-9.16E+00,+5.570E+00
2,05/2/2026,18:37:26.992,-0.09E+00,-0.05E+00,+0.00E+00,+0.00E+00,-15.28E+00,+24.92E+00,-10.00E+00,+5.570E+00
2,05/2/2026,18:37:26.992,-0.05E+00,-0.05E+00,+0.00E+00,+0.00E+00,-15.12E+00,+25.62E+00,-10.88E+00,+5.570E+00
2,05/2/2026,18:37:26.993,-0.09E+00,-0.05E+00,+0.05E+00,-0.05E+00,-14.97E+00,+26.34E+00,-11.75E+00,+5.570E+00
2,05/2/2026,18:37:26.993,-0.09E+00,-0.05E+00,+0.00E+00,-0.05E+00,-14.80E+00,+27.07E+00,-12.64E+00,+5.562E+00
2,05/2/2026,18:37:26.993,-0.09E+00,-0.05E+00,+0.00E+00,+0.00E+00,-14.62E+00,+27.80E+00,-13.55E+00,+5.555E+00
2,05/2/2026,18:37:26.993,-0.09E+00,-0.05E+00,+0.05E+00,+0.00E+00,-14.45E+00,+28.54E+00,-14.47E+00,+5.539E+00
2,05/2/2026,18:37:26.993,-0.09E+00,-0.05E+00,+0.05E+00,-0.05E+00,-14.27E+00,+29.28E+00,-15.38E+00,+5.532E+00
2,05/2/2026,18:37:26.993,-0.09E+00,-0.05E+00,+0.05E+00,+0.00E+00,-14.09E+00,+30.05E+00,-16.33E+00,+5.517E+00
2,05/2/2026,18:37:26.993,-0.09E+00,-0.05E+00,+0.00E+00,+0.00E+00,-13.89E+00,+30.83E+00,-17.27E+00,+5.509E+00
2,05/2/2026,18:37:26.993,-0.09E+00,-0.05E+00,+0.00E+00,+0.00E+00,-13.70E+00,+31.60E+00,-18.25E+00,+5.494E+00
2,05/2/2026,18:37:26.993,-0.09E+00,-0.05E+00,+0.05E+00,+0.00E+00,-13.51E+00,+32.40E+00,-19.23E+00,+5.471E+00
2,05/2/2026,18:37:26.993,-0.09E+00,-0.05E+00,+0.05E+00,+0.00E+00,-13.32E+00,+33.19E+00,-20.20E+00,+5.463E+00
2,05/2/2026,18:37:26.993,-0.09E+00,-0.05E+00,+0.00E+00,+0.00E+00,-13.12E+00,+34.00E+00,-21.21E+00,+5.448E+00
2,05/2/2026,18:37:26.993,-0.09E+00,-0.05E+00,+0.05E+00,-0.05E+00,-12.93E+00,+34.81E+00,-22.22E+00,+5.425E+00
2,05/2/2026,18:37:26.993,-0.09E+00,-0.05E+00,+0.05E+00,-0.05E+00,-12.74E+00,+35.62E+00,-23.24E+00,+5.410E+00
2,05/2/2026,18:37:26.993,-0.09E+00,-0.05E+00,+0.05E+00,+0.00E+00,-12.53E+00,+36.46E+00,-24.26E+00,+5.394E+00
2,05/2/2026,18:37:26.993,-0.09E+00,-0.05E+00,+0.05E+00,+0.00E+00,-12.33E+00,+37.28E+00,-25.32E+00,+5.372E+00
2,05/2/2026,18:37:26.993,-0.09E+00,-0.05E+00,+0.00E+00,-0.05E+00,-12.13E+00,+38.14E+00,-26.35E+00,+5.349E+00
2,05/2/2026,18:37:26.993,-0.09E+00,-0.05E+00,+0.05E+00,-0.05E+00,-11.92E+00,+38.99E+00,-27.41E+00,+5.333E+00
2,05/2/2026,18:37:26.993,-0.09E+00,-0.05E+00,+0.05E+00,-0.05E+00,-11.72E+00,+39.84E+00,-28.48E+00,+5.311E+00
2,05/2/2026,18:37:26.993,-0.09E+00,-0.05E+00,+0.05E+00,+0.00E+00,-11.51E+00,+40.70E+00,-29.56E+00,+5.288E+00
2,05/2/2026,18:37:26.993,-0.09E+00,-0.05E+00,+0.00E+00,+0.00E+00,-11.31E+00,+41.58E+00,-30.64E+00,+5.265E+00
2,05/2/2026,18:37:26.994,-0.09E+00,-0.05E+00,+0.00E+00,+0.00E+00,-11.09E+00,+42.47E+00,-31.73E+00,+5.242E+00
2,05/2/2026,18:37:26.994,-0.09E+00,-0.05E+00,+0.00E+00,+0.00E+00,-10.88E+00,+43.35E+00,-32.82E+00,+5.219E+00
2,05/2/2026,18:37:26.994,-0.09E+00,-0.05E+00,+0.05E+00,+0.00E+00,-10.67E+00,+44.24E+00,-33.92E+00,+5.188E+00
2,05/2/2026,18:37:26.994,-0.09E+00,-0.05E+00,+0.05E+00,-0.05E+00,-10.47E+00,+45.12E+00,-35.04E+00,+5.166E+00
2,05/2/2026,18:37:26.994,-0.09E+00,-0.05E+00,+0.05E+00,+0.00E+00,-10.25E+00,+46.02E+00,-36.15E+00,+5.143E+00
2,05/2/2026,18:37:26.994,-0.09E+00,-0.05E+00,+0.05E+00,+0.00E+00,-10.03E+00,+46.94E+00,-37.27E+00,+5.112E+00
2,05/2/2026,18:37:26.994,-0.09E+00,-0.05E+00,+0.05E+00,+0.00E+00,-9.83E+00,+47.86E+00,-38.39E+00,+5.082E+00
2,05/2/2026,18:37:26.994,-0.09E+00,-0.05E+00,+0.05E+00,-0.05E+00,-9.61E+00,+48.77E+00,-39.52E+00,+5.059E+00
2,05/2/2026,18:37:26.994,-0.09E+00,-0.05E+00,+0.05E+00,+0.00E+00,-9.40E+00,+49.69E+00,-40.65E+00,+5.028E+00
2,05/2/2026,18:37:26.994,-0.09E+00,-0.05E+00,+0.05E+00,+0.00E+00,-9.20E+00,+50.62E+00,-41.78E+00,+4.998E+00
2,05/2/2026,18:37:26.994,-0.09E+00,-0.05E+00,+0.05E+00,+0.00E+00,-8.99E+00,+51.55E+00,-42.91E+00,+4.960E+00
2,05/2/2026,18:37:26.994,-0.09E+00,-0.05E+00,+0.05E+00,-0.05E+00,-8.77E+00,+52.48E+00,-44.07E+00,+4.937E+00
2,05/2/2026,18:37:26.994,-0.09E+00,-0.05E+00,+0.05E+00,+0.00E+00,-8.56E+00,+53.43E+00,-45.23E+00,+4.906E+00
2,05/2/2026,18:37:26.994,-0.09E+00,-0.05E+00,+0.05E+00,+0.00E+00,-8.33E+00,+54.36E+00,-46.41E+00,+4.868E+00
2,05/2/2026,18:37:26.994,-0.05E+00,-0.05E+00,+0.05E+00,+0.00E+00,-8.10E+00,+55.30E+00,-47.57E+00,+4.837E+00
2,05/2/2026,18:37:26.994,-0.05E+00,-0.05E+00,+0.00E+00,+0.00E+00,-7.87E+00,+56.25E+00,-48.74E+00,+4.799E+00
2,05/2/2026,18:37:26.994,-0.09E+00,-0.05E+00,+0.00E+00,+0.00E+00,-7.65E+00,+57.20E+00,-49.92E+00,+4.769E+00
2,05/2/2026,18:37:26.994,-0.09E+00,-0.05E+00,+0.05E+00,+0.00E+00,-7.42E+00,+58.16E+00,-51.11E+00,+4.738E+00
2,05/2/2026,18:37:26.994,-0.09E+00,-0.05E+00,+0.05E+00,+0.00E+00,-7.17E+00,+59.12E+00,-52.31E+00,+4.693E+00
2,05/2/2026,18:37:26.994,-0.09E+00,-0.05E+00,+0.00E+00,+0.00E+00,-6.94E+00,+60.08E+00,-53.49E+00,+4.654E+00
2,05/2/2026,18:37:26.995,-0.09E+00,-0.05E+00,+0.00E+00,+0.00E+00,-6.71E+00,+61.04E+00,-54.69E+00,+4.616E+00
2,05/2/2026,18:37:26.995,-0.09E+00,-0.05E+00,+0.00E+00,+0.00E+00,-6.49E+00,+62.00E+00,-55.90E+00,+4.578E+00
2,05/2/2026,18:37:26.995,-0.09E+00,-0.05E+00,+0.05E+00,-0.05E+00,-6.24E+00,+62.96E+00,-57.10E+00,+4.532E+00
2,05/2/2026,18:37:26.995,-0.09E+00,-0.05E+00,+0.05E+00,+0.00E+00,-6.00E+00,+63.96E+00,-58.31E+00,+4.494E+00
2,05/2/2026,18:37:26.995,-0.09E+00,-0.05E+00,+0.05E+00,+0.00E+00,-5.75E+00,+64.92E+00,-59.51E+00,+4.448E+00
2,05/2/2026,18:37:26.995,-0.09E+00,-0.05E+00,+0.05E+00,-0.05E+00,-5.52E+00,+65.88E+00,-60.72E+00,+4.410E+00
2,05/2/2026,18:37:26.995,-0.09E+00,-0.05E+00,+0.05E+00,-0.05E+00,-5.28E+00,+66.85E+00,-61.93E+00,+4.364E+00
2,05/2/2026,18:37:26.995,-0.09E+00,-0.05E+00,+0.00E+00,+0.00E+00,-5.05E+00,+67.82E+00,-63.13E+00,+4.311E+00
2,05/2/2026,18:37:26.995,-0.09E+00,-0.05E+00,+0.05E+00,-0.05E+00,-4.81E+00,+68.76E+00,-64.32E+00,+4.258E+00
2,05/2/2026,18:37:26.995,-0.09E+00,-0.05E+00,+0.05E+00,-0.05E+00,-4.56E+00,+69.71E+00,-65.53E+00,+4.204E+00
2,05/2/2026,18:37:26.995,-0.09E+00,-0.05E+00,+0.00E+00,+0.00E+00,-4.32E+00,+70.64E+00,-66.70E+00,+4.143E+00
2,05/2/2026,18:37:26.995,-0.09E+00,-0.05E+00,+0.00E+00,+0.00E+00,-4.07E+00,+71.56E+00,-67.88E+00,+4.074E+00
2,05/2/2026,18:37:26.995,-0.09E+00,-0.05E+00,+0.05E+00,+0.00E+00,-3.82E+00,+72.46E+00,-69.04E+00,+3.998E+00
2,05/2/2026,18:37:26.995,-0.09E+00,-0.05E+00,+0.05E+00,-0.05E+00,-3.56E+00,+73.34E+00,-70.18E+00,+3.929E+00
2,05/2/2026,18:37:26.995,-0.09E+00,-0.05E+00,+0.05E+00,-0.05E+00,-3.30E+00,+74.23E+00,-71.31E+00,+3.861E+00
2,05/2/2026,18:37:26.995,-0.09E+00,-0.05E+00,+0.05E+00,+0.00E+00,-3.02E+00,+75.10E+00,-72.46E+00,+3.785E+00
2,05/2/2026,18:37:26.995,-0.09E+00,-0.05E+00,+0.05E+00,+0.00E+00,-2.76E+00,+75.95E+00,-73.57E+00,+3.708E+00
2,05/2/2026,18:37:26.995,-0.09E+00,-0.05E+00,+0.00E+00,+0.00E+00,-2.52E+00,+76.79E+00,-74.68E+00,+3.632E+00
2,05/2/2026,18:37:26.995,-0.09E+00,-0.05E+00,+0.00E+00,+0.00E+00,-2.24E+00,+77.63E+00,-75.78E+00,+3.556E+00
2,05/2/2026,18:37:26.995,-0.09E+00,-0.05E+00,+0.00E+00,+0.00E+00,-1.95E+00,+78.45E+00,-76.88E+00,+3.479E+00
2,05/2/2026,18:37:26.996,-0.09E+00,-0.09E+00,+0.00E+00,+0.00E+00,-1.68E+00,+79.25E+00,-77.96E+00,+3.395E+00
2,05/2/2026,18:37:26.996,-0.09E+00,-0.05E+00,+0.05E+00,-0.05E+00,-1.39E+00,+80.04E+00,-79.03E+00,+3.319E+00
2,05/2/2026,18:37:26.996,-0.09E+00,-0.05E+00,+0.05E+00,-0.05E+00,-1.11E+00,+80.82E+00,-80.10E+00,+3.235E+00
2,05/2/2026,18:37:26.996,-0.09E+00,-0.05E+00,+0.05E+00,+0.00E+00,-0.84E+00,+81.60E+00,-81.14E+00,+3.151E+00
2,05/2/2026,18:37:26.996,-0.09E+00,-0.05E+00,+0.05E+00,+0.00E+00,-0.55E+00,+82.36E+00,-82.19E+00,+3.060E+00
2,05/2/2026,18:37:26.996,-0.09E+00,-0.05E+00,+0.00E+00,+0.00E+00,-0.26E+00,+83.09E+00,-83.23E+00,+2.976E+00
2,05/2/2026,18:37:26.996,-0.09E+00,-0.05E+00,+0.00E+00,-0.05E+00,+0.02E+00,+83.82E+00,-84.24E+00,+2.892E+00
2,05/2/2026,18:37:26.996,-0.09E+00,-0.05E+00,+0.05E+00,-0.05E+00,+0.29E+00,+84.54E+00,-85.24E+00,+2.800E+00
2,05/2/2026,18:37:26.996,-0.09E+00,-0.05E+00,+0.05E+00,-0.05E+00,+0.58E+00,+85.26E+00,-86.25E+00,+2.709E+00
2,05/2/2026,18:37:26.996,-0.05E+00,-0.05E+00,+0.05E+00,+0.00E+00,+0.87E+00,+85.96E+00,-87.23E+00,+2.625E+00
2,05/2/2026,18:37:26.996,-0.09E+00,-0.05E+00,+0.05E+00,+0.00E+00,+1.16E+00,+86.65E+00,-88.20E+00,+2.533E+00
2,05/2/2026,18:37:26.996,-0.09E+00,-0.05E+00,+0.05E+00,+0.00E+00,+1.45E+00,+87.32E+00,-89.17E+00,+2.442E+00
2,05/2/2026,18:37:26.996,-0.09E+00,-0.05E+00,+0.05E+00,+0.00E+00,+1.74E+00,+87.97E+00,-90.11E+00,+2.350E+00
2,05/2/2026,18:37:26.996,-0.09E+00,-0.05E+00,+0.05E+00,+0.00E+00,+2.03E+00,+88.62E+00,-91.04E+00,+2.266E+00
2,05/2/2026,18:37:26.996,-0.09E+00,-0.05E+00,+0.00E+00,+0.00E+00,+2.30E+00,+89.26E+00,-91.96E+00,+2.175E+00
2,05/2/2026,18:37:26.996,-0.09E+00,-0.05E+00,+0.00E+00,+0.00E+00,+2.59E+00,+89.88E+00,-92.87E+00,+2.075E+00
2,05/2/2026,18:37:26.996,-0.09E+00,-0.05E+00,+0.00E+00,-0.05E+00,+2.87E+00,+90.49E+00,-93.76E+00,+1.984E+00
2,05/2/2026,18:37:26.996,-0.09E+00,-0.05E+00,+0.05E+00,+0.00E+00,+3.16E+00,+91.10E+00,-94.64E+00,+1.892E+00
2,05/2/2026,18:37:26.996,-0.09E+00,-0.05E+00,+0.05E+00,+0.00E+00,+3.42E+00,+91.68E+00,-95.50E+00,+1.808E+00
2,05/2/2026,18:37:26.996,-0.09E+00,-0.05E+00,+0.05E+00,+0.00E+00,+3.69E+00,+92.25E+00,-96.35E+00,+1.717E+00
2,05/2/2026,18:37:26.997,-0.09E+00,-0.05E+00,+0.05E+00,-0.05E+00,+3.97E+00,+92.83E+00,-97.18E+00,+1.633E+00
2,05/2/2026,18:37:26.997,-0.09E+00,-0.05E+00,+0.00E+00,+0.00E+00,+4.23E+00,+93.38E+00,-98.00E+00,+1.541E+00
2,05/2/2026,18:37:26.997,-0.09E+00,-0.05E+00,+0.00E+00,+0.00E+00,+4.50E+00,+93.91E+00,-98.79E+00,+1.450E+00
2,05/2/2026,18:37:26.997,-0.09E+00,-0.05E+00,+0.05E+00,+0.00E+00,+4.76E+00,+94.43E+00,-99.59E+00,+1.366E+00
2,05/2/2026,18:37:26.997,-0.09E+00,-0.05E+00,+0.05E+00,+0.00E+00,+5.02E+00,+94.93E+00,-100.35E+00,+1.274E+00
2,05/2/2026,18:37:26.997,-0.09E+00,-0.05E+00,+0.05E+00,+0.00E+00,+5.30E+00,+95.44E+00,-101.11E+00,+1.183E+00
2,05/2/2026,18:37:26.997,-0.09E+00,-0.05E+00,+0.05E+00,-0.05E+00,+5.55E+00,+95.91E+00,-101.86E+00,+1.091E+00
2,05/2/2026,18:37:26.997,-0.09E+00,-0.05E+00,+0.00E+00,+0.00E+00,+5.81E+00,+96.38E+00,-102.58E+00,+1.007E+00
2,05/2/2026,18:37:26.997,-0.09E+00,-0.05E+00,+0.05E+00,+0.00E+00,+6.06E+00,+96.84E+00,-103.30E+00,+0.916E+00
2,05/2/2026,18:37:26.997,-0.09E+00,-0.05E+00,+0.05E+00,+0.00E+00,+6.32E+00,+97.28E+00,-104.00E+00,+0.832E+00
2,05/2/2026,18:37:26.997,-0.09E+00,-0.05E+00,+0.05E+00,-0.05E+00,+6.56E+00,+97.71E+00,-104.68E+00,+0.740E+00
2,05/2/2026,18:37:26.997,-0.09E+00,-0.05E+00,+0.05E+00,+0.00E+00,+6.82E+00,+98.14E+00,-105.36E+00,+0.649E+00
2,05/2/2026,18:37:26.997,-0.09E+00,-0.05E+00,+0.05E+00,+0.00E+00,+7.07E+00,+98.55E+00,-106.01E+00,+0.565E+00
2,05/2/2026,18:37:26.997,-0.09E+00,-0.05E+00,+0.00E+00,-0.05E+00,+7.31E+00,+98.93E+00,-106.65E+00,+0.481E+00
2,05/2/2026,18:37:26.997,-0.09E+00,-0.05E+00,+0.05E+00,-0.05E+00,+7.57E+00,+99.33E+00,-107.28E+00,+0.389E+00
2,05/2/2026,18:37:26.997,-0.09E+00,-0.05E+00,+0.05E+00,-0.05E+00,+7.80E+00,+99.69E+00,-107.87E+00,+0.305E+00
2,05/2/2026,18:37:26.997,-0.09E+00,-0.05E+00,+0.05E+00,-0.05E+00,+8.04E+00,+100.03E+00,-108.48E+00,+0.214E+00
2,05/2/2026,18:37:26.997,-0.09E+00,-0.05E+00,+0.00E+00,+0.00E+00,+8.29E+00,+100.37E+00,-109.08E+00,+0.122E+00
2,05/2/2026,18:37:26.997,-0.09E+00,-0.05E+00,+0.05E+00,+0.00E+00,+8.53E+00,+100.70E+00,-109.63E+00,+0.038E+00
2,05/2/2026,18:37:26.997,-0.09E+00,-0.05E+00,+0.05E+00,+0.00E+00,+8.77E+00,+101.01E+00,-110.18E+00,-0.053E+00
2,05/2/2026,18:37:26.998,-0.09E+00,-0.05E+00,+0.05E+00,+0.00E+00,+9.00E+00,+101.30E+00,-110.71E+00,-0.145E+00
2,05/2/2026,18:37:26.998,-0.09E+00,-0.05E+00,+0.05E+00,+0.00E+00,+9.25E+00,+101.57E+00,-111.23E+00,-0.237E+00
2,05/2/2026,18:37:26.998,-0.09E+00,-0.05E+00,+0.05E+00,+0.00E+00,+9.49E+00,+101.83E+00,-111.74E+00,-0.320E+00
2,05/2/2026,18:37:26.998,-0.09E+00,-0.05E+00,+0.00E+00,+0.00E+00,+9.74E+00,+102.06E+00,-112.21E+00,-0.412E+00
2,05/2/2026,18:37:26.998,-0.09E+00,-0.05E+00,+0.05E+00,+0.00E+00,+9.98E+00,+102.29E+00,-112.70E+00,-0.504E+00
2,05/2/2026,18:37:26.998,-0.09E+00,-0.05E+00,+0.00E+00,+0.00E+00,+10.22E+00,+102.50E+00,-113.15E+00,-0.595E+00
2,05/2/2026,18:37:26.998,-0.09E+00,-0.05E+00,+0.05E+00,-0.05E+00,+10.47E+00,+102.70E+00,-113.58E+00,-0.687E+00
2,05/2/2026,18:37:26.998,-0.09E+00,-0.05E+00,+0.05E+00,+0.00E+00,+10.71E+00,+102.88E+00,-114.01E+00,-0.778E+00
2,05/2/2026,18:37:26.998,-0.09E+00,-0.05E+00,+0.00E+00,+0.00E+00,+10.94E+00,+103.05E+00,-114.42E+00,-0.870E+00
2,05/2/2026,18:37:26.998,-0.09E+00,-0.05E+00,+0.05E+00,+0.00E+00,+11.19E+00,+103.20E+00,-114.80E+00,-0.954E+00
2,05/2/2026,18:37:26.998,-0.09E+00,-0.05E+00,+0.05E+00,+0.00E+00,+11.41E+00,+103.34E+00,-115.18E+00,-1.045E+00
2,05/2/2026,18:37:26.998,-0.09E+00,-0.05E+00,+0.05E+00,+0.00E+00,+11.64E+00,+103.48E+00,-115.53E+00,-1.137E+00
2,05/2/2026,18:37:26.998,-0.09E+00,-0.05E+00,+0.05E+00,+0.00E+00,+11.87E+00,+103.59E+00,-115.89E+00,-1.228E+00
2,05/2/2026,18:37:26.998,-0.09E+00,-0.05E+00,+0.05E+00,+0.00E+00,+12.09E+00,+103.69E+00,-116.21E+00,-1.312E+00
2,05/2/2026,18:37:26.998,-0.09E+00,-0.05E+00,+0.05E+00,+0.00E+00,+12.30E+00,+103.77E+00,-116.50E+00,-1.396E+00
2,05/2/2026,18:37:26.998,-0.09E+00,-0.05E+00,+0.00E+00,-0.05E+00,+12.51E+00,+103.85E+00,-116.79E+00,-1.488E+00
2,05/2/2026,18:37:26.998,-0.09E+00,-0.05E+00,+0.05E+00,+0.00E+00,+12.73E+00,+103.88E+00,-117.03E+00,-1.579E+00
2,05/2/2026,18:37:26.998,-0.09E+00,-0.05E+00,+0.05E+00,+0.00E+00,+12.93E+00,+103.91E+00,-117.26E+00,-1.671E+00
2,05/2/2026,18:37:26.998,-0.09E+00,-0.05E+00,+0.00E+00,+0.00E+00,+13.12E+00,+103.92E+00,-117.47E+00,-1.763E+00
2,05/2/2026,18:37:26.998,-0.09E+00,-0.05E+00,+0.00E+00,+0.00E+00,+13.31E+00,+103.91E+00,-117.63E+00,-1.854E+00
2,05/2/2026,18:37:26.999,-0.09E+00,-0.09E+00,+0.05E+00,-0.05E+00,+13.47E+00,+103.86E+00,-117.76E+00,-1.946E+00
2,05/2/2026,18:37:26.999,-0.09E+00,-0.05E+00,+0.05E+00,-0.05E+00,+13.64E+00,+103.80E+00,-117.87E+00,-2.037E+00
2,05/2/2026,18:37:26.999,-0.09E+00,-0.05E+00,+0.05E+00,+0.00E+00,+13.80E+00,+103.72E+00,-117.93E+00,-2.121E+00
2,05/2/2026,18:37:26.999,-0.09E+00,-0.05E+00,+0.00E+00,+0.00E+00,+13.93E+00,+103.62E+00,-117.98E+00,-2.213E+00
2,05/2/2026,18:37:26.999,-0.09E+00,-0.05E+00,+0.05E+00,-0.05E+00,+14.07E+00,+103.49E+00,-117.99E+00,-2.297E+00
2,05/2/2026,18:37:26.999,-0.09E+00,-0.05E+00,+0.05E+00,+0.00E+00,+14.21E+00,+103.36E+00,-117.99E+00,-2.381E+00
2,05/2/2026,18:37:26.999,-0.09E+00,-0.05E+00,+0.05E+00,+0.00E+00,+14.34E+00,+103.20E+00,-117.98E+00,-2.465E+00
2,05/2/2026,18:37:26.999,-0.09E+00,-0.05E+00,+0.00E+00,+0.00E+00,+14.47E+00,+103.02E+00,-117.93E+00,-2.548E+00
2,05/2/2026,18:37:26.999,-0.09E+00,-0.05E+00,+0.00E+00,+0.00E+00,+14.60E+00,+102.84E+00,-117.85E+00,-2.632E+00
2,05/2/2026,18:37:26.999,-0.09E+00,-0.05E+00,+0.05E+00,+0.00E+00,+14.74E+00,+102.61E+00,-117.76E+00,-2.716E+00
2,05/2/2026,18:37:26.999,-0.09E+00,-0.05E+00,+0.05E+00,-0.05E+00,+14.86E+00,+102.37E+00,-117.64E+00,-2.793E+00
2,05/2/2026,18:37:26.999,-0.09E+00,-0.05E+00,+0.05E+00,+0.00E+00,+14.99E+00,+102.11E+00,-117.50E+00,-2.877E+00
2,05/2/2026,18:37:26.999,-0.05E+00,-0.05E+00,+0.00E+00,+0.00E+00,+15.09E+00,+101.82E+00,-117.35E+00,-2.953E+00
2,05/2/2026,18:37:26.999,-0.09E+00,-0.05E+00,+0.00E+00,+0.00E+00,+15.20E+00,+101.53E+00,-117.15E+00,-3.037E+00
2,05/2/2026,18:37:26.999,-0.14E+00,-0.05E+00,+0.05E+00,+0.00E+00,+15.31E+00,+101.21E+00,-116.94E+00,-3.113E+00
2,05/2/2026,18:37:26.999,-0.09E+00,-0.05E+00,+0.00E+00,-0.05E+00,+15.40E+00,+100.85E+00,-116.68E+00,-3.197E+00
2,05/2/2026,18:37:26.999,-0.09E+00,-0.05E+00,+0.00E+00,+0.00E+00,+15.49E+00,+100.47E+00,-116.39E+00,-3.273E+00
2,05/2/2026,18:37:26.999,-0.09E+00,-0.05E+00,+0.00E+00,+0.00E+00,+15.58E+00,+100.08E+00,-116.08E+00,-3.357E+00
2,05/2/2026,18:37:26.999,-0.09E+00,-0.05E+00,+0.05E+00,-0.05E+00,+15.67E+00,+99.66E+00,-115.75E+00,-3.434E+00
2,05/2/2026,18:37:26.999,-0.09E+00,-0.05E+00,+0.05E+00,-0.05E+00,+15.75E+00,+99.22E+00,-115.40E+00,-3.510E+00
2,05/2/2026,18:37:27.000,-0.09E+00,-0.05E+00,+0.05E+00,+0.00E+00,+15.84E+00,+98.75E+00,-115.02E+00,-3.586E+00
2,05/2/2026,18:37:27.000,-0.09E+00,-0.05E+00,+0.00E+00,+0.00E+00,+15.92E+00,+98.26E+00,-114.60E+00,-3.670E+00
2,05/2/2026,18:37:27.000,-0.09E+00,-0.05E+00,+0.00E+00,+0.00E+00,+15.99E+00,+97.76E+00,-114.18E+00,-3.746E+00
2,05/2/2026,18:37:27.000,-0.09E+00,-0.05E+00,+0.05E+00,+0.00E+00,+16.08E+00,+97.24E+00,-113.73E+00,-3.815E+00
2,05/2/2026,18:37:27.000,-0.09E+00,-0.05E+00,+0.05E+00,+0.00E+00,+16.16E+00,+96.69E+00,-113.28E+00,-3.891E+00
2,05/2/2026,18:37:27.000,-0.09E+00,-0.05E+00,+0.05E+00,-0.05E+00,+16.25E+00,+96.12E+00,-112.79E+00,-3.968E+00
2,05/2/2026,18:37:27.000,-0.09E+00,-0.05E+00,+0.05E+00,-0.05E+00,+16.33E+00,+95.53E+00,-112.27E+00,-4.036E+00
2,05/2/2026,18:37:27.000,-0.09E+00,-0.05E+00,+0.00E+00,+0.00E+00,+16.39E+00,+94.93E+00,-111.74E+00,-4.105E+00
2,05/2/2026,18:37:27.000,-0.09E+00,-0.05E+00,+0.05E+00,+0.00E+00,+16.45E+00,+94.31E+00,-111.19E+00,-4.174E+00
2,05/2/2026,18:37:27.000,-0.09E+00,-0.05E+00,+0.00E+00,-0.05E+00,+16.53E+00,+93.67E+00,-110.61E+00,-4.242E+00
2,05/2/2026,18:37:27.000,-0.09E+00,-0.05E+00,+0.00E+00,-0.05E+00,+16.57E+00,+93.00E+00,-110.00E+00,-4.319E+00
2,05/2/2026,18:37:27.000,-0.09E+00,-0.05E+00,+0.05E+00,+0.00E+00,+16.63E+00,+92.29E+00,-109.37E+00,-4.387E+00
2,05/2/2026,18:37:27.000,-0.09E+00,-0.05E+00,+0.05E+00,+0.00E+00,+16.69E+00,+91.61E+00,-108.70E+00,-4.448E+00
2,05/2/2026,18:37:27.000,-0.09E+00,-0.05E+00,+0.05E+00,+0.00E+00,+16.74E+00,+90.89E+00,-108.03E+00,-4.509E+00
2,05/2/2026,18:37:27.000,-0.09E+00,-0.05E+00,+0.05E+00,+0.00E+00,+16.79E+00,+90.14E+00,-107.34E+00,-4.578E+00
2,05/2/2026,18:37:27.000,-0.09E+00,-0.05E+00,+0.00E+00,+0.00E+00,+16.83E+00,+89.39E+00,-106.64E+00,-4.639E+00
2,05/2/2026,18:37:27.000,-0.09E+00,-0.05E+00,+0.05E+00,+0.00E+00,+16.86E+00,+88.63E+00,-105.91E+00,-4.700E+00
2,05/2/2026,18:37:27.000,-0.09E+00,-0.05E+00,+0.05E+00,+0.00E+00,+16.91E+00,+87.84E+00,-105.16E+00,-4.761E+00
2,05/2/2026,18:37:27.000,-0.09E+00,-0.05E+00,+0.05E+00,+0.00E+00,+16.95E+00,+87.04E+00,-104.39E+00,-4.815E+00
2,05/2/2026,18:37:27.000,-0.09E+00,-0.05E+00,+0.05E+00,+0.00E+00,+16.98E+00,+86.22E+00,-103.60E+00,-4.876E+00
2,05/2/2026,18:37:27.001,-0.09E+00,-0.05E+00,+0.05E+00,+0.00E+00,+17.02E+00,+85.40E+00,-102.81E+00,-4.929E+00
2,05/2/2026,18:37:27.001,-0.09E+00,-0.05E+00,+0.05E+00,+0.00E+00,+17.05E+00,+84.54E+00,-102.00E+00,-4.982E+00
2,05/2/2026,18:37:27.001,-0.09E+00,-0.05E+00,+0.00E+00,+0.00E+00,+17.08E+00,+83.69E+00,-101.16E+00,-5.036E+00
2,05/2/2026,18:37:27.001,-0.09E+00,-0.05E+00,+0.00E+00,+0.00E+00,+17.09E+00,+82.80E+00,-100.31E+00,-5.089E+00
2,05/2/2026,18:37:27.001,-0.09E+00,-0.05E+00,+0.05E+00,+0.00E+00,+17.11E+00,+81.90E+00,-99.42E+00,-5.143E+00
2,05/2/2026,18:37:27.001,-0.09E+00,-0.05E+00,+0.05E+00,+0.00E+00,+17.12E+00,+80.99E+00,-98.52E+00,-5.196E+00
2,05/2/2026,18:37:27.001,-0.09E+00,-0.05E+00,+0.05E+00,+0.00E+00,+17.14E+00,+80.05E+00,-97.59E+00,-5.250E+00
2,05/2/2026,18:37:27.001,-0.09E+00,-0.05E+00,+0.05E+00,+0.00E+00,+17.14E+00,+79.09E+00,-96.64E+00,-5.303E+00
2,05/2/2026,18:37:27.001,-0.09E+00,-0.05E+00,+0.00E+00,+0.00E+00,+17.15E+00,+78.12E+00,-95.68E+00,-5.349E+00
2,05/2/2026,18:37:27.001,-0.09E+00,-0.05E+00,+0.00E+00,-0.05E+00,+17.17E+00,+77.12E+00,-94.70E+00,-5.402E+00
2,05/2/2026,18:37:27.001,-0.09E+00,-0.05E+00,+0.00E+00,+0.00E+00,+17.17E+00,+76.12E+00,-93.70E+00,-5.448E+00
2,05/2/2026,18:37:27.001,-0.09E+00,-0.05E+00,+0.05E+00,+0.00E+00,+17.17E+00,+75.10E+00,-92.68E+00,-5.494E+00
2,05/2/2026,18:37:27.001,-0.09E+00,-0.05E+00,+0.05E+00,+0.00E+00,+17.17E+00,+74.06E+00,-91.64E+00,-5.547E+00
2,05/2/2026,18:37:27.001,-0.09E+00,-0.05E+00,+0.05E+00,-0.05E+00,+17.15E+00,+72.99E+00,-90.58E+00,-5.593E+00
2,05/2/2026,18:37:27.001,-0.14E+00,-0.05E+00,+0.05E+00,+0.00E+00,+17.15E+00,+71.92E+00,-89.50E+00,-5.639E+00
2,05/2/2026,18:37:27.001,-0.09E+00,-0.05E+00,+0.05E+00,+0.00E+00,+17.15E+00,+70.82E+00,-88.40E+00,-5.684E+00
2,05/2/2026,18:37:27.001,-0.09E+00,-0.05E+00,+0.00E+00,+0.00E+00,+17.14E+00,+69.72E+00,-87.27E+00,-5.730E+00
2,05/2/2026,18:37:27.001,-0.09E+00,-0.05E+00,+0.05E+00,+0.00E+00,+17.12E+00,+68.59E+00,-86.14E+00,-5.776E+00
2,05/2/2026,18:37:27.001,-0.09E+00,-0.05E+00,+0.00E+00,+0.00E+00,+17.11E+00,+67.47E+00,-84.98E+00,-5.814E+00
2,05/2/2026,18:37:27.001,-0.09E+00,-0.05E+00,+0.05E+00,+0.00E+00,+17.08E+00,+66.32E+00,-83.81E+00,-5.852E+00
2,05/2/2026,18:37:27.002,-0.09E+00,-0.05E+00,+0.05E+00,+0.00E+00,+17.05E+00,+65.16E+00,-82.62E+00,-5.890E+00
2,05/2/2026,18:37:27.002,-0.09E+00,-0.05E+00,+0.05E+00,+0.00E+00,+17.02E+00,+64.00E+00,-81.41E+00,-5.929E+00
2,05/2/2026,18:37:27.002,-0.09E+00,-0.05E+00,+0.05E+00,+0.00E+00,+16.97E+00,+62.83E+00,-80.18E+00,-5.959E+00
2,05/2/2026,18:37:27.002,-0.09E+00,-0.05E+00,+0.05E+00,+0.00E+00,+16.91E+00,+61.64E+00,-78.94E+00,-5.982E+00
2,05/2/2026,18:37:27.002,-0.09E+00,-0.05E+00,+0.05E+00,+0.00E+00,+16.83E+00,+60.46E+00,-77.67E+00,-6.005E+00
2,05/2/2026,18:37:27.002,-0.09E+00,-0.05E+00,+0.00E+00,+0.00E+00,+16.76E+00,+59.29E+00,-76.41E+00,-6.028E+00
2,05/2/2026,18:37:27.002,-0.09E+00,-0.05E+00,+0.05E+00,+0.00E+00,+16.66E+00,+58.10E+00,-75.11E+00,-6.043E+00
2,05/2/2026,18:37:27.002,-0.09E+00,-0.05E+00,+0.05E+00,+0.00E+00,+16.57E+00,+56.89E+00,-73.78E+00,-6.058E+00
2,05/2/2026,18:37:27.002,-0.09E+00,-0.05E+00,+0.05E+00,+0.00E+00,+16.47E+00,+55.68E+00,-72.46E+00,-6.074E+00
2,05/2/2026,18:37:27.002,-0.09E+00,-0.05E+00,+0.05E+00,+0.00E+00,+16.36E+00,+54.46E+00,-71.11E+00,-6.081E+00
2,05/2/2026,18:37:27.002,-0.09E+00,-0.05E+00,+0.05E+00,-0.05E+00,+16.25E+00,+53.26E+00,-69.74E+00,-6.096E+00
2,05/2/2026,18:37:27.002,-0.09E+00,-0.05E+00,+0.00E+00,-0.05E+00,+16.13E+00,+52.02E+00,-68.37E+00,-6.104E+00
2,05/2/2026,18:37:27.002,-0.09E+00,-0.05E+00,+0.00E+00,+0.00E+00,+16.01E+00,+50.79E+00,-66.98E+00,-6.112E+00
2,05/2/2026,18:37:27.002,-0.09E+00,-0.05E+00,+0.05E+00,+0.00E+00,+15.87E+00,+49.53E+00,-65.56E+00,-6.119E+00
2,05/2/2026,18:37:27.002,-0.09E+00,-0.05E+00,+0.05E+00,-0.05E+00,+15.73E+00,+48.30E+00,-64.14E+00,-6.127E+00
2,05/2/2026,18:37:27.002,-0.09E+00,-0.05E+00,+0.05E+00,+0.00E+00,+15.58E+00,+47.03E+00,-62.70E+00,-6.119E+00
2,05/2/2026,18:37:27.002,-0.09E+00,-0.05E+00,+0.05E+00,+0.00E+00,+15.44E+00,+45.77E+00,-61.25E+00,-6.127E+00
2,05/2/2026,18:37:27.002,-0.09E+00,-0.05E+00,+0.05E+00,+0.00E+00,+15.29E+00,+44.50E+00,-59.79E+00,-6.127E+00
2,05/2/2026,18:37:27.002,-0.09E+00,-0.05E+00,+0.05E+00,+0.00E+00,+15.14E+00,+43.22E+00,-58.32E+00,-6.127E+00
2,05/2/2026,18:37:27.002,-0.09E+00,-0.05E+00,+0.05E+00,+0.00E+00,+14.97E+00,+41.93E+00,-56.84E+00,-6.127E+00
2,05/2/2026,18:37:27.003,-0.09E+00,-0.05E+00,+0.05E+00,-0.05E+00,+14.80E+00,+40.64E+00,-55.36E+00,-6.119E+00
2,05/2/2026,18:37:27.003,-0.09E+00,-0.05E+00,+0.05E+00,+0.00E+00,+14.63E+00,+39.36E+00,-53.85E+00,-6.104E+00
2,05/2/2026,18:37:27.003,-0.05E+00,-0.05E+00,+0.05E+00,+0.00E+00,+14.45E+00,+38.06E+00,-52.34E+00,-6.096E+00
2,05/2/2026,18:37:27.003,-0.09E+00,-0.05E+00,+0.05E+00,+0.00E+00,+14.27E+00,+36.76E+00,-50.83E+00,-6.089E+00
2,05/2/2026,18:37:27.003,-0.14E+00,-0.05E+00,+0.05E+00,-0.05E+00,+14.09E+00,+35.46E+00,-49.31E+00,-6.074E+00
2,05/2/2026,18:37:27.003,-0.09E+00,-0.05E+00,+0.05E+00,+0.00E+00,+13.89E+00,+34.17E+00,-47.76E+00,-6.058E+00
2,05/2/2026,18:37:27.003,-0.05E+00,-0.05E+00,+0.05E+00,+0.00E+00,+13.69E+00,+32.86E+00,-46.22E+00,-6.035E+00
2,05/2/2026,18:37:27.003,-0.05E+00,-0.05E+00,+0.05E+00,+0.00E+00,+13.49E+00,+31.53E+00,-44.70E+00,-6.020E+00
2,05/2/2026,18:37:27.003,-0.09E+00,-0.05E+00,+0.05E+00,+0.00E+00,+13.29E+00,+30.22E+00,-43.14E+00,-6.005E+00
2,05/2/2026,18:37:27.003,-0.09E+00,-0.05E+00,+0.05E+00,+0.00E+00,+13.09E+00,+28.90E+00,-41.58E+00,-5.982E+00
2,05/2/2026,18:37:27.003,-0.09E+00,-0.05E+00,+0.05E+00,+0.00E+00,+12.88E+00,+27.58E+00,-40.03E+00,-5.959E+00
2,05/2/2026,18:37:27.003,-0.09E+00,-0.05E+00,+0.05E+00,+0.00E+00,+12.67E+00,+26.25E+00,-38.47E+00,-5.944E+00
2,05/2/2026,18:37:27.003,-0.09E+00,-0.05E+00,+0.00E+00,+0.00E+00,+12.47E+00,+24.92E+00,-36.90E+00,-5.921E+00
2,05/2/2026,18:37:27.003,-0.09E+00,-0.09E+00,+0.05E+00,+0.00E+00,+12.27E+00,+23.59E+00,-35.33E+00,-5.898E+00
2,05/2/2026,18:37:27.003,-0.09E+00,-0.05E+00,+0.05E+00,+0.00E+00,+12.07E+00,+22.26E+00,-33.76E+00,-5.875E+00
2,05/2/2026,18:37:27.003,-0.09E+00,-0.05E+00,+0.05E+00,+0.00E+00,+11.86E+00,+20.92E+00,-32.18E+00,-5.852E+00
2,05/2/2026,18:37:27.003,-0.09E+00,-0.05E+00,+0.05E+00,+0.00E+00,+11.64E+00,+19.59E+00,-30.61E+00,-5.829E+00
2,05/2/2026,18:37:27.003,-0.09E+00,-0.05E+00,+0.05E+00,+0.00E+00,+11.45E+00,+18.25E+00,-29.02E+00,-5.807E+00
2,05/2/2026,18:37:27.003,-0.09E+00,-0.05E+00,+0.05E+00,+0.00E+00,+11.23E+00,+16.91E+00,-27.44E+00,-5.776E+00
2,05/2/2026,18:37:27.003,-0.09E+00,-0.05E+00,+0.05E+00,+0.00E+00,+11.02E+00,+15.58E+00,-25.87E+00,-5.753E+00
2,05/2/2026,18:37:27.004,-0.09E+00,-0.05E+00,+0.05E+00,-0.05E+00,+10.80E+00,+14.25E+00,-24.29E+00,-5.723E+00
2,05/2/2026,18:37:27.004,-0.09E+00,-0.05E+00,+0.05E+00,+0.00E+00,+10.59E+00,+12.91E+00,-22.71E+00,-5.684E+00
2,05/2/2026,18:37:27.004,-0.09E+00,-0.05E+00,+0.00E+00,+0.00E+00,+10.38E+00,+11.58E+00,-21.12E+00,-5.654E+00
2,05/2/2026,18:37:27.004,-0.09E+00,-0.05E+00,+0.05E+00,+0.00E+00,+10.16E+00,+10.25E+00,-19.53E+00,-5.623E+00
2,05/2/2026,18:37:27.004,-0.09E+00,-0.05E+00,+0.05E+00,+0.00E+00,+9.95E+00,+8.93E+00,-17.96E+00,-5.593E+00
2,05/2/2026,18:37:27.004,-0.09E+00,-0.05E+00,+0.05E+00,+0.00E+00,+9.74E+00,+7.58E+00,-16.39E+00,-5.555E+00
2,05/2/2026,18:37:27.004,-0.05E+00,-0.05E+00,+0.00E+00,-0.05E+00,+9.52E+00,+6.26E+00,-14.82E+00,-5.524E+00
2,05/2/2026,18:37:27.004,-0.09E+00,-0.05E+00,+0.00E+00,+0.00E+00,+9.31E+00,+4.93E+00,-13.26E+00,-5.494E+00
2,05/2/2026,18:37:27.004,-0.09E+00,-0.05E+00,+0.00E+00,-0.05E+00,+9.10E+00,+3.60E+00,-11.70E+00,-5.456E+00
2,05/2/2026,18:37:27.004,-0.09E+00,-0.05E+00,+0.05E+00,+0.00E+00,+8.90E+00,+2.29E+00,-10.15E+00,-5.425E+00
2,05/2/2026,18:37:27.004,-0.09E+00,-0.05E+00,+0.05E+00,+0.00E+00,+8.68E+00,+0.96E+00,-8.59E+00,-5.387E+00
2,05/2/2026,18:37:27.004,-0.09E+00,-0.05E+00,+0.05E+00,+0.00E+00,+8.47E+00,-0.35E+00,-7.03E+00,-5.349E+00
2,05/2/2026,18:37:27.004,-0.09E+00,-0.05E+00,+0.00E+00,+0.00E+00,+8.26E+00,-1.68E+00,-5.48E+00,-5.311E+00
2,05/2/2026,18:37:27.004,-0.09E+00,-0.05E+00,+0.00E+00,+0.00E+00,+8.03E+00,-2.99E+00,-3.92E+00,-5.272E+00
2,05/2/2026,18:37:27.004,-0.09E+00,-0.05E+00,+0.05E+00,+0.00E+00,+7.80E+00,-4.30E+00,-2.37E+00,-5.234E+00
2,05/2/2026,18:37:27.004,-0.09E+00,-0.05E+00,+0.05E+00,+0.00E+00,+7.57E+00,-5.60E+00,-0.79E+00,-5.188E+00
2,05/2/2026,18:37:27.004,-0.09E+00,-0.05E+00,+0.00E+00,+0.00E+00,+7.32E+00,-6.91E+00,+0.76E+00,-5.150E+00
2,05/2/2026,18:37:27.004,-0.09E+00,-0.05E+00,+0.00E+00,+0.00E+00,+7.10E+00,-8.23E+00,+2.32E+00,-5.105E+00
2,05/2/2026,18:37:27.004,-0.09E+00,-0.05E+00,+0.00E+00,+0.00E+00,+6.87E+00,-9.52E+00,+3.88E+00,-5.066E+00
2,05/2/2026,18:37:27.004,-0.09E+00,-0.05E+00,+0.05E+00,+0.00E+00,+6.62E+00,-10.82E+00,+5.42E+00,-5.021E+00
2,05/2/2026,18:37:27.005,-0.09E+00,-0.05E+00,+0.05E+00,+0.00E+00,+6.39E+00,-12.12E+00,+6.96E+00,-4.975E+00
2,05/2/2026,18:37:27.005,-0.09E+00,-0.05E+00,+0.05E+00,+0.00E+00,+6.15E+00,-13.41E+00,+8.50E+00,-4.929E+00
2,05/2/2026,18:37:27.005,-0.09E+00,-0.05E+00,+0.05E+00,+0.00E+00,+5.92E+00,-14.70E+00,+10.04E+00,-4.883E+00
2,05/2/2026,18:37:27.005,-0.09E+00,-0.05E+00,+0.05E+00,+0.00E+00,+5.68E+00,-15.98E+00,+11.58E+00,-4.830E+00
2,05/2/2026,18:37:27.005,-0.09E+00,-0.05E+00,+0.05E+00,+0.00E+00,+5.45E+00,-17.26E+00,+13.09E+00,-4.784E+00
2,05/2/2026,18:37:27.005,-0.09E+00,-0.05E+00,+0.05E+00,+0.00E+00,+5.20E+00,-18.53E+00,+14.60E+00,-4.731E+00
2,05/2/2026,18:37:27.005,-0.09E+00,-0.05E+00,+0.05E+00,+0.00E+00,+4.97E+00,-19.79E+00,+16.11E+00,-4.677E+00
2,05/2/2026,18:37:27.005,-0.09E+00,-0.05E+00,+0.05E+00,+0.00E+00,+4.73E+00,-21.04E+00,+17.61E+00,-4.624E+00
2,05/2/2026,18:37:27.005,-0.09E+00,-0.05E+00,+0.00E+00,+0.00E+00,+4.49E+00,-22.30E+00,+19.11E+00,-4.563E+00
2,05/2/2026,18:37:27.005,-0.09E+00,-0.05E+00,+0.00E+00,-0.05E+00,+4.24E+00,-23.52E+00,+20.57E+00,-4.502E+00
2,05/2/2026,18:37:27.005,-0.09E+00,-0.05E+00,+0.00E+00,+0.00E+00,+4.00E+00,-24.72E+00,+22.04E+00,-4.433E+00
2,05/2/2026,18:37:27.005,-0.09E+00,-0.05E+00,+0.00E+00,+0.00E+00,+3.74E+00,-25.93E+00,+23.49E+00,-4.364E+00
2,05/2/2026,18:37:27.005,-0.09E+00,-0.05E+00,+0.05E+00,+0.00E+00,+3.49E+00,-27.10E+00,+24.90E+00,-4.288E+00
2,05/2/2026,18:37:27.005,-0.09E+00,-0.05E+00,+0.05E+00,+0.00E+00,+3.24E+00,-28.25E+00,+26.32E+00,-4.212E+00
2,05/2/2026,18:37:27.005,-0.09E+00,-0.05E+00,+0.05E+00,+0.00E+00,+2.98E+00,-29.41E+00,+27.74E+00,-4.128E+00
2,05/2/2026,18:37:27.005,-0.09E+00,-0.05E+00,+0.05E+00,+0.00E+00,+2.70E+00,-30.54E+00,+29.13E+00,-4.052E+00
2,05/2/2026,18:37:27.005,-0.09E+00,-0.05E+00,+0.05E+00,+0.00E+00,+2.44E+00,-31.66E+00,+30.51E+00,-3.975E+00
2,05/2/2026,18:37:27.005,-0.09E+00,-0.05E+00,+0.05E+00,-0.05E+00,+2.17E+00,-32.78E+00,+31.86E+00,-3.891E+00
2,05/2/2026,18:37:27.005,-0.09E+00,-0.05E+00,+0.00E+00,-0.05E+00,+1.91E+00,-33.88E+00,+33.22E+00,-3.807E+00
2,05/2/2026,18:37:27.005,-0.09E+00,-0.05E+00,+0.00E+00,+0.00E+00,+1.63E+00,-34.96E+00,+34.56E+00,-3.723E+00
2,05/2/2026,18:37:27.006,-0.09E+00,-0.05E+00,+0.05E+00,+0.00E+00,+1.36E+00,-36.01E+00,+35.89E+00,-3.640E+00
2,05/2/2026,18:37:27.006,-0.05E+00,-0.05E+00,+0.05E+00,+0.00E+00,+1.07E+00,-37.07E+00,+37.20E+00,-3.548E+00
2,05/2/2026,18:37:27.006,-0.09E+00,-0.05E+00,+0.05E+00,-0.05E+00,+0.78E+00,-38.10E+00,+38.50E+00,-3.464E+00
2,05/2/2026,18:37:27.006,-0.09E+00,-0.05E+00,+0.05E+00,+0.00E+00,+0.50E+00,-39.13E+00,+39.80E+00,-3.373E+00
2,05/2/2026,18:37:27.006,-0.09E+00,-0.05E+00,+0.05E+00,+0.00E+00,+0.21E+00,-40.15E+00,+41.07E+00,-3.281E+00
2,05/2/2026,18:37:27.006,-0.09E+00,-0.05E+00,+0.05E+00,+0.00E+00,-0.08E+00,-41.16E+00,+42.32E+00,-3.189E+00
2,05/2/2026,18:37:27.006,-0.09E+00,-0.05E+00,+0.05E+00,-0.05E+00,-0.35E+00,-42.13E+00,+43.57E+00,-3.098E+00
2,05/2/2026,18:37:27.006,-0.09E+00,-0.05E+00,+0.05E+00,+0.00E+00,-0.64E+00,-43.11E+00,+44.79E+00,-3.006E+00
2,05/2/2026,18:37:27.006,-0.09E+00,-0.05E+00,+0.05E+00,+0.00E+00,-0.93E+00,-44.07E+00,+45.99E+00,-2.915E+00
2,05/2/2026,18:37:27.006,-0.09E+00,-0.05E+00,+0.00E+00,-0.05E+00,-1.22E+00,-45.02E+00,+47.20E+00,-2.823E+00
2,05/2/2026,18:37:27.006,-0.09E+00,-0.05E+00,+0.05E+00,+0.00E+00,-1.50E+00,-45.95E+00,+48.37E+00,-2.724E+00
2,05/2/2026,18:37:27.006,-0.09E+00,-0.05E+00,+0.05E+00,+0.00E+00,-1.80E+00,-46.86E+00,+49.53E+00,-2.640E+00
2,05/2/2026,18:37:27.006,-0.09E+00,-0.05E+00,+0.00E+00,-0.05E+00,-2.09E+00,-47.76E+00,+50.71E+00,-2.541E+00
2,05/2/2026,18:37:27.006,-0.09E+00,-0.05E+00,+0.00E+00,+0.00E+00,-2.38E+00,-48.65E+00,+51.84E+00,-2.449E+00
2,05/2/2026,18:37:27.006,-0.09E+00,-0.05E+00,+0.05E+00,+0.00E+00,-2.66E+00,-49.52E+00,+52.97E+00,-2.350E+00
2,05/2/2026,18:37:27.006,-0.05E+00,-0.05E+00,+0.05E+00,+0.00E+00,-2.95E+00,-50.37E+00,+54.07E+00,-2.259E+00
2,05/2/2026,18:37:27.006,-0.09E+00,-0.05E+00,+0.05E+00,+0.00E+00,-3.24E+00,-51.23E+00,+55.17E+00,-2.167E+00
2,05/2/2026,18:37:27.006,-0.09E+00,-0.05E+00,+0.05E+00,+0.00E+00,-3.51E+00,-52.05E+00,+56.23E+00,-2.068E+00
2,05/2/2026,18:37:27.006,-0.09E+00,-0.05E+00,+0.05E+00,-0.05E+00,-3.78E+00,-52.88E+00,+57.29E+00,-1.969E+00
2,05/2/2026,18:37:27.006,-0.09E+00,-0.05E+00,+0.05E+00,-0.05E+00,-4.06E+00,-53.69E+00,+58.32E+00,-1.877E+00
2,05/2/2026,18:37:27.007,-0.09E+00,-0.05E+00,+0.05E+00,+0.00E+00,-4.33E+00,-54.46E+00,+59.33E+00,-1.778E+00
2,05/2/2026,18:37:27.007,-0.09E+00,-0.05E+00,+0.05E+00,+0.00E+00,-4.59E+00,-55.24E+00,+60.34E+00,-1.686E+00
2,05/2/2026,18:37:27.007,-0.09E+00,-0.05E+00,+0.05E+00,+0.00E+00,-4.87E+00,-56.00E+00,+61.33E+00,-1.595E+00
2,05/2/2026,18:37:27.007,-0.09E+00,-0.05E+00,+0.05E+00,+0.00E+00,-5.13E+00,-56.75E+00,+62.31E+00,-1.503E+00
2,05/2/2026,18:37:27.007,-0.09E+00,-0.05E+00,+0.05E+00,-0.05E+00,-5.40E+00,-57.49E+00,+63.25E+00,-1.412E+00
2,05/2/2026,18:37:27.007,-0.09E+00,-0.05E+00,+0.05E+00,-0.05E+00,-5.66E+00,-58.20E+00,+64.20E+00,-1.320E+00
2,05/2/2026,18:37:27.007,-0.09E+00,-0.05E+00,+0.05E+00,+0.00E+00,-5.92E+00,-58.90E+00,+65.15E+00,-1.228E+00
2,05/2/2026,18:37:27.007,-0.09E+00,-0.05E+00,+0.00E+00,+0.00E+00,-6.18E+00,-59.59E+00,+66.06E+00,-1.129E+00
2,05/2/2026,18:37:27.007,-0.09E+00,-0.05E+00,+0.00E+00,-0.05E+00,-6.44E+00,-60.26E+00,+66.96E+00,-1.038E+00
2,05/2/2026,18:37:27.007,-0.09E+00,-0.05E+00,+0.00E+00,+0.00E+00,-6.70E+00,-60.93E+00,+67.85E+00,-0.954E+00
2,05/2/2026,18:37:27.007,-0.09E+00,-0.05E+00,+0.00E+00,+0.00E+00,-6.94E+00,-61.57E+00,+68.70E+00,-0.862E+00
2,05/2/2026,18:37:27.007,-0.09E+00,-0.05E+00,+0.00E+00,+0.00E+00,-7.20E+00,-62.22E+00,+69.56E+00,-0.771E+00
2,05/2/2026,18:37:27.007,-0.09E+00,-0.05E+00,+0.00E+00,-0.05E+00,-7.45E+00,-62.83E+00,+70.40E+00,-0.679E+00
2,05/2/2026,18:37:27.007,-0.09E+00,-0.05E+00,+0.00E+00,-0.05E+00,-7.69E+00,-63.44E+00,+71.20E+00,-0.588E+00
2,05/2/2026,18:37:27.007,-0.09E+00,-0.05E+00,+0.05E+00,+0.00E+00,-7.94E+00,-64.02E+00,+72.01E+00,-0.496E+00
2,05/2/2026,18:37:27.007,-0.09E+00,-0.05E+00,+0.05E+00,+0.00E+00,-8.18E+00,-64.58E+00,+72.81E+00,-0.404E+00
2,05/2/2026,18:37:27.007,-0.09E+00,-0.05E+00,+0.00E+00,+0.00E+00,-8.42E+00,-65.13E+00,+73.57E+00,-0.313E+00
2,05/2/2026,18:37:27.007,-0.09E+00,-0.05E+00,+0.00E+00,+0.00E+00,-8.67E+00,-65.68E+00,+74.32E+00,-0.229E+00
2,05/2/2026,18:37:27.007,-0.09E+00,-0.05E+00,+0.00E+00,-0.05E+00,-8.91E+00,-66.21E+00,+75.06E+00,-0.137E+00
2,05/2/2026,18:37:27.007,-0.09E+00,-0.05E+00,+0.00E+00,+0.00E+00,-9.16E+00,-66.72E+00,+75.80E+00,-0.046E+00
2,05/2/2026,18:37:27.008,-0.05E+00,-0.05E+00,+0.05E+00,+0.00E+00,-9.40E+00,-67.21E+00,+76.50E+00,+0.046E+00
2,05/2/2026,18:37:27.008,-0.09E+00,-0.05E+00,+0.05E+00,+0.00E+00,-9.64E+00,-67.68E+00,+77.22E+00,+0.137E+00
2,05/2/2026,18:37:27.008,-0.09E+00,-0.05E+00,+0.05E+00,+0.00E+00,-9.89E+00,-68.14E+00,+77.90E+00,+0.237E+00
2,05/2/2026,18:37:27.008,-0.09E+00,-0.05E+00,+0.05E+00,+0.00E+00,-10.13E+00,-68.56E+00,+78.56E+00,+0.328E+00
2,05/2/2026,18:37:27.008,-0.09E+00,-0.05E+00,+0.05E+00,+0.00E+00,-10.38E+00,-68.99E+00,+79.23E+00,+0.420E+00
2,05/2/2026,18:37:27.008,-0.09E+00,-0.05E+00,+0.05E+00,+0.00E+00,-10.62E+00,-69.40E+00,+79.87E+00,+0.519E+00
2,05/2/2026,18:37:27.008,-0.09E+00,-0.05E+00,+0.05E+00,-0.05E+00,-10.87E+00,-69.78E+00,+80.48E+00,+0.610E+00
2,05/2/2026,18:37:27.008,-0.09E+00,-0.05E+00,+0.05E+00,-0.05E+00,-11.11E+00,-70.15E+00,+81.09E+00,+0.702E+00
2,05/2/2026,18:37:27.008,-0.09E+00,-0.05E+00,+0.05E+00,-0.05E+00,-11.34E+00,-70.52E+00,+81.69E+00,+0.801E+00
2,05/2/2026,18:37:27.008,-0.09E+00,-0.05E+00,+0.05E+00,+0.00E+00,-11.58E+00,-70.85E+00,+82.25E+00,+0.893E+00
2,05/2/2026,18:37:27.008,-0.09E+00,-0.05E+00,+0.05E+00,+0.00E+00,-11.83E+00,-71.19E+00,+82.80E+00,+0.984E+00
2,05/2/2026,18:37:27.008,-0.09E+00,-0.05E+00,+0.05E+00,+0.00E+00,-12.06E+00,-71.49E+00,+83.35E+00,+1.076E+00
2,05/2/2026,18:37:27.008,-0.09E+00,-0.05E+00,+0.00E+00,-0.05E+00,-12.28E+00,-71.80E+00,+83.87E+00,+1.167E+00
2,05/2/2026,18:37:27.008,-0.09E+00,-0.05E+00,+0.05E+00,+0.00E+00,-12.50E+00,-72.07E+00,+84.37E+00,+1.251E+00
2,05/2/2026,18:37:27.008,-0.09E+00,-0.05E+00,+0.05E+00,+0.00E+00,-12.71E+00,-72.35E+00,+84.85E+00,+1.343E+00
2,05/2/2026,18:37:27.008,-0.09E+00,-0.05E+00,+0.00E+00,+0.00E+00,-12.93E+00,-72.61E+00,+85.30E+00,+1.427E+00
2,05/2/2026,18:37:27.008,-0.09E+00,-0.05E+00,+0.05E+00,+0.00E+00,-13.14E+00,-72.84E+00,+85.75E+00,+1.518E+00
2,05/2/2026,18:37:27.008,-0.09E+00,-0.05E+00,+0.05E+00,+0.00E+00,-13.34E+00,-73.05E+00,+86.14E+00,+1.610E+00
2,05/2/2026,18:37:27.008,-0.09E+00,-0.05E+00,+0.00E+00,+0.00E+00,-13.52E+00,-73.23E+00,+86.51E+00,+1.702E+00
2,05/2/2026,18:37:27.008,-0.09E+00,-0.05E+00,+0.00E+00,-0.05E+00,-13.70E+00,-73.40E+00,+86.86E+00,+1.801E+00
2,05/2/2026,18:37:27.009,-0.09E+00,-0.05E+00,+0.05E+00,+0.00E+00,-13.87E+00,-73.54E+00,+87.17E+00,+1.892E+00
2,05/2/2026,18:37:27.009,-0.09E+00,-0.05E+00,+0.05E+00,+0.00E+00,-14.02E+00,-73.65E+00,+87.43E+00,+1.984E+00
2,05/2/2026,18:37:27.009,-0.09E+00,-0.05E+00,+0.00E+00,+0.00E+00,-14.18E+00,-73.74E+00,+87.67E+00,+2.075E+00
2,05/2/2026,18:37:27.009,-0.09E+00,-0.05E+00,+0.00E+00,+0.00E+00,-14.33E+00,-73.81E+00,+87.88E+00,+2.167E+00
2,05/2/2026,18:37:27.009,-0.09E+00,-0.05E+00,+0.05E+00,-0.05E+00,-14.47E+00,-73.87E+00,+88.08E+00,+2.259E+00
2,05/2/2026,18:37:27.009,-0.09E+00,-0.05E+00,+0.05E+00,+0.00E+00,-14.62E+00,-73.91E+00,+88.25E+00,+2.342E+00
2,05/2/2026,18:37:27.009,-0.09E+00,-0.05E+00,+0.05E+00,+0.00E+00,-14.74E+00,-73.92E+00,+88.40E+00,+2.426E+00
2,05/2/2026,18:37:27.009,-0.09E+00,-0.05E+00,+0.05E+00,-0.05E+00,-14.88E+00,-73.92E+00,+88.54E+00,+2.510E+00
2,05/2/2026,18:37:27.009,-0.09E+00,-0.05E+00,+0.05E+00,-0.05E+00,-15.02E+00,-73.91E+00,+88.65E+00,+2.594E+00
2,05/2/2026,18:37:27.009,-0.09E+00,-0.05E+00,+0.05E+00,+0.00E+00,-15.14E+00,-73.86E+00,+88.72E+00,+2.671E+00
2,05/2/2026,18:37:27.009,-0.09E+00,-0.05E+00,+0.05E+00,+0.00E+00,-15.26E+00,-73.80E+00,+88.77E+00,+2.754E+00
2,05/2/2026,18:37:27.009,-0.09E+00,-0.05E+00,+0.05E+00,+0.00E+00,-15.38E+00,-73.71E+00,+88.80E+00,+2.838E+00
2,05/2/2026,18:37:27.009,-0.09E+00,-0.05E+00,+0.05E+00,+0.00E+00,-15.49E+00,-73.60E+00,+88.80E+00,+2.915E+00
2,05/2/2026,18:37:27.009,-0.09E+00,-0.05E+00,+0.05E+00,-0.05E+00,-15.60E+00,-73.46E+00,+88.77E+00,+2.999E+00
2,05/2/2026,18:37:27.009,-0.09E+00,-0.05E+00,+0.00E+00,+0.00E+00,-15.69E+00,-73.31E+00,+88.71E+00,+3.075E+00
2,05/2/2026,18:37:27.009,-0.05E+00,-0.05E+00,+0.00E+00,+0.00E+00,-15.78E+00,-73.13E+00,+88.62E+00,+3.159E+00
2,05/2/2026,18:37:27.009,-0.09E+00,-0.05E+00,+0.05E+00,+0.00E+00,-15.87E+00,-72.93E+00,+88.49E+00,+3.243E+00
2,05/2/2026,18:37:27.009,-0.09E+00,-0.05E+00,+0.05E+00,-0.05E+00,-15.96E+00,-72.70E+00,+88.36E+00,+3.319E+00
2,05/2/2026,18:37:27.009,-0.09E+00,-0.05E+00,+0.00E+00,-0.05E+00,-16.05E+00,-72.44E+00,+88.19E+00,+3.403E+00
2,05/2/2026,18:37:27.009,-0.09E+00,-0.05E+00,+0.00E+00,+0.00E+00,-16.13E+00,-72.17E+00,+87.99E+00,+3.479E+00
2,05/2/2026,18:37:27.010,-0.09E+00,-0.05E+00,+0.05E+00,+0.00E+00,-16.22E+00,-71.86E+00,+87.78E+00,+3.563E+00
2,05/2/2026,18:37:27.010,-0.09E+00,-0.05E+00,+0.00E+00,+0.00E+00,-16.31E+00,-71.54E+00,+87.53E+00,+3.640E+00
2,05/2/2026,18:37:27.010,-0.09E+00,-0.05E+00,+0.05E+00,+0.00E+00,-16.39E+00,-71.19E+00,+87.27E+00,+3.723E+00
2,05/2/2026,18:37:27.010,-0.09E+00,-0.05E+00,+0.05E+00,+0.00E+00,-16.48E+00,-70.82E+00,+86.98E+00,+3.800E+00
2,05/2/2026,18:37:27.010,-0.09E+00,-0.05E+00,+0.00E+00,+0.00E+00,-16.56E+00,-70.44E+00,+86.68E+00,+3.868E+00
2,05/2/2026,18:37:27.010,-0.09E+00,-0.05E+00,+0.00E+00,+0.00E+00,-16.63E+00,-70.03E+00,+86.34E+00,+3.945E+00
2,05/2/2026,18:37:27.010,-0.09E+00,-0.05E+00,+0.00E+00,-0.05E+00,-16.71E+00,-69.62E+00,+85.99E+00,+4.021E+00
2,05/2/2026,18:37:27.010,-0.09E+00,-0.05E+00,+0.00E+00,+0.00E+00,-16.77E+00,-69.17E+00,+85.62E+00,+4.090E+00
2,05/2/2026,18:37:27.010,-0.09E+00,-0.05E+00,+0.05E+00,+0.00E+00,-16.83E+00,-68.70E+00,+85.21E+00,+4.166E+00
2,05/2/2026,18:37:27.010,-0.09E+00,-0.05E+00,+0.00E+00,+0.00E+00,-16.89E+00,-68.21E+00,+84.79E+00,+4.235E+00
2,05/2/2026,18:37:27.010,-0.09E+00,-0.05E+00,+0.05E+00,+0.00E+00,-16.95E+00,-67.71E+00,+84.34E+00,+4.303E+00
2,05/2/2026,18:37:27.010,-0.09E+00,-0.05E+00,+0.05E+00,+0.00E+00,-17.00E+00,-67.19E+00,+83.87E+00,+4.372E+00
2,05/2/2026,18:37:27.010,-0.09E+00,-0.05E+00,+0.05E+00,+0.00E+00,-17.06E+00,-66.64E+00,+83.37E+00,+4.441E+00
2,05/2/2026,18:37:27.010,-0.09E+00,-0.05E+00,+0.00E+00,-0.05E+00,-17.11E+00,-66.08E+00,+82.86E+00,+4.509E+00
2,05/2/2026,18:37:27.010,-0.09E+00,-0.05E+00,+0.00E+00,-0.05E+00,-17.15E+00,-65.50E+00,+82.31E+00,+4.570E+00
2,05/2/2026,18:37:27.010,-0.09E+00,-0.05E+00,+0.00E+00,+0.00E+00,-17.20E+00,-64.90E+00,+81.76E+00,+4.631E+00
2,05/2/2026,18:37:27.010,-0.09E+00,-0.05E+00,+0.05E+00,+0.00E+00,-17.24E+00,-64.29E+00,+81.20E+00,+4.693E+00
2,05/2/2026,18:37:27.010,-0.09E+00,-0.05E+00,+0.05E+00,+0.00E+00,-17.29E+00,-63.65E+00,+80.60E+00,+4.761E+00
2,05/2/2026,18:37:27.010,-0.09E+00,-0.05E+00,+0.05E+00,+0.00E+00,-17.32E+00,-63.01E+00,+79.99E+00,+4.822E+00
2,05/2/2026,18:37:27.010,-0.09E+00,-0.05E+00,+0.05E+00,+0.00E+00,-17.35E+00,-62.34E+00,+79.37E+00,+4.876E+00
2,05/2/2026,18:37:27.011,-0.09E+00,-0.05E+00,+0.00E+00,+0.00E+00,-17.38E+00,-61.67E+00,+78.71E+00,+4.937E+00
2,05/2/2026,18:37:27.011,-0.09E+00,-0.05E+00,+0.05E+00,+0.00E+00,-17.41E+00,-60.96E+00,+78.04E+00,+4.990E+00
2,05/2/2026,18:37:27.011,-0.09E+00,-0.05E+00,+0.05E+00,-0.05E+00,-17.44E+00,-60.26E+00,+77.37E+00,+5.043E+00
2,05/2/2026,18:37:27.011,-0.09E+00,-0.05E+00,+0.00E+00,+0.00E+00,-17.46E+00,-59.53E+00,+76.65E+00,+5.097E+00
2,05/2/2026,18:37:27.011,-0.09E+00,-0.05E+00,+0.05E+00,+0.00E+00,-17.47E+00,-58.78E+00,+75.92E+00,+5.158E+00
2,05/2/2026,18:37:27.011,-0.09E+00,-0.05E+00,+0.05E+00,+0.00E+00,-17.49E+00,-58.02E+00,+75.17E+00,+5.211E+00
2,05/2/2026,18:37:27.011,-0.09E+00,-0.05E+00,+0.00E+00,+0.00E+00,-17.50E+00,-57.23E+00,+74.39E+00,+5.265E+00
2,05/2/2026,18:37:27.011,-0.09E+00,-0.05E+00,+0.05E+00,-0.05E+00,-17.52E+00,-56.43E+00,+73.60E+00,+5.318E+00
2,05/2/2026,18:37:27.011,-0.09E+00,-0.05E+00,+0.05E+00,-0.05E+00,-17.52E+00,-55.61E+00,+72.79E+00,+5.364E+00
2,05/2/2026,18:37:27.011,-0.09E+00,-0.05E+00,+0.05E+00,+0.00E+00,-17.52E+00,-54.78E+00,+71.97E+00,+5.417E+00
2,05/2/2026,18:37:27.011,-0.05E+00,-0.05E+00,+0.00E+00,+0.00E+00,-17.52E+00,-53.93E+00,+71.13E+00,+5.471E+00
2,05/2/2026,18:37:27.011,-0.09E+00,-0.05E+00,+0.00E+00,+0.00E+00,-17.52E+00,-53.07E+00,+70.26E+00,+5.517E+00
2,05/2/2026,18:37:27.011,-0.09E+00,-0.05E+00,+0.00E+00,-0.05E+00,-17.52E+00,-52.19E+00,+69.37E+00,+5.562E+00
2,05/2/2026,18:37:27.011,-0.09E+00,+0.00E+00,+0.05E+00,+0.00E+00,-17.52E+00,-51.30E+00,+68.47E+00,+5.616E+00
2,05/2/2026,18:37:27.011,-0.05E+00,-0.05E+00,+0.05E+00,+0.00E+00,-17.50E+00,-50.39E+00,+67.56E+00,+5.662E+00
2,05/2/2026,18:37:27.011,-0.09E+00,-0.05E+00,+0.05E+00,+0.00E+00,-17.50E+00,-49.47E+00,+66.63E+00,+5.707E+00
2,05/2/2026,18:37:27.011,-0.09E+00,-0.05E+00,+0.05E+00,-0.05E+00,-17.49E+00,-48.53E+00,+65.66E+00,+5.753E+00
2,05/2/2026,18:37:27.011,-0.09E+00,-0.05E+00,+0.05E+00,-0.05E+00,-17.47E+00,-47.57E+00,+64.69E+00,+5.799E+00
2,05/2/2026,18:37:27.011,-0.09E+00,-0.05E+00,+0.05E+00,-0.05E+00,-17.44E+00,-46.60E+00,+63.68E+00,+5.845E+00
2,05/2/2026,18:37:27.011,-0.09E+00,-0.05E+00,+0.00E+00,-0.05E+00,-17.43E+00,-45.63E+00,+62.67E+00,+5.883E+00
2,05/2/2026,18:37:27.012,-0.09E+00,-0.05E+00,+0.00E+00,+0.00E+00,-17.40E+00,-44.64E+00,+61.67E+00,+5.921E+00
2,05/2/2026,18:37:27.012,-0.09E+00,-0.05E+00,+0.05E+00,+0.00E+00,-17.37E+00,-43.63E+00,+60.63E+00,+5.951E+00
2,05/2/2026,18:37:27.012,-0.09E+00,-0.05E+00,+0.00E+00,+0.00E+00,-17.31E+00,-42.64E+00,+59.58E+00,+5.982E+00
2,05/2/2026,18:37:27.012,-0.09E+00,-0.05E+00,+0.00E+00,+0.00E+00,-17.24E+00,-41.63E+00,+58.51E+00,+6.013E+00
2,05/2/2026,18:37:27.012,-0.09E+00,-0.05E+00,+0.05E+00,+0.00E+00,-17.18E+00,-40.62E+00,+57.42E+00,+6.035E+00
2,05/2/2026,18:37:27.012,-0.09E+00,-0.05E+00,+0.05E+00,+0.00E+00,-17.11E+00,-39.60E+00,+56.33E+00,+6.051E+00
2,05/2/2026,18:37:27.012,-0.09E+00,-0.05E+00,+0.05E+00,+0.00E+00,-17.02E+00,-38.58E+00,+55.21E+00,+6.074E+00
2,05/2/2026,18:37:27.012,-0.09E+00,-0.05E+00,+0.05E+00,-0.05E+00,-16.91E+00,-37.54E+00,+54.10E+00,+6.089E+00
2,05/2/2026,18:37:27.012,-0.09E+00,-0.05E+00,+0.05E+00,-0.05E+00,-16.80E+00,-36.50E+00,+52.94E+00,+6.096E+00
2,05/2/2026,18:37:27.012,-0.09E+00,-0.05E+00,+0.00E+00,+0.00E+00,-16.69E+00,-35.45E+00,+51.78E+00,+6.112E+00
2,05/2/2026,18:37:27.012,-0.09E+00,-0.05E+00,+0.05E+00,+0.00E+00,-16.57E+00,-34.40E+00,+50.60E+00,+6.119E+00
2,05/2/2026,18:37:27.012,-0.09E+00,-0.05E+00,+0.05E+00,+0.00E+00,-16.45E+00,-33.33E+00,+49.41E+00,+6.135E+00
2,05/2/2026,18:37:27.012,-0.09E+00,-0.05E+00,+0.05E+00,-0.05E+00,-16.33E+00,-32.26E+00,+48.21E+00,+6.142E+00
2,05/2/2026,18:37:27.012,-0.09E+00,-0.05E+00,+0.05E+00,+0.00E+00,-16.21E+00,-31.16E+00,+47.00E+00,+6.142E+00
2,05/2/2026,18:37:27.012,-0.05E+00,-0.05E+00,+0.05E+00,+0.00E+00,-16.07E+00,-30.05E+00,+45.77E+00,+6.150E+00
2,05/2/2026,18:37:27.012,-0.09E+00,-0.05E+00,+0.05E+00,+0.00E+00,-15.92E+00,-28.93E+00,+44.51E+00,+6.157E+00
2,05/2/2026,18:37:27.012,-0.09E+00,-0.05E+00,+0.05E+00,-0.05E+00,-15.78E+00,-27.83E+00,+43.25E+00,+6.157E+00
2,05/2/2026,18:37:27.012,-0.09E+00,-0.05E+00,+0.05E+00,-0.05E+00,-15.63E+00,-26.72E+00,+41.98E+00,+6.157E+00
2,05/2/2026,18:37:27.012,-0.09E+00,-0.05E+00,+0.05E+00,+0.00E+00,-15.46E+00,-25.59E+00,+40.71E+00,+6.157E+00
2,05/2/2026,18:37:27.012,-0.09E+00,-0.05E+00,+0.05E+00,+0.00E+00,-15.31E+00,-24.46E+00,+39.42E+00,+6.150E+00
2,05/2/2026,18:37:27.013,-0.09E+00,-0.05E+00,+0.05E+00,+0.00E+00,-15.14E+00,-23.33E+00,+38.10E+00,+6.142E+00
2,05/2/2026,18:37:27.013,-0.09E+00,-0.05E+00,+0.05E+00,+0.00E+00,-14.95E+00,-22.19E+00,+36.79E+00,+6.135E+00
2,05/2/2026,18:37:27.013,-0.09E+00,-0.05E+00,+0.00E+00,+0.00E+00,-14.77E+00,-21.04E+00,+35.46E+00,+6.127E+00
2,05/2/2026,18:37:27.013,-0.09E+00,-0.05E+00,+0.05E+00,+0.00E+00,-14.59E+00,-19.90E+00,+34.14E+00,+6.104E+00
2,05/2/2026,18:37:27.013,-0.09E+00,-0.05E+00,+0.05E+00,+0.00E+00,-14.41E+00,-18.74E+00,+32.79E+00,+6.096E+00
2,05/2/2026,18:37:27.013,-0.09E+00,-0.05E+00,+0.05E+00,+0.00E+00,-14.21E+00,-17.58E+00,+31.44E+00,+6.081E+00
2,05/2/2026,18:37:27.013,-0.09E+00,-0.05E+00,+0.05E+00,-0.05E+00,-14.01E+00,-16.42E+00,+30.06E+00,+6.066E+00
2,05/2/2026,18:37:27.013,-0.09E+00,-0.05E+00,+0.05E+00,+0.00E+00,-13.81E+00,-15.24E+00,+28.70E+00,+6.043E+00
2,05/2/2026,18:37:27.013,-0.09E+00,-0.05E+00,+0.00E+00,+0.00E+00,-13.61E+00,-14.07E+00,+27.32E+00,+6.028E+00
2,05/2/2026,18:37:27.013,-0.09E+00,-0.05E+00,+0.05E+00,+0.00E+00,-13.41E+00,-12.88E+00,+25.93E+00,+6.013E+00
2,05/2/2026,18:37:27.013,-0.09E+00,-0.05E+00,+0.05E+00,+0.00E+00,-13.20E+00,-11.69E+00,+24.54E+00,+5.990E+00
2,05/2/2026,18:37:27.013,-0.09E+00,-0.05E+00,+0.05E+00,+0.00E+00,-13.00E+00,-10.51E+00,+23.13E+00,+5.967E+00
2,05/2/2026,18:37:27.013,-0.09E+00,-0.05E+00,+0.05E+00,-0.05E+00,-12.79E+00,-9.31E+00,+21.72E+00,+5.944E+00
2,05/2/2026,18:37:27.013,-0.09E+00,-0.05E+00,+0.05E+00,+0.00E+00,-12.59E+00,-8.10E+00,+20.31E+00,+5.921E+00
2,05/2/2026,18:37:27.013,-0.09E+00,-0.05E+00,+0.00E+00,+0.00E+00,-12.38E+00,-6.90E+00,+18.89E+00,+5.898E+00
2,05/2/2026,18:37:27.013,-0.09E+00,-0.05E+00,+0.00E+00,+0.00E+00,-12.18E+00,-5.69E+00,+17.47E+00,+5.875E+00
2,05/2/2026,18:37:27.013,-0.09E+00,-0.05E+00,+0.05E+00,+0.00E+00,-11.96E+00,-4.47E+00,+16.05E+00,+5.845E+00
2,05/2/2026,18:37:27.013,-0.09E+00,-0.05E+00,+0.05E+00,+0.00E+00,-11.75E+00,-3.27E+00,+14.63E+00,+5.822E+00
2,05/2/2026,18:37:27.013,-0.05E+00,-0.05E+00,+0.05E+00,+0.00E+00,-11.54E+00,-2.04E+00,+13.20E+00,+5.799E+00
2,05/2/2026,18:37:27.013,-0.09E+00,-0.05E+00,+0.05E+00,+0.00E+00,-11.32E+00,-0.82E+00,+11.77E+00,+5.768E+00
2,05/2/2026,18:37:27.014,-0.09E+00,-0.05E+00,+0.00E+00,+0.00E+00,-11.11E+00,+0.40E+00,+10.33E+00,+5.738E+00
2,05/2/2026,18:37:27.014,-0.09E+00,-0.05E+00,+0.00E+00,+0.00E+00,-10.90E+00,+1.63E+00,+8.90E+00,+5.707E+00
2,05/2/2026,18:37:27.014,-0.09E+00,-0.05E+00,+0.05E+00,+0.00E+00,-10.68E+00,+2.85E+00,+7.45E+00,+5.677E+00
2,05/2/2026,18:37:27.014,-0.09E+00,-0.05E+00,+0.05E+00,-0.05E+00,-10.47E+00,+4.09E+00,+6.00E+00,+5.646E+00
2,05/2/2026,18:37:27.014,-0.09E+00,-0.05E+00,+0.05E+00,-0.05E+00,-10.25E+00,+5.31E+00,+4.56E+00,+5.616E+00
2,05/2/2026,18:37:27.014,-0.09E+00,-0.05E+00,+0.05E+00,+0.00E+00,-10.04E+00,+6.55E+00,+3.11E+00,+5.585E+00
2,05/2/2026,18:37:27.014,-0.09E+00,-0.05E+00,+0.05E+00,-0.05E+00,-9.81E+00,+7.78E+00,+1.66E+00,+5.547E+00
2,05/2/2026,18:37:27.014,-0.09E+00,-0.05E+00,+0.00E+00,+0.00E+00,-9.61E+00,+9.02E+00,+0.21E+00,+5.517E+00
2,05/2/2026,18:37:27.014,-0.09E+00,-0.05E+00,+0.05E+00,+0.00E+00,-9.40E+00,+10.24E+00,-1.22E+00,+5.478E+00
2,05/2/2026,18:37:27.014,-0.09E+00,-0.05E+00,+0.05E+00,+0.00E+00,-9.20E+00,+11.48E+00,-2.67E+00,+5.448E+00
2,05/2/2026,18:37:27.014,-0.09E+00,-0.05E+00,+0.05E+00,-0.05E+00,-8.99E+00,+12.71E+00,-4.10E+00,+5.410E+00
2,05/2/2026,18:37:27.014,-0.09E+00,-0.05E+00,+0.00E+00,+0.00E+00,-8.76E+00,+13.95E+00,-5.57E+00,+5.372E+00
2,05/2/2026,18:37:27.014,-0.09E+00,-0.05E+00,+0.00E+00,+0.00E+00,-8.55E+00,+15.17E+00,-7.02E+00,+5.333E+00
2,05/2/2026,18:37:27.014,-0.09E+00,-0.05E+00,+0.00E+00,+0.00E+00,-8.32E+00,+16.40E+00,-8.47E+00,+5.303E+00
2,05/2/2026,18:37:27.014,-0.05E+00,-0.05E+00,+0.05E+00,+0.00E+00,-8.09E+00,+17.63E+00,-9.93E+00,+5.257E+00
2,05/2/2026,18:37:27.014,-0.09E+00,-0.05E+00,+0.05E+00,+0.00E+00,-7.84E+00,+18.86E+00,-11.40E+00,+5.219E+00
2,05/2/2026,18:37:27.014,-0.09E+00,-0.05E+00,+0.05E+00,-0.05E+00,-7.61E+00,+20.10E+00,-12.86E+00,+5.181E+00
2,05/2/2026,18:37:27.014,-0.09E+00,-0.05E+00,+0.05E+00,-0.05E+00,-7.39E+00,+21.32E+00,-14.33E+00,+5.135E+00
2,05/2/2026,18:37:27.014,-0.09E+00,-0.05E+00,+0.05E+00,+0.00E+00,-7.16E+00,+22.54E+00,-15.79E+00,+5.097E+00
2,05/2/2026,18:37:27.014,-0.09E+00,-0.05E+00,+0.05E+00,+0.00E+00,-6.91E+00,+23.78E+00,-17.24E+00,+5.051E+00
2,05/2/2026,18:37:27.015,-0.09E+00,-0.05E+00,+0.05E+00,-0.05E+00,-6.68E+00,+25.01E+00,-18.71E+00,+5.005E+00
2,05/2/2026,18:37:27.015,-0.09E+00,-0.05E+00,+0.05E+00,-0.05E+00,-6.46E+00,+26.23E+00,-20.17E+00,+4.960E+00
2,05/2/2026,18:37:27.015,-0.09E+00,-0.05E+00,+0.05E+00,+0.00E+00,-6.21E+00,+27.45E+00,-21.65E+00,+4.914E+00
2,05/2/2026,18:37:27.015,-0.09E+00,-0.05E+00,+0.05E+00,+0.00E+00,-5.97E+00,+28.67E+00,-23.13E+00,+4.868E+00
2,05/2/2026,18:37:27.015,-0.09E+00,-0.05E+00,+0.05E+00,+0.00E+00,-5.72E+00,+29.91E+00,-24.58E+00,+4.822E+00
2,05/2/2026,18:37:27.015,-0.14E+00,-0.05E+00,+0.05E+00,+0.00E+00,-5.49E+00,+31.13E+00,-26.03E+00,+4.776E+00
2,05/2/2026,18:37:27.015,-0.09E+00,-0.05E+00,+0.00E+00,-0.05E+00,-5.25E+00,+32.34E+00,-27.48E+00,+4.723E+00
2,05/2/2026,18:37:27.015,-0.09E+00,-0.05E+00,+0.00E+00,+0.00E+00,-5.01E+00,+33.54E+00,-28.93E+00,+4.670E+00
2,05/2/2026,18:37:27.015,-0.09E+00,-0.05E+00,+0.05E+00,+0.00E+00,-4.76E+00,+34.73E+00,-30.37E+00,+4.609E+00
2,05/2/2026,18:37:27.015,-0.09E+00,-0.05E+00,+0.05E+00,+0.00E+00,-4.53E+00,+35.91E+00,-31.79E+00,+4.548E+00
2,05/2/2026,18:37:27.015,-0.09E+00,-0.05E+00,+0.05E+00,+0.00E+00,-4.27E+00,+37.07E+00,-33.19E+00,+4.479E+00
2,05/2/2026,18:37:27.015,-0.09E+00,-0.05E+00,+0.05E+00,-0.05E+00,-4.01E+00,+38.21E+00,-34.59E+00,+4.403E+00
2,05/2/2026,18:37:27.015,-0.09E+00,-0.05E+00,+0.05E+00,+0.00E+00,-3.77E+00,+39.34E+00,-35.97E+00,+4.334E+00
2,05/2/2026,18:37:27.015,-0.09E+00,-0.05E+00,+0.05E+00,+0.00E+00,-3.51E+00,+40.44E+00,-37.34E+00,+4.258E+00
2,05/2/2026,18:37:27.015,-0.09E+00,-0.05E+00,+0.00E+00,+0.00E+00,-3.24E+00,+41.54E+00,-38.70E+00,+4.181E+00
2,05/2/2026,18:37:27.015,-0.09E+00,-0.05E+00,+0.00E+00,+0.00E+00,-2.98E+00,+42.62E+00,-40.04E+00,+4.105E+00
2,05/2/2026,18:37:27.015,-0.09E+00,-0.05E+00,+0.00E+00,-0.05E+00,-2.72E+00,+43.69E+00,-41.37E+00,+4.021E+00
2,05/2/2026,18:37:27.015,-0.09E+00,-0.05E+00,+0.00E+00,+0.00E+00,-2.46E+00,+44.74E+00,-42.70E+00,+3.945E+00
2,05/2/2026,18:37:27.015,-0.09E+00,-0.05E+00,+0.05E+00,+0.00E+00,-2.17E+00,+45.78E+00,-44.01E+00,+3.861E+00
2,05/2/2026,18:37:27.015,-0.09E+00,-0.05E+00,+0.00E+00,+0.00E+00,-1.89E+00,+46.80E+00,-45.32E+00,+3.777E+00
2,05/2/2026,18:37:27.016,-0.09E+00,-0.05E+00,+0.05E+00,+0.00E+00,-1.60E+00,+47.83E+00,-46.60E+00,+3.693E+00
2,05/2/2026,18:37:27.016,-0.09E+00,-0.05E+00,+0.05E+00,+0.00E+00,-1.33E+00,+48.82E+00,-47.89E+00,+3.601E+00
2,05/2/2026,18:37:27.016,-0.09E+00,-0.05E+00,+0.05E+00,+0.00E+00,-1.04E+00,+49.79E+00,-49.15E+00,+3.510E+00
2,05/2/2026,18:37:27.016,-0.09E+00,-0.05E+00,+0.05E+00,+0.00E+00,-0.76E+00,+50.76E+00,-50.42E+00,+3.426E+00
2,05/2/2026,18:37:27.016,-0.09E+00,-0.05E+00,+0.05E+00,+0.00E+00,-0.47E+00,+51.72E+00,-51.66E+00,+3.334E+00
2,05/2/2026,18:37:27.016,-0.09E+00,-0.05E+00,+0.00E+00,-0.05E+00,-0.18E+00,+52.66E+00,-52.88E+00,+3.243E+00
2,05/2/2026,18:37:27.016,-0.09E+00,-0.05E+00,+0.00E+00,+0.00E+00,+0.11E+00,+53.58E+00,-54.10E+00,+3.151E+00
2,05/2/2026,18:37:27.016,-0.09E+00,-0.05E+00,+0.05E+00,+0.00E+00,+0.40E+00,+54.49E+00,-55.29E+00,+3.060E+00
2,05/2/2026,18:37:27.016,-0.09E+00,-0.05E+00,+0.05E+00,+0.00E+00,+0.67E+00,+55.39E+00,-56.48E+00,+2.968E+00
2,05/2/2026,18:37:27.016,-0.09E+00,-0.05E+00,+0.05E+00,+0.00E+00,+0.96E+00,+56.28E+00,-57.65E+00,+2.877E+00
2,05/2/2026,18:37:27.016,-0.09E+00,-0.05E+00,+0.05E+00,+0.00E+00,+1.25E+00,+57.15E+00,-58.81E+00,+2.785E+00
2,05/2/2026,18:37:27.016,-0.09E+00,-0.05E+00,+0.05E+00,+0.00E+00,+1.56E+00,+58.00E+00,-59.94E+00,+2.686E+00
2,05/2/2026,18:37:27.016,-0.09E+00,-0.05E+00,+0.05E+00,+0.00E+00,+1.85E+00,+58.84E+00,-61.07E+00,+2.594E+00
2,05/2/2026,18:37:27.016,-0.09E+00,-0.05E+00,+0.00E+00,+0.00E+00,+2.12E+00,+59.67E+00,-62.20E+00,+2.495E+00
2,05/2/2026,18:37:27.016,-0.09E+00,-0.05E+00,+0.05E+00,-0.05E+00,+2.41E+00,+60.48E+00,-63.30E+00,+2.403E+00
2,05/2/2026,18:37:27.016,-0.09E+00,-0.05E+00,+0.05E+00,+0.00E+00,+2.70E+00,+61.27E+00,-64.38E+00,+2.312E+00
2,05/2/2026,18:37:27.016,-0.09E+00,-0.05E+00,+0.05E+00,+0.00E+00,+2.98E+00,+62.05E+00,-65.45E+00,+2.220E+00
2,05/2/2026,18:37:27.016,-0.09E+00,-0.05E+00,+0.05E+00,+0.00E+00,+3.27E+00,+62.83E+00,-66.50E+00,+2.121E+00
2,05/2/2026,18:37:27.016,-0.09E+00,-0.05E+00,+0.05E+00,+0.00E+00,+3.54E+00,+63.59E+00,-67.54E+00,+2.030E+00
2,05/2/2026,18:37:27.016,-0.09E+00,-0.05E+00,+0.05E+00,+0.00E+00,+3.82E+00,+64.32E+00,-68.55E+00,+1.930E+00
2,05/2/2026,18:37:27.017,-0.09E+00,-0.05E+00,+0.05E+00,-0.05E+00,+4.07E+00,+65.05E+00,-69.56E+00,+1.839E+00
2,05/2/2026,18:37:27.017,-0.09E+00,-0.05E+00,+0.05E+00,-0.05E+00,+4.35E+00,+65.76E+00,-70.55E+00,+1.747E+00
2,05/2/2026,18:37:27.017,-0.09E+00,-0.05E+00,+0.00E+00,+0.00E+00,+4.62E+00,+66.46E+00,-71.51E+00,+1.656E+00
2,05/2/2026,18:37:27.017,-0.09E+00,-0.05E+00,+0.05E+00,+0.00E+00,+4.88E+00,+67.14E+00,-72.44E+00,+1.564E+00
2,05/2/2026,18:37:27.017,-0.09E+00,-0.05E+00,+0.05E+00,+0.00E+00,+5.16E+00,+67.80E+00,-73.37E+00,+1.465E+00
2,05/2/2026,18:37:27.017,-0.09E+00,-0.05E+00,+0.05E+00,+0.00E+00,+5.42E+00,+68.46E+00,-74.30E+00,+1.373E+00
2,05/2/2026,18:37:27.017,-0.09E+00,-0.05E+00,+0.05E+00,-0.05E+00,+5.68E+00,+69.10E+00,-75.20E+00,+1.282E+00
2,05/2/2026,18:37:27.017,-0.09E+00,-0.05E+00,+0.05E+00,+0.00E+00,+5.94E+00,+69.72E+00,-76.09E+00,+1.183E+00
2,05/2/2026,18:37:27.017,-0.09E+00,-0.05E+00,+0.05E+00,+0.00E+00,+6.20E+00,+70.33E+00,-76.94E+00,+1.099E+00
2,05/2/2026,18:37:27.017,-0.09E+00,-0.05E+00,+0.05E+00,+0.00E+00,+6.46E+00,+70.93E+00,-77.80E+00,+1.007E+00
2,05/2/2026,18:37:27.017,-0.09E+00,-0.05E+00,+0.00E+00,+0.00E+00,+6.70E+00,+71.51E+00,-78.64E+00,+0.916E+00
2,05/2/2026,18:37:27.017,-0.09E+00,-0.05E+00,+0.00E+00,+0.00E+00,+6.96E+00,+72.09E+00,-79.46E+00,+0.824E+00
2,05/2/2026,18:37:27.017,-0.09E+00,-0.05E+00,+0.05E+00,+0.00E+00,+7.20E+00,+72.64E+00,-80.27E+00,+0.732E+00
2,05/2/2026,18:37:27.017,-0.05E+00,-0.05E+00,+0.05E+00,+0.00E+00,+7.46E+00,+73.17E+00,-81.06E+00,+0.641E+00
2,05/2/2026,18:37:27.017,-0.09E+00,-0.05E+00,+0.00E+00,+0.00E+00,+7.71E+00,+73.71E+00,-81.83E+00,+0.549E+00
2,05/2/2026,18:37:27.017,-0.09E+00,-0.05E+00,+0.00E+00,+0.00E+00,+7.95E+00,+74.21E+00,-82.59E+00,+0.465E+00
2,05/2/2026,18:37:27.017,-0.09E+00,-0.05E+00,+0.00E+00,+0.00E+00,+8.19E+00,+74.70E+00,-83.32E+00,+0.374E+00
2,05/2/2026,18:37:27.017,-0.05E+00,-0.05E+00,+0.05E+00,+0.00E+00,+8.44E+00,+75.17E+00,-84.04E+00,+0.275E+00
2,05/2/2026,18:37:27.017,-0.05E+00,-0.05E+00,+0.05E+00,+0.00E+00,+8.68E+00,+75.63E+00,-84.74E+00,+0.191E+00
2,05/2/2026,18:37:27.017,-0.09E+00,-0.05E+00,+0.00E+00,-0.05E+00,+8.93E+00,+76.07E+00,-85.44E+00,+0.099E+00
2,05/2/2026,18:37:27.018,-0.09E+00,-0.05E+00,+0.05E+00,+0.00E+00,+9.17E+00,+76.50E+00,-86.11E+00,+0.000E+00
2,05/2/2026,18:37:27.018,-0.09E+00,-0.05E+00,+0.05E+00,+0.00E+00,+9.43E+00,+76.91E+00,-86.77E+00,-0.092E+00
2,05/2/2026,18:37:27.018,-0.05E+00,-0.05E+00,+0.05E+00,+0.00E+00,+9.66E+00,+77.31E+00,-87.40E+00,-0.183E+00
2,05/2/2026,18:37:27.018,-0.09E+00,-0.05E+00,+0.05E+00,+0.00E+00,+9.90E+00,+77.67E+00,-88.02E+00,-0.275E+00
2,05/2/2026,18:37:27.018,-0.09E+00,-0.05E+00,+0.05E+00,-0.05E+00,+10.15E+00,+78.04E+00,-88.63E+00,-0.366E+00
2,05/2/2026,18:37:27.018,-0.09E+00,-0.05E+00,+0.00E+00,-0.05E+00,+10.39E+00,+78.38E+00,-89.23E+00,-0.458E+00
2,05/2/2026,18:37:27.018,-0.09E+00,-0.05E+00,+0.00E+00,-0.05E+00,+10.64E+00,+78.71E+00,-89.79E+00,-0.557E+00
2,05/2/2026,18:37:27.018,-0.09E+00,-0.05E+00,+0.05E+00,+0.00E+00,+10.88E+00,+79.02E+00,-90.34E+00,-0.649E+00
2,05/2/2026,18:37:27.018,-0.09E+00,-0.05E+00,+0.05E+00,+0.00E+00,+11.12E+00,+79.32E+00,-90.89E+00,-0.740E+00
2,05/2/2026,18:37:27.018,-0.09E+00,-0.05E+00,+0.05E+00,+0.00E+00,+11.37E+00,+79.60E+00,-91.41E+00,-0.832E+00
2,05/2/2026,18:37:27.018,-0.09E+00,-0.05E+00,+0.00E+00,+0.00E+00,+11.60E+00,+79.87E+00,-91.91E+00,-0.931E+00
2,05/2/2026,18:37:27.018,-0.09E+00,-0.05E+00,+0.00E+00,+0.00E+00,+11.83E+00,+80.12E+00,-92.40E+00,-1.022E+00
2,05/2/2026,18:37:27.018,-0.09E+00,-0.05E+00,+0.05E+00,+0.00E+00,+12.06E+00,+80.36E+00,-92.87E+00,-1.114E+00
2,05/2/2026,18:37:27.018,-0.09E+00,-0.05E+00,+0.05E+00,+0.00E+00,+12.28E+00,+80.57E+00,-93.30E+00,-1.198E+00
2,05/2/2026,18:37:27.018,-0.09E+00,-0.05E+00,+0.05E+00,+0.00E+00,+12.50E+00,+80.79E+00,-93.73E+00,-1.289E+00
2,05/2/2026,18:37:27.018,-0.09E+00,-0.05E+00,+0.05E+00,+0.00E+00,+12.71E+00,+80.97E+00,-94.14E+00,-1.381E+00
2,05/2/2026,18:37:27.018,-0.09E+00,-0.05E+00,+0.00E+00,+0.00E+00,+12.93E+00,+81.14E+00,-94.51E+00,-1.473E+00
2,05/2/2026,18:37:27.018,-0.09E+00,-0.05E+00,+0.00E+00,-0.05E+00,+13.12E+00,+81.28E+00,-94.84E+00,-1.564E+00
2,05/2/2026,18:37:27.018,-0.09E+00,-0.05E+00,+0.05E+00,-0.05E+00,+13.31E+00,+81.40E+00,-95.16E+00,-1.656E+00
2,05/2/2026,18:37:27.018,-0.09E+00,-0.05E+00,+0.05E+00,-0.05E+00,+13.47E+00,+81.50E+00,-95.44E+00,-1.747E+00
2,05/2/2026,18:37:27.019,-0.09E+00,-0.05E+00,+0.05E+00,-0.05E+00,+13.66E+00,+81.58E+00,-95.68E+00,-1.846E+00
2,05/2/2026,18:37:27.019,-0.09E+00,-0.05E+00,+0.05E+00,+0.00E+00,+13.81E+00,+81.63E+00,-95.90E+00,-1.938E+00
2,05/2/2026,18:37:27.019,-0.05E+00,-0.05E+00,+0.05E+00,+0.00E+00,+13.96E+00,+81.67E+00,-96.08E+00,-2.030E+00
2,05/2/2026,18:37:27.019,-0.09E+00,-0.05E+00,+0.05E+00,+0.00E+00,+14.10E+00,+81.69E+00,-96.25E+00,-2.114E+00
2,05/2/2026,18:37:27.019,-0.09E+00,-0.05E+00,+0.00E+00,+0.00E+00,+14.24E+00,+81.67E+00,-96.38E+00,-2.197E+00
2,05/2/2026,18:37:27.019,-0.14E+00,-0.05E+00,+0.00E+00,+0.00E+00,+14.38E+00,+81.66E+00,-96.49E+00,-2.289E+00
2,05/2/2026,18:37:27.019,-0.09E+00,-0.05E+00,+0.05E+00,-0.05E+00,+14.51E+00,+81.61E+00,-96.57E+00,-2.373E+00
2,05/2/2026,18:37:27.019,-0.09E+00,-0.05E+00,+0.05E+00,+0.00E+00,+14.65E+00,+81.54E+00,-96.64E+00,-2.457E+00
2,05/2/2026,18:37:27.019,-0.09E+00,-0.05E+00,+0.05E+00,+0.00E+00,+14.79E+00,+81.43E+00,-96.69E+00,-2.541E+00
2,05/2/2026,18:37:27.019,-0.09E+00,-0.05E+00,+0.05E+00,+0.00E+00,+14.91E+00,+81.32E+00,-96.70E+00,-2.632E+00
2,05/2/2026,18:37:27.019,-0.09E+00,-0.05E+00,+0.00E+00,+0.00E+00,+15.05E+00,+81.17E+00,-96.69E+00,-2.709E+00
2,05/2/2026,18:37:27.019,-0.09E+00,-0.05E+00,+0.05E+00,+0.00E+00,+15.17E+00,+81.02E+00,-96.67E+00,-2.800E+00
2,05/2/2026,18:37:27.019,-0.09E+00,-0.05E+00,+0.05E+00,+0.00E+00,+15.28E+00,+80.83E+00,-96.61E+00,-2.877E+00
2,05/2/2026,18:37:27.019,-0.09E+00,-0.05E+00,+0.05E+00,+0.00E+00,+15.38E+00,+80.63E+00,-96.51E+00,-2.953E+00
2,05/2/2026,18:37:27.019,-0.09E+00,-0.05E+00,+0.05E+00,-0.05E+00,+15.47E+00,+80.41E+00,-96.40E+00,-3.037E+00
2,05/2/2026,18:37:27.019,-0.09E+00,-0.05E+00,+0.00E+00,-0.05E+00,+15.57E+00,+80.15E+00,-96.23E+00,-3.121E+00
2,05/2/2026,18:37:27.019,-0.09E+00,-0.05E+00,+0.05E+00,+0.00E+00,+15.66E+00,+79.86E+00,-96.06E+00,-3.197E+00
2,05/2/2026,18:37:27.019,-0.09E+00,-0.05E+00,+0.05E+00,+0.00E+00,+15.75E+00,+79.54E+00,-95.85E+00,-3.281E+00
2,05/2/2026,18:37:27.019,-0.09E+00,-0.05E+00,+0.05E+00,+0.00E+00,+15.82E+00,+79.20E+00,-95.62E+00,-3.365E+00
2,05/2/2026,18:37:27.019,-0.09E+00,-0.05E+00,+0.05E+00,+0.00E+00,+15.92E+00,+78.82E+00,-95.36E+00,-3.441E+00
2,05/2/2026,18:37:27.020,-0.09E+00,-0.05E+00,+0.05E+00,+0.00E+00,+15.99E+00,+78.42E+00,-95.07E+00,-3.517E+00
2,05/2/2026,18:37:27.020,-0.09E+00,-0.05E+00,+0.05E+00,+0.00E+00,+16.08E+00,+78.01E+00,-94.77E+00,-3.601E+00
2,05/2/2026,18:37:27.020,-0.09E+00,-0.05E+00,+0.05E+00,+0.00E+00,+16.16E+00,+77.55E+00,-94.43E+00,-3.678E+00
2,05/2/2026,18:37:27.020,-0.09E+00,-0.05E+00,+0.05E+00,+0.00E+00,+16.25E+00,+77.08E+00,-94.09E+00,-3.762E+00
2,05/2/2026,18:37:27.020,-0.09E+00,-0.05E+00,+0.05E+00,-0.05E+00,+16.33E+00,+76.59E+00,-93.71E+00,-3.830E+00
2,05/2/2026,18:37:27.020,-0.09E+00,-0.05E+00,+0.05E+00,-0.05E+00,+16.40E+00,+76.09E+00,-93.30E+00,-3.907E+00
2,05/2/2026,18:37:27.020,-0.09E+00,-0.05E+00,+0.00E+00,+0.00E+00,+16.50E+00,+75.54E+00,-92.87E+00,-3.983E+00
2,05/2/2026,18:37:27.020,-0.09E+00,-0.05E+00,+0.00E+00,+0.00E+00,+16.57E+00,+74.99E+00,-92.42E+00,-4.052E+00
2,05/2/2026,18:37:27.020,-0.09E+00,-0.05E+00,+0.05E+00,-0.05E+00,+16.63E+00,+74.41E+00,-91.93E+00,-4.128E+00
2,05/2/2026,18:37:27.020,-0.09E+00,-0.05E+00,+0.05E+00,+0.00E+00,+16.68E+00,+73.81E+00,-91.41E+00,-4.197E+00
2,05/2/2026,18:37:27.020,-0.09E+00,-0.05E+00,+0.05E+00,+0.00E+00,+16.74E+00,+73.20E+00,-90.86E+00,-4.273E+00
2,05/2/2026,18:37:27.020,-0.09E+00,-0.05E+00,+0.05E+00,+0.00E+00,+16.80E+00,+72.56E+00,-90.31E+00,-4.342E+00
2,05/2/2026,18:37:27.020,-0.09E+00,-0.05E+00,+0.05E+00,-0.05E+00,+16.85E+00,+71.89E+00,-89.71E+00,-4.403E+00
2,05/2/2026,18:37:27.020,-0.09E+00,-0.05E+00,+0.00E+00,+0.00E+00,+16.89E+00,+71.22E+00,-89.09E+00,-4.471E+00
2,05/2/2026,18:37:27.020,-0.09E+00,-0.05E+00,+0.00E+00,+0.00E+00,+16.95E+00,+70.52E+00,-88.46E+00,-4.540E+00
2,05/2/2026,18:37:27.020,-0.09E+00,-0.05E+00,+0.05E+00,-0.05E+00,+16.98E+00,+69.80E+00,-87.79E+00,-4.601E+00
2,05/2/2026,18:37:27.020,-0.09E+00,-0.05E+00,+0.05E+00,-0.05E+00,+17.03E+00,+69.07E+00,-87.12E+00,-4.662E+00
2,05/2/2026,18:37:27.020,-0.09E+00,-0.05E+00,+0.05E+00,+0.00E+00,+17.08E+00,+68.32E+00,-86.42E+00,-4.723E+00
2,05/2/2026,18:37:27.020,-0.09E+00,-0.05E+00,+0.00E+00,+0.00E+00,+17.11E+00,+67.54E+00,-85.69E+00,-4.784E+00
2,05/2/2026,18:37:27.020,-0.09E+00,-0.05E+00,+0.05E+00,+0.00E+00,+17.14E+00,+66.76E+00,-84.94E+00,-4.845E+00
2,05/2/2026,18:37:27.021,-0.09E+00,-0.05E+00,+0.05E+00,+0.00E+00,+17.17E+00,+65.97E+00,-84.18E+00,-4.899E+00
2,05/2/2026,18:37:27.021,-0.09E+00,-0.05E+00,+0.05E+00,+0.00E+00,+17.20E+00,+65.15E+00,-83.38E+00,-4.960E+00
2,05/2/2026,18:37:27.021,-0.09E+00,-0.05E+00,+0.05E+00,+0.00E+00,+17.23E+00,+64.31E+00,-82.57E+00,-5.013E+00
2,05/2/2026,18:37:27.021,-0.09E+00,-0.05E+00,+0.05E+00,+0.00E+00,+17.24E+00,+63.45E+00,-81.73E+00,-5.066E+00
2,05/2/2026,18:37:27.021,-0.09E+00,-0.05E+00,+0.00E+00,+0.00E+00,+17.26E+00,+62.58E+00,-80.86E+00,-5.127E+00
2,05/2/2026,18:37:27.021,-0.09E+00,-0.05E+00,+0.00E+00,-0.05E+00,+17.29E+00,+61.68E+00,-79.98E+00,-5.181E+00
2,05/2/2026,18:37:27.021,-0.09E+00,-0.05E+00,+0.05E+00,+0.00E+00,+17.29E+00,+60.77E+00,-79.06E+00,-5.234E+00
2,05/2/2026,18:37:27.021,-0.09E+00,-0.05E+00,+0.05E+00,+0.00E+00,+17.31E+00,+59.84E+00,-78.13E+00,-5.288E+00
2,05/2/2026,18:37:27.021,-0.09E+00,-0.05E+00,+0.05E+00,+0.00E+00,+17.31E+00,+58.90E+00,-77.20E+00,-5.341E+00
2,05/2/2026,18:37:27.021,-0.09E+00,-0.05E+00,+0.05E+00,+0.00E+00,+17.31E+00,+57.94E+00,-76.22E+00,-5.394E+00
2,05/2/2026,18:37:27.021,-0.09E+00,-0.05E+00,+0.05E+00,+0.00E+00,+17.32E+00,+56.97E+00,-75.23E+00,-5.440E+00
2,05/2/2026,18:37:27.021,-0.09E+00,-0.05E+00,+0.05E+00,+0.00E+00,+17.31E+00,+55.99E+00,-74.24E+00,-5.486E+00
2,05/2/2026,18:37:27.021,-0.09E+00,-0.05E+00,+0.00E+00,+0.00E+00,+17.31E+00,+54.98E+00,-73.22E+00,-5.539E+00
2,05/2/2026,18:37:27.021,-0.09E+00,-0.05E+00,+0.00E+00,-0.05E+00,+17.31E+00,+53.98E+00,-72.18E+00,-5.585E+00
2,05/2/2026,18:37:27.021,-0.09E+00,-0.05E+00,+0.05E+00,-0.05E+00,+17.29E+00,+52.94E+00,-71.11E+00,-5.631E+00
2,05/2/2026,18:37:27.021,-0.09E+00,-0.05E+00,+0.05E+00,+0.00E+00,+17.29E+00,+51.90E+00,-70.04E+00,-5.684E+00
2,05/2/2026,18:37:27.021,-0.09E+00,-0.05E+00,+0.05E+00,+0.00E+00,+17.27E+00,+50.85E+00,-68.95E+00,-5.723E+00
2,05/2/2026,18:37:27.021,-0.09E+00,-0.05E+00,+0.00E+00,+0.00E+00,+17.26E+00,+49.76E+00,-67.83E+00,-5.776E+00
2,05/2/2026,18:37:27.021,-0.09E+00,-0.05E+00,+0.00E+00,+0.00E+00,+17.24E+00,+48.68E+00,-66.70E+00,-5.814E+00
2,05/2/2026,18:37:27.021,-0.09E+00,-0.05E+00,+0.00E+00,+0.00E+00,+17.21E+00,+47.60E+00,-65.56E+00,-5.860E+00
2,05/2/2026,18:37:27.022,-0.09E+00,-0.05E+00,+0.00E+00,-0.05E+00,+17.18E+00,+46.50E+00,-64.38E+00,-5.898E+00
2,05/2/2026,18:37:27.022,-0.09E+00,-0.05E+00,+0.05E+00,+0.00E+00,+17.14E+00,+45.40E+00,-63.21E+00,-5.929E+00
2,05/2/2026,18:37:27.022,-0.09E+00,-0.05E+00,+0.05E+00,+0.00E+00,+17.09E+00,+44.29E+00,-62.02E+00,-5.959E+00
2,05/2/2026,18:37:27.022,-0.09E+00,-0.05E+00,+0.00E+00,+0.00E+00,+17.03E+00,+43.17E+00,-60.81E+00,-5.990E+00
2,05/2/2026,18:37:27.022,-0.09E+00,-0.05E+00,+0.05E+00,-0.05E+00,+16.95E+00,+42.06E+00,-59.58E+00,-6.013E+00
2,05/2/2026,18:37:27.022,-0.09E+00,-0.05E+00,+0.05E+00,-0.05E+00,+16.86E+00,+40.93E+00,-58.35E+00,-6.035E+00
2,05/2/2026,18:37:27.022,-0.09E+00,-0.05E+00,+0.00E+00,+0.00E+00,+16.77E+00,+39.81E+00,-57.09E+00,-6.051E+00
2,05/2/2026,18:37:27.022,-0.09E+00,-0.05E+00,+0.05E+00,+0.00E+00,+16.68E+00,+38.68E+00,-55.82E+00,-6.066E+00
2,05/2/2026,18:37:27.022,-0.09E+00,-0.05E+00,+0.05E+00,+0.00E+00,+16.57E+00,+37.54E+00,-54.56E+00,-6.081E+00
2,05/2/2026,18:37:27.022,-0.09E+00,-0.05E+00,+0.00E+00,-0.05E+00,+16.47E+00,+36.40E+00,-53.26E+00,-6.089E+00
2,05/2/2026,18:37:27.022,-0.09E+00,-0.05E+00,+0.05E+00,-0.05E+00,+16.34E+00,+35.25E+00,-51.95E+00,-6.104E+00
2,05/2/2026,18:37:27.022,-0.09E+00,-0.05E+00,+0.05E+00,+0.00E+00,+16.22E+00,+34.09E+00,-50.62E+00,-6.112E+00
2,05/2/2026,18:37:27.022,-0.09E+00,-0.05E+00,+0.00E+00,+0.00E+00,+16.10E+00,+32.93E+00,-49.29E+00,-6.119E+00
2,05/2/2026,18:37:27.022,-0.09E+00,-0.05E+00,+0.05E+00,+0.00E+00,+15.96E+00,+31.76E+00,-47.93E+00,-6.127E+00
2,05/2/2026,18:37:27.022,-0.09E+00,-0.05E+00,+0.05E+00,-0.05E+00,+15.82E+00,+30.57E+00,-46.57E+00,-6.127E+00
2,05/2/2026,18:37:27.022,-0.09E+00,-0.05E+00,+0.05E+00,-0.05E+00,+15.67E+00,+29.38E+00,-45.20E+00,-6.135E+00
2,05/2/2026,18:37:27.022,-0.09E+00,-0.05E+00,+0.00E+00,+0.00E+00,+15.52E+00,+28.20E+00,-43.83E+00,-6.135E+00
2,05/2/2026,18:37:27.022,-0.05E+00,-0.05E+00,+0.05E+00,-0.05E+00,+15.37E+00,+27.01E+00,-42.42E+00,-6.135E+00
2,05/2/2026,18:37:27.022,-0.09E+00,-0.05E+00,+0.05E+00,+0.00E+00,+15.21E+00,+25.82E+00,-41.03E+00,-6.135E+00
2,05/2/2026,18:37:27.022,-0.09E+00,-0.05E+00,+0.05E+00,+0.00E+00,+15.05E+00,+24.61E+00,-39.63E+00,-6.135E+00
2,05/2/2026,18:37:27.023,-0.09E+00,-0.05E+00,+0.00E+00,+0.00E+00,+14.88E+00,+23.42E+00,-38.21E+00,-6.127E+00
2,05/2/2026,18:37:27.023,-0.09E+00,-0.05E+00,+0.00E+00,+0.00E+00,+14.70E+00,+22.22E+00,-36.78E+00,-6.119E+00
2,05/2/2026,18:37:27.023,-0.09E+00,-0.05E+00,+0.05E+00,+0.00E+00,+14.51E+00,+21.01E+00,-35.34E+00,-6.112E+00
2,05/2/2026,18:37:27.023,-0.09E+00,-0.05E+00,+0.05E+00,+0.00E+00,+14.33E+00,+19.81E+00,-33.91E+00,-6.096E+00
2,05/2/2026,18:37:27.023,-0.09E+00,-0.05E+00,+0.05E+00,+0.00E+00,+14.13E+00,+18.60E+00,-32.46E+00,-6.081E+00
2,05/2/2026,18:37:27.023,-0.09E+00,-0.05E+00,+0.00E+00,+0.00E+00,+13.93E+00,+17.40E+00,-31.01E+00,-6.066E+00
2,05/2/2026,18:37:27.023,-0.09E+00,-0.05E+00,+0.00E+00,+0.00E+00,+13.73E+00,+16.19E+00,-29.54E+00,-6.051E+00
2,05/2/2026,18:37:27.023,-0.09E+00,-0.05E+00,+0.00E+00,-0.05E+00,+13.54E+00,+14.97E+00,-28.08E+00,-6.035E+00
2,05/2/2026,18:37:27.023,-0.09E+00,-0.05E+00,+0.05E+00,-0.05E+00,+13.34E+00,+13.76E+00,-26.61E+00,-6.013E+00
2,05/2/2026,18:37:27.023,-0.09E+00,-0.05E+00,+0.05E+00,-0.05E+00,+13.14E+00,+12.54E+00,-25.15E+00,-5.997E+00
2,05/2/2026,18:37:27.023,-0.09E+00,-0.05E+00,+0.00E+00,+0.00E+00,+12.94E+00,+11.32E+00,-23.68E+00,-5.974E+00
2,05/2/2026,18:37:27.023,-0.09E+00,-0.05E+00,+0.05E+00,+0.00E+00,+12.74E+00,+10.10E+00,-22.20E+00,-5.959E+00
2,05/2/2026,18:37:27.023,-0.09E+00,-0.05E+00,+0.05E+00,+0.00E+00,+12.53E+00,+8.88E+00,-20.72E+00,-5.936E+00
2,05/2/2026,18:37:27.023,-0.09E+00,-0.05E+00,+0.00E+00,-0.05E+00,+12.31E+00,+7.65E+00,-19.24E+00,-5.913E+00
2,05/2/2026,18:37:27.023,-0.09E+00,-0.05E+00,+0.05E+00,-0.05E+00,+12.12E+00,+6.42E+00,-17.76E+00,-5.890E+00
2,05/2/2026,18:37:27.023,-0.09E+00,-0.05E+00,+0.05E+00,+0.00E+00,+11.90E+00,+5.20E+00,-16.28E+00,-5.868E+00
2,05/2/2026,18:37:27.023,-0.09E+00,-0.05E+00,+0.05E+00,+0.00E+00,+11.69E+00,+3.97E+00,-14.80E+00,-5.845E+00
2,05/2/2026,18:37:27.023,-0.09E+00,-0.05E+00,+0.05E+00,+0.00E+00,+11.48E+00,+2.75E+00,-13.32E+00,-5.814E+00
2,05/2/2026,18:37:27.023,-0.09E+00,-0.05E+00,+0.00E+00,+0.00E+00,+11.26E+00,+1.51E+00,-11.84E+00,-5.791E+00
2,05/2/2026,18:37:27.023,-0.09E+00,-0.05E+00,+0.00E+00,+0.00E+00,+11.05E+00,+0.29E+00,-10.38E+00,-5.768E+00
2,05/2/2026,18:37:27.024,-0.09E+00,-0.05E+00,+0.05E+00,+0.00E+00,+10.85E+00,-0.93E+00,-8.88E+00,-5.738E+00
2,05/2/2026,18:37:27.024,-0.09E+00,-0.05E+00,+0.05E+00,+0.00E+00,+10.62E+00,-2.15E+00,-7.40E+00,-5.707E+00
2,05/2/2026,18:37:27.024,-0.09E+00,-0.05E+00,+0.05E+00,+0.00E+00,+10.41E+00,-3.37E+00,-5.94E+00,-5.669E+00
2,05/2/2026,18:37:27.024,-0.09E+00,-0.05E+00,+0.05E+00,+0.00E+00,+10.19E+00,-4.59E+00,-4.46E+00,-5.639E+00
2,05/2/2026,18:37:27.024,-0.09E+00,-0.05E+00,+0.00E+00,+0.00E+00,+9.96E+00,-5.81E+00,-2.99E+00,-5.608E+00
2,05/2/2026,18:37:27.024,-0.09E+00,-0.05E+00,+0.05E+00,+0.00E+00,+9.75E+00,-7.02E+00,-1.51E+00,-5.578E+00
2,05/2/2026,18:37:27.024,-0.05E+00,-0.05E+00,+0.00E+00,+0.00E+00,+9.54E+00,-8.24E+00,-0.05E+00,-5.539E+00
2,05/2/2026,18:37:27.024,-0.05E+00,-0.05E+00,+0.00E+00,+0.00E+00,+9.32E+00,-9.46E+00,+1.42E+00,-5.509E+00
2,05/2/2026,18:37:27.024,-0.09E+00,-0.05E+00,+0.05E+00,+0.00E+00,+9.13E+00,-10.67E+00,+2.87E+00,-5.471E+00
2,05/2/2026,18:37:27.024,-0.09E+00,-0.05E+00,+0.05E+00,-0.05E+00,+8.93E+00,-11.87E+00,+4.30E+00,-5.440E+00
2,05/2/2026,18:37:27.024,-0.09E+00,-0.05E+00,+0.05E+00,-0.05E+00,+8.70E+00,-13.08E+00,+5.77E+00,-5.402E+00
2,05/2/2026,18:37:27.024,-0.09E+00,-0.05E+00,+0.05E+00,+0.00E+00,+8.48E+00,-14.28E+00,+7.22E+00,-5.364E+00
2,05/2/2026,18:37:27.024,-0.09E+00,-0.05E+00,+0.05E+00,+0.00E+00,+8.26E+00,-15.47E+00,+8.67E+00,-5.326E+00
2,05/2/2026,18:37:27.024,-0.09E+00,-0.05E+00,+0.05E+00,+0.00E+00,+8.03E+00,-16.68E+00,+10.12E+00,-5.288E+00
2,05/2/2026,18:37:27.024,-0.09E+00,-0.05E+00,+0.05E+00,-0.05E+00,+7.80E+00,-17.87E+00,+11.57E+00,-5.250E+00
2,05/2/2026,18:37:27.024,-0.09E+00,+0.00E+00,+0.05E+00,-0.05E+00,+7.57E+00,-19.06E+00,+13.03E+00,-5.204E+00
2,05/2/2026,18:37:27.024,-0.09E+00,-0.05E+00,+0.00E+00,+0.00E+00,+7.32E+00,-20.25E+00,+14.48E+00,-5.166E+00
2,05/2/2026,18:37:27.024,-0.09E+00,-0.05E+00,+0.05E+00,+0.00E+00,+7.08E+00,-21.44E+00,+15.93E+00,-5.120E+00
2,05/2/2026,18:37:27.024,-0.09E+00,-0.05E+00,+0.05E+00,+0.00E+00,+6.84E+00,-22.62E+00,+17.38E+00,-5.074E+00
2,05/2/2026,18:37:27.024,-0.09E+00,-0.05E+00,+0.05E+00,-0.05E+00,+6.61E+00,-23.81E+00,+18.82E+00,-5.036E+00
2,05/2/2026,18:37:27.025,-0.09E+00,-0.05E+00,+0.05E+00,+0.00E+00,+6.38E+00,-25.00E+00,+20.25E+00,-4.990E+00
2,05/2/2026,18:37:27.025,-0.09E+00,-0.05E+00,+0.00E+00,+0.00E+00,+6.13E+00,-26.17E+00,+21.68E+00,-4.944E+00
2,05/2/2026,18:37:27.025,-0.09E+00,-0.05E+00,+0.00E+00,+0.00E+00,+5.91E+00,-27.35E+00,+23.13E+00,-4.899E+00
2,05/2/2026,18:37:27.025,-0.09E+00,-0.05E+00,+0.05E+00,-0.05E+00,+5.65E+00,-28.52E+00,+24.55E+00,-4.853E+00
2,05/2/2026,18:37:27.025,-0.09E+00,-0.05E+00,+0.05E+00,-0.05E+00,+5.42E+00,-29.68E+00,+25.97E+00,-4.799E+00
2,05/2/2026,18:37:27.025,-0.09E+00,-0.05E+00,+0.00E+00,-0.05E+00,+5.17E+00,-30.86E+00,+27.38E+00,-4.754E+00
2,05/2/2026,18:37:27.025,-0.05E+00,-0.05E+00,+0.00E+00,+0.00E+00,+4.93E+00,-32.02E+00,+28.78E+00,-4.693E+00
2,05/2/2026,18:37:27.025,-0.09E+00,-0.05E+00,+0.05E+00,+0.00E+00,+4.70E+00,-33.16E+00,+30.17E+00,-4.639E+00
2,05/2/2026,18:37:27.025,-0.09E+00,-0.05E+00,+0.05E+00,-0.05E+00,+4.46E+00,-34.29E+00,+31.56E+00,-4.586E+00
2,05/2/2026,18:37:27.025,-0.09E+00,-0.05E+00,+0.00E+00,-0.05E+00,+4.20E+00,-35.42E+00,+32.93E+00,-4.517E+00
2,05/2/2026,18:37:27.025,-0.09E+00,-0.05E+00,+0.05E+00,+0.00E+00,+3.95E+00,-36.50E+00,+34.27E+00,-4.448E+00
2,05/2/2026,18:37:27.025,-0.09E+00,-0.05E+00,+0.05E+00,+0.00E+00,+3.69E+00,-37.59E+00,+35.62E+00,-4.380E+00
2,05/2/2026,18:37:27.025,-0.09E+00,-0.05E+00,+0.05E+00,+0.00E+00,+3.43E+00,-38.65E+00,+36.93E+00,-4.303E+00
2,05/2/2026,18:37:27.025,-0.09E+00,-0.05E+00,+0.05E+00,-0.05E+00,+3.16E+00,-39.69E+00,+38.24E+00,-4.227E+00
2,05/2/2026,18:37:27.025,-0.09E+00,-0.05E+00,+0.05E+00,+0.00E+00,+2.90E+00,-40.73E+00,+39.54E+00,-4.143E+00
2,05/2/2026,18:37:27.025,-0.09E+00,-0.05E+00,+0.05E+00,+0.00E+00,+2.64E+00,-41.75E+00,+40.84E+00,-4.067E+00
2,05/2/2026,18:37:27.025,-0.09E+00,-0.05E+00,+0.00E+00,-0.05E+00,+2.37E+00,-42.77E+00,+42.10E+00,-3.983E+00
2,05/2/2026,18:37:27.025,-0.09E+00,-0.05E+00,+0.00E+00,+0.00E+00,+2.09E+00,-43.78E+00,+43.37E+00,-3.907E+00
2,05/2/2026,18:37:27.025,-0.09E+00,-0.05E+00,+0.05E+00,-0.05E+00,+1.83E+00,-44.76E+00,+44.61E+00,-3.823E+00
2,05/2/2026,18:37:27.025,-0.09E+00,-0.05E+00,+0.05E+00,+0.00E+00,+1.56E+00,-45.72E+00,+45.84E+00,-3.731E+00
2,05/2/2026,18:37:27.026,-0.09E+00,-0.05E+00,+0.05E+00,+0.00E+00,+1.27E+00,-46.68E+00,+47.06E+00,-3.647E+00
2,05/2/2026,18:37:27.026,-0.09E+00,-0.05E+00,+0.05E+00,+0.00E+00,+0.98E+00,-47.64E+00,+48.28E+00,-3.563E+00
2,05/2/2026,18:37:27.026,-0.09E+00,-0.05E+00,+0.00E+00,+0.00E+00,+0.70E+00,-48.56E+00,+49.47E+00,-3.472E+00
2,05/2/2026,18:37:27.026,-0.09E+00,-0.05E+00,+0.05E+00,+0.00E+00,+0.41E+00,-49.49E+00,+50.65E+00,-3.380E+00
2,05/2/2026,18:37:27.026,-0.09E+00,-0.05E+00,+0.05E+00,-0.05E+00,+0.12E+00,-50.40E+00,+51.82E+00,-3.296E+00
2,05/2/2026,18:37:27.026,-0.05E+00,-0.05E+00,+0.00E+00,+0.00E+00,-0.15E+00,-51.29E+00,+52.98E+00,-3.205E+00
2,05/2/2026,18:37:27.026,-0.05E+00,-0.05E+00,+0.05E+00,+0.00E+00,-0.46E+00,-52.17E+00,+54.14E+00,-3.113E+00
2,05/2/2026,18:37:27.026,-0.09E+00,-0.05E+00,+0.05E+00,+0.00E+00,-0.75E+00,-53.06E+00,+55.27E+00,-3.022E+00
2,05/2/2026,18:37:27.026,-0.09E+00,-0.05E+00,+0.05E+00,-0.05E+00,-1.04E+00,-53.91E+00,+56.40E+00,-2.922E+00
2,05/2/2026,18:37:27.026,-0.09E+00,-0.05E+00,+0.05E+00,-0.05E+00,-1.31E+00,-54.75E+00,+57.53E+00,-2.831E+00
2,05/2/2026,18:37:27.026,-0.09E+00,-0.05E+00,+0.05E+00,+0.00E+00,-1.62E+00,-55.59E+00,+58.61E+00,-2.739E+00
2,05/2/2026,18:37:27.026,-0.09E+00,-0.05E+00,+0.00E+00,+0.00E+00,-1.91E+00,-56.42E+00,+59.70E+00,-2.640E+00
2,05/2/2026,18:37:27.026,-0.09E+00,-0.05E+00,+0.00E+00,-0.05E+00,-2.20E+00,-57.24E+00,+60.78E+00,-2.548E+00
2,05/2/2026,18:37:27.026,-0.09E+00,-0.05E+00,+0.00E+00,+0.00E+00,-2.49E+00,-58.05E+00,+61.83E+00,-2.457E+00
2,05/2/2026,18:37:27.026,-0.09E+00,-0.05E+00,+0.05E+00,+0.00E+00,-2.76E+00,-58.84E+00,+62.87E+00,-2.358E+00
2,05/2/2026,18:37:27.026,-0.09E+00,-0.05E+00,+0.05E+00,-0.05E+00,-3.05E+00,-59.62E+00,+63.89E+00,-2.259E+00
2,05/2/2026,18:37:27.026,-0.09E+00,-0.05E+00,+0.00E+00,+0.00E+00,-3.34E+00,-60.40E+00,+64.92E+00,-2.167E+00
2,05/2/2026,18:37:27.026,-0.09E+00,-0.05E+00,+0.00E+00,+0.00E+00,-3.62E+00,-61.16E+00,+65.91E+00,-2.075E+00
2,05/2/2026,18:37:27.026,-0.09E+00,-0.05E+00,+0.05E+00,-0.05E+00,-3.89E+00,-61.93E+00,+66.89E+00,-1.976E+00
2,05/2/2026,18:37:27.026,-0.09E+00,-0.05E+00,+0.00E+00,+0.00E+00,-4.17E+00,-62.66E+00,+67.85E+00,-1.885E+00
2,05/2/2026,18:37:27.027,-0.09E+00,-0.05E+00,+0.00E+00,+0.00E+00,-4.44E+00,-63.38E+00,+68.79E+00,-1.785E+00
2,05/2/2026,18:37:27.027,-0.05E+00,-0.05E+00,+0.05E+00,+0.00E+00,-4.70E+00,-64.09E+00,+69.72E+00,-1.694E+00
2,05/2/2026,18:37:27.027,-0.09E+00,-0.05E+00,+0.00E+00,+0.00E+00,-4.97E+00,-64.79E+00,+70.62E+00,-1.602E+00
2,05/2/2026,18:37:27.027,-0.09E+00,-0.05E+00,+0.00E+00,-0.05E+00,-5.23E+00,-65.48E+00,+71.52E+00,-1.511E+00
2,05/2/2026,18:37:27.027,-0.09E+00,-0.05E+00,+0.05E+00,+0.00E+00,-5.49E+00,-66.14E+00,+72.41E+00,-1.419E+00
2,05/2/2026,18:37:27.027,-0.09E+00,-0.05E+00,+0.05E+00,+0.00E+00,-5.77E+00,-66.79E+00,+73.28E+00,-1.328E+00
2,05/2/2026,18:37:27.027,-0.09E+00,-0.05E+00,+0.05E+00,+0.00E+00,-6.03E+00,-67.43E+00,+74.13E+00,-1.228E+00
2,05/2/2026,18:37:27.027,-0.09E+00,-0.05E+00,+0.05E+00,-0.05E+00,-6.29E+00,-68.06E+00,+74.97E+00,-1.137E+00
2,05/2/2026,18:37:27.027,-0.09E+00,-0.05E+00,+0.05E+00,-0.05E+00,-6.55E+00,-68.69E+00,+75.80E+00,-1.045E+00
2,05/2/2026,18:37:27.027,-0.09E+00,-0.05E+00,+0.05E+00,-0.05E+00,-6.81E+00,-69.30E+00,+76.61E+00,-0.954E+00
2,05/2/2026,18:37:27.027,-0.09E+00,-0.05E+00,+0.00E+00,+0.00E+00,-7.05E+00,-69.89E+00,+77.40E+00,-0.862E+00
2,05/2/2026,18:37:27.027,-0.09E+00,-0.05E+00,+0.00E+00,+0.00E+00,-7.29E+00,-70.47E+00,+78.19E+00,-0.771E+00
2,05/2/2026,18:37:27.027,-0.09E+00,-0.05E+00,+0.05E+00,-0.05E+00,-7.55E+00,-71.02E+00,+78.96E+00,-0.679E+00
2,05/2/2026,18:37:27.027,-0.09E+00,-0.05E+00,+0.00E+00,-0.05E+00,-7.81E+00,-71.59E+00,+79.70E+00,-0.595E+00
2,05/2/2026,18:37:27.027,-0.09E+00,-0.05E+00,+0.00E+00,+0.00E+00,-8.06E+00,-72.12E+00,+80.44E+00,-0.504E+00
2,05/2/2026,18:37:27.027,-0.09E+00,-0.05E+00,+0.05E+00,+0.00E+00,-8.30E+00,-72.62E+00,+81.15E+00,-0.404E+00
2,05/2/2026,18:37:27.027,-0.09E+00,-0.05E+00,+0.05E+00,+0.00E+00,-8.55E+00,-73.13E+00,+81.86E+00,-0.313E+00
2,05/2/2026,18:37:27.027,-0.09E+00,-0.05E+00,+0.05E+00,+0.00E+00,-8.79E+00,-73.62E+00,+82.54E+00,-0.221E+00
2,05/2/2026,18:37:27.027,-0.09E+00,-0.05E+00,+0.00E+00,+0.00E+00,-9.03E+00,-74.09E+00,+83.23E+00,-0.130E+00
2,05/2/2026,18:37:27.027,-0.09E+00,-0.05E+00,+0.05E+00,+0.00E+00,-9.29E+00,-74.53E+00,+83.89E+00,-0.038E+00
2,05/2/2026,18:37:27.028,-0.05E+00,-0.05E+00,+0.05E+00,-0.05E+00,-9.54E+00,-74.96E+00,+84.54E+00,+0.053E+00
2,05/2/2026,18:37:27.028,-0.09E+00,-0.05E+00,+0.05E+00,-0.05E+00,-9.77E+00,-75.39E+00,+85.17E+00,+0.153E+00
2,05/2/2026,18:37:27.028,-0.14E+00,-0.05E+00,+0.00E+00,-0.05E+00,-10.01E+00,-75.80E+00,+85.79E+00,+0.244E+00
2,05/2/2026,18:37:27.028,-0.09E+00,-0.05E+00,+0.05E+00,+0.00E+00,-10.27E+00,-76.19E+00,+86.39E+00,+0.336E+00
2,05/2/2026,18:37:27.028,-0.09E+00,-0.05E+00,+0.05E+00,+0.00E+00,-10.51E+00,-76.56E+00,+87.00E+00,+0.427E+00
2,05/2/2026,18:37:27.028,-0.09E+00,-0.05E+00,+0.05E+00,-0.05E+00,-10.76E+00,-76.91E+00,+87.56E+00,+0.526E+00
2,05/2/2026,18:37:27.028,-0.09E+00,-0.05E+00,+0.05E+00,+0.00E+00,-11.00E+00,-77.25E+00,+88.13E+00,+0.618E+00
2,05/2/2026,18:37:27.028,-0.09E+00,-0.05E+00,+0.05E+00,+0.00E+00,-11.23E+00,-77.58E+00,+88.69E+00,+0.717E+00
2,05/2/2026,18:37:27.028,-0.09E+00,-0.05E+00,+0.00E+00,+0.00E+00,-11.49E+00,-77.89E+00,+89.23E+00,+0.809E+00
2,05/2/2026,18:37:27.028,-0.09E+00,-0.05E+00,+0.00E+00,+0.00E+00,-11.74E+00,-78.18E+00,+89.75E+00,+0.900E+00
2,05/2/2026,18:37:27.028,-0.09E+00,-0.05E+00,+0.05E+00,-0.05E+00,-11.96E+00,-78.47E+00,+90.25E+00,+0.992E+00
2,05/2/2026,18:37:27.028,-0.09E+00,-0.05E+00,+0.00E+00,-0.05E+00,-12.19E+00,-78.73E+00,+90.74E+00,+1.091E+00
2,05/2/2026,18:37:27.028,-0.09E+00,-0.05E+00,+0.00E+00,+0.00E+00,-12.42E+00,-78.99E+00,+91.21E+00,+1.183E+00
2,05/2/2026,18:37:27.028,-0.09E+00,-0.05E+00,+0.05E+00,+0.00E+00,-12.64E+00,-79.22E+00,+91.67E+00,+1.267E+00
2,05/2/2026,18:37:27.028,-0.09E+00,-0.05E+00,+0.00E+00,+0.00E+00,-12.86E+00,-79.44E+00,+92.10E+00,+1.358E+00
2,05/2/2026,18:37:27.028,-0.09E+00,-0.05E+00,+0.00E+00,+0.00E+00,-13.08E+00,-79.64E+00,+92.51E+00,+1.450E+00
2,05/2/2026,18:37:27.028,-0.09E+00,-0.05E+00,+0.05E+00,+0.00E+00,-13.28E+00,-79.83E+00,+92.89E+00,+1.541E+00
2,05/2/2026,18:37:27.028,-0.09E+00,-0.05E+00,+0.05E+00,+0.00E+00,-13.47E+00,-79.99E+00,+93.26E+00,+1.633E+00
2,05/2/2026,18:37:27.028,-0.09E+00,-0.05E+00,+0.00E+00,+0.00E+00,-13.66E+00,-80.13E+00,+93.58E+00,+1.724E+00
2,05/2/2026,18:37:27.028,-0.09E+00,-0.05E+00,+0.05E+00,+0.00E+00,-13.84E+00,-80.25E+00,+93.85E+00,+1.824E+00
2,05/2/2026,18:37:27.029,-0.05E+00,-0.05E+00,+0.05E+00,+0.00E+00,-14.01E+00,-80.34E+00,+94.11E+00,+1.915E+00
2,05/2/2026,18:37:27.029,-0.09E+00,-0.05E+00,+0.05E+00,+0.00E+00,-14.16E+00,-80.41E+00,+94.34E+00,+2.014E+00
2,05/2/2026,18:37:27.029,-0.09E+00,-0.05E+00,+0.05E+00,+0.00E+00,-14.31E+00,-80.47E+00,+94.54E+00,+2.106E+00
2,05/2/2026,18:37:27.029,-0.09E+00,-0.05E+00,+0.05E+00,+0.00E+00,-14.47E+00,-80.48E+00,+94.70E+00,+2.190E+00
2,05/2/2026,18:37:27.029,-0.09E+00,-0.05E+00,+0.05E+00,+0.00E+00,-14.60E+00,-80.50E+00,+94.84E+00,+2.281E+00
2,05/2/2026,18:37:27.029,-0.09E+00,-0.05E+00,+0.05E+00,+0.00E+00,-14.74E+00,-80.48E+00,+94.96E+00,+2.365E+00
2,05/2/2026,18:37:27.029,-0.09E+00,-0.05E+00,+0.05E+00,+0.00E+00,-14.88E+00,-80.45E+00,+95.07E+00,+2.449E+00
2,05/2/2026,18:37:27.029,-0.09E+00,-0.05E+00,+0.00E+00,+0.00E+00,-15.02E+00,-80.41E+00,+95.16E+00,+2.541E+00
2,05/2/2026,18:37:27.029,-0.09E+00,-0.05E+00,+0.05E+00,+0.00E+00,-15.15E+00,-80.34E+00,+95.22E+00,+2.625E+00
2,05/2/2026,18:37:27.029,-0.09E+00,-0.05E+00,+0.05E+00,+0.00E+00,-15.28E+00,-80.25E+00,+95.24E+00,+2.709E+00
2,05/2/2026,18:37:27.029,-0.09E+00,-0.05E+00,+0.00E+00,+0.00E+00,-15.40E+00,-80.13E+00,+95.25E+00,+2.793E+00
2,05/2/2026,18:37:27.029,-0.09E+00,-0.05E+00,+0.00E+00,+0.00E+00,-15.50E+00,-80.01E+00,+95.24E+00,+2.869E+00
2,05/2/2026,18:37:27.029,-0.09E+00,-0.05E+00,+0.00E+00,+0.00E+00,-15.63E+00,-79.86E+00,+95.19E+00,+2.953E+00
2,05/2/2026,18:37:27.029,-0.09E+00,-0.05E+00,+0.00E+00,+0.00E+00,-15.73E+00,-79.67E+00,+95.12E+00,+3.037E+00
2,05/2/2026,18:37:27.029,-0.09E+00,-0.05E+00,+0.05E+00,+0.00E+00,-15.82E+00,-79.49E+00,+95.01E+00,+3.113E+00
2,05/2/2026,18:37:27.029,-0.09E+00,-0.05E+00,+0.05E+00,+0.00E+00,-15.92E+00,-79.26E+00,+94.89E+00,+3.197E+00
2,05/2/2026,18:37:27.029,-0.09E+00,-0.05E+00,+0.00E+00,-0.05E+00,-16.01E+00,-79.00E+00,+94.72E+00,+3.281E+00
2,05/2/2026,18:37:27.029,-0.09E+00,-0.05E+00,+0.05E+00,-0.05E+00,-16.08E+00,-78.73E+00,+94.52E+00,+3.365E+00
2,05/2/2026,18:37:27.029,-0.09E+00,-0.05E+00,+0.05E+00,+0.00E+00,-16.18E+00,-78.44E+00,+94.31E+00,+3.449E+00
2,05/2/2026,18:37:27.029,-0.09E+00,-0.05E+00,+0.05E+00,+0.00E+00,-16.25E+00,-78.12E+00,+94.06E+00,+3.525E+00
2,05/2/2026,18:37:27.030,-0.09E+00,-0.05E+00,+0.05E+00,+0.00E+00,-16.34E+00,-77.77E+00,+93.80E+00,+3.609E+00
2,05/2/2026,18:37:27.030,-0.09E+00,-0.05E+00,+0.05E+00,-0.05E+00,-16.44E+00,-77.41E+00,+93.53E+00,+3.685E+00
2,05/2/2026,18:37:27.030,-0.09E+00,-0.05E+00,+0.00E+00,+0.00E+00,-16.53E+00,-77.02E+00,+93.22E+00,+3.762E+00
2,05/2/2026,18:37:27.030,-0.09E+00,-0.05E+00,+0.05E+00,+0.00E+00,-16.60E+00,-76.62E+00,+92.90E+00,+3.846E+00
2,05/2/2026,18:37:27.030,-0.09E+00,-0.05E+00,+0.05E+00,+0.00E+00,-16.68E+00,-76.19E+00,+92.55E+00,+3.922E+00
2,05/2/2026,18:37:27.030,-0.09E+00,-0.05E+00,+0.05E+00,+0.00E+00,-16.76E+00,-75.74E+00,+92.17E+00,+3.998E+00
2,05/2/2026,18:37:27.030,-0.09E+00,-0.05E+00,+0.05E+00,+0.00E+00,-16.83E+00,-75.28E+00,+91.77E+00,+4.074E+00
2,05/2/2026,18:37:27.030,-0.09E+00,-0.05E+00,+0.00E+00,+0.00E+00,-16.89E+00,-74.79E+00,+91.36E+00,+4.143E+00
2,05/2/2026,18:37:27.030,-0.09E+00,-0.05E+00,+0.05E+00,-0.05E+00,-16.95E+00,-74.29E+00,+90.92E+00,+4.212E+00
2,05/2/2026,18:37:27.030,-0.09E+00,-0.05E+00,+0.05E+00,-0.05E+00,-17.02E+00,-73.77E+00,+90.45E+00,+4.288E+00
2,05/2/2026,18:37:27.030,-0.09E+00,-0.05E+00,+0.00E+00,-0.05E+00,-17.08E+00,-73.22E+00,+89.96E+00,+4.357E+00
2,05/2/2026,18:37:27.030,-0.09E+00,-0.05E+00,+0.05E+00,+0.00E+00,-17.14E+00,-72.65E+00,+89.44E+00,+4.425E+00
2,05/2/2026,18:37:27.030,-0.09E+00,-0.05E+00,+0.05E+00,+0.00E+00,-17.18E+00,-72.07E+00,+88.92E+00,+4.494E+00
2,05/2/2026,18:37:27.030,-0.09E+00,-0.05E+00,+0.05E+00,+0.00E+00,-17.23E+00,-71.48E+00,+88.36E+00,+4.563E+00
2,05/2/2026,18:37:27.030,-0.09E+00,-0.05E+00,+0.05E+00,+0.00E+00,-17.27E+00,-70.85E+00,+87.79E+00,+4.631E+00
2,05/2/2026,18:37:27.030,-0.09E+00,-0.05E+00,+0.05E+00,+0.00E+00,-17.32E+00,-70.23E+00,+87.20E+00,+4.693E+00
2,05/2/2026,18:37:27.030,-0.09E+00,-0.05E+00,+0.05E+00,+0.00E+00,-17.35E+00,-69.57E+00,+86.59E+00,+4.754E+00
2,05/2/2026,18:37:27.030,-0.09E+00,-0.05E+00,+0.05E+00,-0.05E+00,-17.40E+00,-68.90E+00,+85.95E+00,+4.815E+00
2,05/2/2026,18:37:27.030,-0.09E+00,-0.05E+00,+0.05E+00,+0.00E+00,-17.43E+00,-68.21E+00,+85.29E+00,+4.876E+00
2,05/2/2026,18:37:27.030,-0.09E+00,-0.05E+00,+0.05E+00,+0.00E+00,-17.47E+00,-67.51E+00,+84.63E+00,+4.937E+00
2,05/2/2026,18:37:27.031,-0.05E+00,-0.05E+00,+0.05E+00,+0.00E+00,-17.49E+00,-66.79E+00,+83.95E+00,+4.990E+00
2,05/2/2026,18:37:27.031,-0.09E+00,-0.05E+00,+0.00E+00,-0.05E+00,-17.52E+00,-66.06E+00,+83.24E+00,+5.051E+00
2,05/2/2026,18:37:27.031,-0.09E+00,-0.05E+00,+0.05E+00,+0.00E+00,-17.55E+00,-65.33E+00,+82.53E+00,+5.105E+00
2,05/2/2026,18:37:27.031,-0.09E+00,-0.05E+00,+0.05E+00,+0.00E+00,-17.56E+00,-64.55E+00,+81.76E+00,+5.166E+00
2,05/2/2026,18:37:27.031,-0.05E+00,-0.05E+00,+0.05E+00,-0.05E+00,-17.58E+00,-63.77E+00,+81.00E+00,+5.219E+00
2,05/2/2026,18:37:27.031,-0.05E+00,-0.05E+00,+0.05E+00,-0.05E+00,-17.59E+00,-62.96E+00,+80.22E+00,+5.272E+00
2,05/2/2026,18:37:27.031,-0.09E+00,-0.05E+00,+0.05E+00,+0.00E+00,-17.61E+00,-62.15E+00,+79.40E+00,+5.326E+00
2,05/2/2026,18:37:27.031,-0.09E+00,-0.05E+00,+0.05E+00,+0.00E+00,-17.61E+00,-61.32E+00,+78.57E+00,+5.379E+00
2,05/2/2026,18:37:27.031,-0.09E+00,-0.05E+00,+0.05E+00,+0.00E+00,-17.63E+00,-60.46E+00,+77.74E+00,+5.440E+00
2,05/2/2026,18:37:27.031,-0.09E+00,-0.05E+00,+0.05E+00,+0.00E+00,-17.63E+00,-59.59E+00,+76.88E+00,+5.486E+00
2,05/2/2026,18:37:27.031,-0.09E+00,-0.05E+00,+0.05E+00,+0.00E+00,-17.63E+00,-58.71E+00,+76.00E+00,+5.539E+00
2,05/2/2026,18:37:27.031,-0.09E+00,-0.05E+00,+0.05E+00,+0.00E+00,-17.63E+00,-57.82E+00,+75.08E+00,+5.585E+00
2,05/2/2026,18:37:27.031,-0.09E+00,-0.05E+00,+0.05E+00,-0.05E+00,-17.63E+00,-56.91E+00,+74.16E+00,+5.639E+00
2,05/2/2026,18:37:27.031,-0.09E+00,-0.05E+00,+0.05E+00,-0.05E+00,-17.61E+00,-55.97E+00,+73.23E+00,+5.684E+00
2,05/2/2026,18:37:27.031,-0.09E+00,-0.05E+00,+0.05E+00,+0.00E+00,-17.61E+00,-55.03E+00,+72.29E+00,+5.738E+00
2,05/2/2026,18:37:27.031,-0.09E+00,-0.05E+00,+0.05E+00,-0.05E+00,-17.59E+00,-54.07E+00,+71.31E+00,+5.784E+00
2,05/2/2026,18:37:27.031,-0.09E+00,-0.05E+00,+0.05E+00,-0.05E+00,-17.58E+00,-53.09E+00,+70.33E+00,+5.829E+00
2,05/2/2026,18:37:27.031,-0.09E+00,-0.05E+00,+0.00E+00,+0.00E+00,-17.56E+00,-52.10E+00,+69.33E+00,+5.875E+00
2,05/2/2026,18:37:27.031,-0.09E+00,-0.05E+00,+0.00E+00,+0.00E+00,-17.55E+00,-51.11E+00,+68.30E+00,+5.921E+00
2,05/2/2026,18:37:27.031,-0.09E+00,-0.05E+00,+0.05E+00,+0.00E+00,-17.52E+00,-50.10E+00,+67.27E+00,+5.959E+00
2,05/2/2026,18:37:27.032,-0.09E+00,-0.05E+00,+0.05E+00,-0.05E+00,-17.49E+00,-49.08E+00,+66.20E+00,+5.997E+00
2,05/2/2026,18:37:27.032,-0.09E+00,-0.05E+00,+0.00E+00,+0.00E+00,-17.44E+00,-48.05E+00,+65.13E+00,+6.035E+00
2,05/2/2026,18:37:27.032,-0.09E+00,-0.05E+00,+0.05E+00,+0.00E+00,-17.40E+00,-47.02E+00,+64.05E+00,+6.066E+00
2,05/2/2026,18:37:27.032,-0.09E+00,-0.05E+00,+0.05E+00,+0.00E+00,-17.32E+00,-45.99E+00,+62.93E+00,+6.089E+00
2,05/2/2026,18:37:27.032,-0.05E+00,-0.05E+00,+0.05E+00,+0.00E+00,-17.26E+00,-44.96E+00,+61.82E+00,+6.112E+00
2,05/2/2026,18:37:27.032,-0.09E+00,-0.05E+00,+0.05E+00,+0.00E+00,-17.17E+00,-43.90E+00,+60.69E+00,+6.127E+00
2,05/2/2026,18:37:27.032,-0.09E+00,-0.05E+00,+0.00E+00,-0.05E+00,-17.08E+00,-42.85E+00,+59.55E+00,+6.142E+00
2,05/2/2026,18:37:27.032,-0.09E+00,-0.05E+00,+0.05E+00,-0.05E+00,-16.97E+00,-41.80E+00,+58.39E+00,+6.157E+00
2,05/2/2026,18:37:27.032,-0.09E+00,-0.05E+00,+0.05E+00,-0.05E+00,-16.86E+00,-40.71E+00,+57.20E+00,+6.173E+00
2,05/2/2026,18:37:27.032,-0.09E+00,-0.05E+00,+0.05E+00,+0.00E+00,-16.76E+00,-39.63E+00,+56.00E+00,+6.188E+00
2,05/2/2026,18:37:27.032,-0.09E+00,-0.05E+00,+0.00E+00,+0.00E+00,-16.63E+00,-38.55E+00,+54.80E+00,+6.196E+00
2,05/2/2026,18:37:27.032,-0.09E+00,-0.05E+00,+0.00E+00,+0.00E+00,-16.51E+00,-37.45E+00,+53.58E+00,+6.211E+00
2,05/2/2026,18:37:27.032,-0.09E+00,-0.05E+00,+0.05E+00,+0.00E+00,-16.37E+00,-36.33E+00,+52.34E+00,+6.219E+00
2,05/2/2026,18:37:27.032,-0.09E+00,-0.05E+00,+0.05E+00,+0.00E+00,-16.24E+00,-35.24E+00,+51.09E+00,+6.226E+00
2,05/2/2026,18:37:27.032,-0.09E+00,-0.05E+00,+0.00E+00,+0.00E+00,-16.10E+00,-34.09E+00,+49.82E+00,+6.234E+00
2,05/2/2026,18:37:27.032,-0.09E+00,-0.05E+00,+0.00E+00,+0.00E+00,-15.96E+00,-32.96E+00,+48.54E+00,+6.234E+00
2,05/2/2026,18:37:27.032,-0.09E+00,+0.00E+00,+0.05E+00,+0.00E+00,-15.81E+00,-31.82E+00,+47.25E+00,+6.234E+00
2,05/2/2026,18:37:27.032,-0.09E+00,-0.05E+00,+0.05E+00,+0.00E+00,-15.66E+00,-30.67E+00,+45.95E+00,+6.241E+00
2,05/2/2026,18:37:27.032,-0.09E+00,-0.05E+00,+0.05E+00,+0.00E+00,-15.50E+00,-29.50E+00,+44.64E+00,+6.241E+00
2,05/2/2026,18:37:27.032,-0.09E+00,-0.05E+00,+0.05E+00,+0.00E+00,-15.32E+00,-28.35E+00,+43.31E+00,+6.226E+00
2,05/2/2026,18:37:27.033,-0.09E+00,-0.05E+00,+0.05E+00,+0.00E+00,-15.14E+00,-27.19E+00,+41.98E+00,+6.226E+00
2,05/2/2026,18:37:27.033,-0.09E+00,-0.05E+00,+0.05E+00,+0.00E+00,-14.97E+00,-26.03E+00,+40.64E+00,+6.219E+00
2,05/2/2026,18:37:27.033,-0.09E+00,-0.05E+00,+0.05E+00,+0.00E+00,-14.79E+00,-24.86E+00,+39.28E+00,+6.203E+00
2,05/2/2026,18:37:27.033,-0.09E+00,-0.05E+00,+0.00E+00,+0.00E+00,-14.60E+00,-23.68E+00,+37.92E+00,+6.188E+00
2,05/2/2026,18:37:27.033,-0.09E+00,-0.05E+00,+0.05E+00,+0.00E+00,-14.41E+00,-22.49E+00,+36.53E+00,+6.173E+00
2,05/2/2026,18:37:27.033,-0.09E+00,-0.05E+00,+0.05E+00,-0.05E+00,-14.21E+00,-21.30E+00,+35.16E+00,+6.157E+00
2,05/2/2026,18:37:27.033,-0.09E+00,-0.05E+00,+0.00E+00,+0.00E+00,-14.01E+00,-20.11E+00,+33.76E+00,+6.150E+00
2,05/2/2026,18:37:27.033,-0.09E+00,-0.05E+00,+0.05E+00,+0.00E+00,-13.80E+00,-18.91E+00,+32.35E+00,+6.135E+00
2,05/2/2026,18:37:27.033,-0.09E+00,-0.05E+00,+0.05E+00,+0.00E+00,-13.60E+00,-17.72E+00,+30.95E+00,+6.112E+00
2,05/2/2026,18:37:27.033,-0.09E+00,-0.05E+00,+0.05E+00,+0.00E+00,-13.40E+00,-16.51E+00,+29.53E+00,+6.089E+00
2,05/2/2026,18:37:27.033,-0.09E+00,-0.05E+00,+0.05E+00,+0.00E+00,-13.20E+00,-15.29E+00,+28.11E+00,+6.074E+00
2,05/2/2026,18:37:27.033,-0.09E+00,-0.05E+00,+0.00E+00,-0.05E+00,-12.99E+00,-14.07E+00,+26.69E+00,+6.051E+00
2,05/2/2026,18:37:27.033,-0.09E+00,-0.05E+00,+0.05E+00,-0.05E+00,-12.79E+00,-12.85E+00,+25.26E+00,+6.028E+00
2,05/2/2026,18:37:27.033,-0.09E+00,-0.05E+00,+0.05E+00,+0.00E+00,-12.57E+00,-11.63E+00,+23.82E+00,+6.005E+00
2,05/2/2026,18:37:27.033,-0.09E+00,-0.05E+00,+0.05E+00,+0.00E+00,-12.36E+00,-10.39E+00,+22.39E+00,+5.982E+00
2,05/2/2026,18:37:27.033,-0.09E+00,-0.05E+00,+0.05E+00,-0.05E+00,-12.16E+00,-9.16E+00,+20.92E+00,+5.959E+00
2,05/2/2026,18:37:27.033,-0.09E+00,-0.05E+00,+0.00E+00,-0.05E+00,-11.95E+00,-7.92E+00,+19.47E+00,+5.936E+00
2,05/2/2026,18:37:27.033,-0.09E+00,-0.05E+00,+0.00E+00,+0.00E+00,-11.74E+00,-6.67E+00,+18.02E+00,+5.906E+00
2,05/2/2026,18:37:27.033,-0.05E+00,-0.05E+00,+0.05E+00,+0.00E+00,-11.52E+00,-5.43E+00,+16.57E+00,+5.883E+00
2,05/2/2026,18:37:27.033,-0.09E+00,-0.05E+00,+0.05E+00,+0.00E+00,-11.31E+00,-4.20E+00,+15.11E+00,+5.852E+00
2,05/2/2026,18:37:27.034,-0.09E+00,-0.05E+00,+0.00E+00,+0.00E+00,-11.09E+00,-2.95E+00,+13.64E+00,+5.822E+00
2,05/2/2026,18:37:27.034,-0.09E+00,-0.05E+00,+0.00E+00,+0.00E+00,-10.87E+00,-1.69E+00,+12.18E+00,+5.791E+00
2,05/2/2026,18:37:27.034,-0.09E+00,-0.05E+00,+0.05E+00,+0.00E+00,-10.65E+00,-0.44E+00,+10.71E+00,+5.761E+00
2,05/2/2026,18:37:27.034,-0.09E+00,-0.05E+00,+0.05E+00,+0.00E+00,-10.44E+00,+0.81E+00,+9.25E+00,+5.730E+00
2,05/2/2026,18:37:27.034,-0.09E+00,-0.05E+00,+0.05E+00,+0.00E+00,-10.22E+00,+2.06E+00,+7.78E+00,+5.700E+00
2,05/2/2026,18:37:27.034,-0.09E+00,-0.05E+00,+0.05E+00,-0.05E+00,-10.01E+00,+3.33E+00,+6.30E+00,+5.669E+00
2,05/2/2026,18:37:27.034,-0.09E+00,-0.05E+00,+0.05E+00,-0.05E+00,-9.80E+00,+4.58E+00,+4.84E+00,+5.639E+00
2,05/2/2026,18:37:27.034,-0.09E+00,-0.05E+00,+0.00E+00,+0.00E+00,-9.58E+00,+5.83E+00,+3.37E+00,+5.600E+00
2,05/2/2026,18:37:27.034,-0.09E+00,-0.05E+00,+0.00E+00,+0.00E+00,-9.37E+00,+7.08E+00,+1.91E+00,+5.570E+00
2,05/2/2026,18:37:27.034,-0.09E+00,-0.05E+00,+0.05E+00,+0.00E+00,-9.17E+00,+8.33E+00,+0.46E+00,+5.532E+00
2,05/2/2026,18:37:27.034,-0.09E+00,-0.05E+00,+0.05E+00,+0.00E+00,-8.96E+00,+9.58E+00,-1.02E+00,+5.501E+00
2,05/2/2026,18:37:27.034,-0.09E+00,-0.05E+00,+0.05E+00,+0.00E+00,-8.73E+00,+10.85E+00,-2.50E+00,+5.463E+00
2,05/2/2026,18:37:27.034,-0.09E+00,-0.05E+00,+0.05E+00,+0.00E+00,-8.52E+00,+12.10E+00,-3.98E+00,+5.425E+00
2,05/2/2026,18:37:27.034,-0.09E+00,-0.05E+00,+0.00E+00,+0.00E+00,-8.29E+00,+13.35E+00,-5.46E+00,+5.387E+00
2,05/2/2026,18:37:27.034,-0.09E+00,-0.05E+00,+0.05E+00,+0.00E+00,-8.06E+00,+14.59E+00,-6.94E+00,+5.341E+00
2,05/2/2026,18:37:27.034,-0.09E+00,-0.05E+00,+0.05E+00,+0.00E+00,-7.81E+00,+15.84E+00,-8.42E+00,+5.303E+00
2,05/2/2026,18:37:27.034,-0.09E+00,-0.05E+00,+0.00E+00,+0.00E+00,-7.57E+00,+17.09E+00,-9.92E+00,+5.265E+00
2,05/2/2026,18:37:27.034,-0.09E+00,-0.05E+00,+0.05E+00,+0.00E+00,-7.34E+00,+18.34E+00,-11.40E+00,+5.227E+00
2,05/2/2026,18:37:27.034,-0.09E+00,-0.05E+00,+0.05E+00,+0.00E+00,-7.11E+00,+19.59E+00,-12.89E+00,+5.173E+00
2,05/2/2026,18:37:27.034,-0.09E+00,-0.05E+00,+0.05E+00,+0.00E+00,-6.87E+00,+20.83E+00,-14.36E+00,+5.135E+00
2,05/2/2026,18:37:27.035,-0.09E+00,-0.05E+00,+0.05E+00,+0.00E+00,-6.64E+00,+22.08E+00,-15.86E+00,+5.089E+00
2,05/2/2026,18:37:27.035,-0.09E+00,-0.05E+00,+0.05E+00,+0.00E+00,-6.39E+00,+23.33E+00,-17.34E+00,+5.043E+00
2,05/2/2026,18:37:27.035,-0.09E+00,-0.05E+00,+0.05E+00,+0.00E+00,-6.15E+00,+24.58E+00,-18.83E+00,+4.998E+00
2,05/2/2026,18:37:27.035,-0.09E+00,-0.05E+00,+0.05E+00,+0.00E+00,-5.91E+00,+25.84E+00,-20.31E+00,+4.952E+00
2,05/2/2026,18:37:27.035,-0.09E+00,-0.05E+00,+0.00E+00,+0.00E+00,-5.66E+00,+27.06E+00,-21.81E+00,+4.906E+00
2,05/2/2026,18:37:27.035,-0.09E+00,-0.05E+00,+0.00E+00,-0.05E+00,-5.43E+00,+28.29E+00,-23.29E+00,+4.853E+00
2,05/2/2026,18:37:27.035,-0.09E+00,-0.05E+00,+0.00E+00,-0.05E+00,-5.19E+00,+29.51E+00,-24.75E+00,+4.799E+00
2,05/2/2026,18:37:27.035,-0.09E+00,-0.05E+00,+0.05E+00,+0.00E+00,-4.94E+00,+30.73E+00,-26.20E+00,+4.746E+00
2,05/2/2026,18:37:27.035,-0.09E+00,-0.05E+00,+0.05E+00,+0.00E+00,-4.70E+00,+31.95E+00,-27.65E+00,+4.685E+00
2,05/2/2026,18:37:27.035,-0.09E+00,-0.05E+00,+0.00E+00,+0.00E+00,-4.46E+00,+33.15E+00,-29.09E+00,+4.616E+00
2,05/2/2026,18:37:27.035,-0.09E+00,-0.05E+00,+0.05E+00,-0.05E+00,-4.20E+00,+34.30E+00,-30.52E+00,+4.548E+00
2,05/2/2026,18:37:27.035,-0.09E+00,-0.05E+00,+0.00E+00,+0.00E+00,-3.95E+00,+35.46E+00,-31.92E+00,+4.479E+00
2,05/2/2026,18:37:27.035,-0.09E+00,-0.05E+00,+0.05E+00,+0.00E+00,-3.69E+00,+36.59E+00,-33.31E+00,+4.403E+00
2,05/2/2026,18:37:27.035,-0.09E+00,-0.05E+00,+0.05E+00,+0.00E+00,-3.42E+00,+37.72E+00,-34.70E+00,+4.326E+00
2,05/2/2026,18:37:27.035,-0.09E+00,-0.05E+00,+0.00E+00,+0.00E+00,-3.16E+00,+38.82E+00,-36.09E+00,+4.242E+00
2,05/2/2026,18:37:27.035,-0.09E+00,-0.05E+00,+0.00E+00,+0.00E+00,-2.88E+00,+39.92E+00,-37.43E+00,+4.166E+00
2,05/2/2026,18:37:27.035,-0.09E+00,-0.05E+00,+0.05E+00,+0.00E+00,-2.62E+00,+41.00E+00,-38.79E+00,+4.082E+00
2,05/2/2026,18:37:27.035,-0.09E+00,-0.05E+00,+0.05E+00,+0.00E+00,-2.35E+00,+42.07E+00,-40.13E+00,+4.006E+00
2,05/2/2026,18:37:27.035,-0.09E+00,-0.05E+00,+0.00E+00,+0.00E+00,-2.08E+00,+43.13E+00,-41.46E+00,+3.922E+00
2,05/2/2026,18:37:27.035,-0.09E+00,-0.05E+00,+0.00E+00,+0.00E+00,-1.80E+00,+44.16E+00,-42.77E+00,+3.830E+00
2,05/2/2026,18:37:27.036,-0.09E+00,-0.05E+00,+0.00E+00,+0.00E+00,-1.51E+00,+45.19E+00,-44.09E+00,+3.746E+00
2,05/2/2026,18:37:27.036,-0.09E+00,-0.05E+00,+0.05E+00,+0.00E+00,-1.22E+00,+46.19E+00,-45.37E+00,+3.662E+00
2,05/2/2026,18:37:27.036,-0.09E+00,-0.05E+00,+0.00E+00,-0.05E+00,-0.93E+00,+47.18E+00,-46.65E+00,+3.571E+00
2,05/2/2026,18:37:27.036,-0.05E+00,-0.05E+00,+0.00E+00,-0.05E+00,-0.66E+00,+48.16E+00,-47.92E+00,+3.479E+00
2,05/2/2026,18:37:27.036,-0.09E+00,-0.05E+00,+0.00E+00,+0.00E+00,-0.37E+00,+49.12E+00,-49.17E+00,+3.388E+00
2,05/2/2026,18:37:27.036,-0.09E+00,-0.05E+00,+0.00E+00,+0.00E+00,-0.08E+00,+50.07E+00,-50.40E+00,+3.296E+00
2,05/2/2026,18:37:27.036,-0.09E+00,-0.05E+00,+0.05E+00,-0.05E+00,+0.21E+00,+51.01E+00,-51.64E+00,+3.205E+00
2,05/2/2026,18:37:27.036,-0.09E+00,-0.05E+00,+0.05E+00,-0.05E+00,+0.50E+00,+51.93E+00,-52.86E+00,+3.113E+00
2,05/2/2026,18:37:27.036,-0.09E+00,-0.05E+00,+0.05E+00,+0.00E+00,+0.79E+00,+52.85E+00,-54.05E+00,+3.022E+00
2,05/2/2026,18:37:27.036,-0.09E+00,-0.05E+00,+0.00E+00,+0.00E+00,+1.07E+00,+53.73E+00,-55.23E+00,+2.922E+00
2,05/2/2026,18:37:27.036,-0.09E+00,-0.05E+00,+0.00E+00,+0.00E+00,+1.37E+00,+54.62E+00,-56.40E+00,+2.831E+00
2,05/2/2026,18:37:27.036,-0.09E+00,-0.05E+00,+0.05E+00,-0.05E+00,+1.66E+00,+55.49E+00,-57.56E+00,+2.739E+00
2,05/2/2026,18:37:27.036,-0.09E+00,-0.05E+00,+0.05E+00,+0.00E+00,+1.95E+00,+56.33E+00,-58.69E+00,+2.640E+00
2,05/2/2026,18:37:27.036,-0.09E+00,-0.05E+00,+0.05E+00,+0.00E+00,+2.24E+00,+57.16E+00,-59.82E+00,+2.548E+00
2,05/2/2026,18:37:27.036,-0.09E+00,-0.05E+00,+0.05E+00,+0.00E+00,+2.53E+00,+57.99E+00,-60.93E+00,+2.457E+00
2,05/2/2026,18:37:27.036,-0.09E+00,-0.05E+00,+0.05E+00,+0.00E+00,+2.81E+00,+58.80E+00,-62.02E+00,+2.358E+00
2,05/2/2026,18:37:27.036,-0.09E+00,-0.05E+00,+0.00E+00,-0.05E+00,+3.10E+00,+59.59E+00,-63.10E+00,+2.266E+00
2,05/2/2026,18:37:27.036,-0.09E+00,-0.05E+00,+0.05E+00,+0.00E+00,+3.39E+00,+60.37E+00,-64.15E+00,+2.167E+00
2,05/2/2026,18:37:27.036,-0.09E+00,-0.05E+00,+0.05E+00,+0.00E+00,+3.66E+00,+61.13E+00,-65.22E+00,+2.075E+00
2,05/2/2026,18:37:27.036,-0.09E+00,-0.05E+00,+0.05E+00,+0.00E+00,+3.92E+00,+61.88E+00,-66.24E+00,+1.976E+00
2,05/2/2026,18:37:27.037,-0.09E+00,-0.05E+00,+0.05E+00,-0.05E+00,+4.20E+00,+62.61E+00,-67.25E+00,+1.885E+00
2,05/2/2026,18:37:27.037,-0.09E+00,-0.05E+00,+0.05E+00,-0.05E+00,+4.47E+00,+63.35E+00,-68.24E+00,+1.793E+00
2,05/2/2026,18:37:27.037,-0.09E+00,-0.05E+00,+0.00E+00,+0.00E+00,+4.73E+00,+64.05E+00,-69.22E+00,+1.702E+00
2,05/2/2026,18:37:27.037,-0.09E+00,-0.05E+00,+0.00E+00,+0.00E+00,+5.01E+00,+64.73E+00,-70.18E+00,+1.602E+00
2,05/2/2026,18:37:27.037,-0.09E+00,-0.05E+00,+0.05E+00,+0.00E+00,+5.26E+00,+65.42E+00,-71.13E+00,+1.511E+00
2,05/2/2026,18:37:27.037,-0.14E+00,-0.05E+00,+0.05E+00,-0.05E+00,+5.54E+00,+66.08E+00,-72.04E+00,+1.419E+00
2,05/2/2026,18:37:27.037,-0.09E+00,-0.05E+00,+0.05E+00,+0.00E+00,+5.80E+00,+66.72E+00,-72.96E+00,+1.320E+00
2,05/2/2026,18:37:27.037,-0.05E+00,-0.05E+00,+0.05E+00,+0.00E+00,+6.06E+00,+67.36E+00,-73.86E+00,+1.228E+00
2,05/2/2026,18:37:27.037,-0.09E+00,-0.05E+00,+0.00E+00,+0.00E+00,+6.32E+00,+67.98E+00,-74.73E+00,+1.137E+00
2,05/2/2026,18:37:27.037,-0.09E+00,-0.05E+00,+0.05E+00,+0.00E+00,+6.58E+00,+68.59E+00,-75.60E+00,+1.045E+00
2,05/2/2026,18:37:27.037,-0.09E+00,-0.05E+00,+0.05E+00,+0.00E+00,+6.84E+00,+69.19E+00,-76.44E+00,+0.954E+00
2,05/2/2026,18:37:27.037,-0.09E+00,-0.05E+00,+0.00E+00,+0.00E+00,+7.08E+00,+69.75E+00,-77.28E+00,+0.862E+00
2,05/2/2026,18:37:27.037,-0.09E+00,-0.05E+00,+0.00E+00,+0.00E+00,+7.34E+00,+70.32E+00,-78.09E+00,+0.771E+00
2,05/2/2026,18:37:27.037,-0.09E+00,-0.05E+00,+0.05E+00,+0.00E+00,+7.58E+00,+70.87E+00,-78.88E+00,+0.679E+00
2,05/2/2026,18:37:27.037,-0.09E+00,-0.05E+00,+0.05E+00,+0.00E+00,+7.83E+00,+71.40E+00,-79.66E+00,+0.588E+00
2,05/2/2026,18:37:27.037,-0.09E+00,-0.05E+00,+0.05E+00,+0.00E+00,+8.07E+00,+71.92E+00,-80.42E+00,+0.496E+00
2,05/2/2026,18:37:27.037,-0.09E+00,-0.05E+00,+0.05E+00,+0.00E+00,+8.32E+00,+72.42E+00,-81.17E+00,+0.404E+00
2,05/2/2026,18:37:27.037,-0.05E+00,-0.05E+00,+0.00E+00,+0.00E+00,+8.56E+00,+72.90E+00,-81.90E+00,+0.313E+00
2,05/2/2026,18:37:27.037,-0.09E+00,-0.05E+00,+0.00E+00,+0.00E+00,+8.81E+00,+73.37E+00,-82.62E+00,+0.214E+00
2,05/2/2026,18:37:27.037,-0.14E+00,-0.05E+00,+0.00E+00,+0.00E+00,+9.06E+00,+73.81E+00,-83.31E+00,+0.122E+00
2,05/2/2026,18:37:27.038,-0.09E+00,-0.05E+00,+0.05E+00,+0.00E+00,+9.31E+00,+74.24E+00,-83.99E+00,+0.031E+00
2,05/2/2026,18:37:27.038,-0.09E+00,-0.05E+00,+0.05E+00,-0.05E+00,+9.55E+00,+74.67E+00,-84.66E+00,-0.061E+00
2,05/2/2026,18:37:27.038,-0.09E+00,-0.05E+00,+0.00E+00,-0.05E+00,+9.80E+00,+75.06E+00,-85.30E+00,-0.160E+00
2,05/2/2026,18:37:27.038,-0.09E+00,-0.05E+00,+0.00E+00,+0.00E+00,+10.06E+00,+75.45E+00,-85.95E+00,-0.259E+00
2,05/2/2026,18:37:27.038,-0.09E+00,-0.05E+00,+0.00E+00,+0.00E+00,+10.30E+00,+75.81E+00,-86.56E+00,-0.351E+00
2,05/2/2026,18:37:27.038,-0.09E+00,-0.05E+00,+0.00E+00,+0.00E+00,+10.54E+00,+76.16E+00,-87.15E+00,-0.443E+00
2,05/2/2026,18:37:27.038,-0.09E+00,-0.05E+00,+0.05E+00,+0.00E+00,+10.79E+00,+76.50E+00,-87.73E+00,-0.534E+00
2,05/2/2026,18:37:27.038,-0.09E+00,-0.05E+00,+0.05E+00,+0.00E+00,+11.02E+00,+76.80E+00,-88.30E+00,-0.633E+00
2,05/2/2026,18:37:27.038,-0.05E+00,-0.05E+00,+0.05E+00,+0.00E+00,+11.26E+00,+77.11E+00,-88.83E+00,-0.725E+00
2,05/2/2026,18:37:27.038,-0.09E+00,-0.05E+00,+0.05E+00,+0.00E+00,+11.51E+00,+77.40E+00,-89.36E+00,-0.816E+00
2,05/2/2026,18:37:27.038,-0.09E+00,-0.05E+00,+0.00E+00,-0.05E+00,+11.75E+00,+77.67E+00,-89.87E+00,-0.916E+00
2,05/2/2026,18:37:27.038,-0.09E+00,-0.05E+00,+0.05E+00,-0.05E+00,+11.98E+00,+77.93E+00,-90.37E+00,-1.007E+00
2,05/2/2026,18:37:27.038,-0.09E+00,-0.05E+00,+0.05E+00,+0.00E+00,+12.21E+00,+78.18E+00,-90.83E+00,-1.099E+00
2,05/2/2026,18:37:27.038,-0.09E+00,-0.05E+00,+0.00E+00,+0.00E+00,+12.42E+00,+78.41E+00,-91.29E+00,-1.190E+00
2,05/2/2026,18:37:27.038,-0.09E+00,-0.05E+00,+0.00E+00,+0.00E+00,+12.64E+00,+78.62E+00,-91.71E+00,-1.282E+00
2,05/2/2026,18:37:27.038,-0.09E+00,-0.05E+00,+0.00E+00,-0.05E+00,+12.85E+00,+78.82E+00,-92.13E+00,-1.373E+00
2,05/2/2026,18:37:27.038,-0.09E+00,-0.05E+00,+0.00E+00,+0.00E+00,+13.06E+00,+78.97E+00,-92.51E+00,-1.465E+00
2,05/2/2026,18:37:27.038,-0.09E+00,-0.05E+00,+0.00E+00,+0.00E+00,+13.26E+00,+79.12E+00,-92.86E+00,-1.557E+00
2,05/2/2026,18:37:27.038,-0.09E+00,-0.05E+00,+0.05E+00,+0.00E+00,+13.44E+00,+79.26E+00,-93.16E+00,-1.656E+00
2,05/2/2026,18:37:27.038,-0.09E+00,-0.05E+00,+0.05E+00,-0.05E+00,+13.63E+00,+79.35E+00,-93.45E+00,-1.747E+00
2,05/2/2026,18:37:27.039,-0.09E+00,-0.05E+00,+0.00E+00,-0.05E+00,+13.78E+00,+79.43E+00,-93.68E+00,-1.839E+00
2,05/2/2026,18:37:27.039,-0.09E+00,-0.05E+00,+0.00E+00,+0.00E+00,+13.95E+00,+79.51E+00,-93.91E+00,-1.938E+00
2,05/2/2026,18:37:27.039,-0.09E+00,-0.05E+00,+0.05E+00,+0.00E+00,+14.10E+00,+79.54E+00,-94.09E+00,-2.030E+00
2,05/2/2026,18:37:27.039,-0.09E+00,-0.05E+00,+0.05E+00,+0.00E+00,+14.24E+00,+79.55E+00,-94.26E+00,-2.121E+00
2,05/2/2026,18:37:27.039,-0.09E+00,-0.05E+00,+0.05E+00,+0.00E+00,+14.38E+00,+79.55E+00,-94.40E+00,-2.205E+00
2,05/2/2026,18:37:27.039,-0.09E+00,-0.05E+00,+0.05E+00,-0.05E+00,+14.51E+00,+79.54E+00,-94.51E+00,-2.289E+00
2,05/2/2026,18:37:27.039,-0.09E+00,-0.05E+00,+0.05E+00,-0.05E+00,+14.65E+00,+79.49E+00,-94.60E+00,-2.381E+00
2,05/2/2026,18:37:27.039,-0.09E+00,-0.05E+00,+0.05E+00,-0.05E+00,+14.79E+00,+79.43E+00,-94.67E+00,-2.465E+00
2,05/2/2026,18:37:27.039,-0.09E+00,-0.05E+00,+0.05E+00,+0.00E+00,+14.91E+00,+79.34E+00,-94.72E+00,-2.548E+00
2,05/2/2026,18:37:27.039,-0.09E+00,-0.05E+00,+0.00E+00,+0.00E+00,+15.05E+00,+79.23E+00,-94.74E+00,-2.632E+00
2,05/2/2026,18:37:27.039,-0.09E+00,-0.05E+00,+0.00E+00,+0.00E+00,+15.17E+00,+79.09E+00,-94.74E+00,-2.716E+00
2,05/2/2026,18:37:27.039,-0.09E+00,-0.05E+00,+0.05E+00,+0.00E+00,+15.29E+00,+78.96E+00,-94.70E+00,-2.800E+00
2,05/2/2026,18:37:27.039,-0.09E+00,-0.05E+00,+0.05E+00,+0.00E+00,+15.40E+00,+78.79E+00,-94.64E+00,-2.884E+00
2,05/2/2026,18:37:27.039,-0.09E+00,-0.05E+00,+0.05E+00,+0.00E+00,+15.50E+00,+78.59E+00,-94.57E+00,-2.968E+00
2,05/2/2026,18:37:27.039,-0.09E+00,-0.05E+00,+0.05E+00,+0.00E+00,+15.60E+00,+78.36E+00,-94.45E+00,-3.052E+00
2,05/2/2026,18:37:27.039,-0.09E+00,-0.05E+00,+0.05E+00,+0.00E+00,+15.69E+00,+78.12E+00,-94.29E+00,-3.136E+00
2,05/2/2026,18:37:27.039,-0.09E+00,-0.05E+00,+0.05E+00,+0.00E+00,+15.78E+00,+77.84E+00,-94.11E+00,-3.212E+00
2,05/2/2026,18:37:27.039,-0.09E+00,-0.05E+00,+0.00E+00,-0.05E+00,+15.86E+00,+77.54E+00,-93.91E+00,-3.296E+00
2,05/2/2026,18:37:27.039,-0.09E+00,-0.05E+00,+0.00E+00,+0.00E+00,+15.95E+00,+77.22E+00,-93.67E+00,-3.380E+00
2,05/2/2026,18:37:27.039,-0.09E+00,-0.05E+00,+0.05E+00,+0.00E+00,+16.04E+00,+76.87E+00,-93.42E+00,-3.456E+00
2,05/2/2026,18:37:27.040,-0.09E+00,-0.05E+00,+0.00E+00,-0.05E+00,+16.11E+00,+76.50E+00,-93.15E+00,-3.540E+00
2,05/2/2026,18:37:27.040,-0.09E+00,-0.05E+00,+0.00E+00,-0.05E+00,+16.19E+00,+76.10E+00,-92.84E+00,-3.624E+00
2,05/2/2026,18:37:27.040,-0.09E+00,-0.05E+00,+0.00E+00,+0.00E+00,+16.28E+00,+75.66E+00,-92.52E+00,-3.701E+00
2,05/2/2026,18:37:27.040,-0.09E+00,-0.05E+00,+0.05E+00,+0.00E+00,+16.37E+00,+75.22E+00,-92.17E+00,-3.777E+00
2,05/2/2026,18:37:27.040,-0.09E+00,-0.05E+00,+0.05E+00,-0.05E+00,+16.45E+00,+74.74E+00,-91.81E+00,-3.853E+00
2,05/2/2026,18:37:27.040,-0.09E+00,-0.05E+00,+0.00E+00,-0.05E+00,+16.53E+00,+74.24E+00,-91.41E+00,-3.929E+00
2,05/2/2026,18:37:27.040,-0.09E+00,-0.05E+00,+0.05E+00,+0.00E+00,+16.60E+00,+73.72E+00,-91.00E+00,-4.006E+00
2,05/2/2026,18:37:27.040,-0.05E+00,-0.05E+00,+0.00E+00,+0.00E+00,+16.66E+00,+73.19E+00,-90.55E+00,-4.082E+00
2,05/2/2026,18:37:27.040,-0.09E+00,-0.05E+00,+0.05E+00,+0.00E+00,+16.73E+00,+72.62E+00,-90.08E+00,-4.158E+00
2,05/2/2026,18:37:27.040,-0.09E+00,-0.05E+00,+0.05E+00,+0.00E+00,+16.79E+00,+72.04E+00,-89.59E+00,-4.227E+00
2,05/2/2026,18:37:27.040,-0.09E+00,-0.05E+00,+0.00E+00,+0.00E+00,+16.83E+00,+71.43E+00,-89.07E+00,-4.296E+00
2,05/2/2026,18:37:27.040,-0.09E+00,-0.05E+00,+0.00E+00,+0.00E+00,+16.89E+00,+70.82E+00,-88.52E+00,-4.364E+00
2,05/2/2026,18:37:27.040,-0.09E+00,-0.05E+00,+0.05E+00,+0.00E+00,+16.95E+00,+70.17E+00,-87.96E+00,-4.441E+00
2,05/2/2026,18:37:27.040,-0.09E+00,-0.05E+00,+0.00E+00,+0.00E+00,+17.00E+00,+69.51E+00,-87.36E+00,-4.502E+00
2,05/2/2026,18:37:27.040,-0.09E+00,-0.05E+00,+0.00E+00,-0.05E+00,+17.05E+00,+68.82E+00,-86.74E+00,-4.570E+00
2,05/2/2026,18:37:27.040,-0.09E+00,-0.05E+00,+0.05E+00,+0.00E+00,+17.09E+00,+68.14E+00,-86.11E+00,-4.631E+00
2,05/2/2026,18:37:27.040,-0.09E+00,-0.05E+00,+0.05E+00,+0.00E+00,+17.14E+00,+67.42E+00,-85.46E+00,-4.700E+00
2,05/2/2026,18:37:27.040,-0.09E+00,-0.05E+00,+0.05E+00,+0.00E+00,+17.17E+00,+66.67E+00,-84.77E+00,-4.761E+00
2,05/2/2026,18:37:27.040,-0.09E+00,-0.05E+00,+0.05E+00,+0.00E+00,+17.20E+00,+65.92E+00,-84.07E+00,-4.822E+00
2,05/2/2026,18:37:27.040,-0.09E+00,-0.05E+00,+0.00E+00,+0.00E+00,+17.24E+00,+65.16E+00,-83.34E+00,-4.883E+00
2,05/2/2026,18:37:27.041,-0.09E+00,-0.05E+00,+0.05E+00,-0.05E+00,+17.27E+00,+64.38E+00,-82.60E+00,-4.937E+00
2,05/2/2026,18:37:27.041,-0.09E+00,-0.05E+00,+0.05E+00,-0.05E+00,+17.31E+00,+63.59E+00,-81.84E+00,-4.990E+00
2,05/2/2026,18:37:27.041,-0.09E+00,-0.05E+00,+0.05E+00,-0.05E+00,+17.32E+00,+62.77E+00,-81.06E+00,-5.051E+00
2,05/2/2026,18:37:27.041,-0.09E+00,-0.05E+00,+0.05E+00,+0.00E+00,+17.34E+00,+61.93E+00,-80.24E+00,-5.112E+00
2,05/2/2026,18:37:27.041,-0.09E+00,-0.05E+00,+0.05E+00,+0.00E+00,+17.35E+00,+61.07E+00,-79.41E+00,-5.166E+00
2,05/2/2026,18:37:27.041,-0.09E+00,-0.05E+00,+0.05E+00,-0.05E+00,+17.37E+00,+60.20E+00,-78.56E+00,-5.219E+00
2,05/2/2026,18:37:27.041,-0.09E+00,-0.05E+00,+0.05E+00,+0.00E+00,+17.38E+00,+59.32E+00,-77.67E+00,-5.280E+00
2,05/2/2026,18:37:27.041,-0.09E+00,-0.05E+00,+0.05E+00,+0.00E+00,+17.38E+00,+58.42E+00,-76.77E+00,-5.333E+00
2,05/2/2026,18:37:27.041,-0.09E+00,-0.05E+00,+0.05E+00,+0.00E+00,+17.40E+00,+57.50E+00,-75.84E+00,-5.379E+00
2,05/2/2026,18:37:27.041,-0.09E+00,-0.05E+00,+0.05E+00,+0.00E+00,+17.40E+00,+56.55E+00,-74.90E+00,-5.440E+00
2,05/2/2026,18:37:27.041,-0.09E+00,-0.05E+00,+0.00E+00,+0.00E+00,+17.40E+00,+55.59E+00,-73.95E+00,-5.486E+00
2,05/2/2026,18:37:27.041,-0.09E+00,-0.05E+00,+0.00E+00,+0.00E+00,+17.40E+00,+54.63E+00,-72.96E+00,-5.539E+00
2,05/2/2026,18:37:27.041,-0.09E+00,-0.05E+00,+0.00E+00,+0.00E+00,+17.40E+00,+53.65E+00,-71.97E+00,-5.585E+00
2,05/2/2026,18:37:27.041,-0.09E+00,-0.05E+00,+0.05E+00,+0.00E+00,+17.40E+00,+52.65E+00,-70.94E+00,-5.639E+00
2,05/2/2026,18:37:27.041,-0.09E+00,-0.05E+00,+0.05E+00,+0.00E+00,+17.38E+00,+51.64E+00,-69.91E+00,-5.684E+00
2,05/2/2026,18:37:27.041,-0.09E+00,-0.05E+00,+0.05E+00,+0.00E+00,+17.37E+00,+50.60E+00,-68.85E+00,-5.738E+00
2,05/2/2026,18:37:27.041,-0.09E+00,-0.05E+00,+0.05E+00,+0.00E+00,+17.37E+00,+49.57E+00,-67.79E+00,-5.784E+00
2,05/2/2026,18:37:27.041,-0.05E+00,-0.05E+00,+0.05E+00,+0.00E+00,+17.35E+00,+48.51E+00,-66.69E+00,-5.829E+00
2,05/2/2026,18:37:27.041,-0.09E+00,-0.05E+00,+0.00E+00,+0.00E+00,+17.32E+00,+47.44E+00,-65.57E+00,-5.868E+00
2,05/2/2026,18:37:27.041,-0.09E+00,-0.05E+00,+0.05E+00,-0.05E+00,+17.31E+00,+46.36E+00,-64.44E+00,-5.906E+00
2,05/2/2026,18:37:27.042,-0.09E+00,-0.05E+00,+0.05E+00,-0.05E+00,+17.26E+00,+45.29E+00,-63.30E+00,-5.951E+00
2,05/2/2026,18:37:27.042,-0.09E+00,-0.05E+00,+0.05E+00,+0.00E+00,+17.21E+00,+44.21E+00,-62.14E+00,-5.982E+00
2,05/2/2026,18:37:27.042,-0.09E+00,-0.05E+00,+0.05E+00,+0.00E+00,+17.17E+00,+43.11E+00,-60.96E+00,-6.013E+00
2,05/2/2026,18:37:27.042,-0.09E+00,-0.05E+00,+0.05E+00,+0.00E+00,+17.09E+00,+42.03E+00,-59.77E+00,-6.043E+00
2,05/2/2026,18:37:27.042,-0.09E+00,-0.05E+00,+0.05E+00,+0.00E+00,+17.02E+00,+40.91E+00,-58.57E+00,-6.066E+00
2,05/2/2026,18:37:27.042,-0.09E+00,-0.05E+00,+0.05E+00,+0.00E+00,+16.94E+00,+39.81E+00,-57.36E+00,-6.081E+00
2,05/2/2026,18:37:27.042,-0.09E+00,-0.05E+00,+0.05E+00,+0.00E+00,+16.85E+00,+38.70E+00,-56.13E+00,-6.104E+00
2,05/2/2026,18:37:27.042,-0.09E+00,-0.05E+00,+0.05E+00,+0.00E+00,+16.74E+00,+37.59E+00,-54.88E+00,-6.119E+00
2,05/2/2026,18:37:27.042,-0.09E+00,-0.05E+00,+0.05E+00,+0.00E+00,+16.63E+00,+36.47E+00,-53.61E+00,-6.135E+00
2,05/2/2026,18:37:27.042,-0.09E+00,-0.05E+00,+0.05E+00,+0.00E+00,+16.51E+00,+35.34E+00,-52.33E+00,-6.150E+00
2,05/2/2026,18:37:27.042,-0.09E+00,-0.05E+00,+0.05E+00,-0.05E+00,+16.39E+00,+34.21E+00,-51.05E+00,-6.157E+00
2,05/2/2026,18:37:27.042,-0.09E+00,-0.05E+00,+0.05E+00,-0.05E+00,+16.27E+00,+33.07E+00,-49.75E+00,-6.165E+00
2,05/2/2026,18:37:27.042,-0.09E+00,-0.05E+00,+0.05E+00,+0.00E+00,+16.15E+00,+31.91E+00,-48.42E+00,-6.180E+00
2,05/2/2026,18:37:27.042,-0.09E+00,-0.05E+00,+0.05E+00,+0.00E+00,+15.99E+00,+30.75E+00,-47.09E+00,-6.188E+00
2,05/2/2026,18:37:27.042,-0.09E+00,-0.05E+00,+0.05E+00,-0.05E+00,+15.86E+00,+29.57E+00,-45.75E+00,-6.188E+00
2,05/2/2026,18:37:27.042,-0.09E+00,-0.05E+00,+0.05E+00,-0.05E+00,+15.70E+00,+28.40E+00,-44.41E+00,-6.196E+00
2,05/2/2026,18:37:27.042,-0.09E+00,-0.05E+00,+0.05E+00,+0.00E+00,+15.55E+00,+27.24E+00,-43.05E+00,-6.196E+00
2,05/2/2026,18:37:27.042,-0.09E+00,-0.05E+00,+0.05E+00,+0.00E+00,+15.40E+00,+26.05E+00,-41.66E+00,-6.196E+00
2,05/2/2026,18:37:27.042,-0.05E+00,-0.05E+00,+0.05E+00,+0.00E+00,+15.23E+00,+24.87E+00,-40.29E+00,-6.196E+00
2,05/2/2026,18:37:27.042,-0.09E+00,-0.05E+00,+0.05E+00,-0.05E+00,+15.06E+00,+23.68E+00,-38.88E+00,-6.196E+00
2,05/2/2026,18:37:27.043,-0.09E+00,-0.05E+00,+0.05E+00,-0.05E+00,+14.89E+00,+22.49E+00,-37.48E+00,-6.188E+00
2,05/2/2026,18:37:27.043,-0.09E+00,-0.05E+00,+0.00E+00,+0.00E+00,+14.71E+00,+21.30E+00,-36.08E+00,-6.180E+00
2,05/2/2026,18:37:27.043,-0.09E+00,-0.05E+00,+0.05E+00,+0.00E+00,+14.53E+00,+20.11E+00,-34.66E+00,-6.173E+00
2,05/2/2026,18:37:27.043,-0.09E+00,-0.05E+00,+0.05E+00,+0.00E+00,+14.34E+00,+18.92E+00,-33.22E+00,-6.157E+00
2,05/2/2026,18:37:27.043,-0.09E+00,-0.05E+00,+0.00E+00,+0.00E+00,+14.15E+00,+17.72E+00,-31.79E+00,-6.142E+00
2,05/2/2026,18:37:27.043,-0.09E+00,-0.05E+00,+0.00E+00,+0.00E+00,+13.95E+00,+16.51E+00,-30.34E+00,-6.127E+00
2,05/2/2026,18:37:27.043,-0.09E+00,-0.05E+00,+0.00E+00,+0.00E+00,+13.73E+00,+15.32E+00,-28.89E+00,-6.112E+00
2,05/2/2026,18:37:27.043,-0.09E+00,-0.05E+00,+0.05E+00,+0.00E+00,+13.54E+00,+14.12E+00,-27.45E+00,-6.096E+00
2,05/2/2026,18:37:27.043,-0.09E+00,-0.05E+00,+0.05E+00,+0.00E+00,+13.34E+00,+12.89E+00,-25.99E+00,-6.081E+00
2,05/2/2026,18:37:27.043,-0.09E+00,-0.05E+00,+0.05E+00,-0.05E+00,+13.14E+00,+11.69E+00,-24.52E+00,-6.058E+00
2,05/2/2026,18:37:27.043,-0.09E+00,-0.05E+00,+0.05E+00,+0.00E+00,+12.93E+00,+10.48E+00,-23.07E+00,-6.035E+00
2,05/2/2026,18:37:27.043,-0.09E+00,-0.05E+00,+0.00E+00,+0.00E+00,+12.73E+00,+9.26E+00,-21.61E+00,-6.020E+00
2,05/2/2026,18:37:27.043,-0.09E+00,-0.05E+00,+0.00E+00,+0.00E+00,+12.51E+00,+8.04E+00,-20.13E+00,-5.997E+00
2,05/2/2026,18:37:27.043,-0.09E+00,-0.05E+00,+0.00E+00,+0.00E+00,+12.31E+00,+6.84E+00,-18.66E+00,-5.974E+00
2,05/2/2026,18:37:27.043,-0.09E+00,-0.05E+00,+0.00E+00,+0.00E+00,+12.10E+00,+5.60E+00,-17.20E+00,-5.951E+00
2,05/2/2026,18:37:27.043,-0.09E+00,-0.05E+00,+0.05E+00,-0.05E+00,+11.89E+00,+4.38E+00,-15.72E+00,-5.921E+00
2,05/2/2026,18:37:27.043,-0.09E+00,-0.05E+00,+0.05E+00,+0.00E+00,+11.67E+00,+3.17E+00,-14.25E+00,-5.906E+00
2,05/2/2026,18:37:27.043,-0.09E+00,-0.05E+00,+0.05E+00,+0.00E+00,+11.46E+00,+1.95E+00,-12.79E+00,-5.883E+00
2,05/2/2026,18:37:27.043,-0.05E+00,-0.05E+00,+0.05E+00,+0.00E+00,+11.25E+00,+0.72E+00,-11.31E+00,-5.852E+00
2,05/2/2026,18:37:27.043,-0.09E+00,-0.05E+00,+0.05E+00,-0.05E+00,+11.03E+00,-0.50E+00,-9.84E+00,-5.822E+00
2,05/2/2026,18:37:27.044,-0.09E+00,-0.05E+00,+0.05E+00,-0.05E+00,+10.82E+00,-1.72E+00,-8.36E+00,-5.799E+00
2,05/2/2026,18:37:27.044,-0.09E+00,+0.00E+00,+0.05E+00,-0.05E+00,+10.61E+00,-2.95E+00,-6.90E+00,-5.768E+00
2,05/2/2026,18:37:27.044,-0.09E+00,-0.05E+00,+0.05E+00,+0.00E+00,+10.39E+00,-4.15E+00,-5.43E+00,-5.738E+00
2,05/2/2026,18:37:27.044,-0.09E+00,-0.05E+00,+0.05E+00,+0.00E+00,+10.18E+00,-5.37E+00,-3.95E+00,-5.707E+00
2,05/2/2026,18:37:27.044,-0.09E+00,-0.05E+00,+0.05E+00,+0.00E+00,+9.96E+00,-6.58E+00,-2.49E+00,-5.669E+00
2,05/2/2026,18:37:27.044,-0.09E+00,-0.05E+00,+0.05E+00,+0.00E+00,+9.74E+00,-7.80E+00,-1.02E+00,-5.631E+00
2,05/2/2026,18:37:27.044,-0.09E+00,-0.05E+00,+0.00E+00,+0.00E+00,+9.52E+00,-9.02E+00,+0.43E+00,-5.600E+00
2,05/2/2026,18:37:27.044,-0.09E+00,-0.05E+00,+0.05E+00,+0.00E+00,+9.31E+00,-10.22E+00,+1.88E+00,-5.570E+00
2,05/2/2026,18:37:27.044,-0.09E+00,-0.05E+00,+0.05E+00,+0.00E+00,+9.11E+00,-11.43E+00,+3.33E+00,-5.532E+00
2,05/2/2026,18:37:27.044,-0.09E+00,-0.05E+00,+0.00E+00,+0.00E+00,+8.90E+00,-12.64E+00,+4.78E+00,-5.501E+00
2,05/2/2026,18:37:27.044,-0.09E+00,-0.05E+00,+0.00E+00,-0.05E+00,+8.68E+00,-13.84E+00,+6.23E+00,-5.463E+00
2,05/2/2026,18:37:27.044,-0.09E+00,-0.05E+00,+0.05E+00,-0.05E+00,+8.45E+00,-15.05E+00,+7.68E+00,-5.425E+00
2,05/2/2026,18:37:27.044,-0.09E+00,-0.05E+00,+0.05E+00,+0.00E+00,+8.23E+00,-16.25E+00,+9.13E+00,-5.394E+00
2,05/2/2026,18:37:27.044,-0.09E+00,-0.05E+00,+0.05E+00,+0.00E+00,+8.01E+00,-17.43E+00,+10.58E+00,-5.349E+00
2,05/2/2026,18:37:27.044,-0.09E+00,-0.05E+00,+0.00E+00,-0.05E+00,+7.77E+00,-18.63E+00,+12.03E+00,-5.311E+00
2,05/2/2026,18:37:27.044,-0.09E+00,+0.00E+00,+0.00E+00,-0.05E+00,+7.52E+00,-19.82E+00,+13.49E+00,-5.265E+00
2,05/2/2026,18:37:27.044,-0.09E+00,-0.05E+00,+0.05E+00,+0.00E+00,+7.29E+00,-21.01E+00,+14.92E+00,-5.227E+00
2,05/2/2026,18:37:27.044,-0.09E+00,-0.05E+00,+0.05E+00,+0.00E+00,+7.05E+00,-22.20E+00,+16.39E+00,-5.181E+00
2,05/2/2026,18:37:27.044,-0.09E+00,-0.05E+00,+0.05E+00,+0.00E+00,+6.81E+00,-23.39E+00,+17.82E+00,-5.135E+00
2,05/2/2026,18:37:27.044,-0.09E+00,-0.05E+00,+0.00E+00,-0.05E+00,+6.58E+00,-24.58E+00,+19.26E+00,-5.097E+00
2,05/2/2026,18:37:27.045,-0.09E+00,-0.05E+00,+0.00E+00,-0.05E+00,+6.33E+00,-25.76E+00,+20.69E+00,-5.051E+00
2,05/2/2026,18:37:27.045,-0.09E+00,-0.05E+00,+0.05E+00,+0.00E+00,+6.09E+00,-26.95E+00,+22.14E+00,-5.005E+00
2,05/2/2026,18:37:27.045,-0.09E+00,-0.05E+00,+0.05E+00,+0.00E+00,+5.86E+00,-28.12E+00,+23.59E+00,-4.960E+00
2,05/2/2026,18:37:27.045,-0.05E+00,-0.05E+00,+0.05E+00,-0.05E+00,+5.60E+00,-29.30E+00,+25.01E+00,-4.914E+00
2,05/2/2026,18:37:27.045,-0.09E+00,-0.05E+00,+0.05E+00,-0.05E+00,+5.37E+00,-30.47E+00,+26.43E+00,-4.860E+00
2,05/2/2026,18:37:27.045,-0.09E+00,-0.05E+00,+0.05E+00,+0.00E+00,+5.13E+00,-31.65E+00,+27.85E+00,-4.807E+00
2,05/2/2026,18:37:27.045,-0.09E+00,-0.05E+00,+0.05E+00,+0.00E+00,+4.88E+00,-32.81E+00,+29.25E+00,-4.754E+00
2,05/2/2026,18:37:27.045,-0.09E+00,-0.05E+00,+0.05E+00,+0.00E+00,+4.64E+00,-33.95E+00,+30.64E+00,-4.700E+00
2,05/2/2026,18:37:27.045,-0.09E+00,-0.05E+00,+0.05E+00,+0.00E+00,+4.39E+00,-35.08E+00,+32.03E+00,-4.639E+00
2,05/2/2026,18:37:27.045,-0.09E+00,-0.05E+00,+0.05E+00,+0.00E+00,+4.15E+00,-36.20E+00,+33.40E+00,-4.578E+00
2,05/2/2026,18:37:27.045,-0.09E+00,-0.05E+00,+0.05E+00,+0.00E+00,+3.89E+00,-37.30E+00,+34.76E+00,-4.502E+00
2,05/2/2026,18:37:27.045,-0.09E+00,-0.05E+00,+0.05E+00,-0.05E+00,+3.63E+00,-38.38E+00,+36.11E+00,-4.425E+00
2,05/2/2026,18:37:27.045,-0.09E+00,-0.05E+00,+0.00E+00,-0.05E+00,+3.36E+00,-39.45E+00,+37.43E+00,-4.349E+00
2,05/2/2026,18:37:27.045,-0.09E+00,-0.05E+00,+0.05E+00,+0.00E+00,+3.10E+00,-40.50E+00,+38.75E+00,-4.273E+00
2,05/2/2026,18:37:27.045,-0.09E+00,-0.05E+00,+0.05E+00,+0.00E+00,+2.82E+00,-41.55E+00,+40.06E+00,-4.197E+00
2,05/2/2026,18:37:27.045,-0.09E+00,-0.05E+00,+0.00E+00,-0.05E+00,+2.56E+00,-42.59E+00,+41.34E+00,-4.120E+00
2,05/2/2026,18:37:27.045,-0.09E+00,-0.05E+00,+0.00E+00,+0.00E+00,+2.29E+00,-43.61E+00,+42.64E+00,-4.036E+00
2,05/2/2026,18:37:27.045,-0.09E+00,-0.05E+00,+0.00E+00,+0.00E+00,+2.01E+00,-44.62E+00,+43.90E+00,-3.952E+00
2,05/2/2026,18:37:27.045,-0.09E+00,-0.05E+00,+0.05E+00,+0.00E+00,+1.74E+00,-45.63E+00,+45.17E+00,-3.868E+00
2,05/2/2026,18:37:27.045,-0.09E+00,-0.05E+00,+0.05E+00,+0.00E+00,+1.45E+00,-46.60E+00,+46.42E+00,-3.785E+00
2,05/2/2026,18:37:27.046,-0.09E+00,-0.05E+00,+0.00E+00,+0.00E+00,+1.18E+00,-47.58E+00,+47.66E+00,-3.693E+00
2,05/2/2026,18:37:27.046,-0.09E+00,-0.05E+00,+0.00E+00,+0.00E+00,+0.89E+00,-48.53E+00,+48.88E+00,-3.609E+00
2,05/2/2026,18:37:27.046,-0.05E+00,-0.05E+00,+0.00E+00,+0.00E+00,+0.60E+00,-49.47E+00,+50.10E+00,-3.517E+00
2,05/2/2026,18:37:27.046,-0.09E+00,-0.05E+00,+0.05E+00,+0.00E+00,+0.32E+00,-50.40E+00,+51.30E+00,-3.426E+00
2,05/2/2026,18:37:27.046,-0.09E+00,-0.05E+00,+0.00E+00,+0.00E+00,+0.03E+00,-51.32E+00,+52.50E+00,-3.334E+00
2,05/2/2026,18:37:27.046,-0.09E+00,-0.05E+00,+0.05E+00,+0.00E+00,-0.26E+00,-52.24E+00,+53.65E+00,-3.243E+00
2,05/2/2026,18:37:27.046,-0.09E+00,-0.05E+00,+0.00E+00,+0.00E+00,-0.55E+00,-53.14E+00,+54.81E+00,-3.151E+00
2,05/2/2026,18:37:27.046,-0.09E+00,-0.05E+00,+0.05E+00,+0.00E+00,-0.84E+00,-54.02E+00,+55.97E+00,-3.060E+00
2,05/2/2026,18:37:27.046,-0.09E+00,-0.05E+00,+0.05E+00,+0.00E+00,-1.13E+00,-54.91E+00,+57.10E+00,-2.968E+00
2,05/2/2026,18:37:27.046,-0.09E+00,-0.09E+00,+0.05E+00,+0.00E+00,-1.42E+00,-55.78E+00,+58.22E+00,-2.869E+00
2,05/2/2026,18:37:27.046,-0.09E+00,-0.05E+00,+0.05E+00,-0.05E+00,-1.71E+00,-56.63E+00,+59.33E+00,-2.777E+00
2,05/2/2026,18:37:27.046,-0.09E+00,-0.05E+00,+0.05E+00,-0.05E+00,-2.01E+00,-57.47E+00,+60.42E+00,-2.678E+00
2,05/2/2026,18:37:27.046,-0.09E+00,-0.05E+00,+0.00E+00,+0.00E+00,-2.30E+00,-58.29E+00,+61.50E+00,-2.587E+00
2,05/2/2026,18:37:27.046,-0.09E+00,-0.05E+00,+0.00E+00,+0.00E+00,-2.59E+00,-59.10E+00,+62.55E+00,-2.495E+00
2,05/2/2026,18:37:27.046,-0.09E+00,-0.05E+00,+0.00E+00,-0.05E+00,-2.88E+00,-59.91E+00,+63.60E+00,-2.396E+00
2,05/2/2026,18:37:27.046,-0.09E+00,-0.05E+00,+0.05E+00,-0.05E+00,-3.17E+00,-60.71E+00,+64.64E+00,-2.304E+00
2,05/2/2026,18:37:27.046,-0.09E+00,-0.05E+00,+0.05E+00,+0.00E+00,-3.45E+00,-61.48E+00,+65.66E+00,-2.205E+00
2,05/2/2026,18:37:27.046,-0.09E+00,-0.05E+00,+0.00E+00,+0.00E+00,-3.72E+00,-62.25E+00,+66.66E+00,-2.106E+00
2,05/2/2026,18:37:27.046,-0.09E+00,-0.05E+00,+0.00E+00,+0.00E+00,-4.01E+00,-62.99E+00,+67.63E+00,-2.014E+00
2,05/2/2026,18:37:27.046,-0.09E+00,-0.05E+00,+0.05E+00,-0.05E+00,-4.29E+00,-63.73E+00,+68.61E+00,-1.915E+00
2,05/2/2026,18:37:27.047,-0.09E+00,-0.05E+00,+0.05E+00,-0.05E+00,-4.56E+00,-64.46E+00,+69.56E+00,-1.824E+00
2,05/2/2026,18:37:27.047,-0.09E+00,-0.05E+00,+0.00E+00,+0.00E+00,-4.82E+00,-65.16E+00,+70.49E+00,-1.732E+00
2,05/2/2026,18:37:27.047,-0.09E+00,-0.05E+00,+0.00E+00,+0.00E+00,-5.10E+00,-65.85E+00,+71.40E+00,-1.633E+00
2,05/2/2026,18:37:27.047,-0.09E+00,-0.05E+00,+0.00E+00,+0.00E+00,-5.36E+00,-66.53E+00,+72.32E+00,-1.534E+00
2,05/2/2026,18:37:27.047,-0.09E+00,-0.05E+00,+0.05E+00,+0.00E+00,-5.63E+00,-67.21E+00,+73.20E+00,-1.442E+00
2,05/2/2026,18:37:27.047,-0.09E+00,-0.05E+00,+0.05E+00,-0.05E+00,-5.89E+00,-67.86E+00,+74.07E+00,-1.351E+00
2,05/2/2026,18:37:27.047,-0.09E+00,-0.05E+00,+0.05E+00,+0.00E+00,-6.15E+00,-68.49E+00,+74.93E+00,-1.259E+00
2,05/2/2026,18:37:27.047,-0.09E+00,-0.05E+00,+0.05E+00,+0.00E+00,-6.41E+00,-69.13E+00,+75.78E+00,-1.160E+00
2,05/2/2026,18:37:27.047,-0.09E+00,-0.05E+00,+0.05E+00,+0.00E+00,-6.68E+00,-69.74E+00,+76.61E+00,-1.076E+00
2,05/2/2026,18:37:27.047,-0.09E+00,-0.05E+00,+0.05E+00,-0.05E+00,-6.93E+00,-70.32E+00,+77.43E+00,-0.984E+00
2,05/2/2026,18:37:27.047,-0.09E+00,-0.05E+00,+0.05E+00,+0.00E+00,-7.19E+00,-70.91E+00,+78.22E+00,-0.885E+00
2,05/2/2026,18:37:27.047,-0.09E+00,-0.05E+00,+0.00E+00,+0.00E+00,-7.43E+00,-71.49E+00,+79.02E+00,-0.794E+00
2,05/2/2026,18:37:27.047,-0.09E+00,-0.05E+00,+0.05E+00,+0.00E+00,-7.69E+00,-72.04E+00,+79.78E+00,-0.702E+00
2,05/2/2026,18:37:27.047,-0.09E+00,-0.05E+00,+0.05E+00,+0.00E+00,-7.95E+00,-72.58E+00,+80.54E+00,-0.610E+00
2,05/2/2026,18:37:27.047,-0.09E+00,-0.05E+00,+0.05E+00,+0.00E+00,-8.18E+00,-73.11E+00,+81.28E+00,-0.519E+00
2,05/2/2026,18:37:27.047,-0.09E+00,-0.05E+00,+0.05E+00,-0.05E+00,-8.42E+00,-73.62E+00,+82.01E+00,-0.427E+00
2,05/2/2026,18:37:27.047,-0.09E+00,-0.05E+00,+0.05E+00,-0.05E+00,-8.68E+00,-74.10E+00,+82.73E+00,-0.336E+00
2,05/2/2026,18:37:27.047,-0.09E+00,-0.05E+00,+0.05E+00,-0.05E+00,-8.93E+00,-74.59E+00,+83.43E+00,-0.237E+00
2,05/2/2026,18:37:27.047,-0.09E+00,-0.05E+00,+0.05E+00,-0.05E+00,-9.17E+00,-75.05E+00,+84.11E+00,-0.145E+00
2,05/2/2026,18:37:27.047,-0.09E+00,-0.05E+00,+0.05E+00,+0.00E+00,-9.42E+00,-75.51E+00,+84.79E+00,-0.053E+00
2,05/2/2026,18:37:27.048,-0.09E+00,-0.09E+00,+0.05E+00,+0.00E+00,-9.66E+00,-75.93E+00,+85.46E+00,+0.038E+00
2,05/2/2026,18:37:27.048,-0.09E+00,-0.05E+00,+0.00E+00,-0.05E+00,-9.90E+00,-76.33E+00,+86.10E+00,+0.137E+00
2,05/2/2026,18:37:27.048,-0.09E+00,-0.05E+00,+0.05E+00,-0.05E+00,-10.16E+00,-76.74E+00,+86.72E+00,+0.229E+00
2,05/2/2026,18:37:27.048,-0.09E+00,-0.05E+00,+0.05E+00,+0.00E+00,-10.41E+00,-77.11E+00,+87.33E+00,+0.320E+00
2,05/2/2026,18:37:27.048,-0.09E+00,-0.05E+00,+0.05E+00,+0.00E+00,-10.65E+00,-77.48E+00,+87.94E+00,+0.420E+00
2,05/2/2026,18:37:27.048,-0.09E+00,-0.05E+00,+0.05E+00,-0.05E+00,-10.90E+00,-77.83E+00,+88.52E+00,+0.511E+00
2,05/2/2026,18:37:27.048,-0.09E+00,-0.05E+00,+0.05E+00,+0.00E+00,-11.14E+00,-78.15E+00,+89.09E+00,+0.610E+00
2,05/2/2026,18:37:27.048,-0.09E+00,-0.05E+00,+0.05E+00,+0.00E+00,-11.38E+00,-78.47E+00,+89.64E+00,+0.702E+00
2,05/2/2026,18:37:27.048,-0.09E+00,-0.05E+00,+0.00E+00,+0.00E+00,-11.63E+00,-78.77E+00,+90.19E+00,+0.801E+00
2,05/2/2026,18:37:27.048,-0.09E+00,-0.05E+00,+0.05E+00,+0.00E+00,-11.87E+00,-79.06E+00,+90.71E+00,+0.893E+00
2,05/2/2026,18:37:27.048,-0.09E+00,-0.05E+00,+0.05E+00,+0.00E+00,-12.10E+00,-79.34E+00,+91.21E+00,+0.984E+00
2,05/2/2026,18:37:27.048,-0.09E+00,-0.05E+00,+0.05E+00,-0.05E+00,-12.33E+00,-79.60E+00,+91.70E+00,+1.083E+00
2,05/2/2026,18:37:27.048,-0.09E+00,-0.05E+00,+0.05E+00,+0.00E+00,-12.56E+00,-79.84E+00,+92.16E+00,+1.175E+00
2,05/2/2026,18:37:27.048,-0.09E+00,-0.05E+00,+0.05E+00,+0.00E+00,-12.77E+00,-80.05E+00,+92.60E+00,+1.259E+00
2,05/2/2026,18:37:27.048,-0.09E+00,-0.05E+00,+0.05E+00,+0.00E+00,-13.00E+00,-80.27E+00,+93.03E+00,+1.351E+00
2,05/2/2026,18:37:27.048,-0.09E+00,-0.05E+00,+0.05E+00,+0.00E+00,-13.22E+00,-80.47E+00,+93.42E+00,+1.442E+00
2,05/2/2026,18:37:27.048,-0.09E+00,-0.05E+00,+0.05E+00,+0.00E+00,-13.41E+00,-80.63E+00,+93.80E+00,+1.541E+00
2,05/2/2026,18:37:27.048,-0.09E+00,-0.05E+00,+0.05E+00,+0.00E+00,-13.61E+00,-80.79E+00,+94.14E+00,+1.633E+00
2,05/2/2026,18:37:27.048,-0.09E+00,-0.05E+00,+0.05E+00,+0.00E+00,-13.80E+00,-80.91E+00,+94.45E+00,+1.724E+00
2,05/2/2026,18:37:27.048,-0.09E+00,-0.05E+00,+0.05E+00,-0.05E+00,-13.96E+00,-81.02E+00,+94.72E+00,+1.824E+00
2,05/2/2026,18:37:27.049,-0.09E+00,-0.05E+00,+0.05E+00,-0.05E+00,-14.13E+00,-81.09E+00,+94.95E+00,+1.915E+00
2,05/2/2026,18:37:27.049,-0.09E+00,-0.05E+00,+0.05E+00,+0.00E+00,-14.30E+00,-81.15E+00,+95.18E+00,+2.014E+00
2,05/2/2026,18:37:27.049,-0.09E+00,-0.05E+00,+0.05E+00,+0.00E+00,-14.45E+00,-81.18E+00,+95.36E+00,+2.106E+00
2,05/2/2026,18:37:27.049,-0.09E+00,-0.05E+00,+0.00E+00,+0.00E+00,-14.59E+00,-81.20E+00,+95.51E+00,+2.197E+00
2,05/2/2026,18:37:27.049,-0.09E+00,-0.05E+00,+0.00E+00,+0.00E+00,-14.73E+00,-81.21E+00,+95.65E+00,+2.289E+00
2,05/2/2026,18:37:27.049,-0.09E+00,-0.05E+00,+0.05E+00,-0.05E+00,-14.86E+00,-81.18E+00,+95.77E+00,+2.373E+00
2,05/2/2026,18:37:27.049,-0.09E+00,-0.05E+00,+0.05E+00,+0.00E+00,-15.00E+00,-81.14E+00,+95.86E+00,+2.465E+00
2,05/2/2026,18:37:27.049,-0.09E+00,-0.05E+00,+0.00E+00,+0.00E+00,-15.14E+00,-81.09E+00,+95.94E+00,+2.548E+00
2,05/2/2026,18:37:27.049,-0.09E+00,-0.05E+00,+0.00E+00,+0.00E+00,-15.28E+00,-81.00E+00,+95.97E+00,+2.632E+00
2,05/2/2026,18:37:27.049,-0.09E+00,-0.05E+00,+0.05E+00,+0.00E+00,-15.40E+00,-80.89E+00,+96.00E+00,+2.716E+00
2,05/2/2026,18:37:27.049,-0.09E+00,-0.05E+00,+0.05E+00,-0.05E+00,-15.52E+00,-80.77E+00,+95.99E+00,+2.800E+00
2,05/2/2026,18:37:27.049,-0.09E+00,-0.05E+00,+0.05E+00,+0.00E+00,-15.64E+00,-80.63E+00,+95.96E+00,+2.884E+00
2,05/2/2026,18:37:27.049,-0.09E+00,-0.05E+00,+0.05E+00,+0.00E+00,-15.75E+00,-80.47E+00,+95.91E+00,+2.968E+00
2,05/2/2026,18:37:27.049,-0.09E+00,-0.05E+00,+0.05E+00,+0.00E+00,-15.84E+00,-80.28E+00,+95.82E+00,+3.052E+00
2,05/2/2026,18:37:27.049,-0.09E+00,-0.05E+00,+0.05E+00,+0.00E+00,-15.93E+00,-80.07E+00,+95.70E+00,+3.136E+00
2,05/2/2026,18:37:27.049,-0.09E+00,-0.05E+00,+0.05E+00,-0.05E+00,-16.04E+00,-79.83E+00,+95.54E+00,+3.220E+00
2,05/2/2026,18:37:27.049,-0.09E+00,-0.05E+00,+0.05E+00,+0.00E+00,-16.13E+00,-79.57E+00,+95.36E+00,+3.304E+00
2,05/2/2026,18:37:27.049,-0.09E+00,-0.05E+00,+0.05E+00,+0.00E+00,-16.22E+00,-79.28E+00,+95.16E+00,+3.388E+00
2,05/2/2026,18:37:27.049,-0.09E+00,-0.05E+00,+0.00E+00,+0.00E+00,-16.30E+00,-78.97E+00,+94.93E+00,+3.472E+00
2,05/2/2026,18:37:27.049,-0.09E+00,-0.05E+00,+0.00E+00,+0.00E+00,-16.39E+00,-78.64E+00,+94.69E+00,+3.556E+00
2,05/2/2026,18:37:27.050,-0.09E+00,-0.05E+00,+0.00E+00,+0.00E+00,-16.48E+00,-78.27E+00,+94.41E+00,+3.632E+00
2,05/2/2026,18:37:27.050,-0.09E+00,-0.05E+00,+0.05E+00,+0.00E+00,-16.56E+00,-77.89E+00,+94.12E+00,+3.716E+00
2,05/2/2026,18:37:27.050,-0.09E+00,-0.05E+00,+0.05E+00,+0.00E+00,-16.65E+00,-77.51E+00,+93.80E+00,+3.792E+00
2,05/2/2026,18:37:27.050,-0.09E+00,-0.05E+00,+0.05E+00,+0.00E+00,-16.73E+00,-77.08E+00,+93.47E+00,+3.876E+00
2,05/2/2026,18:37:27.050,-0.09E+00,-0.05E+00,+0.00E+00,+0.00E+00,-16.80E+00,-76.65E+00,+93.10E+00,+3.952E+00
2,05/2/2026,18:37:27.050,-0.09E+00,-0.05E+00,+0.00E+00,+0.00E+00,-16.88E+00,-76.19E+00,+92.72E+00,+4.029E+00
2,05/2/2026,18:37:27.050,-0.09E+00,-0.05E+00,+0.05E+00,+0.00E+00,-16.94E+00,-75.71E+00,+92.31E+00,+4.105E+00
2,05/2/2026,18:37:27.050,-0.09E+00,-0.05E+00,+0.05E+00,+0.00E+00,-17.00E+00,-75.22E+00,+91.88E+00,+4.174E+00
2,05/2/2026,18:37:27.050,-0.09E+00,-0.05E+00,+0.05E+00,+0.00E+00,-17.06E+00,-74.70E+00,+91.42E+00,+4.250E+00
2,05/2/2026,18:37:27.050,-0.09E+00,-0.05E+00,+0.00E+00,+0.00E+00,-17.14E+00,-74.16E+00,+90.94E+00,+4.326E+00
2,05/2/2026,18:37:27.050,-0.09E+00,-0.05E+00,+0.00E+00,-0.05E+00,-17.18E+00,-73.60E+00,+90.45E+00,+4.395E+00
2,05/2/2026,18:37:27.050,-0.09E+00,-0.05E+00,+0.05E+00,+0.00E+00,-17.24E+00,-73.04E+00,+89.91E+00,+4.464E+00
2,05/2/2026,18:37:27.050,-0.09E+00,-0.05E+00,+0.05E+00,+0.00E+00,-17.29E+00,-72.44E+00,+89.38E+00,+4.532E+00
2,05/2/2026,18:37:27.050,-0.09E+00,-0.05E+00,+0.00E+00,+0.00E+00,-17.34E+00,-71.83E+00,+88.81E+00,+4.601E+00
2,05/2/2026,18:37:27.050,-0.09E+00,-0.05E+00,+0.05E+00,-0.05E+00,-17.38E+00,-71.20E+00,+88.23E+00,+4.670E+00
2,05/2/2026,18:37:27.050,-0.09E+00,-0.05E+00,+0.05E+00,-0.05E+00,-17.43E+00,-70.55E+00,+87.62E+00,+4.731E+00
2,05/2/2026,18:37:27.050,-0.09E+00,-0.05E+00,+0.05E+00,+0.00E+00,-17.46E+00,-69.89E+00,+87.00E+00,+4.792E+00
2,05/2/2026,18:37:27.050,-0.09E+00,-0.05E+00,+0.05E+00,+0.00E+00,-17.50E+00,-69.22E+00,+86.36E+00,+4.860E+00
2,05/2/2026,18:37:27.050,-0.09E+00,-0.05E+00,+0.00E+00,+0.00E+00,-17.55E+00,-68.52E+00,+85.70E+00,+4.921E+00
2,05/2/2026,18:37:27.050,-0.09E+00,-0.05E+00,+0.00E+00,-0.05E+00,-17.56E+00,-67.80E+00,+85.01E+00,+4.982E+00
2,05/2/2026,18:37:27.051,-0.09E+00,-0.05E+00,+0.05E+00,-0.05E+00,-17.59E+00,-67.08E+00,+84.31E+00,+5.036E+00
2,05/2/2026,18:37:27.051,-0.09E+00,-0.05E+00,+0.05E+00,+0.00E+00,-17.63E+00,-66.35E+00,+83.61E+00,+5.097E+00
2,05/2/2026,18:37:27.051,-0.09E+00,-0.05E+00,+0.05E+00,+0.00E+00,-17.64E+00,-65.59E+00,+82.88E+00,+5.150E+00
2,05/2/2026,18:37:27.051,-0.09E+00,-0.05E+00,+0.05E+00,+0.00E+00,-17.67E+00,-64.81E+00,+82.10E+00,+5.211E+00
2,05/2/2026,18:37:27.051,-0.09E+00,-0.05E+00,+0.05E+00,+0.00E+00,-17.69E+00,-64.02E+00,+81.32E+00,+5.265E+00
2,05/2/2026,18:37:27.051,-0.09E+00,-0.05E+00,+0.05E+00,+0.00E+00,-17.69E+00,-63.21E+00,+80.53E+00,+5.318E+00
2,05/2/2026,18:37:27.051,-0.09E+00,-0.05E+00,+0.05E+00,+0.00E+00,-17.70E+00,-62.38E+00,+79.72E+00,+5.379E+00
2,05/2/2026,18:37:27.051,-0.09E+00,-0.05E+00,+0.05E+00,+0.00E+00,-17.70E+00,-61.53E+00,+78.88E+00,+5.433E+00
2,05/2/2026,18:37:27.051,-0.09E+00,-0.05E+00,+0.05E+00,+0.00E+00,-17.72E+00,-60.67E+00,+78.03E+00,+5.486E+00
2,05/2/2026,18:37:27.051,-0.09E+00,-0.05E+00,+0.05E+00,+0.00E+00,-17.72E+00,-59.80E+00,+77.16E+00,+5.532E+00
2,05/2/2026,18:37:27.051,-0.09E+00,-0.05E+00,+0.05E+00,-0.05E+00,-17.72E+00,-58.90E+00,+76.27E+00,+5.585E+00
2,05/2/2026,18:37:27.051,-0.09E+00,-0.05E+00,+0.05E+00,+0.00E+00,-17.72E+00,-58.00E+00,+75.35E+00,+5.639E+00
2,05/2/2026,18:37:27.051,-0.09E+00,-0.05E+00,+0.05E+00,+0.00E+00,-17.72E+00,-57.09E+00,+74.42E+00,+5.692E+00
2,05/2/2026,18:37:27.051,-0.09E+00,-0.05E+00,+0.05E+00,+0.00E+00,-17.70E+00,-56.14E+00,+73.49E+00,+5.738E+00
2,05/2/2026,18:37:27.051,-0.09E+00,-0.05E+00,+0.05E+00,+0.00E+00,-17.70E+00,-55.20E+00,+72.53E+00,+5.791E+00
2,05/2/2026,18:37:27.051,-0.09E+00,-0.05E+00,+0.05E+00,+0.00E+00,-17.69E+00,-54.22E+00,+71.54E+00,+5.837E+00
2,05/2/2026,18:37:27.051,-0.09E+00,-0.05E+00,+0.00E+00,+0.00E+00,-17.67E+00,-53.24E+00,+70.55E+00,+5.883E+00
2,05/2/2026,18:37:27.051,-0.09E+00,-0.05E+00,+0.05E+00,+0.00E+00,-17.66E+00,-52.24E+00,+69.54E+00,+5.929E+00
2,05/2/2026,18:37:27.051,-0.09E+00,-0.05E+00,+0.05E+00,+0.00E+00,-17.63E+00,-51.24E+00,+68.50E+00,+5.974E+00
2,05/2/2026,18:37:27.051,-0.09E+00,-0.05E+00,+0.05E+00,+0.00E+00,-17.59E+00,-50.22E+00,+67.47E+00,+6.013E+00
2,05/2/2026,18:37:27.052,-0.09E+00,-0.05E+00,+0.05E+00,-0.05E+00,-17.56E+00,-49.20E+00,+66.40E+00,+6.051E+00
2,05/2/2026,18:37:27.052,-0.09E+00,-0.05E+00,+0.00E+00,+0.00E+00,-17.52E+00,-48.18E+00,+65.31E+00,+6.081E+00
2,05/2/2026,18:37:27.052,-0.09E+00,-0.05E+00,+0.00E+00,+0.00E+00,-17.46E+00,-47.14E+00,+64.21E+00,+6.112E+00
2,05/2/2026,18:37:27.052,-0.09E+00,-0.05E+00,+0.00E+00,+0.00E+00,-17.38E+00,-46.10E+00,+63.10E+00,+6.135E+00
2,05/2/2026,18:37:27.052,-0.09E+00,-0.05E+00,+0.05E+00,+0.00E+00,-17.31E+00,-45.06E+00,+61.99E+00,+6.157E+00
2,05/2/2026,18:37:27.052,-0.09E+00,-0.05E+00,+0.05E+00,-0.05E+00,-17.21E+00,-44.01E+00,+60.84E+00,+6.180E+00
2,05/2/2026,18:37:27.052,-0.09E+00,-0.05E+00,+0.00E+00,+0.00E+00,-17.12E+00,-42.94E+00,+59.68E+00,+6.196E+00
2,05/2/2026,18:37:27.052,-0.09E+00,-0.05E+00,+0.05E+00,+0.00E+00,-17.02E+00,-41.87E+00,+58.52E+00,+6.219E+00
2,05/2/2026,18:37:27.052,-0.09E+00,-0.05E+00,+0.05E+00,-0.05E+00,-16.91E+00,-40.81E+00,+57.33E+00,+6.234E+00
2,05/2/2026,18:37:27.052,-0.09E+00,-0.05E+00,+0.05E+00,-0.05E+00,-16.80E+00,-39.72E+00,+56.11E+00,+6.241E+00
2,05/2/2026,18:37:27.052,-0.09E+00,-0.05E+00,+0.05E+00,-0.05E+00,-16.68E+00,-38.61E+00,+54.91E+00,+6.249E+00
2,05/2/2026,18:37:27.052,-0.09E+00,-0.05E+00,+0.05E+00,+0.00E+00,-16.54E+00,-37.51E+00,+53.67E+00,+6.264E+00
2,05/2/2026,18:37:27.052,-0.05E+00,-0.05E+00,+0.05E+00,+0.00E+00,-16.42E+00,-36.40E+00,+52.42E+00,+6.272E+00
2,05/2/2026,18:37:27.052,-0.09E+00,-0.05E+00,+0.05E+00,+0.00E+00,-16.28E+00,-35.28E+00,+51.15E+00,+6.280E+00
2,05/2/2026,18:37:27.052,-0.09E+00,-0.05E+00,+0.05E+00,+0.00E+00,-16.13E+00,-34.15E+00,+49.89E+00,+6.287E+00
2,05/2/2026,18:37:27.052,-0.09E+00,-0.05E+00,+0.05E+00,+0.00E+00,-15.99E+00,-33.01E+00,+48.60E+00,+6.295E+00
2,05/2/2026,18:37:27.052,-0.09E+00,-0.05E+00,+0.05E+00,+0.00E+00,-15.84E+00,-31.86E+00,+47.31E+00,+6.287E+00
2,05/2/2026,18:37:27.052,-0.09E+00,-0.05E+00,+0.05E+00,+0.00E+00,-15.69E+00,-30.70E+00,+46.01E+00,+6.295E+00
2,05/2/2026,18:37:27.052,-0.09E+00,-0.05E+00,+0.05E+00,+0.00E+00,-15.52E+00,-29.54E+00,+44.68E+00,+6.287E+00
2,05/2/2026,18:37:27.052,-0.09E+00,-0.05E+00,+0.05E+00,+0.00E+00,-15.34E+00,-28.37E+00,+43.35E+00,+6.287E+00
2,05/2/2026,18:37:27.053,-0.09E+00,-0.05E+00,+0.05E+00,+0.00E+00,-15.17E+00,-27.22E+00,+42.01E+00,+6.280E+00
2,05/2/2026,18:37:27.053,-0.05E+00,-0.05E+00,+0.05E+00,+0.00E+00,-14.99E+00,-26.05E+00,+40.65E+00,+6.272E+00
2,05/2/2026,18:37:27.053,-0.09E+00,-0.05E+00,+0.05E+00,-0.05E+00,-14.79E+00,-24.86E+00,+39.28E+00,+6.264E+00
2,05/2/2026,18:37:27.053,-0.09E+00,-0.05E+00,+0.05E+00,-0.05E+00,-14.60E+00,-23.68E+00,+37.92E+00,+6.249E+00
2,05/2/2026,18:37:27.053,-0.09E+00,-0.05E+00,+0.05E+00,-0.05E+00,-14.41E+00,-22.49E+00,+36.53E+00,+6.234E+00
2,05/2/2026,18:37:27.053,-0.05E+00,-0.05E+00,+0.00E+00,-0.05E+00,-14.21E+00,-21.30E+00,+35.13E+00,+6.219E+00
2,05/2/2026,18:37:27.053,-0.09E+00,-0.05E+00,+0.05E+00,+0.00E+00,-14.01E+00,-20.10E+00,+33.74E+00,+6.211E+00
2,05/2/2026,18:37:27.053,-0.09E+00,-0.05E+00,+0.05E+00,-0.05E+00,-13.80E+00,-18.89E+00,+32.32E+00,+6.196E+00
2,05/2/2026,18:37:27.053,-0.09E+00,-0.05E+00,+0.00E+00,-0.05E+00,-13.60E+00,-17.69E+00,+30.90E+00,+6.173E+00
2,05/2/2026,18:37:27.053,-0.09E+00,-0.05E+00,+0.00E+00,+0.00E+00,-13.40E+00,-16.47E+00,+29.48E+00,+6.157E+00
2,05/2/2026,18:37:27.053,-0.09E+00,-0.05E+00,+0.05E+00,+0.00E+00,-13.18E+00,-15.24E+00,+28.06E+00,+6.135E+00
2,05/2/2026,18:37:27.053,-0.09E+00,-0.05E+00,+0.05E+00,+0.00E+00,-12.99E+00,-14.02E+00,+26.63E+00,+6.112E+00
2,05/2/2026,18:37:27.053,-0.09E+00,-0.05E+00,+0.00E+00,+0.00E+00,-12.77E+00,-12.80E+00,+25.19E+00,+6.089E+00
2,05/2/2026,18:37:27.053,-0.09E+00,-0.05E+00,+0.00E+00,+0.00E+00,-12.56E+00,-11.57E+00,+23.74E+00,+6.066E+00
2,05/2/2026,18:37:27.053,-0.09E+00,-0.05E+00,+0.00E+00,+0.00E+00,-12.35E+00,-10.33E+00,+22.30E+00,+6.043E+00
2,05/2/2026,18:37:27.053,-0.09E+00,-0.05E+00,+0.00E+00,-0.05E+00,-12.13E+00,-9.10E+00,+20.83E+00,+6.020E+00
2,05/2/2026,18:37:27.053,-0.05E+00,-0.05E+00,+0.00E+00,+0.00E+00,-11.92E+00,-7.86E+00,+19.38E+00,+5.997E+00
2,05/2/2026,18:37:27.053,-0.09E+00,-0.05E+00,+0.05E+00,+0.00E+00,-11.72E+00,-6.61E+00,+17.92E+00,+5.974E+00
2,05/2/2026,18:37:27.053,-0.09E+00,-0.05E+00,+0.05E+00,-0.05E+00,-11.49E+00,-5.36E+00,+16.47E+00,+5.944E+00
2,05/2/2026,18:37:27.053,-0.09E+00,-0.05E+00,+0.00E+00,+0.00E+00,-11.28E+00,-4.10E+00,+15.00E+00,+5.913E+00
2,05/2/2026,18:37:27.054,-0.09E+00,-0.05E+00,+0.05E+00,+0.00E+00,-11.06E+00,-2.85E+00,+13.54E+00,+5.890E+00
2,05/2/2026,18:37:27.054,-0.09E+00,-0.05E+00,+0.05E+00,+0.00E+00,-10.85E+00,-1.60E+00,+12.06E+00,+5.860E+00
2,05/2/2026,18:37:27.054,-0.09E+00,-0.05E+00,+0.00E+00,+0.00E+00,-10.62E+00,-0.35E+00,+10.59E+00,+5.829E+00
2,05/2/2026,18:37:27.054,-0.09E+00,-0.05E+00,+0.05E+00,+0.00E+00,-10.42E+00,+0.90E+00,+9.11E+00,+5.791E+00
2,05/2/2026,18:37:27.054,-0.09E+00,-0.05E+00,+0.05E+00,-0.05E+00,-10.21E+00,+2.17E+00,+7.65E+00,+5.761E+00
2,05/2/2026,18:37:27.054,-0.09E+00,-0.05E+00,+0.05E+00,-0.05E+00,-9.98E+00,+3.42E+00,+6.18E+00,+5.730E+00
2,05/2/2026,18:37:27.054,-0.09E+00,-0.05E+00,+0.05E+00,+0.00E+00,-9.77E+00,+4.67E+00,+4.70E+00,+5.700E+00
2,05/2/2026,18:37:27.054,-0.09E+00,-0.05E+00,+0.05E+00,+0.00E+00,-9.55E+00,+5.94E+00,+3.22E+00,+5.662E+00
2,05/2/2026,18:37:27.054,-0.09E+00,-0.05E+00,+0.05E+00,-0.05E+00,-9.35E+00,+7.19E+00,+1.77E+00,+5.631E+00
2,05/2/2026,18:37:27.054,-0.09E+00,-0.05E+00,+0.05E+00,+0.00E+00,-9.14E+00,+8.44E+00,+0.31E+00,+5.593E+00
2,05/2/2026,18:37:27.054,-0.09E+00,-0.05E+00,+0.00E+00,+0.00E+00,-8.91E+00,+9.69E+00,-1.18E+00,+5.555E+00
2,05/2/2026,18:37:27.054,-0.09E+00,-0.05E+00,+0.00E+00,-0.05E+00,-8.68E+00,+10.96E+00,-2.66E+00,+5.524E+00
2,05/2/2026,18:37:27.054,-0.09E+00,-0.05E+00,+0.00E+00,+0.00E+00,-8.47E+00,+12.21E+00,-4.15E+00,+5.486E+00
2,05/2/2026,18:37:27.054,-0.09E+00,-0.05E+00,+0.05E+00,+0.00E+00,-8.24E+00,+13.46E+00,-5.63E+00,+5.440E+00
2,05/2/2026,18:37:27.054,-0.09E+00,-0.05E+00,+0.05E+00,-0.05E+00,-8.00E+00,+14.71E+00,-7.11E+00,+5.402E+00
2,05/2/2026,18:37:27.054,-0.09E+00,-0.05E+00,+0.00E+00,+0.00E+00,-7.77E+00,+15.96E+00,-8.61E+00,+5.364E+00
2,05/2/2026,18:37:27.054,-0.09E+00,-0.05E+00,+0.00E+00,+0.00E+00,-7.52E+00,+17.20E+00,-10.09E+00,+5.326E+00
2,05/2/2026,18:37:27.054,-0.09E+00,-0.05E+00,+0.05E+00,+0.00E+00,-7.29E+00,+18.46E+00,-11.58E+00,+5.280E+00
2,05/2/2026,18:37:27.054,-0.09E+00,-0.05E+00,+0.05E+00,-0.05E+00,-7.05E+00,+19.72E+00,-13.06E+00,+5.234E+00
2,05/2/2026,18:37:27.054,-0.09E+00,-0.05E+00,+0.00E+00,+0.00E+00,-6.81E+00,+20.95E+00,-14.56E+00,+5.188E+00
2,05/2/2026,18:37:27.055,-0.09E+00,-0.05E+00,+0.05E+00,+0.00E+00,-6.58E+00,+22.20E+00,-16.04E+00,+5.150E+00
2,05/2/2026,18:37:27.055,-0.09E+00,-0.05E+00,+0.05E+00,+0.00E+00,-6.33E+00,+23.45E+00,-17.52E+00,+5.105E+00
2,05/2/2026,18:37:27.055,-0.09E+00,-0.05E+00,+0.05E+00,+0.00E+00,-6.09E+00,+24.69E+00,-19.01E+00,+5.059E+00
2,05/2/2026,18:37:27.055,-0.09E+00,-0.05E+00,+0.05E+00,-0.05E+00,-5.84E+00,+25.94E+00,-20.49E+00,+5.013E+00
2,05/2/2026,18:37:27.055,-0.09E+00,-0.05E+00,+0.05E+00,-0.05E+00,-5.60E+00,+27.18E+00,-21.99E+00,+4.960E+00
2,05/2/2026,18:37:27.055,-0.09E+00,-0.05E+00,+0.00E+00,+0.00E+00,-5.36E+00,+28.41E+00,-23.47E+00,+4.906E+00
2,05/2/2026,18:37:27.055,-0.05E+00,-0.05E+00,+0.00E+00,+0.00E+00,-5.13E+00,+29.64E+00,-24.94E+00,+4.853E+00
2,05/2/2026,18:37:27.055,-0.09E+00,-0.05E+00,+0.00E+00,+0.00E+00,-4.88E+00,+30.86E+00,-26.38E+00,+4.799E+00
2,05/2/2026,18:37:27.055,-0.09E+00,-0.05E+00,+0.05E+00,+0.00E+00,-4.64E+00,+32.06E+00,-27.82E+00,+4.738E+00
2,05/2/2026,18:37:27.055,-0.09E+00,-0.05E+00,+0.05E+00,+0.00E+00,-4.39E+00,+33.24E+00,-29.25E+00,+4.670E+00
2,05/2/2026,18:37:27.055,-0.09E+00,-0.05E+00,+0.05E+00,+0.00E+00,-4.14E+00,+34.41E+00,-30.67E+00,+4.601E+00
2,05/2/2026,18:37:27.055,-0.09E+00,-0.05E+00,+0.05E+00,+0.00E+00,-3.88E+00,+35.56E+00,-32.08E+00,+4.525E+00
2,05/2/2026,18:37:27.055,-0.09E+00,-0.05E+00,+0.00E+00,+0.00E+00,-3.62E+00,+36.67E+00,-33.47E+00,+4.448E+00
2,05/2/2026,18:37:27.055,-0.09E+00,-0.05E+00,+0.00E+00,+0.00E+00,-3.36E+00,+37.78E+00,-34.85E+00,+4.364E+00
2,05/2/2026,18:37:27.055,-0.09E+00,-0.05E+00,+0.05E+00,+0.00E+00,-3.08E+00,+38.90E+00,-36.23E+00,+4.288E+00
2,05/2/2026,18:37:27.055,-0.09E+00,-0.05E+00,+0.05E+00,+0.00E+00,-2.82E+00,+40.00E+00,-37.59E+00,+4.204E+00
2,05/2/2026,18:37:27.055,-0.09E+00,-0.05E+00,+0.00E+00,+0.00E+00,-2.55E+00,+41.07E+00,-38.93E+00,+4.128E+00
2,05/2/2026,18:37:27.055,-0.09E+00,-0.05E+00,+0.05E+00,+0.00E+00,-2.27E+00,+42.13E+00,-40.27E+00,+4.044E+00
2,05/2/2026,18:37:27.055,-0.09E+00,-0.05E+00,+0.05E+00,+0.00E+00,-2.00E+00,+43.19E+00,-41.60E+00,+3.960E+00
2,05/2/2026,18:37:27.055,-0.09E+00,-0.05E+00,+0.05E+00,-0.05E+00,-1.71E+00,+44.21E+00,-42.93E+00,+3.876E+00
