EventNo,Date,Time,U1,U2,U3,U4,I1,I2,I3,I4
2,03/2/2026,18:42:06.368,-0.047E+00,-0.047E+00,-0.047E+00,-0.188E+00,+2.17E+00,-7.65E+00,+4.73E+00,+1.137E+00
2,03/2/2026,18:42:06.368,-0.047E+00,-0.047E+00,-0.047E+00,-0.188E+00,+2.06E+00,-7.65E+00,+4.82E+00,+1.083E+00
2,03/2/2026,18:42:06.368,-0.047E+00,-0.047E+00,-0.047E+00,-0.188E+00,+1.95E+00,-7.63E+00,+4.91E+00,+1.030E+00
2,03/2/2026,18:42:06.368,-0.047E+00,-0.047E+00,-0.047E+00,-0.188E+00,+1.85E+00,-7.63E+00,+4.99E+00,+0.977E+00
2,03/2/2026,18:42:06.368,-0.047E+00,-0.047E+00,+0.000E+00,-0.188E+00,+1.74E+00,-7.61E+00,+5.08E+00,+0.931E+00
2,03/2/2026,18:42:06.368,-0.047E+00,-0.047E+00,-0.047E+00,-0.141E+00,+1.63E+00,-7.58E+00,+5.16E+00,+0.877E+00
2,03/2/2026,18:42:06.368,-0.047E+00,-0.047E+00,-0.047E+00,-0.188E+00,+1.53E+00,-7.57E+00,+5.23E+00,+0.824E+00
2,03/2/2026,18:42:06.368,-0.047E+00,-0.047E+00,+0.000E+00,-0.188E+00,+1.42E+00,-7.54E+00,+5.30E+00,+0.778E+00
2,03/2/2026,18:42:06.368,+0.000E+00,-0.047E+00,+0.000E+00,-0.188E+00,+1.31E+00,-7.49E+00,+5.37E+00,+0.717E+00
2,03/2/2026,18:42:06.368,-0.047E+00,-0.047E+00,+0.000E+00,-0.188E+00,+1.19E+00,-7.46E+00,+5.45E+00,+0.664E+00
2,03/2/2026,18:42:06.368,-0.047E+00,-0.047E+00,-0.047E+00,-0.188E+00,+1.08E+00,-7.42E+00,+5.51E+00,+0.610E+00
2,03/2/2026,18:42:06.368,-0.047E+00,-0.047E+00,+0.000E+00,-0.188E+00,+0.98E+00,-7.37E+00,+5.57E+00,+0.549E+00
2,03/2/2026,18:42:06.368,-0.047E+00,-0.047E+00,+0.000E+00,-0.188E+00,+0.85E+00,-7.32E+00,+5.63E+00,+0.496E+00
2,03/2/2026,18:42:06.368,-0.047E+00,-0.047E+00,-0.047E+00,-0.188E+00,+0.75E+00,-7.28E+00,+5.69E+00,+0.443E+00
2,03/2/2026,18:42:06.368,-0.047E+00,-0.047E+00,+0.000E+00,-0.188E+00,+0.64E+00,-7.22E+00,+5.75E+00,+0.382E+00
2,03/2/2026,18:42:06.368,-0.047E+00,-0.047E+00,+0.000E+00,-0.188E+00,+0.52E+00,-7.17E+00,+5.81E+00,+0.328E+00
2,03/2/2026,18:42:06.368,+0.000E+00,-0.047E+00,-0.047E+00,-0.188E+00,+0.40E+00,-7.11E+00,+5.86E+00,+0.275E+00
2,03/2/2026,18:42:06.368,-0.047E+00,-0.047E+00,+0.000E+00,-0.188E+00,+0.27E+00,-7.05E+00,+5.92E+00,+0.214E+00
2,03/2/2026,18:42:06.368,-0.047E+00,-0.047E+00,+0.000E+00,-0.188E+00,+0.17E+00,-6.97E+00,+5.97E+00,+0.160E+00
2,03/2/2026,18:42:06.368,+0.000E+00,-0.047E+00,+0.000E+00,-0.188E+00,+0.06E+00,-6.90E+00,+6.03E+00,+0.099E+00
2,03/2/2026,18:42:06.369,-0.047E+00,-0.047E+00,-0.047E+00,-0.188E+00,-0.06E+00,-6.82E+00,+6.07E+00,+0.046E+00
2,03/2/2026,18:42:06.369,-0.047E+00,-0.047E+00,-0.047E+00,-0.188E+00,-0.17E+00,-6.75E+00,+6.13E+00,-0.008E+00
2,03/2/2026,18:42:06.369,-0.047E+00,-0.047E+00,+0.000E+00,-0.188E+00,-0.27E+00,-6.67E+00,+6.18E+00,-0.069E+00
2,03/2/2026,18:42:06.369,-0.047E+00,-0.047E+00,-0.047E+00,-0.188E+00,-0.40E+00,-6.59E+00,+6.23E+00,-0.122E+00
2,03/2/2026,18:42:06.369,+0.000E+00,-0.047E+00,-0.047E+00,-0.188E+00,-0.50E+00,-6.52E+00,+6.27E+00,-0.183E+00
2,03/2/2026,18:42:06.369,+0.000E+00,-0.047E+00,-0.047E+00,-0.188E+00,-0.61E+00,-6.44E+00,+6.33E+00,-0.237E+00
2,03/2/2026,18:42:06.369,-0.047E+00,-0.047E+00,-0.047E+00,-0.188E+00,-0.73E+00,-6.35E+00,+6.36E+00,-0.298E+00
2,03/2/2026,18:42:06.369,-0.047E+00,-0.047E+00,+0.000E+00,-0.141E+00,-0.84E+00,-6.27E+00,+6.41E+00,-0.351E+00
2,03/2/2026,18:42:06.369,-0.047E+00,-0.047E+00,-0.047E+00,-0.188E+00,-0.96E+00,-6.20E+00,+6.46E+00,-0.412E+00
2,03/2/2026,18:42:06.369,-0.047E+00,-0.047E+00,+0.000E+00,-0.188E+00,-1.08E+00,-6.10E+00,+6.50E+00,-0.473E+00
2,03/2/2026,18:42:06.369,-0.047E+00,-0.047E+00,+0.000E+00,-0.188E+00,-1.21E+00,-6.03E+00,+6.53E+00,-0.526E+00
2,03/2/2026,18:42:06.369,+0.000E+00,-0.047E+00,+0.000E+00,-0.188E+00,-1.30E+00,-5.94E+00,+6.58E+00,-0.588E+00
2,03/2/2026,18:42:06.369,-0.047E+00,-0.047E+00,-0.047E+00,-0.188E+00,-1.42E+00,-5.84E+00,+6.62E+00,-0.641E+00
2,03/2/2026,18:42:06.369,-0.047E+00,+0.000E+00,-0.047E+00,-0.188E+00,-1.54E+00,-5.77E+00,+6.65E+00,-0.694E+00
2,03/2/2026,18:42:06.369,-0.047E+00,-0.047E+00,-0.047E+00,-0.188E+00,-1.65E+00,-5.69E+00,+6.68E+00,-0.755E+00
2,03/2/2026,18:42:06.369,-0.047E+00,-0.047E+00,-0.047E+00,-0.188E+00,-1.75E+00,-5.60E+00,+6.71E+00,-0.816E+00
2,03/2/2026,18:42:06.369,-0.047E+00,-0.047E+00,-0.047E+00,-0.188E+00,-1.86E+00,-5.51E+00,+6.75E+00,-0.870E+00
2,03/2/2026,18:42:06.369,-0.047E+00,-0.047E+00,-0.047E+00,-0.188E+00,-1.98E+00,-5.43E+00,+6.78E+00,-0.923E+00
2,03/2/2026,18:42:06.369,-0.047E+00,-0.047E+00,-0.047E+00,-0.188E+00,-2.09E+00,-5.34E+00,+6.79E+00,-0.977E+00
2,03/2/2026,18:42:06.369,-0.047E+00,-0.047E+00,-0.047E+00,-0.188E+00,-2.20E+00,-5.25E+00,+6.82E+00,-1.030E+00
2,03/2/2026,18:42:06.370,-0.047E+00,-0.047E+00,-0.047E+00,-0.188E+00,-2.30E+00,-5.16E+00,+6.84E+00,-1.083E+00
2,03/2/2026,18:42:06.370,-0.047E+00,-0.047E+00,+0.000E+00,-0.188E+00,-2.41E+00,-5.08E+00,+6.87E+00,-1.145E+00
2,03/2/2026,18:42:06.370,-0.047E+00,-0.047E+00,+0.000E+00,-0.188E+00,-2.52E+00,-4.99E+00,+6.88E+00,-1.198E+00
2,03/2/2026,18:42:06.370,+0.000E+00,-0.047E+00,+0.000E+00,-0.188E+00,-2.61E+00,-4.90E+00,+6.91E+00,-1.244E+00
2,03/2/2026,18:42:06.370,-0.047E+00,-0.047E+00,+0.000E+00,-0.188E+00,-2.73E+00,-4.81E+00,+6.93E+00,-1.305E+00
2,03/2/2026,18:42:06.370,-0.047E+00,-0.047E+00,-0.047E+00,-0.188E+00,-2.84E+00,-4.72E+00,+6.94E+00,-1.358E+00
2,03/2/2026,18:42:06.370,-0.047E+00,-0.047E+00,-0.047E+00,-0.188E+00,-2.93E+00,-4.64E+00,+6.96E+00,-1.404E+00
2,03/2/2026,18:42:06.370,-0.047E+00,-0.047E+00,-0.047E+00,-0.188E+00,-3.04E+00,-4.55E+00,+6.99E+00,-1.457E+00
2,03/2/2026,18:42:06.370,-0.047E+00,-0.047E+00,-0.047E+00,-0.188E+00,-3.14E+00,-4.46E+00,+7.00E+00,-1.503E+00
2,03/2/2026,18:42:06.370,+0.000E+00,-0.047E+00,+0.000E+00,-0.188E+00,-3.24E+00,-4.35E+00,+7.02E+00,-1.557E+00
2,03/2/2026,18:42:06.370,-0.047E+00,-0.047E+00,-0.047E+00,-0.188E+00,-3.34E+00,-4.26E+00,+7.03E+00,-1.610E+00
2,03/2/2026,18:42:06.370,-0.047E+00,-0.047E+00,-0.047E+00,-0.188E+00,-3.43E+00,-4.17E+00,+7.03E+00,-1.656E+00
2,03/2/2026,18:42:06.370,-0.047E+00,-0.047E+00,-0.047E+00,-0.188E+00,-3.54E+00,-4.06E+00,+7.05E+00,-1.709E+00
2,03/2/2026,18:42:06.370,+0.000E+00,-0.047E+00,-0.047E+00,-0.188E+00,-3.63E+00,-3.97E+00,+7.07E+00,-1.763E+00
2,03/2/2026,18:42:06.370,+0.000E+00,-0.047E+00,-0.047E+00,-0.188E+00,-3.74E+00,-3.86E+00,+7.08E+00,-1.808E+00
2,03/2/2026,18:42:06.370,+0.000E+00,-0.047E+00,+0.000E+00,-0.188E+00,-3.83E+00,-3.77E+00,+7.08E+00,-1.862E+00
2,03/2/2026,18:42:06.370,-0.047E+00,-0.047E+00,-0.047E+00,-0.188E+00,-3.94E+00,-3.66E+00,+7.10E+00,-1.908E+00
2,03/2/2026,18:42:06.370,-0.047E+00,-0.047E+00,-0.047E+00,-0.188E+00,-4.03E+00,-3.57E+00,+7.11E+00,-1.961E+00
2,03/2/2026,18:42:06.370,-0.047E+00,-0.047E+00,-0.047E+00,-0.188E+00,-4.14E+00,-3.46E+00,+7.11E+00,-2.007E+00
2,03/2/2026,18:42:06.370,-0.047E+00,-0.047E+00,-0.047E+00,-0.188E+00,-4.23E+00,-3.36E+00,+7.11E+00,-2.060E+00
2,03/2/2026,18:42:06.371,-0.047E+00,-0.047E+00,-0.047E+00,-0.188E+00,-4.32E+00,-3.25E+00,+7.13E+00,-2.106E+00
2,03/2/2026,18:42:06.371,-0.047E+00,-0.047E+00,+0.000E+00,-0.188E+00,-4.43E+00,-3.14E+00,+7.14E+00,-2.159E+00
2,03/2/2026,18:42:06.371,+0.000E+00,-0.047E+00,+0.000E+00,-0.188E+00,-4.52E+00,-3.04E+00,+7.14E+00,-2.213E+00
2,03/2/2026,18:42:06.371,-0.047E+00,-0.047E+00,+0.000E+00,-0.235E+00,-4.62E+00,-2.93E+00,+7.14E+00,-2.259E+00
2,03/2/2026,18:42:06.371,-0.047E+00,-0.047E+00,+0.000E+00,-0.188E+00,-4.72E+00,-2.81E+00,+7.16E+00,-2.304E+00
2,03/2/2026,18:42:06.371,+0.000E+00,-0.047E+00,+0.000E+00,-0.188E+00,-4.81E+00,-2.70E+00,+7.16E+00,-2.358E+00
2,03/2/2026,18:42:06.371,-0.047E+00,-0.047E+00,+0.000E+00,-0.188E+00,-4.90E+00,-2.59E+00,+7.16E+00,-2.411E+00
2,03/2/2026,18:42:06.371,-0.047E+00,-0.047E+00,-0.047E+00,-0.188E+00,-5.01E+00,-2.49E+00,+7.17E+00,-2.457E+00
2,03/2/2026,18:42:06.371,-0.047E+00,-0.047E+00,-0.047E+00,-0.188E+00,-5.10E+00,-2.38E+00,+7.17E+00,-2.503E+00
2,03/2/2026,18:42:06.371,-0.047E+00,-0.047E+00,+0.000E+00,-0.188E+00,-5.17E+00,-2.26E+00,+7.17E+00,-2.548E+00
2,03/2/2026,18:42:06.371,-0.047E+00,-0.047E+00,+0.000E+00,-0.188E+00,-5.26E+00,-2.15E+00,+7.17E+00,-2.594E+00
2,03/2/2026,18:42:06.371,-0.047E+00,-0.047E+00,-0.047E+00,-0.188E+00,-5.34E+00,-2.04E+00,+7.17E+00,-2.632E+00
2,03/2/2026,18:42:06.371,-0.047E+00,-0.047E+00,-0.047E+00,-0.188E+00,-5.42E+00,-1.92E+00,+7.17E+00,-2.678E+00
2,03/2/2026,18:42:06.371,+0.000E+00,-0.047E+00,-0.047E+00,-0.188E+00,-5.49E+00,-1.82E+00,+7.16E+00,-2.716E+00
2,03/2/2026,18:42:06.371,+0.000E+00,-0.047E+00,-0.047E+00,-0.188E+00,-5.59E+00,-1.71E+00,+7.14E+00,-2.762E+00
2,03/2/2026,18:42:06.371,-0.047E+00,-0.047E+00,-0.047E+00,-0.188E+00,-5.65E+00,-1.57E+00,+7.13E+00,-2.800E+00
2,03/2/2026,18:42:06.371,-0.047E+00,-0.047E+00,+0.000E+00,-0.188E+00,-5.71E+00,-1.46E+00,+7.10E+00,-2.831E+00
2,03/2/2026,18:42:06.371,+0.000E+00,-0.047E+00,+0.000E+00,-0.188E+00,-5.78E+00,-1.34E+00,+7.07E+00,-2.869E+00
2,03/2/2026,18:42:06.371,-0.047E+00,-0.047E+00,+0.000E+00,-0.188E+00,-5.84E+00,-1.22E+00,+7.02E+00,-2.899E+00
2,03/2/2026,18:42:06.371,-0.047E+00,-0.047E+00,+0.000E+00,-0.188E+00,-5.91E+00,-1.11E+00,+6.96E+00,-2.938E+00
2,03/2/2026,18:42:06.372,+0.000E+00,-0.047E+00,-0.047E+00,-0.188E+00,-5.97E+00,-1.01E+00,+6.90E+00,-2.968E+00
2,03/2/2026,18:42:06.372,-0.047E+00,-0.047E+00,-0.047E+00,-0.188E+00,-6.03E+00,-0.90E+00,+6.84E+00,-2.999E+00
2,03/2/2026,18:42:06.372,-0.047E+00,-0.047E+00,-0.047E+00,-0.188E+00,-6.09E+00,-0.78E+00,+6.78E+00,-3.029E+00
2,03/2/2026,18:42:06.372,-0.047E+00,-0.047E+00,-0.047E+00,-0.188E+00,-6.15E+00,-0.67E+00,+6.71E+00,-3.060E+00
2,03/2/2026,18:42:06.372,-0.047E+00,-0.047E+00,+0.000E+00,-0.188E+00,-6.20E+00,-0.56E+00,+6.65E+00,-3.090E+00
2,03/2/2026,18:42:06.372,-0.047E+00,-0.047E+00,-0.047E+00,-0.188E+00,-6.26E+00,-0.44E+00,+6.61E+00,-3.113E+00
2,03/2/2026,18:42:06.372,-0.047E+00,-0.047E+00,+0.000E+00,-0.188E+00,-6.30E+00,-0.32E+00,+6.55E+00,-3.144E+00
2,03/2/2026,18:42:06.372,-0.047E+00,-0.047E+00,+0.000E+00,-0.188E+00,-6.35E+00,-0.21E+00,+6.49E+00,-3.166E+00
2,03/2/2026,18:42:06.372,-0.047E+00,-0.047E+00,+0.000E+00,-0.188E+00,-6.39E+00,-0.11E+00,+6.42E+00,-3.189E+00
2,03/2/2026,18:42:06.372,-0.047E+00,-0.047E+00,-0.047E+00,-0.188E+00,-6.44E+00,+0.02E+00,+6.36E+00,-3.205E+00
2,03/2/2026,18:42:06.372,-0.047E+00,-0.047E+00,-0.047E+00,-0.188E+00,-6.47E+00,+0.14E+00,+6.30E+00,-3.228E+00
2,03/2/2026,18:42:06.372,-0.047E+00,-0.047E+00,-0.047E+00,-0.188E+00,-6.50E+00,+0.26E+00,+6.24E+00,-3.243E+00
2,03/2/2026,18:42:06.372,-0.047E+00,-0.047E+00,-0.047E+00,-0.188E+00,-6.53E+00,+0.37E+00,+6.15E+00,-3.266E+00
2,03/2/2026,18:42:06.372,-0.047E+00,-0.047E+00,+0.000E+00,-0.188E+00,-6.56E+00,+0.49E+00,+6.07E+00,-3.281E+00
2,03/2/2026,18:42:06.372,-0.047E+00,-0.047E+00,-0.047E+00,-0.188E+00,-6.61E+00,+0.61E+00,+6.00E+00,-3.296E+00
2,03/2/2026,18:42:06.372,-0.047E+00,-0.047E+00,-0.047E+00,-0.188E+00,-6.64E+00,+0.73E+00,+5.91E+00,-3.311E+00
2,03/2/2026,18:42:06.372,-0.047E+00,-0.047E+00,+0.000E+00,-0.188E+00,-6.67E+00,+0.85E+00,+5.83E+00,-3.334E+00
2,03/2/2026,18:42:06.372,-0.047E+00,-0.047E+00,+0.000E+00,-0.188E+00,-6.70E+00,+0.96E+00,+5.75E+00,-3.350E+00
2,03/2/2026,18:42:06.372,-0.047E+00,-0.047E+00,-0.047E+00,-0.188E+00,-6.73E+00,+1.08E+00,+5.68E+00,-3.365E+00
2,03/2/2026,18:42:06.372,+0.000E+00,-0.047E+00,-0.047E+00,-0.188E+00,-6.76E+00,+1.21E+00,+5.59E+00,-3.380E+00
2,03/2/2026,18:42:06.373,-0.047E+00,-0.047E+00,+0.000E+00,-0.188E+00,-6.81E+00,+1.33E+00,+5.51E+00,-3.403E+00
2,03/2/2026,18:42:06.373,-0.047E+00,-0.047E+00,+0.000E+00,-0.188E+00,-6.82E+00,+1.45E+00,+5.43E+00,-3.418E+00
2,03/2/2026,18:42:06.373,-0.047E+00,-0.047E+00,+0.000E+00,-0.188E+00,-6.85E+00,+1.57E+00,+5.36E+00,-3.434E+00
2,03/2/2026,18:42:06.373,-0.047E+00,-0.047E+00,-0.047E+00,-0.188E+00,-6.88E+00,+1.68E+00,+5.28E+00,-3.449E+00
2,03/2/2026,18:42:06.373,-0.047E+00,-0.047E+00,-0.047E+00,-0.188E+00,-6.91E+00,+1.80E+00,+5.19E+00,-3.464E+00
2,03/2/2026,18:42:06.373,-0.047E+00,-0.047E+00,-0.047E+00,-0.188E+00,-6.93E+00,+1.91E+00,+5.11E+00,-3.472E+00
2,03/2/2026,18:42:06.373,-0.047E+00,-0.047E+00,+0.000E+00,-0.188E+00,-6.96E+00,+2.03E+00,+5.02E+00,-3.487E+00
2,03/2/2026,18:42:06.373,-0.047E+00,-0.047E+00,-0.047E+00,-0.188E+00,-6.97E+00,+2.15E+00,+4.93E+00,-3.495E+00
2,03/2/2026,18:42:06.373,-0.047E+00,-0.047E+00,-0.047E+00,-0.188E+00,-7.00E+00,+2.26E+00,+4.84E+00,-3.510E+00
2,03/2/2026,18:42:06.373,-0.047E+00,-0.047E+00,-0.047E+00,-0.188E+00,-7.02E+00,+2.38E+00,+4.76E+00,-3.517E+00
2,03/2/2026,18:42:06.373,-0.047E+00,-0.047E+00,-0.047E+00,-0.188E+00,-7.03E+00,+2.49E+00,+4.67E+00,-3.525E+00
2,03/2/2026,18:42:06.373,-0.047E+00,-0.047E+00,+0.000E+00,-0.188E+00,-7.05E+00,+2.61E+00,+4.58E+00,-3.533E+00
2,03/2/2026,18:42:06.373,-0.047E+00,-0.047E+00,+0.000E+00,-0.188E+00,-7.07E+00,+2.72E+00,+4.49E+00,-3.540E+00
2,03/2/2026,18:42:06.373,-0.047E+00,-0.047E+00,-0.047E+00,-0.188E+00,-7.08E+00,+2.82E+00,+4.39E+00,-3.548E+00
2,03/2/2026,18:42:06.373,-0.047E+00,-0.047E+00,-0.047E+00,-0.188E+00,-7.08E+00,+2.93E+00,+4.30E+00,-3.556E+00
2,03/2/2026,18:42:06.373,-0.047E+00,-0.047E+00,+0.000E+00,-0.188E+00,-7.10E+00,+3.05E+00,+4.21E+00,-3.563E+00
2,03/2/2026,18:42:06.373,-0.047E+00,-0.047E+00,-0.047E+00,-0.188E+00,-7.11E+00,+3.14E+00,+4.12E+00,-3.571E+00
2,03/2/2026,18:42:06.373,-0.047E+00,-0.047E+00,+0.000E+00,-0.188E+00,-7.13E+00,+3.25E+00,+4.04E+00,-3.579E+00
2,03/2/2026,18:42:06.373,-0.047E+00,-0.047E+00,+0.000E+00,-0.188E+00,-7.13E+00,+3.37E+00,+3.94E+00,-3.579E+00
2,03/2/2026,18:42:06.373,-0.047E+00,-0.047E+00,-0.047E+00,-0.188E+00,-7.14E+00,+3.48E+00,+3.85E+00,-3.586E+00
2,03/2/2026,18:42:06.374,-0.047E+00,-0.047E+00,-0.047E+00,-0.188E+00,-7.14E+00,+3.59E+00,+3.75E+00,-3.586E+00
2,03/2/2026,18:42:06.374,-0.047E+00,-0.047E+00,+0.000E+00,-0.188E+00,-7.14E+00,+3.68E+00,+3.65E+00,-3.586E+00
2,03/2/2026,18:42:06.374,-0.047E+00,-0.047E+00,-0.047E+00,-0.188E+00,-7.16E+00,+3.78E+00,+3.56E+00,-3.594E+00
2,03/2/2026,18:42:06.374,-0.047E+00,-0.047E+00,-0.047E+00,-0.188E+00,-7.16E+00,+3.89E+00,+3.46E+00,-3.594E+00
2,03/2/2026,18:42:06.374,-0.047E+00,-0.047E+00,-0.047E+00,-0.188E+00,-7.16E+00,+4.00E+00,+3.36E+00,-3.594E+00
2,03/2/2026,18:42:06.374,-0.047E+00,-0.047E+00,+0.000E+00,-0.188E+00,-7.16E+00,+4.10E+00,+3.27E+00,-3.601E+00
2,03/2/2026,18:42:06.374,-0.047E+00,-0.047E+00,+0.000E+00,-0.188E+00,-7.16E+00,+4.20E+00,+3.16E+00,-3.601E+00
2,03/2/2026,18:42:06.374,-0.047E+00,-0.047E+00,+0.000E+00,-0.188E+00,-7.16E+00,+4.30E+00,+3.07E+00,-3.594E+00
2,03/2/2026,18:42:06.374,-0.047E+00,-0.047E+00,+0.000E+00,-0.188E+00,-7.16E+00,+4.41E+00,+2.96E+00,-3.594E+00
2,03/2/2026,18:42:06.374,-0.047E+00,-0.047E+00,+0.000E+00,-0.188E+00,-7.16E+00,+4.52E+00,+2.85E+00,-3.601E+00
2,03/2/2026,18:42:06.374,-0.047E+00,-0.047E+00,+0.000E+00,-0.188E+00,-7.16E+00,+4.62E+00,+2.75E+00,-3.601E+00
2,03/2/2026,18:42:06.374,-0.047E+00,-0.047E+00,-0.047E+00,-0.188E+00,-7.16E+00,+4.72E+00,+2.64E+00,-3.594E+00
2,03/2/2026,18:42:06.374,-0.047E+00,-0.047E+00,-0.047E+00,-0.188E+00,-7.16E+00,+4.82E+00,+2.53E+00,-3.601E+00
2,03/2/2026,18:42:06.374,-0.047E+00,-0.047E+00,-0.047E+00,-0.188E+00,-7.14E+00,+4.93E+00,+2.44E+00,-3.594E+00
2,03/2/2026,18:42:06.374,-0.047E+00,-0.047E+00,-0.047E+00,-0.188E+00,-7.14E+00,+5.02E+00,+2.32E+00,-3.586E+00
2,03/2/2026,18:42:06.374,-0.047E+00,-0.047E+00,+0.000E+00,-0.188E+00,-7.14E+00,+5.11E+00,+2.23E+00,-3.586E+00
2,03/2/2026,18:42:06.374,-0.047E+00,-0.047E+00,+0.000E+00,-0.188E+00,-7.13E+00,+5.20E+00,+2.12E+00,-3.579E+00
2,03/2/2026,18:42:06.374,-0.047E+00,-0.047E+00,+0.000E+00,-0.188E+00,-7.11E+00,+5.30E+00,+2.01E+00,-3.571E+00
2,03/2/2026,18:42:06.374,-0.047E+00,-0.047E+00,+0.000E+00,-0.188E+00,-7.10E+00,+5.39E+00,+1.91E+00,-3.563E+00
2,03/2/2026,18:42:06.374,-0.047E+00,-0.047E+00,-0.047E+00,-0.141E+00,-7.07E+00,+5.46E+00,+1.80E+00,-3.556E+00
2,03/2/2026,18:42:06.375,-0.047E+00,-0.047E+00,-0.047E+00,-0.188E+00,-7.05E+00,+5.55E+00,+1.69E+00,-3.540E+00
2,03/2/2026,18:42:06.375,-0.047E+00,-0.047E+00,+0.000E+00,-0.188E+00,-7.02E+00,+5.62E+00,+1.59E+00,-3.525E+00
2,03/2/2026,18:42:06.375,-0.047E+00,-0.047E+00,+0.000E+00,-0.188E+00,-6.97E+00,+5.69E+00,+1.48E+00,-3.510E+00
2,03/2/2026,18:42:06.375,-0.047E+00,-0.047E+00,-0.047E+00,-0.188E+00,-6.94E+00,+5.77E+00,+1.37E+00,-3.487E+00
2,03/2/2026,18:42:06.375,-0.047E+00,-0.047E+00,+0.000E+00,-0.188E+00,-6.90E+00,+5.83E+00,+1.25E+00,-3.472E+00
2,03/2/2026,18:42:06.375,-0.047E+00,-0.047E+00,+0.000E+00,-0.188E+00,-6.85E+00,+5.89E+00,+1.14E+00,-3.449E+00
2,03/2/2026,18:42:06.375,-0.047E+00,-0.047E+00,+0.000E+00,-0.188E+00,-6.81E+00,+5.97E+00,+1.04E+00,-3.426E+00
2,03/2/2026,18:42:06.375,-0.047E+00,-0.047E+00,+0.000E+00,-0.188E+00,-6.76E+00,+6.03E+00,+0.92E+00,-3.403E+00
2,03/2/2026,18:42:06.375,-0.047E+00,-0.047E+00,-0.047E+00,-0.188E+00,-6.71E+00,+6.09E+00,+0.81E+00,-3.373E+00
2,03/2/2026,18:42:06.375,-0.047E+00,-0.047E+00,-0.047E+00,-0.188E+00,-6.65E+00,+6.15E+00,+0.70E+00,-3.342E+00
2,03/2/2026,18:42:06.375,-0.047E+00,-0.047E+00,-0.047E+00,-0.188E+00,-6.61E+00,+6.21E+00,+0.58E+00,-3.319E+00
2,03/2/2026,18:42:06.375,+0.000E+00,-0.047E+00,-0.047E+00,-0.188E+00,-6.55E+00,+6.27E+00,+0.47E+00,-3.289E+00
2,03/2/2026,18:42:06.375,-0.047E+00,-0.047E+00,-0.047E+00,-0.188E+00,-6.49E+00,+6.33E+00,+0.35E+00,-3.258E+00
2,03/2/2026,18:42:06.375,-0.047E+00,-0.047E+00,-0.047E+00,-0.188E+00,-6.42E+00,+6.38E+00,+0.24E+00,-3.220E+00
2,03/2/2026,18:42:06.375,+0.000E+00,-0.047E+00,-0.047E+00,-0.188E+00,-6.35E+00,+6.44E+00,+0.14E+00,-3.189E+00
2,03/2/2026,18:42:06.375,-0.047E+00,-0.047E+00,-0.047E+00,-0.141E+00,-6.27E+00,+6.50E+00,+0.02E+00,-3.159E+00
2,03/2/2026,18:42:06.375,-0.047E+00,-0.047E+00,+0.000E+00,-0.188E+00,-6.21E+00,+6.56E+00,-0.09E+00,-3.113E+00
2,03/2/2026,18:42:06.375,+0.000E+00,-0.047E+00,-0.047E+00,-0.188E+00,-6.13E+00,+6.61E+00,-0.20E+00,-3.083E+00
2,03/2/2026,18:42:06.375,-0.047E+00,+0.000E+00,-0.047E+00,-0.188E+00,-6.04E+00,+6.65E+00,-0.31E+00,-3.044E+00
2,03/2/2026,18:42:06.375,-0.047E+00,-0.047E+00,-0.047E+00,-0.188E+00,-5.97E+00,+6.70E+00,-0.43E+00,-3.006E+00
2,03/2/2026,18:42:06.376,-0.047E+00,-0.047E+00,-0.047E+00,-0.188E+00,-5.89E+00,+6.75E+00,-0.53E+00,-2.968E+00
2,03/2/2026,18:42:06.376,-0.047E+00,-0.047E+00,-0.047E+00,-0.188E+00,-5.81E+00,+6.78E+00,-0.66E+00,-2.930E+00
2,03/2/2026,18:42:06.376,-0.047E+00,-0.047E+00,-0.047E+00,-0.188E+00,-5.74E+00,+6.82E+00,-0.76E+00,-2.884E+00
2,03/2/2026,18:42:06.376,-0.047E+00,-0.047E+00,-0.047E+00,-0.188E+00,-5.65E+00,+6.85E+00,-0.89E+00,-2.846E+00
2,03/2/2026,18:42:06.376,-0.047E+00,-0.047E+00,-0.047E+00,-0.188E+00,-5.55E+00,+6.90E+00,-0.99E+00,-2.808E+00
2,03/2/2026,18:42:06.376,-0.047E+00,-0.047E+00,-0.047E+00,-0.188E+00,-5.48E+00,+6.93E+00,-1.11E+00,-2.762E+00
2,03/2/2026,18:42:06.376,+0.000E+00,-0.047E+00,-0.047E+00,-0.188E+00,-5.40E+00,+6.96E+00,-1.24E+00,-2.724E+00
2,03/2/2026,18:42:06.376,+0.000E+00,-0.047E+00,+0.000E+00,-0.188E+00,-5.31E+00,+6.99E+00,-1.36E+00,-2.678E+00
2,03/2/2026,18:42:06.376,-0.047E+00,-0.047E+00,+0.000E+00,-0.188E+00,-5.23E+00,+7.03E+00,-1.46E+00,-2.640E+00
2,03/2/2026,18:42:06.376,-0.047E+00,-0.047E+00,+0.000E+00,-0.188E+00,-5.16E+00,+7.07E+00,-1.59E+00,-2.602E+00
2,03/2/2026,18:42:06.376,-0.047E+00,-0.047E+00,+0.000E+00,-0.188E+00,-5.07E+00,+7.10E+00,-1.69E+00,-2.556E+00
2,03/2/2026,18:42:06.376,-0.047E+00,-0.047E+00,+0.000E+00,-0.188E+00,-4.99E+00,+7.11E+00,-1.82E+00,-2.518E+00
2,03/2/2026,18:42:06.376,-0.047E+00,-0.047E+00,+0.000E+00,-0.188E+00,-4.90E+00,+7.14E+00,-1.92E+00,-2.472E+00
2,03/2/2026,18:42:06.376,-0.047E+00,-0.047E+00,+0.000E+00,-0.188E+00,-4.82E+00,+7.17E+00,-2.03E+00,-2.434E+00
2,03/2/2026,18:42:06.376,-0.047E+00,-0.047E+00,+0.000E+00,-0.188E+00,-4.73E+00,+7.19E+00,-2.14E+00,-2.388E+00
2,03/2/2026,18:42:06.376,-0.047E+00,-0.047E+00,-0.047E+00,-0.188E+00,-4.64E+00,+7.20E+00,-2.26E+00,-2.342E+00
2,03/2/2026,18:42:06.376,+0.000E+00,-0.047E+00,-0.047E+00,-0.188E+00,-4.55E+00,+7.23E+00,-2.37E+00,-2.304E+00
2,03/2/2026,18:42:06.376,-0.047E+00,-0.047E+00,-0.047E+00,-0.188E+00,-4.46E+00,+7.25E+00,-2.47E+00,-2.259E+00
2,03/2/2026,18:42:06.376,-0.047E+00,-0.047E+00,+0.000E+00,-0.188E+00,-4.38E+00,+7.26E+00,-2.58E+00,-2.213E+00
2,03/2/2026,18:42:06.376,-0.047E+00,-0.047E+00,+0.000E+00,-0.188E+00,-4.29E+00,+7.28E+00,-2.69E+00,-2.167E+00
2,03/2/2026,18:42:06.377,-0.047E+00,-0.047E+00,+0.000E+00,-0.188E+00,-4.20E+00,+7.31E+00,-2.78E+00,-2.121E+00
2,03/2/2026,18:42:06.377,-0.047E+00,-0.047E+00,-0.047E+00,-0.188E+00,-4.10E+00,+7.32E+00,-2.90E+00,-2.075E+00
2,03/2/2026,18:42:06.377,+0.000E+00,-0.047E+00,-0.047E+00,-0.188E+00,-4.01E+00,+7.32E+00,-2.99E+00,-2.030E+00
2,03/2/2026,18:42:06.377,-0.047E+00,-0.047E+00,-0.047E+00,-0.188E+00,-3.92E+00,+7.34E+00,-3.10E+00,-1.984E+00
2,03/2/2026,18:42:06.377,-0.047E+00,-0.047E+00,+0.000E+00,-0.188E+00,-3.83E+00,+7.36E+00,-3.20E+00,-1.938E+00
2,03/2/2026,18:42:06.377,-0.047E+00,-0.047E+00,-0.047E+00,-0.188E+00,-3.74E+00,+7.37E+00,-3.31E+00,-1.892E+00
2,03/2/2026,18:42:06.377,-0.047E+00,-0.047E+00,+0.000E+00,-0.188E+00,-3.65E+00,+7.39E+00,-3.40E+00,-1.846E+00
2,03/2/2026,18:42:06.377,-0.047E+00,-0.047E+00,-0.047E+00,-0.188E+00,-3.54E+00,+7.39E+00,-3.51E+00,-1.801E+00
2,03/2/2026,18:42:06.377,-0.047E+00,-0.047E+00,-0.047E+00,-0.188E+00,-3.45E+00,+7.40E+00,-3.62E+00,-1.755E+00
2,03/2/2026,18:42:06.377,-0.047E+00,-0.047E+00,-0.047E+00,-0.188E+00,-3.36E+00,+7.40E+00,-3.72E+00,-1.702E+00
2,03/2/2026,18:42:06.377,-0.047E+00,-0.047E+00,-0.047E+00,-0.188E+00,-3.25E+00,+7.42E+00,-3.82E+00,-1.656E+00
2,03/2/2026,18:42:06.377,-0.047E+00,-0.047E+00,-0.047E+00,-0.188E+00,-3.14E+00,+7.42E+00,-3.92E+00,-1.602E+00
2,03/2/2026,18:42:06.377,-0.047E+00,-0.047E+00,-0.047E+00,-0.188E+00,-3.05E+00,+7.42E+00,-4.01E+00,-1.557E+00
2,03/2/2026,18:42:06.377,-0.047E+00,-0.047E+00,+0.000E+00,-0.188E+00,-2.95E+00,+7.43E+00,-4.12E+00,-1.503E+00
2,03/2/2026,18:42:06.377,-0.047E+00,-0.047E+00,-0.047E+00,-0.188E+00,-2.84E+00,+7.43E+00,-4.21E+00,-1.450E+00
2,03/2/2026,18:42:06.377,-0.047E+00,-0.047E+00,-0.047E+00,-0.188E+00,-2.75E+00,+7.43E+00,-4.32E+00,-1.404E+00
2,03/2/2026,18:42:06.377,-0.047E+00,-0.047E+00,-0.047E+00,-0.188E+00,-2.64E+00,+7.43E+00,-4.41E+00,-1.351E+00
2,03/2/2026,18:42:06.377,-0.047E+00,-0.047E+00,+0.000E+00,-0.188E+00,-2.53E+00,+7.45E+00,-4.50E+00,-1.297E+00
2,03/2/2026,18:42:06.377,-0.047E+00,-0.047E+00,-0.047E+00,-0.188E+00,-2.43E+00,+7.45E+00,-4.61E+00,-1.244E+00
2,03/2/2026,18:42:06.377,-0.047E+00,-0.047E+00,-0.047E+00,-0.188E+00,-2.32E+00,+7.45E+00,-4.72E+00,-1.198E+00
2,03/2/2026,18:42:06.378,-0.047E+00,-0.047E+00,-0.047E+00,-0.188E+00,-2.21E+00,+7.43E+00,-4.81E+00,-1.137E+00
2,03/2/2026,18:42:06.378,-0.047E+00,-0.047E+00,-0.047E+00,-0.188E+00,-2.11E+00,+7.43E+00,-4.90E+00,-1.091E+00
2,03/2/2026,18:42:06.378,-0.047E+00,-0.047E+00,-0.047E+00,-0.188E+00,-2.00E+00,+7.43E+00,-4.99E+00,-1.038E+00
2,03/2/2026,18:42:06.378,-0.047E+00,-0.047E+00,-0.047E+00,-0.188E+00,-1.89E+00,+7.42E+00,-5.08E+00,-0.984E+00
2,03/2/2026,18:42:06.378,-0.047E+00,-0.047E+00,-0.047E+00,-0.188E+00,-1.79E+00,+7.40E+00,-5.17E+00,-0.939E+00
2,03/2/2026,18:42:06.378,-0.094E+00,-0.047E+00,-0.047E+00,-0.188E+00,-1.68E+00,+7.39E+00,-5.25E+00,-0.885E+00
2,03/2/2026,18:42:06.378,-0.047E+00,-0.047E+00,-0.047E+00,-0.188E+00,-1.59E+00,+7.37E+00,-5.31E+00,-0.832E+00
2,03/2/2026,18:42:06.378,+0.000E+00,-0.047E+00,-0.047E+00,-0.188E+00,-1.46E+00,+7.34E+00,-5.39E+00,-0.778E+00
2,03/2/2026,18:42:06.378,-0.047E+00,-0.047E+00,+0.000E+00,-0.188E+00,-1.36E+00,+7.29E+00,-5.46E+00,-0.725E+00
2,03/2/2026,18:42:06.378,-0.047E+00,-0.047E+00,+0.000E+00,-0.188E+00,-1.25E+00,+7.26E+00,-5.52E+00,-0.664E+00
2,03/2/2026,18:42:06.378,+0.000E+00,-0.047E+00,+0.000E+00,-0.188E+00,-1.13E+00,+7.20E+00,-5.60E+00,-0.618E+00
2,03/2/2026,18:42:06.378,-0.047E+00,+0.000E+00,-0.047E+00,-0.188E+00,-1.02E+00,+7.17E+00,-5.66E+00,-0.557E+00
2,03/2/2026,18:42:06.378,-0.047E+00,+0.000E+00,-0.047E+00,-0.188E+00,-0.90E+00,+7.13E+00,-5.72E+00,-0.496E+00
2,03/2/2026,18:42:06.378,-0.047E+00,-0.047E+00,-0.047E+00,-0.188E+00,-0.79E+00,+7.07E+00,-5.78E+00,-0.443E+00
2,03/2/2026,18:42:06.378,-0.047E+00,-0.047E+00,+0.000E+00,-0.188E+00,-0.67E+00,+7.02E+00,-5.84E+00,-0.389E+00
2,03/2/2026,18:42:06.378,-0.047E+00,-0.047E+00,+0.000E+00,-0.188E+00,-0.55E+00,+6.97E+00,-5.89E+00,-0.336E+00
2,03/2/2026,18:42:06.378,-0.047E+00,-0.047E+00,-0.047E+00,-0.188E+00,-0.44E+00,+6.91E+00,-5.95E+00,-0.275E+00
2,03/2/2026,18:42:06.378,-0.047E+00,-0.047E+00,+0.000E+00,-0.188E+00,-0.34E+00,+6.84E+00,-6.01E+00,-0.221E+00
2,03/2/2026,18:42:06.378,-0.047E+00,-0.047E+00,-0.047E+00,-0.188E+00,-0.21E+00,+6.78E+00,-6.06E+00,-0.160E+00
2,03/2/2026,18:42:06.378,+0.000E+00,-0.047E+00,-0.047E+00,-0.141E+00,-0.09E+00,+6.70E+00,-6.12E+00,-0.107E+00
2,03/2/2026,18:42:06.379,-0.047E+00,-0.047E+00,+0.000E+00,-0.188E+00,+0.02E+00,+6.62E+00,-6.17E+00,-0.046E+00
2,03/2/2026,18:42:06.379,-0.047E+00,-0.047E+00,-0.047E+00,-0.188E+00,+0.12E+00,+6.55E+00,-6.21E+00,+0.008E+00
2,03/2/2026,18:42:06.379,+0.000E+00,-0.047E+00,-0.047E+00,-0.188E+00,+0.24E+00,+6.47E+00,-6.26E+00,+0.069E+00
2,03/2/2026,18:42:06.379,-0.047E+00,-0.047E+00,+0.000E+00,-0.188E+00,+0.35E+00,+6.39E+00,-6.32E+00,+0.122E+00
2,03/2/2026,18:42:06.379,-0.047E+00,-0.047E+00,-0.047E+00,-0.188E+00,+0.47E+00,+6.32E+00,-6.36E+00,+0.175E+00
2,03/2/2026,18:42:06.379,-0.047E+00,-0.047E+00,+0.000E+00,-0.188E+00,+0.58E+00,+6.24E+00,-6.41E+00,+0.237E+00
2,03/2/2026,18:42:06.379,-0.047E+00,-0.047E+00,+0.000E+00,-0.188E+00,+0.70E+00,+6.15E+00,-6.47E+00,+0.298E+00
2,03/2/2026,18:42:06.379,-0.047E+00,-0.047E+00,-0.047E+00,-0.188E+00,+0.81E+00,+6.06E+00,-6.52E+00,+0.351E+00
2,03/2/2026,18:42:06.379,-0.047E+00,-0.047E+00,-0.047E+00,-0.188E+00,+0.93E+00,+5.98E+00,-6.55E+00,+0.412E+00
2,03/2/2026,18:42:06.379,-0.047E+00,-0.047E+00,+0.000E+00,-0.188E+00,+1.04E+00,+5.91E+00,-6.59E+00,+0.465E+00
2,03/2/2026,18:42:06.379,-0.047E+00,-0.047E+00,+0.000E+00,-0.188E+00,+1.16E+00,+5.81E+00,-6.64E+00,+0.526E+00
2,03/2/2026,18:42:06.379,+0.000E+00,-0.047E+00,-0.047E+00,-0.188E+00,+1.27E+00,+5.74E+00,-6.67E+00,+0.588E+00
2,03/2/2026,18:42:06.379,+0.000E+00,-0.047E+00,+0.000E+00,-0.188E+00,+1.37E+00,+5.65E+00,-6.71E+00,+0.641E+00
2,03/2/2026,18:42:06.379,-0.047E+00,-0.047E+00,+0.000E+00,-0.188E+00,+1.50E+00,+5.57E+00,-6.75E+00,+0.702E+00
2,03/2/2026,18:42:06.379,-0.047E+00,-0.047E+00,-0.047E+00,-0.188E+00,+1.60E+00,+5.49E+00,-6.78E+00,+0.755E+00
2,03/2/2026,18:42:06.379,-0.047E+00,-0.047E+00,+0.000E+00,-0.188E+00,+1.71E+00,+5.40E+00,-6.81E+00,+0.809E+00
2,03/2/2026,18:42:06.379,-0.047E+00,-0.047E+00,+0.000E+00,-0.188E+00,+1.83E+00,+5.33E+00,-6.84E+00,+0.870E+00
2,03/2/2026,18:42:06.379,-0.047E+00,-0.047E+00,-0.047E+00,-0.188E+00,+1.94E+00,+5.23E+00,-6.87E+00,+0.916E+00
2,03/2/2026,18:42:06.379,-0.047E+00,-0.047E+00,-0.047E+00,-0.141E+00,+2.04E+00,+5.14E+00,-6.90E+00,+0.977E+00
2,03/2/2026,18:42:06.379,-0.047E+00,-0.047E+00,+0.000E+00,-0.188E+00,+2.15E+00,+5.05E+00,-6.91E+00,+1.030E+00
2,03/2/2026,18:42:06.380,-0.047E+00,-0.047E+00,+0.000E+00,-0.188E+00,+2.26E+00,+4.96E+00,-6.94E+00,+1.083E+00
2,03/2/2026,18:42:06.380,+0.000E+00,-0.047E+00,-0.047E+00,-0.188E+00,+2.37E+00,+4.87E+00,-6.96E+00,+1.137E+00
2,03/2/2026,18:42:06.380,-0.047E+00,-0.047E+00,-0.047E+00,-0.188E+00,+2.47E+00,+4.79E+00,-6.97E+00,+1.190E+00
2,03/2/2026,18:42:06.380,-0.047E+00,-0.047E+00,+0.000E+00,-0.235E+00,+2.58E+00,+4.70E+00,-7.00E+00,+1.244E+00
2,03/2/2026,18:42:06.380,+0.000E+00,-0.047E+00,+0.000E+00,-0.188E+00,+2.69E+00,+4.61E+00,-7.02E+00,+1.297E+00
2,03/2/2026,18:42:06.380,-0.047E+00,-0.047E+00,-0.047E+00,-0.188E+00,+2.78E+00,+4.52E+00,-7.05E+00,+1.351E+00
2,03/2/2026,18:42:06.380,-0.047E+00,-0.047E+00,-0.047E+00,-0.188E+00,+2.88E+00,+4.43E+00,-7.05E+00,+1.396E+00
2,03/2/2026,18:42:06.380,+0.000E+00,-0.047E+00,-0.047E+00,-0.188E+00,+2.99E+00,+4.33E+00,-7.07E+00,+1.450E+00
2,03/2/2026,18:42:06.380,-0.047E+00,-0.047E+00,-0.047E+00,-0.188E+00,+3.10E+00,+4.24E+00,-7.10E+00,+1.503E+00
2,03/2/2026,18:42:06.380,-0.047E+00,-0.047E+00,-0.047E+00,-0.188E+00,+3.19E+00,+4.15E+00,-7.11E+00,+1.557E+00
2,03/2/2026,18:42:06.380,-0.047E+00,-0.047E+00,-0.047E+00,-0.188E+00,+3.30E+00,+4.06E+00,-7.13E+00,+1.610E+00
2,03/2/2026,18:42:06.380,+0.000E+00,-0.047E+00,+0.000E+00,-0.188E+00,+3.40E+00,+3.97E+00,-7.13E+00,+1.656E+00
2,03/2/2026,18:42:06.380,-0.047E+00,-0.047E+00,+0.000E+00,-0.188E+00,+3.49E+00,+3.88E+00,-7.14E+00,+1.709E+00
2,03/2/2026,18:42:06.380,-0.047E+00,-0.047E+00,+0.000E+00,-0.188E+00,+3.59E+00,+3.77E+00,-7.16E+00,+1.755E+00
2,03/2/2026,18:42:06.380,-0.047E+00,-0.047E+00,+0.000E+00,-0.188E+00,+3.69E+00,+3.66E+00,-7.17E+00,+1.808E+00
2,03/2/2026,18:42:06.380,-0.047E+00,-0.047E+00,+0.000E+00,-0.188E+00,+3.80E+00,+3.57E+00,-7.17E+00,+1.862E+00
2,03/2/2026,18:42:06.380,-0.047E+00,-0.047E+00,-0.047E+00,-0.188E+00,+3.89E+00,+3.46E+00,-7.19E+00,+1.908E+00
2,03/2/2026,18:42:06.380,-0.047E+00,-0.047E+00,+0.000E+00,-0.188E+00,+3.98E+00,+3.36E+00,-7.20E+00,+1.961E+00
2,03/2/2026,18:42:06.380,-0.047E+00,-0.047E+00,+0.000E+00,-0.188E+00,+4.09E+00,+3.25E+00,-7.20E+00,+2.007E+00
2,03/2/2026,18:42:06.380,-0.047E+00,-0.047E+00,-0.047E+00,-0.188E+00,+4.18E+00,+3.16E+00,-7.20E+00,+2.060E+00
2,03/2/2026,18:42:06.381,-0.047E+00,-0.047E+00,-0.047E+00,-0.188E+00,+4.29E+00,+3.05E+00,-7.22E+00,+2.106E+00
2,03/2/2026,18:42:06.381,-0.047E+00,-0.047E+00,+0.000E+00,-0.188E+00,+4.38E+00,+2.93E+00,-7.23E+00,+2.159E+00
2,03/2/2026,18:42:06.381,+0.000E+00,-0.047E+00,-0.047E+00,-0.188E+00,+4.49E+00,+2.84E+00,-7.23E+00,+2.213E+00
2,03/2/2026,18:42:06.381,-0.047E+00,-0.047E+00,-0.047E+00,-0.188E+00,+4.58E+00,+2.73E+00,-7.23E+00,+2.259E+00
2,03/2/2026,18:42:06.381,-0.047E+00,-0.047E+00,+0.000E+00,-0.188E+00,+4.68E+00,+2.61E+00,-7.25E+00,+2.304E+00
2,03/2/2026,18:42:06.381,-0.047E+00,-0.047E+00,+0.000E+00,-0.188E+00,+4.78E+00,+2.50E+00,-7.25E+00,+2.358E+00
2,03/2/2026,18:42:06.381,+0.000E+00,-0.047E+00,-0.047E+00,-0.188E+00,+4.87E+00,+2.40E+00,-7.25E+00,+2.403E+00
2,03/2/2026,18:42:06.381,-0.047E+00,+0.000E+00,+0.000E+00,-0.188E+00,+4.96E+00,+2.29E+00,-7.26E+00,+2.449E+00
2,03/2/2026,18:42:06.381,-0.047E+00,-0.047E+00,+0.000E+00,-0.188E+00,+5.05E+00,+2.17E+00,-7.26E+00,+2.495E+00
2,03/2/2026,18:42:06.381,-0.047E+00,-0.047E+00,-0.047E+00,-0.188E+00,+5.14E+00,+2.06E+00,-7.26E+00,+2.548E+00
2,03/2/2026,18:42:06.381,-0.047E+00,-0.047E+00,+0.000E+00,-0.188E+00,+5.23E+00,+1.95E+00,-7.26E+00,+2.594E+00
2,03/2/2026,18:42:06.381,-0.047E+00,-0.047E+00,+0.000E+00,-0.235E+00,+5.31E+00,+1.83E+00,-7.26E+00,+2.632E+00
2,03/2/2026,18:42:06.381,-0.047E+00,-0.047E+00,-0.047E+00,-0.188E+00,+5.39E+00,+1.72E+00,-7.26E+00,+2.678E+00
2,03/2/2026,18:42:06.381,-0.047E+00,-0.047E+00,+0.000E+00,-0.188E+00,+5.46E+00,+1.60E+00,-7.25E+00,+2.716E+00
2,03/2/2026,18:42:06.381,-0.047E+00,-0.047E+00,+0.000E+00,-0.188E+00,+5.54E+00,+1.48E+00,-7.23E+00,+2.754E+00
2,03/2/2026,18:42:06.381,-0.047E+00,-0.047E+00,+0.000E+00,-0.188E+00,+5.60E+00,+1.37E+00,-7.22E+00,+2.793E+00
2,03/2/2026,18:42:06.381,-0.047E+00,-0.047E+00,+0.000E+00,-0.188E+00,+5.68E+00,+1.25E+00,-7.19E+00,+2.831E+00
2,03/2/2026,18:42:06.381,-0.047E+00,-0.047E+00,+0.000E+00,-0.188E+00,+5.74E+00,+1.13E+00,-7.14E+00,+2.861E+00
2,03/2/2026,18:42:06.381,-0.047E+00,-0.047E+00,-0.047E+00,-0.188E+00,+5.80E+00,+1.01E+00,-7.10E+00,+2.899E+00
2,03/2/2026,18:42:06.381,-0.047E+00,-0.047E+00,-0.047E+00,-0.188E+00,+5.88E+00,+0.90E+00,-7.05E+00,+2.930E+00
2,03/2/2026,18:42:06.382,-0.047E+00,-0.047E+00,+0.000E+00,-0.188E+00,+5.92E+00,+0.79E+00,-6.97E+00,+2.968E+00
2,03/2/2026,18:42:06.382,-0.047E+00,-0.047E+00,+0.000E+00,-0.188E+00,+6.00E+00,+0.69E+00,-6.91E+00,+2.999E+00
2,03/2/2026,18:42:06.382,+0.000E+00,-0.047E+00,+0.000E+00,-0.188E+00,+6.06E+00,+0.58E+00,-6.85E+00,+3.022E+00
2,03/2/2026,18:42:06.382,-0.047E+00,-0.047E+00,+0.000E+00,-0.188E+00,+6.10E+00,+0.47E+00,-6.79E+00,+3.052E+00
2,03/2/2026,18:42:06.382,-0.047E+00,-0.047E+00,-0.047E+00,-0.188E+00,+6.17E+00,+0.35E+00,-6.73E+00,+3.083E+00
2,03/2/2026,18:42:06.382,+0.000E+00,-0.047E+00,-0.047E+00,-0.188E+00,+6.21E+00,+0.24E+00,-6.68E+00,+3.105E+00
2,03/2/2026,18:42:06.382,-0.047E+00,-0.047E+00,-0.047E+00,-0.188E+00,+6.26E+00,+0.12E+00,-6.62E+00,+3.136E+00
2,03/2/2026,18:42:06.382,-0.047E+00,-0.047E+00,-0.047E+00,-0.188E+00,+6.32E+00,+0.00E+00,-6.56E+00,+3.159E+00
2,03/2/2026,18:42:06.382,+0.000E+00,-0.047E+00,-0.047E+00,-0.188E+00,+6.36E+00,-0.11E+00,-6.50E+00,+3.182E+00
2,03/2/2026,18:42:06.382,-0.047E+00,-0.047E+00,+0.000E+00,-0.188E+00,+6.39E+00,-0.23E+00,-6.46E+00,+3.205E+00
2,03/2/2026,18:42:06.382,-0.047E+00,-0.047E+00,+0.000E+00,-0.188E+00,+6.42E+00,-0.34E+00,-6.39E+00,+3.220E+00
2,03/2/2026,18:42:06.382,-0.047E+00,-0.047E+00,-0.047E+00,-0.188E+00,+6.47E+00,-0.46E+00,-6.32E+00,+3.243E+00
2,03/2/2026,18:42:06.382,-0.047E+00,-0.047E+00,-0.047E+00,-0.188E+00,+6.50E+00,-0.58E+00,-6.26E+00,+3.258E+00
2,03/2/2026,18:42:06.382,-0.047E+00,-0.047E+00,-0.047E+00,-0.188E+00,+6.53E+00,-0.70E+00,-6.18E+00,+3.273E+00
2,03/2/2026,18:42:06.382,-0.047E+00,-0.047E+00,-0.047E+00,-0.188E+00,+6.56E+00,-0.81E+00,-6.09E+00,+3.289E+00
2,03/2/2026,18:42:06.382,-0.047E+00,-0.047E+00,+0.000E+00,-0.188E+00,+6.59E+00,-0.93E+00,-6.01E+00,+3.311E+00
2,03/2/2026,18:42:06.382,+0.000E+00,-0.047E+00,+0.000E+00,-0.188E+00,+6.62E+00,-1.05E+00,-5.92E+00,+3.327E+00
2,03/2/2026,18:42:06.382,-0.047E+00,-0.047E+00,-0.047E+00,-0.188E+00,+6.65E+00,-1.18E+00,-5.84E+00,+3.342E+00
2,03/2/2026,18:42:06.382,-0.047E+00,-0.047E+00,+0.000E+00,-0.188E+00,+6.70E+00,-1.30E+00,-5.77E+00,+3.357E+00
2,03/2/2026,18:42:06.382,-0.047E+00,-0.047E+00,-0.047E+00,-0.188E+00,+6.73E+00,-1.42E+00,-5.68E+00,+3.373E+00
2,03/2/2026,18:42:06.383,-0.047E+00,-0.047E+00,-0.047E+00,-0.188E+00,+6.76E+00,-1.54E+00,-5.60E+00,+3.395E+00
2,03/2/2026,18:42:06.383,-0.047E+00,-0.047E+00,-0.047E+00,-0.188E+00,+6.78E+00,-1.66E+00,-5.52E+00,+3.411E+00
2,03/2/2026,18:42:06.383,-0.047E+00,-0.047E+00,+0.000E+00,-0.188E+00,+6.82E+00,-1.77E+00,-5.45E+00,+3.426E+00
2,03/2/2026,18:42:06.383,-0.047E+00,-0.047E+00,+0.000E+00,-0.188E+00,+6.85E+00,-1.89E+00,-5.37E+00,+3.441E+00
2,03/2/2026,18:42:06.383,-0.047E+00,-0.047E+00,+0.000E+00,-0.188E+00,+6.87E+00,-2.00E+00,-5.30E+00,+3.456E+00
2,03/2/2026,18:42:06.383,-0.047E+00,-0.047E+00,+0.000E+00,-0.188E+00,+6.90E+00,-2.12E+00,-5.20E+00,+3.464E+00
2,03/2/2026,18:42:06.383,-0.047E+00,-0.047E+00,+0.000E+00,-0.188E+00,+6.91E+00,-2.24E+00,-5.11E+00,+3.479E+00
2,03/2/2026,18:42:06.383,-0.047E+00,-0.047E+00,+0.000E+00,-0.188E+00,+6.93E+00,-2.35E+00,-5.04E+00,+3.487E+00
2,03/2/2026,18:42:06.383,-0.047E+00,-0.047E+00,+0.000E+00,-0.188E+00,+6.96E+00,-2.47E+00,-4.94E+00,+3.502E+00
2,03/2/2026,18:42:06.383,-0.047E+00,-0.047E+00,-0.047E+00,-0.188E+00,+6.97E+00,-2.58E+00,-4.85E+00,+3.510E+00
2,03/2/2026,18:42:06.383,-0.047E+00,-0.047E+00,-0.047E+00,-0.188E+00,+7.00E+00,-2.70E+00,-4.76E+00,+3.525E+00
2,03/2/2026,18:42:06.383,-0.047E+00,-0.047E+00,-0.047E+00,-0.188E+00,+7.00E+00,-2.81E+00,-4.67E+00,+3.533E+00
2,03/2/2026,18:42:06.383,-0.047E+00,-0.047E+00,-0.047E+00,-0.188E+00,+7.02E+00,-2.93E+00,-4.58E+00,+3.533E+00
2,03/2/2026,18:42:06.383,-0.047E+00,-0.047E+00,-0.047E+00,-0.188E+00,+7.05E+00,-3.04E+00,-4.50E+00,+3.540E+00
2,03/2/2026,18:42:06.383,-0.047E+00,-0.047E+00,+0.000E+00,-0.188E+00,+7.05E+00,-3.14E+00,-4.41E+00,+3.548E+00
2,03/2/2026,18:42:06.383,-0.047E+00,-0.047E+00,-0.047E+00,-0.188E+00,+7.07E+00,-3.25E+00,-4.32E+00,+3.556E+00
2,03/2/2026,18:42:06.383,-0.047E+00,-0.047E+00,-0.047E+00,-0.188E+00,+7.08E+00,-3.36E+00,-4.23E+00,+3.563E+00
2,03/2/2026,18:42:06.383,-0.047E+00,-0.047E+00,+0.000E+00,-0.188E+00,+7.08E+00,-3.46E+00,-4.14E+00,+3.571E+00
2,03/2/2026,18:42:06.383,-0.047E+00,-0.047E+00,+0.000E+00,-0.188E+00,+7.08E+00,-3.59E+00,-4.03E+00,+3.571E+00
2,03/2/2026,18:42:06.383,-0.047E+00,-0.047E+00,-0.047E+00,-0.188E+00,+7.10E+00,-3.68E+00,-3.94E+00,+3.579E+00
2,03/2/2026,18:42:06.384,-0.047E+00,-0.047E+00,-0.047E+00,-0.188E+00,+7.11E+00,-3.78E+00,-3.85E+00,+3.586E+00
2,03/2/2026,18:42:06.384,-0.047E+00,-0.047E+00,-0.047E+00,-0.188E+00,+7.11E+00,-3.89E+00,-3.75E+00,+3.586E+00
2,03/2/2026,18:42:06.384,+0.000E+00,-0.047E+00,+0.000E+00,-0.188E+00,+7.13E+00,-4.00E+00,-3.66E+00,+3.586E+00
2,03/2/2026,18:42:06.384,-0.047E+00,-0.047E+00,+0.000E+00,-0.188E+00,+7.13E+00,-4.10E+00,-3.56E+00,+3.594E+00
2,03/2/2026,18:42:06.384,-0.047E+00,-0.047E+00,-0.047E+00,-0.188E+00,+7.11E+00,-4.21E+00,-3.45E+00,+3.594E+00
2,03/2/2026,18:42:06.384,+0.000E+00,-0.047E+00,-0.047E+00,-0.188E+00,+7.13E+00,-4.32E+00,-3.36E+00,+3.594E+00
2,03/2/2026,18:42:06.384,-0.047E+00,-0.047E+00,-0.047E+00,-0.188E+00,+7.13E+00,-4.43E+00,-3.27E+00,+3.594E+00
2,03/2/2026,18:42:06.384,-0.047E+00,-0.047E+00,-0.047E+00,-0.188E+00,+7.13E+00,-4.52E+00,-3.16E+00,+3.594E+00
2,03/2/2026,18:42:06.384,-0.047E+00,-0.047E+00,+0.000E+00,-0.188E+00,+7.13E+00,-4.62E+00,-3.05E+00,+3.594E+00
2,03/2/2026,18:42:06.384,-0.047E+00,-0.047E+00,+0.000E+00,-0.188E+00,+7.13E+00,-4.73E+00,-2.95E+00,+3.594E+00
2,03/2/2026,18:42:06.384,-0.047E+00,-0.047E+00,+0.000E+00,-0.188E+00,+7.13E+00,-4.82E+00,-2.84E+00,+3.594E+00
2,03/2/2026,18:42:06.384,-0.047E+00,-0.047E+00,+0.000E+00,-0.188E+00,+7.13E+00,-4.93E+00,-2.73E+00,+3.594E+00
2,03/2/2026,18:42:06.384,-0.047E+00,-0.047E+00,+0.000E+00,-0.188E+00,+7.11E+00,-5.04E+00,-2.64E+00,+3.594E+00
2,03/2/2026,18:42:06.384,-0.047E+00,-0.047E+00,+0.000E+00,-0.188E+00,+7.11E+00,-5.13E+00,-2.53E+00,+3.594E+00
2,03/2/2026,18:42:06.384,-0.047E+00,-0.047E+00,-0.047E+00,-0.188E+00,+7.11E+00,-5.22E+00,-2.43E+00,+3.586E+00
2,03/2/2026,18:42:06.384,-0.047E+00,-0.047E+00,-0.047E+00,-0.188E+00,+7.10E+00,-5.33E+00,-2.32E+00,+3.579E+00
2,03/2/2026,18:42:06.384,-0.047E+00,-0.047E+00,+0.000E+00,-0.188E+00,+7.10E+00,-5.42E+00,-2.21E+00,+3.579E+00
2,03/2/2026,18:42:06.384,+0.000E+00,-0.047E+00,-0.047E+00,-0.188E+00,+7.08E+00,-5.49E+00,-2.11E+00,+3.571E+00
2,03/2/2026,18:42:06.384,-0.047E+00,-0.047E+00,-0.047E+00,-0.188E+00,+7.05E+00,-5.59E+00,-2.01E+00,+3.556E+00
2,03/2/2026,18:42:06.384,-0.047E+00,-0.047E+00,-0.047E+00,-0.188E+00,+7.03E+00,-5.68E+00,-1.91E+00,+3.548E+00
2,03/2/2026,18:42:06.385,+0.000E+00,-0.047E+00,-0.047E+00,-0.188E+00,+7.02E+00,-5.75E+00,-1.80E+00,+3.533E+00
2,03/2/2026,18:42:06.385,-0.047E+00,-0.047E+00,+0.000E+00,-0.188E+00,+6.97E+00,-5.83E+00,-1.68E+00,+3.517E+00
2,03/2/2026,18:42:06.385,-0.047E+00,-0.047E+00,+0.000E+00,-0.188E+00,+6.94E+00,-5.91E+00,-1.57E+00,+3.502E+00
2,03/2/2026,18:42:06.385,-0.047E+00,-0.047E+00,-0.047E+00,-0.188E+00,+6.91E+00,-5.98E+00,-1.46E+00,+3.487E+00
2,03/2/2026,18:42:06.385,-0.047E+00,-0.047E+00,+0.000E+00,-0.188E+00,+6.87E+00,-6.04E+00,-1.34E+00,+3.464E+00
2,03/2/2026,18:42:06.385,-0.047E+00,-0.047E+00,+0.000E+00,-0.188E+00,+6.84E+00,-6.10E+00,-1.24E+00,+3.449E+00
2,03/2/2026,18:42:06.385,-0.047E+00,-0.047E+00,-0.047E+00,-0.188E+00,+6.79E+00,-6.18E+00,-1.13E+00,+3.418E+00
2,03/2/2026,18:42:06.385,-0.047E+00,-0.047E+00,+0.000E+00,-0.188E+00,+6.73E+00,-6.24E+00,-1.01E+00,+3.395E+00
2,03/2/2026,18:42:06.385,-0.047E+00,-0.047E+00,+0.000E+00,-0.188E+00,+6.68E+00,-6.30E+00,-0.90E+00,+3.373E+00
2,03/2/2026,18:42:06.385,-0.047E+00,-0.047E+00,+0.000E+00,-0.188E+00,+6.64E+00,-6.35E+00,-0.79E+00,+3.342E+00
2,03/2/2026,18:42:06.385,-0.047E+00,-0.047E+00,+0.000E+00,-0.188E+00,+6.58E+00,-6.41E+00,-0.69E+00,+3.311E+00
2,03/2/2026,18:42:06.385,-0.047E+00,-0.047E+00,-0.047E+00,-0.188E+00,+6.52E+00,-6.47E+00,-0.56E+00,+3.281E+00
2,03/2/2026,18:42:06.385,-0.047E+00,-0.047E+00,-0.047E+00,-0.188E+00,+6.46E+00,-6.53E+00,-0.46E+00,+3.250E+00
2,03/2/2026,18:42:06.385,-0.047E+00,-0.047E+00,+0.000E+00,-0.188E+00,+6.38E+00,-6.59E+00,-0.35E+00,+3.220E+00
2,03/2/2026,18:42:06.385,-0.047E+00,-0.047E+00,-0.047E+00,-0.188E+00,+6.32E+00,-6.65E+00,-0.23E+00,+3.189E+00
2,03/2/2026,18:42:06.385,+0.000E+00,-0.047E+00,-0.047E+00,-0.188E+00,+6.24E+00,-6.70E+00,-0.12E+00,+3.151E+00
2,03/2/2026,18:42:06.385,-0.047E+00,-0.047E+00,+0.000E+00,-0.188E+00,+6.17E+00,-6.76E+00,-0.02E+00,+3.113E+00
2,03/2/2026,18:42:06.385,-0.047E+00,-0.047E+00,-0.047E+00,-0.188E+00,+6.09E+00,-6.82E+00,+0.09E+00,+3.083E+00
2,03/2/2026,18:42:06.385,-0.047E+00,-0.047E+00,-0.047E+00,-0.188E+00,+6.03E+00,-6.87E+00,+0.20E+00,+3.044E+00
2,03/2/2026,18:42:06.385,-0.047E+00,-0.047E+00,-0.047E+00,-0.188E+00,+5.94E+00,-6.90E+00,+0.32E+00,+2.999E+00
2,03/2/2026,18:42:06.386,-0.047E+00,-0.047E+00,+0.000E+00,-0.188E+00,+5.86E+00,-6.94E+00,+0.44E+00,+2.960E+00
2,03/2/2026,18:42:06.386,-0.047E+00,-0.047E+00,+0.000E+00,-0.188E+00,+5.78E+00,-6.99E+00,+0.55E+00,+2.922E+00
2,03/2/2026,18:42:06.386,-0.047E+00,-0.047E+00,+0.000E+00,-0.188E+00,+5.69E+00,-7.03E+00,+0.67E+00,+2.884E+00
2,03/2/2026,18:42:06.386,-0.047E+00,-0.047E+00,+0.000E+00,-0.188E+00,+5.62E+00,-7.07E+00,+0.79E+00,+2.846E+00
2,03/2/2026,18:42:06.386,-0.047E+00,+0.000E+00,+0.000E+00,-0.188E+00,+5.54E+00,-7.11E+00,+0.92E+00,+2.800E+00
2,03/2/2026,18:42:06.386,-0.047E+00,-0.047E+00,+0.000E+00,-0.188E+00,+5.45E+00,-7.14E+00,+1.04E+00,+2.762E+00
2,03/2/2026,18:42:06.386,-0.047E+00,-0.047E+00,-0.047E+00,-0.188E+00,+5.37E+00,-7.17E+00,+1.14E+00,+2.716E+00
2,03/2/2026,18:42:06.386,-0.047E+00,-0.047E+00,-0.047E+00,-0.188E+00,+5.28E+00,-7.20E+00,+1.27E+00,+2.678E+00
2,03/2/2026,18:42:06.386,+0.000E+00,-0.047E+00,+0.000E+00,-0.188E+00,+5.20E+00,-7.23E+00,+1.39E+00,+2.640E+00
2,03/2/2026,18:42:06.386,-0.047E+00,-0.047E+00,-0.047E+00,-0.188E+00,+5.11E+00,-7.26E+00,+1.50E+00,+2.602E+00
2,03/2/2026,18:42:06.386,-0.047E+00,-0.047E+00,-0.047E+00,-0.188E+00,+5.04E+00,-7.29E+00,+1.60E+00,+2.556E+00
2,03/2/2026,18:42:06.386,+0.000E+00,-0.047E+00,-0.047E+00,-0.188E+00,+4.94E+00,-7.32E+00,+1.72E+00,+2.510E+00
2,03/2/2026,18:42:06.386,-0.047E+00,-0.047E+00,+0.000E+00,-0.188E+00,+4.87E+00,-7.34E+00,+1.83E+00,+2.472E+00
2,03/2/2026,18:42:06.386,-0.047E+00,-0.047E+00,+0.000E+00,-0.188E+00,+4.78E+00,-7.37E+00,+1.95E+00,+2.434E+00
2,03/2/2026,18:42:06.386,-0.047E+00,-0.047E+00,+0.000E+00,-0.188E+00,+4.70E+00,-7.40E+00,+2.06E+00,+2.388E+00
2,03/2/2026,18:42:06.386,+0.000E+00,-0.047E+00,+0.000E+00,-0.188E+00,+4.61E+00,-7.42E+00,+2.17E+00,+2.342E+00
2,03/2/2026,18:42:06.386,-0.047E+00,-0.047E+00,+0.000E+00,-0.188E+00,+4.52E+00,-7.43E+00,+2.27E+00,+2.297E+00
2,03/2/2026,18:42:06.386,-0.047E+00,-0.047E+00,+0.000E+00,-0.188E+00,+4.43E+00,-7.46E+00,+2.38E+00,+2.251E+00
2,03/2/2026,18:42:06.386,-0.047E+00,-0.047E+00,+0.000E+00,-0.188E+00,+4.33E+00,-7.48E+00,+2.49E+00,+2.205E+00
2,03/2/2026,18:42:06.386,-0.047E+00,-0.047E+00,-0.047E+00,-0.188E+00,+4.24E+00,-7.49E+00,+2.59E+00,+2.167E+00
2,03/2/2026,18:42:06.387,-0.047E+00,-0.047E+00,-0.047E+00,-0.188E+00,+4.15E+00,-7.51E+00,+2.70E+00,+2.114E+00
2,03/2/2026,18:42:06.387,-0.047E+00,-0.047E+00,-0.047E+00,-0.188E+00,+4.06E+00,-7.52E+00,+2.81E+00,+2.068E+00
2,03/2/2026,18:42:06.387,-0.047E+00,-0.047E+00,-0.047E+00,-0.188E+00,+3.98E+00,-7.54E+00,+2.90E+00,+2.030E+00
2,03/2/2026,18:42:06.387,-0.047E+00,-0.047E+00,+0.000E+00,-0.188E+00,+3.88E+00,-7.55E+00,+3.01E+00,+1.984E+00
2,03/2/2026,18:42:06.387,-0.047E+00,-0.047E+00,+0.000E+00,-0.188E+00,+3.78E+00,-7.57E+00,+3.11E+00,+1.938E+00
2,03/2/2026,18:42:06.387,-0.047E+00,-0.047E+00,+0.000E+00,-0.188E+00,+3.69E+00,-7.57E+00,+3.22E+00,+1.892E+00
2,03/2/2026,18:42:06.387,+0.000E+00,-0.047E+00,-0.047E+00,-0.188E+00,+3.60E+00,-7.58E+00,+3.31E+00,+1.846E+00
2,03/2/2026,18:42:06.387,-0.047E+00,-0.047E+00,-0.047E+00,-0.188E+00,+3.51E+00,-7.60E+00,+3.42E+00,+1.793E+00
2,03/2/2026,18:42:06.387,-0.047E+00,-0.047E+00,+0.000E+00,-0.188E+00,+3.42E+00,-7.60E+00,+3.53E+00,+1.747E+00
2,03/2/2026,18:42:06.387,-0.047E+00,-0.047E+00,-0.047E+00,-0.188E+00,+3.31E+00,-7.60E+00,+3.63E+00,+1.702E+00
2,03/2/2026,18:42:06.387,-0.047E+00,-0.047E+00,-0.047E+00,-0.188E+00,+3.20E+00,-7.61E+00,+3.72E+00,+1.648E+00
2,03/2/2026,18:42:06.387,-0.047E+00,-0.047E+00,+0.000E+00,-0.188E+00,+3.11E+00,-7.61E+00,+3.82E+00,+1.602E+00
2,03/2/2026,18:42:06.387,-0.047E+00,-0.047E+00,+0.000E+00,-0.188E+00,+3.01E+00,-7.61E+00,+3.92E+00,+1.557E+00
2,03/2/2026,18:42:06.387,-0.047E+00,-0.047E+00,-0.047E+00,-0.188E+00,+2.91E+00,-7.63E+00,+4.03E+00,+1.503E+00
2,03/2/2026,18:42:06.387,-0.047E+00,-0.047E+00,-0.047E+00,-0.188E+00,+2.81E+00,-7.63E+00,+4.12E+00,+1.450E+00
2,03/2/2026,18:42:06.387,-0.047E+00,-0.047E+00,+0.000E+00,-0.188E+00,+2.70E+00,-7.63E+00,+4.23E+00,+1.396E+00
2,03/2/2026,18:42:06.387,-0.047E+00,-0.047E+00,-0.047E+00,-0.188E+00,+2.59E+00,-7.65E+00,+4.32E+00,+1.343E+00
2,03/2/2026,18:42:06.387,-0.047E+00,-0.047E+00,+0.000E+00,-0.188E+00,+2.49E+00,-7.65E+00,+4.43E+00,+1.289E+00
2,03/2/2026,18:42:06.387,-0.047E+00,-0.047E+00,-0.047E+00,-0.188E+00,+2.38E+00,-7.63E+00,+4.53E+00,+1.244E+00
2,03/2/2026,18:42:06.387,-0.047E+00,-0.047E+00,-0.047E+00,-0.188E+00,+2.27E+00,-7.65E+00,+4.62E+00,+1.183E+00
2,03/2/2026,18:42:06.388,-0.047E+00,-0.047E+00,+0.000E+00,-0.188E+00,+2.17E+00,-7.65E+00,+4.72E+00,+1.137E+00
2,03/2/2026,18:42:06.388,-0.047E+00,-0.047E+00,+0.000E+00,-0.188E+00,+2.06E+00,-7.63E+00,+4.81E+00,+1.083E+00
2,03/2/2026,18:42:06.388,-0.047E+00,-0.047E+00,-0.047E+00,-0.188E+00,+1.97E+00,-7.63E+00,+4.91E+00,+1.038E+00
2,03/2/2026,18:42:06.388,-0.047E+00,-0.047E+00,+0.000E+00,-0.188E+00,+1.86E+00,-7.63E+00,+4.99E+00,+0.984E+00
2,03/2/2026,18:42:06.388,+0.000E+00,-0.047E+00,-0.047E+00,-0.188E+00,+1.75E+00,-7.60E+00,+5.08E+00,+0.931E+00
2,03/2/2026,18:42:06.388,-0.047E+00,-0.047E+00,-0.047E+00,-0.188E+00,+1.65E+00,-7.58E+00,+5.16E+00,+0.885E+00
2,03/2/2026,18:42:06.388,-0.047E+00,-0.047E+00,+0.000E+00,-0.188E+00,+1.54E+00,-7.55E+00,+5.22E+00,+0.832E+00
2,03/2/2026,18:42:06.388,-0.047E+00,-0.047E+00,+0.000E+00,-0.188E+00,+1.43E+00,-7.54E+00,+5.30E+00,+0.771E+00
2,03/2/2026,18:42:06.388,-0.047E+00,-0.047E+00,-0.047E+00,-0.188E+00,+1.31E+00,-7.51E+00,+5.37E+00,+0.725E+00
2,03/2/2026,18:42:06.388,-0.047E+00,-0.047E+00,-0.047E+00,-0.188E+00,+1.21E+00,-7.46E+00,+5.43E+00,+0.664E+00
2,03/2/2026,18:42:06.388,-0.047E+00,-0.047E+00,+0.000E+00,-0.188E+00,+1.08E+00,-7.42E+00,+5.51E+00,+0.610E+00
2,03/2/2026,18:42:06.388,+0.000E+00,-0.047E+00,+0.000E+00,-0.188E+00,+0.98E+00,-7.37E+00,+5.57E+00,+0.557E+00
2,03/2/2026,18:42:06.388,-0.047E+00,-0.047E+00,-0.047E+00,-0.188E+00,+0.85E+00,-7.31E+00,+5.63E+00,+0.496E+00
2,03/2/2026,18:42:06.388,-0.047E+00,-0.047E+00,+0.000E+00,-0.188E+00,+0.75E+00,-7.26E+00,+5.69E+00,+0.443E+00
2,03/2/2026,18:42:06.388,-0.047E+00,-0.047E+00,+0.000E+00,-0.188E+00,+0.64E+00,-7.22E+00,+5.75E+00,+0.389E+00
2,03/2/2026,18:42:06.388,-0.047E+00,-0.047E+00,-0.047E+00,-0.188E+00,+0.52E+00,-7.16E+00,+5.81E+00,+0.328E+00
2,03/2/2026,18:42:06.388,-0.047E+00,-0.047E+00,-0.047E+00,-0.188E+00,+0.40E+00,-7.11E+00,+5.86E+00,+0.275E+00
2,03/2/2026,18:42:06.388,-0.047E+00,-0.047E+00,+0.000E+00,-0.188E+00,+0.29E+00,-7.03E+00,+5.92E+00,+0.214E+00
2,03/2/2026,18:42:06.388,-0.047E+00,-0.047E+00,-0.047E+00,-0.188E+00,+0.17E+00,-6.97E+00,+5.97E+00,+0.160E+00
2,03/2/2026,18:42:06.388,-0.047E+00,-0.047E+00,-0.047E+00,-0.188E+00,+0.06E+00,-6.90E+00,+6.01E+00,+0.099E+00
2,03/2/2026,18:42:06.389,-0.047E+00,-0.047E+00,+0.000E+00,-0.188E+00,-0.06E+00,-6.82E+00,+6.07E+00,+0.046E+00
2,03/2/2026,18:42:06.389,-0.047E+00,-0.047E+00,+0.000E+00,-0.188E+00,-0.17E+00,-6.75E+00,+6.13E+00,-0.008E+00
2,03/2/2026,18:42:06.389,-0.047E+00,-0.047E+00,-0.047E+00,-0.188E+00,-0.27E+00,-6.68E+00,+6.18E+00,-0.069E+00
2,03/2/2026,18:42:06.389,+0.000E+00,-0.047E+00,+0.000E+00,-0.188E+00,-0.38E+00,-6.59E+00,+6.23E+00,-0.122E+00
2,03/2/2026,18:42:06.389,+0.000E+00,-0.047E+00,+0.000E+00,-0.188E+00,-0.50E+00,-6.52E+00,+6.27E+00,-0.183E+00
2,03/2/2026,18:42:06.389,-0.047E+00,-0.047E+00,-0.047E+00,-0.188E+00,-0.61E+00,-6.44E+00,+6.32E+00,-0.237E+00
2,03/2/2026,18:42:06.389,-0.047E+00,-0.047E+00,-0.047E+00,-0.188E+00,-0.73E+00,-6.35E+00,+6.36E+00,-0.290E+00
2,03/2/2026,18:42:06.389,+0.000E+00,-0.047E+00,+0.000E+00,-0.188E+00,-0.84E+00,-6.27E+00,+6.41E+00,-0.351E+00
2,03/2/2026,18:42:06.389,-0.047E+00,-0.047E+00,+0.000E+00,-0.188E+00,-0.96E+00,-6.20E+00,+6.46E+00,-0.412E+00
2,03/2/2026,18:42:06.389,-0.047E+00,-0.047E+00,-0.047E+00,-0.188E+00,-1.08E+00,-6.10E+00,+6.50E+00,-0.465E+00
2,03/2/2026,18:42:06.389,-0.047E+00,-0.047E+00,+0.000E+00,-0.141E+00,-1.19E+00,-6.01E+00,+6.55E+00,-0.526E+00
2,03/2/2026,18:42:06.389,-0.047E+00,-0.047E+00,+0.000E+00,-0.188E+00,-1.30E+00,-5.94E+00,+6.58E+00,-0.580E+00
2,03/2/2026,18:42:06.389,-0.047E+00,-0.047E+00,-0.047E+00,-0.188E+00,-1.42E+00,-5.86E+00,+6.61E+00,-0.641E+00
2,03/2/2026,18:42:06.389,-0.047E+00,-0.047E+00,-0.047E+00,-0.188E+00,-1.54E+00,-5.77E+00,+6.65E+00,-0.702E+00
2,03/2/2026,18:42:06.389,-0.047E+00,-0.047E+00,-0.047E+00,-0.188E+00,-1.65E+00,-5.69E+00,+6.68E+00,-0.755E+00
2,03/2/2026,18:42:06.389,-0.047E+00,-0.047E+00,-0.047E+00,-0.188E+00,-1.75E+00,-5.60E+00,+6.71E+00,-0.809E+00
2,03/2/2026,18:42:06.389,-0.047E+00,-0.047E+00,-0.047E+00,-0.188E+00,-1.86E+00,-5.52E+00,+6.75E+00,-0.862E+00
2,03/2/2026,18:42:06.389,-0.047E+00,-0.047E+00,+0.000E+00,-0.188E+00,-1.97E+00,-5.43E+00,+6.78E+00,-0.923E+00
2,03/2/2026,18:42:06.389,-0.047E+00,-0.047E+00,+0.000E+00,-0.188E+00,-2.08E+00,-5.34E+00,+6.81E+00,-0.977E+00
2,03/2/2026,18:42:06.389,-0.047E+00,-0.047E+00,+0.000E+00,-0.188E+00,-2.18E+00,-5.26E+00,+6.82E+00,-1.030E+00
2,03/2/2026,18:42:06.390,-0.047E+00,-0.047E+00,+0.000E+00,-0.188E+00,-2.30E+00,-5.17E+00,+6.84E+00,-1.083E+00
2,03/2/2026,18:42:06.390,-0.047E+00,-0.047E+00,+0.000E+00,-0.188E+00,-2.41E+00,-5.08E+00,+6.87E+00,-1.137E+00
2,03/2/2026,18:42:06.390,-0.047E+00,-0.047E+00,+0.000E+00,-0.188E+00,-2.50E+00,-4.99E+00,+6.90E+00,-1.190E+00
2,03/2/2026,18:42:06.390,-0.047E+00,-0.047E+00,+0.000E+00,-0.188E+00,-2.62E+00,-4.91E+00,+6.91E+00,-1.244E+00
2,03/2/2026,18:42:06.390,-0.047E+00,-0.047E+00,+0.000E+00,-0.188E+00,-2.73E+00,-4.82E+00,+6.93E+00,-1.297E+00
2,03/2/2026,18:42:06.390,-0.047E+00,-0.047E+00,+0.000E+00,-0.141E+00,-2.82E+00,-4.73E+00,+6.94E+00,-1.351E+00
2,03/2/2026,18:42:06.390,-0.047E+00,-0.047E+00,+0.000E+00,-0.188E+00,-2.93E+00,-4.62E+00,+6.97E+00,-1.404E+00
2,03/2/2026,18:42:06.390,-0.047E+00,-0.047E+00,+0.000E+00,-0.188E+00,-3.04E+00,-4.53E+00,+6.99E+00,-1.457E+00
2,03/2/2026,18:42:06.390,-0.047E+00,-0.047E+00,+0.000E+00,-0.188E+00,-3.13E+00,-4.46E+00,+7.00E+00,-1.503E+00
2,03/2/2026,18:42:06.390,+0.000E+00,-0.047E+00,+0.000E+00,-0.188E+00,-3.24E+00,-4.36E+00,+7.02E+00,-1.557E+00
2,03/2/2026,18:42:06.390,-0.047E+00,-0.047E+00,-0.047E+00,-0.188E+00,-3.33E+00,-4.26E+00,+7.03E+00,-1.610E+00
2,03/2/2026,18:42:06.390,-0.047E+00,-0.047E+00,+0.000E+00,-0.188E+00,-3.43E+00,-4.17E+00,+7.05E+00,-1.656E+00
2,03/2/2026,18:42:06.390,-0.047E+00,-0.047E+00,+0.000E+00,-0.188E+00,-3.54E+00,-4.07E+00,+7.05E+00,-1.709E+00
2,03/2/2026,18:42:06.390,-0.047E+00,-0.047E+00,+0.000E+00,-0.188E+00,-3.65E+00,-3.97E+00,+7.07E+00,-1.755E+00
2,03/2/2026,18:42:06.390,-0.047E+00,-0.047E+00,-0.047E+00,-0.188E+00,-3.74E+00,-3.86E+00,+7.08E+00,-1.808E+00
2,03/2/2026,18:42:06.390,-0.047E+00,-0.047E+00,-0.047E+00,-0.188E+00,-3.83E+00,-3.77E+00,+7.08E+00,-1.862E+00
2,03/2/2026,18:42:06.390,-0.047E+00,-0.047E+00,-0.047E+00,-0.188E+00,-3.94E+00,-3.66E+00,+7.10E+00,-1.908E+00
2,03/2/2026,18:42:06.390,+0.000E+00,-0.047E+00,+0.000E+00,-0.188E+00,-4.03E+00,-3.56E+00,+7.11E+00,-1.961E+00
2,03/2/2026,18:42:06.390,-0.047E+00,-0.047E+00,+0.000E+00,-0.188E+00,-4.12E+00,-3.45E+00,+7.11E+00,-2.007E+00
2,03/2/2026,18:42:06.390,-0.047E+00,-0.047E+00,-0.047E+00,-0.188E+00,-4.23E+00,-3.36E+00,+7.13E+00,-2.060E+00
2,03/2/2026,18:42:06.391,-0.047E+00,-0.047E+00,-0.047E+00,-0.188E+00,-4.32E+00,-3.25E+00,+7.13E+00,-2.106E+00
2,03/2/2026,18:42:06.391,+0.000E+00,-0.047E+00,-0.047E+00,-0.188E+00,-4.41E+00,-3.14E+00,+7.13E+00,-2.159E+00
2,03/2/2026,18:42:06.391,-0.047E+00,-0.047E+00,-0.047E+00,-0.188E+00,-4.52E+00,-3.02E+00,+7.14E+00,-2.213E+00
2,03/2/2026,18:42:06.391,+0.000E+00,-0.047E+00,-0.047E+00,-0.188E+00,-4.62E+00,-2.93E+00,+7.16E+00,-2.259E+00
2,03/2/2026,18:42:06.391,+0.000E+00,-0.047E+00,-0.047E+00,-0.188E+00,-4.72E+00,-2.82E+00,+7.16E+00,-2.312E+00
2,03/2/2026,18:42:06.391,-0.047E+00,-0.047E+00,+0.000E+00,-0.188E+00,-4.81E+00,-2.70E+00,+7.16E+00,-2.358E+00
2,03/2/2026,18:42:06.391,-0.047E+00,-0.047E+00,+0.000E+00,-0.188E+00,-4.91E+00,-2.59E+00,+7.17E+00,-2.411E+00
2,03/2/2026,18:42:06.391,-0.047E+00,-0.047E+00,-0.047E+00,-0.188E+00,-5.01E+00,-2.49E+00,+7.17E+00,-2.457E+00
2,03/2/2026,18:42:06.391,-0.047E+00,-0.047E+00,-0.047E+00,-0.188E+00,-5.08E+00,-2.38E+00,+7.17E+00,-2.503E+00
2,03/2/2026,18:42:06.391,-0.047E+00,-0.047E+00,-0.047E+00,-0.188E+00,-5.17E+00,-2.27E+00,+7.17E+00,-2.548E+00
2,03/2/2026,18:42:06.391,-0.047E+00,-0.047E+00,+0.000E+00,-0.188E+00,-5.26E+00,-2.15E+00,+7.17E+00,-2.594E+00
2,03/2/2026,18:42:06.391,-0.047E+00,-0.047E+00,+0.000E+00,-0.188E+00,-5.34E+00,-2.04E+00,+7.17E+00,-2.632E+00
2,03/2/2026,18:42:06.391,-0.047E+00,-0.047E+00,+0.000E+00,-0.188E+00,-5.42E+00,-1.92E+00,+7.17E+00,-2.678E+00
2,03/2/2026,18:42:06.391,-0.047E+00,-0.047E+00,+0.000E+00,-0.188E+00,-5.49E+00,-1.82E+00,+7.16E+00,-2.716E+00
2,03/2/2026,18:42:06.391,-0.047E+00,-0.047E+00,-0.047E+00,-0.188E+00,-5.59E+00,-1.69E+00,+7.14E+00,-2.762E+00
2,03/2/2026,18:42:06.391,-0.047E+00,-0.047E+00,-0.047E+00,-0.188E+00,-5.65E+00,-1.57E+00,+7.13E+00,-2.800E+00
2,03/2/2026,18:42:06.391,-0.047E+00,-0.047E+00,+0.000E+00,-0.188E+00,-5.71E+00,-1.45E+00,+7.10E+00,-2.831E+00
2,03/2/2026,18:42:06.391,-0.047E+00,+0.000E+00,-0.047E+00,-0.188E+00,-5.78E+00,-1.34E+00,+7.07E+00,-2.869E+00
2,03/2/2026,18:42:06.391,-0.047E+00,-0.047E+00,-0.047E+00,-0.188E+00,-5.84E+00,-1.22E+00,+7.02E+00,-2.899E+00
2,03/2/2026,18:42:06.391,-0.047E+00,-0.047E+00,-0.047E+00,-0.188E+00,-5.91E+00,-1.11E+00,+6.96E+00,-2.938E+00
2,03/2/2026,18:42:06.392,-0.047E+00,-0.047E+00,-0.047E+00,-0.188E+00,-5.97E+00,-0.99E+00,+6.90E+00,-2.968E+00
2,03/2/2026,18:42:06.392,-0.047E+00,-0.047E+00,-0.047E+00,-0.188E+00,-6.03E+00,-0.90E+00,+6.84E+00,-2.999E+00
2,03/2/2026,18:42:06.392,-0.047E+00,-0.047E+00,+0.000E+00,-0.188E+00,-6.09E+00,-0.78E+00,+6.78E+00,-3.029E+00
2,03/2/2026,18:42:06.392,-0.047E+00,-0.047E+00,+0.000E+00,-0.188E+00,-6.15E+00,-0.67E+00,+6.71E+00,-3.060E+00
2,03/2/2026,18:42:06.392,-0.047E+00,-0.047E+00,+0.000E+00,-0.188E+00,-6.20E+00,-0.56E+00,+6.65E+00,-3.090E+00
2,03/2/2026,18:42:06.392,-0.047E+00,-0.047E+00,+0.000E+00,-0.188E+00,-6.26E+00,-0.44E+00,+6.61E+00,-3.113E+00
2,03/2/2026,18:42:06.392,-0.047E+00,-0.047E+00,-0.047E+00,-0.188E+00,-6.30E+00,-0.34E+00,+6.55E+00,-3.144E+00
2,03/2/2026,18:42:06.392,-0.047E+00,-0.047E+00,-0.047E+00,-0.188E+00,-6.35E+00,-0.23E+00,+6.49E+00,-3.166E+00
2,03/2/2026,18:42:06.392,-0.047E+00,-0.047E+00,+0.000E+00,-0.188E+00,-6.39E+00,-0.11E+00,+6.42E+00,-3.189E+00
2,03/2/2026,18:42:06.392,-0.047E+00,-0.047E+00,+0.000E+00,-0.188E+00,-6.44E+00,+0.02E+00,+6.36E+00,-3.205E+00
2,03/2/2026,18:42:06.392,-0.047E+00,-0.047E+00,+0.000E+00,-0.188E+00,-6.47E+00,+0.14E+00,+6.30E+00,-3.228E+00
2,03/2/2026,18:42:06.392,-0.047E+00,-0.047E+00,-0.047E+00,-0.188E+00,-6.50E+00,+0.24E+00,+6.24E+00,-3.243E+00
2,03/2/2026,18:42:06.392,-0.047E+00,-0.047E+00,-0.047E+00,-0.188E+00,-6.53E+00,+0.37E+00,+6.17E+00,-3.258E+00
2,03/2/2026,18:42:06.392,-0.047E+00,-0.047E+00,+0.000E+00,-0.188E+00,-6.56E+00,+0.49E+00,+6.09E+00,-3.281E+00
2,03/2/2026,18:42:06.392,-0.047E+00,-0.047E+00,-0.047E+00,-0.188E+00,-6.59E+00,+0.60E+00,+6.01E+00,-3.296E+00
2,03/2/2026,18:42:06.392,-0.047E+00,-0.047E+00,+0.000E+00,-0.188E+00,-6.62E+00,+0.72E+00,+5.92E+00,-3.311E+00
2,03/2/2026,18:42:06.392,-0.047E+00,-0.047E+00,+0.000E+00,-0.188E+00,-6.65E+00,+0.84E+00,+5.83E+00,-3.327E+00
2,03/2/2026,18:42:06.392,-0.047E+00,-0.047E+00,-0.047E+00,-0.188E+00,-6.70E+00,+0.96E+00,+5.75E+00,-3.350E+00
2,03/2/2026,18:42:06.392,+0.000E+00,-0.047E+00,-0.047E+00,-0.188E+00,-6.73E+00,+1.08E+00,+5.68E+00,-3.365E+00
2,03/2/2026,18:42:06.392,-0.047E+00,-0.047E+00,-0.047E+00,-0.188E+00,-6.76E+00,+1.21E+00,+5.60E+00,-3.380E+00
2,03/2/2026,18:42:06.393,-0.047E+00,-0.047E+00,-0.047E+00,-0.188E+00,-6.79E+00,+1.33E+00,+5.51E+00,-3.395E+00
2,03/2/2026,18:42:06.393,+0.000E+00,-0.047E+00,+0.000E+00,-0.188E+00,-6.82E+00,+1.43E+00,+5.43E+00,-3.418E+00
2,03/2/2026,18:42:06.393,-0.047E+00,-0.047E+00,+0.000E+00,-0.188E+00,-6.85E+00,+1.56E+00,+5.36E+00,-3.434E+00
2,03/2/2026,18:42:06.393,-0.047E+00,-0.047E+00,+0.000E+00,-0.188E+00,-6.88E+00,+1.68E+00,+5.28E+00,-3.449E+00
2,03/2/2026,18:42:06.393,-0.047E+00,-0.047E+00,-0.047E+00,-0.188E+00,-6.91E+00,+1.79E+00,+5.20E+00,-3.456E+00
2,03/2/2026,18:42:06.393,-0.047E+00,-0.047E+00,-0.047E+00,-0.188E+00,-6.93E+00,+1.91E+00,+5.11E+00,-3.472E+00
2,03/2/2026,18:42:06.393,+0.000E+00,-0.047E+00,-0.047E+00,-0.188E+00,-6.96E+00,+2.03E+00,+5.04E+00,-3.487E+00
2,03/2/2026,18:42:06.393,-0.047E+00,-0.047E+00,-0.047E+00,-0.188E+00,-6.97E+00,+2.14E+00,+4.94E+00,-3.495E+00
2,03/2/2026,18:42:06.393,-0.047E+00,-0.047E+00,-0.047E+00,-0.188E+00,-7.00E+00,+2.26E+00,+4.85E+00,-3.510E+00
2,03/2/2026,18:42:06.393,-0.047E+00,-0.047E+00,+0.000E+00,-0.188E+00,-7.02E+00,+2.37E+00,+4.76E+00,-3.517E+00
2,03/2/2026,18:42:06.393,+0.000E+00,-0.047E+00,-0.047E+00,-0.188E+00,-7.03E+00,+2.49E+00,+4.68E+00,-3.525E+00
2,03/2/2026,18:42:06.393,-0.047E+00,-0.047E+00,-0.047E+00,-0.188E+00,-7.05E+00,+2.59E+00,+4.59E+00,-3.540E+00
2,03/2/2026,18:42:06.393,-0.047E+00,-0.047E+00,-0.047E+00,-0.188E+00,-7.07E+00,+2.70E+00,+4.50E+00,-3.540E+00
2,03/2/2026,18:42:06.393,-0.047E+00,-0.047E+00,+0.000E+00,-0.188E+00,-7.08E+00,+2.82E+00,+4.41E+00,-3.548E+00
2,03/2/2026,18:42:06.393,-0.047E+00,-0.047E+00,+0.000E+00,-0.188E+00,-7.10E+00,+2.93E+00,+4.32E+00,-3.556E+00
2,03/2/2026,18:42:06.393,-0.047E+00,-0.047E+00,-0.047E+00,-0.188E+00,-7.10E+00,+3.04E+00,+4.23E+00,-3.563E+00
2,03/2/2026,18:42:06.393,-0.047E+00,-0.047E+00,-0.047E+00,-0.188E+00,-7.11E+00,+3.14E+00,+4.14E+00,-3.571E+00
2,03/2/2026,18:42:06.393,-0.047E+00,-0.047E+00,-0.047E+00,-0.188E+00,-7.11E+00,+3.27E+00,+4.04E+00,-3.571E+00
2,03/2/2026,18:42:06.393,-0.047E+00,-0.047E+00,-0.047E+00,-0.188E+00,-7.13E+00,+3.37E+00,+3.94E+00,-3.579E+00
2,03/2/2026,18:42:06.393,-0.047E+00,-0.047E+00,-0.047E+00,-0.188E+00,-7.13E+00,+3.46E+00,+3.85E+00,-3.579E+00
2,03/2/2026,18:42:06.394,-0.047E+00,-0.047E+00,-0.047E+00,-0.188E+00,-7.14E+00,+3.57E+00,+3.75E+00,-3.586E+00
2,03/2/2026,18:42:06.394,-0.047E+00,-0.047E+00,+0.000E+00,-0.188E+00,-7.14E+00,+3.69E+00,+3.66E+00,-3.586E+00
2,03/2/2026,18:42:06.394,-0.047E+00,-0.047E+00,-0.047E+00,-0.188E+00,-7.14E+00,+3.78E+00,+3.56E+00,-3.594E+00
2,03/2/2026,18:42:06.394,-0.047E+00,-0.047E+00,-0.047E+00,-0.188E+00,-7.16E+00,+3.89E+00,+3.46E+00,-3.594E+00
2,03/2/2026,18:42:06.394,-0.047E+00,-0.047E+00,+0.000E+00,-0.188E+00,-7.16E+00,+4.00E+00,+3.37E+00,-3.594E+00
2,03/2/2026,18:42:06.394,-0.047E+00,-0.047E+00,-0.047E+00,-0.188E+00,-7.16E+00,+4.10E+00,+3.27E+00,-3.594E+00
2,03/2/2026,18:42:06.394,-0.047E+00,-0.047E+00,-0.047E+00,-0.188E+00,-7.16E+00,+4.20E+00,+3.17E+00,-3.594E+00
2,03/2/2026,18:42:06.394,-0.047E+00,-0.047E+00,-0.047E+00,-0.188E+00,-7.16E+00,+4.30E+00,+3.07E+00,-3.601E+00
2,03/2/2026,18:42:06.394,-0.047E+00,-0.047E+00,-0.047E+00,-0.188E+00,-7.16E+00,+4.41E+00,+2.96E+00,-3.601E+00
2,03/2/2026,18:42:06.394,-0.047E+00,-0.047E+00,-0.047E+00,-0.188E+00,-7.16E+00,+4.52E+00,+2.85E+00,-3.594E+00
2,03/2/2026,18:42:06.394,-0.047E+00,-0.047E+00,+0.000E+00,-0.188E+00,-7.16E+00,+4.62E+00,+2.75E+00,-3.601E+00
2,03/2/2026,18:42:06.394,-0.047E+00,-0.047E+00,+0.000E+00,-0.188E+00,-7.16E+00,+4.72E+00,+2.64E+00,-3.601E+00
2,03/2/2026,18:42:06.394,-0.047E+00,-0.047E+00,+0.000E+00,-0.188E+00,-7.16E+00,+4.82E+00,+2.53E+00,-3.594E+00
2,03/2/2026,18:42:06.394,-0.047E+00,-0.047E+00,+0.000E+00,-0.188E+00,-7.16E+00,+4.91E+00,+2.43E+00,-3.594E+00
2,03/2/2026,18:42:06.394,-0.047E+00,-0.047E+00,+0.000E+00,-0.188E+00,-7.14E+00,+5.02E+00,+2.33E+00,-3.586E+00
2,03/2/2026,18:42:06.394,-0.047E+00,-0.047E+00,+0.000E+00,-0.141E+00,-7.13E+00,+5.11E+00,+2.23E+00,-3.586E+00
2,03/2/2026,18:42:06.394,-0.047E+00,-0.047E+00,-0.047E+00,-0.188E+00,-7.13E+00,+5.20E+00,+2.12E+00,-3.579E+00
2,03/2/2026,18:42:06.394,-0.047E+00,-0.047E+00,-0.047E+00,-0.188E+00,-7.11E+00,+5.30E+00,+2.01E+00,-3.571E+00
2,03/2/2026,18:42:06.394,+0.000E+00,-0.047E+00,-0.047E+00,-0.188E+00,-7.10E+00,+5.37E+00,+1.92E+00,-3.563E+00
2,03/2/2026,18:42:06.394,-0.047E+00,-0.047E+00,-0.047E+00,-0.141E+00,-7.07E+00,+5.46E+00,+1.82E+00,-3.556E+00
2,03/2/2026,18:42:06.395,-0.047E+00,-0.047E+00,-0.047E+00,-0.188E+00,-7.05E+00,+5.54E+00,+1.71E+00,-3.540E+00
2,03/2/2026,18:42:06.395,+0.000E+00,-0.047E+00,+0.000E+00,-0.188E+00,-7.02E+00,+5.62E+00,+1.59E+00,-3.525E+00
2,03/2/2026,18:42:06.395,-0.047E+00,-0.047E+00,-0.047E+00,-0.188E+00,-6.97E+00,+5.69E+00,+1.48E+00,-3.510E+00
2,03/2/2026,18:42:06.395,-0.047E+00,-0.047E+00,-0.047E+00,-0.188E+00,-6.94E+00,+5.77E+00,+1.37E+00,-3.487E+00
2,03/2/2026,18:42:06.395,-0.047E+00,-0.047E+00,-0.047E+00,-0.235E+00,-6.91E+00,+5.83E+00,+1.25E+00,-3.472E+00
2,03/2/2026,18:42:06.395,-0.047E+00,-0.047E+00,+0.000E+00,-0.188E+00,-6.87E+00,+5.89E+00,+1.14E+00,-3.449E+00
2,03/2/2026,18:42:06.395,-0.047E+00,-0.047E+00,+0.000E+00,-0.188E+00,-6.82E+00,+5.97E+00,+1.04E+00,-3.426E+00
2,03/2/2026,18:42:06.395,+0.000E+00,-0.047E+00,+0.000E+00,-0.188E+00,-6.78E+00,+6.03E+00,+0.92E+00,-3.403E+00
2,03/2/2026,18:42:06.395,-0.047E+00,-0.047E+00,+0.000E+00,-0.188E+00,-6.71E+00,+6.09E+00,+0.81E+00,-3.373E+00
2,03/2/2026,18:42:06.395,-0.047E+00,-0.047E+00,-0.047E+00,-0.188E+00,-6.67E+00,+6.15E+00,+0.70E+00,-3.350E+00
2,03/2/2026,18:42:06.395,-0.047E+00,-0.047E+00,-0.047E+00,-0.188E+00,-6.61E+00,+6.21E+00,+0.60E+00,-3.319E+00
2,03/2/2026,18:42:06.395,+0.000E+00,-0.047E+00,+0.000E+00,-0.188E+00,-6.55E+00,+6.27E+00,+0.47E+00,-3.289E+00
2,03/2/2026,18:42:06.395,-0.047E+00,-0.047E+00,-0.047E+00,-0.188E+00,-6.49E+00,+6.33E+00,+0.37E+00,-3.258E+00
2,03/2/2026,18:42:06.395,-0.047E+00,-0.047E+00,-0.047E+00,-0.188E+00,-6.41E+00,+6.38E+00,+0.24E+00,-3.228E+00
2,03/2/2026,18:42:06.395,-0.047E+00,-0.047E+00,-0.047E+00,-0.188E+00,-6.35E+00,+6.44E+00,+0.14E+00,-3.189E+00
2,03/2/2026,18:42:06.395,-0.047E+00,-0.047E+00,+0.000E+00,-0.235E+00,-6.27E+00,+6.50E+00,+0.03E+00,-3.151E+00
2,03/2/2026,18:42:06.395,-0.047E+00,-0.047E+00,-0.047E+00,-0.188E+00,-6.20E+00,+6.56E+00,-0.08E+00,-3.113E+00
2,03/2/2026,18:42:06.395,-0.047E+00,-0.047E+00,-0.047E+00,-0.188E+00,-6.13E+00,+6.61E+00,-0.20E+00,-3.083E+00
2,03/2/2026,18:42:06.395,-0.047E+00,-0.047E+00,+0.000E+00,-0.188E+00,-6.06E+00,+6.65E+00,-0.31E+00,-3.044E+00
2,03/2/2026,18:42:06.395,-0.047E+00,-0.047E+00,-0.047E+00,-0.188E+00,-5.98E+00,+6.70E+00,-0.41E+00,-3.006E+00
2,03/2/2026,18:42:06.396,-0.047E+00,-0.047E+00,-0.047E+00,-0.188E+00,-5.89E+00,+6.75E+00,-0.53E+00,-2.968E+00
2,03/2/2026,18:42:06.396,-0.047E+00,-0.047E+00,+0.000E+00,-0.188E+00,-5.81E+00,+6.78E+00,-0.66E+00,-2.930E+00
2,03/2/2026,18:42:06.396,-0.047E+00,-0.047E+00,+0.000E+00,-0.188E+00,-5.74E+00,+6.82E+00,-0.76E+00,-2.884E+00
2,03/2/2026,18:42:06.396,+0.000E+00,-0.047E+00,-0.047E+00,-0.188E+00,-5.65E+00,+6.85E+00,-0.87E+00,-2.846E+00
2,03/2/2026,18:42:06.396,+0.000E+00,-0.047E+00,-0.047E+00,-0.188E+00,-5.57E+00,+6.90E+00,-0.99E+00,-2.808E+00
2,03/2/2026,18:42:06.396,+0.000E+00,-0.047E+00,+0.000E+00,-0.188E+00,-5.49E+00,+6.93E+00,-1.11E+00,-2.770E+00
2,03/2/2026,18:42:06.396,+0.000E+00,-0.047E+00,+0.000E+00,-0.188E+00,-5.40E+00,+6.96E+00,-1.24E+00,-2.724E+00
2,03/2/2026,18:42:06.396,-0.047E+00,-0.047E+00,-0.047E+00,-0.188E+00,-5.33E+00,+7.00E+00,-1.36E+00,-2.686E+00
2,03/2/2026,18:42:06.396,-0.047E+00,-0.047E+00,-0.047E+00,-0.188E+00,-5.23E+00,+7.02E+00,-1.46E+00,-2.640E+00
2,03/2/2026,18:42:06.396,-0.047E+00,-0.047E+00,-0.047E+00,-0.188E+00,-5.16E+00,+7.05E+00,-1.57E+00,-2.602E+00
2,03/2/2026,18:42:06.396,-0.047E+00,-0.047E+00,-0.047E+00,-0.188E+00,-5.08E+00,+7.08E+00,-1.69E+00,-2.556E+00
2,03/2/2026,18:42:06.396,-0.047E+00,-0.047E+00,-0.047E+00,-0.188E+00,-4.99E+00,+7.11E+00,-1.80E+00,-2.518E+00
2,03/2/2026,18:42:06.396,-0.047E+00,-0.047E+00,-0.047E+00,-0.188E+00,-4.90E+00,+7.14E+00,-1.92E+00,-2.480E+00
2,03/2/2026,18:42:06.396,-0.047E+00,-0.047E+00,+0.000E+00,-0.188E+00,-4.82E+00,+7.17E+00,-2.03E+00,-2.434E+00
2,03/2/2026,18:42:06.396,-0.047E+00,-0.047E+00,+0.000E+00,-0.188E+00,-4.73E+00,+7.20E+00,-2.14E+00,-2.388E+00
2,03/2/2026,18:42:06.396,-0.047E+00,-0.047E+00,-0.047E+00,-0.188E+00,-4.65E+00,+7.22E+00,-2.24E+00,-2.342E+00
2,03/2/2026,18:42:06.396,-0.047E+00,-0.047E+00,-0.047E+00,-0.188E+00,-4.56E+00,+7.23E+00,-2.37E+00,-2.304E+00
2,03/2/2026,18:42:06.396,-0.047E+00,-0.047E+00,-0.047E+00,-0.188E+00,-4.47E+00,+7.25E+00,-2.47E+00,-2.259E+00
2,03/2/2026,18:42:06.396,-0.047E+00,-0.047E+00,-0.047E+00,-0.188E+00,-4.38E+00,+7.28E+00,-2.58E+00,-2.213E+00
2,03/2/2026,18:42:06.396,-0.047E+00,-0.047E+00,-0.047E+00,-0.188E+00,-4.29E+00,+7.29E+00,-2.69E+00,-2.167E+00
2,03/2/2026,18:42:06.397,-0.047E+00,-0.047E+00,-0.047E+00,-0.188E+00,-4.20E+00,+7.31E+00,-2.78E+00,-2.121E+00
2,03/2/2026,18:42:06.397,-0.047E+00,-0.047E+00,+0.000E+00,-0.188E+00,-4.10E+00,+7.32E+00,-2.88E+00,-2.075E+00
2,03/2/2026,18:42:06.397,-0.047E+00,-0.047E+00,+0.000E+00,-0.188E+00,-4.01E+00,+7.34E+00,-2.99E+00,-2.030E+00
2,03/2/2026,18:42:06.397,-0.047E+00,-0.047E+00,-0.047E+00,-0.188E+00,-3.92E+00,+7.36E+00,-3.10E+00,-1.984E+00
2,03/2/2026,18:42:06.397,-0.047E+00,-0.047E+00,-0.047E+00,-0.188E+00,-3.83E+00,+7.36E+00,-3.19E+00,-1.938E+00
2,03/2/2026,18:42:06.397,-0.047E+00,-0.047E+00,+0.000E+00,-0.141E+00,-3.74E+00,+7.37E+00,-3.31E+00,-1.900E+00
2,03/2/2026,18:42:06.397,-0.047E+00,-0.047E+00,+0.000E+00,-0.188E+00,-3.63E+00,+7.39E+00,-3.40E+00,-1.846E+00
2,03/2/2026,18:42:06.397,-0.047E+00,-0.047E+00,+0.000E+00,-0.188E+00,-3.54E+00,+7.39E+00,-3.51E+00,-1.801E+00
2,03/2/2026,18:42:06.397,-0.047E+00,-0.047E+00,+0.000E+00,-0.188E+00,-3.45E+00,+7.40E+00,-3.62E+00,-1.747E+00
2,03/2/2026,18:42:06.397,-0.047E+00,-0.047E+00,+0.000E+00,-0.188E+00,-3.34E+00,+7.40E+00,-3.71E+00,-1.702E+00
2,03/2/2026,18:42:06.397,-0.047E+00,-0.047E+00,+0.000E+00,-0.188E+00,-3.25E+00,+7.42E+00,-3.82E+00,-1.656E+00
2,03/2/2026,18:42:06.397,+0.000E+00,-0.047E+00,+0.000E+00,-0.188E+00,-3.14E+00,+7.42E+00,-3.92E+00,-1.602E+00
2,03/2/2026,18:42:06.397,-0.047E+00,-0.047E+00,-0.047E+00,-0.188E+00,-3.05E+00,+7.43E+00,-4.01E+00,-1.557E+00
2,03/2/2026,18:42:06.397,-0.047E+00,-0.047E+00,+0.000E+00,-0.188E+00,-2.95E+00,+7.43E+00,-4.10E+00,-1.503E+00
2,03/2/2026,18:42:06.397,-0.047E+00,-0.047E+00,+0.000E+00,-0.188E+00,-2.85E+00,+7.43E+00,-4.21E+00,-1.450E+00
2,03/2/2026,18:42:06.397,-0.047E+00,-0.047E+00,-0.047E+00,-0.188E+00,-2.75E+00,+7.45E+00,-4.30E+00,-1.404E+00
2,03/2/2026,18:42:06.397,-0.047E+00,-0.047E+00,-0.047E+00,-0.188E+00,-2.64E+00,+7.45E+00,-4.41E+00,-1.351E+00
2,03/2/2026,18:42:06.397,-0.047E+00,-0.047E+00,-0.047E+00,-0.188E+00,-2.53E+00,+7.45E+00,-4.52E+00,-1.297E+00
2,03/2/2026,18:42:06.397,-0.047E+00,-0.047E+00,-0.047E+00,-0.188E+00,-2.43E+00,+7.45E+00,-4.61E+00,-1.244E+00
2,03/2/2026,18:42:06.397,+0.000E+00,-0.047E+00,+0.000E+00,-0.188E+00,-2.32E+00,+7.43E+00,-4.70E+00,-1.190E+00
2,03/2/2026,18:42:06.398,+0.000E+00,-0.047E+00,+0.000E+00,-0.188E+00,-2.21E+00,+7.43E+00,-4.81E+00,-1.145E+00
2,03/2/2026,18:42:06.398,-0.047E+00,-0.047E+00,-0.047E+00,-0.188E+00,-2.11E+00,+7.43E+00,-4.90E+00,-1.091E+00
2,03/2/2026,18:42:06.398,-0.047E+00,-0.047E+00,-0.047E+00,-0.188E+00,-2.00E+00,+7.43E+00,-4.99E+00,-1.038E+00
2,03/2/2026,18:42:06.398,+0.000E+00,-0.047E+00,+0.000E+00,-0.188E+00,-1.91E+00,+7.43E+00,-5.08E+00,-0.984E+00
2,03/2/2026,18:42:06.398,+0.000E+00,-0.047E+00,-0.047E+00,-0.188E+00,-1.80E+00,+7.42E+00,-5.17E+00,-0.939E+00
2,03/2/2026,18:42:06.398,+0.000E+00,-0.047E+00,-0.047E+00,-0.188E+00,-1.68E+00,+7.40E+00,-5.25E+00,-0.885E+00
2,03/2/2026,18:42:06.398,-0.047E+00,-0.047E+00,-0.047E+00,-0.188E+00,-1.59E+00,+7.37E+00,-5.31E+00,-0.832E+00
2,03/2/2026,18:42:06.398,-0.047E+00,-0.047E+00,-0.047E+00,-0.188E+00,-1.46E+00,+7.34E+00,-5.39E+00,-0.778E+00
2,03/2/2026,18:42:06.398,-0.047E+00,-0.047E+00,-0.047E+00,-0.188E+00,-1.36E+00,+7.29E+00,-5.46E+00,-0.725E+00
2,03/2/2026,18:42:06.398,-0.047E+00,-0.047E+00,-0.047E+00,-0.188E+00,-1.25E+00,+7.25E+00,-5.52E+00,-0.671E+00
2,03/2/2026,18:42:06.398,-0.047E+00,-0.047E+00,+0.000E+00,-0.188E+00,-1.14E+00,+7.22E+00,-5.60E+00,-0.618E+00
2,03/2/2026,18:42:06.398,-0.047E+00,-0.047E+00,+0.000E+00,-0.188E+00,-1.02E+00,+7.17E+00,-5.66E+00,-0.557E+00
2,03/2/2026,18:42:06.398,-0.047E+00,+0.000E+00,+0.000E+00,-0.188E+00,-0.92E+00,+7.11E+00,-5.72E+00,-0.504E+00
2,03/2/2026,18:42:06.398,-0.047E+00,+0.000E+00,-0.047E+00,-0.188E+00,-0.79E+00,+7.08E+00,-5.78E+00,-0.450E+00
2,03/2/2026,18:42:06.398,-0.047E+00,-0.047E+00,+0.000E+00,-0.188E+00,-0.67E+00,+7.02E+00,-5.84E+00,-0.397E+00
2,03/2/2026,18:42:06.398,-0.047E+00,-0.047E+00,+0.000E+00,-0.188E+00,-0.56E+00,+6.97E+00,-5.91E+00,-0.336E+00
2,03/2/2026,18:42:06.398,-0.047E+00,-0.047E+00,+0.000E+00,-0.188E+00,-0.46E+00,+6.91E+00,-5.95E+00,-0.275E+00
2,03/2/2026,18:42:06.398,-0.047E+00,-0.047E+00,-0.047E+00,-0.188E+00,-0.34E+00,+6.85E+00,-6.01E+00,-0.221E+00
2,03/2/2026,18:42:06.398,-0.047E+00,-0.047E+00,+0.000E+00,-0.188E+00,-0.21E+00,+6.78E+00,-6.06E+00,-0.160E+00
2,03/2/2026,18:42:06.398,+0.000E+00,-0.047E+00,-0.047E+00,-0.188E+00,-0.11E+00,+6.70E+00,-6.10E+00,-0.099E+00
2,03/2/2026,18:42:06.399,-0.047E+00,-0.047E+00,-0.047E+00,-0.188E+00,+0.00E+00,+6.62E+00,-6.17E+00,-0.046E+00
2,03/2/2026,18:42:06.399,-0.047E+00,-0.047E+00,-0.047E+00,-0.188E+00,+0.12E+00,+6.55E+00,-6.23E+00,+0.008E+00
2,03/2/2026,18:42:06.399,-0.047E+00,-0.047E+00,-0.047E+00,-0.188E+00,+0.24E+00,+6.47E+00,-6.27E+00,+0.069E+00
2,03/2/2026,18:42:06.399,-0.047E+00,-0.047E+00,+0.000E+00,-0.188E+00,+0.35E+00,+6.39E+00,-6.32E+00,+0.122E+00
2,03/2/2026,18:42:06.399,-0.047E+00,-0.047E+00,+0.000E+00,-0.188E+00,+0.46E+00,+6.32E+00,-6.36E+00,+0.175E+00
2,03/2/2026,18:42:06.399,-0.047E+00,-0.047E+00,-0.047E+00,-0.188E+00,+0.58E+00,+6.24E+00,-6.41E+00,+0.237E+00
2,03/2/2026,18:42:06.399,-0.047E+00,-0.047E+00,+0.000E+00,-0.188E+00,+0.70E+00,+6.17E+00,-6.47E+00,+0.290E+00
2,03/2/2026,18:42:06.399,-0.047E+00,-0.047E+00,+0.000E+00,-0.188E+00,+0.81E+00,+6.07E+00,-6.50E+00,+0.343E+00
2,03/2/2026,18:42:06.399,-0.047E+00,-0.047E+00,+0.000E+00,-0.188E+00,+0.92E+00,+6.00E+00,-6.55E+00,+0.404E+00
2,03/2/2026,18:42:06.399,-0.047E+00,-0.047E+00,+0.000E+00,-0.235E+00,+1.04E+00,+5.91E+00,-6.59E+00,+0.465E+00
2,03/2/2026,18:42:06.399,-0.047E+00,-0.047E+00,+0.000E+00,-0.188E+00,+1.14E+00,+5.83E+00,-6.62E+00,+0.519E+00
2,03/2/2026,18:42:06.399,-0.047E+00,-0.047E+00,+0.000E+00,-0.188E+00,+1.27E+00,+5.74E+00,-6.67E+00,+0.580E+00
2,03/2/2026,18:42:06.399,-0.047E+00,-0.047E+00,+0.000E+00,-0.188E+00,+1.37E+00,+5.66E+00,-6.71E+00,+0.641E+00
2,03/2/2026,18:42:06.399,-0.047E+00,-0.047E+00,-0.047E+00,-0.188E+00,+1.48E+00,+5.57E+00,-6.75E+00,+0.694E+00
2,03/2/2026,18:42:06.399,-0.047E+00,-0.047E+00,-0.047E+00,-0.188E+00,+1.60E+00,+5.49E+00,-6.78E+00,+0.755E+00
2,03/2/2026,18:42:06.399,-0.047E+00,-0.047E+00,+0.000E+00,-0.188E+00,+1.71E+00,+5.40E+00,-6.81E+00,+0.809E+00
2,03/2/2026,18:42:06.399,-0.047E+00,-0.047E+00,+0.000E+00,-0.188E+00,+1.82E+00,+5.33E+00,-6.84E+00,+0.862E+00
2,03/2/2026,18:42:06.399,+0.000E+00,-0.047E+00,+0.000E+00,-0.188E+00,+1.94E+00,+5.23E+00,-6.87E+00,+0.916E+00
2,03/2/2026,18:42:06.399,+0.000E+00,-0.047E+00,+0.000E+00,-0.188E+00,+2.04E+00,+5.14E+00,-6.90E+00,+0.977E+00
2,03/2/2026,18:42:06.399,-0.047E+00,-0.047E+00,-0.047E+00,-0.188E+00,+2.15E+00,+5.07E+00,-6.91E+00,+1.030E+00
2,03/2/2026,18:42:06.400,-0.047E+00,-0.047E+00,-0.047E+00,-0.188E+00,+2.26E+00,+4.97E+00,-6.93E+00,+1.083E+00
2,03/2/2026,18:42:06.400,-0.047E+00,-0.047E+00,+0.000E+00,-0.188E+00,+2.37E+00,+4.88E+00,-6.96E+00,+1.137E+00
2,03/2/2026,18:42:06.400,-0.047E+00,-0.047E+00,-0.047E+00,-0.188E+00,+2.47E+00,+4.79E+00,-6.99E+00,+1.190E+00
2,03/2/2026,18:42:06.400,+0.000E+00,-0.047E+00,-0.047E+00,-0.188E+00,+2.58E+00,+4.70E+00,-7.00E+00,+1.236E+00
2,03/2/2026,18:42:06.400,-0.047E+00,-0.047E+00,-0.047E+00,-0.188E+00,+2.69E+00,+4.61E+00,-7.02E+00,+1.297E+00
2,03/2/2026,18:42:06.400,-0.047E+00,-0.047E+00,+0.000E+00,-0.188E+00,+2.78E+00,+4.53E+00,-7.03E+00,+1.351E+00
2,03/2/2026,18:42:06.400,+0.000E+00,-0.047E+00,+0.000E+00,-0.188E+00,+2.88E+00,+4.44E+00,-7.07E+00,+1.396E+00
2,03/2/2026,18:42:06.400,-0.047E+00,-0.047E+00,+0.000E+00,-0.188E+00,+2.99E+00,+4.33E+00,-7.08E+00,+1.450E+00
2,03/2/2026,18:42:06.400,-0.047E+00,-0.047E+00,+0.000E+00,-0.188E+00,+3.10E+00,+4.24E+00,-7.08E+00,+1.503E+00
2,03/2/2026,18:42:06.400,+0.000E+00,-0.047E+00,-0.047E+00,-0.188E+00,+3.19E+00,+4.15E+00,-7.11E+00,+1.557E+00
2,03/2/2026,18:42:06.400,+0.000E+00,-0.047E+00,-0.047E+00,-0.188E+00,+3.30E+00,+4.06E+00,-7.11E+00,+1.602E+00
2,03/2/2026,18:42:06.400,-0.047E+00,-0.047E+00,+0.000E+00,-0.188E+00,+3.40E+00,+3.97E+00,-7.13E+00,+1.656E+00
2,03/2/2026,18:42:06.400,+0.000E+00,-0.047E+00,+0.000E+00,-0.188E+00,+3.49E+00,+3.88E+00,-7.14E+00,+1.702E+00
2,03/2/2026,18:42:06.400,-0.047E+00,+0.000E+00,+0.000E+00,-0.188E+00,+3.60E+00,+3.77E+00,-7.16E+00,+1.755E+00
2,03/2/2026,18:42:06.400,-0.047E+00,-0.047E+00,+0.000E+00,-0.188E+00,+3.69E+00,+3.68E+00,-7.17E+00,+1.808E+00
2,03/2/2026,18:42:06.400,+0.000E+00,-0.047E+00,-0.047E+00,-0.188E+00,+3.80E+00,+3.57E+00,-7.17E+00,+1.854E+00
2,03/2/2026,18:42:06.400,-0.047E+00,-0.047E+00,+0.000E+00,-0.188E+00,+3.89E+00,+3.46E+00,-7.19E+00,+1.908E+00
2,03/2/2026,18:42:06.400,-0.047E+00,-0.047E+00,+0.000E+00,-0.188E+00,+3.98E+00,+3.36E+00,-7.19E+00,+1.953E+00
2,03/2/2026,18:42:06.400,+0.000E+00,-0.047E+00,-0.047E+00,-0.188E+00,+4.09E+00,+3.27E+00,-7.20E+00,+2.007E+00
2,03/2/2026,18:42:06.400,-0.047E+00,-0.047E+00,-0.047E+00,-0.188E+00,+4.18E+00,+3.16E+00,-7.20E+00,+2.060E+00
2,03/2/2026,18:42:06.401,-0.047E+00,-0.047E+00,+0.000E+00,-0.188E+00,+4.29E+00,+3.05E+00,-7.22E+00,+2.106E+00
2,03/2/2026,18:42:06.401,-0.047E+00,-0.047E+00,+0.000E+00,-0.188E+00,+4.39E+00,+2.95E+00,-7.23E+00,+2.159E+00
2,03/2/2026,18:42:06.401,-0.047E+00,-0.047E+00,-0.047E+00,-0.188E+00,+4.49E+00,+2.84E+00,-7.23E+00,+2.205E+00
2,03/2/2026,18:42:06.401,-0.047E+00,-0.047E+00,+0.000E+00,-0.188E+00,+4.58E+00,+2.73E+00,-7.23E+00,+2.259E+00
2,03/2/2026,18:42:06.401,-0.047E+00,-0.047E+00,-0.047E+00,-0.188E+00,+4.68E+00,+2.62E+00,-7.25E+00,+2.304E+00
2,03/2/2026,18:42:06.401,-0.047E+00,-0.047E+00,-0.047E+00,-0.188E+00,+4.78E+00,+2.50E+00,-7.25E+00,+2.358E+00
2,03/2/2026,18:42:06.401,-0.047E+00,-0.047E+00,+0.000E+00,-0.188E+00,+4.87E+00,+2.40E+00,-7.25E+00,+2.403E+00
2,03/2/2026,18:42:06.401,-0.047E+00,-0.047E+00,+0.000E+00,-0.188E+00,+4.96E+00,+2.29E+00,-7.26E+00,+2.449E+00
2,03/2/2026,18:42:06.401,-0.047E+00,-0.047E+00,-0.047E+00,-0.188E+00,+5.05E+00,+2.18E+00,-7.26E+00,+2.495E+00
2,03/2/2026,18:42:06.401,-0.047E+00,-0.047E+00,+0.000E+00,-0.188E+00,+5.14E+00,+2.08E+00,-7.26E+00,+2.548E+00
2,03/2/2026,18:42:06.401,-0.047E+00,-0.047E+00,-0.047E+00,-0.188E+00,+5.22E+00,+1.95E+00,-7.26E+00,+2.594E+00
2,03/2/2026,18:42:06.401,-0.047E+00,-0.047E+00,-0.047E+00,-0.235E+00,+5.31E+00,+1.85E+00,-7.26E+00,+2.632E+00
2,03/2/2026,18:42:06.401,-0.047E+00,-0.047E+00,+0.000E+00,-0.188E+00,+5.39E+00,+1.72E+00,-7.26E+00,+2.671E+00
2,03/2/2026,18:42:06.401,-0.047E+00,-0.047E+00,-0.047E+00,-0.188E+00,+5.46E+00,+1.62E+00,-7.25E+00,+2.716E+00
2,03/2/2026,18:42:06.401,-0.047E+00,-0.047E+00,-0.047E+00,-0.188E+00,+5.54E+00,+1.50E+00,-7.23E+00,+2.754E+00
2,03/2/2026,18:42:06.401,-0.047E+00,-0.047E+00,+0.000E+00,-0.188E+00,+5.60E+00,+1.37E+00,-7.22E+00,+2.793E+00
2,03/2/2026,18:42:06.401,-0.047E+00,-0.047E+00,-0.047E+00,-0.188E+00,+5.68E+00,+1.27E+00,-7.19E+00,+2.831E+00
2,03/2/2026,18:42:06.401,+0.000E+00,-0.047E+00,-0.047E+00,-0.188E+00,+5.74E+00,+1.14E+00,-7.16E+00,+2.869E+00
2,03/2/2026,18:42:06.401,-0.047E+00,-0.047E+00,-0.047E+00,-0.188E+00,+5.80E+00,+1.02E+00,-7.11E+00,+2.899E+00
2,03/2/2026,18:42:06.401,-0.047E+00,-0.047E+00,-0.047E+00,-0.188E+00,+5.86E+00,+0.92E+00,-7.05E+00,+2.930E+00
2,03/2/2026,18:42:06.402,-0.047E+00,-0.047E+00,-0.047E+00,-0.188E+00,+5.92E+00,+0.79E+00,-6.99E+00,+2.960E+00
2,03/2/2026,18:42:06.402,-0.047E+00,-0.047E+00,-0.047E+00,-0.188E+00,+5.98E+00,+0.69E+00,-6.93E+00,+2.999E+00
2,03/2/2026,18:42:06.402,-0.047E+00,-0.047E+00,+0.000E+00,-0.188E+00,+6.04E+00,+0.58E+00,-6.87E+00,+3.022E+00
2,03/2/2026,18:42:06.402,+0.000E+00,-0.047E+00,+0.000E+00,-0.188E+00,+6.10E+00,+0.47E+00,-6.81E+00,+3.052E+00
2,03/2/2026,18:42:06.402,-0.047E+00,-0.047E+00,-0.047E+00,-0.188E+00,+6.17E+00,+0.37E+00,-6.75E+00,+3.083E+00
2,03/2/2026,18:42:06.402,-0.047E+00,-0.047E+00,-0.047E+00,-0.188E+00,+6.21E+00,+0.24E+00,-6.68E+00,+3.113E+00
2,03/2/2026,18:42:06.402,-0.047E+00,-0.047E+00,-0.047E+00,-0.188E+00,+6.26E+00,+0.12E+00,-6.64E+00,+3.136E+00
2,03/2/2026,18:42:06.402,-0.047E+00,-0.047E+00,+0.000E+00,-0.188E+00,+6.32E+00,+0.02E+00,-6.58E+00,+3.159E+00
2,03/2/2026,18:42:06.402,-0.047E+00,-0.047E+00,+0.000E+00,-0.188E+00,+6.35E+00,-0.11E+00,-6.52E+00,+3.182E+00
2,03/2/2026,18:42:06.402,-0.047E+00,-0.047E+00,+0.000E+00,-0.188E+00,+6.39E+00,-0.23E+00,-6.46E+00,+3.205E+00
2,03/2/2026,18:42:06.402,-0.047E+00,+0.000E+00,+0.000E+00,-0.188E+00,+6.42E+00,-0.34E+00,-6.39E+00,+3.220E+00
2,03/2/2026,18:42:06.402,-0.047E+00,-0.047E+00,+0.000E+00,-0.188E+00,+6.47E+00,-0.46E+00,-6.33E+00,+3.243E+00
2,03/2/2026,18:42:06.402,-0.047E+00,-0.047E+00,+0.000E+00,-0.188E+00,+6.50E+00,-0.58E+00,-6.26E+00,+3.258E+00
2,03/2/2026,18:42:06.402,-0.047E+00,-0.047E+00,+0.000E+00,-0.188E+00,+6.53E+00,-0.69E+00,-6.18E+00,+3.273E+00
2,03/2/2026,18:42:06.402,-0.047E+00,-0.047E+00,-0.047E+00,-0.188E+00,+6.56E+00,-0.81E+00,-6.10E+00,+3.289E+00
2,03/2/2026,18:42:06.402,-0.047E+00,-0.047E+00,-0.047E+00,-0.188E+00,+6.59E+00,-0.93E+00,-6.01E+00,+3.311E+00
2,03/2/2026,18:42:06.402,-0.047E+00,-0.047E+00,-0.047E+00,-0.188E+00,+6.62E+00,-1.05E+00,-5.94E+00,+3.327E+00
2,03/2/2026,18:42:06.402,-0.047E+00,-0.047E+00,-0.047E+00,-0.188E+00,+6.65E+00,-1.18E+00,-5.84E+00,+3.342E+00
2,03/2/2026,18:42:06.402,-0.047E+00,-0.047E+00,-0.047E+00,-0.188E+00,+6.68E+00,-1.30E+00,-5.77E+00,+3.357E+00
2,03/2/2026,18:42:06.402,+0.000E+00,-0.047E+00,-0.047E+00,-0.188E+00,+6.73E+00,-1.40E+00,-5.69E+00,+3.380E+00
2,03/2/2026,18:42:06.403,-0.047E+00,-0.047E+00,+0.000E+00,-0.188E+00,+6.76E+00,-1.53E+00,-5.62E+00,+3.395E+00
2,03/2/2026,18:42:06.403,-0.047E+00,-0.047E+00,+0.000E+00,-0.188E+00,+6.79E+00,-1.66E+00,-5.52E+00,+3.411E+00
2,03/2/2026,18:42:06.403,-0.047E+00,-0.047E+00,+0.000E+00,-0.188E+00,+6.82E+00,-1.77E+00,-5.45E+00,+3.426E+00
2,03/2/2026,18:42:06.403,-0.047E+00,-0.047E+00,+0.000E+00,-0.188E+00,+6.85E+00,-1.89E+00,-5.37E+00,+3.441E+00
2,03/2/2026,18:42:06.403,-0.047E+00,-0.047E+00,+0.000E+00,-0.188E+00,+6.87E+00,-2.00E+00,-5.30E+00,+3.456E+00
2,03/2/2026,18:42:06.403,-0.047E+00,-0.047E+00,+0.000E+00,-0.188E+00,+6.90E+00,-2.12E+00,-5.20E+00,+3.472E+00
2,03/2/2026,18:42:06.403,-0.047E+00,-0.047E+00,+0.000E+00,-0.188E+00,+6.93E+00,-2.23E+00,-5.11E+00,+3.479E+00
2,03/2/2026,18:42:06.403,-0.047E+00,-0.047E+00,-0.047E+00,-0.188E+00,+6.94E+00,-2.35E+00,-5.04E+00,+3.487E+00
2,03/2/2026,18:42:06.403,-0.047E+00,-0.047E+00,-0.047E+00,-0.188E+00,+6.96E+00,-2.47E+00,-4.94E+00,+3.502E+00
2,03/2/2026,18:42:06.403,-0.047E+00,-0.047E+00,-0.047E+00,-0.188E+00,+6.97E+00,-2.58E+00,-4.85E+00,+3.517E+00
2,03/2/2026,18:42:06.403,-0.047E+00,-0.047E+00,-0.047E+00,-0.188E+00,+6.99E+00,-2.70E+00,-4.76E+00,+3.525E+00
2,03/2/2026,18:42:06.403,-0.047E+00,-0.047E+00,-0.047E+00,-0.188E+00,+7.00E+00,-2.82E+00,-4.67E+00,+3.533E+00
2,03/2/2026,18:42:06.403,-0.047E+00,-0.047E+00,-0.047E+00,-0.188E+00,+7.03E+00,-2.93E+00,-4.59E+00,+3.540E+00
2,03/2/2026,18:42:06.403,-0.047E+00,-0.047E+00,-0.047E+00,-0.188E+00,+7.03E+00,-3.04E+00,-4.49E+00,+3.548E+00
2,03/2/2026,18:42:06.403,-0.047E+00,-0.047E+00,-0.047E+00,-0.188E+00,+7.05E+00,-3.14E+00,-4.39E+00,+3.556E+00
2,03/2/2026,18:42:06.403,-0.047E+00,-0.047E+00,-0.047E+00,-0.188E+00,+7.07E+00,-3.25E+00,-4.32E+00,+3.556E+00
2,03/2/2026,18:42:06.403,-0.047E+00,-0.047E+00,-0.047E+00,-0.188E+00,+7.08E+00,-3.36E+00,-4.23E+00,+3.563E+00
2,03/2/2026,18:42:06.403,-0.047E+00,-0.047E+00,-0.047E+00,-0.188E+00,+7.08E+00,-3.46E+00,-4.14E+00,+3.571E+00
2,03/2/2026,18:42:06.403,-0.047E+00,-0.047E+00,+0.000E+00,-0.188E+00,+7.10E+00,-3.59E+00,-4.04E+00,+3.579E+00
2,03/2/2026,18:42:06.403,-0.047E+00,-0.047E+00,+0.000E+00,-0.188E+00,+7.10E+00,-3.69E+00,-3.94E+00,+3.579E+00
2,03/2/2026,18:42:06.404,-0.047E+00,-0.047E+00,-0.047E+00,-0.188E+00,+7.11E+00,-3.78E+00,-3.85E+00,+3.579E+00
2,03/2/2026,18:42:06.404,-0.047E+00,-0.047E+00,+0.000E+00,-0.188E+00,+7.11E+00,-3.89E+00,-3.75E+00,+3.586E+00
2,03/2/2026,18:42:06.404,-0.047E+00,-0.047E+00,+0.000E+00,-0.188E+00,+7.11E+00,-4.00E+00,-3.66E+00,+3.586E+00
2,03/2/2026,18:42:06.404,-0.047E+00,-0.047E+00,+0.000E+00,-0.188E+00,+7.11E+00,-4.10E+00,-3.56E+00,+3.594E+00
2,03/2/2026,18:42:06.404,-0.047E+00,-0.047E+00,-0.047E+00,-0.188E+00,+7.11E+00,-4.21E+00,-3.46E+00,+3.594E+00
2,03/2/2026,18:42:06.404,-0.047E+00,-0.047E+00,-0.047E+00,-0.188E+00,+7.13E+00,-4.32E+00,-3.36E+00,+3.594E+00
2,03/2/2026,18:42:06.404,+0.000E+00,-0.047E+00,+0.000E+00,-0.188E+00,+7.13E+00,-4.41E+00,-3.27E+00,+3.594E+00
2,03/2/2026,18:42:06.404,-0.047E+00,-0.047E+00,+0.000E+00,-0.188E+00,+7.13E+00,-4.52E+00,-3.14E+00,+3.594E+00
2,03/2/2026,18:42:06.404,-0.047E+00,-0.047E+00,+0.000E+00,-0.188E+00,+7.13E+00,-4.62E+00,-3.05E+00,+3.594E+00
2,03/2/2026,18:42:06.404,-0.047E+00,-0.047E+00,-0.047E+00,-0.188E+00,+7.13E+00,-4.72E+00,-2.95E+00,+3.594E+00
2,03/2/2026,18:42:06.404,-0.047E+00,-0.047E+00,+0.000E+00,-0.188E+00,+7.13E+00,-4.82E+00,-2.84E+00,+3.594E+00
2,03/2/2026,18:42:06.404,-0.047E+00,-0.047E+00,+0.000E+00,-0.188E+00,+7.13E+00,-4.93E+00,-2.73E+00,+3.594E+00
2,03/2/2026,18:42:06.404,-0.047E+00,-0.047E+00,+0.000E+00,-0.188E+00,+7.11E+00,-5.02E+00,-2.62E+00,+3.594E+00
2,03/2/2026,18:42:06.404,-0.047E+00,-0.047E+00,-0.047E+00,-0.188E+00,+7.11E+00,-5.13E+00,-2.53E+00,+3.594E+00
2,03/2/2026,18:42:06.404,-0.047E+00,-0.047E+00,+0.000E+00,-0.188E+00,+7.11E+00,-5.23E+00,-2.43E+00,+3.586E+00
2,03/2/2026,18:42:06.404,-0.047E+00,-0.047E+00,-0.047E+00,-0.188E+00,+7.11E+00,-5.33E+00,-2.32E+00,+3.586E+00
2,03/2/2026,18:42:06.404,-0.047E+00,+0.000E+00,-0.047E+00,-0.188E+00,+7.10E+00,-5.42E+00,-2.21E+00,+3.579E+00
2,03/2/2026,18:42:06.404,-0.047E+00,-0.047E+00,-0.047E+00,-0.188E+00,+7.08E+00,-5.49E+00,-2.12E+00,+3.571E+00
2,03/2/2026,18:42:06.404,-0.047E+00,-0.047E+00,+0.000E+00,-0.188E+00,+7.07E+00,-5.59E+00,-2.01E+00,+3.563E+00
2,03/2/2026,18:42:06.404,+0.000E+00,-0.047E+00,-0.047E+00,-0.188E+00,+7.03E+00,-5.68E+00,-1.89E+00,+3.548E+00
2,03/2/2026,18:42:06.405,-0.047E+00,-0.047E+00,-0.047E+00,-0.188E+00,+7.02E+00,-5.75E+00,-1.80E+00,+3.533E+00
2,03/2/2026,18:42:06.405,-0.047E+00,+0.000E+00,-0.047E+00,-0.188E+00,+6.97E+00,-5.83E+00,-1.69E+00,+3.517E+00
2,03/2/2026,18:42:06.405,-0.047E+00,-0.047E+00,-0.047E+00,-0.188E+00,+6.94E+00,-5.91E+00,-1.57E+00,+3.502E+00
2,03/2/2026,18:42:06.405,-0.047E+00,-0.047E+00,-0.047E+00,-0.235E+00,+6.91E+00,-5.97E+00,-1.45E+00,+3.487E+00
2,03/2/2026,18:42:06.405,-0.047E+00,-0.047E+00,+0.000E+00,-0.188E+00,+6.87E+00,-6.04E+00,-1.36E+00,+3.464E+00
2,03/2/2026,18:42:06.405,-0.047E+00,-0.047E+00,+0.000E+00,-0.141E+00,+6.82E+00,-6.10E+00,-1.24E+00,+3.441E+00
2,03/2/2026,18:42:06.405,-0.047E+00,-0.047E+00,+0.000E+00,-0.188E+00,+6.79E+00,-6.17E+00,-1.13E+00,+3.418E+00
2,03/2/2026,18:42:06.405,-0.047E+00,-0.047E+00,+0.000E+00,-0.188E+00,+6.75E+00,-6.23E+00,-1.02E+00,+3.395E+00
2,03/2/2026,18:42:06.405,-0.047E+00,-0.047E+00,+0.000E+00,-0.188E+00,+6.68E+00,-6.30E+00,-0.92E+00,+3.373E+00
2,03/2/2026,18:42:06.405,-0.047E+00,-0.047E+00,+0.000E+00,-0.188E+00,+6.62E+00,-6.36E+00,-0.79E+00,+3.342E+00
2,03/2/2026,18:42:06.405,-0.047E+00,-0.047E+00,-0.047E+00,-0.188E+00,+6.58E+00,-6.42E+00,-0.69E+00,+3.311E+00
2,03/2/2026,18:42:06.405,-0.047E+00,-0.047E+00,+0.000E+00,-0.188E+00,+6.50E+00,-6.49E+00,-0.56E+00,+3.281E+00
2,03/2/2026,18:42:06.405,-0.047E+00,-0.047E+00,+0.000E+00,-0.188E+00,+6.44E+00,-6.53E+00,-0.46E+00,+3.250E+00
2,03/2/2026,18:42:06.405,-0.047E+00,-0.047E+00,+0.000E+00,-0.188E+00,+6.38E+00,-6.59E+00,-0.35E+00,+3.220E+00
2,03/2/2026,18:42:06.405,-0.047E+00,-0.047E+00,-0.047E+00,-0.188E+00,+6.32E+00,-6.65E+00,-0.24E+00,+3.182E+00
2,03/2/2026,18:42:06.405,-0.047E+00,-0.047E+00,-0.047E+00,-0.188E+00,+6.24E+00,-6.70E+00,-0.14E+00,+3.151E+00
2,03/2/2026,18:42:06.405,+0.000E+00,-0.047E+00,+0.000E+00,-0.188E+00,+6.17E+00,-6.76E+00,-0.02E+00,+3.121E+00
2,03/2/2026,18:42:06.405,-0.047E+00,-0.047E+00,+0.000E+00,-0.188E+00,+6.10E+00,-6.81E+00,+0.09E+00,+3.083E+00
2,03/2/2026,18:42:06.405,-0.047E+00,-0.047E+00,-0.047E+00,-0.188E+00,+6.03E+00,-6.87E+00,+0.20E+00,+3.044E+00
2,03/2/2026,18:42:06.405,-0.047E+00,-0.047E+00,-0.047E+00,-0.188E+00,+5.94E+00,-6.91E+00,+0.32E+00,+3.006E+00
2,03/2/2026,18:42:06.406,-0.047E+00,-0.047E+00,-0.047E+00,-0.188E+00,+5.86E+00,-6.94E+00,+0.44E+00,+2.960E+00
2,03/2/2026,18:42:06.406,-0.047E+00,+0.000E+00,+0.000E+00,-0.188E+00,+5.80E+00,-6.99E+00,+0.55E+00,+2.922E+00
2,03/2/2026,18:42:06.406,-0.047E+00,-0.047E+00,+0.000E+00,-0.188E+00,+5.71E+00,-7.03E+00,+0.67E+00,+2.884E+00
2,03/2/2026,18:42:06.406,-0.047E+00,-0.047E+00,-0.047E+00,-0.188E+00,+5.62E+00,-7.07E+00,+0.79E+00,+2.846E+00
2,03/2/2026,18:42:06.406,+0.000E+00,-0.047E+00,-0.047E+00,-0.188E+00,+5.54E+00,-7.11E+00,+0.92E+00,+2.800E+00
2,03/2/2026,18:42:06.406,-0.047E+00,-0.047E+00,-0.047E+00,-0.188E+00,+5.46E+00,-7.14E+00,+1.02E+00,+2.762E+00
2,03/2/2026,18:42:06.406,-0.047E+00,-0.047E+00,+0.000E+00,-0.188E+00,+5.37E+00,-7.17E+00,+1.14E+00,+2.724E+00
2,03/2/2026,18:42:06.406,-0.047E+00,-0.047E+00,+0.000E+00,-0.188E+00,+5.30E+00,-7.20E+00,+1.27E+00,+2.678E+00
2,03/2/2026,18:42:06.406,-0.047E+00,-0.047E+00,-0.047E+00,-0.188E+00,+5.20E+00,-7.23E+00,+1.37E+00,+2.640E+00
2,03/2/2026,18:42:06.406,+0.000E+00,-0.047E+00,-0.047E+00,-0.188E+00,+5.11E+00,-7.26E+00,+1.50E+00,+2.594E+00
2,03/2/2026,18:42:06.406,+0.000E+00,-0.047E+00,-0.047E+00,-0.188E+00,+5.04E+00,-7.29E+00,+1.60E+00,+2.556E+00
2,03/2/2026,18:42:06.406,-0.047E+00,-0.047E+00,+0.000E+00,-0.188E+00,+4.94E+00,-7.32E+00,+1.71E+00,+2.510E+00
2,03/2/2026,18:42:06.406,-0.047E+00,-0.047E+00,+0.000E+00,-0.188E+00,+4.87E+00,-7.34E+00,+1.83E+00,+2.472E+00
2,03/2/2026,18:42:06.406,-0.047E+00,-0.047E+00,+0.000E+00,-0.188E+00,+4.78E+00,-7.37E+00,+1.94E+00,+2.434E+00
2,03/2/2026,18:42:06.406,-0.047E+00,-0.047E+00,+0.000E+00,-0.188E+00,+4.70E+00,-7.40E+00,+2.06E+00,+2.388E+00
2,03/2/2026,18:42:06.406,-0.047E+00,-0.047E+00,+0.000E+00,-0.188E+00,+4.61E+00,-7.42E+00,+2.17E+00,+2.342E+00
2,03/2/2026,18:42:06.406,+0.000E+00,-0.047E+00,-0.047E+00,-0.188E+00,+4.53E+00,-7.43E+00,+2.27E+00,+2.304E+00
2,03/2/2026,18:42:06.406,-0.047E+00,-0.047E+00,-0.047E+00,-0.188E+00,+4.44E+00,-7.46E+00,+2.38E+00,+2.259E+00
2,03/2/2026,18:42:06.406,-0.047E+00,-0.047E+00,-0.047E+00,-0.188E+00,+4.33E+00,-7.48E+00,+2.49E+00,+2.213E+00
2,03/2/2026,18:42:06.406,-0.047E+00,-0.047E+00,-0.047E+00,-0.188E+00,+4.24E+00,-7.49E+00,+2.59E+00,+2.167E+00
2,03/2/2026,18:42:06.407,-0.047E+00,-0.047E+00,+0.000E+00,-0.188E+00,+4.17E+00,-7.51E+00,+2.70E+00,+2.121E+00
2,03/2/2026,18:42:06.407,-0.047E+00,-0.047E+00,+0.000E+00,-0.188E+00,+4.07E+00,-7.52E+00,+2.79E+00,+2.075E+00
2,03/2/2026,18:42:06.407,-0.047E+00,-0.047E+00,-0.047E+00,-0.188E+00,+3.97E+00,-7.54E+00,+2.90E+00,+2.022E+00
2,03/2/2026,18:42:06.407,-0.047E+00,-0.047E+00,+0.000E+00,-0.188E+00,+3.88E+00,-7.55E+00,+3.01E+00,+1.984E+00
2,03/2/2026,18:42:06.407,-0.047E+00,-0.047E+00,+0.000E+00,-0.188E+00,+3.78E+00,-7.57E+00,+3.11E+00,+1.938E+00
2,03/2/2026,18:42:06.407,-0.047E+00,-0.047E+00,-0.047E+00,-0.188E+00,+3.69E+00,-7.57E+00,+3.20E+00,+1.892E+00
2,03/2/2026,18:42:06.407,-0.047E+00,-0.047E+00,-0.047E+00,-0.188E+00,+3.60E+00,-7.58E+00,+3.31E+00,+1.839E+00
2,03/2/2026,18:42:06.407,-0.047E+00,-0.047E+00,+0.000E+00,-0.188E+00,+3.51E+00,-7.60E+00,+3.43E+00,+1.801E+00
2,03/2/2026,18:42:06.407,+0.000E+00,-0.047E+00,+0.000E+00,-0.188E+00,+3.42E+00,-7.60E+00,+3.53E+00,+1.747E+00
2,03/2/2026,18:42:06.407,-0.047E+00,-0.047E+00,-0.047E+00,-0.188E+00,+3.31E+00,-7.60E+00,+3.63E+00,+1.702E+00
2,03/2/2026,18:42:06.407,-0.047E+00,-0.047E+00,-0.047E+00,-0.188E+00,+3.20E+00,-7.61E+00,+3.72E+00,+1.648E+00
2,03/2/2026,18:42:06.407,-0.047E+00,-0.047E+00,-0.047E+00,-0.188E+00,+3.11E+00,-7.61E+00,+3.83E+00,+1.602E+00
2,03/2/2026,18:42:06.407,-0.047E+00,-0.047E+00,+0.000E+00,-0.188E+00,+3.01E+00,-7.63E+00,+3.92E+00,+1.549E+00
2,03/2/2026,18:42:06.407,-0.047E+00,-0.047E+00,+0.000E+00,-0.188E+00,+2.91E+00,-7.63E+00,+4.03E+00,+1.503E+00
2,03/2/2026,18:42:06.407,-0.047E+00,-0.047E+00,-0.047E+00,-0.188E+00,+2.81E+00,-7.63E+00,+4.12E+00,+1.450E+00
2,03/2/2026,18:42:06.407,-0.047E+00,-0.047E+00,-0.047E+00,-0.188E+00,+2.70E+00,-7.63E+00,+4.23E+00,+1.396E+00
2,03/2/2026,18:42:06.407,-0.047E+00,-0.047E+00,+0.000E+00,-0.188E+00,+2.59E+00,-7.65E+00,+4.32E+00,+1.343E+00
2,03/2/2026,18:42:06.407,-0.047E+00,-0.047E+00,+0.000E+00,-0.188E+00,+2.49E+00,-7.65E+00,+4.41E+00,+1.289E+00
2,03/2/2026,18:42:06.407,-0.047E+00,-0.047E+00,-0.047E+00,-0.188E+00,+2.38E+00,-7.63E+00,+4.52E+00,+1.236E+00
2,03/2/2026,18:42:06.407,-0.047E+00,-0.047E+00,+0.000E+00,-0.188E+00,+2.27E+00,-7.65E+00,+4.61E+00,+1.190E+00
2,03/2/2026,18:42:06.408,-0.047E+00,-0.047E+00,+0.000E+00,-0.188E+00,+2.17E+00,-7.65E+00,+4.72E+00,+1.137E+00
2,03/2/2026,18:42:06.408,-0.047E+00,-0.047E+00,-0.047E+00,-0.188E+00,+2.06E+00,-7.63E+00,+4.81E+00,+1.083E+00
2,03/2/2026,18:42:06.408,-0.047E+00,-0.047E+00,-0.047E+00,-0.188E+00,+1.97E+00,-7.63E+00,+4.90E+00,+1.038E+00
2,03/2/2026,18:42:06.408,-0.047E+00,-0.047E+00,+0.000E+00,-0.188E+00,+1.86E+00,-7.63E+00,+4.99E+00,+0.984E+00
2,03/2/2026,18:42:06.408,-0.047E+00,-0.047E+00,-0.047E+00,-0.188E+00,+1.75E+00,-7.61E+00,+5.08E+00,+0.939E+00
2,03/2/2026,18:42:06.408,-0.047E+00,-0.047E+00,-0.047E+00,-0.188E+00,+1.65E+00,-7.60E+00,+5.16E+00,+0.877E+00
2,03/2/2026,18:42:06.408,-0.047E+00,-0.047E+00,-0.047E+00,-0.188E+00,+1.54E+00,-7.57E+00,+5.22E+00,+0.824E+00
2,03/2/2026,18:42:06.408,-0.047E+00,-0.047E+00,+0.000E+00,-0.188E+00,+1.43E+00,-7.54E+00,+5.30E+00,+0.778E+00
2,03/2/2026,18:42:06.408,-0.047E+00,-0.047E+00,+0.000E+00,-0.188E+00,+1.31E+00,-7.49E+00,+5.37E+00,+0.725E+00
2,03/2/2026,18:42:06.408,-0.047E+00,-0.047E+00,+0.000E+00,-0.188E+00,+1.21E+00,-7.46E+00,+5.43E+00,+0.671E+00
2,03/2/2026,18:42:06.408,-0.047E+00,-0.047E+00,+0.000E+00,-0.188E+00,+1.10E+00,-7.42E+00,+5.49E+00,+0.610E+00
2,03/2/2026,18:42:06.408,-0.047E+00,-0.047E+00,+0.000E+00,-0.235E+00,+0.98E+00,-7.36E+00,+5.57E+00,+0.557E+00
2,03/2/2026,18:42:06.408,-0.047E+00,-0.047E+00,-0.047E+00,-0.188E+00,+0.87E+00,-7.32E+00,+5.63E+00,+0.504E+00
2,03/2/2026,18:42:06.408,-0.047E+00,-0.047E+00,-0.047E+00,-0.188E+00,+0.75E+00,-7.28E+00,+5.69E+00,+0.443E+00
2,03/2/2026,18:42:06.408,-0.047E+00,-0.047E+00,+0.000E+00,-0.188E+00,+0.64E+00,-7.22E+00,+5.75E+00,+0.389E+00
2,03/2/2026,18:42:06.408,-0.047E+00,-0.047E+00,-0.047E+00,-0.188E+00,+0.53E+00,-7.17E+00,+5.80E+00,+0.336E+00
2,03/2/2026,18:42:06.408,-0.047E+00,-0.047E+00,-0.047E+00,-0.188E+00,+0.41E+00,-7.11E+00,+5.86E+00,+0.275E+00
2,03/2/2026,18:42:06.408,-0.047E+00,-0.047E+00,-0.047E+00,-0.188E+00,+0.29E+00,-7.05E+00,+5.92E+00,+0.221E+00
2,03/2/2026,18:42:06.408,-0.047E+00,-0.047E+00,-0.047E+00,-0.235E+00,+0.18E+00,-6.97E+00,+5.97E+00,+0.160E+00
2,03/2/2026,18:42:06.408,-0.047E+00,-0.047E+00,-0.047E+00,-0.188E+00,+0.06E+00,-6.90E+00,+6.01E+00,+0.099E+00
2,03/2/2026,18:42:06.408,-0.047E+00,-0.047E+00,-0.047E+00,-0.188E+00,-0.05E+00,-6.82E+00,+6.07E+00,+0.046E+00
2,03/2/2026,18:42:06.409,-0.047E+00,-0.047E+00,-0.047E+00,-0.188E+00,-0.17E+00,-6.75E+00,+6.12E+00,-0.008E+00
2,03/2/2026,18:42:06.409,-0.047E+00,-0.047E+00,-0.047E+00,-0.188E+00,-0.27E+00,-6.67E+00,+6.18E+00,-0.061E+00
2,03/2/2026,18:42:06.409,-0.047E+00,-0.047E+00,+0.000E+00,-0.188E+00,-0.38E+00,-6.59E+00,+6.23E+00,-0.122E+00
2,03/2/2026,18:42:06.409,-0.047E+00,-0.047E+00,+0.000E+00,-0.188E+00,-0.50E+00,-6.52E+00,+6.27E+00,-0.175E+00
2,03/2/2026,18:42:06.409,+0.000E+00,-0.047E+00,-0.047E+00,-0.188E+00,-0.61E+00,-6.44E+00,+6.33E+00,-0.237E+00
2,03/2/2026,18:42:06.409,+0.000E+00,-0.047E+00,+0.000E+00,-0.188E+00,-0.73E+00,-6.36E+00,+6.36E+00,-0.290E+00
2,03/2/2026,18:42:06.409,-0.047E+00,-0.047E+00,+0.000E+00,-0.188E+00,-0.84E+00,-6.27E+00,+6.41E+00,-0.351E+00
2,03/2/2026,18:42:06.409,-0.047E+00,-0.047E+00,+0.000E+00,-0.188E+00,-0.96E+00,-6.20E+00,+6.46E+00,-0.404E+00
2,03/2/2026,18:42:06.409,-0.047E+00,-0.047E+00,+0.000E+00,-0.188E+00,-1.07E+00,-6.12E+00,+6.50E+00,-0.465E+00
2,03/2/2026,18:42:06.409,-0.047E+00,-0.047E+00,-0.047E+00,-0.188E+00,-1.19E+00,-6.03E+00,+6.55E+00,-0.526E+00
2,03/2/2026,18:42:06.409,-0.047E+00,-0.047E+00,-0.047E+00,-0.188E+00,-1.30E+00,-5.94E+00,+6.58E+00,-0.580E+00
2,03/2/2026,18:42:06.409,-0.047E+00,-0.047E+00,-0.047E+00,-0.188E+00,-1.42E+00,-5.86E+00,+6.61E+00,-0.641E+00
2,03/2/2026,18:42:06.409,-0.047E+00,-0.047E+00,+0.000E+00,-0.188E+00,-1.53E+00,-5.77E+00,+6.65E+00,-0.694E+00
2,03/2/2026,18:42:06.409,-0.047E+00,-0.047E+00,-0.047E+00,-0.188E+00,-1.63E+00,-5.69E+00,+6.68E+00,-0.755E+00
2,03/2/2026,18:42:06.409,-0.047E+00,-0.047E+00,-0.047E+00,-0.188E+00,-1.75E+00,-5.60E+00,+6.71E+00,-0.809E+00
2,03/2/2026,18:42:06.409,-0.047E+00,-0.047E+00,+0.000E+00,-0.188E+00,-1.86E+00,-5.52E+00,+6.75E+00,-0.862E+00
2,03/2/2026,18:42:06.409,-0.047E+00,-0.047E+00,-0.047E+00,-0.188E+00,-1.97E+00,-5.43E+00,+6.76E+00,-0.923E+00
2,03/2/2026,18:42:06.409,-0.047E+00,-0.047E+00,-0.047E+00,-0.188E+00,-2.08E+00,-5.34E+00,+6.79E+00,-0.977E+00
2,03/2/2026,18:42:06.409,-0.047E+00,-0.047E+00,+0.000E+00,-0.188E+00,-2.18E+00,-5.25E+00,+6.82E+00,-1.030E+00
2,03/2/2026,18:42:06.409,-0.047E+00,-0.047E+00,-0.047E+00,-0.188E+00,-2.29E+00,-5.17E+00,+6.85E+00,-1.083E+00
2,03/2/2026,18:42:06.410,-0.047E+00,-0.047E+00,-0.047E+00,-0.188E+00,-2.41E+00,-5.08E+00,+6.87E+00,-1.137E+00
2,03/2/2026,18:42:06.410,-0.047E+00,-0.047E+00,-0.047E+00,-0.188E+00,-2.52E+00,-4.99E+00,+6.88E+00,-1.190E+00
2,03/2/2026,18:42:06.410,-0.047E+00,-0.047E+00,-0.047E+00,-0.188E+00,-2.62E+00,-4.90E+00,+6.90E+00,-1.244E+00
2,03/2/2026,18:42:06.410,-0.047E+00,-0.047E+00,-0.047E+00,-0.188E+00,-2.72E+00,-4.81E+00,+6.93E+00,-1.297E+00
2,03/2/2026,18:42:06.410,-0.047E+00,-0.047E+00,-0.047E+00,-0.188E+00,-2.82E+00,-4.73E+00,+6.94E+00,-1.351E+00
2,03/2/2026,18:42:06.410,-0.047E+00,-0.047E+00,-0.047E+00,-0.188E+00,-2.93E+00,-4.64E+00,+6.96E+00,-1.404E+00
2,03/2/2026,18:42:06.410,-0.047E+00,-0.047E+00,-0.047E+00,-0.188E+00,-3.02E+00,-4.55E+00,+6.97E+00,-1.450E+00
2,03/2/2026,18:42:06.410,-0.047E+00,-0.047E+00,-0.047E+00,-0.188E+00,-3.13E+00,-4.46E+00,+6.99E+00,-1.503E+00
2,03/2/2026,18:42:06.410,-0.047E+00,-0.047E+00,+0.000E+00,-0.188E+00,-3.24E+00,-4.35E+00,+7.00E+00,-1.557E+00
2,03/2/2026,18:42:06.410,-0.047E+00,-0.047E+00,+0.000E+00,-0.188E+00,-3.33E+00,-4.26E+00,+7.03E+00,-1.602E+00
2,03/2/2026,18:42:06.410,-0.047E+00,-0.047E+00,-0.047E+00,-0.188E+00,-3.43E+00,-4.15E+00,+7.03E+00,-1.656E+00
2,03/2/2026,18:42:06.410,-0.047E+00,-0.047E+00,-0.047E+00,-0.188E+00,-3.54E+00,-4.06E+00,+7.05E+00,-1.709E+00
2,03/2/2026,18:42:06.410,-0.047E+00,-0.047E+00,+0.000E+00,-0.188E+00,-3.63E+00,-3.97E+00,+7.07E+00,-1.755E+00
2,03/2/2026,18:42:06.410,+0.000E+00,-0.047E+00,+0.000E+00,-0.188E+00,-3.72E+00,-3.86E+00,+7.07E+00,-1.808E+00
2,03/2/2026,18:42:06.410,-0.047E+00,-0.047E+00,-0.047E+00,-0.188E+00,-3.83E+00,-3.77E+00,+7.08E+00,-1.862E+00
2,03/2/2026,18:42:06.410,-0.047E+00,-0.047E+00,+0.000E+00,-0.188E+00,-3.92E+00,-3.66E+00,+7.10E+00,-1.908E+00
2,03/2/2026,18:42:06.410,+0.000E+00,-0.047E+00,+0.000E+00,-0.188E+00,-4.03E+00,-3.56E+00,+7.11E+00,-1.953E+00
2,03/2/2026,18:42:06.410,-0.047E+00,-0.047E+00,+0.000E+00,-0.235E+00,-4.14E+00,-3.46E+00,+7.11E+00,-2.007E+00
2,03/2/2026,18:42:06.410,-0.047E+00,-0.047E+00,-0.047E+00,-0.188E+00,-4.23E+00,-3.36E+00,+7.11E+00,-2.060E+00
2,03/2/2026,18:42:06.410,-0.047E+00,-0.047E+00,-0.047E+00,-0.188E+00,-4.32E+00,-3.25E+00,+7.13E+00,-2.106E+00
2,03/2/2026,18:42:06.411,-0.047E+00,-0.047E+00,+0.000E+00,-0.188E+00,-4.43E+00,-3.14E+00,+7.13E+00,-2.159E+00
2,03/2/2026,18:42:06.411,-0.047E+00,-0.047E+00,+0.000E+00,-0.188E+00,-4.52E+00,-3.04E+00,+7.14E+00,-2.205E+00
2,03/2/2026,18:42:06.411,+0.000E+00,-0.047E+00,-0.047E+00,-0.188E+00,-4.62E+00,-2.93E+00,+7.14E+00,-2.259E+00
2,03/2/2026,18:42:06.411,-0.047E+00,-0.047E+00,+0.000E+00,-0.188E+00,-4.72E+00,-2.82E+00,+7.14E+00,-2.312E+00
2,03/2/2026,18:42:06.411,-0.047E+00,-0.047E+00,-0.047E+00,-0.188E+00,-4.81E+00,-2.70E+00,+7.16E+00,-2.358E+00
2,03/2/2026,18:42:06.411,+0.000E+00,-0.047E+00,-0.047E+00,-0.188E+00,-4.90E+00,-2.59E+00,+7.17E+00,-2.403E+00
2,03/2/2026,18:42:06.411,-0.047E+00,-0.047E+00,+0.000E+00,-0.188E+00,-5.01E+00,-2.49E+00,+7.17E+00,-2.457E+00
2,03/2/2026,18:42:06.411,-0.047E+00,-0.047E+00,+0.000E+00,-0.188E+00,-5.10E+00,-2.37E+00,+7.17E+00,-2.503E+00
2,03/2/2026,18:42:06.411,-0.047E+00,-0.047E+00,-0.047E+00,-0.188E+00,-5.17E+00,-2.26E+00,+7.17E+00,-2.548E+00
2,03/2/2026,18:42:06.411,-0.047E+00,-0.047E+00,+0.000E+00,-0.188E+00,-5.26E+00,-2.15E+00,+7.17E+00,-2.594E+00
2,03/2/2026,18:42:06.411,-0.047E+00,-0.047E+00,+0.000E+00,-0.188E+00,-5.34E+00,-2.04E+00,+7.17E+00,-2.632E+00
2,03/2/2026,18:42:06.411,-0.047E+00,-0.047E+00,+0.000E+00,-0.141E+00,-5.42E+00,-1.92E+00,+7.17E+00,-2.678E+00
2,03/2/2026,18:42:06.411,-0.047E+00,-0.047E+00,-0.047E+00,-0.188E+00,-5.49E+00,-1.82E+00,+7.16E+00,-2.716E+00
2,03/2/2026,18:42:06.411,-0.047E+00,-0.047E+00,-0.047E+00,-0.188E+00,-5.57E+00,-1.69E+00,+7.14E+00,-2.762E+00
2,03/2/2026,18:42:06.411,-0.047E+00,-0.047E+00,-0.047E+00,-0.188E+00,-5.65E+00,-1.57E+00,+7.13E+00,-2.800E+00
2,03/2/2026,18:42:06.411,-0.047E+00,-0.047E+00,-0.047E+00,-0.188E+00,-5.71E+00,-1.46E+00,+7.10E+00,-2.831E+00
2,03/2/2026,18:42:06.411,-0.047E+00,-0.047E+00,-0.047E+00,-0.188E+00,-5.78E+00,-1.34E+00,+7.07E+00,-2.869E+00
2,03/2/2026,18:42:06.411,-0.047E+00,-0.047E+00,-0.047E+00,-0.188E+00,-5.84E+00,-1.22E+00,+7.02E+00,-2.899E+00
2,03/2/2026,18:42:06.411,-0.047E+00,-0.047E+00,+0.000E+00,-0.188E+00,-5.91E+00,-1.11E+00,+6.96E+00,-2.938E+00
2,03/2/2026,18:42:06.411,-0.047E+00,-0.047E+00,-0.047E+00,-0.188E+00,-5.97E+00,-0.99E+00,+6.90E+00,-2.968E+00
2,03/2/2026,18:42:06.412,+0.000E+00,-0.047E+00,-0.047E+00,-0.188E+00,-6.03E+00,-0.89E+00,+6.84E+00,-2.999E+00
2,03/2/2026,18:42:06.412,-0.047E+00,-0.047E+00,+0.000E+00,-0.188E+00,-6.09E+00,-0.78E+00,+6.78E+00,-3.029E+00
2,03/2/2026,18:42:06.412,-0.047E+00,-0.047E+00,-0.047E+00,-0.188E+00,-6.15E+00,-0.67E+00,+6.71E+00,-3.060E+00
2,03/2/2026,18:42:06.412,-0.047E+00,-0.047E+00,+0.000E+00,-0.188E+00,-6.20E+00,-0.56E+00,+6.65E+00,-3.083E+00
2,03/2/2026,18:42:06.412,+0.000E+00,-0.047E+00,+0.000E+00,-0.141E+00,-6.26E+00,-0.46E+00,+6.59E+00,-3.113E+00
2,03/2/2026,18:42:06.412,-0.047E+00,-0.047E+00,+0.000E+00,-0.188E+00,-6.30E+00,-0.34E+00,+6.53E+00,-3.144E+00
2,03/2/2026,18:42:06.412,-0.047E+00,-0.047E+00,-0.047E+00,-0.188E+00,-6.35E+00,-0.23E+00,+6.49E+00,-3.166E+00
2,03/2/2026,18:42:06.412,-0.047E+00,-0.047E+00,-0.047E+00,-0.188E+00,-6.39E+00,-0.11E+00,+6.42E+00,-3.189E+00
2,03/2/2026,18:42:06.412,-0.047E+00,-0.047E+00,-0.047E+00,-0.188E+00,-6.42E+00,+0.02E+00,+6.36E+00,-3.205E+00
2,03/2/2026,18:42:06.412,-0.047E+00,-0.047E+00,-0.047E+00,-0.188E+00,-6.46E+00,+0.14E+00,+6.30E+00,-3.228E+00
2,03/2/2026,18:42:06.412,-0.047E+00,-0.047E+00,+0.000E+00,-0.188E+00,-6.50E+00,+0.24E+00,+6.24E+00,-3.243E+00
2,03/2/2026,18:42:06.412,-0.047E+00,-0.047E+00,+0.000E+00,-0.188E+00,-6.53E+00,+0.37E+00,+6.17E+00,-3.258E+00
2,03/2/2026,18:42:06.412,-0.047E+00,-0.047E+00,-0.047E+00,-0.188E+00,-6.56E+00,+0.49E+00,+6.09E+00,-3.281E+00
2,03/2/2026,18:42:06.412,-0.047E+00,-0.047E+00,+0.000E+00,-0.188E+00,-6.59E+00,+0.60E+00,+6.01E+00,-3.296E+00
2,03/2/2026,18:42:06.412,-0.047E+00,+0.000E+00,+0.000E+00,-0.188E+00,-6.62E+00,+0.72E+00,+5.92E+00,-3.311E+00
2,03/2/2026,18:42:06.412,+0.000E+00,-0.047E+00,+0.000E+00,-0.188E+00,-6.65E+00,+0.84E+00,+5.84E+00,-3.327E+00
2,03/2/2026,18:42:06.412,+0.000E+00,-0.047E+00,-0.047E+00,-0.188E+00,-6.70E+00,+0.96E+00,+5.75E+00,-3.350E+00
2,03/2/2026,18:42:06.412,-0.047E+00,-0.047E+00,-0.047E+00,-0.188E+00,-6.73E+00,+1.08E+00,+5.66E+00,-3.365E+00
2,03/2/2026,18:42:06.412,-0.047E+00,-0.047E+00,+0.000E+00,-0.188E+00,-6.76E+00,+1.19E+00,+5.60E+00,-3.380E+00
2,03/2/2026,18:42:06.412,+0.000E+00,-0.047E+00,+0.000E+00,-0.188E+00,-6.79E+00,+1.31E+00,+5.52E+00,-3.395E+00
2,03/2/2026,18:42:06.413,-0.047E+00,-0.047E+00,-0.047E+00,-0.188E+00,-6.82E+00,+1.43E+00,+5.43E+00,-3.411E+00
2,03/2/2026,18:42:06.413,-0.047E+00,-0.047E+00,-0.047E+00,-0.188E+00,-6.85E+00,+1.56E+00,+5.36E+00,-3.426E+00
2,03/2/2026,18:42:06.413,-0.047E+00,-0.047E+00,-0.047E+00,-0.188E+00,-6.88E+00,+1.66E+00,+5.28E+00,-3.441E+00
2,03/2/2026,18:42:06.413,-0.047E+00,-0.047E+00,+0.000E+00,-0.188E+00,-6.91E+00,+1.79E+00,+5.20E+00,-3.464E+00
2,03/2/2026,18:42:06.413,-0.047E+00,-0.047E+00,+0.000E+00,-0.188E+00,-6.93E+00,+1.91E+00,+5.11E+00,-3.472E+00
2,03/2/2026,18:42:06.413,-0.047E+00,-0.047E+00,-0.047E+00,-0.188E+00,-6.96E+00,+2.01E+00,+5.04E+00,-3.479E+00
2,03/2/2026,18:42:06.413,-0.047E+00,-0.047E+00,+0.000E+00,-0.188E+00,-6.97E+00,+2.14E+00,+4.93E+00,-3.495E+00
2,03/2/2026,18:42:06.413,-0.047E+00,-0.047E+00,+0.000E+00,-0.188E+00,-7.00E+00,+2.24E+00,+4.85E+00,-3.502E+00
2,03/2/2026,18:42:06.413,-0.047E+00,-0.047E+00,-0.047E+00,-0.188E+00,-7.00E+00,+2.37E+00,+4.76E+00,-3.517E+00
2,03/2/2026,18:42:06.413,-0.047E+00,-0.047E+00,+0.000E+00,-0.188E+00,-7.03E+00,+2.49E+00,+4.67E+00,-3.525E+00
2,03/2/2026,18:42:06.413,-0.047E+00,-0.047E+00,+0.000E+00,-0.188E+00,-7.05E+00,+2.59E+00,+4.58E+00,-3.533E+00
2,03/2/2026,18:42:06.413,-0.047E+00,-0.047E+00,+0.000E+00,-0.188E+00,-7.07E+00,+2.70E+00,+4.50E+00,-3.540E+00
2,03/2/2026,18:42:06.413,-0.047E+00,-0.047E+00,+0.000E+00,-0.188E+00,-7.08E+00,+2.81E+00,+4.41E+00,-3.548E+00
2,03/2/2026,18:42:06.413,-0.047E+00,-0.047E+00,+0.000E+00,-0.188E+00,-7.08E+00,+2.93E+00,+4.30E+00,-3.556E+00
2,03/2/2026,18:42:06.413,-0.047E+00,-0.047E+00,+0.000E+00,-0.188E+00,-7.10E+00,+3.04E+00,+4.23E+00,-3.563E+00
2,03/2/2026,18:42:06.413,-0.047E+00,-0.047E+00,+0.000E+00,-0.188E+00,-7.11E+00,+3.14E+00,+4.14E+00,-3.571E+00
2,03/2/2026,18:42:06.413,-0.047E+00,-0.047E+00,+0.000E+00,-0.188E+00,-7.11E+00,+3.25E+00,+4.04E+00,-3.571E+00
2,03/2/2026,18:42:06.413,-0.047E+00,-0.047E+00,-0.047E+00,-0.188E+00,-7.13E+00,+3.36E+00,+3.94E+00,-3.579E+00
2,03/2/2026,18:42:06.413,-0.047E+00,-0.047E+00,+0.000E+00,-0.188E+00,-7.13E+00,+3.46E+00,+3.85E+00,-3.579E+00
2,03/2/2026,18:42:06.413,-0.047E+00,-0.047E+00,+0.000E+00,-0.188E+00,-7.14E+00,+3.57E+00,+3.75E+00,-3.586E+00
2,03/2/2026,18:42:06.414,-0.047E+00,-0.047E+00,-0.047E+00,-0.188E+00,-7.14E+00,+3.68E+00,+3.66E+00,-3.586E+00
2,03/2/2026,18:42:06.414,-0.047E+00,-0.047E+00,+0.000E+00,-0.141E+00,-7.14E+00,+3.78E+00,+3.56E+00,-3.594E+00
2,03/2/2026,18:42:06.414,-0.047E+00,-0.047E+00,+0.000E+00,-0.188E+00,-7.16E+00,+3.89E+00,+3.46E+00,-3.594E+00
2,03/2/2026,18:42:06.414,-0.047E+00,-0.047E+00,+0.000E+00,-0.188E+00,-7.16E+00,+4.00E+00,+3.37E+00,-3.594E+00
2,03/2/2026,18:42:06.414,+0.000E+00,-0.047E+00,-0.047E+00,-0.188E+00,-7.16E+00,+4.09E+00,+3.27E+00,-3.594E+00
2,03/2/2026,18:42:06.414,-0.047E+00,-0.047E+00,-0.047E+00,-0.188E+00,-7.16E+00,+4.20E+00,+3.16E+00,-3.601E+00
2,03/2/2026,18:42:06.414,-0.047E+00,-0.047E+00,+0.000E+00,-0.188E+00,-7.16E+00,+4.30E+00,+3.07E+00,-3.601E+00
2,03/2/2026,18:42:06.414,-0.047E+00,-0.047E+00,+0.000E+00,-0.188E+00,-7.16E+00,+4.41E+00,+2.96E+00,-3.601E+00
2,03/2/2026,18:42:06.414,-0.047E+00,-0.047E+00,+0.000E+00,-0.188E+00,-7.16E+00,+4.50E+00,+2.85E+00,-3.601E+00
2,03/2/2026,18:42:06.414,-0.047E+00,-0.047E+00,+0.000E+00,-0.188E+00,-7.16E+00,+4.61E+00,+2.76E+00,-3.601E+00
2,03/2/2026,18:42:06.414,-0.047E+00,-0.047E+00,+0.000E+00,-0.188E+00,-7.16E+00,+4.72E+00,+2.66E+00,-3.601E+00
2,03/2/2026,18:42:06.414,-0.047E+00,-0.047E+00,+0.000E+00,-0.188E+00,-7.16E+00,+4.81E+00,+2.53E+00,-3.594E+00
2,03/2/2026,18:42:06.414,-0.047E+00,-0.047E+00,-0.047E+00,-0.188E+00,-7.16E+00,+4.91E+00,+2.44E+00,-3.594E+00
2,03/2/2026,18:42:06.414,-0.047E+00,-0.047E+00,+0.000E+00,-0.188E+00,-7.14E+00,+5.01E+00,+2.33E+00,-3.594E+00
2,03/2/2026,18:42:06.414,-0.047E+00,-0.047E+00,-0.047E+00,-0.188E+00,-7.14E+00,+5.11E+00,+2.24E+00,-3.586E+00
2,03/2/2026,18:42:06.414,+0.000E+00,-0.047E+00,+0.000E+00,-0.188E+00,-7.13E+00,+5.19E+00,+2.14E+00,-3.579E+00
2,03/2/2026,18:42:06.414,+0.000E+00,-0.047E+00,+0.000E+00,-0.188E+00,-7.11E+00,+5.28E+00,+2.03E+00,-3.579E+00
2,03/2/2026,18:42:06.414,-0.047E+00,+0.000E+00,-0.047E+00,-0.188E+00,-7.11E+00,+5.37E+00,+1.92E+00,-3.571E+00
2,03/2/2026,18:42:06.414,-0.047E+00,-0.047E+00,-0.047E+00,-0.188E+00,-7.08E+00,+5.46E+00,+1.82E+00,-3.556E+00
2,03/2/2026,18:42:06.414,+0.000E+00,-0.047E+00,-0.047E+00,-0.188E+00,-7.05E+00,+5.54E+00,+1.71E+00,-3.540E+00
2,03/2/2026,18:42:06.415,-0.047E+00,-0.047E+00,+0.000E+00,-0.188E+00,-7.02E+00,+5.62E+00,+1.59E+00,-3.525E+00
2,03/2/2026,18:42:06.415,-0.047E+00,-0.047E+00,-0.047E+00,-0.188E+00,-6.99E+00,+5.69E+00,+1.48E+00,-3.510E+00
2,03/2/2026,18:42:06.415,-0.047E+00,-0.047E+00,-0.047E+00,-0.188E+00,-6.94E+00,+5.75E+00,+1.37E+00,-3.487E+00
2,03/2/2026,18:42:06.415,-0.047E+00,-0.047E+00,+0.000E+00,-0.188E+00,-6.90E+00,+5.83E+00,+1.27E+00,-3.472E+00
2,03/2/2026,18:42:06.415,-0.047E+00,-0.047E+00,-0.047E+00,-0.188E+00,-6.87E+00,+5.91E+00,+1.14E+00,-3.449E+00
2,03/2/2026,18:42:06.415,-0.047E+00,-0.047E+00,-0.047E+00,-0.188E+00,-6.82E+00,+5.97E+00,+1.04E+00,-3.426E+00
2,03/2/2026,18:42:06.415,-0.047E+00,-0.047E+00,+0.000E+00,-0.188E+00,-6.78E+00,+6.03E+00,+0.92E+00,-3.395E+00
2,03/2/2026,18:42:06.415,-0.047E+00,-0.047E+00,+0.000E+00,-0.188E+00,-6.71E+00,+6.09E+00,+0.82E+00,-3.373E+00
2,03/2/2026,18:42:06.415,-0.047E+00,-0.047E+00,+0.000E+00,-0.188E+00,-6.67E+00,+6.15E+00,+0.70E+00,-3.350E+00
2,03/2/2026,18:42:06.415,-0.047E+00,-0.047E+00,-0.047E+00,-0.188E+00,-6.61E+00,+6.21E+00,+0.60E+00,-3.319E+00
2,03/2/2026,18:42:06.415,-0.047E+00,-0.047E+00,-0.047E+00,-0.188E+00,-6.55E+00,+6.27E+00,+0.47E+00,-3.289E+00
2,03/2/2026,18:42:06.415,-0.047E+00,-0.047E+00,+0.000E+00,-0.188E+00,-6.49E+00,+6.33E+00,+0.37E+00,-3.258E+00
2,03/2/2026,18:42:06.415,-0.047E+00,-0.047E+00,+0.000E+00,-0.188E+00,-6.41E+00,+6.38E+00,+0.24E+00,-3.228E+00
2,03/2/2026,18:42:06.415,-0.047E+00,-0.047E+00,-0.047E+00,-0.188E+00,-6.35E+00,+6.44E+00,+0.14E+00,-3.189E+00
2,03/2/2026,18:42:06.415,+0.000E+00,-0.047E+00,-0.047E+00,-0.188E+00,-6.29E+00,+6.50E+00,+0.03E+00,-3.151E+00
2,03/2/2026,18:42:06.415,+0.000E+00,-0.047E+00,+0.000E+00,-0.188E+00,-6.21E+00,+6.55E+00,-0.08E+00,-3.121E+00
2,03/2/2026,18:42:06.415,-0.047E+00,-0.047E+00,+0.000E+00,-0.188E+00,-6.13E+00,+6.59E+00,-0.20E+00,-3.083E+00
2,03/2/2026,18:42:06.415,-0.047E+00,-0.047E+00,+0.000E+00,-0.188E+00,-6.06E+00,+6.65E+00,-0.31E+00,-3.044E+00
2,03/2/2026,18:42:06.415,-0.047E+00,-0.047E+00,+0.000E+00,-0.141E+00,-5.98E+00,+6.70E+00,-0.41E+00,-3.006E+00
2,03/2/2026,18:42:06.415,-0.047E+00,-0.047E+00,-0.047E+00,-0.188E+00,-5.91E+00,+6.73E+00,-0.53E+00,-2.968E+00
2,03/2/2026,18:42:06.416,-0.047E+00,-0.047E+00,-0.047E+00,-0.188E+00,-5.83E+00,+6.78E+00,-0.64E+00,-2.930E+00
2,03/2/2026,18:42:06.416,-0.047E+00,-0.047E+00,+0.000E+00,-0.141E+00,-5.74E+00,+6.82E+00,-0.76E+00,-2.892E+00
2,03/2/2026,18:42:06.416,-0.047E+00,-0.047E+00,+0.000E+00,-0.188E+00,-5.66E+00,+6.87E+00,-0.87E+00,-2.846E+00
2,03/2/2026,18:42:06.416,-0.047E+00,-0.047E+00,-0.047E+00,-0.188E+00,-5.57E+00,+6.90E+00,-0.99E+00,-2.808E+00
2,03/2/2026,18:42:06.416,-0.047E+00,-0.047E+00,-0.047E+00,-0.188E+00,-5.49E+00,+6.93E+00,-1.11E+00,-2.770E+00
2,03/2/2026,18:42:06.416,-0.047E+00,-0.047E+00,+0.000E+00,-0.188E+00,-5.42E+00,+6.96E+00,-1.24E+00,-2.724E+00
2,03/2/2026,18:42:06.416,-0.047E+00,-0.047E+00,+0.000E+00,-0.188E+00,-5.33E+00,+6.99E+00,-1.34E+00,-2.686E+00
2,03/2/2026,18:42:06.416,-0.047E+00,-0.047E+00,+0.000E+00,-0.188E+00,-5.23E+00,+7.03E+00,-1.46E+00,-2.640E+00
2,03/2/2026,18:42:06.416,-0.047E+00,-0.047E+00,+0.000E+00,-0.188E+00,-5.16E+00,+7.07E+00,-1.57E+00,-2.602E+00
2,03/2/2026,18:42:06.416,-0.047E+00,-0.047E+00,-0.047E+00,-0.188E+00,-5.08E+00,+7.08E+00,-1.69E+00,-2.556E+00
2,03/2/2026,18:42:06.416,-0.047E+00,-0.047E+00,-0.047E+00,-0.188E+00,-4.99E+00,+7.11E+00,-1.80E+00,-2.518E+00
2,03/2/2026,18:42:06.416,-0.047E+00,-0.047E+00,-0.047E+00,-0.188E+00,-4.90E+00,+7.14E+00,-1.92E+00,-2.480E+00
2,03/2/2026,18:42:06.416,-0.047E+00,-0.047E+00,-0.047E+00,-0.188E+00,-4.82E+00,+7.17E+00,-2.03E+00,-2.434E+00
2,03/2/2026,18:42:06.416,-0.047E+00,-0.047E+00,+0.000E+00,-0.188E+00,-4.73E+00,+7.19E+00,-2.14E+00,-2.388E+00
2,03/2/2026,18:42:06.416,-0.047E+00,-0.047E+00,+0.000E+00,-0.188E+00,-4.65E+00,+7.22E+00,-2.24E+00,-2.350E+00
2,03/2/2026,18:42:06.416,-0.047E+00,-0.047E+00,-0.047E+00,-0.188E+00,-4.56E+00,+7.23E+00,-2.35E+00,-2.304E+00
2,03/2/2026,18:42:06.416,-0.047E+00,-0.047E+00,-0.047E+00,-0.188E+00,-4.47E+00,+7.25E+00,-2.46E+00,-2.259E+00
2,03/2/2026,18:42:06.416,-0.047E+00,-0.047E+00,+0.000E+00,-0.188E+00,-4.38E+00,+7.26E+00,-2.56E+00,-2.213E+00
2,03/2/2026,18:42:06.416,-0.047E+00,-0.047E+00,+0.000E+00,-0.235E+00,-4.29E+00,+7.28E+00,-2.67E+00,-2.167E+00
2,03/2/2026,18:42:06.416,-0.047E+00,-0.047E+00,+0.000E+00,-0.188E+00,-4.20E+00,+7.31E+00,-2.78E+00,-2.121E+00
2,03/2/2026,18:42:06.417,+0.000E+00,-0.047E+00,-0.047E+00,-0.188E+00,-4.10E+00,+7.32E+00,-2.88E+00,-2.075E+00
2,03/2/2026,18:42:06.417,-0.047E+00,-0.047E+00,-0.047E+00,-0.188E+00,-4.01E+00,+7.32E+00,-2.99E+00,-2.037E+00
2,03/2/2026,18:42:06.417,-0.047E+00,-0.047E+00,-0.047E+00,-0.188E+00,-3.92E+00,+7.34E+00,-3.10E+00,-1.991E+00
2,03/2/2026,18:42:06.417,-0.047E+00,-0.047E+00,+0.000E+00,-0.188E+00,-3.83E+00,+7.36E+00,-3.19E+00,-1.938E+00
2,03/2/2026,18:42:06.417,-0.047E+00,+0.000E+00,+0.000E+00,-0.188E+00,-3.74E+00,+7.37E+00,-3.30E+00,-1.900E+00
2,03/2/2026,18:42:06.417,-0.047E+00,-0.047E+00,-0.047E+00,-0.188E+00,-3.65E+00,+7.39E+00,-3.40E+00,-1.854E+00
2,03/2/2026,18:42:06.417,-0.047E+00,-0.047E+00,-0.047E+00,-0.188E+00,-3.56E+00,+7.39E+00,-3.51E+00,-1.801E+00
2,03/2/2026,18:42:06.417,-0.047E+00,-0.047E+00,-0.047E+00,-0.188E+00,-3.45E+00,+7.40E+00,-3.62E+00,-1.755E+00
2,03/2/2026,18:42:06.417,+0.000E+00,-0.047E+00,-0.047E+00,-0.188E+00,-3.36E+00,+7.40E+00,-3.72E+00,-1.709E+00
2,03/2/2026,18:42:06.417,-0.047E+00,-0.047E+00,+0.000E+00,-0.188E+00,-3.25E+00,+7.42E+00,-3.82E+00,-1.656E+00
2,03/2/2026,18:42:06.417,-0.047E+00,-0.047E+00,-0.047E+00,-0.188E+00,-3.16E+00,+7.42E+00,-3.91E+00,-1.610E+00
2,03/2/2026,18:42:06.417,-0.047E+00,-0.047E+00,-0.047E+00,-0.188E+00,-3.05E+00,+7.42E+00,-4.01E+00,-1.557E+00
2,03/2/2026,18:42:06.417,-0.047E+00,-0.047E+00,-0.047E+00,-0.188E+00,-2.96E+00,+7.43E+00,-4.12E+00,-1.503E+00
2,03/2/2026,18:42:06.417,-0.047E+00,-0.047E+00,+0.000E+00,-0.188E+00,-2.85E+00,+7.45E+00,-4.21E+00,-1.457E+00
2,03/2/2026,18:42:06.417,+0.000E+00,-0.047E+00,+0.000E+00,-0.188E+00,-2.75E+00,+7.43E+00,-4.30E+00,-1.404E+00
2,03/2/2026,18:42:06.417,+0.000E+00,-0.047E+00,+0.000E+00,-0.188E+00,-2.64E+00,+7.43E+00,-4.41E+00,-1.351E+00
2,03/2/2026,18:42:06.417,-0.047E+00,-0.047E+00,-0.047E+00,-0.188E+00,-2.53E+00,+7.45E+00,-4.50E+00,-1.297E+00
2,03/2/2026,18:42:06.417,-0.047E+00,-0.047E+00,-0.047E+00,-0.188E+00,-2.43E+00,+7.45E+00,-4.61E+00,-1.251E+00
2,03/2/2026,18:42:06.417,-0.047E+00,-0.047E+00,-0.047E+00,-0.188E+00,-2.32E+00,+7.45E+00,-4.70E+00,-1.198E+00
2,03/2/2026,18:42:06.417,-0.047E+00,-0.047E+00,+0.000E+00,-0.188E+00,-2.21E+00,+7.45E+00,-4.81E+00,-1.145E+00
2,03/2/2026,18:42:06.418,-0.047E+00,-0.047E+00,-0.047E+00,-0.188E+00,-2.11E+00,+7.45E+00,-4.90E+00,-1.091E+00
2,03/2/2026,18:42:06.418,-0.047E+00,-0.047E+00,+0.000E+00,-0.188E+00,-2.00E+00,+7.43E+00,-4.99E+00,-1.038E+00
2,03/2/2026,18:42:06.418,-0.047E+00,-0.047E+00,+0.000E+00,-0.188E+00,-1.91E+00,+7.42E+00,-5.08E+00,-0.992E+00
2,03/2/2026,18:42:06.418,-0.047E+00,-0.047E+00,-0.047E+00,-0.188E+00,-1.80E+00,+7.42E+00,-5.17E+00,-0.939E+00
2,03/2/2026,18:42:06.418,-0.047E+00,+0.000E+00,-0.047E+00,-0.188E+00,-1.69E+00,+7.40E+00,-5.23E+00,-0.885E+00
2,03/2/2026,18:42:06.418,-0.047E+00,-0.047E+00,-0.047E+00,-0.188E+00,-1.59E+00,+7.37E+00,-5.31E+00,-0.832E+00
2,03/2/2026,18:42:06.418,+0.000E+00,-0.047E+00,-0.047E+00,-0.188E+00,-1.48E+00,+7.34E+00,-5.39E+00,-0.778E+00
2,03/2/2026,18:42:06.418,+0.000E+00,-0.047E+00,+0.000E+00,-0.188E+00,-1.36E+00,+7.31E+00,-5.45E+00,-0.725E+00
2,03/2/2026,18:42:06.418,-0.047E+00,-0.047E+00,-0.047E+00,-0.188E+00,-1.25E+00,+7.26E+00,-5.52E+00,-0.671E+00
2,03/2/2026,18:42:06.418,-0.047E+00,-0.047E+00,-0.047E+00,-0.188E+00,-1.14E+00,+7.22E+00,-5.60E+00,-0.618E+00
2,03/2/2026,18:42:06.418,+0.000E+00,-0.047E+00,+0.000E+00,-0.188E+00,-1.02E+00,+7.17E+00,-5.66E+00,-0.557E+00
2,03/2/2026,18:42:06.418,+0.000E+00,-0.047E+00,+0.000E+00,-0.188E+00,-0.92E+00,+7.13E+00,-5.72E+00,-0.504E+00
2,03/2/2026,18:42:06.418,-0.047E+00,-0.047E+00,-0.047E+00,-0.188E+00,-0.79E+00,+7.08E+00,-5.78E+00,-0.450E+00
2,03/2/2026,18:42:06.418,-0.047E+00,-0.047E+00,-0.047E+00,-0.188E+00,-0.69E+00,+7.02E+00,-5.84E+00,-0.397E+00
2,03/2/2026,18:42:06.418,+0.000E+00,-0.047E+00,+0.000E+00,-0.188E+00,-0.58E+00,+6.96E+00,-5.89E+00,-0.336E+00
2,03/2/2026,18:42:06.418,-0.047E+00,-0.047E+00,-0.047E+00,-0.188E+00,-0.46E+00,+6.91E+00,-5.95E+00,-0.282E+00
2,03/2/2026,18:42:06.418,+0.000E+00,-0.047E+00,-0.047E+00,-0.188E+00,-0.34E+00,+6.85E+00,-6.01E+00,-0.221E+00
2,03/2/2026,18:42:06.418,+0.000E+00,-0.047E+00,+0.000E+00,-0.188E+00,-0.21E+00,+6.78E+00,-6.06E+00,-0.160E+00
2,03/2/2026,18:42:06.418,-0.047E+00,-0.047E+00,-0.047E+00,-0.188E+00,-0.11E+00,+6.70E+00,-6.10E+00,-0.107E+00
2,03/2/2026,18:42:06.418,+0.000E+00,-0.047E+00,-0.047E+00,-0.188E+00,+0.02E+00,+6.62E+00,-6.17E+00,-0.053E+00
2,03/2/2026,18:42:06.419,-0.047E+00,-0.047E+00,+0.000E+00,-0.188E+00,+0.12E+00,+6.55E+00,-6.21E+00,+0.008E+00
2,03/2/2026,18:42:06.419,-0.047E+00,-0.047E+00,+0.000E+00,-0.188E+00,+0.24E+00,+6.47E+00,-6.26E+00,+0.061E+00
2,03/2/2026,18:42:06.419,-0.047E+00,-0.047E+00,+0.000E+00,-0.188E+00,+0.35E+00,+6.39E+00,-6.32E+00,+0.122E+00
2,03/2/2026,18:42:06.419,-0.047E+00,-0.047E+00,-0.047E+00,-0.188E+00,+0.46E+00,+6.32E+00,-6.36E+00,+0.175E+00
2,03/2/2026,18:42:06.419,-0.047E+00,-0.047E+00,-0.047E+00,-0.188E+00,+0.58E+00,+6.24E+00,-6.41E+00,+0.229E+00
2,03/2/2026,18:42:06.419,-0.047E+00,-0.047E+00,-0.047E+00,-0.188E+00,+0.69E+00,+6.15E+00,-6.46E+00,+0.290E+00
2,03/2/2026,18:42:06.419,-0.047E+00,+0.000E+00,+0.000E+00,-0.188E+00,+0.81E+00,+6.07E+00,-6.50E+00,+0.343E+00
2,03/2/2026,18:42:06.419,-0.047E+00,-0.047E+00,+0.000E+00,-0.188E+00,+0.92E+00,+5.98E+00,-6.55E+00,+0.404E+00
2,03/2/2026,18:42:06.419,-0.047E+00,-0.047E+00,+0.000E+00,-0.188E+00,+1.04E+00,+5.91E+00,-6.59E+00,+0.465E+00
2,03/2/2026,18:42:06.419,+0.000E+00,-0.047E+00,+0.000E+00,-0.188E+00,+1.14E+00,+5.83E+00,-6.64E+00,+0.519E+00
2,03/2/2026,18:42:06.419,-0.047E+00,-0.047E+00,+0.000E+00,-0.188E+00,+1.27E+00,+5.74E+00,-6.67E+00,+0.580E+00
2,03/2/2026,18:42:06.419,-0.047E+00,-0.047E+00,+0.000E+00,-0.188E+00,+1.37E+00,+5.66E+00,-6.70E+00,+0.641E+00
2,03/2/2026,18:42:06.419,-0.047E+00,-0.047E+00,+0.000E+00,-0.188E+00,+1.48E+00,+5.57E+00,-6.75E+00,+0.694E+00
2,03/2/2026,18:42:06.419,-0.047E+00,-0.047E+00,-0.047E+00,-0.188E+00,+1.60E+00,+5.49E+00,-6.78E+00,+0.748E+00
2,03/2/2026,18:42:06.419,-0.047E+00,-0.047E+00,+0.000E+00,-0.188E+00,+1.71E+00,+5.42E+00,-6.81E+00,+0.801E+00
2,03/2/2026,18:42:06.419,-0.047E+00,-0.047E+00,+0.000E+00,-0.188E+00,+1.82E+00,+5.33E+00,-6.84E+00,+0.862E+00
2,03/2/2026,18:42:06.419,-0.047E+00,-0.047E+00,-0.047E+00,-0.188E+00,+1.94E+00,+5.23E+00,-6.87E+00,+0.923E+00
2,03/2/2026,18:42:06.419,-0.047E+00,-0.047E+00,-0.047E+00,-0.188E+00,+2.04E+00,+5.14E+00,-6.90E+00,+0.969E+00
2,03/2/2026,18:42:06.419,-0.047E+00,-0.047E+00,-0.047E+00,-0.188E+00,+2.14E+00,+5.07E+00,-6.91E+00,+1.022E+00
2,03/2/2026,18:42:06.419,+0.000E+00,-0.047E+00,+0.000E+00,-0.188E+00,+2.26E+00,+4.97E+00,-6.93E+00,+1.083E+00
2,03/2/2026,18:42:06.420,-0.047E+00,-0.047E+00,+0.000E+00,-0.188E+00,+2.37E+00,+4.88E+00,-6.96E+00,+1.137E+00
2,03/2/2026,18:42:06.420,-0.047E+00,-0.047E+00,-0.047E+00,-0.188E+00,+2.47E+00,+4.79E+00,-6.99E+00,+1.190E+00
2,03/2/2026,18:42:06.420,-0.047E+00,-0.047E+00,-0.047E+00,-0.188E+00,+2.58E+00,+4.70E+00,-7.00E+00,+1.244E+00
2,03/2/2026,18:42:06.420,-0.047E+00,-0.047E+00,+0.000E+00,-0.188E+00,+2.67E+00,+4.62E+00,-7.02E+00,+1.297E+00
2,03/2/2026,18:42:06.420,-0.047E+00,-0.047E+00,-0.047E+00,-0.188E+00,+2.78E+00,+4.53E+00,-7.03E+00,+1.343E+00
2,03/2/2026,18:42:06.420,-0.047E+00,-0.047E+00,+0.000E+00,-0.188E+00,+2.88E+00,+4.44E+00,-7.05E+00,+1.396E+00
2,03/2/2026,18:42:06.420,-0.047E+00,-0.047E+00,+0.000E+00,-0.188E+00,+2.99E+00,+4.33E+00,-7.08E+00,+1.450E+00
2,03/2/2026,18:42:06.420,-0.047E+00,-0.047E+00,-0.047E+00,-0.188E+00,+3.10E+00,+4.26E+00,-7.10E+00,+1.503E+00
2,03/2/2026,18:42:06.420,-0.047E+00,-0.047E+00,-0.047E+00,-0.188E+00,+3.20E+00,+4.17E+00,-7.10E+00,+1.557E+00
2,03/2/2026,18:42:06.420,-0.047E+00,-0.047E+00,+0.000E+00,-0.188E+00,+3.30E+00,+4.06E+00,-7.13E+00,+1.602E+00
2,03/2/2026,18:42:06.420,-0.047E+00,-0.047E+00,+0.000E+00,-0.188E+00,+3.39E+00,+3.97E+00,-7.13E+00,+1.656E+00
2,03/2/2026,18:42:06.420,-0.047E+00,-0.047E+00,+0.000E+00,-0.188E+00,+3.49E+00,+3.88E+00,-7.14E+00,+1.709E+00
2,03/2/2026,18:42:06.420,-0.047E+00,-0.047E+00,-0.047E+00,-0.188E+00,+3.59E+00,+3.77E+00,-7.16E+00,+1.755E+00
2,03/2/2026,18:42:06.420,-0.047E+00,-0.047E+00,-0.047E+00,-0.188E+00,+3.69E+00,+3.68E+00,-7.17E+00,+1.808E+00
2,03/2/2026,18:42:06.420,-0.047E+00,-0.047E+00,+0.000E+00,-0.188E+00,+3.78E+00,+3.57E+00,-7.19E+00,+1.854E+00
2,03/2/2026,18:42:06.420,-0.047E+00,-0.047E+00,-0.047E+00,-0.188E+00,+3.89E+00,+3.46E+00,-7.19E+00,+1.908E+00
2,03/2/2026,18:42:06.420,-0.047E+00,-0.047E+00,+0.000E+00,-0.188E+00,+3.98E+00,+3.37E+00,-7.20E+00,+1.953E+00
2,03/2/2026,18:42:06.420,+0.000E+00,-0.047E+00,+0.000E+00,-0.188E+00,+4.09E+00,+3.27E+00,-7.20E+00,+2.007E+00
2,03/2/2026,18:42:06.420,-0.047E+00,-0.047E+00,+0.000E+00,-0.188E+00,+4.18E+00,+3.16E+00,-7.22E+00,+2.052E+00
2,03/2/2026,18:42:06.420,-0.047E+00,-0.047E+00,-0.047E+00,-0.188E+00,+4.29E+00,+3.05E+00,-7.23E+00,+2.106E+00
2,03/2/2026,18:42:06.421,-0.047E+00,-0.047E+00,-0.047E+00,-0.188E+00,+4.38E+00,+2.95E+00,-7.23E+00,+2.152E+00
2,03/2/2026,18:42:06.421,-0.047E+00,-0.047E+00,+0.000E+00,-0.188E+00,+4.47E+00,+2.84E+00,-7.23E+00,+2.205E+00
2,03/2/2026,18:42:06.421,-0.047E+00,-0.047E+00,-0.047E+00,-0.188E+00,+4.58E+00,+2.73E+00,-7.25E+00,+2.251E+00
2,03/2/2026,18:42:06.421,+0.000E+00,-0.047E+00,-0.047E+00,-0.188E+00,+4.67E+00,+2.62E+00,-7.25E+00,+2.304E+00
2,03/2/2026,18:42:06.421,-0.047E+00,-0.047E+00,+0.000E+00,-0.188E+00,+4.76E+00,+2.52E+00,-7.25E+00,+2.358E+00
2,03/2/2026,18:42:06.421,-0.047E+00,-0.047E+00,+0.000E+00,-0.188E+00,+4.87E+00,+2.40E+00,-7.25E+00,+2.403E+00
2,03/2/2026,18:42:06.421,-0.047E+00,-0.047E+00,+0.000E+00,-0.188E+00,+4.96E+00,+2.29E+00,-7.26E+00,+2.449E+00
2,03/2/2026,18:42:06.421,-0.047E+00,-0.047E+00,-0.047E+00,-0.188E+00,+5.05E+00,+2.18E+00,-7.26E+00,+2.503E+00
2,03/2/2026,18:42:06.421,-0.047E+00,-0.047E+00,-0.047E+00,-0.188E+00,+5.14E+00,+2.08E+00,-7.26E+00,+2.548E+00
2,03/2/2026,18:42:06.421,-0.047E+00,-0.047E+00,-0.047E+00,-0.188E+00,+5.22E+00,+1.95E+00,-7.28E+00,+2.587E+00
2,03/2/2026,18:42:06.421,-0.047E+00,-0.047E+00,-0.047E+00,-0.188E+00,+5.31E+00,+1.85E+00,-7.28E+00,+2.632E+00
2,03/2/2026,18:42:06.421,-0.047E+00,-0.047E+00,-0.047E+00,-0.188E+00,+5.39E+00,+1.74E+00,-7.26E+00,+2.678E+00
2,03/2/2026,18:42:06.421,+0.000E+00,-0.047E+00,+0.000E+00,-0.188E+00,+5.46E+00,+1.62E+00,-7.25E+00,+2.716E+00
2,03/2/2026,18:42:06.421,-0.047E+00,-0.047E+00,+0.000E+00,-0.188E+00,+5.54E+00,+1.50E+00,-7.25E+00,+2.754E+00
2,03/2/2026,18:42:06.421,-0.047E+00,-0.047E+00,-0.047E+00,-0.188E+00,+5.60E+00,+1.39E+00,-7.22E+00,+2.793E+00
2,03/2/2026,18:42:06.421,-0.047E+00,-0.047E+00,-0.047E+00,-0.188E+00,+5.66E+00,+1.27E+00,-7.19E+00,+2.831E+00
2,03/2/2026,18:42:06.421,-0.047E+00,-0.047E+00,-0.047E+00,-0.188E+00,+5.72E+00,+1.14E+00,-7.16E+00,+2.861E+00
2,03/2/2026,18:42:06.421,-0.047E+00,-0.047E+00,+0.000E+00,-0.188E+00,+5.80E+00,+1.04E+00,-7.11E+00,+2.892E+00
2,03/2/2026,18:42:06.421,-0.047E+00,-0.047E+00,+0.000E+00,-0.188E+00,+5.86E+00,+0.92E+00,-7.05E+00,+2.930E+00
2,03/2/2026,18:42:06.421,-0.047E+00,-0.047E+00,-0.047E+00,-0.188E+00,+5.92E+00,+0.79E+00,-6.99E+00,+2.960E+00
2,03/2/2026,18:42:06.422,-0.047E+00,-0.047E+00,+0.000E+00,-0.188E+00,+5.98E+00,+0.69E+00,-6.93E+00,+2.991E+00
2,03/2/2026,18:42:06.422,-0.047E+00,-0.047E+00,+0.000E+00,-0.188E+00,+6.04E+00,+0.58E+00,-6.87E+00,+3.022E+00
2,03/2/2026,18:42:06.422,-0.047E+00,-0.047E+00,-0.047E+00,-0.188E+00,+6.10E+00,+0.47E+00,-6.81E+00,+3.052E+00
2,03/2/2026,18:42:06.422,-0.047E+00,-0.047E+00,+0.000E+00,-0.188E+00,+6.15E+00,+0.37E+00,-6.75E+00,+3.083E+00
2,03/2/2026,18:42:06.422,-0.047E+00,-0.047E+00,+0.000E+00,-0.188E+00,+6.21E+00,+0.24E+00,-6.70E+00,+3.113E+00
2,03/2/2026,18:42:06.422,-0.047E+00,-0.047E+00,-0.047E+00,-0.188E+00,+6.26E+00,+0.14E+00,-6.64E+00,+3.136E+00
2,03/2/2026,18:42:06.422,-0.047E+00,-0.047E+00,-0.047E+00,-0.188E+00,+6.30E+00,+0.02E+00,-6.59E+00,+3.159E+00
2,03/2/2026,18:42:06.422,-0.047E+00,-0.047E+00,-0.047E+00,-0.188E+00,+6.35E+00,-0.09E+00,-6.53E+00,+3.182E+00
2,03/2/2026,18:42:06.422,-0.047E+00,-0.047E+00,+0.000E+00,-0.188E+00,+6.39E+00,-0.21E+00,-6.46E+00,+3.205E+00
2,03/2/2026,18:42:06.422,-0.047E+00,-0.047E+00,+0.000E+00,-0.188E+00,+6.42E+00,-0.34E+00,-6.39E+00,+3.220E+00
2,03/2/2026,18:42:06.422,-0.047E+00,-0.047E+00,-0.047E+00,-0.188E+00,+6.46E+00,-0.46E+00,-6.33E+00,+3.243E+00
2,03/2/2026,18:42:06.422,+0.000E+00,-0.047E+00,+0.000E+00,-0.188E+00,+6.50E+00,-0.56E+00,-6.26E+00,+3.258E+00
2,03/2/2026,18:42:06.422,-0.047E+00,-0.047E+00,+0.000E+00,-0.188E+00,+6.53E+00,-0.69E+00,-6.18E+00,+3.273E+00
2,03/2/2026,18:42:06.422,-0.047E+00,-0.047E+00,+0.000E+00,-0.188E+00,+6.55E+00,-0.81E+00,-6.10E+00,+3.296E+00
2,03/2/2026,18:42:06.422,-0.047E+00,-0.047E+00,+0.000E+00,-0.141E+00,+6.59E+00,-0.92E+00,-6.01E+00,+3.311E+00
2,03/2/2026,18:42:06.422,-0.047E+00,-0.047E+00,+0.000E+00,-0.188E+00,+6.62E+00,-1.04E+00,-5.94E+00,+3.327E+00
2,03/2/2026,18:42:06.422,-0.047E+00,-0.047E+00,-0.047E+00,-0.188E+00,+6.65E+00,-1.16E+00,-5.84E+00,+3.342E+00
2,03/2/2026,18:42:06.422,-0.047E+00,-0.047E+00,-0.047E+00,-0.188E+00,+6.68E+00,-1.28E+00,-5.77E+00,+3.357E+00
2,03/2/2026,18:42:06.422,-0.047E+00,-0.047E+00,+0.000E+00,-0.188E+00,+6.73E+00,-1.40E+00,-5.69E+00,+3.373E+00
2,03/2/2026,18:42:06.422,-0.047E+00,-0.047E+00,-0.047E+00,-0.188E+00,+6.76E+00,-1.53E+00,-5.62E+00,+3.395E+00
2,03/2/2026,18:42:06.423,-0.047E+00,-0.047E+00,-0.047E+00,-0.188E+00,+6.78E+00,-1.65E+00,-5.54E+00,+3.411E+00
2,03/2/2026,18:42:06.423,-0.047E+00,-0.047E+00,-0.047E+00,-0.188E+00,+6.81E+00,-1.77E+00,-5.46E+00,+3.426E+00
2,03/2/2026,18:42:06.423,-0.047E+00,-0.047E+00,-0.047E+00,-0.188E+00,+6.84E+00,-1.88E+00,-5.37E+00,+3.441E+00
2,03/2/2026,18:42:06.423,-0.047E+00,-0.047E+00,+0.000E+00,-0.188E+00,+6.87E+00,-2.00E+00,-5.30E+00,+3.456E+00
2,03/2/2026,18:42:06.423,-0.047E+00,-0.047E+00,+0.000E+00,-0.188E+00,+6.88E+00,-2.12E+00,-5.22E+00,+3.464E+00
2,03/2/2026,18:42:06.423,-0.047E+00,-0.047E+00,+0.000E+00,-0.188E+00,+6.91E+00,-2.23E+00,-5.13E+00,+3.479E+00
2,03/2/2026,18:42:06.423,-0.047E+00,-0.047E+00,+0.000E+00,-0.188E+00,+6.93E+00,-2.35E+00,-5.04E+00,+3.487E+00
2,03/2/2026,18:42:06.423,-0.047E+00,-0.047E+00,+0.000E+00,-0.188E+00,+6.96E+00,-2.47E+00,-4.94E+00,+3.502E+00
2,03/2/2026,18:42:06.423,+0.000E+00,-0.047E+00,+0.000E+00,-0.188E+00,+6.97E+00,-2.58E+00,-4.87E+00,+3.510E+00
2,03/2/2026,18:42:06.423,+0.000E+00,-0.047E+00,+0.000E+00,-0.188E+00,+6.99E+00,-2.69E+00,-4.78E+00,+3.517E+00
2,03/2/2026,18:42:06.423,-0.047E+00,-0.047E+00,+0.000E+00,-0.188E+00,+7.00E+00,-2.81E+00,-4.67E+00,+3.533E+00
2,03/2/2026,18:42:06.423,-0.047E+00,-0.047E+00,+0.000E+00,-0.188E+00,+7.02E+00,-2.91E+00,-4.59E+00,+3.540E+00
2,03/2/2026,18:42:06.423,+0.000E+00,-0.047E+00,-0.047E+00,-0.188E+00,+7.03E+00,-3.02E+00,-4.50E+00,+3.540E+00
2,03/2/2026,18:42:06.423,-0.047E+00,-0.047E+00,+0.000E+00,-0.188E+00,+7.05E+00,-3.14E+00,-4.41E+00,+3.548E+00
2,03/2/2026,18:42:06.423,-0.047E+00,-0.047E+00,+0.000E+00,-0.188E+00,+7.07E+00,-3.25E+00,-4.32E+00,+3.556E+00
2,03/2/2026,18:42:06.423,-0.047E+00,-0.047E+00,-0.047E+00,-0.188E+00,+7.08E+00,-3.36E+00,-4.23E+00,+3.563E+00
2,03/2/2026,18:42:06.423,-0.047E+00,-0.047E+00,-0.047E+00,-0.188E+00,+7.08E+00,-3.46E+00,-4.14E+00,+3.571E+00
2,03/2/2026,18:42:06.423,-0.047E+00,-0.047E+00,-0.047E+00,-0.188E+00,+7.08E+00,-3.57E+00,-4.04E+00,+3.571E+00
2,03/2/2026,18:42:06.423,-0.047E+00,-0.047E+00,+0.000E+00,-0.188E+00,+7.10E+00,-3.69E+00,-3.95E+00,+3.579E+00
2,03/2/2026,18:42:06.423,-0.047E+00,-0.047E+00,+0.000E+00,-0.188E+00,+7.11E+00,-3.78E+00,-3.85E+00,+3.579E+00
2,03/2/2026,18:42:06.424,-0.047E+00,-0.047E+00,+0.000E+00,-0.235E+00,+7.11E+00,-3.89E+00,-3.75E+00,+3.586E+00
2,03/2/2026,18:42:06.424,-0.047E+00,-0.047E+00,-0.047E+00,-0.188E+00,+7.11E+00,-4.00E+00,-3.66E+00,+3.594E+00
2,03/2/2026,18:42:06.424,-0.047E+00,-0.047E+00,-0.047E+00,-0.188E+00,+7.11E+00,-4.10E+00,-3.56E+00,+3.594E+00
2,03/2/2026,18:42:06.424,-0.047E+00,-0.047E+00,+0.000E+00,-0.188E+00,+7.11E+00,-4.20E+00,-3.46E+00,+3.594E+00
2,03/2/2026,18:42:06.424,-0.047E+00,-0.047E+00,+0.000E+00,-0.188E+00,+7.13E+00,-4.30E+00,-3.37E+00,+3.594E+00
2,03/2/2026,18:42:06.424,-0.047E+00,-0.047E+00,+0.000E+00,-0.188E+00,+7.13E+00,-4.41E+00,-3.27E+00,+3.601E+00
2,03/2/2026,18:42:06.424,-0.047E+00,-0.047E+00,-0.047E+00,-0.188E+00,+7.13E+00,-4.52E+00,-3.16E+00,+3.594E+00
2,03/2/2026,18:42:06.424,-0.047E+00,-0.047E+00,-0.047E+00,-0.188E+00,+7.13E+00,-4.62E+00,-3.05E+00,+3.594E+00
2,03/2/2026,18:42:06.424,+0.000E+00,-0.047E+00,+0.000E+00,-0.141E+00,+7.13E+00,-4.72E+00,-2.95E+00,+3.594E+00
2,03/2/2026,18:42:06.424,-0.047E+00,-0.047E+00,+0.000E+00,-0.188E+00,+7.13E+00,-4.82E+00,-2.85E+00,+3.594E+00
2,03/2/2026,18:42:06.424,-0.047E+00,-0.047E+00,+0.000E+00,-0.188E+00,+7.13E+00,-4.93E+00,-2.75E+00,+3.594E+00
2,03/2/2026,18:42:06.424,+0.000E+00,-0.047E+00,-0.047E+00,-0.188E+00,+7.11E+00,-5.02E+00,-2.64E+00,+3.594E+00
2,03/2/2026,18:42:06.424,-0.047E+00,-0.047E+00,-0.047E+00,-0.188E+00,+7.13E+00,-5.13E+00,-2.53E+00,+3.594E+00
2,03/2/2026,18:42:06.424,-0.047E+00,-0.047E+00,-0.047E+00,-0.188E+00,+7.11E+00,-5.22E+00,-2.43E+00,+3.586E+00
2,03/2/2026,18:42:06.424,-0.047E+00,-0.047E+00,+0.000E+00,-0.188E+00,+7.10E+00,-5.31E+00,-2.32E+00,+3.586E+00
2,03/2/2026,18:42:06.424,-0.047E+00,-0.047E+00,+0.000E+00,-0.188E+00,+7.10E+00,-5.40E+00,-2.21E+00,+3.579E+00
2,03/2/2026,18:42:06.424,-0.047E+00,-0.047E+00,-0.047E+00,-0.188E+00,+7.08E+00,-5.49E+00,-2.12E+00,+3.571E+00
2,03/2/2026,18:42:06.424,-0.047E+00,-0.047E+00,+0.000E+00,-0.188E+00,+7.07E+00,-5.59E+00,-2.01E+00,+3.563E+00
2,03/2/2026,18:42:06.424,-0.047E+00,-0.047E+00,-0.047E+00,-0.188E+00,+7.05E+00,-5.66E+00,-1.91E+00,+3.556E+00
2,03/2/2026,18:42:06.424,-0.047E+00,-0.047E+00,+0.000E+00,-0.188E+00,+7.02E+00,-5.75E+00,-1.80E+00,+3.533E+00
2,03/2/2026,18:42:06.425,-0.047E+00,-0.047E+00,+0.000E+00,-0.188E+00,+6.99E+00,-5.83E+00,-1.69E+00,+3.525E+00
2,03/2/2026,18:42:06.425,-0.047E+00,-0.047E+00,+0.000E+00,-0.188E+00,+6.96E+00,-5.89E+00,-1.57E+00,+3.502E+00
2,03/2/2026,18:42:06.425,-0.047E+00,-0.047E+00,+0.000E+00,-0.188E+00,+6.91E+00,-5.97E+00,-1.46E+00,+3.487E+00
2,03/2/2026,18:42:06.425,+0.000E+00,-0.047E+00,+0.000E+00,-0.188E+00,+6.88E+00,-6.04E+00,-1.36E+00,+3.472E+00
2,03/2/2026,18:42:06.425,-0.047E+00,-0.047E+00,-0.047E+00,-0.188E+00,+6.84E+00,-6.10E+00,-1.25E+00,+3.441E+00
2,03/2/2026,18:42:06.425,-0.047E+00,-0.047E+00,-0.047E+00,-0.188E+00,+6.79E+00,-6.17E+00,-1.13E+00,+3.426E+00
2,03/2/2026,18:42:06.425,+0.000E+00,-0.047E+00,+0.000E+00,-0.188E+00,+6.75E+00,-6.23E+00,-1.02E+00,+3.403E+00
2,03/2/2026,18:42:06.425,+0.000E+00,-0.047E+00,+0.000E+00,-0.188E+00,+6.68E+00,-6.29E+00,-0.92E+00,+3.373E+00
2,03/2/2026,18:42:06.425,-0.047E+00,-0.047E+00,+0.000E+00,-0.188E+00,+6.64E+00,-6.35E+00,-0.79E+00,+3.342E+00
2,03/2/2026,18:42:06.425,-0.047E+00,-0.047E+00,+0.000E+00,-0.188E+00,+6.58E+00,-6.41E+00,-0.69E+00,+3.311E+00
2,03/2/2026,18:42:06.425,-0.047E+00,-0.047E+00,-0.047E+00,-0.188E+00,+6.52E+00,-6.47E+00,-0.58E+00,+3.281E+00
2,03/2/2026,18:42:06.425,-0.047E+00,-0.047E+00,-0.047E+00,-0.188E+00,+6.46E+00,-6.53E+00,-0.46E+00,+3.258E+00
2,03/2/2026,18:42:06.425,-0.047E+00,-0.047E+00,-0.047E+00,-0.188E+00,+6.38E+00,-6.59E+00,-0.35E+00,+3.220E+00
2,03/2/2026,18:42:06.425,-0.047E+00,-0.047E+00,+0.000E+00,-0.188E+00,+6.32E+00,-6.64E+00,-0.24E+00,+3.189E+00
2,03/2/2026,18:42:06.425,-0.047E+00,-0.047E+00,+0.000E+00,-0.188E+00,+6.26E+00,-6.70E+00,-0.12E+00,+3.151E+00
2,03/2/2026,18:42:06.425,-0.047E+00,-0.047E+00,-0.047E+00,-0.188E+00,+6.18E+00,-6.76E+00,+0.00E+00,+3.121E+00
2,03/2/2026,18:42:06.425,-0.047E+00,-0.047E+00,-0.047E+00,-0.188E+00,+6.10E+00,-6.81E+00,+0.11E+00,+3.083E+00
2,03/2/2026,18:42:06.425,-0.047E+00,-0.047E+00,-0.047E+00,-0.188E+00,+6.03E+00,-6.85E+00,+0.21E+00,+3.044E+00
2,03/2/2026,18:42:06.425,-0.047E+00,-0.047E+00,-0.047E+00,-0.188E+00,+5.95E+00,-6.91E+00,+0.32E+00,+3.006E+00
2,03/2/2026,18:42:06.425,-0.047E+00,-0.047E+00,-0.047E+00,-0.188E+00,+5.88E+00,-6.94E+00,+0.43E+00,+2.968E+00
2,03/2/2026,18:42:06.426,-0.047E+00,-0.047E+00,+0.000E+00,-0.188E+00,+5.78E+00,-6.99E+00,+0.55E+00,+2.922E+00
2,03/2/2026,18:42:06.426,-0.047E+00,-0.047E+00,+0.000E+00,-0.188E+00,+5.71E+00,-7.02E+00,+0.67E+00,+2.884E+00
2,03/2/2026,18:42:06.426,-0.047E+00,-0.047E+00,+0.000E+00,-0.188E+00,+5.63E+00,-7.07E+00,+0.79E+00,+2.846E+00
2,03/2/2026,18:42:06.426,-0.047E+00,-0.047E+00,-0.047E+00,-0.188E+00,+5.54E+00,-7.10E+00,+0.90E+00,+2.808E+00
2,03/2/2026,18:42:06.426,-0.047E+00,-0.047E+00,-0.047E+00,-0.188E+00,+5.46E+00,-7.14E+00,+1.02E+00,+2.762E+00
2,03/2/2026,18:42:06.426,+0.000E+00,-0.047E+00,+0.000E+00,-0.188E+00,+5.37E+00,-7.17E+00,+1.14E+00,+2.724E+00
2,03/2/2026,18:42:06.426,-0.047E+00,-0.047E+00,-0.047E+00,-0.188E+00,+5.30E+00,-7.20E+00,+1.25E+00,+2.678E+00
2,03/2/2026,18:42:06.426,-0.047E+00,-0.047E+00,+0.000E+00,-0.188E+00,+5.20E+00,-7.23E+00,+1.37E+00,+2.640E+00
2,03/2/2026,18:42:06.426,-0.047E+00,-0.047E+00,+0.000E+00,-0.141E+00,+5.13E+00,-7.26E+00,+1.50E+00,+2.602E+00
2,03/2/2026,18:42:06.426,-0.047E+00,-0.047E+00,+0.000E+00,-0.188E+00,+5.04E+00,-7.29E+00,+1.60E+00,+2.556E+00
2,03/2/2026,18:42:06.426,-0.047E+00,-0.047E+00,-0.047E+00,-0.188E+00,+4.96E+00,-7.32E+00,+1.72E+00,+2.518E+00
2,03/2/2026,18:42:06.426,-0.047E+00,-0.047E+00,-0.047E+00,-0.188E+00,+4.87E+00,-7.34E+00,+1.83E+00,+2.472E+00
2,03/2/2026,18:42:06.426,-0.047E+00,-0.047E+00,+0.000E+00,-0.188E+00,+4.78E+00,-7.37E+00,+1.94E+00,+2.434E+00
2,03/2/2026,18:42:06.426,-0.047E+00,-0.047E+00,+0.000E+00,-0.188E+00,+4.70E+00,-7.40E+00,+2.04E+00,+2.388E+00
2,03/2/2026,18:42:06.426,-0.047E+00,-0.047E+00,-0.047E+00,-0.188E+00,+4.62E+00,-7.42E+00,+2.17E+00,+2.342E+00
2,03/2/2026,18:42:06.426,-0.047E+00,-0.047E+00,+0.000E+00,-0.188E+00,+4.53E+00,-7.43E+00,+2.27E+00,+2.304E+00
2,03/2/2026,18:42:06.426,-0.047E+00,-0.047E+00,+0.000E+00,-0.188E+00,+4.43E+00,-7.46E+00,+2.38E+00,+2.259E+00
2,03/2/2026,18:42:06.426,+0.000E+00,-0.047E+00,+0.000E+00,-0.188E+00,+4.35E+00,-7.46E+00,+2.49E+00,+2.213E+00
2,03/2/2026,18:42:06.426,-0.047E+00,-0.047E+00,+0.000E+00,-0.188E+00,+4.26E+00,-7.49E+00,+2.59E+00,+2.167E+00
2,03/2/2026,18:42:06.427,-0.047E+00,-0.047E+00,-0.047E+00,-0.188E+00,+4.17E+00,-7.51E+00,+2.70E+00,+2.121E+00
2,03/2/2026,18:42:06.427,-0.047E+00,-0.047E+00,-0.047E+00,-0.188E+00,+4.07E+00,-7.52E+00,+2.79E+00,+2.075E+00
2,03/2/2026,18:42:06.427,+0.000E+00,-0.047E+00,+0.000E+00,-0.188E+00,+3.98E+00,-7.54E+00,+2.90E+00,+2.030E+00
2,03/2/2026,18:42:06.427,-0.047E+00,-0.047E+00,+0.000E+00,-0.188E+00,+3.89E+00,-7.54E+00,+3.01E+00,+1.984E+00
2,03/2/2026,18:42:06.427,-0.047E+00,-0.047E+00,+0.000E+00,-0.188E+00,+3.80E+00,-7.55E+00,+3.11E+00,+1.938E+00
2,03/2/2026,18:42:06.427,-0.047E+00,-0.047E+00,-0.047E+00,-0.188E+00,+3.71E+00,-7.57E+00,+3.22E+00,+1.892E+00
2,03/2/2026,18:42:06.427,-0.047E+00,-0.047E+00,-0.047E+00,-0.188E+00,+3.62E+00,-7.58E+00,+3.31E+00,+1.846E+00
2,03/2/2026,18:42:06.427,-0.047E+00,-0.047E+00,-0.047E+00,-0.188E+00,+3.51E+00,-7.58E+00,+3.42E+00,+1.793E+00
2,03/2/2026,18:42:06.427,+0.000E+00,-0.047E+00,+0.000E+00,-0.188E+00,+3.42E+00,-7.58E+00,+3.53E+00,+1.755E+00
2,03/2/2026,18:42:06.427,-0.047E+00,-0.047E+00,-0.047E+00,-0.188E+00,+3.33E+00,-7.60E+00,+3.63E+00,+1.702E+00
2,03/2/2026,18:42:06.427,-0.047E+00,-0.047E+00,+0.000E+00,-0.188E+00,+3.22E+00,-7.61E+00,+3.72E+00,+1.648E+00
2,03/2/2026,18:42:06.427,-0.047E+00,-0.047E+00,+0.000E+00,-0.188E+00,+3.11E+00,-7.61E+00,+3.83E+00,+1.602E+00
2,03/2/2026,18:42:06.427,-0.047E+00,-0.047E+00,+0.000E+00,-0.188E+00,+3.01E+00,-7.63E+00,+3.92E+00,+1.549E+00
2,03/2/2026,18:42:06.427,-0.047E+00,-0.047E+00,-0.047E+00,-0.188E+00,+2.91E+00,-7.63E+00,+4.03E+00,+1.503E+00
2,03/2/2026,18:42:06.427,-0.047E+00,-0.047E+00,+0.000E+00,-0.188E+00,+2.81E+00,-7.63E+00,+4.12E+00,+1.457E+00
2,03/2/2026,18:42:06.427,-0.047E+00,-0.047E+00,+0.000E+00,-0.188E+00,+2.70E+00,-7.63E+00,+4.21E+00,+1.404E+00
2,03/2/2026,18:42:06.427,+0.000E+00,-0.047E+00,-0.047E+00,-0.188E+00,+2.59E+00,-7.65E+00,+4.32E+00,+1.343E+00
2,03/2/2026,18:42:06.427,+0.000E+00,-0.047E+00,+0.000E+00,-0.188E+00,+2.50E+00,-7.63E+00,+4.41E+00,+1.297E+00
2,03/2/2026,18:42:06.427,-0.047E+00,-0.047E+00,+0.000E+00,-0.188E+00,+2.40E+00,-7.63E+00,+4.52E+00,+1.244E+00
2,03/2/2026,18:42:06.427,-0.047E+00,-0.047E+00,+0.000E+00,-0.188E+00,+2.29E+00,-7.65E+00,+4.62E+00,+1.198E+00
2,03/2/2026,18:42:06.428,-0.047E+00,-0.047E+00,-0.047E+00,-0.188E+00,+2.18E+00,-7.65E+00,+4.72E+00,+1.145E+00
2,03/2/2026,18:42:06.428,-0.047E+00,-0.047E+00,+0.000E+00,-0.188E+00,+2.08E+00,-7.63E+00,+4.81E+00,+1.091E+00
2,03/2/2026,18:42:06.428,-0.047E+00,-0.047E+00,+0.000E+00,-0.188E+00,+1.97E+00,-7.63E+00,+4.90E+00,+1.038E+00
2,03/2/2026,18:42:06.428,-0.047E+00,-0.047E+00,-0.047E+00,-0.188E+00,+1.86E+00,-7.63E+00,+4.99E+00,+0.984E+00
2,03/2/2026,18:42:06.428,-0.047E+00,-0.047E+00,+0.000E+00,-0.188E+00,+1.75E+00,-7.61E+00,+5.08E+00,+0.939E+00
2,03/2/2026,18:42:06.428,-0.047E+00,-0.047E+00,+0.000E+00,-0.188E+00,+1.65E+00,-7.58E+00,+5.14E+00,+0.885E+00
2,03/2/2026,18:42:06.428,-0.047E+00,-0.047E+00,-0.047E+00,-0.188E+00,+1.54E+00,-7.57E+00,+5.22E+00,+0.832E+00
2,03/2/2026,18:42:06.428,+0.000E+00,-0.047E+00,-0.047E+00,-0.188E+00,+1.43E+00,-7.54E+00,+5.30E+00,+0.778E+00
2,03/2/2026,18:42:06.428,-0.047E+00,-0.047E+00,+0.000E+00,-0.188E+00,+1.33E+00,-7.49E+00,+5.36E+00,+0.725E+00
2,03/2/2026,18:42:06.428,-0.047E+00,-0.047E+00,+0.000E+00,-0.188E+00,+1.21E+00,-7.46E+00,+5.43E+00,+0.671E+00
2,03/2/2026,18:42:06.428,-0.047E+00,-0.047E+00,-0.047E+00,-0.188E+00,+1.10E+00,-7.42E+00,+5.51E+00,+0.610E+00
2,03/2/2026,18:42:06.428,-0.047E+00,-0.047E+00,-0.047E+00,-0.188E+00,+0.99E+00,-7.37E+00,+5.57E+00,+0.557E+00
2,03/2/2026,18:42:06.428,+0.000E+00,-0.047E+00,-0.047E+00,-0.188E+00,+0.87E+00,-7.32E+00,+5.63E+00,+0.504E+00
2,03/2/2026,18:42:06.428,+0.000E+00,-0.047E+00,-0.047E+00,-0.188E+00,+0.76E+00,-7.28E+00,+5.69E+00,+0.443E+00
2,03/2/2026,18:42:06.428,-0.047E+00,-0.047E+00,-0.047E+00,-0.188E+00,+0.66E+00,-7.22E+00,+5.74E+00,+0.389E+00
2,03/2/2026,18:42:06.428,-0.047E+00,-0.047E+00,-0.047E+00,-0.188E+00,+0.53E+00,-7.17E+00,+5.80E+00,+0.336E+00
2,03/2/2026,18:42:06.428,-0.047E+00,-0.047E+00,+0.000E+00,-0.188E+00,+0.41E+00,-7.11E+00,+5.86E+00,+0.282E+00
2,03/2/2026,18:42:06.428,-0.047E+00,-0.047E+00,+0.000E+00,-0.188E+00,+0.29E+00,-7.05E+00,+5.91E+00,+0.221E+00
2,03/2/2026,18:42:06.428,-0.047E+00,-0.047E+00,+0.000E+00,-0.188E+00,+0.18E+00,-6.97E+00,+5.97E+00,+0.160E+00
2,03/2/2026,18:42:06.428,-0.047E+00,-0.047E+00,+0.000E+00,-0.188E+00,+0.06E+00,-6.90E+00,+6.03E+00,+0.099E+00
2,03/2/2026,18:42:06.429,-0.047E+00,-0.047E+00,+0.000E+00,-0.188E+00,-0.05E+00,-6.84E+00,+6.07E+00,+0.046E+00
2,03/2/2026,18:42:06.429,-0.047E+00,-0.047E+00,-0.047E+00,-0.188E+00,-0.17E+00,-6.76E+00,+6.12E+00,-0.008E+00
2,03/2/2026,18:42:06.429,-0.047E+00,-0.047E+00,+0.000E+00,-0.188E+00,-0.27E+00,-6.68E+00,+6.18E+00,-0.069E+00
2,03/2/2026,18:42:06.429,-0.047E+00,-0.047E+00,-0.047E+00,-0.188E+00,-0.38E+00,-6.59E+00,+6.23E+00,-0.122E+00
2,03/2/2026,18:42:06.429,-0.047E+00,-0.047E+00,-0.047E+00,-0.188E+00,-0.50E+00,-6.52E+00,+6.27E+00,-0.175E+00
2,03/2/2026,18:42:06.429,-0.047E+00,-0.047E+00,+0.000E+00,-0.188E+00,-0.61E+00,-6.44E+00,+6.33E+00,-0.229E+00
2,03/2/2026,18:42:06.429,-0.047E+00,-0.047E+00,-0.047E+00,-0.188E+00,-0.72E+00,-6.36E+00,+6.36E+00,-0.290E+00
2,03/2/2026,18:42:06.429,-0.047E+00,-0.047E+00,+0.000E+00,-0.188E+00,-0.84E+00,-6.27E+00,+6.41E+00,-0.351E+00
2,03/2/2026,18:42:06.429,-0.047E+00,-0.047E+00,+0.000E+00,-0.188E+00,-0.96E+00,-6.20E+00,+6.46E+00,-0.404E+00
2,03/2/2026,18:42:06.429,-0.047E+00,-0.047E+00,-0.047E+00,-0.188E+00,-1.07E+00,-6.10E+00,+6.50E+00,-0.465E+00
2,03/2/2026,18:42:06.429,-0.047E+00,-0.047E+00,+0.000E+00,-0.188E+00,-1.18E+00,-6.01E+00,+6.55E+00,-0.526E+00
2,03/2/2026,18:42:06.429,+0.000E+00,-0.047E+00,+0.000E+00,-0.188E+00,-1.30E+00,-5.94E+00,+6.58E+00,-0.580E+00
2,03/2/2026,18:42:06.429,-0.047E+00,-0.047E+00,-0.047E+00,-0.188E+00,-1.42E+00,-5.86E+00,+6.62E+00,-0.641E+00
2,03/2/2026,18:42:06.429,-0.047E+00,-0.047E+00,-0.047E+00,-0.188E+00,-1.53E+00,-5.77E+00,+6.65E+00,-0.694E+00
2,03/2/2026,18:42:06.429,-0.047E+00,-0.047E+00,-0.047E+00,-0.188E+00,-1.65E+00,-5.69E+00,+6.68E+00,-0.755E+00
2,03/2/2026,18:42:06.429,-0.047E+00,-0.047E+00,-0.047E+00,-0.188E+00,-1.75E+00,-5.62E+00,+6.71E+00,-0.809E+00
2,03/2/2026,18:42:06.429,-0.047E+00,-0.047E+00,-0.047E+00,-0.188E+00,-1.86E+00,-5.52E+00,+6.75E+00,-0.862E+00
2,03/2/2026,18:42:06.429,-0.047E+00,-0.047E+00,-0.047E+00,-0.188E+00,-1.97E+00,-5.43E+00,+6.76E+00,-0.923E+00
2,03/2/2026,18:42:06.429,-0.047E+00,-0.047E+00,-0.047E+00,-0.188E+00,-2.08E+00,-5.36E+00,+6.79E+00,-0.977E+00
2,03/2/2026,18:42:06.429,-0.047E+00,-0.047E+00,-0.047E+00,-0.188E+00,-2.18E+00,-5.26E+00,+6.82E+00,-1.030E+00
2,03/2/2026,18:42:06.430,+0.000E+00,-0.047E+00,-0.047E+00,-0.188E+00,-2.29E+00,-5.17E+00,+6.85E+00,-1.083E+00
2,03/2/2026,18:42:06.430,-0.047E+00,-0.047E+00,+0.000E+00,-0.188E+00,-2.40E+00,-5.08E+00,+6.87E+00,-1.137E+00
2,03/2/2026,18:42:06.430,-0.047E+00,-0.047E+00,+0.000E+00,-0.188E+00,-2.50E+00,-4.99E+00,+6.90E+00,-1.190E+00
2,03/2/2026,18:42:06.430,-0.047E+00,-0.047E+00,-0.047E+00,-0.188E+00,-2.61E+00,-4.90E+00,+6.91E+00,-1.244E+00
2,03/2/2026,18:42:06.430,-0.047E+00,-0.047E+00,-0.047E+00,-0.188E+00,-2.72E+00,-4.81E+00,+6.93E+00,-1.297E+00
2,03/2/2026,18:42:06.430,-0.047E+00,-0.047E+00,+0.000E+00,-0.188E+00,-2.82E+00,-4.73E+00,+6.94E+00,-1.351E+00
2,03/2/2026,18:42:06.430,-0.047E+00,-0.047E+00,+0.000E+00,-0.188E+00,-2.93E+00,-4.64E+00,+6.97E+00,-1.396E+00
2,03/2/2026,18:42:06.430,-0.047E+00,-0.047E+00,-0.047E+00,-0.188E+00,-3.04E+00,-4.55E+00,+6.99E+00,-1.450E+00
2,03/2/2026,18:42:06.430,-0.047E+00,-0.047E+00,+0.000E+00,-0.188E+00,-3.13E+00,-4.46E+00,+6.99E+00,-1.503E+00
2,03/2/2026,18:42:06.430,-0.047E+00,-0.047E+00,+0.000E+00,-0.188E+00,-3.22E+00,-4.36E+00,+7.02E+00,-1.557E+00
2,03/2/2026,18:42:06.430,-0.047E+00,-0.047E+00,-0.047E+00,-0.188E+00,-3.33E+00,-4.27E+00,+7.02E+00,-1.610E+00
2,03/2/2026,18:42:06.430,-0.047E+00,-0.047E+00,+0.000E+00,-0.188E+00,-3.43E+00,-4.17E+00,+7.03E+00,-1.656E+00
2,03/2/2026,18:42:06.430,-0.047E+00,-0.047E+00,+0.000E+00,-0.188E+00,-3.53E+00,-4.07E+00,+7.05E+00,-1.702E+00
2,03/2/2026,18:42:06.430,-0.047E+00,-0.047E+00,+0.000E+00,-0.188E+00,-3.63E+00,-3.98E+00,+7.07E+00,-1.755E+00
2,03/2/2026,18:42:06.430,-0.047E+00,-0.047E+00,-0.047E+00,-0.188E+00,-3.72E+00,-3.88E+00,+7.07E+00,-1.808E+00
2,03/2/2026,18:42:06.430,-0.047E+00,-0.047E+00,-0.047E+00,-0.188E+00,-3.83E+00,-3.77E+00,+7.08E+00,-1.854E+00
2,03/2/2026,18:42:06.430,-0.047E+00,-0.047E+00,+0.000E+00,-0.188E+00,-3.92E+00,-3.68E+00,+7.10E+00,-1.908E+00
2,03/2/2026,18:42:06.430,-0.047E+00,-0.047E+00,+0.000E+00,-0.188E+00,-4.01E+00,-3.57E+00,+7.11E+00,-1.953E+00
2,03/2/2026,18:42:06.430,-0.047E+00,-0.047E+00,+0.000E+00,-0.188E+00,-4.12E+00,-3.46E+00,+7.11E+00,-2.007E+00
2,03/2/2026,18:42:06.430,+0.000E+00,-0.047E+00,-0.047E+00,-0.188E+00,-4.21E+00,-3.36E+00,+7.11E+00,-2.052E+00
2,03/2/2026,18:42:06.431,-0.047E+00,-0.047E+00,-0.047E+00,-0.188E+00,-4.32E+00,-3.25E+00,+7.13E+00,-2.106E+00
2,03/2/2026,18:42:06.431,-0.047E+00,+0.000E+00,-0.047E+00,-0.188E+00,-4.41E+00,-3.16E+00,+7.14E+00,-2.152E+00
2,03/2/2026,18:42:06.431,-0.047E+00,-0.047E+00,-0.047E+00,-0.188E+00,-4.50E+00,-3.04E+00,+7.14E+00,-2.205E+00
2,03/2/2026,18:42:06.431,-0.047E+00,-0.047E+00,+0.000E+00,-0.188E+00,-4.61E+00,-2.93E+00,+7.14E+00,-2.259E+00
2,03/2/2026,18:42:06.431,-0.047E+00,-0.047E+00,+0.000E+00,-0.188E+00,-4.70E+00,-2.82E+00,+7.16E+00,-2.304E+00
2,03/2/2026,18:42:06.431,-0.047E+00,-0.047E+00,-0.047E+00,-0.188E+00,-4.81E+00,-2.72E+00,+7.16E+00,-2.350E+00
2,03/2/2026,18:42:06.431,-0.047E+00,-0.047E+00,-0.047E+00,-0.188E+00,-4.90E+00,-2.61E+00,+7.16E+00,-2.403E+00
2,03/2/2026,18:42:06.431,-0.047E+00,-0.047E+00,-0.047E+00,-0.188E+00,-4.99E+00,-2.49E+00,+7.16E+00,-2.449E+00
2,03/2/2026,18:42:06.431,+0.000E+00,-0.047E+00,-0.047E+00,-0.188E+00,-5.08E+00,-2.38E+00,+7.16E+00,-2.495E+00
2,03/2/2026,18:42:06.431,+0.000E+00,-0.047E+00,+0.000E+00,-0.188E+00,-5.17E+00,-2.27E+00,+7.17E+00,-2.548E+00
2,03/2/2026,18:42:06.431,-0.047E+00,-0.047E+00,-0.047E+00,-0.188E+00,-5.25E+00,-2.15E+00,+7.17E+00,-2.587E+00
2,03/2/2026,18:42:06.431,-0.047E+00,-0.047E+00,-0.047E+00,-0.188E+00,-5.34E+00,-2.04E+00,+7.17E+00,-2.632E+00
2,03/2/2026,18:42:06.431,-0.047E+00,-0.047E+00,+0.000E+00,-0.188E+00,-5.42E+00,-1.94E+00,+7.17E+00,-2.671E+00
2,03/2/2026,18:42:06.431,-0.047E+00,-0.047E+00,+0.000E+00,-0.188E+00,-5.49E+00,-1.83E+00,+7.16E+00,-2.716E+00
2,03/2/2026,18:42:06.431,-0.047E+00,-0.047E+00,-0.047E+00,-0.188E+00,-5.57E+00,-1.71E+00,+7.14E+00,-2.754E+00
2,03/2/2026,18:42:06.431,-0.047E+00,-0.047E+00,+0.000E+00,-0.188E+00,-5.63E+00,-1.59E+00,+7.13E+00,-2.793E+00
2,03/2/2026,18:42:06.431,-0.047E+00,-0.047E+00,+0.000E+00,-0.235E+00,-5.71E+00,-1.46E+00,+7.10E+00,-2.831E+00
2,03/2/2026,18:42:06.431,-0.047E+00,-0.047E+00,+0.000E+00,-0.188E+00,-5.77E+00,-1.36E+00,+7.07E+00,-2.869E+00
2,03/2/2026,18:42:06.431,-0.047E+00,-0.047E+00,-0.047E+00,-0.188E+00,-5.84E+00,-1.24E+00,+7.02E+00,-2.899E+00
2,03/2/2026,18:42:06.431,-0.047E+00,-0.047E+00,+0.000E+00,-0.188E+00,-5.91E+00,-1.11E+00,+6.96E+00,-2.938E+00
2,03/2/2026,18:42:06.432,-0.047E+00,-0.047E+00,-0.047E+00,-0.188E+00,-5.97E+00,-1.01E+00,+6.90E+00,-2.968E+00
2,03/2/2026,18:42:06.432,+0.000E+00,-0.047E+00,-0.047E+00,-0.188E+00,-6.03E+00,-0.90E+00,+6.84E+00,-2.999E+00
2,03/2/2026,18:42:06.432,-0.047E+00,-0.047E+00,-0.047E+00,-0.188E+00,-6.09E+00,-0.79E+00,+6.78E+00,-3.029E+00
2,03/2/2026,18:42:06.432,-0.047E+00,-0.047E+00,-0.047E+00,-0.188E+00,-6.13E+00,-0.69E+00,+6.71E+00,-3.060E+00
2,03/2/2026,18:42:06.432,-0.047E+00,-0.047E+00,-0.047E+00,-0.188E+00,-6.20E+00,-0.56E+00,+6.65E+00,-3.083E+00
2,03/2/2026,18:42:06.432,-0.047E+00,-0.047E+00,-0.047E+00,-0.188E+00,-6.26E+00,-0.46E+00,+6.59E+00,-3.113E+00
2,03/2/2026,18:42:06.432,+0.000E+00,-0.047E+00,+0.000E+00,-0.188E+00,-6.30E+00,-0.34E+00,+6.53E+00,-3.136E+00
2,03/2/2026,18:42:06.432,+0.000E+00,-0.047E+00,+0.000E+00,-0.141E+00,-6.35E+00,-0.21E+00,+6.49E+00,-3.166E+00
2,03/2/2026,18:42:06.432,-0.047E+00,-0.047E+00,+0.000E+00,-0.188E+00,-6.39E+00,-0.11E+00,+6.42E+00,-3.189E+00
2,03/2/2026,18:42:06.432,-0.047E+00,-0.047E+00,-0.047E+00,-0.188E+00,-6.44E+00,+0.00E+00,+6.36E+00,-3.205E+00
2,03/2/2026,18:42:06.432,+0.000E+00,-0.047E+00,-0.047E+00,-0.188E+00,-6.46E+00,+0.12E+00,+6.30E+00,-3.228E+00
2,03/2/2026,18:42:06.432,-0.047E+00,-0.047E+00,+0.000E+00,-0.188E+00,-6.50E+00,+0.24E+00,+6.24E+00,-3.243E+00
2,03/2/2026,18:42:06.432,-0.047E+00,-0.047E+00,+0.000E+00,-0.188E+00,-6.53E+00,+0.35E+00,+6.17E+00,-3.258E+00
2,03/2/2026,18:42:06.432,-0.047E+00,-0.047E+00,+0.000E+00,-0.188E+00,-6.56E+00,+0.47E+00,+6.09E+00,-3.281E+00
2,03/2/2026,18:42:06.432,-0.047E+00,-0.047E+00,-0.047E+00,-0.188E+00,-6.59E+00,+0.60E+00,+6.00E+00,-3.296E+00
2,03/2/2026,18:42:06.432,-0.047E+00,-0.047E+00,+0.000E+00,-0.188E+00,-6.62E+00,+0.72E+00,+5.92E+00,-3.311E+00
2,03/2/2026,18:42:06.432,-0.047E+00,-0.047E+00,+0.000E+00,-0.188E+00,-6.65E+00,+0.84E+00,+5.84E+00,-3.327E+00
2,03/2/2026,18:42:06.432,-0.047E+00,-0.047E+00,+0.000E+00,-0.188E+00,-6.70E+00,+0.96E+00,+5.75E+00,-3.350E+00
2,03/2/2026,18:42:06.432,-0.047E+00,-0.047E+00,+0.000E+00,-0.188E+00,-6.73E+00,+1.08E+00,+5.68E+00,-3.365E+00
2,03/2/2026,18:42:06.432,-0.047E+00,-0.047E+00,-0.047E+00,-0.188E+00,-6.76E+00,+1.21E+00,+5.60E+00,-3.380E+00
2,03/2/2026,18:42:06.433,+0.000E+00,-0.047E+00,-0.047E+00,-0.188E+00,-6.79E+00,+1.31E+00,+5.51E+00,-3.403E+00
2,03/2/2026,18:42:06.433,-0.047E+00,-0.047E+00,+0.000E+00,-0.188E+00,-6.82E+00,+1.43E+00,+5.43E+00,-3.418E+00
2,03/2/2026,18:42:06.433,-0.047E+00,-0.047E+00,-0.047E+00,-0.141E+00,-6.85E+00,+1.56E+00,+5.36E+00,-3.426E+00
2,03/2/2026,18:42:06.433,-0.047E+00,-0.047E+00,-0.047E+00,-0.188E+00,-6.88E+00,+1.66E+00,+5.28E+00,-3.449E+00
2,03/2/2026,18:42:06.433,-0.047E+00,-0.047E+00,-0.047E+00,-0.188E+00,-6.91E+00,+1.79E+00,+5.20E+00,-3.464E+00
2,03/2/2026,18:42:06.433,-0.047E+00,-0.047E+00,+0.000E+00,-0.188E+00,-6.94E+00,+1.91E+00,+5.11E+00,-3.472E+00
2,03/2/2026,18:42:06.433,-0.047E+00,-0.047E+00,+0.000E+00,-0.188E+00,-6.96E+00,+2.03E+00,+5.04E+00,-3.479E+00
2,03/2/2026,18:42:06.433,-0.047E+00,-0.047E+00,-0.047E+00,-0.188E+00,-6.97E+00,+2.14E+00,+4.94E+00,-3.495E+00
2,03/2/2026,18:42:06.433,-0.047E+00,-0.047E+00,-0.047E+00,-0.188E+00,-7.00E+00,+2.24E+00,+4.85E+00,-3.502E+00
2,03/2/2026,18:42:06.433,-0.047E+00,-0.047E+00,-0.047E+00,-0.188E+00,-7.02E+00,+2.37E+00,+4.76E+00,-3.517E+00
2,03/2/2026,18:42:06.433,-0.047E+00,-0.047E+00,-0.047E+00,-0.188E+00,-7.03E+00,+2.49E+00,+4.67E+00,-3.525E+00
2,03/2/2026,18:42:06.433,-0.047E+00,-0.047E+00,-0.047E+00,-0.188E+00,-7.05E+00,+2.59E+00,+4.59E+00,-3.533E+00
2,03/2/2026,18:42:06.433,-0.047E+00,-0.047E+00,-0.047E+00,-0.188E+00,-7.07E+00,+2.70E+00,+4.50E+00,-3.540E+00
2,03/2/2026,18:42:06.433,-0.047E+00,-0.047E+00,+0.000E+00,-0.188E+00,-7.08E+00,+2.82E+00,+4.41E+00,-3.548E+00
2,03/2/2026,18:42:06.433,-0.047E+00,-0.047E+00,+0.000E+00,-0.188E+00,-7.08E+00,+2.93E+00,+4.32E+00,-3.556E+00
2,03/2/2026,18:42:06.433,-0.047E+00,-0.047E+00,+0.000E+00,-0.188E+00,-7.10E+00,+3.04E+00,+4.23E+00,-3.563E+00
2,03/2/2026,18:42:06.433,+0.000E+00,-0.047E+00,-0.047E+00,-0.188E+00,-7.11E+00,+3.14E+00,+4.14E+00,-3.563E+00
2,03/2/2026,18:42:06.433,+0.000E+00,-0.047E+00,+0.000E+00,-0.188E+00,-7.11E+00,+3.25E+00,+4.04E+00,-3.571E+00
2,03/2/2026,18:42:06.433,-0.047E+00,-0.047E+00,+0.000E+00,-0.188E+00,-7.13E+00,+3.36E+00,+3.95E+00,-3.579E+00
2,03/2/2026,18:42:06.433,-0.047E+00,-0.047E+00,+0.000E+00,-0.188E+00,-7.13E+00,+3.46E+00,+3.85E+00,-3.579E+00
2,03/2/2026,18:42:06.434,-0.047E+00,-0.047E+00,+0.000E+00,-0.188E+00,-7.14E+00,+3.57E+00,+3.75E+00,-3.586E+00
2,03/2/2026,18:42:06.434,-0.047E+00,-0.047E+00,-0.047E+00,-0.188E+00,-7.14E+00,+3.68E+00,+3.66E+00,-3.594E+00
2,03/2/2026,18:42:06.434,-0.047E+00,-0.047E+00,-0.047E+00,-0.188E+00,-7.14E+00,+3.78E+00,+3.57E+00,-3.594E+00
2,03/2/2026,18:42:06.434,-0.047E+00,-0.047E+00,-0.047E+00,-0.188E+00,-7.16E+00,+3.88E+00,+3.46E+00,-3.594E+00
2,03/2/2026,18:42:06.434,-0.047E+00,-0.047E+00,+0.000E+00,-0.188E+00,-7.16E+00,+3.98E+00,+3.37E+00,-3.601E+00
2,03/2/2026,18:42:06.434,-0.047E+00,-0.047E+00,+0.000E+00,-0.188E+00,-7.16E+00,+4.09E+00,+3.28E+00,-3.594E+00
2,03/2/2026,18:42:06.434,-0.047E+00,-0.047E+00,+0.000E+00,-0.188E+00,-7.16E+00,+4.20E+00,+3.17E+00,-3.594E+00
2,03/2/2026,18:42:06.434,-0.047E+00,-0.047E+00,+0.000E+00,-0.188E+00,-7.16E+00,+4.30E+00,+3.07E+00,-3.601E+00
2,03/2/2026,18:42:06.434,-0.047E+00,-0.047E+00,-0.047E+00,-0.188E+00,-7.16E+00,+4.39E+00,+2.96E+00,-3.601E+00
2,03/2/2026,18:42:06.434,-0.047E+00,-0.047E+00,-0.047E+00,-0.188E+00,-7.16E+00,+4.50E+00,+2.87E+00,-3.594E+00
2,03/2/2026,18:42:06.434,-0.047E+00,-0.047E+00,-0.047E+00,-0.188E+00,-7.16E+00,+4.61E+00,+2.75E+00,-3.594E+00
2,03/2/2026,18:42:06.434,-0.047E+00,-0.047E+00,+0.000E+00,-0.188E+00,-7.16E+00,+4.72E+00,+2.64E+00,-3.594E+00
2,03/2/2026,18:42:06.434,-0.047E+00,-0.047E+00,+0.000E+00,-0.188E+00,-7.16E+00,+4.81E+00,+2.55E+00,-3.594E+00
2,03/2/2026,18:42:06.434,+0.000E+00,+0.000E+00,+0.000E+00,-0.188E+00,-7.16E+00,+4.91E+00,+2.46E+00,-3.594E+00
2,03/2/2026,18:42:06.434,+0.000E+00,-0.047E+00,+0.000E+00,-0.188E+00,-7.14E+00,+5.01E+00,+2.35E+00,-3.594E+00
2,03/2/2026,18:42:06.434,-0.047E+00,-0.047E+00,+0.000E+00,-0.188E+00,-7.13E+00,+5.10E+00,+2.23E+00,-3.586E+00
2,03/2/2026,18:42:06.434,-0.047E+00,-0.047E+00,-0.047E+00,-0.141E+00,-7.13E+00,+5.20E+00,+2.14E+00,-3.579E+00
2,03/2/2026,18:42:06.434,-0.047E+00,+0.000E+00,-0.047E+00,-0.188E+00,-7.11E+00,+5.28E+00,+2.03E+00,-3.579E+00
2,03/2/2026,18:42:06.434,-0.047E+00,-0.047E+00,+0.000E+00,-0.188E+00,-7.10E+00,+5.37E+00,+1.92E+00,-3.563E+00
2,03/2/2026,18:42:06.434,-0.047E+00,-0.047E+00,+0.000E+00,-0.188E+00,-7.07E+00,+5.46E+00,+1.82E+00,-3.556E+00
2,03/2/2026,18:42:06.435,-0.047E+00,-0.047E+00,+0.000E+00,-0.188E+00,-7.05E+00,+5.54E+00,+1.71E+00,-3.540E+00
2,03/2/2026,18:42:06.435,-0.047E+00,-0.047E+00,+0.000E+00,-0.188E+00,-7.02E+00,+5.62E+00,+1.60E+00,-3.525E+00
2,03/2/2026,18:42:06.435,-0.047E+00,-0.047E+00,-0.047E+00,-0.188E+00,-6.99E+00,+5.69E+00,+1.50E+00,-3.510E+00
2,03/2/2026,18:42:06.435,-0.047E+00,-0.047E+00,-0.047E+00,-0.188E+00,-6.94E+00,+5.75E+00,+1.39E+00,-3.487E+00
2,03/2/2026,18:42:06.435,-0.047E+00,-0.047E+00,+0.000E+00,-0.188E+00,-6.91E+00,+5.83E+00,+1.27E+00,-3.472E+00
2,03/2/2026,18:42:06.435,-0.047E+00,-0.047E+00,+0.000E+00,-0.188E+00,-6.87E+00,+5.89E+00,+1.14E+00,-3.449E+00
2,03/2/2026,18:42:06.435,-0.047E+00,-0.047E+00,-0.047E+00,-0.188E+00,-6.81E+00,+5.95E+00,+1.04E+00,-3.426E+00
2,03/2/2026,18:42:06.435,-0.047E+00,-0.047E+00,+0.000E+00,-0.188E+00,-6.76E+00,+6.03E+00,+0.93E+00,-3.403E+00
2,03/2/2026,18:42:06.435,-0.047E+00,-0.047E+00,+0.000E+00,-0.188E+00,-6.71E+00,+6.09E+00,+0.82E+00,-3.373E+00
2,03/2/2026,18:42:06.435,-0.094E+00,-0.047E+00,-0.047E+00,-0.188E+00,-6.67E+00,+6.15E+00,+0.70E+00,-3.350E+00
2,03/2/2026,18:42:06.435,-0.047E+00,-0.047E+00,-0.047E+00,-0.188E+00,-6.61E+00,+6.21E+00,+0.60E+00,-3.319E+00
2,03/2/2026,18:42:06.435,+0.000E+00,-0.047E+00,+0.000E+00,-0.188E+00,-6.55E+00,+6.27E+00,+0.49E+00,-3.289E+00
2,03/2/2026,18:42:06.435,+0.000E+00,-0.047E+00,+0.000E+00,-0.188E+00,-6.49E+00,+6.32E+00,+0.37E+00,-3.258E+00
2,03/2/2026,18:42:06.435,-0.047E+00,-0.047E+00,-0.047E+00,-0.188E+00,-6.42E+00,+6.38E+00,+0.26E+00,-3.228E+00
2,03/2/2026,18:42:06.435,-0.047E+00,-0.047E+00,-0.047E+00,-0.188E+00,-6.35E+00,+6.44E+00,+0.15E+00,-3.189E+00
2,03/2/2026,18:42:06.435,-0.047E+00,-0.047E+00,-0.047E+00,-0.188E+00,-6.27E+00,+6.50E+00,+0.03E+00,-3.159E+00
2,03/2/2026,18:42:06.435,-0.047E+00,-0.047E+00,-0.047E+00,-0.188E+00,-6.21E+00,+6.55E+00,-0.08E+00,-3.121E+00
2,03/2/2026,18:42:06.435,-0.047E+00,-0.047E+00,-0.047E+00,-0.188E+00,-6.15E+00,+6.59E+00,-0.18E+00,-3.083E+00
2,03/2/2026,18:42:06.435,+0.000E+00,-0.047E+00,+0.000E+00,-0.188E+00,-6.06E+00,+6.65E+00,-0.31E+00,-3.052E+00
2,03/2/2026,18:42:06.435,-0.047E+00,-0.047E+00,+0.000E+00,-0.188E+00,-5.98E+00,+6.70E+00,-0.41E+00,-3.006E+00
2,03/2/2026,18:42:06.436,-0.047E+00,-0.047E+00,-0.047E+00,-0.188E+00,-5.91E+00,+6.73E+00,-0.52E+00,-2.968E+00
2,03/2/2026,18:42:06.436,+0.000E+00,-0.047E+00,-0.047E+00,-0.188E+00,-5.83E+00,+6.78E+00,-0.64E+00,-2.930E+00
2,03/2/2026,18:42:06.436,-0.047E+00,-0.047E+00,-0.047E+00,-0.188E+00,-5.74E+00,+6.82E+00,-0.76E+00,-2.892E+00
2,03/2/2026,18:42:06.436,-0.047E+00,-0.047E+00,-0.047E+00,-0.188E+00,-5.66E+00,+6.85E+00,-0.87E+00,-2.846E+00
2,03/2/2026,18:42:06.436,+0.000E+00,-0.047E+00,+0.000E+00,-0.188E+00,-5.57E+00,+6.90E+00,-0.99E+00,-2.808E+00
2,03/2/2026,18:42:06.436,-0.047E+00,-0.047E+00,+0.000E+00,-0.188E+00,-5.49E+00,+6.93E+00,-1.11E+00,-2.770E+00
2,03/2/2026,18:42:06.436,-0.047E+00,-0.047E+00,+0.000E+00,-0.188E+00,-5.42E+00,+6.96E+00,-1.22E+00,-2.724E+00
2,03/2/2026,18:42:06.436,-0.047E+00,-0.047E+00,+0.000E+00,-0.188E+00,-5.33E+00,+6.99E+00,-1.34E+00,-2.686E+00
2,03/2/2026,18:42:06.436,-0.047E+00,-0.047E+00,+0.000E+00,-0.188E+00,-5.23E+00,+7.02E+00,-1.46E+00,-2.640E+00
2,03/2/2026,18:42:06.436,-0.047E+00,-0.047E+00,-0.047E+00,-0.188E+00,-5.16E+00,+7.05E+00,-1.57E+00,-2.602E+00
2,03/2/2026,18:42:06.436,-0.047E+00,-0.047E+00,-0.047E+00,-0.188E+00,-5.08E+00,+7.08E+00,-1.68E+00,-2.556E+00
2,03/2/2026,18:42:06.436,-0.047E+00,-0.047E+00,-0.047E+00,-0.188E+00,-4.99E+00,+7.11E+00,-1.80E+00,-2.518E+00
2,03/2/2026,18:42:06.436,-0.047E+00,-0.047E+00,-0.047E+00,-0.188E+00,-4.91E+00,+7.14E+00,-1.91E+00,-2.480E+00
2,03/2/2026,18:42:06.436,-0.047E+00,-0.047E+00,-0.047E+00,-0.188E+00,-4.82E+00,+7.17E+00,-2.01E+00,-2.434E+00
2,03/2/2026,18:42:06.436,-0.047E+00,-0.047E+00,-0.047E+00,-0.188E+00,-4.75E+00,+7.19E+00,-2.14E+00,-2.396E+00
2,03/2/2026,18:42:06.436,-0.047E+00,-0.047E+00,+0.000E+00,-0.188E+00,-4.65E+00,+7.22E+00,-2.24E+00,-2.350E+00
2,03/2/2026,18:42:06.436,-0.047E+00,-0.047E+00,+0.000E+00,-0.188E+00,-4.56E+00,+7.23E+00,-2.35E+00,-2.304E+00
2,03/2/2026,18:42:06.436,-0.047E+00,-0.047E+00,-0.047E+00,-0.188E+00,-4.47E+00,+7.25E+00,-2.46E+00,-2.259E+00
2,03/2/2026,18:42:06.436,-0.047E+00,-0.047E+00,+0.000E+00,-0.188E+00,-4.38E+00,+7.26E+00,-2.56E+00,-2.213E+00
2,03/2/2026,18:42:06.436,-0.047E+00,-0.047E+00,-0.047E+00,-0.188E+00,-4.30E+00,+7.29E+00,-2.67E+00,-2.167E+00
2,03/2/2026,18:42:06.437,-0.047E+00,-0.047E+00,-0.047E+00,-0.141E+00,-4.20E+00,+7.31E+00,-2.78E+00,-2.121E+00
2,03/2/2026,18:42:06.437,-0.047E+00,-0.047E+00,-0.047E+00,-0.188E+00,-4.10E+00,+7.32E+00,-2.88E+00,-2.075E+00
2,03/2/2026,18:42:06.437,-0.047E+00,-0.047E+00,-0.047E+00,-0.188E+00,-4.01E+00,+7.34E+00,-2.98E+00,-2.037E+00
2,03/2/2026,18:42:06.437,-0.047E+00,-0.047E+00,-0.047E+00,-0.188E+00,-3.92E+00,+7.36E+00,-3.08E+00,-1.991E+00
2,03/2/2026,18:42:06.437,-0.047E+00,-0.047E+00,+0.000E+00,-0.188E+00,-3.83E+00,+7.36E+00,-3.19E+00,-1.938E+00
2,03/2/2026,18:42:06.437,-0.047E+00,-0.047E+00,+0.000E+00,-0.188E+00,-3.74E+00,+7.37E+00,-3.30E+00,-1.900E+00
2,03/2/2026,18:42:06.437,-0.047E+00,-0.047E+00,+0.000E+00,-0.141E+00,-3.65E+00,+7.39E+00,-3.40E+00,-1.854E+00
2,03/2/2026,18:42:06.437,-0.047E+00,-0.047E+00,+0.000E+00,-0.188E+00,-3.56E+00,+7.39E+00,-3.51E+00,-1.801E+00
2,03/2/2026,18:42:06.437,-0.047E+00,-0.047E+00,-0.047E+00,-0.188E+00,-3.45E+00,+7.40E+00,-3.60E+00,-1.755E+00
2,03/2/2026,18:42:06.437,-0.047E+00,-0.047E+00,-0.047E+00,-0.188E+00,-3.36E+00,+7.42E+00,-3.71E+00,-1.709E+00
2,03/2/2026,18:42:06.437,-0.047E+00,-0.047E+00,+0.000E+00,-0.188E+00,-3.27E+00,+7.42E+00,-3.82E+00,-1.656E+00
2,03/2/2026,18:42:06.437,-0.047E+00,-0.047E+00,-0.047E+00,-0.188E+00,-3.16E+00,+7.42E+00,-3.91E+00,-1.610E+00
2,03/2/2026,18:42:06.437,-0.047E+00,-0.047E+00,-0.047E+00,-0.188E+00,-3.07E+00,+7.42E+00,-4.00E+00,-1.557E+00
2,03/2/2026,18:42:06.437,-0.047E+00,-0.047E+00,-0.047E+00,-0.188E+00,-2.96E+00,+7.43E+00,-4.10E+00,-1.511E+00
2,03/2/2026,18:42:06.437,-0.047E+00,-0.047E+00,-0.047E+00,-0.188E+00,-2.85E+00,+7.45E+00,-4.20E+00,-1.457E+00
2,03/2/2026,18:42:06.437,-0.047E+00,-0.047E+00,-0.047E+00,-0.188E+00,-2.75E+00,+7.43E+00,-4.30E+00,-1.404E+00
2,03/2/2026,18:42:06.437,-0.047E+00,-0.047E+00,-0.047E+00,-0.188E+00,-2.64E+00,+7.45E+00,-4.39E+00,-1.351E+00
2,03/2/2026,18:42:06.437,-0.047E+00,-0.047E+00,+0.000E+00,-0.188E+00,-2.53E+00,+7.45E+00,-4.50E+00,-1.297E+00
2,03/2/2026,18:42:06.437,-0.047E+00,-0.047E+00,+0.000E+00,-0.188E+00,-2.43E+00,+7.45E+00,-4.61E+00,-1.251E+00
2,03/2/2026,18:42:06.437,-0.047E+00,-0.047E+00,-0.047E+00,-0.188E+00,-2.32E+00,+7.45E+00,-4.70E+00,-1.198E+00
2,03/2/2026,18:42:06.438,-0.047E+00,-0.047E+00,-0.047E+00,-0.188E+00,-2.23E+00,+7.45E+00,-4.79E+00,-1.145E+00
2,03/2/2026,18:42:06.438,+0.000E+00,-0.047E+00,-0.047E+00,-0.188E+00,-2.12E+00,+7.45E+00,-4.90E+00,-1.099E+00
2,03/2/2026,18:42:06.438,-0.047E+00,-0.047E+00,-0.047E+00,-0.188E+00,-2.01E+00,+7.43E+00,-4.99E+00,-1.045E+00
2,03/2/2026,18:42:06.438,-0.047E+00,-0.047E+00,-0.047E+00,-0.188E+00,-1.91E+00,+7.43E+00,-5.08E+00,-0.992E+00
2,03/2/2026,18:42:06.438,+0.000E+00,-0.047E+00,+0.000E+00,-0.188E+00,-1.80E+00,+7.42E+00,-5.16E+00,-0.939E+00
2,03/2/2026,18:42:06.438,-0.047E+00,-0.047E+00,-0.047E+00,-0.188E+00,-1.69E+00,+7.40E+00,-5.23E+00,-0.893E+00
2,03/2/2026,18:42:06.438,-0.047E+00,-0.047E+00,-0.047E+00,-0.188E+00,-1.59E+00,+7.37E+00,-5.31E+00,-0.832E+00
2,03/2/2026,18:42:06.438,-0.047E+00,-0.047E+00,+0.000E+00,-0.188E+00,-1.48E+00,+7.34E+00,-5.39E+00,-0.778E+00
2,03/2/2026,18:42:06.438,-0.047E+00,-0.047E+00,+0.000E+00,-0.188E+00,-1.36E+00,+7.29E+00,-5.45E+00,-0.725E+00
2,03/2/2026,18:42:06.438,-0.047E+00,-0.047E+00,-0.047E+00,-0.188E+00,-1.25E+00,+7.26E+00,-5.52E+00,-0.671E+00
2,03/2/2026,18:42:06.438,-0.047E+00,-0.047E+00,-0.047E+00,-0.188E+00,-1.14E+00,+7.22E+00,-5.59E+00,-0.618E+00
2,03/2/2026,18:42:06.438,-0.047E+00,-0.047E+00,-0.047E+00,-0.188E+00,-1.02E+00,+7.17E+00,-5.65E+00,-0.565E+00
2,03/2/2026,18:42:06.438,-0.047E+00,-0.047E+00,+0.000E+00,-0.188E+00,-0.92E+00,+7.13E+00,-5.72E+00,-0.504E+00
2,03/2/2026,18:42:06.438,-0.047E+00,-0.047E+00,+0.000E+00,-0.188E+00,-0.81E+00,+7.08E+00,-5.77E+00,-0.450E+00
2,03/2/2026,18:42:06.438,+0.000E+00,-0.047E+00,-0.047E+00,-0.188E+00,-0.69E+00,+7.03E+00,-5.83E+00,-0.397E+00
2,03/2/2026,18:42:06.438,-0.047E+00,-0.047E+00,-0.047E+00,-0.188E+00,-0.56E+00,+6.97E+00,-5.89E+00,-0.336E+00
2,03/2/2026,18:42:06.438,-0.047E+00,-0.047E+00,+0.000E+00,-0.188E+00,-0.46E+00,+6.91E+00,-5.95E+00,-0.275E+00
2,03/2/2026,18:42:06.438,-0.047E+00,-0.047E+00,+0.000E+00,-0.188E+00,-0.34E+00,+6.85E+00,-6.00E+00,-0.221E+00
2,03/2/2026,18:42:06.438,-0.047E+00,-0.047E+00,-0.047E+00,-0.188E+00,-0.21E+00,+6.78E+00,-6.06E+00,-0.168E+00
2,03/2/2026,18:42:06.438,-0.047E+00,-0.047E+00,-0.047E+00,-0.188E+00,-0.11E+00,+6.70E+00,-6.10E+00,-0.107E+00
2,03/2/2026,18:42:06.439,+0.000E+00,-0.047E+00,-0.047E+00,-0.188E+00,+0.00E+00,+6.62E+00,-6.17E+00,-0.053E+00
2,03/2/2026,18:42:06.439,-0.047E+00,-0.047E+00,-0.047E+00,-0.188E+00,+0.12E+00,+6.55E+00,-6.21E+00,+0.008E+00
2,03/2/2026,18:42:06.439,-0.047E+00,-0.047E+00,-0.047E+00,-0.188E+00,+0.24E+00,+6.47E+00,-6.26E+00,+0.061E+00
2,03/2/2026,18:42:06.439,-0.047E+00,-0.047E+00,+0.000E+00,-0.141E+00,+0.35E+00,+6.39E+00,-6.32E+00,+0.114E+00
2,03/2/2026,18:42:06.439,-0.047E+00,-0.047E+00,+0.000E+00,-0.188E+00,+0.46E+00,+6.32E+00,-6.36E+00,+0.175E+00
2,03/2/2026,18:42:06.439,-0.047E+00,-0.047E+00,-0.047E+00,-0.188E+00,+0.58E+00,+6.24E+00,-6.41E+00,+0.237E+00
2,03/2/2026,18:42:06.439,-0.047E+00,-0.047E+00,-0.047E+00,-0.188E+00,+0.69E+00,+6.17E+00,-6.46E+00,+0.290E+00
2,03/2/2026,18:42:06.439,-0.047E+00,-0.047E+00,-0.047E+00,-0.188E+00,+0.81E+00,+6.07E+00,-6.50E+00,+0.343E+00
2,03/2/2026,18:42:06.439,-0.047E+00,-0.047E+00,-0.047E+00,-0.188E+00,+0.92E+00,+6.00E+00,-6.55E+00,+0.404E+00
2,03/2/2026,18:42:06.439,-0.047E+00,-0.047E+00,-0.047E+00,-0.188E+00,+1.02E+00,+5.91E+00,-6.59E+00,+0.465E+00
2,03/2/2026,18:42:06.439,-0.047E+00,-0.047E+00,+0.000E+00,-0.188E+00,+1.14E+00,+5.83E+00,-6.62E+00,+0.519E+00
2,03/2/2026,18:42:06.439,-0.047E+00,-0.047E+00,-0.047E+00,-0.188E+00,+1.25E+00,+5.75E+00,-6.67E+00,+0.572E+00
2,03/2/2026,18:42:06.439,-0.047E+00,-0.047E+00,-0.047E+00,-0.188E+00,+1.37E+00,+5.66E+00,-6.70E+00,+0.633E+00
2,03/2/2026,18:42:06.439,-0.047E+00,-0.047E+00,-0.047E+00,-0.188E+00,+1.48E+00,+5.57E+00,-6.73E+00,+0.694E+00
2,03/2/2026,18:42:06.439,-0.047E+00,-0.047E+00,-0.047E+00,-0.188E+00,+1.60E+00,+5.49E+00,-6.78E+00,+0.748E+00
2,03/2/2026,18:42:06.439,+0.000E+00,-0.047E+00,-0.047E+00,-0.188E+00,+1.71E+00,+5.40E+00,-6.81E+00,+0.809E+00
2,03/2/2026,18:42:06.439,+0.000E+00,-0.047E+00,-0.047E+00,-0.188E+00,+1.82E+00,+5.33E+00,-6.84E+00,+0.862E+00
2,03/2/2026,18:42:06.439,-0.047E+00,-0.047E+00,+0.000E+00,-0.188E+00,+1.92E+00,+5.25E+00,-6.87E+00,+0.916E+00
2,03/2/2026,18:42:06.439,-0.047E+00,-0.047E+00,+0.000E+00,-0.188E+00,+2.03E+00,+5.16E+00,-6.88E+00,+0.969E+00
2,03/2/2026,18:42:06.439,-0.047E+00,-0.047E+00,-0.047E+00,-0.188E+00,+2.14E+00,+5.07E+00,-6.91E+00,+1.022E+00
2,03/2/2026,18:42:06.440,-0.047E+00,-0.047E+00,-0.047E+00,-0.188E+00,+2.26E+00,+4.97E+00,-6.93E+00,+1.083E+00
2,03/2/2026,18:42:06.440,-0.047E+00,-0.047E+00,+0.000E+00,-0.188E+00,+2.35E+00,+4.88E+00,-6.96E+00,+1.129E+00
2,03/2/2026,18:42:06.440,-0.047E+00,-0.047E+00,+0.000E+00,-0.188E+00,+2.47E+00,+4.79E+00,-6.97E+00,+1.183E+00
2,03/2/2026,18:42:06.440,-0.047E+00,-0.047E+00,-0.047E+00,-0.188E+00,+2.58E+00,+4.72E+00,-7.00E+00,+1.236E+00
2,03/2/2026,18:42:06.440,-0.047E+00,-0.047E+00,+0.000E+00,-0.188E+00,+2.67E+00,+4.62E+00,-7.02E+00,+1.289E+00
2,03/2/2026,18:42:06.440,-0.047E+00,-0.047E+00,-0.047E+00,-0.188E+00,+2.78E+00,+4.53E+00,-7.03E+00,+1.343E+00
2,03/2/2026,18:42:06.440,-0.047E+00,-0.047E+00,-0.047E+00,-0.188E+00,+2.88E+00,+4.44E+00,-7.05E+00,+1.396E+00
2,03/2/2026,18:42:06.440,-0.047E+00,-0.047E+00,-0.047E+00,-0.188E+00,+2.99E+00,+4.35E+00,-7.07E+00,+1.450E+00
2,03/2/2026,18:42:06.440,-0.047E+00,-0.047E+00,-0.047E+00,-0.188E+00,+3.08E+00,+4.26E+00,-7.10E+00,+1.495E+00
2,03/2/2026,18:42:06.440,-0.047E+00,-0.047E+00,-0.047E+00,-0.188E+00,+3.19E+00,+4.17E+00,-7.10E+00,+1.549E+00
2,03/2/2026,18:42:06.440,-0.047E+00,-0.047E+00,-0.047E+00,-0.188E+00,+3.28E+00,+4.07E+00,-7.13E+00,+1.602E+00
2,03/2/2026,18:42:06.440,-0.047E+00,-0.047E+00,+0.000E+00,-0.188E+00,+3.39E+00,+3.98E+00,-7.13E+00,+1.648E+00
2,03/2/2026,18:42:06.440,-0.047E+00,-0.047E+00,+0.000E+00,-0.188E+00,+3.49E+00,+3.88E+00,-7.14E+00,+1.702E+00
2,03/2/2026,18:42:06.440,-0.047E+00,-0.047E+00,-0.047E+00,-0.188E+00,+3.59E+00,+3.77E+00,-7.16E+00,+1.755E+00
2,03/2/2026,18:42:06.440,-0.047E+00,-0.047E+00,-0.047E+00,-0.188E+00,+3.69E+00,+3.68E+00,-7.16E+00,+1.801E+00
2,03/2/2026,18:42:06.440,-0.047E+00,-0.047E+00,-0.047E+00,-0.188E+00,+3.78E+00,+3.57E+00,-7.17E+00,+1.854E+00
2,03/2/2026,18:42:06.440,-0.047E+00,-0.047E+00,-0.047E+00,-0.188E+00,+3.89E+00,+3.48E+00,-7.19E+00,+1.900E+00
2,03/2/2026,18:42:06.440,+0.000E+00,-0.047E+00,-0.047E+00,-0.188E+00,+3.98E+00,+3.37E+00,-7.20E+00,+1.953E+00
2,03/2/2026,18:42:06.440,-0.047E+00,-0.047E+00,-0.047E+00,-0.188E+00,+4.07E+00,+3.27E+00,-7.20E+00,+1.999E+00
2,03/2/2026,18:42:06.440,-0.047E+00,-0.047E+00,-0.047E+00,-0.188E+00,+4.18E+00,+3.16E+00,-7.20E+00,+2.052E+00
2,03/2/2026,18:42:06.441,+0.000E+00,-0.047E+00,+0.000E+00,-0.188E+00,+4.27E+00,+3.05E+00,-7.22E+00,+2.106E+00
2,03/2/2026,18:42:06.441,-0.047E+00,-0.047E+00,-0.047E+00,-0.188E+00,+4.38E+00,+2.95E+00,-7.23E+00,+2.152E+00
2,03/2/2026,18:42:06.441,-0.047E+00,-0.047E+00,-0.047E+00,-0.188E+00,+4.47E+00,+2.84E+00,-7.23E+00,+2.205E+00
2,03/2/2026,18:42:06.441,+0.000E+00,-0.047E+00,-0.047E+00,-0.188E+00,+4.56E+00,+2.73E+00,-7.23E+00,+2.251E+00
2,03/2/2026,18:42:06.441,-0.047E+00,-0.047E+00,-0.047E+00,-0.188E+00,+4.67E+00,+2.62E+00,-7.25E+00,+2.304E+00
2,03/2/2026,18:42:06.441,-0.047E+00,-0.047E+00,+0.000E+00,-0.188E+00,+4.78E+00,+2.52E+00,-7.25E+00,+2.350E+00
2,03/2/2026,18:42:06.441,+0.000E+00,-0.047E+00,+0.000E+00,-0.188E+00,+4.87E+00,+2.40E+00,-7.26E+00,+2.403E+00
2,03/2/2026,18:42:06.441,+0.000E+00,-0.047E+00,+0.000E+00,-0.188E+00,+4.96E+00,+2.29E+00,-7.26E+00,+2.457E+00
2,03/2/2026,18:42:06.441,-0.047E+00,-0.047E+00,+0.000E+00,-0.188E+00,+5.05E+00,+2.18E+00,-7.26E+00,+2.503E+00
2,03/2/2026,18:42:06.441,-0.047E+00,+0.000E+00,-0.047E+00,-0.188E+00,+5.13E+00,+2.08E+00,-7.26E+00,+2.541E+00
2,03/2/2026,18:42:06.441,-0.047E+00,-0.047E+00,-0.047E+00,-0.188E+00,+5.22E+00,+1.97E+00,-7.26E+00,+2.587E+00
2,03/2/2026,18:42:06.441,-0.047E+00,-0.047E+00,+0.000E+00,-0.188E+00,+5.30E+00,+1.85E+00,-7.26E+00,+2.632E+00
2,03/2/2026,18:42:06.441,-0.047E+00,-0.047E+00,+0.000E+00,-0.188E+00,+5.39E+00,+1.74E+00,-7.26E+00,+2.671E+00
2,03/2/2026,18:42:06.441,-0.047E+00,-0.047E+00,-0.047E+00,-0.188E+00,+5.45E+00,+1.62E+00,-7.25E+00,+2.716E+00
2,03/2/2026,18:42:06.441,-0.047E+00,-0.047E+00,-0.047E+00,-0.188E+00,+5.52E+00,+1.51E+00,-7.25E+00,+2.754E+00
2,03/2/2026,18:42:06.441,+0.000E+00,-0.047E+00,-0.047E+00,-0.188E+00,+5.60E+00,+1.39E+00,-7.22E+00,+2.793E+00
2,03/2/2026,18:42:06.441,-0.047E+00,-0.047E+00,-0.047E+00,-0.188E+00,+5.66E+00,+1.27E+00,-7.19E+00,+2.823E+00
2,03/2/2026,18:42:06.441,-0.047E+00,-0.047E+00,+0.000E+00,-0.188E+00,+5.72E+00,+1.14E+00,-7.16E+00,+2.861E+00
2,03/2/2026,18:42:06.441,+0.000E+00,-0.047E+00,+0.000E+00,-0.188E+00,+5.80E+00,+1.02E+00,-7.11E+00,+2.899E+00
2,03/2/2026,18:42:06.441,-0.047E+00,-0.047E+00,+0.000E+00,-0.188E+00,+5.86E+00,+0.92E+00,-7.05E+00,+2.930E+00
2,03/2/2026,18:42:06.442,-0.047E+00,-0.047E+00,+0.000E+00,-0.188E+00,+5.92E+00,+0.81E+00,-6.99E+00,+2.960E+00
2,03/2/2026,18:42:06.442,-0.047E+00,-0.047E+00,+0.000E+00,-0.188E+00,+5.98E+00,+0.69E+00,-6.93E+00,+2.991E+00
2,03/2/2026,18:42:06.442,+0.000E+00,-0.047E+00,-0.047E+00,-0.188E+00,+6.04E+00,+0.58E+00,-6.87E+00,+3.022E+00
2,03/2/2026,18:42:06.442,-0.047E+00,-0.047E+00,+0.000E+00,-0.188E+00,+6.10E+00,+0.47E+00,-6.81E+00,+3.052E+00
2,03/2/2026,18:42:06.442,-0.047E+00,-0.047E+00,+0.000E+00,-0.188E+00,+6.17E+00,+0.37E+00,-6.75E+00,+3.083E+00
2,03/2/2026,18:42:06.442,-0.047E+00,-0.047E+00,-0.047E+00,-0.188E+00,+6.21E+00,+0.24E+00,-6.68E+00,+3.105E+00
2,03/2/2026,18:42:06.442,-0.047E+00,-0.047E+00,+0.000E+00,-0.188E+00,+6.26E+00,+0.14E+00,-6.64E+00,+3.136E+00
2,03/2/2026,18:42:06.442,-0.047E+00,-0.047E+00,+0.000E+00,-0.188E+00,+6.30E+00,+0.03E+00,-6.58E+00,+3.159E+00
2,03/2/2026,18:42:06.442,-0.047E+00,-0.047E+00,+0.000E+00,-0.188E+00,+6.35E+00,-0.09E+00,-6.52E+00,+3.182E+00
2,03/2/2026,18:42:06.442,-0.047E+00,-0.047E+00,+0.000E+00,-0.188E+00,+6.39E+00,-0.21E+00,-6.46E+00,+3.197E+00
2,03/2/2026,18:42:06.442,-0.047E+00,-0.047E+00,-0.047E+00,-0.188E+00,+6.42E+00,-0.34E+00,-6.39E+00,+3.220E+00
2,03/2/2026,18:42:06.442,-0.047E+00,-0.047E+00,-0.047E+00,-0.188E+00,+6.46E+00,-0.46E+00,-6.33E+00,+3.235E+00
2,03/2/2026,18:42:06.442,-0.047E+00,-0.047E+00,-0.047E+00,-0.188E+00,+6.49E+00,-0.56E+00,-6.26E+00,+3.258E+00
2,03/2/2026,18:42:06.442,-0.047E+00,-0.047E+00,+0.000E+00,-0.188E+00,+6.52E+00,-0.69E+00,-6.18E+00,+3.273E+00
2,03/2/2026,18:42:06.442,-0.047E+00,-0.047E+00,-0.047E+00,-0.188E+00,+6.56E+00,-0.81E+00,-6.10E+00,+3.289E+00
2,03/2/2026,18:42:06.442,-0.047E+00,-0.047E+00,-0.047E+00,-0.188E+00,+6.59E+00,-0.92E+00,-6.01E+00,+3.311E+00
2,03/2/2026,18:42:06.442,-0.047E+00,-0.047E+00,-0.047E+00,-0.188E+00,+6.62E+00,-1.04E+00,-5.94E+00,+3.327E+00
2,03/2/2026,18:42:06.442,+0.000E+00,-0.047E+00,+0.000E+00,-0.188E+00,+6.65E+00,-1.18E+00,-5.86E+00,+3.342E+00
2,03/2/2026,18:42:06.442,-0.047E+00,-0.047E+00,-0.047E+00,-0.188E+00,+6.68E+00,-1.28E+00,-5.77E+00,+3.357E+00
2,03/2/2026,18:42:06.442,-0.047E+00,-0.047E+00,-0.047E+00,-0.188E+00,+6.73E+00,-1.40E+00,-5.69E+00,+3.380E+00
2,03/2/2026,18:42:06.443,+0.000E+00,-0.047E+00,+0.000E+00,-0.141E+00,+6.75E+00,-1.53E+00,-5.62E+00,+3.395E+00
2,03/2/2026,18:42:06.443,-0.047E+00,-0.047E+00,-0.047E+00,-0.188E+00,+6.78E+00,-1.65E+00,-5.54E+00,+3.411E+00
2,03/2/2026,18:42:06.443,-0.047E+00,-0.047E+00,-0.047E+00,-0.188E+00,+6.81E+00,-1.77E+00,-5.46E+00,+3.426E+00
2,03/2/2026,18:42:06.443,-0.047E+00,-0.047E+00,+0.000E+00,-0.188E+00,+6.84E+00,-1.88E+00,-5.39E+00,+3.441E+00
2,03/2/2026,18:42:06.443,-0.047E+00,-0.047E+00,+0.000E+00,-0.188E+00,+6.87E+00,-2.00E+00,-5.30E+00,+3.456E+00
2,03/2/2026,18:42:06.443,-0.047E+00,-0.047E+00,-0.047E+00,-0.188E+00,+6.88E+00,-2.12E+00,-5.20E+00,+3.464E+00
2,03/2/2026,18:42:06.443,+0.000E+00,-0.047E+00,-0.047E+00,-0.188E+00,+6.91E+00,-2.23E+00,-5.13E+00,+3.479E+00
2,03/2/2026,18:42:06.443,+0.000E+00,-0.047E+00,-0.047E+00,-0.188E+00,+6.94E+00,-2.33E+00,-5.04E+00,+3.487E+00
2,03/2/2026,18:42:06.443,-0.047E+00,-0.047E+00,-0.047E+00,-0.188E+00,+6.96E+00,-2.47E+00,-4.94E+00,+3.502E+00
2,03/2/2026,18:42:06.443,-0.047E+00,-0.047E+00,+0.000E+00,-0.188E+00,+6.97E+00,-2.58E+00,-4.85E+00,+3.510E+00
2,03/2/2026,18:42:06.443,-0.047E+00,-0.047E+00,+0.000E+00,-0.188E+00,+7.00E+00,-2.69E+00,-4.78E+00,+3.525E+00
2,03/2/2026,18:42:06.443,-0.047E+00,-0.047E+00,-0.047E+00,-0.188E+00,+7.02E+00,-2.81E+00,-4.68E+00,+3.533E+00
2,03/2/2026,18:42:06.443,-0.047E+00,-0.047E+00,+0.000E+00,-0.188E+00,+7.03E+00,-2.91E+00,-4.59E+00,+3.540E+00
2,03/2/2026,18:42:06.443,-0.047E+00,-0.047E+00,+0.000E+00,-0.188E+00,+7.03E+00,-3.02E+00,-4.50E+00,+3.548E+00
2,03/2/2026,18:42:06.443,-0.047E+00,-0.047E+00,-0.047E+00,-0.188E+00,+7.05E+00,-3.14E+00,-4.41E+00,+3.556E+00
2,03/2/2026,18:42:06.443,+0.000E+00,-0.047E+00,-0.047E+00,-0.188E+00,+7.07E+00,-3.25E+00,-4.33E+00,+3.556E+00
2,03/2/2026,18:42:06.443,-0.047E+00,-0.047E+00,-0.047E+00,-0.188E+00,+7.07E+00,-3.36E+00,-4.23E+00,+3.563E+00
2,03/2/2026,18:42:06.443,-0.047E+00,-0.047E+00,-0.047E+00,-0.188E+00,+7.08E+00,-3.46E+00,-4.14E+00,+3.571E+00
2,03/2/2026,18:42:06.443,-0.047E+00,-0.047E+00,-0.047E+00,-0.188E+00,+7.10E+00,-3.57E+00,-4.04E+00,+3.571E+00
2,03/2/2026,18:42:06.443,-0.047E+00,-0.047E+00,-0.047E+00,-0.188E+00,+7.10E+00,-3.68E+00,-3.95E+00,+3.579E+00
2,03/2/2026,18:42:06.443,-0.047E+00,-0.047E+00,-0.047E+00,-0.188E+00,+7.11E+00,-3.78E+00,-3.85E+00,+3.579E+00
2,03/2/2026,18:42:06.444,-0.047E+00,-0.047E+00,-0.047E+00,-0.188E+00,+7.11E+00,-3.89E+00,-3.75E+00,+3.586E+00
2,03/2/2026,18:42:06.444,+0.000E+00,-0.047E+00,-0.047E+00,-0.188E+00,+7.11E+00,-4.00E+00,-3.66E+00,+3.586E+00
2,03/2/2026,18:42:06.444,-0.047E+00,-0.047E+00,-0.047E+00,-0.188E+00,+7.11E+00,-4.10E+00,-3.57E+00,+3.594E+00
2,03/2/2026,18:42:06.444,-0.047E+00,-0.047E+00,+0.000E+00,-0.188E+00,+7.13E+00,-4.21E+00,-3.46E+00,+3.594E+00
2,03/2/2026,18:42:06.444,-0.047E+00,-0.047E+00,+0.000E+00,-0.188E+00,+7.13E+00,-4.30E+00,-3.37E+00,+3.594E+00
2,03/2/2026,18:42:06.444,-0.047E+00,-0.047E+00,+0.000E+00,-0.188E+00,+7.13E+00,-4.41E+00,-3.27E+00,+3.594E+00
2,03/2/2026,18:42:06.444,+0.000E+00,-0.047E+00,+0.000E+00,-0.188E+00,+7.13E+00,-4.50E+00,-3.17E+00,+3.594E+00
2,03/2/2026,18:42:06.444,-0.047E+00,-0.047E+00,+0.000E+00,-0.188E+00,+7.13E+00,-4.61E+00,-3.07E+00,+3.594E+00
2,03/2/2026,18:42:06.444,-0.047E+00,-0.047E+00,+0.000E+00,-0.188E+00,+7.13E+00,-4.72E+00,-2.96E+00,+3.594E+00
2,03/2/2026,18:42:06.444,+0.000E+00,-0.047E+00,-0.047E+00,-0.188E+00,+7.13E+00,-4.82E+00,-2.85E+00,+3.594E+00
2,03/2/2026,18:42:06.444,+0.000E+00,-0.047E+00,-0.047E+00,-0.188E+00,+7.13E+00,-4.91E+00,-2.75E+00,+3.594E+00
2,03/2/2026,18:42:06.444,-0.047E+00,-0.047E+00,+0.000E+00,-0.188E+00,+7.13E+00,-5.02E+00,-2.64E+00,+3.594E+00
2,03/2/2026,18:42:06.444,-0.047E+00,-0.047E+00,+0.000E+00,-0.188E+00,+7.11E+00,-5.11E+00,-2.53E+00,+3.594E+00
2,03/2/2026,18:42:06.444,+0.000E+00,-0.047E+00,+0.000E+00,-0.188E+00,+7.11E+00,-5.22E+00,-2.43E+00,+3.586E+00
2,03/2/2026,18:42:06.444,-0.047E+00,-0.047E+00,+0.000E+00,-0.188E+00,+7.10E+00,-5.31E+00,-2.33E+00,+3.579E+00
2,03/2/2026,18:42:06.444,-0.047E+00,-0.047E+00,-0.047E+00,-0.188E+00,+7.10E+00,-5.40E+00,-2.23E+00,+3.579E+00
2,03/2/2026,18:42:06.444,-0.047E+00,-0.047E+00,-0.047E+00,-0.141E+00,+7.08E+00,-5.49E+00,-2.12E+00,+3.571E+00
2,03/2/2026,18:42:06.444,-0.047E+00,-0.047E+00,-0.047E+00,-0.188E+00,+7.07E+00,-5.59E+00,-2.01E+00,+3.556E+00
2,03/2/2026,18:42:06.444,-0.047E+00,-0.047E+00,+0.000E+00,-0.188E+00,+7.05E+00,-5.66E+00,-1.92E+00,+3.548E+00
2,03/2/2026,18:42:06.444,+0.000E+00,-0.047E+00,+0.000E+00,-0.188E+00,+7.02E+00,-5.74E+00,-1.80E+00,+3.540E+00
2,03/2/2026,18:42:06.445,-0.047E+00,-0.047E+00,+0.000E+00,-0.188E+00,+6.97E+00,-5.83E+00,-1.69E+00,+3.525E+00
2,03/2/2026,18:42:06.445,-0.047E+00,-0.047E+00,+0.000E+00,-0.235E+00,+6.94E+00,-5.89E+00,-1.59E+00,+3.502E+00
2,03/2/2026,18:42:06.445,-0.047E+00,-0.047E+00,-0.047E+00,-0.141E+00,+6.91E+00,-5.97E+00,-1.48E+00,+3.487E+00
2,03/2/2026,18:42:06.445,-0.047E+00,-0.047E+00,-0.047E+00,-0.188E+00,+6.87E+00,-6.03E+00,-1.36E+00,+3.464E+00
2,03/2/2026,18:42:06.445,-0.047E+00,-0.047E+00,+0.000E+00,-0.188E+00,+6.82E+00,-6.10E+00,-1.25E+00,+3.441E+00
2,03/2/2026,18:42:06.445,-0.047E+00,-0.047E+00,+0.000E+00,-0.188E+00,+6.79E+00,-6.17E+00,-1.14E+00,+3.418E+00
2,03/2/2026,18:42:06.445,-0.047E+00,-0.047E+00,-0.047E+00,-0.188E+00,+6.75E+00,-6.23E+00,-1.02E+00,+3.395E+00
2,03/2/2026,18:42:06.445,-0.047E+00,-0.047E+00,-0.047E+00,-0.188E+00,+6.68E+00,-6.29E+00,-0.92E+00,+3.373E+00
2,03/2/2026,18:42:06.445,-0.047E+00,-0.047E+00,+0.000E+00,-0.188E+00,+6.64E+00,-6.35E+00,-0.81E+00,+3.342E+00
2,03/2/2026,18:42:06.445,-0.047E+00,-0.047E+00,+0.000E+00,-0.188E+00,+6.58E+00,-6.41E+00,-0.70E+00,+3.319E+00
2,03/2/2026,18:42:06.445,-0.047E+00,-0.047E+00,-0.047E+00,-0.188E+00,+6.52E+00,-6.47E+00,-0.58E+00,+3.289E+00
2,03/2/2026,18:42:06.445,-0.047E+00,-0.047E+00,-0.047E+00,-0.188E+00,+6.46E+00,-6.53E+00,-0.47E+00,+3.258E+00
2,03/2/2026,18:42:06.445,+0.000E+00,-0.047E+00,+0.000E+00,-0.188E+00,+6.39E+00,-6.59E+00,-0.37E+00,+3.220E+00
2,03/2/2026,18:42:06.445,-0.047E+00,-0.047E+00,-0.047E+00,-0.188E+00,+6.32E+00,-6.65E+00,-0.24E+00,+3.189E+00
2,03/2/2026,18:42:06.445,-0.047E+00,-0.047E+00,-0.047E+00,-0.188E+00,+6.26E+00,-6.70E+00,-0.14E+00,+3.151E+00
2,03/2/2026,18:42:06.445,-0.047E+00,-0.047E+00,+0.000E+00,-0.188E+00,+6.18E+00,-6.76E+00,-0.03E+00,+3.121E+00
2,03/2/2026,18:42:06.445,-0.047E+00,-0.047E+00,+0.000E+00,-0.188E+00,+6.10E+00,-6.81E+00,+0.09E+00,+3.083E+00
2,03/2/2026,18:42:06.445,-0.047E+00,-0.047E+00,-0.047E+00,-0.188E+00,+6.03E+00,-6.85E+00,+0.20E+00,+3.044E+00
2,03/2/2026,18:42:06.445,-0.047E+00,-0.047E+00,-0.047E+00,-0.188E+00,+5.95E+00,-6.90E+00,+0.31E+00,+3.006E+00
2,03/2/2026,18:42:06.445,-0.047E+00,-0.047E+00,+0.000E+00,-0.188E+00,+5.86E+00,-6.94E+00,+0.43E+00,+2.968E+00
2,03/2/2026,18:42:06.446,-0.047E+00,-0.047E+00,-0.047E+00,-0.188E+00,+5.78E+00,-6.99E+00,+0.55E+00,+2.930E+00
2,03/2/2026,18:42:06.446,-0.047E+00,-0.047E+00,+0.000E+00,-0.188E+00,+5.71E+00,-7.02E+00,+0.66E+00,+2.884E+00
2,03/2/2026,18:42:06.446,-0.047E+00,-0.047E+00,+0.000E+00,-0.188E+00,+5.63E+00,-7.07E+00,+0.78E+00,+2.846E+00
2,03/2/2026,18:42:06.446,-0.047E+00,-0.047E+00,+0.000E+00,-0.188E+00,+5.54E+00,-7.10E+00,+0.90E+00,+2.808E+00
2,03/2/2026,18:42:06.446,-0.047E+00,-0.047E+00,-0.047E+00,-0.188E+00,+5.46E+00,-7.14E+00,+1.02E+00,+2.762E+00
2,03/2/2026,18:42:06.446,-0.047E+00,-0.047E+00,-0.047E+00,-0.188E+00,+5.37E+00,-7.17E+00,+1.13E+00,+2.724E+00
2,03/2/2026,18:42:06.446,-0.047E+00,-0.047E+00,-0.047E+00,-0.188E+00,+5.30E+00,-7.20E+00,+1.25E+00,+2.686E+00
2,03/2/2026,18:42:06.446,-0.047E+00,-0.047E+00,-0.047E+00,-0.188E+00,+5.20E+00,-7.23E+00,+1.37E+00,+2.640E+00
2,03/2/2026,18:42:06.446,-0.047E+00,-0.047E+00,-0.047E+00,-0.188E+00,+5.13E+00,-7.26E+00,+1.48E+00,+2.602E+00
2,03/2/2026,18:42:06.446,-0.047E+00,-0.047E+00,-0.047E+00,-0.188E+00,+5.05E+00,-7.29E+00,+1.60E+00,+2.556E+00
2,03/2/2026,18:42:06.446,-0.047E+00,-0.047E+00,-0.047E+00,-0.188E+00,+4.96E+00,-7.32E+00,+1.71E+00,+2.518E+00
2,03/2/2026,18:42:06.446,-0.047E+00,-0.047E+00,-0.047E+00,-0.188E+00,+4.87E+00,-7.36E+00,+1.82E+00,+2.472E+00
2,03/2/2026,18:42:06.446,-0.047E+00,-0.047E+00,+0.000E+00,-0.188E+00,+4.79E+00,-7.37E+00,+1.94E+00,+2.434E+00
2,03/2/2026,18:42:06.446,-0.047E+00,-0.047E+00,+0.000E+00,-0.188E+00,+4.70E+00,-7.40E+00,+2.04E+00,+2.396E+00
2,03/2/2026,18:42:06.446,-0.047E+00,-0.047E+00,+0.000E+00,-0.188E+00,+4.62E+00,-7.42E+00,+2.15E+00,+2.350E+00
2,03/2/2026,18:42:06.446,-0.047E+00,-0.047E+00,+0.000E+00,-0.188E+00,+4.53E+00,-7.43E+00,+2.26E+00,+2.304E+00
2,03/2/2026,18:42:06.446,-0.047E+00,-0.047E+00,-0.047E+00,-0.188E+00,+4.44E+00,-7.46E+00,+2.38E+00,+2.259E+00
2,03/2/2026,18:42:06.446,+0.000E+00,-0.047E+00,-0.047E+00,-0.188E+00,+4.35E+00,-7.48E+00,+2.47E+00,+2.213E+00
2,03/2/2026,18:42:06.446,-0.047E+00,-0.047E+00,-0.047E+00,-0.188E+00,+4.26E+00,-7.49E+00,+2.58E+00,+2.167E+00
2,03/2/2026,18:42:06.446,-0.047E+00,-0.047E+00,-0.047E+00,-0.188E+00,+4.17E+00,-7.51E+00,+2.69E+00,+2.121E+00
2,03/2/2026,18:42:06.447,-0.047E+00,-0.047E+00,+0.000E+00,-0.188E+00,+4.07E+00,-7.52E+00,+2.79E+00,+2.075E+00
2,03/2/2026,18:42:06.447,-0.047E+00,-0.047E+00,+0.000E+00,-0.188E+00,+3.98E+00,-7.54E+00,+2.90E+00,+2.030E+00
2,03/2/2026,18:42:06.447,-0.047E+00,-0.047E+00,-0.047E+00,-0.188E+00,+3.89E+00,-7.55E+00,+2.99E+00,+1.984E+00
2,03/2/2026,18:42:06.447,-0.047E+00,-0.047E+00,-0.047E+00,-0.188E+00,+3.80E+00,-7.55E+00,+3.10E+00,+1.938E+00
2,03/2/2026,18:42:06.447,-0.047E+00,-0.047E+00,-0.047E+00,-0.188E+00,+3.69E+00,-7.57E+00,+3.20E+00,+1.892E+00
2,03/2/2026,18:42:06.447,-0.047E+00,-0.047E+00,+0.000E+00,-0.188E+00,+3.60E+00,-7.58E+00,+3.31E+00,+1.846E+00
2,03/2/2026,18:42:06.447,-0.047E+00,-0.047E+00,+0.000E+00,-0.188E+00,+3.51E+00,-7.58E+00,+3.42E+00,+1.793E+00
2,03/2/2026,18:42:06.447,-0.047E+00,-0.047E+00,-0.047E+00,-0.188E+00,+3.42E+00,-7.60E+00,+3.53E+00,+1.747E+00
2,03/2/2026,18:42:06.447,+0.000E+00,-0.047E+00,-0.047E+00,-0.188E+00,+3.31E+00,-7.60E+00,+3.62E+00,+1.702E+00
2,03/2/2026,18:42:06.447,+0.000E+00,+0.000E+00,-0.047E+00,-0.188E+00,+3.22E+00,-7.61E+00,+3.71E+00,+1.656E+00
2,03/2/2026,18:42:06.447,-0.047E+00,-0.047E+00,-0.047E+00,-0.188E+00,+3.11E+00,-7.61E+00,+3.82E+00,+1.602E+00
2,03/2/2026,18:42:06.447,-0.047E+00,-0.047E+00,-0.047E+00,-0.188E+00,+3.02E+00,-7.63E+00,+3.91E+00,+1.557E+00
2,03/2/2026,18:42:06.447,+0.000E+00,-0.047E+00,+0.000E+00,-0.188E+00,+2.91E+00,-7.63E+00,+4.01E+00,+1.503E+00
2,03/2/2026,18:42:06.447,-0.047E+00,-0.047E+00,+0.000E+00,-0.188E+00,+2.81E+00,-7.63E+00,+4.12E+00,+1.457E+00
2,03/2/2026,18:42:06.447,-0.047E+00,-0.047E+00,+0.000E+00,-0.188E+00,+2.72E+00,-7.63E+00,+4.21E+00,+1.404E+00
2,03/2/2026,18:42:06.447,-0.047E+00,-0.047E+00,-0.047E+00,-0.188E+00,+2.59E+00,-7.65E+00,+4.30E+00,+1.351E+00
2,03/2/2026,18:42:06.447,-0.047E+00,-0.047E+00,-0.047E+00,-0.188E+00,+2.49E+00,-7.65E+00,+4.41E+00,+1.297E+00
2,03/2/2026,18:42:06.447,-0.047E+00,-0.047E+00,+0.000E+00,-0.188E+00,+2.40E+00,-7.63E+00,+4.52E+00,+1.244E+00
2,03/2/2026,18:42:06.447,-0.047E+00,-0.047E+00,+0.000E+00,-0.188E+00,+2.27E+00,-7.63E+00,+4.61E+00,+1.190E+00
2,03/2/2026,18:42:06.447,-0.047E+00,-0.047E+00,-0.047E+00,-0.188E+00,+2.18E+00,-7.63E+00,+4.72E+00,+1.137E+00
2,03/2/2026,18:42:06.448,-0.047E+00,-0.047E+00,+0.000E+00,-0.188E+00,+2.08E+00,-7.65E+00,+4.81E+00,+1.091E+00
2,03/2/2026,18:42:06.448,-0.047E+00,-0.047E+00,-0.047E+00,-0.188E+00,+1.97E+00,-7.63E+00,+4.90E+00,+1.038E+00
2,03/2/2026,18:42:06.448,-0.047E+00,-0.047E+00,-0.047E+00,-0.188E+00,+1.86E+00,-7.61E+00,+4.99E+00,+0.984E+00
2,03/2/2026,18:42:06.448,-0.047E+00,-0.047E+00,-0.047E+00,-0.188E+00,+1.75E+00,-7.60E+00,+5.07E+00,+0.931E+00
2,03/2/2026,18:42:06.448,+0.000E+00,-0.047E+00,-0.047E+00,-0.188E+00,+1.65E+00,-7.60E+00,+5.14E+00,+0.885E+00
2,03/2/2026,18:42:06.448,-0.047E+00,-0.047E+00,+0.000E+00,-0.188E+00,+1.54E+00,-7.57E+00,+5.22E+00,+0.832E+00
2,03/2/2026,18:42:06.448,-0.047E+00,-0.047E+00,+0.000E+00,-0.188E+00,+1.43E+00,-7.54E+00,+5.30E+00,+0.778E+00
2,03/2/2026,18:42:06.448,-0.047E+00,-0.047E+00,-0.047E+00,-0.188E+00,+1.33E+00,-7.49E+00,+5.36E+00,+0.725E+00
2,03/2/2026,18:42:06.448,-0.047E+00,-0.047E+00,+0.000E+00,-0.188E+00,+1.21E+00,-7.45E+00,+5.43E+00,+0.671E+00
2,03/2/2026,18:42:06.448,-0.047E+00,-0.047E+00,+0.000E+00,-0.188E+00,+1.10E+00,-7.42E+00,+5.49E+00,+0.618E+00
2,03/2/2026,18:42:06.448,-0.047E+00,-0.047E+00,-0.047E+00,-0.188E+00,+0.99E+00,-7.37E+00,+5.55E+00,+0.557E+00
2,03/2/2026,18:42:06.448,-0.047E+00,-0.047E+00,-0.047E+00,-0.188E+00,+0.89E+00,-7.32E+00,+5.63E+00,+0.504E+00
2,03/2/2026,18:42:06.448,-0.047E+00,-0.047E+00,+0.000E+00,-0.188E+00,+0.76E+00,-7.26E+00,+5.69E+00,+0.450E+00
2,03/2/2026,18:42:06.448,+0.000E+00,-0.047E+00,+0.000E+00,-0.188E+00,+0.64E+00,-7.22E+00,+5.74E+00,+0.389E+00
2,03/2/2026,18:42:06.448,+0.000E+00,-0.047E+00,+0.000E+00,-0.188E+00,+0.53E+00,-7.16E+00,+5.80E+00,+0.336E+00
2,03/2/2026,18:42:06.448,-0.047E+00,-0.047E+00,-0.047E+00,-0.188E+00,+0.41E+00,-7.11E+00,+5.86E+00,+0.275E+00
2,03/2/2026,18:42:06.448,-0.047E+00,-0.047E+00,-0.047E+00,-0.188E+00,+0.29E+00,-7.05E+00,+5.91E+00,+0.214E+00
2,03/2/2026,18:42:06.448,-0.047E+00,-0.047E+00,-0.047E+00,-0.188E+00,+0.18E+00,-6.97E+00,+5.97E+00,+0.160E+00
2,03/2/2026,18:42:06.448,-0.047E+00,-0.047E+00,+0.000E+00,-0.188E+00,+0.08E+00,-6.90E+00,+6.01E+00,+0.107E+00
2,03/2/2026,18:42:06.448,-0.047E+00,-0.047E+00,-0.047E+00,-0.188E+00,-0.05E+00,-6.82E+00,+6.06E+00,+0.046E+00
2,03/2/2026,18:42:06.449,-0.047E+00,-0.047E+00,-0.047E+00,-0.188E+00,-0.15E+00,-6.75E+00,+6.12E+00,-0.008E+00
2,03/2/2026,18:42:06.449,-0.047E+00,-0.047E+00,+0.000E+00,-0.188E+00,-0.27E+00,-6.68E+00,+6.18E+00,-0.061E+00
2,03/2/2026,18:42:06.449,-0.047E+00,-0.047E+00,+0.000E+00,-0.188E+00,-0.38E+00,-6.61E+00,+6.23E+00,-0.122E+00
2,03/2/2026,18:42:06.449,-0.047E+00,-0.047E+00,-0.047E+00,-0.188E+00,-0.49E+00,-6.52E+00,+6.27E+00,-0.175E+00
2,03/2/2026,18:42:06.449,-0.047E+00,+0.000E+00,+0.000E+00,-0.188E+00,-0.61E+00,-6.44E+00,+6.32E+00,-0.229E+00
2,03/2/2026,18:42:06.449,-0.047E+00,-0.047E+00,+0.000E+00,-0.188E+00,-0.72E+00,-6.36E+00,+6.36E+00,-0.290E+00
2,03/2/2026,18:42:06.449,-0.047E+00,-0.047E+00,-0.047E+00,-0.188E+00,-0.84E+00,-6.27E+00,+6.41E+00,-0.351E+00
2,03/2/2026,18:42:06.449,-0.047E+00,-0.047E+00,-0.047E+00,-0.188E+00,-0.95E+00,-6.20E+00,+6.46E+00,-0.404E+00
2,03/2/2026,18:42:06.449,+0.000E+00,-0.047E+00,+0.000E+00,-0.188E+00,-1.07E+00,-6.10E+00,+6.50E+00,-0.465E+00
2,03/2/2026,18:42:06.449,+0.000E+00,+0.000E+00,-0.047E+00,-0.188E+00,-1.19E+00,-6.03E+00,+6.53E+00,-0.519E+00
2,03/2/2026,18:42:06.449,-0.047E+00,-0.047E+00,-0.047E+00,-0.188E+00,-1.30E+00,-5.94E+00,+6.58E+00,-0.572E+00
2,03/2/2026,18:42:06.449,-0.047E+00,-0.047E+00,-0.047E+00,-0.188E+00,-1.42E+00,-5.86E+00,+6.61E+00,-0.633E+00
2,03/2/2026,18:42:06.449,-0.047E+00,-0.047E+00,-0.047E+00,-0.188E+00,-1.53E+00,-5.78E+00,+6.64E+00,-0.694E+00
2,03/2/2026,18:42:06.449,-0.047E+00,-0.047E+00,-0.047E+00,-0.188E+00,-1.65E+00,-5.69E+00,+6.67E+00,-0.748E+00
2,03/2/2026,18:42:06.449,-0.047E+00,-0.047E+00,+0.000E+00,-0.188E+00,-1.75E+00,-5.62E+00,+6.71E+00,-0.801E+00
2,03/2/2026,18:42:06.449,-0.047E+00,-0.047E+00,+0.000E+00,-0.188E+00,-1.86E+00,-5.52E+00,+6.73E+00,-0.862E+00
2,03/2/2026,18:42:06.449,-0.047E+00,-0.047E+00,-0.047E+00,-0.188E+00,-1.97E+00,-5.45E+00,+6.76E+00,-0.916E+00
2,03/2/2026,18:42:06.449,-0.047E+00,-0.047E+00,+0.000E+00,-0.188E+00,-2.08E+00,-5.36E+00,+6.79E+00,-0.969E+00
2,03/2/2026,18:42:06.449,-0.047E+00,-0.047E+00,+0.000E+00,-0.188E+00,-2.18E+00,-5.26E+00,+6.82E+00,-1.022E+00
2,03/2/2026,18:42:06.449,-0.047E+00,-0.047E+00,-0.047E+00,-0.188E+00,-2.29E+00,-5.19E+00,+6.84E+00,-1.076E+00
2,03/2/2026,18:42:06.450,-0.047E+00,-0.047E+00,+0.000E+00,-0.188E+00,-2.40E+00,-5.08E+00,+6.87E+00,-1.137E+00
2,03/2/2026,18:42:06.450,-0.047E+00,-0.047E+00,+0.000E+00,-0.188E+00,-2.50E+00,-5.01E+00,+6.88E+00,-1.190E+00
2,03/2/2026,18:42:06.450,-0.047E+00,-0.047E+00,-0.047E+00,-0.235E+00,-2.61E+00,-4.91E+00,+6.91E+00,-1.244E+00
2,03/2/2026,18:42:06.450,-0.047E+00,-0.047E+00,-0.047E+00,-0.188E+00,-2.72E+00,-4.82E+00,+6.93E+00,-1.297E+00
2,03/2/2026,18:42:06.450,-0.047E+00,-0.047E+00,-0.047E+00,-0.188E+00,-2.82E+00,-4.73E+00,+6.94E+00,-1.351E+00
2,03/2/2026,18:42:06.450,-0.047E+00,-0.047E+00,-0.047E+00,-0.235E+00,-2.93E+00,-4.64E+00,+6.96E+00,-1.396E+00
2,03/2/2026,18:42:06.450,-0.047E+00,-0.047E+00,-0.047E+00,-0.188E+00,-3.02E+00,-4.56E+00,+6.97E+00,-1.450E+00
2,03/2/2026,18:42:06.450,-0.047E+00,-0.047E+00,-0.047E+00,-0.188E+00,-3.13E+00,-4.47E+00,+6.99E+00,-1.503E+00
2,03/2/2026,18:42:06.450,-0.047E+00,-0.047E+00,-0.047E+00,-0.188E+00,-3.22E+00,-4.36E+00,+7.00E+00,-1.549E+00
2,03/2/2026,18:42:06.450,-0.047E+00,-0.047E+00,-0.047E+00,-0.188E+00,-3.33E+00,-4.27E+00,+7.02E+00,-1.602E+00
2,03/2/2026,18:42:06.450,+0.000E+00,-0.047E+00,-0.047E+00,-0.188E+00,-3.43E+00,-4.18E+00,+7.03E+00,-1.656E+00
2,03/2/2026,18:42:06.450,-0.047E+00,-0.047E+00,+0.000E+00,-0.188E+00,-3.53E+00,-4.07E+00,+7.05E+00,-1.709E+00
2,03/2/2026,18:42:06.450,-0.047E+00,-0.047E+00,+0.000E+00,-0.188E+00,-3.63E+00,-3.98E+00,+7.05E+00,-1.755E+00
2,03/2/2026,18:42:06.450,-0.047E+00,-0.047E+00,-0.047E+00,-0.188E+00,-3.72E+00,-3.88E+00,+7.07E+00,-1.808E+00
2,03/2/2026,18:42:06.450,-0.047E+00,-0.047E+00,-0.047E+00,-0.188E+00,-3.83E+00,-3.77E+00,+7.08E+00,-1.854E+00
2,03/2/2026,18:42:06.450,-0.047E+00,-0.047E+00,-0.047E+00,-0.188E+00,-3.92E+00,-3.68E+00,+7.08E+00,-1.908E+00
2,03/2/2026,18:42:06.450,-0.047E+00,-0.047E+00,+0.000E+00,-0.188E+00,-4.03E+00,-3.57E+00,+7.10E+00,-1.953E+00
2,03/2/2026,18:42:06.450,-0.047E+00,-0.047E+00,+0.000E+00,-0.188E+00,-4.12E+00,-3.46E+00,+7.11E+00,-2.007E+00
2,03/2/2026,18:42:06.450,-0.047E+00,-0.047E+00,-0.047E+00,-0.188E+00,-4.21E+00,-3.36E+00,+7.11E+00,-2.052E+00
2,03/2/2026,18:42:06.450,+0.000E+00,-0.047E+00,-0.047E+00,-0.188E+00,-4.32E+00,-3.25E+00,+7.13E+00,-2.106E+00
2,03/2/2026,18:42:06.451,+0.000E+00,-0.047E+00,+0.000E+00,-0.188E+00,-4.41E+00,-3.16E+00,+7.13E+00,-2.152E+00
2,03/2/2026,18:42:06.451,-0.047E+00,-0.047E+00,-0.047E+00,-0.188E+00,-4.50E+00,-3.05E+00,+7.14E+00,-2.205E+00
2,03/2/2026,18:42:06.451,-0.047E+00,-0.047E+00,-0.047E+00,-0.188E+00,-4.61E+00,-2.93E+00,+7.14E+00,-2.251E+00
2,03/2/2026,18:42:06.451,-0.047E+00,-0.047E+00,+0.000E+00,-0.188E+00,-4.70E+00,-2.82E+00,+7.14E+00,-2.304E+00
2,03/2/2026,18:42:06.451,-0.047E+00,-0.047E+00,-0.047E+00,-0.188E+00,-4.81E+00,-2.72E+00,+7.16E+00,-2.350E+00
2,03/2/2026,18:42:06.451,-0.047E+00,-0.047E+00,-0.047E+00,-0.188E+00,-4.90E+00,-2.61E+00,+7.16E+00,-2.403E+00
2,03/2/2026,18:42:06.451,-0.047E+00,-0.047E+00,+0.000E+00,-0.188E+00,-4.99E+00,-2.50E+00,+7.17E+00,-2.449E+00
2,03/2/2026,18:42:06.451,-0.047E+00,-0.047E+00,+0.000E+00,-0.188E+00,-5.08E+00,-2.38E+00,+7.17E+00,-2.495E+00
2,03/2/2026,18:42:06.451,-0.047E+00,-0.047E+00,-0.047E+00,-0.188E+00,-5.17E+00,-2.27E+00,+7.17E+00,-2.548E+00
2,03/2/2026,18:42:06.451,-0.047E+00,-0.047E+00,+0.000E+00,-0.188E+00,-5.26E+00,-2.17E+00,+7.17E+00,-2.587E+00
2,03/2/2026,18:42:06.451,-0.047E+00,-0.047E+00,+0.000E+00,-0.188E+00,-5.33E+00,-2.04E+00,+7.17E+00,-2.632E+00
2,03/2/2026,18:42:06.451,-0.047E+00,-0.047E+00,-0.047E+00,-0.188E+00,-5.42E+00,-1.94E+00,+7.16E+00,-2.671E+00
2,03/2/2026,18:42:06.451,-0.047E+00,-0.047E+00,-0.047E+00,-0.188E+00,-5.49E+00,-1.83E+00,+7.16E+00,-2.716E+00
2,03/2/2026,18:42:06.451,-0.047E+00,-0.047E+00,-0.047E+00,-0.188E+00,-5.57E+00,-1.71E+00,+7.16E+00,-2.754E+00
2,03/2/2026,18:42:06.451,-0.047E+00,-0.047E+00,+0.000E+00,-0.188E+00,-5.63E+00,-1.59E+00,+7.13E+00,-2.793E+00
2,03/2/2026,18:42:06.451,-0.047E+00,-0.047E+00,-0.047E+00,-0.188E+00,-5.71E+00,-1.48E+00,+7.10E+00,-2.831E+00
2,03/2/2026,18:42:06.451,-0.047E+00,-0.047E+00,-0.047E+00,-0.188E+00,-5.77E+00,-1.36E+00,+7.07E+00,-2.869E+00
2,03/2/2026,18:42:06.451,-0.047E+00,-0.047E+00,+0.000E+00,-0.188E+00,-5.83E+00,-1.24E+00,+7.02E+00,-2.899E+00
2,03/2/2026,18:42:06.451,-0.047E+00,-0.047E+00,+0.000E+00,-0.188E+00,-5.91E+00,-1.13E+00,+6.96E+00,-2.930E+00
2,03/2/2026,18:42:06.451,-0.047E+00,-0.047E+00,-0.047E+00,-0.188E+00,-5.97E+00,-1.01E+00,+6.90E+00,-2.960E+00
2,03/2/2026,18:42:06.452,-0.047E+00,-0.047E+00,-0.047E+00,-0.188E+00,-6.03E+00,-0.90E+00,+6.84E+00,-2.999E+00
2,03/2/2026,18:42:06.452,-0.047E+00,-0.047E+00,-0.047E+00,-0.188E+00,-6.09E+00,-0.79E+00,+6.78E+00,-3.029E+00
2,03/2/2026,18:42:06.452,-0.047E+00,-0.047E+00,+0.000E+00,-0.188E+00,-6.13E+00,-0.69E+00,+6.71E+00,-3.060E+00
2,03/2/2026,18:42:06.452,-0.047E+00,-0.047E+00,+0.000E+00,-0.188E+00,-6.20E+00,-0.58E+00,+6.65E+00,-3.083E+00
2,03/2/2026,18:42:06.452,-0.047E+00,-0.047E+00,-0.047E+00,-0.188E+00,-6.24E+00,-0.46E+00,+6.61E+00,-3.113E+00
2,03/2/2026,18:42:06.452,-0.047E+00,-0.047E+00,+0.000E+00,-0.188E+00,-6.29E+00,-0.35E+00,+6.55E+00,-3.136E+00
2,03/2/2026,18:42:06.452,-0.047E+00,-0.047E+00,+0.000E+00,-0.188E+00,-6.35E+00,-0.23E+00,+6.49E+00,-3.159E+00
2,03/2/2026,18:42:06.452,-0.047E+00,-0.047E+00,-0.047E+00,-0.188E+00,-6.39E+00,-0.12E+00,+6.42E+00,-3.182E+00
2,03/2/2026,18:42:06.452,-0.047E+00,-0.047E+00,-0.047E+00,-0.188E+00,-6.42E+00,+0.00E+00,+6.38E+00,-3.205E+00
2,03/2/2026,18:42:06.452,-0.047E+00,-0.047E+00,-0.047E+00,-0.235E+00,-6.47E+00,+0.12E+00,+6.30E+00,-3.220E+00
2,03/2/2026,18:42:06.452,-0.047E+00,-0.047E+00,-0.047E+00,-0.188E+00,-6.50E+00,+0.23E+00,+6.24E+00,-3.243E+00
2,03/2/2026,18:42:06.452,-0.047E+00,-0.047E+00,-0.047E+00,-0.188E+00,-6.53E+00,+0.35E+00,+6.17E+00,-3.258E+00
2,03/2/2026,18:42:06.452,-0.047E+00,-0.047E+00,+0.000E+00,-0.188E+00,-6.56E+00,+0.47E+00,+6.09E+00,-3.273E+00
2,03/2/2026,18:42:06.452,+0.000E+00,-0.047E+00,+0.000E+00,-0.188E+00,-6.59E+00,+0.58E+00,+6.01E+00,-3.289E+00
2,03/2/2026,18:42:06.452,-0.047E+00,-0.047E+00,-0.047E+00,-0.188E+00,-6.62E+00,+0.70E+00,+5.92E+00,-3.311E+00
2,03/2/2026,18:42:06.452,-0.047E+00,-0.047E+00,-0.047E+00,-0.188E+00,-6.67E+00,+0.82E+00,+5.84E+00,-3.327E+00
2,03/2/2026,18:42:06.452,-0.047E+00,-0.047E+00,+0.000E+00,-0.188E+00,-6.70E+00,+0.95E+00,+5.77E+00,-3.342E+00
2,03/2/2026,18:42:06.452,-0.047E+00,-0.047E+00,+0.000E+00,-0.188E+00,-6.73E+00,+1.07E+00,+5.69E+00,-3.357E+00
2,03/2/2026,18:42:06.452,-0.047E+00,-0.047E+00,+0.000E+00,-0.188E+00,-6.76E+00,+1.19E+00,+5.60E+00,-3.380E+00
2,03/2/2026,18:42:06.452,-0.047E+00,-0.047E+00,-0.047E+00,-0.188E+00,-6.79E+00,+1.30E+00,+5.52E+00,-3.395E+00
2,03/2/2026,18:42:06.453,+0.000E+00,-0.047E+00,-0.047E+00,-0.188E+00,-6.82E+00,+1.42E+00,+5.45E+00,-3.418E+00
2,03/2/2026,18:42:06.453,-0.047E+00,-0.047E+00,-0.047E+00,-0.188E+00,-6.85E+00,+1.54E+00,+5.37E+00,-3.426E+00
2,03/2/2026,18:42:06.453,-0.047E+00,-0.047E+00,-0.047E+00,-0.188E+00,-6.88E+00,+1.66E+00,+5.30E+00,-3.441E+00
2,03/2/2026,18:42:06.453,-0.047E+00,-0.047E+00,-0.047E+00,-0.188E+00,-6.91E+00,+1.77E+00,+5.20E+00,-3.456E+00
2,03/2/2026,18:42:06.453,+0.000E+00,-0.047E+00,-0.047E+00,-0.188E+00,-6.94E+00,+1.89E+00,+5.13E+00,-3.472E+00
2,03/2/2026,18:42:06.453,-0.047E+00,-0.047E+00,+0.000E+00,-0.188E+00,-6.96E+00,+2.01E+00,+5.04E+00,-3.487E+00
2,03/2/2026,18:42:06.453,-0.047E+00,-0.047E+00,+0.000E+00,-0.188E+00,-6.97E+00,+2.12E+00,+4.94E+00,-3.495E+00
2,03/2/2026,18:42:06.453,-0.047E+00,-0.047E+00,+0.000E+00,-0.188E+00,-7.00E+00,+2.24E+00,+4.85E+00,-3.502E+00
2,03/2/2026,18:42:06.453,-0.047E+00,-0.047E+00,+0.000E+00,-0.188E+00,-7.02E+00,+2.35E+00,+4.78E+00,-3.517E+00
2,03/2/2026,18:42:06.453,-0.047E+00,-0.047E+00,+0.000E+00,-0.188E+00,-7.03E+00,+2.47E+00,+4.68E+00,-3.525E+00
2,03/2/2026,18:42:06.453,-0.047E+00,-0.047E+00,+0.000E+00,-0.188E+00,-7.05E+00,+2.59E+00,+4.59E+00,-3.533E+00
2,03/2/2026,18:42:06.453,-0.047E+00,-0.047E+00,-0.047E+00,-0.188E+00,-7.07E+00,+2.70E+00,+4.50E+00,-3.540E+00
2,03/2/2026,18:42:06.453,+0.000E+00,-0.047E+00,-0.047E+00,-0.188E+00,-7.08E+00,+2.81E+00,+4.41E+00,-3.548E+00
2,03/2/2026,18:42:06.453,-0.047E+00,-0.047E+00,+0.000E+00,-0.188E+00,-7.08E+00,+2.91E+00,+4.32E+00,-3.556E+00
2,03/2/2026,18:42:06.453,-0.047E+00,-0.047E+00,+0.000E+00,-0.188E+00,-7.10E+00,+3.02E+00,+4.23E+00,-3.563E+00
2,03/2/2026,18:42:06.453,-0.047E+00,-0.047E+00,-0.047E+00,-0.188E+00,-7.11E+00,+3.14E+00,+4.14E+00,-3.563E+00
2,03/2/2026,18:42:06.453,-0.047E+00,-0.047E+00,-0.047E+00,-0.188E+00,-7.13E+00,+3.25E+00,+4.06E+00,-3.571E+00
2,03/2/2026,18:42:06.453,-0.047E+00,-0.047E+00,+0.000E+00,-0.188E+00,-7.13E+00,+3.36E+00,+3.95E+00,-3.579E+00
2,03/2/2026,18:42:06.453,-0.047E+00,-0.047E+00,-0.047E+00,-0.188E+00,-7.14E+00,+3.46E+00,+3.86E+00,-3.586E+00
2,03/2/2026,18:42:06.453,-0.047E+00,-0.047E+00,-0.047E+00,-0.188E+00,-7.14E+00,+3.57E+00,+3.75E+00,-3.586E+00
2,03/2/2026,18:42:06.454,-0.047E+00,-0.047E+00,+0.000E+00,-0.188E+00,-7.14E+00,+3.68E+00,+3.66E+00,-3.586E+00
2,03/2/2026,18:42:06.454,-0.047E+00,-0.047E+00,+0.000E+00,-0.188E+00,-7.14E+00,+3.78E+00,+3.56E+00,-3.594E+00
2,03/2/2026,18:42:06.454,-0.047E+00,-0.047E+00,+0.000E+00,-0.188E+00,-7.16E+00,+3.89E+00,+3.46E+00,-3.594E+00
2,03/2/2026,18:42:06.454,-0.047E+00,-0.047E+00,+0.000E+00,-0.188E+00,-7.16E+00,+3.98E+00,+3.37E+00,-3.594E+00
2,03/2/2026,18:42:06.454,-0.047E+00,-0.047E+00,+0.000E+00,-0.188E+00,-7.16E+00,+4.09E+00,+3.27E+00,-3.601E+00
2,03/2/2026,18:42:06.454,-0.047E+00,-0.047E+00,+0.000E+00,-0.188E+00,-7.16E+00,+4.20E+00,+3.17E+00,-3.594E+00
2,03/2/2026,18:42:06.454,-0.047E+00,-0.094E+00,+0.000E+00,-0.188E+00,-7.16E+00,+4.30E+00,+3.07E+00,-3.594E+00
2,03/2/2026,18:42:06.454,-0.047E+00,-0.047E+00,+0.000E+00,-0.188E+00,-7.16E+00,+4.39E+00,+2.96E+00,-3.601E+00
2,03/2/2026,18:42:06.454,-0.047E+00,-0.047E+00,-0.047E+00,-0.188E+00,-7.16E+00,+4.50E+00,+2.85E+00,-3.601E+00
2,03/2/2026,18:42:06.454,-0.047E+00,-0.047E+00,-0.047E+00,-0.188E+00,-7.16E+00,+4.61E+00,+2.76E+00,-3.594E+00
2,03/2/2026,18:42:06.454,-0.047E+00,-0.047E+00,-0.047E+00,-0.188E+00,-7.16E+00,+4.70E+00,+2.66E+00,-3.601E+00
2,03/2/2026,18:42:06.454,-0.047E+00,-0.047E+00,-0.047E+00,-0.188E+00,-7.16E+00,+4.81E+00,+2.55E+00,-3.594E+00
2,03/2/2026,18:42:06.454,+0.000E+00,-0.047E+00,-0.047E+00,-0.188E+00,-7.16E+00,+4.91E+00,+2.44E+00,-3.594E+00
2,03/2/2026,18:42:06.454,+0.000E+00,-0.047E+00,+0.000E+00,-0.188E+00,-7.14E+00,+5.01E+00,+2.33E+00,-3.594E+00
2,03/2/2026,18:42:06.454,-0.047E+00,-0.047E+00,-0.047E+00,-0.188E+00,-7.14E+00,+5.10E+00,+2.23E+00,-3.586E+00
2,03/2/2026,18:42:06.454,-0.047E+00,-0.047E+00,+0.000E+00,-0.188E+00,-7.13E+00,+5.20E+00,+2.14E+00,-3.586E+00
2,03/2/2026,18:42:06.454,-0.047E+00,-0.047E+00,+0.000E+00,-0.188E+00,-7.13E+00,+5.30E+00,+2.03E+00,-3.579E+00
2,03/2/2026,18:42:06.454,-0.047E+00,-0.047E+00,-0.047E+00,-0.188E+00,-7.10E+00,+5.37E+00,+1.92E+00,-3.571E+00
2,03/2/2026,18:42:06.454,-0.047E+00,-0.047E+00,+0.000E+00,-0.188E+00,-7.08E+00,+5.46E+00,+1.82E+00,-3.556E+00
2,03/2/2026,18:42:06.454,-0.047E+00,-0.047E+00,+0.000E+00,-0.188E+00,-7.05E+00,+5.54E+00,+1.71E+00,-3.540E+00
2,03/2/2026,18:42:06.455,-0.047E+00,-0.047E+00,-0.047E+00,-0.188E+00,-7.02E+00,+5.62E+00,+1.60E+00,-3.525E+00
2,03/2/2026,18:42:06.455,-0.047E+00,-0.047E+00,-0.047E+00,-0.188E+00,-6.99E+00,+5.69E+00,+1.50E+00,-3.510E+00
2,03/2/2026,18:42:06.455,-0.047E+00,-0.047E+00,-0.047E+00,-0.188E+00,-6.96E+00,+5.75E+00,+1.37E+00,-3.487E+00
2,03/2/2026,18:42:06.455,-0.047E+00,-0.047E+00,-0.047E+00,-0.188E+00,-6.91E+00,+5.81E+00,+1.27E+00,-3.472E+00
2,03/2/2026,18:42:06.455,-0.047E+00,-0.047E+00,-0.047E+00,-0.188E+00,-6.87E+00,+5.89E+00,+1.16E+00,-3.449E+00
2,03/2/2026,18:42:06.455,-0.047E+00,-0.047E+00,+0.000E+00,-0.188E+00,-6.82E+00,+5.95E+00,+1.05E+00,-3.426E+00
2,03/2/2026,18:42:06.455,+0.000E+00,-0.047E+00,+0.000E+00,-0.188E+00,-6.78E+00,+6.01E+00,+0.93E+00,-3.403E+00
2,03/2/2026,18:42:06.455,-0.047E+00,-0.047E+00,-0.047E+00,-0.188E+00,-6.73E+00,+6.09E+00,+0.82E+00,-3.373E+00
2,03/2/2026,18:42:06.455,-0.047E+00,-0.047E+00,-0.047E+00,-0.188E+00,-6.67E+00,+6.15E+00,+0.72E+00,-3.350E+00
2,03/2/2026,18:42:06.455,-0.047E+00,-0.047E+00,+0.000E+00,-0.188E+00,-6.61E+00,+6.21E+00,+0.60E+00,-3.319E+00
2,03/2/2026,18:42:06.455,-0.047E+00,-0.047E+00,+0.000E+00,-0.188E+00,-6.55E+00,+6.27E+00,+0.49E+00,-3.289E+00
2,03/2/2026,18:42:06.455,-0.047E+00,-0.047E+00,+0.000E+00,-0.188E+00,-6.49E+00,+6.32E+00,+0.37E+00,-3.258E+00
2,03/2/2026,18:42:06.455,-0.047E+00,-0.047E+00,+0.000E+00,-0.188E+00,-6.42E+00,+6.38E+00,+0.26E+00,-3.228E+00
2,03/2/2026,18:42:06.455,-0.047E+00,-0.047E+00,-0.047E+00,-0.188E+00,-6.36E+00,+6.44E+00,+0.15E+00,-3.197E+00
2,03/2/2026,18:42:06.455,-0.047E+00,-0.047E+00,-0.047E+00,-0.188E+00,-6.29E+00,+6.49E+00,+0.05E+00,-3.159E+00
2,03/2/2026,18:42:06.455,-0.047E+00,-0.047E+00,-0.047E+00,-0.188E+00,-6.21E+00,+6.55E+00,-0.08E+00,-3.121E+00
2,03/2/2026,18:42:06.455,-0.047E+00,-0.047E+00,+0.000E+00,-0.188E+00,-6.13E+00,+6.61E+00,-0.18E+00,-3.090E+00
2,03/2/2026,18:42:06.455,-0.047E+00,-0.047E+00,+0.000E+00,-0.188E+00,-6.07E+00,+6.65E+00,-0.29E+00,-3.052E+00
2,03/2/2026,18:42:06.455,-0.047E+00,-0.047E+00,-0.047E+00,-0.188E+00,-6.00E+00,+6.70E+00,-0.40E+00,-3.014E+00
2,03/2/2026,18:42:06.455,-0.047E+00,-0.047E+00,+0.000E+00,-0.188E+00,-5.91E+00,+6.73E+00,-0.52E+00,-2.968E+00
2,03/2/2026,18:42:06.456,-0.047E+00,-0.047E+00,-0.047E+00,-0.188E+00,-5.83E+00,+6.78E+00,-0.63E+00,-2.938E+00
2,03/2/2026,18:42:06.456,-0.047E+00,-0.047E+00,-0.047E+00,-0.188E+00,-5.74E+00,+6.82E+00,-0.75E+00,-2.892E+00
2,03/2/2026,18:42:06.456,-0.047E+00,-0.047E+00,+0.000E+00,-0.188E+00,-5.66E+00,+6.85E+00,-0.87E+00,-2.854E+00
2,03/2/2026,18:42:06.456,-0.047E+00,+0.000E+00,+0.000E+00,-0.188E+00,-5.59E+00,+6.90E+00,-0.99E+00,-2.816E+00
2,03/2/2026,18:42:06.456,-0.047E+00,-0.047E+00,-0.047E+00,-0.188E+00,-5.49E+00,+6.93E+00,-1.10E+00,-2.770E+00
2,03/2/2026,18:42:06.456,+0.000E+00,-0.047E+00,-0.047E+00,-0.188E+00,-5.42E+00,+6.96E+00,-1.22E+00,-2.732E+00
2,03/2/2026,18:42:06.456,-0.047E+00,-0.047E+00,-0.047E+00,-0.188E+00,-5.34E+00,+6.99E+00,-1.34E+00,-2.686E+00
2,03/2/2026,18:42:06.456,-0.047E+00,-0.047E+00,-0.047E+00,-0.188E+00,-5.25E+00,+7.03E+00,-1.45E+00,-2.648E+00
2,03/2/2026,18:42:06.456,-0.047E+00,-0.047E+00,+0.000E+00,-0.141E+00,-5.17E+00,+7.05E+00,-1.57E+00,-2.602E+00
2,03/2/2026,18:42:06.456,-0.047E+00,-0.047E+00,+0.000E+00,-0.188E+00,-5.08E+00,+7.08E+00,-1.68E+00,-2.564E+00
2,03/2/2026,18:42:06.456,-0.047E+00,-0.047E+00,-0.047E+00,-0.188E+00,-4.99E+00,+7.11E+00,-1.79E+00,-2.526E+00
2,03/2/2026,18:42:06.456,-0.047E+00,-0.047E+00,-0.047E+00,-0.188E+00,-4.91E+00,+7.14E+00,-1.91E+00,-2.480E+00
2,03/2/2026,18:42:06.456,-0.047E+00,-0.047E+00,-0.047E+00,-0.188E+00,-4.84E+00,+7.16E+00,-2.01E+00,-2.442E+00
2,03/2/2026,18:42:06.456,-0.047E+00,-0.047E+00,+0.000E+00,-0.188E+00,-4.75E+00,+7.19E+00,-2.12E+00,-2.396E+00
2,03/2/2026,18:42:06.456,+0.000E+00,-0.047E+00,+0.000E+00,-0.188E+00,-4.65E+00,+7.22E+00,-2.24E+00,-2.350E+00
2,03/2/2026,18:42:06.456,-0.047E+00,-0.047E+00,+0.000E+00,-0.188E+00,-4.56E+00,+7.23E+00,-2.35E+00,-2.304E+00
2,03/2/2026,18:42:06.456,-0.047E+00,-0.047E+00,-0.047E+00,-0.188E+00,-4.47E+00,+7.25E+00,-2.46E+00,-2.266E+00
2,03/2/2026,18:42:06.456,-0.047E+00,-0.047E+00,+0.000E+00,-0.188E+00,-4.39E+00,+7.26E+00,-2.56E+00,-2.220E+00
2,03/2/2026,18:42:06.456,-0.047E+00,-0.047E+00,+0.000E+00,-0.188E+00,-4.29E+00,+7.29E+00,-2.67E+00,-2.167E+00
2,03/2/2026,18:42:06.456,+0.000E+00,-0.047E+00,-0.047E+00,-0.188E+00,-4.20E+00,+7.31E+00,-2.78E+00,-2.121E+00
2,03/2/2026,18:42:06.457,+0.000E+00,-0.047E+00,+0.000E+00,-0.188E+00,-4.10E+00,+7.32E+00,-2.87E+00,-2.083E+00
2,03/2/2026,18:42:06.457,-0.047E+00,-0.047E+00,+0.000E+00,-0.188E+00,-4.03E+00,+7.34E+00,-2.98E+00,-2.037E+00
2,03/2/2026,18:42:06.457,-0.047E+00,-0.047E+00,+0.000E+00,-0.188E+00,-3.94E+00,+7.36E+00,-3.08E+00,-1.991E+00
2,03/2/2026,18:42:06.457,+0.000E+00,-0.047E+00,+0.000E+00,-0.188E+00,-3.85E+00,+7.36E+00,-3.19E+00,-1.946E+00
2,03/2/2026,18:42:06.457,-0.047E+00,-0.047E+00,+0.000E+00,-0.188E+00,-3.74E+00,+7.37E+00,-3.28E+00,-1.900E+00
2,03/2/2026,18:42:06.457,-0.047E+00,-0.047E+00,+0.000E+00,-0.188E+00,-3.65E+00,+7.39E+00,-3.39E+00,-1.854E+00
2,03/2/2026,18:42:06.457,-0.047E+00,-0.047E+00,+0.000E+00,-0.188E+00,-3.56E+00,+7.40E+00,-3.49E+00,-1.808E+00
2,03/2/2026,18:42:06.457,-0.047E+00,-0.047E+00,+0.000E+00,-0.188E+00,-3.46E+00,+7.40E+00,-3.60E+00,-1.755E+00
2,03/2/2026,18:42:06.457,-0.047E+00,-0.047E+00,-0.047E+00,-0.188E+00,-3.36E+00,+7.40E+00,-3.71E+00,-1.709E+00
2,03/2/2026,18:42:06.457,-0.047E+00,-0.047E+00,-0.047E+00,-0.188E+00,-3.27E+00,+7.42E+00,-3.80E+00,-1.663E+00
2,03/2/2026,18:42:06.457,+0.000E+00,-0.047E+00,-0.047E+00,-0.188E+00,-3.16E+00,+7.43E+00,-3.91E+00,-1.610E+00
2,03/2/2026,18:42:06.457,-0.047E+00,-0.047E+00,-0.047E+00,-0.188E+00,-3.05E+00,+7.43E+00,-4.00E+00,-1.557E+00
2,03/2/2026,18:42:06.457,-0.047E+00,-0.047E+00,-0.047E+00,-0.188E+00,-2.96E+00,+7.43E+00,-4.10E+00,-1.511E+00
2,03/2/2026,18:42:06.457,-0.047E+00,-0.047E+00,+0.000E+00,-0.188E+00,-2.85E+00,+7.43E+00,-4.20E+00,-1.457E+00
2,03/2/2026,18:42:06.457,-0.047E+00,-0.047E+00,-0.047E+00,-0.188E+00,-2.75E+00,+7.45E+00,-4.30E+00,-1.412E+00
2,03/2/2026,18:42:06.457,-0.047E+00,-0.047E+00,-0.047E+00,-0.188E+00,-2.64E+00,+7.45E+00,-4.39E+00,-1.351E+00
2,03/2/2026,18:42:06.457,-0.047E+00,-0.047E+00,+0.000E+00,-0.188E+00,-2.53E+00,+7.45E+00,-4.49E+00,-1.305E+00
2,03/2/2026,18:42:06.457,-0.047E+00,-0.047E+00,+0.000E+00,-0.188E+00,-2.43E+00,+7.45E+00,-4.59E+00,-1.251E+00
2,03/2/2026,18:42:06.457,-0.047E+00,-0.047E+00,-0.047E+00,-0.188E+00,-2.32E+00,+7.45E+00,-4.68E+00,-1.198E+00
2,03/2/2026,18:42:06.457,-0.047E+00,-0.047E+00,-0.047E+00,-0.188E+00,-2.21E+00,+7.45E+00,-4.79E+00,-1.145E+00
2,03/2/2026,18:42:06.458,-0.047E+00,-0.047E+00,-0.047E+00,-0.188E+00,-2.12E+00,+7.43E+00,-4.88E+00,-1.091E+00
2,03/2/2026,18:42:06.458,-0.047E+00,-0.047E+00,+0.000E+00,-0.188E+00,-2.01E+00,+7.43E+00,-4.97E+00,-1.045E+00
2,03/2/2026,18:42:06.458,+0.000E+00,-0.047E+00,+0.000E+00,-0.188E+00,-1.91E+00,+7.43E+00,-5.07E+00,-0.992E+00
2,03/2/2026,18:42:06.458,+0.000E+00,-0.047E+00,+0.000E+00,-0.188E+00,-1.80E+00,+7.42E+00,-5.16E+00,-0.939E+00
2,03/2/2026,18:42:06.458,-0.047E+00,-0.047E+00,+0.000E+00,-0.188E+00,-1.69E+00,+7.40E+00,-5.23E+00,-0.885E+00
2,03/2/2026,18:42:06.458,-0.047E+00,-0.047E+00,-0.047E+00,-0.188E+00,-1.59E+00,+7.37E+00,-5.31E+00,-0.832E+00
2,03/2/2026,18:42:06.458,-0.047E+00,-0.047E+00,-0.047E+00,-0.188E+00,-1.48E+00,+7.34E+00,-5.37E+00,-0.778E+00
2,03/2/2026,18:42:06.458,-0.047E+00,-0.047E+00,-0.047E+00,-0.188E+00,-1.37E+00,+7.29E+00,-5.45E+00,-0.725E+00
2,03/2/2026,18:42:06.458,-0.047E+00,-0.047E+00,+0.000E+00,-0.188E+00,-1.25E+00,+7.26E+00,-5.52E+00,-0.671E+00
2,03/2/2026,18:42:06.458,-0.047E+00,-0.047E+00,+0.000E+00,-0.188E+00,-1.14E+00,+7.22E+00,-5.59E+00,-0.618E+00
2,03/2/2026,18:42:06.458,-0.047E+00,-0.047E+00,-0.047E+00,-0.188E+00,-1.04E+00,+7.17E+00,-5.65E+00,-0.565E+00
2,03/2/2026,18:42:06.458,-0.047E+00,-0.047E+00,-0.047E+00,-0.188E+00,-0.92E+00,+7.13E+00,-5.71E+00,-0.504E+00
2,03/2/2026,18:42:06.458,-0.047E+00,-0.047E+00,+0.000E+00,-0.188E+00,-0.81E+00,+7.08E+00,-5.77E+00,-0.458E+00
2,03/2/2026,18:42:06.458,-0.047E+00,-0.047E+00,+0.000E+00,-0.188E+00,-0.69E+00,+7.03E+00,-5.83E+00,-0.397E+00
2,03/2/2026,18:42:06.458,-0.047E+00,-0.047E+00,+0.000E+00,-0.188E+00,-0.58E+00,+6.97E+00,-5.89E+00,-0.343E+00
2,03/2/2026,18:42:06.458,-0.047E+00,-0.047E+00,+0.000E+00,-0.188E+00,-0.46E+00,+6.91E+00,-5.94E+00,-0.282E+00
2,03/2/2026,18:42:06.458,-0.047E+00,-0.047E+00,-0.047E+00,-0.188E+00,-0.34E+00,+6.85E+00,-6.00E+00,-0.229E+00
2,03/2/2026,18:42:06.458,-0.047E+00,-0.047E+00,-0.047E+00,-0.188E+00,-0.23E+00,+6.78E+00,-6.04E+00,-0.168E+00
2,03/2/2026,18:42:06.458,-0.047E+00,-0.047E+00,+0.000E+00,-0.188E+00,-0.11E+00,+6.71E+00,-6.10E+00,-0.107E+00
2,03/2/2026,18:42:06.458,-0.047E+00,-0.047E+00,-0.047E+00,-0.188E+00,+0.00E+00,+6.64E+00,-6.15E+00,-0.053E+00
2,03/2/2026,18:42:06.459,-0.047E+00,-0.047E+00,-0.047E+00,-0.188E+00,+0.12E+00,+6.55E+00,-6.21E+00,+0.000E+00
2,03/2/2026,18:42:06.459,-0.047E+00,-0.047E+00,-0.047E+00,-0.188E+00,+0.23E+00,+6.47E+00,-6.26E+00,+0.061E+00
2,03/2/2026,18:42:06.459,-0.047E+00,-0.047E+00,+0.000E+00,-0.188E+00,+0.35E+00,+6.41E+00,-6.30E+00,+0.114E+00
2,03/2/2026,18:42:06.459,-0.047E+00,-0.047E+00,-0.047E+00,-0.188E+00,+0.46E+00,+6.32E+00,-6.35E+00,+0.168E+00
2,03/2/2026,18:42:06.459,-0.047E+00,-0.047E+00,-0.047E+00,-0.188E+00,+0.56E+00,+6.24E+00,-6.41E+00,+0.229E+00
2,03/2/2026,18:42:06.459,-0.047E+00,-0.047E+00,+0.000E+00,-0.188E+00,+0.69E+00,+6.17E+00,-6.46E+00,+0.282E+00
2,03/2/2026,18:42:06.459,-0.047E+00,-0.047E+00,-0.047E+00,-0.188E+00,+0.79E+00,+6.09E+00,-6.50E+00,+0.343E+00
2,03/2/2026,18:42:06.459,+0.000E+00,-0.047E+00,-0.047E+00,-0.188E+00,+0.92E+00,+6.00E+00,-6.53E+00,+0.404E+00
2,03/2/2026,18:42:06.459,-0.047E+00,-0.047E+00,-0.047E+00,-0.188E+00,+1.02E+00,+5.92E+00,-6.58E+00,+0.458E+00
2,03/2/2026,18:42:06.459,-0.047E+00,-0.047E+00,+0.000E+00,-0.188E+00,+1.14E+00,+5.83E+00,-6.62E+00,+0.519E+00
2,03/2/2026,18:42:06.459,-0.047E+00,-0.047E+00,-0.047E+00,-0.188E+00,+1.25E+00,+5.75E+00,-6.65E+00,+0.572E+00
2,03/2/2026,18:42:06.459,-0.047E+00,-0.047E+00,-0.047E+00,-0.188E+00,+1.37E+00,+5.66E+00,-6.70E+00,+0.633E+00
2,03/2/2026,18:42:06.459,-0.047E+00,-0.047E+00,-0.047E+00,-0.188E+00,+1.48E+00,+5.59E+00,-6.73E+00,+0.687E+00
2,03/2/2026,18:42:06.459,-0.047E+00,-0.047E+00,-0.047E+00,-0.188E+00,+1.60E+00,+5.51E+00,-6.76E+00,+0.748E+00
2,03/2/2026,18:42:06.459,-0.047E+00,-0.047E+00,-0.047E+00,-0.188E+00,+1.71E+00,+5.42E+00,-6.79E+00,+0.809E+00
2,03/2/2026,18:42:06.459,-0.047E+00,-0.047E+00,+0.000E+00,-0.188E+00,+1.82E+00,+5.34E+00,-6.84E+00,+0.855E+00
2,03/2/2026,18:42:06.459,-0.047E+00,-0.047E+00,+0.000E+00,-0.188E+00,+1.92E+00,+5.25E+00,-6.87E+00,+0.908E+00
2,03/2/2026,18:42:06.459,-0.047E+00,-0.047E+00,-0.047E+00,-0.188E+00,+2.03E+00,+5.16E+00,-6.88E+00,+0.969E+00
2,03/2/2026,18:42:06.459,-0.047E+00,-0.047E+00,-0.047E+00,-0.188E+00,+2.15E+00,+5.07E+00,-6.91E+00,+1.022E+00
2,03/2/2026,18:42:06.459,-0.047E+00,-0.047E+00,+0.000E+00,-0.188E+00,+2.26E+00,+4.99E+00,-6.93E+00,+1.076E+00
2,03/2/2026,18:42:06.460,-0.047E+00,-0.047E+00,+0.000E+00,-0.188E+00,+2.35E+00,+4.90E+00,-6.96E+00,+1.129E+00
2,03/2/2026,18:42:06.460,-0.047E+00,-0.047E+00,-0.047E+00,-0.188E+00,+2.46E+00,+4.81E+00,-6.97E+00,+1.183E+00
2,03/2/2026,18:42:06.460,-0.047E+00,-0.047E+00,-0.047E+00,-0.188E+00,+2.56E+00,+4.72E+00,-7.00E+00,+1.236E+00
2,03/2/2026,18:42:06.460,-0.047E+00,-0.047E+00,+0.000E+00,-0.188E+00,+2.67E+00,+4.62E+00,-7.02E+00,+1.289E+00
2,03/2/2026,18:42:06.460,-0.047E+00,-0.047E+00,-0.047E+00,-0.188E+00,+2.78E+00,+4.53E+00,-7.03E+00,+1.343E+00
2,03/2/2026,18:42:06.460,+0.000E+00,-0.047E+00,-0.047E+00,-0.188E+00,+2.88E+00,+4.44E+00,-7.05E+00,+1.396E+00
2,03/2/2026,18:42:06.460,-0.047E+00,-0.047E+00,-0.047E+00,-0.188E+00,+2.99E+00,+4.35E+00,-7.07E+00,+1.450E+00
2,03/2/2026,18:42:06.460,-0.047E+00,-0.047E+00,-0.047E+00,-0.188E+00,+3.08E+00,+4.26E+00,-7.08E+00,+1.503E+00
2,03/2/2026,18:42:06.460,-0.047E+00,-0.047E+00,+0.000E+00,-0.141E+00,+3.19E+00,+4.17E+00,-7.10E+00,+1.549E+00
2,03/2/2026,18:42:06.460,-0.047E+00,-0.047E+00,-0.047E+00,-0.188E+00,+3.30E+00,+4.07E+00,-7.11E+00,+1.602E+00
2,03/2/2026,18:42:06.460,-0.047E+00,-0.047E+00,-0.047E+00,-0.188E+00,+3.39E+00,+3.97E+00,-7.13E+00,+1.648E+00
2,03/2/2026,18:42:06.460,-0.047E+00,-0.047E+00,-0.047E+00,-0.188E+00,+3.49E+00,+3.88E+00,-7.14E+00,+1.702E+00
2,03/2/2026,18:42:06.460,-0.047E+00,-0.047E+00,-0.047E+00,-0.188E+00,+3.59E+00,+3.78E+00,-7.14E+00,+1.755E+00
2,03/2/2026,18:42:06.460,-0.047E+00,-0.047E+00,-0.047E+00,-0.188E+00,+3.69E+00,+3.68E+00,-7.17E+00,+1.801E+00
2,03/2/2026,18:42:06.460,+0.000E+00,-0.047E+00,+0.000E+00,-0.188E+00,+3.78E+00,+3.57E+00,-7.17E+00,+1.854E+00
2,03/2/2026,18:42:06.460,-0.047E+00,-0.047E+00,+0.000E+00,-0.188E+00,+3.89E+00,+3.48E+00,-7.19E+00,+1.900E+00
2,03/2/2026,18:42:06.460,-0.047E+00,-0.047E+00,-0.047E+00,-0.188E+00,+3.98E+00,+3.37E+00,-7.19E+00,+1.953E+00
2,03/2/2026,18:42:06.460,-0.047E+00,-0.047E+00,+0.000E+00,-0.188E+00,+4.07E+00,+3.27E+00,-7.20E+00,+1.999E+00
2,03/2/2026,18:42:06.460,-0.047E+00,-0.047E+00,+0.000E+00,-0.188E+00,+4.18E+00,+3.16E+00,-7.20E+00,+2.052E+00
2,03/2/2026,18:42:06.460,-0.047E+00,-0.047E+00,-0.047E+00,-0.188E+00,+4.29E+00,+3.05E+00,-7.22E+00,+2.098E+00
2,03/2/2026,18:42:06.461,-0.047E+00,-0.047E+00,-0.047E+00,-0.188E+00,+4.38E+00,+2.95E+00,-7.22E+00,+2.152E+00
2,03/2/2026,18:42:06.461,-0.047E+00,-0.047E+00,-0.047E+00,-0.188E+00,+4.47E+00,+2.84E+00,-7.23E+00,+2.205E+00
2,03/2/2026,18:42:06.461,-0.047E+00,-0.047E+00,+0.000E+00,-0.188E+00,+4.58E+00,+2.73E+00,-7.23E+00,+2.251E+00
2,03/2/2026,18:42:06.461,-0.047E+00,-0.047E+00,+0.000E+00,-0.188E+00,+4.67E+00,+2.62E+00,-7.23E+00,+2.304E+00
2,03/2/2026,18:42:06.461,+0.000E+00,-0.047E+00,-0.047E+00,-0.188E+00,+4.76E+00,+2.52E+00,-7.25E+00,+2.350E+00
2,03/2/2026,18:42:06.461,-0.047E+00,+0.000E+00,-0.047E+00,-0.188E+00,+4.87E+00,+2.41E+00,-7.25E+00,+2.403E+00
2,03/2/2026,18:42:06.461,-0.047E+00,-0.047E+00,+0.000E+00,-0.188E+00,+4.96E+00,+2.30E+00,-7.26E+00,+2.449E+00
2,03/2/2026,18:42:06.461,-0.047E+00,-0.047E+00,+0.000E+00,-0.188E+00,+5.05E+00,+2.18E+00,-7.26E+00,+2.495E+00
2,03/2/2026,18:42:06.461,-0.047E+00,-0.047E+00,+0.000E+00,-0.188E+00,+5.14E+00,+2.08E+00,-7.26E+00,+2.541E+00
2,03/2/2026,18:42:06.461,-0.047E+00,-0.047E+00,+0.000E+00,-0.188E+00,+5.22E+00,+1.97E+00,-7.26E+00,+2.587E+00
2,03/2/2026,18:42:06.461,-0.047E+00,-0.047E+00,-0.047E+00,-0.188E+00,+5.30E+00,+1.85E+00,-7.26E+00,+2.632E+00
2,03/2/2026,18:42:06.461,-0.047E+00,-0.047E+00,-0.047E+00,-0.188E+00,+5.39E+00,+1.74E+00,-7.26E+00,+2.671E+00
2,03/2/2026,18:42:06.461,+0.000E+00,-0.047E+00,-0.047E+00,-0.188E+00,+5.46E+00,+1.62E+00,-7.25E+00,+2.709E+00
2,03/2/2026,18:42:06.461,-0.047E+00,-0.047E+00,-0.047E+00,-0.188E+00,+5.52E+00,+1.51E+00,-7.25E+00,+2.754E+00
2,03/2/2026,18:42:06.461,-0.047E+00,-0.047E+00,+0.000E+00,-0.188E+00,+5.60E+00,+1.39E+00,-7.22E+00,+2.793E+00
2,03/2/2026,18:42:06.461,-0.047E+00,-0.047E+00,+0.000E+00,-0.188E+00,+5.68E+00,+1.27E+00,-7.19E+00,+2.831E+00
2,03/2/2026,18:42:06.461,-0.047E+00,-0.047E+00,-0.047E+00,-0.188E+00,+5.74E+00,+1.14E+00,-7.16E+00,+2.861E+00
2,03/2/2026,18:42:06.461,-0.047E+00,-0.047E+00,-0.047E+00,-0.188E+00,+5.80E+00,+1.02E+00,-7.11E+00,+2.892E+00
2,03/2/2026,18:42:06.461,-0.047E+00,-0.047E+00,+0.000E+00,-0.188E+00,+5.86E+00,+0.92E+00,-7.07E+00,+2.930E+00
2,03/2/2026,18:42:06.461,-0.047E+00,-0.047E+00,-0.047E+00,-0.188E+00,+5.92E+00,+0.81E+00,-6.99E+00,+2.960E+00
2,03/2/2026,18:42:06.462,-0.047E+00,-0.047E+00,-0.047E+00,-0.188E+00,+5.98E+00,+0.70E+00,-6.94E+00,+2.991E+00
2,03/2/2026,18:42:06.462,-0.047E+00,-0.047E+00,+0.000E+00,-0.188E+00,+6.04E+00,+0.58E+00,-6.87E+00,+3.022E+00
2,03/2/2026,18:42:06.462,-0.047E+00,-0.047E+00,+0.000E+00,-0.188E+00,+6.10E+00,+0.47E+00,-6.81E+00,+3.052E+00
2,03/2/2026,18:42:06.462,-0.047E+00,-0.047E+00,-0.047E+00,-0.188E+00,+6.15E+00,+0.37E+00,-6.75E+00,+3.083E+00
2,03/2/2026,18:42:06.462,-0.047E+00,-0.047E+00,-0.047E+00,-0.188E+00,+6.21E+00,+0.26E+00,-6.68E+00,+3.105E+00
2,03/2/2026,18:42:06.462,-0.047E+00,-0.047E+00,+0.000E+00,-0.188E+00,+6.26E+00,+0.14E+00,-6.64E+00,+3.136E+00
2,03/2/2026,18:42:06.462,-0.047E+00,-0.047E+00,-0.047E+00,-0.188E+00,+6.30E+00,+0.03E+00,-6.58E+00,+3.159E+00
2,03/2/2026,18:42:06.462,-0.047E+00,-0.047E+00,-0.047E+00,-0.188E+00,+6.35E+00,-0.09E+00,-6.52E+00,+3.182E+00
2,03/2/2026,18:42:06.462,-0.047E+00,-0.047E+00,+0.000E+00,-0.188E+00,+6.39E+00,-0.21E+00,-6.46E+00,+3.197E+00
2,03/2/2026,18:42:06.462,-0.047E+00,-0.047E+00,-0.047E+00,-0.188E+00,+6.42E+00,-0.34E+00,-6.39E+00,+3.220E+00
2,03/2/2026,18:42:06.462,-0.047E+00,-0.047E+00,-0.047E+00,-0.188E+00,+6.46E+00,-0.46E+00,-6.33E+00,+3.235E+00
2,03/2/2026,18:42:06.462,-0.047E+00,-0.047E+00,-0.047E+00,-0.188E+00,+6.49E+00,-0.56E+00,-6.26E+00,+3.258E+00
2,03/2/2026,18:42:06.462,-0.047E+00,-0.047E+00,-0.047E+00,-0.188E+00,+6.52E+00,-0.69E+00,-6.20E+00,+3.273E+00
2,03/2/2026,18:42:06.462,-0.047E+00,-0.047E+00,-0.047E+00,-0.188E+00,+6.55E+00,-0.81E+00,-6.10E+00,+3.289E+00
2,03/2/2026,18:42:06.462,-0.047E+00,-0.047E+00,+0.000E+00,-0.188E+00,+6.59E+00,-0.92E+00,-6.03E+00,+3.304E+00
2,03/2/2026,18:42:06.462,-0.047E+00,-0.047E+00,-0.047E+00,-0.188E+00,+6.62E+00,-1.04E+00,-5.94E+00,+3.327E+00
2,03/2/2026,18:42:06.462,-0.047E+00,-0.047E+00,-0.047E+00,-0.188E+00,+6.65E+00,-1.16E+00,-5.86E+00,+3.342E+00
2,03/2/2026,18:42:06.462,-0.047E+00,-0.047E+00,-0.047E+00,-0.188E+00,+6.68E+00,-1.28E+00,-5.77E+00,+3.357E+00
2,03/2/2026,18:42:06.462,-0.047E+00,-0.047E+00,+0.000E+00,-0.188E+00,+6.71E+00,-1.40E+00,-5.69E+00,+3.373E+00
2,03/2/2026,18:42:06.462,-0.047E+00,-0.047E+00,+0.000E+00,-0.188E+00,+6.75E+00,-1.53E+00,-5.62E+00,+3.388E+00
2,03/2/2026,18:42:06.463,-0.047E+00,+0.000E+00,-0.047E+00,-0.188E+00,+6.78E+00,-1.65E+00,-5.54E+00,+3.411E+00
2,03/2/2026,18:42:06.463,-0.047E+00,-0.047E+00,+0.000E+00,-0.188E+00,+6.81E+00,-1.75E+00,-5.45E+00,+3.426E+00
2,03/2/2026,18:42:06.463,-0.047E+00,-0.047E+00,+0.000E+00,-0.188E+00,+6.84E+00,-1.88E+00,-5.39E+00,+3.441E+00
2,03/2/2026,18:42:06.463,-0.047E+00,-0.047E+00,+0.000E+00,-0.188E+00,+6.87E+00,-2.00E+00,-5.30E+00,+3.456E+00
2,03/2/2026,18:42:06.463,-0.047E+00,-0.047E+00,+0.000E+00,-0.188E+00,+6.90E+00,-2.11E+00,-5.20E+00,+3.464E+00
2,03/2/2026,18:42:06.463,-0.047E+00,-0.047E+00,+0.000E+00,-0.188E+00,+6.91E+00,-2.23E+00,-5.13E+00,+3.479E+00
2,03/2/2026,18:42:06.463,-0.047E+00,-0.047E+00,+0.000E+00,-0.188E+00,+6.93E+00,-2.35E+00,-5.04E+00,+3.487E+00
2,03/2/2026,18:42:06.463,-0.047E+00,-0.047E+00,+0.000E+00,-0.188E+00,+6.96E+00,-2.46E+00,-4.94E+00,+3.502E+00
2,03/2/2026,18:42:06.463,-0.047E+00,-0.047E+00,-0.047E+00,-0.188E+00,+6.97E+00,-2.58E+00,-4.87E+00,+3.510E+00
2,03/2/2026,18:42:06.463,-0.047E+00,-0.047E+00,-0.047E+00,-0.188E+00,+6.99E+00,-2.69E+00,-4.78E+00,+3.517E+00
2,03/2/2026,18:42:06.463,+0.000E+00,+0.000E+00,-0.047E+00,-0.188E+00,+7.00E+00,-2.81E+00,-4.68E+00,+3.533E+00
2,03/2/2026,18:42:06.463,-0.047E+00,+0.000E+00,+0.000E+00,-0.188E+00,+7.03E+00,-2.91E+00,-4.59E+00,+3.540E+00
2,03/2/2026,18:42:06.463,-0.047E+00,-0.047E+00,-0.047E+00,-0.188E+00,+7.03E+00,-3.02E+00,-4.50E+00,+3.548E+00
2,03/2/2026,18:42:06.463,+0.000E+00,-0.047E+00,+0.000E+00,-0.188E+00,+7.05E+00,-3.14E+00,-4.41E+00,+3.556E+00
2,03/2/2026,18:42:06.463,-0.047E+00,-0.047E+00,+0.000E+00,-0.188E+00,+7.07E+00,-3.25E+00,-4.32E+00,+3.563E+00
2,03/2/2026,18:42:06.463,-0.047E+00,-0.047E+00,+0.000E+00,-0.188E+00,+7.07E+00,-3.36E+00,-4.23E+00,+3.563E+00
2,03/2/2026,18:42:06.463,-0.047E+00,-0.047E+00,+0.000E+00,-0.188E+00,+7.08E+00,-3.46E+00,-4.14E+00,+3.563E+00
2,03/2/2026,18:42:06.463,-0.047E+00,-0.047E+00,-0.047E+00,-0.188E+00,+7.08E+00,-3.57E+00,-4.04E+00,+3.571E+00
2,03/2/2026,18:42:06.463,-0.047E+00,-0.047E+00,-0.047E+00,-0.188E+00,+7.10E+00,-3.68E+00,-3.95E+00,+3.579E+00
2,03/2/2026,18:42:06.463,-0.047E+00,-0.047E+00,+0.000E+00,-0.188E+00,+7.10E+00,-3.78E+00,-3.85E+00,+3.579E+00
2,03/2/2026,18:42:06.464,-0.047E+00,-0.047E+00,-0.047E+00,-0.188E+00,+7.11E+00,-3.89E+00,-3.77E+00,+3.586E+00
2,03/2/2026,18:42:06.464,-0.047E+00,-0.047E+00,-0.047E+00,-0.188E+00,+7.11E+00,-4.00E+00,-3.68E+00,+3.586E+00
2,03/2/2026,18:42:06.464,-0.047E+00,-0.047E+00,-0.047E+00,-0.188E+00,+7.11E+00,-4.10E+00,-3.57E+00,+3.594E+00
2,03/2/2026,18:42:06.464,-0.047E+00,-0.047E+00,-0.047E+00,-0.188E+00,+7.13E+00,-4.21E+00,-3.46E+00,+3.594E+00
2,03/2/2026,18:42:06.464,-0.047E+00,-0.047E+00,+0.000E+00,-0.188E+00,+7.13E+00,-4.30E+00,-3.37E+00,+3.594E+00
2,03/2/2026,18:42:06.464,+0.000E+00,-0.047E+00,+0.000E+00,-0.188E+00,+7.13E+00,-4.41E+00,-3.27E+00,+3.594E+00
2,03/2/2026,18:42:06.464,-0.047E+00,-0.047E+00,-0.047E+00,-0.188E+00,+7.13E+00,-4.52E+00,-3.16E+00,+3.594E+00
2,03/2/2026,18:42:06.464,-0.047E+00,-0.047E+00,-0.047E+00,-0.188E+00,+7.13E+00,-4.61E+00,-3.07E+00,+3.594E+00
2,03/2/2026,18:42:06.464,-0.047E+00,-0.047E+00,-0.047E+00,-0.188E+00,+7.13E+00,-4.72E+00,-2.96E+00,+3.594E+00
2,03/2/2026,18:42:06.464,-0.047E+00,-0.047E+00,-0.047E+00,-0.188E+00,+7.13E+00,-4.82E+00,-2.85E+00,+3.594E+00
2,03/2/2026,18:42:06.464,-0.047E+00,-0.047E+00,-0.047E+00,-0.188E+00,+7.13E+00,-4.93E+00,-2.75E+00,+3.594E+00
2,03/2/2026,18:42:06.464,-0.047E+00,-0.047E+00,-0.047E+00,-0.188E+00,+7.11E+00,-5.02E+00,-2.64E+00,+3.594E+00
2,03/2/2026,18:42:06.464,-0.047E+00,-0.047E+00,+0.000E+00,-0.188E+00,+7.13E+00,-5.11E+00,-2.53E+00,+3.586E+00
2,03/2/2026,18:42:06.464,-0.047E+00,-0.047E+00,+0.000E+00,-0.188E+00,+7.11E+00,-5.22E+00,-2.43E+00,+3.586E+00
2,03/2/2026,18:42:06.464,-0.047E+00,-0.047E+00,-0.047E+00,-0.188E+00,+7.11E+00,-5.31E+00,-2.33E+00,+3.586E+00
2,03/2/2026,18:42:06.464,-0.047E+00,-0.047E+00,+0.000E+00,-0.188E+00,+7.10E+00,-5.40E+00,-2.23E+00,+3.579E+00
2,03/2/2026,18:42:06.464,-0.047E+00,-0.047E+00,+0.000E+00,-0.188E+00,+7.08E+00,-5.49E+00,-2.12E+00,+3.571E+00
2,03/2/2026,18:42:06.464,-0.047E+00,-0.047E+00,-0.047E+00,-0.188E+00,+7.05E+00,-5.59E+00,-2.01E+00,+3.563E+00
2,03/2/2026,18:42:06.464,-0.047E+00,-0.047E+00,+0.000E+00,-0.188E+00,+7.03E+00,-5.66E+00,-1.91E+00,+3.548E+00
2,03/2/2026,18:42:06.464,-0.047E+00,-0.047E+00,+0.000E+00,-0.188E+00,+7.02E+00,-5.75E+00,-1.80E+00,+3.540E+00
2,03/2/2026,18:42:06.465,-0.047E+00,-0.047E+00,+0.000E+00,-0.188E+00,+6.97E+00,-5.83E+00,-1.69E+00,+3.525E+00
2,03/2/2026,18:42:06.465,-0.047E+00,-0.047E+00,-0.047E+00,-0.188E+00,+6.96E+00,-5.89E+00,-1.59E+00,+3.510E+00
2,03/2/2026,18:42:06.465,-0.047E+00,-0.047E+00,-0.047E+00,-0.188E+00,+6.91E+00,-5.97E+00,-1.48E+00,+3.487E+00
2,03/2/2026,18:42:06.465,-0.047E+00,-0.047E+00,+0.000E+00,-0.188E+00,+6.87E+00,-6.04E+00,-1.36E+00,+3.464E+00
2,03/2/2026,18:42:06.465,-0.047E+00,-0.047E+00,-0.047E+00,-0.188E+00,+6.84E+00,-6.10E+00,-1.25E+00,+3.449E+00
2,03/2/2026,18:42:06.465,-0.047E+00,-0.047E+00,-0.047E+00,-0.188E+00,+6.79E+00,-6.17E+00,-1.13E+00,+3.426E+00
2,03/2/2026,18:42:06.465,+0.000E+00,-0.047E+00,+0.000E+00,-0.188E+00,+6.75E+00,-6.24E+00,-1.02E+00,+3.403E+00
2,03/2/2026,18:42:06.465,+0.000E+00,-0.047E+00,+0.000E+00,-0.188E+00,+6.70E+00,-6.30E+00,-0.92E+00,+3.373E+00
2,03/2/2026,18:42:06.465,-0.047E+00,-0.047E+00,+0.000E+00,-0.188E+00,+6.64E+00,-6.35E+00,-0.81E+00,+3.350E+00
2,03/2/2026,18:42:06.465,-0.047E+00,-0.047E+00,-0.047E+00,-0.188E+00,+6.58E+00,-6.41E+00,-0.70E+00,+3.319E+00
2,03/2/2026,18:42:06.465,-0.047E+00,-0.047E+00,-0.047E+00,-0.188E+00,+6.52E+00,-6.47E+00,-0.58E+00,+3.281E+00
2,03/2/2026,18:42:06.465,-0.047E+00,-0.047E+00,+0.000E+00,-0.188E+00,+6.46E+00,-6.53E+00,-0.47E+00,+3.258E+00
2,03/2/2026,18:42:06.465,-0.047E+00,-0.047E+00,+0.000E+00,-0.188E+00,+6.38E+00,-6.59E+00,-0.35E+00,+3.220E+00
2,03/2/2026,18:42:06.465,-0.047E+00,-0.047E+00,-0.047E+00,-0.188E+00,+6.32E+00,-6.65E+00,-0.24E+00,+3.189E+00
2,03/2/2026,18:42:06.465,-0.047E+00,-0.047E+00,+0.000E+00,-0.188E+00,+6.26E+00,-6.70E+00,-0.14E+00,+3.151E+00
2,03/2/2026,18:42:06.465,-0.047E+00,-0.047E+00,+0.000E+00,-0.188E+00,+6.18E+00,-6.76E+00,-0.03E+00,+3.121E+00
2,03/2/2026,18:42:06.465,-0.047E+00,-0.047E+00,+0.000E+00,-0.188E+00,+6.12E+00,-6.81E+00,+0.09E+00,+3.090E+00
2,03/2/2026,18:42:06.465,-0.047E+00,-0.047E+00,+0.000E+00,-0.188E+00,+6.03E+00,-6.85E+00,+0.20E+00,+3.052E+00
2,03/2/2026,18:42:06.465,-0.047E+00,-0.047E+00,+0.000E+00,-0.188E+00,+5.95E+00,-6.90E+00,+0.31E+00,+3.006E+00
2,03/2/2026,18:42:06.465,-0.047E+00,-0.047E+00,-0.047E+00,-0.188E+00,+5.88E+00,-6.94E+00,+0.43E+00,+2.968E+00
2,03/2/2026,18:42:06.466,-0.047E+00,-0.047E+00,-0.047E+00,-0.188E+00,+5.80E+00,-6.99E+00,+0.53E+00,+2.930E+00
2,03/2/2026,18:42:06.466,-0.047E+00,-0.047E+00,-0.047E+00,-0.188E+00,+5.71E+00,-7.02E+00,+0.66E+00,+2.892E+00
2,03/2/2026,18:42:06.466,-0.047E+00,-0.047E+00,-0.047E+00,-0.188E+00,+5.63E+00,-7.07E+00,+0.78E+00,+2.846E+00
2,03/2/2026,18:42:06.466,-0.047E+00,-0.047E+00,-0.047E+00,-0.188E+00,+5.55E+00,-7.10E+00,+0.90E+00,+2.808E+00
2,03/2/2026,18:42:06.466,-0.047E+00,-0.047E+00,-0.047E+00,-0.188E+00,+5.46E+00,-7.14E+00,+1.01E+00,+2.762E+00
2,03/2/2026,18:42:06.466,+0.000E+00,-0.047E+00,+0.000E+00,-0.188E+00,+5.37E+00,-7.17E+00,+1.13E+00,+2.724E+00
2,03/2/2026,18:42:06.466,-0.047E+00,-0.047E+00,+0.000E+00,-0.188E+00,+5.30E+00,-7.20E+00,+1.24E+00,+2.686E+00
2,03/2/2026,18:42:06.466,-0.047E+00,-0.047E+00,+0.000E+00,-0.188E+00,+5.20E+00,-7.23E+00,+1.36E+00,+2.640E+00
2,03/2/2026,18:42:06.466,-0.047E+00,-0.047E+00,+0.000E+00,-0.141E+00,+5.13E+00,-7.26E+00,+1.46E+00,+2.602E+00
2,03/2/2026,18:42:06.466,-0.047E+00,-0.047E+00,+0.000E+00,-0.188E+00,+5.05E+00,-7.29E+00,+1.59E+00,+2.564E+00
2,03/2/2026,18:42:06.466,-0.047E+00,-0.047E+00,+0.000E+00,-0.188E+00,+4.96E+00,-7.31E+00,+1.69E+00,+2.518E+00
2,03/2/2026,18:42:06.466,-0.047E+00,-0.047E+00,+0.000E+00,-0.188E+00,+4.87E+00,-7.34E+00,+1.82E+00,+2.480E+00
2,03/2/2026,18:42:06.466,-0.047E+00,-0.047E+00,+0.000E+00,-0.188E+00,+4.79E+00,-7.37E+00,+1.92E+00,+2.434E+00
2,03/2/2026,18:42:06.466,-0.047E+00,-0.047E+00,+0.000E+00,-0.188E+00,+4.70E+00,-7.39E+00,+2.04E+00,+2.396E+00
2,03/2/2026,18:42:06.466,-0.047E+00,-0.047E+00,-0.047E+00,-0.188E+00,+4.62E+00,-7.42E+00,+2.15E+00,+2.350E+00
2,03/2/2026,18:42:06.466,-0.047E+00,-0.047E+00,-0.047E+00,-0.188E+00,+4.53E+00,-7.43E+00,+2.26E+00,+2.304E+00
2,03/2/2026,18:42:06.466,-0.047E+00,-0.047E+00,+0.000E+00,-0.188E+00,+4.44E+00,-7.45E+00,+2.37E+00,+2.259E+00
2,03/2/2026,18:42:06.466,-0.047E+00,-0.047E+00,-0.047E+00,-0.188E+00,+4.35E+00,-7.48E+00,+2.47E+00,+2.213E+00
2,03/2/2026,18:42:06.466,-0.047E+00,-0.047E+00,-0.047E+00,-0.188E+00,+4.26E+00,-7.49E+00,+2.58E+00,+2.167E+00
2,03/2/2026,18:42:06.466,-0.047E+00,-0.047E+00,+0.000E+00,-0.188E+00,+4.17E+00,-7.51E+00,+2.69E+00,+2.121E+00
2,03/2/2026,18:42:06.467,-0.047E+00,-0.047E+00,+0.000E+00,-0.188E+00,+4.07E+00,-7.52E+00,+2.79E+00,+2.075E+00
2,03/2/2026,18:42:06.467,-0.047E+00,-0.047E+00,+0.000E+00,-0.188E+00,+3.98E+00,-7.54E+00,+2.88E+00,+2.030E+00
2,03/2/2026,18:42:06.467,-0.047E+00,-0.047E+00,+0.000E+00,-0.188E+00,+3.89E+00,-7.54E+00,+2.99E+00,+1.984E+00
2,03/2/2026,18:42:06.467,-0.047E+00,-0.047E+00,-0.047E+00,-0.188E+00,+3.80E+00,-7.55E+00,+3.10E+00,+1.938E+00
2,03/2/2026,18:42:06.467,-0.047E+00,-0.047E+00,-0.047E+00,-0.188E+00,+3.71E+00,-7.57E+00,+3.20E+00,+1.892E+00
2,03/2/2026,18:42:06.467,-0.047E+00,-0.047E+00,+0.000E+00,-0.188E+00,+3.62E+00,-7.58E+00,+3.31E+00,+1.846E+00
2,03/2/2026,18:42:06.467,-0.047E+00,-0.047E+00,-0.047E+00,-0.188E+00,+3.51E+00,-7.58E+00,+3.42E+00,+1.801E+00
2,03/2/2026,18:42:06.467,-0.047E+00,-0.047E+00,-0.047E+00,-0.188E+00,+3.42E+00,-7.60E+00,+3.51E+00,+1.755E+00
2,03/2/2026,18:42:06.467,-0.047E+00,-0.047E+00,+0.000E+00,-0.188E+00,+3.33E+00,-7.60E+00,+3.62E+00,+1.709E+00
2,03/2/2026,18:42:06.467,-0.047E+00,-0.047E+00,+0.000E+00,-0.188E+00,+3.22E+00,-7.61E+00,+3.71E+00,+1.656E+00
2,03/2/2026,18:42:06.467,-0.047E+00,-0.047E+00,+0.000E+00,-0.188E+00,+3.13E+00,-7.61E+00,+3.82E+00,+1.610E+00
2,03/2/2026,18:42:06.467,-0.047E+00,-0.047E+00,+0.000E+00,-0.188E+00,+3.02E+00,-7.63E+00,+3.92E+00,+1.557E+00
2,03/2/2026,18:42:06.467,-0.047E+00,-0.047E+00,-0.047E+00,-0.188E+00,+2.93E+00,-7.63E+00,+4.01E+00,+1.503E+00
2,03/2/2026,18:42:06.467,-0.047E+00,-0.047E+00,+0.000E+00,-0.188E+00,+2.82E+00,-7.63E+00,+4.10E+00,+1.450E+00
2,03/2/2026,18:42:06.467,-0.047E+00,-0.047E+00,+0.000E+00,-0.188E+00,+2.72E+00,-7.63E+00,+4.21E+00,+1.404E+00
2,03/2/2026,18:42:06.467,-0.047E+00,-0.047E+00,+0.000E+00,-0.188E+00,+2.61E+00,-7.65E+00,+4.32E+00,+1.351E+00
2,03/2/2026,18:42:06.467,-0.047E+00,-0.047E+00,+0.000E+00,-0.188E+00,+2.50E+00,-7.63E+00,+4.41E+00,+1.297E+00
2,03/2/2026,18:42:06.467,-0.047E+00,-0.047E+00,+0.000E+00,-0.188E+00,+2.40E+00,-7.65E+00,+4.50E+00,+1.244E+00
2,03/2/2026,18:42:06.467,-0.047E+00,-0.047E+00,-0.047E+00,-0.188E+00,+2.27E+00,-7.65E+00,+4.61E+00,+1.190E+00
2,03/2/2026,18:42:06.467,-0.047E+00,-0.047E+00,+0.000E+00,-0.188E+00,+2.18E+00,-7.65E+00,+4.72E+00,+1.137E+00
2,03/2/2026,18:42:06.468,-0.047E+00,-0.047E+00,+0.000E+00,-0.188E+00,+2.08E+00,-7.63E+00,+4.81E+00,+1.091E+00
2,03/2/2026,18:42:06.468,-0.047E+00,-0.047E+00,-0.047E+00,-0.188E+00,+1.97E+00,-7.63E+00,+4.90E+00,+1.038E+00
2,03/2/2026,18:42:06.468,-0.047E+00,-0.047E+00,-0.047E+00,-0.188E+00,+1.86E+00,-7.63E+00,+4.99E+00,+0.992E+00
2,03/2/2026,18:42:06.468,-0.047E+00,-0.047E+00,+0.000E+00,-0.188E+00,+1.75E+00,-7.61E+00,+5.07E+00,+0.939E+00
2,03/2/2026,18:42:06.468,-0.047E+00,-0.047E+00,+0.000E+00,-0.188E+00,+1.66E+00,-7.58E+00,+5.14E+00,+0.885E+00
2,03/2/2026,18:42:06.468,+0.000E+00,-0.047E+00,-0.047E+00,-0.188E+00,+1.54E+00,-7.57E+00,+5.22E+00,+0.832E+00
2,03/2/2026,18:42:06.468,-0.047E+00,-0.047E+00,-0.047E+00,-0.188E+00,+1.43E+00,-7.54E+00,+5.30E+00,+0.778E+00
2,03/2/2026,18:42:06.468,-0.047E+00,-0.047E+00,-0.047E+00,-0.188E+00,+1.33E+00,-7.49E+00,+5.36E+00,+0.725E+00
2,03/2/2026,18:42:06.468,+0.000E+00,-0.047E+00,+0.000E+00,-0.188E+00,+1.22E+00,-7.46E+00,+5.43E+00,+0.671E+00
2,03/2/2026,18:42:06.468,-0.047E+00,-0.047E+00,+0.000E+00,-0.188E+00,+1.10E+00,-7.42E+00,+5.49E+00,+0.618E+00
2,03/2/2026,18:42:06.468,-0.047E+00,-0.047E+00,-0.047E+00,-0.188E+00,+0.99E+00,-7.37E+00,+5.57E+00,+0.557E+00
2,03/2/2026,18:42:06.468,-0.047E+00,-0.047E+00,-0.047E+00,-0.188E+00,+0.87E+00,-7.32E+00,+5.63E+00,+0.504E+00
2,03/2/2026,18:42:06.468,-0.047E+00,-0.047E+00,-0.047E+00,-0.188E+00,+0.76E+00,-7.28E+00,+5.68E+00,+0.450E+00
2,03/2/2026,18:42:06.468,-0.047E+00,-0.047E+00,-0.047E+00,-0.188E+00,+0.66E+00,-7.22E+00,+5.75E+00,+0.389E+00
2,03/2/2026,18:42:06.468,-0.047E+00,-0.047E+00,-0.047E+00,-0.188E+00,+0.53E+00,-7.17E+00,+5.80E+00,+0.336E+00
2,03/2/2026,18:42:06.468,-0.047E+00,-0.047E+00,+0.000E+00,-0.188E+00,+0.41E+00,-7.11E+00,+5.86E+00,+0.282E+00
2,03/2/2026,18:42:06.468,-0.047E+00,-0.047E+00,+0.000E+00,-0.188E+00,+0.31E+00,-7.05E+00,+5.91E+00,+0.221E+00
2,03/2/2026,18:42:06.468,-0.047E+00,-0.047E+00,-0.047E+00,-0.188E+00,+0.18E+00,-6.97E+00,+5.97E+00,+0.160E+00
2,03/2/2026,18:42:06.468,-0.047E+00,-0.047E+00,+0.000E+00,-0.188E+00,+0.08E+00,-6.90E+00,+6.01E+00,+0.107E+00
2,03/2/2026,18:42:06.468,-0.047E+00,-0.047E+00,+0.000E+00,-0.188E+00,-0.05E+00,-6.84E+00,+6.07E+00,+0.053E+00
2,03/2/2026,18:42:06.469,-0.047E+00,-0.047E+00,-0.047E+00,-0.188E+00,-0.15E+00,-6.76E+00,+6.12E+00,-0.008E+00
2,03/2/2026,18:42:06.469,-0.047E+00,-0.047E+00,-0.047E+00,-0.188E+00,-0.27E+00,-6.68E+00,+6.17E+00,-0.061E+00
2,03/2/2026,18:42:06.469,-0.047E+00,-0.047E+00,+0.000E+00,-0.188E+00,-0.38E+00,-6.61E+00,+6.23E+00,-0.114E+00
2,03/2/2026,18:42:06.469,-0.047E+00,-0.047E+00,-0.047E+00,-0.188E+00,-0.49E+00,-6.53E+00,+6.27E+00,-0.175E+00
2,03/2/2026,18:42:06.469,+0.000E+00,-0.047E+00,-0.047E+00,-0.188E+00,-0.61E+00,-6.44E+00,+6.32E+00,-0.229E+00
2,03/2/2026,18:42:06.469,-0.047E+00,-0.047E+00,-0.047E+00,-0.188E+00,-0.72E+00,-6.36E+00,+6.36E+00,-0.290E+00
2,03/2/2026,18:42:06.469,-0.047E+00,-0.047E+00,+0.000E+00,-0.188E+00,-0.82E+00,-6.29E+00,+6.41E+00,-0.343E+00
2,03/2/2026,18:42:06.469,+0.000E+00,-0.047E+00,+0.000E+00,-0.188E+00,-0.95E+00,-6.20E+00,+6.46E+00,-0.404E+00
2,03/2/2026,18:42:06.469,-0.047E+00,-0.047E+00,+0.000E+00,-0.188E+00,-1.07E+00,-6.12E+00,+6.49E+00,-0.465E+00
2,03/2/2026,18:42:06.469,-0.047E+00,-0.047E+00,-0.047E+00,-0.188E+00,-1.19E+00,-6.03E+00,+6.53E+00,-0.519E+00
2,03/2/2026,18:42:06.469,-0.047E+00,-0.047E+00,-0.047E+00,-0.188E+00,-1.30E+00,-5.95E+00,+6.58E+00,-0.580E+00
2,03/2/2026,18:42:06.469,-0.047E+00,-0.047E+00,-0.047E+00,-0.188E+00,-1.40E+00,-5.86E+00,+6.61E+00,-0.633E+00
2,03/2/2026,18:42:06.469,-0.047E+00,-0.047E+00,-0.047E+00,-0.188E+00,-1.53E+00,-5.78E+00,+6.64E+00,-0.694E+00
2,03/2/2026,18:42:06.469,-0.047E+00,-0.047E+00,+0.000E+00,-0.188E+00,-1.63E+00,-5.71E+00,+6.68E+00,-0.748E+00
2,03/2/2026,18:42:06.469,-0.047E+00,-0.047E+00,+0.000E+00,-0.188E+00,-1.74E+00,-5.62E+00,+6.71E+00,-0.809E+00
2,03/2/2026,18:42:06.469,-0.047E+00,-0.047E+00,-0.047E+00,-0.188E+00,-1.85E+00,-5.52E+00,+6.75E+00,-0.862E+00
2,03/2/2026,18:42:06.469,+0.000E+00,-0.047E+00,-0.047E+00,-0.188E+00,-1.95E+00,-5.45E+00,+6.76E+00,-0.916E+00
2,03/2/2026,18:42:06.469,-0.047E+00,-0.047E+00,-0.047E+00,-0.188E+00,-2.08E+00,-5.36E+00,+6.79E+00,-0.969E+00
2,03/2/2026,18:42:06.469,-0.047E+00,-0.047E+00,-0.047E+00,-0.188E+00,-2.18E+00,-5.26E+00,+6.82E+00,-1.022E+00
2,03/2/2026,18:42:06.469,+0.000E+00,-0.047E+00,+0.000E+00,-0.188E+00,-2.29E+00,-5.17E+00,+6.84E+00,-1.083E+00
2,03/2/2026,18:42:06.470,+0.000E+00,-0.047E+00,+0.000E+00,-0.188E+00,-2.40E+00,-5.10E+00,+6.87E+00,-1.137E+00
2,03/2/2026,18:42:06.470,-0.047E+00,-0.047E+00,+0.000E+00,-0.188E+00,-2.50E+00,-5.01E+00,+6.90E+00,-1.183E+00
2,03/2/2026,18:42:06.470,-0.047E+00,-0.047E+00,-0.047E+00,-0.188E+00,-2.59E+00,-4.91E+00,+6.91E+00,-1.236E+00
2,03/2/2026,18:42:06.470,-0.047E+00,-0.047E+00,+0.000E+00,-0.188E+00,-2.72E+00,-4.82E+00,+6.93E+00,-1.289E+00
2,03/2/2026,18:42:06.470,-0.047E+00,-0.047E+00,+0.000E+00,-0.188E+00,-2.82E+00,-4.73E+00,+6.94E+00,-1.343E+00
2,03/2/2026,18:42:06.470,-0.047E+00,-0.047E+00,-0.047E+00,-0.188E+00,-2.91E+00,-4.64E+00,+6.96E+00,-1.396E+00
2,03/2/2026,18:42:06.470,-0.047E+00,-0.047E+00,+0.000E+00,-0.188E+00,-3.02E+00,-4.56E+00,+6.99E+00,-1.450E+00
2,03/2/2026,18:42:06.470,-0.047E+00,-0.047E+00,+0.000E+00,-0.188E+00,-3.13E+00,-4.46E+00,+7.00E+00,-1.503E+00
2,03/2/2026,18:42:06.470,-0.047E+00,-0.047E+00,-0.047E+00,-0.235E+00,-3.22E+00,-4.36E+00,+7.02E+00,-1.549E+00
2,03/2/2026,18:42:06.470,+0.000E+00,-0.047E+00,-0.047E+00,-0.188E+00,-3.33E+00,-4.27E+00,+7.03E+00,-1.602E+00
2,03/2/2026,18:42:06.470,-0.047E+00,-0.047E+00,-0.047E+00,-0.188E+00,-3.42E+00,-4.18E+00,+7.03E+00,-1.656E+00
2,03/2/2026,18:42:06.470,-0.047E+00,-0.047E+00,-0.047E+00,-0.188E+00,-3.53E+00,-4.07E+00,+7.05E+00,-1.702E+00
2,03/2/2026,18:42:06.470,-0.047E+00,-0.047E+00,+0.000E+00,-0.188E+00,-3.62E+00,-3.98E+00,+7.07E+00,-1.755E+00
2,03/2/2026,18:42:06.470,-0.047E+00,-0.047E+00,+0.000E+00,-0.188E+00,-3.72E+00,-3.88E+00,+7.08E+00,-1.801E+00
2,03/2/2026,18:42:06.470,-0.047E+00,-0.047E+00,-0.047E+00,-0.188E+00,-3.82E+00,-3.77E+00,+7.08E+00,-1.854E+00
2,03/2/2026,18:42:06.470,-0.047E+00,-0.047E+00,+0.000E+00,-0.188E+00,-3.91E+00,-3.68E+00,+7.10E+00,-1.900E+00
2,03/2/2026,18:42:06.470,-0.047E+00,-0.047E+00,+0.000E+00,-0.188E+00,-4.01E+00,-3.57E+00,+7.11E+00,-1.953E+00
2,03/2/2026,18:42:06.470,-0.047E+00,+0.000E+00,-0.047E+00,-0.188E+00,-4.12E+00,-3.46E+00,+7.11E+00,-2.007E+00
2,03/2/2026,18:42:06.470,+0.000E+00,-0.047E+00,-0.047E+00,-0.188E+00,-4.21E+00,-3.37E+00,+7.11E+00,-2.052E+00
2,03/2/2026,18:42:06.470,-0.047E+00,-0.047E+00,+0.000E+00,-0.188E+00,-4.30E+00,-3.27E+00,+7.13E+00,-2.106E+00
2,03/2/2026,18:42:06.471,-0.047E+00,-0.047E+00,+0.000E+00,-0.188E+00,-4.41E+00,-3.16E+00,+7.14E+00,-2.152E+00
2,03/2/2026,18:42:06.471,-0.047E+00,-0.047E+00,-0.047E+00,-0.188E+00,-4.50E+00,-3.05E+00,+7.14E+00,-2.205E+00
2,03/2/2026,18:42:06.471,-0.047E+00,-0.047E+00,+0.000E+00,-0.188E+00,-4.61E+00,-2.93E+00,+7.14E+00,-2.251E+00
2,03/2/2026,18:42:06.471,-0.047E+00,-0.047E+00,-0.047E+00,-0.188E+00,-4.70E+00,-2.82E+00,+7.16E+00,-2.304E+00
2,03/2/2026,18:42:06.471,-0.047E+00,-0.047E+00,-0.047E+00,-0.188E+00,-4.81E+00,-2.72E+00,+7.16E+00,-2.350E+00
2,03/2/2026,18:42:06.471,-0.047E+00,-0.047E+00,-0.047E+00,-0.188E+00,-4.90E+00,-2.61E+00,+7.16E+00,-2.403E+00
2,03/2/2026,18:42:06.471,-0.047E+00,-0.047E+00,-0.047E+00,-0.188E+00,-4.99E+00,-2.50E+00,+7.17E+00,-2.449E+00
2,03/2/2026,18:42:06.471,-0.047E+00,-0.047E+00,+0.000E+00,-0.188E+00,-5.08E+00,-2.40E+00,+7.17E+00,-2.495E+00
2,03/2/2026,18:42:06.471,-0.047E+00,-0.047E+00,+0.000E+00,-0.188E+00,-5.16E+00,-2.27E+00,+7.17E+00,-2.541E+00
2,03/2/2026,18:42:06.471,-0.047E+00,-0.047E+00,-0.047E+00,-0.188E+00,-5.25E+00,-2.17E+00,+7.17E+00,-2.587E+00
2,03/2/2026,18:42:06.471,-0.047E+00,-0.047E+00,+0.000E+00,-0.188E+00,-5.34E+00,-2.06E+00,+7.17E+00,-2.632E+00
2,03/2/2026,18:42:06.471,-0.047E+00,-0.047E+00,-0.047E+00,-0.188E+00,-5.42E+00,-1.95E+00,+7.17E+00,-2.671E+00
2,03/2/2026,18:42:06.471,-0.047E+00,-0.047E+00,-0.047E+00,-0.188E+00,-5.49E+00,-1.83E+00,+7.16E+00,-2.716E+00
2,03/2/2026,18:42:06.471,-0.047E+00,-0.047E+00,+0.000E+00,-0.188E+00,-5.57E+00,-1.72E+00,+7.14E+00,-2.754E+00
2,03/2/2026,18:42:06.471,-0.047E+00,-0.047E+00,+0.000E+00,-0.188E+00,-5.63E+00,-1.60E+00,+7.13E+00,-2.793E+00
2,03/2/2026,18:42:06.471,-0.047E+00,-0.047E+00,-0.047E+00,-0.188E+00,-5.71E+00,-1.48E+00,+7.11E+00,-2.831E+00
2,03/2/2026,18:42:06.471,-0.047E+00,-0.047E+00,-0.047E+00,-0.188E+00,-5.77E+00,-1.36E+00,+7.07E+00,-2.861E+00
2,03/2/2026,18:42:06.471,-0.047E+00,-0.047E+00,+0.000E+00,-0.188E+00,-5.83E+00,-1.24E+00,+7.02E+00,-2.899E+00
2,03/2/2026,18:42:06.471,-0.047E+00,-0.047E+00,+0.000E+00,-0.188E+00,-5.89E+00,-1.13E+00,+6.97E+00,-2.930E+00
2,03/2/2026,18:42:06.471,-0.047E+00,-0.047E+00,+0.000E+00,-0.188E+00,-5.97E+00,-1.02E+00,+6.91E+00,-2.968E+00
2,03/2/2026,18:42:06.472,-0.047E+00,+0.000E+00,-0.047E+00,-0.188E+00,-6.03E+00,-0.90E+00,+6.84E+00,-2.999E+00
2,03/2/2026,18:42:06.472,-0.047E+00,-0.047E+00,+0.000E+00,-0.188E+00,-6.07E+00,-0.79E+00,+6.78E+00,-3.029E+00
2,03/2/2026,18:42:06.472,-0.047E+00,-0.047E+00,-0.047E+00,-0.188E+00,-6.13E+00,-0.69E+00,+6.73E+00,-3.060E+00
2,03/2/2026,18:42:06.472,-0.047E+00,-0.047E+00,-0.047E+00,-0.188E+00,-6.20E+00,-0.58E+00,+6.67E+00,-3.090E+00
2,03/2/2026,18:42:06.472,-0.047E+00,-0.047E+00,-0.047E+00,-0.188E+00,-6.26E+00,-0.47E+00,+6.61E+00,-3.113E+00
2,03/2/2026,18:42:06.472,-0.047E+00,-0.047E+00,-0.047E+00,-0.188E+00,-6.30E+00,-0.35E+00,+6.55E+00,-3.136E+00
2,03/2/2026,18:42:06.472,-0.047E+00,-0.047E+00,+0.000E+00,-0.188E+00,-6.35E+00,-0.23E+00,+6.49E+00,-3.159E+00
2,03/2/2026,18:42:06.472,-0.047E+00,-0.047E+00,+0.000E+00,-0.188E+00,-6.39E+00,-0.12E+00,+6.42E+00,-3.182E+00
2,03/2/2026,18:42:06.472,-0.047E+00,-0.047E+00,-0.047E+00,-0.188E+00,-6.42E+00,+0.00E+00,+6.38E+00,-3.205E+00
2,03/2/2026,18:42:06.472,-0.047E+00,-0.047E+00,-0.047E+00,-0.188E+00,-6.46E+00,+0.11E+00,+6.32E+00,-3.228E+00
2,03/2/2026,18:42:06.472,-0.047E+00,-0.047E+00,+0.000E+00,-0.188E+00,-6.50E+00,+0.23E+00,+6.24E+00,-3.243E+00
2,03/2/2026,18:42:06.472,-0.047E+00,-0.047E+00,+0.000E+00,-0.188E+00,-6.53E+00,+0.35E+00,+6.17E+00,-3.258E+00
2,03/2/2026,18:42:06.472,-0.047E+00,-0.047E+00,-0.047E+00,-0.188E+00,-6.56E+00,+0.47E+00,+6.10E+00,-3.273E+00
2,03/2/2026,18:42:06.472,-0.047E+00,-0.047E+00,-0.047E+00,-0.188E+00,-6.59E+00,+0.58E+00,+6.01E+00,-3.296E+00
2,03/2/2026,18:42:06.472,+0.000E+00,-0.047E+00,-0.047E+00,-0.188E+00,-6.62E+00,+0.70E+00,+5.94E+00,-3.311E+00
2,03/2/2026,18:42:06.472,-0.047E+00,-0.047E+00,-0.047E+00,-0.188E+00,-6.65E+00,+0.82E+00,+5.84E+00,-3.327E+00
2,03/2/2026,18:42:06.472,-0.047E+00,-0.047E+00,+0.000E+00,-0.188E+00,-6.68E+00,+0.95E+00,+5.77E+00,-3.350E+00
2,03/2/2026,18:42:06.472,-0.047E+00,-0.047E+00,+0.000E+00,-0.188E+00,-6.73E+00,+1.07E+00,+5.69E+00,-3.365E+00
2,03/2/2026,18:42:06.472,-0.047E+00,-0.047E+00,+0.000E+00,-0.188E+00,-6.76E+00,+1.19E+00,+5.60E+00,-3.380E+00
2,03/2/2026,18:42:06.472,-0.047E+00,-0.047E+00,+0.000E+00,-0.188E+00,-6.79E+00,+1.31E+00,+5.52E+00,-3.395E+00
2,03/2/2026,18:42:06.473,-0.047E+00,-0.047E+00,+0.000E+00,-0.188E+00,-6.82E+00,+1.42E+00,+5.45E+00,-3.418E+00
2,03/2/2026,18:42:06.473,-0.047E+00,-0.047E+00,+0.000E+00,-0.188E+00,-6.85E+00,+1.54E+00,+5.37E+00,-3.426E+00
2,03/2/2026,18:42:06.473,-0.047E+00,-0.047E+00,-0.047E+00,-0.188E+00,-6.88E+00,+1.66E+00,+5.30E+00,-3.441E+00
2,03/2/2026,18:42:06.473,-0.047E+00,-0.047E+00,-0.047E+00,-0.188E+00,-6.90E+00,+1.77E+00,+5.20E+00,-3.464E+00
2,03/2/2026,18:42:06.473,-0.047E+00,-0.047E+00,-0.047E+00,-0.188E+00,-6.93E+00,+1.89E+00,+5.11E+00,-3.472E+00
2,03/2/2026,18:42:06.473,-0.047E+00,-0.047E+00,-0.047E+00,-0.235E+00,-6.96E+00,+2.01E+00,+5.04E+00,-3.479E+00
2,03/2/2026,18:42:06.473,-0.047E+00,-0.047E+00,-0.047E+00,-0.188E+00,-6.97E+00,+2.12E+00,+4.94E+00,-3.495E+00
2,03/2/2026,18:42:06.473,+0.000E+00,-0.047E+00,-0.047E+00,-0.188E+00,-6.99E+00,+2.24E+00,+4.85E+00,-3.502E+00
2,03/2/2026,18:42:06.473,+0.000E+00,-0.047E+00,+0.000E+00,-0.188E+00,-7.00E+00,+2.37E+00,+4.76E+00,-3.510E+00
2,03/2/2026,18:42:06.473,+0.000E+00,-0.047E+00,+0.000E+00,-0.188E+00,-7.03E+00,+2.47E+00,+4.68E+00,-3.525E+00
2,03/2/2026,18:42:06.473,+0.000E+00,-0.047E+00,+0.000E+00,-0.188E+00,-7.05E+00,+2.58E+00,+4.59E+00,-3.533E+00
2,03/2/2026,18:42:06.473,-0.047E+00,-0.047E+00,-0.047E+00,-0.188E+00,-7.07E+00,+2.70E+00,+4.50E+00,-3.540E+00
2,03/2/2026,18:42:06.473,-0.047E+00,-0.047E+00,+0.000E+00,-0.188E+00,-7.08E+00,+2.81E+00,+4.41E+00,-3.548E+00
2,03/2/2026,18:42:06.473,-0.047E+00,-0.047E+00,+0.000E+00,-0.188E+00,-7.08E+00,+2.91E+00,+4.32E+00,-3.556E+00
2,03/2/2026,18:42:06.473,-0.047E+00,-0.047E+00,+0.000E+00,-0.188E+00,-7.10E+00,+3.04E+00,+4.23E+00,-3.563E+00
2,03/2/2026,18:42:06.473,-0.047E+00,-0.047E+00,+0.000E+00,-0.188E+00,-7.11E+00,+3.14E+00,+4.14E+00,-3.571E+00
2,03/2/2026,18:42:06.473,-0.047E+00,-0.047E+00,+0.000E+00,-0.188E+00,-7.11E+00,+3.24E+00,+4.04E+00,-3.571E+00
2,03/2/2026,18:42:06.473,-0.047E+00,-0.047E+00,-0.047E+00,-0.188E+00,-7.13E+00,+3.34E+00,+3.95E+00,-3.579E+00
2,03/2/2026,18:42:06.473,-0.047E+00,-0.047E+00,+0.000E+00,-0.188E+00,-7.13E+00,+3.45E+00,+3.86E+00,-3.579E+00
2,03/2/2026,18:42:06.473,-0.047E+00,-0.047E+00,-0.047E+00,-0.188E+00,-7.14E+00,+3.56E+00,+3.75E+00,-3.586E+00
2,03/2/2026,18:42:06.474,-0.047E+00,-0.047E+00,-0.047E+00,-0.188E+00,-7.14E+00,+3.68E+00,+3.66E+00,-3.586E+00
2,03/2/2026,18:42:06.474,-0.047E+00,-0.047E+00,+0.000E+00,-0.188E+00,-7.14E+00,+3.77E+00,+3.57E+00,-3.594E+00
2,03/2/2026,18:42:06.474,-0.047E+00,-0.047E+00,-0.047E+00,-0.188E+00,-7.16E+00,+3.88E+00,+3.46E+00,-3.594E+00
2,03/2/2026,18:42:06.474,-0.047E+00,-0.047E+00,-0.047E+00,-0.188E+00,-7.16E+00,+3.98E+00,+3.37E+00,-3.594E+00
2,03/2/2026,18:42:06.474,-0.047E+00,-0.047E+00,-0.047E+00,-0.188E+00,-7.16E+00,+4.09E+00,+3.28E+00,-3.594E+00
2,03/2/2026,18:42:06.474,-0.047E+00,-0.047E+00,+0.000E+00,-0.188E+00,-7.16E+00,+4.18E+00,+3.17E+00,-3.601E+00
2,03/2/2026,18:42:06.474,-0.047E+00,-0.047E+00,+0.000E+00,-0.188E+00,-7.16E+00,+4.29E+00,+3.07E+00,-3.594E+00
2,03/2/2026,18:42:06.474,-0.047E+00,-0.047E+00,-0.047E+00,-0.188E+00,-7.16E+00,+4.39E+00,+2.96E+00,-3.601E+00
2,03/2/2026,18:42:06.474,-0.047E+00,-0.047E+00,-0.047E+00,-0.188E+00,-7.16E+00,+4.50E+00,+2.87E+00,-3.601E+00
2,03/2/2026,18:42:06.474,-0.047E+00,-0.047E+00,+0.000E+00,-0.188E+00,-7.16E+00,+4.61E+00,+2.76E+00,-3.594E+00
2,03/2/2026,18:42:06.474,-0.047E+00,-0.047E+00,+0.000E+00,-0.188E+00,-7.16E+00,+4.70E+00,+2.67E+00,-3.594E+00
2,03/2/2026,18:42:06.474,+0.000E+00,-0.047E+00,-0.047E+00,-0.188E+00,-7.16E+00,+4.79E+00,+2.55E+00,-3.594E+00
2,03/2/2026,18:42:06.474,-0.047E+00,-0.047E+00,-0.047E+00,-0.188E+00,-7.16E+00,+4.90E+00,+2.44E+00,-3.594E+00
2,03/2/2026,18:42:06.474,-0.047E+00,-0.047E+00,+0.000E+00,-0.188E+00,-7.14E+00,+5.01E+00,+2.35E+00,-3.594E+00
2,03/2/2026,18:42:06.474,-0.047E+00,-0.047E+00,-0.047E+00,-0.188E+00,-7.14E+00,+5.10E+00,+2.24E+00,-3.586E+00
2,03/2/2026,18:42:06.474,+0.000E+00,-0.047E+00,-0.047E+00,-0.188E+00,-7.13E+00,+5.19E+00,+2.12E+00,-3.586E+00
2,03/2/2026,18:42:06.474,-0.047E+00,-0.047E+00,+0.000E+00,-0.188E+00,-7.11E+00,+5.28E+00,+2.03E+00,-3.571E+00
2,03/2/2026,18:42:06.474,-0.047E+00,-0.047E+00,+0.000E+00,-0.188E+00,-7.10E+00,+5.37E+00,+1.92E+00,-3.563E+00
2,03/2/2026,18:42:06.474,-0.047E+00,-0.047E+00,+0.000E+00,-0.188E+00,-7.08E+00,+5.45E+00,+1.82E+00,-3.556E+00
2,03/2/2026,18:42:06.474,-0.047E+00,-0.047E+00,-0.047E+00,-0.188E+00,-7.05E+00,+5.52E+00,+1.71E+00,-3.540E+00
2,03/2/2026,18:42:06.475,-0.047E+00,-0.047E+00,-0.047E+00,-0.188E+00,-7.02E+00,+5.62E+00,+1.60E+00,-3.525E+00
2,03/2/2026,18:42:06.475,-0.047E+00,-0.047E+00,+0.000E+00,-0.188E+00,-6.99E+00,+5.69E+00,+1.50E+00,-3.510E+00
2,03/2/2026,18:42:06.475,-0.047E+00,-0.047E+00,+0.000E+00,-0.188E+00,-6.96E+00,+5.75E+00,+1.39E+00,-3.487E+00
2,03/2/2026,18:42:06.475,-0.047E+00,-0.047E+00,-0.047E+00,-0.188E+00,-6.91E+00,+5.83E+00,+1.27E+00,-3.472E+00
2,03/2/2026,18:42:06.475,+0.000E+00,-0.047E+00,+0.000E+00,-0.188E+00,-6.87E+00,+5.89E+00,+1.16E+00,-3.449E+00
2,03/2/2026,18:42:06.475,-0.047E+00,-0.047E+00,+0.000E+00,-0.188E+00,-6.82E+00,+5.95E+00,+1.04E+00,-3.426E+00
2,03/2/2026,18:42:06.475,-0.047E+00,-0.047E+00,-0.047E+00,-0.188E+00,-6.78E+00,+6.01E+00,+0.93E+00,-3.403E+00
2,03/2/2026,18:42:06.475,-0.047E+00,-0.047E+00,-0.047E+00,-0.188E+00,-6.73E+00,+6.07E+00,+0.82E+00,-3.380E+00
2,03/2/2026,18:42:06.475,-0.047E+00,+0.000E+00,+0.000E+00,-0.188E+00,-6.68E+00,+6.15E+00,+0.70E+00,-3.350E+00
2,03/2/2026,18:42:06.475,-0.047E+00,-0.047E+00,+0.000E+00,-0.235E+00,-6.62E+00,+6.20E+00,+0.60E+00,-3.327E+00
2,03/2/2026,18:42:06.475,-0.047E+00,-0.047E+00,-0.047E+00,-0.188E+00,-6.56E+00,+6.26E+00,+0.49E+00,-3.289E+00
2,03/2/2026,18:42:06.475,-0.047E+00,-0.047E+00,-0.047E+00,-0.188E+00,-6.50E+00,+6.32E+00,+0.38E+00,-3.258E+00
2,03/2/2026,18:42:06.475,-0.047E+00,-0.047E+00,+0.000E+00,-0.235E+00,-6.42E+00,+6.38E+00,+0.26E+00,-3.228E+00
2,03/2/2026,18:42:06.475,-0.047E+00,-0.047E+00,-0.047E+00,-0.188E+00,-6.36E+00,+6.44E+00,+0.15E+00,-3.197E+00
2,03/2/2026,18:42:06.475,+0.000E+00,-0.047E+00,-0.047E+00,-0.188E+00,-6.29E+00,+6.49E+00,+0.05E+00,-3.159E+00
2,03/2/2026,18:42:06.475,-0.047E+00,-0.047E+00,+0.000E+00,-0.188E+00,-6.23E+00,+6.53E+00,-0.06E+00,-3.121E+00
2,03/2/2026,18:42:06.475,-0.047E+00,-0.047E+00,+0.000E+00,-0.188E+00,-6.15E+00,+6.59E+00,-0.17E+00,-3.090E+00
2,03/2/2026,18:42:06.475,-0.047E+00,-0.047E+00,-0.047E+00,-0.188E+00,-6.06E+00,+6.65E+00,-0.29E+00,-3.052E+00
2,03/2/2026,18:42:06.475,-0.047E+00,-0.047E+00,+0.000E+00,-0.188E+00,-5.98E+00,+6.70E+00,-0.40E+00,-3.006E+00
2,03/2/2026,18:42:06.475,-0.047E+00,-0.047E+00,+0.000E+00,-0.188E+00,-5.91E+00,+6.73E+00,-0.52E+00,-2.968E+00
2,03/2/2026,18:42:06.476,+0.000E+00,-0.047E+00,-0.047E+00,-0.188E+00,-5.83E+00,+6.78E+00,-0.63E+00,-2.930E+00
2,03/2/2026,18:42:06.476,-0.047E+00,-0.047E+00,-0.047E+00,-0.188E+00,-5.75E+00,+6.81E+00,-0.75E+00,-2.892E+00
2,03/2/2026,18:42:06.476,-0.047E+00,+0.000E+00,-0.047E+00,-0.188E+00,-5.66E+00,+6.85E+00,-0.87E+00,-2.854E+00
2,03/2/2026,18:42:06.476,-0.047E+00,-0.047E+00,-0.047E+00,-0.188E+00,-5.59E+00,+6.88E+00,-0.99E+00,-2.816E+00
2,03/2/2026,18:42:06.476,-0.047E+00,-0.047E+00,-0.047E+00,-0.188E+00,-5.49E+00,+6.93E+00,-1.11E+00,-2.770E+00
2,03/2/2026,18:42:06.476,-0.047E+00,-0.047E+00,-0.047E+00,-0.188E+00,-5.42E+00,+6.96E+00,-1.22E+00,-2.732E+00
2,03/2/2026,18:42:06.476,+0.000E+00,-0.047E+00,+0.000E+00,-0.188E+00,-5.34E+00,+6.99E+00,-1.33E+00,-2.693E+00
2,03/2/2026,18:42:06.476,-0.047E+00,-0.047E+00,+0.000E+00,-0.188E+00,-5.25E+00,+7.02E+00,-1.45E+00,-2.648E+00
2,03/2/2026,18:42:06.476,-0.047E+00,-0.047E+00,-0.047E+00,-0.188E+00,-5.17E+00,+7.05E+00,-1.57E+00,-2.609E+00
2,03/2/2026,18:42:06.476,-0.047E+00,-0.047E+00,-0.047E+00,-0.188E+00,-5.08E+00,+7.08E+00,-1.68E+00,-2.564E+00
2,03/2/2026,18:42:06.476,-0.047E+00,-0.047E+00,-0.047E+00,-0.188E+00,-5.01E+00,+7.11E+00,-1.79E+00,-2.518E+00
2,03/2/2026,18:42:06.476,-0.047E+00,-0.047E+00,+0.000E+00,-0.188E+00,-4.91E+00,+7.14E+00,-1.91E+00,-2.480E+00
2,03/2/2026,18:42:06.476,-0.047E+00,-0.047E+00,+0.000E+00,-0.188E+00,-4.82E+00,+7.16E+00,-2.01E+00,-2.442E+00
2,03/2/2026,18:42:06.476,-0.047E+00,-0.047E+00,+0.000E+00,-0.188E+00,-4.75E+00,+7.19E+00,-2.14E+00,-2.396E+00
2,03/2/2026,18:42:06.476,-0.047E+00,-0.047E+00,-0.047E+00,-0.188E+00,-4.65E+00,+7.20E+00,-2.24E+00,-2.350E+00
2,03/2/2026,18:42:06.476,-0.047E+00,-0.047E+00,-0.047E+00,-0.188E+00,-4.56E+00,+7.22E+00,-2.35E+00,-2.312E+00
2,03/2/2026,18:42:06.476,-0.047E+00,-0.047E+00,+0.000E+00,-0.188E+00,-4.49E+00,+7.25E+00,-2.46E+00,-2.259E+00
2,03/2/2026,18:42:06.476,-0.047E+00,-0.047E+00,+0.000E+00,-0.188E+00,-4.39E+00,+7.26E+00,-2.56E+00,-2.213E+00
2,03/2/2026,18:42:06.476,-0.047E+00,-0.047E+00,-0.047E+00,-0.188E+00,-4.30E+00,+7.29E+00,-2.67E+00,-2.175E+00
2,03/2/2026,18:42:06.476,-0.047E+00,-0.047E+00,+0.000E+00,-0.188E+00,-4.21E+00,+7.29E+00,-2.78E+00,-2.129E+00
2,03/2/2026,18:42:06.477,-0.047E+00,-0.047E+00,+0.000E+00,-0.188E+00,-4.12E+00,+7.31E+00,-2.88E+00,-2.083E+00
2,03/2/2026,18:42:06.477,-0.047E+00,-0.047E+00,+0.000E+00,-0.188E+00,-4.03E+00,+7.34E+00,-2.98E+00,-2.037E+00
2,03/2/2026,18:42:06.477,-0.047E+00,-0.047E+00,+0.000E+00,-0.188E+00,-3.94E+00,+7.34E+00,-3.08E+00,-1.991E+00
2,03/2/2026,18:42:06.477,-0.047E+00,-0.047E+00,-0.047E+00,-0.188E+00,-3.85E+00,+7.36E+00,-3.19E+00,-1.946E+00
2,03/2/2026,18:42:06.477,-0.047E+00,-0.047E+00,-0.047E+00,-0.188E+00,-3.74E+00,+7.37E+00,-3.30E+00,-1.900E+00
2,03/2/2026,18:42:06.477,-0.047E+00,-0.047E+00,+0.000E+00,-0.188E+00,-3.65E+00,+7.39E+00,-3.40E+00,-1.854E+00
2,03/2/2026,18:42:06.477,-0.047E+00,-0.047E+00,-0.047E+00,-0.188E+00,-3.56E+00,+7.39E+00,-3.49E+00,-1.801E+00
2,03/2/2026,18:42:06.477,-0.047E+00,-0.047E+00,-0.047E+00,-0.188E+00,-3.46E+00,+7.40E+00,-3.60E+00,-1.755E+00
2,03/2/2026,18:42:06.477,-0.047E+00,-0.047E+00,+0.000E+00,-0.188E+00,-3.36E+00,+7.40E+00,-3.71E+00,-1.709E+00
2,03/2/2026,18:42:06.477,-0.047E+00,-0.047E+00,-0.047E+00,-0.188E+00,-3.27E+00,+7.42E+00,-3.80E+00,-1.656E+00
2,03/2/2026,18:42:06.477,-0.047E+00,-0.047E+00,-0.047E+00,-0.188E+00,-3.16E+00,+7.42E+00,-3.91E+00,-1.610E+00
2,03/2/2026,18:42:06.477,-0.047E+00,-0.047E+00,+0.000E+00,-0.188E+00,-3.07E+00,+7.43E+00,-4.01E+00,-1.557E+00
2,03/2/2026,18:42:06.477,-0.047E+00,-0.047E+00,+0.000E+00,-0.188E+00,-2.96E+00,+7.43E+00,-4.10E+00,-1.511E+00
2,03/2/2026,18:42:06.477,-0.047E+00,-0.047E+00,-0.047E+00,-0.188E+00,-2.85E+00,+7.43E+00,-4.20E+00,-1.465E+00
2,03/2/2026,18:42:06.477,-0.047E+00,-0.047E+00,+0.000E+00,-0.188E+00,-2.76E+00,+7.43E+00,-4.30E+00,-1.412E+00
2,03/2/2026,18:42:06.477,-0.047E+00,-0.047E+00,-0.047E+00,-0.188E+00,-2.66E+00,+7.43E+00,-4.39E+00,-1.358E+00
2,03/2/2026,18:42:06.477,-0.047E+00,-0.047E+00,-0.047E+00,-0.188E+00,-2.55E+00,+7.45E+00,-4.50E+00,-1.305E+00
2,03/2/2026,18:42:06.477,-0.047E+00,-0.047E+00,+0.000E+00,-0.188E+00,-2.44E+00,+7.45E+00,-4.59E+00,-1.251E+00
2,03/2/2026,18:42:06.477,-0.047E+00,-0.047E+00,+0.000E+00,-0.188E+00,-2.33E+00,+7.45E+00,-4.70E+00,-1.198E+00
2,03/2/2026,18:42:06.477,+0.000E+00,-0.047E+00,+0.000E+00,-0.188E+00,-2.23E+00,+7.45E+00,-4.79E+00,-1.145E+00
2,03/2/2026,18:42:06.478,+0.000E+00,-0.047E+00,+0.000E+00,-0.188E+00,-2.12E+00,+7.43E+00,-4.88E+00,-1.099E+00
2,03/2/2026,18:42:06.478,-0.047E+00,-0.047E+00,+0.000E+00,-0.188E+00,-2.01E+00,+7.43E+00,-4.97E+00,-1.045E+00
2,03/2/2026,18:42:06.478,-0.047E+00,-0.047E+00,+0.000E+00,-0.188E+00,-1.91E+00,+7.43E+00,-5.08E+00,-0.992E+00
2,03/2/2026,18:42:06.478,-0.047E+00,-0.047E+00,-0.047E+00,-0.188E+00,-1.80E+00,+7.42E+00,-5.16E+00,-0.939E+00
2,03/2/2026,18:42:06.478,-0.047E+00,-0.047E+00,-0.047E+00,-0.188E+00,-1.71E+00,+7.40E+00,-5.23E+00,-0.885E+00
2,03/2/2026,18:42:06.478,-0.047E+00,-0.047E+00,+0.000E+00,-0.188E+00,-1.59E+00,+7.37E+00,-5.31E+00,-0.839E+00
2,03/2/2026,18:42:06.478,+0.000E+00,-0.047E+00,-0.047E+00,-0.188E+00,-1.48E+00,+7.34E+00,-5.39E+00,-0.786E+00
2,03/2/2026,18:42:06.478,-0.047E+00,-0.047E+00,-0.047E+00,-0.188E+00,-1.37E+00,+7.31E+00,-5.45E+00,-0.732E+00
2,03/2/2026,18:42:06.478,-0.047E+00,-0.047E+00,+0.000E+00,-0.188E+00,-1.27E+00,+7.26E+00,-5.52E+00,-0.679E+00
2,03/2/2026,18:42:06.478,-0.047E+00,-0.047E+00,+0.000E+00,-0.188E+00,-1.16E+00,+7.22E+00,-5.59E+00,-0.626E+00
2,03/2/2026,18:42:06.478,-0.047E+00,-0.047E+00,-0.047E+00,-0.188E+00,-1.04E+00,+7.17E+00,-5.65E+00,-0.565E+00
2,03/2/2026,18:42:06.478,-0.047E+00,-0.047E+00,-0.047E+00,-0.188E+00,-0.93E+00,+7.13E+00,-5.71E+00,-0.511E+00
2,03/2/2026,18:42:06.478,-0.047E+00,-0.047E+00,-0.047E+00,-0.188E+00,-0.81E+00,+7.08E+00,-5.77E+00,-0.450E+00
2,03/2/2026,18:42:06.478,-0.047E+00,-0.047E+00,-0.047E+00,-0.188E+00,-0.70E+00,+7.03E+00,-5.83E+00,-0.397E+00
2,03/2/2026,18:42:06.478,-0.047E+00,-0.047E+00,-0.047E+00,-0.188E+00,-0.58E+00,+6.97E+00,-5.89E+00,-0.343E+00
2,03/2/2026,18:42:06.478,-0.047E+00,-0.047E+00,-0.047E+00,-0.188E+00,-0.47E+00,+6.93E+00,-5.94E+00,-0.282E+00
2,03/2/2026,18:42:06.478,-0.047E+00,-0.047E+00,-0.047E+00,-0.188E+00,-0.35E+00,+6.85E+00,-6.00E+00,-0.229E+00
2,03/2/2026,18:42:06.478,-0.047E+00,-0.047E+00,-0.047E+00,-0.188E+00,-0.23E+00,+6.78E+00,-6.04E+00,-0.168E+00
2,03/2/2026,18:42:06.478,-0.047E+00,-0.047E+00,-0.047E+00,-0.188E+00,-0.12E+00,+6.71E+00,-6.10E+00,-0.114E+00
2,03/2/2026,18:42:06.478,+0.000E+00,-0.047E+00,+0.000E+00,-0.188E+00,+0.00E+00,+6.64E+00,-6.17E+00,-0.053E+00
2,03/2/2026,18:42:06.479,-0.047E+00,-0.047E+00,+0.000E+00,-0.188E+00,+0.11E+00,+6.56E+00,-6.21E+00,+0.000E+00
2,03/2/2026,18:42:06.479,-0.047E+00,-0.047E+00,-0.047E+00,-0.188E+00,+0.21E+00,+6.49E+00,-6.26E+00,+0.061E+00
2,03/2/2026,18:42:06.479,+0.000E+00,-0.047E+00,-0.047E+00,-0.188E+00,+0.34E+00,+6.41E+00,-6.32E+00,+0.114E+00
2,03/2/2026,18:42:06.479,-0.047E+00,-0.047E+00,+0.000E+00,-0.188E+00,+0.46E+00,+6.33E+00,-6.36E+00,+0.168E+00
2,03/2/2026,18:42:06.479,-0.047E+00,-0.047E+00,-0.047E+00,-0.188E+00,+0.56E+00,+6.24E+00,-6.41E+00,+0.229E+00
2,03/2/2026,18:42:06.479,-0.047E+00,-0.047E+00,-0.047E+00,-0.188E+00,+0.67E+00,+6.17E+00,-6.44E+00,+0.282E+00
2,03/2/2026,18:42:06.479,-0.047E+00,-0.047E+00,+0.000E+00,-0.188E+00,+0.79E+00,+6.09E+00,-6.50E+00,+0.343E+00
2,03/2/2026,18:42:06.479,-0.047E+00,-0.047E+00,+0.000E+00,-0.188E+00,+0.90E+00,+6.00E+00,-6.55E+00,+0.397E+00
2,03/2/2026,18:42:06.479,-0.047E+00,-0.047E+00,+0.000E+00,-0.188E+00,+1.02E+00,+5.92E+00,-6.58E+00,+0.458E+00
2,03/2/2026,18:42:06.479,-0.047E+00,-0.047E+00,+0.000E+00,-0.188E+00,+1.13E+00,+5.83E+00,-6.62E+00,+0.519E+00
2,03/2/2026,18:42:06.479,+0.000E+00,-0.047E+00,+0.000E+00,-0.188E+00,+1.25E+00,+5.75E+00,-6.67E+00,+0.572E+00
2,03/2/2026,18:42:06.479,-0.047E+00,-0.047E+00,-0.047E+00,-0.188E+00,+1.36E+00,+5.66E+00,-6.70E+00,+0.633E+00
2,03/2/2026,18:42:06.479,-0.047E+00,-0.047E+00,+0.000E+00,-0.188E+00,+1.48E+00,+5.59E+00,-6.75E+00,+0.687E+00
2,03/2/2026,18:42:06.479,-0.047E+00,-0.047E+00,-0.047E+00,-0.188E+00,+1.59E+00,+5.51E+00,-6.76E+00,+0.748E+00
2,03/2/2026,18:42:06.479,+0.000E+00,-0.047E+00,-0.047E+00,-0.188E+00,+1.69E+00,+5.42E+00,-6.81E+00,+0.801E+00
2,03/2/2026,18:42:06.479,-0.047E+00,-0.047E+00,+0.000E+00,-0.188E+00,+1.82E+00,+5.33E+00,-6.84E+00,+0.855E+00
2,03/2/2026,18:42:06.479,-0.047E+00,-0.047E+00,-0.047E+00,-0.188E+00,+1.92E+00,+5.23E+00,-6.87E+00,+0.908E+00
2,03/2/2026,18:42:06.479,-0.047E+00,-0.047E+00,-0.047E+00,-0.188E+00,+2.03E+00,+5.16E+00,-6.88E+00,+0.969E+00
2,03/2/2026,18:42:06.479,-0.047E+00,-0.047E+00,-0.047E+00,-0.141E+00,+2.14E+00,+5.07E+00,-6.91E+00,+1.022E+00
2,03/2/2026,18:42:06.479,-0.047E+00,-0.047E+00,-0.047E+00,-0.188E+00,+2.24E+00,+4.97E+00,-6.94E+00,+1.076E+00
2,03/2/2026,18:42:06.480,-0.047E+00,-0.047E+00,-0.047E+00,-0.188E+00,+2.35E+00,+4.88E+00,-6.96E+00,+1.129E+00
2,03/2/2026,18:42:06.480,-0.047E+00,+0.000E+00,-0.047E+00,-0.188E+00,+2.46E+00,+4.79E+00,-6.99E+00,+1.183E+00
2,03/2/2026,18:42:06.480,-0.047E+00,-0.047E+00,+0.000E+00,-0.188E+00,+2.56E+00,+4.72E+00,-7.00E+00,+1.236E+00
2,03/2/2026,18:42:06.480,-0.047E+00,-0.047E+00,-0.047E+00,-0.188E+00,+2.67E+00,+4.62E+00,-7.02E+00,+1.289E+00
2,03/2/2026,18:42:06.480,-0.047E+00,-0.047E+00,-0.047E+00,-0.188E+00,+2.78E+00,+4.53E+00,-7.03E+00,+1.343E+00
2,03/2/2026,18:42:06.480,-0.047E+00,-0.047E+00,+0.000E+00,-0.188E+00,+2.87E+00,+4.44E+00,-7.05E+00,+1.396E+00
2,03/2/2026,18:42:06.480,-0.047E+00,-0.047E+00,+0.000E+00,-0.188E+00,+2.98E+00,+4.35E+00,-7.07E+00,+1.450E+00
2,03/2/2026,18:42:06.480,-0.047E+00,-0.047E+00,+0.000E+00,-0.188E+00,+3.08E+00,+4.26E+00,-7.08E+00,+1.495E+00
2,03/2/2026,18:42:06.480,-0.047E+00,-0.047E+00,-0.047E+00,-0.188E+00,+3.17E+00,+4.17E+00,-7.10E+00,+1.549E+00
2,03/2/2026,18:42:06.480,-0.047E+00,-0.047E+00,-0.047E+00,-0.188E+00,+3.28E+00,+4.06E+00,-7.11E+00,+1.602E+00
2,03/2/2026,18:42:06.480,-0.047E+00,-0.047E+00,+0.000E+00,-0.188E+00,+3.39E+00,+3.97E+00,-7.13E+00,+1.648E+00
2,03/2/2026,18:42:06.480,-0.047E+00,-0.047E+00,+0.000E+00,-0.188E+00,+3.48E+00,+3.88E+00,-7.14E+00,+1.702E+00
2,03/2/2026,18:42:06.480,-0.047E+00,-0.047E+00,-0.047E+00,-0.188E+00,+3.57E+00,+3.78E+00,-7.16E+00,+1.747E+00
2,03/2/2026,18:42:06.480,-0.047E+00,-0.047E+00,-0.047E+00,-0.188E+00,+3.68E+00,+3.68E+00,-7.17E+00,+1.801E+00
2,03/2/2026,18:42:06.480,-0.047E+00,-0.047E+00,+0.000E+00,-0.188E+00,+3.78E+00,+3.57E+00,-7.17E+00,+1.854E+00
2,03/2/2026,18:42:06.480,-0.047E+00,-0.047E+00,+0.000E+00,-0.188E+00,+3.88E+00,+3.48E+00,-7.19E+00,+1.900E+00
2,03/2/2026,18:42:06.480,-0.047E+00,-0.047E+00,-0.047E+00,-0.141E+00,+3.98E+00,+3.37E+00,-7.20E+00,+1.946E+00
2,03/2/2026,18:42:06.480,-0.047E+00,-0.047E+00,+0.000E+00,-0.188E+00,+4.07E+00,+3.27E+00,-7.20E+00,+1.999E+00
2,03/2/2026,18:42:06.480,-0.047E+00,-0.047E+00,-0.047E+00,-0.188E+00,+4.17E+00,+3.16E+00,-7.22E+00,+2.052E+00
2,03/2/2026,18:42:06.480,-0.047E+00,+0.000E+00,-0.047E+00,-0.188E+00,+4.27E+00,+3.05E+00,-7.22E+00,+2.098E+00
2,03/2/2026,18:42:06.481,-0.047E+00,-0.047E+00,-0.047E+00,-0.188E+00,+4.36E+00,+2.95E+00,-7.23E+00,+2.152E+00
2,03/2/2026,18:42:06.481,-0.047E+00,-0.047E+00,-0.047E+00,-0.188E+00,+4.47E+00,+2.85E+00,-7.23E+00,+2.197E+00
2,03/2/2026,18:42:06.481,+0.000E+00,-0.047E+00,-0.047E+00,-0.188E+00,+4.56E+00,+2.75E+00,-7.25E+00,+2.251E+00
2,03/2/2026,18:42:06.481,-0.047E+00,+0.000E+00,-0.047E+00,-0.188E+00,+4.65E+00,+2.64E+00,-7.25E+00,+2.304E+00
2,03/2/2026,18:42:06.481,-0.047E+00,-0.047E+00,-0.047E+00,-0.188E+00,+4.76E+00,+2.52E+00,-7.25E+00,+2.350E+00
2,03/2/2026,18:42:06.481,-0.047E+00,-0.047E+00,-0.047E+00,-0.188E+00,+4.85E+00,+2.41E+00,-7.26E+00,+2.396E+00
2,03/2/2026,18:42:06.481,-0.047E+00,-0.047E+00,-0.047E+00,-0.188E+00,+4.94E+00,+2.29E+00,-7.26E+00,+2.449E+00
2,03/2/2026,18:42:06.481,-0.047E+00,-0.047E+00,-0.047E+00,-0.188E+00,+5.04E+00,+2.20E+00,-7.26E+00,+2.495E+00
2,03/2/2026,18:42:06.481,-0.047E+00,-0.047E+00,+0.000E+00,-0.188E+00,+5.13E+00,+2.08E+00,-7.26E+00,+2.541E+00
2,03/2/2026,18:42:06.481,-0.047E+00,-0.047E+00,+0.000E+00,-0.188E+00,+5.20E+00,+1.97E+00,-7.26E+00,+2.587E+00
2,03/2/2026,18:42:06.481,-0.047E+00,-0.047E+00,+0.000E+00,-0.188E+00,+5.30E+00,+1.85E+00,-7.26E+00,+2.625E+00
2,03/2/2026,18:42:06.481,-0.047E+00,-0.047E+00,-0.047E+00,-0.188E+00,+5.37E+00,+1.74E+00,-7.26E+00,+2.671E+00
2,03/2/2026,18:42:06.481,-0.047E+00,-0.047E+00,+0.000E+00,-0.188E+00,+5.45E+00,+1.62E+00,-7.25E+00,+2.709E+00
2,03/2/2026,18:42:06.481,-0.047E+00,-0.047E+00,+0.000E+00,-0.188E+00,+5.52E+00,+1.51E+00,-7.25E+00,+2.747E+00
2,03/2/2026,18:42:06.481,-0.047E+00,-0.047E+00,-0.047E+00,-0.188E+00,+5.60E+00,+1.39E+00,-7.22E+00,+2.785E+00
2,03/2/2026,18:42:06.481,-0.047E+00,-0.047E+00,-0.047E+00,-0.188E+00,+5.66E+00,+1.28E+00,-7.19E+00,+2.823E+00
2,03/2/2026,18:42:06.481,-0.047E+00,-0.047E+00,-0.047E+00,-0.188E+00,+5.74E+00,+1.14E+00,-7.16E+00,+2.861E+00
2,03/2/2026,18:42:06.481,-0.047E+00,-0.047E+00,-0.047E+00,-0.188E+00,+5.80E+00,+1.04E+00,-7.11E+00,+2.892E+00
2,03/2/2026,18:42:06.481,-0.047E+00,-0.047E+00,+0.000E+00,-0.188E+00,+5.86E+00,+0.93E+00,-7.07E+00,+2.930E+00
2,03/2/2026,18:42:06.481,-0.047E+00,-0.047E+00,+0.000E+00,-0.188E+00,+5.92E+00,+0.81E+00,-7.00E+00,+2.960E+00
2,03/2/2026,18:42:06.482,-0.047E+00,-0.047E+00,-0.047E+00,-0.188E+00,+5.98E+00,+0.70E+00,-6.93E+00,+2.991E+00
2,03/2/2026,18:42:06.482,-0.047E+00,-0.047E+00,-0.047E+00,-0.188E+00,+6.04E+00,+0.60E+00,-6.87E+00,+3.022E+00
2,03/2/2026,18:42:06.482,-0.047E+00,-0.047E+00,+0.000E+00,-0.188E+00,+6.09E+00,+0.49E+00,-6.81E+00,+3.052E+00
2,03/2/2026,18:42:06.482,-0.047E+00,-0.047E+00,-0.047E+00,-0.188E+00,+6.15E+00,+0.37E+00,-6.75E+00,+3.075E+00
2,03/2/2026,18:42:06.482,+0.000E+00,-0.047E+00,+0.000E+00,-0.188E+00,+6.21E+00,+0.26E+00,-6.70E+00,+3.105E+00
2,03/2/2026,18:42:06.482,-0.047E+00,-0.047E+00,+0.000E+00,-0.188E+00,+6.26E+00,+0.14E+00,-6.64E+00,+3.136E+00
2,03/2/2026,18:42:06.482,-0.047E+00,-0.047E+00,-0.047E+00,-0.188E+00,+6.30E+00,+0.03E+00,-6.58E+00,+3.159E+00
2,03/2/2026,18:42:06.482,-0.047E+00,-0.047E+00,+0.000E+00,-0.188E+00,+6.35E+00,-0.09E+00,-6.53E+00,+3.182E+00
2,03/2/2026,18:42:06.482,-0.047E+00,-0.047E+00,+0.000E+00,-0.188E+00,+6.39E+00,-0.21E+00,-6.47E+00,+3.197E+00
2,03/2/2026,18:42:06.482,-0.047E+00,-0.047E+00,-0.047E+00,-0.188E+00,+6.42E+00,-0.32E+00,-6.39E+00,+3.220E+00
2,03/2/2026,18:42:06.482,+0.000E+00,-0.047E+00,+0.000E+00,-0.188E+00,+6.47E+00,-0.44E+00,-6.33E+00,+3.243E+00
2,03/2/2026,18:42:06.482,-0.047E+00,-0.047E+00,+0.000E+00,-0.188E+00,+6.49E+00,-0.56E+00,-6.27E+00,+3.258E+00
2,03/2/2026,18:42:06.482,-0.047E+00,-0.047E+00,+0.000E+00,-0.188E+00,+6.52E+00,-0.69E+00,-6.18E+00,+3.273E+00
2,03/2/2026,18:42:06.482,-0.047E+00,-0.047E+00,+0.000E+00,-0.188E+00,+6.56E+00,-0.79E+00,-6.10E+00,+3.289E+00
2,03/2/2026,18:42:06.482,-0.047E+00,-0.047E+00,+0.000E+00,-0.188E+00,+6.59E+00,-0.92E+00,-6.03E+00,+3.304E+00
2,03/2/2026,18:42:06.482,-0.047E+00,-0.047E+00,-0.047E+00,-0.188E+00,+6.62E+00,-1.04E+00,-5.94E+00,+3.327E+00
2,03/2/2026,18:42:06.482,-0.047E+00,-0.047E+00,-0.047E+00,-0.188E+00,+6.65E+00,-1.16E+00,-5.84E+00,+3.342E+00
2,03/2/2026,18:42:06.482,-0.047E+00,+0.000E+00,-0.047E+00,-0.188E+00,+6.68E+00,-1.28E+00,-5.77E+00,+3.357E+00
2,03/2/2026,18:42:06.482,-0.047E+00,-0.047E+00,+0.000E+00,-0.188E+00,+6.71E+00,-1.40E+00,-5.69E+00,+3.373E+00
2,03/2/2026,18:42:06.482,-0.047E+00,-0.047E+00,-0.047E+00,-0.188E+00,+6.75E+00,-1.51E+00,-5.62E+00,+3.395E+00
2,03/2/2026,18:42:06.483,+0.000E+00,-0.047E+00,-0.047E+00,-0.188E+00,+6.79E+00,-1.63E+00,-5.54E+00,+3.411E+00
2,03/2/2026,18:42:06.483,+0.000E+00,-0.047E+00,+0.000E+00,-0.188E+00,+6.81E+00,-1.75E+00,-5.46E+00,+3.426E+00
2,03/2/2026,18:42:06.483,-0.047E+00,-0.047E+00,+0.000E+00,-0.188E+00,+6.84E+00,-1.88E+00,-5.39E+00,+3.434E+00
2,03/2/2026,18:42:06.483,-0.047E+00,-0.047E+00,-0.047E+00,-0.188E+00,+6.87E+00,-1.98E+00,-5.30E+00,+3.456E+00
2,03/2/2026,18:42:06.483,-0.047E+00,-0.047E+00,-0.047E+00,-0.188E+00,+6.90E+00,-2.11E+00,-5.22E+00,+3.464E+00
2,03/2/2026,18:42:06.483,-0.047E+00,-0.047E+00,-0.047E+00,-0.188E+00,+6.91E+00,-2.23E+00,-5.13E+00,+3.479E+00
2,03/2/2026,18:42:06.483,-0.047E+00,-0.047E+00,+0.000E+00,-0.188E+00,+6.94E+00,-2.33E+00,-5.04E+00,+3.487E+00
2,03/2/2026,18:42:06.483,-0.047E+00,-0.047E+00,+0.000E+00,-0.188E+00,+6.96E+00,-2.46E+00,-4.94E+00,+3.502E+00
2,03/2/2026,18:42:06.483,+0.000E+00,-0.047E+00,-0.047E+00,-0.188E+00,+6.97E+00,-2.58E+00,-4.87E+00,+3.517E+00
2,03/2/2026,18:42:06.483,+0.000E+00,-0.047E+00,-0.047E+00,-0.188E+00,+6.99E+00,-2.69E+00,-4.78E+00,+3.525E+00
2,03/2/2026,18:42:06.483,-0.047E+00,-0.047E+00,-0.047E+00,-0.188E+00,+7.00E+00,-2.81E+00,-4.68E+00,+3.525E+00
2,03/2/2026,18:42:06.483,-0.047E+00,-0.047E+00,+0.000E+00,-0.188E+00,+7.02E+00,-2.91E+00,-4.59E+00,+3.533E+00
2,03/2/2026,18:42:06.483,-0.047E+00,-0.047E+00,+0.000E+00,-0.188E+00,+7.03E+00,-3.02E+00,-4.50E+00,+3.548E+00
2,03/2/2026,18:42:06.483,-0.047E+00,-0.047E+00,-0.047E+00,-0.188E+00,+7.05E+00,-3.13E+00,-4.43E+00,+3.548E+00
2,03/2/2026,18:42:06.483,-0.047E+00,-0.047E+00,-0.047E+00,-0.188E+00,+7.07E+00,-3.24E+00,-4.33E+00,+3.556E+00
2,03/2/2026,18:42:06.483,-0.047E+00,-0.047E+00,-0.047E+00,-0.188E+00,+7.07E+00,-3.34E+00,-4.24E+00,+3.563E+00
2,03/2/2026,18:42:06.483,-0.047E+00,-0.047E+00,+0.000E+00,-0.188E+00,+7.07E+00,-3.46E+00,-4.14E+00,+3.571E+00
2,03/2/2026,18:42:06.483,-0.047E+00,-0.047E+00,+0.000E+00,-0.188E+00,+7.08E+00,-3.57E+00,-4.06E+00,+3.571E+00
2,03/2/2026,18:42:06.483,-0.047E+00,-0.047E+00,+0.000E+00,-0.188E+00,+7.10E+00,-3.68E+00,-3.95E+00,+3.579E+00
2,03/2/2026,18:42:06.483,-0.047E+00,-0.047E+00,+0.000E+00,-0.188E+00,+7.11E+00,-3.78E+00,-3.86E+00,+3.579E+00
2,03/2/2026,18:42:06.484,-0.047E+00,-0.047E+00,+0.000E+00,-0.188E+00,+7.11E+00,-3.88E+00,-3.77E+00,+3.586E+00
2,03/2/2026,18:42:06.484,-0.047E+00,-0.047E+00,-0.047E+00,-0.188E+00,+7.11E+00,-3.98E+00,-3.68E+00,+3.586E+00
2,03/2/2026,18:42:06.484,-0.047E+00,-0.047E+00,-0.047E+00,-0.188E+00,+7.13E+00,-4.09E+00,-3.57E+00,+3.594E+00
2,03/2/2026,18:42:06.484,-0.047E+00,-0.047E+00,-0.047E+00,-0.188E+00,+7.13E+00,-4.20E+00,-3.46E+00,+3.594E+00
2,03/2/2026,18:42:06.484,-0.047E+00,-0.047E+00,+0.000E+00,-0.188E+00,+7.13E+00,-4.30E+00,-3.37E+00,+3.594E+00
2,03/2/2026,18:42:06.484,-0.047E+00,-0.047E+00,+0.000E+00,-0.188E+00,+7.13E+00,-4.41E+00,-3.27E+00,+3.594E+00
2,03/2/2026,18:42:06.484,-0.047E+00,-0.047E+00,+0.000E+00,-0.188E+00,+7.13E+00,-4.50E+00,-3.17E+00,+3.594E+00
2,03/2/2026,18:42:06.484,-0.047E+00,-0.047E+00,+0.000E+00,-0.188E+00,+7.13E+00,-4.61E+00,-3.07E+00,+3.594E+00
2,03/2/2026,18:42:06.484,-0.047E+00,-0.047E+00,-0.047E+00,-0.188E+00,+7.13E+00,-4.72E+00,-2.96E+00,+3.594E+00
2,03/2/2026,18:42:06.484,-0.047E+00,-0.047E+00,-0.047E+00,-0.188E+00,+7.13E+00,-4.81E+00,-2.85E+00,+3.594E+00
2,03/2/2026,18:42:06.484,-0.047E+00,-0.047E+00,-0.047E+00,-0.188E+00,+7.13E+00,-4.91E+00,-2.76E+00,+3.594E+00
2,03/2/2026,18:42:06.484,-0.047E+00,-0.047E+00,+0.000E+00,-0.188E+00,+7.13E+00,-5.02E+00,-2.66E+00,+3.594E+00
2,03/2/2026,18:42:06.484,-0.047E+00,-0.047E+00,-0.047E+00,-0.188E+00,+7.11E+00,-5.11E+00,-2.55E+00,+3.594E+00
2,03/2/2026,18:42:06.484,-0.047E+00,-0.047E+00,+0.000E+00,-0.188E+00,+7.11E+00,-5.20E+00,-2.44E+00,+3.586E+00
2,03/2/2026,18:42:06.484,-0.047E+00,-0.047E+00,+0.000E+00,-0.188E+00,+7.10E+00,-5.31E+00,-2.33E+00,+3.586E+00
2,03/2/2026,18:42:06.484,-0.047E+00,-0.047E+00,-0.047E+00,-0.188E+00,+7.10E+00,-5.40E+00,-2.23E+00,+3.579E+00
2,03/2/2026,18:42:06.484,-0.047E+00,-0.047E+00,-0.047E+00,-0.188E+00,+7.08E+00,-5.48E+00,-2.12E+00,+3.571E+00
2,03/2/2026,18:42:06.484,+0.000E+00,-0.047E+00,+0.000E+00,-0.141E+00,+7.07E+00,-5.57E+00,-2.03E+00,+3.563E+00
2,03/2/2026,18:42:06.484,-0.047E+00,-0.047E+00,-0.047E+00,-0.188E+00,+7.03E+00,-5.66E+00,-1.91E+00,+3.548E+00
2,03/2/2026,18:42:06.484,-0.047E+00,-0.047E+00,-0.047E+00,-0.188E+00,+7.00E+00,-5.74E+00,-1.80E+00,+3.540E+00
2,03/2/2026,18:42:06.485,-0.047E+00,-0.047E+00,+0.000E+00,-0.188E+00,+6.97E+00,-5.81E+00,-1.69E+00,+3.525E+00
2,03/2/2026,18:42:06.485,-0.047E+00,-0.047E+00,-0.047E+00,-0.188E+00,+6.96E+00,-5.89E+00,-1.59E+00,+3.502E+00
2,03/2/2026,18:42:06.485,-0.047E+00,-0.047E+00,-0.047E+00,-0.188E+00,+6.91E+00,-5.95E+00,-1.48E+00,+3.487E+00
2,03/2/2026,18:42:06.485,+0.000E+00,-0.047E+00,-0.047E+00,-0.188E+00,+6.87E+00,-6.03E+00,-1.36E+00,+3.472E+00
2,03/2/2026,18:42:06.485,-0.047E+00,-0.047E+00,+0.000E+00,-0.188E+00,+6.84E+00,-6.10E+00,-1.25E+00,+3.449E+00
2,03/2/2026,18:42:06.485,+0.000E+00,-0.047E+00,-0.047E+00,-0.188E+00,+6.79E+00,-6.17E+00,-1.14E+00,+3.426E+00
2,03/2/2026,18:42:06.485,-0.047E+00,-0.047E+00,-0.047E+00,-0.188E+00,+6.75E+00,-6.23E+00,-1.04E+00,+3.403E+00
2,03/2/2026,18:42:06.485,-0.047E+00,-0.047E+00,+0.000E+00,-0.188E+00,+6.70E+00,-6.29E+00,-0.93E+00,+3.373E+00
2,03/2/2026,18:42:06.485,-0.047E+00,-0.047E+00,+0.000E+00,-0.188E+00,+6.64E+00,-6.35E+00,-0.82E+00,+3.350E+00
2,03/2/2026,18:42:06.485,+0.000E+00,-0.047E+00,-0.047E+00,-0.188E+00,+6.58E+00,-6.41E+00,-0.70E+00,+3.319E+00
2,03/2/2026,18:42:06.485,-0.047E+00,-0.047E+00,-0.047E+00,-0.188E+00,+6.52E+00,-6.47E+00,-0.60E+00,+3.289E+00
2,03/2/2026,18:42:06.485,-0.047E+00,-0.047E+00,-0.047E+00,-0.188E+00,+6.46E+00,-6.53E+00,-0.47E+00,+3.258E+00
2,03/2/2026,18:42:06.485,-0.047E+00,-0.047E+00,+0.000E+00,-0.188E+00,+6.39E+00,-6.58E+00,-0.37E+00,+3.228E+00
2,03/2/2026,18:42:06.485,-0.047E+00,-0.047E+00,-0.047E+00,-0.188E+00,+6.33E+00,-6.64E+00,-0.24E+00,+3.189E+00
2,03/2/2026,18:42:06.485,-0.047E+00,-0.047E+00,-0.047E+00,-0.188E+00,+6.26E+00,-6.70E+00,-0.14E+00,+3.159E+00
2,03/2/2026,18:42:06.485,-0.047E+00,-0.047E+00,+0.000E+00,-0.188E+00,+6.18E+00,-6.75E+00,-0.03E+00,+3.121E+00
2,03/2/2026,18:42:06.485,-0.047E+00,+0.000E+00,+0.000E+00,-0.188E+00,+6.12E+00,-6.81E+00,+0.09E+00,+3.090E+00
2,03/2/2026,18:42:06.485,-0.047E+00,-0.047E+00,-0.047E+00,-0.235E+00,+6.04E+00,-6.85E+00,+0.20E+00,+3.044E+00
2,03/2/2026,18:42:06.485,-0.047E+00,-0.047E+00,+0.000E+00,-0.188E+00,+5.95E+00,-6.90E+00,+0.31E+00,+3.006E+00
2,03/2/2026,18:42:06.485,-0.047E+00,-0.047E+00,+0.000E+00,-0.188E+00,+5.88E+00,-6.94E+00,+0.41E+00,+2.968E+00
2,03/2/2026,18:42:06.486,-0.047E+00,-0.047E+00,+0.000E+00,-0.188E+00,+5.80E+00,-6.99E+00,+0.53E+00,+2.930E+00
2,03/2/2026,18:42:06.486,-0.047E+00,-0.047E+00,-0.047E+00,-0.188E+00,+5.71E+00,-7.02E+00,+0.66E+00,+2.884E+00
2,03/2/2026,18:42:06.486,-0.047E+00,-0.047E+00,+0.000E+00,-0.188E+00,+5.63E+00,-7.05E+00,+0.76E+00,+2.846E+00
2,03/2/2026,18:42:06.486,-0.047E+00,-0.047E+00,+0.000E+00,-0.188E+00,+5.54E+00,-7.10E+00,+0.89E+00,+2.808E+00
2,03/2/2026,18:42:06.486,-0.047E+00,-0.047E+00,+0.000E+00,-0.188E+00,+5.46E+00,-7.13E+00,+1.01E+00,+2.770E+00
2,03/2/2026,18:42:06.486,-0.047E+00,-0.047E+00,+0.000E+00,-0.188E+00,+5.37E+00,-7.16E+00,+1.13E+00,+2.724E+00
2,03/2/2026,18:42:06.486,-0.047E+00,-0.047E+00,+0.000E+00,-0.188E+00,+5.31E+00,-7.19E+00,+1.24E+00,+2.686E+00
2,03/2/2026,18:42:06.486,-0.047E+00,-0.047E+00,-0.047E+00,-0.188E+00,+5.22E+00,-7.23E+00,+1.36E+00,+2.640E+00
2,03/2/2026,18:42:06.486,-0.047E+00,-0.047E+00,-0.047E+00,-0.188E+00,+5.13E+00,-7.26E+00,+1.48E+00,+2.602E+00
2,03/2/2026,18:42:06.486,-0.047E+00,-0.047E+00,+0.000E+00,-0.188E+00,+5.05E+00,-7.29E+00,+1.59E+00,+2.564E+00
2,03/2/2026,18:42:06.486,+0.000E+00,-0.047E+00,+0.000E+00,-0.188E+00,+4.97E+00,-7.31E+00,+1.69E+00,+2.518E+00
2,03/2/2026,18:42:06.486,-0.047E+00,-0.047E+00,-0.047E+00,-0.188E+00,+4.88E+00,-7.34E+00,+1.82E+00,+2.480E+00
2,03/2/2026,18:42:06.486,-0.047E+00,-0.047E+00,-0.047E+00,-0.188E+00,+4.79E+00,-7.37E+00,+1.92E+00,+2.434E+00
2,03/2/2026,18:42:06.486,-0.047E+00,-0.047E+00,+0.000E+00,-0.188E+00,+4.72E+00,-7.40E+00,+2.04E+00,+2.396E+00
2,03/2/2026,18:42:06.486,-0.047E+00,-0.047E+00,+0.000E+00,-0.188E+00,+4.62E+00,-7.42E+00,+2.14E+00,+2.350E+00
2,03/2/2026,18:42:06.486,-0.047E+00,-0.047E+00,-0.047E+00,-0.188E+00,+4.53E+00,-7.43E+00,+2.26E+00,+2.304E+00
2,03/2/2026,18:42:06.486,-0.047E+00,-0.047E+00,+0.000E+00,-0.188E+00,+4.44E+00,-7.45E+00,+2.37E+00,+2.259E+00
2,03/2/2026,18:42:06.486,-0.047E+00,-0.047E+00,+0.000E+00,-0.188E+00,+4.35E+00,-7.46E+00,+2.47E+00,+2.213E+00
2,03/2/2026,18:42:06.486,-0.047E+00,-0.047E+00,-0.047E+00,-0.188E+00,+4.26E+00,-7.48E+00,+2.58E+00,+2.167E+00
2,03/2/2026,18:42:06.486,-0.047E+00,-0.047E+00,-0.047E+00,-0.188E+00,+4.17E+00,-7.51E+00,+2.69E+00,+2.121E+00
2,03/2/2026,18:42:06.487,-0.047E+00,-0.047E+00,-0.047E+00,-0.188E+00,+4.07E+00,-7.52E+00,+2.79E+00,+2.075E+00
2,03/2/2026,18:42:06.487,-0.047E+00,-0.047E+00,+0.000E+00,-0.188E+00,+3.98E+00,-7.54E+00,+2.88E+00,+2.030E+00
2,03/2/2026,18:42:06.487,-0.047E+00,-0.047E+00,+0.000E+00,-0.188E+00,+3.89E+00,-7.55E+00,+2.99E+00,+1.991E+00
2,03/2/2026,18:42:06.487,-0.047E+00,-0.047E+00,-0.047E+00,-0.188E+00,+3.80E+00,-7.55E+00,+3.10E+00,+1.946E+00
2,03/2/2026,18:42:06.487,-0.047E+00,-0.047E+00,-0.047E+00,-0.188E+00,+3.71E+00,-7.57E+00,+3.20E+00,+1.900E+00
2,03/2/2026,18:42:06.487,-0.047E+00,-0.047E+00,-0.047E+00,-0.188E+00,+3.62E+00,-7.57E+00,+3.30E+00,+1.854E+00
2,03/2/2026,18:42:06.487,+0.000E+00,-0.047E+00,+0.000E+00,-0.188E+00,+3.53E+00,-7.58E+00,+3.40E+00,+1.801E+00
2,03/2/2026,18:42:06.487,-0.047E+00,-0.047E+00,+0.000E+00,-0.188E+00,+3.43E+00,-7.60E+00,+3.51E+00,+1.755E+00
2,03/2/2026,18:42:06.487,-0.047E+00,-0.047E+00,-0.047E+00,-0.188E+00,+3.33E+00,-7.60E+00,+3.62E+00,+1.709E+00
2,03/2/2026,18:42:06.487,-0.047E+00,-0.047E+00,-0.047E+00,-0.188E+00,+3.24E+00,-7.61E+00,+3.71E+00,+1.663E+00
2,03/2/2026,18:42:06.487,-0.047E+00,-0.047E+00,-0.047E+00,-0.188E+00,+3.13E+00,-7.61E+00,+3.82E+00,+1.610E+00
2,03/2/2026,18:42:06.487,-0.047E+00,-0.047E+00,-0.047E+00,-0.188E+00,+3.02E+00,-7.61E+00,+3.91E+00,+1.557E+00
2,03/2/2026,18:42:06.487,-0.047E+00,-0.047E+00,-0.047E+00,-0.188E+00,+2.93E+00,-7.63E+00,+4.01E+00,+1.503E+00
2,03/2/2026,18:42:06.487,-0.047E+00,-0.047E+00,+0.000E+00,-0.188E+00,+2.82E+00,-7.63E+00,+4.10E+00,+1.457E+00
2,03/2/2026,18:42:06.487,-0.047E+00,-0.047E+00,+0.000E+00,-0.188E+00,+2.72E+00,-7.63E+00,+4.21E+00,+1.404E+00
2,03/2/2026,18:42:06.487,-0.047E+00,-0.047E+00,-0.047E+00,-0.188E+00,+2.61E+00,-7.65E+00,+4.30E+00,+1.358E+00
2,03/2/2026,18:42:06.487,-0.047E+00,-0.047E+00,-0.047E+00,-0.188E+00,+2.50E+00,-7.63E+00,+4.41E+00,+1.305E+00
2,03/2/2026,18:42:06.487,-0.047E+00,-0.047E+00,-0.047E+00,-0.188E+00,+2.40E+00,-7.63E+00,+4.50E+00,+1.251E+00
2,03/2/2026,18:42:06.487,-0.047E+00,-0.047E+00,+0.000E+00,-0.188E+00,+2.29E+00,-7.65E+00,+4.61E+00,+1.198E+00
2,03/2/2026,18:42:06.487,-0.047E+00,-0.047E+00,+0.000E+00,-0.188E+00,+2.18E+00,-7.63E+00,+4.70E+00,+1.145E+00
2,03/2/2026,18:42:06.488,-0.047E+00,-0.047E+00,-0.047E+00,-0.188E+00,+2.08E+00,-7.63E+00,+4.79E+00,+1.091E+00
2,03/2/2026,18:42:06.488,-0.047E+00,-0.047E+00,-0.047E+00,-0.188E+00,+1.98E+00,-7.63E+00,+4.90E+00,+1.045E+00
2,03/2/2026,18:42:06.488,-0.047E+00,-0.047E+00,+0.000E+00,-0.188E+00,+1.88E+00,-7.61E+00,+4.99E+00,+0.992E+00
2,03/2/2026,18:42:06.488,-0.047E+00,-0.047E+00,+0.000E+00,-0.188E+00,+1.77E+00,-7.60E+00,+5.07E+00,+0.939E+00
2,03/2/2026,18:42:06.488,-0.047E+00,-0.047E+00,-0.047E+00,-0.188E+00,+1.66E+00,-7.58E+00,+5.13E+00,+0.885E+00
2,03/2/2026,18:42:06.488,-0.047E+00,-0.047E+00,+0.000E+00,-0.188E+00,+1.56E+00,-7.57E+00,+5.22E+00,+0.839E+00
2,03/2/2026,18:42:06.488,-0.047E+00,-0.047E+00,+0.000E+00,-0.188E+00,+1.43E+00,-7.54E+00,+5.28E+00,+0.786E+00
2,03/2/2026,18:42:06.488,+0.000E+00,-0.047E+00,-0.047E+00,-0.188E+00,+1.33E+00,-7.51E+00,+5.36E+00,+0.725E+00
2,03/2/2026,18:42:06.488,+0.000E+00,-0.047E+00,-0.047E+00,-0.188E+00,+1.22E+00,-7.46E+00,+5.42E+00,+0.671E+00
2,03/2/2026,18:42:06.488,-0.047E+00,-0.047E+00,+0.000E+00,-0.188E+00,+1.11E+00,-7.42E+00,+5.49E+00,+0.618E+00
2,03/2/2026,18:42:06.488,-0.047E+00,-0.047E+00,+0.000E+00,-0.188E+00,+0.99E+00,-7.37E+00,+5.57E+00,+0.565E+00
2,03/2/2026,18:42:06.488,-0.047E+00,-0.047E+00,+0.000E+00,-0.188E+00,+0.89E+00,-7.32E+00,+5.63E+00,+0.511E+00
2,03/2/2026,18:42:06.488,-0.047E+00,-0.047E+00,-0.047E+00,-0.188E+00,+0.76E+00,-7.28E+00,+5.69E+00,+0.450E+00
2,03/2/2026,18:42:06.488,-0.047E+00,-0.047E+00,-0.047E+00,-0.188E+00,+0.66E+00,-7.22E+00,+5.75E+00,+0.397E+00
2,03/2/2026,18:42:06.488,-0.047E+00,-0.047E+00,+0.000E+00,-0.188E+00,+0.55E+00,-7.17E+00,+5.80E+00,+0.343E+00
2,03/2/2026,18:42:06.488,-0.047E+00,-0.047E+00,+0.000E+00,-0.235E+00,+0.43E+00,-7.11E+00,+5.86E+00,+0.282E+00
2,03/2/2026,18:42:06.488,-0.047E+00,-0.047E+00,-0.047E+00,-0.188E+00,+0.31E+00,-7.05E+00,+5.91E+00,+0.221E+00
2,03/2/2026,18:42:06.488,-0.047E+00,-0.047E+00,+0.000E+00,-0.188E+00,+0.20E+00,-6.97E+00,+5.97E+00,+0.168E+00
2,03/2/2026,18:42:06.488,-0.047E+00,-0.047E+00,-0.047E+00,-0.188E+00,+0.08E+00,-6.91E+00,+6.01E+00,+0.107E+00
2,03/2/2026,18:42:06.488,-0.047E+00,-0.047E+00,-0.047E+00,-0.188E+00,-0.05E+00,-6.84E+00,+6.06E+00,+0.053E+00
2,03/2/2026,18:42:06.489,+0.000E+00,-0.047E+00,-0.047E+00,-0.188E+00,-0.15E+00,-6.75E+00,+6.12E+00,-0.008E+00
2,03/2/2026,18:42:06.489,-0.047E+00,-0.047E+00,+0.000E+00,-0.188E+00,-0.27E+00,-6.68E+00,+6.17E+00,-0.061E+00
2,03/2/2026,18:42:06.489,-0.047E+00,-0.047E+00,-0.047E+00,-0.188E+00,-0.38E+00,-6.61E+00,+6.23E+00,-0.114E+00
2,03/2/2026,18:42:06.489,+0.000E+00,-0.047E+00,-0.047E+00,-0.188E+00,-0.49E+00,-6.53E+00,+6.27E+00,-0.175E+00
2,03/2/2026,18:42:06.489,-0.047E+00,-0.047E+00,-0.047E+00,-0.188E+00,-0.60E+00,-6.44E+00,+6.32E+00,-0.229E+00
2,03/2/2026,18:42:06.489,-0.047E+00,-0.047E+00,+0.000E+00,-0.188E+00,-0.72E+00,-6.36E+00,+6.36E+00,-0.290E+00
2,03/2/2026,18:42:06.489,-0.047E+00,-0.047E+00,+0.000E+00,-0.188E+00,-0.84E+00,-6.29E+00,+6.41E+00,-0.343E+00
2,03/2/2026,18:42:06.489,-0.047E+00,-0.047E+00,+0.000E+00,-0.188E+00,-0.95E+00,-6.20E+00,+6.46E+00,-0.404E+00
2,03/2/2026,18:42:06.489,-0.047E+00,-0.047E+00,+0.000E+00,-0.188E+00,-1.07E+00,-6.12E+00,+6.49E+00,-0.465E+00
2,03/2/2026,18:42:06.489,-0.047E+00,-0.047E+00,-0.047E+00,-0.188E+00,-1.18E+00,-6.03E+00,+6.53E+00,-0.519E+00
2,03/2/2026,18:42:06.489,-0.047E+00,-0.047E+00,+0.000E+00,-0.188E+00,-1.30E+00,-5.94E+00,+6.58E+00,-0.572E+00
2,03/2/2026,18:42:06.489,-0.047E+00,-0.047E+00,+0.000E+00,-0.188E+00,-1.40E+00,-5.86E+00,+6.61E+00,-0.633E+00
2,03/2/2026,18:42:06.489,-0.047E+00,-0.047E+00,+0.000E+00,-0.188E+00,-1.51E+00,-5.78E+00,+6.64E+00,-0.687E+00
2,03/2/2026,18:42:06.489,-0.047E+00,-0.047E+00,-0.047E+00,-0.188E+00,-1.63E+00,-5.69E+00,+6.68E+00,-0.748E+00
2,03/2/2026,18:42:06.489,-0.047E+00,-0.047E+00,+0.000E+00,-0.188E+00,-1.74E+00,-5.62E+00,+6.71E+00,-0.801E+00
2,03/2/2026,18:42:06.489,-0.047E+00,-0.047E+00,+0.000E+00,-0.188E+00,-1.85E+00,-5.52E+00,+6.75E+00,-0.862E+00
2,03/2/2026,18:42:06.489,-0.047E+00,-0.047E+00,-0.047E+00,-0.188E+00,-1.97E+00,-5.43E+00,+6.76E+00,-0.923E+00
2,03/2/2026,18:42:06.489,-0.047E+00,-0.047E+00,-0.047E+00,-0.188E+00,-2.06E+00,-5.36E+00,+6.79E+00,-0.969E+00
2,03/2/2026,18:42:06.489,-0.047E+00,-0.047E+00,+0.000E+00,-0.188E+00,-2.17E+00,-5.26E+00,+6.82E+00,-1.022E+00
2,03/2/2026,18:42:06.489,+0.000E+00,-0.047E+00,+0.000E+00,-0.188E+00,-2.29E+00,-5.19E+00,+6.84E+00,-1.083E+00
2,03/2/2026,18:42:06.490,-0.047E+00,-0.047E+00,-0.047E+00,-0.188E+00,-2.40E+00,-5.10E+00,+6.87E+00,-1.129E+00
2,03/2/2026,18:42:06.490,-0.047E+00,-0.047E+00,+0.000E+00,-0.188E+00,-2.50E+00,-5.01E+00,+6.88E+00,-1.183E+00
2,03/2/2026,18:42:06.490,-0.047E+00,-0.047E+00,+0.000E+00,-0.141E+00,-2.61E+00,-4.91E+00,+6.91E+00,-1.244E+00
2,03/2/2026,18:42:06.490,-0.047E+00,-0.047E+00,+0.000E+00,-0.188E+00,-2.70E+00,-4.82E+00,+6.93E+00,-1.289E+00
2,03/2/2026,18:42:06.490,-0.047E+00,-0.047E+00,-0.047E+00,-0.188E+00,-2.81E+00,-4.73E+00,+6.94E+00,-1.343E+00
2,03/2/2026,18:42:06.490,-0.047E+00,-0.047E+00,-0.047E+00,-0.188E+00,-2.91E+00,-4.64E+00,+6.97E+00,-1.396E+00
2,03/2/2026,18:42:06.490,-0.047E+00,-0.047E+00,+0.000E+00,-0.188E+00,-3.02E+00,-4.55E+00,+6.97E+00,-1.450E+00
2,03/2/2026,18:42:06.490,-0.047E+00,-0.047E+00,+0.000E+00,-0.188E+00,-3.13E+00,-4.46E+00,+6.99E+00,-1.503E+00
2,03/2/2026,18:42:06.490,-0.047E+00,-0.047E+00,-0.047E+00,-0.188E+00,-3.22E+00,-4.36E+00,+7.00E+00,-1.549E+00
2,03/2/2026,18:42:06.490,-0.047E+00,-0.047E+00,-0.047E+00,-0.188E+00,-3.33E+00,-4.27E+00,+7.02E+00,-1.602E+00
2,03/2/2026,18:42:06.490,-0.047E+00,-0.047E+00,-0.047E+00,-0.188E+00,-3.42E+00,-4.18E+00,+7.03E+00,-1.648E+00
2,03/2/2026,18:42:06.490,-0.047E+00,-0.047E+00,+0.000E+00,-0.188E+00,-3.53E+00,-4.07E+00,+7.05E+00,-1.702E+00
2,03/2/2026,18:42:06.490,-0.047E+00,-0.047E+00,+0.000E+00,-0.188E+00,-3.62E+00,-3.98E+00,+7.07E+00,-1.747E+00
2,03/2/2026,18:42:06.490,-0.047E+00,-0.047E+00,-0.047E+00,-0.188E+00,-3.71E+00,-3.89E+00,+7.08E+00,-1.801E+00
2,03/2/2026,18:42:06.490,-0.047E+00,-0.047E+00,-0.047E+00,-0.188E+00,-3.82E+00,-3.78E+00,+7.08E+00,-1.854E+00
2,03/2/2026,18:42:06.490,+0.000E+00,-0.047E+00,-0.047E+00,-0.188E+00,-3.91E+00,-3.68E+00,+7.10E+00,-1.900E+00
2,03/2/2026,18:42:06.490,-0.047E+00,-0.047E+00,-0.047E+00,-0.188E+00,-4.01E+00,-3.59E+00,+7.11E+00,-1.953E+00
2,03/2/2026,18:42:06.490,-0.047E+00,-0.047E+00,+0.000E+00,-0.188E+00,-4.10E+00,-3.48E+00,+7.11E+00,-1.999E+00
2,03/2/2026,18:42:06.490,-0.047E+00,-0.047E+00,-0.047E+00,-0.188E+00,-4.21E+00,-3.37E+00,+7.13E+00,-2.052E+00
2,03/2/2026,18:42:06.490,-0.047E+00,-0.047E+00,-0.047E+00,-0.235E+00,-4.30E+00,-3.27E+00,+7.13E+00,-2.098E+00
2,03/2/2026,18:42:06.491,+0.000E+00,-0.047E+00,+0.000E+00,-0.188E+00,-4.41E+00,-3.16E+00,+7.14E+00,-2.152E+00
2,03/2/2026,18:42:06.491,+0.000E+00,-0.047E+00,+0.000E+00,-0.188E+00,-4.50E+00,-3.05E+00,+7.14E+00,-2.205E+00
2,03/2/2026,18:42:06.491,-0.047E+00,-0.047E+00,+0.000E+00,-0.188E+00,-4.61E+00,-2.95E+00,+7.16E+00,-2.251E+00
2,03/2/2026,18:42:06.491,-0.047E+00,-0.047E+00,+0.000E+00,-0.188E+00,-4.70E+00,-2.84E+00,+7.16E+00,-2.297E+00
2,03/2/2026,18:42:06.491,-0.047E+00,-0.047E+00,+0.000E+00,-0.188E+00,-4.79E+00,-2.72E+00,+7.16E+00,-2.350E+00
2,03/2/2026,18:42:06.491,-0.047E+00,-0.047E+00,+0.000E+00,-0.188E+00,-4.88E+00,-2.62E+00,+7.16E+00,-2.403E+00
2,03/2/2026,18:42:06.491,-0.047E+00,-0.047E+00,+0.000E+00,-0.188E+00,-4.97E+00,-2.50E+00,+7.17E+00,-2.442E+00
2,03/2/2026,18:42:06.491,-0.047E+00,-0.047E+00,+0.000E+00,-0.188E+00,-5.07E+00,-2.40E+00,+7.17E+00,-2.487E+00
2,03/2/2026,18:42:06.491,-0.047E+00,-0.047E+00,+0.000E+00,-0.188E+00,-5.16E+00,-2.29E+00,+7.17E+00,-2.541E+00
2,03/2/2026,18:42:06.491,-0.047E+00,-0.047E+00,+0.000E+00,-0.188E+00,-5.23E+00,-2.18E+00,+7.17E+00,-2.587E+00
2,03/2/2026,18:42:06.491,-0.047E+00,-0.047E+00,+0.000E+00,-0.188E+00,-5.33E+00,-2.06E+00,+7.17E+00,-2.625E+00
2,03/2/2026,18:42:06.491,-0.047E+00,-0.047E+00,-0.047E+00,-0.188E+00,-5.40E+00,-1.95E+00,+7.17E+00,-2.671E+00
2,03/2/2026,18:42:06.491,-0.047E+00,-0.047E+00,-0.047E+00,-0.188E+00,-5.48E+00,-1.83E+00,+7.16E+00,-2.709E+00
2,03/2/2026,18:42:06.491,-0.047E+00,-0.047E+00,-0.047E+00,-0.188E+00,-5.55E+00,-1.72E+00,+7.14E+00,-2.747E+00
2,03/2/2026,18:42:06.491,-0.047E+00,-0.047E+00,+0.000E+00,-0.188E+00,-5.63E+00,-1.60E+00,+7.14E+00,-2.793E+00
2,03/2/2026,18:42:06.491,-0.047E+00,-0.047E+00,-0.047E+00,-0.188E+00,-5.69E+00,-1.48E+00,+7.11E+00,-2.831E+00
2,03/2/2026,18:42:06.491,-0.047E+00,-0.047E+00,-0.047E+00,-0.188E+00,-5.77E+00,-1.37E+00,+7.07E+00,-2.861E+00
2,03/2/2026,18:42:06.491,-0.047E+00,-0.047E+00,+0.000E+00,-0.188E+00,-5.83E+00,-1.25E+00,+7.02E+00,-2.899E+00
2,03/2/2026,18:42:06.491,-0.047E+00,-0.047E+00,+0.000E+00,-0.188E+00,-5.89E+00,-1.13E+00,+6.97E+00,-2.930E+00
2,03/2/2026,18:42:06.491,-0.047E+00,-0.047E+00,+0.000E+00,-0.188E+00,-5.95E+00,-1.02E+00,+6.91E+00,-2.960E+00
2,03/2/2026,18:42:06.492,-0.047E+00,-0.047E+00,+0.000E+00,-0.188E+00,-6.01E+00,-0.92E+00,+6.85E+00,-2.999E+00
2,03/2/2026,18:42:06.492,-0.047E+00,-0.047E+00,-0.047E+00,-0.188E+00,-6.07E+00,-0.81E+00,+6.79E+00,-3.029E+00
2,03/2/2026,18:42:06.492,+0.000E+00,-0.047E+00,-0.047E+00,-0.141E+00,-6.13E+00,-0.70E+00,+6.73E+00,-3.052E+00
2,03/2/2026,18:42:06.492,-0.047E+00,-0.047E+00,-0.047E+00,-0.188E+00,-6.20E+00,-0.60E+00,+6.67E+00,-3.083E+00
2,03/2/2026,18:42:06.492,-0.047E+00,-0.047E+00,-0.047E+00,-0.188E+00,-6.24E+00,-0.47E+00,+6.61E+00,-3.105E+00
2,03/2/2026,18:42:06.492,-0.047E+00,-0.047E+00,-0.047E+00,-0.188E+00,-6.29E+00,-0.37E+00,+6.56E+00,-3.136E+00
2,03/2/2026,18:42:06.492,-0.047E+00,-0.047E+00,-0.047E+00,-0.188E+00,-6.33E+00,-0.24E+00,+6.49E+00,-3.159E+00
2,03/2/2026,18:42:06.492,-0.047E+00,-0.047E+00,+0.000E+00,-0.188E+00,-6.38E+00,-0.14E+00,+6.42E+00,-3.182E+00
2,03/2/2026,18:42:06.492,-0.047E+00,-0.047E+00,+0.000E+00,-0.188E+00,-6.42E+00,-0.02E+00,+6.38E+00,-3.205E+00
2,03/2/2026,18:42:06.492,-0.047E+00,-0.047E+00,+0.000E+00,-0.188E+00,-6.46E+00,+0.11E+00,+6.32E+00,-3.220E+00
2,03/2/2026,18:42:06.492,-0.047E+00,-0.047E+00,-0.047E+00,-0.188E+00,-6.49E+00,+0.23E+00,+6.24E+00,-3.243E+00
2,03/2/2026,18:42:06.492,-0.047E+00,-0.047E+00,-0.047E+00,-0.188E+00,-6.53E+00,+0.34E+00,+6.18E+00,-3.258E+00
2,03/2/2026,18:42:06.492,+0.000E+00,-0.047E+00,+0.000E+00,-0.188E+00,-6.56E+00,+0.46E+00,+6.10E+00,-3.273E+00
2,03/2/2026,18:42:06.492,-0.047E+00,-0.047E+00,+0.000E+00,-0.188E+00,-6.59E+00,+0.58E+00,+6.01E+00,-3.289E+00
2,03/2/2026,18:42:06.492,-0.047E+00,-0.047E+00,-0.047E+00,-0.188E+00,-6.62E+00,+0.70E+00,+5.94E+00,-3.311E+00
2,03/2/2026,18:42:06.492,-0.047E+00,-0.047E+00,-0.047E+00,-0.188E+00,-6.65E+00,+0.82E+00,+5.84E+00,-3.327E+00
2,03/2/2026,18:42:06.492,-0.047E+00,-0.047E+00,-0.047E+00,-0.188E+00,-6.68E+00,+0.93E+00,+5.77E+00,-3.342E+00
2,03/2/2026,18:42:06.492,-0.047E+00,-0.047E+00,-0.047E+00,-0.188E+00,-6.73E+00,+1.05E+00,+5.69E+00,-3.357E+00
2,03/2/2026,18:42:06.492,-0.047E+00,-0.047E+00,-0.047E+00,-0.188E+00,-6.76E+00,+1.18E+00,+5.60E+00,-3.380E+00
2,03/2/2026,18:42:06.492,-0.047E+00,-0.047E+00,-0.047E+00,-0.188E+00,-6.79E+00,+1.30E+00,+5.52E+00,-3.395E+00
2,03/2/2026,18:42:06.493,+0.000E+00,-0.047E+00,-0.047E+00,-0.188E+00,-6.82E+00,+1.42E+00,+5.45E+00,-3.411E+00
2,03/2/2026,18:42:06.493,-0.047E+00,-0.047E+00,+0.000E+00,-0.188E+00,-6.85E+00,+1.54E+00,+5.37E+00,-3.426E+00
2,03/2/2026,18:42:06.493,-0.047E+00,-0.047E+00,-0.047E+00,-0.188E+00,-6.88E+00,+1.65E+00,+5.30E+00,-3.441E+00
2,03/2/2026,18:42:06.493,-0.047E+00,-0.047E+00,-0.047E+00,-0.188E+00,-6.90E+00,+1.77E+00,+5.20E+00,-3.456E+00
2,03/2/2026,18:42:06.493,+0.000E+00,-0.047E+00,+0.000E+00,-0.188E+00,-6.93E+00,+1.89E+00,+5.13E+00,-3.472E+00
2,03/2/2026,18:42:06.493,-0.047E+00,-0.047E+00,+0.000E+00,-0.188E+00,-6.94E+00,+2.00E+00,+5.04E+00,-3.479E+00
2,03/2/2026,18:42:06.493,-0.047E+00,-0.047E+00,+0.000E+00,-0.188E+00,-6.97E+00,+2.12E+00,+4.94E+00,-3.495E+00
2,03/2/2026,18:42:06.493,-0.047E+00,-0.047E+00,+0.000E+00,-0.188E+00,-7.00E+00,+2.23E+00,+4.87E+00,-3.502E+00
2,03/2/2026,18:42:06.493,-0.047E+00,-0.047E+00,-0.047E+00,-0.188E+00,-7.02E+00,+2.35E+00,+4.78E+00,-3.517E+00
2,03/2/2026,18:42:06.493,+0.000E+00,-0.047E+00,-0.047E+00,-0.188E+00,-7.03E+00,+2.47E+00,+4.68E+00,-3.525E+00
2,03/2/2026,18:42:06.493,+0.000E+00,-0.047E+00,-0.047E+00,-0.235E+00,-7.05E+00,+2.58E+00,+4.59E+00,-3.533E+00
2,03/2/2026,18:42:06.493,-0.047E+00,-0.047E+00,-0.047E+00,-0.235E+00,-7.07E+00,+2.69E+00,+4.50E+00,-3.540E+00
2,03/2/2026,18:42:06.493,-0.047E+00,-0.047E+00,-0.047E+00,-0.188E+00,-7.08E+00,+2.79E+00,+4.43E+00,-3.548E+00
2,03/2/2026,18:42:06.493,+0.000E+00,-0.047E+00,+0.000E+00,-0.188E+00,-7.10E+00,+2.91E+00,+4.33E+00,-3.556E+00
2,03/2/2026,18:42:06.493,-0.047E+00,-0.047E+00,+0.000E+00,-0.188E+00,-7.10E+00,+3.02E+00,+4.24E+00,-3.563E+00
2,03/2/2026,18:42:06.493,-0.047E+00,-0.047E+00,-0.047E+00,-0.188E+00,-7.11E+00,+3.13E+00,+4.14E+00,-3.571E+00
2,03/2/2026,18:42:06.493,+0.000E+00,-0.047E+00,-0.047E+00,-0.188E+00,-7.11E+00,+3.24E+00,+4.04E+00,-3.571E+00
2,03/2/2026,18:42:06.493,-0.047E+00,-0.047E+00,+0.000E+00,-0.188E+00,-7.13E+00,+3.34E+00,+3.97E+00,-3.579E+00
2,03/2/2026,18:42:06.493,-0.047E+00,-0.047E+00,+0.000E+00,-0.188E+00,-7.14E+00,+3.45E+00,+3.86E+00,-3.579E+00
2,03/2/2026,18:42:06.493,+0.000E+00,-0.047E+00,-0.047E+00,-0.188E+00,-7.14E+00,+3.56E+00,+3.77E+00,-3.586E+00
2,03/2/2026,18:42:06.494,-0.047E+00,-0.047E+00,-0.047E+00,-0.188E+00,-7.14E+00,+3.66E+00,+3.68E+00,-3.586E+00
2,03/2/2026,18:42:06.494,-0.047E+00,-0.047E+00,+0.000E+00,-0.188E+00,-7.16E+00,+3.77E+00,+3.57E+00,-3.594E+00
2,03/2/2026,18:42:06.494,-0.047E+00,-0.047E+00,-0.047E+00,-0.188E+00,-7.16E+00,+3.88E+00,+3.48E+00,-3.594E+00
2,03/2/2026,18:42:06.494,-0.047E+00,-0.047E+00,+0.000E+00,-0.188E+00,-7.16E+00,+3.97E+00,+3.39E+00,-3.594E+00
2,03/2/2026,18:42:06.494,-0.047E+00,-0.047E+00,+0.000E+00,-0.188E+00,-7.16E+00,+4.07E+00,+3.28E+00,-3.594E+00
2,03/2/2026,18:42:06.494,-0.047E+00,-0.047E+00,+0.000E+00,-0.188E+00,-7.16E+00,+4.18E+00,+3.17E+00,-3.594E+00
2,03/2/2026,18:42:06.494,-0.047E+00,-0.047E+00,-0.047E+00,-0.188E+00,-7.16E+00,+4.29E+00,+3.08E+00,-3.594E+00
2,03/2/2026,18:42:06.494,-0.047E+00,-0.047E+00,+0.000E+00,-0.188E+00,-7.16E+00,+4.39E+00,+2.98E+00,-3.594E+00
2,03/2/2026,18:42:06.494,-0.047E+00,-0.047E+00,+0.000E+00,-0.188E+00,-7.16E+00,+4.49E+00,+2.87E+00,-3.594E+00
2,03/2/2026,18:42:06.494,+0.000E+00,-0.047E+00,-0.047E+00,-0.188E+00,-7.16E+00,+4.59E+00,+2.76E+00,-3.601E+00
2,03/2/2026,18:42:06.494,+0.000E+00,-0.047E+00,-0.047E+00,-0.188E+00,-7.16E+00,+4.70E+00,+2.67E+00,-3.601E+00
2,03/2/2026,18:42:06.494,+0.000E+00,-0.047E+00,+0.000E+00,-0.188E+00,-7.16E+00,+4.79E+00,+2.56E+00,-3.594E+00
2,03/2/2026,18:42:06.494,-0.047E+00,-0.047E+00,+0.000E+00,-0.188E+00,-7.16E+00,+4.90E+00,+2.46E+00,-3.594E+00
2,03/2/2026,18:42:06.494,-0.047E+00,-0.047E+00,-0.047E+00,-0.188E+00,-7.14E+00,+5.01E+00,+2.35E+00,-3.594E+00
2,03/2/2026,18:42:06.494,-0.047E+00,-0.047E+00,-0.047E+00,-0.188E+00,-7.14E+00,+5.10E+00,+2.24E+00,-3.586E+00
2,03/2/2026,18:42:06.494,+0.000E+00,-0.047E+00,-0.047E+00,-0.188E+00,-7.13E+00,+5.19E+00,+2.14E+00,-3.586E+00
2,03/2/2026,18:42:06.494,-0.047E+00,-0.047E+00,-0.047E+00,-0.188E+00,-7.11E+00,+5.28E+00,+2.04E+00,-3.579E+00
2,03/2/2026,18:42:06.494,-0.047E+00,-0.047E+00,+0.000E+00,-0.188E+00,-7.10E+00,+5.36E+00,+1.94E+00,-3.571E+00
2,03/2/2026,18:42:06.494,-0.047E+00,-0.047E+00,-0.047E+00,-0.188E+00,-7.08E+00,+5.45E+00,+1.83E+00,-3.556E+00
2,03/2/2026,18:42:06.494,-0.047E+00,-0.047E+00,-0.047E+00,-0.188E+00,-7.05E+00,+5.52E+00,+1.72E+00,-3.540E+00
2,03/2/2026,18:42:06.495,-0.047E+00,-0.047E+00,+0.000E+00,-0.188E+00,-7.02E+00,+5.60E+00,+1.62E+00,-3.525E+00
2,03/2/2026,18:42:06.495,-0.047E+00,-0.047E+00,+0.000E+00,-0.188E+00,-6.99E+00,+5.68E+00,+1.50E+00,-3.510E+00
2,03/2/2026,18:42:06.495,-0.047E+00,-0.047E+00,-0.047E+00,-0.188E+00,-6.94E+00,+5.75E+00,+1.39E+00,-3.495E+00
2,03/2/2026,18:42:06.495,-0.047E+00,-0.047E+00,-0.047E+00,-0.188E+00,-6.91E+00,+5.81E+00,+1.27E+00,-3.472E+00
2,03/2/2026,18:42:06.495,-0.047E+00,-0.047E+00,-0.047E+00,-0.188E+00,-6.88E+00,+5.89E+00,+1.16E+00,-3.449E+00
2,03/2/2026,18:42:06.495,-0.047E+00,-0.047E+00,+0.000E+00,-0.188E+00,-6.82E+00,+5.95E+00,+1.05E+00,-3.426E+00
2,03/2/2026,18:42:06.495,+0.000E+00,-0.047E+00,-0.047E+00,-0.188E+00,-6.78E+00,+6.01E+00,+0.93E+00,-3.403E+00
2,03/2/2026,18:42:06.495,+0.000E+00,-0.047E+00,-0.047E+00,-0.188E+00,-6.73E+00,+6.07E+00,+0.82E+00,-3.380E+00
2,03/2/2026,18:42:06.495,-0.047E+00,-0.047E+00,-0.047E+00,-0.188E+00,-6.67E+00,+6.13E+00,+0.72E+00,-3.350E+00
2,03/2/2026,18:42:06.495,-0.047E+00,-0.047E+00,-0.047E+00,-0.188E+00,-6.62E+00,+6.20E+00,+0.61E+00,-3.319E+00
2,03/2/2026,18:42:06.495,-0.047E+00,-0.047E+00,-0.047E+00,-0.188E+00,-6.56E+00,+6.26E+00,+0.50E+00,-3.289E+00
2,03/2/2026,18:42:06.495,-0.047E+00,-0.047E+00,-0.047E+00,-0.188E+00,-6.49E+00,+6.32E+00,+0.38E+00,-3.266E+00
2,03/2/2026,18:42:06.495,-0.047E+00,-0.047E+00,-0.047E+00,-0.188E+00,-6.42E+00,+6.38E+00,+0.27E+00,-3.228E+00
2,03/2/2026,18:42:06.495,+0.000E+00,-0.047E+00,-0.047E+00,-0.188E+00,-6.36E+00,+6.42E+00,+0.15E+00,-3.189E+00
2,03/2/2026,18:42:06.495,-0.047E+00,-0.047E+00,-0.047E+00,-0.188E+00,-6.29E+00,+6.49E+00,+0.05E+00,-3.159E+00
2,03/2/2026,18:42:06.495,-0.047E+00,-0.047E+00,-0.047E+00,-0.188E+00,-6.23E+00,+6.55E+00,-0.06E+00,-3.121E+00
2,03/2/2026,18:42:06.495,-0.047E+00,-0.047E+00,+0.000E+00,-0.188E+00,-6.15E+00,+6.59E+00,-0.18E+00,-3.083E+00
2,03/2/2026,18:42:06.495,-0.047E+00,-0.047E+00,+0.000E+00,-0.188E+00,-6.07E+00,+6.64E+00,-0.29E+00,-3.052E+00
2,03/2/2026,18:42:06.495,-0.047E+00,-0.047E+00,+0.000E+00,-0.188E+00,-6.00E+00,+6.68E+00,-0.40E+00,-3.014E+00
2,03/2/2026,18:42:06.495,+0.000E+00,-0.047E+00,-0.047E+00,-0.188E+00,-5.92E+00,+6.73E+00,-0.52E+00,-2.976E+00
2,03/2/2026,18:42:06.496,-0.047E+00,-0.047E+00,-0.047E+00,-0.188E+00,-5.83E+00,+6.78E+00,-0.63E+00,-2.938E+00
2,03/2/2026,18:42:06.496,-0.047E+00,-0.047E+00,-0.047E+00,-0.188E+00,-5.75E+00,+6.82E+00,-0.75E+00,-2.899E+00
2,03/2/2026,18:42:06.496,-0.047E+00,-0.047E+00,-0.047E+00,-0.188E+00,-5.68E+00,+6.85E+00,-0.87E+00,-2.854E+00
2,03/2/2026,18:42:06.496,-0.047E+00,-0.047E+00,-0.047E+00,-0.188E+00,-5.59E+00,+6.90E+00,-0.98E+00,-2.816E+00
2,03/2/2026,18:42:06.496,-0.047E+00,-0.047E+00,-0.047E+00,-0.188E+00,-5.49E+00,+6.93E+00,-1.10E+00,-2.777E+00
2,03/2/2026,18:42:06.496,+0.000E+00,-0.047E+00,-0.047E+00,-0.188E+00,-5.42E+00,+6.96E+00,-1.22E+00,-2.732E+00
2,03/2/2026,18:42:06.496,-0.047E+00,-0.047E+00,-0.047E+00,-0.188E+00,-5.34E+00,+6.99E+00,-1.33E+00,-2.693E+00
2,03/2/2026,18:42:06.496,-0.047E+00,-0.047E+00,-0.047E+00,-0.188E+00,-5.25E+00,+7.03E+00,-1.45E+00,-2.648E+00
2,03/2/2026,18:42:06.496,+0.000E+00,-0.047E+00,-0.047E+00,-0.188E+00,-5.17E+00,+7.05E+00,-1.56E+00,-2.602E+00
2,03/2/2026,18:42:06.496,+0.000E+00,-0.047E+00,-0.047E+00,-0.188E+00,-5.10E+00,+7.08E+00,-1.68E+00,-2.564E+00
2,03/2/2026,18:42:06.496,-0.047E+00,-0.047E+00,-0.047E+00,-0.188E+00,-5.01E+00,+7.11E+00,-1.79E+00,-2.526E+00
2,03/2/2026,18:42:06.496,-0.047E+00,-0.047E+00,-0.047E+00,-0.188E+00,-4.93E+00,+7.14E+00,-1.91E+00,-2.480E+00
2,03/2/2026,18:42:06.496,-0.047E+00,+0.000E+00,-0.047E+00,-0.141E+00,-4.84E+00,+7.17E+00,-2.01E+00,-2.442E+00
2,03/2/2026,18:42:06.496,-0.047E+00,-0.047E+00,+0.000E+00,-0.188E+00,-4.75E+00,+7.19E+00,-2.12E+00,-2.396E+00
2,03/2/2026,18:42:06.496,-0.047E+00,-0.047E+00,+0.000E+00,-0.188E+00,-4.67E+00,+7.20E+00,-2.23E+00,-2.358E+00
2,03/2/2026,18:42:06.496,-0.047E+00,-0.047E+00,+0.000E+00,-0.188E+00,-4.58E+00,+7.23E+00,-2.33E+00,-2.312E+00
2,03/2/2026,18:42:06.496,-0.047E+00,-0.047E+00,-0.047E+00,-0.188E+00,-4.49E+00,+7.25E+00,-2.46E+00,-2.266E+00
2,03/2/2026,18:42:06.496,-0.047E+00,-0.047E+00,-0.047E+00,-0.188E+00,-4.39E+00,+7.26E+00,-2.56E+00,-2.220E+00
2,03/2/2026,18:42:06.496,-0.047E+00,-0.047E+00,-0.047E+00,-0.188E+00,-4.30E+00,+7.28E+00,-2.67E+00,-2.175E+00
2,03/2/2026,18:42:06.496,+0.000E+00,-0.047E+00,+0.000E+00,-0.188E+00,-4.21E+00,+7.31E+00,-2.76E+00,-2.129E+00
2,03/2/2026,18:42:06.497,-0.047E+00,-0.047E+00,+0.000E+00,-0.188E+00,-4.12E+00,+7.32E+00,-2.87E+00,-2.083E+00
2,03/2/2026,18:42:06.497,-0.047E+00,-0.047E+00,+0.000E+00,-0.188E+00,-4.03E+00,+7.32E+00,-2.98E+00,-2.037E+00
2,03/2/2026,18:42:06.497,-0.047E+00,-0.047E+00,-0.047E+00,-0.188E+00,-3.94E+00,+7.34E+00,-3.08E+00,-1.991E+00
2,03/2/2026,18:42:06.497,-0.047E+00,-0.047E+00,-0.047E+00,-0.188E+00,-3.85E+00,+7.36E+00,-3.19E+00,-1.946E+00
2,03/2/2026,18:42:06.497,-0.047E+00,-0.047E+00,-0.047E+00,-0.188E+00,-3.75E+00,+7.37E+00,-3.30E+00,-1.900E+00
2,03/2/2026,18:42:06.497,-0.047E+00,-0.047E+00,-0.047E+00,-0.188E+00,-3.66E+00,+7.39E+00,-3.39E+00,-1.854E+00
2,03/2/2026,18:42:06.497,-0.047E+00,-0.047E+00,-0.047E+00,-0.188E+00,-3.56E+00,+7.40E+00,-3.49E+00,-1.808E+00
2,03/2/2026,18:42:06.497,+0.000E+00,+0.000E+00,-0.047E+00,-0.188E+00,-3.46E+00,+7.40E+00,-3.60E+00,-1.763E+00
2,03/2/2026,18:42:06.497,-0.047E+00,-0.047E+00,-0.047E+00,-0.188E+00,-3.37E+00,+7.40E+00,-3.71E+00,-1.709E+00
2,03/2/2026,18:42:06.497,-0.047E+00,-0.047E+00,-0.047E+00,-0.188E+00,-3.27E+00,+7.42E+00,-3.80E+00,-1.663E+00
2,03/2/2026,18:42:06.497,-0.047E+00,-0.047E+00,-0.047E+00,-0.188E+00,-3.17E+00,+7.42E+00,-3.91E+00,-1.618E+00
2,03/2/2026,18:42:06.497,-0.047E+00,-0.047E+00,+0.000E+00,-0.188E+00,-3.07E+00,+7.43E+00,-4.01E+00,-1.564E+00
2,03/2/2026,18:42:06.497,-0.047E+00,-0.047E+00,+0.000E+00,-0.188E+00,-2.98E+00,+7.43E+00,-4.10E+00,-1.511E+00
2,03/2/2026,18:42:06.497,+0.000E+00,-0.047E+00,-0.047E+00,-0.188E+00,-2.87E+00,+7.43E+00,-4.20E+00,-1.465E+00
2,03/2/2026,18:42:06.497,-0.047E+00,-0.047E+00,-0.047E+00,-0.188E+00,-2.76E+00,+7.43E+00,-4.30E+00,-1.412E+00
2,03/2/2026,18:42:06.497,-0.047E+00,-0.047E+00,-0.047E+00,-0.188E+00,-2.66E+00,+7.45E+00,-4.39E+00,-1.358E+00
2,03/2/2026,18:42:06.497,-0.047E+00,-0.047E+00,-0.047E+00,-0.188E+00,-2.55E+00,+7.45E+00,-4.49E+00,-1.305E+00
2,03/2/2026,18:42:06.497,-0.047E+00,-0.047E+00,+0.000E+00,-0.188E+00,-2.44E+00,+7.45E+00,-4.59E+00,-1.251E+00
2,03/2/2026,18:42:06.497,-0.047E+00,-0.047E+00,+0.000E+00,-0.188E+00,-2.32E+00,+7.45E+00,-4.70E+00,-1.206E+00
2,03/2/2026,18:42:06.497,+0.000E+00,-0.047E+00,+0.000E+00,-0.188E+00,-2.23E+00,+7.45E+00,-4.79E+00,-1.152E+00
2,03/2/2026,18:42:06.498,+0.000E+00,-0.047E+00,-0.047E+00,-0.188E+00,-2.12E+00,+7.43E+00,-4.88E+00,-1.099E+00
2,03/2/2026,18:42:06.498,-0.047E+00,-0.047E+00,-0.047E+00,-0.188E+00,-2.01E+00,+7.43E+00,-4.99E+00,-1.045E+00
2,03/2/2026,18:42:06.498,-0.047E+00,-0.047E+00,-0.047E+00,-0.188E+00,-1.91E+00,+7.43E+00,-5.07E+00,-1.000E+00
2,03/2/2026,18:42:06.498,+0.000E+00,-0.047E+00,+0.000E+00,-0.188E+00,-1.82E+00,+7.42E+00,-5.16E+00,-0.946E+00
2,03/2/2026,18:42:06.498,-0.047E+00,-0.047E+00,+0.000E+00,-0.188E+00,-1.71E+00,+7.40E+00,-5.23E+00,-0.893E+00
2,03/2/2026,18:42:06.498,-0.047E+00,-0.047E+00,-0.047E+00,-0.188E+00,-1.60E+00,+7.37E+00,-5.31E+00,-0.839E+00
2,03/2/2026,18:42:06.498,-0.047E+00,-0.047E+00,-0.047E+00,-0.188E+00,-1.50E+00,+7.34E+00,-5.39E+00,-0.786E+00
2,03/2/2026,18:42:06.498,-0.047E+00,-0.047E+00,+0.000E+00,-0.188E+00,-1.37E+00,+7.31E+00,-5.45E+00,-0.732E+00
2,03/2/2026,18:42:06.498,-0.047E+00,-0.047E+00,+0.000E+00,-0.188E+00,-1.27E+00,+7.28E+00,-5.51E+00,-0.679E+00
2,03/2/2026,18:42:06.498,-0.047E+00,-0.047E+00,-0.047E+00,-0.141E+00,-1.16E+00,+7.22E+00,-5.59E+00,-0.626E+00
2,03/2/2026,18:42:06.498,-0.047E+00,-0.047E+00,+0.000E+00,-0.188E+00,-1.04E+00,+7.19E+00,-5.65E+00,-0.565E+00
2,03/2/2026,18:42:06.498,-0.047E+00,-0.047E+00,+0.000E+00,-0.188E+00,-0.93E+00,+7.14E+00,-5.72E+00,-0.511E+00
2,03/2/2026,18:42:06.498,-0.047E+00,-0.047E+00,-0.047E+00,-0.188E+00,-0.81E+00,+7.08E+00,-5.77E+00,-0.458E+00
2,03/2/2026,18:42:06.498,-0.047E+00,-0.047E+00,-0.047E+00,-0.188E+00,-0.70E+00,+7.03E+00,-5.83E+00,-0.397E+00
2,03/2/2026,18:42:06.498,-0.047E+00,-0.047E+00,-0.047E+00,-0.188E+00,-0.60E+00,+6.99E+00,-5.89E+00,-0.343E+00
2,03/2/2026,18:42:06.498,-0.047E+00,-0.047E+00,-0.047E+00,-0.188E+00,-0.47E+00,+6.91E+00,-5.94E+00,-0.290E+00
2,03/2/2026,18:42:06.498,-0.047E+00,-0.047E+00,+0.000E+00,-0.188E+00,-0.35E+00,+6.87E+00,-6.00E+00,-0.229E+00
2,03/2/2026,18:42:06.498,-0.047E+00,-0.047E+00,-0.047E+00,-0.188E+00,-0.23E+00,+6.79E+00,-6.04E+00,-0.175E+00
2,03/2/2026,18:42:06.498,+0.000E+00,-0.047E+00,+0.000E+00,-0.188E+00,-0.12E+00,+6.71E+00,-6.10E+00,-0.114E+00
2,03/2/2026,18:42:06.498,-0.047E+00,-0.047E+00,+0.000E+00,-0.188E+00,+0.00E+00,+6.64E+00,-6.15E+00,-0.061E+00
2,03/2/2026,18:42:06.499,-0.047E+00,-0.047E+00,-0.047E+00,-0.188E+00,+0.11E+00,+6.56E+00,-6.20E+00,+0.000E+00
2,03/2/2026,18:42:06.499,+0.000E+00,-0.047E+00,-0.047E+00,-0.188E+00,+0.23E+00,+6.49E+00,-6.26E+00,+0.061E+00
2,03/2/2026,18:42:06.499,+0.000E+00,-0.047E+00,+0.000E+00,-0.188E+00,+0.34E+00,+6.41E+00,-6.30E+00,+0.114E+00
2,03/2/2026,18:42:06.499,-0.047E+00,-0.047E+00,+0.000E+00,-0.188E+00,+0.44E+00,+6.33E+00,-6.36E+00,+0.168E+00
2,03/2/2026,18:42:06.499,-0.047E+00,-0.047E+00,-0.047E+00,-0.188E+00,+0.56E+00,+6.26E+00,-6.41E+00,+0.221E+00
2,03/2/2026,18:42:06.499,-0.047E+00,-0.047E+00,-0.047E+00,-0.188E+00,+0.67E+00,+6.17E+00,-6.44E+00,+0.282E+00
2,03/2/2026,18:42:06.499,-0.047E+00,-0.047E+00,-0.047E+00,-0.188E+00,+0.79E+00,+6.09E+00,-6.50E+00,+0.343E+00
2,03/2/2026,18:42:06.499,-0.047E+00,-0.047E+00,+0.000E+00,-0.188E+00,+0.90E+00,+6.01E+00,-6.55E+00,+0.397E+00
2,03/2/2026,18:42:06.499,-0.047E+00,-0.047E+00,+0.000E+00,-0.188E+00,+1.01E+00,+5.92E+00,-6.59E+00,+0.458E+00
2,03/2/2026,18:42:06.499,-0.047E+00,-0.047E+00,-0.047E+00,-0.188E+00,+1.13E+00,+5.84E+00,-6.62E+00,+0.511E+00
2,03/2/2026,18:42:06.499,-0.047E+00,-0.047E+00,-0.047E+00,-0.188E+00,+1.25E+00,+5.77E+00,-6.67E+00,+0.572E+00
2,03/2/2026,18:42:06.499,-0.047E+00,-0.047E+00,+0.000E+00,-0.188E+00,+1.36E+00,+5.68E+00,-6.70E+00,+0.626E+00
2,03/2/2026,18:42:06.499,-0.047E+00,-0.047E+00,+0.000E+00,-0.188E+00,+1.48E+00,+5.59E+00,-6.75E+00,+0.687E+00
2,03/2/2026,18:42:06.499,+0.000E+00,-0.047E+00,+0.000E+00,-0.188E+00,+1.59E+00,+5.51E+00,-6.78E+00,+0.748E+00
2,03/2/2026,18:42:06.499,+0.000E+00,-0.047E+00,+0.000E+00,-0.188E+00,+1.69E+00,+5.42E+00,-6.81E+00,+0.801E+00
2,03/2/2026,18:42:06.499,+0.000E+00,-0.047E+00,+0.000E+00,-0.188E+00,+1.80E+00,+5.34E+00,-6.84E+00,+0.855E+00
2,03/2/2026,18:42:06.499,+0.000E+00,-0.047E+00,-0.047E+00,-0.188E+00,+1.92E+00,+5.25E+00,-6.85E+00,+0.916E+00
2,03/2/2026,18:42:06.499,-0.047E+00,-0.047E+00,-0.047E+00,-0.188E+00,+2.03E+00,+5.16E+00,-6.90E+00,+0.961E+00
2,03/2/2026,18:42:06.499,-0.047E+00,-0.047E+00,-0.047E+00,-0.188E+00,+2.14E+00,+5.08E+00,-6.91E+00,+1.015E+00
2,03/2/2026,18:42:06.499,-0.047E+00,-0.047E+00,-0.047E+00,-0.188E+00,+2.24E+00,+4.99E+00,-6.94E+00,+1.076E+00
2,03/2/2026,18:42:06.500,-0.047E+00,-0.047E+00,+0.000E+00,-0.188E+00,+2.35E+00,+4.90E+00,-6.96E+00,+1.129E+00
2,03/2/2026,18:42:06.500,-0.047E+00,-0.047E+00,-0.047E+00,-0.188E+00,+2.46E+00,+4.81E+00,-6.97E+00,+1.183E+00
2,03/2/2026,18:42:06.500,-0.047E+00,-0.047E+00,-0.047E+00,-0.188E+00,+2.56E+00,+4.72E+00,-7.00E+00,+1.236E+00
2,03/2/2026,18:42:06.500,-0.047E+00,-0.047E+00,+0.000E+00,-0.188E+00,+2.67E+00,+4.62E+00,-7.02E+00,+1.289E+00
2,03/2/2026,18:42:06.500,-0.047E+00,-0.047E+00,+0.000E+00,-0.188E+00,+2.78E+00,+4.53E+00,-7.03E+00,+1.343E+00
2,03/2/2026,18:42:06.500,-0.047E+00,-0.047E+00,-0.047E+00,-0.188E+00,+2.87E+00,+4.44E+00,-7.07E+00,+1.389E+00
2,03/2/2026,18:42:06.500,+0.000E+00,-0.047E+00,-0.047E+00,-0.188E+00,+2.98E+00,+4.35E+00,-7.08E+00,+1.442E+00
2,03/2/2026,18:42:06.500,-0.047E+00,-0.047E+00,+0.000E+00,-0.188E+00,+3.07E+00,+4.26E+00,-7.08E+00,+1.495E+00
2,03/2/2026,18:42:06.500,-0.047E+00,-0.047E+00,+0.000E+00,-0.188E+00,+3.17E+00,+4.17E+00,-7.10E+00,+1.549E+00
2,03/2/2026,18:42:06.500,-0.047E+00,-0.047E+00,-0.047E+00,-0.188E+00,+3.28E+00,+4.07E+00,-7.13E+00,+1.595E+00
2,03/2/2026,18:42:06.500,-0.047E+00,-0.047E+00,-0.047E+00,-0.188E+00,+3.39E+00,+3.98E+00,-7.13E+00,+1.648E+00
2,03/2/2026,18:42:06.500,-0.047E+00,-0.047E+00,+0.000E+00,-0.188E+00,+3.48E+00,+3.88E+00,-7.14E+00,+1.702E+00
2,03/2/2026,18:42:06.500,-0.047E+00,-0.047E+00,+0.000E+00,-0.188E+00,+3.59E+00,+3.78E+00,-7.16E+00,+1.747E+00
2,03/2/2026,18:42:06.500,-0.047E+00,-0.047E+00,+0.000E+00,-0.188E+00,+3.68E+00,+3.69E+00,-7.17E+00,+1.801E+00
2,03/2/2026,18:42:06.500,-0.047E+00,-0.047E+00,-0.047E+00,-0.188E+00,+3.77E+00,+3.59E+00,-7.17E+00,+1.846E+00
2,03/2/2026,18:42:06.500,+0.000E+00,-0.047E+00,-0.047E+00,-0.188E+00,+3.88E+00,+3.48E+00,-7.19E+00,+1.900E+00
2,03/2/2026,18:42:06.500,-0.047E+00,-0.047E+00,-0.047E+00,-0.188E+00,+3.97E+00,+3.37E+00,-7.20E+00,+1.946E+00
2,03/2/2026,18:42:06.500,-0.047E+00,-0.047E+00,-0.047E+00,-0.188E+00,+4.07E+00,+3.28E+00,-7.20E+00,+1.999E+00
2,03/2/2026,18:42:06.500,-0.047E+00,-0.047E+00,+0.000E+00,-0.188E+00,+4.17E+00,+3.17E+00,-7.22E+00,+2.045E+00
2,03/2/2026,18:42:06.500,-0.047E+00,-0.047E+00,+0.000E+00,-0.188E+00,+4.27E+00,+3.07E+00,-7.22E+00,+2.098E+00
2,03/2/2026,18:42:06.501,-0.047E+00,-0.047E+00,+0.000E+00,-0.188E+00,+4.36E+00,+2.96E+00,-7.23E+00,+2.144E+00
2,03/2/2026,18:42:06.501,-0.047E+00,-0.047E+00,+0.000E+00,-0.188E+00,+4.47E+00,+2.85E+00,-7.23E+00,+2.197E+00
2,03/2/2026,18:42:06.501,-0.047E+00,-0.047E+00,-0.047E+00,-0.188E+00,+4.56E+00,+2.75E+00,-7.25E+00,+2.243E+00
2,03/2/2026,18:42:06.501,-0.047E+00,-0.047E+00,-0.047E+00,-0.188E+00,+4.65E+00,+2.64E+00,-7.25E+00,+2.297E+00
2,03/2/2026,18:42:06.501,+0.000E+00,-0.047E+00,-0.047E+00,-0.188E+00,+4.75E+00,+2.52E+00,-7.25E+00,+2.350E+00
2,03/2/2026,18:42:06.501,-0.047E+00,-0.047E+00,+0.000E+00,-0.188E+00,+4.85E+00,+2.41E+00,-7.26E+00,+2.396E+00
2,03/2/2026,18:42:06.501,-0.047E+00,-0.047E+00,+0.000E+00,-0.188E+00,+4.94E+00,+2.30E+00,-7.26E+00,+2.449E+00
2,03/2/2026,18:42:06.501,-0.047E+00,-0.047E+00,+0.000E+00,-0.188E+00,+5.04E+00,+2.20E+00,-7.26E+00,+2.495E+00
2,03/2/2026,18:42:06.501,-0.047E+00,-0.047E+00,+0.000E+00,-0.188E+00,+5.13E+00,+2.08E+00,-7.26E+00,+2.541E+00
2,03/2/2026,18:42:06.501,-0.047E+00,-0.047E+00,+0.000E+00,-0.188E+00,+5.22E+00,+1.97E+00,-7.26E+00,+2.587E+00
2,03/2/2026,18:42:06.501,+0.000E+00,-0.047E+00,+0.000E+00,-0.188E+00,+5.30E+00,+1.85E+00,-7.26E+00,+2.625E+00
2,03/2/2026,18:42:06.501,-0.047E+00,-0.047E+00,+0.000E+00,-0.188E+00,+5.37E+00,+1.74E+00,-7.26E+00,+2.671E+00
2,03/2/2026,18:42:06.501,-0.047E+00,-0.047E+00,+0.000E+00,-0.188E+00,+5.45E+00,+1.63E+00,-7.25E+00,+2.709E+00
2,03/2/2026,18:42:06.501,-0.047E+00,-0.047E+00,-0.047E+00,-0.188E+00,+5.52E+00,+1.51E+00,-7.25E+00,+2.747E+00
2,03/2/2026,18:42:06.501,+0.000E+00,-0.047E+00,+0.000E+00,-0.188E+00,+5.59E+00,+1.39E+00,-7.23E+00,+2.785E+00
2,03/2/2026,18:42:06.501,-0.047E+00,-0.047E+00,-0.047E+00,-0.188E+00,+5.66E+00,+1.28E+00,-7.20E+00,+2.823E+00
2,03/2/2026,18:42:06.501,-0.047E+00,-0.047E+00,-0.047E+00,-0.188E+00,+5.72E+00,+1.16E+00,-7.16E+00,+2.861E+00
2,03/2/2026,18:42:06.501,-0.047E+00,-0.047E+00,+0.000E+00,-0.188E+00,+5.78E+00,+1.04E+00,-7.11E+00,+2.892E+00
2,03/2/2026,18:42:06.501,-0.047E+00,-0.047E+00,+0.000E+00,-0.188E+00,+5.86E+00,+0.93E+00,-7.07E+00,+2.930E+00
2,03/2/2026,18:42:06.501,-0.047E+00,-0.047E+00,-0.047E+00,-0.188E+00,+5.92E+00,+0.81E+00,-6.99E+00,+2.960E+00
2,03/2/2026,18:42:06.502,-0.047E+00,-0.047E+00,+0.000E+00,-0.188E+00,+5.98E+00,+0.70E+00,-6.93E+00,+2.991E+00
2,03/2/2026,18:42:06.502,-0.047E+00,-0.047E+00,+0.000E+00,-0.188E+00,+6.04E+00,+0.60E+00,-6.87E+00,+3.022E+00
2,03/2/2026,18:42:06.502,-0.047E+00,-0.047E+00,-0.047E+00,-0.188E+00,+6.09E+00,+0.49E+00,-6.81E+00,+3.052E+00
2,03/2/2026,18:42:06.502,+0.000E+00,-0.047E+00,-0.047E+00,-0.188E+00,+6.15E+00,+0.37E+00,-6.75E+00,+3.083E+00
2,03/2/2026,18:42:06.502,-0.047E+00,-0.047E+00,-0.047E+00,-0.188E+00,+6.21E+00,+0.26E+00,-6.70E+00,+3.105E+00
2,03/2/2026,18:42:06.502,-0.047E+00,-0.047E+00,+0.000E+00,-0.188E+00,+6.26E+00,+0.14E+00,-6.64E+00,+3.136E+00
2,03/2/2026,18:42:06.502,-0.047E+00,-0.047E+00,+0.000E+00,-0.188E+00,+6.30E+00,+0.03E+00,-6.59E+00,+3.159E+00
2,03/2/2026,18:42:06.502,-0.047E+00,-0.047E+00,-0.047E+00,-0.188E+00,+6.35E+00,-0.09E+00,-6.53E+00,+3.174E+00
2,03/2/2026,18:42:06.502,-0.047E+00,-0.047E+00,-0.047E+00,-0.188E+00,+6.39E+00,-0.21E+00,-6.47E+00,+3.197E+00
2,03/2/2026,18:42:06.502,+0.000E+00,-0.047E+00,+0.000E+00,-0.188E+00,+6.42E+00,-0.32E+00,-6.41E+00,+3.220E+00
2,03/2/2026,18:42:06.502,+0.000E+00,-0.047E+00,+0.000E+00,-0.188E+00,+6.46E+00,-0.44E+00,-6.35E+00,+3.235E+00
2,03/2/2026,18:42:06.502,-0.047E+00,-0.047E+00,-0.047E+00,-0.188E+00,+6.49E+00,-0.55E+00,-6.27E+00,+3.250E+00
2,03/2/2026,18:42:06.502,+0.000E+00,-0.047E+00,-0.047E+00,-0.188E+00,+6.52E+00,-0.67E+00,-6.20E+00,+3.273E+00
2,03/2/2026,18:42:06.502,-0.047E+00,-0.047E+00,-0.047E+00,-0.188E+00,+6.55E+00,-0.79E+00,-6.12E+00,+3.289E+00
2,03/2/2026,18:42:06.502,-0.047E+00,-0.047E+00,+0.000E+00,-0.188E+00,+6.59E+00,-0.92E+00,-6.03E+00,+3.304E+00
2,03/2/2026,18:42:06.502,-0.047E+00,-0.047E+00,+0.000E+00,-0.188E+00,+6.62E+00,-1.04E+00,-5.94E+00,+3.327E+00
2,03/2/2026,18:42:06.502,-0.047E+00,-0.047E+00,-0.047E+00,-0.188E+00,+6.65E+00,-1.16E+00,-5.86E+00,+3.342E+00
2,03/2/2026,18:42:06.502,-0.047E+00,-0.047E+00,-0.047E+00,-0.235E+00,+6.68E+00,-1.27E+00,-5.78E+00,+3.357E+00
2,03/2/2026,18:42:06.502,-0.047E+00,-0.047E+00,+0.000E+00,-0.188E+00,+6.71E+00,-1.39E+00,-5.71E+00,+3.373E+00
2,03/2/2026,18:42:06.502,-0.047E+00,-0.047E+00,+0.000E+00,-0.188E+00,+6.75E+00,-1.51E+00,-5.62E+00,+3.395E+00
2,03/2/2026,18:42:06.503,-0.047E+00,-0.047E+00,-0.047E+00,-0.188E+00,+6.78E+00,-1.63E+00,-5.54E+00,+3.411E+00
2,03/2/2026,18:42:06.503,-0.047E+00,-0.047E+00,+0.000E+00,-0.188E+00,+6.82E+00,-1.75E+00,-5.46E+00,+3.426E+00
2,03/2/2026,18:42:06.503,-0.047E+00,-0.047E+00,+0.000E+00,-0.188E+00,+6.84E+00,-1.86E+00,-5.39E+00,+3.441E+00
2,03/2/2026,18:42:06.503,-0.047E+00,-0.047E+00,+0.000E+00,-0.188E+00,+6.87E+00,-1.98E+00,-5.31E+00,+3.456E+00
2,03/2/2026,18:42:06.503,-0.047E+00,-0.047E+00,-0.047E+00,-0.188E+00,+6.90E+00,-2.11E+00,-5.22E+00,+3.464E+00
2,03/2/2026,18:42:06.503,-0.047E+00,-0.047E+00,-0.047E+00,-0.188E+00,+6.91E+00,-2.21E+00,-5.13E+00,+3.479E+00
2,03/2/2026,18:42:06.503,-0.047E+00,-0.047E+00,+0.000E+00,-0.188E+00,+6.93E+00,-2.33E+00,-5.05E+00,+3.487E+00
2,03/2/2026,18:42:06.503,-0.047E+00,-0.047E+00,-0.047E+00,-0.188E+00,+6.96E+00,-2.46E+00,-4.96E+00,+3.495E+00
2,03/2/2026,18:42:06.503,-0.047E+00,-0.047E+00,-0.047E+00,-0.188E+00,+6.97E+00,-2.56E+00,-4.87E+00,+3.510E+00
2,03/2/2026,18:42:06.503,-0.047E+00,-0.047E+00,-0.047E+00,-0.188E+00,+6.99E+00,-2.69E+00,-4.78E+00,+3.517E+00
2,03/2/2026,18:42:06.503,-0.047E+00,-0.047E+00,+0.000E+00,-0.188E+00,+7.00E+00,-2.79E+00,-4.70E+00,+3.525E+00
2,03/2/2026,18:42:06.503,-0.047E+00,-0.047E+00,+0.000E+00,-0.188E+00,+7.02E+00,-2.91E+00,-4.61E+00,+3.533E+00
2,03/2/2026,18:42:06.503,-0.047E+00,-0.047E+00,+0.000E+00,-0.188E+00,+7.03E+00,-3.02E+00,-4.52E+00,+3.540E+00
2,03/2/2026,18:42:06.503,-0.047E+00,-0.047E+00,+0.000E+00,-0.188E+00,+7.05E+00,-3.13E+00,-4.43E+00,+3.548E+00
2,03/2/2026,18:42:06.503,-0.047E+00,-0.047E+00,-0.047E+00,-0.188E+00,+7.05E+00,-3.24E+00,-4.33E+00,+3.556E+00
2,03/2/2026,18:42:06.503,-0.047E+00,-0.047E+00,-0.047E+00,-0.188E+00,+7.07E+00,-3.34E+00,-4.24E+00,+3.563E+00
2,03/2/2026,18:42:06.503,-0.047E+00,-0.047E+00,+0.000E+00,-0.235E+00,+7.08E+00,-3.45E+00,-4.15E+00,+3.571E+00
2,03/2/2026,18:42:06.503,-0.047E+00,-0.047E+00,-0.047E+00,-0.188E+00,+7.08E+00,-3.57E+00,-4.06E+00,+3.571E+00
2,03/2/2026,18:42:06.503,-0.047E+00,-0.047E+00,-0.047E+00,-0.188E+00,+7.10E+00,-3.68E+00,-3.97E+00,+3.579E+00
2,03/2/2026,18:42:06.503,-0.047E+00,-0.047E+00,-0.047E+00,-0.188E+00,+7.11E+00,-3.78E+00,-3.86E+00,+3.579E+00
2,03/2/2026,18:42:06.504,+0.000E+00,-0.047E+00,-0.047E+00,-0.188E+00,+7.11E+00,-3.89E+00,-3.77E+00,+3.586E+00
2,03/2/2026,18:42:06.504,-0.047E+00,-0.047E+00,+0.000E+00,-0.188E+00,+7.11E+00,-4.00E+00,-3.68E+00,+3.586E+00
2,03/2/2026,18:42:06.504,-0.047E+00,-0.047E+00,+0.000E+00,-0.188E+00,+7.11E+00,-4.09E+00,-3.57E+00,+3.586E+00
2,03/2/2026,18:42:06.504,+0.000E+00,-0.047E+00,-0.047E+00,-0.188E+00,+7.13E+00,-4.20E+00,-3.48E+00,+3.594E+00
2,03/2/2026,18:42:06.504,-0.047E+00,-0.047E+00,-0.047E+00,-0.188E+00,+7.13E+00,-4.30E+00,-3.37E+00,+3.594E+00
2,03/2/2026,18:42:06.504,-0.047E+00,-0.047E+00,+0.000E+00,-0.188E+00,+7.13E+00,-4.39E+00,-3.28E+00,+3.594E+00
2,03/2/2026,18:42:06.504,+0.000E+00,-0.047E+00,+0.000E+00,-0.188E+00,+7.13E+00,-4.50E+00,-3.17E+00,+3.594E+00
2,03/2/2026,18:42:06.504,-0.047E+00,-0.047E+00,+0.000E+00,-0.188E+00,+7.13E+00,-4.59E+00,-3.07E+00,+3.594E+00
2,03/2/2026,18:42:06.504,-0.047E+00,-0.047E+00,-0.047E+00,-0.188E+00,+7.13E+00,-4.70E+00,-2.98E+00,+3.594E+00
2,03/2/2026,18:42:06.504,-0.047E+00,-0.047E+00,+0.000E+00,-0.188E+00,+7.13E+00,-4.81E+00,-2.85E+00,+3.594E+00
2,03/2/2026,18:42:06.504,-0.047E+00,-0.047E+00,+0.000E+00,-0.188E+00,+7.13E+00,-4.91E+00,-2.76E+00,+3.594E+00
2,03/2/2026,18:42:06.504,-0.047E+00,-0.047E+00,-0.047E+00,-0.235E+00,+7.13E+00,-5.01E+00,-2.66E+00,+3.594E+00
2,03/2/2026,18:42:06.504,-0.047E+00,-0.047E+00,-0.047E+00,-0.188E+00,+7.11E+00,-5.11E+00,-2.55E+00,+3.586E+00
2,03/2/2026,18:42:06.504,-0.047E+00,-0.047E+00,-0.047E+00,-0.188E+00,+7.11E+00,-5.20E+00,-2.44E+00,+3.586E+00
2,03/2/2026,18:42:06.504,-0.047E+00,-0.047E+00,-0.047E+00,-0.188E+00,+7.10E+00,-5.31E+00,-2.33E+00,+3.586E+00
2,03/2/2026,18:42:06.504,-0.047E+00,-0.047E+00,-0.047E+00,-0.188E+00,+7.10E+00,-5.40E+00,-2.23E+00,+3.579E+00
2,03/2/2026,18:42:06.504,-0.047E+00,-0.047E+00,-0.047E+00,-0.188E+00,+7.08E+00,-5.48E+00,-2.12E+00,+3.571E+00
2,03/2/2026,18:42:06.504,-0.047E+00,-0.047E+00,-0.047E+00,-0.188E+00,+7.07E+00,-5.57E+00,-2.01E+00,+3.563E+00
2,03/2/2026,18:42:06.504,-0.047E+00,-0.047E+00,-0.047E+00,-0.188E+00,+7.03E+00,-5.66E+00,-1.92E+00,+3.548E+00
2,03/2/2026,18:42:06.504,-0.047E+00,-0.047E+00,-0.047E+00,-0.188E+00,+7.00E+00,-5.74E+00,-1.82E+00,+3.540E+00
2,03/2/2026,18:42:06.505,-0.047E+00,-0.047E+00,+0.000E+00,-0.141E+00,+6.99E+00,-5.81E+00,-1.71E+00,+3.525E+00
2,03/2/2026,18:42:06.505,+0.000E+00,-0.047E+00,+0.000E+00,-0.188E+00,+6.96E+00,-5.89E+00,-1.60E+00,+3.510E+00
2,03/2/2026,18:42:06.505,-0.047E+00,-0.047E+00,-0.047E+00,-0.188E+00,+6.91E+00,-5.97E+00,-1.48E+00,+3.487E+00
2,03/2/2026,18:42:06.505,-0.047E+00,-0.047E+00,-0.047E+00,-0.188E+00,+6.88E+00,-6.04E+00,-1.37E+00,+3.464E+00
2,03/2/2026,18:42:06.505,-0.047E+00,-0.047E+00,-0.047E+00,-0.188E+00,+6.84E+00,-6.10E+00,-1.27E+00,+3.449E+00
2,03/2/2026,18:42:06.505,-0.047E+00,-0.047E+00,-0.047E+00,-0.188E+00,+6.79E+00,-6.17E+00,-1.14E+00,+3.426E+00
2,03/2/2026,18:42:06.505,-0.047E+00,-0.047E+00,+0.000E+00,-0.188E+00,+6.75E+00,-6.23E+00,-1.04E+00,+3.403E+00
2,03/2/2026,18:42:06.505,-0.047E+00,-0.047E+00,+0.000E+00,-0.188E+00,+6.68E+00,-6.29E+00,-0.92E+00,+3.373E+00
2,03/2/2026,18:42:06.505,-0.047E+00,-0.047E+00,-0.047E+00,-0.188E+00,+6.64E+00,-6.35E+00,-0.81E+00,+3.350E+00
2,03/2/2026,18:42:06.505,-0.047E+00,-0.047E+00,-0.047E+00,-0.188E+00,+6.58E+00,-6.41E+00,-0.70E+00,+3.319E+00
2,03/2/2026,18:42:06.505,-0.047E+00,-0.047E+00,-0.047E+00,-0.188E+00,+6.52E+00,-6.47E+00,-0.58E+00,+3.289E+00
2,03/2/2026,18:42:06.505,-0.047E+00,-0.047E+00,+0.000E+00,-0.188E+00,+6.46E+00,-6.53E+00,-0.47E+00,+3.258E+00
2,03/2/2026,18:42:06.505,-0.047E+00,-0.047E+00,+0.000E+00,-0.188E+00,+6.39E+00,-6.58E+00,-0.35E+00,+3.220E+00
2,03/2/2026,18:42:06.505,-0.047E+00,-0.047E+00,+0.000E+00,-0.188E+00,+6.33E+00,-6.64E+00,-0.24E+00,+3.189E+00
2,03/2/2026,18:42:06.505,-0.047E+00,-0.047E+00,-0.047E+00,-0.188E+00,+6.27E+00,-6.70E+00,-0.14E+00,+3.159E+00
2,03/2/2026,18:42:06.505,-0.047E+00,-0.047E+00,-0.047E+00,-0.188E+00,+6.18E+00,-6.75E+00,-0.03E+00,+3.121E+00
2,03/2/2026,18:42:06.505,-0.047E+00,-0.047E+00,-0.047E+00,-0.188E+00,+6.10E+00,-6.81E+00,+0.08E+00,+3.083E+00
2,03/2/2026,18:42:06.505,-0.047E+00,-0.047E+00,+0.000E+00,-0.188E+00,+6.03E+00,-6.85E+00,+0.20E+00,+3.044E+00
2,03/2/2026,18:42:06.505,-0.047E+00,-0.047E+00,+0.000E+00,-0.188E+00,+5.95E+00,-6.90E+00,+0.31E+00,+3.006E+00
2,03/2/2026,18:42:06.505,-0.047E+00,-0.047E+00,-0.047E+00,-0.188E+00,+5.88E+00,-6.94E+00,+0.43E+00,+2.976E+00
2,03/2/2026,18:42:06.506,-0.047E+00,-0.047E+00,-0.047E+00,-0.188E+00,+5.80E+00,-6.99E+00,+0.53E+00,+2.930E+00
2,03/2/2026,18:42:06.506,-0.047E+00,-0.047E+00,-0.047E+00,-0.188E+00,+5.72E+00,-7.02E+00,+0.66E+00,+2.892E+00
2,03/2/2026,18:42:06.506,-0.047E+00,-0.047E+00,-0.047E+00,-0.188E+00,+5.63E+00,-7.05E+00,+0.78E+00,+2.854E+00
2,03/2/2026,18:42:06.506,+0.000E+00,-0.047E+00,-0.047E+00,-0.188E+00,+5.55E+00,-7.10E+00,+0.89E+00,+2.816E+00
2,03/2/2026,18:42:06.506,-0.047E+00,-0.047E+00,-0.047E+00,-0.188E+00,+5.48E+00,-7.14E+00,+1.01E+00,+2.770E+00
2,03/2/2026,18:42:06.506,-0.047E+00,-0.047E+00,-0.047E+00,-0.188E+00,+5.39E+00,-7.17E+00,+1.13E+00,+2.732E+00
2,03/2/2026,18:42:06.506,+0.000E+00,-0.047E+00,-0.047E+00,-0.188E+00,+5.31E+00,-7.20E+00,+1.24E+00,+2.693E+00
2,03/2/2026,18:42:06.506,-0.047E+00,-0.047E+00,+0.000E+00,-0.188E+00,+5.22E+00,-7.23E+00,+1.36E+00,+2.648E+00
2,03/2/2026,18:42:06.506,-0.047E+00,-0.047E+00,+0.000E+00,-0.235E+00,+5.13E+00,-7.26E+00,+1.46E+00,+2.602E+00
2,03/2/2026,18:42:06.506,-0.047E+00,-0.047E+00,-0.047E+00,-0.188E+00,+5.05E+00,-7.28E+00,+1.59E+00,+2.564E+00
2,03/2/2026,18:42:06.506,-0.047E+00,-0.047E+00,-0.047E+00,-0.188E+00,+4.97E+00,-7.31E+00,+1.69E+00,+2.526E+00
2,03/2/2026,18:42:06.506,-0.047E+00,-0.047E+00,-0.047E+00,-0.188E+00,+4.88E+00,-7.34E+00,+1.82E+00,+2.480E+00
2,03/2/2026,18:42:06.506,-0.047E+00,-0.047E+00,-0.047E+00,-0.188E+00,+4.81E+00,-7.37E+00,+1.92E+00,+2.434E+00
2,03/2/2026,18:42:06.506,-0.047E+00,-0.047E+00,+0.000E+00,-0.188E+00,+4.72E+00,-7.39E+00,+2.03E+00,+2.396E+00
2,03/2/2026,18:42:06.506,-0.047E+00,-0.047E+00,+0.000E+00,-0.188E+00,+4.62E+00,-7.42E+00,+2.15E+00,+2.350E+00
2,03/2/2026,18:42:06.506,-0.047E+00,-0.047E+00,+0.000E+00,-0.188E+00,+4.53E+00,-7.43E+00,+2.26E+00,+2.304E+00
2,03/2/2026,18:42:06.506,-0.047E+00,-0.047E+00,-0.047E+00,-0.188E+00,+4.46E+00,-7.46E+00,+2.35E+00,+2.259E+00
2,03/2/2026,18:42:06.506,-0.047E+00,-0.047E+00,-0.047E+00,-0.188E+00,+4.36E+00,-7.48E+00,+2.46E+00,+2.213E+00
2,03/2/2026,18:42:06.506,+0.000E+00,-0.047E+00,-0.047E+00,-0.188E+00,+4.26E+00,-7.48E+00,+2.56E+00,+2.167E+00
2,03/2/2026,18:42:06.506,+0.000E+00,-0.047E+00,-0.047E+00,-0.188E+00,+4.18E+00,-7.51E+00,+2.67E+00,+2.129E+00
2,03/2/2026,18:42:06.507,-0.047E+00,-0.047E+00,-0.047E+00,-0.188E+00,+4.09E+00,-7.52E+00,+2.78E+00,+2.083E+00
2,03/2/2026,18:42:06.507,-0.047E+00,-0.047E+00,+0.000E+00,-0.188E+00,+4.00E+00,-7.54E+00,+2.88E+00,+2.037E+00
2,03/2/2026,18:42:06.507,-0.047E+00,-0.047E+00,-0.047E+00,-0.188E+00,+3.91E+00,-7.54E+00,+2.99E+00,+1.991E+00
2,03/2/2026,18:42:06.507,-0.047E+00,-0.047E+00,-0.047E+00,-0.188E+00,+3.82E+00,-7.55E+00,+3.10E+00,+1.946E+00
2,03/2/2026,18:42:06.507,-0.047E+00,-0.047E+00,-0.047E+00,-0.188E+00,+3.71E+00,-7.57E+00,+3.20E+00,+1.900E+00
2,03/2/2026,18:42:06.507,-0.047E+00,-0.047E+00,-0.047E+00,-0.188E+00,+3.62E+00,-7.58E+00,+3.30E+00,+1.854E+00
2,03/2/2026,18:42:06.507,-0.047E+00,-0.047E+00,+0.000E+00,-0.188E+00,+3.53E+00,-7.58E+00,+3.40E+00,+1.801E+00
2,03/2/2026,18:42:06.507,-0.047E+00,-0.047E+00,+0.000E+00,-0.188E+00,+3.42E+00,-7.60E+00,+3.51E+00,+1.755E+00
2,03/2/2026,18:42:06.507,-0.047E+00,-0.047E+00,-0.047E+00,-0.188E+00,+3.33E+00,-7.61E+00,+3.62E+00,+1.709E+00
2,03/2/2026,18:42:06.507,-0.047E+00,-0.047E+00,-0.047E+00,-0.188E+00,+3.24E+00,-7.61E+00,+3.71E+00,+1.656E+00
2,03/2/2026,18:42:06.507,-0.047E+00,-0.047E+00,+0.000E+00,-0.188E+00,+3.13E+00,-7.61E+00,+3.80E+00,+1.610E+00
2,03/2/2026,18:42:06.507,-0.047E+00,-0.047E+00,-0.047E+00,-0.188E+00,+3.02E+00,-7.63E+00,+3.91E+00,+1.557E+00
2,03/2/2026,18:42:06.507,-0.047E+00,-0.047E+00,-0.047E+00,-0.188E+00,+2.93E+00,-7.63E+00,+4.01E+00,+1.511E+00
2,03/2/2026,18:42:06.507,-0.047E+00,-0.047E+00,+0.000E+00,-0.188E+00,+2.82E+00,-7.63E+00,+4.10E+00,+1.457E+00
2,03/2/2026,18:42:06.507,-0.047E+00,-0.047E+00,+0.000E+00,-0.188E+00,+2.72E+00,-7.63E+00,+4.20E+00,+1.404E+00
2,03/2/2026,18:42:06.507,-0.047E+00,-0.047E+00,+0.000E+00,-0.235E+00,+2.62E+00,-7.63E+00,+4.30E+00,+1.358E+00
2,03/2/2026,18:42:06.507,+0.000E+00,-0.047E+00,+0.000E+00,-0.188E+00,+2.52E+00,-7.63E+00,+4.39E+00,+1.305E+00
2,03/2/2026,18:42:06.507,+0.000E+00,+0.000E+00,-0.047E+00,-0.188E+00,+2.40E+00,-7.65E+00,+4.50E+00,+1.251E+00
2,03/2/2026,18:42:06.507,-0.047E+00,-0.047E+00,+0.000E+00,-0.188E+00,+2.29E+00,-7.65E+00,+4.61E+00,+1.198E+00
2,03/2/2026,18:42:06.507,-0.047E+00,-0.047E+00,+0.000E+00,-0.188E+00,+2.18E+00,-7.63E+00,+4.70E+00,+1.145E+00
2,03/2/2026,18:42:06.508,-0.047E+00,-0.047E+00,+0.000E+00,-0.188E+00,+2.08E+00,-7.63E+00,+4.79E+00,+1.091E+00
2,03/2/2026,18:42:06.508,+0.000E+00,-0.047E+00,+0.000E+00,-0.188E+00,+1.98E+00,-7.63E+00,+4.88E+00,+1.045E+00
2,03/2/2026,18:42:06.508,-0.047E+00,-0.047E+00,-0.047E+00,-0.188E+00,+1.88E+00,-7.61E+00,+4.97E+00,+0.992E+00
2,03/2/2026,18:42:06.508,-0.047E+00,-0.047E+00,-0.047E+00,-0.188E+00,+1.77E+00,-7.61E+00,+5.07E+00,+0.939E+00
2,03/2/2026,18:42:06.508,-0.047E+00,-0.047E+00,+0.000E+00,-0.188E+00,+1.66E+00,-7.58E+00,+5.14E+00,+0.885E+00
2,03/2/2026,18:42:06.508,-0.047E+00,-0.047E+00,+0.000E+00,-0.188E+00,+1.56E+00,-7.55E+00,+5.22E+00,+0.839E+00
2,03/2/2026,18:42:06.508,-0.047E+00,-0.047E+00,-0.047E+00,-0.188E+00,+1.45E+00,-7.54E+00,+5.30E+00,+0.786E+00
2,03/2/2026,18:42:06.508,-0.047E+00,-0.047E+00,+0.000E+00,-0.188E+00,+1.33E+00,-7.49E+00,+5.36E+00,+0.732E+00
2,03/2/2026,18:42:06.508,-0.047E+00,-0.047E+00,+0.000E+00,-0.188E+00,+1.22E+00,-7.46E+00,+5.43E+00,+0.679E+00
2,03/2/2026,18:42:06.508,-0.047E+00,-0.047E+00,-0.047E+00,-0.188E+00,+1.11E+00,-7.42E+00,+5.49E+00,+0.618E+00
2,03/2/2026,18:42:06.508,-0.047E+00,-0.047E+00,-0.047E+00,-0.188E+00,+0.99E+00,-7.37E+00,+5.55E+00,+0.565E+00
2,03/2/2026,18:42:06.508,-0.047E+00,-0.047E+00,-0.047E+00,-0.188E+00,+0.89E+00,-7.32E+00,+5.63E+00,+0.511E+00
2,03/2/2026,18:42:06.508,-0.047E+00,-0.047E+00,-0.047E+00,-0.188E+00,+0.78E+00,-7.28E+00,+5.69E+00,+0.450E+00
2,03/2/2026,18:42:06.508,+0.000E+00,-0.047E+00,-0.047E+00,-0.188E+00,+0.66E+00,-7.22E+00,+5.75E+00,+0.397E+00
2,03/2/2026,18:42:06.508,-0.047E+00,-0.047E+00,+0.000E+00,-0.188E+00,+0.53E+00,-7.17E+00,+5.80E+00,+0.336E+00
2,03/2/2026,18:42:06.508,-0.047E+00,-0.047E+00,+0.000E+00,-0.188E+00,+0.43E+00,-7.11E+00,+5.84E+00,+0.282E+00
2,03/2/2026,18:42:06.508,+0.000E+00,-0.047E+00,-0.047E+00,-0.188E+00,+0.31E+00,-7.05E+00,+5.91E+00,+0.229E+00
2,03/2/2026,18:42:06.508,-0.047E+00,+0.000E+00,+0.000E+00,-0.188E+00,+0.20E+00,-6.97E+00,+5.97E+00,+0.168E+00
2,03/2/2026,18:42:06.508,-0.047E+00,-0.047E+00,+0.000E+00,-0.188E+00,+0.08E+00,-6.91E+00,+6.01E+00,+0.107E+00
2,03/2/2026,18:42:06.508,-0.047E+00,-0.047E+00,-0.047E+00,-0.188E+00,-0.03E+00,-6.84E+00,+6.06E+00,+0.053E+00
2,03/2/2026,18:42:06.509,-0.047E+00,-0.047E+00,-0.047E+00,-0.188E+00,-0.15E+00,-6.76E+00,+6.12E+00,-0.008E+00
2,03/2/2026,18:42:06.509,-0.047E+00,-0.047E+00,+0.000E+00,-0.188E+00,-0.26E+00,-6.68E+00,+6.17E+00,-0.061E+00
2,03/2/2026,18:42:06.509,-0.047E+00,-0.047E+00,+0.000E+00,-0.188E+00,-0.37E+00,-6.61E+00,+6.23E+00,-0.114E+00
2,03/2/2026,18:42:06.509,-0.047E+00,-0.047E+00,+0.000E+00,-0.188E+00,-0.49E+00,-6.53E+00,+6.27E+00,-0.168E+00
2,03/2/2026,18:42:06.509,-0.047E+00,-0.047E+00,+0.000E+00,-0.188E+00,-0.60E+00,-6.44E+00,+6.32E+00,-0.229E+00
2,03/2/2026,18:42:06.509,-0.047E+00,-0.047E+00,-0.047E+00,-0.188E+00,-0.70E+00,-6.36E+00,+6.36E+00,-0.282E+00
2,03/2/2026,18:42:06.509,-0.047E+00,-0.047E+00,-0.047E+00,-0.188E+00,-0.82E+00,-6.29E+00,+6.41E+00,-0.343E+00
2,03/2/2026,18:42:06.509,+0.000E+00,-0.047E+00,-0.047E+00,-0.188E+00,-0.95E+00,-6.20E+00,+6.44E+00,-0.397E+00
2,03/2/2026,18:42:06.509,-0.047E+00,-0.047E+00,+0.000E+00,-0.188E+00,-1.05E+00,-6.10E+00,+6.49E+00,-0.458E+00
2,03/2/2026,18:42:06.509,-0.047E+00,-0.047E+00,-0.047E+00,-0.188E+00,-1.18E+00,-6.03E+00,+6.53E+00,-0.519E+00
2,03/2/2026,18:42:06.509,-0.047E+00,-0.047E+00,-0.047E+00,-0.188E+00,-1.28E+00,-5.95E+00,+6.58E+00,-0.572E+00
2,03/2/2026,18:42:06.509,-0.047E+00,-0.047E+00,-0.047E+00,-0.188E+00,-1.40E+00,-5.86E+00,+6.61E+00,-0.633E+00
2,03/2/2026,18:42:06.509,-0.047E+00,-0.047E+00,-0.047E+00,-0.188E+00,-1.51E+00,-5.78E+00,+6.64E+00,-0.694E+00
2,03/2/2026,18:42:06.509,-0.047E+00,-0.047E+00,-0.047E+00,-0.188E+00,-1.63E+00,-5.71E+00,+6.68E+00,-0.748E+00
2,03/2/2026,18:42:06.509,+0.000E+00,-0.047E+00,-0.047E+00,-0.188E+00,-1.74E+00,-5.62E+00,+6.71E+00,-0.801E+00
2,03/2/2026,18:42:06.509,-0.047E+00,-0.047E+00,+0.000E+00,-0.188E+00,-1.85E+00,-5.54E+00,+6.75E+00,-0.855E+00
2,03/2/2026,18:42:06.509,-0.047E+00,-0.047E+00,+0.000E+00,-0.188E+00,-1.95E+00,-5.45E+00,+6.76E+00,-0.916E+00
2,03/2/2026,18:42:06.509,-0.047E+00,-0.047E+00,-0.047E+00,-0.188E+00,-2.06E+00,-5.36E+00,+6.79E+00,-0.969E+00
2,03/2/2026,18:42:06.509,-0.047E+00,-0.047E+00,-0.047E+00,-0.188E+00,-2.17E+00,-5.26E+00,+6.81E+00,-1.022E+00
2,03/2/2026,18:42:06.509,-0.047E+00,-0.047E+00,+0.000E+00,-0.235E+00,-2.27E+00,-5.19E+00,+6.84E+00,-1.076E+00
2,03/2/2026,18:42:06.510,-0.047E+00,-0.047E+00,+0.000E+00,-0.188E+00,-2.38E+00,-5.10E+00,+6.87E+00,-1.129E+00
2,03/2/2026,18:42:06.510,-0.047E+00,-0.047E+00,-0.047E+00,-0.188E+00,-2.49E+00,-5.01E+00,+6.88E+00,-1.183E+00
2,03/2/2026,18:42:06.510,-0.047E+00,-0.047E+00,-0.047E+00,-0.188E+00,-2.59E+00,-4.91E+00,+6.90E+00,-1.236E+00
2,03/2/2026,18:42:06.510,+0.000E+00,-0.047E+00,+0.000E+00,-0.188E+00,-2.70E+00,-4.84E+00,+6.93E+00,-1.289E+00
2,03/2/2026,18:42:06.510,+0.000E+00,-0.047E+00,+0.000E+00,-0.188E+00,-2.81E+00,-4.75E+00,+6.94E+00,-1.343E+00
2,03/2/2026,18:42:06.510,-0.047E+00,-0.047E+00,+0.000E+00,-0.188E+00,-2.91E+00,-4.64E+00,+6.96E+00,-1.396E+00
2,03/2/2026,18:42:06.510,-0.047E+00,-0.047E+00,+0.000E+00,-0.188E+00,-3.01E+00,-4.55E+00,+6.97E+00,-1.450E+00
2,03/2/2026,18:42:06.510,+0.000E+00,-0.047E+00,+0.000E+00,-0.188E+00,-3.11E+00,-4.46E+00,+6.99E+00,-1.495E+00
2,03/2/2026,18:42:06.510,-0.047E+00,-0.047E+00,+0.000E+00,-0.188E+00,-3.22E+00,-4.36E+00,+7.00E+00,-1.549E+00
2,03/2/2026,18:42:06.510,-0.047E+00,-0.047E+00,-0.047E+00,-0.188E+00,-3.31E+00,-4.27E+00,+7.02E+00,-1.595E+00
2,03/2/2026,18:42:06.510,-0.047E+00,-0.047E+00,-0.047E+00,-0.188E+00,-3.42E+00,-4.18E+00,+7.03E+00,-1.648E+00
2,03/2/2026,18:42:06.510,-0.047E+00,-0.047E+00,-0.047E+00,-0.188E+00,-3.53E+00,-4.09E+00,+7.05E+00,-1.702E+00
2,03/2/2026,18:42:06.510,-0.047E+00,-0.047E+00,-0.047E+00,-0.235E+00,-3.62E+00,-3.98E+00,+7.05E+00,-1.755E+00
2,03/2/2026,18:42:06.510,-0.047E+00,-0.047E+00,-0.047E+00,-0.188E+00,-3.71E+00,-3.89E+00,+7.07E+00,-1.801E+00
2,03/2/2026,18:42:06.510,-0.047E+00,-0.047E+00,-0.047E+00,-0.188E+00,-3.82E+00,-3.78E+00,+7.08E+00,-1.854E+00
2,03/2/2026,18:42:06.510,-0.047E+00,-0.047E+00,-0.047E+00,-0.188E+00,-3.91E+00,-3.68E+00,+7.10E+00,-1.900E+00
2,03/2/2026,18:42:06.510,-0.047E+00,-0.047E+00,-0.047E+00,-0.188E+00,-4.01E+00,-3.59E+00,+7.10E+00,-1.953E+00
2,03/2/2026,18:42:06.510,+0.000E+00,-0.047E+00,-0.047E+00,-0.188E+00,-4.10E+00,-3.48E+00,+7.11E+00,-1.999E+00
2,03/2/2026,18:42:06.510,-0.047E+00,-0.047E+00,+0.000E+00,-0.188E+00,-4.21E+00,-3.37E+00,+7.11E+00,-2.052E+00
2,03/2/2026,18:42:06.510,-0.047E+00,-0.047E+00,+0.000E+00,-0.188E+00,-4.30E+00,-3.27E+00,+7.13E+00,-2.098E+00
2,03/2/2026,18:42:06.511,-0.047E+00,-0.047E+00,+0.000E+00,-0.188E+00,-4.41E+00,-3.16E+00,+7.13E+00,-2.152E+00
2,03/2/2026,18:42:06.511,-0.047E+00,-0.047E+00,+0.000E+00,-0.188E+00,-4.50E+00,-3.05E+00,+7.13E+00,-2.197E+00
2,03/2/2026,18:42:06.511,-0.047E+00,-0.047E+00,+0.000E+00,-0.188E+00,-4.59E+00,-2.95E+00,+7.14E+00,-2.251E+00
2,03/2/2026,18:42:06.511,-0.047E+00,-0.047E+00,+0.000E+00,-0.188E+00,-4.70E+00,-2.84E+00,+7.14E+00,-2.304E+00
2,03/2/2026,18:42:06.511,-0.047E+00,-0.047E+00,+0.000E+00,-0.188E+00,-4.79E+00,-2.73E+00,+7.16E+00,-2.350E+00
2,03/2/2026,18:42:06.511,-0.047E+00,-0.047E+00,-0.047E+00,-0.188E+00,-4.88E+00,-2.62E+00,+7.16E+00,-2.396E+00
2,03/2/2026,18:42:06.511,+0.000E+00,-0.047E+00,-0.047E+00,-0.188E+00,-4.97E+00,-2.50E+00,+7.16E+00,-2.449E+00
2,03/2/2026,18:42:06.511,-0.047E+00,-0.047E+00,+0.000E+00,-0.188E+00,-5.07E+00,-2.40E+00,+7.16E+00,-2.495E+00
2,03/2/2026,18:42:06.511,-0.047E+00,-0.047E+00,-0.047E+00,-0.188E+00,-5.16E+00,-2.29E+00,+7.17E+00,-2.533E+00
2,03/2/2026,18:42:06.511,-0.047E+00,-0.047E+00,-0.047E+00,-0.188E+00,-5.25E+00,-2.18E+00,+7.17E+00,-2.587E+00
2,03/2/2026,18:42:06.511,-0.047E+00,-0.047E+00,+0.000E+00,-0.188E+00,-5.33E+00,-2.06E+00,+7.17E+00,-2.632E+00
2,03/2/2026,18:42:06.511,-0.047E+00,-0.047E+00,-0.047E+00,-0.188E+00,-5.42E+00,-1.95E+00,+7.17E+00,-2.671E+00
2,03/2/2026,18:42:06.511,-0.047E+00,-0.047E+00,-0.047E+00,-0.188E+00,-5.49E+00,-1.83E+00,+7.16E+00,-2.716E+00
2,03/2/2026,18:42:06.511,-0.047E+00,-0.047E+00,+0.000E+00,-0.188E+00,-5.57E+00,-1.72E+00,+7.14E+00,-2.754E+00
2,03/2/2026,18:42:06.511,-0.047E+00,-0.047E+00,+0.000E+00,-0.188E+00,-5.63E+00,-1.60E+00,+7.13E+00,-2.793E+00
2,03/2/2026,18:42:06.511,-0.047E+00,-0.047E+00,+0.000E+00,-0.188E+00,-5.71E+00,-1.48E+00,+7.10E+00,-2.831E+00
2,03/2/2026,18:42:06.511,-0.047E+00,-0.047E+00,-0.047E+00,-0.188E+00,-5.77E+00,-1.36E+00,+7.07E+00,-2.861E+00
2,03/2/2026,18:42:06.511,-0.047E+00,-0.047E+00,-0.047E+00,-0.188E+00,-5.83E+00,-1.25E+00,+7.02E+00,-2.892E+00
2,03/2/2026,18:42:06.511,+0.000E+00,-0.047E+00,+0.000E+00,-0.188E+00,-5.89E+00,-1.14E+00,+6.97E+00,-2.930E+00
2,03/2/2026,18:42:06.511,-0.047E+00,-0.047E+00,+0.000E+00,-0.188E+00,-5.95E+00,-1.02E+00,+6.91E+00,-2.960E+00
2,03/2/2026,18:42:06.512,-0.047E+00,-0.047E+00,-0.047E+00,-0.188E+00,-6.01E+00,-0.92E+00,+6.84E+00,-2.991E+00
2,03/2/2026,18:42:06.512,-0.047E+00,-0.047E+00,-0.047E+00,-0.188E+00,-6.07E+00,-0.81E+00,+6.78E+00,-3.029E+00
2,03/2/2026,18:42:06.512,-0.047E+00,-0.047E+00,-0.047E+00,-0.188E+00,-6.13E+00,-0.70E+00,+6.73E+00,-3.052E+00
2,03/2/2026,18:42:06.512,-0.047E+00,-0.047E+00,-0.047E+00,-0.188E+00,-6.18E+00,-0.60E+00,+6.67E+00,-3.083E+00
2,03/2/2026,18:42:06.512,-0.047E+00,-0.047E+00,-0.047E+00,-0.188E+00,-6.24E+00,-0.47E+00,+6.61E+00,-3.105E+00
2,03/2/2026,18:42:06.512,+0.000E+00,-0.047E+00,+0.000E+00,-0.188E+00,-6.29E+00,-0.37E+00,+6.55E+00,-3.136E+00
2,03/2/2026,18:42:06.512,-0.047E+00,-0.047E+00,+0.000E+00,-0.188E+00,-6.33E+00,-0.24E+00,+6.50E+00,-3.159E+00
2,03/2/2026,18:42:06.512,-0.047E+00,-0.047E+00,-0.047E+00,-0.188E+00,-6.38E+00,-0.12E+00,+6.44E+00,-3.182E+00
2,03/2/2026,18:42:06.512,+0.000E+00,-0.047E+00,-0.047E+00,-0.188E+00,-6.42E+00,-0.02E+00,+6.36E+00,-3.205E+00
2,03/2/2026,18:42:06.512,-0.047E+00,-0.047E+00,-0.047E+00,-0.188E+00,-6.46E+00,+0.11E+00,+6.32E+00,-3.220E+00
2,03/2/2026,18:42:06.512,+0.000E+00,-0.047E+00,-0.047E+00,-0.188E+00,-6.49E+00,+0.23E+00,+6.24E+00,-3.243E+00
2,03/2/2026,18:42:06.512,-0.047E+00,-0.047E+00,+0.000E+00,-0.188E+00,-6.53E+00,+0.34E+00,+6.18E+00,-3.258E+00
2,03/2/2026,18:42:06.512,-0.047E+00,-0.047E+00,+0.000E+00,-0.188E+00,-6.56E+00,+0.46E+00,+6.10E+00,-3.273E+00
2,03/2/2026,18:42:06.512,-0.047E+00,-0.047E+00,-0.047E+00,-0.188E+00,-6.58E+00,+0.56E+00,+6.01E+00,-3.289E+00
2,03/2/2026,18:42:06.512,+0.000E+00,-0.047E+00,+0.000E+00,-0.188E+00,-6.62E+00,+0.69E+00,+5.94E+00,-3.311E+00
2,03/2/2026,18:42:06.512,-0.047E+00,-0.047E+00,+0.000E+00,-0.188E+00,-6.65E+00,+0.81E+00,+5.84E+00,-3.327E+00
2,03/2/2026,18:42:06.512,-0.047E+00,-0.047E+00,-0.047E+00,-0.188E+00,-6.68E+00,+0.93E+00,+5.77E+00,-3.342E+00
2,03/2/2026,18:42:06.512,-0.047E+00,-0.047E+00,-0.047E+00,-0.188E+00,-6.73E+00,+1.05E+00,+5.69E+00,-3.365E+00
2,03/2/2026,18:42:06.512,-0.047E+00,-0.047E+00,-0.047E+00,-0.188E+00,-6.76E+00,+1.18E+00,+5.62E+00,-3.380E+00
2,03/2/2026,18:42:06.512,-0.047E+00,+0.000E+00,-0.047E+00,-0.188E+00,-6.78E+00,+1.30E+00,+5.52E+00,-3.395E+00
2,03/2/2026,18:42:06.513,+0.000E+00,-0.047E+00,+0.000E+00,-0.188E+00,-6.82E+00,+1.42E+00,+5.45E+00,-3.411E+00
2,03/2/2026,18:42:06.513,-0.047E+00,-0.047E+00,-0.047E+00,-0.188E+00,-6.85E+00,+1.54E+00,+5.37E+00,-3.426E+00
2,03/2/2026,18:42:06.513,-0.047E+00,-0.047E+00,-0.047E+00,-0.188E+00,-6.88E+00,+1.65E+00,+5.30E+00,-3.441E+00
2,03/2/2026,18:42:06.513,-0.047E+00,-0.047E+00,+0.000E+00,-0.188E+00,-6.90E+00,+1.77E+00,+5.22E+00,-3.456E+00
2,03/2/2026,18:42:06.513,-0.047E+00,-0.047E+00,-0.047E+00,-0.188E+00,-6.93E+00,+1.88E+00,+5.13E+00,-3.472E+00
2,03/2/2026,18:42:06.513,-0.047E+00,-0.047E+00,+0.000E+00,-0.188E+00,-6.96E+00,+2.00E+00,+5.04E+00,-3.479E+00
2,03/2/2026,18:42:06.513,-0.047E+00,-0.047E+00,+0.000E+00,-0.188E+00,-6.97E+00,+2.12E+00,+4.96E+00,-3.495E+00
2,03/2/2026,18:42:06.513,-0.047E+00,-0.047E+00,+0.000E+00,-0.188E+00,-6.99E+00,+2.23E+00,+4.87E+00,-3.502E+00
2,03/2/2026,18:42:06.513,-0.047E+00,-0.047E+00,+0.000E+00,-0.188E+00,-7.00E+00,+2.35E+00,+4.78E+00,-3.510E+00
2,03/2/2026,18:42:06.513,-0.047E+00,-0.047E+00,-0.047E+00,-0.141E+00,-7.03E+00,+2.46E+00,+4.68E+00,-3.525E+00
2,03/2/2026,18:42:06.513,-0.047E+00,+0.000E+00,+0.000E+00,-0.188E+00,-7.05E+00,+2.58E+00,+4.59E+00,-3.533E+00
2,03/2/2026,18:42:06.513,-0.047E+00,-0.047E+00,+0.000E+00,-0.188E+00,-7.07E+00,+2.69E+00,+4.50E+00,-3.540E+00
2,03/2/2026,18:42:06.513,-0.047E+00,-0.047E+00,-0.047E+00,-0.188E+00,-7.08E+00,+2.79E+00,+4.41E+00,-3.548E+00
2,03/2/2026,18:42:06.513,-0.047E+00,-0.047E+00,+0.000E+00,-0.188E+00,-7.08E+00,+2.90E+00,+4.33E+00,-3.556E+00
2,03/2/2026,18:42:06.513,-0.047E+00,-0.047E+00,+0.000E+00,-0.235E+00,-7.10E+00,+3.01E+00,+4.24E+00,-3.563E+00
2,03/2/2026,18:42:06.513,-0.047E+00,-0.047E+00,+0.000E+00,-0.188E+00,-7.11E+00,+3.13E+00,+4.15E+00,-3.563E+00
2,03/2/2026,18:42:06.513,+0.000E+00,-0.047E+00,-0.047E+00,-0.188E+00,-7.11E+00,+3.24E+00,+4.06E+00,-3.571E+00
2,03/2/2026,18:42:06.513,-0.047E+00,-0.047E+00,-0.047E+00,-0.188E+00,-7.13E+00,+3.34E+00,+3.97E+00,-3.579E+00
2,03/2/2026,18:42:06.513,-0.047E+00,-0.047E+00,-0.047E+00,-0.188E+00,-7.13E+00,+3.45E+00,+3.86E+00,-3.579E+00
2,03/2/2026,18:42:06.513,-0.047E+00,-0.047E+00,-0.047E+00,-0.188E+00,-7.13E+00,+3.56E+00,+3.77E+00,-3.586E+00
2,03/2/2026,18:42:06.514,-0.047E+00,-0.047E+00,-0.047E+00,-0.188E+00,-7.14E+00,+3.66E+00,+3.68E+00,-3.586E+00
2,03/2/2026,18:42:06.514,-0.047E+00,-0.047E+00,-0.047E+00,-0.188E+00,-7.16E+00,+3.77E+00,+3.57E+00,-3.594E+00
2,03/2/2026,18:42:06.514,-0.047E+00,-0.047E+00,-0.047E+00,-0.188E+00,-7.16E+00,+3.88E+00,+3.48E+00,-3.594E+00
2,03/2/2026,18:42:06.514,-0.047E+00,-0.047E+00,-0.047E+00,-0.188E+00,-7.16E+00,+3.97E+00,+3.39E+00,-3.594E+00
2,03/2/2026,18:42:06.514,-0.047E+00,-0.047E+00,-0.047E+00,-0.188E+00,-7.16E+00,+4.07E+00,+3.28E+00,-3.594E+00
2,03/2/2026,18:42:06.514,-0.047E+00,-0.047E+00,-0.047E+00,-0.188E+00,-7.16E+00,+4.18E+00,+3.17E+00,-3.601E+00
2,03/2/2026,18:42:06.514,+0.000E+00,-0.047E+00,+0.000E+00,-0.188E+00,-7.16E+00,+4.29E+00,+3.08E+00,-3.594E+00
2,03/2/2026,18:42:06.514,-0.047E+00,-0.047E+00,-0.047E+00,-0.188E+00,-7.16E+00,+4.39E+00,+2.98E+00,-3.601E+00
2,03/2/2026,18:42:06.514,-0.047E+00,-0.047E+00,-0.047E+00,-0.188E+00,-7.16E+00,+4.49E+00,+2.88E+00,-3.594E+00
2,03/2/2026,18:42:06.514,-0.047E+00,-0.047E+00,+0.000E+00,-0.188E+00,-7.16E+00,+4.59E+00,+2.76E+00,-3.594E+00
2,03/2/2026,18:42:06.514,-0.047E+00,-0.047E+00,-0.047E+00,-0.188E+00,-7.16E+00,+4.70E+00,+2.66E+00,-3.594E+00
2,03/2/2026,18:42:06.514,-0.047E+00,-0.047E+00,-0.047E+00,-0.188E+00,-7.16E+00,+4.79E+00,+2.56E+00,-3.594E+00
2,03/2/2026,18:42:06.514,-0.047E+00,-0.047E+00,-0.047E+00,-0.188E+00,-7.16E+00,+4.90E+00,+2.46E+00,-3.594E+00
2,03/2/2026,18:42:06.514,-0.047E+00,-0.047E+00,+0.000E+00,-0.188E+00,-7.14E+00,+4.99E+00,+2.35E+00,-3.594E+00
2,03/2/2026,18:42:06.514,-0.047E+00,-0.047E+00,-0.047E+00,-0.188E+00,-7.14E+00,+5.08E+00,+2.24E+00,-3.586E+00
2,03/2/2026,18:42:06.514,-0.047E+00,-0.047E+00,-0.047E+00,-0.188E+00,-7.13E+00,+5.17E+00,+2.15E+00,-3.579E+00
2,03/2/2026,18:42:06.514,-0.047E+00,-0.047E+00,-0.047E+00,-0.188E+00,-7.11E+00,+5.26E+00,+2.04E+00,-3.579E+00
2,03/2/2026,18:42:06.514,-0.047E+00,-0.047E+00,-0.047E+00,-0.188E+00,-7.10E+00,+5.36E+00,+1.94E+00,-3.571E+00
2,03/2/2026,18:42:06.514,-0.047E+00,-0.047E+00,+0.000E+00,-0.188E+00,-7.08E+00,+5.45E+00,+1.83E+00,-3.556E+00
2,03/2/2026,18:42:06.514,-0.047E+00,-0.047E+00,+0.000E+00,-0.188E+00,-7.05E+00,+5.52E+00,+1.72E+00,-3.540E+00
2,03/2/2026,18:42:06.515,-0.047E+00,-0.047E+00,-0.047E+00,-0.188E+00,-7.02E+00,+5.60E+00,+1.60E+00,-3.525E+00
2,03/2/2026,18:42:06.515,-0.047E+00,-0.047E+00,-0.047E+00,-0.188E+00,-6.99E+00,+5.68E+00,+1.50E+00,-3.510E+00
2,03/2/2026,18:42:06.515,-0.047E+00,-0.047E+00,-0.047E+00,-0.188E+00,-6.96E+00,+5.75E+00,+1.39E+00,-3.495E+00
2,03/2/2026,18:42:06.515,+0.000E+00,-0.047E+00,-0.047E+00,-0.188E+00,-6.91E+00,+5.81E+00,+1.27E+00,-3.472E+00
2,03/2/2026,18:42:06.515,+0.000E+00,-0.047E+00,+0.000E+00,-0.188E+00,-6.87E+00,+5.89E+00,+1.16E+00,-3.449E+00
2,03/2/2026,18:42:06.515,-0.047E+00,-0.047E+00,+0.000E+00,-0.188E+00,-6.82E+00,+5.95E+00,+1.04E+00,-3.434E+00
2,03/2/2026,18:42:06.515,-0.047E+00,-0.047E+00,-0.047E+00,-0.188E+00,-6.78E+00,+6.01E+00,+0.95E+00,-3.403E+00
2,03/2/2026,18:42:06.515,-0.047E+00,-0.047E+00,+0.000E+00,-0.188E+00,-6.73E+00,+6.07E+00,+0.84E+00,-3.380E+00
2,03/2/2026,18:42:06.515,-0.047E+00,-0.047E+00,-0.047E+00,-0.188E+00,-6.67E+00,+6.13E+00,+0.72E+00,-3.350E+00
2,03/2/2026,18:42:06.515,-0.047E+00,-0.047E+00,+0.000E+00,-0.188E+00,-6.62E+00,+6.20E+00,+0.61E+00,-3.319E+00
2,03/2/2026,18:42:06.515,-0.047E+00,-0.047E+00,-0.047E+00,-0.188E+00,-6.56E+00,+6.26E+00,+0.49E+00,-3.289E+00
2,03/2/2026,18:42:06.515,-0.047E+00,-0.047E+00,-0.047E+00,-0.188E+00,-6.50E+00,+6.32E+00,+0.38E+00,-3.258E+00
2,03/2/2026,18:42:06.515,-0.047E+00,-0.047E+00,+0.000E+00,-0.188E+00,-6.42E+00,+6.38E+00,+0.27E+00,-3.228E+00
2,03/2/2026,18:42:06.515,-0.047E+00,-0.047E+00,+0.000E+00,-0.188E+00,-6.36E+00,+6.42E+00,+0.15E+00,-3.189E+00
2,03/2/2026,18:42:06.515,-0.047E+00,-0.047E+00,-0.047E+00,-0.188E+00,-6.29E+00,+6.49E+00,+0.05E+00,-3.159E+00
2,03/2/2026,18:42:06.515,-0.047E+00,-0.047E+00,-0.047E+00,-0.188E+00,-6.21E+00,+6.55E+00,-0.06E+00,-3.128E+00
2,03/2/2026,18:42:06.515,-0.047E+00,-0.047E+00,+0.000E+00,-0.188E+00,-6.13E+00,+6.59E+00,-0.17E+00,-3.090E+00
2,03/2/2026,18:42:06.515,-0.047E+00,-0.047E+00,+0.000E+00,-0.235E+00,-6.07E+00,+6.65E+00,-0.29E+00,-3.052E+00
2,03/2/2026,18:42:06.515,-0.047E+00,-0.047E+00,-0.047E+00,-0.188E+00,-5.98E+00,+6.68E+00,-0.40E+00,-3.014E+00
2,03/2/2026,18:42:06.515,+0.000E+00,-0.047E+00,-0.047E+00,-0.188E+00,-5.91E+00,+6.73E+00,-0.50E+00,-2.976E+00
2,03/2/2026,18:42:06.516,+0.000E+00,-0.047E+00,+0.000E+00,-0.188E+00,-5.83E+00,+6.78E+00,-0.63E+00,-2.938E+00
2,03/2/2026,18:42:06.516,-0.047E+00,-0.047E+00,-0.047E+00,-0.188E+00,-5.75E+00,+6.81E+00,-0.75E+00,-2.899E+00
2,03/2/2026,18:42:06.516,-0.047E+00,-0.047E+00,-0.047E+00,-0.188E+00,-5.66E+00,+6.85E+00,-0.85E+00,-2.854E+00
2,03/2/2026,18:42:06.516,-0.047E+00,-0.047E+00,-0.047E+00,-0.188E+00,-5.59E+00,+6.88E+00,-0.98E+00,-2.816E+00
2,03/2/2026,18:42:06.516,-0.047E+00,-0.047E+00,-0.047E+00,-0.188E+00,-5.51E+00,+6.91E+00,-1.08E+00,-2.777E+00
2,03/2/2026,18:42:06.516,-0.047E+00,-0.047E+00,-0.047E+00,-0.188E+00,-5.42E+00,+6.96E+00,-1.21E+00,-2.732E+00
2,03/2/2026,18:42:06.516,-0.047E+00,-0.047E+00,-0.047E+00,-0.188E+00,-5.34E+00,+6.99E+00,-1.33E+00,-2.693E+00
2,03/2/2026,18:42:06.516,-0.047E+00,-0.047E+00,+0.000E+00,-0.188E+00,-5.25E+00,+7.02E+00,-1.43E+00,-2.648E+00
2,03/2/2026,18:42:06.516,-0.047E+00,-0.047E+00,+0.000E+00,-0.188E+00,-5.17E+00,+7.07E+00,-1.56E+00,-2.609E+00
2,03/2/2026,18:42:06.516,-0.047E+00,-0.047E+00,-0.047E+00,-0.188E+00,-5.10E+00,+7.08E+00,-1.66E+00,-2.564E+00
2,03/2/2026,18:42:06.516,-0.047E+00,-0.047E+00,+0.000E+00,-0.188E+00,-5.01E+00,+7.11E+00,-1.79E+00,-2.526E+00
2,03/2/2026,18:42:06.516,-0.047E+00,-0.047E+00,+0.000E+00,-0.188E+00,-4.91E+00,+7.14E+00,-1.89E+00,-2.487E+00
2,03/2/2026,18:42:06.516,-0.047E+00,-0.047E+00,-0.047E+00,-0.188E+00,-4.84E+00,+7.16E+00,-2.00E+00,-2.442E+00
2,03/2/2026,18:42:06.516,-0.047E+00,-0.047E+00,+0.000E+00,-0.188E+00,-4.76E+00,+7.19E+00,-2.12E+00,-2.403E+00
2,03/2/2026,18:42:06.516,-0.047E+00,-0.047E+00,+0.000E+00,-0.188E+00,-4.65E+00,+7.22E+00,-2.23E+00,-2.358E+00
2,03/2/2026,18:42:06.516,-0.047E+00,-0.047E+00,+0.000E+00,-0.188E+00,-4.58E+00,+7.23E+00,-2.33E+00,-2.312E+00
2,03/2/2026,18:42:06.516,-0.047E+00,-0.047E+00,+0.000E+00,-0.188E+00,-4.49E+00,+7.25E+00,-2.46E+00,-2.266E+00
2,03/2/2026,18:42:06.516,+0.000E+00,-0.047E+00,+0.000E+00,-0.188E+00,-4.39E+00,+7.28E+00,-2.55E+00,-2.220E+00
2,03/2/2026,18:42:06.516,+0.000E+00,-0.047E+00,-0.047E+00,-0.188E+00,-4.30E+00,+7.29E+00,-2.66E+00,-2.175E+00
2,03/2/2026,18:42:06.516,-0.047E+00,-0.047E+00,-0.047E+00,-0.188E+00,-4.21E+00,+7.29E+00,-2.76E+00,-2.129E+00
2,03/2/2026,18:42:06.517,-0.047E+00,-0.047E+00,+0.000E+00,-0.188E+00,-4.12E+00,+7.31E+00,-2.87E+00,-2.083E+00
2,03/2/2026,18:42:06.517,-0.047E+00,-0.047E+00,+0.000E+00,-0.188E+00,-4.03E+00,+7.32E+00,-2.96E+00,-2.045E+00
2,03/2/2026,18:42:06.517,-0.047E+00,-0.047E+00,+0.000E+00,-0.188E+00,-3.94E+00,+7.36E+00,-3.07E+00,-1.991E+00
2,03/2/2026,18:42:06.517,-0.047E+00,-0.047E+00,+0.000E+00,-0.188E+00,-3.85E+00,+7.36E+00,-3.17E+00,-1.953E+00
2,03/2/2026,18:42:06.517,-0.047E+00,-0.047E+00,-0.047E+00,-0.188E+00,-3.75E+00,+7.37E+00,-3.28E+00,-1.908E+00
2,03/2/2026,18:42:06.517,-0.047E+00,-0.047E+00,-0.047E+00,-0.188E+00,-3.66E+00,+7.39E+00,-3.39E+00,-1.854E+00
2,03/2/2026,18:42:06.517,-0.047E+00,-0.047E+00,-0.047E+00,-0.188E+00,-3.57E+00,+7.39E+00,-3.49E+00,-1.808E+00
2,03/2/2026,18:42:06.517,-0.047E+00,-0.047E+00,-0.047E+00,-0.188E+00,-3.46E+00,+7.40E+00,-3.60E+00,-1.763E+00
2,03/2/2026,18:42:06.517,-0.047E+00,-0.047E+00,-0.047E+00,-0.188E+00,-3.37E+00,+7.40E+00,-3.69E+00,-1.717E+00
2,03/2/2026,18:42:06.517,-0.047E+00,-0.047E+00,+0.000E+00,-0.188E+00,-3.28E+00,+7.42E+00,-3.80E+00,-1.663E+00
2,03/2/2026,18:42:06.517,-0.047E+00,-0.047E+00,-0.047E+00,-0.188E+00,-3.17E+00,+7.42E+00,-3.89E+00,-1.618E+00
2,03/2/2026,18:42:06.517,-0.047E+00,-0.047E+00,+0.000E+00,-0.188E+00,-3.07E+00,+7.43E+00,-4.00E+00,-1.564E+00
2,03/2/2026,18:42:06.517,-0.047E+00,-0.047E+00,-0.047E+00,-0.188E+00,-2.96E+00,+7.43E+00,-4.09E+00,-1.518E+00
2,03/2/2026,18:42:06.517,-0.047E+00,-0.047E+00,-0.047E+00,-0.188E+00,-2.87E+00,+7.43E+00,-4.18E+00,-1.465E+00
2,03/2/2026,18:42:06.517,-0.047E+00,-0.047E+00,+0.000E+00,-0.188E+00,-2.76E+00,+7.45E+00,-4.29E+00,-1.412E+00
2,03/2/2026,18:42:06.517,-0.047E+00,-0.047E+00,+0.000E+00,-0.188E+00,-2.66E+00,+7.45E+00,-4.38E+00,-1.358E+00
2,03/2/2026,18:42:06.517,+0.000E+00,-0.047E+00,-0.047E+00,-0.188E+00,-2.55E+00,+7.45E+00,-4.49E+00,-1.305E+00
2,03/2/2026,18:42:06.517,-0.047E+00,-0.047E+00,+0.000E+00,-0.188E+00,-2.44E+00,+7.45E+00,-4.59E+00,-1.251E+00
2,03/2/2026,18:42:06.517,-0.047E+00,-0.047E+00,+0.000E+00,-0.235E+00,-2.33E+00,+7.45E+00,-4.68E+00,-1.206E+00
2,03/2/2026,18:42:06.517,+0.000E+00,-0.047E+00,-0.047E+00,-0.188E+00,-2.23E+00,+7.43E+00,-4.79E+00,-1.152E+00
2,03/2/2026,18:42:06.518,+0.000E+00,-0.047E+00,-0.047E+00,-0.188E+00,-2.12E+00,+7.45E+00,-4.88E+00,-1.099E+00
2,03/2/2026,18:42:06.518,-0.047E+00,-0.047E+00,-0.047E+00,-0.188E+00,-2.01E+00,+7.43E+00,-4.97E+00,-1.045E+00
2,03/2/2026,18:42:06.518,-0.047E+00,-0.047E+00,-0.047E+00,-0.188E+00,-1.91E+00,+7.43E+00,-5.07E+00,-1.000E+00
2,03/2/2026,18:42:06.518,+0.000E+00,-0.047E+00,-0.047E+00,-0.188E+00,-1.82E+00,+7.42E+00,-5.14E+00,-0.946E+00
2,03/2/2026,18:42:06.518,-0.047E+00,-0.047E+00,-0.047E+00,-0.188E+00,-1.71E+00,+7.40E+00,-5.22E+00,-0.893E+00
2,03/2/2026,18:42:06.518,-0.047E+00,-0.047E+00,-0.047E+00,-0.188E+00,-1.60E+00,+7.37E+00,-5.31E+00,-0.839E+00
2,03/2/2026,18:42:06.518,-0.047E+00,-0.047E+00,-0.047E+00,-0.188E+00,-1.50E+00,+7.34E+00,-5.37E+00,-0.786E+00
2,03/2/2026,18:42:06.518,-0.047E+00,-0.047E+00,-0.047E+00,-0.188E+00,-1.37E+00,+7.31E+00,-5.45E+00,-0.732E+00
2,03/2/2026,18:42:06.518,-0.047E+00,-0.047E+00,+0.000E+00,-0.188E+00,-1.27E+00,+7.28E+00,-5.52E+00,-0.679E+00
2,03/2/2026,18:42:06.518,-0.047E+00,-0.047E+00,-0.047E+00,-0.188E+00,-1.16E+00,+7.23E+00,-5.59E+00,-0.626E+00
2,03/2/2026,18:42:06.518,-0.047E+00,-0.047E+00,-0.047E+00,-0.188E+00,-1.04E+00,+7.19E+00,-5.65E+00,-0.565E+00
2,03/2/2026,18:42:06.518,-0.047E+00,-0.047E+00,-0.047E+00,-0.188E+00,-0.93E+00,+7.13E+00,-5.71E+00,-0.511E+00
2,03/2/2026,18:42:06.518,-0.047E+00,-0.047E+00,+0.000E+00,-0.188E+00,-0.82E+00,+7.08E+00,-5.77E+00,-0.458E+00
2,03/2/2026,18:42:06.518,-0.047E+00,-0.047E+00,+0.000E+00,-0.188E+00,-0.70E+00,+7.03E+00,-5.83E+00,-0.404E+00
2,03/2/2026,18:42:06.518,-0.047E+00,-0.047E+00,-0.047E+00,-0.188E+00,-0.58E+00,+6.99E+00,-5.89E+00,-0.343E+00
2,03/2/2026,18:42:06.518,-0.047E+00,-0.047E+00,+0.000E+00,-0.188E+00,-0.47E+00,+6.93E+00,-5.94E+00,-0.290E+00
2,03/2/2026,18:42:06.518,-0.047E+00,-0.047E+00,-0.047E+00,-0.188E+00,-0.35E+00,+6.85E+00,-6.00E+00,-0.237E+00
2,03/2/2026,18:42:06.518,-0.047E+00,-0.047E+00,-0.047E+00,-0.188E+00,-0.24E+00,+6.79E+00,-6.04E+00,-0.175E+00
2,03/2/2026,18:42:06.518,-0.047E+00,-0.047E+00,-0.047E+00,-0.188E+00,-0.12E+00,+6.71E+00,-6.09E+00,-0.114E+00
2,03/2/2026,18:42:06.518,-0.047E+00,-0.047E+00,-0.047E+00,-0.188E+00,-0.02E+00,+6.64E+00,-6.15E+00,-0.061E+00
2,03/2/2026,18:42:06.519,-0.047E+00,-0.047E+00,-0.047E+00,-0.188E+00,+0.11E+00,+6.56E+00,-6.21E+00,+0.000E+00
2,03/2/2026,18:42:06.519,-0.047E+00,-0.047E+00,-0.047E+00,-0.188E+00,+0.21E+00,+6.49E+00,-6.26E+00,+0.053E+00
2,03/2/2026,18:42:06.519,-0.047E+00,-0.047E+00,+0.000E+00,-0.188E+00,+0.34E+00,+6.41E+00,-6.32E+00,+0.114E+00
2,03/2/2026,18:42:06.519,-0.047E+00,-0.047E+00,+0.000E+00,-0.188E+00,+0.44E+00,+6.33E+00,-6.36E+00,+0.168E+00
2,03/2/2026,18:42:06.519,-0.047E+00,-0.047E+00,+0.000E+00,-0.188E+00,+0.55E+00,+6.24E+00,-6.41E+00,+0.229E+00
2,03/2/2026,18:42:06.519,-0.047E+00,-0.047E+00,-0.047E+00,-0.188E+00,+0.67E+00,+6.17E+00,-6.46E+00,+0.282E+00
2,03/2/2026,18:42:06.519,-0.047E+00,-0.047E+00,-0.047E+00,-0.188E+00,+0.79E+00,+6.10E+00,-6.50E+00,+0.336E+00
2,03/2/2026,18:42:06.519,-0.047E+00,-0.047E+00,-0.047E+00,-0.188E+00,+0.90E+00,+6.01E+00,-6.53E+00,+0.397E+00
2,03/2/2026,18:42:06.519,-0.047E+00,-0.047E+00,-0.047E+00,-0.188E+00,+1.01E+00,+5.92E+00,-6.58E+00,+0.450E+00
2,03/2/2026,18:42:06.519,-0.047E+00,-0.047E+00,-0.047E+00,-0.188E+00,+1.13E+00,+5.84E+00,-6.62E+00,+0.511E+00
2,03/2/2026,18:42:06.519,+0.000E+00,-0.047E+00,+0.000E+00,-0.188E+00,+1.24E+00,+5.75E+00,-6.67E+00,+0.572E+00
2,03/2/2026,18:42:06.519,-0.047E+00,-0.047E+00,-0.047E+00,-0.188E+00,+1.34E+00,+5.68E+00,-6.70E+00,+0.626E+00
2,03/2/2026,18:42:06.519,-0.047E+00,-0.047E+00,-0.047E+00,-0.188E+00,+1.46E+00,+5.60E+00,-6.75E+00,+0.687E+00
2,03/2/2026,18:42:06.519,-0.047E+00,-0.047E+00,-0.047E+00,-0.188E+00,+1.59E+00,+5.51E+00,-6.78E+00,+0.740E+00
2,03/2/2026,18:42:06.519,-0.047E+00,-0.047E+00,+0.000E+00,-0.188E+00,+1.69E+00,+5.42E+00,-6.81E+00,+0.801E+00
2,03/2/2026,18:42:06.519,-0.047E+00,-0.047E+00,-0.047E+00,-0.188E+00,+1.80E+00,+5.34E+00,-6.84E+00,+0.855E+00
2,03/2/2026,18:42:06.519,-0.047E+00,-0.047E+00,-0.047E+00,-0.188E+00,+1.91E+00,+5.25E+00,-6.85E+00,+0.908E+00
2,03/2/2026,18:42:06.519,+0.000E+00,-0.047E+00,-0.047E+00,-0.188E+00,+2.01E+00,+5.16E+00,-6.88E+00,+0.961E+00
2,03/2/2026,18:42:06.519,-0.047E+00,-0.047E+00,-0.047E+00,-0.188E+00,+2.14E+00,+5.08E+00,-6.91E+00,+1.015E+00
2,03/2/2026,18:42:06.519,-0.047E+00,-0.047E+00,-0.047E+00,-0.188E+00,+2.23E+00,+4.99E+00,-6.93E+00,+1.068E+00
2,03/2/2026,18:42:06.520,-0.047E+00,-0.047E+00,+0.000E+00,-0.188E+00,+2.33E+00,+4.90E+00,-6.96E+00,+1.122E+00
2,03/2/2026,18:42:06.520,-0.047E+00,-0.047E+00,+0.000E+00,-0.188E+00,+2.46E+00,+4.81E+00,-6.99E+00,+1.175E+00
2,03/2/2026,18:42:06.520,-0.047E+00,-0.047E+00,+0.000E+00,-0.188E+00,+2.56E+00,+4.73E+00,-7.00E+00,+1.228E+00
2,03/2/2026,18:42:06.520,-0.047E+00,-0.047E+00,+0.000E+00,-0.188E+00,+2.66E+00,+4.62E+00,-7.02E+00,+1.289E+00
2,03/2/2026,18:42:06.520,-0.047E+00,+0.000E+00,-0.047E+00,-0.188E+00,+2.76E+00,+4.55E+00,-7.03E+00,+1.335E+00
2,03/2/2026,18:42:06.520,-0.047E+00,-0.047E+00,-0.047E+00,-0.188E+00,+2.87E+00,+4.46E+00,-7.05E+00,+1.389E+00
2,03/2/2026,18:42:06.520,-0.047E+00,-0.047E+00,+0.000E+00,-0.188E+00,+2.98E+00,+4.36E+00,-7.07E+00,+1.442E+00
2,03/2/2026,18:42:06.520,-0.047E+00,-0.047E+00,+0.000E+00,-0.188E+00,+3.08E+00,+4.27E+00,-7.08E+00,+1.495E+00
2,03/2/2026,18:42:06.520,-0.047E+00,-0.047E+00,+0.000E+00,-0.188E+00,+3.17E+00,+4.18E+00,-7.11E+00,+1.541E+00
2,03/2/2026,18:42:06.520,+0.000E+00,-0.047E+00,+0.000E+00,-0.188E+00,+3.28E+00,+4.07E+00,-7.13E+00,+1.595E+00
2,03/2/2026,18:42:06.520,-0.047E+00,-0.047E+00,-0.047E+00,-0.188E+00,+3.39E+00,+3.98E+00,-7.13E+00,+1.648E+00
2,03/2/2026,18:42:06.520,-0.047E+00,-0.047E+00,-0.047E+00,-0.188E+00,+3.48E+00,+3.89E+00,-7.14E+00,+1.694E+00
2,03/2/2026,18:42:06.520,-0.047E+00,-0.047E+00,-0.047E+00,-0.188E+00,+3.59E+00,+3.78E+00,-7.16E+00,+1.747E+00
2,03/2/2026,18:42:06.520,-0.047E+00,-0.047E+00,-0.047E+00,-0.188E+00,+3.68E+00,+3.69E+00,-7.17E+00,+1.801E+00
2,03/2/2026,18:42:06.520,-0.047E+00,-0.047E+00,-0.047E+00,-0.188E+00,+3.77E+00,+3.59E+00,-7.17E+00,+1.846E+00
2,03/2/2026,18:42:06.520,-0.047E+00,-0.047E+00,+0.000E+00,-0.188E+00,+3.88E+00,+3.49E+00,-7.19E+00,+1.892E+00
2,03/2/2026,18:42:06.520,-0.047E+00,-0.047E+00,+0.000E+00,-0.188E+00,+3.97E+00,+3.39E+00,-7.20E+00,+1.946E+00
2,03/2/2026,18:42:06.520,-0.047E+00,-0.047E+00,-0.047E+00,-0.188E+00,+4.06E+00,+3.28E+00,-7.20E+00,+1.999E+00
2,03/2/2026,18:42:06.520,+0.000E+00,-0.047E+00,-0.047E+00,-0.188E+00,+4.17E+00,+3.17E+00,-7.22E+00,+2.045E+00
2,03/2/2026,18:42:06.520,-0.047E+00,-0.047E+00,-0.047E+00,-0.188E+00,+4.27E+00,+3.08E+00,-7.22E+00,+2.098E+00
2,03/2/2026,18:42:06.521,-0.047E+00,-0.047E+00,-0.047E+00,-0.188E+00,+4.36E+00,+2.96E+00,-7.23E+00,+2.144E+00
2,03/2/2026,18:42:06.521,-0.047E+00,-0.047E+00,-0.047E+00,-0.188E+00,+4.46E+00,+2.85E+00,-7.23E+00,+2.197E+00
2,03/2/2026,18:42:06.521,-0.047E+00,-0.047E+00,+0.000E+00,-0.188E+00,+4.56E+00,+2.75E+00,-7.25E+00,+2.251E+00
2,03/2/2026,18:42:06.521,-0.047E+00,-0.047E+00,+0.000E+00,-0.188E+00,+4.65E+00,+2.64E+00,-7.25E+00,+2.297E+00
2,03/2/2026,18:42:06.521,-0.047E+00,-0.047E+00,-0.047E+00,-0.188E+00,+4.76E+00,+2.53E+00,-7.25E+00,+2.350E+00
2,03/2/2026,18:42:06.521,-0.047E+00,-0.047E+00,+0.000E+00,-0.188E+00,+4.85E+00,+2.43E+00,-7.26E+00,+2.396E+00
2,03/2/2026,18:42:06.521,-0.047E+00,-0.047E+00,+0.000E+00,-0.188E+00,+4.94E+00,+2.30E+00,-7.26E+00,+2.449E+00
2,03/2/2026,18:42:06.521,-0.047E+00,-0.047E+00,+0.000E+00,-0.188E+00,+5.04E+00,+2.20E+00,-7.26E+00,+2.495E+00
2,03/2/2026,18:42:06.521,-0.047E+00,-0.047E+00,-0.047E+00,-0.235E+00,+5.13E+00,+2.09E+00,-7.26E+00,+2.533E+00
2,03/2/2026,18:42:06.521,+0.000E+00,-0.047E+00,+0.000E+00,-0.188E+00,+5.20E+00,+1.97E+00,-7.26E+00,+2.579E+00
2,03/2/2026,18:42:06.521,+0.000E+00,-0.047E+00,+0.000E+00,-0.188E+00,+5.30E+00,+1.86E+00,-7.26E+00,+2.625E+00
2,03/2/2026,18:42:06.521,-0.047E+00,-0.047E+00,-0.047E+00,-0.188E+00,+5.37E+00,+1.75E+00,-7.26E+00,+2.671E+00
2,03/2/2026,18:42:06.521,-0.047E+00,-0.047E+00,+0.000E+00,-0.188E+00,+5.45E+00,+1.63E+00,-7.26E+00,+2.709E+00
2,03/2/2026,18:42:06.521,+0.000E+00,-0.047E+00,+0.000E+00,-0.188E+00,+5.52E+00,+1.51E+00,-7.25E+00,+2.747E+00
2,03/2/2026,18:42:06.521,-0.047E+00,-0.047E+00,-0.047E+00,-0.188E+00,+5.60E+00,+1.40E+00,-7.23E+00,+2.785E+00
2,03/2/2026,18:42:06.521,-0.047E+00,-0.047E+00,+0.000E+00,-0.188E+00,+5.66E+00,+1.28E+00,-7.20E+00,+2.823E+00
2,03/2/2026,18:42:06.521,+0.000E+00,+0.000E+00,+0.000E+00,-0.188E+00,+5.72E+00,+1.16E+00,-7.17E+00,+2.854E+00
2,03/2/2026,18:42:06.521,+0.000E+00,-0.047E+00,+0.000E+00,-0.188E+00,+5.80E+00,+1.05E+00,-7.13E+00,+2.892E+00
2,03/2/2026,18:42:06.521,-0.047E+00,-0.047E+00,+0.000E+00,-0.188E+00,+5.84E+00,+0.93E+00,-7.07E+00,+2.922E+00
2,03/2/2026,18:42:06.521,-0.047E+00,-0.047E+00,+0.000E+00,-0.188E+00,+5.92E+00,+0.82E+00,-7.00E+00,+2.960E+00
2,03/2/2026,18:42:06.522,+0.000E+00,-0.047E+00,+0.000E+00,-0.188E+00,+5.98E+00,+0.70E+00,-6.94E+00,+2.983E+00
2,03/2/2026,18:42:06.522,-0.047E+00,-0.047E+00,-0.047E+00,-0.188E+00,+6.04E+00,+0.60E+00,-6.88E+00,+3.022E+00
2,03/2/2026,18:42:06.522,-0.047E+00,-0.047E+00,+0.000E+00,-0.188E+00,+6.09E+00,+0.49E+00,-6.82E+00,+3.052E+00
2,03/2/2026,18:42:06.522,-0.047E+00,-0.047E+00,+0.000E+00,-0.188E+00,+6.15E+00,+0.38E+00,-6.76E+00,+3.075E+00
2,03/2/2026,18:42:06.522,-0.047E+00,-0.047E+00,-0.047E+00,-0.188E+00,+6.20E+00,+0.27E+00,-6.70E+00,+3.105E+00
2,03/2/2026,18:42:06.522,-0.047E+00,-0.047E+00,-0.047E+00,-0.188E+00,+6.26E+00,+0.15E+00,-6.64E+00,+3.128E+00
2,03/2/2026,18:42:06.522,-0.047E+00,-0.047E+00,-0.047E+00,-0.188E+00,+6.30E+00,+0.05E+00,-6.59E+00,+3.151E+00
2,03/2/2026,18:42:06.522,-0.047E+00,-0.047E+00,-0.047E+00,-0.188E+00,+6.35E+00,-0.08E+00,-6.53E+00,+3.174E+00
2,03/2/2026,18:42:06.522,-0.047E+00,-0.047E+00,+0.000E+00,-0.188E+00,+6.38E+00,-0.20E+00,-6.47E+00,+3.197E+00
2,03/2/2026,18:42:06.522,+0.000E+00,-0.047E+00,+0.000E+00,-0.188E+00,+6.42E+00,-0.32E+00,-6.41E+00,+3.220E+00
2,03/2/2026,18:42:06.522,-0.047E+00,-0.047E+00,-0.047E+00,-0.188E+00,+6.46E+00,-0.43E+00,-6.35E+00,+3.235E+00
2,03/2/2026,18:42:06.522,-0.047E+00,-0.047E+00,-0.047E+00,-0.188E+00,+6.49E+00,-0.55E+00,-6.27E+00,+3.250E+00
2,03/2/2026,18:42:06.522,+0.000E+00,-0.047E+00,-0.047E+00,-0.188E+00,+6.52E+00,-0.67E+00,-6.20E+00,+3.273E+00
2,03/2/2026,18:42:06.522,-0.047E+00,-0.047E+00,-0.047E+00,-0.188E+00,+6.56E+00,-0.78E+00,-6.12E+00,+3.289E+00
2,03/2/2026,18:42:06.522,-0.047E+00,-0.047E+00,-0.047E+00,-0.188E+00,+6.59E+00,-0.90E+00,-6.03E+00,+3.304E+00
2,03/2/2026,18:42:06.522,-0.047E+00,-0.047E+00,+0.000E+00,-0.188E+00,+6.62E+00,-1.02E+00,-5.95E+00,+3.319E+00
2,03/2/2026,18:42:06.522,-0.047E+00,-0.047E+00,+0.000E+00,-0.188E+00,+6.65E+00,-1.14E+00,-5.86E+00,+3.342E+00
2,03/2/2026,18:42:06.522,-0.047E+00,-0.047E+00,-0.047E+00,-0.188E+00,+6.68E+00,-1.28E+00,-5.78E+00,+3.357E+00
2,03/2/2026,18:42:06.522,+0.000E+00,-0.047E+00,-0.047E+00,-0.188E+00,+6.71E+00,-1.39E+00,-5.69E+00,+3.373E+00
2,03/2/2026,18:42:06.522,-0.047E+00,-0.047E+00,+0.000E+00,-0.188E+00,+6.75E+00,-1.51E+00,-5.62E+00,+3.388E+00
2,03/2/2026,18:42:06.523,-0.047E+00,-0.047E+00,+0.000E+00,-0.188E+00,+6.78E+00,-1.63E+00,-5.55E+00,+3.403E+00
2,03/2/2026,18:42:06.523,-0.047E+00,-0.047E+00,-0.047E+00,-0.188E+00,+6.81E+00,-1.74E+00,-5.46E+00,+3.418E+00
2,03/2/2026,18:42:06.523,-0.047E+00,-0.047E+00,-0.047E+00,-0.188E+00,+6.84E+00,-1.86E+00,-5.39E+00,+3.441E+00
2,03/2/2026,18:42:06.523,+0.000E+00,-0.047E+00,-0.047E+00,-0.188E+00,+6.87E+00,-1.98E+00,-5.31E+00,+3.449E+00
2,03/2/2026,18:42:06.523,-0.047E+00,-0.047E+00,-0.047E+00,-0.188E+00,+6.88E+00,-2.11E+00,-5.22E+00,+3.464E+00
2,03/2/2026,18:42:06.523,-0.047E+00,-0.047E+00,+0.000E+00,-0.188E+00,+6.91E+00,-2.23E+00,-5.14E+00,+3.472E+00
2,03/2/2026,18:42:06.523,-0.047E+00,-0.047E+00,+0.000E+00,-0.188E+00,+6.93E+00,-2.33E+00,-5.04E+00,+3.487E+00
2,03/2/2026,18:42:06.523,-0.047E+00,-0.047E+00,+0.000E+00,-0.188E+00,+6.96E+00,-2.44E+00,-4.96E+00,+3.495E+00
2,03/2/2026,18:42:06.523,-0.047E+00,-0.047E+00,-0.047E+00,-0.188E+00,+6.97E+00,-2.56E+00,-4.87E+00,+3.510E+00
2,03/2/2026,18:42:06.523,-0.047E+00,-0.047E+00,-0.047E+00,-0.188E+00,+6.99E+00,-2.67E+00,-4.78E+00,+3.517E+00
2,03/2/2026,18:42:06.523,+0.000E+00,-0.047E+00,-0.047E+00,-0.188E+00,+7.00E+00,-2.79E+00,-4.70E+00,+3.525E+00
2,03/2/2026,18:42:06.523,+0.000E+00,-0.047E+00,+0.000E+00,-0.188E+00,+7.02E+00,-2.90E+00,-4.61E+00,+3.533E+00
2,03/2/2026,18:42:06.523,-0.047E+00,-0.047E+00,+0.000E+00,-0.188E+00,+7.03E+00,-3.01E+00,-4.50E+00,+3.540E+00
2,03/2/2026,18:42:06.523,-0.047E+00,-0.047E+00,-0.047E+00,-0.188E+00,+7.05E+00,-3.11E+00,-4.43E+00,+3.548E+00
2,03/2/2026,18:42:06.523,-0.047E+00,-0.047E+00,-0.047E+00,-0.188E+00,+7.05E+00,-3.22E+00,-4.33E+00,+3.556E+00
2,03/2/2026,18:42:06.523,-0.047E+00,-0.047E+00,-0.047E+00,-0.188E+00,+7.07E+00,-3.34E+00,-4.24E+00,+3.563E+00
2,03/2/2026,18:42:06.523,-0.047E+00,-0.047E+00,+0.000E+00,-0.188E+00,+7.08E+00,-3.45E+00,-4.15E+00,+3.563E+00
2,03/2/2026,18:42:06.523,-0.047E+00,-0.047E+00,+0.000E+00,-0.188E+00,+7.08E+00,-3.56E+00,-4.06E+00,+3.571E+00
2,03/2/2026,18:42:06.523,-0.047E+00,-0.047E+00,+0.000E+00,-0.188E+00,+7.10E+00,-3.66E+00,-3.97E+00,+3.579E+00
2,03/2/2026,18:42:06.523,-0.047E+00,-0.047E+00,+0.000E+00,-0.188E+00,+7.11E+00,-3.77E+00,-3.86E+00,+3.579E+00
2,03/2/2026,18:42:06.524,-0.047E+00,-0.047E+00,+0.000E+00,-0.188E+00,+7.11E+00,-3.88E+00,-3.77E+00,+3.586E+00
2,03/2/2026,18:42:06.524,-0.047E+00,-0.047E+00,+0.000E+00,-0.188E+00,+7.11E+00,-3.98E+00,-3.68E+00,+3.586E+00
2,03/2/2026,18:42:06.524,-0.047E+00,-0.047E+00,-0.047E+00,-0.188E+00,+7.11E+00,-4.09E+00,-3.59E+00,+3.586E+00
2,03/2/2026,18:42:06.524,-0.047E+00,-0.047E+00,-0.047E+00,-0.235E+00,+7.13E+00,-4.18E+00,-3.48E+00,+3.594E+00
2,03/2/2026,18:42:06.524,-0.047E+00,-0.047E+00,+0.000E+00,-0.188E+00,+7.13E+00,-4.29E+00,-3.39E+00,+3.594E+00
2,03/2/2026,18:42:06.524,-0.047E+00,-0.047E+00,+0.000E+00,-0.188E+00,+7.13E+00,-4.39E+00,-3.28E+00,+3.594E+00
2,03/2/2026,18:42:06.524,+0.000E+00,-0.047E+00,+0.000E+00,-0.141E+00,+7.13E+00,-4.50E+00,-3.17E+00,+3.594E+00
2,03/2/2026,18:42:06.524,-0.047E+00,-0.047E+00,+0.000E+00,-0.188E+00,+7.13E+00,-4.61E+00,-3.07E+00,+3.594E+00
2,03/2/2026,18:42:06.524,-0.047E+00,-0.047E+00,+0.000E+00,-0.188E+00,+7.13E+00,-4.72E+00,-2.98E+00,+3.594E+00
2,03/2/2026,18:42:06.524,+0.000E+00,-0.047E+00,+0.000E+00,-0.188E+00,+7.11E+00,-4.81E+00,-2.87E+00,+3.594E+00
2,03/2/2026,18:42:06.524,-0.047E+00,-0.047E+00,+0.000E+00,-0.188E+00,+7.11E+00,-4.90E+00,-2.76E+00,+3.594E+00
2,03/2/2026,18:42:06.524,-0.047E+00,-0.047E+00,+0.000E+00,-0.188E+00,+7.11E+00,-5.01E+00,-2.66E+00,+3.594E+00
2,03/2/2026,18:42:06.524,-0.047E+00,-0.047E+00,+0.000E+00,-0.188E+00,+7.11E+00,-5.11E+00,-2.55E+00,+3.586E+00
2,03/2/2026,18:42:06.524,-0.047E+00,-0.047E+00,+0.000E+00,-0.188E+00,+7.11E+00,-5.20E+00,-2.44E+00,+3.586E+00
2,03/2/2026,18:42:06.524,-0.047E+00,-0.047E+00,+0.000E+00,-0.188E+00,+7.10E+00,-5.30E+00,-2.33E+00,+3.586E+00
2,03/2/2026,18:42:06.524,-0.047E+00,-0.047E+00,+0.000E+00,-0.188E+00,+7.10E+00,-5.39E+00,-2.24E+00,+3.579E+00
2,03/2/2026,18:42:06.524,-0.047E+00,-0.047E+00,+0.000E+00,-0.188E+00,+7.08E+00,-5.48E+00,-2.14E+00,+3.571E+00
2,03/2/2026,18:42:06.524,-0.047E+00,-0.047E+00,-0.047E+00,-0.188E+00,+7.07E+00,-5.57E+00,-2.03E+00,+3.563E+00
2,03/2/2026,18:42:06.524,-0.047E+00,-0.047E+00,-0.047E+00,-0.188E+00,+7.05E+00,-5.66E+00,-1.92E+00,+3.548E+00
2,03/2/2026,18:42:06.524,-0.047E+00,-0.047E+00,-0.047E+00,-0.188E+00,+7.02E+00,-5.74E+00,-1.82E+00,+3.540E+00
2,03/2/2026,18:42:06.525,-0.047E+00,-0.047E+00,+0.000E+00,-0.188E+00,+6.99E+00,-5.81E+00,-1.71E+00,+3.525E+00
2,03/2/2026,18:42:06.525,-0.047E+00,-0.047E+00,-0.047E+00,-0.188E+00,+6.96E+00,-5.89E+00,-1.59E+00,+3.510E+00
2,03/2/2026,18:42:06.525,-0.047E+00,-0.047E+00,-0.047E+00,-0.188E+00,+6.93E+00,-5.97E+00,-1.48E+00,+3.487E+00
2,03/2/2026,18:42:06.525,-0.047E+00,-0.047E+00,-0.047E+00,-0.188E+00,+6.88E+00,-6.03E+00,-1.37E+00,+3.472E+00
2,03/2/2026,18:42:06.525,+0.000E+00,-0.047E+00,-0.047E+00,-0.188E+00,+6.84E+00,-6.09E+00,-1.27E+00,+3.449E+00
2,03/2/2026,18:42:06.525,-0.047E+00,-0.047E+00,-0.047E+00,-0.188E+00,+6.79E+00,-6.17E+00,-1.14E+00,+3.426E+00
2,03/2/2026,18:42:06.525,-0.047E+00,-0.047E+00,-0.047E+00,-0.188E+00,+6.75E+00,-6.23E+00,-1.04E+00,+3.403E+00
2,03/2/2026,18:42:06.525,-0.047E+00,-0.047E+00,+0.000E+00,-0.188E+00,+6.70E+00,-6.29E+00,-0.93E+00,+3.373E+00
2,03/2/2026,18:42:06.525,-0.047E+00,-0.047E+00,+0.000E+00,-0.188E+00,+6.64E+00,-6.35E+00,-0.82E+00,+3.350E+00
2,03/2/2026,18:42:06.525,-0.047E+00,-0.047E+00,+0.000E+00,-0.188E+00,+6.58E+00,-6.41E+00,-0.72E+00,+3.319E+00
2,03/2/2026,18:42:06.525,+0.000E+00,-0.047E+00,-0.047E+00,-0.188E+00,+6.52E+00,-6.47E+00,-0.60E+00,+3.289E+00
2,03/2/2026,18:42:06.525,+0.000E+00,-0.047E+00,-0.047E+00,-0.188E+00,+6.47E+00,-6.53E+00,-0.49E+00,+3.258E+00
2,03/2/2026,18:42:06.525,-0.047E+00,-0.047E+00,-0.047E+00,-0.188E+00,+6.39E+00,-6.58E+00,-0.37E+00,+3.228E+00
2,03/2/2026,18:42:06.525,-0.047E+00,-0.047E+00,+0.000E+00,-0.188E+00,+6.33E+00,-6.64E+00,-0.26E+00,+3.189E+00
2,03/2/2026,18:42:06.525,-0.047E+00,-0.047E+00,+0.000E+00,-0.188E+00,+6.26E+00,-6.70E+00,-0.15E+00,+3.159E+00
2,03/2/2026,18:42:06.525,-0.047E+00,-0.047E+00,+0.000E+00,-0.188E+00,+6.18E+00,-6.75E+00,-0.03E+00,+3.121E+00
2,03/2/2026,18:42:06.525,+0.000E+00,-0.047E+00,+0.000E+00,-0.188E+00,+6.12E+00,-6.81E+00,+0.08E+00,+3.090E+00
2,03/2/2026,18:42:06.525,-0.047E+00,-0.047E+00,+0.000E+00,-0.188E+00,+6.04E+00,-6.85E+00,+0.18E+00,+3.052E+00
2,03/2/2026,18:42:06.525,-0.047E+00,-0.047E+00,-0.047E+00,-0.188E+00,+5.95E+00,-6.90E+00,+0.31E+00,+3.006E+00
2,03/2/2026,18:42:06.525,+0.000E+00,-0.047E+00,-0.047E+00,-0.188E+00,+5.88E+00,-6.94E+00,+0.41E+00,+2.968E+00
2,03/2/2026,18:42:06.526,+0.000E+00,-0.047E+00,-0.047E+00,-0.188E+00,+5.80E+00,-6.97E+00,+0.53E+00,+2.930E+00
2,03/2/2026,18:42:06.526,-0.047E+00,-0.047E+00,+0.000E+00,-0.188E+00,+5.72E+00,-7.02E+00,+0.66E+00,+2.892E+00
2,03/2/2026,18:42:06.526,-0.047E+00,-0.047E+00,+0.000E+00,-0.188E+00,+5.63E+00,-7.07E+00,+0.76E+00,+2.854E+00
2,03/2/2026,18:42:06.526,+0.000E+00,-0.047E+00,-0.047E+00,-0.188E+00,+5.55E+00,-7.10E+00,+0.89E+00,+2.816E+00
2,03/2/2026,18:42:06.526,-0.047E+00,-0.047E+00,-0.047E+00,-0.188E+00,+5.48E+00,-7.13E+00,+1.01E+00,+2.770E+00
2,03/2/2026,18:42:06.526,-0.047E+00,-0.047E+00,-0.047E+00,-0.188E+00,+5.39E+00,-7.16E+00,+1.11E+00,+2.732E+00
2,03/2/2026,18:42:06.526,+0.000E+00,-0.047E+00,-0.047E+00,-0.188E+00,+5.31E+00,-7.19E+00,+1.24E+00,+2.686E+00
2,03/2/2026,18:42:06.526,-0.047E+00,+0.000E+00,+0.000E+00,-0.188E+00,+5.22E+00,-7.23E+00,+1.36E+00,+2.648E+00
2,03/2/2026,18:42:06.526,-0.047E+00,-0.047E+00,+0.000E+00,-0.188E+00,+5.14E+00,-7.25E+00,+1.46E+00,+2.609E+00
2,03/2/2026,18:42:06.526,-0.047E+00,-0.047E+00,-0.047E+00,-0.188E+00,+5.05E+00,-7.28E+00,+1.57E+00,+2.564E+00
2,03/2/2026,18:42:06.526,-0.047E+00,-0.047E+00,-0.047E+00,-0.188E+00,+4.97E+00,-7.31E+00,+1.69E+00,+2.518E+00
2,03/2/2026,18:42:06.526,-0.047E+00,-0.047E+00,+0.000E+00,-0.235E+00,+4.88E+00,-7.34E+00,+1.80E+00,+2.480E+00
2,03/2/2026,18:42:06.526,+0.000E+00,-0.047E+00,+0.000E+00,-0.188E+00,+4.81E+00,-7.36E+00,+1.91E+00,+2.442E+00
2,03/2/2026,18:42:06.526,-0.047E+00,-0.047E+00,+0.000E+00,-0.188E+00,+4.72E+00,-7.39E+00,+2.03E+00,+2.396E+00
2,03/2/2026,18:42:06.526,-0.047E+00,-0.047E+00,-0.047E+00,-0.188E+00,+4.62E+00,-7.40E+00,+2.14E+00,+2.350E+00
2,03/2/2026,18:42:06.526,-0.047E+00,-0.047E+00,-0.047E+00,-0.188E+00,+4.55E+00,-7.43E+00,+2.24E+00,+2.304E+00
2,03/2/2026,18:42:06.526,-0.047E+00,-0.047E+00,-0.047E+00,-0.188E+00,+4.46E+00,-7.45E+00,+2.35E+00,+2.266E+00
2,03/2/2026,18:42:06.526,-0.047E+00,-0.047E+00,-0.047E+00,-0.188E+00,+4.36E+00,-7.48E+00,+2.46E+00,+2.220E+00
2,03/2/2026,18:42:06.526,-0.047E+00,-0.047E+00,+0.000E+00,-0.188E+00,+4.26E+00,-7.49E+00,+2.56E+00,+2.175E+00
2,03/2/2026,18:42:06.526,-0.047E+00,-0.047E+00,+0.000E+00,-0.188E+00,+4.17E+00,-7.49E+00,+2.67E+00,+2.129E+00
2,03/2/2026,18:42:06.527,-0.047E+00,-0.047E+00,-0.047E+00,-0.188E+00,+4.09E+00,-7.51E+00,+2.78E+00,+2.083E+00
2,03/2/2026,18:42:06.527,-0.047E+00,-0.047E+00,-0.047E+00,-0.188E+00,+4.00E+00,-7.52E+00,+2.88E+00,+2.037E+00
2,03/2/2026,18:42:06.527,-0.047E+00,-0.047E+00,+0.000E+00,-0.188E+00,+3.91E+00,-7.54E+00,+2.99E+00,+1.991E+00
2,03/2/2026,18:42:06.527,-0.047E+00,-0.047E+00,+0.000E+00,-0.188E+00,+3.82E+00,-7.55E+00,+3.08E+00,+1.946E+00
2,03/2/2026,18:42:06.527,-0.047E+00,-0.047E+00,+0.000E+00,-0.188E+00,+3.72E+00,-7.57E+00,+3.19E+00,+1.900E+00
2,03/2/2026,18:42:06.527,-0.047E+00,-0.047E+00,+0.000E+00,-0.188E+00,+3.63E+00,-7.58E+00,+3.30E+00,+1.854E+00
2,03/2/2026,18:42:06.527,-0.047E+00,-0.047E+00,+0.000E+00,-0.188E+00,+3.53E+00,-7.58E+00,+3.40E+00,+1.808E+00
2,03/2/2026,18:42:06.527,-0.047E+00,-0.047E+00,+0.000E+00,-0.188E+00,+3.43E+00,-7.58E+00,+3.51E+00,+1.763E+00
2,03/2/2026,18:42:06.527,-0.047E+00,-0.047E+00,-0.047E+00,-0.188E+00,+3.34E+00,-7.60E+00,+3.60E+00,+1.709E+00
2,03/2/2026,18:42:06.527,-0.047E+00,-0.047E+00,-0.047E+00,-0.188E+00,+3.24E+00,-7.61E+00,+3.71E+00,+1.663E+00
2,03/2/2026,18:42:06.527,-0.047E+00,-0.047E+00,+0.000E+00,-0.188E+00,+3.14E+00,-7.61E+00,+3.80E+00,+1.618E+00
2,03/2/2026,18:42:06.527,-0.047E+00,-0.047E+00,+0.000E+00,-0.188E+00,+3.04E+00,-7.63E+00,+3.91E+00,+1.564E+00
2,03/2/2026,18:42:06.527,-0.047E+00,-0.047E+00,-0.047E+00,-0.188E+00,+2.93E+00,-7.63E+00,+4.00E+00,+1.511E+00
2,03/2/2026,18:42:06.527,-0.047E+00,-0.047E+00,-0.047E+00,-0.188E+00,+2.82E+00,-7.63E+00,+4.10E+00,+1.465E+00
2,03/2/2026,18:42:06.527,-0.047E+00,-0.047E+00,-0.047E+00,-0.188E+00,+2.73E+00,-7.63E+00,+4.20E+00,+1.412E+00
2,03/2/2026,18:42:06.527,-0.047E+00,-0.047E+00,-0.047E+00,-0.188E+00,+2.61E+00,-7.63E+00,+4.30E+00,+1.358E+00
2,03/2/2026,18:42:06.527,-0.047E+00,-0.047E+00,-0.047E+00,-0.188E+00,+2.50E+00,-7.65E+00,+4.39E+00,+1.305E+00
2,03/2/2026,18:42:06.527,+0.000E+00,-0.047E+00,-0.047E+00,-0.188E+00,+2.41E+00,-7.65E+00,+4.50E+00,+1.251E+00
2,03/2/2026,18:42:06.527,-0.047E+00,-0.047E+00,+0.000E+00,-0.188E+00,+2.30E+00,-7.65E+00,+4.59E+00,+1.198E+00
2,03/2/2026,18:42:06.527,-0.047E+00,-0.047E+00,+0.000E+00,-0.188E+00,+2.20E+00,-7.65E+00,+4.70E+00,+1.152E+00
2,03/2/2026,18:42:06.528,+0.000E+00,-0.047E+00,-0.047E+00,-0.188E+00,+2.09E+00,-7.63E+00,+4.79E+00,+1.099E+00
2,03/2/2026,18:42:06.528,-0.047E+00,-0.047E+00,-0.047E+00,-0.188E+00,+1.98E+00,-7.63E+00,+4.88E+00,+1.045E+00
2,03/2/2026,18:42:06.528,-0.047E+00,-0.047E+00,+0.000E+00,-0.188E+00,+1.88E+00,-7.61E+00,+4.97E+00,+1.000E+00
2,03/2/2026,18:42:06.528,+0.000E+00,-0.047E+00,+0.000E+00,-0.188E+00,+1.77E+00,-7.60E+00,+5.05E+00,+0.946E+00
2,03/2/2026,18:42:06.528,-0.047E+00,-0.047E+00,+0.000E+00,-0.188E+00,+1.66E+00,-7.58E+00,+5.13E+00,+0.893E+00
2,03/2/2026,18:42:06.528,-0.047E+00,-0.047E+00,-0.047E+00,-0.188E+00,+1.56E+00,-7.57E+00,+5.20E+00,+0.839E+00
2,03/2/2026,18:42:06.528,-0.047E+00,-0.047E+00,-0.047E+00,-0.188E+00,+1.45E+00,-7.54E+00,+5.28E+00,+0.786E+00
2,03/2/2026,18:42:06.528,-0.047E+00,-0.047E+00,+0.000E+00,-0.188E+00,+1.33E+00,-7.51E+00,+5.36E+00,+0.732E+00
2,03/2/2026,18:42:06.528,-0.047E+00,-0.047E+00,-0.047E+00,-0.188E+00,+1.22E+00,-7.46E+00,+5.42E+00,+0.679E+00
2,03/2/2026,18:42:06.528,+0.000E+00,-0.047E+00,-0.047E+00,-0.188E+00,+1.11E+00,-7.42E+00,+5.49E+00,+0.626E+00
2,03/2/2026,18:42:06.528,-0.047E+00,-0.047E+00,+0.000E+00,-0.188E+00,+1.01E+00,-7.39E+00,+5.55E+00,+0.565E+00
2,03/2/2026,18:42:06.528,-0.047E+00,-0.047E+00,+0.000E+00,-0.188E+00,+0.89E+00,-7.34E+00,+5.62E+00,+0.511E+00
2,03/2/2026,18:42:06.528,+0.000E+00,-0.047E+00,+0.000E+00,-0.188E+00,+0.78E+00,-7.28E+00,+5.68E+00,+0.458E+00
2,03/2/2026,18:42:06.528,-0.047E+00,-0.047E+00,-0.047E+00,-0.188E+00,+0.67E+00,-7.23E+00,+5.74E+00,+0.397E+00
2,03/2/2026,18:42:06.528,-0.047E+00,-0.047E+00,+0.000E+00,-0.188E+00,+0.55E+00,-7.17E+00,+5.80E+00,+0.343E+00
2,03/2/2026,18:42:06.528,+0.000E+00,-0.047E+00,-0.047E+00,-0.188E+00,+0.43E+00,-7.13E+00,+5.86E+00,+0.290E+00
2,03/2/2026,18:42:06.528,-0.047E+00,-0.047E+00,-0.047E+00,-0.188E+00,+0.31E+00,-7.05E+00,+5.91E+00,+0.229E+00
2,03/2/2026,18:42:06.528,-0.047E+00,-0.047E+00,+0.000E+00,-0.188E+00,+0.20E+00,-6.99E+00,+5.95E+00,+0.168E+00
2,03/2/2026,18:42:06.528,+0.000E+00,-0.047E+00,+0.000E+00,-0.188E+00,+0.08E+00,-6.91E+00,+6.01E+00,+0.114E+00
2,03/2/2026,18:42:06.528,-0.047E+00,-0.047E+00,-0.047E+00,-0.188E+00,-0.03E+00,-6.84E+00,+6.06E+00,+0.061E+00
2,03/2/2026,18:42:06.529,-0.047E+00,-0.047E+00,-0.047E+00,-0.188E+00,-0.14E+00,-6.76E+00,+6.12E+00,+0.000E+00
2,03/2/2026,18:42:06.529,-0.047E+00,-0.047E+00,+0.000E+00,-0.188E+00,-0.26E+00,-6.68E+00,+6.17E+00,-0.061E+00
2,03/2/2026,18:42:06.529,-0.047E+00,-0.047E+00,-0.047E+00,-0.188E+00,-0.37E+00,-6.61E+00,+6.21E+00,-0.114E+00
2,03/2/2026,18:42:06.529,-0.047E+00,-0.047E+00,-0.047E+00,-0.188E+00,-0.47E+00,-6.53E+00,+6.27E+00,-0.168E+00
2,03/2/2026,18:42:06.529,-0.047E+00,-0.047E+00,+0.000E+00,-0.188E+00,-0.60E+00,-6.46E+00,+6.32E+00,-0.221E+00
2,03/2/2026,18:42:06.529,-0.047E+00,-0.047E+00,+0.000E+00,-0.188E+00,-0.70E+00,-6.38E+00,+6.36E+00,-0.282E+00
2,03/2/2026,18:42:06.529,-0.047E+00,-0.047E+00,-0.047E+00,-0.235E+00,-0.82E+00,-6.30E+00,+6.41E+00,-0.343E+00
2,03/2/2026,18:42:06.529,+0.000E+00,-0.047E+00,-0.047E+00,-0.188E+00,-0.93E+00,-6.21E+00,+6.46E+00,-0.397E+00
2,03/2/2026,18:42:06.529,-0.047E+00,-0.047E+00,-0.047E+00,-0.188E+00,-1.05E+00,-6.12E+00,+6.49E+00,-0.458E+00
2,03/2/2026,18:42:06.529,-0.047E+00,-0.047E+00,-0.047E+00,-0.188E+00,-1.18E+00,-6.04E+00,+6.53E+00,-0.511E+00
2,03/2/2026,18:42:06.529,-0.047E+00,-0.047E+00,-0.047E+00,-0.188E+00,-1.28E+00,-5.95E+00,+6.56E+00,-0.572E+00
2,03/2/2026,18:42:06.529,-0.047E+00,-0.047E+00,+0.000E+00,-0.188E+00,-1.40E+00,-5.88E+00,+6.61E+00,-0.626E+00
2,03/2/2026,18:42:06.529,-0.047E+00,-0.047E+00,+0.000E+00,-0.188E+00,-1.51E+00,-5.78E+00,+6.64E+00,-0.687E+00
2,03/2/2026,18:42:06.529,-0.047E+00,-0.047E+00,+0.000E+00,-0.188E+00,-1.62E+00,-5.71E+00,+6.68E+00,-0.740E+00
2,03/2/2026,18:42:06.529,-0.047E+00,-0.047E+00,-0.047E+00,-0.188E+00,-1.74E+00,-5.62E+00,+6.71E+00,-0.801E+00
2,03/2/2026,18:42:06.529,-0.047E+00,-0.047E+00,-0.047E+00,-0.188E+00,-1.85E+00,-5.52E+00,+6.75E+00,-0.855E+00
2,03/2/2026,18:42:06.529,-0.047E+00,-0.047E+00,-0.047E+00,-0.188E+00,-1.95E+00,-5.45E+00,+6.78E+00,-0.908E+00
2,03/2/2026,18:42:06.529,-0.047E+00,-0.047E+00,-0.047E+00,-0.188E+00,-2.06E+00,-5.36E+00,+6.79E+00,-0.969E+00
2,03/2/2026,18:42:06.529,-0.047E+00,-0.047E+00,+0.000E+00,-0.188E+00,-2.17E+00,-5.26E+00,+6.82E+00,-1.022E+00
2,03/2/2026,18:42:06.529,+0.000E+00,-0.047E+00,+0.000E+00,-0.188E+00,-2.27E+00,-5.19E+00,+6.84E+00,-1.076E+00
2,03/2/2026,18:42:06.530,+0.000E+00,-0.047E+00,-0.047E+00,-0.188E+00,-2.38E+00,-5.10E+00,+6.87E+00,-1.129E+00
2,03/2/2026,18:42:06.530,-0.047E+00,-0.047E+00,-0.047E+00,-0.188E+00,-2.49E+00,-5.01E+00,+6.88E+00,-1.183E+00
2,03/2/2026,18:42:06.530,-0.047E+00,-0.047E+00,-0.047E+00,-0.188E+00,-2.59E+00,-4.91E+00,+6.90E+00,-1.236E+00
2,03/2/2026,18:42:06.530,-0.047E+00,-0.047E+00,-0.047E+00,-0.188E+00,-2.70E+00,-4.82E+00,+6.93E+00,-1.289E+00
2,03/2/2026,18:42:06.530,-0.047E+00,-0.047E+00,-0.047E+00,-0.188E+00,-2.81E+00,-4.73E+00,+6.94E+00,-1.335E+00
2,03/2/2026,18:42:06.530,-0.047E+00,-0.047E+00,-0.047E+00,-0.188E+00,-2.90E+00,-4.65E+00,+6.96E+00,-1.389E+00
2,03/2/2026,18:42:06.530,-0.047E+00,-0.047E+00,+0.000E+00,-0.188E+00,-3.01E+00,-4.56E+00,+6.97E+00,-1.442E+00
2,03/2/2026,18:42:06.530,-0.047E+00,-0.047E+00,+0.000E+00,-0.188E+00,-3.11E+00,-4.47E+00,+6.99E+00,-1.495E+00
2,03/2/2026,18:42:06.530,-0.047E+00,-0.047E+00,-0.047E+00,-0.188E+00,-3.22E+00,-4.36E+00,+7.00E+00,-1.549E+00
2,03/2/2026,18:42:06.530,-0.047E+00,-0.047E+00,-0.047E+00,-0.188E+00,-3.31E+00,-4.27E+00,+7.02E+00,-1.595E+00
2,03/2/2026,18:42:06.530,-0.047E+00,-0.047E+00,-0.047E+00,-0.188E+00,-3.40E+00,-4.18E+00,+7.03E+00,-1.648E+00
2,03/2/2026,18:42:06.530,-0.047E+00,-0.047E+00,-0.047E+00,-0.188E+00,-3.51E+00,-4.07E+00,+7.05E+00,-1.694E+00
2,03/2/2026,18:42:06.530,-0.047E+00,-0.047E+00,-0.047E+00,-0.188E+00,-3.62E+00,-3.98E+00,+7.05E+00,-1.747E+00
2,03/2/2026,18:42:06.530,-0.047E+00,-0.047E+00,+0.000E+00,-0.188E+00,-3.71E+00,-3.89E+00,+7.07E+00,-1.801E+00
2,03/2/2026,18:42:06.530,+0.000E+00,-0.047E+00,-0.047E+00,-0.188E+00,-3.82E+00,-3.78E+00,+7.08E+00,-1.846E+00
2,03/2/2026,18:42:06.530,+0.000E+00,-0.047E+00,-0.047E+00,-0.188E+00,-3.91E+00,-3.68E+00,+7.10E+00,-1.900E+00
2,03/2/2026,18:42:06.530,-0.047E+00,-0.047E+00,+0.000E+00,-0.188E+00,-4.00E+00,-3.59E+00,+7.10E+00,-1.946E+00
2,03/2/2026,18:42:06.530,-0.047E+00,-0.047E+00,-0.047E+00,-0.188E+00,-4.10E+00,-3.48E+00,+7.11E+00,-1.999E+00
2,03/2/2026,18:42:06.530,-0.047E+00,-0.047E+00,-0.047E+00,-0.188E+00,-4.21E+00,-3.37E+00,+7.11E+00,-2.045E+00
2,03/2/2026,18:42:06.530,-0.047E+00,-0.047E+00,+0.000E+00,-0.188E+00,-4.30E+00,-3.27E+00,+7.13E+00,-2.098E+00
2,03/2/2026,18:42:06.531,-0.047E+00,-0.047E+00,+0.000E+00,-0.188E+00,-4.39E+00,-3.16E+00,+7.13E+00,-2.144E+00
2,03/2/2026,18:42:06.531,-0.047E+00,-0.047E+00,+0.000E+00,-0.188E+00,-4.50E+00,-3.05E+00,+7.14E+00,-2.197E+00
2,03/2/2026,18:42:06.531,-0.047E+00,-0.047E+00,+0.000E+00,-0.188E+00,-4.59E+00,-2.95E+00,+7.14E+00,-2.243E+00
2,03/2/2026,18:42:06.531,-0.047E+00,-0.047E+00,-0.047E+00,-0.188E+00,-4.68E+00,-2.84E+00,+7.14E+00,-2.297E+00
2,03/2/2026,18:42:06.531,-0.047E+00,-0.047E+00,-0.047E+00,-0.188E+00,-4.79E+00,-2.73E+00,+7.16E+00,-2.350E+00
2,03/2/2026,18:42:06.531,-0.047E+00,-0.047E+00,+0.000E+00,-0.188E+00,-4.88E+00,-2.61E+00,+7.16E+00,-2.396E+00
2,03/2/2026,18:42:06.531,-0.047E+00,-0.047E+00,+0.000E+00,-0.188E+00,-4.97E+00,-2.50E+00,+7.17E+00,-2.442E+00
2,03/2/2026,18:42:06.531,-0.047E+00,-0.047E+00,+0.000E+00,-0.188E+00,-5.07E+00,-2.40E+00,+7.17E+00,-2.487E+00
2,03/2/2026,18:42:06.531,-0.047E+00,-0.047E+00,+0.000E+00,-0.188E+00,-5.16E+00,-2.29E+00,+7.17E+00,-2.533E+00
2,03/2/2026,18:42:06.531,-0.047E+00,-0.047E+00,+0.000E+00,-0.188E+00,-5.23E+00,-2.17E+00,+7.17E+00,-2.579E+00
2,03/2/2026,18:42:06.531,-0.047E+00,-0.047E+00,+0.000E+00,-0.188E+00,-5.33E+00,-2.06E+00,+7.17E+00,-2.625E+00
2,03/2/2026,18:42:06.531,-0.047E+00,-0.047E+00,-0.047E+00,-0.188E+00,-5.40E+00,-1.95E+00,+7.17E+00,-2.671E+00
2,03/2/2026,18:42:06.531,+0.000E+00,-0.047E+00,-0.047E+00,-0.188E+00,-5.48E+00,-1.83E+00,+7.16E+00,-2.709E+00
2,03/2/2026,18:42:06.531,-0.047E+00,-0.047E+00,-0.047E+00,-0.188E+00,-5.55E+00,-1.72E+00,+7.14E+00,-2.747E+00
2,03/2/2026,18:42:06.531,-0.047E+00,-0.047E+00,-0.047E+00,-0.188E+00,-5.63E+00,-1.60E+00,+7.13E+00,-2.793E+00
2,03/2/2026,18:42:06.531,-0.047E+00,-0.047E+00,+0.000E+00,-0.188E+00,-5.69E+00,-1.48E+00,+7.10E+00,-2.823E+00
2,03/2/2026,18:42:06.531,-0.047E+00,-0.047E+00,+0.000E+00,-0.188E+00,-5.77E+00,-1.37E+00,+7.07E+00,-2.861E+00
2,03/2/2026,18:42:06.531,+0.000E+00,-0.047E+00,+0.000E+00,-0.188E+00,-5.83E+00,-1.25E+00,+7.02E+00,-2.899E+00
2,03/2/2026,18:42:06.531,-0.047E+00,-0.047E+00,+0.000E+00,-0.188E+00,-5.89E+00,-1.13E+00,+6.97E+00,-2.930E+00
2,03/2/2026,18:42:06.531,-0.047E+00,-0.047E+00,-0.047E+00,-0.188E+00,-5.95E+00,-1.02E+00,+6.91E+00,-2.960E+00
2,03/2/2026,18:42:06.532,-0.047E+00,-0.047E+00,-0.047E+00,-0.188E+00,-6.01E+00,-0.92E+00,+6.85E+00,-2.991E+00
2,03/2/2026,18:42:06.532,-0.047E+00,-0.047E+00,+0.000E+00,-0.188E+00,-6.07E+00,-0.81E+00,+6.79E+00,-3.022E+00
2,03/2/2026,18:42:06.532,-0.047E+00,-0.047E+00,-0.047E+00,-0.188E+00,-6.13E+00,-0.70E+00,+6.71E+00,-3.052E+00
2,03/2/2026,18:42:06.532,-0.047E+00,-0.047E+00,-0.047E+00,-0.188E+00,-6.20E+00,-0.60E+00,+6.67E+00,-3.083E+00
2,03/2/2026,18:42:06.532,-0.047E+00,-0.047E+00,+0.000E+00,-0.188E+00,-6.24E+00,-0.49E+00,+6.61E+00,-3.105E+00
2,03/2/2026,18:42:06.532,-0.047E+00,-0.047E+00,+0.000E+00,-0.188E+00,-6.29E+00,-0.37E+00,+6.55E+00,-3.136E+00
2,03/2/2026,18:42:06.532,-0.047E+00,-0.047E+00,-0.047E+00,-0.188E+00,-6.33E+00,-0.26E+00,+6.50E+00,-3.151E+00
2,03/2/2026,18:42:06.532,-0.047E+00,-0.047E+00,-0.047E+00,-0.188E+00,-6.38E+00,-0.14E+00,+6.44E+00,-3.182E+00
2,03/2/2026,18:42:06.532,-0.047E+00,-0.047E+00,+0.000E+00,-0.235E+00,-6.41E+00,-0.02E+00,+6.38E+00,-3.205E+00
2,03/2/2026,18:42:06.532,-0.047E+00,-0.047E+00,+0.000E+00,-0.188E+00,-6.46E+00,+0.11E+00,+6.32E+00,-3.220E+00
2,03/2/2026,18:42:06.532,-0.047E+00,-0.047E+00,+0.000E+00,-0.188E+00,-6.49E+00,+0.21E+00,+6.26E+00,-3.235E+00
2,03/2/2026,18:42:06.532,-0.047E+00,-0.047E+00,+0.000E+00,-0.188E+00,-6.53E+00,+0.34E+00,+6.18E+00,-3.258E+00
2,03/2/2026,18:42:06.532,-0.047E+00,-0.047E+00,+0.000E+00,-0.188E+00,-6.56E+00,+0.46E+00,+6.10E+00,-3.273E+00
2,03/2/2026,18:42:06.532,-0.047E+00,-0.047E+00,+0.000E+00,-0.188E+00,-6.59E+00,+0.58E+00,+6.01E+00,-3.296E+00
2,03/2/2026,18:42:06.532,-0.047E+00,-0.047E+00,-0.047E+00,-0.188E+00,-6.62E+00,+0.69E+00,+5.94E+00,-3.311E+00
2,03/2/2026,18:42:06.532,+0.000E+00,-0.047E+00,+0.000E+00,-0.188E+00,-6.65E+00,+0.81E+00,+5.86E+00,-3.327E+00
2,03/2/2026,18:42:06.532,-0.047E+00,-0.047E+00,+0.000E+00,-0.188E+00,-6.68E+00,+0.93E+00,+5.77E+00,-3.342E+00
2,03/2/2026,18:42:06.532,-0.047E+00,-0.047E+00,-0.047E+00,-0.188E+00,-6.71E+00,+1.04E+00,+5.69E+00,-3.365E+00
2,03/2/2026,18:42:06.532,+0.000E+00,-0.047E+00,+0.000E+00,-0.188E+00,-6.75E+00,+1.16E+00,+5.62E+00,-3.373E+00
2,03/2/2026,18:42:06.532,-0.047E+00,-0.047E+00,+0.000E+00,-0.188E+00,-6.78E+00,+1.28E+00,+5.52E+00,-3.388E+00
2,03/2/2026,18:42:06.533,-0.047E+00,-0.047E+00,+0.000E+00,-0.188E+00,-6.82E+00,+1.40E+00,+5.45E+00,-3.411E+00
2,03/2/2026,18:42:06.533,+0.000E+00,-0.047E+00,-0.047E+00,-0.188E+00,-6.85E+00,+1.53E+00,+5.37E+00,-3.426E+00
2,03/2/2026,18:42:06.533,-0.047E+00,-0.047E+00,+0.000E+00,-0.188E+00,-6.88E+00,+1.65E+00,+5.30E+00,-3.441E+00
2,03/2/2026,18:42:06.533,-0.047E+00,-0.047E+00,-0.047E+00,-0.188E+00,-6.90E+00,+1.75E+00,+5.22E+00,-3.456E+00
2,03/2/2026,18:42:06.533,-0.047E+00,-0.047E+00,-0.047E+00,-0.188E+00,-6.93E+00,+1.88E+00,+5.13E+00,-3.472E+00
2,03/2/2026,18:42:06.533,-0.047E+00,-0.047E+00,+0.000E+00,-0.188E+00,-6.94E+00,+2.00E+00,+5.04E+00,-3.479E+00
2,03/2/2026,18:42:06.533,-0.047E+00,-0.047E+00,+0.000E+00,-0.188E+00,-6.97E+00,+2.12E+00,+4.96E+00,-3.495E+00
2,03/2/2026,18:42:06.533,-0.047E+00,-0.047E+00,-0.047E+00,-0.188E+00,-6.99E+00,+2.23E+00,+4.87E+00,-3.502E+00
2,03/2/2026,18:42:06.533,-0.047E+00,-0.047E+00,-0.047E+00,-0.188E+00,-7.00E+00,+2.33E+00,+4.78E+00,-3.510E+00
2,03/2/2026,18:42:06.533,-0.047E+00,-0.047E+00,-0.047E+00,-0.188E+00,-7.02E+00,+2.46E+00,+4.68E+00,-3.525E+00
2,03/2/2026,18:42:06.533,-0.047E+00,-0.047E+00,-0.047E+00,-0.188E+00,-7.05E+00,+2.56E+00,+4.59E+00,-3.533E+00
2,03/2/2026,18:42:06.533,-0.047E+00,-0.047E+00,-0.047E+00,-0.188E+00,-7.05E+00,+2.67E+00,+4.52E+00,-3.540E+00
2,03/2/2026,18:42:06.533,-0.047E+00,-0.047E+00,-0.047E+00,-0.188E+00,-7.07E+00,+2.78E+00,+4.43E+00,-3.540E+00
2,03/2/2026,18:42:06.533,+0.000E+00,-0.047E+00,-0.047E+00,-0.188E+00,-7.08E+00,+2.90E+00,+4.33E+00,-3.556E+00
2,03/2/2026,18:42:06.533,+0.000E+00,-0.047E+00,+0.000E+00,-0.188E+00,-7.10E+00,+3.01E+00,+4.24E+00,-3.556E+00
2,03/2/2026,18:42:06.533,-0.047E+00,-0.047E+00,+0.000E+00,-0.188E+00,-7.11E+00,+3.11E+00,+4.15E+00,-3.563E+00
2,03/2/2026,18:42:06.533,-0.047E+00,-0.047E+00,-0.047E+00,-0.188E+00,-7.11E+00,+3.22E+00,+4.06E+00,-3.571E+00
2,03/2/2026,18:42:06.533,+0.000E+00,-0.047E+00,-0.047E+00,-0.188E+00,-7.13E+00,+3.33E+00,+3.97E+00,-3.579E+00
2,03/2/2026,18:42:06.533,-0.047E+00,-0.047E+00,-0.047E+00,-0.188E+00,-7.13E+00,+3.45E+00,+3.86E+00,-3.579E+00
2,03/2/2026,18:42:06.533,-0.047E+00,-0.047E+00,+0.000E+00,-0.188E+00,-7.14E+00,+3.56E+00,+3.77E+00,-3.586E+00
2,03/2/2026,18:42:06.534,-0.047E+00,-0.047E+00,+0.000E+00,-0.188E+00,-7.14E+00,+3.65E+00,+3.68E+00,-3.586E+00
2,03/2/2026,18:42:06.534,-0.047E+00,-0.047E+00,-0.047E+00,-0.188E+00,-7.14E+00,+3.75E+00,+3.59E+00,-3.586E+00
2,03/2/2026,18:42:06.534,-0.047E+00,-0.047E+00,-0.047E+00,-0.188E+00,-7.16E+00,+3.86E+00,+3.48E+00,-3.594E+00
2,03/2/2026,18:42:06.534,-0.047E+00,-0.047E+00,-0.047E+00,-0.188E+00,-7.16E+00,+3.97E+00,+3.39E+00,-3.594E+00
2,03/2/2026,18:42:06.534,-0.047E+00,+0.000E+00,-0.047E+00,-0.188E+00,-7.16E+00,+4.07E+00,+3.28E+00,-3.594E+00
2,03/2/2026,18:42:06.534,-0.047E+00,-0.047E+00,-0.047E+00,-0.188E+00,-7.16E+00,+4.17E+00,+3.19E+00,-3.601E+00
2,03/2/2026,18:42:06.534,-0.047E+00,-0.047E+00,+0.000E+00,-0.188E+00,-7.16E+00,+4.27E+00,+3.08E+00,-3.594E+00
2,03/2/2026,18:42:06.534,-0.047E+00,-0.047E+00,+0.000E+00,-0.188E+00,-7.16E+00,+4.38E+00,+2.99E+00,-3.594E+00
2,03/2/2026,18:42:06.534,-0.047E+00,-0.047E+00,-0.047E+00,-0.188E+00,-7.16E+00,+4.49E+00,+2.88E+00,-3.594E+00
2,03/2/2026,18:42:06.534,-0.047E+00,-0.047E+00,-0.047E+00,-0.188E+00,-7.16E+00,+4.58E+00,+2.78E+00,-3.594E+00
2,03/2/2026,18:42:06.534,-0.047E+00,-0.047E+00,-0.047E+00,-0.188E+00,-7.16E+00,+4.68E+00,+2.67E+00,-3.594E+00
2,03/2/2026,18:42:06.534,-0.047E+00,-0.047E+00,+0.000E+00,-0.188E+00,-7.16E+00,+4.79E+00,+2.56E+00,-3.594E+00
2,03/2/2026,18:42:06.534,-0.047E+00,-0.047E+00,+0.000E+00,-0.188E+00,-7.16E+00,+4.88E+00,+2.46E+00,-3.594E+00
2,03/2/2026,18:42:06.534,-0.047E+00,-0.047E+00,-0.047E+00,-0.235E+00,-7.14E+00,+4.99E+00,+2.35E+00,-3.594E+00
2,03/2/2026,18:42:06.534,-0.047E+00,-0.047E+00,-0.047E+00,-0.188E+00,-7.14E+00,+5.08E+00,+2.26E+00,-3.586E+00
2,03/2/2026,18:42:06.534,-0.047E+00,-0.047E+00,+0.000E+00,-0.188E+00,-7.13E+00,+5.17E+00,+2.15E+00,-3.586E+00
2,03/2/2026,18:42:06.534,-0.047E+00,-0.047E+00,+0.000E+00,-0.188E+00,-7.11E+00,+5.26E+00,+2.04E+00,-3.571E+00
2,03/2/2026,18:42:06.534,-0.047E+00,-0.047E+00,+0.000E+00,-0.188E+00,-7.10E+00,+5.36E+00,+1.94E+00,-3.563E+00
2,03/2/2026,18:42:06.534,+0.000E+00,-0.047E+00,-0.047E+00,-0.188E+00,-7.08E+00,+5.45E+00,+1.83E+00,-3.556E+00
2,03/2/2026,18:42:06.534,-0.047E+00,-0.047E+00,-0.047E+00,-0.188E+00,-7.05E+00,+5.52E+00,+1.72E+00,-3.540E+00
2,03/2/2026,18:42:06.535,-0.047E+00,-0.047E+00,-0.047E+00,-0.188E+00,-7.02E+00,+5.60E+00,+1.62E+00,-3.525E+00
2,03/2/2026,18:42:06.535,-0.047E+00,+0.000E+00,-0.047E+00,-0.188E+00,-6.99E+00,+5.68E+00,+1.50E+00,-3.510E+00
2,03/2/2026,18:42:06.535,-0.047E+00,-0.047E+00,+0.000E+00,-0.188E+00,-6.96E+00,+5.74E+00,+1.39E+00,-3.495E+00
2,03/2/2026,18:42:06.535,-0.047E+00,-0.047E+00,+0.000E+00,-0.188E+00,-6.91E+00,+5.81E+00,+1.28E+00,-3.472E+00
2,03/2/2026,18:42:06.535,-0.047E+00,-0.047E+00,+0.000E+00,-0.188E+00,-6.87E+00,+5.88E+00,+1.18E+00,-3.449E+00
2,03/2/2026,18:42:06.535,-0.047E+00,-0.047E+00,-0.047E+00,-0.188E+00,-6.82E+00,+5.94E+00,+1.05E+00,-3.426E+00
2,03/2/2026,18:42:06.535,-0.047E+00,-0.047E+00,-0.047E+00,-0.188E+00,-6.78E+00,+6.01E+00,+0.95E+00,-3.403E+00
2,03/2/2026,18:42:06.535,-0.047E+00,-0.047E+00,+0.000E+00,-0.188E+00,-6.73E+00,+6.07E+00,+0.84E+00,-3.380E+00
2,03/2/2026,18:42:06.535,-0.047E+00,-0.047E+00,-0.047E+00,-0.188E+00,-6.68E+00,+6.13E+00,+0.73E+00,-3.357E+00
2,03/2/2026,18:42:06.535,-0.047E+00,-0.047E+00,-0.047E+00,-0.188E+00,-6.62E+00,+6.20E+00,+0.61E+00,-3.327E+00
2,03/2/2026,18:42:06.535,-0.047E+00,-0.047E+00,-0.047E+00,-0.188E+00,-6.56E+00,+6.26E+00,+0.50E+00,-3.296E+00
2,03/2/2026,18:42:06.535,+0.000E+00,-0.047E+00,+0.000E+00,-0.188E+00,-6.50E+00,+6.30E+00,+0.38E+00,-3.266E+00
2,03/2/2026,18:42:06.535,-0.047E+00,-0.047E+00,-0.047E+00,-0.188E+00,-6.42E+00,+6.36E+00,+0.27E+00,-3.228E+00
2,03/2/2026,18:42:06.535,-0.047E+00,-0.047E+00,-0.047E+00,-0.188E+00,-6.36E+00,+6.42E+00,+0.17E+00,-3.197E+00
2,03/2/2026,18:42:06.535,-0.047E+00,-0.047E+00,-0.047E+00,-0.188E+00,-6.30E+00,+6.47E+00,+0.05E+00,-3.166E+00
2,03/2/2026,18:42:06.535,-0.047E+00,-0.047E+00,-0.047E+00,-0.188E+00,-6.23E+00,+6.53E+00,-0.06E+00,-3.128E+00
2,03/2/2026,18:42:06.535,-0.047E+00,-0.047E+00,-0.047E+00,-0.188E+00,-6.15E+00,+6.58E+00,-0.17E+00,-3.090E+00
2,03/2/2026,18:42:06.535,-0.047E+00,-0.047E+00,+0.000E+00,-0.188E+00,-6.07E+00,+6.64E+00,-0.29E+00,-3.052E+00
2,03/2/2026,18:42:06.535,-0.047E+00,-0.047E+00,+0.000E+00,-0.188E+00,-6.00E+00,+6.68E+00,-0.40E+00,-3.014E+00
2,03/2/2026,18:42:06.535,-0.047E+00,-0.047E+00,-0.047E+00,-0.188E+00,-5.92E+00,+6.73E+00,-0.50E+00,-2.976E+00
2,03/2/2026,18:42:06.536,-0.047E+00,-0.047E+00,+0.000E+00,-0.188E+00,-5.84E+00,+6.76E+00,-0.63E+00,-2.938E+00
2,03/2/2026,18:42:06.536,-0.047E+00,-0.047E+00,+0.000E+00,-0.188E+00,-5.77E+00,+6.81E+00,-0.73E+00,-2.899E+00
2,03/2/2026,18:42:06.536,-0.047E+00,-0.047E+00,-0.047E+00,-0.188E+00,-5.68E+00,+6.85E+00,-0.85E+00,-2.861E+00
2,03/2/2026,18:42:06.536,+0.000E+00,-0.047E+00,-0.047E+00,-0.188E+00,-5.59E+00,+6.88E+00,-0.98E+00,-2.816E+00
2,03/2/2026,18:42:06.536,-0.047E+00,-0.047E+00,-0.047E+00,-0.188E+00,-5.51E+00,+6.93E+00,-1.08E+00,-2.770E+00
2,03/2/2026,18:42:06.536,-0.047E+00,-0.047E+00,-0.047E+00,-0.188E+00,-5.43E+00,+6.96E+00,-1.21E+00,-2.732E+00
2,03/2/2026,18:42:06.536,-0.047E+00,-0.047E+00,-0.047E+00,-0.188E+00,-5.34E+00,+6.99E+00,-1.33E+00,-2.693E+00
2,03/2/2026,18:42:06.536,-0.047E+00,-0.047E+00,-0.047E+00,-0.188E+00,-5.25E+00,+7.02E+00,-1.45E+00,-2.648E+00
2,03/2/2026,18:42:06.536,+0.000E+00,-0.047E+00,-0.047E+00,-0.188E+00,-5.17E+00,+7.05E+00,-1.56E+00,-2.609E+00
2,03/2/2026,18:42:06.536,-0.047E+00,-0.047E+00,-0.047E+00,-0.188E+00,-5.10E+00,+7.08E+00,-1.66E+00,-2.564E+00
2,03/2/2026,18:42:06.536,-0.047E+00,-0.047E+00,-0.047E+00,-0.188E+00,-5.01E+00,+7.11E+00,-1.79E+00,-2.526E+00
2,03/2/2026,18:42:06.536,-0.047E+00,-0.047E+00,+0.000E+00,-0.188E+00,-4.93E+00,+7.14E+00,-1.89E+00,-2.480E+00
2,03/2/2026,18:42:06.536,+0.000E+00,-0.047E+00,+0.000E+00,-0.188E+00,-4.84E+00,+7.16E+00,-2.00E+00,-2.442E+00
2,03/2/2026,18:42:06.536,-0.047E+00,-0.047E+00,-0.047E+00,-0.188E+00,-4.75E+00,+7.19E+00,-2.11E+00,-2.396E+00
2,03/2/2026,18:42:06.536,-0.047E+00,-0.047E+00,-0.047E+00,-0.188E+00,-4.67E+00,+7.20E+00,-2.23E+00,-2.358E+00
2,03/2/2026,18:42:06.536,-0.047E+00,-0.047E+00,-0.047E+00,-0.188E+00,-4.58E+00,+7.23E+00,-2.33E+00,-2.312E+00
2,03/2/2026,18:42:06.536,-0.047E+00,-0.047E+00,+0.000E+00,-0.188E+00,-4.49E+00,+7.25E+00,-2.44E+00,-2.266E+00
2,03/2/2026,18:42:06.536,-0.047E+00,-0.047E+00,+0.000E+00,-0.235E+00,-4.39E+00,+7.26E+00,-2.55E+00,-2.220E+00
2,03/2/2026,18:42:06.536,-0.047E+00,-0.047E+00,-0.047E+00,-0.188E+00,-4.32E+00,+7.28E+00,-2.67E+00,-2.182E+00
2,03/2/2026,18:42:06.536,-0.047E+00,-0.047E+00,-0.047E+00,-0.188E+00,-4.21E+00,+7.31E+00,-2.76E+00,-2.129E+00
2,03/2/2026,18:42:06.537,-0.047E+00,-0.047E+00,+0.000E+00,-0.188E+00,-4.12E+00,+7.32E+00,-2.87E+00,-2.083E+00
2,03/2/2026,18:42:06.537,-0.047E+00,-0.047E+00,+0.000E+00,-0.188E+00,-4.03E+00,+7.32E+00,-2.96E+00,-2.037E+00
2,03/2/2026,18:42:06.537,-0.047E+00,-0.047E+00,+0.000E+00,-0.188E+00,-3.94E+00,+7.34E+00,-3.07E+00,-1.991E+00
2,03/2/2026,18:42:06.537,+0.000E+00,-0.047E+00,+0.000E+00,-0.188E+00,-3.85E+00,+7.36E+00,-3.17E+00,-1.946E+00
2,03/2/2026,18:42:06.537,+0.000E+00,-0.047E+00,+0.000E+00,-0.188E+00,-3.75E+00,+7.36E+00,-3.28E+00,-1.900E+00
2,03/2/2026,18:42:06.537,+0.000E+00,+0.000E+00,+0.000E+00,-0.188E+00,-3.66E+00,+7.39E+00,-3.39E+00,-1.854E+00
2,03/2/2026,18:42:06.537,-0.047E+00,-0.047E+00,+0.000E+00,-0.188E+00,-3.57E+00,+7.39E+00,-3.49E+00,-1.808E+00
2,03/2/2026,18:42:06.537,-0.047E+00,-0.047E+00,-0.047E+00,-0.188E+00,-3.48E+00,+7.39E+00,-3.59E+00,-1.763E+00
2,03/2/2026,18:42:06.537,-0.047E+00,-0.047E+00,-0.047E+00,-0.188E+00,-3.37E+00,+7.40E+00,-3.69E+00,-1.717E+00
2,03/2/2026,18:42:06.537,-0.047E+00,-0.047E+00,-0.047E+00,-0.188E+00,-3.27E+00,+7.42E+00,-3.80E+00,-1.671E+00
2,03/2/2026,18:42:06.537,-0.047E+00,-0.047E+00,-0.047E+00,-0.188E+00,-3.17E+00,+7.42E+00,-3.89E+00,-1.618E+00
2,03/2/2026,18:42:06.537,-0.047E+00,-0.047E+00,-0.047E+00,-0.188E+00,-3.08E+00,+7.42E+00,-3.98E+00,-1.564E+00
2,03/2/2026,18:42:06.537,-0.047E+00,-0.047E+00,-0.047E+00,-0.188E+00,-2.98E+00,+7.42E+00,-4.09E+00,-1.518E+00
2,03/2/2026,18:42:06.537,-0.047E+00,-0.047E+00,+0.000E+00,-0.188E+00,-2.87E+00,+7.43E+00,-4.20E+00,-1.465E+00
2,03/2/2026,18:42:06.537,-0.047E+00,-0.047E+00,-0.047E+00,-0.188E+00,-2.76E+00,+7.43E+00,-4.29E+00,-1.412E+00
2,03/2/2026,18:42:06.537,-0.047E+00,-0.047E+00,-0.047E+00,-0.188E+00,-2.66E+00,+7.43E+00,-4.38E+00,-1.366E+00
2,03/2/2026,18:42:06.537,-0.047E+00,-0.047E+00,-0.047E+00,-0.188E+00,-2.55E+00,+7.43E+00,-4.49E+00,-1.312E+00
2,03/2/2026,18:42:06.537,-0.047E+00,-0.047E+00,-0.047E+00,-0.188E+00,-2.44E+00,+7.43E+00,-4.58E+00,-1.251E+00
2,03/2/2026,18:42:06.537,-0.047E+00,-0.047E+00,+0.000E+00,-0.188E+00,-2.33E+00,+7.43E+00,-4.68E+00,-1.206E+00
2,03/2/2026,18:42:06.537,-0.047E+00,-0.047E+00,-0.047E+00,-0.188E+00,-2.23E+00,+7.43E+00,-4.78E+00,-1.152E+00
2,03/2/2026,18:42:06.538,-0.047E+00,-0.047E+00,-0.047E+00,-0.188E+00,-2.14E+00,+7.43E+00,-4.88E+00,-1.099E+00
2,03/2/2026,18:42:06.538,-0.047E+00,-0.047E+00,-0.047E+00,-0.188E+00,-2.03E+00,+7.43E+00,-4.97E+00,-1.053E+00
2,03/2/2026,18:42:06.538,-0.047E+00,-0.047E+00,-0.047E+00,-0.188E+00,-1.92E+00,+7.43E+00,-5.07E+00,-1.000E+00
2,03/2/2026,18:42:06.538,+0.000E+00,-0.047E+00,+0.000E+00,-0.188E+00,-1.82E+00,+7.42E+00,-5.14E+00,-0.946E+00
2,03/2/2026,18:42:06.538,-0.047E+00,-0.047E+00,+0.000E+00,-0.188E+00,-1.71E+00,+7.40E+00,-5.23E+00,-0.900E+00
2,03/2/2026,18:42:06.538,-0.047E+00,-0.047E+00,+0.000E+00,-0.188E+00,-1.60E+00,+7.37E+00,-5.30E+00,-0.847E+00
2,03/2/2026,18:42:06.538,-0.047E+00,-0.047E+00,-0.047E+00,-0.188E+00,-1.50E+00,+7.34E+00,-5.37E+00,-0.794E+00
2,03/2/2026,18:42:06.538,-0.047E+00,-0.047E+00,-0.047E+00,-0.188E+00,-1.39E+00,+7.31E+00,-5.45E+00,-0.740E+00
2,03/2/2026,18:42:06.538,-0.047E+00,-0.047E+00,+0.000E+00,-0.188E+00,-1.28E+00,+7.26E+00,-5.51E+00,-0.679E+00
2,03/2/2026,18:42:06.538,-0.047E+00,-0.047E+00,-0.047E+00,-0.188E+00,-1.16E+00,+7.23E+00,-5.59E+00,-0.626E+00
2,03/2/2026,18:42:06.538,-0.047E+00,-0.047E+00,-0.047E+00,-0.188E+00,-1.05E+00,+7.19E+00,-5.65E+00,-0.572E+00
2,03/2/2026,18:42:06.538,-0.047E+00,-0.047E+00,-0.047E+00,-0.235E+00,-0.93E+00,+7.13E+00,-5.71E+00,-0.519E+00
2,03/2/2026,18:42:06.538,-0.047E+00,-0.047E+00,-0.047E+00,-0.188E+00,-0.82E+00,+7.08E+00,-5.77E+00,-0.458E+00
2,03/2/2026,18:42:06.538,-0.047E+00,-0.047E+00,+0.000E+00,-0.188E+00,-0.70E+00,+7.03E+00,-5.83E+00,-0.404E+00
2,03/2/2026,18:42:06.538,-0.047E+00,-0.047E+00,-0.047E+00,-0.188E+00,-0.60E+00,+6.99E+00,-5.89E+00,-0.351E+00
2,03/2/2026,18:42:06.538,-0.047E+00,-0.047E+00,-0.047E+00,-0.188E+00,-0.47E+00,+6.93E+00,-5.94E+00,-0.290E+00
2,03/2/2026,18:42:06.538,-0.047E+00,-0.047E+00,+0.000E+00,-0.188E+00,-0.35E+00,+6.87E+00,-6.00E+00,-0.229E+00
2,03/2/2026,18:42:06.538,-0.047E+00,-0.047E+00,+0.000E+00,-0.188E+00,-0.24E+00,+6.79E+00,-6.04E+00,-0.175E+00
2,03/2/2026,18:42:06.538,+0.000E+00,-0.047E+00,-0.047E+00,-0.188E+00,-0.12E+00,+6.71E+00,-6.10E+00,-0.122E+00
2,03/2/2026,18:42:06.538,-0.047E+00,-0.047E+00,+0.000E+00,-0.188E+00,-0.02E+00,+6.64E+00,-6.15E+00,-0.061E+00
2,03/2/2026,18:42:06.539,-0.047E+00,-0.047E+00,-0.047E+00,-0.188E+00,+0.11E+00,+6.56E+00,-6.21E+00,-0.008E+00
2,03/2/2026,18:42:06.539,-0.047E+00,-0.047E+00,-0.047E+00,-0.188E+00,+0.21E+00,+6.49E+00,-6.26E+00,+0.053E+00
2,03/2/2026,18:42:06.539,-0.047E+00,-0.047E+00,+0.000E+00,-0.188E+00,+0.32E+00,+6.41E+00,-6.30E+00,+0.107E+00
2,03/2/2026,18:42:06.539,-0.047E+00,-0.047E+00,-0.047E+00,-0.188E+00,+0.44E+00,+6.33E+00,-6.35E+00,+0.168E+00
2,03/2/2026,18:42:06.539,+0.000E+00,-0.047E+00,+0.000E+00,-0.188E+00,+0.55E+00,+6.26E+00,-6.41E+00,+0.221E+00
2,03/2/2026,18:42:06.539,-0.047E+00,+0.000E+00,+0.000E+00,-0.188E+00,+0.67E+00,+6.18E+00,-6.46E+00,+0.275E+00
2,03/2/2026,18:42:06.539,-0.047E+00,-0.047E+00,-0.047E+00,-0.188E+00,+0.78E+00,+6.09E+00,-6.50E+00,+0.336E+00
2,03/2/2026,18:42:06.539,-0.047E+00,-0.047E+00,-0.047E+00,-0.188E+00,+0.89E+00,+6.01E+00,-6.53E+00,+0.397E+00
2,03/2/2026,18:42:06.539,-0.047E+00,-0.047E+00,-0.047E+00,-0.188E+00,+1.01E+00,+5.92E+00,-6.58E+00,+0.450E+00
2,03/2/2026,18:42:06.539,-0.047E+00,-0.047E+00,-0.047E+00,-0.188E+00,+1.11E+00,+5.84E+00,-6.62E+00,+0.511E+00
2,03/2/2026,18:42:06.539,-0.047E+00,-0.047E+00,+0.000E+00,-0.188E+00,+1.24E+00,+5.77E+00,-6.67E+00,+0.565E+00
2,03/2/2026,18:42:06.539,-0.047E+00,-0.047E+00,-0.047E+00,-0.188E+00,+1.34E+00,+5.68E+00,-6.70E+00,+0.626E+00
2,03/2/2026,18:42:06.539,-0.047E+00,-0.047E+00,+0.000E+00,-0.188E+00,+1.46E+00,+5.60E+00,-6.73E+00,+0.687E+00
2,03/2/2026,18:42:06.539,-0.047E+00,-0.047E+00,-0.047E+00,-0.188E+00,+1.57E+00,+5.51E+00,-6.78E+00,+0.740E+00
2,03/2/2026,18:42:06.539,+0.000E+00,-0.047E+00,-0.047E+00,-0.188E+00,+1.68E+00,+5.43E+00,-6.81E+00,+0.794E+00
2,03/2/2026,18:42:06.539,-0.047E+00,-0.047E+00,+0.000E+00,-0.188E+00,+1.80E+00,+5.34E+00,-6.82E+00,+0.855E+00
2,03/2/2026,18:42:06.539,-0.047E+00,-0.047E+00,+0.000E+00,-0.188E+00,+1.91E+00,+5.26E+00,-6.85E+00,+0.908E+00
2,03/2/2026,18:42:06.539,-0.047E+00,-0.047E+00,+0.000E+00,-0.188E+00,+2.01E+00,+5.17E+00,-6.88E+00,+0.961E+00
2,03/2/2026,18:42:06.539,-0.047E+00,-0.047E+00,+0.000E+00,-0.188E+00,+2.12E+00,+5.08E+00,-6.91E+00,+1.015E+00
2,03/2/2026,18:42:06.539,-0.047E+00,-0.047E+00,+0.000E+00,-0.188E+00,+2.23E+00,+4.99E+00,-6.93E+00,+1.068E+00
2,03/2/2026,18:42:06.540,+0.000E+00,-0.047E+00,+0.000E+00,-0.188E+00,+2.33E+00,+4.90E+00,-6.96E+00,+1.122E+00
2,03/2/2026,18:42:06.540,+0.000E+00,-0.047E+00,-0.047E+00,-0.188E+00,+2.44E+00,+4.81E+00,-6.97E+00,+1.175E+00
2,03/2/2026,18:42:06.540,+0.000E+00,-0.047E+00,-0.047E+00,-0.188E+00,+2.55E+00,+4.72E+00,-7.00E+00,+1.228E+00
2,03/2/2026,18:42:06.540,+0.000E+00,-0.047E+00,-0.047E+00,-0.188E+00,+2.66E+00,+4.62E+00,-7.02E+00,+1.282E+00
2,03/2/2026,18:42:06.540,-0.047E+00,-0.047E+00,+0.000E+00,-0.188E+00,+2.76E+00,+4.55E+00,-7.03E+00,+1.335E+00
2,03/2/2026,18:42:06.540,-0.047E+00,-0.047E+00,+0.000E+00,-0.188E+00,+2.87E+00,+4.46E+00,-7.05E+00,+1.389E+00
2,03/2/2026,18:42:06.540,-0.047E+00,-0.047E+00,+0.000E+00,-0.188E+00,+2.96E+00,+4.36E+00,-7.07E+00,+1.442E+00
2,03/2/2026,18:42:06.540,+0.000E+00,-0.047E+00,+0.000E+00,-0.188E+00,+3.07E+00,+4.27E+00,-7.10E+00,+1.495E+00
2,03/2/2026,18:42:06.540,-0.047E+00,-0.047E+00,+0.000E+00,-0.188E+00,+3.17E+00,+4.18E+00,-7.11E+00,+1.541E+00
2,03/2/2026,18:42:06.540,-0.047E+00,-0.047E+00,-0.047E+00,-0.188E+00,+3.27E+00,+4.09E+00,-7.11E+00,+1.595E+00
2,03/2/2026,18:42:06.540,-0.047E+00,-0.047E+00,-0.047E+00,-0.188E+00,+3.37E+00,+3.98E+00,-7.13E+00,+1.640E+00
2,03/2/2026,18:42:06.540,-0.047E+00,-0.047E+00,+0.000E+00,-0.188E+00,+3.48E+00,+3.89E+00,-7.14E+00,+1.694E+00
2,03/2/2026,18:42:06.540,+0.000E+00,-0.047E+00,+0.000E+00,-0.188E+00,+3.57E+00,+3.78E+00,-7.16E+00,+1.740E+00
2,03/2/2026,18:42:06.540,-0.047E+00,-0.047E+00,-0.047E+00,-0.188E+00,+3.66E+00,+3.69E+00,-7.17E+00,+1.793E+00
2,03/2/2026,18:42:06.540,-0.047E+00,-0.047E+00,+0.000E+00,-0.188E+00,+3.77E+00,+3.59E+00,-7.17E+00,+1.846E+00
2,03/2/2026,18:42:06.540,-0.047E+00,-0.047E+00,+0.000E+00,-0.188E+00,+3.86E+00,+3.49E+00,-7.19E+00,+1.892E+00
2,03/2/2026,18:42:06.540,-0.047E+00,-0.047E+00,-0.047E+00,-0.188E+00,+3.95E+00,+3.39E+00,-7.20E+00,+1.938E+00
2,03/2/2026,18:42:06.540,-0.047E+00,-0.047E+00,-0.047E+00,-0.188E+00,+4.06E+00,+3.28E+00,-7.20E+00,+1.991E+00
2,03/2/2026,18:42:06.540,-0.047E+00,-0.047E+00,-0.047E+00,-0.188E+00,+4.15E+00,+3.17E+00,-7.20E+00,+2.045E+00
2,03/2/2026,18:42:06.540,-0.047E+00,-0.047E+00,-0.047E+00,-0.188E+00,+4.26E+00,+3.08E+00,-7.22E+00,+2.091E+00
2,03/2/2026,18:42:06.541,-0.047E+00,-0.047E+00,-0.047E+00,-0.188E+00,+4.35E+00,+2.98E+00,-7.22E+00,+2.144E+00
2,03/2/2026,18:42:06.541,-0.047E+00,-0.047E+00,-0.047E+00,-0.188E+00,+4.46E+00,+2.87E+00,-7.23E+00,+2.197E+00
2,03/2/2026,18:42:06.541,-0.047E+00,-0.047E+00,-0.047E+00,-0.188E+00,+4.55E+00,+2.75E+00,-7.23E+00,+2.243E+00
2,03/2/2026,18:42:06.541,-0.047E+00,-0.047E+00,-0.047E+00,-0.188E+00,+4.65E+00,+2.64E+00,-7.25E+00,+2.297E+00
2,03/2/2026,18:42:06.541,-0.047E+00,-0.047E+00,-0.047E+00,-0.188E+00,+4.75E+00,+2.53E+00,-7.25E+00,+2.342E+00
2,03/2/2026,18:42:06.541,+0.000E+00,-0.047E+00,-0.047E+00,-0.188E+00,+4.84E+00,+2.43E+00,-7.25E+00,+2.396E+00
2,03/2/2026,18:42:06.541,-0.047E+00,-0.047E+00,-0.047E+00,-0.188E+00,+4.93E+00,+2.30E+00,-7.26E+00,+2.442E+00
2,03/2/2026,18:42:06.541,-0.047E+00,-0.047E+00,+0.000E+00,-0.188E+00,+5.02E+00,+2.20E+00,-7.26E+00,+2.487E+00
2,03/2/2026,18:42:06.541,-0.047E+00,-0.047E+00,-0.047E+00,-0.188E+00,+5.11E+00,+2.09E+00,-7.26E+00,+2.533E+00
2,03/2/2026,18:42:06.541,-0.047E+00,-0.047E+00,-0.047E+00,-0.188E+00,+5.20E+00,+1.98E+00,-7.26E+00,+2.579E+00
2,03/2/2026,18:42:06.541,-0.047E+00,-0.047E+00,-0.047E+00,-0.188E+00,+5.28E+00,+1.86E+00,-7.26E+00,+2.625E+00
2,03/2/2026,18:42:06.541,+0.000E+00,-0.047E+00,+0.000E+00,-0.188E+00,+5.36E+00,+1.75E+00,-7.26E+00,+2.663E+00
2,03/2/2026,18:42:06.541,-0.047E+00,-0.047E+00,-0.047E+00,-0.188E+00,+5.45E+00,+1.63E+00,-7.25E+00,+2.709E+00
2,03/2/2026,18:42:06.541,-0.047E+00,-0.047E+00,-0.047E+00,-0.188E+00,+5.51E+00,+1.53E+00,-7.25E+00,+2.747E+00
2,03/2/2026,18:42:06.541,+0.000E+00,-0.047E+00,-0.047E+00,-0.188E+00,+5.59E+00,+1.40E+00,-7.23E+00,+2.785E+00
2,03/2/2026,18:42:06.541,-0.047E+00,-0.047E+00,-0.047E+00,-0.188E+00,+5.66E+00,+1.28E+00,-7.20E+00,+2.823E+00
2,03/2/2026,18:42:06.541,-0.047E+00,-0.047E+00,-0.047E+00,-0.188E+00,+5.72E+00,+1.16E+00,-7.16E+00,+2.854E+00
2,03/2/2026,18:42:06.541,-0.047E+00,-0.047E+00,+0.000E+00,-0.188E+00,+5.78E+00,+1.05E+00,-7.11E+00,+2.892E+00
2,03/2/2026,18:42:06.541,-0.047E+00,-0.047E+00,+0.000E+00,-0.188E+00,+5.84E+00,+0.93E+00,-7.07E+00,+2.922E+00
2,03/2/2026,18:42:06.541,-0.047E+00,-0.047E+00,+0.000E+00,-0.188E+00,+5.91E+00,+0.82E+00,-7.00E+00,+2.953E+00
2,03/2/2026,18:42:06.542,-0.047E+00,-0.047E+00,-0.047E+00,-0.188E+00,+5.97E+00,+0.72E+00,-6.94E+00,+2.983E+00
2,03/2/2026,18:42:06.542,-0.047E+00,-0.047E+00,+0.000E+00,-0.188E+00,+6.03E+00,+0.61E+00,-6.88E+00,+3.014E+00
2,03/2/2026,18:42:06.542,+0.000E+00,-0.047E+00,+0.000E+00,-0.188E+00,+6.09E+00,+0.49E+00,-6.82E+00,+3.052E+00
2,03/2/2026,18:42:06.542,+0.000E+00,-0.047E+00,+0.000E+00,-0.141E+00,+6.15E+00,+0.38E+00,-6.76E+00,+3.075E+00
2,03/2/2026,18:42:06.542,-0.047E+00,-0.047E+00,+0.000E+00,-0.188E+00,+6.20E+00,+0.29E+00,-6.70E+00,+3.098E+00
2,03/2/2026,18:42:06.542,-0.047E+00,-0.047E+00,-0.047E+00,-0.188E+00,+6.24E+00,+0.20E+00,-6.65E+00,+3.128E+00
2,03/2/2026,18:42:06.542,-0.047E+00,-0.047E+00,-0.047E+00,-0.188E+00,+6.29E+00,+0.09E+00,-6.59E+00,+3.159E+00
2,03/2/2026,18:42:06.542,-0.047E+00,-0.047E+00,-0.047E+00,-0.188E+00,+6.33E+00,-0.02E+00,-6.53E+00,+3.174E+00
2,03/2/2026,18:42:06.542,-0.047E+00,-0.047E+00,-0.047E+00,-0.188E+00,+6.38E+00,-0.12E+00,-6.47E+00,+3.197E+00
2,03/2/2026,18:42:06.542,-0.047E+00,-0.047E+00,-0.047E+00,-0.188E+00,+6.41E+00,-0.26E+00,-6.41E+00,+3.220E+00
2,03/2/2026,18:42:06.542,-0.047E+00,-0.047E+00,-0.047E+00,-0.188E+00,+6.44E+00,-0.40E+00,-6.35E+00,+3.235E+00
2,03/2/2026,18:42:06.542,-0.047E+00,-0.047E+00,-0.047E+00,-0.188E+00,+6.49E+00,-0.52E+00,-6.27E+00,+3.250E+00
2,03/2/2026,18:42:06.542,-0.047E+00,-0.047E+00,-0.047E+00,-0.188E+00,+6.52E+00,-0.66E+00,-6.20E+00,+3.266E+00
2,03/2/2026,18:42:06.542,-0.047E+00,-0.047E+00,+0.000E+00,-0.188E+00,+6.55E+00,-0.78E+00,-6.10E+00,+3.289E+00
2,03/2/2026,18:42:06.542,-0.047E+00,-0.047E+00,+0.000E+00,-0.188E+00,+6.58E+00,-0.90E+00,-6.04E+00,+3.304E+00
2,03/2/2026,18:42:06.542,-0.047E+00,-0.047E+00,+0.000E+00,-0.188E+00,+6.61E+00,-1.02E+00,-5.97E+00,+3.319E+00
2,03/2/2026,18:42:06.542,-0.047E+00,-0.047E+00,+0.000E+00,-0.188E+00,+6.65E+00,-1.14E+00,-5.88E+00,+3.342E+00
2,03/2/2026,18:42:06.542,-0.047E+00,-0.047E+00,-0.047E+00,-0.188E+00,+6.68E+00,-1.27E+00,-5.78E+00,+3.357E+00
2,03/2/2026,18:42:06.542,-0.047E+00,-0.047E+00,-0.047E+00,-0.188E+00,+6.71E+00,-1.39E+00,-5.71E+00,+3.373E+00
2,03/2/2026,18:42:06.542,-0.047E+00,-0.047E+00,-0.047E+00,-0.188E+00,+6.75E+00,-1.51E+00,-5.63E+00,+3.395E+00
2,03/2/2026,18:42:06.543,-0.047E+00,-0.047E+00,+0.000E+00,-0.188E+00,+6.78E+00,-1.62E+00,-5.55E+00,+3.411E+00
2,03/2/2026,18:42:06.543,+0.000E+00,-0.047E+00,+0.000E+00,-0.188E+00,+6.81E+00,-1.75E+00,-5.48E+00,+3.418E+00
2,03/2/2026,18:42:06.543,-0.047E+00,-0.047E+00,-0.047E+00,-0.188E+00,+6.84E+00,-1.86E+00,-5.39E+00,+3.441E+00
2,03/2/2026,18:42:06.543,-0.047E+00,-0.047E+00,-0.047E+00,-0.188E+00,+6.85E+00,-1.97E+00,-5.31E+00,+3.449E+00
2,03/2/2026,18:42:06.543,-0.047E+00,-0.047E+00,+0.000E+00,-0.188E+00,+6.88E+00,-2.24E+00,-5.23E+00,+3.456E+00
2,03/2/2026,18:42:06.543,-0.047E+00,-0.047E+00,+0.000E+00,-0.188E+00,+6.91E+00,-2.75E+00,-5.14E+00,+3.456E+00
2,03/2/2026,18:42:06.543,-0.047E+00,-0.047E+00,+0.000E+00,-0.188E+00,+6.94E+00,-3.30E+00,-5.05E+00,+3.449E+00
2,03/2/2026,18:42:06.543,-0.047E+00,-0.047E+00,+0.000E+00,-0.188E+00,+6.97E+00,-3.85E+00,-4.94E+00,+3.456E+00
2,03/2/2026,18:42:06.543,+0.000E+00,-0.047E+00,-0.047E+00,-0.188E+00,+7.02E+00,-4.41E+00,-4.84E+00,+3.456E+00
2,03/2/2026,18:42:06.543,-0.047E+00,-0.047E+00,-0.047E+00,-0.188E+00,+7.05E+00,-4.99E+00,-4.73E+00,+3.456E+00
2,03/2/2026,18:42:06.543,-0.047E+00,-0.047E+00,+0.000E+00,-0.188E+00,+7.08E+00,-5.60E+00,-4.61E+00,+3.456E+00
2,03/2/2026,18:42:06.543,-0.047E+00,-0.047E+00,+0.000E+00,-0.188E+00,+7.13E+00,-6.21E+00,-4.50E+00,+3.464E+00
2,03/2/2026,18:42:06.543,-0.047E+00,-0.047E+00,-0.047E+00,-0.188E+00,+7.17E+00,-6.84E+00,-4.38E+00,+3.464E+00
2,03/2/2026,18:42:06.543,-0.047E+00,-0.047E+00,-0.047E+00,-0.188E+00,+7.22E+00,-7.46E+00,-4.26E+00,+3.472E+00
2,03/2/2026,18:42:06.543,-0.047E+00,-0.047E+00,-0.047E+00,-0.188E+00,+7.25E+00,-8.10E+00,-4.15E+00,+3.472E+00
2,03/2/2026,18:42:06.543,+0.000E+00,-0.047E+00,+0.000E+00,-0.188E+00,+7.29E+00,-8.77E+00,-4.03E+00,+3.472E+00
2,03/2/2026,18:42:06.543,+0.000E+00,-0.047E+00,+0.000E+00,-0.188E+00,+7.34E+00,-9.45E+00,-3.89E+00,+3.479E+00
2,03/2/2026,18:42:06.543,-0.047E+00,-0.047E+00,-0.047E+00,-0.188E+00,+7.37E+00,-10.13E+00,-3.77E+00,+3.479E+00
2,03/2/2026,18:42:06.543,-0.047E+00,-0.047E+00,-0.047E+00,-0.188E+00,+7.42E+00,-10.83E+00,-3.65E+00,+3.479E+00
2,03/2/2026,18:42:06.543,-0.047E+00,-0.047E+00,-0.047E+00,-0.188E+00,+7.46E+00,-11.54E+00,-3.51E+00,+3.479E+00
2,03/2/2026,18:42:06.544,-0.047E+00,-0.047E+00,-0.047E+00,-0.188E+00,+7.51E+00,-12.27E+00,-3.37E+00,+3.479E+00
2,03/2/2026,18:42:06.544,-0.047E+00,-0.047E+00,+0.000E+00,-0.188E+00,+7.55E+00,-13.00E+00,-3.24E+00,+3.479E+00
2,03/2/2026,18:42:06.544,+0.000E+00,-0.047E+00,+0.000E+00,-0.188E+00,+7.58E+00,-13.75E+00,-3.11E+00,+3.479E+00
2,03/2/2026,18:42:06.544,-0.047E+00,-0.047E+00,+0.000E+00,-0.188E+00,+7.63E+00,-14.50E+00,-2.98E+00,+3.479E+00
2,03/2/2026,18:42:06.544,-0.047E+00,-0.047E+00,-0.047E+00,-0.188E+00,+7.68E+00,-15.28E+00,-2.84E+00,+3.479E+00
2,03/2/2026,18:42:06.544,-0.047E+00,-0.047E+00,-0.047E+00,-0.188E+00,+7.72E+00,-16.05E+00,-2.70E+00,+3.479E+00
2,03/2/2026,18:42:06.544,-0.047E+00,-0.047E+00,+0.000E+00,-0.188E+00,+7.75E+00,-16.85E+00,-2.56E+00,+3.472E+00
2,03/2/2026,18:42:06.544,-0.047E+00,+0.000E+00,+0.000E+00,-0.188E+00,+7.80E+00,-17.66E+00,-2.43E+00,+3.472E+00
2,03/2/2026,18:42:06.544,-0.047E+00,-0.047E+00,-0.047E+00,-0.188E+00,+7.83E+00,-18.48E+00,-2.27E+00,+3.472E+00
2,03/2/2026,18:42:06.544,-0.047E+00,-0.047E+00,+0.000E+00,-0.188E+00,+7.87E+00,-19.32E+00,-2.14E+00,+3.472E+00
2,03/2/2026,18:42:06.544,-0.047E+00,-0.047E+00,-0.047E+00,-0.188E+00,+7.90E+00,-20.17E+00,-1.98E+00,+3.464E+00
2,03/2/2026,18:42:06.544,-0.047E+00,-0.047E+00,-0.047E+00,-0.188E+00,+7.95E+00,-21.03E+00,-1.83E+00,+3.464E+00
2,03/2/2026,18:42:06.544,-0.047E+00,-0.047E+00,-0.047E+00,-0.188E+00,+7.98E+00,-21.90E+00,-1.69E+00,+3.464E+00
2,03/2/2026,18:42:06.544,-0.047E+00,-0.047E+00,-0.047E+00,-0.188E+00,+8.03E+00,-22.78E+00,-1.54E+00,+3.456E+00
2,03/2/2026,18:42:06.544,-0.047E+00,+0.000E+00,-0.047E+00,-0.188E+00,+8.07E+00,-23.67E+00,-1.39E+00,+3.456E+00
2,03/2/2026,18:42:06.544,+0.000E+00,-0.047E+00,-0.047E+00,-0.188E+00,+8.10E+00,-24.55E+00,-1.25E+00,+3.449E+00
2,03/2/2026,18:42:06.544,-0.047E+00,-0.047E+00,-0.047E+00,-0.188E+00,+8.13E+00,-25.48E+00,-1.10E+00,+3.434E+00
2,03/2/2026,18:42:06.544,-0.047E+00,-0.047E+00,-0.047E+00,-0.188E+00,+8.15E+00,-26.40E+00,-0.96E+00,+3.426E+00
2,03/2/2026,18:42:06.544,+0.000E+00,-0.047E+00,-0.047E+00,-0.188E+00,+8.18E+00,-27.32E+00,-0.81E+00,+3.418E+00
2,03/2/2026,18:42:06.544,+0.000E+00,-0.047E+00,+0.000E+00,-0.188E+00,+8.19E+00,-28.23E+00,-0.66E+00,+3.403E+00
2,03/2/2026,18:42:06.545,-0.047E+00,-0.047E+00,-0.047E+00,-0.188E+00,+8.21E+00,-29.16E+00,-0.50E+00,+3.388E+00
2,03/2/2026,18:42:06.545,-0.047E+00,-0.047E+00,+0.000E+00,-0.188E+00,+8.23E+00,-30.09E+00,-0.35E+00,+3.365E+00
2,03/2/2026,18:42:06.545,-0.047E+00,-0.047E+00,+0.000E+00,-0.188E+00,+8.24E+00,-31.04E+00,-0.21E+00,+3.350E+00
2,03/2/2026,18:42:06.545,-0.047E+00,-0.047E+00,-0.047E+00,-0.188E+00,+8.24E+00,-31.97E+00,-0.06E+00,+3.327E+00
2,03/2/2026,18:42:06.545,-0.047E+00,-0.047E+00,-0.047E+00,-0.188E+00,+8.24E+00,-32.90E+00,+0.11E+00,+3.304E+00
2,03/2/2026,18:42:06.545,-0.047E+00,-0.047E+00,+0.000E+00,-0.188E+00,+8.26E+00,-33.85E+00,+0.26E+00,+3.281E+00
2,03/2/2026,18:42:06.545,-0.047E+00,-0.047E+00,+0.000E+00,-0.188E+00,+8.24E+00,-34.81E+00,+0.41E+00,+3.258E+00
2,03/2/2026,18:42:06.545,+0.000E+00,-0.047E+00,-0.047E+00,-0.188E+00,+8.24E+00,-35.75E+00,+0.58E+00,+3.235E+00
2,03/2/2026,18:42:06.545,-0.047E+00,-0.047E+00,-0.047E+00,-0.188E+00,+8.23E+00,-36.72E+00,+0.73E+00,+3.205E+00
2,03/2/2026,18:42:06.545,-0.047E+00,-0.047E+00,+0.000E+00,-0.188E+00,+8.23E+00,-37.66E+00,+0.89E+00,+3.174E+00
2,03/2/2026,18:42:06.545,-0.047E+00,-0.047E+00,-0.047E+00,-0.188E+00,+8.21E+00,-38.62E+00,+1.05E+00,+3.144E+00
2,03/2/2026,18:42:06.545,-0.047E+00,-0.047E+00,-0.047E+00,-0.188E+00,+8.19E+00,-39.57E+00,+1.21E+00,+3.113E+00
2,03/2/2026,18:42:06.545,-0.047E+00,-0.047E+00,+0.000E+00,-0.188E+00,+8.18E+00,-40.53E+00,+1.36E+00,+3.083E+00
2,03/2/2026,18:42:06.545,-0.047E+00,-0.047E+00,+0.000E+00,-0.188E+00,+8.15E+00,-41.49E+00,+1.53E+00,+3.052E+00
2,03/2/2026,18:42:06.545,+0.000E+00,-0.047E+00,-0.047E+00,-0.188E+00,+8.13E+00,-42.45E+00,+1.68E+00,+3.014E+00
2,03/2/2026,18:42:06.545,-0.047E+00,-0.047E+00,-0.047E+00,-0.188E+00,+8.10E+00,-43.43E+00,+1.83E+00,+2.976E+00
2,03/2/2026,18:42:06.545,-0.047E+00,-0.047E+00,+0.000E+00,-0.188E+00,+8.09E+00,-44.39E+00,+2.00E+00,+2.938E+00
2,03/2/2026,18:42:06.545,+0.000E+00,-0.047E+00,-0.047E+00,-0.188E+00,+8.06E+00,-45.34E+00,+2.15E+00,+2.899E+00
2,03/2/2026,18:42:06.545,-0.047E+00,-0.047E+00,-0.047E+00,-0.188E+00,+8.01E+00,-46.30E+00,+2.30E+00,+2.861E+00
2,03/2/2026,18:42:06.545,-0.047E+00,-0.047E+00,+0.000E+00,-0.188E+00,+7.98E+00,-47.26E+00,+2.47E+00,+2.823E+00
2,03/2/2026,18:42:06.546,-0.047E+00,-0.047E+00,+0.000E+00,-0.188E+00,+7.95E+00,-48.21E+00,+2.64E+00,+2.777E+00
2,03/2/2026,18:42:06.546,-0.047E+00,-0.047E+00,-0.047E+00,-0.188E+00,+7.92E+00,-49.15E+00,+2.79E+00,+2.739E+00
2,03/2/2026,18:42:06.546,-0.047E+00,-0.047E+00,+0.000E+00,-0.188E+00,+7.87E+00,-50.10E+00,+2.96E+00,+2.701E+00
2,03/2/2026,18:42:06.546,-0.047E+00,-0.047E+00,-0.047E+00,-0.188E+00,+7.84E+00,-51.05E+00,+3.13E+00,+2.655E+00
2,03/2/2026,18:42:06.546,+0.000E+00,-0.047E+00,+0.000E+00,-0.188E+00,+7.81E+00,-51.98E+00,+3.28E+00,+2.617E+00
2,03/2/2026,18:42:06.546,-0.047E+00,-0.047E+00,+0.000E+00,-0.188E+00,+7.77E+00,-52.91E+00,+3.46E+00,+2.579E+00
2,03/2/2026,18:42:06.546,-0.047E+00,-0.047E+00,-0.047E+00,-0.188E+00,+7.74E+00,-53.85E+00,+3.62E+00,+2.533E+00
2,03/2/2026,18:42:06.546,-0.047E+00,-0.047E+00,-0.047E+00,-0.188E+00,+7.71E+00,-54.78E+00,+3.78E+00,+2.487E+00
2,03/2/2026,18:42:06.546,-0.047E+00,-0.047E+00,-0.047E+00,-0.188E+00,+7.66E+00,-55.71E+00,+3.94E+00,+2.449E+00
2,03/2/2026,18:42:06.546,-0.047E+00,-0.047E+00,-0.047E+00,-0.188E+00,+7.63E+00,-56.63E+00,+4.10E+00,+2.403E+00
2,03/2/2026,18:42:06.546,-0.047E+00,-0.047E+00,-0.047E+00,-0.188E+00,+7.60E+00,-57.55E+00,+4.26E+00,+2.365E+00
2,03/2/2026,18:42:06.546,-0.047E+00,-0.047E+00,-0.047E+00,-0.188E+00,+7.55E+00,-58.46E+00,+4.43E+00,+2.320E+00
2,03/2/2026,18:42:06.546,-0.047E+00,-0.047E+00,-0.047E+00,-0.188E+00,+7.51E+00,-59.36E+00,+4.58E+00,+2.281E+00
2,03/2/2026,18:42:06.546,-0.047E+00,-0.047E+00,-0.047E+00,-0.188E+00,+7.46E+00,-60.28E+00,+4.73E+00,+2.236E+00
2,03/2/2026,18:42:06.546,-0.047E+00,-0.047E+00,-0.047E+00,-0.188E+00,+7.43E+00,-61.13E+00,+4.90E+00,+2.197E+00
2,03/2/2026,18:42:06.546,-0.047E+00,-0.047E+00,-0.047E+00,-0.188E+00,+7.40E+00,-61.85E+00,+5.05E+00,+2.159E+00
2,03/2/2026,18:42:06.546,-0.047E+00,-0.047E+00,+0.000E+00,-0.141E+00,+7.36E+00,-62.54E+00,+5.20E+00,+2.121E+00
2,03/2/2026,18:42:06.546,-0.047E+00,-0.047E+00,+0.000E+00,-0.188E+00,+7.29E+00,-63.38E+00,+5.36E+00,+2.068E+00
2,03/2/2026,18:42:06.546,-0.047E+00,-0.047E+00,+0.000E+00,-0.188E+00,+7.25E+00,-64.26E+00,+5.51E+00,+2.022E+00
2,03/2/2026,18:42:06.546,+0.000E+00,-0.047E+00,-0.047E+00,-0.188E+00,+7.20E+00,-65.13E+00,+5.65E+00,+1.969E+00
2,03/2/2026,18:42:06.547,-0.047E+00,-0.047E+00,+0.000E+00,-0.188E+00,+7.16E+00,-66.02E+00,+5.80E+00,+1.923E+00
2,03/2/2026,18:42:06.547,-0.047E+00,-0.047E+00,+0.000E+00,-0.188E+00,+7.11E+00,-66.89E+00,+5.94E+00,+1.877E+00
2,03/2/2026,18:42:06.547,-0.047E+00,-0.047E+00,-0.047E+00,-0.188E+00,+7.07E+00,-67.74E+00,+6.09E+00,+1.831E+00
2,03/2/2026,18:42:06.547,-0.047E+00,-0.047E+00,-0.047E+00,-0.188E+00,+7.02E+00,-68.58E+00,+6.24E+00,+1.785E+00
2,03/2/2026,18:42:06.547,-0.047E+00,-0.047E+00,-0.047E+00,-0.188E+00,+6.96E+00,-69.42E+00,+6.39E+00,+1.740E+00
2,03/2/2026,18:42:06.547,-0.047E+00,-0.047E+00,+0.000E+00,-0.188E+00,+6.91E+00,-70.26E+00,+6.53E+00,+1.686E+00
2,03/2/2026,18:42:06.547,-0.047E+00,-0.047E+00,+0.000E+00,-0.188E+00,+6.87E+00,-71.10E+00,+6.68E+00,+1.640E+00
2,03/2/2026,18:42:06.547,+0.000E+00,-0.047E+00,-0.047E+00,-0.188E+00,+6.81E+00,-71.91E+00,+6.84E+00,+1.595E+00
2,03/2/2026,18:42:06.547,-0.047E+00,-0.047E+00,-0.047E+00,-0.188E+00,+6.76E+00,-72.73E+00,+6.99E+00,+1.541E+00
2,03/2/2026,18:42:06.547,-0.047E+00,-0.047E+00,+0.000E+00,-0.188E+00,+6.71E+00,-73.54E+00,+7.13E+00,+1.495E+00
2,03/2/2026,18:42:06.547,-0.047E+00,-0.047E+00,+0.000E+00,-0.188E+00,+6.65E+00,-74.33E+00,+7.28E+00,+1.450E+00
2,03/2/2026,18:42:06.547,-0.047E+00,+0.000E+00,+0.000E+00,-0.188E+00,+6.59E+00,-75.13E+00,+7.42E+00,+1.396E+00
2,03/2/2026,18:42:06.547,-0.047E+00,-0.047E+00,+0.000E+00,-0.188E+00,+6.55E+00,-75.92E+00,+7.57E+00,+1.351E+00
2,03/2/2026,18:42:06.547,-0.047E+00,-0.047E+00,+0.000E+00,-0.188E+00,+6.49E+00,-76.70E+00,+7.71E+00,+1.297E+00
2,03/2/2026,18:42:06.547,-0.047E+00,-0.047E+00,+0.000E+00,-0.188E+00,+6.42E+00,-77.48E+00,+7.84E+00,+1.244E+00
2,03/2/2026,18:42:06.547,-0.047E+00,-0.047E+00,-0.047E+00,-0.188E+00,+6.36E+00,-78.22E+00,+8.00E+00,+1.190E+00
2,03/2/2026,18:42:06.547,-0.047E+00,-0.047E+00,-0.047E+00,-0.188E+00,+6.30E+00,-78.99E+00,+8.13E+00,+1.137E+00
2,03/2/2026,18:42:06.547,-0.047E+00,-0.047E+00,+0.000E+00,-0.188E+00,+6.23E+00,-79.73E+00,+8.29E+00,+1.091E+00
2,03/2/2026,18:42:06.547,-0.047E+00,-0.047E+00,+0.000E+00,-0.188E+00,+6.17E+00,-80.47E+00,+8.42E+00,+1.038E+00
2,03/2/2026,18:42:06.547,-0.047E+00,-0.047E+00,+0.000E+00,-0.188E+00,+6.10E+00,-81.20E+00,+8.58E+00,+0.984E+00
2,03/2/2026,18:42:06.548,-0.047E+00,-0.047E+00,-0.047E+00,-0.188E+00,+6.04E+00,-81.93E+00,+8.71E+00,+0.931E+00
2,03/2/2026,18:42:06.548,-0.047E+00,-0.047E+00,-0.047E+00,-0.188E+00,+5.98E+00,-82.65E+00,+8.85E+00,+0.877E+00
2,03/2/2026,18:42:06.548,-0.047E+00,-0.047E+00,+0.000E+00,-0.188E+00,+5.92E+00,-83.35E+00,+8.99E+00,+0.832E+00
2,03/2/2026,18:42:06.548,-0.047E+00,-0.047E+00,+0.000E+00,-0.188E+00,+5.86E+00,-84.04E+00,+9.13E+00,+0.778E+00
2,03/2/2026,18:42:06.548,-0.047E+00,-0.047E+00,+0.000E+00,-0.188E+00,+5.80E+00,-84.71E+00,+9.25E+00,+0.725E+00
2,03/2/2026,18:42:06.548,-0.047E+00,-0.047E+00,+0.000E+00,-0.188E+00,+5.74E+00,-85.38E+00,+9.35E+00,+0.671E+00
2,03/2/2026,18:42:06.548,-0.047E+00,-0.047E+00,+0.000E+00,-0.188E+00,+5.66E+00,-86.02E+00,+9.48E+00,+0.618E+00
2,03/2/2026,18:42:06.548,+0.000E+00,-0.047E+00,-0.047E+00,-0.188E+00,+5.60E+00,-86.63E+00,+9.60E+00,+0.565E+00
2,03/2/2026,18:42:06.548,-0.047E+00,-0.047E+00,-0.047E+00,-0.188E+00,+5.52E+00,-87.23E+00,+9.71E+00,+0.511E+00
2,03/2/2026,18:42:06.548,-0.047E+00,-0.047E+00,-0.047E+00,-0.188E+00,+5.45E+00,-87.82E+00,+9.83E+00,+0.458E+00
2,03/2/2026,18:42:06.548,-0.047E+00,-0.047E+00,-0.047E+00,-0.188E+00,+5.39E+00,-88.37E+00,+9.92E+00,+0.404E+00
2,03/2/2026,18:42:06.548,-0.047E+00,-0.047E+00,+0.000E+00,-0.188E+00,+5.31E+00,-88.92E+00,+10.03E+00,+0.343E+00
2,03/2/2026,18:42:06.548,-0.047E+00,-0.047E+00,-0.047E+00,-0.188E+00,+5.23E+00,-89.44E+00,+10.13E+00,+0.290E+00
2,03/2/2026,18:42:06.548,-0.047E+00,-0.047E+00,+0.000E+00,-0.188E+00,+5.16E+00,-89.96E+00,+10.24E+00,+0.237E+00
2,03/2/2026,18:42:06.548,-0.047E+00,-0.047E+00,+0.000E+00,-0.188E+00,+5.08E+00,-90.45E+00,+10.33E+00,+0.183E+00
2,03/2/2026,18:42:06.548,-0.047E+00,-0.047E+00,-0.047E+00,-0.188E+00,+4.99E+00,-90.92E+00,+10.42E+00,+0.122E+00
2,03/2/2026,18:42:06.548,-0.047E+00,-0.047E+00,-0.047E+00,-0.188E+00,+4.91E+00,-91.36E+00,+10.51E+00,+0.061E+00
2,03/2/2026,18:42:06.548,-0.047E+00,-0.047E+00,+0.000E+00,-0.188E+00,+4.82E+00,-91.79E+00,+10.61E+00,+0.008E+00
2,03/2/2026,18:42:06.548,-0.047E+00,-0.047E+00,+0.000E+00,-0.188E+00,+4.75E+00,-92.20E+00,+10.70E+00,-0.046E+00
2,03/2/2026,18:42:06.548,-0.047E+00,-0.047E+00,-0.047E+00,-0.188E+00,+4.67E+00,-92.58E+00,+10.79E+00,-0.107E+00
2,03/2/2026,18:42:06.549,-0.047E+00,-0.047E+00,-0.047E+00,-0.188E+00,+4.59E+00,-92.95E+00,+10.88E+00,-0.160E+00
2,03/2/2026,18:42:06.549,-0.047E+00,-0.047E+00,+0.000E+00,-0.188E+00,+4.50E+00,-93.29E+00,+10.97E+00,-0.214E+00
2,03/2/2026,18:42:06.549,-0.047E+00,-0.047E+00,-0.047E+00,-0.188E+00,+4.43E+00,-93.61E+00,+11.05E+00,-0.267E+00
2,03/2/2026,18:42:06.549,-0.047E+00,-0.047E+00,-0.047E+00,-0.188E+00,+4.35E+00,-93.91E+00,+11.12E+00,-0.320E+00
2,03/2/2026,18:42:06.549,-0.047E+00,-0.047E+00,-0.047E+00,-0.188E+00,+4.26E+00,-94.19E+00,+11.22E+00,-0.382E+00
2,03/2/2026,18:42:06.549,-0.047E+00,-0.047E+00,-0.047E+00,-0.188E+00,+4.17E+00,-94.45E+00,+11.29E+00,-0.435E+00
2,03/2/2026,18:42:06.549,-0.047E+00,-0.047E+00,-0.047E+00,-0.188E+00,+4.09E+00,-94.69E+00,+11.37E+00,-0.496E+00
2,03/2/2026,18:42:06.549,-0.047E+00,-0.047E+00,-0.047E+00,-0.188E+00,+4.00E+00,-94.90E+00,+11.45E+00,-0.549E+00
2,03/2/2026,18:42:06.549,-0.047E+00,-0.047E+00,+0.000E+00,-0.188E+00,+3.91E+00,-95.10E+00,+11.52E+00,-0.603E+00
2,03/2/2026,18:42:06.549,-0.047E+00,-0.047E+00,+0.000E+00,-0.188E+00,+3.82E+00,-95.27E+00,+11.58E+00,-0.664E+00
2,03/2/2026,18:42:06.549,-0.047E+00,-0.047E+00,-0.047E+00,-0.188E+00,+3.72E+00,-95.44E+00,+11.64E+00,-0.725E+00
2,03/2/2026,18:42:06.549,-0.047E+00,-0.047E+00,-0.047E+00,-0.188E+00,+3.63E+00,-95.57E+00,+11.70E+00,-0.778E+00
2,03/2/2026,18:42:06.549,-0.047E+00,-0.047E+00,+0.000E+00,-0.188E+00,+3.56E+00,-95.70E+00,+11.77E+00,-0.832E+00
2,03/2/2026,18:42:06.549,-0.047E+00,-0.047E+00,+0.000E+00,-0.188E+00,+3.45E+00,-95.80E+00,+11.84E+00,-0.885E+00
2,03/2/2026,18:42:06.549,-0.047E+00,-0.047E+00,+0.000E+00,-0.188E+00,+3.36E+00,-95.90E+00,+11.89E+00,-0.946E+00
2,03/2/2026,18:42:06.549,-0.047E+00,-0.047E+00,-0.047E+00,-0.188E+00,+3.28E+00,-95.96E+00,+11.93E+00,-1.000E+00
2,03/2/2026,18:42:06.549,-0.047E+00,-0.047E+00,-0.047E+00,-0.188E+00,+3.17E+00,-95.99E+00,+11.98E+00,-1.053E+00
2,03/2/2026,18:42:06.549,-0.047E+00,-0.047E+00,+0.000E+00,-0.188E+00,+3.10E+00,-96.00E+00,+12.04E+00,-1.099E+00
2,03/2/2026,18:42:06.549,-0.047E+00,-0.047E+00,-0.047E+00,-0.188E+00,+3.01E+00,-96.00E+00,+12.09E+00,-1.160E+00
2,03/2/2026,18:42:06.549,-0.047E+00,-0.047E+00,-0.047E+00,-0.188E+00,+2.91E+00,-95.99E+00,+12.12E+00,-1.213E+00
2,03/2/2026,18:42:06.550,-0.047E+00,+0.000E+00,-0.047E+00,-0.188E+00,+2.82E+00,-95.96E+00,+12.16E+00,-1.267E+00
2,03/2/2026,18:42:06.550,-0.047E+00,-0.047E+00,-0.047E+00,-0.188E+00,+2.73E+00,-95.90E+00,+12.21E+00,-1.312E+00
2,03/2/2026,18:42:06.550,-0.047E+00,-0.047E+00,+0.000E+00,-0.188E+00,+2.64E+00,-95.82E+00,+12.25E+00,-1.366E+00
2,03/2/2026,18:42:06.550,-0.047E+00,-0.047E+00,-0.047E+00,-0.188E+00,+2.55E+00,-95.74E+00,+12.28E+00,-1.419E+00
2,03/2/2026,18:42:06.550,-0.047E+00,-0.047E+00,-0.047E+00,-0.188E+00,+2.47E+00,-95.62E+00,+12.31E+00,-1.465E+00
2,03/2/2026,18:42:06.550,-0.047E+00,-0.047E+00,+0.000E+00,-0.188E+00,+2.37E+00,-95.51E+00,+12.36E+00,-1.518E+00
2,03/2/2026,18:42:06.550,-0.047E+00,-0.047E+00,-0.047E+00,-0.188E+00,+2.27E+00,-95.38E+00,+12.38E+00,-1.564E+00
2,03/2/2026,18:42:06.550,-0.047E+00,-0.047E+00,+0.000E+00,-0.188E+00,+2.20E+00,-95.21E+00,+12.41E+00,-1.618E+00
2,03/2/2026,18:42:06.550,-0.047E+00,-0.047E+00,+0.000E+00,-0.188E+00,+2.11E+00,-95.04E+00,+12.44E+00,-1.663E+00
2,03/2/2026,18:42:06.550,-0.047E+00,-0.047E+00,-0.047E+00,-0.188E+00,+2.01E+00,-94.84E+00,+12.47E+00,-1.717E+00
2,03/2/2026,18:42:06.550,-0.047E+00,-0.047E+00,-0.047E+00,-0.188E+00,+1.92E+00,-94.63E+00,+12.50E+00,-1.763E+00
2,03/2/2026,18:42:06.550,-0.047E+00,-0.047E+00,+0.000E+00,-0.188E+00,+1.83E+00,-94.40E+00,+12.51E+00,-1.808E+00
2,03/2/2026,18:42:06.550,-0.047E+00,-0.047E+00,-0.047E+00,-0.188E+00,+1.74E+00,-94.14E+00,+12.54E+00,-1.854E+00
2,03/2/2026,18:42:06.550,-0.047E+00,-0.047E+00,+0.000E+00,-0.188E+00,+1.65E+00,-93.87E+00,+12.56E+00,-1.908E+00
2,03/2/2026,18:42:06.550,-0.047E+00,-0.047E+00,+0.000E+00,-0.188E+00,+1.56E+00,-93.58E+00,+12.57E+00,-1.953E+00
2,03/2/2026,18:42:06.550,-0.047E+00,-0.047E+00,-0.047E+00,-0.188E+00,+1.46E+00,-93.27E+00,+12.59E+00,-1.999E+00
2,03/2/2026,18:42:06.550,-0.047E+00,-0.047E+00,-0.047E+00,-0.188E+00,+1.37E+00,-92.95E+00,+12.60E+00,-2.052E+00
2,03/2/2026,18:42:06.550,-0.047E+00,-0.047E+00,+0.000E+00,-0.188E+00,+1.28E+00,-92.60E+00,+12.62E+00,-2.098E+00
2,03/2/2026,18:42:06.550,-0.047E+00,-0.047E+00,+0.000E+00,-0.188E+00,+1.18E+00,-92.23E+00,+12.64E+00,-2.144E+00
2,03/2/2026,18:42:06.550,-0.047E+00,-0.047E+00,+0.000E+00,-0.188E+00,+1.08E+00,-91.85E+00,+12.64E+00,-2.190E+00
2,03/2/2026,18:42:06.551,-0.047E+00,-0.047E+00,+0.000E+00,-0.188E+00,+0.99E+00,-91.45E+00,+12.65E+00,-2.243E+00
2,03/2/2026,18:42:06.551,-0.047E+00,-0.047E+00,-0.047E+00,-0.188E+00,+0.90E+00,-91.03E+00,+12.67E+00,-2.289E+00
2,03/2/2026,18:42:06.551,+0.000E+00,-0.047E+00,+0.000E+00,-0.188E+00,+0.79E+00,-90.60E+00,+12.67E+00,-2.335E+00
2,03/2/2026,18:42:06.551,-0.047E+00,-0.047E+00,+0.000E+00,-0.188E+00,+0.70E+00,-90.14E+00,+12.68E+00,-2.381E+00
2,03/2/2026,18:42:06.551,-0.047E+00,-0.047E+00,-0.047E+00,-0.188E+00,+0.60E+00,-89.65E+00,+12.68E+00,-2.426E+00
2,03/2/2026,18:42:06.551,-0.047E+00,-0.047E+00,-0.047E+00,-0.188E+00,+0.50E+00,-89.15E+00,+12.68E+00,-2.472E+00
2,03/2/2026,18:42:06.551,-0.047E+00,-0.047E+00,-0.047E+00,-0.188E+00,+0.40E+00,-88.65E+00,+12.70E+00,-2.518E+00
2,03/2/2026,18:42:06.551,-0.047E+00,-0.047E+00,-0.047E+00,-0.188E+00,+0.31E+00,-88.11E+00,+12.68E+00,-2.564E+00
2,03/2/2026,18:42:06.551,-0.047E+00,-0.047E+00,+0.000E+00,-0.188E+00,+0.21E+00,-87.55E+00,+12.68E+00,-2.609E+00
2,03/2/2026,18:42:06.551,-0.047E+00,-0.047E+00,+0.000E+00,-0.188E+00,+0.12E+00,-86.97E+00,+12.68E+00,-2.655E+00
2,03/2/2026,18:42:06.551,-0.047E+00,-0.047E+00,-0.047E+00,-0.188E+00,+0.03E+00,-86.39E+00,+12.67E+00,-2.693E+00
2,03/2/2026,18:42:06.551,-0.047E+00,-0.047E+00,-0.047E+00,-0.188E+00,-0.06E+00,-85.78E+00,+12.67E+00,-2.732E+00
2,03/2/2026,18:42:06.551,-0.047E+00,-0.047E+00,+0.000E+00,-0.188E+00,-0.14E+00,-85.15E+00,+12.65E+00,-2.770E+00
2,03/2/2026,18:42:06.551,-0.047E+00,-0.047E+00,+0.000E+00,-0.188E+00,-0.21E+00,-84.51E+00,+12.62E+00,-2.808E+00
2,03/2/2026,18:42:06.551,-0.047E+00,-0.047E+00,-0.047E+00,-0.188E+00,-0.31E+00,-83.85E+00,+12.59E+00,-2.846E+00
2,03/2/2026,18:42:06.551,-0.047E+00,-0.047E+00,+0.000E+00,-0.188E+00,-0.38E+00,-83.17E+00,+12.56E+00,-2.877E+00
2,03/2/2026,18:42:06.551,-0.047E+00,-0.047E+00,+0.000E+00,-0.188E+00,-0.46E+00,-82.48E+00,+12.51E+00,-2.907E+00
2,03/2/2026,18:42:06.551,+0.000E+00,-0.047E+00,+0.000E+00,-0.188E+00,-0.55E+00,-81.76E+00,+12.45E+00,-2.938E+00
2,03/2/2026,18:42:06.551,+0.000E+00,-0.047E+00,-0.047E+00,-0.188E+00,-0.61E+00,-81.03E+00,+12.39E+00,-2.968E+00
2,03/2/2026,18:42:06.551,-0.047E+00,-0.047E+00,-0.047E+00,-0.188E+00,-0.69E+00,-80.30E+00,+12.31E+00,-2.999E+00
2,03/2/2026,18:42:06.552,-0.047E+00,-0.047E+00,-0.047E+00,-0.188E+00,-0.76E+00,-79.55E+00,+12.24E+00,-3.029E+00
2,03/2/2026,18:42:06.552,+0.000E+00,-0.047E+00,+0.000E+00,-0.188E+00,-0.84E+00,-78.79E+00,+12.15E+00,-3.052E+00
2,03/2/2026,18:42:06.552,-0.047E+00,-0.047E+00,+0.000E+00,-0.188E+00,-0.93E+00,-78.01E+00,+12.07E+00,-3.083E+00
2,03/2/2026,18:42:06.552,-0.047E+00,-0.047E+00,+0.000E+00,-0.188E+00,-1.01E+00,-77.20E+00,+11.99E+00,-3.113E+00
2,03/2/2026,18:42:06.552,-0.047E+00,-0.047E+00,+0.000E+00,-0.188E+00,-1.08E+00,-76.39E+00,+11.92E+00,-3.136E+00
2,03/2/2026,18:42:06.552,-0.047E+00,-0.047E+00,+0.000E+00,-0.188E+00,-1.14E+00,-75.54E+00,+11.84E+00,-3.159E+00
2,03/2/2026,18:42:06.552,-0.047E+00,-0.047E+00,+0.000E+00,-0.188E+00,-1.22E+00,-74.70E+00,+11.77E+00,-3.182E+00
2,03/2/2026,18:42:06.552,-0.047E+00,+0.000E+00,-0.047E+00,-0.188E+00,-1.28E+00,-73.83E+00,+11.67E+00,-3.197E+00
2,03/2/2026,18:42:06.552,-0.047E+00,-0.047E+00,+0.000E+00,-0.188E+00,-1.34E+00,-72.94E+00,+11.60E+00,-3.220E+00
2,03/2/2026,18:42:06.552,-0.047E+00,-0.047E+00,+0.000E+00,-0.188E+00,-1.40E+00,-72.04E+00,+11.52E+00,-3.235E+00
2,03/2/2026,18:42:06.552,-0.047E+00,-0.047E+00,-0.047E+00,-0.188E+00,-1.46E+00,-71.13E+00,+11.43E+00,-3.250E+00
2,03/2/2026,18:42:06.552,-0.047E+00,-0.047E+00,-0.047E+00,-0.188E+00,-1.51E+00,-70.20E+00,+11.32E+00,-3.266E+00
2,03/2/2026,18:42:06.552,-0.047E+00,-0.047E+00,+0.000E+00,-0.188E+00,-1.57E+00,-69.25E+00,+11.22E+00,-3.281E+00
2,03/2/2026,18:42:06.552,-0.047E+00,-0.047E+00,+0.000E+00,-0.188E+00,-1.63E+00,-68.29E+00,+11.11E+00,-3.289E+00
2,03/2/2026,18:42:06.552,-0.047E+00,-0.047E+00,-0.047E+00,-0.188E+00,-1.69E+00,-67.30E+00,+10.99E+00,-3.304E+00
2,03/2/2026,18:42:06.552,-0.047E+00,-0.047E+00,-0.047E+00,-0.188E+00,-1.75E+00,-66.31E+00,+10.88E+00,-3.319E+00
2,03/2/2026,18:42:06.552,-0.047E+00,-0.047E+00,-0.047E+00,-0.188E+00,-1.83E+00,-65.30E+00,+10.76E+00,-3.334E+00
2,03/2/2026,18:42:06.552,-0.047E+00,-0.047E+00,+0.000E+00,-0.188E+00,-1.89E+00,-64.28E+00,+10.65E+00,-3.350E+00
2,03/2/2026,18:42:06.552,-0.047E+00,-0.047E+00,+0.000E+00,-0.188E+00,-1.95E+00,-63.24E+00,+10.54E+00,-3.365E+00
2,03/2/2026,18:42:06.552,-0.047E+00,-0.047E+00,-0.047E+00,-0.188E+00,-2.01E+00,-62.19E+00,+10.44E+00,-3.373E+00
2,03/2/2026,18:42:06.553,+0.000E+00,-0.047E+00,+0.000E+00,-0.188E+00,-2.08E+00,-61.10E+00,+10.32E+00,-3.388E+00
2,03/2/2026,18:42:06.553,-0.047E+00,-0.047E+00,+0.000E+00,-0.235E+00,-2.15E+00,-60.02E+00,+10.19E+00,-3.403E+00
2,03/2/2026,18:42:06.553,-0.047E+00,-0.047E+00,-0.047E+00,-0.188E+00,-2.21E+00,-58.93E+00,+10.09E+00,-3.418E+00
2,03/2/2026,18:42:06.553,+0.000E+00,-0.047E+00,-0.047E+00,-0.188E+00,-2.27E+00,-57.82E+00,+9.98E+00,-3.426E+00
2,03/2/2026,18:42:06.553,-0.047E+00,-0.047E+00,-0.047E+00,-0.188E+00,-2.33E+00,-56.71E+00,+9.84E+00,-3.434E+00
2,03/2/2026,18:42:06.553,-0.047E+00,-0.047E+00,-0.047E+00,-0.188E+00,-2.40E+00,-55.58E+00,+9.72E+00,-3.441E+00
2,03/2/2026,18:42:06.553,-0.047E+00,-0.047E+00,-0.047E+00,-0.188E+00,-2.46E+00,-54.43E+00,+9.60E+00,-3.456E+00
2,03/2/2026,18:42:06.553,-0.047E+00,-0.047E+00,-0.047E+00,-0.188E+00,-2.52E+00,-53.27E+00,+9.46E+00,-3.464E+00
2,03/2/2026,18:42:06.553,-0.047E+00,-0.047E+00,-0.047E+00,-0.188E+00,-2.58E+00,-52.11E+00,+9.34E+00,-3.472E+00
2,03/2/2026,18:42:06.553,-0.047E+00,-0.047E+00,-0.047E+00,-0.188E+00,-2.64E+00,-50.94E+00,+9.20E+00,-3.479E+00
2,03/2/2026,18:42:06.553,-0.047E+00,-0.047E+00,-0.047E+00,-0.188E+00,-2.70E+00,-49.75E+00,+9.08E+00,-3.487E+00
2,03/2/2026,18:42:06.553,-0.047E+00,-0.047E+00,-0.047E+00,-0.188E+00,-2.76E+00,-48.56E+00,+8.94E+00,-3.487E+00
2,03/2/2026,18:42:06.553,-0.047E+00,+0.000E+00,-0.047E+00,-0.188E+00,-2.81E+00,-47.35E+00,+8.81E+00,-3.495E+00
2,03/2/2026,18:42:06.553,-0.047E+00,-0.047E+00,-0.047E+00,-0.188E+00,-2.87E+00,-46.15E+00,+8.67E+00,-3.495E+00
2,03/2/2026,18:42:06.553,+0.000E+00,-0.047E+00,+0.000E+00,-0.188E+00,-2.91E+00,-44.93E+00,+8.53E+00,-3.502E+00
2,03/2/2026,18:42:06.553,-0.047E+00,-0.047E+00,+0.000E+00,-0.188E+00,-2.99E+00,-43.69E+00,+8.39E+00,-3.510E+00
2,03/2/2026,18:42:06.553,-0.047E+00,-0.047E+00,+0.000E+00,-0.188E+00,-3.04E+00,-42.45E+00,+8.26E+00,-3.510E+00
2,03/2/2026,18:42:06.553,-0.047E+00,-0.047E+00,-0.047E+00,-0.188E+00,-3.10E+00,-41.20E+00,+8.12E+00,-3.510E+00
2,03/2/2026,18:42:06.553,-0.047E+00,-0.047E+00,-0.047E+00,-0.188E+00,-3.16E+00,-39.94E+00,+7.97E+00,-3.510E+00
2,03/2/2026,18:42:06.553,-0.047E+00,-0.047E+00,-0.047E+00,-0.188E+00,-3.20E+00,-38.67E+00,+7.83E+00,-3.510E+00
2,03/2/2026,18:42:06.554,-0.047E+00,-0.047E+00,-0.047E+00,-0.188E+00,-3.27E+00,-37.39E+00,+7.68E+00,-3.510E+00
2,03/2/2026,18:42:06.554,-0.047E+00,-0.047E+00,-0.047E+00,-0.188E+00,-3.31E+00,-36.11E+00,+7.52E+00,-3.510E+00
2,03/2/2026,18:42:06.554,-0.047E+00,-0.047E+00,+0.000E+00,-0.188E+00,-3.37E+00,-34.82E+00,+7.39E+00,-3.517E+00
2,03/2/2026,18:42:06.554,-0.047E+00,-0.047E+00,+0.000E+00,-0.188E+00,-3.43E+00,-33.53E+00,+7.22E+00,-3.517E+00
2,03/2/2026,18:42:06.554,+0.000E+00,-0.047E+00,+0.000E+00,-0.188E+00,-3.48E+00,-32.21E+00,+7.08E+00,-3.510E+00
2,03/2/2026,18:42:06.554,-0.047E+00,-0.047E+00,+0.000E+00,-0.188E+00,-3.54E+00,-30.90E+00,+6.93E+00,-3.510E+00
2,03/2/2026,18:42:06.554,-0.047E+00,-0.047E+00,+0.000E+00,-0.188E+00,-3.59E+00,-29.57E+00,+6.78E+00,-3.510E+00
2,03/2/2026,18:42:06.554,-0.047E+00,-0.047E+00,+0.000E+00,-0.188E+00,-3.65E+00,-28.25E+00,+6.61E+00,-3.510E+00
2,03/2/2026,18:42:06.554,-0.047E+00,-0.047E+00,-0.047E+00,-0.188E+00,-3.69E+00,-26.90E+00,+6.44E+00,-3.510E+00
2,03/2/2026,18:42:06.554,-0.047E+00,-0.047E+00,+0.000E+00,-0.188E+00,-3.75E+00,-25.56E+00,+6.29E+00,-3.502E+00
2,03/2/2026,18:42:06.554,-0.047E+00,-0.047E+00,+0.000E+00,-0.188E+00,-3.80E+00,-24.20E+00,+6.13E+00,-3.495E+00
2,03/2/2026,18:42:06.554,-0.047E+00,-0.047E+00,-0.047E+00,-0.235E+00,-3.86E+00,-22.84E+00,+5.97E+00,-3.495E+00
2,03/2/2026,18:42:06.554,-0.047E+00,-0.047E+00,+0.000E+00,-0.188E+00,-3.91E+00,-21.49E+00,+5.81E+00,-3.495E+00
2,03/2/2026,18:42:06.554,-0.047E+00,-0.047E+00,-0.047E+00,-0.188E+00,-3.97E+00,-20.11E+00,+5.65E+00,-3.487E+00
2,03/2/2026,18:42:06.554,-0.047E+00,-0.047E+00,-0.047E+00,-0.188E+00,-4.03E+00,-18.74E+00,+5.48E+00,-3.479E+00
2,03/2/2026,18:42:06.554,-0.047E+00,-0.047E+00,+0.000E+00,-0.188E+00,-4.07E+00,-17.37E+00,+5.33E+00,-3.472E+00
2,03/2/2026,18:42:06.554,+0.000E+00,-0.047E+00,-0.047E+00,-0.188E+00,-4.12E+00,-15.99E+00,+5.16E+00,-3.464E+00
2,03/2/2026,18:42:06.554,-0.047E+00,-0.047E+00,-0.047E+00,-0.188E+00,-4.15E+00,-14.62E+00,+4.97E+00,-3.456E+00
2,03/2/2026,18:42:06.554,-0.047E+00,-0.047E+00,+0.000E+00,-0.188E+00,-4.20E+00,-13.25E+00,+4.81E+00,-3.441E+00
2,03/2/2026,18:42:06.554,+0.000E+00,-0.047E+00,+0.000E+00,-0.188E+00,-4.23E+00,-11.87E+00,+4.64E+00,-3.426E+00
2,03/2/2026,18:42:06.555,-0.047E+00,-0.047E+00,+0.000E+00,-0.188E+00,-4.26E+00,-10.50E+00,+4.47E+00,-3.411E+00
2,03/2/2026,18:42:06.555,-0.094E+00,-0.047E+00,+0.000E+00,-0.188E+00,-4.29E+00,-9.13E+00,+4.30E+00,-3.395E+00
2,03/2/2026,18:42:06.555,-0.047E+00,-0.047E+00,-0.047E+00,-0.188E+00,-4.32E+00,-7.77E+00,+4.14E+00,-3.373E+00
2,03/2/2026,18:42:06.555,-0.047E+00,-0.047E+00,-0.047E+00,-0.188E+00,-4.33E+00,-6.39E+00,+3.95E+00,-3.350E+00
2,03/2/2026,18:42:06.555,-0.047E+00,-0.047E+00,-0.047E+00,-0.188E+00,-4.35E+00,-5.04E+00,+3.78E+00,-3.327E+00
2,03/2/2026,18:42:06.555,-0.047E+00,-0.047E+00,-0.047E+00,-0.188E+00,-4.38E+00,-3.68E+00,+3.60E+00,-3.304E+00
2,03/2/2026,18:42:06.555,-0.047E+00,-0.047E+00,-0.047E+00,-0.188E+00,-4.38E+00,-2.32E+00,+3.43E+00,-3.281E+00
2,03/2/2026,18:42:06.555,-0.047E+00,-0.047E+00,-0.047E+00,-0.188E+00,-4.39E+00,-0.96E+00,+3.27E+00,-3.250E+00
2,03/2/2026,18:42:06.555,-0.047E+00,-0.047E+00,+0.000E+00,-0.188E+00,-4.41E+00,+0.38E+00,+3.08E+00,-3.228E+00
2,03/2/2026,18:42:06.555,-0.047E+00,-0.047E+00,-0.047E+00,-0.188E+00,-4.41E+00,+1.72E+00,+2.91E+00,-3.197E+00
2,03/2/2026,18:42:06.555,-0.047E+00,-0.047E+00,-0.047E+00,-0.188E+00,-4.41E+00,+3.07E+00,+2.73E+00,-3.166E+00
2,03/2/2026,18:42:06.555,+0.000E+00,-0.047E+00,+0.000E+00,-0.188E+00,-4.41E+00,+4.41E+00,+2.56E+00,-3.136E+00
2,03/2/2026,18:42:06.555,-0.047E+00,-0.047E+00,+0.000E+00,-0.188E+00,-4.41E+00,+5.74E+00,+2.38E+00,-3.098E+00
2,03/2/2026,18:42:06.555,-0.047E+00,-0.047E+00,+0.000E+00,-0.188E+00,-4.41E+00,+7.07E+00,+2.20E+00,-3.067E+00
2,03/2/2026,18:42:06.555,-0.047E+00,-0.047E+00,-0.047E+00,-0.141E+00,-4.39E+00,+8.39E+00,+2.03E+00,-3.029E+00
2,03/2/2026,18:42:06.555,-0.047E+00,-0.047E+00,+0.000E+00,-0.188E+00,-4.39E+00,+9.71E+00,+1.86E+00,-2.999E+00
2,03/2/2026,18:42:06.555,-0.047E+00,-0.047E+00,+0.000E+00,-0.188E+00,-4.38E+00,+11.03E+00,+1.68E+00,-2.960E+00
2,03/2/2026,18:42:06.555,-0.047E+00,-0.047E+00,-0.047E+00,-0.188E+00,-4.36E+00,+12.33E+00,+1.51E+00,-2.922E+00
2,03/2/2026,18:42:06.555,-0.047E+00,-0.047E+00,-0.047E+00,-0.188E+00,-4.35E+00,+13.63E+00,+1.33E+00,-2.884E+00
2,03/2/2026,18:42:06.555,+0.000E+00,-0.047E+00,-0.047E+00,-0.188E+00,-4.33E+00,+14.91E+00,+1.14E+00,-2.846E+00
2,03/2/2026,18:42:06.556,-0.047E+00,-0.047E+00,-0.047E+00,-0.188E+00,-4.32E+00,+16.19E+00,+0.98E+00,-2.800E+00
2,03/2/2026,18:42:06.556,-0.047E+00,-0.047E+00,+0.000E+00,-0.188E+00,-4.29E+00,+17.46E+00,+0.79E+00,-2.762E+00
2,03/2/2026,18:42:06.556,-0.047E+00,-0.047E+00,+0.000E+00,-0.188E+00,-4.27E+00,+18.72E+00,+0.63E+00,-2.724E+00
2,03/2/2026,18:42:06.556,-0.047E+00,-0.047E+00,+0.000E+00,-0.188E+00,-4.26E+00,+19.99E+00,+0.44E+00,-2.678E+00
2,03/2/2026,18:42:06.556,-0.047E+00,-0.047E+00,+0.000E+00,-0.188E+00,-4.23E+00,+21.23E+00,+0.26E+00,-2.640E+00
2,03/2/2026,18:42:06.556,-0.047E+00,-0.047E+00,-0.047E+00,-0.188E+00,-4.21E+00,+22.48E+00,+0.08E+00,-2.594E+00
2,03/2/2026,18:42:06.556,-0.047E+00,-0.047E+00,-0.047E+00,-0.188E+00,-4.18E+00,+23.70E+00,-0.09E+00,-2.556E+00
2,03/2/2026,18:42:06.556,-0.047E+00,-0.047E+00,-0.047E+00,-0.188E+00,-4.17E+00,+24.94E+00,-0.27E+00,-2.518E+00
2,03/2/2026,18:42:06.556,-0.047E+00,-0.047E+00,-0.047E+00,-0.188E+00,-4.14E+00,+26.17E+00,-0.44E+00,-2.472E+00
2,03/2/2026,18:42:06.556,-0.047E+00,-0.047E+00,+0.000E+00,-0.188E+00,-4.12E+00,+27.38E+00,-0.63E+00,-2.434E+00
2,03/2/2026,18:42:06.556,-0.047E+00,-0.047E+00,+0.000E+00,-0.188E+00,-4.09E+00,+28.58E+00,-0.79E+00,-2.388E+00
2,03/2/2026,18:42:06.556,-0.047E+00,-0.047E+00,+0.000E+00,-0.188E+00,-4.07E+00,+29.79E+00,-0.96E+00,-2.350E+00
2,03/2/2026,18:42:06.556,-0.047E+00,-0.047E+00,+0.000E+00,-0.188E+00,-4.04E+00,+30.96E+00,-1.13E+00,-2.304E+00
2,03/2/2026,18:42:06.556,-0.047E+00,-0.047E+00,+0.000E+00,-0.188E+00,-4.01E+00,+32.14E+00,-1.31E+00,-2.266E+00
2,03/2/2026,18:42:06.556,-0.047E+00,-0.047E+00,+0.000E+00,-0.188E+00,-3.98E+00,+33.31E+00,-1.48E+00,-2.220E+00
2,03/2/2026,18:42:06.556,-0.047E+00,-0.047E+00,+0.000E+00,-0.188E+00,-3.97E+00,+34.47E+00,-1.65E+00,-2.175E+00
2,03/2/2026,18:42:06.556,+0.000E+00,-0.047E+00,-0.047E+00,-0.188E+00,-3.92E+00,+35.63E+00,-1.82E+00,-2.129E+00
2,03/2/2026,18:42:06.556,-0.047E+00,-0.047E+00,-0.047E+00,-0.188E+00,-3.89E+00,+36.78E+00,-1.98E+00,-2.091E+00
2,03/2/2026,18:42:06.556,-0.047E+00,-0.047E+00,-0.047E+00,-0.188E+00,-3.86E+00,+37.91E+00,-2.14E+00,-2.045E+00
2,03/2/2026,18:42:06.556,-0.047E+00,-0.047E+00,-0.047E+00,-0.188E+00,-3.83E+00,+39.02E+00,-2.30E+00,-1.999E+00
2,03/2/2026,18:42:06.557,+0.000E+00,-0.047E+00,-0.047E+00,-0.188E+00,-3.78E+00,+40.15E+00,-2.46E+00,-1.953E+00
2,03/2/2026,18:42:06.557,-0.047E+00,-0.047E+00,+0.000E+00,-0.188E+00,-3.75E+00,+41.25E+00,-2.62E+00,-1.908E+00
2,03/2/2026,18:42:06.557,-0.047E+00,-0.047E+00,+0.000E+00,-0.188E+00,-3.72E+00,+42.35E+00,-2.79E+00,-1.862E+00
2,03/2/2026,18:42:06.557,-0.047E+00,-0.047E+00,+0.000E+00,-0.188E+00,-3.69E+00,+43.43E+00,-2.95E+00,-1.824E+00
2,03/2/2026,18:42:06.557,-0.047E+00,-0.047E+00,+0.000E+00,-0.188E+00,-3.65E+00,+44.51E+00,-3.11E+00,-1.770E+00
2,03/2/2026,18:42:06.557,-0.047E+00,-0.047E+00,+0.000E+00,-0.188E+00,-3.60E+00,+45.57E+00,-3.27E+00,-1.724E+00
2,03/2/2026,18:42:06.557,-0.047E+00,-0.047E+00,+0.000E+00,-0.188E+00,-3.57E+00,+46.64E+00,-3.42E+00,-1.671E+00
2,03/2/2026,18:42:06.557,-0.047E+00,-0.047E+00,+0.000E+00,-0.188E+00,-3.53E+00,+47.69E+00,-3.59E+00,-1.633E+00
2,03/2/2026,18:42:06.557,-0.047E+00,-0.047E+00,-0.047E+00,-0.188E+00,-3.48E+00,+48.73E+00,-3.74E+00,-1.579E+00
2,03/2/2026,18:42:06.557,-0.047E+00,-0.047E+00,-0.047E+00,-0.188E+00,-3.43E+00,+49.75E+00,-3.89E+00,-1.526E+00
2,03/2/2026,18:42:06.557,+0.000E+00,-0.047E+00,-0.047E+00,-0.188E+00,-3.39E+00,+50.77E+00,-4.06E+00,-1.480E+00
2,03/2/2026,18:42:06.557,+0.000E+00,-0.047E+00,+0.000E+00,-0.188E+00,-3.34E+00,+51.78E+00,-4.21E+00,-1.434E+00
2,03/2/2026,18:42:06.557,+0.000E+00,-0.047E+00,+0.000E+00,-0.188E+00,-3.30E+00,+52.77E+00,-4.35E+00,-1.381E+00
2,03/2/2026,18:42:06.557,-0.047E+00,-0.047E+00,-0.047E+00,-0.188E+00,-3.24E+00,+53.78E+00,-4.52E+00,-1.335E+00
2,03/2/2026,18:42:06.557,+0.000E+00,-0.047E+00,+0.000E+00,-0.188E+00,-3.19E+00,+54.75E+00,-4.67E+00,-1.282E+00
2,03/2/2026,18:42:06.557,+0.000E+00,-0.047E+00,+0.000E+00,-0.141E+00,-3.13E+00,+55.73E+00,-4.82E+00,-1.228E+00
2,03/2/2026,18:42:06.557,-0.047E+00,-0.047E+00,+0.000E+00,-0.188E+00,-3.08E+00,+56.69E+00,-4.96E+00,-1.175E+00
2,03/2/2026,18:42:06.557,-0.047E+00,-0.047E+00,-0.047E+00,-0.188E+00,-3.02E+00,+57.64E+00,-5.11E+00,-1.129E+00
2,03/2/2026,18:42:06.557,-0.047E+00,-0.047E+00,+0.000E+00,-0.188E+00,-2.98E+00,+58.58E+00,-5.26E+00,-1.076E+00
2,03/2/2026,18:42:06.557,-0.047E+00,-0.047E+00,+0.000E+00,-0.188E+00,-2.91E+00,+59.51E+00,-5.42E+00,-1.022E+00
2,03/2/2026,18:42:06.558,-0.047E+00,-0.047E+00,-0.047E+00,-0.188E+00,-2.85E+00,+60.45E+00,-5.57E+00,-0.969E+00
2,03/2/2026,18:42:06.558,-0.047E+00,-0.047E+00,-0.047E+00,-0.188E+00,-2.81E+00,+61.35E+00,-5.71E+00,-0.923E+00
2,03/2/2026,18:42:06.558,-0.047E+00,-0.047E+00,+0.000E+00,-0.188E+00,-2.75E+00,+62.25E+00,-5.86E+00,-0.870E+00
2,03/2/2026,18:42:06.558,-0.047E+00,-0.047E+00,+0.000E+00,-0.188E+00,-2.70E+00,+63.13E+00,-5.98E+00,-0.816E+00
2,03/2/2026,18:42:06.558,-0.047E+00,-0.047E+00,-0.047E+00,-0.188E+00,-2.64E+00,+64.00E+00,-6.12E+00,-0.771E+00
2,03/2/2026,18:42:06.558,-0.047E+00,-0.047E+00,-0.047E+00,-0.188E+00,-2.58E+00,+64.84E+00,-6.24E+00,-0.717E+00
2,03/2/2026,18:42:06.558,-0.047E+00,-0.047E+00,-0.047E+00,-0.188E+00,-2.52E+00,+65.66E+00,-6.36E+00,-0.664E+00
2,03/2/2026,18:42:06.558,-0.047E+00,-0.047E+00,-0.047E+00,-0.188E+00,-2.46E+00,+66.47E+00,-6.49E+00,-0.610E+00
2,03/2/2026,18:42:06.558,-0.047E+00,-0.047E+00,-0.047E+00,-0.188E+00,-2.40E+00,+67.25E+00,-6.61E+00,-0.557E+00
2,03/2/2026,18:42:06.558,-0.047E+00,-0.047E+00,-0.047E+00,-0.188E+00,-2.33E+00,+68.01E+00,-6.71E+00,-0.496E+00
2,03/2/2026,18:42:06.558,-0.047E+00,-0.047E+00,+0.000E+00,-0.188E+00,-2.26E+00,+68.76E+00,-6.84E+00,-0.443E+00
2,03/2/2026,18:42:06.558,-0.047E+00,-0.047E+00,+0.000E+00,-0.188E+00,-2.20E+00,+69.49E+00,-6.94E+00,-0.389E+00
2,03/2/2026,18:42:06.558,-0.047E+00,-0.047E+00,-0.047E+00,-0.188E+00,-2.12E+00,+70.20E+00,-7.07E+00,-0.336E+00
2,03/2/2026,18:42:06.558,-0.047E+00,-0.047E+00,-0.047E+00,-0.188E+00,-2.06E+00,+70.88E+00,-7.17E+00,-0.282E+00
2,03/2/2026,18:42:06.558,-0.047E+00,-0.047E+00,+0.000E+00,-0.188E+00,-1.98E+00,+71.54E+00,-7.26E+00,-0.229E+00
2,03/2/2026,18:42:06.558,-0.047E+00,-0.047E+00,+0.000E+00,-0.235E+00,-1.92E+00,+72.18E+00,-7.37E+00,-0.168E+00
2,03/2/2026,18:42:06.558,-0.047E+00,-0.047E+00,-0.047E+00,-0.188E+00,-1.83E+00,+72.81E+00,-7.46E+00,-0.114E+00
2,03/2/2026,18:42:06.558,-0.047E+00,-0.047E+00,-0.047E+00,-0.188E+00,-1.75E+00,+73.40E+00,-7.55E+00,-0.053E+00
2,03/2/2026,18:42:06.558,-0.047E+00,-0.047E+00,-0.047E+00,-0.188E+00,-1.69E+00,+73.97E+00,-7.65E+00,+0.000E+00
2,03/2/2026,18:42:06.558,+0.000E+00,-0.047E+00,+0.000E+00,-0.188E+00,-1.62E+00,+74.50E+00,-7.74E+00,+0.053E+00
2,03/2/2026,18:42:06.559,+0.000E+00,-0.047E+00,-0.047E+00,-0.188E+00,-1.54E+00,+75.03E+00,-7.84E+00,+0.107E+00
2,03/2/2026,18:42:06.559,-0.047E+00,-0.047E+00,-0.047E+00,-0.188E+00,-1.46E+00,+75.52E+00,-7.94E+00,+0.160E+00
2,03/2/2026,18:42:06.559,-0.047E+00,-0.047E+00,-0.047E+00,-0.188E+00,-1.39E+00,+76.01E+00,-8.03E+00,+0.221E+00
2,03/2/2026,18:42:06.559,-0.047E+00,+0.000E+00,-0.047E+00,-0.188E+00,-1.31E+00,+76.47E+00,-8.10E+00,+0.275E+00
2,03/2/2026,18:42:06.559,-0.047E+00,-0.047E+00,+0.000E+00,-0.188E+00,-1.24E+00,+76.91E+00,-8.19E+00,+0.328E+00
2,03/2/2026,18:42:06.559,-0.047E+00,-0.047E+00,+0.000E+00,-0.188E+00,-1.16E+00,+77.31E+00,-8.27E+00,+0.389E+00
2,03/2/2026,18:42:06.559,-0.047E+00,-0.047E+00,-0.047E+00,-0.188E+00,-1.07E+00,+77.70E+00,-8.36E+00,+0.443E+00
2,03/2/2026,18:42:06.559,-0.047E+00,-0.047E+00,+0.000E+00,-0.188E+00,-0.99E+00,+78.07E+00,-8.44E+00,+0.496E+00
2,03/2/2026,18:42:06.559,-0.047E+00,-0.047E+00,+0.000E+00,-0.188E+00,-0.90E+00,+78.42E+00,-8.52E+00,+0.557E+00
2,03/2/2026,18:42:06.559,-0.047E+00,-0.047E+00,-0.047E+00,-0.188E+00,-0.82E+00,+78.76E+00,-8.59E+00,+0.610E+00
2,03/2/2026,18:42:06.559,-0.047E+00,-0.047E+00,+0.000E+00,-0.188E+00,-0.75E+00,+79.06E+00,-8.67E+00,+0.671E+00
2,03/2/2026,18:42:06.559,-0.047E+00,-0.047E+00,-0.047E+00,-0.188E+00,-0.66E+00,+79.34E+00,-8.73E+00,+0.725E+00
2,03/2/2026,18:42:06.559,+0.000E+00,-0.047E+00,-0.047E+00,-0.188E+00,-0.56E+00,+79.61E+00,-8.81E+00,+0.778E+00
2,03/2/2026,18:42:06.559,-0.047E+00,-0.047E+00,-0.047E+00,-0.188E+00,-0.49E+00,+79.84E+00,-8.87E+00,+0.832E+00
2,03/2/2026,18:42:06.559,-0.047E+00,-0.047E+00,+0.000E+00,-0.188E+00,-0.41E+00,+80.07E+00,-8.91E+00,+0.885E+00
2,03/2/2026,18:42:06.559,-0.047E+00,-0.047E+00,-0.047E+00,-0.188E+00,-0.32E+00,+80.27E+00,-8.97E+00,+0.939E+00
2,03/2/2026,18:42:06.559,-0.047E+00,-0.047E+00,-0.047E+00,-0.188E+00,-0.24E+00,+80.45E+00,-9.03E+00,+0.992E+00
2,03/2/2026,18:42:06.559,-0.047E+00,-0.047E+00,-0.047E+00,-0.188E+00,-0.15E+00,+80.62E+00,-9.08E+00,+1.045E+00
2,03/2/2026,18:42:06.559,-0.047E+00,-0.047E+00,-0.047E+00,-0.188E+00,-0.08E+00,+80.74E+00,-9.14E+00,+1.099E+00
2,03/2/2026,18:42:06.560,-0.047E+00,-0.047E+00,-0.047E+00,-0.188E+00,+0.02E+00,+80.86E+00,-9.19E+00,+1.152E+00
2,03/2/2026,18:42:06.560,-0.047E+00,-0.047E+00,+0.000E+00,-0.188E+00,+0.11E+00,+80.97E+00,-9.23E+00,+1.206E+00
2,03/2/2026,18:42:06.560,-0.047E+00,-0.047E+00,-0.047E+00,-0.188E+00,+0.18E+00,+81.05E+00,-9.28E+00,+1.259E+00
2,03/2/2026,18:42:06.560,-0.047E+00,-0.047E+00,-0.047E+00,-0.188E+00,+0.27E+00,+81.12E+00,-9.32E+00,+1.312E+00
2,03/2/2026,18:42:06.560,-0.047E+00,-0.047E+00,+0.000E+00,-0.188E+00,+0.35E+00,+81.17E+00,-9.35E+00,+1.358E+00
2,03/2/2026,18:42:06.560,+0.000E+00,-0.047E+00,+0.000E+00,-0.188E+00,+0.43E+00,+81.18E+00,-9.40E+00,+1.412E+00
2,03/2/2026,18:42:06.560,+0.000E+00,-0.047E+00,+0.000E+00,-0.188E+00,+0.52E+00,+81.18E+00,-9.45E+00,+1.457E+00
2,03/2/2026,18:42:06.560,-0.047E+00,-0.047E+00,+0.000E+00,-0.188E+00,+0.61E+00,+81.18E+00,-9.48E+00,+1.511E+00
2,03/2/2026,18:42:06.560,-0.047E+00,-0.047E+00,+0.000E+00,-0.188E+00,+0.69E+00,+81.15E+00,-9.51E+00,+1.564E+00
2,03/2/2026,18:42:06.560,-0.047E+00,-0.047E+00,+0.000E+00,-0.188E+00,+0.78E+00,+81.09E+00,-9.55E+00,+1.610E+00
2,03/2/2026,18:42:06.560,-0.047E+00,-0.047E+00,-0.047E+00,-0.188E+00,+0.85E+00,+81.03E+00,-9.58E+00,+1.656E+00
2,03/2/2026,18:42:06.560,+0.000E+00,-0.047E+00,-0.047E+00,-0.188E+00,+0.95E+00,+80.94E+00,-9.61E+00,+1.702E+00
2,03/2/2026,18:42:06.560,-0.047E+00,-0.047E+00,-0.047E+00,-0.188E+00,+1.02E+00,+80.82E+00,-9.64E+00,+1.755E+00
2,03/2/2026,18:42:06.560,-0.047E+00,-0.047E+00,+0.000E+00,-0.188E+00,+1.11E+00,+80.70E+00,-9.66E+00,+1.801E+00
2,03/2/2026,18:42:06.560,-0.047E+00,-0.047E+00,-0.047E+00,-0.188E+00,+1.19E+00,+80.54E+00,-9.69E+00,+1.854E+00
2,03/2/2026,18:42:06.560,-0.047E+00,-0.047E+00,+0.000E+00,-0.188E+00,+1.28E+00,+80.38E+00,-9.72E+00,+1.892E+00
2,03/2/2026,18:42:06.560,-0.047E+00,-0.047E+00,-0.047E+00,-0.188E+00,+1.36E+00,+80.18E+00,-9.74E+00,+1.946E+00
2,03/2/2026,18:42:06.560,-0.047E+00,-0.047E+00,-0.047E+00,-0.188E+00,+1.45E+00,+79.96E+00,-9.75E+00,+1.991E+00
2,03/2/2026,18:42:06.560,-0.047E+00,-0.047E+00,+0.000E+00,-0.188E+00,+1.54E+00,+79.73E+00,-9.78E+00,+2.037E+00
2,03/2/2026,18:42:06.560,-0.047E+00,-0.047E+00,+0.000E+00,-0.188E+00,+1.63E+00,+79.49E+00,-9.80E+00,+2.083E+00
2,03/2/2026,18:42:06.561,-0.047E+00,-0.047E+00,+0.000E+00,-0.188E+00,+1.72E+00,+79.22E+00,-9.81E+00,+2.136E+00
2,03/2/2026,18:42:06.561,-0.047E+00,-0.047E+00,-0.047E+00,-0.188E+00,+1.82E+00,+78.93E+00,-9.83E+00,+2.182E+00
2,03/2/2026,18:42:06.561,-0.047E+00,-0.047E+00,-0.047E+00,-0.188E+00,+1.91E+00,+78.62E+00,-9.84E+00,+2.228E+00
2,03/2/2026,18:42:06.561,+0.000E+00,-0.047E+00,+0.000E+00,-0.188E+00,+2.00E+00,+78.28E+00,-9.86E+00,+2.274E+00
2,03/2/2026,18:42:06.561,-0.047E+00,-0.047E+00,-0.047E+00,-0.188E+00,+2.09E+00,+77.92E+00,-9.87E+00,+2.320E+00
2,03/2/2026,18:42:06.561,-0.047E+00,-0.047E+00,-0.047E+00,-0.188E+00,+2.18E+00,+77.55E+00,-9.87E+00,+2.373E+00
2,03/2/2026,18:42:06.561,-0.047E+00,-0.047E+00,-0.047E+00,-0.188E+00,+2.27E+00,+77.17E+00,-9.89E+00,+2.419E+00
2,03/2/2026,18:42:06.561,-0.047E+00,-0.047E+00,+0.000E+00,-0.188E+00,+2.37E+00,+76.76E+00,-9.89E+00,+2.465E+00
2,03/2/2026,18:42:06.561,-0.047E+00,-0.047E+00,+0.000E+00,-0.188E+00,+2.46E+00,+76.33E+00,-9.89E+00,+2.510E+00
2,03/2/2026,18:42:06.561,-0.047E+00,-0.047E+00,-0.047E+00,-0.188E+00,+2.53E+00,+75.87E+00,-9.90E+00,+2.548E+00
2,03/2/2026,18:42:06.561,+0.000E+00,+0.000E+00,-0.047E+00,-0.188E+00,+2.62E+00,+75.40E+00,-9.90E+00,+2.594E+00
2,03/2/2026,18:42:06.561,-0.047E+00,-0.047E+00,+0.000E+00,-0.188E+00,+2.72E+00,+74.93E+00,-9.90E+00,+2.632E+00
2,03/2/2026,18:42:06.561,-0.047E+00,-0.047E+00,-0.047E+00,-0.188E+00,+2.79E+00,+74.42E+00,-9.89E+00,+2.671E+00
2,03/2/2026,18:42:06.561,-0.047E+00,-0.047E+00,-0.047E+00,-0.188E+00,+2.87E+00,+73.91E+00,-9.89E+00,+2.709E+00
2,03/2/2026,18:42:06.561,-0.047E+00,-0.047E+00,-0.047E+00,-0.188E+00,+2.95E+00,+73.37E+00,-9.87E+00,+2.747E+00
2,03/2/2026,18:42:06.561,-0.047E+00,-0.047E+00,+0.000E+00,-0.188E+00,+3.04E+00,+72.81E+00,-9.86E+00,+2.785E+00
2,03/2/2026,18:42:06.561,-0.047E+00,-0.047E+00,+0.000E+00,-0.188E+00,+3.10E+00,+72.24E+00,-9.81E+00,+2.816E+00
2,03/2/2026,18:42:06.561,-0.047E+00,-0.047E+00,+0.000E+00,-0.188E+00,+3.17E+00,+71.65E+00,-9.77E+00,+2.854E+00
2,03/2/2026,18:42:06.561,-0.047E+00,-0.047E+00,+0.000E+00,-0.188E+00,+3.25E+00,+71.04E+00,-9.72E+00,+2.884E+00
2,03/2/2026,18:42:06.561,+0.000E+00,-0.047E+00,+0.000E+00,-0.188E+00,+3.31E+00,+70.41E+00,-9.66E+00,+2.915E+00
2,03/2/2026,18:42:06.562,-0.047E+00,-0.047E+00,-0.047E+00,-0.188E+00,+3.39E+00,+69.77E+00,-9.60E+00,+2.945E+00
2,03/2/2026,18:42:06.562,-0.047E+00,-0.047E+00,+0.000E+00,-0.188E+00,+3.46E+00,+69.11E+00,-9.52E+00,+2.968E+00
2,03/2/2026,18:42:06.562,+0.000E+00,-0.047E+00,+0.000E+00,-0.188E+00,+3.54E+00,+68.44E+00,-9.45E+00,+2.999E+00
2,03/2/2026,18:42:06.562,-0.047E+00,-0.047E+00,+0.000E+00,-0.188E+00,+3.60E+00,+67.76E+00,-9.39E+00,+3.022E+00
2,03/2/2026,18:42:06.562,+0.000E+00,-0.047E+00,+0.000E+00,-0.188E+00,+3.66E+00,+67.05E+00,-9.31E+00,+3.052E+00
2,03/2/2026,18:42:06.562,+0.000E+00,-0.047E+00,-0.047E+00,-0.188E+00,+3.72E+00,+66.34E+00,-9.23E+00,+3.075E+00
2,03/2/2026,18:42:06.562,-0.047E+00,-0.047E+00,-0.047E+00,-0.188E+00,+3.80E+00,+65.60E+00,-9.16E+00,+3.098E+00
2,03/2/2026,18:42:06.562,-0.047E+00,-0.047E+00,+0.000E+00,-0.188E+00,+3.86E+00,+64.84E+00,-9.10E+00,+3.121E+00
2,03/2/2026,18:42:06.562,+0.000E+00,-0.047E+00,+0.000E+00,-0.188E+00,+3.92E+00,+64.06E+00,-9.00E+00,+3.144E+00
2,03/2/2026,18:42:06.562,-0.047E+00,-0.047E+00,-0.047E+00,-0.188E+00,+3.98E+00,+63.27E+00,-8.93E+00,+3.159E+00
2,03/2/2026,18:42:06.562,-0.047E+00,-0.047E+00,+0.000E+00,-0.188E+00,+4.03E+00,+62.48E+00,-8.85E+00,+3.174E+00
2,03/2/2026,18:42:06.562,-0.047E+00,-0.047E+00,+0.000E+00,-0.188E+00,+4.09E+00,+61.64E+00,-8.77E+00,+3.189E+00
2,03/2/2026,18:42:06.562,-0.047E+00,-0.047E+00,-0.047E+00,-0.188E+00,+4.14E+00,+60.80E+00,-8.68E+00,+3.205E+00
2,03/2/2026,18:42:06.562,-0.047E+00,-0.047E+00,+0.000E+00,-0.188E+00,+4.20E+00,+59.93E+00,-8.58E+00,+3.220E+00
2,03/2/2026,18:42:06.562,+0.000E+00,-0.047E+00,+0.000E+00,-0.188E+00,+4.24E+00,+59.06E+00,-8.48E+00,+3.235E+00
2,03/2/2026,18:42:06.562,-0.047E+00,-0.047E+00,-0.047E+00,-0.188E+00,+4.30E+00,+58.17E+00,-8.38E+00,+3.250E+00
2,03/2/2026,18:42:06.562,-0.047E+00,-0.047E+00,-0.047E+00,-0.188E+00,+4.36E+00,+57.26E+00,-8.27E+00,+3.266E+00
2,03/2/2026,18:42:06.562,-0.047E+00,-0.047E+00,-0.047E+00,-0.188E+00,+4.41E+00,+56.34E+00,-8.16E+00,+3.281E+00
2,03/2/2026,18:42:06.562,-0.047E+00,-0.047E+00,+0.000E+00,-0.188E+00,+4.47E+00,+55.41E+00,-8.06E+00,+3.296E+00
2,03/2/2026,18:42:06.562,-0.047E+00,-0.047E+00,+0.000E+00,-0.188E+00,+4.53E+00,+54.46E+00,-7.95E+00,+3.311E+00
2,03/2/2026,18:42:06.563,-0.047E+00,-0.047E+00,+0.000E+00,-0.188E+00,+4.59E+00,+53.49E+00,-7.84E+00,+3.319E+00
2,03/2/2026,18:42:06.563,-0.047E+00,-0.047E+00,+0.000E+00,-0.188E+00,+4.65E+00,+52.51E+00,-7.74E+00,+3.334E+00
2,03/2/2026,18:42:06.563,+0.000E+00,-0.047E+00,+0.000E+00,-0.188E+00,+4.70E+00,+51.52E+00,-7.63E+00,+3.350E+00
2,03/2/2026,18:42:06.563,-0.047E+00,-0.047E+00,-0.047E+00,-0.188E+00,+4.76E+00,+50.53E+00,-7.52E+00,+3.357E+00
2,03/2/2026,18:42:06.563,-0.047E+00,-0.047E+00,-0.047E+00,-0.188E+00,+4.82E+00,+49.50E+00,-7.42E+00,+3.373E+00
2,03/2/2026,18:42:06.563,-0.047E+00,-0.047E+00,-0.047E+00,-0.188E+00,+4.87E+00,+48.47E+00,-7.29E+00,+3.380E+00
2,03/2/2026,18:42:06.563,+0.000E+00,-0.047E+00,-0.047E+00,-0.188E+00,+4.93E+00,+47.43E+00,-7.17E+00,+3.388E+00
2,03/2/2026,18:42:06.563,-0.047E+00,-0.047E+00,-0.047E+00,-0.188E+00,+4.99E+00,+46.39E+00,-7.05E+00,+3.403E+00
2,03/2/2026,18:42:06.563,-0.047E+00,-0.047E+00,-0.047E+00,-0.188E+00,+5.04E+00,+45.32E+00,-6.93E+00,+3.411E+00
2,03/2/2026,18:42:06.563,-0.047E+00,-0.047E+00,+0.000E+00,-0.188E+00,+5.10E+00,+44.24E+00,-6.81E+00,+3.418E+00
2,03/2/2026,18:42:06.563,-0.047E+00,-0.047E+00,+0.000E+00,-0.188E+00,+5.14E+00,+43.14E+00,-6.68E+00,+3.426E+00
2,03/2/2026,18:42:06.563,-0.047E+00,-0.047E+00,-0.047E+00,-0.188E+00,+5.20E+00,+42.04E+00,-6.56E+00,+3.426E+00
2,03/2/2026,18:42:06.563,-0.047E+00,-0.047E+00,-0.047E+00,-0.188E+00,+5.25E+00,+40.93E+00,-6.44E+00,+3.434E+00
2,03/2/2026,18:42:06.563,-0.047E+00,-0.047E+00,-0.047E+00,-0.188E+00,+5.30E+00,+39.80E+00,-6.30E+00,+3.441E+00
2,03/2/2026,18:42:06.563,-0.047E+00,-0.047E+00,-0.047E+00,-0.188E+00,+5.36E+00,+38.67E+00,-6.18E+00,+3.441E+00
2,03/2/2026,18:42:06.563,-0.047E+00,-0.047E+00,-0.047E+00,-0.188E+00,+5.40E+00,+37.52E+00,-6.04E+00,+3.449E+00
2,03/2/2026,18:42:06.563,-0.047E+00,-0.047E+00,-0.047E+00,-0.188E+00,+5.45E+00,+36.37E+00,-5.92E+00,+3.449E+00
2,03/2/2026,18:42:06.563,-0.047E+00,-0.047E+00,-0.047E+00,-0.188E+00,+5.51E+00,+35.21E+00,-5.78E+00,+3.456E+00
2,03/2/2026,18:42:06.563,-0.047E+00,-0.047E+00,+0.000E+00,-0.188E+00,+5.55E+00,+34.03E+00,-5.65E+00,+3.456E+00
2,03/2/2026,18:42:06.563,-0.047E+00,-0.047E+00,+0.000E+00,-0.188E+00,+5.62E+00,+32.86E+00,-5.51E+00,+3.456E+00
2,03/2/2026,18:42:06.564,-0.047E+00,-0.047E+00,-0.047E+00,-0.188E+00,+5.66E+00,+31.66E+00,-5.37E+00,+3.456E+00
2,03/2/2026,18:42:06.564,-0.047E+00,-0.047E+00,-0.047E+00,-0.188E+00,+5.71E+00,+30.46E+00,-5.22E+00,+3.464E+00
2,03/2/2026,18:42:06.564,-0.047E+00,-0.047E+00,+0.000E+00,-0.188E+00,+5.75E+00,+29.24E+00,-5.08E+00,+3.464E+00
2,03/2/2026,18:42:06.564,-0.047E+00,-0.047E+00,+0.000E+00,-0.188E+00,+5.80E+00,+28.03E+00,-4.94E+00,+3.456E+00
2,03/2/2026,18:42:06.564,-0.047E+00,-0.047E+00,-0.047E+00,-0.188E+00,+5.84E+00,+26.81E+00,-4.81E+00,+3.464E+00
2,03/2/2026,18:42:06.564,-0.047E+00,-0.047E+00,-0.047E+00,-0.188E+00,+5.91E+00,+25.58E+00,-4.65E+00,+3.456E+00
2,03/2/2026,18:42:06.564,-0.047E+00,-0.047E+00,+0.000E+00,-0.188E+00,+5.95E+00,+24.32E+00,-4.50E+00,+3.456E+00
2,03/2/2026,18:42:06.564,-0.047E+00,-0.047E+00,+0.000E+00,-0.188E+00,+6.00E+00,+23.07E+00,-4.35E+00,+3.456E+00
2,03/2/2026,18:42:06.564,-0.047E+00,-0.047E+00,+0.000E+00,-0.188E+00,+6.04E+00,+21.82E+00,-4.20E+00,+3.456E+00
2,03/2/2026,18:42:06.564,-0.047E+00,-0.047E+00,-0.047E+00,-0.188E+00,+6.10E+00,+20.56E+00,-4.04E+00,+3.456E+00
2,03/2/2026,18:42:06.564,-0.047E+00,-0.047E+00,-0.047E+00,-0.188E+00,+6.15E+00,+19.29E+00,-3.89E+00,+3.449E+00
2,03/2/2026,18:42:06.564,-0.047E+00,-0.047E+00,+0.000E+00,-0.188E+00,+6.20E+00,+18.01E+00,-3.74E+00,+3.449E+00
2,03/2/2026,18:42:06.564,-0.047E+00,-0.047E+00,+0.000E+00,-0.188E+00,+6.24E+00,+16.73E+00,-3.57E+00,+3.441E+00
2,03/2/2026,18:42:06.564,-0.047E+00,-0.047E+00,-0.047E+00,-0.188E+00,+6.30E+00,+15.44E+00,-3.43E+00,+3.441E+00
2,03/2/2026,18:42:06.564,-0.047E+00,-0.047E+00,-0.047E+00,-0.188E+00,+6.35E+00,+14.15E+00,-3.28E+00,+3.434E+00
2,03/2/2026,18:42:06.564,-0.047E+00,-0.047E+00,-0.047E+00,-0.188E+00,+6.39E+00,+12.85E+00,-3.11E+00,+3.434E+00
2,03/2/2026,18:42:06.564,-0.047E+00,-0.047E+00,+0.000E+00,-0.188E+00,+6.44E+00,+11.55E+00,-2.95E+00,+3.426E+00
2,03/2/2026,18:42:06.564,-0.047E+00,-0.047E+00,+0.000E+00,-0.188E+00,+6.47E+00,+10.24E+00,-2.81E+00,+3.418E+00
2,03/2/2026,18:42:06.564,-0.047E+00,-0.047E+00,-0.047E+00,-0.188E+00,+6.52E+00,+8.94E+00,-2.64E+00,+3.403E+00
2,03/2/2026,18:42:06.564,-0.047E+00,-0.047E+00,-0.047E+00,-0.188E+00,+6.55E+00,+7.63E+00,-2.47E+00,+3.395E+00
2,03/2/2026,18:42:06.565,-0.047E+00,-0.047E+00,-0.047E+00,-0.188E+00,+6.58E+00,+6.32E+00,-2.30E+00,+3.380E+00
2,03/2/2026,18:42:06.565,-0.047E+00,-0.047E+00,-0.047E+00,-0.188E+00,+6.59E+00,+5.02E+00,-2.14E+00,+3.365E+00
2,03/2/2026,18:42:06.565,-0.047E+00,-0.047E+00,+0.000E+00,-0.188E+00,+6.62E+00,+3.72E+00,-1.98E+00,+3.342E+00
2,03/2/2026,18:42:06.565,-0.047E+00,-0.047E+00,-0.047E+00,-0.188E+00,+6.64E+00,+2.41E+00,-1.82E+00,+3.327E+00
2,03/2/2026,18:42:06.565,-0.047E+00,-0.047E+00,-0.047E+00,-0.188E+00,+6.67E+00,+1.11E+00,-1.65E+00,+3.304E+00
2,03/2/2026,18:42:06.565,-0.047E+00,-0.047E+00,+0.000E+00,-0.188E+00,+6.68E+00,-0.18E+00,-1.46E+00,+3.281E+00
2,03/2/2026,18:42:06.565,-0.047E+00,-0.047E+00,+0.000E+00,-0.188E+00,+6.68E+00,-1.48E+00,-1.30E+00,+3.258E+00
2,03/2/2026,18:42:06.565,-0.047E+00,-0.047E+00,-0.047E+00,-0.188E+00,+6.70E+00,-2.78E+00,-1.14E+00,+3.235E+00
2,03/2/2026,18:42:06.565,-0.047E+00,-0.047E+00,-0.047E+00,-0.188E+00,+6.71E+00,-4.06E+00,-0.98E+00,+3.205E+00
2,03/2/2026,18:42:06.565,-0.047E+00,-0.047E+00,+0.000E+00,-0.188E+00,+6.70E+00,-5.34E+00,-0.79E+00,+3.182E+00
2,03/2/2026,18:42:06.565,-0.047E+00,-0.047E+00,-0.047E+00,-0.188E+00,+6.70E+00,-6.64E+00,-0.63E+00,+3.151E+00
2,03/2/2026,18:42:06.565,-0.047E+00,-0.047E+00,-0.047E+00,-0.188E+00,+6.70E+00,-7.92E+00,-0.47E+00,+3.121E+00
2,03/2/2026,18:42:06.565,-0.047E+00,-0.047E+00,-0.047E+00,-0.188E+00,+6.70E+00,-9.19E+00,-0.31E+00,+3.090E+00
2,03/2/2026,18:42:06.565,-0.047E+00,-0.047E+00,-0.047E+00,-0.188E+00,+6.68E+00,-10.47E+00,-0.14E+00,+3.052E+00
2,03/2/2026,18:42:06.565,-0.047E+00,-0.047E+00,+0.000E+00,-0.188E+00,+6.68E+00,-11.74E+00,+0.05E+00,+3.022E+00
2,03/2/2026,18:42:06.565,-0.047E+00,-0.047E+00,+0.000E+00,-0.188E+00,+6.67E+00,-13.00E+00,+0.21E+00,+2.983E+00
2,03/2/2026,18:42:06.565,-0.047E+00,-0.047E+00,+0.000E+00,-0.188E+00,+6.65E+00,-14.27E+00,+0.38E+00,+2.953E+00
2,03/2/2026,18:42:06.565,-0.047E+00,-0.047E+00,-0.047E+00,-0.188E+00,+6.64E+00,-15.52E+00,+0.55E+00,+2.915E+00
2,03/2/2026,18:42:06.565,-0.047E+00,-0.047E+00,-0.047E+00,-0.188E+00,+6.62E+00,-16.77E+00,+0.72E+00,+2.877E+00
2,03/2/2026,18:42:06.565,-0.047E+00,-0.047E+00,+0.000E+00,-0.188E+00,+6.59E+00,-18.02E+00,+0.89E+00,+2.838E+00
2,03/2/2026,18:42:06.566,-0.047E+00,-0.047E+00,-0.047E+00,-0.188E+00,+6.58E+00,-19.26E+00,+1.05E+00,+2.800E+00
2,03/2/2026,18:42:06.566,-0.047E+00,-0.047E+00,-0.047E+00,-0.188E+00,+6.55E+00,-20.48E+00,+1.24E+00,+2.754E+00
2,03/2/2026,18:42:06.566,-0.047E+00,-0.047E+00,-0.047E+00,-0.141E+00,+6.53E+00,-21.70E+00,+1.40E+00,+2.716E+00
2,03/2/2026,18:42:06.566,-0.047E+00,+0.000E+00,-0.047E+00,-0.188E+00,+6.50E+00,-22.92E+00,+1.59E+00,+2.678E+00
2,03/2/2026,18:42:06.566,-0.047E+00,-0.047E+00,-0.047E+00,-0.188E+00,+6.47E+00,-24.13E+00,+1.75E+00,+2.632E+00
2,03/2/2026,18:42:06.566,-0.047E+00,-0.047E+00,-0.047E+00,-0.188E+00,+6.46E+00,-25.35E+00,+1.94E+00,+2.594E+00
2,03/2/2026,18:42:06.566,-0.047E+00,-0.047E+00,-0.047E+00,-0.188E+00,+6.42E+00,-26.54E+00,+2.11E+00,+2.556E+00
2,03/2/2026,18:42:06.566,-0.047E+00,-0.047E+00,-0.047E+00,-0.188E+00,+6.39E+00,-27.73E+00,+2.27E+00,+2.510E+00
2,03/2/2026,18:42:06.566,-0.047E+00,-0.047E+00,-0.047E+00,-0.188E+00,+6.36E+00,-28.90E+00,+2.44E+00,+2.465E+00
2,03/2/2026,18:42:06.566,-0.047E+00,-0.047E+00,-0.047E+00,-0.188E+00,+6.33E+00,-30.08E+00,+2.61E+00,+2.426E+00
2,03/2/2026,18:42:06.566,-0.047E+00,-0.047E+00,-0.047E+00,-0.188E+00,+6.30E+00,-31.25E+00,+2.78E+00,+2.381E+00
2,03/2/2026,18:42:06.566,-0.047E+00,-0.047E+00,-0.047E+00,-0.188E+00,+6.27E+00,-32.40E+00,+2.95E+00,+2.342E+00
2,03/2/2026,18:42:06.566,-0.047E+00,-0.047E+00,-0.047E+00,-0.188E+00,+6.24E+00,-33.56E+00,+3.11E+00,+2.304E+00
2,03/2/2026,18:42:06.566,-0.047E+00,-0.047E+00,+0.000E+00,-0.188E+00,+6.21E+00,-34.70E+00,+3.28E+00,+2.259E+00
2,03/2/2026,18:42:06.566,-0.047E+00,-0.047E+00,+0.000E+00,-0.188E+00,+6.20E+00,-35.83E+00,+3.46E+00,+2.220E+00
2,03/2/2026,18:42:06.566,-0.047E+00,-0.047E+00,+0.000E+00,-0.188E+00,+6.17E+00,-36.96E+00,+3.62E+00,+2.175E+00
2,03/2/2026,18:42:06.566,-0.047E+00,-0.047E+00,+0.000E+00,-0.188E+00,+6.12E+00,-38.09E+00,+3.78E+00,+2.129E+00
2,03/2/2026,18:42:06.566,+0.000E+00,-0.047E+00,-0.047E+00,-0.188E+00,+6.09E+00,-39.19E+00,+3.95E+00,+2.083E+00
2,03/2/2026,18:42:06.566,-0.047E+00,-0.047E+00,-0.047E+00,-0.188E+00,+6.06E+00,-40.29E+00,+4.10E+00,+2.045E+00
2,03/2/2026,18:42:06.566,-0.047E+00,+0.000E+00,-0.047E+00,-0.188E+00,+6.01E+00,-41.39E+00,+4.26E+00,+1.991E+00
2,03/2/2026,18:42:06.567,-0.047E+00,+0.000E+00,+0.000E+00,-0.188E+00,+5.97E+00,-42.47E+00,+4.43E+00,+1.953E+00
2,03/2/2026,18:42:06.567,-0.047E+00,-0.047E+00,-0.047E+00,-0.188E+00,+5.94E+00,-43.55E+00,+4.59E+00,+1.908E+00
2,03/2/2026,18:42:06.567,-0.047E+00,-0.047E+00,-0.047E+00,-0.188E+00,+5.89E+00,-44.61E+00,+4.75E+00,+1.862E+00
2,03/2/2026,18:42:06.567,-0.047E+00,-0.047E+00,-0.047E+00,-0.188E+00,+5.84E+00,-45.67E+00,+4.90E+00,+1.816E+00
2,03/2/2026,18:42:06.567,+0.000E+00,-0.047E+00,-0.047E+00,-0.188E+00,+5.81E+00,-46.73E+00,+5.05E+00,+1.770E+00
2,03/2/2026,18:42:06.567,-0.047E+00,-0.047E+00,+0.000E+00,-0.188E+00,+5.77E+00,-47.76E+00,+5.20E+00,+1.724E+00
2,03/2/2026,18:42:06.567,-0.047E+00,-0.047E+00,+0.000E+00,-0.188E+00,+5.72E+00,-48.80E+00,+5.37E+00,+1.671E+00
2,03/2/2026,18:42:06.567,-0.047E+00,-0.047E+00,-0.047E+00,-0.188E+00,+5.68E+00,-49.82E+00,+5.52E+00,+1.625E+00
2,03/2/2026,18:42:06.567,-0.047E+00,-0.047E+00,-0.047E+00,-0.188E+00,+5.65E+00,-50.83E+00,+5.68E+00,+1.579E+00
2,03/2/2026,18:42:06.567,-0.047E+00,-0.047E+00,-0.047E+00,-0.235E+00,+5.60E+00,-51.85E+00,+5.83E+00,+1.526E+00
2,03/2/2026,18:42:06.567,-0.047E+00,-0.047E+00,-0.047E+00,-0.188E+00,+5.55E+00,-52.85E+00,+5.98E+00,+1.480E+00
2,03/2/2026,18:42:06.567,-0.047E+00,-0.047E+00,-0.047E+00,-0.188E+00,+5.49E+00,-53.84E+00,+6.13E+00,+1.434E+00
2,03/2/2026,18:42:06.567,-0.047E+00,-0.047E+00,+0.000E+00,-0.188E+00,+5.45E+00,-54.81E+00,+6.29E+00,+1.389E+00
2,03/2/2026,18:42:06.567,-0.047E+00,-0.047E+00,-0.047E+00,-0.188E+00,+5.40E+00,-55.78E+00,+6.44E+00,+1.335E+00
2,03/2/2026,18:42:06.567,-0.047E+00,-0.047E+00,-0.047E+00,-0.188E+00,+5.34E+00,-56.74E+00,+6.59E+00,+1.282E+00
2,03/2/2026,18:42:06.567,-0.047E+00,-0.047E+00,+0.000E+00,-0.188E+00,+5.30E+00,-57.68E+00,+6.73E+00,+1.228E+00
2,03/2/2026,18:42:06.567,-0.047E+00,-0.047E+00,+0.000E+00,-0.188E+00,+5.23E+00,-58.63E+00,+6.90E+00,+1.175E+00
2,03/2/2026,18:42:06.567,-0.047E+00,-0.047E+00,-0.047E+00,-0.188E+00,+5.16E+00,-59.58E+00,+7.05E+00,+1.122E+00
2,03/2/2026,18:42:06.567,-0.047E+00,-0.047E+00,-0.047E+00,-0.188E+00,+5.11E+00,-60.49E+00,+7.19E+00,+1.068E+00
2,03/2/2026,18:42:06.567,+0.000E+00,-0.047E+00,+0.000E+00,-0.188E+00,+5.05E+00,-61.39E+00,+7.34E+00,+1.015E+00
2,03/2/2026,18:42:06.568,-0.047E+00,-0.047E+00,+0.000E+00,-0.188E+00,+4.99E+00,-62.31E+00,+7.49E+00,+0.969E+00
2,03/2/2026,18:42:06.568,-0.047E+00,-0.047E+00,+0.000E+00,-0.188E+00,+4.94E+00,-63.19E+00,+7.63E+00,+0.916E+00
2,03/2/2026,18:42:06.568,+0.000E+00,-0.047E+00,+0.000E+00,-0.188E+00,+4.88E+00,-64.06E+00,+7.78E+00,+0.870E+00
2,03/2/2026,18:42:06.568,-0.047E+00,-0.047E+00,+0.000E+00,-0.188E+00,+4.82E+00,-64.93E+00,+7.92E+00,+0.816E+00
2,03/2/2026,18:42:06.568,-0.047E+00,-0.047E+00,+0.000E+00,-0.188E+00,+4.76E+00,-65.79E+00,+8.06E+00,+0.763E+00
2,03/2/2026,18:42:06.568,-0.047E+00,-0.047E+00,-0.047E+00,-0.188E+00,+4.70E+00,-66.61E+00,+8.18E+00,+0.710E+00
2,03/2/2026,18:42:06.568,-0.047E+00,-0.047E+00,-0.047E+00,-0.188E+00,+4.65E+00,-67.42E+00,+8.30E+00,+0.656E+00
2,03/2/2026,18:42:06.568,-0.047E+00,-0.047E+00,-0.047E+00,-0.188E+00,+4.59E+00,-68.23E+00,+8.42E+00,+0.603E+00
2,03/2/2026,18:42:06.568,-0.047E+00,+0.000E+00,+0.000E+00,-0.188E+00,+4.52E+00,-69.01E+00,+8.55E+00,+0.549E+00
2,03/2/2026,18:42:06.568,-0.047E+00,-0.047E+00,+0.000E+00,-0.188E+00,+4.46E+00,-69.75E+00,+8.67E+00,+0.496E+00
2,03/2/2026,18:42:06.568,-0.047E+00,-0.047E+00,-0.047E+00,-0.188E+00,+4.38E+00,-70.50E+00,+8.77E+00,+0.435E+00
2,03/2/2026,18:42:06.568,+0.000E+00,-0.047E+00,-0.047E+00,-0.188E+00,+4.32E+00,-71.20E+00,+8.88E+00,+0.382E+00
2,03/2/2026,18:42:06.568,-0.047E+00,-0.047E+00,+0.000E+00,-0.188E+00,+4.26E+00,-71.91E+00,+8.99E+00,+0.328E+00
2,03/2/2026,18:42:06.568,-0.047E+00,-0.047E+00,+0.000E+00,-0.188E+00,+4.18E+00,-72.59E+00,+9.10E+00,+0.275E+00
2,03/2/2026,18:42:06.568,-0.047E+00,-0.047E+00,+0.000E+00,-0.188E+00,+4.10E+00,-73.25E+00,+9.20E+00,+0.221E+00
2,03/2/2026,18:42:06.568,+0.000E+00,-0.047E+00,+0.000E+00,-0.188E+00,+4.03E+00,-73.89E+00,+9.31E+00,+0.160E+00
2,03/2/2026,18:42:06.568,-0.047E+00,-0.047E+00,+0.000E+00,-0.188E+00,+3.95E+00,-74.52E+00,+9.40E+00,+0.107E+00
2,03/2/2026,18:42:06.568,+0.000E+00,-0.047E+00,+0.000E+00,-0.141E+00,+3.89E+00,-75.10E+00,+9.51E+00,+0.053E+00
2,03/2/2026,18:42:06.568,+0.000E+00,-0.047E+00,+0.000E+00,-0.188E+00,+3.82E+00,-75.68E+00,+9.60E+00,-0.008E+00
2,03/2/2026,18:42:06.568,-0.047E+00,-0.047E+00,+0.000E+00,-0.188E+00,+3.72E+00,-76.22E+00,+9.69E+00,-0.061E+00
2,03/2/2026,18:42:06.569,-0.047E+00,-0.047E+00,+0.000E+00,-0.188E+00,+3.66E+00,-76.74E+00,+9.78E+00,-0.114E+00
2,03/2/2026,18:42:06.569,-0.047E+00,-0.047E+00,-0.047E+00,-0.188E+00,+3.59E+00,-77.23E+00,+9.87E+00,-0.168E+00
2,03/2/2026,18:42:06.569,-0.047E+00,-0.047E+00,-0.047E+00,-0.188E+00,+3.51E+00,-77.70E+00,+9.96E+00,-0.229E+00
2,03/2/2026,18:42:06.569,-0.047E+00,-0.047E+00,-0.047E+00,-0.188E+00,+3.43E+00,-78.15E+00,+10.06E+00,-0.282E+00
2,03/2/2026,18:42:06.569,+0.000E+00,-0.047E+00,+0.000E+00,-0.188E+00,+3.36E+00,-78.59E+00,+10.15E+00,-0.336E+00
2,03/2/2026,18:42:06.569,-0.047E+00,-0.047E+00,+0.000E+00,-0.188E+00,+3.27E+00,-78.99E+00,+10.24E+00,-0.389E+00
2,03/2/2026,18:42:06.569,-0.047E+00,-0.047E+00,-0.047E+00,-0.188E+00,+3.19E+00,-79.37E+00,+10.32E+00,-0.443E+00
2,03/2/2026,18:42:06.569,-0.047E+00,-0.047E+00,-0.047E+00,-0.188E+00,+3.11E+00,-79.73E+00,+10.39E+00,-0.504E+00
2,03/2/2026,18:42:06.569,-0.047E+00,-0.047E+00,+0.000E+00,-0.188E+00,+3.02E+00,-80.07E+00,+10.47E+00,-0.565E+00
2,03/2/2026,18:42:06.569,-0.047E+00,-0.047E+00,-0.047E+00,-0.188E+00,+2.95E+00,-80.39E+00,+10.54E+00,-0.618E+00
2,03/2/2026,18:42:06.569,+0.000E+00,-0.047E+00,-0.047E+00,-0.188E+00,+2.85E+00,-80.70E+00,+10.62E+00,-0.671E+00
2,03/2/2026,18:42:06.569,+0.000E+00,-0.047E+00,+0.000E+00,-0.188E+00,+2.76E+00,-80.99E+00,+10.70E+00,-0.732E+00
2,03/2/2026,18:42:06.569,-0.047E+00,-0.047E+00,+0.000E+00,-0.188E+00,+2.69E+00,-81.23E+00,+10.76E+00,-0.786E+00
2,03/2/2026,18:42:06.569,-0.047E+00,-0.047E+00,+0.000E+00,-0.188E+00,+2.59E+00,-81.49E+00,+10.82E+00,-0.847E+00
2,03/2/2026,18:42:06.569,-0.047E+00,-0.047E+00,+0.000E+00,-0.188E+00,+2.52E+00,-81.70E+00,+10.90E+00,-0.900E+00
2,03/2/2026,18:42:06.569,-0.047E+00,-0.047E+00,-0.047E+00,-0.188E+00,+2.43E+00,-81.92E+00,+10.94E+00,-0.954E+00
2,03/2/2026,18:42:06.569,-0.047E+00,-0.047E+00,-0.047E+00,-0.188E+00,+2.35E+00,-82.08E+00,+11.00E+00,-1.007E+00
2,03/2/2026,18:42:06.569,-0.047E+00,-0.047E+00,+0.000E+00,-0.188E+00,+2.26E+00,-82.25E+00,+11.06E+00,-1.061E+00
2,03/2/2026,18:42:06.569,-0.047E+00,-0.047E+00,+0.000E+00,-0.188E+00,+2.17E+00,-82.37E+00,+11.12E+00,-1.114E+00
2,03/2/2026,18:42:06.569,-0.047E+00,-0.047E+00,-0.047E+00,-0.188E+00,+2.09E+00,-82.50E+00,+11.17E+00,-1.167E+00
2,03/2/2026,18:42:06.570,+0.000E+00,-0.047E+00,+0.000E+00,-0.188E+00,+2.00E+00,-82.60E+00,+11.22E+00,-1.221E+00
2,03/2/2026,18:42:06.570,-0.047E+00,-0.047E+00,+0.000E+00,-0.188E+00,+1.92E+00,-82.68E+00,+11.26E+00,-1.274E+00
2,03/2/2026,18:42:06.570,-0.047E+00,-0.047E+00,-0.047E+00,-0.188E+00,+1.85E+00,-82.74E+00,+11.31E+00,-1.320E+00
2,03/2/2026,18:42:06.570,-0.047E+00,-0.047E+00,+0.000E+00,-0.188E+00,+1.75E+00,-82.79E+00,+11.35E+00,-1.373E+00
2,03/2/2026,18:42:06.570,-0.047E+00,-0.047E+00,+0.000E+00,-0.188E+00,+1.66E+00,-82.80E+00,+11.38E+00,-1.427E+00
2,03/2/2026,18:42:06.570,-0.047E+00,-0.047E+00,+0.000E+00,-0.188E+00,+1.57E+00,-82.80E+00,+11.43E+00,-1.473E+00
2,03/2/2026,18:42:06.570,-0.047E+00,-0.047E+00,+0.000E+00,-0.188E+00,+1.48E+00,-82.79E+00,+11.46E+00,-1.526E+00
2,03/2/2026,18:42:06.570,-0.047E+00,-0.047E+00,+0.000E+00,-0.188E+00,+1.40E+00,-82.74E+00,+11.51E+00,-1.579E+00
2,03/2/2026,18:42:06.570,-0.047E+00,-0.047E+00,-0.047E+00,-0.188E+00,+1.31E+00,-82.69E+00,+11.54E+00,-1.625E+00
2,03/2/2026,18:42:06.570,+0.000E+00,-0.047E+00,-0.047E+00,-0.188E+00,+1.24E+00,-82.62E+00,+11.57E+00,-1.671E+00
2,03/2/2026,18:42:06.570,-0.047E+00,-0.047E+00,+0.000E+00,-0.188E+00,+1.14E+00,-82.51E+00,+11.60E+00,-1.724E+00
2,03/2/2026,18:42:06.570,-0.047E+00,-0.047E+00,-0.047E+00,-0.188E+00,+1.07E+00,-82.39E+00,+11.63E+00,-1.770E+00
2,03/2/2026,18:42:06.570,-0.047E+00,-0.047E+00,-0.047E+00,-0.188E+00,+0.98E+00,-82.25E+00,+11.66E+00,-1.816E+00
2,03/2/2026,18:42:06.570,-0.047E+00,-0.047E+00,-0.047E+00,-0.188E+00,+0.89E+00,-82.10E+00,+11.67E+00,-1.869E+00
2,03/2/2026,18:42:06.570,-0.047E+00,-0.047E+00,-0.047E+00,-0.188E+00,+0.81E+00,-81.93E+00,+11.70E+00,-1.915E+00
2,03/2/2026,18:42:06.570,-0.047E+00,-0.047E+00,-0.047E+00,-0.188E+00,+0.72E+00,-81.73E+00,+11.72E+00,-1.961E+00
2,03/2/2026,18:42:06.570,-0.047E+00,-0.047E+00,+0.000E+00,-0.188E+00,+0.63E+00,-81.50E+00,+11.75E+00,-2.007E+00
2,03/2/2026,18:42:06.570,-0.047E+00,-0.047E+00,-0.047E+00,-0.188E+00,+0.55E+00,-81.28E+00,+11.77E+00,-2.060E+00
2,03/2/2026,18:42:06.570,-0.047E+00,-0.047E+00,+0.000E+00,-0.188E+00,+0.44E+00,-81.03E+00,+11.78E+00,-2.106E+00
2,03/2/2026,18:42:06.570,-0.047E+00,-0.047E+00,+0.000E+00,-0.188E+00,+0.35E+00,-80.76E+00,+11.80E+00,-2.152E+00
2,03/2/2026,18:42:06.571,-0.047E+00,-0.047E+00,-0.047E+00,-0.188E+00,+0.27E+00,-80.47E+00,+11.81E+00,-2.197E+00
2,03/2/2026,18:42:06.571,-0.047E+00,-0.047E+00,-0.047E+00,-0.188E+00,+0.18E+00,-80.15E+00,+11.83E+00,-2.251E+00
2,03/2/2026,18:42:06.571,-0.047E+00,-0.047E+00,-0.047E+00,-0.188E+00,+0.08E+00,-79.83E+00,+11.84E+00,-2.297E+00
2,03/2/2026,18:42:06.571,-0.047E+00,-0.047E+00,-0.047E+00,-0.188E+00,-0.02E+00,-79.48E+00,+11.86E+00,-2.342E+00
2,03/2/2026,18:42:06.571,-0.047E+00,-0.047E+00,-0.047E+00,-0.188E+00,-0.11E+00,-79.09E+00,+11.87E+00,-2.396E+00
2,03/2/2026,18:42:06.571,-0.047E+00,-0.047E+00,-0.047E+00,-0.188E+00,-0.20E+00,-78.70E+00,+11.87E+00,-2.434E+00
2,03/2/2026,18:42:06.571,-0.047E+00,-0.047E+00,-0.047E+00,-0.188E+00,-0.29E+00,-78.30E+00,+11.89E+00,-2.480E+00
2,03/2/2026,18:42:06.571,+0.000E+00,-0.047E+00,-0.047E+00,-0.188E+00,-0.38E+00,-77.86E+00,+11.89E+00,-2.533E+00
2,03/2/2026,18:42:06.571,-0.047E+00,-0.047E+00,+0.000E+00,-0.188E+00,-0.47E+00,-77.41E+00,+11.89E+00,-2.579E+00
2,03/2/2026,18:42:06.571,-0.047E+00,-0.047E+00,+0.000E+00,-0.188E+00,-0.56E+00,-76.96E+00,+11.89E+00,-2.617E+00
2,03/2/2026,18:42:06.571,+0.000E+00,-0.047E+00,-0.047E+00,-0.188E+00,-0.66E+00,-76.47E+00,+11.89E+00,-2.663E+00
2,03/2/2026,18:42:06.571,-0.047E+00,-0.047E+00,+0.000E+00,-0.188E+00,-0.73E+00,-75.95E+00,+11.89E+00,-2.701E+00
2,03/2/2026,18:42:06.571,-0.047E+00,-0.047E+00,+0.000E+00,-0.188E+00,-0.82E+00,-75.43E+00,+11.89E+00,-2.739E+00
2,03/2/2026,18:42:06.571,-0.047E+00,-0.047E+00,-0.047E+00,-0.188E+00,-0.90E+00,-74.90E+00,+11.87E+00,-2.777E+00
2,03/2/2026,18:42:06.571,-0.047E+00,-0.047E+00,+0.000E+00,-0.188E+00,-0.98E+00,-74.33E+00,+11.86E+00,-2.816E+00
2,03/2/2026,18:42:06.571,-0.047E+00,-0.047E+00,+0.000E+00,-0.188E+00,-1.07E+00,-73.74E+00,+11.83E+00,-2.854E+00
2,03/2/2026,18:42:06.571,+0.000E+00,-0.047E+00,-0.047E+00,-0.188E+00,-1.14E+00,-73.14E+00,+11.80E+00,-2.884E+00
2,03/2/2026,18:42:06.571,-0.047E+00,-0.047E+00,-0.047E+00,-0.188E+00,-1.21E+00,-72.53E+00,+11.75E+00,-2.915E+00
2,03/2/2026,18:42:06.571,-0.047E+00,-0.047E+00,+0.000E+00,-0.188E+00,-1.28E+00,-71.89E+00,+11.70E+00,-2.945E+00
2,03/2/2026,18:42:06.571,-0.047E+00,-0.047E+00,+0.000E+00,-0.188E+00,-1.36E+00,-71.25E+00,+11.64E+00,-2.976E+00
2,03/2/2026,18:42:06.572,-0.047E+00,-0.047E+00,+0.000E+00,-0.188E+00,-1.43E+00,-70.58E+00,+11.57E+00,-3.006E+00
2,03/2/2026,18:42:06.572,-0.047E+00,-0.047E+00,+0.000E+00,-0.188E+00,-1.51E+00,-69.91E+00,+11.49E+00,-3.037E+00
2,03/2/2026,18:42:06.572,-0.047E+00,-0.047E+00,-0.047E+00,-0.188E+00,-1.59E+00,-69.20E+00,+11.41E+00,-3.067E+00
2,03/2/2026,18:42:06.572,-0.047E+00,-0.047E+00,-0.047E+00,-0.188E+00,-1.65E+00,-68.50E+00,+11.34E+00,-3.098E+00
2,03/2/2026,18:42:06.572,-0.047E+00,-0.047E+00,+0.000E+00,-0.188E+00,-1.72E+00,-67.79E+00,+11.26E+00,-3.113E+00
2,03/2/2026,18:42:06.572,-0.047E+00,-0.047E+00,+0.000E+00,-0.188E+00,-1.80E+00,-67.04E+00,+11.19E+00,-3.144E+00
2,03/2/2026,18:42:06.572,+0.000E+00,-0.047E+00,+0.000E+00,-0.188E+00,-1.86E+00,-66.29E+00,+11.12E+00,-3.166E+00
2,03/2/2026,18:42:06.572,-0.047E+00,-0.047E+00,+0.000E+00,-0.188E+00,-1.92E+00,-65.51E+00,+11.05E+00,-3.189E+00
2,03/2/2026,18:42:06.572,-0.047E+00,-0.047E+00,+0.000E+00,-0.188E+00,-1.98E+00,-64.72E+00,+10.96E+00,-3.205E+00
2,03/2/2026,18:42:06.572,-0.047E+00,-0.047E+00,-0.047E+00,-0.188E+00,-2.04E+00,-63.89E+00,+10.88E+00,-3.228E+00
2,03/2/2026,18:42:06.572,-0.047E+00,-0.047E+00,-0.047E+00,-0.188E+00,-2.11E+00,-63.07E+00,+10.80E+00,-3.243E+00
2,03/2/2026,18:42:06.572,-0.047E+00,-0.047E+00,+0.000E+00,-0.188E+00,-2.15E+00,-62.23E+00,+10.71E+00,-3.258E+00
2,03/2/2026,18:42:06.572,+0.000E+00,-0.047E+00,+0.000E+00,-0.188E+00,-2.21E+00,-61.36E+00,+10.62E+00,-3.273E+00
2,03/2/2026,18:42:06.572,-0.047E+00,-0.047E+00,-0.047E+00,-0.188E+00,-2.26E+00,-60.49E+00,+10.53E+00,-3.281E+00
2,03/2/2026,18:42:06.572,-0.047E+00,-0.047E+00,-0.047E+00,-0.188E+00,-2.32E+00,-59.59E+00,+10.42E+00,-3.296E+00
2,03/2/2026,18:42:06.572,-0.047E+00,-0.047E+00,-0.047E+00,-0.188E+00,-2.38E+00,-58.68E+00,+10.32E+00,-3.311E+00
2,03/2/2026,18:42:06.572,-0.047E+00,-0.047E+00,-0.047E+00,-0.188E+00,-2.44E+00,-57.76E+00,+10.19E+00,-3.327E+00
2,03/2/2026,18:42:06.572,-0.047E+00,-0.047E+00,+0.000E+00,-0.188E+00,-2.50E+00,-56.83E+00,+10.09E+00,-3.342E+00
2,03/2/2026,18:42:06.572,-0.047E+00,-0.047E+00,+0.000E+00,-0.188E+00,-2.55E+00,-55.87E+00,+9.98E+00,-3.357E+00
2,03/2/2026,18:42:06.572,-0.047E+00,-0.047E+00,-0.047E+00,-0.188E+00,-2.62E+00,-54.89E+00,+9.87E+00,-3.373E+00
2,03/2/2026,18:42:06.573,-0.047E+00,-0.047E+00,+0.000E+00,-0.188E+00,-2.69E+00,-53.90E+00,+9.77E+00,-3.388E+00
2,03/2/2026,18:42:06.573,+0.000E+00,-0.047E+00,+0.000E+00,-0.188E+00,-2.75E+00,-52.89E+00,+9.66E+00,-3.395E+00
2,03/2/2026,18:42:06.573,-0.047E+00,-0.047E+00,-0.047E+00,-0.188E+00,-2.81E+00,-51.88E+00,+9.55E+00,-3.411E+00
2,03/2/2026,18:42:06.573,-0.047E+00,-0.047E+00,-0.047E+00,-0.188E+00,-2.87E+00,-50.86E+00,+9.43E+00,-3.418E+00
2,03/2/2026,18:42:06.573,+0.000E+00,-0.047E+00,+0.000E+00,-0.188E+00,-2.93E+00,-49.82E+00,+9.32E+00,-3.434E+00
2,03/2/2026,18:42:06.573,-0.047E+00,-0.047E+00,-0.047E+00,-0.188E+00,-2.98E+00,-48.77E+00,+9.20E+00,-3.441E+00
2,03/2/2026,18:42:06.573,-0.047E+00,-0.047E+00,-0.047E+00,-0.188E+00,-3.04E+00,-47.70E+00,+9.08E+00,-3.449E+00
2,03/2/2026,18:42:06.573,-0.047E+00,-0.047E+00,+0.000E+00,-0.188E+00,-3.10E+00,-46.62E+00,+8.94E+00,-3.464E+00
2,03/2/2026,18:42:06.573,+0.000E+00,-0.047E+00,+0.000E+00,-0.188E+00,-3.16E+00,-45.54E+00,+8.82E+00,-3.464E+00
2,03/2/2026,18:42:06.573,-0.047E+00,-0.047E+00,-0.047E+00,-0.188E+00,-3.20E+00,-44.45E+00,+8.70E+00,-3.472E+00
2,03/2/2026,18:42:06.573,-0.047E+00,-0.047E+00,-0.047E+00,-0.188E+00,-3.27E+00,-43.34E+00,+8.56E+00,-3.479E+00
2,03/2/2026,18:42:06.573,-0.047E+00,-0.047E+00,-0.047E+00,-0.188E+00,-3.33E+00,-42.21E+00,+8.44E+00,-3.487E+00
2,03/2/2026,18:42:06.573,-0.047E+00,-0.047E+00,+0.000E+00,-0.188E+00,-3.39E+00,-41.08E+00,+8.32E+00,-3.495E+00
2,03/2/2026,18:42:06.573,-0.047E+00,-0.047E+00,+0.000E+00,-0.188E+00,-3.43E+00,-39.94E+00,+8.18E+00,-3.502E+00
2,03/2/2026,18:42:06.573,-0.047E+00,-0.047E+00,-0.047E+00,-0.188E+00,-3.48E+00,-38.78E+00,+8.04E+00,-3.502E+00
2,03/2/2026,18:42:06.573,-0.047E+00,-0.047E+00,-0.047E+00,-0.188E+00,-3.54E+00,-37.62E+00,+7.90E+00,-3.502E+00
2,03/2/2026,18:42:06.573,-0.047E+00,-0.047E+00,+0.000E+00,-0.188E+00,-3.60E+00,-36.44E+00,+7.78E+00,-3.502E+00
2,03/2/2026,18:42:06.573,-0.047E+00,-0.047E+00,-0.047E+00,-0.188E+00,-3.65E+00,-35.25E+00,+7.63E+00,-3.510E+00
2,03/2/2026,18:42:06.573,-0.047E+00,-0.047E+00,+0.000E+00,-0.188E+00,-3.71E+00,-34.06E+00,+7.49E+00,-3.510E+00
2,03/2/2026,18:42:06.573,+0.000E+00,-0.047E+00,+0.000E+00,-0.188E+00,-3.75E+00,-32.86E+00,+7.36E+00,-3.517E+00
2,03/2/2026,18:42:06.574,-0.047E+00,-0.047E+00,+0.000E+00,-0.188E+00,-3.82E+00,-31.63E+00,+7.22E+00,-3.517E+00
2,03/2/2026,18:42:06.574,-0.047E+00,-0.047E+00,+0.000E+00,-0.188E+00,-3.86E+00,-30.41E+00,+7.07E+00,-3.517E+00
2,03/2/2026,18:42:06.574,-0.047E+00,-0.047E+00,-0.047E+00,-0.188E+00,-3.92E+00,-29.19E+00,+6.91E+00,-3.517E+00
2,03/2/2026,18:42:06.574,-0.047E+00,-0.047E+00,+0.000E+00,-0.188E+00,-3.97E+00,-27.96E+00,+6.78E+00,-3.517E+00
2,03/2/2026,18:42:06.574,-0.047E+00,-0.047E+00,+0.000E+00,-0.188E+00,-4.03E+00,-26.71E+00,+6.62E+00,-3.517E+00
2,03/2/2026,18:42:06.574,-0.047E+00,-0.047E+00,-0.047E+00,-0.188E+00,-4.07E+00,-25.44E+00,+6.49E+00,-3.517E+00
2,03/2/2026,18:42:06.574,-0.047E+00,-0.047E+00,-0.047E+00,-0.188E+00,-4.12E+00,-24.17E+00,+6.33E+00,-3.517E+00
2,03/2/2026,18:42:06.574,-0.047E+00,-0.047E+00,+0.000E+00,-0.188E+00,-4.18E+00,-22.91E+00,+6.18E+00,-3.510E+00
2,03/2/2026,18:42:06.574,-0.047E+00,-0.047E+00,+0.000E+00,-0.188E+00,-4.24E+00,-21.64E+00,+6.01E+00,-3.510E+00
2,03/2/2026,18:42:06.574,-0.047E+00,-0.047E+00,+0.000E+00,-0.188E+00,-4.29E+00,-20.36E+00,+5.86E+00,-3.510E+00
2,03/2/2026,18:42:06.574,-0.047E+00,-0.047E+00,-0.047E+00,-0.188E+00,-4.33E+00,-19.06E+00,+5.71E+00,-3.510E+00
2,03/2/2026,18:42:06.574,-0.047E+00,-0.047E+00,-0.047E+00,-0.188E+00,-4.39E+00,-17.76E+00,+5.54E+00,-3.502E+00
2,03/2/2026,18:42:06.574,+0.000E+00,-0.047E+00,+0.000E+00,-0.188E+00,-4.44E+00,-16.47E+00,+5.39E+00,-3.495E+00
2,03/2/2026,18:42:06.574,-0.047E+00,-0.047E+00,-0.047E+00,-0.188E+00,-4.49E+00,-15.15E+00,+5.22E+00,-3.495E+00
2,03/2/2026,18:42:06.574,-0.047E+00,-0.047E+00,-0.047E+00,-0.188E+00,-4.53E+00,-13.84E+00,+5.07E+00,-3.487E+00
2,03/2/2026,18:42:06.574,-0.047E+00,-0.047E+00,-0.047E+00,-0.188E+00,-4.59E+00,-12.54E+00,+4.90E+00,-3.487E+00
2,03/2/2026,18:42:06.574,-0.047E+00,-0.047E+00,+0.000E+00,-0.188E+00,-4.64E+00,-11.22E+00,+4.73E+00,-3.479E+00
2,03/2/2026,18:42:06.574,-0.047E+00,-0.047E+00,+0.000E+00,-0.188E+00,-4.68E+00,-9.90E+00,+4.58E+00,-3.472E+00
2,03/2/2026,18:42:06.574,+0.000E+00,-0.047E+00,-0.047E+00,-0.188E+00,-4.73E+00,-8.58E+00,+4.41E+00,-3.456E+00
2,03/2/2026,18:42:06.574,-0.047E+00,-0.047E+00,+0.000E+00,-0.188E+00,-4.76E+00,-7.25E+00,+4.24E+00,-3.449E+00
2,03/2/2026,18:42:06.575,-0.047E+00,-0.047E+00,-0.047E+00,-0.188E+00,-4.79E+00,-5.94E+00,+4.07E+00,-3.434E+00
2,03/2/2026,18:42:06.575,-0.047E+00,-0.047E+00,+0.000E+00,-0.188E+00,-4.82E+00,-4.62E+00,+3.91E+00,-3.418E+00
2,03/2/2026,18:42:06.575,+0.000E+00,-0.047E+00,+0.000E+00,-0.188E+00,-4.85E+00,-3.30E+00,+3.75E+00,-3.395E+00
2,03/2/2026,18:42:06.575,-0.047E+00,-0.094E+00,+0.000E+00,-0.188E+00,-4.87E+00,-1.98E+00,+3.57E+00,-3.380E+00
2,03/2/2026,18:42:06.575,-0.047E+00,-0.047E+00,+0.000E+00,-0.188E+00,-4.90E+00,-0.69E+00,+3.40E+00,-3.357E+00
2,03/2/2026,18:42:06.575,-0.047E+00,-0.047E+00,+0.000E+00,-0.188E+00,-4.91E+00,+0.63E+00,+3.24E+00,-3.327E+00
2,03/2/2026,18:42:06.575,-0.047E+00,-0.047E+00,-0.047E+00,-0.188E+00,-4.93E+00,+1.94E+00,+3.05E+00,-3.311E+00
2,03/2/2026,18:42:06.575,-0.047E+00,-0.047E+00,+0.000E+00,-0.188E+00,-4.94E+00,+3.24E+00,+2.88E+00,-3.281E+00
2,03/2/2026,18:42:06.575,-0.047E+00,-0.047E+00,-0.047E+00,-0.188E+00,-4.96E+00,+4.55E+00,+2.70E+00,-3.258E+00
2,03/2/2026,18:42:06.575,-0.047E+00,-0.047E+00,-0.047E+00,-0.188E+00,-4.96E+00,+5.83E+00,+2.53E+00,-3.228E+00
2,03/2/2026,18:42:06.575,-0.047E+00,-0.047E+00,-0.047E+00,-0.188E+00,-4.96E+00,+7.13E+00,+2.37E+00,-3.205E+00
2,03/2/2026,18:42:06.575,-0.047E+00,-0.047E+00,-0.047E+00,-0.188E+00,-4.96E+00,+8.42E+00,+2.20E+00,-3.166E+00
2,03/2/2026,18:42:06.575,-0.047E+00,-0.047E+00,+0.000E+00,-0.188E+00,-4.96E+00,+9.71E+00,+2.01E+00,-3.136E+00
2,03/2/2026,18:42:06.575,-0.047E+00,-0.047E+00,+0.000E+00,-0.188E+00,-4.96E+00,+10.97E+00,+1.85E+00,-3.105E+00
2,03/2/2026,18:42:06.575,-0.047E+00,-0.047E+00,+0.000E+00,-0.188E+00,-4.94E+00,+12.25E+00,+1.68E+00,-3.067E+00
2,03/2/2026,18:42:06.575,-0.047E+00,-0.047E+00,-0.047E+00,-0.188E+00,-4.94E+00,+13.54E+00,+1.50E+00,-3.037E+00
2,03/2/2026,18:42:06.575,-0.047E+00,-0.047E+00,+0.000E+00,-0.188E+00,-4.93E+00,+14.80E+00,+1.33E+00,-2.999E+00
2,03/2/2026,18:42:06.575,-0.047E+00,-0.047E+00,+0.000E+00,-0.188E+00,-4.91E+00,+16.07E+00,+1.14E+00,-2.960E+00
2,03/2/2026,18:42:06.575,-0.047E+00,-0.047E+00,+0.000E+00,-0.188E+00,-4.90E+00,+17.32E+00,+0.98E+00,-2.922E+00
2,03/2/2026,18:42:06.575,+0.000E+00,-0.047E+00,-0.047E+00,-0.188E+00,-4.88E+00,+18.56E+00,+0.81E+00,-2.884E+00
2,03/2/2026,18:42:06.576,+0.000E+00,-0.047E+00,+0.000E+00,-0.188E+00,-4.87E+00,+19.81E+00,+0.63E+00,-2.846E+00
2,03/2/2026,18:42:06.576,-0.047E+00,-0.047E+00,-0.047E+00,-0.188E+00,-4.85E+00,+21.03E+00,+0.44E+00,-2.808E+00
2,03/2/2026,18:42:06.576,-0.047E+00,-0.047E+00,-0.047E+00,-0.188E+00,-4.82E+00,+22.25E+00,+0.27E+00,-2.762E+00
2,03/2/2026,18:42:06.576,-0.047E+00,-0.047E+00,+0.000E+00,-0.188E+00,-4.79E+00,+23.49E+00,+0.09E+00,-2.724E+00
2,03/2/2026,18:42:06.576,-0.047E+00,-0.047E+00,-0.047E+00,-0.188E+00,-4.78E+00,+24.71E+00,-0.09E+00,-2.686E+00
2,03/2/2026,18:42:06.576,-0.047E+00,-0.047E+00,-0.047E+00,-0.188E+00,-4.76E+00,+25.91E+00,-0.26E+00,-2.640E+00
2,03/2/2026,18:42:06.576,+0.000E+00,-0.047E+00,-0.047E+00,-0.188E+00,-4.73E+00,+27.12E+00,-0.44E+00,-2.602E+00
2,03/2/2026,18:42:06.576,-0.047E+00,-0.047E+00,+0.000E+00,-0.188E+00,-4.72E+00,+28.31E+00,-0.61E+00,-2.556E+00
2,03/2/2026,18:42:06.576,-0.047E+00,-0.047E+00,+0.000E+00,-0.188E+00,-4.68E+00,+29.48E+00,-0.79E+00,-2.518E+00
2,03/2/2026,18:42:06.576,-0.047E+00,-0.047E+00,+0.000E+00,-0.188E+00,-4.67E+00,+30.66E+00,-0.96E+00,-2.472E+00
2,03/2/2026,18:42:06.576,-0.047E+00,-0.047E+00,-0.047E+00,-0.188E+00,-4.64E+00,+31.83E+00,-1.13E+00,-2.434E+00
2,03/2/2026,18:42:06.576,-0.047E+00,-0.047E+00,+0.000E+00,-0.188E+00,-4.61E+00,+33.01E+00,-1.31E+00,-2.388E+00
2,03/2/2026,18:42:06.576,-0.047E+00,+0.000E+00,+0.000E+00,-0.188E+00,-4.58E+00,+34.15E+00,-1.48E+00,-2.350E+00
2,03/2/2026,18:42:06.576,+0.000E+00,-0.047E+00,+0.000E+00,-0.188E+00,-4.55E+00,+35.30E+00,-1.65E+00,-2.304E+00
2,03/2/2026,18:42:06.576,+0.000E+00,-0.047E+00,+0.000E+00,-0.188E+00,-4.52E+00,+36.43E+00,-1.82E+00,-2.259E+00
2,03/2/2026,18:42:06.576,-0.047E+00,-0.047E+00,+0.000E+00,-0.188E+00,-4.49E+00,+37.57E+00,-1.98E+00,-2.220E+00
2,03/2/2026,18:42:06.576,-0.047E+00,-0.047E+00,-0.047E+00,-0.188E+00,-4.46E+00,+38.68E+00,-2.15E+00,-2.175E+00
2,03/2/2026,18:42:06.576,-0.047E+00,-0.047E+00,+0.000E+00,-0.188E+00,-4.43E+00,+39.80E+00,-2.32E+00,-2.129E+00
2,03/2/2026,18:42:06.576,-0.047E+00,-0.047E+00,+0.000E+00,-0.188E+00,-4.39E+00,+40.90E+00,-2.47E+00,-2.083E+00
2,03/2/2026,18:42:06.576,+0.000E+00,-0.047E+00,-0.047E+00,-0.188E+00,-4.35E+00,+42.00E+00,-2.64E+00,-2.037E+00
2,03/2/2026,18:42:06.577,-0.047E+00,-0.047E+00,-0.047E+00,-0.188E+00,-4.32E+00,+43.09E+00,-2.81E+00,-1.999E+00
2,03/2/2026,18:42:06.577,-0.047E+00,-0.047E+00,-0.047E+00,-0.188E+00,-4.29E+00,+44.18E+00,-2.96E+00,-1.953E+00
2,03/2/2026,18:42:06.577,-0.047E+00,-0.047E+00,-0.047E+00,-0.188E+00,-4.24E+00,+45.25E+00,-3.11E+00,-1.900E+00
2,03/2/2026,18:42:06.577,-0.047E+00,-0.047E+00,+0.000E+00,-0.188E+00,-4.21E+00,+46.30E+00,-3.28E+00,-1.862E+00
2,03/2/2026,18:42:06.577,+0.000E+00,-0.047E+00,+0.000E+00,-0.188E+00,-4.17E+00,+47.35E+00,-3.43E+00,-1.816E+00
2,03/2/2026,18:42:06.577,-0.047E+00,-0.047E+00,+0.000E+00,-0.188E+00,-4.14E+00,+48.39E+00,-3.60E+00,-1.763E+00
2,03/2/2026,18:42:06.577,-0.047E+00,-0.047E+00,+0.000E+00,-0.188E+00,-4.09E+00,+49.43E+00,-3.75E+00,-1.717E+00
2,03/2/2026,18:42:06.577,-0.047E+00,-0.047E+00,-0.047E+00,-0.188E+00,-4.04E+00,+50.45E+00,-3.92E+00,-1.671E+00
2,03/2/2026,18:42:06.577,-0.047E+00,-0.047E+00,+0.000E+00,-0.188E+00,-4.01E+00,+51.47E+00,-4.07E+00,-1.625E+00
2,03/2/2026,18:42:06.577,-0.047E+00,-0.047E+00,+0.000E+00,-0.188E+00,-3.95E+00,+52.48E+00,-4.23E+00,-1.572E+00
2,03/2/2026,18:42:06.577,-0.047E+00,-0.047E+00,-0.047E+00,-0.188E+00,-3.91E+00,+53.47E+00,-4.38E+00,-1.526E+00
2,03/2/2026,18:42:06.577,-0.047E+00,-0.047E+00,-0.047E+00,-0.188E+00,-3.88E+00,+54.45E+00,-4.53E+00,-1.480E+00
2,03/2/2026,18:42:06.577,-0.047E+00,-0.047E+00,-0.047E+00,-0.188E+00,-3.82E+00,+55.44E+00,-4.68E+00,-1.427E+00
2,03/2/2026,18:42:06.577,-0.047E+00,-0.047E+00,-0.047E+00,-0.188E+00,-3.77E+00,+56.40E+00,-4.84E+00,-1.381E+00
2,03/2/2026,18:42:06.577,-0.047E+00,-0.047E+00,-0.047E+00,-0.188E+00,-3.72E+00,+57.38E+00,-4.99E+00,-1.328E+00
2,03/2/2026,18:42:06.577,-0.047E+00,-0.047E+00,-0.047E+00,-0.188E+00,-3.66E+00,+58.32E+00,-5.13E+00,-1.274E+00
2,03/2/2026,18:42:06.577,-0.047E+00,-0.047E+00,-0.047E+00,-0.188E+00,-3.62E+00,+59.27E+00,-5.28E+00,-1.228E+00
2,03/2/2026,18:42:06.577,-0.047E+00,-0.047E+00,-0.047E+00,-0.188E+00,-3.56E+00,+60.20E+00,-5.45E+00,-1.175E+00
2,03/2/2026,18:42:06.577,-0.047E+00,-0.047E+00,-0.047E+00,-0.188E+00,-3.49E+00,+61.12E+00,-5.59E+00,-1.122E+00
2,03/2/2026,18:42:06.577,-0.047E+00,-0.047E+00,-0.047E+00,-0.188E+00,-3.45E+00,+62.03E+00,-5.74E+00,-1.068E+00
2,03/2/2026,18:42:06.578,-0.047E+00,-0.047E+00,+0.000E+00,-0.188E+00,-3.39E+00,+62.93E+00,-5.89E+00,-1.015E+00
2,03/2/2026,18:42:06.578,-0.047E+00,-0.047E+00,+0.000E+00,-0.188E+00,-3.33E+00,+63.83E+00,-6.04E+00,-0.961E+00
2,03/2/2026,18:42:06.578,-0.047E+00,-0.047E+00,+0.000E+00,-0.188E+00,-3.27E+00,+64.72E+00,-6.20E+00,-0.916E+00
2,03/2/2026,18:42:06.578,-0.047E+00,-0.047E+00,+0.000E+00,-0.188E+00,-3.22E+00,+65.59E+00,-6.33E+00,-0.862E+00
2,03/2/2026,18:42:06.578,-0.047E+00,-0.047E+00,+0.000E+00,-0.188E+00,-3.16E+00,+66.44E+00,-6.47E+00,-0.809E+00
2,03/2/2026,18:42:06.578,-0.047E+00,-0.047E+00,-0.047E+00,-0.188E+00,-3.10E+00,+67.28E+00,-6.59E+00,-0.763E+00
2,03/2/2026,18:42:06.578,+0.000E+00,-0.047E+00,-0.047E+00,-0.188E+00,-3.04E+00,+68.11E+00,-6.71E+00,-0.710E+00
2,03/2/2026,18:42:06.578,-0.047E+00,-0.047E+00,-0.047E+00,-0.188E+00,-2.98E+00,+68.90E+00,-6.84E+00,-0.656E+00
2,03/2/2026,18:42:06.578,-0.047E+00,-0.047E+00,+0.000E+00,-0.188E+00,-2.91E+00,+69.69E+00,-6.96E+00,-0.603E+00
2,03/2/2026,18:42:06.578,-0.047E+00,-0.047E+00,+0.000E+00,-0.188E+00,-2.85E+00,+70.44E+00,-7.08E+00,-0.549E+00
2,03/2/2026,18:42:06.578,-0.047E+00,-0.047E+00,-0.047E+00,-0.188E+00,-2.79E+00,+71.19E+00,-7.19E+00,-0.488E+00
2,03/2/2026,18:42:06.578,-0.047E+00,-0.047E+00,+0.000E+00,-0.188E+00,-2.72E+00,+71.91E+00,-7.29E+00,-0.443E+00
2,03/2/2026,18:42:06.578,+0.000E+00,-0.047E+00,+0.000E+00,-0.188E+00,-2.66E+00,+72.61E+00,-7.42E+00,-0.389E+00
2,03/2/2026,18:42:06.578,-0.047E+00,-0.047E+00,+0.000E+00,-0.188E+00,-2.59E+00,+73.28E+00,-7.51E+00,-0.328E+00
2,03/2/2026,18:42:06.578,-0.047E+00,-0.047E+00,+0.000E+00,-0.188E+00,-2.52E+00,+73.95E+00,-7.61E+00,-0.275E+00
2,03/2/2026,18:42:06.578,-0.047E+00,-0.047E+00,-0.047E+00,-0.188E+00,-2.44E+00,+74.61E+00,-7.72E+00,-0.221E+00
2,03/2/2026,18:42:06.578,+0.000E+00,-0.047E+00,-0.047E+00,-0.188E+00,-2.37E+00,+75.23E+00,-7.83E+00,-0.160E+00
2,03/2/2026,18:42:06.578,-0.047E+00,-0.047E+00,-0.047E+00,-0.188E+00,-2.29E+00,+75.83E+00,-7.92E+00,-0.107E+00
2,03/2/2026,18:42:06.578,+0.000E+00,-0.047E+00,+0.000E+00,-0.188E+00,-2.21E+00,+76.41E+00,-8.01E+00,-0.046E+00
2,03/2/2026,18:42:06.578,-0.047E+00,-0.047E+00,+0.000E+00,-0.188E+00,-2.14E+00,+76.96E+00,-8.10E+00,+0.008E+00
2,03/2/2026,18:42:06.579,-0.047E+00,-0.047E+00,+0.000E+00,-0.188E+00,-2.06E+00,+77.48E+00,-8.19E+00,+0.061E+00
2,03/2/2026,18:42:06.579,-0.047E+00,-0.047E+00,+0.000E+00,-0.188E+00,-1.98E+00,+77.98E+00,-8.29E+00,+0.114E+00
2,03/2/2026,18:42:06.579,-0.047E+00,-0.047E+00,+0.000E+00,-0.188E+00,-1.91E+00,+78.45E+00,-8.38E+00,+0.175E+00
2,03/2/2026,18:42:06.579,-0.047E+00,-0.047E+00,+0.000E+00,-0.188E+00,-1.83E+00,+78.91E+00,-8.47E+00,+0.229E+00
2,03/2/2026,18:42:06.579,+0.000E+00,-0.047E+00,-0.047E+00,-0.188E+00,-1.75E+00,+79.34E+00,-8.56E+00,+0.282E+00
2,03/2/2026,18:42:06.579,-0.047E+00,-0.047E+00,-0.047E+00,-0.188E+00,-1.68E+00,+79.75E+00,-8.65E+00,+0.343E+00
2,03/2/2026,18:42:06.579,-0.047E+00,-0.047E+00,+0.000E+00,-0.188E+00,-1.60E+00,+80.15E+00,-8.73E+00,+0.397E+00
2,03/2/2026,18:42:06.579,-0.047E+00,-0.047E+00,+0.000E+00,-0.188E+00,-1.53E+00,+80.51E+00,-8.82E+00,+0.450E+00
2,03/2/2026,18:42:06.579,-0.047E+00,-0.047E+00,+0.000E+00,-0.188E+00,-1.43E+00,+80.86E+00,-8.90E+00,+0.504E+00
2,03/2/2026,18:42:06.579,-0.047E+00,-0.047E+00,+0.000E+00,-0.188E+00,-1.36E+00,+81.18E+00,-8.97E+00,+0.557E+00
2,03/2/2026,18:42:06.579,+0.000E+00,-0.047E+00,+0.000E+00,-0.188E+00,-1.27E+00,+81.49E+00,-9.03E+00,+0.618E+00
2,03/2/2026,18:42:06.579,-0.047E+00,-0.047E+00,+0.000E+00,-0.188E+00,-1.19E+00,+81.76E+00,-9.11E+00,+0.679E+00
2,03/2/2026,18:42:06.579,-0.047E+00,-0.047E+00,+0.000E+00,-0.188E+00,-1.10E+00,+82.04E+00,-9.19E+00,+0.732E+00
2,03/2/2026,18:42:06.579,+0.000E+00,-0.047E+00,-0.047E+00,-0.188E+00,-1.01E+00,+82.28E+00,-9.25E+00,+0.786E+00
2,03/2/2026,18:42:06.579,-0.047E+00,-0.047E+00,-0.047E+00,-0.188E+00,-0.93E+00,+82.51E+00,-9.31E+00,+0.839E+00
2,03/2/2026,18:42:06.579,-0.047E+00,-0.047E+00,+0.000E+00,-0.188E+00,-0.85E+00,+82.71E+00,-9.37E+00,+0.893E+00
2,03/2/2026,18:42:06.579,-0.047E+00,-0.047E+00,+0.000E+00,-0.188E+00,-0.76E+00,+82.89E+00,-9.43E+00,+0.946E+00
2,03/2/2026,18:42:06.579,+0.000E+00,-0.047E+00,+0.000E+00,-0.188E+00,-0.67E+00,+83.06E+00,-9.49E+00,+1.007E+00
2,03/2/2026,18:42:06.579,-0.047E+00,-0.047E+00,+0.000E+00,-0.188E+00,-0.60E+00,+83.21E+00,-9.54E+00,+1.061E+00
2,03/2/2026,18:42:06.579,-0.047E+00,+0.000E+00,-0.047E+00,-0.188E+00,-0.50E+00,+83.32E+00,-9.58E+00,+1.114E+00
2,03/2/2026,18:42:06.580,+0.000E+00,-0.047E+00,-0.047E+00,-0.188E+00,-0.43E+00,+83.43E+00,-9.64E+00,+1.160E+00
2,03/2/2026,18:42:06.580,+0.000E+00,-0.047E+00,-0.047E+00,-0.188E+00,-0.34E+00,+83.52E+00,-9.69E+00,+1.213E+00
2,03/2/2026,18:42:06.580,-0.047E+00,-0.047E+00,-0.047E+00,-0.188E+00,-0.26E+00,+83.58E+00,-9.74E+00,+1.267E+00
2,03/2/2026,18:42:06.580,-0.047E+00,-0.047E+00,-0.047E+00,-0.188E+00,-0.17E+00,+83.63E+00,-9.77E+00,+1.320E+00
2,03/2/2026,18:42:06.580,-0.047E+00,-0.047E+00,-0.047E+00,-0.188E+00,-0.09E+00,+83.66E+00,-9.81E+00,+1.366E+00
2,03/2/2026,18:42:06.580,-0.047E+00,-0.047E+00,-0.047E+00,-0.188E+00,+0.00E+00,+83.67E+00,-9.86E+00,+1.419E+00
2,03/2/2026,18:42:06.580,-0.047E+00,-0.047E+00,-0.047E+00,-0.188E+00,+0.08E+00,+83.64E+00,-9.90E+00,+1.465E+00
2,03/2/2026,18:42:06.580,-0.047E+00,-0.047E+00,+0.000E+00,-0.188E+00,+0.17E+00,+83.63E+00,-9.93E+00,+1.518E+00
2,03/2/2026,18:42:06.580,-0.047E+00,-0.047E+00,+0.000E+00,-0.188E+00,+0.26E+00,+83.58E+00,-9.96E+00,+1.564E+00
2,03/2/2026,18:42:06.580,+0.000E+00,-0.047E+00,+0.000E+00,-0.188E+00,+0.34E+00,+83.50E+00,-10.00E+00,+1.618E+00
2,03/2/2026,18:42:06.580,+0.000E+00,-0.047E+00,-0.047E+00,-0.188E+00,+0.41E+00,+83.41E+00,-10.03E+00,+1.663E+00
2,03/2/2026,18:42:06.580,-0.047E+00,-0.047E+00,-0.047E+00,-0.188E+00,+0.50E+00,+83.31E+00,-10.06E+00,+1.717E+00
2,03/2/2026,18:42:06.580,-0.047E+00,-0.047E+00,-0.047E+00,-0.188E+00,+0.60E+00,+83.17E+00,-10.09E+00,+1.763E+00
2,03/2/2026,18:42:06.580,+0.000E+00,-0.047E+00,+0.000E+00,-0.188E+00,+0.67E+00,+83.02E+00,-10.12E+00,+1.808E+00
2,03/2/2026,18:42:06.580,-0.047E+00,-0.047E+00,-0.047E+00,-0.188E+00,+0.76E+00,+82.85E+00,-10.15E+00,+1.854E+00
2,03/2/2026,18:42:06.580,-0.047E+00,-0.047E+00,-0.047E+00,-0.188E+00,+0.84E+00,+82.65E+00,-10.16E+00,+1.908E+00
2,03/2/2026,18:42:06.580,-0.047E+00,-0.047E+00,-0.047E+00,-0.188E+00,+0.93E+00,+82.45E+00,-10.18E+00,+1.953E+00
2,03/2/2026,18:42:06.580,-0.047E+00,-0.047E+00,-0.047E+00,-0.188E+00,+1.02E+00,+82.22E+00,-10.21E+00,+1.999E+00
2,03/2/2026,18:42:06.580,-0.047E+00,-0.047E+00,+0.000E+00,-0.188E+00,+1.11E+00,+81.96E+00,-10.22E+00,+2.045E+00
2,03/2/2026,18:42:06.580,-0.047E+00,-0.047E+00,-0.047E+00,-0.188E+00,+1.21E+00,+81.69E+00,-10.24E+00,+2.098E+00
2,03/2/2026,18:42:06.581,-0.047E+00,-0.047E+00,-0.047E+00,-0.188E+00,+1.30E+00,+81.40E+00,-10.25E+00,+2.144E+00
2,03/2/2026,18:42:06.581,-0.047E+00,-0.047E+00,+0.000E+00,-0.188E+00,+1.39E+00,+81.09E+00,-10.27E+00,+2.190E+00
2,03/2/2026,18:42:06.581,-0.047E+00,-0.047E+00,+0.000E+00,-0.188E+00,+1.48E+00,+80.77E+00,-10.29E+00,+2.236E+00
2,03/2/2026,18:42:06.581,-0.047E+00,-0.047E+00,-0.047E+00,-0.235E+00,+1.56E+00,+80.44E+00,-10.30E+00,+2.289E+00
2,03/2/2026,18:42:06.581,-0.047E+00,-0.047E+00,+0.000E+00,-0.188E+00,+1.65E+00,+80.05E+00,-10.32E+00,+2.335E+00
2,03/2/2026,18:42:06.581,-0.047E+00,-0.047E+00,+0.000E+00,-0.188E+00,+1.75E+00,+79.69E+00,-10.32E+00,+2.381E+00
2,03/2/2026,18:42:06.581,-0.047E+00,-0.047E+00,+0.000E+00,-0.188E+00,+1.85E+00,+79.29E+00,-10.33E+00,+2.426E+00
2,03/2/2026,18:42:06.581,+0.000E+00,-0.047E+00,+0.000E+00,-0.188E+00,+1.94E+00,+78.86E+00,-10.33E+00,+2.472E+00
2,03/2/2026,18:42:06.581,+0.000E+00,-0.047E+00,-0.047E+00,-0.188E+00,+2.03E+00,+78.42E+00,-10.35E+00,+2.518E+00
2,03/2/2026,18:42:06.581,-0.047E+00,-0.047E+00,+0.000E+00,-0.188E+00,+2.12E+00,+77.96E+00,-10.35E+00,+2.556E+00
2,03/2/2026,18:42:06.581,-0.047E+00,-0.047E+00,+0.000E+00,-0.188E+00,+2.20E+00,+77.48E+00,-10.33E+00,+2.602E+00
2,03/2/2026,18:42:06.581,-0.047E+00,-0.047E+00,+0.000E+00,-0.141E+00,+2.29E+00,+76.99E+00,-10.33E+00,+2.640E+00
2,03/2/2026,18:42:06.581,-0.047E+00,-0.047E+00,+0.000E+00,-0.188E+00,+2.37E+00,+76.47E+00,-10.35E+00,+2.686E+00
2,03/2/2026,18:42:06.581,-0.047E+00,-0.047E+00,-0.047E+00,-0.188E+00,+2.46E+00,+75.93E+00,-10.33E+00,+2.724E+00
2,03/2/2026,18:42:06.581,+0.000E+00,-0.047E+00,-0.047E+00,-0.188E+00,+2.53E+00,+75.37E+00,-10.32E+00,+2.762E+00
2,03/2/2026,18:42:06.581,-0.047E+00,-0.047E+00,-0.047E+00,-0.188E+00,+2.61E+00,+74.81E+00,-10.29E+00,+2.793E+00
2,03/2/2026,18:42:06.581,-0.047E+00,-0.047E+00,+0.000E+00,-0.188E+00,+2.69E+00,+74.21E+00,-10.25E+00,+2.831E+00
2,03/2/2026,18:42:06.581,-0.047E+00,-0.047E+00,-0.047E+00,-0.188E+00,+2.76E+00,+73.60E+00,-10.21E+00,+2.861E+00
2,03/2/2026,18:42:06.581,-0.047E+00,-0.047E+00,-0.047E+00,-0.188E+00,+2.82E+00,+72.97E+00,-10.16E+00,+2.892E+00
2,03/2/2026,18:42:06.581,-0.047E+00,-0.047E+00,-0.047E+00,-0.235E+00,+2.90E+00,+72.33E+00,-10.10E+00,+2.922E+00
2,03/2/2026,18:42:06.582,-0.047E+00,-0.047E+00,+0.000E+00,-0.188E+00,+2.98E+00,+71.68E+00,-10.03E+00,+2.953E+00
2,03/2/2026,18:42:06.582,-0.047E+00,-0.047E+00,+0.000E+00,-0.188E+00,+3.05E+00,+71.01E+00,-9.96E+00,+2.983E+00
2,03/2/2026,18:42:06.582,-0.047E+00,-0.047E+00,-0.047E+00,-0.188E+00,+3.11E+00,+70.32E+00,-9.89E+00,+3.006E+00
2,03/2/2026,18:42:06.582,+0.000E+00,-0.047E+00,-0.047E+00,-0.188E+00,+3.19E+00,+69.62E+00,-9.81E+00,+3.037E+00
2,03/2/2026,18:42:06.582,-0.047E+00,-0.047E+00,+0.000E+00,-0.188E+00,+3.25E+00,+68.90E+00,-9.74E+00,+3.060E+00
2,03/2/2026,18:42:06.582,-0.047E+00,-0.047E+00,+0.000E+00,-0.188E+00,+3.33E+00,+68.17E+00,-9.66E+00,+3.083E+00
2,03/2/2026,18:42:06.582,-0.047E+00,-0.047E+00,-0.047E+00,-0.188E+00,+3.39E+00,+67.42E+00,-9.58E+00,+3.113E+00
2,03/2/2026,18:42:06.582,-0.047E+00,-0.047E+00,-0.047E+00,-0.188E+00,+3.45E+00,+66.64E+00,-9.51E+00,+3.128E+00
2,03/2/2026,18:42:06.582,-0.047E+00,-0.047E+00,+0.000E+00,-0.188E+00,+3.51E+00,+65.86E+00,-9.45E+00,+3.151E+00
2,03/2/2026,18:42:06.582,-0.047E+00,-0.047E+00,+0.000E+00,-0.188E+00,+3.57E+00,+65.05E+00,-9.37E+00,+3.174E+00
2,03/2/2026,18:42:06.582,-0.047E+00,-0.047E+00,-0.047E+00,-0.188E+00,+3.63E+00,+64.23E+00,-9.28E+00,+3.189E+00
2,03/2/2026,18:42:06.582,-0.047E+00,-0.047E+00,-0.047E+00,-0.188E+00,+3.68E+00,+63.39E+00,-9.20E+00,+3.205E+00
2,03/2/2026,18:42:06.582,-0.047E+00,-0.047E+00,-0.047E+00,-0.188E+00,+3.72E+00,+62.55E+00,-9.11E+00,+3.220E+00
2,03/2/2026,18:42:06.582,-0.047E+00,-0.047E+00,-0.047E+00,-0.188E+00,+3.78E+00,+61.68E+00,-9.02E+00,+3.235E+00
2,03/2/2026,18:42:06.582,-0.047E+00,-0.047E+00,+0.000E+00,-0.188E+00,+3.85E+00,+60.78E+00,-8.91E+00,+3.243E+00
2,03/2/2026,18:42:06.582,+0.000E+00,-0.047E+00,-0.047E+00,-0.188E+00,+3.89E+00,+59.88E+00,-8.79E+00,+3.258E+00
2,03/2/2026,18:42:06.582,-0.047E+00,-0.047E+00,-0.047E+00,-0.188E+00,+3.95E+00,+58.97E+00,-8.68E+00,+3.273E+00
2,03/2/2026,18:42:06.582,-0.047E+00,-0.047E+00,-0.047E+00,-0.188E+00,+4.00E+00,+58.03E+00,-8.58E+00,+3.289E+00
2,03/2/2026,18:42:06.582,-0.047E+00,-0.047E+00,-0.047E+00,-0.188E+00,+4.06E+00,+57.09E+00,-8.47E+00,+3.304E+00
2,03/2/2026,18:42:06.582,-0.047E+00,-0.047E+00,+0.000E+00,-0.188E+00,+4.12E+00,+56.11E+00,-8.36E+00,+3.319E+00
2,03/2/2026,18:42:06.583,-0.047E+00,-0.047E+00,+0.000E+00,-0.188E+00,+4.20E+00,+55.14E+00,-8.26E+00,+3.334E+00
2,03/2/2026,18:42:06.583,-0.047E+00,-0.047E+00,+0.000E+00,-0.188E+00,+4.24E+00,+54.14E+00,-8.15E+00,+3.350E+00
2,03/2/2026,18:42:06.583,-0.047E+00,-0.047E+00,-0.047E+00,-0.188E+00,+4.30E+00,+53.14E+00,-8.06E+00,+3.357E+00
2,03/2/2026,18:42:06.583,-0.047E+00,-0.047E+00,-0.047E+00,-0.188E+00,+4.36E+00,+52.13E+00,-7.94E+00,+3.373E+00
2,03/2/2026,18:42:06.583,-0.047E+00,-0.047E+00,-0.047E+00,-0.188E+00,+4.43E+00,+51.09E+00,-7.83E+00,+3.388E+00
2,03/2/2026,18:42:06.583,-0.047E+00,-0.047E+00,+0.000E+00,-0.188E+00,+4.49E+00,+50.05E+00,-7.71E+00,+3.395E+00
2,03/2/2026,18:42:06.583,-0.047E+00,-0.047E+00,-0.047E+00,-0.188E+00,+4.53E+00,+49.00E+00,-7.58E+00,+3.403E+00
2,03/2/2026,18:42:06.583,-0.047E+00,-0.047E+00,-0.047E+00,-0.188E+00,+4.59E+00,+47.93E+00,-7.46E+00,+3.411E+00
2,03/2/2026,18:42:06.583,+0.000E+00,-0.047E+00,-0.047E+00,-0.188E+00,+4.64E+00,+46.85E+00,-7.34E+00,+3.418E+00
2,03/2/2026,18:42:06.583,-0.047E+00,-0.047E+00,-0.047E+00,-0.188E+00,+4.70E+00,+45.77E+00,-7.20E+00,+3.426E+00
2,03/2/2026,18:42:06.583,-0.047E+00,-0.047E+00,+0.000E+00,-0.188E+00,+4.76E+00,+44.65E+00,-7.08E+00,+3.434E+00
2,03/2/2026,18:42:06.583,+0.000E+00,-0.047E+00,+0.000E+00,-0.188E+00,+4.81E+00,+43.54E+00,-6.96E+00,+3.434E+00
2,03/2/2026,18:42:06.583,-0.047E+00,-0.047E+00,-0.047E+00,-0.188E+00,+4.87E+00,+42.42E+00,-6.84E+00,+3.441E+00
2,03/2/2026,18:42:06.583,-0.047E+00,-0.047E+00,-0.047E+00,-0.188E+00,+4.91E+00,+41.28E+00,-6.70E+00,+3.449E+00
2,03/2/2026,18:42:06.583,+0.000E+00,-0.047E+00,-0.047E+00,-0.141E+00,+4.96E+00,+40.13E+00,-6.58E+00,+3.456E+00
2,03/2/2026,18:42:06.583,+0.000E+00,-0.047E+00,-0.047E+00,-0.188E+00,+5.02E+00,+38.97E+00,-6.44E+00,+3.456E+00
2,03/2/2026,18:42:06.583,-0.047E+00,-0.047E+00,-0.047E+00,-0.188E+00,+5.07E+00,+37.81E+00,-6.32E+00,+3.456E+00
2,03/2/2026,18:42:06.583,+0.000E+00,-0.047E+00,-0.047E+00,-0.188E+00,+5.11E+00,+36.64E+00,-6.18E+00,+3.464E+00
2,03/2/2026,18:42:06.583,-0.047E+00,-0.047E+00,-0.047E+00,-0.188E+00,+5.17E+00,+35.46E+00,-6.04E+00,+3.464E+00
2,03/2/2026,18:42:06.583,-0.047E+00,-0.047E+00,-0.047E+00,-0.188E+00,+5.22E+00,+34.26E+00,-5.91E+00,+3.464E+00
2,03/2/2026,18:42:06.584,-0.047E+00,-0.047E+00,-0.047E+00,-0.188E+00,+5.28E+00,+33.05E+00,-5.77E+00,+3.472E+00
2,03/2/2026,18:42:06.584,-0.047E+00,-0.047E+00,+0.000E+00,-0.188E+00,+5.33E+00,+31.83E+00,-5.62E+00,+3.472E+00
2,03/2/2026,18:42:06.584,-0.047E+00,-0.047E+00,-0.047E+00,-0.188E+00,+5.39E+00,+30.63E+00,-5.48E+00,+3.472E+00
2,03/2/2026,18:42:06.584,+0.000E+00,-0.047E+00,-0.047E+00,-0.188E+00,+5.43E+00,+29.39E+00,-5.33E+00,+3.472E+00
2,03/2/2026,18:42:06.584,-0.047E+00,-0.047E+00,-0.047E+00,-0.188E+00,+5.48E+00,+28.14E+00,-5.19E+00,+3.472E+00
2,03/2/2026,18:42:06.584,-0.047E+00,-0.047E+00,-0.047E+00,-0.188E+00,+5.52E+00,+26.90E+00,-5.04E+00,+3.472E+00
2,03/2/2026,18:42:06.584,-0.047E+00,-0.047E+00,+0.000E+00,-0.188E+00,+5.59E+00,+25.65E+00,-4.88E+00,+3.472E+00
2,03/2/2026,18:42:06.584,-0.047E+00,-0.047E+00,+0.000E+00,-0.188E+00,+5.63E+00,+24.39E+00,-4.73E+00,+3.464E+00
2,03/2/2026,18:42:06.584,-0.047E+00,-0.047E+00,-0.047E+00,-0.188E+00,+5.68E+00,+23.12E+00,-4.58E+00,+3.464E+00
2,03/2/2026,18:42:06.584,-0.047E+00,-0.047E+00,-0.047E+00,-0.188E+00,+5.72E+00,+21.84E+00,-4.43E+00,+3.464E+00
2,03/2/2026,18:42:06.584,-0.047E+00,-0.047E+00,-0.047E+00,-0.188E+00,+5.78E+00,+20.56E+00,-4.27E+00,+3.464E+00
2,03/2/2026,18:42:06.584,-0.047E+00,-0.047E+00,-0.047E+00,-0.188E+00,+5.83E+00,+19.27E+00,-4.12E+00,+3.456E+00
2,03/2/2026,18:42:06.584,-0.047E+00,-0.047E+00,-0.047E+00,-0.188E+00,+5.88E+00,+17.98E+00,-3.97E+00,+3.456E+00
2,03/2/2026,18:42:06.584,+0.000E+00,-0.047E+00,-0.047E+00,-0.188E+00,+5.92E+00,+16.68E+00,-3.80E+00,+3.449E+00
2,03/2/2026,18:42:06.584,-0.047E+00,-0.047E+00,-0.047E+00,-0.188E+00,+5.97E+00,+15.38E+00,-3.65E+00,+3.449E+00
2,03/2/2026,18:42:06.584,+0.000E+00,-0.047E+00,-0.047E+00,-0.188E+00,+6.01E+00,+14.07E+00,-3.49E+00,+3.441E+00
2,03/2/2026,18:42:06.584,-0.047E+00,-0.047E+00,+0.000E+00,-0.188E+00,+6.06E+00,+12.76E+00,-3.33E+00,+3.434E+00
2,03/2/2026,18:42:06.584,-0.047E+00,-0.047E+00,+0.000E+00,-0.188E+00,+6.10E+00,+11.45E+00,-3.17E+00,+3.426E+00
2,03/2/2026,18:42:06.584,-0.047E+00,-0.047E+00,-0.047E+00,-0.188E+00,+6.15E+00,+10.13E+00,-3.01E+00,+3.418E+00
2,03/2/2026,18:42:06.584,-0.047E+00,-0.047E+00,-0.047E+00,-0.188E+00,+6.18E+00,+8.82E+00,-2.85E+00,+3.403E+00
2,03/2/2026,18:42:06.585,-0.047E+00,-0.047E+00,+0.000E+00,-0.188E+00,+6.21E+00,+7.49E+00,-2.69E+00,+3.388E+00
2,03/2/2026,18:42:06.585,-0.047E+00,-0.047E+00,-0.047E+00,-0.188E+00,+6.24E+00,+6.18E+00,-2.52E+00,+3.373E+00
2,03/2/2026,18:42:06.585,-0.047E+00,-0.047E+00,-0.047E+00,-0.188E+00,+6.26E+00,+4.87E+00,-2.35E+00,+3.357E+00
2,03/2/2026,18:42:06.585,-0.047E+00,-0.047E+00,-0.047E+00,-0.188E+00,+6.29E+00,+3.56E+00,-2.20E+00,+3.334E+00
2,03/2/2026,18:42:06.585,-0.047E+00,-0.047E+00,+0.000E+00,-0.188E+00,+6.30E+00,+2.24E+00,-2.01E+00,+3.311E+00
2,03/2/2026,18:42:06.585,-0.047E+00,-0.047E+00,+0.000E+00,-0.188E+00,+6.30E+00,+0.93E+00,-1.85E+00,+3.296E+00
2,03/2/2026,18:42:06.585,-0.047E+00,-0.047E+00,+0.000E+00,-0.188E+00,+6.33E+00,-0.38E+00,-1.69E+00,+3.273E+00
2,03/2/2026,18:42:06.585,-0.047E+00,-0.047E+00,-0.047E+00,-0.188E+00,+6.35E+00,-1.68E+00,-1.53E+00,+3.243E+00
2,03/2/2026,18:42:06.585,+0.000E+00,-0.047E+00,-0.047E+00,-0.188E+00,+6.35E+00,-2.96E+00,-1.34E+00,+3.220E+00
2,03/2/2026,18:42:06.585,-0.047E+00,-0.047E+00,-0.047E+00,-0.188E+00,+6.35E+00,-4.26E+00,-1.18E+00,+3.189E+00
2,03/2/2026,18:42:06.585,-0.047E+00,-0.047E+00,-0.047E+00,-0.188E+00,+6.35E+00,-5.55E+00,-1.01E+00,+3.159E+00
2,03/2/2026,18:42:06.585,-0.047E+00,-0.047E+00,+0.000E+00,-0.188E+00,+6.35E+00,-6.85E+00,-0.82E+00,+3.128E+00
2,03/2/2026,18:42:06.585,-0.047E+00,-0.047E+00,+0.000E+00,-0.188E+00,+6.35E+00,-8.13E+00,-0.66E+00,+3.098E+00
2,03/2/2026,18:42:06.585,-0.047E+00,-0.047E+00,+0.000E+00,-0.188E+00,+6.33E+00,-9.43E+00,-0.49E+00,+3.067E+00
2,03/2/2026,18:42:06.585,-0.047E+00,-0.047E+00,+0.000E+00,-0.188E+00,+6.33E+00,-10.70E+00,-0.32E+00,+3.029E+00
2,03/2/2026,18:42:06.585,-0.047E+00,-0.047E+00,-0.047E+00,-0.188E+00,+6.32E+00,-11.98E+00,-0.15E+00,+2.991E+00
2,03/2/2026,18:42:06.585,-0.047E+00,-0.047E+00,-0.047E+00,-0.188E+00,+6.30E+00,-13.25E+00,+0.02E+00,+2.960E+00
2,03/2/2026,18:42:06.585,-0.047E+00,-0.047E+00,-0.047E+00,-0.188E+00,+6.29E+00,-14.51E+00,+0.18E+00,+2.922E+00
2,03/2/2026,18:42:06.585,-0.047E+00,-0.047E+00,+0.000E+00,-0.188E+00,+6.27E+00,-15.76E+00,+0.35E+00,+2.884E+00
2,03/2/2026,18:42:06.585,+0.000E+00,-0.047E+00,-0.047E+00,-0.188E+00,+6.24E+00,-17.02E+00,+0.52E+00,+2.846E+00
2,03/2/2026,18:42:06.586,+0.000E+00,-0.047E+00,-0.047E+00,-0.188E+00,+6.23E+00,-18.27E+00,+0.70E+00,+2.808E+00
2,03/2/2026,18:42:06.586,-0.047E+00,-0.047E+00,+0.000E+00,-0.188E+00,+6.20E+00,-19.50E+00,+0.87E+00,+2.770E+00
2,03/2/2026,18:42:06.586,-0.047E+00,-0.047E+00,+0.000E+00,-0.188E+00,+6.18E+00,-20.72E+00,+1.04E+00,+2.724E+00
2,03/2/2026,18:42:06.586,-0.047E+00,-0.047E+00,+0.000E+00,-0.188E+00,+6.15E+00,-21.96E+00,+1.22E+00,+2.686E+00
2,03/2/2026,18:42:06.586,+0.000E+00,-0.047E+00,+0.000E+00,-0.188E+00,+6.12E+00,-23.16E+00,+1.40E+00,+2.648E+00
2,03/2/2026,18:42:06.586,-0.047E+00,-0.047E+00,-0.047E+00,-0.188E+00,+6.10E+00,-24.37E+00,+1.57E+00,+2.602E+00
2,03/2/2026,18:42:06.586,-0.047E+00,-0.047E+00,+0.000E+00,-0.188E+00,+6.07E+00,-25.58E+00,+1.75E+00,+2.564E+00
2,03/2/2026,18:42:06.586,+0.000E+00,-0.047E+00,-0.047E+00,-0.188E+00,+6.04E+00,-26.78E+00,+1.92E+00,+2.518E+00
2,03/2/2026,18:42:06.586,-0.047E+00,-0.047E+00,-0.047E+00,-0.188E+00,+6.01E+00,-27.96E+00,+2.09E+00,+2.480E+00
2,03/2/2026,18:42:06.586,-0.047E+00,-0.047E+00,-0.047E+00,-0.188E+00,+5.98E+00,-29.13E+00,+2.26E+00,+2.434E+00
2,03/2/2026,18:42:06.586,-0.047E+00,-0.047E+00,+0.000E+00,-0.188E+00,+5.97E+00,-30.31E+00,+2.43E+00,+2.396E+00
2,03/2/2026,18:42:06.586,-0.047E+00,-0.047E+00,-0.047E+00,-0.188E+00,+5.94E+00,-31.47E+00,+2.59E+00,+2.358E+00
2,03/2/2026,18:42:06.586,-0.047E+00,-0.047E+00,-0.047E+00,-0.188E+00,+5.91E+00,-32.63E+00,+2.76E+00,+2.312E+00
2,03/2/2026,18:42:06.586,-0.047E+00,-0.047E+00,+0.000E+00,-0.188E+00,+5.88E+00,-33.77E+00,+2.93E+00,+2.266E+00
2,03/2/2026,18:42:06.586,-0.047E+00,-0.047E+00,+0.000E+00,-0.188E+00,+5.84E+00,-34.90E+00,+3.10E+00,+2.228E+00
2,03/2/2026,18:42:06.586,+0.000E+00,-0.047E+00,+0.000E+00,-0.188E+00,+5.81E+00,-36.04E+00,+3.27E+00,+2.182E+00
2,03/2/2026,18:42:06.586,-0.047E+00,-0.047E+00,+0.000E+00,-0.188E+00,+5.78E+00,-37.17E+00,+3.42E+00,+2.136E+00
2,03/2/2026,18:42:06.586,-0.047E+00,-0.047E+00,+0.000E+00,-0.188E+00,+5.74E+00,-38.29E+00,+3.59E+00,+2.091E+00
2,03/2/2026,18:42:06.586,-0.047E+00,-0.047E+00,-0.047E+00,-0.188E+00,+5.71E+00,-39.40E+00,+3.75E+00,+2.052E+00
2,03/2/2026,18:42:06.586,-0.047E+00,-0.047E+00,-0.047E+00,-0.188E+00,+5.66E+00,-40.50E+00,+3.91E+00,+2.007E+00
2,03/2/2026,18:42:06.587,-0.047E+00,-0.047E+00,+0.000E+00,-0.188E+00,+5.63E+00,-41.60E+00,+4.07E+00,+1.953E+00
2,03/2/2026,18:42:06.587,+0.000E+00,-0.047E+00,-0.047E+00,-0.188E+00,+5.59E+00,-42.70E+00,+4.23E+00,+1.908E+00
2,03/2/2026,18:42:06.587,-0.047E+00,-0.047E+00,-0.047E+00,-0.188E+00,+5.55E+00,-43.77E+00,+4.39E+00,+1.869E+00
2,03/2/2026,18:42:06.587,-0.047E+00,-0.047E+00,-0.047E+00,-0.188E+00,+5.51E+00,-44.83E+00,+4.55E+00,+1.824E+00
2,03/2/2026,18:42:06.587,-0.047E+00,-0.047E+00,+0.000E+00,-0.188E+00,+5.48E+00,-45.89E+00,+4.70E+00,+1.778E+00
2,03/2/2026,18:42:06.587,-0.047E+00,-0.047E+00,-0.047E+00,-0.188E+00,+5.43E+00,-46.94E+00,+4.85E+00,+1.732E+00
2,03/2/2026,18:42:06.587,-0.047E+00,-0.047E+00,-0.047E+00,-0.188E+00,+5.39E+00,-47.98E+00,+5.02E+00,+1.686E+00
2,03/2/2026,18:42:06.587,-0.047E+00,-0.047E+00,+0.000E+00,-0.188E+00,+5.34E+00,-49.00E+00,+5.17E+00,+1.640E+00
2,03/2/2026,18:42:06.587,-0.047E+00,-0.047E+00,-0.047E+00,-0.188E+00,+5.31E+00,-50.02E+00,+5.33E+00,+1.587E+00
2,03/2/2026,18:42:06.587,-0.047E+00,-0.047E+00,-0.047E+00,-0.188E+00,+5.25E+00,-51.05E+00,+5.48E+00,+1.541E+00
2,03/2/2026,18:42:06.587,-0.047E+00,-0.047E+00,+0.000E+00,-0.188E+00,+5.20E+00,-52.05E+00,+5.63E+00,+1.495E+00
2,03/2/2026,18:42:06.587,-0.047E+00,-0.047E+00,-0.047E+00,-0.188E+00,+5.16E+00,-53.04E+00,+5.78E+00,+1.442E+00
2,03/2/2026,18:42:06.587,-0.047E+00,-0.047E+00,-0.047E+00,-0.188E+00,+5.10E+00,-54.02E+00,+5.94E+00,+1.389E+00
2,03/2/2026,18:42:06.587,-0.047E+00,-0.047E+00,-0.047E+00,-0.188E+00,+5.05E+00,-55.00E+00,+6.09E+00,+1.343E+00
2,03/2/2026,18:42:06.587,-0.047E+00,-0.047E+00,-0.047E+00,-0.188E+00,+5.01E+00,-55.96E+00,+6.24E+00,+1.289E+00
2,03/2/2026,18:42:06.587,-0.047E+00,-0.047E+00,-0.047E+00,-0.188E+00,+4.94E+00,-56.92E+00,+6.39E+00,+1.236E+00
2,03/2/2026,18:42:06.587,-0.047E+00,-0.047E+00,-0.047E+00,-0.188E+00,+4.88E+00,-57.87E+00,+6.55E+00,+1.183E+00
2,03/2/2026,18:42:06.587,+0.000E+00,-0.047E+00,+0.000E+00,-0.188E+00,+4.82E+00,-58.81E+00,+6.68E+00,+1.129E+00
2,03/2/2026,18:42:06.587,-0.047E+00,-0.047E+00,+0.000E+00,-0.188E+00,+4.78E+00,-59.73E+00,+6.84E+00,+1.083E+00
2,03/2/2026,18:42:06.587,-0.047E+00,-0.047E+00,-0.047E+00,-0.188E+00,+4.72E+00,-60.64E+00,+6.99E+00,+1.030E+00
2,03/2/2026,18:42:06.588,-0.047E+00,-0.047E+00,-0.047E+00,-0.188E+00,+4.67E+00,-61.56E+00,+7.13E+00,+0.977E+00
2,03/2/2026,18:42:06.588,-0.047E+00,-0.047E+00,+0.000E+00,-0.188E+00,+4.61E+00,-62.46E+00,+7.28E+00,+0.923E+00
2,03/2/2026,18:42:06.588,-0.047E+00,-0.047E+00,+0.000E+00,-0.188E+00,+4.55E+00,-63.35E+00,+7.42E+00,+0.877E+00
2,03/2/2026,18:42:06.588,-0.047E+00,-0.047E+00,+0.000E+00,-0.188E+00,+4.49E+00,-64.21E+00,+7.55E+00,+0.824E+00
2,03/2/2026,18:42:06.588,-0.047E+00,-0.047E+00,+0.000E+00,-0.188E+00,+4.43E+00,-65.07E+00,+7.69E+00,+0.771E+00
2,03/2/2026,18:42:06.588,-0.047E+00,-0.047E+00,-0.047E+00,-0.188E+00,+4.36E+00,-65.91E+00,+7.83E+00,+0.725E+00
2,03/2/2026,18:42:06.588,-0.047E+00,-0.047E+00,-0.047E+00,-0.188E+00,+4.30E+00,-66.73E+00,+7.95E+00,+0.671E+00
2,03/2/2026,18:42:06.588,+0.000E+00,-0.047E+00,-0.047E+00,-0.188E+00,+4.24E+00,-67.54E+00,+8.06E+00,+0.610E+00
2,03/2/2026,18:42:06.588,-0.047E+00,-0.047E+00,+0.000E+00,-0.188E+00,+4.18E+00,-68.32E+00,+8.18E+00,+0.557E+00
2,03/2/2026,18:42:06.588,-0.047E+00,-0.047E+00,+0.000E+00,-0.188E+00,+4.12E+00,-69.08E+00,+8.30E+00,+0.504E+00
2,03/2/2026,18:42:06.588,-0.047E+00,-0.047E+00,+0.000E+00,-0.188E+00,+4.04E+00,-69.83E+00,+8.42E+00,+0.450E+00
2,03/2/2026,18:42:06.588,-0.047E+00,-0.047E+00,+0.000E+00,-0.188E+00,+3.98E+00,-70.55E+00,+8.53E+00,+0.397E+00
2,03/2/2026,18:42:06.588,-0.047E+00,-0.047E+00,-0.047E+00,-0.188E+00,+3.91E+00,-71.25E+00,+8.64E+00,+0.343E+00
2,03/2/2026,18:42:06.588,-0.047E+00,-0.047E+00,-0.047E+00,-0.188E+00,+3.85E+00,-71.94E+00,+8.74E+00,+0.290E+00
2,03/2/2026,18:42:06.588,-0.047E+00,-0.047E+00,+0.000E+00,-0.188E+00,+3.77E+00,-72.59E+00,+8.85E+00,+0.229E+00
2,03/2/2026,18:42:06.588,-0.047E+00,-0.047E+00,-0.047E+00,-0.188E+00,+3.69E+00,-73.25E+00,+8.96E+00,+0.175E+00
2,03/2/2026,18:42:06.588,-0.047E+00,-0.047E+00,-0.047E+00,-0.188E+00,+3.62E+00,-73.87E+00,+9.05E+00,+0.122E+00
2,03/2/2026,18:42:06.588,-0.047E+00,-0.047E+00,-0.047E+00,-0.188E+00,+3.54E+00,-74.47E+00,+9.14E+00,+0.061E+00
2,03/2/2026,18:42:06.588,-0.047E+00,-0.047E+00,+0.000E+00,-0.188E+00,+3.48E+00,-75.03E+00,+9.25E+00,+0.008E+00
2,03/2/2026,18:42:06.588,+0.000E+00,-0.047E+00,+0.000E+00,-0.188E+00,+3.40E+00,-75.58E+00,+9.34E+00,-0.053E+00
2,03/2/2026,18:42:06.589,-0.047E+00,-0.047E+00,-0.047E+00,-0.188E+00,+3.31E+00,-76.12E+00,+9.43E+00,-0.107E+00
2,03/2/2026,18:42:06.589,-0.047E+00,-0.047E+00,-0.047E+00,-0.188E+00,+3.24E+00,-76.62E+00,+9.52E+00,-0.160E+00
2,03/2/2026,18:42:06.589,-0.047E+00,-0.047E+00,-0.047E+00,-0.188E+00,+3.16E+00,-77.09E+00,+9.61E+00,-0.214E+00
2,03/2/2026,18:42:06.589,-0.047E+00,-0.047E+00,+0.000E+00,-0.188E+00,+3.08E+00,-77.55E+00,+9.71E+00,-0.267E+00
2,03/2/2026,18:42:06.589,-0.047E+00,-0.047E+00,+0.000E+00,-0.188E+00,+3.01E+00,-77.99E+00,+9.80E+00,-0.328E+00
2,03/2/2026,18:42:06.589,+0.000E+00,-0.047E+00,+0.000E+00,-0.188E+00,+2.93E+00,-78.41E+00,+9.87E+00,-0.382E+00
2,03/2/2026,18:42:06.589,+0.000E+00,-0.047E+00,-0.047E+00,-0.188E+00,+2.85E+00,-78.79E+00,+9.96E+00,-0.435E+00
2,03/2/2026,18:42:06.589,-0.047E+00,-0.047E+00,+0.000E+00,-0.188E+00,+2.76E+00,-79.15E+00,+10.04E+00,-0.496E+00
2,03/2/2026,18:42:06.589,-0.047E+00,-0.047E+00,+0.000E+00,-0.188E+00,+2.69E+00,-79.51E+00,+10.12E+00,-0.549E+00
2,03/2/2026,18:42:06.589,-0.047E+00,-0.047E+00,+0.000E+00,-0.188E+00,+2.61E+00,-79.83E+00,+10.19E+00,-0.603E+00
2,03/2/2026,18:42:06.589,-0.047E+00,-0.047E+00,+0.000E+00,-0.188E+00,+2.52E+00,-80.13E+00,+10.27E+00,-0.664E+00
2,03/2/2026,18:42:06.589,+0.000E+00,-0.047E+00,-0.047E+00,-0.188E+00,+2.43E+00,-80.41E+00,+10.33E+00,-0.717E+00
2,03/2/2026,18:42:06.589,-0.047E+00,-0.047E+00,-0.047E+00,-0.188E+00,+2.35E+00,-80.68E+00,+10.41E+00,-0.771E+00
2,03/2/2026,18:42:06.589,-0.047E+00,-0.047E+00,-0.047E+00,-0.188E+00,+2.26E+00,-80.92E+00,+10.47E+00,-0.832E+00
2,03/2/2026,18:42:06.589,-0.047E+00,-0.047E+00,-0.047E+00,-0.188E+00,+2.18E+00,-81.14E+00,+10.54E+00,-0.893E+00
2,03/2/2026,18:42:06.589,-0.047E+00,-0.047E+00,-0.047E+00,-0.188E+00,+2.09E+00,-81.35E+00,+10.59E+00,-0.946E+00
2,03/2/2026,18:42:06.589,-0.047E+00,-0.047E+00,-0.047E+00,-0.188E+00,+2.00E+00,-81.54E+00,+10.65E+00,-0.992E+00
2,03/2/2026,18:42:06.589,-0.047E+00,-0.047E+00,-0.047E+00,-0.188E+00,+1.92E+00,-81.70E+00,+10.71E+00,-1.053E+00
2,03/2/2026,18:42:06.589,-0.047E+00,-0.047E+00,-0.047E+00,-0.188E+00,+1.83E+00,-81.84E+00,+10.76E+00,-1.106E+00
2,03/2/2026,18:42:06.589,-0.047E+00,-0.047E+00,+0.000E+00,-0.235E+00,+1.74E+00,-81.96E+00,+10.82E+00,-1.152E+00
2,03/2/2026,18:42:06.590,-0.047E+00,-0.047E+00,+0.000E+00,-0.188E+00,+1.66E+00,-82.07E+00,+10.87E+00,-1.213E+00
2,03/2/2026,18:42:06.590,+0.000E+00,-0.047E+00,+0.000E+00,-0.188E+00,+1.57E+00,-82.16E+00,+10.91E+00,-1.259E+00
2,03/2/2026,18:42:06.590,-0.047E+00,-0.047E+00,+0.000E+00,-0.188E+00,+1.48E+00,-82.22E+00,+10.94E+00,-1.312E+00
2,03/2/2026,18:42:06.590,-0.047E+00,-0.047E+00,-0.047E+00,-0.188E+00,+1.40E+00,-82.27E+00,+10.99E+00,-1.366E+00
2,03/2/2026,18:42:06.590,-0.047E+00,-0.047E+00,-0.047E+00,-0.188E+00,+1.31E+00,-82.30E+00,+11.03E+00,-1.419E+00
2,03/2/2026,18:42:06.590,-0.047E+00,-0.047E+00,-0.047E+00,-0.188E+00,+1.24E+00,-82.30E+00,+11.08E+00,-1.465E+00
2,03/2/2026,18:42:06.590,-0.047E+00,-0.047E+00,-0.047E+00,-0.188E+00,+1.14E+00,-82.28E+00,+11.11E+00,-1.511E+00
2,03/2/2026,18:42:06.590,-0.047E+00,-0.047E+00,-0.047E+00,-0.188E+00,+1.07E+00,-82.24E+00,+11.14E+00,-1.564E+00
2,03/2/2026,18:42:06.590,-0.047E+00,-0.047E+00,-0.047E+00,-0.188E+00,+0.98E+00,-82.19E+00,+11.19E+00,-1.610E+00
2,03/2/2026,18:42:06.590,-0.047E+00,-0.047E+00,-0.047E+00,-0.188E+00,+0.89E+00,-82.12E+00,+11.22E+00,-1.663E+00
2,03/2/2026,18:42:06.590,-0.047E+00,-0.047E+00,+0.000E+00,-0.188E+00,+0.81E+00,-82.02E+00,+11.25E+00,-1.709E+00
2,03/2/2026,18:42:06.590,-0.047E+00,-0.047E+00,-0.047E+00,-0.188E+00,+0.73E+00,-81.92E+00,+11.28E+00,-1.763E+00
2,03/2/2026,18:42:06.590,-0.047E+00,-0.047E+00,-0.047E+00,-0.188E+00,+0.64E+00,-81.78E+00,+11.31E+00,-1.808E+00
2,03/2/2026,18:42:06.590,-0.047E+00,-0.047E+00,-0.047E+00,-0.188E+00,+0.55E+00,-81.63E+00,+11.32E+00,-1.854E+00
2,03/2/2026,18:42:06.590,-0.047E+00,-0.047E+00,-0.047E+00,-0.188E+00,+0.46E+00,-81.46E+00,+11.35E+00,-1.900E+00
2,03/2/2026,18:42:06.590,-0.047E+00,-0.047E+00,-0.047E+00,-0.188E+00,+0.37E+00,-81.26E+00,+11.37E+00,-1.953E+00
2,03/2/2026,18:42:06.590,-0.047E+00,-0.047E+00,-0.047E+00,-0.188E+00,+0.29E+00,-81.06E+00,+11.40E+00,-1.999E+00
2,03/2/2026,18:42:06.590,-0.047E+00,-0.047E+00,+0.000E+00,-0.188E+00,+0.20E+00,-80.82E+00,+11.41E+00,-2.045E+00
2,03/2/2026,18:42:06.590,-0.047E+00,-0.047E+00,-0.047E+00,-0.188E+00,+0.11E+00,-80.57E+00,+11.43E+00,-2.098E+00
2,03/2/2026,18:42:06.590,-0.047E+00,-0.047E+00,-0.047E+00,-0.188E+00,+0.03E+00,-80.30E+00,+11.45E+00,-2.144E+00
2,03/2/2026,18:42:06.591,-0.047E+00,-0.047E+00,-0.047E+00,-0.188E+00,-0.08E+00,-80.01E+00,+11.46E+00,-2.190E+00
2,03/2/2026,18:42:06.591,-0.047E+00,-0.047E+00,-0.047E+00,-0.188E+00,-0.17E+00,-79.70E+00,+11.48E+00,-2.236E+00
2,03/2/2026,18:42:06.591,+0.000E+00,-0.047E+00,-0.047E+00,-0.188E+00,-0.26E+00,-79.38E+00,+11.49E+00,-2.289E+00
2,03/2/2026,18:42:06.591,-0.047E+00,-0.047E+00,+0.000E+00,-0.188E+00,-0.35E+00,-79.03E+00,+11.51E+00,-2.335E+00
2,03/2/2026,18:42:06.591,-0.047E+00,-0.047E+00,+0.000E+00,-0.188E+00,-0.44E+00,-78.67E+00,+11.52E+00,-2.381E+00
2,03/2/2026,18:42:06.591,+0.000E+00,-0.047E+00,-0.047E+00,-0.141E+00,-0.53E+00,-78.27E+00,+11.52E+00,-2.426E+00
2,03/2/2026,18:42:06.591,+0.000E+00,-0.047E+00,-0.047E+00,-0.188E+00,-0.63E+00,-77.87E+00,+11.54E+00,-2.472E+00
2,03/2/2026,18:42:06.591,-0.047E+00,-0.047E+00,+0.000E+00,-0.188E+00,-0.72E+00,-77.45E+00,+11.54E+00,-2.518E+00
2,03/2/2026,18:42:06.591,-0.047E+00,-0.047E+00,+0.000E+00,-0.188E+00,-0.81E+00,-77.02E+00,+11.54E+00,-2.564E+00
2,03/2/2026,18:42:06.591,-0.047E+00,-0.047E+00,+0.000E+00,-0.141E+00,-0.90E+00,-76.55E+00,+11.55E+00,-2.602E+00
2,03/2/2026,18:42:06.591,-0.047E+00,-0.047E+00,+0.000E+00,-0.188E+00,-0.99E+00,-76.07E+00,+11.55E+00,-2.648E+00
2,03/2/2026,18:42:06.591,-0.047E+00,-0.047E+00,-0.047E+00,-0.188E+00,-1.08E+00,-75.55E+00,+11.55E+00,-2.686E+00
2,03/2/2026,18:42:06.591,-0.047E+00,-0.047E+00,-0.047E+00,-0.188E+00,-1.16E+00,-75.03E+00,+11.54E+00,-2.724E+00
2,03/2/2026,18:42:06.591,-0.047E+00,-0.047E+00,+0.000E+00,-0.188E+00,-1.24E+00,-74.50E+00,+11.52E+00,-2.770E+00
2,03/2/2026,18:42:06.591,-0.047E+00,-0.047E+00,+0.000E+00,-0.188E+00,-1.31E+00,-73.95E+00,+11.51E+00,-2.808E+00
2,03/2/2026,18:42:06.591,-0.047E+00,-0.047E+00,-0.047E+00,-0.188E+00,-1.39E+00,-73.37E+00,+11.49E+00,-2.838E+00
2,03/2/2026,18:42:06.591,-0.047E+00,-0.047E+00,+0.000E+00,-0.188E+00,-1.46E+00,-72.78E+00,+11.46E+00,-2.877E+00
2,03/2/2026,18:42:06.591,-0.047E+00,-0.047E+00,-0.047E+00,-0.188E+00,-1.56E+00,-72.17E+00,+11.41E+00,-2.907E+00
2,03/2/2026,18:42:06.591,-0.047E+00,-0.047E+00,+0.000E+00,-0.188E+00,-1.62E+00,-71.54E+00,+11.37E+00,-2.930E+00
2,03/2/2026,18:42:06.591,-0.047E+00,-0.047E+00,+0.000E+00,-0.188E+00,-1.69E+00,-70.88E+00,+11.31E+00,-2.968E+00
2,03/2/2026,18:42:06.592,-0.047E+00,-0.047E+00,+0.000E+00,-0.188E+00,-1.77E+00,-70.23E+00,+11.23E+00,-2.999E+00
2,03/2/2026,18:42:06.592,+0.000E+00,-0.047E+00,+0.000E+00,-0.188E+00,-1.85E+00,-69.56E+00,+11.16E+00,-3.029E+00
2,03/2/2026,18:42:06.592,-0.047E+00,-0.047E+00,-0.047E+00,-0.188E+00,-1.91E+00,-68.87E+00,+11.08E+00,-3.052E+00
2,03/2/2026,18:42:06.592,-0.047E+00,-0.047E+00,+0.000E+00,-0.188E+00,-1.98E+00,-68.18E+00,+11.00E+00,-3.083E+00
2,03/2/2026,18:42:06.592,+0.000E+00,-0.047E+00,+0.000E+00,-0.188E+00,-2.04E+00,-67.45E+00,+10.93E+00,-3.105E+00
2,03/2/2026,18:42:06.592,+0.000E+00,-0.047E+00,+0.000E+00,-0.188E+00,-2.12E+00,-66.72E+00,+10.85E+00,-3.128E+00
2,03/2/2026,18:42:06.592,-0.047E+00,-0.047E+00,+0.000E+00,-0.188E+00,-2.18E+00,-65.97E+00,+10.79E+00,-3.159E+00
2,03/2/2026,18:42:06.592,-0.047E+00,-0.047E+00,+0.000E+00,-0.188E+00,-2.24E+00,-65.19E+00,+10.71E+00,-3.174E+00
2,03/2/2026,18:42:06.592,-0.047E+00,-0.047E+00,-0.047E+00,-0.188E+00,-2.30E+00,-64.38E+00,+10.62E+00,-3.197E+00
2,03/2/2026,18:42:06.592,-0.047E+00,-0.047E+00,+0.000E+00,-0.188E+00,-2.37E+00,-63.59E+00,+10.54E+00,-3.220E+00
2,03/2/2026,18:42:06.592,-0.047E+00,-0.047E+00,+0.000E+00,-0.188E+00,-2.43E+00,-62.77E+00,+10.47E+00,-3.228E+00
2,03/2/2026,18:42:06.592,-0.047E+00,-0.047E+00,-0.047E+00,-0.188E+00,-2.47E+00,-61.91E+00,+10.39E+00,-3.243E+00
2,03/2/2026,18:42:06.592,-0.047E+00,-0.047E+00,-0.047E+00,-0.188E+00,-2.53E+00,-61.06E+00,+10.30E+00,-3.258E+00
2,03/2/2026,18:42:06.592,-0.047E+00,-0.047E+00,-0.047E+00,-0.188E+00,-2.59E+00,-60.19E+00,+10.19E+00,-3.273E+00
2,03/2/2026,18:42:06.592,-0.047E+00,-0.047E+00,+0.000E+00,-0.188E+00,-2.64E+00,-59.29E+00,+10.09E+00,-3.289E+00
2,03/2/2026,18:42:06.592,-0.047E+00,-0.047E+00,-0.047E+00,-0.188E+00,-2.70E+00,-58.39E+00,+9.98E+00,-3.304E+00
2,03/2/2026,18:42:06.592,+0.000E+00,-0.047E+00,-0.047E+00,-0.188E+00,-2.76E+00,-57.47E+00,+9.87E+00,-3.319E+00
2,03/2/2026,18:42:06.592,-0.047E+00,-0.047E+00,-0.047E+00,-0.188E+00,-2.82E+00,-56.54E+00,+9.77E+00,-3.334E+00
2,03/2/2026,18:42:06.592,-0.047E+00,-0.047E+00,-0.047E+00,-0.188E+00,-2.88E+00,-55.59E+00,+9.64E+00,-3.350E+00
2,03/2/2026,18:42:06.592,-0.047E+00,-0.047E+00,+0.000E+00,-0.188E+00,-2.95E+00,-54.62E+00,+9.54E+00,-3.357E+00
2,03/2/2026,18:42:06.593,-0.047E+00,-0.047E+00,-0.047E+00,-0.188E+00,-3.01E+00,-53.64E+00,+9.43E+00,-3.373E+00
2,03/2/2026,18:42:06.593,-0.047E+00,-0.047E+00,-0.047E+00,-0.188E+00,-3.07E+00,-52.63E+00,+9.31E+00,-3.388E+00
2,03/2/2026,18:42:06.593,-0.047E+00,-0.047E+00,+0.000E+00,-0.188E+00,-3.11E+00,-51.63E+00,+9.20E+00,-3.403E+00
2,03/2/2026,18:42:06.593,+0.000E+00,-0.047E+00,+0.000E+00,-0.188E+00,-3.17E+00,-50.60E+00,+9.10E+00,-3.411E+00
2,03/2/2026,18:42:06.593,-0.047E+00,-0.047E+00,-0.047E+00,-0.235E+00,-3.24E+00,-49.58E+00,+8.97E+00,-3.426E+00
2,03/2/2026,18:42:06.593,-0.047E+00,-0.047E+00,-0.047E+00,-0.188E+00,-3.30E+00,-48.53E+00,+8.87E+00,-3.434E+00
2,03/2/2026,18:42:06.593,-0.047E+00,-0.047E+00,-0.047E+00,-0.188E+00,-3.36E+00,-47.47E+00,+8.74E+00,-3.441E+00
2,03/2/2026,18:42:06.593,-0.047E+00,-0.047E+00,+0.000E+00,-0.188E+00,-3.42E+00,-46.41E+00,+8.62E+00,-3.449E+00
2,03/2/2026,18:42:06.593,-0.047E+00,-0.047E+00,+0.000E+00,-0.188E+00,-3.48E+00,-45.32E+00,+8.50E+00,-3.464E+00
2,03/2/2026,18:42:06.593,-0.047E+00,-0.047E+00,+0.000E+00,-0.188E+00,-3.53E+00,-44.22E+00,+8.38E+00,-3.464E+00
2,03/2/2026,18:42:06.593,-0.047E+00,+0.000E+00,+0.000E+00,-0.188E+00,-3.59E+00,-43.13E+00,+8.24E+00,-3.472E+00
2,03/2/2026,18:42:06.593,-0.047E+00,-0.047E+00,-0.047E+00,-0.188E+00,-3.65E+00,-42.00E+00,+8.12E+00,-3.479E+00
2,03/2/2026,18:42:06.593,-0.047E+00,-0.047E+00,-0.047E+00,-0.188E+00,-3.69E+00,-40.87E+00,+7.98E+00,-3.487E+00
2,03/2/2026,18:42:06.593,+0.000E+00,-0.047E+00,-0.047E+00,-0.188E+00,-3.75E+00,-39.72E+00,+7.86E+00,-3.487E+00
2,03/2/2026,18:42:06.593,-0.047E+00,-0.047E+00,-0.047E+00,-0.188E+00,-3.80E+00,-38.58E+00,+7.72E+00,-3.495E+00
2,03/2/2026,18:42:06.593,-0.047E+00,-0.047E+00,-0.047E+00,-0.188E+00,-3.86E+00,-37.42E+00,+7.58E+00,-3.502E+00
2,03/2/2026,18:42:06.593,-0.047E+00,-0.047E+00,+0.000E+00,-0.188E+00,-3.91E+00,-36.26E+00,+7.46E+00,-3.502E+00
2,03/2/2026,18:42:06.593,-0.047E+00,+0.000E+00,+0.000E+00,-0.188E+00,-3.97E+00,-35.07E+00,+7.31E+00,-3.502E+00
2,03/2/2026,18:42:06.593,-0.047E+00,+0.000E+00,+0.000E+00,-0.188E+00,-4.01E+00,-33.88E+00,+7.17E+00,-3.510E+00
2,03/2/2026,18:42:06.593,+0.000E+00,-0.047E+00,+0.000E+00,-0.188E+00,-4.06E+00,-32.69E+00,+7.03E+00,-3.510E+00
2,03/2/2026,18:42:06.594,-0.047E+00,-0.047E+00,+0.000E+00,-0.141E+00,-4.12E+00,-31.48E+00,+6.90E+00,-3.510E+00
2,03/2/2026,18:42:06.594,-0.047E+00,-0.047E+00,-0.047E+00,-0.188E+00,-4.17E+00,-30.26E+00,+6.75E+00,-3.510E+00
2,03/2/2026,18:42:06.594,-0.047E+00,-0.047E+00,-0.047E+00,-0.188E+00,-4.23E+00,-29.04E+00,+6.61E+00,-3.510E+00
2,03/2/2026,18:42:06.594,-0.047E+00,-0.047E+00,+0.000E+00,-0.188E+00,-4.29E+00,-27.80E+00,+6.46E+00,-3.510E+00
2,03/2/2026,18:42:06.594,-0.047E+00,-0.047E+00,+0.000E+00,-0.188E+00,-4.33E+00,-26.57E+00,+6.32E+00,-3.510E+00
2,03/2/2026,18:42:06.594,-0.047E+00,-0.047E+00,+0.000E+00,-0.188E+00,-4.38E+00,-25.32E+00,+6.17E+00,-3.510E+00
2,03/2/2026,18:42:06.594,-0.047E+00,-0.047E+00,+0.000E+00,-0.188E+00,-4.44E+00,-24.05E+00,+6.01E+00,-3.502E+00
2,03/2/2026,18:42:06.594,+0.000E+00,-0.047E+00,+0.000E+00,-0.188E+00,-4.49E+00,-22.78E+00,+5.86E+00,-3.502E+00
2,03/2/2026,18:42:06.594,-0.047E+00,-0.047E+00,+0.000E+00,-0.188E+00,-4.53E+00,-21.52E+00,+5.71E+00,-3.502E+00
2,03/2/2026,18:42:06.594,-0.047E+00,-0.047E+00,+0.000E+00,-0.188E+00,-4.59E+00,-20.24E+00,+5.54E+00,-3.502E+00
2,03/2/2026,18:42:06.594,-0.047E+00,-0.047E+00,+0.000E+00,-0.188E+00,-4.64E+00,-18.94E+00,+5.39E+00,-3.495E+00
2,03/2/2026,18:42:06.594,-0.047E+00,-0.047E+00,-0.047E+00,-0.188E+00,-4.70E+00,-17.64E+00,+5.23E+00,-3.495E+00
2,03/2/2026,18:42:06.594,-0.047E+00,-0.047E+00,-0.047E+00,-0.188E+00,-4.75E+00,-16.34E+00,+5.07E+00,-3.495E+00
2,03/2/2026,18:42:06.594,-0.047E+00,-0.047E+00,+0.000E+00,-0.188E+00,-4.79E+00,-15.05E+00,+4.91E+00,-3.487E+00
2,03/2/2026,18:42:06.594,+0.000E+00,-0.047E+00,-0.047E+00,-0.188E+00,-4.84E+00,-13.73E+00,+4.75E+00,-3.479E+00
2,03/2/2026,18:42:06.594,-0.047E+00,-0.047E+00,-0.047E+00,-0.188E+00,-4.90E+00,-12.42E+00,+4.58E+00,-3.479E+00
2,03/2/2026,18:42:06.594,-0.047E+00,-0.047E+00,+0.000E+00,-0.188E+00,-4.94E+00,-11.09E+00,+4.43E+00,-3.472E+00
2,03/2/2026,18:42:06.594,+0.000E+00,-0.047E+00,+0.000E+00,-0.188E+00,-4.99E+00,-9.77E+00,+4.27E+00,-3.464E+00
2,03/2/2026,18:42:06.594,-0.047E+00,-0.047E+00,+0.000E+00,-0.188E+00,-5.04E+00,-8.45E+00,+4.10E+00,-3.449E+00
2,03/2/2026,18:42:06.594,-0.047E+00,-0.047E+00,-0.047E+00,-0.188E+00,-5.07E+00,-7.13E+00,+3.94E+00,-3.441E+00
2,03/2/2026,18:42:06.595,-0.047E+00,+0.000E+00,+0.000E+00,-0.188E+00,-5.10E+00,-5.81E+00,+3.77E+00,-3.426E+00
2,03/2/2026,18:42:06.595,-0.047E+00,-0.047E+00,+0.000E+00,-0.188E+00,-5.13E+00,-4.50E+00,+3.62E+00,-3.411E+00
2,03/2/2026,18:42:06.595,-0.047E+00,-0.047E+00,-0.047E+00,-0.188E+00,-5.16E+00,-3.19E+00,+3.43E+00,-3.388E+00
2,03/2/2026,18:42:06.595,-0.047E+00,-0.047E+00,-0.047E+00,-0.188E+00,-5.17E+00,-1.88E+00,+3.27E+00,-3.373E+00
2,03/2/2026,18:42:06.595,-0.047E+00,-0.047E+00,-0.047E+00,-0.188E+00,-5.19E+00,-0.56E+00,+3.10E+00,-3.350E+00
2,03/2/2026,18:42:06.595,-0.047E+00,-0.047E+00,+0.000E+00,-0.188E+00,-5.22E+00,+0.75E+00,+2.93E+00,-3.327E+00
2,03/2/2026,18:42:06.595,-0.047E+00,-0.047E+00,+0.000E+00,-0.188E+00,-5.23E+00,+2.04E+00,+2.76E+00,-3.304E+00
2,03/2/2026,18:42:06.595,-0.047E+00,+0.000E+00,+0.000E+00,-0.188E+00,-5.23E+00,+3.34E+00,+2.58E+00,-3.281E+00
2,03/2/2026,18:42:06.595,-0.047E+00,-0.047E+00,+0.000E+00,-0.188E+00,-5.25E+00,+4.64E+00,+2.41E+00,-3.250E+00
2,03/2/2026,18:42:06.595,-0.047E+00,-0.047E+00,+0.000E+00,-0.188E+00,-5.26E+00,+5.94E+00,+2.24E+00,-3.228E+00
2,03/2/2026,18:42:06.595,-0.047E+00,-0.047E+00,+0.000E+00,-0.188E+00,-5.26E+00,+7.22E+00,+2.08E+00,-3.197E+00
2,03/2/2026,18:42:06.595,-0.047E+00,-0.047E+00,-0.047E+00,-0.188E+00,-5.26E+00,+8.52E+00,+1.89E+00,-3.166E+00
2,03/2/2026,18:42:06.595,+0.000E+00,-0.047E+00,-0.047E+00,-0.188E+00,-5.26E+00,+9.80E+00,+1.72E+00,-3.136E+00
2,03/2/2026,18:42:06.595,-0.047E+00,-0.047E+00,-0.047E+00,-0.141E+00,-5.25E+00,+11.06E+00,+1.56E+00,-3.098E+00
2,03/2/2026,18:42:06.595,-0.047E+00,-0.047E+00,+0.000E+00,-0.188E+00,-5.25E+00,+12.33E+00,+1.39E+00,-3.067E+00
2,03/2/2026,18:42:06.595,-0.047E+00,-0.047E+00,+0.000E+00,-0.188E+00,-5.23E+00,+13.60E+00,+1.21E+00,-3.029E+00
2,03/2/2026,18:42:06.595,-0.047E+00,-0.047E+00,-0.047E+00,-0.188E+00,-5.22E+00,+14.86E+00,+1.04E+00,-2.991E+00
2,03/2/2026,18:42:06.595,-0.047E+00,-0.047E+00,-0.047E+00,-0.188E+00,-5.20E+00,+16.11E+00,+0.87E+00,-2.960E+00
2,03/2/2026,18:42:06.595,-0.047E+00,-0.047E+00,+0.000E+00,-0.188E+00,-5.19E+00,+17.37E+00,+0.69E+00,-2.922E+00
2,03/2/2026,18:42:06.595,-0.047E+00,-0.047E+00,+0.000E+00,-0.188E+00,-5.17E+00,+18.60E+00,+0.52E+00,-2.877E+00
2,03/2/2026,18:42:06.596,-0.047E+00,-0.047E+00,+0.000E+00,-0.188E+00,-5.16E+00,+19.84E+00,+0.34E+00,-2.838E+00
2,03/2/2026,18:42:06.596,-0.047E+00,-0.047E+00,+0.000E+00,-0.188E+00,-5.13E+00,+21.07E+00,+0.17E+00,-2.800E+00
2,03/2/2026,18:42:06.596,-0.047E+00,-0.047E+00,-0.047E+00,-0.188E+00,-5.11E+00,+22.30E+00,-0.02E+00,-2.762E+00
2,03/2/2026,18:42:06.596,-0.047E+00,-0.047E+00,-0.047E+00,-0.188E+00,-5.10E+00,+23.52E+00,-0.18E+00,-2.716E+00
2,03/2/2026,18:42:06.596,-0.047E+00,-0.047E+00,-0.047E+00,-0.188E+00,-5.07E+00,+24.74E+00,-0.37E+00,-2.678E+00
2,03/2/2026,18:42:06.596,-0.047E+00,-0.047E+00,-0.047E+00,-0.188E+00,-5.04E+00,+25.94E+00,-0.55E+00,-2.640E+00
2,03/2/2026,18:42:06.596,-0.047E+00,-0.047E+00,-0.047E+00,-0.188E+00,-5.02E+00,+27.13E+00,-0.72E+00,-2.594E+00
2,03/2/2026,18:42:06.596,-0.047E+00,-0.047E+00,-0.047E+00,-0.141E+00,-4.99E+00,+28.32E+00,-0.90E+00,-2.548E+00
2,03/2/2026,18:42:06.596,+0.000E+00,-0.047E+00,-0.047E+00,-0.141E+00,-4.97E+00,+29.51E+00,-1.07E+00,-2.510E+00
2,03/2/2026,18:42:06.596,-0.047E+00,-0.047E+00,-0.047E+00,-0.188E+00,-4.94E+00,+30.69E+00,-1.24E+00,-2.472E+00
2,03/2/2026,18:42:06.596,-0.047E+00,-0.047E+00,-0.047E+00,-0.188E+00,-4.91E+00,+31.86E+00,-1.40E+00,-2.426E+00
2,03/2/2026,18:42:06.596,+0.000E+00,-0.047E+00,-0.047E+00,-0.188E+00,-4.88E+00,+33.02E+00,-1.57E+00,-2.388E+00
2,03/2/2026,18:42:06.596,-0.047E+00,-0.047E+00,+0.000E+00,-0.188E+00,-4.85E+00,+34.18E+00,-1.74E+00,-2.342E+00
2,03/2/2026,18:42:06.596,-0.047E+00,-0.047E+00,+0.000E+00,-0.188E+00,-4.84E+00,+35.31E+00,-1.92E+00,-2.297E+00
2,03/2/2026,18:42:06.596,-0.047E+00,-0.047E+00,-0.047E+00,-0.188E+00,-4.79E+00,+36.46E+00,-2.09E+00,-2.259E+00
2,03/2/2026,18:42:06.596,-0.047E+00,-0.047E+00,-0.047E+00,-0.188E+00,-4.76E+00,+37.59E+00,-2.26E+00,-2.213E+00
2,03/2/2026,18:42:06.596,-0.047E+00,-0.047E+00,+0.000E+00,-0.188E+00,-4.73E+00,+38.70E+00,-2.41E+00,-2.167E+00
2,03/2/2026,18:42:06.596,-0.047E+00,-0.047E+00,+0.000E+00,-0.188E+00,-4.70E+00,+39.81E+00,-2.58E+00,-2.121E+00
2,03/2/2026,18:42:06.596,-0.047E+00,+0.000E+00,+0.000E+00,-0.188E+00,-4.67E+00,+40.91E+00,-2.75E+00,-2.083E+00
2,03/2/2026,18:42:06.596,-0.047E+00,-0.047E+00,-0.047E+00,-0.188E+00,-4.64E+00,+42.01E+00,-2.91E+00,-2.037E+00
2,03/2/2026,18:42:06.597,-0.047E+00,-0.047E+00,-0.047E+00,-0.188E+00,-4.59E+00,+43.09E+00,-3.07E+00,-1.991E+00
2,03/2/2026,18:42:06.597,-0.047E+00,-0.047E+00,+0.000E+00,-0.188E+00,-4.56E+00,+44.18E+00,-3.22E+00,-1.946E+00
2,03/2/2026,18:42:06.597,-0.047E+00,-0.047E+00,-0.047E+00,-0.188E+00,-4.52E+00,+45.25E+00,-3.39E+00,-1.900E+00
2,03/2/2026,18:42:06.597,-0.047E+00,-0.047E+00,-0.047E+00,-0.188E+00,-4.49E+00,+46.30E+00,-3.56E+00,-1.854E+00
2,03/2/2026,18:42:06.597,-0.047E+00,-0.047E+00,+0.000E+00,-0.188E+00,-4.44E+00,+47.35E+00,-3.71E+00,-1.808E+00
2,03/2/2026,18:42:06.597,-0.047E+00,-0.047E+00,-0.047E+00,-0.188E+00,-4.41E+00,+48.39E+00,-3.86E+00,-1.763E+00
2,03/2/2026,18:42:06.597,-0.047E+00,-0.047E+00,-0.047E+00,-0.141E+00,-4.36E+00,+49.43E+00,-4.01E+00,-1.717E+00
2,03/2/2026,18:42:06.597,-0.047E+00,-0.047E+00,+0.000E+00,-0.188E+00,-4.32E+00,+50.45E+00,-4.17E+00,-1.663E+00
2,03/2/2026,18:42:06.597,-0.047E+00,-0.047E+00,+0.000E+00,-0.188E+00,-4.27E+00,+51.46E+00,-4.33E+00,-1.618E+00
2,03/2/2026,18:42:06.597,+0.000E+00,-0.047E+00,-0.047E+00,-0.188E+00,-4.23E+00,+52.46E+00,-4.49E+00,-1.572E+00
2,03/2/2026,18:42:06.597,+0.000E+00,-0.047E+00,+0.000E+00,-0.188E+00,-4.18E+00,+53.47E+00,-4.64E+00,-1.526E+00
2,03/2/2026,18:42:06.597,-0.047E+00,-0.047E+00,-0.047E+00,-0.188E+00,-4.14E+00,+54.45E+00,-4.79E+00,-1.473E+00
2,03/2/2026,18:42:06.597,-0.047E+00,-0.047E+00,-0.047E+00,-0.188E+00,-4.09E+00,+55.44E+00,-4.94E+00,-1.427E+00
2,03/2/2026,18:42:06.597,-0.047E+00,-0.047E+00,+0.000E+00,-0.188E+00,-4.04E+00,+56.40E+00,-5.10E+00,-1.373E+00
2,03/2/2026,18:42:06.597,-0.047E+00,-0.047E+00,+0.000E+00,-0.188E+00,-3.98E+00,+57.36E+00,-5.25E+00,-1.328E+00
2,03/2/2026,18:42:06.597,-0.047E+00,-0.047E+00,+0.000E+00,-0.188E+00,-3.94E+00,+58.31E+00,-5.40E+00,-1.274E+00
2,03/2/2026,18:42:06.597,-0.047E+00,-0.047E+00,+0.000E+00,-0.188E+00,-3.88E+00,+59.24E+00,-5.55E+00,-1.221E+00
2,03/2/2026,18:42:06.597,-0.047E+00,-0.047E+00,+0.000E+00,-0.188E+00,-3.82E+00,+60.17E+00,-5.69E+00,-1.167E+00
2,03/2/2026,18:42:06.597,+0.000E+00,-0.047E+00,+0.000E+00,-0.188E+00,-3.75E+00,+61.10E+00,-5.84E+00,-1.114E+00
2,03/2/2026,18:42:06.597,+0.000E+00,-0.047E+00,+0.000E+00,-0.188E+00,-3.69E+00,+62.02E+00,-6.00E+00,-1.061E+00
2,03/2/2026,18:42:06.598,-0.047E+00,-0.047E+00,-0.047E+00,-0.188E+00,-3.65E+00,+62.92E+00,-6.15E+00,-1.007E+00
2,03/2/2026,18:42:06.598,-0.047E+00,-0.047E+00,-0.047E+00,-0.188E+00,-3.59E+00,+63.82E+00,-6.30E+00,-0.961E+00
2,03/2/2026,18:42:06.598,-0.047E+00,-0.047E+00,+0.000E+00,-0.188E+00,-3.54E+00,+64.70E+00,-6.44E+00,-0.908E+00
2,03/2/2026,18:42:06.598,-0.047E+00,-0.047E+00,+0.000E+00,-0.188E+00,-3.48E+00,+65.56E+00,-6.58E+00,-0.855E+00
2,03/2/2026,18:42:06.598,-0.047E+00,-0.047E+00,+0.000E+00,-0.188E+00,-3.42E+00,+66.43E+00,-6.71E+00,-0.801E+00
2,03/2/2026,18:42:06.598,-0.047E+00,-0.047E+00,+0.000E+00,-0.188E+00,-3.36E+00,+67.27E+00,-6.85E+00,-0.748E+00
2,03/2/2026,18:42:06.598,-0.047E+00,-0.047E+00,-0.047E+00,-0.188E+00,-3.30E+00,+68.08E+00,-6.97E+00,-0.702E+00
2,03/2/2026,18:42:06.598,-0.047E+00,-0.047E+00,+0.000E+00,-0.188E+00,-3.24E+00,+68.87E+00,-7.08E+00,-0.649E+00
2,03/2/2026,18:42:06.598,-0.047E+00,-0.047E+00,+0.000E+00,-0.188E+00,-3.17E+00,+69.66E+00,-7.20E+00,-0.595E+00
2,03/2/2026,18:42:06.598,-0.047E+00,-0.047E+00,-0.047E+00,-0.188E+00,-3.11E+00,+70.41E+00,-7.32E+00,-0.542E+00
2,03/2/2026,18:42:06.598,-0.047E+00,-0.047E+00,-0.047E+00,-0.188E+00,-3.05E+00,+71.16E+00,-7.43E+00,-0.488E+00
2,03/2/2026,18:42:06.598,+0.000E+00,-0.047E+00,+0.000E+00,-0.188E+00,-2.98E+00,+71.88E+00,-7.55E+00,-0.427E+00
2,03/2/2026,18:42:06.598,-0.047E+00,-0.047E+00,+0.000E+00,-0.188E+00,-2.91E+00,+72.58E+00,-7.66E+00,-0.382E+00
2,03/2/2026,18:42:06.598,-0.047E+00,-0.047E+00,+0.000E+00,-0.188E+00,-2.84E+00,+73.26E+00,-7.77E+00,-0.320E+00
2,03/2/2026,18:42:06.598,-0.047E+00,-0.047E+00,+0.000E+00,-0.188E+00,-2.76E+00,+73.92E+00,-7.87E+00,-0.259E+00
2,03/2/2026,18:42:06.598,-0.047E+00,-0.047E+00,+0.000E+00,-0.188E+00,-2.70E+00,+74.58E+00,-7.97E+00,-0.214E+00
2,03/2/2026,18:42:06.598,-0.047E+00,-0.047E+00,+0.000E+00,-0.188E+00,-2.62E+00,+75.19E+00,-8.07E+00,-0.153E+00
2,03/2/2026,18:42:06.598,-0.047E+00,-0.047E+00,+0.000E+00,-0.188E+00,-2.55E+00,+75.78E+00,-8.16E+00,-0.099E+00
2,03/2/2026,18:42:06.598,+0.000E+00,-0.047E+00,+0.000E+00,-0.188E+00,-2.47E+00,+76.38E+00,-8.27E+00,-0.046E+00
2,03/2/2026,18:42:06.598,-0.047E+00,-0.047E+00,+0.000E+00,-0.188E+00,-2.40E+00,+76.93E+00,-8.36E+00,+0.015E+00
2,03/2/2026,18:42:06.599,-0.047E+00,-0.047E+00,+0.000E+00,-0.188E+00,-2.32E+00,+77.43E+00,-8.45E+00,+0.069E+00
2,03/2/2026,18:42:06.599,-0.047E+00,+0.000E+00,+0.000E+00,-0.188E+00,-2.24E+00,+77.93E+00,-8.55E+00,+0.130E+00
2,03/2/2026,18:42:06.599,-0.047E+00,-0.047E+00,-0.047E+00,-0.188E+00,-2.17E+00,+78.41E+00,-8.64E+00,+0.175E+00
2,03/2/2026,18:42:06.599,-0.047E+00,-0.047E+00,-0.047E+00,-0.188E+00,-2.09E+00,+78.88E+00,-8.73E+00,+0.237E+00
2,03/2/2026,18:42:06.599,-0.047E+00,-0.047E+00,-0.047E+00,-0.188E+00,-2.01E+00,+79.31E+00,-8.81E+00,+0.298E+00
2,03/2/2026,18:42:06.599,-0.047E+00,-0.047E+00,+0.000E+00,-0.188E+00,-1.92E+00,+79.72E+00,-8.90E+00,+0.351E+00
2,03/2/2026,18:42:06.599,-0.047E+00,-0.047E+00,+0.000E+00,-0.188E+00,-1.85E+00,+80.10E+00,-8.99E+00,+0.404E+00
2,03/2/2026,18:42:06.599,+0.000E+00,-0.047E+00,-0.047E+00,-0.188E+00,-1.77E+00,+80.48E+00,-9.06E+00,+0.458E+00
2,03/2/2026,18:42:06.599,-0.047E+00,-0.047E+00,-0.047E+00,-0.188E+00,-1.69E+00,+80.82E+00,-9.14E+00,+0.519E+00
2,03/2/2026,18:42:06.599,-0.047E+00,-0.047E+00,+0.000E+00,-0.188E+00,-1.60E+00,+81.15E+00,-9.22E+00,+0.572E+00
2,03/2/2026,18:42:06.599,-0.047E+00,-0.047E+00,+0.000E+00,-0.188E+00,-1.53E+00,+81.46E+00,-9.29E+00,+0.626E+00
2,03/2/2026,18:42:06.599,-0.047E+00,+0.000E+00,+0.000E+00,-0.188E+00,-1.43E+00,+81.75E+00,-9.35E+00,+0.687E+00
2,03/2/2026,18:42:06.599,-0.047E+00,-0.047E+00,-0.047E+00,-0.188E+00,-1.36E+00,+82.01E+00,-9.43E+00,+0.740E+00
2,03/2/2026,18:42:06.599,+0.000E+00,-0.047E+00,-0.047E+00,-0.188E+00,-1.27E+00,+82.27E+00,-9.51E+00,+0.794E+00
2,03/2/2026,18:42:06.599,-0.047E+00,-0.047E+00,+0.000E+00,-0.188E+00,-1.19E+00,+82.48E+00,-9.57E+00,+0.855E+00
2,03/2/2026,18:42:06.599,-0.047E+00,-0.047E+00,+0.000E+00,-0.188E+00,-1.10E+00,+82.69E+00,-9.63E+00,+0.908E+00
2,03/2/2026,18:42:06.599,-0.047E+00,-0.047E+00,+0.000E+00,-0.188E+00,-1.02E+00,+82.88E+00,-9.69E+00,+0.961E+00
2,03/2/2026,18:42:06.599,-0.047E+00,-0.047E+00,+0.000E+00,-0.188E+00,-0.93E+00,+83.03E+00,-9.74E+00,+1.007E+00
2,03/2/2026,18:42:06.599,-0.047E+00,-0.047E+00,+0.000E+00,-0.188E+00,-0.85E+00,+83.18E+00,-9.80E+00,+1.061E+00
2,03/2/2026,18:42:06.599,-0.047E+00,-0.047E+00,-0.047E+00,-0.188E+00,-0.76E+00,+83.31E+00,-9.84E+00,+1.122E+00
2,03/2/2026,18:42:06.600,-0.047E+00,-0.047E+00,-0.047E+00,-0.188E+00,-0.67E+00,+83.40E+00,-9.89E+00,+1.167E+00
2,03/2/2026,18:42:06.600,-0.047E+00,-0.047E+00,+0.000E+00,-0.188E+00,-0.60E+00,+83.49E+00,-9.93E+00,+1.221E+00
2,03/2/2026,18:42:06.600,-0.047E+00,-0.047E+00,+0.000E+00,-0.188E+00,-0.50E+00,+83.55E+00,-9.98E+00,+1.274E+00
2,03/2/2026,18:42:06.600,-0.047E+00,-0.047E+00,+0.000E+00,-0.188E+00,-0.41E+00,+83.60E+00,-10.03E+00,+1.328E+00
2,03/2/2026,18:42:06.600,-0.047E+00,-0.047E+00,+0.000E+00,-0.188E+00,-0.34E+00,+83.61E+00,-10.07E+00,+1.381E+00
2,03/2/2026,18:42:06.600,-0.047E+00,-0.047E+00,+0.000E+00,-0.188E+00,-0.24E+00,+83.63E+00,-10.10E+00,+1.434E+00
2,03/2/2026,18:42:06.600,-0.047E+00,-0.047E+00,-0.047E+00,-0.188E+00,-0.15E+00,+83.61E+00,-10.15E+00,+1.480E+00
2,03/2/2026,18:42:06.600,-0.047E+00,-0.047E+00,+0.000E+00,-0.188E+00,-0.08E+00,+83.58E+00,-10.18E+00,+1.534E+00
2,03/2/2026,18:42:06.600,-0.047E+00,-0.047E+00,+0.000E+00,-0.188E+00,+0.00E+00,+83.53E+00,-10.21E+00,+1.579E+00
2,03/2/2026,18:42:06.600,-0.047E+00,-0.047E+00,-0.047E+00,-0.188E+00,+0.09E+00,+83.46E+00,-10.25E+00,+1.625E+00
2,03/2/2026,18:42:06.600,-0.047E+00,-0.047E+00,-0.047E+00,-0.188E+00,+0.18E+00,+83.37E+00,-10.29E+00,+1.679E+00
2,03/2/2026,18:42:06.600,-0.047E+00,-0.047E+00,+0.000E+00,-0.188E+00,+0.27E+00,+83.26E+00,-10.30E+00,+1.724E+00
2,03/2/2026,18:42:06.600,-0.047E+00,-0.047E+00,-0.047E+00,-0.188E+00,+0.35E+00,+83.14E+00,-10.33E+00,+1.778E+00
2,03/2/2026,18:42:06.600,-0.047E+00,-0.047E+00,-0.047E+00,-0.188E+00,+0.43E+00,+82.98E+00,-10.36E+00,+1.824E+00
2,03/2/2026,18:42:06.600,+0.000E+00,+0.000E+00,+0.000E+00,-0.188E+00,+0.52E+00,+82.82E+00,-10.39E+00,+1.869E+00
2,03/2/2026,18:42:06.600,-0.047E+00,-0.047E+00,-0.047E+00,-0.188E+00,+0.61E+00,+82.62E+00,-10.41E+00,+1.915E+00
2,03/2/2026,18:42:06.600,-0.047E+00,-0.047E+00,-0.047E+00,-0.188E+00,+0.69E+00,+82.41E+00,-10.44E+00,+1.961E+00
2,03/2/2026,18:42:06.600,-0.047E+00,-0.047E+00,-0.047E+00,-0.188E+00,+0.78E+00,+82.18E+00,-10.45E+00,+2.007E+00
2,03/2/2026,18:42:06.600,+0.000E+00,-0.047E+00,-0.047E+00,-0.188E+00,+0.87E+00,+81.93E+00,-10.47E+00,+2.060E+00
2,03/2/2026,18:42:06.600,-0.047E+00,-0.047E+00,+0.000E+00,-0.188E+00,+0.96E+00,+81.67E+00,-10.48E+00,+2.106E+00
2,03/2/2026,18:42:06.601,-0.047E+00,-0.047E+00,+0.000E+00,-0.188E+00,+1.05E+00,+81.38E+00,-10.50E+00,+2.152E+00
2,03/2/2026,18:42:06.601,+0.000E+00,-0.047E+00,-0.047E+00,-0.188E+00,+1.14E+00,+81.08E+00,-10.51E+00,+2.197E+00
2,03/2/2026,18:42:06.601,-0.047E+00,-0.047E+00,-0.047E+00,-0.188E+00,+1.24E+00,+80.76E+00,-10.53E+00,+2.251E+00
2,03/2/2026,18:42:06.601,-0.047E+00,-0.047E+00,-0.047E+00,-0.188E+00,+1.33E+00,+80.41E+00,-10.54E+00,+2.297E+00
2,03/2/2026,18:42:06.601,+0.000E+00,-0.047E+00,-0.047E+00,-0.188E+00,+1.42E+00,+80.04E+00,-10.56E+00,+2.342E+00
2,03/2/2026,18:42:06.601,-0.047E+00,-0.047E+00,+0.000E+00,-0.188E+00,+1.51E+00,+79.64E+00,-10.56E+00,+2.388E+00
2,03/2/2026,18:42:06.601,-0.047E+00,-0.047E+00,+0.000E+00,-0.188E+00,+1.60E+00,+79.25E+00,-10.58E+00,+2.442E+00
2,03/2/2026,18:42:06.601,-0.047E+00,-0.047E+00,+0.000E+00,-0.188E+00,+1.69E+00,+78.83E+00,-10.58E+00,+2.487E+00
2,03/2/2026,18:42:06.601,-0.047E+00,-0.047E+00,-0.047E+00,-0.188E+00,+1.79E+00,+78.38E+00,-10.59E+00,+2.526E+00
2,03/2/2026,18:42:06.601,-0.047E+00,-0.047E+00,+0.000E+00,-0.188E+00,+1.89E+00,+77.92E+00,-10.59E+00,+2.571E+00
2,03/2/2026,18:42:06.601,-0.047E+00,-0.047E+00,+0.000E+00,-0.188E+00,+1.97E+00,+77.45E+00,-10.59E+00,+2.617E+00
2,03/2/2026,18:42:06.601,-0.047E+00,-0.047E+00,+0.000E+00,-0.188E+00,+2.04E+00,+76.96E+00,-10.59E+00,+2.655E+00
2,03/2/2026,18:42:06.601,-0.047E+00,-0.047E+00,-0.047E+00,-0.188E+00,+2.14E+00,+76.44E+00,-10.59E+00,+2.693E+00
2,03/2/2026,18:42:06.601,-0.047E+00,-0.047E+00,-0.047E+00,-0.188E+00,+2.21E+00,+75.90E+00,-10.58E+00,+2.732E+00
2,03/2/2026,18:42:06.601,+0.000E+00,-0.047E+00,-0.047E+00,-0.188E+00,+2.29E+00,+75.34E+00,-10.56E+00,+2.770E+00
2,03/2/2026,18:42:06.601,-0.047E+00,-0.047E+00,-0.047E+00,-0.188E+00,+2.37E+00,+74.77E+00,-10.53E+00,+2.800E+00
2,03/2/2026,18:42:06.601,+0.000E+00,-0.047E+00,-0.047E+00,-0.188E+00,+2.44E+00,+74.18E+00,-10.50E+00,+2.838E+00
2,03/2/2026,18:42:06.601,-0.047E+00,-0.047E+00,+0.000E+00,-0.188E+00,+2.52E+00,+73.57E+00,-10.45E+00,+2.869E+00
2,03/2/2026,18:42:06.601,-0.047E+00,-0.047E+00,-0.047E+00,-0.188E+00,+2.59E+00,+72.94E+00,-10.41E+00,+2.899E+00
2,03/2/2026,18:42:06.601,+0.000E+00,-0.047E+00,-0.047E+00,-0.188E+00,+2.67E+00,+72.30E+00,-10.35E+00,+2.930E+00
2,03/2/2026,18:42:06.602,-0.047E+00,-0.047E+00,-0.047E+00,-0.188E+00,+2.73E+00,+71.65E+00,-10.27E+00,+2.960E+00
2,03/2/2026,18:42:06.602,-0.047E+00,-0.047E+00,+0.000E+00,-0.188E+00,+2.81E+00,+70.98E+00,-10.19E+00,+2.991E+00
2,03/2/2026,18:42:06.602,-0.047E+00,-0.047E+00,+0.000E+00,-0.188E+00,+2.88E+00,+70.30E+00,-10.12E+00,+3.022E+00
2,03/2/2026,18:42:06.602,-0.047E+00,-0.047E+00,-0.047E+00,-0.188E+00,+2.96E+00,+69.60E+00,-10.06E+00,+3.052E+00
2,03/2/2026,18:42:06.602,-0.047E+00,-0.047E+00,-0.047E+00,-0.188E+00,+3.02E+00,+68.88E+00,-9.98E+00,+3.075E+00
2,03/2/2026,18:42:06.602,-0.047E+00,-0.047E+00,+0.000E+00,-0.188E+00,+3.08E+00,+68.15E+00,-9.90E+00,+3.098E+00
2,03/2/2026,18:42:06.602,-0.047E+00,-0.047E+00,-0.047E+00,-0.188E+00,+3.16E+00,+67.40E+00,-9.84E+00,+3.121E+00
2,03/2/2026,18:42:06.602,-0.047E+00,-0.047E+00,-0.047E+00,-0.188E+00,+3.22E+00,+66.64E+00,-9.77E+00,+3.144E+00
2,03/2/2026,18:42:06.602,-0.047E+00,-0.047E+00,+0.000E+00,-0.188E+00,+3.28E+00,+65.85E+00,-9.67E+00,+3.166E+00
2,03/2/2026,18:42:06.602,-0.047E+00,-0.047E+00,-0.047E+00,-0.188E+00,+3.34E+00,+65.05E+00,-9.61E+00,+3.182E+00
2,03/2/2026,18:42:06.602,-0.047E+00,-0.047E+00,+0.000E+00,-0.188E+00,+3.40E+00,+64.23E+00,-9.52E+00,+3.197E+00
2,03/2/2026,18:42:06.602,-0.047E+00,-0.047E+00,-0.047E+00,-0.188E+00,+3.45E+00,+63.39E+00,-9.43E+00,+3.212E+00
2,03/2/2026,18:42:06.602,+0.000E+00,-0.047E+00,-0.047E+00,-0.188E+00,+3.49E+00,+62.54E+00,-9.34E+00,+3.228E+00
2,03/2/2026,18:42:06.602,-0.047E+00,-0.047E+00,+0.000E+00,-0.188E+00,+3.56E+00,+61.67E+00,-9.25E+00,+3.243E+00
2,03/2/2026,18:42:06.602,-0.047E+00,-0.047E+00,+0.000E+00,-0.188E+00,+3.62E+00,+60.78E+00,-9.14E+00,+3.258E+00
2,03/2/2026,18:42:06.602,-0.047E+00,-0.047E+00,+0.000E+00,-0.188E+00,+3.66E+00,+59.88E+00,-9.03E+00,+3.273E+00
2,03/2/2026,18:42:06.602,-0.047E+00,-0.047E+00,+0.000E+00,-0.188E+00,+3.72E+00,+58.97E+00,-8.93E+00,+3.289E+00
2,03/2/2026,18:42:06.602,-0.047E+00,-0.047E+00,+0.000E+00,-0.188E+00,+3.78E+00,+58.03E+00,-8.82E+00,+3.304E+00
2,03/2/2026,18:42:06.602,-0.047E+00,-0.047E+00,+0.000E+00,-0.188E+00,+3.85E+00,+57.09E+00,-8.71E+00,+3.319E+00
2,03/2/2026,18:42:06.602,-0.047E+00,-0.047E+00,+0.000E+00,-0.188E+00,+3.91E+00,+56.13E+00,-8.61E+00,+3.334E+00
2,03/2/2026,18:42:06.603,-0.047E+00,-0.047E+00,-0.047E+00,-0.188E+00,+3.97E+00,+55.14E+00,-8.50E+00,+3.342E+00
2,03/2/2026,18:42:06.603,-0.047E+00,-0.047E+00,+0.000E+00,-0.188E+00,+4.01E+00,+54.14E+00,-8.39E+00,+3.357E+00
2,03/2/2026,18:42:06.603,-0.047E+00,-0.047E+00,+0.000E+00,-0.188E+00,+4.07E+00,+53.15E+00,-8.29E+00,+3.373E+00
2,03/2/2026,18:42:06.603,-0.047E+00,-0.047E+00,+0.000E+00,-0.188E+00,+4.14E+00,+52.13E+00,-8.18E+00,+3.380E+00
2,03/2/2026,18:42:06.603,-0.047E+00,-0.047E+00,-0.047E+00,-0.188E+00,+4.20E+00,+51.11E+00,-8.06E+00,+3.395E+00
2,03/2/2026,18:42:06.603,-0.047E+00,-0.047E+00,-0.047E+00,-0.188E+00,+4.26E+00,+50.07E+00,-7.94E+00,+3.403E+00
2,03/2/2026,18:42:06.603,-0.047E+00,-0.047E+00,+0.000E+00,-0.188E+00,+4.30E+00,+49.00E+00,-7.81E+00,+3.411E+00
2,03/2/2026,18:42:06.603,+0.000E+00,-0.047E+00,+0.000E+00,-0.188E+00,+4.36E+00,+47.95E+00,-7.69E+00,+3.418E+00
2,03/2/2026,18:42:06.603,-0.047E+00,-0.047E+00,+0.000E+00,-0.188E+00,+4.43E+00,+46.86E+00,-7.57E+00,+3.426E+00
2,03/2/2026,18:42:06.603,-0.047E+00,-0.047E+00,-0.047E+00,-0.188E+00,+4.47E+00,+45.77E+00,-7.45E+00,+3.434E+00
2,03/2/2026,18:42:06.603,-0.047E+00,-0.047E+00,-0.047E+00,-0.188E+00,+4.53E+00,+44.67E+00,-7.32E+00,+3.441E+00
2,03/2/2026,18:42:06.603,-0.047E+00,-0.047E+00,+0.000E+00,-0.188E+00,+4.58E+00,+43.55E+00,-7.19E+00,+3.449E+00
2,03/2/2026,18:42:06.603,-0.047E+00,-0.047E+00,+0.000E+00,-0.188E+00,+4.64E+00,+42.44E+00,-7.07E+00,+3.456E+00
2,03/2/2026,18:42:06.603,-0.047E+00,-0.047E+00,-0.047E+00,-0.141E+00,+4.70E+00,+41.29E+00,-6.94E+00,+3.464E+00
2,03/2/2026,18:42:06.603,-0.047E+00,-0.047E+00,-0.047E+00,-0.188E+00,+4.75E+00,+40.15E+00,-6.81E+00,+3.464E+00
2,03/2/2026,18:42:06.603,-0.047E+00,-0.047E+00,-0.047E+00,-0.188E+00,+4.81E+00,+38.99E+00,-6.68E+00,+3.472E+00
2,03/2/2026,18:42:06.603,-0.047E+00,-0.047E+00,+0.000E+00,-0.188E+00,+4.85E+00,+37.83E+00,-6.55E+00,+3.472E+00
2,03/2/2026,18:42:06.603,-0.047E+00,-0.047E+00,+0.000E+00,-0.188E+00,+4.90E+00,+36.65E+00,-6.41E+00,+3.472E+00
2,03/2/2026,18:42:06.603,-0.047E+00,-0.047E+00,-0.047E+00,-0.188E+00,+4.94E+00,+35.46E+00,-6.27E+00,+3.479E+00
2,03/2/2026,18:42:06.603,-0.047E+00,-0.047E+00,-0.047E+00,-0.188E+00,+5.01E+00,+34.27E+00,-6.13E+00,+3.479E+00
2,03/2/2026,18:42:06.604,-0.047E+00,-0.047E+00,+0.000E+00,-0.188E+00,+5.05E+00,+33.07E+00,-5.98E+00,+3.479E+00
2,03/2/2026,18:42:06.604,-0.047E+00,-0.047E+00,-0.047E+00,-0.188E+00,+5.11E+00,+31.85E+00,-5.84E+00,+3.487E+00
2,03/2/2026,18:42:06.604,-0.047E+00,-0.047E+00,-0.047E+00,-0.188E+00,+5.16E+00,+30.63E+00,-5.69E+00,+3.479E+00
2,03/2/2026,18:42:06.604,-0.047E+00,-0.047E+00,-0.047E+00,-0.188E+00,+5.20E+00,+29.41E+00,-5.55E+00,+3.479E+00
2,03/2/2026,18:42:06.604,-0.047E+00,-0.047E+00,+0.000E+00,-0.188E+00,+5.26E+00,+28.17E+00,-5.42E+00,+3.479E+00
2,03/2/2026,18:42:06.604,-0.047E+00,-0.047E+00,+0.000E+00,-0.188E+00,+5.31E+00,+26.92E+00,-5.26E+00,+3.479E+00
2,03/2/2026,18:42:06.604,+0.000E+00,-0.047E+00,-0.047E+00,-0.188E+00,+5.37E+00,+25.67E+00,-5.11E+00,+3.479E+00
2,03/2/2026,18:42:06.604,-0.047E+00,-0.047E+00,-0.047E+00,-0.188E+00,+5.42E+00,+24.40E+00,-4.96E+00,+3.479E+00
2,03/2/2026,18:42:06.604,-0.047E+00,-0.047E+00,-0.047E+00,-0.188E+00,+5.46E+00,+23.13E+00,-4.81E+00,+3.479E+00
2,03/2/2026,18:42:06.604,-0.047E+00,-0.047E+00,-0.047E+00,-0.188E+00,+5.51E+00,+21.85E+00,-4.65E+00,+3.479E+00
2,03/2/2026,18:42:06.604,-0.047E+00,-0.047E+00,+0.000E+00,-0.188E+00,+5.57E+00,+20.57E+00,-4.50E+00,+3.472E+00
2,03/2/2026,18:42:06.604,+0.000E+00,-0.047E+00,-0.047E+00,-0.188E+00,+5.62E+00,+19.29E+00,-4.35E+00,+3.472E+00
2,03/2/2026,18:42:06.604,+0.000E+00,-0.047E+00,-0.047E+00,-0.188E+00,+5.66E+00,+17.99E+00,-4.18E+00,+3.472E+00
2,03/2/2026,18:42:06.604,-0.047E+00,-0.047E+00,-0.047E+00,-0.188E+00,+5.72E+00,+16.69E+00,-4.03E+00,+3.464E+00
2,03/2/2026,18:42:06.604,-0.047E+00,-0.047E+00,+0.000E+00,-0.188E+00,+5.77E+00,+15.40E+00,-3.86E+00,+3.456E+00
2,03/2/2026,18:42:06.604,+0.000E+00,-0.047E+00,-0.047E+00,-0.188E+00,+5.81E+00,+14.09E+00,-3.71E+00,+3.449E+00
2,03/2/2026,18:42:06.604,-0.047E+00,-0.047E+00,+0.000E+00,-0.188E+00,+5.84E+00,+12.77E+00,-3.56E+00,+3.449E+00
2,03/2/2026,18:42:06.604,-0.047E+00,-0.047E+00,+0.000E+00,-0.188E+00,+5.89E+00,+11.46E+00,-3.39E+00,+3.441E+00
2,03/2/2026,18:42:06.604,-0.047E+00,-0.047E+00,-0.047E+00,-0.188E+00,+5.94E+00,+10.13E+00,-3.22E+00,+3.426E+00
2,03/2/2026,18:42:06.604,-0.047E+00,-0.047E+00,-0.047E+00,-0.188E+00,+5.97E+00,+8.82E+00,-3.07E+00,+3.418E+00
2,03/2/2026,18:42:06.605,-0.047E+00,-0.047E+00,+0.000E+00,-0.188E+00,+6.01E+00,+7.51E+00,-2.90E+00,+3.403E+00
2,03/2/2026,18:42:06.605,-0.047E+00,-0.047E+00,-0.047E+00,-0.188E+00,+6.03E+00,+6.20E+00,-2.75E+00,+3.388E+00
2,03/2/2026,18:42:06.605,-0.047E+00,-0.047E+00,-0.047E+00,-0.188E+00,+6.06E+00,+4.88E+00,-2.58E+00,+3.365E+00
2,03/2/2026,18:42:06.605,-0.047E+00,-0.047E+00,-0.047E+00,-0.188E+00,+6.07E+00,+3.56E+00,-2.40E+00,+3.350E+00
2,03/2/2026,18:42:06.605,-0.047E+00,-0.047E+00,+0.000E+00,-0.188E+00,+6.09E+00,+2.26E+00,-2.24E+00,+3.327E+00
2,03/2/2026,18:42:06.605,-0.047E+00,-0.047E+00,+0.000E+00,-0.188E+00,+6.12E+00,+0.95E+00,-2.08E+00,+3.304E+00
2,03/2/2026,18:42:06.605,-0.047E+00,-0.047E+00,-0.047E+00,-0.188E+00,+6.12E+00,-0.37E+00,-1.89E+00,+3.281E+00
2,03/2/2026,18:42:06.605,+0.000E+00,-0.047E+00,-0.047E+00,-0.188E+00,+6.13E+00,-1.66E+00,-1.72E+00,+3.258E+00
2,03/2/2026,18:42:06.605,-0.047E+00,-0.047E+00,+0.000E+00,-0.188E+00,+6.15E+00,-2.96E+00,-1.56E+00,+3.228E+00
2,03/2/2026,18:42:06.605,-0.047E+00,-0.047E+00,-0.047E+00,-0.188E+00,+6.15E+00,-4.26E+00,-1.39E+00,+3.205E+00
2,03/2/2026,18:42:06.605,-0.047E+00,+0.000E+00,-0.047E+00,-0.188E+00,+6.15E+00,-5.55E+00,-1.22E+00,+3.174E+00
2,03/2/2026,18:42:06.605,-0.047E+00,-0.047E+00,-0.047E+00,-0.188E+00,+6.15E+00,-6.85E+00,-1.05E+00,+3.144E+00
2,03/2/2026,18:42:06.605,-0.047E+00,-0.047E+00,+0.000E+00,-0.188E+00,+6.15E+00,-8.13E+00,-0.89E+00,+3.113E+00
2,03/2/2026,18:42:06.605,-0.047E+00,-0.047E+00,-0.047E+00,-0.141E+00,+6.13E+00,-9.42E+00,-0.70E+00,+3.075E+00
2,03/2/2026,18:42:06.605,-0.047E+00,-0.047E+00,+0.000E+00,-0.188E+00,+6.13E+00,-10.70E+00,-0.53E+00,+3.044E+00
2,03/2/2026,18:42:06.605,-0.047E+00,-0.047E+00,-0.047E+00,-0.188E+00,+6.12E+00,-11.98E+00,-0.37E+00,+3.006E+00
2,03/2/2026,18:42:06.605,-0.047E+00,-0.047E+00,-0.047E+00,-0.188E+00,+6.10E+00,-13.25E+00,-0.20E+00,+2.968E+00
2,03/2/2026,18:42:06.605,-0.047E+00,-0.047E+00,-0.047E+00,-0.188E+00,+6.09E+00,-14.51E+00,-0.03E+00,+2.938E+00
2,03/2/2026,18:42:06.605,-0.047E+00,-0.047E+00,-0.047E+00,-0.188E+00,+6.07E+00,-15.76E+00,+0.14E+00,+2.899E+00
2,03/2/2026,18:42:06.605,-0.047E+00,-0.047E+00,-0.047E+00,-0.188E+00,+6.04E+00,-17.02E+00,+0.32E+00,+2.854E+00
2,03/2/2026,18:42:06.606,-0.047E+00,-0.047E+00,-0.047E+00,-0.188E+00,+6.03E+00,-18.25E+00,+0.49E+00,+2.816E+00
2,03/2/2026,18:42:06.606,-0.047E+00,-0.047E+00,-0.047E+00,-0.188E+00,+6.01E+00,-19.49E+00,+0.66E+00,+2.777E+00
2,03/2/2026,18:42:06.606,-0.047E+00,-0.047E+00,+0.000E+00,-0.188E+00,+5.98E+00,-20.72E+00,+0.84E+00,+2.739E+00
2,03/2/2026,18:42:06.606,-0.047E+00,-0.047E+00,-0.047E+00,-0.188E+00,+5.95E+00,-21.94E+00,+1.01E+00,+2.701E+00
2,03/2/2026,18:42:06.606,-0.047E+00,-0.047E+00,-0.047E+00,-0.188E+00,+5.94E+00,-23.16E+00,+1.19E+00,+2.655E+00
2,03/2/2026,18:42:06.606,-0.047E+00,-0.047E+00,+0.000E+00,-0.188E+00,+5.91E+00,-24.37E+00,+1.36E+00,+2.609E+00
2,03/2/2026,18:42:06.606,-0.047E+00,-0.047E+00,+0.000E+00,-0.188E+00,+5.88E+00,-25.58E+00,+1.54E+00,+2.571E+00
2,03/2/2026,18:42:06.606,-0.047E+00,-0.047E+00,-0.047E+00,-0.188E+00,+5.86E+00,-26.78E+00,+1.71E+00,+2.533E+00
2,03/2/2026,18:42:06.606,+0.000E+00,-0.047E+00,-0.047E+00,-0.188E+00,+5.83E+00,-27.96E+00,+1.88E+00,+2.495E+00
2,03/2/2026,18:42:06.606,+0.000E+00,-0.047E+00,-0.047E+00,-0.188E+00,+5.80E+00,-29.13E+00,+2.06E+00,+2.449E+00
2,03/2/2026,18:42:06.606,-0.047E+00,-0.047E+00,-0.047E+00,-0.188E+00,+5.77E+00,-30.31E+00,+2.23E+00,+2.403E+00
2,03/2/2026,18:42:06.606,-0.047E+00,-0.047E+00,-0.047E+00,-0.188E+00,+5.74E+00,-31.47E+00,+2.40E+00,+2.365E+00
2,03/2/2026,18:42:06.606,-0.047E+00,-0.047E+00,+0.000E+00,-0.188E+00,+5.71E+00,-32.63E+00,+2.56E+00,+2.320E+00
2,03/2/2026,18:42:06.606,-0.047E+00,-0.047E+00,+0.000E+00,-0.188E+00,+5.68E+00,-33.77E+00,+2.73E+00,+2.274E+00
2,03/2/2026,18:42:06.606,-0.047E+00,-0.047E+00,-0.047E+00,-0.188E+00,+5.65E+00,-34.90E+00,+2.90E+00,+2.236E+00
2,03/2/2026,18:42:06.606,-0.047E+00,-0.047E+00,-0.047E+00,-0.188E+00,+5.62E+00,-36.03E+00,+3.07E+00,+2.197E+00
2,03/2/2026,18:42:06.606,-0.047E+00,-0.047E+00,-0.047E+00,-0.188E+00,+5.59E+00,-37.14E+00,+3.22E+00,+2.144E+00
2,03/2/2026,18:42:06.606,-0.047E+00,-0.047E+00,+0.000E+00,-0.188E+00,+5.54E+00,-38.27E+00,+3.39E+00,+2.098E+00
2,03/2/2026,18:42:06.606,-0.047E+00,-0.047E+00,-0.047E+00,-0.188E+00,+5.51E+00,-39.37E+00,+3.56E+00,+2.060E+00
2,03/2/2026,18:42:06.606,-0.047E+00,-0.047E+00,-0.047E+00,-0.188E+00,+5.48E+00,-40.47E+00,+3.71E+00,+2.014E+00
2,03/2/2026,18:42:06.607,-0.047E+00,-0.047E+00,-0.047E+00,-0.188E+00,+5.43E+00,-41.55E+00,+3.86E+00,+1.969E+00
2,03/2/2026,18:42:06.607,-0.047E+00,-0.047E+00,+0.000E+00,-0.188E+00,+5.39E+00,-42.64E+00,+4.03E+00,+1.923E+00
2,03/2/2026,18:42:06.607,-0.047E+00,-0.047E+00,+0.000E+00,-0.188E+00,+5.36E+00,-43.71E+00,+4.18E+00,+1.877E+00
2,03/2/2026,18:42:06.607,-0.047E+00,-0.047E+00,+0.000E+00,-0.188E+00,+5.33E+00,-44.77E+00,+4.33E+00,+1.831E+00
2,03/2/2026,18:42:06.607,-0.047E+00,-0.047E+00,+0.000E+00,-0.188E+00,+5.28E+00,-45.81E+00,+4.50E+00,+1.785E+00
2,03/2/2026,18:42:06.607,-0.047E+00,-0.047E+00,+0.000E+00,-0.188E+00,+5.23E+00,-46.86E+00,+4.65E+00,+1.740E+00
2,03/2/2026,18:42:06.607,-0.047E+00,-0.047E+00,-0.047E+00,-0.188E+00,+5.20E+00,-47.90E+00,+4.81E+00,+1.694E+00
2,03/2/2026,18:42:06.607,-0.047E+00,-0.047E+00,-0.047E+00,-0.188E+00,+5.16E+00,-48.92E+00,+4.97E+00,+1.648E+00
2,03/2/2026,18:42:06.607,-0.047E+00,-0.047E+00,+0.000E+00,-0.188E+00,+5.11E+00,-49.93E+00,+5.13E+00,+1.595E+00
2,03/2/2026,18:42:06.607,-0.047E+00,-0.047E+00,+0.000E+00,-0.188E+00,+5.07E+00,-50.94E+00,+5.28E+00,+1.549E+00
2,03/2/2026,18:42:06.607,-0.047E+00,-0.047E+00,-0.047E+00,-0.188E+00,+5.02E+00,-51.95E+00,+5.43E+00,+1.503E+00
2,03/2/2026,18:42:06.607,-0.047E+00,-0.047E+00,+0.000E+00,-0.188E+00,+4.96E+00,-52.94E+00,+5.59E+00,+1.457E+00
2,03/2/2026,18:42:06.607,-0.047E+00,-0.047E+00,-0.047E+00,-0.188E+00,+4.91E+00,-53.93E+00,+5.74E+00,+1.404E+00
2,03/2/2026,18:42:06.607,-0.047E+00,-0.047E+00,-0.047E+00,-0.188E+00,+4.87E+00,-54.91E+00,+5.89E+00,+1.351E+00
2,03/2/2026,18:42:06.607,-0.047E+00,-0.047E+00,-0.047E+00,-0.188E+00,+4.81E+00,-55.87E+00,+6.03E+00,+1.305E+00
2,03/2/2026,18:42:06.607,-0.047E+00,-0.047E+00,+0.000E+00,-0.188E+00,+4.75E+00,-56.83E+00,+6.18E+00,+1.251E+00
2,03/2/2026,18:42:06.607,-0.047E+00,-0.047E+00,-0.047E+00,-0.188E+00,+4.70E+00,-57.78E+00,+6.33E+00,+1.198E+00
2,03/2/2026,18:42:06.607,-0.047E+00,-0.047E+00,+0.000E+00,-0.188E+00,+4.64E+00,-58.71E+00,+6.49E+00,+1.145E+00
2,03/2/2026,18:42:06.607,-0.047E+00,-0.047E+00,-0.047E+00,-0.188E+00,+4.58E+00,-59.64E+00,+6.64E+00,+1.091E+00
2,03/2/2026,18:42:06.607,+0.000E+00,-0.047E+00,-0.047E+00,-0.188E+00,+4.52E+00,-60.57E+00,+6.78E+00,+1.038E+00
2,03/2/2026,18:42:06.608,-0.047E+00,-0.047E+00,+0.000E+00,-0.188E+00,+4.46E+00,-61.48E+00,+6.93E+00,+0.984E+00
2,03/2/2026,18:42:06.608,-0.047E+00,-0.047E+00,+0.000E+00,-0.188E+00,+4.41E+00,-62.37E+00,+7.08E+00,+0.939E+00
2,03/2/2026,18:42:06.608,-0.047E+00,-0.047E+00,-0.047E+00,-0.188E+00,+4.35E+00,-63.25E+00,+7.22E+00,+0.885E+00
2,03/2/2026,18:42:06.608,-0.047E+00,+0.000E+00,+0.000E+00,-0.188E+00,+4.29E+00,-64.14E+00,+7.36E+00,+0.832E+00
2,03/2/2026,18:42:06.608,-0.047E+00,-0.047E+00,-0.047E+00,-0.188E+00,+4.23E+00,-64.99E+00,+7.49E+00,+0.778E+00
2,03/2/2026,18:42:06.608,-0.047E+00,-0.047E+00,-0.047E+00,-0.188E+00,+4.18E+00,-65.83E+00,+7.61E+00,+0.732E+00
2,03/2/2026,18:42:06.608,-0.047E+00,-0.047E+00,-0.047E+00,-0.188E+00,+4.12E+00,-66.66E+00,+7.74E+00,+0.679E+00
2,03/2/2026,18:42:06.608,-0.047E+00,-0.047E+00,-0.047E+00,-0.188E+00,+4.06E+00,-67.47E+00,+7.87E+00,+0.626E+00
2,03/2/2026,18:42:06.608,-0.047E+00,-0.047E+00,-0.047E+00,-0.188E+00,+3.98E+00,-68.24E+00,+7.98E+00,+0.572E+00
2,03/2/2026,18:42:06.608,+0.000E+00,-0.047E+00,-0.047E+00,-0.188E+00,+3.92E+00,-69.01E+00,+8.10E+00,+0.519E+00
2,03/2/2026,18:42:06.608,-0.047E+00,-0.047E+00,-0.047E+00,-0.188E+00,+3.86E+00,-69.75E+00,+8.21E+00,+0.458E+00
2,03/2/2026,18:42:06.608,-0.047E+00,-0.047E+00,-0.047E+00,-0.188E+00,+3.78E+00,-70.47E+00,+8.33E+00,+0.404E+00
2,03/2/2026,18:42:06.608,-0.047E+00,-0.047E+00,+0.000E+00,-0.188E+00,+3.72E+00,-71.19E+00,+8.44E+00,+0.351E+00
2,03/2/2026,18:42:06.608,-0.047E+00,-0.047E+00,-0.047E+00,-0.188E+00,+3.65E+00,-71.88E+00,+8.55E+00,+0.298E+00
2,03/2/2026,18:42:06.608,-0.047E+00,-0.047E+00,-0.047E+00,-0.188E+00,+3.57E+00,-72.53E+00,+8.65E+00,+0.237E+00
2,03/2/2026,18:42:06.608,-0.047E+00,-0.047E+00,-0.047E+00,-0.188E+00,+3.51E+00,-73.17E+00,+8.74E+00,+0.183E+00
2,03/2/2026,18:42:06.608,-0.047E+00,-0.047E+00,+0.000E+00,-0.188E+00,+3.43E+00,-73.80E+00,+8.85E+00,+0.130E+00
2,03/2/2026,18:42:06.608,-0.047E+00,-0.047E+00,+0.000E+00,-0.188E+00,+3.36E+00,-74.39E+00,+8.94E+00,+0.069E+00
2,03/2/2026,18:42:06.608,+0.000E+00,-0.047E+00,-0.047E+00,-0.188E+00,+3.27E+00,-74.97E+00,+9.05E+00,+0.015E+00
2,03/2/2026,18:42:06.608,-0.047E+00,-0.047E+00,+0.000E+00,-0.188E+00,+3.20E+00,-75.52E+00,+9.14E+00,-0.038E+00
2,03/2/2026,18:42:06.609,-0.047E+00,-0.047E+00,+0.000E+00,-0.188E+00,+3.13E+00,-76.04E+00,+9.23E+00,-0.099E+00
2,03/2/2026,18:42:06.609,+0.000E+00,-0.047E+00,-0.047E+00,-0.188E+00,+3.05E+00,-76.56E+00,+9.32E+00,-0.153E+00
2,03/2/2026,18:42:06.609,-0.047E+00,-0.047E+00,-0.047E+00,-0.188E+00,+2.98E+00,-77.03E+00,+9.42E+00,-0.206E+00
2,03/2/2026,18:42:06.609,-0.047E+00,-0.047E+00,+0.000E+00,-0.188E+00,+2.88E+00,-77.49E+00,+9.51E+00,-0.259E+00
2,03/2/2026,18:42:06.609,-0.047E+00,-0.047E+00,-0.047E+00,-0.188E+00,+2.81E+00,-77.93E+00,+9.58E+00,-0.313E+00
2,03/2/2026,18:42:06.609,+0.000E+00,-0.047E+00,-0.047E+00,-0.188E+00,+2.73E+00,-78.35E+00,+9.67E+00,-0.374E+00
2,03/2/2026,18:42:06.609,-0.047E+00,-0.047E+00,-0.047E+00,-0.188E+00,+2.66E+00,-78.74E+00,+9.77E+00,-0.427E+00
2,03/2/2026,18:42:06.609,-0.047E+00,-0.047E+00,-0.047E+00,-0.188E+00,+2.58E+00,-79.11E+00,+9.84E+00,-0.488E+00
2,03/2/2026,18:42:06.609,-0.047E+00,-0.047E+00,-0.047E+00,-0.188E+00,+2.50E+00,-79.46E+00,+9.92E+00,-0.542E+00
2,03/2/2026,18:42:06.609,-0.047E+00,-0.047E+00,+0.000E+00,-0.188E+00,+2.41E+00,-79.78E+00,+10.00E+00,-0.603E+00
2,03/2/2026,18:42:06.609,-0.047E+00,-0.047E+00,-0.047E+00,-0.188E+00,+2.32E+00,-80.09E+00,+10.07E+00,-0.656E+00
2,03/2/2026,18:42:06.609,-0.047E+00,-0.047E+00,-0.047E+00,-0.188E+00,+2.24E+00,-80.38E+00,+10.15E+00,-0.710E+00
2,03/2/2026,18:42:06.609,-0.047E+00,-0.047E+00,+0.000E+00,-0.188E+00,+2.15E+00,-80.63E+00,+10.21E+00,-0.771E+00
2,03/2/2026,18:42:06.609,+0.000E+00,-0.047E+00,-0.047E+00,-0.188E+00,+2.06E+00,-80.89E+00,+10.27E+00,-0.824E+00
2,03/2/2026,18:42:06.609,-0.047E+00,-0.047E+00,-0.047E+00,-0.188E+00,+1.98E+00,-81.11E+00,+10.33E+00,-0.877E+00
2,03/2/2026,18:42:06.609,-0.047E+00,-0.047E+00,-0.047E+00,-0.235E+00,+1.91E+00,-81.32E+00,+10.41E+00,-0.939E+00
2,03/2/2026,18:42:06.609,-0.047E+00,-0.047E+00,-0.047E+00,-0.188E+00,+1.82E+00,-81.50E+00,+10.45E+00,-0.984E+00
2,03/2/2026,18:42:06.609,-0.047E+00,-0.047E+00,-0.047E+00,-0.141E+00,+1.72E+00,-81.66E+00,+10.51E+00,-1.038E+00
2,03/2/2026,18:42:06.609,-0.047E+00,-0.047E+00,-0.047E+00,-0.188E+00,+1.63E+00,-81.81E+00,+10.56E+00,-1.091E+00
2,03/2/2026,18:42:06.609,-0.047E+00,-0.047E+00,+0.000E+00,-0.188E+00,+1.56E+00,-81.93E+00,+10.61E+00,-1.152E+00
2,03/2/2026,18:42:06.610,+0.000E+00,-0.047E+00,+0.000E+00,-0.141E+00,+1.46E+00,-82.04E+00,+10.65E+00,-1.206E+00
2,03/2/2026,18:42:06.610,-0.047E+00,-0.047E+00,-0.047E+00,-0.188E+00,+1.37E+00,-82.12E+00,+10.71E+00,-1.251E+00
2,03/2/2026,18:42:06.610,-0.047E+00,-0.047E+00,-0.047E+00,-0.188E+00,+1.30E+00,-82.18E+00,+10.76E+00,-1.305E+00
2,03/2/2026,18:42:06.610,+0.000E+00,-0.047E+00,-0.047E+00,-0.188E+00,+1.21E+00,-82.22E+00,+10.80E+00,-1.358E+00
2,03/2/2026,18:42:06.610,-0.047E+00,-0.047E+00,+0.000E+00,-0.188E+00,+1.13E+00,-82.25E+00,+10.85E+00,-1.412E+00
2,03/2/2026,18:42:06.610,-0.047E+00,-0.047E+00,-0.047E+00,-0.188E+00,+1.04E+00,-82.27E+00,+10.88E+00,-1.457E+00
2,03/2/2026,18:42:06.610,-0.047E+00,-0.047E+00,-0.047E+00,-0.188E+00,+0.96E+00,-82.25E+00,+10.91E+00,-1.511E+00
2,03/2/2026,18:42:06.610,-0.047E+00,-0.047E+00,+0.000E+00,-0.188E+00,+0.87E+00,-82.22E+00,+10.96E+00,-1.557E+00
2,03/2/2026,18:42:06.610,+0.000E+00,-0.047E+00,-0.047E+00,-0.188E+00,+0.78E+00,-82.16E+00,+10.99E+00,-1.602E+00
2,03/2/2026,18:42:06.610,+0.000E+00,-0.047E+00,-0.047E+00,-0.188E+00,+0.70E+00,-82.10E+00,+11.02E+00,-1.656E+00
2,03/2/2026,18:42:06.610,-0.047E+00,-0.047E+00,+0.000E+00,-0.188E+00,+0.63E+00,-81.99E+00,+11.05E+00,-1.702E+00
2,03/2/2026,18:42:06.610,-0.047E+00,-0.047E+00,+0.000E+00,-0.188E+00,+0.53E+00,-81.89E+00,+11.08E+00,-1.755E+00
2,03/2/2026,18:42:06.610,+0.000E+00,-0.047E+00,+0.000E+00,-0.188E+00,+0.43E+00,-81.76E+00,+11.09E+00,-1.801E+00
2,03/2/2026,18:42:06.610,+0.000E+00,-0.047E+00,-0.047E+00,-0.188E+00,+0.35E+00,-81.61E+00,+11.12E+00,-1.846E+00
2,03/2/2026,18:42:06.610,-0.047E+00,-0.047E+00,-0.047E+00,-0.188E+00,+0.26E+00,-81.44E+00,+11.16E+00,-1.900E+00
2,03/2/2026,18:42:06.610,-0.047E+00,-0.047E+00,-0.047E+00,-0.141E+00,+0.17E+00,-81.25E+00,+11.17E+00,-1.946E+00
2,03/2/2026,18:42:06.610,-0.047E+00,-0.047E+00,-0.047E+00,-0.188E+00,+0.09E+00,-81.03E+00,+11.20E+00,-1.991E+00
2,03/2/2026,18:42:06.610,-0.047E+00,-0.047E+00,+0.000E+00,-0.188E+00,+0.02E+00,-80.82E+00,+11.23E+00,-2.037E+00
2,03/2/2026,18:42:06.610,-0.047E+00,-0.047E+00,-0.047E+00,-0.188E+00,-0.09E+00,-80.56E+00,+11.25E+00,-2.091E+00
2,03/2/2026,18:42:06.610,-0.047E+00,-0.047E+00,-0.047E+00,-0.188E+00,-0.17E+00,-80.28E+00,+11.25E+00,-2.136E+00
2,03/2/2026,18:42:06.611,-0.047E+00,-0.047E+00,+0.000E+00,-0.188E+00,-0.26E+00,-80.01E+00,+11.28E+00,-2.182E+00
2,03/2/2026,18:42:06.611,-0.047E+00,-0.047E+00,+0.000E+00,-0.188E+00,-0.35E+00,-79.70E+00,+11.28E+00,-2.228E+00
2,03/2/2026,18:42:06.611,-0.047E+00,-0.047E+00,-0.047E+00,-0.188E+00,-0.46E+00,-79.38E+00,+11.29E+00,-2.281E+00
2,03/2/2026,18:42:06.611,-0.047E+00,-0.047E+00,-0.047E+00,-0.188E+00,-0.55E+00,-79.03E+00,+11.31E+00,-2.327E+00
2,03/2/2026,18:42:06.611,-0.047E+00,-0.047E+00,-0.047E+00,-0.188E+00,-0.64E+00,-78.65E+00,+11.32E+00,-2.373E+00
2,03/2/2026,18:42:06.611,-0.047E+00,-0.047E+00,-0.047E+00,-0.188E+00,-0.73E+00,-78.27E+00,+11.32E+00,-2.419E+00
2,03/2/2026,18:42:06.611,+0.000E+00,-0.047E+00,-0.047E+00,-0.188E+00,-0.82E+00,-77.87E+00,+11.34E+00,-2.465E+00
2,03/2/2026,18:42:06.611,+0.000E+00,-0.047E+00,+0.000E+00,-0.188E+00,-0.92E+00,-77.45E+00,+11.35E+00,-2.510E+00
2,03/2/2026,18:42:06.611,+0.000E+00,+0.000E+00,-0.047E+00,-0.188E+00,-1.01E+00,-77.00E+00,+11.35E+00,-2.556E+00
2,03/2/2026,18:42:06.611,-0.047E+00,-0.047E+00,-0.047E+00,-0.188E+00,-1.10E+00,-76.55E+00,+11.35E+00,-2.602E+00
2,03/2/2026,18:42:06.611,-0.047E+00,-0.047E+00,-0.047E+00,-0.188E+00,-1.19E+00,-76.06E+00,+11.35E+00,-2.640E+00
2,03/2/2026,18:42:06.611,-0.047E+00,-0.047E+00,+0.000E+00,-0.188E+00,-1.27E+00,-75.54E+00,+11.34E+00,-2.678E+00
2,03/2/2026,18:42:06.611,-0.047E+00,-0.047E+00,+0.000E+00,-0.188E+00,-1.36E+00,-75.03E+00,+11.34E+00,-2.724E+00
2,03/2/2026,18:42:06.611,-0.047E+00,-0.047E+00,+0.000E+00,-0.188E+00,-1.43E+00,-74.50E+00,+11.32E+00,-2.762E+00
2,03/2/2026,18:42:06.611,-0.047E+00,-0.047E+00,-0.047E+00,-0.188E+00,-1.51E+00,-73.94E+00,+11.31E+00,-2.800E+00
2,03/2/2026,18:42:06.611,-0.047E+00,-0.047E+00,-0.047E+00,-0.188E+00,-1.59E+00,-73.37E+00,+11.28E+00,-2.831E+00
2,03/2/2026,18:42:06.611,-0.047E+00,-0.047E+00,-0.047E+00,-0.188E+00,-1.68E+00,-72.78E+00,+11.25E+00,-2.869E+00
2,03/2/2026,18:42:06.611,-0.047E+00,-0.047E+00,-0.047E+00,-0.188E+00,-1.74E+00,-72.17E+00,+11.22E+00,-2.899E+00
2,03/2/2026,18:42:06.611,-0.047E+00,-0.047E+00,-0.047E+00,-0.188E+00,-1.82E+00,-71.54E+00,+11.16E+00,-2.930E+00
2,03/2/2026,18:42:06.611,-0.047E+00,-0.047E+00,-0.047E+00,-0.188E+00,-1.89E+00,-70.90E+00,+11.09E+00,-2.960E+00
2,03/2/2026,18:42:06.612,-0.047E+00,+0.000E+00,-0.047E+00,-0.188E+00,-1.97E+00,-70.24E+00,+11.03E+00,-2.991E+00
2,03/2/2026,18:42:06.612,-0.047E+00,-0.047E+00,-0.047E+00,-0.188E+00,-2.03E+00,-69.57E+00,+10.96E+00,-3.022E+00
2,03/2/2026,18:42:06.612,-0.047E+00,-0.047E+00,+0.000E+00,-0.188E+00,-2.11E+00,-68.90E+00,+10.88E+00,-3.052E+00
2,03/2/2026,18:42:06.612,+0.000E+00,-0.047E+00,-0.047E+00,-0.188E+00,-2.18E+00,-68.18E+00,+10.80E+00,-3.075E+00
2,03/2/2026,18:42:06.612,-0.047E+00,-0.047E+00,+0.000E+00,-0.188E+00,-2.24E+00,-67.47E+00,+10.73E+00,-3.098E+00
2,03/2/2026,18:42:06.612,-0.047E+00,-0.047E+00,+0.000E+00,-0.188E+00,-2.32E+00,-66.73E+00,+10.67E+00,-3.128E+00
2,03/2/2026,18:42:06.612,-0.047E+00,-0.047E+00,+0.000E+00,-0.188E+00,-2.38E+00,-65.97E+00,+10.59E+00,-3.151E+00
2,03/2/2026,18:42:06.612,-0.047E+00,-0.047E+00,+0.000E+00,-0.188E+00,-2.44E+00,-65.21E+00,+10.51E+00,-3.174E+00
2,03/2/2026,18:42:06.612,-0.047E+00,-0.047E+00,+0.000E+00,-0.188E+00,-2.50E+00,-64.41E+00,+10.44E+00,-3.189E+00
2,03/2/2026,18:42:06.612,-0.047E+00,-0.047E+00,+0.000E+00,-0.188E+00,-2.56E+00,-63.60E+00,+10.35E+00,-3.212E+00
2,03/2/2026,18:42:06.612,-0.047E+00,-0.047E+00,+0.000E+00,-0.188E+00,-2.62E+00,-62.78E+00,+10.27E+00,-3.228E+00
2,03/2/2026,18:42:06.612,-0.047E+00,-0.047E+00,-0.047E+00,-0.188E+00,-2.69E+00,-61.94E+00,+10.19E+00,-3.243E+00
2,03/2/2026,18:42:06.612,-0.047E+00,-0.047E+00,-0.047E+00,-0.188E+00,-2.73E+00,-61.09E+00,+10.10E+00,-3.258E+00
2,03/2/2026,18:42:06.612,-0.047E+00,-0.047E+00,+0.000E+00,-0.188E+00,-2.79E+00,-60.20E+00,+10.00E+00,-3.273E+00
2,03/2/2026,18:42:06.612,-0.047E+00,-0.047E+00,+0.000E+00,-0.188E+00,-2.84E+00,-59.32E+00,+9.89E+00,-3.289E+00
2,03/2/2026,18:42:06.612,-0.047E+00,-0.047E+00,-0.047E+00,-0.188E+00,-2.90E+00,-58.42E+00,+9.78E+00,-3.296E+00
2,03/2/2026,18:42:06.612,+0.000E+00,-0.047E+00,+0.000E+00,-0.188E+00,-2.96E+00,-57.52E+00,+9.67E+00,-3.311E+00
2,03/2/2026,18:42:06.612,-0.047E+00,-0.047E+00,+0.000E+00,-0.188E+00,-3.02E+00,-56.57E+00,+9.57E+00,-3.327E+00
2,03/2/2026,18:42:06.612,-0.047E+00,-0.047E+00,-0.047E+00,-0.188E+00,-3.07E+00,-55.62E+00,+9.46E+00,-3.342E+00
2,03/2/2026,18:42:06.612,-0.047E+00,-0.047E+00,-0.047E+00,-0.188E+00,-3.13E+00,-54.65E+00,+9.34E+00,-3.357E+00
2,03/2/2026,18:42:06.613,-0.047E+00,-0.047E+00,-0.047E+00,-0.188E+00,-3.19E+00,-53.67E+00,+9.23E+00,-3.365E+00
2,03/2/2026,18:42:06.613,-0.047E+00,-0.047E+00,+0.000E+00,-0.188E+00,-3.25E+00,-52.68E+00,+9.13E+00,-3.380E+00
2,03/2/2026,18:42:06.613,-0.047E+00,-0.047E+00,+0.000E+00,-0.188E+00,-3.33E+00,-51.67E+00,+9.02E+00,-3.395E+00
2,03/2/2026,18:42:06.613,-0.047E+00,-0.047E+00,+0.000E+00,-0.188E+00,-3.39E+00,-50.66E+00,+8.91E+00,-3.403E+00
2,03/2/2026,18:42:06.613,-0.047E+00,-0.047E+00,+0.000E+00,-0.188E+00,-3.43E+00,-49.63E+00,+8.79E+00,-3.418E+00
2,03/2/2026,18:42:06.613,-0.047E+00,-0.047E+00,-0.047E+00,-0.188E+00,-3.49E+00,-48.59E+00,+8.67E+00,-3.426E+00
2,03/2/2026,18:42:06.613,-0.047E+00,-0.047E+00,+0.000E+00,-0.188E+00,-3.56E+00,-47.54E+00,+8.56E+00,-3.434E+00
2,03/2/2026,18:42:06.613,-0.047E+00,-0.047E+00,-0.047E+00,-0.188E+00,-3.62E+00,-46.45E+00,+8.44E+00,-3.449E+00
2,03/2/2026,18:42:06.613,-0.047E+00,-0.047E+00,-0.047E+00,-0.188E+00,-3.66E+00,-45.38E+00,+8.30E+00,-3.456E+00
2,03/2/2026,18:42:06.613,-0.047E+00,-0.047E+00,-0.047E+00,-0.188E+00,-3.72E+00,-44.29E+00,+8.18E+00,-3.464E+00
2,03/2/2026,18:42:06.613,-0.047E+00,-0.047E+00,+0.000E+00,-0.188E+00,-3.78E+00,-43.17E+00,+8.06E+00,-3.472E+00
2,03/2/2026,18:42:06.613,-0.047E+00,-0.047E+00,-0.047E+00,-0.188E+00,-3.83E+00,-42.06E+00,+7.92E+00,-3.479E+00
2,03/2/2026,18:42:06.613,-0.047E+00,-0.047E+00,-0.047E+00,-0.188E+00,-3.89E+00,-40.93E+00,+7.80E+00,-3.479E+00
2,03/2/2026,18:42:06.613,-0.047E+00,-0.047E+00,+0.000E+00,-0.188E+00,-3.94E+00,-39.78E+00,+7.66E+00,-3.487E+00
2,03/2/2026,18:42:06.613,+0.000E+00,-0.047E+00,-0.047E+00,-0.188E+00,-4.00E+00,-38.64E+00,+7.54E+00,-3.495E+00
2,03/2/2026,18:42:06.613,-0.047E+00,-0.047E+00,+0.000E+00,-0.188E+00,-4.04E+00,-37.48E+00,+7.40E+00,-3.495E+00
2,03/2/2026,18:42:06.613,-0.047E+00,-0.047E+00,+0.000E+00,-0.188E+00,-4.10E+00,-36.32E+00,+7.26E+00,-3.495E+00
2,03/2/2026,18:42:06.613,-0.047E+00,-0.047E+00,-0.047E+00,-0.188E+00,-4.15E+00,-35.14E+00,+7.13E+00,-3.502E+00
2,03/2/2026,18:42:06.613,-0.047E+00,-0.047E+00,-0.047E+00,-0.188E+00,-4.21E+00,-33.95E+00,+6.99E+00,-3.502E+00
2,03/2/2026,18:42:06.613,-0.047E+00,-0.047E+00,+0.000E+00,-0.188E+00,-4.26E+00,-32.75E+00,+6.85E+00,-3.502E+00
2,03/2/2026,18:42:06.614,-0.047E+00,-0.047E+00,-0.047E+00,-0.188E+00,-4.32E+00,-31.56E+00,+6.70E+00,-3.502E+00
2,03/2/2026,18:42:06.614,-0.047E+00,-0.047E+00,+0.000E+00,-0.188E+00,-4.36E+00,-30.34E+00,+6.56E+00,-3.502E+00
2,03/2/2026,18:42:06.614,-0.047E+00,-0.047E+00,+0.000E+00,-0.188E+00,-4.43E+00,-29.12E+00,+6.42E+00,-3.502E+00
2,03/2/2026,18:42:06.614,-0.047E+00,-0.047E+00,-0.047E+00,-0.188E+00,-4.47E+00,-27.90E+00,+6.27E+00,-3.510E+00
2,03/2/2026,18:42:06.614,+0.000E+00,-0.047E+00,-0.047E+00,-0.188E+00,-4.52E+00,-26.66E+00,+6.12E+00,-3.510E+00
2,03/2/2026,18:42:06.614,-0.047E+00,-0.047E+00,-0.047E+00,-0.188E+00,-4.58E+00,-25.39E+00,+5.98E+00,-3.502E+00
2,03/2/2026,18:42:06.614,-0.047E+00,-0.047E+00,+0.000E+00,-0.188E+00,-4.62E+00,-24.14E+00,+5.83E+00,-3.502E+00
2,03/2/2026,18:42:06.614,-0.047E+00,-0.047E+00,+0.000E+00,-0.188E+00,-4.67E+00,-22.88E+00,+5.68E+00,-3.502E+00
2,03/2/2026,18:42:06.614,-0.047E+00,-0.047E+00,-0.047E+00,-0.188E+00,-4.73E+00,-21.61E+00,+5.52E+00,-3.495E+00
2,03/2/2026,18:42:06.614,-0.047E+00,-0.047E+00,-0.047E+00,-0.188E+00,-4.78E+00,-20.33E+00,+5.36E+00,-3.495E+00
2,03/2/2026,18:42:06.614,-0.047E+00,-0.047E+00,-0.047E+00,-0.188E+00,-4.82E+00,-19.04E+00,+5.20E+00,-3.495E+00
2,03/2/2026,18:42:06.614,-0.047E+00,-0.047E+00,+0.000E+00,-0.188E+00,-4.88E+00,-17.75E+00,+5.05E+00,-3.495E+00
2,03/2/2026,18:42:06.614,+0.000E+00,-0.047E+00,+0.000E+00,-0.188E+00,-4.94E+00,-16.45E+00,+4.88E+00,-3.487E+00
2,03/2/2026,18:42:06.614,+0.000E+00,+0.000E+00,-0.047E+00,-0.188E+00,-4.99E+00,-15.15E+00,+4.73E+00,-3.479E+00
2,03/2/2026,18:42:06.614,-0.047E+00,-0.047E+00,-0.047E+00,-0.188E+00,-5.04E+00,-13.84E+00,+4.56E+00,-3.479E+00
2,03/2/2026,18:42:06.614,-0.047E+00,-0.047E+00,-0.047E+00,-0.188E+00,-5.08E+00,-12.54E+00,+4.41E+00,-3.472E+00
2,03/2/2026,18:42:06.614,+0.000E+00,-0.047E+00,-0.047E+00,-0.188E+00,-5.13E+00,-11.22E+00,+4.24E+00,-3.472E+00
2,03/2/2026,18:42:06.614,-0.047E+00,-0.047E+00,+0.000E+00,-0.188E+00,-5.17E+00,-9.89E+00,+4.09E+00,-3.464E+00
2,03/2/2026,18:42:06.614,-0.047E+00,-0.047E+00,+0.000E+00,-0.188E+00,-5.22E+00,-8.58E+00,+3.92E+00,-3.449E+00
2,03/2/2026,18:42:06.614,-0.047E+00,-0.047E+00,-0.047E+00,-0.188E+00,-5.25E+00,-7.26E+00,+3.77E+00,-3.434E+00
2,03/2/2026,18:42:06.615,-0.047E+00,-0.047E+00,-0.047E+00,-0.188E+00,-5.28E+00,-5.92E+00,+3.60E+00,-3.426E+00
2,03/2/2026,18:42:06.615,-0.047E+00,-0.047E+00,-0.047E+00,-0.188E+00,-5.31E+00,-4.61E+00,+3.43E+00,-3.403E+00
2,03/2/2026,18:42:06.615,-0.047E+00,-0.047E+00,+0.000E+00,-0.188E+00,-5.34E+00,-3.30E+00,+3.27E+00,-3.388E+00
2,03/2/2026,18:42:06.615,+0.000E+00,-0.047E+00,-0.047E+00,-0.188E+00,-5.36E+00,-1.98E+00,+3.10E+00,-3.365E+00
2,03/2/2026,18:42:06.615,-0.047E+00,-0.047E+00,-0.047E+00,-0.188E+00,-5.39E+00,-0.67E+00,+2.91E+00,-3.350E+00
2,03/2/2026,18:42:06.615,-0.047E+00,-0.047E+00,+0.000E+00,-0.188E+00,-5.40E+00,+0.64E+00,+2.75E+00,-3.327E+00
2,03/2/2026,18:42:06.615,-0.047E+00,-0.047E+00,+0.000E+00,-0.188E+00,-5.42E+00,+1.94E+00,+2.58E+00,-3.296E+00
2,03/2/2026,18:42:06.615,-0.047E+00,-0.047E+00,-0.047E+00,-0.188E+00,-5.42E+00,+3.24E+00,+2.41E+00,-3.273E+00
2,03/2/2026,18:42:06.615,-0.047E+00,-0.047E+00,-0.047E+00,-0.188E+00,-5.43E+00,+4.53E+00,+2.23E+00,-3.250E+00
2,03/2/2026,18:42:06.615,-0.047E+00,-0.047E+00,-0.047E+00,-0.188E+00,-5.43E+00,+5.83E+00,+2.08E+00,-3.220E+00
2,03/2/2026,18:42:06.615,-0.047E+00,-0.047E+00,-0.047E+00,-0.188E+00,-5.43E+00,+7.11E+00,+1.89E+00,-3.189E+00
2,03/2/2026,18:42:06.615,+0.000E+00,-0.047E+00,-0.047E+00,-0.188E+00,-5.45E+00,+8.39E+00,+1.72E+00,-3.159E+00
2,03/2/2026,18:42:06.615,-0.047E+00,-0.047E+00,+0.000E+00,-0.188E+00,-5.43E+00,+9.67E+00,+1.56E+00,-3.128E+00
2,03/2/2026,18:42:06.615,-0.047E+00,-0.047E+00,+0.000E+00,-0.188E+00,-5.43E+00,+10.94E+00,+1.39E+00,-3.098E+00
2,03/2/2026,18:42:06.615,+0.000E+00,-0.047E+00,+0.000E+00,-0.188E+00,-5.43E+00,+12.21E+00,+1.21E+00,-3.060E+00
2,03/2/2026,18:42:06.615,-0.047E+00,-0.047E+00,+0.000E+00,-0.188E+00,-5.42E+00,+13.47E+00,+1.04E+00,-3.029E+00
2,03/2/2026,18:42:06.615,-0.047E+00,-0.047E+00,+0.000E+00,-0.188E+00,-5.40E+00,+14.73E+00,+0.87E+00,-2.991E+00
2,03/2/2026,18:42:06.615,-0.047E+00,-0.047E+00,+0.000E+00,-0.188E+00,-5.39E+00,+15.98E+00,+0.69E+00,-2.953E+00
2,03/2/2026,18:42:06.615,+0.000E+00,-0.047E+00,+0.000E+00,-0.188E+00,-5.37E+00,+17.23E+00,+0.52E+00,-2.915E+00
2,03/2/2026,18:42:06.615,-0.047E+00,-0.047E+00,+0.000E+00,-0.188E+00,-5.36E+00,+18.46E+00,+0.35E+00,-2.877E+00
2,03/2/2026,18:42:06.616,-0.047E+00,-0.047E+00,-0.047E+00,-0.188E+00,-5.33E+00,+19.70E+00,+0.15E+00,-2.838E+00
2,03/2/2026,18:42:06.616,+0.000E+00,-0.047E+00,-0.047E+00,-0.188E+00,-5.31E+00,+20.94E+00,-0.02E+00,-2.800E+00
2,03/2/2026,18:42:06.616,-0.047E+00,-0.047E+00,+0.000E+00,-0.188E+00,-5.30E+00,+22.16E+00,-0.18E+00,-2.754E+00
2,03/2/2026,18:42:06.616,-0.047E+00,-0.047E+00,+0.000E+00,-0.188E+00,-5.26E+00,+23.38E+00,-0.35E+00,-2.716E+00
2,03/2/2026,18:42:06.616,-0.047E+00,+0.000E+00,-0.047E+00,-0.188E+00,-5.23E+00,+24.58E+00,-0.53E+00,-2.678E+00
2,03/2/2026,18:42:06.616,-0.047E+00,-0.047E+00,+0.000E+00,-0.188E+00,-5.22E+00,+25.79E+00,-0.72E+00,-2.632E+00
2,03/2/2026,18:42:06.616,-0.047E+00,-0.047E+00,-0.047E+00,-0.188E+00,-5.20E+00,+27.00E+00,-0.89E+00,-2.594E+00
2,03/2/2026,18:42:06.616,-0.047E+00,-0.047E+00,-0.047E+00,-0.188E+00,-5.17E+00,+28.19E+00,-1.05E+00,-2.548E+00
2,03/2/2026,18:42:06.616,-0.047E+00,-0.047E+00,+0.000E+00,-0.188E+00,-5.14E+00,+29.36E+00,-1.22E+00,-2.510E+00
2,03/2/2026,18:42:06.616,-0.047E+00,-0.047E+00,+0.000E+00,-0.188E+00,-5.13E+00,+30.54E+00,-1.40E+00,-2.472E+00
2,03/2/2026,18:42:06.616,+0.000E+00,-0.047E+00,-0.047E+00,-0.188E+00,-5.10E+00,+31.71E+00,-1.57E+00,-2.426E+00
2,03/2/2026,18:42:06.616,-0.047E+00,-0.047E+00,-0.047E+00,-0.188E+00,-5.07E+00,+32.87E+00,-1.75E+00,-2.381E+00
2,03/2/2026,18:42:06.616,-0.047E+00,-0.047E+00,+0.000E+00,-0.188E+00,-5.04E+00,+34.01E+00,-1.92E+00,-2.342E+00
2,03/2/2026,18:42:06.616,-0.047E+00,-0.047E+00,+0.000E+00,-0.188E+00,-5.01E+00,+35.17E+00,-2.09E+00,-2.297E+00
2,03/2/2026,18:42:06.616,-0.047E+00,-0.047E+00,-0.047E+00,-0.188E+00,-4.97E+00,+36.30E+00,-2.26E+00,-2.259E+00
2,03/2/2026,18:42:06.616,-0.047E+00,-0.047E+00,-0.047E+00,-0.188E+00,-4.94E+00,+37.43E+00,-2.43E+00,-2.213E+00
2,03/2/2026,18:42:06.616,-0.047E+00,-0.047E+00,+0.000E+00,-0.188E+00,-4.91E+00,+38.55E+00,-2.58E+00,-2.167E+00
2,03/2/2026,18:42:06.616,-0.047E+00,-0.047E+00,+0.000E+00,-0.188E+00,-4.87E+00,+39.66E+00,-2.75E+00,-2.121E+00
2,03/2/2026,18:42:06.616,-0.047E+00,-0.047E+00,+0.000E+00,-0.188E+00,-4.84E+00,+40.78E+00,-2.91E+00,-2.075E+00
2,03/2/2026,18:42:06.616,-0.047E+00,-0.047E+00,+0.000E+00,-0.188E+00,-4.81E+00,+41.86E+00,-3.08E+00,-2.030E+00
2,03/2/2026,18:42:06.617,-0.047E+00,-0.047E+00,+0.000E+00,-0.188E+00,-4.76E+00,+42.96E+00,-3.24E+00,-1.991E+00
2,03/2/2026,18:42:06.617,-0.047E+00,-0.047E+00,+0.000E+00,-0.188E+00,-4.73E+00,+44.03E+00,-3.40E+00,-1.946E+00
2,03/2/2026,18:42:06.617,-0.047E+00,-0.047E+00,-0.047E+00,-0.188E+00,-4.70E+00,+45.09E+00,-3.54E+00,-1.892E+00
2,03/2/2026,18:42:06.617,-0.047E+00,-0.047E+00,-0.047E+00,-0.188E+00,-4.65E+00,+46.16E+00,-3.71E+00,-1.854E+00
2,03/2/2026,18:42:06.617,-0.047E+00,-0.047E+00,+0.000E+00,-0.188E+00,-4.61E+00,+47.20E+00,-3.86E+00,-1.808E+00
2,03/2/2026,18:42:06.617,-0.047E+00,-0.047E+00,-0.047E+00,-0.188E+00,-4.58E+00,+48.24E+00,-4.03E+00,-1.763E+00
2,03/2/2026,18:42:06.617,-0.047E+00,-0.047E+00,-0.047E+00,-0.188E+00,-4.53E+00,+49.28E+00,-4.18E+00,-1.709E+00
2,03/2/2026,18:42:06.617,-0.047E+00,-0.047E+00,+0.000E+00,-0.188E+00,-4.49E+00,+50.30E+00,-4.33E+00,-1.663E+00
2,03/2/2026,18:42:06.617,-0.047E+00,-0.047E+00,-0.047E+00,-0.188E+00,-4.44E+00,+51.32E+00,-4.49E+00,-1.618E+00
2,03/2/2026,18:42:06.617,-0.047E+00,-0.047E+00,-0.047E+00,-0.188E+00,-4.39E+00,+52.34E+00,-4.65E+00,-1.572E+00
2,03/2/2026,18:42:06.617,-0.047E+00,-0.047E+00,+0.000E+00,-0.188E+00,-4.35E+00,+53.33E+00,-4.81E+00,-1.518E+00
2,03/2/2026,18:42:06.617,+0.000E+00,-0.047E+00,-0.047E+00,-0.188E+00,-4.30E+00,+54.33E+00,-4.96E+00,-1.473E+00
2,03/2/2026,18:42:06.617,+0.000E+00,-0.047E+00,+0.000E+00,-0.188E+00,-4.26E+00,+55.32E+00,-5.11E+00,-1.419E+00
2,03/2/2026,18:42:06.617,-0.047E+00,-0.047E+00,+0.000E+00,-0.188E+00,-4.20E+00,+56.29E+00,-5.26E+00,-1.373E+00
2,03/2/2026,18:42:06.617,-0.047E+00,-0.047E+00,-0.047E+00,-0.188E+00,-4.15E+00,+57.26E+00,-5.40E+00,-1.320E+00
2,03/2/2026,18:42:06.617,-0.047E+00,-0.047E+00,-0.047E+00,-0.188E+00,-4.10E+00,+58.20E+00,-5.55E+00,-1.267E+00
2,03/2/2026,18:42:06.617,-0.047E+00,-0.047E+00,+0.000E+00,-0.188E+00,-4.04E+00,+59.16E+00,-5.71E+00,-1.213E+00
2,03/2/2026,18:42:06.617,-0.047E+00,-0.047E+00,-0.047E+00,-0.188E+00,-3.98E+00,+60.09E+00,-5.86E+00,-1.160E+00
2,03/2/2026,18:42:06.617,-0.047E+00,-0.047E+00,-0.047E+00,-0.188E+00,-3.92E+00,+61.01E+00,-6.01E+00,-1.114E+00
2,03/2/2026,18:42:06.617,-0.047E+00,-0.047E+00,+0.000E+00,-0.188E+00,-3.86E+00,+61.93E+00,-6.17E+00,-1.061E+00
2,03/2/2026,18:42:06.618,-0.047E+00,-0.047E+00,-0.047E+00,-0.188E+00,-3.82E+00,+62.84E+00,-6.32E+00,-1.007E+00
2,03/2/2026,18:42:06.618,+0.000E+00,-0.047E+00,-0.047E+00,-0.188E+00,-3.75E+00,+63.74E+00,-6.46E+00,-0.954E+00
2,03/2/2026,18:42:06.618,+0.000E+00,-0.047E+00,-0.047E+00,-0.188E+00,-3.69E+00,+64.63E+00,-6.59E+00,-0.900E+00
2,03/2/2026,18:42:06.618,-0.047E+00,-0.047E+00,+0.000E+00,-0.188E+00,-3.63E+00,+65.50E+00,-6.75E+00,-0.855E+00
2,03/2/2026,18:42:06.618,-0.047E+00,-0.047E+00,-0.047E+00,-0.188E+00,-3.59E+00,+66.35E+00,-6.88E+00,-0.801E+00
2,03/2/2026,18:42:06.618,-0.047E+00,-0.047E+00,-0.047E+00,-0.188E+00,-3.53E+00,+67.19E+00,-7.00E+00,-0.748E+00
2,03/2/2026,18:42:06.618,-0.047E+00,-0.047E+00,-0.047E+00,-0.188E+00,-3.46E+00,+68.01E+00,-7.13E+00,-0.694E+00
2,03/2/2026,18:42:06.618,+0.000E+00,-0.047E+00,+0.000E+00,-0.188E+00,-3.40E+00,+68.82E+00,-7.25E+00,-0.641E+00
2,03/2/2026,18:42:06.618,+0.000E+00,-0.047E+00,+0.000E+00,-0.188E+00,-3.34E+00,+69.60E+00,-7.37E+00,-0.588E+00
2,03/2/2026,18:42:06.618,-0.047E+00,-0.047E+00,-0.047E+00,-0.188E+00,-3.27E+00,+70.36E+00,-7.48E+00,-0.534E+00
2,03/2/2026,18:42:06.618,-0.047E+00,-0.047E+00,+0.000E+00,-0.188E+00,-3.20E+00,+71.11E+00,-7.60E+00,-0.481E+00
2,03/2/2026,18:42:06.618,-0.047E+00,-0.047E+00,+0.000E+00,-0.188E+00,-3.14E+00,+71.83E+00,-7.71E+00,-0.427E+00
2,03/2/2026,18:42:06.618,-0.047E+00,-0.047E+00,-0.047E+00,-0.188E+00,-3.07E+00,+72.53E+00,-7.83E+00,-0.374E+00
2,03/2/2026,18:42:06.618,-0.047E+00,-0.047E+00,-0.047E+00,-0.141E+00,-3.01E+00,+73.22E+00,-7.94E+00,-0.320E+00
2,03/2/2026,18:42:06.618,-0.047E+00,-0.047E+00,-0.047E+00,-0.188E+00,-2.93E+00,+73.87E+00,-8.04E+00,-0.259E+00
2,03/2/2026,18:42:06.618,-0.047E+00,-0.047E+00,-0.047E+00,-0.188E+00,-2.85E+00,+74.53E+00,-8.13E+00,-0.206E+00
2,03/2/2026,18:42:06.618,-0.047E+00,-0.047E+00,+0.000E+00,-0.188E+00,-2.78E+00,+75.16E+00,-8.23E+00,-0.153E+00
2,03/2/2026,18:42:06.618,-0.047E+00,-0.047E+00,+0.000E+00,-0.188E+00,-2.70E+00,+75.75E+00,-8.33E+00,-0.092E+00
2,03/2/2026,18:42:06.618,-0.047E+00,-0.047E+00,+0.000E+00,-0.188E+00,-2.62E+00,+76.33E+00,-8.42E+00,-0.038E+00
2,03/2/2026,18:42:06.618,-0.047E+00,-0.047E+00,-0.047E+00,-0.188E+00,-2.55E+00,+76.88E+00,-8.52E+00,+0.015E+00
2,03/2/2026,18:42:06.619,-0.047E+00,-0.047E+00,-0.047E+00,-0.188E+00,-2.47E+00,+77.40E+00,-8.61E+00,+0.076E+00
2,03/2/2026,18:42:06.619,-0.047E+00,-0.047E+00,-0.047E+00,-0.188E+00,-2.40E+00,+77.90E+00,-8.71E+00,+0.130E+00
2,03/2/2026,18:42:06.619,-0.047E+00,-0.047E+00,-0.047E+00,-0.188E+00,-2.32E+00,+78.38E+00,-8.81E+00,+0.183E+00
2,03/2/2026,18:42:06.619,-0.047E+00,-0.047E+00,+0.000E+00,-0.188E+00,-2.24E+00,+78.83E+00,-8.88E+00,+0.244E+00
2,03/2/2026,18:42:06.619,-0.047E+00,-0.047E+00,+0.000E+00,-0.188E+00,-2.17E+00,+79.28E+00,-8.97E+00,+0.298E+00
2,03/2/2026,18:42:06.619,-0.047E+00,-0.047E+00,+0.000E+00,-0.188E+00,-2.09E+00,+79.69E+00,-9.06E+00,+0.351E+00
2,03/2/2026,18:42:06.619,-0.047E+00,-0.047E+00,+0.000E+00,-0.188E+00,-2.00E+00,+80.07E+00,-9.14E+00,+0.412E+00
2,03/2/2026,18:42:06.619,-0.047E+00,-0.047E+00,-0.047E+00,-0.188E+00,-1.92E+00,+80.44E+00,-9.23E+00,+0.465E+00
2,03/2/2026,18:42:06.619,-0.047E+00,-0.047E+00,-0.047E+00,-0.188E+00,-1.85E+00,+80.79E+00,-9.31E+00,+0.519E+00
2,03/2/2026,18:42:06.619,-0.047E+00,-0.047E+00,-0.047E+00,-0.188E+00,-1.75E+00,+81.11E+00,-9.39E+00,+0.580E+00
2,03/2/2026,18:42:06.619,-0.047E+00,-0.047E+00,+0.000E+00,-0.188E+00,-1.68E+00,+81.41E+00,-9.45E+00,+0.633E+00
2,03/2/2026,18:42:06.619,-0.047E+00,-0.047E+00,+0.000E+00,-0.188E+00,-1.60E+00,+81.70E+00,-9.52E+00,+0.694E+00
2,03/2/2026,18:42:06.619,-0.047E+00,-0.047E+00,-0.047E+00,-0.188E+00,-1.51E+00,+81.96E+00,-9.60E+00,+0.748E+00
2,03/2/2026,18:42:06.619,-0.047E+00,-0.047E+00,-0.047E+00,-0.188E+00,-1.42E+00,+82.21E+00,-9.66E+00,+0.801E+00
2,03/2/2026,18:42:06.619,-0.047E+00,-0.047E+00,+0.000E+00,-0.188E+00,-1.34E+00,+82.44E+00,-9.72E+00,+0.862E+00
2,03/2/2026,18:42:06.619,-0.047E+00,-0.047E+00,+0.000E+00,-0.188E+00,-1.25E+00,+82.65E+00,-9.78E+00,+0.908E+00
2,03/2/2026,18:42:06.619,-0.047E+00,-0.047E+00,-0.047E+00,-0.188E+00,-1.16E+00,+82.83E+00,-9.84E+00,+0.961E+00
2,03/2/2026,18:42:06.619,-0.047E+00,-0.047E+00,-0.047E+00,-0.188E+00,-1.08E+00,+82.98E+00,-9.89E+00,+1.022E+00
2,03/2/2026,18:42:06.619,-0.047E+00,-0.047E+00,+0.000E+00,-0.188E+00,-0.99E+00,+83.14E+00,-9.95E+00,+1.076E+00
2,03/2/2026,18:42:06.619,-0.047E+00,-0.047E+00,+0.000E+00,-0.188E+00,-0.92E+00,+83.26E+00,-10.00E+00,+1.129E+00
2,03/2/2026,18:42:06.620,-0.047E+00,-0.047E+00,+0.000E+00,-0.188E+00,-0.84E+00,+83.35E+00,-10.04E+00,+1.175E+00
2,03/2/2026,18:42:06.620,-0.047E+00,-0.047E+00,-0.047E+00,-0.188E+00,-0.75E+00,+83.44E+00,-10.09E+00,+1.228E+00
2,03/2/2026,18:42:06.620,-0.047E+00,-0.047E+00,-0.047E+00,-0.188E+00,-0.66E+00,+83.50E+00,-10.13E+00,+1.282E+00
2,03/2/2026,18:42:06.620,-0.047E+00,-0.047E+00,+0.000E+00,-0.188E+00,-0.56E+00,+83.55E+00,-10.18E+00,+1.335E+00
2,03/2/2026,18:42:06.620,+0.000E+00,-0.047E+00,-0.047E+00,-0.188E+00,-0.49E+00,+83.58E+00,-10.22E+00,+1.381E+00
2,03/2/2026,18:42:06.620,-0.047E+00,-0.047E+00,+0.000E+00,-0.188E+00,-0.40E+00,+83.58E+00,-10.27E+00,+1.434E+00
2,03/2/2026,18:42:06.620,-0.047E+00,-0.047E+00,+0.000E+00,-0.188E+00,-0.32E+00,+83.58E+00,-10.30E+00,+1.488E+00
2,03/2/2026,18:42:06.620,-0.047E+00,-0.047E+00,-0.047E+00,-0.188E+00,-0.23E+00,+83.55E+00,-10.33E+00,+1.534E+00
2,03/2/2026,18:42:06.620,-0.047E+00,-0.047E+00,-0.047E+00,-0.188E+00,-0.15E+00,+83.50E+00,-10.38E+00,+1.587E+00
2,03/2/2026,18:42:06.620,-0.047E+00,-0.047E+00,+0.000E+00,-0.188E+00,-0.06E+00,+83.43E+00,-10.39E+00,+1.633E+00
2,03/2/2026,18:42:06.620,-0.047E+00,-0.047E+00,-0.047E+00,-0.188E+00,+0.03E+00,+83.34E+00,-10.42E+00,+1.686E+00
2,03/2/2026,18:42:06.620,-0.047E+00,-0.047E+00,-0.047E+00,-0.188E+00,+0.11E+00,+83.23E+00,-10.45E+00,+1.732E+00
2,03/2/2026,18:42:06.620,-0.047E+00,-0.047E+00,-0.047E+00,-0.188E+00,+0.18E+00,+83.09E+00,-10.48E+00,+1.778E+00
2,03/2/2026,18:42:06.620,-0.047E+00,-0.047E+00,+0.000E+00,-0.188E+00,+0.27E+00,+82.95E+00,-10.51E+00,+1.824E+00
2,03/2/2026,18:42:06.620,-0.047E+00,-0.047E+00,+0.000E+00,-0.188E+00,+0.37E+00,+82.79E+00,-10.54E+00,+1.877E+00
2,03/2/2026,18:42:06.620,-0.047E+00,-0.047E+00,+0.000E+00,-0.188E+00,+0.44E+00,+82.59E+00,-10.56E+00,+1.923E+00
2,03/2/2026,18:42:06.620,-0.047E+00,-0.047E+00,+0.000E+00,-0.188E+00,+0.53E+00,+82.37E+00,-10.59E+00,+1.969E+00
2,03/2/2026,18:42:06.620,-0.047E+00,-0.047E+00,-0.047E+00,-0.188E+00,+0.63E+00,+82.15E+00,-10.61E+00,+2.014E+00
2,03/2/2026,18:42:06.620,-0.047E+00,-0.047E+00,-0.047E+00,-0.188E+00,+0.72E+00,+81.90E+00,-10.64E+00,+2.068E+00
2,03/2/2026,18:42:06.620,-0.047E+00,-0.047E+00,+0.000E+00,-0.188E+00,+0.81E+00,+81.64E+00,-10.65E+00,+2.114E+00
2,03/2/2026,18:42:06.621,+0.000E+00,-0.047E+00,+0.000E+00,-0.188E+00,+0.90E+00,+81.35E+00,-10.67E+00,+2.159E+00
2,03/2/2026,18:42:06.621,-0.047E+00,+0.000E+00,-0.047E+00,-0.188E+00,+0.99E+00,+81.05E+00,-10.68E+00,+2.213E+00
2,03/2/2026,18:42:06.621,-0.047E+00,-0.047E+00,+0.000E+00,-0.188E+00,+1.08E+00,+80.71E+00,-10.70E+00,+2.259E+00
2,03/2/2026,18:42:06.621,+0.000E+00,-0.047E+00,+0.000E+00,-0.188E+00,+1.18E+00,+80.36E+00,-10.71E+00,+2.304E+00
2,03/2/2026,18:42:06.621,-0.047E+00,-0.047E+00,-0.047E+00,-0.188E+00,+1.27E+00,+79.99E+00,-10.71E+00,+2.350E+00
2,03/2/2026,18:42:06.621,-0.047E+00,-0.047E+00,-0.047E+00,-0.188E+00,+1.36E+00,+79.61E+00,-10.73E+00,+2.396E+00
2,03/2/2026,18:42:06.621,-0.047E+00,-0.047E+00,+0.000E+00,-0.188E+00,+1.45E+00,+79.22E+00,-10.74E+00,+2.442E+00
2,03/2/2026,18:42:06.621,-0.047E+00,-0.047E+00,+0.000E+00,-0.188E+00,+1.54E+00,+78.79E+00,-10.74E+00,+2.487E+00
2,03/2/2026,18:42:06.621,-0.047E+00,-0.047E+00,-0.047E+00,-0.188E+00,+1.63E+00,+78.35E+00,-10.74E+00,+2.533E+00
2,03/2/2026,18:42:06.621,-0.047E+00,-0.047E+00,-0.047E+00,-0.188E+00,+1.72E+00,+77.89E+00,-10.74E+00,+2.579E+00
2,03/2/2026,18:42:06.621,-0.047E+00,-0.047E+00,+0.000E+00,-0.188E+00,+1.82E+00,+77.41E+00,-10.76E+00,+2.617E+00
2,03/2/2026,18:42:06.621,-0.047E+00,-0.047E+00,-0.047E+00,-0.188E+00,+1.91E+00,+76.91E+00,-10.74E+00,+2.663E+00
2,03/2/2026,18:42:06.621,-0.047E+00,-0.047E+00,-0.047E+00,-0.188E+00,+1.98E+00,+76.42E+00,-10.74E+00,+2.701E+00
2,03/2/2026,18:42:06.621,-0.047E+00,-0.047E+00,-0.047E+00,-0.188E+00,+2.06E+00,+75.87E+00,-10.73E+00,+2.739E+00
2,03/2/2026,18:42:06.621,-0.047E+00,-0.047E+00,-0.047E+00,-0.188E+00,+2.14E+00,+75.31E+00,-10.71E+00,+2.777E+00
2,03/2/2026,18:42:06.621,-0.047E+00,-0.047E+00,+0.000E+00,-0.141E+00,+2.21E+00,+74.74E+00,-10.70E+00,+2.808E+00
2,03/2/2026,18:42:06.621,-0.047E+00,-0.047E+00,+0.000E+00,-0.188E+00,+2.29E+00,+74.15E+00,-10.67E+00,+2.846E+00
2,03/2/2026,18:42:06.621,-0.047E+00,-0.047E+00,-0.047E+00,-0.188E+00,+2.37E+00,+73.54E+00,-10.62E+00,+2.884E+00
2,03/2/2026,18:42:06.621,-0.047E+00,-0.047E+00,-0.047E+00,-0.188E+00,+2.44E+00,+72.91E+00,-10.58E+00,+2.907E+00
2,03/2/2026,18:42:06.621,-0.047E+00,-0.047E+00,-0.047E+00,-0.188E+00,+2.52E+00,+72.27E+00,-10.50E+00,+2.945E+00
2,03/2/2026,18:42:06.622,-0.047E+00,-0.047E+00,-0.047E+00,-0.188E+00,+2.58E+00,+71.62E+00,-10.44E+00,+2.976E+00
2,03/2/2026,18:42:06.622,-0.047E+00,-0.047E+00,-0.047E+00,-0.188E+00,+2.66E+00,+70.94E+00,-10.36E+00,+2.999E+00
2,03/2/2026,18:42:06.622,-0.047E+00,-0.047E+00,-0.047E+00,-0.188E+00,+2.73E+00,+70.26E+00,-10.29E+00,+3.029E+00
2,03/2/2026,18:42:06.622,-0.047E+00,-0.047E+00,+0.000E+00,-0.188E+00,+2.81E+00,+69.56E+00,-10.21E+00,+3.052E+00
2,03/2/2026,18:42:06.622,-0.047E+00,-0.047E+00,+0.000E+00,-0.188E+00,+2.87E+00,+68.84E+00,-10.13E+00,+3.083E+00
2,03/2/2026,18:42:06.622,-0.047E+00,-0.047E+00,+0.000E+00,-0.188E+00,+2.95E+00,+68.11E+00,-10.07E+00,+3.105E+00
2,03/2/2026,18:42:06.622,-0.047E+00,-0.047E+00,+0.000E+00,-0.188E+00,+3.01E+00,+67.36E+00,-10.00E+00,+3.128E+00
2,03/2/2026,18:42:06.622,-0.047E+00,-0.047E+00,+0.000E+00,-0.188E+00,+3.07E+00,+66.60E+00,-9.92E+00,+3.151E+00
2,03/2/2026,18:42:06.622,-0.047E+00,-0.047E+00,+0.000E+00,-0.188E+00,+3.13E+00,+65.80E+00,-9.84E+00,+3.174E+00
2,03/2/2026,18:42:06.622,-0.047E+00,-0.047E+00,+0.000E+00,-0.188E+00,+3.19E+00,+65.01E+00,-9.77E+00,+3.189E+00
2,03/2/2026,18:42:06.622,-0.047E+00,-0.047E+00,+0.000E+00,-0.188E+00,+3.25E+00,+64.18E+00,-9.69E+00,+3.212E+00
2,03/2/2026,18:42:06.622,+0.000E+00,-0.047E+00,-0.047E+00,-0.188E+00,+3.30E+00,+63.35E+00,-9.60E+00,+3.228E+00
2,03/2/2026,18:42:06.622,-0.047E+00,-0.047E+00,-0.047E+00,-0.188E+00,+3.36E+00,+62.49E+00,-9.51E+00,+3.235E+00
2,03/2/2026,18:42:06.622,-0.047E+00,-0.047E+00,-0.047E+00,-0.188E+00,+3.40E+00,+61.62E+00,-9.40E+00,+3.250E+00
2,03/2/2026,18:42:06.622,+0.000E+00,-0.047E+00,-0.047E+00,-0.188E+00,+3.46E+00,+60.74E+00,-9.31E+00,+3.266E+00
2,03/2/2026,18:42:06.622,-0.047E+00,-0.047E+00,+0.000E+00,-0.188E+00,+3.53E+00,+59.84E+00,-9.20E+00,+3.281E+00
2,03/2/2026,18:42:06.622,-0.047E+00,-0.047E+00,-0.047E+00,-0.188E+00,+3.57E+00,+58.92E+00,-9.08E+00,+3.296E+00
2,03/2/2026,18:42:06.622,-0.047E+00,-0.047E+00,+0.000E+00,-0.188E+00,+3.63E+00,+57.99E+00,-8.97E+00,+3.311E+00
2,03/2/2026,18:42:06.622,-0.047E+00,-0.047E+00,+0.000E+00,-0.188E+00,+3.69E+00,+57.04E+00,-8.87E+00,+3.319E+00
2,03/2/2026,18:42:06.622,-0.047E+00,-0.047E+00,-0.047E+00,-0.188E+00,+3.75E+00,+56.08E+00,-8.76E+00,+3.334E+00
2,03/2/2026,18:42:06.623,+0.000E+00,-0.047E+00,-0.047E+00,-0.188E+00,+3.82E+00,+55.10E+00,-8.65E+00,+3.350E+00
2,03/2/2026,18:42:06.623,-0.047E+00,-0.047E+00,+0.000E+00,-0.188E+00,+3.88E+00,+54.11E+00,-8.55E+00,+3.365E+00
2,03/2/2026,18:42:06.623,-0.047E+00,-0.047E+00,+0.000E+00,-0.188E+00,+3.94E+00,+53.11E+00,-8.44E+00,+3.380E+00
2,03/2/2026,18:42:06.623,-0.047E+00,-0.047E+00,+0.000E+00,-0.188E+00,+4.00E+00,+52.08E+00,-8.33E+00,+3.388E+00
2,03/2/2026,18:42:06.623,-0.047E+00,-0.047E+00,-0.047E+00,-0.188E+00,+4.06E+00,+51.06E+00,-8.21E+00,+3.403E+00
2,03/2/2026,18:42:06.623,-0.047E+00,-0.047E+00,-0.047E+00,-0.188E+00,+4.10E+00,+50.02E+00,-8.09E+00,+3.411E+00
2,03/2/2026,18:42:06.623,-0.047E+00,-0.047E+00,-0.047E+00,-0.188E+00,+4.17E+00,+48.95E+00,-7.97E+00,+3.418E+00
2,03/2/2026,18:42:06.623,-0.047E+00,-0.047E+00,-0.047E+00,-0.188E+00,+4.23E+00,+47.90E+00,-7.84E+00,+3.426E+00
2,03/2/2026,18:42:06.623,-0.047E+00,-0.047E+00,-0.047E+00,-0.188E+00,+4.29E+00,+46.82E+00,-7.72E+00,+3.441E+00
2,03/2/2026,18:42:06.623,+0.000E+00,-0.047E+00,+0.000E+00,-0.188E+00,+4.33E+00,+45.72E+00,-7.60E+00,+3.449E+00
2,03/2/2026,18:42:06.623,-0.047E+00,-0.047E+00,+0.000E+00,-0.188E+00,+4.39E+00,+44.62E+00,-7.48E+00,+3.449E+00
2,03/2/2026,18:42:06.623,-0.047E+00,-0.047E+00,-0.047E+00,-0.188E+00,+4.44E+00,+43.51E+00,-7.36E+00,+3.456E+00
2,03/2/2026,18:42:06.623,-0.047E+00,-0.047E+00,+0.000E+00,-0.188E+00,+4.50E+00,+42.38E+00,-7.22E+00,+3.464E+00
2,03/2/2026,18:42:06.623,-0.047E+00,-0.047E+00,-0.047E+00,-0.188E+00,+4.55E+00,+41.25E+00,-7.10E+00,+3.472E+00
2,03/2/2026,18:42:06.623,-0.047E+00,-0.047E+00,-0.047E+00,-0.188E+00,+4.61E+00,+40.10E+00,-6.96E+00,+3.472E+00
2,03/2/2026,18:42:06.623,-0.047E+00,-0.047E+00,+0.000E+00,-0.188E+00,+4.65E+00,+38.96E+00,-6.82E+00,+3.479E+00
2,03/2/2026,18:42:06.623,+0.000E+00,-0.047E+00,+0.000E+00,-0.188E+00,+4.72E+00,+37.80E+00,-6.70E+00,+3.479E+00
2,03/2/2026,18:42:06.623,-0.047E+00,-0.047E+00,+0.000E+00,-0.188E+00,+4.76E+00,+36.61E+00,-6.56E+00,+3.487E+00
2,03/2/2026,18:42:06.623,-0.047E+00,-0.047E+00,-0.047E+00,-0.188E+00,+4.81E+00,+35.42E+00,-6.42E+00,+3.487E+00
2,03/2/2026,18:42:06.623,-0.047E+00,-0.047E+00,-0.047E+00,-0.188E+00,+4.87E+00,+34.23E+00,-6.29E+00,+3.487E+00
2,03/2/2026,18:42:06.624,-0.047E+00,-0.047E+00,+0.000E+00,-0.188E+00,+4.93E+00,+33.02E+00,-6.15E+00,+3.487E+00
2,03/2/2026,18:42:06.624,-0.047E+00,-0.047E+00,+0.000E+00,-0.188E+00,+4.97E+00,+31.82E+00,-6.00E+00,+3.487E+00
2,03/2/2026,18:42:06.624,-0.047E+00,-0.047E+00,+0.000E+00,-0.188E+00,+5.02E+00,+30.60E+00,-5.84E+00,+3.495E+00
2,03/2/2026,18:42:06.624,-0.047E+00,-0.047E+00,-0.047E+00,-0.188E+00,+5.07E+00,+29.38E+00,-5.71E+00,+3.495E+00
2,03/2/2026,18:42:06.624,-0.047E+00,-0.047E+00,-0.047E+00,-0.188E+00,+5.13E+00,+28.14E+00,-5.55E+00,+3.487E+00
2,03/2/2026,18:42:06.624,-0.047E+00,-0.047E+00,+0.000E+00,-0.188E+00,+5.17E+00,+26.89E+00,-5.42E+00,+3.487E+00
2,03/2/2026,18:42:06.624,-0.047E+00,-0.047E+00,+0.000E+00,-0.188E+00,+5.22E+00,+25.64E+00,-5.26E+00,+3.487E+00
2,03/2/2026,18:42:06.624,+0.000E+00,-0.047E+00,+0.000E+00,-0.188E+00,+5.28E+00,+24.37E+00,-5.11E+00,+3.487E+00
2,03/2/2026,18:42:06.624,+0.000E+00,-0.047E+00,-0.047E+00,-0.188E+00,+5.33E+00,+23.10E+00,-4.96E+00,+3.487E+00
2,03/2/2026,18:42:06.624,-0.047E+00,-0.047E+00,-0.047E+00,-0.188E+00,+5.37E+00,+21.82E+00,-4.81E+00,+3.479E+00
2,03/2/2026,18:42:06.624,-0.047E+00,-0.047E+00,-0.047E+00,-0.188E+00,+5.43E+00,+20.54E+00,-4.65E+00,+3.479E+00
2,03/2/2026,18:42:06.624,-0.047E+00,-0.047E+00,+0.000E+00,-0.188E+00,+5.48E+00,+19.26E+00,-4.49E+00,+3.479E+00
2,03/2/2026,18:42:06.624,-0.047E+00,-0.047E+00,-0.047E+00,-0.188E+00,+5.52E+00,+17.96E+00,-4.33E+00,+3.472E+00
2,03/2/2026,18:42:06.624,-0.047E+00,-0.047E+00,-0.047E+00,-0.188E+00,+5.57E+00,+16.66E+00,-4.18E+00,+3.472E+00
2,03/2/2026,18:42:06.624,-0.047E+00,-0.047E+00,+0.000E+00,-0.188E+00,+5.62E+00,+15.37E+00,-4.01E+00,+3.464E+00
2,03/2/2026,18:42:06.624,-0.047E+00,-0.047E+00,+0.000E+00,-0.188E+00,+5.68E+00,+14.05E+00,-3.86E+00,+3.456E+00
2,03/2/2026,18:42:06.624,-0.047E+00,-0.047E+00,+0.000E+00,-0.188E+00,+5.72E+00,+12.74E+00,-3.69E+00,+3.449E+00
2,03/2/2026,18:42:06.624,-0.047E+00,-0.047E+00,-0.047E+00,-0.188E+00,+5.77E+00,+11.43E+00,-3.54E+00,+3.441E+00
2,03/2/2026,18:42:06.624,-0.047E+00,-0.047E+00,-0.047E+00,-0.188E+00,+5.80E+00,+10.12E+00,-3.39E+00,+3.434E+00
2,03/2/2026,18:42:06.624,-0.047E+00,-0.047E+00,-0.047E+00,-0.188E+00,+5.83E+00,+8.79E+00,-3.22E+00,+3.418E+00
2,03/2/2026,18:42:06.625,-0.047E+00,-0.047E+00,-0.047E+00,-0.188E+00,+5.86E+00,+7.46E+00,-3.05E+00,+3.411E+00
2,03/2/2026,18:42:06.625,-0.047E+00,-0.047E+00,+0.000E+00,-0.188E+00,+5.89E+00,+6.15E+00,-2.88E+00,+3.395E+00
2,03/2/2026,18:42:06.625,-0.047E+00,-0.047E+00,+0.000E+00,-0.188E+00,+5.92E+00,+4.85E+00,-2.72E+00,+3.373E+00
2,03/2/2026,18:42:06.625,-0.047E+00,-0.047E+00,+0.000E+00,-0.188E+00,+5.95E+00,+3.53E+00,-2.55E+00,+3.357E+00
2,03/2/2026,18:42:06.625,-0.047E+00,-0.047E+00,-0.047E+00,-0.188E+00,+5.95E+00,+2.23E+00,-2.38E+00,+3.334E+00
2,03/2/2026,18:42:06.625,-0.047E+00,-0.047E+00,-0.047E+00,-0.188E+00,+5.97E+00,+0.92E+00,-2.21E+00,+3.311E+00
2,03/2/2026,18:42:06.625,-0.047E+00,-0.047E+00,-0.047E+00,-0.141E+00,+6.00E+00,-0.40E+00,-2.04E+00,+3.289E+00
2,03/2/2026,18:42:06.625,-0.047E+00,-0.047E+00,+0.000E+00,-0.188E+00,+6.00E+00,-1.69E+00,-1.88E+00,+3.266E+00
2,03/2/2026,18:42:06.625,-0.047E+00,-0.047E+00,+0.000E+00,-0.188E+00,+6.01E+00,-2.99E+00,-1.71E+00,+3.235E+00
2,03/2/2026,18:42:06.625,-0.047E+00,-0.047E+00,-0.047E+00,-0.188E+00,+6.01E+00,-4.29E+00,-1.53E+00,+3.212E+00
2,03/2/2026,18:42:06.625,-0.047E+00,-0.047E+00,-0.047E+00,-0.188E+00,+6.01E+00,-5.59E+00,-1.36E+00,+3.182E+00
2,03/2/2026,18:42:06.625,-0.047E+00,-0.047E+00,-0.047E+00,-0.188E+00,+6.01E+00,-6.87E+00,-1.19E+00,+3.151E+00
2,03/2/2026,18:42:06.625,+0.000E+00,-0.047E+00,-0.047E+00,-0.188E+00,+6.01E+00,-8.15E+00,-1.01E+00,+3.113E+00
2,03/2/2026,18:42:06.625,-0.047E+00,-0.047E+00,-0.047E+00,-0.188E+00,+6.00E+00,-9.45E+00,-0.84E+00,+3.083E+00
2,03/2/2026,18:42:06.625,-0.047E+00,-0.047E+00,-0.047E+00,-0.188E+00,+5.98E+00,-10.73E+00,-0.67E+00,+3.044E+00
2,03/2/2026,18:42:06.625,-0.047E+00,-0.047E+00,+0.000E+00,-0.188E+00,+5.98E+00,-11.99E+00,-0.50E+00,+3.014E+00
2,03/2/2026,18:42:06.625,-0.047E+00,-0.047E+00,+0.000E+00,-0.188E+00,+5.97E+00,-13.26E+00,-0.34E+00,+2.976E+00
2,03/2/2026,18:42:06.625,-0.047E+00,-0.047E+00,+0.000E+00,-0.188E+00,+5.95E+00,-14.53E+00,-0.17E+00,+2.945E+00
2,03/2/2026,18:42:06.625,-0.047E+00,-0.047E+00,+0.000E+00,-0.188E+00,+5.94E+00,-15.79E+00,+0.02E+00,+2.907E+00
2,03/2/2026,18:42:06.625,-0.047E+00,-0.047E+00,+0.000E+00,-0.188E+00,+5.92E+00,-17.03E+00,+0.18E+00,+2.861E+00
2,03/2/2026,18:42:06.626,-0.047E+00,-0.047E+00,-0.047E+00,-0.188E+00,+5.89E+00,-18.28E+00,+0.35E+00,+2.823E+00
2,03/2/2026,18:42:06.626,-0.047E+00,-0.047E+00,+0.000E+00,-0.188E+00,+5.88E+00,-19.50E+00,+0.53E+00,+2.785E+00
2,03/2/2026,18:42:06.626,-0.047E+00,-0.047E+00,+0.000E+00,-0.188E+00,+5.86E+00,-20.74E+00,+0.70E+00,+2.747E+00
2,03/2/2026,18:42:06.626,-0.047E+00,-0.047E+00,+0.000E+00,-0.188E+00,+5.81E+00,-21.96E+00,+0.87E+00,+2.701E+00
2,03/2/2026,18:42:06.626,-0.047E+00,-0.047E+00,+0.000E+00,-0.188E+00,+5.80E+00,-23.18E+00,+1.04E+00,+2.663E+00
2,03/2/2026,18:42:06.626,-0.047E+00,-0.047E+00,-0.047E+00,-0.188E+00,+5.78E+00,-24.39E+00,+1.22E+00,+2.617E+00
2,03/2/2026,18:42:06.626,-0.047E+00,-0.047E+00,-0.047E+00,-0.188E+00,+5.75E+00,-25.59E+00,+1.40E+00,+2.587E+00
2,03/2/2026,18:42:06.626,-0.047E+00,-0.047E+00,-0.047E+00,-0.188E+00,+5.72E+00,-26.80E+00,+1.57E+00,+2.541E+00
2,03/2/2026,18:42:06.626,+0.000E+00,-0.047E+00,+0.000E+00,-0.188E+00,+5.69E+00,-27.97E+00,+1.74E+00,+2.495E+00
2,03/2/2026,18:42:06.626,-0.047E+00,-0.047E+00,-0.047E+00,-0.188E+00,+5.68E+00,-29.15E+00,+1.92E+00,+2.457E+00
2,03/2/2026,18:42:06.626,-0.047E+00,-0.047E+00,+0.000E+00,-0.188E+00,+5.65E+00,-30.32E+00,+2.09E+00,+2.411E+00
2,03/2/2026,18:42:06.626,-0.047E+00,-0.047E+00,+0.000E+00,-0.188E+00,+5.62E+00,-31.48E+00,+2.26E+00,+2.373E+00
2,03/2/2026,18:42:06.626,-0.047E+00,-0.047E+00,-0.047E+00,-0.188E+00,+5.59E+00,-32.64E+00,+2.43E+00,+2.327E+00
2,03/2/2026,18:42:06.626,-0.047E+00,-0.047E+00,-0.047E+00,-0.188E+00,+5.55E+00,-33.79E+00,+2.59E+00,+2.281E+00
2,03/2/2026,18:42:06.626,-0.047E+00,-0.047E+00,-0.047E+00,-0.188E+00,+5.52E+00,-34.93E+00,+2.76E+00,+2.243E+00
2,03/2/2026,18:42:06.626,-0.047E+00,-0.047E+00,-0.047E+00,-0.188E+00,+5.49E+00,-36.06E+00,+2.91E+00,+2.197E+00
2,03/2/2026,18:42:06.626,-0.047E+00,-0.047E+00,-0.047E+00,-0.188E+00,+5.46E+00,-37.17E+00,+3.08E+00,+2.152E+00
2,03/2/2026,18:42:06.626,-0.047E+00,-0.047E+00,+0.000E+00,-0.188E+00,+5.42E+00,-38.29E+00,+3.27E+00,+2.114E+00
2,03/2/2026,18:42:06.626,-0.047E+00,-0.047E+00,-0.047E+00,-0.188E+00,+5.39E+00,-39.39E+00,+3.42E+00,+2.068E+00
2,03/2/2026,18:42:06.626,-0.047E+00,-0.047E+00,-0.047E+00,-0.188E+00,+5.34E+00,-40.50E+00,+3.57E+00,+2.022E+00
2,03/2/2026,18:42:06.627,-0.047E+00,-0.047E+00,+0.000E+00,-0.188E+00,+5.31E+00,-41.58E+00,+3.74E+00,+1.976E+00
2,03/2/2026,18:42:06.627,-0.047E+00,-0.047E+00,+0.000E+00,-0.188E+00,+5.26E+00,-42.68E+00,+3.89E+00,+1.930E+00
2,03/2/2026,18:42:06.627,-0.047E+00,-0.047E+00,+0.000E+00,-0.188E+00,+5.23E+00,-43.77E+00,+4.04E+00,+1.885E+00
2,03/2/2026,18:42:06.627,+0.000E+00,-0.047E+00,-0.047E+00,-0.188E+00,+5.19E+00,-44.82E+00,+4.21E+00,+1.839E+00
2,03/2/2026,18:42:06.627,+0.000E+00,-0.047E+00,+0.000E+00,-0.188E+00,+5.16E+00,-45.89E+00,+4.36E+00,+1.793E+00
2,03/2/2026,18:42:06.627,-0.047E+00,-0.047E+00,-0.047E+00,-0.188E+00,+5.11E+00,-46.94E+00,+4.52E+00,+1.747E+00
2,03/2/2026,18:42:06.627,-0.047E+00,-0.047E+00,-0.047E+00,-0.188E+00,+5.07E+00,-47.98E+00,+4.67E+00,+1.702E+00
2,03/2/2026,18:42:06.627,+0.000E+00,-0.047E+00,+0.000E+00,-0.188E+00,+5.02E+00,-49.00E+00,+4.82E+00,+1.656E+00
2,03/2/2026,18:42:06.627,-0.047E+00,-0.047E+00,+0.000E+00,-0.188E+00,+4.97E+00,-50.04E+00,+4.99E+00,+1.610E+00
2,03/2/2026,18:42:06.627,-0.047E+00,-0.047E+00,-0.047E+00,-0.188E+00,+4.94E+00,-51.05E+00,+5.14E+00,+1.557E+00
2,03/2/2026,18:42:06.627,-0.047E+00,-0.047E+00,-0.047E+00,-0.188E+00,+4.90E+00,-52.05E+00,+5.30E+00,+1.511E+00
2,03/2/2026,18:42:06.627,-0.047E+00,-0.047E+00,-0.047E+00,-0.188E+00,+4.84E+00,-53.04E+00,+5.45E+00,+1.457E+00
2,03/2/2026,18:42:06.627,-0.047E+00,-0.047E+00,-0.047E+00,-0.188E+00,+4.79E+00,-54.04E+00,+5.60E+00,+1.404E+00
2,03/2/2026,18:42:06.627,-0.047E+00,-0.047E+00,-0.047E+00,-0.188E+00,+4.75E+00,-55.01E+00,+5.75E+00,+1.358E+00
2,03/2/2026,18:42:06.627,-0.047E+00,-0.047E+00,+0.000E+00,-0.188E+00,+4.68E+00,-55.97E+00,+5.91E+00,+1.312E+00
2,03/2/2026,18:42:06.627,-0.047E+00,-0.047E+00,+0.000E+00,-0.188E+00,+4.62E+00,-56.94E+00,+6.06E+00,+1.259E+00
2,03/2/2026,18:42:06.627,-0.047E+00,-0.047E+00,+0.000E+00,-0.188E+00,+4.58E+00,-57.88E+00,+6.20E+00,+1.206E+00
2,03/2/2026,18:42:06.627,-0.047E+00,-0.047E+00,-0.047E+00,-0.188E+00,+4.52E+00,-58.83E+00,+6.35E+00,+1.152E+00
2,03/2/2026,18:42:06.627,-0.047E+00,-0.047E+00,-0.047E+00,-0.188E+00,+4.46E+00,-59.74E+00,+6.49E+00,+1.099E+00
2,03/2/2026,18:42:06.627,+0.000E+00,-0.047E+00,+0.000E+00,-0.188E+00,+4.41E+00,-60.66E+00,+6.64E+00,+1.045E+00
2,03/2/2026,18:42:06.628,-0.047E+00,-0.047E+00,+0.000E+00,-0.188E+00,+4.35E+00,-61.57E+00,+6.79E+00,+0.992E+00
2,03/2/2026,18:42:06.628,-0.047E+00,-0.047E+00,+0.000E+00,-0.188E+00,+4.29E+00,-62.48E+00,+6.94E+00,+0.946E+00
2,03/2/2026,18:42:06.628,-0.047E+00,-0.047E+00,+0.000E+00,-0.188E+00,+4.23E+00,-63.36E+00,+7.10E+00,+0.893E+00
2,03/2/2026,18:42:06.628,-0.047E+00,-0.047E+00,-0.047E+00,-0.188E+00,+4.17E+00,-64.23E+00,+7.22E+00,+0.839E+00
2,03/2/2026,18:42:06.628,-0.047E+00,-0.047E+00,-0.047E+00,-0.188E+00,+4.12E+00,-65.08E+00,+7.36E+00,+0.786E+00
2,03/2/2026,18:42:06.628,+0.000E+00,-0.047E+00,-0.047E+00,-0.188E+00,+4.04E+00,-65.94E+00,+7.49E+00,+0.740E+00
2,03/2/2026,18:42:06.628,-0.047E+00,-0.047E+00,-0.047E+00,-0.188E+00,+4.00E+00,-66.76E+00,+7.61E+00,+0.687E+00
2,03/2/2026,18:42:06.628,-0.047E+00,-0.047E+00,+0.000E+00,-0.188E+00,+3.94E+00,-67.56E+00,+7.72E+00,+0.633E+00
2,03/2/2026,18:42:06.628,-0.047E+00,-0.047E+00,+0.000E+00,-0.188E+00,+3.86E+00,-68.35E+00,+7.84E+00,+0.580E+00
2,03/2/2026,18:42:06.628,-0.047E+00,-0.047E+00,-0.047E+00,-0.188E+00,+3.80E+00,-69.11E+00,+7.97E+00,+0.526E+00
2,03/2/2026,18:42:06.628,-0.047E+00,-0.047E+00,-0.047E+00,-0.188E+00,+3.74E+00,-69.86E+00,+8.09E+00,+0.465E+00
2,03/2/2026,18:42:06.628,-0.047E+00,-0.047E+00,+0.000E+00,-0.188E+00,+3.66E+00,-70.59E+00,+8.19E+00,+0.412E+00
2,03/2/2026,18:42:06.628,-0.047E+00,-0.047E+00,+0.000E+00,-0.188E+00,+3.59E+00,-71.30E+00,+8.30E+00,+0.359E+00
2,03/2/2026,18:42:06.628,-0.047E+00,-0.047E+00,-0.047E+00,-0.188E+00,+3.53E+00,-71.98E+00,+8.41E+00,+0.305E+00
2,03/2/2026,18:42:06.628,+0.000E+00,-0.047E+00,-0.047E+00,-0.188E+00,+3.45E+00,-72.65E+00,+8.52E+00,+0.252E+00
2,03/2/2026,18:42:06.628,+0.000E+00,-0.047E+00,-0.047E+00,-0.188E+00,+3.37E+00,-73.29E+00,+8.62E+00,+0.191E+00
2,03/2/2026,18:42:06.628,-0.047E+00,-0.047E+00,-0.047E+00,-0.188E+00,+3.31E+00,-73.91E+00,+8.71E+00,+0.137E+00
2,03/2/2026,18:42:06.628,-0.047E+00,+0.000E+00,-0.047E+00,-0.188E+00,+3.24E+00,-74.52E+00,+8.81E+00,+0.076E+00
2,03/2/2026,18:42:06.628,-0.047E+00,-0.047E+00,-0.047E+00,-0.188E+00,+3.16E+00,-75.10E+00,+8.91E+00,+0.023E+00
2,03/2/2026,18:42:06.628,+0.000E+00,-0.047E+00,-0.047E+00,-0.188E+00,+3.08E+00,-75.63E+00,+9.00E+00,-0.038E+00
2,03/2/2026,18:42:06.629,-0.047E+00,-0.047E+00,-0.047E+00,-0.188E+00,+2.99E+00,-76.18E+00,+9.10E+00,-0.092E+00
2,03/2/2026,18:42:06.629,-0.047E+00,-0.047E+00,+0.000E+00,-0.188E+00,+2.91E+00,-76.68E+00,+9.19E+00,-0.145E+00
2,03/2/2026,18:42:06.629,-0.047E+00,-0.047E+00,+0.000E+00,-0.188E+00,+2.84E+00,-77.16E+00,+9.28E+00,-0.198E+00
2,03/2/2026,18:42:06.629,-0.047E+00,-0.047E+00,-0.047E+00,-0.188E+00,+2.76E+00,-77.61E+00,+9.37E+00,-0.259E+00
2,03/2/2026,18:42:06.629,-0.047E+00,-0.047E+00,-0.047E+00,-0.188E+00,+2.69E+00,-78.06E+00,+9.46E+00,-0.313E+00
2,03/2/2026,18:42:06.629,-0.047E+00,-0.047E+00,+0.000E+00,-0.188E+00,+2.61E+00,-78.47E+00,+9.54E+00,-0.366E+00
2,03/2/2026,18:42:06.629,-0.047E+00,-0.047E+00,+0.000E+00,-0.188E+00,+2.53E+00,-78.86E+00,+9.63E+00,-0.420E+00
2,03/2/2026,18:42:06.629,-0.047E+00,-0.047E+00,-0.047E+00,-0.188E+00,+2.46E+00,-79.23E+00,+9.71E+00,-0.473E+00
2,03/2/2026,18:42:06.629,-0.047E+00,-0.047E+00,+0.000E+00,-0.188E+00,+2.37E+00,-79.58E+00,+9.78E+00,-0.534E+00
2,03/2/2026,18:42:06.629,-0.047E+00,-0.047E+00,+0.000E+00,-0.188E+00,+2.27E+00,-79.90E+00,+9.86E+00,-0.588E+00
2,03/2/2026,18:42:06.629,-0.047E+00,-0.047E+00,-0.047E+00,-0.188E+00,+2.20E+00,-80.21E+00,+9.93E+00,-0.649E+00
2,03/2/2026,18:42:06.629,-0.047E+00,-0.047E+00,+0.000E+00,-0.188E+00,+2.11E+00,-80.48E+00,+10.01E+00,-0.702E+00
2,03/2/2026,18:42:06.629,-0.047E+00,-0.047E+00,-0.047E+00,-0.188E+00,+2.03E+00,-80.76E+00,+10.07E+00,-0.763E+00
2,03/2/2026,18:42:06.629,-0.047E+00,-0.047E+00,-0.047E+00,-0.188E+00,+1.94E+00,-81.00E+00,+10.15E+00,-0.816E+00
2,03/2/2026,18:42:06.629,-0.047E+00,-0.047E+00,-0.047E+00,-0.188E+00,+1.85E+00,-81.23E+00,+10.21E+00,-0.870E+00
2,03/2/2026,18:42:06.629,+0.000E+00,-0.047E+00,-0.047E+00,-0.188E+00,+1.77E+00,-81.43E+00,+10.25E+00,-0.931E+00
2,03/2/2026,18:42:06.629,-0.047E+00,-0.047E+00,+0.000E+00,-0.188E+00,+1.68E+00,-81.61E+00,+10.33E+00,-0.984E+00
2,03/2/2026,18:42:06.629,-0.047E+00,-0.047E+00,+0.000E+00,-0.188E+00,+1.60E+00,-81.78E+00,+10.38E+00,-1.038E+00
2,03/2/2026,18:42:06.629,-0.047E+00,-0.047E+00,+0.000E+00,-0.188E+00,+1.51E+00,-81.92E+00,+10.42E+00,-1.091E+00
2,03/2/2026,18:42:06.629,-0.047E+00,-0.047E+00,-0.047E+00,-0.188E+00,+1.42E+00,-82.05E+00,+10.48E+00,-1.137E+00
2,03/2/2026,18:42:06.630,-0.047E+00,-0.047E+00,-0.047E+00,-0.188E+00,+1.34E+00,-82.16E+00,+10.53E+00,-1.190E+00
2,03/2/2026,18:42:06.630,-0.047E+00,-0.047E+00,-0.047E+00,-0.188E+00,+1.25E+00,-82.24E+00,+10.58E+00,-1.244E+00
2,03/2/2026,18:42:06.630,-0.047E+00,-0.047E+00,+0.000E+00,-0.188E+00,+1.18E+00,-82.30E+00,+10.62E+00,-1.297E+00
2,03/2/2026,18:42:06.630,-0.047E+00,-0.047E+00,+0.000E+00,-0.188E+00,+1.08E+00,-82.34E+00,+10.65E+00,-1.351E+00
2,03/2/2026,18:42:06.630,-0.047E+00,-0.047E+00,+0.000E+00,-0.188E+00,+0.99E+00,-82.37E+00,+10.70E+00,-1.404E+00
2,03/2/2026,18:42:06.630,-0.047E+00,-0.047E+00,+0.000E+00,-0.188E+00,+0.92E+00,-82.39E+00,+10.74E+00,-1.450E+00
2,03/2/2026,18:42:06.630,-0.047E+00,-0.047E+00,+0.000E+00,-0.188E+00,+0.82E+00,-82.37E+00,+10.77E+00,-1.503E+00
2,03/2/2026,18:42:06.630,-0.047E+00,-0.047E+00,+0.000E+00,-0.188E+00,+0.73E+00,-82.34E+00,+10.82E+00,-1.549E+00
2,03/2/2026,18:42:06.630,-0.047E+00,+0.000E+00,-0.047E+00,-0.188E+00,+0.66E+00,-82.28E+00,+10.85E+00,-1.602E+00
2,03/2/2026,18:42:06.630,-0.047E+00,-0.047E+00,-0.047E+00,-0.188E+00,+0.56E+00,-82.21E+00,+10.88E+00,-1.648E+00
2,03/2/2026,18:42:06.630,-0.047E+00,-0.047E+00,+0.000E+00,-0.188E+00,+0.49E+00,-82.13E+00,+10.91E+00,-1.694E+00
2,03/2/2026,18:42:06.630,-0.047E+00,-0.047E+00,+0.000E+00,-0.188E+00,+0.40E+00,-82.01E+00,+10.94E+00,-1.747E+00
2,03/2/2026,18:42:06.630,-0.047E+00,-0.047E+00,+0.000E+00,-0.188E+00,+0.31E+00,-81.89E+00,+10.97E+00,-1.793E+00
2,03/2/2026,18:42:06.630,-0.047E+00,-0.047E+00,+0.000E+00,-0.188E+00,+0.23E+00,-81.73E+00,+11.00E+00,-1.839E+00
2,03/2/2026,18:42:06.630,-0.047E+00,-0.047E+00,+0.000E+00,-0.188E+00,+0.14E+00,-81.57E+00,+11.02E+00,-1.892E+00
2,03/2/2026,18:42:06.630,-0.047E+00,-0.047E+00,-0.047E+00,-0.188E+00,+0.05E+00,-81.37E+00,+11.05E+00,-1.938E+00
2,03/2/2026,18:42:06.630,-0.047E+00,-0.047E+00,-0.047E+00,-0.188E+00,-0.03E+00,-81.17E+00,+11.06E+00,-1.984E+00
2,03/2/2026,18:42:06.630,-0.047E+00,-0.047E+00,-0.047E+00,-0.188E+00,-0.12E+00,-80.94E+00,+11.08E+00,-2.037E+00
2,03/2/2026,18:42:06.630,+0.000E+00,-0.047E+00,+0.000E+00,-0.188E+00,-0.21E+00,-80.70E+00,+11.09E+00,-2.083E+00
2,03/2/2026,18:42:06.630,-0.047E+00,-0.047E+00,-0.047E+00,-0.188E+00,-0.31E+00,-80.42E+00,+11.12E+00,-2.129E+00
2,03/2/2026,18:42:06.631,-0.047E+00,-0.094E+00,-0.047E+00,-0.188E+00,-0.40E+00,-80.13E+00,+11.14E+00,-2.175E+00
2,03/2/2026,18:42:06.631,+0.000E+00,-0.047E+00,+0.000E+00,-0.188E+00,-0.49E+00,-79.83E+00,+11.16E+00,-2.228E+00
2,03/2/2026,18:42:06.631,-0.047E+00,-0.047E+00,+0.000E+00,-0.188E+00,-0.58E+00,-79.49E+00,+11.17E+00,-2.274E+00
2,03/2/2026,18:42:06.631,-0.047E+00,-0.047E+00,+0.000E+00,-0.188E+00,-0.67E+00,-79.14E+00,+11.17E+00,-2.320E+00
2,03/2/2026,18:42:06.631,-0.047E+00,-0.047E+00,+0.000E+00,-0.188E+00,-0.76E+00,-78.77E+00,+11.19E+00,-2.365E+00
2,03/2/2026,18:42:06.631,-0.047E+00,-0.047E+00,-0.047E+00,-0.188E+00,-0.85E+00,-78.39E+00,+11.20E+00,-2.411E+00
2,03/2/2026,18:42:06.631,-0.047E+00,+0.000E+00,+0.000E+00,-0.188E+00,-0.95E+00,-77.99E+00,+11.20E+00,-2.465E+00
2,03/2/2026,18:42:06.631,-0.047E+00,-0.047E+00,-0.047E+00,-0.188E+00,-1.05E+00,-77.57E+00,+11.20E+00,-2.510E+00
2,03/2/2026,18:42:06.631,-0.047E+00,-0.047E+00,-0.047E+00,-0.188E+00,-1.14E+00,-77.12E+00,+11.22E+00,-2.556E+00
2,03/2/2026,18:42:06.631,-0.047E+00,-0.047E+00,-0.047E+00,-0.188E+00,-1.24E+00,-76.67E+00,+11.22E+00,-2.594E+00
2,03/2/2026,18:42:06.631,+0.000E+00,-0.047E+00,-0.047E+00,-0.188E+00,-1.31E+00,-76.19E+00,+11.22E+00,-2.632E+00
2,03/2/2026,18:42:06.631,-0.047E+00,-0.047E+00,-0.047E+00,-0.188E+00,-1.40E+00,-75.68E+00,+11.22E+00,-2.678E+00
2,03/2/2026,18:42:06.631,-0.047E+00,-0.047E+00,+0.000E+00,-0.188E+00,-1.48E+00,-75.16E+00,+11.22E+00,-2.716E+00
2,03/2/2026,18:42:06.631,-0.047E+00,-0.047E+00,+0.000E+00,-0.188E+00,-1.57E+00,-74.62E+00,+11.20E+00,-2.754E+00
2,03/2/2026,18:42:06.631,-0.047E+00,-0.047E+00,+0.000E+00,-0.188E+00,-1.65E+00,-74.07E+00,+11.19E+00,-2.793E+00
2,03/2/2026,18:42:06.631,-0.047E+00,-0.047E+00,-0.047E+00,-0.188E+00,-1.72E+00,-73.49E+00,+11.16E+00,-2.831E+00
2,03/2/2026,18:42:06.631,-0.047E+00,-0.047E+00,-0.047E+00,-0.188E+00,-1.80E+00,-72.90E+00,+11.12E+00,-2.861E+00
2,03/2/2026,18:42:06.631,-0.047E+00,-0.047E+00,+0.000E+00,-0.188E+00,-1.88E+00,-72.29E+00,+11.09E+00,-2.899E+00
2,03/2/2026,18:42:06.631,-0.047E+00,-0.047E+00,+0.000E+00,-0.188E+00,-1.94E+00,-71.66E+00,+11.03E+00,-2.930E+00
2,03/2/2026,18:42:06.631,+0.000E+00,-0.047E+00,+0.000E+00,-0.188E+00,-2.01E+00,-71.02E+00,+10.97E+00,-2.960E+00
2,03/2/2026,18:42:06.632,-0.047E+00,-0.047E+00,-0.047E+00,-0.188E+00,-2.09E+00,-70.36E+00,+10.91E+00,-2.991E+00
2,03/2/2026,18:42:06.632,-0.047E+00,-0.047E+00,-0.047E+00,-0.188E+00,-2.17E+00,-69.69E+00,+10.83E+00,-3.022E+00
2,03/2/2026,18:42:06.632,-0.047E+00,-0.047E+00,+0.000E+00,-0.188E+00,-2.24E+00,-69.01E+00,+10.76E+00,-3.044E+00
2,03/2/2026,18:42:06.632,-0.047E+00,-0.047E+00,+0.000E+00,-0.188E+00,-2.30E+00,-68.30E+00,+10.68E+00,-3.075E+00
2,03/2/2026,18:42:06.632,-0.047E+00,-0.047E+00,+0.000E+00,-0.188E+00,-2.38E+00,-67.59E+00,+10.61E+00,-3.098E+00
2,03/2/2026,18:42:06.632,-0.047E+00,-0.047E+00,+0.000E+00,-0.188E+00,-2.44E+00,-66.85E+00,+10.53E+00,-3.128E+00
2,03/2/2026,18:42:06.632,-0.047E+00,-0.047E+00,+0.000E+00,-0.188E+00,-2.52E+00,-66.11E+00,+10.47E+00,-3.144E+00
2,03/2/2026,18:42:06.632,-0.047E+00,-0.047E+00,-0.047E+00,-0.188E+00,-2.58E+00,-65.34E+00,+10.39E+00,-3.166E+00
2,03/2/2026,18:42:06.632,-0.047E+00,-0.047E+00,+0.000E+00,-0.188E+00,-2.64E+00,-64.55E+00,+10.32E+00,-3.189E+00
2,03/2/2026,18:42:06.632,+0.000E+00,-0.047E+00,-0.047E+00,-0.188E+00,-2.70E+00,-63.74E+00,+10.22E+00,-3.205E+00
2,03/2/2026,18:42:06.632,-0.047E+00,-0.047E+00,-0.047E+00,-0.188E+00,-2.76E+00,-62.92E+00,+10.15E+00,-3.228E+00
2,03/2/2026,18:42:06.632,-0.047E+00,-0.047E+00,-0.047E+00,-0.188E+00,-2.81E+00,-62.08E+00,+10.06E+00,-3.243E+00
2,03/2/2026,18:42:06.632,-0.047E+00,-0.047E+00,-0.047E+00,-0.188E+00,-2.87E+00,-61.22E+00,+9.96E+00,-3.258E+00
2,03/2/2026,18:42:06.632,-0.047E+00,-0.047E+00,-0.047E+00,-0.188E+00,-2.93E+00,-60.35E+00,+9.87E+00,-3.273E+00
2,03/2/2026,18:42:06.632,-0.047E+00,-0.047E+00,-0.047E+00,-0.188E+00,-2.98E+00,-59.47E+00,+9.77E+00,-3.281E+00
2,03/2/2026,18:42:06.632,-0.047E+00,-0.047E+00,+0.000E+00,-0.188E+00,-3.04E+00,-58.57E+00,+9.66E+00,-3.296E+00
2,03/2/2026,18:42:06.632,-0.047E+00,-0.047E+00,+0.000E+00,-0.235E+00,-3.08E+00,-57.64E+00,+9.55E+00,-3.311E+00
2,03/2/2026,18:42:06.632,-0.047E+00,-0.047E+00,+0.000E+00,-0.188E+00,-3.14E+00,-56.71E+00,+9.45E+00,-3.327E+00
2,03/2/2026,18:42:06.632,-0.047E+00,-0.047E+00,-0.047E+00,-0.188E+00,-3.22E+00,-55.76E+00,+9.34E+00,-3.342E+00
2,03/2/2026,18:42:06.632,+0.000E+00,-0.047E+00,-0.047E+00,-0.188E+00,-3.27E+00,-54.80E+00,+9.23E+00,-3.350E+00
2,03/2/2026,18:42:06.633,-0.047E+00,-0.047E+00,-0.047E+00,-0.188E+00,-3.33E+00,-53.81E+00,+9.11E+00,-3.365E+00
2,03/2/2026,18:42:06.633,-0.047E+00,-0.047E+00,-0.047E+00,-0.188E+00,-3.39E+00,-52.82E+00,+9.00E+00,-3.380E+00
2,03/2/2026,18:42:06.633,-0.047E+00,-0.047E+00,-0.047E+00,-0.188E+00,-3.45E+00,-51.81E+00,+8.90E+00,-3.395E+00
2,03/2/2026,18:42:06.633,-0.047E+00,-0.047E+00,+0.000E+00,-0.188E+00,-3.51E+00,-50.80E+00,+8.77E+00,-3.403E+00
2,03/2/2026,18:42:06.633,-0.047E+00,-0.047E+00,+0.000E+00,-0.188E+00,-3.57E+00,-49.76E+00,+8.67E+00,-3.418E+00
2,03/2/2026,18:42:06.633,-0.047E+00,-0.047E+00,-0.047E+00,-0.188E+00,-3.63E+00,-48.73E+00,+8.55E+00,-3.426E+00
2,03/2/2026,18:42:06.633,-0.047E+00,-0.047E+00,-0.047E+00,-0.188E+00,-3.69E+00,-47.67E+00,+8.42E+00,-3.441E+00
2,03/2/2026,18:42:06.633,-0.047E+00,-0.047E+00,-0.047E+00,-0.188E+00,-3.74E+00,-46.60E+00,+8.30E+00,-3.449E+00
2,03/2/2026,18:42:06.633,-0.047E+00,-0.047E+00,-0.047E+00,-0.188E+00,-3.80E+00,-45.52E+00,+8.18E+00,-3.449E+00
2,03/2/2026,18:42:06.633,-0.047E+00,-0.047E+00,+0.000E+00,-0.188E+00,-3.86E+00,-44.42E+00,+8.06E+00,-3.464E+00
2,03/2/2026,18:42:06.633,-0.047E+00,-0.047E+00,+0.000E+00,-0.188E+00,-3.92E+00,-43.32E+00,+7.92E+00,-3.472E+00
2,03/2/2026,18:42:06.633,-0.047E+00,-0.047E+00,+0.000E+00,-0.188E+00,-3.97E+00,-42.19E+00,+7.80E+00,-3.472E+00
2,03/2/2026,18:42:06.633,-0.047E+00,-0.047E+00,+0.000E+00,-0.188E+00,-4.01E+00,-41.07E+00,+7.68E+00,-3.479E+00
2,03/2/2026,18:42:06.633,-0.047E+00,-0.047E+00,+0.000E+00,-0.188E+00,-4.07E+00,-39.92E+00,+7.54E+00,-3.487E+00
2,03/2/2026,18:42:06.633,-0.047E+00,-0.047E+00,-0.047E+00,-0.188E+00,-4.14E+00,-38.79E+00,+7.40E+00,-3.487E+00
2,03/2/2026,18:42:06.633,+0.000E+00,-0.047E+00,+0.000E+00,-0.188E+00,-4.18E+00,-37.63E+00,+7.26E+00,-3.495E+00
2,03/2/2026,18:42:06.633,+0.000E+00,-0.047E+00,+0.000E+00,-0.188E+00,-4.23E+00,-36.46E+00,+7.14E+00,-3.495E+00
2,03/2/2026,18:42:06.633,-0.047E+00,-0.047E+00,+0.000E+00,-0.188E+00,-4.29E+00,-35.28E+00,+7.00E+00,-3.502E+00
2,03/2/2026,18:42:06.633,-0.047E+00,-0.047E+00,+0.000E+00,-0.188E+00,-4.33E+00,-34.11E+00,+6.87E+00,-3.502E+00
2,03/2/2026,18:42:06.633,-0.047E+00,-0.047E+00,-0.047E+00,-0.188E+00,-4.39E+00,-32.90E+00,+6.73E+00,-3.502E+00
2,03/2/2026,18:42:06.634,-0.047E+00,-0.047E+00,-0.047E+00,-0.188E+00,-4.44E+00,-31.71E+00,+6.58E+00,-3.502E+00
2,03/2/2026,18:42:06.634,-0.047E+00,-0.047E+00,+0.000E+00,-0.188E+00,-4.49E+00,-30.49E+00,+6.44E+00,-3.502E+00
2,03/2/2026,18:42:06.634,-0.047E+00,-0.047E+00,-0.047E+00,-0.188E+00,-4.55E+00,-29.27E+00,+6.30E+00,-3.502E+00
2,03/2/2026,18:42:06.634,+0.000E+00,-0.047E+00,-0.047E+00,-0.188E+00,-4.61E+00,-28.03E+00,+6.15E+00,-3.502E+00
2,03/2/2026,18:42:06.634,-0.047E+00,-0.047E+00,+0.000E+00,-0.188E+00,-4.65E+00,-26.80E+00,+6.00E+00,-3.502E+00
2,03/2/2026,18:42:06.634,-0.047E+00,-0.047E+00,+0.000E+00,-0.188E+00,-4.70E+00,-25.55E+00,+5.86E+00,-3.502E+00
2,03/2/2026,18:42:06.634,+0.000E+00,-0.047E+00,-0.047E+00,-0.188E+00,-4.75E+00,-24.29E+00,+5.71E+00,-3.502E+00
2,03/2/2026,18:42:06.634,-0.047E+00,-0.047E+00,-0.047E+00,-0.188E+00,-4.81E+00,-23.03E+00,+5.55E+00,-3.502E+00
2,03/2/2026,18:42:06.634,-0.047E+00,-0.047E+00,-0.047E+00,-0.188E+00,-4.85E+00,-21.76E+00,+5.39E+00,-3.495E+00
2,03/2/2026,18:42:06.634,+0.000E+00,-0.047E+00,+0.000E+00,-0.188E+00,-4.91E+00,-20.48E+00,+5.23E+00,-3.495E+00
2,03/2/2026,18:42:06.634,-0.047E+00,-0.047E+00,+0.000E+00,-0.188E+00,-4.96E+00,-19.20E+00,+5.08E+00,-3.495E+00
2,03/2/2026,18:42:06.634,-0.047E+00,-0.047E+00,+0.000E+00,-0.188E+00,-5.01E+00,-17.90E+00,+4.91E+00,-3.495E+00
2,03/2/2026,18:42:06.634,-0.047E+00,-0.047E+00,+0.000E+00,-0.188E+00,-5.07E+00,-16.60E+00,+4.76E+00,-3.487E+00
2,03/2/2026,18:42:06.634,-0.047E+00,-0.047E+00,+0.000E+00,-0.188E+00,-5.11E+00,-15.31E+00,+4.61E+00,-3.479E+00
2,03/2/2026,18:42:06.634,-0.047E+00,-0.047E+00,+0.000E+00,-0.188E+00,-5.16E+00,-13.99E+00,+4.44E+00,-3.479E+00
2,03/2/2026,18:42:06.634,+0.000E+00,-0.047E+00,+0.000E+00,-0.188E+00,-5.22E+00,-12.68E+00,+4.29E+00,-3.472E+00
2,03/2/2026,18:42:06.634,-0.047E+00,-0.047E+00,-0.047E+00,-0.188E+00,-5.26E+00,-11.37E+00,+4.12E+00,-3.464E+00
2,03/2/2026,18:42:06.634,-0.047E+00,-0.047E+00,-0.047E+00,-0.188E+00,-5.30E+00,-10.06E+00,+3.97E+00,-3.456E+00
2,03/2/2026,18:42:06.634,-0.047E+00,-0.047E+00,+0.000E+00,-0.188E+00,-5.34E+00,-8.73E+00,+3.80E+00,-3.449E+00
2,03/2/2026,18:42:06.634,-0.047E+00,-0.047E+00,+0.000E+00,-0.188E+00,-5.39E+00,-7.42E+00,+3.63E+00,-3.434E+00
2,03/2/2026,18:42:06.635,-0.047E+00,-0.047E+00,-0.047E+00,-0.188E+00,-5.42E+00,-6.09E+00,+3.48E+00,-3.418E+00
2,03/2/2026,18:42:06.635,+0.000E+00,-0.047E+00,-0.047E+00,-0.188E+00,-5.43E+00,-4.78E+00,+3.31E+00,-3.403E+00
2,03/2/2026,18:42:06.635,+0.000E+00,-0.047E+00,-0.047E+00,-0.188E+00,-5.46E+00,-3.46E+00,+3.14E+00,-3.388E+00
2,03/2/2026,18:42:06.635,-0.047E+00,-0.047E+00,+0.000E+00,-0.188E+00,-5.48E+00,-2.15E+00,+2.98E+00,-3.365E+00
2,03/2/2026,18:42:06.635,-0.047E+00,-0.047E+00,+0.000E+00,-0.188E+00,-5.51E+00,-0.84E+00,+2.79E+00,-3.350E+00
2,03/2/2026,18:42:06.635,+0.000E+00,+0.000E+00,+0.000E+00,-0.188E+00,-5.52E+00,+0.46E+00,+2.62E+00,-3.327E+00
2,03/2/2026,18:42:06.635,-0.047E+00,-0.047E+00,+0.000E+00,-0.188E+00,-5.54E+00,+1.77E+00,+2.46E+00,-3.296E+00
2,03/2/2026,18:42:06.635,-0.047E+00,-0.047E+00,-0.047E+00,-0.188E+00,-5.55E+00,+3.08E+00,+2.29E+00,-3.273E+00
2,03/2/2026,18:42:06.635,+0.000E+00,-0.047E+00,-0.047E+00,-0.188E+00,-5.55E+00,+4.38E+00,+2.12E+00,-3.250E+00
2,03/2/2026,18:42:06.635,-0.047E+00,-0.047E+00,+0.000E+00,-0.188E+00,-5.55E+00,+5.66E+00,+1.95E+00,-3.220E+00
2,03/2/2026,18:42:06.635,-0.047E+00,-0.047E+00,-0.047E+00,-0.188E+00,-5.57E+00,+6.96E+00,+1.77E+00,-3.189E+00
2,03/2/2026,18:42:06.635,-0.047E+00,-0.047E+00,-0.047E+00,-0.188E+00,-5.57E+00,+8.24E+00,+1.60E+00,-3.159E+00
2,03/2/2026,18:42:06.635,-0.047E+00,-0.047E+00,+0.000E+00,-0.188E+00,-5.55E+00,+9.52E+00,+1.43E+00,-3.128E+00
2,03/2/2026,18:42:06.635,+0.000E+00,-0.047E+00,+0.000E+00,-0.188E+00,-5.55E+00,+10.80E+00,+1.27E+00,-3.090E+00
2,03/2/2026,18:42:06.635,-0.047E+00,-0.047E+00,-0.047E+00,-0.188E+00,-5.54E+00,+12.07E+00,+1.08E+00,-3.060E+00
2,03/2/2026,18:42:06.635,-0.047E+00,-0.047E+00,+0.000E+00,-0.188E+00,-5.54E+00,+13.34E+00,+0.92E+00,-3.029E+00
2,03/2/2026,18:42:06.635,+0.000E+00,-0.047E+00,+0.000E+00,-0.188E+00,-5.52E+00,+14.60E+00,+0.75E+00,-2.991E+00
2,03/2/2026,18:42:06.635,+0.000E+00,-0.047E+00,+0.000E+00,-0.188E+00,-5.51E+00,+15.87E+00,+0.56E+00,-2.953E+00
2,03/2/2026,18:42:06.635,-0.047E+00,-0.047E+00,-0.047E+00,-0.188E+00,-5.49E+00,+17.12E+00,+0.40E+00,-2.915E+00
2,03/2/2026,18:42:06.635,-0.047E+00,-0.047E+00,-0.047E+00,-0.188E+00,-5.48E+00,+18.36E+00,+0.23E+00,-2.877E+00
2,03/2/2026,18:42:06.636,-0.047E+00,-0.047E+00,-0.047E+00,-0.188E+00,-5.45E+00,+19.59E+00,+0.05E+00,-2.838E+00
2,03/2/2026,18:42:06.636,-0.047E+00,-0.047E+00,+0.000E+00,-0.188E+00,-5.43E+00,+20.83E+00,-0.12E+00,-2.800E+00
2,03/2/2026,18:42:06.636,-0.047E+00,-0.047E+00,+0.000E+00,-0.188E+00,-5.42E+00,+22.05E+00,-0.29E+00,-2.754E+00
2,03/2/2026,18:42:06.636,-0.047E+00,-0.047E+00,+0.000E+00,-0.188E+00,-5.39E+00,+23.27E+00,-0.47E+00,-2.716E+00
2,03/2/2026,18:42:06.636,-0.047E+00,-0.047E+00,-0.047E+00,-0.188E+00,-5.36E+00,+24.49E+00,-0.64E+00,-2.678E+00
2,03/2/2026,18:42:06.636,-0.047E+00,-0.047E+00,-0.047E+00,-0.188E+00,-5.34E+00,+25.70E+00,-0.82E+00,-2.632E+00
2,03/2/2026,18:42:06.636,-0.047E+00,-0.047E+00,-0.047E+00,-0.188E+00,-5.31E+00,+26.90E+00,-0.99E+00,-2.594E+00
2,03/2/2026,18:42:06.636,-0.047E+00,-0.047E+00,-0.047E+00,-0.188E+00,-5.30E+00,+28.09E+00,-1.18E+00,-2.548E+00
2,03/2/2026,18:42:06.636,-0.047E+00,-0.047E+00,+0.000E+00,-0.188E+00,-5.26E+00,+29.28E+00,-1.34E+00,-2.510E+00
2,03/2/2026,18:42:06.636,-0.047E+00,-0.047E+00,+0.000E+00,-0.188E+00,-5.23E+00,+30.46E+00,-1.51E+00,-2.465E+00
2,03/2/2026,18:42:06.636,-0.047E+00,-0.047E+00,-0.047E+00,-0.188E+00,-5.20E+00,+31.62E+00,-1.68E+00,-2.419E+00
2,03/2/2026,18:42:06.636,-0.047E+00,-0.047E+00,-0.047E+00,-0.188E+00,-5.17E+00,+32.78E+00,-1.86E+00,-2.381E+00
2,03/2/2026,18:42:06.636,-0.047E+00,-0.047E+00,+0.000E+00,-0.188E+00,-5.14E+00,+33.94E+00,-2.03E+00,-2.342E+00
2,03/2/2026,18:42:06.636,-0.047E+00,-0.047E+00,+0.000E+00,-0.188E+00,-5.13E+00,+35.08E+00,-2.20E+00,-2.297E+00
2,03/2/2026,18:42:06.636,-0.047E+00,-0.047E+00,+0.000E+00,-0.188E+00,-5.10E+00,+36.23E+00,-2.37E+00,-2.259E+00
2,03/2/2026,18:42:06.636,-0.047E+00,-0.047E+00,+0.000E+00,-0.188E+00,-5.07E+00,+37.36E+00,-2.53E+00,-2.213E+00
2,03/2/2026,18:42:06.636,-0.047E+00,-0.047E+00,-0.047E+00,-0.188E+00,-5.02E+00,+38.47E+00,-2.70E+00,-2.167E+00
2,03/2/2026,18:42:06.636,-0.047E+00,-0.047E+00,-0.047E+00,-0.188E+00,-4.99E+00,+39.58E+00,-2.85E+00,-2.121E+00
2,03/2/2026,18:42:06.636,-0.047E+00,-0.047E+00,-0.047E+00,-0.188E+00,-4.96E+00,+40.70E+00,-3.02E+00,-2.075E+00
2,03/2/2026,18:42:06.636,-0.047E+00,-0.047E+00,+0.000E+00,-0.188E+00,-4.91E+00,+41.80E+00,-3.19E+00,-2.037E+00
2,03/2/2026,18:42:06.637,-0.047E+00,-0.047E+00,+0.000E+00,-0.188E+00,-4.88E+00,+42.88E+00,-3.34E+00,-1.991E+00
2,03/2/2026,18:42:06.637,-0.047E+00,-0.047E+00,+0.000E+00,-0.188E+00,-4.84E+00,+43.96E+00,-3.49E+00,-1.946E+00
2,03/2/2026,18:42:06.637,-0.047E+00,+0.000E+00,+0.000E+00,-0.188E+00,-4.81E+00,+45.02E+00,-3.66E+00,-1.900E+00
2,03/2/2026,18:42:06.637,-0.047E+00,-0.047E+00,-0.047E+00,-0.188E+00,-4.78E+00,+46.09E+00,-3.82E+00,-1.854E+00
2,03/2/2026,18:42:06.637,-0.047E+00,-0.047E+00,+0.000E+00,-0.188E+00,-4.73E+00,+47.14E+00,-3.98E+00,-1.808E+00
2,03/2/2026,18:42:06.637,-0.047E+00,-0.047E+00,+0.000E+00,-0.188E+00,-4.68E+00,+48.18E+00,-4.14E+00,-1.763E+00
2,03/2/2026,18:42:06.637,-0.047E+00,-0.047E+00,+0.000E+00,-0.188E+00,-4.65E+00,+49.20E+00,-4.29E+00,-1.717E+00
2,03/2/2026,18:42:06.637,-0.047E+00,-0.047E+00,+0.000E+00,-0.188E+00,-4.61E+00,+50.22E+00,-4.46E+00,-1.663E+00
2,03/2/2026,18:42:06.637,-0.047E+00,-0.047E+00,-0.047E+00,-0.188E+00,-4.56E+00,+51.24E+00,-4.61E+00,-1.618E+00
2,03/2/2026,18:42:06.637,-0.047E+00,-0.047E+00,+0.000E+00,-0.188E+00,-4.52E+00,+52.25E+00,-4.76E+00,-1.572E+00
2,03/2/2026,18:42:06.637,-0.047E+00,-0.047E+00,+0.000E+00,-0.188E+00,-4.47E+00,+53.24E+00,-4.91E+00,-1.518E+00
2,03/2/2026,18:42:06.637,-0.047E+00,-0.047E+00,+0.000E+00,-0.188E+00,-4.43E+00,+54.23E+00,-5.07E+00,-1.473E+00
2,03/2/2026,18:42:06.637,-0.047E+00,-0.047E+00,+0.000E+00,-0.188E+00,-4.36E+00,+55.21E+00,-5.22E+00,-1.419E+00
2,03/2/2026,18:42:06.637,-0.047E+00,-0.047E+00,+0.000E+00,-0.188E+00,-4.32E+00,+56.19E+00,-5.37E+00,-1.373E+00
2,03/2/2026,18:42:06.637,-0.047E+00,-0.047E+00,+0.000E+00,-0.188E+00,-4.27E+00,+57.15E+00,-5.51E+00,-1.320E+00
2,03/2/2026,18:42:06.637,-0.047E+00,-0.047E+00,+0.000E+00,-0.141E+00,-4.21E+00,+58.10E+00,-5.66E+00,-1.267E+00
2,03/2/2026,18:42:06.637,-0.047E+00,-0.047E+00,+0.000E+00,-0.188E+00,-4.15E+00,+59.04E+00,-5.81E+00,-1.221E+00
2,03/2/2026,18:42:06.637,+0.000E+00,-0.047E+00,-0.047E+00,-0.188E+00,-4.10E+00,+59.97E+00,-5.97E+00,-1.160E+00
2,03/2/2026,18:42:06.637,-0.047E+00,+0.000E+00,-0.047E+00,-0.188E+00,-4.04E+00,+60.90E+00,-6.10E+00,-1.106E+00
2,03/2/2026,18:42:06.637,-0.047E+00,-0.047E+00,+0.000E+00,-0.188E+00,-3.98E+00,+61.82E+00,-6.27E+00,-1.061E+00
2,03/2/2026,18:42:06.638,-0.047E+00,-0.047E+00,+0.000E+00,-0.188E+00,-3.92E+00,+62.72E+00,-6.41E+00,-1.007E+00
2,03/2/2026,18:42:06.638,-0.047E+00,-0.047E+00,-0.047E+00,-0.188E+00,-3.88E+00,+63.62E+00,-6.56E+00,-0.954E+00
2,03/2/2026,18:42:06.638,-0.047E+00,-0.047E+00,-0.047E+00,-0.188E+00,-3.82E+00,+64.50E+00,-6.71E+00,-0.908E+00
2,03/2/2026,18:42:06.638,-0.047E+00,-0.047E+00,-0.047E+00,-0.188E+00,-3.75E+00,+65.36E+00,-6.85E+00,-0.855E+00
2,03/2/2026,18:42:06.638,-0.047E+00,-0.047E+00,+0.000E+00,-0.188E+00,-3.69E+00,+66.21E+00,-6.97E+00,-0.801E+00
2,03/2/2026,18:42:06.638,-0.047E+00,-0.047E+00,-0.047E+00,-0.188E+00,-3.65E+00,+67.07E+00,-7.11E+00,-0.748E+00
2,03/2/2026,18:42:06.638,-0.047E+00,-0.047E+00,-0.047E+00,-0.188E+00,-3.59E+00,+67.89E+00,-7.23E+00,-0.694E+00
2,03/2/2026,18:42:06.638,-0.047E+00,-0.047E+00,+0.000E+00,-0.188E+00,-3.53E+00,+68.70E+00,-7.36E+00,-0.641E+00
2,03/2/2026,18:42:06.638,-0.047E+00,-0.047E+00,+0.000E+00,-0.235E+00,-3.45E+00,+69.48E+00,-7.48E+00,-0.595E+00
2,03/2/2026,18:42:06.638,-0.047E+00,-0.047E+00,-0.047E+00,-0.188E+00,-3.39E+00,+70.24E+00,-7.58E+00,-0.542E+00
2,03/2/2026,18:42:06.638,-0.047E+00,-0.047E+00,+0.000E+00,-0.188E+00,-3.31E+00,+70.99E+00,-7.71E+00,-0.481E+00
2,03/2/2026,18:42:06.638,-0.047E+00,-0.047E+00,+0.000E+00,-0.188E+00,-3.25E+00,+71.71E+00,-7.81E+00,-0.427E+00
2,03/2/2026,18:42:06.638,+0.000E+00,-0.047E+00,-0.047E+00,-0.188E+00,-3.17E+00,+72.41E+00,-7.92E+00,-0.366E+00
2,03/2/2026,18:42:06.638,-0.047E+00,-0.047E+00,+0.000E+00,-0.188E+00,-3.11E+00,+73.10E+00,-8.03E+00,-0.313E+00
2,03/2/2026,18:42:06.638,-0.047E+00,-0.047E+00,+0.000E+00,-0.188E+00,-3.04E+00,+73.77E+00,-8.13E+00,-0.259E+00
2,03/2/2026,18:42:06.638,-0.047E+00,-0.047E+00,+0.000E+00,-0.188E+00,-2.96E+00,+74.41E+00,-8.24E+00,-0.206E+00
2,03/2/2026,18:42:06.638,-0.047E+00,-0.047E+00,+0.000E+00,-0.188E+00,-2.90E+00,+75.03E+00,-8.35E+00,-0.145E+00
2,03/2/2026,18:42:06.638,-0.047E+00,-0.047E+00,-0.047E+00,-0.188E+00,-2.81E+00,+75.64E+00,-8.44E+00,-0.092E+00
2,03/2/2026,18:42:06.638,-0.047E+00,-0.047E+00,-0.047E+00,-0.188E+00,-2.73E+00,+76.22E+00,-8.53E+00,-0.038E+00
2,03/2/2026,18:42:06.638,-0.047E+00,-0.047E+00,+0.000E+00,-0.188E+00,-2.67E+00,+76.77E+00,-8.62E+00,+0.023E+00
2,03/2/2026,18:42:06.639,-0.047E+00,-0.047E+00,+0.000E+00,-0.188E+00,-2.58E+00,+77.29E+00,-8.71E+00,+0.076E+00
2,03/2/2026,18:42:06.639,-0.047E+00,-0.047E+00,-0.047E+00,-0.188E+00,-2.50E+00,+77.80E+00,-8.81E+00,+0.130E+00
2,03/2/2026,18:42:06.639,-0.047E+00,-0.047E+00,+0.000E+00,-0.188E+00,-2.43E+00,+78.27E+00,-8.90E+00,+0.191E+00
2,03/2/2026,18:42:06.639,-0.047E+00,-0.047E+00,+0.000E+00,-0.188E+00,-2.37E+00,+78.73E+00,-8.99E+00,+0.244E+00
2,03/2/2026,18:42:06.639,-0.047E+00,-0.047E+00,-0.047E+00,-0.188E+00,-2.27E+00,+79.17E+00,-9.08E+00,+0.305E+00
2,03/2/2026,18:42:06.639,-0.047E+00,-0.047E+00,-0.047E+00,-0.188E+00,-2.20E+00,+79.58E+00,-9.17E+00,+0.359E+00
2,03/2/2026,18:42:06.639,-0.047E+00,-0.047E+00,-0.047E+00,-0.188E+00,-2.12E+00,+79.98E+00,-9.25E+00,+0.412E+00
2,03/2/2026,18:42:06.639,-0.047E+00,-0.047E+00,-0.047E+00,-0.188E+00,-2.03E+00,+80.34E+00,-9.32E+00,+0.465E+00
2,03/2/2026,18:42:06.639,-0.047E+00,-0.047E+00,+0.000E+00,-0.188E+00,-1.95E+00,+80.70E+00,-9.40E+00,+0.526E+00
2,03/2/2026,18:42:06.639,-0.047E+00,-0.047E+00,-0.047E+00,-0.188E+00,-1.88E+00,+81.03E+00,-9.49E+00,+0.580E+00
2,03/2/2026,18:42:06.639,-0.047E+00,-0.047E+00,-0.047E+00,-0.188E+00,-1.79E+00,+81.34E+00,-9.57E+00,+0.633E+00
2,03/2/2026,18:42:06.639,-0.047E+00,-0.047E+00,-0.047E+00,-0.188E+00,-1.71E+00,+81.61E+00,-9.63E+00,+0.694E+00
2,03/2/2026,18:42:06.639,-0.047E+00,-0.047E+00,-0.047E+00,-0.188E+00,-1.62E+00,+81.87E+00,-9.71E+00,+0.755E+00
2,03/2/2026,18:42:06.639,-0.047E+00,-0.047E+00,+0.000E+00,-0.188E+00,-1.53E+00,+82.13E+00,-9.77E+00,+0.809E+00
2,03/2/2026,18:42:06.639,-0.047E+00,-0.047E+00,+0.000E+00,-0.188E+00,-1.45E+00,+82.36E+00,-9.83E+00,+0.862E+00
2,03/2/2026,18:42:06.639,-0.047E+00,-0.047E+00,+0.000E+00,-0.188E+00,-1.36E+00,+82.57E+00,-9.89E+00,+0.916E+00
2,03/2/2026,18:42:06.639,-0.047E+00,-0.047E+00,-0.047E+00,-0.188E+00,-1.28E+00,+82.76E+00,-9.95E+00,+0.969E+00
2,03/2/2026,18:42:06.639,-0.047E+00,+0.000E+00,-0.047E+00,-0.188E+00,-1.19E+00,+82.91E+00,-10.01E+00,+1.022E+00
2,03/2/2026,18:42:06.639,-0.047E+00,-0.047E+00,-0.047E+00,-0.188E+00,-1.11E+00,+83.05E+00,-10.06E+00,+1.076E+00
2,03/2/2026,18:42:06.639,+0.000E+00,-0.047E+00,-0.047E+00,-0.188E+00,-1.02E+00,+83.18E+00,-10.12E+00,+1.129E+00
2,03/2/2026,18:42:06.640,+0.000E+00,-0.047E+00,-0.047E+00,-0.188E+00,-0.93E+00,+83.29E+00,-10.16E+00,+1.175E+00
2,03/2/2026,18:42:06.640,-0.047E+00,-0.047E+00,-0.047E+00,-0.188E+00,-0.85E+00,+83.37E+00,-10.21E+00,+1.228E+00
2,03/2/2026,18:42:06.640,-0.047E+00,-0.047E+00,-0.047E+00,-0.188E+00,-0.76E+00,+83.44E+00,-10.25E+00,+1.289E+00
2,03/2/2026,18:42:06.640,-0.047E+00,-0.047E+00,-0.047E+00,-0.188E+00,-0.69E+00,+83.49E+00,-10.29E+00,+1.335E+00
2,03/2/2026,18:42:06.640,-0.047E+00,-0.047E+00,+0.000E+00,-0.188E+00,-0.60E+00,+83.52E+00,-10.33E+00,+1.389E+00
2,03/2/2026,18:42:06.640,-0.047E+00,-0.047E+00,+0.000E+00,-0.235E+00,-0.50E+00,+83.52E+00,-10.38E+00,+1.434E+00
2,03/2/2026,18:42:06.640,+0.000E+00,-0.047E+00,+0.000E+00,-0.188E+00,-0.43E+00,+83.52E+00,-10.41E+00,+1.488E+00
2,03/2/2026,18:42:06.640,-0.047E+00,-0.047E+00,-0.047E+00,-0.188E+00,-0.34E+00,+83.49E+00,-10.44E+00,+1.541E+00
2,03/2/2026,18:42:06.640,-0.047E+00,-0.047E+00,-0.047E+00,-0.188E+00,-0.24E+00,+83.44E+00,-10.47E+00,+1.595E+00
2,03/2/2026,18:42:06.640,-0.047E+00,-0.047E+00,-0.047E+00,-0.235E+00,-0.17E+00,+83.37E+00,-10.51E+00,+1.640E+00
2,03/2/2026,18:42:06.640,-0.047E+00,-0.047E+00,+0.000E+00,-0.188E+00,-0.08E+00,+83.27E+00,-10.54E+00,+1.686E+00
2,03/2/2026,18:42:06.640,-0.047E+00,-0.047E+00,+0.000E+00,-0.188E+00,+0.00E+00,+83.17E+00,-10.58E+00,+1.732E+00
2,03/2/2026,18:42:06.640,-0.047E+00,+0.000E+00,-0.047E+00,-0.188E+00,+0.08E+00,+83.05E+00,-10.61E+00,+1.785E+00
2,03/2/2026,18:42:06.640,-0.047E+00,-0.047E+00,-0.047E+00,-0.188E+00,+0.17E+00,+82.89E+00,-10.62E+00,+1.831E+00
2,03/2/2026,18:42:06.640,-0.047E+00,-0.047E+00,-0.047E+00,-0.188E+00,+0.26E+00,+82.73E+00,-10.65E+00,+1.877E+00
2,03/2/2026,18:42:06.640,-0.047E+00,-0.047E+00,-0.047E+00,-0.188E+00,+0.34E+00,+82.53E+00,-10.68E+00,+1.923E+00
2,03/2/2026,18:42:06.640,-0.047E+00,-0.047E+00,-0.047E+00,-0.188E+00,+0.43E+00,+82.33E+00,-10.70E+00,+1.976E+00
2,03/2/2026,18:42:06.640,-0.047E+00,-0.047E+00,+0.000E+00,-0.188E+00,+0.52E+00,+82.10E+00,-10.71E+00,+2.022E+00
2,03/2/2026,18:42:06.640,-0.047E+00,-0.047E+00,-0.047E+00,-0.188E+00,+0.61E+00,+81.86E+00,-10.73E+00,+2.068E+00
2,03/2/2026,18:42:06.640,-0.047E+00,-0.047E+00,-0.047E+00,-0.188E+00,+0.70E+00,+81.58E+00,-10.76E+00,+2.114E+00
2,03/2/2026,18:42:06.641,-0.047E+00,-0.047E+00,-0.047E+00,-0.188E+00,+0.79E+00,+81.31E+00,-10.76E+00,+2.167E+00
2,03/2/2026,18:42:06.641,-0.047E+00,-0.047E+00,-0.047E+00,-0.188E+00,+0.89E+00,+81.00E+00,-10.79E+00,+2.213E+00
2,03/2/2026,18:42:06.641,-0.047E+00,-0.047E+00,-0.047E+00,-0.188E+00,+0.98E+00,+80.68E+00,-10.80E+00,+2.259E+00
2,03/2/2026,18:42:06.641,-0.047E+00,-0.047E+00,+0.000E+00,-0.188E+00,+1.07E+00,+80.33E+00,-10.80E+00,+2.312E+00
2,03/2/2026,18:42:06.641,-0.047E+00,-0.047E+00,+0.000E+00,-0.188E+00,+1.16E+00,+79.96E+00,-10.82E+00,+2.358E+00
2,03/2/2026,18:42:06.641,-0.047E+00,-0.047E+00,-0.047E+00,-0.188E+00,+1.25E+00,+79.58E+00,-10.83E+00,+2.403E+00
2,03/2/2026,18:42:06.641,-0.047E+00,-0.047E+00,+0.000E+00,-0.188E+00,+1.34E+00,+79.17E+00,-10.83E+00,+2.449E+00
2,03/2/2026,18:42:06.641,-0.047E+00,-0.047E+00,+0.000E+00,-0.188E+00,+1.43E+00,+78.76E+00,-10.85E+00,+2.495E+00
2,03/2/2026,18:42:06.641,-0.047E+00,-0.047E+00,+0.000E+00,-0.188E+00,+1.53E+00,+78.32E+00,-10.85E+00,+2.541E+00
2,03/2/2026,18:42:06.641,-0.047E+00,-0.047E+00,-0.047E+00,-0.188E+00,+1.62E+00,+77.86E+00,-10.85E+00,+2.587E+00
2,03/2/2026,18:42:06.641,-0.047E+00,-0.047E+00,-0.047E+00,-0.188E+00,+1.71E+00,+77.38E+00,-10.85E+00,+2.625E+00
2,03/2/2026,18:42:06.641,-0.047E+00,-0.047E+00,+0.000E+00,-0.188E+00,+1.79E+00,+76.88E+00,-10.87E+00,+2.663E+00
2,03/2/2026,18:42:06.641,-0.047E+00,-0.047E+00,-0.047E+00,-0.188E+00,+1.88E+00,+76.38E+00,-10.85E+00,+2.709E+00
2,03/2/2026,18:42:06.641,-0.047E+00,-0.047E+00,+0.000E+00,-0.188E+00,+1.95E+00,+75.83E+00,-10.83E+00,+2.747E+00
2,03/2/2026,18:42:06.641,-0.047E+00,-0.047E+00,+0.000E+00,-0.188E+00,+2.03E+00,+75.28E+00,-10.82E+00,+2.785E+00
2,03/2/2026,18:42:06.641,-0.047E+00,-0.047E+00,-0.047E+00,-0.188E+00,+2.11E+00,+74.70E+00,-10.80E+00,+2.816E+00
2,03/2/2026,18:42:06.641,-0.047E+00,-0.047E+00,-0.047E+00,-0.188E+00,+2.20E+00,+74.12E+00,-10.76E+00,+2.854E+00
2,03/2/2026,18:42:06.641,-0.047E+00,-0.047E+00,-0.047E+00,-0.188E+00,+2.27E+00,+73.51E+00,-10.73E+00,+2.884E+00
2,03/2/2026,18:42:06.641,-0.047E+00,+0.000E+00,-0.047E+00,-0.188E+00,+2.33E+00,+72.88E+00,-10.68E+00,+2.915E+00
2,03/2/2026,18:42:06.641,-0.047E+00,-0.047E+00,-0.047E+00,-0.188E+00,+2.41E+00,+72.24E+00,-10.62E+00,+2.945E+00
2,03/2/2026,18:42:06.642,-0.047E+00,-0.047E+00,+0.000E+00,-0.188E+00,+2.49E+00,+71.59E+00,-10.54E+00,+2.976E+00
2,03/2/2026,18:42:06.642,-0.047E+00,-0.047E+00,+0.000E+00,-0.188E+00,+2.55E+00,+70.91E+00,-10.48E+00,+3.006E+00
2,03/2/2026,18:42:06.642,-0.047E+00,-0.047E+00,-0.047E+00,-0.188E+00,+2.62E+00,+70.23E+00,-10.39E+00,+3.029E+00
2,03/2/2026,18:42:06.642,-0.047E+00,-0.047E+00,-0.047E+00,-0.188E+00,+2.70E+00,+69.54E+00,-10.33E+00,+3.060E+00
2,03/2/2026,18:42:06.642,-0.047E+00,-0.047E+00,+0.000E+00,-0.188E+00,+2.76E+00,+68.82E+00,-10.25E+00,+3.090E+00
2,03/2/2026,18:42:06.642,-0.047E+00,-0.047E+00,+0.000E+00,-0.188E+00,+2.84E+00,+68.09E+00,-10.18E+00,+3.113E+00
2,03/2/2026,18:42:06.642,-0.047E+00,-0.047E+00,-0.047E+00,-0.188E+00,+2.90E+00,+67.33E+00,-10.10E+00,+3.136E+00
2,03/2/2026,18:42:06.642,-0.047E+00,-0.047E+00,+0.000E+00,-0.188E+00,+2.96E+00,+66.56E+00,-10.03E+00,+3.151E+00
2,03/2/2026,18:42:06.642,+0.000E+00,-0.047E+00,+0.000E+00,-0.188E+00,+3.04E+00,+65.79E+00,-9.96E+00,+3.174E+00
2,03/2/2026,18:42:06.642,+0.000E+00,-0.047E+00,+0.000E+00,-0.188E+00,+3.10E+00,+64.98E+00,-9.87E+00,+3.197E+00
2,03/2/2026,18:42:06.642,-0.047E+00,-0.047E+00,-0.047E+00,-0.188E+00,+3.14E+00,+64.15E+00,-9.80E+00,+3.212E+00
2,03/2/2026,18:42:06.642,-0.047E+00,-0.047E+00,-0.047E+00,-0.188E+00,+3.19E+00,+63.31E+00,-9.72E+00,+3.228E+00
2,03/2/2026,18:42:06.642,+0.000E+00,-0.047E+00,-0.047E+00,-0.188E+00,+3.25E+00,+62.46E+00,-9.63E+00,+3.243E+00
2,03/2/2026,18:42:06.642,-0.047E+00,-0.047E+00,+0.000E+00,-0.188E+00,+3.31E+00,+61.59E+00,-9.52E+00,+3.258E+00
2,03/2/2026,18:42:06.642,-0.047E+00,-0.047E+00,+0.000E+00,-0.188E+00,+3.36E+00,+60.71E+00,-9.43E+00,+3.273E+00
2,03/2/2026,18:42:06.642,-0.047E+00,-0.047E+00,+0.000E+00,-0.188E+00,+3.42E+00,+59.80E+00,-9.31E+00,+3.289E+00
2,03/2/2026,18:42:06.642,-0.047E+00,-0.047E+00,-0.047E+00,-0.188E+00,+3.48E+00,+58.89E+00,-9.20E+00,+3.296E+00
2,03/2/2026,18:42:06.642,-0.047E+00,-0.047E+00,-0.047E+00,-0.188E+00,+3.54E+00,+57.97E+00,-9.10E+00,+3.311E+00
2,03/2/2026,18:42:06.642,-0.047E+00,-0.047E+00,+0.000E+00,-0.188E+00,+3.59E+00,+57.03E+00,-8.99E+00,+3.334E+00
2,03/2/2026,18:42:06.642,-0.047E+00,-0.047E+00,+0.000E+00,-0.188E+00,+3.65E+00,+56.05E+00,-8.88E+00,+3.342E+00
2,03/2/2026,18:42:06.643,-0.047E+00,-0.047E+00,-0.047E+00,-0.188E+00,+3.72E+00,+55.07E+00,-8.77E+00,+3.357E+00
2,03/2/2026,18:42:06.643,+0.000E+00,-0.047E+00,-0.047E+00,-0.188E+00,+3.78E+00,+54.10E+00,-8.67E+00,+3.373E+00
2,03/2/2026,18:42:06.643,-0.047E+00,-0.047E+00,-0.047E+00,-0.188E+00,+3.83E+00,+53.09E+00,-8.56E+00,+3.380E+00
2,03/2/2026,18:42:06.643,-0.047E+00,-0.047E+00,-0.047E+00,-0.188E+00,+3.89E+00,+52.07E+00,-8.44E+00,+3.395E+00
2,03/2/2026,18:42:06.643,+0.000E+00,-0.047E+00,-0.047E+00,-0.188E+00,+3.95E+00,+51.05E+00,-8.33E+00,+3.403E+00
2,03/2/2026,18:42:06.643,-0.047E+00,-0.047E+00,-0.047E+00,-0.188E+00,+4.00E+00,+49.99E+00,-8.19E+00,+3.418E+00
2,03/2/2026,18:42:06.643,-0.047E+00,-0.047E+00,+0.000E+00,-0.141E+00,+4.06E+00,+48.94E+00,-8.09E+00,+3.426E+00
2,03/2/2026,18:42:06.643,-0.047E+00,-0.047E+00,+0.000E+00,-0.188E+00,+4.12E+00,+47.89E+00,-7.97E+00,+3.434E+00
2,03/2/2026,18:42:06.643,-0.047E+00,-0.047E+00,+0.000E+00,-0.235E+00,+4.18E+00,+46.80E+00,-7.84E+00,+3.441E+00
2,03/2/2026,18:42:06.643,-0.047E+00,+0.000E+00,+0.000E+00,-0.188E+00,+4.23E+00,+45.72E+00,-7.72E+00,+3.449E+00
2,03/2/2026,18:42:06.643,-0.047E+00,-0.047E+00,+0.000E+00,-0.141E+00,+4.27E+00,+44.61E+00,-7.58E+00,+3.456E+00
2,03/2/2026,18:42:06.643,-0.047E+00,-0.047E+00,-0.047E+00,-0.141E+00,+4.33E+00,+43.49E+00,-7.46E+00,+3.464E+00
2,03/2/2026,18:42:06.643,-0.047E+00,-0.047E+00,-0.047E+00,-0.188E+00,+4.39E+00,+42.36E+00,-7.34E+00,+3.472E+00
2,03/2/2026,18:42:06.643,-0.047E+00,-0.047E+00,+0.000E+00,-0.188E+00,+4.44E+00,+41.23E+00,-7.20E+00,+3.479E+00
2,03/2/2026,18:42:06.643,-0.047E+00,-0.047E+00,+0.000E+00,-0.188E+00,+4.50E+00,+40.09E+00,-7.08E+00,+3.479E+00
2,03/2/2026,18:42:06.643,-0.047E+00,-0.047E+00,+0.000E+00,-0.188E+00,+4.55E+00,+38.93E+00,-6.94E+00,+3.479E+00
2,03/2/2026,18:42:06.643,-0.047E+00,-0.047E+00,+0.000E+00,-0.188E+00,+4.61E+00,+37.77E+00,-6.82E+00,+3.487E+00
2,03/2/2026,18:42:06.643,-0.047E+00,-0.047E+00,+0.000E+00,-0.141E+00,+4.65E+00,+36.59E+00,-6.67E+00,+3.487E+00
2,03/2/2026,18:42:06.643,-0.047E+00,-0.047E+00,-0.047E+00,-0.188E+00,+4.70E+00,+35.40E+00,-6.53E+00,+3.495E+00
2,03/2/2026,18:42:06.643,-0.047E+00,-0.047E+00,+0.000E+00,-0.188E+00,+4.76E+00,+34.21E+00,-6.39E+00,+3.495E+00
2,03/2/2026,18:42:06.644,-0.047E+00,-0.047E+00,+0.000E+00,-0.188E+00,+4.82E+00,+33.01E+00,-6.26E+00,+3.495E+00
2,03/2/2026,18:42:06.644,-0.047E+00,-0.047E+00,+0.000E+00,-0.188E+00,+4.87E+00,+31.79E+00,-6.10E+00,+3.495E+00
2,03/2/2026,18:42:06.644,-0.047E+00,-0.047E+00,+0.000E+00,-0.188E+00,+4.91E+00,+30.57E+00,-5.97E+00,+3.495E+00
2,03/2/2026,18:42:06.644,-0.047E+00,-0.047E+00,-0.047E+00,-0.188E+00,+4.97E+00,+29.35E+00,-5.81E+00,+3.495E+00
2,03/2/2026,18:42:06.644,-0.047E+00,-0.047E+00,-0.047E+00,-0.188E+00,+5.02E+00,+28.11E+00,-5.68E+00,+3.495E+00
2,03/2/2026,18:42:06.644,-0.047E+00,-0.047E+00,-0.047E+00,-0.188E+00,+5.07E+00,+26.86E+00,-5.52E+00,+3.495E+00
2,03/2/2026,18:42:06.644,-0.047E+00,-0.047E+00,-0.047E+00,-0.188E+00,+5.13E+00,+25.61E+00,-5.37E+00,+3.495E+00
2,03/2/2026,18:42:06.644,-0.047E+00,-0.047E+00,+0.000E+00,-0.188E+00,+5.17E+00,+24.34E+00,-5.23E+00,+3.487E+00
2,03/2/2026,18:42:06.644,-0.047E+00,-0.047E+00,+0.000E+00,-0.188E+00,+5.22E+00,+23.07E+00,-5.08E+00,+3.487E+00
2,03/2/2026,18:42:06.644,+0.000E+00,-0.047E+00,-0.047E+00,-0.188E+00,+5.28E+00,+21.81E+00,-4.91E+00,+3.487E+00
2,03/2/2026,18:42:06.644,+0.000E+00,-0.047E+00,-0.047E+00,-0.188E+00,+5.33E+00,+20.51E+00,-4.76E+00,+3.487E+00
2,03/2/2026,18:42:06.644,-0.047E+00,-0.047E+00,-0.047E+00,-0.188E+00,+5.37E+00,+19.23E+00,-4.61E+00,+3.479E+00
2,03/2/2026,18:42:06.644,-0.047E+00,-0.047E+00,-0.047E+00,-0.188E+00,+5.42E+00,+17.93E+00,-4.44E+00,+3.479E+00
2,03/2/2026,18:42:06.644,+0.000E+00,-0.047E+00,-0.047E+00,-0.188E+00,+5.48E+00,+16.63E+00,-4.29E+00,+3.472E+00
2,03/2/2026,18:42:06.644,-0.047E+00,-0.047E+00,-0.047E+00,-0.188E+00,+5.52E+00,+15.34E+00,-4.12E+00,+3.472E+00
2,03/2/2026,18:42:06.644,-0.047E+00,-0.047E+00,-0.047E+00,-0.188E+00,+5.57E+00,+14.02E+00,-3.97E+00,+3.464E+00
2,03/2/2026,18:42:06.644,-0.047E+00,-0.047E+00,+0.000E+00,-0.188E+00,+5.62E+00,+12.71E+00,-3.80E+00,+3.456E+00
2,03/2/2026,18:42:06.644,-0.047E+00,-0.047E+00,+0.000E+00,-0.188E+00,+5.66E+00,+11.40E+00,-3.65E+00,+3.449E+00
2,03/2/2026,18:42:06.644,-0.047E+00,-0.047E+00,-0.047E+00,-0.188E+00,+5.69E+00,+10.07E+00,-3.49E+00,+3.441E+00
2,03/2/2026,18:42:06.644,-0.047E+00,-0.047E+00,-0.047E+00,-0.188E+00,+5.74E+00,+8.76E+00,-3.31E+00,+3.426E+00
2,03/2/2026,18:42:06.645,-0.047E+00,-0.047E+00,-0.047E+00,-0.188E+00,+5.77E+00,+7.45E+00,-3.16E+00,+3.411E+00
2,03/2/2026,18:42:06.645,-0.047E+00,-0.047E+00,+0.000E+00,-0.188E+00,+5.80E+00,+6.12E+00,-2.99E+00,+3.395E+00
2,03/2/2026,18:42:06.645,-0.047E+00,-0.047E+00,+0.000E+00,-0.188E+00,+5.81E+00,+4.81E+00,-2.82E+00,+3.380E+00
2,03/2/2026,18:42:06.645,-0.047E+00,-0.047E+00,+0.000E+00,-0.188E+00,+5.84E+00,+3.49E+00,-2.67E+00,+3.357E+00
2,03/2/2026,18:42:06.645,+0.000E+00,-0.047E+00,+0.000E+00,-0.188E+00,+5.86E+00,+2.20E+00,-2.49E+00,+3.334E+00
2,03/2/2026,18:42:06.645,-0.047E+00,-0.047E+00,+0.000E+00,-0.188E+00,+5.88E+00,+0.89E+00,-2.32E+00,+3.319E+00
2,03/2/2026,18:42:06.645,-0.047E+00,-0.047E+00,-0.047E+00,-0.188E+00,+5.89E+00,-0.43E+00,-2.15E+00,+3.296E+00
2,03/2/2026,18:42:06.645,+0.000E+00,-0.047E+00,-0.047E+00,-0.188E+00,+5.91E+00,-1.72E+00,-1.98E+00,+3.266E+00
2,03/2/2026,18:42:06.645,+0.000E+00,-0.047E+00,-0.047E+00,-0.188E+00,+5.91E+00,-3.02E+00,-1.82E+00,+3.243E+00
2,03/2/2026,18:42:06.645,-0.047E+00,-0.047E+00,+0.000E+00,-0.188E+00,+5.92E+00,-4.33E+00,-1.63E+00,+3.212E+00
2,03/2/2026,18:42:06.645,-0.047E+00,-0.047E+00,-0.047E+00,-0.188E+00,+5.92E+00,-5.62E+00,-1.46E+00,+3.182E+00
2,03/2/2026,18:42:06.645,+0.000E+00,-0.047E+00,-0.047E+00,-0.188E+00,+5.92E+00,-6.90E+00,-1.30E+00,+3.151E+00
2,03/2/2026,18:42:06.645,-0.047E+00,-0.047E+00,-0.047E+00,-0.188E+00,+5.91E+00,-8.19E+00,-1.13E+00,+3.121E+00
2,03/2/2026,18:42:06.645,-0.047E+00,-0.047E+00,-0.047E+00,-0.188E+00,+5.91E+00,-9.48E+00,-0.95E+00,+3.090E+00
2,03/2/2026,18:42:06.645,-0.047E+00,-0.047E+00,-0.047E+00,-0.188E+00,+5.89E+00,-10.76E+00,-0.78E+00,+3.052E+00
2,03/2/2026,18:42:06.645,-0.047E+00,-0.047E+00,+0.000E+00,-0.188E+00,+5.89E+00,-12.04E+00,-0.61E+00,+3.014E+00
2,03/2/2026,18:42:06.645,-0.047E+00,-0.047E+00,+0.000E+00,-0.235E+00,+5.88E+00,-13.31E+00,-0.44E+00,+2.983E+00
2,03/2/2026,18:42:06.645,-0.047E+00,-0.047E+00,+0.000E+00,-0.188E+00,+5.86E+00,-14.57E+00,-0.27E+00,+2.945E+00
2,03/2/2026,18:42:06.645,-0.047E+00,-0.047E+00,+0.000E+00,-0.188E+00,+5.84E+00,-15.82E+00,-0.11E+00,+2.907E+00
2,03/2/2026,18:42:06.645,-0.047E+00,-0.047E+00,-0.047E+00,-0.188E+00,+5.83E+00,-17.08E+00,+0.08E+00,+2.869E+00
2,03/2/2026,18:42:06.646,-0.047E+00,-0.047E+00,-0.047E+00,-0.188E+00,+5.80E+00,-18.31E+00,+0.24E+00,+2.831E+00
2,03/2/2026,18:42:06.646,-0.047E+00,-0.047E+00,+0.000E+00,-0.188E+00,+5.78E+00,-19.55E+00,+0.41E+00,+2.793E+00
2,03/2/2026,18:42:06.646,+0.000E+00,-0.047E+00,+0.000E+00,-0.188E+00,+5.75E+00,-20.78E+00,+0.60E+00,+2.747E+00
2,03/2/2026,18:42:06.646,+0.000E+00,-0.047E+00,+0.000E+00,-0.188E+00,+5.72E+00,-22.02E+00,+0.76E+00,+2.709E+00
2,03/2/2026,18:42:06.646,-0.047E+00,-0.047E+00,+0.000E+00,-0.188E+00,+5.71E+00,-23.23E+00,+0.95E+00,+2.671E+00
2,03/2/2026,18:42:06.646,-0.047E+00,-0.047E+00,-0.047E+00,-0.188E+00,+5.68E+00,-24.43E+00,+1.11E+00,+2.625E+00
2,03/2/2026,18:42:06.646,+0.000E+00,-0.047E+00,-0.047E+00,-0.188E+00,+5.65E+00,-25.64E+00,+1.30E+00,+2.587E+00
2,03/2/2026,18:42:06.646,-0.047E+00,-0.047E+00,-0.047E+00,-0.188E+00,+5.63E+00,-26.84E+00,+1.48E+00,+2.541E+00
2,03/2/2026,18:42:06.646,-0.047E+00,-0.047E+00,-0.047E+00,-0.188E+00,+5.60E+00,-28.02E+00,+1.65E+00,+2.503E+00
2,03/2/2026,18:42:06.646,-0.047E+00,-0.047E+00,-0.047E+00,-0.188E+00,+5.57E+00,-29.21E+00,+1.82E+00,+2.457E+00
2,03/2/2026,18:42:06.646,-0.047E+00,-0.047E+00,+0.000E+00,-0.188E+00,+5.55E+00,-30.38E+00,+1.98E+00,+2.419E+00
2,03/2/2026,18:42:06.646,-0.047E+00,-0.047E+00,+0.000E+00,-0.188E+00,+5.52E+00,-31.54E+00,+2.15E+00,+2.373E+00
2,03/2/2026,18:42:06.646,-0.047E+00,-0.047E+00,+0.000E+00,-0.188E+00,+5.49E+00,-32.70E+00,+2.32E+00,+2.335E+00
2,03/2/2026,18:42:06.646,-0.047E+00,-0.047E+00,+0.000E+00,-0.188E+00,+5.46E+00,-33.85E+00,+2.49E+00,+2.289E+00
2,03/2/2026,18:42:06.646,-0.047E+00,-0.047E+00,+0.000E+00,-0.235E+00,+5.43E+00,-34.98E+00,+2.66E+00,+2.251E+00
2,03/2/2026,18:42:06.646,-0.047E+00,-0.047E+00,-0.047E+00,-0.188E+00,+5.39E+00,-36.11E+00,+2.82E+00,+2.205E+00
2,03/2/2026,18:42:06.646,-0.047E+00,-0.047E+00,-0.047E+00,-0.188E+00,+5.36E+00,-37.23E+00,+2.99E+00,+2.159E+00
2,03/2/2026,18:42:06.646,-0.047E+00,-0.047E+00,-0.047E+00,-0.188E+00,+5.33E+00,-38.35E+00,+3.16E+00,+2.114E+00
2,03/2/2026,18:42:06.646,-0.047E+00,-0.047E+00,+0.000E+00,-0.188E+00,+5.30E+00,-39.45E+00,+3.31E+00,+2.068E+00
2,03/2/2026,18:42:06.646,-0.047E+00,-0.047E+00,+0.000E+00,-0.188E+00,+5.25E+00,-40.55E+00,+3.48E+00,+2.022E+00
2,03/2/2026,18:42:06.647,-0.047E+00,-0.047E+00,-0.047E+00,-0.188E+00,+5.22E+00,-41.63E+00,+3.63E+00,+1.976E+00
2,03/2/2026,18:42:06.647,-0.047E+00,-0.047E+00,-0.047E+00,-0.188E+00,+5.19E+00,-42.70E+00,+3.80E+00,+1.938E+00
2,03/2/2026,18:42:06.647,+0.000E+00,-0.047E+00,+0.000E+00,-0.188E+00,+5.14E+00,-43.78E+00,+3.95E+00,+1.892E+00
2,03/2/2026,18:42:06.647,-0.047E+00,-0.047E+00,+0.000E+00,-0.188E+00,+5.10E+00,-44.85E+00,+4.10E+00,+1.846E+00
2,03/2/2026,18:42:06.647,-0.047E+00,-0.047E+00,-0.047E+00,-0.188E+00,+5.07E+00,-45.90E+00,+4.26E+00,+1.801E+00
2,03/2/2026,18:42:06.647,+0.000E+00,-0.047E+00,-0.047E+00,-0.188E+00,+5.02E+00,-46.96E+00,+4.43E+00,+1.755E+00
2,03/2/2026,18:42:06.647,-0.047E+00,-0.047E+00,+0.000E+00,-0.188E+00,+4.97E+00,-47.99E+00,+4.58E+00,+1.702E+00
2,03/2/2026,18:42:06.647,-0.047E+00,-0.047E+00,+0.000E+00,-0.188E+00,+4.93E+00,-49.03E+00,+4.73E+00,+1.656E+00
2,03/2/2026,18:42:06.647,-0.047E+00,-0.047E+00,-0.047E+00,-0.188E+00,+4.88E+00,-50.04E+00,+4.90E+00,+1.610E+00
2,03/2/2026,18:42:06.647,-0.047E+00,-0.047E+00,+0.000E+00,-0.188E+00,+4.84E+00,-51.06E+00,+5.05E+00,+1.557E+00
2,03/2/2026,18:42:06.647,-0.047E+00,-0.047E+00,+0.000E+00,-0.235E+00,+4.79E+00,-52.07E+00,+5.20E+00,+1.511E+00
2,03/2/2026,18:42:06.647,-0.047E+00,-0.047E+00,-0.047E+00,-0.188E+00,+4.75E+00,-53.06E+00,+5.36E+00,+1.465E+00
2,03/2/2026,18:42:06.647,-0.047E+00,-0.047E+00,-0.047E+00,-0.188E+00,+4.70E+00,-54.04E+00,+5.49E+00,+1.412E+00
2,03/2/2026,18:42:06.647,-0.047E+00,-0.047E+00,+0.000E+00,-0.188E+00,+4.64E+00,-55.01E+00,+5.66E+00,+1.366E+00
2,03/2/2026,18:42:06.647,-0.047E+00,-0.047E+00,+0.000E+00,-0.188E+00,+4.59E+00,-55.97E+00,+5.80E+00,+1.312E+00
2,03/2/2026,18:42:06.647,-0.047E+00,-0.047E+00,-0.047E+00,-0.235E+00,+4.55E+00,-56.94E+00,+5.95E+00,+1.267E+00
2,03/2/2026,18:42:06.647,-0.047E+00,-0.047E+00,-0.047E+00,-0.188E+00,+4.49E+00,-57.88E+00,+6.10E+00,+1.213E+00
2,03/2/2026,18:42:06.647,+0.000E+00,-0.047E+00,+0.000E+00,-0.188E+00,+4.43E+00,-58.81E+00,+6.24E+00,+1.160E+00
2,03/2/2026,18:42:06.647,-0.047E+00,-0.047E+00,-0.047E+00,-0.188E+00,+4.36E+00,-59.74E+00,+6.39E+00,+1.106E+00
2,03/2/2026,18:42:06.647,-0.047E+00,-0.047E+00,-0.047E+00,-0.188E+00,+4.30E+00,-60.66E+00,+6.55E+00,+1.053E+00
