EventNo,Date,Time,U1,U2,U3,U4,I1,I2,I3,I4
2,09/2/2026,14:58:41.564,-0.09E+00,-0.05E+00,+0.05E+00,+0.00E+00,+13.09E+00,-13.63E+00,+0.15E+00,-6.776E+00
2,09/2/2026,14:58:41.564,-0.09E+00,-0.05E+00,+0.05E+00,+0.00E+00,+12.94E+00,-13.73E+00,+0.41E+00,-6.829E+00
2,09/2/2026,14:58:41.564,-0.09E+00,-0.05E+00,+0.05E+00,+0.00E+00,+12.79E+00,-13.84E+00,+0.67E+00,-6.875E+00
2,09/2/2026,14:58:41.564,-0.14E+00,-0.05E+00,+0.00E+00,-0.05E+00,+12.62E+00,-13.93E+00,+0.92E+00,-6.920E+00
2,09/2/2026,14:58:41.564,-0.09E+00,-0.05E+00,+0.05E+00,-0.05E+00,+12.47E+00,-14.02E+00,+1.18E+00,-6.966E+00
2,09/2/2026,14:58:41.564,-0.09E+00,-0.05E+00,+0.05E+00,+0.00E+00,+12.30E+00,-14.12E+00,+1.43E+00,-7.012E+00
2,09/2/2026,14:58:41.564,-0.09E+00,-0.05E+00,+0.05E+00,+0.00E+00,+12.13E+00,-14.21E+00,+1.69E+00,-7.058E+00
2,09/2/2026,14:58:41.564,-0.09E+00,-0.05E+00,+0.05E+00,+0.00E+00,+11.96E+00,-14.28E+00,+1.95E+00,-7.096E+00
2,09/2/2026,14:58:41.564,-0.09E+00,-0.05E+00,+0.05E+00,+0.00E+00,+11.80E+00,-14.38E+00,+2.21E+00,-7.142E+00
2,09/2/2026,14:58:41.564,-0.14E+00,-0.05E+00,+0.05E+00,+0.00E+00,+11.63E+00,-14.45E+00,+2.46E+00,-7.180E+00
2,09/2/2026,14:58:41.564,-0.14E+00,-0.05E+00,+0.05E+00,+0.00E+00,+11.46E+00,-14.53E+00,+2.70E+00,-7.218E+00
2,09/2/2026,14:58:41.564,-0.09E+00,-0.05E+00,+0.05E+00,+0.00E+00,+11.29E+00,-14.60E+00,+2.95E+00,-7.256E+00
2,09/2/2026,14:58:41.564,-0.09E+00,-0.05E+00,+0.05E+00,+0.00E+00,+11.11E+00,-14.68E+00,+3.19E+00,-7.287E+00
2,09/2/2026,14:58:41.564,-0.09E+00,-0.05E+00,+0.05E+00,+0.00E+00,+10.94E+00,-14.74E+00,+3.43E+00,-7.317E+00
2,09/2/2026,14:58:41.564,-0.09E+00,-0.05E+00,+0.05E+00,+0.00E+00,+10.76E+00,-14.80E+00,+3.66E+00,-7.348E+00
2,09/2/2026,14:58:41.564,-0.09E+00,-0.05E+00,+0.05E+00,-0.05E+00,+10.58E+00,-14.86E+00,+3.91E+00,-7.371E+00
2,09/2/2026,14:58:41.564,-0.09E+00,-0.05E+00,+0.05E+00,-0.05E+00,+10.41E+00,-14.91E+00,+4.14E+00,-7.401E+00
2,09/2/2026,14:58:41.564,-0.14E+00,-0.05E+00,+0.05E+00,+0.00E+00,+10.24E+00,-14.97E+00,+4.36E+00,-7.424E+00
2,09/2/2026,14:58:41.564,-0.09E+00,-0.05E+00,+0.05E+00,+0.00E+00,+10.06E+00,-15.02E+00,+4.59E+00,-7.447E+00
2,09/2/2026,14:58:41.564,-0.09E+00,-0.05E+00,+0.05E+00,+0.00E+00,+9.87E+00,-15.06E+00,+4.82E+00,-7.470E+00
2,09/2/2026,14:58:41.565,-0.09E+00,-0.05E+00,+0.05E+00,-0.05E+00,+9.69E+00,-15.09E+00,+5.05E+00,-7.485E+00
2,09/2/2026,14:58:41.565,-0.14E+00,-0.05E+00,+0.05E+00,+0.00E+00,+9.51E+00,-15.14E+00,+5.26E+00,-7.508E+00
2,09/2/2026,14:58:41.565,-0.09E+00,-0.05E+00,+0.05E+00,+0.00E+00,+9.32E+00,-15.18E+00,+5.48E+00,-7.523E+00
2,09/2/2026,14:58:41.565,-0.09E+00,-0.05E+00,+0.05E+00,-0.05E+00,+9.14E+00,-15.21E+00,+5.71E+00,-7.539E+00
2,09/2/2026,14:58:41.565,-0.09E+00,-0.05E+00,+0.05E+00,+0.00E+00,+8.97E+00,-15.24E+00,+5.92E+00,-7.554E+00
2,09/2/2026,14:58:41.565,-0.09E+00,-0.05E+00,+0.05E+00,+0.00E+00,+8.79E+00,-15.28E+00,+6.12E+00,-7.569E+00
2,09/2/2026,14:58:41.565,-0.09E+00,-0.05E+00,+0.05E+00,+0.00E+00,+8.61E+00,-15.31E+00,+6.33E+00,-7.584E+00
2,09/2/2026,14:58:41.565,-0.14E+00,-0.05E+00,+0.05E+00,-0.05E+00,+8.41E+00,-15.34E+00,+6.55E+00,-7.592E+00
2,09/2/2026,14:58:41.565,-0.14E+00,-0.05E+00,+0.05E+00,+0.00E+00,+8.23E+00,-15.35E+00,+6.76E+00,-7.600E+00
2,09/2/2026,14:58:41.565,-0.09E+00,-0.05E+00,+0.05E+00,+0.00E+00,+8.04E+00,-15.38E+00,+6.97E+00,-7.615E+00
2,09/2/2026,14:58:41.565,-0.09E+00,-0.05E+00,+0.05E+00,+0.00E+00,+7.86E+00,-15.40E+00,+7.17E+00,-7.630E+00
2,09/2/2026,14:58:41.565,-0.09E+00,-0.05E+00,+0.05E+00,+0.00E+00,+7.68E+00,-15.43E+00,+7.39E+00,-7.630E+00
2,09/2/2026,14:58:41.565,-0.14E+00,-0.05E+00,+0.05E+00,-0.05E+00,+7.48E+00,-15.44E+00,+7.58E+00,-7.638E+00
2,09/2/2026,14:58:41.565,-0.14E+00,-0.05E+00,+0.05E+00,-0.05E+00,+7.28E+00,-15.46E+00,+7.81E+00,-7.645E+00
2,09/2/2026,14:58:41.565,-0.09E+00,-0.05E+00,+0.05E+00,-0.05E+00,+7.10E+00,-15.47E+00,+8.01E+00,-7.653E+00
2,09/2/2026,14:58:41.565,-0.09E+00,-0.05E+00,+0.05E+00,-0.05E+00,+6.91E+00,-15.47E+00,+8.21E+00,-7.653E+00
2,09/2/2026,14:58:41.565,-0.09E+00,-0.05E+00,+0.05E+00,+0.00E+00,+6.71E+00,-15.49E+00,+8.41E+00,-7.661E+00
2,09/2/2026,14:58:41.565,-0.09E+00,-0.05E+00,+0.05E+00,+0.00E+00,+6.52E+00,-15.50E+00,+8.61E+00,-7.661E+00
2,09/2/2026,14:58:41.565,-0.09E+00,-0.05E+00,+0.05E+00,+0.00E+00,+6.32E+00,-15.49E+00,+8.81E+00,-7.661E+00
2,09/2/2026,14:58:41.565,-0.14E+00,-0.05E+00,+0.05E+00,+0.00E+00,+6.12E+00,-15.49E+00,+9.02E+00,-7.661E+00
2,09/2/2026,14:58:41.566,-0.09E+00,-0.05E+00,+0.05E+00,+0.00E+00,+5.91E+00,-15.49E+00,+9.22E+00,-7.653E+00
2,09/2/2026,14:58:41.566,-0.09E+00,-0.05E+00,+0.05E+00,+0.00E+00,+5.71E+00,-15.49E+00,+9.43E+00,-7.653E+00
2,09/2/2026,14:58:41.566,-0.09E+00,-0.05E+00,+0.05E+00,+0.00E+00,+5.49E+00,-15.49E+00,+9.63E+00,-7.653E+00
2,09/2/2026,14:58:41.566,-0.09E+00,-0.05E+00,+0.05E+00,-0.05E+00,+5.28E+00,-15.47E+00,+9.84E+00,-7.645E+00
2,09/2/2026,14:58:41.566,-0.09E+00,-0.05E+00,+0.05E+00,+0.00E+00,+5.05E+00,-15.46E+00,+10.04E+00,-7.638E+00
2,09/2/2026,14:58:41.566,-0.14E+00,-0.05E+00,+0.05E+00,+0.00E+00,+4.84E+00,-15.46E+00,+10.25E+00,-7.630E+00
2,09/2/2026,14:58:41.566,-0.09E+00,-0.05E+00,+0.05E+00,+0.00E+00,+4.62E+00,-15.43E+00,+10.45E+00,-7.622E+00
2,09/2/2026,14:58:41.566,-0.09E+00,-0.05E+00,+0.05E+00,+0.00E+00,+4.39E+00,-15.41E+00,+10.65E+00,-7.607E+00
2,09/2/2026,14:58:41.566,-0.09E+00,-0.05E+00,+0.05E+00,+0.00E+00,+4.18E+00,-15.38E+00,+10.83E+00,-7.592E+00
2,09/2/2026,14:58:41.566,-0.09E+00,-0.05E+00,+0.05E+00,+0.00E+00,+3.95E+00,-15.35E+00,+11.02E+00,-7.569E+00
2,09/2/2026,14:58:41.566,-0.14E+00,-0.05E+00,+0.05E+00,+0.00E+00,+3.74E+00,-15.29E+00,+11.19E+00,-7.546E+00
2,09/2/2026,14:58:41.566,-0.14E+00,-0.05E+00,+0.05E+00,-0.05E+00,+3.51E+00,-15.23E+00,+11.35E+00,-7.508E+00
2,09/2/2026,14:58:41.566,-0.09E+00,-0.05E+00,+0.05E+00,-0.05E+00,+3.28E+00,-15.15E+00,+11.51E+00,-7.470E+00
2,09/2/2026,14:58:41.566,-0.09E+00,-0.05E+00,+0.05E+00,-0.05E+00,+3.05E+00,-15.06E+00,+11.66E+00,-7.424E+00
2,09/2/2026,14:58:41.566,-0.09E+00,-0.05E+00,+0.05E+00,+0.00E+00,+2.81E+00,-14.97E+00,+11.80E+00,-7.378E+00
2,09/2/2026,14:58:41.566,-0.09E+00,-0.05E+00,+0.05E+00,+0.00E+00,+2.58E+00,-14.86E+00,+11.93E+00,-7.325E+00
2,09/2/2026,14:58:41.566,-0.14E+00,-0.05E+00,+0.05E+00,+0.00E+00,+2.33E+00,-14.77E+00,+12.07E+00,-7.279E+00
2,09/2/2026,14:58:41.566,-0.14E+00,-0.05E+00,+0.05E+00,+0.00E+00,+2.09E+00,-14.67E+00,+12.21E+00,-7.226E+00
2,09/2/2026,14:58:41.566,-0.09E+00,-0.05E+00,+0.05E+00,-0.05E+00,+1.85E+00,-14.56E+00,+12.35E+00,-7.165E+00
2,09/2/2026,14:58:41.566,-0.09E+00,-0.05E+00,+0.05E+00,-0.05E+00,+1.60E+00,-14.44E+00,+12.48E+00,-7.104E+00
2,09/2/2026,14:58:41.567,-0.09E+00,-0.05E+00,+0.05E+00,-0.05E+00,+1.34E+00,-14.31E+00,+12.60E+00,-7.043E+00
2,09/2/2026,14:58:41.567,-0.09E+00,-0.05E+00,+0.05E+00,+0.00E+00,+1.08E+00,-14.19E+00,+12.74E+00,-6.982E+00
2,09/2/2026,14:58:41.567,-0.09E+00,-0.05E+00,+0.05E+00,+0.00E+00,+0.82E+00,-14.05E+00,+12.86E+00,-6.913E+00
2,09/2/2026,14:58:41.567,-0.09E+00,-0.05E+00,+0.05E+00,+0.00E+00,+0.58E+00,-13.93E+00,+12.97E+00,-6.852E+00
2,09/2/2026,14:58:41.567,-0.09E+00,-0.05E+00,+0.05E+00,+0.00E+00,+0.32E+00,-13.80E+00,+13.09E+00,-6.783E+00
2,09/2/2026,14:58:41.567,-0.14E+00,-0.05E+00,+0.05E+00,+0.00E+00,+0.08E+00,-13.66E+00,+13.20E+00,-6.714E+00
2,09/2/2026,14:58:41.567,-0.09E+00,-0.05E+00,+0.05E+00,+0.00E+00,-0.17E+00,-13.52E+00,+13.32E+00,-6.638E+00
2,09/2/2026,14:58:41.567,-0.09E+00,-0.05E+00,+0.05E+00,+0.00E+00,-0.43E+00,-13.37E+00,+13.41E+00,-6.570E+00
2,09/2/2026,14:58:41.567,-0.09E+00,-0.05E+00,+0.05E+00,+0.00E+00,-0.67E+00,-13.22E+00,+13.52E+00,-6.493E+00
2,09/2/2026,14:58:41.567,-0.09E+00,-0.05E+00,+0.05E+00,-0.05E+00,-0.93E+00,-13.06E+00,+13.63E+00,-6.417E+00
2,09/2/2026,14:58:41.567,-0.14E+00,-0.05E+00,+0.05E+00,-0.05E+00,-1.18E+00,-12.91E+00,+13.72E+00,-6.333E+00
2,09/2/2026,14:58:41.567,-0.14E+00,-0.05E+00,+0.05E+00,+0.00E+00,-1.43E+00,-12.74E+00,+13.83E+00,-6.257E+00
2,09/2/2026,14:58:41.567,-0.09E+00,-0.05E+00,+0.05E+00,+0.00E+00,-1.69E+00,-12.59E+00,+13.92E+00,-6.173E+00
2,09/2/2026,14:58:41.567,-0.09E+00,-0.05E+00,+0.05E+00,+0.00E+00,-1.95E+00,-12.42E+00,+14.01E+00,-6.089E+00
2,09/2/2026,14:58:41.567,-0.14E+00,-0.05E+00,+0.05E+00,+0.00E+00,-2.20E+00,-12.25E+00,+14.09E+00,-6.005E+00
2,09/2/2026,14:58:41.567,-0.14E+00,-0.05E+00,+0.05E+00,+0.00E+00,-2.46E+00,-12.09E+00,+14.16E+00,-5.921E+00
2,09/2/2026,14:58:41.567,-0.09E+00,-0.05E+00,+0.05E+00,-0.05E+00,-2.70E+00,-11.92E+00,+14.24E+00,-5.837E+00
2,09/2/2026,14:58:41.567,-0.09E+00,-0.05E+00,+0.05E+00,-0.05E+00,-2.95E+00,-11.75E+00,+14.31E+00,-5.753E+00
2,09/2/2026,14:58:41.567,-0.09E+00,-0.05E+00,+0.05E+00,+0.00E+00,-3.17E+00,-11.58E+00,+14.38E+00,-5.662E+00
2,09/2/2026,14:58:41.567,-0.09E+00,-0.05E+00,+0.05E+00,+0.00E+00,-3.42E+00,-11.40E+00,+14.45E+00,-5.578E+00
2,09/2/2026,14:58:41.568,-0.09E+00,-0.05E+00,+0.05E+00,+0.00E+00,-3.66E+00,-11.23E+00,+14.51E+00,-5.486E+00
2,09/2/2026,14:58:41.568,-0.09E+00,-0.05E+00,+0.05E+00,-0.05E+00,-3.89E+00,-11.05E+00,+14.56E+00,-5.402E+00
2,09/2/2026,14:58:41.568,-0.14E+00,-0.05E+00,+0.05E+00,-0.05E+00,-4.12E+00,-10.87E+00,+14.62E+00,-5.311E+00
2,09/2/2026,14:58:41.568,-0.09E+00,-0.05E+00,+0.05E+00,-0.05E+00,-4.35E+00,-10.68E+00,+14.67E+00,-5.219E+00
2,09/2/2026,14:58:41.568,-0.09E+00,-0.05E+00,+0.05E+00,-0.05E+00,-4.58E+00,-10.51E+00,+14.71E+00,-5.127E+00
2,09/2/2026,14:58:41.568,-0.09E+00,-0.05E+00,+0.05E+00,-0.05E+00,-4.81E+00,-10.33E+00,+14.74E+00,-5.036E+00
2,09/2/2026,14:58:41.568,-0.09E+00,-0.05E+00,+0.05E+00,-0.05E+00,-5.02E+00,-10.15E+00,+14.79E+00,-4.944E+00
2,09/2/2026,14:58:41.568,-0.09E+00,-0.05E+00,+0.05E+00,-0.05E+00,-5.23E+00,-9.96E+00,+14.82E+00,-4.853E+00
2,09/2/2026,14:58:41.568,-0.14E+00,-0.05E+00,+0.05E+00,-0.05E+00,-5.45E+00,-9.78E+00,+14.86E+00,-4.761E+00
2,09/2/2026,14:58:41.568,-0.09E+00,-0.05E+00,+0.05E+00,+0.00E+00,-5.68E+00,-9.60E+00,+14.89E+00,-4.670E+00
2,09/2/2026,14:58:41.568,-0.09E+00,-0.05E+00,+0.05E+00,+0.00E+00,-5.89E+00,-9.42E+00,+14.92E+00,-4.578E+00
2,09/2/2026,14:58:41.568,-0.09E+00,-0.05E+00,+0.05E+00,+0.00E+00,-6.09E+00,-9.23E+00,+14.95E+00,-4.486E+00
2,09/2/2026,14:58:41.568,-0.09E+00,-0.05E+00,+0.05E+00,-0.05E+00,-6.30E+00,-9.05E+00,+14.97E+00,-4.395E+00
2,09/2/2026,14:58:41.568,-0.14E+00,-0.05E+00,+0.05E+00,-0.05E+00,-6.52E+00,-8.87E+00,+15.00E+00,-4.303E+00
2,09/2/2026,14:58:41.568,-0.14E+00,-0.05E+00,+0.05E+00,-0.05E+00,-6.73E+00,-8.67E+00,+15.02E+00,-4.204E+00
2,09/2/2026,14:58:41.568,-0.09E+00,-0.05E+00,+0.05E+00,+0.00E+00,-6.93E+00,-8.48E+00,+15.03E+00,-4.113E+00
2,09/2/2026,14:58:41.568,-0.09E+00,-0.05E+00,+0.05E+00,+0.00E+00,-7.14E+00,-8.29E+00,+15.05E+00,-4.021E+00
2,09/2/2026,14:58:41.568,-0.09E+00,-0.05E+00,+0.05E+00,+0.00E+00,-7.36E+00,-8.09E+00,+15.06E+00,-3.922E+00
2,09/2/2026,14:58:41.568,-0.09E+00,-0.05E+00,+0.05E+00,+0.00E+00,-7.55E+00,-7.89E+00,+15.08E+00,-3.823E+00
2,09/2/2026,14:58:41.568,-0.14E+00,-0.05E+00,+0.05E+00,+0.00E+00,-7.77E+00,-7.69E+00,+15.09E+00,-3.723E+00
2,09/2/2026,14:58:41.569,-0.14E+00,-0.05E+00,+0.05E+00,-0.05E+00,-7.98E+00,-7.49E+00,+15.11E+00,-3.624E+00
2,09/2/2026,14:58:41.569,-0.09E+00,-0.05E+00,+0.05E+00,-0.05E+00,-8.18E+00,-7.29E+00,+15.11E+00,-3.525E+00
2,09/2/2026,14:58:41.569,-0.09E+00,-0.05E+00,+0.05E+00,+0.00E+00,-8.38E+00,-7.10E+00,+15.11E+00,-3.426E+00
2,09/2/2026,14:58:41.569,-0.09E+00,-0.05E+00,+0.05E+00,+0.00E+00,-8.59E+00,-6.90E+00,+15.11E+00,-3.327E+00
2,09/2/2026,14:58:41.569,-0.09E+00,-0.05E+00,+0.05E+00,+0.00E+00,-8.79E+00,-6.70E+00,+15.12E+00,-3.228E+00
2,09/2/2026,14:58:41.569,-0.09E+00,-0.05E+00,+0.05E+00,+0.00E+00,-9.00E+00,-6.49E+00,+15.11E+00,-3.128E+00
2,09/2/2026,14:58:41.569,-0.09E+00,-0.05E+00,+0.05E+00,-0.05E+00,-9.20E+00,-6.29E+00,+15.12E+00,-3.022E+00
2,09/2/2026,14:58:41.569,-0.09E+00,-0.05E+00,+0.05E+00,+0.00E+00,-9.42E+00,-6.07E+00,+15.12E+00,-2.915E+00
2,09/2/2026,14:58:41.569,-0.09E+00,-0.05E+00,+0.05E+00,+0.00E+00,-9.63E+00,-5.86E+00,+15.11E+00,-2.808E+00
2,09/2/2026,14:58:41.569,-0.09E+00,-0.05E+00,+0.00E+00,-0.05E+00,-9.84E+00,-5.65E+00,+15.11E+00,-2.701E+00
2,09/2/2026,14:58:41.569,-0.09E+00,-0.05E+00,+0.05E+00,+0.00E+00,-10.04E+00,-5.42E+00,+15.11E+00,-2.587E+00
2,09/2/2026,14:58:41.569,-0.14E+00,-0.05E+00,+0.05E+00,+0.00E+00,-10.25E+00,-5.20E+00,+15.09E+00,-2.480E+00
2,09/2/2026,14:58:41.569,-0.14E+00,-0.05E+00,+0.05E+00,+0.00E+00,-10.45E+00,-4.99E+00,+15.06E+00,-2.373E+00
2,09/2/2026,14:58:41.569,-0.09E+00,-0.05E+00,+0.05E+00,+0.00E+00,-10.65E+00,-4.78E+00,+15.06E+00,-2.266E+00
2,09/2/2026,14:58:41.569,-0.09E+00,-0.05E+00,+0.05E+00,-0.05E+00,-10.85E+00,-4.56E+00,+15.03E+00,-2.159E+00
2,09/2/2026,14:58:41.569,-0.09E+00,-0.05E+00,+0.05E+00,+0.00E+00,-11.05E+00,-4.33E+00,+15.02E+00,-2.052E+00
2,09/2/2026,14:58:41.569,-0.09E+00,-0.05E+00,+0.05E+00,+0.00E+00,-11.23E+00,-4.12E+00,+14.99E+00,-1.946E+00
2,09/2/2026,14:58:41.569,-0.09E+00,-0.05E+00,+0.05E+00,+0.00E+00,-11.40E+00,-3.91E+00,+14.94E+00,-1.839E+00
2,09/2/2026,14:58:41.569,-0.09E+00,-0.05E+00,+0.05E+00,-0.05E+00,-11.58E+00,-3.69E+00,+14.89E+00,-1.724E+00
2,09/2/2026,14:58:41.569,-0.09E+00,-0.05E+00,+0.05E+00,+0.00E+00,-11.75E+00,-3.46E+00,+14.83E+00,-1.610E+00
2,09/2/2026,14:58:41.570,-0.14E+00,-0.05E+00,+0.05E+00,+0.00E+00,-11.90E+00,-3.24E+00,+14.77E+00,-1.495E+00
2,09/2/2026,14:58:41.570,-0.09E+00,-0.05E+00,+0.05E+00,+0.00E+00,-12.06E+00,-2.99E+00,+14.68E+00,-1.373E+00
2,09/2/2026,14:58:41.570,-0.09E+00,-0.05E+00,+0.05E+00,-0.05E+00,-12.21E+00,-2.73E+00,+14.57E+00,-1.251E+00
2,09/2/2026,14:58:41.570,-0.09E+00,-0.05E+00,+0.05E+00,-0.05E+00,-12.35E+00,-2.49E+00,+14.45E+00,-1.129E+00
2,09/2/2026,14:58:41.570,-0.09E+00,-0.05E+00,+0.05E+00,-0.05E+00,-12.48E+00,-2.24E+00,+14.33E+00,-1.000E+00
2,09/2/2026,14:58:41.570,-0.09E+00,-0.05E+00,+0.05E+00,+0.00E+00,-12.60E+00,-1.98E+00,+14.21E+00,-0.877E+00
2,09/2/2026,14:58:41.570,-0.09E+00,-0.05E+00,+0.05E+00,+0.00E+00,-12.73E+00,-1.72E+00,+14.09E+00,-0.748E+00
2,09/2/2026,14:58:41.570,-0.09E+00,-0.05E+00,+0.05E+00,+0.00E+00,-12.85E+00,-1.48E+00,+13.96E+00,-0.626E+00
2,09/2/2026,14:58:41.570,-0.09E+00,-0.05E+00,+0.05E+00,+0.00E+00,-12.97E+00,-1.24E+00,+13.84E+00,-0.504E+00
2,09/2/2026,14:58:41.570,-0.09E+00,-0.05E+00,+0.05E+00,+0.00E+00,-13.09E+00,-0.99E+00,+13.72E+00,-0.382E+00
2,09/2/2026,14:58:41.570,-0.14E+00,-0.05E+00,+0.05E+00,-0.05E+00,-13.22E+00,-0.75E+00,+13.58E+00,-0.259E+00
2,09/2/2026,14:58:41.570,-0.09E+00,-0.05E+00,+0.05E+00,-0.05E+00,-13.34E+00,-0.50E+00,+13.46E+00,-0.137E+00
2,09/2/2026,14:58:41.570,-0.09E+00,-0.05E+00,+0.05E+00,-0.05E+00,-13.44E+00,-0.26E+00,+13.34E+00,-0.023E+00
2,09/2/2026,14:58:41.570,-0.09E+00,-0.05E+00,+0.05E+00,+0.00E+00,-13.55E+00,-0.02E+00,+13.20E+00,+0.099E+00
2,09/2/2026,14:58:41.570,-0.09E+00,-0.05E+00,+0.05E+00,+0.00E+00,-13.66E+00,+0.23E+00,+13.06E+00,+0.221E+00
2,09/2/2026,14:58:41.570,-0.14E+00,-0.05E+00,+0.05E+00,-0.05E+00,-13.75E+00,+0.47E+00,+12.91E+00,+0.343E+00
2,09/2/2026,14:58:41.570,-0.14E+00,-0.05E+00,+0.05E+00,-0.05E+00,-13.84E+00,+0.72E+00,+12.74E+00,+0.465E+00
2,09/2/2026,14:58:41.570,-0.09E+00,-0.05E+00,+0.05E+00,+0.00E+00,-13.93E+00,+0.98E+00,+12.57E+00,+0.595E+00
2,09/2/2026,14:58:41.570,-0.09E+00,-0.05E+00,+0.05E+00,+0.00E+00,-14.01E+00,+1.24E+00,+12.39E+00,+0.725E+00
2,09/2/2026,14:58:41.570,-0.09E+00,+0.00E+00,+0.05E+00,+0.00E+00,-14.09E+00,+1.50E+00,+12.22E+00,+0.855E+00
2,09/2/2026,14:58:41.571,-0.09E+00,-0.05E+00,+0.05E+00,+0.00E+00,-14.16E+00,+1.75E+00,+12.04E+00,+0.977E+00
2,09/2/2026,14:58:41.571,-0.14E+00,-0.05E+00,+0.05E+00,-0.05E+00,-14.25E+00,+2.01E+00,+11.87E+00,+1.106E+00
2,09/2/2026,14:58:41.571,-0.14E+00,-0.05E+00,+0.05E+00,-0.05E+00,-14.33E+00,+2.26E+00,+11.69E+00,+1.228E+00
2,09/2/2026,14:58:41.571,-0.09E+00,-0.05E+00,+0.05E+00,-0.05E+00,-14.41E+00,+2.52E+00,+11.51E+00,+1.358E+00
2,09/2/2026,14:58:41.571,-0.09E+00,-0.05E+00,+0.05E+00,+0.00E+00,-14.48E+00,+2.76E+00,+11.34E+00,+1.480E+00
2,09/2/2026,14:58:41.571,-0.09E+00,-0.05E+00,+0.05E+00,+0.00E+00,-14.54E+00,+3.01E+00,+11.17E+00,+1.602E+00
2,09/2/2026,14:58:41.571,-0.09E+00,-0.05E+00,+0.05E+00,-0.05E+00,-14.62E+00,+3.25E+00,+11.00E+00,+1.717E+00
2,09/2/2026,14:58:41.571,-0.09E+00,-0.05E+00,+0.05E+00,-0.05E+00,-14.68E+00,+3.49E+00,+10.82E+00,+1.839E+00
2,09/2/2026,14:58:41.571,-0.14E+00,-0.05E+00,+0.05E+00,-0.05E+00,-14.74E+00,+3.74E+00,+10.64E+00,+1.961E+00
2,09/2/2026,14:58:41.571,-0.14E+00,-0.05E+00,+0.05E+00,-0.05E+00,-14.80E+00,+3.97E+00,+10.45E+00,+2.075E+00
2,09/2/2026,14:58:41.571,-0.09E+00,-0.05E+00,+0.05E+00,+0.00E+00,-14.85E+00,+4.21E+00,+10.29E+00,+2.197E+00
2,09/2/2026,14:58:41.571,-0.09E+00,-0.05E+00,+0.05E+00,+0.00E+00,-14.91E+00,+4.44E+00,+10.09E+00,+2.312E+00
2,09/2/2026,14:58:41.571,-0.14E+00,-0.05E+00,+0.05E+00,-0.05E+00,-14.94E+00,+4.67E+00,+9.90E+00,+2.426E+00
2,09/2/2026,14:58:41.571,-0.14E+00,-0.05E+00,+0.05E+00,+0.00E+00,-14.99E+00,+4.90E+00,+9.72E+00,+2.541E+00
2,09/2/2026,14:58:41.571,-0.14E+00,-0.05E+00,+0.05E+00,-0.05E+00,-15.03E+00,+5.13E+00,+9.54E+00,+2.648E+00
2,09/2/2026,14:58:41.571,-0.09E+00,-0.09E+00,+0.05E+00,+0.00E+00,-15.06E+00,+5.34E+00,+9.34E+00,+2.754E+00
2,09/2/2026,14:58:41.571,-0.09E+00,-0.05E+00,+0.05E+00,+0.00E+00,-15.09E+00,+5.55E+00,+9.16E+00,+2.861E+00
2,09/2/2026,14:58:41.571,-0.09E+00,-0.05E+00,+0.05E+00,-0.05E+00,-15.12E+00,+5.77E+00,+8.97E+00,+2.968E+00
2,09/2/2026,14:58:41.571,-0.09E+00,-0.05E+00,+0.05E+00,+0.00E+00,-15.14E+00,+5.98E+00,+8.79E+00,+3.075E+00
2,09/2/2026,14:58:41.571,-0.14E+00,-0.05E+00,+0.05E+00,+0.00E+00,-15.17E+00,+6.20E+00,+8.59E+00,+3.182E+00
2,09/2/2026,14:58:41.572,-0.14E+00,-0.05E+00,+0.05E+00,-0.05E+00,-15.20E+00,+6.41E+00,+8.41E+00,+3.289E+00
2,09/2/2026,14:58:41.572,-0.09E+00,-0.05E+00,+0.05E+00,-0.05E+00,-15.21E+00,+6.62E+00,+8.23E+00,+3.388E+00
2,09/2/2026,14:58:41.572,-0.09E+00,-0.05E+00,+0.05E+00,-0.05E+00,-15.24E+00,+6.84E+00,+8.04E+00,+3.495E+00
2,09/2/2026,14:58:41.572,-0.09E+00,-0.05E+00,+0.05E+00,+0.00E+00,-15.26E+00,+7.03E+00,+7.84E+00,+3.594E+00
2,09/2/2026,14:58:41.572,-0.14E+00,-0.05E+00,+0.05E+00,+0.00E+00,-15.28E+00,+7.25E+00,+7.65E+00,+3.701E+00
2,09/2/2026,14:58:41.572,-0.14E+00,-0.05E+00,+0.05E+00,-0.05E+00,-15.29E+00,+7.46E+00,+7.46E+00,+3.800E+00
2,09/2/2026,14:58:41.572,-0.14E+00,-0.05E+00,+0.05E+00,-0.05E+00,-15.31E+00,+7.66E+00,+7.26E+00,+3.899E+00
2,09/2/2026,14:58:41.572,-0.14E+00,-0.05E+00,+0.05E+00,+0.00E+00,-15.31E+00,+7.87E+00,+7.07E+00,+4.006E+00
2,09/2/2026,14:58:41.572,-0.09E+00,-0.05E+00,+0.05E+00,+0.00E+00,-15.31E+00,+8.07E+00,+6.88E+00,+4.105E+00
2,09/2/2026,14:58:41.572,-0.09E+00,-0.05E+00,+0.05E+00,+0.00E+00,-15.32E+00,+8.29E+00,+6.67E+00,+4.204E+00
2,09/2/2026,14:58:41.572,-0.09E+00,-0.05E+00,+0.05E+00,+0.00E+00,-15.32E+00,+8.48E+00,+6.47E+00,+4.303E+00
2,09/2/2026,14:58:41.572,-0.09E+00,-0.05E+00,+0.05E+00,+0.00E+00,-15.32E+00,+8.68E+00,+6.27E+00,+4.403E+00
2,09/2/2026,14:58:41.572,-0.14E+00,-0.05E+00,+0.05E+00,-0.05E+00,-15.34E+00,+8.88E+00,+6.07E+00,+4.502E+00
2,09/2/2026,14:58:41.572,-0.09E+00,-0.05E+00,+0.05E+00,-0.05E+00,-15.34E+00,+9.10E+00,+5.86E+00,+4.601E+00
2,09/2/2026,14:58:41.572,-0.09E+00,-0.05E+00,+0.05E+00,+0.00E+00,-15.32E+00,+9.29E+00,+5.66E+00,+4.708E+00
2,09/2/2026,14:58:41.572,-0.09E+00,-0.05E+00,+0.05E+00,-0.05E+00,-15.31E+00,+9.49E+00,+5.45E+00,+4.807E+00
2,09/2/2026,14:58:41.572,-0.09E+00,-0.05E+00,+0.05E+00,+0.00E+00,-15.31E+00,+9.71E+00,+5.22E+00,+4.906E+00
2,09/2/2026,14:58:41.572,-0.09E+00,-0.05E+00,+0.05E+00,-0.05E+00,-15.29E+00,+9.92E+00,+5.01E+00,+5.013E+00
2,09/2/2026,14:58:41.572,-0.09E+00,-0.05E+00,+0.05E+00,-0.05E+00,-15.28E+00,+10.12E+00,+4.79E+00,+5.112E+00
2,09/2/2026,14:58:41.572,-0.09E+00,-0.05E+00,+0.05E+00,-0.05E+00,-15.24E+00,+10.32E+00,+4.56E+00,+5.211E+00
2,09/2/2026,14:58:41.573,-0.09E+00,-0.05E+00,+0.05E+00,+0.00E+00,-15.23E+00,+10.51E+00,+4.33E+00,+5.311E+00
2,09/2/2026,14:58:41.573,-0.09E+00,-0.05E+00,+0.05E+00,+0.00E+00,-15.20E+00,+10.71E+00,+4.10E+00,+5.410E+00
2,09/2/2026,14:58:41.573,-0.09E+00,-0.05E+00,+0.00E+00,+0.00E+00,-15.15E+00,+10.91E+00,+3.88E+00,+5.501E+00
2,09/2/2026,14:58:41.573,-0.09E+00,-0.05E+00,+0.05E+00,+0.00E+00,-15.09E+00,+11.09E+00,+3.65E+00,+5.585E+00
2,09/2/2026,14:58:41.573,-0.09E+00,-0.05E+00,+0.05E+00,+0.00E+00,-15.05E+00,+11.25E+00,+3.42E+00,+5.669E+00
2,09/2/2026,14:58:41.573,-0.09E+00,-0.05E+00,+0.05E+00,-0.05E+00,-14.99E+00,+11.41E+00,+3.19E+00,+5.753E+00
2,09/2/2026,14:58:41.573,-0.09E+00,-0.05E+00,+0.05E+00,+0.00E+00,-14.91E+00,+11.58E+00,+2.96E+00,+5.829E+00
2,09/2/2026,14:58:41.573,-0.09E+00,-0.05E+00,+0.05E+00,+0.00E+00,-14.83E+00,+11.74E+00,+2.72E+00,+5.906E+00
2,09/2/2026,14:58:41.573,-0.09E+00,-0.05E+00,+0.05E+00,+0.00E+00,-14.74E+00,+11.89E+00,+2.49E+00,+5.982E+00
2,09/2/2026,14:58:41.573,-0.09E+00,-0.05E+00,+0.05E+00,-0.05E+00,-14.65E+00,+12.04E+00,+2.24E+00,+6.058E+00
2,09/2/2026,14:58:41.573,-0.14E+00,-0.05E+00,+0.05E+00,+0.00E+00,-14.56E+00,+12.18E+00,+2.01E+00,+6.127E+00
2,09/2/2026,14:58:41.573,-0.09E+00,-0.05E+00,+0.05E+00,+0.00E+00,-14.47E+00,+12.31E+00,+1.77E+00,+6.196E+00
2,09/2/2026,14:58:41.573,-0.09E+00,-0.05E+00,+0.05E+00,+0.00E+00,-14.34E+00,+12.45E+00,+1.51E+00,+6.264E+00
2,09/2/2026,14:58:41.573,-0.09E+00,-0.05E+00,+0.05E+00,+0.00E+00,-14.22E+00,+12.59E+00,+1.27E+00,+6.325E+00
2,09/2/2026,14:58:41.573,-0.09E+00,-0.05E+00,+0.05E+00,+0.00E+00,-14.12E+00,+12.73E+00,+1.02E+00,+6.394E+00
2,09/2/2026,14:58:41.573,-0.09E+00,-0.05E+00,+0.05E+00,+0.00E+00,-13.99E+00,+12.86E+00,+0.76E+00,+6.455E+00
2,09/2/2026,14:58:41.573,-0.14E+00,-0.05E+00,+0.05E+00,+0.00E+00,-13.86E+00,+12.99E+00,+0.50E+00,+6.524E+00
2,09/2/2026,14:58:41.573,-0.14E+00,-0.05E+00,+0.05E+00,-0.05E+00,-13.72E+00,+13.11E+00,+0.24E+00,+6.585E+00
2,09/2/2026,14:58:41.573,-0.09E+00,-0.05E+00,+0.05E+00,-0.05E+00,-13.60E+00,+13.23E+00,+0.00E+00,+6.638E+00
2,09/2/2026,14:58:41.573,-0.09E+00,-0.05E+00,+0.05E+00,+0.00E+00,-13.46E+00,+13.34E+00,-0.26E+00,+6.699E+00
2,09/2/2026,14:58:41.574,-0.14E+00,-0.05E+00,+0.05E+00,+0.00E+00,-13.32E+00,+13.46E+00,-0.52E+00,+6.753E+00
2,09/2/2026,14:58:41.574,-0.14E+00,-0.05E+00,+0.05E+00,-0.05E+00,-13.17E+00,+13.57E+00,-0.76E+00,+6.806E+00
2,09/2/2026,14:58:41.574,-0.09E+00,-0.05E+00,+0.05E+00,-0.05E+00,-13.02E+00,+13.67E+00,-1.02E+00,+6.852E+00
2,09/2/2026,14:58:41.574,-0.09E+00,-0.05E+00,+0.05E+00,-0.05E+00,-12.86E+00,+13.76E+00,-1.27E+00,+6.898E+00
2,09/2/2026,14:58:41.574,-0.09E+00,-0.05E+00,+0.05E+00,+0.00E+00,-12.71E+00,+13.86E+00,-1.53E+00,+6.943E+00
2,09/2/2026,14:58:41.574,-0.09E+00,-0.05E+00,+0.05E+00,-0.05E+00,-12.54E+00,+13.95E+00,-1.79E+00,+6.989E+00
2,09/2/2026,14:58:41.574,-0.09E+00,-0.05E+00,+0.05E+00,-0.05E+00,-12.38E+00,+14.04E+00,-2.04E+00,+7.035E+00
2,09/2/2026,14:58:41.574,-0.14E+00,-0.05E+00,+0.05E+00,+0.00E+00,-12.21E+00,+14.13E+00,-2.29E+00,+7.073E+00
2,09/2/2026,14:58:41.574,-0.14E+00,-0.05E+00,+0.05E+00,+0.00E+00,-12.04E+00,+14.21E+00,-2.55E+00,+7.111E+00
2,09/2/2026,14:58:41.574,-0.14E+00,-0.05E+00,+0.05E+00,-0.05E+00,-11.86E+00,+14.28E+00,-2.79E+00,+7.149E+00
2,09/2/2026,14:58:41.574,-0.09E+00,-0.05E+00,+0.05E+00,+0.00E+00,-11.69E+00,+14.36E+00,-3.05E+00,+7.188E+00
2,09/2/2026,14:58:41.574,-0.09E+00,-0.05E+00,+0.05E+00,+0.00E+00,-11.51E+00,+14.44E+00,-3.30E+00,+7.226E+00
2,09/2/2026,14:58:41.574,-0.09E+00,-0.05E+00,+0.05E+00,+0.00E+00,-11.34E+00,+14.51E+00,-3.54E+00,+7.256E+00
2,09/2/2026,14:58:41.574,-0.14E+00,-0.05E+00,+0.05E+00,+0.00E+00,-11.17E+00,+14.57E+00,-3.78E+00,+7.287E+00
2,09/2/2026,14:58:41.574,-0.14E+00,-0.05E+00,+0.05E+00,+0.00E+00,-10.99E+00,+14.63E+00,-4.03E+00,+7.325E+00
2,09/2/2026,14:58:41.574,-0.14E+00,-0.05E+00,+0.05E+00,+0.00E+00,-10.82E+00,+14.70E+00,-4.26E+00,+7.348E+00
2,09/2/2026,14:58:41.574,-0.09E+00,-0.05E+00,+0.05E+00,+0.00E+00,-10.64E+00,+14.76E+00,-4.50E+00,+7.378E+00
2,09/2/2026,14:58:41.574,-0.09E+00,-0.05E+00,+0.05E+00,+0.00E+00,-10.45E+00,+14.80E+00,-4.73E+00,+7.401E+00
2,09/2/2026,14:58:41.574,-0.09E+00,-0.05E+00,+0.05E+00,+0.00E+00,-10.27E+00,+14.85E+00,-4.94E+00,+7.424E+00
2,09/2/2026,14:58:41.574,-0.09E+00,-0.05E+00,+0.05E+00,+0.00E+00,-10.09E+00,+14.89E+00,-5.17E+00,+7.447E+00
2,09/2/2026,14:58:41.575,-0.14E+00,-0.05E+00,+0.05E+00,+0.00E+00,-9.92E+00,+14.92E+00,-5.40E+00,+7.462E+00
2,09/2/2026,14:58:41.575,-0.14E+00,-0.05E+00,+0.05E+00,-0.05E+00,-9.74E+00,+14.97E+00,-5.62E+00,+7.477E+00
2,09/2/2026,14:58:41.575,-0.09E+00,-0.05E+00,+0.05E+00,+0.00E+00,-9.54E+00,+15.02E+00,-5.84E+00,+7.493E+00
2,09/2/2026,14:58:41.575,-0.09E+00,-0.05E+00,+0.05E+00,+0.00E+00,-9.37E+00,+15.03E+00,-6.06E+00,+7.508E+00
2,09/2/2026,14:58:41.575,-0.14E+00,-0.05E+00,+0.05E+00,+0.00E+00,-9.17E+00,+15.06E+00,-6.27E+00,+7.523E+00
2,09/2/2026,14:58:41.575,-0.09E+00,-0.05E+00,+0.05E+00,-0.05E+00,-8.99E+00,+15.11E+00,-6.49E+00,+7.539E+00
2,09/2/2026,14:58:41.575,-0.14E+00,-0.05E+00,+0.05E+00,-0.05E+00,-8.81E+00,+15.12E+00,-6.70E+00,+7.554E+00
2,09/2/2026,14:58:41.575,-0.14E+00,-0.05E+00,+0.05E+00,+0.00E+00,-8.62E+00,+15.15E+00,-6.90E+00,+7.561E+00
2,09/2/2026,14:58:41.575,-0.09E+00,-0.05E+00,+0.00E+00,+0.00E+00,-8.45E+00,+15.18E+00,-7.11E+00,+7.577E+00
2,09/2/2026,14:58:41.575,-0.09E+00,-0.05E+00,+0.00E+00,+0.00E+00,-8.27E+00,+15.20E+00,-7.32E+00,+7.584E+00
2,09/2/2026,14:58:41.575,-0.09E+00,-0.05E+00,+0.05E+00,+0.00E+00,-8.07E+00,+15.23E+00,-7.52E+00,+7.592E+00
2,09/2/2026,14:58:41.575,-0.14E+00,-0.05E+00,+0.05E+00,+0.00E+00,-7.89E+00,+15.24E+00,-7.74E+00,+7.607E+00
2,09/2/2026,14:58:41.575,-0.14E+00,-0.05E+00,+0.05E+00,+0.00E+00,-7.71E+00,+15.26E+00,-7.95E+00,+7.615E+00
2,09/2/2026,14:58:41.575,-0.09E+00,-0.05E+00,+0.05E+00,+0.00E+00,-7.51E+00,+15.28E+00,-8.16E+00,+7.615E+00
2,09/2/2026,14:58:41.575,-0.09E+00,-0.05E+00,+0.05E+00,+0.00E+00,-7.31E+00,+15.29E+00,-8.36E+00,+7.622E+00
2,09/2/2026,14:58:41.575,-0.14E+00,-0.05E+00,+0.05E+00,-0.05E+00,-7.11E+00,+15.31E+00,-8.58E+00,+7.622E+00
2,09/2/2026,14:58:41.575,-0.14E+00,-0.05E+00,+0.05E+00,+0.00E+00,-6.91E+00,+15.31E+00,-8.77E+00,+7.630E+00
2,09/2/2026,14:58:41.575,-0.14E+00,-0.05E+00,+0.05E+00,+0.00E+00,-6.71E+00,+15.31E+00,-8.97E+00,+7.630E+00
2,09/2/2026,14:58:41.575,-0.14E+00,-0.05E+00,+0.05E+00,-0.05E+00,-6.52E+00,+15.31E+00,-9.17E+00,+7.630E+00
2,09/2/2026,14:58:41.575,-0.09E+00,-0.05E+00,+0.05E+00,+0.00E+00,-6.32E+00,+15.31E+00,-9.37E+00,+7.630E+00
2,09/2/2026,14:58:41.576,-0.09E+00,-0.05E+00,+0.05E+00,+0.00E+00,-6.10E+00,+15.32E+00,-9.58E+00,+7.630E+00
2,09/2/2026,14:58:41.576,-0.09E+00,-0.05E+00,+0.05E+00,+0.00E+00,-5.91E+00,+15.31E+00,-9.78E+00,+7.622E+00
2,09/2/2026,14:58:41.576,-0.09E+00,-0.09E+00,+0.05E+00,-0.05E+00,-5.71E+00,+15.31E+00,-9.98E+00,+7.615E+00
2,09/2/2026,14:58:41.576,-0.14E+00,-0.05E+00,+0.05E+00,-0.05E+00,-5.49E+00,+15.31E+00,-10.19E+00,+7.615E+00
2,09/2/2026,14:58:41.576,-0.14E+00,-0.05E+00,+0.05E+00,-0.05E+00,-5.28E+00,+15.29E+00,-10.39E+00,+7.607E+00
2,09/2/2026,14:58:41.576,-0.09E+00,-0.05E+00,+0.05E+00,-0.05E+00,-5.07E+00,+15.28E+00,-10.59E+00,+7.600E+00
2,09/2/2026,14:58:41.576,-0.09E+00,-0.05E+00,+0.05E+00,+0.00E+00,-4.85E+00,+15.26E+00,-10.79E+00,+7.592E+00
2,09/2/2026,14:58:41.576,-0.09E+00,-0.05E+00,+0.05E+00,+0.00E+00,-4.62E+00,+15.23E+00,-10.99E+00,+7.577E+00
2,09/2/2026,14:58:41.576,-0.09E+00,-0.05E+00,+0.05E+00,+0.00E+00,-4.41E+00,+15.20E+00,-11.19E+00,+7.561E+00
2,09/2/2026,14:58:41.576,-0.09E+00,-0.05E+00,+0.05E+00,+0.00E+00,-4.20E+00,+15.15E+00,-11.35E+00,+7.539E+00
2,09/2/2026,14:58:41.576,-0.09E+00,-0.05E+00,+0.05E+00,+0.00E+00,-3.97E+00,+15.11E+00,-11.54E+00,+7.516E+00
2,09/2/2026,14:58:41.576,-0.09E+00,-0.05E+00,+0.05E+00,+0.00E+00,-3.74E+00,+15.05E+00,-11.70E+00,+7.477E+00
2,09/2/2026,14:58:41.576,-0.09E+00,-0.05E+00,+0.05E+00,-0.05E+00,-3.49E+00,+14.97E+00,-11.86E+00,+7.447E+00
2,09/2/2026,14:58:41.576,-0.09E+00,-0.05E+00,+0.05E+00,+0.00E+00,-3.27E+00,+14.89E+00,-11.99E+00,+7.401E+00
2,09/2/2026,14:58:41.576,-0.09E+00,-0.05E+00,+0.05E+00,+0.00E+00,-3.04E+00,+14.80E+00,-12.13E+00,+7.348E+00
2,09/2/2026,14:58:41.576,-0.14E+00,-0.05E+00,+0.05E+00,-0.05E+00,-2.81E+00,+14.70E+00,-12.27E+00,+7.302E+00
2,09/2/2026,14:58:41.576,-0.09E+00,-0.05E+00,+0.05E+00,-0.05E+00,-2.56E+00,+14.60E+00,-12.42E+00,+7.249E+00
2,09/2/2026,14:58:41.576,-0.09E+00,-0.05E+00,+0.05E+00,+0.00E+00,-2.33E+00,+14.50E+00,-12.54E+00,+7.195E+00
2,09/2/2026,14:58:41.576,-0.09E+00,-0.05E+00,+0.05E+00,+0.00E+00,-2.09E+00,+14.38E+00,-12.68E+00,+7.142E+00
2,09/2/2026,14:58:41.576,-0.09E+00,-0.05E+00,+0.05E+00,+0.00E+00,-1.85E+00,+14.27E+00,-12.82E+00,+7.088E+00
2,09/2/2026,14:58:41.577,-0.09E+00,-0.05E+00,+0.05E+00,+0.00E+00,-1.59E+00,+14.16E+00,-12.94E+00,+7.027E+00
2,09/2/2026,14:58:41.577,-0.14E+00,-0.05E+00,+0.00E+00,-0.05E+00,-1.34E+00,+14.04E+00,-13.06E+00,+6.966E+00
2,09/2/2026,14:58:41.577,-0.09E+00,-0.05E+00,+0.05E+00,-0.05E+00,-1.10E+00,+13.90E+00,-13.18E+00,+6.898E+00
2,09/2/2026,14:58:41.577,-0.09E+00,-0.05E+00,+0.05E+00,+0.00E+00,-0.84E+00,+13.76E+00,-13.31E+00,+6.829E+00
2,09/2/2026,14:58:41.577,-0.09E+00,-0.05E+00,+0.05E+00,+0.00E+00,-0.60E+00,+13.63E+00,-13.41E+00,+6.760E+00
2,09/2/2026,14:58:41.577,-0.09E+00,-0.05E+00,+0.05E+00,+0.00E+00,-0.35E+00,+13.49E+00,-13.52E+00,+6.692E+00
2,09/2/2026,14:58:41.577,-0.09E+00,-0.05E+00,+0.05E+00,-0.05E+00,-0.09E+00,+13.35E+00,-13.64E+00,+6.623E+00
2,09/2/2026,14:58:41.577,-0.14E+00,-0.05E+00,+0.05E+00,-0.05E+00,+0.15E+00,+13.22E+00,-13.75E+00,+6.547E+00
2,09/2/2026,14:58:41.577,-0.14E+00,-0.05E+00,+0.05E+00,+0.00E+00,+0.41E+00,+13.06E+00,-13.86E+00,+6.470E+00
2,09/2/2026,14:58:41.577,-0.09E+00,-0.05E+00,+0.05E+00,+0.00E+00,+0.66E+00,+12.91E+00,-13.96E+00,+6.402E+00
2,09/2/2026,14:58:41.577,-0.09E+00,-0.05E+00,+0.05E+00,-0.05E+00,+0.90E+00,+12.76E+00,-14.05E+00,+6.325E+00
2,09/2/2026,14:58:41.577,-0.09E+00,-0.05E+00,+0.05E+00,+0.00E+00,+1.16E+00,+12.60E+00,-14.15E+00,+6.241E+00
2,09/2/2026,14:58:41.577,-0.09E+00,-0.05E+00,+0.05E+00,+0.00E+00,+1.42E+00,+12.44E+00,-14.24E+00,+6.157E+00
2,09/2/2026,14:58:41.577,-0.14E+00,-0.05E+00,+0.05E+00,+0.00E+00,+1.66E+00,+12.28E+00,-14.31E+00,+6.081E+00
2,09/2/2026,14:58:41.577,-0.09E+00,-0.05E+00,+0.05E+00,+0.00E+00,+1.92E+00,+12.12E+00,-14.39E+00,+5.997E+00
2,09/2/2026,14:58:41.577,-0.09E+00,-0.05E+00,+0.05E+00,-0.05E+00,+2.15E+00,+11.95E+00,-14.48E+00,+5.913E+00
2,09/2/2026,14:58:41.577,-0.09E+00,-0.05E+00,+0.05E+00,+0.00E+00,+2.41E+00,+11.78E+00,-14.54E+00,+5.829E+00
2,09/2/2026,14:58:41.577,-0.09E+00,-0.05E+00,+0.05E+00,+0.00E+00,+2.64E+00,+11.61E+00,-14.62E+00,+5.745E+00
2,09/2/2026,14:58:41.577,-0.14E+00,-0.05E+00,+0.05E+00,+0.00E+00,+2.87E+00,+11.43E+00,-14.68E+00,+5.654E+00
2,09/2/2026,14:58:41.577,-0.14E+00,-0.05E+00,+0.05E+00,-0.05E+00,+3.11E+00,+11.26E+00,-14.74E+00,+5.570E+00
2,09/2/2026,14:58:41.578,-0.09E+00,-0.05E+00,+0.05E+00,+0.00E+00,+3.34E+00,+11.09E+00,-14.80E+00,+5.478E+00
2,09/2/2026,14:58:41.578,-0.09E+00,-0.05E+00,+0.05E+00,+0.00E+00,+3.59E+00,+10.91E+00,-14.86E+00,+5.394E+00
2,09/2/2026,14:58:41.578,-0.09E+00,-0.05E+00,+0.05E+00,+0.00E+00,+3.80E+00,+10.74E+00,-14.91E+00,+5.303E+00
2,09/2/2026,14:58:41.578,-0.09E+00,-0.05E+00,+0.05E+00,+0.00E+00,+4.03E+00,+10.56E+00,-14.95E+00,+5.219E+00
2,09/2/2026,14:58:41.578,-0.09E+00,-0.05E+00,+0.05E+00,+0.00E+00,+4.26E+00,+10.39E+00,-15.00E+00,+5.127E+00
2,09/2/2026,14:58:41.578,-0.09E+00,-0.05E+00,+0.05E+00,-0.05E+00,+4.47E+00,+10.21E+00,-15.05E+00,+5.036E+00
2,09/2/2026,14:58:41.578,-0.14E+00,-0.05E+00,+0.05E+00,-0.05E+00,+4.70E+00,+10.03E+00,-15.09E+00,+4.944E+00
2,09/2/2026,14:58:41.578,-0.09E+00,-0.05E+00,+0.05E+00,-0.05E+00,+4.90E+00,+9.86E+00,-15.12E+00,+4.853E+00
2,09/2/2026,14:58:41.578,-0.09E+00,-0.05E+00,+0.05E+00,+0.00E+00,+5.13E+00,+9.66E+00,-15.15E+00,+4.769E+00
2,09/2/2026,14:58:41.578,-0.09E+00,-0.05E+00,+0.05E+00,+0.00E+00,+5.34E+00,+9.48E+00,-15.18E+00,+4.670E+00
2,09/2/2026,14:58:41.578,-0.14E+00,-0.05E+00,+0.05E+00,-0.05E+00,+5.55E+00,+9.29E+00,-15.21E+00,+4.578E+00
2,09/2/2026,14:58:41.578,-0.09E+00,-0.05E+00,+0.05E+00,+0.00E+00,+5.77E+00,+9.11E+00,-15.24E+00,+4.486E+00
2,09/2/2026,14:58:41.578,-0.09E+00,-0.05E+00,+0.05E+00,+0.00E+00,+5.97E+00,+8.91E+00,-15.26E+00,+4.387E+00
2,09/2/2026,14:58:41.578,-0.14E+00,-0.05E+00,+0.05E+00,+0.00E+00,+6.18E+00,+8.73E+00,-15.28E+00,+4.296E+00
2,09/2/2026,14:58:41.578,-0.09E+00,-0.05E+00,+0.05E+00,+0.00E+00,+6.39E+00,+8.55E+00,-15.31E+00,+4.204E+00
2,09/2/2026,14:58:41.578,-0.09E+00,-0.05E+00,+0.05E+00,-0.05E+00,+6.59E+00,+8.35E+00,-15.34E+00,+4.113E+00
2,09/2/2026,14:58:41.578,-0.09E+00,-0.05E+00,+0.05E+00,-0.05E+00,+6.81E+00,+8.16E+00,-15.34E+00,+4.013E+00
2,09/2/2026,14:58:41.578,-0.14E+00,-0.05E+00,+0.05E+00,-0.05E+00,+7.02E+00,+7.97E+00,-15.35E+00,+3.922E+00
2,09/2/2026,14:58:41.578,-0.14E+00,-0.05E+00,+0.05E+00,+0.00E+00,+7.23E+00,+7.78E+00,-15.38E+00,+3.823E+00
2,09/2/2026,14:58:41.578,-0.09E+00,-0.05E+00,+0.05E+00,+0.00E+00,+7.43E+00,+7.57E+00,-15.38E+00,+3.723E+00
2,09/2/2026,14:58:41.579,-0.09E+00,-0.05E+00,+0.05E+00,+0.00E+00,+7.63E+00,+7.39E+00,-15.40E+00,+3.624E+00
2,09/2/2026,14:58:41.579,-0.09E+00,-0.05E+00,+0.05E+00,+0.00E+00,+7.84E+00,+7.19E+00,-15.40E+00,+3.525E+00
2,09/2/2026,14:58:41.579,-0.09E+00,-0.05E+00,+0.05E+00,+0.00E+00,+8.06E+00,+6.97E+00,-15.40E+00,+3.426E+00
2,09/2/2026,14:58:41.579,-0.09E+00,-0.05E+00,+0.05E+00,+0.00E+00,+8.26E+00,+6.78E+00,-15.41E+00,+3.327E+00
2,09/2/2026,14:58:41.579,-0.14E+00,-0.05E+00,+0.05E+00,+0.00E+00,+8.47E+00,+6.58E+00,-15.41E+00,+3.220E+00
2,09/2/2026,14:58:41.579,-0.09E+00,-0.05E+00,+0.05E+00,-0.05E+00,+8.68E+00,+6.36E+00,-15.41E+00,+3.113E+00
2,09/2/2026,14:58:41.579,-0.09E+00,-0.05E+00,+0.05E+00,-0.05E+00,+8.88E+00,+6.15E+00,-15.41E+00,+3.006E+00
2,09/2/2026,14:58:41.579,-0.09E+00,-0.05E+00,+0.05E+00,+0.00E+00,+9.11E+00,+5.94E+00,-15.41E+00,+2.899E+00
2,09/2/2026,14:58:41.579,-0.09E+00,-0.05E+00,+0.05E+00,+0.00E+00,+9.32E+00,+5.72E+00,-15.41E+00,+2.793E+00
2,09/2/2026,14:58:41.579,-0.09E+00,-0.05E+00,+0.05E+00,+0.00E+00,+9.52E+00,+5.51E+00,-15.40E+00,+2.686E+00
2,09/2/2026,14:58:41.579,-0.14E+00,-0.05E+00,+0.05E+00,-0.05E+00,+9.74E+00,+5.30E+00,-15.40E+00,+2.579E+00
2,09/2/2026,14:58:41.579,-0.09E+00,-0.05E+00,+0.05E+00,+0.00E+00,+9.95E+00,+5.07E+00,-15.38E+00,+2.472E+00
2,09/2/2026,14:58:41.579,-0.09E+00,-0.05E+00,+0.05E+00,+0.00E+00,+10.15E+00,+4.85E+00,-15.38E+00,+2.365E+00
2,09/2/2026,14:58:41.579,-0.09E+00,-0.05E+00,+0.05E+00,-0.05E+00,+10.35E+00,+4.64E+00,-15.37E+00,+2.259E+00
2,09/2/2026,14:58:41.579,-0.09E+00,-0.05E+00,+0.05E+00,+0.00E+00,+10.54E+00,+4.43E+00,-15.35E+00,+2.152E+00
2,09/2/2026,14:58:41.579,-0.09E+00,-0.05E+00,+0.05E+00,+0.00E+00,+10.73E+00,+4.21E+00,-15.32E+00,+2.045E+00
2,09/2/2026,14:58:41.579,-0.09E+00,-0.05E+00,+0.05E+00,+0.00E+00,+10.91E+00,+4.00E+00,-15.29E+00,+1.938E+00
2,09/2/2026,14:58:41.579,-0.09E+00,-0.05E+00,+0.05E+00,+0.00E+00,+11.09E+00,+3.78E+00,-15.24E+00,+1.824E+00
2,09/2/2026,14:58:41.579,-0.09E+00,-0.05E+00,+0.05E+00,+0.00E+00,+11.28E+00,+3.56E+00,-15.20E+00,+1.717E+00
2,09/2/2026,14:58:41.579,-0.09E+00,-0.05E+00,+0.05E+00,+0.00E+00,+11.45E+00,+3.33E+00,-15.14E+00,+1.602E+00
2,09/2/2026,14:58:41.580,-0.09E+00,-0.05E+00,+0.05E+00,+0.00E+00,+11.61E+00,+3.08E+00,-15.06E+00,+1.480E+00
2,09/2/2026,14:58:41.580,-0.14E+00,-0.05E+00,+0.05E+00,+0.00E+00,+11.77E+00,+2.84E+00,-14.99E+00,+1.358E+00
2,09/2/2026,14:58:41.580,-0.09E+00,-0.05E+00,+0.05E+00,-0.05E+00,+11.92E+00,+2.58E+00,-14.88E+00,+1.236E+00
2,09/2/2026,14:58:41.580,-0.09E+00,-0.05E+00,+0.05E+00,+0.00E+00,+12.06E+00,+2.33E+00,-14.76E+00,+1.106E+00
2,09/2/2026,14:58:41.580,-0.09E+00,-0.05E+00,+0.05E+00,+0.00E+00,+12.18E+00,+2.08E+00,-14.63E+00,+0.984E+00
2,09/2/2026,14:58:41.580,-0.09E+00,-0.05E+00,+0.05E+00,-0.05E+00,+12.31E+00,+1.83E+00,-14.51E+00,+0.862E+00
2,09/2/2026,14:58:41.580,-0.09E+00,-0.09E+00,+0.05E+00,+0.00E+00,+12.44E+00,+1.59E+00,-14.39E+00,+0.732E+00
2,09/2/2026,14:58:41.580,-0.14E+00,-0.05E+00,+0.05E+00,+0.00E+00,+12.56E+00,+1.34E+00,-14.27E+00,+0.610E+00
2,09/2/2026,14:58:41.580,-0.14E+00,-0.05E+00,+0.05E+00,+0.00E+00,+12.67E+00,+1.10E+00,-14.15E+00,+0.488E+00
2,09/2/2026,14:58:41.580,-0.09E+00,-0.05E+00,+0.05E+00,+0.00E+00,+12.79E+00,+0.85E+00,-14.02E+00,+0.374E+00
2,09/2/2026,14:58:41.580,-0.09E+00,-0.05E+00,+0.05E+00,+0.00E+00,+12.93E+00,+0.61E+00,-13.90E+00,+0.252E+00
2,09/2/2026,14:58:41.580,-0.09E+00,-0.05E+00,+0.05E+00,+0.00E+00,+13.03E+00,+0.37E+00,-13.78E+00,+0.130E+00
2,09/2/2026,14:58:41.580,-0.09E+00,-0.05E+00,+0.05E+00,+0.00E+00,+13.15E+00,+0.12E+00,-13.66E+00,+0.008E+00
2,09/2/2026,14:58:41.580,-0.09E+00,-0.05E+00,+0.05E+00,-0.05E+00,+13.26E+00,-0.12E+00,-13.52E+00,-0.107E+00
2,09/2/2026,14:58:41.580,-0.14E+00,-0.05E+00,+0.05E+00,-0.05E+00,+13.37E+00,-0.37E+00,-13.38E+00,-0.237E+00
2,09/2/2026,14:58:41.580,-0.09E+00,-0.05E+00,+0.05E+00,+0.00E+00,+13.46E+00,-0.63E+00,-13.23E+00,-0.359E+00
2,09/2/2026,14:58:41.580,-0.09E+00,-0.05E+00,+0.05E+00,-0.05E+00,+13.57E+00,-0.87E+00,-13.08E+00,-0.481E+00
2,09/2/2026,14:58:41.580,-0.09E+00,-0.05E+00,+0.05E+00,+0.00E+00,+13.66E+00,-1.13E+00,-12.91E+00,-0.610E+00
2,09/2/2026,14:58:41.580,-0.14E+00,-0.05E+00,+0.05E+00,+0.00E+00,+13.73E+00,-1.39E+00,-12.73E+00,-0.740E+00
2,09/2/2026,14:58:41.580,-0.14E+00,-0.05E+00,+0.00E+00,-0.05E+00,+13.83E+00,-1.65E+00,-12.56E+00,-0.870E+00
2,09/2/2026,14:58:41.581,-0.14E+00,-0.05E+00,+0.00E+00,-0.05E+00,+13.90E+00,-1.91E+00,-12.38E+00,-1.000E+00
2,09/2/2026,14:58:41.581,-0.09E+00,-0.05E+00,+0.05E+00,-0.05E+00,+13.98E+00,-2.17E+00,-12.21E+00,-1.122E+00
2,09/2/2026,14:58:41.581,-0.09E+00,-0.05E+00,+0.05E+00,+0.00E+00,+14.05E+00,-2.41E+00,-12.03E+00,-1.244E+00
2,09/2/2026,14:58:41.581,-0.09E+00,-0.05E+00,+0.05E+00,+0.00E+00,+14.13E+00,-2.66E+00,-11.86E+00,-1.373E+00
2,09/2/2026,14:58:41.581,-0.14E+00,-0.05E+00,+0.05E+00,+0.00E+00,+14.21E+00,-2.90E+00,-11.69E+00,-1.495E+00
2,09/2/2026,14:58:41.581,-0.14E+00,-0.05E+00,+0.05E+00,-0.05E+00,+14.27E+00,-3.16E+00,-11.51E+00,-1.618E+00
2,09/2/2026,14:58:41.581,-0.14E+00,-0.05E+00,+0.05E+00,+0.00E+00,+14.34E+00,-3.39E+00,-11.32E+00,-1.732E+00
2,09/2/2026,14:58:41.581,-0.14E+00,-0.05E+00,+0.05E+00,+0.00E+00,+14.42E+00,-3.63E+00,-11.16E+00,-1.854E+00
2,09/2/2026,14:58:41.581,-0.09E+00,-0.05E+00,+0.05E+00,+0.00E+00,+14.48E+00,-3.88E+00,-10.97E+00,-1.976E+00
2,09/2/2026,14:58:41.581,-0.09E+00,-0.05E+00,+0.05E+00,-0.05E+00,+14.54E+00,-4.12E+00,-10.79E+00,-2.091E+00
2,09/2/2026,14:58:41.581,-0.09E+00,-0.05E+00,+0.05E+00,-0.05E+00,+14.59E+00,-4.35E+00,-10.62E+00,-2.205E+00
2,09/2/2026,14:58:41.581,-0.09E+00,-0.05E+00,+0.05E+00,+0.00E+00,+14.65E+00,-4.58E+00,-10.44E+00,-2.327E+00
2,09/2/2026,14:58:41.581,-0.14E+00,-0.09E+00,+0.05E+00,+0.00E+00,+14.70E+00,-4.82E+00,-10.25E+00,-2.442E+00
2,09/2/2026,14:58:41.581,-0.09E+00,-0.05E+00,+0.05E+00,+0.00E+00,+14.74E+00,-5.05E+00,-10.07E+00,-2.556E+00
2,09/2/2026,14:58:41.581,-0.09E+00,-0.05E+00,+0.05E+00,+0.00E+00,+14.77E+00,-5.26E+00,-9.89E+00,-2.663E+00
2,09/2/2026,14:58:41.581,-0.09E+00,-0.05E+00,+0.05E+00,+0.00E+00,+14.80E+00,-5.49E+00,-9.69E+00,-2.770E+00
2,09/2/2026,14:58:41.581,-0.14E+00,-0.05E+00,+0.05E+00,+0.00E+00,+14.85E+00,-5.72E+00,-9.51E+00,-2.884E+00
2,09/2/2026,14:58:41.581,-0.14E+00,-0.09E+00,+0.05E+00,+0.00E+00,+14.88E+00,-5.94E+00,-9.32E+00,-2.991E+00
2,09/2/2026,14:58:41.581,-0.14E+00,-0.05E+00,+0.05E+00,-0.05E+00,+14.91E+00,-6.15E+00,-9.13E+00,-3.098E+00
2,09/2/2026,14:58:41.581,-0.14E+00,-0.05E+00,+0.05E+00,+0.00E+00,+14.92E+00,-6.36E+00,-8.94E+00,-3.205E+00
2,09/2/2026,14:58:41.582,-0.09E+00,-0.05E+00,+0.05E+00,+0.00E+00,+14.95E+00,-6.58E+00,-8.74E+00,-3.311E+00
2,09/2/2026,14:58:41.582,-0.09E+00,-0.05E+00,+0.05E+00,+0.00E+00,+14.97E+00,-6.79E+00,-8.56E+00,-3.418E+00
2,09/2/2026,14:58:41.582,-0.09E+00,-0.05E+00,+0.05E+00,+0.00E+00,+15.00E+00,-6.99E+00,-8.38E+00,-3.517E+00
2,09/2/2026,14:58:41.582,-0.09E+00,-0.09E+00,+0.05E+00,+0.00E+00,+15.02E+00,-7.20E+00,-8.19E+00,-3.624E+00
2,09/2/2026,14:58:41.582,-0.09E+00,-0.05E+00,+0.05E+00,-0.05E+00,+15.03E+00,-7.42E+00,-8.00E+00,-3.723E+00
2,09/2/2026,14:58:41.582,-0.09E+00,-0.05E+00,+0.05E+00,+0.00E+00,+15.05E+00,-7.61E+00,-7.80E+00,-3.823E+00
2,09/2/2026,14:58:41.582,-0.14E+00,-0.05E+00,+0.05E+00,+0.00E+00,+15.06E+00,-7.83E+00,-7.61E+00,-3.929E+00
2,09/2/2026,14:58:41.582,-0.09E+00,-0.05E+00,+0.05E+00,+0.00E+00,+15.08E+00,-8.03E+00,-7.43E+00,-4.029E+00
2,09/2/2026,14:58:41.582,-0.09E+00,-0.05E+00,+0.05E+00,+0.00E+00,+15.09E+00,-8.23E+00,-7.22E+00,-4.128E+00
2,09/2/2026,14:58:41.582,-0.14E+00,-0.05E+00,+0.05E+00,+0.00E+00,+15.09E+00,-8.44E+00,-7.03E+00,-4.227E+00
2,09/2/2026,14:58:41.582,-0.14E+00,-0.05E+00,+0.05E+00,-0.05E+00,+15.09E+00,-8.64E+00,-6.84E+00,-4.326E+00
2,09/2/2026,14:58:41.582,-0.09E+00,-0.05E+00,+0.00E+00,-0.05E+00,+15.09E+00,-8.84E+00,-6.62E+00,-4.425E+00
2,09/2/2026,14:58:41.582,-0.09E+00,-0.05E+00,+0.05E+00,+0.00E+00,+15.09E+00,-9.05E+00,-6.42E+00,-4.525E+00
2,09/2/2026,14:58:41.582,-0.09E+00,-0.05E+00,+0.05E+00,+0.00E+00,+15.08E+00,-9.26E+00,-6.21E+00,-4.631E+00
2,09/2/2026,14:58:41.582,-0.09E+00,-0.05E+00,+0.05E+00,+0.00E+00,+15.08E+00,-9.46E+00,-6.00E+00,-4.731E+00
2,09/2/2026,14:58:41.582,-0.09E+00,-0.05E+00,+0.05E+00,+0.00E+00,+15.08E+00,-9.67E+00,-5.78E+00,-4.837E+00
2,09/2/2026,14:58:41.582,-0.14E+00,-0.05E+00,+0.05E+00,+0.00E+00,+15.06E+00,-9.89E+00,-5.55E+00,-4.937E+00
2,09/2/2026,14:58:41.582,-0.14E+00,-0.05E+00,+0.05E+00,-0.05E+00,+15.05E+00,-10.09E+00,-5.33E+00,-5.043E+00
2,09/2/2026,14:58:41.582,-0.09E+00,-0.05E+00,+0.05E+00,-0.05E+00,+15.03E+00,-10.30E+00,-5.11E+00,-5.143E+00
2,09/2/2026,14:58:41.582,-0.09E+00,-0.05E+00,+0.05E+00,+0.00E+00,+15.02E+00,-10.50E+00,-4.90E+00,-5.242E+00
2,09/2/2026,14:58:41.583,-0.09E+00,-0.05E+00,+0.05E+00,+0.00E+00,+14.99E+00,-10.70E+00,-4.67E+00,-5.341E+00
2,09/2/2026,14:58:41.583,-0.09E+00,-0.05E+00,+0.05E+00,-0.05E+00,+14.95E+00,-10.88E+00,-4.46E+00,-5.433E+00
2,09/2/2026,14:58:41.583,-0.14E+00,-0.05E+00,+0.05E+00,-0.05E+00,+14.91E+00,-11.06E+00,-4.23E+00,-5.517E+00
2,09/2/2026,14:58:41.583,-0.14E+00,-0.05E+00,+0.05E+00,-0.05E+00,+14.86E+00,-11.25E+00,-4.00E+00,-5.608E+00
2,09/2/2026,14:58:41.583,-0.09E+00,-0.05E+00,+0.05E+00,-0.05E+00,+14.80E+00,-11.41E+00,-3.78E+00,-5.692E+00
2,09/2/2026,14:58:41.583,-0.09E+00,-0.05E+00,+0.05E+00,+0.00E+00,+14.74E+00,-11.57E+00,-3.54E+00,-5.776E+00
2,09/2/2026,14:58:41.583,-0.09E+00,-0.05E+00,+0.00E+00,+0.00E+00,+14.67E+00,-11.74E+00,-3.31E+00,-5.852E+00
2,09/2/2026,14:58:41.583,-0.14E+00,-0.05E+00,+0.05E+00,-0.05E+00,+14.59E+00,-11.90E+00,-3.07E+00,-5.929E+00
2,09/2/2026,14:58:41.583,-0.14E+00,-0.05E+00,+0.05E+00,+0.00E+00,+14.51E+00,-12.06E+00,-2.82E+00,-6.005E+00
2,09/2/2026,14:58:41.583,-0.14E+00,-0.05E+00,+0.05E+00,+0.00E+00,+14.42E+00,-12.21E+00,-2.58E+00,-6.081E+00
2,09/2/2026,14:58:41.583,-0.09E+00,-0.05E+00,+0.05E+00,+0.00E+00,+14.33E+00,-12.36E+00,-2.33E+00,-6.157E+00
2,09/2/2026,14:58:41.583,-0.09E+00,-0.05E+00,+0.05E+00,+0.00E+00,+14.22E+00,-12.50E+00,-2.09E+00,-6.226E+00
2,09/2/2026,14:58:41.583,-0.09E+00,-0.05E+00,+0.05E+00,+0.00E+00,+14.12E+00,-12.64E+00,-1.85E+00,-6.295E+00
2,09/2/2026,14:58:41.583,-0.14E+00,-0.05E+00,+0.05E+00,+0.00E+00,+13.99E+00,-12.77E+00,-1.60E+00,-6.356E+00
2,09/2/2026,14:58:41.583,-0.09E+00,-0.05E+00,+0.05E+00,-0.05E+00,+13.89E+00,-12.89E+00,-1.34E+00,-6.425E+00
2,09/2/2026,14:58:41.583,-0.09E+00,-0.05E+00,+0.05E+00,-0.05E+00,+13.76E+00,-13.03E+00,-1.10E+00,-6.486E+00
2,09/2/2026,14:58:41.583,-0.09E+00,-0.05E+00,+0.05E+00,-0.05E+00,+13.63E+00,-13.15E+00,-0.85E+00,-6.547E+00
2,09/2/2026,14:58:41.583,-0.09E+00,-0.05E+00,+0.05E+00,+0.00E+00,+13.51E+00,-13.26E+00,-0.61E+00,-6.600E+00
2,09/2/2026,14:58:41.583,-0.09E+00,-0.05E+00,+0.05E+00,+0.00E+00,+13.37E+00,-13.38E+00,-0.35E+00,-6.661E+00
2,09/2/2026,14:58:41.583,-0.14E+00,-0.05E+00,+0.05E+00,+0.00E+00,+13.23E+00,-13.51E+00,-0.11E+00,-6.714E+00
2,09/2/2026,14:58:41.584,-0.14E+00,-0.05E+00,+0.05E+00,-0.05E+00,+13.09E+00,-13.61E+00,+0.15E+00,-6.768E+00
2,09/2/2026,14:58:41.584,-0.09E+00,-0.05E+00,+0.05E+00,-0.05E+00,+12.94E+00,-13.72E+00,+0.41E+00,-6.829E+00
2,09/2/2026,14:58:41.584,-0.09E+00,-0.05E+00,+0.05E+00,+0.00E+00,+12.79E+00,-13.83E+00,+0.67E+00,-6.875E+00
2,09/2/2026,14:58:41.584,-0.09E+00,-0.05E+00,+0.05E+00,+0.00E+00,+12.64E+00,-13.93E+00,+0.93E+00,-6.920E+00
2,09/2/2026,14:58:41.584,-0.14E+00,-0.05E+00,+0.05E+00,+0.00E+00,+12.47E+00,-14.02E+00,+1.18E+00,-6.974E+00
2,09/2/2026,14:58:41.584,-0.09E+00,-0.05E+00,+0.05E+00,+0.00E+00,+12.30E+00,-14.12E+00,+1.43E+00,-7.020E+00
2,09/2/2026,14:58:41.584,-0.09E+00,-0.05E+00,+0.05E+00,+0.00E+00,+12.15E+00,-14.21E+00,+1.69E+00,-7.058E+00
2,09/2/2026,14:58:41.584,-0.09E+00,-0.05E+00,+0.05E+00,+0.00E+00,+11.98E+00,-14.30E+00,+1.95E+00,-7.096E+00
2,09/2/2026,14:58:41.584,-0.09E+00,-0.05E+00,+0.05E+00,+0.00E+00,+11.81E+00,-14.38E+00,+2.20E+00,-7.142E+00
2,09/2/2026,14:58:41.584,-0.09E+00,-0.05E+00,+0.05E+00,+0.00E+00,+11.63E+00,-14.45E+00,+2.44E+00,-7.180E+00
2,09/2/2026,14:58:41.584,-0.09E+00,-0.05E+00,+0.05E+00,+0.00E+00,+11.46E+00,-14.53E+00,+2.70E+00,-7.210E+00
2,09/2/2026,14:58:41.584,-0.14E+00,-0.05E+00,+0.05E+00,-0.05E+00,+11.29E+00,-14.59E+00,+2.95E+00,-7.241E+00
2,09/2/2026,14:58:41.584,-0.09E+00,-0.05E+00,+0.05E+00,+0.00E+00,+11.11E+00,-14.67E+00,+3.19E+00,-7.279E+00
2,09/2/2026,14:58:41.584,-0.09E+00,-0.05E+00,+0.05E+00,+0.00E+00,+10.94E+00,-14.74E+00,+3.42E+00,-7.310E+00
2,09/2/2026,14:58:41.584,-0.09E+00,-0.05E+00,+0.05E+00,+0.00E+00,+10.76E+00,-14.80E+00,+3.66E+00,-7.340E+00
2,09/2/2026,14:58:41.584,-0.09E+00,-0.05E+00,+0.05E+00,+0.00E+00,+10.59E+00,-14.86E+00,+3.91E+00,-7.371E+00
2,09/2/2026,14:58:41.584,-0.09E+00,-0.05E+00,+0.05E+00,-0.05E+00,+10.41E+00,-14.91E+00,+4.14E+00,-7.394E+00
2,09/2/2026,14:58:41.584,-0.14E+00,-0.05E+00,+0.05E+00,-0.05E+00,+10.24E+00,-14.97E+00,+4.36E+00,-7.424E+00
2,09/2/2026,14:58:41.584,-0.09E+00,-0.05E+00,+0.05E+00,-0.05E+00,+10.06E+00,-15.02E+00,+4.59E+00,-7.447E+00
2,09/2/2026,14:58:41.584,-0.14E+00,-0.05E+00,+0.05E+00,+0.00E+00,+9.87E+00,-15.06E+00,+4.81E+00,-7.462E+00
2,09/2/2026,14:58:41.585,-0.14E+00,-0.05E+00,+0.05E+00,+0.00E+00,+9.71E+00,-15.11E+00,+5.04E+00,-7.485E+00
2,09/2/2026,14:58:41.585,-0.09E+00,-0.05E+00,+0.05E+00,+0.00E+00,+9.51E+00,-15.14E+00,+5.25E+00,-7.508E+00
2,09/2/2026,14:58:41.585,-0.09E+00,-0.05E+00,+0.05E+00,-0.05E+00,+9.34E+00,-15.18E+00,+5.48E+00,-7.523E+00
2,09/2/2026,14:58:41.585,-0.09E+00,-0.05E+00,+0.05E+00,-0.05E+00,+9.16E+00,-15.21E+00,+5.69E+00,-7.539E+00
2,09/2/2026,14:58:41.585,-0.14E+00,-0.05E+00,+0.05E+00,-0.05E+00,+8.97E+00,-15.24E+00,+5.92E+00,-7.554E+00
2,09/2/2026,14:58:41.585,-0.09E+00,-0.05E+00,+0.05E+00,-0.05E+00,+8.79E+00,-15.28E+00,+6.12E+00,-7.569E+00
2,09/2/2026,14:58:41.585,-0.09E+00,-0.05E+00,+0.05E+00,+0.00E+00,+8.61E+00,-15.31E+00,+6.33E+00,-7.584E+00
2,09/2/2026,14:58:41.585,-0.14E+00,-0.05E+00,+0.05E+00,+0.00E+00,+8.42E+00,-15.34E+00,+6.55E+00,-7.592E+00
2,09/2/2026,14:58:41.585,-0.09E+00,-0.05E+00,+0.05E+00,+0.00E+00,+8.23E+00,-15.37E+00,+6.76E+00,-7.600E+00
2,09/2/2026,14:58:41.585,-0.09E+00,-0.05E+00,+0.05E+00,+0.00E+00,+8.06E+00,-15.38E+00,+6.97E+00,-7.615E+00
2,09/2/2026,14:58:41.585,-0.09E+00,-0.05E+00,+0.05E+00,+0.00E+00,+7.87E+00,-15.41E+00,+7.17E+00,-7.622E+00
2,09/2/2026,14:58:41.585,-0.09E+00,-0.05E+00,+0.05E+00,-0.05E+00,+7.68E+00,-15.43E+00,+7.37E+00,-7.630E+00
2,09/2/2026,14:58:41.585,-0.09E+00,-0.05E+00,+0.05E+00,+0.00E+00,+7.49E+00,-15.44E+00,+7.58E+00,-7.638E+00
2,09/2/2026,14:58:41.585,-0.14E+00,-0.05E+00,+0.05E+00,+0.00E+00,+7.29E+00,-15.46E+00,+7.78E+00,-7.645E+00
2,09/2/2026,14:58:41.585,-0.09E+00,-0.05E+00,+0.05E+00,-0.05E+00,+7.11E+00,-15.47E+00,+8.00E+00,-7.653E+00
2,09/2/2026,14:58:41.585,-0.09E+00,-0.05E+00,+0.05E+00,-0.05E+00,+6.91E+00,-15.47E+00,+8.21E+00,-7.653E+00
2,09/2/2026,14:58:41.585,-0.14E+00,-0.05E+00,+0.05E+00,+0.00E+00,+6.73E+00,-15.49E+00,+8.41E+00,-7.661E+00
2,09/2/2026,14:58:41.585,-0.09E+00,-0.05E+00,+0.05E+00,+0.00E+00,+6.52E+00,-15.50E+00,+8.61E+00,-7.661E+00
2,09/2/2026,14:58:41.585,-0.09E+00,-0.05E+00,+0.05E+00,+0.00E+00,+6.32E+00,-15.50E+00,+8.81E+00,-7.661E+00
2,09/2/2026,14:58:41.585,-0.14E+00,-0.05E+00,+0.05E+00,-0.05E+00,+6.12E+00,-15.50E+00,+9.02E+00,-7.661E+00
2,09/2/2026,14:58:41.586,-0.09E+00,-0.05E+00,+0.05E+00,+0.00E+00,+5.91E+00,-15.49E+00,+9.22E+00,-7.661E+00
2,09/2/2026,14:58:41.586,-0.09E+00,-0.05E+00,+0.05E+00,+0.00E+00,+5.69E+00,-15.49E+00,+9.42E+00,-7.653E+00
2,09/2/2026,14:58:41.586,-0.14E+00,-0.05E+00,+0.05E+00,-0.05E+00,+5.49E+00,-15.49E+00,+9.63E+00,-7.653E+00
2,09/2/2026,14:58:41.586,-0.14E+00,-0.05E+00,+0.05E+00,-0.05E+00,+5.28E+00,-15.47E+00,+9.84E+00,-7.645E+00
2,09/2/2026,14:58:41.586,-0.09E+00,-0.05E+00,+0.05E+00,-0.05E+00,+5.07E+00,-15.46E+00,+10.04E+00,-7.638E+00
2,09/2/2026,14:58:41.586,-0.14E+00,-0.05E+00,+0.05E+00,-0.05E+00,+4.84E+00,-15.46E+00,+10.25E+00,-7.630E+00
2,09/2/2026,14:58:41.586,-0.09E+00,-0.05E+00,+0.05E+00,+0.00E+00,+4.62E+00,-15.44E+00,+10.45E+00,-7.622E+00
2,09/2/2026,14:58:41.586,-0.09E+00,-0.05E+00,+0.05E+00,+0.00E+00,+4.39E+00,-15.41E+00,+10.65E+00,-7.607E+00
2,09/2/2026,14:58:41.586,-0.14E+00,-0.05E+00,+0.05E+00,+0.00E+00,+4.18E+00,-15.40E+00,+10.83E+00,-7.592E+00
2,09/2/2026,14:58:41.586,-0.09E+00,-0.05E+00,+0.05E+00,+0.00E+00,+3.97E+00,-15.35E+00,+11.00E+00,-7.577E+00
2,09/2/2026,14:58:41.586,-0.09E+00,-0.05E+00,+0.05E+00,+0.00E+00,+3.74E+00,-15.29E+00,+11.17E+00,-7.546E+00
2,09/2/2026,14:58:41.586,-0.09E+00,-0.05E+00,+0.05E+00,-0.05E+00,+3.53E+00,-15.23E+00,+11.34E+00,-7.508E+00
2,09/2/2026,14:58:41.586,-0.09E+00,-0.05E+00,+0.05E+00,-0.05E+00,+3.30E+00,-15.15E+00,+11.49E+00,-7.470E+00
2,09/2/2026,14:58:41.586,-0.09E+00,-0.05E+00,+0.05E+00,-0.05E+00,+3.05E+00,-15.06E+00,+11.64E+00,-7.424E+00
2,09/2/2026,14:58:41.586,-0.14E+00,-0.05E+00,+0.05E+00,+0.00E+00,+2.82E+00,-14.97E+00,+11.78E+00,-7.378E+00
2,09/2/2026,14:58:41.586,-0.09E+00,-0.05E+00,+0.05E+00,+0.00E+00,+2.58E+00,-14.86E+00,+11.92E+00,-7.325E+00
2,09/2/2026,14:58:41.586,-0.09E+00,-0.05E+00,+0.05E+00,-0.05E+00,+2.33E+00,-14.77E+00,+12.06E+00,-7.271E+00
2,09/2/2026,14:58:41.586,-0.09E+00,-0.05E+00,+0.05E+00,-0.05E+00,+2.09E+00,-14.67E+00,+12.21E+00,-7.218E+00
2,09/2/2026,14:58:41.586,-0.09E+00,-0.05E+00,+0.05E+00,+0.00E+00,+1.85E+00,-14.56E+00,+12.35E+00,-7.165E+00
2,09/2/2026,14:58:41.586,-0.09E+00,-0.05E+00,+0.05E+00,+0.00E+00,+1.59E+00,-14.44E+00,+12.47E+00,-7.104E+00
2,09/2/2026,14:58:41.587,-0.14E+00,-0.05E+00,+0.05E+00,-0.05E+00,+1.34E+00,-14.33E+00,+12.60E+00,-7.043E+00
2,09/2/2026,14:58:41.587,-0.14E+00,-0.05E+00,+0.05E+00,-0.05E+00,+1.10E+00,-14.19E+00,+12.74E+00,-6.989E+00
2,09/2/2026,14:58:41.587,-0.09E+00,-0.05E+00,+0.05E+00,+0.00E+00,+0.84E+00,-14.07E+00,+12.86E+00,-6.920E+00
2,09/2/2026,14:58:41.587,-0.09E+00,-0.05E+00,+0.05E+00,+0.00E+00,+0.58E+00,-13.95E+00,+12.97E+00,-6.852E+00
2,09/2/2026,14:58:41.587,-0.09E+00,-0.05E+00,+0.05E+00,+0.00E+00,+0.34E+00,-13.80E+00,+13.09E+00,-6.783E+00
2,09/2/2026,14:58:41.587,-0.09E+00,-0.05E+00,+0.05E+00,+0.00E+00,+0.09E+00,-13.66E+00,+13.20E+00,-6.714E+00
2,09/2/2026,14:58:41.587,-0.14E+00,-0.05E+00,+0.05E+00,+0.00E+00,-0.17E+00,-13.52E+00,+13.31E+00,-6.638E+00
2,09/2/2026,14:58:41.587,-0.14E+00,-0.05E+00,+0.05E+00,-0.05E+00,-0.41E+00,-13.37E+00,+13.41E+00,-6.570E+00
2,09/2/2026,14:58:41.587,-0.09E+00,-0.05E+00,+0.05E+00,+0.00E+00,-0.67E+00,-13.22E+00,+13.52E+00,-6.493E+00
2,09/2/2026,14:58:41.587,-0.09E+00,-0.05E+00,+0.05E+00,+0.00E+00,-0.93E+00,-13.06E+00,+13.61E+00,-6.417E+00
2,09/2/2026,14:58:41.587,-0.14E+00,-0.05E+00,+0.05E+00,-0.05E+00,-1.18E+00,-12.91E+00,+13.72E+00,-6.333E+00
2,09/2/2026,14:58:41.587,-0.14E+00,-0.05E+00,+0.05E+00,-0.05E+00,-1.43E+00,-12.74E+00,+13.81E+00,-6.257E+00
2,09/2/2026,14:58:41.587,-0.09E+00,-0.05E+00,+0.05E+00,+0.00E+00,-1.69E+00,-12.59E+00,+13.90E+00,-6.173E+00
2,09/2/2026,14:58:41.587,-0.09E+00,-0.05E+00,+0.05E+00,+0.00E+00,-1.95E+00,-12.42E+00,+13.99E+00,-6.089E+00
2,09/2/2026,14:58:41.587,-0.09E+00,-0.05E+00,+0.05E+00,+0.00E+00,-2.20E+00,-12.25E+00,+14.09E+00,-6.005E+00
2,09/2/2026,14:58:41.587,-0.09E+00,-0.05E+00,+0.05E+00,+0.00E+00,-2.46E+00,-12.10E+00,+14.16E+00,-5.929E+00
2,09/2/2026,14:58:41.587,-0.09E+00,-0.05E+00,+0.05E+00,-0.05E+00,-2.70E+00,-11.93E+00,+14.24E+00,-5.845E+00
2,09/2/2026,14:58:41.587,-0.14E+00,-0.05E+00,+0.05E+00,-0.05E+00,-2.95E+00,-11.75E+00,+14.31E+00,-5.753E+00
2,09/2/2026,14:58:41.587,-0.14E+00,-0.05E+00,+0.05E+00,-0.05E+00,-3.19E+00,-11.58E+00,+14.39E+00,-5.669E+00
2,09/2/2026,14:58:41.587,-0.14E+00,-0.05E+00,+0.05E+00,-0.05E+00,-3.42E+00,-11.41E+00,+14.45E+00,-5.578E+00
2,09/2/2026,14:58:41.588,-0.09E+00,-0.05E+00,+0.05E+00,-0.05E+00,-3.65E+00,-11.23E+00,+14.50E+00,-5.486E+00
2,09/2/2026,14:58:41.588,-0.09E+00,-0.05E+00,+0.05E+00,-0.05E+00,-3.89E+00,-11.05E+00,+14.56E+00,-5.402E+00
2,09/2/2026,14:58:41.588,-0.09E+00,-0.05E+00,+0.00E+00,-0.05E+00,-4.12E+00,-10.88E+00,+14.62E+00,-5.311E+00
2,09/2/2026,14:58:41.588,-0.09E+00,-0.05E+00,+0.05E+00,-0.05E+00,-4.35E+00,-10.70E+00,+14.65E+00,-5.219E+00
2,09/2/2026,14:58:41.588,-0.09E+00,-0.05E+00,+0.05E+00,+0.00E+00,-4.56E+00,-10.50E+00,+14.70E+00,-5.127E+00
2,09/2/2026,14:58:41.588,-0.09E+00,-0.05E+00,+0.05E+00,+0.00E+00,-4.79E+00,-10.33E+00,+14.74E+00,-5.036E+00
2,09/2/2026,14:58:41.588,-0.14E+00,-0.09E+00,+0.05E+00,-0.05E+00,-5.02E+00,-10.15E+00,+14.79E+00,-4.952E+00
2,09/2/2026,14:58:41.588,-0.09E+00,-0.05E+00,+0.05E+00,+0.00E+00,-5.23E+00,-9.96E+00,+14.82E+00,-4.860E+00
2,09/2/2026,14:58:41.588,-0.09E+00,-0.05E+00,+0.05E+00,+0.00E+00,-5.45E+00,-9.78E+00,+14.86E+00,-4.769E+00
2,09/2/2026,14:58:41.588,-0.14E+00,-0.05E+00,+0.05E+00,-0.05E+00,-5.66E+00,-9.60E+00,+14.89E+00,-4.677E+00
2,09/2/2026,14:58:41.588,-0.14E+00,-0.05E+00,+0.05E+00,-0.05E+00,-5.88E+00,-9.42E+00,+14.92E+00,-4.586E+00
2,09/2/2026,14:58:41.588,-0.09E+00,-0.05E+00,+0.05E+00,+0.00E+00,-6.09E+00,-9.23E+00,+14.95E+00,-4.494E+00
2,09/2/2026,14:58:41.588,-0.09E+00,-0.05E+00,+0.05E+00,+0.00E+00,-6.30E+00,-9.05E+00,+14.99E+00,-4.403E+00
2,09/2/2026,14:58:41.588,-0.09E+00,-0.05E+00,+0.05E+00,+0.00E+00,-6.50E+00,-8.87E+00,+15.00E+00,-4.303E+00
2,09/2/2026,14:58:41.588,-0.09E+00,-0.05E+00,+0.05E+00,+0.00E+00,-6.71E+00,-8.67E+00,+15.02E+00,-4.212E+00
2,09/2/2026,14:58:41.588,-0.09E+00,-0.05E+00,+0.05E+00,+0.00E+00,-6.93E+00,-8.48E+00,+15.03E+00,-4.113E+00
2,09/2/2026,14:58:41.588,-0.14E+00,-0.05E+00,+0.05E+00,-0.05E+00,-7.14E+00,-8.29E+00,+15.05E+00,-4.021E+00
2,09/2/2026,14:58:41.588,-0.14E+00,-0.05E+00,+0.05E+00,-0.05E+00,-7.36E+00,-8.09E+00,+15.06E+00,-3.922E+00
2,09/2/2026,14:58:41.588,-0.09E+00,-0.05E+00,+0.05E+00,+0.00E+00,-7.55E+00,-7.89E+00,+15.08E+00,-3.823E+00
2,09/2/2026,14:58:41.588,-0.09E+00,-0.05E+00,+0.05E+00,-0.05E+00,-7.77E+00,-7.69E+00,+15.09E+00,-3.723E+00
2,09/2/2026,14:58:41.589,-0.09E+00,-0.05E+00,+0.05E+00,-0.05E+00,-7.97E+00,-7.49E+00,+15.09E+00,-3.624E+00
2,09/2/2026,14:58:41.589,-0.14E+00,-0.05E+00,+0.05E+00,-0.05E+00,-8.16E+00,-7.29E+00,+15.11E+00,-3.525E+00
2,09/2/2026,14:58:41.589,-0.14E+00,-0.05E+00,+0.05E+00,-0.05E+00,-8.38E+00,-7.11E+00,+15.11E+00,-3.426E+00
2,09/2/2026,14:58:41.589,-0.14E+00,-0.05E+00,+0.05E+00,+0.00E+00,-8.58E+00,-6.91E+00,+15.11E+00,-3.334E+00
2,09/2/2026,14:58:41.589,-0.09E+00,-0.05E+00,+0.05E+00,+0.00E+00,-8.77E+00,-6.71E+00,+15.11E+00,-3.228E+00
2,09/2/2026,14:58:41.589,-0.09E+00,-0.05E+00,+0.05E+00,+0.00E+00,-8.97E+00,-6.50E+00,+15.11E+00,-3.128E+00
2,09/2/2026,14:58:41.589,-0.09E+00,-0.05E+00,+0.05E+00,+0.00E+00,-9.19E+00,-6.30E+00,+15.12E+00,-3.029E+00
2,09/2/2026,14:58:41.589,-0.14E+00,-0.05E+00,+0.05E+00,-0.05E+00,-9.40E+00,-6.09E+00,+15.12E+00,-2.915E+00
2,09/2/2026,14:58:41.589,-0.14E+00,-0.05E+00,+0.05E+00,-0.05E+00,-9.61E+00,-5.86E+00,+15.11E+00,-2.808E+00
2,09/2/2026,14:58:41.589,-0.09E+00,-0.05E+00,+0.05E+00,+0.00E+00,-9.83E+00,-5.65E+00,+15.11E+00,-2.701E+00
2,09/2/2026,14:58:41.589,-0.09E+00,-0.05E+00,+0.05E+00,-0.05E+00,-10.04E+00,-5.43E+00,+15.09E+00,-2.594E+00
2,09/2/2026,14:58:41.589,-0.09E+00,-0.05E+00,+0.05E+00,+0.00E+00,-10.25E+00,-5.20E+00,+15.08E+00,-2.480E+00
2,09/2/2026,14:58:41.589,-0.14E+00,-0.05E+00,+0.05E+00,+0.00E+00,-10.45E+00,-4.99E+00,+15.06E+00,-2.373E+00
2,09/2/2026,14:58:41.589,-0.14E+00,-0.05E+00,+0.05E+00,-0.05E+00,-10.65E+00,-4.78E+00,+15.05E+00,-2.266E+00
2,09/2/2026,14:58:41.589,-0.09E+00,-0.05E+00,+0.05E+00,-0.05E+00,-10.85E+00,-4.56E+00,+15.03E+00,-2.159E+00
2,09/2/2026,14:58:41.589,-0.14E+00,-0.05E+00,+0.05E+00,+0.00E+00,-11.03E+00,-4.35E+00,+15.00E+00,-2.052E+00
2,09/2/2026,14:58:41.589,-0.14E+00,-0.05E+00,+0.05E+00,-0.05E+00,-11.22E+00,-4.14E+00,+14.99E+00,-1.946E+00
2,09/2/2026,14:58:41.589,-0.09E+00,-0.05E+00,+0.05E+00,+0.00E+00,-11.40E+00,-3.92E+00,+14.94E+00,-1.839E+00
2,09/2/2026,14:58:41.589,-0.09E+00,-0.05E+00,+0.05E+00,+0.00E+00,-11.57E+00,-3.71E+00,+14.89E+00,-1.732E+00
2,09/2/2026,14:58:41.589,-0.09E+00,-0.05E+00,+0.05E+00,+0.00E+00,-11.74E+00,-3.48E+00,+14.83E+00,-1.618E+00
2,09/2/2026,14:58:41.590,-0.14E+00,-0.05E+00,+0.05E+00,-0.05E+00,-11.89E+00,-3.24E+00,+14.76E+00,-1.503E+00
2,09/2/2026,14:58:41.590,-0.09E+00,-0.05E+00,+0.05E+00,+0.00E+00,-12.06E+00,-3.01E+00,+14.67E+00,-1.381E+00
2,09/2/2026,14:58:41.590,-0.09E+00,-0.05E+00,+0.05E+00,+0.00E+00,-12.19E+00,-2.75E+00,+14.56E+00,-1.251E+00
2,09/2/2026,14:58:41.590,-0.09E+00,-0.05E+00,+0.05E+00,+0.00E+00,-12.33E+00,-2.49E+00,+14.45E+00,-1.129E+00
2,09/2/2026,14:58:41.590,-0.09E+00,-0.05E+00,+0.05E+00,+0.00E+00,-12.47E+00,-2.23E+00,+14.33E+00,-1.007E+00
2,09/2/2026,14:58:41.590,-0.14E+00,-0.05E+00,+0.05E+00,+0.00E+00,-12.59E+00,-1.98E+00,+14.21E+00,-0.877E+00
2,09/2/2026,14:58:41.590,-0.09E+00,-0.05E+00,+0.05E+00,+0.00E+00,-12.71E+00,-1.74E+00,+14.09E+00,-0.748E+00
2,09/2/2026,14:58:41.590,-0.09E+00,-0.05E+00,+0.05E+00,-0.05E+00,-12.85E+00,-1.50E+00,+13.96E+00,-0.626E+00
2,09/2/2026,14:58:41.590,-0.09E+00,-0.05E+00,+0.05E+00,-0.05E+00,-12.97E+00,-1.24E+00,+13.84E+00,-0.504E+00
2,09/2/2026,14:58:41.590,-0.09E+00,-0.05E+00,+0.05E+00,+0.00E+00,-13.09E+00,-0.99E+00,+13.72E+00,-0.382E+00
2,09/2/2026,14:58:41.590,-0.09E+00,-0.05E+00,+0.05E+00,+0.00E+00,-13.22E+00,-0.76E+00,+13.60E+00,-0.267E+00
2,09/2/2026,14:58:41.590,-0.09E+00,-0.05E+00,+0.05E+00,-0.05E+00,-13.32E+00,-0.52E+00,+13.47E+00,-0.145E+00
2,09/2/2026,14:58:41.590,-0.09E+00,-0.09E+00,+0.05E+00,-0.05E+00,-13.44E+00,-0.27E+00,+13.35E+00,-0.023E+00
2,09/2/2026,14:58:41.590,-0.09E+00,-0.05E+00,+0.05E+00,-0.05E+00,-13.54E+00,-0.03E+00,+13.22E+00,+0.092E+00
2,09/2/2026,14:58:41.590,-0.09E+00,-0.05E+00,+0.05E+00,-0.05E+00,-13.64E+00,+0.21E+00,+13.06E+00,+0.214E+00
2,09/2/2026,14:58:41.590,-0.09E+00,-0.05E+00,+0.05E+00,+0.00E+00,-13.73E+00,+0.46E+00,+12.91E+00,+0.336E+00
2,09/2/2026,14:58:41.590,-0.09E+00,-0.05E+00,+0.05E+00,+0.00E+00,-13.83E+00,+0.72E+00,+12.74E+00,+0.458E+00
2,09/2/2026,14:58:41.590,-0.14E+00,-0.05E+00,+0.05E+00,+0.00E+00,-13.92E+00,+0.96E+00,+12.59E+00,+0.588E+00
2,09/2/2026,14:58:41.590,-0.09E+00,-0.05E+00,+0.05E+00,-0.05E+00,-13.99E+00,+1.24E+00,+12.41E+00,+0.717E+00
2,09/2/2026,14:58:41.590,-0.09E+00,-0.05E+00,+0.05E+00,+0.00E+00,-14.09E+00,+1.50E+00,+12.22E+00,+0.847E+00
2,09/2/2026,14:58:41.591,-0.09E+00,-0.05E+00,+0.05E+00,+0.00E+00,-14.16E+00,+1.74E+00,+12.06E+00,+0.977E+00
2,09/2/2026,14:58:41.591,-0.09E+00,-0.05E+00,+0.05E+00,+0.00E+00,-14.24E+00,+2.00E+00,+11.87E+00,+1.099E+00
2,09/2/2026,14:58:41.591,-0.09E+00,-0.05E+00,+0.05E+00,+0.00E+00,-14.31E+00,+2.26E+00,+11.70E+00,+1.228E+00
2,09/2/2026,14:58:41.591,-0.14E+00,-0.05E+00,+0.05E+00,+0.00E+00,-14.39E+00,+2.50E+00,+11.52E+00,+1.351E+00
2,09/2/2026,14:58:41.591,-0.14E+00,-0.05E+00,+0.05E+00,-0.05E+00,-14.47E+00,+2.76E+00,+11.35E+00,+1.473E+00
2,09/2/2026,14:58:41.591,-0.14E+00,-0.05E+00,+0.05E+00,+0.00E+00,-14.56E+00,+3.01E+00,+11.17E+00,+1.595E+00
2,09/2/2026,14:58:41.591,-0.09E+00,-0.05E+00,+0.05E+00,+0.00E+00,-14.62E+00,+3.25E+00,+11.00E+00,+1.717E+00
2,09/2/2026,14:58:41.591,-0.09E+00,-0.05E+00,+0.05E+00,-0.05E+00,-14.68E+00,+3.48E+00,+10.82E+00,+1.839E+00
2,09/2/2026,14:58:41.591,-0.14E+00,-0.05E+00,+0.05E+00,+0.00E+00,-14.74E+00,+3.72E+00,+10.65E+00,+1.953E+00
2,09/2/2026,14:58:41.591,-0.09E+00,-0.05E+00,+0.05E+00,+0.00E+00,-14.79E+00,+3.97E+00,+10.47E+00,+2.075E+00
2,09/2/2026,14:58:41.591,-0.09E+00,-0.05E+00,+0.05E+00,-0.05E+00,-14.85E+00,+4.20E+00,+10.27E+00,+2.190E+00
2,09/2/2026,14:58:41.591,-0.09E+00,-0.05E+00,+0.05E+00,-0.05E+00,-14.89E+00,+4.43E+00,+10.09E+00,+2.304E+00
2,09/2/2026,14:58:41.591,-0.09E+00,-0.05E+00,+0.05E+00,+0.00E+00,-14.94E+00,+4.65E+00,+9.90E+00,+2.419E+00
2,09/2/2026,14:58:41.591,-0.09E+00,-0.05E+00,+0.05E+00,+0.00E+00,-14.99E+00,+4.88E+00,+9.72E+00,+2.533E+00
2,09/2/2026,14:58:41.591,-0.09E+00,-0.05E+00,+0.05E+00,+0.00E+00,-15.02E+00,+5.11E+00,+9.52E+00,+2.640E+00
2,09/2/2026,14:58:41.591,-0.14E+00,-0.05E+00,+0.05E+00,+0.00E+00,-15.05E+00,+5.33E+00,+9.34E+00,+2.747E+00
2,09/2/2026,14:58:41.591,-0.14E+00,-0.05E+00,+0.05E+00,+0.00E+00,-15.08E+00,+5.54E+00,+9.16E+00,+2.861E+00
2,09/2/2026,14:58:41.591,-0.09E+00,-0.05E+00,+0.05E+00,+0.00E+00,-15.11E+00,+5.77E+00,+8.97E+00,+2.968E+00
2,09/2/2026,14:58:41.591,-0.14E+00,-0.05E+00,+0.05E+00,-0.05E+00,-15.14E+00,+5.98E+00,+8.79E+00,+3.075E+00
2,09/2/2026,14:58:41.591,-0.09E+00,-0.05E+00,+0.05E+00,+0.00E+00,-15.17E+00,+6.20E+00,+8.61E+00,+3.174E+00
2,09/2/2026,14:58:41.592,-0.09E+00,-0.05E+00,+0.05E+00,+0.00E+00,-15.18E+00,+6.41E+00,+8.42E+00,+3.281E+00
2,09/2/2026,14:58:41.592,-0.09E+00,-0.05E+00,+0.05E+00,+0.00E+00,-15.21E+00,+6.61E+00,+8.23E+00,+3.380E+00
2,09/2/2026,14:58:41.592,-0.09E+00,-0.05E+00,+0.05E+00,-0.05E+00,-15.23E+00,+6.82E+00,+8.04E+00,+3.487E+00
2,09/2/2026,14:58:41.592,-0.09E+00,-0.05E+00,+0.05E+00,-0.05E+00,-15.24E+00,+7.03E+00,+7.84E+00,+3.594E+00
2,09/2/2026,14:58:41.592,-0.14E+00,-0.05E+00,+0.05E+00,-0.05E+00,-15.28E+00,+7.23E+00,+7.66E+00,+3.693E+00
2,09/2/2026,14:58:41.592,-0.09E+00,-0.05E+00,+0.05E+00,-0.05E+00,-15.29E+00,+7.45E+00,+7.46E+00,+3.800E+00
2,09/2/2026,14:58:41.592,-0.09E+00,-0.05E+00,+0.05E+00,+0.00E+00,-15.29E+00,+7.66E+00,+7.26E+00,+3.899E+00
2,09/2/2026,14:58:41.592,-0.09E+00,-0.05E+00,+0.05E+00,+0.00E+00,-15.31E+00,+7.87E+00,+7.08E+00,+4.006E+00
2,09/2/2026,14:58:41.592,-0.14E+00,-0.05E+00,+0.05E+00,-0.05E+00,-15.32E+00,+8.07E+00,+6.88E+00,+4.105E+00
2,09/2/2026,14:58:41.592,-0.14E+00,-0.05E+00,+0.05E+00,-0.05E+00,-15.32E+00,+8.27E+00,+6.68E+00,+4.204E+00
2,09/2/2026,14:58:41.592,-0.09E+00,-0.05E+00,+0.05E+00,-0.05E+00,-15.32E+00,+8.47E+00,+6.49E+00,+4.303E+00
2,09/2/2026,14:58:41.592,-0.09E+00,-0.05E+00,+0.05E+00,-0.05E+00,-15.32E+00,+8.68E+00,+6.29E+00,+4.403E+00
2,09/2/2026,14:58:41.592,-0.09E+00,-0.05E+00,+0.05E+00,+0.00E+00,-15.32E+00,+8.88E+00,+6.09E+00,+4.502E+00
2,09/2/2026,14:58:41.592,-0.09E+00,-0.05E+00,+0.05E+00,+0.00E+00,-15.32E+00,+9.08E+00,+5.88E+00,+4.601E+00
2,09/2/2026,14:58:41.592,-0.09E+00,-0.05E+00,+0.05E+00,-0.05E+00,-15.32E+00,+9.29E+00,+5.66E+00,+4.700E+00
2,09/2/2026,14:58:41.592,-0.09E+00,-0.05E+00,+0.05E+00,-0.05E+00,-15.31E+00,+9.49E+00,+5.45E+00,+4.807E+00
2,09/2/2026,14:58:41.592,-0.09E+00,-0.05E+00,+0.05E+00,+0.00E+00,-15.31E+00,+9.71E+00,+5.23E+00,+4.906E+00
2,09/2/2026,14:58:41.592,-0.09E+00,-0.05E+00,+0.05E+00,+0.00E+00,-15.29E+00,+9.90E+00,+5.01E+00,+5.013E+00
2,09/2/2026,14:58:41.592,-0.09E+00,-0.05E+00,+0.05E+00,+0.00E+00,-15.28E+00,+10.12E+00,+4.78E+00,+5.112E+00
2,09/2/2026,14:58:41.592,-0.09E+00,-0.05E+00,+0.05E+00,+0.00E+00,-15.26E+00,+10.32E+00,+4.56E+00,+5.219E+00
2,09/2/2026,14:58:41.593,-0.14E+00,-0.05E+00,+0.05E+00,-0.05E+00,-15.23E+00,+10.53E+00,+4.33E+00,+5.318E+00
2,09/2/2026,14:58:41.593,-0.09E+00,-0.05E+00,+0.05E+00,-0.05E+00,-15.20E+00,+10.71E+00,+4.10E+00,+5.410E+00
2,09/2/2026,14:58:41.593,-0.09E+00,-0.05E+00,+0.05E+00,+0.00E+00,-15.15E+00,+10.91E+00,+3.88E+00,+5.501E+00
2,09/2/2026,14:58:41.593,-0.09E+00,-0.05E+00,+0.05E+00,+0.00E+00,-15.11E+00,+11.08E+00,+3.65E+00,+5.585E+00
2,09/2/2026,14:58:41.593,-0.09E+00,-0.05E+00,+0.05E+00,-0.05E+00,-15.05E+00,+11.25E+00,+3.42E+00,+5.669E+00
2,09/2/2026,14:58:41.593,-0.14E+00,-0.05E+00,+0.05E+00,-0.05E+00,-14.97E+00,+11.41E+00,+3.19E+00,+5.753E+00
2,09/2/2026,14:58:41.593,-0.14E+00,-0.09E+00,+0.05E+00,+0.00E+00,-14.91E+00,+11.58E+00,+2.96E+00,+5.837E+00
2,09/2/2026,14:58:41.593,-0.14E+00,-0.05E+00,+0.05E+00,-0.05E+00,-14.83E+00,+11.74E+00,+2.73E+00,+5.906E+00
2,09/2/2026,14:58:41.593,-0.09E+00,-0.05E+00,+0.05E+00,+0.00E+00,-14.74E+00,+11.89E+00,+2.49E+00,+5.982E+00
2,09/2/2026,14:58:41.593,-0.09E+00,-0.05E+00,+0.05E+00,+0.00E+00,-14.67E+00,+12.04E+00,+2.26E+00,+6.058E+00
2,09/2/2026,14:58:41.593,-0.09E+00,-0.05E+00,+0.05E+00,-0.05E+00,-14.56E+00,+12.18E+00,+2.01E+00,+6.127E+00
2,09/2/2026,14:58:41.593,-0.09E+00,-0.05E+00,+0.05E+00,-0.05E+00,-14.47E+00,+12.31E+00,+1.77E+00,+6.196E+00
2,09/2/2026,14:58:41.593,-0.09E+00,-0.05E+00,+0.05E+00,-0.05E+00,-14.34E+00,+12.45E+00,+1.53E+00,+6.264E+00
2,09/2/2026,14:58:41.593,-0.14E+00,+0.00E+00,+0.05E+00,+0.00E+00,-14.22E+00,+12.59E+00,+1.27E+00,+6.325E+00
2,09/2/2026,14:58:41.593,-0.09E+00,-0.05E+00,+0.05E+00,+0.00E+00,-14.10E+00,+12.73E+00,+1.01E+00,+6.394E+00
2,09/2/2026,14:58:41.593,-0.09E+00,-0.05E+00,+0.05E+00,+0.00E+00,-13.99E+00,+12.85E+00,+0.76E+00,+6.455E+00
2,09/2/2026,14:58:41.593,-0.09E+00,-0.05E+00,+0.05E+00,+0.00E+00,-13.86E+00,+12.97E+00,+0.50E+00,+6.516E+00
2,09/2/2026,14:58:41.593,-0.09E+00,-0.05E+00,+0.05E+00,+0.00E+00,-13.73E+00,+13.11E+00,+0.26E+00,+6.577E+00
2,09/2/2026,14:58:41.593,-0.14E+00,-0.05E+00,+0.05E+00,+0.00E+00,-13.60E+00,+13.23E+00,+0.00E+00,+6.638E+00
2,09/2/2026,14:58:41.593,-0.14E+00,-0.05E+00,+0.05E+00,-0.05E+00,-13.47E+00,+13.34E+00,-0.24E+00,+6.692E+00
2,09/2/2026,14:58:41.594,-0.09E+00,-0.05E+00,+0.05E+00,+0.00E+00,-13.34E+00,+13.44E+00,-0.49E+00,+6.745E+00
2,09/2/2026,14:58:41.594,-0.14E+00,-0.05E+00,+0.05E+00,+0.00E+00,-13.18E+00,+13.57E+00,-0.75E+00,+6.798E+00
2,09/2/2026,14:58:41.594,-0.14E+00,-0.05E+00,+0.05E+00,-0.05E+00,-13.02E+00,+13.67E+00,-1.01E+00,+6.852E+00
2,09/2/2026,14:58:41.594,-0.09E+00,-0.05E+00,+0.05E+00,-0.05E+00,-12.86E+00,+13.76E+00,-1.27E+00,+6.898E+00
2,09/2/2026,14:58:41.594,-0.14E+00,-0.05E+00,+0.05E+00,+0.00E+00,-12.71E+00,+13.86E+00,-1.51E+00,+6.943E+00
2,09/2/2026,14:58:41.594,-0.14E+00,-0.05E+00,+0.05E+00,-0.05E+00,-12.54E+00,+13.95E+00,-1.79E+00,+6.989E+00
2,09/2/2026,14:58:41.594,-0.09E+00,-0.05E+00,+0.05E+00,+0.00E+00,-12.38E+00,+14.04E+00,-2.04E+00,+7.035E+00
2,09/2/2026,14:58:41.594,-0.09E+00,-0.05E+00,+0.05E+00,+0.00E+00,-12.21E+00,+14.12E+00,-2.29E+00,+7.073E+00
2,09/2/2026,14:58:41.594,-0.14E+00,-0.05E+00,+0.05E+00,+0.00E+00,-12.04E+00,+14.21E+00,-2.55E+00,+7.111E+00
2,09/2/2026,14:58:41.594,-0.14E+00,-0.05E+00,+0.05E+00,+0.00E+00,-11.87E+00,+14.28E+00,-2.79E+00,+7.149E+00
2,09/2/2026,14:58:41.594,-0.14E+00,-0.05E+00,+0.05E+00,-0.05E+00,-11.70E+00,+14.36E+00,-3.04E+00,+7.195E+00
2,09/2/2026,14:58:41.594,-0.14E+00,-0.05E+00,+0.05E+00,-0.05E+00,-11.52E+00,+14.44E+00,-3.30E+00,+7.226E+00
2,09/2/2026,14:58:41.594,-0.09E+00,-0.05E+00,+0.05E+00,+0.00E+00,-11.35E+00,+14.51E+00,-3.54E+00,+7.256E+00
2,09/2/2026,14:58:41.594,-0.09E+00,-0.05E+00,+0.05E+00,-0.05E+00,-11.17E+00,+14.57E+00,-3.78E+00,+7.294E+00
2,09/2/2026,14:58:41.594,-0.09E+00,-0.05E+00,+0.05E+00,+0.00E+00,-11.00E+00,+14.63E+00,-4.01E+00,+7.317E+00
2,09/2/2026,14:58:41.594,-0.09E+00,-0.05E+00,+0.05E+00,+0.00E+00,-10.82E+00,+14.70E+00,-4.26E+00,+7.348E+00
2,09/2/2026,14:58:41.594,-0.14E+00,-0.05E+00,+0.05E+00,-0.05E+00,-10.64E+00,+14.74E+00,-4.47E+00,+7.371E+00
2,09/2/2026,14:58:41.594,-0.09E+00,-0.05E+00,+0.05E+00,-0.05E+00,-10.45E+00,+14.80E+00,-4.72E+00,+7.394E+00
2,09/2/2026,14:58:41.594,-0.09E+00,-0.05E+00,+0.05E+00,+0.00E+00,-10.27E+00,+14.85E+00,-4.94E+00,+7.416E+00
2,09/2/2026,14:58:41.594,-0.09E+00,-0.05E+00,+0.05E+00,+0.00E+00,-10.10E+00,+14.88E+00,-5.17E+00,+7.439E+00
2,09/2/2026,14:58:41.595,-0.09E+00,-0.05E+00,+0.05E+00,+0.00E+00,-9.92E+00,+14.92E+00,-5.39E+00,+7.462E+00
2,09/2/2026,14:58:41.595,-0.09E+00,-0.05E+00,+0.05E+00,-0.05E+00,-9.74E+00,+14.97E+00,-5.62E+00,+7.477E+00
2,09/2/2026,14:58:41.595,-0.14E+00,-0.05E+00,+0.05E+00,+0.00E+00,-9.55E+00,+15.00E+00,-5.83E+00,+7.493E+00
2,09/2/2026,14:58:41.595,-0.14E+00,-0.05E+00,+0.05E+00,-0.05E+00,-9.37E+00,+15.05E+00,-6.06E+00,+7.508E+00
2,09/2/2026,14:58:41.595,-0.09E+00,-0.05E+00,+0.05E+00,-0.05E+00,-9.19E+00,+15.08E+00,-6.27E+00,+7.523E+00
2,09/2/2026,14:58:41.595,-0.09E+00,-0.05E+00,+0.05E+00,+0.00E+00,-9.00E+00,+15.09E+00,-6.47E+00,+7.539E+00
2,09/2/2026,14:58:41.595,-0.09E+00,-0.05E+00,+0.05E+00,+0.00E+00,-8.82E+00,+15.12E+00,-6.68E+00,+7.554E+00
2,09/2/2026,14:58:41.595,-0.09E+00,-0.05E+00,+0.05E+00,+0.00E+00,-8.64E+00,+15.15E+00,-6.90E+00,+7.561E+00
2,09/2/2026,14:58:41.595,-0.09E+00,-0.05E+00,+0.05E+00,+0.00E+00,-8.45E+00,+15.17E+00,-7.11E+00,+7.577E+00
2,09/2/2026,14:58:41.595,-0.14E+00,-0.05E+00,+0.05E+00,+0.00E+00,-8.27E+00,+15.20E+00,-7.31E+00,+7.584E+00
2,09/2/2026,14:58:41.595,-0.09E+00,-0.05E+00,+0.05E+00,-0.05E+00,-8.07E+00,+15.23E+00,-7.52E+00,+7.592E+00
2,09/2/2026,14:58:41.595,-0.09E+00,-0.05E+00,+0.05E+00,+0.00E+00,-7.89E+00,+15.24E+00,-7.74E+00,+7.600E+00
2,09/2/2026,14:58:41.595,-0.09E+00,-0.05E+00,+0.05E+00,+0.00E+00,-7.71E+00,+15.24E+00,-7.94E+00,+7.607E+00
2,09/2/2026,14:58:41.595,-0.09E+00,-0.05E+00,+0.05E+00,+0.00E+00,-7.51E+00,+15.28E+00,-8.15E+00,+7.615E+00
2,09/2/2026,14:58:41.595,-0.14E+00,-0.05E+00,+0.05E+00,+0.00E+00,-7.31E+00,+15.29E+00,-8.35E+00,+7.622E+00
2,09/2/2026,14:58:41.595,-0.14E+00,-0.05E+00,+0.05E+00,+0.00E+00,-7.11E+00,+15.29E+00,-8.56E+00,+7.622E+00
2,09/2/2026,14:58:41.595,-0.09E+00,-0.05E+00,+0.05E+00,-0.05E+00,-6.91E+00,+15.31E+00,-8.77E+00,+7.630E+00
2,09/2/2026,14:58:41.595,-0.09E+00,-0.05E+00,+0.05E+00,-0.05E+00,-6.71E+00,+15.31E+00,-8.97E+00,+7.630E+00
2,09/2/2026,14:58:41.595,-0.09E+00,-0.05E+00,+0.05E+00,+0.00E+00,-6.53E+00,+15.31E+00,-9.17E+00,+7.630E+00
2,09/2/2026,14:58:41.595,-0.09E+00,-0.05E+00,+0.05E+00,+0.00E+00,-6.33E+00,+15.32E+00,-9.37E+00,+7.630E+00
2,09/2/2026,14:58:41.596,-0.14E+00,-0.05E+00,+0.05E+00,-0.05E+00,-6.12E+00,+15.32E+00,-9.57E+00,+7.630E+00
2,09/2/2026,14:58:41.596,-0.14E+00,-0.05E+00,+0.05E+00,-0.05E+00,-5.92E+00,+15.31E+00,-9.77E+00,+7.622E+00
2,09/2/2026,14:58:41.596,-0.09E+00,-0.05E+00,+0.05E+00,+0.00E+00,-5.71E+00,+15.31E+00,-9.96E+00,+7.622E+00
2,09/2/2026,14:58:41.596,-0.09E+00,-0.05E+00,+0.05E+00,+0.00E+00,-5.49E+00,+15.29E+00,-10.18E+00,+7.615E+00
2,09/2/2026,14:58:41.596,-0.09E+00,-0.05E+00,+0.05E+00,-0.05E+00,-5.28E+00,+15.28E+00,-10.38E+00,+7.607E+00
2,09/2/2026,14:58:41.596,-0.09E+00,-0.05E+00,+0.05E+00,-0.05E+00,-5.07E+00,+15.28E+00,-10.59E+00,+7.600E+00
2,09/2/2026,14:58:41.596,-0.14E+00,-0.05E+00,+0.05E+00,+0.00E+00,-4.85E+00,+15.26E+00,-10.79E+00,+7.592E+00
2,09/2/2026,14:58:41.596,-0.14E+00,-0.05E+00,+0.05E+00,+0.00E+00,-4.64E+00,+15.23E+00,-10.99E+00,+7.577E+00
2,09/2/2026,14:58:41.596,-0.14E+00,-0.05E+00,+0.05E+00,+0.00E+00,-4.41E+00,+15.21E+00,-11.17E+00,+7.561E+00
2,09/2/2026,14:58:41.596,-0.09E+00,-0.05E+00,+0.05E+00,+0.00E+00,-4.20E+00,+15.17E+00,-11.35E+00,+7.546E+00
2,09/2/2026,14:58:41.596,-0.09E+00,-0.05E+00,+0.05E+00,-0.05E+00,-3.97E+00,+15.12E+00,-11.54E+00,+7.516E+00
2,09/2/2026,14:58:41.596,-0.14E+00,-0.05E+00,+0.05E+00,-0.05E+00,-3.74E+00,+15.06E+00,-11.70E+00,+7.485E+00
2,09/2/2026,14:58:41.596,-0.14E+00,-0.05E+00,+0.05E+00,+0.00E+00,-3.51E+00,+14.99E+00,-11.86E+00,+7.447E+00
2,09/2/2026,14:58:41.596,-0.14E+00,-0.05E+00,+0.05E+00,+0.00E+00,-3.28E+00,+14.89E+00,-11.99E+00,+7.401E+00
2,09/2/2026,14:58:41.596,-0.09E+00,-0.05E+00,+0.05E+00,-0.05E+00,-3.05E+00,+14.80E+00,-12.15E+00,+7.355E+00
2,09/2/2026,14:58:41.596,-0.09E+00,-0.05E+00,+0.00E+00,+0.00E+00,-2.82E+00,+14.71E+00,-12.28E+00,+7.302E+00
2,09/2/2026,14:58:41.596,-0.09E+00,-0.05E+00,+0.05E+00,+0.00E+00,-2.58E+00,+14.60E+00,-12.41E+00,+7.256E+00
2,09/2/2026,14:58:41.596,-0.09E+00,-0.05E+00,+0.05E+00,-0.05E+00,-2.33E+00,+14.50E+00,-12.54E+00,+7.203E+00
2,09/2/2026,14:58:41.596,-0.14E+00,-0.05E+00,+0.05E+00,-0.05E+00,-2.11E+00,+14.39E+00,-12.68E+00,+7.149E+00
2,09/2/2026,14:58:41.596,-0.14E+00,-0.05E+00,+0.05E+00,-0.05E+00,-1.85E+00,+14.28E+00,-12.80E+00,+7.088E+00
2,09/2/2026,14:58:41.597,-0.09E+00,-0.05E+00,+0.05E+00,+0.00E+00,-1.60E+00,+14.16E+00,-12.94E+00,+7.027E+00
2,09/2/2026,14:58:41.597,-0.09E+00,-0.05E+00,+0.05E+00,+0.00E+00,-1.36E+00,+14.04E+00,-13.06E+00,+6.966E+00
2,09/2/2026,14:58:41.597,-0.09E+00,-0.05E+00,+0.05E+00,+0.00E+00,-1.10E+00,+13.92E+00,-13.18E+00,+6.898E+00
2,09/2/2026,14:58:41.597,-0.14E+00,-0.05E+00,+0.05E+00,-0.05E+00,-0.85E+00,+13.78E+00,-13.31E+00,+6.837E+00
2,09/2/2026,14:58:41.597,-0.14E+00,-0.05E+00,+0.05E+00,+0.00E+00,-0.61E+00,+13.64E+00,-13.41E+00,+6.768E+00
2,09/2/2026,14:58:41.597,-0.09E+00,-0.05E+00,+0.05E+00,+0.00E+00,-0.35E+00,+13.51E+00,-13.54E+00,+6.699E+00
2,09/2/2026,14:58:41.597,-0.09E+00,-0.05E+00,+0.05E+00,+0.00E+00,-0.11E+00,+13.37E+00,-13.64E+00,+6.631E+00
2,09/2/2026,14:58:41.597,-0.09E+00,-0.05E+00,+0.05E+00,+0.00E+00,+0.14E+00,+13.23E+00,-13.75E+00,+6.554E+00
2,09/2/2026,14:58:41.597,-0.09E+00,-0.05E+00,+0.05E+00,+0.00E+00,+0.40E+00,+13.08E+00,-13.86E+00,+6.478E+00
2,09/2/2026,14:58:41.597,-0.14E+00,-0.05E+00,+0.05E+00,-0.05E+00,+0.66E+00,+12.93E+00,-13.95E+00,+6.402E+00
2,09/2/2026,14:58:41.597,-0.14E+00,-0.05E+00,+0.05E+00,-0.05E+00,+0.90E+00,+12.77E+00,-14.04E+00,+6.325E+00
2,09/2/2026,14:58:41.597,-0.14E+00,-0.05E+00,+0.05E+00,+0.00E+00,+1.16E+00,+12.60E+00,-14.15E+00,+6.241E+00
2,09/2/2026,14:58:41.597,-0.09E+00,-0.05E+00,+0.05E+00,+0.00E+00,+1.40E+00,+12.45E+00,-14.24E+00,+6.165E+00
2,09/2/2026,14:58:41.597,-0.09E+00,-0.05E+00,+0.00E+00,-0.05E+00,+1.66E+00,+12.28E+00,-14.31E+00,+6.081E+00
2,09/2/2026,14:58:41.597,-0.14E+00,-0.05E+00,+0.05E+00,-0.05E+00,+1.91E+00,+12.12E+00,-14.39E+00,+5.997E+00
2,09/2/2026,14:58:41.597,-0.14E+00,-0.05E+00,+0.05E+00,-0.05E+00,+2.15E+00,+11.95E+00,-14.47E+00,+5.913E+00
2,09/2/2026,14:58:41.597,-0.09E+00,-0.05E+00,+0.05E+00,+0.00E+00,+2.40E+00,+11.78E+00,-14.56E+00,+5.829E+00
2,09/2/2026,14:58:41.597,-0.09E+00,-0.05E+00,+0.05E+00,+0.00E+00,+2.64E+00,+11.61E+00,-14.62E+00,+5.745E+00
2,09/2/2026,14:58:41.597,-0.09E+00,-0.05E+00,+0.05E+00,+0.00E+00,+2.87E+00,+11.45E+00,-14.68E+00,+5.654E+00
2,09/2/2026,14:58:41.597,-0.09E+00,-0.05E+00,+0.05E+00,-0.05E+00,+3.10E+00,+11.28E+00,-14.74E+00,+5.570E+00
2,09/2/2026,14:58:41.598,-0.14E+00,-0.05E+00,+0.05E+00,+0.00E+00,+3.34E+00,+11.11E+00,-14.80E+00,+5.486E+00
2,09/2/2026,14:58:41.598,-0.14E+00,-0.05E+00,+0.05E+00,+0.00E+00,+3.57E+00,+10.93E+00,-14.86E+00,+5.394E+00
2,09/2/2026,14:58:41.598,-0.09E+00,-0.05E+00,+0.05E+00,+0.00E+00,+3.80E+00,+10.74E+00,-14.91E+00,+5.311E+00
2,09/2/2026,14:58:41.598,-0.09E+00,-0.05E+00,+0.05E+00,-0.05E+00,+4.03E+00,+10.58E+00,-14.95E+00,+5.219E+00
2,09/2/2026,14:58:41.598,-0.09E+00,-0.05E+00,+0.05E+00,-0.05E+00,+4.24E+00,+10.39E+00,-15.00E+00,+5.127E+00
2,09/2/2026,14:58:41.598,-0.09E+00,-0.05E+00,+0.05E+00,+0.00E+00,+4.46E+00,+10.21E+00,-15.05E+00,+5.043E+00
2,09/2/2026,14:58:41.598,-0.09E+00,-0.09E+00,+0.05E+00,+0.00E+00,+4.68E+00,+10.03E+00,-15.09E+00,+4.952E+00
2,09/2/2026,14:58:41.598,-0.14E+00,-0.05E+00,+0.05E+00,-0.05E+00,+4.90E+00,+9.84E+00,-15.12E+00,+4.853E+00
2,09/2/2026,14:58:41.598,-0.14E+00,-0.05E+00,+0.05E+00,-0.05E+00,+5.11E+00,+9.66E+00,-15.15E+00,+4.761E+00
2,09/2/2026,14:58:41.598,-0.14E+00,-0.05E+00,+0.05E+00,-0.05E+00,+5.33E+00,+9.48E+00,-15.18E+00,+4.677E+00
2,09/2/2026,14:58:41.598,-0.09E+00,-0.05E+00,+0.05E+00,+0.00E+00,+5.55E+00,+9.29E+00,-15.21E+00,+4.578E+00
2,09/2/2026,14:58:41.598,-0.09E+00,-0.05E+00,+0.05E+00,+0.00E+00,+5.77E+00,+9.11E+00,-15.24E+00,+4.486E+00
2,09/2/2026,14:58:41.598,-0.14E+00,-0.05E+00,+0.05E+00,+0.00E+00,+5.97E+00,+8.93E+00,-15.26E+00,+4.395E+00
2,09/2/2026,14:58:41.598,-0.14E+00,-0.05E+00,+0.05E+00,+0.00E+00,+6.18E+00,+8.74E+00,-15.29E+00,+4.303E+00
2,09/2/2026,14:58:41.598,-0.09E+00,-0.05E+00,+0.05E+00,+0.00E+00,+6.38E+00,+8.56E+00,-15.32E+00,+4.212E+00
2,09/2/2026,14:58:41.598,-0.09E+00,-0.05E+00,+0.05E+00,+0.00E+00,+6.59E+00,+8.36E+00,-15.34E+00,+4.120E+00
2,09/2/2026,14:58:41.598,-0.09E+00,-0.05E+00,+0.05E+00,-0.05E+00,+6.81E+00,+8.18E+00,-15.35E+00,+4.021E+00
2,09/2/2026,14:58:41.598,-0.09E+00,-0.05E+00,+0.00E+00,-0.05E+00,+7.00E+00,+7.98E+00,-15.35E+00,+3.922E+00
2,09/2/2026,14:58:41.598,-0.09E+00,-0.05E+00,+0.05E+00,+0.00E+00,+7.22E+00,+7.78E+00,-15.37E+00,+3.823E+00
2,09/2/2026,14:58:41.598,-0.09E+00,-0.05E+00,+0.05E+00,+0.00E+00,+7.43E+00,+7.58E+00,-15.38E+00,+3.723E+00
2,09/2/2026,14:58:41.599,-0.14E+00,-0.05E+00,+0.05E+00,-0.05E+00,+7.65E+00,+7.39E+00,-15.40E+00,+3.624E+00
2,09/2/2026,14:58:41.599,-0.14E+00,-0.05E+00,+0.05E+00,+0.00E+00,+7.84E+00,+7.19E+00,-15.40E+00,+3.525E+00
2,09/2/2026,14:58:41.599,-0.09E+00,-0.05E+00,+0.05E+00,+0.00E+00,+8.04E+00,+6.99E+00,-15.41E+00,+3.426E+00
2,09/2/2026,14:58:41.599,-0.09E+00,-0.05E+00,+0.05E+00,+0.00E+00,+8.26E+00,+6.78E+00,-15.41E+00,+3.327E+00
2,09/2/2026,14:58:41.599,-0.09E+00,-0.05E+00,+0.05E+00,+0.00E+00,+8.47E+00,+6.58E+00,-15.41E+00,+3.220E+00
2,09/2/2026,14:58:41.599,-0.09E+00,-0.05E+00,+0.05E+00,+0.00E+00,+8.67E+00,+6.38E+00,-15.41E+00,+3.121E+00
2,09/2/2026,14:58:41.599,-0.14E+00,-0.05E+00,+0.05E+00,-0.05E+00,+8.88E+00,+6.17E+00,-15.41E+00,+3.014E+00
2,09/2/2026,14:58:41.599,-0.09E+00,-0.05E+00,+0.05E+00,-0.05E+00,+9.08E+00,+5.95E+00,-15.41E+00,+2.907E+00
2,09/2/2026,14:58:41.599,-0.09E+00,-0.05E+00,+0.05E+00,-0.05E+00,+9.29E+00,+5.72E+00,-15.41E+00,+2.800E+00
2,09/2/2026,14:58:41.599,-0.09E+00,-0.05E+00,+0.05E+00,+0.00E+00,+9.52E+00,+5.52E+00,-15.40E+00,+2.693E+00
2,09/2/2026,14:58:41.599,-0.09E+00,-0.05E+00,+0.05E+00,+0.00E+00,+9.72E+00,+5.30E+00,-15.40E+00,+2.587E+00
2,09/2/2026,14:58:41.599,-0.09E+00,-0.05E+00,+0.05E+00,-0.05E+00,+9.93E+00,+5.08E+00,-15.38E+00,+2.472E+00
2,09/2/2026,14:58:41.599,-0.14E+00,-0.05E+00,+0.05E+00,+0.00E+00,+10.13E+00,+4.87E+00,-15.38E+00,+2.365E+00
2,09/2/2026,14:58:41.599,-0.14E+00,-0.05E+00,+0.05E+00,-0.05E+00,+10.33E+00,+4.64E+00,-15.37E+00,+2.259E+00
2,09/2/2026,14:58:41.599,-0.14E+00,-0.05E+00,+0.05E+00,+0.00E+00,+10.53E+00,+4.44E+00,-15.34E+00,+2.152E+00
2,09/2/2026,14:58:41.599,-0.09E+00,-0.05E+00,+0.05E+00,+0.00E+00,+10.73E+00,+4.23E+00,-15.32E+00,+2.045E+00
2,09/2/2026,14:58:41.599,-0.09E+00,-0.05E+00,+0.05E+00,-0.05E+00,+10.91E+00,+4.00E+00,-15.29E+00,+1.938E+00
2,09/2/2026,14:58:41.599,-0.09E+00,-0.05E+00,+0.05E+00,-0.05E+00,+11.09E+00,+3.78E+00,-15.24E+00,+1.831E+00
2,09/2/2026,14:58:41.599,-0.14E+00,-0.05E+00,+0.05E+00,-0.05E+00,+11.26E+00,+3.56E+00,-15.20E+00,+1.717E+00
2,09/2/2026,14:58:41.599,-0.09E+00,-0.05E+00,+0.05E+00,-0.05E+00,+11.45E+00,+3.33E+00,-15.14E+00,+1.602E+00
2,09/2/2026,14:58:41.600,-0.09E+00,-0.05E+00,+0.05E+00,-0.05E+00,+11.60E+00,+3.08E+00,-15.06E+00,+1.488E+00
2,09/2/2026,14:58:41.600,-0.09E+00,-0.05E+00,+0.05E+00,+0.00E+00,+11.75E+00,+2.84E+00,-14.97E+00,+1.366E+00
2,09/2/2026,14:58:41.600,-0.14E+00,-0.05E+00,+0.05E+00,+0.00E+00,+11.90E+00,+2.59E+00,-14.88E+00,+1.236E+00
2,09/2/2026,14:58:41.600,-0.09E+00,-0.05E+00,+0.05E+00,-0.05E+00,+12.04E+00,+2.35E+00,-14.77E+00,+1.114E+00
2,09/2/2026,14:58:41.600,-0.09E+00,-0.05E+00,+0.05E+00,+0.00E+00,+12.18E+00,+2.09E+00,-14.65E+00,+0.984E+00
2,09/2/2026,14:58:41.600,-0.09E+00,-0.05E+00,+0.05E+00,-0.05E+00,+12.31E+00,+1.85E+00,-14.53E+00,+0.862E+00
2,09/2/2026,14:58:41.600,-0.09E+00,-0.05E+00,+0.05E+00,-0.05E+00,+12.42E+00,+1.60E+00,-14.39E+00,+0.740E+00
2,09/2/2026,14:58:41.600,-0.09E+00,-0.05E+00,+0.05E+00,+0.00E+00,+12.54E+00,+1.36E+00,-14.27E+00,+0.618E+00
2,09/2/2026,14:58:41.600,-0.09E+00,-0.05E+00,+0.05E+00,-0.05E+00,+12.67E+00,+1.10E+00,-14.15E+00,+0.496E+00
2,09/2/2026,14:58:41.600,-0.14E+00,-0.05E+00,+0.05E+00,-0.05E+00,+12.79E+00,+0.85E+00,-14.02E+00,+0.374E+00
2,09/2/2026,14:58:41.600,-0.09E+00,-0.05E+00,+0.05E+00,-0.05E+00,+12.91E+00,+0.61E+00,-13.90E+00,+0.252E+00
2,09/2/2026,14:58:41.600,-0.09E+00,-0.05E+00,+0.05E+00,-0.05E+00,+13.03E+00,+0.37E+00,-13.78E+00,+0.137E+00
2,09/2/2026,14:58:41.600,-0.09E+00,-0.05E+00,+0.05E+00,-0.05E+00,+13.15E+00,+0.12E+00,-13.66E+00,+0.015E+00
2,09/2/2026,14:58:41.600,-0.09E+00,-0.05E+00,+0.00E+00,+0.00E+00,+13.26E+00,-0.11E+00,-13.54E+00,-0.107E+00
2,09/2/2026,14:58:41.600,-0.09E+00,-0.05E+00,+0.05E+00,+0.00E+00,+13.37E+00,-0.35E+00,-13.38E+00,-0.229E+00
2,09/2/2026,14:58:41.600,-0.14E+00,-0.05E+00,+0.05E+00,-0.05E+00,+13.47E+00,-0.61E+00,-13.23E+00,-0.351E+00
2,09/2/2026,14:58:41.600,-0.14E+00,-0.05E+00,+0.05E+00,+0.00E+00,+13.57E+00,-0.87E+00,-13.08E+00,-0.481E+00
2,09/2/2026,14:58:41.600,-0.09E+00,-0.05E+00,+0.05E+00,+0.00E+00,+13.64E+00,-1.13E+00,-12.91E+00,-0.610E+00
2,09/2/2026,14:58:41.600,-0.09E+00,-0.05E+00,+0.05E+00,-0.05E+00,+13.73E+00,-1.39E+00,-12.74E+00,-0.740E+00
2,09/2/2026,14:58:41.600,-0.09E+00,-0.05E+00,+0.05E+00,+0.00E+00,+13.83E+00,-1.63E+00,-12.56E+00,-0.862E+00
2,09/2/2026,14:58:41.601,-0.09E+00,-0.05E+00,+0.05E+00,+0.00E+00,+13.90E+00,-1.89E+00,-12.39E+00,-0.992E+00
2,09/2/2026,14:58:41.601,-0.14E+00,-0.05E+00,+0.05E+00,+0.00E+00,+13.98E+00,-2.15E+00,-12.21E+00,-1.122E+00
2,09/2/2026,14:58:41.601,-0.14E+00,-0.05E+00,+0.05E+00,+0.00E+00,+14.05E+00,-2.41E+00,-12.03E+00,-1.244E+00
2,09/2/2026,14:58:41.601,-0.14E+00,-0.05E+00,+0.05E+00,-0.05E+00,+14.13E+00,-2.66E+00,-11.86E+00,-1.366E+00
2,09/2/2026,14:58:41.601,-0.09E+00,-0.05E+00,+0.05E+00,-0.05E+00,+14.21E+00,-2.90E+00,-11.67E+00,-1.488E+00
2,09/2/2026,14:58:41.601,-0.09E+00,-0.05E+00,+0.05E+00,+0.00E+00,+14.28E+00,-3.16E+00,-11.51E+00,-1.610E+00
2,09/2/2026,14:58:41.601,-0.09E+00,-0.05E+00,+0.05E+00,-0.05E+00,+14.34E+00,-3.39E+00,-11.34E+00,-1.732E+00
2,09/2/2026,14:58:41.601,-0.14E+00,-0.05E+00,+0.05E+00,-0.05E+00,+14.41E+00,-3.63E+00,-11.16E+00,-1.854E+00
2,09/2/2026,14:58:41.601,-0.09E+00,-0.05E+00,+0.05E+00,+0.00E+00,+14.47E+00,-3.88E+00,-10.99E+00,-1.969E+00
2,09/2/2026,14:58:41.601,-0.14E+00,-0.05E+00,+0.05E+00,+0.00E+00,+14.53E+00,-4.10E+00,-10.80E+00,-2.091E+00
2,09/2/2026,14:58:41.601,-0.09E+00,-0.05E+00,+0.05E+00,+0.00E+00,+14.59E+00,-4.33E+00,-10.62E+00,-2.205E+00
2,09/2/2026,14:58:41.601,-0.09E+00,-0.05E+00,+0.05E+00,-0.05E+00,+14.65E+00,-4.58E+00,-10.44E+00,-2.320E+00
2,09/2/2026,14:58:41.601,-0.09E+00,-0.05E+00,+0.05E+00,-0.05E+00,+14.68E+00,-4.81E+00,-10.25E+00,-2.434E+00
2,09/2/2026,14:58:41.601,-0.14E+00,-0.05E+00,+0.05E+00,-0.05E+00,+14.73E+00,-5.04E+00,-10.07E+00,-2.548E+00
2,09/2/2026,14:58:41.601,-0.14E+00,-0.05E+00,+0.05E+00,+0.00E+00,+14.77E+00,-5.26E+00,-9.89E+00,-2.663E+00
2,09/2/2026,14:58:41.601,-0.09E+00,-0.05E+00,+0.05E+00,+0.00E+00,+14.82E+00,-5.49E+00,-9.71E+00,-2.777E+00
2,09/2/2026,14:58:41.601,-0.09E+00,-0.05E+00,+0.05E+00,+0.00E+00,+14.85E+00,-5.71E+00,-9.51E+00,-2.884E+00
2,09/2/2026,14:58:41.601,-0.09E+00,-0.05E+00,+0.05E+00,+0.00E+00,+14.86E+00,-5.94E+00,-9.32E+00,-2.991E+00
2,09/2/2026,14:58:41.601,-0.09E+00,-0.05E+00,+0.05E+00,+0.00E+00,+14.89E+00,-6.15E+00,-9.13E+00,-3.098E+00
2,09/2/2026,14:58:41.601,-0.09E+00,-0.05E+00,+0.05E+00,-0.05E+00,+14.92E+00,-6.36E+00,-8.94E+00,-3.205E+00
2,09/2/2026,14:58:41.602,-0.14E+00,-0.05E+00,+0.05E+00,-0.05E+00,+14.94E+00,-6.58E+00,-8.76E+00,-3.304E+00
2,09/2/2026,14:58:41.602,-0.09E+00,-0.05E+00,+0.05E+00,-0.05E+00,+14.97E+00,-6.78E+00,-8.58E+00,-3.411E+00
2,09/2/2026,14:58:41.602,-0.09E+00,-0.05E+00,+0.05E+00,+0.00E+00,+14.99E+00,-6.99E+00,-8.39E+00,-3.510E+00
2,09/2/2026,14:58:41.602,-0.09E+00,-0.05E+00,+0.05E+00,+0.00E+00,+15.02E+00,-7.20E+00,-8.19E+00,-3.617E+00
2,09/2/2026,14:58:41.602,-0.14E+00,-0.05E+00,+0.05E+00,+0.00E+00,+15.03E+00,-7.40E+00,-8.00E+00,-3.716E+00
2,09/2/2026,14:58:41.602,-0.14E+00,-0.05E+00,+0.05E+00,-0.05E+00,+15.05E+00,-7.61E+00,-7.81E+00,-3.823E+00
2,09/2/2026,14:58:41.602,-0.14E+00,-0.09E+00,+0.05E+00,-0.05E+00,+15.06E+00,-7.81E+00,-7.61E+00,-3.922E+00
2,09/2/2026,14:58:41.602,-0.09E+00,-0.05E+00,+0.05E+00,-0.05E+00,+15.08E+00,-8.03E+00,-7.43E+00,-4.021E+00
2,09/2/2026,14:58:41.602,-0.14E+00,-0.05E+00,+0.05E+00,+0.00E+00,+15.08E+00,-8.23E+00,-7.22E+00,-4.128E+00
2,09/2/2026,14:58:41.602,-0.14E+00,-0.05E+00,+0.05E+00,+0.00E+00,+15.08E+00,-8.42E+00,-7.03E+00,-4.227E+00
2,09/2/2026,14:58:41.602,-0.09E+00,-0.05E+00,+0.05E+00,+0.00E+00,+15.09E+00,-8.64E+00,-6.84E+00,-4.326E+00
2,09/2/2026,14:58:41.602,-0.09E+00,-0.05E+00,+0.05E+00,-0.05E+00,+15.09E+00,-8.84E+00,-6.64E+00,-4.425E+00
2,09/2/2026,14:58:41.602,-0.14E+00,-0.05E+00,+0.05E+00,-0.05E+00,+15.09E+00,-9.03E+00,-6.42E+00,-4.525E+00
2,09/2/2026,14:58:41.602,-0.09E+00,-0.05E+00,+0.05E+00,+0.00E+00,+15.09E+00,-9.25E+00,-6.23E+00,-4.624E+00
2,09/2/2026,14:58:41.602,-0.09E+00,-0.05E+00,+0.05E+00,-0.05E+00,+15.08E+00,-9.46E+00,-6.01E+00,-4.731E+00
2,09/2/2026,14:58:41.602,-0.09E+00,-0.05E+00,+0.05E+00,+0.00E+00,+15.08E+00,-9.67E+00,-5.78E+00,-4.830E+00
2,09/2/2026,14:58:41.602,-0.09E+00,-0.05E+00,+0.05E+00,+0.00E+00,+15.06E+00,-9.87E+00,-5.57E+00,-4.937E+00
2,09/2/2026,14:58:41.602,-0.09E+00,-0.05E+00,+0.05E+00,-0.05E+00,+15.05E+00,-10.07E+00,-5.34E+00,-5.036E+00
2,09/2/2026,14:58:41.602,-0.09E+00,-0.05E+00,+0.05E+00,-0.05E+00,+15.03E+00,-10.29E+00,-5.13E+00,-5.135E+00
2,09/2/2026,14:58:41.602,-0.14E+00,-0.05E+00,+0.05E+00,+0.00E+00,+15.02E+00,-10.48E+00,-4.90E+00,-5.242E+00
2,09/2/2026,14:58:41.603,-0.09E+00,-0.05E+00,+0.05E+00,+0.00E+00,+14.99E+00,-10.68E+00,-4.68E+00,-5.333E+00
2,09/2/2026,14:58:41.603,-0.09E+00,-0.05E+00,+0.05E+00,+0.00E+00,+14.94E+00,-10.88E+00,-4.46E+00,-5.425E+00
2,09/2/2026,14:58:41.603,-0.09E+00,-0.05E+00,+0.05E+00,+0.00E+00,+14.91E+00,-11.06E+00,-4.23E+00,-5.517E+00
2,09/2/2026,14:58:41.603,-0.14E+00,-0.05E+00,+0.05E+00,-0.05E+00,+14.88E+00,-11.25E+00,-4.01E+00,-5.608E+00
2,09/2/2026,14:58:41.603,-0.14E+00,-0.05E+00,+0.05E+00,+0.00E+00,+14.82E+00,-11.40E+00,-3.77E+00,-5.692E+00
2,09/2/2026,14:58:41.603,-0.14E+00,-0.05E+00,+0.05E+00,+0.00E+00,+14.76E+00,-11.57E+00,-3.54E+00,-5.776E+00
2,09/2/2026,14:58:41.603,-0.09E+00,-0.05E+00,+0.05E+00,+0.00E+00,+14.67E+00,-11.74E+00,-3.31E+00,-5.852E+00
2,09/2/2026,14:58:41.603,-0.09E+00,-0.05E+00,+0.05E+00,+0.00E+00,+14.59E+00,-11.89E+00,-3.07E+00,-5.929E+00
2,09/2/2026,14:58:41.603,-0.09E+00,-0.05E+00,+0.05E+00,+0.00E+00,+14.51E+00,-12.04E+00,-2.84E+00,-6.005E+00
2,09/2/2026,14:58:41.603,-0.09E+00,-0.05E+00,+0.05E+00,-0.05E+00,+14.42E+00,-12.21E+00,-2.59E+00,-6.081E+00
2,09/2/2026,14:58:41.603,-0.09E+00,-0.05E+00,+0.05E+00,-0.05E+00,+14.33E+00,-12.35E+00,-2.35E+00,-6.150E+00
2,09/2/2026,14:58:41.603,-0.09E+00,-0.05E+00,+0.05E+00,+0.00E+00,+14.22E+00,-12.48E+00,-2.11E+00,-6.219E+00
2,09/2/2026,14:58:41.603,-0.09E+00,-0.05E+00,+0.05E+00,+0.00E+00,+14.12E+00,-12.64E+00,-1.86E+00,-6.287E+00
2,09/2/2026,14:58:41.603,-0.09E+00,-0.05E+00,+0.05E+00,+0.00E+00,+14.01E+00,-12.76E+00,-1.60E+00,-6.356E+00
2,09/2/2026,14:58:41.603,-0.09E+00,-0.05E+00,+0.05E+00,-0.05E+00,+13.89E+00,-12.89E+00,-1.36E+00,-6.417E+00
2,09/2/2026,14:58:41.603,-0.09E+00,-0.05E+00,+0.05E+00,-0.05E+00,+13.75E+00,-13.03E+00,-1.11E+00,-6.478E+00
2,09/2/2026,14:58:41.603,-0.09E+00,-0.05E+00,+0.05E+00,-0.05E+00,+13.63E+00,-13.15E+00,-0.85E+00,-6.547E+00
2,09/2/2026,14:58:41.603,-0.09E+00,-0.05E+00,+0.05E+00,-0.05E+00,+13.51E+00,-13.28E+00,-0.61E+00,-6.600E+00
2,09/2/2026,14:58:41.603,-0.09E+00,-0.05E+00,+0.05E+00,-0.05E+00,+13.37E+00,-13.38E+00,-0.35E+00,-6.661E+00
2,09/2/2026,14:58:41.603,-0.09E+00,-0.05E+00,+0.05E+00,-0.05E+00,+13.23E+00,-13.51E+00,-0.11E+00,-6.714E+00
2,09/2/2026,14:58:41.604,-0.09E+00,-0.05E+00,+0.05E+00,-0.05E+00,+13.09E+00,-13.61E+00,+0.14E+00,-6.768E+00
2,09/2/2026,14:58:41.604,-0.09E+00,-0.05E+00,+0.00E+00,-0.05E+00,+12.94E+00,-13.72E+00,+0.40E+00,-6.821E+00
2,09/2/2026,14:58:41.604,-0.14E+00,-0.05E+00,+0.05E+00,-0.05E+00,+12.79E+00,-13.83E+00,+0.66E+00,-6.875E+00
2,09/2/2026,14:58:41.604,-0.14E+00,-0.05E+00,+0.05E+00,-0.05E+00,+12.64E+00,-13.93E+00,+0.92E+00,-6.920E+00
2,09/2/2026,14:58:41.604,-0.09E+00,-0.05E+00,+0.05E+00,+0.00E+00,+12.47E+00,-14.02E+00,+1.18E+00,-6.966E+00
2,09/2/2026,14:58:41.604,-0.09E+00,-0.05E+00,+0.05E+00,+0.00E+00,+12.31E+00,-14.12E+00,+1.43E+00,-7.012E+00
2,09/2/2026,14:58:41.604,-0.09E+00,-0.05E+00,+0.05E+00,+0.00E+00,+12.15E+00,-14.21E+00,+1.69E+00,-7.058E+00
2,09/2/2026,14:58:41.604,-0.09E+00,-0.05E+00,+0.05E+00,-0.05E+00,+11.98E+00,-14.30E+00,+1.94E+00,-7.096E+00
2,09/2/2026,14:58:41.604,-0.14E+00,-0.05E+00,+0.05E+00,-0.05E+00,+11.81E+00,-14.38E+00,+2.20E+00,-7.142E+00
2,09/2/2026,14:58:41.604,-0.14E+00,-0.05E+00,+0.05E+00,-0.05E+00,+11.64E+00,-14.45E+00,+2.44E+00,-7.180E+00
2,09/2/2026,14:58:41.604,-0.09E+00,-0.05E+00,+0.05E+00,+0.00E+00,+11.46E+00,-14.53E+00,+2.69E+00,-7.218E+00
2,09/2/2026,14:58:41.604,-0.09E+00,-0.05E+00,+0.05E+00,+0.00E+00,+11.29E+00,-14.60E+00,+2.95E+00,-7.249E+00
2,09/2/2026,14:58:41.604,-0.09E+00,-0.05E+00,+0.05E+00,-0.05E+00,+11.11E+00,-14.67E+00,+3.19E+00,-7.279E+00
2,09/2/2026,14:58:41.604,-0.09E+00,-0.05E+00,+0.05E+00,-0.05E+00,+10.94E+00,-14.74E+00,+3.42E+00,-7.310E+00
2,09/2/2026,14:58:41.604,-0.09E+00,-0.05E+00,+0.05E+00,+0.00E+00,+10.77E+00,-14.80E+00,+3.66E+00,-7.348E+00
2,09/2/2026,14:58:41.604,-0.14E+00,-0.05E+00,+0.05E+00,-0.05E+00,+10.59E+00,-14.86E+00,+3.89E+00,-7.371E+00
2,09/2/2026,14:58:41.604,-0.09E+00,-0.05E+00,+0.05E+00,+0.00E+00,+10.41E+00,-14.92E+00,+4.14E+00,-7.401E+00
2,09/2/2026,14:58:41.604,-0.09E+00,-0.05E+00,+0.05E+00,+0.00E+00,+10.24E+00,-14.97E+00,+4.36E+00,-7.424E+00
2,09/2/2026,14:58:41.604,-0.09E+00,-0.05E+00,+0.05E+00,+0.00E+00,+10.06E+00,-15.02E+00,+4.59E+00,-7.447E+00
2,09/2/2026,14:58:41.604,-0.09E+00,-0.05E+00,+0.05E+00,+0.00E+00,+9.87E+00,-15.06E+00,+4.81E+00,-7.462E+00
2,09/2/2026,14:58:41.604,-0.14E+00,-0.05E+00,+0.05E+00,-0.05E+00,+9.71E+00,-15.11E+00,+5.04E+00,-7.485E+00
2,09/2/2026,14:58:41.605,-0.14E+00,-0.05E+00,+0.05E+00,-0.05E+00,+9.52E+00,-15.15E+00,+5.26E+00,-7.508E+00
2,09/2/2026,14:58:41.605,-0.09E+00,-0.05E+00,+0.05E+00,+0.00E+00,+9.34E+00,-15.18E+00,+5.48E+00,-7.523E+00
2,09/2/2026,14:58:41.605,-0.09E+00,-0.05E+00,+0.05E+00,+0.00E+00,+9.16E+00,-15.21E+00,+5.69E+00,-7.539E+00
2,09/2/2026,14:58:41.605,-0.09E+00,-0.05E+00,+0.05E+00,-0.05E+00,+8.97E+00,-15.26E+00,+5.92E+00,-7.554E+00
2,09/2/2026,14:58:41.605,-0.09E+00,-0.05E+00,+0.05E+00,+0.00E+00,+8.79E+00,-15.28E+00,+6.13E+00,-7.569E+00
2,09/2/2026,14:58:41.605,-0.09E+00,-0.05E+00,+0.05E+00,+0.00E+00,+8.61E+00,-15.31E+00,+6.33E+00,-7.584E+00
2,09/2/2026,14:58:41.605,-0.09E+00,-0.05E+00,+0.05E+00,-0.05E+00,+8.42E+00,-15.34E+00,+6.55E+00,-7.592E+00
2,09/2/2026,14:58:41.605,-0.09E+00,-0.05E+00,+0.05E+00,-0.05E+00,+8.24E+00,-15.37E+00,+6.76E+00,-7.607E+00
2,09/2/2026,14:58:41.605,-0.09E+00,-0.05E+00,+0.05E+00,+0.00E+00,+8.06E+00,-15.38E+00,+6.96E+00,-7.615E+00
2,09/2/2026,14:58:41.605,-0.09E+00,-0.05E+00,+0.00E+00,+0.00E+00,+7.86E+00,-15.41E+00,+7.17E+00,-7.630E+00
2,09/2/2026,14:58:41.605,-0.14E+00,-0.05E+00,+0.05E+00,+0.00E+00,+7.68E+00,-15.43E+00,+7.39E+00,-7.638E+00
2,09/2/2026,14:58:41.605,-0.14E+00,-0.05E+00,+0.05E+00,+0.00E+00,+7.48E+00,-15.44E+00,+7.58E+00,-7.645E+00
2,09/2/2026,14:58:41.605,-0.09E+00,-0.05E+00,+0.05E+00,+0.00E+00,+7.29E+00,-15.46E+00,+7.80E+00,-7.645E+00
2,09/2/2026,14:58:41.605,-0.09E+00,-0.05E+00,+0.05E+00,-0.05E+00,+7.10E+00,-15.47E+00,+8.00E+00,-7.653E+00
2,09/2/2026,14:58:41.605,-0.14E+00,-0.05E+00,+0.05E+00,+0.00E+00,+6.91E+00,-15.47E+00,+8.19E+00,-7.653E+00
2,09/2/2026,14:58:41.605,-0.14E+00,-0.05E+00,+0.05E+00,+0.00E+00,+6.71E+00,-15.49E+00,+8.41E+00,-7.661E+00
2,09/2/2026,14:58:41.605,-0.14E+00,-0.05E+00,+0.05E+00,-0.05E+00,+6.52E+00,-15.49E+00,+8.61E+00,-7.661E+00
2,09/2/2026,14:58:41.605,-0.14E+00,-0.05E+00,+0.05E+00,+0.00E+00,+6.32E+00,-15.50E+00,+8.81E+00,-7.661E+00
2,09/2/2026,14:58:41.605,-0.14E+00,-0.05E+00,+0.05E+00,+0.00E+00,+6.12E+00,-15.50E+00,+9.00E+00,-7.661E+00
2,09/2/2026,14:58:41.605,-0.09E+00,-0.05E+00,+0.05E+00,+0.00E+00,+5.91E+00,-15.50E+00,+9.22E+00,-7.653E+00
2,09/2/2026,14:58:41.606,-0.09E+00,-0.05E+00,+0.05E+00,-0.05E+00,+5.71E+00,-15.49E+00,+9.42E+00,-7.653E+00
2,09/2/2026,14:58:41.606,-0.09E+00,-0.05E+00,+0.05E+00,-0.05E+00,+5.49E+00,-15.49E+00,+9.63E+00,-7.653E+00
2,09/2/2026,14:58:41.606,-0.09E+00,-0.05E+00,+0.05E+00,+0.00E+00,+5.28E+00,-15.47E+00,+9.84E+00,-7.645E+00
2,09/2/2026,14:58:41.606,-0.14E+00,-0.05E+00,+0.05E+00,+0.00E+00,+5.07E+00,-15.46E+00,+10.04E+00,-7.638E+00
2,09/2/2026,14:58:41.606,-0.09E+00,-0.05E+00,+0.05E+00,+0.00E+00,+4.85E+00,-15.46E+00,+10.24E+00,-7.630E+00
2,09/2/2026,14:58:41.606,-0.09E+00,-0.05E+00,+0.05E+00,-0.05E+00,+4.62E+00,-15.44E+00,+10.45E+00,-7.622E+00
2,09/2/2026,14:58:41.606,-0.09E+00,-0.05E+00,+0.05E+00,+0.00E+00,+4.41E+00,-15.41E+00,+10.64E+00,-7.615E+00
2,09/2/2026,14:58:41.606,-0.09E+00,-0.05E+00,+0.05E+00,+0.00E+00,+4.20E+00,-15.38E+00,+10.83E+00,-7.592E+00
2,09/2/2026,14:58:41.606,-0.14E+00,-0.05E+00,+0.05E+00,-0.05E+00,+3.97E+00,-15.35E+00,+11.02E+00,-7.569E+00
2,09/2/2026,14:58:41.606,-0.14E+00,-0.05E+00,+0.05E+00,-0.05E+00,+3.75E+00,-15.29E+00,+11.17E+00,-7.546E+00
2,09/2/2026,14:58:41.606,-0.14E+00,-0.05E+00,+0.05E+00,-0.05E+00,+3.53E+00,-15.23E+00,+11.34E+00,-7.516E+00
2,09/2/2026,14:58:41.606,-0.09E+00,-0.05E+00,+0.05E+00,-0.05E+00,+3.30E+00,-15.15E+00,+11.49E+00,-7.470E+00
2,09/2/2026,14:58:41.606,-0.09E+00,-0.05E+00,+0.05E+00,+0.00E+00,+3.05E+00,-15.06E+00,+11.64E+00,-7.424E+00
2,09/2/2026,14:58:41.606,-0.09E+00,-0.05E+00,+0.05E+00,+0.00E+00,+2.82E+00,-14.99E+00,+11.80E+00,-7.378E+00
2,09/2/2026,14:58:41.606,-0.09E+00,-0.05E+00,+0.05E+00,-0.05E+00,+2.58E+00,-14.88E+00,+11.92E+00,-7.333E+00
2,09/2/2026,14:58:41.606,-0.09E+00,-0.05E+00,+0.05E+00,-0.05E+00,+2.35E+00,-14.77E+00,+12.07E+00,-7.279E+00
2,09/2/2026,14:58:41.606,-0.14E+00,-0.05E+00,+0.05E+00,+0.00E+00,+2.11E+00,-14.67E+00,+12.21E+00,-7.226E+00
2,09/2/2026,14:58:41.606,-0.09E+00,-0.05E+00,+0.05E+00,+0.00E+00,+1.86E+00,-14.56E+00,+12.35E+00,-7.172E+00
2,09/2/2026,14:58:41.606,-0.09E+00,-0.05E+00,+0.05E+00,+0.00E+00,+1.60E+00,-14.44E+00,+12.48E+00,-7.111E+00
2,09/2/2026,14:58:41.606,-0.09E+00,-0.05E+00,+0.05E+00,+0.00E+00,+1.34E+00,-14.33E+00,+12.60E+00,-7.050E+00
2,09/2/2026,14:58:41.607,-0.09E+00,-0.05E+00,+0.05E+00,-0.05E+00,+1.10E+00,-14.21E+00,+12.73E+00,-6.989E+00
2,09/2/2026,14:58:41.607,-0.09E+00,-0.05E+00,+0.00E+00,-0.05E+00,+0.84E+00,-14.07E+00,+12.85E+00,-6.920E+00
2,09/2/2026,14:58:41.607,-0.14E+00,-0.05E+00,+0.05E+00,+0.00E+00,+0.60E+00,-13.95E+00,+12.97E+00,-6.852E+00
2,09/2/2026,14:58:41.607,-0.09E+00,-0.05E+00,+0.05E+00,+0.00E+00,+0.35E+00,-13.81E+00,+13.08E+00,-6.791E+00
2,09/2/2026,14:58:41.607,-0.09E+00,-0.05E+00,+0.05E+00,+0.00E+00,+0.09E+00,-13.66E+00,+13.18E+00,-6.714E+00
2,09/2/2026,14:58:41.607,-0.14E+00,-0.05E+00,+0.05E+00,+0.00E+00,-0.15E+00,-13.52E+00,+13.31E+00,-6.638E+00
2,09/2/2026,14:58:41.607,-0.14E+00,-0.05E+00,+0.05E+00,+0.00E+00,-0.41E+00,-13.38E+00,+13.41E+00,-6.570E+00
2,09/2/2026,14:58:41.607,-0.09E+00,-0.05E+00,+0.05E+00,-0.05E+00,-0.66E+00,-13.23E+00,+13.52E+00,-6.493E+00
2,09/2/2026,14:58:41.607,-0.09E+00,-0.05E+00,+0.05E+00,+0.00E+00,-0.92E+00,-13.08E+00,+13.63E+00,-6.417E+00
2,09/2/2026,14:58:41.607,-0.09E+00,-0.05E+00,+0.05E+00,+0.00E+00,-1.18E+00,-12.93E+00,+13.72E+00,-6.341E+00
2,09/2/2026,14:58:41.607,-0.09E+00,-0.05E+00,+0.05E+00,+0.00E+00,-1.42E+00,-12.76E+00,+13.81E+00,-6.257E+00
2,09/2/2026,14:58:41.607,-0.09E+00,-0.05E+00,+0.05E+00,-0.05E+00,-1.68E+00,-12.59E+00,+13.90E+00,-6.180E+00
2,09/2/2026,14:58:41.607,-0.09E+00,-0.05E+00,+0.05E+00,+0.00E+00,-1.94E+00,-12.44E+00,+13.99E+00,-6.096E+00
2,09/2/2026,14:58:41.607,-0.14E+00,-0.05E+00,+0.05E+00,+0.00E+00,-2.20E+00,-12.27E+00,+14.09E+00,-6.013E+00
2,09/2/2026,14:58:41.607,-0.14E+00,-0.05E+00,+0.05E+00,+0.00E+00,-2.44E+00,-12.10E+00,+14.16E+00,-5.929E+00
2,09/2/2026,14:58:41.607,-0.09E+00,-0.05E+00,+0.05E+00,+0.00E+00,-2.69E+00,-11.93E+00,+14.24E+00,-5.845E+00
2,09/2/2026,14:58:41.607,-0.09E+00,-0.05E+00,+0.05E+00,+0.00E+00,-2.93E+00,-11.77E+00,+14.31E+00,-5.753E+00
2,09/2/2026,14:58:41.607,-0.09E+00,-0.05E+00,+0.05E+00,+0.00E+00,-3.17E+00,-11.58E+00,+14.38E+00,-5.669E+00
2,09/2/2026,14:58:41.607,-0.14E+00,-0.05E+00,+0.05E+00,+0.00E+00,-3.42E+00,-11.41E+00,+14.45E+00,-5.578E+00
2,09/2/2026,14:58:41.607,-0.14E+00,-0.05E+00,+0.05E+00,-0.05E+00,-3.65E+00,-11.23E+00,+14.50E+00,-5.494E+00
2,09/2/2026,14:58:41.608,-0.09E+00,-0.05E+00,+0.05E+00,-0.05E+00,-3.89E+00,-11.05E+00,+14.56E+00,-5.402E+00
2,09/2/2026,14:58:41.608,-0.09E+00,-0.05E+00,+0.05E+00,-0.05E+00,-4.12E+00,-10.88E+00,+14.62E+00,-5.311E+00
2,09/2/2026,14:58:41.608,-0.14E+00,-0.05E+00,+0.05E+00,+0.00E+00,-4.33E+00,-10.70E+00,+14.67E+00,-5.227E+00
2,09/2/2026,14:58:41.608,-0.14E+00,-0.05E+00,+0.05E+00,+0.00E+00,-4.56E+00,-10.51E+00,+14.70E+00,-5.135E+00
2,09/2/2026,14:58:41.608,-0.09E+00,-0.05E+00,+0.05E+00,+0.00E+00,-4.79E+00,-10.33E+00,+14.74E+00,-5.043E+00
2,09/2/2026,14:58:41.608,-0.09E+00,-0.05E+00,+0.05E+00,-0.05E+00,-5.01E+00,-10.16E+00,+14.79E+00,-4.952E+00
2,09/2/2026,14:58:41.608,-0.09E+00,-0.05E+00,+0.05E+00,+0.00E+00,-5.22E+00,-9.98E+00,+14.82E+00,-4.860E+00
2,09/2/2026,14:58:41.608,-0.09E+00,-0.05E+00,+0.05E+00,+0.00E+00,-5.45E+00,-9.80E+00,+14.86E+00,-4.769E+00
2,09/2/2026,14:58:41.608,-0.09E+00,-0.05E+00,+0.05E+00,+0.00E+00,-5.66E+00,-9.61E+00,+14.89E+00,-4.677E+00
2,09/2/2026,14:58:41.608,-0.09E+00,-0.05E+00,+0.05E+00,-0.05E+00,-5.88E+00,-9.43E+00,+14.92E+00,-4.586E+00
2,09/2/2026,14:58:41.608,-0.14E+00,-0.05E+00,+0.05E+00,-0.05E+00,-6.09E+00,-9.25E+00,+14.95E+00,-4.494E+00
2,09/2/2026,14:58:41.608,-0.14E+00,-0.05E+00,+0.05E+00,+0.00E+00,-6.30E+00,-9.05E+00,+14.97E+00,-4.403E+00
2,09/2/2026,14:58:41.608,-0.09E+00,-0.05E+00,+0.05E+00,+0.00E+00,-6.50E+00,-8.87E+00,+15.00E+00,-4.311E+00
2,09/2/2026,14:58:41.608,-0.09E+00,-0.05E+00,+0.05E+00,-0.05E+00,-6.71E+00,-8.68E+00,+15.02E+00,-4.212E+00
2,09/2/2026,14:58:41.608,-0.09E+00,-0.05E+00,+0.05E+00,+0.00E+00,-6.93E+00,-8.50E+00,+15.05E+00,-4.120E+00
2,09/2/2026,14:58:41.608,-0.09E+00,-0.05E+00,+0.05E+00,+0.00E+00,-7.14E+00,-8.30E+00,+15.06E+00,-4.021E+00
2,09/2/2026,14:58:41.608,-0.09E+00,-0.05E+00,+0.05E+00,-0.05E+00,-7.36E+00,-8.10E+00,+15.06E+00,-3.922E+00
2,09/2/2026,14:58:41.608,-0.14E+00,-0.05E+00,+0.05E+00,-0.05E+00,-7.55E+00,-7.90E+00,+15.08E+00,-3.823E+00
2,09/2/2026,14:58:41.608,-0.14E+00,-0.05E+00,+0.05E+00,+0.00E+00,-7.75E+00,-7.69E+00,+15.09E+00,-3.723E+00
2,09/2/2026,14:58:41.608,-0.09E+00,-0.05E+00,+0.05E+00,+0.00E+00,-7.97E+00,-7.51E+00,+15.09E+00,-3.624E+00
2,09/2/2026,14:58:41.609,-0.09E+00,-0.05E+00,+0.05E+00,+0.00E+00,-8.18E+00,-7.31E+00,+15.11E+00,-3.533E+00
2,09/2/2026,14:58:41.609,-0.09E+00,-0.05E+00,+0.05E+00,+0.00E+00,-8.36E+00,-7.10E+00,+15.11E+00,-3.426E+00
2,09/2/2026,14:58:41.609,-0.09E+00,-0.05E+00,+0.05E+00,+0.00E+00,-8.58E+00,-6.91E+00,+15.11E+00,-3.327E+00
2,09/2/2026,14:58:41.609,-0.14E+00,-0.05E+00,+0.05E+00,-0.05E+00,-8.79E+00,-6.71E+00,+15.11E+00,-3.235E+00
2,09/2/2026,14:58:41.609,-0.09E+00,-0.05E+00,+0.05E+00,-0.05E+00,-8.99E+00,-6.52E+00,+15.11E+00,-3.128E+00
2,09/2/2026,14:58:41.609,-0.09E+00,-0.05E+00,+0.05E+00,+0.00E+00,-9.19E+00,-6.30E+00,+15.11E+00,-3.022E+00
2,09/2/2026,14:58:41.609,-0.09E+00,-0.05E+00,+0.05E+00,+0.00E+00,-9.40E+00,-6.09E+00,+15.11E+00,-2.922E+00
2,09/2/2026,14:58:41.609,-0.09E+00,-0.05E+00,+0.05E+00,+0.00E+00,-9.61E+00,-5.88E+00,+15.11E+00,-2.816E+00
2,09/2/2026,14:58:41.609,-0.14E+00,-0.05E+00,+0.05E+00,+0.00E+00,-9.81E+00,-5.66E+00,+15.11E+00,-2.709E+00
2,09/2/2026,14:58:41.609,-0.14E+00,-0.05E+00,+0.05E+00,+0.00E+00,-10.04E+00,-5.43E+00,+15.09E+00,-2.594E+00
2,09/2/2026,14:58:41.609,-0.14E+00,-0.05E+00,+0.05E+00,+0.00E+00,-10.24E+00,-5.22E+00,+15.08E+00,-2.487E+00
2,09/2/2026,14:58:41.609,-0.14E+00,-0.05E+00,+0.05E+00,+0.00E+00,-10.44E+00,-5.01E+00,+15.06E+00,-2.381E+00
2,09/2/2026,14:58:41.609,-0.09E+00,-0.05E+00,+0.05E+00,+0.00E+00,-10.64E+00,-4.78E+00,+15.05E+00,-2.274E+00
2,09/2/2026,14:58:41.609,-0.09E+00,-0.05E+00,+0.05E+00,+0.00E+00,-10.83E+00,-4.58E+00,+15.03E+00,-2.167E+00
2,09/2/2026,14:58:41.609,-0.14E+00,-0.05E+00,+0.05E+00,+0.00E+00,-11.03E+00,-4.35E+00,+15.02E+00,-2.060E+00
2,09/2/2026,14:58:41.609,-0.14E+00,-0.05E+00,+0.05E+00,-0.05E+00,-11.22E+00,-4.14E+00,+14.99E+00,-1.953E+00
2,09/2/2026,14:58:41.609,-0.09E+00,-0.05E+00,+0.05E+00,+0.00E+00,-11.38E+00,-3.92E+00,+14.95E+00,-1.839E+00
2,09/2/2026,14:58:41.609,-0.09E+00,-0.09E+00,+0.05E+00,-0.05E+00,-11.57E+00,-3.71E+00,+14.89E+00,-1.732E+00
2,09/2/2026,14:58:41.609,-0.09E+00,-0.05E+00,+0.05E+00,+0.00E+00,-11.74E+00,-3.48E+00,+14.83E+00,-1.618E+00
2,09/2/2026,14:58:41.609,-0.09E+00,-0.05E+00,+0.05E+00,+0.00E+00,-11.90E+00,-3.24E+00,+14.77E+00,-1.495E+00
2,09/2/2026,14:58:41.610,-0.09E+00,-0.05E+00,+0.05E+00,+0.00E+00,-12.06E+00,-2.99E+00,+14.68E+00,-1.381E+00
2,09/2/2026,14:58:41.610,-0.09E+00,-0.05E+00,+0.05E+00,-0.05E+00,-12.19E+00,-2.75E+00,+14.57E+00,-1.259E+00
2,09/2/2026,14:58:41.610,-0.09E+00,-0.05E+00,+0.05E+00,-0.05E+00,-12.35E+00,-2.49E+00,+14.47E+00,-1.129E+00
2,09/2/2026,14:58:41.610,-0.14E+00,-0.05E+00,+0.05E+00,+0.00E+00,-12.47E+00,-2.24E+00,+14.34E+00,-1.007E+00
2,09/2/2026,14:58:41.610,-0.09E+00,-0.05E+00,+0.05E+00,+0.00E+00,-12.60E+00,-2.00E+00,+14.21E+00,-0.877E+00
2,09/2/2026,14:58:41.610,-0.09E+00,-0.05E+00,+0.05E+00,+0.00E+00,-12.71E+00,-1.74E+00,+14.09E+00,-0.755E+00
2,09/2/2026,14:58:41.610,-0.14E+00,-0.09E+00,+0.05E+00,+0.00E+00,-12.83E+00,-1.50E+00,+13.96E+00,-0.633E+00
2,09/2/2026,14:58:41.610,-0.14E+00,-0.05E+00,+0.05E+00,+0.00E+00,-12.96E+00,-1.25E+00,+13.84E+00,-0.511E+00
2,09/2/2026,14:58:41.610,-0.09E+00,-0.05E+00,+0.05E+00,-0.05E+00,-13.08E+00,-1.01E+00,+13.72E+00,-0.389E+00
2,09/2/2026,14:58:41.610,-0.09E+00,-0.05E+00,+0.05E+00,-0.05E+00,-13.20E+00,-0.76E+00,+13.60E+00,-0.267E+00
2,09/2/2026,14:58:41.610,-0.09E+00,-0.05E+00,+0.05E+00,+0.00E+00,-13.32E+00,-0.52E+00,+13.47E+00,-0.153E+00
2,09/2/2026,14:58:41.610,-0.09E+00,-0.05E+00,+0.05E+00,+0.00E+00,-13.43E+00,-0.29E+00,+13.35E+00,-0.031E+00
2,09/2/2026,14:58:41.610,-0.09E+00,-0.05E+00,+0.05E+00,-0.05E+00,-13.54E+00,-0.03E+00,+13.22E+00,+0.092E+00
2,09/2/2026,14:58:41.610,-0.14E+00,-0.05E+00,+0.05E+00,-0.05E+00,-13.64E+00,+0.21E+00,+13.06E+00,+0.214E+00
2,09/2/2026,14:58:41.610,-0.09E+00,-0.05E+00,+0.05E+00,-0.05E+00,-13.73E+00,+0.46E+00,+12.91E+00,+0.336E+00
2,09/2/2026,14:58:41.610,-0.09E+00,-0.05E+00,+0.05E+00,+0.00E+00,-13.83E+00,+0.70E+00,+12.76E+00,+0.458E+00
2,09/2/2026,14:58:41.610,-0.09E+00,-0.05E+00,+0.05E+00,+0.00E+00,-13.92E+00,+0.96E+00,+12.59E+00,+0.588E+00
2,09/2/2026,14:58:41.610,-0.09E+00,-0.05E+00,+0.05E+00,+0.00E+00,-14.01E+00,+1.22E+00,+12.41E+00,+0.717E+00
2,09/2/2026,14:58:41.610,-0.14E+00,-0.05E+00,+0.05E+00,-0.05E+00,-14.09E+00,+1.48E+00,+12.24E+00,+0.847E+00
2,09/2/2026,14:58:41.610,-0.09E+00,-0.05E+00,+0.05E+00,-0.05E+00,-14.16E+00,+1.74E+00,+12.06E+00,+0.969E+00
2,09/2/2026,14:58:41.611,-0.09E+00,-0.05E+00,+0.05E+00,-0.05E+00,-14.24E+00,+2.00E+00,+11.87E+00,+1.099E+00
2,09/2/2026,14:58:41.611,-0.09E+00,-0.05E+00,+0.05E+00,+0.00E+00,-14.33E+00,+2.26E+00,+11.70E+00,+1.228E+00
2,09/2/2026,14:58:41.611,-0.09E+00,-0.05E+00,+0.05E+00,+0.00E+00,-14.41E+00,+2.50E+00,+11.52E+00,+1.351E+00
2,09/2/2026,14:58:41.611,-0.09E+00,-0.05E+00,+0.05E+00,+0.00E+00,-14.47E+00,+2.75E+00,+11.35E+00,+1.473E+00
2,09/2/2026,14:58:41.611,-0.14E+00,-0.05E+00,+0.05E+00,+0.00E+00,-14.54E+00,+3.01E+00,+11.17E+00,+1.595E+00
2,09/2/2026,14:58:41.611,-0.14E+00,-0.05E+00,+0.05E+00,-0.05E+00,-14.62E+00,+3.24E+00,+11.00E+00,+1.717E+00
2,09/2/2026,14:58:41.611,-0.09E+00,-0.05E+00,+0.05E+00,-0.05E+00,-14.68E+00,+3.48E+00,+10.83E+00,+1.831E+00
2,09/2/2026,14:58:41.611,-0.09E+00,-0.05E+00,+0.05E+00,+0.00E+00,-14.74E+00,+3.72E+00,+10.65E+00,+1.953E+00
2,09/2/2026,14:58:41.611,-0.09E+00,-0.05E+00,+0.05E+00,+0.00E+00,-14.79E+00,+3.95E+00,+10.47E+00,+2.068E+00
2,09/2/2026,14:58:41.611,-0.09E+00,-0.05E+00,+0.05E+00,-0.05E+00,-14.85E+00,+4.18E+00,+10.27E+00,+2.182E+00
2,09/2/2026,14:58:41.611,-0.09E+00,-0.05E+00,+0.05E+00,+0.00E+00,-14.89E+00,+4.43E+00,+10.10E+00,+2.304E+00
2,09/2/2026,14:58:41.611,-0.09E+00,-0.05E+00,+0.05E+00,+0.00E+00,-14.94E+00,+4.65E+00,+9.90E+00,+2.411E+00
2,09/2/2026,14:58:41.611,-0.09E+00,-0.05E+00,+0.05E+00,-0.05E+00,-14.97E+00,+4.88E+00,+9.72E+00,+2.526E+00
2,09/2/2026,14:58:41.611,-0.09E+00,-0.05E+00,+0.05E+00,+0.00E+00,-15.02E+00,+5.10E+00,+9.54E+00,+2.640E+00
2,09/2/2026,14:58:41.611,-0.09E+00,-0.05E+00,+0.05E+00,+0.00E+00,-15.05E+00,+5.33E+00,+9.35E+00,+2.747E+00
2,09/2/2026,14:58:41.611,-0.09E+00,-0.05E+00,+0.05E+00,-0.05E+00,-15.08E+00,+5.54E+00,+9.16E+00,+2.854E+00
2,09/2/2026,14:58:41.611,-0.09E+00,-0.05E+00,+0.05E+00,-0.05E+00,-15.11E+00,+5.75E+00,+8.97E+00,+2.960E+00
2,09/2/2026,14:58:41.611,-0.14E+00,-0.05E+00,+0.05E+00,-0.05E+00,-15.14E+00,+5.97E+00,+8.79E+00,+3.067E+00
2,09/2/2026,14:58:41.611,-0.09E+00,-0.05E+00,+0.05E+00,+0.00E+00,-15.17E+00,+6.20E+00,+8.61E+00,+3.174E+00
2,09/2/2026,14:58:41.611,-0.14E+00,-0.05E+00,+0.05E+00,+0.00E+00,-15.18E+00,+6.41E+00,+8.41E+00,+3.281E+00
2,09/2/2026,14:58:41.612,-0.09E+00,-0.05E+00,+0.05E+00,+0.00E+00,-15.21E+00,+6.61E+00,+8.23E+00,+3.380E+00
2,09/2/2026,14:58:41.612,-0.09E+00,-0.05E+00,+0.05E+00,+0.00E+00,-15.23E+00,+6.82E+00,+8.04E+00,+3.487E+00
2,09/2/2026,14:58:41.612,-0.09E+00,-0.05E+00,+0.05E+00,-0.05E+00,-15.26E+00,+7.03E+00,+7.86E+00,+3.594E+00
2,09/2/2026,14:58:41.612,-0.14E+00,-0.05E+00,+0.05E+00,+0.00E+00,-15.28E+00,+7.23E+00,+7.66E+00,+3.693E+00
2,09/2/2026,14:58:41.612,-0.09E+00,-0.05E+00,+0.05E+00,+0.00E+00,-15.29E+00,+7.45E+00,+7.46E+00,+3.800E+00
2,09/2/2026,14:58:41.612,-0.09E+00,-0.05E+00,+0.05E+00,+0.00E+00,-15.29E+00,+7.66E+00,+7.28E+00,+3.899E+00
2,09/2/2026,14:58:41.612,-0.09E+00,-0.05E+00,+0.05E+00,-0.05E+00,-15.31E+00,+7.86E+00,+7.08E+00,+3.998E+00
2,09/2/2026,14:58:41.612,-0.09E+00,-0.05E+00,+0.05E+00,-0.05E+00,-15.32E+00,+8.06E+00,+6.88E+00,+4.097E+00
2,09/2/2026,14:58:41.612,-0.09E+00,-0.05E+00,+0.05E+00,+0.00E+00,-15.32E+00,+8.27E+00,+6.68E+00,+4.197E+00
2,09/2/2026,14:58:41.612,-0.14E+00,-0.05E+00,+0.05E+00,+0.00E+00,-15.32E+00,+8.47E+00,+6.49E+00,+4.296E+00
2,09/2/2026,14:58:41.612,-0.09E+00,-0.05E+00,+0.05E+00,+0.00E+00,-15.32E+00,+8.67E+00,+6.29E+00,+4.403E+00
2,09/2/2026,14:58:41.612,-0.09E+00,-0.05E+00,+0.05E+00,+0.00E+00,-15.32E+00,+8.87E+00,+6.09E+00,+4.502E+00
2,09/2/2026,14:58:41.612,-0.09E+00,-0.05E+00,+0.05E+00,+0.00E+00,-15.32E+00,+9.08E+00,+5.88E+00,+4.601E+00
2,09/2/2026,14:58:41.612,-0.09E+00,-0.05E+00,+0.05E+00,-0.05E+00,-15.31E+00,+9.28E+00,+5.66E+00,+4.700E+00
2,09/2/2026,14:58:41.612,-0.09E+00,-0.05E+00,+0.05E+00,-0.05E+00,-15.31E+00,+9.49E+00,+5.45E+00,+4.807E+00
2,09/2/2026,14:58:41.612,-0.14E+00,-0.05E+00,+0.05E+00,-0.05E+00,-15.31E+00,+9.69E+00,+5.23E+00,+4.906E+00
2,09/2/2026,14:58:41.612,-0.09E+00,-0.05E+00,+0.05E+00,-0.05E+00,-15.29E+00,+9.90E+00,+5.01E+00,+5.005E+00
2,09/2/2026,14:58:41.612,-0.09E+00,-0.05E+00,+0.05E+00,+0.00E+00,-15.28E+00,+10.10E+00,+4.79E+00,+5.112E+00
2,09/2/2026,14:58:41.612,-0.09E+00,-0.05E+00,+0.05E+00,+0.00E+00,-15.24E+00,+10.32E+00,+4.56E+00,+5.211E+00
2,09/2/2026,14:58:41.612,-0.09E+00,-0.05E+00,+0.05E+00,+0.00E+00,-15.23E+00,+10.51E+00,+4.33E+00,+5.311E+00
2,09/2/2026,14:58:41.613,-0.09E+00,-0.05E+00,+0.05E+00,+0.00E+00,-15.20E+00,+10.70E+00,+4.10E+00,+5.402E+00
2,09/2/2026,14:58:41.613,-0.09E+00,-0.05E+00,+0.05E+00,-0.05E+00,-15.15E+00,+10.90E+00,+3.88E+00,+5.494E+00
2,09/2/2026,14:58:41.613,-0.09E+00,-0.05E+00,+0.05E+00,-0.05E+00,-15.11E+00,+11.08E+00,+3.66E+00,+5.585E+00
2,09/2/2026,14:58:41.613,-0.09E+00,-0.05E+00,+0.05E+00,+0.00E+00,-15.05E+00,+11.25E+00,+3.43E+00,+5.669E+00
2,09/2/2026,14:58:41.613,-0.09E+00,-0.05E+00,+0.05E+00,+0.00E+00,-14.99E+00,+11.41E+00,+3.19E+00,+5.745E+00
2,09/2/2026,14:58:41.613,-0.09E+00,-0.05E+00,+0.05E+00,+0.00E+00,-14.91E+00,+11.57E+00,+2.98E+00,+5.829E+00
2,09/2/2026,14:58:41.613,-0.09E+00,-0.05E+00,+0.05E+00,+0.00E+00,-14.83E+00,+11.72E+00,+2.73E+00,+5.906E+00
2,09/2/2026,14:58:41.613,-0.09E+00,-0.05E+00,+0.05E+00,+0.00E+00,-14.74E+00,+11.87E+00,+2.49E+00,+5.982E+00
2,09/2/2026,14:58:41.613,-0.09E+00,-0.05E+00,+0.05E+00,+0.00E+00,-14.67E+00,+12.03E+00,+2.26E+00,+6.051E+00
2,09/2/2026,14:58:41.613,-0.09E+00,-0.05E+00,+0.05E+00,+0.00E+00,-14.56E+00,+12.18E+00,+2.01E+00,+6.119E+00
2,09/2/2026,14:58:41.613,-0.09E+00,-0.05E+00,+0.05E+00,+0.00E+00,-14.47E+00,+12.31E+00,+1.77E+00,+6.196E+00
2,09/2/2026,14:58:41.613,-0.09E+00,-0.05E+00,+0.05E+00,+0.00E+00,-14.34E+00,+12.45E+00,+1.53E+00,+6.264E+00
2,09/2/2026,14:58:41.613,-0.14E+00,-0.05E+00,+0.05E+00,+0.00E+00,-14.24E+00,+12.59E+00,+1.27E+00,+6.325E+00
2,09/2/2026,14:58:41.613,-0.14E+00,-0.05E+00,+0.05E+00,+0.00E+00,-14.12E+00,+12.73E+00,+1.02E+00,+6.394E+00
2,09/2/2026,14:58:41.613,-0.14E+00,+0.00E+00,+0.05E+00,-0.05E+00,-13.99E+00,+12.85E+00,+0.76E+00,+6.455E+00
2,09/2/2026,14:58:41.613,-0.09E+00,-0.05E+00,+0.05E+00,+0.00E+00,-13.86E+00,+12.99E+00,+0.52E+00,+6.516E+00
2,09/2/2026,14:58:41.613,-0.09E+00,-0.05E+00,+0.05E+00,+0.00E+00,-13.73E+00,+13.11E+00,+0.26E+00,+6.577E+00
2,09/2/2026,14:58:41.613,-0.09E+00,-0.05E+00,+0.05E+00,-0.05E+00,-13.60E+00,+13.23E+00,+0.00E+00,+6.638E+00
2,09/2/2026,14:58:41.613,-0.14E+00,-0.05E+00,+0.05E+00,+0.00E+00,-13.46E+00,+13.34E+00,-0.24E+00,+6.692E+00
2,09/2/2026,14:58:41.613,-0.14E+00,-0.05E+00,+0.05E+00,+0.00E+00,-13.32E+00,+13.44E+00,-0.49E+00,+6.745E+00
2,09/2/2026,14:58:41.614,-0.14E+00,-0.05E+00,+0.05E+00,-0.05E+00,-13.17E+00,+13.55E+00,-0.75E+00,+6.798E+00
2,09/2/2026,14:58:41.614,-0.09E+00,-0.05E+00,+0.05E+00,+0.00E+00,-13.02E+00,+13.66E+00,-1.01E+00,+6.852E+00
2,09/2/2026,14:58:41.614,-0.09E+00,-0.05E+00,+0.05E+00,+0.00E+00,-12.86E+00,+13.76E+00,-1.27E+00,+6.898E+00
2,09/2/2026,14:58:41.614,-0.09E+00,-0.05E+00,+0.05E+00,+0.00E+00,-12.71E+00,+13.86E+00,-1.53E+00,+6.943E+00
2,09/2/2026,14:58:41.614,-0.14E+00,-0.05E+00,+0.05E+00,+0.00E+00,-12.54E+00,+13.95E+00,-1.77E+00,+6.989E+00
2,09/2/2026,14:58:41.614,-0.14E+00,-0.05E+00,+0.05E+00,-0.05E+00,-12.38E+00,+14.04E+00,-2.03E+00,+7.035E+00
2,09/2/2026,14:58:41.614,-0.09E+00,-0.09E+00,+0.05E+00,+0.00E+00,-12.21E+00,+14.12E+00,-2.29E+00,+7.073E+00
2,09/2/2026,14:58:41.614,-0.09E+00,-0.05E+00,+0.05E+00,+0.00E+00,-12.04E+00,+14.19E+00,-2.55E+00,+7.111E+00
2,09/2/2026,14:58:41.614,-0.09E+00,-0.05E+00,+0.05E+00,+0.00E+00,-11.87E+00,+14.28E+00,-2.79E+00,+7.149E+00
2,09/2/2026,14:58:41.614,-0.09E+00,-0.05E+00,+0.05E+00,+0.00E+00,-11.70E+00,+14.36E+00,-3.04E+00,+7.188E+00
2,09/2/2026,14:58:41.614,-0.09E+00,-0.05E+00,+0.05E+00,-0.05E+00,-11.52E+00,+14.44E+00,-3.28E+00,+7.226E+00
2,09/2/2026,14:58:41.614,-0.09E+00,-0.05E+00,+0.05E+00,-0.05E+00,-11.35E+00,+14.50E+00,-3.54E+00,+7.256E+00
2,09/2/2026,14:58:41.614,-0.09E+00,-0.05E+00,+0.05E+00,+0.00E+00,-11.17E+00,+14.56E+00,-3.77E+00,+7.287E+00
2,09/2/2026,14:58:41.614,-0.09E+00,-0.05E+00,+0.05E+00,+0.00E+00,-10.99E+00,+14.62E+00,-4.01E+00,+7.317E+00
2,09/2/2026,14:58:41.614,-0.09E+00,-0.05E+00,+0.05E+00,+0.00E+00,-10.82E+00,+14.70E+00,-4.26E+00,+7.348E+00
2,09/2/2026,14:58:41.614,-0.09E+00,-0.05E+00,+0.05E+00,+0.00E+00,-10.64E+00,+14.74E+00,-4.49E+00,+7.371E+00
2,09/2/2026,14:58:41.614,-0.09E+00,-0.05E+00,+0.05E+00,+0.00E+00,-10.47E+00,+14.80E+00,-4.70E+00,+7.401E+00
2,09/2/2026,14:58:41.614,-0.14E+00,-0.05E+00,+0.05E+00,-0.05E+00,-10.29E+00,+14.85E+00,-4.94E+00,+7.424E+00
2,09/2/2026,14:58:41.614,-0.14E+00,-0.05E+00,+0.05E+00,+0.00E+00,-10.10E+00,+14.89E+00,-5.17E+00,+7.439E+00
2,09/2/2026,14:58:41.614,-0.09E+00,-0.05E+00,+0.05E+00,+0.00E+00,-9.92E+00,+14.94E+00,-5.39E+00,+7.462E+00
2,09/2/2026,14:58:41.615,-0.09E+00,-0.05E+00,+0.05E+00,+0.00E+00,-9.74E+00,+14.97E+00,-5.62E+00,+7.477E+00
2,09/2/2026,14:58:41.615,-0.09E+00,-0.05E+00,+0.05E+00,-0.05E+00,-9.55E+00,+15.00E+00,-5.83E+00,+7.493E+00
2,09/2/2026,14:58:41.615,-0.09E+00,-0.05E+00,+0.05E+00,-0.05E+00,-9.37E+00,+15.05E+00,-6.04E+00,+7.508E+00
2,09/2/2026,14:58:41.615,-0.14E+00,-0.05E+00,+0.05E+00,+0.00E+00,-9.19E+00,+15.08E+00,-6.27E+00,+7.523E+00
2,09/2/2026,14:58:41.615,-0.14E+00,-0.05E+00,+0.05E+00,+0.00E+00,-9.00E+00,+15.11E+00,-6.49E+00,+7.539E+00
2,09/2/2026,14:58:41.615,-0.14E+00,-0.05E+00,+0.05E+00,-0.05E+00,-8.82E+00,+15.12E+00,-6.68E+00,+7.554E+00
2,09/2/2026,14:58:41.615,-0.09E+00,-0.05E+00,+0.05E+00,+0.00E+00,-8.64E+00,+15.15E+00,-6.90E+00,+7.561E+00
2,09/2/2026,14:58:41.615,-0.09E+00,-0.05E+00,+0.05E+00,+0.00E+00,-8.45E+00,+15.18E+00,-7.11E+00,+7.577E+00
2,09/2/2026,14:58:41.615,-0.09E+00,-0.05E+00,+0.05E+00,+0.00E+00,-8.27E+00,+15.20E+00,-7.32E+00,+7.584E+00
2,09/2/2026,14:58:41.615,-0.09E+00,-0.05E+00,+0.05E+00,-0.05E+00,-8.09E+00,+15.23E+00,-7.54E+00,+7.592E+00
2,09/2/2026,14:58:41.615,-0.14E+00,-0.05E+00,+0.05E+00,-0.05E+00,-7.89E+00,+15.24E+00,-7.74E+00,+7.607E+00
2,09/2/2026,14:58:41.615,-0.09E+00,-0.05E+00,+0.05E+00,+0.00E+00,-7.71E+00,+15.26E+00,-7.95E+00,+7.615E+00
2,09/2/2026,14:58:41.615,-0.09E+00,-0.05E+00,+0.05E+00,+0.00E+00,-7.51E+00,+15.28E+00,-8.16E+00,+7.615E+00
2,09/2/2026,14:58:41.615,-0.09E+00,-0.05E+00,+0.05E+00,+0.00E+00,-7.31E+00,+15.29E+00,-8.36E+00,+7.622E+00
2,09/2/2026,14:58:41.615,-0.09E+00,-0.09E+00,+0.05E+00,+0.00E+00,-7.13E+00,+15.29E+00,-8.56E+00,+7.622E+00
2,09/2/2026,14:58:41.615,-0.09E+00,-0.05E+00,+0.05E+00,+0.00E+00,-6.93E+00,+15.31E+00,-8.76E+00,+7.630E+00
2,09/2/2026,14:58:41.615,-0.09E+00,-0.05E+00,+0.05E+00,-0.05E+00,-6.73E+00,+15.31E+00,-8.96E+00,+7.630E+00
2,09/2/2026,14:58:41.615,-0.14E+00,-0.05E+00,+0.05E+00,+0.00E+00,-6.53E+00,+15.32E+00,-9.17E+00,+7.630E+00
2,09/2/2026,14:58:41.615,-0.09E+00,-0.05E+00,+0.05E+00,+0.00E+00,-6.33E+00,+15.32E+00,-9.37E+00,+7.630E+00
2,09/2/2026,14:58:41.615,-0.09E+00,-0.05E+00,+0.05E+00,+0.00E+00,-6.12E+00,+15.32E+00,-9.57E+00,+7.630E+00
2,09/2/2026,14:58:41.616,-0.09E+00,-0.05E+00,+0.05E+00,+0.00E+00,-5.92E+00,+15.32E+00,-9.78E+00,+7.622E+00
2,09/2/2026,14:58:41.616,-0.14E+00,-0.05E+00,+0.05E+00,-0.05E+00,-5.71E+00,+15.31E+00,-9.98E+00,+7.615E+00
2,09/2/2026,14:58:41.616,-0.14E+00,-0.05E+00,+0.05E+00,-0.05E+00,-5.49E+00,+15.31E+00,-10.18E+00,+7.615E+00
2,09/2/2026,14:58:41.616,-0.09E+00,-0.05E+00,+0.05E+00,-0.05E+00,-5.28E+00,+15.29E+00,-10.39E+00,+7.615E+00
2,09/2/2026,14:58:41.616,-0.09E+00,-0.05E+00,+0.05E+00,-0.05E+00,-5.07E+00,+15.29E+00,-10.59E+00,+7.600E+00
2,09/2/2026,14:58:41.616,-0.09E+00,-0.05E+00,+0.05E+00,-0.05E+00,-4.85E+00,+15.26E+00,-10.79E+00,+7.592E+00
2,09/2/2026,14:58:41.616,-0.09E+00,-0.05E+00,+0.05E+00,+0.00E+00,-4.64E+00,+15.24E+00,-10.99E+00,+7.584E+00
2,09/2/2026,14:58:41.616,-0.09E+00,-0.05E+00,+0.05E+00,+0.00E+00,-4.43E+00,+15.20E+00,-11.19E+00,+7.569E+00
2,09/2/2026,14:58:41.616,-0.09E+00,-0.05E+00,+0.05E+00,-0.05E+00,-4.20E+00,+15.17E+00,-11.35E+00,+7.546E+00
2,09/2/2026,14:58:41.616,-0.09E+00,-0.05E+00,+0.05E+00,-0.05E+00,-3.97E+00,+15.12E+00,-11.52E+00,+7.516E+00
2,09/2/2026,14:58:41.616,-0.09E+00,-0.05E+00,+0.05E+00,-0.05E+00,-3.75E+00,+15.05E+00,-11.69E+00,+7.485E+00
2,09/2/2026,14:58:41.616,-0.09E+00,-0.05E+00,+0.05E+00,+0.00E+00,-3.53E+00,+14.97E+00,-11.84E+00,+7.447E+00
2,09/2/2026,14:58:41.616,-0.09E+00,-0.09E+00,+0.05E+00,-0.05E+00,-3.30E+00,+14.89E+00,-11.99E+00,+7.401E+00
2,09/2/2026,14:58:41.616,-0.09E+00,-0.09E+00,+0.05E+00,-0.05E+00,-3.07E+00,+14.80E+00,-12.13E+00,+7.355E+00
2,09/2/2026,14:58:41.616,-0.14E+00,-0.05E+00,+0.05E+00,+0.00E+00,-2.82E+00,+14.71E+00,-12.27E+00,+7.310E+00
2,09/2/2026,14:58:41.616,-0.14E+00,-0.05E+00,+0.05E+00,-0.05E+00,-2.59E+00,+14.60E+00,-12.41E+00,+7.256E+00
2,09/2/2026,14:58:41.616,-0.09E+00,-0.05E+00,+0.05E+00,-0.05E+00,-2.35E+00,+14.50E+00,-12.54E+00,+7.203E+00
2,09/2/2026,14:58:41.616,-0.09E+00,-0.05E+00,+0.05E+00,+0.00E+00,-2.11E+00,+14.39E+00,-12.67E+00,+7.142E+00
2,09/2/2026,14:58:41.616,-0.09E+00,-0.05E+00,+0.05E+00,+0.00E+00,-1.86E+00,+14.27E+00,-12.80E+00,+7.088E+00
2,09/2/2026,14:58:41.616,-0.09E+00,-0.05E+00,+0.05E+00,+0.00E+00,-1.60E+00,+14.16E+00,-12.94E+00,+7.027E+00
2,09/2/2026,14:58:41.617,-0.14E+00,-0.05E+00,+0.05E+00,+0.00E+00,-1.36E+00,+14.04E+00,-13.06E+00,+6.966E+00
2,09/2/2026,14:58:41.617,-0.14E+00,-0.05E+00,+0.05E+00,+0.00E+00,-1.11E+00,+13.90E+00,-13.18E+00,+6.905E+00
2,09/2/2026,14:58:41.617,-0.09E+00,-0.05E+00,+0.05E+00,+0.00E+00,-0.85E+00,+13.78E+00,-13.31E+00,+6.837E+00
2,09/2/2026,14:58:41.617,-0.09E+00,-0.05E+00,+0.05E+00,+0.00E+00,-0.61E+00,+13.66E+00,-13.41E+00,+6.768E+00
2,09/2/2026,14:58:41.617,-0.09E+00,-0.05E+00,+0.05E+00,-0.05E+00,-0.37E+00,+13.52E+00,-13.52E+00,+6.699E+00
2,09/2/2026,14:58:41.617,-0.14E+00,-0.05E+00,+0.05E+00,-0.05E+00,-0.11E+00,+13.37E+00,-13.64E+00,+6.631E+00
2,09/2/2026,14:58:41.617,-0.09E+00,-0.05E+00,+0.05E+00,-0.05E+00,+0.14E+00,+13.23E+00,-13.75E+00,+6.554E+00
2,09/2/2026,14:58:41.617,-0.09E+00,-0.05E+00,+0.05E+00,+0.00E+00,+0.40E+00,+13.08E+00,-13.86E+00,+6.478E+00
2,09/2/2026,14:58:41.617,-0.09E+00,-0.05E+00,+0.05E+00,+0.00E+00,+0.66E+00,+12.93E+00,-13.95E+00,+6.402E+00
2,09/2/2026,14:58:41.617,-0.09E+00,-0.05E+00,+0.05E+00,+0.00E+00,+0.90E+00,+12.77E+00,-14.04E+00,+6.325E+00
2,09/2/2026,14:58:41.617,-0.09E+00,-0.05E+00,+0.05E+00,+0.00E+00,+1.14E+00,+12.60E+00,-14.15E+00,+6.241E+00
2,09/2/2026,14:58:41.617,-0.14E+00,-0.05E+00,+0.05E+00,-0.05E+00,+1.40E+00,+12.45E+00,-14.24E+00,+6.165E+00
2,09/2/2026,14:58:41.617,-0.09E+00,-0.05E+00,+0.05E+00,-0.05E+00,+1.65E+00,+12.30E+00,-14.31E+00,+6.081E+00
2,09/2/2026,14:58:41.617,-0.14E+00,-0.05E+00,+0.05E+00,+0.00E+00,+1.91E+00,+12.13E+00,-14.41E+00,+6.005E+00
2,09/2/2026,14:58:41.617,-0.09E+00,-0.05E+00,+0.05E+00,+0.00E+00,+2.15E+00,+11.96E+00,-14.48E+00,+5.921E+00
2,09/2/2026,14:58:41.617,-0.09E+00,-0.05E+00,+0.05E+00,+0.00E+00,+2.40E+00,+11.80E+00,-14.54E+00,+5.829E+00
2,09/2/2026,14:58:41.617,-0.09E+00,-0.05E+00,+0.05E+00,-0.05E+00,+2.62E+00,+11.61E+00,-14.62E+00,+5.745E+00
2,09/2/2026,14:58:41.617,-0.14E+00,-0.05E+00,+0.05E+00,+0.00E+00,+2.87E+00,+11.45E+00,-14.68E+00,+5.662E+00
2,09/2/2026,14:58:41.617,-0.14E+00,-0.05E+00,+0.05E+00,-0.05E+00,+3.11E+00,+11.28E+00,-14.76E+00,+5.570E+00
2,09/2/2026,14:58:41.617,-0.09E+00,-0.05E+00,+0.05E+00,-0.05E+00,+3.34E+00,+11.09E+00,-14.80E+00,+5.486E+00
2,09/2/2026,14:58:41.618,-0.09E+00,-0.05E+00,+0.05E+00,+0.00E+00,+3.57E+00,+10.93E+00,-14.86E+00,+5.402E+00
2,09/2/2026,14:58:41.618,-0.09E+00,-0.05E+00,+0.05E+00,+0.00E+00,+3.80E+00,+10.74E+00,-14.91E+00,+5.311E+00
2,09/2/2026,14:58:41.618,-0.14E+00,-0.05E+00,+0.05E+00,+0.00E+00,+4.01E+00,+10.58E+00,-14.95E+00,+5.219E+00
2,09/2/2026,14:58:41.618,-0.14E+00,-0.05E+00,+0.05E+00,+0.00E+00,+4.24E+00,+10.39E+00,-15.00E+00,+5.127E+00
2,09/2/2026,14:58:41.618,-0.14E+00,-0.05E+00,+0.05E+00,+0.00E+00,+4.46E+00,+10.22E+00,-15.05E+00,+5.036E+00
2,09/2/2026,14:58:41.618,-0.14E+00,-0.05E+00,+0.05E+00,-0.05E+00,+4.68E+00,+10.04E+00,-15.08E+00,+4.952E+00
2,09/2/2026,14:58:41.618,-0.09E+00,-0.05E+00,+0.05E+00,+0.00E+00,+4.90E+00,+9.86E+00,-15.12E+00,+4.860E+00
2,09/2/2026,14:58:41.618,-0.09E+00,-0.05E+00,+0.05E+00,+0.00E+00,+5.11E+00,+9.67E+00,-15.15E+00,+4.769E+00
2,09/2/2026,14:58:41.618,-0.09E+00,-0.05E+00,+0.05E+00,+0.00E+00,+5.33E+00,+9.48E+00,-15.18E+00,+4.677E+00
2,09/2/2026,14:58:41.618,-0.14E+00,-0.05E+00,+0.05E+00,-0.05E+00,+5.54E+00,+9.29E+00,-15.21E+00,+4.586E+00
2,09/2/2026,14:58:41.618,-0.09E+00,-0.05E+00,+0.05E+00,+0.00E+00,+5.75E+00,+9.11E+00,-15.23E+00,+4.486E+00
2,09/2/2026,14:58:41.618,-0.09E+00,-0.05E+00,+0.05E+00,+0.00E+00,+5.97E+00,+8.93E+00,-15.26E+00,+4.395E+00
2,09/2/2026,14:58:41.618,-0.14E+00,-0.05E+00,+0.05E+00,+0.00E+00,+6.18E+00,+8.74E+00,-15.29E+00,+4.303E+00
2,09/2/2026,14:58:41.618,-0.09E+00,-0.05E+00,+0.05E+00,+0.00E+00,+6.39E+00,+8.56E+00,-15.31E+00,+4.212E+00
2,09/2/2026,14:58:41.618,-0.09E+00,-0.05E+00,+0.05E+00,+0.00E+00,+6.59E+00,+8.36E+00,-15.34E+00,+4.113E+00
2,09/2/2026,14:58:41.618,-0.09E+00,-0.05E+00,+0.05E+00,-0.05E+00,+6.81E+00,+8.18E+00,-15.35E+00,+4.021E+00
2,09/2/2026,14:58:41.618,-0.09E+00,-0.05E+00,+0.05E+00,+0.00E+00,+7.00E+00,+7.98E+00,-15.37E+00,+3.922E+00
2,09/2/2026,14:58:41.618,-0.14E+00,-0.05E+00,+0.05E+00,+0.00E+00,+7.22E+00,+7.78E+00,-15.37E+00,+3.823E+00
2,09/2/2026,14:58:41.618,-0.14E+00,-0.05E+00,+0.05E+00,-0.05E+00,+7.43E+00,+7.58E+00,-15.38E+00,+3.723E+00
2,09/2/2026,14:58:41.618,-0.09E+00,-0.05E+00,+0.05E+00,+0.00E+00,+7.65E+00,+7.39E+00,-15.40E+00,+3.624E+00
2,09/2/2026,14:58:41.619,-0.09E+00,-0.05E+00,+0.00E+00,-0.05E+00,+7.84E+00,+7.19E+00,-15.40E+00,+3.525E+00
2,09/2/2026,14:58:41.619,-0.09E+00,-0.05E+00,+0.05E+00,-0.05E+00,+8.04E+00,+6.99E+00,-15.41E+00,+3.426E+00
2,09/2/2026,14:58:41.619,-0.14E+00,-0.05E+00,+0.05E+00,-0.05E+00,+8.26E+00,+6.79E+00,-15.41E+00,+3.327E+00
2,09/2/2026,14:58:41.619,-0.14E+00,-0.05E+00,+0.05E+00,-0.05E+00,+8.47E+00,+6.58E+00,-15.41E+00,+3.220E+00
2,09/2/2026,14:58:41.619,-0.14E+00,-0.05E+00,+0.05E+00,+0.00E+00,+8.67E+00,+6.36E+00,-15.41E+00,+3.121E+00
2,09/2/2026,14:58:41.619,-0.09E+00,-0.05E+00,+0.05E+00,+0.00E+00,+8.88E+00,+6.17E+00,-15.41E+00,+3.014E+00
2,09/2/2026,14:58:41.619,-0.09E+00,-0.05E+00,+0.05E+00,+0.00E+00,+9.10E+00,+5.95E+00,-15.41E+00,+2.907E+00
2,09/2/2026,14:58:41.619,-0.09E+00,-0.05E+00,+0.05E+00,-0.05E+00,+9.29E+00,+5.74E+00,-15.41E+00,+2.800E+00
2,09/2/2026,14:58:41.619,-0.14E+00,-0.05E+00,+0.05E+00,-0.05E+00,+9.52E+00,+5.51E+00,-15.40E+00,+2.693E+00
2,09/2/2026,14:58:41.619,-0.09E+00,-0.05E+00,+0.05E+00,+0.00E+00,+9.72E+00,+5.30E+00,-15.40E+00,+2.587E+00
2,09/2/2026,14:58:41.619,-0.09E+00,-0.05E+00,+0.05E+00,-0.05E+00,+9.93E+00,+5.08E+00,-15.38E+00,+2.472E+00
2,09/2/2026,14:58:41.619,-0.09E+00,-0.05E+00,+0.05E+00,+0.00E+00,+10.15E+00,+4.87E+00,-15.38E+00,+2.373E+00
2,09/2/2026,14:58:41.619,-0.14E+00,-0.05E+00,+0.05E+00,+0.00E+00,+10.35E+00,+4.65E+00,-15.37E+00,+2.259E+00
2,09/2/2026,14:58:41.619,-0.09E+00,-0.05E+00,+0.05E+00,+0.00E+00,+10.53E+00,+4.43E+00,-15.35E+00,+2.152E+00
2,09/2/2026,14:58:41.619,-0.09E+00,-0.05E+00,+0.05E+00,+0.00E+00,+10.73E+00,+4.21E+00,-15.32E+00,+2.052E+00
2,09/2/2026,14:58:41.619,-0.14E+00,-0.05E+00,+0.05E+00,-0.05E+00,+10.91E+00,+4.01E+00,-15.29E+00,+1.938E+00
2,09/2/2026,14:58:41.619,-0.14E+00,-0.05E+00,+0.05E+00,-0.05E+00,+11.09E+00,+3.78E+00,-15.24E+00,+1.831E+00
2,09/2/2026,14:58:41.619,-0.09E+00,-0.05E+00,+0.05E+00,+0.00E+00,+11.26E+00,+3.56E+00,-15.20E+00,+1.717E+00
2,09/2/2026,14:58:41.619,-0.09E+00,-0.05E+00,+0.05E+00,+0.00E+00,+11.45E+00,+3.33E+00,-15.15E+00,+1.602E+00
2,09/2/2026,14:58:41.619,-0.09E+00,-0.05E+00,+0.05E+00,+0.00E+00,+11.61E+00,+3.10E+00,-15.06E+00,+1.488E+00
2,09/2/2026,14:58:41.620,-0.14E+00,-0.05E+00,+0.05E+00,-0.05E+00,+11.77E+00,+2.85E+00,-14.99E+00,+1.366E+00
2,09/2/2026,14:58:41.620,-0.14E+00,-0.05E+00,+0.05E+00,+0.00E+00,+11.92E+00,+2.59E+00,-14.88E+00,+1.244E+00
2,09/2/2026,14:58:41.620,-0.09E+00,-0.05E+00,+0.05E+00,+0.00E+00,+12.06E+00,+2.35E+00,-14.77E+00,+1.114E+00
2,09/2/2026,14:58:41.620,-0.09E+00,-0.05E+00,+0.05E+00,+0.00E+00,+12.18E+00,+2.09E+00,-14.65E+00,+0.992E+00
2,09/2/2026,14:58:41.620,-0.09E+00,-0.05E+00,+0.05E+00,-0.05E+00,+12.31E+00,+1.85E+00,-14.53E+00,+0.870E+00
2,09/2/2026,14:58:41.620,-0.14E+00,-0.05E+00,+0.05E+00,+0.00E+00,+12.42E+00,+1.60E+00,-14.41E+00,+0.740E+00
2,09/2/2026,14:58:41.620,-0.14E+00,-0.05E+00,+0.05E+00,+0.00E+00,+12.54E+00,+1.36E+00,-14.28E+00,+0.618E+00
2,09/2/2026,14:58:41.620,-0.09E+00,-0.05E+00,+0.05E+00,+0.00E+00,+12.68E+00,+1.11E+00,-14.15E+00,+0.496E+00
2,09/2/2026,14:58:41.620,-0.09E+00,-0.05E+00,+0.05E+00,+0.00E+00,+12.80E+00,+0.85E+00,-14.02E+00,+0.374E+00
2,09/2/2026,14:58:41.620,-0.09E+00,-0.05E+00,+0.05E+00,+0.00E+00,+12.91E+00,+0.61E+00,-13.92E+00,+0.252E+00
2,09/2/2026,14:58:41.620,-0.09E+00,-0.05E+00,+0.05E+00,-0.05E+00,+13.03E+00,+0.38E+00,-13.80E+00,+0.137E+00
2,09/2/2026,14:58:41.620,-0.09E+00,-0.09E+00,+0.05E+00,-0.05E+00,+13.15E+00,+0.12E+00,-13.66E+00,+0.015E+00
2,09/2/2026,14:58:41.620,-0.14E+00,-0.05E+00,+0.05E+00,+0.00E+00,+13.26E+00,-0.12E+00,-13.54E+00,-0.107E+00
2,09/2/2026,14:58:41.620,-0.14E+00,-0.05E+00,+0.05E+00,+0.00E+00,+13.38E+00,-0.35E+00,-13.40E+00,-0.229E+00
2,09/2/2026,14:58:41.620,-0.09E+00,-0.05E+00,+0.05E+00,+0.00E+00,+13.47E+00,-0.61E+00,-13.25E+00,-0.351E+00
2,09/2/2026,14:58:41.620,-0.09E+00,-0.05E+00,+0.05E+00,-0.05E+00,+13.57E+00,-0.87E+00,-13.08E+00,-0.481E+00
2,09/2/2026,14:58:41.620,-0.09E+00,-0.05E+00,+0.05E+00,-0.05E+00,+13.66E+00,-1.11E+00,-12.91E+00,-0.603E+00
2,09/2/2026,14:58:41.620,-0.14E+00,-0.05E+00,+0.05E+00,-0.05E+00,+13.73E+00,-1.37E+00,-12.74E+00,-0.732E+00
2,09/2/2026,14:58:41.620,-0.14E+00,-0.05E+00,+0.05E+00,-0.05E+00,+13.81E+00,-1.63E+00,-12.56E+00,-0.862E+00
2,09/2/2026,14:58:41.620,-0.09E+00,-0.05E+00,+0.05E+00,-0.05E+00,+13.90E+00,-1.89E+00,-12.38E+00,-0.992E+00
2,09/2/2026,14:58:41.621,-0.09E+00,-0.05E+00,+0.05E+00,-0.05E+00,+13.98E+00,-2.15E+00,-12.21E+00,-1.114E+00
2,09/2/2026,14:58:41.621,-0.09E+00,-0.05E+00,+0.05E+00,-0.05E+00,+14.05E+00,-2.40E+00,-12.04E+00,-1.244E+00
2,09/2/2026,14:58:41.621,-0.09E+00,-0.05E+00,+0.05E+00,+0.00E+00,+14.13E+00,-2.64E+00,-11.86E+00,-1.366E+00
2,09/2/2026,14:58:41.621,-0.14E+00,-0.05E+00,+0.05E+00,+0.00E+00,+14.21E+00,-2.90E+00,-11.69E+00,-1.488E+00
2,09/2/2026,14:58:41.621,-0.09E+00,-0.05E+00,+0.05E+00,+0.00E+00,+14.27E+00,-3.14E+00,-11.51E+00,-1.610E+00
2,09/2/2026,14:58:41.621,-0.09E+00,-0.05E+00,+0.05E+00,+0.00E+00,+14.34E+00,-3.39E+00,-11.34E+00,-1.732E+00
2,09/2/2026,14:58:41.621,-0.14E+00,-0.05E+00,+0.05E+00,+0.00E+00,+14.41E+00,-3.62E+00,-11.17E+00,-1.846E+00
2,09/2/2026,14:58:41.621,-0.09E+00,-0.05E+00,+0.05E+00,+0.00E+00,+14.47E+00,-3.88E+00,-10.99E+00,-1.969E+00
2,09/2/2026,14:58:41.621,-0.09E+00,-0.05E+00,+0.05E+00,+0.00E+00,+14.53E+00,-4.10E+00,-10.80E+00,-2.083E+00
2,09/2/2026,14:58:41.621,-0.09E+00,-0.05E+00,+0.05E+00,+0.00E+00,+14.59E+00,-4.33E+00,-10.64E+00,-2.205E+00
2,09/2/2026,14:58:41.621,-0.09E+00,-0.05E+00,+0.05E+00,-0.05E+00,+14.65E+00,-4.58E+00,-10.45E+00,-2.320E+00
2,09/2/2026,14:58:41.621,-0.09E+00,-0.05E+00,+0.05E+00,-0.05E+00,+14.68E+00,-4.81E+00,-10.25E+00,-2.434E+00
2,09/2/2026,14:58:41.621,-0.09E+00,-0.05E+00,+0.05E+00,+0.00E+00,+14.73E+00,-5.04E+00,-10.07E+00,-2.548E+00
2,09/2/2026,14:58:41.621,-0.09E+00,-0.05E+00,+0.05E+00,+0.00E+00,+14.77E+00,-5.26E+00,-9.89E+00,-2.663E+00
2,09/2/2026,14:58:41.621,-0.09E+00,-0.05E+00,+0.05E+00,+0.00E+00,+14.80E+00,-5.48E+00,-9.71E+00,-2.770E+00
2,09/2/2026,14:58:41.621,-0.09E+00,-0.05E+00,+0.05E+00,+0.00E+00,+14.85E+00,-5.71E+00,-9.51E+00,-2.877E+00
2,09/2/2026,14:58:41.621,-0.14E+00,-0.05E+00,+0.05E+00,-0.05E+00,+14.88E+00,-5.92E+00,-9.32E+00,-2.991E+00
2,09/2/2026,14:58:41.621,-0.14E+00,-0.05E+00,+0.05E+00,-0.05E+00,+14.89E+00,-6.13E+00,-9.14E+00,-3.098E+00
2,09/2/2026,14:58:41.621,-0.09E+00,-0.05E+00,+0.05E+00,+0.00E+00,+14.92E+00,-6.35E+00,-8.94E+00,-3.197E+00
2,09/2/2026,14:58:41.621,-0.09E+00,-0.05E+00,+0.05E+00,+0.00E+00,+14.94E+00,-6.56E+00,-8.76E+00,-3.304E+00
2,09/2/2026,14:58:41.622,-0.09E+00,-0.05E+00,+0.05E+00,+0.00E+00,+14.97E+00,-6.78E+00,-8.58E+00,-3.411E+00
2,09/2/2026,14:58:41.622,-0.09E+00,-0.05E+00,+0.05E+00,+0.00E+00,+14.99E+00,-6.99E+00,-8.38E+00,-3.510E+00
2,09/2/2026,14:58:41.622,-0.09E+00,-0.05E+00,+0.05E+00,+0.00E+00,+15.00E+00,-7.19E+00,-8.19E+00,-3.617E+00
2,09/2/2026,14:58:41.622,-0.09E+00,-0.05E+00,+0.05E+00,+0.00E+00,+15.03E+00,-7.40E+00,-8.01E+00,-3.716E+00
2,09/2/2026,14:58:41.622,-0.14E+00,-0.05E+00,+0.05E+00,+0.00E+00,+15.05E+00,-7.61E+00,-7.81E+00,-3.823E+00
2,09/2/2026,14:58:41.622,-0.09E+00,-0.05E+00,+0.05E+00,+0.00E+00,+15.05E+00,-7.81E+00,-7.61E+00,-3.922E+00
2,09/2/2026,14:58:41.622,-0.09E+00,-0.05E+00,+0.05E+00,+0.00E+00,+15.06E+00,-8.03E+00,-7.43E+00,-4.021E+00
2,09/2/2026,14:58:41.622,-0.14E+00,-0.05E+00,+0.05E+00,-0.05E+00,+15.08E+00,-8.23E+00,-7.23E+00,-4.120E+00
2,09/2/2026,14:58:41.622,-0.14E+00,-0.05E+00,+0.05E+00,+0.00E+00,+15.08E+00,-8.44E+00,-7.03E+00,-4.219E+00
2,09/2/2026,14:58:41.622,-0.09E+00,-0.05E+00,+0.05E+00,-0.05E+00,+15.08E+00,-8.64E+00,-6.84E+00,-4.326E+00
2,09/2/2026,14:58:41.622,-0.14E+00,-0.05E+00,+0.05E+00,-0.05E+00,+15.08E+00,-8.84E+00,-6.64E+00,-4.425E+00
2,09/2/2026,14:58:41.622,-0.09E+00,-0.05E+00,+0.05E+00,+0.00E+00,+15.08E+00,-9.03E+00,-6.42E+00,-4.525E+00
2,09/2/2026,14:58:41.622,-0.09E+00,-0.05E+00,+0.05E+00,+0.00E+00,+15.08E+00,-9.25E+00,-6.21E+00,-4.624E+00
2,09/2/2026,14:58:41.622,-0.14E+00,-0.05E+00,+0.05E+00,-0.05E+00,+15.06E+00,-9.46E+00,-6.00E+00,-4.731E+00
2,09/2/2026,14:58:41.622,-0.14E+00,-0.05E+00,+0.05E+00,+0.00E+00,+15.06E+00,-9.66E+00,-5.78E+00,-4.830E+00
2,09/2/2026,14:58:41.622,-0.14E+00,-0.05E+00,+0.05E+00,+0.00E+00,+15.06E+00,-9.87E+00,-5.55E+00,-4.937E+00
2,09/2/2026,14:58:41.622,-0.14E+00,-0.05E+00,+0.05E+00,-0.05E+00,+15.05E+00,-10.09E+00,-5.34E+00,-5.036E+00
2,09/2/2026,14:58:41.622,-0.09E+00,-0.05E+00,+0.05E+00,-0.05E+00,+15.03E+00,-10.29E+00,-5.13E+00,-5.143E+00
2,09/2/2026,14:58:41.622,-0.09E+00,-0.05E+00,+0.05E+00,-0.05E+00,+15.02E+00,-10.50E+00,-4.90E+00,-5.242E+00
2,09/2/2026,14:58:41.623,-0.09E+00,-0.05E+00,+0.05E+00,+0.00E+00,+14.99E+00,-10.70E+00,-4.67E+00,-5.333E+00
2,09/2/2026,14:58:41.623,-0.14E+00,-0.05E+00,+0.05E+00,+0.00E+00,+14.95E+00,-10.88E+00,-4.46E+00,-5.433E+00
2,09/2/2026,14:58:41.623,-0.14E+00,-0.05E+00,+0.05E+00,+0.00E+00,+14.91E+00,-11.06E+00,-4.23E+00,-5.524E+00
2,09/2/2026,14:58:41.623,-0.09E+00,-0.05E+00,+0.00E+00,+0.00E+00,+14.86E+00,-11.25E+00,-4.00E+00,-5.608E+00
2,09/2/2026,14:58:41.623,-0.09E+00,-0.05E+00,+0.05E+00,-0.05E+00,+14.80E+00,-11.41E+00,-3.77E+00,-5.692E+00
2,09/2/2026,14:58:41.623,-0.09E+00,-0.05E+00,+0.05E+00,+0.00E+00,+14.74E+00,-11.58E+00,-3.54E+00,-5.776E+00
2,09/2/2026,14:58:41.623,-0.09E+00,-0.05E+00,+0.05E+00,+0.00E+00,+14.67E+00,-11.74E+00,-3.31E+00,-5.860E+00
2,09/2/2026,14:58:41.623,-0.09E+00,-0.05E+00,+0.05E+00,+0.00E+00,+14.59E+00,-11.90E+00,-3.07E+00,-5.929E+00
2,09/2/2026,14:58:41.623,-0.09E+00,-0.05E+00,+0.05E+00,-0.05E+00,+14.51E+00,-12.06E+00,-2.82E+00,-6.005E+00
2,09/2/2026,14:58:41.623,-0.14E+00,-0.05E+00,+0.05E+00,+0.00E+00,+14.42E+00,-12.21E+00,-2.59E+00,-6.081E+00
2,09/2/2026,14:58:41.623,-0.14E+00,-0.05E+00,+0.05E+00,+0.00E+00,+14.33E+00,-12.35E+00,-2.35E+00,-6.157E+00
2,09/2/2026,14:58:41.623,-0.09E+00,-0.05E+00,+0.05E+00,+0.00E+00,+14.22E+00,-12.50E+00,-2.11E+00,-6.226E+00
2,09/2/2026,14:58:41.623,-0.09E+00,-0.05E+00,+0.05E+00,+0.00E+00,+14.12E+00,-12.64E+00,-1.86E+00,-6.295E+00
2,09/2/2026,14:58:41.623,-0.14E+00,-0.05E+00,+0.05E+00,+0.00E+00,+14.01E+00,-12.76E+00,-1.62E+00,-6.356E+00
2,09/2/2026,14:58:41.623,-0.09E+00,-0.05E+00,+0.05E+00,-0.05E+00,+13.89E+00,-12.89E+00,-1.36E+00,-6.425E+00
2,09/2/2026,14:58:41.623,-0.09E+00,-0.05E+00,+0.05E+00,-0.05E+00,+13.76E+00,-13.02E+00,-1.10E+00,-6.486E+00
2,09/2/2026,14:58:41.623,-0.09E+00,-0.05E+00,+0.05E+00,+0.00E+00,+13.63E+00,-13.15E+00,-0.85E+00,-6.547E+00
2,09/2/2026,14:58:41.623,-0.09E+00,-0.05E+00,+0.05E+00,+0.00E+00,+13.51E+00,-13.28E+00,-0.61E+00,-6.608E+00
2,09/2/2026,14:58:41.623,-0.09E+00,-0.05E+00,+0.05E+00,-0.05E+00,+13.37E+00,-13.38E+00,-0.35E+00,-6.661E+00
2,09/2/2026,14:58:41.623,-0.14E+00,-0.05E+00,+0.05E+00,+0.00E+00,+13.23E+00,-13.51E+00,-0.11E+00,-6.722E+00
2,09/2/2026,14:58:41.624,-0.14E+00,-0.05E+00,+0.05E+00,+0.00E+00,+13.09E+00,-13.63E+00,+0.15E+00,-6.776E+00
2,09/2/2026,14:58:41.624,-0.09E+00,-0.05E+00,+0.05E+00,-0.05E+00,+12.94E+00,-13.73E+00,+0.41E+00,-6.829E+00
2,09/2/2026,14:58:41.624,-0.09E+00,+0.00E+00,+0.05E+00,+0.00E+00,+12.79E+00,-13.83E+00,+0.66E+00,-6.875E+00
2,09/2/2026,14:58:41.624,-0.09E+00,-0.05E+00,+0.05E+00,+0.00E+00,+12.64E+00,-13.93E+00,+0.92E+00,-6.920E+00
2,09/2/2026,14:58:41.624,-0.09E+00,-0.05E+00,+0.05E+00,+0.00E+00,+12.48E+00,-14.02E+00,+1.18E+00,-6.974E+00
2,09/2/2026,14:58:41.624,-0.09E+00,-0.05E+00,+0.05E+00,-0.05E+00,+12.31E+00,-14.12E+00,+1.43E+00,-7.020E+00
2,09/2/2026,14:58:41.624,-0.14E+00,-0.05E+00,+0.05E+00,+0.00E+00,+12.15E+00,-14.21E+00,+1.69E+00,-7.058E+00
2,09/2/2026,14:58:41.624,-0.14E+00,-0.05E+00,+0.05E+00,+0.00E+00,+11.98E+00,-14.30E+00,+1.95E+00,-7.104E+00
2,09/2/2026,14:58:41.624,-0.09E+00,-0.05E+00,+0.05E+00,+0.00E+00,+11.81E+00,-14.38E+00,+2.20E+00,-7.142E+00
2,09/2/2026,14:58:41.624,-0.09E+00,-0.05E+00,+0.05E+00,+0.00E+00,+11.64E+00,-14.45E+00,+2.44E+00,-7.180E+00
2,09/2/2026,14:58:41.624,-0.09E+00,-0.05E+00,+0.05E+00,-0.05E+00,+11.48E+00,-14.53E+00,+2.69E+00,-7.210E+00
2,09/2/2026,14:58:41.624,-0.14E+00,-0.05E+00,+0.05E+00,-0.05E+00,+11.29E+00,-14.60E+00,+2.93E+00,-7.249E+00
2,09/2/2026,14:58:41.624,-0.09E+00,-0.05E+00,+0.05E+00,+0.00E+00,+11.12E+00,-14.68E+00,+3.17E+00,-7.287E+00
2,09/2/2026,14:58:41.624,-0.09E+00,-0.05E+00,+0.05E+00,-0.05E+00,+10.94E+00,-14.74E+00,+3.42E+00,-7.317E+00
2,09/2/2026,14:58:41.624,-0.09E+00,-0.05E+00,+0.05E+00,+0.00E+00,+10.77E+00,-14.80E+00,+3.66E+00,-7.348E+00
2,09/2/2026,14:58:41.624,-0.09E+00,-0.05E+00,+0.05E+00,-0.05E+00,+10.59E+00,-14.86E+00,+3.89E+00,-7.371E+00
2,09/2/2026,14:58:41.624,-0.09E+00,-0.05E+00,+0.05E+00,+0.00E+00,+10.42E+00,-14.91E+00,+4.14E+00,-7.401E+00
2,09/2/2026,14:58:41.624,-0.14E+00,-0.05E+00,+0.05E+00,+0.00E+00,+10.24E+00,-14.97E+00,+4.36E+00,-7.424E+00
2,09/2/2026,14:58:41.624,-0.14E+00,-0.05E+00,+0.05E+00,+0.00E+00,+10.06E+00,-15.02E+00,+4.58E+00,-7.447E+00
2,09/2/2026,14:58:41.624,-0.09E+00,-0.05E+00,+0.05E+00,+0.00E+00,+9.89E+00,-15.08E+00,+4.81E+00,-7.470E+00
2,09/2/2026,14:58:41.625,-0.09E+00,-0.05E+00,+0.05E+00,+0.00E+00,+9.71E+00,-15.11E+00,+5.04E+00,-7.493E+00
2,09/2/2026,14:58:41.625,-0.09E+00,-0.05E+00,+0.05E+00,+0.00E+00,+9.52E+00,-15.15E+00,+5.25E+00,-7.508E+00
2,09/2/2026,14:58:41.625,-0.09E+00,-0.05E+00,+0.05E+00,+0.00E+00,+9.34E+00,-15.18E+00,+5.48E+00,-7.523E+00
2,09/2/2026,14:58:41.625,-0.09E+00,-0.05E+00,+0.05E+00,-0.05E+00,+9.16E+00,-15.21E+00,+5.69E+00,-7.546E+00
2,09/2/2026,14:58:41.625,-0.09E+00,-0.05E+00,+0.05E+00,-0.05E+00,+8.97E+00,-15.24E+00,+5.91E+00,-7.554E+00
2,09/2/2026,14:58:41.625,-0.09E+00,-0.05E+00,+0.05E+00,+0.00E+00,+8.79E+00,-15.28E+00,+6.12E+00,-7.569E+00
2,09/2/2026,14:58:41.625,-0.09E+00,-0.05E+00,+0.05E+00,+0.00E+00,+8.61E+00,-15.31E+00,+6.33E+00,-7.584E+00
2,09/2/2026,14:58:41.625,-0.09E+00,-0.05E+00,+0.05E+00,+0.00E+00,+8.42E+00,-15.34E+00,+6.55E+00,-7.592E+00
2,09/2/2026,14:58:41.625,-0.09E+00,-0.05E+00,+0.05E+00,+0.00E+00,+8.24E+00,-15.35E+00,+6.76E+00,-7.600E+00
2,09/2/2026,14:58:41.625,-0.09E+00,-0.05E+00,+0.05E+00,-0.05E+00,+8.06E+00,-15.38E+00,+6.96E+00,-7.615E+00
2,09/2/2026,14:58:41.625,-0.14E+00,-0.05E+00,+0.05E+00,-0.05E+00,+7.87E+00,-15.40E+00,+7.16E+00,-7.622E+00
2,09/2/2026,14:58:41.625,-0.09E+00,-0.05E+00,+0.05E+00,-0.05E+00,+7.68E+00,-15.43E+00,+7.37E+00,-7.638E+00
2,09/2/2026,14:58:41.625,-0.09E+00,-0.05E+00,+0.05E+00,-0.05E+00,+7.49E+00,-15.44E+00,+7.58E+00,-7.638E+00
2,09/2/2026,14:58:41.625,-0.09E+00,-0.05E+00,+0.05E+00,+0.00E+00,+7.31E+00,-15.46E+00,+7.78E+00,-7.645E+00
2,09/2/2026,14:58:41.625,-0.09E+00,-0.05E+00,+0.05E+00,+0.00E+00,+7.11E+00,-15.47E+00,+8.00E+00,-7.653E+00
2,09/2/2026,14:58:41.625,-0.14E+00,-0.05E+00,+0.05E+00,-0.05E+00,+6.91E+00,-15.47E+00,+8.19E+00,-7.661E+00
2,09/2/2026,14:58:41.625,-0.14E+00,-0.05E+00,+0.05E+00,-0.05E+00,+6.71E+00,-15.49E+00,+8.41E+00,-7.661E+00
2,09/2/2026,14:58:41.625,-0.09E+00,-0.05E+00,+0.05E+00,-0.05E+00,+6.53E+00,-15.50E+00,+8.61E+00,-7.661E+00
2,09/2/2026,14:58:41.625,-0.09E+00,-0.05E+00,+0.05E+00,+0.00E+00,+6.32E+00,-15.49E+00,+8.81E+00,-7.661E+00
2,09/2/2026,14:58:41.625,-0.09E+00,-0.05E+00,+0.05E+00,+0.00E+00,+6.12E+00,-15.50E+00,+9.02E+00,-7.661E+00
2,09/2/2026,14:58:41.626,-0.09E+00,-0.05E+00,+0.05E+00,+0.00E+00,+5.92E+00,-15.49E+00,+9.22E+00,-7.653E+00
2,09/2/2026,14:58:41.626,-0.14E+00,-0.05E+00,+0.05E+00,+0.00E+00,+5.71E+00,-15.49E+00,+9.43E+00,-7.653E+00
2,09/2/2026,14:58:41.626,-0.14E+00,-0.05E+00,+0.05E+00,+0.00E+00,+5.49E+00,-15.49E+00,+9.63E+00,-7.653E+00
2,09/2/2026,14:58:41.626,-0.09E+00,-0.05E+00,+0.05E+00,-0.05E+00,+5.26E+00,-15.47E+00,+9.83E+00,-7.645E+00
2,09/2/2026,14:58:41.626,-0.09E+00,-0.05E+00,+0.05E+00,+0.00E+00,+5.07E+00,-15.47E+00,+10.04E+00,-7.638E+00
2,09/2/2026,14:58:41.626,-0.09E+00,-0.05E+00,+0.05E+00,+0.00E+00,+4.85E+00,-15.46E+00,+10.25E+00,-7.630E+00
2,09/2/2026,14:58:41.626,-0.09E+00,-0.05E+00,+0.05E+00,+0.00E+00,+4.62E+00,-15.44E+00,+10.45E+00,-7.622E+00
2,09/2/2026,14:58:41.626,-0.09E+00,-0.05E+00,+0.05E+00,-0.05E+00,+4.41E+00,-15.43E+00,+10.64E+00,-7.607E+00
2,09/2/2026,14:58:41.626,-0.09E+00,-0.05E+00,+0.05E+00,+0.00E+00,+4.20E+00,-15.38E+00,+10.83E+00,-7.592E+00
2,09/2/2026,14:58:41.626,-0.09E+00,-0.05E+00,+0.05E+00,+0.00E+00,+3.98E+00,-15.35E+00,+11.02E+00,-7.577E+00
2,09/2/2026,14:58:41.626,-0.09E+00,-0.05E+00,+0.05E+00,+0.00E+00,+3.74E+00,-15.31E+00,+11.19E+00,-7.546E+00
2,09/2/2026,14:58:41.626,-0.09E+00,-0.05E+00,+0.05E+00,+0.00E+00,+3.53E+00,-15.23E+00,+11.34E+00,-7.516E+00
2,09/2/2026,14:58:41.626,-0.09E+00,-0.05E+00,+0.05E+00,+0.00E+00,+3.30E+00,-15.15E+00,+11.49E+00,-7.477E+00
2,09/2/2026,14:58:41.626,-0.09E+00,-0.05E+00,+0.05E+00,-0.05E+00,+3.05E+00,-15.06E+00,+11.64E+00,-7.424E+00
2,09/2/2026,14:58:41.626,-0.09E+00,-0.05E+00,+0.05E+00,-0.05E+00,+2.81E+00,-14.97E+00,+11.80E+00,-7.378E+00
2,09/2/2026,14:58:41.626,-0.09E+00,-0.05E+00,+0.05E+00,-0.05E+00,+2.56E+00,-14.86E+00,+11.93E+00,-7.325E+00
2,09/2/2026,14:58:41.626,-0.09E+00,-0.05E+00,+0.05E+00,+0.00E+00,+2.33E+00,-14.77E+00,+12.07E+00,-7.279E+00
2,09/2/2026,14:58:41.626,-0.09E+00,-0.05E+00,+0.05E+00,+0.00E+00,+2.09E+00,-14.67E+00,+12.21E+00,-7.226E+00
2,09/2/2026,14:58:41.626,-0.09E+00,-0.05E+00,+0.05E+00,-0.05E+00,+1.85E+00,-14.56E+00,+12.35E+00,-7.172E+00
2,09/2/2026,14:58:41.626,-0.14E+00,-0.05E+00,+0.05E+00,-0.05E+00,+1.60E+00,-14.45E+00,+12.48E+00,-7.111E+00
2,09/2/2026,14:58:41.627,-0.14E+00,-0.05E+00,+0.05E+00,+0.00E+00,+1.36E+00,-14.33E+00,+12.60E+00,-7.050E+00
2,09/2/2026,14:58:41.627,-0.09E+00,-0.05E+00,+0.05E+00,+0.00E+00,+1.10E+00,-14.21E+00,+12.74E+00,-6.989E+00
2,09/2/2026,14:58:41.627,-0.09E+00,-0.05E+00,+0.05E+00,+0.00E+00,+0.84E+00,-14.07E+00,+12.86E+00,-6.920E+00
2,09/2/2026,14:58:41.627,-0.09E+00,-0.05E+00,+0.05E+00,+0.00E+00,+0.60E+00,-13.95E+00,+12.97E+00,-6.852E+00
2,09/2/2026,14:58:41.627,-0.09E+00,-0.05E+00,+0.05E+00,+0.00E+00,+0.34E+00,-13.81E+00,+13.09E+00,-6.783E+00
2,09/2/2026,14:58:41.627,-0.14E+00,-0.05E+00,+0.05E+00,-0.05E+00,+0.09E+00,-13.67E+00,+13.20E+00,-6.714E+00
2,09/2/2026,14:58:41.627,-0.14E+00,-0.05E+00,+0.05E+00,-0.05E+00,-0.17E+00,-13.52E+00,+13.31E+00,-6.646E+00
2,09/2/2026,14:58:41.627,-0.09E+00,-0.05E+00,+0.05E+00,-0.05E+00,-0.41E+00,-13.37E+00,+13.41E+00,-6.570E+00
2,09/2/2026,14:58:41.627,-0.09E+00,-0.05E+00,+0.05E+00,-0.05E+00,-0.67E+00,-13.22E+00,+13.52E+00,-6.493E+00
2,09/2/2026,14:58:41.627,-0.09E+00,-0.05E+00,+0.05E+00,+0.00E+00,-0.93E+00,-13.08E+00,+13.61E+00,-6.417E+00
2,09/2/2026,14:58:41.627,-0.09E+00,-0.05E+00,+0.05E+00,+0.00E+00,-1.19E+00,-12.91E+00,+13.72E+00,-6.333E+00
2,09/2/2026,14:58:41.627,-0.09E+00,-0.05E+00,+0.05E+00,+0.00E+00,-1.43E+00,-12.74E+00,+13.83E+00,-6.257E+00
2,09/2/2026,14:58:41.627,-0.09E+00,-0.05E+00,+0.05E+00,-0.05E+00,-1.69E+00,-12.59E+00,+13.92E+00,-6.173E+00
2,09/2/2026,14:58:41.627,-0.14E+00,-0.05E+00,+0.05E+00,-0.05E+00,-1.95E+00,-12.42E+00,+13.99E+00,-6.089E+00
2,09/2/2026,14:58:41.627,-0.09E+00,-0.05E+00,+0.05E+00,+0.00E+00,-2.21E+00,-12.25E+00,+14.09E+00,-6.013E+00
2,09/2/2026,14:58:41.627,-0.09E+00,-0.05E+00,+0.05E+00,+0.00E+00,-2.46E+00,-12.09E+00,+14.16E+00,-5.929E+00
2,09/2/2026,14:58:41.627,-0.09E+00,-0.05E+00,+0.05E+00,-0.05E+00,-2.70E+00,-11.92E+00,+14.24E+00,-5.837E+00
2,09/2/2026,14:58:41.627,-0.09E+00,-0.05E+00,+0.05E+00,+0.00E+00,-2.95E+00,-11.75E+00,+14.31E+00,-5.753E+00
2,09/2/2026,14:58:41.627,-0.14E+00,-0.05E+00,+0.05E+00,+0.00E+00,-3.19E+00,-11.58E+00,+14.38E+00,-5.669E+00
2,09/2/2026,14:58:41.627,-0.14E+00,-0.05E+00,+0.00E+00,-0.05E+00,-3.42E+00,-11.41E+00,+14.44E+00,-5.578E+00
2,09/2/2026,14:58:41.628,-0.09E+00,-0.05E+00,+0.05E+00,+0.00E+00,-3.66E+00,-11.23E+00,+14.50E+00,-5.486E+00
2,09/2/2026,14:58:41.628,-0.09E+00,-0.05E+00,+0.05E+00,-0.05E+00,-3.89E+00,-11.05E+00,+14.56E+00,-5.402E+00
2,09/2/2026,14:58:41.628,-0.14E+00,-0.05E+00,+0.05E+00,-0.05E+00,-4.12E+00,-10.87E+00,+14.60E+00,-5.311E+00
2,09/2/2026,14:58:41.628,-0.09E+00,-0.05E+00,+0.05E+00,+0.00E+00,-4.33E+00,-10.68E+00,+14.67E+00,-5.219E+00
2,09/2/2026,14:58:41.628,-0.14E+00,-0.05E+00,+0.05E+00,+0.00E+00,-4.56E+00,-10.51E+00,+14.71E+00,-5.127E+00
2,09/2/2026,14:58:41.628,-0.09E+00,-0.05E+00,+0.05E+00,+0.00E+00,-4.79E+00,-10.33E+00,+14.76E+00,-5.036E+00
2,09/2/2026,14:58:41.628,-0.09E+00,-0.05E+00,+0.05E+00,-0.05E+00,-5.02E+00,-10.15E+00,+14.79E+00,-4.952E+00
2,09/2/2026,14:58:41.628,-0.09E+00,-0.05E+00,+0.05E+00,+0.00E+00,-5.22E+00,-9.96E+00,+14.82E+00,-4.860E+00
2,09/2/2026,14:58:41.628,-0.09E+00,-0.05E+00,+0.05E+00,+0.00E+00,-5.45E+00,-9.80E+00,+14.86E+00,-4.769E+00
2,09/2/2026,14:58:41.628,-0.09E+00,-0.05E+00,+0.05E+00,+0.00E+00,-5.66E+00,-9.60E+00,+14.89E+00,-4.677E+00
2,09/2/2026,14:58:41.628,-0.09E+00,-0.05E+00,+0.05E+00,+0.00E+00,-5.88E+00,-9.42E+00,+14.92E+00,-4.586E+00
2,09/2/2026,14:58:41.628,-0.14E+00,-0.05E+00,+0.05E+00,+0.00E+00,-6.09E+00,-9.25E+00,+14.95E+00,-4.494E+00
2,09/2/2026,14:58:41.628,-0.09E+00,-0.05E+00,+0.05E+00,-0.05E+00,-6.30E+00,-9.06E+00,+14.99E+00,-4.403E+00
2,09/2/2026,14:58:41.628,-0.09E+00,-0.05E+00,+0.05E+00,-0.05E+00,-6.52E+00,-8.87E+00,+15.00E+00,-4.311E+00
2,09/2/2026,14:58:41.628,-0.09E+00,-0.05E+00,+0.05E+00,-0.05E+00,-6.73E+00,-8.68E+00,+15.02E+00,-4.212E+00
2,09/2/2026,14:58:41.628,-0.14E+00,-0.05E+00,+0.05E+00,+0.00E+00,-6.93E+00,-8.48E+00,+15.03E+00,-4.113E+00
2,09/2/2026,14:58:41.628,-0.14E+00,-0.05E+00,+0.05E+00,-0.05E+00,-7.14E+00,-8.29E+00,+15.05E+00,-4.021E+00
2,09/2/2026,14:58:41.628,-0.09E+00,-0.05E+00,+0.05E+00,-0.05E+00,-7.34E+00,-8.10E+00,+15.06E+00,-3.922E+00
2,09/2/2026,14:58:41.628,-0.09E+00,-0.05E+00,+0.05E+00,+0.00E+00,-7.55E+00,-7.89E+00,+15.08E+00,-3.823E+00
2,09/2/2026,14:58:41.628,-0.09E+00,-0.05E+00,+0.05E+00,+0.00E+00,-7.75E+00,-7.71E+00,+15.09E+00,-3.723E+00
2,09/2/2026,14:58:41.629,-0.09E+00,-0.05E+00,+0.05E+00,+0.00E+00,-7.97E+00,-7.51E+00,+15.09E+00,-3.624E+00
2,09/2/2026,14:58:41.629,-0.09E+00,-0.05E+00,+0.05E+00,+0.00E+00,-8.16E+00,-7.31E+00,+15.11E+00,-3.525E+00
2,09/2/2026,14:58:41.629,-0.14E+00,-0.05E+00,+0.05E+00,+0.00E+00,-8.36E+00,-7.11E+00,+15.11E+00,-3.434E+00
2,09/2/2026,14:58:41.629,-0.09E+00,-0.05E+00,+0.05E+00,-0.05E+00,-8.58E+00,-6.91E+00,+15.12E+00,-3.334E+00
2,09/2/2026,14:58:41.629,-0.09E+00,-0.05E+00,+0.05E+00,-0.05E+00,-8.77E+00,-6.71E+00,+15.12E+00,-3.235E+00
2,09/2/2026,14:58:41.629,-0.09E+00,-0.05E+00,+0.05E+00,-0.05E+00,-8.97E+00,-6.50E+00,+15.12E+00,-3.128E+00
2,09/2/2026,14:58:41.629,-0.09E+00,-0.05E+00,+0.05E+00,+0.00E+00,-9.19E+00,-6.30E+00,+15.12E+00,-3.029E+00
2,09/2/2026,14:58:41.629,-0.14E+00,-0.05E+00,+0.05E+00,+0.00E+00,-9.40E+00,-6.09E+00,+15.12E+00,-2.922E+00
2,09/2/2026,14:58:41.629,-0.14E+00,-0.05E+00,+0.05E+00,-0.05E+00,-9.61E+00,-5.88E+00,+15.11E+00,-2.808E+00
2,09/2/2026,14:58:41.629,-0.14E+00,-0.05E+00,+0.05E+00,-0.05E+00,-9.83E+00,-5.65E+00,+15.11E+00,-2.701E+00
2,09/2/2026,14:58:41.629,-0.14E+00,-0.05E+00,+0.05E+00,+0.00E+00,-10.04E+00,-5.42E+00,+15.09E+00,-2.587E+00
2,09/2/2026,14:58:41.629,-0.09E+00,-0.05E+00,+0.05E+00,+0.00E+00,-10.25E+00,-5.20E+00,+15.08E+00,-2.480E+00
2,09/2/2026,14:58:41.629,-0.09E+00,-0.05E+00,+0.05E+00,+0.00E+00,-10.45E+00,-4.99E+00,+15.08E+00,-2.373E+00
2,09/2/2026,14:58:41.629,-0.09E+00,-0.05E+00,+0.05E+00,+0.00E+00,-10.65E+00,-4.78E+00,+15.06E+00,-2.266E+00
2,09/2/2026,14:58:41.629,-0.14E+00,-0.05E+00,+0.05E+00,+0.00E+00,-10.85E+00,-4.56E+00,+15.05E+00,-2.167E+00
2,09/2/2026,14:58:41.629,-0.09E+00,-0.05E+00,+0.05E+00,-0.05E+00,-11.03E+00,-4.36E+00,+15.02E+00,-2.060E+00
2,09/2/2026,14:58:41.629,-0.09E+00,-0.05E+00,+0.05E+00,-0.05E+00,-11.22E+00,-4.15E+00,+14.99E+00,-1.953E+00
2,09/2/2026,14:58:41.629,-0.09E+00,-0.05E+00,+0.05E+00,+0.00E+00,-11.40E+00,-3.94E+00,+14.95E+00,-1.846E+00
2,09/2/2026,14:58:41.629,-0.09E+00,-0.05E+00,+0.05E+00,+0.00E+00,-11.57E+00,-3.71E+00,+14.91E+00,-1.732E+00
2,09/2/2026,14:58:41.629,-0.14E+00,-0.05E+00,+0.05E+00,+0.00E+00,-11.74E+00,-3.48E+00,+14.85E+00,-1.625E+00
2,09/2/2026,14:58:41.630,-0.09E+00,-0.05E+00,+0.05E+00,-0.05E+00,-11.89E+00,-3.25E+00,+14.77E+00,-1.503E+00
2,09/2/2026,14:58:41.630,-0.14E+00,-0.05E+00,+0.05E+00,-0.05E+00,-12.06E+00,-3.01E+00,+14.68E+00,-1.381E+00
2,09/2/2026,14:58:41.630,-0.09E+00,-0.05E+00,+0.05E+00,+0.00E+00,-12.19E+00,-2.75E+00,+14.57E+00,-1.259E+00
2,09/2/2026,14:58:41.630,-0.09E+00,-0.05E+00,+0.05E+00,+0.00E+00,-12.35E+00,-2.50E+00,+14.47E+00,-1.129E+00
2,09/2/2026,14:58:41.630,-0.09E+00,-0.05E+00,+0.05E+00,+0.00E+00,-12.47E+00,-2.24E+00,+14.34E+00,-1.007E+00
2,09/2/2026,14:58:41.630,-0.09E+00,-0.05E+00,+0.05E+00,+0.00E+00,-12.60E+00,-1.98E+00,+14.22E+00,-0.877E+00
2,09/2/2026,14:58:41.630,-0.09E+00,-0.05E+00,+0.05E+00,+0.00E+00,-12.73E+00,-1.72E+00,+14.09E+00,-0.755E+00
2,09/2/2026,14:58:41.630,-0.14E+00,-0.05E+00,+0.05E+00,+0.00E+00,-12.85E+00,-1.48E+00,+13.96E+00,-0.633E+00
2,09/2/2026,14:58:41.630,-0.14E+00,-0.05E+00,+0.00E+00,+0.00E+00,-12.97E+00,-1.25E+00,+13.84E+00,-0.511E+00
2,09/2/2026,14:58:41.630,-0.09E+00,-0.05E+00,+0.00E+00,+0.00E+00,-13.09E+00,-0.99E+00,+13.73E+00,-0.389E+00
2,09/2/2026,14:58:41.630,-0.09E+00,-0.05E+00,+0.05E+00,+0.00E+00,-13.20E+00,-0.76E+00,+13.61E+00,-0.267E+00
2,09/2/2026,14:58:41.630,-0.09E+00,-0.05E+00,+0.05E+00,-0.05E+00,-13.32E+00,-0.52E+00,+13.47E+00,-0.153E+00
2,09/2/2026,14:58:41.630,-0.09E+00,-0.05E+00,+0.05E+00,-0.05E+00,-13.43E+00,-0.29E+00,+13.35E+00,-0.031E+00
2,09/2/2026,14:58:41.630,-0.09E+00,-0.05E+00,+0.05E+00,+0.00E+00,-13.54E+00,-0.03E+00,+13.22E+00,+0.092E+00
2,09/2/2026,14:58:41.630,-0.09E+00,-0.05E+00,+0.05E+00,+0.00E+00,-13.64E+00,+0.21E+00,+13.06E+00,+0.214E+00
2,09/2/2026,14:58:41.630,-0.09E+00,-0.05E+00,+0.05E+00,-0.05E+00,-13.73E+00,+0.46E+00,+12.91E+00,+0.336E+00
2,09/2/2026,14:58:41.630,-0.09E+00,-0.05E+00,+0.05E+00,+0.00E+00,-13.83E+00,+0.72E+00,+12.76E+00,+0.465E+00
2,09/2/2026,14:58:41.630,-0.14E+00,-0.05E+00,+0.05E+00,+0.00E+00,-13.92E+00,+0.96E+00,+12.57E+00,+0.588E+00
2,09/2/2026,14:58:41.630,-0.14E+00,-0.05E+00,+0.05E+00,-0.05E+00,-14.01E+00,+1.24E+00,+12.41E+00,+0.725E+00
2,09/2/2026,14:58:41.630,-0.09E+00,-0.05E+00,+0.05E+00,-0.05E+00,-14.10E+00,+1.50E+00,+12.24E+00,+0.847E+00
2,09/2/2026,14:58:41.631,-0.09E+00,-0.05E+00,+0.05E+00,+0.00E+00,-14.18E+00,+1.75E+00,+12.06E+00,+0.977E+00
2,09/2/2026,14:58:41.631,-0.09E+00,-0.05E+00,+0.05E+00,+0.00E+00,-14.25E+00,+2.01E+00,+11.89E+00,+1.106E+00
2,09/2/2026,14:58:41.631,-0.09E+00,-0.05E+00,+0.05E+00,+0.00E+00,-14.33E+00,+2.26E+00,+11.70E+00,+1.228E+00
2,09/2/2026,14:58:41.631,-0.09E+00,-0.05E+00,+0.05E+00,+0.00E+00,-14.41E+00,+2.50E+00,+11.54E+00,+1.351E+00
2,09/2/2026,14:58:41.631,-0.14E+00,-0.05E+00,+0.05E+00,-0.05E+00,-14.48E+00,+2.76E+00,+11.35E+00,+1.473E+00
2,09/2/2026,14:58:41.631,-0.14E+00,-0.05E+00,+0.05E+00,+0.00E+00,-14.54E+00,+3.01E+00,+11.17E+00,+1.602E+00
2,09/2/2026,14:58:41.631,-0.14E+00,-0.05E+00,+0.05E+00,+0.00E+00,-14.62E+00,+3.25E+00,+11.00E+00,+1.717E+00
2,09/2/2026,14:58:41.631,-0.09E+00,-0.05E+00,+0.05E+00,+0.00E+00,-14.68E+00,+3.49E+00,+10.83E+00,+1.839E+00
2,09/2/2026,14:58:41.631,-0.09E+00,+0.00E+00,+0.05E+00,+0.00E+00,-14.74E+00,+3.72E+00,+10.65E+00,+1.953E+00
2,09/2/2026,14:58:41.631,-0.09E+00,-0.05E+00,+0.05E+00,+0.00E+00,-14.80E+00,+3.97E+00,+10.47E+00,+2.075E+00
2,09/2/2026,14:58:41.631,-0.09E+00,-0.09E+00,+0.05E+00,-0.05E+00,-14.85E+00,+4.20E+00,+10.29E+00,+2.190E+00
2,09/2/2026,14:58:41.631,-0.09E+00,-0.05E+00,+0.05E+00,+0.00E+00,-14.89E+00,+4.43E+00,+10.10E+00,+2.304E+00
2,09/2/2026,14:58:41.631,-0.14E+00,-0.05E+00,+0.05E+00,+0.00E+00,-14.94E+00,+4.65E+00,+9.92E+00,+2.419E+00
2,09/2/2026,14:58:41.631,-0.14E+00,-0.05E+00,+0.05E+00,+0.00E+00,-14.99E+00,+4.88E+00,+9.74E+00,+2.533E+00
2,09/2/2026,14:58:41.631,-0.09E+00,-0.05E+00,+0.05E+00,+0.00E+00,-15.02E+00,+5.11E+00,+9.55E+00,+2.640E+00
2,09/2/2026,14:58:41.631,-0.09E+00,-0.05E+00,+0.05E+00,+0.00E+00,-15.05E+00,+5.33E+00,+9.35E+00,+2.747E+00
2,09/2/2026,14:58:41.631,-0.09E+00,-0.05E+00,+0.05E+00,-0.05E+00,-15.09E+00,+5.55E+00,+9.16E+00,+2.861E+00
2,09/2/2026,14:58:41.631,-0.09E+00,-0.05E+00,+0.05E+00,+0.00E+00,-15.12E+00,+5.77E+00,+8.99E+00,+2.968E+00
2,09/2/2026,14:58:41.631,-0.09E+00,-0.05E+00,+0.05E+00,+0.00E+00,-15.14E+00,+5.98E+00,+8.79E+00,+3.067E+00
2,09/2/2026,14:58:41.631,-0.09E+00,-0.05E+00,+0.05E+00,+0.00E+00,-15.17E+00,+6.20E+00,+8.61E+00,+3.174E+00
2,09/2/2026,14:58:41.632,-0.09E+00,-0.05E+00,+0.05E+00,+0.00E+00,-15.20E+00,+6.39E+00,+8.42E+00,+3.281E+00
2,09/2/2026,14:58:41.632,-0.09E+00,-0.05E+00,+0.05E+00,+0.00E+00,-15.21E+00,+6.61E+00,+8.23E+00,+3.380E+00
2,09/2/2026,14:58:41.632,-0.14E+00,-0.05E+00,+0.05E+00,-0.05E+00,-15.23E+00,+6.82E+00,+8.04E+00,+3.487E+00
2,09/2/2026,14:58:41.632,-0.14E+00,-0.05E+00,+0.05E+00,-0.05E+00,-15.26E+00,+7.03E+00,+7.84E+00,+3.594E+00
2,09/2/2026,14:58:41.632,-0.09E+00,-0.05E+00,+0.05E+00,+0.00E+00,-15.26E+00,+7.25E+00,+7.66E+00,+3.693E+00
2,09/2/2026,14:58:41.632,-0.09E+00,-0.05E+00,+0.05E+00,+0.00E+00,-15.28E+00,+7.45E+00,+7.46E+00,+3.800E+00
2,09/2/2026,14:58:41.632,-0.09E+00,-0.05E+00,+0.05E+00,+0.00E+00,-15.29E+00,+7.66E+00,+7.26E+00,+3.899E+00
2,09/2/2026,14:58:41.632,-0.09E+00,-0.05E+00,+0.05E+00,+0.00E+00,-15.29E+00,+7.86E+00,+7.08E+00,+3.998E+00
2,09/2/2026,14:58:41.632,-0.09E+00,-0.05E+00,+0.05E+00,-0.05E+00,-15.31E+00,+8.06E+00,+6.88E+00,+4.097E+00
2,09/2/2026,14:58:41.632,-0.09E+00,-0.05E+00,+0.05E+00,-0.05E+00,-15.32E+00,+8.27E+00,+6.68E+00,+4.204E+00
2,09/2/2026,14:58:41.632,-0.14E+00,-0.05E+00,+0.05E+00,+0.00E+00,-15.32E+00,+8.47E+00,+6.49E+00,+4.303E+00
2,09/2/2026,14:58:41.632,-0.09E+00,-0.05E+00,+0.05E+00,+0.00E+00,-15.32E+00,+8.67E+00,+6.29E+00,+4.395E+00
2,09/2/2026,14:58:41.632,-0.09E+00,-0.05E+00,+0.05E+00,+0.00E+00,-15.32E+00,+8.87E+00,+6.09E+00,+4.494E+00
2,09/2/2026,14:58:41.632,-0.09E+00,-0.05E+00,+0.05E+00,+0.00E+00,-15.32E+00,+9.08E+00,+5.89E+00,+4.593E+00
2,09/2/2026,14:58:41.632,-0.09E+00,-0.05E+00,+0.05E+00,-0.05E+00,-15.32E+00,+9.28E+00,+5.68E+00,+4.700E+00
2,09/2/2026,14:58:41.632,-0.14E+00,-0.05E+00,+0.05E+00,-0.05E+00,-15.31E+00,+9.48E+00,+5.45E+00,+4.799E+00
2,09/2/2026,14:58:41.632,-0.14E+00,-0.05E+00,+0.05E+00,+0.00E+00,-15.29E+00,+9.71E+00,+5.23E+00,+4.906E+00
2,09/2/2026,14:58:41.632,-0.09E+00,-0.05E+00,+0.05E+00,-0.05E+00,-15.28E+00,+9.90E+00,+5.01E+00,+5.005E+00
2,09/2/2026,14:58:41.632,-0.09E+00,-0.05E+00,+0.05E+00,-0.05E+00,-15.26E+00,+10.10E+00,+4.78E+00,+5.112E+00
2,09/2/2026,14:58:41.632,-0.09E+00,-0.05E+00,+0.05E+00,+0.00E+00,-15.24E+00,+10.32E+00,+4.55E+00,+5.211E+00
2,09/2/2026,14:58:41.633,-0.09E+00,-0.05E+00,+0.05E+00,+0.00E+00,-15.21E+00,+10.51E+00,+4.33E+00,+5.311E+00
2,09/2/2026,14:58:41.633,-0.09E+00,-0.05E+00,+0.05E+00,-0.05E+00,-15.18E+00,+10.71E+00,+4.10E+00,+5.402E+00
2,09/2/2026,14:58:41.633,-0.09E+00,-0.05E+00,+0.05E+00,-0.05E+00,-15.14E+00,+10.90E+00,+3.88E+00,+5.494E+00
2,09/2/2026,14:58:41.633,-0.09E+00,-0.05E+00,+0.05E+00,-0.05E+00,-15.09E+00,+11.08E+00,+3.65E+00,+5.585E+00
2,09/2/2026,14:58:41.633,-0.09E+00,-0.05E+00,+0.05E+00,-0.05E+00,-15.05E+00,+11.25E+00,+3.42E+00,+5.662E+00
2,09/2/2026,14:58:41.633,-0.14E+00,-0.05E+00,+0.05E+00,+0.00E+00,-14.97E+00,+11.40E+00,+3.20E+00,+5.745E+00
2,09/2/2026,14:58:41.633,-0.14E+00,-0.05E+00,+0.05E+00,+0.00E+00,-14.91E+00,+11.57E+00,+2.98E+00,+5.822E+00
2,09/2/2026,14:58:41.633,-0.09E+00,-0.05E+00,+0.05E+00,-0.05E+00,-14.83E+00,+11.72E+00,+2.75E+00,+5.898E+00
2,09/2/2026,14:58:41.633,-0.09E+00,-0.05E+00,+0.05E+00,-0.05E+00,-14.74E+00,+11.87E+00,+2.50E+00,+5.974E+00
2,09/2/2026,14:58:41.633,-0.09E+00,-0.05E+00,+0.05E+00,-0.05E+00,-14.65E+00,+12.03E+00,+2.26E+00,+6.051E+00
2,09/2/2026,14:58:41.633,-0.09E+00,-0.05E+00,+0.05E+00,-0.05E+00,-14.56E+00,+12.16E+00,+2.01E+00,+6.119E+00
2,09/2/2026,14:58:41.633,-0.14E+00,-0.05E+00,+0.05E+00,+0.00E+00,-14.47E+00,+12.31E+00,+1.77E+00,+6.196E+00
2,09/2/2026,14:58:41.633,-0.14E+00,-0.05E+00,+0.05E+00,+0.00E+00,-14.34E+00,+12.45E+00,+1.53E+00,+6.264E+00
2,09/2/2026,14:58:41.633,-0.09E+00,-0.05E+00,+0.05E+00,+0.00E+00,-14.22E+00,+12.59E+00,+1.27E+00,+6.325E+00
2,09/2/2026,14:58:41.633,-0.09E+00,-0.05E+00,+0.05E+00,+0.00E+00,-14.10E+00,+12.73E+00,+1.01E+00,+6.394E+00
2,09/2/2026,14:58:41.633,-0.09E+00,-0.05E+00,+0.05E+00,+0.00E+00,-13.98E+00,+12.86E+00,+0.76E+00,+6.455E+00
2,09/2/2026,14:58:41.633,-0.09E+00,-0.05E+00,+0.05E+00,+0.00E+00,-13.86E+00,+12.99E+00,+0.50E+00,+6.524E+00
2,09/2/2026,14:58:41.633,-0.14E+00,-0.05E+00,+0.05E+00,+0.00E+00,-13.73E+00,+13.11E+00,+0.26E+00,+6.577E+00
2,09/2/2026,14:58:41.633,-0.09E+00,-0.05E+00,+0.05E+00,-0.05E+00,-13.61E+00,+13.23E+00,+0.02E+00,+6.638E+00
2,09/2/2026,14:58:41.633,-0.09E+00,-0.05E+00,+0.05E+00,-0.05E+00,-13.47E+00,+13.34E+00,-0.24E+00,+6.692E+00
2,09/2/2026,14:58:41.634,-0.09E+00,-0.05E+00,+0.05E+00,+0.00E+00,-13.34E+00,+13.44E+00,-0.49E+00,+6.745E+00
2,09/2/2026,14:58:41.634,-0.09E+00,-0.05E+00,+0.05E+00,+0.00E+00,-13.18E+00,+13.55E+00,-0.75E+00,+6.798E+00
2,09/2/2026,14:58:41.634,-0.09E+00,-0.05E+00,+0.05E+00,+0.00E+00,-13.02E+00,+13.66E+00,-1.01E+00,+6.844E+00
2,09/2/2026,14:58:41.634,-0.09E+00,-0.05E+00,+0.05E+00,+0.00E+00,-12.86E+00,+13.75E+00,-1.27E+00,+6.890E+00
2,09/2/2026,14:58:41.634,-0.09E+00,-0.05E+00,+0.05E+00,-0.05E+00,-12.71E+00,+13.86E+00,-1.53E+00,+6.943E+00
2,09/2/2026,14:58:41.634,-0.09E+00,-0.05E+00,+0.05E+00,+0.00E+00,-12.54E+00,+13.95E+00,-1.79E+00,+6.989E+00
2,09/2/2026,14:58:41.634,-0.09E+00,-0.05E+00,+0.05E+00,+0.00E+00,-12.38E+00,+14.04E+00,-2.04E+00,+7.035E+00
2,09/2/2026,14:58:41.634,-0.09E+00,-0.05E+00,+0.05E+00,-0.05E+00,-12.21E+00,+14.12E+00,-2.29E+00,+7.073E+00
2,09/2/2026,14:58:41.634,-0.09E+00,-0.05E+00,+0.05E+00,+0.00E+00,-12.04E+00,+14.21E+00,-2.55E+00,+7.119E+00
2,09/2/2026,14:58:41.634,-0.09E+00,-0.05E+00,+0.05E+00,+0.00E+00,-11.86E+00,+14.28E+00,-2.81E+00,+7.157E+00
2,09/2/2026,14:58:41.634,-0.14E+00,-0.05E+00,+0.05E+00,+0.00E+00,-11.69E+00,+14.36E+00,-3.05E+00,+7.188E+00
2,09/2/2026,14:58:41.634,-0.14E+00,-0.05E+00,+0.05E+00,-0.05E+00,-11.52E+00,+14.44E+00,-3.30E+00,+7.226E+00
2,09/2/2026,14:58:41.634,-0.09E+00,-0.05E+00,+0.05E+00,-0.05E+00,-11.35E+00,+14.51E+00,-3.54E+00,+7.264E+00
2,09/2/2026,14:58:41.634,-0.09E+00,-0.05E+00,+0.05E+00,+0.00E+00,-11.17E+00,+14.57E+00,-3.78E+00,+7.294E+00
2,09/2/2026,14:58:41.634,-0.09E+00,-0.05E+00,+0.05E+00,+0.00E+00,-11.00E+00,+14.63E+00,-4.03E+00,+7.317E+00
2,09/2/2026,14:58:41.634,-0.09E+00,-0.05E+00,+0.05E+00,-0.05E+00,-10.82E+00,+14.70E+00,-4.26E+00,+7.348E+00
2,09/2/2026,14:58:41.634,-0.14E+00,-0.05E+00,+0.05E+00,-0.05E+00,-10.64E+00,+14.76E+00,-4.49E+00,+7.371E+00
2,09/2/2026,14:58:41.634,-0.14E+00,-0.05E+00,+0.05E+00,-0.05E+00,-10.45E+00,+14.79E+00,-4.72E+00,+7.394E+00
2,09/2/2026,14:58:41.634,-0.09E+00,-0.05E+00,+0.05E+00,-0.05E+00,-10.27E+00,+14.83E+00,-4.94E+00,+7.416E+00
2,09/2/2026,14:58:41.634,-0.09E+00,-0.05E+00,+0.05E+00,+0.00E+00,-10.09E+00,+14.89E+00,-5.17E+00,+7.439E+00
2,09/2/2026,14:58:41.635,-0.09E+00,-0.05E+00,+0.05E+00,+0.00E+00,-9.90E+00,+14.92E+00,-5.39E+00,+7.462E+00
2,09/2/2026,14:58:41.635,-0.09E+00,-0.05E+00,+0.05E+00,+0.00E+00,-9.74E+00,+14.97E+00,-5.62E+00,+7.477E+00
2,09/2/2026,14:58:41.635,-0.09E+00,-0.05E+00,+0.05E+00,-0.05E+00,-9.54E+00,+15.00E+00,-5.83E+00,+7.493E+00
2,09/2/2026,14:58:41.635,-0.09E+00,-0.05E+00,+0.05E+00,-0.05E+00,-9.35E+00,+15.03E+00,-6.04E+00,+7.508E+00
2,09/2/2026,14:58:41.635,-0.09E+00,-0.05E+00,+0.05E+00,-0.05E+00,-9.19E+00,+15.08E+00,-6.27E+00,+7.523E+00
2,09/2/2026,14:58:41.635,-0.09E+00,-0.05E+00,+0.05E+00,+0.00E+00,-9.00E+00,+15.09E+00,-6.47E+00,+7.539E+00
2,09/2/2026,14:58:41.635,-0.09E+00,-0.05E+00,+0.05E+00,+0.00E+00,-8.82E+00,+15.14E+00,-6.68E+00,+7.554E+00
2,09/2/2026,14:58:41.635,-0.09E+00,-0.05E+00,+0.05E+00,+0.00E+00,-8.64E+00,+15.15E+00,-6.90E+00,+7.561E+00
2,09/2/2026,14:58:41.635,-0.09E+00,-0.05E+00,+0.05E+00,+0.00E+00,-8.45E+00,+15.18E+00,-7.11E+00,+7.577E+00
2,09/2/2026,14:58:41.635,-0.14E+00,-0.05E+00,+0.05E+00,-0.05E+00,-8.27E+00,+15.20E+00,-7.32E+00,+7.584E+00
2,09/2/2026,14:58:41.635,-0.14E+00,-0.05E+00,+0.00E+00,-0.05E+00,-8.07E+00,+15.23E+00,-7.52E+00,+7.592E+00
2,09/2/2026,14:58:41.635,-0.09E+00,-0.05E+00,+0.05E+00,-0.05E+00,-7.89E+00,+15.24E+00,-7.74E+00,+7.600E+00
2,09/2/2026,14:58:41.635,-0.09E+00,-0.05E+00,+0.05E+00,+0.00E+00,-7.69E+00,+15.26E+00,-7.95E+00,+7.607E+00
2,09/2/2026,14:58:41.635,-0.14E+00,-0.05E+00,+0.05E+00,+0.00E+00,-7.51E+00,+15.28E+00,-8.16E+00,+7.615E+00
2,09/2/2026,14:58:41.635,-0.09E+00,-0.05E+00,+0.05E+00,+0.00E+00,-7.31E+00,+15.29E+00,-8.36E+00,+7.622E+00
2,09/2/2026,14:58:41.635,-0.09E+00,-0.05E+00,+0.05E+00,+0.00E+00,-7.11E+00,+15.29E+00,-8.58E+00,+7.622E+00
2,09/2/2026,14:58:41.635,-0.09E+00,-0.05E+00,+0.05E+00,+0.00E+00,-6.91E+00,+15.31E+00,-8.77E+00,+7.630E+00
2,09/2/2026,14:58:41.635,-0.09E+00,-0.05E+00,+0.05E+00,-0.05E+00,-6.73E+00,+15.31E+00,-8.97E+00,+7.630E+00
2,09/2/2026,14:58:41.635,-0.09E+00,-0.05E+00,+0.05E+00,+0.00E+00,-6.53E+00,+15.32E+00,-9.17E+00,+7.630E+00
2,09/2/2026,14:58:41.635,-0.09E+00,-0.05E+00,+0.05E+00,+0.00E+00,-6.33E+00,+15.32E+00,-9.37E+00,+7.630E+00
2,09/2/2026,14:58:41.636,-0.14E+00,-0.05E+00,+0.05E+00,-0.05E+00,-6.13E+00,+15.32E+00,-9.57E+00,+7.630E+00
2,09/2/2026,14:58:41.636,-0.14E+00,-0.09E+00,+0.05E+00,+0.00E+00,-5.92E+00,+15.31E+00,-9.77E+00,+7.622E+00
2,09/2/2026,14:58:41.636,-0.14E+00,-0.05E+00,+0.05E+00,+0.00E+00,-5.72E+00,+15.31E+00,-9.98E+00,+7.615E+00
2,09/2/2026,14:58:41.636,-0.09E+00,-0.05E+00,+0.05E+00,-0.05E+00,-5.49E+00,+15.29E+00,-10.18E+00,+7.615E+00
2,09/2/2026,14:58:41.636,-0.09E+00,-0.05E+00,+0.05E+00,+0.00E+00,-5.28E+00,+15.29E+00,-10.39E+00,+7.607E+00
2,09/2/2026,14:58:41.636,-0.09E+00,-0.05E+00,+0.05E+00,+0.00E+00,-5.07E+00,+15.28E+00,-10.59E+00,+7.607E+00
2,09/2/2026,14:58:41.636,-0.14E+00,-0.05E+00,+0.05E+00,-0.05E+00,-4.85E+00,+15.26E+00,-10.79E+00,+7.592E+00
2,09/2/2026,14:58:41.636,-0.14E+00,-0.05E+00,+0.05E+00,-0.05E+00,-4.64E+00,+15.23E+00,-10.99E+00,+7.577E+00
2,09/2/2026,14:58:41.636,-0.09E+00,-0.05E+00,+0.05E+00,-0.05E+00,-4.41E+00,+15.21E+00,-11.19E+00,+7.569E+00
2,09/2/2026,14:58:41.636,-0.09E+00,-0.05E+00,+0.05E+00,-0.05E+00,-4.20E+00,+15.17E+00,-11.37E+00,+7.546E+00
2,09/2/2026,14:58:41.636,-0.09E+00,-0.05E+00,+0.05E+00,+0.00E+00,-3.97E+00,+15.12E+00,-11.54E+00,+7.523E+00
2,09/2/2026,14:58:41.636,-0.09E+00,-0.05E+00,+0.05E+00,+0.00E+00,-3.75E+00,+15.06E+00,-11.70E+00,+7.485E+00
2,09/2/2026,14:58:41.636,-0.09E+00,-0.05E+00,+0.05E+00,-0.05E+00,-3.53E+00,+14.99E+00,-11.86E+00,+7.447E+00
2,09/2/2026,14:58:41.636,-0.14E+00,-0.05E+00,+0.05E+00,-0.05E+00,-3.30E+00,+14.89E+00,-11.99E+00,+7.409E+00
2,09/2/2026,14:58:41.636,-0.09E+00,-0.05E+00,+0.05E+00,+0.00E+00,-3.07E+00,+14.80E+00,-12.13E+00,+7.355E+00
2,09/2/2026,14:58:41.636,-0.09E+00,-0.05E+00,+0.05E+00,+0.00E+00,-2.82E+00,+14.71E+00,-12.27E+00,+7.310E+00
2,09/2/2026,14:58:41.636,-0.09E+00,-0.05E+00,+0.05E+00,-0.05E+00,-2.59E+00,+14.60E+00,-12.41E+00,+7.256E+00
2,09/2/2026,14:58:41.636,-0.09E+00,-0.05E+00,+0.05E+00,-0.05E+00,-2.35E+00,+14.50E+00,-12.54E+00,+7.203E+00
2,09/2/2026,14:58:41.636,-0.09E+00,-0.09E+00,+0.05E+00,-0.05E+00,-2.11E+00,+14.39E+00,-12.67E+00,+7.149E+00
2,09/2/2026,14:58:41.636,-0.09E+00,-0.05E+00,+0.05E+00,-0.05E+00,-1.86E+00,+14.27E+00,-12.80E+00,+7.088E+00
2,09/2/2026,14:58:41.637,-0.09E+00,-0.05E+00,+0.05E+00,-0.05E+00,-1.60E+00,+14.16E+00,-12.93E+00,+7.027E+00
2,09/2/2026,14:58:41.637,-0.09E+00,-0.05E+00,+0.05E+00,-0.05E+00,-1.36E+00,+14.04E+00,-13.06E+00,+6.966E+00
2,09/2/2026,14:58:41.637,-0.09E+00,-0.05E+00,+0.00E+00,+0.00E+00,-1.10E+00,+13.90E+00,-13.18E+00,+6.898E+00
2,09/2/2026,14:58:41.637,-0.14E+00,-0.09E+00,+0.05E+00,+0.00E+00,-0.85E+00,+13.78E+00,-13.31E+00,+6.829E+00
2,09/2/2026,14:58:41.637,-0.14E+00,-0.05E+00,+0.05E+00,+0.00E+00,-0.61E+00,+13.64E+00,-13.43E+00,+6.768E+00
2,09/2/2026,14:58:41.637,-0.14E+00,-0.05E+00,+0.05E+00,+0.00E+00,-0.35E+00,+13.52E+00,-13.54E+00,+6.699E+00
2,09/2/2026,14:58:41.637,-0.14E+00,-0.05E+00,+0.05E+00,+0.00E+00,-0.11E+00,+13.37E+00,-13.64E+00,+6.631E+00
2,09/2/2026,14:58:41.637,-0.14E+00,-0.05E+00,+0.05E+00,+0.00E+00,+0.14E+00,+13.23E+00,-13.75E+00,+6.554E+00
2,09/2/2026,14:58:41.637,-0.09E+00,-0.05E+00,+0.05E+00,+0.00E+00,+0.40E+00,+13.08E+00,-13.86E+00,+6.486E+00
2,09/2/2026,14:58:41.637,-0.09E+00,-0.05E+00,+0.05E+00,-0.05E+00,+0.66E+00,+12.93E+00,-13.95E+00,+6.402E+00
2,09/2/2026,14:58:41.637,-0.09E+00,-0.05E+00,+0.05E+00,+0.00E+00,+0.90E+00,+12.77E+00,-14.04E+00,+6.325E+00
2,09/2/2026,14:58:41.637,-0.14E+00,-0.05E+00,+0.05E+00,+0.00E+00,+1.16E+00,+12.60E+00,-14.13E+00,+6.249E+00
2,09/2/2026,14:58:41.637,-0.14E+00,-0.05E+00,+0.05E+00,+0.00E+00,+1.42E+00,+12.45E+00,-14.24E+00,+6.165E+00
2,09/2/2026,14:58:41.637,-0.09E+00,-0.05E+00,+0.05E+00,+0.00E+00,+1.66E+00,+12.28E+00,-14.31E+00,+6.081E+00
2,09/2/2026,14:58:41.637,-0.09E+00,-0.05E+00,+0.05E+00,-0.05E+00,+1.91E+00,+12.12E+00,-14.39E+00,+5.997E+00
2,09/2/2026,14:58:41.637,-0.09E+00,-0.05E+00,+0.05E+00,+0.00E+00,+2.15E+00,+11.95E+00,-14.48E+00,+5.913E+00
2,09/2/2026,14:58:41.637,-0.09E+00,-0.05E+00,+0.05E+00,+0.00E+00,+2.40E+00,+11.78E+00,-14.56E+00,+5.829E+00
2,09/2/2026,14:58:41.637,-0.09E+00,-0.05E+00,+0.05E+00,-0.05E+00,+2.64E+00,+11.61E+00,-14.63E+00,+5.745E+00
2,09/2/2026,14:58:41.637,-0.09E+00,-0.05E+00,+0.05E+00,-0.05E+00,+2.88E+00,+11.45E+00,-14.70E+00,+5.662E+00
2,09/2/2026,14:58:41.637,-0.09E+00,-0.05E+00,+0.05E+00,+0.00E+00,+3.11E+00,+11.28E+00,-14.76E+00,+5.570E+00
2,09/2/2026,14:58:41.638,-0.09E+00,-0.05E+00,+0.05E+00,+0.00E+00,+3.34E+00,+11.09E+00,-14.82E+00,+5.486E+00
2,09/2/2026,14:58:41.638,-0.09E+00,-0.05E+00,+0.05E+00,+0.00E+00,+3.59E+00,+10.93E+00,-14.86E+00,+5.394E+00
2,09/2/2026,14:58:41.638,-0.09E+00,-0.05E+00,+0.05E+00,+0.00E+00,+3.82E+00,+10.74E+00,-14.92E+00,+5.303E+00
2,09/2/2026,14:58:41.638,-0.09E+00,-0.05E+00,+0.05E+00,-0.05E+00,+4.03E+00,+10.58E+00,-14.97E+00,+5.219E+00
2,09/2/2026,14:58:41.638,-0.09E+00,-0.05E+00,+0.05E+00,-0.05E+00,+4.26E+00,+10.39E+00,-15.02E+00,+5.127E+00
2,09/2/2026,14:58:41.638,-0.09E+00,-0.05E+00,+0.05E+00,-0.05E+00,+4.47E+00,+10.21E+00,-15.05E+00,+5.036E+00
2,09/2/2026,14:58:41.638,-0.09E+00,-0.05E+00,+0.05E+00,+0.00E+00,+4.70E+00,+10.03E+00,-15.09E+00,+4.944E+00
2,09/2/2026,14:58:41.638,-0.09E+00,-0.05E+00,+0.05E+00,+0.00E+00,+4.91E+00,+9.84E+00,-15.12E+00,+4.853E+00
2,09/2/2026,14:58:41.638,-0.09E+00,-0.05E+00,+0.05E+00,-0.05E+00,+5.13E+00,+9.66E+00,-15.15E+00,+4.761E+00
2,09/2/2026,14:58:41.638,-0.09E+00,-0.05E+00,+0.05E+00,-0.05E+00,+5.34E+00,+9.48E+00,-15.18E+00,+4.670E+00
2,09/2/2026,14:58:41.638,-0.09E+00,-0.05E+00,+0.05E+00,-0.05E+00,+5.55E+00,+9.29E+00,-15.21E+00,+4.578E+00
2,09/2/2026,14:58:41.638,-0.09E+00,-0.05E+00,+0.05E+00,+0.00E+00,+5.77E+00,+9.11E+00,-15.24E+00,+4.486E+00
2,09/2/2026,14:58:41.638,-0.09E+00,-0.05E+00,+0.05E+00,+0.00E+00,+5.97E+00,+8.93E+00,-15.26E+00,+4.395E+00
2,09/2/2026,14:58:41.638,-0.09E+00,-0.05E+00,+0.05E+00,-0.05E+00,+6.18E+00,+8.74E+00,-15.29E+00,+4.303E+00
2,09/2/2026,14:58:41.638,-0.09E+00,-0.05E+00,+0.05E+00,-0.05E+00,+6.39E+00,+8.55E+00,-15.32E+00,+4.212E+00
2,09/2/2026,14:58:41.638,-0.09E+00,-0.05E+00,+0.05E+00,-0.05E+00,+6.59E+00,+8.36E+00,-15.34E+00,+4.113E+00
2,09/2/2026,14:58:41.638,-0.09E+00,-0.05E+00,+0.05E+00,-0.05E+00,+6.81E+00,+8.18E+00,-15.35E+00,+4.021E+00
2,09/2/2026,14:58:41.638,-0.09E+00,-0.05E+00,+0.05E+00,-0.05E+00,+7.02E+00,+7.98E+00,-15.37E+00,+3.922E+00
2,09/2/2026,14:58:41.638,-0.09E+00,-0.05E+00,+0.05E+00,-0.05E+00,+7.22E+00,+7.77E+00,-15.38E+00,+3.823E+00
2,09/2/2026,14:58:41.638,-0.09E+00,-0.05E+00,+0.05E+00,+0.00E+00,+7.43E+00,+7.58E+00,-15.38E+00,+3.723E+00
2,09/2/2026,14:58:41.639,-0.14E+00,-0.05E+00,+0.05E+00,+0.00E+00,+7.65E+00,+7.39E+00,-15.40E+00,+3.624E+00
2,09/2/2026,14:58:41.639,-0.14E+00,-0.05E+00,+0.05E+00,-0.05E+00,+7.84E+00,+7.17E+00,-15.40E+00,+3.517E+00
2,09/2/2026,14:58:41.639,-0.14E+00,-0.05E+00,+0.05E+00,-0.05E+00,+8.06E+00,+6.97E+00,-15.41E+00,+3.418E+00
2,09/2/2026,14:58:41.639,-0.14E+00,-0.05E+00,+0.05E+00,+0.00E+00,+8.26E+00,+6.78E+00,-15.41E+00,+3.319E+00
2,09/2/2026,14:58:41.639,-0.09E+00,-0.05E+00,+0.05E+00,+0.00E+00,+8.47E+00,+6.58E+00,-15.41E+00,+3.220E+00
2,09/2/2026,14:58:41.639,-0.09E+00,-0.05E+00,+0.05E+00,+0.00E+00,+8.67E+00,+6.36E+00,-15.41E+00,+3.121E+00
2,09/2/2026,14:58:41.639,-0.14E+00,-0.05E+00,+0.05E+00,-0.05E+00,+8.88E+00,+6.17E+00,-15.41E+00,+3.014E+00
2,09/2/2026,14:58:41.639,-0.14E+00,-0.05E+00,+0.05E+00,-0.05E+00,+9.10E+00,+5.95E+00,-15.41E+00,+2.907E+00
2,09/2/2026,14:58:41.639,-0.14E+00,-0.05E+00,+0.05E+00,-0.05E+00,+9.29E+00,+5.74E+00,-15.41E+00,+2.800E+00
2,09/2/2026,14:58:41.639,-0.09E+00,-0.05E+00,+0.05E+00,-0.05E+00,+9.51E+00,+5.52E+00,-15.40E+00,+2.701E+00
2,09/2/2026,14:58:41.639,-0.09E+00,-0.05E+00,+0.05E+00,+0.00E+00,+9.72E+00,+5.31E+00,-15.40E+00,+2.587E+00
2,09/2/2026,14:58:41.639,-0.09E+00,-0.05E+00,+0.05E+00,+0.00E+00,+9.93E+00,+5.10E+00,-15.40E+00,+2.480E+00
2,09/2/2026,14:58:41.639,-0.09E+00,-0.05E+00,+0.05E+00,+0.00E+00,+10.13E+00,+4.87E+00,-15.38E+00,+2.373E+00
2,09/2/2026,14:58:41.639,-0.14E+00,-0.05E+00,+0.05E+00,-0.05E+00,+10.33E+00,+4.65E+00,-15.37E+00,+2.266E+00
2,09/2/2026,14:58:41.639,-0.09E+00,-0.05E+00,+0.05E+00,-0.05E+00,+10.53E+00,+4.44E+00,-15.35E+00,+2.152E+00
2,09/2/2026,14:58:41.639,-0.09E+00,-0.05E+00,+0.05E+00,+0.00E+00,+10.73E+00,+4.21E+00,-15.32E+00,+2.045E+00
2,09/2/2026,14:58:41.639,-0.09E+00,-0.05E+00,+0.05E+00,+0.00E+00,+10.91E+00,+4.00E+00,-15.29E+00,+1.938E+00
2,09/2/2026,14:58:41.639,-0.09E+00,-0.05E+00,+0.05E+00,+0.00E+00,+11.09E+00,+3.78E+00,-15.24E+00,+1.824E+00
2,09/2/2026,14:58:41.639,-0.09E+00,-0.05E+00,+0.05E+00,+0.00E+00,+11.28E+00,+3.56E+00,-15.20E+00,+1.717E+00
2,09/2/2026,14:58:41.639,-0.09E+00,-0.05E+00,+0.05E+00,+0.00E+00,+11.45E+00,+3.33E+00,-15.14E+00,+1.602E+00
2,09/2/2026,14:58:41.639,-0.09E+00,-0.05E+00,+0.05E+00,+0.00E+00,+11.61E+00,+3.10E+00,-15.06E+00,+1.488E+00
2,09/2/2026,14:58:41.640,-0.09E+00,-0.05E+00,+0.05E+00,+0.00E+00,+11.77E+00,+2.85E+00,-14.99E+00,+1.366E+00
2,09/2/2026,14:58:41.640,-0.09E+00,-0.05E+00,+0.05E+00,+0.00E+00,+11.90E+00,+2.59E+00,-14.88E+00,+1.244E+00
2,09/2/2026,14:58:41.640,-0.14E+00,-0.05E+00,+0.05E+00,-0.05E+00,+12.04E+00,+2.35E+00,-14.77E+00,+1.114E+00
2,09/2/2026,14:58:41.640,-0.09E+00,-0.05E+00,+0.05E+00,+0.00E+00,+12.18E+00,+2.11E+00,-14.65E+00,+0.992E+00
2,09/2/2026,14:58:41.640,-0.09E+00,-0.05E+00,+0.05E+00,+0.00E+00,+12.30E+00,+1.86E+00,-14.53E+00,+0.870E+00
2,09/2/2026,14:58:41.640,-0.14E+00,-0.05E+00,+0.05E+00,-0.05E+00,+12.42E+00,+1.60E+00,-14.41E+00,+0.748E+00
2,09/2/2026,14:58:41.640,-0.14E+00,-0.05E+00,+0.05E+00,-0.05E+00,+12.54E+00,+1.36E+00,-14.27E+00,+0.618E+00
2,09/2/2026,14:58:41.640,-0.09E+00,-0.05E+00,+0.05E+00,-0.05E+00,+12.67E+00,+1.10E+00,-14.15E+00,+0.496E+00
2,09/2/2026,14:58:41.640,-0.09E+00,-0.05E+00,+0.05E+00,+0.00E+00,+12.79E+00,+0.85E+00,-14.02E+00,+0.374E+00
2,09/2/2026,14:58:41.640,-0.09E+00,-0.05E+00,+0.05E+00,+0.00E+00,+12.91E+00,+0.61E+00,-13.92E+00,+0.252E+00
2,09/2/2026,14:58:41.640,-0.14E+00,-0.05E+00,+0.05E+00,-0.05E+00,+13.03E+00,+0.37E+00,-13.78E+00,+0.130E+00
2,09/2/2026,14:58:41.640,-0.14E+00,-0.05E+00,+0.05E+00,-0.05E+00,+13.15E+00,+0.12E+00,-13.66E+00,+0.008E+00
2,09/2/2026,14:58:41.640,-0.14E+00,-0.05E+00,+0.05E+00,-0.05E+00,+13.26E+00,-0.12E+00,-13.52E+00,-0.107E+00
2,09/2/2026,14:58:41.640,-0.09E+00,-0.05E+00,+0.05E+00,-0.05E+00,+13.38E+00,-0.37E+00,-13.38E+00,-0.229E+00
2,09/2/2026,14:58:41.640,-0.09E+00,-0.05E+00,+0.05E+00,-0.05E+00,+13.47E+00,-0.61E+00,-13.25E+00,-0.351E+00
2,09/2/2026,14:58:41.640,-0.09E+00,-0.05E+00,+0.05E+00,-0.05E+00,+13.57E+00,-0.85E+00,-13.08E+00,-0.473E+00
2,09/2/2026,14:58:41.640,-0.14E+00,-0.05E+00,+0.05E+00,-0.05E+00,+13.66E+00,-1.11E+00,-12.91E+00,-0.603E+00
2,09/2/2026,14:58:41.640,-0.09E+00,-0.05E+00,+0.05E+00,-0.05E+00,+13.73E+00,-1.37E+00,-12.74E+00,-0.732E+00
2,09/2/2026,14:58:41.640,-0.09E+00,-0.05E+00,+0.05E+00,-0.05E+00,+13.83E+00,-1.63E+00,-12.57E+00,-0.855E+00
2,09/2/2026,14:58:41.640,-0.09E+00,-0.05E+00,+0.05E+00,+0.00E+00,+13.90E+00,-1.89E+00,-12.39E+00,-0.984E+00
2,09/2/2026,14:58:41.641,-0.09E+00,-0.05E+00,+0.05E+00,+0.00E+00,+13.98E+00,-2.14E+00,-12.21E+00,-1.114E+00
2,09/2/2026,14:58:41.641,-0.14E+00,-0.05E+00,+0.05E+00,+0.00E+00,+14.05E+00,-2.40E+00,-12.03E+00,-1.244E+00
2,09/2/2026,14:58:41.641,-0.14E+00,-0.05E+00,+0.05E+00,+0.00E+00,+14.13E+00,-2.66E+00,-11.86E+00,-1.366E+00
2,09/2/2026,14:58:41.641,-0.09E+00,-0.05E+00,+0.05E+00,+0.00E+00,+14.21E+00,-2.90E+00,-11.67E+00,-1.488E+00
2,09/2/2026,14:58:41.641,-0.09E+00,-0.05E+00,+0.00E+00,-0.05E+00,+14.28E+00,-3.14E+00,-11.51E+00,-1.610E+00
2,09/2/2026,14:58:41.641,-0.09E+00,-0.05E+00,+0.05E+00,+0.00E+00,+14.34E+00,-3.39E+00,-11.34E+00,-1.732E+00
2,09/2/2026,14:58:41.641,-0.09E+00,-0.05E+00,+0.05E+00,+0.00E+00,+14.41E+00,-3.63E+00,-11.16E+00,-1.854E+00
2,09/2/2026,14:58:41.641,-0.09E+00,-0.05E+00,+0.05E+00,+0.00E+00,+14.48E+00,-3.86E+00,-10.99E+00,-1.969E+00
2,09/2/2026,14:58:41.641,-0.14E+00,-0.05E+00,+0.05E+00,+0.00E+00,+14.54E+00,-4.10E+00,-10.82E+00,-2.091E+00
2,09/2/2026,14:58:41.641,-0.14E+00,-0.05E+00,+0.05E+00,-0.05E+00,+14.60E+00,-4.33E+00,-10.64E+00,-2.205E+00
2,09/2/2026,14:58:41.641,-0.14E+00,-0.05E+00,+0.09E+00,+0.00E+00,+14.65E+00,-4.56E+00,-10.44E+00,-2.320E+00
2,09/2/2026,14:58:41.641,-0.14E+00,-0.05E+00,+0.05E+00,+0.00E+00,+14.68E+00,-4.81E+00,-10.27E+00,-2.434E+00
2,09/2/2026,14:58:41.641,-0.09E+00,-0.05E+00,+0.05E+00,+0.00E+00,+14.73E+00,-5.04E+00,-10.09E+00,-2.548E+00
2,09/2/2026,14:58:41.641,-0.09E+00,-0.05E+00,+0.05E+00,+0.00E+00,+14.77E+00,-5.26E+00,-9.89E+00,-2.655E+00
2,09/2/2026,14:58:41.641,-0.14E+00,-0.05E+00,+0.05E+00,+0.00E+00,+14.80E+00,-5.48E+00,-9.69E+00,-2.770E+00
2,09/2/2026,14:58:41.641,-0.09E+00,-0.05E+00,+0.05E+00,-0.05E+00,+14.83E+00,-5.71E+00,-9.51E+00,-2.877E+00
2,09/2/2026,14:58:41.641,-0.09E+00,-0.05E+00,+0.05E+00,-0.05E+00,+14.86E+00,-5.92E+00,-9.32E+00,-2.983E+00
2,09/2/2026,14:58:41.641,-0.09E+00,-0.05E+00,+0.05E+00,+0.00E+00,+14.89E+00,-6.13E+00,-9.13E+00,-3.098E+00
2,09/2/2026,14:58:41.641,-0.09E+00,-0.05E+00,+0.05E+00,+0.00E+00,+14.92E+00,-6.35E+00,-8.94E+00,-3.197E+00
2,09/2/2026,14:58:41.641,-0.09E+00,-0.05E+00,+0.05E+00,+0.00E+00,+14.94E+00,-6.56E+00,-8.76E+00,-3.304E+00
2,09/2/2026,14:58:41.642,-0.09E+00,-0.05E+00,+0.05E+00,+0.00E+00,+14.97E+00,-6.78E+00,-8.58E+00,-3.411E+00
2,09/2/2026,14:58:41.642,-0.09E+00,-0.05E+00,+0.05E+00,+0.00E+00,+14.99E+00,-6.99E+00,-8.39E+00,-3.510E+00
2,09/2/2026,14:58:41.642,-0.09E+00,-0.05E+00,+0.05E+00,+0.00E+00,+15.02E+00,-7.19E+00,-8.21E+00,-3.609E+00
2,09/2/2026,14:58:41.642,-0.09E+00,-0.05E+00,+0.05E+00,+0.00E+00,+15.03E+00,-7.40E+00,-8.01E+00,-3.716E+00
2,09/2/2026,14:58:41.642,-0.09E+00,-0.05E+00,+0.05E+00,+0.00E+00,+15.05E+00,-7.60E+00,-7.81E+00,-3.823E+00
2,09/2/2026,14:58:41.642,-0.09E+00,-0.05E+00,+0.05E+00,+0.00E+00,+15.06E+00,-7.81E+00,-7.61E+00,-3.922E+00
2,09/2/2026,14:58:41.642,-0.09E+00,-0.05E+00,+0.05E+00,+0.00E+00,+15.08E+00,-8.01E+00,-7.43E+00,-4.021E+00
2,09/2/2026,14:58:41.642,-0.09E+00,-0.05E+00,+0.05E+00,-0.05E+00,+15.08E+00,-8.23E+00,-7.23E+00,-4.120E+00
2,09/2/2026,14:58:41.642,-0.09E+00,-0.05E+00,+0.05E+00,-0.05E+00,+15.08E+00,-8.44E+00,-7.03E+00,-4.219E+00
2,09/2/2026,14:58:41.642,-0.09E+00,-0.05E+00,+0.05E+00,+0.00E+00,+15.08E+00,-8.64E+00,-6.84E+00,-4.326E+00
2,09/2/2026,14:58:41.642,-0.09E+00,-0.05E+00,+0.05E+00,+0.00E+00,+15.08E+00,-8.84E+00,-6.62E+00,-4.425E+00
2,09/2/2026,14:58:41.642,-0.09E+00,-0.05E+00,+0.05E+00,-0.05E+00,+15.08E+00,-9.05E+00,-6.42E+00,-4.525E+00
2,09/2/2026,14:58:41.642,-0.09E+00,-0.05E+00,+0.05E+00,+0.00E+00,+15.08E+00,-9.25E+00,-6.21E+00,-4.624E+00
2,09/2/2026,14:58:41.642,-0.14E+00,-0.05E+00,+0.05E+00,+0.00E+00,+15.08E+00,-9.45E+00,-6.00E+00,-4.731E+00
2,09/2/2026,14:58:41.642,-0.14E+00,-0.05E+00,+0.05E+00,-0.05E+00,+15.06E+00,-9.66E+00,-5.78E+00,-4.830E+00
2,09/2/2026,14:58:41.642,-0.09E+00,-0.05E+00,+0.05E+00,+0.00E+00,+15.06E+00,-9.86E+00,-5.57E+00,-4.929E+00
2,09/2/2026,14:58:41.642,-0.09E+00,-0.05E+00,+0.05E+00,+0.00E+00,+15.05E+00,-10.07E+00,-5.36E+00,-5.036E+00
2,09/2/2026,14:58:41.642,-0.09E+00,-0.05E+00,+0.05E+00,+0.00E+00,+15.03E+00,-10.29E+00,-5.13E+00,-5.135E+00
2,09/2/2026,14:58:41.642,-0.09E+00,-0.05E+00,+0.05E+00,-0.05E+00,+15.02E+00,-10.48E+00,-4.91E+00,-5.234E+00
2,09/2/2026,14:58:41.642,-0.14E+00,-0.05E+00,+0.05E+00,+0.00E+00,+14.99E+00,-10.68E+00,-4.68E+00,-5.333E+00
2,09/2/2026,14:58:41.643,-0.14E+00,-0.05E+00,+0.05E+00,+0.00E+00,+14.94E+00,-10.87E+00,-4.46E+00,-5.425E+00
2,09/2/2026,14:58:41.643,-0.14E+00,-0.05E+00,+0.05E+00,+0.00E+00,+14.91E+00,-11.05E+00,-4.23E+00,-5.517E+00
2,09/2/2026,14:58:41.643,-0.09E+00,-0.05E+00,+0.05E+00,+0.00E+00,+14.85E+00,-11.23E+00,-4.00E+00,-5.608E+00
2,09/2/2026,14:58:41.643,-0.09E+00,-0.05E+00,+0.05E+00,+0.00E+00,+14.80E+00,-11.41E+00,-3.77E+00,-5.692E+00
2,09/2/2026,14:58:41.643,-0.09E+00,-0.05E+00,+0.05E+00,+0.00E+00,+14.73E+00,-11.58E+00,-3.54E+00,-5.776E+00
2,09/2/2026,14:58:41.643,-0.09E+00,-0.05E+00,+0.05E+00,+0.00E+00,+14.67E+00,-11.74E+00,-3.30E+00,-5.852E+00
2,09/2/2026,14:58:41.643,-0.09E+00,-0.05E+00,+0.05E+00,+0.00E+00,+14.59E+00,-11.90E+00,-3.07E+00,-5.929E+00
2,09/2/2026,14:58:41.643,-0.14E+00,-0.05E+00,+0.05E+00,+0.00E+00,+14.50E+00,-12.06E+00,-2.82E+00,-6.005E+00
2,09/2/2026,14:58:41.643,-0.09E+00,-0.05E+00,+0.05E+00,+0.00E+00,+14.42E+00,-12.21E+00,-2.59E+00,-6.081E+00
2,09/2/2026,14:58:41.643,-0.09E+00,-0.05E+00,+0.05E+00,+0.00E+00,+14.31E+00,-12.35E+00,-2.35E+00,-6.150E+00
2,09/2/2026,14:58:41.643,-0.09E+00,-0.05E+00,+0.05E+00,+0.00E+00,+14.22E+00,-12.48E+00,-2.11E+00,-6.219E+00
2,09/2/2026,14:58:41.643,-0.09E+00,-0.05E+00,+0.05E+00,+0.00E+00,+14.12E+00,-12.62E+00,-1.86E+00,-6.287E+00
2,09/2/2026,14:58:41.643,-0.09E+00,-0.05E+00,+0.05E+00,-0.05E+00,+13.99E+00,-12.76E+00,-1.62E+00,-6.348E+00
2,09/2/2026,14:58:41.643,-0.09E+00,-0.05E+00,+0.05E+00,+0.00E+00,+13.89E+00,-12.88E+00,-1.37E+00,-6.417E+00
2,09/2/2026,14:58:41.643,-0.09E+00,-0.05E+00,+0.05E+00,+0.00E+00,+13.75E+00,-13.02E+00,-1.11E+00,-6.478E+00
2,09/2/2026,14:58:41.643,-0.09E+00,-0.05E+00,+0.05E+00,+0.00E+00,+13.63E+00,-13.14E+00,-0.87E+00,-6.539E+00
2,09/2/2026,14:58:41.643,-0.14E+00,-0.05E+00,+0.05E+00,-0.05E+00,+13.49E+00,-13.26E+00,-0.61E+00,-6.600E+00
2,09/2/2026,14:58:41.643,-0.14E+00,-0.05E+00,+0.05E+00,-0.05E+00,+13.37E+00,-13.38E+00,-0.35E+00,-6.653E+00
2,09/2/2026,14:58:41.643,-0.09E+00,-0.05E+00,+0.05E+00,-0.05E+00,+13.23E+00,-13.51E+00,-0.11E+00,-6.714E+00
2,09/2/2026,14:58:41.643,-0.09E+00,-0.05E+00,+0.05E+00,-0.05E+00,+13.09E+00,-13.61E+00,+0.15E+00,-6.768E+00
2,09/2/2026,14:58:41.644,-0.09E+00,-0.05E+00,+0.05E+00,+0.00E+00,+12.94E+00,-13.72E+00,+0.41E+00,-6.821E+00
2,09/2/2026,14:58:41.644,-0.09E+00,-0.05E+00,+0.05E+00,+0.00E+00,+12.79E+00,-13.83E+00,+0.67E+00,-6.875E+00
2,09/2/2026,14:58:41.644,-0.09E+00,-0.05E+00,+0.05E+00,-0.05E+00,+12.64E+00,-13.93E+00,+0.92E+00,-6.928E+00
2,09/2/2026,14:58:41.644,-0.14E+00,-0.05E+00,+0.05E+00,+0.00E+00,+12.48E+00,-14.02E+00,+1.18E+00,-6.974E+00
2,09/2/2026,14:58:41.644,-0.09E+00,-0.05E+00,+0.05E+00,+0.00E+00,+12.31E+00,-14.12E+00,+1.43E+00,-7.012E+00
2,09/2/2026,14:58:41.644,-0.09E+00,-0.05E+00,+0.05E+00,+0.00E+00,+12.15E+00,-14.21E+00,+1.69E+00,-7.058E+00
2,09/2/2026,14:58:41.644,-0.09E+00,-0.05E+00,+0.05E+00,-0.05E+00,+11.98E+00,-14.30E+00,+1.94E+00,-7.096E+00
2,09/2/2026,14:58:41.644,-0.09E+00,-0.05E+00,+0.05E+00,+0.00E+00,+11.81E+00,-14.38E+00,+2.20E+00,-7.134E+00
2,09/2/2026,14:58:41.644,-0.09E+00,-0.05E+00,+0.05E+00,+0.00E+00,+11.63E+00,-14.45E+00,+2.44E+00,-7.172E+00
2,09/2/2026,14:58:41.644,-0.09E+00,-0.05E+00,+0.05E+00,+0.00E+00,+11.46E+00,-14.51E+00,+2.69E+00,-7.210E+00
2,09/2/2026,14:58:41.644,-0.09E+00,-0.05E+00,+0.05E+00,+0.00E+00,+11.29E+00,-14.59E+00,+2.93E+00,-7.249E+00
2,09/2/2026,14:58:41.644,-0.09E+00,-0.05E+00,+0.05E+00,+0.00E+00,+11.12E+00,-14.67E+00,+3.17E+00,-7.279E+00
2,09/2/2026,14:58:41.644,-0.09E+00,-0.05E+00,+0.00E+00,-0.05E+00,+10.94E+00,-14.73E+00,+3.42E+00,-7.310E+00
2,09/2/2026,14:58:41.644,-0.09E+00,-0.05E+00,+0.05E+00,-0.05E+00,+10.77E+00,-14.80E+00,+3.66E+00,-7.340E+00
2,09/2/2026,14:58:41.644,-0.09E+00,-0.05E+00,+0.05E+00,+0.00E+00,+10.59E+00,-14.86E+00,+3.91E+00,-7.371E+00
2,09/2/2026,14:58:41.644,-0.14E+00,-0.05E+00,+0.05E+00,+0.00E+00,+10.41E+00,-14.92E+00,+4.14E+00,-7.394E+00
2,09/2/2026,14:58:41.644,-0.14E+00,-0.05E+00,+0.05E+00,+0.00E+00,+10.24E+00,-14.97E+00,+4.36E+00,-7.424E+00
2,09/2/2026,14:58:41.644,-0.14E+00,-0.05E+00,+0.05E+00,-0.05E+00,+10.07E+00,-15.02E+00,+4.59E+00,-7.447E+00
2,09/2/2026,14:58:41.644,-0.09E+00,-0.05E+00,+0.05E+00,+0.00E+00,+9.89E+00,-15.06E+00,+4.81E+00,-7.470E+00
2,09/2/2026,14:58:41.644,-0.09E+00,-0.05E+00,+0.05E+00,+0.00E+00,+9.71E+00,-15.11E+00,+5.04E+00,-7.485E+00
2,09/2/2026,14:58:41.645,-0.09E+00,-0.05E+00,+0.05E+00,-0.05E+00,+9.52E+00,-15.15E+00,+5.25E+00,-7.508E+00
2,09/2/2026,14:58:41.645,-0.09E+00,-0.05E+00,+0.05E+00,+0.00E+00,+9.34E+00,-15.18E+00,+5.48E+00,-7.523E+00
2,09/2/2026,14:58:41.645,-0.14E+00,-0.05E+00,+0.05E+00,+0.00E+00,+9.14E+00,-15.21E+00,+5.69E+00,-7.539E+00
2,09/2/2026,14:58:41.645,-0.14E+00,-0.05E+00,+0.05E+00,+0.00E+00,+8.97E+00,-15.24E+00,+5.91E+00,-7.554E+00
2,09/2/2026,14:58:41.645,-0.09E+00,-0.05E+00,+0.05E+00,+0.00E+00,+8.79E+00,-15.28E+00,+6.12E+00,-7.569E+00
2,09/2/2026,14:58:41.645,-0.09E+00,-0.05E+00,+0.05E+00,+0.00E+00,+8.61E+00,-15.31E+00,+6.33E+00,-7.584E+00
2,09/2/2026,14:58:41.645,-0.09E+00,-0.05E+00,+0.05E+00,-0.05E+00,+8.42E+00,-15.32E+00,+6.55E+00,-7.592E+00
2,09/2/2026,14:58:41.645,-0.14E+00,-0.05E+00,+0.05E+00,+0.00E+00,+8.24E+00,-15.37E+00,+6.76E+00,-7.600E+00
2,09/2/2026,14:58:41.645,-0.14E+00,-0.05E+00,+0.05E+00,+0.00E+00,+8.06E+00,-15.38E+00,+6.96E+00,-7.615E+00
2,09/2/2026,14:58:41.645,-0.14E+00,-0.05E+00,+0.05E+00,+0.00E+00,+7.87E+00,-15.40E+00,+7.16E+00,-7.622E+00
2,09/2/2026,14:58:41.645,-0.09E+00,-0.05E+00,+0.05E+00,-0.05E+00,+7.68E+00,-15.43E+00,+7.37E+00,-7.630E+00
2,09/2/2026,14:58:41.645,-0.09E+00,-0.05E+00,+0.05E+00,+0.00E+00,+7.49E+00,-15.44E+00,+7.58E+00,-7.638E+00
2,09/2/2026,14:58:41.645,-0.09E+00,-0.05E+00,+0.05E+00,+0.00E+00,+7.31E+00,-15.46E+00,+7.78E+00,-7.645E+00
2,09/2/2026,14:58:41.645,-0.09E+00,-0.05E+00,+0.05E+00,+0.00E+00,+7.11E+00,-15.47E+00,+8.00E+00,-7.653E+00
2,09/2/2026,14:58:41.645,-0.14E+00,-0.05E+00,+0.05E+00,-0.05E+00,+6.91E+00,-15.49E+00,+8.19E+00,-7.653E+00
2,09/2/2026,14:58:41.645,-0.14E+00,-0.05E+00,+0.05E+00,-0.05E+00,+6.71E+00,-15.49E+00,+8.41E+00,-7.661E+00
2,09/2/2026,14:58:41.645,-0.09E+00,-0.05E+00,+0.05E+00,+0.00E+00,+6.52E+00,-15.49E+00,+8.61E+00,-7.661E+00
2,09/2/2026,14:58:41.645,-0.09E+00,-0.05E+00,+0.05E+00,-0.05E+00,+6.33E+00,-15.49E+00,+8.81E+00,-7.661E+00
2,09/2/2026,14:58:41.645,-0.09E+00,-0.05E+00,+0.05E+00,+0.00E+00,+6.12E+00,-15.50E+00,+9.02E+00,-7.661E+00
2,09/2/2026,14:58:41.645,-0.14E+00,-0.05E+00,+0.05E+00,+0.00E+00,+5.91E+00,-15.50E+00,+9.22E+00,-7.661E+00
2,09/2/2026,14:58:41.646,-0.14E+00,-0.05E+00,+0.05E+00,-0.05E+00,+5.71E+00,-15.49E+00,+9.43E+00,-7.653E+00
2,09/2/2026,14:58:41.646,-0.09E+00,-0.05E+00,+0.05E+00,-0.05E+00,+5.49E+00,-15.49E+00,+9.63E+00,-7.653E+00
2,09/2/2026,14:58:41.646,-0.09E+00,-0.05E+00,+0.05E+00,+0.00E+00,+5.28E+00,-15.49E+00,+9.84E+00,-7.645E+00
2,09/2/2026,14:58:41.646,-0.09E+00,-0.05E+00,+0.05E+00,+0.00E+00,+5.07E+00,-15.47E+00,+10.04E+00,-7.645E+00
2,09/2/2026,14:58:41.646,-0.09E+00,-0.05E+00,+0.05E+00,+0.00E+00,+4.85E+00,-15.46E+00,+10.24E+00,-7.630E+00
2,09/2/2026,14:58:41.646,-0.09E+00,-0.05E+00,+0.05E+00,-0.05E+00,+4.64E+00,-15.44E+00,+10.44E+00,-7.622E+00
2,09/2/2026,14:58:41.646,-0.09E+00,-0.05E+00,+0.00E+00,-0.05E+00,+4.43E+00,-15.41E+00,+10.64E+00,-7.607E+00
2,09/2/2026,14:58:41.646,-0.09E+00,-0.05E+00,+0.05E+00,+0.00E+00,+4.20E+00,-15.40E+00,+10.83E+00,-7.592E+00
2,09/2/2026,14:58:41.646,-0.09E+00,-0.05E+00,+0.05E+00,-0.05E+00,+3.98E+00,-15.35E+00,+11.00E+00,-7.569E+00
2,09/2/2026,14:58:41.646,-0.09E+00,-0.05E+00,+0.05E+00,+0.00E+00,+3.75E+00,-15.29E+00,+11.17E+00,-7.546E+00
2,09/2/2026,14:58:41.646,-0.09E+00,-0.05E+00,+0.05E+00,+0.00E+00,+3.53E+00,-15.23E+00,+11.34E+00,-7.508E+00
2,09/2/2026,14:58:41.646,-0.09E+00,-0.05E+00,+0.05E+00,+0.00E+00,+3.30E+00,-15.15E+00,+11.49E+00,-7.470E+00
2,09/2/2026,14:58:41.646,-0.14E+00,-0.05E+00,+0.05E+00,+0.00E+00,+3.05E+00,-15.06E+00,+11.64E+00,-7.432E+00
2,09/2/2026,14:58:41.646,-0.14E+00,-0.05E+00,+0.05E+00,+0.00E+00,+2.81E+00,-14.97E+00,+11.80E+00,-7.378E+00
2,09/2/2026,14:58:41.646,-0.14E+00,-0.05E+00,+0.05E+00,-0.05E+00,+2.58E+00,-14.88E+00,+11.93E+00,-7.333E+00
2,09/2/2026,14:58:41.646,-0.09E+00,-0.05E+00,+0.05E+00,-0.05E+00,+2.33E+00,-14.77E+00,+12.07E+00,-7.279E+00
2,09/2/2026,14:58:41.646,-0.09E+00,-0.05E+00,+0.05E+00,+0.00E+00,+2.11E+00,-14.67E+00,+12.21E+00,-7.226E+00
2,09/2/2026,14:58:41.646,-0.09E+00,-0.05E+00,+0.05E+00,+0.00E+00,+1.86E+00,-14.56E+00,+12.35E+00,-7.172E+00
2,09/2/2026,14:58:41.646,-0.09E+00,-0.05E+00,+0.05E+00,+0.00E+00,+1.60E+00,-14.45E+00,+12.47E+00,-7.119E+00
2,09/2/2026,14:58:41.646,-0.09E+00,-0.05E+00,+0.05E+00,+0.00E+00,+1.36E+00,-14.33E+00,+12.60E+00,-7.050E+00
2,09/2/2026,14:58:41.647,-0.09E+00,-0.05E+00,+0.05E+00,+0.00E+00,+1.10E+00,-14.21E+00,+12.74E+00,-6.989E+00
2,09/2/2026,14:58:41.647,-0.09E+00,-0.05E+00,+0.05E+00,-0.05E+00,+0.85E+00,-14.09E+00,+12.85E+00,-6.928E+00
2,09/2/2026,14:58:41.647,-0.09E+00,-0.05E+00,+0.05E+00,+0.00E+00,+0.60E+00,-13.95E+00,+12.97E+00,-6.859E+00
2,09/2/2026,14:58:41.647,-0.14E+00,-0.05E+00,+0.05E+00,+0.00E+00,+0.35E+00,-13.81E+00,+13.08E+00,-6.791E+00
2,09/2/2026,14:58:41.647,-0.14E+00,-0.05E+00,+0.05E+00,-0.05E+00,+0.11E+00,-13.66E+00,+13.20E+00,-6.714E+00
2,09/2/2026,14:58:41.647,-0.14E+00,-0.05E+00,+0.05E+00,+0.00E+00,-0.15E+00,-13.52E+00,+13.31E+00,-6.646E+00
2,09/2/2026,14:58:41.647,-0.14E+00,-0.05E+00,+0.05E+00,+0.00E+00,-0.41E+00,-13.38E+00,+13.41E+00,-6.570E+00
2,09/2/2026,14:58:41.647,-0.09E+00,-0.05E+00,+0.05E+00,+0.00E+00,-0.66E+00,-13.23E+00,+13.52E+00,-6.501E+00
2,09/2/2026,14:58:41.647,-0.09E+00,-0.05E+00,+0.05E+00,+0.00E+00,-0.92E+00,-13.08E+00,+13.63E+00,-6.425E+00
2,09/2/2026,14:58:41.647,-0.09E+00,-0.05E+00,+0.05E+00,+0.00E+00,-1.18E+00,-12.93E+00,+13.73E+00,-6.341E+00
2,09/2/2026,14:58:41.647,-0.14E+00,-0.05E+00,+0.05E+00,+0.00E+00,-1.43E+00,-12.77E+00,+13.83E+00,-6.264E+00
2,09/2/2026,14:58:41.647,-0.14E+00,-0.05E+00,+0.05E+00,+0.00E+00,-1.68E+00,-12.60E+00,+13.92E+00,-6.180E+00
2,09/2/2026,14:58:41.647,-0.09E+00,-0.05E+00,+0.05E+00,+0.00E+00,-1.94E+00,-12.44E+00,+13.99E+00,-6.096E+00
2,09/2/2026,14:58:41.647,-0.09E+00,-0.05E+00,+0.05E+00,+0.00E+00,-2.20E+00,-12.27E+00,+14.09E+00,-6.013E+00
2,09/2/2026,14:58:41.647,-0.09E+00,-0.05E+00,+0.05E+00,+0.00E+00,-2.44E+00,-12.10E+00,+14.16E+00,-5.929E+00
2,09/2/2026,14:58:41.647,-0.14E+00,-0.05E+00,+0.05E+00,+0.00E+00,-2.69E+00,-11.93E+00,+14.24E+00,-5.845E+00
2,09/2/2026,14:58:41.647,-0.09E+00,-0.05E+00,+0.05E+00,-0.05E+00,-2.93E+00,-11.75E+00,+14.31E+00,-5.761E+00
2,09/2/2026,14:58:41.647,-0.09E+00,-0.05E+00,+0.05E+00,-0.05E+00,-3.17E+00,-11.58E+00,+14.38E+00,-5.669E+00
2,09/2/2026,14:58:41.647,-0.14E+00,-0.05E+00,+0.05E+00,+0.00E+00,-3.40E+00,-11.41E+00,+14.45E+00,-5.585E+00
2,09/2/2026,14:58:41.647,-0.09E+00,-0.05E+00,+0.05E+00,+0.00E+00,-3.65E+00,-11.23E+00,+14.51E+00,-5.494E+00
2,09/2/2026,14:58:41.648,-0.09E+00,-0.05E+00,+0.05E+00,+0.00E+00,-3.88E+00,-11.06E+00,+14.56E+00,-5.402E+00
2,09/2/2026,14:58:41.648,-0.14E+00,-0.05E+00,+0.05E+00,+0.00E+00,-4.12E+00,-10.88E+00,+14.60E+00,-5.318E+00
2,09/2/2026,14:58:41.648,-0.14E+00,-0.05E+00,+0.05E+00,-0.05E+00,-4.33E+00,-10.70E+00,+14.67E+00,-5.227E+00
2,09/2/2026,14:58:41.648,-0.14E+00,-0.05E+00,+0.05E+00,-0.05E+00,-4.56E+00,-10.53E+00,+14.71E+00,-5.135E+00
2,09/2/2026,14:58:41.648,-0.09E+00,-0.05E+00,+0.05E+00,+0.00E+00,-4.78E+00,-10.35E+00,+14.74E+00,-5.051E+00
2,09/2/2026,14:58:41.648,-0.09E+00,-0.05E+00,+0.05E+00,+0.00E+00,-5.01E+00,-10.16E+00,+14.79E+00,-4.960E+00
2,09/2/2026,14:58:41.648,-0.09E+00,-0.05E+00,+0.05E+00,+0.00E+00,-5.22E+00,-9.98E+00,+14.83E+00,-4.868E+00
2,09/2/2026,14:58:41.648,-0.14E+00,-0.05E+00,+0.05E+00,+0.00E+00,-5.45E+00,-9.80E+00,+14.86E+00,-4.776E+00
2,09/2/2026,14:58:41.648,-0.14E+00,-0.05E+00,+0.05E+00,-0.05E+00,-5.65E+00,-9.61E+00,+14.89E+00,-4.677E+00
2,09/2/2026,14:58:41.648,-0.14E+00,-0.05E+00,+0.05E+00,+0.00E+00,-5.86E+00,-9.43E+00,+14.92E+00,-4.586E+00
2,09/2/2026,14:58:41.648,-0.09E+00,-0.05E+00,+0.05E+00,+0.00E+00,-6.09E+00,-9.25E+00,+14.95E+00,-4.494E+00
2,09/2/2026,14:58:41.648,-0.09E+00,-0.05E+00,+0.05E+00,-0.05E+00,-6.30E+00,-9.05E+00,+14.97E+00,-4.403E+00
2,09/2/2026,14:58:41.648,-0.09E+00,-0.05E+00,+0.00E+00,+0.00E+00,-6.52E+00,-8.87E+00,+15.00E+00,-4.303E+00
2,09/2/2026,14:58:41.648,-0.14E+00,-0.05E+00,+0.05E+00,+0.00E+00,-6.71E+00,-8.67E+00,+15.02E+00,-4.212E+00
2,09/2/2026,14:58:41.648,-0.14E+00,-0.05E+00,+0.05E+00,-0.05E+00,-6.93E+00,-8.48E+00,+15.03E+00,-4.120E+00
2,09/2/2026,14:58:41.648,-0.14E+00,-0.05E+00,+0.05E+00,+0.00E+00,-7.13E+00,-8.30E+00,+15.05E+00,-4.021E+00
2,09/2/2026,14:58:41.648,-0.09E+00,-0.05E+00,+0.05E+00,+0.00E+00,-7.36E+00,-8.10E+00,+15.06E+00,-3.922E+00
2,09/2/2026,14:58:41.648,-0.09E+00,-0.05E+00,+0.00E+00,-0.05E+00,-7.55E+00,-7.90E+00,+15.08E+00,-3.830E+00
2,09/2/2026,14:58:41.648,-0.14E+00,-0.05E+00,+0.05E+00,+0.00E+00,-7.75E+00,-7.71E+00,+15.09E+00,-3.731E+00
2,09/2/2026,14:58:41.648,-0.14E+00,-0.05E+00,+0.05E+00,-0.05E+00,-7.95E+00,-7.51E+00,+15.11E+00,-3.632E+00
2,09/2/2026,14:58:41.649,-0.09E+00,-0.05E+00,+0.05E+00,-0.05E+00,-8.16E+00,-7.31E+00,+15.11E+00,-3.533E+00
2,09/2/2026,14:58:41.649,-0.09E+00,-0.05E+00,+0.05E+00,+0.00E+00,-8.36E+00,-7.11E+00,+15.11E+00,-3.434E+00
2,09/2/2026,14:58:41.649,-0.09E+00,-0.05E+00,+0.05E+00,-0.05E+00,-8.58E+00,-6.93E+00,+15.11E+00,-3.334E+00
2,09/2/2026,14:58:41.649,-0.09E+00,-0.05E+00,+0.05E+00,-0.05E+00,-8.77E+00,-6.71E+00,+15.12E+00,-3.235E+00
2,09/2/2026,14:58:41.649,-0.09E+00,-0.05E+00,+0.05E+00,+0.00E+00,-8.99E+00,-6.52E+00,+15.11E+00,-3.136E+00
2,09/2/2026,14:58:41.649,-0.09E+00,-0.05E+00,+0.05E+00,+0.00E+00,-9.20E+00,-6.30E+00,+15.12E+00,-3.029E+00
2,09/2/2026,14:58:41.649,-0.14E+00,-0.05E+00,+0.05E+00,-0.05E+00,-9.40E+00,-6.09E+00,+15.12E+00,-2.922E+00
2,09/2/2026,14:58:41.649,-0.14E+00,-0.05E+00,+0.05E+00,-0.05E+00,-9.61E+00,-5.88E+00,+15.11E+00,-2.808E+00
2,09/2/2026,14:58:41.649,-0.09E+00,-0.05E+00,+0.05E+00,+0.00E+00,-9.83E+00,-5.65E+00,+15.11E+00,-2.701E+00
2,09/2/2026,14:58:41.649,-0.09E+00,-0.05E+00,+0.00E+00,+0.00E+00,-10.04E+00,-5.43E+00,+15.09E+00,-2.594E+00
2,09/2/2026,14:58:41.649,-0.09E+00,-0.05E+00,+0.05E+00,+0.00E+00,-10.24E+00,-5.22E+00,+15.09E+00,-2.487E+00
2,09/2/2026,14:58:41.649,-0.14E+00,-0.05E+00,+0.05E+00,-0.05E+00,-10.45E+00,-4.99E+00,+15.08E+00,-2.373E+00
2,09/2/2026,14:58:41.649,-0.14E+00,-0.05E+00,+0.05E+00,+0.00E+00,-10.65E+00,-4.78E+00,+15.06E+00,-2.274E+00
2,09/2/2026,14:58:41.649,-0.09E+00,-0.05E+00,+0.05E+00,+0.00E+00,-10.83E+00,-4.58E+00,+15.05E+00,-2.167E+00
2,09/2/2026,14:58:41.649,-0.09E+00,-0.05E+00,+0.05E+00,+0.00E+00,-11.02E+00,-4.36E+00,+15.02E+00,-2.060E+00
2,09/2/2026,14:58:41.649,-0.09E+00,-0.05E+00,+0.05E+00,-0.05E+00,-11.20E+00,-4.15E+00,+14.99E+00,-1.953E+00
2,09/2/2026,14:58:41.649,-0.09E+00,-0.05E+00,+0.05E+00,+0.00E+00,-11.38E+00,-3.94E+00,+14.95E+00,-1.846E+00
2,09/2/2026,14:58:41.649,-0.09E+00,-0.05E+00,+0.05E+00,+0.00E+00,-11.57E+00,-3.71E+00,+14.89E+00,-1.732E+00
2,09/2/2026,14:58:41.649,-0.14E+00,-0.05E+00,+0.05E+00,-0.05E+00,-11.72E+00,-3.48E+00,+14.85E+00,-1.625E+00
2,09/2/2026,14:58:41.649,-0.09E+00,-0.05E+00,+0.05E+00,+0.00E+00,-11.89E+00,-3.24E+00,+14.77E+00,-1.503E+00
2,09/2/2026,14:58:41.650,-0.09E+00,-0.05E+00,+0.05E+00,+0.00E+00,-12.06E+00,-2.99E+00,+14.68E+00,-1.381E+00
2,09/2/2026,14:58:41.650,-0.09E+00,-0.05E+00,+0.05E+00,-0.05E+00,-12.21E+00,-2.75E+00,+14.59E+00,-1.259E+00
2,09/2/2026,14:58:41.650,-0.09E+00,-0.05E+00,+0.05E+00,+0.00E+00,-12.35E+00,-2.50E+00,+14.47E+00,-1.129E+00
2,09/2/2026,14:58:41.650,-0.09E+00,-0.05E+00,+0.05E+00,-0.05E+00,-12.47E+00,-2.24E+00,+14.34E+00,-1.007E+00
2,09/2/2026,14:58:41.650,-0.14E+00,-0.05E+00,+0.00E+00,-0.05E+00,-12.60E+00,-1.98E+00,+14.22E+00,-0.877E+00
2,09/2/2026,14:58:41.650,-0.09E+00,-0.05E+00,+0.00E+00,+0.00E+00,-12.73E+00,-1.74E+00,+14.09E+00,-0.755E+00
2,09/2/2026,14:58:41.650,-0.09E+00,-0.05E+00,+0.05E+00,-0.05E+00,-12.83E+00,-1.50E+00,+13.96E+00,-0.633E+00
2,09/2/2026,14:58:41.650,-0.09E+00,-0.05E+00,+0.05E+00,-0.05E+00,-12.96E+00,-1.25E+00,+13.84E+00,-0.511E+00
2,09/2/2026,14:58:41.650,-0.09E+00,-0.05E+00,+0.00E+00,+0.00E+00,-13.08E+00,-1.01E+00,+13.72E+00,-0.389E+00
2,09/2/2026,14:58:41.650,-0.09E+00,-0.05E+00,+0.05E+00,+0.00E+00,-13.20E+00,-0.76E+00,+13.60E+00,-0.275E+00
2,09/2/2026,14:58:41.650,-0.14E+00,-0.05E+00,+0.05E+00,+0.00E+00,-13.31E+00,-0.52E+00,+13.47E+00,-0.153E+00
2,09/2/2026,14:58:41.650,-0.09E+00,-0.05E+00,+0.05E+00,+0.00E+00,-13.43E+00,-0.29E+00,+13.35E+00,-0.031E+00
2,09/2/2026,14:58:41.650,-0.09E+00,-0.05E+00,+0.00E+00,+0.00E+00,-13.54E+00,-0.05E+00,+13.22E+00,+0.092E+00
2,09/2/2026,14:58:41.650,-0.09E+00,-0.05E+00,+0.05E+00,+0.00E+00,-13.64E+00,+0.21E+00,+13.06E+00,+0.214E+00
2,09/2/2026,14:58:41.650,-0.09E+00,-0.05E+00,+0.05E+00,+0.00E+00,-13.73E+00,+0.46E+00,+12.91E+00,+0.336E+00
2,09/2/2026,14:58:41.650,-0.14E+00,-0.05E+00,+0.05E+00,-0.05E+00,-13.83E+00,+0.70E+00,+12.76E+00,+0.465E+00
2,09/2/2026,14:58:41.650,-0.14E+00,-0.05E+00,+0.05E+00,-0.05E+00,-13.92E+00,+0.96E+00,+12.59E+00,+0.588E+00
2,09/2/2026,14:58:41.650,-0.09E+00,-0.05E+00,+0.05E+00,+0.00E+00,-13.99E+00,+1.24E+00,+12.41E+00,+0.717E+00
2,09/2/2026,14:58:41.650,-0.14E+00,-0.05E+00,+0.05E+00,+0.00E+00,-14.09E+00,+1.48E+00,+12.24E+00,+0.847E+00
2,09/2/2026,14:58:41.650,-0.09E+00,-0.05E+00,+0.05E+00,-0.05E+00,-14.16E+00,+1.74E+00,+12.06E+00,+0.977E+00
2,09/2/2026,14:58:41.651,-0.09E+00,-0.05E+00,+0.05E+00,-0.05E+00,-14.24E+00,+2.00E+00,+11.87E+00,+1.099E+00
2,09/2/2026,14:58:41.651,-0.14E+00,-0.05E+00,+0.05E+00,-0.05E+00,-14.33E+00,+2.26E+00,+11.70E+00,+1.228E+00
2,09/2/2026,14:58:41.651,-0.09E+00,-0.09E+00,+0.05E+00,-0.05E+00,-14.41E+00,+2.50E+00,+11.52E+00,+1.351E+00
2,09/2/2026,14:58:41.651,-0.09E+00,-0.05E+00,+0.05E+00,+0.00E+00,-14.47E+00,+2.75E+00,+11.35E+00,+1.473E+00
2,09/2/2026,14:58:41.651,-0.09E+00,-0.05E+00,+0.05E+00,+0.00E+00,-14.54E+00,+3.01E+00,+11.19E+00,+1.595E+00
2,09/2/2026,14:58:41.651,-0.09E+00,-0.05E+00,+0.05E+00,+0.00E+00,-14.60E+00,+3.24E+00,+11.00E+00,+1.717E+00
2,09/2/2026,14:58:41.651,-0.09E+00,-0.05E+00,+0.05E+00,+0.00E+00,-14.68E+00,+3.48E+00,+10.83E+00,+1.831E+00
2,09/2/2026,14:58:41.651,-0.14E+00,-0.05E+00,+0.05E+00,-0.05E+00,-14.73E+00,+3.72E+00,+10.65E+00,+1.953E+00
2,09/2/2026,14:58:41.651,-0.14E+00,-0.05E+00,+0.05E+00,+0.00E+00,-14.79E+00,+3.95E+00,+10.47E+00,+2.068E+00
2,09/2/2026,14:58:41.651,-0.14E+00,-0.05E+00,+0.05E+00,+0.00E+00,-14.85E+00,+4.20E+00,+10.29E+00,+2.190E+00
2,09/2/2026,14:58:41.651,-0.09E+00,-0.05E+00,+0.05E+00,-0.05E+00,-14.89E+00,+4.43E+00,+10.10E+00,+2.304E+00
2,09/2/2026,14:58:41.651,-0.09E+00,-0.05E+00,+0.05E+00,+0.00E+00,-14.94E+00,+4.65E+00,+9.92E+00,+2.419E+00
2,09/2/2026,14:58:41.651,-0.09E+00,-0.05E+00,+0.05E+00,+0.00E+00,-14.99E+00,+4.88E+00,+9.74E+00,+2.526E+00
2,09/2/2026,14:58:41.651,-0.14E+00,-0.05E+00,+0.05E+00,-0.05E+00,-15.02E+00,+5.11E+00,+9.54E+00,+2.640E+00
2,09/2/2026,14:58:41.651,-0.09E+00,-0.05E+00,+0.05E+00,-0.05E+00,-15.05E+00,+5.33E+00,+9.35E+00,+2.747E+00
2,09/2/2026,14:58:41.651,-0.09E+00,-0.05E+00,+0.05E+00,+0.00E+00,-15.08E+00,+5.54E+00,+9.17E+00,+2.854E+00
2,09/2/2026,14:58:41.651,-0.09E+00,-0.05E+00,+0.05E+00,+0.00E+00,-15.11E+00,+5.75E+00,+8.99E+00,+2.960E+00
2,09/2/2026,14:58:41.651,-0.09E+00,-0.05E+00,+0.05E+00,+0.00E+00,-15.14E+00,+5.97E+00,+8.79E+00,+3.067E+00
2,09/2/2026,14:58:41.651,-0.09E+00,-0.05E+00,+0.05E+00,+0.00E+00,-15.15E+00,+6.20E+00,+8.61E+00,+3.174E+00
2,09/2/2026,14:58:41.651,-0.14E+00,-0.05E+00,+0.05E+00,+0.00E+00,-15.18E+00,+6.39E+00,+8.41E+00,+3.281E+00
2,09/2/2026,14:58:41.652,-0.14E+00,-0.05E+00,+0.05E+00,+0.00E+00,-15.21E+00,+6.61E+00,+8.23E+00,+3.388E+00
2,09/2/2026,14:58:41.652,-0.14E+00,-0.05E+00,+0.05E+00,-0.05E+00,-15.23E+00,+6.82E+00,+8.04E+00,+3.487E+00
2,09/2/2026,14:58:41.652,-0.09E+00,-0.05E+00,+0.05E+00,+0.00E+00,-15.24E+00,+7.02E+00,+7.84E+00,+3.586E+00
2,09/2/2026,14:58:41.652,-0.09E+00,-0.05E+00,+0.05E+00,+0.00E+00,-15.26E+00,+7.23E+00,+7.66E+00,+3.693E+00
2,09/2/2026,14:58:41.652,-0.09E+00,-0.05E+00,+0.05E+00,+0.00E+00,-15.28E+00,+7.45E+00,+7.46E+00,+3.792E+00
2,09/2/2026,14:58:41.652,-0.14E+00,-0.05E+00,+0.05E+00,-0.05E+00,-15.29E+00,+7.65E+00,+7.26E+00,+3.891E+00
2,09/2/2026,14:58:41.652,-0.14E+00,-0.05E+00,+0.05E+00,+0.00E+00,-15.29E+00,+7.84E+00,+7.08E+00,+3.991E+00
2,09/2/2026,14:58:41.652,-0.09E+00,-0.05E+00,+0.05E+00,+0.00E+00,-15.31E+00,+8.04E+00,+6.88E+00,+4.097E+00
2,09/2/2026,14:58:41.652,-0.09E+00,-0.05E+00,+0.05E+00,+0.00E+00,-15.32E+00,+8.26E+00,+6.68E+00,+4.197E+00
2,09/2/2026,14:58:41.652,-0.09E+00,-0.05E+00,+0.05E+00,+0.00E+00,-15.32E+00,+8.45E+00,+6.49E+00,+4.296E+00
2,09/2/2026,14:58:41.652,-0.09E+00,-0.05E+00,+0.05E+00,+0.00E+00,-15.32E+00,+8.65E+00,+6.29E+00,+4.395E+00
2,09/2/2026,14:58:41.652,-0.14E+00,-0.05E+00,+0.05E+00,-0.05E+00,-15.31E+00,+8.87E+00,+6.09E+00,+4.494E+00
2,09/2/2026,14:58:41.652,-0.14E+00,-0.05E+00,+0.00E+00,-0.05E+00,-15.31E+00,+9.08E+00,+5.88E+00,+4.593E+00
2,09/2/2026,14:58:41.652,-0.14E+00,-0.05E+00,+0.05E+00,+0.00E+00,-15.31E+00,+9.28E+00,+5.66E+00,+4.700E+00
2,09/2/2026,14:58:41.652,-0.09E+00,-0.05E+00,+0.05E+00,-0.05E+00,-15.29E+00,+9.48E+00,+5.45E+00,+4.799E+00
2,09/2/2026,14:58:41.652,-0.09E+00,-0.05E+00,+0.05E+00,-0.05E+00,-15.29E+00,+9.69E+00,+5.23E+00,+4.906E+00
2,09/2/2026,14:58:41.652,-0.14E+00,-0.05E+00,+0.05E+00,-0.05E+00,-15.28E+00,+9.90E+00,+5.01E+00,+5.005E+00
2,09/2/2026,14:58:41.652,-0.14E+00,-0.05E+00,+0.05E+00,+0.00E+00,-15.26E+00,+10.10E+00,+4.78E+00,+5.105E+00
2,09/2/2026,14:58:41.652,-0.09E+00,-0.05E+00,+0.05E+00,-0.05E+00,-15.24E+00,+10.32E+00,+4.55E+00,+5.211E+00
2,09/2/2026,14:58:41.652,-0.09E+00,-0.05E+00,+0.05E+00,+0.00E+00,-15.21E+00,+10.51E+00,+4.33E+00,+5.311E+00
2,09/2/2026,14:58:41.653,-0.09E+00,-0.05E+00,+0.05E+00,+0.00E+00,-15.18E+00,+10.71E+00,+4.10E+00,+5.402E+00
2,09/2/2026,14:58:41.653,-0.09E+00,-0.05E+00,+0.05E+00,+0.00E+00,-15.14E+00,+10.88E+00,+3.89E+00,+5.494E+00
2,09/2/2026,14:58:41.653,-0.14E+00,-0.05E+00,+0.05E+00,+0.00E+00,-15.09E+00,+11.06E+00,+3.66E+00,+5.578E+00
2,09/2/2026,14:58:41.653,-0.09E+00,-0.05E+00,+0.05E+00,+0.00E+00,-15.03E+00,+11.23E+00,+3.43E+00,+5.662E+00
2,09/2/2026,14:58:41.653,-0.09E+00,-0.05E+00,+0.05E+00,-0.05E+00,-14.97E+00,+11.40E+00,+3.20E+00,+5.745E+00
2,09/2/2026,14:58:41.653,-0.09E+00,-0.05E+00,+0.05E+00,-0.05E+00,-14.89E+00,+11.55E+00,+2.98E+00,+5.822E+00
2,09/2/2026,14:58:41.653,-0.09E+00,-0.05E+00,+0.05E+00,-0.05E+00,-14.82E+00,+11.72E+00,+2.73E+00,+5.898E+00
2,09/2/2026,14:58:41.653,-0.09E+00,-0.05E+00,+0.05E+00,+0.00E+00,-14.74E+00,+11.87E+00,+2.49E+00,+5.974E+00
2,09/2/2026,14:58:41.653,-0.14E+00,-0.05E+00,+0.05E+00,+0.00E+00,-14.65E+00,+12.03E+00,+2.26E+00,+6.051E+00
2,09/2/2026,14:58:41.653,-0.09E+00,-0.05E+00,+0.05E+00,+0.00E+00,-14.56E+00,+12.16E+00,+2.01E+00,+6.119E+00
2,09/2/2026,14:58:41.653,-0.09E+00,-0.05E+00,+0.05E+00,-0.05E+00,-14.45E+00,+12.31E+00,+1.77E+00,+6.188E+00
2,09/2/2026,14:58:41.653,-0.09E+00,-0.05E+00,+0.05E+00,+0.00E+00,-14.34E+00,+12.45E+00,+1.53E+00,+6.257E+00
2,09/2/2026,14:58:41.653,-0.09E+00,-0.05E+00,+0.05E+00,+0.00E+00,-14.22E+00,+12.59E+00,+1.27E+00,+6.325E+00
2,09/2/2026,14:58:41.653,-0.09E+00,-0.05E+00,+0.05E+00,+0.00E+00,-14.12E+00,+12.73E+00,+1.02E+00,+6.386E+00
2,09/2/2026,14:58:41.653,-0.14E+00,-0.05E+00,+0.05E+00,+0.00E+00,-13.98E+00,+12.85E+00,+0.76E+00,+6.455E+00
2,09/2/2026,14:58:41.653,-0.14E+00,-0.05E+00,+0.05E+00,+0.00E+00,-13.86E+00,+12.97E+00,+0.50E+00,+6.516E+00
2,09/2/2026,14:58:41.653,-0.09E+00,-0.05E+00,+0.05E+00,-0.05E+00,-13.73E+00,+13.09E+00,+0.26E+00,+6.577E+00
2,09/2/2026,14:58:41.653,-0.09E+00,-0.05E+00,+0.05E+00,+0.00E+00,-13.60E+00,+13.22E+00,+0.02E+00,+6.631E+00
2,09/2/2026,14:58:41.653,-0.09E+00,-0.05E+00,+0.05E+00,+0.00E+00,-13.46E+00,+13.34E+00,-0.24E+00,+6.684E+00
2,09/2/2026,14:58:41.653,-0.09E+00,-0.05E+00,+0.05E+00,+0.00E+00,-13.32E+00,+13.44E+00,-0.49E+00,+6.737E+00
2,09/2/2026,14:58:41.654,-0.14E+00,-0.05E+00,+0.05E+00,+0.00E+00,-13.17E+00,+13.55E+00,-0.75E+00,+6.791E+00
2,09/2/2026,14:58:41.654,-0.14E+00,-0.05E+00,+0.05E+00,-0.05E+00,-13.02E+00,+13.66E+00,-1.01E+00,+6.844E+00
2,09/2/2026,14:58:41.654,-0.14E+00,-0.05E+00,+0.05E+00,-0.05E+00,-12.85E+00,+13.75E+00,-1.27E+00,+6.890E+00
2,09/2/2026,14:58:41.654,-0.14E+00,-0.05E+00,+0.05E+00,-0.05E+00,-12.70E+00,+13.84E+00,-1.51E+00,+6.936E+00
2,09/2/2026,14:58:41.654,-0.09E+00,-0.05E+00,+0.05E+00,+0.00E+00,-12.54E+00,+13.93E+00,-1.77E+00,+6.982E+00
2,09/2/2026,14:58:41.654,-0.09E+00,-0.05E+00,+0.05E+00,+0.00E+00,-12.36E+00,+14.02E+00,-2.03E+00,+7.027E+00
2,09/2/2026,14:58:41.654,-0.14E+00,-0.05E+00,+0.05E+00,+0.00E+00,-12.21E+00,+14.12E+00,-2.29E+00,+7.065E+00
2,09/2/2026,14:58:41.654,-0.14E+00,-0.05E+00,+0.05E+00,-0.05E+00,-12.04E+00,+14.19E+00,-2.53E+00,+7.111E+00
2,09/2/2026,14:58:41.654,-0.14E+00,-0.05E+00,+0.05E+00,+0.00E+00,-11.86E+00,+14.28E+00,-2.79E+00,+7.149E+00
2,09/2/2026,14:58:41.654,-0.09E+00,-0.05E+00,+0.05E+00,+0.00E+00,-11.69E+00,+14.34E+00,-3.04E+00,+7.188E+00
2,09/2/2026,14:58:41.654,-0.09E+00,-0.05E+00,+0.05E+00,+0.00E+00,-11.52E+00,+14.42E+00,-3.28E+00,+7.218E+00
2,09/2/2026,14:58:41.654,-0.09E+00,-0.05E+00,+0.05E+00,+0.00E+00,-11.34E+00,+14.50E+00,-3.54E+00,+7.256E+00
2,09/2/2026,14:58:41.654,-0.09E+00,-0.05E+00,+0.05E+00,+0.00E+00,-11.17E+00,+14.56E+00,-3.77E+00,+7.287E+00
2,09/2/2026,14:58:41.654,-0.14E+00,-0.05E+00,+0.05E+00,-0.05E+00,-10.99E+00,+14.62E+00,-4.01E+00,+7.317E+00
2,09/2/2026,14:58:41.654,-0.09E+00,-0.05E+00,+0.05E+00,-0.05E+00,-10.82E+00,+14.68E+00,-4.24E+00,+7.340E+00
2,09/2/2026,14:58:41.654,-0.09E+00,-0.05E+00,+0.05E+00,+0.00E+00,-10.64E+00,+14.74E+00,-4.49E+00,+7.371E+00
2,09/2/2026,14:58:41.654,-0.09E+00,-0.05E+00,+0.05E+00,+0.00E+00,-10.45E+00,+14.79E+00,-4.70E+00,+7.394E+00
2,09/2/2026,14:58:41.654,-0.09E+00,-0.05E+00,+0.05E+00,+0.00E+00,-10.27E+00,+14.83E+00,-4.93E+00,+7.416E+00
2,09/2/2026,14:58:41.654,-0.09E+00,-0.05E+00,+0.05E+00,+0.00E+00,-10.10E+00,+14.88E+00,-5.16E+00,+7.439E+00
2,09/2/2026,14:58:41.654,-0.09E+00,-0.05E+00,+0.05E+00,+0.00E+00,-9.92E+00,+14.92E+00,-5.39E+00,+7.462E+00
2,09/2/2026,14:58:41.655,-0.09E+00,-0.05E+00,+0.05E+00,+0.00E+00,-9.74E+00,+14.95E+00,-5.60E+00,+7.477E+00
2,09/2/2026,14:58:41.655,-0.09E+00,-0.05E+00,+0.05E+00,-0.05E+00,-9.55E+00,+15.00E+00,-5.81E+00,+7.493E+00
2,09/2/2026,14:58:41.655,-0.14E+00,-0.05E+00,+0.05E+00,+0.00E+00,-9.37E+00,+15.03E+00,-6.03E+00,+7.508E+00
2,09/2/2026,14:58:41.655,-0.09E+00,-0.05E+00,+0.05E+00,+0.00E+00,-9.19E+00,+15.06E+00,-6.26E+00,+7.523E+00
2,09/2/2026,14:58:41.655,-0.09E+00,-0.05E+00,+0.05E+00,+0.00E+00,-9.02E+00,+15.09E+00,-6.47E+00,+7.539E+00
2,09/2/2026,14:58:41.655,-0.14E+00,-0.05E+00,+0.05E+00,+0.00E+00,-8.82E+00,+15.12E+00,-6.68E+00,+7.546E+00
2,09/2/2026,14:58:41.655,-0.09E+00,-0.05E+00,+0.05E+00,+0.00E+00,-8.64E+00,+15.15E+00,-6.88E+00,+7.561E+00
2,09/2/2026,14:58:41.655,-0.09E+00,-0.05E+00,+0.05E+00,+0.00E+00,-8.45E+00,+15.17E+00,-7.10E+00,+7.569E+00
2,09/2/2026,14:58:41.655,-0.09E+00,-0.05E+00,+0.05E+00,+0.00E+00,-8.27E+00,+15.20E+00,-7.31E+00,+7.584E+00
2,09/2/2026,14:58:41.655,-0.09E+00,-0.05E+00,+0.05E+00,+0.00E+00,-8.07E+00,+15.21E+00,-7.51E+00,+7.592E+00
2,09/2/2026,14:58:41.655,-0.09E+00,-0.05E+00,+0.05E+00,+0.00E+00,-7.89E+00,+15.24E+00,-7.72E+00,+7.600E+00
2,09/2/2026,14:58:41.655,-0.14E+00,-0.05E+00,+0.05E+00,-0.05E+00,-7.69E+00,+15.26E+00,-7.94E+00,+7.607E+00
2,09/2/2026,14:58:41.655,-0.09E+00,-0.05E+00,+0.05E+00,-0.05E+00,-7.51E+00,+15.28E+00,-8.15E+00,+7.615E+00
2,09/2/2026,14:58:41.655,-0.09E+00,-0.05E+00,+0.00E+00,-0.05E+00,-7.31E+00,+15.29E+00,-8.35E+00,+7.615E+00
2,09/2/2026,14:58:41.655,-0.09E+00,-0.05E+00,+0.05E+00,+0.00E+00,-7.13E+00,+15.29E+00,-8.56E+00,+7.622E+00
2,09/2/2026,14:58:41.655,-0.09E+00,-0.05E+00,+0.05E+00,+0.00E+00,-6.93E+00,+15.31E+00,-8.76E+00,+7.622E+00
2,09/2/2026,14:58:41.655,-0.14E+00,-0.05E+00,+0.05E+00,-0.05E+00,-6.73E+00,+15.31E+00,-8.96E+00,+7.630E+00
2,09/2/2026,14:58:41.655,-0.14E+00,-0.05E+00,+0.05E+00,-0.05E+00,-6.53E+00,+15.31E+00,-9.16E+00,+7.630E+00
2,09/2/2026,14:58:41.655,-0.09E+00,-0.05E+00,+0.05E+00,-0.05E+00,-6.33E+00,+15.31E+00,-9.35E+00,+7.622E+00
2,09/2/2026,14:58:41.655,-0.09E+00,-0.05E+00,+0.05E+00,-0.05E+00,-6.13E+00,+15.31E+00,-9.55E+00,+7.622E+00
2,09/2/2026,14:58:41.656,-0.09E+00,-0.05E+00,+0.05E+00,+0.00E+00,-5.92E+00,+15.31E+00,-9.77E+00,+7.622E+00
2,09/2/2026,14:58:41.656,-0.09E+00,-0.05E+00,+0.05E+00,+0.00E+00,-5.71E+00,+15.31E+00,-9.96E+00,+7.615E+00
2,09/2/2026,14:58:41.656,-0.09E+00,-0.05E+00,+0.05E+00,+0.00E+00,-5.49E+00,+15.29E+00,-10.18E+00,+7.615E+00
2,09/2/2026,14:58:41.656,-0.14E+00,-0.05E+00,+0.05E+00,+0.00E+00,-5.28E+00,+15.28E+00,-10.38E+00,+7.607E+00
2,09/2/2026,14:58:41.656,-0.14E+00,-0.05E+00,+0.05E+00,-0.05E+00,-5.07E+00,+15.28E+00,-10.59E+00,+7.600E+00
2,09/2/2026,14:58:41.656,-0.14E+00,-0.05E+00,+0.05E+00,+0.00E+00,-4.85E+00,+15.26E+00,-10.79E+00,+7.592E+00
2,09/2/2026,14:58:41.656,-0.09E+00,-0.05E+00,+0.05E+00,+0.00E+00,-4.64E+00,+15.23E+00,-10.99E+00,+7.577E+00
2,09/2/2026,14:58:41.656,-0.09E+00,-0.05E+00,+0.00E+00,+0.00E+00,-4.43E+00,+15.21E+00,-11.17E+00,+7.561E+00
2,09/2/2026,14:58:41.656,-0.14E+00,-0.05E+00,+0.05E+00,-0.05E+00,-4.20E+00,+15.17E+00,-11.35E+00,+7.546E+00
2,09/2/2026,14:58:41.656,-0.14E+00,-0.05E+00,+0.05E+00,+0.00E+00,-3.98E+00,+15.12E+00,-11.52E+00,+7.516E+00
2,09/2/2026,14:58:41.656,-0.09E+00,-0.05E+00,+0.05E+00,-0.05E+00,-3.75E+00,+15.06E+00,-11.69E+00,+7.485E+00
2,09/2/2026,14:58:41.656,-0.09E+00,-0.05E+00,+0.05E+00,-0.05E+00,-3.53E+00,+14.99E+00,-11.84E+00,+7.447E+00
2,09/2/2026,14:58:41.656,-0.09E+00,-0.05E+00,+0.05E+00,+0.00E+00,-3.30E+00,+14.89E+00,-11.98E+00,+7.401E+00
2,09/2/2026,14:58:41.656,-0.09E+00,-0.05E+00,+0.05E+00,+0.00E+00,-3.07E+00,+14.80E+00,-12.13E+00,+7.355E+00
2,09/2/2026,14:58:41.656,-0.09E+00,-0.05E+00,+0.05E+00,-0.05E+00,-2.82E+00,+14.70E+00,-12.27E+00,+7.302E+00
2,09/2/2026,14:58:41.656,-0.14E+00,-0.05E+00,+0.05E+00,-0.05E+00,-2.58E+00,+14.60E+00,-12.41E+00,+7.256E+00
2,09/2/2026,14:58:41.656,-0.09E+00,-0.05E+00,+0.05E+00,+0.00E+00,-2.35E+00,+14.51E+00,-12.53E+00,+7.203E+00
2,09/2/2026,14:58:41.656,-0.09E+00,-0.05E+00,+0.05E+00,+0.00E+00,-2.11E+00,+14.39E+00,-12.67E+00,+7.149E+00
2,09/2/2026,14:58:41.656,-0.09E+00,-0.05E+00,+0.05E+00,-0.05E+00,-1.86E+00,+14.28E+00,-12.80E+00,+7.088E+00
2,09/2/2026,14:58:41.656,-0.09E+00,-0.05E+00,+0.05E+00,-0.05E+00,-1.60E+00,+14.16E+00,-12.94E+00,+7.035E+00
2,09/2/2026,14:58:41.657,-0.09E+00,-0.05E+00,+0.05E+00,+0.00E+00,-1.36E+00,+14.04E+00,-13.06E+00,+6.966E+00
2,09/2/2026,14:58:41.657,-0.14E+00,-0.05E+00,+0.05E+00,+0.00E+00,-1.11E+00,+13.92E+00,-13.18E+00,+6.905E+00
2,09/2/2026,14:58:41.657,-0.14E+00,-0.05E+00,+0.05E+00,+0.00E+00,-0.87E+00,+13.80E+00,-13.31E+00,+6.837E+00
2,09/2/2026,14:58:41.657,-0.09E+00,-0.05E+00,+0.05E+00,+0.00E+00,-0.61E+00,+13.64E+00,-13.41E+00,+6.768E+00
2,09/2/2026,14:58:41.657,-0.09E+00,-0.05E+00,+0.05E+00,+0.00E+00,-0.37E+00,+13.52E+00,-13.52E+00,+6.699E+00
2,09/2/2026,14:58:41.657,-0.09E+00,-0.05E+00,+0.05E+00,+0.00E+00,-0.12E+00,+13.37E+00,-13.63E+00,+6.631E+00
2,09/2/2026,14:58:41.657,-0.09E+00,-0.05E+00,+0.05E+00,+0.00E+00,+0.14E+00,+13.23E+00,-13.75E+00,+6.562E+00
2,09/2/2026,14:58:41.657,-0.14E+00,-0.05E+00,+0.05E+00,-0.05E+00,+0.38E+00,+13.08E+00,-13.86E+00,+6.486E+00
2,09/2/2026,14:58:41.657,-0.14E+00,-0.05E+00,+0.05E+00,-0.05E+00,+0.64E+00,+12.93E+00,-13.95E+00,+6.402E+00
2,09/2/2026,14:58:41.657,-0.09E+00,-0.05E+00,+0.05E+00,+0.00E+00,+0.89E+00,+12.77E+00,-14.04E+00,+6.325E+00
2,09/2/2026,14:58:41.657,-0.09E+00,-0.05E+00,+0.05E+00,+0.00E+00,+1.14E+00,+12.62E+00,-14.13E+00,+6.249E+00
2,09/2/2026,14:58:41.657,-0.09E+00,-0.05E+00,+0.05E+00,+0.00E+00,+1.40E+00,+12.45E+00,-14.22E+00,+6.165E+00
2,09/2/2026,14:58:41.657,-0.09E+00,-0.05E+00,+0.05E+00,+0.00E+00,+1.65E+00,+12.28E+00,-14.31E+00,+6.081E+00
2,09/2/2026,14:58:41.657,-0.09E+00,-0.05E+00,+0.05E+00,-0.05E+00,+1.89E+00,+12.13E+00,-14.39E+00,+6.005E+00
2,09/2/2026,14:58:41.657,-0.14E+00,-0.05E+00,+0.05E+00,-0.05E+00,+2.14E+00,+11.96E+00,-14.47E+00,+5.921E+00
2,09/2/2026,14:58:41.657,-0.09E+00,-0.05E+00,+0.05E+00,+0.00E+00,+2.38E+00,+11.80E+00,-14.54E+00,+5.829E+00
2,09/2/2026,14:58:41.657,-0.09E+00,-0.05E+00,+0.05E+00,+0.00E+00,+2.62E+00,+11.63E+00,-14.62E+00,+5.745E+00
2,09/2/2026,14:58:41.657,-0.09E+00,-0.05E+00,+0.05E+00,+0.00E+00,+2.87E+00,+11.45E+00,-14.68E+00,+5.662E+00
2,09/2/2026,14:58:41.657,-0.09E+00,-0.05E+00,+0.05E+00,+0.00E+00,+3.10E+00,+11.28E+00,-14.74E+00,+5.578E+00
2,09/2/2026,14:58:41.657,-0.14E+00,-0.05E+00,+0.05E+00,+0.00E+00,+3.33E+00,+11.09E+00,-14.80E+00,+5.486E+00
2,09/2/2026,14:58:41.658,-0.14E+00,-0.05E+00,+0.05E+00,-0.05E+00,+3.57E+00,+10.93E+00,-14.86E+00,+5.394E+00
2,09/2/2026,14:58:41.658,-0.09E+00,-0.05E+00,+0.05E+00,-0.05E+00,+3.80E+00,+10.76E+00,-14.91E+00,+5.311E+00
2,09/2/2026,14:58:41.658,-0.09E+00,-0.05E+00,+0.05E+00,+0.00E+00,+4.01E+00,+10.58E+00,-14.95E+00,+5.219E+00
2,09/2/2026,14:58:41.658,-0.09E+00,-0.05E+00,+0.05E+00,+0.00E+00,+4.24E+00,+10.39E+00,-15.00E+00,+5.127E+00
2,09/2/2026,14:58:41.658,-0.09E+00,-0.05E+00,+0.05E+00,+0.00E+00,+4.46E+00,+10.22E+00,-15.05E+00,+5.043E+00
2,09/2/2026,14:58:41.658,-0.14E+00,-0.05E+00,+0.05E+00,-0.05E+00,+4.67E+00,+10.04E+00,-15.08E+00,+4.952E+00
2,09/2/2026,14:58:41.658,-0.14E+00,-0.05E+00,+0.05E+00,-0.05E+00,+4.88E+00,+9.86E+00,-15.12E+00,+4.860E+00
2,09/2/2026,14:58:41.658,-0.09E+00,-0.05E+00,+0.05E+00,+0.00E+00,+5.10E+00,+9.67E+00,-15.15E+00,+4.776E+00
2,09/2/2026,14:58:41.658,-0.09E+00,-0.05E+00,+0.05E+00,+0.00E+00,+5.31E+00,+9.49E+00,-15.18E+00,+4.685E+00
2,09/2/2026,14:58:41.658,-0.09E+00,-0.05E+00,+0.05E+00,+0.00E+00,+5.54E+00,+9.32E+00,-15.21E+00,+4.586E+00
2,09/2/2026,14:58:41.658,-0.14E+00,-0.05E+00,+0.05E+00,+0.00E+00,+5.75E+00,+9.13E+00,-15.24E+00,+4.494E+00
2,09/2/2026,14:58:41.658,-0.14E+00,-0.05E+00,+0.05E+00,-0.05E+00,+5.95E+00,+8.94E+00,-15.26E+00,+4.403E+00
2,09/2/2026,14:58:41.658,-0.09E+00,-0.05E+00,+0.05E+00,+0.00E+00,+6.17E+00,+8.76E+00,-15.29E+00,+4.311E+00
2,09/2/2026,14:58:41.658,-0.09E+00,-0.05E+00,+0.05E+00,-0.05E+00,+6.38E+00,+8.58E+00,-15.31E+00,+4.212E+00
2,09/2/2026,14:58:41.658,-0.09E+00,-0.05E+00,+0.05E+00,+0.00E+00,+6.59E+00,+8.38E+00,-15.34E+00,+4.120E+00
2,09/2/2026,14:58:41.658,-0.09E+00,-0.05E+00,+0.05E+00,+0.00E+00,+6.79E+00,+8.18E+00,-15.35E+00,+4.021E+00
2,09/2/2026,14:58:41.658,-0.14E+00,-0.05E+00,+0.05E+00,+0.00E+00,+7.00E+00,+7.98E+00,-15.37E+00,+3.922E+00
2,09/2/2026,14:58:41.658,-0.14E+00,-0.05E+00,+0.05E+00,-0.05E+00,+7.20E+00,+7.78E+00,-15.37E+00,+3.823E+00
2,09/2/2026,14:58:41.658,-0.09E+00,-0.05E+00,+0.05E+00,+0.00E+00,+7.42E+00,+7.60E+00,-15.38E+00,+3.731E+00
2,09/2/2026,14:58:41.658,-0.09E+00,-0.05E+00,+0.05E+00,-0.05E+00,+7.63E+00,+7.40E+00,-15.40E+00,+3.632E+00
2,09/2/2026,14:58:41.659,-0.09E+00,-0.05E+00,+0.05E+00,+0.00E+00,+7.83E+00,+7.19E+00,-15.40E+00,+3.533E+00
2,09/2/2026,14:58:41.659,-0.09E+00,-0.05E+00,+0.05E+00,+0.00E+00,+8.03E+00,+7.00E+00,-15.41E+00,+3.434E+00
2,09/2/2026,14:58:41.659,-0.14E+00,-0.05E+00,+0.05E+00,-0.05E+00,+8.24E+00,+6.79E+00,-15.41E+00,+3.334E+00
2,09/2/2026,14:58:41.659,-0.09E+00,-0.05E+00,+0.05E+00,+0.00E+00,+8.44E+00,+6.59E+00,-15.41E+00,+3.235E+00
2,09/2/2026,14:58:41.659,-0.14E+00,-0.05E+00,+0.05E+00,+0.00E+00,+8.65E+00,+6.39E+00,-15.41E+00,+3.128E+00
2,09/2/2026,14:58:41.659,-0.14E+00,-0.05E+00,+0.05E+00,+0.00E+00,+8.85E+00,+6.18E+00,-15.41E+00,+3.029E+00
2,09/2/2026,14:58:41.659,-0.09E+00,-0.05E+00,+0.05E+00,+0.00E+00,+9.06E+00,+5.97E+00,-15.41E+00,+2.915E+00
2,09/2/2026,14:58:41.659,-0.09E+00,-0.05E+00,+0.05E+00,+0.00E+00,+9.28E+00,+5.75E+00,-15.41E+00,+2.808E+00
2,09/2/2026,14:58:41.659,-0.09E+00,-0.05E+00,+0.00E+00,+0.00E+00,+9.51E+00,+5.52E+00,-15.40E+00,+2.701E+00
2,09/2/2026,14:58:41.659,-0.14E+00,-0.05E+00,+0.05E+00,+0.00E+00,+9.71E+00,+5.31E+00,-15.40E+00,+2.594E+00
2,09/2/2026,14:58:41.659,-0.09E+00,-0.05E+00,+0.05E+00,+0.00E+00,+9.92E+00,+5.10E+00,-15.38E+00,+2.480E+00
2,09/2/2026,14:58:41.659,-0.09E+00,-0.05E+00,+0.05E+00,+0.00E+00,+10.13E+00,+4.88E+00,-15.38E+00,+2.373E+00
2,09/2/2026,14:58:41.659,-0.09E+00,-0.05E+00,+0.05E+00,-0.05E+00,+10.33E+00,+4.65E+00,-15.37E+00,+2.266E+00
2,09/2/2026,14:58:41.659,-0.09E+00,-0.05E+00,+0.05E+00,+0.00E+00,+10.51E+00,+4.44E+00,-15.35E+00,+2.159E+00
2,09/2/2026,14:58:41.659,-0.14E+00,-0.05E+00,+0.05E+00,+0.00E+00,+10.71E+00,+4.24E+00,-15.32E+00,+2.052E+00
2,09/2/2026,14:58:41.659,-0.14E+00,-0.05E+00,+0.05E+00,+0.00E+00,+10.90E+00,+4.03E+00,-15.29E+00,+1.946E+00
2,09/2/2026,14:58:41.659,-0.09E+00,-0.05E+00,+0.05E+00,-0.05E+00,+11.08E+00,+3.80E+00,-15.26E+00,+1.839E+00
2,09/2/2026,14:58:41.659,-0.09E+00,-0.05E+00,+0.05E+00,-0.05E+00,+11.26E+00,+3.57E+00,-15.21E+00,+1.724E+00
2,09/2/2026,14:58:41.659,-0.09E+00,-0.05E+00,+0.05E+00,+0.00E+00,+11.43E+00,+3.34E+00,-15.15E+00,+1.610E+00
2,09/2/2026,14:58:41.659,-0.09E+00,-0.05E+00,+0.05E+00,+0.00E+00,+11.60E+00,+3.11E+00,-15.08E+00,+1.495E+00
2,09/2/2026,14:58:41.660,-0.09E+00,-0.05E+00,+0.05E+00,+0.00E+00,+11.75E+00,+2.87E+00,-14.99E+00,+1.373E+00
2,09/2/2026,14:58:41.660,-0.09E+00,-0.05E+00,+0.05E+00,-0.05E+00,+11.90E+00,+2.61E+00,-14.89E+00,+1.251E+00
2,09/2/2026,14:58:41.660,-0.14E+00,-0.05E+00,+0.05E+00,-0.05E+00,+12.04E+00,+2.37E+00,-14.77E+00,+1.122E+00
2,09/2/2026,14:58:41.660,-0.14E+00,-0.05E+00,+0.05E+00,+0.00E+00,+12.18E+00,+2.12E+00,-14.65E+00,+1.000E+00
2,09/2/2026,14:58:41.660,-0.09E+00,-0.05E+00,+0.05E+00,+0.00E+00,+12.30E+00,+1.86E+00,-14.53E+00,+0.877E+00
2,09/2/2026,14:58:41.660,-0.09E+00,-0.05E+00,+0.05E+00,+0.00E+00,+12.42E+00,+1.62E+00,-14.41E+00,+0.748E+00
2,09/2/2026,14:58:41.660,-0.09E+00,-0.05E+00,+0.05E+00,-0.05E+00,+12.54E+00,+1.37E+00,-14.28E+00,+0.626E+00
2,09/2/2026,14:58:41.660,-0.14E+00,-0.05E+00,+0.05E+00,-0.05E+00,+12.67E+00,+1.13E+00,-14.16E+00,+0.504E+00
2,09/2/2026,14:58:41.660,-0.14E+00,-0.05E+00,+0.05E+00,-0.05E+00,+12.79E+00,+0.87E+00,-14.04E+00,+0.382E+00
2,09/2/2026,14:58:41.660,-0.14E+00,-0.05E+00,+0.05E+00,-0.05E+00,+12.91E+00,+0.63E+00,-13.92E+00,+0.259E+00
2,09/2/2026,14:58:41.660,-0.09E+00,-0.05E+00,+0.05E+00,-0.05E+00,+13.03E+00,+0.40E+00,-13.80E+00,+0.145E+00
2,09/2/2026,14:58:41.660,-0.09E+00,-0.05E+00,+0.05E+00,-0.05E+00,+13.15E+00,+0.15E+00,-13.67E+00,+0.023E+00
2,09/2/2026,14:58:41.660,-0.14E+00,-0.05E+00,+0.05E+00,-0.05E+00,+13.26E+00,-0.11E+00,-13.54E+00,-0.099E+00
2,09/2/2026,14:58:41.660,-0.09E+00,-0.05E+00,+0.05E+00,-0.05E+00,+13.37E+00,-0.35E+00,-13.40E+00,-0.221E+00
2,09/2/2026,14:58:41.660,-0.09E+00,-0.05E+00,+0.05E+00,-0.05E+00,+13.46E+00,-0.60E+00,-13.25E+00,-0.343E+00
2,09/2/2026,14:58:41.660,-0.14E+00,-0.05E+00,+0.05E+00,+0.00E+00,+13.55E+00,-0.84E+00,-13.08E+00,-0.473E+00
2,09/2/2026,14:58:41.660,-0.09E+00,-0.05E+00,+0.05E+00,+0.00E+00,+13.64E+00,-1.10E+00,-12.93E+00,-0.595E+00
2,09/2/2026,14:58:41.660,-0.09E+00,-0.05E+00,+0.05E+00,+0.00E+00,+13.72E+00,-1.36E+00,-12.74E+00,-0.725E+00
2,09/2/2026,14:58:41.660,-0.09E+00,-0.05E+00,+0.05E+00,+0.00E+00,+13.81E+00,-1.62E+00,-12.56E+00,-0.855E+00
2,09/2/2026,14:58:41.660,-0.09E+00,-0.05E+00,+0.05E+00,-0.05E+00,+13.89E+00,-1.88E+00,-12.39E+00,-0.984E+00
2,09/2/2026,14:58:41.661,-0.09E+00,-0.05E+00,+0.05E+00,-0.05E+00,+13.98E+00,-2.14E+00,-12.21E+00,-1.114E+00
2,09/2/2026,14:58:41.661,-0.09E+00,-0.05E+00,+0.05E+00,+0.00E+00,+14.04E+00,-2.40E+00,-12.04E+00,-1.236E+00
2,09/2/2026,14:58:41.661,-0.09E+00,-0.05E+00,+0.05E+00,+0.00E+00,+14.12E+00,-2.64E+00,-11.87E+00,-1.358E+00
2,09/2/2026,14:58:41.661,-0.09E+00,-0.05E+00,+0.05E+00,+0.00E+00,+14.21E+00,-2.88E+00,-11.69E+00,-1.480E+00
2,09/2/2026,14:58:41.661,-0.09E+00,-0.05E+00,+0.05E+00,-0.05E+00,+14.27E+00,-3.13E+00,-11.52E+00,-1.602E+00
2,09/2/2026,14:58:41.661,-0.09E+00,-0.05E+00,+0.05E+00,-0.05E+00,+14.34E+00,-3.37E+00,-11.35E+00,-1.724E+00
2,09/2/2026,14:58:41.661,-0.09E+00,-0.05E+00,+0.05E+00,+0.00E+00,+14.41E+00,-3.62E+00,-11.19E+00,-1.846E+00
2,09/2/2026,14:58:41.661,-0.14E+00,-0.05E+00,+0.05E+00,+0.00E+00,+14.47E+00,-3.85E+00,-10.99E+00,-1.961E+00
2,09/2/2026,14:58:41.661,-0.09E+00,-0.05E+00,+0.05E+00,-0.05E+00,+14.53E+00,-4.09E+00,-10.80E+00,-2.083E+00
2,09/2/2026,14:58:41.661,-0.09E+00,-0.05E+00,+0.05E+00,+0.00E+00,+14.59E+00,-4.33E+00,-10.64E+00,-2.197E+00
2,09/2/2026,14:58:41.661,-0.09E+00,-0.05E+00,+0.05E+00,+0.00E+00,+14.63E+00,-4.56E+00,-10.45E+00,-2.312E+00
2,09/2/2026,14:58:41.661,-0.09E+00,-0.05E+00,+0.05E+00,+0.00E+00,+14.68E+00,-4.79E+00,-10.27E+00,-2.426E+00
2,09/2/2026,14:58:41.661,-0.09E+00,-0.05E+00,+0.05E+00,-0.05E+00,+14.73E+00,-5.02E+00,-10.09E+00,-2.541E+00
2,09/2/2026,14:58:41.661,-0.14E+00,-0.05E+00,+0.05E+00,-0.05E+00,+14.76E+00,-5.25E+00,-9.89E+00,-2.655E+00
2,09/2/2026,14:58:41.661,-0.09E+00,-0.05E+00,+0.05E+00,+0.00E+00,+14.80E+00,-5.46E+00,-9.71E+00,-2.762E+00
2,09/2/2026,14:58:41.661,-0.09E+00,-0.05E+00,+0.05E+00,+0.00E+00,+14.83E+00,-5.68E+00,-9.52E+00,-2.869E+00
2,09/2/2026,14:58:41.661,-0.14E+00,-0.05E+00,+0.05E+00,-0.05E+00,+14.86E+00,-5.91E+00,-9.34E+00,-2.976E+00
2,09/2/2026,14:58:41.661,-0.09E+00,-0.05E+00,+0.05E+00,-0.05E+00,+14.89E+00,-6.12E+00,-9.16E+00,-3.090E+00
2,09/2/2026,14:58:41.661,-0.14E+00,-0.05E+00,+0.05E+00,+0.00E+00,+14.92E+00,-6.33E+00,-8.96E+00,-3.189E+00
2,09/2/2026,14:58:41.661,-0.09E+00,-0.05E+00,+0.05E+00,+0.00E+00,+14.94E+00,-6.55E+00,-8.77E+00,-3.296E+00
2,09/2/2026,14:58:41.662,-0.09E+00,-0.05E+00,+0.05E+00,-0.05E+00,+14.95E+00,-6.76E+00,-8.58E+00,-3.403E+00
2,09/2/2026,14:58:41.662,-0.09E+00,-0.05E+00,+0.05E+00,+0.00E+00,+14.99E+00,-6.97E+00,-8.39E+00,-3.502E+00
2,09/2/2026,14:58:41.662,-0.14E+00,-0.05E+00,+0.05E+00,+0.00E+00,+15.02E+00,-7.19E+00,-8.21E+00,-3.609E+00
2,09/2/2026,14:58:41.662,-0.14E+00,-0.05E+00,+0.05E+00,-0.05E+00,+15.02E+00,-7.39E+00,-8.01E+00,-3.708E+00
2,09/2/2026,14:58:41.662,-0.09E+00,-0.05E+00,+0.05E+00,+0.00E+00,+15.03E+00,-7.60E+00,-7.81E+00,-3.815E+00
2,09/2/2026,14:58:41.662,-0.09E+00,-0.05E+00,+0.05E+00,-0.05E+00,+15.05E+00,-7.81E+00,-7.61E+00,-3.922E+00
2,09/2/2026,14:58:41.662,-0.09E+00,-0.05E+00,+0.05E+00,-0.05E+00,+15.06E+00,-8.01E+00,-7.43E+00,-4.021E+00
2,09/2/2026,14:58:41.662,-0.09E+00,-0.05E+00,+0.05E+00,+0.00E+00,+15.08E+00,-8.23E+00,-7.23E+00,-4.120E+00
2,09/2/2026,14:58:41.662,-0.09E+00,-0.05E+00,+0.05E+00,+0.00E+00,+15.08E+00,-8.42E+00,-7.03E+00,-4.219E+00
2,09/2/2026,14:58:41.662,-0.14E+00,-0.05E+00,+0.05E+00,-0.05E+00,+15.09E+00,-8.62E+00,-6.84E+00,-4.319E+00
2,09/2/2026,14:58:41.662,-0.09E+00,-0.05E+00,+0.05E+00,-0.05E+00,+15.09E+00,-8.82E+00,-6.64E+00,-4.418E+00
2,09/2/2026,14:58:41.662,-0.09E+00,-0.05E+00,+0.05E+00,+0.00E+00,+15.08E+00,-9.03E+00,-6.44E+00,-4.517E+00
2,09/2/2026,14:58:41.662,-0.09E+00,-0.05E+00,+0.05E+00,+0.00E+00,+15.08E+00,-9.23E+00,-6.23E+00,-4.616E+00
2,09/2/2026,14:58:41.662,-0.09E+00,-0.05E+00,+0.05E+00,+0.00E+00,+15.08E+00,-9.43E+00,-6.01E+00,-4.723E+00
2,09/2/2026,14:58:41.662,-0.09E+00,-0.05E+00,+0.05E+00,+0.00E+00,+15.06E+00,-9.64E+00,-5.80E+00,-4.822E+00
2,09/2/2026,14:58:41.662,-0.09E+00,-0.05E+00,+0.05E+00,-0.05E+00,+15.06E+00,-9.86E+00,-5.59E+00,-4.929E+00
2,09/2/2026,14:58:41.662,-0.09E+00,-0.05E+00,+0.05E+00,+0.00E+00,+15.05E+00,-10.06E+00,-5.36E+00,-5.028E+00
2,09/2/2026,14:58:41.662,-0.09E+00,-0.05E+00,+0.05E+00,+0.00E+00,+15.03E+00,-10.27E+00,-5.13E+00,-5.127E+00
2,09/2/2026,14:58:41.662,-0.09E+00,-0.05E+00,+0.05E+00,+0.00E+00,+15.02E+00,-10.47E+00,-4.91E+00,-5.234E+00
2,09/2/2026,14:58:41.662,-0.09E+00,-0.05E+00,+0.05E+00,+0.00E+00,+14.99E+00,-10.68E+00,-4.68E+00,-5.333E+00
2,09/2/2026,14:58:41.663,-0.09E+00,-0.05E+00,+0.00E+00,+0.00E+00,+14.94E+00,-10.87E+00,-4.46E+00,-5.425E+00
2,09/2/2026,14:58:41.663,-0.14E+00,-0.05E+00,+0.00E+00,+0.00E+00,+14.91E+00,-11.05E+00,-4.23E+00,-5.509E+00
2,09/2/2026,14:58:41.663,-0.14E+00,-0.05E+00,+0.05E+00,+0.00E+00,+14.86E+00,-11.23E+00,-4.01E+00,-5.600E+00
2,09/2/2026,14:58:41.663,-0.09E+00,-0.05E+00,+0.05E+00,-0.05E+00,+14.80E+00,-11.40E+00,-3.78E+00,-5.692E+00
2,09/2/2026,14:58:41.663,-0.09E+00,-0.05E+00,+0.05E+00,+0.00E+00,+14.74E+00,-11.57E+00,-3.56E+00,-5.768E+00
2,09/2/2026,14:58:41.663,-0.14E+00,-0.05E+00,+0.05E+00,+0.00E+00,+14.67E+00,-11.72E+00,-3.31E+00,-5.845E+00
2,09/2/2026,14:58:41.663,-0.09E+00,-0.05E+00,+0.05E+00,-0.05E+00,+14.59E+00,-11.89E+00,-3.08E+00,-5.921E+00
2,09/2/2026,14:58:41.663,-0.09E+00,-0.05E+00,+0.05E+00,-0.05E+00,+14.51E+00,-12.04E+00,-2.84E+00,-5.997E+00
2,09/2/2026,14:58:41.663,-0.09E+00,-0.05E+00,+0.05E+00,+0.00E+00,+14.42E+00,-12.19E+00,-2.61E+00,-6.074E+00
2,09/2/2026,14:58:41.663,-0.09E+00,-0.05E+00,+0.05E+00,+0.00E+00,+14.33E+00,-12.33E+00,-2.35E+00,-6.150E+00
2,09/2/2026,14:58:41.663,-0.09E+00,-0.05E+00,+0.05E+00,+0.00E+00,+14.22E+00,-12.48E+00,-2.11E+00,-6.219E+00
2,09/2/2026,14:58:41.663,-0.09E+00,-0.05E+00,+0.05E+00,+0.00E+00,+14.12E+00,-12.62E+00,-1.86E+00,-6.287E+00
2,09/2/2026,14:58:41.663,-0.09E+00,-0.05E+00,+0.05E+00,+0.00E+00,+13.99E+00,-12.74E+00,-1.62E+00,-6.348E+00
2,09/2/2026,14:58:41.663,-0.09E+00,-0.05E+00,+0.05E+00,+0.00E+00,+13.89E+00,-12.88E+00,-1.37E+00,-6.417E+00
2,09/2/2026,14:58:41.663,-0.09E+00,-0.05E+00,+0.05E+00,-0.05E+00,+13.76E+00,-13.02E+00,-1.11E+00,-6.478E+00
2,09/2/2026,14:58:41.663,-0.14E+00,-0.05E+00,+0.05E+00,-0.05E+00,+13.63E+00,-13.14E+00,-0.87E+00,-6.539E+00
2,09/2/2026,14:58:41.663,-0.09E+00,-0.05E+00,+0.05E+00,+0.00E+00,+13.51E+00,-13.26E+00,-0.63E+00,-6.600E+00
2,09/2/2026,14:58:41.663,-0.09E+00,-0.05E+00,+0.05E+00,+0.00E+00,+13.38E+00,-13.38E+00,-0.37E+00,-6.661E+00
2,09/2/2026,14:58:41.663,-0.14E+00,-0.05E+00,+0.05E+00,-0.05E+00,+13.25E+00,-13.51E+00,-0.12E+00,-6.714E+00
2,09/2/2026,14:58:41.663,-0.14E+00,-0.05E+00,+0.05E+00,-0.05E+00,+13.09E+00,-13.61E+00,+0.14E+00,-6.768E+00
2,09/2/2026,14:58:41.664,-0.09E+00,-0.05E+00,+0.05E+00,-0.05E+00,+12.96E+00,-13.72E+00,+0.40E+00,-6.821E+00
2,09/2/2026,14:58:41.664,-0.09E+00,-0.05E+00,+0.05E+00,+0.00E+00,+12.80E+00,-13.83E+00,+0.64E+00,-6.867E+00
2,09/2/2026,14:58:41.664,-0.09E+00,-0.05E+00,+0.05E+00,+0.00E+00,+12.64E+00,-13.92E+00,+0.90E+00,-6.920E+00
2,09/2/2026,14:58:41.664,-0.09E+00,-0.05E+00,+0.00E+00,-0.05E+00,+12.48E+00,-14.02E+00,+1.16E+00,-6.966E+00
2,09/2/2026,14:58:41.664,-0.14E+00,-0.05E+00,+0.00E+00,-0.05E+00,+12.31E+00,-14.12E+00,+1.42E+00,-7.012E+00
2,09/2/2026,14:58:41.664,-0.14E+00,-0.05E+00,+0.05E+00,-0.05E+00,+12.16E+00,-14.21E+00,+1.68E+00,-7.050E+00
2,09/2/2026,14:58:41.664,-0.09E+00,-0.05E+00,+0.05E+00,-0.05E+00,+11.99E+00,-14.30E+00,+1.94E+00,-7.096E+00
2,09/2/2026,14:58:41.664,-0.09E+00,-0.05E+00,+0.05E+00,+0.00E+00,+11.83E+00,-14.38E+00,+2.18E+00,-7.142E+00
2,09/2/2026,14:58:41.664,-0.09E+00,-0.05E+00,+0.05E+00,+0.00E+00,+11.66E+00,-14.45E+00,+2.43E+00,-7.180E+00
2,09/2/2026,14:58:41.664,-0.09E+00,-0.05E+00,+0.05E+00,+0.00E+00,+11.49E+00,-14.53E+00,+2.69E+00,-7.210E+00
2,09/2/2026,14:58:41.664,-0.14E+00,-0.05E+00,+0.05E+00,+0.00E+00,+11.31E+00,-14.60E+00,+2.93E+00,-7.249E+00
2,09/2/2026,14:58:41.664,-0.09E+00,-0.05E+00,+0.05E+00,+0.00E+00,+11.12E+00,-14.67E+00,+3.17E+00,-7.279E+00
2,09/2/2026,14:58:41.664,-0.14E+00,-0.05E+00,+0.05E+00,+0.00E+00,+10.96E+00,-14.74E+00,+3.40E+00,-7.317E+00
2,09/2/2026,14:58:41.664,-0.09E+00,-0.05E+00,+0.05E+00,-0.05E+00,+10.77E+00,-14.80E+00,+3.65E+00,-7.340E+00
2,09/2/2026,14:58:41.664,-0.09E+00,-0.05E+00,+0.05E+00,-0.05E+00,+10.61E+00,-14.85E+00,+3.89E+00,-7.371E+00
2,09/2/2026,14:58:41.664,-0.09E+00,-0.05E+00,+0.05E+00,-0.05E+00,+10.42E+00,-14.91E+00,+4.12E+00,-7.394E+00
2,09/2/2026,14:58:41.664,-0.14E+00,-0.05E+00,+0.05E+00,-0.05E+00,+10.24E+00,-14.95E+00,+4.35E+00,-7.416E+00
2,09/2/2026,14:58:41.664,-0.14E+00,-0.05E+00,+0.05E+00,-0.05E+00,+10.07E+00,-15.02E+00,+4.58E+00,-7.439E+00
2,09/2/2026,14:58:41.664,-0.09E+00,-0.05E+00,+0.05E+00,+0.00E+00,+9.89E+00,-15.06E+00,+4.81E+00,-7.470E+00
2,09/2/2026,14:58:41.664,-0.09E+00,-0.05E+00,+0.05E+00,+0.00E+00,+9.72E+00,-15.11E+00,+5.02E+00,-7.485E+00
2,09/2/2026,14:58:41.665,-0.09E+00,-0.05E+00,+0.05E+00,-0.05E+00,+9.54E+00,-15.15E+00,+5.23E+00,-7.508E+00
2,09/2/2026,14:58:41.665,-0.09E+00,-0.05E+00,+0.05E+00,+0.00E+00,+9.35E+00,-15.18E+00,+5.45E+00,-7.523E+00
2,09/2/2026,14:58:41.665,-0.09E+00,-0.05E+00,+0.05E+00,+0.00E+00,+9.17E+00,-15.21E+00,+5.68E+00,-7.539E+00
2,09/2/2026,14:58:41.665,-0.14E+00,-0.05E+00,+0.05E+00,-0.05E+00,+8.99E+00,-15.24E+00,+5.89E+00,-7.554E+00
2,09/2/2026,14:58:41.665,-0.14E+00,-0.05E+00,+0.05E+00,+0.00E+00,+8.81E+00,-15.28E+00,+6.10E+00,-7.569E+00
2,09/2/2026,14:58:41.665,-0.09E+00,-0.05E+00,+0.05E+00,-0.05E+00,+8.62E+00,-15.31E+00,+6.32E+00,-7.584E+00
2,09/2/2026,14:58:41.665,-0.09E+00,-0.05E+00,+0.05E+00,-0.05E+00,+8.44E+00,-15.34E+00,+6.53E+00,-7.592E+00
2,09/2/2026,14:58:41.665,-0.09E+00,-0.05E+00,+0.05E+00,+0.00E+00,+8.26E+00,-15.37E+00,+6.75E+00,-7.607E+00
2,09/2/2026,14:58:41.665,-0.14E+00,-0.05E+00,+0.05E+00,+0.00E+00,+8.07E+00,-15.38E+00,+6.94E+00,-7.615E+00
2,09/2/2026,14:58:41.665,-0.14E+00,-0.05E+00,+0.05E+00,+0.00E+00,+7.89E+00,-15.40E+00,+7.16E+00,-7.622E+00
2,09/2/2026,14:58:41.665,-0.09E+00,-0.05E+00,+0.05E+00,+0.00E+00,+7.69E+00,-15.43E+00,+7.36E+00,-7.638E+00
2,09/2/2026,14:58:41.665,-0.09E+00,-0.05E+00,+0.05E+00,+0.00E+00,+7.51E+00,-15.44E+00,+7.57E+00,-7.645E+00
2,09/2/2026,14:58:41.665,-0.09E+00,-0.05E+00,+0.05E+00,+0.00E+00,+7.31E+00,-15.46E+00,+7.78E+00,-7.645E+00
2,09/2/2026,14:58:41.665,-0.14E+00,-0.05E+00,+0.05E+00,+0.00E+00,+7.11E+00,-15.47E+00,+7.98E+00,-7.653E+00
2,09/2/2026,14:58:41.665,-0.14E+00,-0.05E+00,+0.05E+00,-0.05E+00,+6.93E+00,-15.49E+00,+8.18E+00,-7.653E+00
2,09/2/2026,14:58:41.665,-0.14E+00,-0.05E+00,+0.05E+00,+0.00E+00,+6.73E+00,-15.49E+00,+8.39E+00,-7.661E+00
2,09/2/2026,14:58:41.665,-0.14E+00,-0.05E+00,+0.05E+00,+0.00E+00,+6.55E+00,-15.50E+00,+8.59E+00,-7.661E+00
2,09/2/2026,14:58:41.665,-0.09E+00,-0.05E+00,+0.05E+00,+0.00E+00,+6.33E+00,-15.50E+00,+8.79E+00,-7.661E+00
2,09/2/2026,14:58:41.665,-0.09E+00,-0.05E+00,+0.05E+00,-0.05E+00,+6.13E+00,-15.50E+00,+9.00E+00,-7.661E+00
2,09/2/2026,14:58:41.665,-0.09E+00,-0.05E+00,+0.05E+00,-0.05E+00,+5.95E+00,-15.50E+00,+9.20E+00,-7.661E+00
2,09/2/2026,14:58:41.666,-0.09E+00,-0.05E+00,+0.05E+00,+0.00E+00,+5.74E+00,-15.49E+00,+9.40E+00,-7.653E+00
2,09/2/2026,14:58:41.666,-0.14E+00,-0.05E+00,+0.00E+00,-0.05E+00,+5.51E+00,-15.49E+00,+9.61E+00,-7.653E+00
2,09/2/2026,14:58:41.666,-0.14E+00,-0.05E+00,+0.00E+00,-0.05E+00,+5.31E+00,-15.47E+00,+9.81E+00,-7.645E+00
2,09/2/2026,14:58:41.666,-0.09E+00,-0.05E+00,+0.05E+00,+0.00E+00,+5.08E+00,-15.46E+00,+10.03E+00,-7.638E+00
2,09/2/2026,14:58:41.666,-0.09E+00,-0.05E+00,+0.05E+00,+0.00E+00,+4.87E+00,-15.46E+00,+10.22E+00,-7.630E+00
2,09/2/2026,14:58:41.666,-0.09E+00,-0.05E+00,+0.05E+00,-0.05E+00,+4.65E+00,-15.44E+00,+10.44E+00,-7.622E+00
2,09/2/2026,14:58:41.666,-0.09E+00,-0.05E+00,+0.05E+00,-0.05E+00,+4.43E+00,-15.41E+00,+10.64E+00,-7.607E+00
2,09/2/2026,14:58:41.666,-0.09E+00,-0.05E+00,+0.05E+00,-0.05E+00,+4.21E+00,-15.40E+00,+10.82E+00,-7.600E+00
2,09/2/2026,14:58:41.666,-0.09E+00,-0.05E+00,+0.05E+00,-0.05E+00,+3.98E+00,-15.35E+00,+11.00E+00,-7.577E+00
2,09/2/2026,14:58:41.666,-0.09E+00,-0.05E+00,+0.05E+00,-0.05E+00,+3.75E+00,-15.29E+00,+11.17E+00,-7.546E+00
2,09/2/2026,14:58:41.666,-0.14E+00,-0.05E+00,+0.05E+00,+0.00E+00,+3.54E+00,-15.23E+00,+11.34E+00,-7.516E+00
2,09/2/2026,14:58:41.666,-0.14E+00,-0.05E+00,+0.05E+00,+0.00E+00,+3.31E+00,-15.15E+00,+11.49E+00,-7.470E+00
2,09/2/2026,14:58:41.666,-0.14E+00,-0.05E+00,+0.05E+00,+0.00E+00,+3.07E+00,-15.06E+00,+11.63E+00,-7.432E+00
2,09/2/2026,14:58:41.666,-0.14E+00,-0.05E+00,+0.05E+00,-0.05E+00,+2.84E+00,-14.97E+00,+11.78E+00,-7.386E+00
2,09/2/2026,14:58:41.666,-0.09E+00,-0.05E+00,+0.05E+00,-0.05E+00,+2.59E+00,-14.88E+00,+11.92E+00,-7.333E+00
2,09/2/2026,14:58:41.666,-0.09E+00,-0.05E+00,+0.05E+00,-0.05E+00,+2.37E+00,-14.77E+00,+12.06E+00,-7.279E+00
2,09/2/2026,14:58:41.666,-0.09E+00,-0.05E+00,+0.05E+00,+0.00E+00,+2.11E+00,-14.68E+00,+12.19E+00,-7.226E+00
2,09/2/2026,14:58:41.666,-0.09E+00,-0.05E+00,+0.00E+00,+0.00E+00,+1.86E+00,-14.57E+00,+12.33E+00,-7.172E+00
2,09/2/2026,14:58:41.666,-0.09E+00,-0.05E+00,+0.05E+00,+0.00E+00,+1.62E+00,-14.45E+00,+12.47E+00,-7.111E+00
2,09/2/2026,14:58:41.666,-0.09E+00,-0.05E+00,+0.05E+00,+0.00E+00,+1.37E+00,-14.33E+00,+12.59E+00,-7.050E+00
2,09/2/2026,14:58:41.667,-0.09E+00,-0.05E+00,+0.05E+00,+0.00E+00,+1.11E+00,-14.21E+00,+12.73E+00,-6.997E+00
2,09/2/2026,14:58:41.667,-0.09E+00,-0.05E+00,+0.05E+00,+0.00E+00,+0.87E+00,-14.09E+00,+12.85E+00,-6.928E+00
2,09/2/2026,14:58:41.667,-0.09E+00,-0.05E+00,+0.00E+00,+0.00E+00,+0.61E+00,-13.95E+00,+12.96E+00,-6.859E+00
2,09/2/2026,14:58:41.667,-0.09E+00,-0.05E+00,+0.05E+00,-0.05E+00,+0.37E+00,-13.81E+00,+13.08E+00,-6.791E+00
2,09/2/2026,14:58:41.667,-0.09E+00,-0.05E+00,+0.05E+00,+0.00E+00,+0.12E+00,-13.67E+00,+13.18E+00,-6.722E+00
2,09/2/2026,14:58:41.667,-0.14E+00,-0.05E+00,+0.05E+00,+0.00E+00,-0.14E+00,-13.54E+00,+13.29E+00,-6.653E+00
2,09/2/2026,14:58:41.667,-0.09E+00,-0.05E+00,+0.05E+00,-0.05E+00,-0.40E+00,-13.38E+00,+13.40E+00,-6.577E+00
2,09/2/2026,14:58:41.667,-0.09E+00,-0.05E+00,+0.05E+00,+0.00E+00,-0.64E+00,-13.23E+00,+13.52E+00,-6.501E+00
2,09/2/2026,14:58:41.667,-0.09E+00,-0.05E+00,+0.05E+00,+0.00E+00,-0.90E+00,-13.08E+00,+13.61E+00,-6.425E+00
2,09/2/2026,14:58:41.667,-0.09E+00,-0.05E+00,+0.05E+00,-0.05E+00,-1.16E+00,-12.93E+00,+13.72E+00,-6.348E+00
2,09/2/2026,14:58:41.667,-0.09E+00,-0.05E+00,+0.05E+00,+0.00E+00,-1.40E+00,-12.77E+00,+13.81E+00,-6.264E+00
2,09/2/2026,14:58:41.667,-0.09E+00,-0.05E+00,+0.05E+00,+0.00E+00,-1.66E+00,-12.60E+00,+13.90E+00,-6.180E+00
2,09/2/2026,14:58:41.667,-0.09E+00,-0.05E+00,+0.05E+00,-0.05E+00,-1.92E+00,-12.44E+00,+13.98E+00,-6.096E+00
2,09/2/2026,14:58:41.667,-0.09E+00,-0.05E+00,+0.05E+00,+0.00E+00,-2.18E+00,-12.27E+00,+14.07E+00,-6.020E+00
2,09/2/2026,14:58:41.667,-0.09E+00,-0.05E+00,+0.05E+00,+0.00E+00,-2.43E+00,-12.12E+00,+14.16E+00,-5.936E+00
2,09/2/2026,14:58:41.667,-0.09E+00,-0.05E+00,+0.05E+00,+0.00E+00,-2.67E+00,-11.93E+00,+14.24E+00,-5.852E+00
2,09/2/2026,14:58:41.667,-0.09E+00,-0.05E+00,+0.05E+00,-0.05E+00,-2.91E+00,-11.77E+00,+14.31E+00,-5.768E+00
2,09/2/2026,14:58:41.667,-0.09E+00,-0.05E+00,+0.05E+00,+0.00E+00,-3.16E+00,-11.60E+00,+14.38E+00,-5.677E+00
2,09/2/2026,14:58:41.667,-0.09E+00,-0.05E+00,+0.05E+00,-0.05E+00,-3.40E+00,-11.43E+00,+14.45E+00,-5.593E+00
2,09/2/2026,14:58:41.667,-0.09E+00,-0.05E+00,+0.05E+00,-0.05E+00,-3.63E+00,-11.25E+00,+14.50E+00,-5.501E+00
2,09/2/2026,14:58:41.668,-0.09E+00,-0.05E+00,+0.05E+00,+0.00E+00,-3.86E+00,-11.08E+00,+14.56E+00,-5.410E+00
2,09/2/2026,14:58:41.668,-0.09E+00,-0.05E+00,+0.05E+00,+0.00E+00,-4.09E+00,-10.90E+00,+14.62E+00,-5.326E+00
2,09/2/2026,14:58:41.668,-0.14E+00,-0.05E+00,+0.05E+00,-0.05E+00,-4.32E+00,-10.71E+00,+14.67E+00,-5.234E+00
2,09/2/2026,14:58:41.668,-0.09E+00,-0.05E+00,+0.05E+00,-0.05E+00,-4.55E+00,-10.53E+00,+14.71E+00,-5.143E+00
2,09/2/2026,14:58:41.668,-0.09E+00,-0.05E+00,+0.05E+00,+0.00E+00,-4.78E+00,-10.35E+00,+14.74E+00,-5.051E+00
2,09/2/2026,14:58:41.668,-0.14E+00,-0.05E+00,+0.05E+00,+0.00E+00,-4.99E+00,-10.16E+00,+14.79E+00,-4.960E+00
2,09/2/2026,14:58:41.668,-0.09E+00,-0.05E+00,+0.05E+00,-0.05E+00,-5.20E+00,-9.98E+00,+14.82E+00,-4.868E+00
2,09/2/2026,14:58:41.668,-0.09E+00,-0.05E+00,+0.05E+00,-0.05E+00,-5.42E+00,-9.81E+00,+14.86E+00,-4.776E+00
2,09/2/2026,14:58:41.668,-0.09E+00,-0.05E+00,+0.05E+00,+0.00E+00,-5.65E+00,-9.63E+00,+14.88E+00,-4.685E+00
2,09/2/2026,14:58:41.668,-0.14E+00,-0.05E+00,+0.05E+00,-0.05E+00,-5.84E+00,-9.45E+00,+14.91E+00,-4.593E+00
2,09/2/2026,14:58:41.668,-0.14E+00,-0.05E+00,+0.05E+00,-0.05E+00,-6.07E+00,-9.26E+00,+14.95E+00,-4.502E+00
2,09/2/2026,14:58:41.668,-0.09E+00,-0.05E+00,+0.05E+00,+0.00E+00,-6.29E+00,-9.06E+00,+14.97E+00,-4.410E+00
2,09/2/2026,14:58:41.668,-0.09E+00,-0.05E+00,+0.05E+00,+0.00E+00,-6.49E+00,-8.88E+00,+15.00E+00,-4.311E+00
2,09/2/2026,14:58:41.668,-0.09E+00,-0.05E+00,+0.05E+00,+0.00E+00,-6.70E+00,-8.70E+00,+15.02E+00,-4.219E+00
2,09/2/2026,14:58:41.668,-0.14E+00,-0.05E+00,+0.05E+00,+0.00E+00,-6.91E+00,-8.50E+00,+15.03E+00,-4.128E+00
2,09/2/2026,14:58:41.668,-0.14E+00,-0.05E+00,+0.05E+00,+0.00E+00,-7.11E+00,-8.30E+00,+15.05E+00,-4.029E+00
2,09/2/2026,14:58:41.668,-0.09E+00,-0.05E+00,+0.05E+00,+0.00E+00,-7.32E+00,-8.12E+00,+15.06E+00,-3.929E+00
2,09/2/2026,14:58:41.668,-0.09E+00,-0.05E+00,+0.05E+00,+0.00E+00,-7.54E+00,-7.92E+00,+15.08E+00,-3.830E+00
2,09/2/2026,14:58:41.668,-0.09E+00,-0.05E+00,+0.05E+00,+0.00E+00,-7.74E+00,-7.72E+00,+15.09E+00,-3.731E+00
2,09/2/2026,14:58:41.668,-0.09E+00,-0.05E+00,+0.05E+00,+0.00E+00,-7.95E+00,-7.52E+00,+15.09E+00,-3.632E+00
2,09/2/2026,14:58:41.669,-0.09E+00,-0.05E+00,+0.05E+00,+0.00E+00,-8.16E+00,-7.32E+00,+15.11E+00,-3.533E+00
2,09/2/2026,14:58:41.669,-0.09E+00,-0.05E+00,+0.05E+00,+0.00E+00,-8.35E+00,-7.13E+00,+15.11E+00,-3.434E+00
2,09/2/2026,14:58:41.669,-0.09E+00,-0.05E+00,+0.05E+00,+0.00E+00,-8.56E+00,-6.93E+00,+15.11E+00,-3.334E+00
2,09/2/2026,14:58:41.669,-0.09E+00,-0.05E+00,+0.00E+00,-0.05E+00,-8.76E+00,-6.71E+00,+15.12E+00,-3.235E+00
2,09/2/2026,14:58:41.669,-0.09E+00,-0.05E+00,+0.05E+00,-0.05E+00,-8.97E+00,-6.52E+00,+15.12E+00,-3.136E+00
2,09/2/2026,14:58:41.669,-0.09E+00,-0.05E+00,+0.05E+00,+0.00E+00,-9.17E+00,-6.32E+00,+15.11E+00,-3.037E+00
2,09/2/2026,14:58:41.669,-0.09E+00,-0.05E+00,+0.05E+00,-0.05E+00,-9.39E+00,-6.10E+00,+15.11E+00,-2.930E+00
2,09/2/2026,14:58:41.669,-0.09E+00,-0.05E+00,+0.05E+00,+0.00E+00,-9.60E+00,-5.89E+00,+15.11E+00,-2.823E+00
2,09/2/2026,14:58:41.669,-0.09E+00,-0.05E+00,+0.05E+00,+0.00E+00,-9.81E+00,-5.68E+00,+15.11E+00,-2.709E+00
2,09/2/2026,14:58:41.669,-0.09E+00,-0.05E+00,+0.05E+00,+0.00E+00,-10.01E+00,-5.45E+00,+15.09E+00,-2.602E+00
2,09/2/2026,14:58:41.669,-0.09E+00,-0.05E+00,+0.05E+00,+0.00E+00,-10.22E+00,-5.23E+00,+15.09E+00,-2.495E+00
2,09/2/2026,14:58:41.669,-0.09E+00,-0.05E+00,+0.05E+00,+0.00E+00,-10.44E+00,-5.02E+00,+15.08E+00,-2.388E+00
2,09/2/2026,14:58:41.669,-0.09E+00,-0.05E+00,+0.05E+00,+0.00E+00,-10.64E+00,-4.79E+00,+15.06E+00,-2.274E+00
2,09/2/2026,14:58:41.669,-0.09E+00,-0.05E+00,+0.05E+00,-0.05E+00,-10.83E+00,-4.58E+00,+15.03E+00,-2.167E+00
2,09/2/2026,14:58:41.669,-0.09E+00,-0.05E+00,+0.05E+00,+0.00E+00,-11.02E+00,-4.36E+00,+15.02E+00,-2.068E+00
2,09/2/2026,14:58:41.669,-0.09E+00,-0.05E+00,+0.05E+00,+0.00E+00,-11.20E+00,-4.15E+00,+14.99E+00,-1.953E+00
2,09/2/2026,14:58:41.669,-0.09E+00,-0.05E+00,+0.05E+00,+0.00E+00,-11.38E+00,-3.94E+00,+14.94E+00,-1.846E+00
2,09/2/2026,14:58:41.669,-0.09E+00,-0.05E+00,+0.05E+00,+0.00E+00,-11.55E+00,-3.71E+00,+14.89E+00,-1.740E+00
2,09/2/2026,14:58:41.669,-0.14E+00,-0.05E+00,+0.05E+00,+0.00E+00,-11.72E+00,-3.48E+00,+14.83E+00,-1.625E+00
2,09/2/2026,14:58:41.669,-0.09E+00,-0.05E+00,+0.05E+00,-0.05E+00,-11.89E+00,-3.25E+00,+14.77E+00,-1.503E+00
2,09/2/2026,14:58:41.670,-0.09E+00,-0.05E+00,+0.05E+00,+0.00E+00,-12.04E+00,-3.01E+00,+14.68E+00,-1.389E+00
2,09/2/2026,14:58:41.670,-0.09E+00,-0.05E+00,+0.05E+00,+0.00E+00,-12.18E+00,-2.76E+00,+14.57E+00,-1.267E+00
2,09/2/2026,14:58:41.670,-0.09E+00,-0.05E+00,+0.05E+00,+0.00E+00,-12.33E+00,-2.52E+00,+14.47E+00,-1.137E+00
2,09/2/2026,14:58:41.670,-0.09E+00,-0.05E+00,+0.05E+00,+0.00E+00,-12.45E+00,-2.26E+00,+14.34E+00,-1.015E+00
2,09/2/2026,14:58:41.670,-0.14E+00,-0.05E+00,+0.05E+00,+0.00E+00,-12.59E+00,-2.01E+00,+14.22E+00,-0.893E+00
2,09/2/2026,14:58:41.670,-0.14E+00,-0.05E+00,+0.05E+00,+0.00E+00,-12.71E+00,-1.75E+00,+14.09E+00,-0.763E+00
2,09/2/2026,14:58:41.670,-0.09E+00,-0.05E+00,+0.05E+00,+0.00E+00,-12.83E+00,-1.51E+00,+13.96E+00,-0.641E+00
2,09/2/2026,14:58:41.670,-0.09E+00,-0.05E+00,+0.05E+00,+0.00E+00,-12.94E+00,-1.27E+00,+13.84E+00,-0.519E+00
2,09/2/2026,14:58:41.670,-0.09E+00,-0.05E+00,+0.05E+00,+0.00E+00,-13.06E+00,-1.02E+00,+13.72E+00,-0.397E+00
2,09/2/2026,14:58:41.670,-0.09E+00,-0.05E+00,+0.05E+00,-0.05E+00,-13.18E+00,-0.78E+00,+13.60E+00,-0.275E+00
2,09/2/2026,14:58:41.670,-0.09E+00,-0.05E+00,+0.05E+00,-0.05E+00,-13.31E+00,-0.53E+00,+13.47E+00,-0.160E+00
2,09/2/2026,14:58:41.670,-0.09E+00,-0.05E+00,+0.05E+00,+0.00E+00,-13.43E+00,-0.31E+00,+13.35E+00,-0.038E+00
2,09/2/2026,14:58:41.670,-0.09E+00,-0.05E+00,+0.05E+00,-0.05E+00,-13.54E+00,-0.06E+00,+13.22E+00,+0.084E+00
2,09/2/2026,14:58:41.670,-0.09E+00,-0.05E+00,+0.05E+00,-0.05E+00,-13.63E+00,+0.20E+00,+13.08E+00,+0.206E+00
2,09/2/2026,14:58:41.670,-0.09E+00,-0.05E+00,+0.05E+00,+0.00E+00,-13.73E+00,+0.44E+00,+12.93E+00,+0.328E+00
2,09/2/2026,14:58:41.670,-0.09E+00,-0.05E+00,+0.05E+00,+0.00E+00,-13.83E+00,+0.69E+00,+12.77E+00,+0.450E+00
2,09/2/2026,14:58:41.670,-0.09E+00,-0.05E+00,+0.05E+00,-0.05E+00,-13.92E+00,+0.95E+00,+12.60E+00,+0.580E+00
2,09/2/2026,14:58:41.670,-0.09E+00,-0.05E+00,+0.05E+00,+0.00E+00,-13.99E+00,+1.21E+00,+12.44E+00,+0.710E+00
2,09/2/2026,14:58:41.670,-0.09E+00,-0.05E+00,+0.05E+00,+0.00E+00,-14.07E+00,+1.46E+00,+12.24E+00,+0.832E+00
2,09/2/2026,14:58:41.670,-0.09E+00,-0.05E+00,+0.05E+00,+0.00E+00,-14.16E+00,+1.72E+00,+12.07E+00,+0.961E+00
2,09/2/2026,14:58:41.671,-0.09E+00,-0.05E+00,+0.05E+00,+0.00E+00,-14.24E+00,+1.98E+00,+11.89E+00,+1.091E+00
2,09/2/2026,14:58:41.671,-0.14E+00,-0.05E+00,+0.05E+00,+0.00E+00,-14.31E+00,+2.24E+00,+11.70E+00,+1.221E+00
2,09/2/2026,14:58:41.671,-0.14E+00,-0.05E+00,+0.05E+00,+0.00E+00,-14.39E+00,+2.49E+00,+11.52E+00,+1.343E+00
2,09/2/2026,14:58:41.671,-0.09E+00,-0.05E+00,+0.05E+00,-0.05E+00,-14.47E+00,+2.73E+00,+11.35E+00,+1.465E+00
2,09/2/2026,14:58:41.671,-0.14E+00,-0.05E+00,+0.05E+00,-0.05E+00,-14.54E+00,+2.99E+00,+11.19E+00,+1.587E+00
2,09/2/2026,14:58:41.671,-0.09E+00,-0.05E+00,+0.05E+00,+0.00E+00,-14.60E+00,+3.22E+00,+11.02E+00,+1.709E+00
2,09/2/2026,14:58:41.671,-0.09E+00,-0.05E+00,+0.05E+00,+0.00E+00,-14.67E+00,+3.46E+00,+10.83E+00,+1.824E+00
2,09/2/2026,14:58:41.671,-0.09E+00,-0.05E+00,+0.05E+00,+0.00E+00,-14.74E+00,+3.69E+00,+10.67E+00,+1.946E+00
2,09/2/2026,14:58:41.671,-0.14E+00,-0.05E+00,+0.05E+00,+0.00E+00,-14.79E+00,+3.94E+00,+10.50E+00,+2.068E+00
2,09/2/2026,14:58:41.671,-0.14E+00,-0.05E+00,+0.05E+00,+0.00E+00,-14.85E+00,+4.17E+00,+10.30E+00,+2.182E+00
2,09/2/2026,14:58:41.671,-0.09E+00,-0.05E+00,+0.05E+00,+0.00E+00,-14.89E+00,+4.39E+00,+10.12E+00,+2.289E+00
2,09/2/2026,14:58:41.671,-0.09E+00,-0.05E+00,+0.05E+00,+0.00E+00,-14.94E+00,+4.64E+00,+9.93E+00,+2.403E+00
2,09/2/2026,14:58:41.671,-0.09E+00,-0.05E+00,+0.05E+00,+0.00E+00,-14.97E+00,+4.87E+00,+9.75E+00,+2.518E+00
2,09/2/2026,14:58:41.671,-0.09E+00,-0.05E+00,+0.05E+00,-0.05E+00,-15.02E+00,+5.08E+00,+9.57E+00,+2.632E+00
2,09/2/2026,14:58:41.671,-0.14E+00,-0.05E+00,+0.05E+00,-0.05E+00,-15.05E+00,+5.31E+00,+9.37E+00,+2.739E+00
2,09/2/2026,14:58:41.671,-0.09E+00,-0.05E+00,+0.05E+00,+0.00E+00,-15.08E+00,+5.54E+00,+9.19E+00,+2.854E+00
2,09/2/2026,14:58:41.671,-0.09E+00,-0.05E+00,+0.05E+00,+0.00E+00,-15.11E+00,+5.75E+00,+9.00E+00,+2.953E+00
2,09/2/2026,14:58:41.671,-0.09E+00,-0.05E+00,+0.05E+00,+0.00E+00,-15.14E+00,+5.95E+00,+8.81E+00,+3.060E+00
2,09/2/2026,14:58:41.671,-0.09E+00,-0.05E+00,+0.05E+00,-0.05E+00,-15.15E+00,+6.17E+00,+8.61E+00,+3.166E+00
2,09/2/2026,14:58:41.671,-0.14E+00,-0.05E+00,+0.05E+00,-0.05E+00,-15.18E+00,+6.39E+00,+8.42E+00,+3.273E+00
2,09/2/2026,14:58:41.672,-0.14E+00,-0.05E+00,+0.05E+00,+0.00E+00,-15.20E+00,+6.59E+00,+8.24E+00,+3.380E+00
2,09/2/2026,14:58:41.672,-0.14E+00,-0.05E+00,+0.05E+00,+0.00E+00,-15.23E+00,+6.81E+00,+8.06E+00,+3.479E+00
2,09/2/2026,14:58:41.672,-0.14E+00,-0.05E+00,+0.05E+00,+0.00E+00,-15.24E+00,+7.00E+00,+7.86E+00,+3.579E+00
2,09/2/2026,14:58:41.672,-0.09E+00,-0.05E+00,+0.05E+00,+0.00E+00,-15.28E+00,+7.22E+00,+7.68E+00,+3.685E+00
2,09/2/2026,14:58:41.672,-0.09E+00,-0.05E+00,+0.05E+00,+0.00E+00,-15.28E+00,+7.43E+00,+7.48E+00,+3.785E+00
2,09/2/2026,14:58:41.672,-0.14E+00,-0.05E+00,+0.05E+00,+0.00E+00,-15.29E+00,+7.63E+00,+7.28E+00,+3.891E+00
2,09/2/2026,14:58:41.672,-0.14E+00,-0.05E+00,+0.05E+00,-0.05E+00,-15.31E+00,+7.84E+00,+7.10E+00,+3.991E+00
2,09/2/2026,14:58:41.672,-0.09E+00,-0.05E+00,+0.05E+00,+0.00E+00,-15.31E+00,+8.04E+00,+6.90E+00,+4.090E+00
2,09/2/2026,14:58:41.672,-0.09E+00,-0.05E+00,+0.05E+00,+0.00E+00,-15.31E+00,+8.24E+00,+6.70E+00,+4.189E+00
2,09/2/2026,14:58:41.672,-0.09E+00,-0.05E+00,+0.05E+00,+0.00E+00,-15.31E+00,+8.44E+00,+6.50E+00,+4.296E+00
2,09/2/2026,14:58:41.672,-0.09E+00,-0.05E+00,+0.05E+00,+0.00E+00,-15.32E+00,+8.65E+00,+6.29E+00,+4.387E+00
2,09/2/2026,14:58:41.672,-0.09E+00,-0.05E+00,+0.05E+00,+0.00E+00,-15.32E+00,+8.87E+00,+6.09E+00,+4.486E+00
2,09/2/2026,14:58:41.672,-0.09E+00,-0.05E+00,+0.05E+00,-0.05E+00,-15.32E+00,+9.06E+00,+5.89E+00,+4.593E+00
2,09/2/2026,14:58:41.672,-0.09E+00,-0.05E+00,+0.05E+00,-0.05E+00,-15.31E+00,+9.26E+00,+5.68E+00,+4.693E+00
2,09/2/2026,14:58:41.672,-0.09E+00,-0.05E+00,+0.05E+00,+0.00E+00,-15.31E+00,+9.48E+00,+5.46E+00,+4.792E+00
2,09/2/2026,14:58:41.672,-0.09E+00,-0.05E+00,+0.05E+00,+0.00E+00,-15.29E+00,+9.67E+00,+5.23E+00,+4.891E+00
2,09/2/2026,14:58:41.672,-0.09E+00,-0.05E+00,+0.05E+00,+0.00E+00,-15.28E+00,+9.89E+00,+5.02E+00,+4.998E+00
2,09/2/2026,14:58:41.672,-0.09E+00,-0.05E+00,+0.05E+00,+0.00E+00,-15.26E+00,+10.09E+00,+4.81E+00,+5.097E+00
2,09/2/2026,14:58:41.672,-0.09E+00,-0.05E+00,+0.05E+00,-0.05E+00,-15.23E+00,+10.29E+00,+4.58E+00,+5.196E+00
2,09/2/2026,14:58:41.672,-0.09E+00,-0.05E+00,+0.05E+00,-0.05E+00,-15.21E+00,+10.50E+00,+4.35E+00,+5.295E+00
2,09/2/2026,14:58:41.673,-0.09E+00,-0.05E+00,+0.05E+00,-0.05E+00,-15.18E+00,+10.68E+00,+4.12E+00,+5.394E+00
2,09/2/2026,14:58:41.673,-0.09E+00,-0.05E+00,+0.05E+00,+0.00E+00,-15.14E+00,+10.88E+00,+3.89E+00,+5.494E+00
2,09/2/2026,14:58:41.673,-0.09E+00,-0.05E+00,+0.05E+00,+0.00E+00,-15.09E+00,+11.06E+00,+3.66E+00,+5.578E+00
2,09/2/2026,14:58:41.673,-0.09E+00,-0.05E+00,+0.05E+00,+0.00E+00,-15.03E+00,+11.23E+00,+3.43E+00,+5.662E+00
2,09/2/2026,14:58:41.673,-0.09E+00,-0.05E+00,+0.05E+00,+0.00E+00,-14.97E+00,+11.40E+00,+3.20E+00,+5.745E+00
2,09/2/2026,14:58:41.673,-0.14E+00,-0.05E+00,+0.05E+00,-0.05E+00,-14.89E+00,+11.57E+00,+2.98E+00,+5.822E+00
2,09/2/2026,14:58:41.673,-0.14E+00,-0.05E+00,+0.05E+00,-0.05E+00,-14.82E+00,+11.72E+00,+2.75E+00,+5.898E+00
2,09/2/2026,14:58:41.673,-0.09E+00,-0.05E+00,+0.05E+00,-0.05E+00,-14.74E+00,+11.87E+00,+2.50E+00,+5.974E+00
2,09/2/2026,14:58:41.673,-0.09E+00,-0.05E+00,+0.05E+00,+0.00E+00,-14.65E+00,+12.01E+00,+2.26E+00,+6.051E+00
2,09/2/2026,14:58:41.673,-0.09E+00,-0.05E+00,+0.05E+00,+0.00E+00,-14.56E+00,+12.16E+00,+2.03E+00,+6.119E+00
2,09/2/2026,14:58:41.673,-0.09E+00,-0.05E+00,+0.05E+00,+0.00E+00,-14.45E+00,+12.30E+00,+1.79E+00,+6.188E+00
2,09/2/2026,14:58:41.673,-0.09E+00,-0.05E+00,+0.05E+00,+0.00E+00,-14.34E+00,+12.44E+00,+1.53E+00,+6.257E+00
2,09/2/2026,14:58:41.673,-0.09E+00,-0.05E+00,+0.05E+00,+0.00E+00,-14.22E+00,+12.57E+00,+1.28E+00,+6.318E+00
2,09/2/2026,14:58:41.673,-0.09E+00,-0.05E+00,+0.05E+00,+0.00E+00,-14.12E+00,+12.71E+00,+1.04E+00,+6.386E+00
2,09/2/2026,14:58:41.673,-0.09E+00,-0.05E+00,+0.05E+00,+0.00E+00,-13.99E+00,+12.83E+00,+0.78E+00,+6.447E+00
2,09/2/2026,14:58:41.673,-0.09E+00,-0.05E+00,+0.05E+00,+0.00E+00,-13.86E+00,+12.96E+00,+0.52E+00,+6.508E+00
2,09/2/2026,14:58:41.673,-0.14E+00,-0.05E+00,+0.05E+00,-0.05E+00,-13.73E+00,+13.09E+00,+0.27E+00,+6.570E+00
2,09/2/2026,14:58:41.673,-0.14E+00,-0.05E+00,+0.05E+00,+0.00E+00,-13.60E+00,+13.22E+00,+0.02E+00,+6.631E+00
2,09/2/2026,14:58:41.673,-0.09E+00,-0.05E+00,+0.05E+00,+0.00E+00,-13.46E+00,+13.32E+00,-0.23E+00,+6.684E+00
2,09/2/2026,14:58:41.673,-0.09E+00,-0.05E+00,+0.00E+00,-0.05E+00,-13.32E+00,+13.44E+00,-0.47E+00,+6.737E+00
2,09/2/2026,14:58:41.674,-0.09E+00,-0.05E+00,+0.05E+00,+0.00E+00,-13.17E+00,+13.55E+00,-0.73E+00,+6.791E+00
2,09/2/2026,14:58:41.674,-0.09E+00,-0.05E+00,+0.05E+00,+0.00E+00,-13.03E+00,+13.64E+00,-0.99E+00,+6.844E+00
2,09/2/2026,14:58:41.674,-0.09E+00,-0.05E+00,+0.05E+00,-0.05E+00,-12.86E+00,+13.75E+00,-1.25E+00,+6.890E+00
2,09/2/2026,14:58:41.674,-0.09E+00,-0.05E+00,+0.05E+00,-0.05E+00,-12.71E+00,+13.84E+00,-1.51E+00,+6.936E+00
2,09/2/2026,14:58:41.674,-0.09E+00,-0.05E+00,+0.05E+00,-0.05E+00,-12.54E+00,+13.93E+00,-1.75E+00,+6.982E+00
2,09/2/2026,14:58:41.674,-0.09E+00,-0.05E+00,+0.05E+00,-0.05E+00,-12.38E+00,+14.02E+00,-2.01E+00,+7.027E+00
2,09/2/2026,14:58:41.674,-0.09E+00,-0.05E+00,+0.05E+00,+0.00E+00,-12.21E+00,+14.10E+00,-2.27E+00,+7.065E+00
2,09/2/2026,14:58:41.674,-0.09E+00,-0.05E+00,+0.05E+00,-0.05E+00,-12.04E+00,+14.19E+00,-2.53E+00,+7.111E+00
2,09/2/2026,14:58:41.674,-0.14E+00,-0.05E+00,+0.05E+00,-0.05E+00,-11.87E+00,+14.27E+00,-2.78E+00,+7.149E+00
2,09/2/2026,14:58:41.674,-0.09E+00,-0.05E+00,+0.05E+00,-0.05E+00,-11.70E+00,+14.34E+00,-3.02E+00,+7.180E+00
2,09/2/2026,14:58:41.674,-0.14E+00,-0.05E+00,+0.05E+00,-0.05E+00,-11.52E+00,+14.42E+00,-3.28E+00,+7.218E+00
2,09/2/2026,14:58:41.674,-0.09E+00,-0.05E+00,+0.05E+00,+0.00E+00,-11.35E+00,+14.48E+00,-3.51E+00,+7.249E+00
2,09/2/2026,14:58:41.674,-0.09E+00,-0.05E+00,+0.05E+00,+0.00E+00,-11.17E+00,+14.54E+00,-3.75E+00,+7.287E+00
2,09/2/2026,14:58:41.674,-0.09E+00,-0.05E+00,+0.05E+00,-0.05E+00,-11.00E+00,+14.62E+00,-4.00E+00,+7.317E+00
2,09/2/2026,14:58:41.674,-0.09E+00,-0.05E+00,+0.05E+00,+0.00E+00,-10.82E+00,+14.68E+00,-4.24E+00,+7.340E+00
2,09/2/2026,14:58:41.674,-0.09E+00,-0.05E+00,+0.05E+00,+0.00E+00,-10.65E+00,+14.73E+00,-4.46E+00,+7.363E+00
2,09/2/2026,14:58:41.674,-0.09E+00,-0.05E+00,+0.05E+00,+0.00E+00,-10.47E+00,+14.79E+00,-4.70E+00,+7.394E+00
2,09/2/2026,14:58:41.674,-0.09E+00,-0.05E+00,+0.05E+00,+0.00E+00,-10.29E+00,+14.83E+00,-4.93E+00,+7.416E+00
2,09/2/2026,14:58:41.674,-0.09E+00,-0.05E+00,+0.05E+00,+0.00E+00,-10.12E+00,+14.88E+00,-5.14E+00,+7.439E+00
2,09/2/2026,14:58:41.674,-0.09E+00,-0.05E+00,+0.05E+00,-0.05E+00,-9.93E+00,+14.92E+00,-5.37E+00,+7.462E+00
2,09/2/2026,14:58:41.675,-0.09E+00,-0.05E+00,+0.05E+00,-0.05E+00,-9.74E+00,+14.95E+00,-5.59E+00,+7.477E+00
2,09/2/2026,14:58:41.675,-0.09E+00,-0.05E+00,+0.05E+00,-0.05E+00,-9.57E+00,+15.00E+00,-5.81E+00,+7.485E+00
2,09/2/2026,14:58:41.675,-0.14E+00,-0.05E+00,+0.05E+00,-0.05E+00,-9.39E+00,+15.03E+00,-6.03E+00,+7.508E+00
2,09/2/2026,14:58:41.675,-0.09E+00,-0.05E+00,+0.05E+00,+0.00E+00,-9.20E+00,+15.06E+00,-6.24E+00,+7.523E+00
2,09/2/2026,14:58:41.675,-0.09E+00,-0.05E+00,+0.05E+00,+0.00E+00,-9.02E+00,+15.09E+00,-6.46E+00,+7.539E+00
2,09/2/2026,14:58:41.675,-0.09E+00,-0.05E+00,+0.05E+00,+0.00E+00,-8.84E+00,+15.12E+00,-6.67E+00,+7.546E+00
2,09/2/2026,14:58:41.675,-0.14E+00,-0.05E+00,+0.05E+00,+0.00E+00,-8.65E+00,+15.15E+00,-6.88E+00,+7.561E+00
2,09/2/2026,14:58:41.675,-0.14E+00,-0.05E+00,+0.05E+00,+0.00E+00,-8.47E+00,+15.18E+00,-7.10E+00,+7.569E+00
2,09/2/2026,14:58:41.675,-0.09E+00,-0.05E+00,+0.05E+00,-0.05E+00,-8.29E+00,+15.20E+00,-7.29E+00,+7.584E+00
2,09/2/2026,14:58:41.675,-0.09E+00,-0.05E+00,+0.05E+00,+0.00E+00,-8.10E+00,+15.21E+00,-7.51E+00,+7.592E+00
2,09/2/2026,14:58:41.675,-0.09E+00,-0.05E+00,+0.05E+00,+0.00E+00,-7.90E+00,+15.24E+00,-7.72E+00,+7.600E+00
2,09/2/2026,14:58:41.675,-0.14E+00,-0.09E+00,+0.05E+00,-0.05E+00,-7.72E+00,+15.26E+00,-7.92E+00,+7.607E+00
2,09/2/2026,14:58:41.675,-0.14E+00,-0.05E+00,+0.05E+00,-0.05E+00,-7.52E+00,+15.28E+00,-8.13E+00,+7.615E+00
2,09/2/2026,14:58:41.675,-0.09E+00,-0.05E+00,+0.05E+00,+0.00E+00,-7.32E+00,+15.29E+00,-8.33E+00,+7.622E+00
2,09/2/2026,14:58:41.675,-0.09E+00,-0.05E+00,+0.05E+00,+0.00E+00,-7.14E+00,+15.31E+00,-8.55E+00,+7.622E+00
2,09/2/2026,14:58:41.675,-0.09E+00,-0.05E+00,+0.05E+00,+0.00E+00,-6.94E+00,+15.31E+00,-8.74E+00,+7.622E+00
2,09/2/2026,14:58:41.675,-0.14E+00,-0.05E+00,+0.05E+00,+0.00E+00,-6.75E+00,+15.31E+00,-8.94E+00,+7.630E+00
2,09/2/2026,14:58:41.675,-0.09E+00,-0.05E+00,+0.05E+00,-0.05E+00,-6.55E+00,+15.32E+00,-9.14E+00,+7.630E+00
2,09/2/2026,14:58:41.675,-0.09E+00,-0.05E+00,+0.05E+00,+0.00E+00,-6.35E+00,+15.31E+00,-9.35E+00,+7.622E+00
2,09/2/2026,14:58:41.675,-0.14E+00,-0.05E+00,+0.05E+00,-0.05E+00,-6.15E+00,+15.31E+00,-9.55E+00,+7.630E+00
2,09/2/2026,14:58:41.676,-0.09E+00,-0.05E+00,+0.05E+00,-0.05E+00,-5.94E+00,+15.32E+00,-9.75E+00,+7.630E+00
2,09/2/2026,14:58:41.676,-0.09E+00,-0.05E+00,+0.05E+00,+0.00E+00,-5.74E+00,+15.31E+00,-9.96E+00,+7.622E+00
2,09/2/2026,14:58:41.676,-0.09E+00,-0.05E+00,+0.05E+00,+0.00E+00,-5.52E+00,+15.31E+00,-10.16E+00,+7.615E+00
2,09/2/2026,14:58:41.676,-0.09E+00,-0.05E+00,+0.05E+00,+0.00E+00,-5.31E+00,+15.29E+00,-10.36E+00,+7.615E+00
2,09/2/2026,14:58:41.676,-0.09E+00,-0.05E+00,+0.05E+00,+0.00E+00,-5.10E+00,+15.29E+00,-10.58E+00,+7.607E+00
2,09/2/2026,14:58:41.676,-0.09E+00,-0.05E+00,+0.05E+00,-0.05E+00,-4.88E+00,+15.26E+00,-10.77E+00,+7.600E+00
2,09/2/2026,14:58:41.676,-0.09E+00,-0.09E+00,+0.05E+00,+0.00E+00,-4.67E+00,+15.24E+00,-10.97E+00,+7.584E+00
2,09/2/2026,14:58:41.676,-0.09E+00,-0.05E+00,+0.05E+00,+0.00E+00,-4.44E+00,+15.21E+00,-11.16E+00,+7.561E+00
2,09/2/2026,14:58:41.676,-0.09E+00,-0.05E+00,+0.05E+00,+0.00E+00,-4.23E+00,+15.18E+00,-11.32E+00,+7.546E+00
2,09/2/2026,14:58:41.676,-0.09E+00,-0.05E+00,+0.05E+00,+0.00E+00,-4.00E+00,+15.12E+00,-11.51E+00,+7.523E+00
2,09/2/2026,14:58:41.676,-0.09E+00,-0.05E+00,+0.05E+00,-0.05E+00,-3.77E+00,+15.06E+00,-11.67E+00,+7.493E+00
2,09/2/2026,14:58:41.676,-0.09E+00,-0.05E+00,+0.05E+00,-0.05E+00,-3.54E+00,+14.99E+00,-11.83E+00,+7.447E+00
2,09/2/2026,14:58:41.676,-0.09E+00,-0.05E+00,+0.05E+00,+0.00E+00,-3.31E+00,+14.91E+00,-11.98E+00,+7.401E+00
2,09/2/2026,14:58:41.676,-0.09E+00,-0.05E+00,+0.05E+00,+0.00E+00,-3.08E+00,+14.82E+00,-12.12E+00,+7.355E+00
2,09/2/2026,14:58:41.676,-0.09E+00,-0.05E+00,+0.05E+00,+0.00E+00,-2.85E+00,+14.73E+00,-12.27E+00,+7.317E+00
2,09/2/2026,14:58:41.676,-0.09E+00,-0.05E+00,+0.05E+00,+0.00E+00,-2.61E+00,+14.62E+00,-12.39E+00,+7.264E+00
2,09/2/2026,14:58:41.676,-0.14E+00,-0.05E+00,+0.05E+00,+0.00E+00,-2.37E+00,+14.51E+00,-12.53E+00,+7.210E+00
2,09/2/2026,14:58:41.676,-0.14E+00,-0.05E+00,+0.05E+00,-0.05E+00,-2.14E+00,+14.41E+00,-12.67E+00,+7.157E+00
2,09/2/2026,14:58:41.676,-0.14E+00,-0.05E+00,+0.05E+00,+0.00E+00,-1.88E+00,+14.30E+00,-12.79E+00,+7.096E+00
2,09/2/2026,14:58:41.676,-0.09E+00,-0.05E+00,+0.05E+00,+0.00E+00,-1.63E+00,+14.18E+00,-12.91E+00,+7.043E+00
2,09/2/2026,14:58:41.677,-0.09E+00,-0.05E+00,+0.05E+00,+0.00E+00,-1.39E+00,+14.05E+00,-13.05E+00,+6.982E+00
2,09/2/2026,14:58:41.677,-0.14E+00,-0.05E+00,+0.05E+00,+0.00E+00,-1.13E+00,+13.93E+00,-13.17E+00,+6.913E+00
2,09/2/2026,14:58:41.677,-0.14E+00,-0.05E+00,+0.05E+00,+0.00E+00,-0.89E+00,+13.80E+00,-13.29E+00,+6.844E+00
2,09/2/2026,14:58:41.677,-0.09E+00,-0.05E+00,+0.05E+00,-0.05E+00,-0.64E+00,+13.66E+00,-13.40E+00,+6.776E+00
2,09/2/2026,14:58:41.677,-0.09E+00,-0.05E+00,+0.05E+00,+0.00E+00,-0.38E+00,+13.52E+00,-13.51E+00,+6.707E+00
2,09/2/2026,14:58:41.677,-0.09E+00,-0.05E+00,+0.05E+00,+0.00E+00,-0.14E+00,+13.38E+00,-13.61E+00,+6.638E+00
2,09/2/2026,14:58:41.677,-0.09E+00,-0.05E+00,+0.05E+00,+0.00E+00,+0.12E+00,+13.25E+00,-13.73E+00,+6.562E+00
2,09/2/2026,14:58:41.677,-0.09E+00,-0.05E+00,+0.05E+00,+0.00E+00,+0.37E+00,+13.09E+00,-13.84E+00,+6.486E+00
2,09/2/2026,14:58:41.677,-0.09E+00,-0.05E+00,+0.05E+00,+0.00E+00,+0.63E+00,+12.94E+00,-13.93E+00,+6.409E+00
2,09/2/2026,14:58:41.677,-0.09E+00,-0.05E+00,+0.05E+00,+0.00E+00,+0.87E+00,+12.79E+00,-14.04E+00,+6.333E+00
2,09/2/2026,14:58:41.677,-0.09E+00,-0.05E+00,+0.05E+00,+0.00E+00,+1.13E+00,+12.62E+00,-14.13E+00,+6.257E+00
2,09/2/2026,14:58:41.677,-0.09E+00,-0.05E+00,+0.05E+00,+0.00E+00,+1.37E+00,+12.47E+00,-14.22E+00,+6.173E+00
2,09/2/2026,14:58:41.677,-0.09E+00,-0.05E+00,+0.05E+00,-0.05E+00,+1.63E+00,+12.30E+00,-14.30E+00,+6.096E+00
2,09/2/2026,14:58:41.677,-0.09E+00,-0.05E+00,+0.05E+00,-0.05E+00,+1.88E+00,+12.15E+00,-14.39E+00,+6.005E+00
2,09/2/2026,14:58:41.677,-0.14E+00,-0.05E+00,+0.05E+00,+0.00E+00,+2.12E+00,+11.98E+00,-14.47E+00,+5.921E+00
2,09/2/2026,14:58:41.677,-0.09E+00,-0.05E+00,+0.05E+00,+0.00E+00,+2.38E+00,+11.80E+00,-14.54E+00,+5.837E+00
2,09/2/2026,14:58:41.677,-0.09E+00,-0.05E+00,+0.05E+00,+0.00E+00,+2.61E+00,+11.63E+00,-14.60E+00,+5.753E+00
2,09/2/2026,14:58:41.677,-0.09E+00,-0.05E+00,+0.05E+00,+0.00E+00,+2.85E+00,+11.46E+00,-14.68E+00,+5.662E+00
2,09/2/2026,14:58:41.677,-0.09E+00,-0.05E+00,+0.05E+00,+0.00E+00,+3.10E+00,+11.29E+00,-14.74E+00,+5.578E+00
2,09/2/2026,14:58:41.677,-0.09E+00,-0.05E+00,+0.05E+00,+0.00E+00,+3.33E+00,+11.11E+00,-14.80E+00,+5.494E+00
2,09/2/2026,14:58:41.678,-0.14E+00,-0.05E+00,+0.05E+00,-0.05E+00,+3.56E+00,+10.93E+00,-14.86E+00,+5.402E+00
2,09/2/2026,14:58:41.678,-0.09E+00,-0.05E+00,+0.05E+00,-0.05E+00,+3.78E+00,+10.76E+00,-14.91E+00,+5.318E+00
2,09/2/2026,14:58:41.678,-0.09E+00,-0.05E+00,+0.05E+00,+0.00E+00,+4.00E+00,+10.59E+00,-14.95E+00,+5.227E+00
2,09/2/2026,14:58:41.678,-0.09E+00,-0.05E+00,+0.05E+00,+0.00E+00,+4.23E+00,+10.41E+00,-15.00E+00,+5.135E+00
2,09/2/2026,14:58:41.678,-0.09E+00,-0.05E+00,+0.05E+00,+0.00E+00,+4.46E+00,+10.22E+00,-15.05E+00,+5.043E+00
2,09/2/2026,14:58:41.678,-0.09E+00,-0.05E+00,+0.05E+00,-0.05E+00,+4.67E+00,+10.04E+00,-15.08E+00,+4.952E+00
2,09/2/2026,14:58:41.678,-0.09E+00,-0.05E+00,+0.05E+00,-0.05E+00,+4.88E+00,+9.86E+00,-15.12E+00,+4.860E+00
2,09/2/2026,14:58:41.678,-0.09E+00,-0.05E+00,+0.05E+00,-0.05E+00,+5.11E+00,+9.69E+00,-15.15E+00,+4.769E+00
2,09/2/2026,14:58:41.678,-0.09E+00,-0.05E+00,+0.05E+00,-0.05E+00,+5.33E+00,+9.49E+00,-15.18E+00,+4.677E+00
2,09/2/2026,14:58:41.678,-0.09E+00,-0.05E+00,+0.05E+00,+0.00E+00,+5.54E+00,+9.31E+00,-15.21E+00,+4.586E+00
2,09/2/2026,14:58:41.678,-0.09E+00,-0.05E+00,+0.05E+00,+0.00E+00,+5.75E+00,+9.13E+00,-15.24E+00,+4.494E+00
2,09/2/2026,14:58:41.678,-0.14E+00,-0.05E+00,+0.05E+00,-0.05E+00,+5.95E+00,+8.94E+00,-15.26E+00,+4.403E+00
2,09/2/2026,14:58:41.678,-0.09E+00,-0.05E+00,+0.05E+00,+0.00E+00,+6.17E+00,+8.76E+00,-15.29E+00,+4.311E+00
2,09/2/2026,14:58:41.678,-0.09E+00,-0.05E+00,+0.05E+00,+0.00E+00,+6.38E+00,+8.56E+00,-15.32E+00,+4.212E+00
2,09/2/2026,14:58:41.678,-0.09E+00,-0.05E+00,+0.05E+00,-0.05E+00,+6.59E+00,+8.38E+00,-15.34E+00,+4.120E+00
2,09/2/2026,14:58:41.678,-0.09E+00,-0.05E+00,+0.05E+00,+0.00E+00,+6.79E+00,+8.18E+00,-15.35E+00,+4.021E+00
2,09/2/2026,14:58:41.678,-0.09E+00,-0.05E+00,+0.05E+00,+0.00E+00,+7.00E+00,+8.00E+00,-15.35E+00,+3.929E+00
2,09/2/2026,14:58:41.678,-0.14E+00,-0.05E+00,+0.05E+00,+0.00E+00,+7.20E+00,+7.80E+00,-15.37E+00,+3.830E+00
2,09/2/2026,14:58:41.678,-0.14E+00,-0.05E+00,+0.05E+00,+0.00E+00,+7.42E+00,+7.60E+00,-15.38E+00,+3.731E+00
2,09/2/2026,14:58:41.678,-0.14E+00,-0.05E+00,+0.05E+00,-0.05E+00,+7.61E+00,+7.40E+00,-15.40E+00,+3.632E+00
2,09/2/2026,14:58:41.679,-0.14E+00,-0.05E+00,+0.05E+00,+0.00E+00,+7.83E+00,+7.20E+00,-15.40E+00,+3.533E+00
2,09/2/2026,14:58:41.679,-0.09E+00,-0.05E+00,+0.05E+00,+0.00E+00,+8.03E+00,+7.00E+00,-15.41E+00,+3.434E+00
2,09/2/2026,14:58:41.679,-0.09E+00,-0.05E+00,+0.05E+00,+0.00E+00,+8.24E+00,+6.81E+00,-15.41E+00,+3.334E+00
2,09/2/2026,14:58:41.679,-0.14E+00,-0.05E+00,+0.05E+00,+0.00E+00,+8.44E+00,+6.61E+00,-15.41E+00,+3.228E+00
2,09/2/2026,14:58:41.679,-0.09E+00,-0.05E+00,+0.05E+00,+0.00E+00,+8.65E+00,+6.39E+00,-15.41E+00,+3.128E+00
2,09/2/2026,14:58:41.679,-0.09E+00,-0.05E+00,+0.05E+00,+0.00E+00,+8.87E+00,+6.18E+00,-15.41E+00,+3.022E+00
2,09/2/2026,14:58:41.679,-0.09E+00,-0.05E+00,+0.05E+00,+0.00E+00,+9.06E+00,+5.97E+00,-15.41E+00,+2.922E+00
2,09/2/2026,14:58:41.679,-0.09E+00,-0.05E+00,+0.05E+00,+0.00E+00,+9.29E+00,+5.75E+00,-15.41E+00,+2.808E+00
2,09/2/2026,14:58:41.679,-0.09E+00,-0.05E+00,+0.05E+00,+0.00E+00,+9.51E+00,+5.52E+00,-15.41E+00,+2.701E+00
2,09/2/2026,14:58:41.679,-0.09E+00,-0.05E+00,+0.05E+00,+0.00E+00,+9.71E+00,+5.31E+00,-15.40E+00,+2.594E+00
2,09/2/2026,14:58:41.679,-0.14E+00,-0.05E+00,+0.05E+00,+0.00E+00,+9.92E+00,+5.10E+00,-15.38E+00,+2.487E+00
2,09/2/2026,14:58:41.679,-0.14E+00,-0.05E+00,+0.05E+00,-0.05E+00,+10.12E+00,+4.88E+00,-15.38E+00,+2.381E+00
2,09/2/2026,14:58:41.679,-0.09E+00,-0.05E+00,+0.05E+00,+0.00E+00,+10.33E+00,+4.67E+00,-15.37E+00,+2.274E+00
2,09/2/2026,14:58:41.679,-0.09E+00,-0.05E+00,+0.05E+00,+0.00E+00,+10.53E+00,+4.46E+00,-15.35E+00,+2.167E+00
2,09/2/2026,14:58:41.679,-0.09E+00,-0.05E+00,+0.05E+00,+0.00E+00,+10.71E+00,+4.24E+00,-15.34E+00,+2.060E+00
2,09/2/2026,14:58:41.679,-0.09E+00,-0.05E+00,+0.05E+00,+0.00E+00,+10.90E+00,+4.03E+00,-15.29E+00,+1.953E+00
2,09/2/2026,14:58:41.679,-0.09E+00,-0.05E+00,+0.05E+00,+0.00E+00,+11.08E+00,+3.82E+00,-15.26E+00,+1.846E+00
2,09/2/2026,14:58:41.679,-0.14E+00,-0.05E+00,+0.05E+00,-0.05E+00,+11.25E+00,+3.59E+00,-15.21E+00,+1.732E+00
2,09/2/2026,14:58:41.679,-0.09E+00,-0.05E+00,+0.05E+00,+0.00E+00,+11.41E+00,+3.36E+00,-15.15E+00,+1.618E+00
2,09/2/2026,14:58:41.679,-0.09E+00,-0.05E+00,+0.05E+00,+0.00E+00,+11.60E+00,+3.13E+00,-15.08E+00,+1.495E+00
2,09/2/2026,14:58:41.680,-0.09E+00,-0.05E+00,+0.05E+00,+0.00E+00,+11.75E+00,+2.88E+00,-15.00E+00,+1.373E+00
2,09/2/2026,14:58:41.680,-0.09E+00,-0.05E+00,+0.05E+00,+0.00E+00,+11.90E+00,+2.62E+00,-14.89E+00,+1.259E+00
2,09/2/2026,14:58:41.680,-0.09E+00,-0.05E+00,+0.05E+00,-0.05E+00,+12.04E+00,+2.37E+00,-14.79E+00,+1.129E+00
2,09/2/2026,14:58:41.680,-0.09E+00,-0.05E+00,+0.05E+00,-0.05E+00,+12.16E+00,+2.12E+00,-14.67E+00,+1.000E+00
2,09/2/2026,14:58:41.680,-0.09E+00,-0.05E+00,+0.05E+00,-0.05E+00,+12.30E+00,+1.88E+00,-14.54E+00,+0.877E+00
2,09/2/2026,14:58:41.680,-0.09E+00,-0.05E+00,+0.05E+00,-0.05E+00,+12.42E+00,+1.63E+00,-14.42E+00,+0.755E+00
2,09/2/2026,14:58:41.680,-0.09E+00,-0.05E+00,+0.05E+00,+0.00E+00,+12.54E+00,+1.39E+00,-14.30E+00,+0.633E+00
2,09/2/2026,14:58:41.680,-0.09E+00,-0.05E+00,+0.05E+00,+0.00E+00,+12.67E+00,+1.13E+00,-14.18E+00,+0.511E+00
2,09/2/2026,14:58:41.680,-0.14E+00,-0.05E+00,+0.05E+00,-0.05E+00,+12.77E+00,+0.89E+00,-14.04E+00,+0.389E+00
2,09/2/2026,14:58:41.680,-0.09E+00,-0.05E+00,+0.05E+00,-0.05E+00,+12.91E+00,+0.64E+00,-13.92E+00,+0.267E+00
2,09/2/2026,14:58:41.680,-0.09E+00,-0.05E+00,+0.05E+00,-0.05E+00,+13.02E+00,+0.40E+00,-13.80E+00,+0.145E+00
2,09/2/2026,14:58:41.680,-0.14E+00,-0.05E+00,+0.05E+00,-0.05E+00,+13.14E+00,+0.15E+00,-13.69E+00,+0.031E+00
2,09/2/2026,14:58:41.680,-0.09E+00,-0.05E+00,+0.05E+00,+0.00E+00,+13.25E+00,-0.09E+00,-13.55E+00,-0.092E+00
2,09/2/2026,14:58:41.680,-0.09E+00,-0.05E+00,+0.05E+00,+0.00E+00,+13.35E+00,-0.34E+00,-13.40E+00,-0.214E+00
2,09/2/2026,14:58:41.680,-0.09E+00,-0.05E+00,+0.05E+00,+0.00E+00,+13.46E+00,-0.58E+00,-13.25E+00,-0.343E+00
2,09/2/2026,14:58:41.680,-0.09E+00,-0.05E+00,+0.05E+00,-0.05E+00,+13.55E+00,-0.84E+00,-13.09E+00,-0.465E+00
2,09/2/2026,14:58:41.680,-0.09E+00,-0.05E+00,+0.05E+00,-0.05E+00,+13.64E+00,-1.10E+00,-12.93E+00,-0.588E+00
2,09/2/2026,14:58:41.680,-0.09E+00,-0.05E+00,+0.05E+00,-0.05E+00,+13.72E+00,-1.36E+00,-12.76E+00,-0.717E+00
2,09/2/2026,14:58:41.680,-0.09E+00,-0.05E+00,+0.00E+00,+0.00E+00,+13.81E+00,-1.60E+00,-12.57E+00,-0.847E+00
2,09/2/2026,14:58:41.680,-0.09E+00,-0.05E+00,+0.05E+00,+0.00E+00,+13.89E+00,-1.85E+00,-12.41E+00,-0.977E+00
2,09/2/2026,14:58:41.681,-0.14E+00,-0.05E+00,+0.05E+00,+0.00E+00,+13.96E+00,-2.12E+00,-12.22E+00,-1.099E+00
2,09/2/2026,14:58:41.681,-0.14E+00,-0.05E+00,+0.05E+00,+0.00E+00,+14.04E+00,-2.37E+00,-12.06E+00,-1.228E+00
2,09/2/2026,14:58:41.681,-0.09E+00,-0.05E+00,+0.05E+00,-0.05E+00,+14.12E+00,-2.61E+00,-11.87E+00,-1.351E+00
2,09/2/2026,14:58:41.681,-0.09E+00,-0.05E+00,+0.05E+00,-0.05E+00,+14.19E+00,-2.87E+00,-11.70E+00,-1.473E+00
2,09/2/2026,14:58:41.681,-0.09E+00,-0.05E+00,+0.05E+00,+0.00E+00,+14.27E+00,-3.11E+00,-11.52E+00,-1.595E+00
2,09/2/2026,14:58:41.681,-0.09E+00,-0.05E+00,+0.05E+00,+0.00E+00,+14.33E+00,-3.36E+00,-11.35E+00,-1.717E+00
2,09/2/2026,14:58:41.681,-0.09E+00,-0.05E+00,+0.05E+00,-0.05E+00,+14.39E+00,-3.60E+00,-11.19E+00,-1.839E+00
2,09/2/2026,14:58:41.681,-0.14E+00,-0.05E+00,+0.05E+00,+0.00E+00,+14.47E+00,-3.85E+00,-11.00E+00,-1.953E+00
2,09/2/2026,14:58:41.681,-0.09E+00,-0.05E+00,+0.00E+00,+0.00E+00,+14.53E+00,-4.07E+00,-10.82E+00,-2.075E+00
2,09/2/2026,14:58:41.681,-0.09E+00,-0.05E+00,+0.05E+00,+0.00E+00,+14.57E+00,-4.30E+00,-10.64E+00,-2.190E+00
2,09/2/2026,14:58:41.681,-0.09E+00,-0.05E+00,+0.05E+00,+0.00E+00,+14.63E+00,-4.53E+00,-10.47E+00,-2.304E+00
2,09/2/2026,14:58:41.681,-0.09E+00,-0.05E+00,+0.05E+00,-0.05E+00,+14.68E+00,-4.78E+00,-10.29E+00,-2.419E+00
2,09/2/2026,14:58:41.681,-0.09E+00,-0.05E+00,+0.05E+00,-0.05E+00,+14.73E+00,-5.01E+00,-10.10E+00,-2.533E+00
2,09/2/2026,14:58:41.681,-0.09E+00,-0.05E+00,+0.05E+00,+0.00E+00,+14.77E+00,-5.23E+00,-9.92E+00,-2.648E+00
2,09/2/2026,14:58:41.681,-0.14E+00,-0.05E+00,+0.05E+00,+0.00E+00,+14.80E+00,-5.45E+00,-9.72E+00,-2.754E+00
2,09/2/2026,14:58:41.681,-0.09E+00,-0.05E+00,+0.05E+00,+0.00E+00,+14.83E+00,-5.68E+00,-9.52E+00,-2.861E+00
2,09/2/2026,14:58:41.681,-0.09E+00,-0.05E+00,+0.05E+00,+0.00E+00,+14.86E+00,-5.91E+00,-9.34E+00,-2.976E+00
2,09/2/2026,14:58:41.681,-0.09E+00,-0.05E+00,+0.05E+00,+0.00E+00,+14.89E+00,-6.12E+00,-9.16E+00,-3.083E+00
2,09/2/2026,14:58:41.681,-0.14E+00,-0.05E+00,+0.05E+00,+0.00E+00,+14.91E+00,-6.33E+00,-8.96E+00,-3.189E+00
2,09/2/2026,14:58:41.681,-0.14E+00,-0.05E+00,+0.05E+00,-0.05E+00,+14.94E+00,-6.55E+00,-8.76E+00,-3.289E+00
2,09/2/2026,14:58:41.682,-0.09E+00,-0.05E+00,+0.05E+00,-0.05E+00,+14.97E+00,-6.76E+00,-8.59E+00,-3.395E+00
2,09/2/2026,14:58:41.682,-0.09E+00,-0.05E+00,+0.05E+00,+0.00E+00,+14.99E+00,-6.96E+00,-8.41E+00,-3.502E+00
2,09/2/2026,14:58:41.682,-0.09E+00,-0.05E+00,+0.05E+00,+0.00E+00,+15.02E+00,-7.17E+00,-8.21E+00,-3.601E+00
2,09/2/2026,14:58:41.682,-0.09E+00,-0.05E+00,+0.05E+00,-0.05E+00,+15.03E+00,-7.37E+00,-8.03E+00,-3.708E+00
2,09/2/2026,14:58:41.682,-0.14E+00,-0.05E+00,+0.05E+00,-0.05E+00,+15.05E+00,-7.58E+00,-7.83E+00,-3.807E+00
2,09/2/2026,14:58:41.682,-0.09E+00,-0.05E+00,+0.05E+00,-0.05E+00,+15.05E+00,-7.80E+00,-7.63E+00,-3.914E+00
2,09/2/2026,14:58:41.682,-0.09E+00,-0.05E+00,+0.05E+00,+0.00E+00,+15.06E+00,-8.00E+00,-7.45E+00,-4.013E+00
2,09/2/2026,14:58:41.682,-0.09E+00,-0.05E+00,+0.05E+00,+0.00E+00,+15.08E+00,-8.19E+00,-7.25E+00,-4.113E+00
2,09/2/2026,14:58:41.682,-0.09E+00,-0.05E+00,+0.05E+00,+0.00E+00,+15.08E+00,-8.41E+00,-7.05E+00,-4.212E+00
2,09/2/2026,14:58:41.682,-0.09E+00,-0.05E+00,+0.05E+00,+0.00E+00,+15.08E+00,-8.61E+00,-6.85E+00,-4.311E+00
2,09/2/2026,14:58:41.682,-0.09E+00,-0.05E+00,+0.05E+00,-0.05E+00,+15.08E+00,-8.82E+00,-6.65E+00,-4.410E+00
2,09/2/2026,14:58:41.682,-0.09E+00,-0.05E+00,+0.05E+00,-0.05E+00,+15.08E+00,-9.02E+00,-6.46E+00,-4.517E+00
2,09/2/2026,14:58:41.682,-0.09E+00,-0.05E+00,+0.05E+00,-0.05E+00,+15.08E+00,-9.23E+00,-6.24E+00,-4.616E+00
2,09/2/2026,14:58:41.682,-0.09E+00,-0.05E+00,+0.05E+00,+0.00E+00,+15.08E+00,-9.43E+00,-6.03E+00,-4.715E+00
2,09/2/2026,14:58:41.682,-0.09E+00,-0.05E+00,+0.05E+00,-0.05E+00,+15.08E+00,-9.64E+00,-5.80E+00,-4.815E+00
2,09/2/2026,14:58:41.682,-0.14E+00,-0.05E+00,+0.05E+00,-0.05E+00,+15.06E+00,-9.86E+00,-5.59E+00,-4.921E+00
2,09/2/2026,14:58:41.682,-0.14E+00,-0.09E+00,+0.05E+00,-0.05E+00,+15.05E+00,-10.07E+00,-5.37E+00,-5.028E+00
2,09/2/2026,14:58:41.682,-0.09E+00,-0.05E+00,+0.05E+00,-0.05E+00,+15.03E+00,-10.27E+00,-5.14E+00,-5.127E+00
2,09/2/2026,14:58:41.682,-0.14E+00,-0.05E+00,+0.05E+00,+0.00E+00,+15.00E+00,-10.47E+00,-4.91E+00,-5.227E+00
2,09/2/2026,14:58:41.682,-0.14E+00,-0.05E+00,+0.05E+00,+0.00E+00,+14.99E+00,-10.67E+00,-4.70E+00,-5.326E+00
2,09/2/2026,14:58:41.683,-0.09E+00,-0.05E+00,+0.05E+00,-0.05E+00,+14.95E+00,-10.87E+00,-4.47E+00,-5.417E+00
2,09/2/2026,14:58:41.683,-0.09E+00,-0.05E+00,+0.05E+00,+0.00E+00,+14.91E+00,-11.03E+00,-4.24E+00,-5.509E+00
2,09/2/2026,14:58:41.683,-0.14E+00,-0.05E+00,+0.05E+00,-0.05E+00,+14.86E+00,-11.22E+00,-4.01E+00,-5.600E+00
2,09/2/2026,14:58:41.683,-0.14E+00,-0.05E+00,+0.00E+00,-0.05E+00,+14.80E+00,-11.40E+00,-3.78E+00,-5.684E+00
2,09/2/2026,14:58:41.683,-0.14E+00,-0.05E+00,+0.05E+00,+0.00E+00,+14.74E+00,-11.57E+00,-3.56E+00,-5.768E+00
2,09/2/2026,14:58:41.683,-0.09E+00,-0.05E+00,+0.05E+00,+0.00E+00,+14.67E+00,-11.72E+00,-3.33E+00,-5.845E+00
2,09/2/2026,14:58:41.683,-0.09E+00,-0.05E+00,+0.05E+00,+0.00E+00,+14.59E+00,-11.89E+00,-3.10E+00,-5.921E+00
2,09/2/2026,14:58:41.683,-0.09E+00,-0.05E+00,+0.05E+00,+0.00E+00,+14.51E+00,-12.04E+00,-2.85E+00,-5.997E+00
2,09/2/2026,14:58:41.683,-0.14E+00,-0.05E+00,+0.05E+00,-0.05E+00,+14.42E+00,-12.19E+00,-2.61E+00,-6.074E+00
2,09/2/2026,14:58:41.683,-0.14E+00,-0.05E+00,+0.05E+00,+0.00E+00,+14.33E+00,-12.33E+00,-2.37E+00,-6.142E+00
2,09/2/2026,14:58:41.683,-0.09E+00,-0.05E+00,+0.05E+00,+0.00E+00,+14.22E+00,-12.48E+00,-2.12E+00,-6.219E+00
2,09/2/2026,14:58:41.683,-0.14E+00,-0.05E+00,+0.05E+00,-0.05E+00,+14.12E+00,-12.62E+00,-1.88E+00,-6.287E+00
2,09/2/2026,14:58:41.683,-0.09E+00,-0.05E+00,+0.05E+00,+0.00E+00,+14.01E+00,-12.76E+00,-1.62E+00,-6.348E+00
2,09/2/2026,14:58:41.683,-0.09E+00,-0.05E+00,+0.05E+00,+0.00E+00,+13.89E+00,-12.88E+00,-1.37E+00,-6.417E+00
2,09/2/2026,14:58:41.683,-0.14E+00,-0.05E+00,+0.05E+00,+0.00E+00,+13.76E+00,-13.02E+00,-1.13E+00,-6.478E+00
2,09/2/2026,14:58:41.683,-0.14E+00,-0.05E+00,+0.05E+00,+0.00E+00,+13.64E+00,-13.14E+00,-0.89E+00,-6.539E+00
2,09/2/2026,14:58:41.683,-0.09E+00,-0.05E+00,+0.05E+00,-0.05E+00,+13.51E+00,-13.26E+00,-0.63E+00,-6.600E+00
2,09/2/2026,14:58:41.683,-0.09E+00,-0.05E+00,+0.05E+00,+0.00E+00,+13.38E+00,-13.38E+00,-0.38E+00,-6.653E+00
2,09/2/2026,14:58:41.683,-0.09E+00,-0.05E+00,+0.05E+00,+0.00E+00,+13.25E+00,-13.49E+00,-0.12E+00,-6.714E+00
2,09/2/2026,14:58:41.683,-0.09E+00,-0.05E+00,+0.05E+00,-0.05E+00,+13.11E+00,-13.61E+00,+0.12E+00,-6.768E+00
2,09/2/2026,14:58:41.684,-0.14E+00,-0.05E+00,+0.05E+00,-0.05E+00,+12.96E+00,-13.72E+00,+0.37E+00,-6.821E+00
2,09/2/2026,14:58:41.684,-0.09E+00,-0.05E+00,+0.00E+00,-0.05E+00,+12.82E+00,-13.83E+00,+0.64E+00,-6.867E+00
2,09/2/2026,14:58:41.684,-0.09E+00,-0.05E+00,+0.05E+00,+0.00E+00,+12.65E+00,-13.92E+00,+0.90E+00,-6.920E+00
2,09/2/2026,14:58:41.684,-0.09E+00,-0.05E+00,+0.05E+00,+0.00E+00,+12.48E+00,-14.02E+00,+1.16E+00,-6.966E+00
2,09/2/2026,14:58:41.684,-0.09E+00,-0.05E+00,+0.05E+00,-0.05E+00,+12.33E+00,-14.12E+00,+1.42E+00,-7.012E+00
2,09/2/2026,14:58:41.684,-0.09E+00,-0.05E+00,+0.05E+00,-0.05E+00,+12.16E+00,-14.21E+00,+1.68E+00,-7.050E+00
2,09/2/2026,14:58:41.684,-0.14E+00,-0.05E+00,+0.05E+00,+0.00E+00,+11.99E+00,-14.28E+00,+1.92E+00,-7.096E+00
2,09/2/2026,14:58:41.684,-0.14E+00,-0.05E+00,+0.05E+00,+0.00E+00,+11.83E+00,-14.36E+00,+2.18E+00,-7.134E+00
2,09/2/2026,14:58:41.684,-0.09E+00,-0.05E+00,+0.05E+00,+0.00E+00,+11.66E+00,-14.45E+00,+2.43E+00,-7.172E+00
2,09/2/2026,14:58:41.684,-0.09E+00,-0.05E+00,+0.05E+00,-0.05E+00,+11.48E+00,-14.53E+00,+2.67E+00,-7.210E+00
2,09/2/2026,14:58:41.684,-0.09E+00,-0.05E+00,+0.05E+00,-0.05E+00,+11.31E+00,-14.60E+00,+2.91E+00,-7.249E+00
2,09/2/2026,14:58:41.684,-0.14E+00,-0.05E+00,+0.05E+00,+0.00E+00,+11.14E+00,-14.67E+00,+3.16E+00,-7.279E+00
2,09/2/2026,14:58:41.684,-0.09E+00,-0.05E+00,+0.05E+00,+0.00E+00,+10.96E+00,-14.73E+00,+3.40E+00,-7.310E+00
2,09/2/2026,14:58:41.684,-0.09E+00,-0.05E+00,+0.05E+00,-0.05E+00,+10.79E+00,-14.79E+00,+3.63E+00,-7.340E+00
2,09/2/2026,14:58:41.684,-0.14E+00,-0.05E+00,+0.05E+00,-0.05E+00,+10.61E+00,-14.85E+00,+3.88E+00,-7.371E+00
2,09/2/2026,14:58:41.684,-0.09E+00,-0.05E+00,+0.00E+00,-0.05E+00,+10.42E+00,-14.91E+00,+4.10E+00,-7.394E+00
2,09/2/2026,14:58:41.684,-0.09E+00,-0.05E+00,+0.05E+00,+0.00E+00,+10.25E+00,-14.97E+00,+4.33E+00,-7.424E+00
2,09/2/2026,14:58:41.684,-0.09E+00,-0.05E+00,+0.05E+00,+0.00E+00,+10.09E+00,-15.02E+00,+4.56E+00,-7.447E+00
2,09/2/2026,14:58:41.684,-0.14E+00,-0.05E+00,+0.05E+00,+0.00E+00,+9.90E+00,-15.06E+00,+4.79E+00,-7.470E+00
2,09/2/2026,14:58:41.684,-0.09E+00,-0.05E+00,+0.05E+00,-0.05E+00,+9.72E+00,-15.11E+00,+5.01E+00,-7.485E+00
2,09/2/2026,14:58:41.685,-0.09E+00,-0.05E+00,+0.05E+00,-0.05E+00,+9.55E+00,-15.14E+00,+5.23E+00,-7.500E+00
2,09/2/2026,14:58:41.685,-0.09E+00,-0.05E+00,+0.05E+00,+0.00E+00,+9.37E+00,-15.18E+00,+5.45E+00,-7.523E+00
2,09/2/2026,14:58:41.685,-0.09E+00,-0.05E+00,+0.05E+00,+0.00E+00,+9.17E+00,-15.21E+00,+5.68E+00,-7.539E+00
2,09/2/2026,14:58:41.685,-0.09E+00,-0.05E+00,+0.05E+00,+0.00E+00,+9.00E+00,-15.24E+00,+5.89E+00,-7.554E+00
2,09/2/2026,14:58:41.685,-0.14E+00,-0.05E+00,+0.05E+00,+0.00E+00,+8.82E+00,-15.28E+00,+6.10E+00,-7.569E+00
2,09/2/2026,14:58:41.685,-0.09E+00,-0.05E+00,+0.05E+00,-0.05E+00,+8.62E+00,-15.31E+00,+6.32E+00,-7.584E+00
2,09/2/2026,14:58:41.685,-0.09E+00,-0.05E+00,+0.05E+00,-0.05E+00,+8.44E+00,-15.34E+00,+6.52E+00,-7.592E+00
2,09/2/2026,14:58:41.685,-0.09E+00,-0.05E+00,+0.05E+00,-0.05E+00,+8.27E+00,-15.35E+00,+6.73E+00,-7.607E+00
2,09/2/2026,14:58:41.685,-0.09E+00,-0.05E+00,+0.05E+00,+0.00E+00,+8.07E+00,-15.38E+00,+6.94E+00,-7.615E+00
2,09/2/2026,14:58:41.685,-0.09E+00,-0.05E+00,+0.00E+00,+0.00E+00,+7.89E+00,-15.41E+00,+7.14E+00,-7.630E+00
2,09/2/2026,14:58:41.685,-0.14E+00,-0.05E+00,+0.05E+00,+0.00E+00,+7.71E+00,-15.43E+00,+7.36E+00,-7.638E+00
2,09/2/2026,14:58:41.685,-0.14E+00,-0.05E+00,+0.05E+00,+0.00E+00,+7.51E+00,-15.44E+00,+7.57E+00,-7.645E+00
2,09/2/2026,14:58:41.685,-0.09E+00,-0.05E+00,+0.05E+00,+0.00E+00,+7.32E+00,-15.46E+00,+7.77E+00,-7.645E+00
2,09/2/2026,14:58:41.685,-0.09E+00,-0.05E+00,+0.05E+00,+0.00E+00,+7.13E+00,-15.47E+00,+7.97E+00,-7.653E+00
2,09/2/2026,14:58:41.685,-0.09E+00,-0.05E+00,+0.05E+00,+0.00E+00,+6.93E+00,-15.49E+00,+8.18E+00,-7.661E+00
2,09/2/2026,14:58:41.685,-0.09E+00,-0.05E+00,+0.05E+00,+0.00E+00,+6.73E+00,-15.49E+00,+8.39E+00,-7.661E+00
2,09/2/2026,14:58:41.685,-0.14E+00,-0.05E+00,+0.05E+00,-0.05E+00,+6.55E+00,-15.50E+00,+8.59E+00,-7.668E+00
2,09/2/2026,14:58:41.685,-0.14E+00,-0.05E+00,+0.05E+00,-0.05E+00,+6.35E+00,-15.50E+00,+8.79E+00,-7.661E+00
2,09/2/2026,14:58:41.685,-0.09E+00,-0.05E+00,+0.05E+00,+0.00E+00,+6.13E+00,-15.50E+00,+9.00E+00,-7.661E+00
2,09/2/2026,14:58:41.685,-0.09E+00,-0.05E+00,+0.05E+00,+0.00E+00,+5.94E+00,-15.50E+00,+9.20E+00,-7.661E+00
2,09/2/2026,14:58:41.686,-0.09E+00,-0.05E+00,+0.05E+00,+0.00E+00,+5.74E+00,-15.50E+00,+9.42E+00,-7.661E+00
2,09/2/2026,14:58:41.686,-0.09E+00,-0.05E+00,+0.05E+00,+0.00E+00,+5.52E+00,-15.49E+00,+9.61E+00,-7.653E+00
2,09/2/2026,14:58:41.686,-0.09E+00,-0.05E+00,+0.05E+00,+0.00E+00,+5.31E+00,-15.49E+00,+9.81E+00,-7.653E+00
2,09/2/2026,14:58:41.686,-0.09E+00,-0.05E+00,+0.05E+00,+0.00E+00,+5.10E+00,-15.47E+00,+10.03E+00,-7.645E+00
2,09/2/2026,14:58:41.686,-0.09E+00,-0.05E+00,+0.05E+00,+0.00E+00,+4.87E+00,-15.46E+00,+10.22E+00,-7.638E+00
2,09/2/2026,14:58:41.686,-0.09E+00,-0.05E+00,+0.05E+00,-0.05E+00,+4.65E+00,-15.44E+00,+10.42E+00,-7.622E+00
2,09/2/2026,14:58:41.686,-0.09E+00,-0.05E+00,+0.05E+00,+0.00E+00,+4.44E+00,-15.43E+00,+10.62E+00,-7.615E+00
2,09/2/2026,14:58:41.686,-0.09E+00,-0.05E+00,+0.05E+00,+0.00E+00,+4.21E+00,-15.40E+00,+10.82E+00,-7.600E+00
2,09/2/2026,14:58:41.686,-0.09E+00,-0.05E+00,+0.05E+00,-0.05E+00,+4.00E+00,-15.35E+00,+11.00E+00,-7.577E+00
2,09/2/2026,14:58:41.686,-0.09E+00,-0.05E+00,+0.05E+00,+0.00E+00,+3.77E+00,-15.31E+00,+11.17E+00,-7.546E+00
2,09/2/2026,14:58:41.686,-0.09E+00,-0.05E+00,+0.05E+00,-0.05E+00,+3.54E+00,-15.23E+00,+11.32E+00,-7.516E+00
2,09/2/2026,14:58:41.686,-0.09E+00,-0.05E+00,+0.05E+00,-0.05E+00,+3.31E+00,-15.17E+00,+11.48E+00,-7.477E+00
2,09/2/2026,14:58:41.686,-0.09E+00,-0.05E+00,+0.05E+00,-0.05E+00,+3.07E+00,-15.08E+00,+11.63E+00,-7.432E+00
2,09/2/2026,14:58:41.686,-0.09E+00,-0.05E+00,+0.05E+00,-0.05E+00,+2.84E+00,-14.99E+00,+11.78E+00,-7.386E+00
2,09/2/2026,14:58:41.686,-0.09E+00,-0.05E+00,+0.05E+00,-0.05E+00,+2.59E+00,-14.88E+00,+11.92E+00,-7.333E+00
2,09/2/2026,14:58:41.686,-0.14E+00,-0.05E+00,+0.05E+00,-0.05E+00,+2.37E+00,-14.77E+00,+12.06E+00,-7.287E+00
2,09/2/2026,14:58:41.686,-0.14E+00,-0.05E+00,+0.05E+00,-0.05E+00,+2.12E+00,-14.68E+00,+12.19E+00,-7.233E+00
2,09/2/2026,14:58:41.686,-0.09E+00,-0.05E+00,+0.00E+00,+0.00E+00,+1.88E+00,-14.57E+00,+12.33E+00,-7.180E+00
2,09/2/2026,14:58:41.686,-0.09E+00,-0.05E+00,+0.00E+00,+0.00E+00,+1.62E+00,-14.47E+00,+12.47E+00,-7.119E+00
2,09/2/2026,14:58:41.686,-0.09E+00,-0.05E+00,+0.05E+00,-0.05E+00,+1.37E+00,-14.34E+00,+12.60E+00,-7.058E+00
2,09/2/2026,14:58:41.687,-0.14E+00,-0.05E+00,+0.05E+00,+0.00E+00,+1.11E+00,-14.21E+00,+12.73E+00,-6.997E+00
2,09/2/2026,14:58:41.687,-0.09E+00,-0.05E+00,+0.05E+00,-0.05E+00,+0.87E+00,-14.09E+00,+12.85E+00,-6.928E+00
2,09/2/2026,14:58:41.687,-0.09E+00,-0.05E+00,+0.05E+00,-0.05E+00,+0.61E+00,-13.95E+00,+12.97E+00,-6.859E+00
2,09/2/2026,14:58:41.687,-0.09E+00,-0.05E+00,+0.05E+00,+0.00E+00,+0.37E+00,-13.83E+00,+13.08E+00,-6.791E+00
2,09/2/2026,14:58:41.687,-0.09E+00,-0.05E+00,+0.05E+00,+0.00E+00,+0.12E+00,-13.67E+00,+13.18E+00,-6.722E+00
2,09/2/2026,14:58:41.687,-0.09E+00,-0.05E+00,+0.05E+00,+0.00E+00,-0.14E+00,-13.54E+00,+13.31E+00,-6.653E+00
2,09/2/2026,14:58:41.687,-0.09E+00,-0.05E+00,+0.05E+00,+0.00E+00,-0.40E+00,-13.40E+00,+13.40E+00,-6.577E+00
2,09/2/2026,14:58:41.687,-0.14E+00,-0.05E+00,+0.05E+00,+0.00E+00,-0.64E+00,-13.23E+00,+13.51E+00,-6.501E+00
2,09/2/2026,14:58:41.687,-0.09E+00,-0.05E+00,+0.05E+00,-0.05E+00,-0.90E+00,-13.08E+00,+13.61E+00,-6.425E+00
2,09/2/2026,14:58:41.687,-0.09E+00,-0.05E+00,+0.05E+00,+0.00E+00,-1.14E+00,-12.93E+00,+13.70E+00,-6.341E+00
2,09/2/2026,14:58:41.687,-0.09E+00,-0.05E+00,+0.05E+00,+0.00E+00,-1.40E+00,-12.77E+00,+13.81E+00,-6.264E+00
2,09/2/2026,14:58:41.687,-0.09E+00,-0.05E+00,+0.05E+00,+0.00E+00,-1.66E+00,-12.60E+00,+13.90E+00,-6.188E+00
2,09/2/2026,14:58:41.687,-0.09E+00,-0.05E+00,+0.05E+00,+0.00E+00,-1.92E+00,-12.45E+00,+13.99E+00,-6.104E+00
2,09/2/2026,14:58:41.687,-0.14E+00,-0.05E+00,+0.05E+00,-0.05E+00,-2.18E+00,-12.28E+00,+14.07E+00,-6.020E+00
2,09/2/2026,14:58:41.687,-0.14E+00,-0.05E+00,+0.05E+00,-0.05E+00,-2.43E+00,-12.12E+00,+14.16E+00,-5.936E+00
2,09/2/2026,14:58:41.687,-0.09E+00,-0.05E+00,+0.05E+00,-0.05E+00,-2.67E+00,-11.95E+00,+14.24E+00,-5.852E+00
2,09/2/2026,14:58:41.687,-0.09E+00,-0.05E+00,+0.05E+00,+0.00E+00,-2.91E+00,-11.78E+00,+14.31E+00,-5.768E+00
2,09/2/2026,14:58:41.687,-0.09E+00,-0.05E+00,+0.05E+00,+0.00E+00,-3.14E+00,-11.61E+00,+14.38E+00,-5.677E+00
2,09/2/2026,14:58:41.687,-0.09E+00,-0.05E+00,+0.05E+00,+0.00E+00,-3.39E+00,-11.43E+00,+14.44E+00,-5.593E+00
2,09/2/2026,14:58:41.687,-0.14E+00,-0.05E+00,+0.05E+00,+0.00E+00,-3.63E+00,-11.26E+00,+14.50E+00,-5.501E+00
2,09/2/2026,14:58:41.688,-0.09E+00,-0.05E+00,+0.05E+00,+0.00E+00,-3.86E+00,-11.08E+00,+14.56E+00,-5.417E+00
2,09/2/2026,14:58:41.688,-0.09E+00,-0.05E+00,+0.05E+00,+0.00E+00,-4.09E+00,-10.90E+00,+14.60E+00,-5.326E+00
2,09/2/2026,14:58:41.688,-0.09E+00,-0.05E+00,+0.05E+00,-0.05E+00,-4.32E+00,-10.73E+00,+14.65E+00,-5.234E+00
2,09/2/2026,14:58:41.688,-0.09E+00,-0.05E+00,+0.05E+00,+0.00E+00,-4.55E+00,-10.54E+00,+14.70E+00,-5.143E+00
2,09/2/2026,14:58:41.688,-0.09E+00,-0.05E+00,+0.05E+00,+0.00E+00,-4.76E+00,-10.36E+00,+14.74E+00,-5.059E+00
2,09/2/2026,14:58:41.688,-0.14E+00,-0.05E+00,+0.05E+00,+0.00E+00,-4.97E+00,-10.18E+00,+14.79E+00,-4.960E+00
2,09/2/2026,14:58:41.688,-0.09E+00,-0.05E+00,+0.05E+00,+0.00E+00,-5.20E+00,-10.00E+00,+14.82E+00,-4.876E+00
2,09/2/2026,14:58:41.688,-0.09E+00,-0.05E+00,+0.05E+00,-0.05E+00,-5.42E+00,-9.81E+00,+14.85E+00,-4.784E+00
2,09/2/2026,14:58:41.688,-0.09E+00,-0.05E+00,+0.05E+00,+0.00E+00,-5.63E+00,-9.63E+00,+14.89E+00,-4.693E+00
2,09/2/2026,14:58:41.688,-0.09E+00,-0.05E+00,+0.05E+00,+0.00E+00,-5.84E+00,-9.45E+00,+14.92E+00,-4.601E+00
2,09/2/2026,14:58:41.688,-0.09E+00,-0.09E+00,+0.05E+00,-0.05E+00,-6.06E+00,-9.26E+00,+14.94E+00,-4.502E+00
2,09/2/2026,14:58:41.688,-0.14E+00,-0.05E+00,+0.05E+00,-0.05E+00,-6.27E+00,-9.06E+00,+14.97E+00,-4.410E+00
2,09/2/2026,14:58:41.688,-0.14E+00,-0.05E+00,+0.05E+00,+0.00E+00,-6.49E+00,-8.88E+00,+14.99E+00,-4.319E+00
2,09/2/2026,14:58:41.688,-0.09E+00,-0.05E+00,+0.05E+00,+0.00E+00,-6.70E+00,-8.70E+00,+15.02E+00,-4.219E+00
2,09/2/2026,14:58:41.688,-0.09E+00,-0.05E+00,+0.05E+00,+0.00E+00,-6.90E+00,-8.50E+00,+15.03E+00,-4.128E+00
2,09/2/2026,14:58:41.688,-0.09E+00,-0.05E+00,+0.05E+00,+0.00E+00,-7.11E+00,-8.32E+00,+15.05E+00,-4.029E+00
2,09/2/2026,14:58:41.688,-0.09E+00,-0.05E+00,+0.05E+00,-0.05E+00,-7.32E+00,-8.12E+00,+15.06E+00,-3.929E+00
2,09/2/2026,14:58:41.688,-0.14E+00,-0.05E+00,+0.05E+00,+0.00E+00,-7.54E+00,-7.92E+00,+15.08E+00,-3.830E+00
2,09/2/2026,14:58:41.688,-0.14E+00,-0.05E+00,+0.05E+00,+0.00E+00,-7.74E+00,-7.72E+00,+15.09E+00,-3.739E+00
2,09/2/2026,14:58:41.688,-0.09E+00,-0.05E+00,+0.05E+00,-0.05E+00,-7.95E+00,-7.52E+00,+15.09E+00,-3.640E+00
2,09/2/2026,14:58:41.689,-0.09E+00,-0.05E+00,+0.05E+00,+0.00E+00,-8.15E+00,-7.32E+00,+15.11E+00,-3.540E+00
2,09/2/2026,14:58:41.689,-0.09E+00,-0.05E+00,+0.05E+00,+0.00E+00,-8.35E+00,-7.13E+00,+15.11E+00,-3.441E+00
2,09/2/2026,14:58:41.689,-0.09E+00,-0.05E+00,+0.05E+00,-0.05E+00,-8.55E+00,-6.93E+00,+15.12E+00,-3.342E+00
2,09/2/2026,14:58:41.689,-0.14E+00,-0.05E+00,+0.05E+00,+0.00E+00,-8.76E+00,-6.73E+00,+15.12E+00,-3.243E+00
2,09/2/2026,14:58:41.689,-0.14E+00,-0.05E+00,+0.05E+00,-0.05E+00,-8.96E+00,-6.53E+00,+15.12E+00,-3.136E+00
2,09/2/2026,14:58:41.689,-0.09E+00,-0.05E+00,+0.00E+00,-0.05E+00,-9.17E+00,-6.32E+00,+15.12E+00,-3.037E+00
2,09/2/2026,14:58:41.689,-0.09E+00,-0.05E+00,+0.00E+00,+0.00E+00,-9.39E+00,-6.10E+00,+15.11E+00,-2.930E+00
2,09/2/2026,14:58:41.689,-0.09E+00,-0.05E+00,+0.05E+00,+0.00E+00,-9.60E+00,-5.89E+00,+15.11E+00,-2.823E+00
2,09/2/2026,14:58:41.689,-0.14E+00,-0.05E+00,+0.05E+00,-0.05E+00,-9.81E+00,-5.68E+00,+15.11E+00,-2.709E+00
2,09/2/2026,14:58:41.689,-0.14E+00,-0.05E+00,+0.05E+00,+0.00E+00,-10.03E+00,-5.45E+00,+15.09E+00,-2.602E+00
2,09/2/2026,14:58:41.689,-0.14E+00,-0.05E+00,+0.05E+00,-0.05E+00,-10.22E+00,-5.23E+00,+15.09E+00,-2.495E+00
2,09/2/2026,14:58:41.689,-0.09E+00,-0.05E+00,+0.05E+00,+0.00E+00,-10.44E+00,-5.01E+00,+15.08E+00,-2.388E+00
2,09/2/2026,14:58:41.689,-0.09E+00,-0.05E+00,+0.05E+00,+0.00E+00,-10.64E+00,-4.81E+00,+15.06E+00,-2.281E+00
2,09/2/2026,14:58:41.689,-0.09E+00,-0.05E+00,+0.05E+00,+0.00E+00,-10.83E+00,-4.59E+00,+15.05E+00,-2.175E+00
2,09/2/2026,14:58:41.689,-0.09E+00,-0.05E+00,+0.05E+00,-0.05E+00,-11.02E+00,-4.38E+00,+15.02E+00,-2.068E+00
2,09/2/2026,14:58:41.689,-0.14E+00,-0.05E+00,+0.05E+00,+0.00E+00,-11.20E+00,-4.17E+00,+14.99E+00,-1.961E+00
2,09/2/2026,14:58:41.689,-0.14E+00,-0.05E+00,+0.05E+00,+0.00E+00,-11.38E+00,-3.94E+00,+14.95E+00,-1.854E+00
2,09/2/2026,14:58:41.689,-0.14E+00,-0.05E+00,+0.05E+00,+0.00E+00,-11.55E+00,-3.72E+00,+14.91E+00,-1.740E+00
2,09/2/2026,14:58:41.689,-0.09E+00,-0.05E+00,+0.05E+00,+0.00E+00,-11.72E+00,-3.49E+00,+14.85E+00,-1.625E+00
2,09/2/2026,14:58:41.689,-0.09E+00,-0.05E+00,+0.05E+00,+0.00E+00,-11.89E+00,-3.27E+00,+14.77E+00,-1.511E+00
2,09/2/2026,14:58:41.690,-0.09E+00,-0.05E+00,+0.05E+00,+0.00E+00,-12.04E+00,-3.02E+00,+14.68E+00,-1.389E+00
2,09/2/2026,14:58:41.690,-0.09E+00,-0.05E+00,+0.05E+00,-0.05E+00,-12.18E+00,-2.76E+00,+14.57E+00,-1.267E+00
2,09/2/2026,14:58:41.690,-0.09E+00,-0.05E+00,+0.05E+00,+0.00E+00,-12.33E+00,-2.52E+00,+14.47E+00,-1.145E+00
2,09/2/2026,14:58:41.690,-0.09E+00,-0.05E+00,+0.05E+00,+0.00E+00,-12.47E+00,-2.26E+00,+14.36E+00,-1.015E+00
2,09/2/2026,14:58:41.690,-0.09E+00,-0.05E+00,+0.05E+00,+0.00E+00,-12.59E+00,-2.01E+00,+14.24E+00,-0.893E+00
2,09/2/2026,14:58:41.690,-0.09E+00,-0.05E+00,+0.05E+00,+0.00E+00,-12.71E+00,-1.75E+00,+14.10E+00,-0.763E+00
2,09/2/2026,14:58:41.690,-0.09E+00,-0.05E+00,+0.05E+00,+0.00E+00,-12.83E+00,-1.51E+00,+13.98E+00,-0.641E+00
2,09/2/2026,14:58:41.690,-0.09E+00,-0.05E+00,+0.05E+00,-0.05E+00,-12.96E+00,-1.27E+00,+13.86E+00,-0.519E+00
2,09/2/2026,14:58:41.690,-0.14E+00,-0.05E+00,+0.05E+00,+0.00E+00,-13.08E+00,-1.02E+00,+13.73E+00,-0.397E+00
2,09/2/2026,14:58:41.690,-0.14E+00,-0.05E+00,+0.05E+00,+0.00E+00,-13.18E+00,-0.78E+00,+13.61E+00,-0.282E+00
2,09/2/2026,14:58:41.690,-0.09E+00,-0.05E+00,+0.05E+00,-0.05E+00,-13.31E+00,-0.55E+00,+13.47E+00,-0.160E+00
2,09/2/2026,14:58:41.690,-0.09E+00,-0.05E+00,+0.05E+00,+0.00E+00,-13.43E+00,-0.31E+00,+13.35E+00,-0.038E+00
2,09/2/2026,14:58:41.690,-0.09E+00,-0.05E+00,+0.05E+00,+0.00E+00,-13.54E+00,-0.05E+00,+13.22E+00,+0.076E+00
2,09/2/2026,14:58:41.690,-0.14E+00,-0.05E+00,+0.05E+00,-0.05E+00,-13.64E+00,+0.18E+00,+13.08E+00,+0.206E+00
2,09/2/2026,14:58:41.690,-0.09E+00,-0.05E+00,+0.05E+00,-0.05E+00,-13.73E+00,+0.44E+00,+12.93E+00,+0.328E+00
2,09/2/2026,14:58:41.690,-0.09E+00,-0.05E+00,+0.05E+00,-0.05E+00,-13.83E+00,+0.69E+00,+12.76E+00,+0.450E+00
2,09/2/2026,14:58:41.690,-0.09E+00,-0.05E+00,+0.05E+00,+0.00E+00,-13.92E+00,+0.95E+00,+12.60E+00,+0.580E+00
2,09/2/2026,14:58:41.690,-0.09E+00,-0.05E+00,+0.05E+00,+0.00E+00,-13.99E+00,+1.21E+00,+12.42E+00,+0.710E+00
2,09/2/2026,14:58:41.690,-0.09E+00,-0.05E+00,+0.05E+00,-0.05E+00,-14.09E+00,+1.46E+00,+12.25E+00,+0.832E+00
2,09/2/2026,14:58:41.690,-0.14E+00,-0.05E+00,+0.05E+00,-0.05E+00,-14.16E+00,+1.72E+00,+12.07E+00,+0.961E+00
2,09/2/2026,14:58:41.691,-0.14E+00,-0.05E+00,+0.05E+00,-0.05E+00,-14.24E+00,+1.97E+00,+11.90E+00,+1.091E+00
2,09/2/2026,14:58:41.691,-0.09E+00,-0.05E+00,+0.05E+00,-0.05E+00,-14.31E+00,+2.23E+00,+11.72E+00,+1.213E+00
2,09/2/2026,14:58:41.691,-0.09E+00,-0.05E+00,+0.00E+00,+0.00E+00,-14.39E+00,+2.49E+00,+11.54E+00,+1.335E+00
2,09/2/2026,14:58:41.691,-0.09E+00,-0.05E+00,+0.00E+00,+0.00E+00,-14.47E+00,+2.73E+00,+11.37E+00,+1.465E+00
2,09/2/2026,14:58:41.691,-0.14E+00,-0.05E+00,+0.05E+00,+0.00E+00,-14.53E+00,+2.98E+00,+11.20E+00,+1.579E+00
2,09/2/2026,14:58:41.691,-0.14E+00,-0.05E+00,+0.05E+00,-0.05E+00,-14.60E+00,+3.22E+00,+11.02E+00,+1.702E+00
2,09/2/2026,14:58:41.691,-0.09E+00,-0.05E+00,+0.05E+00,-0.05E+00,-14.67E+00,+3.46E+00,+10.85E+00,+1.824E+00
2,09/2/2026,14:58:41.691,-0.14E+00,-0.05E+00,+0.05E+00,+0.00E+00,-14.73E+00,+3.69E+00,+10.67E+00,+1.938E+00
2,09/2/2026,14:58:41.691,-0.09E+00,-0.05E+00,+0.05E+00,+0.00E+00,-14.79E+00,+3.94E+00,+10.48E+00,+2.060E+00
2,09/2/2026,14:58:41.691,-0.09E+00,-0.05E+00,+0.05E+00,+0.00E+00,-14.85E+00,+4.17E+00,+10.30E+00,+2.175E+00
2,09/2/2026,14:58:41.691,-0.14E+00,-0.05E+00,+0.05E+00,+0.00E+00,-14.89E+00,+4.39E+00,+10.12E+00,+2.289E+00
2,09/2/2026,14:58:41.691,-0.14E+00,-0.05E+00,+0.05E+00,-0.05E+00,-14.94E+00,+4.62E+00,+9.93E+00,+2.403E+00
2,09/2/2026,14:58:41.691,-0.09E+00,-0.05E+00,+0.05E+00,-0.05E+00,-14.97E+00,+4.85E+00,+9.75E+00,+2.518E+00
2,09/2/2026,14:58:41.691,-0.09E+00,-0.05E+00,+0.05E+00,-0.05E+00,-15.02E+00,+5.08E+00,+9.55E+00,+2.625E+00
2,09/2/2026,14:58:41.691,-0.09E+00,-0.05E+00,+0.05E+00,+0.00E+00,-15.05E+00,+5.31E+00,+9.37E+00,+2.739E+00
2,09/2/2026,14:58:41.691,-0.09E+00,-0.05E+00,+0.05E+00,+0.00E+00,-15.08E+00,+5.52E+00,+9.19E+00,+2.846E+00
2,09/2/2026,14:58:41.691,-0.14E+00,-0.05E+00,+0.00E+00,+0.00E+00,-15.11E+00,+5.74E+00,+8.99E+00,+2.953E+00
2,09/2/2026,14:58:41.691,-0.09E+00,-0.05E+00,+0.05E+00,+0.00E+00,-15.12E+00,+5.95E+00,+8.81E+00,+3.060E+00
2,09/2/2026,14:58:41.691,-0.09E+00,-0.05E+00,+0.05E+00,-0.05E+00,-15.15E+00,+6.18E+00,+8.62E+00,+3.166E+00
2,09/2/2026,14:58:41.691,-0.14E+00,-0.05E+00,+0.05E+00,-0.05E+00,-15.18E+00,+6.38E+00,+8.44E+00,+3.266E+00
2,09/2/2026,14:58:41.692,-0.09E+00,-0.05E+00,+0.05E+00,+0.00E+00,-15.21E+00,+6.59E+00,+8.24E+00,+3.373E+00
2,09/2/2026,14:58:41.692,-0.09E+00,-0.05E+00,+0.05E+00,+0.00E+00,-15.23E+00,+6.81E+00,+8.06E+00,+3.479E+00
2,09/2/2026,14:58:41.692,-0.14E+00,-0.05E+00,+0.05E+00,+0.00E+00,-15.26E+00,+7.02E+00,+7.87E+00,+3.586E+00
2,09/2/2026,14:58:41.692,-0.09E+00,-0.05E+00,+0.05E+00,+0.00E+00,-15.28E+00,+7.22E+00,+7.68E+00,+3.693E+00
2,09/2/2026,14:58:41.692,-0.09E+00,-0.05E+00,+0.05E+00,-0.05E+00,-15.29E+00,+7.43E+00,+7.48E+00,+3.792E+00
2,09/2/2026,14:58:41.692,-0.14E+00,-0.05E+00,+0.05E+00,-0.05E+00,-15.29E+00,+7.65E+00,+7.29E+00,+3.891E+00
2,09/2/2026,14:58:41.692,-0.09E+00,-0.05E+00,+0.05E+00,+0.00E+00,-15.31E+00,+7.84E+00,+7.10E+00,+3.991E+00
2,09/2/2026,14:58:41.692,-0.09E+00,-0.05E+00,+0.05E+00,+0.00E+00,-15.32E+00,+8.04E+00,+6.90E+00,+4.090E+00
2,09/2/2026,14:58:41.692,-0.09E+00,-0.05E+00,+0.05E+00,-0.05E+00,-15.32E+00,+8.24E+00,+6.71E+00,+4.189E+00
2,09/2/2026,14:58:41.692,-0.09E+00,-0.05E+00,+0.05E+00,+0.00E+00,-15.34E+00,+8.44E+00,+6.52E+00,+4.288E+00
2,09/2/2026,14:58:41.692,-0.09E+00,-0.05E+00,+0.05E+00,+0.00E+00,-15.34E+00,+8.65E+00,+6.32E+00,+4.387E+00
2,09/2/2026,14:58:41.692,-0.09E+00,-0.05E+00,+0.00E+00,+0.00E+00,-15.32E+00,+8.85E+00,+6.10E+00,+4.486E+00
2,09/2/2026,14:58:41.692,-0.09E+00,-0.05E+00,+0.05E+00,+0.00E+00,-15.32E+00,+9.06E+00,+5.91E+00,+4.586E+00
2,09/2/2026,14:58:41.692,-0.09E+00,-0.05E+00,+0.05E+00,+0.00E+00,-15.32E+00,+9.26E+00,+5.69E+00,+4.693E+00
2,09/2/2026,14:58:41.692,-0.09E+00,-0.05E+00,+0.05E+00,+0.00E+00,-15.31E+00,+9.48E+00,+5.48E+00,+4.792E+00
2,09/2/2026,14:58:41.692,-0.09E+00,-0.05E+00,+0.05E+00,-0.05E+00,-15.31E+00,+9.67E+00,+5.25E+00,+4.899E+00
2,09/2/2026,14:58:41.692,-0.09E+00,-0.05E+00,+0.05E+00,-0.05E+00,-15.29E+00,+9.89E+00,+5.02E+00,+5.005E+00
2,09/2/2026,14:58:41.692,-0.09E+00,-0.05E+00,+0.05E+00,-0.05E+00,-15.28E+00,+10.10E+00,+4.81E+00,+5.105E+00
2,09/2/2026,14:58:41.692,-0.09E+00,-0.05E+00,+0.05E+00,+0.00E+00,-15.24E+00,+10.30E+00,+4.58E+00,+5.204E+00
2,09/2/2026,14:58:41.692,-0.09E+00,-0.05E+00,+0.05E+00,+0.00E+00,-15.23E+00,+10.50E+00,+4.36E+00,+5.303E+00
2,09/2/2026,14:58:41.693,-0.09E+00,-0.05E+00,+0.05E+00,+0.00E+00,-15.20E+00,+10.70E+00,+4.14E+00,+5.394E+00
2,09/2/2026,14:58:41.693,-0.09E+00,-0.05E+00,+0.05E+00,-0.05E+00,-15.15E+00,+10.88E+00,+3.91E+00,+5.486E+00
2,09/2/2026,14:58:41.693,-0.09E+00,-0.05E+00,+0.05E+00,+0.00E+00,-15.11E+00,+11.06E+00,+3.68E+00,+5.578E+00
2,09/2/2026,14:58:41.693,-0.14E+00,-0.05E+00,+0.05E+00,-0.05E+00,-15.06E+00,+11.23E+00,+3.45E+00,+5.662E+00
2,09/2/2026,14:58:41.693,-0.14E+00,-0.05E+00,+0.05E+00,+0.00E+00,-14.99E+00,+11.40E+00,+3.22E+00,+5.738E+00
2,09/2/2026,14:58:41.693,-0.09E+00,-0.05E+00,+0.05E+00,+0.00E+00,-14.91E+00,+11.55E+00,+2.99E+00,+5.814E+00
2,09/2/2026,14:58:41.693,-0.09E+00,-0.05E+00,+0.05E+00,+0.00E+00,-14.83E+00,+11.72E+00,+2.75E+00,+5.898E+00
2,09/2/2026,14:58:41.693,-0.09E+00,-0.05E+00,+0.05E+00,+0.00E+00,-14.76E+00,+11.87E+00,+2.52E+00,+5.974E+00
2,09/2/2026,14:58:41.693,-0.09E+00,-0.05E+00,+0.05E+00,+0.00E+00,-14.67E+00,+12.01E+00,+2.27E+00,+6.043E+00
2,09/2/2026,14:58:41.693,-0.09E+00,-0.05E+00,+0.05E+00,+0.00E+00,-14.57E+00,+12.16E+00,+2.04E+00,+6.119E+00
2,09/2/2026,14:58:41.693,-0.09E+00,-0.05E+00,+0.05E+00,+0.00E+00,-14.47E+00,+12.30E+00,+1.80E+00,+6.188E+00
2,09/2/2026,14:58:41.693,-0.09E+00,-0.05E+00,+0.05E+00,+0.00E+00,-14.36E+00,+12.44E+00,+1.54E+00,+6.257E+00
2,09/2/2026,14:58:41.693,-0.09E+00,-0.05E+00,+0.05E+00,+0.00E+00,-14.25E+00,+12.57E+00,+1.30E+00,+6.325E+00
2,09/2/2026,14:58:41.693,-0.14E+00,-0.05E+00,+0.05E+00,+0.00E+00,-14.13E+00,+12.71E+00,+1.04E+00,+6.386E+00
2,09/2/2026,14:58:41.693,-0.14E+00,-0.05E+00,+0.05E+00,-0.05E+00,-14.01E+00,+12.85E+00,+0.79E+00,+6.447E+00
2,09/2/2026,14:58:41.693,-0.09E+00,-0.05E+00,+0.05E+00,-0.05E+00,-13.89E+00,+12.97E+00,+0.53E+00,+6.516E+00
2,09/2/2026,14:58:41.693,-0.09E+00,-0.05E+00,+0.05E+00,+0.00E+00,-13.75E+00,+13.11E+00,+0.29E+00,+6.577E+00
2,09/2/2026,14:58:41.693,-0.09E+00,-0.05E+00,+0.05E+00,+0.00E+00,-13.63E+00,+13.22E+00,+0.05E+00,+6.631E+00
2,09/2/2026,14:58:41.693,-0.09E+00,-0.05E+00,+0.05E+00,+0.00E+00,-13.49E+00,+13.32E+00,-0.21E+00,+6.684E+00
2,09/2/2026,14:58:41.693,-0.09E+00,-0.05E+00,+0.05E+00,+0.00E+00,-13.34E+00,+13.44E+00,-0.47E+00,+6.737E+00
2,09/2/2026,14:58:41.694,-0.09E+00,-0.09E+00,+0.05E+00,+0.00E+00,-13.20E+00,+13.55E+00,-0.72E+00,+6.791E+00
2,09/2/2026,14:58:41.694,-0.14E+00,-0.05E+00,+0.05E+00,+0.00E+00,-13.05E+00,+13.66E+00,-0.98E+00,+6.844E+00
2,09/2/2026,14:58:41.694,-0.09E+00,-0.05E+00,+0.05E+00,+0.00E+00,-12.88E+00,+13.75E+00,-1.24E+00,+6.898E+00
2,09/2/2026,14:58:41.694,-0.09E+00,-0.05E+00,+0.05E+00,+0.00E+00,-12.73E+00,+13.86E+00,-1.50E+00,+6.943E+00
2,09/2/2026,14:58:41.694,-0.14E+00,-0.05E+00,+0.05E+00,+0.00E+00,-12.56E+00,+13.95E+00,-1.75E+00,+6.989E+00
2,09/2/2026,14:58:41.694,-0.14E+00,-0.05E+00,+0.05E+00,-0.05E+00,-12.39E+00,+14.04E+00,-2.01E+00,+7.027E+00
2,09/2/2026,14:58:41.694,-0.09E+00,-0.05E+00,+0.05E+00,-0.05E+00,-12.22E+00,+14.12E+00,-2.26E+00,+7.073E+00
2,09/2/2026,14:58:41.694,-0.09E+00,-0.05E+00,+0.05E+00,-0.05E+00,-12.07E+00,+14.19E+00,-2.52E+00,+7.111E+00
2,09/2/2026,14:58:41.694,-0.09E+00,-0.05E+00,+0.05E+00,+0.00E+00,-11.90E+00,+14.28E+00,-2.76E+00,+7.149E+00
2,09/2/2026,14:58:41.694,-0.09E+00,-0.05E+00,+0.05E+00,+0.00E+00,-11.72E+00,+14.36E+00,-3.01E+00,+7.188E+00
2,09/2/2026,14:58:41.694,-0.09E+00,-0.05E+00,+0.05E+00,+0.00E+00,-11.55E+00,+14.44E+00,-3.27E+00,+7.226E+00
2,09/2/2026,14:58:41.694,-0.14E+00,-0.05E+00,+0.05E+00,+0.00E+00,-11.38E+00,+14.50E+00,-3.51E+00,+7.256E+00
2,09/2/2026,14:58:41.694,-0.14E+00,-0.05E+00,+0.05E+00,+0.00E+00,-11.20E+00,+14.57E+00,-3.74E+00,+7.294E+00
2,09/2/2026,14:58:41.694,-0.14E+00,-0.05E+00,+0.05E+00,-0.05E+00,-11.03E+00,+14.63E+00,-3.98E+00,+7.325E+00
2,09/2/2026,14:58:41.694,-0.09E+00,-0.05E+00,+0.05E+00,+0.00E+00,-10.85E+00,+14.70E+00,-4.23E+00,+7.348E+00
2,09/2/2026,14:58:41.694,-0.09E+00,-0.05E+00,+0.05E+00,+0.00E+00,-10.68E+00,+14.74E+00,-4.46E+00,+7.378E+00
2,09/2/2026,14:58:41.694,-0.09E+00,-0.05E+00,+0.05E+00,+0.00E+00,-10.50E+00,+14.80E+00,-4.68E+00,+7.401E+00
2,09/2/2026,14:58:41.694,-0.09E+00,-0.05E+00,+0.05E+00,+0.00E+00,-10.32E+00,+14.85E+00,-4.90E+00,+7.424E+00
2,09/2/2026,14:58:41.694,-0.14E+00,-0.05E+00,+0.05E+00,-0.05E+00,-10.13E+00,+14.89E+00,-5.13E+00,+7.439E+00
2,09/2/2026,14:58:41.694,-0.09E+00,-0.05E+00,+0.05E+00,-0.05E+00,-9.95E+00,+14.94E+00,-5.36E+00,+7.462E+00
2,09/2/2026,14:58:41.695,-0.09E+00,-0.05E+00,+0.05E+00,+0.00E+00,-9.77E+00,+14.97E+00,-5.59E+00,+7.485E+00
2,09/2/2026,14:58:41.695,-0.09E+00,-0.05E+00,+0.05E+00,+0.00E+00,-9.58E+00,+15.02E+00,-5.80E+00,+7.500E+00
2,09/2/2026,14:58:41.695,-0.09E+00,-0.05E+00,+0.05E+00,-0.05E+00,-9.40E+00,+15.05E+00,-6.01E+00,+7.516E+00
2,09/2/2026,14:58:41.695,-0.09E+00,-0.05E+00,+0.05E+00,+0.00E+00,-9.22E+00,+15.08E+00,-6.23E+00,+7.531E+00
2,09/2/2026,14:58:41.695,-0.14E+00,-0.05E+00,+0.05E+00,-0.05E+00,-9.05E+00,+15.11E+00,-6.44E+00,+7.546E+00
2,09/2/2026,14:58:41.695,-0.09E+00,-0.05E+00,+0.05E+00,+0.00E+00,-8.87E+00,+15.14E+00,-6.65E+00,+7.554E+00
2,09/2/2026,14:58:41.695,-0.09E+00,-0.05E+00,+0.05E+00,+0.00E+00,-8.68E+00,+15.17E+00,-6.87E+00,+7.569E+00
2,09/2/2026,14:58:41.695,-0.09E+00,-0.05E+00,+0.05E+00,+0.00E+00,-8.50E+00,+15.20E+00,-7.08E+00,+7.584E+00
2,09/2/2026,14:58:41.695,-0.09E+00,-0.05E+00,+0.05E+00,+0.00E+00,-8.32E+00,+15.21E+00,-7.29E+00,+7.592E+00
2,09/2/2026,14:58:41.695,-0.09E+00,-0.05E+00,+0.05E+00,+0.00E+00,-8.12E+00,+15.23E+00,-7.49E+00,+7.600E+00
2,09/2/2026,14:58:41.695,-0.14E+00,-0.05E+00,+0.05E+00,-0.05E+00,-7.94E+00,+15.24E+00,-7.71E+00,+7.607E+00
2,09/2/2026,14:58:41.695,-0.14E+00,-0.05E+00,+0.05E+00,-0.05E+00,-7.74E+00,+15.28E+00,-7.92E+00,+7.615E+00
2,09/2/2026,14:58:41.695,-0.09E+00,-0.05E+00,+0.05E+00,+0.00E+00,-7.55E+00,+15.29E+00,-8.12E+00,+7.622E+00
2,09/2/2026,14:58:41.695,-0.09E+00,-0.05E+00,+0.00E+00,+0.00E+00,-7.36E+00,+15.31E+00,-8.32E+00,+7.630E+00
2,09/2/2026,14:58:41.695,-0.09E+00,-0.05E+00,+0.05E+00,+0.00E+00,-7.16E+00,+15.32E+00,-8.53E+00,+7.630E+00
2,09/2/2026,14:58:41.695,-0.09E+00,-0.05E+00,+0.05E+00,+0.00E+00,-6.97E+00,+15.32E+00,-8.73E+00,+7.638E+00
2,09/2/2026,14:58:41.695,-0.14E+00,-0.05E+00,+0.05E+00,-0.05E+00,-6.78E+00,+15.32E+00,-8.93E+00,+7.638E+00
2,09/2/2026,14:58:41.695,-0.09E+00,-0.05E+00,+0.05E+00,-0.05E+00,-6.58E+00,+15.32E+00,-9.13E+00,+7.638E+00
2,09/2/2026,14:58:41.695,-0.09E+00,-0.05E+00,+0.05E+00,+0.00E+00,-6.38E+00,+15.34E+00,-9.34E+00,+7.638E+00
2,09/2/2026,14:58:41.695,-0.09E+00,-0.05E+00,+0.05E+00,+0.00E+00,-6.18E+00,+15.34E+00,-9.52E+00,+7.638E+00
2,09/2/2026,14:58:41.696,-0.09E+00,-0.05E+00,+0.05E+00,+0.00E+00,-5.98E+00,+15.32E+00,-9.74E+00,+7.630E+00
2,09/2/2026,14:58:41.696,-0.09E+00,-0.05E+00,+0.05E+00,+0.00E+00,-5.77E+00,+15.32E+00,-9.95E+00,+7.630E+00
2,09/2/2026,14:58:41.696,-0.14E+00,-0.05E+00,+0.05E+00,+0.00E+00,-5.55E+00,+15.31E+00,-10.15E+00,+7.622E+00
2,09/2/2026,14:58:41.696,-0.14E+00,-0.05E+00,+0.05E+00,-0.05E+00,-5.33E+00,+15.31E+00,-10.36E+00,+7.615E+00
2,09/2/2026,14:58:41.696,-0.09E+00,-0.05E+00,+0.05E+00,-0.05E+00,-5.11E+00,+15.29E+00,-10.56E+00,+7.607E+00
2,09/2/2026,14:58:41.696,-0.09E+00,-0.05E+00,+0.05E+00,+0.00E+00,-4.90E+00,+15.28E+00,-10.76E+00,+7.600E+00
2,09/2/2026,14:58:41.696,-0.09E+00,-0.05E+00,+0.05E+00,+0.00E+00,-4.68E+00,+15.26E+00,-10.96E+00,+7.592E+00
2,09/2/2026,14:58:41.696,-0.09E+00,-0.05E+00,+0.05E+00,+0.00E+00,-4.47E+00,+15.23E+00,-11.16E+00,+7.569E+00
2,09/2/2026,14:58:41.696,-0.14E+00,-0.05E+00,+0.05E+00,-0.05E+00,-4.24E+00,+15.18E+00,-11.32E+00,+7.554E+00
2,09/2/2026,14:58:41.696,-0.09E+00,-0.05E+00,+0.05E+00,-0.05E+00,-4.03E+00,+15.14E+00,-11.51E+00,+7.523E+00
2,09/2/2026,14:58:41.696,-0.09E+00,-0.05E+00,+0.05E+00,+0.00E+00,-3.80E+00,+15.08E+00,-11.66E+00,+7.493E+00
2,09/2/2026,14:58:41.696,-0.09E+00,-0.05E+00,+0.05E+00,+0.00E+00,-3.57E+00,+15.00E+00,-11.81E+00,+7.455E+00
2,09/2/2026,14:58:41.696,-0.09E+00,-0.05E+00,+0.05E+00,+0.00E+00,-3.34E+00,+14.91E+00,-11.96E+00,+7.416E+00
2,09/2/2026,14:58:41.696,-0.14E+00,-0.05E+00,+0.05E+00,+0.00E+00,-3.10E+00,+14.82E+00,-12.12E+00,+7.363E+00
2,09/2/2026,14:58:41.696,-0.14E+00,-0.05E+00,+0.05E+00,+0.00E+00,-2.87E+00,+14.73E+00,-12.24E+00,+7.310E+00
2,09/2/2026,14:58:41.696,-0.09E+00,-0.05E+00,+0.05E+00,+0.00E+00,-2.62E+00,+14.62E+00,-12.38E+00,+7.264E+00
2,09/2/2026,14:58:41.696,-0.09E+00,-0.05E+00,+0.05E+00,+0.00E+00,-2.38E+00,+14.51E+00,-12.51E+00,+7.210E+00
2,09/2/2026,14:58:41.696,-0.09E+00,-0.05E+00,+0.05E+00,+0.00E+00,-2.15E+00,+14.41E+00,-12.65E+00,+7.157E+00
2,09/2/2026,14:58:41.696,-0.09E+00,-0.05E+00,+0.05E+00,+0.00E+00,-1.89E+00,+14.30E+00,-12.79E+00,+7.104E+00
2,09/2/2026,14:58:41.696,-0.09E+00,-0.05E+00,+0.05E+00,+0.00E+00,-1.63E+00,+14.18E+00,-12.91E+00,+7.043E+00
2,09/2/2026,14:58:41.697,-0.14E+00,-0.05E+00,+0.05E+00,-0.05E+00,-1.39E+00,+14.05E+00,-13.05E+00,+6.974E+00
2,09/2/2026,14:58:41.697,-0.09E+00,-0.05E+00,+0.05E+00,-0.05E+00,-1.14E+00,+13.93E+00,-13.17E+00,+6.913E+00
2,09/2/2026,14:58:41.697,-0.09E+00,-0.05E+00,+0.05E+00,+0.00E+00,-0.89E+00,+13.80E+00,-13.29E+00,+6.844E+00
2,09/2/2026,14:58:41.697,-0.14E+00,-0.05E+00,+0.05E+00,+0.00E+00,-0.64E+00,+13.66E+00,-13.40E+00,+6.776E+00
2,09/2/2026,14:58:41.697,-0.09E+00,-0.05E+00,+0.05E+00,+0.00E+00,-0.40E+00,+13.54E+00,-13.52E+00,+6.707E+00
2,09/2/2026,14:58:41.697,-0.09E+00,-0.05E+00,+0.05E+00,+0.00E+00,-0.14E+00,+13.40E+00,-13.63E+00,+6.638E+00
2,09/2/2026,14:58:41.697,-0.14E+00,-0.05E+00,+0.05E+00,-0.05E+00,+0.11E+00,+13.25E+00,-13.73E+00,+6.562E+00
2,09/2/2026,14:58:41.697,-0.14E+00,-0.05E+00,+0.05E+00,-0.05E+00,+0.37E+00,+13.09E+00,-13.84E+00,+6.486E+00
2,09/2/2026,14:58:41.697,-0.09E+00,-0.05E+00,+0.05E+00,-0.05E+00,+0.61E+00,+12.94E+00,-13.93E+00,+6.409E+00
2,09/2/2026,14:58:41.697,-0.09E+00,-0.05E+00,+0.05E+00,-0.05E+00,+0.87E+00,+12.79E+00,-14.04E+00,+6.333E+00
2,09/2/2026,14:58:41.697,-0.09E+00,-0.05E+00,+0.05E+00,+0.00E+00,+1.11E+00,+12.62E+00,-14.13E+00,+6.249E+00
2,09/2/2026,14:58:41.697,-0.09E+00,-0.05E+00,+0.05E+00,+0.00E+00,+1.39E+00,+12.47E+00,-14.22E+00,+6.173E+00
2,09/2/2026,14:58:41.697,-0.09E+00,-0.05E+00,+0.05E+00,+0.00E+00,+1.63E+00,+12.30E+00,-14.31E+00,+6.089E+00
2,09/2/2026,14:58:41.697,-0.09E+00,-0.05E+00,+0.05E+00,-0.05E+00,+1.89E+00,+12.13E+00,-14.39E+00,+6.005E+00
2,09/2/2026,14:58:41.697,-0.09E+00,-0.05E+00,+0.05E+00,+0.00E+00,+2.12E+00,+11.96E+00,-14.47E+00,+5.921E+00
2,09/2/2026,14:58:41.697,-0.09E+00,-0.05E+00,+0.05E+00,+0.00E+00,+2.37E+00,+11.80E+00,-14.54E+00,+5.837E+00
2,09/2/2026,14:58:41.697,-0.09E+00,-0.05E+00,+0.05E+00,+0.00E+00,+2.62E+00,+11.64E+00,-14.62E+00,+5.753E+00
2,09/2/2026,14:58:41.697,-0.09E+00,-0.05E+00,+0.05E+00,+0.00E+00,+2.85E+00,+11.46E+00,-14.70E+00,+5.669E+00
2,09/2/2026,14:58:41.697,-0.14E+00,-0.05E+00,+0.05E+00,-0.05E+00,+3.10E+00,+11.29E+00,-14.76E+00,+5.578E+00
2,09/2/2026,14:58:41.697,-0.14E+00,-0.05E+00,+0.05E+00,-0.05E+00,+3.33E+00,+11.12E+00,-14.82E+00,+5.494E+00
2,09/2/2026,14:58:41.698,-0.09E+00,-0.05E+00,+0.05E+00,+0.00E+00,+3.57E+00,+10.94E+00,-14.86E+00,+5.402E+00
2,09/2/2026,14:58:41.698,-0.09E+00,-0.05E+00,+0.05E+00,+0.00E+00,+3.80E+00,+10.76E+00,-14.92E+00,+5.311E+00
2,09/2/2026,14:58:41.698,-0.09E+00,-0.05E+00,+0.05E+00,+0.00E+00,+4.03E+00,+10.58E+00,-14.97E+00,+5.219E+00
2,09/2/2026,14:58:41.698,-0.09E+00,-0.05E+00,+0.05E+00,+0.00E+00,+4.24E+00,+10.39E+00,-15.02E+00,+5.135E+00
2,09/2/2026,14:58:41.698,-0.14E+00,-0.05E+00,+0.05E+00,+0.00E+00,+4.47E+00,+10.22E+00,-15.06E+00,+5.043E+00
2,09/2/2026,14:58:41.698,-0.14E+00,-0.05E+00,+0.05E+00,+0.00E+00,+4.70E+00,+10.03E+00,-15.09E+00,+4.952E+00
2,09/2/2026,14:58:41.698,-0.14E+00,-0.05E+00,+0.05E+00,+0.00E+00,+4.91E+00,+9.84E+00,-15.12E+00,+4.853E+00
2,09/2/2026,14:58:41.698,-0.09E+00,-0.05E+00,+0.00E+00,+0.00E+00,+5.13E+00,+9.67E+00,-15.15E+00,+4.769E+00
2,09/2/2026,14:58:41.698,-0.09E+00,-0.05E+00,+0.05E+00,+0.00E+00,+5.34E+00,+9.48E+00,-15.20E+00,+4.677E+00
2,09/2/2026,14:58:41.698,-0.09E+00,-0.05E+00,+0.05E+00,-0.05E+00,+5.55E+00,+9.29E+00,-15.21E+00,+4.586E+00
2,09/2/2026,14:58:41.698,-0.09E+00,-0.05E+00,+0.05E+00,-0.05E+00,+5.77E+00,+9.13E+00,-15.24E+00,+4.494E+00
2,09/2/2026,14:58:41.698,-0.09E+00,-0.05E+00,+0.05E+00,+0.00E+00,+5.97E+00,+8.93E+00,-15.28E+00,+4.395E+00
2,09/2/2026,14:58:41.698,-0.09E+00,-0.05E+00,+0.05E+00,-0.05E+00,+6.18E+00,+8.74E+00,-15.31E+00,+4.303E+00
2,09/2/2026,14:58:41.698,-0.14E+00,-0.05E+00,+0.05E+00,+0.00E+00,+6.39E+00,+8.56E+00,-15.32E+00,+4.212E+00
2,09/2/2026,14:58:41.698,-0.09E+00,-0.05E+00,+0.05E+00,+0.00E+00,+6.59E+00,+8.38E+00,-15.34E+00,+4.120E+00
2,09/2/2026,14:58:41.698,-0.09E+00,-0.05E+00,+0.05E+00,+0.00E+00,+6.81E+00,+8.18E+00,-15.35E+00,+4.021E+00
2,09/2/2026,14:58:41.698,-0.14E+00,-0.05E+00,+0.05E+00,-0.05E+00,+7.02E+00,+7.98E+00,-15.37E+00,+3.929E+00
2,09/2/2026,14:58:41.698,-0.14E+00,-0.05E+00,+0.05E+00,-0.05E+00,+7.22E+00,+7.80E+00,-15.38E+00,+3.830E+00
2,09/2/2026,14:58:41.698,-0.09E+00,-0.05E+00,+0.05E+00,+0.00E+00,+7.43E+00,+7.60E+00,-15.40E+00,+3.723E+00
2,09/2/2026,14:58:41.698,-0.09E+00,-0.05E+00,+0.05E+00,+0.00E+00,+7.65E+00,+7.40E+00,-15.40E+00,+3.624E+00
2,09/2/2026,14:58:41.699,-0.09E+00,-0.05E+00,+0.05E+00,-0.05E+00,+7.84E+00,+7.20E+00,-15.40E+00,+3.533E+00
2,09/2/2026,14:58:41.699,-0.09E+00,-0.05E+00,+0.05E+00,-0.05E+00,+8.04E+00,+6.99E+00,-15.41E+00,+3.426E+00
2,09/2/2026,14:58:41.699,-0.14E+00,-0.05E+00,+0.05E+00,-0.05E+00,+8.26E+00,+6.79E+00,-15.41E+00,+3.327E+00
2,09/2/2026,14:58:41.699,-0.09E+00,-0.05E+00,+0.05E+00,+0.00E+00,+8.45E+00,+6.59E+00,-15.43E+00,+3.228E+00
2,09/2/2026,14:58:41.699,-0.09E+00,-0.05E+00,+0.05E+00,+0.00E+00,+8.67E+00,+6.38E+00,-15.43E+00,+3.128E+00
2,09/2/2026,14:58:41.699,-0.09E+00,-0.05E+00,+0.00E+00,+0.00E+00,+8.87E+00,+6.18E+00,-15.41E+00,+3.022E+00
2,09/2/2026,14:58:41.699,-0.09E+00,-0.05E+00,+0.05E+00,+0.00E+00,+9.08E+00,+5.97E+00,-15.41E+00,+2.915E+00
2,09/2/2026,14:58:41.699,-0.09E+00,-0.05E+00,+0.05E+00,+0.00E+00,+9.28E+00,+5.75E+00,-15.41E+00,+2.808E+00
2,09/2/2026,14:58:41.699,-0.09E+00,-0.05E+00,+0.05E+00,-0.05E+00,+9.51E+00,+5.54E+00,-15.41E+00,+2.701E+00
2,09/2/2026,14:58:41.699,-0.09E+00,-0.05E+00,+0.05E+00,-0.05E+00,+9.71E+00,+5.33E+00,-15.41E+00,+2.594E+00
2,09/2/2026,14:58:41.699,-0.09E+00,-0.05E+00,+0.05E+00,+0.00E+00,+9.92E+00,+5.11E+00,-15.40E+00,+2.487E+00
2,09/2/2026,14:58:41.699,-0.09E+00,-0.05E+00,+0.05E+00,+0.00E+00,+10.12E+00,+4.88E+00,-15.38E+00,+2.381E+00
2,09/2/2026,14:58:41.699,-0.09E+00,-0.05E+00,+0.00E+00,+0.00E+00,+10.33E+00,+4.67E+00,-15.37E+00,+2.266E+00
2,09/2/2026,14:58:41.699,-0.09E+00,-0.05E+00,+0.05E+00,-0.05E+00,+10.51E+00,+4.44E+00,-15.35E+00,+2.159E+00
2,09/2/2026,14:58:41.699,-0.14E+00,-0.05E+00,+0.05E+00,+0.00E+00,+10.71E+00,+4.23E+00,-15.34E+00,+2.052E+00
2,09/2/2026,14:58:41.699,-0.09E+00,-0.05E+00,+0.05E+00,+0.00E+00,+10.90E+00,+4.01E+00,-15.29E+00,+1.946E+00
2,09/2/2026,14:58:41.699,-0.09E+00,-0.05E+00,+0.05E+00,+0.00E+00,+11.08E+00,+3.80E+00,-15.26E+00,+1.839E+00
2,09/2/2026,14:58:41.699,-0.09E+00,-0.05E+00,+0.05E+00,+0.00E+00,+11.26E+00,+3.59E+00,-15.21E+00,+1.724E+00
2,09/2/2026,14:58:41.699,-0.09E+00,-0.05E+00,+0.05E+00,+0.00E+00,+11.43E+00,+3.36E+00,-15.14E+00,+1.618E+00
2,09/2/2026,14:58:41.699,-0.09E+00,-0.05E+00,+0.05E+00,+0.00E+00,+11.58E+00,+3.11E+00,-15.08E+00,+1.503E+00
2,09/2/2026,14:58:41.700,-0.09E+00,-0.05E+00,+0.05E+00,+0.00E+00,+11.74E+00,+2.87E+00,-14.99E+00,+1.381E+00
2,09/2/2026,14:58:41.700,-0.14E+00,-0.05E+00,+0.05E+00,+0.00E+00,+11.89E+00,+2.62E+00,-14.89E+00,+1.259E+00
2,09/2/2026,14:58:41.700,-0.14E+00,-0.05E+00,+0.05E+00,+0.00E+00,+12.03E+00,+2.38E+00,-14.79E+00,+1.129E+00
2,09/2/2026,14:58:41.700,-0.09E+00,-0.05E+00,+0.00E+00,+0.00E+00,+12.16E+00,+2.12E+00,-14.67E+00,+1.007E+00
2,09/2/2026,14:58:41.700,-0.09E+00,-0.05E+00,+0.05E+00,-0.05E+00,+12.28E+00,+1.88E+00,-14.53E+00,+0.885E+00
2,09/2/2026,14:58:41.700,-0.14E+00,-0.05E+00,+0.05E+00,+0.00E+00,+12.42E+00,+1.62E+00,-14.41E+00,+0.755E+00
2,09/2/2026,14:58:41.700,-0.14E+00,-0.05E+00,+0.05E+00,+0.00E+00,+12.54E+00,+1.37E+00,-14.28E+00,+0.633E+00
2,09/2/2026,14:58:41.700,-0.09E+00,-0.05E+00,+0.05E+00,+0.00E+00,+12.67E+00,+1.13E+00,-14.16E+00,+0.504E+00
2,09/2/2026,14:58:41.700,-0.09E+00,-0.05E+00,+0.05E+00,+0.00E+00,+12.79E+00,+0.87E+00,-14.04E+00,+0.382E+00
2,09/2/2026,14:58:41.700,-0.09E+00,-0.05E+00,+0.05E+00,+0.00E+00,+12.91E+00,+0.63E+00,-13.92E+00,+0.267E+00
2,09/2/2026,14:58:41.700,-0.09E+00,-0.05E+00,+0.05E+00,+0.00E+00,+13.03E+00,+0.40E+00,-13.81E+00,+0.145E+00
2,09/2/2026,14:58:41.700,-0.09E+00,-0.05E+00,+0.05E+00,+0.00E+00,+13.14E+00,+0.15E+00,-13.67E+00,+0.023E+00
2,09/2/2026,14:58:41.700,-0.09E+00,-0.05E+00,+0.05E+00,-0.05E+00,+13.26E+00,-0.09E+00,-13.54E+00,-0.092E+00
2,09/2/2026,14:58:41.700,-0.14E+00,-0.05E+00,+0.05E+00,+0.00E+00,+13.35E+00,-0.34E+00,-13.41E+00,-0.221E+00
2,09/2/2026,14:58:41.700,-0.14E+00,-0.05E+00,+0.05E+00,+0.00E+00,+13.46E+00,-0.58E+00,-13.26E+00,-0.336E+00
2,09/2/2026,14:58:41.700,-0.14E+00,-0.05E+00,+0.05E+00,-0.05E+00,+13.54E+00,-0.84E+00,-13.09E+00,-0.465E+00
2,09/2/2026,14:58:41.700,-0.09E+00,-0.05E+00,+0.05E+00,-0.05E+00,+13.63E+00,-1.10E+00,-12.93E+00,-0.595E+00
2,09/2/2026,14:58:41.700,-0.14E+00,-0.05E+00,+0.05E+00,+0.00E+00,+13.72E+00,-1.34E+00,-12.76E+00,-0.717E+00
2,09/2/2026,14:58:41.700,-0.09E+00,-0.05E+00,+0.05E+00,+0.00E+00,+13.81E+00,-1.60E+00,-12.57E+00,-0.847E+00
2,09/2/2026,14:58:41.700,-0.09E+00,-0.05E+00,+0.05E+00,+0.00E+00,+13.89E+00,-1.86E+00,-12.39E+00,-0.977E+00
2,09/2/2026,14:58:41.701,-0.09E+00,-0.05E+00,+0.05E+00,+0.00E+00,+13.96E+00,-2.12E+00,-12.22E+00,-1.106E+00
2,09/2/2026,14:58:41.701,-0.09E+00,-0.05E+00,+0.05E+00,+0.00E+00,+14.04E+00,-2.37E+00,-12.04E+00,-1.228E+00
2,09/2/2026,14:58:41.701,-0.09E+00,-0.05E+00,+0.05E+00,+0.00E+00,+14.12E+00,-2.62E+00,-11.87E+00,-1.351E+00
2,09/2/2026,14:58:41.701,-0.09E+00,-0.05E+00,+0.05E+00,+0.00E+00,+14.19E+00,-2.87E+00,-11.70E+00,-1.473E+00
2,09/2/2026,14:58:41.701,-0.09E+00,-0.05E+00,+0.05E+00,+0.00E+00,+14.27E+00,-3.13E+00,-11.52E+00,-1.595E+00
2,09/2/2026,14:58:41.701,-0.14E+00,-0.05E+00,+0.05E+00,-0.05E+00,+14.34E+00,-3.36E+00,-11.35E+00,-1.717E+00
2,09/2/2026,14:58:41.701,-0.14E+00,-0.05E+00,+0.05E+00,-0.05E+00,+14.41E+00,-3.60E+00,-11.19E+00,-1.839E+00
2,09/2/2026,14:58:41.701,-0.09E+00,-0.05E+00,+0.05E+00,+0.00E+00,+14.47E+00,-3.85E+00,-11.00E+00,-1.961E+00
2,09/2/2026,14:58:41.701,-0.09E+00,-0.05E+00,+0.05E+00,+0.00E+00,+14.53E+00,-4.07E+00,-10.82E+00,-2.075E+00
2,09/2/2026,14:58:41.701,-0.09E+00,-0.05E+00,+0.05E+00,+0.00E+00,+14.57E+00,-4.32E+00,-10.65E+00,-2.190E+00
2,09/2/2026,14:58:41.701,-0.14E+00,-0.05E+00,+0.05E+00,+0.00E+00,+14.63E+00,-4.55E+00,-10.47E+00,-2.304E+00
2,09/2/2026,14:58:41.701,-0.14E+00,-0.05E+00,+0.05E+00,+0.00E+00,+14.68E+00,-4.78E+00,-10.29E+00,-2.419E+00
2,09/2/2026,14:58:41.701,-0.09E+00,-0.05E+00,+0.05E+00,+0.00E+00,+14.73E+00,-5.01E+00,-10.09E+00,-2.533E+00
2,09/2/2026,14:58:41.701,-0.09E+00,-0.05E+00,+0.05E+00,+0.00E+00,+14.76E+00,-5.23E+00,-9.90E+00,-2.648E+00
2,09/2/2026,14:58:41.701,-0.09E+00,-0.05E+00,+0.05E+00,+0.00E+00,+14.79E+00,-5.45E+00,-9.72E+00,-2.754E+00
2,09/2/2026,14:58:41.701,-0.09E+00,-0.05E+00,+0.05E+00,+0.00E+00,+14.82E+00,-5.68E+00,-9.52E+00,-2.861E+00
2,09/2/2026,14:58:41.701,-0.14E+00,-0.05E+00,+0.05E+00,-0.05E+00,+14.86E+00,-5.89E+00,-9.34E+00,-2.976E+00
2,09/2/2026,14:58:41.701,-0.09E+00,-0.05E+00,+0.05E+00,-0.05E+00,+14.89E+00,-6.10E+00,-9.16E+00,-3.083E+00
2,09/2/2026,14:58:41.701,-0.09E+00,-0.05E+00,+0.05E+00,+0.00E+00,+14.91E+00,-6.32E+00,-8.97E+00,-3.182E+00
2,09/2/2026,14:58:41.701,-0.09E+00,-0.05E+00,+0.05E+00,+0.00E+00,+14.94E+00,-6.53E+00,-8.77E+00,-3.289E+00
2,09/2/2026,14:58:41.702,-0.09E+00,-0.05E+00,+0.05E+00,+0.00E+00,+14.97E+00,-6.75E+00,-8.59E+00,-3.395E+00
2,09/2/2026,14:58:41.702,-0.09E+00,-0.05E+00,+0.05E+00,+0.00E+00,+14.99E+00,-6.96E+00,-8.41E+00,-3.495E+00
2,09/2/2026,14:58:41.702,-0.14E+00,-0.05E+00,+0.05E+00,+0.00E+00,+15.00E+00,-7.17E+00,-8.21E+00,-3.594E+00
2,09/2/2026,14:58:41.702,-0.09E+00,-0.05E+00,+0.05E+00,+0.00E+00,+15.03E+00,-7.37E+00,-8.03E+00,-3.708E+00
2,09/2/2026,14:58:41.702,-0.09E+00,-0.05E+00,+0.05E+00,-0.05E+00,+15.05E+00,-7.58E+00,-7.84E+00,-3.807E+00
2,09/2/2026,14:58:41.702,-0.09E+00,-0.05E+00,+0.05E+00,+0.00E+00,+15.06E+00,-7.80E+00,-7.65E+00,-3.907E+00
2,09/2/2026,14:58:41.702,-0.09E+00,-0.05E+00,+0.05E+00,+0.00E+00,+15.06E+00,-8.00E+00,-7.45E+00,-4.013E+00
2,09/2/2026,14:58:41.702,-0.14E+00,-0.05E+00,+0.05E+00,+0.00E+00,+15.08E+00,-8.21E+00,-7.25E+00,-4.113E+00
2,09/2/2026,14:58:41.702,-0.14E+00,-0.05E+00,+0.05E+00,-0.05E+00,+15.08E+00,-8.41E+00,-7.05E+00,-4.212E+00
2,09/2/2026,14:58:41.702,-0.09E+00,-0.05E+00,+0.05E+00,-0.05E+00,+15.08E+00,-8.61E+00,-6.85E+00,-4.311E+00
2,09/2/2026,14:58:41.702,-0.09E+00,-0.05E+00,+0.05E+00,-0.05E+00,+15.08E+00,-8.81E+00,-6.65E+00,-4.410E+00
2,09/2/2026,14:58:41.702,-0.09E+00,-0.05E+00,+0.05E+00,+0.00E+00,+15.09E+00,-9.02E+00,-6.46E+00,-4.517E+00
2,09/2/2026,14:58:41.702,-0.09E+00,-0.05E+00,+0.05E+00,+0.00E+00,+15.08E+00,-9.23E+00,-6.24E+00,-4.616E+00
2,09/2/2026,14:58:41.702,-0.14E+00,-0.05E+00,+0.00E+00,+0.00E+00,+15.08E+00,-9.43E+00,-6.03E+00,-4.715E+00
2,09/2/2026,14:58:41.702,-0.14E+00,-0.05E+00,+0.05E+00,+0.00E+00,+15.08E+00,-9.63E+00,-5.81E+00,-4.815E+00
2,09/2/2026,14:58:41.702,-0.14E+00,-0.05E+00,+0.05E+00,+0.00E+00,+15.06E+00,-9.84E+00,-5.60E+00,-4.921E+00
2,09/2/2026,14:58:41.702,-0.09E+00,-0.05E+00,+0.05E+00,+0.00E+00,+15.05E+00,-10.06E+00,-5.37E+00,-5.021E+00
2,09/2/2026,14:58:41.702,-0.09E+00,-0.05E+00,+0.05E+00,+0.00E+00,+15.03E+00,-10.25E+00,-5.14E+00,-5.127E+00
2,09/2/2026,14:58:41.702,-0.09E+00,-0.05E+00,+0.05E+00,+0.00E+00,+15.02E+00,-10.45E+00,-4.93E+00,-5.227E+00
2,09/2/2026,14:58:41.702,-0.09E+00,-0.05E+00,+0.05E+00,-0.05E+00,+14.99E+00,-10.67E+00,-4.70E+00,-5.326E+00
2,09/2/2026,14:58:41.703,-0.14E+00,-0.05E+00,+0.05E+00,-0.05E+00,+14.95E+00,-10.87E+00,-4.47E+00,-5.417E+00
2,09/2/2026,14:58:41.703,-0.09E+00,-0.05E+00,+0.05E+00,-0.05E+00,+14.91E+00,-11.05E+00,-4.24E+00,-5.509E+00
2,09/2/2026,14:58:41.703,-0.09E+00,-0.05E+00,+0.05E+00,-0.05E+00,+14.86E+00,-11.22E+00,-4.01E+00,-5.600E+00
2,09/2/2026,14:58:41.703,-0.09E+00,-0.05E+00,+0.05E+00,+0.00E+00,+14.80E+00,-11.40E+00,-3.78E+00,-5.684E+00
2,09/2/2026,14:58:41.703,-0.09E+00,-0.05E+00,+0.05E+00,+0.00E+00,+14.74E+00,-11.57E+00,-3.56E+00,-5.768E+00
2,09/2/2026,14:58:41.703,-0.14E+00,-0.05E+00,+0.05E+00,+0.00E+00,+14.68E+00,-11.74E+00,-3.33E+00,-5.845E+00
2,09/2/2026,14:58:41.703,-0.14E+00,-0.05E+00,+0.05E+00,+0.00E+00,+14.59E+00,-11.89E+00,-3.10E+00,-5.929E+00
2,09/2/2026,14:58:41.703,-0.14E+00,-0.05E+00,+0.05E+00,+0.00E+00,+14.51E+00,-12.04E+00,-2.85E+00,-5.997E+00
2,09/2/2026,14:58:41.703,-0.09E+00,-0.05E+00,+0.05E+00,+0.00E+00,+14.42E+00,-12.19E+00,-2.62E+00,-6.074E+00
2,09/2/2026,14:58:41.703,-0.09E+00,-0.05E+00,+0.05E+00,+0.00E+00,+14.33E+00,-12.33E+00,-2.38E+00,-6.142E+00
2,09/2/2026,14:58:41.703,-0.09E+00,-0.05E+00,+0.05E+00,+0.00E+00,+14.24E+00,-12.47E+00,-2.12E+00,-6.211E+00
2,09/2/2026,14:58:41.703,-0.14E+00,-0.05E+00,+0.05E+00,+0.00E+00,+14.12E+00,-12.62E+00,-1.88E+00,-6.280E+00
2,09/2/2026,14:58:41.703,-0.14E+00,-0.09E+00,+0.05E+00,-0.05E+00,+14.01E+00,-12.74E+00,-1.63E+00,-6.348E+00
2,09/2/2026,14:58:41.703,-0.09E+00,-0.05E+00,+0.05E+00,-0.05E+00,+13.89E+00,-12.88E+00,-1.37E+00,-6.409E+00
2,09/2/2026,14:58:41.703,-0.09E+00,-0.05E+00,+0.05E+00,+0.00E+00,+13.76E+00,-13.02E+00,-1.11E+00,-6.478E+00
2,09/2/2026,14:58:41.703,-0.09E+00,-0.05E+00,+0.05E+00,+0.00E+00,+13.64E+00,-13.14E+00,-0.87E+00,-6.539E+00
2,09/2/2026,14:58:41.703,-0.09E+00,-0.05E+00,+0.05E+00,+0.00E+00,+13.51E+00,-13.26E+00,-0.63E+00,-6.600E+00
2,09/2/2026,14:58:41.703,-0.09E+00,-0.05E+00,+0.05E+00,+0.00E+00,+13.38E+00,-13.38E+00,-0.38E+00,-6.653E+00
2,09/2/2026,14:58:41.703,-0.14E+00,-0.05E+00,+0.05E+00,-0.05E+00,+13.25E+00,-13.49E+00,-0.12E+00,-6.707E+00
2,09/2/2026,14:58:41.703,-0.14E+00,-0.05E+00,+0.05E+00,+0.00E+00,+13.11E+00,-13.61E+00,+0.12E+00,-6.768E+00
2,09/2/2026,14:58:41.704,-0.09E+00,-0.05E+00,+0.05E+00,+0.00E+00,+12.96E+00,-13.72E+00,+0.38E+00,-6.821E+00
2,09/2/2026,14:58:41.704,-0.09E+00,-0.05E+00,+0.05E+00,+0.00E+00,+12.80E+00,-13.81E+00,+0.64E+00,-6.875E+00
2,09/2/2026,14:58:41.704,-0.09E+00,-0.05E+00,+0.05E+00,+0.00E+00,+12.65E+00,-13.92E+00,+0.90E+00,-6.920E+00
2,09/2/2026,14:58:41.704,-0.14E+00,-0.05E+00,+0.05E+00,+0.00E+00,+12.48E+00,-14.02E+00,+1.14E+00,-6.966E+00
2,09/2/2026,14:58:41.704,-0.14E+00,-0.05E+00,+0.05E+00,+0.00E+00,+12.31E+00,-14.12E+00,+1.40E+00,-7.012E+00
2,09/2/2026,14:58:41.704,-0.14E+00,-0.05E+00,+0.05E+00,+0.00E+00,+12.16E+00,-14.19E+00,+1.66E+00,-7.050E+00
2,09/2/2026,14:58:41.704,-0.09E+00,-0.05E+00,+0.05E+00,+0.00E+00,+11.99E+00,-14.28E+00,+1.92E+00,-7.096E+00
2,09/2/2026,14:58:41.704,-0.09E+00,-0.05E+00,+0.05E+00,+0.00E+00,+11.83E+00,-14.38E+00,+2.17E+00,-7.134E+00
2,09/2/2026,14:58:41.704,-0.09E+00,-0.05E+00,+0.05E+00,-0.05E+00,+11.64E+00,-14.45E+00,+2.43E+00,-7.172E+00
2,09/2/2026,14:58:41.704,-0.09E+00,-0.05E+00,+0.05E+00,+0.00E+00,+11.48E+00,-14.53E+00,+2.67E+00,-7.210E+00
2,09/2/2026,14:58:41.704,-0.09E+00,-0.05E+00,+0.05E+00,-0.05E+00,+11.31E+00,-14.59E+00,+2.91E+00,-7.249E+00
2,09/2/2026,14:58:41.704,-0.14E+00,-0.05E+00,+0.05E+00,-0.05E+00,+11.14E+00,-14.67E+00,+3.16E+00,-7.279E+00
2,09/2/2026,14:58:41.704,-0.09E+00,-0.05E+00,+0.05E+00,+0.00E+00,+10.96E+00,-14.73E+00,+3.40E+00,-7.310E+00
2,09/2/2026,14:58:41.704,-0.09E+00,-0.05E+00,+0.05E+00,+0.00E+00,+10.79E+00,-14.79E+00,+3.63E+00,-7.340E+00
2,09/2/2026,14:58:41.704,-0.09E+00,-0.05E+00,+0.05E+00,+0.00E+00,+10.61E+00,-14.86E+00,+3.88E+00,-7.371E+00
2,09/2/2026,14:58:41.704,-0.14E+00,-0.05E+00,+0.05E+00,+0.00E+00,+10.44E+00,-14.91E+00,+4.10E+00,-7.394E+00
2,09/2/2026,14:58:41.704,-0.14E+00,-0.05E+00,+0.05E+00,+0.00E+00,+10.25E+00,-14.95E+00,+4.33E+00,-7.416E+00
2,09/2/2026,14:58:41.704,-0.09E+00,-0.05E+00,+0.05E+00,+0.00E+00,+10.07E+00,-15.02E+00,+4.56E+00,-7.447E+00
2,09/2/2026,14:58:41.704,-0.09E+00,-0.05E+00,+0.05E+00,+0.00E+00,+9.90E+00,-15.06E+00,+4.79E+00,-7.470E+00
2,09/2/2026,14:58:41.704,-0.09E+00,-0.05E+00,+0.05E+00,+0.00E+00,+9.72E+00,-15.09E+00,+5.02E+00,-7.485E+00
2,09/2/2026,14:58:41.705,-0.09E+00,-0.05E+00,+0.05E+00,-0.05E+00,+9.54E+00,-15.14E+00,+5.23E+00,-7.500E+00
2,09/2/2026,14:58:41.705,-0.09E+00,-0.05E+00,+0.05E+00,+0.00E+00,+9.35E+00,-15.18E+00,+5.45E+00,-7.523E+00
2,09/2/2026,14:58:41.705,-0.09E+00,-0.05E+00,+0.05E+00,+0.00E+00,+9.17E+00,-15.21E+00,+5.68E+00,-7.539E+00
2,09/2/2026,14:58:41.705,-0.14E+00,-0.05E+00,+0.05E+00,+0.00E+00,+8.99E+00,-15.24E+00,+5.89E+00,-7.554E+00
2,09/2/2026,14:58:41.705,-0.14E+00,-0.05E+00,+0.05E+00,+0.00E+00,+8.81E+00,-15.28E+00,+6.10E+00,-7.569E+00
2,09/2/2026,14:58:41.705,-0.09E+00,-0.05E+00,+0.05E+00,+0.00E+00,+8.62E+00,-15.31E+00,+6.32E+00,-7.584E+00
2,09/2/2026,14:58:41.705,-0.09E+00,-0.05E+00,+0.05E+00,+0.00E+00,+8.44E+00,-15.34E+00,+6.52E+00,-7.592E+00
2,09/2/2026,14:58:41.705,-0.09E+00,-0.05E+00,+0.05E+00,+0.00E+00,+8.26E+00,-15.37E+00,+6.73E+00,-7.607E+00
2,09/2/2026,14:58:41.705,-0.09E+00,-0.05E+00,+0.05E+00,+0.00E+00,+8.07E+00,-15.38E+00,+6.94E+00,-7.615E+00
2,09/2/2026,14:58:41.705,-0.09E+00,-0.05E+00,+0.05E+00,-0.05E+00,+7.89E+00,-15.41E+00,+7.14E+00,-7.622E+00
2,09/2/2026,14:58:41.705,-0.09E+00,-0.05E+00,+0.05E+00,+0.00E+00,+7.71E+00,-15.43E+00,+7.36E+00,-7.638E+00
2,09/2/2026,14:58:41.705,-0.09E+00,-0.05E+00,+0.05E+00,-0.05E+00,+7.52E+00,-15.44E+00,+7.57E+00,-7.645E+00
2,09/2/2026,14:58:41.705,-0.09E+00,-0.05E+00,+0.05E+00,-0.05E+00,+7.32E+00,-15.46E+00,+7.77E+00,-7.645E+00
2,09/2/2026,14:58:41.705,-0.09E+00,-0.05E+00,+0.05E+00,+0.00E+00,+7.13E+00,-15.47E+00,+7.98E+00,-7.653E+00
2,09/2/2026,14:58:41.705,-0.14E+00,-0.05E+00,+0.05E+00,-0.05E+00,+6.93E+00,-15.49E+00,+8.18E+00,-7.661E+00
2,09/2/2026,14:58:41.705,-0.14E+00,-0.05E+00,+0.05E+00,-0.05E+00,+6.73E+00,-15.49E+00,+8.39E+00,-7.661E+00
2,09/2/2026,14:58:41.705,-0.14E+00,-0.05E+00,+0.05E+00,+0.00E+00,+6.53E+00,-15.50E+00,+8.59E+00,-7.661E+00
2,09/2/2026,14:58:41.705,-0.09E+00,-0.05E+00,+0.05E+00,+0.00E+00,+6.35E+00,-15.50E+00,+8.79E+00,-7.668E+00
2,09/2/2026,14:58:41.705,-0.09E+00,-0.05E+00,+0.05E+00,+0.00E+00,+6.13E+00,-15.50E+00,+8.99E+00,-7.661E+00
2,09/2/2026,14:58:41.705,-0.14E+00,-0.05E+00,+0.05E+00,-0.05E+00,+5.94E+00,-15.50E+00,+9.20E+00,-7.661E+00
2,09/2/2026,14:58:41.706,-0.14E+00,-0.05E+00,+0.05E+00,+0.00E+00,+5.74E+00,-15.49E+00,+9.40E+00,-7.661E+00
2,09/2/2026,14:58:41.706,-0.09E+00,-0.05E+00,+0.05E+00,-0.05E+00,+5.52E+00,-15.49E+00,+9.60E+00,-7.661E+00
2,09/2/2026,14:58:41.706,-0.09E+00,-0.05E+00,+0.05E+00,-0.05E+00,+5.31E+00,-15.49E+00,+9.81E+00,-7.653E+00
2,09/2/2026,14:58:41.706,-0.09E+00,-0.05E+00,+0.05E+00,+0.00E+00,+5.10E+00,-15.47E+00,+10.01E+00,-7.645E+00
2,09/2/2026,14:58:41.706,-0.09E+00,-0.05E+00,+0.05E+00,+0.00E+00,+4.88E+00,-15.46E+00,+10.22E+00,-7.638E+00
2,09/2/2026,14:58:41.706,-0.09E+00,-0.05E+00,+0.05E+00,+0.00E+00,+4.65E+00,-15.44E+00,+10.42E+00,-7.630E+00
2,09/2/2026,14:58:41.706,-0.09E+00,-0.05E+00,+0.05E+00,+0.00E+00,+4.44E+00,-15.41E+00,+10.61E+00,-7.615E+00
2,09/2/2026,14:58:41.706,-0.09E+00,-0.05E+00,+0.05E+00,-0.05E+00,+4.23E+00,-15.40E+00,+10.80E+00,-7.600E+00
2,09/2/2026,14:58:41.706,-0.09E+00,-0.05E+00,+0.05E+00,-0.05E+00,+4.00E+00,-15.35E+00,+10.99E+00,-7.577E+00
2,09/2/2026,14:58:41.706,-0.09E+00,-0.05E+00,+0.05E+00,+0.00E+00,+3.77E+00,-15.31E+00,+11.16E+00,-7.554E+00
2,09/2/2026,14:58:41.706,-0.09E+00,-0.05E+00,+0.05E+00,+0.00E+00,+3.54E+00,-15.23E+00,+11.32E+00,-7.516E+00
2,09/2/2026,14:58:41.706,-0.14E+00,-0.05E+00,+0.05E+00,+0.00E+00,+3.31E+00,-15.17E+00,+11.49E+00,-7.477E+00
2,09/2/2026,14:58:41.706,-0.09E+00,-0.05E+00,+0.05E+00,+0.00E+00,+3.08E+00,-15.08E+00,+11.63E+00,-7.432E+00
2,09/2/2026,14:58:41.706,-0.09E+00,-0.05E+00,+0.05E+00,+0.00E+00,+2.84E+00,-14.99E+00,+11.77E+00,-7.386E+00
2,09/2/2026,14:58:41.706,-0.09E+00,-0.05E+00,+0.05E+00,+0.00E+00,+2.59E+00,-14.88E+00,+11.92E+00,-7.340E+00
2,09/2/2026,14:58:41.706,-0.09E+00,-0.05E+00,+0.05E+00,-0.05E+00,+2.37E+00,-14.79E+00,+12.06E+00,-7.287E+00
2,09/2/2026,14:58:41.706,-0.09E+00,-0.05E+00,+0.05E+00,+0.00E+00,+2.14E+00,-14.68E+00,+12.19E+00,-7.233E+00
2,09/2/2026,14:58:41.706,-0.09E+00,-0.05E+00,+0.05E+00,-0.05E+00,+1.89E+00,-14.57E+00,+12.33E+00,-7.180E+00
2,09/2/2026,14:58:41.706,-0.09E+00,-0.05E+00,+0.05E+00,-0.05E+00,+1.63E+00,-14.47E+00,+12.45E+00,-7.119E+00
2,09/2/2026,14:58:41.706,-0.09E+00,-0.05E+00,+0.05E+00,-0.05E+00,+1.39E+00,-14.34E+00,+12.59E+00,-7.058E+00
2,09/2/2026,14:58:41.707,-0.09E+00,-0.05E+00,+0.00E+00,+0.00E+00,+1.13E+00,-14.21E+00,+12.71E+00,-6.997E+00
2,09/2/2026,14:58:41.707,-0.09E+00,-0.05E+00,+0.05E+00,+0.00E+00,+0.87E+00,-14.09E+00,+12.83E+00,-6.928E+00
2,09/2/2026,14:58:41.707,-0.09E+00,-0.05E+00,+0.05E+00,-0.05E+00,+0.61E+00,-13.96E+00,+12.96E+00,-6.859E+00
2,09/2/2026,14:58:41.707,-0.09E+00,-0.05E+00,+0.05E+00,-0.05E+00,+0.37E+00,-13.83E+00,+13.06E+00,-6.798E+00
2,09/2/2026,14:58:41.707,-0.09E+00,-0.05E+00,+0.05E+00,-0.05E+00,+0.12E+00,-13.69E+00,+13.18E+00,-6.730E+00
2,09/2/2026,14:58:41.707,-0.09E+00,-0.05E+00,+0.05E+00,-0.05E+00,-0.12E+00,-13.54E+00,+13.29E+00,-6.653E+00
2,09/2/2026,14:58:41.707,-0.09E+00,-0.05E+00,+0.05E+00,-0.05E+00,-0.38E+00,-13.38E+00,+13.40E+00,-6.577E+00
2,09/2/2026,14:58:41.707,-0.09E+00,-0.05E+00,+0.05E+00,+0.00E+00,-0.64E+00,-13.25E+00,+13.51E+00,-6.501E+00
2,09/2/2026,14:58:41.707,-0.09E+00,-0.05E+00,+0.05E+00,-0.05E+00,-0.89E+00,-13.09E+00,+13.61E+00,-6.425E+00
2,09/2/2026,14:58:41.707,-0.09E+00,-0.05E+00,+0.05E+00,-0.05E+00,-1.14E+00,-12.94E+00,+13.70E+00,-6.348E+00
2,09/2/2026,14:58:41.707,-0.14E+00,-0.05E+00,+0.05E+00,-0.05E+00,-1.40E+00,-12.77E+00,+13.80E+00,-6.272E+00
2,09/2/2026,14:58:41.707,-0.14E+00,-0.05E+00,+0.05E+00,-0.05E+00,-1.66E+00,-12.60E+00,+13.90E+00,-6.188E+00
2,09/2/2026,14:58:41.707,-0.09E+00,-0.05E+00,+0.05E+00,+0.00E+00,-1.91E+00,-12.45E+00,+13.99E+00,-6.104E+00
2,09/2/2026,14:58:41.707,-0.09E+00,-0.05E+00,+0.05E+00,+0.00E+00,-2.17E+00,-12.28E+00,+14.07E+00,-6.020E+00
2,09/2/2026,14:58:41.707,-0.14E+00,-0.05E+00,+0.05E+00,+0.00E+00,-2.41E+00,-12.12E+00,+14.16E+00,-5.936E+00
2,09/2/2026,14:58:41.707,-0.09E+00,-0.05E+00,+0.05E+00,+0.00E+00,-2.67E+00,-11.95E+00,+14.24E+00,-5.852E+00
2,09/2/2026,14:58:41.707,-0.09E+00,-0.05E+00,+0.05E+00,+0.00E+00,-2.91E+00,-11.78E+00,+14.31E+00,-5.768E+00
2,09/2/2026,14:58:41.707,-0.09E+00,-0.05E+00,+0.05E+00,+0.00E+00,-3.16E+00,-11.61E+00,+14.38E+00,-5.684E+00
2,09/2/2026,14:58:41.707,-0.09E+00,-0.05E+00,+0.05E+00,+0.00E+00,-3.39E+00,-11.43E+00,+14.44E+00,-5.593E+00
2,09/2/2026,14:58:41.707,-0.09E+00,-0.05E+00,+0.05E+00,+0.00E+00,-3.63E+00,-11.25E+00,+14.50E+00,-5.501E+00
2,09/2/2026,14:58:41.708,-0.09E+00,-0.05E+00,+0.05E+00,+0.00E+00,-3.86E+00,-11.08E+00,+14.54E+00,-5.417E+00
2,09/2/2026,14:58:41.708,-0.09E+00,-0.05E+00,+0.05E+00,-0.05E+00,-4.09E+00,-10.90E+00,+14.60E+00,-5.326E+00
2,09/2/2026,14:58:41.708,-0.09E+00,-0.05E+00,+0.05E+00,+0.00E+00,-4.32E+00,-10.71E+00,+14.67E+00,-5.234E+00
2,09/2/2026,14:58:41.708,-0.14E+00,-0.05E+00,+0.05E+00,+0.00E+00,-4.55E+00,-10.54E+00,+14.71E+00,-5.143E+00
2,09/2/2026,14:58:41.708,-0.14E+00,-0.05E+00,+0.05E+00,+0.00E+00,-4.76E+00,-10.36E+00,+14.74E+00,-5.059E+00
2,09/2/2026,14:58:41.708,-0.09E+00,-0.05E+00,+0.05E+00,+0.00E+00,-4.99E+00,-10.18E+00,+14.79E+00,-4.960E+00
2,09/2/2026,14:58:41.708,-0.09E+00,-0.05E+00,+0.05E+00,+0.00E+00,-5.20E+00,-10.00E+00,+14.82E+00,-4.868E+00
2,09/2/2026,14:58:41.708,-0.14E+00,-0.05E+00,+0.05E+00,+0.00E+00,-5.42E+00,-9.81E+00,+14.86E+00,-4.776E+00
2,09/2/2026,14:58:41.708,-0.09E+00,-0.05E+00,+0.05E+00,-0.05E+00,-5.63E+00,-9.63E+00,+14.89E+00,-4.685E+00
2,09/2/2026,14:58:41.708,-0.09E+00,-0.05E+00,+0.05E+00,-0.05E+00,-5.86E+00,-9.45E+00,+14.91E+00,-4.593E+00
2,09/2/2026,14:58:41.708,-0.09E+00,-0.05E+00,+0.05E+00,+0.00E+00,-6.06E+00,-9.25E+00,+14.94E+00,-4.502E+00
2,09/2/2026,14:58:41.708,-0.09E+00,-0.05E+00,+0.05E+00,+0.00E+00,-6.27E+00,-9.06E+00,+14.97E+00,-4.410E+00
2,09/2/2026,14:58:41.708,-0.09E+00,-0.05E+00,+0.05E+00,-0.05E+00,-6.49E+00,-8.88E+00,+14.99E+00,-4.311E+00
2,09/2/2026,14:58:41.708,-0.14E+00,-0.05E+00,+0.05E+00,-0.05E+00,-6.70E+00,-8.70E+00,+15.02E+00,-4.219E+00
2,09/2/2026,14:58:41.708,-0.14E+00,-0.05E+00,+0.05E+00,+0.00E+00,-6.91E+00,-8.50E+00,+15.03E+00,-4.128E+00
2,09/2/2026,14:58:41.708,-0.14E+00,-0.05E+00,+0.05E+00,-0.05E+00,-7.11E+00,-8.32E+00,+15.05E+00,-4.029E+00
2,09/2/2026,14:58:41.708,-0.09E+00,-0.05E+00,+0.05E+00,+0.00E+00,-7.32E+00,-8.12E+00,+15.06E+00,-3.929E+00
2,09/2/2026,14:58:41.708,-0.09E+00,-0.05E+00,+0.05E+00,+0.00E+00,-7.54E+00,-7.92E+00,+15.08E+00,-3.830E+00
2,09/2/2026,14:58:41.708,-0.09E+00,-0.05E+00,+0.05E+00,+0.00E+00,-7.74E+00,-7.72E+00,+15.08E+00,-3.731E+00
2,09/2/2026,14:58:41.708,-0.09E+00,-0.05E+00,+0.05E+00,+0.00E+00,-7.95E+00,-7.52E+00,+15.09E+00,-3.640E+00
2,09/2/2026,14:58:41.709,-0.09E+00,-0.05E+00,+0.05E+00,+0.00E+00,-8.15E+00,-7.32E+00,+15.11E+00,-3.540E+00
2,09/2/2026,14:58:41.709,-0.09E+00,-0.05E+00,+0.05E+00,-0.05E+00,-8.35E+00,-7.13E+00,+15.11E+00,-3.441E+00
2,09/2/2026,14:58:41.709,-0.09E+00,-0.05E+00,+0.05E+00,-0.05E+00,-8.56E+00,-6.93E+00,+15.11E+00,-3.342E+00
2,09/2/2026,14:58:41.709,-0.09E+00,-0.05E+00,+0.05E+00,+0.00E+00,-8.76E+00,-6.73E+00,+15.12E+00,-3.243E+00
2,09/2/2026,14:58:41.709,-0.09E+00,-0.05E+00,+0.05E+00,+0.00E+00,-8.96E+00,-6.52E+00,+15.12E+00,-3.136E+00
2,09/2/2026,14:58:41.709,-0.09E+00,-0.05E+00,+0.05E+00,-0.05E+00,-9.17E+00,-6.32E+00,+15.11E+00,-3.037E+00
2,09/2/2026,14:58:41.709,-0.09E+00,-0.05E+00,+0.05E+00,-0.05E+00,-9.39E+00,-6.10E+00,+15.11E+00,-2.930E+00
2,09/2/2026,14:58:41.709,-0.09E+00,-0.05E+00,+0.05E+00,-0.05E+00,-9.60E+00,-5.89E+00,+15.11E+00,-2.816E+00
2,09/2/2026,14:58:41.709,-0.09E+00,-0.05E+00,+0.05E+00,+0.00E+00,-9.81E+00,-5.66E+00,+15.11E+00,-2.709E+00
2,09/2/2026,14:58:41.709,-0.09E+00,-0.05E+00,+0.05E+00,+0.00E+00,-10.03E+00,-5.45E+00,+15.09E+00,-2.602E+00
2,09/2/2026,14:58:41.709,-0.14E+00,-0.05E+00,+0.05E+00,-0.05E+00,-10.22E+00,-5.23E+00,+15.09E+00,-2.495E+00
2,09/2/2026,14:58:41.709,-0.14E+00,-0.05E+00,+0.05E+00,-0.05E+00,-10.44E+00,-5.01E+00,+15.08E+00,-2.381E+00
2,09/2/2026,14:58:41.709,-0.14E+00,-0.09E+00,+0.05E+00,+0.00E+00,-10.64E+00,-4.79E+00,+15.06E+00,-2.281E+00
2,09/2/2026,14:58:41.709,-0.09E+00,-0.05E+00,+0.05E+00,+0.00E+00,-10.82E+00,-4.59E+00,+15.03E+00,-2.175E+00
2,09/2/2026,14:58:41.709,-0.09E+00,-0.05E+00,+0.05E+00,-0.05E+00,-11.02E+00,-4.38E+00,+15.02E+00,-2.068E+00
2,09/2/2026,14:58:41.709,-0.09E+00,-0.05E+00,+0.05E+00,+0.00E+00,-11.20E+00,-4.17E+00,+14.99E+00,-1.961E+00
2,09/2/2026,14:58:41.709,-0.14E+00,-0.05E+00,+0.05E+00,+0.00E+00,-11.38E+00,-3.94E+00,+14.95E+00,-1.854E+00
2,09/2/2026,14:58:41.709,-0.14E+00,-0.05E+00,+0.05E+00,-0.05E+00,-11.55E+00,-3.72E+00,+14.91E+00,-1.740E+00
2,09/2/2026,14:58:41.709,-0.09E+00,-0.05E+00,+0.05E+00,+0.00E+00,-11.72E+00,-3.49E+00,+14.85E+00,-1.625E+00
2,09/2/2026,14:58:41.709,-0.09E+00,-0.05E+00,+0.05E+00,+0.00E+00,-11.89E+00,-3.27E+00,+14.77E+00,-1.511E+00
2,09/2/2026,14:58:41.710,-0.09E+00,-0.05E+00,+0.05E+00,+0.00E+00,-12.04E+00,-3.02E+00,+14.68E+00,-1.389E+00
2,09/2/2026,14:58:41.710,-0.09E+00,-0.05E+00,+0.05E+00,-0.05E+00,-12.19E+00,-2.76E+00,+14.59E+00,-1.267E+00
2,09/2/2026,14:58:41.710,-0.09E+00,-0.05E+00,+0.05E+00,+0.00E+00,-12.33E+00,-2.52E+00,+14.48E+00,-1.145E+00
2,09/2/2026,14:58:41.710,-0.09E+00,-0.05E+00,+0.05E+00,+0.00E+00,-12.47E+00,-2.27E+00,+14.36E+00,-1.015E+00
2,09/2/2026,14:58:41.710,-0.14E+00,-0.05E+00,+0.05E+00,-0.05E+00,-12.59E+00,-2.01E+00,+14.24E+00,-0.893E+00
2,09/2/2026,14:58:41.710,-0.09E+00,-0.05E+00,+0.05E+00,+0.00E+00,-12.71E+00,-1.77E+00,+14.10E+00,-0.771E+00
2,09/2/2026,14:58:41.710,-0.09E+00,-0.05E+00,+0.05E+00,+0.00E+00,-12.83E+00,-1.53E+00,+13.98E+00,-0.649E+00
2,09/2/2026,14:58:41.710,-0.14E+00,-0.05E+00,+0.05E+00,-0.05E+00,-12.94E+00,-1.28E+00,+13.86E+00,-0.519E+00
2,09/2/2026,14:58:41.710,-0.14E+00,-0.05E+00,+0.05E+00,+0.00E+00,-13.08E+00,-1.04E+00,+13.73E+00,-0.404E+00
2,09/2/2026,14:58:41.710,-0.09E+00,-0.05E+00,+0.05E+00,+0.00E+00,-13.18E+00,-0.79E+00,+13.61E+00,-0.282E+00
2,09/2/2026,14:58:41.710,-0.09E+00,-0.05E+00,+0.05E+00,+0.00E+00,-13.31E+00,-0.55E+00,+13.49E+00,-0.160E+00
2,09/2/2026,14:58:41.710,-0.09E+00,-0.05E+00,+0.05E+00,+0.00E+00,-13.43E+00,-0.31E+00,+13.35E+00,-0.038E+00
2,09/2/2026,14:58:41.710,-0.09E+00,-0.05E+00,+0.05E+00,-0.05E+00,-13.54E+00,-0.06E+00,+13.22E+00,+0.076E+00
2,09/2/2026,14:58:41.710,-0.09E+00,-0.05E+00,+0.05E+00,-0.05E+00,-13.63E+00,+0.18E+00,+13.08E+00,+0.198E+00
2,09/2/2026,14:58:41.710,-0.09E+00,-0.05E+00,+0.05E+00,+0.00E+00,-13.72E+00,+0.43E+00,+12.93E+00,+0.320E+00
2,09/2/2026,14:58:41.710,-0.14E+00,-0.05E+00,+0.05E+00,-0.05E+00,-13.83E+00,+0.69E+00,+12.77E+00,+0.450E+00
2,09/2/2026,14:58:41.710,-0.09E+00,-0.05E+00,+0.05E+00,+0.00E+00,-13.92E+00,+0.95E+00,+12.60E+00,+0.580E+00
2,09/2/2026,14:58:41.710,-0.09E+00,-0.05E+00,+0.05E+00,-0.05E+00,-13.99E+00,+1.21E+00,+12.42E+00,+0.710E+00
2,09/2/2026,14:58:41.710,-0.14E+00,-0.05E+00,+0.05E+00,-0.05E+00,-14.09E+00,+1.46E+00,+12.24E+00,+0.832E+00
2,09/2/2026,14:58:41.710,-0.09E+00,-0.05E+00,+0.05E+00,+0.00E+00,-14.16E+00,+1.72E+00,+12.07E+00,+0.961E+00
2,09/2/2026,14:58:41.711,-0.09E+00,-0.05E+00,+0.05E+00,+0.00E+00,-14.24E+00,+1.97E+00,+11.90E+00,+1.091E+00
2,09/2/2026,14:58:41.711,-0.14E+00,-0.05E+00,+0.05E+00,-0.05E+00,-14.31E+00,+2.23E+00,+11.72E+00,+1.213E+00
2,09/2/2026,14:58:41.711,-0.09E+00,-0.05E+00,+0.05E+00,-0.05E+00,-14.39E+00,+2.47E+00,+11.54E+00,+1.335E+00
2,09/2/2026,14:58:41.711,-0.09E+00,-0.05E+00,+0.05E+00,+0.00E+00,-14.47E+00,+2.72E+00,+11.37E+00,+1.465E+00
2,09/2/2026,14:58:41.711,-0.09E+00,-0.05E+00,+0.05E+00,+0.00E+00,-14.53E+00,+2.98E+00,+11.19E+00,+1.579E+00
2,09/2/2026,14:58:41.711,-0.14E+00,-0.05E+00,+0.05E+00,+0.00E+00,-14.60E+00,+3.22E+00,+11.02E+00,+1.702E+00
2,09/2/2026,14:58:41.711,-0.09E+00,-0.05E+00,+0.05E+00,+0.00E+00,-14.67E+00,+3.45E+00,+10.85E+00,+1.824E+00
2,09/2/2026,14:58:41.711,-0.14E+00,-0.05E+00,+0.05E+00,-0.05E+00,-14.73E+00,+3.69E+00,+10.67E+00,+1.938E+00
2,09/2/2026,14:58:41.711,-0.09E+00,-0.05E+00,+0.05E+00,-0.05E+00,-14.79E+00,+3.94E+00,+10.48E+00,+2.060E+00
2,09/2/2026,14:58:41.711,-0.09E+00,-0.05E+00,+0.05E+00,+0.00E+00,-14.85E+00,+4.17E+00,+10.30E+00,+2.175E+00
2,09/2/2026,14:58:41.711,-0.09E+00,-0.05E+00,+0.05E+00,+0.00E+00,-14.89E+00,+4.39E+00,+10.12E+00,+2.289E+00
2,09/2/2026,14:58:41.711,-0.09E+00,-0.05E+00,+0.05E+00,+0.00E+00,-14.94E+00,+4.64E+00,+9.93E+00,+2.403E+00
2,09/2/2026,14:58:41.711,-0.09E+00,-0.05E+00,+0.05E+00,+0.00E+00,-14.99E+00,+4.87E+00,+9.75E+00,+2.518E+00
2,09/2/2026,14:58:41.711,-0.09E+00,-0.05E+00,+0.00E+00,+0.00E+00,-15.02E+00,+5.08E+00,+9.57E+00,+2.632E+00
2,09/2/2026,14:58:41.711,-0.09E+00,-0.05E+00,+0.05E+00,+0.00E+00,-15.05E+00,+5.31E+00,+9.37E+00,+2.739E+00
2,09/2/2026,14:58:41.711,-0.09E+00,-0.05E+00,+0.05E+00,+0.00E+00,-15.08E+00,+5.52E+00,+9.19E+00,+2.846E+00
2,09/2/2026,14:58:41.711,-0.09E+00,-0.05E+00,+0.05E+00,-0.05E+00,-15.12E+00,+5.75E+00,+9.00E+00,+2.953E+00
2,09/2/2026,14:58:41.711,-0.09E+00,-0.05E+00,+0.05E+00,-0.05E+00,-15.14E+00,+5.97E+00,+8.81E+00,+3.060E+00
2,09/2/2026,14:58:41.711,-0.14E+00,-0.05E+00,+0.05E+00,-0.05E+00,-15.15E+00,+6.18E+00,+8.62E+00,+3.166E+00
2,09/2/2026,14:58:41.711,-0.14E+00,-0.05E+00,+0.05E+00,-0.05E+00,-15.18E+00,+6.38E+00,+8.44E+00,+3.273E+00
2,09/2/2026,14:58:41.712,-0.14E+00,-0.05E+00,+0.05E+00,+0.00E+00,-15.21E+00,+6.59E+00,+8.26E+00,+3.380E+00
2,09/2/2026,14:58:41.712,-0.09E+00,-0.05E+00,+0.05E+00,+0.00E+00,-15.23E+00,+6.81E+00,+8.06E+00,+3.479E+00
2,09/2/2026,14:58:41.712,-0.09E+00,+0.00E+00,+0.05E+00,+0.00E+00,-15.26E+00,+7.02E+00,+7.87E+00,+3.586E+00
2,09/2/2026,14:58:41.712,-0.09E+00,-0.05E+00,+0.05E+00,-0.05E+00,-15.28E+00,+7.23E+00,+7.68E+00,+3.685E+00
2,09/2/2026,14:58:41.712,-0.09E+00,-0.05E+00,+0.05E+00,-0.05E+00,-15.29E+00,+7.43E+00,+7.48E+00,+3.792E+00
2,09/2/2026,14:58:41.712,-0.09E+00,-0.05E+00,+0.05E+00,-0.05E+00,-15.31E+00,+7.65E+00,+7.29E+00,+3.891E+00
2,09/2/2026,14:58:41.712,-0.09E+00,-0.05E+00,+0.05E+00,+0.00E+00,-15.31E+00,+7.84E+00,+7.10E+00,+3.991E+00
2,09/2/2026,14:58:41.712,-0.09E+00,-0.05E+00,+0.05E+00,+0.00E+00,-15.32E+00,+8.06E+00,+6.90E+00,+4.097E+00
2,09/2/2026,14:58:41.712,-0.09E+00,-0.05E+00,+0.05E+00,+0.00E+00,-15.32E+00,+8.26E+00,+6.70E+00,+4.197E+00
2,09/2/2026,14:58:41.712,-0.09E+00,-0.05E+00,+0.05E+00,+0.00E+00,-15.32E+00,+8.45E+00,+6.50E+00,+4.288E+00
2,09/2/2026,14:58:41.712,-0.09E+00,-0.05E+00,+0.05E+00,-0.05E+00,-15.34E+00,+8.65E+00,+6.32E+00,+4.395E+00
2,09/2/2026,14:58:41.712,-0.14E+00,-0.05E+00,+0.05E+00,+0.00E+00,-15.34E+00,+8.85E+00,+6.10E+00,+4.494E+00
2,09/2/2026,14:58:41.712,-0.14E+00,-0.05E+00,+0.05E+00,+0.00E+00,-15.32E+00,+9.05E+00,+5.89E+00,+4.593E+00
2,09/2/2026,14:58:41.712,-0.09E+00,-0.05E+00,+0.05E+00,+0.00E+00,-15.32E+00,+9.26E+00,+5.69E+00,+4.693E+00
2,09/2/2026,14:58:41.712,-0.09E+00,-0.05E+00,+0.05E+00,+0.00E+00,-15.31E+00,+9.48E+00,+5.46E+00,+4.799E+00
2,09/2/2026,14:58:41.712,-0.14E+00,-0.05E+00,+0.05E+00,+0.00E+00,-15.31E+00,+9.69E+00,+5.23E+00,+4.899E+00
2,09/2/2026,14:58:41.712,-0.14E+00,-0.05E+00,+0.05E+00,+0.00E+00,-15.29E+00,+9.89E+00,+5.02E+00,+5.005E+00
2,09/2/2026,14:58:41.712,-0.14E+00,-0.05E+00,+0.05E+00,-0.05E+00,-15.28E+00,+10.10E+00,+4.81E+00,+5.105E+00
2,09/2/2026,14:58:41.712,-0.14E+00,-0.05E+00,+0.05E+00,+0.00E+00,-15.24E+00,+10.30E+00,+4.58E+00,+5.204E+00
2,09/2/2026,14:58:41.712,-0.09E+00,-0.05E+00,+0.05E+00,+0.00E+00,-15.23E+00,+10.50E+00,+4.36E+00,+5.303E+00
2,09/2/2026,14:58:41.713,-0.09E+00,-0.05E+00,+0.05E+00,+0.00E+00,-15.20E+00,+10.70E+00,+4.14E+00,+5.394E+00
2,09/2/2026,14:58:41.713,-0.09E+00,-0.05E+00,+0.05E+00,+0.00E+00,-15.15E+00,+10.88E+00,+3.91E+00,+5.486E+00
2,09/2/2026,14:58:41.713,-0.09E+00,-0.05E+00,+0.05E+00,+0.00E+00,-15.11E+00,+11.05E+00,+3.68E+00,+5.570E+00
2,09/2/2026,14:58:41.713,-0.14E+00,-0.05E+00,+0.05E+00,-0.05E+00,-15.06E+00,+11.23E+00,+3.45E+00,+5.654E+00
2,09/2/2026,14:58:41.713,-0.14E+00,-0.05E+00,+0.05E+00,+0.00E+00,-14.99E+00,+11.40E+00,+3.22E+00,+5.738E+00
2,09/2/2026,14:58:41.713,-0.09E+00,-0.05E+00,+0.05E+00,-0.05E+00,-14.92E+00,+11.55E+00,+2.99E+00,+5.822E+00
2,09/2/2026,14:58:41.713,-0.09E+00,-0.05E+00,+0.05E+00,-0.05E+00,-14.83E+00,+11.70E+00,+2.76E+00,+5.898E+00
2,09/2/2026,14:58:41.713,-0.09E+00,-0.05E+00,+0.05E+00,+0.00E+00,-14.76E+00,+11.87E+00,+2.52E+00,+5.974E+00
2,09/2/2026,14:58:41.713,-0.09E+00,-0.05E+00,+0.05E+00,+0.00E+00,-14.67E+00,+12.03E+00,+2.27E+00,+6.051E+00
2,09/2/2026,14:58:41.713,-0.14E+00,-0.05E+00,+0.05E+00,-0.05E+00,-14.57E+00,+12.18E+00,+2.03E+00,+6.119E+00
2,09/2/2026,14:58:41.713,-0.09E+00,-0.05E+00,+0.05E+00,-0.05E+00,-14.48E+00,+12.30E+00,+1.79E+00,+6.188E+00
2,09/2/2026,14:58:41.713,-0.14E+00,-0.05E+00,+0.05E+00,-0.05E+00,-14.36E+00,+12.45E+00,+1.54E+00,+6.257E+00
2,09/2/2026,14:58:41.713,-0.09E+00,-0.05E+00,+0.05E+00,+0.00E+00,-14.25E+00,+12.59E+00,+1.30E+00,+6.325E+00
2,09/2/2026,14:58:41.713,-0.09E+00,-0.05E+00,+0.05E+00,+0.00E+00,-14.13E+00,+12.71E+00,+1.05E+00,+6.386E+00
2,09/2/2026,14:58:41.713,-0.14E+00,-0.05E+00,+0.05E+00,-0.05E+00,-14.01E+00,+12.85E+00,+0.79E+00,+6.455E+00
2,09/2/2026,14:58:41.713,-0.14E+00,-0.05E+00,+0.05E+00,+0.00E+00,-13.89E+00,+12.97E+00,+0.55E+00,+6.516E+00
2,09/2/2026,14:58:41.713,-0.09E+00,-0.05E+00,+0.05E+00,-0.05E+00,-13.76E+00,+13.09E+00,+0.29E+00,+6.577E+00
2,09/2/2026,14:58:41.713,-0.09E+00,-0.05E+00,+0.05E+00,-0.05E+00,-13.63E+00,+13.22E+00,+0.05E+00,+6.631E+00
2,09/2/2026,14:58:41.713,-0.09E+00,-0.05E+00,+0.05E+00,+0.00E+00,-13.49E+00,+13.34E+00,-0.21E+00,+6.684E+00
2,09/2/2026,14:58:41.713,-0.09E+00,-0.05E+00,+0.05E+00,+0.00E+00,-13.35E+00,+13.44E+00,-0.47E+00,+6.737E+00
2,09/2/2026,14:58:41.714,-0.09E+00,-0.05E+00,+0.05E+00,-0.05E+00,-13.20E+00,+13.55E+00,-0.72E+00,+6.791E+00
2,09/2/2026,14:58:41.714,-0.14E+00,-0.05E+00,+0.05E+00,-0.05E+00,-13.05E+00,+13.66E+00,-0.98E+00,+6.844E+00
2,09/2/2026,14:58:41.714,-0.14E+00,-0.05E+00,+0.05E+00,-0.05E+00,-12.89E+00,+13.75E+00,-1.24E+00,+6.898E+00
2,09/2/2026,14:58:41.714,-0.09E+00,-0.05E+00,+0.05E+00,-0.05E+00,-12.73E+00,+13.84E+00,-1.50E+00,+6.943E+00
2,09/2/2026,14:58:41.714,-0.09E+00,-0.05E+00,+0.05E+00,-0.05E+00,-12.57E+00,+13.95E+00,-1.75E+00,+6.982E+00
2,09/2/2026,14:58:41.714,-0.14E+00,-0.05E+00,+0.05E+00,+0.00E+00,-12.41E+00,+14.04E+00,-2.00E+00,+7.027E+00
2,09/2/2026,14:58:41.714,-0.14E+00,-0.05E+00,+0.05E+00,-0.05E+00,-12.24E+00,+14.12E+00,-2.26E+00,+7.073E+00
2,09/2/2026,14:58:41.714,-0.09E+00,-0.05E+00,+0.05E+00,-0.05E+00,-12.07E+00,+14.21E+00,-2.50E+00,+7.111E+00
2,09/2/2026,14:58:41.714,-0.09E+00,-0.05E+00,+0.05E+00,+0.00E+00,-11.89E+00,+14.28E+00,-2.76E+00,+7.149E+00
2,09/2/2026,14:58:41.714,-0.14E+00,-0.05E+00,+0.00E+00,+0.00E+00,-11.74E+00,+14.36E+00,-3.01E+00,+7.188E+00
2,09/2/2026,14:58:41.714,-0.09E+00,-0.05E+00,+0.05E+00,+0.00E+00,-11.55E+00,+14.44E+00,-3.25E+00,+7.226E+00
2,09/2/2026,14:58:41.714,-0.09E+00,-0.05E+00,+0.05E+00,-0.05E+00,-11.38E+00,+14.51E+00,-3.51E+00,+7.256E+00
2,09/2/2026,14:58:41.714,-0.14E+00,-0.05E+00,+0.05E+00,+0.00E+00,-11.20E+00,+14.57E+00,-3.74E+00,+7.287E+00
2,09/2/2026,14:58:41.714,-0.14E+00,-0.05E+00,+0.05E+00,+0.00E+00,-11.03E+00,+14.63E+00,-3.98E+00,+7.317E+00
2,09/2/2026,14:58:41.714,-0.14E+00,-0.05E+00,+0.05E+00,+0.00E+00,-10.85E+00,+14.70E+00,-4.23E+00,+7.348E+00
2,09/2/2026,14:58:41.714,-0.09E+00,-0.05E+00,+0.05E+00,+0.00E+00,-10.67E+00,+14.74E+00,-4.46E+00,+7.371E+00
2,09/2/2026,14:58:41.714,-0.09E+00,-0.05E+00,+0.05E+00,-0.05E+00,-10.50E+00,+14.79E+00,-4.68E+00,+7.394E+00
2,09/2/2026,14:58:41.714,-0.09E+00,-0.05E+00,+0.05E+00,+0.00E+00,-10.32E+00,+14.85E+00,-4.91E+00,+7.416E+00
2,09/2/2026,14:58:41.714,-0.09E+00,-0.05E+00,+0.05E+00,+0.00E+00,-10.13E+00,+14.89E+00,-5.14E+00,+7.439E+00
2,09/2/2026,14:58:41.714,-0.09E+00,-0.05E+00,+0.05E+00,-0.05E+00,-9.95E+00,+14.92E+00,-5.36E+00,+7.462E+00
2,09/2/2026,14:58:41.715,-0.14E+00,-0.05E+00,+0.05E+00,-0.05E+00,-9.77E+00,+14.97E+00,-5.59E+00,+7.477E+00
2,09/2/2026,14:58:41.715,-0.09E+00,-0.05E+00,+0.05E+00,+0.00E+00,-9.58E+00,+15.00E+00,-5.80E+00,+7.500E+00
2,09/2/2026,14:58:41.715,-0.09E+00,-0.05E+00,+0.05E+00,+0.00E+00,-9.40E+00,+15.03E+00,-6.01E+00,+7.516E+00
2,09/2/2026,14:58:41.715,-0.09E+00,-0.05E+00,+0.05E+00,+0.00E+00,-9.22E+00,+15.08E+00,-6.24E+00,+7.523E+00
2,09/2/2026,14:58:41.715,-0.09E+00,-0.05E+00,+0.05E+00,+0.00E+00,-9.03E+00,+15.11E+00,-6.46E+00,+7.539E+00
2,09/2/2026,14:58:41.715,-0.14E+00,+0.00E+00,+0.05E+00,-0.05E+00,-8.87E+00,+15.14E+00,-6.65E+00,+7.554E+00
2,09/2/2026,14:58:41.715,-0.14E+00,-0.05E+00,+0.05E+00,+0.00E+00,-8.68E+00,+15.15E+00,-6.87E+00,+7.561E+00
2,09/2/2026,14:58:41.715,-0.09E+00,-0.05E+00,+0.05E+00,+0.00E+00,-8.48E+00,+15.18E+00,-7.08E+00,+7.577E+00
2,09/2/2026,14:58:41.715,-0.09E+00,-0.05E+00,+0.05E+00,-0.05E+00,-8.30E+00,+15.21E+00,-7.28E+00,+7.592E+00
2,09/2/2026,14:58:41.715,-0.09E+00,-0.05E+00,+0.05E+00,+0.00E+00,-8.12E+00,+15.23E+00,-7.49E+00,+7.600E+00
2,09/2/2026,14:58:41.715,-0.09E+00,-0.05E+00,+0.05E+00,+0.00E+00,-7.94E+00,+15.24E+00,-7.71E+00,+7.607E+00
2,09/2/2026,14:58:41.715,-0.09E+00,-0.05E+00,+0.05E+00,+0.00E+00,-7.74E+00,+15.26E+00,-7.92E+00,+7.615E+00
2,09/2/2026,14:58:41.715,-0.09E+00,-0.05E+00,+0.05E+00,+0.00E+00,-7.55E+00,+15.28E+00,-8.12E+00,+7.615E+00
2,09/2/2026,14:58:41.715,-0.09E+00,-0.05E+00,+0.05E+00,+0.00E+00,-7.36E+00,+15.29E+00,-8.32E+00,+7.622E+00
2,09/2/2026,14:58:41.715,-0.09E+00,-0.05E+00,+0.05E+00,+0.00E+00,-7.16E+00,+15.31E+00,-8.52E+00,+7.630E+00
2,09/2/2026,14:58:41.715,-0.09E+00,-0.05E+00,+0.05E+00,-0.05E+00,-6.97E+00,+15.32E+00,-8.73E+00,+7.630E+00
2,09/2/2026,14:58:41.715,-0.14E+00,-0.05E+00,+0.05E+00,-0.05E+00,-6.78E+00,+15.32E+00,-8.93E+00,+7.638E+00
2,09/2/2026,14:58:41.715,-0.09E+00,-0.05E+00,+0.05E+00,+0.00E+00,-6.58E+00,+15.32E+00,-9.13E+00,+7.638E+00
2,09/2/2026,14:58:41.715,-0.09E+00,-0.05E+00,+0.05E+00,-0.05E+00,-6.38E+00,+15.34E+00,-9.32E+00,+7.638E+00
2,09/2/2026,14:58:41.715,-0.09E+00,-0.05E+00,+0.05E+00,-0.05E+00,-6.18E+00,+15.34E+00,-9.52E+00,+7.630E+00
2,09/2/2026,14:58:41.716,-0.09E+00,-0.05E+00,+0.05E+00,+0.00E+00,-5.97E+00,+15.32E+00,-9.74E+00,+7.630E+00
2,09/2/2026,14:58:41.716,-0.09E+00,-0.05E+00,+0.05E+00,+0.00E+00,-5.77E+00,+15.32E+00,-9.93E+00,+7.630E+00
2,09/2/2026,14:58:41.716,-0.09E+00,-0.05E+00,+0.05E+00,+0.00E+00,-5.55E+00,+15.31E+00,-10.15E+00,+7.622E+00
2,09/2/2026,14:58:41.716,-0.14E+00,-0.05E+00,+0.05E+00,+0.00E+00,-5.34E+00,+15.31E+00,-10.35E+00,+7.615E+00
2,09/2/2026,14:58:41.716,-0.14E+00,-0.05E+00,+0.05E+00,+0.00E+00,-5.13E+00,+15.29E+00,-10.56E+00,+7.607E+00
2,09/2/2026,14:58:41.716,-0.09E+00,-0.05E+00,+0.05E+00,+0.00E+00,-4.90E+00,+15.28E+00,-10.76E+00,+7.600E+00
2,09/2/2026,14:58:41.716,-0.09E+00,-0.05E+00,+0.05E+00,+0.00E+00,-4.68E+00,+15.26E+00,-10.96E+00,+7.592E+00
2,09/2/2026,14:58:41.716,-0.09E+00,-0.05E+00,+0.00E+00,-0.05E+00,-4.47E+00,+15.23E+00,-11.16E+00,+7.577E+00
2,09/2/2026,14:58:41.716,-0.09E+00,-0.05E+00,+0.05E+00,-0.05E+00,-4.24E+00,+15.18E+00,-11.34E+00,+7.554E+00
2,09/2/2026,14:58:41.716,-0.14E+00,-0.05E+00,+0.05E+00,-0.05E+00,-4.03E+00,+15.14E+00,-11.51E+00,+7.531E+00
2,09/2/2026,14:58:41.716,-0.09E+00,-0.05E+00,+0.05E+00,+0.00E+00,-3.80E+00,+15.08E+00,-11.67E+00,+7.493E+00
2,09/2/2026,14:58:41.716,-0.09E+00,-0.05E+00,+0.05E+00,+0.00E+00,-3.57E+00,+15.00E+00,-11.83E+00,+7.455E+00
2,09/2/2026,14:58:41.716,-0.09E+00,-0.05E+00,+0.05E+00,+0.00E+00,-3.34E+00,+14.91E+00,-11.96E+00,+7.416E+00
2,09/2/2026,14:58:41.716,-0.14E+00,-0.05E+00,+0.05E+00,-0.05E+00,-3.10E+00,+14.82E+00,-12.12E+00,+7.363E+00
2,09/2/2026,14:58:41.716,-0.14E+00,-0.05E+00,+0.05E+00,-0.05E+00,-2.87E+00,+14.73E+00,-12.25E+00,+7.317E+00
2,09/2/2026,14:58:41.716,-0.09E+00,-0.05E+00,+0.05E+00,-0.05E+00,-2.62E+00,+14.63E+00,-12.39E+00,+7.264E+00
2,09/2/2026,14:58:41.716,-0.09E+00,-0.05E+00,+0.05E+00,+0.00E+00,-2.38E+00,+14.53E+00,-12.51E+00,+7.210E+00
2,09/2/2026,14:58:41.716,-0.09E+00,-0.05E+00,+0.05E+00,+0.00E+00,-2.15E+00,+14.42E+00,-12.65E+00,+7.157E+00
2,09/2/2026,14:58:41.716,-0.09E+00,-0.09E+00,+0.00E+00,+0.00E+00,-1.89E+00,+14.30E+00,-12.79E+00,+7.096E+00
2,09/2/2026,14:58:41.716,-0.14E+00,-0.05E+00,+0.05E+00,-0.05E+00,-1.65E+00,+14.18E+00,-12.91E+00,+7.035E+00
2,09/2/2026,14:58:41.717,-0.14E+00,-0.05E+00,+0.05E+00,-0.05E+00,-1.39E+00,+14.05E+00,-13.05E+00,+6.974E+00
2,09/2/2026,14:58:41.717,-0.14E+00,-0.05E+00,+0.05E+00,-0.05E+00,-1.14E+00,+13.93E+00,-13.17E+00,+6.913E+00
2,09/2/2026,14:58:41.717,-0.09E+00,-0.05E+00,+0.05E+00,+0.00E+00,-0.89E+00,+13.80E+00,-13.29E+00,+6.844E+00
2,09/2/2026,14:58:41.717,-0.09E+00,-0.05E+00,+0.00E+00,+0.00E+00,-0.64E+00,+13.66E+00,-13.41E+00,+6.776E+00
2,09/2/2026,14:58:41.717,-0.14E+00,-0.05E+00,+0.05E+00,+0.00E+00,-0.40E+00,+13.54E+00,-13.52E+00,+6.707E+00
2,09/2/2026,14:58:41.717,-0.14E+00,-0.05E+00,+0.05E+00,+0.00E+00,-0.14E+00,+13.40E+00,-13.63E+00,+6.638E+00
2,09/2/2026,14:58:41.717,-0.14E+00,-0.05E+00,+0.05E+00,+0.00E+00,+0.11E+00,+13.25E+00,-13.73E+00,+6.562E+00
2,09/2/2026,14:58:41.717,-0.14E+00,-0.05E+00,+0.05E+00,-0.05E+00,+0.37E+00,+13.09E+00,-13.84E+00,+6.493E+00
2,09/2/2026,14:58:41.717,-0.14E+00,-0.05E+00,+0.05E+00,-0.05E+00,+0.63E+00,+12.94E+00,-13.93E+00,+6.409E+00
2,09/2/2026,14:58:41.717,-0.09E+00,-0.05E+00,+0.05E+00,+0.00E+00,+0.87E+00,+12.79E+00,-14.04E+00,+6.333E+00
2,09/2/2026,14:58:41.717,-0.09E+00,-0.05E+00,+0.05E+00,-0.05E+00,+1.13E+00,+12.62E+00,-14.13E+00,+6.257E+00
2,09/2/2026,14:58:41.717,-0.14E+00,-0.05E+00,+0.05E+00,+0.00E+00,+1.39E+00,+12.47E+00,-14.22E+00,+6.173E+00
2,09/2/2026,14:58:41.717,-0.14E+00,-0.05E+00,+0.05E+00,+0.00E+00,+1.65E+00,+12.30E+00,-14.31E+00,+6.089E+00
2,09/2/2026,14:58:41.717,-0.09E+00,-0.05E+00,+0.05E+00,-0.05E+00,+1.89E+00,+12.15E+00,-14.41E+00,+6.005E+00
2,09/2/2026,14:58:41.717,-0.09E+00,-0.05E+00,+0.05E+00,+0.00E+00,+2.14E+00,+11.98E+00,-14.48E+00,+5.921E+00
2,09/2/2026,14:58:41.717,-0.09E+00,-0.05E+00,+0.05E+00,+0.00E+00,+2.38E+00,+11.80E+00,-14.54E+00,+5.837E+00
2,09/2/2026,14:58:41.717,-0.14E+00,-0.05E+00,+0.05E+00,+0.00E+00,+2.62E+00,+11.63E+00,-14.62E+00,+5.753E+00
2,09/2/2026,14:58:41.717,-0.14E+00,-0.09E+00,+0.05E+00,+0.00E+00,+2.87E+00,+11.46E+00,-14.68E+00,+5.669E+00
2,09/2/2026,14:58:41.717,-0.09E+00,-0.05E+00,+0.05E+00,-0.05E+00,+3.10E+00,+11.29E+00,-14.76E+00,+5.578E+00
2,09/2/2026,14:58:41.717,-0.09E+00,-0.05E+00,+0.05E+00,-0.05E+00,+3.34E+00,+11.11E+00,-14.82E+00,+5.494E+00
2,09/2/2026,14:58:41.718,-0.09E+00,-0.05E+00,+0.05E+00,+0.00E+00,+3.57E+00,+10.94E+00,-14.86E+00,+5.402E+00
2,09/2/2026,14:58:41.718,-0.09E+00,-0.05E+00,+0.05E+00,+0.00E+00,+3.80E+00,+10.76E+00,-14.92E+00,+5.311E+00
2,09/2/2026,14:58:41.718,-0.09E+00,-0.05E+00,+0.05E+00,-0.05E+00,+4.03E+00,+10.58E+00,-14.97E+00,+5.219E+00
2,09/2/2026,14:58:41.718,-0.09E+00,-0.05E+00,+0.05E+00,+0.00E+00,+4.24E+00,+10.39E+00,-15.02E+00,+5.135E+00
2,09/2/2026,14:58:41.718,-0.09E+00,-0.05E+00,+0.05E+00,+0.00E+00,+4.47E+00,+10.21E+00,-15.06E+00,+5.043E+00
2,09/2/2026,14:58:41.718,-0.14E+00,-0.05E+00,+0.05E+00,+0.00E+00,+4.68E+00,+10.03E+00,-15.09E+00,+4.952E+00
2,09/2/2026,14:58:41.718,-0.09E+00,-0.05E+00,+0.05E+00,+0.00E+00,+4.91E+00,+9.84E+00,-15.12E+00,+4.860E+00
2,09/2/2026,14:58:41.718,-0.09E+00,-0.05E+00,+0.05E+00,+0.00E+00,+5.13E+00,+9.66E+00,-15.17E+00,+4.769E+00
2,09/2/2026,14:58:41.718,-0.14E+00,-0.05E+00,+0.05E+00,+0.00E+00,+5.34E+00,+9.48E+00,-15.20E+00,+4.677E+00
2,09/2/2026,14:58:41.718,-0.14E+00,-0.05E+00,+0.05E+00,+0.00E+00,+5.55E+00,+9.29E+00,-15.23E+00,+4.578E+00
2,09/2/2026,14:58:41.718,-0.14E+00,-0.05E+00,+0.05E+00,+0.00E+00,+5.77E+00,+9.11E+00,-15.24E+00,+4.486E+00
2,09/2/2026,14:58:41.718,-0.14E+00,-0.05E+00,+0.05E+00,+0.00E+00,+5.98E+00,+8.93E+00,-15.28E+00,+4.395E+00
2,09/2/2026,14:58:41.718,-0.09E+00,-0.05E+00,+0.05E+00,+0.00E+00,+6.20E+00,+8.74E+00,-15.31E+00,+4.303E+00
2,09/2/2026,14:58:41.718,-0.09E+00,-0.05E+00,+0.05E+00,+0.00E+00,+6.39E+00,+8.56E+00,-15.32E+00,+4.212E+00
2,09/2/2026,14:58:41.718,-0.09E+00,-0.05E+00,+0.05E+00,+0.00E+00,+6.59E+00,+8.36E+00,-15.34E+00,+4.113E+00
2,09/2/2026,14:58:41.718,-0.14E+00,-0.05E+00,+0.05E+00,+0.00E+00,+6.81E+00,+8.18E+00,-15.35E+00,+4.021E+00
2,09/2/2026,14:58:41.718,-0.14E+00,-0.05E+00,+0.05E+00,+0.00E+00,+7.02E+00,+7.98E+00,-15.37E+00,+3.922E+00
2,09/2/2026,14:58:41.718,-0.09E+00,-0.05E+00,+0.05E+00,+0.00E+00,+7.22E+00,+7.78E+00,-15.38E+00,+3.823E+00
2,09/2/2026,14:58:41.718,-0.09E+00,-0.05E+00,+0.05E+00,+0.00E+00,+7.43E+00,+7.58E+00,-15.38E+00,+3.723E+00
2,09/2/2026,14:58:41.718,-0.09E+00,-0.05E+00,+0.05E+00,+0.00E+00,+7.63E+00,+7.39E+00,-15.40E+00,+3.632E+00
2,09/2/2026,14:58:41.719,-0.14E+00,-0.05E+00,+0.05E+00,+0.00E+00,+7.84E+00,+7.20E+00,-15.41E+00,+3.533E+00
2,09/2/2026,14:58:41.719,-0.14E+00,-0.05E+00,+0.05E+00,+0.00E+00,+8.04E+00,+7.00E+00,-15.41E+00,+3.434E+00
2,09/2/2026,14:58:41.719,-0.14E+00,-0.05E+00,+0.05E+00,+0.00E+00,+8.26E+00,+6.79E+00,-15.41E+00,+3.334E+00
2,09/2/2026,14:58:41.719,-0.14E+00,-0.05E+00,+0.05E+00,+0.00E+00,+8.45E+00,+6.59E+00,-15.41E+00,+3.228E+00
2,09/2/2026,14:58:41.719,-0.09E+00,-0.05E+00,+0.05E+00,+0.00E+00,+8.65E+00,+6.39E+00,-15.43E+00,+3.128E+00
2,09/2/2026,14:58:41.719,-0.09E+00,-0.05E+00,+0.05E+00,-0.05E+00,+8.87E+00,+6.18E+00,-15.43E+00,+3.022E+00
2,09/2/2026,14:58:41.719,-0.09E+00,-0.05E+00,+0.05E+00,+0.00E+00,+9.08E+00,+5.97E+00,-15.43E+00,+2.915E+00
2,09/2/2026,14:58:41.719,-0.14E+00,-0.05E+00,+0.05E+00,+0.00E+00,+9.29E+00,+5.75E+00,-15.41E+00,+2.816E+00
2,09/2/2026,14:58:41.719,-0.09E+00,-0.05E+00,+0.05E+00,+0.00E+00,+9.51E+00,+5.54E+00,-15.41E+00,+2.701E+00
2,09/2/2026,14:58:41.719,-0.09E+00,-0.05E+00,+0.05E+00,+0.00E+00,+9.71E+00,+5.33E+00,-15.40E+00,+2.594E+00
2,09/2/2026,14:58:41.719,-0.09E+00,-0.05E+00,+0.05E+00,+0.00E+00,+9.92E+00,+5.10E+00,-15.38E+00,+2.487E+00
2,09/2/2026,14:58:41.719,-0.09E+00,-0.05E+00,+0.05E+00,+0.00E+00,+10.12E+00,+4.88E+00,-15.38E+00,+2.381E+00
2,09/2/2026,14:58:41.719,-0.09E+00,-0.05E+00,+0.05E+00,+0.00E+00,+10.33E+00,+4.67E+00,-15.37E+00,+2.266E+00
2,09/2/2026,14:58:41.719,-0.09E+00,-0.05E+00,+0.05E+00,+0.00E+00,+10.51E+00,+4.46E+00,-15.34E+00,+2.159E+00
2,09/2/2026,14:58:41.719,-0.09E+00,-0.05E+00,+0.05E+00,+0.00E+00,+10.71E+00,+4.23E+00,-15.32E+00,+2.052E+00
2,09/2/2026,14:58:41.719,-0.09E+00,-0.05E+00,+0.05E+00,-0.05E+00,+10.90E+00,+4.03E+00,-15.29E+00,+1.946E+00
2,09/2/2026,14:58:41.719,-0.09E+00,-0.05E+00,+0.05E+00,-0.05E+00,+11.08E+00,+3.80E+00,-15.26E+00,+1.839E+00
2,09/2/2026,14:58:41.719,-0.09E+00,-0.05E+00,+0.05E+00,+0.00E+00,+11.26E+00,+3.59E+00,-15.21E+00,+1.732E+00
2,09/2/2026,14:58:41.719,-0.14E+00,-0.05E+00,+0.05E+00,+0.00E+00,+11.43E+00,+3.36E+00,-15.15E+00,+1.618E+00
2,09/2/2026,14:58:41.719,-0.14E+00,-0.05E+00,+0.05E+00,-0.05E+00,+11.58E+00,+3.13E+00,-15.08E+00,+1.495E+00
2,09/2/2026,14:58:41.720,-0.09E+00,-0.05E+00,+0.05E+00,-0.05E+00,+11.74E+00,+2.87E+00,-15.00E+00,+1.381E+00
2,09/2/2026,14:58:41.720,-0.09E+00,-0.05E+00,+0.05E+00,-0.05E+00,+11.89E+00,+2.62E+00,-14.89E+00,+1.251E+00
2,09/2/2026,14:58:41.720,-0.09E+00,-0.05E+00,+0.05E+00,+0.00E+00,+12.04E+00,+2.38E+00,-14.79E+00,+1.129E+00
2,09/2/2026,14:58:41.720,-0.09E+00,-0.05E+00,+0.05E+00,+0.00E+00,+12.16E+00,+2.14E+00,-14.67E+00,+1.007E+00
2,09/2/2026,14:58:41.720,-0.09E+00,-0.05E+00,+0.05E+00,+0.00E+00,+12.30E+00,+1.88E+00,-14.54E+00,+0.885E+00
2,09/2/2026,14:58:41.720,-0.14E+00,-0.09E+00,+0.05E+00,-0.05E+00,+12.42E+00,+1.62E+00,-14.42E+00,+0.755E+00
2,09/2/2026,14:58:41.720,-0.09E+00,-0.05E+00,+0.05E+00,-0.05E+00,+12.54E+00,+1.37E+00,-14.28E+00,+0.633E+00
2,09/2/2026,14:58:41.720,-0.09E+00,-0.05E+00,+0.05E+00,-0.05E+00,+12.67E+00,+1.13E+00,-14.16E+00,+0.511E+00
2,09/2/2026,14:58:41.720,-0.09E+00,-0.05E+00,+0.05E+00,+0.00E+00,+12.79E+00,+0.89E+00,-14.04E+00,+0.382E+00
2,09/2/2026,14:58:41.720,-0.09E+00,-0.09E+00,+0.05E+00,+0.00E+00,+12.91E+00,+0.64E+00,-13.92E+00,+0.267E+00
2,09/2/2026,14:58:41.720,-0.09E+00,-0.09E+00,+0.05E+00,+0.00E+00,+13.02E+00,+0.40E+00,-13.81E+00,+0.153E+00
2,09/2/2026,14:58:41.720,-0.09E+00,-0.05E+00,+0.05E+00,-0.05E+00,+13.14E+00,+0.15E+00,-13.67E+00,+0.031E+00
2,09/2/2026,14:58:41.720,-0.14E+00,-0.05E+00,+0.05E+00,+0.00E+00,+13.26E+00,-0.08E+00,-13.55E+00,-0.092E+00
2,09/2/2026,14:58:41.720,-0.09E+00,-0.05E+00,+0.05E+00,+0.00E+00,+13.37E+00,-0.32E+00,-13.41E+00,-0.214E+00
2,09/2/2026,14:58:41.720,-0.09E+00,-0.05E+00,+0.05E+00,-0.05E+00,+13.46E+00,-0.58E+00,-13.26E+00,-0.336E+00
2,09/2/2026,14:58:41.720,-0.09E+00,-0.05E+00,+0.05E+00,+0.00E+00,+13.55E+00,-0.82E+00,-13.11E+00,-0.465E+00
2,09/2/2026,14:58:41.720,-0.09E+00,-0.05E+00,+0.05E+00,+0.00E+00,+13.64E+00,-1.08E+00,-12.94E+00,-0.588E+00
2,09/2/2026,14:58:41.720,-0.14E+00,-0.05E+00,+0.05E+00,+0.00E+00,+13.72E+00,-1.36E+00,-12.76E+00,-0.717E+00
2,09/2/2026,14:58:41.720,-0.14E+00,-0.05E+00,+0.05E+00,+0.00E+00,+13.81E+00,-1.60E+00,-12.59E+00,-0.847E+00
2,09/2/2026,14:58:41.720,-0.09E+00,-0.05E+00,+0.05E+00,+0.00E+00,+13.89E+00,-1.86E+00,-12.41E+00,-0.977E+00
2,09/2/2026,14:58:41.721,-0.09E+00,-0.05E+00,+0.05E+00,+0.00E+00,+13.98E+00,-2.12E+00,-12.22E+00,-1.106E+00
2,09/2/2026,14:58:41.721,-0.09E+00,-0.05E+00,+0.05E+00,+0.00E+00,+14.05E+00,-2.37E+00,-12.06E+00,-1.228E+00
2,09/2/2026,14:58:41.721,-0.14E+00,-0.05E+00,+0.05E+00,+0.00E+00,+14.12E+00,-2.62E+00,-11.87E+00,-1.358E+00
2,09/2/2026,14:58:41.721,-0.14E+00,-0.05E+00,+0.05E+00,-0.05E+00,+14.19E+00,-2.87E+00,-11.70E+00,-1.480E+00
2,09/2/2026,14:58:41.721,-0.14E+00,-0.05E+00,+0.05E+00,+0.00E+00,+14.27E+00,-3.11E+00,-11.52E+00,-1.602E+00
2,09/2/2026,14:58:41.721,-0.09E+00,-0.05E+00,+0.05E+00,+0.00E+00,+14.34E+00,-3.37E+00,-11.35E+00,-1.717E+00
2,09/2/2026,14:58:41.721,-0.09E+00,-0.05E+00,+0.05E+00,+0.00E+00,+14.41E+00,-3.60E+00,-11.17E+00,-1.839E+00
2,09/2/2026,14:58:41.721,-0.09E+00,-0.05E+00,+0.05E+00,+0.00E+00,+14.47E+00,-3.85E+00,-11.00E+00,-1.961E+00
2,09/2/2026,14:58:41.721,-0.14E+00,-0.05E+00,+0.05E+00,+0.00E+00,+14.53E+00,-4.09E+00,-10.82E+00,-2.075E+00
2,09/2/2026,14:58:41.721,-0.14E+00,-0.05E+00,+0.05E+00,-0.05E+00,+14.59E+00,-4.32E+00,-10.64E+00,-2.197E+00
2,09/2/2026,14:58:41.721,-0.09E+00,-0.05E+00,+0.05E+00,-0.05E+00,+14.63E+00,-4.56E+00,-10.47E+00,-2.312E+00
2,09/2/2026,14:58:41.721,-0.09E+00,-0.05E+00,+0.05E+00,+0.00E+00,+14.68E+00,-4.79E+00,-10.29E+00,-2.426E+00
2,09/2/2026,14:58:41.721,-0.09E+00,-0.05E+00,+0.05E+00,+0.00E+00,+14.73E+00,-5.02E+00,-10.09E+00,-2.541E+00
2,09/2/2026,14:58:41.721,-0.09E+00,-0.05E+00,+0.05E+00,+0.00E+00,+14.77E+00,-5.23E+00,-9.90E+00,-2.648E+00
2,09/2/2026,14:58:41.721,-0.14E+00,-0.05E+00,+0.05E+00,+0.00E+00,+14.80E+00,-5.46E+00,-9.72E+00,-2.754E+00
2,09/2/2026,14:58:41.721,-0.09E+00,-0.05E+00,+0.05E+00,-0.05E+00,+14.83E+00,-5.68E+00,-9.54E+00,-2.869E+00
2,09/2/2026,14:58:41.721,-0.09E+00,-0.05E+00,+0.05E+00,-0.05E+00,+14.86E+00,-5.91E+00,-9.34E+00,-2.976E+00
2,09/2/2026,14:58:41.721,-0.14E+00,-0.05E+00,+0.05E+00,+0.00E+00,+14.88E+00,-6.12E+00,-9.16E+00,-3.083E+00
2,09/2/2026,14:58:41.721,-0.09E+00,-0.05E+00,+0.05E+00,+0.00E+00,+14.91E+00,-6.33E+00,-8.96E+00,-3.189E+00
2,09/2/2026,14:58:41.721,-0.09E+00,-0.05E+00,+0.05E+00,+0.00E+00,+14.94E+00,-6.55E+00,-8.77E+00,-3.289E+00
2,09/2/2026,14:58:41.722,-0.09E+00,-0.05E+00,+0.05E+00,-0.05E+00,+14.97E+00,-6.76E+00,-8.59E+00,-3.395E+00
2,09/2/2026,14:58:41.722,-0.14E+00,-0.05E+00,+0.05E+00,+0.00E+00,+14.99E+00,-6.96E+00,-8.41E+00,-3.502E+00
2,09/2/2026,14:58:41.722,-0.14E+00,-0.05E+00,+0.05E+00,+0.00E+00,+15.02E+00,-7.17E+00,-8.21E+00,-3.601E+00
2,09/2/2026,14:58:41.722,-0.09E+00,-0.05E+00,+0.05E+00,+0.00E+00,+15.03E+00,-7.39E+00,-8.03E+00,-3.708E+00
2,09/2/2026,14:58:41.722,-0.09E+00,-0.05E+00,+0.05E+00,+0.00E+00,+15.05E+00,-7.60E+00,-7.83E+00,-3.815E+00
2,09/2/2026,14:58:41.722,-0.09E+00,-0.05E+00,+0.05E+00,+0.00E+00,+15.05E+00,-7.80E+00,-7.63E+00,-3.914E+00
2,09/2/2026,14:58:41.722,-0.14E+00,-0.05E+00,+0.05E+00,+0.00E+00,+15.06E+00,-8.00E+00,-7.45E+00,-4.013E+00
2,09/2/2026,14:58:41.722,-0.09E+00,-0.05E+00,+0.05E+00,-0.05E+00,+15.08E+00,-8.19E+00,-7.25E+00,-4.113E+00
2,09/2/2026,14:58:41.722,-0.09E+00,-0.05E+00,+0.05E+00,+0.00E+00,+15.08E+00,-8.41E+00,-7.05E+00,-4.212E+00
2,09/2/2026,14:58:41.722,-0.09E+00,-0.05E+00,+0.05E+00,+0.00E+00,+15.08E+00,-8.61E+00,-6.85E+00,-4.311E+00
2,09/2/2026,14:58:41.722,-0.09E+00,-0.05E+00,+0.05E+00,+0.00E+00,+15.08E+00,-8.81E+00,-6.65E+00,-4.410E+00
2,09/2/2026,14:58:41.722,-0.09E+00,-0.05E+00,+0.05E+00,+0.00E+00,+15.08E+00,-9.02E+00,-6.46E+00,-4.517E+00
2,09/2/2026,14:58:41.722,-0.09E+00,-0.05E+00,+0.05E+00,+0.00E+00,+15.08E+00,-9.22E+00,-6.24E+00,-4.616E+00
2,09/2/2026,14:58:41.722,-0.09E+00,-0.05E+00,+0.05E+00,-0.05E+00,+15.08E+00,-9.43E+00,-6.03E+00,-4.715E+00
2,09/2/2026,14:58:41.722,-0.14E+00,-0.05E+00,+0.05E+00,-0.05E+00,+15.06E+00,-9.64E+00,-5.81E+00,-4.815E+00
2,09/2/2026,14:58:41.722,-0.09E+00,-0.05E+00,+0.05E+00,+0.00E+00,+15.05E+00,-9.84E+00,-5.59E+00,-4.921E+00
2,09/2/2026,14:58:41.722,-0.09E+00,-0.05E+00,+0.05E+00,+0.00E+00,+15.05E+00,-10.06E+00,-5.37E+00,-5.028E+00
2,09/2/2026,14:58:41.722,-0.09E+00,-0.05E+00,+0.05E+00,+0.00E+00,+15.03E+00,-10.25E+00,-5.14E+00,-5.127E+00
2,09/2/2026,14:58:41.722,-0.09E+00,-0.05E+00,+0.05E+00,-0.05E+00,+15.00E+00,-10.47E+00,-4.93E+00,-5.227E+00
2,09/2/2026,14:58:41.722,-0.14E+00,-0.05E+00,+0.05E+00,+0.00E+00,+14.99E+00,-10.67E+00,-4.70E+00,-5.326E+00
2,09/2/2026,14:58:41.723,-0.14E+00,-0.05E+00,+0.05E+00,+0.00E+00,+14.95E+00,-10.87E+00,-4.47E+00,-5.417E+00
2,09/2/2026,14:58:41.723,-0.09E+00,-0.05E+00,+0.05E+00,+0.00E+00,+14.91E+00,-11.05E+00,-4.26E+00,-5.509E+00
2,09/2/2026,14:58:41.723,-0.09E+00,-0.05E+00,+0.05E+00,+0.00E+00,+14.86E+00,-11.22E+00,-4.03E+00,-5.600E+00
2,09/2/2026,14:58:41.723,-0.09E+00,-0.05E+00,+0.05E+00,+0.00E+00,+14.82E+00,-11.38E+00,-3.80E+00,-5.684E+00
2,09/2/2026,14:58:41.723,-0.09E+00,-0.05E+00,+0.00E+00,+0.00E+00,+14.74E+00,-11.55E+00,-3.57E+00,-5.761E+00
2,09/2/2026,14:58:41.723,-0.09E+00,-0.05E+00,+0.00E+00,-0.05E+00,+14.67E+00,-11.72E+00,-3.34E+00,-5.845E+00
2,09/2/2026,14:58:41.723,-0.14E+00,-0.05E+00,+0.05E+00,-0.05E+00,+14.60E+00,-11.87E+00,-3.10E+00,-5.921E+00
2,09/2/2026,14:58:41.723,-0.14E+00,-0.05E+00,+0.05E+00,-0.05E+00,+14.51E+00,-12.03E+00,-2.85E+00,-5.997E+00
2,09/2/2026,14:58:41.723,-0.09E+00,-0.05E+00,+0.05E+00,-0.05E+00,+14.42E+00,-12.18E+00,-2.62E+00,-6.066E+00
2,09/2/2026,14:58:41.723,-0.09E+00,-0.05E+00,+0.05E+00,+0.00E+00,+14.33E+00,-12.31E+00,-2.38E+00,-6.142E+00
2,09/2/2026,14:58:41.723,-0.09E+00,-0.05E+00,+0.05E+00,+0.00E+00,+14.22E+00,-12.47E+00,-2.14E+00,-6.211E+00
2,09/2/2026,14:58:41.723,-0.14E+00,-0.05E+00,+0.05E+00,-0.05E+00,+14.12E+00,-12.60E+00,-1.88E+00,-6.280E+00
2,09/2/2026,14:58:41.723,-0.09E+00,-0.05E+00,+0.05E+00,-0.05E+00,+14.01E+00,-12.74E+00,-1.63E+00,-6.348E+00
2,09/2/2026,14:58:41.723,-0.09E+00,-0.05E+00,+0.05E+00,-0.05E+00,+13.89E+00,-12.88E+00,-1.39E+00,-6.409E+00
2,09/2/2026,14:58:41.723,-0.14E+00,-0.05E+00,+0.05E+00,+0.00E+00,+13.76E+00,-13.00E+00,-1.13E+00,-6.478E+00
2,09/2/2026,14:58:41.723,-0.09E+00,-0.05E+00,+0.05E+00,+0.00E+00,+13.64E+00,-13.12E+00,-0.89E+00,-6.539E+00
2,09/2/2026,14:58:41.723,-0.09E+00,-0.05E+00,+0.05E+00,-0.05E+00,+13.51E+00,-13.26E+00,-0.63E+00,-6.600E+00
2,09/2/2026,14:58:41.723,-0.14E+00,-0.05E+00,+0.05E+00,-0.05E+00,+13.38E+00,-13.38E+00,-0.38E+00,-6.653E+00
2,09/2/2026,14:58:41.723,-0.09E+00,-0.05E+00,+0.05E+00,-0.05E+00,+13.25E+00,-13.49E+00,-0.14E+00,-6.714E+00
2,09/2/2026,14:58:41.723,-0.09E+00,-0.05E+00,+0.05E+00,+0.00E+00,+13.11E+00,-13.61E+00,+0.12E+00,-6.768E+00
2,09/2/2026,14:58:41.724,-0.09E+00,-0.05E+00,+0.05E+00,+0.00E+00,+12.96E+00,-13.72E+00,+0.38E+00,-6.821E+00
2,09/2/2026,14:58:41.724,-0.09E+00,-0.05E+00,+0.05E+00,+0.00E+00,+12.80E+00,-13.81E+00,+0.64E+00,-6.867E+00
2,09/2/2026,14:58:41.724,-0.09E+00,-0.05E+00,+0.05E+00,+0.00E+00,+12.65E+00,-13.92E+00,+0.89E+00,-6.920E+00
2,09/2/2026,14:58:41.724,-0.09E+00,-0.05E+00,+0.05E+00,+0.00E+00,+12.48E+00,-14.01E+00,+1.14E+00,-6.966E+00
2,09/2/2026,14:58:41.724,-0.09E+00,-0.05E+00,+0.05E+00,-0.05E+00,+12.33E+00,-14.10E+00,+1.40E+00,-7.004E+00
2,09/2/2026,14:58:41.724,-0.09E+00,-0.05E+00,+0.05E+00,-0.05E+00,+12.16E+00,-14.19E+00,+1.66E+00,-7.050E+00
2,09/2/2026,14:58:41.724,-0.09E+00,-0.05E+00,+0.05E+00,+0.00E+00,+11.99E+00,-14.28E+00,+1.92E+00,-7.096E+00
2,09/2/2026,14:58:41.724,-0.09E+00,-0.05E+00,+0.05E+00,-0.05E+00,+11.83E+00,-14.36E+00,+2.17E+00,-7.134E+00
2,09/2/2026,14:58:41.724,-0.09E+00,-0.05E+00,+0.05E+00,-0.05E+00,+11.66E+00,-14.44E+00,+2.43E+00,-7.172E+00
2,09/2/2026,14:58:41.724,-0.14E+00,-0.05E+00,+0.05E+00,-0.05E+00,+11.48E+00,-14.53E+00,+2.67E+00,-7.210E+00
2,09/2/2026,14:58:41.724,-0.14E+00,-0.05E+00,+0.05E+00,-0.05E+00,+11.31E+00,-14.60E+00,+2.91E+00,-7.249E+00
2,09/2/2026,14:58:41.724,-0.09E+00,-0.05E+00,+0.05E+00,-0.05E+00,+11.14E+00,-14.67E+00,+3.16E+00,-7.287E+00
2,09/2/2026,14:58:41.724,-0.09E+00,-0.05E+00,+0.05E+00,+0.00E+00,+10.97E+00,-14.73E+00,+3.40E+00,-7.310E+00
2,09/2/2026,14:58:41.724,-0.09E+00,-0.05E+00,+0.05E+00,+0.00E+00,+10.79E+00,-14.80E+00,+3.63E+00,-7.340E+00
2,09/2/2026,14:58:41.724,-0.09E+00,-0.05E+00,+0.05E+00,+0.00E+00,+10.61E+00,-14.85E+00,+3.88E+00,-7.371E+00
2,09/2/2026,14:58:41.724,-0.09E+00,-0.05E+00,+0.05E+00,+0.00E+00,+10.44E+00,-14.91E+00,+4.10E+00,-7.394E+00
2,09/2/2026,14:58:41.724,-0.09E+00,-0.05E+00,+0.05E+00,+0.00E+00,+10.25E+00,-14.97E+00,+4.33E+00,-7.416E+00
2,09/2/2026,14:58:41.724,-0.09E+00,-0.05E+00,+0.05E+00,+0.00E+00,+10.09E+00,-15.02E+00,+4.56E+00,-7.447E+00
2,09/2/2026,14:58:41.724,-0.09E+00,-0.05E+00,+0.05E+00,+0.00E+00,+9.90E+00,-15.06E+00,+4.79E+00,-7.470E+00
2,09/2/2026,14:58:41.724,-0.09E+00,-0.05E+00,+0.05E+00,+0.00E+00,+9.72E+00,-15.11E+00,+5.02E+00,-7.485E+00
2,09/2/2026,14:58:41.725,-0.09E+00,-0.05E+00,+0.05E+00,+0.00E+00,+9.54E+00,-15.15E+00,+5.23E+00,-7.508E+00
2,09/2/2026,14:58:41.725,-0.09E+00,-0.05E+00,+0.05E+00,+0.00E+00,+9.35E+00,-15.18E+00,+5.46E+00,-7.523E+00
2,09/2/2026,14:58:41.725,-0.09E+00,-0.05E+00,+0.05E+00,-0.05E+00,+9.17E+00,-15.21E+00,+5.68E+00,-7.539E+00
2,09/2/2026,14:58:41.725,-0.09E+00,-0.05E+00,+0.05E+00,-0.05E+00,+8.99E+00,-15.24E+00,+5.89E+00,-7.554E+00
2,09/2/2026,14:58:41.725,-0.09E+00,-0.05E+00,+0.05E+00,+0.00E+00,+8.81E+00,-15.28E+00,+6.10E+00,-7.569E+00
2,09/2/2026,14:58:41.725,-0.09E+00,-0.05E+00,+0.05E+00,+0.00E+00,+8.62E+00,-15.31E+00,+6.32E+00,-7.584E+00
2,09/2/2026,14:58:41.725,-0.14E+00,-0.05E+00,+0.05E+00,+0.00E+00,+8.44E+00,-15.34E+00,+6.53E+00,-7.592E+00
2,09/2/2026,14:58:41.725,-0.09E+00,-0.05E+00,+0.05E+00,-0.05E+00,+8.26E+00,-15.37E+00,+6.73E+00,-7.607E+00
2,09/2/2026,14:58:41.725,-0.09E+00,-0.05E+00,+0.05E+00,-0.05E+00,+8.07E+00,-15.38E+00,+6.94E+00,-7.615E+00
2,09/2/2026,14:58:41.725,-0.09E+00,-0.05E+00,+0.05E+00,+0.00E+00,+7.89E+00,-15.40E+00,+7.14E+00,-7.622E+00
2,09/2/2026,14:58:41.725,-0.09E+00,-0.05E+00,+0.05E+00,+0.00E+00,+7.69E+00,-15.43E+00,+7.36E+00,-7.630E+00
2,09/2/2026,14:58:41.725,-0.09E+00,-0.05E+00,+0.05E+00,-0.05E+00,+7.51E+00,-15.44E+00,+7.57E+00,-7.645E+00
2,09/2/2026,14:58:41.725,-0.09E+00,-0.05E+00,+0.05E+00,+0.00E+00,+7.32E+00,-15.46E+00,+7.77E+00,-7.645E+00
2,09/2/2026,14:58:41.725,-0.14E+00,-0.05E+00,+0.05E+00,+0.00E+00,+7.13E+00,-15.47E+00,+7.98E+00,-7.653E+00
2,09/2/2026,14:58:41.725,-0.14E+00,-0.05E+00,+0.05E+00,+0.00E+00,+6.93E+00,-15.49E+00,+8.18E+00,-7.661E+00
2,09/2/2026,14:58:41.725,-0.09E+00,-0.05E+00,+0.05E+00,+0.00E+00,+6.73E+00,-15.49E+00,+8.38E+00,-7.661E+00
2,09/2/2026,14:58:41.725,-0.09E+00,-0.05E+00,+0.05E+00,-0.05E+00,+6.55E+00,-15.50E+00,+8.59E+00,-7.661E+00
2,09/2/2026,14:58:41.725,-0.09E+00,-0.05E+00,+0.05E+00,+0.00E+00,+6.35E+00,-15.50E+00,+8.79E+00,-7.661E+00
2,09/2/2026,14:58:41.725,-0.09E+00,-0.05E+00,+0.05E+00,+0.00E+00,+6.15E+00,-15.50E+00,+8.99E+00,-7.661E+00
2,09/2/2026,14:58:41.725,-0.09E+00,-0.05E+00,+0.05E+00,+0.00E+00,+5.94E+00,-15.50E+00,+9.19E+00,-7.661E+00
2,09/2/2026,14:58:41.726,-0.09E+00,-0.05E+00,+0.05E+00,+0.00E+00,+5.72E+00,-15.49E+00,+9.40E+00,-7.653E+00
2,09/2/2026,14:58:41.726,-0.09E+00,-0.05E+00,+0.05E+00,-0.05E+00,+5.51E+00,-15.49E+00,+9.61E+00,-7.653E+00
2,09/2/2026,14:58:41.726,-0.09E+00,-0.05E+00,+0.05E+00,-0.05E+00,+5.31E+00,-15.47E+00,+9.81E+00,-7.645E+00
2,09/2/2026,14:58:41.726,-0.09E+00,-0.05E+00,+0.05E+00,+0.00E+00,+5.08E+00,-15.47E+00,+10.03E+00,-7.638E+00
2,09/2/2026,14:58:41.726,-0.09E+00,-0.05E+00,+0.05E+00,+0.00E+00,+4.87E+00,-15.46E+00,+10.22E+00,-7.638E+00
2,09/2/2026,14:58:41.726,-0.09E+00,-0.05E+00,+0.05E+00,+0.00E+00,+4.65E+00,-15.44E+00,+10.42E+00,-7.622E+00
2,09/2/2026,14:58:41.726,-0.14E+00,-0.05E+00,+0.05E+00,+0.00E+00,+4.44E+00,-15.43E+00,+10.62E+00,-7.615E+00
2,09/2/2026,14:58:41.726,-0.09E+00,-0.05E+00,+0.05E+00,+0.00E+00,+4.21E+00,-15.40E+00,+10.80E+00,-7.600E+00
2,09/2/2026,14:58:41.726,-0.09E+00,-0.05E+00,+0.05E+00,+0.00E+00,+4.00E+00,-15.35E+00,+10.99E+00,-7.577E+00
2,09/2/2026,14:58:41.726,-0.09E+00,-0.05E+00,+0.05E+00,+0.00E+00,+3.77E+00,-15.31E+00,+11.16E+00,-7.546E+00
2,09/2/2026,14:58:41.726,-0.09E+00,-0.05E+00,+0.05E+00,+0.00E+00,+3.54E+00,-15.23E+00,+11.32E+00,-7.516E+00
2,09/2/2026,14:58:41.726,-0.09E+00,-0.05E+00,+0.05E+00,+0.00E+00,+3.31E+00,-15.15E+00,+11.48E+00,-7.477E+00
2,09/2/2026,14:58:41.726,-0.09E+00,-0.05E+00,+0.05E+00,-0.05E+00,+3.08E+00,-15.08E+00,+11.63E+00,-7.432E+00
2,09/2/2026,14:58:41.726,-0.09E+00,-0.05E+00,+0.05E+00,+0.00E+00,+2.84E+00,-14.99E+00,+11.77E+00,-7.378E+00
2,09/2/2026,14:58:41.726,-0.09E+00,-0.05E+00,+0.05E+00,+0.00E+00,+2.61E+00,-14.88E+00,+11.90E+00,-7.333E+00
2,09/2/2026,14:58:41.726,-0.09E+00,-0.05E+00,+0.05E+00,+0.00E+00,+2.37E+00,-14.79E+00,+12.04E+00,-7.287E+00
2,09/2/2026,14:58:41.726,-0.09E+00,-0.05E+00,+0.05E+00,+0.00E+00,+2.12E+00,-14.68E+00,+12.19E+00,-7.233E+00
2,09/2/2026,14:58:41.726,-0.09E+00,-0.05E+00,+0.05E+00,+0.00E+00,+1.88E+00,-14.57E+00,+12.33E+00,-7.172E+00
2,09/2/2026,14:58:41.726,-0.09E+00,-0.05E+00,+0.05E+00,+0.00E+00,+1.63E+00,-14.45E+00,+12.45E+00,-7.119E+00
2,09/2/2026,14:58:41.726,-0.09E+00,-0.05E+00,+0.05E+00,+0.00E+00,+1.37E+00,-14.34E+00,+12.59E+00,-7.058E+00
2,09/2/2026,14:58:41.727,-0.09E+00,-0.05E+00,+0.05E+00,+0.00E+00,+1.11E+00,-14.22E+00,+12.71E+00,-6.989E+00
2,09/2/2026,14:58:41.727,-0.09E+00,-0.05E+00,+0.05E+00,+0.00E+00,+0.87E+00,-14.09E+00,+12.85E+00,-6.928E+00
2,09/2/2026,14:58:41.727,-0.09E+00,-0.05E+00,+0.05E+00,-0.05E+00,+0.61E+00,-13.95E+00,+12.96E+00,-6.867E+00
2,09/2/2026,14:58:41.727,-0.14E+00,-0.05E+00,+0.05E+00,-0.05E+00,+0.37E+00,-13.81E+00,+13.06E+00,-6.798E+00
2,09/2/2026,14:58:41.727,-0.14E+00,-0.05E+00,+0.05E+00,-0.05E+00,+0.12E+00,-13.67E+00,+13.18E+00,-6.722E+00
2,09/2/2026,14:58:41.727,-0.09E+00,-0.05E+00,+0.05E+00,-0.05E+00,-0.14E+00,-13.54E+00,+13.29E+00,-6.653E+00
2,09/2/2026,14:58:41.727,-0.09E+00,-0.05E+00,+0.00E+00,-0.05E+00,-0.38E+00,-13.40E+00,+13.40E+00,-6.577E+00
2,09/2/2026,14:58:41.727,-0.09E+00,-0.05E+00,+0.00E+00,+0.00E+00,-0.63E+00,-13.25E+00,+13.51E+00,-6.501E+00
2,09/2/2026,14:58:41.727,-0.09E+00,-0.05E+00,+0.05E+00,+0.00E+00,-0.89E+00,-13.09E+00,+13.61E+00,-6.425E+00
2,09/2/2026,14:58:41.727,-0.09E+00,-0.05E+00,+0.05E+00,-0.05E+00,-1.14E+00,-12.94E+00,+13.70E+00,-6.348E+00
2,09/2/2026,14:58:41.727,-0.14E+00,-0.05E+00,+0.05E+00,-0.05E+00,-1.40E+00,-12.77E+00,+13.80E+00,-6.264E+00
2,09/2/2026,14:58:41.727,-0.09E+00,-0.05E+00,+0.05E+00,-0.05E+00,-1.66E+00,-12.60E+00,+13.89E+00,-6.180E+00
2,09/2/2026,14:58:41.727,-0.09E+00,-0.05E+00,+0.05E+00,+0.00E+00,-1.92E+00,-12.45E+00,+13.98E+00,-6.104E+00
2,09/2/2026,14:58:41.727,-0.09E+00,-0.05E+00,+0.05E+00,+0.00E+00,-2.17E+00,-12.28E+00,+14.07E+00,-6.020E+00
2,09/2/2026,14:58:41.727,-0.09E+00,-0.05E+00,+0.05E+00,+0.00E+00,-2.41E+00,-12.10E+00,+14.16E+00,-5.936E+00
2,09/2/2026,14:58:41.727,-0.09E+00,-0.05E+00,+0.05E+00,-0.05E+00,-2.66E+00,-11.95E+00,+14.24E+00,-5.852E+00
2,09/2/2026,14:58:41.727,-0.09E+00,-0.05E+00,+0.05E+00,-0.05E+00,-2.91E+00,-11.78E+00,+14.31E+00,-5.768E+00
2,09/2/2026,14:58:41.727,-0.09E+00,-0.05E+00,+0.05E+00,-0.05E+00,-3.14E+00,-11.61E+00,+14.38E+00,-5.677E+00
2,09/2/2026,14:58:41.727,-0.09E+00,-0.05E+00,+0.05E+00,+0.00E+00,-3.39E+00,-11.43E+00,+14.44E+00,-5.593E+00
2,09/2/2026,14:58:41.727,-0.09E+00,-0.05E+00,+0.05E+00,+0.00E+00,-3.62E+00,-11.26E+00,+14.50E+00,-5.501E+00
2,09/2/2026,14:58:41.728,-0.14E+00,-0.05E+00,+0.05E+00,+0.00E+00,-3.86E+00,-11.08E+00,+14.56E+00,-5.410E+00
2,09/2/2026,14:58:41.728,-0.14E+00,-0.05E+00,+0.05E+00,-0.05E+00,-4.09E+00,-10.90E+00,+14.60E+00,-5.326E+00
2,09/2/2026,14:58:41.728,-0.09E+00,-0.05E+00,+0.05E+00,+0.00E+00,-4.32E+00,-10.71E+00,+14.67E+00,-5.227E+00
2,09/2/2026,14:58:41.728,-0.09E+00,-0.05E+00,+0.05E+00,+0.00E+00,-4.53E+00,-10.54E+00,+14.70E+00,-5.143E+00
2,09/2/2026,14:58:41.728,-0.09E+00,-0.05E+00,+0.05E+00,+0.00E+00,-4.76E+00,-10.36E+00,+14.74E+00,-5.051E+00
2,09/2/2026,14:58:41.728,-0.09E+00,-0.05E+00,+0.05E+00,+0.00E+00,-4.99E+00,-10.18E+00,+14.79E+00,-4.960E+00
2,09/2/2026,14:58:41.728,-0.14E+00,-0.05E+00,+0.05E+00,+0.00E+00,-5.20E+00,-10.00E+00,+14.82E+00,-4.868E+00
2,09/2/2026,14:58:41.728,-0.14E+00,-0.05E+00,+0.05E+00,-0.05E+00,-5.42E+00,-9.81E+00,+14.85E+00,-4.776E+00
2,09/2/2026,14:58:41.728,-0.09E+00,-0.05E+00,+0.05E+00,-0.05E+00,-5.63E+00,-9.63E+00,+14.89E+00,-4.685E+00
2,09/2/2026,14:58:41.728,-0.09E+00,-0.05E+00,+0.05E+00,-0.05E+00,-5.84E+00,-9.43E+00,+14.92E+00,-4.593E+00
2,09/2/2026,14:58:41.728,-0.09E+00,-0.05E+00,+0.05E+00,+0.00E+00,-6.06E+00,-9.25E+00,+14.94E+00,-4.502E+00
2,09/2/2026,14:58:41.728,-0.09E+00,-0.05E+00,+0.05E+00,+0.00E+00,-6.27E+00,-9.08E+00,+14.97E+00,-4.410E+00
2,09/2/2026,14:58:41.728,-0.09E+00,-0.05E+00,+0.05E+00,-0.05E+00,-6.49E+00,-8.88E+00,+15.00E+00,-4.319E+00
2,09/2/2026,14:58:41.728,-0.14E+00,-0.05E+00,+0.05E+00,-0.05E+00,-6.70E+00,-8.70E+00,+15.02E+00,-4.219E+00
2,09/2/2026,14:58:41.728,-0.09E+00,-0.05E+00,+0.05E+00,-0.05E+00,-6.91E+00,-8.50E+00,+15.03E+00,-4.128E+00
2,09/2/2026,14:58:41.728,-0.14E+00,-0.05E+00,+0.05E+00,-0.05E+00,-7.13E+00,-8.30E+00,+15.05E+00,-4.029E+00
2,09/2/2026,14:58:41.728,-0.09E+00,-0.05E+00,+0.05E+00,-0.05E+00,-7.32E+00,-8.12E+00,+15.06E+00,-3.929E+00
2,09/2/2026,14:58:41.728,-0.09E+00,-0.05E+00,+0.05E+00,+0.00E+00,-7.54E+00,-7.92E+00,+15.08E+00,-3.830E+00
2,09/2/2026,14:58:41.728,-0.14E+00,-0.05E+00,+0.05E+00,+0.00E+00,-7.74E+00,-7.72E+00,+15.09E+00,-3.731E+00
2,09/2/2026,14:58:41.728,-0.14E+00,-0.05E+00,+0.05E+00,-0.05E+00,-7.95E+00,-7.52E+00,+15.09E+00,-3.632E+00
2,09/2/2026,14:58:41.729,-0.09E+00,-0.05E+00,+0.05E+00,-0.05E+00,-8.15E+00,-7.32E+00,+15.09E+00,-3.533E+00
2,09/2/2026,14:58:41.729,-0.09E+00,-0.05E+00,+0.05E+00,+0.00E+00,-8.36E+00,-7.13E+00,+15.11E+00,-3.434E+00
2,09/2/2026,14:58:41.729,-0.09E+00,-0.05E+00,+0.05E+00,+0.00E+00,-8.56E+00,-6.93E+00,+15.11E+00,-3.342E+00
2,09/2/2026,14:58:41.729,-0.09E+00,-0.05E+00,+0.05E+00,-0.05E+00,-8.76E+00,-6.73E+00,+15.12E+00,-3.243E+00
2,09/2/2026,14:58:41.729,-0.14E+00,-0.05E+00,+0.05E+00,-0.05E+00,-8.97E+00,-6.53E+00,+15.11E+00,-3.136E+00
2,09/2/2026,14:58:41.729,-0.09E+00,-0.05E+00,+0.05E+00,-0.05E+00,-9.17E+00,-6.32E+00,+15.11E+00,-3.037E+00
2,09/2/2026,14:58:41.729,-0.09E+00,-0.05E+00,+0.05E+00,+0.00E+00,-9.39E+00,-6.10E+00,+15.12E+00,-2.930E+00
2,09/2/2026,14:58:41.729,-0.09E+00,-0.05E+00,+0.05E+00,+0.00E+00,-9.60E+00,-5.89E+00,+15.11E+00,-2.823E+00
2,09/2/2026,14:58:41.729,-0.09E+00,-0.05E+00,+0.05E+00,+0.00E+00,-9.81E+00,-5.68E+00,+15.11E+00,-2.709E+00
2,09/2/2026,14:58:41.729,-0.09E+00,-0.05E+00,+0.05E+00,+0.00E+00,-10.01E+00,-5.45E+00,+15.09E+00,-2.602E+00
2,09/2/2026,14:58:41.729,-0.14E+00,-0.05E+00,+0.05E+00,+0.00E+00,-10.22E+00,-5.23E+00,+15.09E+00,-2.495E+00
2,09/2/2026,14:58:41.729,-0.09E+00,-0.05E+00,+0.05E+00,-0.05E+00,-10.44E+00,-5.02E+00,+15.06E+00,-2.388E+00
2,09/2/2026,14:58:41.729,-0.09E+00,-0.05E+00,+0.05E+00,-0.05E+00,-10.64E+00,-4.81E+00,+15.06E+00,-2.281E+00
2,09/2/2026,14:58:41.729,-0.09E+00,-0.05E+00,+0.05E+00,+0.00E+00,-10.82E+00,-4.58E+00,+15.05E+00,-2.175E+00
2,09/2/2026,14:58:41.729,-0.09E+00,-0.05E+00,+0.05E+00,+0.00E+00,-11.02E+00,-4.36E+00,+15.02E+00,-2.068E+00
2,09/2/2026,14:58:41.729,-0.09E+00,-0.05E+00,+0.05E+00,+0.00E+00,-11.20E+00,-4.15E+00,+14.99E+00,-1.961E+00
2,09/2/2026,14:58:41.729,-0.14E+00,-0.05E+00,+0.05E+00,-0.05E+00,-11.38E+00,-3.95E+00,+14.95E+00,-1.854E+00
2,09/2/2026,14:58:41.729,-0.14E+00,-0.05E+00,+0.05E+00,-0.05E+00,-11.55E+00,-3.72E+00,+14.91E+00,-1.740E+00
2,09/2/2026,14:58:41.729,-0.09E+00,-0.05E+00,+0.05E+00,+0.00E+00,-11.72E+00,-3.49E+00,+14.85E+00,-1.625E+00
2,09/2/2026,14:58:41.729,-0.09E+00,-0.05E+00,+0.05E+00,+0.00E+00,-11.87E+00,-3.27E+00,+14.77E+00,-1.511E+00
2,09/2/2026,14:58:41.730,-0.09E+00,-0.05E+00,+0.05E+00,-0.05E+00,-12.03E+00,-3.02E+00,+14.68E+00,-1.389E+00
2,09/2/2026,14:58:41.730,-0.09E+00,-0.05E+00,+0.05E+00,+0.00E+00,-12.18E+00,-2.78E+00,+14.59E+00,-1.267E+00
2,09/2/2026,14:58:41.730,-0.09E+00,-0.05E+00,+0.05E+00,+0.00E+00,-12.31E+00,-2.53E+00,+14.47E+00,-1.145E+00
2,09/2/2026,14:58:41.730,-0.14E+00,-0.05E+00,+0.05E+00,+0.00E+00,-12.45E+00,-2.27E+00,+14.36E+00,-1.022E+00
2,09/2/2026,14:58:41.730,-0.14E+00,-0.05E+00,+0.05E+00,+0.00E+00,-12.57E+00,-2.01E+00,+14.22E+00,-0.893E+00
2,09/2/2026,14:58:41.730,-0.09E+00,-0.05E+00,+0.05E+00,+0.00E+00,-12.71E+00,-1.77E+00,+14.10E+00,-0.771E+00
2,09/2/2026,14:58:41.730,-0.09E+00,-0.05E+00,+0.05E+00,+0.00E+00,-12.82E+00,-1.53E+00,+13.98E+00,-0.641E+00
2,09/2/2026,14:58:41.730,-0.09E+00,-0.05E+00,+0.05E+00,+0.00E+00,-12.94E+00,-1.27E+00,+13.84E+00,-0.519E+00
2,09/2/2026,14:58:41.730,-0.09E+00,-0.05E+00,+0.05E+00,+0.00E+00,-13.06E+00,-1.02E+00,+13.72E+00,-0.404E+00
2,09/2/2026,14:58:41.730,-0.14E+00,-0.05E+00,+0.05E+00,+0.00E+00,-13.18E+00,-0.78E+00,+13.61E+00,-0.282E+00
2,09/2/2026,14:58:41.730,-0.09E+00,-0.05E+00,+0.05E+00,-0.05E+00,-13.29E+00,-0.55E+00,+13.49E+00,-0.160E+00
2,09/2/2026,14:58:41.730,-0.09E+00,-0.05E+00,+0.05E+00,+0.00E+00,-13.41E+00,-0.31E+00,+13.35E+00,-0.046E+00
2,09/2/2026,14:58:41.730,-0.09E+00,-0.05E+00,+0.05E+00,+0.00E+00,-13.52E+00,-0.06E+00,+13.23E+00,+0.076E+00
2,09/2/2026,14:58:41.730,-0.09E+00,-0.05E+00,+0.05E+00,+0.00E+00,-13.63E+00,+0.18E+00,+13.08E+00,+0.198E+00
2,09/2/2026,14:58:41.730,-0.09E+00,-0.05E+00,+0.05E+00,+0.00E+00,-13.73E+00,+0.43E+00,+12.93E+00,+0.320E+00
2,09/2/2026,14:58:41.730,-0.09E+00,-0.05E+00,+0.05E+00,-0.05E+00,-13.81E+00,+0.69E+00,+12.77E+00,+0.450E+00
2,09/2/2026,14:58:41.730,-0.09E+00,-0.05E+00,+0.05E+00,+0.00E+00,-13.90E+00,+0.93E+00,+12.60E+00,+0.572E+00
2,09/2/2026,14:58:41.730,-0.09E+00,-0.05E+00,+0.05E+00,+0.00E+00,-13.99E+00,+1.19E+00,+12.44E+00,+0.702E+00
2,09/2/2026,14:58:41.730,-0.09E+00,-0.05E+00,+0.05E+00,+0.00E+00,-14.07E+00,+1.45E+00,+12.25E+00,+0.832E+00
2,09/2/2026,14:58:41.730,-0.09E+00,-0.05E+00,+0.05E+00,+0.00E+00,-14.15E+00,+1.71E+00,+12.07E+00,+0.961E+00
2,09/2/2026,14:58:41.731,-0.14E+00,-0.05E+00,+0.05E+00,+0.00E+00,-14.24E+00,+1.97E+00,+11.89E+00,+1.083E+00
2,09/2/2026,14:58:41.731,-0.14E+00,-0.05E+00,+0.05E+00,-0.05E+00,-14.31E+00,+2.23E+00,+11.72E+00,+1.213E+00
2,09/2/2026,14:58:41.731,-0.09E+00,-0.05E+00,+0.05E+00,+0.00E+00,-14.39E+00,+2.47E+00,+11.54E+00,+1.335E+00
2,09/2/2026,14:58:41.731,-0.09E+00,-0.05E+00,+0.05E+00,+0.00E+00,-14.47E+00,+2.73E+00,+11.37E+00,+1.457E+00
2,09/2/2026,14:58:41.731,-0.09E+00,-0.05E+00,+0.05E+00,+0.00E+00,-14.53E+00,+2.98E+00,+11.19E+00,+1.579E+00
2,09/2/2026,14:58:41.731,-0.09E+00,-0.05E+00,+0.05E+00,+0.00E+00,-14.60E+00,+3.20E+00,+11.02E+00,+1.702E+00
2,09/2/2026,14:58:41.731,-0.09E+00,-0.09E+00,+0.05E+00,+0.00E+00,-14.67E+00,+3.45E+00,+10.85E+00,+1.824E+00
2,09/2/2026,14:58:41.731,-0.14E+00,-0.05E+00,+0.05E+00,-0.05E+00,-14.73E+00,+3.69E+00,+10.67E+00,+1.938E+00
2,09/2/2026,14:58:41.731,-0.14E+00,-0.05E+00,+0.05E+00,+0.00E+00,-14.79E+00,+3.94E+00,+10.48E+00,+2.060E+00
2,09/2/2026,14:58:41.731,-0.09E+00,-0.05E+00,+0.05E+00,+0.00E+00,-14.85E+00,+4.17E+00,+10.30E+00,+2.175E+00
2,09/2/2026,14:58:41.731,-0.09E+00,-0.05E+00,+0.05E+00,+0.00E+00,-14.89E+00,+4.39E+00,+10.12E+00,+2.289E+00
2,09/2/2026,14:58:41.731,-0.09E+00,-0.05E+00,+0.05E+00,+0.00E+00,-14.94E+00,+4.62E+00,+9.93E+00,+2.411E+00
2,09/2/2026,14:58:41.731,-0.09E+00,-0.05E+00,+0.05E+00,+0.00E+00,-14.99E+00,+4.85E+00,+9.75E+00,+2.518E+00
2,09/2/2026,14:58:41.731,-0.14E+00,-0.05E+00,+0.05E+00,+0.00E+00,-15.02E+00,+5.08E+00,+9.57E+00,+2.625E+00
2,09/2/2026,14:58:41.731,-0.09E+00,-0.05E+00,+0.05E+00,-0.05E+00,-15.05E+00,+5.31E+00,+9.39E+00,+2.739E+00
2,09/2/2026,14:58:41.731,-0.09E+00,-0.05E+00,+0.05E+00,-0.05E+00,-15.09E+00,+5.52E+00,+9.19E+00,+2.846E+00
2,09/2/2026,14:58:41.731,-0.09E+00,-0.05E+00,+0.05E+00,+0.00E+00,-15.12E+00,+5.74E+00,+9.00E+00,+2.953E+00
2,09/2/2026,14:58:41.731,-0.09E+00,-0.05E+00,+0.05E+00,+0.00E+00,-15.14E+00,+5.95E+00,+8.82E+00,+3.060E+00
2,09/2/2026,14:58:41.731,-0.09E+00,-0.05E+00,+0.05E+00,+0.00E+00,-15.17E+00,+6.17E+00,+8.62E+00,+3.166E+00
2,09/2/2026,14:58:41.731,-0.14E+00,-0.05E+00,+0.05E+00,+0.00E+00,-15.20E+00,+6.38E+00,+8.44E+00,+3.266E+00
2,09/2/2026,14:58:41.732,-0.14E+00,-0.05E+00,+0.05E+00,+0.00E+00,-15.21E+00,+6.59E+00,+8.26E+00,+3.373E+00
2,09/2/2026,14:58:41.732,-0.09E+00,-0.05E+00,+0.05E+00,+0.00E+00,-15.24E+00,+6.81E+00,+8.07E+00,+3.479E+00
2,09/2/2026,14:58:41.732,-0.09E+00,-0.05E+00,+0.05E+00,+0.00E+00,-15.26E+00,+7.02E+00,+7.89E+00,+3.579E+00
2,09/2/2026,14:58:41.732,-0.09E+00,-0.05E+00,+0.05E+00,+0.00E+00,-15.28E+00,+7.22E+00,+7.69E+00,+3.685E+00
2,09/2/2026,14:58:41.732,-0.09E+00,-0.09E+00,+0.05E+00,-0.05E+00,-15.29E+00,+7.43E+00,+7.49E+00,+3.785E+00
2,09/2/2026,14:58:41.732,-0.09E+00,-0.05E+00,+0.05E+00,-0.05E+00,-15.31E+00,+7.65E+00,+7.29E+00,+3.891E+00
2,09/2/2026,14:58:41.732,-0.09E+00,-0.05E+00,+0.05E+00,+0.00E+00,-15.32E+00,+7.84E+00,+7.10E+00,+3.991E+00
2,09/2/2026,14:58:41.732,-0.09E+00,-0.05E+00,+0.05E+00,-0.05E+00,-15.32E+00,+8.04E+00,+6.90E+00,+4.090E+00
2,09/2/2026,14:58:41.732,-0.09E+00,-0.05E+00,+0.05E+00,-0.05E+00,-15.32E+00,+8.26E+00,+6.71E+00,+4.189E+00
2,09/2/2026,14:58:41.732,-0.09E+00,-0.05E+00,+0.05E+00,+0.00E+00,-15.34E+00,+8.45E+00,+6.52E+00,+4.288E+00
2,09/2/2026,14:58:41.732,-0.09E+00,-0.05E+00,+0.05E+00,-0.05E+00,-15.34E+00,+8.65E+00,+6.32E+00,+4.387E+00
2,09/2/2026,14:58:41.732,-0.14E+00,-0.05E+00,+0.05E+00,-0.05E+00,-15.32E+00,+8.85E+00,+6.10E+00,+4.486E+00
2,09/2/2026,14:58:41.732,-0.14E+00,-0.05E+00,+0.05E+00,+0.00E+00,-15.32E+00,+9.05E+00,+5.91E+00,+4.586E+00
2,09/2/2026,14:58:41.732,-0.09E+00,-0.05E+00,+0.05E+00,+0.00E+00,-15.32E+00,+9.25E+00,+5.69E+00,+4.685E+00
2,09/2/2026,14:58:41.732,-0.09E+00,-0.05E+00,+0.00E+00,+0.00E+00,-15.31E+00,+9.46E+00,+5.48E+00,+4.792E+00
2,09/2/2026,14:58:41.732,-0.14E+00,-0.05E+00,+0.05E+00,+0.00E+00,-15.29E+00,+9.67E+00,+5.26E+00,+4.891E+00
2,09/2/2026,14:58:41.732,-0.09E+00,-0.05E+00,+0.05E+00,-0.05E+00,-15.29E+00,+9.89E+00,+5.04E+00,+4.998E+00
2,09/2/2026,14:58:41.732,-0.09E+00,-0.05E+00,+0.05E+00,-0.05E+00,-15.28E+00,+10.09E+00,+4.81E+00,+5.097E+00
2,09/2/2026,14:58:41.732,-0.14E+00,-0.05E+00,+0.05E+00,-0.05E+00,-15.24E+00,+10.30E+00,+4.59E+00,+5.204E+00
2,09/2/2026,14:58:41.732,-0.14E+00,-0.05E+00,+0.05E+00,+0.00E+00,-15.23E+00,+10.50E+00,+4.36E+00,+5.295E+00
2,09/2/2026,14:58:41.733,-0.09E+00,-0.05E+00,+0.05E+00,+0.00E+00,-15.20E+00,+10.68E+00,+4.14E+00,+5.394E+00
2,09/2/2026,14:58:41.733,-0.09E+00,-0.05E+00,+0.05E+00,-0.05E+00,-15.15E+00,+10.88E+00,+3.91E+00,+5.486E+00
2,09/2/2026,14:58:41.733,-0.14E+00,-0.05E+00,+0.05E+00,-0.05E+00,-15.11E+00,+11.06E+00,+3.68E+00,+5.578E+00
2,09/2/2026,14:58:41.733,-0.14E+00,-0.05E+00,+0.05E+00,+0.00E+00,-15.05E+00,+11.23E+00,+3.45E+00,+5.662E+00
2,09/2/2026,14:58:41.733,-0.14E+00,-0.05E+00,+0.05E+00,+0.00E+00,-14.99E+00,+11.38E+00,+3.22E+00,+5.738E+00
2,09/2/2026,14:58:41.733,-0.09E+00,-0.05E+00,+0.05E+00,+0.00E+00,-14.92E+00,+11.55E+00,+2.99E+00,+5.814E+00
2,09/2/2026,14:58:41.733,-0.09E+00,-0.05E+00,+0.05E+00,+0.00E+00,-14.83E+00,+11.70E+00,+2.76E+00,+5.890E+00
2,09/2/2026,14:58:41.733,-0.09E+00,-0.05E+00,+0.05E+00,+0.00E+00,-14.76E+00,+11.86E+00,+2.52E+00,+5.967E+00
2,09/2/2026,14:58:41.733,-0.14E+00,-0.05E+00,+0.05E+00,-0.05E+00,-14.67E+00,+11.99E+00,+2.29E+00,+6.043E+00
2,09/2/2026,14:58:41.733,-0.14E+00,-0.05E+00,+0.05E+00,+0.00E+00,-14.57E+00,+12.15E+00,+2.04E+00,+6.112E+00
2,09/2/2026,14:58:41.733,-0.14E+00,-0.05E+00,+0.05E+00,+0.00E+00,-14.47E+00,+12.30E+00,+1.80E+00,+6.180E+00
2,09/2/2026,14:58:41.733,-0.09E+00,-0.05E+00,+0.05E+00,+0.00E+00,-14.36E+00,+12.44E+00,+1.56E+00,+6.249E+00
2,09/2/2026,14:58:41.733,-0.09E+00,-0.05E+00,+0.05E+00,+0.00E+00,-14.24E+00,+12.57E+00,+1.31E+00,+6.318E+00
2,09/2/2026,14:58:41.733,-0.09E+00,-0.05E+00,+0.05E+00,+0.00E+00,-14.13E+00,+12.71E+00,+1.05E+00,+6.386E+00
2,09/2/2026,14:58:41.733,-0.14E+00,-0.05E+00,+0.05E+00,-0.05E+00,-14.01E+00,+12.83E+00,+0.79E+00,+6.447E+00
2,09/2/2026,14:58:41.733,-0.14E+00,-0.05E+00,+0.05E+00,-0.05E+00,-13.87E+00,+12.96E+00,+0.55E+00,+6.508E+00
2,09/2/2026,14:58:41.733,-0.09E+00,-0.05E+00,+0.05E+00,-0.05E+00,-13.75E+00,+13.09E+00,+0.29E+00,+6.570E+00
2,09/2/2026,14:58:41.733,-0.09E+00,-0.09E+00,+0.05E+00,+0.00E+00,-13.63E+00,+13.20E+00,+0.05E+00,+6.631E+00
2,09/2/2026,14:58:41.733,-0.14E+00,-0.05E+00,+0.05E+00,+0.00E+00,-13.49E+00,+13.32E+00,-0.20E+00,+6.684E+00
2,09/2/2026,14:58:41.733,-0.14E+00,-0.05E+00,+0.05E+00,+0.00E+00,-13.35E+00,+13.43E+00,-0.46E+00,+6.737E+00
2,09/2/2026,14:58:41.734,-0.09E+00,-0.05E+00,+0.05E+00,+0.00E+00,-13.20E+00,+13.54E+00,-0.72E+00,+6.791E+00
2,09/2/2026,14:58:41.734,-0.14E+00,-0.05E+00,+0.05E+00,+0.00E+00,-13.05E+00,+13.66E+00,-0.96E+00,+6.844E+00
2,09/2/2026,14:58:41.734,-0.14E+00,-0.05E+00,+0.05E+00,-0.05E+00,-12.89E+00,+13.75E+00,-1.22E+00,+6.890E+00
2,09/2/2026,14:58:41.734,-0.09E+00,-0.05E+00,+0.05E+00,-0.05E+00,-12.74E+00,+13.84E+00,-1.50E+00,+6.943E+00
2,09/2/2026,14:58:41.734,-0.09E+00,-0.05E+00,+0.05E+00,-0.05E+00,-12.57E+00,+13.93E+00,-1.74E+00,+6.982E+00
2,09/2/2026,14:58:41.734,-0.09E+00,-0.05E+00,+0.00E+00,-0.05E+00,-12.41E+00,+14.02E+00,-2.00E+00,+7.027E+00
2,09/2/2026,14:58:41.734,-0.14E+00,-0.05E+00,+0.05E+00,+0.00E+00,-12.24E+00,+14.10E+00,-2.26E+00,+7.073E+00
2,09/2/2026,14:58:41.734,-0.14E+00,-0.05E+00,+0.05E+00,-0.05E+00,-12.07E+00,+14.19E+00,-2.50E+00,+7.111E+00
2,09/2/2026,14:58:41.734,-0.14E+00,-0.05E+00,+0.05E+00,-0.05E+00,-11.89E+00,+14.28E+00,-2.76E+00,+7.149E+00
2,09/2/2026,14:58:41.734,-0.14E+00,-0.05E+00,+0.05E+00,+0.00E+00,-11.72E+00,+14.36E+00,-3.01E+00,+7.180E+00
2,09/2/2026,14:58:41.734,-0.09E+00,-0.05E+00,+0.05E+00,+0.00E+00,-11.55E+00,+14.42E+00,-3.25E+00,+7.218E+00
2,09/2/2026,14:58:41.734,-0.09E+00,-0.05E+00,+0.05E+00,+0.00E+00,-11.37E+00,+14.48E+00,-3.49E+00,+7.256E+00
2,09/2/2026,14:58:41.734,-0.09E+00,-0.05E+00,+0.05E+00,+0.00E+00,-11.20E+00,+14.56E+00,-3.74E+00,+7.287E+00
2,09/2/2026,14:58:41.734,-0.09E+00,-0.05E+00,+0.05E+00,-0.05E+00,-11.02E+00,+14.63E+00,-3.98E+00,+7.317E+00
2,09/2/2026,14:58:41.734,-0.09E+00,-0.05E+00,+0.05E+00,-0.05E+00,-10.85E+00,+14.68E+00,-4.23E+00,+7.340E+00
2,09/2/2026,14:58:41.734,-0.09E+00,-0.05E+00,+0.05E+00,+0.00E+00,-10.67E+00,+14.74E+00,-4.46E+00,+7.371E+00
2,09/2/2026,14:58:41.734,-0.14E+00,-0.05E+00,+0.05E+00,+0.00E+00,-10.48E+00,+14.79E+00,-4.68E+00,+7.394E+00
2,09/2/2026,14:58:41.734,-0.09E+00,-0.05E+00,+0.05E+00,+0.00E+00,-10.30E+00,+14.83E+00,-4.91E+00,+7.416E+00
2,09/2/2026,14:58:41.734,-0.09E+00,-0.05E+00,+0.05E+00,+0.00E+00,-10.13E+00,+14.88E+00,-5.13E+00,+7.439E+00
2,09/2/2026,14:58:41.734,-0.09E+00,-0.05E+00,+0.05E+00,-0.05E+00,-9.95E+00,+14.92E+00,-5.36E+00,+7.462E+00
2,09/2/2026,14:58:41.735,-0.09E+00,-0.05E+00,+0.05E+00,-0.05E+00,-9.77E+00,+14.97E+00,-5.59E+00,+7.477E+00
2,09/2/2026,14:58:41.735,-0.09E+00,-0.05E+00,+0.05E+00,-0.05E+00,-9.58E+00,+15.00E+00,-5.80E+00,+7.493E+00
2,09/2/2026,14:58:41.735,-0.09E+00,-0.05E+00,+0.05E+00,+0.00E+00,-9.40E+00,+15.05E+00,-6.01E+00,+7.508E+00
2,09/2/2026,14:58:41.735,-0.09E+00,-0.05E+00,+0.05E+00,+0.00E+00,-9.22E+00,+15.08E+00,-6.23E+00,+7.523E+00
2,09/2/2026,14:58:41.735,-0.09E+00,-0.05E+00,+0.05E+00,+0.00E+00,-9.03E+00,+15.09E+00,-6.44E+00,+7.539E+00
2,09/2/2026,14:58:41.735,-0.14E+00,-0.05E+00,+0.05E+00,+0.00E+00,-8.85E+00,+15.12E+00,-6.65E+00,+7.546E+00
2,09/2/2026,14:58:41.735,-0.09E+00,-0.05E+00,+0.05E+00,+0.00E+00,-8.67E+00,+15.15E+00,-6.85E+00,+7.561E+00
2,09/2/2026,14:58:41.735,-0.09E+00,-0.05E+00,+0.05E+00,-0.05E+00,-8.50E+00,+15.18E+00,-7.07E+00,+7.577E+00
2,09/2/2026,14:58:41.735,-0.09E+00,-0.05E+00,+0.05E+00,+0.00E+00,-8.32E+00,+15.21E+00,-7.28E+00,+7.584E+00
2,09/2/2026,14:58:41.735,-0.09E+00,-0.05E+00,+0.05E+00,+0.00E+00,-8.13E+00,+15.23E+00,-7.49E+00,+7.600E+00
2,09/2/2026,14:58:41.735,-0.14E+00,-0.05E+00,+0.05E+00,-0.05E+00,-7.94E+00,+15.24E+00,-7.71E+00,+7.607E+00
2,09/2/2026,14:58:41.735,-0.14E+00,-0.05E+00,+0.05E+00,-0.05E+00,-7.74E+00,+15.26E+00,-7.92E+00,+7.615E+00
2,09/2/2026,14:58:41.735,-0.09E+00,-0.05E+00,+0.05E+00,+0.00E+00,-7.55E+00,+15.29E+00,-8.12E+00,+7.622E+00
2,09/2/2026,14:58:41.735,-0.09E+00,-0.05E+00,+0.05E+00,-0.05E+00,-7.36E+00,+15.29E+00,-8.33E+00,+7.622E+00
2,09/2/2026,14:58:41.735,-0.09E+00,-0.05E+00,+0.05E+00,+0.00E+00,-7.17E+00,+15.31E+00,-8.53E+00,+7.630E+00
2,09/2/2026,14:58:41.735,-0.09E+00,-0.05E+00,+0.05E+00,+0.00E+00,-6.97E+00,+15.32E+00,-8.73E+00,+7.638E+00
2,09/2/2026,14:58:41.735,-0.09E+00,-0.05E+00,+0.05E+00,-0.05E+00,-6.78E+00,+15.32E+00,-8.93E+00,+7.638E+00
2,09/2/2026,14:58:41.735,-0.09E+00,-0.05E+00,+0.05E+00,-0.05E+00,-6.58E+00,+15.34E+00,-9.13E+00,+7.638E+00
2,09/2/2026,14:58:41.735,-0.09E+00,-0.05E+00,+0.05E+00,+0.00E+00,-6.38E+00,+15.34E+00,-9.34E+00,+7.638E+00
2,09/2/2026,14:58:41.735,-0.09E+00,-0.05E+00,+0.05E+00,+0.00E+00,-6.18E+00,+15.34E+00,-9.54E+00,+7.630E+00
2,09/2/2026,14:58:41.736,-0.09E+00,-0.05E+00,+0.05E+00,+0.00E+00,-5.97E+00,+15.32E+00,-9.74E+00,+7.630E+00
2,09/2/2026,14:58:41.736,-0.09E+00,-0.05E+00,+0.05E+00,-0.05E+00,-5.77E+00,+15.32E+00,-9.93E+00,+7.630E+00
2,09/2/2026,14:58:41.736,-0.14E+00,-0.05E+00,+0.05E+00,+0.00E+00,-5.55E+00,+15.31E+00,-10.15E+00,+7.622E+00
2,09/2/2026,14:58:41.736,-0.14E+00,-0.05E+00,+0.05E+00,+0.00E+00,-5.34E+00,+15.29E+00,-10.35E+00,+7.615E+00
2,09/2/2026,14:58:41.736,-0.09E+00,-0.05E+00,+0.05E+00,-0.05E+00,-5.13E+00,+15.29E+00,-10.54E+00,+7.607E+00
2,09/2/2026,14:58:41.736,-0.09E+00,-0.05E+00,+0.05E+00,+0.00E+00,-4.90E+00,+15.28E+00,-10.76E+00,+7.600E+00
2,09/2/2026,14:58:41.736,-0.09E+00,-0.05E+00,+0.05E+00,+0.00E+00,-4.68E+00,+15.26E+00,-10.96E+00,+7.584E+00
2,09/2/2026,14:58:41.736,-0.09E+00,-0.05E+00,+0.05E+00,+0.00E+00,-4.47E+00,+15.23E+00,-11.16E+00,+7.569E+00
2,09/2/2026,14:58:41.736,-0.09E+00,-0.05E+00,+0.05E+00,-0.05E+00,-4.24E+00,+15.18E+00,-11.32E+00,+7.554E+00
2,09/2/2026,14:58:41.736,-0.14E+00,-0.05E+00,+0.05E+00,-0.05E+00,-4.03E+00,+15.14E+00,-11.49E+00,+7.531E+00
2,09/2/2026,14:58:41.736,-0.14E+00,-0.05E+00,+0.05E+00,+0.00E+00,-3.80E+00,+15.06E+00,-11.66E+00,+7.493E+00
2,09/2/2026,14:58:41.736,-0.09E+00,-0.05E+00,+0.05E+00,+0.00E+00,-3.57E+00,+15.00E+00,-11.81E+00,+7.455E+00
2,09/2/2026,14:58:41.736,-0.09E+00,-0.05E+00,+0.05E+00,+0.00E+00,-3.34E+00,+14.91E+00,-11.96E+00,+7.416E+00
2,09/2/2026,14:58:41.736,-0.09E+00,-0.05E+00,+0.05E+00,-0.05E+00,-3.10E+00,+14.82E+00,-12.10E+00,+7.363E+00
2,09/2/2026,14:58:41.736,-0.14E+00,-0.05E+00,+0.05E+00,+0.00E+00,-2.87E+00,+14.73E+00,-12.24E+00,+7.317E+00
2,09/2/2026,14:58:41.736,-0.09E+00,-0.05E+00,+0.05E+00,-0.05E+00,-2.64E+00,+14.62E+00,-12.38E+00,+7.264E+00
2,09/2/2026,14:58:41.736,-0.09E+00,-0.05E+00,+0.05E+00,+0.00E+00,-2.40E+00,+14.53E+00,-12.51E+00,+7.210E+00
2,09/2/2026,14:58:41.736,-0.09E+00,-0.05E+00,+0.05E+00,+0.00E+00,-2.15E+00,+14.41E+00,-12.65E+00,+7.157E+00
2,09/2/2026,14:58:41.736,-0.09E+00,-0.05E+00,+0.05E+00,+0.00E+00,-1.91E+00,+14.30E+00,-12.79E+00,+7.104E+00
2,09/2/2026,14:58:41.736,-0.09E+00,-0.05E+00,+0.00E+00,-0.05E+00,-1.65E+00,+14.19E+00,-12.91E+00,+7.043E+00
2,09/2/2026,14:58:41.737,-0.09E+00,-0.05E+00,+0.05E+00,-0.05E+00,-1.40E+00,+14.05E+00,-13.03E+00,+6.974E+00
2,09/2/2026,14:58:41.737,-0.09E+00,-0.05E+00,+0.05E+00,+0.00E+00,-1.16E+00,+13.93E+00,-13.17E+00,+6.913E+00
2,09/2/2026,14:58:41.737,-0.09E+00,-0.05E+00,+0.05E+00,+0.00E+00,-0.89E+00,+13.80E+00,-13.29E+00,+6.844E+00
2,09/2/2026,14:58:41.737,-0.09E+00,-0.05E+00,+0.05E+00,+0.00E+00,-0.64E+00,+13.66E+00,-13.40E+00,+6.776E+00
2,09/2/2026,14:58:41.737,-0.09E+00,-0.05E+00,+0.05E+00,+0.00E+00,-0.40E+00,+13.52E+00,-13.51E+00,+6.707E+00
2,09/2/2026,14:58:41.737,-0.09E+00,+0.00E+00,+0.05E+00,+0.00E+00,-0.15E+00,+13.40E+00,-13.63E+00,+6.638E+00
2,09/2/2026,14:58:41.737,-0.14E+00,-0.05E+00,+0.05E+00,+0.00E+00,+0.11E+00,+13.25E+00,-13.73E+00,+6.562E+00
2,09/2/2026,14:58:41.737,-0.14E+00,-0.05E+00,+0.05E+00,-0.05E+00,+0.37E+00,+13.09E+00,-13.84E+00,+6.486E+00
2,09/2/2026,14:58:41.737,-0.14E+00,-0.05E+00,+0.05E+00,-0.05E+00,+0.61E+00,+12.94E+00,-13.93E+00,+6.409E+00
2,09/2/2026,14:58:41.737,-0.09E+00,-0.05E+00,+0.05E+00,+0.00E+00,+0.85E+00,+12.79E+00,-14.04E+00,+6.341E+00
2,09/2/2026,14:58:41.737,-0.09E+00,-0.05E+00,+0.05E+00,+0.00E+00,+1.11E+00,+12.64E+00,-14.13E+00,+6.257E+00
2,09/2/2026,14:58:41.737,-0.09E+00,-0.05E+00,+0.05E+00,+0.00E+00,+1.37E+00,+12.48E+00,-14.22E+00,+6.180E+00
2,09/2/2026,14:58:41.737,-0.14E+00,-0.05E+00,+0.05E+00,+0.00E+00,+1.62E+00,+12.31E+00,-14.31E+00,+6.096E+00
2,09/2/2026,14:58:41.737,-0.14E+00,-0.05E+00,+0.05E+00,+0.00E+00,+1.88E+00,+12.15E+00,-14.39E+00,+6.013E+00
2,09/2/2026,14:58:41.737,-0.09E+00,-0.05E+00,+0.05E+00,-0.05E+00,+2.12E+00,+11.98E+00,-14.47E+00,+5.929E+00
2,09/2/2026,14:58:41.737,-0.09E+00,-0.05E+00,+0.05E+00,-0.05E+00,+2.37E+00,+11.81E+00,-14.54E+00,+5.845E+00
2,09/2/2026,14:58:41.737,-0.09E+00,-0.05E+00,+0.05E+00,-0.05E+00,+2.61E+00,+11.64E+00,-14.62E+00,+5.753E+00
2,09/2/2026,14:58:41.737,-0.09E+00,-0.05E+00,+0.05E+00,+0.00E+00,+2.85E+00,+11.46E+00,-14.68E+00,+5.669E+00
2,09/2/2026,14:58:41.737,-0.14E+00,-0.05E+00,+0.05E+00,+0.00E+00,+3.08E+00,+11.29E+00,-14.74E+00,+5.578E+00
2,09/2/2026,14:58:41.737,-0.09E+00,-0.05E+00,+0.05E+00,-0.05E+00,+3.33E+00,+11.12E+00,-14.80E+00,+5.494E+00
2,09/2/2026,14:58:41.738,-0.09E+00,-0.05E+00,+0.05E+00,+0.00E+00,+3.56E+00,+10.94E+00,-14.86E+00,+5.402E+00
2,09/2/2026,14:58:41.738,-0.09E+00,-0.05E+00,+0.05E+00,+0.00E+00,+3.78E+00,+10.76E+00,-14.92E+00,+5.311E+00
2,09/2/2026,14:58:41.738,-0.09E+00,-0.05E+00,+0.05E+00,+0.00E+00,+4.01E+00,+10.59E+00,-14.97E+00,+5.227E+00
2,09/2/2026,14:58:41.738,-0.14E+00,-0.05E+00,+0.05E+00,+0.00E+00,+4.24E+00,+10.41E+00,-15.00E+00,+5.135E+00
2,09/2/2026,14:58:41.738,-0.14E+00,-0.05E+00,+0.05E+00,+0.00E+00,+4.46E+00,+10.22E+00,-15.05E+00,+5.043E+00
2,09/2/2026,14:58:41.738,-0.09E+00,-0.05E+00,+0.05E+00,-0.05E+00,+4.67E+00,+10.04E+00,-15.09E+00,+4.952E+00
2,09/2/2026,14:58:41.738,-0.09E+00,-0.05E+00,+0.05E+00,+0.00E+00,+4.90E+00,+9.86E+00,-15.12E+00,+4.860E+00
2,09/2/2026,14:58:41.738,-0.09E+00,-0.05E+00,+0.05E+00,+0.00E+00,+5.11E+00,+9.67E+00,-15.17E+00,+4.769E+00
2,09/2/2026,14:58:41.738,-0.09E+00,-0.05E+00,+0.05E+00,+0.00E+00,+5.33E+00,+9.49E+00,-15.20E+00,+4.677E+00
2,09/2/2026,14:58:41.738,-0.14E+00,-0.05E+00,+0.05E+00,-0.05E+00,+5.54E+00,+9.31E+00,-15.21E+00,+4.586E+00
2,09/2/2026,14:58:41.738,-0.14E+00,-0.05E+00,+0.05E+00,-0.05E+00,+5.75E+00,+9.13E+00,-15.24E+00,+4.494E+00
2,09/2/2026,14:58:41.738,-0.14E+00,-0.05E+00,+0.05E+00,+0.00E+00,+5.97E+00,+8.94E+00,-15.28E+00,+4.403E+00
2,09/2/2026,14:58:41.738,-0.14E+00,-0.05E+00,+0.05E+00,+0.00E+00,+6.17E+00,+8.74E+00,-15.31E+00,+4.303E+00
2,09/2/2026,14:58:41.738,-0.09E+00,-0.05E+00,+0.05E+00,+0.00E+00,+6.38E+00,+8.56E+00,-15.31E+00,+4.212E+00
2,09/2/2026,14:58:41.738,-0.09E+00,-0.05E+00,+0.05E+00,+0.00E+00,+6.59E+00,+8.38E+00,-15.34E+00,+4.120E+00
2,09/2/2026,14:58:41.738,-0.14E+00,-0.05E+00,+0.05E+00,+0.00E+00,+6.79E+00,+8.18E+00,-15.35E+00,+4.021E+00
2,09/2/2026,14:58:41.738,-0.09E+00,-0.05E+00,+0.05E+00,-0.05E+00,+7.00E+00,+8.00E+00,-15.37E+00,+3.929E+00
2,09/2/2026,14:58:41.738,-0.09E+00,-0.05E+00,+0.05E+00,-0.05E+00,+7.22E+00,+7.80E+00,-15.38E+00,+3.830E+00
2,09/2/2026,14:58:41.738,-0.09E+00,-0.05E+00,+0.05E+00,+0.00E+00,+7.43E+00,+7.60E+00,-15.40E+00,+3.731E+00
2,09/2/2026,14:58:41.738,-0.14E+00,-0.05E+00,+0.05E+00,+0.00E+00,+7.63E+00,+7.40E+00,-15.40E+00,+3.624E+00
2,09/2/2026,14:58:41.739,-0.09E+00,-0.05E+00,+0.05E+00,+0.00E+00,+7.83E+00,+7.20E+00,-15.40E+00,+3.548E+00
2,09/2/2026,14:58:41.739,-0.09E+00,-0.05E+00,+0.05E+00,+0.00E+00,+8.04E+00,+7.00E+00,-15.40E+00,+3.426E+00
2,09/2/2026,14:58:41.739,-0.09E+00,-0.05E+00,+0.05E+00,+0.00E+00,+8.24E+00,+6.81E+00,-15.43E+00,+3.311E+00
2,09/2/2026,14:58:41.739,-0.09E+00,-0.05E+00,+0.05E+00,+0.00E+00,+8.45E+00,+6.59E+00,-15.41E+00,+3.319E+00
2,09/2/2026,14:58:41.739,-0.09E+00,-0.05E+00,+0.05E+00,-0.05E+00,+8.65E+00,+6.41E+00,-15.43E+00,+2.823E+00
2,09/2/2026,14:58:41.739,-0.09E+00,-0.05E+00,+0.05E+00,-0.05E+00,+8.87E+00,+6.61E+00,-15.84E+00,+1.602E+00
2,09/2/2026,14:58:41.739,-0.09E+00,-0.05E+00,+0.05E+00,+0.00E+00,+9.08E+00,+7.26E+00,-16.69E+00,+0.740E+00
2,09/2/2026,14:58:41.739,-0.14E+00,-0.05E+00,+0.05E+00,+0.00E+00,+9.29E+00,+8.01E+00,-17.67E+00,+0.465E+00
2,09/2/2026,14:58:41.739,-0.09E+00,-0.05E+00,+0.05E+00,-0.05E+00,+9.51E+00,+8.76E+00,-18.65E+00,+0.305E+00
2,09/2/2026,14:58:41.739,-0.09E+00,-0.05E+00,+0.05E+00,+0.00E+00,+9.74E+00,+9.45E+00,-19.56E+00,+0.351E+00
2,09/2/2026,14:58:41.739,-0.14E+00,-0.05E+00,+0.05E+00,+0.00E+00,+9.95E+00,+9.98E+00,-20.28E+00,+0.633E+00
2,09/2/2026,14:58:41.739,-0.09E+00,-0.05E+00,+0.05E+00,-0.05E+00,+10.16E+00,+10.32E+00,-20.85E+00,+0.816E+00
2,09/2/2026,14:58:41.739,-0.09E+00,-0.05E+00,+0.05E+00,+0.00E+00,+10.38E+00,+10.56E+00,-21.30E+00,+0.862E+00
2,09/2/2026,14:58:41.739,-0.09E+00,-0.05E+00,+0.05E+00,+0.00E+00,+10.58E+00,+10.70E+00,-21.64E+00,+1.099E+00
2,09/2/2026,14:58:41.739,-0.09E+00,-0.05E+00,+0.05E+00,+0.00E+00,+10.77E+00,+10.65E+00,-21.81E+00,+1.297E+00
2,09/2/2026,14:58:41.739,-0.09E+00,-0.05E+00,+0.05E+00,+0.00E+00,+10.96E+00,+10.59E+00,-21.93E+00,+1.083E+00
2,09/2/2026,14:58:41.739,-0.09E+00,-0.05E+00,+0.05E+00,+0.00E+00,+11.14E+00,+10.62E+00,-22.16E+00,+0.694E+00
2,09/2/2026,14:58:41.739,-0.09E+00,-0.05E+00,+0.05E+00,+0.00E+00,+11.32E+00,+10.76E+00,-22.48E+00,+0.443E+00
2,09/2/2026,14:58:41.739,-0.09E+00,-0.05E+00,+0.05E+00,+0.00E+00,+11.51E+00,+10.91E+00,-22.80E+00,+0.259E+00
2,09/2/2026,14:58:41.739,-0.09E+00,-0.05E+00,+0.05E+00,+0.00E+00,+11.67E+00,+11.11E+00,-23.16E+00,-0.053E+00
2,09/2/2026,14:58:41.740,-0.09E+00,-0.05E+00,+0.05E+00,-0.05E+00,+11.84E+00,+11.38E+00,-23.61E+00,-0.389E+00
2,09/2/2026,14:58:41.740,-0.14E+00,-0.05E+00,+0.05E+00,-0.05E+00,+11.99E+00,+11.69E+00,-24.08E+00,-0.603E+00
2,09/2/2026,14:58:41.740,-0.14E+00,-0.05E+00,+0.05E+00,+0.00E+00,+12.15E+00,+12.04E+00,-24.57E+00,-0.900E+00
2,09/2/2026,14:58:41.740,-0.09E+00,-0.05E+00,+0.05E+00,+0.00E+00,+12.28E+00,+12.48E+00,-25.15E+00,-1.289E+00
2,09/2/2026,14:58:41.740,-0.14E+00,-0.05E+00,+0.05E+00,+0.00E+00,+12.42E+00,+12.99E+00,-25.79E+00,-1.549E+00
2,09/2/2026,14:58:41.740,-0.14E+00,-0.05E+00,+0.05E+00,+0.00E+00,+12.54E+00,+13.52E+00,-26.45E+00,-1.717E+00
2,09/2/2026,14:58:41.740,-0.09E+00,-0.05E+00,+0.05E+00,+0.00E+00,+12.68E+00,+14.02E+00,-27.10E+00,-1.862E+00
2,09/2/2026,14:58:41.740,-0.09E+00,-0.05E+00,+0.05E+00,+0.00E+00,+12.82E+00,+14.51E+00,-27.73E+00,-1.976E+00
2,09/2/2026,14:58:41.740,-0.09E+00,-0.05E+00,+0.05E+00,+0.00E+00,+12.94E+00,+14.99E+00,-28.32E+00,-2.075E+00
2,09/2/2026,14:58:41.740,-0.09E+00,-0.05E+00,+0.05E+00,+0.00E+00,+13.08E+00,+15.44E+00,-28.90E+00,-2.175E+00
2,09/2/2026,14:58:41.740,-0.14E+00,-0.05E+00,+0.05E+00,+0.00E+00,+13.20E+00,+15.86E+00,-29.45E+00,-2.259E+00
2,09/2/2026,14:58:41.740,-0.14E+00,-0.05E+00,+0.05E+00,+0.00E+00,+13.34E+00,+16.25E+00,-29.97E+00,-2.342E+00
2,09/2/2026,14:58:41.740,-0.09E+00,-0.05E+00,+0.05E+00,-0.05E+00,+13.46E+00,+16.60E+00,-30.46E+00,-2.426E+00
2,09/2/2026,14:58:41.740,-0.14E+00,-0.05E+00,+0.05E+00,-0.05E+00,+13.57E+00,+16.94E+00,-30.90E+00,-2.510E+00
2,09/2/2026,14:58:41.740,-0.09E+00,-0.05E+00,+0.05E+00,+0.00E+00,+13.67E+00,+17.23E+00,-31.31E+00,-2.594E+00
2,09/2/2026,14:58:41.740,-0.09E+00,-0.05E+00,+0.05E+00,+0.00E+00,+13.78E+00,+17.49E+00,-31.68E+00,-2.671E+00
2,09/2/2026,14:58:41.740,-0.09E+00,-0.05E+00,+0.05E+00,+0.00E+00,+13.89E+00,+17.72E+00,-32.00E+00,-2.747E+00
2,09/2/2026,14:58:41.740,-0.09E+00,-0.05E+00,+0.00E+00,+0.00E+00,+13.98E+00,+17.93E+00,-32.31E+00,-2.831E+00
2,09/2/2026,14:58:41.740,-0.09E+00,-0.05E+00,+0.05E+00,-0.05E+00,+14.07E+00,+18.10E+00,-32.57E+00,-2.899E+00
2,09/2/2026,14:58:41.740,-0.09E+00,-0.05E+00,+0.05E+00,+0.00E+00,+14.16E+00,+18.24E+00,-32.78E+00,-2.976E+00
2,09/2/2026,14:58:41.741,-0.09E+00,-0.05E+00,+0.05E+00,+0.00E+00,+14.25E+00,+18.33E+00,-32.98E+00,-3.052E+00
2,09/2/2026,14:58:41.741,-0.09E+00,-0.05E+00,+0.05E+00,+0.00E+00,+14.33E+00,+18.40E+00,-33.15E+00,-3.121E+00
2,09/2/2026,14:58:41.741,-0.14E+00,-0.05E+00,+0.05E+00,+0.00E+00,+14.42E+00,+18.46E+00,-33.28E+00,-3.182E+00
2,09/2/2026,14:58:41.741,-0.14E+00,-0.05E+00,+0.05E+00,+0.00E+00,+14.50E+00,+18.50E+00,-33.39E+00,-3.250E+00
2,09/2/2026,14:58:41.741,-0.14E+00,-0.05E+00,+0.05E+00,-0.05E+00,+14.56E+00,+18.50E+00,-33.47E+00,-3.311E+00
2,09/2/2026,14:58:41.741,-0.14E+00,-0.05E+00,+0.00E+00,-0.05E+00,+14.63E+00,+18.48E+00,-33.51E+00,-3.373E+00
2,09/2/2026,14:58:41.741,-0.09E+00,-0.05E+00,+0.05E+00,-0.05E+00,+14.71E+00,+18.42E+00,-33.53E+00,-3.441E+00
2,09/2/2026,14:58:41.741,-0.09E+00,-0.05E+00,+0.05E+00,-0.05E+00,+14.79E+00,+18.34E+00,-33.53E+00,-3.502E+00
2,09/2/2026,14:58:41.741,-0.09E+00,-0.05E+00,+0.05E+00,-0.05E+00,+14.85E+00,+18.25E+00,-33.50E+00,-3.563E+00
2,09/2/2026,14:58:41.741,-0.09E+00,-0.05E+00,+0.05E+00,-0.05E+00,+14.91E+00,+18.13E+00,-33.42E+00,-3.617E+00
2,09/2/2026,14:58:41.741,-0.14E+00,-0.05E+00,+0.05E+00,-0.05E+00,+14.95E+00,+17.98E+00,-33.34E+00,-3.678E+00
2,09/2/2026,14:58:41.741,-0.09E+00,-0.05E+00,+0.05E+00,-0.05E+00,+15.00E+00,+17.81E+00,-33.21E+00,-3.731E+00
2,09/2/2026,14:58:41.741,-0.09E+00,-0.05E+00,+0.05E+00,+0.00E+00,+15.05E+00,+17.61E+00,-33.07E+00,-3.777E+00
2,09/2/2026,14:58:41.741,-0.14E+00,-0.05E+00,+0.00E+00,+0.00E+00,+15.09E+00,+17.40E+00,-32.89E+00,-3.830E+00
2,09/2/2026,14:58:41.741,-0.14E+00,-0.05E+00,+0.05E+00,+0.00E+00,+15.12E+00,+17.17E+00,-32.69E+00,-3.884E+00
2,09/2/2026,14:58:41.741,-0.14E+00,-0.05E+00,+0.05E+00,-0.05E+00,+15.17E+00,+16.91E+00,-32.47E+00,-3.937E+00
2,09/2/2026,14:58:41.741,-0.14E+00,-0.05E+00,+0.05E+00,+0.00E+00,+15.20E+00,+16.63E+00,-32.21E+00,-3.983E+00
2,09/2/2026,14:58:41.741,-0.09E+00,-0.05E+00,+0.05E+00,+0.00E+00,+15.23E+00,+16.33E+00,-31.94E+00,-4.029E+00
2,09/2/2026,14:58:41.741,-0.09E+00,-0.05E+00,+0.00E+00,+0.00E+00,+15.24E+00,+16.01E+00,-31.65E+00,-4.074E+00
2,09/2/2026,14:58:41.741,-0.09E+00,-0.05E+00,+0.05E+00,+0.00E+00,+15.26E+00,+15.66E+00,-31.33E+00,-4.113E+00
2,09/2/2026,14:58:41.742,-0.14E+00,-0.05E+00,+0.05E+00,+0.00E+00,+15.29E+00,+15.29E+00,-30.98E+00,-4.158E+00
2,09/2/2026,14:58:41.742,-0.14E+00,-0.05E+00,+0.05E+00,+0.00E+00,+15.32E+00,+14.91E+00,-30.63E+00,-4.197E+00
2,09/2/2026,14:58:41.742,-0.09E+00,-0.05E+00,+0.05E+00,+0.00E+00,+15.34E+00,+14.51E+00,-30.25E+00,-4.242E+00
2,09/2/2026,14:58:41.742,-0.09E+00,-0.05E+00,+0.05E+00,+0.00E+00,+15.35E+00,+14.10E+00,-29.83E+00,-4.280E+00
2,09/2/2026,14:58:41.742,-0.09E+00,-0.05E+00,+0.05E+00,+0.00E+00,+15.37E+00,+13.66E+00,-29.41E+00,-4.326E+00
2,09/2/2026,14:58:41.742,-0.14E+00,-0.05E+00,+0.05E+00,+0.00E+00,+15.37E+00,+13.18E+00,-28.95E+00,-4.364E+00
2,09/2/2026,14:58:41.742,-0.14E+00,-0.05E+00,+0.05E+00,+0.00E+00,+15.38E+00,+12.71E+00,-28.49E+00,-4.403E+00
2,09/2/2026,14:58:41.742,-0.09E+00,-0.05E+00,+0.05E+00,-0.05E+00,+15.38E+00,+12.22E+00,-28.00E+00,-4.433E+00
2,09/2/2026,14:58:41.742,-0.14E+00,-0.05E+00,+0.05E+00,-0.05E+00,+15.38E+00,+11.70E+00,-27.48E+00,-4.471E+00
2,09/2/2026,14:58:41.742,-0.09E+00,-0.05E+00,+0.05E+00,+0.00E+00,+15.38E+00,+11.19E+00,-26.95E+00,-4.509E+00
2,09/2/2026,14:58:41.742,-0.09E+00,-0.05E+00,+0.05E+00,+0.00E+00,+15.38E+00,+10.62E+00,-26.40E+00,-4.540E+00
2,09/2/2026,14:58:41.742,-0.09E+00,-0.05E+00,+0.05E+00,+0.00E+00,+15.38E+00,+10.06E+00,-25.82E+00,-4.578E+00
2,09/2/2026,14:58:41.742,-0.14E+00,-0.05E+00,+0.05E+00,+0.00E+00,+15.37E+00,+9.46E+00,-25.21E+00,-4.616E+00
2,09/2/2026,14:58:41.742,-0.09E+00,-0.05E+00,+0.05E+00,+0.00E+00,+15.37E+00,+8.85E+00,-24.60E+00,-4.647E+00
2,09/2/2026,14:58:41.742,-0.14E+00,-0.05E+00,+0.05E+00,+0.00E+00,+15.35E+00,+8.23E+00,-23.96E+00,-4.685E+00
2,09/2/2026,14:58:41.742,-0.09E+00,-0.05E+00,+0.05E+00,+0.00E+00,+15.34E+00,+7.57E+00,-23.29E+00,-4.715E+00
2,09/2/2026,14:58:41.742,-0.09E+00,-0.05E+00,+0.05E+00,-0.05E+00,+15.32E+00,+6.90E+00,-22.60E+00,-4.746E+00
2,09/2/2026,14:58:41.742,-0.09E+00,-0.05E+00,+0.00E+00,-0.05E+00,+15.29E+00,+6.21E+00,-21.88E+00,-4.776E+00
2,09/2/2026,14:58:41.742,-0.09E+00,-0.05E+00,+0.05E+00,+0.00E+00,+15.28E+00,+5.51E+00,-21.15E+00,-4.807E+00
2,09/2/2026,14:58:41.742,-0.09E+00,-0.05E+00,+0.05E+00,+0.00E+00,+15.24E+00,+4.81E+00,-20.40E+00,-4.830E+00
2,09/2/2026,14:58:41.743,-0.14E+00,-0.05E+00,+0.05E+00,+0.00E+00,+15.20E+00,+4.09E+00,-19.64E+00,-4.853E+00
2,09/2/2026,14:58:41.743,-0.14E+00,-0.05E+00,+0.05E+00,+0.00E+00,+15.14E+00,+3.36E+00,-18.86E+00,-4.868E+00
2,09/2/2026,14:58:41.743,-0.09E+00,-0.05E+00,+0.05E+00,-0.05E+00,+15.08E+00,+2.61E+00,-18.07E+00,-4.891E+00
2,09/2/2026,14:58:41.743,-0.09E+00,-0.05E+00,+0.05E+00,+0.00E+00,+15.02E+00,+1.86E+00,-17.26E+00,-4.906E+00
2,09/2/2026,14:58:41.743,-0.09E+00,-0.05E+00,+0.05E+00,+0.00E+00,+14.94E+00,+1.11E+00,-16.44E+00,-4.914E+00
2,09/2/2026,14:58:41.743,-0.14E+00,-0.05E+00,+0.05E+00,-0.05E+00,+14.86E+00,+0.34E+00,-15.58E+00,-4.921E+00
2,09/2/2026,14:58:41.743,-0.09E+00,-0.05E+00,+0.05E+00,-0.05E+00,+14.77E+00,-0.44E+00,-14.71E+00,-4.929E+00
2,09/2/2026,14:58:41.743,-0.09E+00,-0.05E+00,+0.05E+00,+0.00E+00,+14.68E+00,-1.24E+00,-13.84E+00,-4.937E+00
2,09/2/2026,14:58:41.743,-0.09E+00,-0.05E+00,+0.05E+00,+0.00E+00,+14.59E+00,-2.03E+00,-12.94E+00,-4.937E+00
2,09/2/2026,14:58:41.743,-0.09E+00,-0.05E+00,+0.05E+00,+0.00E+00,+14.48E+00,-2.82E+00,-12.03E+00,-4.937E+00
2,09/2/2026,14:58:41.743,-0.09E+00,-0.05E+00,+0.05E+00,-0.05E+00,+14.36E+00,-3.65E+00,-11.11E+00,-4.937E+00
2,09/2/2026,14:58:41.743,-0.09E+00,-0.05E+00,+0.05E+00,-0.05E+00,+14.25E+00,-4.47E+00,-10.16E+00,-4.929E+00
2,09/2/2026,14:58:41.743,-0.14E+00,-0.05E+00,+0.05E+00,+0.00E+00,+14.12E+00,-5.30E+00,-9.20E+00,-4.929E+00
2,09/2/2026,14:58:41.743,-0.14E+00,-0.05E+00,+0.05E+00,-0.05E+00,+13.99E+00,-6.13E+00,-8.24E+00,-4.921E+00
2,09/2/2026,14:58:41.743,-0.09E+00,-0.05E+00,+0.05E+00,-0.05E+00,+13.86E+00,-6.99E+00,-7.26E+00,-4.914E+00
2,09/2/2026,14:58:41.743,-0.09E+00,-0.05E+00,+0.05E+00,+0.00E+00,+13.72E+00,-7.84E+00,-6.26E+00,-4.906E+00
2,09/2/2026,14:58:41.743,-0.14E+00,-0.05E+00,+0.05E+00,-0.05E+00,+13.58E+00,-8.71E+00,-5.25E+00,-4.891E+00
2,09/2/2026,14:58:41.743,-0.14E+00,-0.05E+00,+0.05E+00,-0.05E+00,+13.44E+00,-9.58E+00,-4.24E+00,-4.883E+00
2,09/2/2026,14:58:41.743,-0.09E+00,-0.05E+00,+0.05E+00,+0.00E+00,+13.29E+00,-10.45E+00,-3.22E+00,-4.876E+00
2,09/2/2026,14:58:41.743,-0.14E+00,-0.05E+00,+0.05E+00,+0.00E+00,+13.14E+00,-11.35E+00,-2.18E+00,-4.860E+00
2,09/2/2026,14:58:41.744,-0.09E+00,-0.05E+00,+0.05E+00,+0.00E+00,+12.99E+00,-12.25E+00,-1.13E+00,-4.845E+00
2,09/2/2026,14:58:41.744,-0.09E+00,-0.05E+00,+0.05E+00,+0.00E+00,+12.85E+00,-13.14E+00,-0.06E+00,-4.830E+00
2,09/2/2026,14:58:41.744,-0.09E+00,-0.05E+00,+0.05E+00,-0.05E+00,+12.68E+00,-14.05E+00,+1.01E+00,-4.807E+00
2,09/2/2026,14:58:41.744,-0.14E+00,-0.05E+00,+0.05E+00,-0.05E+00,+12.50E+00,-14.97E+00,+2.09E+00,-4.792E+00
2,09/2/2026,14:58:41.744,-0.09E+00,-0.05E+00,+0.05E+00,+0.00E+00,+12.33E+00,-15.90E+00,+3.17E+00,-4.776E+00
2,09/2/2026,14:58:41.744,-0.09E+00,-0.05E+00,+0.05E+00,+0.00E+00,+12.16E+00,-16.82E+00,+4.27E+00,-4.754E+00
2,09/2/2026,14:58:41.744,-0.09E+00,-0.05E+00,+0.05E+00,-0.05E+00,+11.99E+00,-17.76E+00,+5.39E+00,-4.738E+00
2,09/2/2026,14:58:41.744,-0.09E+00,-0.05E+00,+0.05E+00,+0.00E+00,+11.83E+00,-18.71E+00,+6.50E+00,-4.715E+00
2,09/2/2026,14:58:41.744,-0.14E+00,-0.05E+00,+0.05E+00,+0.00E+00,+11.66E+00,-19.66E+00,+7.61E+00,-4.693E+00
2,09/2/2026,14:58:41.744,-0.14E+00,-0.05E+00,+0.05E+00,-0.05E+00,+11.49E+00,-20.60E+00,+8.74E+00,-4.662E+00
2,09/2/2026,14:58:41.744,-0.14E+00,-0.05E+00,+0.05E+00,-0.05E+00,+11.31E+00,-21.56E+00,+9.87E+00,-4.639E+00
2,09/2/2026,14:58:41.744,-0.09E+00,-0.05E+00,+0.05E+00,+0.00E+00,+11.14E+00,-22.52E+00,+11.02E+00,-4.616E+00
2,09/2/2026,14:58:41.744,-0.09E+00,-0.05E+00,+0.05E+00,-0.05E+00,+10.96E+00,-23.50E+00,+12.16E+00,-4.593E+00
2,09/2/2026,14:58:41.744,-0.09E+00,-0.05E+00,+0.05E+00,-0.05E+00,+10.79E+00,-24.46E+00,+13.31E+00,-4.563E+00
2,09/2/2026,14:58:41.744,-0.14E+00,-0.05E+00,+0.05E+00,-0.05E+00,+10.61E+00,-25.45E+00,+14.47E+00,-4.532E+00
2,09/2/2026,14:58:41.744,-0.14E+00,-0.05E+00,+0.05E+00,-0.05E+00,+10.44E+00,-26.43E+00,+15.63E+00,-4.509E+00
2,09/2/2026,14:58:41.744,-0.09E+00,-0.05E+00,+0.05E+00,+0.00E+00,+10.25E+00,-27.42E+00,+16.79E+00,-4.486E+00
2,09/2/2026,14:58:41.744,-0.09E+00,-0.05E+00,+0.05E+00,-0.05E+00,+10.09E+00,-28.43E+00,+17.96E+00,-4.456E+00
2,09/2/2026,14:58:41.744,-0.09E+00,-0.05E+00,+0.05E+00,-0.05E+00,+9.90E+00,-29.42E+00,+19.14E+00,-4.433E+00
2,09/2/2026,14:58:41.744,-0.09E+00,-0.05E+00,+0.05E+00,+0.00E+00,+9.74E+00,-30.43E+00,+20.31E+00,-4.403E+00
2,09/2/2026,14:58:41.745,-0.14E+00,-0.05E+00,+0.05E+00,+0.00E+00,+9.55E+00,-31.45E+00,+21.49E+00,-4.380E+00
2,09/2/2026,14:58:41.745,-0.09E+00,-0.05E+00,+0.05E+00,+0.00E+00,+9.39E+00,-32.46E+00,+22.69E+00,-4.349E+00
2,09/2/2026,14:58:41.745,-0.09E+00,-0.05E+00,+0.05E+00,-0.05E+00,+9.20E+00,-33.47E+00,+23.88E+00,-4.319E+00
2,09/2/2026,14:58:41.745,-0.09E+00,-0.05E+00,+0.05E+00,+0.00E+00,+9.02E+00,-34.49E+00,+25.09E+00,-4.288E+00
2,09/2/2026,14:58:41.745,-0.09E+00,-0.05E+00,+0.05E+00,+0.00E+00,+8.84E+00,-35.51E+00,+26.28E+00,-4.258E+00
2,09/2/2026,14:58:41.745,-0.09E+00,-0.05E+00,+0.05E+00,+0.00E+00,+8.65E+00,-36.52E+00,+27.48E+00,-4.227E+00
2,09/2/2026,14:58:41.745,-0.14E+00,-0.05E+00,+0.05E+00,+0.00E+00,+8.47E+00,-37.54E+00,+28.69E+00,-4.197E+00
2,09/2/2026,14:58:41.745,-0.09E+00,-0.05E+00,+0.05E+00,-0.05E+00,+8.29E+00,-38.58E+00,+29.89E+00,-4.166E+00
2,09/2/2026,14:58:41.745,-0.09E+00,-0.05E+00,+0.05E+00,-0.05E+00,+8.10E+00,-39.60E+00,+31.12E+00,-4.136E+00
2,09/2/2026,14:58:41.745,-0.09E+00,-0.05E+00,+0.05E+00,-0.05E+00,+7.92E+00,-40.64E+00,+32.34E+00,-4.105E+00
2,09/2/2026,14:58:41.745,-0.14E+00,-0.05E+00,+0.05E+00,+0.00E+00,+7.74E+00,-41.68E+00,+33.56E+00,-4.067E+00
2,09/2/2026,14:58:41.745,-0.09E+00,-0.05E+00,+0.05E+00,+0.00E+00,+7.54E+00,-42.71E+00,+34.79E+00,-4.036E+00
2,09/2/2026,14:58:41.745,-0.09E+00,-0.05E+00,+0.05E+00,+0.00E+00,+7.36E+00,-43.75E+00,+36.01E+00,-4.006E+00
2,09/2/2026,14:58:41.745,-0.09E+00,-0.05E+00,+0.05E+00,+0.00E+00,+7.17E+00,-44.79E+00,+37.25E+00,-3.968E+00
2,09/2/2026,14:58:41.745,-0.09E+00,-0.05E+00,+0.05E+00,-0.05E+00,+6.97E+00,-45.83E+00,+38.49E+00,-3.929E+00
2,09/2/2026,14:58:41.745,-0.09E+00,-0.05E+00,+0.05E+00,-0.05E+00,+6.78E+00,-46.88E+00,+39.72E+00,-3.899E+00
2,09/2/2026,14:58:41.745,-0.09E+00,-0.05E+00,+0.05E+00,+0.00E+00,+6.58E+00,-47.92E+00,+40.97E+00,-3.861E+00
2,09/2/2026,14:58:41.745,-0.09E+00,-0.05E+00,+0.05E+00,+0.00E+00,+6.38E+00,-48.97E+00,+42.22E+00,-3.823E+00
2,09/2/2026,14:58:41.745,-0.14E+00,-0.05E+00,+0.05E+00,+0.00E+00,+6.17E+00,-50.01E+00,+43.48E+00,-3.785E+00
2,09/2/2026,14:58:41.745,-0.14E+00,-0.05E+00,+0.05E+00,+0.00E+00,+5.97E+00,-51.06E+00,+44.73E+00,-3.739E+00
2,09/2/2026,14:58:41.746,-0.09E+00,-0.05E+00,+0.05E+00,-0.05E+00,+5.75E+00,-52.11E+00,+45.98E+00,-3.701E+00
2,09/2/2026,14:58:41.746,-0.09E+00,-0.05E+00,+0.05E+00,-0.05E+00,+5.54E+00,-53.17E+00,+47.25E+00,-3.662E+00
2,09/2/2026,14:58:41.746,-0.09E+00,-0.05E+00,+0.05E+00,+0.00E+00,+5.31E+00,-54.22E+00,+48.53E+00,-3.624E+00
2,09/2/2026,14:58:41.746,-0.09E+00,-0.05E+00,+0.05E+00,+0.00E+00,+5.10E+00,-55.26E+00,+49.79E+00,-3.579E+00
2,09/2/2026,14:58:41.746,-0.09E+00,-0.05E+00,+0.05E+00,+0.00E+00,+4.87E+00,-56.31E+00,+51.06E+00,-3.533E+00
2,09/2/2026,14:58:41.746,-0.14E+00,-0.05E+00,+0.05E+00,-0.05E+00,+4.65E+00,-57.36E+00,+52.34E+00,-3.487E+00
2,09/2/2026,14:58:41.746,-0.09E+00,-0.05E+00,+0.05E+00,+0.00E+00,+4.43E+00,-58.42E+00,+53.61E+00,-3.441E+00
2,09/2/2026,14:58:41.746,-0.09E+00,-0.05E+00,+0.05E+00,+0.00E+00,+4.21E+00,-59.45E+00,+54.88E+00,-3.395E+00
2,09/2/2026,14:58:41.746,-0.09E+00,-0.05E+00,+0.05E+00,+0.00E+00,+3.98E+00,-60.49E+00,+56.13E+00,-3.342E+00
2,09/2/2026,14:58:41.746,-0.09E+00,-0.05E+00,+0.05E+00,+0.00E+00,+3.75E+00,-61.51E+00,+57.38E+00,-3.289E+00
2,09/2/2026,14:58:41.746,-0.09E+00,-0.05E+00,+0.05E+00,+0.00E+00,+3.53E+00,-62.52E+00,+58.61E+00,-3.228E+00
2,09/2/2026,14:58:41.746,-0.09E+00,-0.05E+00,+0.05E+00,-0.05E+00,+3.30E+00,-63.51E+00,+59.85E+00,-3.166E+00
2,09/2/2026,14:58:41.746,-0.14E+00,-0.05E+00,+0.05E+00,-0.05E+00,+3.04E+00,-64.50E+00,+61.07E+00,-3.098E+00
2,09/2/2026,14:58:41.746,-0.14E+00,-0.05E+00,+0.05E+00,+0.00E+00,+2.79E+00,-65.45E+00,+62.28E+00,-3.037E+00
2,09/2/2026,14:58:41.746,-0.09E+00,-0.05E+00,+0.05E+00,+0.00E+00,+2.55E+00,-66.41E+00,+63.48E+00,-2.976E+00
2,09/2/2026,14:58:41.746,-0.09E+00,-0.05E+00,+0.05E+00,+0.00E+00,+2.30E+00,-67.36E+00,+64.67E+00,-2.907E+00
2,09/2/2026,14:58:41.746,-0.14E+00,-0.05E+00,+0.05E+00,+0.00E+00,+2.06E+00,-68.29E+00,+65.86E+00,-2.846E+00
2,09/2/2026,14:58:41.746,-0.14E+00,-0.05E+00,+0.05E+00,-0.05E+00,+1.82E+00,-69.22E+00,+67.04E+00,-2.777E+00
2,09/2/2026,14:58:41.746,-0.09E+00,-0.05E+00,+0.05E+00,-0.05E+00,+1.56E+00,-70.14E+00,+68.21E+00,-2.709E+00
2,09/2/2026,14:58:41.746,-0.09E+00,-0.05E+00,+0.05E+00,-0.05E+00,+1.31E+00,-71.04E+00,+69.36E+00,-2.632E+00
2,09/2/2026,14:58:41.747,-0.09E+00,-0.05E+00,+0.05E+00,+0.00E+00,+1.04E+00,-71.92E+00,+70.50E+00,-2.564E+00
2,09/2/2026,14:58:41.747,-0.09E+00,-0.05E+00,+0.05E+00,+0.00E+00,+0.78E+00,-72.81E+00,+71.63E+00,-2.487E+00
2,09/2/2026,14:58:41.747,-0.14E+00,-0.05E+00,+0.05E+00,-0.05E+00,+0.53E+00,-73.66E+00,+72.76E+00,-2.411E+00
2,09/2/2026,14:58:41.747,-0.14E+00,-0.05E+00,+0.05E+00,-0.05E+00,+0.27E+00,-74.52E+00,+73.87E+00,-2.335E+00
2,09/2/2026,14:58:41.747,-0.09E+00,-0.05E+00,+0.05E+00,-0.05E+00,+0.02E+00,-75.35E+00,+74.96E+00,-2.259E+00
2,09/2/2026,14:58:41.747,-0.09E+00,-0.05E+00,+0.05E+00,-0.05E+00,-0.24E+00,-76.18E+00,+76.04E+00,-2.175E+00
2,09/2/2026,14:58:41.747,-0.09E+00,-0.05E+00,+0.05E+00,+0.00E+00,-0.50E+00,-76.99E+00,+77.12E+00,-2.098E+00
2,09/2/2026,14:58:41.747,-0.09E+00,-0.05E+00,+0.05E+00,+0.00E+00,-0.76E+00,-77.80E+00,+78.18E+00,-2.022E+00
2,09/2/2026,14:58:41.747,-0.09E+00,-0.05E+00,+0.05E+00,+0.00E+00,-1.02E+00,-78.59E+00,+79.23E+00,-1.938E+00
2,09/2/2026,14:58:41.747,-0.14E+00,-0.05E+00,+0.05E+00,+0.00E+00,-1.28E+00,-79.37E+00,+80.27E+00,-1.854E+00
2,09/2/2026,14:58:41.747,-0.14E+00,-0.05E+00,+0.05E+00,-0.05E+00,-1.56E+00,-80.12E+00,+81.31E+00,-1.778E+00
2,09/2/2026,14:58:41.747,-0.14E+00,-0.05E+00,+0.05E+00,-0.05E+00,-1.82E+00,-80.86E+00,+82.30E+00,-1.702E+00
2,09/2/2026,14:58:41.747,-0.09E+00,-0.05E+00,+0.05E+00,+0.00E+00,-2.08E+00,-81.61E+00,+83.29E+00,-1.625E+00
2,09/2/2026,14:58:41.747,-0.09E+00,-0.05E+00,+0.05E+00,+0.00E+00,-2.33E+00,-82.33E+00,+84.28E+00,-1.541E+00
2,09/2/2026,14:58:41.747,-0.14E+00,-0.05E+00,+0.05E+00,-0.05E+00,-2.59E+00,-83.03E+00,+85.24E+00,-1.465E+00
2,09/2/2026,14:58:41.747,-0.14E+00,-0.05E+00,+0.05E+00,+0.00E+00,-2.84E+00,-83.72E+00,+86.19E+00,-1.389E+00
2,09/2/2026,14:58:41.747,-0.09E+00,-0.05E+00,+0.05E+00,+0.00E+00,-3.10E+00,-84.40E+00,+87.12E+00,-1.305E+00
2,09/2/2026,14:58:41.747,-0.14E+00,-0.05E+00,+0.05E+00,-0.05E+00,-3.34E+00,-85.06E+00,+88.02E+00,-1.228E+00
2,09/2/2026,14:58:41.747,-0.14E+00,-0.05E+00,+0.05E+00,+0.00E+00,-3.59E+00,-85.72E+00,+88.92E+00,-1.145E+00
2,09/2/2026,14:58:41.747,-0.14E+00,-0.05E+00,+0.05E+00,-0.05E+00,-3.83E+00,-86.34E+00,+89.81E+00,-1.076E+00
2,09/2/2026,14:58:41.748,-0.09E+00,-0.05E+00,+0.05E+00,-0.05E+00,-4.07E+00,-86.97E+00,+90.66E+00,-0.992E+00
2,09/2/2026,14:58:41.748,-0.09E+00,-0.05E+00,+0.05E+00,-0.05E+00,-4.30E+00,-87.56E+00,+91.50E+00,-0.908E+00
2,09/2/2026,14:58:41.748,-0.09E+00,-0.05E+00,+0.05E+00,-0.05E+00,-4.55E+00,-88.16E+00,+92.32E+00,-0.832E+00
2,09/2/2026,14:58:41.748,-0.09E+00,-0.05E+00,+0.05E+00,+0.00E+00,-4.78E+00,-88.74E+00,+93.15E+00,-0.748E+00
2,09/2/2026,14:58:41.748,-0.09E+00,-0.05E+00,+0.05E+00,+0.00E+00,-5.01E+00,-89.30E+00,+93.94E+00,-0.671E+00
2,09/2/2026,14:58:41.748,-0.09E+00,-0.05E+00,+0.05E+00,+0.00E+00,-5.23E+00,-89.85E+00,+94.72E+00,-0.595E+00
2,09/2/2026,14:58:41.748,-0.14E+00,-0.05E+00,+0.05E+00,-0.05E+00,-5.45E+00,-90.39E+00,+95.47E+00,-0.519E+00
2,09/2/2026,14:58:41.748,-0.14E+00,-0.05E+00,+0.05E+00,-0.05E+00,-5.68E+00,-90.90E+00,+96.23E+00,-0.443E+00
2,09/2/2026,14:58:41.748,-0.14E+00,-0.05E+00,+0.05E+00,-0.05E+00,-5.91E+00,-91.41E+00,+96.96E+00,-0.359E+00
2,09/2/2026,14:58:41.748,-0.09E+00,-0.05E+00,+0.05E+00,+0.00E+00,-6.12E+00,-91.91E+00,+97.67E+00,-0.282E+00
2,09/2/2026,14:58:41.748,-0.09E+00,-0.05E+00,+0.05E+00,+0.00E+00,-6.35E+00,-92.39E+00,+98.37E+00,-0.206E+00
2,09/2/2026,14:58:41.748,-0.09E+00,-0.05E+00,+0.05E+00,-0.05E+00,-6.56E+00,-92.86E+00,+99.05E+00,-0.130E+00
2,09/2/2026,14:58:41.748,-0.09E+00,-0.05E+00,+0.05E+00,+0.00E+00,-6.78E+00,-93.32E+00,+99.71E+00,-0.061E+00
2,09/2/2026,14:58:41.748,-0.09E+00,-0.05E+00,+0.05E+00,+0.00E+00,-6.99E+00,-93.74E+00,+100.35E+00,+0.023E+00
2,09/2/2026,14:58:41.748,-0.09E+00,-0.05E+00,+0.05E+00,+0.00E+00,-7.20E+00,-94.16E+00,+100.99E+00,+0.099E+00
2,09/2/2026,14:58:41.748,-0.09E+00,-0.05E+00,+0.05E+00,+0.00E+00,-7.42E+00,-94.55E+00,+101.60E+00,+0.175E+00
2,09/2/2026,14:58:41.748,-0.09E+00,-0.05E+00,+0.05E+00,+0.00E+00,-7.65E+00,-94.93E+00,+102.18E+00,+0.244E+00
2,09/2/2026,14:58:41.748,-0.09E+00,-0.05E+00,+0.05E+00,+0.00E+00,-7.86E+00,-95.30E+00,+102.78E+00,+0.320E+00
2,09/2/2026,14:58:41.748,-0.09E+00,-0.05E+00,+0.05E+00,-0.05E+00,-8.06E+00,-95.65E+00,+103.34E+00,+0.397E+00
2,09/2/2026,14:58:41.748,-0.09E+00,-0.05E+00,+0.05E+00,-0.05E+00,-8.27E+00,-95.97E+00,+103.88E+00,+0.465E+00
2,09/2/2026,14:58:41.749,-0.14E+00,-0.05E+00,+0.05E+00,+0.00E+00,-8.48E+00,-96.29E+00,+104.39E+00,+0.542E+00
2,09/2/2026,14:58:41.749,-0.09E+00,-0.05E+00,+0.05E+00,+0.00E+00,-8.70E+00,-96.58E+00,+104.91E+00,+0.618E+00
2,09/2/2026,14:58:41.749,-0.09E+00,-0.05E+00,+0.05E+00,-0.05E+00,-8.91E+00,-96.87E+00,+105.40E+00,+0.687E+00
2,09/2/2026,14:58:41.749,-0.09E+00,-0.05E+00,+0.05E+00,+0.00E+00,-9.11E+00,-97.15E+00,+105.88E+00,+0.763E+00
2,09/2/2026,14:58:41.749,-0.14E+00,-0.05E+00,+0.05E+00,+0.00E+00,-9.32E+00,-97.39E+00,+106.33E+00,+0.847E+00
2,09/2/2026,14:58:41.749,-0.09E+00,-0.05E+00,+0.05E+00,+0.00E+00,-9.54E+00,-97.62E+00,+106.78E+00,+0.923E+00
2,09/2/2026,14:58:41.749,-0.09E+00,-0.05E+00,+0.05E+00,-0.05E+00,-9.75E+00,-97.83E+00,+107.20E+00,+1.007E+00
2,09/2/2026,14:58:41.749,-0.09E+00,-0.05E+00,+0.05E+00,+0.00E+00,-9.96E+00,-98.02E+00,+107.61E+00,+1.091E+00
2,09/2/2026,14:58:41.749,-0.09E+00,-0.05E+00,+0.05E+00,+0.00E+00,-10.18E+00,-98.18E+00,+108.01E+00,+1.175E+00
2,09/2/2026,14:58:41.749,-0.09E+00,-0.05E+00,+0.05E+00,+0.00E+00,-10.41E+00,-98.35E+00,+108.38E+00,+1.251E+00
2,09/2/2026,14:58:41.749,-0.09E+00,-0.05E+00,+0.05E+00,+0.00E+00,-10.62E+00,-98.49E+00,+108.74E+00,+1.335E+00
2,09/2/2026,14:58:41.749,-0.14E+00,-0.05E+00,+0.05E+00,+0.00E+00,-10.82E+00,-98.63E+00,+109.10E+00,+1.412E+00
2,09/2/2026,14:58:41.749,-0.14E+00,-0.05E+00,+0.05E+00,+0.00E+00,-11.03E+00,-98.75E+00,+109.40E+00,+1.488E+00
2,09/2/2026,14:58:41.749,-0.09E+00,-0.05E+00,+0.05E+00,+0.00E+00,-11.23E+00,-98.84E+00,+109.71E+00,+1.564E+00
2,09/2/2026,14:58:41.749,-0.09E+00,-0.05E+00,+0.05E+00,+0.00E+00,-11.41E+00,-98.93E+00,+110.00E+00,+1.640E+00
2,09/2/2026,14:58:41.749,-0.09E+00,-0.05E+00,+0.05E+00,+0.00E+00,-11.61E+00,-99.01E+00,+110.25E+00,+1.709E+00
2,09/2/2026,14:58:41.749,-0.09E+00,-0.05E+00,+0.05E+00,+0.00E+00,-11.80E+00,-99.05E+00,+110.48E+00,+1.785E+00
2,09/2/2026,14:58:41.749,-0.14E+00,-0.05E+00,+0.05E+00,-0.05E+00,-11.96E+00,-99.08E+00,+110.70E+00,+1.862E+00
2,09/2/2026,14:58:41.749,-0.14E+00,-0.05E+00,+0.05E+00,-0.05E+00,-12.15E+00,-99.08E+00,+110.87E+00,+1.938E+00
2,09/2/2026,14:58:41.749,-0.09E+00,-0.05E+00,+0.05E+00,+0.00E+00,-12.31E+00,-99.07E+00,+111.00E+00,+2.014E+00
2,09/2/2026,14:58:41.750,-0.09E+00,-0.05E+00,+0.05E+00,+0.00E+00,-12.48E+00,-99.01E+00,+111.12E+00,+2.098E+00
2,09/2/2026,14:58:41.750,-0.09E+00,-0.05E+00,+0.05E+00,+0.00E+00,-12.64E+00,-98.93E+00,+111.20E+00,+2.175E+00
2,09/2/2026,14:58:41.750,-0.09E+00,-0.05E+00,+0.05E+00,+0.00E+00,-12.77E+00,-98.82E+00,+111.25E+00,+2.251E+00
2,09/2/2026,14:58:41.750,-0.14E+00,-0.05E+00,+0.05E+00,-0.05E+00,-12.91E+00,-98.70E+00,+111.25E+00,+2.327E+00
2,09/2/2026,14:58:41.750,-0.09E+00,-0.05E+00,+0.05E+00,-0.05E+00,-13.05E+00,-98.55E+00,+111.23E+00,+2.396E+00
2,09/2/2026,14:58:41.750,-0.09E+00,-0.05E+00,+0.05E+00,-0.05E+00,-13.17E+00,-98.38E+00,+111.19E+00,+2.472E+00
2,09/2/2026,14:58:41.750,-0.09E+00,-0.05E+00,+0.05E+00,+0.00E+00,-13.29E+00,-98.18E+00,+111.12E+00,+2.541E+00
2,09/2/2026,14:58:41.750,-0.09E+00,-0.09E+00,+0.05E+00,+0.00E+00,-13.43E+00,-97.97E+00,+111.05E+00,+2.609E+00
2,09/2/2026,14:58:41.750,-0.09E+00,-0.05E+00,+0.05E+00,+0.00E+00,-13.55E+00,-97.74E+00,+110.94E+00,+2.678E+00
2,09/2/2026,14:58:41.750,-0.09E+00,-0.05E+00,+0.05E+00,-0.05E+00,-13.67E+00,-97.48E+00,+110.80E+00,+2.754E+00
2,09/2/2026,14:58:41.750,-0.09E+00,-0.05E+00,+0.05E+00,-0.05E+00,-13.80E+00,-97.22E+00,+110.67E+00,+2.823E+00
2,09/2/2026,14:58:41.750,-0.14E+00,-0.05E+00,+0.05E+00,+0.00E+00,-13.92E+00,-96.92E+00,+110.48E+00,+2.884E+00
2,09/2/2026,14:58:41.750,-0.09E+00,-0.05E+00,+0.05E+00,+0.00E+00,-14.04E+00,-96.60E+00,+110.29E+00,+2.960E+00
2,09/2/2026,14:58:41.750,-0.09E+00,-0.05E+00,+0.05E+00,+0.00E+00,-14.15E+00,-96.26E+00,+110.04E+00,+3.029E+00
2,09/2/2026,14:58:41.750,-0.14E+00,-0.05E+00,+0.05E+00,+0.00E+00,-14.24E+00,-95.90E+00,+109.78E+00,+3.098E+00
2,09/2/2026,14:58:41.750,-0.14E+00,-0.05E+00,+0.05E+00,-0.05E+00,-14.34E+00,-95.50E+00,+109.49E+00,+3.166E+00
2,09/2/2026,14:58:41.750,-0.09E+00,-0.05E+00,+0.05E+00,-0.05E+00,-14.44E+00,-95.07E+00,+109.17E+00,+3.235E+00
2,09/2/2026,14:58:41.750,-0.09E+00,-0.05E+00,+0.05E+00,+0.00E+00,-14.53E+00,-94.64E+00,+108.81E+00,+3.304E+00
2,09/2/2026,14:58:41.750,-0.09E+00,-0.05E+00,+0.05E+00,+0.00E+00,-14.62E+00,-94.17E+00,+108.42E+00,+3.373E+00
2,09/2/2026,14:58:41.750,-0.09E+00,-0.05E+00,+0.05E+00,+0.00E+00,-14.70E+00,-93.68E+00,+108.01E+00,+3.434E+00
2,09/2/2026,14:58:41.751,-0.14E+00,-0.05E+00,+0.05E+00,-0.05E+00,-14.77E+00,-93.18E+00,+107.58E+00,+3.502E+00
2,09/2/2026,14:58:41.751,-0.14E+00,-0.05E+00,+0.05E+00,+0.00E+00,-14.86E+00,-92.63E+00,+107.14E+00,+3.563E+00
2,09/2/2026,14:58:41.751,-0.14E+00,-0.05E+00,+0.05E+00,+0.00E+00,-14.94E+00,-92.06E+00,+106.65E+00,+3.617E+00
2,09/2/2026,14:58:41.751,-0.09E+00,-0.05E+00,+0.05E+00,-0.05E+00,-15.00E+00,-91.50E+00,+106.15E+00,+3.678E+00
2,09/2/2026,14:58:41.751,-0.09E+00,-0.05E+00,+0.05E+00,+0.00E+00,-15.08E+00,-90.90E+00,+105.65E+00,+3.731E+00
2,09/2/2026,14:58:41.751,-0.09E+00,-0.05E+00,+0.05E+00,+0.00E+00,-15.15E+00,-90.29E+00,+105.11E+00,+3.792E+00
2,09/2/2026,14:58:41.751,-0.09E+00,-0.05E+00,+0.05E+00,+0.00E+00,-15.21E+00,-89.67E+00,+104.55E+00,+3.846E+00
2,09/2/2026,14:58:41.751,-0.14E+00,-0.05E+00,+0.05E+00,+0.00E+00,-15.28E+00,-89.01E+00,+103.95E+00,+3.899E+00
2,09/2/2026,14:58:41.751,-0.14E+00,-0.05E+00,+0.05E+00,-0.05E+00,-15.32E+00,-88.34E+00,+103.34E+00,+3.952E+00
2,09/2/2026,14:58:41.751,-0.14E+00,-0.05E+00,+0.05E+00,+0.00E+00,-15.38E+00,-87.65E+00,+102.72E+00,+4.006E+00
2,09/2/2026,14:58:41.751,-0.09E+00,-0.05E+00,+0.05E+00,+0.00E+00,-15.44E+00,-86.97E+00,+102.06E+00,+4.052E+00
2,09/2/2026,14:58:41.751,-0.09E+00,-0.05E+00,+0.05E+00,+0.00E+00,-15.49E+00,-86.24E+00,+101.39E+00,+4.097E+00
2,09/2/2026,14:58:41.751,-0.14E+00,-0.05E+00,+0.05E+00,-0.05E+00,-15.52E+00,-85.49E+00,+100.69E+00,+4.136E+00
2,09/2/2026,14:58:41.751,-0.14E+00,-0.05E+00,+0.05E+00,-0.05E+00,-15.57E+00,-84.74E+00,+99.97E+00,+4.181E+00
2,09/2/2026,14:58:41.751,-0.09E+00,-0.05E+00,+0.05E+00,-0.05E+00,-15.60E+00,-83.96E+00,+99.22E+00,+4.227E+00
2,09/2/2026,14:58:41.751,-0.14E+00,-0.05E+00,+0.05E+00,-0.05E+00,-15.63E+00,-83.17E+00,+98.46E+00,+4.265E+00
2,09/2/2026,14:58:41.751,-0.09E+00,-0.05E+00,+0.05E+00,+0.00E+00,-15.66E+00,-82.37E+00,+97.70E+00,+4.319E+00
2,09/2/2026,14:58:41.751,-0.09E+00,-0.05E+00,+0.05E+00,+0.00E+00,-15.67E+00,-81.55E+00,+96.90E+00,+4.364E+00
2,09/2/2026,14:58:41.751,-0.14E+00,-0.05E+00,+0.05E+00,-0.05E+00,-15.70E+00,-80.71E+00,+96.08E+00,+4.403E+00
2,09/2/2026,14:58:41.751,-0.14E+00,-0.05E+00,+0.05E+00,+0.00E+00,-15.72E+00,-79.86E+00,+95.25E+00,+4.448E+00
2,09/2/2026,14:58:41.752,-0.09E+00,-0.05E+00,+0.05E+00,+0.00E+00,-15.75E+00,-79.00E+00,+94.41E+00,+4.486E+00
2,09/2/2026,14:58:41.752,-0.09E+00,-0.05E+00,+0.05E+00,+0.00E+00,-15.76E+00,-78.12E+00,+93.54E+00,+4.517E+00
2,09/2/2026,14:58:41.752,-0.09E+00,-0.05E+00,+0.05E+00,+0.00E+00,-15.78E+00,-77.22E+00,+92.66E+00,+4.555E+00
2,09/2/2026,14:58:41.752,-0.09E+00,-0.05E+00,+0.05E+00,+0.00E+00,-15.79E+00,-76.30E+00,+91.76E+00,+4.601E+00
2,09/2/2026,14:58:41.752,-0.14E+00,-0.05E+00,+0.05E+00,+0.00E+00,-15.81E+00,-75.37E+00,+90.84E+00,+4.639E+00
2,09/2/2026,14:58:41.752,-0.09E+00,-0.05E+00,+0.05E+00,-0.05E+00,-15.81E+00,-74.44E+00,+89.91E+00,+4.677E+00
2,09/2/2026,14:58:41.752,-0.09E+00,-0.05E+00,+0.05E+00,-0.05E+00,-15.81E+00,-73.48E+00,+88.95E+00,+4.708E+00
2,09/2/2026,14:58:41.752,-0.09E+00,-0.05E+00,+0.05E+00,-0.05E+00,-15.82E+00,-72.50E+00,+87.99E+00,+4.738E+00
2,09/2/2026,14:58:41.752,-0.09E+00,-0.05E+00,+0.05E+00,+0.00E+00,-15.82E+00,-71.51E+00,+87.00E+00,+4.776E+00
2,09/2/2026,14:58:41.752,-0.14E+00,-0.05E+00,+0.05E+00,+0.00E+00,-15.82E+00,-70.50E+00,+86.01E+00,+4.807E+00
2,09/2/2026,14:58:41.752,-0.14E+00,-0.05E+00,+0.05E+00,+0.00E+00,-15.82E+00,-69.49E+00,+84.98E+00,+4.837E+00
2,09/2/2026,14:58:41.752,-0.09E+00,-0.05E+00,+0.05E+00,+0.00E+00,-15.82E+00,-68.46E+00,+83.95E+00,+4.876E+00
2,09/2/2026,14:58:41.752,-0.09E+00,-0.05E+00,+0.05E+00,+0.00E+00,-15.82E+00,-67.40E+00,+82.88E+00,+4.906E+00
2,09/2/2026,14:58:41.752,-0.09E+00,-0.05E+00,+0.05E+00,+0.00E+00,-15.81E+00,-66.34E+00,+81.79E+00,+4.937E+00
2,09/2/2026,14:58:41.752,-0.09E+00,-0.05E+00,+0.05E+00,+0.00E+00,-15.79E+00,-65.24E+00,+80.71E+00,+4.967E+00
2,09/2/2026,14:58:41.752,-0.14E+00,-0.05E+00,+0.05E+00,+0.00E+00,-15.78E+00,-64.14E+00,+79.58E+00,+5.005E+00
2,09/2/2026,14:58:41.752,-0.14E+00,-0.09E+00,+0.05E+00,-0.05E+00,-15.76E+00,-63.01E+00,+78.44E+00,+5.036E+00
2,09/2/2026,14:58:41.752,-0.09E+00,-0.05E+00,+0.05E+00,-0.05E+00,-15.75E+00,-61.86E+00,+77.28E+00,+5.066E+00
2,09/2/2026,14:58:41.752,-0.09E+00,+0.00E+00,+0.05E+00,-0.05E+00,-15.72E+00,-60.71E+00,+76.12E+00,+5.097E+00
2,09/2/2026,14:58:41.752,-0.09E+00,-0.05E+00,+0.05E+00,+0.00E+00,-15.69E+00,-59.55E+00,+74.91E+00,+5.120E+00
2,09/2/2026,14:58:41.753,-0.09E+00,-0.05E+00,+0.05E+00,+0.00E+00,-15.66E+00,-58.37E+00,+73.71E+00,+5.143E+00
2,09/2/2026,14:58:41.753,-0.09E+00,-0.05E+00,+0.05E+00,-0.05E+00,-15.61E+00,-57.20E+00,+72.49E+00,+5.173E+00
2,09/2/2026,14:58:41.753,-0.09E+00,-0.05E+00,+0.05E+00,+0.00E+00,-15.55E+00,-56.00E+00,+71.25E+00,+5.196E+00
2,09/2/2026,14:58:41.753,-0.09E+00,-0.05E+00,+0.05E+00,-0.05E+00,-15.50E+00,-54.81E+00,+70.00E+00,+5.211E+00
2,09/2/2026,14:58:41.753,-0.09E+00,-0.05E+00,+0.05E+00,+0.00E+00,-15.43E+00,-53.62E+00,+68.73E+00,+5.219E+00
2,09/2/2026,14:58:41.753,-0.09E+00,-0.05E+00,+0.05E+00,+0.00E+00,-15.35E+00,-52.40E+00,+67.43E+00,+5.227E+00
2,09/2/2026,14:58:41.753,-0.09E+00,-0.05E+00,+0.05E+00,+0.00E+00,-15.28E+00,-51.20E+00,+66.14E+00,+5.242E+00
2,09/2/2026,14:58:41.753,-0.14E+00,-0.05E+00,+0.05E+00,+0.00E+00,-15.18E+00,-49.96E+00,+64.83E+00,+5.250E+00
2,09/2/2026,14:58:41.753,-0.14E+00,-0.05E+00,+0.05E+00,-0.05E+00,-15.09E+00,-48.73E+00,+63.48E+00,+5.257E+00
2,09/2/2026,14:58:41.753,-0.14E+00,-0.05E+00,+0.05E+00,-0.05E+00,-15.00E+00,-47.49E+00,+62.14E+00,+5.265E+00
2,09/2/2026,14:58:41.753,-0.09E+00,-0.05E+00,+0.05E+00,+0.00E+00,-14.88E+00,-46.24E+00,+60.78E+00,+5.272E+00
2,09/2/2026,14:58:41.753,-0.09E+00,-0.05E+00,+0.05E+00,+0.00E+00,-14.77E+00,-44.97E+00,+59.39E+00,+5.272E+00
2,09/2/2026,14:58:41.753,-0.14E+00,-0.05E+00,+0.05E+00,-0.05E+00,-14.65E+00,-43.71E+00,+58.00E+00,+5.272E+00
2,09/2/2026,14:58:41.753,-0.14E+00,-0.05E+00,+0.05E+00,-0.05E+00,-14.53E+00,-42.42E+00,+56.60E+00,+5.272E+00
2,09/2/2026,14:58:41.753,-0.09E+00,-0.05E+00,+0.05E+00,-0.05E+00,-14.41E+00,-41.13E+00,+55.20E+00,+5.272E+00
2,09/2/2026,14:58:41.753,-0.09E+00,-0.05E+00,+0.05E+00,-0.05E+00,-14.27E+00,-39.83E+00,+53.75E+00,+5.265E+00
2,09/2/2026,14:58:41.753,-0.14E+00,-0.05E+00,+0.05E+00,+0.00E+00,-14.13E+00,-38.53E+00,+52.31E+00,+5.257E+00
2,09/2/2026,14:58:41.753,-0.09E+00,-0.05E+00,+0.05E+00,+0.00E+00,-13.99E+00,-37.22E+00,+50.88E+00,+5.250E+00
2,09/2/2026,14:58:41.753,-0.09E+00,-0.05E+00,+0.05E+00,-0.05E+00,-13.86E+00,-35.89E+00,+49.41E+00,+5.242E+00
2,09/2/2026,14:58:41.753,-0.14E+00,-0.05E+00,+0.05E+00,-0.05E+00,-13.70E+00,-34.58E+00,+47.95E+00,+5.227E+00
2,09/2/2026,14:58:41.754,-0.14E+00,-0.05E+00,+0.05E+00,+0.00E+00,-13.55E+00,-33.25E+00,+46.47E+00,+5.219E+00
2,09/2/2026,14:58:41.754,-0.09E+00,-0.05E+00,+0.05E+00,+0.00E+00,-13.38E+00,-31.92E+00,+44.97E+00,+5.204E+00
2,09/2/2026,14:58:41.754,-0.09E+00,-0.05E+00,+0.05E+00,-0.05E+00,-13.22E+00,-30.57E+00,+43.46E+00,+5.181E+00
2,09/2/2026,14:58:41.754,-0.09E+00,-0.05E+00,+0.05E+00,+0.00E+00,-13.06E+00,-29.21E+00,+41.93E+00,+5.166E+00
2,09/2/2026,14:58:41.754,-0.09E+00,-0.05E+00,+0.05E+00,+0.00E+00,-12.88E+00,-27.85E+00,+40.42E+00,+5.150E+00
2,09/2/2026,14:58:41.754,-0.14E+00,-0.05E+00,+0.05E+00,+0.00E+00,-12.71E+00,-26.49E+00,+38.88E+00,+5.135E+00
2,09/2/2026,14:58:41.754,-0.14E+00,-0.05E+00,+0.05E+00,+0.00E+00,-12.54E+00,-25.13E+00,+37.34E+00,+5.112E+00
2,09/2/2026,14:58:41.754,-0.09E+00,-0.05E+00,+0.05E+00,+0.00E+00,-12.36E+00,-23.76E+00,+35.80E+00,+5.097E+00
2,09/2/2026,14:58:41.754,-0.09E+00,-0.05E+00,+0.05E+00,+0.00E+00,-12.18E+00,-22.39E+00,+34.24E+00,+5.074E+00
2,09/2/2026,14:58:41.754,-0.09E+00,-0.05E+00,+0.05E+00,+0.00E+00,-12.01E+00,-21.01E+00,+32.70E+00,+5.051E+00
2,09/2/2026,14:58:41.754,-0.14E+00,-0.05E+00,+0.05E+00,+0.00E+00,-11.83E+00,-19.64E+00,+31.15E+00,+5.028E+00
2,09/2/2026,14:58:41.754,-0.14E+00,-0.05E+00,+0.05E+00,-0.05E+00,-11.64E+00,-18.27E+00,+29.59E+00,+4.998E+00
2,09/2/2026,14:58:41.754,-0.14E+00,-0.05E+00,+0.05E+00,-0.05E+00,-11.46E+00,-16.88E+00,+28.02E+00,+4.967E+00
2,09/2/2026,14:58:41.754,-0.09E+00,-0.05E+00,+0.05E+00,-0.05E+00,-11.28E+00,-15.50E+00,+26.45E+00,+4.944E+00
2,09/2/2026,14:58:41.754,-0.09E+00,-0.05E+00,+0.05E+00,-0.05E+00,-11.09E+00,-14.13E+00,+24.89E+00,+4.914E+00
2,09/2/2026,14:58:41.754,-0.09E+00,-0.05E+00,+0.05E+00,+0.00E+00,-10.91E+00,-12.76E+00,+23.32E+00,+4.883E+00
2,09/2/2026,14:58:41.754,-0.14E+00,-0.05E+00,+0.05E+00,+0.00E+00,-10.71E+00,-11.37E+00,+21.73E+00,+4.853E+00
2,09/2/2026,14:58:41.754,-0.14E+00,-0.05E+00,+0.05E+00,+0.00E+00,-10.53E+00,-10.00E+00,+20.16E+00,+4.822E+00
2,09/2/2026,14:58:41.754,-0.09E+00,-0.05E+00,+0.05E+00,-0.05E+00,-10.35E+00,-8.61E+00,+18.59E+00,+4.784E+00
2,09/2/2026,14:58:41.754,-0.09E+00,-0.05E+00,+0.05E+00,-0.05E+00,-10.16E+00,-7.23E+00,+17.03E+00,+4.754E+00
2,09/2/2026,14:58:41.755,-0.09E+00,-0.05E+00,+0.05E+00,-0.05E+00,-9.96E+00,-5.84E+00,+15.46E+00,+4.723E+00
2,09/2/2026,14:58:41.755,-0.09E+00,-0.05E+00,+0.05E+00,+0.00E+00,-9.77E+00,-4.47E+00,+13.90E+00,+4.685E+00
2,09/2/2026,14:58:41.755,-0.09E+00,-0.05E+00,+0.05E+00,+0.00E+00,-9.58E+00,-3.10E+00,+12.33E+00,+4.647E+00
2,09/2/2026,14:58:41.755,-0.14E+00,-0.05E+00,+0.05E+00,-0.05E+00,-9.40E+00,-1.72E+00,+10.77E+00,+4.616E+00
2,09/2/2026,14:58:41.755,-0.14E+00,-0.05E+00,+0.05E+00,+0.00E+00,-9.20E+00,-0.34E+00,+9.20E+00,+4.578E+00
2,09/2/2026,14:58:41.755,-0.14E+00,-0.05E+00,+0.05E+00,+0.00E+00,-9.02E+00,+1.04E+00,+7.65E+00,+4.540E+00
2,09/2/2026,14:58:41.755,-0.09E+00,-0.05E+00,+0.05E+00,-0.05E+00,-8.82E+00,+2.40E+00,+6.07E+00,+4.502E+00
2,09/2/2026,14:58:41.755,-0.09E+00,-0.05E+00,+0.05E+00,+0.00E+00,-8.64E+00,+3.77E+00,+4.52E+00,+4.464E+00
2,09/2/2026,14:58:41.755,-0.09E+00,-0.05E+00,+0.05E+00,+0.00E+00,-8.45E+00,+5.13E+00,+2.96E+00,+4.425E+00
2,09/2/2026,14:58:41.755,-0.14E+00,-0.05E+00,+0.05E+00,-0.05E+00,-8.26E+00,+6.50E+00,+1.40E+00,+4.387E+00
2,09/2/2026,14:58:41.755,-0.14E+00,-0.05E+00,+0.05E+00,+0.00E+00,-8.06E+00,+7.87E+00,-0.17E+00,+4.357E+00
2,09/2/2026,14:58:41.755,-0.09E+00,-0.05E+00,+0.05E+00,+0.00E+00,-7.86E+00,+9.23E+00,-1.72E+00,+4.311E+00
2,09/2/2026,14:58:41.755,-0.09E+00,-0.05E+00,+0.05E+00,-0.05E+00,-7.66E+00,+10.59E+00,-3.28E+00,+4.273E+00
2,09/2/2026,14:58:41.755,-0.09E+00,-0.05E+00,+0.05E+00,+0.00E+00,-7.46E+00,+11.95E+00,-4.84E+00,+4.227E+00
2,09/2/2026,14:58:41.755,-0.14E+00,-0.05E+00,+0.05E+00,+0.00E+00,-7.26E+00,+13.29E+00,-6.38E+00,+4.189E+00
2,09/2/2026,14:58:41.755,-0.09E+00,-0.05E+00,+0.05E+00,+0.00E+00,-7.07E+00,+14.63E+00,-7.92E+00,+4.143E+00
2,09/2/2026,14:58:41.755,-0.14E+00,-0.05E+00,+0.05E+00,-0.05E+00,-6.87E+00,+15.98E+00,-9.48E+00,+4.097E+00
2,09/2/2026,14:58:41.755,-0.14E+00,-0.05E+00,+0.05E+00,-0.05E+00,-6.67E+00,+17.32E+00,-11.02E+00,+4.059E+00
2,09/2/2026,14:58:41.755,-0.09E+00,-0.05E+00,+0.05E+00,+0.00E+00,-6.47E+00,+18.65E+00,-12.56E+00,+4.013E+00
2,09/2/2026,14:58:41.756,-0.09E+00,-0.05E+00,+0.05E+00,-0.05E+00,-6.26E+00,+19.99E+00,-14.09E+00,+3.968E+00
2,09/2/2026,14:58:41.756,-0.09E+00,-0.05E+00,+0.05E+00,-0.05E+00,-6.04E+00,+21.32E+00,-15.63E+00,+3.922E+00
2,09/2/2026,14:58:41.756,-0.09E+00,-0.05E+00,+0.05E+00,+0.00E+00,-5.83E+00,+22.63E+00,-17.15E+00,+3.876E+00
2,09/2/2026,14:58:41.756,-0.09E+00,-0.05E+00,+0.05E+00,+0.00E+00,-5.62E+00,+23.96E+00,-18.69E+00,+3.830E+00
2,09/2/2026,14:58:41.756,-0.09E+00,-0.05E+00,+0.05E+00,+0.00E+00,-5.40E+00,+25.27E+00,-20.24E+00,+3.777E+00
2,09/2/2026,14:58:41.756,-0.14E+00,-0.05E+00,+0.05E+00,+0.00E+00,-5.17E+00,+26.58E+00,-21.78E+00,+3.731E+00
2,09/2/2026,14:58:41.756,-0.09E+00,-0.05E+00,+0.05E+00,+0.00E+00,-4.94E+00,+27.88E+00,-23.32E+00,+3.678E+00
2,09/2/2026,14:58:41.756,-0.09E+00,-0.05E+00,+0.05E+00,+0.00E+00,-4.73E+00,+29.18E+00,-24.84E+00,+3.632E+00
2,09/2/2026,14:58:41.756,-0.09E+00,-0.05E+00,+0.05E+00,-0.05E+00,-4.52E+00,+30.47E+00,-26.35E+00,+3.579E+00
2,09/2/2026,14:58:41.756,-0.14E+00,-0.05E+00,+0.05E+00,-0.05E+00,-4.27E+00,+31.77E+00,-27.87E+00,+3.525E+00
2,09/2/2026,14:58:41.756,-0.09E+00,-0.05E+00,+0.05E+00,+0.00E+00,-4.04E+00,+33.04E+00,-29.35E+00,+3.464E+00
2,09/2/2026,14:58:41.756,-0.09E+00,-0.05E+00,+0.05E+00,-0.05E+00,-3.83E+00,+34.27E+00,-30.83E+00,+3.395E+00
2,09/2/2026,14:58:41.756,-0.09E+00,-0.05E+00,+0.05E+00,+0.00E+00,-3.59E+00,+35.51E+00,-32.29E+00,+3.334E+00
2,09/2/2026,14:58:41.756,-0.09E+00,-0.05E+00,+0.05E+00,+0.00E+00,-3.34E+00,+36.72E+00,-33.74E+00,+3.266E+00
2,09/2/2026,14:58:41.756,-0.09E+00,-0.05E+00,+0.05E+00,-0.05E+00,-3.11E+00,+37.92E+00,-35.17E+00,+3.189E+00
2,09/2/2026,14:58:41.756,-0.14E+00,-0.05E+00,+0.05E+00,-0.05E+00,-2.87E+00,+39.10E+00,-36.59E+00,+3.121E+00
2,09/2/2026,14:58:41.756,-0.14E+00,-0.05E+00,+0.05E+00,+0.00E+00,-2.62E+00,+40.27E+00,-38.01E+00,+3.044E+00
2,09/2/2026,14:58:41.756,-0.14E+00,-0.05E+00,+0.05E+00,+0.00E+00,-2.37E+00,+41.43E+00,-39.42E+00,+2.976E+00
2,09/2/2026,14:58:41.756,-0.09E+00,-0.05E+00,+0.05E+00,+0.00E+00,-2.12E+00,+42.58E+00,-40.82E+00,+2.899E+00
2,09/2/2026,14:58:41.756,-0.09E+00,-0.05E+00,+0.05E+00,+0.00E+00,-1.86E+00,+43.71E+00,-42.21E+00,+2.831E+00
2,09/2/2026,14:58:41.757,-0.09E+00,-0.05E+00,+0.00E+00,+0.00E+00,-1.62E+00,+44.82E+00,-43.57E+00,+2.754E+00
2,09/2/2026,14:58:41.757,-0.09E+00,-0.05E+00,+0.05E+00,+0.00E+00,-1.34E+00,+45.92E+00,-44.93E+00,+2.678E+00
2,09/2/2026,14:58:41.757,-0.09E+00,-0.05E+00,+0.05E+00,+0.00E+00,-1.08E+00,+47.00E+00,-46.27E+00,+2.602E+00
2,09/2/2026,14:58:41.757,-0.09E+00,-0.05E+00,+0.05E+00,+0.00E+00,-0.82E+00,+48.07E+00,-47.60E+00,+2.526E+00
2,09/2/2026,14:58:41.757,-0.09E+00,-0.05E+00,+0.05E+00,+0.00E+00,-0.58E+00,+49.12E+00,-48.92E+00,+2.442E+00
2,09/2/2026,14:58:41.757,-0.09E+00,-0.05E+00,+0.05E+00,+0.00E+00,-0.31E+00,+50.16E+00,-50.22E+00,+2.365E+00
2,09/2/2026,14:58:41.757,-0.09E+00,-0.05E+00,+0.05E+00,+0.00E+00,-0.06E+00,+51.18E+00,-51.50E+00,+2.289E+00
2,09/2/2026,14:58:41.757,-0.14E+00,-0.05E+00,+0.05E+00,+0.00E+00,+0.20E+00,+52.21E+00,-52.77E+00,+2.213E+00
2,09/2/2026,14:58:41.757,-0.14E+00,-0.05E+00,+0.05E+00,+0.00E+00,+0.46E+00,+53.20E+00,-54.02E+00,+2.129E+00
2,09/2/2026,14:58:41.757,-0.14E+00,-0.05E+00,+0.05E+00,-0.05E+00,+0.72E+00,+54.17E+00,-55.26E+00,+2.045E+00
2,09/2/2026,14:58:41.757,-0.09E+00,-0.05E+00,+0.05E+00,+0.00E+00,+0.98E+00,+55.12E+00,-56.48E+00,+1.969E+00
2,09/2/2026,14:58:41.757,-0.09E+00,-0.05E+00,+0.05E+00,+0.00E+00,+1.25E+00,+56.07E+00,-57.68E+00,+1.885E+00
2,09/2/2026,14:58:41.757,-0.09E+00,-0.05E+00,+0.05E+00,-0.05E+00,+1.51E+00,+57.00E+00,-58.87E+00,+1.808E+00
2,09/2/2026,14:58:41.757,-0.14E+00,-0.05E+00,+0.05E+00,-0.05E+00,+1.77E+00,+57.91E+00,-60.05E+00,+1.724E+00
2,09/2/2026,14:58:41.757,-0.09E+00,-0.05E+00,+0.00E+00,+0.00E+00,+2.03E+00,+58.81E+00,-61.21E+00,+1.640E+00
2,09/2/2026,14:58:41.757,-0.09E+00,-0.05E+00,+0.05E+00,+0.00E+00,+2.29E+00,+59.70E+00,-62.35E+00,+1.549E+00
2,09/2/2026,14:58:41.757,-0.14E+00,-0.05E+00,+0.05E+00,+0.00E+00,+2.55E+00,+60.57E+00,-63.47E+00,+1.473E+00
2,09/2/2026,14:58:41.757,-0.09E+00,-0.05E+00,+0.05E+00,+0.00E+00,+2.79E+00,+61.41E+00,-64.58E+00,+1.389E+00
2,09/2/2026,14:58:41.757,-0.14E+00,-0.05E+00,+0.05E+00,+0.00E+00,+3.05E+00,+62.25E+00,-65.68E+00,+1.305E+00
2,09/2/2026,14:58:41.757,-0.14E+00,-0.05E+00,+0.05E+00,-0.05E+00,+3.30E+00,+63.07E+00,-66.75E+00,+1.228E+00
2,09/2/2026,14:58:41.758,-0.09E+00,-0.05E+00,+0.05E+00,+0.00E+00,+3.53E+00,+63.88E+00,-67.79E+00,+1.145E+00
2,09/2/2026,14:58:41.758,-0.09E+00,-0.05E+00,+0.05E+00,+0.00E+00,+3.77E+00,+64.67E+00,-68.82E+00,+1.061E+00
2,09/2/2026,14:58:41.758,-0.14E+00,-0.05E+00,+0.05E+00,+0.00E+00,+4.01E+00,+65.44E+00,-69.83E+00,+0.977E+00
2,09/2/2026,14:58:41.758,-0.09E+00,-0.05E+00,+0.05E+00,+0.00E+00,+4.24E+00,+66.20E+00,-70.81E+00,+0.900E+00
2,09/2/2026,14:58:41.758,-0.14E+00,-0.05E+00,+0.05E+00,-0.05E+00,+4.47E+00,+66.95E+00,-71.78E+00,+0.824E+00
2,09/2/2026,14:58:41.758,-0.14E+00,-0.05E+00,+0.05E+00,-0.05E+00,+4.72E+00,+67.65E+00,-72.75E+00,+0.740E+00
2,09/2/2026,14:58:41.758,-0.09E+00,-0.05E+00,+0.05E+00,-0.05E+00,+4.93E+00,+68.37E+00,-73.68E+00,+0.664E+00
2,09/2/2026,14:58:41.758,-0.09E+00,-0.05E+00,+0.05E+00,+0.00E+00,+5.16E+00,+69.05E+00,-74.59E+00,+0.588E+00
2,09/2/2026,14:58:41.758,-0.09E+00,-0.05E+00,+0.05E+00,+0.00E+00,+5.39E+00,+69.72E+00,-75.49E+00,+0.511E+00
2,09/2/2026,14:58:41.758,-0.09E+00,-0.05E+00,+0.05E+00,-0.05E+00,+5.62E+00,+70.38E+00,-76.36E+00,+0.435E+00
2,09/2/2026,14:58:41.758,-0.09E+00,-0.05E+00,+0.05E+00,-0.05E+00,+5.83E+00,+71.02E+00,-77.23E+00,+0.359E+00
2,09/2/2026,14:58:41.758,-0.14E+00,-0.05E+00,+0.05E+00,-0.05E+00,+6.04E+00,+71.65E+00,-78.07E+00,+0.282E+00
2,09/2/2026,14:58:41.758,-0.14E+00,-0.05E+00,+0.05E+00,-0.05E+00,+6.27E+00,+72.26E+00,-78.90E+00,+0.206E+00
2,09/2/2026,14:58:41.758,-0.09E+00,-0.05E+00,+0.05E+00,+0.00E+00,+6.49E+00,+72.84E+00,-79.70E+00,+0.122E+00
2,09/2/2026,14:58:41.758,-0.09E+00,-0.05E+00,+0.05E+00,+0.00E+00,+6.70E+00,+73.42E+00,-80.50E+00,+0.046E+00
2,09/2/2026,14:58:41.758,-0.09E+00,-0.05E+00,+0.05E+00,+0.00E+00,+6.91E+00,+73.98E+00,-81.26E+00,-0.031E+00
2,09/2/2026,14:58:41.758,-0.09E+00,-0.05E+00,+0.05E+00,+0.00E+00,+7.13E+00,+74.52E+00,-82.02E+00,-0.114E+00
2,09/2/2026,14:58:41.758,-0.09E+00,-0.05E+00,+0.05E+00,+0.00E+00,+7.34E+00,+75.03E+00,-82.76E+00,-0.191E+00
2,09/2/2026,14:58:41.758,-0.09E+00,-0.05E+00,+0.05E+00,-0.05E+00,+7.55E+00,+75.54E+00,-83.47E+00,-0.275E+00
2,09/2/2026,14:58:41.758,-0.09E+00,-0.05E+00,+0.05E+00,+0.00E+00,+7.77E+00,+76.03E+00,-84.18E+00,-0.351E+00
2,09/2/2026,14:58:41.759,-0.09E+00,-0.05E+00,+0.05E+00,+0.00E+00,+7.98E+00,+76.50E+00,-84.86E+00,-0.427E+00
2,09/2/2026,14:58:41.759,-0.09E+00,-0.05E+00,+0.05E+00,-0.05E+00,+8.19E+00,+76.94E+00,-85.52E+00,-0.504E+00
2,09/2/2026,14:58:41.759,-0.14E+00,-0.05E+00,+0.05E+00,-0.05E+00,+8.39E+00,+77.38E+00,-86.17E+00,-0.580E+00
2,09/2/2026,14:58:41.759,-0.09E+00,-0.05E+00,+0.05E+00,+0.00E+00,+8.61E+00,+77.81E+00,-86.80E+00,-0.656E+00
2,09/2/2026,14:58:41.759,-0.09E+00,-0.05E+00,+0.05E+00,+0.00E+00,+8.82E+00,+78.22E+00,-87.41E+00,-0.732E+00
2,09/2/2026,14:58:41.759,-0.09E+00,-0.05E+00,+0.05E+00,+0.00E+00,+9.03E+00,+78.59E+00,-88.01E+00,-0.809E+00
2,09/2/2026,14:58:41.759,-0.09E+00,-0.05E+00,+0.05E+00,+0.00E+00,+9.25E+00,+78.96E+00,-88.59E+00,-0.885E+00
2,09/2/2026,14:58:41.759,-0.09E+00,-0.05E+00,+0.05E+00,+0.00E+00,+9.46E+00,+79.31E+00,-89.15E+00,-0.969E+00
2,09/2/2026,14:58:41.759,-0.09E+00,-0.05E+00,+0.05E+00,-0.05E+00,+9.67E+00,+79.61E+00,-89.68E+00,-1.045E+00
2,09/2/2026,14:58:41.759,-0.14E+00,-0.05E+00,+0.05E+00,-0.05E+00,+9.89E+00,+79.92E+00,-90.20E+00,-1.129E+00
2,09/2/2026,14:58:41.759,-0.14E+00,-0.05E+00,+0.05E+00,-0.05E+00,+10.12E+00,+80.19E+00,-90.71E+00,-1.206E+00
2,09/2/2026,14:58:41.759,-0.09E+00,-0.05E+00,+0.05E+00,+0.00E+00,+10.33E+00,+80.47E+00,-91.19E+00,-1.289E+00
2,09/2/2026,14:58:41.759,-0.14E+00,-0.05E+00,+0.05E+00,+0.00E+00,+10.54E+00,+80.71E+00,-91.65E+00,-1.366E+00
2,09/2/2026,14:58:41.759,-0.14E+00,-0.05E+00,+0.05E+00,+0.00E+00,+10.74E+00,+80.94E+00,-92.08E+00,-1.442E+00
2,09/2/2026,14:58:41.759,-0.09E+00,-0.05E+00,+0.05E+00,-0.05E+00,+10.94E+00,+81.17E+00,-92.51E+00,-1.526E+00
2,09/2/2026,14:58:41.759,-0.14E+00,-0.05E+00,+0.05E+00,-0.05E+00,+11.14E+00,+81.38E+00,-92.90E+00,-1.602E+00
2,09/2/2026,14:58:41.759,-0.09E+00,-0.05E+00,+0.05E+00,-0.05E+00,+11.34E+00,+81.55E+00,-93.29E+00,-1.686E+00
2,09/2/2026,14:58:41.759,-0.09E+00,-0.05E+00,+0.05E+00,-0.05E+00,+11.54E+00,+81.72E+00,-93.64E+00,-1.770E+00
2,09/2/2026,14:58:41.759,-0.09E+00,-0.05E+00,+0.05E+00,+0.00E+00,+11.72E+00,+81.86E+00,-93.97E+00,-1.846E+00
2,09/2/2026,14:58:41.759,-0.09E+00,-0.05E+00,+0.05E+00,+0.00E+00,+11.89E+00,+81.98E+00,-94.26E+00,-1.923E+00
2,09/2/2026,14:58:41.760,-0.09E+00,-0.05E+00,+0.05E+00,+0.00E+00,+12.07E+00,+82.08E+00,-94.54E+00,-2.007E+00
2,09/2/2026,14:58:41.760,-0.09E+00,-0.05E+00,+0.05E+00,-0.05E+00,+12.22E+00,+82.15E+00,-94.77E+00,-2.083E+00
2,09/2/2026,14:58:41.760,-0.14E+00,-0.05E+00,+0.05E+00,+0.00E+00,+12.38E+00,+82.19E+00,-94.96E+00,-2.159E+00
2,09/2/2026,14:58:41.760,-0.14E+00,-0.05E+00,+0.05E+00,-0.05E+00,+12.53E+00,+82.21E+00,-95.13E+00,-2.243E+00
2,09/2/2026,14:58:41.760,-0.09E+00,-0.05E+00,+0.05E+00,+0.00E+00,+12.65E+00,+82.21E+00,-95.27E+00,-2.320E+00
2,09/2/2026,14:58:41.760,-0.09E+00,-0.05E+00,+0.00E+00,+0.00E+00,+12.79E+00,+82.18E+00,-95.36E+00,-2.396E+00
2,09/2/2026,14:58:41.760,-0.14E+00,-0.05E+00,+0.05E+00,-0.05E+00,+12.93E+00,+82.12E+00,-95.44E+00,-2.472E+00
2,09/2/2026,14:58:41.760,-0.14E+00,-0.05E+00,+0.05E+00,-0.05E+00,+13.05E+00,+82.04E+00,-95.48E+00,-2.541E+00
2,09/2/2026,14:58:41.760,-0.09E+00,-0.05E+00,+0.05E+00,+0.00E+00,+13.17E+00,+81.93E+00,-95.51E+00,-2.609E+00
2,09/2/2026,14:58:41.760,-0.09E+00,-0.05E+00,+0.00E+00,+0.00E+00,+13.29E+00,+81.81E+00,-95.51E+00,-2.678E+00
2,09/2/2026,14:58:41.760,-0.09E+00,-0.05E+00,+0.05E+00,+0.00E+00,+13.43E+00,+81.67E+00,-95.50E+00,-2.747E+00
2,09/2/2026,14:58:41.760,-0.09E+00,-0.05E+00,+0.05E+00,+0.00E+00,+13.55E+00,+81.50E+00,-95.47E+00,-2.816E+00
2,09/2/2026,14:58:41.760,-0.14E+00,-0.05E+00,+0.05E+00,-0.05E+00,+13.67E+00,+81.31E+00,-95.41E+00,-2.884E+00
2,09/2/2026,14:58:41.760,-0.14E+00,-0.05E+00,+0.05E+00,-0.05E+00,+13.80E+00,+81.11E+00,-95.32E+00,-2.953E+00
2,09/2/2026,14:58:41.760,-0.14E+00,-0.05E+00,+0.05E+00,-0.05E+00,+13.92E+00,+80.88E+00,-95.19E+00,-3.022E+00
2,09/2/2026,14:58:41.760,-0.09E+00,-0.05E+00,+0.05E+00,-0.05E+00,+14.01E+00,+80.62E+00,-95.03E+00,-3.090E+00
2,09/2/2026,14:58:41.760,-0.09E+00,-0.05E+00,+0.05E+00,+0.00E+00,+14.10E+00,+80.33E+00,-94.84E+00,-3.166E+00
2,09/2/2026,14:58:41.760,-0.09E+00,-0.05E+00,+0.05E+00,+0.00E+00,+14.19E+00,+80.02E+00,-94.63E+00,-3.235E+00
2,09/2/2026,14:58:41.760,-0.14E+00,-0.05E+00,+0.05E+00,+0.00E+00,+14.28E+00,+79.69E+00,-94.38E+00,-3.304E+00
2,09/2/2026,14:58:41.760,-0.14E+00,-0.05E+00,+0.05E+00,-0.05E+00,+14.38E+00,+79.34E+00,-94.11E+00,-3.373E+00
2,09/2/2026,14:58:41.761,-0.09E+00,-0.05E+00,+0.05E+00,-0.05E+00,+14.47E+00,+78.94E+00,-93.80E+00,-3.441E+00
2,09/2/2026,14:58:41.761,-0.09E+00,-0.05E+00,+0.05E+00,-0.05E+00,+14.54E+00,+78.54E+00,-93.48E+00,-3.510E+00
2,09/2/2026,14:58:41.761,-0.09E+00,-0.05E+00,+0.05E+00,+0.00E+00,+14.62E+00,+78.12E+00,-93.13E+00,-3.563E+00
2,09/2/2026,14:58:41.761,-0.14E+00,-0.05E+00,+0.05E+00,+0.00E+00,+14.70E+00,+77.66E+00,-92.77E+00,-3.624E+00
2,09/2/2026,14:58:41.761,-0.14E+00,-0.05E+00,+0.05E+00,-0.05E+00,+14.77E+00,+77.20E+00,-92.37E+00,-3.685E+00
2,09/2/2026,14:58:41.761,-0.14E+00,-0.05E+00,+0.05E+00,+0.00E+00,+14.85E+00,+76.70E+00,-91.96E+00,-3.746E+00
2,09/2/2026,14:58:41.761,-0.09E+00,-0.05E+00,+0.05E+00,+0.00E+00,+14.91E+00,+76.19E+00,-91.52E+00,-3.807E+00
2,09/2/2026,14:58:41.761,-0.09E+00,-0.05E+00,+0.05E+00,-0.05E+00,+14.99E+00,+75.68E+00,-91.07E+00,-3.861E+00
2,09/2/2026,14:58:41.761,-0.09E+00,-0.05E+00,+0.05E+00,+0.00E+00,+15.06E+00,+75.13E+00,-90.58E+00,-3.914E+00
2,09/2/2026,14:58:41.761,-0.09E+00,-0.05E+00,+0.05E+00,+0.00E+00,+15.11E+00,+74.55E+00,-90.08E+00,-3.968E+00
2,09/2/2026,14:58:41.761,-0.09E+00,-0.05E+00,+0.05E+00,-0.05E+00,+15.17E+00,+73.97E+00,-89.55E+00,-4.021E+00
2,09/2/2026,14:58:41.761,-0.09E+00,-0.05E+00,+0.05E+00,-0.05E+00,+15.23E+00,+73.37E+00,-89.00E+00,-4.067E+00
2,09/2/2026,14:58:41.761,-0.09E+00,-0.05E+00,+0.05E+00,+0.00E+00,+15.26E+00,+72.73E+00,-88.40E+00,-4.113E+00
2,09/2/2026,14:58:41.761,-0.09E+00,-0.05E+00,+0.05E+00,+0.00E+00,+15.31E+00,+72.09E+00,-87.81E+00,-4.166E+00
2,09/2/2026,14:58:41.761,-0.09E+00,-0.05E+00,+0.05E+00,-0.05E+00,+15.35E+00,+71.43E+00,-87.20E+00,-4.219E+00
2,09/2/2026,14:58:41.761,-0.14E+00,-0.05E+00,+0.05E+00,+0.00E+00,+15.38E+00,+70.76E+00,-86.56E+00,-4.265E+00
2,09/2/2026,14:58:41.761,-0.14E+00,-0.05E+00,+0.05E+00,-0.05E+00,+15.41E+00,+70.06E+00,-85.88E+00,-4.303E+00
2,09/2/2026,14:58:41.761,-0.14E+00,-0.05E+00,+0.05E+00,-0.05E+00,+15.44E+00,+69.36E+00,-85.21E+00,-4.349E+00
2,09/2/2026,14:58:41.761,-0.09E+00,-0.05E+00,+0.05E+00,-0.05E+00,+15.46E+00,+68.63E+00,-84.51E+00,-4.395E+00
2,09/2/2026,14:58:41.761,-0.09E+00,-0.05E+00,+0.05E+00,+0.00E+00,+15.49E+00,+67.89E+00,-83.79E+00,-4.441E+00
2,09/2/2026,14:58:41.762,-0.09E+00,-0.05E+00,+0.05E+00,+0.00E+00,+15.52E+00,+67.13E+00,-83.06E+00,-4.479E+00
2,09/2/2026,14:58:41.762,-0.14E+00,-0.05E+00,+0.05E+00,-0.05E+00,+15.53E+00,+66.35E+00,-82.31E+00,-4.525E+00
2,09/2/2026,14:58:41.762,-0.14E+00,-0.05E+00,+0.05E+00,-0.05E+00,+15.57E+00,+65.57E+00,-81.55E+00,-4.563E+00
2,09/2/2026,14:58:41.762,-0.09E+00,-0.05E+00,+0.05E+00,+0.00E+00,+15.58E+00,+64.76E+00,-80.76E+00,-4.601E+00
2,09/2/2026,14:58:41.762,-0.09E+00,-0.05E+00,+0.05E+00,-0.05E+00,+15.60E+00,+63.94E+00,-79.95E+00,-4.639E+00
2,09/2/2026,14:58:41.762,-0.09E+00,-0.05E+00,+0.05E+00,+0.00E+00,+15.61E+00,+63.12E+00,-79.12E+00,-4.677E+00
2,09/2/2026,14:58:41.762,-0.09E+00,-0.05E+00,+0.05E+00,+0.00E+00,+15.61E+00,+62.26E+00,-78.28E+00,-4.715E+00
2,09/2/2026,14:58:41.762,-0.09E+00,-0.05E+00,+0.05E+00,+0.00E+00,+15.63E+00,+61.38E+00,-77.43E+00,-4.754E+00
2,09/2/2026,14:58:41.762,-0.14E+00,-0.05E+00,+0.05E+00,-0.05E+00,+15.63E+00,+60.51E+00,-76.56E+00,-4.792E+00
2,09/2/2026,14:58:41.762,-0.14E+00,-0.05E+00,+0.05E+00,-0.05E+00,+15.63E+00,+59.61E+00,-75.66E+00,-4.830E+00
2,09/2/2026,14:58:41.762,-0.09E+00,-0.05E+00,+0.05E+00,+0.00E+00,+15.64E+00,+58.68E+00,-74.74E+00,-4.860E+00
2,09/2/2026,14:58:41.762,-0.09E+00,-0.05E+00,+0.05E+00,+0.00E+00,+15.64E+00,+57.76E+00,-73.81E+00,-4.891E+00
2,09/2/2026,14:58:41.762,-0.09E+00,-0.05E+00,+0.05E+00,+0.00E+00,+15.63E+00,+56.81E+00,-72.85E+00,-4.929E+00
2,09/2/2026,14:58:41.762,-0.14E+00,-0.05E+00,+0.05E+00,+0.00E+00,+15.63E+00,+55.84E+00,-71.89E+00,-4.960E+00
2,09/2/2026,14:58:41.762,-0.14E+00,-0.05E+00,+0.05E+00,-0.05E+00,+15.61E+00,+54.85E+00,-70.90E+00,-4.998E+00
2,09/2/2026,14:58:41.762,-0.14E+00,-0.05E+00,+0.05E+00,-0.05E+00,+15.60E+00,+53.85E+00,-69.89E+00,-5.028E+00
2,09/2/2026,14:58:41.762,-0.09E+00,-0.05E+00,+0.05E+00,-0.05E+00,+15.58E+00,+52.83E+00,-68.85E+00,-5.059E+00
2,09/2/2026,14:58:41.762,-0.09E+00,-0.05E+00,+0.05E+00,-0.05E+00,+15.57E+00,+51.79E+00,-67.80E+00,-5.089E+00
2,09/2/2026,14:58:41.762,-0.09E+00,-0.05E+00,+0.05E+00,+0.00E+00,+15.55E+00,+50.74E+00,-66.73E+00,-5.120E+00
2,09/2/2026,14:58:41.762,-0.09E+00,-0.05E+00,+0.05E+00,+0.00E+00,+15.53E+00,+49.67E+00,-65.63E+00,-5.150E+00
2,09/2/2026,14:58:41.763,-0.09E+00,-0.05E+00,+0.05E+00,+0.00E+00,+15.50E+00,+48.60E+00,-64.52E+00,-5.181E+00
2,09/2/2026,14:58:41.763,-0.09E+00,-0.05E+00,+0.05E+00,+0.00E+00,+15.46E+00,+47.52E+00,-63.39E+00,-5.204E+00
2,09/2/2026,14:58:41.763,-0.09E+00,-0.05E+00,+0.05E+00,-0.05E+00,+15.41E+00,+46.42E+00,-62.25E+00,-5.227E+00
2,09/2/2026,14:58:41.763,-0.09E+00,-0.05E+00,+0.05E+00,-0.05E+00,+15.37E+00,+45.31E+00,-61.10E+00,-5.250E+00
2,09/2/2026,14:58:41.763,-0.09E+00,-0.05E+00,+0.05E+00,+0.00E+00,+15.31E+00,+44.21E+00,-59.93E+00,-5.265E+00
2,09/2/2026,14:58:41.763,-0.14E+00,-0.05E+00,+0.05E+00,-0.05E+00,+15.23E+00,+43.09E+00,-58.74E+00,-5.280E+00
2,09/2/2026,14:58:41.763,-0.09E+00,-0.05E+00,+0.05E+00,-0.05E+00,+15.15E+00,+41.97E+00,-57.53E+00,-5.295E+00
2,09/2/2026,14:58:41.763,-0.09E+00,-0.05E+00,+0.05E+00,+0.00E+00,+15.08E+00,+40.82E+00,-56.31E+00,-5.303E+00
2,09/2/2026,14:58:41.763,-0.14E+00,-0.05E+00,+0.05E+00,+0.00E+00,+14.99E+00,+39.66E+00,-55.07E+00,-5.318E+00
2,09/2/2026,14:58:41.763,-0.09E+00,-0.05E+00,+0.05E+00,+0.00E+00,+14.89E+00,+38.52E+00,-53.82E+00,-5.326E+00
2,09/2/2026,14:58:41.763,-0.09E+00,-0.05E+00,+0.05E+00,+0.00E+00,+14.80E+00,+37.34E+00,-52.56E+00,-5.326E+00
2,09/2/2026,14:58:41.763,-0.09E+00,-0.09E+00,+0.05E+00,+0.00E+00,+14.70E+00,+36.17E+00,-51.27E+00,-5.333E+00
2,09/2/2026,14:58:41.763,-0.09E+00,-0.05E+00,+0.05E+00,-0.05E+00,+14.57E+00,+34.99E+00,-49.98E+00,-5.333E+00
2,09/2/2026,14:58:41.763,-0.09E+00,-0.05E+00,+0.05E+00,-0.05E+00,+14.45E+00,+33.80E+00,-48.66E+00,-5.333E+00
2,09/2/2026,14:58:41.763,-0.14E+00,-0.05E+00,+0.05E+00,-0.05E+00,+14.33E+00,+32.60E+00,-47.34E+00,-5.333E+00
2,09/2/2026,14:58:41.763,-0.09E+00,-0.05E+00,+0.05E+00,+0.00E+00,+14.21E+00,+31.37E+00,-45.99E+00,-5.326E+00
2,09/2/2026,14:58:41.763,-0.09E+00,-0.05E+00,+0.05E+00,+0.00E+00,+14.07E+00,+30.15E+00,-44.65E+00,-5.326E+00
2,09/2/2026,14:58:41.763,-0.14E+00,-0.05E+00,+0.05E+00,+0.00E+00,+13.93E+00,+28.92E+00,-43.29E+00,-5.318E+00
2,09/2/2026,14:58:41.763,-0.14E+00,-0.05E+00,+0.05E+00,+0.00E+00,+13.80E+00,+27.68E+00,-41.92E+00,-5.311E+00
2,09/2/2026,14:58:41.763,-0.09E+00,-0.05E+00,+0.05E+00,-0.05E+00,+13.66E+00,+26.45E+00,-40.53E+00,-5.303E+00
2,09/2/2026,14:58:41.764,-0.09E+00,-0.05E+00,+0.05E+00,-0.05E+00,+13.51E+00,+25.18E+00,-39.13E+00,-5.295E+00
2,09/2/2026,14:58:41.764,-0.09E+00,-0.05E+00,+0.05E+00,+0.00E+00,+13.34E+00,+23.93E+00,-37.72E+00,-5.280E+00
2,09/2/2026,14:58:41.764,-0.09E+00,-0.05E+00,+0.05E+00,+0.00E+00,+13.18E+00,+22.68E+00,-36.29E+00,-5.272E+00
2,09/2/2026,14:58:41.764,-0.14E+00,-0.05E+00,+0.05E+00,-0.05E+00,+13.02E+00,+21.41E+00,-34.87E+00,-5.257E+00
2,09/2/2026,14:58:41.764,-0.14E+00,-0.05E+00,+0.05E+00,-0.05E+00,+12.85E+00,+20.13E+00,-33.44E+00,-5.234E+00
2,09/2/2026,14:58:41.764,-0.09E+00,-0.05E+00,+0.05E+00,+0.00E+00,+12.68E+00,+18.85E+00,-31.97E+00,-5.211E+00
2,09/2/2026,14:58:41.764,-0.09E+00,-0.05E+00,+0.05E+00,+0.00E+00,+12.51E+00,+17.56E+00,-30.52E+00,-5.196E+00
2,09/2/2026,14:58:41.764,-0.09E+00,-0.05E+00,+0.05E+00,+0.00E+00,+12.33E+00,+16.28E+00,-29.06E+00,-5.173E+00
2,09/2/2026,14:58:41.764,-0.09E+00,-0.05E+00,+0.05E+00,+0.00E+00,+12.16E+00,+14.99E+00,-27.59E+00,-5.150E+00
2,09/2/2026,14:58:41.764,-0.09E+00,-0.05E+00,+0.05E+00,-0.05E+00,+11.98E+00,+13.69E+00,-26.11E+00,-5.127E+00
2,09/2/2026,14:58:41.764,-0.14E+00,-0.05E+00,+0.05E+00,-0.05E+00,+11.80E+00,+12.39E+00,-24.63E+00,-5.105E+00
2,09/2/2026,14:58:41.764,-0.14E+00,-0.05E+00,+0.05E+00,-0.05E+00,+11.63E+00,+11.09E+00,-23.15E+00,-5.082E+00
2,09/2/2026,14:58:41.764,-0.09E+00,-0.05E+00,+0.05E+00,+0.00E+00,+11.45E+00,+9.78E+00,-21.65E+00,-5.059E+00
2,09/2/2026,14:58:41.764,-0.09E+00,-0.05E+00,+0.05E+00,-0.05E+00,+11.26E+00,+8.48E+00,-20.16E+00,-5.036E+00
2,09/2/2026,14:58:41.764,-0.09E+00,-0.05E+00,+0.05E+00,+0.00E+00,+11.06E+00,+7.17E+00,-18.66E+00,-5.005E+00
2,09/2/2026,14:58:41.764,-0.14E+00,-0.05E+00,+0.05E+00,+0.00E+00,+10.88E+00,+5.86E+00,-17.17E+00,-4.975E+00
2,09/2/2026,14:58:41.764,-0.09E+00,-0.05E+00,+0.05E+00,+0.00E+00,+10.70E+00,+4.55E+00,-15.67E+00,-4.952E+00
2,09/2/2026,14:58:41.764,-0.09E+00,-0.05E+00,+0.05E+00,+0.00E+00,+10.51E+00,+3.24E+00,-14.18E+00,-4.921E+00
2,09/2/2026,14:58:41.764,-0.09E+00,-0.05E+00,+0.05E+00,+0.00E+00,+10.33E+00,+1.92E+00,-12.68E+00,-4.883E+00
2,09/2/2026,14:58:41.764,-0.09E+00,-0.05E+00,+0.05E+00,+0.00E+00,+10.15E+00,+0.61E+00,-11.19E+00,-4.853E+00
2,09/2/2026,14:58:41.765,-0.09E+00,-0.05E+00,+0.05E+00,-0.05E+00,+9.96E+00,-0.70E+00,-9.69E+00,-4.822E+00
2,09/2/2026,14:58:41.765,-0.09E+00,-0.05E+00,+0.05E+00,-0.05E+00,+9.77E+00,-2.01E+00,-8.18E+00,-4.784E+00
2,09/2/2026,14:58:41.765,-0.09E+00,-0.05E+00,+0.05E+00,+0.00E+00,+9.58E+00,-3.33E+00,-6.68E+00,-4.754E+00
2,09/2/2026,14:58:41.765,-0.14E+00,-0.05E+00,+0.05E+00,-0.05E+00,+9.39E+00,-4.64E+00,-5.17E+00,-4.715E+00
2,09/2/2026,14:58:41.765,-0.09E+00,-0.05E+00,+0.05E+00,-0.05E+00,+9.19E+00,-5.94E+00,-3.68E+00,-4.677E+00
2,09/2/2026,14:58:41.765,-0.09E+00,-0.05E+00,+0.05E+00,+0.00E+00,+9.00E+00,-7.25E+00,-2.18E+00,-4.647E+00
2,09/2/2026,14:58:41.765,-0.09E+00,-0.05E+00,+0.05E+00,+0.00E+00,+8.82E+00,-8.56E+00,-0.69E+00,-4.609E+00
2,09/2/2026,14:58:41.765,-0.14E+00,-0.05E+00,+0.05E+00,-0.05E+00,+8.62E+00,-9.86E+00,+0.81E+00,-4.570E+00
2,09/2/2026,14:58:41.765,-0.09E+00,-0.05E+00,+0.05E+00,+0.00E+00,+8.44E+00,-11.17E+00,+2.30E+00,-4.532E+00
2,09/2/2026,14:58:41.765,-0.09E+00,-0.05E+00,+0.05E+00,+0.00E+00,+8.26E+00,-12.47E+00,+3.80E+00,-4.502E+00
2,09/2/2026,14:58:41.765,-0.14E+00,-0.05E+00,+0.05E+00,+0.00E+00,+8.06E+00,-13.76E+00,+5.30E+00,-4.456E+00
2,09/2/2026,14:58:41.765,-0.09E+00,-0.05E+00,+0.05E+00,+0.00E+00,+7.86E+00,-15.06E+00,+6.79E+00,-4.418E+00
2,09/2/2026,14:58:41.765,-0.09E+00,-0.05E+00,+0.05E+00,+0.00E+00,+7.66E+00,-16.37E+00,+8.27E+00,-4.380E+00
2,09/2/2026,14:58:41.765,-0.14E+00,-0.05E+00,+0.05E+00,+0.00E+00,+7.46E+00,-17.66E+00,+9.77E+00,-4.342E+00
2,09/2/2026,14:58:41.765,-0.09E+00,-0.05E+00,+0.05E+00,+0.00E+00,+7.26E+00,-18.95E+00,+11.26E+00,-4.303E+00
2,09/2/2026,14:58:41.765,-0.09E+00,-0.05E+00,+0.05E+00,-0.05E+00,+7.07E+00,-20.24E+00,+12.76E+00,-4.265E+00
2,09/2/2026,14:58:41.765,-0.09E+00,-0.05E+00,+0.05E+00,-0.05E+00,+6.87E+00,-21.53E+00,+14.24E+00,-4.219E+00
2,09/2/2026,14:58:41.765,-0.09E+00,-0.05E+00,+0.05E+00,+0.00E+00,+6.67E+00,-22.81E+00,+15.72E+00,-4.181E+00
2,09/2/2026,14:58:41.765,-0.09E+00,-0.05E+00,+0.05E+00,+0.00E+00,+6.47E+00,-24.10E+00,+17.21E+00,-4.136E+00
2,09/2/2026,14:58:41.765,-0.14E+00,-0.05E+00,+0.05E+00,-0.05E+00,+6.26E+00,-25.38E+00,+18.69E+00,-4.090E+00
2,09/2/2026,14:58:41.766,-0.14E+00,-0.05E+00,+0.05E+00,+0.00E+00,+6.04E+00,-26.66E+00,+20.17E+00,-4.044E+00
2,09/2/2026,14:58:41.766,-0.09E+00,-0.05E+00,+0.05E+00,+0.00E+00,+5.83E+00,-27.93E+00,+21.67E+00,-3.998E+00
2,09/2/2026,14:58:41.766,-0.09E+00,-0.05E+00,+0.05E+00,+0.00E+00,+5.62E+00,-29.19E+00,+23.16E+00,-3.952E+00
2,09/2/2026,14:58:41.766,-0.09E+00,-0.05E+00,+0.05E+00,+0.00E+00,+5.40E+00,-30.46E+00,+24.65E+00,-3.907E+00
2,09/2/2026,14:58:41.766,-0.09E+00,-0.05E+00,+0.05E+00,-0.05E+00,+5.17E+00,-31.74E+00,+26.14E+00,-3.861E+00
2,09/2/2026,14:58:41.766,-0.09E+00,-0.05E+00,+0.05E+00,+0.00E+00,+4.96E+00,-33.01E+00,+27.62E+00,-3.815E+00
2,09/2/2026,14:58:41.766,-0.09E+00,-0.05E+00,+0.05E+00,+0.00E+00,+4.73E+00,-34.26E+00,+29.10E+00,-3.762E+00
2,09/2/2026,14:58:41.766,-0.09E+00,-0.05E+00,+0.05E+00,-0.05E+00,+4.50E+00,-35.51E+00,+30.58E+00,-3.716E+00
2,09/2/2026,14:58:41.766,-0.09E+00,-0.05E+00,+0.05E+00,+0.00E+00,+4.27E+00,-36.75E+00,+32.05E+00,-3.662E+00
2,09/2/2026,14:58:41.766,-0.09E+00,-0.05E+00,+0.05E+00,+0.00E+00,+4.04E+00,-37.98E+00,+33.51E+00,-3.601E+00
2,09/2/2026,14:58:41.766,-0.14E+00,-0.05E+00,+0.05E+00,-0.05E+00,+3.82E+00,-39.20E+00,+34.96E+00,-3.540E+00
2,09/2/2026,14:58:41.766,-0.14E+00,-0.05E+00,+0.05E+00,-0.05E+00,+3.59E+00,-40.41E+00,+36.40E+00,-3.479E+00
2,09/2/2026,14:58:41.766,-0.09E+00,-0.05E+00,+0.05E+00,-0.05E+00,+3.34E+00,-41.58E+00,+37.81E+00,-3.411E+00
2,09/2/2026,14:58:41.766,-0.09E+00,-0.05E+00,+0.05E+00,-0.05E+00,+3.10E+00,-42.76E+00,+39.22E+00,-3.342E+00
2,09/2/2026,14:58:41.766,-0.09E+00,-0.05E+00,+0.05E+00,+0.00E+00,+2.85E+00,-43.90E+00,+40.62E+00,-3.273E+00
2,09/2/2026,14:58:41.766,-0.09E+00,-0.05E+00,+0.05E+00,+0.00E+00,+2.62E+00,-45.05E+00,+42.01E+00,-3.205E+00
2,09/2/2026,14:58:41.766,-0.09E+00,-0.05E+00,+0.05E+00,-0.05E+00,+2.37E+00,-46.18E+00,+43.38E+00,-3.128E+00
2,09/2/2026,14:58:41.766,-0.14E+00,-0.05E+00,+0.05E+00,-0.05E+00,+2.12E+00,-47.29E+00,+44.76E+00,-3.067E+00
2,09/2/2026,14:58:41.766,-0.14E+00,-0.05E+00,+0.05E+00,+0.00E+00,+1.86E+00,-48.39E+00,+46.10E+00,-2.991E+00
2,09/2/2026,14:58:41.766,-0.09E+00,-0.05E+00,+0.05E+00,+0.00E+00,+1.62E+00,-49.47E+00,+47.44E+00,-2.915E+00
2,09/2/2026,14:58:41.767,-0.09E+00,-0.05E+00,+0.05E+00,+0.00E+00,+1.36E+00,-50.54E+00,+48.77E+00,-2.846E+00
2,09/2/2026,14:58:41.767,-0.14E+00,-0.05E+00,+0.05E+00,+0.00E+00,+1.08E+00,-51.61E+00,+50.08E+00,-2.770E+00
2,09/2/2026,14:58:41.767,-0.14E+00,-0.05E+00,+0.05E+00,-0.05E+00,+0.82E+00,-52.65E+00,+51.40E+00,-2.686E+00
2,09/2/2026,14:58:41.767,-0.14E+00,-0.05E+00,+0.05E+00,-0.05E+00,+0.56E+00,-53.67E+00,+52.68E+00,-2.609E+00
2,09/2/2026,14:58:41.767,-0.09E+00,-0.05E+00,+0.05E+00,+0.00E+00,+0.31E+00,-54.69E+00,+53.96E+00,-2.526E+00
2,09/2/2026,14:58:41.767,-0.09E+00,-0.05E+00,+0.05E+00,+0.00E+00,+0.05E+00,-55.68E+00,+55.21E+00,-2.449E+00
2,09/2/2026,14:58:41.767,-0.09E+00,-0.05E+00,+0.05E+00,+0.00E+00,-0.21E+00,-56.68E+00,+56.46E+00,-2.373E+00
2,09/2/2026,14:58:41.767,-0.09E+00,-0.05E+00,+0.05E+00,-0.05E+00,-0.47E+00,-57.65E+00,+57.70E+00,-2.289E+00
2,09/2/2026,14:58:41.767,-0.09E+00,-0.05E+00,+0.05E+00,-0.05E+00,-0.73E+00,-58.60E+00,+58.92E+00,-2.213E+00
2,09/2/2026,14:58:41.767,-0.14E+00,-0.05E+00,+0.05E+00,-0.05E+00,-0.99E+00,-59.55E+00,+60.11E+00,-2.129E+00
2,09/2/2026,14:58:41.767,-0.09E+00,-0.05E+00,+0.05E+00,+0.00E+00,-1.27E+00,-60.48E+00,+61.30E+00,-2.045E+00
2,09/2/2026,14:58:41.767,-0.09E+00,-0.05E+00,+0.05E+00,+0.00E+00,-1.53E+00,-61.38E+00,+62.48E+00,-1.969E+00
2,09/2/2026,14:58:41.767,-0.09E+00,-0.05E+00,+0.05E+00,+0.00E+00,-1.79E+00,-62.28E+00,+63.63E+00,-1.885E+00
2,09/2/2026,14:58:41.767,-0.09E+00,-0.05E+00,+0.05E+00,+0.00E+00,-2.06E+00,-63.16E+00,+64.79E+00,-1.801E+00
2,09/2/2026,14:58:41.767,-0.14E+00,-0.05E+00,+0.05E+00,+0.00E+00,-2.32E+00,-64.02E+00,+65.92E+00,-1.717E+00
2,09/2/2026,14:58:41.767,-0.14E+00,-0.05E+00,+0.05E+00,+0.00E+00,-2.58E+00,-64.87E+00,+67.04E+00,-1.633E+00
2,09/2/2026,14:58:41.767,-0.09E+00,-0.05E+00,+0.05E+00,-0.05E+00,-2.84E+00,-65.71E+00,+68.12E+00,-1.549E+00
2,09/2/2026,14:58:41.767,-0.09E+00,-0.05E+00,+0.05E+00,+0.00E+00,-3.08E+00,-66.52E+00,+69.19E+00,-1.473E+00
2,09/2/2026,14:58:41.767,-0.09E+00,-0.05E+00,+0.05E+00,+0.00E+00,-3.34E+00,-67.31E+00,+70.24E+00,-1.389E+00
2,09/2/2026,14:58:41.767,-0.14E+00,-0.05E+00,+0.05E+00,-0.05E+00,-3.59E+00,-68.11E+00,+71.28E+00,-1.305E+00
2,09/2/2026,14:58:41.768,-0.14E+00,-0.05E+00,+0.05E+00,-0.05E+00,-3.83E+00,-68.88E+00,+72.29E+00,-1.221E+00
2,09/2/2026,14:58:41.768,-0.09E+00,-0.05E+00,+0.05E+00,+0.00E+00,-4.07E+00,-69.63E+00,+73.29E+00,-1.137E+00
2,09/2/2026,14:58:41.768,-0.09E+00,-0.05E+00,+0.05E+00,+0.00E+00,-4.30E+00,-70.36E+00,+74.27E+00,-1.061E+00
2,09/2/2026,14:58:41.768,-0.14E+00,-0.05E+00,+0.05E+00,+0.00E+00,-4.55E+00,-71.08E+00,+75.23E+00,-0.984E+00
2,09/2/2026,14:58:41.768,-0.09E+00,-0.05E+00,+0.05E+00,+0.00E+00,-4.78E+00,-71.78E+00,+76.16E+00,-0.908E+00
2,09/2/2026,14:58:41.768,-0.09E+00,-0.05E+00,+0.05E+00,+0.00E+00,-5.01E+00,-72.47E+00,+77.08E+00,-0.832E+00
2,09/2/2026,14:58:41.768,-0.14E+00,-0.05E+00,+0.05E+00,-0.05E+00,-5.23E+00,-73.14E+00,+77.98E+00,-0.748E+00
2,09/2/2026,14:58:41.768,-0.14E+00,-0.05E+00,+0.05E+00,-0.05E+00,-5.46E+00,-73.81E+00,+78.86E+00,-0.664E+00
2,09/2/2026,14:58:41.768,-0.09E+00,-0.05E+00,+0.05E+00,+0.00E+00,-5.69E+00,-74.44E+00,+79.73E+00,-0.588E+00
2,09/2/2026,14:58:41.768,-0.09E+00,-0.05E+00,+0.05E+00,+0.00E+00,-5.91E+00,-75.06E+00,+80.57E+00,-0.511E+00
2,09/2/2026,14:58:41.768,-0.09E+00,-0.05E+00,+0.05E+00,+0.00E+00,-6.13E+00,-75.68E+00,+81.41E+00,-0.427E+00
2,09/2/2026,14:58:41.768,-0.09E+00,-0.05E+00,+0.05E+00,+0.00E+00,-6.35E+00,-76.27E+00,+82.22E+00,-0.351E+00
2,09/2/2026,14:58:41.768,-0.09E+00,-0.05E+00,+0.05E+00,+0.00E+00,-6.58E+00,-76.85E+00,+83.02E+00,-0.275E+00
2,09/2/2026,14:58:41.768,-0.09E+00,-0.05E+00,+0.05E+00,+0.00E+00,-6.79E+00,-77.41E+00,+83.79E+00,-0.198E+00
2,09/2/2026,14:58:41.768,-0.14E+00,-0.05E+00,+0.05E+00,+0.00E+00,-7.02E+00,-77.95E+00,+84.56E+00,-0.114E+00
2,09/2/2026,14:58:41.768,-0.09E+00,-0.05E+00,+0.05E+00,+0.00E+00,-7.22E+00,-78.47E+00,+85.30E+00,-0.038E+00
2,09/2/2026,14:58:41.768,-0.09E+00,-0.05E+00,+0.05E+00,+0.00E+00,-7.43E+00,-78.99E+00,+86.04E+00,+0.038E+00
2,09/2/2026,14:58:41.768,-0.09E+00,-0.05E+00,+0.05E+00,-0.05E+00,-7.66E+00,-79.48E+00,+86.74E+00,+0.122E+00
2,09/2/2026,14:58:41.768,-0.14E+00,-0.05E+00,+0.05E+00,-0.05E+00,-7.87E+00,-79.93E+00,+87.43E+00,+0.198E+00
2,09/2/2026,14:58:41.768,-0.09E+00,-0.05E+00,+0.05E+00,-0.05E+00,-8.09E+00,-80.39E+00,+88.10E+00,+0.275E+00
2,09/2/2026,14:58:41.769,-0.14E+00,-0.05E+00,+0.05E+00,-0.05E+00,-8.30E+00,-80.83E+00,+88.75E+00,+0.351E+00
2,09/2/2026,14:58:41.769,-0.09E+00,-0.05E+00,+0.05E+00,+0.00E+00,-8.52E+00,-81.26E+00,+89.38E+00,+0.427E+00
2,09/2/2026,14:58:41.769,-0.09E+00,-0.05E+00,+0.05E+00,+0.00E+00,-8.73E+00,-81.66E+00,+90.00E+00,+0.504E+00
2,09/2/2026,14:58:41.769,-0.09E+00,-0.05E+00,+0.05E+00,+0.00E+00,-8.93E+00,-82.05E+00,+90.60E+00,+0.580E+00
2,09/2/2026,14:58:41.769,-0.14E+00,-0.05E+00,+0.05E+00,-0.05E+00,-9.14E+00,-82.42E+00,+91.18E+00,+0.664E+00
2,09/2/2026,14:58:41.769,-0.14E+00,-0.05E+00,+0.05E+00,-0.05E+00,-9.35E+00,-82.77E+00,+91.74E+00,+0.740E+00
2,09/2/2026,14:58:41.769,-0.09E+00,-0.05E+00,+0.05E+00,+0.00E+00,-9.57E+00,-83.09E+00,+92.29E+00,+0.816E+00
2,09/2/2026,14:58:41.769,-0.09E+00,-0.05E+00,+0.05E+00,+0.00E+00,-9.78E+00,-83.40E+00,+92.83E+00,+0.900E+00
2,09/2/2026,14:58:41.769,-0.14E+00,-0.05E+00,+0.05E+00,+0.00E+00,-10.01E+00,-83.69E+00,+93.33E+00,+0.977E+00
2,09/2/2026,14:58:41.769,-0.09E+00,-0.05E+00,+0.05E+00,+0.00E+00,-10.22E+00,-83.96E+00,+93.80E+00,+1.061E+00
2,09/2/2026,14:58:41.769,-0.09E+00,-0.05E+00,+0.05E+00,+0.00E+00,-10.44E+00,-84.22E+00,+94.28E+00,+1.145E+00
2,09/2/2026,14:58:41.769,-0.14E+00,-0.05E+00,+0.05E+00,+0.00E+00,-10.65E+00,-84.45E+00,+94.74E+00,+1.221E+00
2,09/2/2026,14:58:41.769,-0.09E+00,-0.05E+00,+0.05E+00,+0.00E+00,-10.87E+00,-84.66E+00,+95.18E+00,+1.305E+00
2,09/2/2026,14:58:41.769,-0.09E+00,-0.05E+00,+0.05E+00,-0.05E+00,-11.06E+00,-84.88E+00,+95.59E+00,+1.381E+00
2,09/2/2026,14:58:41.769,-0.14E+00,-0.05E+00,+0.05E+00,-0.05E+00,-11.26E+00,-85.06E+00,+95.97E+00,+1.457E+00
2,09/2/2026,14:58:41.769,-0.14E+00,-0.05E+00,+0.05E+00,-0.05E+00,-11.46E+00,-85.24E+00,+96.35E+00,+1.534E+00
2,09/2/2026,14:58:41.769,-0.14E+00,-0.05E+00,+0.05E+00,+0.00E+00,-11.66E+00,-85.40E+00,+96.70E+00,+1.610E+00
2,09/2/2026,14:58:41.769,-0.14E+00,-0.05E+00,+0.05E+00,+0.00E+00,-11.84E+00,-85.53E+00,+97.02E+00,+1.694E+00
2,09/2/2026,14:58:41.769,-0.14E+00,-0.05E+00,+0.05E+00,+0.00E+00,-12.03E+00,-85.66E+00,+97.31E+00,+1.770E+00
2,09/2/2026,14:58:41.769,-0.09E+00,-0.05E+00,+0.05E+00,+0.00E+00,-12.19E+00,-85.75E+00,+97.59E+00,+1.846E+00
2,09/2/2026,14:58:41.770,-0.09E+00,-0.05E+00,+0.05E+00,+0.00E+00,-12.36E+00,-85.81E+00,+97.82E+00,+1.930E+00
2,09/2/2026,14:58:41.770,-0.14E+00,-0.09E+00,+0.05E+00,+0.00E+00,-12.53E+00,-85.84E+00,+98.02E+00,+2.007E+00
2,09/2/2026,14:58:41.770,-0.14E+00,-0.05E+00,+0.05E+00,+0.00E+00,-12.70E+00,-85.85E+00,+98.20E+00,+2.091E+00
2,09/2/2026,14:58:41.770,-0.09E+00,-0.05E+00,+0.05E+00,-0.05E+00,-12.83E+00,-85.84E+00,+98.34E+00,+2.175E+00
2,09/2/2026,14:58:41.770,-0.09E+00,-0.05E+00,+0.05E+00,-0.05E+00,-12.99E+00,-85.79E+00,+98.43E+00,+2.251E+00
2,09/2/2026,14:58:41.770,-0.09E+00,-0.05E+00,+0.05E+00,-0.05E+00,-13.11E+00,-85.73E+00,+98.50E+00,+2.327E+00
2,09/2/2026,14:58:41.770,-0.09E+00,-0.05E+00,+0.05E+00,-0.05E+00,-13.23E+00,-85.66E+00,+98.55E+00,+2.403E+00
2,09/2/2026,14:58:41.770,-0.09E+00,-0.05E+00,+0.05E+00,-0.05E+00,-13.37E+00,-85.55E+00,+98.57E+00,+2.472E+00
2,09/2/2026,14:58:41.770,-0.14E+00,-0.05E+00,+0.05E+00,-0.05E+00,-13.49E+00,-85.43E+00,+98.57E+00,+2.541E+00
2,09/2/2026,14:58:41.770,-0.14E+00,-0.05E+00,+0.05E+00,-0.05E+00,-13.61E+00,-85.27E+00,+98.55E+00,+2.617E+00
2,09/2/2026,14:58:41.770,-0.09E+00,-0.05E+00,+0.05E+00,-0.05E+00,-13.73E+00,-85.11E+00,+98.50E+00,+2.686E+00
2,09/2/2026,14:58:41.770,-0.09E+00,-0.05E+00,+0.05E+00,-0.05E+00,-13.86E+00,-84.92E+00,+98.44E+00,+2.754E+00
2,09/2/2026,14:58:41.770,-0.09E+00,-0.05E+00,+0.05E+00,+0.00E+00,-13.98E+00,-84.69E+00,+98.35E+00,+2.823E+00
2,09/2/2026,14:58:41.770,-0.14E+00,-0.05E+00,+0.05E+00,+0.00E+00,-14.10E+00,-84.47E+00,+98.23E+00,+2.892E+00
2,09/2/2026,14:58:41.770,-0.14E+00,-0.05E+00,+0.05E+00,-0.05E+00,-14.21E+00,-84.21E+00,+98.08E+00,+2.960E+00
2,09/2/2026,14:58:41.770,-0.09E+00,-0.05E+00,+0.05E+00,-0.05E+00,-14.31E+00,-83.92E+00,+97.91E+00,+3.029E+00
2,09/2/2026,14:58:41.770,-0.09E+00,-0.05E+00,+0.05E+00,+0.00E+00,-14.42E+00,-83.61E+00,+97.68E+00,+3.098E+00
2,09/2/2026,14:58:41.770,-0.09E+00,-0.05E+00,+0.05E+00,+0.00E+00,-14.51E+00,-83.26E+00,+97.44E+00,+3.166E+00
2,09/2/2026,14:58:41.770,-0.09E+00,-0.05E+00,+0.05E+00,+0.00E+00,-14.60E+00,-82.89E+00,+97.16E+00,+3.235E+00
2,09/2/2026,14:58:41.770,-0.09E+00,-0.05E+00,+0.05E+00,+0.00E+00,-14.70E+00,-82.51E+00,+96.86E+00,+3.304E+00
2,09/2/2026,14:58:41.771,-0.14E+00,-0.05E+00,+0.05E+00,-0.05E+00,-14.77E+00,-82.10E+00,+96.54E+00,+3.373E+00
2,09/2/2026,14:58:41.771,-0.09E+00,-0.05E+00,+0.05E+00,-0.05E+00,-14.85E+00,-81.66E+00,+96.18E+00,+3.434E+00
2,09/2/2026,14:58:41.771,-0.09E+00,-0.05E+00,+0.05E+00,-0.05E+00,-14.92E+00,-81.20E+00,+95.80E+00,+3.502E+00
2,09/2/2026,14:58:41.771,-0.09E+00,-0.05E+00,+0.05E+00,-0.05E+00,-15.00E+00,-80.73E+00,+95.39E+00,+3.563E+00
2,09/2/2026,14:58:41.771,-0.09E+00,-0.05E+00,+0.05E+00,+0.00E+00,-15.08E+00,-80.22E+00,+94.98E+00,+3.617E+00
2,09/2/2026,14:58:41.771,-0.09E+00,-0.05E+00,+0.05E+00,-0.05E+00,-15.15E+00,-79.70E+00,+94.54E+00,+3.678E+00
2,09/2/2026,14:58:41.771,-0.14E+00,-0.05E+00,+0.05E+00,-0.05E+00,-15.23E+00,-79.17E+00,+94.06E+00,+3.739E+00
2,09/2/2026,14:58:41.771,-0.14E+00,-0.05E+00,+0.05E+00,+0.00E+00,-15.29E+00,-78.62E+00,+93.58E+00,+3.800E+00
2,09/2/2026,14:58:41.771,-0.09E+00,-0.05E+00,+0.05E+00,-0.05E+00,-15.35E+00,-78.04E+00,+93.06E+00,+3.853E+00
2,09/2/2026,14:58:41.771,-0.09E+00,-0.05E+00,+0.05E+00,-0.05E+00,-15.41E+00,-77.43E+00,+92.52E+00,+3.907E+00
2,09/2/2026,14:58:41.771,-0.09E+00,-0.05E+00,+0.05E+00,+0.00E+00,-15.47E+00,-76.82E+00,+91.96E+00,+3.960E+00
2,09/2/2026,14:58:41.771,-0.14E+00,-0.05E+00,+0.05E+00,+0.00E+00,-15.52E+00,-76.19E+00,+91.38E+00,+4.013E+00
2,09/2/2026,14:58:41.771,-0.14E+00,-0.05E+00,+0.05E+00,-0.05E+00,-15.57E+00,-75.54E+00,+90.78E+00,+4.067E+00
2,09/2/2026,14:58:41.771,-0.14E+00,-0.05E+00,+0.05E+00,+0.00E+00,-15.61E+00,-74.87E+00,+90.16E+00,+4.113E+00
2,09/2/2026,14:58:41.771,-0.09E+00,-0.05E+00,+0.05E+00,+0.00E+00,-15.64E+00,-74.20E+00,+89.52E+00,+4.158E+00
2,09/2/2026,14:58:41.771,-0.09E+00,-0.05E+00,+0.05E+00,+0.00E+00,-15.67E+00,-73.49E+00,+88.84E+00,+4.204E+00
2,09/2/2026,14:58:41.771,-0.14E+00,-0.05E+00,+0.05E+00,+0.00E+00,-15.72E+00,-72.78E+00,+88.16E+00,+4.250E+00
2,09/2/2026,14:58:41.771,-0.09E+00,-0.05E+00,+0.05E+00,+0.00E+00,-15.73E+00,-72.03E+00,+87.44E+00,+4.288E+00
2,09/2/2026,14:58:41.771,-0.09E+00,-0.05E+00,+0.05E+00,+0.00E+00,-15.76E+00,-71.28E+00,+86.72E+00,+4.334E+00
2,09/2/2026,14:58:41.771,-0.09E+00,-0.05E+00,+0.05E+00,+0.00E+00,-15.79E+00,-70.52E+00,+85.99E+00,+4.372E+00
2,09/2/2026,14:58:41.772,-0.09E+00,-0.05E+00,+0.05E+00,+0.00E+00,-15.81E+00,-69.72E+00,+85.21E+00,+4.418E+00
2,09/2/2026,14:58:41.772,-0.09E+00,-0.05E+00,+0.05E+00,+0.00E+00,-15.82E+00,-68.93E+00,+84.43E+00,+4.456E+00
2,09/2/2026,14:58:41.772,-0.09E+00,-0.05E+00,+0.05E+00,+0.00E+00,-15.84E+00,-68.11E+00,+83.64E+00,+4.502E+00
2,09/2/2026,14:58:41.772,-0.09E+00,-0.05E+00,+0.05E+00,-0.05E+00,-15.87E+00,-67.27E+00,+82.83E+00,+4.532E+00
2,09/2/2026,14:58:41.772,-0.14E+00,-0.05E+00,+0.05E+00,-0.05E+00,-15.89E+00,-66.43E+00,+81.99E+00,+4.570E+00
2,09/2/2026,14:58:41.772,-0.14E+00,-0.05E+00,+0.05E+00,+0.00E+00,-15.90E+00,-65.56E+00,+81.14E+00,+4.616E+00
2,09/2/2026,14:58:41.772,-0.09E+00,-0.05E+00,+0.05E+00,+0.00E+00,-15.90E+00,-64.67E+00,+80.27E+00,+4.654E+00
2,09/2/2026,14:58:41.772,-0.09E+00,-0.05E+00,+0.05E+00,+0.00E+00,-15.92E+00,-63.79E+00,+79.38E+00,+4.685E+00
2,09/2/2026,14:58:41.772,-0.09E+00,-0.05E+00,+0.05E+00,-0.05E+00,-15.92E+00,-62.89E+00,+78.48E+00,+4.723E+00
2,09/2/2026,14:58:41.772,-0.09E+00,-0.05E+00,+0.05E+00,+0.00E+00,-15.92E+00,-61.94E+00,+77.57E+00,+4.761E+00
2,09/2/2026,14:58:41.772,-0.09E+00,-0.05E+00,+0.05E+00,+0.00E+00,-15.92E+00,-60.99E+00,+76.62E+00,+4.792E+00
2,09/2/2026,14:58:41.772,-0.09E+00,-0.05E+00,+0.05E+00,+0.00E+00,-15.92E+00,-60.05E+00,+75.68E+00,+4.830E+00
2,09/2/2026,14:58:41.772,-0.09E+00,-0.05E+00,+0.05E+00,+0.00E+00,-15.90E+00,-59.07E+00,+74.68E+00,+4.860E+00
2,09/2/2026,14:58:41.772,-0.09E+00,-0.05E+00,+0.05E+00,+0.00E+00,-15.90E+00,-58.08E+00,+73.68E+00,+4.899E+00
2,09/2/2026,14:58:41.772,-0.09E+00,-0.05E+00,+0.05E+00,-0.05E+00,-15.89E+00,-57.07E+00,+72.67E+00,+4.937E+00
2,09/2/2026,14:58:41.772,-0.14E+00,-0.05E+00,+0.05E+00,-0.05E+00,-15.89E+00,-56.05E+00,+71.63E+00,+4.967E+00
2,09/2/2026,14:58:41.772,-0.09E+00,-0.05E+00,+0.05E+00,-0.05E+00,-15.87E+00,-55.00E+00,+70.56E+00,+5.005E+00
2,09/2/2026,14:58:41.772,-0.09E+00,-0.05E+00,+0.05E+00,+0.00E+00,-15.84E+00,-53.93E+00,+69.48E+00,+5.036E+00
2,09/2/2026,14:58:41.772,-0.14E+00,-0.05E+00,+0.05E+00,+0.00E+00,-15.82E+00,-52.86E+00,+68.40E+00,+5.074E+00
2,09/2/2026,14:58:41.772,-0.09E+00,-0.05E+00,+0.05E+00,+0.00E+00,-15.79E+00,-51.78E+00,+67.28E+00,+5.097E+00
2,09/2/2026,14:58:41.773,-0.09E+00,-0.05E+00,+0.05E+00,+0.00E+00,-15.78E+00,-50.66E+00,+66.15E+00,+5.127E+00
2,09/2/2026,14:58:41.773,-0.09E+00,-0.05E+00,+0.05E+00,+0.00E+00,-15.75E+00,-49.55E+00,+64.99E+00,+5.150E+00
2,09/2/2026,14:58:41.773,-0.14E+00,-0.05E+00,+0.05E+00,-0.05E+00,-15.70E+00,-48.44E+00,+63.82E+00,+5.166E+00
2,09/2/2026,14:58:41.773,-0.09E+00,-0.05E+00,+0.05E+00,-0.05E+00,-15.64E+00,-47.31E+00,+62.64E+00,+5.188E+00
2,09/2/2026,14:58:41.773,-0.09E+00,-0.05E+00,+0.05E+00,+0.00E+00,-15.58E+00,-46.18E+00,+61.45E+00,+5.211E+00
2,09/2/2026,14:58:41.773,-0.09E+00,-0.05E+00,+0.05E+00,+0.00E+00,-15.50E+00,-45.03E+00,+60.23E+00,+5.219E+00
2,09/2/2026,14:58:41.773,-0.09E+00,-0.05E+00,+0.05E+00,+0.00E+00,-15.43E+00,-43.89E+00,+59.00E+00,+5.234E+00
2,09/2/2026,14:58:41.773,-0.14E+00,-0.05E+00,+0.05E+00,-0.05E+00,-15.35E+00,-42.73E+00,+57.76E+00,+5.250E+00
2,09/2/2026,14:58:41.773,-0.14E+00,-0.05E+00,+0.05E+00,-0.05E+00,-15.26E+00,-41.55E+00,+56.49E+00,+5.257E+00
2,09/2/2026,14:58:41.773,-0.09E+00,-0.05E+00,+0.05E+00,+0.00E+00,-15.17E+00,-40.36E+00,+55.21E+00,+5.265E+00
2,09/2/2026,14:58:41.773,-0.09E+00,-0.09E+00,+0.05E+00,+0.00E+00,-15.08E+00,-39.17E+00,+53.93E+00,+5.272E+00
2,09/2/2026,14:58:41.773,-0.09E+00,-0.05E+00,+0.05E+00,+0.00E+00,-14.97E+00,-37.97E+00,+52.63E+00,+5.272E+00
2,09/2/2026,14:58:41.773,-0.09E+00,-0.05E+00,+0.05E+00,+0.00E+00,-14.86E+00,-36.76E+00,+51.30E+00,+5.280E+00
2,09/2/2026,14:58:41.773,-0.14E+00,-0.05E+00,+0.05E+00,+0.00E+00,-14.74E+00,-35.56E+00,+49.96E+00,+5.280E+00
2,09/2/2026,14:58:41.773,-0.14E+00,-0.05E+00,+0.05E+00,+0.00E+00,-14.60E+00,-34.32E+00,+48.62E+00,+5.280E+00
2,09/2/2026,14:58:41.773,-0.14E+00,-0.05E+00,+0.05E+00,+0.00E+00,-14.48E+00,-33.08E+00,+47.25E+00,+5.272E+00
2,09/2/2026,14:58:41.773,-0.09E+00,-0.05E+00,+0.05E+00,+0.00E+00,-14.33E+00,-31.85E+00,+45.89E+00,+5.272E+00
2,09/2/2026,14:58:41.773,-0.09E+00,-0.05E+00,+0.05E+00,+0.00E+00,-14.21E+00,-30.58E+00,+44.50E+00,+5.265E+00
2,09/2/2026,14:58:41.773,-0.09E+00,-0.05E+00,+0.05E+00,+0.00E+00,-14.07E+00,-29.31E+00,+43.09E+00,+5.257E+00
2,09/2/2026,14:58:41.773,-0.14E+00,-0.05E+00,+0.05E+00,-0.05E+00,-13.92E+00,-28.06E+00,+41.69E+00,+5.257E+00
2,09/2/2026,14:58:41.774,-0.09E+00,-0.05E+00,+0.05E+00,+0.00E+00,-13.78E+00,-26.80E+00,+40.27E+00,+5.242E+00
2,09/2/2026,14:58:41.774,-0.09E+00,-0.05E+00,+0.05E+00,+0.00E+00,-13.61E+00,-25.52E+00,+38.84E+00,+5.227E+00
2,09/2/2026,14:58:41.774,-0.09E+00,-0.05E+00,+0.05E+00,+0.00E+00,-13.46E+00,-24.23E+00,+37.40E+00,+5.219E+00
2,09/2/2026,14:58:41.774,-0.09E+00,-0.05E+00,+0.05E+00,+0.00E+00,-13.29E+00,-22.95E+00,+35.94E+00,+5.204E+00
2,09/2/2026,14:58:41.774,-0.09E+00,-0.05E+00,+0.05E+00,+0.00E+00,-13.12E+00,-21.65E+00,+34.49E+00,+5.188E+00
2,09/2/2026,14:58:41.774,-0.14E+00,-0.09E+00,+0.05E+00,+0.00E+00,-12.96E+00,-20.36E+00,+33.01E+00,+5.173E+00
2,09/2/2026,14:58:41.774,-0.09E+00,-0.09E+00,+0.05E+00,+0.00E+00,-12.77E+00,-19.04E+00,+31.53E+00,+5.150E+00
2,09/2/2026,14:58:41.774,-0.14E+00,-0.05E+00,+0.05E+00,+0.00E+00,-12.60E+00,-17.75E+00,+30.05E+00,+5.135E+00
2,09/2/2026,14:58:41.774,-0.09E+00,-0.05E+00,+0.05E+00,+0.00E+00,-12.42E+00,-16.44E+00,+28.55E+00,+5.112E+00
2,09/2/2026,14:58:41.774,-0.09E+00,-0.05E+00,+0.05E+00,-0.05E+00,-12.24E+00,-15.11E+00,+27.04E+00,+5.089E+00
2,09/2/2026,14:58:41.774,-0.09E+00,-0.05E+00,+0.05E+00,-0.05E+00,-12.07E+00,-13.80E+00,+25.55E+00,+5.066E+00
2,09/2/2026,14:58:41.774,-0.14E+00,-0.05E+00,+0.05E+00,+0.00E+00,-11.89E+00,-12.47E+00,+24.05E+00,+5.036E+00
2,09/2/2026,14:58:41.774,-0.09E+00,-0.05E+00,+0.05E+00,+0.00E+00,-11.70E+00,-11.16E+00,+22.54E+00,+5.013E+00
2,09/2/2026,14:58:41.774,-0.09E+00,-0.05E+00,+0.05E+00,-0.05E+00,-11.51E+00,-9.83E+00,+21.01E+00,+4.990E+00
2,09/2/2026,14:58:41.774,-0.09E+00,-0.05E+00,+0.05E+00,+0.00E+00,-11.32E+00,-8.50E+00,+19.49E+00,+4.960E+00
2,09/2/2026,14:58:41.774,-0.09E+00,-0.05E+00,+0.05E+00,+0.00E+00,-11.14E+00,-7.17E+00,+17.98E+00,+4.929E+00
2,09/2/2026,14:58:41.774,-0.09E+00,-0.05E+00,+0.05E+00,+0.00E+00,-10.96E+00,-5.84E+00,+16.47E+00,+4.899E+00
2,09/2/2026,14:58:41.774,-0.09E+00,-0.05E+00,+0.05E+00,+0.00E+00,-10.77E+00,-4.52E+00,+14.94E+00,+4.868E+00
2,09/2/2026,14:58:41.774,-0.09E+00,-0.05E+00,+0.05E+00,+0.00E+00,-10.58E+00,-3.19E+00,+13.43E+00,+4.837E+00
2,09/2/2026,14:58:41.774,-0.14E+00,-0.05E+00,+0.05E+00,-0.05E+00,-10.39E+00,-1.86E+00,+11.92E+00,+4.807E+00
2,09/2/2026,14:58:41.775,-0.09E+00,-0.05E+00,+0.05E+00,+0.00E+00,-10.21E+00,-0.53E+00,+10.41E+00,+4.769E+00
2,09/2/2026,14:58:41.775,-0.09E+00,-0.05E+00,+0.05E+00,+0.00E+00,-10.01E+00,+0.79E+00,+8.88E+00,+4.738E+00
2,09/2/2026,14:58:41.775,-0.09E+00,-0.05E+00,+0.05E+00,+0.00E+00,-9.83E+00,+2.12E+00,+7.36E+00,+4.708E+00
2,09/2/2026,14:58:41.775,-0.09E+00,-0.05E+00,+0.05E+00,-0.05E+00,-9.63E+00,+3.45E+00,+5.84E+00,+4.670E+00
2,09/2/2026,14:58:41.775,-0.14E+00,-0.05E+00,+0.05E+00,-0.05E+00,-9.45E+00,+4.78E+00,+4.33E+00,+4.631E+00
2,09/2/2026,14:58:41.775,-0.09E+00,-0.05E+00,+0.05E+00,-0.05E+00,-9.25E+00,+6.10E+00,+2.82E+00,+4.601E+00
2,09/2/2026,14:58:41.775,-0.09E+00,-0.05E+00,+0.05E+00,+0.00E+00,-9.06E+00,+7.43E+00,+1.30E+00,+4.563E+00
2,09/2/2026,14:58:41.775,-0.09E+00,-0.05E+00,+0.05E+00,+0.00E+00,-8.87E+00,+8.74E+00,-0.21E+00,+4.525E+00
2,09/2/2026,14:58:41.775,-0.09E+00,-0.05E+00,+0.05E+00,+0.00E+00,-8.68E+00,+10.06E+00,-1.72E+00,+4.486E+00
2,09/2/2026,14:58:41.775,-0.09E+00,-0.05E+00,+0.05E+00,+0.00E+00,-8.50E+00,+11.38E+00,-3.24E+00,+4.448E+00
2,09/2/2026,14:58:41.775,-0.14E+00,-0.05E+00,+0.05E+00,+0.00E+00,-8.30E+00,+12.70E+00,-4.75E+00,+4.410E+00
2,09/2/2026,14:58:41.775,-0.14E+00,-0.05E+00,+0.05E+00,+0.00E+00,-8.10E+00,+14.01E+00,-6.26E+00,+4.372E+00
2,09/2/2026,14:58:41.775,-0.09E+00,-0.05E+00,+0.05E+00,+0.00E+00,-7.90E+00,+15.31E+00,-7.75E+00,+4.334E+00
2,09/2/2026,14:58:41.775,-0.09E+00,-0.05E+00,+0.05E+00,+0.00E+00,-7.71E+00,+16.60E+00,-9.26E+00,+4.288E+00
2,09/2/2026,14:58:41.775,-0.09E+00,-0.05E+00,+0.05E+00,+0.00E+00,-7.51E+00,+17.92E+00,-10.77E+00,+4.250E+00
2,09/2/2026,14:58:41.775,-0.14E+00,-0.05E+00,+0.05E+00,-0.05E+00,-7.31E+00,+19.23E+00,-12.27E+00,+4.212E+00
2,09/2/2026,14:58:41.775,-0.14E+00,-0.05E+00,+0.05E+00,-0.05E+00,-7.11E+00,+20.52E+00,-13.78E+00,+4.166E+00
2,09/2/2026,14:58:41.775,-0.14E+00,-0.05E+00,+0.05E+00,+0.00E+00,-6.91E+00,+21.82E+00,-15.28E+00,+4.120E+00
2,09/2/2026,14:58:41.775,-0.09E+00,-0.05E+00,+0.05E+00,+0.00E+00,-6.70E+00,+23.10E+00,-16.76E+00,+4.082E+00
2,09/2/2026,14:58:41.775,-0.09E+00,-0.05E+00,+0.05E+00,+0.00E+00,-6.50E+00,+24.40E+00,-18.25E+00,+4.036E+00
2,09/2/2026,14:58:41.776,-0.09E+00,-0.05E+00,+0.05E+00,+0.00E+00,-6.30E+00,+25.68E+00,-19.75E+00,+3.991E+00
2,09/2/2026,14:58:41.776,-0.09E+00,-0.05E+00,+0.05E+00,-0.05E+00,-6.07E+00,+26.98E+00,-21.26E+00,+3.952E+00
2,09/2/2026,14:58:41.776,-0.09E+00,-0.05E+00,+0.00E+00,-0.05E+00,-5.88E+00,+28.25E+00,-22.75E+00,+3.907E+00
2,09/2/2026,14:58:41.776,-0.09E+00,-0.05E+00,+0.05E+00,+0.00E+00,-5.65E+00,+29.53E+00,-24.25E+00,+3.853E+00
2,09/2/2026,14:58:41.776,-0.09E+00,-0.05E+00,+0.05E+00,+0.00E+00,-5.42E+00,+30.81E+00,-25.74E+00,+3.807E+00
2,09/2/2026,14:58:41.776,-0.09E+00,-0.05E+00,+0.05E+00,+0.00E+00,-5.20E+00,+32.09E+00,-27.24E+00,+3.762E+00
2,09/2/2026,14:58:41.776,-0.09E+00,-0.05E+00,+0.05E+00,+0.00E+00,-4.97E+00,+33.36E+00,-28.73E+00,+3.716E+00
2,09/2/2026,14:58:41.776,-0.09E+00,-0.05E+00,+0.05E+00,-0.05E+00,-4.76E+00,+34.63E+00,-30.23E+00,+3.655E+00
2,09/2/2026,14:58:41.776,-0.09E+00,-0.05E+00,+0.05E+00,+0.00E+00,-4.53E+00,+35.88E+00,-31.71E+00,+3.609E+00
2,09/2/2026,14:58:41.776,-0.09E+00,-0.05E+00,+0.05E+00,+0.00E+00,-4.30E+00,+37.11E+00,-33.18E+00,+3.556E+00
2,09/2/2026,14:58:41.776,-0.09E+00,-0.05E+00,+0.05E+00,+0.00E+00,-4.07E+00,+38.33E+00,-34.63E+00,+3.495E+00
2,09/2/2026,14:58:41.776,-0.09E+00,-0.05E+00,+0.05E+00,+0.00E+00,-3.83E+00,+39.54E+00,-36.06E+00,+3.434E+00
2,09/2/2026,14:58:41.776,-0.09E+00,-0.05E+00,+0.05E+00,+0.00E+00,-3.60E+00,+40.73E+00,-37.49E+00,+3.357E+00
2,09/2/2026,14:58:41.776,-0.14E+00,-0.05E+00,+0.05E+00,+0.00E+00,-3.37E+00,+41.90E+00,-38.91E+00,+3.289E+00
2,09/2/2026,14:58:41.776,-0.09E+00,-0.05E+00,+0.05E+00,-0.05E+00,-3.13E+00,+43.06E+00,-40.30E+00,+3.220E+00
2,09/2/2026,14:58:41.776,-0.09E+00,-0.05E+00,+0.05E+00,-0.05E+00,-2.87E+00,+44.22E+00,-41.71E+00,+3.151E+00
2,09/2/2026,14:58:41.776,-0.09E+00,-0.05E+00,+0.05E+00,-0.05E+00,-2.62E+00,+45.35E+00,-43.08E+00,+3.083E+00
2,09/2/2026,14:58:41.776,-0.09E+00,-0.05E+00,+0.05E+00,+0.00E+00,-2.38E+00,+46.47E+00,-44.45E+00,+3.014E+00
2,09/2/2026,14:58:41.776,-0.09E+00,-0.05E+00,+0.05E+00,+0.00E+00,-2.14E+00,+47.58E+00,-45.83E+00,+2.938E+00
2,09/2/2026,14:58:41.776,-0.14E+00,-0.05E+00,+0.05E+00,+0.00E+00,-1.88E+00,+48.66E+00,-47.17E+00,+2.861E+00
2,09/2/2026,14:58:41.777,-0.09E+00,-0.05E+00,+0.05E+00,+0.00E+00,-1.60E+00,+49.75E+00,-48.50E+00,+2.793E+00
2,09/2/2026,14:58:41.777,-0.09E+00,-0.05E+00,+0.05E+00,+0.00E+00,-1.36E+00,+50.82E+00,-49.84E+00,+2.716E+00
2,09/2/2026,14:58:41.777,-0.09E+00,-0.05E+00,+0.05E+00,+0.00E+00,-1.10E+00,+51.87E+00,-51.15E+00,+2.632E+00
2,09/2/2026,14:58:41.777,-0.09E+00,-0.05E+00,+0.05E+00,+0.00E+00,-0.84E+00,+52.91E+00,-52.45E+00,+2.556E+00
2,09/2/2026,14:58:41.777,-0.09E+00,-0.05E+00,+0.05E+00,-0.05E+00,-0.58E+00,+53.93E+00,-53.73E+00,+2.480E+00
2,09/2/2026,14:58:41.777,-0.09E+00,-0.05E+00,+0.05E+00,-0.05E+00,-0.31E+00,+54.95E+00,-55.00E+00,+2.396E+00
2,09/2/2026,14:58:41.777,-0.14E+00,-0.05E+00,+0.05E+00,+0.00E+00,-0.05E+00,+55.94E+00,-56.25E+00,+2.320E+00
2,09/2/2026,14:58:41.777,-0.14E+00,-0.05E+00,+0.05E+00,+0.00E+00,+0.21E+00,+56.91E+00,-57.49E+00,+2.236E+00
2,09/2/2026,14:58:41.777,-0.09E+00,-0.05E+00,+0.05E+00,+0.00E+00,+0.47E+00,+57.87E+00,-58.72E+00,+2.159E+00
2,09/2/2026,14:58:41.777,-0.09E+00,-0.05E+00,+0.05E+00,+0.00E+00,+0.73E+00,+58.83E+00,-59.93E+00,+2.075E+00
2,09/2/2026,14:58:41.777,-0.09E+00,-0.05E+00,+0.05E+00,+0.00E+00,+0.99E+00,+59.76E+00,-61.12E+00,+1.991E+00
2,09/2/2026,14:58:41.777,-0.14E+00,-0.05E+00,+0.05E+00,+0.00E+00,+1.27E+00,+60.67E+00,-62.31E+00,+1.915E+00
2,09/2/2026,14:58:41.777,-0.14E+00,-0.05E+00,+0.05E+00,+0.00E+00,+1.53E+00,+61.57E+00,-63.47E+00,+1.831E+00
2,09/2/2026,14:58:41.777,-0.09E+00,-0.05E+00,+0.05E+00,+0.00E+00,+1.79E+00,+62.46E+00,-64.61E+00,+1.747E+00
2,09/2/2026,14:58:41.777,-0.09E+00,-0.05E+00,+0.05E+00,+0.00E+00,+2.04E+00,+63.35E+00,-65.76E+00,+1.663E+00
2,09/2/2026,14:58:41.777,-0.09E+00,-0.05E+00,+0.05E+00,+0.00E+00,+2.30E+00,+64.20E+00,-66.87E+00,+1.587E+00
2,09/2/2026,14:58:41.777,-0.09E+00,-0.05E+00,+0.05E+00,+0.00E+00,+2.56E+00,+65.04E+00,-67.95E+00,+1.503E+00
2,09/2/2026,14:58:41.777,-0.09E+00,-0.05E+00,+0.05E+00,-0.05E+00,+2.81E+00,+65.86E+00,-69.04E+00,+1.427E+00
2,09/2/2026,14:58:41.777,-0.09E+00,-0.05E+00,+0.05E+00,-0.05E+00,+3.05E+00,+66.66E+00,-70.09E+00,+1.343E+00
2,09/2/2026,14:58:41.777,-0.09E+00,-0.05E+00,+0.05E+00,-0.05E+00,+3.31E+00,+67.45E+00,-71.14E+00,+1.259E+00
2,09/2/2026,14:58:41.778,-0.09E+00,-0.05E+00,+0.05E+00,+0.00E+00,+3.56E+00,+68.23E+00,-72.15E+00,+1.175E+00
2,09/2/2026,14:58:41.778,-0.09E+00,-0.05E+00,+0.05E+00,+0.00E+00,+3.78E+00,+68.99E+00,-73.16E+00,+1.099E+00
2,09/2/2026,14:58:41.778,-0.09E+00,-0.05E+00,+0.05E+00,+0.00E+00,+4.03E+00,+69.74E+00,-74.13E+00,+1.015E+00
2,09/2/2026,14:58:41.778,-0.14E+00,-0.05E+00,+0.05E+00,-0.05E+00,+4.26E+00,+70.47E+00,-75.10E+00,+0.931E+00
2,09/2/2026,14:58:41.778,-0.14E+00,-0.05E+00,+0.05E+00,-0.05E+00,+4.50E+00,+71.17E+00,-76.04E+00,+0.855E+00
2,09/2/2026,14:58:41.778,-0.14E+00,-0.05E+00,+0.05E+00,-0.05E+00,+4.73E+00,+71.88E+00,-76.97E+00,+0.771E+00
2,09/2/2026,14:58:41.778,-0.09E+00,-0.05E+00,+0.05E+00,+0.00E+00,+4.96E+00,+72.55E+00,-77.89E+00,+0.687E+00
2,09/2/2026,14:58:41.778,-0.09E+00,-0.05E+00,+0.05E+00,+0.00E+00,+5.19E+00,+73.22E+00,-78.77E+00,+0.610E+00
2,09/2/2026,14:58:41.778,-0.09E+00,-0.05E+00,+0.05E+00,-0.05E+00,+5.42E+00,+73.86E+00,-79.64E+00,+0.526E+00
2,09/2/2026,14:58:41.778,-0.09E+00,-0.05E+00,+0.05E+00,-0.05E+00,+5.63E+00,+74.50E+00,-80.50E+00,+0.450E+00
2,09/2/2026,14:58:41.778,-0.09E+00,-0.05E+00,+0.05E+00,-0.05E+00,+5.86E+00,+75.11E+00,-81.34E+00,+0.374E+00
2,09/2/2026,14:58:41.778,-0.09E+00,-0.05E+00,+0.05E+00,+0.00E+00,+6.07E+00,+75.71E+00,-82.16E+00,+0.298E+00
2,09/2/2026,14:58:41.778,-0.09E+00,-0.05E+00,+0.05E+00,+0.00E+00,+6.29E+00,+76.30E+00,-82.95E+00,+0.221E+00
2,09/2/2026,14:58:41.778,-0.09E+00,-0.05E+00,+0.05E+00,+0.00E+00,+6.50E+00,+76.85E+00,-83.75E+00,+0.145E+00
2,09/2/2026,14:58:41.778,-0.09E+00,-0.05E+00,+0.05E+00,+0.00E+00,+6.73E+00,+77.41E+00,-84.51E+00,+0.069E+00
2,09/2/2026,14:58:41.778,-0.09E+00,-0.05E+00,+0.05E+00,+0.00E+00,+6.94E+00,+77.95E+00,-85.27E+00,-0.008E+00
2,09/2/2026,14:58:41.778,-0.14E+00,+0.00E+00,+0.05E+00,+0.00E+00,+7.16E+00,+78.47E+00,-86.01E+00,-0.092E+00
2,09/2/2026,14:58:41.778,-0.14E+00,-0.05E+00,+0.05E+00,+0.00E+00,+7.37E+00,+78.96E+00,-86.71E+00,-0.168E+00
2,09/2/2026,14:58:41.778,-0.09E+00,-0.05E+00,+0.05E+00,+0.00E+00,+7.58E+00,+79.44E+00,-87.40E+00,-0.244E+00
2,09/2/2026,14:58:41.778,-0.09E+00,-0.05E+00,+0.05E+00,+0.00E+00,+7.80E+00,+79.90E+00,-88.08E+00,-0.320E+00
2,09/2/2026,14:58:41.779,-0.09E+00,-0.05E+00,+0.05E+00,+0.00E+00,+8.01E+00,+80.34E+00,-88.74E+00,-0.397E+00
2,09/2/2026,14:58:41.779,-0.14E+00,-0.05E+00,+0.05E+00,+0.00E+00,+8.23E+00,+80.77E+00,-89.38E+00,-0.481E+00
2,09/2/2026,14:58:41.779,-0.09E+00,-0.05E+00,+0.05E+00,+0.00E+00,+8.44E+00,+81.18E+00,-90.00E+00,-0.557E+00
2,09/2/2026,14:58:41.779,-0.09E+00,-0.05E+00,+0.05E+00,+0.00E+00,+8.65E+00,+81.58E+00,-90.61E+00,-0.633E+00
2,09/2/2026,14:58:41.779,-0.09E+00,-0.05E+00,+0.05E+00,+0.00E+00,+8.87E+00,+81.96E+00,-91.19E+00,-0.710E+00
2,09/2/2026,14:58:41.779,-0.09E+00,-0.05E+00,+0.05E+00,+0.00E+00,+9.08E+00,+82.31E+00,-91.77E+00,-0.794E+00
2,09/2/2026,14:58:41.779,-0.09E+00,-0.05E+00,+0.05E+00,+0.00E+00,+9.28E+00,+82.65E+00,-92.32E+00,-0.870E+00
2,09/2/2026,14:58:41.779,-0.14E+00,-0.05E+00,+0.05E+00,+0.00E+00,+9.51E+00,+82.97E+00,-92.87E+00,-0.954E+00
2,09/2/2026,14:58:41.779,-0.14E+00,-0.05E+00,+0.05E+00,+0.00E+00,+9.72E+00,+83.27E+00,-93.38E+00,-1.038E+00
2,09/2/2026,14:58:41.779,-0.09E+00,-0.05E+00,+0.05E+00,+0.00E+00,+9.93E+00,+83.55E+00,-93.88E+00,-1.122E+00
2,09/2/2026,14:58:41.779,-0.09E+00,-0.05E+00,+0.05E+00,+0.00E+00,+10.16E+00,+83.81E+00,-94.37E+00,-1.198E+00
2,09/2/2026,14:58:41.779,-0.09E+00,-0.05E+00,+0.05E+00,+0.00E+00,+10.38E+00,+84.05E+00,-94.83E+00,-1.282E+00
2,09/2/2026,14:58:41.779,-0.14E+00,-0.05E+00,+0.05E+00,-0.05E+00,+10.59E+00,+84.28E+00,-95.27E+00,-1.358E+00
2,09/2/2026,14:58:41.779,-0.09E+00,-0.05E+00,+0.05E+00,+0.00E+00,+10.80E+00,+84.50E+00,-95.68E+00,-1.442E+00
2,09/2/2026,14:58:41.779,-0.14E+00,-0.05E+00,+0.05E+00,+0.00E+00,+11.00E+00,+84.69E+00,-96.09E+00,-1.518E+00
2,09/2/2026,14:58:41.779,-0.09E+00,-0.05E+00,+0.05E+00,+0.00E+00,+11.20E+00,+84.88E+00,-96.47E+00,-1.595E+00
2,09/2/2026,14:58:41.779,-0.09E+00,-0.05E+00,+0.00E+00,+0.00E+00,+11.38E+00,+85.05E+00,-96.83E+00,-1.671E+00
2,09/2/2026,14:58:41.779,-0.09E+00,-0.05E+00,+0.05E+00,+0.00E+00,+11.58E+00,+85.18E+00,-97.16E+00,-1.747E+00
2,09/2/2026,14:58:41.779,-0.14E+00,-0.05E+00,+0.05E+00,+0.00E+00,+11.77E+00,+85.30E+00,-97.47E+00,-1.831E+00
2,09/2/2026,14:58:41.779,-0.14E+00,-0.05E+00,+0.05E+00,-0.05E+00,+11.93E+00,+85.40E+00,-97.74E+00,-1.908E+00
2,09/2/2026,14:58:41.780,-0.09E+00,-0.05E+00,+0.05E+00,-0.05E+00,+12.12E+00,+85.47E+00,-97.99E+00,-1.991E+00
2,09/2/2026,14:58:41.780,-0.09E+00,-0.05E+00,+0.05E+00,+0.00E+00,+12.28E+00,+85.52E+00,-98.20E+00,-2.075E+00
2,09/2/2026,14:58:41.780,-0.09E+00,-0.05E+00,+0.05E+00,+0.00E+00,+12.44E+00,+85.55E+00,-98.37E+00,-2.152E+00
2,09/2/2026,14:58:41.780,-0.09E+00,-0.05E+00,+0.05E+00,+0.00E+00,+12.59E+00,+85.53E+00,-98.50E+00,-2.236E+00
2,09/2/2026,14:58:41.780,-0.14E+00,-0.05E+00,+0.05E+00,+0.00E+00,+12.71E+00,+85.50E+00,-98.63E+00,-2.312E+00
2,09/2/2026,14:58:41.780,-0.14E+00,-0.05E+00,+0.05E+00,+0.00E+00,+12.85E+00,+85.46E+00,-98.72E+00,-2.388E+00
2,09/2/2026,14:58:41.780,-0.14E+00,-0.05E+00,+0.05E+00,+0.00E+00,+12.99E+00,+85.38E+00,-98.76E+00,-2.465E+00
2,09/2/2026,14:58:41.780,-0.09E+00,-0.05E+00,+0.05E+00,+0.00E+00,+13.11E+00,+85.27E+00,-98.79E+00,-2.541E+00
2,09/2/2026,14:58:41.780,-0.09E+00,-0.05E+00,+0.05E+00,+0.00E+00,+13.23E+00,+85.17E+00,-98.81E+00,-2.609E+00
2,09/2/2026,14:58:41.780,-0.14E+00,-0.05E+00,+0.05E+00,+0.00E+00,+13.37E+00,+85.03E+00,-98.79E+00,-2.686E+00
2,09/2/2026,14:58:41.780,-0.14E+00,-0.05E+00,+0.05E+00,-0.05E+00,+13.51E+00,+84.86E+00,-98.76E+00,-2.754E+00
2,09/2/2026,14:58:41.780,-0.14E+00,-0.05E+00,+0.05E+00,-0.05E+00,+13.61E+00,+84.68E+00,-98.70E+00,-2.823E+00
2,09/2/2026,14:58:41.780,-0.14E+00,-0.05E+00,+0.05E+00,+0.00E+00,+13.73E+00,+84.48E+00,-98.63E+00,-2.892E+00
2,09/2/2026,14:58:41.780,-0.09E+00,-0.05E+00,+0.05E+00,+0.00E+00,+13.87E+00,+84.25E+00,-98.52E+00,-2.960E+00
2,09/2/2026,14:58:41.780,-0.14E+00,-0.05E+00,+0.00E+00,+0.00E+00,+13.98E+00,+83.99E+00,-98.38E+00,-3.037E+00
2,09/2/2026,14:58:41.780,-0.14E+00,-0.05E+00,+0.05E+00,+0.00E+00,+14.07E+00,+83.72E+00,-98.20E+00,-3.105E+00
2,09/2/2026,14:58:41.780,-0.09E+00,-0.05E+00,+0.05E+00,+0.00E+00,+14.18E+00,+83.41E+00,-98.00E+00,-3.174E+00
2,09/2/2026,14:58:41.780,-0.09E+00,-0.05E+00,+0.05E+00,+0.00E+00,+14.27E+00,+83.08E+00,-97.76E+00,-3.243E+00
2,09/2/2026,14:58:41.780,-0.14E+00,-0.05E+00,+0.05E+00,-0.05E+00,+14.36E+00,+82.73E+00,-97.50E+00,-3.311E+00
2,09/2/2026,14:58:41.780,-0.09E+00,-0.05E+00,+0.05E+00,+0.00E+00,+14.45E+00,+82.34E+00,-97.21E+00,-3.380E+00
2,09/2/2026,14:58:41.781,-0.09E+00,-0.05E+00,+0.05E+00,+0.00E+00,+14.53E+00,+81.95E+00,-96.89E+00,-3.449E+00
2,09/2/2026,14:58:41.781,-0.09E+00,-0.05E+00,+0.05E+00,+0.00E+00,+14.62E+00,+81.52E+00,-96.55E+00,-3.517E+00
2,09/2/2026,14:58:41.781,-0.09E+00,-0.05E+00,+0.05E+00,-0.05E+00,+14.70E+00,+81.08E+00,-96.18E+00,-3.579E+00
2,09/2/2026,14:58:41.781,-0.09E+00,-0.05E+00,+0.05E+00,-0.05E+00,+14.77E+00,+80.60E+00,-95.79E+00,-3.640E+00
2,09/2/2026,14:58:41.781,-0.09E+00,-0.05E+00,+0.05E+00,+0.00E+00,+14.85E+00,+80.12E+00,-95.38E+00,-3.701E+00
2,09/2/2026,14:58:41.781,-0.09E+00,-0.05E+00,+0.05E+00,+0.00E+00,+14.92E+00,+79.61E+00,-94.95E+00,-3.762E+00
2,09/2/2026,14:58:41.781,-0.14E+00,-0.05E+00,+0.05E+00,+0.00E+00,+15.00E+00,+79.09E+00,-94.49E+00,-3.823E+00
2,09/2/2026,14:58:41.781,-0.09E+00,-0.05E+00,+0.05E+00,+0.00E+00,+15.06E+00,+78.54E+00,-94.02E+00,-3.876E+00
2,09/2/2026,14:58:41.781,-0.14E+00,-0.05E+00,+0.05E+00,+0.00E+00,+15.12E+00,+77.98E+00,-93.51E+00,-3.937E+00
2,09/2/2026,14:58:41.781,-0.14E+00,-0.05E+00,+0.05E+00,+0.00E+00,+15.18E+00,+77.40E+00,-93.00E+00,-3.991E+00
2,09/2/2026,14:58:41.781,-0.09E+00,-0.05E+00,+0.05E+00,-0.05E+00,+15.24E+00,+76.79E+00,-92.43E+00,-4.036E+00
2,09/2/2026,14:58:41.781,-0.09E+00,-0.05E+00,+0.05E+00,-0.05E+00,+15.29E+00,+76.16E+00,-91.87E+00,-4.090E+00
2,09/2/2026,14:58:41.781,-0.09E+00,-0.05E+00,+0.05E+00,+0.00E+00,+15.35E+00,+75.52E+00,-91.29E+00,-4.151E+00
2,09/2/2026,14:58:41.781,-0.09E+00,-0.05E+00,+0.05E+00,-0.05E+00,+15.40E+00,+74.87E+00,-90.66E+00,-4.197E+00
2,09/2/2026,14:58:41.781,-0.14E+00,-0.05E+00,+0.09E+00,-0.05E+00,+15.43E+00,+74.20E+00,-90.02E+00,-4.242E+00
2,09/2/2026,14:58:41.781,-0.14E+00,-0.05E+00,+0.05E+00,+0.00E+00,+15.46E+00,+73.51E+00,-89.38E+00,-4.288E+00
2,09/2/2026,14:58:41.781,-0.14E+00,-0.05E+00,+0.05E+00,+0.00E+00,+15.49E+00,+72.79E+00,-88.69E+00,-4.334E+00
2,09/2/2026,14:58:41.781,-0.09E+00,-0.05E+00,+0.05E+00,+0.00E+00,+15.52E+00,+72.07E+00,-88.01E+00,-4.380E+00
2,09/2/2026,14:58:41.781,-0.09E+00,-0.05E+00,+0.05E+00,+0.00E+00,+15.55E+00,+71.33E+00,-87.29E+00,-4.425E+00
2,09/2/2026,14:58:41.781,-0.09E+00,-0.05E+00,+0.05E+00,+0.00E+00,+15.57E+00,+70.58E+00,-86.56E+00,-4.471E+00
2,09/2/2026,14:58:41.782,-0.09E+00,-0.05E+00,+0.05E+00,+0.00E+00,+15.60E+00,+69.80E+00,-85.81E+00,-4.509E+00
2,09/2/2026,14:58:41.782,-0.14E+00,-0.05E+00,+0.05E+00,+0.00E+00,+15.61E+00,+69.01E+00,-85.05E+00,-4.555E+00
2,09/2/2026,14:58:41.782,-0.14E+00,-0.05E+00,+0.05E+00,+0.00E+00,+15.63E+00,+68.20E+00,-84.25E+00,-4.593E+00
2,09/2/2026,14:58:41.782,-0.09E+00,-0.05E+00,+0.05E+00,+0.00E+00,+15.64E+00,+67.37E+00,-83.44E+00,-4.631E+00
2,09/2/2026,14:58:41.782,-0.09E+00,-0.05E+00,+0.05E+00,+0.00E+00,+15.67E+00,+66.53E+00,-82.63E+00,-4.670E+00
2,09/2/2026,14:58:41.782,-0.09E+00,-0.05E+00,+0.05E+00,-0.05E+00,+15.69E+00,+65.70E+00,-81.78E+00,-4.708E+00
2,09/2/2026,14:58:41.782,-0.09E+00,-0.05E+00,+0.05E+00,-0.05E+00,+15.69E+00,+64.81E+00,-80.92E+00,-4.746E+00
2,09/2/2026,14:58:41.782,-0.09E+00,-0.05E+00,+0.05E+00,+0.00E+00,+15.70E+00,+63.92E+00,-80.05E+00,-4.784E+00
2,09/2/2026,14:58:41.782,-0.14E+00,-0.05E+00,+0.05E+00,+0.00E+00,+15.70E+00,+63.02E+00,-79.15E+00,-4.822E+00
2,09/2/2026,14:58:41.782,-0.14E+00,-0.05E+00,+0.05E+00,+0.00E+00,+15.70E+00,+62.11E+00,-78.24E+00,-4.860E+00
2,09/2/2026,14:58:41.782,-0.09E+00,-0.05E+00,+0.05E+00,+0.00E+00,+15.72E+00,+61.18E+00,-77.31E+00,-4.891E+00
2,09/2/2026,14:58:41.782,-0.14E+00,-0.05E+00,+0.05E+00,+0.00E+00,+15.70E+00,+60.23E+00,-76.36E+00,-4.929E+00
2,09/2/2026,14:58:41.782,-0.09E+00,-0.05E+00,+0.05E+00,+0.00E+00,+15.70E+00,+59.26E+00,-75.40E+00,-4.967E+00
2,09/2/2026,14:58:41.782,-0.09E+00,-0.05E+00,+0.05E+00,+0.00E+00,+15.69E+00,+58.28E+00,-74.41E+00,-4.998E+00
2,09/2/2026,14:58:41.782,-0.09E+00,-0.05E+00,+0.05E+00,+0.00E+00,+15.69E+00,+57.29E+00,-73.40E+00,-5.036E+00
2,09/2/2026,14:58:41.782,-0.09E+00,-0.05E+00,+0.05E+00,+0.00E+00,+15.67E+00,+56.26E+00,-72.36E+00,-5.074E+00
2,09/2/2026,14:58:41.782,-0.09E+00,-0.05E+00,+0.05E+00,+0.00E+00,+15.66E+00,+55.21E+00,-71.31E+00,-5.105E+00
2,09/2/2026,14:58:41.782,-0.14E+00,-0.05E+00,+0.05E+00,-0.05E+00,+15.64E+00,+54.17E+00,-70.24E+00,-5.143E+00
2,09/2/2026,14:58:41.782,-0.14E+00,-0.05E+00,+0.05E+00,-0.05E+00,+15.63E+00,+53.11E+00,-69.16E+00,-5.173E+00
2,09/2/2026,14:58:41.782,-0.14E+00,-0.05E+00,+0.05E+00,-0.05E+00,+15.60E+00,+52.02E+00,-68.06E+00,-5.204E+00
2,09/2/2026,14:58:41.783,-0.14E+00,-0.05E+00,+0.05E+00,-0.05E+00,+15.58E+00,+50.94E+00,-66.95E+00,-5.227E+00
2,09/2/2026,14:58:41.783,-0.14E+00,-0.05E+00,+0.05E+00,+0.00E+00,+15.53E+00,+49.84E+00,-65.80E+00,-5.257E+00
2,09/2/2026,14:58:41.783,-0.09E+00,-0.05E+00,+0.05E+00,+0.00E+00,+15.49E+00,+48.73E+00,-64.64E+00,-5.280E+00
2,09/2/2026,14:58:41.783,-0.09E+00,-0.05E+00,+0.05E+00,+0.00E+00,+15.43E+00,+47.61E+00,-63.47E+00,-5.295E+00
2,09/2/2026,14:58:41.783,-0.14E+00,-0.05E+00,+0.05E+00,-0.05E+00,+15.38E+00,+46.48E+00,-62.29E+00,-5.318E+00
2,09/2/2026,14:58:41.783,-0.09E+00,-0.05E+00,+0.05E+00,-0.05E+00,+15.32E+00,+45.35E+00,-61.09E+00,-5.333E+00
2,09/2/2026,14:58:41.783,-0.09E+00,-0.05E+00,+0.05E+00,+0.00E+00,+15.23E+00,+44.21E+00,-59.87E+00,-5.341E+00
2,09/2/2026,14:58:41.783,-0.14E+00,-0.05E+00,+0.05E+00,+0.00E+00,+15.15E+00,+43.06E+00,-58.63E+00,-5.356E+00
2,09/2/2026,14:58:41.783,-0.09E+00,-0.05E+00,+0.05E+00,+0.00E+00,+15.06E+00,+41.90E+00,-57.38E+00,-5.364E+00
2,09/2/2026,14:58:41.783,-0.09E+00,-0.05E+00,+0.05E+00,-0.05E+00,+14.97E+00,+40.73E+00,-56.10E+00,-5.372E+00
2,09/2/2026,14:58:41.783,-0.09E+00,-0.05E+00,+0.05E+00,+0.00E+00,+14.86E+00,+39.54E+00,-54.81E+00,-5.379E+00
2,09/2/2026,14:58:41.783,-0.09E+00,-0.05E+00,+0.05E+00,+0.00E+00,+14.76E+00,+38.35E+00,-53.52E+00,-5.387E+00
2,09/2/2026,14:58:41.783,-0.09E+00,-0.05E+00,+0.05E+00,+0.00E+00,+14.65E+00,+37.14E+00,-52.21E+00,-5.387E+00
2,09/2/2026,14:58:41.783,-0.09E+00,-0.05E+00,+0.05E+00,-0.05E+00,+14.53E+00,+35.94E+00,-50.89E+00,-5.387E+00
2,09/2/2026,14:58:41.783,-0.09E+00,-0.05E+00,+0.05E+00,+0.00E+00,+14.41E+00,+34.73E+00,-49.55E+00,-5.387E+00
2,09/2/2026,14:58:41.783,-0.09E+00,-0.05E+00,+0.05E+00,-0.05E+00,+14.27E+00,+33.51E+00,-48.19E+00,-5.379E+00
2,09/2/2026,14:58:41.783,-0.14E+00,-0.05E+00,+0.05E+00,+0.00E+00,+14.15E+00,+32.28E+00,-46.83E+00,-5.379E+00
2,09/2/2026,14:58:41.783,-0.14E+00,-0.05E+00,+0.05E+00,+0.00E+00,+14.01E+00,+31.02E+00,-45.46E+00,-5.379E+00
2,09/2/2026,14:58:41.783,-0.09E+00,-0.05E+00,+0.05E+00,+0.00E+00,+13.87E+00,+29.76E+00,-44.07E+00,-5.364E+00
2,09/2/2026,14:58:41.783,-0.09E+00,-0.05E+00,+0.05E+00,+0.00E+00,+13.72E+00,+28.51E+00,-42.67E+00,-5.356E+00
2,09/2/2026,14:58:41.784,-0.09E+00,-0.05E+00,+0.05E+00,+0.00E+00,+13.58E+00,+27.24E+00,-41.26E+00,-5.349E+00
2,09/2/2026,14:58:41.784,-0.09E+00,-0.05E+00,+0.05E+00,+0.00E+00,+13.41E+00,+25.97E+00,-39.83E+00,-5.341E+00
2,09/2/2026,14:58:41.784,-0.09E+00,-0.05E+00,+0.05E+00,+0.00E+00,+13.25E+00,+24.71E+00,-38.39E+00,-5.326E+00
2,09/2/2026,14:58:41.784,-0.09E+00,-0.05E+00,+0.05E+00,-0.05E+00,+13.08E+00,+23.41E+00,-36.94E+00,-5.311E+00
2,09/2/2026,14:58:41.784,-0.09E+00,-0.05E+00,+0.05E+00,-0.05E+00,+12.91E+00,+22.13E+00,-35.50E+00,-5.295E+00
2,09/2/2026,14:58:41.784,-0.09E+00,-0.05E+00,+0.05E+00,-0.05E+00,+12.74E+00,+20.85E+00,-34.03E+00,-5.272E+00
2,09/2/2026,14:58:41.784,-0.09E+00,-0.05E+00,+0.05E+00,+0.00E+00,+12.57E+00,+19.53E+00,-32.57E+00,-5.257E+00
2,09/2/2026,14:58:41.784,-0.14E+00,-0.05E+00,+0.05E+00,+0.00E+00,+12.41E+00,+18.24E+00,-31.09E+00,-5.242E+00
2,09/2/2026,14:58:41.784,-0.14E+00,-0.05E+00,+0.05E+00,+0.00E+00,+12.22E+00,+16.92E+00,-29.59E+00,-5.219E+00
2,09/2/2026,14:58:41.784,-0.09E+00,-0.05E+00,+0.05E+00,+0.00E+00,+12.04E+00,+15.61E+00,-28.11E+00,-5.196E+00
2,09/2/2026,14:58:41.784,-0.09E+00,-0.05E+00,+0.05E+00,-0.05E+00,+11.87E+00,+14.31E+00,-26.61E+00,-5.173E+00
2,09/2/2026,14:58:41.784,-0.09E+00,-0.05E+00,+0.05E+00,-0.05E+00,+11.69E+00,+13.00E+00,-25.12E+00,-5.150E+00
2,09/2/2026,14:58:41.784,-0.09E+00,-0.05E+00,+0.05E+00,+0.00E+00,+11.49E+00,+11.67E+00,-23.61E+00,-5.120E+00
2,09/2/2026,14:58:41.784,-0.09E+00,-0.05E+00,+0.05E+00,+0.00E+00,+11.31E+00,+10.36E+00,-22.10E+00,-5.097E+00
2,09/2/2026,14:58:41.784,-0.14E+00,-0.05E+00,+0.05E+00,-0.05E+00,+11.12E+00,+9.03E+00,-20.59E+00,-5.066E+00
2,09/2/2026,14:58:41.784,-0.09E+00,-0.05E+00,+0.05E+00,-0.05E+00,+10.94E+00,+7.71E+00,-19.08E+00,-5.036E+00
2,09/2/2026,14:58:41.784,-0.09E+00,-0.05E+00,+0.05E+00,+0.00E+00,+10.74E+00,+6.39E+00,-17.56E+00,-5.013E+00
2,09/2/2026,14:58:41.784,-0.09E+00,-0.05E+00,+0.05E+00,+0.00E+00,+10.56E+00,+5.05E+00,-16.05E+00,-4.982E+00
2,09/2/2026,14:58:41.784,-0.09E+00,-0.05E+00,+0.05E+00,+0.00E+00,+10.38E+00,+3.74E+00,-14.54E+00,-4.944E+00
2,09/2/2026,14:58:41.784,-0.14E+00,-0.05E+00,+0.05E+00,+0.00E+00,+10.19E+00,+2.41E+00,-13.03E+00,-4.914E+00
2,09/2/2026,14:58:41.785,-0.09E+00,-0.05E+00,+0.05E+00,-0.05E+00,+10.00E+00,+1.08E+00,-11.52E+00,-4.883E+00
2,09/2/2026,14:58:41.785,-0.09E+00,-0.05E+00,+0.05E+00,+0.00E+00,+9.81E+00,-0.24E+00,-10.00E+00,-4.853E+00
2,09/2/2026,14:58:41.785,-0.09E+00,-0.05E+00,+0.05E+00,+0.00E+00,+9.63E+00,-1.57E+00,-8.48E+00,-4.822E+00
2,09/2/2026,14:58:41.785,-0.09E+00,-0.05E+00,+0.05E+00,+0.00E+00,+9.43E+00,-2.90E+00,-6.97E+00,-4.784E+00
2,09/2/2026,14:58:41.785,-0.09E+00,-0.05E+00,+0.05E+00,+0.00E+00,+9.25E+00,-4.21E+00,-5.46E+00,-4.746E+00
2,09/2/2026,14:58:41.785,-0.14E+00,-0.05E+00,+0.05E+00,+0.00E+00,+9.05E+00,-5.52E+00,-3.95E+00,-4.715E+00
2,09/2/2026,14:58:41.785,-0.14E+00,-0.05E+00,+0.05E+00,+0.00E+00,+8.87E+00,-6.85E+00,-2.44E+00,-4.677E+00
2,09/2/2026,14:58:41.785,-0.14E+00,-0.05E+00,+0.05E+00,-0.05E+00,+8.67E+00,-8.16E+00,-0.93E+00,-4.639E+00
2,09/2/2026,14:58:41.785,-0.14E+00,-0.05E+00,+0.05E+00,-0.05E+00,+8.47E+00,-9.48E+00,+0.58E+00,-4.601E+00
2,09/2/2026,14:58:41.785,-0.09E+00,-0.05E+00,+0.05E+00,+0.00E+00,+8.27E+00,-10.80E+00,+2.09E+00,-4.563E+00
2,09/2/2026,14:58:41.785,-0.09E+00,-0.05E+00,+0.05E+00,+0.00E+00,+8.09E+00,-12.12E+00,+3.59E+00,-4.525E+00
2,09/2/2026,14:58:41.785,-0.14E+00,-0.05E+00,+0.05E+00,+0.00E+00,+7.90E+00,-13.41E+00,+5.10E+00,-4.486E+00
2,09/2/2026,14:58:41.785,-0.14E+00,-0.05E+00,+0.05E+00,+0.00E+00,+7.71E+00,-14.73E+00,+6.61E+00,-4.448E+00
2,09/2/2026,14:58:41.785,-0.09E+00,-0.05E+00,+0.05E+00,-0.05E+00,+7.49E+00,-16.04E+00,+8.12E+00,-4.403E+00
2,09/2/2026,14:58:41.785,-0.09E+00,-0.05E+00,+0.05E+00,-0.05E+00,+7.31E+00,-17.35E+00,+9.61E+00,-4.364E+00
2,09/2/2026,14:58:41.785,-0.09E+00,-0.05E+00,+0.05E+00,+0.00E+00,+7.11E+00,-18.65E+00,+11.12E+00,-4.326E+00
2,09/2/2026,14:58:41.785,-0.09E+00,-0.05E+00,+0.00E+00,+0.00E+00,+6.91E+00,-19.95E+00,+12.62E+00,-4.288E+00
2,09/2/2026,14:58:41.785,-0.14E+00,-0.05E+00,+0.05E+00,-0.05E+00,+6.71E+00,-21.24E+00,+14.12E+00,-4.242E+00
2,09/2/2026,14:58:41.785,-0.14E+00,-0.05E+00,+0.05E+00,-0.05E+00,+6.50E+00,-22.54E+00,+15.61E+00,-4.197E+00
2,09/2/2026,14:58:41.785,-0.14E+00,-0.05E+00,+0.05E+00,-0.05E+00,+6.29E+00,-23.82E+00,+17.12E+00,-4.158E+00
2,09/2/2026,14:58:41.786,-0.09E+00,-0.05E+00,+0.05E+00,-0.05E+00,+6.07E+00,-25.12E+00,+18.62E+00,-4.113E+00
2,09/2/2026,14:58:41.786,-0.09E+00,-0.05E+00,+0.05E+00,+0.00E+00,+5.86E+00,-26.40E+00,+20.11E+00,-4.059E+00
2,09/2/2026,14:58:41.786,-0.09E+00,-0.05E+00,+0.05E+00,+0.00E+00,+5.65E+00,-27.68E+00,+21.62E+00,-4.013E+00
2,09/2/2026,14:58:41.786,-0.14E+00,-0.05E+00,+0.05E+00,-0.05E+00,+5.42E+00,-28.95E+00,+23.12E+00,-3.968E+00
2,09/2/2026,14:58:41.786,-0.14E+00,-0.05E+00,+0.05E+00,-0.05E+00,+5.20E+00,-30.23E+00,+24.61E+00,-3.929E+00
2,09/2/2026,14:58:41.786,-0.09E+00,-0.05E+00,+0.05E+00,+0.00E+00,+4.99E+00,-31.51E+00,+26.11E+00,-3.876E+00
2,09/2/2026,14:58:41.786,-0.09E+00,-0.05E+00,+0.05E+00,+0.00E+00,+4.76E+00,-32.79E+00,+27.61E+00,-3.823E+00
2,09/2/2026,14:58:41.786,-0.09E+00,-0.05E+00,+0.05E+00,+0.00E+00,+4.52E+00,-34.05E+00,+29.09E+00,-3.777E+00
2,09/2/2026,14:58:41.786,-0.09E+00,-0.05E+00,+0.05E+00,+0.00E+00,+4.30E+00,-35.30E+00,+30.58E+00,-3.723E+00
2,09/2/2026,14:58:41.786,-0.14E+00,-0.09E+00,+0.05E+00,+0.00E+00,+4.07E+00,-36.55E+00,+32.05E+00,-3.662E+00
2,09/2/2026,14:58:41.786,-0.14E+00,-0.05E+00,+0.05E+00,-0.05E+00,+3.85E+00,-37.77E+00,+33.50E+00,-3.609E+00
2,09/2/2026,14:58:41.786,-0.09E+00,-0.05E+00,+0.05E+00,-0.05E+00,+3.60E+00,-38.97E+00,+34.93E+00,-3.540E+00
2,09/2/2026,14:58:41.786,-0.09E+00,-0.05E+00,+0.05E+00,+0.00E+00,+3.37E+00,-40.16E+00,+36.37E+00,-3.472E+00
2,09/2/2026,14:58:41.786,-0.09E+00,+0.00E+00,+0.05E+00,+0.00E+00,+3.13E+00,-41.36E+00,+37.78E+00,-3.403E+00
2,09/2/2026,14:58:41.786,-0.14E+00,-0.05E+00,+0.05E+00,-0.05E+00,+2.88E+00,-42.51E+00,+39.19E+00,-3.334E+00
2,09/2/2026,14:58:41.786,-0.14E+00,-0.05E+00,+0.05E+00,-0.05E+00,+2.64E+00,-43.66E+00,+40.59E+00,-3.266E+00
2,09/2/2026,14:58:41.786,-0.09E+00,-0.05E+00,+0.05E+00,+0.00E+00,+2.40E+00,-44.79E+00,+41.98E+00,-3.189E+00
2,09/2/2026,14:58:41.786,-0.09E+00,-0.05E+00,+0.05E+00,-0.05E+00,+2.14E+00,-45.92E+00,+43.35E+00,-3.121E+00
2,09/2/2026,14:58:41.786,-0.14E+00,-0.05E+00,+0.05E+00,-0.05E+00,+1.89E+00,-47.03E+00,+44.71E+00,-3.052E+00
2,09/2/2026,14:58:41.786,-0.09E+00,-0.05E+00,+0.05E+00,+0.00E+00,+1.63E+00,-48.12E+00,+46.07E+00,-2.976E+00
2,09/2/2026,14:58:41.787,-0.09E+00,-0.05E+00,+0.05E+00,+0.00E+00,+1.37E+00,-49.20E+00,+47.41E+00,-2.899E+00
2,09/2/2026,14:58:41.787,-0.09E+00,-0.05E+00,+0.05E+00,-0.05E+00,+1.10E+00,-50.27E+00,+48.74E+00,-2.823E+00
2,09/2/2026,14:58:41.787,-0.09E+00,-0.05E+00,+0.05E+00,-0.05E+00,+0.84E+00,-51.32E+00,+50.05E+00,-2.747E+00
2,09/2/2026,14:58:41.787,-0.14E+00,-0.05E+00,+0.05E+00,+0.00E+00,+0.58E+00,-52.36E+00,+51.37E+00,-2.671E+00
2,09/2/2026,14:58:41.787,-0.09E+00,-0.05E+00,+0.05E+00,+0.00E+00,+0.32E+00,-53.38E+00,+52.65E+00,-2.587E+00
2,09/2/2026,14:58:41.787,-0.09E+00,-0.05E+00,+0.05E+00,+0.00E+00,+0.06E+00,-54.40E+00,+53.91E+00,-2.510E+00
2,09/2/2026,14:58:41.787,-0.09E+00,-0.05E+00,+0.00E+00,+0.00E+00,-0.20E+00,-55.39E+00,+55.17E+00,-2.434E+00
2,09/2/2026,14:58:41.787,-0.14E+00,-0.05E+00,+0.05E+00,+0.00E+00,-0.46E+00,-56.37E+00,+56.42E+00,-2.350E+00
2,09/2/2026,14:58:41.787,-0.09E+00,-0.05E+00,+0.05E+00,+0.00E+00,-0.73E+00,-57.33E+00,+57.64E+00,-2.266E+00
2,09/2/2026,14:58:41.787,-0.09E+00,-0.05E+00,+0.05E+00,-0.05E+00,-0.99E+00,-58.28E+00,+58.84E+00,-2.190E+00
2,09/2/2026,14:58:41.787,-0.09E+00,-0.05E+00,+0.05E+00,+0.00E+00,-1.27E+00,-59.21E+00,+60.05E+00,-2.106E+00
2,09/2/2026,14:58:41.787,-0.09E+00,-0.05E+00,+0.05E+00,+0.00E+00,-1.53E+00,-60.13E+00,+61.24E+00,-2.022E+00
2,09/2/2026,14:58:41.787,-0.14E+00,-0.05E+00,+0.05E+00,+0.00E+00,-1.80E+00,-61.04E+00,+62.40E+00,-1.938E+00
2,09/2/2026,14:58:41.787,-0.14E+00,-0.05E+00,+0.05E+00,-0.05E+00,-2.08E+00,-61.93E+00,+63.56E+00,-1.854E+00
2,09/2/2026,14:58:41.787,-0.09E+00,-0.05E+00,+0.05E+00,-0.05E+00,-2.32E+00,-62.80E+00,+64.70E+00,-1.770E+00
2,09/2/2026,14:58:41.787,-0.09E+00,-0.05E+00,+0.05E+00,+0.00E+00,-2.59E+00,-63.65E+00,+65.82E+00,-1.686E+00
2,09/2/2026,14:58:41.787,-0.14E+00,-0.05E+00,+0.05E+00,+0.00E+00,-2.84E+00,-64.49E+00,+66.93E+00,-1.602E+00
2,09/2/2026,14:58:41.787,-0.09E+00,-0.05E+00,+0.05E+00,+0.00E+00,-3.10E+00,-65.31E+00,+68.01E+00,-1.518E+00
2,09/2/2026,14:58:41.787,-0.09E+00,-0.05E+00,+0.05E+00,+0.00E+00,-3.34E+00,-66.12E+00,+69.07E+00,-1.442E+00
2,09/2/2026,14:58:41.787,-0.14E+00,-0.05E+00,+0.05E+00,-0.05E+00,-3.60E+00,-66.92E+00,+70.11E+00,-1.358E+00
2,09/2/2026,14:58:41.788,-0.14E+00,-0.05E+00,+0.05E+00,-0.05E+00,-3.85E+00,-67.69E+00,+71.13E+00,-1.274E+00
2,09/2/2026,14:58:41.788,-0.09E+00,-0.05E+00,+0.05E+00,-0.05E+00,-4.09E+00,-68.46E+00,+72.13E+00,-1.190E+00
2,09/2/2026,14:58:41.788,-0.09E+00,-0.05E+00,+0.05E+00,-0.05E+00,-4.33E+00,-69.20E+00,+73.13E+00,-1.106E+00
2,09/2/2026,14:58:41.788,-0.09E+00,-0.05E+00,+0.05E+00,-0.05E+00,-4.56E+00,-69.94E+00,+74.09E+00,-1.030E+00
2,09/2/2026,14:58:41.788,-0.09E+00,-0.05E+00,+0.05E+00,+0.00E+00,-4.79E+00,-70.64E+00,+75.03E+00,-0.946E+00
2,09/2/2026,14:58:41.788,-0.09E+00,-0.05E+00,+0.05E+00,+0.00E+00,-5.04E+00,-71.33E+00,+75.97E+00,-0.862E+00
2,09/2/2026,14:58:41.788,-0.09E+00,-0.05E+00,+0.05E+00,-0.05E+00,-5.25E+00,-72.01E+00,+76.88E+00,-0.786E+00
2,09/2/2026,14:58:41.788,-0.09E+00,-0.05E+00,+0.05E+00,+0.00E+00,-5.49E+00,-72.68E+00,+77.77E+00,-0.710E+00
2,09/2/2026,14:58:41.788,-0.09E+00,-0.05E+00,+0.05E+00,+0.00E+00,-5.72E+00,-73.33E+00,+78.65E+00,-0.626E+00
2,09/2/2026,14:58:41.788,-0.09E+00,-0.05E+00,+0.05E+00,-0.05E+00,-5.95E+00,-73.95E+00,+79.51E+00,-0.549E+00
2,09/2/2026,14:58:41.788,-0.09E+00,-0.05E+00,+0.05E+00,+0.00E+00,-6.17E+00,-74.58E+00,+80.34E+00,-0.473E+00
2,09/2/2026,14:58:41.788,-0.09E+00,-0.05E+00,+0.05E+00,-0.05E+00,-6.39E+00,-75.17E+00,+81.17E+00,-0.389E+00
2,09/2/2026,14:58:41.788,-0.14E+00,-0.05E+00,+0.05E+00,-0.05E+00,-6.61E+00,-75.75E+00,+81.96E+00,-0.313E+00
2,09/2/2026,14:58:41.788,-0.14E+00,-0.05E+00,+0.05E+00,-0.05E+00,-6.82E+00,-76.32E+00,+82.76E+00,-0.237E+00
2,09/2/2026,14:58:41.788,-0.09E+00,-0.05E+00,+0.05E+00,-0.05E+00,-7.05E+00,-76.87E+00,+83.52E+00,-0.153E+00
2,09/2/2026,14:58:41.788,-0.14E+00,-0.05E+00,+0.05E+00,+0.00E+00,-7.28E+00,-77.40E+00,+84.28E+00,-0.076E+00
2,09/2/2026,14:58:41.788,-0.14E+00,-0.05E+00,+0.05E+00,+0.00E+00,-7.48E+00,-77.90E+00,+85.00E+00,+0.000E+00
2,09/2/2026,14:58:41.788,-0.09E+00,-0.05E+00,+0.05E+00,+0.00E+00,-7.69E+00,-78.41E+00,+85.72E+00,+0.076E+00
2,09/2/2026,14:58:41.788,-0.09E+00,-0.05E+00,+0.05E+00,-0.05E+00,-7.92E+00,-78.90E+00,+86.40E+00,+0.160E+00
2,09/2/2026,14:58:41.788,-0.09E+00,-0.05E+00,+0.05E+00,+0.00E+00,-8.13E+00,-79.34E+00,+87.09E+00,+0.237E+00
2,09/2/2026,14:58:41.789,-0.14E+00,-0.05E+00,+0.05E+00,+0.00E+00,-8.33E+00,-79.78E+00,+87.75E+00,+0.320E+00
2,09/2/2026,14:58:41.789,-0.14E+00,-0.05E+00,+0.05E+00,+0.00E+00,-8.56E+00,-80.21E+00,+88.39E+00,+0.397E+00
2,09/2/2026,14:58:41.789,-0.09E+00,-0.05E+00,+0.05E+00,+0.00E+00,-8.77E+00,-80.62E+00,+89.01E+00,+0.473E+00
2,09/2/2026,14:58:41.789,-0.09E+00,-0.05E+00,+0.05E+00,+0.00E+00,-8.97E+00,-81.02E+00,+89.61E+00,+0.549E+00
2,09/2/2026,14:58:41.789,-0.14E+00,-0.05E+00,+0.05E+00,-0.05E+00,-9.19E+00,-81.40E+00,+90.20E+00,+0.626E+00
2,09/2/2026,14:58:41.789,-0.09E+00,-0.05E+00,+0.05E+00,+0.00E+00,-9.40E+00,-81.75E+00,+90.77E+00,+0.710E+00
2,09/2/2026,14:58:41.789,-0.09E+00,-0.05E+00,+0.05E+00,-0.05E+00,-9.61E+00,-82.10E+00,+91.33E+00,+0.786E+00
2,09/2/2026,14:58:41.789,-0.09E+00,-0.05E+00,+0.05E+00,+0.00E+00,-9.83E+00,-82.41E+00,+91.85E+00,+0.870E+00
2,09/2/2026,14:58:41.789,-0.09E+00,-0.05E+00,+0.05E+00,+0.00E+00,-10.06E+00,-82.69E+00,+92.39E+00,+0.954E+00
2,09/2/2026,14:58:41.789,-0.14E+00,-0.05E+00,+0.05E+00,+0.00E+00,-10.27E+00,-82.97E+00,+92.87E+00,+1.038E+00
2,09/2/2026,14:58:41.789,-0.14E+00,-0.05E+00,+0.05E+00,-0.05E+00,-10.48E+00,-83.23E+00,+93.35E+00,+1.114E+00
2,09/2/2026,14:58:41.789,-0.09E+00,-0.05E+00,+0.05E+00,+0.00E+00,-10.71E+00,-83.47E+00,+93.82E+00,+1.198E+00
2,09/2/2026,14:58:41.789,-0.09E+00,-0.05E+00,+0.05E+00,+0.00E+00,-10.93E+00,-83.69E+00,+94.25E+00,+1.282E+00
2,09/2/2026,14:58:41.789,-0.09E+00,-0.05E+00,+0.05E+00,+0.00E+00,-11.12E+00,-83.90E+00,+94.66E+00,+1.358E+00
2,09/2/2026,14:58:41.789,-0.09E+00,-0.05E+00,+0.05E+00,+0.00E+00,-11.34E+00,-84.10E+00,+95.07E+00,+1.434E+00
2,09/2/2026,14:58:41.789,-0.14E+00,-0.05E+00,+0.05E+00,+0.00E+00,-11.52E+00,-84.28E+00,+95.44E+00,+1.511E+00
2,09/2/2026,14:58:41.789,-0.14E+00,-0.05E+00,+0.05E+00,+0.00E+00,-11.72E+00,-84.43E+00,+95.79E+00,+1.587E+00
2,09/2/2026,14:58:41.789,-0.09E+00,-0.05E+00,+0.05E+00,-0.05E+00,-11.90E+00,-84.59E+00,+96.12E+00,+1.663E+00
2,09/2/2026,14:58:41.789,-0.09E+00,-0.05E+00,+0.05E+00,-0.05E+00,-12.09E+00,-84.71E+00,+96.43E+00,+1.740E+00
2,09/2/2026,14:58:41.789,-0.09E+00,-0.05E+00,+0.05E+00,+0.00E+00,-12.27E+00,-84.80E+00,+96.70E+00,+1.824E+00
2,09/2/2026,14:58:41.790,-0.09E+00,-0.05E+00,+0.05E+00,+0.00E+00,-12.42E+00,-84.88E+00,+96.95E+00,+1.900E+00
2,09/2/2026,14:58:41.790,-0.09E+00,-0.05E+00,+0.05E+00,+0.00E+00,-12.59E+00,-84.92E+00,+97.15E+00,+1.984E+00
2,09/2/2026,14:58:41.790,-0.09E+00,-0.05E+00,+0.05E+00,+0.00E+00,-12.74E+00,-84.94E+00,+97.33E+00,+2.068E+00
2,09/2/2026,14:58:41.790,-0.09E+00,-0.05E+00,+0.05E+00,+0.00E+00,-12.89E+00,-84.92E+00,+97.47E+00,+2.152E+00
2,09/2/2026,14:58:41.790,-0.14E+00,-0.05E+00,+0.05E+00,+0.00E+00,-13.03E+00,-84.89E+00,+97.57E+00,+2.228E+00
2,09/2/2026,14:58:41.790,-0.09E+00,-0.05E+00,+0.05E+00,+0.00E+00,-13.17E+00,-84.83E+00,+97.65E+00,+2.312E+00
2,09/2/2026,14:58:41.790,-0.09E+00,-0.05E+00,+0.05E+00,+0.00E+00,-13.31E+00,-84.74E+00,+97.70E+00,+2.388E+00
2,09/2/2026,14:58:41.790,-0.14E+00,-0.05E+00,+0.05E+00,-0.05E+00,-13.43E+00,-84.65E+00,+97.73E+00,+2.457E+00
2,09/2/2026,14:58:41.790,-0.14E+00,-0.05E+00,+0.05E+00,+0.00E+00,-13.55E+00,-84.53E+00,+97.73E+00,+2.533E+00
2,09/2/2026,14:58:41.790,-0.09E+00,-0.05E+00,+0.00E+00,+0.00E+00,-13.69E+00,-84.37E+00,+97.73E+00,+2.602E+00
2,09/2/2026,14:58:41.790,-0.09E+00,-0.05E+00,+0.00E+00,-0.05E+00,-13.81E+00,-84.21E+00,+97.68E+00,+2.671E+00
2,09/2/2026,14:58:41.790,-0.09E+00,-0.05E+00,+0.05E+00,+0.00E+00,-13.93E+00,-84.04E+00,+97.62E+00,+2.739E+00
2,09/2/2026,14:58:41.790,-0.14E+00,-0.05E+00,+0.05E+00,+0.00E+00,-14.05E+00,-83.82E+00,+97.53E+00,+2.816E+00
2,09/2/2026,14:58:41.790,-0.14E+00,-0.05E+00,+0.05E+00,-0.05E+00,-14.18E+00,-83.58E+00,+97.42E+00,+2.884E+00
2,09/2/2026,14:58:41.790,-0.09E+00,-0.05E+00,+0.05E+00,-0.05E+00,-14.28E+00,-83.34E+00,+97.27E+00,+2.945E+00
2,09/2/2026,14:58:41.790,-0.09E+00,-0.05E+00,+0.05E+00,+0.00E+00,-14.39E+00,-83.05E+00,+97.09E+00,+3.022E+00
2,09/2/2026,14:58:41.790,-0.09E+00,-0.05E+00,+0.05E+00,+0.00E+00,-14.48E+00,-82.74E+00,+96.89E+00,+3.090E+00
2,09/2/2026,14:58:41.790,-0.09E+00,-0.05E+00,+0.05E+00,+0.00E+00,-14.57E+00,-82.41E+00,+96.64E+00,+3.159E+00
2,09/2/2026,14:58:41.790,-0.09E+00,-0.05E+00,+0.05E+00,-0.05E+00,-14.67E+00,-82.04E+00,+96.37E+00,+3.228E+00
2,09/2/2026,14:58:41.790,-0.14E+00,-0.05E+00,+0.05E+00,+0.00E+00,-14.76E+00,-81.66E+00,+96.06E+00,+3.304E+00
2,09/2/2026,14:58:41.791,-0.09E+00,-0.05E+00,+0.05E+00,+0.00E+00,-14.83E+00,-81.25E+00,+95.74E+00,+3.373E+00
2,09/2/2026,14:58:41.791,-0.09E+00,-0.05E+00,+0.05E+00,-0.05E+00,-14.92E+00,-80.80E+00,+95.39E+00,+3.441E+00
2,09/2/2026,14:58:41.791,-0.09E+00,-0.05E+00,+0.05E+00,+0.00E+00,-15.00E+00,-80.34E+00,+95.03E+00,+3.502E+00
2,09/2/2026,14:58:41.791,-0.14E+00,-0.05E+00,+0.05E+00,+0.00E+00,-15.08E+00,-79.89E+00,+94.63E+00,+3.563E+00
2,09/2/2026,14:58:41.791,-0.14E+00,-0.05E+00,+0.05E+00,+0.00E+00,-15.15E+00,-79.38E+00,+94.20E+00,+3.624E+00
2,09/2/2026,14:58:41.791,-0.14E+00,-0.05E+00,+0.05E+00,+0.00E+00,-15.23E+00,-78.88E+00,+93.77E+00,+3.685E+00
2,09/2/2026,14:58:41.791,-0.09E+00,-0.05E+00,+0.05E+00,+0.00E+00,-15.31E+00,-78.35E+00,+93.30E+00,+3.739E+00
2,09/2/2026,14:58:41.791,-0.09E+00,-0.05E+00,+0.05E+00,+0.00E+00,-15.37E+00,-77.80E+00,+92.83E+00,+3.800E+00
2,09/2/2026,14:58:41.791,-0.09E+00,-0.05E+00,+0.05E+00,+0.00E+00,-15.43E+00,-77.22E+00,+92.32E+00,+3.861E+00
2,09/2/2026,14:58:41.791,-0.09E+00,-0.05E+00,+0.05E+00,+0.00E+00,-15.49E+00,-76.62E+00,+91.79E+00,+3.914E+00
2,09/2/2026,14:58:41.791,-0.14E+00,-0.05E+00,+0.05E+00,+0.00E+00,-15.55E+00,-76.03E+00,+91.23E+00,+3.968E+00
2,09/2/2026,14:58:41.791,-0.14E+00,-0.05E+00,+0.05E+00,+0.00E+00,-15.60E+00,-75.39E+00,+90.66E+00,+4.021E+00
2,09/2/2026,14:58:41.791,-0.09E+00,-0.05E+00,+0.05E+00,-0.05E+00,-15.64E+00,-74.74E+00,+90.05E+00,+4.067E+00
2,09/2/2026,14:58:41.791,-0.09E+00,-0.05E+00,+0.05E+00,-0.05E+00,-15.69E+00,-74.07E+00,+89.42E+00,+4.120E+00
2,09/2/2026,14:58:41.791,-0.09E+00,-0.05E+00,+0.05E+00,+0.00E+00,-15.73E+00,-73.39E+00,+88.78E+00,+4.166E+00
2,09/2/2026,14:58:41.791,-0.09E+00,-0.05E+00,+0.05E+00,+0.00E+00,-15.75E+00,-72.70E+00,+88.13E+00,+4.212E+00
2,09/2/2026,14:58:41.791,-0.14E+00,-0.05E+00,+0.05E+00,+0.00E+00,-15.79E+00,-71.98E+00,+87.44E+00,+4.265E+00
2,09/2/2026,14:58:41.791,-0.14E+00,-0.05E+00,+0.05E+00,-0.05E+00,-15.82E+00,-71.25E+00,+86.74E+00,+4.303E+00
2,09/2/2026,14:58:41.791,-0.09E+00,-0.05E+00,+0.05E+00,-0.05E+00,-15.84E+00,-70.50E+00,+86.02E+00,+4.349E+00
2,09/2/2026,14:58:41.791,-0.09E+00,-0.05E+00,+0.05E+00,-0.05E+00,-15.86E+00,-69.74E+00,+85.29E+00,+4.395E+00
2,09/2/2026,14:58:41.792,-0.09E+00,-0.05E+00,+0.05E+00,+0.00E+00,-15.89E+00,-68.96E+00,+84.53E+00,+4.433E+00
2,09/2/2026,14:58:41.792,-0.09E+00,-0.05E+00,+0.05E+00,+0.00E+00,-15.92E+00,-68.17E+00,+83.75E+00,+4.479E+00
2,09/2/2026,14:58:41.792,-0.14E+00,-0.05E+00,+0.05E+00,+0.00E+00,-15.93E+00,-67.36E+00,+82.95E+00,+4.517E+00
2,09/2/2026,14:58:41.792,-0.14E+00,-0.05E+00,+0.05E+00,+0.00E+00,-15.95E+00,-66.52E+00,+82.15E+00,+4.555E+00
2,09/2/2026,14:58:41.792,-0.09E+00,-0.05E+00,+0.05E+00,-0.05E+00,-15.96E+00,-65.68E+00,+81.32E+00,+4.601E+00
2,09/2/2026,14:58:41.792,-0.09E+00,-0.05E+00,+0.05E+00,-0.05E+00,-15.98E+00,-64.81E+00,+80.47E+00,+4.639E+00
2,09/2/2026,14:58:41.792,-0.09E+00,-0.05E+00,+0.05E+00,+0.00E+00,-15.98E+00,-63.94E+00,+79.60E+00,+4.677E+00
2,09/2/2026,14:58:41.792,-0.09E+00,-0.05E+00,+0.05E+00,+0.00E+00,-15.99E+00,-63.06E+00,+78.71E+00,+4.708E+00
2,09/2/2026,14:58:41.792,-0.14E+00,-0.05E+00,+0.05E+00,-0.05E+00,-15.99E+00,-62.14E+00,+77.81E+00,+4.746E+00
2,09/2/2026,14:58:41.792,-0.14E+00,-0.05E+00,+0.05E+00,-0.05E+00,-15.98E+00,-61.21E+00,+76.90E+00,+4.784E+00
2,09/2/2026,14:58:41.792,-0.09E+00,-0.05E+00,+0.05E+00,-0.05E+00,-15.99E+00,-60.28E+00,+75.97E+00,+4.815E+00
2,09/2/2026,14:58:41.792,-0.14E+00,-0.05E+00,+0.05E+00,+0.00E+00,-15.99E+00,-59.32E+00,+75.00E+00,+4.853E+00
2,09/2/2026,14:58:41.792,-0.09E+00,-0.05E+00,+0.05E+00,+0.00E+00,-15.98E+00,-58.35E+00,+74.03E+00,+4.891E+00
2,09/2/2026,14:58:41.792,-0.09E+00,-0.05E+00,+0.05E+00,+0.00E+00,-15.98E+00,-57.36E+00,+73.04E+00,+4.921E+00
2,09/2/2026,14:58:41.792,-0.14E+00,-0.05E+00,+0.05E+00,-0.05E+00,-15.96E+00,-56.37E+00,+72.03E+00,+4.960E+00
2,09/2/2026,14:58:41.792,-0.14E+00,-0.05E+00,+0.05E+00,-0.05E+00,-15.95E+00,-55.35E+00,+71.01E+00,+4.998E+00
2,09/2/2026,14:58:41.792,-0.09E+00,-0.05E+00,+0.05E+00,-0.05E+00,-15.93E+00,-54.30E+00,+69.94E+00,+5.028E+00
2,09/2/2026,14:58:41.792,-0.09E+00,-0.05E+00,+0.05E+00,+0.00E+00,-15.92E+00,-53.24E+00,+68.85E+00,+5.066E+00
2,09/2/2026,14:58:41.792,-0.09E+00,-0.05E+00,+0.05E+00,+0.00E+00,-15.90E+00,-52.16E+00,+67.77E+00,+5.097E+00
2,09/2/2026,14:58:41.792,-0.09E+00,-0.05E+00,+0.05E+00,+0.00E+00,-15.87E+00,-51.08E+00,+66.66E+00,+5.127E+00
2,09/2/2026,14:58:41.793,-0.09E+00,-0.05E+00,+0.05E+00,-0.05E+00,-15.84E+00,-49.98E+00,+65.51E+00,+5.158E+00
2,09/2/2026,14:58:41.793,-0.09E+00,-0.05E+00,+0.05E+00,+0.00E+00,-15.79E+00,-48.88E+00,+64.35E+00,+5.188E+00
2,09/2/2026,14:58:41.793,-0.14E+00,-0.05E+00,+0.05E+00,-0.05E+00,-15.76E+00,-47.76E+00,+63.19E+00,+5.211E+00
2,09/2/2026,14:58:41.793,-0.09E+00,-0.05E+00,+0.05E+00,-0.05E+00,-15.72E+00,-46.64E+00,+62.02E+00,+5.227E+00
2,09/2/2026,14:58:41.793,-0.09E+00,-0.05E+00,+0.05E+00,+0.00E+00,-15.66E+00,-45.51E+00,+60.83E+00,+5.242E+00
2,09/2/2026,14:58:41.793,-0.14E+00,-0.05E+00,+0.05E+00,+0.00E+00,-15.58E+00,-44.36E+00,+59.62E+00,+5.257E+00
2,09/2/2026,14:58:41.793,-0.14E+00,-0.05E+00,+0.05E+00,+0.00E+00,-15.50E+00,-43.22E+00,+58.40E+00,+5.272E+00
2,09/2/2026,14:58:41.793,-0.14E+00,-0.05E+00,+0.05E+00,+0.00E+00,-15.43E+00,-42.06E+00,+57.16E+00,+5.280E+00
2,09/2/2026,14:58:41.793,-0.09E+00,-0.05E+00,+0.05E+00,+0.00E+00,-15.34E+00,-40.90E+00,+55.91E+00,+5.295E+00
2,09/2/2026,14:58:41.793,-0.09E+00,-0.05E+00,+0.05E+00,+0.00E+00,-15.24E+00,-39.72E+00,+54.65E+00,+5.303E+00
2,09/2/2026,14:58:41.793,-0.09E+00,-0.05E+00,+0.05E+00,-0.05E+00,-15.14E+00,-38.53E+00,+53.36E+00,+5.311E+00
2,09/2/2026,14:58:41.793,-0.09E+00,-0.05E+00,+0.05E+00,-0.05E+00,-15.03E+00,-37.34E+00,+52.05E+00,+5.318E+00
2,09/2/2026,14:58:41.793,-0.09E+00,-0.05E+00,+0.05E+00,-0.05E+00,-14.92E+00,-36.14E+00,+50.72E+00,+5.318E+00
2,09/2/2026,14:58:41.793,-0.14E+00,-0.05E+00,+0.05E+00,-0.05E+00,-14.80E+00,-34.92E+00,+49.40E+00,+5.318E+00
2,09/2/2026,14:58:41.793,-0.14E+00,-0.05E+00,+0.05E+00,+0.00E+00,-14.67E+00,-33.71E+00,+48.05E+00,+5.318E+00
2,09/2/2026,14:58:41.793,-0.09E+00,-0.05E+00,+0.05E+00,+0.00E+00,-14.54E+00,-32.47E+00,+46.70E+00,+5.318E+00
2,09/2/2026,14:58:41.793,-0.09E+00,-0.05E+00,+0.05E+00,+0.00E+00,-14.41E+00,-31.24E+00,+45.32E+00,+5.311E+00
2,09/2/2026,14:58:41.793,-0.14E+00,-0.05E+00,+0.05E+00,+0.00E+00,-14.27E+00,-29.97E+00,+43.93E+00,+5.311E+00
2,09/2/2026,14:58:41.793,-0.14E+00,-0.05E+00,+0.05E+00,-0.05E+00,-14.13E+00,-28.72E+00,+42.55E+00,+5.303E+00
2,09/2/2026,14:58:41.793,-0.14E+00,-0.05E+00,+0.05E+00,-0.05E+00,-13.99E+00,-27.45E+00,+41.14E+00,+5.295E+00
2,09/2/2026,14:58:41.794,-0.09E+00,-0.05E+00,+0.05E+00,+0.00E+00,-13.84E+00,-26.19E+00,+39.72E+00,+5.288E+00
2,09/2/2026,14:58:41.794,-0.09E+00,-0.05E+00,+0.05E+00,+0.00E+00,-13.69E+00,-24.92E+00,+38.30E+00,+5.272E+00
2,09/2/2026,14:58:41.794,-0.09E+00,-0.05E+00,+0.05E+00,+0.00E+00,-13.52E+00,-23.64E+00,+36.87E+00,+5.257E+00
2,09/2/2026,14:58:41.794,-0.14E+00,-0.05E+00,+0.05E+00,+0.00E+00,-13.35E+00,-22.36E+00,+35.42E+00,+5.250E+00
2,09/2/2026,14:58:41.794,-0.09E+00,-0.05E+00,+0.05E+00,-0.05E+00,-13.18E+00,-21.07E+00,+33.97E+00,+5.227E+00
2,09/2/2026,14:58:41.794,-0.09E+00,-0.05E+00,+0.05E+00,+0.00E+00,-13.02E+00,-19.78E+00,+32.49E+00,+5.211E+00
2,09/2/2026,14:58:41.794,-0.14E+00,-0.05E+00,+0.05E+00,+0.00E+00,-12.83E+00,-18.48E+00,+31.01E+00,+5.188E+00
2,09/2/2026,14:58:41.794,-0.09E+00,-0.05E+00,+0.05E+00,+0.00E+00,-12.67E+00,-17.18E+00,+29.53E+00,+5.173E+00
2,09/2/2026,14:58:41.794,-0.09E+00,-0.05E+00,+0.05E+00,-0.05E+00,-12.48E+00,-15.87E+00,+28.03E+00,+5.158E+00
2,09/2/2026,14:58:41.794,-0.09E+00,-0.05E+00,+0.05E+00,+0.00E+00,-12.30E+00,-14.56E+00,+26.55E+00,+5.135E+00
2,09/2/2026,14:58:41.794,-0.14E+00,-0.05E+00,+0.05E+00,+0.00E+00,-12.13E+00,-13.25E+00,+25.06E+00,+5.112E+00
2,09/2/2026,14:58:41.794,-0.14E+00,-0.05E+00,+0.05E+00,-0.05E+00,-11.95E+00,-11.93E+00,+23.55E+00,+5.089E+00
2,09/2/2026,14:58:41.794,-0.09E+00,-0.05E+00,+0.05E+00,-0.05E+00,-11.77E+00,-10.61E+00,+22.04E+00,+5.066E+00
2,09/2/2026,14:58:41.794,-0.09E+00,-0.05E+00,+0.05E+00,+0.00E+00,-11.57E+00,-9.29E+00,+20.52E+00,+5.043E+00
2,09/2/2026,14:58:41.794,-0.09E+00,-0.05E+00,+0.05E+00,+0.00E+00,-11.38E+00,-7.97E+00,+19.01E+00,+5.013E+00
2,09/2/2026,14:58:41.794,-0.09E+00,-0.05E+00,+0.05E+00,-0.05E+00,-11.20E+00,-6.64E+00,+17.50E+00,+4.982E+00
2,09/2/2026,14:58:41.794,-0.09E+00,-0.05E+00,+0.05E+00,-0.05E+00,-11.02E+00,-5.31E+00,+15.99E+00,+4.952E+00
2,09/2/2026,14:58:41.794,-0.09E+00,-0.05E+00,+0.05E+00,+0.00E+00,-10.82E+00,-3.98E+00,+14.48E+00,+4.921E+00
2,09/2/2026,14:58:41.794,-0.09E+00,-0.05E+00,+0.05E+00,+0.00E+00,-10.64E+00,-2.67E+00,+12.97E+00,+4.891E+00
2,09/2/2026,14:58:41.794,-0.09E+00,-0.05E+00,+0.05E+00,+0.00E+00,-10.44E+00,-1.34E+00,+11.45E+00,+4.860E+00
2,09/2/2026,14:58:41.795,-0.09E+00,-0.05E+00,+0.05E+00,+0.00E+00,-10.25E+00,-0.02E+00,+9.93E+00,+4.822E+00
2,09/2/2026,14:58:41.795,-0.09E+00,-0.05E+00,+0.05E+00,+0.00E+00,-10.06E+00,+1.31E+00,+8.42E+00,+4.792E+00
2,09/2/2026,14:58:41.795,-0.14E+00,-0.05E+00,+0.05E+00,-0.05E+00,-9.87E+00,+2.62E+00,+6.90E+00,+4.754E+00
2,09/2/2026,14:58:41.795,-0.09E+00,-0.05E+00,+0.05E+00,-0.05E+00,-9.67E+00,+3.95E+00,+5.39E+00,+4.715E+00
2,09/2/2026,14:58:41.795,-0.09E+00,-0.05E+00,+0.05E+00,-0.05E+00,-9.48E+00,+5.28E+00,+3.88E+00,+4.685E+00
2,09/2/2026,14:58:41.795,-0.09E+00,-0.05E+00,+0.05E+00,+0.00E+00,-9.29E+00,+6.59E+00,+2.37E+00,+4.647E+00
2,09/2/2026,14:58:41.795,-0.09E+00,-0.05E+00,+0.05E+00,+0.00E+00,-9.11E+00,+7.90E+00,+0.85E+00,+4.609E+00
2,09/2/2026,14:58:41.795,-0.14E+00,-0.05E+00,+0.05E+00,+0.00E+00,-8.91E+00,+9.22E+00,-0.66E+00,+4.578E+00
2,09/2/2026,14:58:41.795,-0.14E+00,-0.05E+00,+0.05E+00,-0.05E+00,-8.71E+00,+10.54E+00,-2.17E+00,+4.548E+00
2,09/2/2026,14:58:41.795,-0.09E+00,-0.05E+00,+0.05E+00,+0.00E+00,-8.53E+00,+11.86E+00,-3.68E+00,+4.502E+00
2,09/2/2026,14:58:41.795,-0.14E+00,-0.05E+00,+0.05E+00,-0.05E+00,-8.33E+00,+13.17E+00,-5.17E+00,+4.464E+00
2,09/2/2026,14:58:41.795,-0.14E+00,-0.05E+00,+0.05E+00,-0.05E+00,-8.13E+00,+14.48E+00,-6.68E+00,+4.425E+00
2,09/2/2026,14:58:41.795,-0.14E+00,-0.05E+00,+0.05E+00,-0.05E+00,-7.94E+00,+15.78E+00,-8.19E+00,+4.387E+00
2,09/2/2026,14:58:41.795,-0.09E+00,-0.05E+00,+0.05E+00,+0.00E+00,-7.74E+00,+17.08E+00,-9.69E+00,+4.349E+00
2,09/2/2026,14:58:41.795,-0.09E+00,-0.05E+00,+0.05E+00,+0.00E+00,-7.54E+00,+18.39E+00,-11.20E+00,+4.311E+00
2,09/2/2026,14:58:41.795,-0.14E+00,-0.05E+00,+0.05E+00,+0.00E+00,-7.34E+00,+19.69E+00,-12.70E+00,+4.265E+00
2,09/2/2026,14:58:41.795,-0.14E+00,-0.05E+00,+0.05E+00,+0.00E+00,-7.14E+00,+20.97E+00,-14.19E+00,+4.219E+00
2,09/2/2026,14:58:41.795,-0.09E+00,-0.05E+00,+0.05E+00,+0.00E+00,-6.94E+00,+22.26E+00,-15.69E+00,+4.181E+00
2,09/2/2026,14:58:41.795,-0.09E+00,-0.05E+00,+0.05E+00,+0.00E+00,-6.73E+00,+23.56E+00,-17.18E+00,+4.136E+00
2,09/2/2026,14:58:41.795,-0.09E+00,-0.05E+00,+0.05E+00,+0.00E+00,-6.55E+00,+24.84E+00,-18.68E+00,+4.090E+00
2,09/2/2026,14:58:41.796,-0.09E+00,-0.05E+00,+0.05E+00,-0.05E+00,-6.33E+00,+26.13E+00,-20.16E+00,+4.052E+00
2,09/2/2026,14:58:41.796,-0.09E+00,-0.05E+00,+0.05E+00,-0.05E+00,-6.12E+00,+27.42E+00,-21.65E+00,+4.006E+00
2,09/2/2026,14:58:41.796,-0.09E+00,-0.05E+00,+0.05E+00,-0.05E+00,-5.91E+00,+28.69E+00,-23.16E+00,+3.960E+00
2,09/2/2026,14:58:41.796,-0.09E+00,-0.05E+00,+0.05E+00,+0.00E+00,-5.68E+00,+29.96E+00,-24.66E+00,+3.914E+00
2,09/2/2026,14:58:41.796,-0.09E+00,-0.05E+00,+0.05E+00,+0.00E+00,-5.45E+00,+31.25E+00,-26.14E+00,+3.868E+00
2,09/2/2026,14:58:41.796,-0.09E+00,-0.05E+00,+0.05E+00,+0.00E+00,-5.23E+00,+32.52E+00,-27.64E+00,+3.815E+00
2,09/2/2026,14:58:41.796,-0.09E+00,-0.05E+00,+0.05E+00,-0.05E+00,-5.01E+00,+33.79E+00,-29.13E+00,+3.762E+00
2,09/2/2026,14:58:41.796,-0.09E+00,-0.05E+00,+0.05E+00,-0.05E+00,-4.78E+00,+35.04E+00,-30.61E+00,+3.716E+00
2,09/2/2026,14:58:41.796,-0.09E+00,-0.05E+00,+0.05E+00,-0.05E+00,-4.56E+00,+36.27E+00,-32.09E+00,+3.662E+00
2,09/2/2026,14:58:41.796,-0.09E+00,-0.05E+00,+0.05E+00,+0.00E+00,-4.32E+00,+37.52E+00,-33.56E+00,+3.601E+00
2,09/2/2026,14:58:41.796,-0.09E+00,-0.05E+00,+0.05E+00,+0.00E+00,-4.09E+00,+38.75E+00,-35.02E+00,+3.548E+00
2,09/2/2026,14:58:41.796,-0.09E+00,-0.05E+00,+0.05E+00,-0.05E+00,-3.86E+00,+39.95E+00,-36.46E+00,+3.487E+00
2,09/2/2026,14:58:41.796,-0.14E+00,-0.05E+00,+0.05E+00,-0.05E+00,-3.62E+00,+41.14E+00,-37.89E+00,+3.418E+00
2,09/2/2026,14:58:41.796,-0.09E+00,-0.05E+00,+0.05E+00,-0.05E+00,-3.39E+00,+42.32E+00,-39.29E+00,+3.350E+00
2,09/2/2026,14:58:41.796,-0.09E+00,-0.05E+00,+0.05E+00,+0.00E+00,-3.14E+00,+43.48E+00,-40.70E+00,+3.273E+00
2,09/2/2026,14:58:41.796,-0.09E+00,-0.05E+00,+0.05E+00,+0.00E+00,-2.88E+00,+44.62E+00,-42.10E+00,+3.205E+00
2,09/2/2026,14:58:41.796,-0.09E+00,-0.05E+00,+0.05E+00,+0.00E+00,-2.64E+00,+45.75E+00,-43.48E+00,+3.136E+00
2,09/2/2026,14:58:41.796,-0.09E+00,-0.05E+00,+0.05E+00,-0.05E+00,-2.40E+00,+46.86E+00,-44.85E+00,+3.067E+00
2,09/2/2026,14:58:41.796,-0.09E+00,-0.05E+00,+0.05E+00,-0.05E+00,-2.14E+00,+47.98E+00,-46.19E+00,+2.991E+00
2,09/2/2026,14:58:41.796,-0.09E+00,-0.05E+00,+0.05E+00,+0.00E+00,-1.88E+00,+49.06E+00,-47.55E+00,+2.915E+00
2,09/2/2026,14:58:41.797,-0.09E+00,-0.05E+00,+0.05E+00,+0.00E+00,-1.62E+00,+50.14E+00,-48.88E+00,+2.838E+00
2,09/2/2026,14:58:41.797,-0.09E+00,-0.05E+00,+0.05E+00,-0.05E+00,-1.36E+00,+51.21E+00,-50.21E+00,+2.762E+00
2,09/2/2026,14:58:41.797,-0.09E+00,-0.05E+00,+0.05E+00,+0.00E+00,-1.10E+00,+52.25E+00,-51.52E+00,+2.686E+00
2,09/2/2026,14:58:41.797,-0.09E+00,-0.05E+00,+0.05E+00,-0.05E+00,-0.84E+00,+53.29E+00,-52.82E+00,+2.609E+00
2,09/2/2026,14:58:41.797,-0.09E+00,-0.05E+00,+0.05E+00,-0.05E+00,-0.58E+00,+54.31E+00,-54.10E+00,+2.526E+00
2,09/2/2026,14:58:41.797,-0.09E+00,-0.05E+00,+0.05E+00,-0.05E+00,-0.32E+00,+55.32E+00,-55.36E+00,+2.449E+00
2,09/2/2026,14:58:41.797,-0.09E+00,-0.05E+00,+0.05E+00,+0.00E+00,-0.06E+00,+56.31E+00,-56.63E+00,+2.373E+00
2,09/2/2026,14:58:41.797,-0.09E+00,-0.05E+00,+0.05E+00,+0.00E+00,+0.21E+00,+57.29E+00,-57.87E+00,+2.289E+00
2,09/2/2026,14:58:41.797,-0.09E+00,-0.05E+00,+0.05E+00,-0.05E+00,+0.47E+00,+58.26E+00,-59.09E+00,+2.213E+00
2,09/2/2026,14:58:41.797,-0.09E+00,-0.05E+00,+0.05E+00,+0.00E+00,+0.73E+00,+59.21E+00,-60.29E+00,+2.129E+00
2,09/2/2026,14:58:41.797,-0.14E+00,-0.05E+00,+0.05E+00,+0.00E+00,+0.99E+00,+60.13E+00,-61.50E+00,+2.045E+00
2,09/2/2026,14:58:41.797,-0.09E+00,-0.05E+00,+0.05E+00,+0.00E+00,+1.27E+00,+61.04E+00,-62.67E+00,+1.961E+00
2,09/2/2026,14:58:41.797,-0.09E+00,-0.05E+00,+0.05E+00,+0.00E+00,+1.53E+00,+61.94E+00,-63.83E+00,+1.877E+00
2,09/2/2026,14:58:41.797,-0.09E+00,-0.05E+00,+0.05E+00,+0.00E+00,+1.80E+00,+62.83E+00,-64.99E+00,+1.801E+00
2,09/2/2026,14:58:41.797,-0.09E+00,-0.09E+00,+0.05E+00,+0.00E+00,+2.06E+00,+63.70E+00,-66.12E+00,+1.717E+00
2,09/2/2026,14:58:41.797,-0.14E+00,-0.05E+00,+0.05E+00,-0.05E+00,+2.32E+00,+64.55E+00,-67.24E+00,+1.633E+00
2,09/2/2026,14:58:41.797,-0.14E+00,-0.05E+00,+0.05E+00,-0.05E+00,+2.56E+00,+65.39E+00,-68.34E+00,+1.549E+00
2,09/2/2026,14:58:41.797,-0.09E+00,-0.05E+00,+0.05E+00,-0.05E+00,+2.82E+00,+66.20E+00,-69.40E+00,+1.465E+00
2,09/2/2026,14:58:41.797,-0.09E+00,-0.05E+00,+0.05E+00,+0.00E+00,+3.07E+00,+67.01E+00,-70.46E+00,+1.381E+00
2,09/2/2026,14:58:41.797,-0.09E+00,-0.05E+00,+0.05E+00,+0.00E+00,+3.31E+00,+67.80E+00,-71.49E+00,+1.305E+00
2,09/2/2026,14:58:41.798,-0.09E+00,-0.05E+00,+0.05E+00,+0.00E+00,+3.57E+00,+68.58E+00,-72.52E+00,+1.221E+00
2,09/2/2026,14:58:41.798,-0.14E+00,-0.05E+00,+0.05E+00,-0.05E+00,+3.82E+00,+69.34E+00,-73.52E+00,+1.137E+00
2,09/2/2026,14:58:41.798,-0.14E+00,-0.05E+00,+0.05E+00,+0.00E+00,+4.04E+00,+70.07E+00,-74.50E+00,+1.053E+00
2,09/2/2026,14:58:41.798,-0.09E+00,-0.05E+00,+0.05E+00,+0.00E+00,+4.29E+00,+70.81E+00,-75.48E+00,+0.977E+00
2,09/2/2026,14:58:41.798,-0.14E+00,-0.05E+00,+0.05E+00,+0.00E+00,+4.52E+00,+71.52E+00,-76.41E+00,+0.893E+00
2,09/2/2026,14:58:41.798,-0.09E+00,-0.05E+00,+0.05E+00,+0.00E+00,+4.75E+00,+72.21E+00,-77.34E+00,+0.809E+00
2,09/2/2026,14:58:41.798,-0.09E+00,-0.05E+00,+0.05E+00,+0.00E+00,+4.97E+00,+72.88E+00,-78.24E+00,+0.732E+00
2,09/2/2026,14:58:41.798,-0.14E+00,-0.05E+00,+0.05E+00,-0.05E+00,+5.22E+00,+73.55E+00,-79.14E+00,+0.649E+00
2,09/2/2026,14:58:41.798,-0.14E+00,-0.05E+00,+0.05E+00,+0.00E+00,+5.43E+00,+74.20E+00,-80.01E+00,+0.572E+00
2,09/2/2026,14:58:41.798,-0.09E+00,-0.05E+00,+0.05E+00,+0.00E+00,+5.66E+00,+74.82E+00,-80.86E+00,+0.488E+00
2,09/2/2026,14:58:41.798,-0.09E+00,-0.05E+00,+0.05E+00,-0.05E+00,+5.89E+00,+75.43E+00,-81.69E+00,+0.412E+00
2,09/2/2026,14:58:41.798,-0.09E+00,-0.05E+00,+0.05E+00,+0.00E+00,+6.10E+00,+76.03E+00,-82.51E+00,+0.336E+00
2,09/2/2026,14:58:41.798,-0.09E+00,-0.05E+00,+0.05E+00,+0.00E+00,+6.33E+00,+76.61E+00,-83.32E+00,+0.259E+00
2,09/2/2026,14:58:41.798,-0.09E+00,-0.05E+00,+0.05E+00,-0.05E+00,+6.55E+00,+77.17E+00,-84.10E+00,+0.175E+00
2,09/2/2026,14:58:41.798,-0.14E+00,-0.05E+00,+0.05E+00,-0.05E+00,+6.76E+00,+77.72E+00,-84.86E+00,+0.099E+00
2,09/2/2026,14:58:41.798,-0.14E+00,-0.05E+00,+0.05E+00,+0.00E+00,+6.97E+00,+78.25E+00,-85.62E+00,+0.023E+00
2,09/2/2026,14:58:41.798,-0.09E+00,-0.05E+00,+0.05E+00,-0.05E+00,+7.19E+00,+78.77E+00,-86.34E+00,-0.053E+00
2,09/2/2026,14:58:41.798,-0.09E+00,-0.05E+00,+0.05E+00,+0.00E+00,+7.40E+00,+79.28E+00,-87.06E+00,-0.130E+00
2,09/2/2026,14:58:41.798,-0.09E+00,-0.05E+00,+0.05E+00,+0.00E+00,+7.61E+00,+79.75E+00,-87.75E+00,-0.206E+00
2,09/2/2026,14:58:41.798,-0.14E+00,-0.05E+00,+0.05E+00,-0.05E+00,+7.83E+00,+80.21E+00,-88.43E+00,-0.290E+00
2,09/2/2026,14:58:41.799,-0.14E+00,-0.05E+00,+0.05E+00,+0.00E+00,+8.04E+00,+80.65E+00,-89.09E+00,-0.374E+00
2,09/2/2026,14:58:41.799,-0.14E+00,-0.05E+00,+0.05E+00,+0.00E+00,+8.27E+00,+81.08E+00,-89.73E+00,-0.450E+00
2,09/2/2026,14:58:41.799,-0.09E+00,-0.05E+00,+0.05E+00,+0.00E+00,+8.47E+00,+81.47E+00,-90.34E+00,-0.526E+00
2,09/2/2026,14:58:41.799,-0.09E+00,+0.00E+00,+0.05E+00,+0.00E+00,+8.70E+00,+81.87E+00,-90.95E+00,-0.610E+00
2,09/2/2026,14:58:41.799,-0.14E+00,-0.05E+00,+0.05E+00,-0.05E+00,+8.91E+00,+82.25E+00,-91.53E+00,-0.687E+00
2,09/2/2026,14:58:41.799,-0.14E+00,-0.05E+00,+0.05E+00,+0.00E+00,+9.13E+00,+82.59E+00,-92.11E+00,-0.763E+00
2,09/2/2026,14:58:41.799,-0.14E+00,-0.05E+00,+0.05E+00,-0.05E+00,+9.34E+00,+82.92E+00,-92.66E+00,-0.847E+00
2,09/2/2026,14:58:41.799,-0.14E+00,-0.05E+00,+0.05E+00,-0.05E+00,+9.55E+00,+83.24E+00,-93.19E+00,-0.931E+00
2,09/2/2026,14:58:41.799,-0.09E+00,-0.05E+00,+0.05E+00,-0.05E+00,+9.78E+00,+83.55E+00,-93.71E+00,-1.015E+00
2,09/2/2026,14:58:41.799,-0.09E+00,-0.05E+00,+0.05E+00,+0.00E+00,+10.00E+00,+83.82E+00,-94.22E+00,-1.099E+00
2,09/2/2026,14:58:41.799,-0.14E+00,-0.05E+00,+0.05E+00,-0.05E+00,+10.21E+00,+84.08E+00,-94.69E+00,-1.175E+00
2,09/2/2026,14:58:41.799,-0.09E+00,-0.09E+00,+0.05E+00,-0.05E+00,+10.42E+00,+84.33E+00,-95.15E+00,-1.251E+00
2,09/2/2026,14:58:41.799,-0.09E+00,-0.05E+00,+0.05E+00,-0.05E+00,+10.64E+00,+84.56E+00,-95.59E+00,-1.335E+00
2,09/2/2026,14:58:41.799,-0.14E+00,-0.05E+00,+0.05E+00,+0.00E+00,+10.83E+00,+84.77E+00,-96.02E+00,-1.419E+00
2,09/2/2026,14:58:41.799,-0.14E+00,-0.05E+00,+0.05E+00,+0.00E+00,+11.05E+00,+84.97E+00,-96.41E+00,-1.495E+00
2,09/2/2026,14:58:41.799,-0.09E+00,-0.05E+00,+0.05E+00,+0.00E+00,+11.25E+00,+85.15E+00,-96.80E+00,-1.572E+00
2,09/2/2026,14:58:41.799,-0.09E+00,-0.05E+00,+0.05E+00,+0.00E+00,+11.45E+00,+85.30E+00,-97.15E+00,-1.656E+00
2,09/2/2026,14:58:41.799,-0.14E+00,-0.05E+00,+0.05E+00,-0.05E+00,+11.64E+00,+85.44E+00,-97.48E+00,-1.732E+00
2,09/2/2026,14:58:41.799,-0.09E+00,-0.05E+00,+0.05E+00,-0.05E+00,+11.83E+00,+85.56E+00,-97.79E+00,-1.808E+00
2,09/2/2026,14:58:41.799,-0.09E+00,-0.05E+00,+0.05E+00,-0.05E+00,+12.01E+00,+85.66E+00,-98.06E+00,-1.892E+00
2,09/2/2026,14:58:41.800,-0.09E+00,-0.05E+00,+0.05E+00,+0.00E+00,+12.18E+00,+85.72E+00,-98.31E+00,-1.976E+00
2,09/2/2026,14:58:41.800,-0.09E+00,-0.05E+00,+0.05E+00,-0.05E+00,+12.35E+00,+85.76E+00,-98.50E+00,-2.052E+00
2,09/2/2026,14:58:41.800,-0.14E+00,-0.05E+00,+0.05E+00,-0.05E+00,+12.50E+00,+85.79E+00,-98.69E+00,-2.136E+00
2,09/2/2026,14:58:41.800,-0.09E+00,-0.05E+00,+0.05E+00,-0.05E+00,+12.65E+00,+85.78E+00,-98.82E+00,-2.220E+00
2,09/2/2026,14:58:41.800,-0.09E+00,-0.05E+00,+0.05E+00,+0.00E+00,+12.79E+00,+85.75E+00,-98.93E+00,-2.297E+00
2,09/2/2026,14:58:41.800,-0.09E+00,-0.05E+00,+0.05E+00,+0.00E+00,+12.91E+00,+85.69E+00,-99.01E+00,-2.373E+00
2,09/2/2026,14:58:41.800,-0.09E+00,-0.05E+00,+0.05E+00,+0.00E+00,+13.05E+00,+85.61E+00,-99.07E+00,-2.449E+00
2,09/2/2026,14:58:41.800,-0.09E+00,-0.05E+00,+0.05E+00,-0.05E+00,+13.18E+00,+85.52E+00,-99.10E+00,-2.526E+00
2,09/2/2026,14:58:41.800,-0.09E+00,-0.05E+00,+0.05E+00,+0.00E+00,+13.31E+00,+85.40E+00,-99.11E+00,-2.602E+00
2,09/2/2026,14:58:41.800,-0.09E+00,-0.05E+00,+0.05E+00,+0.00E+00,+13.43E+00,+85.26E+00,-99.10E+00,-2.671E+00
2,09/2/2026,14:58:41.800,-0.14E+00,-0.05E+00,+0.05E+00,+0.00E+00,+13.57E+00,+85.09E+00,-99.05E+00,-2.747E+00
2,09/2/2026,14:58:41.800,-0.14E+00,-0.05E+00,+0.05E+00,+0.00E+00,+13.69E+00,+84.89E+00,-98.99E+00,-2.816E+00
2,09/2/2026,14:58:41.800,-0.09E+00,-0.05E+00,+0.05E+00,+0.00E+00,+13.81E+00,+84.69E+00,-98.92E+00,-2.884E+00
2,09/2/2026,14:58:41.800,-0.09E+00,-0.05E+00,+0.05E+00,+0.00E+00,+13.93E+00,+84.47E+00,-98.79E+00,-2.960E+00
2,09/2/2026,14:58:41.800,-0.14E+00,-0.05E+00,+0.05E+00,+0.00E+00,+14.04E+00,+84.21E+00,-98.66E+00,-3.029E+00
2,09/2/2026,14:58:41.800,-0.14E+00,-0.05E+00,+0.05E+00,+0.00E+00,+14.15E+00,+83.93E+00,-98.49E+00,-3.098E+00
2,09/2/2026,14:58:41.800,-0.14E+00,-0.05E+00,+0.05E+00,-0.05E+00,+14.25E+00,+83.63E+00,-98.29E+00,-3.166E+00
2,09/2/2026,14:58:41.800,-0.09E+00,-0.05E+00,+0.05E+00,-0.05E+00,+14.33E+00,+83.29E+00,-98.05E+00,-3.235E+00
2,09/2/2026,14:58:41.800,-0.09E+00,-0.05E+00,+0.05E+00,+0.00E+00,+14.42E+00,+82.94E+00,-97.79E+00,-3.311E+00
2,09/2/2026,14:58:41.800,-0.14E+00,-0.05E+00,+0.05E+00,+0.00E+00,+14.51E+00,+82.56E+00,-97.50E+00,-3.380E+00
2,09/2/2026,14:58:41.801,-0.14E+00,-0.05E+00,+0.05E+00,-0.05E+00,+14.60E+00,+82.16E+00,-97.16E+00,-3.449E+00
2,09/2/2026,14:58:41.801,-0.14E+00,-0.05E+00,+0.05E+00,-0.05E+00,+14.68E+00,+81.73E+00,-96.83E+00,-3.517E+00
2,09/2/2026,14:58:41.801,-0.14E+00,-0.05E+00,+0.05E+00,-0.05E+00,+14.76E+00,+81.28E+00,-96.46E+00,-3.579E+00
2,09/2/2026,14:58:41.801,-0.09E+00,-0.05E+00,+0.05E+00,-0.05E+00,+14.83E+00,+80.82E+00,-96.06E+00,-3.640E+00
2,09/2/2026,14:58:41.801,-0.09E+00,-0.05E+00,+0.05E+00,-0.05E+00,+14.91E+00,+80.31E+00,-95.65E+00,-3.701E+00
2,09/2/2026,14:58:41.801,-0.09E+00,-0.05E+00,+0.05E+00,-0.05E+00,+14.99E+00,+79.81E+00,-95.21E+00,-3.762E+00
2,09/2/2026,14:58:41.801,-0.14E+00,-0.05E+00,+0.05E+00,+0.00E+00,+15.06E+00,+79.28E+00,-94.75E+00,-3.823E+00
2,09/2/2026,14:58:41.801,-0.14E+00,-0.05E+00,+0.05E+00,+0.00E+00,+15.12E+00,+78.73E+00,-94.28E+00,-3.884E+00
2,09/2/2026,14:58:41.801,-0.14E+00,-0.05E+00,+0.05E+00,-0.05E+00,+15.18E+00,+78.16E+00,-93.77E+00,-3.937E+00
2,09/2/2026,14:58:41.801,-0.09E+00,-0.05E+00,+0.05E+00,-0.05E+00,+15.26E+00,+77.58E+00,-93.26E+00,-3.998E+00
2,09/2/2026,14:58:41.801,-0.09E+00,-0.05E+00,+0.05E+00,+0.00E+00,+15.32E+00,+76.97E+00,-92.71E+00,-4.044E+00
2,09/2/2026,14:58:41.801,-0.09E+00,-0.05E+00,+0.05E+00,+0.00E+00,+15.37E+00,+76.35E+00,-92.13E+00,-4.097E+00
2,09/2/2026,14:58:41.801,-0.14E+00,-0.05E+00,+0.05E+00,+0.00E+00,+15.41E+00,+75.71E+00,-91.53E+00,-4.151E+00
2,09/2/2026,14:58:41.801,-0.14E+00,-0.05E+00,+0.05E+00,-0.05E+00,+15.46E+00,+75.05E+00,-90.92E+00,-4.204E+00
2,09/2/2026,14:58:41.801,-0.09E+00,-0.05E+00,+0.05E+00,-0.05E+00,+15.49E+00,+74.38E+00,-90.28E+00,-4.258E+00
2,09/2/2026,14:58:41.801,-0.09E+00,-0.05E+00,+0.05E+00,+0.00E+00,+15.53E+00,+73.68E+00,-89.62E+00,-4.303E+00
2,09/2/2026,14:58:41.801,-0.09E+00,-0.05E+00,+0.05E+00,+0.00E+00,+15.57E+00,+72.97E+00,-88.94E+00,-4.349E+00
2,09/2/2026,14:58:41.801,-0.09E+00,-0.05E+00,+0.05E+00,+0.00E+00,+15.60E+00,+72.24E+00,-88.23E+00,-4.395E+00
2,09/2/2026,14:58:41.801,-0.09E+00,-0.05E+00,+0.05E+00,+0.00E+00,+15.61E+00,+71.51E+00,-87.53E+00,-4.441E+00
2,09/2/2026,14:58:41.801,-0.09E+00,-0.05E+00,+0.05E+00,+0.00E+00,+15.64E+00,+70.75E+00,-86.80E+00,-4.479E+00
2,09/2/2026,14:58:41.802,-0.14E+00,-0.05E+00,+0.05E+00,-0.05E+00,+15.66E+00,+69.97E+00,-86.04E+00,-4.525E+00
2,09/2/2026,14:58:41.802,-0.09E+00,-0.05E+00,+0.05E+00,+0.00E+00,+15.69E+00,+69.17E+00,-85.27E+00,-4.570E+00
2,09/2/2026,14:58:41.802,-0.09E+00,-0.05E+00,+0.05E+00,+0.00E+00,+15.70E+00,+68.37E+00,-84.50E+00,-4.609E+00
2,09/2/2026,14:58:41.802,-0.09E+00,-0.05E+00,+0.05E+00,+0.00E+00,+15.72E+00,+67.54E+00,-83.69E+00,-4.647E+00
2,09/2/2026,14:58:41.802,-0.09E+00,-0.05E+00,+0.05E+00,+0.00E+00,+15.75E+00,+66.70E+00,-82.85E+00,-4.685E+00
2,09/2/2026,14:58:41.802,-0.09E+00,-0.05E+00,+0.05E+00,+0.00E+00,+15.75E+00,+65.85E+00,-82.02E+00,-4.731E+00
2,09/2/2026,14:58:41.802,-0.14E+00,-0.05E+00,+0.05E+00,-0.05E+00,+15.75E+00,+64.98E+00,-81.15E+00,-4.761E+00
2,09/2/2026,14:58:41.802,-0.14E+00,-0.05E+00,+0.05E+00,-0.05E+00,+15.76E+00,+64.09E+00,-80.27E+00,-4.799E+00
2,09/2/2026,14:58:41.802,-0.09E+00,-0.05E+00,+0.05E+00,-0.05E+00,+15.76E+00,+63.19E+00,-79.38E+00,-4.845E+00
2,09/2/2026,14:58:41.802,-0.09E+00,-0.05E+00,+0.05E+00,+0.00E+00,+15.78E+00,+62.26E+00,-78.47E+00,-4.876E+00
2,09/2/2026,14:58:41.802,-0.09E+00,-0.05E+00,+0.05E+00,+0.00E+00,+15.78E+00,+61.33E+00,-77.54E+00,-4.906E+00
2,09/2/2026,14:58:41.802,-0.14E+00,-0.05E+00,+0.05E+00,-0.05E+00,+15.76E+00,+60.37E+00,-76.59E+00,-4.944E+00
2,09/2/2026,14:58:41.802,-0.09E+00,-0.05E+00,+0.05E+00,-0.05E+00,+15.76E+00,+59.41E+00,-75.61E+00,-4.982E+00
2,09/2/2026,14:58:41.802,-0.09E+00,-0.05E+00,+0.05E+00,+0.00E+00,+15.76E+00,+58.43E+00,-74.62E+00,-5.021E+00
2,09/2/2026,14:58:41.802,-0.14E+00,-0.05E+00,+0.05E+00,+0.00E+00,+15.75E+00,+57.42E+00,-73.60E+00,-5.059E+00
2,09/2/2026,14:58:41.802,-0.09E+00,-0.05E+00,+0.05E+00,+0.00E+00,+15.73E+00,+56.40E+00,-72.58E+00,-5.097E+00
2,09/2/2026,14:58:41.802,-0.09E+00,-0.05E+00,+0.05E+00,-0.05E+00,+15.72E+00,+55.36E+00,-71.52E+00,-5.135E+00
2,09/2/2026,14:58:41.802,-0.14E+00,-0.05E+00,+0.05E+00,-0.05E+00,+15.72E+00,+54.31E+00,-70.46E+00,-5.166E+00
2,09/2/2026,14:58:41.802,-0.14E+00,-0.05E+00,+0.05E+00,-0.05E+00,+15.69E+00,+53.24E+00,-69.36E+00,-5.196E+00
2,09/2/2026,14:58:41.802,-0.14E+00,-0.05E+00,+0.05E+00,+0.00E+00,+15.66E+00,+52.16E+00,-68.26E+00,-5.227E+00
2,09/2/2026,14:58:41.803,-0.14E+00,-0.05E+00,+0.05E+00,+0.00E+00,+15.63E+00,+51.08E+00,-67.14E+00,-5.257E+00
2,09/2/2026,14:58:41.803,-0.09E+00,-0.05E+00,+0.05E+00,+0.00E+00,+15.60E+00,+49.96E+00,-66.02E+00,-5.280E+00
2,09/2/2026,14:58:41.803,-0.09E+00,-0.05E+00,+0.05E+00,+0.00E+00,+15.57E+00,+48.86E+00,-64.84E+00,-5.303E+00
2,09/2/2026,14:58:41.803,-0.09E+00,-0.05E+00,+0.05E+00,+0.00E+00,+15.50E+00,+47.73E+00,-63.67E+00,-5.326E+00
2,09/2/2026,14:58:41.803,-0.14E+00,-0.05E+00,+0.05E+00,+0.00E+00,+15.44E+00,+46.62E+00,-62.48E+00,-5.341E+00
2,09/2/2026,14:58:41.803,-0.09E+00,-0.05E+00,+0.05E+00,+0.00E+00,+15.38E+00,+45.48E+00,-61.27E+00,-5.364E+00
2,09/2/2026,14:58:41.803,-0.09E+00,-0.05E+00,+0.00E+00,+0.00E+00,+15.31E+00,+44.33E+00,-60.05E+00,-5.379E+00
2,09/2/2026,14:58:41.803,-0.09E+00,-0.05E+00,+0.00E+00,+0.00E+00,+15.21E+00,+43.19E+00,-58.80E+00,-5.387E+00
2,09/2/2026,14:58:41.803,-0.09E+00,-0.05E+00,+0.05E+00,+0.00E+00,+15.12E+00,+42.01E+00,-57.55E+00,-5.402E+00
2,09/2/2026,14:58:41.803,-0.14E+00,-0.05E+00,+0.05E+00,-0.05E+00,+15.03E+00,+40.84E+00,-56.28E+00,-5.410E+00
2,09/2/2026,14:58:41.803,-0.09E+00,-0.05E+00,+0.05E+00,-0.05E+00,+14.92E+00,+39.65E+00,-54.98E+00,-5.417E+00
2,09/2/2026,14:58:41.803,-0.09E+00,-0.05E+00,+0.05E+00,-0.05E+00,+14.82E+00,+38.46E+00,-53.69E+00,-5.417E+00
2,09/2/2026,14:58:41.803,-0.09E+00,-0.05E+00,+0.05E+00,+0.00E+00,+14.71E+00,+37.25E+00,-52.39E+00,-5.425E+00
2,09/2/2026,14:58:41.803,-0.09E+00,-0.05E+00,+0.05E+00,+0.00E+00,+14.59E+00,+36.04E+00,-51.06E+00,-5.425E+00
2,09/2/2026,14:58:41.803,-0.09E+00,-0.05E+00,+0.05E+00,+0.00E+00,+14.47E+00,+34.82E+00,-49.72E+00,-5.425E+00
2,09/2/2026,14:58:41.803,-0.09E+00,-0.05E+00,+0.05E+00,+0.00E+00,+14.33E+00,+33.60E+00,-48.36E+00,-5.425E+00
2,09/2/2026,14:58:41.803,-0.09E+00,-0.05E+00,+0.05E+00,-0.05E+00,+14.19E+00,+32.37E+00,-46.99E+00,-5.417E+00
2,09/2/2026,14:58:41.803,-0.09E+00,-0.05E+00,+0.05E+00,-0.05E+00,+14.05E+00,+31.12E+00,-45.61E+00,-5.410E+00
2,09/2/2026,14:58:41.803,-0.09E+00,-0.05E+00,+0.05E+00,+0.00E+00,+13.93E+00,+29.86E+00,-44.22E+00,-5.410E+00
2,09/2/2026,14:58:41.803,-0.09E+00,-0.05E+00,+0.05E+00,-0.05E+00,+13.78E+00,+28.60E+00,-42.82E+00,-5.402E+00
2,09/2/2026,14:58:41.804,-0.09E+00,-0.05E+00,+0.05E+00,-0.05E+00,+13.63E+00,+27.33E+00,-41.40E+00,-5.394E+00
2,09/2/2026,14:58:41.804,-0.14E+00,-0.05E+00,+0.05E+00,+0.00E+00,+13.47E+00,+26.06E+00,-39.97E+00,-5.379E+00
2,09/2/2026,14:58:41.804,-0.09E+00,-0.05E+00,+0.05E+00,+0.00E+00,+13.31E+00,+24.78E+00,-38.53E+00,-5.372E+00
2,09/2/2026,14:58:41.804,-0.09E+00,-0.05E+00,+0.05E+00,-0.05E+00,+13.14E+00,+23.50E+00,-37.10E+00,-5.356E+00
2,09/2/2026,14:58:41.804,-0.09E+00,-0.05E+00,+0.05E+00,+0.00E+00,+12.97E+00,+22.22E+00,-35.63E+00,-5.341E+00
2,09/2/2026,14:58:41.804,-0.09E+00,-0.05E+00,+0.00E+00,+0.00E+00,+12.80E+00,+20.92E+00,-34.17E+00,-5.326E+00
2,09/2/2026,14:58:41.804,-0.09E+00,-0.05E+00,+0.05E+00,+0.00E+00,+12.62E+00,+19.62E+00,-32.70E+00,-5.303E+00
2,09/2/2026,14:58:41.804,-0.14E+00,-0.05E+00,+0.05E+00,+0.00E+00,+12.45E+00,+18.33E+00,-31.22E+00,-5.280E+00
2,09/2/2026,14:58:41.804,-0.14E+00,-0.05E+00,+0.05E+00,+0.00E+00,+12.27E+00,+17.02E+00,-29.74E+00,-5.265E+00
2,09/2/2026,14:58:41.804,-0.09E+00,-0.05E+00,+0.05E+00,+0.00E+00,+12.09E+00,+15.70E+00,-28.25E+00,-5.242E+00
2,09/2/2026,14:58:41.804,-0.09E+00,-0.05E+00,+0.05E+00,+0.00E+00,+11.90E+00,+14.39E+00,-26.75E+00,-5.219E+00
2,09/2/2026,14:58:41.804,-0.09E+00,-0.05E+00,+0.05E+00,+0.00E+00,+11.72E+00,+13.08E+00,-25.24E+00,-5.196E+00
2,09/2/2026,14:58:41.804,-0.09E+00,-0.05E+00,+0.05E+00,-0.05E+00,+11.54E+00,+11.77E+00,-23.74E+00,-5.166E+00
2,09/2/2026,14:58:41.804,-0.09E+00,-0.05E+00,+0.05E+00,+0.00E+00,+11.35E+00,+10.44E+00,-22.22E+00,-5.143E+00
2,09/2/2026,14:58:41.804,-0.09E+00,-0.05E+00,+0.05E+00,-0.05E+00,+11.17E+00,+9.13E+00,-20.71E+00,-5.120E+00
2,09/2/2026,14:58:41.804,-0.09E+00,-0.05E+00,+0.05E+00,+0.00E+00,+10.97E+00,+7.78E+00,-19.18E+00,-5.089E+00
2,09/2/2026,14:58:41.804,-0.09E+00,-0.05E+00,+0.05E+00,+0.00E+00,+10.79E+00,+6.46E+00,-17.69E+00,-5.059E+00
2,09/2/2026,14:58:41.804,-0.09E+00,-0.05E+00,+0.05E+00,-0.05E+00,+10.61E+00,+5.13E+00,-16.18E+00,-5.028E+00
2,09/2/2026,14:58:41.804,-0.14E+00,-0.05E+00,+0.05E+00,-0.05E+00,+10.42E+00,+3.80E+00,-14.67E+00,-4.998E+00
2,09/2/2026,14:58:41.804,-0.14E+00,-0.05E+00,+0.05E+00,+0.00E+00,+10.24E+00,+2.47E+00,-13.14E+00,-4.967E+00
2,09/2/2026,14:58:41.805,-0.14E+00,-0.09E+00,+0.05E+00,-0.05E+00,+10.04E+00,+1.16E+00,-11.63E+00,-4.937E+00
2,09/2/2026,14:58:41.805,-0.09E+00,-0.05E+00,+0.05E+00,-0.05E+00,+9.86E+00,-0.18E+00,-10.12E+00,-4.906E+00
2,09/2/2026,14:58:41.805,-0.09E+00,-0.05E+00,+0.05E+00,+0.00E+00,+9.67E+00,-1.50E+00,-8.61E+00,-4.868E+00
2,09/2/2026,14:58:41.805,-0.09E+00,-0.05E+00,+0.05E+00,+0.00E+00,+9.48E+00,-2.82E+00,-7.08E+00,-4.830E+00
2,09/2/2026,14:58:41.805,-0.14E+00,-0.05E+00,+0.05E+00,+0.00E+00,+9.28E+00,-4.14E+00,-5.57E+00,-4.799E+00
2,09/2/2026,14:58:41.805,-0.09E+00,-0.05E+00,+0.05E+00,+0.00E+00,+9.08E+00,-5.46E+00,-4.06E+00,-4.761E+00
2,09/2/2026,14:58:41.805,-0.09E+00,-0.05E+00,+0.05E+00,+0.00E+00,+8.90E+00,-6.78E+00,-2.53E+00,-4.723E+00
2,09/2/2026,14:58:41.805,-0.09E+00,-0.05E+00,+0.05E+00,+0.00E+00,+8.70E+00,-8.10E+00,-1.04E+00,-4.685E+00
2,09/2/2026,14:58:41.805,-0.09E+00,-0.05E+00,+0.05E+00,+0.00E+00,+8.50E+00,-9.42E+00,+0.47E+00,-4.647E+00
2,09/2/2026,14:58:41.805,-0.09E+00,-0.05E+00,+0.05E+00,+0.00E+00,+8.32E+00,-10.73E+00,+1.98E+00,-4.609E+00
2,09/2/2026,14:58:41.805,-0.09E+00,-0.05E+00,+0.05E+00,-0.05E+00,+8.12E+00,-12.04E+00,+3.49E+00,-4.570E+00
2,09/2/2026,14:58:41.805,-0.09E+00,-0.05E+00,+0.00E+00,-0.05E+00,+7.94E+00,-13.35E+00,+5.01E+00,-4.540E+00
2,09/2/2026,14:58:41.805,-0.14E+00,-0.05E+00,+0.05E+00,-0.05E+00,+7.72E+00,-14.67E+00,+6.52E+00,-4.494E+00
2,09/2/2026,14:58:41.805,-0.09E+00,-0.05E+00,+0.05E+00,+0.00E+00,+7.52E+00,-15.98E+00,+8.03E+00,-4.456E+00
2,09/2/2026,14:58:41.805,-0.09E+00,-0.05E+00,+0.05E+00,+0.00E+00,+7.32E+00,-17.29E+00,+9.52E+00,-4.418E+00
2,09/2/2026,14:58:41.805,-0.09E+00,-0.05E+00,+0.05E+00,-0.05E+00,+7.13E+00,-18.59E+00,+11.03E+00,-4.380E+00
2,09/2/2026,14:58:41.805,-0.14E+00,-0.05E+00,+0.05E+00,+0.00E+00,+6.93E+00,-19.88E+00,+12.53E+00,-4.334E+00
2,09/2/2026,14:58:41.805,-0.14E+00,-0.05E+00,+0.05E+00,+0.00E+00,+6.73E+00,-21.18E+00,+14.02E+00,-4.288E+00
2,09/2/2026,14:58:41.805,-0.14E+00,-0.05E+00,+0.05E+00,-0.05E+00,+6.52E+00,-22.48E+00,+15.52E+00,-4.250E+00
2,09/2/2026,14:58:41.805,-0.09E+00,-0.05E+00,+0.05E+00,-0.05E+00,+6.32E+00,-23.76E+00,+17.02E+00,-4.204E+00
2,09/2/2026,14:58:41.806,-0.09E+00,-0.09E+00,+0.05E+00,+0.00E+00,+6.10E+00,-25.04E+00,+18.51E+00,-4.158E+00
2,09/2/2026,14:58:41.806,-0.09E+00,-0.05E+00,+0.05E+00,+0.00E+00,+5.89E+00,-26.32E+00,+20.02E+00,-4.113E+00
2,09/2/2026,14:58:41.806,-0.14E+00,-0.05E+00,+0.05E+00,-0.05E+00,+5.66E+00,-27.61E+00,+21.52E+00,-4.067E+00
2,09/2/2026,14:58:41.806,-0.14E+00,-0.05E+00,+0.05E+00,-0.05E+00,+5.45E+00,-28.89E+00,+23.03E+00,-4.021E+00
2,09/2/2026,14:58:41.806,-0.09E+00,-0.05E+00,+0.05E+00,-0.05E+00,+5.22E+00,-30.17E+00,+24.54E+00,-3.975E+00
2,09/2/2026,14:58:41.806,-0.09E+00,-0.05E+00,+0.05E+00,+0.00E+00,+4.99E+00,-31.45E+00,+26.03E+00,-3.929E+00
2,09/2/2026,14:58:41.806,-0.14E+00,-0.05E+00,+0.05E+00,+0.00E+00,+4.78E+00,-32.72E+00,+27.51E+00,-3.876E+00
2,09/2/2026,14:58:41.806,-0.14E+00,-0.05E+00,+0.05E+00,-0.05E+00,+4.55E+00,-34.00E+00,+29.01E+00,-3.830E+00
2,09/2/2026,14:58:41.806,-0.14E+00,-0.05E+00,+0.05E+00,+0.00E+00,+4.32E+00,-35.25E+00,+30.51E+00,-3.777E+00
2,09/2/2026,14:58:41.806,-0.09E+00,-0.05E+00,+0.05E+00,+0.00E+00,+4.09E+00,-36.49E+00,+31.97E+00,-3.716E+00
2,09/2/2026,14:58:41.806,-0.09E+00,-0.05E+00,+0.05E+00,+0.00E+00,+3.86E+00,-37.71E+00,+33.42E+00,-3.655E+00
2,09/2/2026,14:58:41.806,-0.09E+00,-0.05E+00,+0.05E+00,+0.00E+00,+3.63E+00,-38.91E+00,+34.87E+00,-3.594E+00
2,09/2/2026,14:58:41.806,-0.09E+00,-0.05E+00,+0.05E+00,+0.00E+00,+3.39E+00,-40.12E+00,+36.30E+00,-3.525E+00
2,09/2/2026,14:58:41.806,-0.14E+00,-0.05E+00,+0.05E+00,+0.00E+00,+3.14E+00,-41.29E+00,+37.72E+00,-3.456E+00
2,09/2/2026,14:58:41.806,-0.09E+00,-0.05E+00,+0.05E+00,+0.00E+00,+2.88E+00,-42.45E+00,+39.13E+00,-3.388E+00
2,09/2/2026,14:58:41.806,-0.09E+00,-0.05E+00,+0.05E+00,-0.05E+00,+2.64E+00,-43.60E+00,+40.53E+00,-3.311E+00
2,09/2/2026,14:58:41.806,-0.14E+00,-0.05E+00,+0.05E+00,+0.00E+00,+2.38E+00,-44.73E+00,+41.92E+00,-3.243E+00
2,09/2/2026,14:58:41.806,-0.09E+00,-0.05E+00,+0.05E+00,+0.00E+00,+2.14E+00,-45.86E+00,+43.29E+00,-3.174E+00
2,09/2/2026,14:58:41.806,-0.09E+00,-0.05E+00,+0.05E+00,+0.00E+00,+1.89E+00,-46.97E+00,+44.67E+00,-3.098E+00
2,09/2/2026,14:58:41.806,-0.14E+00,-0.05E+00,+0.05E+00,+0.00E+00,+1.63E+00,-48.08E+00,+46.02E+00,-3.029E+00
2,09/2/2026,14:58:41.807,-0.14E+00,-0.05E+00,+0.05E+00,+0.00E+00,+1.36E+00,-49.15E+00,+47.37E+00,-2.953E+00
2,09/2/2026,14:58:41.807,-0.09E+00,-0.05E+00,+0.05E+00,-0.05E+00,+1.10E+00,-50.22E+00,+48.70E+00,-2.869E+00
2,09/2/2026,14:58:41.807,-0.09E+00,-0.05E+00,+0.05E+00,+0.00E+00,+0.84E+00,-51.27E+00,+50.01E+00,-2.793E+00
2,09/2/2026,14:58:41.807,-0.09E+00,-0.05E+00,+0.05E+00,+0.00E+00,+0.58E+00,-52.31E+00,+51.30E+00,-2.716E+00
2,09/2/2026,14:58:41.807,-0.09E+00,-0.05E+00,+0.05E+00,-0.05E+00,+0.31E+00,-53.33E+00,+52.59E+00,-2.632E+00
2,09/2/2026,14:58:41.807,-0.09E+00,-0.05E+00,+0.05E+00,-0.05E+00,+0.05E+00,-54.34E+00,+53.87E+00,-2.556E+00
2,09/2/2026,14:58:41.807,-0.14E+00,-0.05E+00,+0.05E+00,-0.05E+00,-0.21E+00,-55.35E+00,+55.12E+00,-2.472E+00
2,09/2/2026,14:58:41.807,-0.14E+00,-0.05E+00,+0.05E+00,-0.05E+00,-0.47E+00,-56.33E+00,+56.37E+00,-2.396E+00
2,09/2/2026,14:58:41.807,-0.14E+00,-0.05E+00,+0.05E+00,+0.00E+00,-0.73E+00,-57.29E+00,+57.61E+00,-2.312E+00
2,09/2/2026,14:58:41.807,-0.09E+00,-0.05E+00,+0.05E+00,+0.00E+00,-1.01E+00,-58.23E+00,+58.81E+00,-2.228E+00
2,09/2/2026,14:58:41.807,-0.09E+00,-0.05E+00,+0.05E+00,+0.00E+00,-1.28E+00,-59.16E+00,+60.02E+00,-2.144E+00
2,09/2/2026,14:58:41.807,-0.14E+00,-0.05E+00,+0.05E+00,+0.00E+00,-1.54E+00,-60.08E+00,+61.21E+00,-2.068E+00
2,09/2/2026,14:58:41.807,-0.14E+00,-0.05E+00,+0.05E+00,+0.00E+00,-1.80E+00,-60.99E+00,+62.37E+00,-1.984E+00
2,09/2/2026,14:58:41.807,-0.09E+00,-0.05E+00,+0.05E+00,-0.05E+00,-2.08E+00,-61.88E+00,+63.53E+00,-1.900E+00
2,09/2/2026,14:58:41.807,-0.09E+00,-0.05E+00,+0.05E+00,+0.00E+00,-2.35E+00,-62.75E+00,+64.67E+00,-1.816E+00
2,09/2/2026,14:58:41.807,-0.09E+00,-0.05E+00,+0.05E+00,+0.00E+00,-2.61E+00,-63.62E+00,+65.79E+00,-1.732E+00
2,09/2/2026,14:58:41.807,-0.09E+00,-0.05E+00,+0.05E+00,-0.05E+00,-2.85E+00,-64.46E+00,+66.90E+00,-1.648E+00
2,09/2/2026,14:58:41.807,-0.09E+00,-0.05E+00,+0.05E+00,-0.05E+00,-3.11E+00,-65.28E+00,+67.98E+00,-1.557E+00
2,09/2/2026,14:58:41.807,-0.09E+00,-0.05E+00,+0.05E+00,-0.05E+00,-3.37E+00,-66.09E+00,+69.04E+00,-1.480E+00
2,09/2/2026,14:58:41.807,-0.09E+00,-0.05E+00,+0.05E+00,+0.00E+00,-3.62E+00,-66.89E+00,+70.07E+00,-1.396E+00
2,09/2/2026,14:58:41.808,-0.09E+00,-0.05E+00,+0.05E+00,+0.00E+00,-3.86E+00,-67.66E+00,+71.11E+00,-1.312E+00
2,09/2/2026,14:58:41.808,-0.09E+00,-0.05E+00,+0.05E+00,+0.00E+00,-4.10E+00,-68.41E+00,+72.12E+00,-1.228E+00
2,09/2/2026,14:58:41.808,-0.09E+00,-0.05E+00,+0.05E+00,+0.00E+00,-4.35E+00,-69.16E+00,+73.10E+00,-1.145E+00
2,09/2/2026,14:58:41.808,-0.14E+00,-0.05E+00,+0.05E+00,-0.05E+00,-4.59E+00,-69.89E+00,+74.06E+00,-1.068E+00
2,09/2/2026,14:58:41.808,-0.14E+00,-0.05E+00,+0.05E+00,+0.00E+00,-4.82E+00,-70.61E+00,+75.02E+00,-0.984E+00
2,09/2/2026,14:58:41.808,-0.09E+00,-0.05E+00,+0.05E+00,+0.00E+00,-5.05E+00,-71.30E+00,+75.95E+00,-0.908E+00
2,09/2/2026,14:58:41.808,-0.09E+00,-0.05E+00,+0.05E+00,-0.05E+00,-5.28E+00,-71.98E+00,+76.87E+00,-0.824E+00
2,09/2/2026,14:58:41.808,-0.09E+00,-0.05E+00,+0.05E+00,+0.00E+00,-5.51E+00,-72.65E+00,+77.77E+00,-0.740E+00
2,09/2/2026,14:58:41.808,-0.09E+00,-0.05E+00,+0.05E+00,+0.00E+00,-5.74E+00,-73.29E+00,+78.64E+00,-0.664E+00
2,09/2/2026,14:58:41.808,-0.14E+00,-0.05E+00,+0.05E+00,+0.00E+00,-5.97E+00,-73.94E+00,+79.49E+00,-0.588E+00
2,09/2/2026,14:58:41.808,-0.14E+00,-0.05E+00,+0.05E+00,-0.05E+00,-6.18E+00,-74.55E+00,+80.33E+00,-0.504E+00
2,09/2/2026,14:58:41.808,-0.09E+00,-0.05E+00,+0.05E+00,-0.05E+00,-6.41E+00,-75.14E+00,+81.15E+00,-0.427E+00
2,09/2/2026,14:58:41.808,-0.09E+00,-0.05E+00,+0.05E+00,+0.00E+00,-6.64E+00,-75.72E+00,+81.96E+00,-0.351E+00
2,09/2/2026,14:58:41.808,-0.09E+00,-0.05E+00,+0.05E+00,+0.00E+00,-6.87E+00,-76.29E+00,+82.74E+00,-0.267E+00
2,09/2/2026,14:58:41.808,-0.09E+00,-0.05E+00,+0.05E+00,+0.00E+00,-7.08E+00,-76.85E+00,+83.52E+00,-0.191E+00
2,09/2/2026,14:58:41.808,-0.09E+00,-0.05E+00,+0.05E+00,+0.00E+00,-7.29E+00,-77.37E+00,+84.27E+00,-0.107E+00
2,09/2/2026,14:58:41.808,-0.09E+00,-0.05E+00,+0.05E+00,+0.00E+00,-7.51E+00,-77.89E+00,+85.00E+00,-0.031E+00
2,09/2/2026,14:58:41.808,-0.09E+00,-0.05E+00,+0.05E+00,-0.05E+00,-7.74E+00,-78.38E+00,+85.72E+00,+0.046E+00
2,09/2/2026,14:58:41.808,-0.09E+00,-0.05E+00,+0.05E+00,+0.00E+00,-7.95E+00,-78.85E+00,+86.42E+00,+0.130E+00
2,09/2/2026,14:58:41.808,-0.09E+00,-0.05E+00,+0.05E+00,+0.00E+00,-8.16E+00,-79.31E+00,+87.09E+00,+0.206E+00
2,09/2/2026,14:58:41.809,-0.14E+00,-0.05E+00,+0.05E+00,+0.00E+00,-8.38E+00,-79.75E+00,+87.75E+00,+0.290E+00
2,09/2/2026,14:58:41.809,-0.14E+00,-0.05E+00,+0.05E+00,+0.00E+00,-8.59E+00,-80.19E+00,+88.39E+00,+0.366E+00
2,09/2/2026,14:58:41.809,-0.14E+00,-0.05E+00,+0.05E+00,-0.05E+00,-8.81E+00,-80.60E+00,+89.01E+00,+0.443E+00
2,09/2/2026,14:58:41.809,-0.14E+00,-0.05E+00,+0.05E+00,+0.00E+00,-9.00E+00,-81.00E+00,+89.62E+00,+0.519E+00
2,09/2/2026,14:58:41.809,-0.09E+00,-0.05E+00,+0.05E+00,+0.00E+00,-9.22E+00,-81.37E+00,+90.20E+00,+0.595E+00
2,09/2/2026,14:58:41.809,-0.09E+00,-0.05E+00,+0.05E+00,-0.05E+00,-9.45E+00,-81.73E+00,+90.78E+00,+0.679E+00
2,09/2/2026,14:58:41.809,-0.09E+00,-0.05E+00,+0.05E+00,+0.00E+00,-9.66E+00,-82.07E+00,+91.35E+00,+0.763E+00
2,09/2/2026,14:58:41.809,-0.09E+00,-0.05E+00,+0.05E+00,+0.00E+00,-9.87E+00,-82.37E+00,+91.88E+00,+0.847E+00
2,09/2/2026,14:58:41.809,-0.09E+00,-0.05E+00,+0.05E+00,+0.00E+00,-10.10E+00,-82.68E+00,+92.40E+00,+0.931E+00
2,09/2/2026,14:58:41.809,-0.09E+00,-0.05E+00,+0.05E+00,+0.00E+00,-10.32E+00,-82.95E+00,+92.89E+00,+1.015E+00
2,09/2/2026,14:58:41.809,-0.09E+00,-0.05E+00,+0.05E+00,+0.00E+00,-10.54E+00,-83.21E+00,+93.38E+00,+1.099E+00
2,09/2/2026,14:58:41.809,-0.09E+00,-0.05E+00,+0.05E+00,+0.00E+00,-10.76E+00,-83.44E+00,+93.82E+00,+1.175E+00
2,09/2/2026,14:58:41.809,-0.14E+00,-0.05E+00,+0.05E+00,-0.05E+00,-10.97E+00,-83.67E+00,+94.26E+00,+1.259E+00
2,09/2/2026,14:58:41.809,-0.14E+00,-0.05E+00,+0.05E+00,-0.05E+00,-11.17E+00,-83.89E+00,+94.69E+00,+1.343E+00
2,09/2/2026,14:58:41.809,-0.14E+00,-0.05E+00,+0.05E+00,+0.00E+00,-11.37E+00,-84.08E+00,+95.09E+00,+1.412E+00
2,09/2/2026,14:58:41.809,-0.14E+00,-0.05E+00,+0.05E+00,+0.00E+00,-11.57E+00,-84.27E+00,+95.47E+00,+1.495E+00
2,09/2/2026,14:58:41.809,-0.09E+00,-0.05E+00,+0.05E+00,+0.00E+00,-11.77E+00,-84.42E+00,+95.82E+00,+1.572E+00
2,09/2/2026,14:58:41.809,-0.09E+00,-0.05E+00,+0.05E+00,+0.00E+00,-11.95E+00,-84.57E+00,+96.15E+00,+1.648E+00
2,09/2/2026,14:58:41.809,-0.09E+00,-0.05E+00,+0.05E+00,+0.00E+00,-12.13E+00,-84.68E+00,+96.46E+00,+1.724E+00
2,09/2/2026,14:58:41.809,-0.09E+00,-0.09E+00,+0.05E+00,+0.00E+00,-12.31E+00,-84.79E+00,+96.73E+00,+1.808E+00
2,09/2/2026,14:58:41.810,-0.14E+00,-0.05E+00,+0.05E+00,+0.00E+00,-12.48E+00,-84.85E+00,+96.98E+00,+1.885E+00
2,09/2/2026,14:58:41.810,-0.14E+00,-0.05E+00,+0.05E+00,-0.05E+00,-12.65E+00,-84.89E+00,+97.18E+00,+1.969E+00
2,09/2/2026,14:58:41.810,-0.09E+00,-0.05E+00,+0.05E+00,-0.05E+00,-12.80E+00,-84.91E+00,+97.36E+00,+2.060E+00
2,09/2/2026,14:58:41.810,-0.09E+00,-0.05E+00,+0.05E+00,+0.00E+00,-12.94E+00,-84.89E+00,+97.48E+00,+2.136E+00
2,09/2/2026,14:58:41.810,-0.09E+00,-0.09E+00,+0.05E+00,+0.00E+00,-13.09E+00,-84.85E+00,+97.59E+00,+2.220E+00
2,09/2/2026,14:58:41.810,-0.14E+00,-0.05E+00,+0.05E+00,+0.00E+00,-13.23E+00,-84.80E+00,+97.67E+00,+2.297E+00
2,09/2/2026,14:58:41.810,-0.14E+00,-0.05E+00,+0.05E+00,-0.05E+00,-13.37E+00,-84.72E+00,+97.73E+00,+2.373E+00
2,09/2/2026,14:58:41.810,-0.14E+00,-0.05E+00,+0.05E+00,+0.00E+00,-13.49E+00,-84.62E+00,+97.76E+00,+2.449E+00
2,09/2/2026,14:58:41.810,-0.09E+00,-0.05E+00,+0.05E+00,+0.00E+00,-13.61E+00,-84.50E+00,+97.76E+00,+2.526E+00
2,09/2/2026,14:58:41.810,-0.09E+00,-0.05E+00,+0.05E+00,+0.00E+00,-13.75E+00,-84.34E+00,+97.74E+00,+2.594E+00
2,09/2/2026,14:58:41.810,-0.09E+00,-0.05E+00,+0.05E+00,+0.00E+00,-13.87E+00,-84.19E+00,+97.70E+00,+2.671E+00
2,09/2/2026,14:58:41.810,-0.09E+00,-0.05E+00,+0.05E+00,+0.00E+00,-13.99E+00,-83.99E+00,+97.63E+00,+2.739E+00
2,09/2/2026,14:58:41.810,-0.14E+00,-0.05E+00,+0.05E+00,-0.05E+00,-14.12E+00,-83.79E+00,+97.56E+00,+2.808E+00
2,09/2/2026,14:58:41.810,-0.14E+00,-0.05E+00,+0.05E+00,-0.05E+00,-14.22E+00,-83.56E+00,+97.45E+00,+2.877E+00
2,09/2/2026,14:58:41.810,-0.09E+00,-0.05E+00,+0.05E+00,+0.00E+00,-14.34E+00,-83.31E+00,+97.30E+00,+2.945E+00
2,09/2/2026,14:58:41.810,-0.09E+00,-0.05E+00,+0.05E+00,+0.00E+00,-14.45E+00,-83.02E+00,+97.12E+00,+3.022E+00
2,09/2/2026,14:58:41.810,-0.09E+00,-0.05E+00,+0.05E+00,+0.00E+00,-14.54E+00,-82.71E+00,+96.92E+00,+3.090E+00
2,09/2/2026,14:58:41.810,-0.14E+00,-0.05E+00,+0.05E+00,+0.00E+00,-14.63E+00,-82.37E+00,+96.67E+00,+3.166E+00
2,09/2/2026,14:58:41.810,-0.09E+00,-0.05E+00,+0.05E+00,-0.05E+00,-14.73E+00,-82.01E+00,+96.40E+00,+3.235E+00
2,09/2/2026,14:58:41.810,-0.09E+00,-0.05E+00,+0.05E+00,+0.00E+00,-14.82E+00,-81.63E+00,+96.09E+00,+3.304E+00
2,09/2/2026,14:58:41.811,-0.09E+00,-0.05E+00,+0.05E+00,+0.00E+00,-14.91E+00,-81.21E+00,+95.77E+00,+3.373E+00
2,09/2/2026,14:58:41.811,-0.09E+00,-0.05E+00,+0.05E+00,+0.00E+00,-14.99E+00,-80.79E+00,+95.44E+00,+3.441E+00
2,09/2/2026,14:58:41.811,-0.09E+00,-0.05E+00,+0.05E+00,+0.00E+00,-15.08E+00,-80.33E+00,+95.06E+00,+3.510E+00
2,09/2/2026,14:58:41.811,-0.09E+00,-0.05E+00,+0.05E+00,-0.05E+00,-15.15E+00,-79.86E+00,+94.66E+00,+3.571E+00
2,09/2/2026,14:58:41.811,-0.14E+00,-0.05E+00,+0.05E+00,-0.05E+00,-15.21E+00,-79.37E+00,+94.25E+00,+3.632E+00
2,09/2/2026,14:58:41.811,-0.09E+00,-0.05E+00,+0.05E+00,-0.05E+00,-15.29E+00,-78.85E+00,+93.80E+00,+3.693E+00
2,09/2/2026,14:58:41.811,-0.09E+00,-0.05E+00,+0.05E+00,-0.05E+00,-15.37E+00,-78.32E+00,+93.35E+00,+3.746E+00
2,09/2/2026,14:58:41.811,-0.09E+00,-0.05E+00,+0.05E+00,+0.00E+00,-15.43E+00,-77.77E+00,+92.87E+00,+3.815E+00
2,09/2/2026,14:58:41.811,-0.14E+00,-0.05E+00,+0.05E+00,+0.00E+00,-15.49E+00,-77.20E+00,+92.35E+00,+3.868E+00
2,09/2/2026,14:58:41.811,-0.14E+00,-0.05E+00,+0.05E+00,-0.05E+00,-15.55E+00,-76.61E+00,+91.82E+00,+3.922E+00
2,09/2/2026,14:58:41.811,-0.14E+00,-0.05E+00,+0.05E+00,+0.00E+00,-15.61E+00,-76.00E+00,+91.26E+00,+3.983E+00
2,09/2/2026,14:58:41.811,-0.09E+00,-0.05E+00,+0.05E+00,+0.00E+00,-15.66E+00,-75.35E+00,+90.69E+00,+4.036E+00
2,09/2/2026,14:58:41.811,-0.09E+00,-0.05E+00,+0.05E+00,-0.05E+00,-15.70E+00,-74.71E+00,+90.08E+00,+4.082E+00
2,09/2/2026,14:58:41.811,-0.09E+00,-0.05E+00,+0.05E+00,+0.00E+00,-15.75E+00,-74.06E+00,+89.47E+00,+4.136E+00
2,09/2/2026,14:58:41.811,-0.14E+00,-0.05E+00,+0.00E+00,+0.00E+00,-15.79E+00,-73.37E+00,+88.83E+00,+4.181E+00
2,09/2/2026,14:58:41.811,-0.14E+00,-0.05E+00,+0.05E+00,-0.05E+00,-15.82E+00,-72.67E+00,+88.16E+00,+4.235E+00
2,09/2/2026,14:58:41.811,-0.09E+00,-0.05E+00,+0.05E+00,-0.05E+00,-15.86E+00,-71.97E+00,+87.47E+00,+4.280E+00
2,09/2/2026,14:58:41.811,-0.09E+00,-0.05E+00,+0.05E+00,-0.05E+00,-15.89E+00,-71.23E+00,+86.78E+00,+4.326E+00
2,09/2/2026,14:58:41.811,-0.09E+00,-0.05E+00,+0.05E+00,-0.05E+00,-15.90E+00,-70.49E+00,+86.07E+00,+4.372E+00
2,09/2/2026,14:58:41.811,-0.14E+00,-0.05E+00,+0.05E+00,+0.00E+00,-15.93E+00,-69.72E+00,+85.32E+00,+4.410E+00
2,09/2/2026,14:58:41.812,-0.09E+00,-0.05E+00,+0.05E+00,+0.00E+00,-15.96E+00,-68.93E+00,+84.57E+00,+4.456E+00
2,09/2/2026,14:58:41.812,-0.09E+00,-0.05E+00,+0.05E+00,+0.00E+00,-15.98E+00,-68.14E+00,+83.79E+00,+4.494E+00
2,09/2/2026,14:58:41.812,-0.09E+00,-0.05E+00,+0.05E+00,+0.00E+00,-15.99E+00,-67.33E+00,+83.00E+00,+4.532E+00
2,09/2/2026,14:58:41.812,-0.09E+00,-0.05E+00,+0.05E+00,-0.05E+00,-16.01E+00,-66.50E+00,+82.19E+00,+4.578E+00
2,09/2/2026,14:58:41.812,-0.09E+00,-0.05E+00,+0.05E+00,+0.00E+00,-16.02E+00,-65.66E+00,+81.35E+00,+4.616E+00
2,09/2/2026,14:58:41.812,-0.09E+00,-0.05E+00,+0.05E+00,+0.00E+00,-16.02E+00,-64.79E+00,+80.50E+00,+4.662E+00
2,09/2/2026,14:58:41.812,-0.14E+00,-0.05E+00,+0.05E+00,+0.00E+00,-16.04E+00,-63.91E+00,+79.64E+00,+4.700E+00
2,09/2/2026,14:58:41.812,-0.14E+00,-0.05E+00,+0.05E+00,-0.05E+00,-16.04E+00,-63.02E+00,+78.76E+00,+4.731E+00
2,09/2/2026,14:58:41.812,-0.09E+00,-0.05E+00,+0.05E+00,+0.00E+00,-16.05E+00,-62.12E+00,+77.86E+00,+4.769E+00
2,09/2/2026,14:58:41.812,-0.09E+00,-0.05E+00,+0.05E+00,-0.05E+00,-16.05E+00,-61.21E+00,+76.94E+00,+4.807E+00
2,09/2/2026,14:58:41.812,-0.09E+00,-0.05E+00,+0.05E+00,-0.05E+00,-16.05E+00,-60.26E+00,+76.00E+00,+4.845E+00
2,09/2/2026,14:58:41.812,-0.09E+00,-0.05E+00,+0.05E+00,+0.00E+00,-16.05E+00,-59.30E+00,+75.05E+00,+4.876E+00
2,09/2/2026,14:58:41.812,-0.14E+00,-0.05E+00,+0.05E+00,+0.00E+00,-16.04E+00,-58.34E+00,+74.07E+00,+4.914E+00
2,09/2/2026,14:58:41.812,-0.14E+00,-0.05E+00,+0.05E+00,+0.00E+00,-16.04E+00,-57.35E+00,+73.08E+00,+4.952E+00
2,09/2/2026,14:58:41.812,-0.09E+00,-0.05E+00,+0.05E+00,+0.00E+00,-16.02E+00,-56.36E+00,+72.06E+00,+4.990E+00
2,09/2/2026,14:58:41.812,-0.09E+00,-0.05E+00,+0.05E+00,-0.05E+00,-16.01E+00,-55.32E+00,+71.02E+00,+5.021E+00
2,09/2/2026,14:58:41.812,-0.09E+00,-0.05E+00,+0.05E+00,+0.00E+00,-15.99E+00,-54.28E+00,+69.97E+00,+5.059E+00
2,09/2/2026,14:58:41.812,-0.09E+00,-0.05E+00,+0.05E+00,+0.00E+00,-15.98E+00,-53.23E+00,+68.90E+00,+5.097E+00
2,09/2/2026,14:58:41.812,-0.09E+00,-0.05E+00,+0.05E+00,+0.00E+00,-15.96E+00,-52.16E+00,+67.80E+00,+5.127E+00
2,09/2/2026,14:58:41.812,-0.14E+00,-0.05E+00,+0.05E+00,-0.05E+00,-15.93E+00,-51.06E+00,+66.69E+00,+5.158E+00
2,09/2/2026,14:58:41.813,-0.14E+00,-0.05E+00,+0.05E+00,-0.05E+00,-15.89E+00,-49.98E+00,+65.56E+00,+5.188E+00
2,09/2/2026,14:58:41.813,-0.09E+00,-0.05E+00,+0.05E+00,-0.05E+00,-15.86E+00,-48.86E+00,+64.40E+00,+5.219E+00
2,09/2/2026,14:58:41.813,-0.09E+00,-0.05E+00,+0.05E+00,-0.05E+00,-15.82E+00,-47.75E+00,+63.24E+00,+5.242E+00
2,09/2/2026,14:58:41.813,-0.09E+00,-0.05E+00,+0.05E+00,-0.05E+00,-15.76E+00,-46.62E+00,+62.06E+00,+5.265E+00
2,09/2/2026,14:58:41.813,-0.09E+00,-0.05E+00,+0.05E+00,-0.05E+00,-15.70E+00,-45.49E+00,+60.87E+00,+5.280E+00
2,09/2/2026,14:58:41.813,-0.09E+00,-0.05E+00,+0.05E+00,-0.05E+00,-15.64E+00,-44.36E+00,+59.67E+00,+5.288E+00
2,09/2/2026,14:58:41.813,-0.09E+00,-0.05E+00,+0.05E+00,-0.05E+00,-15.57E+00,-43.22E+00,+58.45E+00,+5.303E+00
2,09/2/2026,14:58:41.813,-0.09E+00,-0.05E+00,+0.05E+00,-0.05E+00,-15.47E+00,-42.06E+00,+57.20E+00,+5.318E+00
2,09/2/2026,14:58:41.813,-0.09E+00,-0.05E+00,+0.05E+00,+0.00E+00,-15.38E+00,-40.90E+00,+55.94E+00,+5.326E+00
2,09/2/2026,14:58:41.813,-0.09E+00,-0.05E+00,+0.05E+00,+0.00E+00,-15.29E+00,-39.72E+00,+54.68E+00,+5.341E+00
2,09/2/2026,14:58:41.813,-0.09E+00,-0.05E+00,+0.05E+00,+0.00E+00,-15.18E+00,-38.53E+00,+53.40E+00,+5.349E+00
2,09/2/2026,14:58:41.813,-0.14E+00,-0.05E+00,+0.05E+00,+0.00E+00,-15.08E+00,-37.34E+00,+52.08E+00,+5.349E+00
2,09/2/2026,14:58:41.813,-0.14E+00,-0.05E+00,+0.00E+00,-0.05E+00,-14.97E+00,-36.14E+00,+50.76E+00,+5.349E+00
2,09/2/2026,14:58:41.813,-0.09E+00,-0.05E+00,+0.05E+00,+0.00E+00,-14.85E+00,-34.92E+00,+49.43E+00,+5.356E+00
2,09/2/2026,14:58:41.813,-0.09E+00,-0.05E+00,+0.05E+00,+0.00E+00,-14.73E+00,-33.69E+00,+48.08E+00,+5.356E+00
2,09/2/2026,14:58:41.813,-0.09E+00,-0.05E+00,+0.05E+00,+0.00E+00,-14.59E+00,-32.46E+00,+46.73E+00,+5.356E+00
2,09/2/2026,14:58:41.813,-0.09E+00,-0.05E+00,+0.05E+00,+0.00E+00,-14.47E+00,-31.21E+00,+45.35E+00,+5.356E+00
2,09/2/2026,14:58:41.813,-0.09E+00,-0.05E+00,+0.05E+00,+0.00E+00,-14.31E+00,-29.96E+00,+43.98E+00,+5.349E+00
2,09/2/2026,14:58:41.813,-0.14E+00,-0.05E+00,+0.05E+00,+0.00E+00,-14.18E+00,-28.70E+00,+42.59E+00,+5.349E+00
2,09/2/2026,14:58:41.813,-0.09E+00,-0.05E+00,+0.05E+00,+0.00E+00,-14.04E+00,-27.45E+00,+41.19E+00,+5.341E+00
2,09/2/2026,14:58:41.814,-0.09E+00,-0.05E+00,+0.05E+00,-0.05E+00,-13.89E+00,-26.19E+00,+39.77E+00,+5.333E+00
2,09/2/2026,14:58:41.814,-0.09E+00,-0.05E+00,+0.05E+00,+0.00E+00,-13.73E+00,-24.92E+00,+38.33E+00,+5.318E+00
2,09/2/2026,14:58:41.814,-0.09E+00,-0.05E+00,+0.05E+00,+0.00E+00,-13.57E+00,-23.64E+00,+36.90E+00,+5.303E+00
2,09/2/2026,14:58:41.814,-0.14E+00,-0.05E+00,+0.05E+00,-0.05E+00,-13.40E+00,-22.36E+00,+35.45E+00,+5.288E+00
2,09/2/2026,14:58:41.814,-0.14E+00,-0.05E+00,+0.05E+00,+0.00E+00,-13.23E+00,-21.07E+00,+34.00E+00,+5.272E+00
2,09/2/2026,14:58:41.814,-0.09E+00,-0.05E+00,+0.05E+00,+0.00E+00,-13.05E+00,-19.78E+00,+32.52E+00,+5.257E+00
2,09/2/2026,14:58:41.814,-0.09E+00,-0.05E+00,+0.05E+00,+0.00E+00,-12.88E+00,-18.48E+00,+31.04E+00,+5.234E+00
2,09/2/2026,14:58:41.814,-0.09E+00,-0.05E+00,+0.05E+00,+0.00E+00,-12.71E+00,-17.18E+00,+29.56E+00,+5.219E+00
2,09/2/2026,14:58:41.814,-0.14E+00,-0.05E+00,+0.05E+00,+0.00E+00,-12.53E+00,-15.87E+00,+28.08E+00,+5.204E+00
2,09/2/2026,14:58:41.814,-0.09E+00,-0.05E+00,+0.05E+00,-0.05E+00,-12.35E+00,-14.56E+00,+26.58E+00,+5.181E+00
2,09/2/2026,14:58:41.814,-0.09E+00,-0.05E+00,+0.05E+00,+0.00E+00,-12.16E+00,-13.25E+00,+25.09E+00,+5.158E+00
2,09/2/2026,14:58:41.814,-0.09E+00,-0.05E+00,+0.05E+00,+0.00E+00,-11.98E+00,-11.92E+00,+23.59E+00,+5.135E+00
2,09/2/2026,14:58:41.814,-0.09E+00,-0.05E+00,+0.05E+00,+0.00E+00,-11.80E+00,-10.61E+00,+22.08E+00,+5.112E+00
2,09/2/2026,14:58:41.814,-0.09E+00,-0.05E+00,+0.05E+00,+0.00E+00,-11.61E+00,-9.29E+00,+20.56E+00,+5.082E+00
2,09/2/2026,14:58:41.814,-0.14E+00,-0.05E+00,+0.05E+00,-0.05E+00,-11.43E+00,-7.97E+00,+19.04E+00,+5.059E+00
2,09/2/2026,14:58:41.814,-0.14E+00,-0.05E+00,+0.05E+00,-0.05E+00,-11.23E+00,-6.64E+00,+17.53E+00,+5.028E+00
2,09/2/2026,14:58:41.814,-0.14E+00,-0.05E+00,+0.05E+00,+0.00E+00,-11.05E+00,-5.31E+00,+16.02E+00,+4.998E+00
2,09/2/2026,14:58:41.814,-0.09E+00,-0.05E+00,+0.05E+00,-0.05E+00,-10.85E+00,-3.98E+00,+14.51E+00,+4.975E+00
2,09/2/2026,14:58:41.814,-0.09E+00,-0.05E+00,+0.05E+00,+0.00E+00,-10.67E+00,-2.66E+00,+12.99E+00,+4.937E+00
2,09/2/2026,14:58:41.814,-0.09E+00,-0.05E+00,+0.05E+00,+0.00E+00,-10.48E+00,-1.34E+00,+11.48E+00,+4.906E+00
2,09/2/2026,14:58:41.815,-0.14E+00,-0.05E+00,+0.05E+00,+0.00E+00,-10.29E+00,-0.02E+00,+9.96E+00,+4.876E+00
2,09/2/2026,14:58:41.815,-0.14E+00,-0.05E+00,+0.05E+00,-0.05E+00,-10.09E+00,+1.31E+00,+8.44E+00,+4.837E+00
2,09/2/2026,14:58:41.815,-0.09E+00,-0.05E+00,+0.05E+00,-0.05E+00,-9.90E+00,+2.64E+00,+6.93E+00,+4.807E+00
2,09/2/2026,14:58:41.815,-0.09E+00,-0.05E+00,+0.05E+00,-0.05E+00,-9.71E+00,+3.95E+00,+5.42E+00,+4.769E+00
2,09/2/2026,14:58:41.815,-0.09E+00,-0.05E+00,+0.05E+00,-0.05E+00,-9.52E+00,+5.28E+00,+3.91E+00,+4.738E+00
2,09/2/2026,14:58:41.815,-0.14E+00,-0.05E+00,+0.00E+00,+0.00E+00,-9.32E+00,+6.59E+00,+2.40E+00,+4.700E+00
2,09/2/2026,14:58:41.815,-0.14E+00,-0.05E+00,+0.00E+00,+0.00E+00,-9.14E+00,+7.90E+00,+0.89E+00,+4.662E+00
2,09/2/2026,14:58:41.815,-0.09E+00,-0.05E+00,+0.05E+00,-0.05E+00,-8.96E+00,+9.23E+00,-0.63E+00,+4.624E+00
2,09/2/2026,14:58:41.815,-0.14E+00,-0.05E+00,+0.05E+00,-0.05E+00,-8.76E+00,+10.54E+00,-2.14E+00,+4.593E+00
2,09/2/2026,14:58:41.815,-0.09E+00,-0.05E+00,+0.00E+00,+0.00E+00,-8.56E+00,+11.86E+00,-3.65E+00,+4.555E+00
2,09/2/2026,14:58:41.815,-0.09E+00,-0.05E+00,+0.00E+00,+0.00E+00,-8.38E+00,+13.17E+00,-5.14E+00,+4.517E+00
2,09/2/2026,14:58:41.815,-0.09E+00,-0.05E+00,+0.05E+00,+0.00E+00,-8.18E+00,+14.47E+00,-6.65E+00,+4.479E+00
2,09/2/2026,14:58:41.815,-0.14E+00,-0.05E+00,+0.05E+00,+0.00E+00,-7.97E+00,+15.78E+00,-8.16E+00,+4.441E+00
2,09/2/2026,14:58:41.815,-0.14E+00,-0.05E+00,+0.05E+00,+0.00E+00,-7.77E+00,+17.08E+00,-9.67E+00,+4.395E+00
2,09/2/2026,14:58:41.815,-0.09E+00,-0.05E+00,+0.05E+00,-0.05E+00,-7.57E+00,+18.37E+00,-11.17E+00,+4.357E+00
2,09/2/2026,14:58:41.815,-0.09E+00,-0.05E+00,+0.05E+00,-0.05E+00,-7.37E+00,+19.69E+00,-12.68E+00,+4.319E+00
2,09/2/2026,14:58:41.815,-0.09E+00,-0.05E+00,+0.05E+00,-0.05E+00,-7.17E+00,+20.98E+00,-14.18E+00,+4.273E+00
2,09/2/2026,14:58:41.815,-0.09E+00,-0.05E+00,+0.05E+00,+0.00E+00,-6.96E+00,+22.26E+00,-15.66E+00,+4.227E+00
2,09/2/2026,14:58:41.815,-0.09E+00,-0.05E+00,+0.05E+00,+0.00E+00,-6.78E+00,+23.56E+00,-17.15E+00,+4.189E+00
2,09/2/2026,14:58:41.815,-0.09E+00,-0.05E+00,+0.05E+00,-0.05E+00,-6.56E+00,+24.84E+00,-18.65E+00,+4.143E+00
2,09/2/2026,14:58:41.816,-0.14E+00,-0.05E+00,+0.05E+00,+0.00E+00,-6.35E+00,+26.13E+00,-20.13E+00,+4.097E+00
2,09/2/2026,14:58:41.816,-0.14E+00,-0.05E+00,+0.05E+00,+0.00E+00,-6.15E+00,+27.41E+00,-21.62E+00,+4.059E+00
2,09/2/2026,14:58:41.816,-0.09E+00,-0.05E+00,+0.05E+00,+0.00E+00,-5.94E+00,+28.69E+00,-23.13E+00,+4.013E+00
2,09/2/2026,14:58:41.816,-0.09E+00,-0.05E+00,+0.05E+00,+0.00E+00,-5.71E+00,+29.96E+00,-24.63E+00,+3.968E+00
2,09/2/2026,14:58:41.816,-0.09E+00,-0.05E+00,+0.05E+00,-0.05E+00,-5.48E+00,+31.24E+00,-26.13E+00,+3.922E+00
2,09/2/2026,14:58:41.816,-0.09E+00,-0.05E+00,+0.05E+00,+0.00E+00,-5.25E+00,+32.52E+00,-27.62E+00,+3.868E+00
2,09/2/2026,14:58:41.816,-0.14E+00,-0.05E+00,+0.05E+00,+0.00E+00,-5.04E+00,+33.77E+00,-29.10E+00,+3.815E+00
2,09/2/2026,14:58:41.816,-0.14E+00,-0.05E+00,+0.05E+00,+0.00E+00,-4.81E+00,+35.04E+00,-30.60E+00,+3.769E+00
2,09/2/2026,14:58:41.816,-0.09E+00,-0.05E+00,+0.05E+00,+0.00E+00,-4.58E+00,+36.29E+00,-32.08E+00,+3.716E+00
2,09/2/2026,14:58:41.816,-0.09E+00,-0.05E+00,+0.05E+00,-0.05E+00,-4.35E+00,+37.52E+00,-33.54E+00,+3.662E+00
2,09/2/2026,14:58:41.816,-0.14E+00,-0.05E+00,+0.05E+00,+0.00E+00,-4.10E+00,+38.75E+00,-34.99E+00,+3.601E+00
2,09/2/2026,14:58:41.816,-0.14E+00,-0.05E+00,+0.05E+00,+0.00E+00,-3.88E+00,+39.95E+00,-36.44E+00,+3.540E+00
2,09/2/2026,14:58:41.816,-0.14E+00,-0.05E+00,+0.05E+00,-0.05E+00,-3.63E+00,+41.14E+00,-37.86E+00,+3.472E+00
2,09/2/2026,14:58:41.816,-0.14E+00,-0.05E+00,+0.05E+00,-0.05E+00,-3.39E+00,+42.32E+00,-39.28E+00,+3.403E+00
2,09/2/2026,14:58:41.816,-0.09E+00,-0.05E+00,+0.05E+00,+0.00E+00,-3.14E+00,+43.48E+00,-40.68E+00,+3.327E+00
2,09/2/2026,14:58:41.816,-0.09E+00,-0.05E+00,+0.05E+00,+0.00E+00,-2.91E+00,+44.62E+00,-42.07E+00,+3.258E+00
2,09/2/2026,14:58:41.816,-0.09E+00,-0.05E+00,+0.05E+00,+0.00E+00,-2.67E+00,+45.73E+00,-43.46E+00,+3.189E+00
2,09/2/2026,14:58:41.816,-0.14E+00,-0.05E+00,+0.05E+00,-0.05E+00,-2.41E+00,+46.86E+00,-44.82E+00,+3.113E+00
2,09/2/2026,14:58:41.816,-0.14E+00,-0.05E+00,+0.05E+00,+0.00E+00,-2.15E+00,+47.98E+00,-46.18E+00,+3.044E+00
2,09/2/2026,14:58:41.816,-0.14E+00,-0.05E+00,+0.05E+00,+0.00E+00,-1.91E+00,+49.06E+00,-47.54E+00,+2.968E+00
2,09/2/2026,14:58:41.817,-0.09E+00,-0.05E+00,+0.05E+00,+0.00E+00,-1.63E+00,+50.13E+00,-48.88E+00,+2.892E+00
2,09/2/2026,14:58:41.817,-0.09E+00,-0.05E+00,+0.05E+00,+0.00E+00,-1.36E+00,+51.20E+00,-50.21E+00,+2.816E+00
2,09/2/2026,14:58:41.817,-0.09E+00,-0.05E+00,+0.05E+00,+0.00E+00,-1.11E+00,+52.25E+00,-51.50E+00,+2.739E+00
2,09/2/2026,14:58:41.817,-0.14E+00,-0.05E+00,+0.05E+00,-0.05E+00,-0.84E+00,+53.29E+00,-52.80E+00,+2.663E+00
2,09/2/2026,14:58:41.817,-0.14E+00,-0.05E+00,+0.05E+00,-0.05E+00,-0.58E+00,+54.30E+00,-54.10E+00,+2.579E+00
2,09/2/2026,14:58:41.817,-0.14E+00,-0.05E+00,+0.05E+00,-0.05E+00,-0.32E+00,+55.32E+00,-55.36E+00,+2.503E+00
2,09/2/2026,14:58:41.817,-0.09E+00,-0.05E+00,+0.05E+00,-0.05E+00,-0.06E+00,+56.31E+00,-56.62E+00,+2.419E+00
2,09/2/2026,14:58:41.817,-0.09E+00,-0.05E+00,+0.05E+00,-0.05E+00,+0.20E+00,+57.27E+00,-57.85E+00,+2.342E+00
2,09/2/2026,14:58:41.817,-0.09E+00,-0.05E+00,+0.05E+00,+0.00E+00,+0.47E+00,+58.23E+00,-59.07E+00,+2.259E+00
2,09/2/2026,14:58:41.817,-0.14E+00,-0.05E+00,+0.05E+00,+0.00E+00,+0.73E+00,+59.18E+00,-60.29E+00,+2.175E+00
2,09/2/2026,14:58:41.817,-0.09E+00,-0.05E+00,+0.05E+00,-0.05E+00,+0.99E+00,+60.13E+00,-61.48E+00,+2.091E+00
2,09/2/2026,14:58:41.817,-0.09E+00,-0.05E+00,+0.05E+00,+0.00E+00,+1.27E+00,+61.04E+00,-62.67E+00,+2.007E+00
2,09/2/2026,14:58:41.817,-0.09E+00,-0.05E+00,+0.00E+00,+0.00E+00,+1.54E+00,+61.93E+00,-63.83E+00,+1.930E+00
2,09/2/2026,14:58:41.817,-0.09E+00,-0.05E+00,+0.05E+00,+0.00E+00,+1.80E+00,+62.81E+00,-64.98E+00,+1.846E+00
2,09/2/2026,14:58:41.817,-0.09E+00,-0.05E+00,+0.05E+00,+0.00E+00,+2.06E+00,+63.68E+00,-66.12E+00,+1.763E+00
2,09/2/2026,14:58:41.817,-0.14E+00,-0.05E+00,+0.05E+00,+0.00E+00,+2.32E+00,+64.55E+00,-67.24E+00,+1.679E+00
2,09/2/2026,14:58:41.817,-0.09E+00,-0.05E+00,+0.05E+00,-0.05E+00,+2.58E+00,+65.39E+00,-68.34E+00,+1.595E+00
2,09/2/2026,14:58:41.817,-0.09E+00,-0.05E+00,+0.05E+00,+0.00E+00,+2.82E+00,+66.20E+00,-69.40E+00,+1.511E+00
2,09/2/2026,14:58:41.817,-0.09E+00,-0.05E+00,+0.05E+00,+0.00E+00,+3.08E+00,+67.01E+00,-70.47E+00,+1.427E+00
2,09/2/2026,14:58:41.817,-0.09E+00,-0.05E+00,+0.05E+00,-0.05E+00,+3.33E+00,+67.80E+00,-71.51E+00,+1.351E+00
2,09/2/2026,14:58:41.818,-0.14E+00,-0.05E+00,+0.05E+00,+0.00E+00,+3.57E+00,+68.58E+00,-72.53E+00,+1.267E+00
2,09/2/2026,14:58:41.818,-0.09E+00,-0.05E+00,+0.05E+00,-0.05E+00,+3.82E+00,+69.33E+00,-73.52E+00,+1.183E+00
2,09/2/2026,14:58:41.818,-0.09E+00,-0.05E+00,+0.05E+00,-0.05E+00,+4.06E+00,+70.07E+00,-74.52E+00,+1.099E+00
2,09/2/2026,14:58:41.818,-0.09E+00,-0.05E+00,+0.05E+00,+0.00E+00,+4.30E+00,+70.81E+00,-75.48E+00,+1.015E+00
2,09/2/2026,14:58:41.818,-0.09E+00,-0.05E+00,+0.05E+00,+0.00E+00,+4.53E+00,+71.51E+00,-76.42E+00,+0.931E+00
2,09/2/2026,14:58:41.818,-0.09E+00,-0.05E+00,+0.05E+00,-0.05E+00,+4.78E+00,+72.20E+00,-77.35E+00,+0.855E+00
2,09/2/2026,14:58:41.818,-0.09E+00,-0.05E+00,+0.05E+00,+0.00E+00,+5.01E+00,+72.88E+00,-78.25E+00,+0.771E+00
2,09/2/2026,14:58:41.818,-0.14E+00,-0.05E+00,+0.05E+00,+0.00E+00,+5.22E+00,+73.54E+00,-79.14E+00,+0.694E+00
2,09/2/2026,14:58:41.818,-0.14E+00,-0.05E+00,+0.05E+00,-0.05E+00,+5.45E+00,+74.18E+00,-80.01E+00,+0.610E+00
2,09/2/2026,14:58:41.818,-0.14E+00,-0.05E+00,+0.05E+00,+0.00E+00,+5.68E+00,+74.82E+00,-80.86E+00,+0.534E+00
2,09/2/2026,14:58:41.818,-0.09E+00,-0.05E+00,+0.05E+00,+0.00E+00,+5.91E+00,+75.43E+00,-81.70E+00,+0.450E+00
2,09/2/2026,14:58:41.818,-0.09E+00,-0.05E+00,+0.05E+00,+0.00E+00,+6.12E+00,+76.03E+00,-82.53E+00,+0.374E+00
2,09/2/2026,14:58:41.818,-0.09E+00,-0.05E+00,+0.05E+00,-0.05E+00,+6.35E+00,+76.61E+00,-83.34E+00,+0.298E+00
2,09/2/2026,14:58:41.818,-0.14E+00,-0.05E+00,+0.05E+00,+0.00E+00,+6.56E+00,+77.17E+00,-84.11E+00,+0.214E+00
2,09/2/2026,14:58:41.818,-0.09E+00,-0.05E+00,+0.05E+00,-0.05E+00,+6.78E+00,+77.72E+00,-84.89E+00,+0.137E+00
2,09/2/2026,14:58:41.818,-0.14E+00,-0.05E+00,+0.05E+00,-0.05E+00,+7.00E+00,+78.25E+00,-85.64E+00,+0.061E+00
2,09/2/2026,14:58:41.818,-0.09E+00,-0.05E+00,+0.05E+00,+0.00E+00,+7.22E+00,+78.77E+00,-86.37E+00,-0.015E+00
2,09/2/2026,14:58:41.818,-0.09E+00,-0.05E+00,+0.05E+00,+0.00E+00,+7.43E+00,+79.28E+00,-87.09E+00,-0.099E+00
2,09/2/2026,14:58:41.818,-0.09E+00,-0.05E+00,+0.05E+00,-0.05E+00,+7.65E+00,+79.75E+00,-87.78E+00,-0.175E+00
2,09/2/2026,14:58:41.818,-0.14E+00,-0.05E+00,+0.05E+00,+0.00E+00,+7.86E+00,+80.21E+00,-88.45E+00,-0.259E+00
2,09/2/2026,14:58:41.819,-0.14E+00,-0.05E+00,+0.05E+00,-0.05E+00,+8.07E+00,+80.65E+00,-89.10E+00,-0.336E+00
2,09/2/2026,14:58:41.819,-0.09E+00,-0.05E+00,+0.05E+00,-0.05E+00,+8.29E+00,+81.06E+00,-89.75E+00,-0.420E+00
2,09/2/2026,14:58:41.819,-0.09E+00,-0.05E+00,+0.05E+00,+0.00E+00,+8.50E+00,+81.47E+00,-90.37E+00,-0.496E+00
2,09/2/2026,14:58:41.819,-0.09E+00,-0.05E+00,+0.05E+00,+0.00E+00,+8.73E+00,+81.87E+00,-90.98E+00,-0.572E+00
2,09/2/2026,14:58:41.819,-0.14E+00,-0.05E+00,+0.05E+00,-0.05E+00,+8.93E+00,+82.24E+00,-91.56E+00,-0.649E+00
2,09/2/2026,14:58:41.819,-0.09E+00,-0.05E+00,+0.05E+00,+0.00E+00,+9.14E+00,+82.60E+00,-92.14E+00,-0.732E+00
2,09/2/2026,14:58:41.819,-0.09E+00,-0.05E+00,+0.05E+00,+0.00E+00,+9.37E+00,+82.94E+00,-92.69E+00,-0.809E+00
2,09/2/2026,14:58:41.819,-0.09E+00,-0.05E+00,+0.05E+00,-0.05E+00,+9.58E+00,+83.26E+00,-93.22E+00,-0.893E+00
2,09/2/2026,14:58:41.819,-0.09E+00,-0.05E+00,+0.05E+00,-0.05E+00,+9.81E+00,+83.56E+00,-93.74E+00,-0.977E+00
2,09/2/2026,14:58:41.819,-0.09E+00,-0.05E+00,+0.05E+00,+0.00E+00,+10.03E+00,+83.84E+00,-94.25E+00,-1.061E+00
2,09/2/2026,14:58:41.819,-0.09E+00,-0.05E+00,+0.05E+00,+0.00E+00,+10.24E+00,+84.08E+00,-94.72E+00,-1.145E+00
2,09/2/2026,14:58:41.819,-0.14E+00,-0.05E+00,+0.05E+00,+0.00E+00,+10.45E+00,+84.33E+00,-95.19E+00,-1.228E+00
2,09/2/2026,14:58:41.819,-0.14E+00,-0.05E+00,+0.05E+00,+0.00E+00,+10.67E+00,+84.56E+00,-95.64E+00,-1.305E+00
2,09/2/2026,14:58:41.819,-0.09E+00,-0.05E+00,+0.05E+00,-0.05E+00,+10.88E+00,+84.77E+00,-96.05E+00,-1.389E+00
2,09/2/2026,14:58:41.819,-0.09E+00,-0.05E+00,+0.05E+00,-0.05E+00,+11.08E+00,+84.97E+00,-96.46E+00,-1.473E+00
2,09/2/2026,14:58:41.819,-0.09E+00,-0.05E+00,+0.05E+00,+0.00E+00,+11.29E+00,+85.15E+00,-96.83E+00,-1.549E+00
2,09/2/2026,14:58:41.819,-0.14E+00,-0.05E+00,+0.05E+00,+0.00E+00,+11.49E+00,+85.30E+00,-97.19E+00,-1.625E+00
2,09/2/2026,14:58:41.819,-0.14E+00,-0.05E+00,+0.05E+00,+0.00E+00,+11.67E+00,+85.44E+00,-97.53E+00,-1.709E+00
2,09/2/2026,14:58:41.819,-0.14E+00,-0.05E+00,+0.05E+00,-0.05E+00,+11.86E+00,+85.56E+00,-97.82E+00,-1.785E+00
2,09/2/2026,14:58:41.819,-0.09E+00,-0.05E+00,+0.05E+00,+0.00E+00,+12.04E+00,+85.66E+00,-98.11E+00,-1.869E+00
2,09/2/2026,14:58:41.820,-0.09E+00,-0.05E+00,+0.05E+00,+0.00E+00,+12.22E+00,+85.73E+00,-98.35E+00,-1.946E+00
2,09/2/2026,14:58:41.820,-0.09E+00,-0.05E+00,+0.05E+00,-0.05E+00,+12.38E+00,+85.78E+00,-98.57E+00,-2.030E+00
2,09/2/2026,14:58:41.820,-0.09E+00,-0.05E+00,+0.05E+00,-0.05E+00,+12.53E+00,+85.79E+00,-98.73E+00,-2.114E+00
2,09/2/2026,14:58:41.820,-0.09E+00,-0.05E+00,+0.05E+00,-0.05E+00,+12.68E+00,+85.79E+00,-98.89E+00,-2.197E+00
2,09/2/2026,14:58:41.820,-0.14E+00,-0.05E+00,+0.05E+00,+0.00E+00,+12.82E+00,+85.76E+00,-98.99E+00,-2.281E+00
2,09/2/2026,14:58:41.820,-0.14E+00,-0.05E+00,+0.05E+00,+0.00E+00,+12.96E+00,+85.70E+00,-99.07E+00,-2.358E+00
2,09/2/2026,14:58:41.820,-0.09E+00,-0.05E+00,+0.05E+00,+0.00E+00,+13.09E+00,+85.62E+00,-99.13E+00,-2.434E+00
2,09/2/2026,14:58:41.820,-0.09E+00,-0.05E+00,+0.05E+00,-0.05E+00,+13.22E+00,+85.53E+00,-99.16E+00,-2.510E+00
2,09/2/2026,14:58:41.820,-0.14E+00,-0.05E+00,+0.05E+00,-0.05E+00,+13.35E+00,+85.40E+00,-99.16E+00,-2.587E+00
2,09/2/2026,14:58:41.820,-0.14E+00,-0.05E+00,+0.05E+00,+0.00E+00,+13.47E+00,+85.26E+00,-99.15E+00,-2.663E+00
2,09/2/2026,14:58:41.820,-0.14E+00,-0.05E+00,+0.05E+00,-0.05E+00,+13.61E+00,+85.09E+00,-99.11E+00,-2.732E+00
2,09/2/2026,14:58:41.820,-0.09E+00,-0.05E+00,+0.05E+00,-0.05E+00,+13.73E+00,+84.91E+00,-99.05E+00,-2.800E+00
2,09/2/2026,14:58:41.820,-0.09E+00,-0.05E+00,+0.05E+00,+0.00E+00,+13.86E+00,+84.69E+00,-98.96E+00,-2.877E+00
2,09/2/2026,14:58:41.820,-0.09E+00,-0.05E+00,+0.05E+00,+0.00E+00,+13.98E+00,+84.47E+00,-98.86E+00,-2.945E+00
2,09/2/2026,14:58:41.820,-0.09E+00,-0.05E+00,+0.05E+00,+0.00E+00,+14.09E+00,+84.22E+00,-98.72E+00,-3.014E+00
2,09/2/2026,14:58:41.820,-0.09E+00,-0.05E+00,+0.05E+00,+0.00E+00,+14.19E+00,+83.95E+00,-98.55E+00,-3.090E+00
2,09/2/2026,14:58:41.820,-0.09E+00,-0.05E+00,+0.05E+00,+0.00E+00,+14.30E+00,+83.64E+00,-98.35E+00,-3.159E+00
2,09/2/2026,14:58:41.820,-0.09E+00,-0.05E+00,+0.05E+00,+0.00E+00,+14.39E+00,+83.31E+00,-98.11E+00,-3.228E+00
2,09/2/2026,14:58:41.820,-0.09E+00,-0.05E+00,+0.05E+00,-0.05E+00,+14.48E+00,+82.94E+00,-97.85E+00,-3.304E+00
2,09/2/2026,14:58:41.820,-0.09E+00,-0.05E+00,+0.05E+00,+0.00E+00,+14.57E+00,+82.57E+00,-97.54E+00,-3.373E+00
2,09/2/2026,14:58:41.821,-0.09E+00,-0.05E+00,+0.05E+00,+0.00E+00,+14.65E+00,+82.16E+00,-97.22E+00,-3.441E+00
2,09/2/2026,14:58:41.821,-0.09E+00,-0.05E+00,+0.05E+00,-0.05E+00,+14.74E+00,+81.72E+00,-96.87E+00,-3.510E+00
2,09/2/2026,14:58:41.821,-0.14E+00,-0.05E+00,+0.05E+00,+0.00E+00,+14.82E+00,+81.28E+00,-96.51E+00,-3.571E+00
2,09/2/2026,14:58:41.821,-0.09E+00,-0.05E+00,+0.05E+00,+0.00E+00,+14.89E+00,+80.80E+00,-96.11E+00,-3.640E+00
2,09/2/2026,14:58:41.821,-0.09E+00,-0.05E+00,+0.05E+00,-0.05E+00,+14.97E+00,+80.31E+00,-95.70E+00,-3.708E+00
2,09/2/2026,14:58:41.821,-0.09E+00,-0.05E+00,+0.05E+00,+0.00E+00,+15.05E+00,+79.80E+00,-95.25E+00,-3.762E+00
2,09/2/2026,14:58:41.821,-0.09E+00,-0.05E+00,+0.05E+00,+0.00E+00,+15.12E+00,+79.28E+00,-94.81E+00,-3.823E+00
2,09/2/2026,14:58:41.821,-0.09E+00,-0.05E+00,+0.05E+00,-0.05E+00,+15.18E+00,+78.73E+00,-94.34E+00,-3.884E+00
2,09/2/2026,14:58:41.821,-0.14E+00,-0.05E+00,+0.05E+00,-0.05E+00,+15.26E+00,+78.16E+00,-93.83E+00,-3.945E+00
2,09/2/2026,14:58:41.821,-0.09E+00,-0.05E+00,+0.05E+00,+0.00E+00,+15.32E+00,+77.58E+00,-93.30E+00,-3.998E+00
2,09/2/2026,14:58:41.821,-0.09E+00,-0.05E+00,+0.05E+00,+0.00E+00,+15.37E+00,+76.97E+00,-92.75E+00,-4.052E+00
2,09/2/2026,14:58:41.821,-0.09E+00,-0.05E+00,+0.05E+00,+0.00E+00,+15.43E+00,+76.35E+00,-92.19E+00,-4.105E+00
2,09/2/2026,14:58:41.821,-0.09E+00,-0.05E+00,+0.05E+00,-0.05E+00,+15.47E+00,+75.71E+00,-91.58E+00,-4.166E+00
2,09/2/2026,14:58:41.821,-0.09E+00,-0.05E+00,+0.05E+00,-0.05E+00,+15.50E+00,+75.03E+00,-90.97E+00,-4.212E+00
2,09/2/2026,14:58:41.821,-0.09E+00,-0.05E+00,+0.05E+00,+0.00E+00,+15.55E+00,+74.36E+00,-90.33E+00,-4.265E+00
2,09/2/2026,14:58:41.821,-0.09E+00,-0.05E+00,+0.05E+00,+0.00E+00,+15.58E+00,+73.68E+00,-89.67E+00,-4.311E+00
2,09/2/2026,14:58:41.821,-0.09E+00,-0.05E+00,+0.05E+00,+0.00E+00,+15.61E+00,+72.96E+00,-89.00E+00,-4.357E+00
2,09/2/2026,14:58:41.821,-0.09E+00,-0.05E+00,+0.05E+00,+0.00E+00,+15.64E+00,+72.24E+00,-88.30E+00,-4.403E+00
2,09/2/2026,14:58:41.821,-0.09E+00,-0.05E+00,+0.05E+00,+0.00E+00,+15.67E+00,+71.49E+00,-87.58E+00,-4.448E+00
2,09/2/2026,14:58:41.821,-0.14E+00,-0.05E+00,+0.05E+00,+0.00E+00,+15.70E+00,+70.73E+00,-86.85E+00,-4.494E+00
2,09/2/2026,14:58:41.822,-0.14E+00,-0.05E+00,+0.05E+00,-0.05E+00,+15.72E+00,+69.95E+00,-86.10E+00,-4.532E+00
2,09/2/2026,14:58:41.822,-0.09E+00,-0.05E+00,+0.05E+00,-0.05E+00,+15.75E+00,+69.16E+00,-85.32E+00,-4.578E+00
2,09/2/2026,14:58:41.822,-0.09E+00,-0.05E+00,+0.05E+00,-0.05E+00,+15.76E+00,+68.35E+00,-84.54E+00,-4.616E+00
2,09/2/2026,14:58:41.822,-0.09E+00,-0.05E+00,+0.05E+00,+0.00E+00,+15.78E+00,+67.53E+00,-83.73E+00,-4.662E+00
2,09/2/2026,14:58:41.822,-0.09E+00,-0.05E+00,+0.05E+00,+0.00E+00,+15.79E+00,+66.69E+00,-82.89E+00,-4.700E+00
2,09/2/2026,14:58:41.822,-0.09E+00,-0.05E+00,+0.05E+00,-0.05E+00,+15.81E+00,+65.83E+00,-82.05E+00,-4.746E+00
2,09/2/2026,14:58:41.822,-0.09E+00,-0.05E+00,+0.05E+00,+0.00E+00,+15.82E+00,+64.96E+00,-81.20E+00,-4.784E+00
2,09/2/2026,14:58:41.822,-0.14E+00,-0.05E+00,+0.05E+00,+0.00E+00,+15.82E+00,+64.08E+00,-80.33E+00,-4.822E+00
2,09/2/2026,14:58:41.822,-0.14E+00,-0.05E+00,+0.05E+00,+0.00E+00,+15.84E+00,+63.18E+00,-79.41E+00,-4.860E+00
2,09/2/2026,14:58:41.822,-0.09E+00,-0.05E+00,+0.05E+00,+0.00E+00,+15.84E+00,+62.25E+00,-78.51E+00,-4.891E+00
2,09/2/2026,14:58:41.822,-0.14E+00,-0.05E+00,+0.05E+00,-0.05E+00,+15.84E+00,+61.32E+00,-77.58E+00,-4.937E+00
2,09/2/2026,14:58:41.822,-0.14E+00,-0.05E+00,+0.05E+00,-0.05E+00,+15.82E+00,+60.37E+00,-76.62E+00,-4.967E+00
2,09/2/2026,14:58:41.822,-0.14E+00,-0.05E+00,+0.05E+00,+0.00E+00,+15.82E+00,+59.39E+00,-75.66E+00,-5.005E+00
2,09/2/2026,14:58:41.822,-0.09E+00,-0.05E+00,+0.05E+00,+0.00E+00,+15.82E+00,+58.42E+00,-74.67E+00,-5.043E+00
2,09/2/2026,14:58:41.822,-0.09E+00,-0.05E+00,+0.05E+00,+0.00E+00,+15.81E+00,+57.41E+00,-73.65E+00,-5.074E+00
2,09/2/2026,14:58:41.822,-0.09E+00,-0.05E+00,+0.05E+00,+0.00E+00,+15.79E+00,+56.40E+00,-72.62E+00,-5.112E+00
2,09/2/2026,14:58:41.822,-0.09E+00,-0.05E+00,+0.05E+00,+0.00E+00,+15.78E+00,+55.36E+00,-71.57E+00,-5.150E+00
2,09/2/2026,14:58:41.822,-0.09E+00,-0.05E+00,+0.05E+00,+0.00E+00,+15.76E+00,+54.31E+00,-70.50E+00,-5.188E+00
2,09/2/2026,14:58:41.822,-0.09E+00,-0.05E+00,+0.05E+00,+0.00E+00,+15.75E+00,+53.24E+00,-69.42E+00,-5.219E+00
2,09/2/2026,14:58:41.822,-0.09E+00,-0.05E+00,+0.05E+00,-0.05E+00,+15.72E+00,+52.14E+00,-68.30E+00,-5.250E+00
2,09/2/2026,14:58:41.823,-0.09E+00,-0.05E+00,+0.05E+00,-0.05E+00,+15.69E+00,+51.06E+00,-67.19E+00,-5.280E+00
2,09/2/2026,14:58:41.823,-0.09E+00,-0.05E+00,+0.05E+00,+0.00E+00,+15.66E+00,+49.96E+00,-66.05E+00,-5.311E+00
2,09/2/2026,14:58:41.823,-0.14E+00,-0.05E+00,+0.05E+00,+0.00E+00,+15.61E+00,+48.85E+00,-64.89E+00,-5.333E+00
2,09/2/2026,14:58:41.823,-0.14E+00,-0.05E+00,+0.05E+00,-0.05E+00,+15.57E+00,+47.73E+00,-63.71E+00,-5.356E+00
2,09/2/2026,14:58:41.823,-0.09E+00,-0.05E+00,+0.05E+00,-0.05E+00,+15.50E+00,+46.60E+00,-62.52E+00,-5.379E+00
2,09/2/2026,14:58:41.823,-0.09E+00,-0.05E+00,+0.05E+00,+0.00E+00,+15.43E+00,+45.46E+00,-61.32E+00,-5.394E+00
2,09/2/2026,14:58:41.823,-0.09E+00,-0.05E+00,+0.05E+00,+0.00E+00,+15.35E+00,+44.32E+00,-60.09E+00,-5.410E+00
2,09/2/2026,14:58:41.823,-0.09E+00,-0.05E+00,+0.05E+00,+0.00E+00,+15.28E+00,+43.17E+00,-58.86E+00,-5.417E+00
2,09/2/2026,14:58:41.823,-0.09E+00,-0.05E+00,+0.05E+00,-0.05E+00,+15.18E+00,+42.00E+00,-57.61E+00,-5.433E+00
2,09/2/2026,14:58:41.823,-0.09E+00,-0.05E+00,+0.05E+00,+0.00E+00,+15.09E+00,+40.82E+00,-56.33E+00,-5.440E+00
2,09/2/2026,14:58:41.823,-0.09E+00,-0.05E+00,+0.05E+00,+0.00E+00,+14.99E+00,+39.65E+00,-55.04E+00,-5.448E+00
2,09/2/2026,14:58:41.823,-0.09E+00,-0.05E+00,+0.05E+00,-0.05E+00,+14.88E+00,+38.46E+00,-53.75E+00,-5.448E+00
2,09/2/2026,14:58:41.823,-0.09E+00,-0.05E+00,+0.05E+00,+0.00E+00,+14.77E+00,+37.25E+00,-52.43E+00,-5.456E+00
2,09/2/2026,14:58:41.823,-0.09E+00,-0.05E+00,+0.05E+00,+0.00E+00,+14.65E+00,+36.04E+00,-51.09E+00,-5.456E+00
2,09/2/2026,14:58:41.823,-0.14E+00,-0.05E+00,+0.05E+00,-0.05E+00,+14.51E+00,+34.82E+00,-49.76E+00,-5.448E+00
2,09/2/2026,14:58:41.823,-0.09E+00,-0.05E+00,+0.05E+00,-0.05E+00,+14.39E+00,+33.60E+00,-48.41E+00,-5.456E+00
2,09/2/2026,14:58:41.823,-0.09E+00,-0.05E+00,+0.05E+00,+0.00E+00,+14.25E+00,+32.37E+00,-47.03E+00,-5.448E+00
2,09/2/2026,14:58:41.823,-0.09E+00,-0.05E+00,+0.05E+00,+0.00E+00,+14.12E+00,+31.12E+00,-45.66E+00,-5.448E+00
2,09/2/2026,14:58:41.823,-0.09E+00,-0.05E+00,+0.05E+00,+0.00E+00,+13.98E+00,+29.85E+00,-44.27E+00,-5.448E+00
2,09/2/2026,14:58:41.823,-0.09E+00,-0.05E+00,+0.05E+00,+0.00E+00,+13.83E+00,+28.60E+00,-42.87E+00,-5.433E+00
2,09/2/2026,14:58:41.824,-0.09E+00,-0.05E+00,+0.05E+00,-0.05E+00,+13.67E+00,+27.33E+00,-41.45E+00,-5.425E+00
2,09/2/2026,14:58:41.824,-0.14E+00,-0.05E+00,+0.05E+00,-0.05E+00,+13.52E+00,+26.06E+00,-40.03E+00,-5.417E+00
2,09/2/2026,14:58:41.824,-0.14E+00,-0.05E+00,+0.05E+00,-0.05E+00,+13.35E+00,+24.78E+00,-38.59E+00,-5.410E+00
2,09/2/2026,14:58:41.824,-0.09E+00,-0.05E+00,+0.05E+00,-0.05E+00,+13.18E+00,+23.50E+00,-37.14E+00,-5.394E+00
2,09/2/2026,14:58:41.824,-0.09E+00,-0.05E+00,+0.05E+00,+0.00E+00,+13.02E+00,+22.22E+00,-35.68E+00,-5.379E+00
2,09/2/2026,14:58:41.824,-0.09E+00,-0.05E+00,+0.05E+00,+0.00E+00,+12.85E+00,+20.92E+00,-34.21E+00,-5.364E+00
2,09/2/2026,14:58:41.824,-0.09E+00,-0.05E+00,+0.05E+00,-0.05E+00,+12.67E+00,+19.62E+00,-32.75E+00,-5.341E+00
2,09/2/2026,14:58:41.824,-0.09E+00,-0.05E+00,+0.05E+00,+0.00E+00,+12.50E+00,+18.33E+00,-31.25E+00,-5.326E+00
2,09/2/2026,14:58:41.824,-0.14E+00,-0.05E+00,+0.05E+00,-0.05E+00,+12.31E+00,+17.02E+00,-29.77E+00,-5.303E+00
2,09/2/2026,14:58:41.824,-0.09E+00,-0.09E+00,+0.05E+00,-0.05E+00,+12.13E+00,+15.70E+00,-28.28E+00,-5.280E+00
2,09/2/2026,14:58:41.824,-0.09E+00,-0.05E+00,+0.05E+00,+0.00E+00,+11.95E+00,+14.39E+00,-26.78E+00,-5.257E+00
2,09/2/2026,14:58:41.824,-0.09E+00,-0.05E+00,+0.05E+00,+0.00E+00,+11.77E+00,+13.09E+00,-25.27E+00,-5.234E+00
2,09/2/2026,14:58:41.824,-0.14E+00,-0.05E+00,+0.05E+00,-0.05E+00,+11.58E+00,+11.77E+00,-23.78E+00,-5.211E+00
2,09/2/2026,14:58:41.824,-0.09E+00,-0.05E+00,+0.05E+00,+0.00E+00,+11.38E+00,+10.44E+00,-22.26E+00,-5.188E+00
2,09/2/2026,14:58:41.824,-0.14E+00,-0.05E+00,+0.05E+00,+0.00E+00,+11.22E+00,+9.11E+00,-20.74E+00,-5.158E+00
2,09/2/2026,14:58:41.824,-0.09E+00,-0.05E+00,+0.05E+00,-0.05E+00,+11.02E+00,+7.78E+00,-19.23E+00,-5.135E+00
2,09/2/2026,14:58:41.824,-0.09E+00,-0.05E+00,+0.05E+00,+0.00E+00,+10.83E+00,+6.46E+00,-17.72E+00,-5.105E+00
2,09/2/2026,14:58:41.824,-0.09E+00,-0.05E+00,+0.05E+00,+0.00E+00,+10.65E+00,+5.13E+00,-16.21E+00,-5.074E+00
2,09/2/2026,14:58:41.824,-0.09E+00,-0.05E+00,+0.05E+00,-0.05E+00,+10.45E+00,+3.80E+00,-14.70E+00,-5.043E+00
2,09/2/2026,14:58:41.824,-0.09E+00,-0.05E+00,+0.05E+00,-0.05E+00,+10.27E+00,+2.47E+00,-13.17E+00,-5.013E+00
2,09/2/2026,14:58:41.825,-0.09E+00,-0.05E+00,+0.05E+00,+0.00E+00,+10.07E+00,+1.14E+00,-11.66E+00,-4.982E+00
2,09/2/2026,14:58:41.825,-0.09E+00,-0.05E+00,+0.05E+00,+0.00E+00,+9.89E+00,-0.18E+00,-10.15E+00,-4.944E+00
2,09/2/2026,14:58:41.825,-0.09E+00,-0.05E+00,+0.05E+00,+0.00E+00,+9.69E+00,-1.51E+00,-8.62E+00,-4.914E+00
2,09/2/2026,14:58:41.825,-0.09E+00,-0.05E+00,+0.05E+00,+0.00E+00,+9.49E+00,-2.82E+00,-7.11E+00,-4.876E+00
2,09/2/2026,14:58:41.825,-0.09E+00,-0.05E+00,+0.05E+00,-0.05E+00,+9.31E+00,-4.15E+00,-5.60E+00,-4.845E+00
2,09/2/2026,14:58:41.825,-0.09E+00,-0.05E+00,+0.05E+00,-0.05E+00,+9.11E+00,-5.46E+00,-4.07E+00,-4.799E+00
2,09/2/2026,14:58:41.825,-0.09E+00,-0.05E+00,+0.05E+00,-0.05E+00,+8.93E+00,-6.79E+00,-2.56E+00,-4.769E+00
2,09/2/2026,14:58:41.825,-0.09E+00,-0.05E+00,+0.05E+00,+0.00E+00,+8.73E+00,-8.10E+00,-1.07E+00,-4.738E+00
2,09/2/2026,14:58:41.825,-0.09E+00,-0.05E+00,+0.05E+00,+0.00E+00,+8.53E+00,-9.43E+00,+0.46E+00,-4.693E+00
2,09/2/2026,14:58:41.825,-0.09E+00,-0.05E+00,+0.05E+00,-0.05E+00,+8.35E+00,-10.74E+00,+1.97E+00,-4.654E+00
2,09/2/2026,14:58:41.825,-0.14E+00,-0.05E+00,+0.05E+00,-0.05E+00,+8.16E+00,-12.06E+00,+3.46E+00,-4.624E+00
2,09/2/2026,14:58:41.825,-0.14E+00,-0.05E+00,+0.05E+00,+0.00E+00,+7.95E+00,-13.37E+00,+4.97E+00,-4.586E+00
2,09/2/2026,14:58:41.825,-0.09E+00,-0.05E+00,+0.00E+00,+0.00E+00,+7.75E+00,-14.68E+00,+6.49E+00,-4.540E+00
2,09/2/2026,14:58:41.825,-0.09E+00,-0.05E+00,+0.00E+00,+0.00E+00,+7.55E+00,-15.99E+00,+8.00E+00,-4.502E+00
2,09/2/2026,14:58:41.825,-0.09E+00,-0.05E+00,+0.05E+00,+0.00E+00,+7.36E+00,-17.29E+00,+9.51E+00,-4.464E+00
2,09/2/2026,14:58:41.825,-0.09E+00,-0.05E+00,+0.05E+00,+0.00E+00,+7.16E+00,-18.59E+00,+11.00E+00,-4.418E+00
2,09/2/2026,14:58:41.825,-0.14E+00,-0.05E+00,+0.05E+00,+0.00E+00,+6.96E+00,-19.88E+00,+12.50E+00,-4.380E+00
2,09/2/2026,14:58:41.825,-0.09E+00,-0.05E+00,+0.05E+00,+0.00E+00,+6.76E+00,-21.18E+00,+13.99E+00,-4.342E+00
2,09/2/2026,14:58:41.825,-0.09E+00,-0.05E+00,+0.05E+00,+0.00E+00,+6.55E+00,-22.48E+00,+15.49E+00,-4.296E+00
2,09/2/2026,14:58:41.825,-0.09E+00,-0.05E+00,+0.05E+00,+0.00E+00,+6.35E+00,-23.76E+00,+16.98E+00,-4.250E+00
2,09/2/2026,14:58:41.826,-0.09E+00,-0.05E+00,+0.05E+00,+0.00E+00,+6.13E+00,-25.04E+00,+18.48E+00,-4.212E+00
2,09/2/2026,14:58:41.826,-0.09E+00,-0.05E+00,+0.05E+00,+0.00E+00,+5.91E+00,-26.34E+00,+19.98E+00,-4.158E+00
2,09/2/2026,14:58:41.826,-0.09E+00,-0.05E+00,+0.05E+00,-0.05E+00,+5.69E+00,-27.61E+00,+21.49E+00,-4.113E+00
2,09/2/2026,14:58:41.826,-0.09E+00,-0.05E+00,+0.05E+00,-0.05E+00,+5.48E+00,-28.89E+00,+23.00E+00,-4.074E+00
2,09/2/2026,14:58:41.826,-0.09E+00,-0.05E+00,+0.05E+00,+0.00E+00,+5.25E+00,-30.17E+00,+24.51E+00,-4.021E+00
2,09/2/2026,14:58:41.826,-0.09E+00,-0.05E+00,+0.05E+00,+0.00E+00,+5.02E+00,-31.45E+00,+26.00E+00,-3.975E+00
2,09/2/2026,14:58:41.826,-0.09E+00,-0.05E+00,+0.05E+00,+0.00E+00,+4.79E+00,-32.73E+00,+27.50E+00,-3.929E+00
2,09/2/2026,14:58:41.826,-0.14E+00,-0.05E+00,+0.05E+00,+0.00E+00,+4.56E+00,-33.98E+00,+28.98E+00,-3.876E+00
2,09/2/2026,14:58:41.826,-0.14E+00,-0.05E+00,+0.05E+00,-0.05E+00,+4.35E+00,-35.24E+00,+30.46E+00,-3.823E+00
2,09/2/2026,14:58:41.826,-0.14E+00,-0.05E+00,+0.05E+00,-0.05E+00,+4.12E+00,-36.49E+00,+31.92E+00,-3.769E+00
2,09/2/2026,14:58:41.826,-0.09E+00,-0.05E+00,+0.05E+00,-0.05E+00,+3.88E+00,-37.71E+00,+33.40E+00,-3.708E+00
2,09/2/2026,14:58:41.826,-0.09E+00,-0.05E+00,+0.05E+00,+0.00E+00,+3.65E+00,-38.91E+00,+34.85E+00,-3.647E+00
2,09/2/2026,14:58:41.826,-0.09E+00,-0.05E+00,+0.05E+00,-0.05E+00,+3.40E+00,-40.12E+00,+36.27E+00,-3.579E+00
2,09/2/2026,14:58:41.826,-0.09E+00,-0.05E+00,+0.05E+00,-0.05E+00,+3.16E+00,-41.29E+00,+37.71E+00,-3.502E+00
2,09/2/2026,14:58:41.826,-0.09E+00,-0.05E+00,+0.05E+00,-0.05E+00,+2.90E+00,-42.45E+00,+39.11E+00,-3.434E+00
2,09/2/2026,14:58:41.826,-0.09E+00,-0.05E+00,+0.05E+00,+0.00E+00,+2.66E+00,-43.60E+00,+40.52E+00,-3.365E+00
2,09/2/2026,14:58:41.826,-0.09E+00,-0.05E+00,+0.05E+00,+0.00E+00,+2.41E+00,-44.73E+00,+41.90E+00,-3.289E+00
2,09/2/2026,14:58:41.826,-0.09E+00,-0.05E+00,+0.05E+00,+0.00E+00,+2.15E+00,-45.86E+00,+43.28E+00,-3.220E+00
2,09/2/2026,14:58:41.826,-0.14E+00,-0.05E+00,+0.05E+00,+0.00E+00,+1.91E+00,-46.97E+00,+44.65E+00,-3.144E+00
2,09/2/2026,14:58:41.826,-0.09E+00,-0.05E+00,+0.05E+00,-0.05E+00,+1.65E+00,-48.07E+00,+45.99E+00,-3.075E+00
2,09/2/2026,14:58:41.827,-0.14E+00,-0.05E+00,+0.05E+00,-0.05E+00,+1.37E+00,-49.15E+00,+47.34E+00,-2.999E+00
2,09/2/2026,14:58:41.827,-0.14E+00,-0.05E+00,+0.05E+00,-0.05E+00,+1.11E+00,-50.22E+00,+48.66E+00,-2.915E+00
2,09/2/2026,14:58:41.827,-0.14E+00,-0.05E+00,+0.05E+00,+0.00E+00,+0.85E+00,-51.27E+00,+49.99E+00,-2.838E+00
2,09/2/2026,14:58:41.827,-0.09E+00,-0.05E+00,+0.05E+00,+0.00E+00,+0.58E+00,-52.31E+00,+51.29E+00,-2.762E+00
2,09/2/2026,14:58:41.827,-0.09E+00,-0.05E+00,+0.05E+00,-0.05E+00,+0.32E+00,-53.33E+00,+52.59E+00,-2.678E+00
2,09/2/2026,14:58:41.827,-0.14E+00,-0.05E+00,+0.05E+00,-0.05E+00,+0.06E+00,-54.34E+00,+53.85E+00,-2.602E+00
2,09/2/2026,14:58:41.827,-0.14E+00,-0.05E+00,+0.05E+00,+0.00E+00,-0.20E+00,-55.33E+00,+55.10E+00,-2.518E+00
2,09/2/2026,14:58:41.827,-0.09E+00,-0.05E+00,+0.05E+00,+0.00E+00,-0.46E+00,-56.33E+00,+56.36E+00,-2.442E+00
2,09/2/2026,14:58:41.827,-0.09E+00,-0.05E+00,+0.05E+00,+0.00E+00,-0.73E+00,-57.29E+00,+57.59E+00,-2.358E+00
2,09/2/2026,14:58:41.827,-0.09E+00,-0.05E+00,+0.05E+00,+0.00E+00,-0.99E+00,-58.23E+00,+58.80E+00,-2.274E+00
2,09/2/2026,14:58:41.827,-0.09E+00,-0.05E+00,+0.05E+00,+0.00E+00,-1.27E+00,-59.16E+00,+60.00E+00,-2.190E+00
2,09/2/2026,14:58:41.827,-0.14E+00,-0.05E+00,+0.05E+00,+0.00E+00,-1.53E+00,-60.08E+00,+61.19E+00,-2.106E+00
2,09/2/2026,14:58:41.827,-0.09E+00,-0.05E+00,+0.05E+00,-0.05E+00,-1.80E+00,-60.98E+00,+62.35E+00,-2.030E+00
2,09/2/2026,14:58:41.827,-0.09E+00,-0.05E+00,+0.05E+00,-0.05E+00,-2.08E+00,-61.88E+00,+63.51E+00,-1.938E+00
2,09/2/2026,14:58:41.827,-0.09E+00,-0.05E+00,+0.05E+00,+0.00E+00,-2.33E+00,-62.75E+00,+64.66E+00,-1.854E+00
2,09/2/2026,14:58:41.827,-0.09E+00,-0.05E+00,+0.05E+00,-0.05E+00,-2.61E+00,-63.60E+00,+65.79E+00,-1.770E+00
2,09/2/2026,14:58:41.827,-0.09E+00,-0.05E+00,+0.05E+00,-0.05E+00,-2.87E+00,-64.44E+00,+66.89E+00,-1.686E+00
2,09/2/2026,14:58:41.827,-0.14E+00,-0.05E+00,+0.05E+00,+0.00E+00,-3.11E+00,-65.27E+00,+67.97E+00,-1.602E+00
2,09/2/2026,14:58:41.827,-0.14E+00,-0.05E+00,+0.05E+00,+0.00E+00,-3.37E+00,-66.08E+00,+69.04E+00,-1.518E+00
2,09/2/2026,14:58:41.827,-0.14E+00,-0.05E+00,+0.05E+00,+0.00E+00,-3.62E+00,-66.87E+00,+70.07E+00,-1.434E+00
2,09/2/2026,14:58:41.828,-0.09E+00,-0.05E+00,+0.05E+00,-0.05E+00,-3.88E+00,-67.65E+00,+71.10E+00,-1.351E+00
2,09/2/2026,14:58:41.828,-0.09E+00,-0.05E+00,+0.05E+00,+0.00E+00,-4.12E+00,-68.41E+00,+72.10E+00,-1.267E+00
2,09/2/2026,14:58:41.828,-0.14E+00,-0.05E+00,+0.05E+00,+0.00E+00,-4.35E+00,-69.16E+00,+73.10E+00,-1.190E+00
2,09/2/2026,14:58:41.828,-0.14E+00,-0.05E+00,+0.05E+00,+0.00E+00,-4.59E+00,-69.88E+00,+74.07E+00,-1.106E+00
2,09/2/2026,14:58:41.828,-0.09E+00,-0.05E+00,+0.05E+00,-0.05E+00,-4.84E+00,-70.59E+00,+75.02E+00,-1.022E+00
2,09/2/2026,14:58:41.828,-0.09E+00,-0.05E+00,+0.05E+00,+0.00E+00,-5.07E+00,-71.30E+00,+75.95E+00,-0.946E+00
2,09/2/2026,14:58:41.828,-0.09E+00,-0.05E+00,+0.05E+00,+0.00E+00,-5.30E+00,-71.98E+00,+76.87E+00,-0.862E+00
2,09/2/2026,14:58:41.828,-0.09E+00,-0.05E+00,+0.05E+00,+0.00E+00,-5.52E+00,-72.65E+00,+77.75E+00,-0.786E+00
2,09/2/2026,14:58:41.828,-0.09E+00,-0.05E+00,+0.05E+00,+0.00E+00,-5.75E+00,-73.29E+00,+78.64E+00,-0.702E+00
2,09/2/2026,14:58:41.828,-0.14E+00,-0.05E+00,+0.05E+00,-0.05E+00,-5.98E+00,-73.92E+00,+79.51E+00,-0.618E+00
2,09/2/2026,14:58:41.828,-0.14E+00,-0.05E+00,+0.05E+00,-0.05E+00,-6.21E+00,-74.55E+00,+80.34E+00,-0.542E+00
2,09/2/2026,14:58:41.828,-0.09E+00,-0.05E+00,+0.05E+00,+0.00E+00,-6.42E+00,-75.14E+00,+81.17E+00,-0.465E+00
2,09/2/2026,14:58:41.828,-0.09E+00,-0.05E+00,+0.05E+00,+0.00E+00,-6.65E+00,-75.72E+00,+81.98E+00,-0.382E+00
2,09/2/2026,14:58:41.828,-0.09E+00,-0.05E+00,+0.05E+00,+0.00E+00,-6.88E+00,-76.29E+00,+82.76E+00,-0.305E+00
2,09/2/2026,14:58:41.828,-0.09E+00,-0.05E+00,+0.05E+00,-0.05E+00,-7.10E+00,-76.84E+00,+83.53E+00,-0.221E+00
2,09/2/2026,14:58:41.828,-0.09E+00,-0.05E+00,+0.05E+00,+0.00E+00,-7.31E+00,-77.37E+00,+84.28E+00,-0.145E+00
2,09/2/2026,14:58:41.828,-0.14E+00,-0.09E+00,+0.05E+00,+0.00E+00,-7.52E+00,-77.89E+00,+85.01E+00,-0.061E+00
2,09/2/2026,14:58:41.828,-0.09E+00,-0.09E+00,+0.00E+00,-0.05E+00,-7.75E+00,-78.38E+00,+85.73E+00,+0.015E+00
2,09/2/2026,14:58:41.828,-0.09E+00,-0.05E+00,+0.05E+00,-0.05E+00,-7.97E+00,-78.86E+00,+86.42E+00,+0.099E+00
2,09/2/2026,14:58:41.828,-0.09E+00,-0.05E+00,+0.05E+00,+0.00E+00,-8.18E+00,-79.32E+00,+87.11E+00,+0.175E+00
2,09/2/2026,14:58:41.829,-0.09E+00,-0.05E+00,+0.05E+00,+0.00E+00,-8.39E+00,-79.76E+00,+87.76E+00,+0.252E+00
2,09/2/2026,14:58:41.829,-0.09E+00,-0.05E+00,+0.00E+00,-0.05E+00,-8.61E+00,-80.19E+00,+88.42E+00,+0.336E+00
2,09/2/2026,14:58:41.829,-0.09E+00,-0.05E+00,+0.05E+00,-0.05E+00,-8.82E+00,-80.60E+00,+89.04E+00,+0.412E+00
2,09/2/2026,14:58:41.829,-0.09E+00,-0.05E+00,+0.05E+00,+0.00E+00,-9.03E+00,-81.00E+00,+89.64E+00,+0.488E+00
2,09/2/2026,14:58:41.829,-0.09E+00,-0.05E+00,+0.05E+00,-0.05E+00,-9.25E+00,-81.38E+00,+90.23E+00,+0.572E+00
2,09/2/2026,14:58:41.829,-0.09E+00,-0.05E+00,+0.05E+00,+0.00E+00,-9.46E+00,-81.73E+00,+90.81E+00,+0.649E+00
2,09/2/2026,14:58:41.829,-0.09E+00,-0.05E+00,+0.05E+00,+0.00E+00,-9.69E+00,-82.07E+00,+91.36E+00,+0.732E+00
2,09/2/2026,14:58:41.829,-0.14E+00,-0.05E+00,+0.05E+00,-0.05E+00,-9.90E+00,-82.39E+00,+91.90E+00,+0.816E+00
2,09/2/2026,14:58:41.829,-0.09E+00,-0.05E+00,+0.05E+00,-0.05E+00,-10.12E+00,-82.68E+00,+92.42E+00,+0.900E+00
2,09/2/2026,14:58:41.829,-0.09E+00,-0.05E+00,+0.05E+00,-0.05E+00,-10.35E+00,-82.95E+00,+92.92E+00,+0.984E+00
2,09/2/2026,14:58:41.829,-0.09E+00,-0.05E+00,+0.05E+00,-0.05E+00,-10.56E+00,-83.21E+00,+93.39E+00,+1.068E+00
2,09/2/2026,14:58:41.829,-0.09E+00,-0.05E+00,+0.05E+00,+0.00E+00,-10.79E+00,-83.46E+00,+93.87E+00,+1.152E+00
2,09/2/2026,14:58:41.829,-0.09E+00,-0.05E+00,+0.05E+00,+0.00E+00,-10.99E+00,-83.67E+00,+94.29E+00,+1.228E+00
2,09/2/2026,14:58:41.829,-0.09E+00,-0.05E+00,+0.05E+00,-0.05E+00,-11.20E+00,-83.89E+00,+94.72E+00,+1.312E+00
2,09/2/2026,14:58:41.829,-0.14E+00,-0.05E+00,+0.05E+00,-0.05E+00,-11.41E+00,-84.10E+00,+95.12E+00,+1.396E+00
2,09/2/2026,14:58:41.829,-0.09E+00,-0.05E+00,+0.05E+00,+0.00E+00,-11.60E+00,-84.27E+00,+95.50E+00,+1.473E+00
2,09/2/2026,14:58:41.829,-0.09E+00,-0.05E+00,+0.05E+00,-0.05E+00,-11.80E+00,-84.43E+00,+95.86E+00,+1.549E+00
2,09/2/2026,14:58:41.829,-0.09E+00,-0.05E+00,+0.05E+00,+0.00E+00,-11.98E+00,-84.57E+00,+96.18E+00,+1.625E+00
2,09/2/2026,14:58:41.829,-0.09E+00,-0.05E+00,+0.05E+00,+0.00E+00,-12.16E+00,-84.69E+00,+96.51E+00,+1.709E+00
2,09/2/2026,14:58:41.829,-0.14E+00,-0.05E+00,+0.05E+00,+0.00E+00,-12.35E+00,-84.79E+00,+96.78E+00,+1.785E+00
2,09/2/2026,14:58:41.830,-0.09E+00,-0.05E+00,+0.05E+00,-0.05E+00,-12.51E+00,-84.86E+00,+97.01E+00,+1.869E+00
2,09/2/2026,14:58:41.830,-0.09E+00,-0.05E+00,+0.05E+00,-0.05E+00,-12.68E+00,-84.91E+00,+97.22E+00,+1.953E+00
2,09/2/2026,14:58:41.830,-0.09E+00,-0.05E+00,+0.05E+00,+0.00E+00,-12.85E+00,-84.91E+00,+97.39E+00,+2.037E+00
2,09/2/2026,14:58:41.830,-0.09E+00,-0.05E+00,+0.05E+00,+0.00E+00,-13.00E+00,-84.91E+00,+97.54E+00,+2.121E+00
2,09/2/2026,14:58:41.830,-0.09E+00,-0.05E+00,+0.05E+00,+0.00E+00,-13.14E+00,-84.88E+00,+97.65E+00,+2.205E+00
2,09/2/2026,14:58:41.830,-0.14E+00,-0.05E+00,+0.05E+00,-0.05E+00,-13.28E+00,-84.82E+00,+97.73E+00,+2.289E+00
2,09/2/2026,14:58:41.830,-0.14E+00,-0.05E+00,+0.05E+00,+0.00E+00,-13.41E+00,-84.72E+00,+97.77E+00,+2.365E+00
2,09/2/2026,14:58:41.830,-0.09E+00,-0.05E+00,+0.05E+00,+0.00E+00,-13.54E+00,-84.63E+00,+97.80E+00,+2.434E+00
2,09/2/2026,14:58:41.830,-0.09E+00,-0.05E+00,+0.05E+00,+0.00E+00,-13.66E+00,-84.51E+00,+97.82E+00,+2.510E+00
2,09/2/2026,14:58:41.830,-0.09E+00,-0.05E+00,+0.05E+00,+0.00E+00,-13.78E+00,-84.37E+00,+97.80E+00,+2.579E+00
2,09/2/2026,14:58:41.830,-0.09E+00,-0.05E+00,+0.05E+00,+0.00E+00,-13.90E+00,-84.21E+00,+97.76E+00,+2.655E+00
2,09/2/2026,14:58:41.830,-0.14E+00,-0.05E+00,+0.05E+00,-0.05E+00,-14.02E+00,-84.02E+00,+97.70E+00,+2.724E+00
2,09/2/2026,14:58:41.830,-0.14E+00,-0.05E+00,+0.05E+00,-0.05E+00,-14.15E+00,-83.81E+00,+97.62E+00,+2.793E+00
2,09/2/2026,14:58:41.830,-0.09E+00,-0.05E+00,+0.05E+00,+0.00E+00,-14.27E+00,-83.58E+00,+97.50E+00,+2.869E+00
2,09/2/2026,14:58:41.830,-0.09E+00,-0.05E+00,+0.05E+00,+0.00E+00,-14.39E+00,-83.32E+00,+97.36E+00,+2.938E+00
2,09/2/2026,14:58:41.830,-0.09E+00,-0.05E+00,+0.05E+00,+0.00E+00,-14.48E+00,-83.03E+00,+97.18E+00,+3.014E+00
2,09/2/2026,14:58:41.830,-0.09E+00,-0.05E+00,+0.05E+00,+0.00E+00,-14.59E+00,-82.73E+00,+96.96E+00,+3.083E+00
2,09/2/2026,14:58:41.830,-0.14E+00,-0.05E+00,+0.05E+00,+0.00E+00,-14.68E+00,-82.39E+00,+96.73E+00,+3.159E+00
2,09/2/2026,14:58:41.830,-0.09E+00,-0.05E+00,+0.05E+00,-0.05E+00,-14.77E+00,-82.02E+00,+96.46E+00,+3.228E+00
2,09/2/2026,14:58:41.830,-0.09E+00,-0.05E+00,+0.05E+00,-0.05E+00,-14.86E+00,-81.64E+00,+96.17E+00,+3.304E+00
2,09/2/2026,14:58:41.831,-0.09E+00,-0.05E+00,+0.05E+00,-0.05E+00,-14.95E+00,-81.23E+00,+95.85E+00,+3.373E+00
2,09/2/2026,14:58:41.831,-0.09E+00,-0.05E+00,+0.05E+00,+0.00E+00,-15.03E+00,-80.80E+00,+95.50E+00,+3.441E+00
2,09/2/2026,14:58:41.831,-0.14E+00,-0.05E+00,+0.05E+00,+0.00E+00,-15.11E+00,-80.34E+00,+95.12E+00,+3.510E+00
2,09/2/2026,14:58:41.831,-0.14E+00,-0.05E+00,+0.05E+00,-0.05E+00,-15.20E+00,-79.87E+00,+94.72E+00,+3.571E+00
2,09/2/2026,14:58:41.831,-0.09E+00,-0.05E+00,+0.05E+00,-0.05E+00,-15.28E+00,-79.38E+00,+94.31E+00,+3.632E+00
2,09/2/2026,14:58:41.831,-0.09E+00,-0.05E+00,+0.05E+00,-0.05E+00,-15.35E+00,-78.88E+00,+93.87E+00,+3.693E+00
2,09/2/2026,14:58:41.831,-0.14E+00,-0.05E+00,+0.05E+00,+0.00E+00,-15.41E+00,-78.35E+00,+93.41E+00,+3.754E+00
2,09/2/2026,14:58:41.831,-0.09E+00,-0.05E+00,+0.05E+00,+0.00E+00,-15.47E+00,-77.78E+00,+92.92E+00,+3.815E+00
2,09/2/2026,14:58:41.831,-0.09E+00,-0.05E+00,+0.05E+00,-0.05E+00,-15.53E+00,-77.22E+00,+92.42E+00,+3.868E+00
2,09/2/2026,14:58:41.831,-0.14E+00,-0.05E+00,+0.05E+00,-0.05E+00,-15.60E+00,-76.62E+00,+91.88E+00,+3.929E+00
2,09/2/2026,14:58:41.831,-0.09E+00,-0.05E+00,+0.05E+00,+0.00E+00,-15.64E+00,-76.01E+00,+91.32E+00,+3.983E+00
2,09/2/2026,14:58:41.831,-0.09E+00,-0.05E+00,+0.05E+00,+0.00E+00,-15.70E+00,-75.39E+00,+90.75E+00,+4.036E+00
2,09/2/2026,14:58:41.831,-0.09E+00,-0.05E+00,+0.05E+00,+0.00E+00,-15.76E+00,-74.74E+00,+90.14E+00,+4.090E+00
2,09/2/2026,14:58:41.831,-0.09E+00,-0.05E+00,+0.05E+00,+0.00E+00,-15.79E+00,-74.07E+00,+89.53E+00,+4.143E+00
2,09/2/2026,14:58:41.831,-0.09E+00,-0.05E+00,+0.05E+00,-0.05E+00,-15.84E+00,-73.39E+00,+88.89E+00,+4.197E+00
2,09/2/2026,14:58:41.831,-0.09E+00,-0.05E+00,+0.05E+00,-0.05E+00,-15.87E+00,-72.70E+00,+88.23E+00,+4.242E+00
2,09/2/2026,14:58:41.831,-0.14E+00,-0.05E+00,+0.05E+00,+0.00E+00,-15.90E+00,-71.98E+00,+87.55E+00,+4.288E+00
2,09/2/2026,14:58:41.831,-0.14E+00,-0.05E+00,+0.05E+00,+0.00E+00,-15.93E+00,-71.25E+00,+86.85E+00,+4.334E+00
2,09/2/2026,14:58:41.831,-0.09E+00,-0.05E+00,+0.05E+00,+0.00E+00,-15.95E+00,-70.50E+00,+86.13E+00,+4.380E+00
2,09/2/2026,14:58:41.831,-0.09E+00,-0.05E+00,+0.05E+00,+0.00E+00,-15.98E+00,-69.74E+00,+85.38E+00,+4.425E+00
2,09/2/2026,14:58:41.832,-0.09E+00,-0.05E+00,+0.05E+00,-0.05E+00,-16.01E+00,-68.96E+00,+84.63E+00,+4.464E+00
2,09/2/2026,14:58:41.832,-0.14E+00,-0.05E+00,+0.05E+00,+0.00E+00,-16.02E+00,-68.17E+00,+83.85E+00,+4.509E+00
2,09/2/2026,14:58:41.832,-0.14E+00,-0.05E+00,+0.05E+00,+0.00E+00,-16.04E+00,-67.36E+00,+83.06E+00,+4.548E+00
2,09/2/2026,14:58:41.832,-0.14E+00,-0.05E+00,+0.05E+00,-0.05E+00,-16.05E+00,-66.52E+00,+82.25E+00,+4.593E+00
2,09/2/2026,14:58:41.832,-0.09E+00,-0.05E+00,+0.05E+00,+0.00E+00,-16.07E+00,-65.68E+00,+81.41E+00,+4.631E+00
2,09/2/2026,14:58:41.832,-0.09E+00,-0.05E+00,+0.05E+00,+0.00E+00,-16.08E+00,-64.83E+00,+80.57E+00,+4.677E+00
2,09/2/2026,14:58:41.832,-0.09E+00,-0.05E+00,+0.05E+00,+0.00E+00,-16.08E+00,-63.94E+00,+79.70E+00,+4.715E+00
2,09/2/2026,14:58:41.832,-0.09E+00,-0.05E+00,+0.05E+00,+0.00E+00,-16.08E+00,-63.06E+00,+78.82E+00,+4.754E+00
2,09/2/2026,14:58:41.832,-0.14E+00,-0.05E+00,+0.05E+00,-0.05E+00,-16.10E+00,-62.15E+00,+77.93E+00,+4.784E+00
2,09/2/2026,14:58:41.832,-0.14E+00,-0.05E+00,+0.05E+00,+0.00E+00,-16.10E+00,-61.24E+00,+77.02E+00,+4.822E+00
2,09/2/2026,14:58:41.832,-0.09E+00,-0.05E+00,+0.05E+00,+0.00E+00,-16.10E+00,-60.29E+00,+76.09E+00,+4.860E+00
2,09/2/2026,14:58:41.832,-0.09E+00,-0.05E+00,+0.05E+00,+0.00E+00,-16.10E+00,-59.35E+00,+75.13E+00,+4.899E+00
2,09/2/2026,14:58:41.832,-0.14E+00,-0.05E+00,+0.05E+00,-0.05E+00,-16.10E+00,-58.37E+00,+74.15E+00,+4.937E+00
2,09/2/2026,14:58:41.832,-0.09E+00,-0.05E+00,+0.05E+00,-0.05E+00,-16.08E+00,-57.39E+00,+73.16E+00,+4.975E+00
2,09/2/2026,14:58:41.832,-0.09E+00,-0.05E+00,+0.05E+00,-0.05E+00,-16.07E+00,-56.37E+00,+72.15E+00,+5.005E+00
2,09/2/2026,14:58:41.832,-0.09E+00,-0.05E+00,+0.05E+00,-0.05E+00,-16.07E+00,-55.35E+00,+71.11E+00,+5.043E+00
2,09/2/2026,14:58:41.832,-0.09E+00,-0.05E+00,+0.05E+00,-0.05E+00,-16.05E+00,-54.31E+00,+70.04E+00,+5.082E+00
2,09/2/2026,14:58:41.832,-0.09E+00,-0.05E+00,+0.05E+00,+0.00E+00,-16.04E+00,-53.26E+00,+68.98E+00,+5.120E+00
2,09/2/2026,14:58:41.832,-0.09E+00,-0.05E+00,+0.05E+00,+0.00E+00,-16.01E+00,-52.19E+00,+67.88E+00,+5.158E+00
2,09/2/2026,14:58:41.832,-0.14E+00,-0.05E+00,+0.05E+00,-0.05E+00,-15.98E+00,-51.11E+00,+66.76E+00,+5.188E+00
2,09/2/2026,14:58:41.833,-0.14E+00,-0.05E+00,+0.05E+00,-0.05E+00,-15.95E+00,-50.01E+00,+65.63E+00,+5.211E+00
2,09/2/2026,14:58:41.833,-0.09E+00,-0.05E+00,+0.05E+00,+0.00E+00,-15.92E+00,-48.91E+00,+64.49E+00,+5.242E+00
2,09/2/2026,14:58:41.833,-0.09E+00,-0.05E+00,+0.05E+00,-0.05E+00,-15.87E+00,-47.79E+00,+63.33E+00,+5.265E+00
2,09/2/2026,14:58:41.833,-0.09E+00,-0.05E+00,+0.05E+00,-0.05E+00,-15.82E+00,-46.67E+00,+62.15E+00,+5.288E+00
2,09/2/2026,14:58:41.833,-0.09E+00,-0.05E+00,+0.05E+00,+0.00E+00,-15.76E+00,-45.54E+00,+60.96E+00,+5.303E+00
2,09/2/2026,14:58:41.833,-0.09E+00,-0.05E+00,+0.05E+00,+0.00E+00,-15.69E+00,-44.41E+00,+59.76E+00,+5.318E+00
2,09/2/2026,14:58:41.833,-0.14E+00,-0.05E+00,+0.05E+00,-0.05E+00,-15.61E+00,-43.26E+00,+58.54E+00,+5.333E+00
2,09/2/2026,14:58:41.833,-0.09E+00,-0.05E+00,+0.05E+00,-0.05E+00,-15.52E+00,-42.10E+00,+57.30E+00,+5.349E+00
2,09/2/2026,14:58:41.833,-0.09E+00,-0.05E+00,+0.05E+00,+0.00E+00,-15.43E+00,-40.94E+00,+56.04E+00,+5.356E+00
2,09/2/2026,14:58:41.833,-0.09E+00,-0.05E+00,+0.05E+00,-0.05E+00,-15.34E+00,-39.77E+00,+54.77E+00,+5.364E+00
2,09/2/2026,14:58:41.833,-0.09E+00,-0.05E+00,+0.05E+00,-0.05E+00,-15.23E+00,-38.56E+00,+53.49E+00,+5.379E+00
2,09/2/2026,14:58:41.833,-0.09E+00,-0.05E+00,+0.05E+00,-0.05E+00,-15.12E+00,-37.37E+00,+52.17E+00,+5.387E+00
2,09/2/2026,14:58:41.833,-0.09E+00,-0.05E+00,+0.05E+00,-0.05E+00,-15.02E+00,-36.17E+00,+50.85E+00,+5.387E+00
2,09/2/2026,14:58:41.833,-0.14E+00,-0.05E+00,+0.05E+00,+0.00E+00,-14.89E+00,-34.96E+00,+49.52E+00,+5.394E+00
2,09/2/2026,14:58:41.833,-0.14E+00,-0.05E+00,+0.05E+00,+0.00E+00,-14.76E+00,-33.74E+00,+48.18E+00,+5.394E+00
2,09/2/2026,14:58:41.833,-0.09E+00,-0.05E+00,+0.05E+00,-0.05E+00,-14.63E+00,-32.50E+00,+46.80E+00,+5.387E+00
2,09/2/2026,14:58:41.833,-0.14E+00,-0.05E+00,+0.05E+00,-0.05E+00,-14.50E+00,-31.27E+00,+45.44E+00,+5.387E+00
2,09/2/2026,14:58:41.833,-0.14E+00,-0.05E+00,+0.05E+00,+0.00E+00,-14.36E+00,-30.02E+00,+44.06E+00,+5.387E+00
2,09/2/2026,14:58:41.833,-0.09E+00,-0.05E+00,+0.09E+00,+0.00E+00,-14.22E+00,-28.75E+00,+42.67E+00,+5.379E+00
2,09/2/2026,14:58:41.833,-0.14E+00,-0.05E+00,+0.05E+00,+0.00E+00,-14.07E+00,-27.50E+00,+41.26E+00,+5.372E+00
2,09/2/2026,14:58:41.834,-0.14E+00,-0.05E+00,+0.05E+00,+0.00E+00,-13.92E+00,-26.23E+00,+39.84E+00,+5.364E+00
2,09/2/2026,14:58:41.834,-0.09E+00,-0.05E+00,+0.05E+00,+0.00E+00,-13.76E+00,-24.97E+00,+38.43E+00,+5.349E+00
2,09/2/2026,14:58:41.834,-0.09E+00,-0.05E+00,+0.05E+00,+0.00E+00,-13.60E+00,-23.68E+00,+36.99E+00,+5.341E+00
2,09/2/2026,14:58:41.834,-0.09E+00,-0.05E+00,+0.05E+00,-0.05E+00,-13.44E+00,-22.40E+00,+35.53E+00,+5.326E+00
2,09/2/2026,14:58:41.834,-0.14E+00,-0.05E+00,+0.05E+00,+0.00E+00,-13.28E+00,-21.12E+00,+34.08E+00,+5.311E+00
2,09/2/2026,14:58:41.834,-0.09E+00,-0.05E+00,+0.05E+00,+0.00E+00,-13.09E+00,-19.84E+00,+32.61E+00,+5.295E+00
2,09/2/2026,14:58:41.834,-0.09E+00,-0.05E+00,+0.05E+00,+0.00E+00,-12.93E+00,-18.53E+00,+31.13E+00,+5.280E+00
2,09/2/2026,14:58:41.834,-0.09E+00,-0.05E+00,+0.05E+00,+0.00E+00,-12.74E+00,-17.23E+00,+29.65E+00,+5.257E+00
2,09/2/2026,14:58:41.834,-0.14E+00,-0.05E+00,+0.05E+00,+0.00E+00,-12.56E+00,-15.92E+00,+28.16E+00,+5.242E+00
2,09/2/2026,14:58:41.834,-0.14E+00,-0.05E+00,+0.05E+00,-0.05E+00,-12.39E+00,-14.60E+00,+26.67E+00,+5.219E+00
2,09/2/2026,14:58:41.834,-0.14E+00,-0.05E+00,+0.05E+00,-0.05E+00,-12.21E+00,-13.29E+00,+25.18E+00,+5.204E+00
2,09/2/2026,14:58:41.834,-0.09E+00,-0.05E+00,+0.05E+00,-0.05E+00,-12.03E+00,-11.98E+00,+23.67E+00,+5.181E+00
2,09/2/2026,14:58:41.834,-0.09E+00,-0.05E+00,+0.05E+00,+0.00E+00,-11.84E+00,-10.65E+00,+22.16E+00,+5.158E+00
2,09/2/2026,14:58:41.834,-0.09E+00,-0.05E+00,+0.05E+00,+0.00E+00,-11.64E+00,-9.34E+00,+20.65E+00,+5.127E+00
2,09/2/2026,14:58:41.834,-0.14E+00,-0.05E+00,+0.05E+00,+0.00E+00,-11.46E+00,-8.01E+00,+19.12E+00,+5.105E+00
2,09/2/2026,14:58:41.834,-0.14E+00,-0.05E+00,+0.05E+00,+0.00E+00,-11.26E+00,-6.68E+00,+17.61E+00,+5.074E+00
2,09/2/2026,14:58:41.834,-0.14E+00,-0.05E+00,+0.05E+00,-0.05E+00,-11.08E+00,-5.37E+00,+16.10E+00,+5.043E+00
2,09/2/2026,14:58:41.834,-0.09E+00,-0.05E+00,+0.05E+00,-0.05E+00,-10.90E+00,-4.04E+00,+14.59E+00,+5.013E+00
2,09/2/2026,14:58:41.834,-0.09E+00,-0.05E+00,+0.05E+00,+0.00E+00,-10.70E+00,-2.72E+00,+13.08E+00,+4.982E+00
2,09/2/2026,14:58:41.834,-0.09E+00,-0.05E+00,+0.05E+00,+0.00E+00,-10.51E+00,-1.39E+00,+11.57E+00,+4.952E+00
2,09/2/2026,14:58:41.835,-0.14E+00,-0.05E+00,+0.05E+00,-0.05E+00,-10.33E+00,-0.08E+00,+10.06E+00,+4.914E+00
2,09/2/2026,14:58:41.835,-0.14E+00,-0.05E+00,+0.05E+00,-0.05E+00,-10.13E+00,+1.25E+00,+8.53E+00,+4.883E+00
2,09/2/2026,14:58:41.835,-0.14E+00,-0.05E+00,+0.05E+00,+0.00E+00,-9.93E+00,+2.58E+00,+7.02E+00,+4.853E+00
2,09/2/2026,14:58:41.835,-0.14E+00,-0.05E+00,+0.05E+00,+0.00E+00,-9.75E+00,+3.89E+00,+5.51E+00,+4.815E+00
2,09/2/2026,14:58:41.835,-0.09E+00,-0.05E+00,+0.05E+00,+0.00E+00,-9.55E+00,+5.22E+00,+4.00E+00,+4.784E+00
2,09/2/2026,14:58:41.835,-0.09E+00,-0.05E+00,+0.05E+00,+0.00E+00,-9.35E+00,+6.55E+00,+2.49E+00,+4.746E+00
2,09/2/2026,14:58:41.835,-0.14E+00,-0.05E+00,+0.05E+00,+0.00E+00,-9.17E+00,+7.86E+00,+0.96E+00,+4.708E+00
2,09/2/2026,14:58:41.835,-0.09E+00,-0.05E+00,+0.05E+00,-0.05E+00,-8.97E+00,+9.17E+00,-0.53E+00,+4.677E+00
2,09/2/2026,14:58:41.835,-0.09E+00,-0.05E+00,+0.00E+00,+0.00E+00,-8.79E+00,+10.48E+00,-2.04E+00,+4.639E+00
2,09/2/2026,14:58:41.835,-0.09E+00,-0.05E+00,+0.05E+00,+0.00E+00,-8.59E+00,+11.81E+00,-3.56E+00,+4.601E+00
2,09/2/2026,14:58:41.835,-0.09E+00,-0.05E+00,+0.05E+00,+0.00E+00,-8.39E+00,+13.11E+00,-5.07E+00,+4.563E+00
2,09/2/2026,14:58:41.835,-0.09E+00,-0.05E+00,+0.05E+00,+0.00E+00,-8.19E+00,+14.42E+00,-6.58E+00,+4.525E+00
2,09/2/2026,14:58:41.835,-0.14E+00,-0.05E+00,+0.05E+00,+0.00E+00,-8.00E+00,+15.72E+00,-8.09E+00,+4.486E+00
2,09/2/2026,14:58:41.835,-0.09E+00,-0.05E+00,+0.05E+00,-0.05E+00,-7.80E+00,+17.03E+00,-9.58E+00,+4.448E+00
2,09/2/2026,14:58:41.835,-0.09E+00,-0.05E+00,+0.05E+00,-0.05E+00,-7.60E+00,+18.33E+00,-11.09E+00,+4.403E+00
2,09/2/2026,14:58:41.835,-0.09E+00,-0.05E+00,+0.05E+00,-0.05E+00,-7.40E+00,+19.62E+00,-12.59E+00,+4.364E+00
2,09/2/2026,14:58:41.835,-0.09E+00,-0.05E+00,+0.05E+00,+0.00E+00,-7.20E+00,+20.92E+00,-14.09E+00,+4.319E+00
2,09/2/2026,14:58:41.835,-0.09E+00,-0.05E+00,+0.05E+00,+0.00E+00,-7.00E+00,+22.22E+00,-15.58E+00,+4.280E+00
2,09/2/2026,14:58:41.835,-0.14E+00,-0.05E+00,+0.05E+00,-0.05E+00,-6.79E+00,+23.50E+00,-17.06E+00,+4.242E+00
2,09/2/2026,14:58:41.835,-0.14E+00,-0.05E+00,+0.05E+00,+0.00E+00,-6.59E+00,+24.80E+00,-18.56E+00,+4.197E+00
2,09/2/2026,14:58:41.836,-0.09E+00,-0.05E+00,+0.05E+00,+0.00E+00,-6.38E+00,+26.08E+00,-20.05E+00,+4.158E+00
2,09/2/2026,14:58:41.836,-0.09E+00,-0.05E+00,+0.05E+00,+0.00E+00,-6.17E+00,+27.36E+00,-21.55E+00,+4.113E+00
2,09/2/2026,14:58:41.836,-0.09E+00,+0.00E+00,+0.05E+00,+0.00E+00,-5.95E+00,+28.63E+00,-23.06E+00,+4.059E+00
2,09/2/2026,14:58:41.836,-0.09E+00,-0.05E+00,+0.05E+00,-0.05E+00,-5.72E+00,+29.91E+00,-24.57E+00,+4.013E+00
2,09/2/2026,14:58:41.836,-0.09E+00,-0.05E+00,+0.05E+00,-0.05E+00,-5.49E+00,+31.19E+00,-26.05E+00,+3.968E+00
2,09/2/2026,14:58:41.836,-0.09E+00,-0.05E+00,+0.05E+00,-0.05E+00,-5.26E+00,+32.47E+00,-27.54E+00,+3.922E+00
2,09/2/2026,14:58:41.836,-0.14E+00,-0.05E+00,+0.05E+00,+0.00E+00,-5.05E+00,+33.73E+00,-29.04E+00,+3.868E+00
2,09/2/2026,14:58:41.836,-0.09E+00,-0.05E+00,+0.05E+00,+0.00E+00,-4.82E+00,+34.99E+00,-30.54E+00,+3.815E+00
2,09/2/2026,14:58:41.836,-0.09E+00,-0.05E+00,+0.05E+00,+0.00E+00,-4.59E+00,+36.24E+00,-32.02E+00,+3.769E+00
2,09/2/2026,14:58:41.836,-0.09E+00,-0.05E+00,+0.05E+00,+0.00E+00,-4.36E+00,+37.48E+00,-33.48E+00,+3.708E+00
2,09/2/2026,14:58:41.836,-0.09E+00,-0.05E+00,+0.05E+00,+0.00E+00,-4.12E+00,+38.70E+00,-34.93E+00,+3.647E+00
2,09/2/2026,14:58:41.836,-0.14E+00,-0.05E+00,+0.05E+00,-0.05E+00,-3.89E+00,+39.91E+00,-36.38E+00,+3.586E+00
2,09/2/2026,14:58:41.836,-0.09E+00,-0.05E+00,+0.05E+00,-0.05E+00,-3.66E+00,+41.10E+00,-37.80E+00,+3.517E+00
2,09/2/2026,14:58:41.836,-0.09E+00,-0.05E+00,+0.05E+00,+0.00E+00,-3.42E+00,+42.27E+00,-39.22E+00,+3.456E+00
2,09/2/2026,14:58:41.836,-0.09E+00,-0.05E+00,+0.05E+00,+0.00E+00,-3.17E+00,+43.43E+00,-40.62E+00,+3.380E+00
2,09/2/2026,14:58:41.836,-0.09E+00,-0.05E+00,+0.05E+00,+0.00E+00,-2.93E+00,+44.58E+00,-42.01E+00,+3.311E+00
2,09/2/2026,14:58:41.836,-0.14E+00,-0.05E+00,+0.05E+00,-0.05E+00,-2.69E+00,+45.70E+00,-43.38E+00,+3.243E+00
2,09/2/2026,14:58:41.836,-0.14E+00,-0.05E+00,+0.05E+00,-0.05E+00,-2.43E+00,+46.82E+00,-44.76E+00,+3.166E+00
2,09/2/2026,14:58:41.836,-0.14E+00,-0.05E+00,+0.05E+00,-0.05E+00,-2.17E+00,+47.92E+00,-46.13E+00,+3.090E+00
2,09/2/2026,14:58:41.836,-0.09E+00,-0.05E+00,+0.05E+00,+0.00E+00,-1.91E+00,+49.02E+00,-47.47E+00,+3.014E+00
2,09/2/2026,14:58:41.837,-0.09E+00,-0.05E+00,+0.05E+00,+0.00E+00,-1.65E+00,+50.08E+00,-48.82E+00,+2.945E+00
2,09/2/2026,14:58:41.837,-0.09E+00,-0.05E+00,+0.05E+00,+0.00E+00,-1.39E+00,+51.15E+00,-50.14E+00,+2.869E+00
2,09/2/2026,14:58:41.837,-0.14E+00,-0.05E+00,+0.05E+00,-0.05E+00,-1.11E+00,+52.21E+00,-51.46E+00,+2.785E+00
2,09/2/2026,14:58:41.837,-0.14E+00,-0.05E+00,+0.05E+00,-0.05E+00,-0.85E+00,+53.24E+00,-52.75E+00,+2.709E+00
2,09/2/2026,14:58:41.837,-0.14E+00,-0.05E+00,+0.05E+00,-0.05E+00,-0.60E+00,+54.27E+00,-54.04E+00,+2.632E+00
2,09/2/2026,14:58:41.837,-0.09E+00,-0.05E+00,+0.05E+00,+0.00E+00,-0.34E+00,+55.27E+00,-55.30E+00,+2.556E+00
2,09/2/2026,14:58:41.837,-0.09E+00,+0.00E+00,+0.05E+00,+0.00E+00,-0.08E+00,+56.28E+00,-56.57E+00,+2.472E+00
2,09/2/2026,14:58:41.837,-0.09E+00,-0.05E+00,+0.05E+00,+0.00E+00,+0.18E+00,+57.24E+00,-57.82E+00,+2.388E+00
2,09/2/2026,14:58:41.837,-0.14E+00,-0.05E+00,+0.05E+00,+0.00E+00,+0.46E+00,+58.22E+00,-59.04E+00,+2.312E+00
2,09/2/2026,14:58:41.837,-0.09E+00,-0.05E+00,+0.05E+00,+0.00E+00,+0.73E+00,+59.16E+00,-60.25E+00,+2.228E+00
2,09/2/2026,14:58:41.837,-0.09E+00,-0.05E+00,+0.05E+00,+0.00E+00,+0.99E+00,+60.08E+00,-61.45E+00,+2.144E+00
2,09/2/2026,14:58:41.837,-0.09E+00,-0.05E+00,+0.05E+00,+0.00E+00,+1.25E+00,+60.99E+00,-62.63E+00,+2.060E+00
2,09/2/2026,14:58:41.837,-0.14E+00,-0.05E+00,+0.05E+00,+0.00E+00,+1.53E+00,+61.90E+00,-63.79E+00,+1.976E+00
2,09/2/2026,14:58:41.837,-0.14E+00,-0.05E+00,+0.05E+00,-0.05E+00,+1.80E+00,+62.78E+00,-64.95E+00,+1.892E+00
2,09/2/2026,14:58:41.837,-0.09E+00,-0.05E+00,+0.05E+00,+0.00E+00,+2.06E+00,+63.65E+00,-66.09E+00,+1.808E+00
2,09/2/2026,14:58:41.837,-0.14E+00,-0.05E+00,+0.05E+00,+0.00E+00,+2.32E+00,+64.50E+00,-67.21E+00,+1.724E+00
2,09/2/2026,14:58:41.837,-0.14E+00,-0.05E+00,+0.05E+00,+0.00E+00,+2.58E+00,+65.34E+00,-68.30E+00,+1.640E+00
2,09/2/2026,14:58:41.837,-0.09E+00,-0.05E+00,+0.05E+00,+0.00E+00,+2.84E+00,+66.17E+00,-69.39E+00,+1.557E+00
2,09/2/2026,14:58:41.837,-0.09E+00,-0.05E+00,+0.05E+00,+0.00E+00,+3.08E+00,+66.98E+00,-70.44E+00,+1.480E+00
2,09/2/2026,14:58:41.837,-0.09E+00,-0.05E+00,+0.05E+00,+0.00E+00,+3.33E+00,+67.77E+00,-71.48E+00,+1.396E+00
2,09/2/2026,14:58:41.838,-0.09E+00,-0.05E+00,+0.05E+00,+0.00E+00,+3.59E+00,+68.55E+00,-72.52E+00,+1.305E+00
2,09/2/2026,14:58:41.838,-0.14E+00,-0.05E+00,+0.05E+00,-0.05E+00,+3.83E+00,+69.30E+00,-73.51E+00,+1.221E+00
2,09/2/2026,14:58:41.838,-0.14E+00,-0.05E+00,+0.05E+00,-0.05E+00,+4.07E+00,+70.04E+00,-74.48E+00,+1.145E+00
2,09/2/2026,14:58:41.838,-0.09E+00,-0.05E+00,+0.05E+00,-0.05E+00,+4.30E+00,+70.78E+00,-75.46E+00,+1.061E+00
2,09/2/2026,14:58:41.838,-0.09E+00,-0.05E+00,+0.05E+00,-0.05E+00,+4.55E+00,+71.49E+00,-76.41E+00,+0.977E+00
2,09/2/2026,14:58:41.838,-0.09E+00,-0.05E+00,+0.05E+00,+0.00E+00,+4.78E+00,+72.18E+00,-77.34E+00,+0.893E+00
2,09/2/2026,14:58:41.838,-0.14E+00,-0.05E+00,+0.05E+00,+0.00E+00,+5.01E+00,+72.85E+00,-78.24E+00,+0.816E+00
2,09/2/2026,14:58:41.838,-0.14E+00,-0.05E+00,+0.05E+00,-0.05E+00,+5.23E+00,+73.51E+00,-79.12E+00,+0.732E+00
2,09/2/2026,14:58:41.838,-0.14E+00,-0.05E+00,+0.00E+00,+0.00E+00,+5.46E+00,+74.16E+00,-80.01E+00,+0.649E+00
2,09/2/2026,14:58:41.838,-0.09E+00,-0.05E+00,+0.05E+00,+0.00E+00,+5.69E+00,+74.79E+00,-80.86E+00,+0.572E+00
2,09/2/2026,14:58:41.838,-0.09E+00,-0.05E+00,+0.05E+00,+0.00E+00,+5.91E+00,+75.42E+00,-81.70E+00,+0.496E+00
2,09/2/2026,14:58:41.838,-0.09E+00,-0.05E+00,+0.05E+00,+0.00E+00,+6.13E+00,+76.01E+00,-82.53E+00,+0.412E+00
2,09/2/2026,14:58:41.838,-0.09E+00,-0.05E+00,+0.05E+00,+0.00E+00,+6.36E+00,+76.59E+00,-83.32E+00,+0.336E+00
2,09/2/2026,14:58:41.838,-0.14E+00,-0.05E+00,+0.05E+00,-0.05E+00,+6.58E+00,+77.16E+00,-84.11E+00,+0.259E+00
2,09/2/2026,14:58:41.838,-0.09E+00,-0.05E+00,+0.05E+00,-0.05E+00,+6.79E+00,+77.70E+00,-84.89E+00,+0.175E+00
2,09/2/2026,14:58:41.838,-0.09E+00,-0.05E+00,+0.05E+00,+0.00E+00,+7.02E+00,+78.24E+00,-85.64E+00,+0.099E+00
2,09/2/2026,14:58:41.838,-0.09E+00,-0.05E+00,+0.05E+00,+0.00E+00,+7.23E+00,+78.76E+00,-86.36E+00,+0.023E+00
2,09/2/2026,14:58:41.838,-0.09E+00,-0.05E+00,+0.05E+00,+0.00E+00,+7.45E+00,+79.25E+00,-87.07E+00,-0.061E+00
2,09/2/2026,14:58:41.838,-0.09E+00,-0.05E+00,+0.05E+00,-0.05E+00,+7.68E+00,+79.72E+00,-87.78E+00,-0.145E+00
2,09/2/2026,14:58:41.838,-0.14E+00,-0.05E+00,+0.05E+00,-0.05E+00,+7.87E+00,+80.18E+00,-88.45E+00,-0.221E+00
2,09/2/2026,14:58:41.839,-0.14E+00,-0.05E+00,+0.05E+00,-0.05E+00,+8.10E+00,+80.62E+00,-89.10E+00,-0.305E+00
2,09/2/2026,14:58:41.839,-0.14E+00,-0.05E+00,+0.05E+00,-0.05E+00,+8.32E+00,+81.05E+00,-89.75E+00,-0.382E+00
2,09/2/2026,14:58:41.839,-0.09E+00,-0.05E+00,+0.05E+00,+0.00E+00,+8.53E+00,+81.46E+00,-90.37E+00,-0.458E+00
2,09/2/2026,14:58:41.839,-0.09E+00,-0.05E+00,+0.05E+00,+0.00E+00,+8.74E+00,+81.86E+00,-90.98E+00,-0.542E+00
2,09/2/2026,14:58:41.839,-0.09E+00,-0.05E+00,+0.05E+00,+0.00E+00,+8.96E+00,+82.22E+00,-91.58E+00,-0.618E+00
2,09/2/2026,14:58:41.839,-0.14E+00,-0.05E+00,+0.05E+00,+0.00E+00,+9.16E+00,+82.59E+00,-92.14E+00,-0.702E+00
2,09/2/2026,14:58:41.839,-0.14E+00,-0.05E+00,+0.05E+00,+0.00E+00,+9.39E+00,+82.92E+00,-92.71E+00,-0.778E+00
2,09/2/2026,14:58:41.839,-0.09E+00,-0.05E+00,+0.00E+00,+0.00E+00,+9.60E+00,+83.24E+00,-93.24E+00,-0.862E+00
2,09/2/2026,14:58:41.839,-0.09E+00,-0.05E+00,+0.05E+00,+0.00E+00,+9.81E+00,+83.53E+00,-93.76E+00,-0.946E+00
2,09/2/2026,14:58:41.839,-0.09E+00,-0.05E+00,+0.05E+00,+0.00E+00,+10.04E+00,+83.82E+00,-94.26E+00,-1.030E+00
2,09/2/2026,14:58:41.839,-0.14E+00,-0.05E+00,+0.05E+00,+0.00E+00,+10.25E+00,+84.08E+00,-94.74E+00,-1.114E+00
2,09/2/2026,14:58:41.839,-0.14E+00,-0.05E+00,+0.05E+00,+0.00E+00,+10.48E+00,+84.33E+00,-95.19E+00,-1.198E+00
2,09/2/2026,14:58:41.839,-0.09E+00,-0.05E+00,+0.05E+00,-0.05E+00,+10.70E+00,+84.56E+00,-95.65E+00,-1.282E+00
2,09/2/2026,14:58:41.839,-0.09E+00,-0.05E+00,+0.05E+00,-0.05E+00,+10.91E+00,+84.76E+00,-96.08E+00,-1.366E+00
2,09/2/2026,14:58:41.839,-0.09E+00,-0.05E+00,+0.05E+00,+0.00E+00,+11.11E+00,+84.95E+00,-96.47E+00,-1.442E+00
2,09/2/2026,14:58:41.839,-0.09E+00,-0.05E+00,+0.05E+00,+0.00E+00,+11.31E+00,+85.12E+00,-96.84E+00,-1.526E+00
2,09/2/2026,14:58:41.839,-0.14E+00,-0.05E+00,+0.05E+00,-0.05E+00,+11.52E+00,+85.29E+00,-97.21E+00,-1.602E+00
2,09/2/2026,14:58:41.839,-0.14E+00,-0.05E+00,+0.05E+00,-0.05E+00,+11.70E+00,+85.44E+00,-97.54E+00,-1.686E+00
2,09/2/2026,14:58:41.839,-0.09E+00,-0.05E+00,+0.05E+00,-0.05E+00,+11.89E+00,+85.55E+00,-97.85E+00,-1.763E+00
2,09/2/2026,14:58:41.839,-0.09E+00,-0.05E+00,+0.05E+00,+0.00E+00,+12.07E+00,+85.64E+00,-98.12E+00,-1.846E+00
2,09/2/2026,14:58:41.840,-0.09E+00,-0.05E+00,+0.05E+00,+0.00E+00,+12.24E+00,+85.73E+00,-98.37E+00,-1.923E+00
2,09/2/2026,14:58:41.840,-0.09E+00,-0.05E+00,+0.05E+00,+0.00E+00,+12.41E+00,+85.78E+00,-98.58E+00,-2.007E+00
2,09/2/2026,14:58:41.840,-0.14E+00,-0.09E+00,+0.05E+00,-0.05E+00,+12.56E+00,+85.79E+00,-98.76E+00,-2.091E+00
2,09/2/2026,14:58:41.840,-0.14E+00,-0.05E+00,+0.05E+00,-0.05E+00,+12.71E+00,+85.78E+00,-98.90E+00,-2.175E+00
2,09/2/2026,14:58:41.840,-0.09E+00,-0.05E+00,+0.05E+00,+0.00E+00,+12.85E+00,+85.75E+00,-99.01E+00,-2.259E+00
2,09/2/2026,14:58:41.840,-0.09E+00,-0.05E+00,+0.05E+00,+0.00E+00,+12.99E+00,+85.69E+00,-99.08E+00,-2.335E+00
2,09/2/2026,14:58:41.840,-0.09E+00,-0.05E+00,+0.05E+00,+0.00E+00,+13.12E+00,+85.61E+00,-99.15E+00,-2.419E+00
2,09/2/2026,14:58:41.840,-0.09E+00,-0.05E+00,+0.05E+00,+0.00E+00,+13.25E+00,+85.50E+00,-99.18E+00,-2.495E+00
2,09/2/2026,14:58:41.840,-0.14E+00,-0.05E+00,+0.05E+00,+0.00E+00,+13.38E+00,+85.38E+00,-99.18E+00,-2.571E+00
2,09/2/2026,14:58:41.840,-0.14E+00,-0.05E+00,+0.05E+00,+0.00E+00,+13.52E+00,+85.24E+00,-99.16E+00,-2.640E+00
2,09/2/2026,14:58:41.840,-0.14E+00,-0.09E+00,+0.05E+00,+0.00E+00,+13.64E+00,+85.08E+00,-99.13E+00,-2.716E+00
2,09/2/2026,14:58:41.840,-0.14E+00,-0.05E+00,+0.05E+00,+0.00E+00,+13.78E+00,+84.89E+00,-99.08E+00,-2.793E+00
2,09/2/2026,14:58:41.840,-0.09E+00,-0.05E+00,+0.05E+00,+0.00E+00,+13.90E+00,+84.68E+00,-98.99E+00,-2.861E+00
2,09/2/2026,14:58:41.840,-0.09E+00,-0.05E+00,+0.05E+00,+0.00E+00,+14.02E+00,+84.47E+00,-98.89E+00,-2.930E+00
2,09/2/2026,14:58:41.840,-0.14E+00,-0.05E+00,+0.05E+00,+0.00E+00,+14.13E+00,+84.21E+00,-98.75E+00,-3.006E+00
2,09/2/2026,14:58:41.840,-0.14E+00,-0.05E+00,+0.05E+00,-0.05E+00,+14.24E+00,+83.92E+00,-98.58E+00,-3.075E+00
2,09/2/2026,14:58:41.840,-0.09E+00,-0.05E+00,+0.05E+00,-0.05E+00,+14.34E+00,+83.63E+00,-98.37E+00,-3.151E+00
2,09/2/2026,14:58:41.840,-0.09E+00,-0.05E+00,+0.05E+00,+0.00E+00,+14.44E+00,+83.29E+00,-98.14E+00,-3.220E+00
2,09/2/2026,14:58:41.840,-0.09E+00,-0.05E+00,+0.05E+00,+0.00E+00,+14.51E+00,+82.94E+00,-97.86E+00,-3.289E+00
2,09/2/2026,14:58:41.840,-0.09E+00,-0.05E+00,+0.05E+00,-0.05E+00,+14.60E+00,+82.56E+00,-97.57E+00,-3.365E+00
2,09/2/2026,14:58:41.841,-0.14E+00,-0.05E+00,+0.05E+00,+0.00E+00,+14.70E+00,+82.15E+00,-97.25E+00,-3.434E+00
2,09/2/2026,14:58:41.841,-0.14E+00,-0.05E+00,+0.05E+00,-0.05E+00,+14.77E+00,+81.72E+00,-96.90E+00,-3.502E+00
2,09/2/2026,14:58:41.841,-0.14E+00,-0.05E+00,+0.05E+00,-0.05E+00,+14.85E+00,+81.28E+00,-96.54E+00,-3.571E+00
2,09/2/2026,14:58:41.841,-0.14E+00,-0.05E+00,+0.05E+00,+0.00E+00,+14.92E+00,+80.80E+00,-96.14E+00,-3.632E+00
2,09/2/2026,14:58:41.841,-0.09E+00,-0.05E+00,+0.05E+00,+0.00E+00,+15.02E+00,+80.30E+00,-95.73E+00,-3.701E+00
2,09/2/2026,14:58:41.841,-0.09E+00,-0.05E+00,+0.05E+00,+0.00E+00,+15.08E+00,+79.80E+00,-95.30E+00,-3.762E+00
2,09/2/2026,14:58:41.841,-0.09E+00,-0.05E+00,+0.05E+00,-0.05E+00,+15.15E+00,+79.28E+00,-94.84E+00,-3.823E+00
2,09/2/2026,14:58:41.841,-0.09E+00,-0.05E+00,+0.05E+00,+0.00E+00,+15.23E+00,+78.73E+00,-94.37E+00,-3.884E+00
2,09/2/2026,14:58:41.841,-0.09E+00,-0.05E+00,+0.05E+00,+0.00E+00,+15.31E+00,+78.15E+00,-93.87E+00,-3.945E+00
2,09/2/2026,14:58:41.841,-0.09E+00,-0.05E+00,+0.05E+00,+0.00E+00,+15.37E+00,+77.55E+00,-93.35E+00,-3.998E+00
2,09/2/2026,14:58:41.841,-0.09E+00,-0.05E+00,+0.05E+00,+0.00E+00,+15.43E+00,+76.96E+00,-92.80E+00,-4.059E+00
2,09/2/2026,14:58:41.841,-0.14E+00,-0.05E+00,+0.05E+00,+0.00E+00,+15.47E+00,+76.33E+00,-92.22E+00,-4.113E+00
2,09/2/2026,14:58:41.841,-0.09E+00,-0.05E+00,+0.05E+00,+0.00E+00,+15.52E+00,+75.69E+00,-91.62E+00,-4.174E+00
2,09/2/2026,14:58:41.841,-0.14E+00,-0.05E+00,+0.05E+00,+0.00E+00,+15.57E+00,+75.03E+00,-91.01E+00,-4.219E+00
2,09/2/2026,14:58:41.841,-0.09E+00,-0.05E+00,+0.05E+00,-0.05E+00,+15.60E+00,+74.36E+00,-90.37E+00,-4.265E+00
2,09/2/2026,14:58:41.841,-0.09E+00,-0.05E+00,+0.05E+00,-0.05E+00,+15.63E+00,+73.66E+00,-89.71E+00,-4.319E+00
2,09/2/2026,14:58:41.841,-0.09E+00,-0.05E+00,+0.05E+00,+0.00E+00,+15.66E+00,+72.94E+00,-89.03E+00,-4.364E+00
2,09/2/2026,14:58:41.841,-0.09E+00,-0.05E+00,+0.05E+00,+0.00E+00,+15.69E+00,+72.23E+00,-88.33E+00,-4.410E+00
2,09/2/2026,14:58:41.841,-0.14E+00,-0.05E+00,+0.05E+00,-0.05E+00,+15.72E+00,+71.48E+00,-87.61E+00,-4.456E+00
2,09/2/2026,14:58:41.841,-0.14E+00,-0.09E+00,+0.05E+00,-0.05E+00,+15.73E+00,+70.73E+00,-86.89E+00,-4.502E+00
2,09/2/2026,14:58:41.842,-0.09E+00,-0.05E+00,+0.05E+00,-0.05E+00,+15.76E+00,+69.95E+00,-86.14E+00,-4.548E+00
2,09/2/2026,14:58:41.842,-0.09E+00,-0.05E+00,+0.05E+00,-0.05E+00,+15.79E+00,+69.16E+00,-85.37E+00,-4.586E+00
2,09/2/2026,14:58:41.842,-0.09E+00,-0.05E+00,+0.05E+00,-0.05E+00,+15.81E+00,+68.35E+00,-84.59E+00,-4.624E+00
2,09/2/2026,14:58:41.842,-0.09E+00,-0.05E+00,+0.05E+00,+0.00E+00,+15.82E+00,+67.53E+00,-83.78E+00,-4.670E+00
2,09/2/2026,14:58:41.842,-0.14E+00,-0.05E+00,+0.05E+00,+0.00E+00,+15.86E+00,+66.69E+00,-82.95E+00,-4.715E+00
2,09/2/2026,14:58:41.842,-0.14E+00,-0.05E+00,+0.05E+00,+0.00E+00,+15.86E+00,+65.83E+00,-82.12E+00,-4.754E+00
2,09/2/2026,14:58:41.842,-0.09E+00,-0.05E+00,+0.05E+00,+0.00E+00,+15.87E+00,+64.96E+00,-81.25E+00,-4.799E+00
2,09/2/2026,14:58:41.842,-0.09E+00,-0.05E+00,+0.05E+00,+0.00E+00,+15.87E+00,+64.08E+00,-80.36E+00,-4.837E+00
2,09/2/2026,14:58:41.842,-0.09E+00,-0.05E+00,+0.05E+00,-0.05E+00,+15.87E+00,+63.16E+00,-79.48E+00,-4.876E+00
2,09/2/2026,14:58:41.842,-0.09E+00,-0.05E+00,+0.05E+00,+0.00E+00,+15.89E+00,+62.25E+00,-78.56E+00,-4.914E+00
2,09/2/2026,14:58:41.842,-0.09E+00,-0.05E+00,+0.05E+00,+0.00E+00,+15.89E+00,+61.32E+00,-77.63E+00,-4.952E+00
2,09/2/2026,14:58:41.842,-0.09E+00,-0.05E+00,+0.05E+00,-0.05E+00,+15.89E+00,+60.35E+00,-76.68E+00,-4.982E+00
2,09/2/2026,14:58:41.842,-0.09E+00,-0.05E+00,+0.05E+00,-0.05E+00,+15.87E+00,+59.39E+00,-75.71E+00,-5.021E+00
2,09/2/2026,14:58:41.842,-0.09E+00,-0.05E+00,+0.05E+00,+0.00E+00,+15.87E+00,+58.42E+00,-74.71E+00,-5.059E+00
2,09/2/2026,14:58:41.842,-0.09E+00,-0.05E+00,+0.05E+00,+0.00E+00,+15.86E+00,+57.41E+00,-73.71E+00,-5.089E+00
2,09/2/2026,14:58:41.842,-0.09E+00,-0.05E+00,+0.05E+00,+0.00E+00,+15.86E+00,+56.40E+00,-72.68E+00,-5.127E+00
2,09/2/2026,14:58:41.842,-0.09E+00,-0.05E+00,+0.05E+00,-0.05E+00,+15.82E+00,+55.36E+00,-71.63E+00,-5.166E+00
2,09/2/2026,14:58:41.842,-0.09E+00,-0.05E+00,+0.05E+00,+0.00E+00,+15.81E+00,+54.31E+00,-70.56E+00,-5.204E+00
2,09/2/2026,14:58:41.842,-0.09E+00,-0.05E+00,+0.05E+00,+0.00E+00,+15.79E+00,+53.24E+00,-69.48E+00,-5.242E+00
2,09/2/2026,14:58:41.842,-0.09E+00,-0.05E+00,+0.05E+00,-0.05E+00,+15.78E+00,+52.16E+00,-68.38E+00,-5.272E+00
2,09/2/2026,14:58:41.843,-0.09E+00,-0.05E+00,+0.05E+00,+0.00E+00,+15.75E+00,+51.08E+00,-67.25E+00,-5.303E+00
2,09/2/2026,14:58:41.843,-0.09E+00,-0.05E+00,+0.05E+00,+0.00E+00,+15.70E+00,+49.98E+00,-66.11E+00,-5.333E+00
2,09/2/2026,14:58:41.843,-0.14E+00,-0.05E+00,+0.05E+00,-0.05E+00,+15.66E+00,+48.86E+00,-64.95E+00,-5.356E+00
2,09/2/2026,14:58:41.843,-0.14E+00,-0.05E+00,+0.05E+00,-0.05E+00,+15.60E+00,+47.73E+00,-63.76E+00,-5.379E+00
2,09/2/2026,14:58:41.843,-0.14E+00,-0.05E+00,+0.05E+00,-0.05E+00,+15.55E+00,+46.60E+00,-62.57E+00,-5.402E+00
2,09/2/2026,14:58:41.843,-0.09E+00,-0.05E+00,+0.05E+00,-0.05E+00,+15.47E+00,+45.48E+00,-61.36E+00,-5.417E+00
2,09/2/2026,14:58:41.843,-0.09E+00,-0.05E+00,+0.05E+00,+0.00E+00,+15.40E+00,+44.32E+00,-60.14E+00,-5.433E+00
2,09/2/2026,14:58:41.843,-0.09E+00,-0.05E+00,+0.05E+00,+0.00E+00,+15.32E+00,+43.17E+00,-58.90E+00,-5.448E+00
2,09/2/2026,14:58:41.843,-0.14E+00,-0.05E+00,+0.05E+00,-0.05E+00,+15.23E+00,+42.01E+00,-57.65E+00,-5.456E+00
2,09/2/2026,14:58:41.843,-0.14E+00,-0.05E+00,+0.05E+00,+0.00E+00,+15.14E+00,+40.84E+00,-56.39E+00,-5.463E+00
2,09/2/2026,14:58:41.843,-0.14E+00,-0.05E+00,+0.05E+00,+0.00E+00,+15.05E+00,+39.65E+00,-55.10E+00,-5.478E+00
2,09/2/2026,14:58:41.843,-0.09E+00,-0.05E+00,+0.05E+00,+0.00E+00,+14.94E+00,+38.46E+00,-53.81E+00,-5.478E+00
2,09/2/2026,14:58:41.843,-0.09E+00,-0.05E+00,+0.05E+00,+0.00E+00,+14.82E+00,+37.27E+00,-52.50E+00,-5.486E+00
2,09/2/2026,14:58:41.843,-0.09E+00,-0.05E+00,+0.05E+00,+0.00E+00,+14.70E+00,+36.06E+00,-51.18E+00,-5.486E+00
2,09/2/2026,14:58:41.843,-0.09E+00,-0.05E+00,+0.05E+00,-0.05E+00,+14.57E+00,+34.84E+00,-49.82E+00,-5.486E+00
2,09/2/2026,14:58:41.843,-0.09E+00,-0.05E+00,+0.05E+00,-0.05E+00,+14.44E+00,+33.62E+00,-48.47E+00,-5.486E+00
2,09/2/2026,14:58:41.843,-0.14E+00,-0.05E+00,+0.05E+00,-0.05E+00,+14.30E+00,+32.38E+00,-47.09E+00,-5.486E+00
2,09/2/2026,14:58:41.843,-0.09E+00,-0.05E+00,+0.05E+00,-0.05E+00,+14.16E+00,+31.13E+00,-45.72E+00,-5.478E+00
2,09/2/2026,14:58:41.843,-0.09E+00,-0.05E+00,+0.05E+00,+0.00E+00,+14.01E+00,+29.86E+00,-44.33E+00,-5.478E+00
2,09/2/2026,14:58:41.843,-0.09E+00,-0.05E+00,+0.05E+00,+0.00E+00,+13.87E+00,+28.60E+00,-42.93E+00,-5.471E+00
