EventNo,Date,Time,U1,U2,U3,U4,I1,I2,I3,I4
2,12/2/2026,10:41:05.375,-0.14E+00,-0.05E+00,+0.05E+00,-0.05E+00,+2.37E+00,+5.98E+00,-8.71E+00,+7.233E+00
2,12/2/2026,10:41:05.375,-0.09E+00,-0.05E+00,+0.05E+00,+0.00E+00,+2.50E+00,+5.89E+00,-8.74E+00,+7.195E+00
2,12/2/2026,10:41:05.375,-0.09E+00,-0.05E+00,+0.05E+00,+0.00E+00,+2.64E+00,+5.78E+00,-8.77E+00,+7.157E+00
2,12/2/2026,10:41:05.375,-0.09E+00,-0.05E+00,+0.05E+00,+0.00E+00,+2.78E+00,+5.68E+00,-8.81E+00,+7.119E+00
2,12/2/2026,10:41:05.375,-0.14E+00,-0.05E+00,+0.05E+00,+0.00E+00,+2.90E+00,+5.57E+00,-8.84E+00,+7.081E+00
2,12/2/2026,10:41:05.375,-0.14E+00,-0.05E+00,+0.05E+00,+0.00E+00,+3.04E+00,+5.46E+00,-8.85E+00,+7.035E+00
2,12/2/2026,10:41:05.375,-0.09E+00,-0.05E+00,+0.05E+00,+0.00E+00,+3.16E+00,+5.36E+00,-8.87E+00,+6.989E+00
2,12/2/2026,10:41:05.375,-0.09E+00,-0.05E+00,+0.00E+00,+0.00E+00,+3.28E+00,+5.25E+00,-8.90E+00,+6.943E+00
2,12/2/2026,10:41:05.375,-0.09E+00,-0.05E+00,+0.05E+00,+0.00E+00,+3.42E+00,+5.14E+00,-8.91E+00,+6.890E+00
2,12/2/2026,10:41:05.375,-0.14E+00,-0.05E+00,+0.05E+00,-0.05E+00,+3.54E+00,+5.02E+00,-8.93E+00,+6.837E+00
2,12/2/2026,10:41:05.375,-0.09E+00,-0.05E+00,+0.05E+00,-0.05E+00,+3.68E+00,+4.91E+00,-8.93E+00,+6.791E+00
2,12/2/2026,10:41:05.375,-0.09E+00,-0.05E+00,+0.05E+00,+0.00E+00,+3.78E+00,+4.79E+00,-8.94E+00,+6.737E+00
2,12/2/2026,10:41:05.375,-0.09E+00,-0.05E+00,+0.05E+00,+0.00E+00,+3.91E+00,+4.68E+00,-8.96E+00,+6.684E+00
2,12/2/2026,10:41:05.375,-0.09E+00,-0.05E+00,+0.05E+00,+0.00E+00,+4.03E+00,+4.58E+00,-8.96E+00,+6.638E+00
2,12/2/2026,10:41:05.375,-0.09E+00,-0.05E+00,+0.05E+00,-0.05E+00,+4.15E+00,+4.47E+00,-8.97E+00,+6.585E+00
2,12/2/2026,10:41:05.375,-0.09E+00,-0.05E+00,+0.05E+00,-0.05E+00,+4.27E+00,+4.36E+00,-8.99E+00,+6.531E+00
2,12/2/2026,10:41:05.375,-0.09E+00,-0.05E+00,+0.00E+00,-0.05E+00,+4.38E+00,+4.26E+00,-8.99E+00,+6.478E+00
2,12/2/2026,10:41:05.375,-0.09E+00,-0.05E+00,+0.05E+00,-0.05E+00,+4.50E+00,+4.14E+00,-9.00E+00,+6.425E+00
2,12/2/2026,10:41:05.375,-0.09E+00,-0.05E+00,+0.05E+00,+0.00E+00,+4.62E+00,+4.03E+00,-9.00E+00,+6.379E+00
2,12/2/2026,10:41:05.375,-0.09E+00,-0.05E+00,+0.05E+00,+0.00E+00,+4.73E+00,+3.91E+00,-9.02E+00,+6.318E+00
2,12/2/2026,10:41:05.376,-0.14E+00,-0.05E+00,+0.05E+00,-0.05E+00,+4.85E+00,+3.80E+00,-9.02E+00,+6.264E+00
2,12/2/2026,10:41:05.376,-0.09E+00,-0.05E+00,+0.05E+00,+0.00E+00,+4.97E+00,+3.69E+00,-9.02E+00,+6.211E+00
2,12/2/2026,10:41:05.376,-0.09E+00,-0.05E+00,+0.05E+00,+0.00E+00,+5.08E+00,+3.57E+00,-9.02E+00,+6.150E+00
2,12/2/2026,10:41:05.376,-0.09E+00,-0.05E+00,+0.05E+00,+0.00E+00,+5.20E+00,+3.46E+00,-9.02E+00,+6.089E+00
2,12/2/2026,10:41:05.376,-0.09E+00,-0.05E+00,+0.05E+00,-0.05E+00,+5.33E+00,+3.34E+00,-9.02E+00,+6.028E+00
2,12/2/2026,10:41:05.376,-0.09E+00,-0.05E+00,+0.05E+00,-0.05E+00,+5.43E+00,+3.22E+00,-9.02E+00,+5.967E+00
2,12/2/2026,10:41:05.376,-0.14E+00,-0.05E+00,+0.05E+00,+0.00E+00,+5.55E+00,+3.10E+00,-9.00E+00,+5.906E+00
2,12/2/2026,10:41:05.376,-0.09E+00,-0.05E+00,+0.05E+00,-0.05E+00,+5.68E+00,+2.98E+00,-9.00E+00,+5.837E+00
2,12/2/2026,10:41:05.376,-0.09E+00,+0.00E+00,+0.05E+00,+0.00E+00,+5.78E+00,+2.85E+00,-9.00E+00,+5.776E+00
2,12/2/2026,10:41:05.376,-0.09E+00,-0.05E+00,+0.05E+00,+0.00E+00,+5.91E+00,+2.73E+00,-8.99E+00,+5.707E+00
2,12/2/2026,10:41:05.376,-0.09E+00,-0.05E+00,+0.05E+00,+0.00E+00,+6.01E+00,+2.61E+00,-8.97E+00,+5.639E+00
2,12/2/2026,10:41:05.376,-0.09E+00,-0.05E+00,+0.05E+00,-0.05E+00,+6.12E+00,+2.49E+00,-8.96E+00,+5.570E+00
2,12/2/2026,10:41:05.376,-0.09E+00,-0.05E+00,+0.05E+00,+0.00E+00,+6.23E+00,+2.37E+00,-8.94E+00,+5.501E+00
2,12/2/2026,10:41:05.376,-0.09E+00,-0.05E+00,+0.05E+00,+0.00E+00,+6.33E+00,+2.24E+00,-8.93E+00,+5.425E+00
2,12/2/2026,10:41:05.376,-0.09E+00,-0.05E+00,+0.05E+00,-0.05E+00,+6.44E+00,+2.12E+00,-8.90E+00,+5.349E+00
2,12/2/2026,10:41:05.376,-0.09E+00,-0.05E+00,+0.05E+00,-0.05E+00,+6.53E+00,+1.98E+00,-8.87E+00,+5.265E+00
2,12/2/2026,10:41:05.376,-0.09E+00,-0.05E+00,+0.05E+00,+0.00E+00,+6.62E+00,+1.85E+00,-8.82E+00,+5.173E+00
2,12/2/2026,10:41:05.376,-0.09E+00,-0.05E+00,+0.05E+00,-0.05E+00,+6.71E+00,+1.71E+00,-8.77E+00,+5.082E+00
2,12/2/2026,10:41:05.376,-0.09E+00,-0.05E+00,+0.05E+00,-0.05E+00,+6.79E+00,+1.57E+00,-8.71E+00,+4.990E+00
2,12/2/2026,10:41:05.376,-0.09E+00,-0.05E+00,+0.05E+00,-0.05E+00,+6.88E+00,+1.42E+00,-8.67E+00,+4.883E+00
2,12/2/2026,10:41:05.377,-0.09E+00,-0.05E+00,+0.05E+00,-0.05E+00,+6.96E+00,+1.28E+00,-8.61E+00,+4.776E+00
2,12/2/2026,10:41:05.377,-0.09E+00,-0.05E+00,+0.05E+00,-0.05E+00,+7.05E+00,+1.14E+00,-8.55E+00,+4.677E+00
2,12/2/2026,10:41:05.377,-0.09E+00,-0.05E+00,+0.05E+00,-0.05E+00,+7.13E+00,+1.01E+00,-8.48E+00,+4.578E+00
2,12/2/2026,10:41:05.377,-0.09E+00,-0.05E+00,+0.05E+00,-0.05E+00,+7.19E+00,+0.87E+00,-8.41E+00,+4.471E+00
2,12/2/2026,10:41:05.377,-0.09E+00,-0.05E+00,+0.05E+00,+0.00E+00,+7.26E+00,+0.72E+00,-8.35E+00,+4.372E+00
2,12/2/2026,10:41:05.377,-0.09E+00,-0.05E+00,+0.05E+00,+0.00E+00,+7.32E+00,+0.58E+00,-8.29E+00,+4.265E+00
2,12/2/2026,10:41:05.377,-0.09E+00,-0.05E+00,+0.05E+00,+0.00E+00,+7.40E+00,+0.44E+00,-8.21E+00,+4.166E+00
2,12/2/2026,10:41:05.377,-0.09E+00,-0.05E+00,+0.05E+00,-0.05E+00,+7.48E+00,+0.31E+00,-8.13E+00,+4.059E+00
2,12/2/2026,10:41:05.377,-0.09E+00,-0.05E+00,+0.05E+00,+0.00E+00,+7.54E+00,+0.17E+00,-8.07E+00,+3.952E+00
2,12/2/2026,10:41:05.377,-0.09E+00,-0.05E+00,+0.05E+00,+0.00E+00,+7.60E+00,+0.03E+00,-8.00E+00,+3.846E+00
2,12/2/2026,10:41:05.377,-0.09E+00,-0.05E+00,+0.05E+00,+0.00E+00,+7.66E+00,-0.11E+00,-7.92E+00,+3.746E+00
2,12/2/2026,10:41:05.377,-0.09E+00,-0.05E+00,+0.05E+00,+0.00E+00,+7.72E+00,-0.24E+00,-7.84E+00,+3.632E+00
2,12/2/2026,10:41:05.377,-0.14E+00,-0.05E+00,+0.05E+00,-0.05E+00,+7.77E+00,-0.38E+00,-7.75E+00,+3.517E+00
2,12/2/2026,10:41:05.377,-0.09E+00,-0.05E+00,+0.05E+00,-0.05E+00,+7.83E+00,-0.52E+00,-7.66E+00,+3.411E+00
2,12/2/2026,10:41:05.377,-0.09E+00,-0.05E+00,+0.05E+00,+0.00E+00,+7.87E+00,-0.66E+00,-7.57E+00,+3.296E+00
2,12/2/2026,10:41:05.377,-0.09E+00,-0.05E+00,+0.05E+00,-0.05E+00,+7.92E+00,-0.79E+00,-7.48E+00,+3.174E+00
2,12/2/2026,10:41:05.377,-0.09E+00,-0.05E+00,+0.05E+00,-0.05E+00,+7.95E+00,-0.95E+00,-7.39E+00,+3.052E+00
2,12/2/2026,10:41:05.377,-0.09E+00,-0.05E+00,+0.05E+00,+0.00E+00,+8.00E+00,-1.08E+00,-7.28E+00,+2.930E+00
2,12/2/2026,10:41:05.377,-0.09E+00,-0.05E+00,+0.05E+00,+0.00E+00,+8.04E+00,-1.24E+00,-7.19E+00,+2.808E+00
2,12/2/2026,10:41:05.377,-0.09E+00,+0.00E+00,+0.05E+00,-0.05E+00,+8.09E+00,-1.37E+00,-7.08E+00,+2.686E+00
2,12/2/2026,10:41:05.378,-0.09E+00,-0.05E+00,+0.05E+00,+0.00E+00,+8.13E+00,-1.53E+00,-6.97E+00,+2.564E+00
2,12/2/2026,10:41:05.378,-0.09E+00,-0.05E+00,+0.05E+00,+0.00E+00,+8.18E+00,-1.66E+00,-6.88E+00,+2.442E+00
2,12/2/2026,10:41:05.378,-0.09E+00,-0.05E+00,+0.05E+00,+0.00E+00,+8.23E+00,-1.80E+00,-6.78E+00,+2.320E+00
2,12/2/2026,10:41:05.378,-0.09E+00,-0.05E+00,+0.05E+00,-0.05E+00,+8.26E+00,-1.94E+00,-6.67E+00,+2.205E+00
2,12/2/2026,10:41:05.378,-0.09E+00,-0.05E+00,+0.05E+00,+0.00E+00,+8.30E+00,-2.09E+00,-6.58E+00,+2.075E+00
2,12/2/2026,10:41:05.378,-0.09E+00,-0.05E+00,+0.05E+00,+0.00E+00,+8.33E+00,-2.23E+00,-6.49E+00,+1.961E+00
2,12/2/2026,10:41:05.378,-0.09E+00,-0.05E+00,+0.05E+00,+0.00E+00,+8.38E+00,-2.37E+00,-6.36E+00,+1.839E+00
2,12/2/2026,10:41:05.378,-0.09E+00,-0.05E+00,+0.05E+00,+0.00E+00,+8.41E+00,-2.50E+00,-6.26E+00,+1.717E+00
2,12/2/2026,10:41:05.378,-0.09E+00,-0.05E+00,+0.05E+00,-0.05E+00,+8.42E+00,-2.64E+00,-6.15E+00,+1.595E+00
2,12/2/2026,10:41:05.378,-0.09E+00,-0.05E+00,+0.05E+00,-0.05E+00,+8.45E+00,-2.78E+00,-6.04E+00,+1.465E+00
2,12/2/2026,10:41:05.378,-0.09E+00,-0.05E+00,+0.05E+00,-0.05E+00,+8.48E+00,-2.91E+00,-5.94E+00,+1.343E+00
2,12/2/2026,10:41:05.378,-0.09E+00,-0.05E+00,+0.05E+00,+0.00E+00,+8.50E+00,-3.05E+00,-5.83E+00,+1.228E+00
2,12/2/2026,10:41:05.378,-0.09E+00,-0.05E+00,+0.05E+00,+0.00E+00,+8.52E+00,-3.17E+00,-5.71E+00,+1.106E+00
2,12/2/2026,10:41:05.378,-0.09E+00,-0.05E+00,+0.05E+00,-0.05E+00,+8.53E+00,-3.30E+00,-5.60E+00,+0.984E+00
2,12/2/2026,10:41:05.378,-0.09E+00,-0.05E+00,+0.05E+00,+0.00E+00,+8.56E+00,-3.43E+00,-5.49E+00,+0.870E+00
2,12/2/2026,10:41:05.378,-0.09E+00,-0.05E+00,+0.05E+00,+0.00E+00,+8.56E+00,-3.56E+00,-5.37E+00,+0.748E+00
2,12/2/2026,10:41:05.378,-0.09E+00,-0.05E+00,+0.05E+00,+0.00E+00,+8.58E+00,-3.68E+00,-5.26E+00,+0.626E+00
2,12/2/2026,10:41:05.378,-0.09E+00,-0.05E+00,+0.05E+00,+0.00E+00,+8.58E+00,-3.82E+00,-5.14E+00,+0.504E+00
2,12/2/2026,10:41:05.378,-0.09E+00,-0.05E+00,+0.05E+00,-0.05E+00,+8.61E+00,-3.94E+00,-5.04E+00,+0.389E+00
2,12/2/2026,10:41:05.378,-0.09E+00,-0.05E+00,+0.05E+00,-0.05E+00,+8.62E+00,-4.04E+00,-4.91E+00,+0.267E+00
2,12/2/2026,10:41:05.379,-0.14E+00,-0.05E+00,+0.05E+00,+0.00E+00,+8.62E+00,-4.17E+00,-4.81E+00,+0.153E+00
2,12/2/2026,10:41:05.379,-0.09E+00,-0.05E+00,+0.05E+00,+0.00E+00,+8.62E+00,-4.29E+00,-4.70E+00,+0.046E+00
2,12/2/2026,10:41:05.379,-0.09E+00,-0.05E+00,+0.05E+00,+0.00E+00,+8.64E+00,-4.41E+00,-4.59E+00,-0.069E+00
2,12/2/2026,10:41:05.379,-0.09E+00,-0.05E+00,+0.05E+00,+0.00E+00,+8.64E+00,-4.52E+00,-4.49E+00,-0.191E+00
2,12/2/2026,10:41:05.379,-0.09E+00,-0.05E+00,+0.05E+00,+0.00E+00,+8.64E+00,-4.64E+00,-4.36E+00,-0.298E+00
2,12/2/2026,10:41:05.379,-0.09E+00,-0.05E+00,+0.05E+00,-0.05E+00,+8.64E+00,-4.76E+00,-4.24E+00,-0.412E+00
2,12/2/2026,10:41:05.379,-0.09E+00,-0.05E+00,+0.05E+00,+0.00E+00,+8.64E+00,-4.87E+00,-4.14E+00,-0.526E+00
2,12/2/2026,10:41:05.379,-0.09E+00,-0.05E+00,+0.05E+00,+0.00E+00,+8.64E+00,-4.97E+00,-4.01E+00,-0.649E+00
2,12/2/2026,10:41:05.379,-0.09E+00,-0.05E+00,+0.05E+00,+0.00E+00,+8.64E+00,-5.10E+00,-3.91E+00,-0.763E+00
2,12/2/2026,10:41:05.379,-0.09E+00,-0.05E+00,+0.05E+00,+0.00E+00,+8.64E+00,-5.22E+00,-3.78E+00,-0.877E+00
2,12/2/2026,10:41:05.379,-0.09E+00,-0.05E+00,+0.05E+00,+0.00E+00,+8.62E+00,-5.33E+00,-3.66E+00,-0.992E+00
2,12/2/2026,10:41:05.379,-0.09E+00,-0.05E+00,+0.05E+00,-0.05E+00,+8.62E+00,-5.45E+00,-3.54E+00,-1.106E+00
2,12/2/2026,10:41:05.379,-0.09E+00,-0.05E+00,+0.05E+00,-0.05E+00,+8.62E+00,-5.55E+00,-3.43E+00,-1.228E+00
2,12/2/2026,10:41:05.379,-0.09E+00,-0.05E+00,+0.05E+00,+0.00E+00,+8.61E+00,-5.66E+00,-3.31E+00,-1.343E+00
2,12/2/2026,10:41:05.379,-0.09E+00,-0.05E+00,+0.00E+00,+0.00E+00,+8.59E+00,-5.78E+00,-3.17E+00,-1.457E+00
2,12/2/2026,10:41:05.379,-0.09E+00,-0.05E+00,+0.05E+00,+0.00E+00,+8.58E+00,-5.89E+00,-3.05E+00,-1.572E+00
2,12/2/2026,10:41:05.379,-0.09E+00,-0.05E+00,+0.05E+00,+0.00E+00,+8.56E+00,-6.00E+00,-2.93E+00,-1.694E+00
2,12/2/2026,10:41:05.379,-0.09E+00,-0.05E+00,+0.05E+00,+0.00E+00,+8.53E+00,-6.10E+00,-2.79E+00,-1.808E+00
2,12/2/2026,10:41:05.379,-0.09E+00,-0.05E+00,+0.05E+00,+0.00E+00,+8.50E+00,-6.21E+00,-2.66E+00,-1.930E+00
2,12/2/2026,10:41:05.379,-0.09E+00,-0.05E+00,+0.05E+00,+0.00E+00,+8.47E+00,-6.32E+00,-2.52E+00,-2.052E+00
2,12/2/2026,10:41:05.380,-0.09E+00,-0.05E+00,+0.05E+00,+0.00E+00,+8.44E+00,-6.41E+00,-2.38E+00,-2.167E+00
2,12/2/2026,10:41:05.380,-0.09E+00,-0.05E+00,+0.05E+00,+0.00E+00,+8.41E+00,-6.52E+00,-2.26E+00,-2.274E+00
2,12/2/2026,10:41:05.380,-0.09E+00,-0.05E+00,+0.05E+00,+0.00E+00,+8.36E+00,-6.61E+00,-2.12E+00,-2.388E+00
2,12/2/2026,10:41:05.380,-0.09E+00,-0.05E+00,+0.05E+00,+0.00E+00,+8.32E+00,-6.70E+00,-1.98E+00,-2.503E+00
2,12/2/2026,10:41:05.380,-0.09E+00,-0.05E+00,+0.05E+00,+0.00E+00,+8.27E+00,-6.79E+00,-1.85E+00,-2.617E+00
2,12/2/2026,10:41:05.380,-0.09E+00,-0.05E+00,+0.05E+00,+0.00E+00,+8.23E+00,-6.87E+00,-1.72E+00,-2.724E+00
2,12/2/2026,10:41:05.380,-0.09E+00,-0.05E+00,+0.05E+00,+0.00E+00,+8.18E+00,-6.96E+00,-1.59E+00,-2.831E+00
2,12/2/2026,10:41:05.380,-0.09E+00,-0.05E+00,+0.00E+00,+0.00E+00,+8.12E+00,-7.03E+00,-1.45E+00,-2.945E+00
2,12/2/2026,10:41:05.380,-0.09E+00,-0.05E+00,+0.05E+00,-0.05E+00,+8.06E+00,-7.13E+00,-1.31E+00,-3.052E+00
2,12/2/2026,10:41:05.380,-0.09E+00,-0.05E+00,+0.05E+00,-0.05E+00,+8.01E+00,-7.20E+00,-1.16E+00,-3.159E+00
2,12/2/2026,10:41:05.380,-0.09E+00,-0.05E+00,+0.05E+00,+0.00E+00,+7.94E+00,-7.28E+00,-1.02E+00,-3.266E+00
2,12/2/2026,10:41:05.380,-0.09E+00,-0.05E+00,+0.05E+00,-0.05E+00,+7.87E+00,-7.36E+00,-0.89E+00,-3.380E+00
2,12/2/2026,10:41:05.380,-0.14E+00,-0.05E+00,+0.05E+00,-0.05E+00,+7.81E+00,-7.43E+00,-0.73E+00,-3.487E+00
2,12/2/2026,10:41:05.380,-0.09E+00,-0.05E+00,+0.05E+00,+0.00E+00,+7.74E+00,-7.51E+00,-0.60E+00,-3.594E+00
2,12/2/2026,10:41:05.380,-0.09E+00,-0.05E+00,+0.00E+00,+0.00E+00,+7.66E+00,-7.57E+00,-0.46E+00,-3.701E+00
2,12/2/2026,10:41:05.380,-0.09E+00,-0.05E+00,+0.05E+00,+0.00E+00,+7.58E+00,-7.65E+00,-0.31E+00,-3.800E+00
2,12/2/2026,10:41:05.380,-0.09E+00,-0.05E+00,+0.05E+00,-0.05E+00,+7.51E+00,-7.71E+00,-0.17E+00,-3.907E+00
2,12/2/2026,10:41:05.380,-0.09E+00,-0.05E+00,+0.05E+00,-0.05E+00,+7.43E+00,-7.77E+00,-0.03E+00,-4.006E+00
2,12/2/2026,10:41:05.380,-0.09E+00,-0.05E+00,+0.05E+00,-0.05E+00,+7.34E+00,-7.83E+00,+0.12E+00,-4.105E+00
2,12/2/2026,10:41:05.380,-0.09E+00,-0.05E+00,+0.05E+00,+0.00E+00,+7.26E+00,-7.89E+00,+0.26E+00,-4.204E+00
2,12/2/2026,10:41:05.381,-0.09E+00,-0.05E+00,+0.05E+00,+0.00E+00,+7.17E+00,-7.95E+00,+0.41E+00,-4.303E+00
2,12/2/2026,10:41:05.381,-0.09E+00,-0.05E+00,+0.05E+00,+0.00E+00,+7.08E+00,-8.00E+00,+0.55E+00,-4.403E+00
2,12/2/2026,10:41:05.381,-0.09E+00,-0.05E+00,+0.05E+00,-0.05E+00,+6.99E+00,-8.06E+00,+0.70E+00,-4.494E+00
2,12/2/2026,10:41:05.381,-0.09E+00,-0.05E+00,+0.05E+00,-0.05E+00,+6.88E+00,-8.10E+00,+0.84E+00,-4.593E+00
2,12/2/2026,10:41:05.381,-0.09E+00,-0.05E+00,+0.05E+00,-0.05E+00,+6.79E+00,-8.15E+00,+0.98E+00,-4.685E+00
2,12/2/2026,10:41:05.381,-0.09E+00,-0.05E+00,+0.05E+00,+0.00E+00,+6.70E+00,-8.19E+00,+1.13E+00,-4.784E+00
2,12/2/2026,10:41:05.381,-0.09E+00,-0.05E+00,+0.05E+00,+0.00E+00,+6.61E+00,-8.24E+00,+1.28E+00,-4.876E+00
2,12/2/2026,10:41:05.381,-0.09E+00,-0.05E+00,+0.05E+00,-0.05E+00,+6.50E+00,-8.29E+00,+1.42E+00,-4.967E+00
2,12/2/2026,10:41:05.381,-0.09E+00,-0.05E+00,+0.05E+00,-0.05E+00,+6.41E+00,-8.33E+00,+1.56E+00,-5.059E+00
2,12/2/2026,10:41:05.381,-0.09E+00,-0.05E+00,+0.00E+00,+0.00E+00,+6.30E+00,-8.36E+00,+1.71E+00,-5.143E+00
2,12/2/2026,10:41:05.381,-0.09E+00,-0.05E+00,+0.05E+00,+0.00E+00,+6.20E+00,-8.41E+00,+1.85E+00,-5.234E+00
2,12/2/2026,10:41:05.381,-0.09E+00,-0.05E+00,+0.05E+00,+0.00E+00,+6.10E+00,-8.45E+00,+1.98E+00,-5.326E+00
2,12/2/2026,10:41:05.381,-0.09E+00,-0.05E+00,+0.05E+00,+0.00E+00,+6.00E+00,-8.48E+00,+2.12E+00,-5.410E+00
2,12/2/2026,10:41:05.381,-0.14E+00,-0.05E+00,+0.05E+00,+0.00E+00,+5.89E+00,-8.52E+00,+2.26E+00,-5.494E+00
2,12/2/2026,10:41:05.381,-0.14E+00,-0.05E+00,+0.05E+00,-0.05E+00,+5.80E+00,-8.56E+00,+2.40E+00,-5.578E+00
2,12/2/2026,10:41:05.381,-0.09E+00,-0.05E+00,+0.05E+00,+0.00E+00,+5.69E+00,-8.59E+00,+2.53E+00,-5.662E+00
2,12/2/2026,10:41:05.381,-0.09E+00,-0.05E+00,+0.00E+00,+0.00E+00,+5.59E+00,-8.62E+00,+2.67E+00,-5.745E+00
2,12/2/2026,10:41:05.381,-0.09E+00,-0.05E+00,+0.05E+00,+0.00E+00,+5.46E+00,-8.65E+00,+2.81E+00,-5.822E+00
2,12/2/2026,10:41:05.381,-0.09E+00,-0.05E+00,+0.05E+00,-0.05E+00,+5.36E+00,-8.67E+00,+2.95E+00,-5.898E+00
2,12/2/2026,10:41:05.381,-0.09E+00,-0.05E+00,+0.05E+00,+0.00E+00,+5.25E+00,-8.70E+00,+3.08E+00,-5.982E+00
2,12/2/2026,10:41:05.382,-0.09E+00,-0.05E+00,+0.05E+00,+0.00E+00,+5.14E+00,-8.71E+00,+3.20E+00,-6.058E+00
2,12/2/2026,10:41:05.382,-0.09E+00,-0.05E+00,+0.05E+00,+0.00E+00,+5.04E+00,-8.74E+00,+3.34E+00,-6.127E+00
2,12/2/2026,10:41:05.382,-0.09E+00,-0.05E+00,+0.05E+00,+0.00E+00,+4.93E+00,-8.76E+00,+3.46E+00,-6.203E+00
2,12/2/2026,10:41:05.382,-0.14E+00,-0.05E+00,+0.05E+00,+0.00E+00,+4.81E+00,-8.77E+00,+3.60E+00,-6.272E+00
2,12/2/2026,10:41:05.382,-0.09E+00,-0.05E+00,+0.05E+00,-0.05E+00,+4.70E+00,-8.79E+00,+3.72E+00,-6.341E+00
2,12/2/2026,10:41:05.382,-0.09E+00,-0.05E+00,+0.05E+00,+0.00E+00,+4.59E+00,-8.81E+00,+3.85E+00,-6.409E+00
2,12/2/2026,10:41:05.382,-0.09E+00,-0.05E+00,+0.05E+00,+0.00E+00,+4.47E+00,-8.81E+00,+3.97E+00,-6.470E+00
2,12/2/2026,10:41:05.382,-0.09E+00,-0.05E+00,+0.05E+00,+0.00E+00,+4.36E+00,-8.82E+00,+4.09E+00,-6.531E+00
2,12/2/2026,10:41:05.382,-0.09E+00,-0.05E+00,+0.05E+00,-0.05E+00,+4.26E+00,-8.82E+00,+4.20E+00,-6.592E+00
2,12/2/2026,10:41:05.382,-0.09E+00,-0.05E+00,+0.05E+00,-0.05E+00,+4.15E+00,-8.84E+00,+4.32E+00,-6.653E+00
2,12/2/2026,10:41:05.382,-0.09E+00,-0.05E+00,+0.05E+00,-0.05E+00,+4.03E+00,-8.85E+00,+4.44E+00,-6.714E+00
2,12/2/2026,10:41:05.382,-0.09E+00,-0.05E+00,+0.05E+00,+0.00E+00,+3.92E+00,-8.85E+00,+4.56E+00,-6.776E+00
2,12/2/2026,10:41:05.382,-0.09E+00,-0.05E+00,+0.05E+00,+0.00E+00,+3.82E+00,-8.85E+00,+4.68E+00,-6.829E+00
2,12/2/2026,10:41:05.382,-0.09E+00,-0.05E+00,+0.05E+00,+0.00E+00,+3.69E+00,-8.87E+00,+4.79E+00,-6.890E+00
2,12/2/2026,10:41:05.382,-0.09E+00,-0.05E+00,+0.05E+00,-0.05E+00,+3.59E+00,-8.87E+00,+4.91E+00,-6.951E+00
2,12/2/2026,10:41:05.382,-0.09E+00,-0.05E+00,+0.05E+00,-0.05E+00,+3.46E+00,-8.87E+00,+5.04E+00,-7.012E+00
2,12/2/2026,10:41:05.382,-0.09E+00,-0.05E+00,+0.05E+00,+0.00E+00,+3.34E+00,-8.87E+00,+5.16E+00,-7.065E+00
2,12/2/2026,10:41:05.382,-0.09E+00,-0.05E+00,+0.05E+00,+0.00E+00,+3.24E+00,-8.87E+00,+5.26E+00,-7.119E+00
2,12/2/2026,10:41:05.382,-0.09E+00,-0.05E+00,+0.05E+00,+0.00E+00,+3.11E+00,-8.87E+00,+5.39E+00,-7.172E+00
2,12/2/2026,10:41:05.382,-0.09E+00,-0.05E+00,+0.05E+00,+0.00E+00,+2.99E+00,-8.85E+00,+5.49E+00,-7.226E+00
2,12/2/2026,10:41:05.383,-0.14E+00,-0.05E+00,+0.05E+00,+0.00E+00,+2.87E+00,-8.85E+00,+5.60E+00,-7.271E+00
2,12/2/2026,10:41:05.383,-0.09E+00,-0.05E+00,+0.05E+00,-0.05E+00,+2.75E+00,-8.84E+00,+5.72E+00,-7.325E+00
2,12/2/2026,10:41:05.383,-0.09E+00,-0.05E+00,+0.05E+00,-0.05E+00,+2.62E+00,-8.82E+00,+5.83E+00,-7.371E+00
2,12/2/2026,10:41:05.383,-0.09E+00,-0.05E+00,+0.05E+00,-0.05E+00,+2.49E+00,-8.79E+00,+5.94E+00,-7.409E+00
2,12/2/2026,10:41:05.383,-0.09E+00,-0.05E+00,+0.05E+00,-0.05E+00,+2.37E+00,-8.77E+00,+6.04E+00,-7.455E+00
2,12/2/2026,10:41:05.383,-0.09E+00,-0.05E+00,+0.05E+00,-0.05E+00,+2.24E+00,-8.74E+00,+6.15E+00,-7.485E+00
2,12/2/2026,10:41:05.383,-0.09E+00,-0.05E+00,+0.05E+00,-0.05E+00,+2.11E+00,-8.71E+00,+6.26E+00,-7.523E+00
2,12/2/2026,10:41:05.383,-0.09E+00,-0.05E+00,+0.05E+00,+0.00E+00,+1.97E+00,-8.68E+00,+6.35E+00,-7.554E+00
2,12/2/2026,10:41:05.383,-0.09E+00,-0.05E+00,+0.05E+00,+0.00E+00,+1.83E+00,-8.65E+00,+6.44E+00,-7.584E+00
2,12/2/2026,10:41:05.383,-0.09E+00,-0.05E+00,+0.05E+00,-0.05E+00,+1.71E+00,-8.61E+00,+6.53E+00,-7.600E+00
2,12/2/2026,10:41:05.383,-0.09E+00,-0.05E+00,+0.05E+00,-0.05E+00,+1.59E+00,-8.56E+00,+6.62E+00,-7.622E+00
2,12/2/2026,10:41:05.383,-0.09E+00,-0.05E+00,+0.05E+00,+0.00E+00,+1.45E+00,-8.52E+00,+6.70E+00,-7.638E+00
2,12/2/2026,10:41:05.383,-0.09E+00,-0.05E+00,+0.05E+00,+0.00E+00,+1.31E+00,-8.47E+00,+6.79E+00,-7.653E+00
2,12/2/2026,10:41:05.383,-0.09E+00,-0.05E+00,+0.05E+00,+0.00E+00,+1.18E+00,-8.41E+00,+6.87E+00,-7.661E+00
2,12/2/2026,10:41:05.383,-0.09E+00,-0.05E+00,+0.05E+00,+0.00E+00,+1.04E+00,-8.35E+00,+6.94E+00,-7.676E+00
2,12/2/2026,10:41:05.383,-0.09E+00,-0.05E+00,+0.05E+00,-0.05E+00,+0.89E+00,-8.29E+00,+7.02E+00,-7.676E+00
2,12/2/2026,10:41:05.383,-0.09E+00,-0.05E+00,+0.05E+00,-0.05E+00,+0.75E+00,-8.23E+00,+7.10E+00,-7.684E+00
2,12/2/2026,10:41:05.383,-0.09E+00,-0.05E+00,+0.05E+00,+0.00E+00,+0.61E+00,-8.15E+00,+7.17E+00,-7.684E+00
2,12/2/2026,10:41:05.383,-0.09E+00,-0.05E+00,+0.05E+00,+0.00E+00,+0.46E+00,-8.09E+00,+7.25E+00,-7.684E+00
2,12/2/2026,10:41:05.383,-0.09E+00,-0.05E+00,+0.05E+00,+0.00E+00,+0.32E+00,-8.00E+00,+7.31E+00,-7.676E+00
2,12/2/2026,10:41:05.384,-0.09E+00,-0.05E+00,+0.05E+00,+0.00E+00,+0.17E+00,-7.94E+00,+7.39E+00,-7.668E+00
2,12/2/2026,10:41:05.384,-0.14E+00,-0.05E+00,+0.05E+00,+0.00E+00,+0.03E+00,-7.84E+00,+7.45E+00,-7.661E+00
2,12/2/2026,10:41:05.384,-0.09E+00,-0.05E+00,+0.05E+00,-0.05E+00,-0.11E+00,-7.77E+00,+7.51E+00,-7.661E+00
2,12/2/2026,10:41:05.384,-0.09E+00,-0.05E+00,+0.05E+00,+0.00E+00,-0.26E+00,-7.69E+00,+7.57E+00,-7.645E+00
2,12/2/2026,10:41:05.384,-0.09E+00,-0.05E+00,+0.05E+00,+0.00E+00,-0.40E+00,-7.61E+00,+7.65E+00,-7.638E+00
2,12/2/2026,10:41:05.384,-0.09E+00,-0.05E+00,+0.05E+00,+0.00E+00,-0.53E+00,-7.54E+00,+7.71E+00,-7.630E+00
2,12/2/2026,10:41:05.384,-0.14E+00,-0.05E+00,+0.05E+00,-0.05E+00,-0.69E+00,-7.45E+00,+7.77E+00,-7.615E+00
2,12/2/2026,10:41:05.384,-0.09E+00,-0.05E+00,+0.05E+00,-0.05E+00,-0.84E+00,-7.37E+00,+7.83E+00,-7.600E+00
2,12/2/2026,10:41:05.384,-0.09E+00,-0.05E+00,+0.05E+00,-0.05E+00,-0.98E+00,-7.28E+00,+7.89E+00,-7.584E+00
2,12/2/2026,10:41:05.384,-0.09E+00,-0.05E+00,+0.05E+00,+0.00E+00,-1.11E+00,-7.19E+00,+7.94E+00,-7.569E+00
2,12/2/2026,10:41:05.384,-0.09E+00,-0.05E+00,+0.05E+00,+0.00E+00,-1.27E+00,-7.10E+00,+8.00E+00,-7.546E+00
2,12/2/2026,10:41:05.384,-0.09E+00,-0.05E+00,+0.05E+00,-0.05E+00,-1.42E+00,-7.00E+00,+8.04E+00,-7.523E+00
2,12/2/2026,10:41:05.384,-0.09E+00,-0.05E+00,+0.05E+00,+0.00E+00,-1.56E+00,-6.91E+00,+8.09E+00,-7.500E+00
2,12/2/2026,10:41:05.384,-0.09E+00,-0.05E+00,+0.05E+00,+0.00E+00,-1.69E+00,-6.82E+00,+8.13E+00,-7.477E+00
2,12/2/2026,10:41:05.384,-0.09E+00,-0.05E+00,+0.05E+00,+0.00E+00,-1.85E+00,-6.71E+00,+8.18E+00,-7.447E+00
2,12/2/2026,10:41:05.384,-0.09E+00,-0.05E+00,+0.05E+00,+0.00E+00,-1.98E+00,-6.62E+00,+8.23E+00,-7.416E+00
2,12/2/2026,10:41:05.384,-0.09E+00,-0.05E+00,+0.05E+00,-0.05E+00,-2.12E+00,-6.52E+00,+8.26E+00,-7.386E+00
2,12/2/2026,10:41:05.384,-0.09E+00,-0.05E+00,+0.05E+00,+0.00E+00,-2.26E+00,-6.42E+00,+8.30E+00,-7.348E+00
2,12/2/2026,10:41:05.384,-0.09E+00,-0.05E+00,+0.05E+00,+0.00E+00,-2.40E+00,-6.32E+00,+8.33E+00,-7.317E+00
2,12/2/2026,10:41:05.384,-0.09E+00,-0.05E+00,+0.05E+00,-0.05E+00,-2.53E+00,-6.21E+00,+8.38E+00,-7.279E+00
2,12/2/2026,10:41:05.385,-0.09E+00,-0.05E+00,+0.05E+00,+0.00E+00,-2.67E+00,-6.12E+00,+8.41E+00,-7.241E+00
2,12/2/2026,10:41:05.385,-0.09E+00,-0.05E+00,+0.05E+00,+0.00E+00,-2.79E+00,-6.01E+00,+8.42E+00,-7.203E+00
2,12/2/2026,10:41:05.385,-0.09E+00,-0.05E+00,+0.05E+00,-0.05E+00,-2.93E+00,-5.91E+00,+8.45E+00,-7.165E+00
2,12/2/2026,10:41:05.385,-0.09E+00,-0.05E+00,+0.05E+00,-0.05E+00,-3.07E+00,-5.80E+00,+8.48E+00,-7.127E+00
2,12/2/2026,10:41:05.385,-0.09E+00,-0.05E+00,+0.05E+00,-0.05E+00,-3.19E+00,-5.69E+00,+8.50E+00,-7.081E+00
2,12/2/2026,10:41:05.385,-0.09E+00,-0.05E+00,+0.05E+00,-0.05E+00,-3.31E+00,-5.59E+00,+8.53E+00,-7.043E+00
2,12/2/2026,10:41:05.385,-0.09E+00,-0.05E+00,+0.05E+00,+0.00E+00,-3.45E+00,-5.48E+00,+8.56E+00,-6.997E+00
2,12/2/2026,10:41:05.385,-0.09E+00,-0.05E+00,+0.05E+00,+0.00E+00,-3.57E+00,-5.37E+00,+8.58E+00,-6.951E+00
2,12/2/2026,10:41:05.385,-0.09E+00,-0.05E+00,+0.05E+00,-0.05E+00,-3.71E+00,-5.26E+00,+8.59E+00,-6.905E+00
2,12/2/2026,10:41:05.385,-0.14E+00,-0.05E+00,+0.05E+00,+0.00E+00,-3.83E+00,-5.16E+00,+8.61E+00,-6.852E+00
2,12/2/2026,10:41:05.385,-0.09E+00,-0.05E+00,+0.05E+00,+0.00E+00,-3.95E+00,-5.04E+00,+8.61E+00,-6.806E+00
2,12/2/2026,10:41:05.385,-0.09E+00,-0.05E+00,+0.05E+00,-0.05E+00,-4.07E+00,-4.93E+00,+8.62E+00,-6.753E+00
2,12/2/2026,10:41:05.385,-0.09E+00,-0.05E+00,+0.05E+00,+0.00E+00,-4.20E+00,-4.82E+00,+8.64E+00,-6.699E+00
2,12/2/2026,10:41:05.385,-0.09E+00,-0.05E+00,+0.05E+00,+0.00E+00,-4.32E+00,-4.70E+00,+8.65E+00,-6.646E+00
2,12/2/2026,10:41:05.385,-0.09E+00,-0.05E+00,+0.05E+00,+0.00E+00,-4.44E+00,-4.59E+00,+8.65E+00,-6.592E+00
2,12/2/2026,10:41:05.385,-0.09E+00,-0.05E+00,+0.05E+00,-0.05E+00,-4.55E+00,-4.49E+00,+8.65E+00,-6.539E+00
2,12/2/2026,10:41:05.385,-0.09E+00,-0.05E+00,+0.05E+00,+0.00E+00,-4.67E+00,-4.36E+00,+8.67E+00,-6.486E+00
2,12/2/2026,10:41:05.385,-0.09E+00,-0.05E+00,+0.05E+00,+0.00E+00,-4.79E+00,-4.26E+00,+8.67E+00,-6.432E+00
2,12/2/2026,10:41:05.385,-0.09E+00,-0.05E+00,+0.05E+00,-0.05E+00,-4.91E+00,-4.15E+00,+8.68E+00,-6.379E+00
2,12/2/2026,10:41:05.385,-0.09E+00,-0.05E+00,+0.05E+00,-0.05E+00,-5.04E+00,-4.04E+00,+8.68E+00,-6.325E+00
2,12/2/2026,10:41:05.386,-0.09E+00,-0.05E+00,+0.05E+00,+0.00E+00,-5.14E+00,-3.92E+00,+8.70E+00,-6.272E+00
2,12/2/2026,10:41:05.386,-0.09E+00,-0.05E+00,+0.05E+00,+0.00E+00,-5.25E+00,-3.82E+00,+8.70E+00,-6.219E+00
2,12/2/2026,10:41:05.386,-0.09E+00,-0.05E+00,+0.05E+00,+0.00E+00,-5.37E+00,-3.69E+00,+8.70E+00,-6.165E+00
2,12/2/2026,10:41:05.386,-0.09E+00,-0.05E+00,+0.05E+00,+0.00E+00,-5.49E+00,-3.59E+00,+8.70E+00,-6.104E+00
2,12/2/2026,10:41:05.386,-0.09E+00,-0.05E+00,+0.05E+00,-0.05E+00,-5.60E+00,-3.46E+00,+8.70E+00,-6.043E+00
2,12/2/2026,10:41:05.386,-0.14E+00,-0.05E+00,+0.05E+00,-0.05E+00,-5.72E+00,-3.36E+00,+8.70E+00,-5.982E+00
2,12/2/2026,10:41:05.386,-0.09E+00,-0.05E+00,+0.05E+00,+0.00E+00,-5.84E+00,-3.24E+00,+8.68E+00,-5.921E+00
2,12/2/2026,10:41:05.386,-0.09E+00,-0.05E+00,+0.00E+00,+0.00E+00,-5.95E+00,-3.10E+00,+8.68E+00,-5.852E+00
2,12/2/2026,10:41:05.386,-0.09E+00,-0.05E+00,+0.05E+00,+0.00E+00,-6.07E+00,-2.98E+00,+8.68E+00,-5.784E+00
2,12/2/2026,10:41:05.386,-0.09E+00,-0.05E+00,+0.05E+00,-0.05E+00,-6.18E+00,-2.85E+00,+8.67E+00,-5.715E+00
2,12/2/2026,10:41:05.386,-0.09E+00,-0.05E+00,+0.05E+00,+0.00E+00,-6.29E+00,-2.73E+00,+8.65E+00,-5.646E+00
2,12/2/2026,10:41:05.386,-0.09E+00,-0.05E+00,+0.05E+00,-0.05E+00,-6.41E+00,-2.61E+00,+8.64E+00,-5.578E+00
2,12/2/2026,10:41:05.386,-0.09E+00,-0.05E+00,+0.05E+00,-0.05E+00,-6.52E+00,-2.49E+00,+8.62E+00,-5.509E+00
2,12/2/2026,10:41:05.386,-0.09E+00,-0.05E+00,+0.05E+00,+0.00E+00,-6.62E+00,-2.37E+00,+8.61E+00,-5.433E+00
2,12/2/2026,10:41:05.386,-0.09E+00,-0.05E+00,+0.05E+00,+0.00E+00,-6.71E+00,-2.24E+00,+8.58E+00,-5.356E+00
2,12/2/2026,10:41:05.386,-0.09E+00,-0.05E+00,+0.05E+00,-0.05E+00,-6.81E+00,-2.11E+00,+8.55E+00,-5.272E+00
2,12/2/2026,10:41:05.386,-0.14E+00,-0.05E+00,+0.05E+00,-0.05E+00,-6.90E+00,-1.97E+00,+8.50E+00,-5.188E+00
2,12/2/2026,10:41:05.386,-0.09E+00,-0.05E+00,+0.05E+00,-0.05E+00,-6.99E+00,-1.83E+00,+8.45E+00,-5.089E+00
2,12/2/2026,10:41:05.386,-0.09E+00,-0.05E+00,+0.05E+00,+0.00E+00,-7.08E+00,-1.69E+00,+8.39E+00,-4.990E+00
2,12/2/2026,10:41:05.386,-0.09E+00,-0.05E+00,+0.05E+00,+0.00E+00,-7.16E+00,-1.56E+00,+8.33E+00,-4.891E+00
2,12/2/2026,10:41:05.387,-0.14E+00,-0.05E+00,+0.05E+00,-0.05E+00,-7.23E+00,-1.40E+00,+8.27E+00,-4.784E+00
2,12/2/2026,10:41:05.387,-0.14E+00,-0.05E+00,+0.05E+00,-0.05E+00,-7.32E+00,-1.27E+00,+8.21E+00,-4.685E+00
2,12/2/2026,10:41:05.387,-0.09E+00,-0.05E+00,+0.05E+00,-0.05E+00,-7.40E+00,-1.13E+00,+8.15E+00,-4.578E+00
2,12/2/2026,10:41:05.387,-0.09E+00,-0.05E+00,+0.05E+00,+0.00E+00,-7.48E+00,-0.98E+00,+8.07E+00,-4.479E+00
2,12/2/2026,10:41:05.387,-0.09E+00,-0.05E+00,+0.05E+00,+0.00E+00,-7.54E+00,-0.84E+00,+8.01E+00,-4.380E+00
2,12/2/2026,10:41:05.387,-0.09E+00,-0.05E+00,+0.05E+00,+0.00E+00,-7.61E+00,-0.70E+00,+7.95E+00,-4.273E+00
2,12/2/2026,10:41:05.387,-0.09E+00,-0.05E+00,+0.05E+00,-0.05E+00,-7.69E+00,-0.56E+00,+7.89E+00,-4.166E+00
2,12/2/2026,10:41:05.387,-0.09E+00,-0.05E+00,+0.05E+00,+0.00E+00,-7.75E+00,-0.43E+00,+7.81E+00,-4.067E+00
2,12/2/2026,10:41:05.387,-0.09E+00,-0.05E+00,+0.05E+00,+0.00E+00,-7.83E+00,-0.29E+00,+7.74E+00,-3.960E+00
2,12/2/2026,10:41:05.387,-0.09E+00,-0.05E+00,+0.05E+00,-0.05E+00,-7.89E+00,-0.15E+00,+7.66E+00,-3.861E+00
2,12/2/2026,10:41:05.387,-0.09E+00,-0.05E+00,+0.05E+00,-0.05E+00,-7.95E+00,-0.02E+00,+7.60E+00,-3.754E+00
2,12/2/2026,10:41:05.387,-0.09E+00,-0.05E+00,+0.05E+00,+0.00E+00,-8.00E+00,+0.12E+00,+7.51E+00,-3.640E+00
2,12/2/2026,10:41:05.387,-0.09E+00,-0.05E+00,+0.05E+00,+0.00E+00,-8.04E+00,+0.26E+00,+7.42E+00,-3.533E+00
2,12/2/2026,10:41:05.387,-0.09E+00,-0.05E+00,+0.05E+00,+0.00E+00,-8.09E+00,+0.40E+00,+7.32E+00,-3.418E+00
2,12/2/2026,10:41:05.387,-0.09E+00,-0.05E+00,+0.05E+00,-0.05E+00,-8.13E+00,+0.53E+00,+7.23E+00,-3.296E+00
2,12/2/2026,10:41:05.387,-0.09E+00,-0.05E+00,+0.05E+00,-0.05E+00,-8.18E+00,+0.69E+00,+7.14E+00,-3.174E+00
2,12/2/2026,10:41:05.387,-0.09E+00,-0.05E+00,+0.05E+00,-0.05E+00,-8.23E+00,+0.82E+00,+7.03E+00,-3.052E+00
2,12/2/2026,10:41:05.387,-0.09E+00,-0.05E+00,+0.05E+00,+0.00E+00,-8.27E+00,+0.98E+00,+6.94E+00,-2.930E+00
2,12/2/2026,10:41:05.387,-0.09E+00,-0.05E+00,+0.05E+00,+0.00E+00,-8.33E+00,+1.11E+00,+6.84E+00,-2.808E+00
2,12/2/2026,10:41:05.387,-0.09E+00,-0.05E+00,+0.05E+00,-0.05E+00,-8.36E+00,+1.27E+00,+6.73E+00,-2.686E+00
2,12/2/2026,10:41:05.388,-0.09E+00,-0.05E+00,+0.05E+00,+0.00E+00,-8.41E+00,+1.40E+00,+6.64E+00,-2.564E+00
2,12/2/2026,10:41:05.388,-0.14E+00,-0.05E+00,+0.05E+00,+0.00E+00,-8.45E+00,+1.54E+00,+6.55E+00,-2.442E+00
2,12/2/2026,10:41:05.388,-0.09E+00,-0.05E+00,+0.05E+00,+0.00E+00,-8.50E+00,+1.69E+00,+6.44E+00,-2.327E+00
2,12/2/2026,10:41:05.388,-0.09E+00,-0.05E+00,+0.00E+00,-0.05E+00,-8.55E+00,+1.83E+00,+6.35E+00,-2.205E+00
2,12/2/2026,10:41:05.388,-0.09E+00,-0.05E+00,+0.05E+00,+0.00E+00,-8.58E+00,+1.97E+00,+6.24E+00,-2.083E+00
2,12/2/2026,10:41:05.388,-0.09E+00,-0.05E+00,+0.05E+00,+0.00E+00,-8.61E+00,+2.11E+00,+6.13E+00,-1.961E+00
2,12/2/2026,10:41:05.388,-0.09E+00,-0.05E+00,+0.05E+00,+0.00E+00,-8.64E+00,+2.24E+00,+6.03E+00,-1.839E+00
2,12/2/2026,10:41:05.388,-0.09E+00,-0.05E+00,+0.05E+00,+0.00E+00,-8.67E+00,+2.38E+00,+5.92E+00,-1.717E+00
2,12/2/2026,10:41:05.388,-0.09E+00,-0.05E+00,+0.05E+00,-0.05E+00,-8.70E+00,+2.52E+00,+5.81E+00,-1.587E+00
2,12/2/2026,10:41:05.388,-0.09E+00,-0.05E+00,+0.05E+00,+0.00E+00,-8.73E+00,+2.66E+00,+5.69E+00,-1.465E+00
2,12/2/2026,10:41:05.388,-0.09E+00,-0.05E+00,+0.05E+00,+0.00E+00,-8.74E+00,+2.79E+00,+5.59E+00,-1.343E+00
2,12/2/2026,10:41:05.388,-0.09E+00,-0.05E+00,+0.05E+00,+0.00E+00,-8.77E+00,+2.93E+00,+5.48E+00,-1.221E+00
2,12/2/2026,10:41:05.388,-0.09E+00,-0.05E+00,+0.05E+00,-0.05E+00,-8.79E+00,+3.07E+00,+5.37E+00,-1.099E+00
2,12/2/2026,10:41:05.388,-0.09E+00,-0.05E+00,+0.05E+00,+0.00E+00,-8.81E+00,+3.19E+00,+5.25E+00,-0.984E+00
2,12/2/2026,10:41:05.388,-0.09E+00,-0.05E+00,+0.05E+00,-0.05E+00,-8.82E+00,+3.31E+00,+5.14E+00,-0.862E+00
2,12/2/2026,10:41:05.388,-0.09E+00,-0.05E+00,+0.05E+00,-0.05E+00,-8.84E+00,+3.43E+00,+5.04E+00,-0.740E+00
2,12/2/2026,10:41:05.388,-0.09E+00,-0.05E+00,+0.05E+00,+0.00E+00,-8.85E+00,+3.57E+00,+4.91E+00,-0.626E+00
2,12/2/2026,10:41:05.388,-0.09E+00,-0.05E+00,+0.05E+00,+0.00E+00,-8.87E+00,+3.69E+00,+4.79E+00,-0.504E+00
2,12/2/2026,10:41:05.388,-0.09E+00,-0.05E+00,+0.05E+00,-0.05E+00,-8.87E+00,+3.82E+00,+4.68E+00,-0.389E+00
2,12/2/2026,10:41:05.388,-0.09E+00,-0.05E+00,+0.05E+00,+0.00E+00,-8.88E+00,+3.94E+00,+4.58E+00,-0.275E+00
2,12/2/2026,10:41:05.389,-0.09E+00,-0.05E+00,+0.05E+00,-0.05E+00,-8.88E+00,+4.04E+00,+4.47E+00,-0.160E+00
2,12/2/2026,10:41:05.389,-0.09E+00,-0.05E+00,+0.05E+00,+0.00E+00,-8.90E+00,+4.17E+00,+4.36E+00,-0.046E+00
2,12/2/2026,10:41:05.389,-0.09E+00,-0.05E+00,+0.05E+00,+0.00E+00,-8.90E+00,+4.29E+00,+4.24E+00,+0.069E+00
2,12/2/2026,10:41:05.389,-0.09E+00,-0.09E+00,+0.05E+00,+0.00E+00,-8.90E+00,+4.39E+00,+4.14E+00,+0.183E+00
2,12/2/2026,10:41:05.389,-0.09E+00,-0.05E+00,+0.05E+00,+0.00E+00,-8.90E+00,+4.52E+00,+4.01E+00,+0.298E+00
2,12/2/2026,10:41:05.389,-0.09E+00,-0.05E+00,+0.05E+00,-0.05E+00,-8.90E+00,+4.64E+00,+3.91E+00,+0.412E+00
2,12/2/2026,10:41:05.389,-0.09E+00,-0.05E+00,+0.05E+00,+0.00E+00,-8.90E+00,+4.75E+00,+3.78E+00,+0.526E+00
2,12/2/2026,10:41:05.389,-0.09E+00,-0.05E+00,+0.05E+00,+0.00E+00,-8.90E+00,+4.87E+00,+3.66E+00,+0.649E+00
2,12/2/2026,10:41:05.389,-0.09E+00,-0.05E+00,+0.05E+00,-0.05E+00,-8.90E+00,+4.99E+00,+3.56E+00,+0.763E+00
2,12/2/2026,10:41:05.389,-0.09E+00,-0.05E+00,+0.05E+00,-0.05E+00,-8.90E+00,+5.10E+00,+3.43E+00,+0.877E+00
2,12/2/2026,10:41:05.389,-0.09E+00,-0.05E+00,+0.05E+00,-0.05E+00,-8.88E+00,+5.22E+00,+3.31E+00,+0.992E+00
2,12/2/2026,10:41:05.389,-0.09E+00,-0.05E+00,+0.05E+00,-0.05E+00,-8.88E+00,+5.33E+00,+3.20E+00,+1.106E+00
2,12/2/2026,10:41:05.389,-0.09E+00,-0.05E+00,+0.05E+00,+0.00E+00,-8.88E+00,+5.43E+00,+3.08E+00,+1.221E+00
2,12/2/2026,10:41:05.389,-0.09E+00,-0.05E+00,+0.05E+00,+0.00E+00,-8.87E+00,+5.54E+00,+2.96E+00,+1.335E+00
2,12/2/2026,10:41:05.389,-0.09E+00,-0.05E+00,+0.05E+00,+0.00E+00,-8.85E+00,+5.66E+00,+2.84E+00,+1.457E+00
2,12/2/2026,10:41:05.389,-0.09E+00,-0.05E+00,+0.05E+00,-0.05E+00,-8.85E+00,+5.77E+00,+2.70E+00,+1.572E+00
2,12/2/2026,10:41:05.389,-0.09E+00,-0.05E+00,+0.05E+00,+0.00E+00,-8.82E+00,+5.88E+00,+2.58E+00,+1.686E+00
2,12/2/2026,10:41:05.389,-0.09E+00,-0.05E+00,+0.05E+00,+0.00E+00,-8.79E+00,+6.00E+00,+2.44E+00,+1.808E+00
2,12/2/2026,10:41:05.389,-0.09E+00,-0.05E+00,+0.05E+00,+0.00E+00,-8.76E+00,+6.10E+00,+2.30E+00,+1.930E+00
2,12/2/2026,10:41:05.389,-0.09E+00,-0.05E+00,+0.05E+00,-0.05E+00,-8.73E+00,+6.20E+00,+2.17E+00,+2.052E+00
2,12/2/2026,10:41:05.390,-0.09E+00,-0.05E+00,+0.05E+00,+0.00E+00,-8.70E+00,+6.30E+00,+2.04E+00,+2.167E+00
2,12/2/2026,10:41:05.390,-0.09E+00,-0.05E+00,+0.05E+00,+0.00E+00,-8.67E+00,+6.39E+00,+1.91E+00,+2.281E+00
2,12/2/2026,10:41:05.390,-0.09E+00,-0.05E+00,+0.05E+00,-0.05E+00,-8.62E+00,+6.49E+00,+1.77E+00,+2.388E+00
2,12/2/2026,10:41:05.390,-0.09E+00,-0.05E+00,+0.00E+00,+0.00E+00,-8.58E+00,+6.58E+00,+1.63E+00,+2.495E+00
2,12/2/2026,10:41:05.390,-0.09E+00,-0.05E+00,+0.05E+00,+0.00E+00,-8.53E+00,+6.67E+00,+1.51E+00,+2.609E+00
2,12/2/2026,10:41:05.390,-0.14E+00,-0.05E+00,+0.05E+00,-0.05E+00,-8.48E+00,+6.75E+00,+1.37E+00,+2.724E+00
2,12/2/2026,10:41:05.390,-0.14E+00,-0.05E+00,+0.05E+00,-0.05E+00,-8.42E+00,+6.84E+00,+1.24E+00,+2.823E+00
2,12/2/2026,10:41:05.390,-0.09E+00,-0.05E+00,+0.05E+00,+0.00E+00,-8.38E+00,+6.91E+00,+1.10E+00,+2.930E+00
2,12/2/2026,10:41:05.390,-0.09E+00,-0.05E+00,+0.05E+00,-0.05E+00,-8.32E+00,+6.99E+00,+0.96E+00,+3.044E+00
2,12/2/2026,10:41:05.390,-0.09E+00,-0.05E+00,+0.05E+00,-0.05E+00,-8.26E+00,+7.08E+00,+0.82E+00,+3.151E+00
2,12/2/2026,10:41:05.390,-0.09E+00,-0.05E+00,+0.05E+00,+0.00E+00,-8.19E+00,+7.14E+00,+0.67E+00,+3.258E+00
2,12/2/2026,10:41:05.390,-0.09E+00,-0.05E+00,+0.05E+00,+0.00E+00,-8.13E+00,+7.23E+00,+0.53E+00,+3.365E+00
2,12/2/2026,10:41:05.390,-0.09E+00,-0.05E+00,+0.05E+00,-0.05E+00,-8.06E+00,+7.31E+00,+0.40E+00,+3.472E+00
2,12/2/2026,10:41:05.390,-0.09E+00,-0.05E+00,+0.05E+00,+0.00E+00,-8.00E+00,+7.37E+00,+0.26E+00,+3.586E+00
2,12/2/2026,10:41:05.390,-0.09E+00,-0.05E+00,+0.05E+00,+0.00E+00,-7.92E+00,+7.45E+00,+0.11E+00,+3.685E+00
2,12/2/2026,10:41:05.390,-0.09E+00,-0.05E+00,+0.05E+00,+0.00E+00,-7.84E+00,+7.52E+00,-0.05E+00,+3.792E+00
2,12/2/2026,10:41:05.390,-0.09E+00,-0.05E+00,+0.05E+00,-0.05E+00,-7.77E+00,+7.58E+00,-0.18E+00,+3.899E+00
2,12/2/2026,10:41:05.390,-0.09E+00,-0.05E+00,+0.05E+00,-0.05E+00,-7.69E+00,+7.65E+00,-0.32E+00,+3.991E+00
2,12/2/2026,10:41:05.390,-0.09E+00,-0.05E+00,+0.05E+00,+0.00E+00,-7.60E+00,+7.71E+00,-0.47E+00,+4.097E+00
2,12/2/2026,10:41:05.390,-0.09E+00,-0.05E+00,+0.05E+00,+0.00E+00,-7.52E+00,+7.75E+00,-0.61E+00,+4.197E+00
2,12/2/2026,10:41:05.391,-0.09E+00,-0.05E+00,+0.05E+00,+0.00E+00,-7.43E+00,+7.81E+00,-0.75E+00,+4.296E+00
2,12/2/2026,10:41:05.391,-0.09E+00,-0.05E+00,+0.05E+00,+0.00E+00,-7.34E+00,+7.87E+00,-0.90E+00,+4.387E+00
2,12/2/2026,10:41:05.391,-0.14E+00,-0.05E+00,+0.00E+00,-0.05E+00,-7.23E+00,+7.92E+00,-1.04E+00,+4.486E+00
2,12/2/2026,10:41:05.391,-0.09E+00,-0.05E+00,+0.05E+00,-0.05E+00,-7.14E+00,+7.97E+00,-1.19E+00,+4.578E+00
2,12/2/2026,10:41:05.391,-0.09E+00,-0.05E+00,+0.05E+00,+0.00E+00,-7.05E+00,+8.01E+00,-1.33E+00,+4.670E+00
2,12/2/2026,10:41:05.391,-0.09E+00,-0.05E+00,+0.00E+00,+0.00E+00,-6.94E+00,+8.07E+00,-1.46E+00,+4.769E+00
2,12/2/2026,10:41:05.391,-0.09E+00,-0.05E+00,+0.05E+00,-0.05E+00,-6.85E+00,+8.10E+00,-1.62E+00,+4.860E+00
2,12/2/2026,10:41:05.391,-0.09E+00,-0.05E+00,+0.05E+00,-0.05E+00,-6.76E+00,+8.15E+00,-1.75E+00,+4.952E+00
2,12/2/2026,10:41:05.391,-0.09E+00,-0.05E+00,+0.05E+00,+0.00E+00,-6.65E+00,+8.19E+00,-1.91E+00,+5.043E+00
2,12/2/2026,10:41:05.391,-0.09E+00,-0.05E+00,+0.05E+00,+0.00E+00,-6.55E+00,+8.24E+00,-2.04E+00,+5.135E+00
2,12/2/2026,10:41:05.391,-0.09E+00,-0.05E+00,+0.05E+00,-0.05E+00,-6.46E+00,+8.29E+00,-2.18E+00,+5.227E+00
2,12/2/2026,10:41:05.391,-0.09E+00,-0.05E+00,+0.05E+00,+0.00E+00,-6.35E+00,+8.32E+00,-2.33E+00,+5.311E+00
2,12/2/2026,10:41:05.391,-0.09E+00,+0.00E+00,+0.05E+00,+0.00E+00,-6.24E+00,+8.35E+00,-2.47E+00,+5.402E+00
2,12/2/2026,10:41:05.391,-0.09E+00,-0.05E+00,+0.05E+00,-0.05E+00,-6.15E+00,+8.39E+00,-2.61E+00,+5.486E+00
2,12/2/2026,10:41:05.391,-0.09E+00,-0.05E+00,+0.05E+00,+0.00E+00,-6.04E+00,+8.42E+00,-2.75E+00,+5.570E+00
2,12/2/2026,10:41:05.391,-0.09E+00,-0.05E+00,+0.05E+00,+0.00E+00,-5.94E+00,+8.45E+00,-2.87E+00,+5.654E+00
2,12/2/2026,10:41:05.391,-0.09E+00,-0.05E+00,+0.05E+00,+0.00E+00,-5.81E+00,+8.48E+00,-3.01E+00,+5.738E+00
2,12/2/2026,10:41:05.391,-0.09E+00,-0.05E+00,+0.05E+00,-0.05E+00,-5.72E+00,+8.50E+00,-3.16E+00,+5.814E+00
2,12/2/2026,10:41:05.391,-0.09E+00,-0.05E+00,+0.05E+00,-0.05E+00,-5.60E+00,+8.53E+00,-3.30E+00,+5.890E+00
2,12/2/2026,10:41:05.391,-0.09E+00,-0.05E+00,+0.05E+00,-0.05E+00,-5.49E+00,+8.56E+00,-3.42E+00,+5.967E+00
2,12/2/2026,10:41:05.392,-0.09E+00,-0.05E+00,+0.05E+00,-0.05E+00,-5.39E+00,+8.58E+00,-3.56E+00,+6.043E+00
2,12/2/2026,10:41:05.392,-0.09E+00,-0.05E+00,+0.05E+00,-0.05E+00,-5.28E+00,+8.61E+00,-3.69E+00,+6.112E+00
2,12/2/2026,10:41:05.392,-0.09E+00,-0.05E+00,+0.05E+00,-0.05E+00,-5.17E+00,+8.62E+00,-3.82E+00,+6.188E+00
2,12/2/2026,10:41:05.392,-0.09E+00,-0.05E+00,+0.05E+00,-0.05E+00,-5.07E+00,+8.64E+00,-3.94E+00,+6.257E+00
2,12/2/2026,10:41:05.392,-0.09E+00,-0.05E+00,+0.05E+00,+0.00E+00,-4.94E+00,+8.65E+00,-4.07E+00,+6.325E+00
2,12/2/2026,10:41:05.392,-0.09E+00,-0.05E+00,+0.05E+00,+0.00E+00,-4.84E+00,+8.65E+00,-4.20E+00,+6.394E+00
2,12/2/2026,10:41:05.392,-0.09E+00,-0.05E+00,+0.05E+00,+0.00E+00,-4.73E+00,+8.67E+00,-4.32E+00,+6.455E+00
2,12/2/2026,10:41:05.392,-0.09E+00,-0.05E+00,+0.05E+00,+0.00E+00,-4.61E+00,+8.68E+00,-4.44E+00,+6.516E+00
2,12/2/2026,10:41:05.392,-0.14E+00,-0.05E+00,+0.05E+00,+0.00E+00,-4.52E+00,+8.68E+00,-4.55E+00,+6.577E+00
2,12/2/2026,10:41:05.392,-0.09E+00,-0.05E+00,+0.05E+00,-0.05E+00,-4.39E+00,+8.70E+00,-4.67E+00,+6.638E+00
2,12/2/2026,10:41:05.392,-0.09E+00,-0.05E+00,+0.05E+00,-0.05E+00,-4.29E+00,+8.70E+00,-4.79E+00,+6.699E+00
2,12/2/2026,10:41:05.392,-0.09E+00,-0.05E+00,+0.05E+00,-0.05E+00,-4.17E+00,+8.70E+00,-4.90E+00,+6.760E+00
2,12/2/2026,10:41:05.392,-0.09E+00,-0.05E+00,+0.05E+00,+0.00E+00,-4.06E+00,+8.70E+00,-5.02E+00,+6.821E+00
2,12/2/2026,10:41:05.392,-0.09E+00,-0.05E+00,+0.05E+00,-0.05E+00,-3.94E+00,+8.71E+00,-5.14E+00,+6.882E+00
2,12/2/2026,10:41:05.392,-0.09E+00,-0.05E+00,+0.05E+00,-0.05E+00,-3.82E+00,+8.73E+00,-5.26E+00,+6.943E+00
2,12/2/2026,10:41:05.392,-0.09E+00,-0.05E+00,+0.05E+00,-0.05E+00,-3.71E+00,+8.71E+00,-5.37E+00,+6.997E+00
2,12/2/2026,10:41:05.392,-0.09E+00,-0.05E+00,+0.05E+00,+0.00E+00,-3.59E+00,+8.71E+00,-5.49E+00,+7.050E+00
2,12/2/2026,10:41:05.392,-0.09E+00,-0.05E+00,+0.05E+00,+0.00E+00,-3.48E+00,+8.71E+00,-5.62E+00,+7.111E+00
2,12/2/2026,10:41:05.392,-0.09E+00,-0.05E+00,+0.05E+00,+0.00E+00,-3.36E+00,+8.71E+00,-5.72E+00,+7.157E+00
2,12/2/2026,10:41:05.392,-0.09E+00,-0.05E+00,+0.05E+00,+0.00E+00,-3.25E+00,+8.71E+00,-5.81E+00,+7.210E+00
2,12/2/2026,10:41:05.393,-0.09E+00,-0.05E+00,+0.05E+00,-0.05E+00,-3.13E+00,+8.70E+00,-5.94E+00,+7.256E+00
2,12/2/2026,10:41:05.393,-0.09E+00,-0.05E+00,+0.05E+00,-0.05E+00,-3.01E+00,+8.68E+00,-6.04E+00,+7.302E+00
2,12/2/2026,10:41:05.393,-0.09E+00,-0.05E+00,+0.05E+00,-0.05E+00,-2.87E+00,+8.67E+00,-6.17E+00,+7.355E+00
2,12/2/2026,10:41:05.393,-0.09E+00,-0.05E+00,+0.05E+00,-0.05E+00,-2.75E+00,+8.65E+00,-6.27E+00,+7.394E+00
2,12/2/2026,10:41:05.393,-0.09E+00,-0.05E+00,+0.05E+00,+0.00E+00,-2.61E+00,+8.62E+00,-6.38E+00,+7.432E+00
2,12/2/2026,10:41:05.393,-0.09E+00,-0.05E+00,+0.05E+00,+0.00E+00,-2.49E+00,+8.61E+00,-6.49E+00,+7.470E+00
2,12/2/2026,10:41:05.393,-0.09E+00,-0.05E+00,+0.05E+00,+0.00E+00,-2.35E+00,+8.56E+00,-6.59E+00,+7.508E+00
2,12/2/2026,10:41:05.393,-0.09E+00,-0.05E+00,+0.05E+00,+0.00E+00,-2.21E+00,+8.53E+00,-6.68E+00,+7.539E+00
2,12/2/2026,10:41:05.393,-0.09E+00,-0.05E+00,+0.00E+00,+0.00E+00,-2.09E+00,+8.48E+00,-6.78E+00,+7.561E+00
2,12/2/2026,10:41:05.393,-0.09E+00,-0.05E+00,+0.05E+00,+0.00E+00,-1.95E+00,+8.45E+00,-6.87E+00,+7.584E+00
2,12/2/2026,10:41:05.393,-0.09E+00,-0.05E+00,+0.05E+00,-0.05E+00,-1.82E+00,+8.41E+00,-6.96E+00,+7.600E+00
2,12/2/2026,10:41:05.393,-0.09E+00,-0.05E+00,+0.05E+00,-0.05E+00,-1.69E+00,+8.36E+00,-7.03E+00,+7.622E+00
2,12/2/2026,10:41:05.393,-0.09E+00,-0.05E+00,+0.05E+00,-0.05E+00,-1.56E+00,+8.32E+00,-7.13E+00,+7.638E+00
2,12/2/2026,10:41:05.393,-0.09E+00,-0.05E+00,+0.05E+00,+0.00E+00,-1.42E+00,+8.26E+00,-7.20E+00,+7.645E+00
2,12/2/2026,10:41:05.393,-0.09E+00,-0.05E+00,+0.05E+00,+0.00E+00,-1.28E+00,+8.19E+00,-7.29E+00,+7.653E+00
2,12/2/2026,10:41:05.393,-0.09E+00,-0.05E+00,+0.05E+00,-0.05E+00,-1.14E+00,+8.13E+00,-7.36E+00,+7.661E+00
2,12/2/2026,10:41:05.393,-0.09E+00,-0.05E+00,+0.05E+00,-0.05E+00,-1.01E+00,+8.07E+00,-7.43E+00,+7.668E+00
2,12/2/2026,10:41:05.393,-0.09E+00,-0.05E+00,+0.05E+00,+0.00E+00,-0.85E+00,+8.00E+00,-7.51E+00,+7.661E+00
2,12/2/2026,10:41:05.393,-0.09E+00,-0.05E+00,+0.05E+00,+0.00E+00,-0.72E+00,+7.94E+00,-7.57E+00,+7.661E+00
2,12/2/2026,10:41:05.393,-0.09E+00,-0.05E+00,+0.05E+00,+0.00E+00,-0.56E+00,+7.86E+00,-7.63E+00,+7.653E+00
2,12/2/2026,10:41:05.394,-0.09E+00,-0.05E+00,+0.05E+00,-0.05E+00,-0.43E+00,+7.77E+00,-7.71E+00,+7.645E+00
2,12/2/2026,10:41:05.394,-0.09E+00,-0.05E+00,+0.05E+00,+0.00E+00,-0.27E+00,+7.71E+00,-7.78E+00,+7.645E+00
2,12/2/2026,10:41:05.394,-0.09E+00,-0.05E+00,+0.05E+00,+0.00E+00,-0.14E+00,+7.63E+00,-7.84E+00,+7.630E+00
2,12/2/2026,10:41:05.394,-0.09E+00,-0.05E+00,+0.05E+00,+0.00E+00,+0.00E+00,+7.54E+00,-7.90E+00,+7.622E+00
2,12/2/2026,10:41:05.394,-0.09E+00,-0.05E+00,+0.05E+00,+0.00E+00,+0.15E+00,+7.46E+00,-7.98E+00,+7.615E+00
2,12/2/2026,10:41:05.394,-0.09E+00,-0.05E+00,+0.05E+00,+0.00E+00,+0.29E+00,+7.39E+00,-8.04E+00,+7.607E+00
2,12/2/2026,10:41:05.394,-0.09E+00,-0.05E+00,+0.05E+00,-0.05E+00,+0.44E+00,+7.29E+00,-8.10E+00,+7.592E+00
2,12/2/2026,10:41:05.394,-0.09E+00,-0.05E+00,+0.05E+00,-0.05E+00,+0.58E+00,+7.22E+00,-8.16E+00,+7.577E+00
2,12/2/2026,10:41:05.394,-0.09E+00,-0.05E+00,+0.05E+00,+0.00E+00,+0.72E+00,+7.13E+00,-8.21E+00,+7.561E+00
2,12/2/2026,10:41:05.394,-0.09E+00,-0.05E+00,+0.05E+00,+0.00E+00,+0.87E+00,+7.03E+00,-8.27E+00,+7.546E+00
2,12/2/2026,10:41:05.394,-0.09E+00,-0.05E+00,+0.05E+00,+0.00E+00,+1.02E+00,+6.94E+00,-8.32E+00,+7.523E+00
2,12/2/2026,10:41:05.394,-0.09E+00,-0.05E+00,+0.05E+00,-0.05E+00,+1.16E+00,+6.85E+00,-8.36E+00,+7.508E+00
2,12/2/2026,10:41:05.394,-0.09E+00,-0.05E+00,+0.05E+00,+0.00E+00,+1.30E+00,+6.76E+00,-8.42E+00,+7.477E+00
2,12/2/2026,10:41:05.394,-0.09E+00,-0.05E+00,+0.05E+00,+0.00E+00,+1.45E+00,+6.67E+00,-8.47E+00,+7.455E+00
2,12/2/2026,10:41:05.394,-0.09E+00,-0.05E+00,+0.05E+00,+0.00E+00,+1.59E+00,+6.56E+00,-8.52E+00,+7.424E+00
2,12/2/2026,10:41:05.394,-0.14E+00,-0.05E+00,+0.05E+00,+0.00E+00,+1.72E+00,+6.47E+00,-8.55E+00,+7.394E+00
2,12/2/2026,10:41:05.394,-0.09E+00,-0.05E+00,+0.05E+00,+0.00E+00,+1.88E+00,+6.36E+00,-8.59E+00,+7.363E+00
2,12/2/2026,10:41:05.394,-0.09E+00,-0.05E+00,+0.05E+00,-0.05E+00,+2.01E+00,+6.27E+00,-8.62E+00,+7.333E+00
2,12/2/2026,10:41:05.394,-0.09E+00,-0.05E+00,+0.05E+00,+0.00E+00,+2.14E+00,+6.18E+00,-8.65E+00,+7.294E+00
2,12/2/2026,10:41:05.394,-0.09E+00,-0.05E+00,+0.05E+00,-0.05E+00,+2.27E+00,+6.07E+00,-8.70E+00,+7.256E+00
2,12/2/2026,10:41:05.395,-0.09E+00,-0.05E+00,+0.05E+00,-0.05E+00,+2.41E+00,+5.97E+00,-8.73E+00,+7.218E+00
2,12/2/2026,10:41:05.395,-0.09E+00,-0.05E+00,+0.00E+00,+0.00E+00,+2.53E+00,+5.86E+00,-8.74E+00,+7.188E+00
2,12/2/2026,10:41:05.395,-0.14E+00,-0.05E+00,+0.05E+00,+0.00E+00,+2.67E+00,+5.75E+00,-8.77E+00,+7.142E+00
2,12/2/2026,10:41:05.395,-0.14E+00,-0.05E+00,+0.05E+00,-0.05E+00,+2.81E+00,+5.65E+00,-8.81E+00,+7.104E+00
2,12/2/2026,10:41:05.395,-0.09E+00,-0.05E+00,+0.05E+00,-0.05E+00,+2.93E+00,+5.54E+00,-8.84E+00,+7.065E+00
2,12/2/2026,10:41:05.395,-0.09E+00,-0.05E+00,+0.05E+00,+0.00E+00,+3.07E+00,+5.43E+00,-8.85E+00,+7.020E+00
2,12/2/2026,10:41:05.395,-0.09E+00,-0.05E+00,+0.05E+00,+0.00E+00,+3.19E+00,+5.33E+00,-8.88E+00,+6.974E+00
2,12/2/2026,10:41:05.395,-0.09E+00,-0.05E+00,+0.05E+00,-0.05E+00,+3.33E+00,+5.22E+00,-8.90E+00,+6.920E+00
2,12/2/2026,10:41:05.395,-0.09E+00,-0.05E+00,+0.05E+00,-0.05E+00,+3.45E+00,+5.11E+00,-8.91E+00,+6.875E+00
2,12/2/2026,10:41:05.395,-0.09E+00,-0.05E+00,+0.05E+00,-0.05E+00,+3.57E+00,+5.01E+00,-8.93E+00,+6.829E+00
2,12/2/2026,10:41:05.395,-0.09E+00,-0.05E+00,+0.05E+00,+0.00E+00,+3.69E+00,+4.88E+00,-8.94E+00,+6.776E+00
2,12/2/2026,10:41:05.395,-0.09E+00,-0.05E+00,+0.05E+00,+0.00E+00,+3.82E+00,+4.76E+00,-8.94E+00,+6.722E+00
2,12/2/2026,10:41:05.395,-0.09E+00,-0.05E+00,+0.05E+00,+0.00E+00,+3.94E+00,+4.65E+00,-8.96E+00,+6.676E+00
2,12/2/2026,10:41:05.395,-0.09E+00,-0.05E+00,+0.05E+00,-0.05E+00,+4.06E+00,+4.55E+00,-8.96E+00,+6.623E+00
2,12/2/2026,10:41:05.395,-0.14E+00,-0.05E+00,+0.05E+00,-0.05E+00,+4.18E+00,+4.46E+00,-8.97E+00,+6.570E+00
2,12/2/2026,10:41:05.395,-0.09E+00,-0.05E+00,+0.05E+00,+0.00E+00,+4.29E+00,+4.33E+00,-8.99E+00,+6.516E+00
2,12/2/2026,10:41:05.395,-0.09E+00,-0.05E+00,+0.05E+00,+0.00E+00,+4.41E+00,+4.23E+00,-8.99E+00,+6.470E+00
2,12/2/2026,10:41:05.395,-0.09E+00,-0.05E+00,+0.05E+00,+0.00E+00,+4.53E+00,+4.10E+00,-9.00E+00,+6.417E+00
2,12/2/2026,10:41:05.395,-0.14E+00,-0.05E+00,+0.05E+00,-0.05E+00,+4.65E+00,+4.00E+00,-9.00E+00,+6.356E+00
2,12/2/2026,10:41:05.395,-0.09E+00,-0.05E+00,+0.05E+00,-0.05E+00,+4.76E+00,+3.89E+00,-9.00E+00,+6.302E+00
2,12/2/2026,10:41:05.396,-0.09E+00,-0.05E+00,+0.05E+00,+0.00E+00,+4.88E+00,+3.77E+00,-9.02E+00,+6.249E+00
2,12/2/2026,10:41:05.396,-0.09E+00,-0.05E+00,+0.05E+00,+0.00E+00,+5.01E+00,+3.66E+00,-9.02E+00,+6.188E+00
2,12/2/2026,10:41:05.396,-0.09E+00,-0.05E+00,+0.05E+00,-0.05E+00,+5.13E+00,+3.54E+00,-9.02E+00,+6.135E+00
2,12/2/2026,10:41:05.396,-0.09E+00,-0.05E+00,+0.05E+00,+0.00E+00,+5.23E+00,+3.42E+00,-9.02E+00,+6.074E+00
2,12/2/2026,10:41:05.396,-0.09E+00,-0.05E+00,+0.09E+00,+0.00E+00,+5.34E+00,+3.31E+00,-9.02E+00,+6.013E+00
2,12/2/2026,10:41:05.396,-0.09E+00,-0.05E+00,+0.05E+00,+0.00E+00,+5.46E+00,+3.19E+00,-9.02E+00,+5.951E+00
2,12/2/2026,10:41:05.396,-0.09E+00,-0.05E+00,+0.05E+00,+0.00E+00,+5.59E+00,+3.08E+00,-9.00E+00,+5.890E+00
2,12/2/2026,10:41:05.396,-0.09E+00,-0.05E+00,+0.05E+00,+0.00E+00,+5.71E+00,+2.95E+00,-9.00E+00,+5.822E+00
2,12/2/2026,10:41:05.396,-0.09E+00,-0.05E+00,+0.05E+00,+0.00E+00,+5.81E+00,+2.82E+00,-9.00E+00,+5.761E+00
2,12/2/2026,10:41:05.396,-0.09E+00,-0.05E+00,+0.05E+00,-0.05E+00,+5.94E+00,+2.70E+00,-8.99E+00,+5.692E+00
2,12/2/2026,10:41:05.396,-0.09E+00,-0.05E+00,+0.05E+00,-0.05E+00,+6.04E+00,+2.58E+00,-8.97E+00,+5.623E+00
2,12/2/2026,10:41:05.396,-0.09E+00,-0.05E+00,+0.05E+00,-0.05E+00,+6.15E+00,+2.46E+00,-8.96E+00,+5.555E+00
2,12/2/2026,10:41:05.396,-0.09E+00,-0.05E+00,+0.05E+00,-0.05E+00,+6.26E+00,+2.33E+00,-8.94E+00,+5.486E+00
2,12/2/2026,10:41:05.396,-0.09E+00,-0.05E+00,+0.05E+00,+0.00E+00,+6.36E+00,+2.21E+00,-8.93E+00,+5.410E+00
2,12/2/2026,10:41:05.396,-0.09E+00,-0.05E+00,+0.05E+00,+0.00E+00,+6.47E+00,+2.08E+00,-8.90E+00,+5.326E+00
2,12/2/2026,10:41:05.396,-0.09E+00,-0.05E+00,+0.05E+00,+0.00E+00,+6.56E+00,+1.94E+00,-8.87E+00,+5.242E+00
2,12/2/2026,10:41:05.396,-0.09E+00,-0.05E+00,+0.05E+00,-0.05E+00,+6.65E+00,+1.82E+00,-8.82E+00,+5.150E+00
2,12/2/2026,10:41:05.396,-0.09E+00,-0.05E+00,+0.05E+00,+0.00E+00,+6.73E+00,+1.66E+00,-8.76E+00,+5.059E+00
2,12/2/2026,10:41:05.396,-0.09E+00,-0.05E+00,+0.05E+00,+0.00E+00,+6.82E+00,+1.53E+00,-8.70E+00,+4.960E+00
2,12/2/2026,10:41:05.396,-0.09E+00,-0.05E+00,+0.00E+00,+0.00E+00,+6.90E+00,+1.39E+00,-8.65E+00,+4.853E+00
2,12/2/2026,10:41:05.397,-0.14E+00,-0.05E+00,+0.05E+00,+0.00E+00,+6.99E+00,+1.24E+00,-8.58E+00,+4.754E+00
2,12/2/2026,10:41:05.397,-0.09E+00,-0.05E+00,+0.05E+00,+0.00E+00,+7.07E+00,+1.10E+00,-8.52E+00,+4.647E+00
2,12/2/2026,10:41:05.397,-0.09E+00,-0.05E+00,+0.05E+00,+0.00E+00,+7.14E+00,+0.96E+00,-8.45E+00,+4.548E+00
2,12/2/2026,10:41:05.397,-0.09E+00,-0.05E+00,+0.05E+00,+0.00E+00,+7.20E+00,+0.82E+00,-8.39E+00,+4.441E+00
2,12/2/2026,10:41:05.397,-0.09E+00,-0.05E+00,+0.05E+00,+0.00E+00,+7.29E+00,+0.69E+00,-8.33E+00,+4.342E+00
2,12/2/2026,10:41:05.397,-0.09E+00,-0.05E+00,+0.05E+00,+0.00E+00,+7.36E+00,+0.55E+00,-8.26E+00,+4.242E+00
2,12/2/2026,10:41:05.397,-0.09E+00,-0.05E+00,+0.05E+00,-0.05E+00,+7.42E+00,+0.41E+00,-8.19E+00,+4.136E+00
2,12/2/2026,10:41:05.397,-0.09E+00,-0.05E+00,+0.05E+00,+0.00E+00,+7.49E+00,+0.27E+00,-8.13E+00,+4.029E+00
2,12/2/2026,10:41:05.397,-0.09E+00,-0.05E+00,+0.05E+00,+0.00E+00,+7.55E+00,+0.14E+00,-8.06E+00,+3.929E+00
2,12/2/2026,10:41:05.397,-0.09E+00,-0.05E+00,+0.05E+00,+0.00E+00,+7.61E+00,+0.00E+00,-7.98E+00,+3.823E+00
2,12/2/2026,10:41:05.397,-0.09E+00,-0.05E+00,+0.05E+00,-0.05E+00,+7.68E+00,-0.14E+00,-7.89E+00,+3.716E+00
2,12/2/2026,10:41:05.397,-0.09E+00,-0.05E+00,+0.05E+00,+0.00E+00,+7.74E+00,-0.27E+00,-7.81E+00,+3.601E+00
2,12/2/2026,10:41:05.397,-0.09E+00,-0.05E+00,+0.05E+00,+0.00E+00,+7.78E+00,-0.41E+00,-7.74E+00,+3.495E+00
2,12/2/2026,10:41:05.397,-0.09E+00,-0.05E+00,+0.05E+00,-0.05E+00,+7.83E+00,-0.55E+00,-7.65E+00,+3.373E+00
2,12/2/2026,10:41:05.397,-0.09E+00,-0.05E+00,+0.05E+00,+0.00E+00,+7.87E+00,-0.70E+00,-7.55E+00,+3.258E+00
2,12/2/2026,10:41:05.397,-0.09E+00,-0.05E+00,+0.05E+00,+0.00E+00,+7.92E+00,-0.84E+00,-7.45E+00,+3.136E+00
2,12/2/2026,10:41:05.397,-0.09E+00,-0.05E+00,+0.05E+00,-0.05E+00,+7.98E+00,-0.98E+00,-7.36E+00,+3.022E+00
2,12/2/2026,10:41:05.397,-0.09E+00,-0.05E+00,+0.05E+00,+0.00E+00,+8.01E+00,-1.13E+00,-7.25E+00,+2.899E+00
2,12/2/2026,10:41:05.397,-0.09E+00,-0.05E+00,+0.05E+00,+0.00E+00,+8.06E+00,-1.27E+00,-7.16E+00,+2.777E+00
2,12/2/2026,10:41:05.397,-0.09E+00,-0.05E+00,+0.05E+00,+0.00E+00,+8.10E+00,-1.42E+00,-7.05E+00,+2.655E+00
2,12/2/2026,10:41:05.398,-0.09E+00,-0.05E+00,+0.05E+00,-0.05E+00,+8.15E+00,-1.56E+00,-6.96E+00,+2.533E+00
2,12/2/2026,10:41:05.398,-0.09E+00,-0.05E+00,+0.05E+00,-0.05E+00,+8.19E+00,-1.69E+00,-6.85E+00,+2.411E+00
2,12/2/2026,10:41:05.398,-0.09E+00,-0.05E+00,+0.05E+00,+0.00E+00,+8.23E+00,-1.83E+00,-6.76E+00,+2.297E+00
2,12/2/2026,10:41:05.398,-0.09E+00,-0.05E+00,+0.05E+00,+0.00E+00,+8.27E+00,-1.97E+00,-6.65E+00,+2.175E+00
2,12/2/2026,10:41:05.398,-0.09E+00,-0.05E+00,+0.05E+00,-0.05E+00,+8.32E+00,-2.12E+00,-6.56E+00,+2.052E+00
2,12/2/2026,10:41:05.398,-0.09E+00,-0.05E+00,+0.05E+00,-0.05E+00,+8.35E+00,-2.26E+00,-6.46E+00,+1.930E+00
2,12/2/2026,10:41:05.398,-0.09E+00,-0.05E+00,+0.05E+00,-0.05E+00,+8.38E+00,-2.40E+00,-6.35E+00,+1.808E+00
2,12/2/2026,10:41:05.398,-0.09E+00,-0.05E+00,+0.05E+00,-0.05E+00,+8.41E+00,-2.53E+00,-6.24E+00,+1.686E+00
2,12/2/2026,10:41:05.398,-0.09E+00,-0.05E+00,+0.05E+00,-0.05E+00,+8.44E+00,-2.67E+00,-6.12E+00,+1.564E+00
2,12/2/2026,10:41:05.398,-0.09E+00,-0.05E+00,+0.05E+00,+0.00E+00,+8.47E+00,-2.81E+00,-6.03E+00,+1.442E+00
2,12/2/2026,10:41:05.398,-0.09E+00,-0.05E+00,+0.05E+00,+0.00E+00,+8.48E+00,-2.95E+00,-5.91E+00,+1.320E+00
2,12/2/2026,10:41:05.398,-0.09E+00,-0.05E+00,+0.05E+00,+0.00E+00,+8.50E+00,-3.07E+00,-5.80E+00,+1.198E+00
2,12/2/2026,10:41:05.398,-0.09E+00,-0.05E+00,+0.05E+00,-0.05E+00,+8.53E+00,-3.20E+00,-5.69E+00,+1.076E+00
2,12/2/2026,10:41:05.398,-0.09E+00,-0.05E+00,+0.05E+00,+0.00E+00,+8.55E+00,-3.34E+00,-5.57E+00,+0.954E+00
2,12/2/2026,10:41:05.398,-0.14E+00,-0.05E+00,+0.05E+00,+0.00E+00,+8.56E+00,-3.46E+00,-5.46E+00,+0.832E+00
2,12/2/2026,10:41:05.398,-0.09E+00,-0.05E+00,+0.05E+00,+0.00E+00,+8.56E+00,-3.59E+00,-5.36E+00,+0.717E+00
2,12/2/2026,10:41:05.398,-0.09E+00,-0.05E+00,+0.05E+00,+0.00E+00,+8.58E+00,-3.71E+00,-5.23E+00,+0.595E+00
2,12/2/2026,10:41:05.398,-0.09E+00,-0.05E+00,+0.05E+00,+0.00E+00,+8.59E+00,-3.85E+00,-5.13E+00,+0.473E+00
2,12/2/2026,10:41:05.398,-0.09E+00,-0.05E+00,+0.05E+00,+0.00E+00,+8.61E+00,-3.97E+00,-5.01E+00,+0.359E+00
2,12/2/2026,10:41:05.398,-0.09E+00,-0.05E+00,+0.05E+00,+0.00E+00,+8.61E+00,-4.07E+00,-4.90E+00,+0.244E+00
2,12/2/2026,10:41:05.399,-0.09E+00,-0.05E+00,+0.05E+00,+0.00E+00,+8.62E+00,-4.20E+00,-4.79E+00,+0.130E+00
2,12/2/2026,10:41:05.399,-0.09E+00,-0.05E+00,+0.05E+00,+0.00E+00,+8.62E+00,-4.30E+00,-4.68E+00,+0.015E+00
2,12/2/2026,10:41:05.399,-0.09E+00,-0.05E+00,+0.05E+00,-0.05E+00,+8.64E+00,-4.43E+00,-4.56E+00,-0.092E+00
2,12/2/2026,10:41:05.399,-0.14E+00,-0.05E+00,+0.05E+00,+0.00E+00,+8.64E+00,-4.55E+00,-4.46E+00,-0.214E+00
2,12/2/2026,10:41:05.399,-0.09E+00,-0.05E+00,+0.05E+00,+0.00E+00,+8.64E+00,-4.67E+00,-4.35E+00,-0.320E+00
2,12/2/2026,10:41:05.399,-0.09E+00,-0.05E+00,+0.05E+00,+0.00E+00,+8.64E+00,-4.78E+00,-4.24E+00,-0.435E+00
2,12/2/2026,10:41:05.399,-0.09E+00,-0.05E+00,+0.05E+00,+0.00E+00,+8.64E+00,-4.90E+00,-4.10E+00,-0.557E+00
2,12/2/2026,10:41:05.399,-0.09E+00,-0.05E+00,+0.05E+00,+0.00E+00,+8.64E+00,-5.02E+00,-3.98E+00,-0.671E+00
2,12/2/2026,10:41:05.399,-0.09E+00,-0.05E+00,+0.05E+00,-0.05E+00,+8.64E+00,-5.13E+00,-3.88E+00,-0.786E+00
2,12/2/2026,10:41:05.399,-0.09E+00,-0.05E+00,+0.05E+00,-0.05E+00,+8.64E+00,-5.23E+00,-3.75E+00,-0.908E+00
2,12/2/2026,10:41:05.399,-0.09E+00,-0.05E+00,+0.05E+00,-0.05E+00,+8.62E+00,-5.36E+00,-3.63E+00,-1.022E+00
2,12/2/2026,10:41:05.399,-0.09E+00,-0.05E+00,+0.05E+00,+0.00E+00,+8.62E+00,-5.46E+00,-3.53E+00,-1.137E+00
2,12/2/2026,10:41:05.399,-0.09E+00,-0.05E+00,+0.05E+00,+0.00E+00,+8.61E+00,-5.59E+00,-3.39E+00,-1.251E+00
2,12/2/2026,10:41:05.399,-0.09E+00,-0.05E+00,+0.05E+00,+0.00E+00,+8.59E+00,-5.69E+00,-3.27E+00,-1.366E+00
2,12/2/2026,10:41:05.399,-0.09E+00,-0.05E+00,+0.05E+00,+0.00E+00,+8.58E+00,-5.80E+00,-3.16E+00,-1.488E+00
2,12/2/2026,10:41:05.399,-0.09E+00,-0.05E+00,+0.05E+00,+0.00E+00,+8.58E+00,-5.91E+00,-3.02E+00,-1.602E+00
2,12/2/2026,10:41:05.399,-0.09E+00,-0.05E+00,+0.05E+00,+0.00E+00,+8.55E+00,-6.03E+00,-2.90E+00,-1.717E+00
2,12/2/2026,10:41:05.399,-0.09E+00,-0.05E+00,+0.05E+00,+0.00E+00,+8.52E+00,-6.13E+00,-2.76E+00,-1.839E+00
2,12/2/2026,10:41:05.399,-0.09E+00,-0.05E+00,+0.05E+00,+0.00E+00,+8.50E+00,-6.24E+00,-2.62E+00,-1.961E+00
2,12/2/2026,10:41:05.399,-0.14E+00,-0.05E+00,+0.05E+00,-0.05E+00,+8.47E+00,-6.35E+00,-2.49E+00,-2.075E+00
2,12/2/2026,10:41:05.400,-0.09E+00,-0.05E+00,+0.05E+00,-0.05E+00,+8.44E+00,-6.44E+00,-2.35E+00,-2.190E+00
2,12/2/2026,10:41:05.400,-0.09E+00,-0.05E+00,+0.05E+00,+0.00E+00,+8.39E+00,-6.53E+00,-2.23E+00,-2.304E+00
2,12/2/2026,10:41:05.400,-0.09E+00,-0.05E+00,+0.05E+00,+0.00E+00,+8.36E+00,-6.64E+00,-2.09E+00,-2.419E+00
2,12/2/2026,10:41:05.400,-0.09E+00,-0.05E+00,+0.05E+00,+0.00E+00,+8.32E+00,-6.73E+00,-1.95E+00,-2.526E+00
2,12/2/2026,10:41:05.400,-0.09E+00,-0.05E+00,+0.05E+00,+0.00E+00,+8.27E+00,-6.81E+00,-1.83E+00,-2.640E+00
2,12/2/2026,10:41:05.400,-0.09E+00,-0.05E+00,+0.05E+00,-0.05E+00,+8.21E+00,-6.90E+00,-1.69E+00,-2.747E+00
2,12/2/2026,10:41:05.400,-0.09E+00,-0.05E+00,+0.05E+00,-0.05E+00,+8.16E+00,-6.97E+00,-1.56E+00,-2.861E+00
2,12/2/2026,10:41:05.400,-0.09E+00,-0.05E+00,+0.05E+00,+0.00E+00,+8.10E+00,-7.07E+00,-1.42E+00,-2.968E+00
2,12/2/2026,10:41:05.400,-0.09E+00,-0.05E+00,+0.05E+00,+0.00E+00,+8.06E+00,-7.14E+00,-1.27E+00,-3.075E+00
2,12/2/2026,10:41:05.400,-0.09E+00,-0.05E+00,+0.05E+00,+0.00E+00,+8.00E+00,-7.22E+00,-1.13E+00,-3.189E+00
2,12/2/2026,10:41:05.400,-0.09E+00,-0.05E+00,+0.05E+00,+0.00E+00,+7.94E+00,-7.29E+00,-0.99E+00,-3.296E+00
2,12/2/2026,10:41:05.400,-0.09E+00,-0.05E+00,+0.05E+00,-0.05E+00,+7.86E+00,-7.37E+00,-0.84E+00,-3.403E+00
2,12/2/2026,10:41:05.400,-0.09E+00,-0.05E+00,+0.05E+00,-0.05E+00,+7.78E+00,-7.45E+00,-0.70E+00,-3.510E+00
2,12/2/2026,10:41:05.400,-0.09E+00,-0.05E+00,+0.05E+00,+0.00E+00,+7.72E+00,-7.52E+00,-0.56E+00,-3.617E+00
2,12/2/2026,10:41:05.400,-0.09E+00,-0.05E+00,+0.05E+00,+0.00E+00,+7.65E+00,-7.60E+00,-0.41E+00,-3.723E+00
2,12/2/2026,10:41:05.400,-0.09E+00,-0.05E+00,+0.05E+00,+0.00E+00,+7.57E+00,-7.66E+00,-0.27E+00,-3.823E+00
2,12/2/2026,10:41:05.400,-0.09E+00,-0.05E+00,+0.05E+00,+0.00E+00,+7.49E+00,-7.72E+00,-0.14E+00,-3.922E+00
2,12/2/2026,10:41:05.400,-0.09E+00,-0.05E+00,+0.05E+00,+0.00E+00,+7.42E+00,-7.78E+00,+0.02E+00,-4.029E+00
2,12/2/2026,10:41:05.400,-0.09E+00,-0.05E+00,+0.05E+00,+0.00E+00,+7.34E+00,-7.84E+00,+0.15E+00,-4.128E+00
2,12/2/2026,10:41:05.400,-0.09E+00,-0.05E+00,+0.05E+00,+0.00E+00,+7.23E+00,-7.90E+00,+0.29E+00,-4.227E+00
2,12/2/2026,10:41:05.401,-0.09E+00,-0.05E+00,+0.05E+00,-0.05E+00,+7.16E+00,-7.97E+00,+0.44E+00,-4.326E+00
2,12/2/2026,10:41:05.401,-0.09E+00,-0.05E+00,+0.05E+00,+0.00E+00,+7.07E+00,-8.01E+00,+0.58E+00,-4.425E+00
2,12/2/2026,10:41:05.401,-0.09E+00,-0.05E+00,+0.05E+00,+0.00E+00,+6.96E+00,-8.07E+00,+0.73E+00,-4.517E+00
2,12/2/2026,10:41:05.401,-0.09E+00,-0.05E+00,+0.05E+00,+0.00E+00,+6.87E+00,-8.12E+00,+0.87E+00,-4.616E+00
2,12/2/2026,10:41:05.401,-0.09E+00,-0.05E+00,+0.05E+00,+0.00E+00,+6.78E+00,-8.16E+00,+1.02E+00,-4.715E+00
2,12/2/2026,10:41:05.401,-0.09E+00,-0.05E+00,+0.00E+00,+0.00E+00,+6.68E+00,-8.21E+00,+1.16E+00,-4.807E+00
2,12/2/2026,10:41:05.401,-0.09E+00,-0.05E+00,+0.05E+00,-0.05E+00,+6.58E+00,-8.26E+00,+1.31E+00,-4.899E+00
2,12/2/2026,10:41:05.401,-0.09E+00,-0.05E+00,+0.05E+00,-0.05E+00,+6.49E+00,-8.30E+00,+1.45E+00,-4.990E+00
2,12/2/2026,10:41:05.401,-0.09E+00,-0.05E+00,+0.05E+00,+0.00E+00,+6.38E+00,-8.35E+00,+1.60E+00,-5.074E+00
2,12/2/2026,10:41:05.401,-0.09E+00,-0.05E+00,+0.05E+00,+0.00E+00,+6.27E+00,-8.38E+00,+1.74E+00,-5.166E+00
2,12/2/2026,10:41:05.401,-0.09E+00,-0.05E+00,+0.05E+00,+0.00E+00,+6.18E+00,-8.41E+00,+1.88E+00,-5.257E+00
2,12/2/2026,10:41:05.401,-0.09E+00,-0.05E+00,+0.05E+00,-0.05E+00,+6.07E+00,-8.45E+00,+2.01E+00,-5.341E+00
2,12/2/2026,10:41:05.401,-0.09E+00,-0.05E+00,+0.05E+00,-0.05E+00,+5.97E+00,-8.50E+00,+2.17E+00,-5.425E+00
2,12/2/2026,10:41:05.401,-0.09E+00,-0.05E+00,+0.05E+00,+0.00E+00,+5.86E+00,-8.53E+00,+2.30E+00,-5.509E+00
2,12/2/2026,10:41:05.401,-0.09E+00,-0.05E+00,+0.05E+00,+0.00E+00,+5.77E+00,-8.56E+00,+2.43E+00,-5.600E+00
2,12/2/2026,10:41:05.401,-0.09E+00,-0.05E+00,+0.05E+00,+0.00E+00,+5.66E+00,-8.59E+00,+2.56E+00,-5.677E+00
2,12/2/2026,10:41:05.401,-0.14E+00,-0.05E+00,+0.00E+00,-0.05E+00,+5.55E+00,-8.62E+00,+2.70E+00,-5.761E+00
2,12/2/2026,10:41:05.401,-0.09E+00,-0.05E+00,+0.05E+00,+0.00E+00,+5.45E+00,-8.65E+00,+2.85E+00,-5.845E+00
2,12/2/2026,10:41:05.401,-0.09E+00,-0.05E+00,+0.05E+00,+0.00E+00,+5.34E+00,-8.68E+00,+2.99E+00,-5.921E+00
2,12/2/2026,10:41:05.401,-0.09E+00,-0.05E+00,+0.05E+00,-0.05E+00,+5.23E+00,-8.71E+00,+3.11E+00,-5.997E+00
2,12/2/2026,10:41:05.402,-0.09E+00,-0.05E+00,+0.05E+00,+0.00E+00,+5.11E+00,-8.73E+00,+3.24E+00,-6.074E+00
2,12/2/2026,10:41:05.402,-0.09E+00,-0.05E+00,+0.05E+00,+0.00E+00,+5.01E+00,-8.74E+00,+3.37E+00,-6.150E+00
2,12/2/2026,10:41:05.402,-0.09E+00,+0.00E+00,+0.05E+00,+0.00E+00,+4.90E+00,-8.76E+00,+3.49E+00,-6.219E+00
2,12/2/2026,10:41:05.402,-0.09E+00,-0.05E+00,+0.05E+00,-0.05E+00,+4.78E+00,-8.77E+00,+3.63E+00,-6.287E+00
2,12/2/2026,10:41:05.402,-0.09E+00,-0.05E+00,+0.05E+00,+0.00E+00,+4.67E+00,-8.79E+00,+3.75E+00,-6.356E+00
2,12/2/2026,10:41:05.402,-0.09E+00,-0.05E+00,+0.05E+00,+0.00E+00,+4.55E+00,-8.81E+00,+3.88E+00,-6.425E+00
2,12/2/2026,10:41:05.402,-0.09E+00,-0.05E+00,+0.05E+00,-0.05E+00,+4.44E+00,-8.82E+00,+4.00E+00,-6.486E+00
2,12/2/2026,10:41:05.402,-0.09E+00,-0.05E+00,+0.00E+00,-0.05E+00,+4.33E+00,-8.82E+00,+4.12E+00,-6.547E+00
2,12/2/2026,10:41:05.402,-0.09E+00,-0.05E+00,+0.05E+00,+0.00E+00,+4.23E+00,-8.84E+00,+4.23E+00,-6.608E+00
2,12/2/2026,10:41:05.402,-0.09E+00,-0.05E+00,+0.05E+00,+0.00E+00,+4.12E+00,-8.84E+00,+4.35E+00,-6.669E+00
2,12/2/2026,10:41:05.402,-0.09E+00,-0.05E+00,+0.05E+00,+0.00E+00,+4.01E+00,-8.84E+00,+4.47E+00,-6.730E+00
2,12/2/2026,10:41:05.402,-0.09E+00,-0.05E+00,+0.05E+00,+0.00E+00,+3.89E+00,-8.85E+00,+4.59E+00,-6.791E+00
2,12/2/2026,10:41:05.402,-0.09E+00,-0.05E+00,+0.05E+00,+0.00E+00,+3.78E+00,-8.85E+00,+4.70E+00,-6.844E+00
2,12/2/2026,10:41:05.402,-0.09E+00,-0.05E+00,+0.05E+00,-0.05E+00,+3.66E+00,-8.87E+00,+4.82E+00,-6.905E+00
2,12/2/2026,10:41:05.402,-0.09E+00,-0.05E+00,+0.05E+00,-0.05E+00,+3.54E+00,-8.87E+00,+4.94E+00,-6.966E+00
2,12/2/2026,10:41:05.402,-0.09E+00,-0.05E+00,+0.05E+00,+0.00E+00,+3.43E+00,-8.87E+00,+5.07E+00,-7.027E+00
2,12/2/2026,10:41:05.402,-0.09E+00,-0.05E+00,+0.05E+00,+0.00E+00,+3.31E+00,-8.87E+00,+5.17E+00,-7.081E+00
2,12/2/2026,10:41:05.402,-0.09E+00,-0.05E+00,+0.05E+00,+0.00E+00,+3.20E+00,-8.87E+00,+5.30E+00,-7.134E+00
2,12/2/2026,10:41:05.402,-0.09E+00,-0.05E+00,+0.05E+00,-0.05E+00,+3.08E+00,-8.87E+00,+5.40E+00,-7.188E+00
2,12/2/2026,10:41:05.402,-0.09E+00,-0.05E+00,+0.05E+00,+0.00E+00,+2.96E+00,-8.85E+00,+5.52E+00,-7.241E+00
2,12/2/2026,10:41:05.403,-0.09E+00,-0.05E+00,+0.05E+00,-0.05E+00,+2.85E+00,-8.84E+00,+5.63E+00,-7.287E+00
2,12/2/2026,10:41:05.403,-0.09E+00,-0.05E+00,+0.05E+00,-0.05E+00,+2.72E+00,-8.84E+00,+5.75E+00,-7.333E+00
2,12/2/2026,10:41:05.403,-0.09E+00,-0.05E+00,+0.05E+00,+0.00E+00,+2.59E+00,-8.82E+00,+5.86E+00,-7.378E+00
2,12/2/2026,10:41:05.403,-0.09E+00,-0.05E+00,+0.05E+00,-0.05E+00,+2.46E+00,-8.79E+00,+5.97E+00,-7.424E+00
2,12/2/2026,10:41:05.403,-0.14E+00,-0.05E+00,+0.05E+00,-0.05E+00,+2.33E+00,-8.77E+00,+6.07E+00,-7.462E+00
2,12/2/2026,10:41:05.403,-0.09E+00,-0.05E+00,+0.05E+00,+0.00E+00,+2.20E+00,-8.74E+00,+6.17E+00,-7.500E+00
2,12/2/2026,10:41:05.403,-0.09E+00,-0.05E+00,+0.05E+00,+0.00E+00,+2.08E+00,-8.71E+00,+6.27E+00,-7.531E+00
2,12/2/2026,10:41:05.403,-0.09E+00,-0.05E+00,+0.05E+00,-0.05E+00,+1.94E+00,-8.68E+00,+6.38E+00,-7.554E+00
2,12/2/2026,10:41:05.403,-0.09E+00,-0.05E+00,+0.05E+00,-0.05E+00,+1.80E+00,-8.64E+00,+6.46E+00,-7.584E+00
2,12/2/2026,10:41:05.403,-0.09E+00,-0.05E+00,+0.05E+00,+0.00E+00,+1.68E+00,-8.59E+00,+6.55E+00,-7.607E+00
2,12/2/2026,10:41:05.403,-0.09E+00,-0.05E+00,+0.05E+00,+0.00E+00,+1.54E+00,-8.55E+00,+6.64E+00,-7.622E+00
2,12/2/2026,10:41:05.403,-0.09E+00,-0.05E+00,+0.05E+00,+0.00E+00,+1.40E+00,-8.50E+00,+6.71E+00,-7.638E+00
2,12/2/2026,10:41:05.403,-0.09E+00,-0.05E+00,+0.05E+00,+0.00E+00,+1.27E+00,-8.44E+00,+6.81E+00,-7.653E+00
2,12/2/2026,10:41:05.403,-0.09E+00,-0.05E+00,+0.05E+00,+0.00E+00,+1.13E+00,-8.39E+00,+6.88E+00,-7.668E+00
2,12/2/2026,10:41:05.403,-0.09E+00,-0.05E+00,+0.05E+00,+0.00E+00,+0.99E+00,-8.33E+00,+6.97E+00,-7.676E+00
2,12/2/2026,10:41:05.403,-0.09E+00,-0.05E+00,+0.05E+00,+0.00E+00,+0.85E+00,-8.27E+00,+7.05E+00,-7.684E+00
2,12/2/2026,10:41:05.403,-0.09E+00,-0.05E+00,+0.05E+00,+0.00E+00,+0.72E+00,-8.21E+00,+7.11E+00,-7.676E+00
2,12/2/2026,10:41:05.403,-0.09E+00,-0.05E+00,+0.05E+00,-0.05E+00,+0.56E+00,-8.13E+00,+7.19E+00,-7.684E+00
2,12/2/2026,10:41:05.403,-0.09E+00,-0.05E+00,+0.05E+00,-0.05E+00,+0.43E+00,-8.06E+00,+7.26E+00,-7.676E+00
2,12/2/2026,10:41:05.403,-0.14E+00,-0.05E+00,+0.05E+00,+0.00E+00,+0.29E+00,-7.98E+00,+7.32E+00,-7.668E+00
2,12/2/2026,10:41:05.404,-0.14E+00,-0.05E+00,+0.05E+00,-0.05E+00,+0.14E+00,-7.90E+00,+7.40E+00,-7.668E+00
2,12/2/2026,10:41:05.404,-0.09E+00,-0.05E+00,+0.05E+00,-0.05E+00,-0.02E+00,-7.83E+00,+7.46E+00,-7.661E+00
2,12/2/2026,10:41:05.404,-0.09E+00,-0.05E+00,+0.05E+00,+0.00E+00,-0.15E+00,-7.75E+00,+7.52E+00,-7.653E+00
2,12/2/2026,10:41:05.404,-0.09E+00,-0.05E+00,+0.05E+00,+0.00E+00,-0.29E+00,-7.68E+00,+7.58E+00,-7.645E+00
2,12/2/2026,10:41:05.404,-0.09E+00,-0.05E+00,+0.05E+00,-0.05E+00,-0.43E+00,-7.58E+00,+7.66E+00,-7.630E+00
2,12/2/2026,10:41:05.404,-0.09E+00,-0.05E+00,+0.05E+00,-0.05E+00,-0.58E+00,-7.51E+00,+7.71E+00,-7.622E+00
2,12/2/2026,10:41:05.404,-0.09E+00,-0.05E+00,+0.05E+00,-0.05E+00,-0.72E+00,-7.43E+00,+7.77E+00,-7.607E+00
2,12/2/2026,10:41:05.404,-0.09E+00,-0.05E+00,+0.05E+00,-0.05E+00,-0.87E+00,-7.34E+00,+7.83E+00,-7.592E+00
2,12/2/2026,10:41:05.404,-0.09E+00,-0.05E+00,+0.05E+00,+0.00E+00,-1.02E+00,-7.25E+00,+7.89E+00,-7.577E+00
2,12/2/2026,10:41:05.404,-0.09E+00,-0.05E+00,+0.05E+00,+0.00E+00,-1.18E+00,-7.16E+00,+7.95E+00,-7.554E+00
2,12/2/2026,10:41:05.404,-0.09E+00,-0.05E+00,+0.05E+00,+0.00E+00,-1.31E+00,-7.08E+00,+8.01E+00,-7.539E+00
2,12/2/2026,10:41:05.404,-0.09E+00,-0.05E+00,+0.05E+00,-0.05E+00,-1.45E+00,-6.97E+00,+8.06E+00,-7.516E+00
2,12/2/2026,10:41:05.404,-0.09E+00,-0.05E+00,+0.00E+00,-0.05E+00,-1.60E+00,-6.88E+00,+8.10E+00,-7.493E+00
2,12/2/2026,10:41:05.404,-0.09E+00,-0.05E+00,+0.05E+00,+0.00E+00,-1.74E+00,-6.79E+00,+8.15E+00,-7.470E+00
2,12/2/2026,10:41:05.404,-0.09E+00,-0.05E+00,+0.00E+00,-0.05E+00,-1.88E+00,-6.70E+00,+8.19E+00,-7.439E+00
2,12/2/2026,10:41:05.404,-0.09E+00,-0.05E+00,+0.05E+00,-0.05E+00,-2.01E+00,-6.59E+00,+8.24E+00,-7.409E+00
2,12/2/2026,10:41:05.404,-0.14E+00,-0.05E+00,+0.05E+00,-0.05E+00,-2.15E+00,-6.50E+00,+8.27E+00,-7.378E+00
2,12/2/2026,10:41:05.404,-0.09E+00,-0.05E+00,+0.05E+00,+0.00E+00,-2.29E+00,-6.39E+00,+8.30E+00,-7.340E+00
2,12/2/2026,10:41:05.404,-0.09E+00,-0.05E+00,+0.05E+00,+0.00E+00,-2.43E+00,-6.30E+00,+8.35E+00,-7.310E+00
2,12/2/2026,10:41:05.404,-0.09E+00,-0.05E+00,+0.05E+00,+0.00E+00,-2.56E+00,-6.20E+00,+8.38E+00,-7.271E+00
2,12/2/2026,10:41:05.405,-0.09E+00,-0.05E+00,+0.05E+00,+0.00E+00,-2.70E+00,-6.09E+00,+8.41E+00,-7.233E+00
2,12/2/2026,10:41:05.405,-0.09E+00,-0.05E+00,+0.05E+00,-0.05E+00,-2.82E+00,-5.98E+00,+8.44E+00,-7.195E+00
2,12/2/2026,10:41:05.405,-0.09E+00,-0.05E+00,+0.05E+00,-0.05E+00,-2.96E+00,-5.88E+00,+8.45E+00,-7.157E+00
2,12/2/2026,10:41:05.405,-0.09E+00,-0.05E+00,+0.05E+00,+0.00E+00,-3.10E+00,-5.78E+00,+8.48E+00,-7.111E+00
2,12/2/2026,10:41:05.405,-0.09E+00,-0.05E+00,+0.05E+00,+0.00E+00,-3.22E+00,-5.68E+00,+8.52E+00,-7.073E+00
2,12/2/2026,10:41:05.405,-0.09E+00,-0.05E+00,+0.05E+00,+0.00E+00,-3.36E+00,-5.55E+00,+8.53E+00,-7.027E+00
2,12/2/2026,10:41:05.405,-0.09E+00,-0.05E+00,+0.05E+00,+0.00E+00,-3.48E+00,-5.45E+00,+8.56E+00,-6.982E+00
2,12/2/2026,10:41:05.405,-0.09E+00,-0.05E+00,+0.05E+00,-0.05E+00,-3.60E+00,-5.34E+00,+8.58E+00,-6.936E+00
2,12/2/2026,10:41:05.405,-0.09E+00,-0.05E+00,+0.05E+00,-0.05E+00,-3.74E+00,-5.23E+00,+8.59E+00,-6.890E+00
2,12/2/2026,10:41:05.405,-0.09E+00,-0.05E+00,+0.05E+00,+0.00E+00,-3.86E+00,-5.13E+00,+8.61E+00,-6.837E+00
2,12/2/2026,10:41:05.405,-0.09E+00,-0.05E+00,+0.05E+00,+0.00E+00,-3.98E+00,-5.01E+00,+8.62E+00,-6.791E+00
2,12/2/2026,10:41:05.405,-0.09E+00,-0.05E+00,+0.05E+00,+0.00E+00,-4.10E+00,-4.90E+00,+8.62E+00,-6.737E+00
2,12/2/2026,10:41:05.405,-0.09E+00,-0.05E+00,+0.05E+00,-0.05E+00,-4.23E+00,-4.79E+00,+8.64E+00,-6.684E+00
2,12/2/2026,10:41:05.405,-0.14E+00,-0.05E+00,+0.05E+00,-0.05E+00,-4.35E+00,-4.68E+00,+8.65E+00,-6.631E+00
2,12/2/2026,10:41:05.405,-0.09E+00,-0.05E+00,+0.05E+00,+0.00E+00,-4.46E+00,-4.56E+00,+8.65E+00,-6.585E+00
2,12/2/2026,10:41:05.405,-0.09E+00,-0.05E+00,+0.05E+00,+0.00E+00,-4.59E+00,-4.46E+00,+8.67E+00,-6.531E+00
2,12/2/2026,10:41:05.405,-0.09E+00,-0.05E+00,+0.05E+00,+0.00E+00,-4.72E+00,-4.35E+00,+8.67E+00,-6.478E+00
2,12/2/2026,10:41:05.405,-0.09E+00,-0.05E+00,+0.05E+00,+0.00E+00,-4.82E+00,-4.23E+00,+8.68E+00,-6.417E+00
2,12/2/2026,10:41:05.405,-0.09E+00,-0.05E+00,+0.05E+00,+0.00E+00,-4.94E+00,-4.12E+00,+8.68E+00,-6.371E+00
2,12/2/2026,10:41:05.405,-0.09E+00,-0.05E+00,+0.05E+00,+0.00E+00,-5.07E+00,-4.01E+00,+8.68E+00,-6.310E+00
2,12/2/2026,10:41:05.406,-0.09E+00,-0.05E+00,+0.05E+00,+0.00E+00,-5.17E+00,-3.89E+00,+8.68E+00,-6.257E+00
2,12/2/2026,10:41:05.406,-0.09E+00,-0.05E+00,+0.05E+00,+0.00E+00,-5.28E+00,-3.78E+00,+8.68E+00,-6.203E+00
2,12/2/2026,10:41:05.406,-0.09E+00,-0.05E+00,+0.05E+00,-0.05E+00,-5.40E+00,-3.68E+00,+8.70E+00,-6.150E+00
2,12/2/2026,10:41:05.406,-0.09E+00,-0.05E+00,+0.05E+00,-0.05E+00,-5.52E+00,-3.56E+00,+8.70E+00,-6.089E+00
2,12/2/2026,10:41:05.406,-0.09E+00,-0.05E+00,+0.05E+00,-0.05E+00,-5.63E+00,-3.43E+00,+8.70E+00,-6.028E+00
2,12/2/2026,10:41:05.406,-0.09E+00,-0.05E+00,+0.05E+00,-0.05E+00,-5.75E+00,-3.33E+00,+8.68E+00,-5.967E+00
2,12/2/2026,10:41:05.406,-0.09E+00,-0.05E+00,+0.05E+00,+0.00E+00,-5.86E+00,-3.19E+00,+8.68E+00,-5.898E+00
2,12/2/2026,10:41:05.406,-0.09E+00,-0.05E+00,+0.05E+00,+0.00E+00,-5.98E+00,-3.07E+00,+8.68E+00,-5.829E+00
2,12/2/2026,10:41:05.406,-0.09E+00,-0.05E+00,+0.05E+00,+0.00E+00,-6.10E+00,-2.95E+00,+8.67E+00,-5.768E+00
2,12/2/2026,10:41:05.406,-0.09E+00,-0.05E+00,+0.05E+00,+0.00E+00,-6.21E+00,-2.82E+00,+8.67E+00,-5.700E+00
2,12/2/2026,10:41:05.406,-0.09E+00,-0.05E+00,+0.05E+00,+0.00E+00,-6.32E+00,-2.70E+00,+8.65E+00,-5.631E+00
2,12/2/2026,10:41:05.406,-0.09E+00,-0.05E+00,+0.05E+00,+0.00E+00,-6.44E+00,-2.58E+00,+8.64E+00,-5.562E+00
2,12/2/2026,10:41:05.406,-0.09E+00,-0.05E+00,+0.05E+00,-0.05E+00,-6.53E+00,-2.46E+00,+8.62E+00,-5.494E+00
2,12/2/2026,10:41:05.406,-0.09E+00,-0.05E+00,+0.05E+00,-0.05E+00,-6.64E+00,-2.33E+00,+8.61E+00,-5.417E+00
2,12/2/2026,10:41:05.406,-0.09E+00,-0.05E+00,+0.05E+00,-0.05E+00,-6.75E+00,-2.21E+00,+8.58E+00,-5.341E+00
2,12/2/2026,10:41:05.406,-0.09E+00,-0.05E+00,+0.05E+00,-0.05E+00,-6.84E+00,-2.08E+00,+8.53E+00,-5.257E+00
2,12/2/2026,10:41:05.406,-0.09E+00,-0.05E+00,+0.05E+00,-0.05E+00,-6.93E+00,-1.94E+00,+8.50E+00,-5.166E+00
2,12/2/2026,10:41:05.406,-0.09E+00,-0.05E+00,+0.05E+00,+0.00E+00,-7.02E+00,-1.80E+00,+8.44E+00,-5.074E+00
2,12/2/2026,10:41:05.406,-0.09E+00,-0.05E+00,+0.05E+00,+0.00E+00,-7.10E+00,-1.66E+00,+8.38E+00,-4.967E+00
2,12/2/2026,10:41:05.406,-0.09E+00,-0.05E+00,+0.05E+00,-0.05E+00,-7.19E+00,-1.51E+00,+8.32E+00,-4.860E+00
2,12/2/2026,10:41:05.407,-0.09E+00,-0.05E+00,+0.05E+00,-0.05E+00,-7.26E+00,-1.37E+00,+8.26E+00,-4.761E+00
2,12/2/2026,10:41:05.407,-0.09E+00,-0.05E+00,+0.05E+00,-0.05E+00,-7.34E+00,-1.24E+00,+8.19E+00,-4.662E+00
2,12/2/2026,10:41:05.407,-0.09E+00,-0.05E+00,+0.05E+00,-0.05E+00,-7.40E+00,-1.08E+00,+8.13E+00,-4.555E+00
2,12/2/2026,10:41:05.407,-0.09E+00,-0.05E+00,+0.05E+00,+0.00E+00,-7.49E+00,-0.95E+00,+8.07E+00,-4.456E+00
2,12/2/2026,10:41:05.407,-0.09E+00,-0.05E+00,+0.05E+00,+0.00E+00,-7.57E+00,-0.81E+00,+8.01E+00,-4.357E+00
2,12/2/2026,10:41:05.407,-0.09E+00,-0.05E+00,+0.05E+00,-0.05E+00,-7.63E+00,-0.67E+00,+7.94E+00,-4.250E+00
2,12/2/2026,10:41:05.407,-0.09E+00,-0.05E+00,+0.05E+00,-0.05E+00,-7.71E+00,-0.53E+00,+7.86E+00,-4.151E+00
2,12/2/2026,10:41:05.407,-0.09E+00,-0.05E+00,+0.05E+00,+0.00E+00,-7.77E+00,-0.40E+00,+7.80E+00,-4.044E+00
2,12/2/2026,10:41:05.407,-0.09E+00,-0.05E+00,+0.05E+00,-0.05E+00,-7.84E+00,-0.27E+00,+7.72E+00,-3.937E+00
2,12/2/2026,10:41:05.407,-0.09E+00,-0.05E+00,+0.05E+00,+0.00E+00,-7.90E+00,-0.14E+00,+7.65E+00,-3.838E+00
2,12/2/2026,10:41:05.407,-0.14E+00,-0.05E+00,+0.05E+00,+0.00E+00,-7.95E+00,+0.02E+00,+7.57E+00,-3.723E+00
2,12/2/2026,10:41:05.407,-0.09E+00,-0.05E+00,+0.05E+00,-0.05E+00,-8.00E+00,+0.15E+00,+7.49E+00,-3.617E+00
2,12/2/2026,10:41:05.407,-0.09E+00,-0.05E+00,+0.05E+00,-0.05E+00,-8.06E+00,+0.27E+00,+7.40E+00,-3.502E+00
2,12/2/2026,10:41:05.407,-0.09E+00,-0.05E+00,+0.05E+00,-0.05E+00,-8.10E+00,+0.41E+00,+7.31E+00,-3.388E+00
2,12/2/2026,10:41:05.407,-0.09E+00,-0.05E+00,+0.05E+00,+0.00E+00,-8.15E+00,+0.56E+00,+7.22E+00,-3.266E+00
2,12/2/2026,10:41:05.407,-0.09E+00,-0.05E+00,+0.05E+00,+0.00E+00,-8.19E+00,+0.72E+00,+7.13E+00,-3.144E+00
2,12/2/2026,10:41:05.407,-0.14E+00,-0.05E+00,+0.05E+00,+0.00E+00,-8.24E+00,+0.85E+00,+7.02E+00,-3.022E+00
2,12/2/2026,10:41:05.407,-0.14E+00,-0.05E+00,+0.05E+00,-0.05E+00,-8.29E+00,+1.01E+00,+6.91E+00,-2.899E+00
2,12/2/2026,10:41:05.407,-0.09E+00,-0.05E+00,+0.05E+00,+0.00E+00,-8.33E+00,+1.16E+00,+6.82E+00,-2.777E+00
2,12/2/2026,10:41:05.407,-0.09E+00,-0.05E+00,+0.05E+00,+0.00E+00,-8.38E+00,+1.30E+00,+6.71E+00,-2.655E+00
2,12/2/2026,10:41:05.408,-0.09E+00,-0.05E+00,+0.05E+00,+0.00E+00,-8.42E+00,+1.43E+00,+6.62E+00,-2.541E+00
2,12/2/2026,10:41:05.408,-0.09E+00,-0.05E+00,+0.05E+00,-0.05E+00,-8.47E+00,+1.57E+00,+6.53E+00,-2.419E+00
2,12/2/2026,10:41:05.408,-0.09E+00,-0.05E+00,+0.05E+00,-0.05E+00,-8.50E+00,+1.72E+00,+6.42E+00,-2.297E+00
2,12/2/2026,10:41:05.408,-0.09E+00,-0.05E+00,+0.05E+00,+0.00E+00,-8.55E+00,+1.86E+00,+6.32E+00,-2.175E+00
2,12/2/2026,10:41:05.408,-0.09E+00,-0.05E+00,+0.05E+00,+0.00E+00,-8.58E+00,+2.00E+00,+6.21E+00,-2.052E+00
2,12/2/2026,10:41:05.408,-0.09E+00,-0.05E+00,+0.00E+00,+0.00E+00,-8.62E+00,+2.14E+00,+6.12E+00,-1.930E+00
2,12/2/2026,10:41:05.408,-0.09E+00,-0.05E+00,+0.00E+00,+0.00E+00,-8.65E+00,+2.27E+00,+6.01E+00,-1.808E+00
2,12/2/2026,10:41:05.408,-0.09E+00,-0.05E+00,+0.05E+00,+0.00E+00,-8.68E+00,+2.41E+00,+5.89E+00,-1.686E+00
2,12/2/2026,10:41:05.408,-0.09E+00,-0.05E+00,+0.05E+00,+0.00E+00,-8.70E+00,+2.56E+00,+5.78E+00,-1.564E+00
2,12/2/2026,10:41:05.408,-0.09E+00,-0.05E+00,+0.05E+00,-0.05E+00,-8.73E+00,+2.69E+00,+5.68E+00,-1.442E+00
2,12/2/2026,10:41:05.408,-0.09E+00,-0.05E+00,+0.05E+00,+0.00E+00,-8.76E+00,+2.82E+00,+5.57E+00,-1.320E+00
2,12/2/2026,10:41:05.408,-0.09E+00,-0.05E+00,+0.00E+00,+0.00E+00,-8.77E+00,+2.96E+00,+5.45E+00,-1.198E+00
2,12/2/2026,10:41:05.408,-0.09E+00,-0.05E+00,+0.05E+00,+0.00E+00,-8.79E+00,+3.08E+00,+5.34E+00,-1.076E+00
2,12/2/2026,10:41:05.408,-0.09E+00,-0.05E+00,+0.05E+00,+0.00E+00,-8.81E+00,+3.22E+00,+5.23E+00,-0.954E+00
2,12/2/2026,10:41:05.408,-0.09E+00,-0.05E+00,+0.05E+00,+0.00E+00,-8.82E+00,+3.34E+00,+5.11E+00,-0.832E+00
2,12/2/2026,10:41:05.408,-0.09E+00,-0.05E+00,+0.05E+00,+0.00E+00,-8.84E+00,+3.46E+00,+5.01E+00,-0.717E+00
2,12/2/2026,10:41:05.408,-0.09E+00,-0.05E+00,+0.05E+00,+0.00E+00,-8.85E+00,+3.60E+00,+4.88E+00,-0.595E+00
2,12/2/2026,10:41:05.408,-0.09E+00,-0.05E+00,+0.05E+00,+0.00E+00,-8.87E+00,+3.72E+00,+4.78E+00,-0.473E+00
2,12/2/2026,10:41:05.408,-0.14E+00,-0.05E+00,+0.05E+00,+0.00E+00,-8.87E+00,+3.85E+00,+4.65E+00,-0.359E+00
2,12/2/2026,10:41:05.408,-0.14E+00,-0.05E+00,+0.05E+00,+0.00E+00,-8.88E+00,+3.97E+00,+4.55E+00,-0.244E+00
2,12/2/2026,10:41:05.409,-0.09E+00,-0.05E+00,+0.05E+00,+0.00E+00,-8.90E+00,+4.07E+00,+4.44E+00,-0.130E+00
2,12/2/2026,10:41:05.409,-0.09E+00,-0.05E+00,+0.05E+00,+0.00E+00,-8.90E+00,+4.20E+00,+4.33E+00,-0.023E+00
2,12/2/2026,10:41:05.409,-0.09E+00,-0.05E+00,+0.05E+00,+0.00E+00,-8.90E+00,+4.32E+00,+4.23E+00,+0.092E+00
2,12/2/2026,10:41:05.409,-0.09E+00,-0.05E+00,+0.05E+00,-0.05E+00,-8.90E+00,+4.43E+00,+4.10E+00,+0.206E+00
2,12/2/2026,10:41:05.409,-0.09E+00,-0.05E+00,+0.05E+00,-0.05E+00,-8.90E+00,+4.55E+00,+4.00E+00,+0.320E+00
2,12/2/2026,10:41:05.409,-0.09E+00,-0.05E+00,+0.05E+00,-0.05E+00,-8.90E+00,+4.67E+00,+3.89E+00,+0.435E+00
2,12/2/2026,10:41:05.409,-0.09E+00,-0.05E+00,+0.05E+00,+0.00E+00,-8.90E+00,+4.78E+00,+3.77E+00,+0.557E+00
2,12/2/2026,10:41:05.409,-0.09E+00,-0.05E+00,+0.05E+00,-0.05E+00,-8.90E+00,+4.90E+00,+3.65E+00,+0.671E+00
2,12/2/2026,10:41:05.409,-0.09E+00,-0.05E+00,+0.05E+00,-0.05E+00,-8.90E+00,+5.01E+00,+3.54E+00,+0.786E+00
2,12/2/2026,10:41:05.409,-0.09E+00,-0.05E+00,+0.05E+00,+0.00E+00,-8.90E+00,+5.13E+00,+3.42E+00,+0.900E+00
2,12/2/2026,10:41:05.409,-0.09E+00,-0.05E+00,+0.05E+00,-0.05E+00,-8.88E+00,+5.23E+00,+3.30E+00,+1.015E+00
2,12/2/2026,10:41:05.409,-0.09E+00,-0.05E+00,+0.05E+00,+0.00E+00,-8.88E+00,+5.34E+00,+3.19E+00,+1.129E+00
2,12/2/2026,10:41:05.409,-0.09E+00,-0.05E+00,+0.05E+00,+0.00E+00,-8.88E+00,+5.46E+00,+3.07E+00,+1.244E+00
2,12/2/2026,10:41:05.409,-0.09E+00,-0.05E+00,+0.05E+00,+0.00E+00,-8.87E+00,+5.57E+00,+2.93E+00,+1.358E+00
2,12/2/2026,10:41:05.409,-0.09E+00,-0.05E+00,+0.05E+00,-0.05E+00,-8.85E+00,+5.68E+00,+2.81E+00,+1.480E+00
2,12/2/2026,10:41:05.409,-0.09E+00,-0.05E+00,+0.05E+00,+0.00E+00,-8.84E+00,+5.78E+00,+2.69E+00,+1.602E+00
2,12/2/2026,10:41:05.409,-0.09E+00,-0.05E+00,+0.05E+00,+0.00E+00,-8.81E+00,+5.91E+00,+2.55E+00,+1.717E+00
2,12/2/2026,10:41:05.409,-0.09E+00,-0.05E+00,+0.05E+00,+0.00E+00,-8.77E+00,+6.01E+00,+2.41E+00,+1.839E+00
2,12/2/2026,10:41:05.409,-0.09E+00,-0.05E+00,+0.00E+00,+0.00E+00,-8.76E+00,+6.12E+00,+2.27E+00,+1.953E+00
2,12/2/2026,10:41:05.409,-0.09E+00,-0.05E+00,+0.05E+00,-0.05E+00,-8.73E+00,+6.23E+00,+2.14E+00,+2.075E+00
2,12/2/2026,10:41:05.410,-0.09E+00,-0.09E+00,+0.05E+00,-0.05E+00,-8.68E+00,+6.32E+00,+2.00E+00,+2.190E+00
2,12/2/2026,10:41:05.410,-0.14E+00,-0.05E+00,+0.05E+00,-0.05E+00,-8.65E+00,+6.41E+00,+1.88E+00,+2.304E+00
2,12/2/2026,10:41:05.410,-0.09E+00,-0.05E+00,+0.05E+00,-0.05E+00,-8.62E+00,+6.50E+00,+1.75E+00,+2.419E+00
2,12/2/2026,10:41:05.410,-0.09E+00,-0.05E+00,+0.05E+00,+0.00E+00,-8.58E+00,+6.59E+00,+1.62E+00,+2.526E+00
2,12/2/2026,10:41:05.410,-0.09E+00,-0.05E+00,+0.05E+00,+0.00E+00,-8.53E+00,+6.68E+00,+1.48E+00,+2.632E+00
2,12/2/2026,10:41:05.410,-0.14E+00,-0.05E+00,+0.05E+00,+0.00E+00,-8.48E+00,+6.78E+00,+1.34E+00,+2.747E+00
2,12/2/2026,10:41:05.410,-0.09E+00,-0.05E+00,+0.05E+00,-0.05E+00,-8.42E+00,+6.85E+00,+1.21E+00,+2.854E+00
2,12/2/2026,10:41:05.410,-0.09E+00,-0.05E+00,+0.05E+00,+0.00E+00,-8.38E+00,+6.93E+00,+1.07E+00,+2.960E+00
2,12/2/2026,10:41:05.410,-0.09E+00,-0.09E+00,+0.05E+00,+0.00E+00,-8.32E+00,+7.02E+00,+0.93E+00,+3.067E+00
2,12/2/2026,10:41:05.410,-0.09E+00,-0.05E+00,+0.05E+00,+0.00E+00,-8.24E+00,+7.10E+00,+0.79E+00,+3.174E+00
2,12/2/2026,10:41:05.410,-0.09E+00,-0.05E+00,+0.05E+00,-0.05E+00,-8.18E+00,+7.17E+00,+0.64E+00,+3.289E+00
2,12/2/2026,10:41:05.410,-0.09E+00,-0.05E+00,+0.05E+00,-0.05E+00,-8.10E+00,+7.25E+00,+0.50E+00,+3.395E+00
2,12/2/2026,10:41:05.410,-0.09E+00,-0.05E+00,+0.05E+00,+0.00E+00,-8.04E+00,+7.32E+00,+0.35E+00,+3.502E+00
2,12/2/2026,10:41:05.410,-0.09E+00,-0.05E+00,+0.05E+00,+0.00E+00,-7.97E+00,+7.39E+00,+0.20E+00,+3.609E+00
2,12/2/2026,10:41:05.410,-0.09E+00,-0.05E+00,+0.05E+00,+0.00E+00,-7.89E+00,+7.46E+00,+0.08E+00,+3.716E+00
2,12/2/2026,10:41:05.410,-0.09E+00,-0.05E+00,+0.05E+00,-0.05E+00,-7.81E+00,+7.52E+00,-0.06E+00,+3.815E+00
2,12/2/2026,10:41:05.410,-0.09E+00,-0.05E+00,+0.05E+00,+0.00E+00,-7.75E+00,+7.58E+00,-0.21E+00,+3.914E+00
2,12/2/2026,10:41:05.410,-0.09E+00,-0.05E+00,+0.05E+00,-0.05E+00,-7.68E+00,+7.65E+00,-0.35E+00,+4.013E+00
2,12/2/2026,10:41:05.410,-0.09E+00,-0.05E+00,+0.00E+00,-0.05E+00,-7.58E+00,+7.71E+00,-0.49E+00,+4.113E+00
2,12/2/2026,10:41:05.410,-0.09E+00,-0.05E+00,+0.05E+00,+0.00E+00,-7.49E+00,+7.77E+00,-0.64E+00,+4.212E+00
2,12/2/2026,10:41:05.411,-0.09E+00,-0.05E+00,+0.05E+00,+0.00E+00,-7.40E+00,+7.83E+00,-0.78E+00,+4.311E+00
2,12/2/2026,10:41:05.411,-0.09E+00,-0.05E+00,+0.05E+00,-0.05E+00,-7.31E+00,+7.87E+00,-0.93E+00,+4.410E+00
2,12/2/2026,10:41:05.411,-0.09E+00,-0.05E+00,+0.05E+00,-0.05E+00,-7.22E+00,+7.94E+00,-1.08E+00,+4.509E+00
2,12/2/2026,10:41:05.411,-0.09E+00,-0.05E+00,+0.05E+00,-0.05E+00,-7.11E+00,+7.98E+00,-1.22E+00,+4.609E+00
2,12/2/2026,10:41:05.411,-0.09E+00,-0.05E+00,+0.05E+00,-0.05E+00,-7.02E+00,+8.03E+00,-1.37E+00,+4.700E+00
2,12/2/2026,10:41:05.411,-0.09E+00,-0.05E+00,+0.05E+00,-0.05E+00,-6.93E+00,+8.07E+00,-1.51E+00,+4.799E+00
2,12/2/2026,10:41:05.411,-0.09E+00,-0.05E+00,+0.05E+00,+0.00E+00,-6.82E+00,+8.12E+00,-1.65E+00,+4.891E+00
2,12/2/2026,10:41:05.411,-0.09E+00,-0.05E+00,+0.05E+00,+0.00E+00,-6.73E+00,+8.16E+00,-1.80E+00,+4.975E+00
2,12/2/2026,10:41:05.411,-0.09E+00,-0.05E+00,+0.05E+00,+0.00E+00,-6.64E+00,+8.21E+00,-1.94E+00,+5.066E+00
2,12/2/2026,10:41:05.411,-0.09E+00,-0.05E+00,+0.05E+00,+0.00E+00,-6.53E+00,+8.24E+00,-2.08E+00,+5.158E+00
2,12/2/2026,10:41:05.411,-0.09E+00,-0.05E+00,+0.05E+00,+0.00E+00,-6.42E+00,+8.29E+00,-2.21E+00,+5.242E+00
2,12/2/2026,10:41:05.411,-0.09E+00,-0.05E+00,+0.05E+00,-0.05E+00,-6.32E+00,+8.32E+00,-2.37E+00,+5.333E+00
2,12/2/2026,10:41:05.411,-0.09E+00,-0.05E+00,+0.05E+00,-0.05E+00,-6.21E+00,+8.35E+00,-2.50E+00,+5.417E+00
2,12/2/2026,10:41:05.411,-0.09E+00,-0.05E+00,+0.05E+00,-0.05E+00,-6.10E+00,+8.39E+00,-2.64E+00,+5.501E+00
2,12/2/2026,10:41:05.411,-0.09E+00,-0.05E+00,+0.05E+00,-0.05E+00,-6.01E+00,+8.41E+00,-2.78E+00,+5.585E+00
2,12/2/2026,10:41:05.411,-0.09E+00,-0.05E+00,+0.05E+00,-0.05E+00,-5.91E+00,+8.45E+00,-2.91E+00,+5.669E+00
2,12/2/2026,10:41:05.411,-0.09E+00,-0.05E+00,+0.05E+00,+0.00E+00,-5.80E+00,+8.48E+00,-3.05E+00,+5.753E+00
2,12/2/2026,10:41:05.411,-0.09E+00,-0.05E+00,+0.05E+00,+0.00E+00,-5.69E+00,+8.52E+00,-3.19E+00,+5.829E+00
2,12/2/2026,10:41:05.411,-0.09E+00,-0.05E+00,+0.05E+00,-0.05E+00,-5.59E+00,+8.53E+00,-3.33E+00,+5.913E+00
2,12/2/2026,10:41:05.411,-0.09E+00,-0.05E+00,+0.05E+00,+0.00E+00,-5.48E+00,+8.56E+00,-3.45E+00,+5.982E+00
2,12/2/2026,10:41:05.412,-0.09E+00,-0.05E+00,+0.05E+00,+0.00E+00,-5.36E+00,+8.58E+00,-3.59E+00,+6.058E+00
2,12/2/2026,10:41:05.412,-0.09E+00,-0.05E+00,+0.05E+00,-0.05E+00,-5.25E+00,+8.61E+00,-3.71E+00,+6.135E+00
2,12/2/2026,10:41:05.412,-0.09E+00,-0.05E+00,+0.05E+00,-0.05E+00,-5.14E+00,+8.62E+00,-3.85E+00,+6.211E+00
2,12/2/2026,10:41:05.412,-0.09E+00,-0.05E+00,+0.05E+00,-0.05E+00,-5.04E+00,+8.64E+00,-3.97E+00,+6.280E+00
2,12/2/2026,10:41:05.412,-0.09E+00,-0.05E+00,+0.05E+00,+0.00E+00,-4.91E+00,+8.65E+00,-4.10E+00,+6.341E+00
2,12/2/2026,10:41:05.412,-0.09E+00,-0.05E+00,+0.05E+00,-0.05E+00,-4.81E+00,+8.65E+00,-4.23E+00,+6.409E+00
2,12/2/2026,10:41:05.412,-0.09E+00,-0.05E+00,+0.05E+00,+0.00E+00,-4.70E+00,+8.67E+00,-4.33E+00,+6.470E+00
2,12/2/2026,10:41:05.412,-0.09E+00,-0.05E+00,+0.05E+00,+0.00E+00,-4.59E+00,+8.68E+00,-4.46E+00,+6.531E+00
2,12/2/2026,10:41:05.412,-0.09E+00,-0.05E+00,+0.05E+00,+0.00E+00,-4.49E+00,+8.68E+00,-4.58E+00,+6.592E+00
2,12/2/2026,10:41:05.412,-0.09E+00,-0.05E+00,+0.00E+00,+0.00E+00,-4.36E+00,+8.70E+00,-4.68E+00,+6.653E+00
2,12/2/2026,10:41:05.412,-0.09E+00,-0.05E+00,+0.05E+00,-0.05E+00,-4.26E+00,+8.70E+00,-4.82E+00,+6.714E+00
2,12/2/2026,10:41:05.412,-0.09E+00,-0.05E+00,+0.05E+00,+0.00E+00,-4.14E+00,+8.70E+00,-4.93E+00,+6.776E+00
2,12/2/2026,10:41:05.412,-0.09E+00,-0.05E+00,+0.05E+00,+0.00E+00,-4.03E+00,+8.71E+00,-5.05E+00,+6.837E+00
2,12/2/2026,10:41:05.412,-0.09E+00,-0.05E+00,+0.05E+00,-0.05E+00,-3.91E+00,+8.71E+00,-5.17E+00,+6.898E+00
2,12/2/2026,10:41:05.412,-0.09E+00,-0.05E+00,+0.05E+00,-0.05E+00,-3.80E+00,+8.71E+00,-5.28E+00,+6.951E+00
2,12/2/2026,10:41:05.412,-0.09E+00,-0.05E+00,+0.05E+00,-0.05E+00,-3.68E+00,+8.71E+00,-5.40E+00,+7.012E+00
2,12/2/2026,10:41:05.412,-0.09E+00,-0.05E+00,+0.05E+00,-0.05E+00,-3.57E+00,+8.73E+00,-5.51E+00,+7.065E+00
2,12/2/2026,10:41:05.412,-0.09E+00,-0.05E+00,+0.05E+00,+0.00E+00,-3.46E+00,+8.71E+00,-5.62E+00,+7.119E+00
2,12/2/2026,10:41:05.412,-0.09E+00,-0.05E+00,+0.05E+00,-0.05E+00,-3.34E+00,+8.71E+00,-5.74E+00,+7.172E+00
2,12/2/2026,10:41:05.412,-0.09E+00,-0.05E+00,+0.05E+00,-0.05E+00,-3.22E+00,+8.71E+00,-5.86E+00,+7.218E+00
2,12/2/2026,10:41:05.413,-0.09E+00,-0.05E+00,+0.05E+00,+0.00E+00,-3.10E+00,+8.70E+00,-5.97E+00,+7.271E+00
2,12/2/2026,10:41:05.413,-0.09E+00,-0.05E+00,+0.05E+00,-0.05E+00,-2.98E+00,+8.68E+00,-6.07E+00,+7.325E+00
2,12/2/2026,10:41:05.413,-0.09E+00,-0.05E+00,+0.05E+00,+0.00E+00,-2.84E+00,+8.67E+00,-6.18E+00,+7.371E+00
2,12/2/2026,10:41:05.413,-0.09E+00,-0.05E+00,+0.05E+00,+0.00E+00,-2.72E+00,+8.64E+00,-6.30E+00,+7.409E+00
2,12/2/2026,10:41:05.413,-0.14E+00,-0.05E+00,+0.05E+00,-0.05E+00,-2.58E+00,+8.62E+00,-6.41E+00,+7.447E+00
2,12/2/2026,10:41:05.413,-0.09E+00,-0.05E+00,+0.05E+00,-0.05E+00,-2.44E+00,+8.59E+00,-6.52E+00,+7.485E+00
2,12/2/2026,10:41:05.413,-0.09E+00,-0.05E+00,+0.05E+00,+0.00E+00,-2.32E+00,+8.56E+00,-6.61E+00,+7.516E+00
2,12/2/2026,10:41:05.413,-0.09E+00,-0.05E+00,+0.05E+00,-0.05E+00,-2.18E+00,+8.53E+00,-6.71E+00,+7.546E+00
2,12/2/2026,10:41:05.413,-0.09E+00,-0.05E+00,+0.05E+00,+0.00E+00,-2.06E+00,+8.48E+00,-6.81E+00,+7.569E+00
2,12/2/2026,10:41:05.413,-0.09E+00,-0.05E+00,+0.05E+00,+0.00E+00,-1.92E+00,+8.44E+00,-6.88E+00,+7.592E+00
2,12/2/2026,10:41:05.413,-0.09E+00,-0.05E+00,+0.05E+00,-0.05E+00,-1.79E+00,+8.39E+00,-6.97E+00,+7.607E+00
2,12/2/2026,10:41:05.413,-0.09E+00,-0.05E+00,+0.05E+00,-0.05E+00,-1.65E+00,+8.35E+00,-7.05E+00,+7.622E+00
2,12/2/2026,10:41:05.413,-0.09E+00,-0.05E+00,+0.05E+00,-0.05E+00,-1.51E+00,+8.30E+00,-7.14E+00,+7.638E+00
2,12/2/2026,10:41:05.413,-0.09E+00,-0.05E+00,+0.05E+00,-0.05E+00,-1.39E+00,+8.24E+00,-7.22E+00,+7.645E+00
2,12/2/2026,10:41:05.413,-0.14E+00,-0.05E+00,+0.05E+00,-0.05E+00,-1.25E+00,+8.18E+00,-7.29E+00,+7.661E+00
2,12/2/2026,10:41:05.413,-0.09E+00,-0.05E+00,+0.05E+00,-0.05E+00,-1.11E+00,+8.12E+00,-7.37E+00,+7.661E+00
2,12/2/2026,10:41:05.413,-0.09E+00,-0.05E+00,+0.05E+00,-0.05E+00,-0.98E+00,+8.06E+00,-7.45E+00,+7.661E+00
2,12/2/2026,10:41:05.413,-0.09E+00,-0.05E+00,+0.05E+00,-0.05E+00,-0.82E+00,+7.98E+00,-7.52E+00,+7.668E+00
2,12/2/2026,10:41:05.413,-0.09E+00,+0.00E+00,+0.05E+00,+0.00E+00,-0.69E+00,+7.90E+00,-7.58E+00,+7.661E+00
2,12/2/2026,10:41:05.413,-0.09E+00,-0.05E+00,+0.05E+00,+0.00E+00,-0.53E+00,+7.83E+00,-7.66E+00,+7.661E+00
2,12/2/2026,10:41:05.414,-0.09E+00,-0.05E+00,+0.05E+00,-0.05E+00,-0.38E+00,+7.77E+00,-7.74E+00,+7.653E+00
2,12/2/2026,10:41:05.414,-0.09E+00,-0.05E+00,+0.00E+00,-0.05E+00,-0.24E+00,+7.68E+00,-7.80E+00,+7.645E+00
2,12/2/2026,10:41:05.414,-0.09E+00,-0.05E+00,+0.05E+00,-0.05E+00,-0.11E+00,+7.60E+00,-7.86E+00,+7.638E+00
2,12/2/2026,10:41:05.414,-0.09E+00,-0.05E+00,+0.05E+00,+0.00E+00,+0.03E+00,+7.54E+00,-7.92E+00,+7.630E+00
2,12/2/2026,10:41:05.414,-0.09E+00,-0.05E+00,+0.05E+00,+0.00E+00,+0.18E+00,+7.45E+00,-7.98E+00,+7.615E+00
2,12/2/2026,10:41:05.414,-0.09E+00,-0.05E+00,+0.05E+00,+0.00E+00,+0.32E+00,+7.36E+00,-8.04E+00,+7.607E+00
2,12/2/2026,10:41:05.414,-0.09E+00,-0.05E+00,+0.00E+00,+0.00E+00,+0.47E+00,+7.28E+00,-8.10E+00,+7.592E+00
2,12/2/2026,10:41:05.414,-0.09E+00,-0.05E+00,+0.05E+00,+0.00E+00,+0.61E+00,+7.19E+00,-8.16E+00,+7.577E+00
2,12/2/2026,10:41:05.414,-0.09E+00,-0.05E+00,+0.05E+00,-0.05E+00,+0.76E+00,+7.11E+00,-8.23E+00,+7.554E+00
2,12/2/2026,10:41:05.414,-0.09E+00,-0.05E+00,+0.05E+00,+0.00E+00,+0.90E+00,+7.02E+00,-8.27E+00,+7.539E+00
2,12/2/2026,10:41:05.414,-0.09E+00,-0.05E+00,+0.05E+00,+0.00E+00,+1.05E+00,+6.93E+00,-8.33E+00,+7.516E+00
2,12/2/2026,10:41:05.414,-0.09E+00,-0.05E+00,+0.05E+00,+0.00E+00,+1.19E+00,+6.84E+00,-8.39E+00,+7.500E+00
2,12/2/2026,10:41:05.414,-0.14E+00,-0.05E+00,+0.05E+00,+0.00E+00,+1.33E+00,+6.73E+00,-8.44E+00,+7.470E+00
2,12/2/2026,10:41:05.414,-0.09E+00,-0.05E+00,+0.05E+00,-0.05E+00,+1.48E+00,+6.64E+00,-8.48E+00,+7.447E+00
2,12/2/2026,10:41:05.414,-0.09E+00,-0.05E+00,+0.05E+00,+0.00E+00,+1.62E+00,+6.55E+00,-8.53E+00,+7.424E+00
2,12/2/2026,10:41:05.414,-0.09E+00,-0.05E+00,+0.05E+00,+0.00E+00,+1.75E+00,+6.46E+00,-8.56E+00,+7.394E+00
2,12/2/2026,10:41:05.414,-0.09E+00,-0.05E+00,+0.05E+00,+0.00E+00,+1.89E+00,+6.35E+00,-8.61E+00,+7.355E+00
2,12/2/2026,10:41:05.414,-0.09E+00,-0.05E+00,+0.05E+00,+0.00E+00,+2.03E+00,+6.26E+00,-8.64E+00,+7.325E+00
2,12/2/2026,10:41:05.414,-0.09E+00,-0.05E+00,+0.05E+00,+0.00E+00,+2.17E+00,+6.15E+00,-8.68E+00,+7.294E+00
2,12/2/2026,10:41:05.414,-0.09E+00,-0.05E+00,+0.05E+00,+0.00E+00,+2.30E+00,+6.04E+00,-8.71E+00,+7.256E+00
2,12/2/2026,10:41:05.415,-0.09E+00,-0.05E+00,+0.05E+00,-0.05E+00,+2.44E+00,+5.94E+00,-8.73E+00,+7.218E+00
2,12/2/2026,10:41:05.415,-0.09E+00,-0.05E+00,+0.05E+00,+0.00E+00,+2.56E+00,+5.84E+00,-8.76E+00,+7.180E+00
2,12/2/2026,10:41:05.415,-0.09E+00,-0.05E+00,+0.05E+00,-0.05E+00,+2.70E+00,+5.74E+00,-8.79E+00,+7.134E+00
2,12/2/2026,10:41:05.415,-0.09E+00,-0.05E+00,+0.05E+00,-0.05E+00,+2.84E+00,+5.63E+00,-8.82E+00,+7.096E+00
2,12/2/2026,10:41:05.415,-0.09E+00,-0.05E+00,+0.05E+00,+0.00E+00,+2.98E+00,+5.52E+00,-8.84E+00,+7.050E+00
2,12/2/2026,10:41:05.415,-0.09E+00,-0.05E+00,+0.05E+00,+0.00E+00,+3.10E+00,+5.42E+00,-8.85E+00,+7.012E+00
2,12/2/2026,10:41:05.415,-0.09E+00,-0.05E+00,+0.05E+00,+0.00E+00,+3.22E+00,+5.30E+00,-8.88E+00,+6.959E+00
2,12/2/2026,10:41:05.415,-0.09E+00,-0.05E+00,+0.05E+00,-0.05E+00,+3.34E+00,+5.19E+00,-8.90E+00,+6.913E+00
2,12/2/2026,10:41:05.415,-0.09E+00,-0.05E+00,+0.05E+00,-0.05E+00,+3.48E+00,+5.08E+00,-8.91E+00,+6.867E+00
2,12/2/2026,10:41:05.415,-0.09E+00,-0.05E+00,+0.05E+00,+0.00E+00,+3.60E+00,+4.97E+00,-8.93E+00,+6.814E+00
2,12/2/2026,10:41:05.415,-0.09E+00,-0.05E+00,+0.05E+00,+0.00E+00,+3.72E+00,+4.85E+00,-8.94E+00,+6.760E+00
2,12/2/2026,10:41:05.415,-0.09E+00,-0.05E+00,+0.05E+00,+0.00E+00,+3.85E+00,+4.75E+00,-8.94E+00,+6.714E+00
2,12/2/2026,10:41:05.415,-0.09E+00,-0.05E+00,+0.05E+00,+0.00E+00,+3.97E+00,+4.64E+00,-8.96E+00,+6.661E+00
2,12/2/2026,10:41:05.415,-0.09E+00,-0.05E+00,+0.05E+00,+0.00E+00,+4.09E+00,+4.53E+00,-8.97E+00,+6.615E+00
2,12/2/2026,10:41:05.415,-0.09E+00,-0.05E+00,+0.05E+00,-0.05E+00,+4.21E+00,+4.43E+00,-8.97E+00,+6.562E+00
2,12/2/2026,10:41:05.415,-0.09E+00,-0.05E+00,+0.05E+00,-0.05E+00,+4.32E+00,+4.30E+00,-8.99E+00,+6.508E+00
2,12/2/2026,10:41:05.415,-0.09E+00,-0.05E+00,+0.05E+00,-0.05E+00,+4.44E+00,+4.20E+00,-8.99E+00,+6.455E+00
2,12/2/2026,10:41:05.415,-0.09E+00,-0.05E+00,+0.05E+00,+0.00E+00,+4.56E+00,+4.09E+00,-9.00E+00,+6.402E+00
2,12/2/2026,10:41:05.415,-0.09E+00,-0.05E+00,+0.05E+00,-0.05E+00,+4.68E+00,+3.97E+00,-9.00E+00,+6.348E+00
2,12/2/2026,10:41:05.415,-0.14E+00,-0.05E+00,+0.05E+00,-0.05E+00,+4.79E+00,+3.86E+00,-9.02E+00,+6.287E+00
2,12/2/2026,10:41:05.415,-0.09E+00,-0.05E+00,+0.05E+00,+0.00E+00,+4.91E+00,+3.74E+00,-9.02E+00,+6.234E+00
2,12/2/2026,10:41:05.416,-0.09E+00,-0.05E+00,+0.05E+00,+0.00E+00,+5.04E+00,+3.63E+00,-9.02E+00,+6.180E+00
2,12/2/2026,10:41:05.416,-0.09E+00,-0.05E+00,+0.05E+00,+0.00E+00,+5.14E+00,+3.51E+00,-9.02E+00,+6.119E+00
2,12/2/2026,10:41:05.416,-0.09E+00,-0.05E+00,+0.00E+00,-0.05E+00,+5.26E+00,+3.40E+00,-9.02E+00,+6.058E+00
2,12/2/2026,10:41:05.416,-0.14E+00,-0.05E+00,+0.05E+00,-0.05E+00,+5.37E+00,+3.30E+00,-9.00E+00,+5.997E+00
2,12/2/2026,10:41:05.416,-0.09E+00,-0.05E+00,+0.05E+00,+0.00E+00,+5.48E+00,+3.17E+00,-9.00E+00,+5.936E+00
2,12/2/2026,10:41:05.416,-0.09E+00,-0.05E+00,+0.05E+00,+0.00E+00,+5.60E+00,+3.04E+00,-9.00E+00,+5.875E+00
2,12/2/2026,10:41:05.416,-0.09E+00,-0.05E+00,+0.05E+00,+0.00E+00,+5.72E+00,+2.93E+00,-9.00E+00,+5.807E+00
2,12/2/2026,10:41:05.416,-0.09E+00,-0.05E+00,+0.05E+00,+0.00E+00,+5.84E+00,+2.81E+00,-9.00E+00,+5.745E+00
2,12/2/2026,10:41:05.416,-0.09E+00,-0.05E+00,+0.05E+00,+0.00E+00,+5.95E+00,+2.67E+00,-8.99E+00,+5.677E+00
2,12/2/2026,10:41:05.416,-0.09E+00,-0.05E+00,+0.05E+00,-0.05E+00,+6.07E+00,+2.55E+00,-8.97E+00,+5.608E+00
2,12/2/2026,10:41:05.416,-0.09E+00,-0.05E+00,+0.05E+00,-0.05E+00,+6.18E+00,+2.43E+00,-8.96E+00,+5.539E+00
2,12/2/2026,10:41:05.416,-0.09E+00,-0.05E+00,+0.05E+00,+0.00E+00,+6.29E+00,+2.30E+00,-8.94E+00,+5.463E+00
2,12/2/2026,10:41:05.416,-0.09E+00,-0.05E+00,+0.05E+00,+0.00E+00,+6.38E+00,+2.18E+00,-8.91E+00,+5.394E+00
2,12/2/2026,10:41:05.416,-0.09E+00,-0.05E+00,+0.05E+00,+0.00E+00,+6.49E+00,+2.04E+00,-8.90E+00,+5.311E+00
2,12/2/2026,10:41:05.416,-0.09E+00,-0.05E+00,+0.05E+00,-0.05E+00,+6.58E+00,+1.91E+00,-8.85E+00,+5.219E+00
2,12/2/2026,10:41:05.416,-0.09E+00,-0.05E+00,+0.05E+00,-0.05E+00,+6.67E+00,+1.79E+00,-8.81E+00,+5.135E+00
2,12/2/2026,10:41:05.416,-0.09E+00,-0.05E+00,+0.05E+00,+0.00E+00,+6.76E+00,+1.65E+00,-8.74E+00,+5.036E+00
2,12/2/2026,10:41:05.416,-0.09E+00,-0.05E+00,+0.05E+00,+0.00E+00,+6.84E+00,+1.50E+00,-8.70E+00,+4.937E+00
2,12/2/2026,10:41:05.416,-0.09E+00,-0.05E+00,+0.05E+00,+0.00E+00,+6.91E+00,+1.36E+00,-8.64E+00,+4.830E+00
2,12/2/2026,10:41:05.416,-0.09E+00,-0.05E+00,+0.05E+00,-0.05E+00,+7.00E+00,+1.22E+00,-8.58E+00,+4.731E+00
2,12/2/2026,10:41:05.417,-0.09E+00,-0.05E+00,+0.05E+00,+0.00E+00,+7.08E+00,+1.07E+00,-8.52E+00,+4.624E+00
2,12/2/2026,10:41:05.417,-0.09E+00,-0.05E+00,+0.05E+00,+0.00E+00,+7.16E+00,+0.93E+00,-8.45E+00,+4.525E+00
2,12/2/2026,10:41:05.417,-0.09E+00,-0.05E+00,+0.05E+00,+0.00E+00,+7.23E+00,+0.79E+00,-8.38E+00,+4.418E+00
2,12/2/2026,10:41:05.417,-0.09E+00,-0.05E+00,+0.05E+00,+0.00E+00,+7.29E+00,+0.66E+00,-8.32E+00,+4.319E+00
2,12/2/2026,10:41:05.417,-0.09E+00,-0.05E+00,+0.05E+00,+0.00E+00,+7.37E+00,+0.52E+00,-8.24E+00,+4.219E+00
2,12/2/2026,10:41:05.417,-0.09E+00,-0.05E+00,+0.05E+00,+0.00E+00,+7.45E+00,+0.38E+00,-8.18E+00,+4.113E+00
2,12/2/2026,10:41:05.417,-0.09E+00,-0.05E+00,+0.05E+00,+0.00E+00,+7.51E+00,+0.24E+00,-8.10E+00,+4.006E+00
2,12/2/2026,10:41:05.417,-0.09E+00,-0.05E+00,+0.05E+00,+0.00E+00,+7.57E+00,+0.11E+00,-8.04E+00,+3.899E+00
2,12/2/2026,10:41:05.417,-0.09E+00,-0.05E+00,+0.05E+00,+0.00E+00,+7.63E+00,-0.05E+00,-7.97E+00,+3.792E+00
2,12/2/2026,10:41:05.417,-0.09E+00,-0.05E+00,+0.05E+00,-0.05E+00,+7.69E+00,-0.17E+00,-7.89E+00,+3.693E+00
2,12/2/2026,10:41:05.417,-0.09E+00,-0.05E+00,+0.05E+00,-0.05E+00,+7.75E+00,-0.31E+00,-7.80E+00,+3.579E+00
2,12/2/2026,10:41:05.417,-0.09E+00,-0.05E+00,+0.05E+00,+0.00E+00,+7.80E+00,-0.44E+00,-7.72E+00,+3.472E+00
2,12/2/2026,10:41:05.417,-0.09E+00,-0.05E+00,+0.05E+00,+0.00E+00,+7.84E+00,-0.58E+00,-7.63E+00,+3.357E+00
2,12/2/2026,10:41:05.417,-0.09E+00,-0.05E+00,+0.05E+00,+0.00E+00,+7.89E+00,-0.72E+00,-7.54E+00,+3.235E+00
2,12/2/2026,10:41:05.417,-0.09E+00,-0.05E+00,+0.05E+00,+0.00E+00,+7.94E+00,-0.87E+00,-7.45E+00,+3.113E+00
2,12/2/2026,10:41:05.417,-0.14E+00,+0.00E+00,+0.05E+00,+0.00E+00,+7.98E+00,-1.01E+00,-7.34E+00,+2.991E+00
2,12/2/2026,10:41:05.417,-0.14E+00,-0.05E+00,+0.05E+00,-0.05E+00,+8.03E+00,-1.16E+00,-7.23E+00,+2.869E+00
2,12/2/2026,10:41:05.417,-0.09E+00,-0.05E+00,+0.05E+00,-0.05E+00,+8.06E+00,-1.30E+00,-7.13E+00,+2.747E+00
2,12/2/2026,10:41:05.417,-0.09E+00,-0.05E+00,+0.05E+00,+0.00E+00,+8.12E+00,-1.45E+00,-7.03E+00,+2.625E+00
2,12/2/2026,10:41:05.417,-0.09E+00,-0.05E+00,+0.05E+00,+0.00E+00,+8.16E+00,-1.59E+00,-6.93E+00,+2.503E+00
2,12/2/2026,10:41:05.418,-0.09E+00,-0.05E+00,+0.05E+00,+0.00E+00,+8.19E+00,-1.74E+00,-6.84E+00,+2.381E+00
2,12/2/2026,10:41:05.418,-0.14E+00,-0.05E+00,+0.05E+00,+0.00E+00,+8.24E+00,-1.88E+00,-6.73E+00,+2.259E+00
2,12/2/2026,10:41:05.418,-0.09E+00,-0.05E+00,+0.05E+00,+0.00E+00,+8.29E+00,-2.01E+00,-6.64E+00,+2.144E+00
2,12/2/2026,10:41:05.418,-0.09E+00,-0.05E+00,+0.05E+00,+0.00E+00,+8.32E+00,-2.15E+00,-6.53E+00,+2.022E+00
2,12/2/2026,10:41:05.418,-0.09E+00,-0.05E+00,+0.05E+00,+0.00E+00,+8.35E+00,-2.29E+00,-6.42E+00,+1.900E+00
2,12/2/2026,10:41:05.418,-0.09E+00,-0.05E+00,+0.05E+00,+0.00E+00,+8.39E+00,-2.43E+00,-6.32E+00,+1.778E+00
2,12/2/2026,10:41:05.418,-0.09E+00,-0.05E+00,+0.05E+00,-0.05E+00,+8.42E+00,-2.56E+00,-6.21E+00,+1.656E+00
2,12/2/2026,10:41:05.418,-0.09E+00,-0.05E+00,+0.05E+00,-0.05E+00,+8.44E+00,-2.70E+00,-6.10E+00,+1.534E+00
2,12/2/2026,10:41:05.418,-0.09E+00,-0.05E+00,+0.05E+00,+0.00E+00,+8.47E+00,-2.84E+00,-6.00E+00,+1.412E+00
2,12/2/2026,10:41:05.418,-0.09E+00,-0.05E+00,+0.05E+00,+0.00E+00,+8.50E+00,-2.98E+00,-5.89E+00,+1.289E+00
2,12/2/2026,10:41:05.418,-0.09E+00,-0.05E+00,+0.05E+00,+0.00E+00,+8.52E+00,-3.11E+00,-5.77E+00,+1.167E+00
2,12/2/2026,10:41:05.418,-0.09E+00,-0.05E+00,+0.05E+00,-0.05E+00,+8.53E+00,-3.24E+00,-5.66E+00,+1.045E+00
2,12/2/2026,10:41:05.418,-0.09E+00,-0.05E+00,+0.05E+00,+0.00E+00,+8.55E+00,-3.36E+00,-5.54E+00,+0.923E+00
2,12/2/2026,10:41:05.418,-0.09E+00,-0.05E+00,+0.05E+00,-0.05E+00,+8.56E+00,-3.49E+00,-5.43E+00,+0.809E+00
2,12/2/2026,10:41:05.418,-0.09E+00,-0.05E+00,+0.05E+00,+0.00E+00,+8.58E+00,-3.62E+00,-5.33E+00,+0.687E+00
2,12/2/2026,10:41:05.418,-0.09E+00,-0.05E+00,+0.05E+00,+0.00E+00,+8.58E+00,-3.75E+00,-5.20E+00,+0.565E+00
2,12/2/2026,10:41:05.418,-0.09E+00,-0.05E+00,+0.05E+00,-0.05E+00,+8.59E+00,-3.86E+00,-5.10E+00,+0.443E+00
2,12/2/2026,10:41:05.418,-0.09E+00,-0.05E+00,+0.05E+00,-0.05E+00,+8.61E+00,-3.98E+00,-4.97E+00,+0.328E+00
2,12/2/2026,10:41:05.418,-0.09E+00,-0.05E+00,+0.05E+00,+0.00E+00,+8.61E+00,-4.10E+00,-4.87E+00,+0.214E+00
2,12/2/2026,10:41:05.418,-0.09E+00,-0.05E+00,+0.05E+00,+0.00E+00,+8.62E+00,-4.23E+00,-4.76E+00,+0.107E+00
2,12/2/2026,10:41:05.419,-0.09E+00,-0.05E+00,+0.05E+00,+0.00E+00,+8.62E+00,-4.33E+00,-4.65E+00,-0.008E+00
2,12/2/2026,10:41:05.419,-0.09E+00,-0.05E+00,+0.05E+00,-0.05E+00,+8.64E+00,-4.46E+00,-4.55E+00,-0.122E+00
2,12/2/2026,10:41:05.419,-0.09E+00,-0.05E+00,+0.05E+00,-0.05E+00,+8.64E+00,-4.56E+00,-4.43E+00,-0.237E+00
2,12/2/2026,10:41:05.419,-0.09E+00,-0.05E+00,+0.05E+00,-0.05E+00,+8.64E+00,-4.70E+00,-4.32E+00,-0.351E+00
2,12/2/2026,10:41:05.419,-0.09E+00,-0.05E+00,+0.05E+00,-0.05E+00,+8.64E+00,-4.81E+00,-4.20E+00,-0.465E+00
2,12/2/2026,10:41:05.419,-0.09E+00,-0.05E+00,+0.05E+00,+0.00E+00,+8.64E+00,-4.93E+00,-4.07E+00,-0.588E+00
2,12/2/2026,10:41:05.419,-0.09E+00,-0.05E+00,+0.05E+00,+0.00E+00,+8.64E+00,-5.04E+00,-3.95E+00,-0.702E+00
2,12/2/2026,10:41:05.419,-0.09E+00,-0.05E+00,+0.05E+00,+0.00E+00,+8.64E+00,-5.16E+00,-3.85E+00,-0.816E+00
2,12/2/2026,10:41:05.419,-0.09E+00,-0.05E+00,+0.05E+00,-0.05E+00,+8.64E+00,-5.28E+00,-3.72E+00,-0.939E+00
2,12/2/2026,10:41:05.419,-0.09E+00,-0.05E+00,+0.05E+00,-0.05E+00,+8.62E+00,-5.39E+00,-3.60E+00,-1.053E+00
2,12/2/2026,10:41:05.419,-0.09E+00,-0.05E+00,+0.05E+00,+0.00E+00,+8.62E+00,-5.49E+00,-3.49E+00,-1.160E+00
2,12/2/2026,10:41:05.419,-0.09E+00,-0.05E+00,+0.05E+00,+0.00E+00,+8.61E+00,-5.62E+00,-3.37E+00,-1.282E+00
2,12/2/2026,10:41:05.419,-0.14E+00,-0.05E+00,+0.05E+00,-0.05E+00,+8.59E+00,-5.72E+00,-3.25E+00,-1.396E+00
2,12/2/2026,10:41:05.419,-0.14E+00,-0.05E+00,+0.05E+00,-0.05E+00,+8.58E+00,-5.83E+00,-3.13E+00,-1.511E+00
2,12/2/2026,10:41:05.419,-0.09E+00,-0.05E+00,+0.00E+00,+0.00E+00,+8.56E+00,-5.94E+00,-2.99E+00,-1.625E+00
2,12/2/2026,10:41:05.419,-0.09E+00,-0.05E+00,+0.00E+00,+0.00E+00,+8.55E+00,-6.04E+00,-2.87E+00,-1.747E+00
2,12/2/2026,10:41:05.419,-0.09E+00,-0.05E+00,+0.05E+00,-0.05E+00,+8.52E+00,-6.15E+00,-2.73E+00,-1.862E+00
2,12/2/2026,10:41:05.419,-0.09E+00,-0.05E+00,+0.05E+00,+0.00E+00,+8.48E+00,-6.26E+00,-2.59E+00,-1.984E+00
2,12/2/2026,10:41:05.419,-0.09E+00,-0.05E+00,+0.05E+00,+0.00E+00,+8.45E+00,-6.36E+00,-2.46E+00,-2.106E+00
2,12/2/2026,10:41:05.419,-0.09E+00,-0.05E+00,+0.05E+00,-0.05E+00,+8.42E+00,-6.47E+00,-2.32E+00,-2.220E+00
2,12/2/2026,10:41:05.420,-0.09E+00,-0.05E+00,+0.05E+00,-0.05E+00,+8.39E+00,-6.56E+00,-2.20E+00,-2.335E+00
2,12/2/2026,10:41:05.420,-0.09E+00,-0.05E+00,+0.00E+00,+0.00E+00,+8.35E+00,-6.65E+00,-2.04E+00,-2.449E+00
2,12/2/2026,10:41:05.420,-0.09E+00,-0.05E+00,+0.05E+00,+0.00E+00,+8.30E+00,-6.75E+00,-1.92E+00,-2.564E+00
2,12/2/2026,10:41:05.420,-0.09E+00,-0.05E+00,+0.05E+00,-0.05E+00,+8.26E+00,-6.84E+00,-1.79E+00,-2.671E+00
2,12/2/2026,10:41:05.420,-0.09E+00,-0.05E+00,+0.05E+00,-0.05E+00,+8.21E+00,-6.93E+00,-1.65E+00,-2.777E+00
2,12/2/2026,10:41:05.420,-0.14E+00,-0.05E+00,+0.05E+00,+0.00E+00,+8.16E+00,-7.00E+00,-1.51E+00,-2.884E+00
2,12/2/2026,10:41:05.420,-0.09E+00,-0.09E+00,+0.05E+00,+0.00E+00,+8.10E+00,-7.08E+00,-1.39E+00,-2.999E+00
2,12/2/2026,10:41:05.420,-0.09E+00,-0.05E+00,+0.05E+00,+0.00E+00,+8.04E+00,-7.17E+00,-1.24E+00,-3.098E+00
2,12/2/2026,10:41:05.420,-0.09E+00,-0.05E+00,+0.05E+00,-0.05E+00,+7.98E+00,-7.25E+00,-1.10E+00,-3.212E+00
2,12/2/2026,10:41:05.420,-0.14E+00,-0.05E+00,+0.05E+00,-0.05E+00,+7.90E+00,-7.31E+00,-0.96E+00,-3.319E+00
2,12/2/2026,10:41:05.420,-0.09E+00,-0.05E+00,+0.05E+00,+0.00E+00,+7.84E+00,-7.39E+00,-0.82E+00,-3.426E+00
2,12/2/2026,10:41:05.420,-0.09E+00,-0.05E+00,+0.05E+00,+0.00E+00,+7.77E+00,-7.46E+00,-0.67E+00,-3.533E+00
2,12/2/2026,10:41:05.420,-0.09E+00,-0.05E+00,+0.05E+00,+0.00E+00,+7.69E+00,-7.52E+00,-0.52E+00,-3.640E+00
2,12/2/2026,10:41:05.420,-0.09E+00,-0.05E+00,+0.05E+00,+0.00E+00,+7.63E+00,-7.60E+00,-0.38E+00,-3.739E+00
2,12/2/2026,10:41:05.420,-0.09E+00,-0.05E+00,+0.05E+00,-0.05E+00,+7.54E+00,-7.68E+00,-0.24E+00,-3.846E+00
2,12/2/2026,10:41:05.420,-0.09E+00,-0.05E+00,+0.05E+00,-0.05E+00,+7.46E+00,-7.74E+00,-0.11E+00,-3.952E+00
2,12/2/2026,10:41:05.420,-0.09E+00,-0.05E+00,+0.05E+00,+0.00E+00,+7.39E+00,-7.80E+00,+0.05E+00,-4.052E+00
2,12/2/2026,10:41:05.420,-0.09E+00,-0.05E+00,+0.05E+00,+0.00E+00,+7.31E+00,-7.86E+00,+0.18E+00,-4.151E+00
2,12/2/2026,10:41:05.420,-0.09E+00,-0.05E+00,+0.05E+00,+0.00E+00,+7.22E+00,-7.92E+00,+0.34E+00,-4.250E+00
2,12/2/2026,10:41:05.420,-0.09E+00,-0.05E+00,+0.05E+00,-0.05E+00,+7.13E+00,-7.97E+00,+0.47E+00,-4.349E+00
2,12/2/2026,10:41:05.421,-0.09E+00,-0.05E+00,+0.05E+00,-0.05E+00,+7.03E+00,-8.03E+00,+0.63E+00,-4.448E+00
2,12/2/2026,10:41:05.421,-0.09E+00,-0.05E+00,+0.05E+00,+0.00E+00,+6.94E+00,-8.07E+00,+0.76E+00,-4.548E+00
2,12/2/2026,10:41:05.421,-0.09E+00,-0.05E+00,+0.05E+00,-0.05E+00,+6.85E+00,-8.13E+00,+0.92E+00,-4.639E+00
2,12/2/2026,10:41:05.421,-0.09E+00,-0.05E+00,+0.05E+00,+0.00E+00,+6.76E+00,-8.18E+00,+1.05E+00,-4.731E+00
2,12/2/2026,10:41:05.421,-0.09E+00,-0.05E+00,+0.05E+00,+0.00E+00,+6.65E+00,-8.23E+00,+1.19E+00,-4.830E+00
2,12/2/2026,10:41:05.421,-0.14E+00,-0.05E+00,+0.05E+00,-0.05E+00,+6.56E+00,-8.27E+00,+1.34E+00,-4.921E+00
2,12/2/2026,10:41:05.421,-0.09E+00,-0.05E+00,+0.05E+00,+0.00E+00,+6.46E+00,-8.30E+00,+1.48E+00,-5.013E+00
2,12/2/2026,10:41:05.421,-0.09E+00,-0.05E+00,+0.05E+00,+0.00E+00,+6.36E+00,-8.35E+00,+1.63E+00,-5.097E+00
2,12/2/2026,10:41:05.421,-0.09E+00,-0.05E+00,+0.05E+00,+0.00E+00,+6.26E+00,-8.39E+00,+1.77E+00,-5.188E+00
2,12/2/2026,10:41:05.421,-0.14E+00,-0.05E+00,+0.05E+00,+0.00E+00,+6.15E+00,-8.42E+00,+1.91E+00,-5.272E+00
2,12/2/2026,10:41:05.421,-0.09E+00,-0.05E+00,+0.05E+00,+0.00E+00,+6.04E+00,-8.47E+00,+2.06E+00,-5.364E+00
2,12/2/2026,10:41:05.421,-0.09E+00,-0.05E+00,+0.05E+00,+0.00E+00,+5.95E+00,-8.50E+00,+2.18E+00,-5.448E+00
2,12/2/2026,10:41:05.421,-0.09E+00,-0.05E+00,+0.05E+00,+0.00E+00,+5.84E+00,-8.55E+00,+2.33E+00,-5.532E+00
2,12/2/2026,10:41:05.421,-0.09E+00,-0.05E+00,+0.05E+00,-0.05E+00,+5.74E+00,-8.58E+00,+2.47E+00,-5.616E+00
2,12/2/2026,10:41:05.421,-0.09E+00,-0.05E+00,+0.05E+00,+0.00E+00,+5.63E+00,-8.59E+00,+2.61E+00,-5.700E+00
2,12/2/2026,10:41:05.421,-0.09E+00,-0.05E+00,+0.05E+00,+0.00E+00,+5.52E+00,-8.64E+00,+2.73E+00,-5.784E+00
2,12/2/2026,10:41:05.421,-0.09E+00,-0.05E+00,+0.05E+00,-0.05E+00,+5.42E+00,-8.67E+00,+2.87E+00,-5.860E+00
2,12/2/2026,10:41:05.421,-0.09E+00,-0.05E+00,+0.05E+00,+0.00E+00,+5.31E+00,-8.68E+00,+3.02E+00,-5.936E+00
2,12/2/2026,10:41:05.421,-0.09E+00,-0.05E+00,+0.05E+00,+0.00E+00,+5.20E+00,-8.70E+00,+3.14E+00,-6.020E+00
2,12/2/2026,10:41:05.421,-0.09E+00,-0.05E+00,+0.05E+00,+0.00E+00,+5.10E+00,-8.73E+00,+3.28E+00,-6.096E+00
2,12/2/2026,10:41:05.422,-0.09E+00,-0.05E+00,+0.05E+00,-0.05E+00,+4.99E+00,-8.74E+00,+3.40E+00,-6.165E+00
2,12/2/2026,10:41:05.422,-0.09E+00,-0.05E+00,+0.05E+00,-0.05E+00,+4.87E+00,-8.77E+00,+3.53E+00,-6.234E+00
2,12/2/2026,10:41:05.422,-0.09E+00,-0.05E+00,+0.05E+00,-0.05E+00,+4.76E+00,-8.79E+00,+3.66E+00,-6.302E+00
2,12/2/2026,10:41:05.422,-0.09E+00,-0.05E+00,+0.05E+00,+0.00E+00,+4.64E+00,-8.79E+00,+3.78E+00,-6.371E+00
2,12/2/2026,10:41:05.422,-0.09E+00,-0.05E+00,+0.05E+00,+0.00E+00,+4.53E+00,-8.81E+00,+3.91E+00,-6.440E+00
2,12/2/2026,10:41:05.422,-0.09E+00,-0.05E+00,+0.05E+00,+0.00E+00,+4.43E+00,-8.82E+00,+4.03E+00,-6.501E+00
2,12/2/2026,10:41:05.422,-0.09E+00,-0.05E+00,+0.05E+00,-0.05E+00,+4.32E+00,-8.84E+00,+4.14E+00,-6.562E+00
2,12/2/2026,10:41:05.422,-0.09E+00,-0.05E+00,+0.05E+00,+0.00E+00,+4.21E+00,-8.84E+00,+4.26E+00,-6.623E+00
2,12/2/2026,10:41:05.422,-0.09E+00,-0.05E+00,+0.05E+00,+0.00E+00,+4.09E+00,-8.84E+00,+4.38E+00,-6.684E+00
2,12/2/2026,10:41:05.422,-0.09E+00,-0.05E+00,+0.05E+00,+0.00E+00,+3.98E+00,-8.85E+00,+4.50E+00,-6.745E+00
2,12/2/2026,10:41:05.422,-0.09E+00,-0.05E+00,+0.05E+00,-0.05E+00,+3.86E+00,-8.85E+00,+4.62E+00,-6.798E+00
2,12/2/2026,10:41:05.422,-0.09E+00,-0.05E+00,+0.05E+00,-0.05E+00,+3.74E+00,-8.85E+00,+4.73E+00,-6.859E+00
2,12/2/2026,10:41:05.422,-0.09E+00,-0.05E+00,+0.05E+00,+0.00E+00,+3.65E+00,-8.85E+00,+4.85E+00,-6.920E+00
2,12/2/2026,10:41:05.422,-0.09E+00,-0.05E+00,+0.05E+00,-0.05E+00,+3.53E+00,-8.85E+00,+4.97E+00,-6.982E+00
2,12/2/2026,10:41:05.422,-0.09E+00,-0.05E+00,+0.05E+00,-0.05E+00,+3.40E+00,-8.87E+00,+5.08E+00,-7.035E+00
2,12/2/2026,10:41:05.422,-0.09E+00,-0.05E+00,+0.05E+00,+0.00E+00,+3.30E+00,-8.87E+00,+5.20E+00,-7.088E+00
2,12/2/2026,10:41:05.422,-0.09E+00,-0.05E+00,+0.05E+00,+0.00E+00,+3.17E+00,-8.87E+00,+5.33E+00,-7.149E+00
2,12/2/2026,10:41:05.422,-0.09E+00,-0.05E+00,+0.05E+00,+0.00E+00,+3.05E+00,-8.85E+00,+5.43E+00,-7.203E+00
2,12/2/2026,10:41:05.422,-0.09E+00,-0.05E+00,+0.05E+00,-0.05E+00,+2.93E+00,-8.85E+00,+5.54E+00,-7.249E+00
2,12/2/2026,10:41:05.422,-0.09E+00,-0.05E+00,+0.05E+00,-0.05E+00,+2.81E+00,-8.84E+00,+5.66E+00,-7.302E+00
2,12/2/2026,10:41:05.423,-0.09E+00,-0.05E+00,+0.05E+00,-0.05E+00,+2.69E+00,-8.82E+00,+5.77E+00,-7.348E+00
2,12/2/2026,10:41:05.423,-0.09E+00,-0.05E+00,+0.05E+00,+0.00E+00,+2.56E+00,-8.81E+00,+5.89E+00,-7.394E+00
2,12/2/2026,10:41:05.423,-0.09E+00,-0.05E+00,+0.05E+00,+0.00E+00,+2.44E+00,-8.79E+00,+6.00E+00,-7.439E+00
2,12/2/2026,10:41:05.423,-0.09E+00,-0.05E+00,+0.05E+00,+0.00E+00,+2.30E+00,-8.76E+00,+6.10E+00,-7.470E+00
2,12/2/2026,10:41:05.423,-0.09E+00,-0.05E+00,+0.05E+00,+0.00E+00,+2.17E+00,-8.73E+00,+6.20E+00,-7.508E+00
2,12/2/2026,10:41:05.423,-0.09E+00,-0.05E+00,+0.05E+00,-0.05E+00,+2.04E+00,-8.70E+00,+6.29E+00,-7.539E+00
2,12/2/2026,10:41:05.423,-0.09E+00,-0.05E+00,+0.05E+00,+0.00E+00,+1.91E+00,-8.67E+00,+6.39E+00,-7.561E+00
2,12/2/2026,10:41:05.423,-0.09E+00,-0.05E+00,+0.05E+00,-0.05E+00,+1.77E+00,-8.62E+00,+6.49E+00,-7.584E+00
2,12/2/2026,10:41:05.423,-0.09E+00,-0.05E+00,+0.05E+00,-0.05E+00,+1.65E+00,-8.58E+00,+6.56E+00,-7.607E+00
2,12/2/2026,10:41:05.423,-0.09E+00,-0.05E+00,+0.05E+00,-0.05E+00,+1.51E+00,-8.53E+00,+6.65E+00,-7.622E+00
2,12/2/2026,10:41:05.423,-0.09E+00,-0.05E+00,+0.05E+00,+0.00E+00,+1.37E+00,-8.48E+00,+6.75E+00,-7.638E+00
2,12/2/2026,10:41:05.423,-0.09E+00,-0.05E+00,+0.05E+00,-0.05E+00,+1.24E+00,-8.42E+00,+6.82E+00,-7.653E+00
2,12/2/2026,10:41:05.423,-0.09E+00,-0.05E+00,+0.05E+00,-0.05E+00,+1.10E+00,-8.38E+00,+6.90E+00,-7.668E+00
2,12/2/2026,10:41:05.423,-0.14E+00,-0.05E+00,+0.05E+00,+0.00E+00,+0.96E+00,-8.32E+00,+6.97E+00,-7.676E+00
2,12/2/2026,10:41:05.423,-0.14E+00,-0.05E+00,+0.05E+00,-0.05E+00,+0.82E+00,-8.26E+00,+7.07E+00,-7.676E+00
2,12/2/2026,10:41:05.423,-0.09E+00,-0.05E+00,+0.05E+00,+0.00E+00,+0.69E+00,-8.19E+00,+7.14E+00,-7.684E+00
2,12/2/2026,10:41:05.423,-0.09E+00,-0.05E+00,+0.05E+00,+0.00E+00,+0.53E+00,-8.12E+00,+7.20E+00,-7.684E+00
2,12/2/2026,10:41:05.423,-0.09E+00,-0.05E+00,+0.05E+00,+0.00E+00,+0.40E+00,-8.04E+00,+7.28E+00,-7.684E+00
2,12/2/2026,10:41:05.423,-0.09E+00,-0.05E+00,+0.05E+00,-0.05E+00,+0.24E+00,-7.98E+00,+7.36E+00,-7.676E+00
2,12/2/2026,10:41:05.423,-0.09E+00,-0.05E+00,+0.05E+00,-0.05E+00,+0.11E+00,-7.90E+00,+7.42E+00,-7.668E+00
2,12/2/2026,10:41:05.424,-0.09E+00,-0.05E+00,+0.05E+00,+0.00E+00,-0.05E+00,-7.81E+00,+7.48E+00,-7.668E+00
2,12/2/2026,10:41:05.424,-0.09E+00,-0.05E+00,+0.05E+00,-0.05E+00,-0.18E+00,-7.74E+00,+7.54E+00,-7.653E+00
2,12/2/2026,10:41:05.424,-0.09E+00,-0.05E+00,+0.05E+00,+0.00E+00,-0.32E+00,-7.66E+00,+7.61E+00,-7.645E+00
2,12/2/2026,10:41:05.424,-0.09E+00,-0.05E+00,+0.05E+00,+0.00E+00,-0.46E+00,-7.58E+00,+7.68E+00,-7.638E+00
2,12/2/2026,10:41:05.424,-0.09E+00,-0.05E+00,+0.05E+00,+0.00E+00,-0.61E+00,-7.49E+00,+7.74E+00,-7.622E+00
2,12/2/2026,10:41:05.424,-0.09E+00,-0.05E+00,+0.05E+00,-0.05E+00,-0.76E+00,-7.40E+00,+7.78E+00,-7.607E+00
2,12/2/2026,10:41:05.424,-0.09E+00,-0.05E+00,+0.05E+00,-0.05E+00,-0.90E+00,-7.32E+00,+7.84E+00,-7.592E+00
2,12/2/2026,10:41:05.424,-0.09E+00,-0.05E+00,+0.05E+00,+0.00E+00,-1.05E+00,-7.23E+00,+7.90E+00,-7.577E+00
2,12/2/2026,10:41:05.424,-0.09E+00,-0.05E+00,+0.05E+00,-0.05E+00,-1.19E+00,-7.14E+00,+7.97E+00,-7.554E+00
2,12/2/2026,10:41:05.424,-0.09E+00,-0.05E+00,+0.05E+00,-0.05E+00,-1.34E+00,-7.05E+00,+8.01E+00,-7.531E+00
2,12/2/2026,10:41:05.424,-0.09E+00,-0.05E+00,+0.05E+00,-0.05E+00,-1.50E+00,-6.96E+00,+8.07E+00,-7.508E+00
2,12/2/2026,10:41:05.424,-0.09E+00,-0.05E+00,+0.05E+00,-0.05E+00,-1.63E+00,-6.87E+00,+8.12E+00,-7.493E+00
2,12/2/2026,10:41:05.424,-0.09E+00,-0.05E+00,+0.05E+00,-0.05E+00,-1.77E+00,-6.78E+00,+8.16E+00,-7.462E+00
2,12/2/2026,10:41:05.424,-0.09E+00,-0.05E+00,+0.05E+00,+0.00E+00,-1.91E+00,-6.67E+00,+8.21E+00,-7.439E+00
2,12/2/2026,10:41:05.424,-0.09E+00,-0.05E+00,+0.05E+00,+0.00E+00,-2.04E+00,-6.58E+00,+8.24E+00,-7.401E+00
2,12/2/2026,10:41:05.424,-0.09E+00,-0.05E+00,+0.05E+00,-0.05E+00,-2.18E+00,-6.49E+00,+8.29E+00,-7.371E+00
2,12/2/2026,10:41:05.424,-0.09E+00,-0.05E+00,+0.05E+00,+0.00E+00,-2.32E+00,-6.38E+00,+8.32E+00,-7.340E+00
2,12/2/2026,10:41:05.424,-0.09E+00,-0.05E+00,+0.05E+00,+0.00E+00,-2.46E+00,-6.27E+00,+8.35E+00,-7.310E+00
2,12/2/2026,10:41:05.424,-0.09E+00,-0.05E+00,+0.05E+00,+0.00E+00,-2.59E+00,-6.18E+00,+8.39E+00,-7.264E+00
2,12/2/2026,10:41:05.424,-0.09E+00,-0.05E+00,+0.05E+00,+0.00E+00,-2.73E+00,-6.07E+00,+8.41E+00,-7.226E+00
2,12/2/2026,10:41:05.425,-0.09E+00,-0.05E+00,+0.05E+00,+0.00E+00,-2.85E+00,-5.97E+00,+8.44E+00,-7.188E+00
2,12/2/2026,10:41:05.425,-0.09E+00,-0.05E+00,+0.05E+00,-0.05E+00,-2.99E+00,-5.86E+00,+8.47E+00,-7.149E+00
2,12/2/2026,10:41:05.425,-0.09E+00,-0.05E+00,+0.09E+00,+0.00E+00,-3.13E+00,-5.75E+00,+8.50E+00,-7.104E+00
2,12/2/2026,10:41:05.425,-0.09E+00,-0.05E+00,+0.05E+00,+0.00E+00,-3.25E+00,-5.65E+00,+8.53E+00,-7.065E+00
2,12/2/2026,10:41:05.425,-0.09E+00,-0.05E+00,+0.05E+00,+0.00E+00,-3.39E+00,-5.54E+00,+8.55E+00,-7.020E+00
2,12/2/2026,10:41:05.425,-0.09E+00,-0.05E+00,+0.05E+00,+0.00E+00,-3.51E+00,-5.43E+00,+8.56E+00,-6.974E+00
2,12/2/2026,10:41:05.425,-0.09E+00,-0.05E+00,+0.05E+00,+0.00E+00,-3.65E+00,-5.31E+00,+8.58E+00,-6.928E+00
2,12/2/2026,10:41:05.425,-0.09E+00,-0.05E+00,+0.05E+00,+0.00E+00,-3.77E+00,-5.20E+00,+8.59E+00,-6.875E+00
2,12/2/2026,10:41:05.425,-0.09E+00,-0.05E+00,+0.05E+00,+0.00E+00,-3.89E+00,-5.08E+00,+8.61E+00,-6.821E+00
2,12/2/2026,10:41:05.425,-0.09E+00,-0.05E+00,+0.05E+00,+0.00E+00,-4.01E+00,-4.97E+00,+8.62E+00,-6.768E+00
2,12/2/2026,10:41:05.425,-0.09E+00,-0.05E+00,+0.05E+00,-0.05E+00,-4.15E+00,-4.87E+00,+8.62E+00,-6.722E+00
2,12/2/2026,10:41:05.425,-0.09E+00,-0.05E+00,+0.05E+00,-0.05E+00,-4.26E+00,-4.76E+00,+8.64E+00,-6.669E+00
2,12/2/2026,10:41:05.425,-0.09E+00,-0.05E+00,+0.05E+00,+0.00E+00,-4.38E+00,-4.65E+00,+8.64E+00,-6.615E+00
2,12/2/2026,10:41:05.425,-0.09E+00,-0.05E+00,+0.05E+00,+0.00E+00,-4.50E+00,-4.55E+00,+8.65E+00,-6.570E+00
2,12/2/2026,10:41:05.425,-0.09E+00,-0.05E+00,+0.05E+00,-0.05E+00,-4.61E+00,-4.43E+00,+8.67E+00,-6.516E+00
2,12/2/2026,10:41:05.425,-0.09E+00,-0.05E+00,+0.05E+00,-0.05E+00,-4.73E+00,-4.32E+00,+8.67E+00,-6.463E+00
2,12/2/2026,10:41:05.425,-0.09E+00,-0.05E+00,+0.05E+00,-0.05E+00,-4.85E+00,-4.21E+00,+8.67E+00,-6.409E+00
2,12/2/2026,10:41:05.425,-0.09E+00,-0.05E+00,+0.05E+00,+0.00E+00,-4.97E+00,-4.10E+00,+8.68E+00,-6.356E+00
2,12/2/2026,10:41:05.425,-0.09E+00,-0.05E+00,+0.05E+00,+0.00E+00,-5.08E+00,-3.98E+00,+8.68E+00,-6.302E+00
2,12/2/2026,10:41:05.425,-0.09E+00,-0.05E+00,+0.05E+00,+0.00E+00,-5.20E+00,-3.86E+00,+8.70E+00,-6.241E+00
2,12/2/2026,10:41:05.426,-0.09E+00,-0.05E+00,+0.05E+00,+0.00E+00,-5.31E+00,-3.75E+00,+8.70E+00,-6.188E+00
2,12/2/2026,10:41:05.426,-0.09E+00,-0.05E+00,+0.05E+00,+0.00E+00,-5.43E+00,-3.65E+00,+8.70E+00,-6.127E+00
2,12/2/2026,10:41:05.426,-0.09E+00,-0.05E+00,+0.05E+00,+0.00E+00,-5.54E+00,-3.53E+00,+8.68E+00,-6.066E+00
2,12/2/2026,10:41:05.426,-0.09E+00,-0.05E+00,+0.05E+00,-0.05E+00,-5.65E+00,-3.40E+00,+8.68E+00,-6.005E+00
2,12/2/2026,10:41:05.426,-0.09E+00,-0.05E+00,+0.05E+00,+0.00E+00,-5.78E+00,-3.28E+00,+8.68E+00,-5.944E+00
2,12/2/2026,10:41:05.426,-0.09E+00,-0.05E+00,+0.05E+00,+0.00E+00,-5.89E+00,-3.16E+00,+8.68E+00,-5.875E+00
2,12/2/2026,10:41:05.426,-0.09E+00,-0.05E+00,+0.05E+00,+0.00E+00,-6.01E+00,-3.04E+00,+8.67E+00,-5.814E+00
2,12/2/2026,10:41:05.426,-0.09E+00,-0.05E+00,+0.05E+00,-0.05E+00,-6.12E+00,-2.91E+00,+8.67E+00,-5.745E+00
2,12/2/2026,10:41:05.426,-0.09E+00,-0.05E+00,+0.05E+00,+0.00E+00,-6.24E+00,-2.79E+00,+8.65E+00,-5.677E+00
2,12/2/2026,10:41:05.426,-0.09E+00,-0.05E+00,+0.05E+00,+0.00E+00,-6.36E+00,-2.67E+00,+8.65E+00,-5.616E+00
2,12/2/2026,10:41:05.426,-0.09E+00,-0.05E+00,+0.05E+00,-0.05E+00,-6.47E+00,-2.55E+00,+8.64E+00,-5.547E+00
2,12/2/2026,10:41:05.426,-0.09E+00,-0.05E+00,+0.05E+00,-0.05E+00,-6.56E+00,-2.43E+00,+8.62E+00,-5.471E+00
2,12/2/2026,10:41:05.426,-0.09E+00,-0.05E+00,+0.05E+00,+0.00E+00,-6.67E+00,-2.30E+00,+8.59E+00,-5.402E+00
2,12/2/2026,10:41:05.426,-0.09E+00,-0.05E+00,+0.05E+00,+0.00E+00,-6.76E+00,-2.17E+00,+8.56E+00,-5.326E+00
2,12/2/2026,10:41:05.426,-0.09E+00,-0.05E+00,+0.05E+00,-0.05E+00,-6.85E+00,-2.04E+00,+8.53E+00,-5.234E+00
2,12/2/2026,10:41:05.426,-0.09E+00,-0.05E+00,+0.05E+00,+0.00E+00,-6.94E+00,-1.91E+00,+8.48E+00,-5.143E+00
2,12/2/2026,10:41:05.426,-0.09E+00,-0.05E+00,+0.05E+00,+0.00E+00,-7.03E+00,-1.77E+00,+8.44E+00,-5.051E+00
2,12/2/2026,10:41:05.426,-0.09E+00,-0.05E+00,+0.05E+00,+0.00E+00,-7.13E+00,-1.62E+00,+8.38E+00,-4.944E+00
2,12/2/2026,10:41:05.426,-0.09E+00,-0.05E+00,+0.05E+00,-0.05E+00,-7.20E+00,-1.48E+00,+8.30E+00,-4.837E+00
2,12/2/2026,10:41:05.426,-0.09E+00,-0.05E+00,+0.05E+00,-0.05E+00,-7.28E+00,-1.34E+00,+8.24E+00,-4.738E+00
2,12/2/2026,10:41:05.427,-0.09E+00,-0.05E+00,+0.05E+00,+0.00E+00,-7.36E+00,-1.19E+00,+8.18E+00,-4.631E+00
2,12/2/2026,10:41:05.427,-0.09E+00,-0.05E+00,+0.05E+00,+0.00E+00,-7.43E+00,-1.05E+00,+8.12E+00,-4.532E+00
2,12/2/2026,10:41:05.427,-0.09E+00,-0.05E+00,+0.05E+00,-0.05E+00,-7.51E+00,-0.92E+00,+8.06E+00,-4.425E+00
2,12/2/2026,10:41:05.427,-0.09E+00,-0.05E+00,+0.05E+00,-0.05E+00,-7.58E+00,-0.78E+00,+8.00E+00,-4.326E+00
2,12/2/2026,10:41:05.427,-0.09E+00,-0.05E+00,+0.05E+00,-0.05E+00,-7.65E+00,-0.64E+00,+7.92E+00,-4.227E+00
2,12/2/2026,10:41:05.427,-0.09E+00,-0.05E+00,+0.05E+00,-0.05E+00,-7.72E+00,-0.50E+00,+7.84E+00,-4.120E+00
2,12/2/2026,10:41:05.427,-0.09E+00,-0.05E+00,+0.05E+00,+0.00E+00,-7.78E+00,-0.37E+00,+7.78E+00,-4.021E+00
2,12/2/2026,10:41:05.427,-0.09E+00,-0.05E+00,+0.05E+00,+0.00E+00,-7.84E+00,-0.23E+00,+7.71E+00,-3.914E+00
2,12/2/2026,10:41:05.427,-0.14E+00,-0.05E+00,+0.05E+00,-0.05E+00,-7.90E+00,-0.09E+00,+7.63E+00,-3.807E+00
2,12/2/2026,10:41:05.427,-0.09E+00,-0.05E+00,+0.05E+00,+0.00E+00,-7.97E+00,+0.05E+00,+7.55E+00,-3.701E+00
2,12/2/2026,10:41:05.427,-0.09E+00,-0.05E+00,+0.05E+00,+0.00E+00,-8.03E+00,+0.18E+00,+7.46E+00,-3.594E+00
2,12/2/2026,10:41:05.427,-0.09E+00,-0.05E+00,+0.05E+00,-0.05E+00,-8.07E+00,+0.32E+00,+7.39E+00,-3.479E+00
2,12/2/2026,10:41:05.427,-0.09E+00,-0.05E+00,+0.05E+00,+0.00E+00,-8.12E+00,+0.46E+00,+7.29E+00,-3.365E+00
2,12/2/2026,10:41:05.427,-0.09E+00,-0.05E+00,+0.05E+00,-0.05E+00,-8.16E+00,+0.60E+00,+7.19E+00,-3.243E+00
2,12/2/2026,10:41:05.427,-0.09E+00,-0.05E+00,+0.05E+00,-0.05E+00,-8.21E+00,+0.75E+00,+7.10E+00,-3.121E+00
2,12/2/2026,10:41:05.427,-0.09E+00,-0.05E+00,+0.05E+00,+0.00E+00,-8.26E+00,+0.89E+00,+6.99E+00,-2.999E+00
2,12/2/2026,10:41:05.427,-0.09E+00,-0.05E+00,+0.05E+00,+0.00E+00,-8.30E+00,+1.04E+00,+6.90E+00,-2.877E+00
2,12/2/2026,10:41:05.427,-0.09E+00,-0.05E+00,+0.05E+00,+0.00E+00,-8.35E+00,+1.19E+00,+6.79E+00,-2.754E+00
2,12/2/2026,10:41:05.427,-0.09E+00,-0.05E+00,+0.05E+00,-0.05E+00,-8.39E+00,+1.33E+00,+6.70E+00,-2.632E+00
2,12/2/2026,10:41:05.427,-0.09E+00,-0.05E+00,+0.00E+00,-0.05E+00,-8.42E+00,+1.46E+00,+6.59E+00,-2.510E+00
2,12/2/2026,10:41:05.428,-0.09E+00,-0.05E+00,+0.05E+00,+0.00E+00,-8.47E+00,+1.60E+00,+6.50E+00,-2.388E+00
2,12/2/2026,10:41:05.428,-0.09E+00,-0.05E+00,+0.05E+00,+0.00E+00,-8.52E+00,+1.74E+00,+6.39E+00,-2.274E+00
2,12/2/2026,10:41:05.428,-0.09E+00,-0.05E+00,+0.05E+00,+0.00E+00,-8.56E+00,+1.89E+00,+6.29E+00,-2.152E+00
2,12/2/2026,10:41:05.428,-0.09E+00,-0.05E+00,+0.05E+00,+0.00E+00,-8.59E+00,+2.03E+00,+6.18E+00,-2.030E+00
2,12/2/2026,10:41:05.428,-0.09E+00,-0.05E+00,+0.05E+00,+0.00E+00,-8.62E+00,+2.17E+00,+6.09E+00,-1.908E+00
2,12/2/2026,10:41:05.428,-0.09E+00,-0.05E+00,+0.05E+00,+0.00E+00,-8.65E+00,+2.32E+00,+5.98E+00,-1.785E+00
2,12/2/2026,10:41:05.428,-0.09E+00,-0.05E+00,+0.05E+00,+0.00E+00,-8.68E+00,+2.44E+00,+5.88E+00,-1.663E+00
2,12/2/2026,10:41:05.428,-0.09E+00,-0.05E+00,+0.05E+00,+0.00E+00,-8.71E+00,+2.58E+00,+5.77E+00,-1.541E+00
2,12/2/2026,10:41:05.428,-0.09E+00,-0.05E+00,+0.05E+00,+0.00E+00,-8.74E+00,+2.72E+00,+5.66E+00,-1.412E+00
2,12/2/2026,10:41:05.428,-0.09E+00,-0.05E+00,+0.05E+00,+0.00E+00,-8.76E+00,+2.85E+00,+5.54E+00,-1.297E+00
2,12/2/2026,10:41:05.428,-0.09E+00,-0.05E+00,+0.05E+00,-0.05E+00,-8.79E+00,+2.99E+00,+5.43E+00,-1.175E+00
2,12/2/2026,10:41:05.428,-0.09E+00,-0.05E+00,+0.05E+00,-0.05E+00,-8.81E+00,+3.11E+00,+5.33E+00,-1.053E+00
2,12/2/2026,10:41:05.428,-0.09E+00,-0.05E+00,+0.05E+00,+0.00E+00,-8.82E+00,+3.25E+00,+5.20E+00,-0.931E+00
2,12/2/2026,10:41:05.428,-0.09E+00,-0.05E+00,+0.05E+00,+0.00E+00,-8.84E+00,+3.37E+00,+5.10E+00,-0.809E+00
2,12/2/2026,10:41:05.428,-0.09E+00,-0.05E+00,+0.05E+00,-0.05E+00,-8.84E+00,+3.49E+00,+4.97E+00,-0.687E+00
2,12/2/2026,10:41:05.428,-0.14E+00,-0.05E+00,+0.05E+00,+0.00E+00,-8.85E+00,+3.62E+00,+4.87E+00,-0.572E+00
2,12/2/2026,10:41:05.428,-0.09E+00,-0.05E+00,+0.05E+00,+0.00E+00,-8.87E+00,+3.75E+00,+4.75E+00,-0.450E+00
2,12/2/2026,10:41:05.428,-0.09E+00,-0.05E+00,+0.05E+00,+0.00E+00,-8.87E+00,+3.88E+00,+4.64E+00,-0.336E+00
2,12/2/2026,10:41:05.428,-0.09E+00,-0.05E+00,+0.05E+00,+0.00E+00,-8.88E+00,+3.98E+00,+4.53E+00,-0.221E+00
2,12/2/2026,10:41:05.428,-0.09E+00,-0.05E+00,+0.05E+00,+0.00E+00,-8.88E+00,+4.10E+00,+4.41E+00,-0.107E+00
2,12/2/2026,10:41:05.429,-0.09E+00,-0.05E+00,+0.05E+00,-0.05E+00,-8.90E+00,+4.21E+00,+4.30E+00,+0.008E+00
2,12/2/2026,10:41:05.429,-0.09E+00,-0.05E+00,+0.05E+00,-0.05E+00,-8.90E+00,+4.33E+00,+4.20E+00,+0.122E+00
2,12/2/2026,10:41:05.429,-0.09E+00,-0.05E+00,+0.05E+00,-0.05E+00,-8.90E+00,+4.46E+00,+4.09E+00,+0.237E+00
2,12/2/2026,10:41:05.429,-0.09E+00,-0.05E+00,+0.05E+00,-0.05E+00,-8.91E+00,+4.56E+00,+3.97E+00,+0.343E+00
2,12/2/2026,10:41:05.429,-0.09E+00,-0.05E+00,+0.05E+00,+0.00E+00,-8.91E+00,+4.68E+00,+3.86E+00,+0.465E+00
2,12/2/2026,10:41:05.429,-0.09E+00,-0.05E+00,+0.05E+00,+0.00E+00,-8.91E+00,+4.81E+00,+3.74E+00,+0.580E+00
2,12/2/2026,10:41:05.429,-0.09E+00,-0.05E+00,+0.05E+00,+0.00E+00,-8.91E+00,+4.91E+00,+3.62E+00,+0.694E+00
2,12/2/2026,10:41:05.429,-0.09E+00,-0.05E+00,+0.05E+00,-0.05E+00,-8.90E+00,+5.04E+00,+3.51E+00,+0.809E+00
2,12/2/2026,10:41:05.429,-0.09E+00,-0.05E+00,+0.05E+00,-0.05E+00,-8.90E+00,+5.16E+00,+3.39E+00,+0.923E+00
2,12/2/2026,10:41:05.429,-0.09E+00,-0.05E+00,+0.05E+00,+0.00E+00,-8.90E+00,+5.26E+00,+3.27E+00,+1.038E+00
2,12/2/2026,10:41:05.429,-0.09E+00,-0.05E+00,+0.05E+00,+0.00E+00,-8.88E+00,+5.37E+00,+3.14E+00,+1.160E+00
2,12/2/2026,10:41:05.429,-0.09E+00,-0.05E+00,+0.05E+00,-0.05E+00,-8.88E+00,+5.48E+00,+3.02E+00,+1.274E+00
2,12/2/2026,10:41:05.429,-0.09E+00,-0.05E+00,+0.05E+00,-0.05E+00,-8.87E+00,+5.60E+00,+2.90E+00,+1.389E+00
2,12/2/2026,10:41:05.429,-0.09E+00,-0.05E+00,+0.05E+00,+0.00E+00,-8.85E+00,+5.71E+00,+2.78E+00,+1.511E+00
2,12/2/2026,10:41:05.429,-0.09E+00,-0.05E+00,+0.05E+00,-0.05E+00,-8.82E+00,+5.81E+00,+2.64E+00,+1.625E+00
2,12/2/2026,10:41:05.429,-0.09E+00,-0.05E+00,+0.05E+00,-0.05E+00,-8.81E+00,+5.94E+00,+2.52E+00,+1.747E+00
2,12/2/2026,10:41:05.429,-0.09E+00,-0.05E+00,+0.05E+00,-0.05E+00,-8.77E+00,+6.04E+00,+2.38E+00,+1.869E+00
2,12/2/2026,10:41:05.429,-0.09E+00,-0.05E+00,+0.05E+00,-0.05E+00,-8.74E+00,+6.13E+00,+2.24E+00,+1.984E+00
2,12/2/2026,10:41:05.429,-0.09E+00,-0.05E+00,+0.05E+00,-0.05E+00,-8.71E+00,+6.24E+00,+2.11E+00,+2.098E+00
2,12/2/2026,10:41:05.429,-0.09E+00,-0.05E+00,+0.05E+00,+0.00E+00,-8.68E+00,+6.33E+00,+1.98E+00,+2.213E+00
2,12/2/2026,10:41:05.430,-0.09E+00,-0.05E+00,+0.05E+00,+0.00E+00,-8.64E+00,+6.44E+00,+1.85E+00,+2.327E+00
2,12/2/2026,10:41:05.430,-0.09E+00,-0.05E+00,+0.05E+00,-0.05E+00,-8.61E+00,+6.52E+00,+1.71E+00,+2.442E+00
2,12/2/2026,10:41:05.430,-0.09E+00,-0.05E+00,+0.05E+00,-0.05E+00,-8.56E+00,+6.61E+00,+1.59E+00,+2.548E+00
2,12/2/2026,10:41:05.430,-0.09E+00,-0.05E+00,+0.05E+00,-0.05E+00,-8.52E+00,+6.70E+00,+1.45E+00,+2.655E+00
2,12/2/2026,10:41:05.430,-0.09E+00,-0.05E+00,+0.05E+00,+0.00E+00,-8.47E+00,+6.79E+00,+1.30E+00,+2.770E+00
2,12/2/2026,10:41:05.430,-0.09E+00,-0.05E+00,+0.05E+00,+0.00E+00,-8.41E+00,+6.87E+00,+1.18E+00,+2.877E+00
2,12/2/2026,10:41:05.430,-0.09E+00,-0.05E+00,+0.05E+00,-0.05E+00,-8.35E+00,+6.96E+00,+1.04E+00,+2.983E+00
2,12/2/2026,10:41:05.430,-0.14E+00,-0.05E+00,+0.05E+00,-0.05E+00,-8.30E+00,+7.03E+00,+0.90E+00,+3.098E+00
2,12/2/2026,10:41:05.430,-0.09E+00,-0.05E+00,+0.05E+00,+0.00E+00,-8.24E+00,+7.11E+00,+0.75E+00,+3.205E+00
2,12/2/2026,10:41:05.430,-0.09E+00,-0.05E+00,+0.05E+00,+0.00E+00,-8.16E+00,+7.19E+00,+0.61E+00,+3.311E+00
2,12/2/2026,10:41:05.430,-0.09E+00,-0.05E+00,+0.05E+00,+0.00E+00,-8.09E+00,+7.28E+00,+0.47E+00,+3.426E+00
2,12/2/2026,10:41:05.430,-0.09E+00,-0.05E+00,+0.05E+00,+0.00E+00,-8.03E+00,+7.34E+00,+0.32E+00,+3.525E+00
2,12/2/2026,10:41:05.430,-0.09E+00,-0.05E+00,+0.05E+00,-0.05E+00,-7.95E+00,+7.40E+00,+0.18E+00,+3.632E+00
2,12/2/2026,10:41:05.430,-0.09E+00,-0.05E+00,+0.05E+00,+0.00E+00,-7.87E+00,+7.48E+00,+0.03E+00,+3.739E+00
2,12/2/2026,10:41:05.430,-0.09E+00,-0.05E+00,+0.05E+00,+0.00E+00,-7.81E+00,+7.54E+00,-0.11E+00,+3.838E+00
2,12/2/2026,10:41:05.430,-0.09E+00,-0.05E+00,+0.05E+00,+0.00E+00,-7.72E+00,+7.60E+00,-0.24E+00,+3.937E+00
2,12/2/2026,10:41:05.430,-0.09E+00,-0.05E+00,+0.05E+00,-0.05E+00,-7.65E+00,+7.66E+00,-0.38E+00,+4.036E+00
2,12/2/2026,10:41:05.430,-0.09E+00,-0.05E+00,+0.05E+00,-0.05E+00,-7.55E+00,+7.72E+00,-0.53E+00,+4.136E+00
2,12/2/2026,10:41:05.430,-0.09E+00,-0.05E+00,+0.00E+00,-0.05E+00,-7.46E+00,+7.78E+00,-0.67E+00,+4.235E+00
2,12/2/2026,10:41:05.430,-0.09E+00,-0.05E+00,+0.05E+00,-0.05E+00,-7.37E+00,+7.84E+00,-0.82E+00,+4.334E+00
2,12/2/2026,10:41:05.431,-0.09E+00,-0.05E+00,+0.05E+00,+0.00E+00,-7.28E+00,+7.89E+00,-0.96E+00,+4.433E+00
2,12/2/2026,10:41:05.431,-0.09E+00,-0.05E+00,+0.05E+00,+0.00E+00,-7.19E+00,+7.94E+00,-1.10E+00,+4.532E+00
2,12/2/2026,10:41:05.431,-0.09E+00,-0.05E+00,+0.05E+00,+0.00E+00,-7.10E+00,+8.00E+00,-1.25E+00,+4.624E+00
2,12/2/2026,10:41:05.431,-0.14E+00,-0.05E+00,+0.05E+00,-0.05E+00,-7.00E+00,+8.04E+00,-1.40E+00,+4.723E+00
2,12/2/2026,10:41:05.431,-0.09E+00,-0.05E+00,+0.05E+00,-0.05E+00,-6.91E+00,+8.09E+00,-1.54E+00,+4.815E+00
2,12/2/2026,10:41:05.431,-0.09E+00,-0.05E+00,+0.05E+00,+0.00E+00,-6.81E+00,+8.13E+00,-1.68E+00,+4.906E+00
2,12/2/2026,10:41:05.431,-0.09E+00,-0.05E+00,+0.05E+00,+0.00E+00,-6.71E+00,+8.18E+00,-1.83E+00,+4.998E+00
2,12/2/2026,10:41:05.431,-0.09E+00,-0.05E+00,+0.05E+00,-0.05E+00,-6.61E+00,+8.21E+00,-1.97E+00,+5.089E+00
2,12/2/2026,10:41:05.431,-0.09E+00,-0.05E+00,+0.05E+00,-0.05E+00,-6.52E+00,+8.26E+00,-2.11E+00,+5.181E+00
2,12/2/2026,10:41:05.431,-0.09E+00,-0.05E+00,+0.05E+00,+0.00E+00,-6.41E+00,+8.30E+00,-2.26E+00,+5.272E+00
2,12/2/2026,10:41:05.431,-0.09E+00,-0.05E+00,+0.05E+00,-0.05E+00,-6.30E+00,+8.33E+00,-2.40E+00,+5.356E+00
2,12/2/2026,10:41:05.431,-0.09E+00,-0.05E+00,+0.05E+00,-0.05E+00,-6.20E+00,+8.36E+00,-2.53E+00,+5.440E+00
2,12/2/2026,10:41:05.431,-0.09E+00,-0.05E+00,+0.05E+00,+0.00E+00,-6.09E+00,+8.41E+00,-2.67E+00,+5.524E+00
2,12/2/2026,10:41:05.431,-0.09E+00,-0.05E+00,+0.05E+00,+0.00E+00,-5.98E+00,+8.42E+00,-2.81E+00,+5.608E+00
2,12/2/2026,10:41:05.431,-0.09E+00,-0.05E+00,+0.05E+00,-0.05E+00,-5.88E+00,+8.45E+00,-2.95E+00,+5.692E+00
2,12/2/2026,10:41:05.431,-0.09E+00,-0.05E+00,+0.05E+00,-0.05E+00,-5.77E+00,+8.48E+00,-3.08E+00,+5.768E+00
2,12/2/2026,10:41:05.431,-0.09E+00,-0.05E+00,+0.05E+00,+0.00E+00,-5.66E+00,+8.52E+00,-3.22E+00,+5.852E+00
2,12/2/2026,10:41:05.431,-0.09E+00,-0.05E+00,+0.05E+00,+0.00E+00,-5.55E+00,+8.55E+00,-3.36E+00,+5.929E+00
2,12/2/2026,10:41:05.431,-0.09E+00,-0.05E+00,+0.05E+00,+0.00E+00,-5.45E+00,+8.56E+00,-3.49E+00,+6.005E+00
2,12/2/2026,10:41:05.431,-0.09E+00,-0.05E+00,+0.05E+00,+0.00E+00,-5.34E+00,+8.59E+00,-3.62E+00,+6.081E+00
2,12/2/2026,10:41:05.432,-0.09E+00,-0.05E+00,+0.05E+00,-0.05E+00,-5.23E+00,+8.61E+00,-3.74E+00,+6.150E+00
2,12/2/2026,10:41:05.432,-0.09E+00,-0.05E+00,+0.05E+00,-0.05E+00,-5.11E+00,+8.62E+00,-3.86E+00,+6.226E+00
2,12/2/2026,10:41:05.432,-0.09E+00,-0.05E+00,+0.05E+00,+0.00E+00,-5.01E+00,+8.65E+00,-4.00E+00,+6.295E+00
2,12/2/2026,10:41:05.432,-0.09E+00,-0.05E+00,+0.05E+00,+0.00E+00,-4.90E+00,+8.65E+00,-4.14E+00,+6.363E+00
2,12/2/2026,10:41:05.432,-0.09E+00,-0.05E+00,+0.05E+00,+0.00E+00,-4.79E+00,+8.67E+00,-4.26E+00,+6.425E+00
2,12/2/2026,10:41:05.432,-0.09E+00,-0.05E+00,+0.05E+00,-0.05E+00,-4.67E+00,+8.68E+00,-4.36E+00,+6.486E+00
2,12/2/2026,10:41:05.432,-0.09E+00,-0.05E+00,+0.05E+00,-0.05E+00,-4.56E+00,+8.68E+00,-4.49E+00,+6.547E+00
2,12/2/2026,10:41:05.432,-0.09E+00,-0.05E+00,+0.05E+00,-0.05E+00,-4.46E+00,+8.68E+00,-4.61E+00,+6.608E+00
2,12/2/2026,10:41:05.432,-0.09E+00,-0.05E+00,+0.05E+00,+0.00E+00,-4.33E+00,+8.70E+00,-4.73E+00,+6.676E+00
2,12/2/2026,10:41:05.432,-0.09E+00,-0.05E+00,+0.05E+00,+0.00E+00,-4.23E+00,+8.71E+00,-4.84E+00,+6.730E+00
2,12/2/2026,10:41:05.432,-0.09E+00,-0.05E+00,+0.05E+00,+0.00E+00,-4.12E+00,+8.71E+00,-4.96E+00,+6.791E+00
2,12/2/2026,10:41:05.432,-0.09E+00,-0.05E+00,+0.05E+00,-0.05E+00,-4.00E+00,+8.71E+00,-5.07E+00,+6.852E+00
2,12/2/2026,10:41:05.432,-0.09E+00,-0.05E+00,+0.05E+00,+0.00E+00,-3.89E+00,+8.71E+00,-5.20E+00,+6.905E+00
2,12/2/2026,10:41:05.432,-0.09E+00,-0.05E+00,+0.05E+00,+0.00E+00,-3.77E+00,+8.71E+00,-5.31E+00,+6.966E+00
2,12/2/2026,10:41:05.432,-0.09E+00,-0.05E+00,+0.05E+00,+0.00E+00,-3.66E+00,+8.71E+00,-5.42E+00,+7.020E+00
2,12/2/2026,10:41:05.432,-0.09E+00,-0.05E+00,+0.05E+00,+0.00E+00,-3.54E+00,+8.71E+00,-5.54E+00,+7.073E+00
2,12/2/2026,10:41:05.432,-0.09E+00,-0.05E+00,+0.05E+00,-0.05E+00,-3.43E+00,+8.71E+00,-5.66E+00,+7.127E+00
2,12/2/2026,10:41:05.432,-0.09E+00,-0.05E+00,+0.05E+00,+0.00E+00,-3.31E+00,+8.71E+00,-5.77E+00,+7.180E+00
2,12/2/2026,10:41:05.432,-0.09E+00,-0.05E+00,+0.05E+00,+0.00E+00,-3.19E+00,+8.70E+00,-5.88E+00,+7.233E+00
2,12/2/2026,10:41:05.432,-0.09E+00,-0.05E+00,+0.05E+00,-0.05E+00,-3.07E+00,+8.70E+00,-5.98E+00,+7.287E+00
2,12/2/2026,10:41:05.433,-0.09E+00,-0.05E+00,+0.05E+00,-0.05E+00,-2.95E+00,+8.68E+00,-6.10E+00,+7.333E+00
2,12/2/2026,10:41:05.433,-0.14E+00,-0.05E+00,+0.05E+00,+0.00E+00,-2.82E+00,+8.67E+00,-6.21E+00,+7.378E+00
2,12/2/2026,10:41:05.433,-0.09E+00,-0.05E+00,+0.05E+00,+0.00E+00,-2.69E+00,+8.64E+00,-6.33E+00,+7.424E+00
2,12/2/2026,10:41:05.433,-0.09E+00,-0.05E+00,+0.05E+00,-0.05E+00,-2.55E+00,+8.62E+00,-6.44E+00,+7.462E+00
2,12/2/2026,10:41:05.433,-0.09E+00,-0.05E+00,+0.05E+00,+0.00E+00,-2.41E+00,+8.59E+00,-6.53E+00,+7.493E+00
2,12/2/2026,10:41:05.433,-0.09E+00,-0.05E+00,+0.05E+00,+0.00E+00,-2.27E+00,+8.56E+00,-6.64E+00,+7.523E+00
2,12/2/2026,10:41:05.433,-0.09E+00,-0.05E+00,+0.05E+00,-0.05E+00,-2.15E+00,+8.52E+00,-6.73E+00,+7.554E+00
2,12/2/2026,10:41:05.433,-0.09E+00,-0.05E+00,+0.05E+00,-0.05E+00,-2.03E+00,+8.47E+00,-6.82E+00,+7.577E+00
2,12/2/2026,10:41:05.433,-0.09E+00,-0.05E+00,+0.05E+00,+0.00E+00,-1.89E+00,+8.44E+00,-6.90E+00,+7.592E+00
2,12/2/2026,10:41:05.433,-0.09E+00,-0.05E+00,+0.05E+00,+0.00E+00,-1.75E+00,+8.39E+00,-6.99E+00,+7.607E+00
2,12/2/2026,10:41:05.433,-0.09E+00,-0.05E+00,+0.05E+00,+0.00E+00,-1.63E+00,+8.33E+00,-7.07E+00,+7.622E+00
2,12/2/2026,10:41:05.433,-0.09E+00,-0.05E+00,+0.05E+00,+0.00E+00,-1.50E+00,+8.29E+00,-7.16E+00,+7.638E+00
2,12/2/2026,10:41:05.433,-0.14E+00,-0.05E+00,+0.05E+00,+0.00E+00,-1.36E+00,+8.23E+00,-7.23E+00,+7.645E+00
2,12/2/2026,10:41:05.433,-0.09E+00,-0.05E+00,+0.05E+00,-0.05E+00,-1.22E+00,+8.16E+00,-7.31E+00,+7.653E+00
2,12/2/2026,10:41:05.433,-0.09E+00,-0.05E+00,+0.05E+00,+0.00E+00,-1.08E+00,+8.10E+00,-7.39E+00,+7.661E+00
2,12/2/2026,10:41:05.433,-0.09E+00,-0.05E+00,+0.05E+00,+0.00E+00,-0.93E+00,+8.04E+00,-7.46E+00,+7.661E+00
2,12/2/2026,10:41:05.433,-0.09E+00,-0.05E+00,+0.05E+00,+0.00E+00,-0.79E+00,+7.97E+00,-7.54E+00,+7.661E+00
2,12/2/2026,10:41:05.433,-0.09E+00,-0.05E+00,+0.05E+00,+0.00E+00,-0.64E+00,+7.89E+00,-7.61E+00,+7.661E+00
2,12/2/2026,10:41:05.433,-0.09E+00,-0.05E+00,+0.05E+00,-0.05E+00,-0.50E+00,+7.81E+00,-7.68E+00,+7.653E+00
2,12/2/2026,10:41:05.434,-0.09E+00,-0.05E+00,+0.05E+00,-0.05E+00,-0.37E+00,+7.75E+00,-7.75E+00,+7.653E+00
2,12/2/2026,10:41:05.434,-0.09E+00,-0.05E+00,+0.05E+00,-0.05E+00,-0.21E+00,+7.68E+00,-7.81E+00,+7.645E+00
2,12/2/2026,10:41:05.434,-0.09E+00,-0.05E+00,+0.05E+00,+0.00E+00,-0.08E+00,+7.58E+00,-7.89E+00,+7.638E+00
2,12/2/2026,10:41:05.434,-0.09E+00,-0.05E+00,+0.05E+00,+0.00E+00,+0.06E+00,+7.51E+00,-7.94E+00,+7.630E+00
2,12/2/2026,10:41:05.434,-0.09E+00,-0.05E+00,+0.05E+00,-0.05E+00,+0.21E+00,+7.43E+00,-8.00E+00,+7.615E+00
2,12/2/2026,10:41:05.434,-0.09E+00,-0.05E+00,+0.05E+00,+0.00E+00,+0.37E+00,+7.34E+00,-8.07E+00,+7.600E+00
2,12/2/2026,10:41:05.434,-0.09E+00,-0.05E+00,+0.05E+00,+0.00E+00,+0.50E+00,+7.25E+00,-8.12E+00,+7.592E+00
2,12/2/2026,10:41:05.434,-0.09E+00,-0.05E+00,+0.05E+00,+0.00E+00,+0.64E+00,+7.17E+00,-8.18E+00,+7.569E+00
2,12/2/2026,10:41:05.434,-0.09E+00,-0.05E+00,+0.05E+00,+0.00E+00,+0.79E+00,+7.08E+00,-8.23E+00,+7.554E+00
2,12/2/2026,10:41:05.434,-0.09E+00,-0.05E+00,+0.05E+00,+0.00E+00,+0.95E+00,+6.99E+00,-8.29E+00,+7.531E+00
2,12/2/2026,10:41:05.434,-0.09E+00,-0.05E+00,+0.05E+00,+0.00E+00,+1.08E+00,+6.90E+00,-8.35E+00,+7.508E+00
2,12/2/2026,10:41:05.434,-0.09E+00,-0.05E+00,+0.05E+00,+0.00E+00,+1.22E+00,+6.81E+00,-8.39E+00,+7.485E+00
2,12/2/2026,10:41:05.434,-0.09E+00,-0.05E+00,+0.05E+00,+0.00E+00,+1.37E+00,+6.71E+00,-8.44E+00,+7.462E+00
2,12/2/2026,10:41:05.434,-0.09E+00,-0.05E+00,+0.05E+00,+0.00E+00,+1.53E+00,+6.62E+00,-8.48E+00,+7.439E+00
2,12/2/2026,10:41:05.434,-0.09E+00,-0.05E+00,+0.05E+00,-0.05E+00,+1.65E+00,+6.52E+00,-8.53E+00,+7.409E+00
2,12/2/2026,10:41:05.434,-0.09E+00,-0.05E+00,+0.05E+00,-0.05E+00,+1.79E+00,+6.42E+00,-8.58E+00,+7.378E+00
2,12/2/2026,10:41:05.434,-0.09E+00,-0.05E+00,+0.05E+00,+0.00E+00,+1.94E+00,+6.33E+00,-8.61E+00,+7.348E+00
2,12/2/2026,10:41:05.434,-0.09E+00,-0.05E+00,+0.05E+00,+0.00E+00,+2.08E+00,+6.23E+00,-8.64E+00,+7.317E+00
2,12/2/2026,10:41:05.434,-0.09E+00,-0.05E+00,+0.05E+00,+0.00E+00,+2.20E+00,+6.12E+00,-8.68E+00,+7.279E+00
2,12/2/2026,10:41:05.434,-0.09E+00,-0.05E+00,+0.05E+00,-0.05E+00,+2.35E+00,+6.03E+00,-8.71E+00,+7.241E+00
2,12/2/2026,10:41:05.435,-0.09E+00,-0.05E+00,+0.05E+00,-0.05E+00,+2.47E+00,+5.92E+00,-8.73E+00,+7.203E+00
2,12/2/2026,10:41:05.435,-0.09E+00,-0.05E+00,+0.05E+00,+0.00E+00,+2.61E+00,+5.81E+00,-8.77E+00,+7.165E+00
2,12/2/2026,10:41:05.435,-0.09E+00,-0.05E+00,+0.00E+00,+0.00E+00,+2.73E+00,+5.71E+00,-8.79E+00,+7.127E+00
2,12/2/2026,10:41:05.435,-0.09E+00,-0.05E+00,+0.00E+00,+0.00E+00,+2.87E+00,+5.60E+00,-8.82E+00,+7.081E+00
2,12/2/2026,10:41:05.435,-0.09E+00,-0.05E+00,+0.05E+00,-0.05E+00,+2.99E+00,+5.49E+00,-8.84E+00,+7.035E+00
2,12/2/2026,10:41:05.435,-0.14E+00,-0.05E+00,+0.05E+00,-0.05E+00,+3.13E+00,+5.39E+00,-8.85E+00,+6.997E+00
2,12/2/2026,10:41:05.435,-0.09E+00,-0.05E+00,+0.05E+00,+0.00E+00,+3.25E+00,+5.28E+00,-8.88E+00,+6.951E+00
2,12/2/2026,10:41:05.435,-0.09E+00,-0.05E+00,+0.05E+00,+0.00E+00,+3.39E+00,+5.16E+00,-8.90E+00,+6.898E+00
2,12/2/2026,10:41:05.435,-0.09E+00,-0.05E+00,+0.05E+00,-0.05E+00,+3.51E+00,+5.05E+00,-8.91E+00,+6.844E+00
2,12/2/2026,10:41:05.435,-0.09E+00,-0.05E+00,+0.05E+00,-0.05E+00,+3.63E+00,+4.94E+00,-8.93E+00,+6.798E+00
2,12/2/2026,10:41:05.435,-0.09E+00,-0.05E+00,+0.05E+00,-0.05E+00,+3.75E+00,+4.82E+00,-8.94E+00,+6.745E+00
2,12/2/2026,10:41:05.435,-0.09E+00,-0.05E+00,+0.05E+00,+0.00E+00,+3.88E+00,+4.72E+00,-8.94E+00,+6.692E+00
2,12/2/2026,10:41:05.435,-0.09E+00,-0.05E+00,+0.05E+00,+0.00E+00,+4.00E+00,+4.61E+00,-8.96E+00,+6.646E+00
2,12/2/2026,10:41:05.435,-0.09E+00,-0.05E+00,+0.05E+00,+0.00E+00,+4.12E+00,+4.50E+00,-8.97E+00,+6.592E+00
2,12/2/2026,10:41:05.435,-0.09E+00,-0.05E+00,+0.05E+00,+0.00E+00,+4.24E+00,+4.39E+00,-8.97E+00,+6.547E+00
2,12/2/2026,10:41:05.435,-0.09E+00,-0.05E+00,+0.05E+00,-0.05E+00,+4.35E+00,+4.27E+00,-8.99E+00,+6.493E+00
2,12/2/2026,10:41:05.435,-0.09E+00,-0.05E+00,+0.05E+00,-0.05E+00,+4.47E+00,+4.17E+00,-9.00E+00,+6.440E+00
2,12/2/2026,10:41:05.435,-0.09E+00,-0.05E+00,+0.05E+00,+0.00E+00,+4.59E+00,+4.04E+00,-9.00E+00,+6.379E+00
2,12/2/2026,10:41:05.435,-0.09E+00,-0.05E+00,+0.05E+00,+0.00E+00,+4.72E+00,+3.94E+00,-9.00E+00,+6.333E+00
2,12/2/2026,10:41:05.435,-0.09E+00,-0.05E+00,+0.05E+00,+0.00E+00,+4.82E+00,+3.83E+00,-9.00E+00,+6.272E+00
2,12/2/2026,10:41:05.436,-0.09E+00,-0.05E+00,+0.05E+00,+0.00E+00,+4.94E+00,+3.72E+00,-9.02E+00,+6.211E+00
2,12/2/2026,10:41:05.436,-0.14E+00,-0.05E+00,+0.05E+00,-0.05E+00,+5.07E+00,+3.60E+00,-9.02E+00,+6.157E+00
2,12/2/2026,10:41:05.436,-0.09E+00,-0.05E+00,+0.05E+00,+0.00E+00,+5.17E+00,+3.48E+00,-9.02E+00,+6.104E+00
2,12/2/2026,10:41:05.436,-0.09E+00,-0.05E+00,+0.05E+00,+0.00E+00,+5.30E+00,+3.37E+00,-9.02E+00,+6.043E+00
2,12/2/2026,10:41:05.436,-0.09E+00,-0.05E+00,+0.05E+00,+0.00E+00,+5.40E+00,+3.25E+00,-9.02E+00,+5.974E+00
2,12/2/2026,10:41:05.436,-0.09E+00,-0.05E+00,+0.00E+00,+0.00E+00,+5.52E+00,+3.13E+00,-9.00E+00,+5.913E+00
2,12/2/2026,10:41:05.436,-0.09E+00,-0.05E+00,+0.05E+00,-0.05E+00,+5.63E+00,+3.01E+00,-9.00E+00,+5.852E+00
2,12/2/2026,10:41:05.436,-0.09E+00,-0.05E+00,+0.05E+00,-0.05E+00,+5.75E+00,+2.88E+00,-8.99E+00,+5.784E+00
2,12/2/2026,10:41:05.436,-0.09E+00,-0.05E+00,+0.05E+00,-0.05E+00,+5.88E+00,+2.76E+00,-8.99E+00,+5.723E+00
2,12/2/2026,10:41:05.436,-0.09E+00,-0.05E+00,+0.05E+00,+0.00E+00,+5.98E+00,+2.64E+00,-8.97E+00,+5.654E+00
2,12/2/2026,10:41:05.436,-0.09E+00,-0.05E+00,+0.05E+00,+0.00E+00,+6.10E+00,+2.52E+00,-8.97E+00,+5.585E+00
2,12/2/2026,10:41:05.436,-0.09E+00,-0.05E+00,+0.05E+00,-0.05E+00,+6.21E+00,+2.40E+00,-8.96E+00,+5.517E+00
2,12/2/2026,10:41:05.436,-0.09E+00,-0.05E+00,+0.05E+00,-0.05E+00,+6.30E+00,+2.27E+00,-8.93E+00,+5.448E+00
2,12/2/2026,10:41:05.436,-0.09E+00,-0.05E+00,+0.05E+00,+0.00E+00,+6.41E+00,+2.15E+00,-8.91E+00,+5.364E+00
2,12/2/2026,10:41:05.436,-0.09E+00,-0.05E+00,+0.05E+00,+0.00E+00,+6.50E+00,+2.01E+00,-8.88E+00,+5.280E+00
2,12/2/2026,10:41:05.436,-0.09E+00,-0.05E+00,+0.05E+00,-0.05E+00,+6.61E+00,+1.88E+00,-8.84E+00,+5.196E+00
2,12/2/2026,10:41:05.436,-0.09E+00,-0.05E+00,+0.05E+00,+0.00E+00,+6.68E+00,+1.74E+00,-8.79E+00,+5.112E+00
2,12/2/2026,10:41:05.436,-0.09E+00,-0.05E+00,+0.05E+00,+0.00E+00,+6.78E+00,+1.60E+00,-8.73E+00,+5.013E+00
2,12/2/2026,10:41:05.436,-0.09E+00,-0.05E+00,+0.05E+00,+0.00E+00,+6.85E+00,+1.46E+00,-8.68E+00,+4.906E+00
2,12/2/2026,10:41:05.436,-0.09E+00,-0.05E+00,+0.05E+00,+0.00E+00,+6.94E+00,+1.31E+00,-8.62E+00,+4.807E+00
2,12/2/2026,10:41:05.437,-0.09E+00,-0.05E+00,+0.05E+00,+0.00E+00,+7.02E+00,+1.18E+00,-8.56E+00,+4.700E+00
2,12/2/2026,10:41:05.437,-0.09E+00,-0.05E+00,+0.05E+00,-0.05E+00,+7.10E+00,+1.04E+00,-8.50E+00,+4.601E+00
2,12/2/2026,10:41:05.437,-0.14E+00,-0.05E+00,+0.05E+00,-0.05E+00,+7.17E+00,+0.90E+00,-8.42E+00,+4.494E+00
2,12/2/2026,10:41:05.437,-0.09E+00,-0.05E+00,+0.05E+00,-0.05E+00,+7.23E+00,+0.76E+00,-8.36E+00,+4.395E+00
2,12/2/2026,10:41:05.437,-0.09E+00,-0.05E+00,+0.05E+00,+0.00E+00,+7.31E+00,+0.63E+00,-8.30E+00,+4.296E+00
2,12/2/2026,10:41:05.437,-0.09E+00,-0.05E+00,+0.05E+00,+0.00E+00,+7.39E+00,+0.49E+00,-8.23E+00,+4.189E+00
2,12/2/2026,10:41:05.437,-0.09E+00,-0.05E+00,+0.05E+00,+0.00E+00,+7.46E+00,+0.34E+00,-8.16E+00,+4.082E+00
2,12/2/2026,10:41:05.437,-0.09E+00,-0.05E+00,+0.05E+00,+0.00E+00,+7.52E+00,+0.20E+00,-8.09E+00,+3.975E+00
2,12/2/2026,10:41:05.437,-0.09E+00,-0.05E+00,+0.05E+00,-0.05E+00,+7.60E+00,+0.08E+00,-8.01E+00,+3.876E+00
2,12/2/2026,10:41:05.437,-0.09E+00,-0.05E+00,+0.05E+00,+0.00E+00,+7.65E+00,-0.08E+00,-7.94E+00,+3.769E+00
2,12/2/2026,10:41:05.437,-0.09E+00,-0.05E+00,+0.05E+00,-0.05E+00,+7.71E+00,-0.21E+00,-7.86E+00,+3.662E+00
2,12/2/2026,10:41:05.437,-0.09E+00,-0.05E+00,+0.05E+00,+0.00E+00,+7.75E+00,-0.34E+00,-7.78E+00,+3.556E+00
2,12/2/2026,10:41:05.437,-0.09E+00,-0.05E+00,+0.05E+00,+0.00E+00,+7.80E+00,-0.47E+00,-7.69E+00,+3.441E+00
2,12/2/2026,10:41:05.437,-0.09E+00,-0.05E+00,+0.05E+00,-0.05E+00,+7.86E+00,-0.61E+00,-7.60E+00,+3.327E+00
2,12/2/2026,10:41:05.437,-0.09E+00,-0.05E+00,+0.05E+00,+0.00E+00,+7.90E+00,-0.76E+00,-7.51E+00,+3.212E+00
2,12/2/2026,10:41:05.437,-0.09E+00,-0.05E+00,+0.05E+00,+0.00E+00,+7.94E+00,-0.90E+00,-7.40E+00,+3.090E+00
2,12/2/2026,10:41:05.437,-0.09E+00,-0.05E+00,+0.05E+00,+0.00E+00,+7.98E+00,-1.04E+00,-7.31E+00,+2.960E+00
2,12/2/2026,10:41:05.437,-0.09E+00,-0.05E+00,+0.05E+00,-0.05E+00,+8.04E+00,-1.19E+00,-7.22E+00,+2.838E+00
2,12/2/2026,10:41:05.437,-0.09E+00,-0.05E+00,+0.05E+00,-0.05E+00,+8.07E+00,-1.34E+00,-7.11E+00,+2.724E+00
2,12/2/2026,10:41:05.437,-0.09E+00,-0.05E+00,+0.05E+00,-0.05E+00,+8.12E+00,-1.48E+00,-7.00E+00,+2.602E+00
2,12/2/2026,10:41:05.438,-0.09E+00,-0.05E+00,+0.05E+00,-0.05E+00,+8.16E+00,-1.62E+00,-6.91E+00,+2.472E+00
2,12/2/2026,10:41:05.438,-0.09E+00,-0.05E+00,+0.05E+00,+0.00E+00,+8.21E+00,-1.75E+00,-6.81E+00,+2.358E+00
2,12/2/2026,10:41:05.438,-0.09E+00,-0.05E+00,+0.05E+00,+0.00E+00,+8.26E+00,-1.89E+00,-6.70E+00,+2.236E+00
2,12/2/2026,10:41:05.438,-0.09E+00,-0.05E+00,+0.05E+00,+0.00E+00,+8.29E+00,-2.04E+00,-6.61E+00,+2.114E+00
2,12/2/2026,10:41:05.438,-0.09E+00,-0.05E+00,+0.05E+00,+0.00E+00,+8.32E+00,-2.18E+00,-6.52E+00,+1.999E+00
2,12/2/2026,10:41:05.438,-0.09E+00,-0.05E+00,+0.05E+00,+0.00E+00,+8.35E+00,-2.32E+00,-6.41E+00,+1.877E+00
2,12/2/2026,10:41:05.438,-0.09E+00,-0.05E+00,+0.05E+00,+0.00E+00,+8.39E+00,-2.46E+00,-6.30E+00,+1.755E+00
2,12/2/2026,10:41:05.438,-0.09E+00,-0.05E+00,+0.05E+00,+0.00E+00,+8.42E+00,-2.59E+00,-6.20E+00,+1.633E+00
2,12/2/2026,10:41:05.438,-0.09E+00,-0.05E+00,+0.05E+00,+0.00E+00,+8.45E+00,-2.73E+00,-6.07E+00,+1.511E+00
2,12/2/2026,10:41:05.438,-0.09E+00,-0.05E+00,+0.05E+00,-0.05E+00,+8.47E+00,-2.87E+00,-5.97E+00,+1.389E+00
2,12/2/2026,10:41:05.438,-0.09E+00,-0.05E+00,+0.05E+00,-0.05E+00,+8.48E+00,-3.01E+00,-5.86E+00,+1.267E+00
2,12/2/2026,10:41:05.438,-0.09E+00,-0.05E+00,+0.05E+00,+0.00E+00,+8.52E+00,-3.13E+00,-5.75E+00,+1.145E+00
2,12/2/2026,10:41:05.438,-0.09E+00,-0.05E+00,+0.05E+00,+0.00E+00,+8.53E+00,-3.27E+00,-5.63E+00,+1.022E+00
2,12/2/2026,10:41:05.438,-0.09E+00,-0.05E+00,+0.05E+00,-0.05E+00,+8.55E+00,-3.39E+00,-5.52E+00,+0.900E+00
2,12/2/2026,10:41:05.438,-0.09E+00,-0.05E+00,+0.05E+00,-0.05E+00,+8.56E+00,-3.51E+00,-5.42E+00,+0.786E+00
2,12/2/2026,10:41:05.438,-0.09E+00,-0.05E+00,+0.05E+00,-0.05E+00,+8.58E+00,-3.65E+00,-5.30E+00,+0.664E+00
2,12/2/2026,10:41:05.438,-0.09E+00,-0.05E+00,+0.05E+00,+0.00E+00,+8.58E+00,-3.77E+00,-5.19E+00,+0.542E+00
2,12/2/2026,10:41:05.438,-0.09E+00,-0.05E+00,+0.05E+00,+0.00E+00,+8.59E+00,-3.89E+00,-5.07E+00,+0.420E+00
2,12/2/2026,10:41:05.438,-0.09E+00,-0.05E+00,+0.05E+00,+0.00E+00,+8.61E+00,-4.01E+00,-4.94E+00,+0.305E+00
2,12/2/2026,10:41:05.438,-0.09E+00,-0.05E+00,+0.05E+00,-0.05E+00,+8.61E+00,-4.14E+00,-4.84E+00,+0.191E+00
2,12/2/2026,10:41:05.439,-0.09E+00,-0.05E+00,+0.05E+00,+0.00E+00,+8.61E+00,-4.24E+00,-4.73E+00,+0.076E+00
2,12/2/2026,10:41:05.439,-0.09E+00,-0.05E+00,+0.05E+00,+0.00E+00,+8.62E+00,-4.36E+00,-4.62E+00,-0.038E+00
2,12/2/2026,10:41:05.439,-0.09E+00,-0.05E+00,+0.05E+00,+0.00E+00,+8.64E+00,-4.49E+00,-4.52E+00,-0.153E+00
2,12/2/2026,10:41:05.439,-0.09E+00,-0.05E+00,+0.05E+00,-0.05E+00,+8.64E+00,-4.59E+00,-4.39E+00,-0.259E+00
2,12/2/2026,10:41:05.439,-0.09E+00,-0.05E+00,+0.05E+00,+0.00E+00,+8.62E+00,-4.72E+00,-4.29E+00,-0.374E+00
2,12/2/2026,10:41:05.439,-0.09E+00,-0.05E+00,+0.05E+00,+0.00E+00,+8.64E+00,-4.84E+00,-4.17E+00,-0.488E+00
2,12/2/2026,10:41:05.439,-0.09E+00,-0.05E+00,+0.05E+00,+0.00E+00,+8.64E+00,-4.94E+00,-4.06E+00,-0.610E+00
2,12/2/2026,10:41:05.439,-0.09E+00,-0.05E+00,+0.05E+00,-0.05E+00,+8.64E+00,-5.07E+00,-3.94E+00,-0.725E+00
2,12/2/2026,10:41:05.439,-0.09E+00,-0.05E+00,+0.05E+00,+0.00E+00,+8.62E+00,-5.17E+00,-3.82E+00,-0.839E+00
2,12/2/2026,10:41:05.439,-0.09E+00,-0.05E+00,+0.05E+00,+0.00E+00,+8.62E+00,-5.30E+00,-3.69E+00,-0.954E+00
2,12/2/2026,10:41:05.439,-0.14E+00,-0.05E+00,+0.05E+00,-0.05E+00,+8.62E+00,-5.40E+00,-3.59E+00,-1.076E+00
2,12/2/2026,10:41:05.439,-0.09E+00,-0.05E+00,+0.05E+00,-0.05E+00,+8.61E+00,-5.52E+00,-3.46E+00,-1.190E+00
2,12/2/2026,10:41:05.439,-0.09E+00,-0.05E+00,+0.05E+00,+0.00E+00,+8.61E+00,-5.63E+00,-3.34E+00,-1.305E+00
2,12/2/2026,10:41:05.439,-0.09E+00,-0.05E+00,+0.00E+00,+0.00E+00,+8.59E+00,-5.74E+00,-3.20E+00,-1.419E+00
2,12/2/2026,10:41:05.439,-0.09E+00,-0.05E+00,+0.05E+00,-0.05E+00,+8.58E+00,-5.84E+00,-3.08E+00,-1.534E+00
2,12/2/2026,10:41:05.439,-0.09E+00,-0.05E+00,+0.05E+00,-0.05E+00,+8.56E+00,-5.97E+00,-2.96E+00,-1.656E+00
2,12/2/2026,10:41:05.439,-0.09E+00,-0.05E+00,+0.05E+00,+0.00E+00,+8.53E+00,-6.07E+00,-2.82E+00,-1.778E+00
2,12/2/2026,10:41:05.439,-0.09E+00,-0.05E+00,+0.05E+00,+0.00E+00,+8.50E+00,-6.18E+00,-2.69E+00,-1.892E+00
2,12/2/2026,10:41:05.439,-0.09E+00,-0.05E+00,+0.05E+00,+0.00E+00,+8.47E+00,-6.27E+00,-2.56E+00,-2.014E+00
2,12/2/2026,10:41:05.439,-0.09E+00,-0.05E+00,+0.05E+00,+0.00E+00,+8.44E+00,-6.38E+00,-2.43E+00,-2.129E+00
2,12/2/2026,10:41:05.440,-0.09E+00,-0.05E+00,+0.05E+00,+0.00E+00,+8.41E+00,-6.49E+00,-2.29E+00,-2.243E+00
2,12/2/2026,10:41:05.440,-0.09E+00,-0.05E+00,+0.05E+00,+0.00E+00,+8.38E+00,-6.58E+00,-2.17E+00,-2.358E+00
2,12/2/2026,10:41:05.440,-0.09E+00,-0.05E+00,+0.05E+00,-0.05E+00,+8.33E+00,-6.67E+00,-2.03E+00,-2.480E+00
2,12/2/2026,10:41:05.440,-0.09E+00,-0.05E+00,+0.05E+00,-0.05E+00,+8.29E+00,-6.76E+00,-1.89E+00,-2.587E+00
2,12/2/2026,10:41:05.440,-0.09E+00,-0.05E+00,+0.05E+00,+0.00E+00,+8.24E+00,-6.85E+00,-1.75E+00,-2.693E+00
2,12/2/2026,10:41:05.440,-0.09E+00,-0.05E+00,+0.05E+00,+0.00E+00,+8.19E+00,-6.94E+00,-1.62E+00,-2.800E+00
2,12/2/2026,10:41:05.440,-0.09E+00,-0.05E+00,+0.05E+00,+0.00E+00,+8.15E+00,-7.03E+00,-1.48E+00,-2.915E+00
2,12/2/2026,10:41:05.440,-0.09E+00,-0.05E+00,+0.05E+00,+0.00E+00,+8.09E+00,-7.11E+00,-1.34E+00,-3.022E+00
2,12/2/2026,10:41:05.440,-0.09E+00,-0.05E+00,+0.05E+00,-0.05E+00,+8.03E+00,-7.19E+00,-1.21E+00,-3.128E+00
2,12/2/2026,10:41:05.440,-0.09E+00,-0.05E+00,+0.05E+00,-0.05E+00,+7.97E+00,-7.26E+00,-1.07E+00,-3.243E+00
2,12/2/2026,10:41:05.440,-0.05E+00,-0.05E+00,+0.05E+00,+0.00E+00,+7.90E+00,-7.34E+00,-0.93E+00,-3.350E+00
2,12/2/2026,10:41:05.440,-0.09E+00,-0.05E+00,+0.05E+00,+0.00E+00,+7.83E+00,-7.42E+00,-0.78E+00,-3.456E+00
2,12/2/2026,10:41:05.440,-0.14E+00,-0.05E+00,+0.05E+00,+0.00E+00,+7.75E+00,-7.49E+00,-0.64E+00,-3.563E+00
2,12/2/2026,10:41:05.440,-0.09E+00,-0.05E+00,+0.05E+00,-0.05E+00,+7.68E+00,-7.55E+00,-0.49E+00,-3.670E+00
2,12/2/2026,10:41:05.440,-0.09E+00,-0.05E+00,+0.05E+00,-0.05E+00,+7.60E+00,-7.63E+00,-0.35E+00,-3.769E+00
2,12/2/2026,10:41:05.440,-0.09E+00,-0.05E+00,+0.05E+00,-0.05E+00,+7.52E+00,-7.69E+00,-0.21E+00,-3.876E+00
2,12/2/2026,10:41:05.440,-0.09E+00,-0.05E+00,+0.05E+00,+0.00E+00,+7.45E+00,-7.75E+00,-0.06E+00,-3.975E+00
2,12/2/2026,10:41:05.440,-0.09E+00,-0.05E+00,+0.05E+00,-0.05E+00,+7.37E+00,-7.81E+00,+0.08E+00,-4.074E+00
2,12/2/2026,10:41:05.440,-0.09E+00,-0.05E+00,+0.05E+00,-0.05E+00,+7.28E+00,-7.87E+00,+0.21E+00,-4.174E+00
2,12/2/2026,10:41:05.440,-0.09E+00,-0.05E+00,+0.05E+00,+0.00E+00,+7.20E+00,-7.92E+00,+0.37E+00,-4.273E+00
2,12/2/2026,10:41:05.441,-0.09E+00,-0.05E+00,+0.05E+00,+0.00E+00,+7.11E+00,-7.98E+00,+0.50E+00,-4.372E+00
2,12/2/2026,10:41:05.441,-0.09E+00,-0.05E+00,+0.00E+00,-0.05E+00,+7.02E+00,-8.04E+00,+0.66E+00,-4.471E+00
2,12/2/2026,10:41:05.441,-0.09E+00,-0.05E+00,+0.05E+00,-0.05E+00,+6.91E+00,-8.09E+00,+0.79E+00,-4.570E+00
2,12/2/2026,10:41:05.441,-0.09E+00,-0.05E+00,+0.05E+00,+0.00E+00,+6.82E+00,-8.15E+00,+0.95E+00,-4.662E+00
2,12/2/2026,10:41:05.441,-0.09E+00,-0.05E+00,+0.05E+00,-0.05E+00,+6.73E+00,-8.19E+00,+1.10E+00,-4.754E+00
2,12/2/2026,10:41:05.441,-0.09E+00,-0.05E+00,+0.05E+00,+0.00E+00,+6.64E+00,-8.24E+00,+1.24E+00,-4.853E+00
2,12/2/2026,10:41:05.441,-0.09E+00,-0.05E+00,+0.05E+00,+0.00E+00,+6.53E+00,-8.29E+00,+1.37E+00,-4.944E+00
2,12/2/2026,10:41:05.441,-0.09E+00,-0.05E+00,+0.00E+00,+0.00E+00,+6.44E+00,-8.33E+00,+1.53E+00,-5.036E+00
2,12/2/2026,10:41:05.441,-0.09E+00,-0.05E+00,+0.05E+00,-0.05E+00,+6.33E+00,-8.36E+00,+1.66E+00,-5.127E+00
2,12/2/2026,10:41:05.441,-0.09E+00,-0.05E+00,+0.05E+00,-0.05E+00,+6.24E+00,-8.41E+00,+1.80E+00,-5.211E+00
2,12/2/2026,10:41:05.441,-0.09E+00,-0.05E+00,+0.05E+00,-0.05E+00,+6.13E+00,-8.44E+00,+1.94E+00,-5.295E+00
2,12/2/2026,10:41:05.441,-0.09E+00,-0.05E+00,+0.05E+00,+0.00E+00,+6.03E+00,-8.47E+00,+2.09E+00,-5.379E+00
2,12/2/2026,10:41:05.441,-0.09E+00,-0.05E+00,+0.05E+00,+0.00E+00,+5.92E+00,-8.52E+00,+2.23E+00,-5.471E+00
2,12/2/2026,10:41:05.441,-0.09E+00,-0.05E+00,+0.05E+00,+0.00E+00,+5.81E+00,-8.55E+00,+2.37E+00,-5.555E+00
2,12/2/2026,10:41:05.441,-0.09E+00,-0.05E+00,+0.05E+00,+0.00E+00,+5.71E+00,-8.58E+00,+2.50E+00,-5.631E+00
2,12/2/2026,10:41:05.441,-0.09E+00,-0.05E+00,+0.05E+00,+0.00E+00,+5.60E+00,-8.61E+00,+2.64E+00,-5.723E+00
2,12/2/2026,10:41:05.441,-0.09E+00,-0.05E+00,+0.05E+00,-0.05E+00,+5.49E+00,-8.64E+00,+2.78E+00,-5.799E+00
2,12/2/2026,10:41:05.441,-0.09E+00,-0.05E+00,+0.00E+00,-0.05E+00,+5.40E+00,-8.67E+00,+2.91E+00,-5.883E+00
2,12/2/2026,10:41:05.441,-0.09E+00,-0.05E+00,+0.05E+00,+0.00E+00,+5.28E+00,-8.68E+00,+3.05E+00,-5.959E+00
2,12/2/2026,10:41:05.441,-0.09E+00,-0.05E+00,+0.05E+00,-0.05E+00,+5.17E+00,-8.71E+00,+3.17E+00,-6.035E+00
2,12/2/2026,10:41:05.442,-0.09E+00,-0.05E+00,+0.05E+00,-0.05E+00,+5.07E+00,-8.74E+00,+3.31E+00,-6.112E+00
2,12/2/2026,10:41:05.442,-0.09E+00,-0.05E+00,+0.05E+00,+0.00E+00,+4.96E+00,-8.76E+00,+3.43E+00,-6.180E+00
2,12/2/2026,10:41:05.442,-0.09E+00,-0.05E+00,+0.05E+00,+0.00E+00,+4.85E+00,-8.77E+00,+3.56E+00,-6.249E+00
2,12/2/2026,10:41:05.442,-0.09E+00,-0.05E+00,+0.05E+00,-0.05E+00,+4.73E+00,-8.79E+00,+3.69E+00,-6.325E+00
2,12/2/2026,10:41:05.442,-0.14E+00,-0.05E+00,+0.05E+00,-0.05E+00,+4.61E+00,-8.81E+00,+3.82E+00,-6.394E+00
2,12/2/2026,10:41:05.442,-0.09E+00,-0.05E+00,+0.05E+00,+0.00E+00,+4.50E+00,-8.82E+00,+3.94E+00,-6.455E+00
2,12/2/2026,10:41:05.442,-0.09E+00,-0.05E+00,+0.05E+00,-0.05E+00,+4.39E+00,-8.82E+00,+4.06E+00,-6.516E+00
2,12/2/2026,10:41:05.442,-0.09E+00,-0.05E+00,+0.05E+00,-0.05E+00,+4.29E+00,-8.84E+00,+4.17E+00,-6.577E+00
2,12/2/2026,10:41:05.442,-0.09E+00,-0.05E+00,+0.05E+00,+0.00E+00,+4.18E+00,-8.84E+00,+4.29E+00,-6.638E+00
2,12/2/2026,10:41:05.442,-0.09E+00,-0.05E+00,+0.05E+00,+0.00E+00,+4.06E+00,-8.85E+00,+4.41E+00,-6.699E+00
2,12/2/2026,10:41:05.442,-0.09E+00,-0.05E+00,+0.05E+00,-0.05E+00,+3.95E+00,-8.85E+00,+4.53E+00,-6.760E+00
2,12/2/2026,10:41:05.442,-0.09E+00,-0.05E+00,+0.05E+00,+0.00E+00,+3.85E+00,-8.85E+00,+4.65E+00,-6.814E+00
2,12/2/2026,10:41:05.442,-0.09E+00,-0.05E+00,+0.05E+00,+0.00E+00,+3.72E+00,-8.85E+00,+4.76E+00,-6.875E+00
2,12/2/2026,10:41:05.442,-0.09E+00,-0.05E+00,+0.05E+00,+0.00E+00,+3.62E+00,-8.85E+00,+4.88E+00,-6.936E+00
2,12/2/2026,10:41:05.442,-0.09E+00,-0.05E+00,+0.05E+00,-0.05E+00,+3.49E+00,-8.87E+00,+5.01E+00,-6.989E+00
2,12/2/2026,10:41:05.442,-0.09E+00,-0.05E+00,+0.05E+00,+0.00E+00,+3.37E+00,-8.87E+00,+5.11E+00,-7.050E+00
2,12/2/2026,10:41:05.442,-0.09E+00,-0.05E+00,+0.05E+00,+0.00E+00,+3.27E+00,-8.85E+00,+5.23E+00,-7.104E+00
2,12/2/2026,10:41:05.442,-0.09E+00,-0.05E+00,+0.05E+00,+0.00E+00,+3.14E+00,-8.85E+00,+5.36E+00,-7.157E+00
2,12/2/2026,10:41:05.442,-0.09E+00,-0.05E+00,+0.05E+00,-0.05E+00,+3.02E+00,-8.85E+00,+5.46E+00,-7.210E+00
2,12/2/2026,10:41:05.442,-0.05E+00,-0.05E+00,+0.05E+00,+0.00E+00,+2.91E+00,-8.85E+00,+5.57E+00,-7.264E+00
2,12/2/2026,10:41:05.443,-0.09E+00,-0.05E+00,+0.05E+00,+0.00E+00,+2.79E+00,-8.84E+00,+5.68E+00,-7.310E+00
2,12/2/2026,10:41:05.443,-0.09E+00,-0.05E+00,+0.05E+00,-0.05E+00,+2.66E+00,-8.84E+00,+5.80E+00,-7.363E+00
2,12/2/2026,10:41:05.443,-0.09E+00,-0.05E+00,+0.05E+00,-0.05E+00,+2.53E+00,-8.82E+00,+5.92E+00,-7.409E+00
2,12/2/2026,10:41:05.443,-0.09E+00,-0.05E+00,+0.05E+00,+0.00E+00,+2.41E+00,-8.79E+00,+6.03E+00,-7.447E+00
2,12/2/2026,10:41:05.443,-0.09E+00,-0.05E+00,+0.05E+00,+0.00E+00,+2.27E+00,-8.76E+00,+6.12E+00,-7.485E+00
2,12/2/2026,10:41:05.443,-0.09E+00,-0.05E+00,+0.05E+00,+0.00E+00,+2.14E+00,-8.73E+00,+6.23E+00,-7.516E+00
2,12/2/2026,10:41:05.443,-0.09E+00,-0.05E+00,+0.05E+00,-0.05E+00,+2.01E+00,-8.70E+00,+6.32E+00,-7.554E+00
2,12/2/2026,10:41:05.443,-0.09E+00,-0.05E+00,+0.05E+00,+0.00E+00,+1.88E+00,-8.67E+00,+6.42E+00,-7.577E+00
2,12/2/2026,10:41:05.443,-0.09E+00,-0.05E+00,+0.05E+00,+0.00E+00,+1.74E+00,-8.62E+00,+6.50E+00,-7.592E+00
2,12/2/2026,10:41:05.443,-0.09E+00,-0.05E+00,+0.05E+00,-0.05E+00,+1.62E+00,-8.58E+00,+6.59E+00,-7.615E+00
2,12/2/2026,10:41:05.443,-0.09E+00,-0.05E+00,+0.05E+00,+0.00E+00,+1.48E+00,-8.53E+00,+6.67E+00,-7.630E+00
2,12/2/2026,10:41:05.443,-0.09E+00,-0.05E+00,+0.05E+00,-0.05E+00,+1.34E+00,-8.48E+00,+6.76E+00,-7.645E+00
2,12/2/2026,10:41:05.443,-0.09E+00,-0.05E+00,+0.05E+00,-0.05E+00,+1.21E+00,-8.42E+00,+6.84E+00,-7.653E+00
2,12/2/2026,10:41:05.443,-0.09E+00,-0.05E+00,+0.05E+00,+0.00E+00,+1.07E+00,-8.36E+00,+6.93E+00,-7.668E+00
2,12/2/2026,10:41:05.443,-0.09E+00,-0.05E+00,+0.05E+00,+0.00E+00,+0.93E+00,-8.30E+00,+7.00E+00,-7.676E+00
2,12/2/2026,10:41:05.443,-0.09E+00,-0.05E+00,+0.05E+00,+0.00E+00,+0.79E+00,-8.24E+00,+7.08E+00,-7.676E+00
2,12/2/2026,10:41:05.443,-0.09E+00,-0.05E+00,+0.05E+00,+0.00E+00,+0.64E+00,-8.16E+00,+7.14E+00,-7.684E+00
2,12/2/2026,10:41:05.443,-0.09E+00,-0.05E+00,+0.05E+00,+0.00E+00,+0.50E+00,-8.10E+00,+7.22E+00,-7.684E+00
2,12/2/2026,10:41:05.443,-0.09E+00,-0.05E+00,+0.05E+00,-0.05E+00,+0.35E+00,-8.03E+00,+7.29E+00,-7.676E+00
2,12/2/2026,10:41:05.443,-0.09E+00,-0.05E+00,+0.05E+00,-0.05E+00,+0.21E+00,-7.95E+00,+7.37E+00,-7.676E+00
2,12/2/2026,10:41:05.444,-0.09E+00,-0.05E+00,+0.05E+00,+0.00E+00,+0.06E+00,-7.87E+00,+7.43E+00,-7.668E+00
2,12/2/2026,10:41:05.444,-0.09E+00,-0.05E+00,+0.05E+00,-0.05E+00,-0.08E+00,-7.80E+00,+7.49E+00,-7.668E+00
2,12/2/2026,10:41:05.444,-0.14E+00,-0.05E+00,+0.05E+00,-0.05E+00,-0.21E+00,-7.72E+00,+7.57E+00,-7.661E+00
2,12/2/2026,10:41:05.444,-0.09E+00,-0.05E+00,+0.05E+00,+0.00E+00,-0.35E+00,-7.65E+00,+7.63E+00,-7.645E+00
2,12/2/2026,10:41:05.444,-0.09E+00,-0.05E+00,+0.05E+00,-0.05E+00,-0.50E+00,-7.55E+00,+7.69E+00,-7.638E+00
2,12/2/2026,10:41:05.444,-0.09E+00,-0.05E+00,+0.05E+00,-0.05E+00,-0.64E+00,-7.48E+00,+7.75E+00,-7.622E+00
2,12/2/2026,10:41:05.444,-0.09E+00,-0.05E+00,+0.05E+00,+0.00E+00,-0.79E+00,-7.39E+00,+7.81E+00,-7.607E+00
2,12/2/2026,10:41:05.444,-0.09E+00,-0.05E+00,+0.05E+00,+0.00E+00,-0.95E+00,-7.29E+00,+7.87E+00,-7.592E+00
2,12/2/2026,10:41:05.444,-0.09E+00,-0.05E+00,+0.05E+00,-0.05E+00,-1.08E+00,-7.22E+00,+7.94E+00,-7.569E+00
2,12/2/2026,10:41:05.444,-0.09E+00,-0.05E+00,+0.05E+00,-0.05E+00,-1.24E+00,-7.13E+00,+7.98E+00,-7.546E+00
2,12/2/2026,10:41:05.444,-0.09E+00,+0.00E+00,+0.05E+00,+0.00E+00,-1.37E+00,-7.03E+00,+8.03E+00,-7.531E+00
2,12/2/2026,10:41:05.444,-0.09E+00,-0.05E+00,+0.05E+00,+0.00E+00,-1.53E+00,-6.93E+00,+8.09E+00,-7.508E+00
2,12/2/2026,10:41:05.444,-0.09E+00,-0.05E+00,+0.05E+00,+0.00E+00,-1.66E+00,-6.84E+00,+8.13E+00,-7.477E+00
2,12/2/2026,10:41:05.444,-0.09E+00,-0.05E+00,+0.05E+00,+0.00E+00,-1.80E+00,-6.75E+00,+8.18E+00,-7.455E+00
2,12/2/2026,10:41:05.444,-0.09E+00,-0.05E+00,+0.05E+00,+0.00E+00,-1.95E+00,-6.64E+00,+8.23E+00,-7.424E+00
2,12/2/2026,10:41:05.444,-0.09E+00,-0.05E+00,+0.05E+00,+0.00E+00,-2.09E+00,-6.55E+00,+8.26E+00,-7.394E+00
2,12/2/2026,10:41:05.444,-0.09E+00,-0.05E+00,+0.05E+00,+0.00E+00,-2.23E+00,-6.44E+00,+8.29E+00,-7.363E+00
2,12/2/2026,10:41:05.444,-0.09E+00,-0.05E+00,+0.05E+00,+0.00E+00,-2.37E+00,-6.35E+00,+8.33E+00,-7.333E+00
2,12/2/2026,10:41:05.444,-0.09E+00,-0.05E+00,+0.05E+00,-0.05E+00,-2.50E+00,-6.26E+00,+8.36E+00,-7.294E+00
2,12/2/2026,10:41:05.444,-0.14E+00,-0.05E+00,+0.05E+00,-0.05E+00,-2.64E+00,-6.15E+00,+8.39E+00,-7.256E+00
2,12/2/2026,10:41:05.445,-0.09E+00,-0.05E+00,+0.05E+00,+0.00E+00,-2.78E+00,-6.04E+00,+8.42E+00,-7.218E+00
2,12/2/2026,10:41:05.445,-0.09E+00,-0.05E+00,+0.05E+00,+0.00E+00,-2.90E+00,-5.94E+00,+8.45E+00,-7.180E+00
2,12/2/2026,10:41:05.445,-0.09E+00,-0.05E+00,+0.05E+00,-0.05E+00,-3.04E+00,-5.83E+00,+8.48E+00,-7.142E+00
2,12/2/2026,10:41:05.445,-0.09E+00,-0.05E+00,+0.05E+00,-0.05E+00,-3.16E+00,-5.72E+00,+8.50E+00,-7.096E+00
2,12/2/2026,10:41:05.445,-0.09E+00,-0.05E+00,+0.05E+00,+0.00E+00,-3.28E+00,-5.62E+00,+8.53E+00,-7.050E+00
2,12/2/2026,10:41:05.445,-0.09E+00,-0.05E+00,+0.05E+00,+0.00E+00,-3.42E+00,-5.51E+00,+8.55E+00,-7.012E+00
2,12/2/2026,10:41:05.445,-0.09E+00,-0.05E+00,+0.05E+00,+0.00E+00,-3.54E+00,-5.40E+00,+8.56E+00,-6.966E+00
2,12/2/2026,10:41:05.445,-0.09E+00,-0.05E+00,+0.05E+00,+0.00E+00,-3.68E+00,-5.28E+00,+8.58E+00,-6.913E+00
2,12/2/2026,10:41:05.445,-0.09E+00,-0.05E+00,+0.05E+00,+0.00E+00,-3.80E+00,-5.17E+00,+8.59E+00,-6.859E+00
2,12/2/2026,10:41:05.445,-0.09E+00,-0.05E+00,+0.05E+00,-0.05E+00,-3.92E+00,-5.07E+00,+8.61E+00,-6.806E+00
2,12/2/2026,10:41:05.445,-0.09E+00,-0.05E+00,+0.05E+00,-0.05E+00,-4.04E+00,-4.94E+00,+8.62E+00,-6.760E+00
2,12/2/2026,10:41:05.445,-0.09E+00,-0.05E+00,+0.05E+00,+0.00E+00,-4.18E+00,-4.84E+00,+8.62E+00,-6.707E+00
2,12/2/2026,10:41:05.445,-0.09E+00,-0.05E+00,+0.05E+00,+0.00E+00,-4.29E+00,-4.73E+00,+8.64E+00,-6.661E+00
2,12/2/2026,10:41:05.445,-0.09E+00,-0.05E+00,+0.05E+00,-0.05E+00,-4.41E+00,-4.62E+00,+8.65E+00,-6.608E+00
2,12/2/2026,10:41:05.445,-0.09E+00,-0.05E+00,+0.05E+00,+0.00E+00,-4.53E+00,-4.52E+00,+8.65E+00,-6.554E+00
2,12/2/2026,10:41:05.445,-0.09E+00,-0.05E+00,+0.05E+00,+0.00E+00,-4.64E+00,-4.39E+00,+8.67E+00,-6.501E+00
2,12/2/2026,10:41:05.445,-0.09E+00,-0.05E+00,+0.05E+00,-0.05E+00,-4.76E+00,-4.29E+00,+8.68E+00,-6.447E+00
2,12/2/2026,10:41:05.445,-0.09E+00,-0.05E+00,+0.05E+00,-0.05E+00,-4.88E+00,-4.18E+00,+8.68E+00,-6.402E+00
2,12/2/2026,10:41:05.445,-0.09E+00,-0.05E+00,+0.05E+00,+0.00E+00,-5.01E+00,-4.07E+00,+8.68E+00,-6.341E+00
2,12/2/2026,10:41:05.445,-0.09E+00,-0.05E+00,+0.05E+00,+0.00E+00,-5.11E+00,-3.95E+00,+8.70E+00,-6.287E+00
2,12/2/2026,10:41:05.446,-0.09E+00,-0.05E+00,+0.05E+00,+0.00E+00,-5.22E+00,-3.85E+00,+8.70E+00,-6.234E+00
2,12/2/2026,10:41:05.446,-0.09E+00,-0.05E+00,+0.05E+00,-0.05E+00,-5.34E+00,-3.72E+00,+8.70E+00,-6.173E+00
2,12/2/2026,10:41:05.446,-0.09E+00,-0.05E+00,+0.05E+00,+0.00E+00,-5.46E+00,-3.62E+00,+8.70E+00,-6.112E+00
2,12/2/2026,10:41:05.446,-0.09E+00,-0.05E+00,+0.05E+00,+0.00E+00,-5.57E+00,-3.49E+00,+8.70E+00,-6.058E+00
2,12/2/2026,10:41:05.446,-0.09E+00,-0.05E+00,+0.05E+00,-0.05E+00,-5.69E+00,-3.37E+00,+8.70E+00,-5.990E+00
2,12/2/2026,10:41:05.446,-0.09E+00,-0.05E+00,+0.05E+00,-0.05E+00,-5.80E+00,-3.27E+00,+8.68E+00,-5.929E+00
2,12/2/2026,10:41:05.446,-0.09E+00,-0.05E+00,+0.05E+00,-0.05E+00,-5.92E+00,-3.13E+00,+8.68E+00,-5.868E+00
2,12/2/2026,10:41:05.446,-0.09E+00,-0.05E+00,+0.05E+00,+0.00E+00,-6.04E+00,-3.01E+00,+8.68E+00,-5.799E+00
2,12/2/2026,10:41:05.446,-0.09E+00,-0.05E+00,+0.00E+00,+0.00E+00,-6.15E+00,-2.88E+00,+8.67E+00,-5.730E+00
2,12/2/2026,10:41:05.446,-0.09E+00,-0.05E+00,+0.05E+00,+0.00E+00,-6.27E+00,-2.76E+00,+8.65E+00,-5.662E+00
2,12/2/2026,10:41:05.446,-0.09E+00,-0.05E+00,+0.05E+00,-0.05E+00,-6.38E+00,-2.64E+00,+8.64E+00,-5.593E+00
2,12/2/2026,10:41:05.446,-0.09E+00,-0.05E+00,+0.05E+00,-0.05E+00,-6.49E+00,-2.52E+00,+8.64E+00,-5.524E+00
2,12/2/2026,10:41:05.446,-0.09E+00,-0.05E+00,+0.05E+00,+0.00E+00,-6.59E+00,-2.40E+00,+8.61E+00,-5.456E+00
2,12/2/2026,10:41:05.446,-0.09E+00,-0.05E+00,+0.05E+00,+0.00E+00,-6.68E+00,-2.27E+00,+8.59E+00,-5.379E+00
2,12/2/2026,10:41:05.446,-0.09E+00,-0.05E+00,+0.05E+00,-0.05E+00,-6.79E+00,-2.15E+00,+8.56E+00,-5.295E+00
2,12/2/2026,10:41:05.446,-0.09E+00,-0.05E+00,+0.05E+00,-0.05E+00,-6.88E+00,-2.01E+00,+8.52E+00,-5.211E+00
2,12/2/2026,10:41:05.446,-0.14E+00,-0.05E+00,+0.05E+00,-0.05E+00,-6.97E+00,-1.88E+00,+8.47E+00,-5.120E+00
2,12/2/2026,10:41:05.446,-0.09E+00,-0.05E+00,+0.05E+00,+0.00E+00,-7.05E+00,-1.74E+00,+8.41E+00,-5.021E+00
2,12/2/2026,10:41:05.446,-0.09E+00,-0.05E+00,+0.05E+00,-0.05E+00,-7.14E+00,-1.59E+00,+8.35E+00,-4.921E+00
2,12/2/2026,10:41:05.446,-0.09E+00,-0.05E+00,+0.05E+00,+0.00E+00,-7.22E+00,-1.43E+00,+8.29E+00,-4.815E+00
2,12/2/2026,10:41:05.447,-0.09E+00,-0.05E+00,+0.05E+00,+0.00E+00,-7.29E+00,-1.30E+00,+8.23E+00,-4.708E+00
2,12/2/2026,10:41:05.447,-0.09E+00,-0.05E+00,+0.05E+00,-0.05E+00,-7.37E+00,-1.16E+00,+8.16E+00,-4.609E+00
2,12/2/2026,10:41:05.447,-0.09E+00,-0.05E+00,+0.05E+00,-0.05E+00,-7.45E+00,-1.02E+00,+8.10E+00,-4.502E+00
2,12/2/2026,10:41:05.447,-0.09E+00,-0.05E+00,+0.05E+00,+0.00E+00,-7.52E+00,-0.89E+00,+8.03E+00,-4.403E+00
2,12/2/2026,10:41:05.447,-0.09E+00,-0.05E+00,+0.05E+00,+0.00E+00,-7.58E+00,-0.75E+00,+7.97E+00,-4.303E+00
2,12/2/2026,10:41:05.447,-0.09E+00,-0.05E+00,+0.05E+00,+0.00E+00,-7.66E+00,-0.61E+00,+7.90E+00,-4.197E+00
2,12/2/2026,10:41:05.447,-0.09E+00,-0.05E+00,+0.05E+00,+0.00E+00,-7.74E+00,-0.47E+00,+7.83E+00,-4.097E+00
2,12/2/2026,10:41:05.447,-0.09E+00,-0.05E+00,+0.05E+00,-0.05E+00,-7.80E+00,-0.34E+00,+7.75E+00,-3.991E+00
2,12/2/2026,10:41:05.447,-0.09E+00,-0.05E+00,+0.05E+00,-0.05E+00,-7.87E+00,-0.20E+00,+7.69E+00,-3.884E+00
2,12/2/2026,10:41:05.447,-0.09E+00,-0.05E+00,+0.05E+00,+0.00E+00,-7.94E+00,-0.06E+00,+7.61E+00,-3.777E+00
2,12/2/2026,10:41:05.447,-0.09E+00,-0.05E+00,+0.05E+00,+0.00E+00,-7.98E+00,+0.08E+00,+7.54E+00,-3.670E+00
2,12/2/2026,10:41:05.447,-0.09E+00,-0.05E+00,+0.05E+00,+0.00E+00,-8.03E+00,+0.21E+00,+7.45E+00,-3.563E+00
2,12/2/2026,10:41:05.447,-0.14E+00,-0.05E+00,+0.05E+00,-0.05E+00,-8.09E+00,+0.35E+00,+7.37E+00,-3.449E+00
2,12/2/2026,10:41:05.447,-0.09E+00,-0.05E+00,+0.05E+00,-0.05E+00,-8.13E+00,+0.49E+00,+7.26E+00,-3.334E+00
2,12/2/2026,10:41:05.447,-0.09E+00,-0.05E+00,+0.05E+00,+0.00E+00,-8.18E+00,+0.64E+00,+7.17E+00,-3.212E+00
2,12/2/2026,10:41:05.447,-0.09E+00,-0.05E+00,+0.05E+00,+0.00E+00,-8.23E+00,+0.78E+00,+7.07E+00,-3.090E+00
2,12/2/2026,10:41:05.447,-0.09E+00,-0.05E+00,+0.05E+00,-0.05E+00,-8.27E+00,+0.93E+00,+6.97E+00,-2.960E+00
2,12/2/2026,10:41:05.447,-0.09E+00,-0.05E+00,+0.05E+00,-0.05E+00,-8.30E+00,+1.08E+00,+6.87E+00,-2.838E+00
2,12/2/2026,10:41:05.447,-0.09E+00,-0.05E+00,+0.05E+00,+0.00E+00,-8.35E+00,+1.22E+00,+6.76E+00,-2.716E+00
2,12/2/2026,10:41:05.447,-0.09E+00,-0.05E+00,+0.05E+00,-0.05E+00,-8.39E+00,+1.36E+00,+6.67E+00,-2.602E+00
2,12/2/2026,10:41:05.448,-0.09E+00,-0.05E+00,+0.05E+00,-0.05E+00,-8.44E+00,+1.51E+00,+6.56E+00,-2.480E+00
2,12/2/2026,10:41:05.448,-0.09E+00,-0.05E+00,+0.05E+00,+0.00E+00,-8.48E+00,+1.65E+00,+6.47E+00,-2.358E+00
2,12/2/2026,10:41:05.448,-0.09E+00,-0.05E+00,+0.05E+00,+0.00E+00,-8.53E+00,+1.79E+00,+6.36E+00,-2.228E+00
2,12/2/2026,10:41:05.448,-0.09E+00,-0.05E+00,+0.05E+00,-0.05E+00,-8.56E+00,+1.94E+00,+6.27E+00,-2.114E+00
2,12/2/2026,10:41:05.448,-0.09E+00,-0.05E+00,+0.05E+00,+0.00E+00,-8.61E+00,+2.08E+00,+6.17E+00,-1.991E+00
2,12/2/2026,10:41:05.448,-0.09E+00,-0.05E+00,+0.05E+00,+0.00E+00,-8.64E+00,+2.21E+00,+6.06E+00,-1.869E+00
2,12/2/2026,10:41:05.448,-0.09E+00,-0.05E+00,+0.05E+00,+0.00E+00,-8.67E+00,+2.35E+00,+5.95E+00,-1.747E+00
2,12/2/2026,10:41:05.448,-0.09E+00,-0.05E+00,+0.05E+00,+0.00E+00,-8.70E+00,+2.49E+00,+5.84E+00,-1.625E+00
2,12/2/2026,10:41:05.448,-0.09E+00,-0.05E+00,+0.05E+00,+0.00E+00,-8.71E+00,+2.62E+00,+5.74E+00,-1.503E+00
2,12/2/2026,10:41:05.448,-0.09E+00,-0.05E+00,+0.05E+00,+0.00E+00,-8.74E+00,+2.76E+00,+5.63E+00,-1.381E+00
2,12/2/2026,10:41:05.448,-0.09E+00,-0.05E+00,+0.05E+00,-0.05E+00,-8.77E+00,+2.88E+00,+5.51E+00,-1.259E+00
2,12/2/2026,10:41:05.448,-0.09E+00,-0.05E+00,+0.05E+00,-0.05E+00,-8.79E+00,+3.02E+00,+5.40E+00,-1.145E+00
2,12/2/2026,10:41:05.448,-0.09E+00,-0.05E+00,+0.05E+00,-0.05E+00,-8.81E+00,+3.16E+00,+5.30E+00,-1.022E+00
2,12/2/2026,10:41:05.448,-0.09E+00,-0.05E+00,+0.05E+00,-0.05E+00,-8.82E+00,+3.28E+00,+5.17E+00,-0.900E+00
2,12/2/2026,10:41:05.448,-0.09E+00,-0.05E+00,+0.05E+00,-0.05E+00,-8.84E+00,+3.40E+00,+5.07E+00,-0.778E+00
2,12/2/2026,10:41:05.448,-0.09E+00,-0.05E+00,+0.05E+00,+0.00E+00,-8.84E+00,+3.53E+00,+4.96E+00,-0.664E+00
2,12/2/2026,10:41:05.448,-0.09E+00,-0.05E+00,+0.05E+00,-0.05E+00,-8.85E+00,+3.65E+00,+4.84E+00,-0.542E+00
2,12/2/2026,10:41:05.448,-0.09E+00,-0.05E+00,+0.05E+00,-0.05E+00,-8.87E+00,+3.77E+00,+4.72E+00,-0.420E+00
2,12/2/2026,10:41:05.448,-0.09E+00,-0.05E+00,+0.05E+00,-0.05E+00,-8.87E+00,+3.89E+00,+4.61E+00,-0.305E+00
2,12/2/2026,10:41:05.448,-0.09E+00,-0.05E+00,+0.05E+00,-0.05E+00,-8.88E+00,+4.01E+00,+4.50E+00,-0.191E+00
2,12/2/2026,10:41:05.449,-0.09E+00,-0.05E+00,+0.05E+00,-0.05E+00,-8.88E+00,+4.12E+00,+4.39E+00,-0.084E+00
2,12/2/2026,10:41:05.449,-0.09E+00,-0.05E+00,+0.05E+00,-0.05E+00,-8.90E+00,+4.24E+00,+4.27E+00,+0.031E+00
2,12/2/2026,10:41:05.449,-0.09E+00,-0.05E+00,+0.05E+00,+0.00E+00,-8.90E+00,+4.36E+00,+4.17E+00,+0.145E+00
2,12/2/2026,10:41:05.449,-0.09E+00,-0.05E+00,+0.05E+00,+0.00E+00,-8.90E+00,+4.47E+00,+4.06E+00,+0.259E+00
2,12/2/2026,10:41:05.449,-0.09E+00,-0.05E+00,+0.05E+00,-0.05E+00,-8.90E+00,+4.59E+00,+3.94E+00,+0.374E+00
2,12/2/2026,10:41:05.449,-0.09E+00,-0.05E+00,+0.05E+00,-0.05E+00,-8.90E+00,+4.72E+00,+3.83E+00,+0.488E+00
2,12/2/2026,10:41:05.449,-0.09E+00,-0.05E+00,+0.05E+00,+0.00E+00,-8.90E+00,+4.84E+00,+3.71E+00,+0.603E+00
2,12/2/2026,10:41:05.449,-0.09E+00,-0.05E+00,+0.05E+00,+0.00E+00,-8.90E+00,+4.94E+00,+3.59E+00,+0.725E+00
2,12/2/2026,10:41:05.449,-0.09E+00,-0.05E+00,+0.05E+00,-0.05E+00,-8.90E+00,+5.07E+00,+3.48E+00,+0.839E+00
2,12/2/2026,10:41:05.449,-0.09E+00,-0.05E+00,+0.05E+00,+0.00E+00,-8.90E+00,+5.17E+00,+3.36E+00,+0.954E+00
2,12/2/2026,10:41:05.449,-0.09E+00,-0.05E+00,+0.05E+00,+0.00E+00,-8.90E+00,+5.30E+00,+3.24E+00,+1.068E+00
2,12/2/2026,10:41:05.449,-0.09E+00,-0.05E+00,+0.05E+00,-0.05E+00,-8.88E+00,+5.40E+00,+3.13E+00,+1.190E+00
2,12/2/2026,10:41:05.449,-0.09E+00,-0.05E+00,+0.05E+00,+0.00E+00,-8.87E+00,+5.51E+00,+2.99E+00,+1.305E+00
2,12/2/2026,10:41:05.449,-0.09E+00,-0.05E+00,+0.05E+00,+0.00E+00,-8.87E+00,+5.63E+00,+2.87E+00,+1.419E+00
2,12/2/2026,10:41:05.449,-0.09E+00,-0.05E+00,+0.05E+00,+0.00E+00,-8.84E+00,+5.74E+00,+2.75E+00,+1.534E+00
2,12/2/2026,10:41:05.449,-0.09E+00,-0.05E+00,+0.05E+00,-0.05E+00,-8.82E+00,+5.84E+00,+2.61E+00,+1.656E+00
2,12/2/2026,10:41:05.449,-0.09E+00,-0.05E+00,+0.05E+00,-0.05E+00,-8.81E+00,+5.95E+00,+2.47E+00,+1.770E+00
2,12/2/2026,10:41:05.449,-0.09E+00,-0.05E+00,+0.05E+00,+0.00E+00,-8.77E+00,+6.06E+00,+2.35E+00,+1.892E+00
2,12/2/2026,10:41:05.449,-0.09E+00,-0.05E+00,+0.05E+00,+0.00E+00,-8.74E+00,+6.17E+00,+2.21E+00,+2.007E+00
2,12/2/2026,10:41:05.449,-0.09E+00,-0.05E+00,+0.05E+00,+0.00E+00,-8.70E+00,+6.26E+00,+2.08E+00,+2.129E+00
2,12/2/2026,10:41:05.450,-0.09E+00,-0.05E+00,+0.05E+00,+0.00E+00,-8.67E+00,+6.36E+00,+1.94E+00,+2.243E+00
2,12/2/2026,10:41:05.450,-0.09E+00,-0.05E+00,+0.00E+00,-0.05E+00,-8.62E+00,+6.46E+00,+1.82E+00,+2.358E+00
2,12/2/2026,10:41:05.450,-0.09E+00,-0.05E+00,+0.05E+00,-0.05E+00,-8.59E+00,+6.55E+00,+1.68E+00,+2.472E+00
2,12/2/2026,10:41:05.450,-0.09E+00,-0.05E+00,+0.05E+00,+0.00E+00,-8.55E+00,+6.64E+00,+1.54E+00,+2.579E+00
2,12/2/2026,10:41:05.450,-0.09E+00,-0.05E+00,+0.05E+00,+0.00E+00,-8.50E+00,+6.73E+00,+1.42E+00,+2.686E+00
2,12/2/2026,10:41:05.450,-0.09E+00,-0.05E+00,+0.05E+00,-0.05E+00,-8.45E+00,+6.81E+00,+1.28E+00,+2.800E+00
2,12/2/2026,10:41:05.450,-0.09E+00,-0.05E+00,+0.05E+00,-0.05E+00,-8.39E+00,+6.90E+00,+1.14E+00,+2.907E+00
2,12/2/2026,10:41:05.450,-0.09E+00,-0.05E+00,+0.05E+00,-0.05E+00,-8.35E+00,+6.97E+00,+1.01E+00,+3.014E+00
2,12/2/2026,10:41:05.450,-0.09E+00,-0.05E+00,+0.05E+00,-0.05E+00,-8.29E+00,+7.07E+00,+0.87E+00,+3.128E+00
2,12/2/2026,10:41:05.450,-0.09E+00,-0.05E+00,+0.05E+00,+0.00E+00,-8.23E+00,+7.14E+00,+0.72E+00,+3.235E+00
2,12/2/2026,10:41:05.450,-0.09E+00,-0.05E+00,+0.05E+00,+0.00E+00,-8.16E+00,+7.20E+00,+0.58E+00,+3.334E+00
2,12/2/2026,10:41:05.450,-0.09E+00,-0.05E+00,+0.05E+00,-0.05E+00,-8.09E+00,+7.28E+00,+0.44E+00,+3.449E+00
2,12/2/2026,10:41:05.450,-0.09E+00,-0.05E+00,+0.05E+00,+0.00E+00,-8.01E+00,+7.36E+00,+0.29E+00,+3.556E+00
2,12/2/2026,10:41:05.450,-0.09E+00,-0.05E+00,+0.05E+00,+0.00E+00,-7.94E+00,+7.43E+00,+0.14E+00,+3.662E+00
2,12/2/2026,10:41:05.450,-0.09E+00,-0.05E+00,+0.05E+00,+0.00E+00,-7.87E+00,+7.49E+00,+0.00E+00,+3.762E+00
2,12/2/2026,10:41:05.450,-0.09E+00,-0.05E+00,+0.05E+00,+0.00E+00,-7.78E+00,+7.55E+00,-0.14E+00,+3.861E+00
2,12/2/2026,10:41:05.450,-0.09E+00,-0.05E+00,+0.05E+00,+0.00E+00,-7.71E+00,+7.61E+00,-0.27E+00,+3.960E+00
2,12/2/2026,10:41:05.450,-0.09E+00,-0.05E+00,+0.05E+00,-0.05E+00,-7.63E+00,+7.68E+00,-0.43E+00,+4.067E+00
2,12/2/2026,10:41:05.450,-0.09E+00,-0.05E+00,+0.05E+00,-0.05E+00,-7.54E+00,+7.74E+00,-0.56E+00,+4.166E+00
2,12/2/2026,10:41:05.450,-0.09E+00,-0.05E+00,+0.05E+00,+0.00E+00,-7.45E+00,+7.80E+00,-0.72E+00,+4.265E+00
2,12/2/2026,10:41:05.450,-0.09E+00,-0.05E+00,+0.05E+00,+0.00E+00,-7.36E+00,+7.86E+00,-0.85E+00,+4.357E+00
2,12/2/2026,10:41:05.451,-0.09E+00,-0.05E+00,+0.05E+00,+0.00E+00,-7.26E+00,+7.90E+00,-1.01E+00,+4.456E+00
2,12/2/2026,10:41:05.451,-0.09E+00,-0.05E+00,+0.05E+00,-0.05E+00,-7.17E+00,+7.95E+00,-1.14E+00,+4.555E+00
2,12/2/2026,10:41:05.451,-0.09E+00,-0.05E+00,+0.05E+00,-0.05E+00,-7.08E+00,+8.01E+00,-1.30E+00,+4.654E+00
2,12/2/2026,10:41:05.451,-0.09E+00,-0.05E+00,+0.05E+00,+0.00E+00,-6.99E+00,+8.06E+00,-1.43E+00,+4.746E+00
2,12/2/2026,10:41:05.451,-0.09E+00,-0.05E+00,+0.05E+00,+0.00E+00,-6.88E+00,+8.10E+00,-1.59E+00,+4.837E+00
2,12/2/2026,10:41:05.451,-0.09E+00,-0.05E+00,+0.05E+00,-0.05E+00,-6.78E+00,+8.15E+00,-1.72E+00,+4.937E+00
2,12/2/2026,10:41:05.451,-0.09E+00,-0.05E+00,+0.05E+00,-0.05E+00,-6.68E+00,+8.19E+00,-1.86E+00,+5.028E+00
2,12/2/2026,10:41:05.451,-0.14E+00,-0.05E+00,+0.05E+00,-0.05E+00,-6.59E+00,+8.23E+00,-2.01E+00,+5.112E+00
2,12/2/2026,10:41:05.451,-0.09E+00,-0.05E+00,+0.05E+00,+0.00E+00,-6.49E+00,+8.27E+00,-2.15E+00,+5.204E+00
2,12/2/2026,10:41:05.451,-0.09E+00,-0.05E+00,+0.05E+00,+0.00E+00,-6.38E+00,+8.30E+00,-2.29E+00,+5.288E+00
2,12/2/2026,10:41:05.451,-0.09E+00,-0.05E+00,+0.05E+00,-0.05E+00,-6.27E+00,+8.33E+00,-2.43E+00,+5.379E+00
2,12/2/2026,10:41:05.451,-0.09E+00,-0.05E+00,+0.05E+00,-0.05E+00,-6.17E+00,+8.38E+00,-2.56E+00,+5.456E+00
2,12/2/2026,10:41:05.451,-0.09E+00,-0.05E+00,+0.05E+00,+0.00E+00,-6.06E+00,+8.41E+00,-2.70E+00,+5.547E+00
2,12/2/2026,10:41:05.451,-0.09E+00,-0.05E+00,+0.05E+00,-0.05E+00,-5.95E+00,+8.44E+00,-2.84E+00,+5.631E+00
2,12/2/2026,10:41:05.451,-0.09E+00,-0.05E+00,+0.05E+00,+0.00E+00,-5.84E+00,+8.47E+00,-2.98E+00,+5.707E+00
2,12/2/2026,10:41:05.451,-0.09E+00,-0.05E+00,+0.05E+00,+0.00E+00,-5.74E+00,+8.50E+00,-3.13E+00,+5.791E+00
2,12/2/2026,10:41:05.451,-0.09E+00,-0.05E+00,+0.05E+00,-0.05E+00,-5.63E+00,+8.53E+00,-3.25E+00,+5.868E+00
2,12/2/2026,10:41:05.451,-0.09E+00,-0.05E+00,+0.05E+00,-0.05E+00,-5.52E+00,+8.55E+00,-3.39E+00,+5.951E+00
2,12/2/2026,10:41:05.451,-0.09E+00,-0.05E+00,+0.05E+00,+0.00E+00,-5.42E+00,+8.58E+00,-3.53E+00,+6.028E+00
2,12/2/2026,10:41:05.451,-0.09E+00,-0.05E+00,+0.05E+00,+0.00E+00,-5.31E+00,+8.59E+00,-3.65E+00,+6.096E+00
2,12/2/2026,10:41:05.452,-0.09E+00,-0.05E+00,+0.05E+00,+0.00E+00,-5.20E+00,+8.61E+00,-3.78E+00,+6.165E+00
2,12/2/2026,10:41:05.452,-0.09E+00,-0.05E+00,+0.05E+00,+0.00E+00,-5.08E+00,+8.62E+00,-3.91E+00,+6.234E+00
2,12/2/2026,10:41:05.452,-0.09E+00,-0.05E+00,+0.05E+00,-0.05E+00,-4.97E+00,+8.65E+00,-4.03E+00,+6.302E+00
2,12/2/2026,10:41:05.452,-0.09E+00,-0.05E+00,+0.05E+00,-0.05E+00,-4.87E+00,+8.67E+00,-4.15E+00,+6.371E+00
2,12/2/2026,10:41:05.452,-0.09E+00,-0.05E+00,+0.05E+00,-0.05E+00,-4.75E+00,+8.67E+00,-4.29E+00,+6.440E+00
2,12/2/2026,10:41:05.452,-0.09E+00,-0.05E+00,+0.00E+00,+0.00E+00,-4.64E+00,+8.68E+00,-4.39E+00,+6.501E+00
2,12/2/2026,10:41:05.452,-0.09E+00,-0.05E+00,+0.05E+00,+0.00E+00,-4.53E+00,+8.68E+00,-4.52E+00,+6.562E+00
2,12/2/2026,10:41:05.452,-0.14E+00,-0.05E+00,+0.05E+00,-0.05E+00,-4.43E+00,+8.70E+00,-4.64E+00,+6.623E+00
2,12/2/2026,10:41:05.452,-0.14E+00,-0.05E+00,+0.05E+00,-0.05E+00,-4.30E+00,+8.70E+00,-4.75E+00,+6.684E+00
2,12/2/2026,10:41:05.452,-0.09E+00,+0.00E+00,+0.05E+00,-0.05E+00,-4.20E+00,+8.71E+00,-4.87E+00,+6.745E+00
2,12/2/2026,10:41:05.452,-0.09E+00,-0.05E+00,+0.00E+00,+0.00E+00,-4.09E+00,+8.71E+00,-4.99E+00,+6.806E+00
2,12/2/2026,10:41:05.452,-0.09E+00,-0.05E+00,+0.05E+00,-0.05E+00,-3.97E+00,+8.71E+00,-5.11E+00,+6.867E+00
2,12/2/2026,10:41:05.452,-0.09E+00,-0.05E+00,+0.05E+00,-0.05E+00,-3.85E+00,+8.71E+00,-5.22E+00,+6.920E+00
2,12/2/2026,10:41:05.452,-0.09E+00,-0.05E+00,+0.05E+00,-0.05E+00,-3.74E+00,+8.73E+00,-5.34E+00,+6.982E+00
2,12/2/2026,10:41:05.452,-0.09E+00,-0.05E+00,+0.05E+00,-0.05E+00,-3.62E+00,+8.71E+00,-5.46E+00,+7.035E+00
2,12/2/2026,10:41:05.452,-0.09E+00,-0.05E+00,+0.05E+00,+0.00E+00,-3.51E+00,+8.71E+00,-5.57E+00,+7.088E+00
2,12/2/2026,10:41:05.452,-0.09E+00,-0.05E+00,+0.05E+00,+0.00E+00,-3.39E+00,+8.71E+00,-5.69E+00,+7.142E+00
2,12/2/2026,10:41:05.452,-0.09E+00,-0.05E+00,+0.05E+00,+0.00E+00,-3.28E+00,+8.70E+00,-5.78E+00,+7.195E+00
2,12/2/2026,10:41:05.452,-0.09E+00,-0.05E+00,+0.05E+00,-0.05E+00,-3.16E+00,+8.70E+00,-5.91E+00,+7.241E+00
2,12/2/2026,10:41:05.452,-0.09E+00,-0.05E+00,+0.05E+00,-0.05E+00,-3.04E+00,+8.68E+00,-6.01E+00,+7.287E+00
2,12/2/2026,10:41:05.453,-0.09E+00,-0.05E+00,+0.05E+00,-0.05E+00,-2.90E+00,+8.68E+00,-6.13E+00,+7.340E+00
2,12/2/2026,10:41:05.453,-0.09E+00,-0.05E+00,+0.05E+00,+0.00E+00,-2.78E+00,+8.65E+00,-6.24E+00,+7.394E+00
2,12/2/2026,10:41:05.453,-0.09E+00,-0.05E+00,+0.05E+00,+0.00E+00,-2.66E+00,+8.64E+00,-6.35E+00,+7.432E+00
2,12/2/2026,10:41:05.453,-0.14E+00,-0.05E+00,+0.05E+00,+0.00E+00,-2.52E+00,+8.62E+00,-6.46E+00,+7.470E+00
2,12/2/2026,10:41:05.453,-0.14E+00,-0.05E+00,+0.05E+00,+0.00E+00,-2.40E+00,+8.59E+00,-6.55E+00,+7.500E+00
2,12/2/2026,10:41:05.453,-0.09E+00,-0.05E+00,+0.05E+00,+0.00E+00,-2.26E+00,+8.55E+00,-6.65E+00,+7.531E+00
2,12/2/2026,10:41:05.453,-0.09E+00,-0.05E+00,+0.05E+00,+0.00E+00,-2.12E+00,+8.52E+00,-6.76E+00,+7.561E+00
2,12/2/2026,10:41:05.453,-0.09E+00,-0.05E+00,+0.05E+00,+0.00E+00,-2.00E+00,+8.47E+00,-6.84E+00,+7.577E+00
2,12/2/2026,10:41:05.453,-0.09E+00,-0.05E+00,+0.05E+00,+0.00E+00,-1.86E+00,+8.42E+00,-6.93E+00,+7.600E+00
2,12/2/2026,10:41:05.453,-0.09E+00,-0.05E+00,+0.05E+00,-0.05E+00,-1.72E+00,+8.38E+00,-7.00E+00,+7.615E+00
2,12/2/2026,10:41:05.453,-0.09E+00,-0.05E+00,+0.05E+00,-0.05E+00,-1.59E+00,+8.33E+00,-7.10E+00,+7.630E+00
2,12/2/2026,10:41:05.453,-0.09E+00,-0.05E+00,+0.05E+00,-0.05E+00,-1.45E+00,+8.27E+00,-7.17E+00,+7.638E+00
2,12/2/2026,10:41:05.453,-0.09E+00,-0.05E+00,+0.05E+00,+0.00E+00,-1.31E+00,+8.21E+00,-7.25E+00,+7.645E+00
2,12/2/2026,10:41:05.453,-0.09E+00,-0.05E+00,+0.05E+00,+0.00E+00,-1.18E+00,+8.15E+00,-7.32E+00,+7.653E+00
2,12/2/2026,10:41:05.453,-0.09E+00,-0.05E+00,+0.05E+00,-0.05E+00,-1.02E+00,+8.09E+00,-7.40E+00,+7.661E+00
2,12/2/2026,10:41:05.453,-0.09E+00,-0.05E+00,+0.05E+00,-0.05E+00,-0.90E+00,+8.01E+00,-7.48E+00,+7.661E+00
2,12/2/2026,10:41:05.453,-0.09E+00,-0.05E+00,+0.05E+00,-0.05E+00,-0.75E+00,+7.95E+00,-7.55E+00,+7.661E+00
2,12/2/2026,10:41:05.453,-0.09E+00,-0.05E+00,+0.05E+00,-0.05E+00,-0.61E+00,+7.87E+00,-7.63E+00,+7.661E+00
2,12/2/2026,10:41:05.453,-0.09E+00,-0.05E+00,+0.05E+00,+0.00E+00,-0.47E+00,+7.80E+00,-7.69E+00,+7.653E+00
2,12/2/2026,10:41:05.453,-0.09E+00,+0.00E+00,+0.05E+00,-0.05E+00,-0.32E+00,+7.74E+00,-7.75E+00,+7.645E+00
2,12/2/2026,10:41:05.454,-0.09E+00,-0.05E+00,+0.05E+00,-0.05E+00,-0.18E+00,+7.65E+00,-7.83E+00,+7.638E+00
2,12/2/2026,10:41:05.454,-0.09E+00,-0.05E+00,+0.05E+00,+0.00E+00,-0.05E+00,+7.57E+00,-7.89E+00,+7.630E+00
2,12/2/2026,10:41:05.454,-0.09E+00,-0.05E+00,+0.05E+00,+0.00E+00,+0.11E+00,+7.49E+00,-7.97E+00,+7.622E+00
2,12/2/2026,10:41:05.454,-0.09E+00,-0.05E+00,+0.05E+00,-0.05E+00,+0.24E+00,+7.40E+00,-8.01E+00,+7.607E+00
2,12/2/2026,10:41:05.454,-0.09E+00,-0.05E+00,+0.05E+00,+0.00E+00,+0.40E+00,+7.32E+00,-8.07E+00,+7.600E+00
2,12/2/2026,10:41:05.454,-0.09E+00,-0.05E+00,+0.05E+00,-0.05E+00,+0.53E+00,+7.23E+00,-8.13E+00,+7.584E+00
2,12/2/2026,10:41:05.454,-0.09E+00,-0.05E+00,+0.05E+00,-0.05E+00,+0.69E+00,+7.16E+00,-8.19E+00,+7.569E+00
2,12/2/2026,10:41:05.454,-0.09E+00,+0.00E+00,+0.05E+00,+0.00E+00,+0.82E+00,+7.07E+00,-8.24E+00,+7.546E+00
2,12/2/2026,10:41:05.454,-0.09E+00,-0.05E+00,+0.05E+00,+0.00E+00,+0.98E+00,+6.97E+00,-8.30E+00,+7.531E+00
2,12/2/2026,10:41:05.454,-0.09E+00,-0.05E+00,+0.05E+00,+0.00E+00,+1.11E+00,+6.88E+00,-8.35E+00,+7.508E+00
2,12/2/2026,10:41:05.454,-0.09E+00,-0.05E+00,+0.05E+00,+0.00E+00,+1.27E+00,+6.79E+00,-8.41E+00,+7.485E+00
2,12/2/2026,10:41:05.454,-0.09E+00,-0.05E+00,+0.05E+00,-0.05E+00,+1.42E+00,+6.70E+00,-8.45E+00,+7.462E+00
2,12/2/2026,10:41:05.454,-0.09E+00,-0.05E+00,+0.05E+00,-0.05E+00,+1.56E+00,+6.59E+00,-8.50E+00,+7.432E+00
2,12/2/2026,10:41:05.454,-0.09E+00,-0.05E+00,+0.05E+00,-0.05E+00,+1.69E+00,+6.50E+00,-8.55E+00,+7.401E+00
2,12/2/2026,10:41:05.454,-0.09E+00,-0.05E+00,+0.05E+00,-0.05E+00,+1.83E+00,+6.41E+00,-8.58E+00,+7.371E+00
2,12/2/2026,10:41:05.454,-0.09E+00,-0.05E+00,+0.05E+00,+0.00E+00,+1.97E+00,+6.30E+00,-8.61E+00,+7.340E+00
2,12/2/2026,10:41:05.454,-0.09E+00,-0.05E+00,+0.05E+00,+0.00E+00,+2.11E+00,+6.20E+00,-8.65E+00,+7.310E+00
2,12/2/2026,10:41:05.454,-0.09E+00,-0.05E+00,+0.05E+00,-0.05E+00,+2.23E+00,+6.10E+00,-8.70E+00,+7.271E+00
2,12/2/2026,10:41:05.454,-0.09E+00,-0.05E+00,+0.05E+00,+0.00E+00,+2.37E+00,+6.00E+00,-8.71E+00,+7.241E+00
2,12/2/2026,10:41:05.454,-0.09E+00,-0.05E+00,+0.05E+00,+0.00E+00,+2.50E+00,+5.89E+00,-8.74E+00,+7.195E+00
2,12/2/2026,10:41:05.455,-0.09E+00,-0.05E+00,+0.05E+00,+0.00E+00,+2.62E+00,+5.78E+00,-8.77E+00,+7.157E+00
2,12/2/2026,10:41:05.455,-0.09E+00,-0.05E+00,+0.05E+00,+0.00E+00,+2.76E+00,+5.69E+00,-8.81E+00,+7.119E+00
2,12/2/2026,10:41:05.455,-0.09E+00,-0.05E+00,+0.05E+00,+0.00E+00,+2.90E+00,+5.59E+00,-8.82E+00,+7.073E+00
2,12/2/2026,10:41:05.455,-0.09E+00,-0.05E+00,+0.05E+00,-0.05E+00,+3.02E+00,+5.46E+00,-8.85E+00,+7.035E+00
2,12/2/2026,10:41:05.455,-0.09E+00,-0.05E+00,+0.05E+00,-0.05E+00,+3.16E+00,+5.36E+00,-8.87E+00,+6.989E+00
2,12/2/2026,10:41:05.455,-0.09E+00,-0.05E+00,+0.05E+00,+0.00E+00,+3.28E+00,+5.26E+00,-8.90E+00,+6.943E+00
2,12/2/2026,10:41:05.455,-0.09E+00,-0.05E+00,+0.05E+00,+0.00E+00,+3.40E+00,+5.14E+00,-8.90E+00,+6.890E+00
2,12/2/2026,10:41:05.455,-0.09E+00,-0.05E+00,+0.05E+00,-0.05E+00,+3.54E+00,+5.04E+00,-8.91E+00,+6.844E+00
2,12/2/2026,10:41:05.455,-0.09E+00,-0.05E+00,+0.05E+00,-0.05E+00,+3.66E+00,+4.91E+00,-8.93E+00,+6.791E+00
2,12/2/2026,10:41:05.455,-0.09E+00,-0.05E+00,+0.05E+00,+0.00E+00,+3.78E+00,+4.81E+00,-8.94E+00,+6.737E+00
2,12/2/2026,10:41:05.455,-0.09E+00,-0.05E+00,+0.05E+00,+0.00E+00,+3.91E+00,+4.68E+00,-8.94E+00,+6.684E+00
2,12/2/2026,10:41:05.455,-0.09E+00,-0.05E+00,+0.05E+00,-0.05E+00,+4.03E+00,+4.58E+00,-8.96E+00,+6.638E+00
2,12/2/2026,10:41:05.455,-0.09E+00,-0.05E+00,+0.05E+00,-0.05E+00,+4.14E+00,+4.49E+00,-8.97E+00,+6.585E+00
2,12/2/2026,10:41:05.455,-0.09E+00,-0.05E+00,+0.05E+00,+0.00E+00,+4.26E+00,+4.36E+00,-8.99E+00,+6.531E+00
2,12/2/2026,10:41:05.455,-0.09E+00,-0.05E+00,+0.05E+00,-0.05E+00,+4.38E+00,+4.24E+00,-8.99E+00,+6.478E+00
2,12/2/2026,10:41:05.455,-0.09E+00,-0.05E+00,+0.05E+00,+0.00E+00,+4.50E+00,+4.14E+00,-9.00E+00,+6.432E+00
2,12/2/2026,10:41:05.455,-0.09E+00,-0.05E+00,+0.05E+00,+0.00E+00,+4.62E+00,+4.03E+00,-9.00E+00,+6.379E+00
2,12/2/2026,10:41:05.455,-0.09E+00,-0.05E+00,+0.05E+00,+0.00E+00,+4.75E+00,+3.92E+00,-9.00E+00,+6.318E+00
2,12/2/2026,10:41:05.455,-0.09E+00,-0.05E+00,+0.05E+00,+0.00E+00,+4.85E+00,+3.80E+00,-9.00E+00,+6.264E+00
2,12/2/2026,10:41:05.455,-0.09E+00,-0.05E+00,+0.00E+00,+0.00E+00,+4.96E+00,+3.69E+00,-9.02E+00,+6.211E+00
2,12/2/2026,10:41:05.456,-0.09E+00,-0.05E+00,+0.05E+00,+0.00E+00,+5.08E+00,+3.59E+00,-9.02E+00,+6.150E+00
2,12/2/2026,10:41:05.456,-0.09E+00,-0.05E+00,+0.05E+00,+0.00E+00,+5.20E+00,+3.46E+00,-9.02E+00,+6.089E+00
2,12/2/2026,10:41:05.456,-0.09E+00,-0.05E+00,+0.05E+00,-0.05E+00,+5.31E+00,+3.34E+00,-9.00E+00,+6.028E+00
2,12/2/2026,10:41:05.456,-0.14E+00,-0.05E+00,+0.05E+00,-0.05E+00,+5.43E+00,+3.24E+00,-9.00E+00,+5.967E+00
2,12/2/2026,10:41:05.456,-0.09E+00,-0.05E+00,+0.05E+00,+0.00E+00,+5.55E+00,+3.11E+00,-9.00E+00,+5.906E+00
2,12/2/2026,10:41:05.456,-0.09E+00,-0.05E+00,+0.05E+00,+0.00E+00,+5.66E+00,+2.98E+00,-9.00E+00,+5.837E+00
2,12/2/2026,10:41:05.456,-0.09E+00,-0.05E+00,+0.05E+00,+0.00E+00,+5.78E+00,+2.85E+00,-8.99E+00,+5.776E+00
2,12/2/2026,10:41:05.456,-0.09E+00,-0.05E+00,+0.05E+00,+0.00E+00,+5.91E+00,+2.73E+00,-8.99E+00,+5.707E+00
2,12/2/2026,10:41:05.456,-0.09E+00,-0.05E+00,+0.05E+00,+0.00E+00,+6.01E+00,+2.61E+00,-8.97E+00,+5.639E+00
2,12/2/2026,10:41:05.456,-0.09E+00,-0.05E+00,+0.05E+00,-0.05E+00,+6.12E+00,+2.49E+00,-8.96E+00,+5.570E+00
2,12/2/2026,10:41:05.456,-0.09E+00,-0.05E+00,+0.05E+00,-0.05E+00,+6.23E+00,+2.37E+00,-8.94E+00,+5.501E+00
2,12/2/2026,10:41:05.456,-0.09E+00,-0.05E+00,+0.05E+00,+0.00E+00,+6.33E+00,+2.24E+00,-8.93E+00,+5.433E+00
2,12/2/2026,10:41:05.456,-0.09E+00,-0.05E+00,+0.05E+00,-0.05E+00,+6.42E+00,+2.12E+00,-8.90E+00,+5.349E+00
2,12/2/2026,10:41:05.456,-0.09E+00,-0.05E+00,+0.05E+00,-0.05E+00,+6.53E+00,+1.98E+00,-8.87E+00,+5.265E+00
2,12/2/2026,10:41:05.456,-0.14E+00,-0.05E+00,+0.05E+00,+0.00E+00,+6.62E+00,+1.85E+00,-8.84E+00,+5.181E+00
2,12/2/2026,10:41:05.456,-0.09E+00,-0.05E+00,+0.05E+00,-0.05E+00,+6.71E+00,+1.71E+00,-8.77E+00,+5.082E+00
2,12/2/2026,10:41:05.456,-0.09E+00,-0.05E+00,+0.05E+00,-0.05E+00,+6.79E+00,+1.57E+00,-8.73E+00,+4.990E+00
2,12/2/2026,10:41:05.456,-0.09E+00,-0.05E+00,+0.05E+00,+0.00E+00,+6.88E+00,+1.43E+00,-8.67E+00,+4.883E+00
2,12/2/2026,10:41:05.456,-0.09E+00,-0.05E+00,+0.05E+00,+0.00E+00,+6.96E+00,+1.30E+00,-8.59E+00,+4.784E+00
2,12/2/2026,10:41:05.456,-0.09E+00,-0.05E+00,+0.05E+00,-0.05E+00,+7.03E+00,+1.14E+00,-8.55E+00,+4.677E+00
2,12/2/2026,10:41:05.457,-0.09E+00,-0.05E+00,+0.05E+00,-0.05E+00,+7.11E+00,+1.01E+00,-8.48E+00,+4.578E+00
2,12/2/2026,10:41:05.457,-0.09E+00,-0.05E+00,+0.05E+00,-0.05E+00,+7.19E+00,+0.85E+00,-8.41E+00,+4.479E+00
2,12/2/2026,10:41:05.457,-0.09E+00,-0.05E+00,+0.05E+00,+0.00E+00,+7.26E+00,+0.72E+00,-8.35E+00,+4.372E+00
2,12/2/2026,10:41:05.457,-0.09E+00,-0.05E+00,+0.05E+00,+0.00E+00,+7.32E+00,+0.58E+00,-8.29E+00,+4.265E+00
2,12/2/2026,10:41:05.457,-0.09E+00,-0.05E+00,+0.05E+00,+0.00E+00,+7.40E+00,+0.44E+00,-8.21E+00,+4.166E+00
2,12/2/2026,10:41:05.457,-0.09E+00,-0.05E+00,+0.05E+00,-0.05E+00,+7.48E+00,+0.31E+00,-8.13E+00,+4.059E+00
2,12/2/2026,10:41:05.457,-0.09E+00,-0.05E+00,+0.05E+00,+0.00E+00,+7.54E+00,+0.17E+00,-8.07E+00,+3.952E+00
2,12/2/2026,10:41:05.457,-0.09E+00,-0.05E+00,+0.05E+00,+0.00E+00,+7.60E+00,+0.03E+00,-8.00E+00,+3.846E+00
2,12/2/2026,10:41:05.457,-0.09E+00,-0.05E+00,+0.05E+00,+0.00E+00,+7.66E+00,-0.11E+00,-7.92E+00,+3.746E+00
2,12/2/2026,10:41:05.457,-0.09E+00,-0.05E+00,+0.05E+00,+0.00E+00,+7.72E+00,-0.23E+00,-7.84E+00,+3.640E+00
2,12/2/2026,10:41:05.457,-0.09E+00,-0.05E+00,+0.05E+00,-0.05E+00,+7.77E+00,-0.37E+00,-7.75E+00,+3.525E+00
2,12/2/2026,10:41:05.457,-0.09E+00,-0.05E+00,+0.05E+00,-0.05E+00,+7.81E+00,-0.50E+00,-7.68E+00,+3.411E+00
2,12/2/2026,10:41:05.457,-0.09E+00,-0.05E+00,+0.05E+00,+0.00E+00,+7.87E+00,-0.66E+00,-7.57E+00,+3.296E+00
2,12/2/2026,10:41:05.457,-0.09E+00,-0.05E+00,+0.05E+00,+0.00E+00,+7.90E+00,-0.79E+00,-7.49E+00,+3.174E+00
2,12/2/2026,10:41:05.457,-0.14E+00,-0.05E+00,+0.05E+00,-0.05E+00,+7.95E+00,-0.95E+00,-7.39E+00,+3.052E+00
2,12/2/2026,10:41:05.457,-0.09E+00,-0.05E+00,+0.05E+00,+0.00E+00,+8.00E+00,-1.08E+00,-7.28E+00,+2.938E+00
2,12/2/2026,10:41:05.457,-0.09E+00,-0.05E+00,+0.05E+00,+0.00E+00,+8.06E+00,-1.24E+00,-7.19E+00,+2.808E+00
2,12/2/2026,10:41:05.457,-0.09E+00,-0.05E+00,+0.05E+00,+0.00E+00,+8.09E+00,-1.37E+00,-7.10E+00,+2.693E+00
2,12/2/2026,10:41:05.457,-0.09E+00,-0.05E+00,+0.05E+00,+0.00E+00,+8.13E+00,-1.51E+00,-6.99E+00,+2.571E+00
2,12/2/2026,10:41:05.457,-0.09E+00,-0.05E+00,+0.05E+00,+0.00E+00,+8.18E+00,-1.66E+00,-6.88E+00,+2.449E+00
2,12/2/2026,10:41:05.458,-0.09E+00,-0.05E+00,+0.05E+00,+0.00E+00,+8.23E+00,-1.80E+00,-6.79E+00,+2.327E+00
2,12/2/2026,10:41:05.458,-0.09E+00,-0.05E+00,+0.05E+00,-0.05E+00,+8.26E+00,-1.94E+00,-6.68E+00,+2.205E+00
2,12/2/2026,10:41:05.458,-0.09E+00,-0.05E+00,+0.05E+00,-0.05E+00,+8.30E+00,-2.08E+00,-6.58E+00,+2.083E+00
2,12/2/2026,10:41:05.458,-0.09E+00,-0.05E+00,+0.05E+00,+0.00E+00,+8.33E+00,-2.21E+00,-6.49E+00,+1.961E+00
2,12/2/2026,10:41:05.458,-0.09E+00,-0.05E+00,+0.05E+00,-0.05E+00,+8.36E+00,-2.35E+00,-6.38E+00,+1.839E+00
2,12/2/2026,10:41:05.458,-0.09E+00,-0.05E+00,+0.00E+00,+0.00E+00,+8.41E+00,-2.50E+00,-6.27E+00,+1.717E+00
2,12/2/2026,10:41:05.458,-0.09E+00,-0.05E+00,+0.05E+00,+0.00E+00,+8.42E+00,-2.64E+00,-6.17E+00,+1.595E+00
2,12/2/2026,10:41:05.458,-0.09E+00,-0.05E+00,+0.05E+00,+0.00E+00,+8.45E+00,-2.78E+00,-6.04E+00,+1.473E+00
2,12/2/2026,10:41:05.458,-0.09E+00,-0.05E+00,+0.05E+00,+0.00E+00,+8.48E+00,-2.90E+00,-5.94E+00,+1.351E+00
2,12/2/2026,10:41:05.458,-0.09E+00,-0.05E+00,+0.05E+00,+0.00E+00,+8.50E+00,-3.04E+00,-5.83E+00,+1.228E+00
2,12/2/2026,10:41:05.458,-0.09E+00,-0.05E+00,+0.05E+00,+0.00E+00,+8.53E+00,-3.17E+00,-5.71E+00,+1.106E+00
2,12/2/2026,10:41:05.458,-0.09E+00,-0.05E+00,+0.05E+00,+0.00E+00,+8.55E+00,-3.30E+00,-5.60E+00,+0.992E+00
2,12/2/2026,10:41:05.458,-0.09E+00,-0.05E+00,+0.05E+00,+0.00E+00,+8.56E+00,-3.43E+00,-5.49E+00,+0.870E+00
2,12/2/2026,10:41:05.458,-0.09E+00,-0.05E+00,+0.05E+00,+0.00E+00,+8.58E+00,-3.56E+00,-5.39E+00,+0.748E+00
2,12/2/2026,10:41:05.458,-0.09E+00,-0.05E+00,+0.05E+00,+0.00E+00,+8.58E+00,-3.68E+00,-5.26E+00,+0.626E+00
2,12/2/2026,10:41:05.458,-0.09E+00,-0.05E+00,+0.05E+00,+0.00E+00,+8.59E+00,-3.80E+00,-5.16E+00,+0.504E+00
2,12/2/2026,10:41:05.458,-0.09E+00,-0.05E+00,+0.05E+00,-0.05E+00,+8.59E+00,-3.94E+00,-5.04E+00,+0.389E+00
2,12/2/2026,10:41:05.458,-0.09E+00,-0.05E+00,+0.05E+00,-0.05E+00,+8.61E+00,-4.06E+00,-4.93E+00,+0.275E+00
2,12/2/2026,10:41:05.458,-0.09E+00,-0.05E+00,+0.05E+00,-0.05E+00,+8.62E+00,-4.17E+00,-4.82E+00,+0.153E+00
2,12/2/2026,10:41:05.458,-0.09E+00,-0.05E+00,+0.05E+00,+0.00E+00,+8.62E+00,-4.27E+00,-4.70E+00,+0.046E+00
2,12/2/2026,10:41:05.459,-0.09E+00,-0.05E+00,+0.05E+00,+0.00E+00,+8.62E+00,-4.39E+00,-4.59E+00,-0.061E+00
2,12/2/2026,10:41:05.459,-0.09E+00,-0.05E+00,+0.00E+00,-0.05E+00,+8.64E+00,-4.52E+00,-4.49E+00,-0.183E+00
2,12/2/2026,10:41:05.459,-0.09E+00,-0.05E+00,+0.00E+00,-0.05E+00,+8.64E+00,-4.62E+00,-4.36E+00,-0.298E+00
2,12/2/2026,10:41:05.459,-0.09E+00,-0.05E+00,+0.05E+00,+0.00E+00,+8.64E+00,-4.75E+00,-4.26E+00,-0.412E+00
2,12/2/2026,10:41:05.459,-0.09E+00,-0.05E+00,+0.05E+00,+0.00E+00,+8.64E+00,-4.87E+00,-4.14E+00,-0.526E+00
2,12/2/2026,10:41:05.459,-0.09E+00,-0.05E+00,+0.05E+00,+0.00E+00,+8.64E+00,-4.99E+00,-4.01E+00,-0.641E+00
2,12/2/2026,10:41:05.459,-0.09E+00,-0.05E+00,+0.05E+00,+0.00E+00,+8.64E+00,-5.10E+00,-3.91E+00,-0.755E+00
2,12/2/2026,10:41:05.459,-0.09E+00,-0.05E+00,+0.05E+00,+0.00E+00,+8.64E+00,-5.22E+00,-3.78E+00,-0.877E+00
2,12/2/2026,10:41:05.459,-0.14E+00,-0.05E+00,+0.05E+00,+0.00E+00,+8.64E+00,-5.33E+00,-3.68E+00,-0.992E+00
2,12/2/2026,10:41:05.459,-0.14E+00,-0.05E+00,+0.05E+00,+0.00E+00,+8.62E+00,-5.45E+00,-3.56E+00,-1.106E+00
2,12/2/2026,10:41:05.459,-0.09E+00,-0.05E+00,+0.05E+00,+0.00E+00,+8.62E+00,-5.55E+00,-3.43E+00,-1.221E+00
2,12/2/2026,10:41:05.459,-0.09E+00,-0.05E+00,+0.05E+00,-0.05E+00,+8.61E+00,-5.66E+00,-3.31E+00,-1.335E+00
2,12/2/2026,10:41:05.459,-0.09E+00,-0.05E+00,+0.05E+00,-0.05E+00,+8.59E+00,-5.78E+00,-3.17E+00,-1.457E+00
2,12/2/2026,10:41:05.459,-0.09E+00,-0.05E+00,+0.05E+00,-0.05E+00,+8.58E+00,-5.89E+00,-3.05E+00,-1.572E+00
2,12/2/2026,10:41:05.459,-0.09E+00,-0.05E+00,+0.05E+00,+0.00E+00,+8.56E+00,-6.00E+00,-2.91E+00,-1.686E+00
2,12/2/2026,10:41:05.459,-0.05E+00,-0.05E+00,+0.05E+00,+0.00E+00,+8.53E+00,-6.10E+00,-2.79E+00,-1.808E+00
2,12/2/2026,10:41:05.459,-0.09E+00,-0.05E+00,+0.05E+00,-0.05E+00,+8.50E+00,-6.21E+00,-2.66E+00,-1.930E+00
2,12/2/2026,10:41:05.459,-0.09E+00,-0.05E+00,+0.05E+00,-0.05E+00,+8.47E+00,-6.32E+00,-2.52E+00,-2.045E+00
2,12/2/2026,10:41:05.459,-0.09E+00,-0.05E+00,+0.05E+00,+0.00E+00,+8.44E+00,-6.41E+00,-2.38E+00,-2.159E+00
2,12/2/2026,10:41:05.459,-0.09E+00,-0.05E+00,+0.05E+00,-0.05E+00,+8.41E+00,-6.50E+00,-2.26E+00,-2.274E+00
2,12/2/2026,10:41:05.460,-0.09E+00,-0.05E+00,+0.05E+00,-0.05E+00,+8.36E+00,-6.61E+00,-2.12E+00,-2.388E+00
2,12/2/2026,10:41:05.460,-0.09E+00,-0.05E+00,+0.05E+00,+0.00E+00,+8.32E+00,-6.70E+00,-1.98E+00,-2.495E+00
2,12/2/2026,10:41:05.460,-0.09E+00,-0.05E+00,+0.05E+00,+0.00E+00,+8.27E+00,-6.79E+00,-1.86E+00,-2.609E+00
2,12/2/2026,10:41:05.460,-0.09E+00,-0.05E+00,+0.05E+00,+0.00E+00,+8.23E+00,-6.87E+00,-1.72E+00,-2.724E+00
2,12/2/2026,10:41:05.460,-0.09E+00,-0.05E+00,+0.05E+00,+0.00E+00,+8.18E+00,-6.96E+00,-1.59E+00,-2.831E+00
2,12/2/2026,10:41:05.460,-0.09E+00,-0.05E+00,+0.00E+00,+0.00E+00,+8.13E+00,-7.05E+00,-1.45E+00,-2.938E+00
2,12/2/2026,10:41:05.460,-0.09E+00,-0.05E+00,+0.05E+00,+0.00E+00,+8.07E+00,-7.13E+00,-1.31E+00,-3.044E+00
2,12/2/2026,10:41:05.460,-0.09E+00,-0.05E+00,+0.05E+00,+0.00E+00,+8.01E+00,-7.20E+00,-1.18E+00,-3.151E+00
2,12/2/2026,10:41:05.460,-0.09E+00,-0.05E+00,+0.05E+00,+0.00E+00,+7.95E+00,-7.28E+00,-1.04E+00,-3.266E+00
2,12/2/2026,10:41:05.460,-0.14E+00,-0.05E+00,+0.05E+00,+0.00E+00,+7.87E+00,-7.36E+00,-0.89E+00,-3.380E+00
2,12/2/2026,10:41:05.460,-0.09E+00,-0.05E+00,+0.05E+00,+0.00E+00,+7.81E+00,-7.43E+00,-0.75E+00,-3.479E+00
2,12/2/2026,10:41:05.460,-0.09E+00,-0.05E+00,+0.05E+00,+0.00E+00,+7.74E+00,-7.51E+00,-0.61E+00,-3.594E+00
2,12/2/2026,10:41:05.460,-0.09E+00,-0.05E+00,+0.05E+00,+0.00E+00,+7.66E+00,-7.58E+00,-0.46E+00,-3.693E+00
2,12/2/2026,10:41:05.460,-0.09E+00,-0.05E+00,+0.05E+00,+0.00E+00,+7.58E+00,-7.65E+00,-0.31E+00,-3.800E+00
2,12/2/2026,10:41:05.460,-0.09E+00,-0.05E+00,+0.05E+00,-0.05E+00,+7.51E+00,-7.71E+00,-0.17E+00,-3.899E+00
2,12/2/2026,10:41:05.460,-0.09E+00,-0.05E+00,+0.05E+00,-0.05E+00,+7.43E+00,-7.77E+00,-0.03E+00,-3.998E+00
2,12/2/2026,10:41:05.460,-0.09E+00,-0.05E+00,+0.05E+00,-0.05E+00,+7.36E+00,-7.83E+00,+0.11E+00,-4.097E+00
2,12/2/2026,10:41:05.460,-0.09E+00,-0.05E+00,+0.05E+00,+0.00E+00,+7.26E+00,-7.89E+00,+0.26E+00,-4.197E+00
2,12/2/2026,10:41:05.460,-0.09E+00,-0.05E+00,+0.05E+00,+0.00E+00,+7.17E+00,-7.94E+00,+0.40E+00,-4.296E+00
2,12/2/2026,10:41:05.460,-0.09E+00,-0.05E+00,+0.05E+00,+0.00E+00,+7.08E+00,-8.00E+00,+0.55E+00,-4.395E+00
2,12/2/2026,10:41:05.461,-0.14E+00,-0.05E+00,+0.05E+00,-0.05E+00,+6.99E+00,-8.04E+00,+0.69E+00,-4.494E+00
2,12/2/2026,10:41:05.461,-0.09E+00,-0.05E+00,+0.05E+00,-0.05E+00,+6.90E+00,-8.10E+00,+0.84E+00,-4.593E+00
2,12/2/2026,10:41:05.461,-0.09E+00,-0.05E+00,+0.05E+00,-0.05E+00,+6.81E+00,-8.15E+00,+0.99E+00,-4.685E+00
2,12/2/2026,10:41:05.461,-0.09E+00,-0.05E+00,+0.05E+00,+0.00E+00,+6.70E+00,-8.21E+00,+1.13E+00,-4.784E+00
2,12/2/2026,10:41:05.461,-0.09E+00,-0.05E+00,+0.05E+00,+0.00E+00,+6.61E+00,-8.26E+00,+1.27E+00,-4.876E+00
2,12/2/2026,10:41:05.461,-0.14E+00,-0.05E+00,+0.05E+00,-0.05E+00,+6.52E+00,-8.29E+00,+1.42E+00,-4.967E+00
2,12/2/2026,10:41:05.461,-0.14E+00,-0.05E+00,+0.05E+00,-0.05E+00,+6.41E+00,-8.33E+00,+1.56E+00,-5.059E+00
2,12/2/2026,10:41:05.461,-0.09E+00,-0.05E+00,+0.05E+00,-0.05E+00,+6.30E+00,-8.38E+00,+1.69E+00,-5.143E+00
2,12/2/2026,10:41:05.461,-0.09E+00,-0.05E+00,+0.05E+00,+0.00E+00,+6.21E+00,-8.41E+00,+1.85E+00,-5.234E+00
2,12/2/2026,10:41:05.461,-0.09E+00,-0.05E+00,+0.05E+00,+0.00E+00,+6.10E+00,-8.45E+00,+1.98E+00,-5.326E+00
2,12/2/2026,10:41:05.461,-0.09E+00,-0.05E+00,+0.05E+00,+0.00E+00,+6.00E+00,-8.48E+00,+2.12E+00,-5.410E+00
2,12/2/2026,10:41:05.461,-0.09E+00,-0.05E+00,+0.05E+00,+0.00E+00,+5.91E+00,-8.52E+00,+2.26E+00,-5.494E+00
2,12/2/2026,10:41:05.461,-0.09E+00,-0.05E+00,+0.05E+00,+0.00E+00,+5.80E+00,-8.56E+00,+2.40E+00,-5.578E+00
2,12/2/2026,10:41:05.461,-0.09E+00,-0.05E+00,+0.05E+00,+0.00E+00,+5.69E+00,-8.59E+00,+2.53E+00,-5.662E+00
2,12/2/2026,10:41:05.461,-0.09E+00,-0.05E+00,+0.05E+00,-0.05E+00,+5.59E+00,-8.62E+00,+2.67E+00,-5.738E+00
2,12/2/2026,10:41:05.461,-0.09E+00,-0.05E+00,+0.05E+00,+0.00E+00,+5.48E+00,-8.64E+00,+2.81E+00,-5.822E+00
2,12/2/2026,10:41:05.461,-0.09E+00,-0.05E+00,+0.05E+00,+0.00E+00,+5.36E+00,-8.67E+00,+2.95E+00,-5.898E+00
2,12/2/2026,10:41:05.461,-0.09E+00,-0.05E+00,+0.05E+00,-0.05E+00,+5.25E+00,-8.70E+00,+3.08E+00,-5.974E+00
2,12/2/2026,10:41:05.461,-0.09E+00,-0.05E+00,+0.05E+00,+0.00E+00,+5.14E+00,-8.71E+00,+3.20E+00,-6.051E+00
2,12/2/2026,10:41:05.461,-0.09E+00,-0.05E+00,+0.05E+00,+0.00E+00,+5.04E+00,-8.74E+00,+3.33E+00,-6.127E+00
2,12/2/2026,10:41:05.462,-0.09E+00,-0.05E+00,+0.05E+00,-0.05E+00,+4.93E+00,-8.76E+00,+3.46E+00,-6.196E+00
2,12/2/2026,10:41:05.462,-0.09E+00,-0.05E+00,+0.05E+00,-0.05E+00,+4.81E+00,-8.77E+00,+3.60E+00,-6.264E+00
2,12/2/2026,10:41:05.462,-0.09E+00,-0.05E+00,+0.05E+00,+0.00E+00,+4.70E+00,-8.79E+00,+3.72E+00,-6.341E+00
2,12/2/2026,10:41:05.462,-0.09E+00,-0.05E+00,+0.05E+00,+0.00E+00,+4.58E+00,-8.81E+00,+3.85E+00,-6.409E+00
2,12/2/2026,10:41:05.462,-0.09E+00,-0.05E+00,+0.05E+00,-0.05E+00,+4.47E+00,-8.81E+00,+3.98E+00,-6.470E+00
2,12/2/2026,10:41:05.462,-0.09E+00,-0.05E+00,+0.05E+00,-0.05E+00,+4.38E+00,-8.82E+00,+4.09E+00,-6.531E+00
2,12/2/2026,10:41:05.462,-0.09E+00,-0.05E+00,+0.05E+00,-0.05E+00,+4.26E+00,-8.84E+00,+4.20E+00,-6.592E+00
2,12/2/2026,10:41:05.462,-0.09E+00,-0.05E+00,+0.05E+00,-0.05E+00,+4.15E+00,-8.85E+00,+4.32E+00,-6.653E+00
2,12/2/2026,10:41:05.462,-0.09E+00,-0.05E+00,+0.05E+00,+0.00E+00,+4.03E+00,-8.85E+00,+4.44E+00,-6.722E+00
2,12/2/2026,10:41:05.462,-0.09E+00,-0.05E+00,+0.05E+00,+0.00E+00,+3.92E+00,-8.85E+00,+4.56E+00,-6.776E+00
2,12/2/2026,10:41:05.462,-0.09E+00,-0.05E+00,+0.05E+00,+0.00E+00,+3.80E+00,-8.85E+00,+4.68E+00,-6.837E+00
2,12/2/2026,10:41:05.462,-0.09E+00,-0.05E+00,+0.05E+00,-0.05E+00,+3.69E+00,-8.87E+00,+4.79E+00,-6.898E+00
2,12/2/2026,10:41:05.462,-0.09E+00,-0.05E+00,+0.05E+00,-0.05E+00,+3.57E+00,-8.87E+00,+4.91E+00,-6.959E+00
2,12/2/2026,10:41:05.462,-0.09E+00,-0.05E+00,+0.05E+00,-0.05E+00,+3.46E+00,-8.85E+00,+5.04E+00,-7.012E+00
2,12/2/2026,10:41:05.462,-0.09E+00,-0.05E+00,+0.05E+00,-0.05E+00,+3.34E+00,-8.87E+00,+5.14E+00,-7.065E+00
2,12/2/2026,10:41:05.462,-0.09E+00,-0.05E+00,+0.05E+00,+0.00E+00,+3.22E+00,-8.87E+00,+5.26E+00,-7.119E+00
2,12/2/2026,10:41:05.462,-0.09E+00,-0.05E+00,+0.05E+00,+0.00E+00,+3.11E+00,-8.85E+00,+5.37E+00,-7.172E+00
2,12/2/2026,10:41:05.462,-0.09E+00,-0.05E+00,+0.05E+00,+0.00E+00,+2.99E+00,-8.85E+00,+5.49E+00,-7.226E+00
2,12/2/2026,10:41:05.462,-0.14E+00,-0.05E+00,+0.05E+00,+0.00E+00,+2.87E+00,-8.85E+00,+5.60E+00,-7.271E+00
2,12/2/2026,10:41:05.462,-0.09E+00,-0.05E+00,+0.05E+00,+0.00E+00,+2.75E+00,-8.84E+00,+5.71E+00,-7.325E+00
2,12/2/2026,10:41:05.463,-0.09E+00,-0.05E+00,+0.05E+00,+0.00E+00,+2.62E+00,-8.82E+00,+5.83E+00,-7.371E+00
2,12/2/2026,10:41:05.463,-0.09E+00,-0.05E+00,+0.05E+00,+0.00E+00,+2.50E+00,-8.81E+00,+5.94E+00,-7.409E+00
2,12/2/2026,10:41:05.463,-0.09E+00,-0.05E+00,+0.05E+00,+0.00E+00,+2.38E+00,-8.77E+00,+6.04E+00,-7.455E+00
2,12/2/2026,10:41:05.463,-0.09E+00,-0.05E+00,+0.00E+00,+0.00E+00,+2.24E+00,-8.76E+00,+6.15E+00,-7.493E+00
2,12/2/2026,10:41:05.463,-0.09E+00,-0.05E+00,+0.00E+00,+0.00E+00,+2.11E+00,-8.73E+00,+6.26E+00,-7.523E+00
2,12/2/2026,10:41:05.463,-0.09E+00,-0.05E+00,+0.05E+00,-0.05E+00,+1.97E+00,-8.68E+00,+6.35E+00,-7.561E+00
2,12/2/2026,10:41:05.463,-0.09E+00,-0.05E+00,+0.05E+00,+0.00E+00,+1.85E+00,-8.65E+00,+6.46E+00,-7.584E+00
2,12/2/2026,10:41:05.463,-0.09E+00,-0.05E+00,+0.05E+00,+0.00E+00,+1.71E+00,-8.61E+00,+6.53E+00,-7.607E+00
2,12/2/2026,10:41:05.463,-0.09E+00,-0.05E+00,+0.05E+00,+0.00E+00,+1.57E+00,-8.56E+00,+6.61E+00,-7.622E+00
2,12/2/2026,10:41:05.463,-0.09E+00,-0.05E+00,+0.05E+00,-0.05E+00,+1.45E+00,-8.52E+00,+6.70E+00,-7.638E+00
2,12/2/2026,10:41:05.463,-0.09E+00,-0.05E+00,+0.05E+00,+0.00E+00,+1.31E+00,-8.47E+00,+6.79E+00,-7.653E+00
2,12/2/2026,10:41:05.463,-0.09E+00,-0.05E+00,+0.05E+00,+0.00E+00,+1.18E+00,-8.41E+00,+6.87E+00,-7.661E+00
2,12/2/2026,10:41:05.463,-0.09E+00,-0.05E+00,+0.05E+00,+0.00E+00,+1.04E+00,-8.35E+00,+6.94E+00,-7.668E+00
2,12/2/2026,10:41:05.463,-0.09E+00,-0.05E+00,+0.05E+00,+0.00E+00,+0.90E+00,-8.29E+00,+7.02E+00,-7.676E+00
2,12/2/2026,10:41:05.463,-0.09E+00,-0.05E+00,+0.05E+00,-0.05E+00,+0.75E+00,-8.21E+00,+7.10E+00,-7.676E+00
2,12/2/2026,10:41:05.463,-0.09E+00,-0.05E+00,+0.05E+00,-0.05E+00,+0.61E+00,-8.15E+00,+7.17E+00,-7.676E+00
2,12/2/2026,10:41:05.463,-0.09E+00,-0.05E+00,+0.00E+00,+0.00E+00,+0.46E+00,-8.09E+00,+7.23E+00,-7.676E+00
2,12/2/2026,10:41:05.463,-0.09E+00,-0.05E+00,+0.05E+00,+0.00E+00,+0.32E+00,-8.01E+00,+7.31E+00,-7.676E+00
2,12/2/2026,10:41:05.463,-0.09E+00,-0.05E+00,+0.05E+00,+0.00E+00,+0.17E+00,-7.92E+00,+7.39E+00,-7.668E+00
2,12/2/2026,10:41:05.463,-0.09E+00,-0.05E+00,+0.05E+00,-0.05E+00,+0.03E+00,-7.86E+00,+7.45E+00,-7.668E+00
2,12/2/2026,10:41:05.464,-0.09E+00,-0.05E+00,+0.05E+00,+0.00E+00,-0.11E+00,-7.78E+00,+7.51E+00,-7.661E+00
2,12/2/2026,10:41:05.464,-0.09E+00,-0.05E+00,+0.05E+00,+0.00E+00,-0.24E+00,-7.71E+00,+7.58E+00,-7.653E+00
2,12/2/2026,10:41:05.464,-0.09E+00,-0.05E+00,+0.05E+00,-0.05E+00,-0.40E+00,-7.61E+00,+7.65E+00,-7.645E+00
2,12/2/2026,10:41:05.464,-0.09E+00,-0.05E+00,+0.05E+00,-0.05E+00,-0.53E+00,-7.55E+00,+7.71E+00,-7.638E+00
2,12/2/2026,10:41:05.464,-0.09E+00,-0.05E+00,+0.05E+00,+0.00E+00,-0.69E+00,-7.46E+00,+7.77E+00,-7.622E+00
2,12/2/2026,10:41:05.464,-0.09E+00,-0.05E+00,+0.05E+00,+0.00E+00,-0.82E+00,-7.37E+00,+7.83E+00,-7.607E+00
2,12/2/2026,10:41:05.464,-0.09E+00,-0.05E+00,+0.05E+00,-0.05E+00,-0.98E+00,-7.28E+00,+7.89E+00,-7.592E+00
2,12/2/2026,10:41:05.464,-0.09E+00,-0.05E+00,+0.05E+00,+0.00E+00,-1.13E+00,-7.20E+00,+7.94E+00,-7.569E+00
2,12/2/2026,10:41:05.464,-0.09E+00,-0.05E+00,+0.05E+00,+0.00E+00,-1.27E+00,-7.11E+00,+8.00E+00,-7.546E+00
2,12/2/2026,10:41:05.464,-0.09E+00,-0.05E+00,+0.05E+00,+0.00E+00,-1.42E+00,-7.02E+00,+8.04E+00,-7.523E+00
2,12/2/2026,10:41:05.464,-0.09E+00,-0.05E+00,+0.05E+00,+0.00E+00,-1.56E+00,-6.91E+00,+8.10E+00,-7.500E+00
2,12/2/2026,10:41:05.464,-0.09E+00,-0.05E+00,+0.05E+00,+0.00E+00,-1.69E+00,-6.82E+00,+8.13E+00,-7.477E+00
2,12/2/2026,10:41:05.464,-0.09E+00,-0.05E+00,+0.05E+00,-0.05E+00,-1.85E+00,-6.73E+00,+8.18E+00,-7.447E+00
2,12/2/2026,10:41:05.464,-0.09E+00,-0.05E+00,+0.05E+00,-0.05E+00,-1.98E+00,-6.62E+00,+8.23E+00,-7.416E+00
2,12/2/2026,10:41:05.464,-0.09E+00,-0.05E+00,+0.05E+00,+0.00E+00,-2.12E+00,-6.52E+00,+8.27E+00,-7.386E+00
2,12/2/2026,10:41:05.464,-0.09E+00,-0.05E+00,+0.05E+00,+0.00E+00,-2.26E+00,-6.42E+00,+8.30E+00,-7.355E+00
2,12/2/2026,10:41:05.464,-0.09E+00,-0.05E+00,+0.05E+00,-0.05E+00,-2.40E+00,-6.32E+00,+8.33E+00,-7.317E+00
2,12/2/2026,10:41:05.464,-0.09E+00,-0.05E+00,+0.05E+00,-0.05E+00,-2.53E+00,-6.23E+00,+8.38E+00,-7.287E+00
2,12/2/2026,10:41:05.464,-0.09E+00,-0.05E+00,+0.05E+00,-0.05E+00,-2.67E+00,-6.12E+00,+8.41E+00,-7.249E+00
2,12/2/2026,10:41:05.464,-0.09E+00,-0.05E+00,+0.05E+00,-0.05E+00,-2.79E+00,-6.03E+00,+8.42E+00,-7.210E+00
2,12/2/2026,10:41:05.465,-0.09E+00,-0.05E+00,+0.05E+00,+0.00E+00,-2.93E+00,-5.91E+00,+8.47E+00,-7.172E+00
2,12/2/2026,10:41:05.465,-0.09E+00,-0.05E+00,+0.05E+00,+0.00E+00,-3.05E+00,-5.80E+00,+8.50E+00,-7.127E+00
2,12/2/2026,10:41:05.465,-0.09E+00,-0.05E+00,+0.05E+00,-0.05E+00,-3.19E+00,-5.69E+00,+8.52E+00,-7.088E+00
2,12/2/2026,10:41:05.465,-0.09E+00,-0.05E+00,+0.05E+00,-0.05E+00,-3.33E+00,-5.60E+00,+8.53E+00,-7.043E+00
2,12/2/2026,10:41:05.465,-0.09E+00,-0.05E+00,+0.05E+00,+0.00E+00,-3.45E+00,-5.49E+00,+8.55E+00,-6.997E+00
2,12/2/2026,10:41:05.465,-0.09E+00,-0.05E+00,+0.05E+00,-0.05E+00,-3.57E+00,-5.37E+00,+8.58E+00,-6.951E+00
2,12/2/2026,10:41:05.465,-0.09E+00,-0.05E+00,+0.05E+00,-0.05E+00,-3.69E+00,-5.26E+00,+8.58E+00,-6.898E+00
2,12/2/2026,10:41:05.465,-0.14E+00,-0.05E+00,+0.05E+00,-0.05E+00,-3.83E+00,-5.14E+00,+8.59E+00,-6.852E+00
2,12/2/2026,10:41:05.465,-0.09E+00,-0.05E+00,+0.05E+00,-0.05E+00,-3.95E+00,-5.04E+00,+8.61E+00,-6.798E+00
2,12/2/2026,10:41:05.465,-0.09E+00,-0.05E+00,+0.05E+00,-0.05E+00,-4.07E+00,-4.93E+00,+8.62E+00,-6.745E+00
2,12/2/2026,10:41:05.465,-0.09E+00,-0.05E+00,+0.05E+00,+0.00E+00,-4.20E+00,-4.81E+00,+8.64E+00,-6.692E+00
2,12/2/2026,10:41:05.465,-0.09E+00,-0.05E+00,+0.05E+00,+0.00E+00,-4.32E+00,-4.70E+00,+8.64E+00,-6.646E+00
2,12/2/2026,10:41:05.465,-0.09E+00,-0.05E+00,+0.00E+00,+0.00E+00,-4.44E+00,-4.59E+00,+8.65E+00,-6.592E+00
2,12/2/2026,10:41:05.465,-0.09E+00,-0.05E+00,+0.05E+00,-0.05E+00,-4.55E+00,-4.49E+00,+8.65E+00,-6.539E+00
2,12/2/2026,10:41:05.465,-0.09E+00,-0.05E+00,+0.05E+00,+0.00E+00,-4.67E+00,-4.38E+00,+8.67E+00,-6.493E+00
2,12/2/2026,10:41:05.465,-0.09E+00,-0.05E+00,+0.05E+00,+0.00E+00,-4.79E+00,-4.26E+00,+8.68E+00,-6.432E+00
2,12/2/2026,10:41:05.465,-0.09E+00,-0.05E+00,+0.05E+00,+0.00E+00,-4.91E+00,-4.15E+00,+8.68E+00,-6.379E+00
2,12/2/2026,10:41:05.465,-0.09E+00,-0.05E+00,+0.00E+00,+0.00E+00,-5.04E+00,-4.04E+00,+8.68E+00,-6.325E+00
2,12/2/2026,10:41:05.465,-0.09E+00,-0.05E+00,+0.05E+00,+0.00E+00,-5.14E+00,-3.92E+00,+8.70E+00,-6.272E+00
2,12/2/2026,10:41:05.465,-0.09E+00,-0.05E+00,+0.05E+00,+0.00E+00,-5.25E+00,-3.82E+00,+8.70E+00,-6.219E+00
2,12/2/2026,10:41:05.466,-0.09E+00,-0.05E+00,+0.05E+00,+0.00E+00,-5.37E+00,-3.69E+00,+8.70E+00,-6.165E+00
2,12/2/2026,10:41:05.466,-0.09E+00,-0.05E+00,+0.05E+00,+0.00E+00,-5.49E+00,-3.59E+00,+8.70E+00,-6.104E+00
2,12/2/2026,10:41:05.466,-0.09E+00,-0.05E+00,+0.05E+00,+0.00E+00,-5.60E+00,-3.46E+00,+8.70E+00,-6.035E+00
2,12/2/2026,10:41:05.466,-0.09E+00,-0.05E+00,+0.05E+00,+0.00E+00,-5.72E+00,-3.34E+00,+8.70E+00,-5.974E+00
2,12/2/2026,10:41:05.466,-0.09E+00,-0.05E+00,+0.05E+00,+0.00E+00,-5.83E+00,-3.24E+00,+8.68E+00,-5.913E+00
2,12/2/2026,10:41:05.466,-0.09E+00,-0.05E+00,+0.05E+00,+0.00E+00,-5.95E+00,-3.10E+00,+8.68E+00,-5.852E+00
2,12/2/2026,10:41:05.466,-0.09E+00,-0.05E+00,+0.05E+00,+0.00E+00,-6.07E+00,-2.98E+00,+8.68E+00,-5.784E+00
2,12/2/2026,10:41:05.466,-0.09E+00,-0.05E+00,+0.05E+00,-0.05E+00,-6.18E+00,-2.85E+00,+8.67E+00,-5.715E+00
2,12/2/2026,10:41:05.466,-0.09E+00,-0.05E+00,+0.05E+00,-0.05E+00,-6.30E+00,-2.73E+00,+8.65E+00,-5.646E+00
2,12/2/2026,10:41:05.466,-0.09E+00,-0.05E+00,+0.05E+00,+0.00E+00,-6.41E+00,-2.61E+00,+8.65E+00,-5.578E+00
2,12/2/2026,10:41:05.466,-0.09E+00,-0.05E+00,+0.05E+00,+0.00E+00,-6.50E+00,-2.49E+00,+8.62E+00,-5.509E+00
2,12/2/2026,10:41:05.466,-0.09E+00,-0.05E+00,+0.05E+00,+0.00E+00,-6.61E+00,-2.37E+00,+8.61E+00,-5.440E+00
2,12/2/2026,10:41:05.466,-0.09E+00,-0.05E+00,+0.05E+00,+0.00E+00,-6.71E+00,-2.24E+00,+8.58E+00,-5.364E+00
2,12/2/2026,10:41:05.466,-0.09E+00,-0.05E+00,+0.05E+00,-0.05E+00,-6.81E+00,-2.11E+00,+8.55E+00,-5.280E+00
2,12/2/2026,10:41:05.466,-0.09E+00,-0.05E+00,+0.05E+00,-0.05E+00,-6.90E+00,-1.97E+00,+8.50E+00,-5.196E+00
2,12/2/2026,10:41:05.466,-0.09E+00,-0.05E+00,+0.05E+00,+0.00E+00,-6.99E+00,-1.83E+00,+8.45E+00,-5.097E+00
2,12/2/2026,10:41:05.466,-0.09E+00,-0.05E+00,+0.05E+00,+0.00E+00,-7.08E+00,-1.71E+00,+8.41E+00,-4.998E+00
2,12/2/2026,10:41:05.466,-0.09E+00,-0.05E+00,+0.05E+00,-0.05E+00,-7.17E+00,-1.56E+00,+8.35E+00,-4.899E+00
2,12/2/2026,10:41:05.466,-0.09E+00,-0.05E+00,+0.05E+00,-0.05E+00,-7.25E+00,-1.42E+00,+8.29E+00,-4.792E+00
2,12/2/2026,10:41:05.466,-0.09E+00,-0.05E+00,+0.05E+00,-0.05E+00,-7.32E+00,-1.28E+00,+8.21E+00,-4.693E+00
2,12/2/2026,10:41:05.467,-0.09E+00,-0.05E+00,+0.05E+00,-0.05E+00,-7.40E+00,-1.13E+00,+8.15E+00,-4.586E+00
2,12/2/2026,10:41:05.467,-0.09E+00,-0.05E+00,+0.05E+00,-0.05E+00,-7.46E+00,-0.99E+00,+8.09E+00,-4.486E+00
2,12/2/2026,10:41:05.467,-0.09E+00,-0.05E+00,+0.05E+00,+0.00E+00,-7.54E+00,-0.85E+00,+8.01E+00,-4.380E+00
2,12/2/2026,10:41:05.467,-0.09E+00,-0.05E+00,+0.05E+00,+0.00E+00,-7.61E+00,-0.72E+00,+7.95E+00,-4.280E+00
2,12/2/2026,10:41:05.467,-0.09E+00,-0.05E+00,+0.05E+00,+0.00E+00,-7.68E+00,-0.56E+00,+7.87E+00,-4.174E+00
2,12/2/2026,10:41:05.467,-0.09E+00,-0.05E+00,+0.05E+00,-0.05E+00,-7.75E+00,-0.44E+00,+7.81E+00,-4.067E+00
2,12/2/2026,10:41:05.467,-0.09E+00,-0.05E+00,+0.05E+00,+0.00E+00,-7.83E+00,-0.31E+00,+7.74E+00,-3.968E+00
2,12/2/2026,10:41:05.467,-0.09E+00,-0.05E+00,+0.05E+00,-0.05E+00,-7.87E+00,-0.15E+00,+7.66E+00,-3.861E+00
2,12/2/2026,10:41:05.467,-0.09E+00,-0.05E+00,+0.05E+00,-0.05E+00,-7.94E+00,-0.02E+00,+7.58E+00,-3.754E+00
2,12/2/2026,10:41:05.467,-0.09E+00,-0.05E+00,+0.05E+00,+0.00E+00,-8.00E+00,+0.11E+00,+7.51E+00,-3.647E+00
2,12/2/2026,10:41:05.467,-0.09E+00,-0.05E+00,+0.05E+00,-0.05E+00,-8.04E+00,+0.26E+00,+7.43E+00,-3.533E+00
2,12/2/2026,10:41:05.467,-0.09E+00,-0.05E+00,+0.05E+00,-0.05E+00,-8.10E+00,+0.38E+00,+7.34E+00,-3.418E+00
2,12/2/2026,10:41:05.467,-0.09E+00,-0.05E+00,+0.05E+00,-0.05E+00,-8.15E+00,+0.52E+00,+7.25E+00,-3.296E+00
2,12/2/2026,10:41:05.467,-0.09E+00,-0.05E+00,+0.05E+00,+0.00E+00,-8.18E+00,+0.67E+00,+7.14E+00,-3.182E+00
2,12/2/2026,10:41:05.467,-0.09E+00,-0.05E+00,+0.05E+00,+0.00E+00,-8.24E+00,+0.82E+00,+7.05E+00,-3.060E+00
2,12/2/2026,10:41:05.467,-0.09E+00,-0.05E+00,+0.05E+00,-0.05E+00,-8.29E+00,+0.96E+00,+6.94E+00,-2.938E+00
2,12/2/2026,10:41:05.467,-0.09E+00,-0.05E+00,+0.05E+00,-0.05E+00,-8.32E+00,+1.11E+00,+6.85E+00,-2.816E+00
2,12/2/2026,10:41:05.467,-0.09E+00,-0.05E+00,+0.05E+00,+0.00E+00,-8.36E+00,+1.25E+00,+6.75E+00,-2.693E+00
2,12/2/2026,10:41:05.467,-0.09E+00,-0.05E+00,+0.05E+00,+0.00E+00,-8.41E+00,+1.39E+00,+6.65E+00,-2.571E+00
2,12/2/2026,10:41:05.467,-0.09E+00,-0.05E+00,+0.05E+00,-0.05E+00,-8.45E+00,+1.54E+00,+6.55E+00,-2.449E+00
2,12/2/2026,10:41:05.468,-0.09E+00,-0.05E+00,+0.05E+00,-0.05E+00,-8.50E+00,+1.68E+00,+6.46E+00,-2.327E+00
2,12/2/2026,10:41:05.468,-0.09E+00,-0.05E+00,+0.05E+00,-0.05E+00,-8.53E+00,+1.82E+00,+6.35E+00,-2.205E+00
2,12/2/2026,10:41:05.468,-0.09E+00,-0.05E+00,+0.05E+00,-0.05E+00,-8.58E+00,+1.97E+00,+6.24E+00,-2.083E+00
2,12/2/2026,10:41:05.468,-0.09E+00,-0.05E+00,+0.05E+00,+0.00E+00,-8.61E+00,+2.11E+00,+6.13E+00,-1.961E+00
2,12/2/2026,10:41:05.468,-0.09E+00,+0.00E+00,+0.05E+00,+0.00E+00,-8.64E+00,+2.24E+00,+6.04E+00,-1.839E+00
2,12/2/2026,10:41:05.468,-0.09E+00,-0.05E+00,+0.00E+00,-0.05E+00,-8.67E+00,+2.38E+00,+5.92E+00,-1.717E+00
2,12/2/2026,10:41:05.468,-0.09E+00,-0.05E+00,+0.05E+00,-0.05E+00,-8.70E+00,+2.52E+00,+5.81E+00,-1.587E+00
2,12/2/2026,10:41:05.468,-0.09E+00,-0.05E+00,+0.05E+00,-0.05E+00,-8.73E+00,+2.66E+00,+5.71E+00,-1.473E+00
2,12/2/2026,10:41:05.468,-0.09E+00,-0.05E+00,+0.05E+00,-0.05E+00,-8.74E+00,+2.78E+00,+5.59E+00,-1.351E+00
2,12/2/2026,10:41:05.468,-0.09E+00,-0.05E+00,+0.05E+00,-0.05E+00,-8.77E+00,+2.91E+00,+5.48E+00,-1.228E+00
2,12/2/2026,10:41:05.468,-0.09E+00,-0.05E+00,+0.05E+00,+0.00E+00,-8.79E+00,+3.05E+00,+5.37E+00,-1.106E+00
2,12/2/2026,10:41:05.468,-0.09E+00,-0.05E+00,+0.05E+00,+0.00E+00,-8.81E+00,+3.17E+00,+5.25E+00,-0.992E+00
2,12/2/2026,10:41:05.468,-0.09E+00,-0.05E+00,+0.05E+00,-0.05E+00,-8.82E+00,+3.31E+00,+5.14E+00,-0.870E+00
2,12/2/2026,10:41:05.468,-0.09E+00,-0.05E+00,+0.05E+00,+0.00E+00,-8.84E+00,+3.45E+00,+5.04E+00,-0.748E+00
2,12/2/2026,10:41:05.468,-0.09E+00,-0.05E+00,+0.05E+00,+0.00E+00,-8.85E+00,+3.57E+00,+4.91E+00,-0.626E+00
2,12/2/2026,10:41:05.468,-0.09E+00,-0.05E+00,+0.05E+00,+0.00E+00,-8.87E+00,+3.69E+00,+4.81E+00,-0.504E+00
2,12/2/2026,10:41:05.468,-0.09E+00,-0.05E+00,+0.05E+00,-0.05E+00,-8.87E+00,+3.82E+00,+4.68E+00,-0.389E+00
2,12/2/2026,10:41:05.468,-0.09E+00,-0.05E+00,+0.05E+00,-0.05E+00,-8.88E+00,+3.94E+00,+4.58E+00,-0.275E+00
2,12/2/2026,10:41:05.468,-0.09E+00,-0.05E+00,+0.05E+00,-0.05E+00,-8.88E+00,+4.04E+00,+4.47E+00,-0.160E+00
2,12/2/2026,10:41:05.468,-0.09E+00,-0.05E+00,+0.05E+00,-0.05E+00,-8.88E+00,+4.17E+00,+4.36E+00,-0.053E+00
2,12/2/2026,10:41:05.469,-0.09E+00,-0.05E+00,+0.00E+00,+0.00E+00,-8.88E+00,+4.29E+00,+4.24E+00,+0.061E+00
2,12/2/2026,10:41:05.469,-0.09E+00,-0.05E+00,+0.05E+00,+0.00E+00,-8.90E+00,+4.39E+00,+4.14E+00,+0.183E+00
2,12/2/2026,10:41:05.469,-0.09E+00,-0.05E+00,+0.05E+00,+0.00E+00,-8.90E+00,+4.52E+00,+4.03E+00,+0.290E+00
2,12/2/2026,10:41:05.469,-0.09E+00,-0.05E+00,+0.05E+00,+0.00E+00,-8.90E+00,+4.62E+00,+3.91E+00,+0.412E+00
2,12/2/2026,10:41:05.469,-0.09E+00,-0.05E+00,+0.05E+00,+0.00E+00,-8.90E+00,+4.75E+00,+3.78E+00,+0.526E+00
2,12/2/2026,10:41:05.469,-0.09E+00,-0.05E+00,+0.05E+00,+0.00E+00,-8.90E+00,+4.87E+00,+3.68E+00,+0.641E+00
2,12/2/2026,10:41:05.469,-0.09E+00,-0.05E+00,+0.05E+00,+0.00E+00,-8.90E+00,+4.97E+00,+3.56E+00,+0.755E+00
2,12/2/2026,10:41:05.469,-0.09E+00,-0.05E+00,+0.05E+00,+0.00E+00,-8.90E+00,+5.10E+00,+3.45E+00,+0.870E+00
2,12/2/2026,10:41:05.469,-0.09E+00,-0.05E+00,+0.05E+00,-0.05E+00,-8.90E+00,+5.20E+00,+3.33E+00,+0.984E+00
2,12/2/2026,10:41:05.469,-0.09E+00,-0.05E+00,+0.05E+00,-0.05E+00,-8.90E+00,+5.33E+00,+3.20E+00,+1.099E+00
2,12/2/2026,10:41:05.469,-0.09E+00,-0.05E+00,+0.05E+00,+0.00E+00,-8.88E+00,+5.43E+00,+3.08E+00,+1.213E+00
2,12/2/2026,10:41:05.469,-0.09E+00,-0.05E+00,+0.05E+00,+0.00E+00,-8.88E+00,+5.54E+00,+2.96E+00,+1.335E+00
2,12/2/2026,10:41:05.469,-0.09E+00,-0.05E+00,+0.05E+00,+0.00E+00,-8.87E+00,+5.65E+00,+2.84E+00,+1.450E+00
2,12/2/2026,10:41:05.469,-0.09E+00,-0.05E+00,+0.05E+00,+0.00E+00,-8.84E+00,+5.77E+00,+2.72E+00,+1.564E+00
2,12/2/2026,10:41:05.469,-0.09E+00,-0.05E+00,+0.05E+00,+0.00E+00,-8.82E+00,+5.88E+00,+2.58E+00,+1.686E+00
2,12/2/2026,10:41:05.469,-0.09E+00,-0.05E+00,+0.05E+00,+0.00E+00,-8.79E+00,+5.98E+00,+2.44E+00,+1.808E+00
2,12/2/2026,10:41:05.469,-0.09E+00,-0.05E+00,+0.05E+00,+0.00E+00,-8.76E+00,+6.09E+00,+2.30E+00,+1.923E+00
2,12/2/2026,10:41:05.469,-0.09E+00,-0.05E+00,+0.05E+00,+0.00E+00,-8.73E+00,+6.20E+00,+2.17E+00,+2.045E+00
2,12/2/2026,10:41:05.469,-0.09E+00,-0.05E+00,+0.05E+00,+0.00E+00,-8.70E+00,+6.29E+00,+2.04E+00,+2.159E+00
2,12/2/2026,10:41:05.469,-0.14E+00,-0.05E+00,+0.05E+00,+0.00E+00,-8.67E+00,+6.38E+00,+1.92E+00,+2.274E+00
2,12/2/2026,10:41:05.470,-0.09E+00,-0.05E+00,+0.05E+00,-0.05E+00,-8.62E+00,+6.47E+00,+1.77E+00,+2.388E+00
2,12/2/2026,10:41:05.470,-0.09E+00,-0.05E+00,+0.05E+00,-0.05E+00,-8.58E+00,+6.58E+00,+1.63E+00,+2.495E+00
2,12/2/2026,10:41:05.470,-0.09E+00,-0.05E+00,+0.05E+00,+0.00E+00,-8.53E+00,+6.65E+00,+1.51E+00,+2.602E+00
2,12/2/2026,10:41:05.470,-0.09E+00,-0.05E+00,+0.05E+00,+0.00E+00,-8.48E+00,+6.75E+00,+1.39E+00,+2.716E+00
2,12/2/2026,10:41:05.470,-0.09E+00,-0.05E+00,+0.05E+00,-0.05E+00,-8.44E+00,+6.82E+00,+1.24E+00,+2.823E+00
2,12/2/2026,10:41:05.470,-0.09E+00,-0.05E+00,+0.05E+00,+0.00E+00,-8.38E+00,+6.91E+00,+1.10E+00,+2.930E+00
2,12/2/2026,10:41:05.470,-0.09E+00,-0.05E+00,+0.05E+00,+0.00E+00,-8.32E+00,+6.99E+00,+0.96E+00,+3.037E+00
2,12/2/2026,10:41:05.470,-0.09E+00,-0.05E+00,+0.05E+00,-0.05E+00,-8.27E+00,+7.07E+00,+0.82E+00,+3.151E+00
2,12/2/2026,10:41:05.470,-0.09E+00,-0.05E+00,+0.05E+00,+0.00E+00,-8.19E+00,+7.14E+00,+0.69E+00,+3.258E+00
2,12/2/2026,10:41:05.470,-0.09E+00,-0.05E+00,+0.05E+00,+0.00E+00,-8.13E+00,+7.23E+00,+0.55E+00,+3.365E+00
2,12/2/2026,10:41:05.470,-0.09E+00,-0.05E+00,+0.05E+00,+0.00E+00,-8.06E+00,+7.31E+00,+0.40E+00,+3.472E+00
2,12/2/2026,10:41:05.470,-0.09E+00,-0.05E+00,+0.05E+00,+0.00E+00,-8.00E+00,+7.37E+00,+0.24E+00,+3.579E+00
2,12/2/2026,10:41:05.470,-0.09E+00,-0.05E+00,+0.05E+00,+0.00E+00,-7.92E+00,+7.45E+00,+0.11E+00,+3.685E+00
2,12/2/2026,10:41:05.470,-0.09E+00,-0.05E+00,+0.05E+00,+0.00E+00,-7.84E+00,+7.51E+00,-0.03E+00,+3.785E+00
2,12/2/2026,10:41:05.470,-0.09E+00,-0.05E+00,+0.00E+00,-0.05E+00,-7.77E+00,+7.57E+00,-0.17E+00,+3.891E+00
2,12/2/2026,10:41:05.470,-0.09E+00,-0.05E+00,+0.05E+00,-0.05E+00,-7.69E+00,+7.65E+00,-0.32E+00,+3.991E+00
2,12/2/2026,10:41:05.470,-0.09E+00,-0.05E+00,+0.05E+00,+0.00E+00,-7.60E+00,+7.71E+00,-0.46E+00,+4.090E+00
2,12/2/2026,10:41:05.470,-0.09E+00,-0.05E+00,+0.05E+00,+0.00E+00,-7.52E+00,+7.75E+00,-0.61E+00,+4.189E+00
2,12/2/2026,10:41:05.470,-0.09E+00,-0.05E+00,+0.05E+00,-0.05E+00,-7.43E+00,+7.80E+00,-0.75E+00,+4.288E+00
2,12/2/2026,10:41:05.470,-0.09E+00,-0.05E+00,+0.05E+00,-0.05E+00,-7.32E+00,+7.86E+00,-0.89E+00,+4.387E+00
2,12/2/2026,10:41:05.471,-0.09E+00,-0.05E+00,+0.05E+00,-0.05E+00,-7.23E+00,+7.92E+00,-1.04E+00,+4.486E+00
2,12/2/2026,10:41:05.471,-0.09E+00,-0.05E+00,+0.05E+00,-0.05E+00,-7.14E+00,+7.97E+00,-1.19E+00,+4.586E+00
2,12/2/2026,10:41:05.471,-0.09E+00,-0.05E+00,+0.05E+00,+0.00E+00,-7.05E+00,+8.01E+00,-1.33E+00,+4.677E+00
2,12/2/2026,10:41:05.471,-0.09E+00,-0.05E+00,+0.05E+00,+0.00E+00,-6.94E+00,+8.06E+00,-1.48E+00,+4.769E+00
2,12/2/2026,10:41:05.471,-0.09E+00,-0.05E+00,+0.05E+00,-0.05E+00,-6.85E+00,+8.10E+00,-1.62E+00,+4.860E+00
2,12/2/2026,10:41:05.471,-0.09E+00,-0.05E+00,+0.05E+00,-0.05E+00,-6.76E+00,+8.15E+00,-1.75E+00,+4.960E+00
2,12/2/2026,10:41:05.471,-0.09E+00,-0.05E+00,+0.00E+00,-0.05E+00,-6.65E+00,+8.19E+00,-1.91E+00,+5.043E+00
2,12/2/2026,10:41:05.471,-0.09E+00,-0.05E+00,+0.00E+00,-0.05E+00,-6.56E+00,+8.24E+00,-2.04E+00,+5.135E+00
2,12/2/2026,10:41:05.471,-0.09E+00,-0.05E+00,+0.05E+00,-0.05E+00,-6.46E+00,+8.27E+00,-2.18E+00,+5.227E+00
2,12/2/2026,10:41:05.471,-0.09E+00,-0.05E+00,+0.05E+00,+0.00E+00,-6.35E+00,+8.32E+00,-2.32E+00,+5.311E+00
2,12/2/2026,10:41:05.471,-0.09E+00,-0.05E+00,+0.05E+00,+0.00E+00,-6.26E+00,+8.35E+00,-2.47E+00,+5.394E+00
2,12/2/2026,10:41:05.471,-0.09E+00,-0.05E+00,+0.05E+00,-0.05E+00,-6.15E+00,+8.38E+00,-2.61E+00,+5.478E+00
2,12/2/2026,10:41:05.471,-0.09E+00,-0.05E+00,+0.05E+00,-0.05E+00,-6.04E+00,+8.41E+00,-2.75E+00,+5.570E+00
2,12/2/2026,10:41:05.471,-0.09E+00,-0.05E+00,+0.05E+00,+0.00E+00,-5.92E+00,+8.45E+00,-2.88E+00,+5.646E+00
2,12/2/2026,10:41:05.471,-0.09E+00,-0.05E+00,+0.05E+00,+0.00E+00,-5.83E+00,+8.48E+00,-3.01E+00,+5.730E+00
2,12/2/2026,10:41:05.471,-0.09E+00,-0.05E+00,+0.05E+00,+0.00E+00,-5.72E+00,+8.50E+00,-3.14E+00,+5.807E+00
2,12/2/2026,10:41:05.471,-0.09E+00,-0.05E+00,+0.05E+00,-0.05E+00,-5.60E+00,+8.53E+00,-3.28E+00,+5.890E+00
2,12/2/2026,10:41:05.471,-0.14E+00,-0.05E+00,+0.05E+00,+0.00E+00,-5.49E+00,+8.55E+00,-3.42E+00,+5.967E+00
2,12/2/2026,10:41:05.471,-0.09E+00,-0.05E+00,+0.05E+00,+0.00E+00,-5.39E+00,+8.58E+00,-3.56E+00,+6.043E+00
2,12/2/2026,10:41:05.471,-0.09E+00,-0.05E+00,+0.00E+00,+0.00E+00,-5.26E+00,+8.59E+00,-3.68E+00,+6.112E+00
2,12/2/2026,10:41:05.472,-0.09E+00,-0.05E+00,+0.05E+00,+0.00E+00,-5.17E+00,+8.61E+00,-3.82E+00,+6.188E+00
2,12/2/2026,10:41:05.472,-0.09E+00,-0.05E+00,+0.05E+00,+0.00E+00,-5.07E+00,+8.62E+00,-3.94E+00,+6.257E+00
2,12/2/2026,10:41:05.472,-0.09E+00,-0.05E+00,+0.05E+00,-0.05E+00,-4.94E+00,+8.64E+00,-4.07E+00,+6.325E+00
2,12/2/2026,10:41:05.472,-0.09E+00,-0.05E+00,+0.05E+00,-0.05E+00,-4.84E+00,+8.65E+00,-4.20E+00,+6.394E+00
2,12/2/2026,10:41:05.472,-0.09E+00,-0.05E+00,+0.05E+00,+0.00E+00,-4.72E+00,+8.67E+00,-4.32E+00,+6.455E+00
2,12/2/2026,10:41:05.472,-0.09E+00,-0.05E+00,+0.05E+00,+0.00E+00,-4.61E+00,+8.68E+00,-4.43E+00,+6.516E+00
2,12/2/2026,10:41:05.472,-0.09E+00,-0.05E+00,+0.05E+00,-0.05E+00,-4.52E+00,+8.68E+00,-4.55E+00,+6.577E+00
2,12/2/2026,10:41:05.472,-0.09E+00,-0.05E+00,+0.05E+00,-0.05E+00,-4.39E+00,+8.68E+00,-4.67E+00,+6.638E+00
2,12/2/2026,10:41:05.472,-0.09E+00,-0.05E+00,+0.05E+00,-0.05E+00,-4.29E+00,+8.70E+00,-4.78E+00,+6.699E+00
2,12/2/2026,10:41:05.472,-0.09E+00,-0.05E+00,+0.05E+00,-0.05E+00,-4.17E+00,+8.71E+00,-4.90E+00,+6.760E+00
2,12/2/2026,10:41:05.472,-0.09E+00,-0.05E+00,+0.05E+00,+0.00E+00,-4.06E+00,+8.71E+00,-5.02E+00,+6.821E+00
2,12/2/2026,10:41:05.472,-0.09E+00,-0.05E+00,+0.05E+00,+0.00E+00,-3.94E+00,+8.71E+00,-5.14E+00,+6.882E+00
2,12/2/2026,10:41:05.472,-0.09E+00,-0.05E+00,+0.05E+00,-0.05E+00,-3.82E+00,+8.71E+00,-5.25E+00,+6.936E+00
2,12/2/2026,10:41:05.472,-0.09E+00,-0.05E+00,+0.05E+00,+0.00E+00,-3.71E+00,+8.71E+00,-5.37E+00,+6.997E+00
2,12/2/2026,10:41:05.472,-0.09E+00,-0.05E+00,+0.05E+00,+0.00E+00,-3.60E+00,+8.71E+00,-5.48E+00,+7.050E+00
2,12/2/2026,10:41:05.472,-0.09E+00,-0.05E+00,+0.05E+00,-0.05E+00,-3.48E+00,+8.71E+00,-5.60E+00,+7.104E+00
2,12/2/2026,10:41:05.472,-0.09E+00,-0.05E+00,+0.05E+00,-0.05E+00,-3.36E+00,+8.71E+00,-5.71E+00,+7.157E+00
2,12/2/2026,10:41:05.472,-0.09E+00,-0.05E+00,+0.05E+00,+0.00E+00,-3.25E+00,+8.70E+00,-5.81E+00,+7.203E+00
2,12/2/2026,10:41:05.472,-0.09E+00,-0.05E+00,+0.05E+00,+0.00E+00,-3.13E+00,+8.70E+00,-5.94E+00,+7.256E+00
2,12/2/2026,10:41:05.472,-0.14E+00,-0.05E+00,+0.05E+00,-0.05E+00,-3.01E+00,+8.68E+00,-6.04E+00,+7.302E+00
2,12/2/2026,10:41:05.473,-0.09E+00,-0.05E+00,+0.05E+00,-0.05E+00,-2.87E+00,+8.67E+00,-6.17E+00,+7.348E+00
2,12/2/2026,10:41:05.473,-0.09E+00,-0.05E+00,+0.05E+00,+0.00E+00,-2.75E+00,+8.65E+00,-6.27E+00,+7.394E+00
2,12/2/2026,10:41:05.473,-0.09E+00,-0.05E+00,+0.05E+00,+0.00E+00,-2.62E+00,+8.62E+00,-6.36E+00,+7.432E+00
2,12/2/2026,10:41:05.473,-0.09E+00,-0.05E+00,+0.05E+00,+0.00E+00,-2.49E+00,+8.61E+00,-6.49E+00,+7.470E+00
2,12/2/2026,10:41:05.473,-0.09E+00,-0.05E+00,+0.05E+00,-0.05E+00,-2.35E+00,+8.58E+00,-6.59E+00,+7.508E+00
2,12/2/2026,10:41:05.473,-0.09E+00,-0.05E+00,+0.05E+00,+0.00E+00,-2.23E+00,+8.53E+00,-6.68E+00,+7.539E+00
2,12/2/2026,10:41:05.473,-0.09E+00,-0.05E+00,+0.05E+00,+0.00E+00,-2.09E+00,+8.50E+00,-6.78E+00,+7.569E+00
2,12/2/2026,10:41:05.473,-0.09E+00,-0.05E+00,+0.05E+00,-0.05E+00,-1.95E+00,+8.45E+00,-6.87E+00,+7.592E+00
2,12/2/2026,10:41:05.473,-0.09E+00,-0.09E+00,+0.05E+00,-0.05E+00,-1.83E+00,+8.41E+00,-6.94E+00,+7.607E+00
2,12/2/2026,10:41:05.473,-0.09E+00,-0.05E+00,+0.05E+00,-0.05E+00,-1.69E+00,+8.36E+00,-7.03E+00,+7.622E+00
2,12/2/2026,10:41:05.473,-0.09E+00,-0.05E+00,+0.05E+00,-0.05E+00,-1.56E+00,+8.32E+00,-7.13E+00,+7.630E+00
2,12/2/2026,10:41:05.473,-0.09E+00,-0.05E+00,+0.05E+00,+0.00E+00,-1.42E+00,+8.26E+00,-7.19E+00,+7.645E+00
2,12/2/2026,10:41:05.473,-0.09E+00,-0.05E+00,+0.05E+00,+0.00E+00,-1.28E+00,+8.19E+00,-7.28E+00,+7.653E+00
2,12/2/2026,10:41:05.473,-0.09E+00,-0.05E+00,+0.05E+00,+0.00E+00,-1.14E+00,+8.13E+00,-7.36E+00,+7.661E+00
2,12/2/2026,10:41:05.473,-0.09E+00,-0.05E+00,+0.05E+00,-0.05E+00,-1.01E+00,+8.07E+00,-7.43E+00,+7.661E+00
2,12/2/2026,10:41:05.473,-0.09E+00,-0.05E+00,+0.05E+00,+0.00E+00,-0.85E+00,+8.00E+00,-7.51E+00,+7.661E+00
2,12/2/2026,10:41:05.473,-0.09E+00,-0.05E+00,+0.05E+00,+0.00E+00,-0.72E+00,+7.94E+00,-7.57E+00,+7.661E+00
2,12/2/2026,10:41:05.473,-0.09E+00,-0.05E+00,+0.05E+00,+0.00E+00,-0.56E+00,+7.86E+00,-7.65E+00,+7.653E+00
2,12/2/2026,10:41:05.473,-0.09E+00,-0.05E+00,+0.05E+00,+0.00E+00,-0.43E+00,+7.78E+00,-7.71E+00,+7.653E+00
2,12/2/2026,10:41:05.473,-0.09E+00,-0.05E+00,+0.05E+00,+0.00E+00,-0.29E+00,+7.71E+00,-7.78E+00,+7.645E+00
2,12/2/2026,10:41:05.474,-0.09E+00,-0.05E+00,+0.05E+00,-0.05E+00,-0.15E+00,+7.61E+00,-7.84E+00,+7.638E+00
2,12/2/2026,10:41:05.474,-0.09E+00,-0.05E+00,+0.05E+00,-0.05E+00,+0.00E+00,+7.54E+00,-7.90E+00,+7.630E+00
2,12/2/2026,10:41:05.474,-0.09E+00,-0.05E+00,+0.05E+00,+0.00E+00,+0.14E+00,+7.46E+00,-7.98E+00,+7.615E+00
2,12/2/2026,10:41:05.474,-0.09E+00,-0.05E+00,+0.05E+00,+0.00E+00,+0.29E+00,+7.39E+00,-8.04E+00,+7.607E+00
2,12/2/2026,10:41:05.474,-0.09E+00,-0.05E+00,+0.05E+00,+0.00E+00,+0.43E+00,+7.31E+00,-8.10E+00,+7.600E+00
2,12/2/2026,10:41:05.474,-0.09E+00,-0.05E+00,+0.05E+00,-0.05E+00,+0.58E+00,+7.22E+00,-8.15E+00,+7.584E+00
2,12/2/2026,10:41:05.474,-0.09E+00,-0.05E+00,+0.00E+00,-0.05E+00,+0.72E+00,+7.13E+00,-8.21E+00,+7.561E+00
2,12/2/2026,10:41:05.474,-0.09E+00,-0.05E+00,+0.05E+00,+0.00E+00,+0.87E+00,+7.05E+00,-8.27E+00,+7.546E+00
2,12/2/2026,10:41:05.474,-0.09E+00,-0.05E+00,+0.05E+00,+0.00E+00,+1.01E+00,+6.96E+00,-8.32E+00,+7.523E+00
2,12/2/2026,10:41:05.474,-0.09E+00,-0.05E+00,+0.05E+00,+0.00E+00,+1.16E+00,+6.85E+00,-8.38E+00,+7.500E+00
2,12/2/2026,10:41:05.474,-0.09E+00,-0.05E+00,+0.05E+00,+0.00E+00,+1.30E+00,+6.76E+00,-8.42E+00,+7.477E+00
2,12/2/2026,10:41:05.474,-0.09E+00,-0.05E+00,+0.05E+00,-0.05E+00,+1.45E+00,+6.65E+00,-8.47E+00,+7.455E+00
2,12/2/2026,10:41:05.474,-0.09E+00,-0.05E+00,+0.05E+00,-0.05E+00,+1.59E+00,+6.56E+00,-8.52E+00,+7.424E+00
2,12/2/2026,10:41:05.474,-0.09E+00,-0.05E+00,+0.05E+00,+0.00E+00,+1.72E+00,+6.47E+00,-8.56E+00,+7.394E+00
2,12/2/2026,10:41:05.474,-0.09E+00,-0.05E+00,+0.05E+00,+0.00E+00,+1.86E+00,+6.36E+00,-8.59E+00,+7.363E+00
2,12/2/2026,10:41:05.474,-0.09E+00,-0.05E+00,+0.05E+00,+0.00E+00,+2.00E+00,+6.27E+00,-8.62E+00,+7.333E+00
2,12/2/2026,10:41:05.474,-0.09E+00,-0.05E+00,+0.05E+00,-0.05E+00,+2.14E+00,+6.18E+00,-8.67E+00,+7.294E+00
2,12/2/2026,10:41:05.474,-0.09E+00,-0.05E+00,+0.05E+00,-0.05E+00,+2.27E+00,+6.07E+00,-8.70E+00,+7.256E+00
2,12/2/2026,10:41:05.474,-0.09E+00,-0.05E+00,+0.05E+00,+0.00E+00,+2.41E+00,+5.97E+00,-8.71E+00,+7.226E+00
2,12/2/2026,10:41:05.474,-0.09E+00,-0.05E+00,+0.05E+00,+0.00E+00,+2.53E+00,+5.86E+00,-8.76E+00,+7.188E+00
2,12/2/2026,10:41:05.475,-0.09E+00,-0.05E+00,+0.05E+00,+0.00E+00,+2.69E+00,+5.75E+00,-8.79E+00,+7.142E+00
2,12/2/2026,10:41:05.475,-0.09E+00,-0.05E+00,+0.05E+00,-0.05E+00,+2.81E+00,+5.65E+00,-8.81E+00,+7.104E+00
2,12/2/2026,10:41:05.475,-0.09E+00,-0.05E+00,+0.05E+00,+0.00E+00,+2.93E+00,+5.55E+00,-8.84E+00,+7.058E+00
2,12/2/2026,10:41:05.475,-0.09E+00,-0.05E+00,+0.05E+00,+0.00E+00,+3.05E+00,+5.43E+00,-8.87E+00,+7.020E+00
2,12/2/2026,10:41:05.475,-0.09E+00,-0.05E+00,+0.05E+00,+0.00E+00,+3.19E+00,+5.33E+00,-8.88E+00,+6.974E+00
2,12/2/2026,10:41:05.475,-0.09E+00,-0.05E+00,+0.05E+00,+0.00E+00,+3.31E+00,+5.22E+00,-8.90E+00,+6.928E+00
2,12/2/2026,10:41:05.475,-0.09E+00,-0.05E+00,+0.05E+00,+0.00E+00,+3.45E+00,+5.11E+00,-8.91E+00,+6.882E+00
2,12/2/2026,10:41:05.475,-0.09E+00,-0.05E+00,+0.05E+00,+0.00E+00,+3.57E+00,+4.99E+00,-8.93E+00,+6.821E+00
2,12/2/2026,10:41:05.475,-0.09E+00,-0.05E+00,+0.05E+00,-0.05E+00,+3.69E+00,+4.88E+00,-8.93E+00,+6.776E+00
2,12/2/2026,10:41:05.475,-0.09E+00,-0.05E+00,+0.05E+00,-0.05E+00,+3.82E+00,+4.76E+00,-8.94E+00,+6.722E+00
2,12/2/2026,10:41:05.475,-0.09E+00,-0.05E+00,+0.05E+00,+0.00E+00,+3.94E+00,+4.67E+00,-8.96E+00,+6.669E+00
2,12/2/2026,10:41:05.475,-0.09E+00,-0.05E+00,+0.05E+00,+0.00E+00,+4.06E+00,+4.56E+00,-8.96E+00,+6.623E+00
2,12/2/2026,10:41:05.475,-0.09E+00,-0.05E+00,+0.05E+00,-0.05E+00,+4.18E+00,+4.44E+00,-8.97E+00,+6.570E+00
2,12/2/2026,10:41:05.475,-0.09E+00,-0.05E+00,+0.05E+00,-0.05E+00,+4.29E+00,+4.33E+00,-8.97E+00,+6.516E+00
2,12/2/2026,10:41:05.475,-0.09E+00,-0.05E+00,+0.05E+00,-0.05E+00,+4.41E+00,+4.23E+00,-8.99E+00,+6.463E+00
2,12/2/2026,10:41:05.475,-0.09E+00,-0.05E+00,+0.05E+00,+0.00E+00,+4.53E+00,+4.10E+00,-9.00E+00,+6.409E+00
2,12/2/2026,10:41:05.475,-0.09E+00,-0.05E+00,+0.00E+00,-0.05E+00,+4.65E+00,+4.00E+00,-9.00E+00,+6.356E+00
2,12/2/2026,10:41:05.475,-0.09E+00,-0.05E+00,+0.05E+00,-0.05E+00,+4.78E+00,+3.88E+00,-9.00E+00,+6.302E+00
2,12/2/2026,10:41:05.475,-0.09E+00,-0.05E+00,+0.05E+00,+0.00E+00,+4.88E+00,+3.77E+00,-9.02E+00,+6.249E+00
2,12/2/2026,10:41:05.475,-0.09E+00,-0.05E+00,+0.05E+00,+0.00E+00,+5.01E+00,+3.66E+00,-9.00E+00,+6.188E+00
2,12/2/2026,10:41:05.476,-0.09E+00,-0.05E+00,+0.05E+00,+0.00E+00,+5.11E+00,+3.54E+00,-9.02E+00,+6.135E+00
2,12/2/2026,10:41:05.476,-0.09E+00,-0.05E+00,+0.05E+00,+0.00E+00,+5.23E+00,+3.43E+00,-9.02E+00,+6.074E+00
2,12/2/2026,10:41:05.476,-0.09E+00,-0.05E+00,+0.05E+00,+0.00E+00,+5.36E+00,+3.31E+00,-9.00E+00,+6.013E+00
2,12/2/2026,10:41:05.476,-0.09E+00,-0.05E+00,+0.05E+00,+0.00E+00,+5.46E+00,+3.19E+00,-9.00E+00,+5.951E+00
2,12/2/2026,10:41:05.476,-0.09E+00,-0.05E+00,+0.05E+00,-0.05E+00,+5.59E+00,+3.07E+00,-9.00E+00,+5.883E+00
2,12/2/2026,10:41:05.476,-0.09E+00,-0.05E+00,+0.05E+00,-0.05E+00,+5.69E+00,+2.95E+00,-9.00E+00,+5.822E+00
2,12/2/2026,10:41:05.476,-0.09E+00,-0.05E+00,+0.05E+00,+0.00E+00,+5.81E+00,+2.82E+00,-8.99E+00,+5.753E+00
2,12/2/2026,10:41:05.476,-0.09E+00,-0.05E+00,+0.05E+00,-0.05E+00,+5.94E+00,+2.70E+00,-8.97E+00,+5.684E+00
2,12/2/2026,10:41:05.476,-0.09E+00,-0.05E+00,+0.00E+00,-0.05E+00,+6.04E+00,+2.58E+00,-8.96E+00,+5.616E+00
2,12/2/2026,10:41:05.476,-0.09E+00,-0.05E+00,+0.05E+00,+0.00E+00,+6.15E+00,+2.44E+00,-8.96E+00,+5.547E+00
2,12/2/2026,10:41:05.476,-0.09E+00,-0.05E+00,+0.05E+00,+0.00E+00,+6.26E+00,+2.33E+00,-8.94E+00,+5.478E+00
2,12/2/2026,10:41:05.476,-0.09E+00,-0.05E+00,+0.05E+00,-0.05E+00,+6.36E+00,+2.21E+00,-8.91E+00,+5.402E+00
2,12/2/2026,10:41:05.476,-0.09E+00,-0.05E+00,+0.05E+00,-0.05E+00,+6.46E+00,+2.08E+00,-8.88E+00,+5.326E+00
2,12/2/2026,10:41:05.476,-0.09E+00,-0.05E+00,+0.05E+00,-0.05E+00,+6.55E+00,+1.94E+00,-8.85E+00,+5.242E+00
2,12/2/2026,10:41:05.476,-0.14E+00,-0.05E+00,+0.05E+00,+0.00E+00,+6.65E+00,+1.82E+00,-8.81E+00,+5.150E+00
2,12/2/2026,10:41:05.476,-0.09E+00,-0.05E+00,+0.05E+00,+0.00E+00,+6.75E+00,+1.68E+00,-8.76E+00,+5.059E+00
2,12/2/2026,10:41:05.476,-0.09E+00,-0.05E+00,+0.05E+00,+0.00E+00,+6.82E+00,+1.53E+00,-8.70E+00,+4.960E+00
2,12/2/2026,10:41:05.476,-0.09E+00,-0.05E+00,+0.05E+00,+0.00E+00,+6.90E+00,+1.39E+00,-8.65E+00,+4.853E+00
2,12/2/2026,10:41:05.476,-0.09E+00,-0.05E+00,+0.05E+00,-0.05E+00,+6.99E+00,+1.25E+00,-8.58E+00,+4.754E+00
2,12/2/2026,10:41:05.476,-0.09E+00,-0.05E+00,+0.05E+00,-0.05E+00,+7.05E+00,+1.10E+00,-8.52E+00,+4.654E+00
2,12/2/2026,10:41:05.477,-0.09E+00,-0.05E+00,+0.05E+00,+0.00E+00,+7.14E+00,+0.96E+00,-8.45E+00,+4.548E+00
2,12/2/2026,10:41:05.477,-0.09E+00,-0.05E+00,+0.05E+00,+0.00E+00,+7.22E+00,+0.82E+00,-8.39E+00,+4.448E+00
2,12/2/2026,10:41:05.477,-0.09E+00,-0.05E+00,+0.05E+00,+0.00E+00,+7.28E+00,+0.69E+00,-8.33E+00,+4.349E+00
2,12/2/2026,10:41:05.477,-0.09E+00,-0.05E+00,+0.05E+00,+0.00E+00,+7.36E+00,+0.55E+00,-8.26E+00,+4.242E+00
2,12/2/2026,10:41:05.477,-0.09E+00,-0.05E+00,+0.05E+00,-0.05E+00,+7.42E+00,+0.41E+00,-8.19E+00,+4.136E+00
2,12/2/2026,10:41:05.477,-0.09E+00,-0.05E+00,+0.05E+00,-0.05E+00,+7.49E+00,+0.27E+00,-8.12E+00,+4.029E+00
2,12/2/2026,10:41:05.477,-0.09E+00,-0.05E+00,+0.05E+00,-0.05E+00,+7.55E+00,+0.14E+00,-8.04E+00,+3.922E+00
2,12/2/2026,10:41:05.477,-0.09E+00,-0.05E+00,+0.05E+00,+0.00E+00,+7.61E+00,+0.00E+00,-7.98E+00,+3.823E+00
2,12/2/2026,10:41:05.477,-0.09E+00,-0.05E+00,+0.05E+00,+0.00E+00,+7.68E+00,-0.14E+00,-7.90E+00,+3.716E+00
2,12/2/2026,10:41:05.477,-0.09E+00,-0.05E+00,+0.05E+00,-0.05E+00,+7.72E+00,-0.27E+00,-7.81E+00,+3.609E+00
2,12/2/2026,10:41:05.477,-0.09E+00,-0.05E+00,+0.05E+00,+0.00E+00,+7.78E+00,-0.41E+00,-7.74E+00,+3.495E+00
2,12/2/2026,10:41:05.477,-0.09E+00,-0.05E+00,+0.05E+00,-0.05E+00,+7.83E+00,-0.55E+00,-7.65E+00,+3.388E+00
2,12/2/2026,10:41:05.477,-0.09E+00,-0.05E+00,+0.05E+00,-0.05E+00,+7.87E+00,-0.69E+00,-7.55E+00,+3.266E+00
2,12/2/2026,10:41:05.477,-0.09E+00,-0.05E+00,+0.05E+00,+0.00E+00,+7.92E+00,-0.82E+00,-7.46E+00,+3.144E+00
2,12/2/2026,10:41:05.477,-0.09E+00,-0.05E+00,+0.05E+00,+0.00E+00,+7.97E+00,-0.98E+00,-7.36E+00,+3.022E+00
2,12/2/2026,10:41:05.477,-0.09E+00,-0.05E+00,+0.05E+00,-0.05E+00,+8.01E+00,-1.11E+00,-7.26E+00,+2.899E+00
2,12/2/2026,10:41:05.477,-0.09E+00,-0.05E+00,+0.05E+00,-0.05E+00,+8.06E+00,-1.27E+00,-7.16E+00,+2.777E+00
2,12/2/2026,10:41:05.477,-0.09E+00,-0.05E+00,+0.05E+00,+0.00E+00,+8.10E+00,-1.40E+00,-7.07E+00,+2.663E+00
2,12/2/2026,10:41:05.477,-0.09E+00,-0.05E+00,+0.05E+00,+0.00E+00,+8.15E+00,-1.56E+00,-6.96E+00,+2.541E+00
2,12/2/2026,10:41:05.477,-0.09E+00,-0.05E+00,+0.05E+00,+0.00E+00,+8.18E+00,-1.69E+00,-6.87E+00,+2.419E+00
2,12/2/2026,10:41:05.478,-0.09E+00,-0.05E+00,+0.05E+00,-0.05E+00,+8.23E+00,-1.83E+00,-6.76E+00,+2.297E+00
2,12/2/2026,10:41:05.478,-0.09E+00,-0.05E+00,+0.05E+00,-0.05E+00,+8.27E+00,-1.97E+00,-6.65E+00,+2.175E+00
2,12/2/2026,10:41:05.478,-0.09E+00,-0.05E+00,+0.05E+00,+0.00E+00,+8.30E+00,-2.12E+00,-6.56E+00,+2.060E+00
2,12/2/2026,10:41:05.478,-0.09E+00,-0.05E+00,+0.05E+00,+0.00E+00,+8.35E+00,-2.24E+00,-6.46E+00,+1.938E+00
2,12/2/2026,10:41:05.478,-0.09E+00,-0.05E+00,+0.05E+00,+0.00E+00,+8.38E+00,-2.40E+00,-6.35E+00,+1.816E+00
2,12/2/2026,10:41:05.478,-0.09E+00,-0.05E+00,+0.05E+00,-0.05E+00,+8.39E+00,-2.52E+00,-6.24E+00,+1.686E+00
2,12/2/2026,10:41:05.478,-0.09E+00,-0.05E+00,+0.05E+00,-0.05E+00,+8.44E+00,-2.66E+00,-6.13E+00,+1.572E+00
2,12/2/2026,10:41:05.478,-0.09E+00,-0.05E+00,+0.05E+00,+0.00E+00,+8.45E+00,-2.79E+00,-6.03E+00,+1.450E+00
2,12/2/2026,10:41:05.478,-0.09E+00,-0.05E+00,+0.05E+00,+0.00E+00,+8.47E+00,-2.93E+00,-5.91E+00,+1.320E+00
2,12/2/2026,10:41:05.478,-0.09E+00,-0.05E+00,+0.05E+00,+0.00E+00,+8.50E+00,-3.07E+00,-5.80E+00,+1.206E+00
2,12/2/2026,10:41:05.478,-0.09E+00,-0.05E+00,+0.05E+00,+0.00E+00,+8.53E+00,-3.19E+00,-5.69E+00,+1.083E+00
2,12/2/2026,10:41:05.478,-0.09E+00,-0.05E+00,+0.05E+00,+0.00E+00,+8.55E+00,-3.33E+00,-5.57E+00,+0.961E+00
2,12/2/2026,10:41:05.478,-0.09E+00,-0.05E+00,+0.05E+00,+0.00E+00,+8.56E+00,-3.45E+00,-5.46E+00,+0.847E+00
2,12/2/2026,10:41:05.478,-0.09E+00,-0.05E+00,+0.05E+00,-0.05E+00,+8.58E+00,-3.57E+00,-5.36E+00,+0.725E+00
2,12/2/2026,10:41:05.478,-0.09E+00,-0.05E+00,+0.05E+00,-0.05E+00,+8.58E+00,-3.71E+00,-5.23E+00,+0.603E+00
2,12/2/2026,10:41:05.478,-0.09E+00,-0.05E+00,+0.05E+00,+0.00E+00,+8.59E+00,-3.83E+00,-5.13E+00,+0.481E+00
2,12/2/2026,10:41:05.478,-0.14E+00,-0.05E+00,+0.05E+00,+0.00E+00,+8.61E+00,-3.95E+00,-5.01E+00,+0.359E+00
2,12/2/2026,10:41:05.478,-0.14E+00,-0.05E+00,+0.05E+00,-0.05E+00,+8.61E+00,-4.07E+00,-4.90E+00,+0.244E+00
2,12/2/2026,10:41:05.478,-0.09E+00,-0.05E+00,+0.05E+00,+0.00E+00,+8.62E+00,-4.20E+00,-4.79E+00,+0.130E+00
2,12/2/2026,10:41:05.478,-0.09E+00,+0.00E+00,+0.05E+00,+0.00E+00,+8.62E+00,-4.30E+00,-4.68E+00,+0.023E+00
2,12/2/2026,10:41:05.479,-0.09E+00,-0.05E+00,+0.05E+00,+0.00E+00,+8.64E+00,-4.43E+00,-4.56E+00,-0.092E+00
2,12/2/2026,10:41:05.479,-0.14E+00,-0.05E+00,+0.05E+00,-0.05E+00,+8.64E+00,-4.55E+00,-4.46E+00,-0.214E+00
2,12/2/2026,10:41:05.479,-0.09E+00,-0.05E+00,+0.05E+00,-0.05E+00,+8.64E+00,-4.65E+00,-4.33E+00,-0.328E+00
2,12/2/2026,10:41:05.479,-0.09E+00,-0.05E+00,+0.05E+00,+0.00E+00,+8.64E+00,-4.78E+00,-4.23E+00,-0.443E+00
2,12/2/2026,10:41:05.479,-0.09E+00,-0.05E+00,+0.05E+00,+0.00E+00,+8.64E+00,-4.90E+00,-4.10E+00,-0.557E+00
2,12/2/2026,10:41:05.479,-0.09E+00,-0.05E+00,+0.00E+00,+0.00E+00,+8.64E+00,-5.02E+00,-3.98E+00,-0.671E+00
2,12/2/2026,10:41:05.479,-0.09E+00,-0.05E+00,+0.05E+00,-0.05E+00,+8.64E+00,-5.13E+00,-3.86E+00,-0.786E+00
2,12/2/2026,10:41:05.479,-0.09E+00,-0.05E+00,+0.05E+00,+0.00E+00,+8.62E+00,-5.25E+00,-3.75E+00,-0.900E+00
2,12/2/2026,10:41:05.479,-0.09E+00,-0.05E+00,+0.05E+00,-0.05E+00,+8.62E+00,-5.36E+00,-3.63E+00,-1.022E+00
2,12/2/2026,10:41:05.479,-0.09E+00,-0.05E+00,+0.05E+00,+0.00E+00,+8.62E+00,-5.46E+00,-3.53E+00,-1.137E+00
2,12/2/2026,10:41:05.479,-0.09E+00,-0.05E+00,+0.05E+00,+0.00E+00,+8.61E+00,-5.59E+00,-3.40E+00,-1.244E+00
2,12/2/2026,10:41:05.479,-0.09E+00,-0.05E+00,+0.05E+00,+0.00E+00,+8.59E+00,-5.69E+00,-3.28E+00,-1.366E+00
2,12/2/2026,10:41:05.479,-0.09E+00,-0.05E+00,+0.05E+00,+0.00E+00,+8.59E+00,-5.80E+00,-3.14E+00,-1.480E+00
2,12/2/2026,10:41:05.479,-0.09E+00,-0.05E+00,+0.05E+00,-0.05E+00,+8.58E+00,-5.92E+00,-3.02E+00,-1.602E+00
2,12/2/2026,10:41:05.479,-0.09E+00,-0.05E+00,+0.05E+00,-0.05E+00,+8.56E+00,-6.03E+00,-2.88E+00,-1.717E+00
2,12/2/2026,10:41:05.479,-0.09E+00,-0.05E+00,+0.05E+00,+0.00E+00,+8.53E+00,-6.13E+00,-2.76E+00,-1.839E+00
2,12/2/2026,10:41:05.479,-0.09E+00,-0.05E+00,+0.05E+00,+0.00E+00,+8.50E+00,-6.24E+00,-2.62E+00,-1.961E+00
2,12/2/2026,10:41:05.479,-0.09E+00,-0.05E+00,+0.05E+00,-0.05E+00,+8.45E+00,-6.35E+00,-2.49E+00,-2.075E+00
2,12/2/2026,10:41:05.479,-0.09E+00,-0.05E+00,+0.05E+00,+0.00E+00,+8.42E+00,-6.44E+00,-2.35E+00,-2.190E+00
2,12/2/2026,10:41:05.479,-0.14E+00,-0.05E+00,+0.05E+00,+0.00E+00,+8.39E+00,-6.53E+00,-2.21E+00,-2.304E+00
2,12/2/2026,10:41:05.480,-0.09E+00,-0.05E+00,+0.05E+00,+0.00E+00,+8.35E+00,-6.62E+00,-2.09E+00,-2.419E+00
2,12/2/2026,10:41:05.480,-0.09E+00,-0.05E+00,+0.00E+00,+0.00E+00,+8.30E+00,-6.71E+00,-1.95E+00,-2.533E+00
2,12/2/2026,10:41:05.480,-0.09E+00,-0.05E+00,+0.05E+00,+0.00E+00,+8.27E+00,-6.81E+00,-1.82E+00,-2.640E+00
2,12/2/2026,10:41:05.480,-0.09E+00,-0.05E+00,+0.05E+00,+0.00E+00,+8.23E+00,-6.90E+00,-1.68E+00,-2.747E+00
2,12/2/2026,10:41:05.480,-0.09E+00,-0.05E+00,+0.05E+00,-0.05E+00,+8.16E+00,-6.97E+00,-1.56E+00,-2.854E+00
2,12/2/2026,10:41:05.480,-0.09E+00,-0.05E+00,+0.05E+00,+0.00E+00,+8.12E+00,-7.07E+00,-1.42E+00,-2.968E+00
2,12/2/2026,10:41:05.480,-0.09E+00,-0.05E+00,+0.05E+00,-0.05E+00,+8.06E+00,-7.14E+00,-1.28E+00,-3.075E+00
2,12/2/2026,10:41:05.480,-0.09E+00,-0.05E+00,+0.05E+00,-0.05E+00,+8.00E+00,-7.23E+00,-1.14E+00,-3.182E+00
2,12/2/2026,10:41:05.480,-0.09E+00,-0.05E+00,+0.05E+00,+0.00E+00,+7.92E+00,-7.29E+00,-0.99E+00,-3.289E+00
2,12/2/2026,10:41:05.480,-0.14E+00,-0.05E+00,+0.05E+00,-0.05E+00,+7.86E+00,-7.39E+00,-0.85E+00,-3.395E+00
2,12/2/2026,10:41:05.480,-0.14E+00,-0.05E+00,+0.05E+00,+0.00E+00,+7.80E+00,-7.45E+00,-0.70E+00,-3.510E+00
2,12/2/2026,10:41:05.480,-0.09E+00,-0.05E+00,+0.05E+00,-0.05E+00,+7.72E+00,-7.52E+00,-0.56E+00,-3.617E+00
2,12/2/2026,10:41:05.480,-0.09E+00,-0.05E+00,+0.05E+00,-0.05E+00,+7.65E+00,-7.60E+00,-0.41E+00,-3.723E+00
2,12/2/2026,10:41:05.480,-0.09E+00,-0.05E+00,+0.05E+00,-0.05E+00,+7.57E+00,-7.66E+00,-0.27E+00,-3.823E+00
2,12/2/2026,10:41:05.480,-0.09E+00,-0.05E+00,+0.05E+00,+0.00E+00,+7.49E+00,-7.72E+00,-0.14E+00,-3.929E+00
2,12/2/2026,10:41:05.480,-0.09E+00,-0.05E+00,+0.05E+00,+0.00E+00,+7.42E+00,-7.78E+00,+0.02E+00,-4.029E+00
2,12/2/2026,10:41:05.480,-0.09E+00,-0.05E+00,+0.05E+00,+0.00E+00,+7.32E+00,-7.84E+00,+0.15E+00,-4.128E+00
2,12/2/2026,10:41:05.480,-0.09E+00,-0.05E+00,+0.05E+00,+0.00E+00,+7.25E+00,-7.90E+00,+0.29E+00,-4.227E+00
2,12/2/2026,10:41:05.480,-0.09E+00,-0.05E+00,+0.05E+00,+0.00E+00,+7.16E+00,-7.95E+00,+0.44E+00,-4.326E+00
2,12/2/2026,10:41:05.480,-0.14E+00,-0.05E+00,+0.05E+00,-0.05E+00,+7.05E+00,-8.01E+00,+0.58E+00,-4.418E+00
2,12/2/2026,10:41:05.481,-0.09E+00,-0.05E+00,+0.05E+00,-0.05E+00,+6.96E+00,-8.06E+00,+0.73E+00,-4.517E+00
2,12/2/2026,10:41:05.481,-0.09E+00,-0.05E+00,+0.05E+00,-0.05E+00,+6.87E+00,-8.10E+00,+0.87E+00,-4.616E+00
2,12/2/2026,10:41:05.481,-0.09E+00,-0.05E+00,+0.05E+00,-0.05E+00,+6.78E+00,-8.16E+00,+1.02E+00,-4.708E+00
2,12/2/2026,10:41:05.481,-0.09E+00,-0.05E+00,+0.05E+00,+0.00E+00,+6.68E+00,-8.21E+00,+1.16E+00,-4.799E+00
2,12/2/2026,10:41:05.481,-0.09E+00,-0.05E+00,+0.05E+00,+0.00E+00,+6.58E+00,-8.26E+00,+1.31E+00,-4.891E+00
2,12/2/2026,10:41:05.481,-0.14E+00,-0.05E+00,+0.05E+00,-0.05E+00,+6.49E+00,-8.30E+00,+1.45E+00,-4.990E+00
2,12/2/2026,10:41:05.481,-0.09E+00,-0.05E+00,+0.05E+00,+0.00E+00,+6.38E+00,-8.33E+00,+1.59E+00,-5.082E+00
2,12/2/2026,10:41:05.481,-0.09E+00,-0.05E+00,+0.05E+00,+0.00E+00,+6.29E+00,-8.38E+00,+1.74E+00,-5.166E+00
2,12/2/2026,10:41:05.481,-0.09E+00,-0.05E+00,+0.05E+00,+0.00E+00,+6.18E+00,-8.42E+00,+1.88E+00,-5.250E+00
2,12/2/2026,10:41:05.481,-0.09E+00,-0.05E+00,+0.05E+00,+0.00E+00,+6.07E+00,-8.45E+00,+2.01E+00,-5.341E+00
2,12/2/2026,10:41:05.481,-0.09E+00,-0.05E+00,+0.05E+00,+0.00E+00,+5.97E+00,-8.48E+00,+2.15E+00,-5.425E+00
2,12/2/2026,10:41:05.481,-0.09E+00,-0.05E+00,+0.05E+00,-0.05E+00,+5.88E+00,-8.53E+00,+2.30E+00,-5.509E+00
2,12/2/2026,10:41:05.481,-0.09E+00,-0.05E+00,+0.05E+00,-0.05E+00,+5.77E+00,-8.56E+00,+2.43E+00,-5.593E+00
2,12/2/2026,10:41:05.481,-0.09E+00,-0.05E+00,+0.05E+00,+0.00E+00,+5.66E+00,-8.59E+00,+2.56E+00,-5.677E+00
2,12/2/2026,10:41:05.481,-0.09E+00,-0.05E+00,+0.05E+00,+0.00E+00,+5.55E+00,-8.62E+00,+2.70E+00,-5.761E+00
2,12/2/2026,10:41:05.481,-0.09E+00,-0.05E+00,+0.05E+00,+0.00E+00,+5.45E+00,-8.65E+00,+2.84E+00,-5.837E+00
2,12/2/2026,10:41:05.481,-0.09E+00,-0.05E+00,+0.05E+00,+0.00E+00,+5.33E+00,-8.68E+00,+2.98E+00,-5.921E+00
2,12/2/2026,10:41:05.481,-0.09E+00,-0.05E+00,+0.05E+00,-0.05E+00,+5.22E+00,-8.70E+00,+3.11E+00,-5.997E+00
2,12/2/2026,10:41:05.481,-0.09E+00,-0.05E+00,+0.05E+00,+0.00E+00,+5.13E+00,-8.71E+00,+3.24E+00,-6.074E+00
2,12/2/2026,10:41:05.481,-0.09E+00,-0.05E+00,+0.05E+00,+0.00E+00,+5.01E+00,-8.74E+00,+3.37E+00,-6.142E+00
2,12/2/2026,10:41:05.482,-0.09E+00,-0.05E+00,+0.05E+00,+0.00E+00,+4.88E+00,-8.76E+00,+3.49E+00,-6.211E+00
2,12/2/2026,10:41:05.482,-0.09E+00,-0.05E+00,+0.05E+00,+0.00E+00,+4.78E+00,-8.77E+00,+3.63E+00,-6.287E+00
2,12/2/2026,10:41:05.482,-0.09E+00,-0.05E+00,+0.05E+00,-0.05E+00,+4.67E+00,-8.79E+00,+3.75E+00,-6.356E+00
2,12/2/2026,10:41:05.482,-0.09E+00,-0.05E+00,+0.05E+00,+0.00E+00,+4.56E+00,-8.81E+00,+3.89E+00,-6.417E+00
2,12/2/2026,10:41:05.482,-0.09E+00,-0.05E+00,+0.05E+00,+0.00E+00,+4.46E+00,-8.81E+00,+4.00E+00,-6.486E+00
2,12/2/2026,10:41:05.482,-0.09E+00,-0.05E+00,+0.05E+00,+0.00E+00,+4.33E+00,-8.82E+00,+4.12E+00,-6.547E+00
2,12/2/2026,10:41:05.482,-0.09E+00,-0.05E+00,+0.05E+00,-0.05E+00,+4.23E+00,-8.84E+00,+4.23E+00,-6.608E+00
2,12/2/2026,10:41:05.482,-0.09E+00,-0.05E+00,+0.05E+00,-0.05E+00,+4.12E+00,-8.84E+00,+4.35E+00,-6.669E+00
2,12/2/2026,10:41:05.482,-0.09E+00,-0.05E+00,+0.05E+00,+0.00E+00,+4.00E+00,-8.85E+00,+4.47E+00,-6.730E+00
2,12/2/2026,10:41:05.482,-0.09E+00,-0.05E+00,+0.05E+00,+0.00E+00,+3.89E+00,-8.85E+00,+4.59E+00,-6.791E+00
2,12/2/2026,10:41:05.482,-0.09E+00,-0.05E+00,+0.05E+00,+0.00E+00,+3.78E+00,-8.85E+00,+4.70E+00,-6.852E+00
2,12/2/2026,10:41:05.482,-0.09E+00,-0.05E+00,+0.05E+00,-0.05E+00,+3.68E+00,-8.87E+00,+4.82E+00,-6.905E+00
2,12/2/2026,10:41:05.482,-0.09E+00,-0.05E+00,+0.05E+00,-0.05E+00,+3.56E+00,-8.87E+00,+4.94E+00,-6.966E+00
2,12/2/2026,10:41:05.482,-0.09E+00,-0.05E+00,+0.05E+00,-0.05E+00,+3.43E+00,-8.87E+00,+5.07E+00,-7.027E+00
2,12/2/2026,10:41:05.482,-0.09E+00,-0.05E+00,+0.05E+00,-0.05E+00,+3.31E+00,-8.87E+00,+5.17E+00,-7.081E+00
2,12/2/2026,10:41:05.482,-0.09E+00,-0.05E+00,+0.05E+00,-0.05E+00,+3.20E+00,-8.87E+00,+5.30E+00,-7.134E+00
2,12/2/2026,10:41:05.482,-0.09E+00,-0.05E+00,+0.05E+00,-0.05E+00,+3.08E+00,-8.85E+00,+5.40E+00,-7.188E+00
2,12/2/2026,10:41:05.482,-0.14E+00,-0.05E+00,+0.05E+00,-0.05E+00,+2.98E+00,-8.85E+00,+5.51E+00,-7.233E+00
2,12/2/2026,10:41:05.482,-0.09E+00,-0.05E+00,+0.05E+00,+0.00E+00,+2.84E+00,-8.84E+00,+5.63E+00,-7.287E+00
2,12/2/2026,10:41:05.482,-0.09E+00,-0.05E+00,+0.05E+00,+0.00E+00,+2.73E+00,-8.82E+00,+5.74E+00,-7.333E+00
2,12/2/2026,10:41:05.483,-0.09E+00,-0.05E+00,+0.05E+00,-0.05E+00,+2.59E+00,-8.81E+00,+5.84E+00,-7.378E+00
2,12/2/2026,10:41:05.483,-0.09E+00,-0.05E+00,+0.05E+00,-0.05E+00,+2.47E+00,-8.79E+00,+5.97E+00,-7.424E+00
2,12/2/2026,10:41:05.483,-0.09E+00,-0.05E+00,+0.05E+00,-0.05E+00,+2.33E+00,-8.77E+00,+6.07E+00,-7.462E+00
2,12/2/2026,10:41:05.483,-0.09E+00,-0.05E+00,+0.05E+00,+0.00E+00,+2.20E+00,-8.74E+00,+6.17E+00,-7.500E+00
2,12/2/2026,10:41:05.483,-0.09E+00,-0.05E+00,+0.05E+00,+0.00E+00,+2.08E+00,-8.71E+00,+6.27E+00,-7.531E+00
2,12/2/2026,10:41:05.483,-0.09E+00,-0.05E+00,+0.05E+00,+0.00E+00,+1.94E+00,-8.67E+00,+6.38E+00,-7.561E+00
2,12/2/2026,10:41:05.483,-0.09E+00,-0.05E+00,+0.05E+00,+0.00E+00,+1.82E+00,-8.64E+00,+6.46E+00,-7.584E+00
2,12/2/2026,10:41:05.483,-0.09E+00,-0.05E+00,+0.05E+00,+0.00E+00,+1.68E+00,-8.59E+00,+6.55E+00,-7.607E+00
2,12/2/2026,10:41:05.483,-0.09E+00,-0.05E+00,+0.05E+00,+0.00E+00,+1.54E+00,-8.56E+00,+6.64E+00,-7.622E+00
2,12/2/2026,10:41:05.483,-0.09E+00,-0.05E+00,+0.05E+00,-0.05E+00,+1.42E+00,-8.50E+00,+6.71E+00,-7.645E+00
2,12/2/2026,10:41:05.483,-0.09E+00,-0.05E+00,+0.05E+00,-0.05E+00,+1.28E+00,-8.45E+00,+6.81E+00,-7.661E+00
2,12/2/2026,10:41:05.483,-0.09E+00,-0.05E+00,+0.05E+00,+0.00E+00,+1.13E+00,-8.39E+00,+6.88E+00,-7.668E+00
2,12/2/2026,10:41:05.483,-0.09E+00,-0.05E+00,+0.05E+00,+0.00E+00,+0.99E+00,-8.33E+00,+6.97E+00,-7.676E+00
2,12/2/2026,10:41:05.483,-0.09E+00,-0.05E+00,+0.05E+00,-0.05E+00,+0.85E+00,-8.27E+00,+7.03E+00,-7.676E+00
2,12/2/2026,10:41:05.483,-0.14E+00,-0.05E+00,+0.05E+00,-0.05E+00,+0.72E+00,-8.21E+00,+7.11E+00,-7.684E+00
2,12/2/2026,10:41:05.483,-0.09E+00,-0.05E+00,+0.05E+00,+0.00E+00,+0.58E+00,-8.13E+00,+7.19E+00,-7.676E+00
2,12/2/2026,10:41:05.483,-0.09E+00,-0.05E+00,+0.05E+00,+0.00E+00,+0.43E+00,-8.06E+00,+7.25E+00,-7.676E+00
2,12/2/2026,10:41:05.483,-0.09E+00,-0.05E+00,+0.05E+00,-0.05E+00,+0.29E+00,-7.98E+00,+7.32E+00,-7.676E+00
2,12/2/2026,10:41:05.483,-0.14E+00,-0.05E+00,+0.00E+00,-0.05E+00,+0.14E+00,-7.90E+00,+7.40E+00,-7.668E+00
2,12/2/2026,10:41:05.483,-0.14E+00,-0.05E+00,+0.00E+00,-0.05E+00,+0.00E+00,-7.83E+00,+7.46E+00,-7.661E+00
2,12/2/2026,10:41:05.484,-0.09E+00,-0.05E+00,+0.05E+00,+0.00E+00,-0.15E+00,-7.75E+00,+7.52E+00,-7.653E+00
2,12/2/2026,10:41:05.484,-0.09E+00,-0.05E+00,+0.05E+00,+0.00E+00,-0.29E+00,-7.68E+00,+7.60E+00,-7.645E+00
2,12/2/2026,10:41:05.484,-0.09E+00,+0.00E+00,+0.05E+00,+0.00E+00,-0.43E+00,-7.60E+00,+7.65E+00,-7.638E+00
2,12/2/2026,10:41:05.484,-0.09E+00,-0.05E+00,+0.05E+00,+0.00E+00,-0.58E+00,-7.51E+00,+7.72E+00,-7.622E+00
2,12/2/2026,10:41:05.484,-0.09E+00,-0.05E+00,+0.05E+00,-0.05E+00,-0.72E+00,-7.43E+00,+7.78E+00,-7.607E+00
2,12/2/2026,10:41:05.484,-0.09E+00,-0.05E+00,+0.05E+00,-0.05E+00,-0.85E+00,-7.34E+00,+7.84E+00,-7.600E+00
2,12/2/2026,10:41:05.484,-0.09E+00,-0.05E+00,+0.05E+00,+0.00E+00,-1.01E+00,-7.26E+00,+7.89E+00,-7.584E+00
2,12/2/2026,10:41:05.484,-0.09E+00,-0.05E+00,+0.05E+00,+0.00E+00,-1.16E+00,-7.17E+00,+7.95E+00,-7.561E+00
2,12/2/2026,10:41:05.484,-0.09E+00,-0.05E+00,+0.05E+00,+0.00E+00,-1.31E+00,-7.08E+00,+8.01E+00,-7.539E+00
2,12/2/2026,10:41:05.484,-0.09E+00,-0.05E+00,+0.05E+00,-0.05E+00,-1.45E+00,-6.99E+00,+8.06E+00,-7.523E+00
2,12/2/2026,10:41:05.484,-0.09E+00,-0.05E+00,+0.05E+00,-0.05E+00,-1.59E+00,-6.88E+00,+8.10E+00,-7.500E+00
2,12/2/2026,10:41:05.484,-0.09E+00,-0.05E+00,+0.05E+00,-0.05E+00,-1.72E+00,-6.79E+00,+8.15E+00,-7.470E+00
2,12/2/2026,10:41:05.484,-0.09E+00,-0.05E+00,+0.05E+00,+0.00E+00,-1.88E+00,-6.70E+00,+8.19E+00,-7.439E+00
2,12/2/2026,10:41:05.484,-0.09E+00,-0.05E+00,+0.05E+00,+0.00E+00,-2.01E+00,-6.61E+00,+8.24E+00,-7.409E+00
2,12/2/2026,10:41:05.484,-0.09E+00,-0.05E+00,+0.05E+00,+0.00E+00,-2.15E+00,-6.50E+00,+8.27E+00,-7.378E+00
2,12/2/2026,10:41:05.484,-0.09E+00,-0.05E+00,+0.05E+00,-0.05E+00,-2.29E+00,-6.39E+00,+8.30E+00,-7.348E+00
2,12/2/2026,10:41:05.484,-0.09E+00,-0.05E+00,+0.05E+00,-0.05E+00,-2.43E+00,-6.30E+00,+8.35E+00,-7.310E+00
2,12/2/2026,10:41:05.484,-0.09E+00,-0.05E+00,+0.05E+00,+0.00E+00,-2.56E+00,-6.20E+00,+8.38E+00,-7.271E+00
2,12/2/2026,10:41:05.484,-0.09E+00,-0.05E+00,+0.05E+00,+0.00E+00,-2.70E+00,-6.09E+00,+8.41E+00,-7.233E+00
2,12/2/2026,10:41:05.484,-0.09E+00,-0.05E+00,+0.00E+00,+0.00E+00,-2.82E+00,-5.98E+00,+8.44E+00,-7.195E+00
2,12/2/2026,10:41:05.485,-0.09E+00,-0.05E+00,+0.05E+00,-0.05E+00,-2.96E+00,-5.88E+00,+8.47E+00,-7.157E+00
2,12/2/2026,10:41:05.485,-0.09E+00,-0.05E+00,+0.05E+00,-0.05E+00,-3.10E+00,-5.78E+00,+8.48E+00,-7.111E+00
2,12/2/2026,10:41:05.485,-0.09E+00,-0.05E+00,+0.05E+00,-0.05E+00,-3.22E+00,-5.68E+00,+8.52E+00,-7.073E+00
2,12/2/2026,10:41:05.485,-0.09E+00,-0.05E+00,+0.05E+00,-0.05E+00,-3.36E+00,-5.57E+00,+8.55E+00,-7.035E+00
2,12/2/2026,10:41:05.485,-0.09E+00,-0.05E+00,+0.05E+00,-0.05E+00,-3.48E+00,-5.46E+00,+8.56E+00,-6.989E+00
2,12/2/2026,10:41:05.485,-0.09E+00,-0.05E+00,+0.05E+00,+0.00E+00,-3.60E+00,-5.34E+00,+8.58E+00,-6.943E+00
2,12/2/2026,10:41:05.485,-0.09E+00,-0.05E+00,+0.05E+00,+0.00E+00,-3.74E+00,-5.23E+00,+8.59E+00,-6.890E+00
2,12/2/2026,10:41:05.485,-0.09E+00,-0.05E+00,+0.05E+00,-0.05E+00,-3.86E+00,-5.13E+00,+8.61E+00,-6.844E+00
2,12/2/2026,10:41:05.485,-0.09E+00,-0.05E+00,+0.05E+00,-0.05E+00,-3.98E+00,-5.01E+00,+8.62E+00,-6.791E+00
2,12/2/2026,10:41:05.485,-0.09E+00,-0.05E+00,+0.05E+00,-0.05E+00,-4.10E+00,-4.90E+00,+8.64E+00,-6.737E+00
2,12/2/2026,10:41:05.485,-0.09E+00,-0.05E+00,+0.05E+00,-0.05E+00,-4.24E+00,-4.79E+00,+8.64E+00,-6.684E+00
2,12/2/2026,10:41:05.485,-0.09E+00,-0.05E+00,+0.05E+00,-0.05E+00,-4.35E+00,-4.68E+00,+8.64E+00,-6.631E+00
2,12/2/2026,10:41:05.485,-0.09E+00,-0.05E+00,+0.05E+00,-0.05E+00,-4.46E+00,-4.58E+00,+8.65E+00,-6.585E+00
2,12/2/2026,10:41:05.485,-0.09E+00,-0.05E+00,+0.05E+00,-0.05E+00,-4.58E+00,-4.46E+00,+8.65E+00,-6.531E+00
2,12/2/2026,10:41:05.485,-0.09E+00,-0.05E+00,+0.05E+00,-0.05E+00,-4.70E+00,-4.35E+00,+8.67E+00,-6.478E+00
2,12/2/2026,10:41:05.485,-0.09E+00,-0.05E+00,+0.05E+00,-0.05E+00,-4.82E+00,-4.24E+00,+8.68E+00,-6.425E+00
2,12/2/2026,10:41:05.485,-0.09E+00,-0.05E+00,+0.05E+00,-0.05E+00,-4.94E+00,-4.12E+00,+8.68E+00,-6.371E+00
2,12/2/2026,10:41:05.485,-0.09E+00,-0.05E+00,+0.05E+00,+0.00E+00,-5.05E+00,-4.01E+00,+8.68E+00,-6.310E+00
2,12/2/2026,10:41:05.485,-0.09E+00,-0.05E+00,+0.05E+00,-0.05E+00,-5.16E+00,-3.89E+00,+8.70E+00,-6.257E+00
2,12/2/2026,10:41:05.485,-0.09E+00,-0.05E+00,+0.05E+00,+0.00E+00,-5.28E+00,-3.78E+00,+8.70E+00,-6.203E+00
2,12/2/2026,10:41:05.486,-0.09E+00,-0.05E+00,+0.05E+00,+0.00E+00,-5.40E+00,-3.68E+00,+8.70E+00,-6.142E+00
2,12/2/2026,10:41:05.486,-0.09E+00,-0.05E+00,+0.05E+00,+0.00E+00,-5.51E+00,-3.56E+00,+8.70E+00,-6.081E+00
2,12/2/2026,10:41:05.486,-0.14E+00,-0.05E+00,+0.05E+00,-0.05E+00,-5.63E+00,-3.43E+00,+8.70E+00,-6.028E+00
2,12/2/2026,10:41:05.486,-0.09E+00,-0.05E+00,+0.05E+00,+0.00E+00,-5.75E+00,-3.31E+00,+8.70E+00,-5.967E+00
2,12/2/2026,10:41:05.486,-0.09E+00,-0.05E+00,+0.05E+00,-0.05E+00,-5.86E+00,-3.20E+00,+8.68E+00,-5.898E+00
2,12/2/2026,10:41:05.486,-0.09E+00,-0.05E+00,+0.05E+00,-0.05E+00,-5.98E+00,-3.08E+00,+8.68E+00,-5.837E+00
2,12/2/2026,10:41:05.486,-0.09E+00,-0.05E+00,+0.05E+00,+0.00E+00,-6.10E+00,-2.95E+00,+8.67E+00,-5.768E+00
2,12/2/2026,10:41:05.486,-0.09E+00,-0.05E+00,+0.05E+00,+0.00E+00,-6.21E+00,-2.82E+00,+8.67E+00,-5.700E+00
2,12/2/2026,10:41:05.486,-0.09E+00,-0.05E+00,+0.05E+00,-0.05E+00,-6.32E+00,-2.70E+00,+8.65E+00,-5.631E+00
2,12/2/2026,10:41:05.486,-0.09E+00,-0.05E+00,+0.05E+00,-0.05E+00,-6.42E+00,-2.58E+00,+8.64E+00,-5.562E+00
2,12/2/2026,10:41:05.486,-0.09E+00,-0.05E+00,+0.05E+00,+0.00E+00,-6.53E+00,-2.46E+00,+8.62E+00,-5.494E+00
2,12/2/2026,10:41:05.486,-0.09E+00,-0.05E+00,+0.05E+00,-0.05E+00,-6.64E+00,-2.33E+00,+8.59E+00,-5.417E+00
2,12/2/2026,10:41:05.486,-0.09E+00,-0.05E+00,+0.05E+00,-0.05E+00,-6.75E+00,-2.20E+00,+8.58E+00,-5.341E+00
2,12/2/2026,10:41:05.486,-0.09E+00,-0.05E+00,+0.05E+00,-0.05E+00,-6.84E+00,-2.08E+00,+8.53E+00,-5.257E+00
2,12/2/2026,10:41:05.486,-0.09E+00,-0.05E+00,+0.05E+00,-0.05E+00,-6.93E+00,-1.94E+00,+8.48E+00,-5.166E+00
2,12/2/2026,10:41:05.486,-0.09E+00,-0.05E+00,+0.05E+00,-0.05E+00,-7.02E+00,-1.80E+00,+8.44E+00,-5.066E+00
2,12/2/2026,10:41:05.486,-0.14E+00,-0.05E+00,+0.05E+00,+0.00E+00,-7.10E+00,-1.66E+00,+8.38E+00,-4.967E+00
2,12/2/2026,10:41:05.486,-0.09E+00,-0.05E+00,+0.05E+00,+0.00E+00,-7.19E+00,-1.51E+00,+8.32E+00,-4.868E+00
2,12/2/2026,10:41:05.486,-0.09E+00,-0.05E+00,+0.05E+00,-0.05E+00,-7.26E+00,-1.36E+00,+8.26E+00,-4.754E+00
2,12/2/2026,10:41:05.486,-0.09E+00,-0.05E+00,+0.05E+00,+0.00E+00,-7.34E+00,-1.22E+00,+8.19E+00,-4.654E+00
2,12/2/2026,10:41:05.487,-0.09E+00,-0.05E+00,+0.05E+00,+0.00E+00,-7.42E+00,-1.08E+00,+8.12E+00,-4.555E+00
2,12/2/2026,10:41:05.487,-0.09E+00,-0.05E+00,+0.05E+00,+0.00E+00,-7.49E+00,-0.95E+00,+8.06E+00,-4.448E+00
2,12/2/2026,10:41:05.487,-0.09E+00,-0.05E+00,+0.05E+00,+0.00E+00,-7.57E+00,-0.79E+00,+8.00E+00,-4.349E+00
2,12/2/2026,10:41:05.487,-0.14E+00,-0.05E+00,+0.05E+00,-0.05E+00,-7.65E+00,-0.67E+00,+7.94E+00,-4.242E+00
2,12/2/2026,10:41:05.487,-0.09E+00,-0.05E+00,+0.05E+00,-0.05E+00,-7.71E+00,-0.52E+00,+7.87E+00,-4.143E+00
2,12/2/2026,10:41:05.487,-0.09E+00,-0.05E+00,+0.05E+00,-0.05E+00,-7.78E+00,-0.38E+00,+7.80E+00,-4.036E+00
2,12/2/2026,10:41:05.487,-0.09E+00,-0.05E+00,+0.05E+00,-0.05E+00,-7.84E+00,-0.26E+00,+7.72E+00,-3.929E+00
2,12/2/2026,10:41:05.487,-0.09E+00,-0.05E+00,+0.05E+00,+0.00E+00,-7.90E+00,-0.12E+00,+7.65E+00,-3.823E+00
2,12/2/2026,10:41:05.487,-0.09E+00,-0.05E+00,+0.05E+00,+0.00E+00,-7.95E+00,+0.02E+00,+7.57E+00,-3.723E+00
2,12/2/2026,10:41:05.487,-0.09E+00,-0.05E+00,+0.05E+00,+0.00E+00,-8.01E+00,+0.15E+00,+7.49E+00,-3.617E+00
2,12/2/2026,10:41:05.487,-0.09E+00,-0.05E+00,+0.05E+00,+0.00E+00,-8.06E+00,+0.29E+00,+7.40E+00,-3.510E+00
2,12/2/2026,10:41:05.487,-0.09E+00,-0.05E+00,+0.05E+00,+0.00E+00,-8.10E+00,+0.43E+00,+7.31E+00,-3.395E+00
2,12/2/2026,10:41:05.487,-0.09E+00,-0.05E+00,+0.05E+00,-0.05E+00,-8.15E+00,+0.56E+00,+7.22E+00,-3.273E+00
2,12/2/2026,10:41:05.487,-0.09E+00,-0.05E+00,+0.05E+00,+0.00E+00,-8.19E+00,+0.70E+00,+7.13E+00,-3.151E+00
2,12/2/2026,10:41:05.487,-0.09E+00,-0.05E+00,+0.05E+00,+0.00E+00,-8.24E+00,+0.84E+00,+7.02E+00,-3.029E+00
2,12/2/2026,10:41:05.487,-0.09E+00,-0.05E+00,+0.05E+00,-0.05E+00,-8.29E+00,+0.99E+00,+6.93E+00,-2.907E+00
2,12/2/2026,10:41:05.487,-0.09E+00,-0.05E+00,+0.05E+00,-0.05E+00,-8.33E+00,+1.14E+00,+6.82E+00,-2.785E+00
2,12/2/2026,10:41:05.487,-0.09E+00,-0.05E+00,+0.05E+00,-0.05E+00,-8.38E+00,+1.28E+00,+6.73E+00,-2.663E+00
2,12/2/2026,10:41:05.487,-0.09E+00,-0.05E+00,+0.05E+00,+0.00E+00,-8.42E+00,+1.43E+00,+6.62E+00,-2.548E+00
2,12/2/2026,10:41:05.487,-0.09E+00,-0.05E+00,+0.05E+00,+0.00E+00,-8.45E+00,+1.57E+00,+6.53E+00,-2.419E+00
2,12/2/2026,10:41:05.488,-0.09E+00,-0.05E+00,+0.05E+00,+0.00E+00,-8.50E+00,+1.71E+00,+6.42E+00,-2.304E+00
2,12/2/2026,10:41:05.488,-0.14E+00,-0.05E+00,+0.05E+00,-0.05E+00,-8.55E+00,+1.85E+00,+6.33E+00,-2.182E+00
2,12/2/2026,10:41:05.488,-0.09E+00,-0.05E+00,+0.05E+00,-0.05E+00,-8.58E+00,+2.00E+00,+6.23E+00,-2.060E+00
2,12/2/2026,10:41:05.488,-0.09E+00,-0.05E+00,+0.05E+00,-0.05E+00,-8.62E+00,+2.14E+00,+6.12E+00,-1.938E+00
2,12/2/2026,10:41:05.488,-0.09E+00,-0.05E+00,+0.05E+00,-0.05E+00,-8.65E+00,+2.27E+00,+6.01E+00,-1.816E+00
2,12/2/2026,10:41:05.488,-0.14E+00,-0.05E+00,+0.05E+00,-0.05E+00,-8.68E+00,+2.41E+00,+5.91E+00,-1.686E+00
2,12/2/2026,10:41:05.488,-0.09E+00,-0.05E+00,+0.05E+00,+0.00E+00,-8.70E+00,+2.55E+00,+5.78E+00,-1.564E+00
2,12/2/2026,10:41:05.488,-0.09E+00,-0.05E+00,+0.05E+00,-0.05E+00,-8.73E+00,+2.69E+00,+5.68E+00,-1.442E+00
2,12/2/2026,10:41:05.488,-0.09E+00,-0.05E+00,+0.05E+00,-0.05E+00,-8.76E+00,+2.82E+00,+5.57E+00,-1.320E+00
2,12/2/2026,10:41:05.488,-0.09E+00,-0.05E+00,+0.05E+00,+0.00E+00,-8.77E+00,+2.95E+00,+5.45E+00,-1.198E+00
2,12/2/2026,10:41:05.488,-0.09E+00,-0.05E+00,+0.05E+00,+0.00E+00,-8.79E+00,+3.08E+00,+5.34E+00,-1.076E+00
2,12/2/2026,10:41:05.488,-0.09E+00,-0.05E+00,+0.05E+00,-0.05E+00,-8.82E+00,+3.22E+00,+5.23E+00,-0.954E+00
2,12/2/2026,10:41:05.488,-0.09E+00,-0.05E+00,+0.05E+00,-0.05E+00,-8.82E+00,+3.34E+00,+5.13E+00,-0.839E+00
2,12/2/2026,10:41:05.488,-0.09E+00,-0.05E+00,+0.05E+00,+0.00E+00,-8.84E+00,+3.48E+00,+5.01E+00,-0.717E+00
2,12/2/2026,10:41:05.488,-0.09E+00,-0.05E+00,+0.05E+00,+0.00E+00,-8.85E+00,+3.60E+00,+4.88E+00,-0.595E+00
2,12/2/2026,10:41:05.488,-0.09E+00,-0.05E+00,+0.05E+00,-0.05E+00,-8.87E+00,+3.72E+00,+4.78E+00,-0.481E+00
2,12/2/2026,10:41:05.488,-0.09E+00,-0.05E+00,+0.05E+00,-0.05E+00,-8.88E+00,+3.85E+00,+4.67E+00,-0.359E+00
2,12/2/2026,10:41:05.488,-0.09E+00,-0.05E+00,+0.05E+00,+0.00E+00,-8.88E+00,+3.97E+00,+4.55E+00,-0.244E+00
2,12/2/2026,10:41:05.488,-0.09E+00,-0.05E+00,+0.05E+00,+0.00E+00,-8.90E+00,+4.07E+00,+4.44E+00,-0.137E+00
2,12/2/2026,10:41:05.488,-0.09E+00,-0.05E+00,+0.05E+00,+0.00E+00,-8.90E+00,+4.20E+00,+4.33E+00,-0.023E+00
2,12/2/2026,10:41:05.489,-0.09E+00,-0.05E+00,+0.00E+00,+0.00E+00,-8.90E+00,+4.30E+00,+4.23E+00,+0.092E+00
2,12/2/2026,10:41:05.489,-0.09E+00,-0.05E+00,+0.05E+00,+0.00E+00,-8.90E+00,+4.43E+00,+4.10E+00,+0.206E+00
2,12/2/2026,10:41:05.489,-0.09E+00,-0.05E+00,+0.05E+00,+0.00E+00,-8.90E+00,+4.55E+00,+4.00E+00,+0.320E+00
2,12/2/2026,10:41:05.489,-0.09E+00,-0.05E+00,+0.05E+00,+0.00E+00,-8.91E+00,+4.67E+00,+3.89E+00,+0.435E+00
2,12/2/2026,10:41:05.489,-0.09E+00,-0.05E+00,+0.05E+00,+0.00E+00,-8.91E+00,+4.78E+00,+3.77E+00,+0.549E+00
2,12/2/2026,10:41:05.489,-0.09E+00,-0.05E+00,+0.05E+00,-0.05E+00,-8.90E+00,+4.90E+00,+3.65E+00,+0.671E+00
2,12/2/2026,10:41:05.489,-0.09E+00,-0.05E+00,+0.05E+00,+0.00E+00,-8.90E+00,+5.01E+00,+3.53E+00,+0.786E+00
2,12/2/2026,10:41:05.489,-0.09E+00,-0.05E+00,+0.05E+00,+0.00E+00,-8.90E+00,+5.11E+00,+3.40E+00,+0.900E+00
2,12/2/2026,10:41:05.489,-0.09E+00,-0.05E+00,+0.05E+00,-0.05E+00,-8.90E+00,+5.23E+00,+3.30E+00,+1.015E+00
2,12/2/2026,10:41:05.489,-0.09E+00,-0.05E+00,+0.05E+00,-0.05E+00,-8.88E+00,+5.34E+00,+3.17E+00,+1.129E+00
2,12/2/2026,10:41:05.489,-0.09E+00,+0.00E+00,+0.05E+00,+0.00E+00,-8.88E+00,+5.46E+00,+3.05E+00,+1.244E+00
2,12/2/2026,10:41:05.489,-0.09E+00,-0.05E+00,+0.05E+00,+0.00E+00,-8.87E+00,+5.57E+00,+2.93E+00,+1.358E+00
2,12/2/2026,10:41:05.489,-0.09E+00,-0.05E+00,+0.05E+00,-0.05E+00,-8.85E+00,+5.69E+00,+2.81E+00,+1.480E+00
2,12/2/2026,10:41:05.489,-0.09E+00,-0.05E+00,+0.05E+00,+0.00E+00,-8.84E+00,+5.80E+00,+2.69E+00,+1.602E+00
2,12/2/2026,10:41:05.489,-0.09E+00,-0.05E+00,+0.05E+00,+0.00E+00,-8.82E+00,+5.91E+00,+2.55E+00,+1.717E+00
2,12/2/2026,10:41:05.489,-0.09E+00,-0.05E+00,+0.05E+00,-0.05E+00,-8.79E+00,+6.01E+00,+2.41E+00,+1.831E+00
2,12/2/2026,10:41:05.489,-0.09E+00,-0.05E+00,+0.05E+00,+0.00E+00,-8.76E+00,+6.12E+00,+2.29E+00,+1.953E+00
2,12/2/2026,10:41:05.489,-0.09E+00,-0.05E+00,+0.05E+00,+0.00E+00,-8.73E+00,+6.21E+00,+2.15E+00,+2.068E+00
2,12/2/2026,10:41:05.489,-0.09E+00,-0.05E+00,+0.05E+00,+0.00E+00,-8.70E+00,+6.32E+00,+2.01E+00,+2.190E+00
2,12/2/2026,10:41:05.489,-0.09E+00,-0.05E+00,+0.05E+00,+0.00E+00,-8.67E+00,+6.41E+00,+1.89E+00,+2.304E+00
2,12/2/2026,10:41:05.490,-0.09E+00,-0.05E+00,+0.05E+00,+0.00E+00,-8.62E+00,+6.50E+00,+1.75E+00,+2.419E+00
2,12/2/2026,10:41:05.490,-0.09E+00,-0.05E+00,+0.05E+00,+0.00E+00,-8.58E+00,+6.59E+00,+1.62E+00,+2.526E+00
2,12/2/2026,10:41:05.490,-0.09E+00,-0.05E+00,+0.05E+00,+0.00E+00,-8.53E+00,+6.68E+00,+1.48E+00,+2.632E+00
2,12/2/2026,10:41:05.490,-0.09E+00,-0.05E+00,+0.05E+00,+0.00E+00,-8.48E+00,+6.76E+00,+1.34E+00,+2.739E+00
2,12/2/2026,10:41:05.490,-0.09E+00,-0.05E+00,+0.05E+00,+0.00E+00,-8.42E+00,+6.85E+00,+1.21E+00,+2.854E+00
2,12/2/2026,10:41:05.490,-0.09E+00,-0.05E+00,+0.05E+00,+0.00E+00,-8.36E+00,+6.94E+00,+1.07E+00,+2.960E+00
2,12/2/2026,10:41:05.490,-0.09E+00,-0.05E+00,+0.05E+00,+0.00E+00,-8.30E+00,+7.02E+00,+0.93E+00,+3.067E+00
2,12/2/2026,10:41:05.490,-0.09E+00,-0.05E+00,+0.05E+00,+0.00E+00,-8.24E+00,+7.10E+00,+0.78E+00,+3.174E+00
2,12/2/2026,10:41:05.490,-0.09E+00,-0.05E+00,+0.05E+00,+0.00E+00,-8.18E+00,+7.17E+00,+0.64E+00,+3.289E+00
2,12/2/2026,10:41:05.490,-0.09E+00,-0.05E+00,+0.05E+00,-0.05E+00,-8.12E+00,+7.25E+00,+0.50E+00,+3.395E+00
2,12/2/2026,10:41:05.490,-0.09E+00,-0.05E+00,+0.05E+00,-0.05E+00,-8.04E+00,+7.32E+00,+0.37E+00,+3.502E+00
2,12/2/2026,10:41:05.490,-0.09E+00,-0.05E+00,+0.05E+00,+0.00E+00,-7.98E+00,+7.40E+00,+0.21E+00,+3.609E+00
2,12/2/2026,10:41:05.490,-0.09E+00,-0.05E+00,+0.05E+00,+0.00E+00,-7.90E+00,+7.46E+00,+0.06E+00,+3.716E+00
2,12/2/2026,10:41:05.490,-0.09E+00,-0.05E+00,+0.05E+00,-0.05E+00,-7.83E+00,+7.52E+00,-0.08E+00,+3.815E+00
2,12/2/2026,10:41:05.490,-0.09E+00,-0.05E+00,+0.05E+00,-0.05E+00,-7.75E+00,+7.60E+00,-0.21E+00,+3.922E+00
2,12/2/2026,10:41:05.490,-0.09E+00,-0.05E+00,+0.05E+00,+0.00E+00,-7.68E+00,+7.66E+00,-0.35E+00,+4.021E+00
2,12/2/2026,10:41:05.490,-0.09E+00,-0.05E+00,+0.05E+00,+0.00E+00,-7.58E+00,+7.72E+00,-0.50E+00,+4.120E+00
2,12/2/2026,10:41:05.490,-0.09E+00,-0.05E+00,+0.00E+00,+0.00E+00,-7.49E+00,+7.78E+00,-0.64E+00,+4.219E+00
2,12/2/2026,10:41:05.490,-0.09E+00,-0.05E+00,+0.00E+00,+0.00E+00,-7.40E+00,+7.83E+00,-0.79E+00,+4.319E+00
2,12/2/2026,10:41:05.490,-0.09E+00,-0.05E+00,+0.05E+00,-0.05E+00,-7.31E+00,+7.89E+00,-0.93E+00,+4.418E+00
2,12/2/2026,10:41:05.491,-0.09E+00,-0.05E+00,+0.05E+00,+0.00E+00,-7.22E+00,+7.94E+00,-1.07E+00,+4.509E+00
2,12/2/2026,10:41:05.491,-0.09E+00,-0.05E+00,+0.05E+00,-0.05E+00,-7.13E+00,+7.98E+00,-1.22E+00,+4.609E+00
2,12/2/2026,10:41:05.491,-0.09E+00,-0.05E+00,+0.05E+00,-0.05E+00,-7.02E+00,+8.03E+00,-1.37E+00,+4.700E+00
2,12/2/2026,10:41:05.491,-0.09E+00,-0.05E+00,+0.05E+00,+0.00E+00,-6.93E+00,+8.07E+00,-1.51E+00,+4.792E+00
2,12/2/2026,10:41:05.491,-0.09E+00,-0.05E+00,+0.05E+00,+0.00E+00,-6.82E+00,+8.12E+00,-1.65E+00,+4.891E+00
2,12/2/2026,10:41:05.491,-0.09E+00,-0.05E+00,+0.05E+00,-0.05E+00,-6.73E+00,+8.16E+00,-1.80E+00,+4.982E+00
2,12/2/2026,10:41:05.491,-0.09E+00,-0.05E+00,+0.05E+00,-0.05E+00,-6.64E+00,+8.21E+00,-1.94E+00,+5.074E+00
2,12/2/2026,10:41:05.491,-0.09E+00,-0.05E+00,+0.05E+00,+0.00E+00,-6.53E+00,+8.24E+00,-2.08E+00,+5.158E+00
2,12/2/2026,10:41:05.491,-0.09E+00,-0.05E+00,+0.00E+00,-0.05E+00,-6.42E+00,+8.29E+00,-2.21E+00,+5.250E+00
2,12/2/2026,10:41:05.491,-0.09E+00,-0.05E+00,+0.05E+00,+0.00E+00,-6.32E+00,+8.33E+00,-2.37E+00,+5.333E+00
2,12/2/2026,10:41:05.491,-0.09E+00,-0.05E+00,+0.05E+00,+0.00E+00,-6.21E+00,+8.36E+00,-2.50E+00,+5.425E+00
2,12/2/2026,10:41:05.491,-0.09E+00,-0.05E+00,+0.05E+00,-0.05E+00,-6.12E+00,+8.39E+00,-2.64E+00,+5.509E+00
2,12/2/2026,10:41:05.491,-0.09E+00,-0.05E+00,+0.05E+00,+0.00E+00,-6.01E+00,+8.42E+00,-2.78E+00,+5.585E+00
2,12/2/2026,10:41:05.491,-0.09E+00,-0.05E+00,+0.05E+00,+0.00E+00,-5.91E+00,+8.45E+00,-2.91E+00,+5.669E+00
2,12/2/2026,10:41:05.491,-0.09E+00,-0.05E+00,+0.05E+00,+0.00E+00,-5.80E+00,+8.48E+00,-3.05E+00,+5.753E+00
2,12/2/2026,10:41:05.491,-0.09E+00,-0.05E+00,+0.05E+00,+0.00E+00,-5.69E+00,+8.52E+00,-3.19E+00,+5.829E+00
2,12/2/2026,10:41:05.491,-0.09E+00,-0.05E+00,+0.05E+00,-0.05E+00,-5.59E+00,+8.55E+00,-3.33E+00,+5.913E+00
2,12/2/2026,10:41:05.491,-0.09E+00,-0.05E+00,+0.05E+00,+0.00E+00,-5.46E+00,+8.56E+00,-3.45E+00,+5.990E+00
2,12/2/2026,10:41:05.491,-0.09E+00,-0.05E+00,+0.05E+00,-0.05E+00,-5.36E+00,+8.59E+00,-3.59E+00,+6.066E+00
2,12/2/2026,10:41:05.491,-0.09E+00,-0.05E+00,+0.05E+00,-0.05E+00,-5.25E+00,+8.61E+00,-3.72E+00,+6.135E+00
2,12/2/2026,10:41:05.492,-0.09E+00,-0.05E+00,+0.05E+00,+0.00E+00,-5.14E+00,+8.62E+00,-3.85E+00,+6.203E+00
2,12/2/2026,10:41:05.492,-0.09E+00,-0.05E+00,+0.05E+00,+0.00E+00,-5.04E+00,+8.64E+00,-3.97E+00,+6.272E+00
2,12/2/2026,10:41:05.492,-0.09E+00,-0.05E+00,+0.05E+00,+0.00E+00,-4.91E+00,+8.65E+00,-4.10E+00,+6.341E+00
2,12/2/2026,10:41:05.492,-0.09E+00,-0.05E+00,+0.05E+00,+0.00E+00,-4.81E+00,+8.67E+00,-4.23E+00,+6.409E+00
2,12/2/2026,10:41:05.492,-0.09E+00,-0.05E+00,+0.05E+00,+0.00E+00,-4.70E+00,+8.67E+00,-4.33E+00,+6.470E+00
2,12/2/2026,10:41:05.492,-0.09E+00,-0.05E+00,+0.05E+00,-0.05E+00,-4.59E+00,+8.67E+00,-4.46E+00,+6.531E+00
2,12/2/2026,10:41:05.492,-0.09E+00,-0.05E+00,+0.05E+00,-0.05E+00,-4.49E+00,+8.68E+00,-4.56E+00,+6.592E+00
2,12/2/2026,10:41:05.492,-0.09E+00,-0.05E+00,+0.05E+00,+0.00E+00,-4.36E+00,+8.70E+00,-4.68E+00,+6.653E+00
2,12/2/2026,10:41:05.492,-0.09E+00,-0.05E+00,+0.05E+00,+0.00E+00,-4.26E+00,+8.70E+00,-4.81E+00,+6.714E+00
2,12/2/2026,10:41:05.492,-0.09E+00,-0.05E+00,+0.05E+00,+0.00E+00,-4.15E+00,+8.71E+00,-4.93E+00,+6.776E+00
2,12/2/2026,10:41:05.492,-0.09E+00,-0.05E+00,+0.05E+00,+0.00E+00,-4.03E+00,+8.71E+00,-5.05E+00,+6.837E+00
2,12/2/2026,10:41:05.492,-0.09E+00,-0.05E+00,+0.05E+00,-0.05E+00,-3.91E+00,+8.71E+00,-5.17E+00,+6.890E+00
2,12/2/2026,10:41:05.492,-0.09E+00,-0.05E+00,+0.05E+00,-0.05E+00,-3.80E+00,+8.71E+00,-5.30E+00,+6.951E+00
2,12/2/2026,10:41:05.492,-0.09E+00,-0.05E+00,+0.05E+00,-0.05E+00,-3.68E+00,+8.71E+00,-5.40E+00,+7.012E+00
2,12/2/2026,10:41:05.492,-0.09E+00,-0.05E+00,+0.05E+00,+0.00E+00,-3.57E+00,+8.71E+00,-5.51E+00,+7.065E+00
2,12/2/2026,10:41:05.492,-0.09E+00,-0.05E+00,+0.00E+00,+0.00E+00,-3.45E+00,+8.71E+00,-5.63E+00,+7.119E+00
2,12/2/2026,10:41:05.492,-0.09E+00,-0.05E+00,+0.05E+00,+0.00E+00,-3.34E+00,+8.71E+00,-5.74E+00,+7.172E+00
2,12/2/2026,10:41:05.492,-0.09E+00,-0.05E+00,+0.05E+00,-0.05E+00,-3.22E+00,+8.70E+00,-5.86E+00,+7.218E+00
2,12/2/2026,10:41:05.492,-0.09E+00,-0.05E+00,+0.05E+00,-0.05E+00,-3.10E+00,+8.70E+00,-5.97E+00,+7.271E+00
2,12/2/2026,10:41:05.492,-0.09E+00,-0.05E+00,+0.05E+00,-0.05E+00,-2.98E+00,+8.68E+00,-6.07E+00,+7.317E+00
2,12/2/2026,10:41:05.493,-0.09E+00,-0.05E+00,+0.05E+00,-0.05E+00,-2.84E+00,+8.67E+00,-6.20E+00,+7.363E+00
2,12/2/2026,10:41:05.493,-0.09E+00,-0.05E+00,+0.05E+00,-0.05E+00,-2.72E+00,+8.64E+00,-6.30E+00,+7.409E+00
2,12/2/2026,10:41:05.493,-0.09E+00,-0.05E+00,+0.05E+00,+0.00E+00,-2.58E+00,+8.62E+00,-6.39E+00,+7.447E+00
2,12/2/2026,10:41:05.493,-0.09E+00,-0.05E+00,+0.05E+00,-0.05E+00,-2.44E+00,+8.59E+00,-6.50E+00,+7.477E+00
2,12/2/2026,10:41:05.493,-0.09E+00,-0.05E+00,+0.05E+00,-0.05E+00,-2.32E+00,+8.56E+00,-6.61E+00,+7.508E+00
2,12/2/2026,10:41:05.493,-0.09E+00,-0.05E+00,+0.05E+00,+0.00E+00,-2.18E+00,+8.53E+00,-6.70E+00,+7.539E+00
2,12/2/2026,10:41:05.493,-0.09E+00,-0.05E+00,+0.00E+00,+0.00E+00,-2.06E+00,+8.48E+00,-6.79E+00,+7.569E+00
2,12/2/2026,10:41:05.493,-0.14E+00,-0.05E+00,+0.05E+00,-0.05E+00,-1.92E+00,+8.44E+00,-6.88E+00,+7.592E+00
2,12/2/2026,10:41:05.493,-0.14E+00,-0.05E+00,+0.05E+00,-0.05E+00,-1.79E+00,+8.39E+00,-6.97E+00,+7.607E+00
2,12/2/2026,10:41:05.493,-0.09E+00,-0.05E+00,+0.05E+00,-0.05E+00,-1.65E+00,+8.35E+00,-7.05E+00,+7.630E+00
2,12/2/2026,10:41:05.493,-0.09E+00,-0.05E+00,+0.05E+00,-0.05E+00,-1.53E+00,+8.30E+00,-7.14E+00,+7.638E+00
2,12/2/2026,10:41:05.493,-0.09E+00,-0.05E+00,+0.05E+00,+0.00E+00,-1.39E+00,+8.26E+00,-7.22E+00,+7.645E+00
2,12/2/2026,10:41:05.493,-0.09E+00,-0.05E+00,+0.05E+00,+0.00E+00,-1.25E+00,+8.19E+00,-7.31E+00,+7.661E+00
2,12/2/2026,10:41:05.493,-0.09E+00,-0.05E+00,+0.05E+00,-0.05E+00,-1.11E+00,+8.12E+00,-7.37E+00,+7.661E+00
2,12/2/2026,10:41:05.493,-0.09E+00,-0.05E+00,+0.05E+00,+0.00E+00,-0.96E+00,+8.06E+00,-7.45E+00,+7.661E+00
2,12/2/2026,10:41:05.493,-0.14E+00,-0.05E+00,+0.05E+00,+0.00E+00,-0.82E+00,+7.98E+00,-7.52E+00,+7.661E+00
2,12/2/2026,10:41:05.493,-0.09E+00,-0.05E+00,+0.05E+00,+0.00E+00,-0.69E+00,+7.90E+00,-7.58E+00,+7.661E+00
2,12/2/2026,10:41:05.493,-0.09E+00,-0.05E+00,+0.05E+00,-0.05E+00,-0.53E+00,+7.83E+00,-7.66E+00,+7.653E+00
2,12/2/2026,10:41:05.493,-0.09E+00,-0.05E+00,+0.05E+00,-0.05E+00,-0.40E+00,+7.75E+00,-7.72E+00,+7.653E+00
2,12/2/2026,10:41:05.493,-0.09E+00,-0.05E+00,+0.05E+00,+0.00E+00,-0.26E+00,+7.68E+00,-7.80E+00,+7.638E+00
2,12/2/2026,10:41:05.494,-0.09E+00,-0.05E+00,+0.05E+00,+0.00E+00,-0.11E+00,+7.60E+00,-7.86E+00,+7.630E+00
2,12/2/2026,10:41:05.494,-0.09E+00,-0.05E+00,+0.05E+00,+0.00E+00,+0.03E+00,+7.52E+00,-7.92E+00,+7.622E+00
2,12/2/2026,10:41:05.494,-0.09E+00,-0.05E+00,+0.05E+00,+0.00E+00,+0.18E+00,+7.45E+00,-7.98E+00,+7.615E+00
2,12/2/2026,10:41:05.494,-0.09E+00,-0.05E+00,+0.05E+00,+0.00E+00,+0.34E+00,+7.37E+00,-8.06E+00,+7.600E+00
2,12/2/2026,10:41:05.494,-0.09E+00,-0.05E+00,+0.05E+00,-0.05E+00,+0.47E+00,+7.28E+00,-8.12E+00,+7.592E+00
2,12/2/2026,10:41:05.494,-0.09E+00,-0.05E+00,+0.05E+00,-0.05E+00,+0.61E+00,+7.19E+00,-8.16E+00,+7.577E+00
2,12/2/2026,10:41:05.494,-0.09E+00,-0.05E+00,+0.05E+00,-0.05E+00,+0.76E+00,+7.11E+00,-8.23E+00,+7.561E+00
2,12/2/2026,10:41:05.494,-0.09E+00,-0.05E+00,+0.05E+00,+0.00E+00,+0.90E+00,+7.02E+00,-8.29E+00,+7.539E+00
2,12/2/2026,10:41:05.494,-0.09E+00,-0.05E+00,+0.05E+00,+0.00E+00,+1.05E+00,+6.93E+00,-8.33E+00,+7.523E+00
2,12/2/2026,10:41:05.494,-0.09E+00,-0.05E+00,+0.05E+00,+0.00E+00,+1.19E+00,+6.84E+00,-8.39E+00,+7.500E+00
2,12/2/2026,10:41:05.494,-0.09E+00,-0.05E+00,+0.05E+00,-0.05E+00,+1.34E+00,+6.75E+00,-8.44E+00,+7.477E+00
2,12/2/2026,10:41:05.494,-0.09E+00,-0.05E+00,+0.05E+00,+0.00E+00,+1.48E+00,+6.64E+00,-8.48E+00,+7.455E+00
2,12/2/2026,10:41:05.494,-0.09E+00,-0.05E+00,+0.05E+00,+0.00E+00,+1.62E+00,+6.55E+00,-8.52E+00,+7.424E+00
2,12/2/2026,10:41:05.494,-0.09E+00,-0.05E+00,+0.05E+00,+0.00E+00,+1.77E+00,+6.46E+00,-8.56E+00,+7.386E+00
2,12/2/2026,10:41:05.494,-0.14E+00,-0.05E+00,+0.05E+00,+0.00E+00,+1.89E+00,+6.35E+00,-8.59E+00,+7.363E+00
2,12/2/2026,10:41:05.494,-0.09E+00,-0.05E+00,+0.05E+00,-0.05E+00,+2.03E+00,+6.26E+00,-8.62E+00,+7.325E+00
2,12/2/2026,10:41:05.494,-0.09E+00,-0.05E+00,+0.05E+00,-0.05E+00,+2.17E+00,+6.15E+00,-8.67E+00,+7.287E+00
2,12/2/2026,10:41:05.494,-0.09E+00,-0.05E+00,+0.05E+00,-0.05E+00,+2.30E+00,+6.04E+00,-8.70E+00,+7.249E+00
2,12/2/2026,10:41:05.494,-0.09E+00,-0.05E+00,+0.05E+00,+0.00E+00,+2.44E+00,+5.94E+00,-8.73E+00,+7.218E+00
2,12/2/2026,10:41:05.494,-0.09E+00,-0.05E+00,+0.05E+00,+0.00E+00,+2.56E+00,+5.83E+00,-8.76E+00,+7.172E+00
2,12/2/2026,10:41:05.495,-0.09E+00,-0.05E+00,+0.05E+00,-0.05E+00,+2.72E+00,+5.74E+00,-8.79E+00,+7.134E+00
2,12/2/2026,10:41:05.495,-0.09E+00,-0.05E+00,+0.05E+00,-0.05E+00,+2.84E+00,+5.63E+00,-8.82E+00,+7.096E+00
2,12/2/2026,10:41:05.495,-0.09E+00,-0.05E+00,+0.05E+00,+0.00E+00,+2.96E+00,+5.52E+00,-8.84E+00,+7.050E+00
2,12/2/2026,10:41:05.495,-0.09E+00,-0.05E+00,+0.05E+00,+0.00E+00,+3.10E+00,+5.42E+00,-8.87E+00,+7.004E+00
2,12/2/2026,10:41:05.495,-0.09E+00,-0.05E+00,+0.05E+00,+0.00E+00,+3.22E+00,+5.31E+00,-8.88E+00,+6.959E+00
2,12/2/2026,10:41:05.495,-0.09E+00,-0.05E+00,+0.05E+00,-0.05E+00,+3.34E+00,+5.19E+00,-8.90E+00,+6.913E+00
2,12/2/2026,10:41:05.495,-0.09E+00,-0.05E+00,+0.05E+00,+0.00E+00,+3.48E+00,+5.08E+00,-8.90E+00,+6.867E+00
2,12/2/2026,10:41:05.495,-0.09E+00,-0.05E+00,+0.05E+00,+0.00E+00,+3.60E+00,+4.96E+00,-8.93E+00,+6.814E+00
2,12/2/2026,10:41:05.495,-0.09E+00,-0.05E+00,+0.05E+00,-0.05E+00,+3.72E+00,+4.85E+00,-8.94E+00,+6.760E+00
2,12/2/2026,10:41:05.495,-0.09E+00,-0.05E+00,+0.05E+00,-0.05E+00,+3.85E+00,+4.75E+00,-8.96E+00,+6.707E+00
2,12/2/2026,10:41:05.495,-0.09E+00,-0.05E+00,+0.05E+00,-0.05E+00,+3.97E+00,+4.64E+00,-8.96E+00,+6.661E+00
2,12/2/2026,10:41:05.495,-0.09E+00,-0.05E+00,+0.05E+00,-0.05E+00,+4.09E+00,+4.53E+00,-8.97E+00,+6.608E+00
2,12/2/2026,10:41:05.495,-0.09E+00,-0.05E+00,+0.05E+00,-0.05E+00,+4.21E+00,+4.43E+00,-8.97E+00,+6.562E+00
2,12/2/2026,10:41:05.495,-0.09E+00,-0.05E+00,+0.05E+00,+0.00E+00,+4.32E+00,+4.30E+00,-8.97E+00,+6.508E+00
2,12/2/2026,10:41:05.495,-0.09E+00,-0.05E+00,+0.00E+00,+0.00E+00,+4.44E+00,+4.20E+00,-8.99E+00,+6.455E+00
2,12/2/2026,10:41:05.495,-0.09E+00,-0.05E+00,+0.05E+00,-0.05E+00,+4.56E+00,+4.09E+00,-9.00E+00,+6.402E+00
2,12/2/2026,10:41:05.495,-0.09E+00,-0.05E+00,+0.05E+00,-0.05E+00,+4.68E+00,+3.97E+00,-9.00E+00,+6.348E+00
2,12/2/2026,10:41:05.495,-0.09E+00,-0.05E+00,+0.05E+00,-0.05E+00,+4.79E+00,+3.86E+00,-9.00E+00,+6.295E+00
2,12/2/2026,10:41:05.495,-0.09E+00,-0.05E+00,+0.05E+00,-0.05E+00,+4.91E+00,+3.75E+00,-9.02E+00,+6.234E+00
2,12/2/2026,10:41:05.495,-0.09E+00,-0.05E+00,+0.05E+00,+0.00E+00,+5.04E+00,+3.63E+00,-9.02E+00,+6.180E+00
2,12/2/2026,10:41:05.496,-0.09E+00,-0.05E+00,+0.05E+00,+0.00E+00,+5.14E+00,+3.53E+00,-9.02E+00,+6.119E+00
2,12/2/2026,10:41:05.496,-0.09E+00,-0.05E+00,+0.05E+00,+0.00E+00,+5.26E+00,+3.40E+00,-9.02E+00,+6.058E+00
2,12/2/2026,10:41:05.496,-0.09E+00,-0.05E+00,+0.05E+00,-0.05E+00,+5.37E+00,+3.28E+00,-9.02E+00,+5.997E+00
2,12/2/2026,10:41:05.496,-0.09E+00,-0.05E+00,+0.05E+00,-0.05E+00,+5.49E+00,+3.17E+00,-9.02E+00,+5.936E+00
2,12/2/2026,10:41:05.496,-0.09E+00,-0.05E+00,+0.05E+00,+0.00E+00,+5.62E+00,+3.05E+00,-9.00E+00,+5.875E+00
2,12/2/2026,10:41:05.496,-0.09E+00,+0.00E+00,+0.05E+00,+0.00E+00,+5.72E+00,+2.93E+00,-9.00E+00,+5.807E+00
2,12/2/2026,10:41:05.496,-0.09E+00,-0.05E+00,+0.05E+00,+0.00E+00,+5.84E+00,+2.79E+00,-8.99E+00,+5.745E+00
2,12/2/2026,10:41:05.496,-0.09E+00,-0.05E+00,+0.05E+00,+0.00E+00,+5.97E+00,+2.67E+00,-8.99E+00,+5.677E+00
2,12/2/2026,10:41:05.496,-0.09E+00,-0.05E+00,+0.05E+00,-0.05E+00,+6.06E+00,+2.55E+00,-8.97E+00,+5.608E+00
2,12/2/2026,10:41:05.496,-0.09E+00,-0.05E+00,+0.05E+00,+0.00E+00,+6.17E+00,+2.43E+00,-8.96E+00,+5.539E+00
2,12/2/2026,10:41:05.496,-0.09E+00,-0.05E+00,+0.05E+00,+0.00E+00,+6.27E+00,+2.30E+00,-8.94E+00,+5.463E+00
2,12/2/2026,10:41:05.496,-0.09E+00,-0.05E+00,+0.05E+00,+0.00E+00,+6.38E+00,+2.18E+00,-8.91E+00,+5.394E+00
2,12/2/2026,10:41:05.496,-0.09E+00,-0.05E+00,+0.05E+00,-0.05E+00,+6.49E+00,+2.06E+00,-8.88E+00,+5.311E+00
2,12/2/2026,10:41:05.496,-0.09E+00,-0.05E+00,+0.05E+00,-0.05E+00,+6.56E+00,+1.92E+00,-8.85E+00,+5.227E+00
2,12/2/2026,10:41:05.496,-0.09E+00,-0.05E+00,+0.05E+00,+0.00E+00,+6.65E+00,+1.77E+00,-8.81E+00,+5.135E+00
2,12/2/2026,10:41:05.496,-0.09E+00,-0.05E+00,+0.05E+00,+0.00E+00,+6.75E+00,+1.63E+00,-8.74E+00,+5.036E+00
2,12/2/2026,10:41:05.496,-0.09E+00,-0.05E+00,+0.05E+00,+0.00E+00,+6.84E+00,+1.50E+00,-8.68E+00,+4.937E+00
2,12/2/2026,10:41:05.496,-0.09E+00,-0.05E+00,+0.05E+00,+0.00E+00,+6.91E+00,+1.36E+00,-8.62E+00,+4.830E+00
2,12/2/2026,10:41:05.496,-0.09E+00,-0.05E+00,+0.05E+00,-0.05E+00,+6.99E+00,+1.21E+00,-8.56E+00,+4.731E+00
2,12/2/2026,10:41:05.496,-0.09E+00,-0.05E+00,+0.05E+00,-0.05E+00,+7.08E+00,+1.07E+00,-8.52E+00,+4.624E+00
2,12/2/2026,10:41:05.497,-0.09E+00,-0.05E+00,+0.00E+00,+0.00E+00,+7.16E+00,+0.93E+00,-8.44E+00,+4.525E+00
2,12/2/2026,10:41:05.497,-0.09E+00,-0.05E+00,+0.05E+00,+0.00E+00,+7.22E+00,+0.79E+00,-8.38E+00,+4.425E+00
2,12/2/2026,10:41:05.497,-0.09E+00,-0.05E+00,+0.05E+00,+0.00E+00,+7.29E+00,+0.66E+00,-8.32E+00,+4.319E+00
2,12/2/2026,10:41:05.497,-0.09E+00,-0.05E+00,+0.05E+00,-0.05E+00,+7.37E+00,+0.52E+00,-8.24E+00,+4.219E+00
2,12/2/2026,10:41:05.497,-0.09E+00,-0.05E+00,+0.05E+00,-0.05E+00,+7.45E+00,+0.38E+00,-8.18E+00,+4.120E+00
2,12/2/2026,10:41:05.497,-0.09E+00,-0.05E+00,+0.05E+00,-0.05E+00,+7.51E+00,+0.24E+00,-8.12E+00,+4.013E+00
2,12/2/2026,10:41:05.497,-0.09E+00,-0.05E+00,+0.05E+00,-0.05E+00,+7.57E+00,+0.11E+00,-8.04E+00,+3.907E+00
2,12/2/2026,10:41:05.497,-0.09E+00,-0.05E+00,+0.05E+00,+0.00E+00,+7.63E+00,-0.03E+00,-7.97E+00,+3.800E+00
2,12/2/2026,10:41:05.497,-0.09E+00,-0.05E+00,+0.05E+00,+0.00E+00,+7.69E+00,-0.17E+00,-7.89E+00,+3.693E+00
2,12/2/2026,10:41:05.497,-0.09E+00,-0.05E+00,+0.05E+00,-0.05E+00,+7.74E+00,-0.31E+00,-7.80E+00,+3.579E+00
2,12/2/2026,10:41:05.497,-0.09E+00,-0.05E+00,+0.05E+00,+0.00E+00,+7.80E+00,-0.44E+00,-7.71E+00,+3.472E+00
2,12/2/2026,10:41:05.497,-0.09E+00,-0.05E+00,+0.05E+00,+0.00E+00,+7.84E+00,-0.58E+00,-7.61E+00,+3.350E+00
2,12/2/2026,10:41:05.497,-0.09E+00,-0.05E+00,+0.05E+00,+0.00E+00,+7.89E+00,-0.72E+00,-7.52E+00,+3.235E+00
2,12/2/2026,10:41:05.497,-0.09E+00,-0.05E+00,+0.05E+00,-0.05E+00,+7.94E+00,-0.87E+00,-7.43E+00,+3.113E+00
2,12/2/2026,10:41:05.497,-0.09E+00,-0.05E+00,+0.05E+00,-0.05E+00,+7.98E+00,-1.01E+00,-7.32E+00,+2.991E+00
2,12/2/2026,10:41:05.497,-0.09E+00,-0.05E+00,+0.05E+00,-0.05E+00,+8.03E+00,-1.16E+00,-7.23E+00,+2.869E+00
2,12/2/2026,10:41:05.497,-0.09E+00,-0.05E+00,+0.05E+00,-0.05E+00,+8.07E+00,-1.30E+00,-7.13E+00,+2.747E+00
2,12/2/2026,10:41:05.497,-0.09E+00,-0.05E+00,+0.05E+00,+0.00E+00,+8.12E+00,-1.45E+00,-7.03E+00,+2.625E+00
2,12/2/2026,10:41:05.497,-0.09E+00,-0.05E+00,+0.05E+00,+0.00E+00,+8.16E+00,-1.59E+00,-6.93E+00,+2.503E+00
2,12/2/2026,10:41:05.497,-0.09E+00,-0.05E+00,+0.05E+00,+0.00E+00,+8.19E+00,-1.72E+00,-6.84E+00,+2.388E+00
2,12/2/2026,10:41:05.498,-0.09E+00,-0.05E+00,+0.05E+00,-0.05E+00,+8.24E+00,-1.86E+00,-6.73E+00,+2.266E+00
2,12/2/2026,10:41:05.498,-0.09E+00,-0.05E+00,+0.05E+00,-0.05E+00,+8.29E+00,-2.01E+00,-6.64E+00,+2.144E+00
2,12/2/2026,10:41:05.498,-0.09E+00,-0.05E+00,+0.05E+00,-0.05E+00,+8.32E+00,-2.15E+00,-6.53E+00,+2.022E+00
2,12/2/2026,10:41:05.498,-0.09E+00,-0.05E+00,+0.05E+00,-0.05E+00,+8.35E+00,-2.29E+00,-6.42E+00,+1.900E+00
2,12/2/2026,10:41:05.498,-0.09E+00,-0.05E+00,+0.05E+00,-0.05E+00,+8.38E+00,-2.43E+00,-6.32E+00,+1.778E+00
2,12/2/2026,10:41:05.498,-0.09E+00,-0.05E+00,+0.05E+00,-0.05E+00,+8.41E+00,-2.58E+00,-6.21E+00,+1.656E+00
2,12/2/2026,10:41:05.498,-0.09E+00,-0.05E+00,+0.05E+00,-0.05E+00,+8.44E+00,-2.70E+00,-6.10E+00,+1.534E+00
2,12/2/2026,10:41:05.498,-0.09E+00,-0.05E+00,+0.05E+00,-0.05E+00,+8.47E+00,-2.84E+00,-5.98E+00,+1.412E+00
2,12/2/2026,10:41:05.498,-0.09E+00,-0.05E+00,+0.05E+00,+0.00E+00,+8.48E+00,-2.98E+00,-5.88E+00,+1.289E+00
2,12/2/2026,10:41:05.498,-0.09E+00,-0.05E+00,+0.05E+00,+0.00E+00,+8.50E+00,-3.11E+00,-5.77E+00,+1.167E+00
2,12/2/2026,10:41:05.498,-0.09E+00,-0.05E+00,+0.05E+00,+0.00E+00,+8.53E+00,-3.24E+00,-5.66E+00,+1.045E+00
2,12/2/2026,10:41:05.498,-0.09E+00,-0.05E+00,+0.05E+00,+0.00E+00,+8.55E+00,-3.36E+00,-5.55E+00,+0.923E+00
2,12/2/2026,10:41:05.498,-0.09E+00,-0.05E+00,+0.05E+00,+0.00E+00,+8.56E+00,-3.49E+00,-5.43E+00,+0.801E+00
2,12/2/2026,10:41:05.498,-0.09E+00,-0.05E+00,+0.05E+00,-0.05E+00,+8.58E+00,-3.62E+00,-5.33E+00,+0.679E+00
2,12/2/2026,10:41:05.498,-0.09E+00,-0.05E+00,+0.05E+00,+0.00E+00,+8.59E+00,-3.74E+00,-5.20E+00,+0.565E+00
2,12/2/2026,10:41:05.498,-0.09E+00,-0.05E+00,+0.05E+00,+0.00E+00,+8.59E+00,-3.88E+00,-5.08E+00,+0.443E+00
2,12/2/2026,10:41:05.498,-0.09E+00,-0.05E+00,+0.05E+00,-0.05E+00,+8.61E+00,-3.98E+00,-4.97E+00,+0.328E+00
2,12/2/2026,10:41:05.498,-0.09E+00,-0.05E+00,+0.05E+00,-0.05E+00,+8.61E+00,-4.10E+00,-4.87E+00,+0.214E+00
2,12/2/2026,10:41:05.498,-0.09E+00,-0.05E+00,+0.05E+00,+0.00E+00,+8.61E+00,-4.23E+00,-4.76E+00,+0.107E+00
2,12/2/2026,10:41:05.498,-0.09E+00,-0.05E+00,+0.05E+00,+0.00E+00,+8.62E+00,-4.33E+00,-4.65E+00,-0.008E+00
2,12/2/2026,10:41:05.499,-0.09E+00,-0.05E+00,+0.05E+00,+0.00E+00,+8.64E+00,-4.46E+00,-4.55E+00,-0.122E+00
2,12/2/2026,10:41:05.499,-0.09E+00,-0.05E+00,+0.00E+00,-0.05E+00,+8.64E+00,-4.58E+00,-4.43E+00,-0.237E+00
2,12/2/2026,10:41:05.499,-0.09E+00,-0.05E+00,+0.05E+00,+0.00E+00,+8.64E+00,-4.68E+00,-4.32E+00,-0.351E+00
2,12/2/2026,10:41:05.499,-0.09E+00,-0.05E+00,+0.05E+00,-0.05E+00,+8.64E+00,-4.81E+00,-4.20E+00,-0.465E+00
2,12/2/2026,10:41:05.499,-0.09E+00,-0.05E+00,+0.05E+00,+0.00E+00,+8.64E+00,-4.93E+00,-4.07E+00,-0.588E+00
2,12/2/2026,10:41:05.499,-0.09E+00,-0.05E+00,+0.05E+00,+0.00E+00,+8.64E+00,-5.04E+00,-3.97E+00,-0.702E+00
2,12/2/2026,10:41:05.499,-0.09E+00,-0.05E+00,+0.05E+00,+0.00E+00,+8.64E+00,-5.16E+00,-3.85E+00,-0.816E+00
2,12/2/2026,10:41:05.499,-0.09E+00,-0.05E+00,+0.05E+00,+0.00E+00,+8.64E+00,-5.26E+00,-3.72E+00,-0.931E+00
2,12/2/2026,10:41:05.499,-0.09E+00,-0.05E+00,+0.05E+00,+0.00E+00,+8.62E+00,-5.37E+00,-3.60E+00,-1.045E+00
2,12/2/2026,10:41:05.499,-0.09E+00,-0.05E+00,+0.05E+00,+0.00E+00,+8.62E+00,-5.49E+00,-3.49E+00,-1.160E+00
2,12/2/2026,10:41:05.499,-0.09E+00,-0.05E+00,+0.05E+00,+0.00E+00,+8.61E+00,-5.60E+00,-3.37E+00,-1.274E+00
2,12/2/2026,10:41:05.499,-0.09E+00,-0.05E+00,+0.05E+00,-0.05E+00,+8.59E+00,-5.72E+00,-3.25E+00,-1.396E+00
2,12/2/2026,10:41:05.499,-0.09E+00,-0.05E+00,+0.05E+00,+0.00E+00,+8.58E+00,-5.83E+00,-3.13E+00,-1.511E+00
2,12/2/2026,10:41:05.499,-0.09E+00,-0.05E+00,+0.05E+00,+0.00E+00,+8.58E+00,-5.94E+00,-2.99E+00,-1.633E+00
2,12/2/2026,10:41:05.499,-0.09E+00,-0.05E+00,+0.05E+00,-0.05E+00,+8.55E+00,-6.06E+00,-2.85E+00,-1.747E+00
2,12/2/2026,10:41:05.499,-0.09E+00,-0.05E+00,+0.05E+00,-0.05E+00,+8.52E+00,-6.17E+00,-2.73E+00,-1.869E+00
2,12/2/2026,10:41:05.499,-0.09E+00,-0.05E+00,+0.05E+00,+0.00E+00,+8.48E+00,-6.27E+00,-2.59E+00,-1.984E+00
2,12/2/2026,10:41:05.499,-0.09E+00,-0.05E+00,+0.05E+00,+0.00E+00,+8.47E+00,-6.36E+00,-2.46E+00,-2.106E+00
2,12/2/2026,10:41:05.499,-0.09E+00,-0.05E+00,+0.05E+00,-0.05E+00,+8.42E+00,-6.47E+00,-2.32E+00,-2.220E+00
2,12/2/2026,10:41:05.499,-0.09E+00,-0.05E+00,+0.05E+00,-0.05E+00,+8.38E+00,-6.56E+00,-2.20E+00,-2.335E+00
2,12/2/2026,10:41:05.500,-0.09E+00,-0.05E+00,+0.05E+00,-0.05E+00,+8.35E+00,-6.65E+00,-2.06E+00,-2.442E+00
2,12/2/2026,10:41:05.500,-0.09E+00,-0.05E+00,+0.05E+00,+0.00E+00,+8.30E+00,-6.75E+00,-1.94E+00,-2.556E+00
2,12/2/2026,10:41:05.500,-0.09E+00,-0.05E+00,+0.05E+00,+0.00E+00,+8.26E+00,-6.84E+00,-1.80E+00,-2.663E+00
2,12/2/2026,10:41:05.500,-0.09E+00,-0.05E+00,+0.05E+00,+0.00E+00,+8.21E+00,-6.91E+00,-1.66E+00,-2.777E+00
2,12/2/2026,10:41:05.500,-0.09E+00,-0.05E+00,+0.05E+00,-0.05E+00,+8.15E+00,-7.00E+00,-1.53E+00,-2.884E+00
2,12/2/2026,10:41:05.500,-0.09E+00,-0.05E+00,+0.05E+00,-0.05E+00,+8.10E+00,-7.08E+00,-1.39E+00,-2.991E+00
2,12/2/2026,10:41:05.500,-0.09E+00,-0.05E+00,+0.05E+00,+0.00E+00,+8.04E+00,-7.17E+00,-1.25E+00,-3.105E+00
2,12/2/2026,10:41:05.500,-0.09E+00,-0.05E+00,+0.05E+00,+0.00E+00,+7.98E+00,-7.25E+00,-1.10E+00,-3.212E+00
2,12/2/2026,10:41:05.500,-0.09E+00,-0.05E+00,+0.05E+00,+0.00E+00,+7.92E+00,-7.32E+00,-0.96E+00,-3.319E+00
2,12/2/2026,10:41:05.500,-0.09E+00,-0.05E+00,+0.05E+00,-0.05E+00,+7.84E+00,-7.40E+00,-0.81E+00,-3.426E+00
2,12/2/2026,10:41:05.500,-0.09E+00,-0.05E+00,+0.05E+00,-0.05E+00,+7.78E+00,-7.48E+00,-0.67E+00,-3.533E+00
2,12/2/2026,10:41:05.500,-0.09E+00,-0.05E+00,+0.05E+00,-0.05E+00,+7.71E+00,-7.54E+00,-0.52E+00,-3.640E+00
2,12/2/2026,10:41:05.500,-0.09E+00,-0.05E+00,+0.05E+00,+0.00E+00,+7.63E+00,-7.61E+00,-0.38E+00,-3.746E+00
2,12/2/2026,10:41:05.500,-0.09E+00,-0.05E+00,+0.05E+00,+0.00E+00,+7.55E+00,-7.68E+00,-0.24E+00,-3.853E+00
2,12/2/2026,10:41:05.500,-0.09E+00,-0.05E+00,+0.05E+00,-0.05E+00,+7.48E+00,-7.75E+00,-0.11E+00,-3.952E+00
2,12/2/2026,10:41:05.500,-0.09E+00,-0.05E+00,+0.05E+00,+0.00E+00,+7.40E+00,-7.80E+00,+0.05E+00,-4.052E+00
2,12/2/2026,10:41:05.500,-0.09E+00,-0.05E+00,+0.05E+00,+0.00E+00,+7.31E+00,-7.86E+00,+0.18E+00,-4.151E+00
2,12/2/2026,10:41:05.500,-0.09E+00,-0.05E+00,+0.05E+00,+0.00E+00,+7.22E+00,-7.92E+00,+0.32E+00,-4.250E+00
2,12/2/2026,10:41:05.500,-0.09E+00,-0.05E+00,+0.05E+00,+0.00E+00,+7.13E+00,-7.98E+00,+0.47E+00,-4.349E+00
2,12/2/2026,10:41:05.500,-0.09E+00,-0.05E+00,+0.05E+00,+0.00E+00,+7.05E+00,-8.03E+00,+0.63E+00,-4.448E+00
2,12/2/2026,10:41:05.501,-0.09E+00,-0.05E+00,+0.05E+00,-0.05E+00,+6.94E+00,-8.07E+00,+0.76E+00,-4.540E+00
2,12/2/2026,10:41:05.501,-0.09E+00,-0.05E+00,+0.05E+00,-0.05E+00,+6.85E+00,-8.12E+00,+0.92E+00,-4.639E+00
2,12/2/2026,10:41:05.501,-0.09E+00,-0.05E+00,+0.05E+00,+0.00E+00,+6.75E+00,-8.18E+00,+1.05E+00,-4.738E+00
2,12/2/2026,10:41:05.501,-0.09E+00,-0.05E+00,+0.05E+00,+0.00E+00,+6.65E+00,-8.23E+00,+1.21E+00,-4.830E+00
2,12/2/2026,10:41:05.501,-0.09E+00,-0.05E+00,+0.05E+00,-0.05E+00,+6.56E+00,-8.27E+00,+1.34E+00,-4.921E+00
2,12/2/2026,10:41:05.501,-0.09E+00,-0.05E+00,+0.05E+00,-0.05E+00,+6.46E+00,-8.32E+00,+1.48E+00,-5.013E+00
2,12/2/2026,10:41:05.501,-0.09E+00,-0.05E+00,+0.05E+00,+0.00E+00,+6.36E+00,-8.35E+00,+1.63E+00,-5.105E+00
2,12/2/2026,10:41:05.501,-0.09E+00,-0.05E+00,+0.05E+00,+0.00E+00,+6.26E+00,-8.39E+00,+1.77E+00,-5.188E+00
2,12/2/2026,10:41:05.501,-0.09E+00,-0.05E+00,+0.05E+00,+0.00E+00,+6.17E+00,-8.44E+00,+1.91E+00,-5.280E+00
2,12/2/2026,10:41:05.501,-0.09E+00,-0.05E+00,+0.05E+00,+0.00E+00,+6.06E+00,-8.47E+00,+2.04E+00,-5.364E+00
2,12/2/2026,10:41:05.501,-0.09E+00,-0.05E+00,+0.05E+00,+0.00E+00,+5.95E+00,-8.50E+00,+2.20E+00,-5.448E+00
2,12/2/2026,10:41:05.501,-0.09E+00,-0.05E+00,+0.05E+00,-0.05E+00,+5.84E+00,-8.55E+00,+2.33E+00,-5.532E+00
2,12/2/2026,10:41:05.501,-0.09E+00,-0.05E+00,+0.05E+00,-0.05E+00,+5.74E+00,-8.58E+00,+2.47E+00,-5.616E+00
2,12/2/2026,10:41:05.501,-0.09E+00,-0.05E+00,+0.05E+00,+0.00E+00,+5.63E+00,-8.61E+00,+2.61E+00,-5.700E+00
2,12/2/2026,10:41:05.501,-0.09E+00,-0.05E+00,+0.05E+00,+0.00E+00,+5.52E+00,-8.64E+00,+2.75E+00,-5.784E+00
2,12/2/2026,10:41:05.501,-0.09E+00,-0.05E+00,+0.05E+00,+0.00E+00,+5.42E+00,-8.65E+00,+2.88E+00,-5.868E+00
2,12/2/2026,10:41:05.501,-0.09E+00,-0.05E+00,+0.05E+00,+0.00E+00,+5.31E+00,-8.68E+00,+3.02E+00,-5.944E+00
2,12/2/2026,10:41:05.501,-0.09E+00,-0.05E+00,+0.05E+00,+0.00E+00,+5.20E+00,-8.71E+00,+3.14E+00,-6.020E+00
2,12/2/2026,10:41:05.501,-0.09E+00,-0.05E+00,+0.05E+00,+0.00E+00,+5.08E+00,-8.73E+00,+3.28E+00,-6.096E+00
2,12/2/2026,10:41:05.501,-0.09E+00,-0.05E+00,+0.05E+00,-0.05E+00,+4.97E+00,-8.74E+00,+3.40E+00,-6.165E+00
2,12/2/2026,10:41:05.502,-0.09E+00,-0.05E+00,+0.05E+00,+0.00E+00,+4.87E+00,-8.77E+00,+3.54E+00,-6.234E+00
2,12/2/2026,10:41:05.502,-0.09E+00,-0.05E+00,+0.05E+00,+0.00E+00,+4.75E+00,-8.77E+00,+3.66E+00,-6.302E+00
2,12/2/2026,10:41:05.502,-0.09E+00,-0.05E+00,+0.05E+00,-0.05E+00,+4.64E+00,-8.79E+00,+3.78E+00,-6.371E+00
2,12/2/2026,10:41:05.502,-0.09E+00,-0.05E+00,+0.05E+00,-0.05E+00,+4.52E+00,-8.81E+00,+3.91E+00,-6.440E+00
2,12/2/2026,10:41:05.502,-0.09E+00,-0.05E+00,+0.05E+00,+0.00E+00,+4.41E+00,-8.82E+00,+4.03E+00,-6.501E+00
2,12/2/2026,10:41:05.502,-0.09E+00,-0.05E+00,+0.05E+00,+0.00E+00,+4.30E+00,-8.82E+00,+4.14E+00,-6.562E+00
2,12/2/2026,10:41:05.502,-0.09E+00,-0.05E+00,+0.05E+00,-0.05E+00,+4.20E+00,-8.84E+00,+4.26E+00,-6.623E+00
2,12/2/2026,10:41:05.502,-0.09E+00,-0.05E+00,+0.05E+00,-0.05E+00,+4.09E+00,-8.84E+00,+4.38E+00,-6.684E+00
2,12/2/2026,10:41:05.502,-0.09E+00,-0.05E+00,+0.05E+00,+0.00E+00,+3.98E+00,-8.84E+00,+4.50E+00,-6.745E+00
2,12/2/2026,10:41:05.502,-0.09E+00,-0.05E+00,+0.05E+00,+0.00E+00,+3.88E+00,-8.85E+00,+4.61E+00,-6.806E+00
2,12/2/2026,10:41:05.502,-0.09E+00,-0.05E+00,+0.05E+00,+0.00E+00,+3.75E+00,-8.85E+00,+4.73E+00,-6.859E+00
2,12/2/2026,10:41:05.502,-0.09E+00,-0.05E+00,+0.05E+00,+0.00E+00,+3.63E+00,-8.85E+00,+4.85E+00,-6.920E+00
2,12/2/2026,10:41:05.502,-0.09E+00,-0.05E+00,+0.05E+00,-0.05E+00,+3.53E+00,-8.87E+00,+4.97E+00,-6.982E+00
2,12/2/2026,10:41:05.502,-0.09E+00,-0.05E+00,+0.00E+00,-0.05E+00,+3.40E+00,-8.87E+00,+5.10E+00,-7.043E+00
2,12/2/2026,10:41:05.502,-0.09E+00,-0.05E+00,+0.05E+00,+0.00E+00,+3.30E+00,-8.87E+00,+5.20E+00,-7.088E+00
2,12/2/2026,10:41:05.502,-0.09E+00,-0.05E+00,+0.05E+00,+0.00E+00,+3.17E+00,-8.87E+00,+5.31E+00,-7.149E+00
2,12/2/2026,10:41:05.502,-0.09E+00,-0.05E+00,+0.05E+00,+0.00E+00,+3.07E+00,-8.87E+00,+5.43E+00,-7.203E+00
2,12/2/2026,10:41:05.502,-0.09E+00,-0.05E+00,+0.05E+00,+0.00E+00,+2.95E+00,-8.85E+00,+5.54E+00,-7.249E+00
2,12/2/2026,10:41:05.502,-0.09E+00,-0.05E+00,+0.05E+00,-0.05E+00,+2.82E+00,-8.84E+00,+5.65E+00,-7.302E+00
2,12/2/2026,10:41:05.502,-0.09E+00,-0.05E+00,+0.05E+00,-0.05E+00,+2.69E+00,-8.84E+00,+5.77E+00,-7.348E+00
2,12/2/2026,10:41:05.503,-0.09E+00,-0.05E+00,+0.05E+00,+0.00E+00,+2.56E+00,-8.82E+00,+5.88E+00,-7.394E+00
2,12/2/2026,10:41:05.503,-0.09E+00,-0.05E+00,+0.05E+00,+0.00E+00,+2.44E+00,-8.79E+00,+5.98E+00,-7.439E+00
2,12/2/2026,10:41:05.503,-0.09E+00,-0.05E+00,+0.00E+00,-0.05E+00,+2.30E+00,-8.77E+00,+6.09E+00,-7.477E+00
2,12/2/2026,10:41:05.503,-0.09E+00,-0.05E+00,+0.05E+00,-0.05E+00,+2.17E+00,-8.73E+00,+6.20E+00,-7.508E+00
2,12/2/2026,10:41:05.503,-0.09E+00,-0.05E+00,+0.05E+00,-0.05E+00,+2.04E+00,-8.70E+00,+6.30E+00,-7.539E+00
2,12/2/2026,10:41:05.503,-0.09E+00,-0.05E+00,+0.05E+00,-0.05E+00,+1.91E+00,-8.67E+00,+6.39E+00,-7.569E+00
2,12/2/2026,10:41:05.503,-0.09E+00,-0.05E+00,+0.05E+00,-0.05E+00,+1.79E+00,-8.64E+00,+6.49E+00,-7.592E+00
2,12/2/2026,10:41:05.503,-0.09E+00,-0.05E+00,+0.05E+00,+0.00E+00,+1.65E+00,-8.58E+00,+6.58E+00,-7.607E+00
2,12/2/2026,10:41:05.503,-0.09E+00,-0.05E+00,+0.05E+00,+0.00E+00,+1.51E+00,-8.53E+00,+6.65E+00,-7.630E+00
2,12/2/2026,10:41:05.503,-0.09E+00,-0.05E+00,+0.05E+00,+0.00E+00,+1.39E+00,-8.48E+00,+6.75E+00,-7.645E+00
2,12/2/2026,10:41:05.503,-0.09E+00,-0.05E+00,+0.05E+00,-0.05E+00,+1.24E+00,-8.44E+00,+6.82E+00,-7.661E+00
2,12/2/2026,10:41:05.503,-0.09E+00,-0.05E+00,+0.05E+00,+0.00E+00,+1.10E+00,-8.39E+00,+6.90E+00,-7.668E+00
2,12/2/2026,10:41:05.503,-0.09E+00,-0.05E+00,+0.05E+00,+0.00E+00,+0.98E+00,-8.33E+00,+6.99E+00,-7.676E+00
2,12/2/2026,10:41:05.503,-0.09E+00,-0.05E+00,+0.00E+00,-0.05E+00,+0.82E+00,-8.26E+00,+7.07E+00,-7.684E+00
2,12/2/2026,10:41:05.503,-0.09E+00,-0.05E+00,+0.05E+00,-0.05E+00,+0.69E+00,-8.19E+00,+7.14E+00,-7.684E+00
2,12/2/2026,10:41:05.503,-0.09E+00,-0.05E+00,+0.05E+00,-0.05E+00,+0.53E+00,-8.12E+00,+7.20E+00,-7.684E+00
2,12/2/2026,10:41:05.503,-0.09E+00,-0.05E+00,+0.05E+00,+0.00E+00,+0.40E+00,-8.04E+00,+7.28E+00,-7.684E+00
2,12/2/2026,10:41:05.503,-0.09E+00,-0.05E+00,+0.05E+00,-0.05E+00,+0.24E+00,-7.97E+00,+7.36E+00,-7.676E+00
2,12/2/2026,10:41:05.503,-0.09E+00,-0.05E+00,+0.05E+00,-0.05E+00,+0.11E+00,-7.89E+00,+7.42E+00,-7.668E+00
2,12/2/2026,10:41:05.503,-0.09E+00,-0.05E+00,+0.05E+00,-0.05E+00,-0.05E+00,-7.81E+00,+7.48E+00,-7.661E+00
2,12/2/2026,10:41:05.504,-0.09E+00,-0.05E+00,+0.05E+00,+0.00E+00,-0.18E+00,-7.74E+00,+7.54E+00,-7.653E+00
2,12/2/2026,10:41:05.504,-0.09E+00,-0.05E+00,+0.05E+00,+0.00E+00,-0.32E+00,-7.66E+00,+7.60E+00,-7.645E+00
2,12/2/2026,10:41:05.504,-0.09E+00,-0.05E+00,+0.05E+00,+0.00E+00,-0.46E+00,-7.58E+00,+7.66E+00,-7.638E+00
2,12/2/2026,10:41:05.504,-0.09E+00,-0.05E+00,+0.05E+00,+0.00E+00,-0.61E+00,-7.51E+00,+7.72E+00,-7.622E+00
2,12/2/2026,10:41:05.504,-0.09E+00,-0.05E+00,+0.05E+00,+0.00E+00,-0.76E+00,-7.42E+00,+7.78E+00,-7.607E+00
2,12/2/2026,10:41:05.504,-0.14E+00,-0.05E+00,+0.05E+00,+0.00E+00,-0.90E+00,-7.32E+00,+7.84E+00,-7.592E+00
2,12/2/2026,10:41:05.504,-0.09E+00,-0.05E+00,+0.05E+00,+0.00E+00,-1.05E+00,-7.23E+00,+7.90E+00,-7.569E+00
2,12/2/2026,10:41:05.504,-0.09E+00,-0.05E+00,+0.05E+00,+0.00E+00,-1.19E+00,-7.14E+00,+7.97E+00,-7.554E+00
2,12/2/2026,10:41:05.504,-0.09E+00,-0.05E+00,+0.05E+00,+0.00E+00,-1.34E+00,-7.05E+00,+8.01E+00,-7.539E+00
2,12/2/2026,10:41:05.504,-0.09E+00,-0.05E+00,+0.05E+00,+0.00E+00,-1.48E+00,-6.96E+00,+8.07E+00,-7.508E+00
2,12/2/2026,10:41:05.504,-0.09E+00,-0.05E+00,+0.05E+00,+0.00E+00,-1.63E+00,-6.87E+00,+8.12E+00,-7.493E+00
2,12/2/2026,10:41:05.504,-0.09E+00,-0.05E+00,+0.05E+00,+0.00E+00,-1.77E+00,-6.78E+00,+8.16E+00,-7.470E+00
2,12/2/2026,10:41:05.504,-0.09E+00,-0.05E+00,+0.05E+00,+0.00E+00,-1.91E+00,-6.68E+00,+8.21E+00,-7.432E+00
2,12/2/2026,10:41:05.504,-0.09E+00,-0.05E+00,+0.05E+00,+0.00E+00,-2.04E+00,-6.58E+00,+8.24E+00,-7.401E+00
2,12/2/2026,10:41:05.504,-0.09E+00,-0.05E+00,+0.05E+00,+0.00E+00,-2.18E+00,-6.47E+00,+8.29E+00,-7.371E+00
2,12/2/2026,10:41:05.504,-0.09E+00,-0.05E+00,+0.05E+00,-0.05E+00,-2.32E+00,-6.38E+00,+8.32E+00,-7.340E+00
2,12/2/2026,10:41:05.504,-0.09E+00,-0.05E+00,+0.05E+00,-0.05E+00,-2.46E+00,-6.29E+00,+8.36E+00,-7.302E+00
2,12/2/2026,10:41:05.504,-0.09E+00,-0.05E+00,+0.05E+00,+0.00E+00,-2.59E+00,-6.18E+00,+8.39E+00,-7.264E+00
2,12/2/2026,10:41:05.504,-0.09E+00,-0.05E+00,+0.05E+00,+0.00E+00,-2.73E+00,-6.07E+00,+8.42E+00,-7.226E+00
2,12/2/2026,10:41:05.504,-0.09E+00,-0.05E+00,+0.05E+00,-0.05E+00,-2.87E+00,-5.97E+00,+8.44E+00,-7.188E+00
2,12/2/2026,10:41:05.505,-0.09E+00,-0.05E+00,+0.05E+00,-0.05E+00,-2.99E+00,-5.86E+00,+8.47E+00,-7.149E+00
2,12/2/2026,10:41:05.505,-0.09E+00,-0.05E+00,+0.05E+00,-0.05E+00,-3.13E+00,-5.75E+00,+8.50E+00,-7.104E+00
2,12/2/2026,10:41:05.505,-0.09E+00,-0.05E+00,+0.05E+00,-0.05E+00,-3.25E+00,-5.65E+00,+8.52E+00,-7.065E+00
2,12/2/2026,10:41:05.505,-0.09E+00,-0.05E+00,+0.05E+00,+0.00E+00,-3.37E+00,-5.54E+00,+8.55E+00,-7.020E+00
2,12/2/2026,10:41:05.505,-0.09E+00,-0.05E+00,+0.05E+00,+0.00E+00,-3.51E+00,-5.43E+00,+8.56E+00,-6.974E+00
2,12/2/2026,10:41:05.505,-0.09E+00,-0.05E+00,+0.05E+00,+0.00E+00,-3.65E+00,-5.33E+00,+8.58E+00,-6.928E+00
2,12/2/2026,10:41:05.505,-0.09E+00,-0.05E+00,+0.05E+00,+0.00E+00,-3.77E+00,-5.20E+00,+8.59E+00,-6.875E+00
2,12/2/2026,10:41:05.505,-0.09E+00,-0.05E+00,+0.05E+00,+0.00E+00,-3.89E+00,-5.10E+00,+8.61E+00,-6.821E+00
2,12/2/2026,10:41:05.505,-0.09E+00,-0.05E+00,+0.05E+00,-0.05E+00,-4.01E+00,-4.97E+00,+8.62E+00,-6.776E+00
2,12/2/2026,10:41:05.505,-0.09E+00,-0.05E+00,+0.05E+00,-0.05E+00,-4.14E+00,-4.87E+00,+8.64E+00,-6.722E+00
2,12/2/2026,10:41:05.505,-0.09E+00,-0.09E+00,+0.05E+00,+0.00E+00,-4.26E+00,-4.76E+00,+8.64E+00,-6.676E+00
2,12/2/2026,10:41:05.505,-0.09E+00,-0.05E+00,+0.05E+00,-0.05E+00,-4.38E+00,-4.65E+00,+8.65E+00,-6.623E+00
2,12/2/2026,10:41:05.505,-0.09E+00,-0.05E+00,+0.05E+00,-0.05E+00,-4.49E+00,-4.55E+00,+8.65E+00,-6.570E+00
2,12/2/2026,10:41:05.505,-0.09E+00,-0.05E+00,+0.05E+00,+0.00E+00,-4.61E+00,-4.44E+00,+8.67E+00,-6.516E+00
2,12/2/2026,10:41:05.505,-0.09E+00,-0.05E+00,+0.05E+00,+0.00E+00,-4.72E+00,-4.32E+00,+8.67E+00,-6.463E+00
2,12/2/2026,10:41:05.505,-0.09E+00,-0.05E+00,+0.05E+00,+0.00E+00,-4.85E+00,-4.21E+00,+8.68E+00,-6.409E+00
2,12/2/2026,10:41:05.505,-0.09E+00,+0.00E+00,+0.05E+00,-0.05E+00,-4.97E+00,-4.09E+00,+8.68E+00,-6.356E+00
2,12/2/2026,10:41:05.505,-0.09E+00,-0.05E+00,+0.05E+00,-0.05E+00,-5.08E+00,-3.98E+00,+8.70E+00,-6.302E+00
2,12/2/2026,10:41:05.505,-0.09E+00,-0.05E+00,+0.05E+00,-0.05E+00,-5.19E+00,-3.88E+00,+8.70E+00,-6.241E+00
2,12/2/2026,10:41:05.505,-0.09E+00,-0.05E+00,+0.05E+00,-0.05E+00,-5.31E+00,-3.75E+00,+8.70E+00,-6.188E+00
2,12/2/2026,10:41:05.506,-0.09E+00,-0.05E+00,+0.05E+00,+0.00E+00,-5.43E+00,-3.65E+00,+8.70E+00,-6.135E+00
2,12/2/2026,10:41:05.506,-0.09E+00,-0.05E+00,+0.05E+00,+0.00E+00,-5.54E+00,-3.53E+00,+8.70E+00,-6.074E+00
2,12/2/2026,10:41:05.506,-0.09E+00,-0.05E+00,+0.05E+00,+0.00E+00,-5.66E+00,-3.42E+00,+8.70E+00,-6.005E+00
2,12/2/2026,10:41:05.506,-0.09E+00,-0.05E+00,+0.05E+00,-0.05E+00,-5.77E+00,-3.30E+00,+8.70E+00,-5.944E+00
2,12/2/2026,10:41:05.506,-0.09E+00,-0.05E+00,+0.05E+00,-0.05E+00,-5.89E+00,-3.17E+00,+8.68E+00,-5.883E+00
2,12/2/2026,10:41:05.506,-0.09E+00,-0.05E+00,+0.05E+00,+0.00E+00,-6.01E+00,-3.04E+00,+8.67E+00,-5.822E+00
2,12/2/2026,10:41:05.506,-0.09E+00,-0.05E+00,+0.05E+00,+0.00E+00,-6.12E+00,-2.91E+00,+8.68E+00,-5.753E+00
2,12/2/2026,10:41:05.506,-0.09E+00,-0.05E+00,+0.05E+00,+0.00E+00,-6.24E+00,-2.79E+00,+8.67E+00,-5.684E+00
2,12/2/2026,10:41:05.506,-0.09E+00,-0.05E+00,+0.05E+00,-0.05E+00,-6.35E+00,-2.67E+00,+8.65E+00,-5.616E+00
2,12/2/2026,10:41:05.506,-0.09E+00,-0.05E+00,+0.05E+00,-0.05E+00,-6.46E+00,-2.55E+00,+8.64E+00,-5.547E+00
2,12/2/2026,10:41:05.506,-0.09E+00,-0.05E+00,+0.05E+00,-0.05E+00,-6.56E+00,-2.43E+00,+8.62E+00,-5.471E+00
2,12/2/2026,10:41:05.506,-0.09E+00,-0.05E+00,+0.05E+00,+0.00E+00,-6.67E+00,-2.30E+00,+8.59E+00,-5.402E+00
2,12/2/2026,10:41:05.506,-0.09E+00,-0.05E+00,+0.05E+00,+0.00E+00,-6.76E+00,-2.18E+00,+8.56E+00,-5.318E+00
2,12/2/2026,10:41:05.506,-0.09E+00,-0.05E+00,+0.05E+00,+0.00E+00,-6.85E+00,-2.04E+00,+8.53E+00,-5.234E+00
2,12/2/2026,10:41:05.506,-0.09E+00,-0.05E+00,+0.05E+00,+0.00E+00,-6.94E+00,-1.91E+00,+8.48E+00,-5.143E+00
2,12/2/2026,10:41:05.506,-0.09E+00,-0.05E+00,+0.05E+00,+0.00E+00,-7.03E+00,-1.77E+00,+8.42E+00,-5.043E+00
2,12/2/2026,10:41:05.506,-0.09E+00,-0.05E+00,+0.05E+00,+0.00E+00,-7.11E+00,-1.62E+00,+8.36E+00,-4.944E+00
2,12/2/2026,10:41:05.506,-0.09E+00,-0.05E+00,+0.05E+00,+0.00E+00,-7.20E+00,-1.48E+00,+8.30E+00,-4.837E+00
2,12/2/2026,10:41:05.506,-0.09E+00,-0.05E+00,+0.05E+00,+0.00E+00,-7.28E+00,-1.34E+00,+8.24E+00,-4.738E+00
2,12/2/2026,10:41:05.506,-0.09E+00,-0.05E+00,+0.05E+00,-0.05E+00,-7.36E+00,-1.19E+00,+8.18E+00,-4.631E+00
2,12/2/2026,10:41:05.507,-0.14E+00,-0.05E+00,+0.05E+00,-0.05E+00,-7.43E+00,-1.05E+00,+8.10E+00,-4.532E+00
2,12/2/2026,10:41:05.507,-0.09E+00,-0.05E+00,+0.05E+00,-0.05E+00,-7.51E+00,-0.92E+00,+8.04E+00,-4.425E+00
2,12/2/2026,10:41:05.507,-0.09E+00,-0.05E+00,+0.05E+00,-0.05E+00,-7.58E+00,-0.78E+00,+7.98E+00,-4.326E+00
2,12/2/2026,10:41:05.507,-0.09E+00,-0.05E+00,+0.05E+00,+0.00E+00,-7.65E+00,-0.64E+00,+7.90E+00,-4.227E+00
2,12/2/2026,10:41:05.507,-0.09E+00,-0.05E+00,+0.05E+00,-0.05E+00,-7.72E+00,-0.50E+00,+7.84E+00,-4.120E+00
2,12/2/2026,10:41:05.507,-0.09E+00,-0.05E+00,+0.05E+00,-0.05E+00,-7.78E+00,-0.37E+00,+7.78E+00,-4.013E+00
2,12/2/2026,10:41:05.507,-0.09E+00,-0.05E+00,+0.05E+00,-0.05E+00,-7.86E+00,-0.23E+00,+7.71E+00,-3.914E+00
2,12/2/2026,10:41:05.507,-0.09E+00,-0.05E+00,+0.05E+00,-0.05E+00,-7.92E+00,-0.09E+00,+7.63E+00,-3.807E+00
2,12/2/2026,10:41:05.507,-0.09E+00,-0.05E+00,+0.00E+00,+0.00E+00,-7.97E+00,+0.05E+00,+7.54E+00,-3.701E+00
2,12/2/2026,10:41:05.507,-0.09E+00,-0.05E+00,+0.05E+00,+0.00E+00,-8.01E+00,+0.18E+00,+7.46E+00,-3.586E+00
2,12/2/2026,10:41:05.507,-0.09E+00,-0.05E+00,+0.05E+00,-0.05E+00,-8.07E+00,+0.32E+00,+7.37E+00,-3.479E+00
2,12/2/2026,10:41:05.507,-0.09E+00,-0.05E+00,+0.05E+00,+0.00E+00,-8.12E+00,+0.46E+00,+7.29E+00,-3.357E+00
2,12/2/2026,10:41:05.507,-0.09E+00,-0.05E+00,+0.05E+00,+0.00E+00,-8.16E+00,+0.60E+00,+7.20E+00,-3.243E+00
2,12/2/2026,10:41:05.507,-0.09E+00,-0.05E+00,+0.05E+00,+0.00E+00,-8.21E+00,+0.75E+00,+7.10E+00,-3.121E+00
2,12/2/2026,10:41:05.507,-0.09E+00,-0.05E+00,+0.05E+00,+0.00E+00,-8.26E+00,+0.89E+00,+6.99E+00,-2.999E+00
2,12/2/2026,10:41:05.507,-0.09E+00,-0.05E+00,+0.05E+00,-0.05E+00,-8.30E+00,+1.04E+00,+6.90E+00,-2.877E+00
2,12/2/2026,10:41:05.507,-0.09E+00,-0.05E+00,+0.05E+00,-0.05E+00,-8.33E+00,+1.18E+00,+6.81E+00,-2.754E+00
2,12/2/2026,10:41:05.507,-0.09E+00,-0.05E+00,+0.05E+00,+0.00E+00,-8.39E+00,+1.33E+00,+6.70E+00,-2.632E+00
2,12/2/2026,10:41:05.507,-0.09E+00,-0.05E+00,+0.05E+00,-0.05E+00,-8.42E+00,+1.48E+00,+6.59E+00,-2.510E+00
2,12/2/2026,10:41:05.507,-0.09E+00,-0.05E+00,+0.05E+00,+0.00E+00,-8.47E+00,+1.62E+00,+6.50E+00,-2.388E+00
2,12/2/2026,10:41:05.508,-0.09E+00,-0.05E+00,+0.05E+00,+0.00E+00,-8.52E+00,+1.75E+00,+6.39E+00,-2.266E+00
2,12/2/2026,10:41:05.508,-0.09E+00,-0.05E+00,+0.05E+00,-0.05E+00,-8.56E+00,+1.89E+00,+6.30E+00,-2.144E+00
2,12/2/2026,10:41:05.508,-0.09E+00,-0.05E+00,+0.05E+00,-0.05E+00,-8.59E+00,+2.03E+00,+6.20E+00,-2.030E+00
2,12/2/2026,10:41:05.508,-0.09E+00,-0.05E+00,+0.05E+00,-0.05E+00,-8.62E+00,+2.17E+00,+6.09E+00,-1.900E+00
2,12/2/2026,10:41:05.508,-0.09E+00,-0.05E+00,+0.05E+00,+0.00E+00,-8.65E+00,+2.32E+00,+5.98E+00,-1.778E+00
2,12/2/2026,10:41:05.508,-0.09E+00,-0.05E+00,+0.05E+00,-0.05E+00,-8.68E+00,+2.46E+00,+5.88E+00,-1.656E+00
2,12/2/2026,10:41:05.508,-0.09E+00,-0.05E+00,+0.05E+00,-0.05E+00,-8.71E+00,+2.59E+00,+5.77E+00,-1.534E+00
2,12/2/2026,10:41:05.508,-0.09E+00,-0.05E+00,+0.05E+00,-0.05E+00,-8.74E+00,+2.72E+00,+5.65E+00,-1.412E+00
2,12/2/2026,10:41:05.508,-0.09E+00,-0.05E+00,+0.05E+00,+0.00E+00,-8.76E+00,+2.87E+00,+5.54E+00,-1.289E+00
2,12/2/2026,10:41:05.508,-0.09E+00,-0.05E+00,+0.05E+00,+0.00E+00,-8.77E+00,+2.99E+00,+5.42E+00,-1.167E+00
2,12/2/2026,10:41:05.508,-0.09E+00,-0.05E+00,+0.05E+00,+0.00E+00,-8.81E+00,+3.11E+00,+5.31E+00,-1.045E+00
2,12/2/2026,10:41:05.508,-0.09E+00,-0.05E+00,+0.05E+00,-0.05E+00,-8.82E+00,+3.25E+00,+5.20E+00,-0.923E+00
2,12/2/2026,10:41:05.508,-0.09E+00,-0.05E+00,+0.05E+00,-0.05E+00,-8.82E+00,+3.37E+00,+5.08E+00,-0.801E+00
2,12/2/2026,10:41:05.508,-0.09E+00,-0.05E+00,+0.05E+00,+0.00E+00,-8.84E+00,+3.51E+00,+4.97E+00,-0.687E+00
2,12/2/2026,10:41:05.508,-0.05E+00,-0.05E+00,+0.05E+00,+0.00E+00,-8.85E+00,+3.63E+00,+4.85E+00,-0.565E+00
2,12/2/2026,10:41:05.508,-0.09E+00,-0.05E+00,+0.05E+00,-0.05E+00,-8.87E+00,+3.75E+00,+4.75E+00,-0.443E+00
2,12/2/2026,10:41:05.508,-0.14E+00,-0.05E+00,+0.05E+00,-0.05E+00,-8.88E+00,+3.88E+00,+4.62E+00,-0.328E+00
2,12/2/2026,10:41:05.508,-0.09E+00,-0.05E+00,+0.05E+00,+0.00E+00,-8.88E+00,+4.00E+00,+4.52E+00,-0.214E+00
2,12/2/2026,10:41:05.508,-0.09E+00,-0.05E+00,+0.05E+00,+0.00E+00,-8.88E+00,+4.10E+00,+4.43E+00,-0.107E+00
2,12/2/2026,10:41:05.508,-0.09E+00,-0.05E+00,+0.05E+00,+0.00E+00,-8.90E+00,+4.23E+00,+4.30E+00,+0.008E+00
2,12/2/2026,10:41:05.509,-0.09E+00,-0.05E+00,+0.05E+00,+0.00E+00,-8.90E+00,+4.33E+00,+4.20E+00,+0.114E+00
2,12/2/2026,10:41:05.509,-0.09E+00,-0.05E+00,+0.05E+00,+0.00E+00,-8.90E+00,+4.46E+00,+4.07E+00,+0.237E+00
2,12/2/2026,10:41:05.509,-0.09E+00,-0.05E+00,+0.05E+00,+0.00E+00,-8.90E+00,+4.56E+00,+3.97E+00,+0.343E+00
2,12/2/2026,10:41:05.509,-0.09E+00,-0.05E+00,+0.05E+00,+0.00E+00,-8.90E+00,+4.68E+00,+3.86E+00,+0.465E+00
2,12/2/2026,10:41:05.509,-0.09E+00,-0.05E+00,+0.05E+00,+0.00E+00,-8.90E+00,+4.81E+00,+3.74E+00,+0.580E+00
2,12/2/2026,10:41:05.509,-0.09E+00,-0.05E+00,+0.05E+00,+0.00E+00,-8.91E+00,+4.93E+00,+3.62E+00,+0.694E+00
2,12/2/2026,10:41:05.509,-0.09E+00,-0.05E+00,+0.05E+00,+0.00E+00,-8.90E+00,+5.04E+00,+3.49E+00,+0.816E+00
2,12/2/2026,10:41:05.509,-0.09E+00,-0.05E+00,+0.05E+00,-0.05E+00,-8.90E+00,+5.14E+00,+3.37E+00,+0.931E+00
2,12/2/2026,10:41:05.509,-0.09E+00,-0.05E+00,+0.05E+00,-0.05E+00,-8.88E+00,+5.26E+00,+3.27E+00,+1.045E+00
2,12/2/2026,10:41:05.509,-0.09E+00,-0.05E+00,+0.05E+00,-0.05E+00,-8.88E+00,+5.37E+00,+3.14E+00,+1.160E+00
2,12/2/2026,10:41:05.509,-0.09E+00,-0.05E+00,+0.05E+00,+0.00E+00,-8.88E+00,+5.49E+00,+3.02E+00,+1.274E+00
2,12/2/2026,10:41:05.509,-0.09E+00,-0.05E+00,+0.05E+00,+0.00E+00,-8.87E+00,+5.60E+00,+2.90E+00,+1.389E+00
2,12/2/2026,10:41:05.509,-0.09E+00,-0.05E+00,+0.05E+00,-0.05E+00,-8.85E+00,+5.71E+00,+2.78E+00,+1.503E+00
2,12/2/2026,10:41:05.509,-0.09E+00,-0.05E+00,+0.05E+00,-0.05E+00,-8.82E+00,+5.81E+00,+2.66E+00,+1.625E+00
2,12/2/2026,10:41:05.509,-0.09E+00,-0.05E+00,+0.05E+00,+0.00E+00,-8.81E+00,+5.92E+00,+2.52E+00,+1.747E+00
2,12/2/2026,10:41:05.509,-0.09E+00,-0.05E+00,+0.05E+00,+0.00E+00,-8.77E+00,+6.03E+00,+2.38E+00,+1.862E+00
2,12/2/2026,10:41:05.509,-0.09E+00,-0.05E+00,+0.05E+00,-0.05E+00,-8.74E+00,+6.13E+00,+2.24E+00,+1.984E+00
2,12/2/2026,10:41:05.509,-0.09E+00,-0.05E+00,+0.05E+00,-0.05E+00,-8.71E+00,+6.24E+00,+2.11E+00,+2.098E+00
2,12/2/2026,10:41:05.509,-0.09E+00,-0.05E+00,+0.05E+00,+0.00E+00,-8.68E+00,+6.33E+00,+1.97E+00,+2.213E+00
2,12/2/2026,10:41:05.509,-0.09E+00,-0.05E+00,+0.05E+00,-0.05E+00,-8.64E+00,+6.44E+00,+1.85E+00,+2.327E+00
2,12/2/2026,10:41:05.510,-0.09E+00,-0.05E+00,+0.05E+00,+0.00E+00,-8.61E+00,+6.52E+00,+1.71E+00,+2.442E+00
2,12/2/2026,10:41:05.510,-0.09E+00,-0.05E+00,+0.05E+00,+0.00E+00,-8.56E+00,+6.62E+00,+1.59E+00,+2.548E+00
2,12/2/2026,10:41:05.510,-0.09E+00,-0.05E+00,+0.05E+00,+0.00E+00,-8.52E+00,+6.70E+00,+1.45E+00,+2.655E+00
2,12/2/2026,10:41:05.510,-0.09E+00,-0.05E+00,+0.05E+00,-0.05E+00,-8.47E+00,+6.78E+00,+1.31E+00,+2.770E+00
2,12/2/2026,10:41:05.510,-0.09E+00,-0.05E+00,+0.05E+00,+0.00E+00,-8.41E+00,+6.87E+00,+1.18E+00,+2.877E+00
2,12/2/2026,10:41:05.510,-0.09E+00,-0.05E+00,+0.05E+00,-0.05E+00,-8.35E+00,+6.96E+00,+1.04E+00,+2.983E+00
2,12/2/2026,10:41:05.510,-0.09E+00,-0.05E+00,+0.05E+00,-0.05E+00,-8.29E+00,+7.03E+00,+0.90E+00,+3.090E+00
2,12/2/2026,10:41:05.510,-0.09E+00,-0.05E+00,+0.05E+00,+0.00E+00,-8.23E+00,+7.11E+00,+0.76E+00,+3.197E+00
2,12/2/2026,10:41:05.510,-0.09E+00,-0.05E+00,+0.05E+00,+0.00E+00,-8.16E+00,+7.19E+00,+0.61E+00,+3.304E+00
2,12/2/2026,10:41:05.510,-0.09E+00,-0.05E+00,+0.05E+00,+0.00E+00,-8.09E+00,+7.26E+00,+0.47E+00,+3.418E+00
2,12/2/2026,10:41:05.510,-0.09E+00,-0.05E+00,+0.05E+00,-0.05E+00,-8.01E+00,+7.32E+00,+0.32E+00,+3.525E+00
2,12/2/2026,10:41:05.510,-0.09E+00,-0.05E+00,+0.00E+00,+0.00E+00,-7.95E+00,+7.40E+00,+0.18E+00,+3.632E+00
2,12/2/2026,10:41:05.510,-0.09E+00,-0.05E+00,+0.05E+00,+0.00E+00,-7.87E+00,+7.46E+00,+0.03E+00,+3.731E+00
2,12/2/2026,10:41:05.510,-0.09E+00,-0.05E+00,+0.05E+00,-0.05E+00,-7.80E+00,+7.54E+00,-0.11E+00,+3.838E+00
2,12/2/2026,10:41:05.510,-0.09E+00,-0.05E+00,+0.05E+00,-0.05E+00,-7.72E+00,+7.60E+00,-0.24E+00,+3.937E+00
2,12/2/2026,10:41:05.510,-0.09E+00,-0.05E+00,+0.05E+00,+0.00E+00,-7.63E+00,+7.66E+00,-0.38E+00,+4.036E+00
2,12/2/2026,10:41:05.510,-0.09E+00,-0.05E+00,+0.05E+00,+0.00E+00,-7.55E+00,+7.72E+00,-0.53E+00,+4.136E+00
2,12/2/2026,10:41:05.510,-0.09E+00,-0.05E+00,+0.05E+00,+0.00E+00,-7.46E+00,+7.78E+00,-0.67E+00,+4.242E+00
2,12/2/2026,10:41:05.510,-0.09E+00,-0.05E+00,+0.05E+00,+0.00E+00,-7.37E+00,+7.84E+00,-0.82E+00,+4.334E+00
2,12/2/2026,10:41:05.510,-0.09E+00,-0.05E+00,+0.05E+00,+0.00E+00,-7.28E+00,+7.89E+00,-0.96E+00,+4.433E+00
2,12/2/2026,10:41:05.511,-0.09E+00,-0.05E+00,+0.05E+00,+0.00E+00,-7.19E+00,+7.94E+00,-1.11E+00,+4.532E+00
2,12/2/2026,10:41:05.511,-0.09E+00,-0.05E+00,+0.05E+00,+0.00E+00,-7.10E+00,+8.00E+00,-1.25E+00,+4.631E+00
2,12/2/2026,10:41:05.511,-0.09E+00,-0.05E+00,+0.05E+00,+0.00E+00,-6.99E+00,+8.04E+00,-1.40E+00,+4.723E+00
2,12/2/2026,10:41:05.511,-0.09E+00,-0.05E+00,+0.05E+00,+0.00E+00,-6.90E+00,+8.09E+00,-1.54E+00,+4.815E+00
2,12/2/2026,10:41:05.511,-0.09E+00,-0.05E+00,+0.05E+00,+0.00E+00,-6.79E+00,+8.12E+00,-1.68E+00,+4.914E+00
2,12/2/2026,10:41:05.511,-0.14E+00,-0.05E+00,+0.05E+00,-0.05E+00,-6.70E+00,+8.16E+00,-1.83E+00,+4.998E+00
2,12/2/2026,10:41:05.511,-0.09E+00,-0.05E+00,+0.05E+00,+0.00E+00,-6.61E+00,+8.21E+00,-1.97E+00,+5.089E+00
2,12/2/2026,10:41:05.511,-0.09E+00,-0.05E+00,+0.05E+00,+0.00E+00,-6.50E+00,+8.26E+00,-2.12E+00,+5.181E+00
2,12/2/2026,10:41:05.511,-0.09E+00,-0.05E+00,+0.05E+00,-0.05E+00,-6.39E+00,+8.29E+00,-2.26E+00,+5.265E+00
2,12/2/2026,10:41:05.511,-0.09E+00,-0.05E+00,+0.05E+00,-0.05E+00,-6.30E+00,+8.32E+00,-2.40E+00,+5.349E+00
2,12/2/2026,10:41:05.511,-0.09E+00,-0.05E+00,+0.05E+00,-0.05E+00,-6.20E+00,+8.36E+00,-2.53E+00,+5.440E+00
2,12/2/2026,10:41:05.511,-0.09E+00,-0.05E+00,+0.00E+00,+0.00E+00,-6.07E+00,+8.39E+00,-2.67E+00,+5.524E+00
2,12/2/2026,10:41:05.511,-0.09E+00,-0.05E+00,+0.00E+00,-0.05E+00,-5.98E+00,+8.42E+00,-2.81E+00,+5.608E+00
2,12/2/2026,10:41:05.511,-0.09E+00,-0.05E+00,+0.05E+00,+0.00E+00,-5.88E+00,+8.45E+00,-2.95E+00,+5.692E+00
2,12/2/2026,10:41:05.511,-0.09E+00,-0.05E+00,+0.05E+00,+0.00E+00,-5.77E+00,+8.48E+00,-3.08E+00,+5.768E+00
2,12/2/2026,10:41:05.511,-0.09E+00,-0.05E+00,+0.05E+00,+0.00E+00,-5.66E+00,+8.52E+00,-3.22E+00,+5.845E+00
2,12/2/2026,10:41:05.511,-0.09E+00,-0.05E+00,+0.05E+00,+0.00E+00,-5.55E+00,+8.55E+00,-3.36E+00,+5.929E+00
2,12/2/2026,10:41:05.511,-0.09E+00,-0.05E+00,+0.05E+00,+0.00E+00,-5.45E+00,+8.56E+00,-3.48E+00,+6.005E+00
2,12/2/2026,10:41:05.511,-0.09E+00,-0.05E+00,+0.05E+00,+0.00E+00,-5.34E+00,+8.59E+00,-3.62E+00,+6.081E+00
2,12/2/2026,10:41:05.511,-0.09E+00,-0.05E+00,+0.05E+00,+0.00E+00,-5.22E+00,+8.61E+00,-3.74E+00,+6.150E+00
2,12/2/2026,10:41:05.512,-0.09E+00,-0.05E+00,+0.05E+00,+0.00E+00,-5.11E+00,+8.62E+00,-3.88E+00,+6.219E+00
2,12/2/2026,10:41:05.512,-0.14E+00,-0.05E+00,+0.05E+00,-0.05E+00,-5.01E+00,+8.64E+00,-4.01E+00,+6.287E+00
2,12/2/2026,10:41:05.512,-0.09E+00,-0.05E+00,+0.05E+00,-0.05E+00,-4.88E+00,+8.65E+00,-4.14E+00,+6.356E+00
2,12/2/2026,10:41:05.512,-0.09E+00,-0.05E+00,+0.05E+00,+0.00E+00,-4.78E+00,+8.67E+00,-4.26E+00,+6.425E+00
2,12/2/2026,10:41:05.512,-0.09E+00,-0.05E+00,+0.05E+00,+0.00E+00,-4.67E+00,+8.67E+00,-4.36E+00,+6.486E+00
2,12/2/2026,10:41:05.512,-0.09E+00,-0.05E+00,+0.05E+00,+0.00E+00,-4.56E+00,+8.68E+00,-4.49E+00,+6.547E+00
2,12/2/2026,10:41:05.512,-0.09E+00,-0.05E+00,+0.05E+00,-0.05E+00,-4.46E+00,+8.68E+00,-4.61E+00,+6.608E+00
2,12/2/2026,10:41:05.512,-0.14E+00,-0.05E+00,+0.05E+00,-0.05E+00,-4.33E+00,+8.70E+00,-4.73E+00,+6.669E+00
2,12/2/2026,10:41:05.512,-0.09E+00,-0.05E+00,+0.05E+00,+0.00E+00,-4.23E+00,+8.70E+00,-4.84E+00,+6.730E+00
2,12/2/2026,10:41:05.512,-0.09E+00,-0.05E+00,+0.05E+00,-0.05E+00,-4.10E+00,+8.70E+00,-4.96E+00,+6.791E+00
2,12/2/2026,10:41:05.512,-0.09E+00,-0.05E+00,+0.05E+00,-0.05E+00,-4.00E+00,+8.70E+00,-5.08E+00,+6.844E+00
2,12/2/2026,10:41:05.512,-0.09E+00,-0.05E+00,+0.05E+00,+0.00E+00,-3.89E+00,+8.71E+00,-5.19E+00,+6.905E+00
2,12/2/2026,10:41:05.512,-0.09E+00,-0.05E+00,+0.05E+00,-0.05E+00,-3.77E+00,+8.71E+00,-5.31E+00,+6.966E+00
2,12/2/2026,10:41:05.512,-0.09E+00,-0.05E+00,+0.05E+00,-0.05E+00,-3.65E+00,+8.71E+00,-5.43E+00,+7.020E+00
2,12/2/2026,10:41:05.512,-0.09E+00,-0.05E+00,+0.05E+00,+0.00E+00,-3.54E+00,+8.71E+00,-5.54E+00,+7.081E+00
2,12/2/2026,10:41:05.512,-0.09E+00,-0.05E+00,+0.05E+00,+0.00E+00,-3.42E+00,+8.71E+00,-5.65E+00,+7.127E+00
2,12/2/2026,10:41:05.512,-0.09E+00,-0.05E+00,+0.05E+00,+0.00E+00,-3.31E+00,+8.71E+00,-5.77E+00,+7.180E+00
2,12/2/2026,10:41:05.512,-0.09E+00,-0.05E+00,+0.05E+00,-0.05E+00,-3.19E+00,+8.70E+00,-5.88E+00,+7.233E+00
2,12/2/2026,10:41:05.512,-0.09E+00,-0.05E+00,+0.05E+00,-0.05E+00,-3.07E+00,+8.70E+00,-5.98E+00,+7.279E+00
2,12/2/2026,10:41:05.512,-0.09E+00,-0.05E+00,+0.05E+00,-0.05E+00,-2.95E+00,+8.68E+00,-6.10E+00,+7.325E+00
2,12/2/2026,10:41:05.513,-0.09E+00,-0.05E+00,+0.05E+00,+0.00E+00,-2.81E+00,+8.67E+00,-6.21E+00,+7.371E+00
2,12/2/2026,10:41:05.513,-0.14E+00,-0.05E+00,+0.05E+00,+0.00E+00,-2.69E+00,+8.64E+00,-6.32E+00,+7.416E+00
2,12/2/2026,10:41:05.513,-0.09E+00,-0.05E+00,+0.05E+00,-0.05E+00,-2.55E+00,+8.61E+00,-6.42E+00,+7.455E+00
2,12/2/2026,10:41:05.513,-0.09E+00,-0.05E+00,+0.05E+00,-0.05E+00,-2.43E+00,+8.58E+00,-6.53E+00,+7.485E+00
2,12/2/2026,10:41:05.513,-0.09E+00,-0.05E+00,+0.05E+00,-0.05E+00,-2.29E+00,+8.55E+00,-6.62E+00,+7.516E+00
2,12/2/2026,10:41:05.513,-0.09E+00,-0.05E+00,+0.05E+00,-0.05E+00,-2.17E+00,+8.52E+00,-6.73E+00,+7.546E+00
2,12/2/2026,10:41:05.513,-0.09E+00,-0.05E+00,+0.05E+00,+0.00E+00,-2.03E+00,+8.47E+00,-6.82E+00,+7.569E+00
2,12/2/2026,10:41:05.513,-0.09E+00,-0.05E+00,+0.05E+00,+0.00E+00,-1.89E+00,+8.44E+00,-6.90E+00,+7.592E+00
2,12/2/2026,10:41:05.513,-0.09E+00,-0.05E+00,+0.05E+00,-0.05E+00,-1.75E+00,+8.39E+00,-6.99E+00,+7.607E+00
2,12/2/2026,10:41:05.513,-0.09E+00,-0.05E+00,+0.05E+00,-0.05E+00,-1.63E+00,+8.33E+00,-7.07E+00,+7.622E+00
2,12/2/2026,10:41:05.513,-0.09E+00,-0.05E+00,+0.05E+00,+0.00E+00,-1.50E+00,+8.29E+00,-7.14E+00,+7.638E+00
2,12/2/2026,10:41:05.513,-0.09E+00,-0.05E+00,+0.05E+00,+0.00E+00,-1.36E+00,+8.23E+00,-7.23E+00,+7.645E+00
2,12/2/2026,10:41:05.513,-0.09E+00,-0.05E+00,+0.05E+00,+0.00E+00,-1.22E+00,+8.16E+00,-7.31E+00,+7.653E+00
2,12/2/2026,10:41:05.513,-0.09E+00,-0.05E+00,+0.05E+00,+0.00E+00,-1.08E+00,+8.10E+00,-7.39E+00,+7.661E+00
2,12/2/2026,10:41:05.513,-0.09E+00,-0.05E+00,+0.05E+00,-0.05E+00,-0.93E+00,+8.04E+00,-7.46E+00,+7.661E+00
2,12/2/2026,10:41:05.513,-0.09E+00,-0.05E+00,+0.05E+00,+0.00E+00,-0.79E+00,+7.97E+00,-7.52E+00,+7.661E+00
2,12/2/2026,10:41:05.513,-0.09E+00,-0.05E+00,+0.05E+00,+0.00E+00,-0.66E+00,+7.89E+00,-7.60E+00,+7.661E+00
2,12/2/2026,10:41:05.513,-0.09E+00,-0.05E+00,+0.05E+00,-0.05E+00,-0.50E+00,+7.81E+00,-7.68E+00,+7.653E+00
2,12/2/2026,10:41:05.513,-0.09E+00,-0.05E+00,+0.00E+00,-0.05E+00,-0.37E+00,+7.74E+00,-7.74E+00,+7.645E+00
2,12/2/2026,10:41:05.513,-0.09E+00,-0.05E+00,+0.05E+00,+0.00E+00,-0.21E+00,+7.66E+00,-7.80E+00,+7.638E+00
2,12/2/2026,10:41:05.514,-0.09E+00,-0.05E+00,+0.05E+00,+0.00E+00,-0.08E+00,+7.58E+00,-7.87E+00,+7.630E+00
2,12/2/2026,10:41:05.514,-0.09E+00,-0.09E+00,+0.05E+00,-0.05E+00,+0.08E+00,+7.51E+00,-7.94E+00,+7.622E+00
2,12/2/2026,10:41:05.514,-0.09E+00,-0.05E+00,+0.05E+00,-0.05E+00,+0.21E+00,+7.42E+00,-8.00E+00,+7.607E+00
2,12/2/2026,10:41:05.514,-0.09E+00,-0.05E+00,+0.05E+00,+0.00E+00,+0.37E+00,+7.34E+00,-8.06E+00,+7.600E+00
2,12/2/2026,10:41:05.514,-0.09E+00,-0.05E+00,+0.05E+00,+0.00E+00,+0.50E+00,+7.25E+00,-8.12E+00,+7.584E+00
2,12/2/2026,10:41:05.514,-0.14E+00,-0.05E+00,+0.05E+00,+0.00E+00,+0.64E+00,+7.17E+00,-8.18E+00,+7.561E+00
2,12/2/2026,10:41:05.514,-0.09E+00,-0.05E+00,+0.05E+00,+0.00E+00,+0.79E+00,+7.08E+00,-8.23E+00,+7.546E+00
2,12/2/2026,10:41:05.514,-0.09E+00,-0.05E+00,+0.05E+00,+0.00E+00,+0.93E+00,+6.99E+00,-8.29E+00,+7.531E+00
2,12/2/2026,10:41:05.514,-0.09E+00,-0.05E+00,+0.05E+00,-0.05E+00,+1.08E+00,+6.90E+00,-8.33E+00,+7.508E+00
2,12/2/2026,10:41:05.514,-0.09E+00,-0.05E+00,+0.05E+00,+0.00E+00,+1.22E+00,+6.81E+00,-8.39E+00,+7.485E+00
2,12/2/2026,10:41:05.514,-0.09E+00,-0.05E+00,+0.00E+00,+0.00E+00,+1.37E+00,+6.71E+00,-8.44E+00,+7.462E+00
2,12/2/2026,10:41:05.514,-0.09E+00,-0.05E+00,+0.05E+00,-0.05E+00,+1.51E+00,+6.61E+00,-8.48E+00,+7.439E+00
2,12/2/2026,10:41:05.514,-0.09E+00,-0.05E+00,+0.05E+00,-0.05E+00,+1.65E+00,+6.52E+00,-8.52E+00,+7.409E+00
2,12/2/2026,10:41:05.514,-0.09E+00,-0.05E+00,+0.05E+00,+0.00E+00,+1.79E+00,+6.41E+00,-8.56E+00,+7.378E+00
2,12/2/2026,10:41:05.514,-0.09E+00,-0.05E+00,+0.05E+00,-0.05E+00,+1.92E+00,+6.32E+00,-8.61E+00,+7.348E+00
2,12/2/2026,10:41:05.514,-0.09E+00,-0.05E+00,+0.05E+00,+0.00E+00,+2.06E+00,+6.23E+00,-8.64E+00,+7.317E+00
2,12/2/2026,10:41:05.514,-0.09E+00,-0.05E+00,+0.05E+00,+0.00E+00,+2.20E+00,+6.12E+00,-8.67E+00,+7.279E+00
2,12/2/2026,10:41:05.514,-0.09E+00,-0.05E+00,+0.05E+00,+0.00E+00,+2.33E+00,+6.01E+00,-8.70E+00,+7.241E+00
2,12/2/2026,10:41:05.514,-0.09E+00,-0.05E+00,+0.05E+00,+0.00E+00,+2.47E+00,+5.92E+00,-8.73E+00,+7.203E+00
2,12/2/2026,10:41:05.514,-0.09E+00,-0.05E+00,+0.05E+00,-0.05E+00,+2.61E+00,+5.81E+00,-8.76E+00,+7.157E+00
2,12/2/2026,10:41:05.515,-0.09E+00,-0.05E+00,+0.05E+00,-0.05E+00,+2.73E+00,+5.71E+00,-8.79E+00,+7.119E+00
2,12/2/2026,10:41:05.515,-0.09E+00,-0.05E+00,+0.05E+00,+0.00E+00,+2.87E+00,+5.60E+00,-8.82E+00,+7.081E+00
2,12/2/2026,10:41:05.515,-0.09E+00,-0.05E+00,+0.05E+00,+0.00E+00,+2.99E+00,+5.49E+00,-8.84E+00,+7.035E+00
2,12/2/2026,10:41:05.515,-0.09E+00,-0.05E+00,+0.05E+00,+0.00E+00,+3.13E+00,+5.37E+00,-8.85E+00,+6.989E+00
2,12/2/2026,10:41:05.515,-0.09E+00,-0.05E+00,+0.05E+00,-0.05E+00,+3.25E+00,+5.26E+00,-8.88E+00,+6.943E+00
2,12/2/2026,10:41:05.515,-0.09E+00,-0.05E+00,+0.05E+00,-0.05E+00,+3.37E+00,+5.16E+00,-8.90E+00,+6.898E+00
2,12/2/2026,10:41:05.515,-0.14E+00,-0.05E+00,+0.05E+00,+0.00E+00,+3.49E+00,+5.05E+00,-8.91E+00,+6.852E+00
2,12/2/2026,10:41:05.515,-0.09E+00,-0.05E+00,+0.05E+00,+0.00E+00,+3.63E+00,+4.94E+00,-8.93E+00,+6.798E+00
2,12/2/2026,10:41:05.515,-0.09E+00,-0.05E+00,+0.05E+00,+0.00E+00,+3.75E+00,+4.82E+00,-8.94E+00,+6.745E+00
2,12/2/2026,10:41:05.515,-0.09E+00,-0.05E+00,+0.05E+00,+0.00E+00,+3.88E+00,+4.72E+00,-8.96E+00,+6.699E+00
2,12/2/2026,10:41:05.515,-0.09E+00,-0.05E+00,+0.00E+00,+0.00E+00,+4.00E+00,+4.61E+00,-8.96E+00,+6.653E+00
2,12/2/2026,10:41:05.515,-0.09E+00,-0.05E+00,+0.05E+00,-0.05E+00,+4.12E+00,+4.50E+00,-8.97E+00,+6.600E+00
2,12/2/2026,10:41:05.515,-0.09E+00,-0.05E+00,+0.05E+00,-0.05E+00,+4.23E+00,+4.39E+00,-8.97E+00,+6.547E+00
2,12/2/2026,10:41:05.515,-0.09E+00,-0.05E+00,+0.05E+00,+0.00E+00,+4.35E+00,+4.29E+00,-8.99E+00,+6.493E+00
2,12/2/2026,10:41:05.515,-0.09E+00,-0.05E+00,+0.05E+00,+0.00E+00,+4.47E+00,+4.18E+00,-8.99E+00,+6.440E+00
2,12/2/2026,10:41:05.515,-0.09E+00,-0.05E+00,+0.05E+00,+0.00E+00,+4.59E+00,+4.06E+00,-9.00E+00,+6.394E+00
2,12/2/2026,10:41:05.515,-0.14E+00,-0.05E+00,+0.05E+00,+0.00E+00,+4.70E+00,+3.94E+00,-9.00E+00,+6.333E+00
2,12/2/2026,10:41:05.515,-0.09E+00,-0.05E+00,+0.05E+00,+0.00E+00,+4.82E+00,+3.83E+00,-9.00E+00,+6.272E+00
2,12/2/2026,10:41:05.515,-0.09E+00,-0.05E+00,+0.05E+00,+0.00E+00,+4.94E+00,+3.72E+00,-9.00E+00,+6.219E+00
2,12/2/2026,10:41:05.515,-0.09E+00,-0.05E+00,+0.05E+00,+0.00E+00,+5.05E+00,+3.60E+00,-9.02E+00,+6.165E+00
2,12/2/2026,10:41:05.516,-0.09E+00,-0.05E+00,+0.00E+00,+0.00E+00,+5.17E+00,+3.49E+00,-9.02E+00,+6.104E+00
2,12/2/2026,10:41:05.516,-0.09E+00,-0.05E+00,+0.05E+00,+0.00E+00,+5.28E+00,+3.37E+00,-9.02E+00,+6.043E+00
2,12/2/2026,10:41:05.516,-0.09E+00,-0.05E+00,+0.05E+00,-0.05E+00,+5.40E+00,+3.25E+00,-9.00E+00,+5.982E+00
2,12/2/2026,10:41:05.516,-0.09E+00,-0.05E+00,+0.05E+00,-0.05E+00,+5.52E+00,+3.14E+00,-9.00E+00,+5.921E+00
2,12/2/2026,10:41:05.516,-0.09E+00,-0.05E+00,+0.00E+00,+0.00E+00,+5.63E+00,+3.02E+00,-9.00E+00,+5.860E+00
2,12/2/2026,10:41:05.516,-0.09E+00,-0.05E+00,+0.05E+00,+0.00E+00,+5.74E+00,+2.88E+00,-9.00E+00,+5.791E+00
2,12/2/2026,10:41:05.516,-0.09E+00,-0.05E+00,+0.05E+00,+0.00E+00,+5.86E+00,+2.76E+00,-8.99E+00,+5.723E+00
2,12/2/2026,10:41:05.516,-0.09E+00,-0.05E+00,+0.05E+00,-0.05E+00,+5.98E+00,+2.66E+00,-8.97E+00,+5.654E+00
2,12/2/2026,10:41:05.516,-0.09E+00,-0.05E+00,+0.05E+00,+0.00E+00,+6.09E+00,+2.53E+00,-8.96E+00,+5.593E+00
2,12/2/2026,10:41:05.516,-0.09E+00,-0.05E+00,+0.05E+00,+0.00E+00,+6.20E+00,+2.41E+00,-8.96E+00,+5.517E+00
2,12/2/2026,10:41:05.516,-0.09E+00,-0.05E+00,+0.05E+00,-0.05E+00,+6.30E+00,+2.27E+00,-8.94E+00,+5.448E+00
2,12/2/2026,10:41:05.516,-0.09E+00,-0.05E+00,+0.05E+00,-0.05E+00,+6.39E+00,+2.15E+00,-8.91E+00,+5.372E+00
2,12/2/2026,10:41:05.516,-0.09E+00,-0.05E+00,+0.05E+00,+0.00E+00,+6.50E+00,+2.01E+00,-8.87E+00,+5.288E+00
2,12/2/2026,10:41:05.516,-0.09E+00,-0.05E+00,+0.05E+00,+0.00E+00,+6.59E+00,+1.89E+00,-8.84E+00,+5.204E+00
2,12/2/2026,10:41:05.516,-0.09E+00,-0.05E+00,+0.05E+00,+0.00E+00,+6.68E+00,+1.75E+00,-8.79E+00,+5.105E+00
2,12/2/2026,10:41:05.516,-0.09E+00,-0.05E+00,+0.05E+00,+0.00E+00,+6.78E+00,+1.60E+00,-8.74E+00,+5.013E+00
2,12/2/2026,10:41:05.516,-0.09E+00,-0.05E+00,+0.05E+00,+0.00E+00,+6.85E+00,+1.46E+00,-8.68E+00,+4.906E+00
2,12/2/2026,10:41:05.516,-0.09E+00,-0.05E+00,+0.05E+00,-0.05E+00,+6.93E+00,+1.33E+00,-8.62E+00,+4.807E+00
2,12/2/2026,10:41:05.516,-0.09E+00,-0.05E+00,+0.05E+00,-0.05E+00,+7.02E+00,+1.19E+00,-8.55E+00,+4.700E+00
2,12/2/2026,10:41:05.516,-0.09E+00,-0.05E+00,+0.05E+00,+0.00E+00,+7.10E+00,+1.04E+00,-8.48E+00,+4.601E+00
2,12/2/2026,10:41:05.517,-0.09E+00,-0.05E+00,+0.05E+00,-0.05E+00,+7.17E+00,+0.90E+00,-8.42E+00,+4.502E+00
2,12/2/2026,10:41:05.517,-0.09E+00,-0.05E+00,+0.05E+00,-0.05E+00,+7.23E+00,+0.76E+00,-8.36E+00,+4.395E+00
2,12/2/2026,10:41:05.517,-0.09E+00,-0.05E+00,+0.05E+00,+0.00E+00,+7.31E+00,+0.63E+00,-8.29E+00,+4.296E+00
2,12/2/2026,10:41:05.517,-0.09E+00,-0.05E+00,+0.05E+00,+0.00E+00,+7.39E+00,+0.49E+00,-8.23E+00,+4.189E+00
2,12/2/2026,10:41:05.517,-0.09E+00,-0.05E+00,+0.05E+00,+0.00E+00,+7.45E+00,+0.34E+00,-8.16E+00,+4.090E+00
2,12/2/2026,10:41:05.517,-0.09E+00,-0.05E+00,+0.05E+00,+0.00E+00,+7.52E+00,+0.20E+00,-8.09E+00,+3.983E+00
2,12/2/2026,10:41:05.517,-0.09E+00,-0.05E+00,+0.05E+00,+0.00E+00,+7.58E+00,+0.08E+00,-8.01E+00,+3.876E+00
2,12/2/2026,10:41:05.517,-0.09E+00,-0.05E+00,+0.05E+00,+0.00E+00,+7.65E+00,-0.08E+00,-7.94E+00,+3.769E+00
2,12/2/2026,10:41:05.517,-0.09E+00,-0.05E+00,+0.05E+00,-0.05E+00,+7.71E+00,-0.20E+00,-7.86E+00,+3.662E+00
2,12/2/2026,10:41:05.517,-0.09E+00,-0.05E+00,+0.05E+00,+0.00E+00,+7.75E+00,-0.34E+00,-7.78E+00,+3.556E+00
2,12/2/2026,10:41:05.517,-0.09E+00,-0.05E+00,+0.05E+00,+0.00E+00,+7.80E+00,-0.47E+00,-7.69E+00,+3.441E+00
2,12/2/2026,10:41:05.517,-0.09E+00,-0.05E+00,+0.05E+00,-0.05E+00,+7.86E+00,-0.61E+00,-7.60E+00,+3.319E+00
2,12/2/2026,10:41:05.517,-0.09E+00,-0.05E+00,+0.05E+00,-0.05E+00,+7.89E+00,-0.76E+00,-7.51E+00,+3.205E+00
2,12/2/2026,10:41:05.517,-0.09E+00,-0.05E+00,+0.05E+00,+0.00E+00,+7.94E+00,-0.90E+00,-7.40E+00,+3.083E+00
2,12/2/2026,10:41:05.517,-0.09E+00,-0.05E+00,+0.05E+00,-0.05E+00,+7.98E+00,-1.05E+00,-7.31E+00,+2.960E+00
2,12/2/2026,10:41:05.517,-0.09E+00,-0.05E+00,+0.05E+00,-0.05E+00,+8.03E+00,-1.19E+00,-7.20E+00,+2.831E+00
2,12/2/2026,10:41:05.517,-0.09E+00,-0.05E+00,+0.05E+00,+0.00E+00,+8.07E+00,-1.34E+00,-7.10E+00,+2.709E+00
2,12/2/2026,10:41:05.517,-0.09E+00,-0.05E+00,+0.05E+00,+0.00E+00,+8.12E+00,-1.48E+00,-7.00E+00,+2.594E+00
2,12/2/2026,10:41:05.517,-0.09E+00,-0.05E+00,+0.05E+00,-0.05E+00,+8.16E+00,-1.63E+00,-6.90E+00,+2.472E+00
2,12/2/2026,10:41:05.517,-0.09E+00,-0.05E+00,+0.05E+00,-0.05E+00,+8.21E+00,-1.77E+00,-6.81E+00,+2.350E+00
2,12/2/2026,10:41:05.518,-0.09E+00,-0.05E+00,+0.05E+00,-0.05E+00,+8.24E+00,-1.91E+00,-6.70E+00,+2.228E+00
2,12/2/2026,10:41:05.518,-0.09E+00,-0.05E+00,+0.05E+00,-0.05E+00,+8.29E+00,-2.04E+00,-6.61E+00,+2.114E+00
2,12/2/2026,10:41:05.518,-0.09E+00,-0.05E+00,+0.05E+00,+0.00E+00,+8.32E+00,-2.18E+00,-6.50E+00,+1.991E+00
2,12/2/2026,10:41:05.518,-0.09E+00,-0.05E+00,+0.05E+00,+0.00E+00,+8.36E+00,-2.33E+00,-6.39E+00,+1.869E+00
2,12/2/2026,10:41:05.518,-0.09E+00,-0.05E+00,+0.05E+00,+0.00E+00,+8.39E+00,-2.47E+00,-6.29E+00,+1.747E+00
2,12/2/2026,10:41:05.518,-0.09E+00,-0.05E+00,+0.05E+00,-0.05E+00,+8.42E+00,-2.59E+00,-6.18E+00,+1.625E+00
2,12/2/2026,10:41:05.518,-0.09E+00,-0.05E+00,+0.05E+00,-0.05E+00,+8.45E+00,-2.73E+00,-6.07E+00,+1.503E+00
2,12/2/2026,10:41:05.518,-0.09E+00,-0.05E+00,+0.05E+00,+0.00E+00,+8.47E+00,-2.87E+00,-5.97E+00,+1.381E+00
2,12/2/2026,10:41:05.518,-0.09E+00,-0.05E+00,+0.05E+00,+0.00E+00,+8.50E+00,-3.01E+00,-5.86E+00,+1.259E+00
2,12/2/2026,10:41:05.518,-0.09E+00,-0.05E+00,+0.05E+00,-0.05E+00,+8.52E+00,-3.14E+00,-5.74E+00,+1.137E+00
2,12/2/2026,10:41:05.518,-0.09E+00,-0.05E+00,+0.05E+00,-0.05E+00,+8.53E+00,-3.27E+00,-5.63E+00,+1.022E+00
2,12/2/2026,10:41:05.518,-0.09E+00,-0.05E+00,+0.05E+00,-0.05E+00,+8.55E+00,-3.39E+00,-5.52E+00,+0.900E+00
2,12/2/2026,10:41:05.518,-0.09E+00,-0.05E+00,+0.05E+00,-0.05E+00,+8.56E+00,-3.51E+00,-5.40E+00,+0.778E+00
2,12/2/2026,10:41:05.518,-0.09E+00,-0.05E+00,+0.05E+00,-0.05E+00,+8.58E+00,-3.65E+00,-5.28E+00,+0.656E+00
2,12/2/2026,10:41:05.518,-0.09E+00,-0.05E+00,+0.05E+00,+0.00E+00,+8.58E+00,-3.78E+00,-5.17E+00,+0.534E+00
2,12/2/2026,10:41:05.518,-0.09E+00,-0.05E+00,+0.05E+00,+0.00E+00,+8.59E+00,-3.91E+00,-5.07E+00,+0.420E+00
2,12/2/2026,10:41:05.518,-0.09E+00,-0.05E+00,+0.05E+00,-0.05E+00,+8.61E+00,-4.01E+00,-4.94E+00,+0.298E+00
2,12/2/2026,10:41:05.518,-0.09E+00,-0.05E+00,+0.05E+00,-0.05E+00,+8.61E+00,-4.14E+00,-4.84E+00,+0.183E+00
2,12/2/2026,10:41:05.518,-0.09E+00,-0.05E+00,+0.00E+00,+0.00E+00,+8.62E+00,-4.26E+00,-4.73E+00,+0.076E+00
2,12/2/2026,10:41:05.518,-0.09E+00,-0.05E+00,+0.00E+00,+0.00E+00,+8.62E+00,-4.36E+00,-4.62E+00,-0.031E+00
2,12/2/2026,10:41:05.519,-0.09E+00,-0.05E+00,+0.05E+00,-0.05E+00,+8.62E+00,-4.49E+00,-4.52E+00,-0.153E+00
2,12/2/2026,10:41:05.519,-0.09E+00,-0.05E+00,+0.05E+00,-0.05E+00,+8.64E+00,-4.59E+00,-4.39E+00,-0.259E+00
2,12/2/2026,10:41:05.519,-0.09E+00,-0.05E+00,+0.05E+00,+0.00E+00,+8.64E+00,-4.72E+00,-4.29E+00,-0.374E+00
2,12/2/2026,10:41:05.519,-0.09E+00,-0.05E+00,+0.05E+00,+0.00E+00,+8.64E+00,-4.84E+00,-4.18E+00,-0.496E+00
2,12/2/2026,10:41:05.519,-0.09E+00,-0.05E+00,+0.05E+00,-0.05E+00,+8.64E+00,-4.94E+00,-4.06E+00,-0.610E+00
2,12/2/2026,10:41:05.519,-0.14E+00,-0.05E+00,+0.05E+00,+0.00E+00,+8.64E+00,-5.07E+00,-3.94E+00,-0.725E+00
2,12/2/2026,10:41:05.519,-0.09E+00,-0.05E+00,+0.05E+00,-0.05E+00,+8.62E+00,-5.19E+00,-3.82E+00,-0.839E+00
2,12/2/2026,10:41:05.519,-0.09E+00,-0.05E+00,+0.05E+00,+0.00E+00,+8.62E+00,-5.30E+00,-3.69E+00,-0.954E+00
2,12/2/2026,10:41:05.519,-0.09E+00,-0.05E+00,+0.05E+00,+0.00E+00,+8.62E+00,-5.40E+00,-3.59E+00,-1.068E+00
2,12/2/2026,10:41:05.519,-0.09E+00,-0.05E+00,+0.05E+00,+0.00E+00,+8.61E+00,-5.51E+00,-3.46E+00,-1.183E+00
2,12/2/2026,10:41:05.519,-0.09E+00,-0.05E+00,+0.00E+00,+0.00E+00,+8.61E+00,-5.62E+00,-3.34E+00,-1.297E+00
2,12/2/2026,10:41:05.519,-0.14E+00,-0.05E+00,+0.05E+00,+0.00E+00,+8.59E+00,-5.74E+00,-3.22E+00,-1.419E+00
2,12/2/2026,10:41:05.519,-0.09E+00,-0.05E+00,+0.05E+00,+0.00E+00,+8.58E+00,-5.84E+00,-3.10E+00,-1.534E+00
2,12/2/2026,10:41:05.519,-0.09E+00,-0.05E+00,+0.05E+00,+0.00E+00,+8.56E+00,-5.95E+00,-2.96E+00,-1.656E+00
2,12/2/2026,10:41:05.519,-0.09E+00,-0.05E+00,+0.05E+00,-0.05E+00,+8.55E+00,-6.07E+00,-2.84E+00,-1.770E+00
2,12/2/2026,10:41:05.519,-0.09E+00,-0.05E+00,+0.05E+00,+0.00E+00,+8.50E+00,-6.18E+00,-2.70E+00,-1.892E+00
2,12/2/2026,10:41:05.519,-0.09E+00,-0.05E+00,+0.05E+00,+0.00E+00,+8.47E+00,-6.29E+00,-2.56E+00,-2.007E+00
2,12/2/2026,10:41:05.519,-0.09E+00,-0.05E+00,+0.05E+00,+0.00E+00,+8.45E+00,-6.38E+00,-2.43E+00,-2.129E+00
2,12/2/2026,10:41:05.519,-0.09E+00,-0.05E+00,+0.05E+00,+0.00E+00,+8.42E+00,-6.49E+00,-2.30E+00,-2.243E+00
2,12/2/2026,10:41:05.519,-0.09E+00,-0.05E+00,+0.05E+00,+0.00E+00,+8.38E+00,-6.58E+00,-2.17E+00,-2.358E+00
2,12/2/2026,10:41:05.520,-0.09E+00,-0.05E+00,+0.05E+00,+0.00E+00,+8.33E+00,-6.67E+00,-2.03E+00,-2.472E+00
2,12/2/2026,10:41:05.520,-0.09E+00,-0.05E+00,+0.05E+00,+0.00E+00,+8.29E+00,-6.76E+00,-1.89E+00,-2.579E+00
2,12/2/2026,10:41:05.520,-0.09E+00,-0.05E+00,+0.05E+00,+0.00E+00,+8.24E+00,-6.85E+00,-1.75E+00,-2.686E+00
2,12/2/2026,10:41:05.520,-0.09E+00,-0.05E+00,+0.05E+00,+0.00E+00,+8.19E+00,-6.93E+00,-1.63E+00,-2.800E+00
2,12/2/2026,10:41:05.520,-0.09E+00,-0.05E+00,+0.05E+00,-0.05E+00,+8.13E+00,-7.02E+00,-1.50E+00,-2.907E+00
2,12/2/2026,10:41:05.520,-0.09E+00,-0.05E+00,+0.05E+00,+0.00E+00,+8.09E+00,-7.10E+00,-1.36E+00,-3.014E+00
2,12/2/2026,10:41:05.520,-0.09E+00,-0.05E+00,+0.05E+00,+0.00E+00,+8.03E+00,-7.17E+00,-1.22E+00,-3.121E+00
2,12/2/2026,10:41:05.520,-0.09E+00,-0.05E+00,+0.05E+00,-0.05E+00,+7.97E+00,-7.26E+00,-1.07E+00,-3.228E+00
2,12/2/2026,10:41:05.520,-0.09E+00,-0.05E+00,+0.00E+00,-0.05E+00,+7.89E+00,-7.34E+00,-0.93E+00,-3.342E+00
2,12/2/2026,10:41:05.520,-0.09E+00,-0.05E+00,+0.05E+00,+0.00E+00,+7.83E+00,-7.40E+00,-0.79E+00,-3.449E+00
2,12/2/2026,10:41:05.520,-0.09E+00,-0.05E+00,+0.05E+00,+0.00E+00,+7.75E+00,-7.48E+00,-0.64E+00,-3.556E+00
2,12/2/2026,10:41:05.520,-0.09E+00,-0.05E+00,+0.05E+00,+0.00E+00,+7.68E+00,-7.54E+00,-0.49E+00,-3.662E+00
2,12/2/2026,10:41:05.520,-0.09E+00,-0.05E+00,+0.05E+00,+0.00E+00,+7.60E+00,-7.61E+00,-0.35E+00,-3.769E+00
2,12/2/2026,10:41:05.520,-0.09E+00,-0.05E+00,+0.05E+00,-0.05E+00,+7.52E+00,-7.69E+00,-0.21E+00,-3.868E+00
2,12/2/2026,10:41:05.520,-0.09E+00,-0.05E+00,+0.05E+00,-0.05E+00,+7.46E+00,-7.75E+00,-0.08E+00,-3.968E+00
2,12/2/2026,10:41:05.520,-0.09E+00,-0.05E+00,+0.05E+00,+0.00E+00,+7.37E+00,-7.81E+00,+0.08E+00,-4.067E+00
2,12/2/2026,10:41:05.520,-0.09E+00,-0.05E+00,+0.00E+00,+0.00E+00,+7.28E+00,-7.87E+00,+0.21E+00,-4.174E+00
2,12/2/2026,10:41:05.520,-0.09E+00,-0.05E+00,+0.05E+00,+0.00E+00,+7.19E+00,-7.94E+00,+0.37E+00,-4.265E+00
2,12/2/2026,10:41:05.520,-0.09E+00,-0.05E+00,+0.05E+00,+0.00E+00,+7.11E+00,-7.98E+00,+0.50E+00,-4.364E+00
2,12/2/2026,10:41:05.520,-0.14E+00,-0.05E+00,+0.05E+00,-0.05E+00,+7.02E+00,-8.03E+00,+0.66E+00,-4.464E+00
2,12/2/2026,10:41:05.521,-0.09E+00,-0.05E+00,+0.05E+00,+0.00E+00,+6.91E+00,-8.09E+00,+0.79E+00,-4.563E+00
2,12/2/2026,10:41:05.521,-0.09E+00,-0.05E+00,+0.05E+00,+0.00E+00,+6.82E+00,-8.13E+00,+0.95E+00,-4.654E+00
2,12/2/2026,10:41:05.521,-0.09E+00,-0.05E+00,+0.05E+00,+0.00E+00,+6.73E+00,-8.19E+00,+1.08E+00,-4.754E+00
2,12/2/2026,10:41:05.521,-0.09E+00,-0.05E+00,+0.05E+00,-0.05E+00,+6.62E+00,-8.23E+00,+1.24E+00,-4.845E+00
2,12/2/2026,10:41:05.521,-0.09E+00,-0.05E+00,+0.05E+00,-0.05E+00,+6.53E+00,-8.27E+00,+1.37E+00,-4.937E+00
2,12/2/2026,10:41:05.521,-0.09E+00,-0.05E+00,+0.05E+00,-0.05E+00,+6.44E+00,-8.32E+00,+1.51E+00,-5.028E+00
2,12/2/2026,10:41:05.521,-0.09E+00,-0.05E+00,+0.05E+00,+0.00E+00,+6.33E+00,-8.36E+00,+1.66E+00,-5.120E+00
2,12/2/2026,10:41:05.521,-0.09E+00,-0.05E+00,+0.05E+00,+0.00E+00,+6.23E+00,-8.39E+00,+1.80E+00,-5.204E+00
2,12/2/2026,10:41:05.521,-0.09E+00,-0.05E+00,+0.05E+00,+0.00E+00,+6.12E+00,-8.44E+00,+1.94E+00,-5.295E+00
2,12/2/2026,10:41:05.521,-0.09E+00,-0.05E+00,+0.05E+00,-0.05E+00,+6.03E+00,-8.47E+00,+2.08E+00,-5.379E+00
2,12/2/2026,10:41:05.521,-0.09E+00,-0.05E+00,+0.05E+00,-0.05E+00,+5.92E+00,-8.50E+00,+2.23E+00,-5.471E+00
2,12/2/2026,10:41:05.521,-0.09E+00,-0.05E+00,+0.05E+00,+0.00E+00,+5.81E+00,-8.55E+00,+2.37E+00,-5.555E+00
2,12/2/2026,10:41:05.521,-0.09E+00,-0.05E+00,+0.05E+00,+0.00E+00,+5.71E+00,-8.58E+00,+2.50E+00,-5.631E+00
2,12/2/2026,10:41:05.521,-0.09E+00,-0.05E+00,+0.05E+00,+0.00E+00,+5.60E+00,-8.61E+00,+2.64E+00,-5.715E+00
2,12/2/2026,10:41:05.521,-0.09E+00,-0.05E+00,+0.05E+00,+0.00E+00,+5.49E+00,-8.64E+00,+2.76E+00,-5.799E+00
2,12/2/2026,10:41:05.521,-0.09E+00,-0.05E+00,+0.05E+00,-0.05E+00,+5.39E+00,-8.67E+00,+2.90E+00,-5.875E+00
2,12/2/2026,10:41:05.521,-0.14E+00,-0.05E+00,+0.05E+00,-0.05E+00,+5.28E+00,-8.68E+00,+3.04E+00,-5.951E+00
2,12/2/2026,10:41:05.521,-0.09E+00,-0.05E+00,+0.05E+00,+0.00E+00,+5.17E+00,-8.71E+00,+3.17E+00,-6.028E+00
2,12/2/2026,10:41:05.521,-0.09E+00,-0.05E+00,+0.05E+00,+0.00E+00,+5.07E+00,-8.73E+00,+3.31E+00,-6.104E+00
2,12/2/2026,10:41:05.521,-0.09E+00,-0.05E+00,+0.05E+00,+0.00E+00,+4.96E+00,-8.74E+00,+3.43E+00,-6.180E+00
2,12/2/2026,10:41:05.522,-0.09E+00,-0.05E+00,+0.05E+00,-0.05E+00,+4.85E+00,-8.76E+00,+3.56E+00,-6.249E+00
2,12/2/2026,10:41:05.522,-0.09E+00,-0.05E+00,+0.05E+00,-0.05E+00,+4.73E+00,-8.79E+00,+3.69E+00,-6.318E+00
2,12/2/2026,10:41:05.522,-0.09E+00,-0.05E+00,+0.05E+00,+0.00E+00,+4.61E+00,-8.79E+00,+3.82E+00,-6.386E+00
2,12/2/2026,10:41:05.522,-0.09E+00,-0.05E+00,+0.05E+00,+0.00E+00,+4.50E+00,-8.81E+00,+3.94E+00,-6.455E+00
2,12/2/2026,10:41:05.522,-0.09E+00,-0.05E+00,+0.05E+00,+0.00E+00,+4.39E+00,-8.82E+00,+4.06E+00,-6.516E+00
2,12/2/2026,10:41:05.522,-0.09E+00,-0.05E+00,+0.05E+00,+0.00E+00,+4.29E+00,-8.82E+00,+4.17E+00,-6.570E+00
2,12/2/2026,10:41:05.522,-0.14E+00,-0.05E+00,+0.05E+00,+0.00E+00,+4.17E+00,-8.84E+00,+4.29E+00,-6.631E+00
2,12/2/2026,10:41:05.522,-0.09E+00,-0.05E+00,+0.05E+00,-0.05E+00,+4.06E+00,-8.84E+00,+4.41E+00,-6.699E+00
2,12/2/2026,10:41:05.522,-0.09E+00,-0.05E+00,+0.05E+00,-0.05E+00,+3.95E+00,-8.85E+00,+4.53E+00,-6.753E+00
2,12/2/2026,10:41:05.522,-0.09E+00,-0.05E+00,+0.05E+00,+0.00E+00,+3.85E+00,-8.85E+00,+4.64E+00,-6.814E+00
2,12/2/2026,10:41:05.522,-0.09E+00,-0.05E+00,+0.05E+00,+0.00E+00,+3.72E+00,-8.85E+00,+4.76E+00,-6.875E+00
2,12/2/2026,10:41:05.522,-0.09E+00,-0.05E+00,+0.05E+00,-0.05E+00,+3.62E+00,-8.87E+00,+4.88E+00,-6.936E+00
2,12/2/2026,10:41:05.522,-0.09E+00,-0.05E+00,+0.05E+00,-0.05E+00,+3.49E+00,-8.87E+00,+5.01E+00,-6.989E+00
2,12/2/2026,10:41:05.522,-0.09E+00,-0.05E+00,+0.05E+00,+0.00E+00,+3.37E+00,-8.85E+00,+5.11E+00,-7.043E+00
2,12/2/2026,10:41:05.522,-0.09E+00,-0.05E+00,+0.05E+00,+0.00E+00,+3.27E+00,-8.87E+00,+5.23E+00,-7.104E+00
2,12/2/2026,10:41:05.522,-0.09E+00,-0.05E+00,+0.05E+00,+0.00E+00,+3.14E+00,-8.87E+00,+5.34E+00,-7.157E+00
2,12/2/2026,10:41:05.522,-0.09E+00,-0.05E+00,+0.05E+00,-0.05E+00,+3.04E+00,-8.85E+00,+5.46E+00,-7.203E+00
2,12/2/2026,10:41:05.522,-0.14E+00,-0.05E+00,+0.05E+00,+0.00E+00,+2.91E+00,-8.85E+00,+5.57E+00,-7.256E+00
2,12/2/2026,10:41:05.522,-0.09E+00,-0.05E+00,+0.05E+00,+0.00E+00,+2.79E+00,-8.84E+00,+5.68E+00,-7.310E+00
2,12/2/2026,10:41:05.522,-0.09E+00,-0.05E+00,+0.05E+00,+0.00E+00,+2.67E+00,-8.82E+00,+5.80E+00,-7.355E+00
2,12/2/2026,10:41:05.523,-0.09E+00,-0.05E+00,+0.05E+00,-0.05E+00,+2.53E+00,-8.81E+00,+5.91E+00,-7.401E+00
2,12/2/2026,10:41:05.523,-0.09E+00,-0.05E+00,+0.05E+00,+0.00E+00,+2.41E+00,-8.79E+00,+6.01E+00,-7.447E+00
2,12/2/2026,10:41:05.523,-0.09E+00,-0.05E+00,+0.05E+00,+0.00E+00,+2.27E+00,-8.76E+00,+6.12E+00,-7.477E+00
2,12/2/2026,10:41:05.523,-0.09E+00,-0.05E+00,+0.05E+00,-0.05E+00,+2.15E+00,-8.73E+00,+6.21E+00,-7.516E+00
2,12/2/2026,10:41:05.523,-0.09E+00,-0.05E+00,+0.05E+00,+0.00E+00,+2.01E+00,-8.70E+00,+6.32E+00,-7.546E+00
2,12/2/2026,10:41:05.523,-0.09E+00,-0.05E+00,+0.05E+00,+0.00E+00,+1.88E+00,-8.65E+00,+6.41E+00,-7.569E+00
2,12/2/2026,10:41:05.523,-0.09E+00,-0.05E+00,+0.05E+00,+0.00E+00,+1.74E+00,-8.61E+00,+6.50E+00,-7.592E+00
2,12/2/2026,10:41:05.523,-0.09E+00,-0.05E+00,+0.05E+00,-0.05E+00,+1.62E+00,-8.56E+00,+6.59E+00,-7.607E+00
2,12/2/2026,10:41:05.523,-0.09E+00,-0.05E+00,+0.05E+00,-0.05E+00,+1.48E+00,-8.52E+00,+6.67E+00,-7.622E+00
2,12/2/2026,10:41:05.523,-0.09E+00,-0.05E+00,+0.05E+00,-0.05E+00,+1.34E+00,-8.47E+00,+6.75E+00,-7.638E+00
2,12/2/2026,10:41:05.523,-0.09E+00,-0.05E+00,+0.05E+00,+0.00E+00,+1.21E+00,-8.41E+00,+6.84E+00,-7.653E+00
2,12/2/2026,10:41:05.523,-0.09E+00,-0.05E+00,+0.05E+00,+0.00E+00,+1.07E+00,-8.36E+00,+6.91E+00,-7.668E+00
2,12/2/2026,10:41:05.523,-0.09E+00,-0.05E+00,+0.05E+00,+0.00E+00,+0.93E+00,-8.30E+00,+6.99E+00,-7.676E+00
2,12/2/2026,10:41:05.523,-0.09E+00,-0.05E+00,+0.05E+00,-0.05E+00,+0.79E+00,-8.24E+00,+7.07E+00,-7.676E+00
2,12/2/2026,10:41:05.523,-0.14E+00,-0.05E+00,+0.05E+00,-0.05E+00,+0.64E+00,-8.18E+00,+7.14E+00,-7.684E+00
2,12/2/2026,10:41:05.523,-0.09E+00,-0.05E+00,+0.05E+00,+0.00E+00,+0.50E+00,-8.10E+00,+7.22E+00,-7.676E+00
2,12/2/2026,10:41:05.523,-0.09E+00,-0.05E+00,+0.05E+00,+0.00E+00,+0.35E+00,-8.03E+00,+7.29E+00,-7.676E+00
2,12/2/2026,10:41:05.523,-0.09E+00,-0.05E+00,+0.05E+00,+0.00E+00,+0.21E+00,-7.95E+00,+7.36E+00,-7.676E+00
2,12/2/2026,10:41:05.523,-0.09E+00,-0.05E+00,+0.05E+00,-0.05E+00,+0.08E+00,-7.87E+00,+7.43E+00,-7.668E+00
2,12/2/2026,10:41:05.523,-0.09E+00,-0.05E+00,+0.05E+00,-0.05E+00,-0.08E+00,-7.80E+00,+7.49E+00,-7.661E+00
2,12/2/2026,10:41:05.524,-0.09E+00,-0.05E+00,+0.05E+00,-0.05E+00,-0.21E+00,-7.72E+00,+7.55E+00,-7.653E+00
2,12/2/2026,10:41:05.524,-0.09E+00,-0.05E+00,+0.05E+00,+0.00E+00,-0.35E+00,-7.65E+00,+7.63E+00,-7.645E+00
2,12/2/2026,10:41:05.524,-0.09E+00,-0.05E+00,+0.05E+00,+0.00E+00,-0.50E+00,-7.55E+00,+7.69E+00,-7.630E+00
2,12/2/2026,10:41:05.524,-0.09E+00,-0.05E+00,+0.00E+00,-0.05E+00,-0.64E+00,-7.48E+00,+7.75E+00,-7.615E+00
2,12/2/2026,10:41:05.524,-0.09E+00,-0.05E+00,+0.05E+00,-0.05E+00,-0.79E+00,-7.39E+00,+7.80E+00,-7.600E+00
2,12/2/2026,10:41:05.524,-0.09E+00,-0.05E+00,+0.05E+00,+0.00E+00,-0.95E+00,-7.29E+00,+7.86E+00,-7.584E+00
2,12/2/2026,10:41:05.524,-0.09E+00,-0.05E+00,+0.05E+00,+0.00E+00,-1.08E+00,-7.22E+00,+7.92E+00,-7.569E+00
2,12/2/2026,10:41:05.524,-0.09E+00,-0.05E+00,+0.05E+00,+0.00E+00,-1.24E+00,-7.13E+00,+7.98E+00,-7.546E+00
2,12/2/2026,10:41:05.524,-0.09E+00,-0.05E+00,+0.05E+00,+0.00E+00,-1.37E+00,-7.03E+00,+8.03E+00,-7.523E+00
2,12/2/2026,10:41:05.524,-0.09E+00,-0.05E+00,+0.05E+00,+0.00E+00,-1.53E+00,-6.93E+00,+8.07E+00,-7.500E+00
2,12/2/2026,10:41:05.524,-0.09E+00,-0.05E+00,+0.05E+00,-0.05E+00,-1.66E+00,-6.84E+00,+8.13E+00,-7.477E+00
2,12/2/2026,10:41:05.524,-0.09E+00,-0.05E+00,+0.05E+00,-0.05E+00,-1.80E+00,-6.75E+00,+8.16E+00,-7.455E+00
2,12/2/2026,10:41:05.524,-0.05E+00,-0.05E+00,+0.05E+00,+0.00E+00,-1.95E+00,-6.65E+00,+8.21E+00,-7.424E+00
2,12/2/2026,10:41:05.524,-0.09E+00,-0.05E+00,+0.05E+00,+0.00E+00,-2.09E+00,-6.56E+00,+8.26E+00,-7.394E+00
2,12/2/2026,10:41:05.524,-0.09E+00,-0.05E+00,+0.05E+00,-0.05E+00,-2.23E+00,-6.46E+00,+8.29E+00,-7.363E+00
2,12/2/2026,10:41:05.524,-0.09E+00,-0.05E+00,+0.05E+00,-0.05E+00,-2.37E+00,-6.35E+00,+8.33E+00,-7.325E+00
2,12/2/2026,10:41:05.524,-0.09E+00,-0.05E+00,+0.05E+00,+0.00E+00,-2.50E+00,-6.24E+00,+8.36E+00,-7.294E+00
2,12/2/2026,10:41:05.524,-0.09E+00,-0.05E+00,+0.05E+00,-0.05E+00,-2.62E+00,-6.15E+00,+8.39E+00,-7.256E+00
2,12/2/2026,10:41:05.524,-0.09E+00,-0.05E+00,+0.05E+00,+0.00E+00,-2.76E+00,-6.04E+00,+8.42E+00,-7.218E+00
2,12/2/2026,10:41:05.524,-0.09E+00,-0.05E+00,+0.05E+00,+0.00E+00,-2.90E+00,-5.94E+00,+8.45E+00,-7.180E+00
2,12/2/2026,10:41:05.525,-0.09E+00,-0.05E+00,+0.05E+00,+0.00E+00,-3.02E+00,-5.83E+00,+8.47E+00,-7.134E+00
2,12/2/2026,10:41:05.525,-0.09E+00,-0.05E+00,+0.05E+00,+0.00E+00,-3.14E+00,-5.72E+00,+8.50E+00,-7.096E+00
2,12/2/2026,10:41:05.525,-0.09E+00,-0.05E+00,+0.05E+00,+0.00E+00,-3.28E+00,-5.62E+00,+8.52E+00,-7.050E+00
2,12/2/2026,10:41:05.525,-0.09E+00,-0.05E+00,+0.05E+00,+0.00E+00,-3.42E+00,-5.51E+00,+8.55E+00,-7.004E+00
2,12/2/2026,10:41:05.525,-0.09E+00,-0.05E+00,+0.05E+00,+0.00E+00,-3.54E+00,-5.40E+00,+8.56E+00,-6.959E+00
2,12/2/2026,10:41:05.525,-0.14E+00,-0.05E+00,+0.05E+00,-0.05E+00,-3.66E+00,-5.30E+00,+8.58E+00,-6.913E+00
2,12/2/2026,10:41:05.525,-0.14E+00,-0.05E+00,+0.05E+00,+0.00E+00,-3.78E+00,-5.17E+00,+8.59E+00,-6.859E+00
2,12/2/2026,10:41:05.525,-0.09E+00,-0.05E+00,+0.05E+00,+0.00E+00,-3.92E+00,-5.07E+00,+8.61E+00,-6.814E+00
2,12/2/2026,10:41:05.525,-0.09E+00,-0.05E+00,+0.05E+00,+0.00E+00,-4.06E+00,-4.96E+00,+8.62E+00,-6.760E+00
2,12/2/2026,10:41:05.525,-0.09E+00,-0.05E+00,+0.05E+00,+0.00E+00,-4.17E+00,-4.84E+00,+8.64E+00,-6.707E+00
2,12/2/2026,10:41:05.525,-0.09E+00,-0.05E+00,+0.05E+00,+0.00E+00,-4.29E+00,-4.73E+00,+8.64E+00,-6.653E+00
2,12/2/2026,10:41:05.525,-0.14E+00,-0.05E+00,+0.05E+00,+0.00E+00,-4.39E+00,-4.62E+00,+8.65E+00,-6.608E+00
2,12/2/2026,10:41:05.525,-0.09E+00,-0.05E+00,+0.05E+00,-0.05E+00,-4.52E+00,-4.52E+00,+8.65E+00,-6.554E+00
2,12/2/2026,10:41:05.525,-0.09E+00,-0.05E+00,+0.05E+00,-0.05E+00,-4.64E+00,-4.41E+00,+8.67E+00,-6.508E+00
2,12/2/2026,10:41:05.525,-0.09E+00,-0.05E+00,+0.00E+00,+0.00E+00,-4.76E+00,-4.30E+00,+8.67E+00,-6.455E+00
2,12/2/2026,10:41:05.525,-0.09E+00,-0.05E+00,+0.05E+00,+0.00E+00,-4.88E+00,-4.18E+00,+8.68E+00,-6.402E+00
2,12/2/2026,10:41:05.525,-0.09E+00,-0.05E+00,+0.05E+00,-0.05E+00,-4.99E+00,-4.07E+00,+8.68E+00,-6.348E+00
2,12/2/2026,10:41:05.525,-0.09E+00,-0.05E+00,+0.05E+00,-0.05E+00,-5.11E+00,-3.95E+00,+8.68E+00,-6.287E+00
2,12/2/2026,10:41:05.525,-0.09E+00,-0.05E+00,+0.05E+00,-0.05E+00,-5.22E+00,-3.85E+00,+8.68E+00,-6.234E+00
2,12/2/2026,10:41:05.525,-0.09E+00,-0.05E+00,+0.05E+00,+0.00E+00,-5.34E+00,-3.74E+00,+8.70E+00,-6.173E+00
2,12/2/2026,10:41:05.526,-0.09E+00,-0.05E+00,+0.05E+00,+0.00E+00,-5.45E+00,-3.62E+00,+8.70E+00,-6.112E+00
2,12/2/2026,10:41:05.526,-0.09E+00,-0.05E+00,+0.05E+00,+0.00E+00,-5.57E+00,-3.49E+00,+8.68E+00,-6.058E+00
2,12/2/2026,10:41:05.526,-0.09E+00,-0.05E+00,+0.05E+00,+0.00E+00,-5.68E+00,-3.37E+00,+8.68E+00,-5.990E+00
2,12/2/2026,10:41:05.526,-0.09E+00,-0.05E+00,+0.05E+00,+0.00E+00,-5.80E+00,-3.25E+00,+8.68E+00,-5.929E+00
2,12/2/2026,10:41:05.526,-0.09E+00,-0.05E+00,+0.05E+00,-0.05E+00,-5.92E+00,-3.13E+00,+8.68E+00,-5.860E+00
2,12/2/2026,10:41:05.526,-0.09E+00,-0.05E+00,+0.05E+00,+0.00E+00,-6.03E+00,-3.01E+00,+8.68E+00,-5.799E+00
2,12/2/2026,10:41:05.526,-0.09E+00,-0.05E+00,+0.05E+00,+0.00E+00,-6.15E+00,-2.88E+00,+8.67E+00,-5.738E+00
2,12/2/2026,10:41:05.526,-0.09E+00,-0.05E+00,+0.05E+00,+0.00E+00,-6.27E+00,-2.76E+00,+8.65E+00,-5.669E+00
2,12/2/2026,10:41:05.526,-0.09E+00,-0.05E+00,+0.05E+00,+0.00E+00,-6.38E+00,-2.66E+00,+8.64E+00,-5.600E+00
2,12/2/2026,10:41:05.526,-0.09E+00,-0.05E+00,+0.05E+00,-0.05E+00,-6.49E+00,-2.53E+00,+8.64E+00,-5.532E+00
2,12/2/2026,10:41:05.526,-0.09E+00,-0.05E+00,+0.05E+00,+0.00E+00,-6.59E+00,-2.40E+00,+8.61E+00,-5.456E+00
2,12/2/2026,10:41:05.526,-0.09E+00,-0.05E+00,+0.05E+00,+0.00E+00,-6.68E+00,-2.27E+00,+8.59E+00,-5.387E+00
2,12/2/2026,10:41:05.526,-0.09E+00,-0.05E+00,+0.00E+00,-0.05E+00,-6.78E+00,-2.15E+00,+8.56E+00,-5.303E+00
2,12/2/2026,10:41:05.526,-0.14E+00,-0.05E+00,+0.05E+00,-0.05E+00,-6.87E+00,-2.01E+00,+8.52E+00,-5.211E+00
2,12/2/2026,10:41:05.526,-0.09E+00,-0.05E+00,+0.05E+00,+0.00E+00,-6.96E+00,-1.88E+00,+8.47E+00,-5.120E+00
2,12/2/2026,10:41:05.526,-0.09E+00,-0.05E+00,+0.05E+00,-0.05E+00,-7.05E+00,-1.74E+00,+8.41E+00,-5.021E+00
2,12/2/2026,10:41:05.526,-0.09E+00,-0.05E+00,+0.05E+00,+0.00E+00,-7.14E+00,-1.59E+00,+8.35E+00,-4.921E+00
2,12/2/2026,10:41:05.526,-0.09E+00,-0.05E+00,+0.05E+00,+0.00E+00,-7.22E+00,-1.45E+00,+8.29E+00,-4.815E+00
2,12/2/2026,10:41:05.526,-0.09E+00,-0.05E+00,+0.05E+00,-0.05E+00,-7.29E+00,-1.30E+00,+8.23E+00,-4.708E+00
2,12/2/2026,10:41:05.526,-0.09E+00,-0.05E+00,+0.05E+00,-0.05E+00,-7.37E+00,-1.16E+00,+8.16E+00,-4.609E+00
2,12/2/2026,10:41:05.527,-0.09E+00,-0.05E+00,+0.00E+00,-0.05E+00,-7.45E+00,-1.02E+00,+8.09E+00,-4.509E+00
2,12/2/2026,10:41:05.527,-0.09E+00,-0.05E+00,+0.05E+00,-0.05E+00,-7.52E+00,-0.89E+00,+8.04E+00,-4.403E+00
2,12/2/2026,10:41:05.527,-0.09E+00,-0.05E+00,+0.05E+00,-0.05E+00,-7.58E+00,-0.75E+00,+7.97E+00,-4.303E+00
2,12/2/2026,10:41:05.527,-0.09E+00,-0.05E+00,+0.05E+00,-0.05E+00,-7.66E+00,-0.61E+00,+7.89E+00,-4.197E+00
2,12/2/2026,10:41:05.527,-0.09E+00,-0.05E+00,+0.05E+00,+0.00E+00,-7.74E+00,-0.47E+00,+7.83E+00,-4.090E+00
2,12/2/2026,10:41:05.527,-0.09E+00,-0.05E+00,+0.05E+00,+0.00E+00,-7.80E+00,-0.34E+00,+7.77E+00,-3.991E+00
2,12/2/2026,10:41:05.527,-0.09E+00,-0.05E+00,+0.05E+00,+0.00E+00,-7.86E+00,-0.20E+00,+7.69E+00,-3.884E+00
2,12/2/2026,10:41:05.527,-0.09E+00,-0.05E+00,+0.05E+00,+0.00E+00,-7.92E+00,-0.06E+00,+7.61E+00,-3.777E+00
2,12/2/2026,10:41:05.527,-0.09E+00,-0.05E+00,+0.05E+00,-0.05E+00,-7.98E+00,+0.08E+00,+7.54E+00,-3.670E+00
2,12/2/2026,10:41:05.527,-0.09E+00,-0.05E+00,+0.05E+00,-0.05E+00,-8.03E+00,+0.21E+00,+7.45E+00,-3.563E+00
2,12/2/2026,10:41:05.527,-0.09E+00,-0.05E+00,+0.05E+00,+0.00E+00,-8.07E+00,+0.35E+00,+7.36E+00,-3.449E+00
2,12/2/2026,10:41:05.527,-0.09E+00,-0.05E+00,+0.05E+00,+0.00E+00,-8.13E+00,+0.49E+00,+7.28E+00,-3.334E+00
2,12/2/2026,10:41:05.527,-0.09E+00,-0.05E+00,+0.05E+00,+0.00E+00,-8.18E+00,+0.63E+00,+7.17E+00,-3.212E+00
2,12/2/2026,10:41:05.527,-0.09E+00,-0.05E+00,+0.05E+00,-0.05E+00,-8.23E+00,+0.78E+00,+7.07E+00,-3.090E+00
2,12/2/2026,10:41:05.527,-0.14E+00,-0.05E+00,+0.05E+00,-0.05E+00,-8.27E+00,+0.93E+00,+6.97E+00,-2.968E+00
2,12/2/2026,10:41:05.527,-0.09E+00,-0.05E+00,+0.05E+00,+0.00E+00,-8.32E+00,+1.07E+00,+6.87E+00,-2.846E+00
2,12/2/2026,10:41:05.527,-0.09E+00,-0.05E+00,+0.05E+00,-0.05E+00,-8.35E+00,+1.22E+00,+6.76E+00,-2.724E+00
2,12/2/2026,10:41:05.527,-0.09E+00,-0.05E+00,+0.05E+00,+0.00E+00,-8.39E+00,+1.37E+00,+6.67E+00,-2.602E+00
2,12/2/2026,10:41:05.527,-0.09E+00,-0.05E+00,+0.05E+00,+0.00E+00,-8.44E+00,+1.51E+00,+6.58E+00,-2.480E+00
2,12/2/2026,10:41:05.527,-0.09E+00,-0.05E+00,+0.05E+00,+0.00E+00,-8.48E+00,+1.65E+00,+6.47E+00,-2.358E+00
2,12/2/2026,10:41:05.528,-0.09E+00,-0.05E+00,+0.00E+00,-0.05E+00,-8.52E+00,+1.79E+00,+6.36E+00,-2.236E+00
2,12/2/2026,10:41:05.528,-0.09E+00,-0.05E+00,+0.05E+00,-0.05E+00,-8.56E+00,+1.94E+00,+6.26E+00,-2.114E+00
2,12/2/2026,10:41:05.528,-0.09E+00,-0.05E+00,+0.05E+00,+0.00E+00,-8.59E+00,+2.08E+00,+6.17E+00,-1.991E+00
2,12/2/2026,10:41:05.528,-0.09E+00,-0.05E+00,+0.05E+00,+0.00E+00,-8.64E+00,+2.21E+00,+6.06E+00,-1.869E+00
2,12/2/2026,10:41:05.528,-0.09E+00,-0.05E+00,+0.05E+00,-0.05E+00,-8.67E+00,+2.35E+00,+5.95E+00,-1.747E+00
2,12/2/2026,10:41:05.528,-0.09E+00,-0.05E+00,+0.05E+00,-0.05E+00,-8.70E+00,+2.49E+00,+5.84E+00,-1.625E+00
2,12/2/2026,10:41:05.528,-0.09E+00,-0.05E+00,+0.05E+00,-0.05E+00,-8.71E+00,+2.62E+00,+5.74E+00,-1.503E+00
2,12/2/2026,10:41:05.528,-0.09E+00,-0.05E+00,+0.00E+00,+0.00E+00,-8.74E+00,+2.76E+00,+5.63E+00,-1.381E+00
2,12/2/2026,10:41:05.528,-0.09E+00,-0.05E+00,+0.05E+00,+0.00E+00,-8.76E+00,+2.88E+00,+5.52E+00,-1.259E+00
2,12/2/2026,10:41:05.528,-0.09E+00,-0.05E+00,+0.05E+00,+0.00E+00,-8.79E+00,+3.02E+00,+5.40E+00,-1.137E+00
2,12/2/2026,10:41:05.528,-0.09E+00,-0.05E+00,+0.05E+00,-0.05E+00,-8.81E+00,+3.14E+00,+5.30E+00,-1.022E+00
2,12/2/2026,10:41:05.528,-0.09E+00,-0.05E+00,+0.05E+00,-0.05E+00,-8.82E+00,+3.28E+00,+5.17E+00,-0.900E+00
2,12/2/2026,10:41:05.528,-0.09E+00,-0.05E+00,+0.05E+00,+0.00E+00,-8.84E+00,+3.40E+00,+5.07E+00,-0.778E+00
2,12/2/2026,10:41:05.528,-0.09E+00,-0.05E+00,+0.05E+00,-0.05E+00,-8.84E+00,+3.53E+00,+4.94E+00,-0.656E+00
2,12/2/2026,10:41:05.528,-0.09E+00,-0.05E+00,+0.05E+00,-0.05E+00,-8.85E+00,+3.66E+00,+4.84E+00,-0.542E+00
2,12/2/2026,10:41:05.528,-0.09E+00,-0.05E+00,+0.05E+00,+0.00E+00,-8.87E+00,+3.78E+00,+4.72E+00,-0.420E+00
2,12/2/2026,10:41:05.528,-0.09E+00,-0.05E+00,+0.05E+00,+0.00E+00,-8.88E+00,+3.91E+00,+4.61E+00,-0.305E+00
2,12/2/2026,10:41:05.528,-0.09E+00,-0.05E+00,+0.05E+00,-0.05E+00,-8.88E+00,+4.01E+00,+4.50E+00,-0.191E+00
2,12/2/2026,10:41:05.528,-0.09E+00,-0.05E+00,+0.05E+00,+0.00E+00,-8.88E+00,+4.14E+00,+4.39E+00,-0.076E+00
2,12/2/2026,10:41:05.528,-0.09E+00,-0.05E+00,+0.05E+00,+0.00E+00,-8.90E+00,+4.24E+00,+4.29E+00,+0.031E+00
2,12/2/2026,10:41:05.529,-0.09E+00,-0.05E+00,+0.05E+00,-0.05E+00,-8.90E+00,+4.36E+00,+4.17E+00,+0.145E+00
2,12/2/2026,10:41:05.529,-0.14E+00,-0.05E+00,+0.05E+00,-0.05E+00,-8.90E+00,+4.49E+00,+4.06E+00,+0.259E+00
2,12/2/2026,10:41:05.529,-0.14E+00,-0.05E+00,+0.05E+00,+0.00E+00,-8.91E+00,+4.59E+00,+3.94E+00,+0.382E+00
2,12/2/2026,10:41:05.529,-0.09E+00,-0.05E+00,+0.05E+00,+0.00E+00,-8.90E+00,+4.72E+00,+3.83E+00,+0.488E+00
2,12/2/2026,10:41:05.529,-0.09E+00,-0.05E+00,+0.05E+00,+0.00E+00,-8.90E+00,+4.84E+00,+3.71E+00,+0.603E+00
2,12/2/2026,10:41:05.529,-0.09E+00,-0.05E+00,+0.05E+00,+0.00E+00,-8.90E+00,+4.94E+00,+3.59E+00,+0.725E+00
2,12/2/2026,10:41:05.529,-0.09E+00,-0.05E+00,+0.05E+00,+0.00E+00,-8.90E+00,+5.07E+00,+3.48E+00,+0.839E+00
2,12/2/2026,10:41:05.529,-0.09E+00,-0.05E+00,+0.05E+00,-0.05E+00,-8.90E+00,+5.17E+00,+3.36E+00,+0.954E+00
2,12/2/2026,10:41:05.529,-0.09E+00,-0.09E+00,+0.05E+00,-0.05E+00,-8.90E+00,+5.28E+00,+3.24E+00,+1.068E+00
2,12/2/2026,10:41:05.529,-0.09E+00,-0.05E+00,+0.05E+00,+0.00E+00,-8.88E+00,+5.40E+00,+3.11E+00,+1.183E+00
2,12/2/2026,10:41:05.529,-0.09E+00,-0.05E+00,+0.05E+00,+0.00E+00,-8.87E+00,+5.51E+00,+2.99E+00,+1.297E+00
2,12/2/2026,10:41:05.529,-0.09E+00,-0.05E+00,+0.05E+00,+0.00E+00,-8.85E+00,+5.62E+00,+2.88E+00,+1.419E+00
2,12/2/2026,10:41:05.529,-0.14E+00,-0.05E+00,+0.05E+00,-0.05E+00,-8.84E+00,+5.74E+00,+2.75E+00,+1.534E+00
2,12/2/2026,10:41:05.529,-0.09E+00,-0.05E+00,+0.05E+00,-0.05E+00,-8.82E+00,+5.84E+00,+2.61E+00,+1.656E+00
2,12/2/2026,10:41:05.529,-0.09E+00,-0.05E+00,+0.05E+00,-0.05E+00,-8.79E+00,+5.95E+00,+2.49E+00,+1.778E+00
2,12/2/2026,10:41:05.529,-0.09E+00,-0.05E+00,+0.05E+00,+0.00E+00,-8.76E+00,+6.06E+00,+2.35E+00,+1.892E+00
2,12/2/2026,10:41:05.529,-0.09E+00,-0.05E+00,+0.05E+00,+0.00E+00,-8.73E+00,+6.17E+00,+2.21E+00,+2.007E+00
2,12/2/2026,10:41:05.529,-0.09E+00,-0.05E+00,+0.05E+00,+0.00E+00,-8.70E+00,+6.26E+00,+2.09E+00,+2.129E+00
2,12/2/2026,10:41:05.529,-0.09E+00,-0.05E+00,+0.05E+00,-0.05E+00,-8.67E+00,+6.36E+00,+1.95E+00,+2.243E+00
2,12/2/2026,10:41:05.529,-0.09E+00,-0.05E+00,+0.05E+00,+0.00E+00,-8.62E+00,+6.46E+00,+1.82E+00,+2.350E+00
2,12/2/2026,10:41:05.530,-0.09E+00,-0.05E+00,+0.05E+00,+0.00E+00,-8.59E+00,+6.55E+00,+1.68E+00,+2.457E+00
2,12/2/2026,10:41:05.530,-0.09E+00,-0.05E+00,+0.05E+00,-0.05E+00,-8.55E+00,+6.62E+00,+1.56E+00,+2.571E+00
2,12/2/2026,10:41:05.530,-0.09E+00,-0.05E+00,+0.05E+00,-0.05E+00,-8.50E+00,+6.71E+00,+1.42E+00,+2.686E+00
2,12/2/2026,10:41:05.530,-0.09E+00,-0.05E+00,+0.05E+00,+0.00E+00,-8.45E+00,+6.81E+00,+1.28E+00,+2.785E+00
2,12/2/2026,10:41:05.530,-0.09E+00,-0.05E+00,+0.05E+00,+0.00E+00,-8.41E+00,+6.88E+00,+1.14E+00,+2.899E+00
2,12/2/2026,10:41:05.530,-0.09E+00,-0.05E+00,+0.05E+00,+0.00E+00,-8.35E+00,+6.97E+00,+1.01E+00,+3.014E+00
2,12/2/2026,10:41:05.530,-0.09E+00,-0.05E+00,+0.05E+00,+0.00E+00,-8.27E+00,+7.05E+00,+0.87E+00,+3.113E+00
2,12/2/2026,10:41:05.530,-0.09E+00,-0.05E+00,+0.05E+00,+0.00E+00,-8.21E+00,+7.13E+00,+0.72E+00,+3.220E+00
2,12/2/2026,10:41:05.530,-0.09E+00,-0.05E+00,+0.05E+00,-0.05E+00,-8.15E+00,+7.20E+00,+0.58E+00,+3.334E+00
2,12/2/2026,10:41:05.530,-0.09E+00,-0.05E+00,+0.05E+00,-0.05E+00,-8.07E+00,+7.28E+00,+0.43E+00,+3.441E+00
2,12/2/2026,10:41:05.530,-0.09E+00,-0.05E+00,+0.05E+00,+0.00E+00,-8.01E+00,+7.34E+00,+0.29E+00,+3.556E+00
2,12/2/2026,10:41:05.530,-0.09E+00,-0.05E+00,+0.05E+00,+0.00E+00,-7.94E+00,+7.42E+00,+0.15E+00,+3.655E+00
2,12/2/2026,10:41:05.530,-0.09E+00,-0.05E+00,+0.05E+00,+0.00E+00,-7.86E+00,+7.49E+00,+0.00E+00,+3.754E+00
2,12/2/2026,10:41:05.530,-0.09E+00,-0.05E+00,+0.05E+00,+0.00E+00,-7.77E+00,+7.55E+00,-0.14E+00,+3.861E+00
2,12/2/2026,10:41:05.530,-0.09E+00,-0.05E+00,+0.05E+00,+0.00E+00,-7.69E+00,+7.61E+00,-0.27E+00,+3.960E+00
2,12/2/2026,10:41:05.530,-0.09E+00,-0.05E+00,+0.05E+00,-0.05E+00,-7.61E+00,+7.68E+00,-0.43E+00,+4.059E+00
2,12/2/2026,10:41:05.530,-0.09E+00,-0.05E+00,+0.05E+00,-0.05E+00,-7.52E+00,+7.74E+00,-0.56E+00,+4.166E+00
2,12/2/2026,10:41:05.530,-0.09E+00,-0.05E+00,+0.05E+00,+0.00E+00,-7.43E+00,+7.80E+00,-0.72E+00,+4.258E+00
2,12/2/2026,10:41:05.530,-0.09E+00,-0.05E+00,+0.05E+00,+0.00E+00,-7.36E+00,+7.84E+00,-0.85E+00,+4.357E+00
2,12/2/2026,10:41:05.530,-0.09E+00,-0.05E+00,+0.05E+00,+0.00E+00,-7.26E+00,+7.89E+00,-1.01E+00,+4.456E+00
2,12/2/2026,10:41:05.531,-0.09E+00,-0.05E+00,+0.05E+00,+0.00E+00,-7.17E+00,+7.95E+00,-1.16E+00,+4.555E+00
2,12/2/2026,10:41:05.531,-0.09E+00,-0.05E+00,+0.05E+00,+0.00E+00,-7.07E+00,+8.00E+00,-1.30E+00,+4.654E+00
2,12/2/2026,10:41:05.531,-0.09E+00,-0.05E+00,+0.05E+00,+0.00E+00,-6.97E+00,+8.06E+00,-1.43E+00,+4.746E+00
2,12/2/2026,10:41:05.531,-0.09E+00,-0.05E+00,+0.05E+00,+0.00E+00,-6.88E+00,+8.10E+00,-1.57E+00,+4.837E+00
2,12/2/2026,10:41:05.531,-0.09E+00,-0.05E+00,+0.05E+00,-0.05E+00,-6.78E+00,+8.15E+00,-1.72E+00,+4.929E+00
2,12/2/2026,10:41:05.531,-0.09E+00,-0.05E+00,+0.05E+00,-0.05E+00,-6.68E+00,+8.18E+00,-1.86E+00,+5.021E+00
2,12/2/2026,10:41:05.531,-0.09E+00,-0.05E+00,+0.05E+00,-0.05E+00,-6.58E+00,+8.23E+00,-2.01E+00,+5.112E+00
2,12/2/2026,10:41:05.531,-0.09E+00,-0.05E+00,+0.05E+00,-0.05E+00,-6.49E+00,+8.27E+00,-2.14E+00,+5.196E+00
2,12/2/2026,10:41:05.531,-0.09E+00,-0.05E+00,+0.05E+00,+0.00E+00,-6.38E+00,+8.30E+00,-2.29E+00,+5.288E+00
2,12/2/2026,10:41:05.531,-0.09E+00,-0.05E+00,+0.05E+00,+0.00E+00,-6.27E+00,+8.35E+00,-2.43E+00,+5.372E+00
2,12/2/2026,10:41:05.531,-0.14E+00,-0.09E+00,+0.05E+00,-0.05E+00,-6.17E+00,+8.38E+00,-2.56E+00,+5.456E+00
2,12/2/2026,10:41:05.531,-0.09E+00,-0.05E+00,+0.05E+00,-0.05E+00,-6.06E+00,+8.39E+00,-2.70E+00,+5.547E+00
2,12/2/2026,10:41:05.531,-0.09E+00,-0.05E+00,+0.05E+00,-0.05E+00,-5.95E+00,+8.44E+00,-2.84E+00,+5.623E+00
2,12/2/2026,10:41:05.531,-0.09E+00,-0.05E+00,+0.05E+00,+0.00E+00,-5.84E+00,+8.47E+00,-2.99E+00,+5.707E+00
2,12/2/2026,10:41:05.531,-0.09E+00,-0.05E+00,+0.05E+00,+0.00E+00,-5.74E+00,+8.48E+00,-3.13E+00,+5.784E+00
2,12/2/2026,10:41:05.531,-0.09E+00,-0.05E+00,+0.05E+00,-0.05E+00,-5.63E+00,+8.52E+00,-3.25E+00,+5.868E+00
2,12/2/2026,10:41:05.531,-0.14E+00,-0.05E+00,+0.05E+00,+0.00E+00,-5.52E+00,+8.55E+00,-3.39E+00,+5.944E+00
2,12/2/2026,10:41:05.531,-0.09E+00,-0.05E+00,+0.05E+00,-0.05E+00,-5.42E+00,+8.56E+00,-3.51E+00,+6.020E+00
2,12/2/2026,10:41:05.531,-0.09E+00,-0.05E+00,+0.00E+00,+0.00E+00,-5.31E+00,+8.59E+00,-3.65E+00,+6.096E+00
2,12/2/2026,10:41:05.531,-0.09E+00,-0.05E+00,+0.05E+00,+0.00E+00,-5.20E+00,+8.61E+00,-3.77E+00,+6.165E+00
2,12/2/2026,10:41:05.532,-0.09E+00,-0.05E+00,+0.05E+00,-0.05E+00,-5.10E+00,+8.62E+00,-3.91E+00,+6.241E+00
2,12/2/2026,10:41:05.532,-0.09E+00,-0.05E+00,+0.05E+00,-0.05E+00,-4.97E+00,+8.64E+00,-4.03E+00,+6.310E+00
2,12/2/2026,10:41:05.532,-0.09E+00,-0.05E+00,+0.05E+00,-0.05E+00,-4.87E+00,+8.65E+00,-4.15E+00,+6.379E+00
2,12/2/2026,10:41:05.532,-0.09E+00,-0.05E+00,+0.05E+00,-0.05E+00,-4.75E+00,+8.67E+00,-4.27E+00,+6.440E+00
2,12/2/2026,10:41:05.532,-0.09E+00,-0.05E+00,+0.05E+00,+0.00E+00,-4.64E+00,+8.68E+00,-4.39E+00,+6.501E+00
2,12/2/2026,10:41:05.532,-0.09E+00,-0.05E+00,+0.05E+00,+0.00E+00,-4.53E+00,+8.68E+00,-4.52E+00,+6.562E+00
2,12/2/2026,10:41:05.532,-0.09E+00,-0.05E+00,+0.05E+00,+0.00E+00,-4.43E+00,+8.68E+00,-4.64E+00,+6.623E+00
2,12/2/2026,10:41:05.532,-0.09E+00,-0.05E+00,+0.05E+00,-0.05E+00,-4.30E+00,+8.70E+00,-4.75E+00,+6.684E+00
2,12/2/2026,10:41:05.532,-0.09E+00,-0.05E+00,+0.05E+00,-0.05E+00,-4.20E+00,+8.70E+00,-4.87E+00,+6.745E+00
2,12/2/2026,10:41:05.532,-0.09E+00,-0.05E+00,+0.05E+00,+0.00E+00,-4.07E+00,+8.71E+00,-4.99E+00,+6.806E+00
2,12/2/2026,10:41:05.532,-0.09E+00,-0.05E+00,+0.05E+00,+0.00E+00,-3.97E+00,+8.71E+00,-5.10E+00,+6.859E+00
2,12/2/2026,10:41:05.532,-0.09E+00,-0.05E+00,+0.05E+00,-0.05E+00,-3.86E+00,+8.71E+00,-5.22E+00,+6.920E+00
2,12/2/2026,10:41:05.532,-0.09E+00,-0.05E+00,+0.05E+00,-0.05E+00,-3.74E+00,+8.71E+00,-5.34E+00,+6.982E+00
2,12/2/2026,10:41:05.532,-0.14E+00,-0.05E+00,+0.05E+00,-0.05E+00,-3.63E+00,+8.71E+00,-5.46E+00,+7.035E+00
2,12/2/2026,10:41:05.532,-0.09E+00,-0.05E+00,+0.05E+00,-0.05E+00,-3.51E+00,+8.71E+00,-5.57E+00,+7.088E+00
2,12/2/2026,10:41:05.532,-0.09E+00,-0.05E+00,+0.05E+00,+0.00E+00,-3.39E+00,+8.71E+00,-5.68E+00,+7.142E+00
2,12/2/2026,10:41:05.532,-0.09E+00,-0.05E+00,+0.05E+00,+0.00E+00,-3.28E+00,+8.71E+00,-5.78E+00,+7.195E+00
2,12/2/2026,10:41:05.532,-0.09E+00,-0.05E+00,+0.05E+00,-0.05E+00,-3.16E+00,+8.70E+00,-5.91E+00,+7.241E+00
2,12/2/2026,10:41:05.532,-0.09E+00,-0.05E+00,+0.05E+00,-0.05E+00,-3.04E+00,+8.70E+00,-6.01E+00,+7.287E+00
2,12/2/2026,10:41:05.532,-0.09E+00,-0.05E+00,+0.05E+00,+0.00E+00,-2.91E+00,+8.68E+00,-6.13E+00,+7.340E+00
2,12/2/2026,10:41:05.533,-0.09E+00,-0.05E+00,+0.00E+00,-0.05E+00,-2.78E+00,+8.65E+00,-6.24E+00,+7.394E+00
2,12/2/2026,10:41:05.533,-0.09E+00,-0.05E+00,+0.05E+00,-0.05E+00,-2.64E+00,+8.64E+00,-6.35E+00,+7.432E+00
2,12/2/2026,10:41:05.533,-0.09E+00,-0.05E+00,+0.05E+00,+0.00E+00,-2.52E+00,+8.61E+00,-6.46E+00,+7.462E+00
2,12/2/2026,10:41:05.533,-0.09E+00,-0.05E+00,+0.05E+00,-0.05E+00,-2.40E+00,+8.58E+00,-6.56E+00,+7.500E+00
2,12/2/2026,10:41:05.533,-0.09E+00,-0.05E+00,+0.05E+00,-0.05E+00,-2.26E+00,+8.55E+00,-6.65E+00,+7.523E+00
2,12/2/2026,10:41:05.533,-0.09E+00,-0.05E+00,+0.05E+00,-0.05E+00,-2.12E+00,+8.50E+00,-6.75E+00,+7.554E+00
2,12/2/2026,10:41:05.533,-0.09E+00,-0.05E+00,+0.05E+00,+0.00E+00,-1.98E+00,+8.47E+00,-6.84E+00,+7.577E+00
2,12/2/2026,10:41:05.533,-0.09E+00,-0.05E+00,+0.05E+00,-0.05E+00,-1.86E+00,+8.41E+00,-6.93E+00,+7.592E+00
2,12/2/2026,10:41:05.533,-0.09E+00,-0.05E+00,+0.05E+00,+0.00E+00,-1.72E+00,+8.36E+00,-7.00E+00,+7.607E+00
2,12/2/2026,10:41:05.533,-0.09E+00,-0.05E+00,+0.05E+00,+0.00E+00,-1.59E+00,+8.32E+00,-7.08E+00,+7.622E+00
2,12/2/2026,10:41:05.533,-0.09E+00,-0.05E+00,+0.05E+00,-0.05E+00,-1.46E+00,+8.26E+00,-7.16E+00,+7.638E+00
2,12/2/2026,10:41:05.533,-0.09E+00,-0.05E+00,+0.05E+00,-0.05E+00,-1.31E+00,+8.21E+00,-7.25E+00,+7.645E+00
2,12/2/2026,10:41:05.533,-0.09E+00,-0.05E+00,+0.05E+00,+0.00E+00,-1.18E+00,+8.15E+00,-7.32E+00,+7.653E+00
2,12/2/2026,10:41:05.533,-0.14E+00,-0.05E+00,+0.05E+00,-0.05E+00,-1.05E+00,+8.09E+00,-7.40E+00,+7.653E+00
2,12/2/2026,10:41:05.533,-0.09E+00,-0.05E+00,+0.05E+00,-0.05E+00,-0.90E+00,+8.01E+00,-7.48E+00,+7.653E+00
2,12/2/2026,10:41:05.533,-0.09E+00,-0.05E+00,+0.05E+00,+0.00E+00,-0.75E+00,+7.94E+00,-7.55E+00,+7.653E+00
2,12/2/2026,10:41:05.533,-0.09E+00,-0.05E+00,+0.05E+00,+0.00E+00,-0.61E+00,+7.87E+00,-7.61E+00,+7.653E+00
2,12/2/2026,10:41:05.533,-0.09E+00,-0.05E+00,+0.05E+00,+0.00E+00,-0.46E+00,+7.80E+00,-7.69E+00,+7.653E+00
2,12/2/2026,10:41:05.533,-0.09E+00,-0.05E+00,+0.05E+00,-0.05E+00,-0.32E+00,+7.72E+00,-7.75E+00,+7.645E+00
2,12/2/2026,10:41:05.533,-0.09E+00,-0.05E+00,+0.05E+00,-0.05E+00,-0.18E+00,+7.65E+00,-7.83E+00,+7.638E+00
2,12/2/2026,10:41:05.534,-0.09E+00,-0.05E+00,+0.00E+00,-0.05E+00,-0.05E+00,+7.57E+00,-7.89E+00,+7.630E+00
2,12/2/2026,10:41:05.534,-0.09E+00,-0.05E+00,+0.05E+00,+0.00E+00,+0.11E+00,+7.48E+00,-7.95E+00,+7.615E+00
2,12/2/2026,10:41:05.534,-0.09E+00,-0.05E+00,+0.05E+00,+0.00E+00,+0.24E+00,+7.40E+00,-8.01E+00,+7.607E+00
2,12/2/2026,10:41:05.534,-0.09E+00,-0.05E+00,+0.05E+00,-0.05E+00,+0.40E+00,+7.32E+00,-8.07E+00,+7.600E+00
2,12/2/2026,10:41:05.534,-0.09E+00,-0.05E+00,+0.05E+00,-0.05E+00,+0.53E+00,+7.23E+00,-8.13E+00,+7.577E+00
2,12/2/2026,10:41:05.534,-0.09E+00,-0.05E+00,+0.05E+00,-0.05E+00,+0.69E+00,+7.16E+00,-8.19E+00,+7.561E+00
2,12/2/2026,10:41:05.534,-0.09E+00,-0.05E+00,+0.05E+00,-0.05E+00,+0.84E+00,+7.05E+00,-8.26E+00,+7.546E+00
2,12/2/2026,10:41:05.534,-0.09E+00,-0.05E+00,+0.00E+00,+0.00E+00,+0.98E+00,+6.96E+00,-8.30E+00,+7.523E+00
2,12/2/2026,10:41:05.534,-0.09E+00,-0.05E+00,+0.05E+00,+0.00E+00,+1.11E+00,+6.87E+00,-8.35E+00,+7.500E+00
2,12/2/2026,10:41:05.534,-0.14E+00,-0.05E+00,+0.05E+00,-0.05E+00,+1.27E+00,+6.78E+00,-8.41E+00,+7.477E+00
2,12/2/2026,10:41:05.534,-0.14E+00,-0.05E+00,+0.05E+00,-0.05E+00,+1.40E+00,+6.68E+00,-8.45E+00,+7.455E+00
2,12/2/2026,10:41:05.534,-0.09E+00,-0.05E+00,+0.05E+00,+0.00E+00,+1.56E+00,+6.58E+00,-8.50E+00,+7.432E+00
2,12/2/2026,10:41:05.534,-0.09E+00,-0.05E+00,+0.05E+00,+0.00E+00,+1.69E+00,+6.50E+00,-8.55E+00,+7.401E+00
2,12/2/2026,10:41:05.534,-0.09E+00,-0.05E+00,+0.05E+00,+0.00E+00,+1.83E+00,+6.39E+00,-8.58E+00,+7.371E+00
2,12/2/2026,10:41:05.534,-0.09E+00,-0.05E+00,+0.05E+00,-0.05E+00,+1.97E+00,+6.29E+00,-8.61E+00,+7.340E+00
2,12/2/2026,10:41:05.534,-0.09E+00,-0.05E+00,+0.05E+00,-0.05E+00,+2.11E+00,+6.20E+00,-8.65E+00,+7.302E+00
2,12/2/2026,10:41:05.534,-0.09E+00,-0.05E+00,+0.05E+00,-0.05E+00,+2.23E+00,+6.09E+00,-8.68E+00,+7.271E+00
2,12/2/2026,10:41:05.534,-0.09E+00,-0.05E+00,+0.05E+00,+0.00E+00,+2.37E+00,+6.00E+00,-8.71E+00,+7.233E+00
2,12/2/2026,10:41:05.534,-0.09E+00,-0.05E+00,+0.05E+00,+0.00E+00,+2.50E+00,+5.89E+00,-8.76E+00,+7.195E+00
2,12/2/2026,10:41:05.534,-0.09E+00,-0.05E+00,+0.05E+00,-0.05E+00,+2.64E+00,+5.78E+00,-8.77E+00,+7.157E+00
2,12/2/2026,10:41:05.535,-0.09E+00,-0.05E+00,+0.05E+00,-0.05E+00,+2.76E+00,+5.68E+00,-8.81E+00,+7.119E+00
2,12/2/2026,10:41:05.535,-0.09E+00,-0.05E+00,+0.05E+00,-0.05E+00,+2.90E+00,+5.57E+00,-8.82E+00,+7.073E+00
2,12/2/2026,10:41:05.535,-0.09E+00,-0.05E+00,+0.05E+00,+0.00E+00,+3.04E+00,+5.46E+00,-8.85E+00,+7.027E+00
2,12/2/2026,10:41:05.535,-0.09E+00,-0.05E+00,+0.05E+00,+0.00E+00,+3.16E+00,+5.36E+00,-8.87E+00,+6.982E+00
2,12/2/2026,10:41:05.535,-0.09E+00,-0.05E+00,+0.05E+00,+0.00E+00,+3.28E+00,+5.25E+00,-8.88E+00,+6.936E+00
2,12/2/2026,10:41:05.535,-0.09E+00,-0.05E+00,+0.05E+00,+0.00E+00,+3.42E+00,+5.14E+00,-8.90E+00,+6.882E+00
2,12/2/2026,10:41:05.535,-0.09E+00,-0.05E+00,+0.05E+00,-0.05E+00,+3.54E+00,+5.02E+00,-8.91E+00,+6.837E+00
2,12/2/2026,10:41:05.535,-0.09E+00,-0.05E+00,+0.05E+00,-0.05E+00,+3.66E+00,+4.91E+00,-8.93E+00,+6.783E+00
2,12/2/2026,10:41:05.535,-0.09E+00,-0.05E+00,+0.05E+00,+0.00E+00,+3.78E+00,+4.79E+00,-8.94E+00,+6.730E+00
2,12/2/2026,10:41:05.535,-0.09E+00,-0.05E+00,+0.05E+00,+0.00E+00,+3.91E+00,+4.68E+00,-8.94E+00,+6.684E+00
2,12/2/2026,10:41:05.535,-0.09E+00,-0.05E+00,+0.05E+00,+0.00E+00,+4.03E+00,+4.58E+00,-8.96E+00,+6.638E+00
2,12/2/2026,10:41:05.535,-0.14E+00,-0.05E+00,+0.05E+00,-0.05E+00,+4.15E+00,+4.47E+00,-8.97E+00,+6.585E+00
2,12/2/2026,10:41:05.535,-0.09E+00,-0.05E+00,+0.05E+00,-0.05E+00,+4.26E+00,+4.36E+00,-8.97E+00,+6.531E+00
2,12/2/2026,10:41:05.535,-0.09E+00,-0.05E+00,+0.05E+00,+0.00E+00,+4.38E+00,+4.26E+00,-8.99E+00,+6.478E+00
2,12/2/2026,10:41:05.535,-0.09E+00,-0.05E+00,+0.05E+00,+0.00E+00,+4.50E+00,+4.15E+00,-8.99E+00,+6.425E+00
2,12/2/2026,10:41:05.535,-0.09E+00,-0.05E+00,+0.05E+00,-0.05E+00,+4.61E+00,+4.03E+00,-9.00E+00,+6.371E+00
2,12/2/2026,10:41:05.535,-0.09E+00,-0.05E+00,+0.05E+00,-0.05E+00,+4.73E+00,+3.92E+00,-9.00E+00,+6.318E+00
2,12/2/2026,10:41:05.535,-0.14E+00,-0.05E+00,+0.05E+00,+0.00E+00,+4.85E+00,+3.80E+00,-9.00E+00,+6.264E+00
2,12/2/2026,10:41:05.535,-0.09E+00,-0.05E+00,+0.05E+00,+0.00E+00,+4.96E+00,+3.69E+00,-9.00E+00,+6.203E+00
2,12/2/2026,10:41:05.535,-0.09E+00,-0.05E+00,+0.05E+00,-0.05E+00,+5.08E+00,+3.57E+00,-9.02E+00,+6.150E+00
2,12/2/2026,10:41:05.536,-0.09E+00,-0.05E+00,+0.05E+00,-0.05E+00,+5.20E+00,+3.46E+00,-9.02E+00,+6.089E+00
2,12/2/2026,10:41:05.536,-0.09E+00,-0.05E+00,+0.05E+00,+0.00E+00,+5.31E+00,+3.34E+00,-9.02E+00,+6.028E+00
2,12/2/2026,10:41:05.536,-0.09E+00,-0.05E+00,+0.00E+00,-0.05E+00,+5.43E+00,+3.22E+00,-9.00E+00,+5.967E+00
2,12/2/2026,10:41:05.536,-0.09E+00,-0.05E+00,+0.05E+00,-0.05E+00,+5.55E+00,+3.11E+00,-9.00E+00,+5.898E+00
2,12/2/2026,10:41:05.536,-0.09E+00,-0.05E+00,+0.05E+00,+0.00E+00,+5.66E+00,+2.99E+00,-9.00E+00,+5.837E+00
2,12/2/2026,10:41:05.536,-0.09E+00,-0.05E+00,+0.05E+00,+0.00E+00,+5.78E+00,+2.85E+00,-8.99E+00,+5.776E+00
2,12/2/2026,10:41:05.536,-0.09E+00,-0.05E+00,+0.00E+00,+0.00E+00,+5.89E+00,+2.73E+00,-8.99E+00,+5.707E+00
2,12/2/2026,10:41:05.536,-0.14E+00,-0.05E+00,+0.05E+00,-0.05E+00,+6.01E+00,+2.61E+00,-8.97E+00,+5.639E+00
2,12/2/2026,10:41:05.536,-0.14E+00,-0.05E+00,+0.05E+00,-0.05E+00,+6.12E+00,+2.49E+00,-8.96E+00,+5.570E+00
2,12/2/2026,10:41:05.536,-0.09E+00,-0.05E+00,+0.05E+00,+0.00E+00,+6.23E+00,+2.37E+00,-8.94E+00,+5.494E+00
2,12/2/2026,10:41:05.536,-0.09E+00,-0.05E+00,+0.05E+00,+0.00E+00,+6.33E+00,+2.24E+00,-8.93E+00,+5.425E+00
2,12/2/2026,10:41:05.536,-0.09E+00,-0.05E+00,+0.05E+00,-0.05E+00,+6.42E+00,+2.11E+00,-8.90E+00,+5.349E+00
2,12/2/2026,10:41:05.536,-0.09E+00,-0.05E+00,+0.05E+00,+0.00E+00,+6.53E+00,+1.98E+00,-8.87E+00,+5.265E+00
2,12/2/2026,10:41:05.536,-0.09E+00,-0.05E+00,+0.05E+00,+0.00E+00,+6.62E+00,+1.86E+00,-8.82E+00,+5.181E+00
2,12/2/2026,10:41:05.536,-0.09E+00,-0.05E+00,+0.05E+00,-0.05E+00,+6.71E+00,+1.71E+00,-8.77E+00,+5.082E+00
2,12/2/2026,10:41:05.536,-0.09E+00,-0.05E+00,+0.05E+00,+0.00E+00,+6.79E+00,+1.57E+00,-8.73E+00,+4.982E+00
2,12/2/2026,10:41:05.536,-0.09E+00,-0.05E+00,+0.05E+00,+0.00E+00,+6.88E+00,+1.43E+00,-8.67E+00,+4.883E+00
2,12/2/2026,10:41:05.536,-0.09E+00,-0.05E+00,+0.05E+00,-0.05E+00,+6.96E+00,+1.28E+00,-8.59E+00,+4.776E+00
2,12/2/2026,10:41:05.536,-0.09E+00,-0.05E+00,+0.05E+00,-0.05E+00,+7.03E+00,+1.14E+00,-8.53E+00,+4.677E+00
2,12/2/2026,10:41:05.536,-0.09E+00,-0.05E+00,+0.05E+00,+0.00E+00,+7.11E+00,+1.01E+00,-8.47E+00,+4.570E+00
2,12/2/2026,10:41:05.537,-0.09E+00,-0.05E+00,+0.05E+00,+0.00E+00,+7.19E+00,+0.87E+00,-8.41E+00,+4.471E+00
2,12/2/2026,10:41:05.537,-0.09E+00,-0.05E+00,+0.05E+00,-0.05E+00,+7.25E+00,+0.72E+00,-8.35E+00,+4.372E+00
2,12/2/2026,10:41:05.537,-0.09E+00,-0.05E+00,+0.05E+00,+0.00E+00,+7.32E+00,+0.58E+00,-8.27E+00,+4.265E+00
2,12/2/2026,10:41:05.537,-0.09E+00,-0.05E+00,+0.05E+00,+0.00E+00,+7.40E+00,+0.44E+00,-8.21E+00,+4.166E+00
2,12/2/2026,10:41:05.537,-0.09E+00,-0.05E+00,+0.05E+00,-0.05E+00,+7.48E+00,+0.31E+00,-8.13E+00,+4.059E+00
2,12/2/2026,10:41:05.537,-0.09E+00,-0.05E+00,+0.05E+00,-0.05E+00,+7.54E+00,+0.17E+00,-8.06E+00,+3.952E+00
2,12/2/2026,10:41:05.537,-0.09E+00,-0.05E+00,+0.05E+00,+0.00E+00,+7.60E+00,+0.03E+00,-8.00E+00,+3.846E+00
2,12/2/2026,10:41:05.537,-0.09E+00,-0.05E+00,+0.05E+00,-0.05E+00,+7.66E+00,-0.11E+00,-7.92E+00,+3.746E+00
2,12/2/2026,10:41:05.537,-0.09E+00,-0.05E+00,+0.05E+00,-0.05E+00,+7.71E+00,-0.24E+00,-7.84E+00,+3.632E+00
2,12/2/2026,10:41:05.537,-0.14E+00,-0.05E+00,+0.05E+00,+0.00E+00,+7.77E+00,-0.37E+00,-7.75E+00,+3.525E+00
2,12/2/2026,10:41:05.537,-0.09E+00,-0.05E+00,+0.05E+00,+0.00E+00,+7.81E+00,-0.50E+00,-7.66E+00,+3.411E+00
2,12/2/2026,10:41:05.537,-0.09E+00,-0.05E+00,+0.05E+00,-0.05E+00,+7.86E+00,-0.66E+00,-7.57E+00,+3.296E+00
2,12/2/2026,10:41:05.537,-0.09E+00,-0.05E+00,+0.00E+00,-0.05E+00,+7.90E+00,-0.79E+00,-7.48E+00,+3.174E+00
2,12/2/2026,10:41:05.537,-0.09E+00,-0.05E+00,+0.05E+00,+0.00E+00,+7.95E+00,-0.93E+00,-7.37E+00,+3.052E+00
2,12/2/2026,10:41:05.537,-0.09E+00,-0.05E+00,+0.05E+00,+0.00E+00,+8.00E+00,-1.08E+00,-7.28E+00,+2.930E+00
2,12/2/2026,10:41:05.537,-0.09E+00,-0.05E+00,+0.05E+00,-0.05E+00,+8.04E+00,-1.24E+00,-7.19E+00,+2.808E+00
2,12/2/2026,10:41:05.537,-0.09E+00,-0.05E+00,+0.05E+00,+0.00E+00,+8.09E+00,-1.37E+00,-7.08E+00,+2.686E+00
2,12/2/2026,10:41:05.537,-0.09E+00,-0.05E+00,+0.05E+00,+0.00E+00,+8.13E+00,-1.51E+00,-6.97E+00,+2.564E+00
2,12/2/2026,10:41:05.537,-0.09E+00,-0.05E+00,+0.05E+00,+0.00E+00,+8.18E+00,-1.66E+00,-6.88E+00,+2.442E+00
2,12/2/2026,10:41:05.537,-0.14E+00,-0.05E+00,+0.05E+00,+0.00E+00,+8.21E+00,-1.80E+00,-6.78E+00,+2.320E+00
2,12/2/2026,10:41:05.538,-0.09E+00,-0.05E+00,+0.05E+00,-0.05E+00,+8.26E+00,-1.94E+00,-6.68E+00,+2.205E+00
2,12/2/2026,10:41:05.538,-0.09E+00,-0.05E+00,+0.05E+00,-0.05E+00,+8.29E+00,-2.08E+00,-6.58E+00,+2.083E+00
2,12/2/2026,10:41:05.538,-0.09E+00,-0.05E+00,+0.05E+00,-0.05E+00,+8.33E+00,-2.21E+00,-6.47E+00,+1.961E+00
2,12/2/2026,10:41:05.538,-0.09E+00,-0.05E+00,+0.05E+00,+0.00E+00,+8.36E+00,-2.37E+00,-6.36E+00,+1.839E+00
2,12/2/2026,10:41:05.538,-0.09E+00,-0.05E+00,+0.00E+00,+0.00E+00,+8.39E+00,-2.49E+00,-6.26E+00,+1.717E+00
2,12/2/2026,10:41:05.538,-0.09E+00,-0.05E+00,+0.05E+00,-0.05E+00,+8.42E+00,-2.62E+00,-6.15E+00,+1.595E+00
2,12/2/2026,10:41:05.538,-0.09E+00,-0.05E+00,+0.05E+00,+0.00E+00,+8.45E+00,-2.76E+00,-6.04E+00,+1.473E+00
2,12/2/2026,10:41:05.538,-0.09E+00,-0.05E+00,+0.05E+00,+0.00E+00,+8.48E+00,-2.90E+00,-5.94E+00,+1.351E+00
2,12/2/2026,10:41:05.538,-0.09E+00,-0.05E+00,+0.05E+00,+0.00E+00,+8.50E+00,-3.04E+00,-5.83E+00,+1.236E+00
2,12/2/2026,10:41:05.538,-0.09E+00,-0.05E+00,+0.05E+00,+0.00E+00,+8.52E+00,-3.16E+00,-5.72E+00,+1.114E+00
2,12/2/2026,10:41:05.538,-0.09E+00,-0.05E+00,+0.05E+00,+0.00E+00,+8.53E+00,-3.30E+00,-5.62E+00,+0.992E+00
2,12/2/2026,10:41:05.538,-0.09E+00,-0.05E+00,+0.00E+00,-0.05E+00,+8.55E+00,-3.42E+00,-5.49E+00,+0.870E+00
2,12/2/2026,10:41:05.538,-0.09E+00,-0.05E+00,+0.05E+00,-0.05E+00,+8.56E+00,-3.54E+00,-5.39E+00,+0.748E+00
2,12/2/2026,10:41:05.538,-0.09E+00,-0.05E+00,+0.05E+00,+0.00E+00,+8.58E+00,-3.68E+00,-5.26E+00,+0.626E+00
2,12/2/2026,10:41:05.538,-0.09E+00,-0.05E+00,+0.05E+00,+0.00E+00,+8.59E+00,-3.80E+00,-5.14E+00,+0.511E+00
2,12/2/2026,10:41:05.538,-0.09E+00,-0.05E+00,+0.05E+00,+0.00E+00,+8.59E+00,-3.92E+00,-5.04E+00,+0.389E+00
2,12/2/2026,10:41:05.538,-0.09E+00,-0.05E+00,+0.05E+00,+0.00E+00,+8.59E+00,-4.04E+00,-4.93E+00,+0.275E+00
2,12/2/2026,10:41:05.538,-0.09E+00,-0.05E+00,+0.05E+00,+0.00E+00,+8.61E+00,-4.17E+00,-4.81E+00,+0.160E+00
2,12/2/2026,10:41:05.538,-0.09E+00,-0.05E+00,+0.05E+00,-0.05E+00,+8.61E+00,-4.27E+00,-4.70E+00,+0.053E+00
2,12/2/2026,10:41:05.538,-0.09E+00,-0.05E+00,+0.05E+00,-0.05E+00,+8.62E+00,-4.39E+00,-4.59E+00,-0.061E+00
2,12/2/2026,10:41:05.539,-0.09E+00,-0.05E+00,+0.05E+00,+0.00E+00,+8.62E+00,-4.50E+00,-4.49E+00,-0.175E+00
2,12/2/2026,10:41:05.539,-0.09E+00,-0.05E+00,+0.05E+00,-0.05E+00,+8.62E+00,-4.62E+00,-4.36E+00,-0.290E+00
2,12/2/2026,10:41:05.539,-0.09E+00,-0.05E+00,+0.05E+00,-0.05E+00,+8.64E+00,-4.75E+00,-4.26E+00,-0.404E+00
2,12/2/2026,10:41:05.539,-0.09E+00,-0.05E+00,+0.05E+00,-0.05E+00,+8.64E+00,-4.87E+00,-4.15E+00,-0.519E+00
2,12/2/2026,10:41:05.539,-0.09E+00,-0.05E+00,+0.05E+00,+0.00E+00,+8.64E+00,-4.97E+00,-4.03E+00,-0.641E+00
2,12/2/2026,10:41:05.539,-0.09E+00,-0.05E+00,+0.00E+00,+0.00E+00,+8.64E+00,-5.10E+00,-3.91E+00,-0.755E+00
2,12/2/2026,10:41:05.539,-0.09E+00,-0.05E+00,+0.05E+00,-0.05E+00,+8.62E+00,-5.20E+00,-3.78E+00,-0.870E+00
2,12/2/2026,10:41:05.539,-0.09E+00,-0.05E+00,+0.05E+00,-0.05E+00,+8.62E+00,-5.31E+00,-3.68E+00,-0.984E+00
2,12/2/2026,10:41:05.539,-0.09E+00,-0.05E+00,+0.05E+00,+0.00E+00,+8.62E+00,-5.43E+00,-3.56E+00,-1.099E+00
2,12/2/2026,10:41:05.539,-0.09E+00,-0.05E+00,+0.05E+00,+0.00E+00,+8.61E+00,-5.55E+00,-3.43E+00,-1.213E+00
2,12/2/2026,10:41:05.539,-0.09E+00,-0.05E+00,+0.05E+00,+0.00E+00,+8.61E+00,-5.66E+00,-3.31E+00,-1.328E+00
2,12/2/2026,10:41:05.539,-0.09E+00,-0.05E+00,+0.05E+00,+0.00E+00,+8.59E+00,-5.77E+00,-3.19E+00,-1.450E+00
2,12/2/2026,10:41:05.539,-0.09E+00,-0.05E+00,+0.05E+00,+0.00E+00,+8.58E+00,-5.89E+00,-3.05E+00,-1.564E+00
2,12/2/2026,10:41:05.539,-0.09E+00,-0.05E+00,+0.05E+00,+0.00E+00,+8.55E+00,-6.00E+00,-2.93E+00,-1.686E+00
2,12/2/2026,10:41:05.539,-0.09E+00,-0.05E+00,+0.05E+00,+0.00E+00,+8.53E+00,-6.09E+00,-2.79E+00,-1.801E+00
2,12/2/2026,10:41:05.539,-0.09E+00,-0.05E+00,+0.05E+00,+0.00E+00,+8.50E+00,-6.21E+00,-2.67E+00,-1.923E+00
2,12/2/2026,10:41:05.539,-0.09E+00,-0.05E+00,+0.05E+00,+0.00E+00,+8.47E+00,-6.30E+00,-2.53E+00,-2.037E+00
2,12/2/2026,10:41:05.539,-0.09E+00,-0.05E+00,+0.05E+00,+0.00E+00,+8.44E+00,-6.39E+00,-2.40E+00,-2.152E+00
2,12/2/2026,10:41:05.539,-0.09E+00,-0.05E+00,+0.05E+00,-0.05E+00,+8.41E+00,-6.50E+00,-2.26E+00,-2.266E+00
2,12/2/2026,10:41:05.539,-0.09E+00,-0.05E+00,+0.05E+00,+0.00E+00,+8.36E+00,-6.59E+00,-2.12E+00,-2.381E+00
2,12/2/2026,10:41:05.540,-0.09E+00,-0.05E+00,+0.05E+00,+0.00E+00,+8.32E+00,-6.68E+00,-2.00E+00,-2.487E+00
2,12/2/2026,10:41:05.540,-0.09E+00,-0.05E+00,+0.05E+00,+0.00E+00,+8.29E+00,-6.78E+00,-1.86E+00,-2.602E+00
2,12/2/2026,10:41:05.540,-0.09E+00,-0.05E+00,+0.05E+00,-0.05E+00,+8.23E+00,-6.87E+00,-1.72E+00,-2.709E+00
2,12/2/2026,10:41:05.540,-0.09E+00,-0.05E+00,+0.05E+00,-0.05E+00,+8.18E+00,-6.96E+00,-1.59E+00,-2.823E+00
2,12/2/2026,10:41:05.540,-0.09E+00,-0.05E+00,+0.09E+00,-0.05E+00,+8.13E+00,-7.03E+00,-1.45E+00,-2.930E+00
2,12/2/2026,10:41:05.540,-0.09E+00,-0.05E+00,+0.05E+00,+0.00E+00,+8.07E+00,-7.11E+00,-1.31E+00,-3.037E+00
2,12/2/2026,10:41:05.540,-0.09E+00,-0.05E+00,+0.05E+00,+0.00E+00,+8.01E+00,-7.20E+00,-1.18E+00,-3.151E+00
2,12/2/2026,10:41:05.540,-0.09E+00,-0.05E+00,+0.05E+00,+0.00E+00,+7.95E+00,-7.26E+00,-1.04E+00,-3.258E+00
2,12/2/2026,10:41:05.540,-0.09E+00,-0.05E+00,+0.05E+00,-0.05E+00,+7.87E+00,-7.34E+00,-0.89E+00,-3.365E+00
2,12/2/2026,10:41:05.540,-0.09E+00,-0.05E+00,+0.05E+00,-0.05E+00,+7.81E+00,-7.42E+00,-0.75E+00,-3.472E+00
2,12/2/2026,10:41:05.540,-0.09E+00,-0.05E+00,+0.05E+00,+0.00E+00,+7.74E+00,-7.49E+00,-0.61E+00,-3.579E+00
2,12/2/2026,10:41:05.540,-0.09E+00,-0.05E+00,+0.05E+00,+0.00E+00,+7.66E+00,-7.57E+00,-0.46E+00,-3.685E+00
2,12/2/2026,10:41:05.540,-0.14E+00,-0.05E+00,+0.05E+00,-0.05E+00,+7.58E+00,-7.63E+00,-0.32E+00,-3.792E+00
2,12/2/2026,10:41:05.540,-0.14E+00,-0.05E+00,+0.05E+00,-0.05E+00,+7.51E+00,-7.69E+00,-0.18E+00,-3.891E+00
2,12/2/2026,10:41:05.540,-0.09E+00,-0.05E+00,+0.05E+00,+0.00E+00,+7.43E+00,-7.75E+00,-0.05E+00,-3.998E+00
2,12/2/2026,10:41:05.540,-0.09E+00,-0.05E+00,+0.05E+00,-0.05E+00,+7.34E+00,-7.81E+00,+0.11E+00,-4.090E+00
2,12/2/2026,10:41:05.540,-0.09E+00,-0.05E+00,+0.05E+00,+0.00E+00,+7.26E+00,-7.87E+00,+0.26E+00,-4.189E+00
2,12/2/2026,10:41:05.540,-0.09E+00,-0.05E+00,+0.05E+00,+0.00E+00,+7.17E+00,-7.94E+00,+0.40E+00,-4.288E+00
2,12/2/2026,10:41:05.540,-0.09E+00,-0.05E+00,+0.05E+00,-0.05E+00,+7.08E+00,-7.98E+00,+0.55E+00,-4.387E+00
2,12/2/2026,10:41:05.540,-0.09E+00,-0.05E+00,+0.05E+00,-0.05E+00,+6.99E+00,-8.04E+00,+0.69E+00,-4.486E+00
2,12/2/2026,10:41:05.541,-0.09E+00,-0.05E+00,+0.05E+00,+0.00E+00,+6.90E+00,-8.09E+00,+0.82E+00,-4.586E+00
2,12/2/2026,10:41:05.541,-0.09E+00,-0.05E+00,+0.05E+00,+0.00E+00,+6.81E+00,-8.15E+00,+0.98E+00,-4.677E+00
2,12/2/2026,10:41:05.541,-0.09E+00,-0.05E+00,+0.05E+00,-0.05E+00,+6.70E+00,-8.19E+00,+1.11E+00,-4.769E+00
2,12/2/2026,10:41:05.541,-0.09E+00,-0.05E+00,+0.05E+00,+0.00E+00,+6.61E+00,-8.24E+00,+1.27E+00,-4.868E+00
2,12/2/2026,10:41:05.541,-0.09E+00,-0.05E+00,+0.05E+00,+0.00E+00,+6.52E+00,-8.29E+00,+1.42E+00,-4.960E+00
2,12/2/2026,10:41:05.541,-0.09E+00,-0.05E+00,+0.05E+00,-0.05E+00,+6.41E+00,-8.33E+00,+1.56E+00,-5.051E+00
2,12/2/2026,10:41:05.541,-0.09E+00,-0.05E+00,+0.05E+00,-0.05E+00,+6.30E+00,-8.36E+00,+1.69E+00,-5.143E+00
2,12/2/2026,10:41:05.541,-0.09E+00,-0.05E+00,+0.00E+00,+0.00E+00,+6.21E+00,-8.41E+00,+1.83E+00,-5.227E+00
2,12/2/2026,10:41:05.541,-0.09E+00,-0.05E+00,+0.05E+00,+0.00E+00,+6.10E+00,-8.45E+00,+1.98E+00,-5.318E+00
2,12/2/2026,10:41:05.541,-0.14E+00,-0.05E+00,+0.05E+00,-0.05E+00,+6.00E+00,-8.48E+00,+2.12E+00,-5.402E+00
2,12/2/2026,10:41:05.541,-0.14E+00,-0.05E+00,+0.05E+00,+0.00E+00,+5.89E+00,-8.52E+00,+2.26E+00,-5.486E+00
2,12/2/2026,10:41:05.541,-0.09E+00,-0.05E+00,+0.05E+00,+0.00E+00,+5.78E+00,-8.55E+00,+2.40E+00,-5.570E+00
2,12/2/2026,10:41:05.541,-0.09E+00,-0.05E+00,+0.05E+00,+0.00E+00,+5.68E+00,-8.58E+00,+2.53E+00,-5.654E+00
2,12/2/2026,10:41:05.541,-0.09E+00,-0.05E+00,+0.05E+00,-0.05E+00,+5.57E+00,-8.61E+00,+2.66E+00,-5.738E+00
2,12/2/2026,10:41:05.541,-0.09E+00,-0.05E+00,+0.05E+00,-0.05E+00,+5.46E+00,-8.64E+00,+2.81E+00,-5.814E+00
2,12/2/2026,10:41:05.541,-0.09E+00,-0.05E+00,+0.05E+00,+0.00E+00,+5.36E+00,-8.67E+00,+2.95E+00,-5.890E+00
2,12/2/2026,10:41:05.541,-0.09E+00,-0.05E+00,+0.05E+00,-0.05E+00,+5.25E+00,-8.68E+00,+3.07E+00,-5.974E+00
2,12/2/2026,10:41:05.541,-0.09E+00,-0.05E+00,+0.05E+00,-0.05E+00,+5.14E+00,-8.71E+00,+3.20E+00,-6.051E+00
2,12/2/2026,10:41:05.541,-0.09E+00,-0.05E+00,+0.05E+00,+0.00E+00,+5.04E+00,-8.73E+00,+3.33E+00,-6.119E+00
2,12/2/2026,10:41:05.541,-0.09E+00,-0.05E+00,+0.05E+00,+0.00E+00,+4.93E+00,-8.74E+00,+3.46E+00,-6.196E+00
2,12/2/2026,10:41:05.542,-0.09E+00,-0.05E+00,+0.05E+00,+0.00E+00,+4.81E+00,-8.76E+00,+3.59E+00,-6.264E+00
2,12/2/2026,10:41:05.542,-0.09E+00,-0.05E+00,+0.00E+00,-0.05E+00,+4.70E+00,-8.79E+00,+3.72E+00,-6.333E+00
2,12/2/2026,10:41:05.542,-0.09E+00,-0.05E+00,+0.05E+00,-0.05E+00,+4.58E+00,-8.79E+00,+3.85E+00,-6.402E+00
2,12/2/2026,10:41:05.542,-0.09E+00,-0.05E+00,+0.05E+00,-0.05E+00,+4.47E+00,-8.81E+00,+3.95E+00,-6.470E+00
2,12/2/2026,10:41:05.542,-0.09E+00,-0.05E+00,+0.05E+00,-0.05E+00,+4.36E+00,-8.82E+00,+4.07E+00,-6.524E+00
2,12/2/2026,10:41:05.542,-0.14E+00,-0.05E+00,+0.00E+00,-0.05E+00,+4.26E+00,-8.84E+00,+4.20E+00,-6.585E+00
2,12/2/2026,10:41:05.542,-0.09E+00,-0.05E+00,+0.05E+00,+0.00E+00,+4.15E+00,-8.84E+00,+4.32E+00,-6.646E+00
2,12/2/2026,10:41:05.542,-0.09E+00,-0.05E+00,+0.05E+00,+0.00E+00,+4.03E+00,-8.84E+00,+4.44E+00,-6.707E+00
2,12/2/2026,10:41:05.542,-0.09E+00,-0.05E+00,+0.05E+00,+0.00E+00,+3.92E+00,-8.84E+00,+4.56E+00,-6.768E+00
2,12/2/2026,10:41:05.542,-0.09E+00,-0.05E+00,+0.05E+00,+0.00E+00,+3.82E+00,-8.85E+00,+4.67E+00,-6.829E+00
2,12/2/2026,10:41:05.542,-0.09E+00,-0.05E+00,+0.00E+00,+0.00E+00,+3.69E+00,-8.85E+00,+4.79E+00,-6.882E+00
2,12/2/2026,10:41:05.542,-0.14E+00,-0.05E+00,+0.05E+00,-0.05E+00,+3.59E+00,-8.85E+00,+4.90E+00,-6.943E+00
2,12/2/2026,10:41:05.542,-0.09E+00,-0.05E+00,+0.05E+00,+0.00E+00,+3.46E+00,-8.85E+00,+5.04E+00,-7.004E+00
2,12/2/2026,10:41:05.542,-0.09E+00,-0.05E+00,+0.05E+00,+0.00E+00,+3.34E+00,-8.85E+00,+5.14E+00,-7.058E+00
2,12/2/2026,10:41:05.542,-0.09E+00,-0.05E+00,+0.05E+00,-0.05E+00,+3.24E+00,-8.85E+00,+5.26E+00,-7.111E+00
2,12/2/2026,10:41:05.542,-0.09E+00,-0.05E+00,+0.05E+00,-0.05E+00,+3.11E+00,-8.85E+00,+5.37E+00,-7.165E+00
2,12/2/2026,10:41:05.542,-0.09E+00,-0.05E+00,+0.05E+00,+0.00E+00,+3.01E+00,-8.85E+00,+5.48E+00,-7.218E+00
2,12/2/2026,10:41:05.542,-0.09E+00,-0.05E+00,+0.05E+00,-0.05E+00,+2.88E+00,-8.84E+00,+5.59E+00,-7.271E+00
2,12/2/2026,10:41:05.542,-0.09E+00,-0.05E+00,+0.05E+00,-0.05E+00,+2.76E+00,-8.84E+00,+5.71E+00,-7.317E+00
2,12/2/2026,10:41:05.542,-0.09E+00,-0.05E+00,+0.05E+00,+0.00E+00,+2.64E+00,-8.82E+00,+5.81E+00,-7.371E+00
2,12/2/2026,10:41:05.543,-0.09E+00,+0.00E+00,+0.05E+00,+0.00E+00,+2.52E+00,-8.81E+00,+5.92E+00,-7.416E+00
2,12/2/2026,10:41:05.543,-0.09E+00,-0.05E+00,+0.05E+00,-0.05E+00,+2.38E+00,-8.79E+00,+6.04E+00,-7.455E+00
2,12/2/2026,10:41:05.543,-0.09E+00,-0.05E+00,+0.05E+00,+0.00E+00,+2.24E+00,-8.76E+00,+6.13E+00,-7.493E+00
2,12/2/2026,10:41:05.543,-0.09E+00,-0.05E+00,+0.05E+00,+0.00E+00,+2.12E+00,-8.73E+00,+6.24E+00,-7.523E+00
2,12/2/2026,10:41:05.543,-0.09E+00,-0.05E+00,+0.05E+00,-0.05E+00,+1.98E+00,-8.70E+00,+6.35E+00,-7.554E+00
2,12/2/2026,10:41:05.543,-0.09E+00,-0.05E+00,+0.05E+00,+0.00E+00,+1.85E+00,-8.65E+00,+6.42E+00,-7.577E+00
2,12/2/2026,10:41:05.543,-0.09E+00,-0.05E+00,+0.05E+00,+0.00E+00,+1.72E+00,-8.61E+00,+6.52E+00,-7.600E+00
2,12/2/2026,10:41:05.543,-0.09E+00,-0.05E+00,+0.05E+00,-0.05E+00,+1.59E+00,-8.56E+00,+6.61E+00,-7.615E+00
2,12/2/2026,10:41:05.543,-0.09E+00,-0.05E+00,+0.05E+00,-0.05E+00,+1.45E+00,-8.52E+00,+6.68E+00,-7.630E+00
2,12/2/2026,10:41:05.543,-0.09E+00,-0.05E+00,+0.05E+00,+0.00E+00,+1.31E+00,-8.45E+00,+6.78E+00,-7.645E+00
2,12/2/2026,10:41:05.543,-0.09E+00,-0.05E+00,+0.05E+00,+0.00E+00,+1.18E+00,-8.41E+00,+6.87E+00,-7.653E+00
2,12/2/2026,10:41:05.543,-0.09E+00,-0.05E+00,+0.05E+00,-0.05E+00,+1.04E+00,-8.35E+00,+6.94E+00,-7.661E+00
2,12/2/2026,10:41:05.543,-0.09E+00,-0.05E+00,+0.05E+00,-0.05E+00,+0.90E+00,-8.29E+00,+7.00E+00,-7.676E+00
2,12/2/2026,10:41:05.543,-0.09E+00,-0.05E+00,+0.05E+00,-0.05E+00,+0.76E+00,-8.23E+00,+7.10E+00,-7.676E+00
2,12/2/2026,10:41:05.543,-0.09E+00,-0.05E+00,+0.05E+00,-0.05E+00,+0.61E+00,-8.15E+00,+7.17E+00,-7.676E+00
2,12/2/2026,10:41:05.543,-0.09E+00,-0.05E+00,+0.05E+00,-0.05E+00,+0.47E+00,-8.09E+00,+7.23E+00,-7.684E+00
2,12/2/2026,10:41:05.543,-0.09E+00,-0.05E+00,+0.05E+00,-0.05E+00,+0.32E+00,-8.01E+00,+7.31E+00,-7.684E+00
2,12/2/2026,10:41:05.543,-0.09E+00,-0.05E+00,+0.05E+00,+0.00E+00,+0.18E+00,-7.94E+00,+7.39E+00,-7.668E+00
2,12/2/2026,10:41:05.543,-0.14E+00,-0.05E+00,+0.05E+00,+0.00E+00,+0.03E+00,-7.86E+00,+7.45E+00,-7.661E+00
2,12/2/2026,10:41:05.543,-0.09E+00,-0.05E+00,+0.05E+00,+0.00E+00,-0.11E+00,-7.78E+00,+7.51E+00,-7.661E+00
2,12/2/2026,10:41:05.544,-0.09E+00,-0.05E+00,+0.05E+00,+0.00E+00,-0.24E+00,-7.71E+00,+7.57E+00,-7.653E+00
2,12/2/2026,10:41:05.544,-0.09E+00,-0.05E+00,+0.05E+00,+0.00E+00,-0.40E+00,-7.63E+00,+7.65E+00,-7.638E+00
2,12/2/2026,10:41:05.544,-0.09E+00,-0.05E+00,+0.05E+00,+0.00E+00,-0.53E+00,-7.54E+00,+7.69E+00,-7.630E+00
2,12/2/2026,10:41:05.544,-0.09E+00,-0.05E+00,+0.05E+00,-0.05E+00,-0.69E+00,-7.46E+00,+7.75E+00,-7.622E+00
2,12/2/2026,10:41:05.544,-0.09E+00,-0.05E+00,+0.05E+00,-0.05E+00,-0.82E+00,-7.37E+00,+7.83E+00,-7.600E+00
2,12/2/2026,10:41:05.544,-0.09E+00,-0.05E+00,+0.05E+00,+0.00E+00,-0.98E+00,-7.28E+00,+7.87E+00,-7.584E+00
2,12/2/2026,10:41:05.544,-0.09E+00,-0.05E+00,+0.05E+00,+0.00E+00,-1.11E+00,-7.19E+00,+7.94E+00,-7.561E+00
2,12/2/2026,10:41:05.544,-0.09E+00,-0.05E+00,+0.05E+00,+0.00E+00,-1.27E+00,-7.10E+00,+8.00E+00,-7.539E+00
2,12/2/2026,10:41:05.544,-0.09E+00,-0.05E+00,+0.05E+00,+0.00E+00,-1.40E+00,-7.00E+00,+8.04E+00,-7.523E+00
2,12/2/2026,10:41:05.544,-0.09E+00,-0.05E+00,+0.05E+00,+0.00E+00,-1.56E+00,-6.91E+00,+8.09E+00,-7.493E+00
2,12/2/2026,10:41:05.544,-0.09E+00,-0.05E+00,+0.05E+00,+0.00E+00,-1.69E+00,-6.81E+00,+8.13E+00,-7.470E+00
2,12/2/2026,10:41:05.544,-0.09E+00,-0.05E+00,+0.05E+00,+0.00E+00,-1.83E+00,-6.71E+00,+8.18E+00,-7.447E+00
2,12/2/2026,10:41:05.544,-0.09E+00,-0.05E+00,+0.05E+00,+0.00E+00,-1.98E+00,-6.62E+00,+8.23E+00,-7.416E+00
2,12/2/2026,10:41:05.544,-0.09E+00,-0.05E+00,+0.05E+00,+0.00E+00,-2.12E+00,-6.52E+00,+8.27E+00,-7.386E+00
2,12/2/2026,10:41:05.544,-0.09E+00,-0.05E+00,+0.05E+00,-0.05E+00,-2.26E+00,-6.42E+00,+8.30E+00,-7.355E+00
2,12/2/2026,10:41:05.544,-0.14E+00,-0.05E+00,+0.05E+00,-0.05E+00,-2.40E+00,-6.32E+00,+8.33E+00,-7.317E+00
2,12/2/2026,10:41:05.544,-0.09E+00,-0.05E+00,+0.05E+00,-0.05E+00,-2.53E+00,-6.23E+00,+8.38E+00,-7.287E+00
2,12/2/2026,10:41:05.544,-0.09E+00,-0.05E+00,+0.05E+00,-0.05E+00,-2.67E+00,-6.12E+00,+8.41E+00,-7.249E+00
2,12/2/2026,10:41:05.544,-0.09E+00,-0.05E+00,+0.05E+00,+0.00E+00,-2.79E+00,-6.01E+00,+8.42E+00,-7.210E+00
2,12/2/2026,10:41:05.544,-0.09E+00,-0.05E+00,+0.05E+00,-0.05E+00,-2.93E+00,-5.91E+00,+8.45E+00,-7.172E+00
2,12/2/2026,10:41:05.545,-0.09E+00,-0.05E+00,+0.05E+00,+0.00E+00,-3.07E+00,-5.81E+00,+8.48E+00,-7.127E+00
2,12/2/2026,10:41:05.545,-0.09E+00,-0.05E+00,+0.05E+00,+0.00E+00,-3.19E+00,-5.71E+00,+8.52E+00,-7.081E+00
2,12/2/2026,10:41:05.545,-0.09E+00,-0.05E+00,+0.05E+00,+0.00E+00,-3.31E+00,-5.59E+00,+8.53E+00,-7.043E+00
2,12/2/2026,10:41:05.545,-0.09E+00,-0.05E+00,+0.05E+00,+0.00E+00,-3.45E+00,-5.48E+00,+8.55E+00,-6.997E+00
2,12/2/2026,10:41:05.545,-0.09E+00,-0.05E+00,+0.05E+00,-0.05E+00,-3.57E+00,-5.37E+00,+8.56E+00,-6.951E+00
2,12/2/2026,10:41:05.545,-0.09E+00,-0.05E+00,+0.05E+00,+0.00E+00,-3.71E+00,-5.26E+00,+8.59E+00,-6.898E+00
2,12/2/2026,10:41:05.545,-0.09E+00,-0.05E+00,+0.05E+00,+0.00E+00,-3.83E+00,-5.14E+00,+8.59E+00,-6.844E+00
2,12/2/2026,10:41:05.545,-0.09E+00,-0.05E+00,+0.05E+00,-0.05E+00,-3.95E+00,-5.04E+00,+8.61E+00,-6.791E+00
2,12/2/2026,10:41:05.545,-0.09E+00,-0.05E+00,+0.05E+00,-0.05E+00,-4.07E+00,-4.91E+00,+8.62E+00,-6.737E+00
2,12/2/2026,10:41:05.545,-0.09E+00,+0.00E+00,+0.05E+00,+0.00E+00,-4.20E+00,-4.81E+00,+8.64E+00,-6.692E+00
2,12/2/2026,10:41:05.545,-0.09E+00,-0.05E+00,+0.05E+00,+0.00E+00,-4.32E+00,-4.70E+00,+8.64E+00,-6.646E+00
2,12/2/2026,10:41:05.545,-0.09E+00,-0.05E+00,+0.05E+00,+0.00E+00,-4.43E+00,-4.59E+00,+8.65E+00,-6.592E+00
2,12/2/2026,10:41:05.545,-0.09E+00,-0.05E+00,+0.05E+00,+0.00E+00,-4.55E+00,-4.49E+00,+8.65E+00,-6.539E+00
2,12/2/2026,10:41:05.545,-0.09E+00,-0.05E+00,+0.05E+00,+0.00E+00,-4.67E+00,-4.38E+00,+8.67E+00,-6.493E+00
2,12/2/2026,10:41:05.545,-0.09E+00,-0.05E+00,+0.05E+00,+0.00E+00,-4.79E+00,-4.27E+00,+8.68E+00,-6.440E+00
2,12/2/2026,10:41:05.545,-0.09E+00,-0.05E+00,+0.05E+00,+0.00E+00,-4.91E+00,-4.15E+00,+8.68E+00,-6.386E+00
2,12/2/2026,10:41:05.545,-0.09E+00,-0.05E+00,+0.05E+00,+0.00E+00,-5.02E+00,-4.04E+00,+8.68E+00,-6.333E+00
2,12/2/2026,10:41:05.545,-0.09E+00,-0.05E+00,+0.05E+00,-0.05E+00,-5.13E+00,-3.94E+00,+8.70E+00,-6.272E+00
2,12/2/2026,10:41:05.545,-0.09E+00,-0.05E+00,+0.05E+00,+0.00E+00,-5.25E+00,-3.82E+00,+8.70E+00,-6.219E+00
2,12/2/2026,10:41:05.545,-0.09E+00,-0.05E+00,+0.00E+00,+0.00E+00,-5.37E+00,-3.69E+00,+8.70E+00,-6.157E+00
2,12/2/2026,10:41:05.546,-0.09E+00,-0.05E+00,+0.00E+00,+0.00E+00,-5.48E+00,-3.59E+00,+8.70E+00,-6.096E+00
2,12/2/2026,10:41:05.546,-0.14E+00,-0.05E+00,+0.05E+00,-0.05E+00,-5.59E+00,-3.46E+00,+8.68E+00,-6.043E+00
2,12/2/2026,10:41:05.546,-0.09E+00,-0.05E+00,+0.05E+00,-0.05E+00,-5.71E+00,-3.34E+00,+8.68E+00,-5.982E+00
2,12/2/2026,10:41:05.546,-0.09E+00,-0.05E+00,+0.05E+00,+0.00E+00,-5.83E+00,-3.24E+00,+8.68E+00,-5.913E+00
2,12/2/2026,10:41:05.546,-0.09E+00,-0.05E+00,+0.05E+00,-0.05E+00,-5.95E+00,-3.11E+00,+8.68E+00,-5.845E+00
2,12/2/2026,10:41:05.546,-0.09E+00,-0.05E+00,+0.05E+00,-0.05E+00,-6.06E+00,-2.99E+00,+8.67E+00,-5.784E+00
2,12/2/2026,10:41:05.546,-0.09E+00,-0.05E+00,+0.05E+00,+0.00E+00,-6.18E+00,-2.85E+00,+8.67E+00,-5.715E+00
2,12/2/2026,10:41:05.546,-0.09E+00,-0.05E+00,+0.05E+00,-0.05E+00,-6.29E+00,-2.73E+00,+8.65E+00,-5.646E+00
2,12/2/2026,10:41:05.546,-0.14E+00,-0.05E+00,+0.05E+00,+0.00E+00,-6.39E+00,-2.61E+00,+8.64E+00,-5.578E+00
2,12/2/2026,10:41:05.546,-0.09E+00,-0.05E+00,+0.05E+00,+0.00E+00,-6.50E+00,-2.49E+00,+8.62E+00,-5.509E+00
2,12/2/2026,10:41:05.546,-0.09E+00,-0.05E+00,+0.05E+00,+0.00E+00,-6.61E+00,-2.37E+00,+8.61E+00,-5.440E+00
2,12/2/2026,10:41:05.546,-0.09E+00,-0.05E+00,+0.05E+00,+0.00E+00,-6.70E+00,-2.24E+00,+8.58E+00,-5.364E+00
2,12/2/2026,10:41:05.546,-0.14E+00,-0.05E+00,+0.05E+00,+0.00E+00,-6.81E+00,-2.11E+00,+8.55E+00,-5.280E+00
2,12/2/2026,10:41:05.546,-0.09E+00,-0.05E+00,+0.05E+00,+0.00E+00,-6.90E+00,-1.98E+00,+8.50E+00,-5.188E+00
2,12/2/2026,10:41:05.546,-0.09E+00,-0.05E+00,+0.05E+00,+0.00E+00,-6.99E+00,-1.85E+00,+8.45E+00,-5.097E+00
2,12/2/2026,10:41:05.546,-0.09E+00,-0.05E+00,+0.05E+00,+0.00E+00,-7.08E+00,-1.69E+00,+8.39E+00,-4.998E+00
2,12/2/2026,10:41:05.546,-0.09E+00,-0.05E+00,+0.05E+00,+0.00E+00,-7.16E+00,-1.56E+00,+8.33E+00,-4.899E+00
2,12/2/2026,10:41:05.546,-0.09E+00,-0.05E+00,+0.05E+00,+0.00E+00,-7.23E+00,-1.40E+00,+8.27E+00,-4.792E+00
2,12/2/2026,10:41:05.546,-0.09E+00,-0.05E+00,+0.05E+00,+0.00E+00,-7.31E+00,-1.27E+00,+8.21E+00,-4.685E+00
2,12/2/2026,10:41:05.546,-0.09E+00,-0.05E+00,+0.05E+00,-0.05E+00,-7.39E+00,-1.13E+00,+8.15E+00,-4.578E+00
2,12/2/2026,10:41:05.547,-0.09E+00,-0.05E+00,+0.05E+00,+0.00E+00,-7.46E+00,-0.99E+00,+8.07E+00,-4.479E+00
2,12/2/2026,10:41:05.547,-0.09E+00,-0.05E+00,+0.05E+00,+0.00E+00,-7.54E+00,-0.85E+00,+8.01E+00,-4.380E+00
2,12/2/2026,10:41:05.547,-0.09E+00,-0.05E+00,+0.05E+00,-0.05E+00,-7.60E+00,-0.72E+00,+7.95E+00,-4.273E+00
2,12/2/2026,10:41:05.547,-0.09E+00,-0.05E+00,+0.05E+00,-0.05E+00,-7.68E+00,-0.58E+00,+7.87E+00,-4.174E+00
2,12/2/2026,10:41:05.547,-0.09E+00,-0.05E+00,+0.05E+00,+0.00E+00,-7.74E+00,-0.44E+00,+7.81E+00,-4.067E+00
2,12/2/2026,10:41:05.547,-0.09E+00,-0.05E+00,+0.05E+00,+0.00E+00,-7.81E+00,-0.29E+00,+7.74E+00,-3.960E+00
2,12/2/2026,10:41:05.547,-0.09E+00,-0.05E+00,+0.05E+00,+0.00E+00,-7.87E+00,-0.15E+00,+7.66E+00,-3.853E+00
2,12/2/2026,10:41:05.547,-0.09E+00,-0.05E+00,+0.05E+00,+0.00E+00,-7.94E+00,-0.03E+00,+7.58E+00,-3.754E+00
2,12/2/2026,10:41:05.547,-0.09E+00,-0.05E+00,+0.05E+00,-0.05E+00,-8.00E+00,+0.11E+00,+7.51E+00,-3.640E+00
2,12/2/2026,10:41:05.547,-0.09E+00,-0.05E+00,+0.05E+00,-0.05E+00,-8.04E+00,+0.24E+00,+7.43E+00,-3.533E+00
2,12/2/2026,10:41:05.547,-0.09E+00,-0.05E+00,+0.05E+00,+0.00E+00,-8.10E+00,+0.38E+00,+7.34E+00,-3.418E+00
2,12/2/2026,10:41:05.547,-0.09E+00,-0.05E+00,+0.05E+00,+0.00E+00,-8.15E+00,+0.53E+00,+7.25E+00,-3.296E+00
2,12/2/2026,10:41:05.547,-0.09E+00,-0.05E+00,+0.05E+00,+0.00E+00,-8.18E+00,+0.67E+00,+7.14E+00,-3.182E+00
2,12/2/2026,10:41:05.547,-0.09E+00,-0.05E+00,+0.05E+00,-0.05E+00,-8.24E+00,+0.81E+00,+7.05E+00,-3.060E+00
2,12/2/2026,10:41:05.547,-0.09E+00,-0.05E+00,+0.05E+00,-0.05E+00,-8.29E+00,+0.96E+00,+6.94E+00,-2.938E+00
2,12/2/2026,10:41:05.547,-0.09E+00,-0.05E+00,+0.05E+00,+0.00E+00,-8.33E+00,+1.11E+00,+6.85E+00,-2.816E+00
2,12/2/2026,10:41:05.547,-0.09E+00,-0.05E+00,+0.00E+00,+0.00E+00,-8.38E+00,+1.25E+00,+6.75E+00,-2.693E+00
2,12/2/2026,10:41:05.547,-0.09E+00,-0.05E+00,+0.00E+00,-0.05E+00,-8.41E+00,+1.40E+00,+6.65E+00,-2.571E+00
2,12/2/2026,10:41:05.547,-0.09E+00,-0.05E+00,+0.05E+00,-0.05E+00,-8.45E+00,+1.54E+00,+6.55E+00,-2.449E+00
2,12/2/2026,10:41:05.547,-0.09E+00,-0.05E+00,+0.05E+00,-0.05E+00,-8.50E+00,+1.68E+00,+6.44E+00,-2.327E+00
2,12/2/2026,10:41:05.548,-0.09E+00,-0.05E+00,+0.05E+00,-0.05E+00,-8.53E+00,+1.83E+00,+6.35E+00,-2.205E+00
2,12/2/2026,10:41:05.548,-0.09E+00,-0.05E+00,+0.05E+00,+0.00E+00,-8.56E+00,+1.97E+00,+6.24E+00,-2.083E+00
2,12/2/2026,10:41:05.548,-0.05E+00,-0.05E+00,+0.05E+00,+0.00E+00,-8.61E+00,+2.11E+00,+6.13E+00,-1.961E+00
2,12/2/2026,10:41:05.548,-0.09E+00,-0.05E+00,+0.05E+00,+0.00E+00,-8.64E+00,+2.24E+00,+6.03E+00,-1.839E+00
2,12/2/2026,10:41:05.548,-0.09E+00,-0.05E+00,+0.05E+00,-0.05E+00,-8.67E+00,+2.38E+00,+5.92E+00,-1.717E+00
2,12/2/2026,10:41:05.548,-0.09E+00,-0.05E+00,+0.05E+00,-0.05E+00,-8.70E+00,+2.52E+00,+5.81E+00,-1.595E+00
2,12/2/2026,10:41:05.548,-0.09E+00,-0.05E+00,+0.05E+00,-0.05E+00,-8.73E+00,+2.66E+00,+5.71E+00,-1.473E+00
2,12/2/2026,10:41:05.548,-0.09E+00,-0.05E+00,+0.05E+00,-0.05E+00,-8.76E+00,+2.78E+00,+5.60E+00,-1.358E+00
2,12/2/2026,10:41:05.548,-0.09E+00,-0.05E+00,+0.05E+00,+0.00E+00,-8.77E+00,+2.91E+00,+5.49E+00,-1.236E+00
2,12/2/2026,10:41:05.548,-0.09E+00,-0.05E+00,+0.05E+00,+0.00E+00,-8.79E+00,+3.05E+00,+5.37E+00,-1.114E+00
2,12/2/2026,10:41:05.548,-0.14E+00,-0.05E+00,+0.05E+00,-0.05E+00,-8.81E+00,+3.17E+00,+5.26E+00,-0.992E+00
2,12/2/2026,10:41:05.548,-0.14E+00,-0.05E+00,+0.05E+00,-0.05E+00,-8.82E+00,+3.31E+00,+5.16E+00,-0.870E+00
2,12/2/2026,10:41:05.548,-0.09E+00,-0.05E+00,+0.05E+00,+0.00E+00,-8.84E+00,+3.43E+00,+5.04E+00,-0.748E+00
2,12/2/2026,10:41:05.548,-0.09E+00,-0.05E+00,+0.05E+00,+0.00E+00,-8.85E+00,+3.56E+00,+4.91E+00,-0.633E+00
2,12/2/2026,10:41:05.548,-0.09E+00,-0.05E+00,+0.05E+00,+0.00E+00,-8.85E+00,+3.68E+00,+4.81E+00,-0.511E+00
2,12/2/2026,10:41:05.548,-0.09E+00,-0.05E+00,+0.05E+00,+0.00E+00,-8.87E+00,+3.82E+00,+4.70E+00,-0.389E+00
2,12/2/2026,10:41:05.548,-0.09E+00,-0.05E+00,+0.05E+00,+0.00E+00,-8.88E+00,+3.94E+00,+4.58E+00,-0.275E+00
2,12/2/2026,10:41:05.548,-0.09E+00,-0.05E+00,+0.05E+00,-0.05E+00,-8.88E+00,+4.04E+00,+4.47E+00,-0.160E+00
2,12/2/2026,10:41:05.548,-0.09E+00,-0.05E+00,+0.05E+00,-0.05E+00,-8.90E+00,+4.17E+00,+4.36E+00,-0.053E+00
2,12/2/2026,10:41:05.548,-0.09E+00,-0.05E+00,+0.05E+00,+0.00E+00,-8.90E+00,+4.27E+00,+4.26E+00,+0.061E+00
2,12/2/2026,10:41:05.549,-0.09E+00,-0.05E+00,+0.05E+00,-0.05E+00,-8.90E+00,+4.39E+00,+4.15E+00,+0.175E+00
2,12/2/2026,10:41:05.549,-0.09E+00,-0.05E+00,+0.05E+00,-0.05E+00,-8.90E+00,+4.50E+00,+4.03E+00,+0.290E+00
2,12/2/2026,10:41:05.549,-0.09E+00,-0.05E+00,+0.05E+00,-0.05E+00,-8.90E+00,+4.62E+00,+3.91E+00,+0.404E+00
2,12/2/2026,10:41:05.549,-0.09E+00,-0.05E+00,+0.05E+00,+0.00E+00,-8.90E+00,+4.75E+00,+3.80E+00,+0.519E+00
2,12/2/2026,10:41:05.549,-0.09E+00,-0.05E+00,+0.05E+00,-0.05E+00,-8.90E+00,+4.87E+00,+3.68E+00,+0.633E+00
2,12/2/2026,10:41:05.549,-0.09E+00,-0.05E+00,+0.05E+00,-0.05E+00,-8.90E+00,+4.97E+00,+3.57E+00,+0.755E+00
2,12/2/2026,10:41:05.549,-0.09E+00,-0.05E+00,+0.05E+00,-0.05E+00,-8.90E+00,+5.08E+00,+3.45E+00,+0.870E+00
2,12/2/2026,10:41:05.549,-0.09E+00,-0.05E+00,+0.05E+00,-0.05E+00,-8.90E+00,+5.20E+00,+3.33E+00,+0.984E+00
2,12/2/2026,10:41:05.549,-0.09E+00,-0.05E+00,+0.00E+00,+0.00E+00,-8.88E+00,+5.31E+00,+3.20E+00,+1.099E+00
2,12/2/2026,10:41:05.549,-0.09E+00,-0.05E+00,+0.05E+00,+0.00E+00,-8.88E+00,+5.43E+00,+3.10E+00,+1.213E+00
2,12/2/2026,10:41:05.549,-0.09E+00,-0.05E+00,+0.05E+00,-0.05E+00,-8.87E+00,+5.54E+00,+2.98E+00,+1.328E+00
2,12/2/2026,10:41:05.549,-0.09E+00,-0.05E+00,+0.05E+00,-0.05E+00,-8.85E+00,+5.65E+00,+2.84E+00,+1.442E+00
2,12/2/2026,10:41:05.549,-0.09E+00,-0.05E+00,+0.05E+00,-0.05E+00,-8.84E+00,+5.75E+00,+2.72E+00,+1.564E+00
2,12/2/2026,10:41:05.549,-0.09E+00,-0.05E+00,+0.05E+00,+0.00E+00,-8.82E+00,+5.88E+00,+2.59E+00,+1.686E+00
2,12/2/2026,10:41:05.549,-0.09E+00,-0.05E+00,+0.05E+00,+0.00E+00,-8.79E+00,+5.97E+00,+2.46E+00,+1.801E+00
2,12/2/2026,10:41:05.549,-0.09E+00,-0.05E+00,+0.05E+00,+0.00E+00,-8.76E+00,+6.07E+00,+2.32E+00,+1.915E+00
2,12/2/2026,10:41:05.549,-0.09E+00,-0.05E+00,+0.05E+00,+0.00E+00,-8.73E+00,+6.18E+00,+2.18E+00,+2.037E+00
2,12/2/2026,10:41:05.549,-0.14E+00,-0.05E+00,+0.00E+00,-0.05E+00,-8.70E+00,+6.27E+00,+2.04E+00,+2.152E+00
2,12/2/2026,10:41:05.549,-0.09E+00,-0.05E+00,+0.05E+00,-0.05E+00,-8.65E+00,+6.38E+00,+1.92E+00,+2.266E+00
2,12/2/2026,10:41:05.549,-0.09E+00,-0.05E+00,+0.05E+00,+0.00E+00,-8.62E+00,+6.47E+00,+1.79E+00,+2.381E+00
2,12/2/2026,10:41:05.550,-0.09E+00,+0.00E+00,+0.05E+00,+0.00E+00,-8.58E+00,+6.56E+00,+1.65E+00,+2.487E+00
2,12/2/2026,10:41:05.550,-0.09E+00,-0.05E+00,+0.05E+00,-0.05E+00,-8.53E+00,+6.65E+00,+1.53E+00,+2.602E+00
2,12/2/2026,10:41:05.550,-0.14E+00,-0.05E+00,+0.05E+00,-0.05E+00,-8.48E+00,+6.75E+00,+1.39E+00,+2.709E+00
2,12/2/2026,10:41:05.550,-0.09E+00,-0.05E+00,+0.05E+00,-0.05E+00,-8.44E+00,+6.82E+00,+1.25E+00,+2.816E+00
2,12/2/2026,10:41:05.550,-0.09E+00,-0.05E+00,+0.05E+00,-0.05E+00,-8.38E+00,+6.90E+00,+1.11E+00,+2.922E+00
2,12/2/2026,10:41:05.550,-0.09E+00,-0.05E+00,+0.05E+00,+0.00E+00,-8.32E+00,+6.99E+00,+0.98E+00,+3.037E+00
2,12/2/2026,10:41:05.550,-0.09E+00,-0.05E+00,+0.05E+00,+0.00E+00,-8.26E+00,+7.07E+00,+0.82E+00,+3.144E+00
2,12/2/2026,10:41:05.550,-0.09E+00,-0.05E+00,+0.05E+00,+0.00E+00,-8.19E+00,+7.14E+00,+0.69E+00,+3.258E+00
2,12/2/2026,10:41:05.550,-0.09E+00,-0.05E+00,+0.05E+00,-0.05E+00,-8.13E+00,+7.22E+00,+0.53E+00,+3.365E+00
2,12/2/2026,10:41:05.550,-0.09E+00,-0.05E+00,+0.05E+00,+0.00E+00,-8.06E+00,+7.29E+00,+0.40E+00,+3.472E+00
2,12/2/2026,10:41:05.550,-0.09E+00,-0.05E+00,+0.05E+00,+0.00E+00,-8.00E+00,+7.37E+00,+0.26E+00,+3.579E+00
2,12/2/2026,10:41:05.550,-0.09E+00,-0.05E+00,+0.05E+00,+0.00E+00,-7.92E+00,+7.43E+00,+0.11E+00,+3.678E+00
2,12/2/2026,10:41:05.550,-0.09E+00,-0.05E+00,+0.05E+00,-0.05E+00,-7.84E+00,+7.51E+00,-0.03E+00,+3.785E+00
2,12/2/2026,10:41:05.550,-0.09E+00,-0.05E+00,+0.05E+00,+0.00E+00,-7.77E+00,+7.57E+00,-0.17E+00,+3.891E+00
2,12/2/2026,10:41:05.550,-0.09E+00,-0.05E+00,+0.05E+00,+0.00E+00,-7.68E+00,+7.63E+00,-0.32E+00,+3.991E+00
2,12/2/2026,10:41:05.550,-0.09E+00,-0.05E+00,+0.05E+00,+0.00E+00,-7.60E+00,+7.69E+00,-0.46E+00,+4.082E+00
2,12/2/2026,10:41:05.550,-0.09E+00,-0.05E+00,+0.05E+00,+0.00E+00,-7.51E+00,+7.75E+00,-0.61E+00,+4.189E+00
2,12/2/2026,10:41:05.550,-0.09E+00,-0.05E+00,+0.05E+00,+0.00E+00,-7.42E+00,+7.80E+00,-0.75E+00,+4.288E+00
2,12/2/2026,10:41:05.550,-0.09E+00,-0.05E+00,+0.05E+00,+0.00E+00,-7.32E+00,+7.86E+00,-0.89E+00,+4.387E+00
2,12/2/2026,10:41:05.550,-0.09E+00,-0.05E+00,+0.05E+00,+0.00E+00,-7.23E+00,+7.90E+00,-1.04E+00,+4.479E+00
2,12/2/2026,10:41:05.551,-0.09E+00,-0.05E+00,+0.05E+00,+0.00E+00,-7.14E+00,+7.95E+00,-1.18E+00,+4.578E+00
2,12/2/2026,10:41:05.551,-0.09E+00,-0.05E+00,+0.05E+00,+0.00E+00,-7.05E+00,+8.01E+00,-1.33E+00,+4.670E+00
2,12/2/2026,10:41:05.551,-0.09E+00,-0.05E+00,+0.05E+00,+0.00E+00,-6.94E+00,+8.06E+00,-1.48E+00,+4.769E+00
2,12/2/2026,10:41:05.551,-0.09E+00,-0.05E+00,+0.05E+00,+0.00E+00,-6.85E+00,+8.10E+00,-1.62E+00,+4.860E+00
2,12/2/2026,10:41:05.551,-0.09E+00,-0.05E+00,+0.05E+00,+0.00E+00,-6.75E+00,+8.15E+00,-1.75E+00,+4.952E+00
2,12/2/2026,10:41:05.551,-0.09E+00,-0.05E+00,+0.05E+00,-0.05E+00,-6.65E+00,+8.19E+00,-1.89E+00,+5.043E+00
2,12/2/2026,10:41:05.551,-0.09E+00,-0.05E+00,+0.05E+00,-0.05E+00,-6.56E+00,+8.24E+00,-2.04E+00,+5.135E+00
2,12/2/2026,10:41:05.551,-0.09E+00,-0.05E+00,+0.05E+00,+0.00E+00,-6.46E+00,+8.27E+00,-2.18E+00,+5.219E+00
2,12/2/2026,10:41:05.551,-0.09E+00,-0.05E+00,+0.05E+00,-0.05E+00,-6.35E+00,+8.30E+00,-2.32E+00,+5.311E+00
2,12/2/2026,10:41:05.551,-0.09E+00,-0.05E+00,+0.05E+00,-0.05E+00,-6.26E+00,+8.35E+00,-2.47E+00,+5.394E+00
2,12/2/2026,10:41:05.551,-0.09E+00,-0.05E+00,+0.05E+00,-0.05E+00,-6.15E+00,+8.38E+00,-2.61E+00,+5.478E+00
2,12/2/2026,10:41:05.551,-0.09E+00,-0.05E+00,+0.05E+00,+0.00E+00,-6.03E+00,+8.41E+00,-2.73E+00,+5.562E+00
2,12/2/2026,10:41:05.551,-0.09E+00,-0.05E+00,+0.05E+00,+0.00E+00,-5.92E+00,+8.44E+00,-2.88E+00,+5.646E+00
2,12/2/2026,10:41:05.551,-0.09E+00,-0.05E+00,+0.05E+00,+0.00E+00,-5.81E+00,+8.47E+00,-3.01E+00,+5.730E+00
2,12/2/2026,10:41:05.551,-0.09E+00,-0.05E+00,+0.05E+00,-0.05E+00,-5.71E+00,+8.50E+00,-3.14E+00,+5.807E+00
2,12/2/2026,10:41:05.551,-0.09E+00,-0.05E+00,+0.05E+00,+0.00E+00,-5.60E+00,+8.53E+00,-3.28E+00,+5.883E+00
2,12/2/2026,10:41:05.551,-0.09E+00,-0.05E+00,+0.05E+00,-0.05E+00,-5.49E+00,+8.55E+00,-3.42E+00,+5.959E+00
2,12/2/2026,10:41:05.551,-0.09E+00,-0.05E+00,+0.05E+00,+0.00E+00,-5.39E+00,+8.58E+00,-3.54E+00,+6.035E+00
2,12/2/2026,10:41:05.551,-0.09E+00,-0.05E+00,+0.05E+00,+0.00E+00,-5.28E+00,+8.59E+00,-3.68E+00,+6.112E+00
2,12/2/2026,10:41:05.551,-0.09E+00,-0.05E+00,+0.05E+00,-0.05E+00,-5.17E+00,+8.61E+00,-3.82E+00,+6.180E+00
2,12/2/2026,10:41:05.552,-0.09E+00,-0.05E+00,+0.05E+00,-0.05E+00,-5.07E+00,+8.62E+00,-3.94E+00,+6.257E+00
2,12/2/2026,10:41:05.552,-0.09E+00,-0.05E+00,+0.05E+00,+0.00E+00,-4.94E+00,+8.64E+00,-4.06E+00,+6.318E+00
2,12/2/2026,10:41:05.552,-0.09E+00,-0.05E+00,+0.05E+00,+0.00E+00,-4.84E+00,+8.65E+00,-4.18E+00,+6.386E+00
2,12/2/2026,10:41:05.552,-0.09E+00,-0.05E+00,+0.05E+00,+0.00E+00,-4.72E+00,+8.65E+00,-4.30E+00,+6.455E+00
2,12/2/2026,10:41:05.552,-0.09E+00,-0.05E+00,+0.05E+00,+0.00E+00,-4.61E+00,+8.67E+00,-4.43E+00,+6.516E+00
2,12/2/2026,10:41:05.552,-0.09E+00,-0.05E+00,+0.05E+00,+0.00E+00,-4.52E+00,+8.68E+00,-4.55E+00,+6.577E+00
2,12/2/2026,10:41:05.552,-0.09E+00,-0.05E+00,+0.05E+00,+0.00E+00,-4.39E+00,+8.70E+00,-4.65E+00,+6.638E+00
2,12/2/2026,10:41:05.552,-0.09E+00,-0.05E+00,+0.05E+00,-0.05E+00,-4.27E+00,+8.70E+00,-4.78E+00,+6.699E+00
2,12/2/2026,10:41:05.552,-0.09E+00,-0.05E+00,+0.05E+00,-0.05E+00,-4.17E+00,+8.70E+00,-4.90E+00,+6.760E+00
2,12/2/2026,10:41:05.552,-0.09E+00,-0.05E+00,+0.05E+00,+0.00E+00,-4.04E+00,+8.71E+00,-5.02E+00,+6.814E+00
2,12/2/2026,10:41:05.552,-0.09E+00,-0.09E+00,+0.05E+00,+0.00E+00,-3.94E+00,+8.70E+00,-5.13E+00,+6.875E+00
2,12/2/2026,10:41:05.552,-0.09E+00,-0.05E+00,+0.05E+00,-0.05E+00,-3.82E+00,+8.71E+00,-5.25E+00,+6.936E+00
2,12/2/2026,10:41:05.552,-0.09E+00,-0.05E+00,+0.05E+00,+0.00E+00,-3.71E+00,+8.71E+00,-5.37E+00,+6.989E+00
2,12/2/2026,10:41:05.552,-0.09E+00,-0.05E+00,+0.05E+00,+0.00E+00,-3.60E+00,+8.71E+00,-5.48E+00,+7.043E+00
2,12/2/2026,10:41:05.552,-0.09E+00,-0.05E+00,+0.05E+00,+0.00E+00,-3.48E+00,+8.71E+00,-5.60E+00,+7.096E+00
2,12/2/2026,10:41:05.552,-0.09E+00,-0.05E+00,+0.05E+00,+0.00E+00,-3.37E+00,+8.70E+00,-5.71E+00,+7.149E+00
2,12/2/2026,10:41:05.552,-0.09E+00,-0.05E+00,+0.05E+00,+0.00E+00,-3.25E+00,+8.70E+00,-5.81E+00,+7.203E+00
2,12/2/2026,10:41:05.552,-0.09E+00,-0.05E+00,+0.05E+00,-0.05E+00,-3.13E+00,+8.68E+00,-5.92E+00,+7.249E+00
2,12/2/2026,10:41:05.552,-0.09E+00,-0.05E+00,+0.05E+00,-0.05E+00,-3.01E+00,+8.68E+00,-6.04E+00,+7.294E+00
2,12/2/2026,10:41:05.552,-0.09E+00,-0.05E+00,+0.05E+00,+0.00E+00,-2.88E+00,+8.67E+00,-6.15E+00,+7.348E+00
2,12/2/2026,10:41:05.553,-0.09E+00,-0.05E+00,+0.05E+00,+0.00E+00,-2.75E+00,+8.65E+00,-6.26E+00,+7.394E+00
2,12/2/2026,10:41:05.553,-0.14E+00,-0.05E+00,+0.05E+00,-0.05E+00,-2.62E+00,+8.64E+00,-6.36E+00,+7.439E+00
2,12/2/2026,10:41:05.553,-0.09E+00,-0.05E+00,+0.05E+00,-0.05E+00,-2.49E+00,+8.61E+00,-6.47E+00,+7.470E+00
2,12/2/2026,10:41:05.553,-0.09E+00,-0.05E+00,+0.05E+00,+0.00E+00,-2.37E+00,+8.58E+00,-6.58E+00,+7.508E+00
2,12/2/2026,10:41:05.553,-0.09E+00,-0.05E+00,+0.05E+00,+0.00E+00,-2.23E+00,+8.55E+00,-6.68E+00,+7.539E+00
2,12/2/2026,10:41:05.553,-0.09E+00,-0.05E+00,+0.05E+00,+0.00E+00,-2.09E+00,+8.50E+00,-6.76E+00,+7.561E+00
2,12/2/2026,10:41:05.553,-0.09E+00,-0.05E+00,+0.05E+00,+0.00E+00,-1.97E+00,+8.45E+00,-6.85E+00,+7.577E+00
2,12/2/2026,10:41:05.553,-0.09E+00,-0.05E+00,+0.05E+00,+0.00E+00,-1.83E+00,+8.41E+00,-6.94E+00,+7.600E+00
2,12/2/2026,10:41:05.553,-0.09E+00,-0.05E+00,+0.05E+00,+0.00E+00,-1.69E+00,+8.36E+00,-7.02E+00,+7.615E+00
2,12/2/2026,10:41:05.553,-0.09E+00,-0.05E+00,+0.05E+00,+0.00E+00,-1.56E+00,+8.32E+00,-7.11E+00,+7.630E+00
2,12/2/2026,10:41:05.553,-0.09E+00,-0.05E+00,+0.05E+00,+0.00E+00,-1.42E+00,+8.26E+00,-7.19E+00,+7.638E+00
2,12/2/2026,10:41:05.553,-0.09E+00,-0.05E+00,+0.05E+00,-0.05E+00,-1.28E+00,+8.19E+00,-7.26E+00,+7.645E+00
2,12/2/2026,10:41:05.553,-0.09E+00,-0.05E+00,+0.05E+00,-0.05E+00,-1.14E+00,+8.13E+00,-7.34E+00,+7.653E+00
2,12/2/2026,10:41:05.553,-0.09E+00,-0.05E+00,+0.05E+00,+0.00E+00,-1.01E+00,+8.07E+00,-7.42E+00,+7.653E+00
2,12/2/2026,10:41:05.553,-0.09E+00,-0.05E+00,+0.05E+00,+0.00E+00,-0.87E+00,+8.00E+00,-7.49E+00,+7.653E+00
2,12/2/2026,10:41:05.553,-0.09E+00,-0.05E+00,+0.05E+00,-0.05E+00,-0.72E+00,+7.92E+00,-7.57E+00,+7.653E+00
2,12/2/2026,10:41:05.553,-0.09E+00,-0.05E+00,+0.05E+00,+0.00E+00,-0.58E+00,+7.84E+00,-7.63E+00,+7.653E+00
2,12/2/2026,10:41:05.553,-0.09E+00,-0.05E+00,+0.05E+00,-0.05E+00,-0.44E+00,+7.77E+00,-7.71E+00,+7.645E+00
2,12/2/2026,10:41:05.553,-0.09E+00,-0.05E+00,+0.05E+00,-0.05E+00,-0.29E+00,+7.71E+00,-7.77E+00,+7.638E+00
2,12/2/2026,10:41:05.553,-0.09E+00,-0.05E+00,+0.05E+00,+0.00E+00,-0.15E+00,+7.61E+00,-7.84E+00,+7.630E+00
2,12/2/2026,10:41:05.554,-0.09E+00,-0.05E+00,+0.00E+00,+0.00E+00,+0.00E+00,+7.54E+00,-7.90E+00,+7.622E+00
2,12/2/2026,10:41:05.554,-0.09E+00,-0.09E+00,+0.05E+00,+0.00E+00,+0.14E+00,+7.46E+00,-7.97E+00,+7.615E+00
2,12/2/2026,10:41:05.554,-0.09E+00,-0.05E+00,+0.05E+00,+0.00E+00,+0.29E+00,+7.39E+00,-8.03E+00,+7.607E+00
2,12/2/2026,10:41:05.554,-0.09E+00,-0.05E+00,+0.05E+00,+0.00E+00,+0.43E+00,+7.29E+00,-8.09E+00,+7.592E+00
2,12/2/2026,10:41:05.554,-0.09E+00,-0.05E+00,+0.05E+00,+0.00E+00,+0.56E+00,+7.22E+00,-8.15E+00,+7.577E+00
2,12/2/2026,10:41:05.554,-0.09E+00,-0.05E+00,+0.05E+00,+0.00E+00,+0.72E+00,+7.13E+00,-8.19E+00,+7.561E+00
2,12/2/2026,10:41:05.554,-0.09E+00,-0.05E+00,+0.05E+00,-0.05E+00,+0.87E+00,+7.03E+00,-8.26E+00,+7.539E+00
2,12/2/2026,10:41:05.554,-0.09E+00,-0.05E+00,+0.05E+00,+0.00E+00,+1.01E+00,+6.94E+00,-8.32E+00,+7.516E+00
2,12/2/2026,10:41:05.554,-0.09E+00,-0.05E+00,+0.05E+00,+0.00E+00,+1.16E+00,+6.85E+00,-8.36E+00,+7.500E+00
2,12/2/2026,10:41:05.554,-0.09E+00,-0.05E+00,+0.05E+00,-0.05E+00,+1.30E+00,+6.75E+00,-8.41E+00,+7.477E+00
2,12/2/2026,10:41:05.554,-0.09E+00,-0.05E+00,+0.05E+00,+0.00E+00,+1.45E+00,+6.65E+00,-8.47E+00,+7.447E+00
2,12/2/2026,10:41:05.554,-0.09E+00,-0.05E+00,+0.05E+00,+0.00E+00,+1.59E+00,+6.56E+00,-8.50E+00,+7.424E+00
2,12/2/2026,10:41:05.554,-0.09E+00,-0.05E+00,+0.00E+00,+0.00E+00,+1.72E+00,+6.47E+00,-8.55E+00,+7.386E+00
2,12/2/2026,10:41:05.554,-0.09E+00,-0.05E+00,+0.05E+00,+0.00E+00,+1.86E+00,+6.36E+00,-8.58E+00,+7.355E+00
2,12/2/2026,10:41:05.554,-0.09E+00,-0.05E+00,+0.05E+00,-0.05E+00,+2.00E+00,+6.27E+00,-8.62E+00,+7.325E+00
2,12/2/2026,10:41:05.554,-0.09E+00,-0.05E+00,+0.05E+00,-0.05E+00,+2.14E+00,+6.17E+00,-8.65E+00,+7.287E+00
2,12/2/2026,10:41:05.554,-0.09E+00,-0.05E+00,+0.05E+00,-0.05E+00,+2.27E+00,+6.06E+00,-8.68E+00,+7.256E+00
2,12/2/2026,10:41:05.554,-0.09E+00,-0.05E+00,+0.05E+00,-0.05E+00,+2.41E+00,+5.97E+00,-8.71E+00,+7.226E+00
2,12/2/2026,10:41:05.554,-0.09E+00,-0.05E+00,+0.05E+00,-0.05E+00,+2.53E+00,+5.86E+00,-8.74E+00,+7.180E+00
2,12/2/2026,10:41:05.554,-0.09E+00,-0.05E+00,+0.05E+00,-0.05E+00,+2.67E+00,+5.75E+00,-8.79E+00,+7.142E+00
2,12/2/2026,10:41:05.555,-0.09E+00,-0.05E+00,+0.05E+00,-0.05E+00,+2.81E+00,+5.66E+00,-8.81E+00,+7.104E+00
2,12/2/2026,10:41:05.555,-0.09E+00,-0.05E+00,+0.05E+00,+0.00E+00,+2.93E+00,+5.55E+00,-8.82E+00,+7.065E+00
2,12/2/2026,10:41:05.555,-0.09E+00,-0.05E+00,+0.05E+00,-0.05E+00,+3.05E+00,+5.45E+00,-8.85E+00,+7.020E+00
2,12/2/2026,10:41:05.555,-0.09E+00,-0.05E+00,+0.05E+00,+0.00E+00,+3.17E+00,+5.34E+00,-8.87E+00,+6.974E+00
2,12/2/2026,10:41:05.555,-0.09E+00,-0.05E+00,+0.05E+00,+0.00E+00,+3.31E+00,+5.22E+00,-8.88E+00,+6.928E+00
2,12/2/2026,10:41:05.555,-0.14E+00,-0.05E+00,+0.05E+00,-0.05E+00,+3.43E+00,+5.11E+00,-8.90E+00,+6.875E+00
2,12/2/2026,10:41:05.555,-0.09E+00,-0.05E+00,+0.05E+00,+0.00E+00,+3.57E+00,+5.01E+00,-8.93E+00,+6.829E+00
2,12/2/2026,10:41:05.555,-0.09E+00,-0.05E+00,+0.05E+00,+0.00E+00,+3.69E+00,+4.88E+00,-8.93E+00,+6.776E+00
2,12/2/2026,10:41:05.555,-0.09E+00,-0.05E+00,+0.00E+00,+0.00E+00,+3.82E+00,+4.78E+00,-8.94E+00,+6.722E+00
2,12/2/2026,10:41:05.555,-0.09E+00,-0.05E+00,+0.05E+00,+0.00E+00,+3.94E+00,+4.67E+00,-8.96E+00,+6.669E+00
2,12/2/2026,10:41:05.555,-0.09E+00,-0.05E+00,+0.05E+00,-0.05E+00,+4.06E+00,+4.55E+00,-8.96E+00,+6.623E+00
2,12/2/2026,10:41:05.555,-0.09E+00,-0.05E+00,+0.05E+00,-0.05E+00,+4.17E+00,+4.44E+00,-8.97E+00,+6.570E+00
2,12/2/2026,10:41:05.555,-0.09E+00,-0.05E+00,+0.05E+00,+0.00E+00,+4.29E+00,+4.33E+00,-8.97E+00,+6.516E+00
2,12/2/2026,10:41:05.555,-0.09E+00,-0.05E+00,+0.05E+00,+0.00E+00,+4.41E+00,+4.23E+00,-8.99E+00,+6.470E+00
2,12/2/2026,10:41:05.555,-0.09E+00,-0.05E+00,+0.05E+00,+0.00E+00,+4.52E+00,+4.10E+00,-8.99E+00,+6.409E+00
2,12/2/2026,10:41:05.555,-0.09E+00,-0.05E+00,+0.05E+00,+0.00E+00,+4.64E+00,+4.00E+00,-9.00E+00,+6.363E+00
2,12/2/2026,10:41:05.555,-0.09E+00,-0.05E+00,+0.05E+00,-0.05E+00,+4.76E+00,+3.89E+00,-9.00E+00,+6.310E+00
2,12/2/2026,10:41:05.555,-0.09E+00,-0.05E+00,+0.05E+00,-0.05E+00,+4.87E+00,+3.78E+00,-9.02E+00,+6.249E+00
2,12/2/2026,10:41:05.555,-0.09E+00,-0.05E+00,+0.05E+00,+0.00E+00,+4.99E+00,+3.68E+00,-9.02E+00,+6.196E+00
2,12/2/2026,10:41:05.555,-0.09E+00,-0.05E+00,+0.05E+00,+0.00E+00,+5.11E+00,+3.56E+00,-9.00E+00,+6.142E+00
2,12/2/2026,10:41:05.556,-0.09E+00,-0.05E+00,+0.05E+00,+0.00E+00,+5.22E+00,+3.43E+00,-9.02E+00,+6.081E+00
2,12/2/2026,10:41:05.556,-0.09E+00,-0.05E+00,+0.05E+00,+0.00E+00,+5.34E+00,+3.33E+00,-9.02E+00,+6.020E+00
2,12/2/2026,10:41:05.556,-0.09E+00,-0.05E+00,+0.05E+00,+0.00E+00,+5.45E+00,+3.20E+00,-9.00E+00,+5.959E+00
2,12/2/2026,10:41:05.556,-0.09E+00,-0.05E+00,+0.05E+00,+0.00E+00,+5.57E+00,+3.08E+00,-9.00E+00,+5.890E+00
2,12/2/2026,10:41:05.556,-0.09E+00,-0.05E+00,+0.05E+00,-0.05E+00,+5.69E+00,+2.96E+00,-8.99E+00,+5.822E+00
2,12/2/2026,10:41:05.556,-0.09E+00,-0.05E+00,+0.05E+00,+0.00E+00,+5.80E+00,+2.82E+00,-8.99E+00,+5.761E+00
2,12/2/2026,10:41:05.556,-0.09E+00,-0.05E+00,+0.05E+00,+0.00E+00,+5.92E+00,+2.70E+00,-8.97E+00,+5.692E+00
2,12/2/2026,10:41:05.556,-0.09E+00,-0.05E+00,+0.05E+00,+0.00E+00,+6.03E+00,+2.58E+00,-8.97E+00,+5.623E+00
2,12/2/2026,10:41:05.556,-0.09E+00,-0.05E+00,+0.05E+00,-0.05E+00,+6.15E+00,+2.46E+00,-8.96E+00,+5.555E+00
2,12/2/2026,10:41:05.556,-0.09E+00,+0.00E+00,+0.05E+00,+0.00E+00,+6.26E+00,+2.33E+00,-8.94E+00,+5.486E+00
2,12/2/2026,10:41:05.556,-0.09E+00,-0.05E+00,+0.05E+00,+0.00E+00,+6.35E+00,+2.21E+00,-8.93E+00,+5.410E+00
2,12/2/2026,10:41:05.556,-0.09E+00,-0.05E+00,+0.05E+00,-0.05E+00,+6.46E+00,+2.09E+00,-8.90E+00,+5.333E+00
2,12/2/2026,10:41:05.556,-0.09E+00,-0.05E+00,+0.05E+00,-0.05E+00,+6.55E+00,+1.95E+00,-8.87E+00,+5.250E+00
2,12/2/2026,10:41:05.556,-0.09E+00,-0.05E+00,+0.05E+00,+0.00E+00,+6.64E+00,+1.83E+00,-8.82E+00,+5.166E+00
2,12/2/2026,10:41:05.556,-0.09E+00,-0.05E+00,+0.05E+00,-0.05E+00,+6.73E+00,+1.69E+00,-8.77E+00,+5.066E+00
2,12/2/2026,10:41:05.556,-0.09E+00,-0.05E+00,+0.05E+00,-0.05E+00,+6.82E+00,+1.54E+00,-8.71E+00,+4.967E+00
2,12/2/2026,10:41:05.556,-0.09E+00,-0.05E+00,+0.05E+00,+0.00E+00,+6.90E+00,+1.40E+00,-8.65E+00,+4.868E+00
2,12/2/2026,10:41:05.556,-0.09E+00,-0.05E+00,+0.05E+00,-0.05E+00,+6.97E+00,+1.25E+00,-8.58E+00,+4.761E+00
2,12/2/2026,10:41:05.556,-0.14E+00,-0.05E+00,+0.05E+00,-0.05E+00,+7.05E+00,+1.11E+00,-8.52E+00,+4.654E+00
2,12/2/2026,10:41:05.556,-0.09E+00,-0.05E+00,+0.05E+00,+0.00E+00,+7.13E+00,+0.98E+00,-8.45E+00,+4.548E+00
2,12/2/2026,10:41:05.557,-0.09E+00,-0.05E+00,+0.05E+00,+0.00E+00,+7.20E+00,+0.84E+00,-8.39E+00,+4.448E+00
2,12/2/2026,10:41:05.557,-0.09E+00,-0.05E+00,+0.05E+00,-0.05E+00,+7.28E+00,+0.69E+00,-8.32E+00,+4.342E+00
2,12/2/2026,10:41:05.557,-0.09E+00,-0.05E+00,+0.05E+00,-0.05E+00,+7.34E+00,+0.55E+00,-8.26E+00,+4.242E+00
2,12/2/2026,10:41:05.557,-0.09E+00,-0.05E+00,+0.05E+00,+0.00E+00,+7.42E+00,+0.41E+00,-8.19E+00,+4.136E+00
2,12/2/2026,10:41:05.557,-0.09E+00,-0.05E+00,+0.05E+00,-0.05E+00,+7.48E+00,+0.27E+00,-8.12E+00,+4.029E+00
2,12/2/2026,10:41:05.557,-0.09E+00,-0.05E+00,+0.05E+00,-0.05E+00,+7.54E+00,+0.14E+00,-8.04E+00,+3.929E+00
2,12/2/2026,10:41:05.557,-0.09E+00,-0.05E+00,+0.05E+00,+0.00E+00,+7.60E+00,+0.00E+00,-7.98E+00,+3.823E+00
2,12/2/2026,10:41:05.557,-0.09E+00,-0.05E+00,+0.05E+00,+0.00E+00,+7.68E+00,-0.12E+00,-7.90E+00,+3.716E+00
2,12/2/2026,10:41:05.557,-0.09E+00,-0.05E+00,+0.05E+00,-0.05E+00,+7.72E+00,-0.26E+00,-7.81E+00,+3.609E+00
2,12/2/2026,10:41:05.557,-0.09E+00,-0.05E+00,+0.05E+00,-0.05E+00,+7.77E+00,-0.41E+00,-7.72E+00,+3.502E+00
2,12/2/2026,10:41:05.557,-0.09E+00,-0.05E+00,+0.05E+00,+0.00E+00,+7.83E+00,-0.55E+00,-7.65E+00,+3.388E+00
2,12/2/2026,10:41:05.557,-0.09E+00,-0.05E+00,+0.05E+00,+0.00E+00,+7.87E+00,-0.69E+00,-7.55E+00,+3.266E+00
2,12/2/2026,10:41:05.557,-0.09E+00,-0.05E+00,+0.05E+00,+0.00E+00,+7.92E+00,-0.82E+00,-7.46E+00,+3.144E+00
2,12/2/2026,10:41:05.557,-0.09E+00,-0.05E+00,+0.05E+00,+0.00E+00,+7.97E+00,-0.98E+00,-7.36E+00,+3.022E+00
2,12/2/2026,10:41:05.557,-0.09E+00,-0.05E+00,+0.05E+00,+0.00E+00,+8.01E+00,-1.11E+00,-7.25E+00,+2.899E+00
2,12/2/2026,10:41:05.557,-0.09E+00,-0.05E+00,+0.05E+00,-0.05E+00,+8.04E+00,-1.27E+00,-7.14E+00,+2.777E+00
2,12/2/2026,10:41:05.557,-0.09E+00,-0.05E+00,+0.05E+00,-0.05E+00,+8.10E+00,-1.40E+00,-7.05E+00,+2.655E+00
2,12/2/2026,10:41:05.557,-0.09E+00,-0.05E+00,+0.05E+00,+0.00E+00,+8.15E+00,-1.56E+00,-6.96E+00,+2.533E+00
2,12/2/2026,10:41:05.557,-0.09E+00,-0.05E+00,+0.05E+00,+0.00E+00,+8.18E+00,-1.69E+00,-6.85E+00,+2.419E+00
2,12/2/2026,10:41:05.557,-0.14E+00,-0.05E+00,+0.05E+00,+0.00E+00,+8.23E+00,-1.83E+00,-6.76E+00,+2.297E+00
2,12/2/2026,10:41:05.558,-0.09E+00,-0.05E+00,+0.05E+00,+0.00E+00,+8.27E+00,-1.97E+00,-6.67E+00,+2.175E+00
2,12/2/2026,10:41:05.558,-0.09E+00,-0.05E+00,+0.05E+00,+0.00E+00,+8.30E+00,-2.12E+00,-6.56E+00,+2.052E+00
2,12/2/2026,10:41:05.558,-0.09E+00,-0.05E+00,+0.05E+00,+0.00E+00,+8.33E+00,-2.26E+00,-6.44E+00,+1.938E+00
2,12/2/2026,10:41:05.558,-0.09E+00,-0.05E+00,+0.05E+00,+0.00E+00,+8.36E+00,-2.40E+00,-6.35E+00,+1.808E+00
2,12/2/2026,10:41:05.558,-0.09E+00,-0.05E+00,+0.05E+00,+0.00E+00,+8.41E+00,-2.53E+00,-6.24E+00,+1.686E+00
2,12/2/2026,10:41:05.558,-0.09E+00,-0.05E+00,+0.05E+00,-0.05E+00,+8.42E+00,-2.67E+00,-6.12E+00,+1.564E+00
2,12/2/2026,10:41:05.558,-0.09E+00,-0.05E+00,+0.05E+00,+0.00E+00,+8.45E+00,-2.81E+00,-6.01E+00,+1.442E+00
2,12/2/2026,10:41:05.558,-0.09E+00,-0.05E+00,+0.05E+00,+0.00E+00,+8.48E+00,-2.93E+00,-5.91E+00,+1.320E+00
2,12/2/2026,10:41:05.558,-0.09E+00,-0.05E+00,+0.05E+00,+0.00E+00,+8.50E+00,-3.07E+00,-5.78E+00,+1.198E+00
2,12/2/2026,10:41:05.558,-0.09E+00,-0.05E+00,+0.05E+00,-0.05E+00,+8.52E+00,-3.20E+00,-5.68E+00,+1.076E+00
2,12/2/2026,10:41:05.558,-0.09E+00,-0.05E+00,+0.05E+00,-0.05E+00,+8.53E+00,-3.33E+00,-5.57E+00,+0.961E+00
2,12/2/2026,10:41:05.558,-0.09E+00,-0.05E+00,+0.05E+00,-0.05E+00,+8.56E+00,-3.45E+00,-5.46E+00,+0.839E+00
2,12/2/2026,10:41:05.558,-0.09E+00,-0.05E+00,+0.05E+00,+0.00E+00,+8.58E+00,-3.57E+00,-5.34E+00,+0.717E+00
2,12/2/2026,10:41:05.558,-0.09E+00,-0.05E+00,+0.05E+00,+0.00E+00,+8.58E+00,-3.71E+00,-5.23E+00,+0.595E+00
2,12/2/2026,10:41:05.558,-0.09E+00,-0.05E+00,+0.05E+00,-0.05E+00,+8.59E+00,-3.83E+00,-5.13E+00,+0.481E+00
2,12/2/2026,10:41:05.558,-0.09E+00,-0.05E+00,+0.05E+00,-0.05E+00,+8.61E+00,-3.95E+00,-5.01E+00,+0.359E+00
2,12/2/2026,10:41:05.558,-0.09E+00,-0.05E+00,+0.05E+00,-0.05E+00,+8.61E+00,-4.07E+00,-4.90E+00,+0.244E+00
2,12/2/2026,10:41:05.558,-0.09E+00,-0.05E+00,+0.05E+00,+0.00E+00,+8.61E+00,-4.20E+00,-4.78E+00,+0.130E+00
2,12/2/2026,10:41:05.558,-0.09E+00,-0.05E+00,+0.05E+00,+0.00E+00,+8.62E+00,-4.30E+00,-4.67E+00,+0.023E+00
2,12/2/2026,10:41:05.558,-0.09E+00,-0.05E+00,+0.05E+00,+0.00E+00,+8.62E+00,-4.43E+00,-4.56E+00,-0.099E+00
2,12/2/2026,10:41:05.559,-0.09E+00,-0.05E+00,+0.05E+00,+0.00E+00,+8.64E+00,-4.55E+00,-4.46E+00,-0.214E+00
2,12/2/2026,10:41:05.559,-0.09E+00,-0.05E+00,+0.05E+00,+0.00E+00,+8.64E+00,-4.65E+00,-4.33E+00,-0.320E+00
2,12/2/2026,10:41:05.559,-0.09E+00,-0.05E+00,+0.05E+00,+0.00E+00,+8.64E+00,-4.78E+00,-4.23E+00,-0.443E+00
2,12/2/2026,10:41:05.559,-0.09E+00,-0.05E+00,+0.05E+00,+0.00E+00,+8.64E+00,-4.90E+00,-4.10E+00,-0.557E+00
2,12/2/2026,10:41:05.559,-0.09E+00,-0.05E+00,+0.05E+00,+0.00E+00,+8.64E+00,-5.01E+00,-3.98E+00,-0.671E+00
2,12/2/2026,10:41:05.559,-0.09E+00,-0.05E+00,+0.05E+00,+0.00E+00,+8.64E+00,-5.13E+00,-3.88E+00,-0.786E+00
2,12/2/2026,10:41:05.559,-0.09E+00,-0.05E+00,+0.05E+00,-0.05E+00,+8.62E+00,-5.23E+00,-3.77E+00,-0.900E+00
2,12/2/2026,10:41:05.559,-0.14E+00,-0.05E+00,+0.05E+00,-0.05E+00,+8.62E+00,-5.36E+00,-3.65E+00,-1.015E+00
2,12/2/2026,10:41:05.559,-0.09E+00,-0.05E+00,+0.05E+00,+0.00E+00,+8.62E+00,-5.46E+00,-3.53E+00,-1.129E+00
2,12/2/2026,10:41:05.559,-0.09E+00,-0.05E+00,+0.05E+00,+0.00E+00,+8.61E+00,-5.57E+00,-3.40E+00,-1.244E+00
2,12/2/2026,10:41:05.559,-0.09E+00,-0.05E+00,+0.05E+00,-0.05E+00,+8.59E+00,-5.69E+00,-3.28E+00,-1.358E+00
2,12/2/2026,10:41:05.559,-0.09E+00,-0.05E+00,+0.05E+00,-0.05E+00,+8.58E+00,-5.80E+00,-3.16E+00,-1.473E+00
2,12/2/2026,10:41:05.559,-0.09E+00,-0.05E+00,+0.05E+00,-0.05E+00,+8.56E+00,-5.91E+00,-3.04E+00,-1.595E+00
2,12/2/2026,10:41:05.559,-0.09E+00,-0.05E+00,+0.05E+00,-0.05E+00,+8.55E+00,-6.01E+00,-2.90E+00,-1.709E+00
2,12/2/2026,10:41:05.559,-0.09E+00,-0.05E+00,+0.05E+00,+0.00E+00,+8.52E+00,-6.13E+00,-2.76E+00,-1.831E+00
2,12/2/2026,10:41:05.559,-0.09E+00,-0.05E+00,+0.05E+00,+0.00E+00,+8.48E+00,-6.24E+00,-2.62E+00,-1.953E+00
2,12/2/2026,10:41:05.559,-0.09E+00,-0.05E+00,+0.05E+00,-0.05E+00,+8.45E+00,-6.33E+00,-2.49E+00,-2.068E+00
2,12/2/2026,10:41:05.559,-0.09E+00,-0.05E+00,+0.05E+00,+0.00E+00,+8.42E+00,-6.44E+00,-2.37E+00,-2.190E+00
2,12/2/2026,10:41:05.559,-0.09E+00,-0.05E+00,+0.05E+00,-0.05E+00,+8.39E+00,-6.53E+00,-2.23E+00,-2.304E+00
2,12/2/2026,10:41:05.559,-0.09E+00,-0.05E+00,+0.00E+00,-0.05E+00,+8.35E+00,-6.62E+00,-2.09E+00,-2.411E+00
2,12/2/2026,10:41:05.560,-0.09E+00,-0.05E+00,+0.05E+00,-0.05E+00,+8.30E+00,-6.71E+00,-1.97E+00,-2.518E+00
2,12/2/2026,10:41:05.560,-0.09E+00,-0.05E+00,+0.05E+00,-0.05E+00,+8.27E+00,-6.79E+00,-1.83E+00,-2.632E+00
2,12/2/2026,10:41:05.560,-0.14E+00,-0.05E+00,+0.05E+00,+0.00E+00,+8.21E+00,-6.88E+00,-1.69E+00,-2.732E+00
2,12/2/2026,10:41:05.560,-0.09E+00,-0.05E+00,+0.05E+00,-0.05E+00,+8.16E+00,-6.97E+00,-1.56E+00,-2.846E+00
2,12/2/2026,10:41:05.560,-0.09E+00,-0.05E+00,+0.05E+00,+0.00E+00,+8.12E+00,-7.05E+00,-1.42E+00,-2.960E+00
2,12/2/2026,10:41:05.560,-0.09E+00,-0.05E+00,+0.05E+00,+0.00E+00,+8.06E+00,-7.13E+00,-1.28E+00,-3.067E+00
2,12/2/2026,10:41:05.560,-0.09E+00,-0.05E+00,+0.05E+00,+0.00E+00,+8.00E+00,-7.20E+00,-1.14E+00,-3.174E+00
2,12/2/2026,10:41:05.560,-0.09E+00,-0.05E+00,+0.05E+00,-0.05E+00,+7.92E+00,-7.29E+00,-1.01E+00,-3.289E+00
2,12/2/2026,10:41:05.560,-0.09E+00,-0.05E+00,+0.05E+00,-0.05E+00,+7.86E+00,-7.37E+00,-0.85E+00,-3.395E+00
2,12/2/2026,10:41:05.560,-0.09E+00,+0.00E+00,+0.05E+00,+0.00E+00,+7.78E+00,-7.45E+00,-0.72E+00,-3.502E+00
2,12/2/2026,10:41:05.560,-0.09E+00,-0.05E+00,+0.00E+00,+0.00E+00,+7.72E+00,-7.52E+00,-0.56E+00,-3.609E+00
2,12/2/2026,10:41:05.560,-0.09E+00,-0.05E+00,+0.05E+00,+0.00E+00,+7.65E+00,-7.58E+00,-0.43E+00,-3.716E+00
2,12/2/2026,10:41:05.560,-0.09E+00,-0.05E+00,+0.05E+00,-0.05E+00,+7.57E+00,-7.65E+00,-0.27E+00,-3.815E+00
2,12/2/2026,10:41:05.560,-0.14E+00,-0.05E+00,+0.05E+00,-0.05E+00,+7.49E+00,-7.72E+00,-0.14E+00,-3.922E+00
2,12/2/2026,10:41:05.560,-0.09E+00,-0.05E+00,+0.05E+00,-0.05E+00,+7.42E+00,-7.78E+00,+0.00E+00,-4.021E+00
2,12/2/2026,10:41:05.560,-0.09E+00,-0.05E+00,+0.05E+00,-0.05E+00,+7.32E+00,-7.84E+00,+0.15E+00,-4.120E+00
2,12/2/2026,10:41:05.560,-0.09E+00,-0.05E+00,+0.05E+00,+0.00E+00,+7.25E+00,-7.89E+00,+0.29E+00,-4.219E+00
2,12/2/2026,10:41:05.560,-0.09E+00,-0.05E+00,+0.05E+00,+0.00E+00,+7.16E+00,-7.95E+00,+0.43E+00,-4.319E+00
2,12/2/2026,10:41:05.560,-0.09E+00,-0.05E+00,+0.05E+00,-0.05E+00,+7.05E+00,-8.00E+00,+0.58E+00,-4.410E+00
2,12/2/2026,10:41:05.560,-0.14E+00,-0.05E+00,+0.05E+00,-0.05E+00,+6.96E+00,-8.06E+00,+0.72E+00,-4.509E+00
2,12/2/2026,10:41:05.561,-0.09E+00,-0.05E+00,+0.05E+00,-0.05E+00,+6.87E+00,-8.10E+00,+0.87E+00,-4.609E+00
2,12/2/2026,10:41:05.561,-0.09E+00,-0.05E+00,+0.05E+00,+0.00E+00,+6.78E+00,-8.15E+00,+1.01E+00,-4.700E+00
2,12/2/2026,10:41:05.561,-0.09E+00,-0.05E+00,+0.05E+00,+0.00E+00,+6.67E+00,-8.19E+00,+1.16E+00,-4.799E+00
2,12/2/2026,10:41:05.561,-0.09E+00,-0.05E+00,+0.00E+00,+0.00E+00,+6.58E+00,-8.24E+00,+1.31E+00,-4.891E+00
2,12/2/2026,10:41:05.561,-0.14E+00,-0.05E+00,+0.05E+00,+0.00E+00,+6.49E+00,-8.29E+00,+1.45E+00,-4.982E+00
2,12/2/2026,10:41:05.561,-0.09E+00,-0.05E+00,+0.05E+00,+0.00E+00,+6.38E+00,-8.33E+00,+1.59E+00,-5.074E+00
2,12/2/2026,10:41:05.561,-0.09E+00,-0.05E+00,+0.05E+00,+0.00E+00,+6.29E+00,-8.38E+00,+1.72E+00,-5.166E+00
2,12/2/2026,10:41:05.561,-0.09E+00,-0.05E+00,+0.05E+00,+0.00E+00,+6.18E+00,-8.42E+00,+1.88E+00,-5.250E+00
2,12/2/2026,10:41:05.561,-0.09E+00,-0.05E+00,+0.05E+00,+0.00E+00,+6.09E+00,-8.45E+00,+2.01E+00,-5.341E+00
2,12/2/2026,10:41:05.561,-0.14E+00,-0.05E+00,+0.05E+00,+0.00E+00,+5.98E+00,-8.50E+00,+2.15E+00,-5.425E+00
2,12/2/2026,10:41:05.561,-0.09E+00,-0.05E+00,+0.05E+00,+0.00E+00,+5.88E+00,-8.53E+00,+2.29E+00,-5.509E+00
2,12/2/2026,10:41:05.561,-0.09E+00,-0.05E+00,+0.05E+00,+0.00E+00,+5.77E+00,-8.56E+00,+2.44E+00,-5.593E+00
2,12/2/2026,10:41:05.561,-0.09E+00,-0.05E+00,+0.05E+00,-0.05E+00,+5.66E+00,-8.59E+00,+2.56E+00,-5.677E+00
2,12/2/2026,10:41:05.561,-0.09E+00,-0.05E+00,+0.05E+00,-0.05E+00,+5.55E+00,-8.61E+00,+2.70E+00,-5.753E+00
2,12/2/2026,10:41:05.561,-0.09E+00,-0.05E+00,+0.05E+00,-0.05E+00,+5.45E+00,-8.64E+00,+2.84E+00,-5.829E+00
2,12/2/2026,10:41:05.561,-0.09E+00,-0.05E+00,+0.05E+00,-0.05E+00,+5.34E+00,-8.67E+00,+2.98E+00,-5.913E+00
2,12/2/2026,10:41:05.561,-0.09E+00,-0.05E+00,+0.05E+00,+0.00E+00,+5.22E+00,-8.70E+00,+3.10E+00,-5.990E+00
2,12/2/2026,10:41:05.561,-0.09E+00,-0.05E+00,+0.05E+00,+0.00E+00,+5.11E+00,-8.71E+00,+3.24E+00,-6.066E+00
2,12/2/2026,10:41:05.561,-0.09E+00,-0.05E+00,+0.05E+00,+0.00E+00,+5.01E+00,-8.74E+00,+3.37E+00,-6.135E+00
2,12/2/2026,10:41:05.561,-0.09E+00,-0.05E+00,+0.05E+00,-0.05E+00,+4.90E+00,-8.76E+00,+3.49E+00,-6.211E+00
2,12/2/2026,10:41:05.562,-0.09E+00,-0.05E+00,+0.00E+00,+0.00E+00,+4.79E+00,-8.77E+00,+3.62E+00,-6.280E+00
2,12/2/2026,10:41:05.562,-0.09E+00,-0.05E+00,+0.05E+00,+0.00E+00,+4.67E+00,-8.79E+00,+3.74E+00,-6.348E+00
2,12/2/2026,10:41:05.562,-0.09E+00,-0.05E+00,+0.05E+00,+0.00E+00,+4.55E+00,-8.79E+00,+3.88E+00,-6.417E+00
2,12/2/2026,10:41:05.562,-0.09E+00,-0.05E+00,+0.05E+00,+0.00E+00,+4.44E+00,-8.81E+00,+4.00E+00,-6.478E+00
2,12/2/2026,10:41:05.562,-0.09E+00,-0.05E+00,+0.05E+00,+0.00E+00,+4.33E+00,-8.82E+00,+4.10E+00,-6.539E+00
2,12/2/2026,10:41:05.562,-0.09E+00,-0.05E+00,+0.05E+00,+0.00E+00,+4.24E+00,-8.82E+00,+4.23E+00,-6.600E+00
2,12/2/2026,10:41:05.562,-0.09E+00,-0.05E+00,+0.05E+00,-0.05E+00,+4.12E+00,-8.84E+00,+4.35E+00,-6.661E+00
2,12/2/2026,10:41:05.562,-0.09E+00,-0.05E+00,+0.00E+00,+0.00E+00,+4.01E+00,-8.85E+00,+4.47E+00,-6.730E+00
2,12/2/2026,10:41:05.562,-0.09E+00,-0.05E+00,+0.05E+00,+0.00E+00,+3.89E+00,-8.85E+00,+4.58E+00,-6.783E+00
2,12/2/2026,10:41:05.562,-0.09E+00,-0.05E+00,+0.05E+00,+0.00E+00,+3.78E+00,-8.85E+00,+4.70E+00,-6.844E+00
2,12/2/2026,10:41:05.562,-0.09E+00,-0.05E+00,+0.05E+00,-0.05E+00,+3.66E+00,-8.85E+00,+4.82E+00,-6.905E+00
2,12/2/2026,10:41:05.562,-0.14E+00,-0.05E+00,+0.05E+00,-0.05E+00,+3.54E+00,-8.85E+00,+4.94E+00,-6.966E+00
2,12/2/2026,10:41:05.562,-0.09E+00,-0.05E+00,+0.05E+00,+0.00E+00,+3.43E+00,-8.85E+00,+5.07E+00,-7.020E+00
2,12/2/2026,10:41:05.562,-0.09E+00,-0.05E+00,+0.05E+00,+0.00E+00,+3.33E+00,-8.85E+00,+5.17E+00,-7.065E+00
2,12/2/2026,10:41:05.562,-0.09E+00,-0.05E+00,+0.05E+00,+0.00E+00,+3.20E+00,-8.85E+00,+5.28E+00,-7.127E+00
2,12/2/2026,10:41:05.562,-0.09E+00,-0.05E+00,+0.05E+00,+0.00E+00,+3.10E+00,-8.85E+00,+5.39E+00,-7.180E+00
2,12/2/2026,10:41:05.562,-0.09E+00,-0.05E+00,+0.05E+00,-0.05E+00,+2.98E+00,-8.85E+00,+5.51E+00,-7.226E+00
2,12/2/2026,10:41:05.562,-0.09E+00,-0.05E+00,+0.05E+00,-0.05E+00,+2.85E+00,-8.84E+00,+5.62E+00,-7.279E+00
2,12/2/2026,10:41:05.562,-0.09E+00,-0.05E+00,+0.00E+00,+0.00E+00,+2.73E+00,-8.84E+00,+5.72E+00,-7.325E+00
2,12/2/2026,10:41:05.562,-0.09E+00,-0.05E+00,+0.05E+00,-0.05E+00,+2.61E+00,-8.82E+00,+5.84E+00,-7.371E+00
2,12/2/2026,10:41:05.563,-0.09E+00,-0.05E+00,+0.05E+00,-0.05E+00,+2.47E+00,-8.79E+00,+5.95E+00,-7.416E+00
2,12/2/2026,10:41:05.563,-0.09E+00,-0.05E+00,+0.05E+00,-0.05E+00,+2.35E+00,-8.76E+00,+6.06E+00,-7.455E+00
2,12/2/2026,10:41:05.563,-0.09E+00,-0.05E+00,+0.05E+00,-0.05E+00,+2.21E+00,-8.74E+00,+6.17E+00,-7.493E+00
2,12/2/2026,10:41:05.563,-0.09E+00,-0.05E+00,+0.05E+00,-0.05E+00,+2.08E+00,-8.71E+00,+6.27E+00,-7.531E+00
2,12/2/2026,10:41:05.563,-0.05E+00,-0.05E+00,+0.05E+00,-0.05E+00,+1.94E+00,-8.68E+00,+6.38E+00,-7.561E+00
2,12/2/2026,10:41:05.563,-0.09E+00,-0.05E+00,+0.05E+00,+0.00E+00,+1.82E+00,-8.64E+00,+6.46E+00,-7.584E+00
2,12/2/2026,10:41:05.563,-0.09E+00,-0.05E+00,+0.05E+00,+0.00E+00,+1.68E+00,-8.61E+00,+6.55E+00,-7.607E+00
2,12/2/2026,10:41:05.563,-0.09E+00,-0.05E+00,+0.00E+00,+0.00E+00,+1.56E+00,-8.56E+00,+6.64E+00,-7.622E+00
2,12/2/2026,10:41:05.563,-0.09E+00,-0.05E+00,+0.05E+00,+0.00E+00,+1.42E+00,-8.50E+00,+6.71E+00,-7.638E+00
2,12/2/2026,10:41:05.563,-0.09E+00,-0.05E+00,+0.05E+00,+0.00E+00,+1.28E+00,-8.45E+00,+6.81E+00,-7.653E+00
2,12/2/2026,10:41:05.563,-0.09E+00,-0.05E+00,+0.05E+00,+0.00E+00,+1.14E+00,-8.39E+00,+6.88E+00,-7.661E+00
2,12/2/2026,10:41:05.563,-0.14E+00,-0.05E+00,+0.05E+00,-0.05E+00,+1.01E+00,-8.33E+00,+6.96E+00,-7.668E+00
2,12/2/2026,10:41:05.563,-0.09E+00,-0.05E+00,+0.05E+00,-0.05E+00,+0.87E+00,-8.27E+00,+7.03E+00,-7.676E+00
2,12/2/2026,10:41:05.563,-0.09E+00,-0.05E+00,+0.05E+00,+0.00E+00,+0.73E+00,-8.21E+00,+7.11E+00,-7.676E+00
2,12/2/2026,10:41:05.563,-0.09E+00,-0.05E+00,+0.05E+00,+0.00E+00,+0.58E+00,-8.13E+00,+7.17E+00,-7.676E+00
2,12/2/2026,10:41:05.563,-0.09E+00,-0.05E+00,+0.05E+00,+0.00E+00,+0.44E+00,-8.06E+00,+7.25E+00,-7.668E+00
2,12/2/2026,10:41:05.563,-0.09E+00,-0.05E+00,+0.05E+00,+0.00E+00,+0.29E+00,-7.98E+00,+7.32E+00,-7.668E+00
2,12/2/2026,10:41:05.563,-0.09E+00,-0.05E+00,+0.05E+00,-0.05E+00,+0.14E+00,-7.90E+00,+7.39E+00,-7.668E+00
2,12/2/2026,10:41:05.563,-0.09E+00,-0.05E+00,+0.05E+00,+0.00E+00,+0.00E+00,-7.83E+00,+7.46E+00,-7.661E+00
2,12/2/2026,10:41:05.563,-0.14E+00,-0.05E+00,+0.05E+00,+0.00E+00,-0.14E+00,-7.75E+00,+7.52E+00,-7.653E+00
2,12/2/2026,10:41:05.564,-0.09E+00,-0.05E+00,+0.05E+00,-0.05E+00,-0.29E+00,-7.69E+00,+7.58E+00,-7.645E+00
2,12/2/2026,10:41:05.564,-0.09E+00,-0.05E+00,+0.05E+00,-0.05E+00,-0.43E+00,-7.60E+00,+7.66E+00,-7.638E+00
2,12/2/2026,10:41:05.564,-0.09E+00,-0.05E+00,+0.05E+00,+0.00E+00,-0.58E+00,-7.52E+00,+7.71E+00,-7.630E+00
2,12/2/2026,10:41:05.564,-0.09E+00,-0.05E+00,+0.05E+00,+0.00E+00,-0.72E+00,-7.43E+00,+7.78E+00,-7.615E+00
2,12/2/2026,10:41:05.564,-0.09E+00,-0.05E+00,+0.05E+00,-0.05E+00,-0.85E+00,-7.36E+00,+7.84E+00,-7.600E+00
2,12/2/2026,10:41:05.564,-0.09E+00,-0.05E+00,+0.05E+00,-0.05E+00,-1.01E+00,-7.26E+00,+7.89E+00,-7.577E+00
2,12/2/2026,10:41:05.564,-0.09E+00,-0.05E+00,+0.05E+00,+0.00E+00,-1.14E+00,-7.17E+00,+7.95E+00,-7.561E+00
2,12/2/2026,10:41:05.564,-0.09E+00,-0.05E+00,+0.05E+00,+0.00E+00,-1.30E+00,-7.08E+00,+8.00E+00,-7.539E+00
2,12/2/2026,10:41:05.564,-0.09E+00,-0.05E+00,+0.05E+00,+0.00E+00,-1.45E+00,-6.99E+00,+8.04E+00,-7.516E+00
2,12/2/2026,10:41:05.564,-0.09E+00,-0.05E+00,+0.05E+00,-0.05E+00,-1.59E+00,-6.88E+00,+8.10E+00,-7.485E+00
2,12/2/2026,10:41:05.564,-0.09E+00,-0.05E+00,+0.05E+00,+0.00E+00,-1.72E+00,-6.79E+00,+8.15E+00,-7.462E+00
2,12/2/2026,10:41:05.564,-0.09E+00,-0.05E+00,+0.00E+00,+0.00E+00,-1.88E+00,-6.68E+00,+8.19E+00,-7.432E+00
2,12/2/2026,10:41:05.564,-0.09E+00,-0.05E+00,+0.05E+00,-0.05E+00,-2.01E+00,-6.59E+00,+8.23E+00,-7.401E+00
2,12/2/2026,10:41:05.564,-0.09E+00,-0.05E+00,+0.05E+00,-0.05E+00,-2.15E+00,-6.49E+00,+8.27E+00,-7.371E+00
2,12/2/2026,10:41:05.564,-0.09E+00,-0.05E+00,+0.00E+00,+0.00E+00,-2.29E+00,-6.39E+00,+8.30E+00,-7.340E+00
2,12/2/2026,10:41:05.564,-0.09E+00,-0.05E+00,+0.05E+00,-0.05E+00,-2.43E+00,-6.29E+00,+8.33E+00,-7.310E+00
2,12/2/2026,10:41:05.564,-0.09E+00,-0.05E+00,+0.05E+00,-0.05E+00,-2.56E+00,-6.20E+00,+8.38E+00,-7.271E+00
2,12/2/2026,10:41:05.564,-0.09E+00,-0.05E+00,+0.05E+00,+0.00E+00,-2.70E+00,-6.09E+00,+8.41E+00,-7.233E+00
2,12/2/2026,10:41:05.564,-0.09E+00,-0.05E+00,+0.05E+00,-0.05E+00,-2.82E+00,-6.00E+00,+8.44E+00,-7.195E+00
2,12/2/2026,10:41:05.564,-0.09E+00,-0.05E+00,+0.05E+00,-0.05E+00,-2.96E+00,-5.89E+00,+8.47E+00,-7.157E+00
2,12/2/2026,10:41:05.565,-0.09E+00,-0.05E+00,+0.05E+00,+0.00E+00,-3.10E+00,-5.77E+00,+8.50E+00,-7.111E+00
2,12/2/2026,10:41:05.565,-0.09E+00,-0.05E+00,+0.05E+00,+0.00E+00,-3.22E+00,-5.68E+00,+8.52E+00,-7.073E+00
2,12/2/2026,10:41:05.565,-0.09E+00,-0.05E+00,+0.05E+00,+0.00E+00,-3.36E+00,-5.57E+00,+8.53E+00,-7.027E+00
2,12/2/2026,10:41:05.565,-0.09E+00,-0.05E+00,+0.05E+00,+0.00E+00,-3.48E+00,-5.45E+00,+8.56E+00,-6.982E+00
2,12/2/2026,10:41:05.565,-0.09E+00,-0.05E+00,+0.05E+00,+0.00E+00,-3.60E+00,-5.34E+00,+8.58E+00,-6.936E+00
2,12/2/2026,10:41:05.565,-0.09E+00,-0.05E+00,+0.05E+00,+0.00E+00,-3.74E+00,-5.23E+00,+8.59E+00,-6.882E+00
2,12/2/2026,10:41:05.565,-0.09E+00,-0.05E+00,+0.05E+00,-0.05E+00,-3.86E+00,-5.13E+00,+8.59E+00,-6.837E+00
2,12/2/2026,10:41:05.565,-0.09E+00,-0.05E+00,+0.05E+00,+0.00E+00,-3.98E+00,-5.01E+00,+8.61E+00,-6.783E+00
2,12/2/2026,10:41:05.565,-0.09E+00,-0.05E+00,+0.05E+00,+0.00E+00,-4.10E+00,-4.88E+00,+8.62E+00,-6.730E+00
2,12/2/2026,10:41:05.565,-0.09E+00,-0.05E+00,+0.05E+00,-0.05E+00,-4.23E+00,-4.79E+00,+8.62E+00,-6.684E+00
2,12/2/2026,10:41:05.565,-0.09E+00,-0.05E+00,+0.05E+00,-0.05E+00,-4.33E+00,-4.68E+00,+8.64E+00,-6.631E+00
2,12/2/2026,10:41:05.565,-0.09E+00,-0.05E+00,+0.05E+00,-0.05E+00,-4.46E+00,-4.56E+00,+8.65E+00,-6.585E+00
2,12/2/2026,10:41:05.565,-0.09E+00,-0.05E+00,+0.05E+00,-0.05E+00,-4.58E+00,-4.46E+00,+8.65E+00,-6.531E+00
2,12/2/2026,10:41:05.565,-0.09E+00,-0.05E+00,+0.05E+00,-0.05E+00,-4.70E+00,-4.35E+00,+8.67E+00,-6.478E+00
2,12/2/2026,10:41:05.565,-0.09E+00,-0.05E+00,+0.05E+00,+0.00E+00,-4.82E+00,-4.24E+00,+8.68E+00,-6.425E+00
2,12/2/2026,10:41:05.565,-0.09E+00,-0.05E+00,+0.05E+00,+0.00E+00,-4.93E+00,-4.12E+00,+8.68E+00,-6.371E+00
2,12/2/2026,10:41:05.565,-0.09E+00,-0.05E+00,+0.05E+00,-0.05E+00,-5.05E+00,-4.01E+00,+8.68E+00,-6.310E+00
2,12/2/2026,10:41:05.565,-0.09E+00,-0.05E+00,+0.05E+00,+0.00E+00,-5.17E+00,-3.91E+00,+8.70E+00,-6.257E+00
2,12/2/2026,10:41:05.565,-0.09E+00,-0.05E+00,+0.05E+00,+0.00E+00,-5.28E+00,-3.78E+00,+8.70E+00,-6.203E+00
2,12/2/2026,10:41:05.565,-0.09E+00,-0.05E+00,+0.05E+00,-0.05E+00,-5.40E+00,-3.68E+00,+8.70E+00,-6.142E+00
2,12/2/2026,10:41:05.566,-0.09E+00,-0.05E+00,+0.05E+00,-0.05E+00,-5.51E+00,-3.56E+00,+8.70E+00,-6.081E+00
2,12/2/2026,10:41:05.566,-0.09E+00,-0.05E+00,+0.05E+00,+0.00E+00,-5.63E+00,-3.43E+00,+8.70E+00,-6.020E+00
2,12/2/2026,10:41:05.566,-0.09E+00,-0.05E+00,+0.05E+00,+0.00E+00,-5.74E+00,-3.31E+00,+8.68E+00,-5.959E+00
2,12/2/2026,10:41:05.566,-0.09E+00,-0.05E+00,+0.05E+00,-0.05E+00,-5.86E+00,-3.20E+00,+8.68E+00,-5.898E+00
2,12/2/2026,10:41:05.566,-0.09E+00,-0.05E+00,+0.05E+00,-0.05E+00,-5.97E+00,-3.08E+00,+8.68E+00,-5.837E+00
2,12/2/2026,10:41:05.566,-0.09E+00,-0.05E+00,+0.05E+00,+0.00E+00,-6.09E+00,-2.96E+00,+8.67E+00,-5.768E+00
2,12/2/2026,10:41:05.566,-0.09E+00,-0.05E+00,+0.05E+00,-0.05E+00,-6.20E+00,-2.82E+00,+8.65E+00,-5.700E+00
2,12/2/2026,10:41:05.566,-0.09E+00,-0.05E+00,+0.05E+00,-0.05E+00,-6.32E+00,-2.70E+00,+8.65E+00,-5.631E+00
2,12/2/2026,10:41:05.566,-0.09E+00,-0.05E+00,+0.05E+00,+0.00E+00,-6.42E+00,-2.58E+00,+8.64E+00,-5.570E+00
2,12/2/2026,10:41:05.566,-0.09E+00,-0.05E+00,+0.05E+00,+0.00E+00,-6.53E+00,-2.46E+00,+8.62E+00,-5.494E+00
2,12/2/2026,10:41:05.566,-0.09E+00,-0.05E+00,+0.05E+00,-0.05E+00,-6.64E+00,-2.33E+00,+8.61E+00,-5.417E+00
2,12/2/2026,10:41:05.566,-0.09E+00,-0.05E+00,+0.05E+00,-0.05E+00,-6.73E+00,-2.21E+00,+8.58E+00,-5.341E+00
2,12/2/2026,10:41:05.566,-0.09E+00,-0.05E+00,+0.00E+00,-0.05E+00,-6.82E+00,-2.08E+00,+8.53E+00,-5.257E+00
2,12/2/2026,10:41:05.566,-0.09E+00,-0.05E+00,+0.05E+00,-0.05E+00,-6.91E+00,-1.94E+00,+8.48E+00,-5.166E+00
2,12/2/2026,10:41:05.566,-0.09E+00,-0.05E+00,+0.05E+00,+0.00E+00,-7.00E+00,-1.80E+00,+8.44E+00,-5.074E+00
2,12/2/2026,10:41:05.566,-0.09E+00,-0.05E+00,+0.05E+00,+0.00E+00,-7.10E+00,-1.66E+00,+8.38E+00,-4.975E+00
2,12/2/2026,10:41:05.566,-0.09E+00,-0.05E+00,+0.05E+00,+0.00E+00,-7.17E+00,-1.51E+00,+8.32E+00,-4.868E+00
2,12/2/2026,10:41:05.566,-0.09E+00,-0.05E+00,+0.05E+00,-0.05E+00,-7.25E+00,-1.37E+00,+8.27E+00,-4.769E+00
2,12/2/2026,10:41:05.566,-0.09E+00,-0.05E+00,+0.05E+00,-0.05E+00,-7.32E+00,-1.24E+00,+8.21E+00,-4.662E+00
2,12/2/2026,10:41:05.567,-0.09E+00,-0.05E+00,+0.05E+00,-0.05E+00,-7.40E+00,-1.10E+00,+8.13E+00,-4.563E+00
2,12/2/2026,10:41:05.567,-0.09E+00,-0.05E+00,+0.05E+00,+0.00E+00,-7.48E+00,-0.96E+00,+8.06E+00,-4.464E+00
2,12/2/2026,10:41:05.567,-0.09E+00,-0.05E+00,+0.05E+00,+0.00E+00,-7.55E+00,-0.82E+00,+8.00E+00,-4.357E+00
2,12/2/2026,10:41:05.567,-0.09E+00,-0.05E+00,+0.05E+00,-0.05E+00,-7.63E+00,-0.67E+00,+7.94E+00,-4.250E+00
2,12/2/2026,10:41:05.567,-0.09E+00,-0.05E+00,+0.05E+00,+0.00E+00,-7.69E+00,-0.53E+00,+7.86E+00,-4.151E+00
2,12/2/2026,10:41:05.567,-0.09E+00,-0.05E+00,+0.05E+00,-0.05E+00,-7.77E+00,-0.41E+00,+7.80E+00,-4.044E+00
2,12/2/2026,10:41:05.567,-0.09E+00,-0.05E+00,+0.05E+00,-0.05E+00,-7.83E+00,-0.26E+00,+7.72E+00,-3.937E+00
2,12/2/2026,10:41:05.567,-0.09E+00,-0.05E+00,+0.05E+00,+0.00E+00,-7.89E+00,-0.12E+00,+7.65E+00,-3.830E+00
2,12/2/2026,10:41:05.567,-0.09E+00,-0.05E+00,+0.05E+00,+0.00E+00,-7.95E+00,+0.02E+00,+7.57E+00,-3.723E+00
2,12/2/2026,10:41:05.567,-0.09E+00,-0.05E+00,+0.05E+00,-0.05E+00,-8.00E+00,+0.15E+00,+7.48E+00,-3.617E+00
2,12/2/2026,10:41:05.567,-0.09E+00,-0.05E+00,+0.05E+00,+0.00E+00,-8.06E+00,+0.29E+00,+7.40E+00,-3.502E+00
2,12/2/2026,10:41:05.567,-0.09E+00,-0.05E+00,+0.05E+00,+0.00E+00,-8.10E+00,+0.43E+00,+7.31E+00,-3.388E+00
2,12/2/2026,10:41:05.567,-0.09E+00,-0.05E+00,+0.05E+00,+0.00E+00,-8.15E+00,+0.56E+00,+7.22E+00,-3.273E+00
2,12/2/2026,10:41:05.567,-0.09E+00,-0.05E+00,+0.05E+00,+0.00E+00,-8.19E+00,+0.70E+00,+7.13E+00,-3.151E+00
2,12/2/2026,10:41:05.567,-0.09E+00,-0.05E+00,+0.05E+00,+0.00E+00,-8.26E+00,+0.85E+00,+7.03E+00,-3.029E+00
2,12/2/2026,10:41:05.567,-0.09E+00,-0.05E+00,+0.05E+00,+0.00E+00,-8.29E+00,+0.99E+00,+6.93E+00,-2.907E+00
2,12/2/2026,10:41:05.567,-0.09E+00,-0.05E+00,+0.05E+00,+0.00E+00,-8.33E+00,+1.14E+00,+6.82E+00,-2.785E+00
2,12/2/2026,10:41:05.567,-0.09E+00,-0.05E+00,+0.05E+00,+0.00E+00,-8.38E+00,+1.28E+00,+6.73E+00,-2.663E+00
2,12/2/2026,10:41:05.567,-0.09E+00,-0.05E+00,+0.05E+00,-0.05E+00,-8.42E+00,+1.43E+00,+6.62E+00,-2.541E+00
2,12/2/2026,10:41:05.567,-0.09E+00,-0.05E+00,+0.05E+00,-0.05E+00,-8.45E+00,+1.57E+00,+6.53E+00,-2.419E+00
2,12/2/2026,10:41:05.568,-0.09E+00,-0.05E+00,+0.05E+00,-0.05E+00,-8.50E+00,+1.71E+00,+6.42E+00,-2.297E+00
2,12/2/2026,10:41:05.568,-0.09E+00,-0.05E+00,+0.05E+00,-0.05E+00,-8.53E+00,+1.86E+00,+6.32E+00,-2.175E+00
2,12/2/2026,10:41:05.568,-0.09E+00,-0.05E+00,+0.05E+00,+0.00E+00,-8.58E+00,+2.00E+00,+6.23E+00,-2.052E+00
2,12/2/2026,10:41:05.568,-0.09E+00,-0.05E+00,+0.05E+00,+0.00E+00,-8.62E+00,+2.14E+00,+6.12E+00,-1.930E+00
2,12/2/2026,10:41:05.568,-0.09E+00,-0.05E+00,+0.05E+00,+0.00E+00,-8.65E+00,+2.27E+00,+6.00E+00,-1.816E+00
2,12/2/2026,10:41:05.568,-0.09E+00,-0.05E+00,+0.00E+00,+0.00E+00,-8.68E+00,+2.41E+00,+5.89E+00,-1.686E+00
2,12/2/2026,10:41:05.568,-0.09E+00,-0.05E+00,+0.05E+00,-0.05E+00,-8.70E+00,+2.55E+00,+5.78E+00,-1.564E+00
2,12/2/2026,10:41:05.568,-0.09E+00,-0.05E+00,+0.05E+00,+0.00E+00,-8.73E+00,+2.69E+00,+5.68E+00,-1.450E+00
2,12/2/2026,10:41:05.568,-0.09E+00,-0.05E+00,+0.05E+00,+0.00E+00,-8.76E+00,+2.82E+00,+5.57E+00,-1.320E+00
2,12/2/2026,10:41:05.568,-0.09E+00,-0.05E+00,+0.05E+00,-0.05E+00,-8.77E+00,+2.95E+00,+5.46E+00,-1.198E+00
2,12/2/2026,10:41:05.568,-0.09E+00,-0.05E+00,+0.05E+00,+0.00E+00,-8.79E+00,+3.08E+00,+5.34E+00,-1.083E+00
2,12/2/2026,10:41:05.568,-0.09E+00,-0.05E+00,+0.05E+00,+0.00E+00,-8.81E+00,+3.20E+00,+5.23E+00,-0.961E+00
2,12/2/2026,10:41:05.568,-0.09E+00,-0.05E+00,+0.05E+00,-0.05E+00,-8.82E+00,+3.34E+00,+5.11E+00,-0.839E+00
2,12/2/2026,10:41:05.568,-0.09E+00,-0.05E+00,+0.05E+00,-0.05E+00,-8.84E+00,+3.46E+00,+5.01E+00,-0.717E+00
2,12/2/2026,10:41:05.568,-0.09E+00,-0.05E+00,+0.05E+00,+0.00E+00,-8.85E+00,+3.59E+00,+4.88E+00,-0.595E+00
2,12/2/2026,10:41:05.568,-0.09E+00,-0.05E+00,+0.05E+00,+0.00E+00,-8.87E+00,+3.72E+00,+4.78E+00,-0.473E+00
2,12/2/2026,10:41:05.568,-0.09E+00,-0.05E+00,+0.05E+00,-0.05E+00,-8.87E+00,+3.85E+00,+4.65E+00,-0.359E+00
2,12/2/2026,10:41:05.568,-0.09E+00,-0.05E+00,+0.05E+00,-0.05E+00,-8.88E+00,+3.97E+00,+4.55E+00,-0.252E+00
2,12/2/2026,10:41:05.568,-0.09E+00,-0.05E+00,+0.05E+00,+0.00E+00,-8.88E+00,+4.07E+00,+4.46E+00,-0.137E+00
2,12/2/2026,10:41:05.568,-0.09E+00,-0.05E+00,+0.05E+00,+0.00E+00,-8.90E+00,+4.18E+00,+4.33E+00,-0.023E+00
2,12/2/2026,10:41:05.569,-0.09E+00,-0.05E+00,+0.00E+00,-0.05E+00,-8.90E+00,+4.30E+00,+4.23E+00,+0.084E+00
2,12/2/2026,10:41:05.569,-0.09E+00,-0.05E+00,+0.05E+00,-0.05E+00,-8.90E+00,+4.43E+00,+4.12E+00,+0.198E+00
2,12/2/2026,10:41:05.569,-0.09E+00,-0.05E+00,+0.05E+00,+0.00E+00,-8.90E+00,+4.53E+00,+4.00E+00,+0.313E+00
2,12/2/2026,10:41:05.569,-0.09E+00,-0.05E+00,+0.05E+00,-0.05E+00,-8.91E+00,+4.64E+00,+3.89E+00,+0.427E+00
2,12/2/2026,10:41:05.569,-0.09E+00,-0.05E+00,+0.05E+00,-0.05E+00,-8.90E+00,+4.78E+00,+3.77E+00,+0.549E+00
2,12/2/2026,10:41:05.569,-0.09E+00,-0.05E+00,+0.05E+00,+0.00E+00,-8.90E+00,+4.88E+00,+3.65E+00,+0.664E+00
2,12/2/2026,10:41:05.569,-0.09E+00,-0.05E+00,+0.05E+00,-0.05E+00,-8.90E+00,+4.99E+00,+3.53E+00,+0.778E+00
2,12/2/2026,10:41:05.569,-0.09E+00,-0.05E+00,+0.05E+00,-0.05E+00,-8.90E+00,+5.11E+00,+3.42E+00,+0.893E+00
2,12/2/2026,10:41:05.569,-0.09E+00,-0.05E+00,+0.05E+00,+0.00E+00,-8.88E+00,+5.23E+00,+3.30E+00,+1.007E+00
2,12/2/2026,10:41:05.569,-0.09E+00,-0.05E+00,+0.05E+00,+0.00E+00,-8.88E+00,+5.34E+00,+3.17E+00,+1.129E+00
2,12/2/2026,10:41:05.569,-0.09E+00,-0.05E+00,+0.05E+00,+0.00E+00,-8.88E+00,+5.46E+00,+3.05E+00,+1.244E+00
2,12/2/2026,10:41:05.569,-0.09E+00,-0.05E+00,+0.05E+00,+0.00E+00,-8.87E+00,+5.57E+00,+2.95E+00,+1.358E+00
2,12/2/2026,10:41:05.569,-0.09E+00,-0.05E+00,+0.05E+00,+0.00E+00,-8.85E+00,+5.68E+00,+2.81E+00,+1.480E+00
2,12/2/2026,10:41:05.569,-0.09E+00,-0.05E+00,+0.05E+00,+0.00E+00,-8.84E+00,+5.78E+00,+2.67E+00,+1.587E+00
2,12/2/2026,10:41:05.569,-0.09E+00,-0.05E+00,+0.05E+00,+0.00E+00,-8.81E+00,+5.89E+00,+2.55E+00,+1.709E+00
2,12/2/2026,10:41:05.569,-0.09E+00,-0.05E+00,+0.05E+00,+0.00E+00,-8.79E+00,+6.00E+00,+2.43E+00,+1.824E+00
2,12/2/2026,10:41:05.569,-0.09E+00,-0.05E+00,+0.05E+00,+0.00E+00,-8.76E+00,+6.10E+00,+2.29E+00,+1.946E+00
2,12/2/2026,10:41:05.569,-0.09E+00,-0.05E+00,+0.05E+00,-0.05E+00,-8.73E+00,+6.21E+00,+2.15E+00,+2.060E+00
2,12/2/2026,10:41:05.569,-0.09E+00,-0.09E+00,+0.05E+00,-0.05E+00,-8.68E+00,+6.30E+00,+2.01E+00,+2.175E+00
2,12/2/2026,10:41:05.569,-0.09E+00,-0.05E+00,+0.05E+00,+0.00E+00,-8.65E+00,+6.39E+00,+1.89E+00,+2.289E+00
2,12/2/2026,10:41:05.570,-0.09E+00,-0.05E+00,+0.05E+00,+0.00E+00,-8.61E+00,+6.49E+00,+1.75E+00,+2.403E+00
2,12/2/2026,10:41:05.570,-0.09E+00,-0.05E+00,+0.05E+00,+0.00E+00,-8.56E+00,+6.58E+00,+1.62E+00,+2.518E+00
2,12/2/2026,10:41:05.570,-0.09E+00,-0.05E+00,+0.05E+00,-0.05E+00,-8.52E+00,+6.67E+00,+1.48E+00,+2.625E+00
2,12/2/2026,10:41:05.570,-0.09E+00,-0.05E+00,+0.05E+00,-0.05E+00,-8.47E+00,+6.76E+00,+1.34E+00,+2.739E+00
2,12/2/2026,10:41:05.570,-0.09E+00,-0.05E+00,+0.05E+00,+0.00E+00,-8.42E+00,+6.85E+00,+1.21E+00,+2.846E+00
2,12/2/2026,10:41:05.570,-0.09E+00,-0.05E+00,+0.05E+00,+0.00E+00,-8.36E+00,+6.93E+00,+1.08E+00,+2.953E+00
2,12/2/2026,10:41:05.570,-0.09E+00,-0.05E+00,+0.05E+00,+0.00E+00,-8.30E+00,+7.02E+00,+0.93E+00,+3.060E+00
2,12/2/2026,10:41:05.570,-0.09E+00,-0.05E+00,+0.05E+00,+0.00E+00,-8.24E+00,+7.10E+00,+0.79E+00,+3.166E+00
2,12/2/2026,10:41:05.570,-0.09E+00,-0.05E+00,+0.05E+00,-0.05E+00,-8.18E+00,+7.16E+00,+0.66E+00,+3.281E+00
2,12/2/2026,10:41:05.570,-0.09E+00,-0.05E+00,+0.05E+00,+0.00E+00,-8.12E+00,+7.25E+00,+0.50E+00,+3.388E+00
2,12/2/2026,10:41:05.570,-0.09E+00,-0.05E+00,+0.05E+00,+0.00E+00,-8.04E+00,+7.31E+00,+0.37E+00,+3.495E+00
2,12/2/2026,10:41:05.570,-0.09E+00,-0.05E+00,+0.05E+00,+0.00E+00,-7.98E+00,+7.39E+00,+0.23E+00,+3.601E+00
2,12/2/2026,10:41:05.570,-0.09E+00,-0.05E+00,+0.05E+00,+0.00E+00,-7.90E+00,+7.45E+00,+0.08E+00,+3.708E+00
2,12/2/2026,10:41:05.570,-0.09E+00,-0.09E+00,+0.05E+00,+0.00E+00,-7.83E+00,+7.51E+00,-0.06E+00,+3.807E+00
2,12/2/2026,10:41:05.570,-0.09E+00,-0.05E+00,+0.05E+00,-0.05E+00,-7.75E+00,+7.58E+00,-0.20E+00,+3.907E+00
2,12/2/2026,10:41:05.570,-0.09E+00,-0.05E+00,+0.05E+00,-0.05E+00,-7.66E+00,+7.65E+00,-0.34E+00,+4.006E+00
2,12/2/2026,10:41:05.570,-0.09E+00,-0.05E+00,+0.05E+00,+0.00E+00,-7.58E+00,+7.71E+00,-0.49E+00,+4.113E+00
2,12/2/2026,10:41:05.570,-0.09E+00,-0.05E+00,+0.05E+00,+0.00E+00,-7.49E+00,+7.77E+00,-0.64E+00,+4.212E+00
2,12/2/2026,10:41:05.570,-0.09E+00,-0.05E+00,+0.05E+00,+0.00E+00,-7.40E+00,+7.81E+00,-0.78E+00,+4.311E+00
2,12/2/2026,10:41:05.570,-0.09E+00,-0.05E+00,+0.05E+00,+0.00E+00,-7.31E+00,+7.87E+00,-0.93E+00,+4.410E+00
2,12/2/2026,10:41:05.571,-0.09E+00,-0.05E+00,+0.00E+00,+0.00E+00,-7.22E+00,+7.92E+00,-1.07E+00,+4.502E+00
2,12/2/2026,10:41:05.571,-0.09E+00,-0.05E+00,+0.05E+00,+0.00E+00,-7.11E+00,+7.98E+00,-1.22E+00,+4.601E+00
2,12/2/2026,10:41:05.571,-0.09E+00,-0.05E+00,+0.05E+00,+0.00E+00,-7.02E+00,+8.01E+00,-1.36E+00,+4.700E+00
2,12/2/2026,10:41:05.571,-0.09E+00,-0.05E+00,+0.05E+00,+0.00E+00,-6.93E+00,+8.07E+00,-1.51E+00,+4.792E+00
2,12/2/2026,10:41:05.571,-0.09E+00,-0.05E+00,+0.05E+00,+0.00E+00,-6.82E+00,+8.12E+00,-1.65E+00,+4.883E+00
2,12/2/2026,10:41:05.571,-0.09E+00,-0.05E+00,+0.05E+00,-0.05E+00,-6.73E+00,+8.16E+00,-1.79E+00,+4.975E+00
2,12/2/2026,10:41:05.571,-0.09E+00,-0.05E+00,+0.05E+00,+0.00E+00,-6.62E+00,+8.21E+00,-1.94E+00,+5.066E+00
2,12/2/2026,10:41:05.571,-0.09E+00,-0.05E+00,+0.05E+00,+0.00E+00,-6.53E+00,+8.24E+00,-2.08E+00,+5.150E+00
2,12/2/2026,10:41:05.571,-0.09E+00,-0.05E+00,+0.05E+00,+0.00E+00,-6.42E+00,+8.29E+00,-2.21E+00,+5.242E+00
2,12/2/2026,10:41:05.571,-0.09E+00,-0.05E+00,+0.05E+00,-0.05E+00,-6.33E+00,+8.32E+00,-2.35E+00,+5.326E+00
2,12/2/2026,10:41:05.571,-0.09E+00,-0.05E+00,+0.05E+00,-0.05E+00,-6.23E+00,+8.35E+00,-2.49E+00,+5.417E+00
2,12/2/2026,10:41:05.571,-0.09E+00,-0.05E+00,+0.05E+00,+0.00E+00,-6.12E+00,+8.39E+00,-2.64E+00,+5.494E+00
2,12/2/2026,10:41:05.571,-0.09E+00,-0.05E+00,+0.05E+00,+0.00E+00,-6.01E+00,+8.42E+00,-2.76E+00,+5.585E+00
2,12/2/2026,10:41:05.571,-0.09E+00,-0.05E+00,+0.05E+00,-0.05E+00,-5.91E+00,+8.44E+00,-2.91E+00,+5.669E+00
2,12/2/2026,10:41:05.571,-0.09E+00,-0.05E+00,+0.05E+00,+0.00E+00,-5.80E+00,+8.48E+00,-3.05E+00,+5.745E+00
2,12/2/2026,10:41:05.571,-0.09E+00,-0.05E+00,+0.05E+00,+0.00E+00,-5.69E+00,+8.50E+00,-3.17E+00,+5.822E+00
2,12/2/2026,10:41:05.571,-0.09E+00,-0.05E+00,+0.05E+00,-0.05E+00,-5.59E+00,+8.53E+00,-3.31E+00,+5.906E+00
2,12/2/2026,10:41:05.571,-0.09E+00,-0.05E+00,+0.05E+00,-0.05E+00,-5.46E+00,+8.55E+00,-3.45E+00,+5.982E+00
2,12/2/2026,10:41:05.571,-0.09E+00,-0.05E+00,+0.05E+00,+0.00E+00,-5.36E+00,+8.58E+00,-3.59E+00,+6.051E+00
2,12/2/2026,10:41:05.571,-0.09E+00,-0.05E+00,+0.05E+00,+0.00E+00,-5.25E+00,+8.59E+00,-3.71E+00,+6.127E+00
2,12/2/2026,10:41:05.572,-0.09E+00,-0.05E+00,+0.05E+00,-0.05E+00,-5.14E+00,+8.61E+00,-3.85E+00,+6.203E+00
2,12/2/2026,10:41:05.572,-0.09E+00,-0.05E+00,+0.05E+00,+0.00E+00,-5.02E+00,+8.62E+00,-3.97E+00,+6.272E+00
2,12/2/2026,10:41:05.572,-0.09E+00,-0.05E+00,+0.05E+00,+0.00E+00,-4.90E+00,+8.64E+00,-4.09E+00,+6.341E+00
2,12/2/2026,10:41:05.572,-0.09E+00,-0.05E+00,+0.05E+00,+0.00E+00,-4.81E+00,+8.65E+00,-4.23E+00,+6.402E+00
2,12/2/2026,10:41:05.572,-0.09E+00,-0.05E+00,+0.05E+00,-0.05E+00,-4.70E+00,+8.65E+00,-4.35E+00,+6.463E+00
2,12/2/2026,10:41:05.572,-0.09E+00,-0.05E+00,+0.05E+00,-0.05E+00,-4.58E+00,+8.67E+00,-4.46E+00,+6.524E+00
2,12/2/2026,10:41:05.572,-0.09E+00,-0.05E+00,+0.05E+00,-0.05E+00,-4.49E+00,+8.67E+00,-4.56E+00,+6.585E+00
2,12/2/2026,10:41:05.572,-0.09E+00,-0.05E+00,+0.05E+00,-0.05E+00,-4.36E+00,+8.68E+00,-4.68E+00,+6.653E+00
2,12/2/2026,10:41:05.572,-0.09E+00,-0.05E+00,+0.05E+00,+0.00E+00,-4.26E+00,+8.70E+00,-4.81E+00,+6.714E+00
2,12/2/2026,10:41:05.572,-0.09E+00,-0.05E+00,+0.05E+00,+0.00E+00,-4.15E+00,+8.70E+00,-4.93E+00,+6.768E+00
2,12/2/2026,10:41:05.572,-0.09E+00,-0.05E+00,+0.05E+00,+0.00E+00,-4.03E+00,+8.70E+00,-5.04E+00,+6.829E+00
2,12/2/2026,10:41:05.572,-0.09E+00,-0.05E+00,+0.05E+00,-0.05E+00,-3.92E+00,+8.71E+00,-5.16E+00,+6.890E+00
2,12/2/2026,10:41:05.572,-0.09E+00,-0.05E+00,+0.05E+00,+0.00E+00,-3.80E+00,+8.71E+00,-5.28E+00,+6.951E+00
2,12/2/2026,10:41:05.572,-0.09E+00,-0.05E+00,+0.05E+00,+0.00E+00,-3.68E+00,+8.71E+00,-5.40E+00,+7.004E+00
2,12/2/2026,10:41:05.572,-0.09E+00,-0.05E+00,+0.05E+00,+0.00E+00,-3.57E+00,+8.71E+00,-5.51E+00,+7.065E+00
2,12/2/2026,10:41:05.572,-0.09E+00,-0.05E+00,+0.05E+00,+0.00E+00,-3.45E+00,+8.71E+00,-5.63E+00,+7.111E+00
2,12/2/2026,10:41:05.572,-0.14E+00,-0.05E+00,+0.05E+00,-0.05E+00,-3.33E+00,+8.70E+00,-5.74E+00,+7.165E+00
2,12/2/2026,10:41:05.572,-0.09E+00,-0.05E+00,+0.05E+00,-0.05E+00,-3.20E+00,+8.70E+00,-5.84E+00,+7.218E+00
2,12/2/2026,10:41:05.572,-0.09E+00,-0.05E+00,+0.05E+00,+0.00E+00,-3.10E+00,+8.68E+00,-5.97E+00,+7.264E+00
2,12/2/2026,10:41:05.572,-0.09E+00,-0.05E+00,+0.05E+00,+0.00E+00,-2.98E+00,+8.67E+00,-6.07E+00,+7.310E+00
2,12/2/2026,10:41:05.573,-0.09E+00,-0.05E+00,+0.05E+00,+0.00E+00,-2.84E+00,+8.67E+00,-6.18E+00,+7.363E+00
2,12/2/2026,10:41:05.573,-0.09E+00,-0.05E+00,+0.05E+00,-0.05E+00,-2.72E+00,+8.65E+00,-6.29E+00,+7.401E+00
2,12/2/2026,10:41:05.573,-0.09E+00,-0.05E+00,+0.05E+00,-0.05E+00,-2.59E+00,+8.62E+00,-6.39E+00,+7.447E+00
2,12/2/2026,10:41:05.573,-0.09E+00,-0.05E+00,+0.05E+00,-0.05E+00,-2.46E+00,+8.59E+00,-6.50E+00,+7.477E+00
2,12/2/2026,10:41:05.573,-0.09E+00,-0.05E+00,+0.05E+00,+0.00E+00,-2.32E+00,+8.56E+00,-6.61E+00,+7.508E+00
2,12/2/2026,10:41:05.573,-0.09E+00,-0.05E+00,+0.05E+00,+0.00E+00,-2.20E+00,+8.53E+00,-6.70E+00,+7.539E+00
2,12/2/2026,10:41:05.573,-0.09E+00,-0.05E+00,+0.05E+00,-0.05E+00,-2.06E+00,+8.48E+00,-6.79E+00,+7.561E+00
2,12/2/2026,10:41:05.573,-0.09E+00,-0.05E+00,+0.05E+00,-0.05E+00,-1.92E+00,+8.44E+00,-6.88E+00,+7.584E+00
2,12/2/2026,10:41:05.573,-0.09E+00,-0.05E+00,+0.05E+00,+0.00E+00,-1.80E+00,+8.39E+00,-6.96E+00,+7.600E+00
2,12/2/2026,10:41:05.573,-0.09E+00,-0.05E+00,+0.05E+00,+0.00E+00,-1.66E+00,+8.35E+00,-7.05E+00,+7.622E+00
2,12/2/2026,10:41:05.573,-0.09E+00,-0.05E+00,+0.05E+00,+0.00E+00,-1.53E+00,+8.30E+00,-7.13E+00,+7.630E+00
2,12/2/2026,10:41:05.573,-0.09E+00,-0.05E+00,+0.05E+00,+0.00E+00,-1.39E+00,+8.24E+00,-7.22E+00,+7.645E+00
2,12/2/2026,10:41:05.573,-0.09E+00,-0.05E+00,+0.05E+00,-0.05E+00,-1.25E+00,+8.18E+00,-7.29E+00,+7.653E+00
2,12/2/2026,10:41:05.573,-0.09E+00,-0.05E+00,+0.05E+00,-0.05E+00,-1.11E+00,+8.12E+00,-7.37E+00,+7.661E+00
2,12/2/2026,10:41:05.573,-0.09E+00,-0.05E+00,+0.05E+00,-0.05E+00,-0.98E+00,+8.06E+00,-7.45E+00,+7.661E+00
2,12/2/2026,10:41:05.573,-0.09E+00,-0.05E+00,+0.00E+00,-0.05E+00,-0.82E+00,+7.98E+00,-7.52E+00,+7.661E+00
2,12/2/2026,10:41:05.573,-0.09E+00,-0.05E+00,+0.05E+00,-0.05E+00,-0.69E+00,+7.90E+00,-7.58E+00,+7.653E+00
2,12/2/2026,10:41:05.573,-0.09E+00,-0.05E+00,+0.05E+00,+0.00E+00,-0.53E+00,+7.84E+00,-7.65E+00,+7.653E+00
2,12/2/2026,10:41:05.573,-0.09E+00,-0.05E+00,+0.05E+00,-0.05E+00,-0.40E+00,+7.77E+00,-7.72E+00,+7.645E+00
2,12/2/2026,10:41:05.573,-0.09E+00,-0.05E+00,+0.05E+00,-0.05E+00,-0.26E+00,+7.69E+00,-7.78E+00,+7.638E+00
2,12/2/2026,10:41:05.574,-0.09E+00,-0.05E+00,+0.05E+00,+0.00E+00,-0.11E+00,+7.61E+00,-7.86E+00,+7.638E+00
2,12/2/2026,10:41:05.574,-0.09E+00,-0.05E+00,+0.05E+00,+0.00E+00,+0.03E+00,+7.52E+00,-7.92E+00,+7.622E+00
2,12/2/2026,10:41:05.574,-0.09E+00,-0.05E+00,+0.05E+00,-0.05E+00,+0.18E+00,+7.45E+00,-7.98E+00,+7.615E+00
2,12/2/2026,10:41:05.574,-0.09E+00,-0.05E+00,+0.05E+00,-0.05E+00,+0.32E+00,+7.36E+00,-8.04E+00,+7.600E+00
2,12/2/2026,10:41:05.574,-0.09E+00,-0.05E+00,+0.05E+00,+0.00E+00,+0.46E+00,+7.28E+00,-8.10E+00,+7.592E+00
2,12/2/2026,10:41:05.574,-0.09E+00,-0.05E+00,+0.05E+00,+0.00E+00,+0.61E+00,+7.19E+00,-8.16E+00,+7.577E+00
2,12/2/2026,10:41:05.574,-0.09E+00,-0.05E+00,+0.00E+00,+0.00E+00,+0.76E+00,+7.10E+00,-8.23E+00,+7.554E+00
2,12/2/2026,10:41:05.574,-0.09E+00,-0.05E+00,+0.05E+00,+0.00E+00,+0.90E+00,+7.02E+00,-8.29E+00,+7.539E+00
2,12/2/2026,10:41:05.574,-0.09E+00,-0.05E+00,+0.05E+00,-0.05E+00,+1.05E+00,+6.93E+00,-8.33E+00,+7.523E+00
2,12/2/2026,10:41:05.574,-0.09E+00,-0.05E+00,+0.05E+00,+0.00E+00,+1.19E+00,+6.84E+00,-8.39E+00,+7.500E+00
2,12/2/2026,10:41:05.574,-0.09E+00,-0.05E+00,+0.00E+00,+0.00E+00,+1.34E+00,+6.75E+00,-8.44E+00,+7.477E+00
2,12/2/2026,10:41:05.574,-0.09E+00,-0.05E+00,+0.05E+00,+0.00E+00,+1.48E+00,+6.64E+00,-8.47E+00,+7.447E+00
2,12/2/2026,10:41:05.574,-0.09E+00,-0.05E+00,+0.05E+00,+0.00E+00,+1.62E+00,+6.55E+00,-8.52E+00,+7.416E+00
2,12/2/2026,10:41:05.574,-0.09E+00,-0.05E+00,+0.05E+00,+0.00E+00,+1.75E+00,+6.46E+00,-8.56E+00,+7.386E+00
2,12/2/2026,10:41:05.574,-0.14E+00,-0.05E+00,+0.05E+00,-0.05E+00,+1.89E+00,+6.35E+00,-8.59E+00,+7.355E+00
2,12/2/2026,10:41:05.574,-0.09E+00,-0.05E+00,+0.05E+00,-0.05E+00,+2.03E+00,+6.24E+00,-8.62E+00,+7.325E+00
2,12/2/2026,10:41:05.574,-0.09E+00,-0.05E+00,+0.05E+00,-0.05E+00,+2.17E+00,+6.15E+00,-8.67E+00,+7.287E+00
2,12/2/2026,10:41:05.574,-0.09E+00,-0.05E+00,+0.05E+00,-0.05E+00,+2.30E+00,+6.04E+00,-8.70E+00,+7.249E+00
2,12/2/2026,10:41:05.574,-0.09E+00,-0.05E+00,+0.00E+00,+0.00E+00,+2.44E+00,+5.95E+00,-8.73E+00,+7.210E+00
2,12/2/2026,10:41:05.574,-0.09E+00,-0.05E+00,+0.00E+00,+0.00E+00,+2.56E+00,+5.84E+00,-8.76E+00,+7.172E+00
2,12/2/2026,10:41:05.575,-0.09E+00,-0.05E+00,+0.05E+00,-0.05E+00,+2.70E+00,+5.74E+00,-8.79E+00,+7.134E+00
2,12/2/2026,10:41:05.575,-0.09E+00,-0.05E+00,+0.05E+00,+0.00E+00,+2.82E+00,+5.63E+00,-8.82E+00,+7.096E+00
2,12/2/2026,10:41:05.575,-0.09E+00,-0.05E+00,+0.00E+00,+0.00E+00,+2.96E+00,+5.52E+00,-8.84E+00,+7.050E+00
2,12/2/2026,10:41:05.575,-0.09E+00,-0.05E+00,+0.00E+00,+0.00E+00,+3.10E+00,+5.42E+00,-8.85E+00,+7.012E+00
2,12/2/2026,10:41:05.575,-0.09E+00,-0.05E+00,+0.05E+00,-0.05E+00,+3.22E+00,+5.31E+00,-8.88E+00,+6.966E+00
2,12/2/2026,10:41:05.575,-0.09E+00,-0.05E+00,+0.05E+00,-0.05E+00,+3.34E+00,+5.20E+00,-8.90E+00,+6.920E+00
2,12/2/2026,10:41:05.575,-0.09E+00,-0.05E+00,+0.05E+00,+0.00E+00,+3.46E+00,+5.10E+00,-8.91E+00,+6.867E+00
2,12/2/2026,10:41:05.575,-0.09E+00,-0.05E+00,+0.05E+00,-0.05E+00,+3.59E+00,+4.97E+00,-8.93E+00,+6.814E+00
2,12/2/2026,10:41:05.575,-0.09E+00,-0.05E+00,+0.05E+00,+0.00E+00,+3.72E+00,+4.85E+00,-8.94E+00,+6.760E+00
2,12/2/2026,10:41:05.575,-0.09E+00,-0.05E+00,+0.05E+00,+0.00E+00,+3.85E+00,+4.75E+00,-8.94E+00,+6.707E+00
2,12/2/2026,10:41:05.575,-0.09E+00,-0.05E+00,+0.05E+00,-0.05E+00,+3.97E+00,+4.64E+00,-8.96E+00,+6.661E+00
2,12/2/2026,10:41:05.575,-0.09E+00,-0.05E+00,+0.05E+00,-0.05E+00,+4.09E+00,+4.53E+00,-8.96E+00,+6.608E+00
2,12/2/2026,10:41:05.575,-0.09E+00,-0.05E+00,+0.05E+00,-0.05E+00,+4.20E+00,+4.43E+00,-8.97E+00,+6.562E+00
2,12/2/2026,10:41:05.575,-0.09E+00,-0.05E+00,+0.05E+00,-0.05E+00,+4.32E+00,+4.32E+00,-8.99E+00,+6.508E+00
2,12/2/2026,10:41:05.575,-0.09E+00,-0.05E+00,+0.05E+00,+0.00E+00,+4.44E+00,+4.20E+00,-8.99E+00,+6.455E+00
2,12/2/2026,10:41:05.575,-0.14E+00,-0.05E+00,+0.05E+00,-0.05E+00,+4.55E+00,+4.09E+00,-9.00E+00,+6.402E+00
2,12/2/2026,10:41:05.575,-0.09E+00,-0.05E+00,+0.05E+00,-0.05E+00,+4.67E+00,+3.98E+00,-9.00E+00,+6.348E+00
2,12/2/2026,10:41:05.575,-0.09E+00,-0.05E+00,+0.05E+00,+0.00E+00,+4.79E+00,+3.86E+00,-9.00E+00,+6.287E+00
2,12/2/2026,10:41:05.575,-0.09E+00,-0.05E+00,+0.05E+00,+0.00E+00,+4.91E+00,+3.75E+00,-9.02E+00,+6.234E+00
2,12/2/2026,10:41:05.575,-0.09E+00,-0.05E+00,+0.05E+00,-0.05E+00,+5.02E+00,+3.65E+00,-9.02E+00,+6.180E+00
2,12/2/2026,10:41:05.576,-0.09E+00,-0.09E+00,+0.05E+00,+0.00E+00,+5.14E+00,+3.53E+00,-9.02E+00,+6.127E+00
2,12/2/2026,10:41:05.576,-0.09E+00,-0.05E+00,+0.05E+00,+0.00E+00,+5.25E+00,+3.40E+00,-9.02E+00,+6.066E+00
2,12/2/2026,10:41:05.576,-0.09E+00,-0.05E+00,+0.05E+00,-0.05E+00,+5.37E+00,+3.30E+00,-9.02E+00,+5.997E+00
2,12/2/2026,10:41:05.576,-0.09E+00,-0.05E+00,+0.05E+00,+0.00E+00,+5.49E+00,+3.17E+00,-9.00E+00,+5.936E+00
2,12/2/2026,10:41:05.576,-0.09E+00,-0.05E+00,+0.05E+00,+0.00E+00,+5.60E+00,+3.04E+00,-9.00E+00,+5.875E+00
2,12/2/2026,10:41:05.576,-0.09E+00,-0.05E+00,+0.05E+00,-0.05E+00,+5.72E+00,+2.91E+00,-8.99E+00,+5.807E+00
2,12/2/2026,10:41:05.576,-0.09E+00,-0.05E+00,+0.05E+00,+0.00E+00,+5.84E+00,+2.79E+00,-8.99E+00,+5.738E+00
2,12/2/2026,10:41:05.576,-0.09E+00,-0.05E+00,+0.00E+00,+0.00E+00,+5.95E+00,+2.67E+00,-8.97E+00,+5.677E+00
2,12/2/2026,10:41:05.576,-0.09E+00,-0.05E+00,+0.05E+00,-0.05E+00,+6.07E+00,+2.55E+00,-8.97E+00,+5.608E+00
2,12/2/2026,10:41:05.576,-0.09E+00,-0.05E+00,+0.05E+00,-0.05E+00,+6.18E+00,+2.43E+00,-8.96E+00,+5.532E+00
2,12/2/2026,10:41:05.576,-0.09E+00,-0.05E+00,+0.05E+00,+0.00E+00,+6.27E+00,+2.30E+00,-8.94E+00,+5.463E+00
2,12/2/2026,10:41:05.576,-0.09E+00,-0.05E+00,+0.05E+00,+0.00E+00,+6.38E+00,+2.18E+00,-8.91E+00,+5.394E+00
2,12/2/2026,10:41:05.576,-0.09E+00,-0.05E+00,+0.05E+00,-0.05E+00,+6.47E+00,+2.04E+00,-8.88E+00,+5.311E+00
2,12/2/2026,10:41:05.576,-0.09E+00,-0.05E+00,+0.05E+00,+0.00E+00,+6.56E+00,+1.92E+00,-8.84E+00,+5.227E+00
2,12/2/2026,10:41:05.576,-0.09E+00,-0.05E+00,+0.05E+00,+0.00E+00,+6.65E+00,+1.79E+00,-8.79E+00,+5.135E+00
2,12/2/2026,10:41:05.576,-0.09E+00,-0.05E+00,+0.05E+00,+0.00E+00,+6.75E+00,+1.65E+00,-8.74E+00,+5.036E+00
2,12/2/2026,10:41:05.576,-0.09E+00,-0.05E+00,+0.05E+00,-0.05E+00,+6.84E+00,+1.51E+00,-8.70E+00,+4.937E+00
2,12/2/2026,10:41:05.576,-0.09E+00,-0.05E+00,+0.05E+00,-0.05E+00,+6.91E+00,+1.36E+00,-8.62E+00,+4.830E+00
2,12/2/2026,10:41:05.576,-0.09E+00,-0.05E+00,+0.05E+00,+0.00E+00,+6.99E+00,+1.21E+00,-8.56E+00,+4.731E+00
2,12/2/2026,10:41:05.576,-0.09E+00,-0.05E+00,+0.05E+00,+0.00E+00,+7.08E+00,+1.07E+00,-8.52E+00,+4.631E+00
2,12/2/2026,10:41:05.577,-0.09E+00,-0.05E+00,+0.05E+00,+0.00E+00,+7.16E+00,+0.93E+00,-8.44E+00,+4.525E+00
2,12/2/2026,10:41:05.577,-0.09E+00,-0.05E+00,+0.05E+00,+0.00E+00,+7.22E+00,+0.79E+00,-8.38E+00,+4.418E+00
2,12/2/2026,10:41:05.577,-0.09E+00,-0.05E+00,+0.05E+00,+0.00E+00,+7.29E+00,+0.66E+00,-8.32E+00,+4.319E+00
2,12/2/2026,10:41:05.577,-0.09E+00,-0.05E+00,+0.05E+00,-0.05E+00,+7.37E+00,+0.52E+00,-8.24E+00,+4.219E+00
2,12/2/2026,10:41:05.577,-0.09E+00,-0.05E+00,+0.05E+00,+0.00E+00,+7.43E+00,+0.38E+00,-8.18E+00,+4.113E+00
2,12/2/2026,10:41:05.577,-0.09E+00,+0.00E+00,+0.05E+00,+0.00E+00,+7.51E+00,+0.24E+00,-8.10E+00,+4.013E+00
2,12/2/2026,10:41:05.577,-0.09E+00,-0.05E+00,+0.05E+00,-0.05E+00,+7.57E+00,+0.11E+00,-8.03E+00,+3.907E+00
2,12/2/2026,10:41:05.577,-0.09E+00,-0.05E+00,+0.05E+00,-0.05E+00,+7.63E+00,-0.03E+00,-7.95E+00,+3.800E+00
2,12/2/2026,10:41:05.577,-0.09E+00,-0.05E+00,+0.05E+00,+0.00E+00,+7.69E+00,-0.17E+00,-7.89E+00,+3.693E+00
2,12/2/2026,10:41:05.577,-0.09E+00,-0.05E+00,+0.05E+00,+0.00E+00,+7.74E+00,-0.31E+00,-7.80E+00,+3.586E+00
2,12/2/2026,10:41:05.577,-0.09E+00,-0.05E+00,+0.05E+00,-0.05E+00,+7.78E+00,-0.44E+00,-7.71E+00,+3.472E+00
2,12/2/2026,10:41:05.577,-0.09E+00,-0.05E+00,+0.05E+00,+0.00E+00,+7.83E+00,-0.58E+00,-7.61E+00,+3.357E+00
2,12/2/2026,10:41:05.577,-0.09E+00,-0.05E+00,+0.05E+00,+0.00E+00,+7.89E+00,-0.72E+00,-7.52E+00,+3.228E+00
2,12/2/2026,10:41:05.577,-0.09E+00,-0.05E+00,+0.05E+00,-0.05E+00,+7.94E+00,-0.87E+00,-7.42E+00,+3.113E+00
2,12/2/2026,10:41:05.577,-0.09E+00,-0.05E+00,+0.05E+00,+0.00E+00,+7.97E+00,-1.01E+00,-7.32E+00,+2.991E+00
2,12/2/2026,10:41:05.577,-0.09E+00,-0.05E+00,+0.05E+00,+0.00E+00,+8.03E+00,-1.16E+00,-7.23E+00,+2.861E+00
2,12/2/2026,10:41:05.577,-0.09E+00,-0.05E+00,+0.05E+00,-0.05E+00,+8.07E+00,-1.30E+00,-7.13E+00,+2.739E+00
2,12/2/2026,10:41:05.577,-0.09E+00,-0.05E+00,+0.05E+00,-0.05E+00,+8.12E+00,-1.45E+00,-7.03E+00,+2.625E+00
2,12/2/2026,10:41:05.577,-0.09E+00,-0.05E+00,+0.05E+00,-0.05E+00,+8.16E+00,-1.59E+00,-6.93E+00,+2.510E+00
2,12/2/2026,10:41:05.577,-0.09E+00,-0.05E+00,+0.05E+00,-0.05E+00,+8.19E+00,-1.72E+00,-6.84E+00,+2.388E+00
2,12/2/2026,10:41:05.578,-0.09E+00,-0.05E+00,+0.05E+00,+0.00E+00,+8.24E+00,-1.88E+00,-6.73E+00,+2.266E+00
2,12/2/2026,10:41:05.578,-0.09E+00,-0.05E+00,+0.05E+00,+0.00E+00,+8.27E+00,-2.01E+00,-6.64E+00,+2.144E+00
2,12/2/2026,10:41:05.578,-0.09E+00,-0.05E+00,+0.05E+00,+0.00E+00,+8.32E+00,-2.15E+00,-6.53E+00,+2.022E+00
2,12/2/2026,10:41:05.578,-0.09E+00,-0.05E+00,+0.05E+00,+0.00E+00,+8.35E+00,-2.29E+00,-6.42E+00,+1.900E+00
2,12/2/2026,10:41:05.578,-0.09E+00,-0.05E+00,+0.00E+00,-0.05E+00,+8.38E+00,-2.43E+00,-6.32E+00,+1.778E+00
2,12/2/2026,10:41:05.578,-0.09E+00,-0.05E+00,+0.05E+00,+0.00E+00,+8.41E+00,-2.56E+00,-6.20E+00,+1.656E+00
2,12/2/2026,10:41:05.578,-0.09E+00,-0.05E+00,+0.05E+00,+0.00E+00,+8.44E+00,-2.70E+00,-6.09E+00,+1.534E+00
2,12/2/2026,10:41:05.578,-0.09E+00,-0.05E+00,+0.05E+00,+0.00E+00,+8.47E+00,-2.84E+00,-5.98E+00,+1.412E+00
2,12/2/2026,10:41:05.578,-0.09E+00,-0.05E+00,+0.05E+00,-0.05E+00,+8.48E+00,-2.96E+00,-5.88E+00,+1.289E+00
2,12/2/2026,10:41:05.578,-0.09E+00,-0.05E+00,+0.05E+00,-0.05E+00,+8.50E+00,-3.10E+00,-5.77E+00,+1.167E+00
2,12/2/2026,10:41:05.578,-0.09E+00,-0.05E+00,+0.05E+00,-0.05E+00,+8.53E+00,-3.24E+00,-5.66E+00,+1.045E+00
2,12/2/2026,10:41:05.578,-0.09E+00,-0.05E+00,+0.05E+00,+0.00E+00,+8.55E+00,-3.36E+00,-5.55E+00,+0.931E+00
2,12/2/2026,10:41:05.578,-0.09E+00,-0.05E+00,+0.05E+00,+0.00E+00,+8.56E+00,-3.48E+00,-5.43E+00,+0.809E+00
2,12/2/2026,10:41:05.578,-0.09E+00,-0.05E+00,+0.05E+00,+0.00E+00,+8.56E+00,-3.62E+00,-5.33E+00,+0.687E+00
2,12/2/2026,10:41:05.578,-0.09E+00,-0.05E+00,+0.05E+00,-0.05E+00,+8.58E+00,-3.74E+00,-5.20E+00,+0.572E+00
2,12/2/2026,10:41:05.578,-0.09E+00,-0.05E+00,+0.05E+00,+0.00E+00,+8.59E+00,-3.86E+00,-5.10E+00,+0.450E+00
2,12/2/2026,10:41:05.578,-0.09E+00,-0.05E+00,+0.05E+00,+0.00E+00,+8.61E+00,-3.98E+00,-4.97E+00,+0.328E+00
2,12/2/2026,10:41:05.578,-0.09E+00,-0.05E+00,+0.05E+00,+0.00E+00,+8.61E+00,-4.10E+00,-4.87E+00,+0.214E+00
2,12/2/2026,10:41:05.578,-0.09E+00,-0.05E+00,+0.00E+00,+0.00E+00,+8.62E+00,-4.23E+00,-4.76E+00,+0.107E+00
2,12/2/2026,10:41:05.578,-0.09E+00,-0.05E+00,+0.05E+00,-0.05E+00,+8.62E+00,-4.33E+00,-4.64E+00,-0.008E+00
2,12/2/2026,10:41:05.579,-0.09E+00,-0.05E+00,+0.05E+00,-0.05E+00,+8.64E+00,-4.46E+00,-4.53E+00,-0.130E+00
2,12/2/2026,10:41:05.579,-0.09E+00,-0.05E+00,+0.05E+00,-0.05E+00,+8.64E+00,-4.58E+00,-4.43E+00,-0.244E+00
2,12/2/2026,10:41:05.579,-0.09E+00,-0.05E+00,+0.05E+00,+0.00E+00,+8.64E+00,-4.68E+00,-4.30E+00,-0.351E+00
2,12/2/2026,10:41:05.579,-0.09E+00,-0.05E+00,+0.05E+00,+0.00E+00,+8.64E+00,-4.81E+00,-4.20E+00,-0.473E+00
2,12/2/2026,10:41:05.579,-0.09E+00,-0.05E+00,+0.05E+00,+0.00E+00,+8.64E+00,-4.93E+00,-4.07E+00,-0.588E+00
2,12/2/2026,10:41:05.579,-0.09E+00,-0.05E+00,+0.05E+00,-0.05E+00,+8.64E+00,-5.04E+00,-3.95E+00,-0.702E+00
2,12/2/2026,10:41:05.579,-0.14E+00,-0.05E+00,+0.05E+00,-0.05E+00,+8.64E+00,-5.16E+00,-3.85E+00,-0.816E+00
2,12/2/2026,10:41:05.579,-0.09E+00,-0.05E+00,+0.05E+00,+0.00E+00,+8.64E+00,-5.26E+00,-3.72E+00,-0.931E+00
2,12/2/2026,10:41:05.579,-0.09E+00,-0.05E+00,+0.05E+00,+0.00E+00,+8.62E+00,-5.37E+00,-3.62E+00,-1.045E+00
2,12/2/2026,10:41:05.579,-0.09E+00,-0.05E+00,+0.00E+00,+0.00E+00,+8.62E+00,-5.49E+00,-3.49E+00,-1.152E+00
2,12/2/2026,10:41:05.579,-0.09E+00,-0.05E+00,+0.00E+00,+0.00E+00,+8.61E+00,-5.60E+00,-3.37E+00,-1.274E+00
2,12/2/2026,10:41:05.579,-0.14E+00,-0.05E+00,+0.05E+00,-0.05E+00,+8.59E+00,-5.71E+00,-3.25E+00,-1.389E+00
2,12/2/2026,10:41:05.579,-0.09E+00,-0.05E+00,+0.05E+00,-0.05E+00,+8.58E+00,-5.83E+00,-3.11E+00,-1.511E+00
2,12/2/2026,10:41:05.579,-0.09E+00,-0.05E+00,+0.05E+00,+0.00E+00,+8.56E+00,-5.94E+00,-2.99E+00,-1.625E+00
2,12/2/2026,10:41:05.579,-0.09E+00,-0.05E+00,+0.05E+00,+0.00E+00,+8.55E+00,-6.04E+00,-2.85E+00,-1.747E+00
2,12/2/2026,10:41:05.579,-0.09E+00,-0.05E+00,+0.05E+00,+0.00E+00,+8.52E+00,-6.15E+00,-2.73E+00,-1.869E+00
2,12/2/2026,10:41:05.579,-0.09E+00,-0.05E+00,+0.05E+00,-0.05E+00,+8.48E+00,-6.26E+00,-2.59E+00,-1.984E+00
2,12/2/2026,10:41:05.579,-0.09E+00,-0.05E+00,+0.05E+00,+0.00E+00,+8.45E+00,-6.36E+00,-2.46E+00,-2.106E+00
2,12/2/2026,10:41:05.579,-0.09E+00,-0.05E+00,+0.05E+00,+0.00E+00,+8.42E+00,-6.46E+00,-2.33E+00,-2.213E+00
2,12/2/2026,10:41:05.579,-0.09E+00,-0.05E+00,+0.05E+00,+0.00E+00,+8.38E+00,-6.55E+00,-2.20E+00,-2.327E+00
2,12/2/2026,10:41:05.580,-0.09E+00,-0.05E+00,+0.05E+00,+0.00E+00,+8.33E+00,-6.64E+00,-2.06E+00,-2.442E+00
2,12/2/2026,10:41:05.580,-0.09E+00,-0.05E+00,+0.05E+00,+0.00E+00,+8.30E+00,-6.73E+00,-1.94E+00,-2.548E+00
2,12/2/2026,10:41:05.580,-0.09E+00,-0.05E+00,+0.05E+00,+0.00E+00,+8.24E+00,-6.82E+00,-1.80E+00,-2.655E+00
2,12/2/2026,10:41:05.580,-0.09E+00,-0.05E+00,+0.05E+00,+0.00E+00,+8.19E+00,-6.90E+00,-1.66E+00,-2.762E+00
2,12/2/2026,10:41:05.580,-0.09E+00,-0.05E+00,+0.05E+00,+0.00E+00,+8.15E+00,-6.99E+00,-1.53E+00,-2.877E+00
2,12/2/2026,10:41:05.580,-0.09E+00,-0.05E+00,+0.05E+00,+0.00E+00,+8.09E+00,-7.07E+00,-1.39E+00,-2.983E+00
2,12/2/2026,10:41:05.580,-0.09E+00,-0.05E+00,+0.05E+00,-0.05E+00,+8.03E+00,-7.16E+00,-1.25E+00,-3.098E+00
2,12/2/2026,10:41:05.580,-0.09E+00,-0.05E+00,+0.05E+00,-0.05E+00,+7.98E+00,-7.23E+00,-1.10E+00,-3.205E+00
2,12/2/2026,10:41:05.580,-0.09E+00,-0.05E+00,+0.05E+00,+0.00E+00,+7.90E+00,-7.31E+00,-0.96E+00,-3.311E+00
2,12/2/2026,10:41:05.580,-0.09E+00,-0.05E+00,+0.05E+00,+0.00E+00,+7.84E+00,-7.39E+00,-0.82E+00,-3.418E+00
2,12/2/2026,10:41:05.580,-0.09E+00,-0.05E+00,+0.05E+00,+0.00E+00,+7.77E+00,-7.46E+00,-0.67E+00,-3.533E+00
2,12/2/2026,10:41:05.580,-0.09E+00,-0.05E+00,+0.05E+00,-0.05E+00,+7.69E+00,-7.54E+00,-0.53E+00,-3.640E+00
2,12/2/2026,10:41:05.580,-0.09E+00,-0.05E+00,+0.05E+00,-0.05E+00,+7.63E+00,-7.60E+00,-0.38E+00,-3.739E+00
2,12/2/2026,10:41:05.580,-0.14E+00,-0.05E+00,+0.05E+00,-0.05E+00,+7.55E+00,-7.66E+00,-0.24E+00,-3.846E+00
2,12/2/2026,10:41:05.580,-0.09E+00,-0.05E+00,+0.05E+00,+0.00E+00,+7.48E+00,-7.74E+00,-0.11E+00,-3.945E+00
2,12/2/2026,10:41:05.580,-0.09E+00,-0.05E+00,+0.05E+00,+0.00E+00,+7.39E+00,-7.80E+00,+0.05E+00,-4.044E+00
2,12/2/2026,10:41:05.580,-0.09E+00,-0.05E+00,+0.05E+00,+0.00E+00,+7.31E+00,-7.86E+00,+0.18E+00,-4.143E+00
2,12/2/2026,10:41:05.580,-0.14E+00,-0.05E+00,+0.05E+00,-0.05E+00,+7.22E+00,-7.92E+00,+0.32E+00,-4.242E+00
2,12/2/2026,10:41:05.580,-0.09E+00,-0.05E+00,+0.05E+00,-0.05E+00,+7.13E+00,-7.97E+00,+0.47E+00,-4.342E+00
2,12/2/2026,10:41:05.580,-0.09E+00,-0.05E+00,+0.00E+00,+0.00E+00,+7.03E+00,-8.01E+00,+0.61E+00,-4.441E+00
2,12/2/2026,10:41:05.581,-0.09E+00,-0.05E+00,+0.05E+00,-0.05E+00,+6.94E+00,-8.07E+00,+0.76E+00,-4.532E+00
2,12/2/2026,10:41:05.581,-0.09E+00,-0.05E+00,+0.05E+00,+0.00E+00,+6.84E+00,-8.12E+00,+0.90E+00,-4.631E+00
2,12/2/2026,10:41:05.581,-0.09E+00,-0.05E+00,+0.05E+00,+0.00E+00,+6.75E+00,-8.16E+00,+1.05E+00,-4.731E+00
2,12/2/2026,10:41:05.581,-0.09E+00,-0.05E+00,+0.05E+00,-0.05E+00,+6.65E+00,-8.21E+00,+1.21E+00,-4.822E+00
2,12/2/2026,10:41:05.581,-0.09E+00,-0.05E+00,+0.05E+00,+0.00E+00,+6.55E+00,-8.26E+00,+1.34E+00,-4.914E+00
2,12/2/2026,10:41:05.581,-0.09E+00,-0.05E+00,+0.05E+00,+0.00E+00,+6.46E+00,-8.30E+00,+1.48E+00,-5.005E+00
2,12/2/2026,10:41:05.581,-0.09E+00,-0.05E+00,+0.05E+00,-0.05E+00,+6.36E+00,-8.35E+00,+1.62E+00,-5.097E+00
2,12/2/2026,10:41:05.581,-0.09E+00,-0.05E+00,+0.05E+00,+0.00E+00,+6.26E+00,-8.39E+00,+1.77E+00,-5.188E+00
2,12/2/2026,10:41:05.581,-0.09E+00,-0.05E+00,+0.05E+00,+0.00E+00,+6.15E+00,-8.42E+00,+1.91E+00,-5.272E+00
2,12/2/2026,10:41:05.581,-0.09E+00,-0.05E+00,+0.05E+00,-0.05E+00,+6.04E+00,-8.45E+00,+2.04E+00,-5.364E+00
2,12/2/2026,10:41:05.581,-0.09E+00,-0.05E+00,+0.05E+00,-0.05E+00,+5.95E+00,-8.50E+00,+2.18E+00,-5.448E+00
2,12/2/2026,10:41:05.581,-0.09E+00,-0.05E+00,+0.05E+00,+0.00E+00,+5.84E+00,-8.53E+00,+2.32E+00,-5.532E+00
2,12/2/2026,10:41:05.581,-0.09E+00,-0.05E+00,+0.05E+00,+0.00E+00,+5.74E+00,-8.56E+00,+2.46E+00,-5.616E+00
2,12/2/2026,10:41:05.581,-0.09E+00,-0.05E+00,+0.05E+00,-0.05E+00,+5.63E+00,-8.61E+00,+2.59E+00,-5.692E+00
2,12/2/2026,10:41:05.581,-0.09E+00,-0.05E+00,+0.05E+00,+0.00E+00,+5.52E+00,-8.62E+00,+2.73E+00,-5.776E+00
2,12/2/2026,10:41:05.581,-0.09E+00,-0.05E+00,+0.05E+00,+0.00E+00,+5.42E+00,-8.65E+00,+2.87E+00,-5.860E+00
2,12/2/2026,10:41:05.581,-0.09E+00,-0.05E+00,+0.05E+00,+0.00E+00,+5.31E+00,-8.68E+00,+3.01E+00,-5.936E+00
2,12/2/2026,10:41:05.581,-0.09E+00,-0.05E+00,+0.05E+00,+0.00E+00,+5.20E+00,-8.70E+00,+3.14E+00,-6.013E+00
2,12/2/2026,10:41:05.581,-0.09E+00,-0.05E+00,+0.05E+00,-0.05E+00,+5.10E+00,-8.71E+00,+3.27E+00,-6.089E+00
2,12/2/2026,10:41:05.581,-0.09E+00,-0.05E+00,+0.05E+00,-0.05E+00,+4.97E+00,-8.74E+00,+3.39E+00,-6.157E+00
2,12/2/2026,10:41:05.582,-0.09E+00,-0.05E+00,+0.05E+00,-0.05E+00,+4.87E+00,-8.76E+00,+3.53E+00,-6.226E+00
2,12/2/2026,10:41:05.582,-0.09E+00,-0.05E+00,+0.05E+00,+0.00E+00,+4.75E+00,-8.77E+00,+3.65E+00,-6.295E+00
2,12/2/2026,10:41:05.582,-0.09E+00,-0.05E+00,+0.05E+00,+0.00E+00,+4.64E+00,-8.79E+00,+3.78E+00,-6.363E+00
2,12/2/2026,10:41:05.582,-0.09E+00,-0.05E+00,+0.05E+00,-0.05E+00,+4.53E+00,-8.81E+00,+3.91E+00,-6.432E+00
2,12/2/2026,10:41:05.582,-0.09E+00,-0.05E+00,+0.05E+00,+0.00E+00,+4.41E+00,-8.81E+00,+4.03E+00,-6.493E+00
2,12/2/2026,10:41:05.582,-0.09E+00,-0.05E+00,+0.05E+00,+0.00E+00,+4.32E+00,-8.82E+00,+4.14E+00,-6.554E+00
2,12/2/2026,10:41:05.582,-0.09E+00,-0.05E+00,+0.00E+00,+0.00E+00,+4.21E+00,-8.82E+00,+4.26E+00,-6.615E+00
2,12/2/2026,10:41:05.582,-0.09E+00,-0.05E+00,+0.05E+00,+0.00E+00,+4.09E+00,-8.84E+00,+4.38E+00,-6.676E+00
2,12/2/2026,10:41:05.582,-0.09E+00,-0.05E+00,+0.05E+00,+0.00E+00,+3.98E+00,-8.85E+00,+4.50E+00,-6.737E+00
2,12/2/2026,10:41:05.582,-0.14E+00,-0.05E+00,+0.05E+00,+0.00E+00,+3.86E+00,-8.85E+00,+4.61E+00,-6.798E+00
2,12/2/2026,10:41:05.582,-0.14E+00,-0.05E+00,+0.05E+00,+0.00E+00,+3.75E+00,-8.85E+00,+4.73E+00,-6.859E+00
2,12/2/2026,10:41:05.582,-0.09E+00,-0.05E+00,+0.05E+00,-0.05E+00,+3.65E+00,-8.85E+00,+4.85E+00,-6.920E+00
2,12/2/2026,10:41:05.582,-0.09E+00,-0.05E+00,+0.05E+00,-0.05E+00,+3.53E+00,-8.87E+00,+4.97E+00,-6.982E+00
2,12/2/2026,10:41:05.582,-0.09E+00,-0.05E+00,+0.05E+00,+0.00E+00,+3.40E+00,-8.85E+00,+5.08E+00,-7.035E+00
2,12/2/2026,10:41:05.582,-0.09E+00,-0.05E+00,+0.05E+00,+0.00E+00,+3.30E+00,-8.87E+00,+5.19E+00,-7.088E+00
2,12/2/2026,10:41:05.582,-0.09E+00,-0.05E+00,+0.05E+00,+0.00E+00,+3.17E+00,-8.87E+00,+5.31E+00,-7.142E+00
2,12/2/2026,10:41:05.582,-0.09E+00,-0.05E+00,+0.05E+00,+0.00E+00,+3.07E+00,-8.85E+00,+5.42E+00,-7.195E+00
2,12/2/2026,10:41:05.582,-0.09E+00,-0.05E+00,+0.05E+00,+0.00E+00,+2.95E+00,-8.85E+00,+5.52E+00,-7.241E+00
2,12/2/2026,10:41:05.582,-0.09E+00,-0.05E+00,+0.05E+00,+0.00E+00,+2.82E+00,-8.84E+00,+5.65E+00,-7.287E+00
2,12/2/2026,10:41:05.582,-0.09E+00,-0.05E+00,+0.00E+00,+0.00E+00,+2.69E+00,-8.82E+00,+5.77E+00,-7.340E+00
2,12/2/2026,10:41:05.583,-0.09E+00,-0.05E+00,+0.05E+00,+0.00E+00,+2.56E+00,-8.81E+00,+5.88E+00,-7.386E+00
2,12/2/2026,10:41:05.583,-0.09E+00,-0.05E+00,+0.05E+00,-0.05E+00,+2.44E+00,-8.79E+00,+5.98E+00,-7.424E+00
2,12/2/2026,10:41:05.583,-0.09E+00,-0.05E+00,+0.05E+00,-0.05E+00,+2.30E+00,-8.76E+00,+6.09E+00,-7.462E+00
2,12/2/2026,10:41:05.583,-0.09E+00,-0.05E+00,+0.05E+00,+0.00E+00,+2.18E+00,-8.73E+00,+6.20E+00,-7.500E+00
2,12/2/2026,10:41:05.583,-0.09E+00,-0.05E+00,+0.05E+00,+0.00E+00,+2.04E+00,-8.70E+00,+6.29E+00,-7.539E+00
2,12/2/2026,10:41:05.583,-0.09E+00,-0.05E+00,+0.05E+00,+0.00E+00,+1.91E+00,-8.67E+00,+6.39E+00,-7.561E+00
2,12/2/2026,10:41:05.583,-0.09E+00,-0.05E+00,+0.05E+00,-0.05E+00,+1.79E+00,-8.62E+00,+6.49E+00,-7.584E+00
2,12/2/2026,10:41:05.583,-0.09E+00,-0.05E+00,+0.05E+00,-0.05E+00,+1.65E+00,-8.58E+00,+6.58E+00,-7.607E+00
2,12/2/2026,10:41:05.583,-0.09E+00,-0.05E+00,+0.05E+00,+0.00E+00,+1.53E+00,-8.53E+00,+6.65E+00,-7.630E+00
2,12/2/2026,10:41:05.583,-0.09E+00,-0.05E+00,+0.05E+00,+0.00E+00,+1.39E+00,-8.48E+00,+6.73E+00,-7.638E+00
2,12/2/2026,10:41:05.583,-0.09E+00,-0.05E+00,+0.05E+00,+0.00E+00,+1.25E+00,-8.44E+00,+6.82E+00,-7.653E+00
2,12/2/2026,10:41:05.583,-0.09E+00,-0.05E+00,+0.05E+00,+0.00E+00,+1.11E+00,-8.39E+00,+6.90E+00,-7.668E+00
2,12/2/2026,10:41:05.583,-0.09E+00,-0.05E+00,+0.05E+00,-0.05E+00,+0.98E+00,-8.32E+00,+6.97E+00,-7.668E+00
2,12/2/2026,10:41:05.583,-0.09E+00,-0.05E+00,+0.05E+00,-0.05E+00,+0.82E+00,-8.26E+00,+7.05E+00,-7.676E+00
2,12/2/2026,10:41:05.583,-0.09E+00,-0.05E+00,+0.05E+00,+0.00E+00,+0.69E+00,-8.18E+00,+7.13E+00,-7.684E+00
2,12/2/2026,10:41:05.583,-0.09E+00,-0.05E+00,+0.05E+00,-0.05E+00,+0.55E+00,-8.12E+00,+7.20E+00,-7.676E+00
2,12/2/2026,10:41:05.583,-0.09E+00,-0.05E+00,+0.05E+00,-0.05E+00,+0.40E+00,-8.04E+00,+7.28E+00,-7.676E+00
2,12/2/2026,10:41:05.583,-0.09E+00,-0.05E+00,+0.05E+00,+0.00E+00,+0.24E+00,-7.97E+00,+7.34E+00,-7.668E+00
2,12/2/2026,10:41:05.583,-0.09E+00,-0.05E+00,+0.05E+00,+0.00E+00,+0.11E+00,-7.89E+00,+7.40E+00,-7.661E+00
2,12/2/2026,10:41:05.583,-0.09E+00,-0.05E+00,+0.05E+00,-0.05E+00,-0.05E+00,-7.81E+00,+7.48E+00,-7.653E+00
2,12/2/2026,10:41:05.584,-0.09E+00,-0.05E+00,+0.05E+00,+0.00E+00,-0.18E+00,-7.74E+00,+7.54E+00,-7.653E+00
2,12/2/2026,10:41:05.584,-0.09E+00,-0.05E+00,+0.05E+00,-0.05E+00,-0.32E+00,-7.66E+00,+7.60E+00,-7.645E+00
2,12/2/2026,10:41:05.584,-0.09E+00,-0.05E+00,+0.05E+00,-0.05E+00,-0.46E+00,-7.58E+00,+7.66E+00,-7.630E+00
2,12/2/2026,10:41:05.584,-0.09E+00,-0.05E+00,+0.05E+00,-0.05E+00,-0.61E+00,-7.49E+00,+7.72E+00,-7.622E+00
2,12/2/2026,10:41:05.584,-0.09E+00,-0.05E+00,+0.05E+00,+0.00E+00,-0.75E+00,-7.42E+00,+7.78E+00,-7.607E+00
2,12/2/2026,10:41:05.584,-0.09E+00,-0.05E+00,+0.05E+00,+0.00E+00,-0.90E+00,-7.32E+00,+7.84E+00,-7.592E+00
2,12/2/2026,10:41:05.584,-0.09E+00,-0.05E+00,+0.05E+00,+0.00E+00,-1.05E+00,-7.23E+00,+7.90E+00,-7.577E+00
2,12/2/2026,10:41:05.584,-0.09E+00,-0.05E+00,+0.05E+00,-0.05E+00,-1.19E+00,-7.14E+00,+7.95E+00,-7.554E+00
2,12/2/2026,10:41:05.584,-0.14E+00,-0.05E+00,+0.05E+00,+0.00E+00,-1.34E+00,-7.05E+00,+8.01E+00,-7.531E+00
2,12/2/2026,10:41:05.584,-0.09E+00,-0.05E+00,+0.05E+00,+0.00E+00,-1.48E+00,-6.96E+00,+8.06E+00,-7.508E+00
2,12/2/2026,10:41:05.584,-0.09E+00,-0.05E+00,+0.05E+00,+0.00E+00,-1.62E+00,-6.87E+00,+8.12E+00,-7.485E+00
2,12/2/2026,10:41:05.584,-0.09E+00,-0.05E+00,+0.05E+00,+0.00E+00,-1.77E+00,-6.78E+00,+8.16E+00,-7.455E+00
2,12/2/2026,10:41:05.584,-0.14E+00,-0.05E+00,+0.05E+00,+0.00E+00,-1.91E+00,-6.68E+00,+8.19E+00,-7.432E+00
2,12/2/2026,10:41:05.584,-0.14E+00,-0.05E+00,+0.05E+00,-0.05E+00,-2.04E+00,-6.58E+00,+8.24E+00,-7.401E+00
2,12/2/2026,10:41:05.584,-0.09E+00,-0.05E+00,+0.05E+00,-0.05E+00,-2.18E+00,-6.47E+00,+8.27E+00,-7.363E+00
2,12/2/2026,10:41:05.584,-0.09E+00,-0.05E+00,+0.05E+00,+0.00E+00,-2.32E+00,-6.38E+00,+8.32E+00,-7.333E+00
2,12/2/2026,10:41:05.584,-0.09E+00,-0.05E+00,+0.05E+00,+0.00E+00,-2.46E+00,-6.27E+00,+8.35E+00,-7.294E+00
2,12/2/2026,10:41:05.584,-0.09E+00,-0.05E+00,+0.05E+00,+0.00E+00,-2.59E+00,-6.17E+00,+8.38E+00,-7.264E+00
2,12/2/2026,10:41:05.584,-0.09E+00,-0.05E+00,+0.05E+00,+0.00E+00,-2.73E+00,-6.06E+00,+8.41E+00,-7.226E+00
2,12/2/2026,10:41:05.584,-0.09E+00,-0.05E+00,+0.05E+00,-0.05E+00,-2.87E+00,-5.97E+00,+8.44E+00,-7.188E+00
2,12/2/2026,10:41:05.585,-0.09E+00,-0.05E+00,+0.05E+00,+0.00E+00,-2.99E+00,-5.86E+00,+8.47E+00,-7.142E+00
2,12/2/2026,10:41:05.585,-0.09E+00,-0.05E+00,+0.05E+00,+0.00E+00,-3.13E+00,-5.75E+00,+8.50E+00,-7.104E+00
2,12/2/2026,10:41:05.585,-0.09E+00,-0.05E+00,+0.05E+00,+0.00E+00,-3.25E+00,-5.65E+00,+8.52E+00,-7.058E+00
2,12/2/2026,10:41:05.585,-0.14E+00,-0.05E+00,+0.05E+00,-0.05E+00,-3.39E+00,-5.54E+00,+8.53E+00,-7.020E+00
2,12/2/2026,10:41:05.585,-0.09E+00,-0.05E+00,+0.00E+00,-0.05E+00,-3.51E+00,-5.43E+00,+8.56E+00,-6.974E+00
2,12/2/2026,10:41:05.585,-0.09E+00,-0.05E+00,+0.05E+00,-0.05E+00,-3.63E+00,-5.33E+00,+8.58E+00,-6.928E+00
2,12/2/2026,10:41:05.585,-0.09E+00,-0.05E+00,+0.05E+00,-0.05E+00,-3.75E+00,-5.20E+00,+8.59E+00,-6.875E+00
2,12/2/2026,10:41:05.585,-0.09E+00,-0.05E+00,+0.05E+00,+0.00E+00,-3.89E+00,-5.10E+00,+8.61E+00,-6.821E+00
2,12/2/2026,10:41:05.585,-0.09E+00,-0.05E+00,+0.05E+00,+0.00E+00,-4.01E+00,-4.99E+00,+8.62E+00,-6.776E+00
2,12/2/2026,10:41:05.585,-0.14E+00,-0.05E+00,+0.05E+00,-0.05E+00,-4.14E+00,-4.87E+00,+8.62E+00,-6.722E+00
2,12/2/2026,10:41:05.585,-0.09E+00,-0.05E+00,+0.05E+00,-0.05E+00,-4.24E+00,-4.76E+00,+8.64E+00,-6.669E+00
2,12/2/2026,10:41:05.585,-0.09E+00,-0.05E+00,+0.05E+00,+0.00E+00,-4.36E+00,-4.65E+00,+8.64E+00,-6.623E+00
2,12/2/2026,10:41:05.585,-0.09E+00,-0.05E+00,+0.05E+00,+0.00E+00,-4.49E+00,-4.55E+00,+8.65E+00,-6.570E+00
2,12/2/2026,10:41:05.585,-0.09E+00,-0.05E+00,+0.05E+00,+0.00E+00,-4.61E+00,-4.44E+00,+8.67E+00,-6.516E+00
2,12/2/2026,10:41:05.585,-0.09E+00,-0.05E+00,+0.00E+00,-0.05E+00,-4.73E+00,-4.32E+00,+8.67E+00,-6.463E+00
2,12/2/2026,10:41:05.585,-0.14E+00,-0.05E+00,+0.05E+00,-0.05E+00,-4.85E+00,-4.21E+00,+8.67E+00,-6.409E+00
2,12/2/2026,10:41:05.585,-0.09E+00,-0.05E+00,+0.05E+00,+0.00E+00,-4.96E+00,-4.10E+00,+8.68E+00,-6.356E+00
2,12/2/2026,10:41:05.585,-0.09E+00,-0.05E+00,+0.05E+00,+0.00E+00,-5.08E+00,-3.98E+00,+8.68E+00,-6.302E+00
2,12/2/2026,10:41:05.585,-0.09E+00,-0.05E+00,+0.05E+00,-0.05E+00,-5.20E+00,-3.86E+00,+8.70E+00,-6.241E+00
2,12/2/2026,10:41:05.585,-0.09E+00,-0.05E+00,+0.05E+00,-0.05E+00,-5.31E+00,-3.75E+00,+8.70E+00,-6.188E+00
2,12/2/2026,10:41:05.586,-0.09E+00,-0.05E+00,+0.05E+00,+0.00E+00,-5.42E+00,-3.65E+00,+8.70E+00,-6.127E+00
2,12/2/2026,10:41:05.586,-0.14E+00,-0.05E+00,+0.05E+00,+0.00E+00,-5.54E+00,-3.53E+00,+8.70E+00,-6.074E+00
2,12/2/2026,10:41:05.586,-0.09E+00,-0.05E+00,+0.05E+00,-0.05E+00,-5.66E+00,-3.40E+00,+8.70E+00,-6.013E+00
2,12/2/2026,10:41:05.586,-0.09E+00,-0.05E+00,+0.05E+00,+0.00E+00,-5.77E+00,-3.30E+00,+8.68E+00,-5.944E+00
2,12/2/2026,10:41:05.586,-0.09E+00,-0.05E+00,+0.05E+00,+0.00E+00,-5.89E+00,-3.17E+00,+8.68E+00,-5.890E+00
2,12/2/2026,10:41:05.586,-0.09E+00,-0.05E+00,+0.05E+00,-0.05E+00,-6.00E+00,-3.05E+00,+8.68E+00,-5.822E+00
2,12/2/2026,10:41:05.586,-0.09E+00,-0.05E+00,+0.05E+00,-0.05E+00,-6.12E+00,-2.93E+00,+8.68E+00,-5.753E+00
2,12/2/2026,10:41:05.586,-0.09E+00,-0.05E+00,+0.05E+00,-0.05E+00,-6.23E+00,-2.79E+00,+8.67E+00,-5.684E+00
2,12/2/2026,10:41:05.586,-0.09E+00,-0.05E+00,+0.05E+00,+0.00E+00,-6.35E+00,-2.67E+00,+8.65E+00,-5.616E+00
2,12/2/2026,10:41:05.586,-0.09E+00,-0.05E+00,+0.05E+00,+0.00E+00,-6.46E+00,-2.55E+00,+8.64E+00,-5.547E+00
2,12/2/2026,10:41:05.586,-0.09E+00,-0.05E+00,+0.05E+00,+0.00E+00,-6.56E+00,-2.43E+00,+8.61E+00,-5.471E+00
2,12/2/2026,10:41:05.586,-0.09E+00,-0.05E+00,+0.05E+00,-0.05E+00,-6.67E+00,-2.30E+00,+8.59E+00,-5.402E+00
2,12/2/2026,10:41:05.586,-0.09E+00,-0.05E+00,+0.05E+00,+0.00E+00,-6.76E+00,-2.17E+00,+8.56E+00,-5.318E+00
2,12/2/2026,10:41:05.586,-0.09E+00,-0.05E+00,+0.05E+00,+0.00E+00,-6.85E+00,-2.04E+00,+8.52E+00,-5.234E+00
2,12/2/2026,10:41:05.586,-0.09E+00,-0.05E+00,+0.05E+00,+0.00E+00,-6.94E+00,-1.91E+00,+8.47E+00,-5.143E+00
2,12/2/2026,10:41:05.586,-0.09E+00,-0.05E+00,+0.05E+00,-0.05E+00,-7.03E+00,-1.77E+00,+8.42E+00,-5.043E+00
2,12/2/2026,10:41:05.586,-0.09E+00,-0.05E+00,+0.05E+00,-0.05E+00,-7.11E+00,-1.62E+00,+8.36E+00,-4.944E+00
2,12/2/2026,10:41:05.586,-0.09E+00,-0.05E+00,+0.05E+00,-0.05E+00,-7.20E+00,-1.48E+00,+8.30E+00,-4.845E+00
2,12/2/2026,10:41:05.586,-0.09E+00,-0.05E+00,+0.05E+00,-0.05E+00,-7.28E+00,-1.34E+00,+8.24E+00,-4.738E+00
2,12/2/2026,10:41:05.586,-0.09E+00,-0.05E+00,+0.05E+00,-0.05E+00,-7.36E+00,-1.21E+00,+8.18E+00,-4.631E+00
2,12/2/2026,10:41:05.587,-0.09E+00,-0.05E+00,+0.05E+00,+0.00E+00,-7.42E+00,-1.05E+00,+8.12E+00,-4.532E+00
2,12/2/2026,10:41:05.587,-0.14E+00,-0.05E+00,+0.05E+00,+0.00E+00,-7.51E+00,-0.92E+00,+8.04E+00,-4.433E+00
2,12/2/2026,10:41:05.587,-0.09E+00,-0.05E+00,+0.05E+00,-0.05E+00,-7.57E+00,-0.78E+00,+7.98E+00,-4.326E+00
2,12/2/2026,10:41:05.587,-0.09E+00,-0.05E+00,+0.05E+00,-0.05E+00,-7.65E+00,-0.64E+00,+7.92E+00,-4.227E+00
2,12/2/2026,10:41:05.587,-0.09E+00,-0.05E+00,+0.05E+00,+0.00E+00,-7.72E+00,-0.50E+00,+7.84E+00,-4.120E+00
2,12/2/2026,10:41:05.587,-0.09E+00,-0.05E+00,+0.05E+00,+0.00E+00,-7.78E+00,-0.37E+00,+7.78E+00,-4.013E+00
2,12/2/2026,10:41:05.587,-0.09E+00,-0.05E+00,+0.05E+00,-0.05E+00,-7.84E+00,-0.23E+00,+7.69E+00,-3.914E+00
2,12/2/2026,10:41:05.587,-0.09E+00,-0.05E+00,+0.05E+00,-0.05E+00,-7.90E+00,-0.09E+00,+7.63E+00,-3.807E+00
2,12/2/2026,10:41:05.587,-0.09E+00,-0.05E+00,+0.05E+00,-0.05E+00,-7.97E+00,+0.05E+00,+7.55E+00,-3.701E+00
2,12/2/2026,10:41:05.587,-0.09E+00,-0.05E+00,+0.05E+00,-0.05E+00,-8.03E+00,+0.18E+00,+7.48E+00,-3.586E+00
2,12/2/2026,10:41:05.587,-0.14E+00,-0.05E+00,+0.05E+00,-0.05E+00,-8.07E+00,+0.32E+00,+7.39E+00,-3.479E+00
2,12/2/2026,10:41:05.587,-0.09E+00,-0.05E+00,+0.05E+00,+0.00E+00,-8.12E+00,+0.46E+00,+7.28E+00,-3.365E+00
2,12/2/2026,10:41:05.587,-0.09E+00,-0.05E+00,+0.05E+00,+0.00E+00,-8.16E+00,+0.61E+00,+7.19E+00,-3.243E+00
2,12/2/2026,10:41:05.587,-0.09E+00,-0.05E+00,+0.05E+00,+0.00E+00,-8.21E+00,+0.75E+00,+7.10E+00,-3.121E+00
2,12/2/2026,10:41:05.587,-0.09E+00,-0.05E+00,+0.05E+00,-0.05E+00,-8.26E+00,+0.90E+00,+6.99E+00,-2.991E+00
2,12/2/2026,10:41:05.587,-0.09E+00,-0.05E+00,+0.05E+00,+0.00E+00,-8.30E+00,+1.04E+00,+6.90E+00,-2.869E+00
2,12/2/2026,10:41:05.587,-0.09E+00,-0.05E+00,+0.05E+00,+0.00E+00,-8.35E+00,+1.19E+00,+6.79E+00,-2.747E+00
2,12/2/2026,10:41:05.587,-0.09E+00,-0.05E+00,+0.05E+00,+0.00E+00,-8.39E+00,+1.33E+00,+6.68E+00,-2.625E+00
2,12/2/2026,10:41:05.587,-0.09E+00,-0.05E+00,+0.05E+00,-0.05E+00,-8.42E+00,+1.46E+00,+6.59E+00,-2.503E+00
2,12/2/2026,10:41:05.587,-0.09E+00,-0.05E+00,+0.05E+00,-0.05E+00,-8.48E+00,+1.62E+00,+6.50E+00,-2.381E+00
2,12/2/2026,10:41:05.588,-0.09E+00,-0.05E+00,+0.05E+00,+0.00E+00,-8.52E+00,+1.75E+00,+6.39E+00,-2.266E+00
2,12/2/2026,10:41:05.588,-0.09E+00,-0.05E+00,+0.05E+00,+0.00E+00,-8.55E+00,+1.91E+00,+6.30E+00,-2.144E+00
2,12/2/2026,10:41:05.588,-0.09E+00,-0.05E+00,+0.05E+00,+0.00E+00,-8.59E+00,+2.04E+00,+6.20E+00,-2.022E+00
2,12/2/2026,10:41:05.588,-0.09E+00,-0.05E+00,+0.05E+00,+0.00E+00,-8.64E+00,+2.17E+00,+6.09E+00,-1.908E+00
2,12/2/2026,10:41:05.588,-0.09E+00,-0.05E+00,+0.05E+00,-0.05E+00,-8.67E+00,+2.30E+00,+5.98E+00,-1.778E+00
2,12/2/2026,10:41:05.588,-0.09E+00,-0.05E+00,+0.05E+00,-0.05E+00,-8.68E+00,+2.46E+00,+5.88E+00,-1.656E+00
2,12/2/2026,10:41:05.588,-0.09E+00,-0.05E+00,+0.05E+00,+0.00E+00,-8.71E+00,+2.59E+00,+5.77E+00,-1.534E+00
2,12/2/2026,10:41:05.588,-0.09E+00,-0.05E+00,+0.05E+00,-0.05E+00,-8.74E+00,+2.72E+00,+5.65E+00,-1.412E+00
2,12/2/2026,10:41:05.588,-0.09E+00,-0.05E+00,+0.05E+00,-0.05E+00,-8.76E+00,+2.85E+00,+5.54E+00,-1.289E+00
2,12/2/2026,10:41:05.588,-0.09E+00,-0.05E+00,+0.05E+00,+0.00E+00,-8.77E+00,+2.99E+00,+5.43E+00,-1.167E+00
2,12/2/2026,10:41:05.588,-0.09E+00,-0.05E+00,+0.05E+00,+0.00E+00,-8.79E+00,+3.13E+00,+5.31E+00,-1.045E+00
2,12/2/2026,10:41:05.588,-0.09E+00,-0.05E+00,+0.05E+00,+0.00E+00,-8.81E+00,+3.25E+00,+5.19E+00,-0.923E+00
2,12/2/2026,10:41:05.588,-0.09E+00,-0.05E+00,+0.05E+00,-0.05E+00,-8.82E+00,+3.37E+00,+5.08E+00,-0.801E+00
2,12/2/2026,10:41:05.588,-0.09E+00,-0.05E+00,+0.05E+00,-0.05E+00,-8.84E+00,+3.51E+00,+4.97E+00,-0.679E+00
2,12/2/2026,10:41:05.588,-0.09E+00,+0.00E+00,+0.05E+00,-0.05E+00,-8.85E+00,+3.63E+00,+4.85E+00,-0.565E+00
2,12/2/2026,10:41:05.588,-0.09E+00,-0.05E+00,+0.05E+00,-0.05E+00,-8.87E+00,+3.75E+00,+4.75E+00,-0.450E+00
2,12/2/2026,10:41:05.588,-0.09E+00,-0.05E+00,+0.05E+00,-0.05E+00,-8.87E+00,+3.88E+00,+4.62E+00,-0.328E+00
2,12/2/2026,10:41:05.588,-0.09E+00,-0.05E+00,+0.05E+00,+0.00E+00,-8.88E+00,+4.00E+00,+4.52E+00,-0.221E+00
2,12/2/2026,10:41:05.588,-0.09E+00,-0.05E+00,+0.05E+00,+0.00E+00,-8.90E+00,+4.10E+00,+4.43E+00,-0.107E+00
2,12/2/2026,10:41:05.588,-0.09E+00,-0.05E+00,+0.05E+00,-0.05E+00,-8.90E+00,+4.23E+00,+4.32E+00,+0.000E+00
2,12/2/2026,10:41:05.589,-0.09E+00,-0.05E+00,+0.05E+00,-0.05E+00,-8.90E+00,+4.33E+00,+4.20E+00,+0.122E+00
2,12/2/2026,10:41:05.589,-0.09E+00,-0.05E+00,+0.05E+00,+0.00E+00,-8.90E+00,+4.46E+00,+4.09E+00,+0.237E+00
2,12/2/2026,10:41:05.589,-0.09E+00,-0.05E+00,+0.05E+00,+0.00E+00,-8.90E+00,+4.56E+00,+3.97E+00,+0.351E+00
2,12/2/2026,10:41:05.589,-0.09E+00,-0.05E+00,+0.05E+00,-0.05E+00,-8.90E+00,+4.68E+00,+3.86E+00,+0.465E+00
2,12/2/2026,10:41:05.589,-0.09E+00,-0.05E+00,+0.05E+00,-0.05E+00,-8.90E+00,+4.81E+00,+3.74E+00,+0.580E+00
2,12/2/2026,10:41:05.589,-0.09E+00,-0.05E+00,+0.05E+00,-0.05E+00,-8.90E+00,+4.91E+00,+3.62E+00,+0.694E+00
2,12/2/2026,10:41:05.589,-0.09E+00,-0.05E+00,+0.05E+00,+0.00E+00,-8.90E+00,+5.04E+00,+3.49E+00,+0.816E+00
2,12/2/2026,10:41:05.589,-0.09E+00,+0.00E+00,+0.05E+00,+0.00E+00,-8.88E+00,+5.16E+00,+3.37E+00,+0.931E+00
2,12/2/2026,10:41:05.589,-0.09E+00,-0.05E+00,+0.05E+00,+0.00E+00,-8.88E+00,+5.26E+00,+3.27E+00,+1.045E+00
2,12/2/2026,10:41:05.589,-0.09E+00,-0.05E+00,+0.05E+00,-0.05E+00,-8.88E+00,+5.37E+00,+3.14E+00,+1.160E+00
2,12/2/2026,10:41:05.589,-0.09E+00,-0.05E+00,+0.05E+00,-0.05E+00,-8.88E+00,+5.48E+00,+3.02E+00,+1.274E+00
2,12/2/2026,10:41:05.589,-0.09E+00,-0.05E+00,+0.05E+00,+0.00E+00,-8.87E+00,+5.59E+00,+2.90E+00,+1.389E+00
2,12/2/2026,10:41:05.589,-0.09E+00,-0.05E+00,+0.05E+00,-0.05E+00,-8.85E+00,+5.69E+00,+2.78E+00,+1.503E+00
2,12/2/2026,10:41:05.589,-0.09E+00,-0.05E+00,+0.05E+00,+0.00E+00,-8.84E+00,+5.81E+00,+2.66E+00,+1.618E+00
2,12/2/2026,10:41:05.589,-0.09E+00,-0.05E+00,+0.05E+00,+0.00E+00,-8.81E+00,+5.92E+00,+2.52E+00,+1.740E+00
2,12/2/2026,10:41:05.589,-0.09E+00,-0.05E+00,+0.05E+00,-0.05E+00,-8.77E+00,+6.03E+00,+2.40E+00,+1.854E+00
2,12/2/2026,10:41:05.589,-0.09E+00,-0.05E+00,+0.05E+00,-0.05E+00,-8.74E+00,+6.13E+00,+2.26E+00,+1.976E+00
2,12/2/2026,10:41:05.589,-0.09E+00,-0.05E+00,+0.05E+00,+0.00E+00,-8.71E+00,+6.24E+00,+2.12E+00,+2.091E+00
2,12/2/2026,10:41:05.589,-0.09E+00,-0.05E+00,+0.05E+00,+0.00E+00,-8.68E+00,+6.33E+00,+1.98E+00,+2.205E+00
2,12/2/2026,10:41:05.589,-0.09E+00,-0.05E+00,+0.05E+00,-0.05E+00,-8.64E+00,+6.42E+00,+1.85E+00,+2.327E+00
2,12/2/2026,10:41:05.590,-0.09E+00,-0.05E+00,+0.05E+00,-0.05E+00,-8.59E+00,+6.52E+00,+1.72E+00,+2.434E+00
2,12/2/2026,10:41:05.590,-0.09E+00,-0.05E+00,+0.05E+00,-0.05E+00,-8.56E+00,+6.61E+00,+1.59E+00,+2.548E+00
2,12/2/2026,10:41:05.590,-0.09E+00,-0.05E+00,+0.05E+00,-0.05E+00,-8.52E+00,+6.70E+00,+1.45E+00,+2.655E+00
2,12/2/2026,10:41:05.590,-0.09E+00,-0.05E+00,+0.05E+00,-0.05E+00,-8.45E+00,+6.78E+00,+1.31E+00,+2.770E+00
2,12/2/2026,10:41:05.590,-0.09E+00,-0.05E+00,+0.05E+00,+0.00E+00,-8.41E+00,+6.87E+00,+1.18E+00,+2.869E+00
2,12/2/2026,10:41:05.590,-0.09E+00,-0.05E+00,+0.05E+00,+0.00E+00,-8.35E+00,+6.94E+00,+1.04E+00,+2.983E+00
2,12/2/2026,10:41:05.590,-0.09E+00,-0.05E+00,+0.05E+00,-0.05E+00,-8.29E+00,+7.02E+00,+0.90E+00,+3.090E+00
2,12/2/2026,10:41:05.590,-0.09E+00,-0.05E+00,+0.05E+00,+0.00E+00,-8.23E+00,+7.10E+00,+0.76E+00,+3.197E+00
2,12/2/2026,10:41:05.590,-0.09E+00,-0.05E+00,+0.05E+00,+0.00E+00,-8.16E+00,+7.19E+00,+0.61E+00,+3.296E+00
2,12/2/2026,10:41:05.590,-0.09E+00,-0.05E+00,+0.05E+00,-0.05E+00,-8.09E+00,+7.25E+00,+0.47E+00,+3.411E+00
2,12/2/2026,10:41:05.590,-0.09E+00,-0.05E+00,+0.05E+00,-0.05E+00,-8.03E+00,+7.32E+00,+0.34E+00,+3.517E+00
2,12/2/2026,10:41:05.590,-0.09E+00,-0.05E+00,+0.05E+00,-0.05E+00,-7.95E+00,+7.40E+00,+0.18E+00,+3.624E+00
2,12/2/2026,10:41:05.590,-0.14E+00,-0.05E+00,+0.05E+00,+0.00E+00,-7.87E+00,+7.48E+00,+0.03E+00,+3.731E+00
2,12/2/2026,10:41:05.590,-0.09E+00,-0.05E+00,+0.05E+00,+0.00E+00,-7.80E+00,+7.54E+00,-0.11E+00,+3.830E+00
2,12/2/2026,10:41:05.590,-0.09E+00,-0.05E+00,+0.05E+00,-0.05E+00,-7.72E+00,+7.60E+00,-0.24E+00,+3.937E+00
2,12/2/2026,10:41:05.590,-0.09E+00,-0.05E+00,+0.05E+00,+0.00E+00,-7.65E+00,+7.66E+00,-0.38E+00,+4.036E+00
2,12/2/2026,10:41:05.590,-0.09E+00,-0.05E+00,+0.05E+00,+0.00E+00,-7.55E+00,+7.72E+00,-0.53E+00,+4.143E+00
2,12/2/2026,10:41:05.590,-0.09E+00,-0.05E+00,+0.05E+00,-0.05E+00,-7.48E+00,+7.78E+00,-0.67E+00,+4.242E+00
2,12/2/2026,10:41:05.590,-0.09E+00,-0.05E+00,+0.05E+00,-0.05E+00,-7.37E+00,+7.84E+00,-0.82E+00,+4.342E+00
2,12/2/2026,10:41:05.590,-0.09E+00,-0.05E+00,+0.05E+00,+0.00E+00,-7.28E+00,+7.89E+00,-0.96E+00,+4.433E+00
2,12/2/2026,10:41:05.591,-0.09E+00,-0.05E+00,+0.05E+00,+0.00E+00,-7.19E+00,+7.94E+00,-1.11E+00,+4.525E+00
2,12/2/2026,10:41:05.591,-0.14E+00,-0.05E+00,+0.05E+00,-0.05E+00,-7.10E+00,+8.00E+00,-1.25E+00,+4.624E+00
2,12/2/2026,10:41:05.591,-0.09E+00,-0.05E+00,+0.05E+00,+0.00E+00,-6.99E+00,+8.04E+00,-1.40E+00,+4.723E+00
2,12/2/2026,10:41:05.591,-0.09E+00,-0.05E+00,+0.05E+00,-0.05E+00,-6.90E+00,+8.07E+00,-1.54E+00,+4.815E+00
2,12/2/2026,10:41:05.591,-0.09E+00,-0.05E+00,+0.05E+00,+0.00E+00,-6.81E+00,+8.12E+00,-1.68E+00,+4.906E+00
2,12/2/2026,10:41:05.591,-0.09E+00,-0.05E+00,+0.05E+00,+0.00E+00,-6.70E+00,+8.16E+00,-1.83E+00,+4.998E+00
2,12/2/2026,10:41:05.591,-0.09E+00,-0.05E+00,+0.05E+00,+0.00E+00,-6.59E+00,+8.21E+00,-1.97E+00,+5.089E+00
2,12/2/2026,10:41:05.591,-0.09E+00,-0.05E+00,+0.05E+00,-0.05E+00,-6.50E+00,+8.26E+00,-2.12E+00,+5.173E+00
2,12/2/2026,10:41:05.591,-0.09E+00,-0.05E+00,+0.05E+00,-0.05E+00,-6.39E+00,+8.29E+00,-2.26E+00,+5.265E+00
2,12/2/2026,10:41:05.591,-0.09E+00,-0.05E+00,+0.00E+00,-0.05E+00,-6.30E+00,+8.33E+00,-2.40E+00,+5.356E+00
2,12/2/2026,10:41:05.591,-0.09E+00,-0.05E+00,+0.05E+00,-0.05E+00,-6.20E+00,+8.36E+00,-2.53E+00,+5.440E+00
2,12/2/2026,10:41:05.591,-0.09E+00,-0.05E+00,+0.05E+00,+0.00E+00,-6.09E+00,+8.39E+00,-2.67E+00,+5.524E+00
2,12/2/2026,10:41:05.591,-0.09E+00,-0.05E+00,+0.05E+00,+0.00E+00,-5.98E+00,+8.42E+00,-2.81E+00,+5.608E+00
2,12/2/2026,10:41:05.591,-0.09E+00,-0.05E+00,+0.00E+00,-0.05E+00,-5.88E+00,+8.47E+00,-2.95E+00,+5.692E+00
2,12/2/2026,10:41:05.591,-0.09E+00,-0.05E+00,+0.05E+00,-0.05E+00,-5.77E+00,+8.48E+00,-3.08E+00,+5.768E+00
2,12/2/2026,10:41:05.591,-0.09E+00,-0.05E+00,+0.05E+00,+0.00E+00,-5.66E+00,+8.52E+00,-3.22E+00,+5.852E+00
2,12/2/2026,10:41:05.591,-0.09E+00,-0.05E+00,+0.05E+00,+0.00E+00,-5.55E+00,+8.55E+00,-3.36E+00,+5.929E+00
2,12/2/2026,10:41:05.591,-0.09E+00,-0.05E+00,+0.05E+00,+0.00E+00,-5.45E+00,+8.56E+00,-3.49E+00,+6.005E+00
2,12/2/2026,10:41:05.591,-0.09E+00,-0.05E+00,+0.05E+00,-0.05E+00,-5.33E+00,+8.58E+00,-3.62E+00,+6.074E+00
2,12/2/2026,10:41:05.591,-0.09E+00,-0.05E+00,+0.05E+00,-0.05E+00,-5.22E+00,+8.62E+00,-3.74E+00,+6.150E+00
2,12/2/2026,10:41:05.592,-0.09E+00,-0.05E+00,+0.05E+00,-0.05E+00,-5.11E+00,+8.62E+00,-3.88E+00,+6.219E+00
2,12/2/2026,10:41:05.592,-0.09E+00,-0.05E+00,+0.05E+00,+0.00E+00,-5.01E+00,+8.62E+00,-4.00E+00,+6.287E+00
2,12/2/2026,10:41:05.592,-0.09E+00,-0.05E+00,+0.05E+00,-0.05E+00,-4.88E+00,+8.65E+00,-4.12E+00,+6.356E+00
2,12/2/2026,10:41:05.592,-0.09E+00,-0.05E+00,+0.05E+00,-0.05E+00,-4.78E+00,+8.65E+00,-4.26E+00,+6.417E+00
2,12/2/2026,10:41:05.592,-0.09E+00,-0.05E+00,+0.05E+00,+0.00E+00,-4.67E+00,+8.67E+00,-4.36E+00,+6.478E+00
2,12/2/2026,10:41:05.592,-0.09E+00,-0.05E+00,+0.05E+00,-0.05E+00,-4.56E+00,+8.67E+00,-4.49E+00,+6.539E+00
2,12/2/2026,10:41:05.592,-0.09E+00,-0.05E+00,+0.05E+00,+0.00E+00,-4.46E+00,+8.68E+00,-4.59E+00,+6.600E+00
2,12/2/2026,10:41:05.592,-0.09E+00,-0.05E+00,+0.05E+00,+0.00E+00,-4.33E+00,+8.70E+00,-4.72E+00,+6.661E+00
2,12/2/2026,10:41:05.592,-0.09E+00,-0.05E+00,+0.05E+00,+0.00E+00,-4.23E+00,+8.70E+00,-4.84E+00,+6.722E+00
2,12/2/2026,10:41:05.592,-0.09E+00,-0.05E+00,+0.05E+00,-0.05E+00,-4.12E+00,+8.70E+00,-4.94E+00,+6.783E+00
2,12/2/2026,10:41:05.592,-0.09E+00,-0.05E+00,+0.05E+00,-0.05E+00,-4.00E+00,+8.70E+00,-5.07E+00,+6.844E+00
2,12/2/2026,10:41:05.592,-0.09E+00,-0.05E+00,+0.05E+00,-0.05E+00,-3.88E+00,+8.71E+00,-5.19E+00,+6.905E+00
2,12/2/2026,10:41:05.592,-0.09E+00,-0.05E+00,+0.05E+00,+0.00E+00,-3.77E+00,+8.71E+00,-5.31E+00,+6.966E+00
2,12/2/2026,10:41:05.592,-0.09E+00,-0.05E+00,+0.05E+00,+0.00E+00,-3.65E+00,+8.71E+00,-5.43E+00,+7.020E+00
2,12/2/2026,10:41:05.592,-0.09E+00,-0.05E+00,+0.05E+00,-0.05E+00,-3.54E+00,+8.71E+00,-5.54E+00,+7.073E+00
2,12/2/2026,10:41:05.592,-0.14E+00,-0.05E+00,+0.05E+00,-0.05E+00,-3.42E+00,+8.71E+00,-5.66E+00,+7.127E+00
2,12/2/2026,10:41:05.592,-0.14E+00,-0.05E+00,+0.05E+00,+0.00E+00,-3.31E+00,+8.70E+00,-5.77E+00,+7.180E+00
2,12/2/2026,10:41:05.592,-0.09E+00,-0.05E+00,+0.05E+00,+0.00E+00,-3.19E+00,+8.70E+00,-5.88E+00,+7.233E+00
2,12/2/2026,10:41:05.592,-0.09E+00,-0.05E+00,+0.05E+00,+0.00E+00,-3.07E+00,+8.68E+00,-5.98E+00,+7.279E+00
2,12/2/2026,10:41:05.592,-0.09E+00,-0.05E+00,+0.05E+00,-0.05E+00,-2.95E+00,+8.67E+00,-6.09E+00,+7.325E+00
2,12/2/2026,10:41:05.593,-0.09E+00,-0.05E+00,+0.05E+00,+0.00E+00,-2.81E+00,+8.65E+00,-6.21E+00,+7.371E+00
2,12/2/2026,10:41:05.593,-0.09E+00,-0.05E+00,+0.05E+00,+0.00E+00,-2.69E+00,+8.64E+00,-6.32E+00,+7.409E+00
2,12/2/2026,10:41:05.593,-0.09E+00,-0.05E+00,+0.05E+00,+0.00E+00,-2.56E+00,+8.61E+00,-6.42E+00,+7.447E+00
2,12/2/2026,10:41:05.593,-0.09E+00,-0.05E+00,+0.05E+00,+0.00E+00,-2.43E+00,+8.58E+00,-6.52E+00,+7.485E+00
2,12/2/2026,10:41:05.593,-0.09E+00,-0.05E+00,+0.05E+00,+0.00E+00,-2.30E+00,+8.55E+00,-6.62E+00,+7.516E+00
2,12/2/2026,10:41:05.593,-0.09E+00,-0.05E+00,+0.05E+00,+0.00E+00,-2.17E+00,+8.52E+00,-6.71E+00,+7.546E+00
2,12/2/2026,10:41:05.593,-0.09E+00,-0.05E+00,+0.05E+00,-0.05E+00,-2.03E+00,+8.47E+00,-6.81E+00,+7.569E+00
2,12/2/2026,10:41:05.593,-0.09E+00,-0.05E+00,+0.05E+00,+0.00E+00,-1.89E+00,+8.44E+00,-6.90E+00,+7.584E+00
2,12/2/2026,10:41:05.593,-0.09E+00,-0.05E+00,+0.05E+00,+0.00E+00,-1.77E+00,+8.38E+00,-6.97E+00,+7.607E+00
2,12/2/2026,10:41:05.593,-0.09E+00,-0.05E+00,+0.05E+00,-0.05E+00,-1.63E+00,+8.33E+00,-7.07E+00,+7.622E+00
2,12/2/2026,10:41:05.593,-0.09E+00,-0.05E+00,+0.05E+00,+0.00E+00,-1.50E+00,+8.29E+00,-7.16E+00,+7.638E+00
2,12/2/2026,10:41:05.593,-0.09E+00,-0.05E+00,+0.05E+00,+0.00E+00,-1.36E+00,+8.23E+00,-7.23E+00,+7.645E+00
2,12/2/2026,10:41:05.593,-0.09E+00,-0.05E+00,+0.05E+00,+0.00E+00,-1.22E+00,+8.16E+00,-7.31E+00,+7.653E+00
2,12/2/2026,10:41:05.593,-0.09E+00,-0.05E+00,+0.05E+00,+0.00E+00,-1.08E+00,+8.10E+00,-7.39E+00,+7.661E+00
2,12/2/2026,10:41:05.593,-0.09E+00,-0.05E+00,+0.05E+00,+0.00E+00,-0.93E+00,+8.04E+00,-7.46E+00,+7.661E+00
2,12/2/2026,10:41:05.593,-0.09E+00,-0.05E+00,+0.05E+00,+0.00E+00,-0.79E+00,+7.97E+00,-7.54E+00,+7.661E+00
2,12/2/2026,10:41:05.593,-0.09E+00,-0.05E+00,+0.05E+00,+0.00E+00,-0.64E+00,+7.89E+00,-7.60E+00,+7.653E+00
2,12/2/2026,10:41:05.593,-0.09E+00,-0.05E+00,+0.05E+00,+0.00E+00,-0.50E+00,+7.81E+00,-7.68E+00,+7.653E+00
2,12/2/2026,10:41:05.593,-0.09E+00,-0.05E+00,+0.05E+00,-0.05E+00,-0.37E+00,+7.74E+00,-7.74E+00,+7.638E+00
2,12/2/2026,10:41:05.593,-0.09E+00,-0.05E+00,+0.05E+00,-0.05E+00,-0.21E+00,+7.66E+00,-7.80E+00,+7.638E+00
2,12/2/2026,10:41:05.594,-0.09E+00,-0.05E+00,+0.05E+00,+0.00E+00,-0.08E+00,+7.58E+00,-7.86E+00,+7.630E+00
2,12/2/2026,10:41:05.594,-0.09E+00,-0.05E+00,+0.05E+00,+0.00E+00,+0.06E+00,+7.49E+00,-7.94E+00,+7.615E+00
2,12/2/2026,10:41:05.594,-0.09E+00,-0.05E+00,+0.05E+00,-0.05E+00,+0.21E+00,+7.42E+00,-8.00E+00,+7.607E+00
2,12/2/2026,10:41:05.594,-0.09E+00,-0.05E+00,+0.05E+00,-0.05E+00,+0.37E+00,+7.34E+00,-8.06E+00,+7.600E+00
2,12/2/2026,10:41:05.594,-0.09E+00,-0.05E+00,+0.05E+00,-0.05E+00,+0.50E+00,+7.25E+00,-8.12E+00,+7.584E+00
2,12/2/2026,10:41:05.594,-0.05E+00,-0.05E+00,+0.05E+00,+0.00E+00,+0.66E+00,+7.17E+00,-8.18E+00,+7.569E+00
2,12/2/2026,10:41:05.594,-0.09E+00,-0.05E+00,+0.05E+00,+0.00E+00,+0.79E+00,+7.08E+00,-8.24E+00,+7.554E+00
2,12/2/2026,10:41:05.594,-0.14E+00,-0.05E+00,+0.05E+00,+0.00E+00,+0.95E+00,+6.99E+00,-8.29E+00,+7.531E+00
2,12/2/2026,10:41:05.594,-0.09E+00,-0.05E+00,+0.05E+00,+0.00E+00,+1.08E+00,+6.90E+00,-8.35E+00,+7.508E+00
2,12/2/2026,10:41:05.594,-0.09E+00,-0.05E+00,+0.05E+00,-0.05E+00,+1.22E+00,+6.81E+00,-8.39E+00,+7.485E+00
2,12/2/2026,10:41:05.594,-0.09E+00,-0.05E+00,+0.05E+00,-0.05E+00,+1.37E+00,+6.71E+00,-8.44E+00,+7.462E+00
2,12/2/2026,10:41:05.594,-0.09E+00,-0.05E+00,+0.05E+00,+0.00E+00,+1.51E+00,+6.62E+00,-8.48E+00,+7.447E+00
2,12/2/2026,10:41:05.594,-0.09E+00,-0.05E+00,+0.05E+00,+0.00E+00,+1.66E+00,+6.52E+00,-8.53E+00,+7.416E+00
2,12/2/2026,10:41:05.594,-0.09E+00,-0.05E+00,+0.05E+00,-0.05E+00,+1.79E+00,+6.42E+00,-8.58E+00,+7.378E+00
2,12/2/2026,10:41:05.594,-0.09E+00,-0.05E+00,+0.05E+00,+0.00E+00,+1.92E+00,+6.32E+00,-8.61E+00,+7.348E+00
2,12/2/2026,10:41:05.594,-0.09E+00,-0.05E+00,+0.05E+00,+0.00E+00,+2.08E+00,+6.23E+00,-8.64E+00,+7.310E+00
2,12/2/2026,10:41:05.594,-0.09E+00,-0.05E+00,+0.05E+00,+0.00E+00,+2.21E+00,+6.12E+00,-8.67E+00,+7.279E+00
2,12/2/2026,10:41:05.594,-0.09E+00,-0.05E+00,+0.05E+00,+0.00E+00,+2.33E+00,+6.01E+00,-8.70E+00,+7.241E+00
2,12/2/2026,10:41:05.594,-0.09E+00,-0.05E+00,+0.05E+00,+0.00E+00,+2.47E+00,+5.91E+00,-8.74E+00,+7.203E+00
2,12/2/2026,10:41:05.594,-0.14E+00,-0.05E+00,+0.05E+00,-0.05E+00,+2.61E+00,+5.81E+00,-8.77E+00,+7.165E+00
2,12/2/2026,10:41:05.595,-0.09E+00,-0.05E+00,+0.05E+00,+0.00E+00,+2.75E+00,+5.71E+00,-8.81E+00,+7.127E+00
2,12/2/2026,10:41:05.595,-0.09E+00,-0.05E+00,+0.05E+00,+0.00E+00,+2.87E+00,+5.60E+00,-8.82E+00,+7.088E+00
2,12/2/2026,10:41:05.595,-0.09E+00,-0.05E+00,+0.05E+00,+0.00E+00,+2.99E+00,+5.49E+00,-8.84E+00,+7.043E+00
2,12/2/2026,10:41:05.595,-0.09E+00,-0.05E+00,+0.05E+00,-0.05E+00,+3.13E+00,+5.39E+00,-8.87E+00,+6.997E+00
2,12/2/2026,10:41:05.595,-0.09E+00,-0.05E+00,+0.05E+00,-0.05E+00,+3.25E+00,+5.28E+00,-8.88E+00,+6.951E+00
2,12/2/2026,10:41:05.595,-0.09E+00,-0.05E+00,+0.05E+00,+0.00E+00,+3.37E+00,+5.16E+00,-8.90E+00,+6.905E+00
2,12/2/2026,10:41:05.595,-0.09E+00,-0.05E+00,+0.05E+00,-0.05E+00,+3.49E+00,+5.05E+00,-8.91E+00,+6.852E+00
2,12/2/2026,10:41:05.595,-0.09E+00,-0.05E+00,+0.05E+00,-0.05E+00,+3.63E+00,+4.94E+00,-8.93E+00,+6.806E+00
2,12/2/2026,10:41:05.595,-0.09E+00,-0.05E+00,+0.05E+00,+0.00E+00,+3.75E+00,+4.84E+00,-8.94E+00,+6.753E+00
2,12/2/2026,10:41:05.595,-0.09E+00,-0.05E+00,+0.05E+00,-0.05E+00,+3.88E+00,+4.72E+00,-8.94E+00,+6.699E+00
2,12/2/2026,10:41:05.595,-0.09E+00,-0.05E+00,+0.05E+00,-0.05E+00,+4.00E+00,+4.61E+00,-8.96E+00,+6.653E+00
2,12/2/2026,10:41:05.595,-0.09E+00,-0.05E+00,+0.05E+00,+0.00E+00,+4.10E+00,+4.50E+00,-8.97E+00,+6.600E+00
2,12/2/2026,10:41:05.595,-0.09E+00,-0.05E+00,+0.05E+00,+0.00E+00,+4.24E+00,+4.39E+00,-8.97E+00,+6.547E+00
2,12/2/2026,10:41:05.595,-0.09E+00,-0.05E+00,+0.05E+00,+0.00E+00,+4.35E+00,+4.29E+00,-8.99E+00,+6.493E+00
2,12/2/2026,10:41:05.595,-0.09E+00,-0.05E+00,+0.05E+00,+0.00E+00,+4.47E+00,+4.18E+00,-9.00E+00,+6.440E+00
2,12/2/2026,10:41:05.595,-0.09E+00,-0.05E+00,+0.05E+00,+0.00E+00,+4.58E+00,+4.06E+00,-9.00E+00,+6.386E+00
2,12/2/2026,10:41:05.595,-0.09E+00,-0.05E+00,+0.05E+00,+0.00E+00,+4.70E+00,+3.95E+00,-9.00E+00,+6.333E+00
2,12/2/2026,10:41:05.595,-0.09E+00,-0.05E+00,+0.05E+00,+0.00E+00,+4.82E+00,+3.83E+00,-9.02E+00,+6.280E+00
2,12/2/2026,10:41:05.595,-0.09E+00,-0.05E+00,+0.05E+00,-0.05E+00,+4.94E+00,+3.72E+00,-9.00E+00,+6.226E+00
2,12/2/2026,10:41:05.595,-0.09E+00,-0.05E+00,+0.05E+00,-0.05E+00,+5.07E+00,+3.62E+00,-9.02E+00,+6.165E+00
2,12/2/2026,10:41:05.596,-0.09E+00,-0.05E+00,+0.05E+00,+0.00E+00,+5.17E+00,+3.49E+00,-9.02E+00,+6.104E+00
2,12/2/2026,10:41:05.596,-0.09E+00,-0.05E+00,+0.05E+00,-0.05E+00,+5.28E+00,+3.37E+00,-9.02E+00,+6.043E+00
2,12/2/2026,10:41:05.596,-0.09E+00,-0.05E+00,+0.05E+00,-0.05E+00,+5.40E+00,+3.25E+00,-9.02E+00,+5.982E+00
2,12/2/2026,10:41:05.596,-0.09E+00,-0.05E+00,+0.05E+00,+0.00E+00,+5.52E+00,+3.14E+00,-9.00E+00,+5.921E+00
2,12/2/2026,10:41:05.596,-0.09E+00,-0.05E+00,+0.05E+00,+0.00E+00,+5.63E+00,+3.02E+00,-9.00E+00,+5.852E+00
2,12/2/2026,10:41:05.596,-0.09E+00,-0.05E+00,+0.05E+00,-0.05E+00,+5.75E+00,+2.90E+00,-8.99E+00,+5.791E+00
2,12/2/2026,10:41:05.596,-0.09E+00,-0.05E+00,+0.05E+00,+0.00E+00,+5.88E+00,+2.76E+00,-8.99E+00,+5.723E+00
2,12/2/2026,10:41:05.596,-0.09E+00,-0.05E+00,+0.05E+00,+0.00E+00,+5.98E+00,+2.64E+00,-8.99E+00,+5.654E+00
2,12/2/2026,10:41:05.596,-0.09E+00,-0.05E+00,+0.05E+00,+0.00E+00,+6.10E+00,+2.52E+00,-8.97E+00,+5.585E+00
2,12/2/2026,10:41:05.596,-0.09E+00,-0.05E+00,+0.05E+00,+0.00E+00,+6.20E+00,+2.40E+00,-8.96E+00,+5.517E+00
2,12/2/2026,10:41:05.596,-0.09E+00,-0.05E+00,+0.05E+00,+0.00E+00,+6.30E+00,+2.27E+00,-8.93E+00,+5.448E+00
2,12/2/2026,10:41:05.596,-0.09E+00,-0.05E+00,+0.05E+00,+0.00E+00,+6.41E+00,+2.15E+00,-8.91E+00,+5.372E+00
2,12/2/2026,10:41:05.596,-0.09E+00,-0.05E+00,+0.05E+00,-0.05E+00,+6.50E+00,+2.03E+00,-8.87E+00,+5.288E+00
2,12/2/2026,10:41:05.596,-0.09E+00,-0.05E+00,+0.05E+00,+0.00E+00,+6.59E+00,+1.89E+00,-8.84E+00,+5.204E+00
2,12/2/2026,10:41:05.596,-0.09E+00,-0.05E+00,+0.05E+00,+0.00E+00,+6.68E+00,+1.75E+00,-8.79E+00,+5.105E+00
2,12/2/2026,10:41:05.596,-0.09E+00,-0.05E+00,+0.05E+00,-0.05E+00,+6.76E+00,+1.60E+00,-8.73E+00,+5.005E+00
2,12/2/2026,10:41:05.596,-0.09E+00,-0.05E+00,+0.05E+00,-0.05E+00,+6.85E+00,+1.46E+00,-8.68E+00,+4.906E+00
2,12/2/2026,10:41:05.596,-0.09E+00,-0.05E+00,+0.05E+00,+0.00E+00,+6.94E+00,+1.33E+00,-8.61E+00,+4.799E+00
2,12/2/2026,10:41:05.596,-0.09E+00,-0.05E+00,+0.05E+00,+0.00E+00,+7.02E+00,+1.18E+00,-8.55E+00,+4.700E+00
2,12/2/2026,10:41:05.596,-0.09E+00,-0.05E+00,+0.05E+00,+0.00E+00,+7.10E+00,+1.02E+00,-8.48E+00,+4.593E+00
2,12/2/2026,10:41:05.597,-0.09E+00,-0.05E+00,+0.05E+00,+0.00E+00,+7.17E+00,+0.89E+00,-8.42E+00,+4.494E+00
2,12/2/2026,10:41:05.597,-0.09E+00,-0.05E+00,+0.05E+00,+0.00E+00,+7.25E+00,+0.75E+00,-8.36E+00,+4.395E+00
2,12/2/2026,10:41:05.597,-0.09E+00,-0.05E+00,+0.05E+00,-0.05E+00,+7.31E+00,+0.63E+00,-8.29E+00,+4.296E+00
2,12/2/2026,10:41:05.597,-0.09E+00,-0.05E+00,+0.05E+00,-0.05E+00,+7.39E+00,+0.49E+00,-8.23E+00,+4.197E+00
2,12/2/2026,10:41:05.597,-0.09E+00,-0.05E+00,+0.05E+00,+0.00E+00,+7.46E+00,+0.34E+00,-8.16E+00,+4.090E+00
2,12/2/2026,10:41:05.597,-0.09E+00,-0.05E+00,+0.05E+00,+0.00E+00,+7.52E+00,+0.20E+00,-8.09E+00,+3.975E+00
2,12/2/2026,10:41:05.597,-0.09E+00,-0.05E+00,+0.05E+00,-0.05E+00,+7.58E+00,+0.08E+00,-8.01E+00,+3.876E+00
2,12/2/2026,10:41:05.597,-0.09E+00,-0.05E+00,+0.00E+00,+0.00E+00,+7.65E+00,-0.06E+00,-7.94E+00,+3.769E+00
2,12/2/2026,10:41:05.597,-0.09E+00,-0.05E+00,+0.00E+00,+0.00E+00,+7.71E+00,-0.20E+00,-7.86E+00,+3.662E+00
2,12/2/2026,10:41:05.597,-0.09E+00,-0.05E+00,+0.05E+00,-0.05E+00,+7.75E+00,-0.34E+00,-7.77E+00,+3.556E+00
2,12/2/2026,10:41:05.597,-0.09E+00,-0.05E+00,+0.05E+00,-0.05E+00,+7.80E+00,-0.49E+00,-7.69E+00,+3.441E+00
2,12/2/2026,10:41:05.597,-0.09E+00,-0.05E+00,+0.05E+00,+0.00E+00,+7.84E+00,-0.63E+00,-7.60E+00,+3.319E+00
2,12/2/2026,10:41:05.597,-0.09E+00,-0.05E+00,+0.00E+00,-0.05E+00,+7.89E+00,-0.76E+00,-7.51E+00,+3.197E+00
2,12/2/2026,10:41:05.597,-0.09E+00,-0.05E+00,+0.05E+00,+0.00E+00,+7.95E+00,-0.92E+00,-7.40E+00,+3.075E+00
2,12/2/2026,10:41:05.597,-0.09E+00,-0.05E+00,+0.05E+00,+0.00E+00,+8.00E+00,-1.05E+00,-7.29E+00,+2.960E+00
2,12/2/2026,10:41:05.597,-0.09E+00,-0.05E+00,+0.05E+00,-0.05E+00,+8.03E+00,-1.19E+00,-7.20E+00,+2.831E+00
2,12/2/2026,10:41:05.597,-0.09E+00,-0.05E+00,+0.05E+00,-0.05E+00,+8.07E+00,-1.34E+00,-7.11E+00,+2.709E+00
2,12/2/2026,10:41:05.597,-0.09E+00,-0.05E+00,+0.05E+00,+0.00E+00,+8.12E+00,-1.48E+00,-7.00E+00,+2.594E+00
2,12/2/2026,10:41:05.597,-0.09E+00,-0.05E+00,+0.05E+00,+0.00E+00,+8.16E+00,-1.63E+00,-6.91E+00,+2.472E+00
2,12/2/2026,10:41:05.597,-0.09E+00,-0.05E+00,+0.05E+00,-0.05E+00,+8.21E+00,-1.77E+00,-6.81E+00,+2.350E+00
2,12/2/2026,10:41:05.598,-0.09E+00,-0.05E+00,+0.05E+00,-0.05E+00,+8.26E+00,-1.91E+00,-6.70E+00,+2.228E+00
2,12/2/2026,10:41:05.598,-0.09E+00,-0.05E+00,+0.05E+00,+0.00E+00,+8.29E+00,-2.04E+00,-6.61E+00,+2.114E+00
2,12/2/2026,10:41:05.598,-0.09E+00,-0.05E+00,+0.05E+00,+0.00E+00,+8.32E+00,-2.18E+00,-6.50E+00,+1.991E+00
2,12/2/2026,10:41:05.598,-0.09E+00,-0.05E+00,+0.05E+00,-0.05E+00,+8.36E+00,-2.33E+00,-6.39E+00,+1.869E+00
2,12/2/2026,10:41:05.598,-0.09E+00,-0.05E+00,+0.05E+00,-0.05E+00,+8.39E+00,-2.47E+00,-6.29E+00,+1.740E+00
2,12/2/2026,10:41:05.598,-0.09E+00,-0.05E+00,+0.05E+00,+0.00E+00,+8.42E+00,-2.61E+00,-6.18E+00,+1.625E+00
2,12/2/2026,10:41:05.598,-0.09E+00,-0.05E+00,+0.05E+00,+0.00E+00,+8.44E+00,-2.75E+00,-6.07E+00,+1.488E+00
2,12/2/2026,10:41:05.598,-0.09E+00,-0.05E+00,+0.00E+00,+0.00E+00,+8.47E+00,-2.87E+00,-5.95E+00,+1.373E+00
2,12/2/2026,10:41:05.598,-0.09E+00,-0.05E+00,+0.05E+00,+0.00E+00,+8.52E+00,-3.04E+00,-5.83E+00,+1.427E+00
2,12/2/2026,10:41:05.598,-0.09E+00,-0.05E+00,+0.05E+00,-0.05E+00,+8.59E+00,-3.28E+00,-5.68E+00,+1.549E+00
2,12/2/2026,10:41:05.598,-0.09E+00,-0.05E+00,+0.05E+00,+0.00E+00,+8.70E+00,-3.59E+00,-5.48E+00,+1.579E+00
2,12/2/2026,10:41:05.598,-0.09E+00,-0.05E+00,+0.05E+00,+0.00E+00,+8.82E+00,-3.92E+00,-5.26E+00,+1.564E+00
2,12/2/2026,10:41:05.598,-0.09E+00,-0.05E+00,+0.05E+00,+0.00E+00,+8.96E+00,-4.29E+00,-5.02E+00,+1.534E+00
2,12/2/2026,10:41:05.598,-0.09E+00,-0.05E+00,+0.05E+00,+0.00E+00,+9.10E+00,-4.67E+00,-4.79E+00,+1.480E+00
2,12/2/2026,10:41:05.598,-0.09E+00,-0.05E+00,+0.05E+00,-0.05E+00,+9.25E+00,-5.08E+00,-4.53E+00,+1.412E+00
2,12/2/2026,10:41:05.598,-0.09E+00,-0.05E+00,+0.05E+00,-0.05E+00,+9.40E+00,-5.49E+00,-4.27E+00,+1.343E+00
2,12/2/2026,10:41:05.598,-0.09E+00,-0.05E+00,+0.05E+00,+0.00E+00,+9.55E+00,-5.91E+00,-4.03E+00,+1.274E+00
2,12/2/2026,10:41:05.598,-0.09E+00,-0.05E+00,+0.05E+00,+0.00E+00,+9.71E+00,-6.32E+00,-3.75E+00,+1.206E+00
2,12/2/2026,10:41:05.598,-0.09E+00,-0.05E+00,+0.05E+00,+0.00E+00,+9.87E+00,-6.75E+00,-3.49E+00,+1.137E+00
2,12/2/2026,10:41:05.598,-0.09E+00,-0.05E+00,+0.05E+00,-0.05E+00,+10.04E+00,-7.17E+00,-3.24E+00,+1.068E+00
2,12/2/2026,10:41:05.599,-0.14E+00,-0.05E+00,+0.05E+00,-0.05E+00,+10.21E+00,-7.61E+00,-2.96E+00,+0.992E+00
2,12/2/2026,10:41:05.599,-0.09E+00,-0.05E+00,+0.05E+00,+0.00E+00,+10.38E+00,-8.07E+00,-2.67E+00,+0.923E+00
2,12/2/2026,10:41:05.599,-0.09E+00,-0.05E+00,+0.00E+00,+0.00E+00,+10.56E+00,-8.53E+00,-2.40E+00,+0.847E+00
2,12/2/2026,10:41:05.599,-0.09E+00,-0.05E+00,+0.05E+00,+0.00E+00,+10.73E+00,-8.99E+00,-2.11E+00,+0.771E+00
2,12/2/2026,10:41:05.599,-0.09E+00,-0.05E+00,+0.05E+00,+0.00E+00,+10.91E+00,-9.46E+00,-1.82E+00,+0.694E+00
2,12/2/2026,10:41:05.599,-0.09E+00,-0.05E+00,+0.00E+00,+0.00E+00,+11.09E+00,-9.93E+00,-1.51E+00,+0.618E+00
2,12/2/2026,10:41:05.599,-0.09E+00,-0.05E+00,+0.05E+00,-0.05E+00,+11.28E+00,-10.42E+00,-1.22E+00,+0.534E+00
2,12/2/2026,10:41:05.599,-0.09E+00,-0.05E+00,+0.05E+00,+0.00E+00,+11.46E+00,-10.91E+00,-0.92E+00,+0.458E+00
2,12/2/2026,10:41:05.599,-0.09E+00,-0.05E+00,+0.05E+00,+0.00E+00,+11.64E+00,-11.41E+00,-0.61E+00,+0.382E+00
2,12/2/2026,10:41:05.599,-0.09E+00,-0.05E+00,+0.05E+00,+0.00E+00,+11.84E+00,-11.90E+00,-0.31E+00,+0.305E+00
2,12/2/2026,10:41:05.599,-0.09E+00,-0.05E+00,+0.05E+00,-0.05E+00,+12.03E+00,-12.41E+00,+0.02E+00,+0.221E+00
2,12/2/2026,10:41:05.599,-0.09E+00,-0.05E+00,+0.05E+00,-0.05E+00,+12.21E+00,-12.91E+00,+0.34E+00,+0.145E+00
2,12/2/2026,10:41:05.599,-0.09E+00,-0.05E+00,+0.05E+00,+0.00E+00,+12.41E+00,-13.43E+00,+0.66E+00,+0.061E+00
2,12/2/2026,10:41:05.599,-0.09E+00,-0.05E+00,+0.05E+00,+0.00E+00,+12.59E+00,-13.95E+00,+0.99E+00,-0.015E+00
2,12/2/2026,10:41:05.599,-0.09E+00,-0.05E+00,+0.05E+00,+0.00E+00,+12.79E+00,-14.48E+00,+1.33E+00,-0.099E+00
2,12/2/2026,10:41:05.599,-0.09E+00,-0.05E+00,+0.05E+00,-0.05E+00,+12.97E+00,-15.00E+00,+1.68E+00,-0.183E+00
2,12/2/2026,10:41:05.599,-0.09E+00,-0.05E+00,+0.05E+00,-0.05E+00,+13.15E+00,-15.55E+00,+2.01E+00,-0.267E+00
2,12/2/2026,10:41:05.599,-0.09E+00,-0.05E+00,+0.05E+00,-0.05E+00,+13.35E+00,-16.08E+00,+2.37E+00,-0.343E+00
2,12/2/2026,10:41:05.599,-0.09E+00,-0.05E+00,+0.05E+00,-0.05E+00,+13.55E+00,-16.62E+00,+2.72E+00,-0.427E+00
2,12/2/2026,10:41:05.599,-0.09E+00,-0.05E+00,+0.05E+00,+0.00E+00,+13.73E+00,-17.17E+00,+3.07E+00,-0.504E+00
2,12/2/2026,10:41:05.600,-0.09E+00,-0.05E+00,+0.05E+00,+0.00E+00,+13.92E+00,-17.70E+00,+3.42E+00,-0.580E+00
2,12/2/2026,10:41:05.600,-0.09E+00,-0.05E+00,+0.05E+00,-0.05E+00,+14.12E+00,-18.24E+00,+3.77E+00,-0.664E+00
2,12/2/2026,10:41:05.600,-0.09E+00,-0.05E+00,+0.05E+00,+0.00E+00,+14.30E+00,-18.80E+00,+4.14E+00,-0.740E+00
2,12/2/2026,10:41:05.600,-0.09E+00,-0.05E+00,+0.05E+00,+0.00E+00,+14.48E+00,-19.35E+00,+4.50E+00,-0.824E+00
2,12/2/2026,10:41:05.600,-0.09E+00,-0.05E+00,+0.05E+00,+0.00E+00,+14.67E+00,-19.90E+00,+4.87E+00,-0.900E+00
2,12/2/2026,10:41:05.600,-0.09E+00,-0.05E+00,+0.05E+00,-0.05E+00,+14.85E+00,-20.45E+00,+5.25E+00,-0.977E+00
2,12/2/2026,10:41:05.600,-0.09E+00,-0.05E+00,+0.05E+00,-0.05E+00,+15.03E+00,-21.00E+00,+5.63E+00,-1.061E+00
2,12/2/2026,10:41:05.600,-0.09E+00,-0.05E+00,+0.05E+00,+0.00E+00,+15.20E+00,-21.56E+00,+6.01E+00,-1.145E+00
2,12/2/2026,10:41:05.600,-0.09E+00,-0.05E+00,+0.05E+00,-0.05E+00,+15.38E+00,-22.13E+00,+6.39E+00,-1.221E+00
2,12/2/2026,10:41:05.600,-0.09E+00,-0.05E+00,+0.05E+00,+0.00E+00,+15.57E+00,-22.69E+00,+6.78E+00,-1.305E+00
2,12/2/2026,10:41:05.600,-0.09E+00,-0.05E+00,+0.05E+00,+0.00E+00,+15.73E+00,-23.26E+00,+7.17E+00,-1.381E+00
2,12/2/2026,10:41:05.600,-0.09E+00,-0.05E+00,+0.05E+00,+0.00E+00,+15.90E+00,-23.82E+00,+7.55E+00,-1.465E+00
2,12/2/2026,10:41:05.600,-0.09E+00,-0.05E+00,+0.05E+00,+0.00E+00,+16.08E+00,-24.39E+00,+7.94E+00,-1.541E+00
2,12/2/2026,10:41:05.600,-0.09E+00,-0.05E+00,+0.05E+00,-0.05E+00,+16.27E+00,-24.95E+00,+8.33E+00,-1.618E+00
2,12/2/2026,10:41:05.600,-0.09E+00,-0.05E+00,+0.05E+00,+0.00E+00,+16.42E+00,-25.52E+00,+8.71E+00,-1.694E+00
2,12/2/2026,10:41:05.600,-0.09E+00,-0.05E+00,+0.05E+00,+0.00E+00,+16.60E+00,-26.09E+00,+9.11E+00,-1.770E+00
2,12/2/2026,10:41:05.600,-0.09E+00,-0.05E+00,+0.05E+00,+0.00E+00,+16.77E+00,-26.64E+00,+9.52E+00,-1.854E+00
2,12/2/2026,10:41:05.600,-0.09E+00,-0.05E+00,+0.05E+00,-0.05E+00,+16.94E+00,-27.21E+00,+9.90E+00,-1.930E+00
2,12/2/2026,10:41:05.600,-0.09E+00,-0.05E+00,+0.05E+00,-0.05E+00,+17.11E+00,-27.77E+00,+10.30E+00,-2.014E+00
2,12/2/2026,10:41:05.600,-0.09E+00,-0.05E+00,+0.05E+00,+0.00E+00,+17.27E+00,-28.32E+00,+10.70E+00,-2.091E+00
2,12/2/2026,10:41:05.601,-0.09E+00,-0.05E+00,+0.00E+00,+0.00E+00,+17.43E+00,-28.89E+00,+11.11E+00,-2.167E+00
2,12/2/2026,10:41:05.601,-0.09E+00,-0.05E+00,+0.00E+00,+0.00E+00,+17.58E+00,-29.44E+00,+11.51E+00,-2.243E+00
2,12/2/2026,10:41:05.601,-0.09E+00,-0.05E+00,+0.05E+00,-0.05E+00,+17.75E+00,-30.00E+00,+11.90E+00,-2.312E+00
2,12/2/2026,10:41:05.601,-0.14E+00,-0.05E+00,+0.05E+00,-0.05E+00,+17.90E+00,-30.57E+00,+12.30E+00,-2.388E+00
2,12/2/2026,10:41:05.601,-0.09E+00,-0.05E+00,+0.05E+00,+0.00E+00,+18.05E+00,-31.13E+00,+12.70E+00,-2.465E+00
2,12/2/2026,10:41:05.601,-0.09E+00,-0.05E+00,+0.05E+00,+0.00E+00,+18.22E+00,-31.70E+00,+13.11E+00,-2.541E+00
2,12/2/2026,10:41:05.601,-0.09E+00,-0.05E+00,+0.05E+00,-0.05E+00,+18.37E+00,-32.26E+00,+13.51E+00,-2.609E+00
2,12/2/2026,10:41:05.601,-0.09E+00,-0.05E+00,+0.05E+00,-0.05E+00,+18.53E+00,-32.81E+00,+13.90E+00,-2.686E+00
2,12/2/2026,10:41:05.601,-0.09E+00,-0.05E+00,+0.05E+00,-0.05E+00,+18.66E+00,-33.36E+00,+14.30E+00,-2.754E+00
2,12/2/2026,10:41:05.601,-0.09E+00,-0.05E+00,+0.05E+00,-0.05E+00,+18.83E+00,-33.92E+00,+14.71E+00,-2.831E+00
2,12/2/2026,10:41:05.601,-0.09E+00,-0.05E+00,+0.05E+00,+0.00E+00,+18.98E+00,-34.47E+00,+15.11E+00,-2.899E+00
2,12/2/2026,10:41:05.601,-0.09E+00,-0.05E+00,+0.05E+00,+0.00E+00,+19.14E+00,-35.02E+00,+15.50E+00,-2.976E+00
2,12/2/2026,10:41:05.601,-0.09E+00,-0.05E+00,+0.05E+00,-0.05E+00,+19.27E+00,-35.57E+00,+15.90E+00,-3.044E+00
2,12/2/2026,10:41:05.601,-0.09E+00,-0.05E+00,+0.05E+00,-0.05E+00,+19.43E+00,-36.11E+00,+16.30E+00,-3.113E+00
2,12/2/2026,10:41:05.601,-0.09E+00,-0.05E+00,+0.05E+00,-0.05E+00,+19.58E+00,-36.65E+00,+16.68E+00,-3.189E+00
2,12/2/2026,10:41:05.601,-0.09E+00,-0.05E+00,+0.05E+00,+0.00E+00,+19.73E+00,-37.19E+00,+17.08E+00,-3.250E+00
2,12/2/2026,10:41:05.601,-0.09E+00,-0.05E+00,+0.05E+00,+0.00E+00,+19.87E+00,-37.74E+00,+17.47E+00,-3.319E+00
2,12/2/2026,10:41:05.601,-0.09E+00,-0.05E+00,+0.05E+00,+0.00E+00,+20.01E+00,-38.27E+00,+17.85E+00,-3.380E+00
2,12/2/2026,10:41:05.601,-0.09E+00,-0.05E+00,+0.05E+00,+0.00E+00,+20.16E+00,-38.81E+00,+18.25E+00,-3.449E+00
2,12/2/2026,10:41:05.601,-0.09E+00,-0.05E+00,+0.05E+00,+0.00E+00,+20.30E+00,-39.34E+00,+18.65E+00,-3.510E+00
2,12/2/2026,10:41:05.602,-0.09E+00,-0.05E+00,+0.05E+00,+0.00E+00,+20.45E+00,-39.86E+00,+19.03E+00,-3.571E+00
2,12/2/2026,10:41:05.602,-0.09E+00,-0.05E+00,+0.05E+00,+0.00E+00,+20.59E+00,-40.39E+00,+19.41E+00,-3.632E+00
2,12/2/2026,10:41:05.602,-0.09E+00,-0.05E+00,+0.00E+00,+0.00E+00,+20.71E+00,-40.91E+00,+19.79E+00,-3.693E+00
2,12/2/2026,10:41:05.602,-0.09E+00,-0.05E+00,+0.05E+00,+0.00E+00,+20.85E+00,-41.42E+00,+20.17E+00,-3.754E+00
2,12/2/2026,10:41:05.602,-0.09E+00,-0.05E+00,+0.05E+00,-0.05E+00,+20.98E+00,-41.92E+00,+20.54E+00,-3.815E+00
2,12/2/2026,10:41:05.602,-0.09E+00,-0.05E+00,+0.05E+00,+0.00E+00,+21.12E+00,-42.44E+00,+20.91E+00,-3.868E+00
2,12/2/2026,10:41:05.602,-0.09E+00,-0.05E+00,+0.05E+00,+0.00E+00,+21.26E+00,-42.94E+00,+21.27E+00,-3.929E+00
2,12/2/2026,10:41:05.602,-0.09E+00,-0.05E+00,+0.05E+00,+0.00E+00,+21.39E+00,-43.45E+00,+21.65E+00,-3.991E+00
2,12/2/2026,10:41:05.602,-0.09E+00,-0.05E+00,+0.05E+00,-0.05E+00,+21.53E+00,-43.95E+00,+22.04E+00,-4.044E+00
2,12/2/2026,10:41:05.602,-0.09E+00,-0.05E+00,+0.05E+00,-0.05E+00,+21.65E+00,-44.44E+00,+22.40E+00,-4.097E+00
2,12/2/2026,10:41:05.602,-0.09E+00,-0.05E+00,+0.05E+00,-0.05E+00,+21.78E+00,-44.93E+00,+22.77E+00,-4.151E+00
2,12/2/2026,10:41:05.602,-0.09E+00,-0.05E+00,+0.05E+00,+0.00E+00,+21.90E+00,-45.41E+00,+23.13E+00,-4.204E+00
2,12/2/2026,10:41:05.602,-0.09E+00,-0.05E+00,+0.05E+00,+0.00E+00,+22.04E+00,-45.90E+00,+23.49E+00,-4.258E+00
2,12/2/2026,10:41:05.602,-0.09E+00,-0.05E+00,+0.05E+00,+0.00E+00,+22.16E+00,-46.39E+00,+23.84E+00,-4.311E+00
2,12/2/2026,10:41:05.602,-0.09E+00,-0.05E+00,+0.05E+00,+0.00E+00,+22.28E+00,-46.86E+00,+24.20E+00,-4.357E+00
2,12/2/2026,10:41:05.602,-0.09E+00,-0.05E+00,+0.05E+00,+0.00E+00,+22.39E+00,-47.34E+00,+24.55E+00,-4.410E+00
2,12/2/2026,10:41:05.602,-0.09E+00,-0.05E+00,+0.05E+00,+0.00E+00,+22.51E+00,-47.79E+00,+24.90E+00,-4.464E+00
2,12/2/2026,10:41:05.602,-0.09E+00,-0.05E+00,+0.00E+00,+0.00E+00,+22.62E+00,-48.25E+00,+25.26E+00,-4.517E+00
2,12/2/2026,10:41:05.602,-0.09E+00,-0.05E+00,+0.05E+00,-0.05E+00,+22.72E+00,-48.71E+00,+25.61E+00,-4.563E+00
2,12/2/2026,10:41:05.602,-0.14E+00,-0.05E+00,+0.05E+00,-0.05E+00,+22.83E+00,-49.15E+00,+25.96E+00,-4.609E+00
2,12/2/2026,10:41:05.603,-0.09E+00,-0.05E+00,+0.05E+00,+0.00E+00,+22.92E+00,-49.60E+00,+26.29E+00,-4.654E+00
2,12/2/2026,10:41:05.603,-0.09E+00,-0.05E+00,+0.05E+00,-0.05E+00,+23.01E+00,-50.02E+00,+26.63E+00,-4.700E+00
2,12/2/2026,10:41:05.603,-0.09E+00,-0.05E+00,+0.05E+00,-0.05E+00,+23.10E+00,-50.47E+00,+26.96E+00,-4.738E+00
2,12/2/2026,10:41:05.603,-0.09E+00,-0.05E+00,+0.05E+00,+0.00E+00,+23.18E+00,-50.88E+00,+27.30E+00,-4.776E+00
2,12/2/2026,10:41:05.603,-0.09E+00,-0.05E+00,+0.05E+00,+0.00E+00,+23.27E+00,-51.27E+00,+27.62E+00,-4.807E+00
2,12/2/2026,10:41:05.603,-0.09E+00,-0.05E+00,+0.05E+00,-0.05E+00,+23.35E+00,-51.69E+00,+27.93E+00,-4.837E+00
2,12/2/2026,10:41:05.603,-0.09E+00,-0.05E+00,+0.05E+00,-0.05E+00,+23.44E+00,-52.07E+00,+28.25E+00,-4.868E+00
2,12/2/2026,10:41:05.603,-0.09E+00,-0.05E+00,+0.05E+00,+0.00E+00,+23.52E+00,-52.45E+00,+28.54E+00,-4.899E+00
2,12/2/2026,10:41:05.603,-0.09E+00,-0.05E+00,+0.05E+00,+0.00E+00,+23.59E+00,-52.82E+00,+28.83E+00,-4.921E+00
2,12/2/2026,10:41:05.603,-0.09E+00,-0.05E+00,+0.05E+00,-0.05E+00,+23.65E+00,-53.18E+00,+29.13E+00,-4.952E+00
2,12/2/2026,10:41:05.603,-0.14E+00,-0.05E+00,+0.05E+00,-0.05E+00,+23.71E+00,-53.53E+00,+29.42E+00,-4.975E+00
2,12/2/2026,10:41:05.603,-0.09E+00,-0.05E+00,+0.05E+00,+0.00E+00,+23.78E+00,-53.87E+00,+29.70E+00,-4.998E+00
2,12/2/2026,10:41:05.603,-0.09E+00,-0.05E+00,+0.00E+00,+0.00E+00,+23.82E+00,-54.20E+00,+29.99E+00,-5.021E+00
2,12/2/2026,10:41:05.603,-0.09E+00,-0.05E+00,+0.00E+00,+0.00E+00,+23.87E+00,-54.52E+00,+30.25E+00,-5.036E+00
2,12/2/2026,10:41:05.603,-0.09E+00,-0.05E+00,+0.05E+00,-0.05E+00,+23.91E+00,-54.83E+00,+30.52E+00,-5.051E+00
2,12/2/2026,10:41:05.603,-0.09E+00,-0.05E+00,+0.05E+00,-0.05E+00,+23.94E+00,-55.12E+00,+30.78E+00,-5.059E+00
2,12/2/2026,10:41:05.603,-0.09E+00,-0.05E+00,+0.05E+00,+0.00E+00,+23.97E+00,-55.41E+00,+31.04E+00,-5.082E+00
2,12/2/2026,10:41:05.603,-0.09E+00,-0.05E+00,+0.05E+00,-0.05E+00,+24.00E+00,-55.68E+00,+31.28E+00,-5.089E+00
2,12/2/2026,10:41:05.603,-0.09E+00,-0.05E+00,+0.05E+00,+0.00E+00,+24.02E+00,-55.94E+00,+31.54E+00,-5.105E+00
2,12/2/2026,10:41:05.603,-0.09E+00,-0.05E+00,+0.05E+00,+0.00E+00,+24.03E+00,-56.20E+00,+31.77E+00,-5.112E+00
2,12/2/2026,10:41:05.604,-0.09E+00,-0.05E+00,+0.00E+00,+0.00E+00,+24.05E+00,-56.45E+00,+31.99E+00,-5.120E+00
2,12/2/2026,10:41:05.604,-0.09E+00,-0.05E+00,+0.05E+00,-0.05E+00,+24.07E+00,-56.69E+00,+32.21E+00,-5.135E+00
2,12/2/2026,10:41:05.604,-0.09E+00,-0.05E+00,+0.05E+00,-0.05E+00,+24.07E+00,-56.92E+00,+32.44E+00,-5.135E+00
2,12/2/2026,10:41:05.604,-0.09E+00,-0.05E+00,+0.05E+00,+0.00E+00,+24.08E+00,-57.13E+00,+32.66E+00,-5.143E+00
2,12/2/2026,10:41:05.604,-0.09E+00,-0.05E+00,+0.05E+00,-0.05E+00,+24.07E+00,-57.33E+00,+32.87E+00,-5.150E+00
2,12/2/2026,10:41:05.604,-0.09E+00,-0.05E+00,+0.05E+00,+0.00E+00,+24.05E+00,-57.53E+00,+33.08E+00,-5.150E+00
2,12/2/2026,10:41:05.604,-0.09E+00,-0.05E+00,+0.05E+00,+0.00E+00,+24.03E+00,-57.71E+00,+33.28E+00,-5.150E+00
2,12/2/2026,10:41:05.604,-0.09E+00,-0.05E+00,+0.05E+00,-0.05E+00,+24.02E+00,-57.90E+00,+33.47E+00,-5.158E+00
2,12/2/2026,10:41:05.604,-0.09E+00,-0.05E+00,+0.05E+00,-0.05E+00,+23.99E+00,-58.05E+00,+33.65E+00,-5.158E+00
2,12/2/2026,10:41:05.604,-0.09E+00,-0.05E+00,+0.05E+00,+0.00E+00,+23.97E+00,-58.20E+00,+33.83E+00,-5.158E+00
2,12/2/2026,10:41:05.604,-0.09E+00,-0.05E+00,+0.05E+00,+0.00E+00,+23.94E+00,-58.35E+00,+34.01E+00,-5.158E+00
2,12/2/2026,10:41:05.604,-0.09E+00,-0.05E+00,+0.05E+00,-0.05E+00,+23.91E+00,-58.49E+00,+34.17E+00,-5.166E+00
2,12/2/2026,10:41:05.604,-0.09E+00,-0.05E+00,+0.05E+00,-0.05E+00,+23.88E+00,-58.61E+00,+34.32E+00,-5.158E+00
2,12/2/2026,10:41:05.604,-0.09E+00,-0.05E+00,+0.05E+00,-0.05E+00,+23.84E+00,-58.72E+00,+34.47E+00,-5.150E+00
2,12/2/2026,10:41:05.604,-0.09E+00,-0.05E+00,+0.05E+00,-0.05E+00,+23.81E+00,-58.81E+00,+34.61E+00,-5.143E+00
2,12/2/2026,10:41:05.604,-0.09E+00,-0.05E+00,+0.05E+00,+0.00E+00,+23.74E+00,-58.90E+00,+34.75E+00,-5.135E+00
2,12/2/2026,10:41:05.604,-0.09E+00,-0.05E+00,+0.05E+00,+0.00E+00,+23.70E+00,-58.98E+00,+34.87E+00,-5.127E+00
2,12/2/2026,10:41:05.604,-0.14E+00,-0.05E+00,+0.05E+00,-0.05E+00,+23.65E+00,-59.04E+00,+34.99E+00,-5.120E+00
2,12/2/2026,10:41:05.604,-0.09E+00,-0.05E+00,+0.05E+00,-0.05E+00,+23.59E+00,-59.10E+00,+35.11E+00,-5.105E+00
2,12/2/2026,10:41:05.604,-0.09E+00,-0.05E+00,+0.05E+00,+0.00E+00,+23.53E+00,-59.15E+00,+35.22E+00,-5.089E+00
2,12/2/2026,10:41:05.605,-0.09E+00,-0.05E+00,+0.05E+00,+0.00E+00,+23.45E+00,-59.19E+00,+35.31E+00,-5.074E+00
2,12/2/2026,10:41:05.605,-0.09E+00,-0.05E+00,+0.05E+00,+0.00E+00,+23.39E+00,-59.21E+00,+35.40E+00,-5.066E+00
2,12/2/2026,10:41:05.605,-0.09E+00,-0.05E+00,+0.05E+00,-0.05E+00,+23.32E+00,-59.22E+00,+35.50E+00,-5.051E+00
2,12/2/2026,10:41:05.605,-0.09E+00,-0.05E+00,+0.00E+00,-0.05E+00,+23.26E+00,-59.22E+00,+35.57E+00,-5.028E+00
2,12/2/2026,10:41:05.605,-0.09E+00,-0.05E+00,+0.05E+00,+0.00E+00,+23.18E+00,-59.22E+00,+35.65E+00,-5.013E+00
2,12/2/2026,10:41:05.605,-0.09E+00,-0.05E+00,+0.05E+00,-0.05E+00,+23.09E+00,-59.21E+00,+35.71E+00,-4.998E+00
2,12/2/2026,10:41:05.605,-0.09E+00,-0.05E+00,+0.05E+00,-0.05E+00,+23.01E+00,-59.18E+00,+35.77E+00,-4.975E+00
2,12/2/2026,10:41:05.605,-0.09E+00,-0.05E+00,+0.05E+00,-0.05E+00,+22.91E+00,-59.15E+00,+35.83E+00,-4.960E+00
2,12/2/2026,10:41:05.605,-0.09E+00,-0.05E+00,+0.05E+00,-0.05E+00,+22.81E+00,-59.10E+00,+35.88E+00,-4.937E+00
2,12/2/2026,10:41:05.605,-0.09E+00,-0.05E+00,+0.05E+00,+0.00E+00,+22.72E+00,-59.04E+00,+35.92E+00,-4.914E+00
2,12/2/2026,10:41:05.605,-0.09E+00,-0.05E+00,+0.00E+00,+0.00E+00,+22.62E+00,-58.98E+00,+35.95E+00,-4.891E+00
2,12/2/2026,10:41:05.605,-0.09E+00,-0.05E+00,+0.05E+00,+0.00E+00,+22.52E+00,-58.92E+00,+35.98E+00,-4.868E+00
2,12/2/2026,10:41:05.605,-0.09E+00,-0.05E+00,+0.05E+00,-0.05E+00,+22.42E+00,-58.83E+00,+36.01E+00,-4.853E+00
2,12/2/2026,10:41:05.605,-0.09E+00,-0.05E+00,+0.05E+00,-0.05E+00,+22.30E+00,-58.74E+00,+36.03E+00,-4.830E+00
2,12/2/2026,10:41:05.605,-0.09E+00,-0.05E+00,+0.05E+00,+0.00E+00,+22.19E+00,-58.63E+00,+36.04E+00,-4.807E+00
2,12/2/2026,10:41:05.605,-0.09E+00,-0.05E+00,+0.05E+00,-0.05E+00,+22.07E+00,-58.52E+00,+36.04E+00,-4.784E+00
2,12/2/2026,10:41:05.605,-0.09E+00,-0.05E+00,+0.05E+00,+0.00E+00,+21.93E+00,-58.39E+00,+36.04E+00,-4.761E+00
2,12/2/2026,10:41:05.605,-0.09E+00,-0.05E+00,+0.05E+00,+0.00E+00,+21.81E+00,-58.26E+00,+36.04E+00,-4.738E+00
2,12/2/2026,10:41:05.605,-0.09E+00,-0.05E+00,+0.05E+00,-0.05E+00,+21.67E+00,-58.13E+00,+36.03E+00,-4.708E+00
2,12/2/2026,10:41:05.605,-0.09E+00,-0.09E+00,+0.05E+00,-0.05E+00,+21.53E+00,-57.97E+00,+36.01E+00,-4.685E+00
2,12/2/2026,10:41:05.606,-0.09E+00,-0.05E+00,+0.05E+00,+0.00E+00,+21.39E+00,-57.81E+00,+36.00E+00,-4.662E+00
2,12/2/2026,10:41:05.606,-0.09E+00,-0.05E+00,+0.05E+00,+0.00E+00,+21.26E+00,-57.64E+00,+35.97E+00,-4.631E+00
2,12/2/2026,10:41:05.606,-0.09E+00,-0.05E+00,+0.05E+00,-0.05E+00,+21.10E+00,-57.45E+00,+35.94E+00,-4.601E+00
2,12/2/2026,10:41:05.606,-0.09E+00,-0.05E+00,+0.05E+00,+0.00E+00,+20.95E+00,-57.26E+00,+35.89E+00,-4.578E+00
2,12/2/2026,10:41:05.606,-0.09E+00,-0.05E+00,+0.05E+00,-0.05E+00,+20.78E+00,-57.06E+00,+35.85E+00,-4.540E+00
2,12/2/2026,10:41:05.606,-0.09E+00,-0.05E+00,+0.00E+00,-0.05E+00,+20.62E+00,-56.84E+00,+35.80E+00,-4.509E+00
2,12/2/2026,10:41:05.606,-0.09E+00,-0.05E+00,+0.00E+00,+0.00E+00,+20.45E+00,-56.62E+00,+35.75E+00,-4.479E+00
2,12/2/2026,10:41:05.606,-0.09E+00,-0.05E+00,+0.05E+00,+0.00E+00,+20.28E+00,-56.37E+00,+35.68E+00,-4.448E+00
2,12/2/2026,10:41:05.606,-0.09E+00,-0.05E+00,+0.05E+00,+0.00E+00,+20.11E+00,-56.13E+00,+35.62E+00,-4.410E+00
2,12/2/2026,10:41:05.606,-0.09E+00,-0.05E+00,+0.05E+00,+0.00E+00,+19.93E+00,-55.87E+00,+35.53E+00,-4.380E+00
2,12/2/2026,10:41:05.606,-0.09E+00,-0.05E+00,+0.05E+00,-0.05E+00,+19.76E+00,-55.61E+00,+35.43E+00,-4.342E+00
2,12/2/2026,10:41:05.606,-0.09E+00,-0.05E+00,+0.05E+00,+0.00E+00,+19.58E+00,-55.33E+00,+35.34E+00,-4.303E+00
2,12/2/2026,10:41:05.606,-0.09E+00,-0.05E+00,+0.05E+00,+0.00E+00,+19.40E+00,-55.04E+00,+35.24E+00,-4.258E+00
2,12/2/2026,10:41:05.606,-0.09E+00,-0.09E+00,+0.05E+00,-0.05E+00,+19.21E+00,-54.74E+00,+35.10E+00,-4.204E+00
2,12/2/2026,10:41:05.606,-0.09E+00,-0.05E+00,+0.05E+00,+0.00E+00,+19.03E+00,-54.42E+00,+34.98E+00,-4.151E+00
2,12/2/2026,10:41:05.606,-0.09E+00,-0.05E+00,+0.05E+00,+0.00E+00,+18.85E+00,-54.10E+00,+34.82E+00,-4.090E+00
2,12/2/2026,10:41:05.606,-0.09E+00,-0.05E+00,+0.05E+00,-0.05E+00,+18.68E+00,-53.75E+00,+34.67E+00,-4.029E+00
2,12/2/2026,10:41:05.606,-0.09E+00,-0.05E+00,+0.05E+00,+0.00E+00,+18.48E+00,-53.40E+00,+34.49E+00,-3.960E+00
2,12/2/2026,10:41:05.606,-0.09E+00,-0.05E+00,+0.05E+00,+0.00E+00,+18.30E+00,-53.03E+00,+34.32E+00,-3.899E+00
2,12/2/2026,10:41:05.606,-0.09E+00,-0.05E+00,+0.05E+00,-0.05E+00,+18.11E+00,-52.66E+00,+34.14E+00,-3.830E+00
2,12/2/2026,10:41:05.607,-0.09E+00,-0.05E+00,+0.00E+00,-0.05E+00,+17.92E+00,-52.27E+00,+33.95E+00,-3.762E+00
2,12/2/2026,10:41:05.607,-0.09E+00,-0.05E+00,+0.05E+00,-0.05E+00,+17.72E+00,-51.88E+00,+33.77E+00,-3.701E+00
2,12/2/2026,10:41:05.607,-0.09E+00,-0.05E+00,+0.05E+00,-0.05E+00,+17.50E+00,-51.47E+00,+33.57E+00,-3.640E+00
2,12/2/2026,10:41:05.607,-0.09E+00,-0.05E+00,+0.05E+00,-0.05E+00,+17.31E+00,-51.06E+00,+33.36E+00,-3.571E+00
2,12/2/2026,10:41:05.607,-0.09E+00,-0.05E+00,+0.05E+00,-0.05E+00,+17.09E+00,-50.65E+00,+33.16E+00,-3.510E+00
2,12/2/2026,10:41:05.607,-0.09E+00,-0.05E+00,+0.05E+00,-0.05E+00,+16.86E+00,-50.22E+00,+32.93E+00,-3.449E+00
2,12/2/2026,10:41:05.607,-0.09E+00,-0.05E+00,+0.05E+00,+0.00E+00,+16.65E+00,-49.78E+00,+32.70E+00,-3.380E+00
2,12/2/2026,10:41:05.607,-0.09E+00,-0.05E+00,+0.05E+00,+0.00E+00,+16.44E+00,-49.32E+00,+32.47E+00,-3.311E+00
2,12/2/2026,10:41:05.607,-0.09E+00,-0.05E+00,+0.00E+00,+0.00E+00,+16.21E+00,-48.86E+00,+32.24E+00,-3.250E+00
2,12/2/2026,10:41:05.607,-0.09E+00,-0.05E+00,+0.05E+00,+0.00E+00,+15.99E+00,-48.41E+00,+31.99E+00,-3.174E+00
2,12/2/2026,10:41:05.607,-0.09E+00,-0.05E+00,+0.05E+00,+0.00E+00,+15.78E+00,-47.92E+00,+31.73E+00,-3.105E+00
2,12/2/2026,10:41:05.607,-0.09E+00,-0.05E+00,+0.05E+00,-0.05E+00,+15.55E+00,-47.43E+00,+31.45E+00,-3.022E+00
2,12/2/2026,10:41:05.607,-0.09E+00,-0.05E+00,+0.05E+00,+0.00E+00,+15.34E+00,-46.93E+00,+31.18E+00,-2.938E+00
2,12/2/2026,10:41:05.607,-0.05E+00,-0.05E+00,+0.05E+00,+0.00E+00,+15.11E+00,-46.41E+00,+30.89E+00,-2.861E+00
2,12/2/2026,10:41:05.607,-0.09E+00,-0.05E+00,+0.05E+00,+0.00E+00,+14.86E+00,-45.89E+00,+30.60E+00,-2.777E+00
2,12/2/2026,10:41:05.607,-0.09E+00,-0.05E+00,+0.05E+00,+0.00E+00,+14.63E+00,-45.35E+00,+30.31E+00,-2.693E+00
2,12/2/2026,10:41:05.607,-0.09E+00,-0.05E+00,+0.05E+00,+0.00E+00,+14.39E+00,-44.82E+00,+30.00E+00,-2.617E+00
2,12/2/2026,10:41:05.607,-0.09E+00,-0.05E+00,+0.05E+00,-0.05E+00,+14.15E+00,-44.27E+00,+29.71E+00,-2.533E+00
2,12/2/2026,10:41:05.607,-0.09E+00,-0.05E+00,+0.05E+00,-0.05E+00,+13.89E+00,-43.71E+00,+29.41E+00,-2.457E+00
2,12/2/2026,10:41:05.607,-0.09E+00,-0.05E+00,+0.05E+00,+0.00E+00,+13.63E+00,-43.14E+00,+29.09E+00,-2.381E+00
2,12/2/2026,10:41:05.608,-0.09E+00,-0.05E+00,+0.00E+00,+0.00E+00,+13.37E+00,-42.56E+00,+28.77E+00,-2.297E+00
2,12/2/2026,10:41:05.608,-0.09E+00,-0.05E+00,+0.05E+00,-0.05E+00,+13.11E+00,-41.98E+00,+28.44E+00,-2.220E+00
2,12/2/2026,10:41:05.608,-0.09E+00,-0.05E+00,+0.05E+00,-0.05E+00,+12.85E+00,-41.39E+00,+28.11E+00,-2.144E+00
2,12/2/2026,10:41:05.608,-0.09E+00,-0.05E+00,+0.05E+00,+0.00E+00,+12.59E+00,-40.79E+00,+27.77E+00,-2.068E+00
2,12/2/2026,10:41:05.608,-0.09E+00,-0.05E+00,+0.05E+00,-0.05E+00,+12.33E+00,-40.18E+00,+27.44E+00,-1.984E+00
2,12/2/2026,10:41:05.608,-0.09E+00,-0.05E+00,+0.05E+00,-0.05E+00,+12.06E+00,-39.57E+00,+27.09E+00,-1.908E+00
2,12/2/2026,10:41:05.608,-0.14E+00,-0.05E+00,+0.05E+00,+0.00E+00,+11.80E+00,-38.94E+00,+26.74E+00,-1.824E+00
2,12/2/2026,10:41:05.608,-0.14E+00,-0.05E+00,+0.05E+00,-0.05E+00,+11.52E+00,-38.32E+00,+26.37E+00,-1.740E+00
2,12/2/2026,10:41:05.608,-0.09E+00,-0.05E+00,+0.05E+00,-0.05E+00,+11.25E+00,-37.68E+00,+26.02E+00,-1.663E+00
2,12/2/2026,10:41:05.608,-0.09E+00,-0.05E+00,+0.05E+00,+0.00E+00,+10.97E+00,-37.04E+00,+25.65E+00,-1.579E+00
2,12/2/2026,10:41:05.608,-0.09E+00,-0.05E+00,+0.05E+00,+0.00E+00,+10.70E+00,-36.40E+00,+25.27E+00,-1.503E+00
2,12/2/2026,10:41:05.608,-0.09E+00,-0.05E+00,+0.05E+00,+0.00E+00,+10.42E+00,-35.74E+00,+24.90E+00,-1.427E+00
2,12/2/2026,10:41:05.608,-0.09E+00,-0.05E+00,+0.05E+00,-0.05E+00,+10.13E+00,-35.07E+00,+24.52E+00,-1.343E+00
2,12/2/2026,10:41:05.608,-0.09E+00,-0.05E+00,+0.05E+00,-0.05E+00,+9.86E+00,-34.41E+00,+24.14E+00,-1.267E+00
2,12/2/2026,10:41:05.608,-0.09E+00,-0.05E+00,+0.05E+00,+0.00E+00,+9.57E+00,-33.74E+00,+23.76E+00,-1.183E+00
2,12/2/2026,10:41:05.608,-0.09E+00,-0.05E+00,+0.05E+00,+0.00E+00,+9.29E+00,-33.07E+00,+23.36E+00,-1.106E+00
2,12/2/2026,10:41:05.608,-0.09E+00,-0.05E+00,+0.05E+00,+0.00E+00,+9.00E+00,-32.38E+00,+22.97E+00,-1.030E+00
2,12/2/2026,10:41:05.608,-0.09E+00,-0.05E+00,+0.05E+00,+0.00E+00,+8.71E+00,-31.71E+00,+22.57E+00,-0.954E+00
2,12/2/2026,10:41:05.608,-0.09E+00,-0.05E+00,+0.05E+00,-0.05E+00,+8.42E+00,-31.01E+00,+22.19E+00,-0.877E+00
2,12/2/2026,10:41:05.608,-0.09E+00,-0.05E+00,+0.05E+00,-0.05E+00,+8.13E+00,-30.31E+00,+21.78E+00,-0.809E+00
2,12/2/2026,10:41:05.609,-0.09E+00,-0.05E+00,+0.05E+00,+0.00E+00,+7.83E+00,-29.60E+00,+21.36E+00,-0.725E+00
2,12/2/2026,10:41:05.609,-0.09E+00,-0.05E+00,+0.05E+00,+0.00E+00,+7.54E+00,-28.89E+00,+20.95E+00,-0.649E+00
2,12/2/2026,10:41:05.609,-0.09E+00,-0.05E+00,+0.05E+00,-0.05E+00,+7.23E+00,-28.19E+00,+20.54E+00,-0.572E+00
2,12/2/2026,10:41:05.609,-0.09E+00,-0.05E+00,+0.05E+00,-0.05E+00,+6.93E+00,-27.47E+00,+20.11E+00,-0.488E+00
2,12/2/2026,10:41:05.609,-0.09E+00,-0.05E+00,+0.05E+00,+0.00E+00,+6.64E+00,-26.74E+00,+19.69E+00,-0.412E+00
2,12/2/2026,10:41:05.609,-0.09E+00,-0.05E+00,+0.05E+00,+0.00E+00,+6.35E+00,-26.02E+00,+19.26E+00,-0.336E+00
2,12/2/2026,10:41:05.609,-0.09E+00,-0.05E+00,+0.05E+00,+0.00E+00,+6.04E+00,-25.29E+00,+18.85E+00,-0.259E+00
2,12/2/2026,10:41:05.609,-0.09E+00,-0.05E+00,+0.05E+00,+0.00E+00,+5.74E+00,-24.55E+00,+18.42E+00,-0.175E+00
2,12/2/2026,10:41:05.609,-0.14E+00,-0.05E+00,+0.05E+00,+0.00E+00,+5.43E+00,-23.81E+00,+17.98E+00,-0.092E+00
2,12/2/2026,10:41:05.609,-0.14E+00,+0.00E+00,+0.05E+00,+0.00E+00,+5.11E+00,-23.07E+00,+17.53E+00,-0.023E+00
2,12/2/2026,10:41:05.609,-0.09E+00,-0.05E+00,+0.05E+00,+0.00E+00,+4.81E+00,-22.33E+00,+17.11E+00,+0.061E+00
2,12/2/2026,10:41:05.609,-0.09E+00,-0.05E+00,+0.05E+00,+0.00E+00,+4.50E+00,-21.56E+00,+16.66E+00,+0.145E+00
2,12/2/2026,10:41:05.609,-0.09E+00,-0.05E+00,+0.05E+00,+0.00E+00,+4.20E+00,-20.80E+00,+16.21E+00,+0.221E+00
2,12/2/2026,10:41:05.609,-0.09E+00,-0.05E+00,+0.05E+00,-0.05E+00,+3.91E+00,-20.05E+00,+15.75E+00,+0.305E+00
2,12/2/2026,10:41:05.609,-0.09E+00,-0.05E+00,+0.05E+00,-0.05E+00,+3.60E+00,-19.29E+00,+15.29E+00,+0.389E+00
2,12/2/2026,10:41:05.609,-0.09E+00,-0.05E+00,+0.05E+00,-0.05E+00,+3.30E+00,-18.51E+00,+14.82E+00,+0.473E+00
2,12/2/2026,10:41:05.609,-0.09E+00,-0.05E+00,+0.05E+00,+0.00E+00,+3.01E+00,-17.75E+00,+14.36E+00,+0.557E+00
2,12/2/2026,10:41:05.609,-0.09E+00,-0.05E+00,+0.05E+00,+0.00E+00,+2.70E+00,-16.98E+00,+13.89E+00,+0.641E+00
2,12/2/2026,10:41:05.609,-0.09E+00,-0.05E+00,+0.05E+00,+0.00E+00,+2.40E+00,-16.22E+00,+13.41E+00,+0.732E+00
2,12/2/2026,10:41:05.609,-0.09E+00,-0.05E+00,+0.05E+00,+0.00E+00,+2.11E+00,-15.44E+00,+12.94E+00,+0.809E+00
2,12/2/2026,10:41:05.610,-0.09E+00,-0.05E+00,+0.05E+00,-0.05E+00,+1.82E+00,-14.68E+00,+12.47E+00,+0.893E+00
2,12/2/2026,10:41:05.610,-0.09E+00,-0.05E+00,+0.05E+00,-0.05E+00,+1.51E+00,-13.90E+00,+11.98E+00,+0.977E+00
2,12/2/2026,10:41:05.610,-0.09E+00,-0.05E+00,+0.05E+00,+0.00E+00,+1.22E+00,-13.12E+00,+11.51E+00,+1.053E+00
2,12/2/2026,10:41:05.610,-0.09E+00,-0.05E+00,+0.00E+00,+0.00E+00,+0.93E+00,-12.36E+00,+11.03E+00,+1.129E+00
2,12/2/2026,10:41:05.610,-0.09E+00,-0.05E+00,+0.05E+00,-0.05E+00,+0.64E+00,-11.60E+00,+10.54E+00,+1.213E+00
2,12/2/2026,10:41:05.610,-0.09E+00,-0.05E+00,+0.05E+00,+0.00E+00,+0.35E+00,-10.82E+00,+10.06E+00,+1.289E+00
2,12/2/2026,10:41:05.610,-0.09E+00,-0.05E+00,+0.05E+00,+0.00E+00,+0.08E+00,-10.06E+00,+9.57E+00,+1.373E+00
2,12/2/2026,10:41:05.610,-0.09E+00,-0.05E+00,+0.05E+00,+0.00E+00,-0.20E+00,-9.28E+00,+9.08E+00,+1.450E+00
2,12/2/2026,10:41:05.610,-0.09E+00,-0.05E+00,+0.05E+00,+0.00E+00,-0.49E+00,-8.52E+00,+8.59E+00,+1.534E+00
2,12/2/2026,10:41:05.610,-0.09E+00,-0.05E+00,+0.05E+00,-0.05E+00,-0.76E+00,-7.74E+00,+8.10E+00,+1.610E+00
2,12/2/2026,10:41:05.610,-0.09E+00,-0.05E+00,+0.05E+00,-0.05E+00,-1.02E+00,-6.97E+00,+7.60E+00,+1.694E+00
2,12/2/2026,10:41:05.610,-0.09E+00,-0.05E+00,+0.05E+00,+0.00E+00,-1.30E+00,-6.21E+00,+7.11E+00,+1.770E+00
2,12/2/2026,10:41:05.610,-0.09E+00,-0.05E+00,+0.05E+00,+0.00E+00,-1.57E+00,-5.45E+00,+6.62E+00,+1.854E+00
2,12/2/2026,10:41:05.610,-0.09E+00,-0.05E+00,+0.05E+00,-0.05E+00,-1.85E+00,-4.67E+00,+6.12E+00,+1.923E+00
2,12/2/2026,10:41:05.610,-0.09E+00,+0.00E+00,+0.00E+00,+0.00E+00,-2.12E+00,-3.91E+00,+5.62E+00,+2.007E+00
2,12/2/2026,10:41:05.610,-0.09E+00,-0.05E+00,+0.05E+00,+0.00E+00,-2.38E+00,-3.14E+00,+5.13E+00,+2.083E+00
2,12/2/2026,10:41:05.610,-0.09E+00,-0.05E+00,+0.05E+00,+0.00E+00,-2.64E+00,-2.40E+00,+4.62E+00,+2.159E+00
2,12/2/2026,10:41:05.610,-0.09E+00,-0.05E+00,+0.05E+00,+0.00E+00,-2.90E+00,-1.63E+00,+4.14E+00,+2.236E+00
2,12/2/2026,10:41:05.610,-0.09E+00,-0.05E+00,+0.00E+00,+0.00E+00,-3.16E+00,-0.89E+00,+3.63E+00,+2.304E+00
2,12/2/2026,10:41:05.610,-0.09E+00,-0.05E+00,+0.05E+00,+0.00E+00,-3.42E+00,-0.12E+00,+3.14E+00,+2.381E+00
2,12/2/2026,10:41:05.611,-0.09E+00,-0.05E+00,+0.05E+00,+0.00E+00,-3.66E+00,+0.63E+00,+2.64E+00,+2.457E+00
2,12/2/2026,10:41:05.611,-0.14E+00,-0.05E+00,+0.05E+00,-0.05E+00,-3.92E+00,+1.37E+00,+2.15E+00,+2.533E+00
2,12/2/2026,10:41:05.611,-0.09E+00,-0.05E+00,+0.05E+00,+0.00E+00,-4.17E+00,+2.12E+00,+1.65E+00,+2.602E+00
2,12/2/2026,10:41:05.611,-0.09E+00,-0.05E+00,+0.05E+00,+0.00E+00,-4.41E+00,+2.85E+00,+1.16E+00,+2.678E+00
2,12/2/2026,10:41:05.611,-0.09E+00,-0.05E+00,+0.05E+00,-0.05E+00,-4.67E+00,+3.60E+00,+0.66E+00,+2.747E+00
2,12/2/2026,10:41:05.611,-0.09E+00,-0.05E+00,+0.05E+00,+0.00E+00,-4.91E+00,+4.33E+00,+0.17E+00,+2.823E+00
2,12/2/2026,10:41:05.611,-0.09E+00,-0.05E+00,+0.05E+00,+0.00E+00,-5.14E+00,+5.07E+00,-0.32E+00,+2.884E+00
2,12/2/2026,10:41:05.611,-0.09E+00,-0.05E+00,+0.05E+00,+0.00E+00,-5.39E+00,+5.80E+00,-0.81E+00,+2.953E+00
2,12/2/2026,10:41:05.611,-0.09E+00,-0.05E+00,+0.05E+00,+0.00E+00,-5.63E+00,+6.52E+00,-1.30E+00,+3.029E+00
2,12/2/2026,10:41:05.611,-0.09E+00,-0.05E+00,+0.05E+00,+0.00E+00,-5.86E+00,+7.25E+00,-1.79E+00,+3.098E+00
2,12/2/2026,10:41:05.611,-0.09E+00,-0.05E+00,+0.05E+00,+0.00E+00,-6.10E+00,+7.97E+00,-2.27E+00,+3.166E+00
2,12/2/2026,10:41:05.611,-0.09E+00,-0.05E+00,+0.05E+00,+0.00E+00,-6.33E+00,+8.68E+00,-2.75E+00,+3.235E+00
2,12/2/2026,10:41:05.611,-0.09E+00,-0.05E+00,+0.05E+00,+0.00E+00,-6.56E+00,+9.40E+00,-3.24E+00,+3.296E+00
2,12/2/2026,10:41:05.611,-0.09E+00,-0.05E+00,+0.05E+00,+0.00E+00,-6.79E+00,+10.10E+00,-3.71E+00,+3.365E+00
2,12/2/2026,10:41:05.611,-0.09E+00,-0.05E+00,+0.05E+00,+0.00E+00,-7.02E+00,+10.82E+00,-4.18E+00,+3.426E+00
2,12/2/2026,10:41:05.611,-0.09E+00,-0.05E+00,+0.05E+00,+0.00E+00,-7.25E+00,+11.52E+00,-4.65E+00,+3.495E+00
2,12/2/2026,10:41:05.611,-0.09E+00,-0.05E+00,+0.05E+00,-0.05E+00,-7.48E+00,+12.22E+00,-5.13E+00,+3.556E+00
2,12/2/2026,10:41:05.611,-0.09E+00,-0.05E+00,+0.05E+00,-0.05E+00,-7.71E+00,+12.91E+00,-5.60E+00,+3.617E+00
2,12/2/2026,10:41:05.611,-0.09E+00,-0.05E+00,+0.05E+00,-0.05E+00,-7.92E+00,+13.60E+00,-6.07E+00,+3.678E+00
2,12/2/2026,10:41:05.611,-0.09E+00,-0.05E+00,+0.05E+00,-0.05E+00,-8.15E+00,+14.28E+00,-6.53E+00,+3.731E+00
2,12/2/2026,10:41:05.612,-0.09E+00,-0.05E+00,+0.05E+00,+0.00E+00,-8.36E+00,+14.95E+00,-6.99E+00,+3.792E+00
2,12/2/2026,10:41:05.612,-0.09E+00,-0.05E+00,+0.05E+00,+0.00E+00,-8.58E+00,+15.63E+00,-7.45E+00,+3.853E+00
2,12/2/2026,10:41:05.612,-0.09E+00,-0.05E+00,+0.05E+00,+0.00E+00,-8.79E+00,+16.30E+00,-7.90E+00,+3.907E+00
2,12/2/2026,10:41:05.612,-0.09E+00,-0.05E+00,+0.05E+00,-0.05E+00,-9.00E+00,+16.97E+00,-8.36E+00,+3.952E+00
2,12/2/2026,10:41:05.612,-0.09E+00,-0.05E+00,+0.05E+00,+0.00E+00,-9.22E+00,+17.63E+00,-8.81E+00,+4.006E+00
2,12/2/2026,10:41:05.612,-0.09E+00,-0.05E+00,+0.05E+00,+0.00E+00,-9.43E+00,+18.27E+00,-9.25E+00,+4.059E+00
2,12/2/2026,10:41:05.612,-0.09E+00,-0.05E+00,+0.05E+00,+0.00E+00,-9.64E+00,+18.92E+00,-9.69E+00,+4.113E+00
2,12/2/2026,10:41:05.612,-0.09E+00,-0.05E+00,+0.05E+00,-0.05E+00,-9.84E+00,+19.56E+00,-10.13E+00,+4.166E+00
2,12/2/2026,10:41:05.612,-0.09E+00,-0.05E+00,+0.05E+00,-0.05E+00,-10.04E+00,+20.20E+00,-10.58E+00,+4.219E+00
2,12/2/2026,10:41:05.612,-0.09E+00,-0.05E+00,+0.05E+00,-0.05E+00,-10.24E+00,+20.85E+00,-11.00E+00,+4.265E+00
2,12/2/2026,10:41:05.612,-0.09E+00,-0.05E+00,+0.05E+00,-0.05E+00,-10.44E+00,+21.47E+00,-11.45E+00,+4.319E+00
2,12/2/2026,10:41:05.612,-0.09E+00,-0.05E+00,+0.05E+00,-0.05E+00,-10.64E+00,+22.10E+00,-11.87E+00,+4.372E+00
2,12/2/2026,10:41:05.612,-0.09E+00,-0.05E+00,+0.05E+00,+0.00E+00,-10.82E+00,+22.72E+00,-12.31E+00,+4.425E+00
2,12/2/2026,10:41:05.612,-0.09E+00,-0.05E+00,+0.05E+00,+0.00E+00,-11.02E+00,+23.33E+00,-12.73E+00,+4.471E+00
2,12/2/2026,10:41:05.612,-0.09E+00,-0.05E+00,+0.05E+00,-0.05E+00,-11.20E+00,+23.96E+00,-13.14E+00,+4.517E+00
2,12/2/2026,10:41:05.612,-0.09E+00,+0.00E+00,+0.05E+00,+0.00E+00,-11.38E+00,+24.55E+00,-13.57E+00,+4.570E+00
2,12/2/2026,10:41:05.612,-0.09E+00,-0.05E+00,+0.05E+00,+0.00E+00,-11.57E+00,+25.16E+00,-13.99E+00,+4.616E+00
2,12/2/2026,10:41:05.612,-0.09E+00,-0.05E+00,+0.05E+00,+0.00E+00,-11.75E+00,+25.74E+00,-14.41E+00,+4.662E+00
2,12/2/2026,10:41:05.612,-0.14E+00,-0.05E+00,+0.05E+00,+0.00E+00,-11.92E+00,+26.34E+00,-14.82E+00,+4.700E+00
2,12/2/2026,10:41:05.612,-0.09E+00,-0.05E+00,+0.05E+00,+0.00E+00,-12.09E+00,+26.92E+00,-15.23E+00,+4.746E+00
2,12/2/2026,10:41:05.613,-0.09E+00,-0.05E+00,+0.05E+00,-0.05E+00,-12.25E+00,+27.48E+00,-15.64E+00,+4.792E+00
2,12/2/2026,10:41:05.613,-0.09E+00,-0.05E+00,+0.05E+00,-0.05E+00,-12.41E+00,+28.05E+00,-16.04E+00,+4.837E+00
2,12/2/2026,10:41:05.613,-0.09E+00,-0.05E+00,+0.05E+00,-0.05E+00,-12.56E+00,+28.58E+00,-16.44E+00,+4.876E+00
2,12/2/2026,10:41:05.613,-0.09E+00,-0.05E+00,+0.05E+00,-0.05E+00,-12.71E+00,+29.13E+00,-16.83E+00,+4.914E+00
2,12/2/2026,10:41:05.613,-0.09E+00,-0.05E+00,+0.05E+00,-0.05E+00,-12.85E+00,+29.67E+00,-17.20E+00,+4.944E+00
2,12/2/2026,10:41:05.613,-0.09E+00,-0.05E+00,+0.05E+00,-0.05E+00,-13.00E+00,+30.18E+00,-17.58E+00,+4.975E+00
2,12/2/2026,10:41:05.613,-0.09E+00,-0.05E+00,+0.05E+00,+0.00E+00,-13.14E+00,+30.70E+00,-17.95E+00,+4.998E+00
2,12/2/2026,10:41:05.613,-0.09E+00,-0.05E+00,+0.05E+00,+0.00E+00,-13.28E+00,+31.21E+00,-18.31E+00,+5.028E+00
2,12/2/2026,10:41:05.613,-0.09E+00,-0.05E+00,+0.05E+00,+0.00E+00,-13.41E+00,+31.70E+00,-18.66E+00,+5.051E+00
2,12/2/2026,10:41:05.613,-0.09E+00,-0.05E+00,+0.05E+00,-0.05E+00,-13.54E+00,+32.18E+00,-19.03E+00,+5.074E+00
2,12/2/2026,10:41:05.613,-0.09E+00,-0.05E+00,+0.05E+00,+0.00E+00,-13.66E+00,+32.66E+00,-19.37E+00,+5.097E+00
2,12/2/2026,10:41:05.613,-0.09E+00,-0.05E+00,+0.05E+00,+0.00E+00,-13.78E+00,+33.11E+00,-19.72E+00,+5.112E+00
2,12/2/2026,10:41:05.613,-0.09E+00,-0.05E+00,+0.05E+00,-0.05E+00,-13.89E+00,+33.56E+00,-20.05E+00,+5.127E+00
2,12/2/2026,10:41:05.613,-0.09E+00,-0.05E+00,+0.00E+00,+0.00E+00,-13.99E+00,+34.00E+00,-20.39E+00,+5.150E+00
2,12/2/2026,10:41:05.613,-0.09E+00,-0.05E+00,+0.05E+00,+0.00E+00,-14.09E+00,+34.43E+00,-20.71E+00,+5.158E+00
2,12/2/2026,10:41:05.613,-0.09E+00,-0.05E+00,+0.05E+00,+0.00E+00,-14.19E+00,+34.82E+00,-21.01E+00,+5.166E+00
2,12/2/2026,10:41:05.613,-0.09E+00,-0.05E+00,+0.05E+00,+0.00E+00,-14.27E+00,+35.22E+00,-21.33E+00,+5.173E+00
2,12/2/2026,10:41:05.613,-0.09E+00,-0.05E+00,+0.05E+00,+0.00E+00,-14.36E+00,+35.62E+00,-21.64E+00,+5.188E+00
2,12/2/2026,10:41:05.613,-0.09E+00,-0.05E+00,+0.05E+00,+0.00E+00,-14.44E+00,+36.00E+00,-21.94E+00,+5.204E+00
2,12/2/2026,10:41:05.613,-0.09E+00,-0.05E+00,+0.05E+00,-0.05E+00,-14.51E+00,+36.37E+00,-22.25E+00,+5.211E+00
2,12/2/2026,10:41:05.614,-0.09E+00,-0.05E+00,+0.05E+00,+0.00E+00,-14.59E+00,+36.73E+00,-22.54E+00,+5.211E+00
2,12/2/2026,10:41:05.614,-0.09E+00,-0.05E+00,+0.05E+00,+0.00E+00,-14.65E+00,+37.07E+00,-22.81E+00,+5.219E+00
2,12/2/2026,10:41:05.614,-0.09E+00,-0.05E+00,+0.05E+00,+0.00E+00,-14.71E+00,+37.40E+00,-23.09E+00,+5.234E+00
2,12/2/2026,10:41:05.614,-0.09E+00,-0.05E+00,+0.05E+00,+0.00E+00,-14.76E+00,+37.72E+00,-23.36E+00,+5.234E+00
2,12/2/2026,10:41:05.614,-0.09E+00,-0.05E+00,+0.05E+00,+0.00E+00,-14.82E+00,+38.04E+00,-23.62E+00,+5.242E+00
2,12/2/2026,10:41:05.614,-0.09E+00,-0.05E+00,+0.05E+00,+0.00E+00,-14.86E+00,+38.35E+00,-23.88E+00,+5.250E+00
2,12/2/2026,10:41:05.614,-0.09E+00,-0.05E+00,+0.05E+00,+0.00E+00,-14.89E+00,+38.64E+00,-24.14E+00,+5.250E+00
2,12/2/2026,10:41:05.614,-0.09E+00,-0.05E+00,+0.05E+00,+0.00E+00,-14.94E+00,+38.91E+00,-24.37E+00,+5.250E+00
2,12/2/2026,10:41:05.614,-0.09E+00,-0.05E+00,+0.05E+00,+0.00E+00,-14.97E+00,+39.17E+00,-24.61E+00,+5.250E+00
2,12/2/2026,10:41:05.614,-0.09E+00,-0.05E+00,+0.05E+00,+0.00E+00,-15.00E+00,+39.45E+00,-24.84E+00,+5.250E+00
2,12/2/2026,10:41:05.614,-0.09E+00,-0.05E+00,+0.05E+00,+0.00E+00,-15.02E+00,+39.69E+00,-25.06E+00,+5.250E+00
2,12/2/2026,10:41:05.614,-0.09E+00,-0.05E+00,+0.05E+00,-0.05E+00,-15.03E+00,+39.92E+00,-25.27E+00,+5.242E+00
2,12/2/2026,10:41:05.614,-0.09E+00,-0.05E+00,+0.05E+00,+0.00E+00,-15.05E+00,+40.13E+00,-25.48E+00,+5.234E+00
2,12/2/2026,10:41:05.614,-0.09E+00,-0.05E+00,+0.05E+00,+0.00E+00,-15.06E+00,+40.36E+00,-25.68E+00,+5.227E+00
2,12/2/2026,10:41:05.614,-0.09E+00,-0.05E+00,+0.05E+00,+0.00E+00,-15.08E+00,+40.55E+00,-25.88E+00,+5.219E+00
2,12/2/2026,10:41:05.614,-0.09E+00,-0.05E+00,+0.05E+00,+0.00E+00,-15.08E+00,+40.73E+00,-26.06E+00,+5.211E+00
2,12/2/2026,10:41:05.614,-0.09E+00,-0.05E+00,+0.05E+00,+0.00E+00,-15.08E+00,+40.91E+00,-26.23E+00,+5.204E+00
2,12/2/2026,10:41:05.614,-0.09E+00,-0.05E+00,+0.05E+00,+0.00E+00,-15.08E+00,+41.10E+00,-26.42E+00,+5.188E+00
2,12/2/2026,10:41:05.614,-0.09E+00,-0.05E+00,+0.05E+00,+0.00E+00,-15.06E+00,+41.25E+00,-26.57E+00,+5.173E+00
2,12/2/2026,10:41:05.614,-0.09E+00,-0.05E+00,+0.05E+00,+0.00E+00,-15.05E+00,+41.39E+00,-26.74E+00,+5.166E+00
2,12/2/2026,10:41:05.615,-0.09E+00,-0.05E+00,+0.05E+00,+0.00E+00,-15.03E+00,+41.52E+00,-26.87E+00,+5.150E+00
2,12/2/2026,10:41:05.615,-0.09E+00,-0.05E+00,+0.05E+00,-0.05E+00,-15.02E+00,+41.63E+00,-27.01E+00,+5.127E+00
2,12/2/2026,10:41:05.615,-0.09E+00,-0.05E+00,+0.05E+00,-0.05E+00,-15.00E+00,+41.75E+00,-27.15E+00,+5.112E+00
2,12/2/2026,10:41:05.615,-0.09E+00,-0.05E+00,+0.05E+00,+0.00E+00,-14.97E+00,+41.86E+00,-27.27E+00,+5.097E+00
2,12/2/2026,10:41:05.615,-0.09E+00,-0.05E+00,+0.05E+00,+0.00E+00,-14.94E+00,+41.93E+00,-27.39E+00,+5.082E+00
2,12/2/2026,10:41:05.615,-0.09E+00,-0.05E+00,+0.05E+00,+0.00E+00,-14.89E+00,+42.01E+00,-27.51E+00,+5.059E+00
2,12/2/2026,10:41:05.615,-0.09E+00,-0.05E+00,+0.05E+00,-0.05E+00,-14.86E+00,+42.09E+00,-27.62E+00,+5.036E+00
2,12/2/2026,10:41:05.615,-0.09E+00,-0.05E+00,+0.05E+00,+0.00E+00,-14.82E+00,+42.15E+00,-27.71E+00,+5.013E+00
2,12/2/2026,10:41:05.615,-0.09E+00,-0.05E+00,+0.05E+00,+0.00E+00,-14.77E+00,+42.18E+00,-27.80E+00,+4.990E+00
2,12/2/2026,10:41:05.615,-0.09E+00,-0.05E+00,+0.05E+00,+0.00E+00,-14.71E+00,+42.22E+00,-27.90E+00,+4.975E+00
2,12/2/2026,10:41:05.615,-0.09E+00,-0.05E+00,+0.05E+00,+0.00E+00,-14.67E+00,+42.26E+00,-27.99E+00,+4.952E+00
2,12/2/2026,10:41:05.615,-0.09E+00,-0.05E+00,+0.05E+00,+0.00E+00,-14.60E+00,+42.27E+00,-28.05E+00,+4.929E+00
2,12/2/2026,10:41:05.615,-0.09E+00,-0.05E+00,+0.05E+00,-0.05E+00,-14.54E+00,+42.27E+00,-28.12E+00,+4.906E+00
2,12/2/2026,10:41:05.615,-0.09E+00,-0.05E+00,+0.05E+00,-0.05E+00,-14.48E+00,+42.27E+00,-28.19E+00,+4.883E+00
2,12/2/2026,10:41:05.615,-0.09E+00,-0.05E+00,+0.05E+00,+0.00E+00,-14.41E+00,+42.26E+00,-28.25E+00,+4.860E+00
2,12/2/2026,10:41:05.615,-0.09E+00,-0.05E+00,+0.05E+00,+0.00E+00,-14.31E+00,+42.22E+00,-28.29E+00,+4.830E+00
2,12/2/2026,10:41:05.615,-0.09E+00,-0.05E+00,+0.05E+00,+0.00E+00,-14.24E+00,+42.19E+00,-28.34E+00,+4.807E+00
2,12/2/2026,10:41:05.615,-0.09E+00,-0.05E+00,+0.05E+00,-0.05E+00,-14.16E+00,+42.15E+00,-28.38E+00,+4.784E+00
2,12/2/2026,10:41:05.615,-0.09E+00,-0.05E+00,+0.05E+00,-0.05E+00,-14.07E+00,+42.09E+00,-28.41E+00,+4.754E+00
2,12/2/2026,10:41:05.615,-0.09E+00,-0.05E+00,+0.05E+00,+0.00E+00,-13.98E+00,+42.03E+00,-28.44E+00,+4.731E+00
2,12/2/2026,10:41:05.616,-0.09E+00,-0.05E+00,+0.05E+00,+0.00E+00,-13.87E+00,+41.95E+00,-28.46E+00,+4.700E+00
2,12/2/2026,10:41:05.616,-0.09E+00,-0.05E+00,+0.05E+00,+0.00E+00,-13.78E+00,+41.86E+00,-28.48E+00,+4.670E+00
2,12/2/2026,10:41:05.616,-0.14E+00,-0.05E+00,+0.05E+00,+0.00E+00,-13.67E+00,+41.77E+00,-28.49E+00,+4.639E+00
2,12/2/2026,10:41:05.616,-0.09E+00,-0.05E+00,+0.05E+00,-0.05E+00,-13.55E+00,+41.65E+00,-28.49E+00,+4.609E+00
2,12/2/2026,10:41:05.616,-0.09E+00,-0.05E+00,+0.05E+00,-0.05E+00,-13.43E+00,+41.52E+00,-28.48E+00,+4.578E+00
2,12/2/2026,10:41:05.616,-0.09E+00,-0.05E+00,+0.05E+00,+0.00E+00,-13.31E+00,+41.39E+00,-28.48E+00,+4.540E+00
2,12/2/2026,10:41:05.616,-0.09E+00,-0.05E+00,+0.05E+00,+0.00E+00,-13.18E+00,+41.23E+00,-28.44E+00,+4.509E+00
2,12/2/2026,10:41:05.616,-0.09E+00,-0.05E+00,+0.05E+00,+0.00E+00,-13.05E+00,+41.08E+00,-28.43E+00,+4.479E+00
2,12/2/2026,10:41:05.616,-0.09E+00,-0.05E+00,+0.05E+00,+0.00E+00,-12.91E+00,+40.93E+00,-28.40E+00,+4.441E+00
2,12/2/2026,10:41:05.616,-0.09E+00,-0.05E+00,+0.05E+00,+0.00E+00,-12.79E+00,+40.74E+00,-28.35E+00,+4.410E+00
2,12/2/2026,10:41:05.616,-0.09E+00,-0.05E+00,+0.00E+00,+0.00E+00,-12.65E+00,+40.56E+00,-28.31E+00,+4.364E+00
2,12/2/2026,10:41:05.616,-0.09E+00,-0.05E+00,+0.05E+00,+0.00E+00,-12.51E+00,+40.38E+00,-28.25E+00,+4.326E+00
2,12/2/2026,10:41:05.616,-0.09E+00,-0.05E+00,+0.05E+00,-0.05E+00,-12.38E+00,+40.16E+00,-28.17E+00,+4.273E+00
2,12/2/2026,10:41:05.616,-0.09E+00,-0.05E+00,+0.05E+00,-0.05E+00,-12.24E+00,+39.94E+00,-28.08E+00,+4.219E+00
2,12/2/2026,10:41:05.616,-0.09E+00,-0.05E+00,+0.05E+00,+0.00E+00,-12.10E+00,+39.69E+00,-27.99E+00,+4.158E+00
2,12/2/2026,10:41:05.616,-0.09E+00,-0.05E+00,+0.05E+00,-0.05E+00,-11.95E+00,+39.45E+00,-27.88E+00,+4.097E+00
2,12/2/2026,10:41:05.616,-0.09E+00,-0.05E+00,+0.05E+00,-0.05E+00,-11.81E+00,+39.17E+00,-27.74E+00,+4.029E+00
2,12/2/2026,10:41:05.616,-0.09E+00,-0.05E+00,+0.05E+00,+0.00E+00,-11.66E+00,+38.90E+00,-27.62E+00,+3.968E+00
2,12/2/2026,10:41:05.616,-0.09E+00,-0.05E+00,+0.05E+00,-0.05E+00,-11.51E+00,+38.61E+00,-27.48E+00,+3.899E+00
2,12/2/2026,10:41:05.616,-0.09E+00,-0.05E+00,+0.05E+00,-0.05E+00,-11.35E+00,+38.32E+00,-27.35E+00,+3.838E+00
2,12/2/2026,10:41:05.617,-0.09E+00,-0.05E+00,+0.05E+00,+0.00E+00,-11.19E+00,+38.01E+00,-27.19E+00,+3.769E+00
2,12/2/2026,10:41:05.617,-0.09E+00,-0.05E+00,+0.05E+00,+0.00E+00,-11.03E+00,+37.69E+00,-27.04E+00,+3.708E+00
2,12/2/2026,10:41:05.617,-0.09E+00,-0.05E+00,+0.05E+00,-0.05E+00,-10.87E+00,+37.37E+00,-26.89E+00,+3.647E+00
2,12/2/2026,10:41:05.617,-0.14E+00,-0.05E+00,+0.05E+00,-0.05E+00,-10.70E+00,+37.04E+00,-26.72E+00,+3.579E+00
2,12/2/2026,10:41:05.617,-0.09E+00,-0.05E+00,+0.05E+00,-0.05E+00,-10.53E+00,+36.69E+00,-26.55E+00,+3.517E+00
2,12/2/2026,10:41:05.617,-0.09E+00,-0.05E+00,+0.05E+00,-0.05E+00,-10.35E+00,+36.33E+00,-26.37E+00,+3.449E+00
2,12/2/2026,10:41:05.617,-0.09E+00,-0.05E+00,+0.05E+00,+0.00E+00,-10.16E+00,+35.97E+00,-26.19E+00,+3.380E+00
2,12/2/2026,10:41:05.617,-0.09E+00,-0.05E+00,+0.05E+00,+0.00E+00,-9.98E+00,+35.59E+00,-25.99E+00,+3.311E+00
2,12/2/2026,10:41:05.617,-0.09E+00,-0.05E+00,+0.05E+00,+0.00E+00,-9.81E+00,+35.21E+00,-25.77E+00,+3.243E+00
2,12/2/2026,10:41:05.617,-0.09E+00,-0.05E+00,+0.05E+00,+0.00E+00,-9.63E+00,+34.81E+00,-25.56E+00,+3.174E+00
2,12/2/2026,10:41:05.617,-0.09E+00,-0.05E+00,+0.00E+00,+0.00E+00,-9.45E+00,+34.41E+00,-25.35E+00,+3.098E+00
2,12/2/2026,10:41:05.617,-0.09E+00,-0.05E+00,+0.05E+00,+0.00E+00,-9.25E+00,+34.00E+00,-25.12E+00,+3.014E+00
2,12/2/2026,10:41:05.617,-0.09E+00,-0.05E+00,+0.05E+00,+0.00E+00,-9.06E+00,+33.56E+00,-24.87E+00,+2.938E+00
2,12/2/2026,10:41:05.617,-0.09E+00,-0.05E+00,+0.05E+00,+0.00E+00,-8.88E+00,+33.13E+00,-24.63E+00,+2.854E+00
2,12/2/2026,10:41:05.617,-0.14E+00,-0.05E+00,+0.05E+00,-0.05E+00,-8.68E+00,+32.67E+00,-24.37E+00,+2.770E+00
2,12/2/2026,10:41:05.617,-0.14E+00,-0.05E+00,+0.05E+00,-0.05E+00,-8.48E+00,+32.21E+00,-24.11E+00,+2.686E+00
2,12/2/2026,10:41:05.617,-0.09E+00,-0.05E+00,+0.05E+00,-0.05E+00,-8.27E+00,+31.74E+00,-23.85E+00,+2.609E+00
2,12/2/2026,10:41:05.617,-0.09E+00,-0.05E+00,+0.05E+00,-0.05E+00,-8.07E+00,+31.27E+00,-23.58E+00,+2.526E+00
2,12/2/2026,10:41:05.617,-0.09E+00,-0.05E+00,+0.05E+00,+0.00E+00,-7.86E+00,+30.76E+00,-23.32E+00,+2.449E+00
2,12/2/2026,10:41:05.617,-0.09E+00,-0.05E+00,+0.05E+00,+0.00E+00,-7.63E+00,+30.26E+00,-23.04E+00,+2.373E+00
2,12/2/2026,10:41:05.618,-0.09E+00,-0.05E+00,+0.05E+00,-0.05E+00,-7.40E+00,+29.77E+00,-22.75E+00,+2.289E+00
2,12/2/2026,10:41:05.618,-0.09E+00,-0.05E+00,+0.05E+00,-0.05E+00,-7.19E+00,+29.25E+00,-22.46E+00,+2.213E+00
2,12/2/2026,10:41:05.618,-0.09E+00,-0.05E+00,+0.05E+00,+0.00E+00,-6.96E+00,+28.73E+00,-22.17E+00,+2.136E+00
2,12/2/2026,10:41:05.618,-0.09E+00,-0.05E+00,+0.05E+00,+0.00E+00,-6.73E+00,+28.22E+00,-21.87E+00,+2.052E+00
2,12/2/2026,10:41:05.618,-0.09E+00,-0.05E+00,+0.00E+00,+0.00E+00,-6.50E+00,+27.67E+00,-21.55E+00,+1.969E+00
2,12/2/2026,10:41:05.618,-0.09E+00,-0.05E+00,+0.00E+00,+0.00E+00,-6.27E+00,+27.12E+00,-21.24E+00,+1.885E+00
2,12/2/2026,10:41:05.618,-0.09E+00,-0.05E+00,+0.05E+00,+0.00E+00,-6.04E+00,+26.58E+00,-20.92E+00,+1.808E+00
2,12/2/2026,10:41:05.618,-0.09E+00,-0.05E+00,+0.05E+00,-0.05E+00,-5.80E+00,+26.02E+00,-20.60E+00,+1.724E+00
2,12/2/2026,10:41:05.618,-0.09E+00,-0.05E+00,+0.05E+00,+0.00E+00,-5.57E+00,+25.45E+00,-20.27E+00,+1.648E+00
2,12/2/2026,10:41:05.618,-0.09E+00,-0.05E+00,+0.05E+00,+0.00E+00,-5.33E+00,+24.87E+00,-19.93E+00,+1.564E+00
2,12/2/2026,10:41:05.618,-0.09E+00,-0.05E+00,+0.05E+00,-0.05E+00,-5.08E+00,+24.31E+00,-19.59E+00,+1.480E+00
2,12/2/2026,10:41:05.618,-0.09E+00,-0.05E+00,+0.05E+00,-0.05E+00,-4.85E+00,+23.71E+00,-19.26E+00,+1.404E+00
2,12/2/2026,10:41:05.618,-0.09E+00,-0.05E+00,+0.05E+00,-0.05E+00,-4.61E+00,+23.13E+00,-18.92E+00,+1.320E+00
2,12/2/2026,10:41:05.618,-0.09E+00,-0.05E+00,+0.05E+00,+0.00E+00,-4.36E+00,+22.54E+00,-18.57E+00,+1.244E+00
2,12/2/2026,10:41:05.618,-0.09E+00,-0.05E+00,+0.05E+00,+0.00E+00,-4.12E+00,+21.94E+00,-18.21E+00,+1.160E+00
2,12/2/2026,10:41:05.618,-0.09E+00,-0.05E+00,+0.05E+00,+0.00E+00,-3.86E+00,+21.33E+00,-17.85E+00,+1.083E+00
2,12/2/2026,10:41:05.618,-0.09E+00,-0.05E+00,+0.05E+00,+0.00E+00,-3.62E+00,+20.72E+00,-17.49E+00,+1.000E+00
2,12/2/2026,10:41:05.618,-0.09E+00,-0.05E+00,+0.05E+00,+0.00E+00,-3.36E+00,+20.10E+00,-17.14E+00,+0.931E+00
2,12/2/2026,10:41:05.618,-0.09E+00,-0.05E+00,+0.05E+00,+0.00E+00,-3.10E+00,+19.49E+00,-16.77E+00,+0.855E+00
2,12/2/2026,10:41:05.618,-0.09E+00,-0.05E+00,+0.05E+00,+0.00E+00,-2.84E+00,+18.86E+00,-16.42E+00,+0.778E+00
2,12/2/2026,10:41:05.619,-0.09E+00,-0.05E+00,+0.05E+00,+0.00E+00,-2.58E+00,+18.24E+00,-16.04E+00,+0.694E+00
2,12/2/2026,10:41:05.619,-0.09E+00,-0.05E+00,+0.05E+00,-0.05E+00,-2.32E+00,+17.59E+00,-15.66E+00,+0.618E+00
2,12/2/2026,10:41:05.619,-0.09E+00,-0.05E+00,+0.05E+00,-0.05E+00,-2.06E+00,+16.95E+00,-15.29E+00,+0.542E+00
2,12/2/2026,10:41:05.619,-0.09E+00,-0.05E+00,+0.05E+00,+0.00E+00,-1.79E+00,+16.30E+00,-14.91E+00,+0.458E+00
2,12/2/2026,10:41:05.619,-0.09E+00,-0.05E+00,+0.05E+00,+0.00E+00,-1.53E+00,+15.64E+00,-14.51E+00,+0.382E+00
2,12/2/2026,10:41:05.619,-0.09E+00,-0.05E+00,+0.05E+00,+0.00E+00,-1.25E+00,+14.99E+00,-14.12E+00,+0.305E+00
2,12/2/2026,10:41:05.619,-0.09E+00,-0.05E+00,+0.05E+00,-0.05E+00,-0.98E+00,+14.31E+00,-13.73E+00,+0.221E+00
2,12/2/2026,10:41:05.619,-0.14E+00,-0.05E+00,+0.05E+00,-0.05E+00,-0.72E+00,+13.64E+00,-13.32E+00,+0.145E+00
2,12/2/2026,10:41:05.619,-0.09E+00,-0.05E+00,+0.05E+00,+0.00E+00,-0.44E+00,+12.99E+00,-12.93E+00,+0.069E+00
2,12/2/2026,10:41:05.619,-0.09E+00,-0.05E+00,+0.05E+00,-0.05E+00,-0.17E+00,+12.31E+00,-12.53E+00,-0.015E+00
2,12/2/2026,10:41:05.619,-0.09E+00,-0.05E+00,+0.05E+00,-0.05E+00,+0.11E+00,+11.63E+00,-12.12E+00,-0.099E+00
2,12/2/2026,10:41:05.619,-0.09E+00,-0.05E+00,+0.05E+00,+0.00E+00,+0.38E+00,+10.93E+00,-11.70E+00,-0.183E+00
2,12/2/2026,10:41:05.619,-0.09E+00,-0.05E+00,+0.05E+00,-0.05E+00,+0.66E+00,+10.24E+00,-11.28E+00,-0.259E+00
2,12/2/2026,10:41:05.619,-0.09E+00,-0.05E+00,+0.05E+00,+0.00E+00,+0.92E+00,+9.55E+00,-10.85E+00,-0.343E+00
2,12/2/2026,10:41:05.619,-0.09E+00,-0.05E+00,+0.05E+00,+0.00E+00,+1.19E+00,+8.85E+00,-10.42E+00,-0.435E+00
2,12/2/2026,10:41:05.619,-0.09E+00,-0.05E+00,+0.05E+00,+0.00E+00,+1.46E+00,+8.15E+00,-10.00E+00,-0.519E+00
2,12/2/2026,10:41:05.619,-0.09E+00,-0.05E+00,+0.05E+00,-0.05E+00,+1.72E+00,+7.45E+00,-9.55E+00,-0.603E+00
2,12/2/2026,10:41:05.619,-0.14E+00,-0.05E+00,+0.05E+00,+0.00E+00,+2.00E+00,+6.75E+00,-9.11E+00,-0.679E+00
2,12/2/2026,10:41:05.619,-0.09E+00,-0.05E+00,+0.05E+00,+0.00E+00,+2.27E+00,+6.03E+00,-8.68E+00,-0.763E+00
2,12/2/2026,10:41:05.619,-0.09E+00,-0.05E+00,+0.05E+00,+0.00E+00,+2.53E+00,+5.33E+00,-8.24E+00,-0.847E+00
2,12/2/2026,10:41:05.620,-0.09E+00,-0.05E+00,+0.05E+00,+0.00E+00,+2.79E+00,+4.62E+00,-7.80E+00,-0.923E+00
2,12/2/2026,10:41:05.620,-0.09E+00,-0.05E+00,+0.05E+00,+0.00E+00,+3.05E+00,+3.91E+00,-7.36E+00,-1.000E+00
2,12/2/2026,10:41:05.620,-0.09E+00,-0.05E+00,+0.05E+00,+0.00E+00,+3.31E+00,+3.20E+00,-6.91E+00,-1.083E+00
2,12/2/2026,10:41:05.620,-0.09E+00,-0.05E+00,+0.05E+00,+0.00E+00,+3.57E+00,+2.49E+00,-6.44E+00,-1.160E+00
2,12/2/2026,10:41:05.620,-0.09E+00,-0.05E+00,+0.05E+00,+0.00E+00,+3.85E+00,+1.79E+00,-6.00E+00,-1.236E+00
2,12/2/2026,10:41:05.620,-0.09E+00,-0.05E+00,+0.05E+00,+0.00E+00,+4.09E+00,+1.07E+00,-5.54E+00,-1.320E+00
2,12/2/2026,10:41:05.620,-0.09E+00,-0.05E+00,+0.05E+00,-0.05E+00,+4.33E+00,+0.37E+00,-5.08E+00,-1.404E+00
2,12/2/2026,10:41:05.620,-0.09E+00,-0.05E+00,+0.05E+00,+0.00E+00,+4.59E+00,-0.35E+00,-4.62E+00,-1.480E+00
2,12/2/2026,10:41:05.620,-0.14E+00,-0.05E+00,+0.05E+00,+0.00E+00,+4.85E+00,-1.07E+00,-4.17E+00,-1.564E+00
2,12/2/2026,10:41:05.620,-0.09E+00,-0.05E+00,+0.05E+00,-0.05E+00,+5.08E+00,-1.79E+00,-3.69E+00,-1.648E+00
2,12/2/2026,10:41:05.620,-0.09E+00,-0.05E+00,+0.05E+00,-0.05E+00,+5.33E+00,-2.49E+00,-3.22E+00,-1.724E+00
2,12/2/2026,10:41:05.620,-0.09E+00,-0.05E+00,+0.05E+00,+0.00E+00,+5.57E+00,-3.19E+00,-2.76E+00,-1.801E+00
2,12/2/2026,10:41:05.620,-0.09E+00,-0.05E+00,+0.05E+00,+0.00E+00,+5.81E+00,-3.91E+00,-2.30E+00,-1.885E+00
2,12/2/2026,10:41:05.620,-0.09E+00,-0.05E+00,+0.05E+00,+0.00E+00,+6.06E+00,-4.61E+00,-1.83E+00,-1.961E+00
2,12/2/2026,10:41:05.620,-0.09E+00,-0.05E+00,+0.05E+00,-0.05E+00,+6.30E+00,-5.31E+00,-1.36E+00,-2.037E+00
2,12/2/2026,10:41:05.620,-0.09E+00,-0.05E+00,+0.05E+00,-0.05E+00,+6.53E+00,-6.01E+00,-0.90E+00,-2.114E+00
2,12/2/2026,10:41:05.620,-0.09E+00,-0.05E+00,+0.05E+00,-0.05E+00,+6.76E+00,-6.71E+00,-0.43E+00,-2.190E+00
2,12/2/2026,10:41:05.620,-0.09E+00,-0.05E+00,+0.05E+00,+0.00E+00,+6.99E+00,-7.42E+00,+0.05E+00,-2.266E+00
2,12/2/2026,10:41:05.620,-0.09E+00,-0.05E+00,+0.05E+00,+0.00E+00,+7.22E+00,-8.12E+00,+0.50E+00,-2.342E+00
2,12/2/2026,10:41:05.620,-0.09E+00,-0.05E+00,+0.05E+00,-0.05E+00,+7.45E+00,-8.81E+00,+0.98E+00,-2.419E+00
2,12/2/2026,10:41:05.621,-0.09E+00,-0.05E+00,+0.05E+00,-0.05E+00,+7.68E+00,-9.49E+00,+1.45E+00,-2.495E+00
2,12/2/2026,10:41:05.621,-0.09E+00,-0.05E+00,+0.05E+00,+0.00E+00,+7.89E+00,-10.19E+00,+1.91E+00,-2.571E+00
2,12/2/2026,10:41:05.621,-0.09E+00,-0.05E+00,+0.05E+00,-0.05E+00,+8.12E+00,-10.88E+00,+2.38E+00,-2.648E+00
2,12/2/2026,10:41:05.621,-0.05E+00,-0.05E+00,+0.05E+00,+0.00E+00,+8.33E+00,-11.57E+00,+2.85E+00,-2.716E+00
2,12/2/2026,10:41:05.621,-0.09E+00,-0.05E+00,+0.05E+00,-0.05E+00,+8.56E+00,-12.25E+00,+3.31E+00,-2.793E+00
2,12/2/2026,10:41:05.621,-0.09E+00,-0.05E+00,+0.05E+00,+0.00E+00,+8.77E+00,-12.94E+00,+3.77E+00,-2.861E+00
2,12/2/2026,10:41:05.621,-0.09E+00,-0.05E+00,+0.05E+00,+0.00E+00,+8.99E+00,-13.61E+00,+4.24E+00,-2.938E+00
2,12/2/2026,10:41:05.621,-0.09E+00,-0.05E+00,+0.05E+00,+0.00E+00,+9.20E+00,-14.28E+00,+4.70E+00,-3.006E+00
2,12/2/2026,10:41:05.621,-0.09E+00,-0.05E+00,+0.05E+00,+0.00E+00,+9.42E+00,-14.97E+00,+5.17E+00,-3.075E+00
2,12/2/2026,10:41:05.621,-0.09E+00,-0.05E+00,+0.05E+00,+0.00E+00,+9.63E+00,-15.64E+00,+5.62E+00,-3.144E+00
2,12/2/2026,10:41:05.621,-0.14E+00,-0.05E+00,+0.05E+00,-0.05E+00,+9.84E+00,-16.30E+00,+6.07E+00,-3.212E+00
2,12/2/2026,10:41:05.621,-0.09E+00,-0.05E+00,+0.05E+00,+0.00E+00,+10.04E+00,-16.97E+00,+6.55E+00,-3.281E+00
2,12/2/2026,10:41:05.621,-0.09E+00,-0.05E+00,+0.05E+00,+0.00E+00,+10.25E+00,-17.63E+00,+7.00E+00,-3.350E+00
2,12/2/2026,10:41:05.621,-0.09E+00,-0.05E+00,+0.05E+00,+0.00E+00,+10.45E+00,-18.28E+00,+7.45E+00,-3.418E+00
2,12/2/2026,10:41:05.621,-0.09E+00,-0.05E+00,+0.05E+00,-0.05E+00,+10.67E+00,-18.94E+00,+7.89E+00,-3.479E+00
2,12/2/2026,10:41:05.621,-0.09E+00,-0.05E+00,+0.05E+00,-0.05E+00,+10.87E+00,-19.59E+00,+8.35E+00,-3.548E+00
2,12/2/2026,10:41:05.621,-0.09E+00,-0.05E+00,+0.05E+00,+0.00E+00,+11.06E+00,-20.25E+00,+8.81E+00,-3.609E+00
2,12/2/2026,10:41:05.621,-0.09E+00,-0.05E+00,+0.05E+00,-0.05E+00,+11.26E+00,-20.89E+00,+9.25E+00,-3.670E+00
2,12/2/2026,10:41:05.621,-0.09E+00,-0.05E+00,+0.05E+00,-0.05E+00,+11.46E+00,-21.53E+00,+9.69E+00,-3.739E+00
2,12/2/2026,10:41:05.621,-0.09E+00,-0.05E+00,+0.05E+00,+0.00E+00,+11.66E+00,-22.17E+00,+10.12E+00,-3.792E+00
2,12/2/2026,10:41:05.622,-0.09E+00,-0.05E+00,+0.05E+00,+0.00E+00,+11.84E+00,-22.80E+00,+10.56E+00,-3.853E+00
2,12/2/2026,10:41:05.622,-0.09E+00,-0.05E+00,+0.05E+00,-0.05E+00,+12.04E+00,-23.41E+00,+11.00E+00,-3.914E+00
2,12/2/2026,10:41:05.622,-0.09E+00,-0.05E+00,+0.05E+00,+0.00E+00,+12.22E+00,-24.03E+00,+11.43E+00,-3.968E+00
2,12/2/2026,10:41:05.622,-0.09E+00,-0.05E+00,+0.05E+00,+0.00E+00,+12.42E+00,-24.66E+00,+11.86E+00,-4.021E+00
2,12/2/2026,10:41:05.622,-0.09E+00,-0.05E+00,+0.05E+00,+0.00E+00,+12.60E+00,-25.29E+00,+12.28E+00,-4.074E+00
2,12/2/2026,10:41:05.622,-0.09E+00,-0.05E+00,+0.05E+00,+0.00E+00,+12.79E+00,-25.88E+00,+12.70E+00,-4.128E+00
2,12/2/2026,10:41:05.622,-0.09E+00,-0.05E+00,+0.05E+00,-0.05E+00,+12.97E+00,-26.49E+00,+13.11E+00,-4.181E+00
2,12/2/2026,10:41:05.622,-0.09E+00,-0.05E+00,+0.05E+00,+0.00E+00,+13.15E+00,-27.09E+00,+13.54E+00,-4.235E+00
2,12/2/2026,10:41:05.622,-0.09E+00,-0.05E+00,+0.05E+00,+0.00E+00,+13.35E+00,-27.68E+00,+13.95E+00,-4.288E+00
2,12/2/2026,10:41:05.622,-0.09E+00,-0.05E+00,+0.05E+00,+0.00E+00,+13.52E+00,-28.28E+00,+14.36E+00,-4.342E+00
2,12/2/2026,10:41:05.622,-0.09E+00,-0.05E+00,+0.05E+00,+0.00E+00,+13.69E+00,-28.86E+00,+14.77E+00,-4.395E+00
2,12/2/2026,10:41:05.622,-0.09E+00,-0.05E+00,+0.05E+00,-0.05E+00,+13.87E+00,-29.45E+00,+15.18E+00,-4.448E+00
2,12/2/2026,10:41:05.622,-0.09E+00,-0.05E+00,+0.05E+00,-0.05E+00,+14.04E+00,-30.02E+00,+15.60E+00,-4.502E+00
2,12/2/2026,10:41:05.622,-0.09E+00,-0.05E+00,+0.05E+00,-0.05E+00,+14.21E+00,-30.61E+00,+16.01E+00,-4.548E+00
2,12/2/2026,10:41:05.622,-0.09E+00,-0.05E+00,+0.05E+00,+0.00E+00,+14.38E+00,-31.18E+00,+16.40E+00,-4.601E+00
2,12/2/2026,10:41:05.622,-0.09E+00,-0.05E+00,+0.05E+00,+0.00E+00,+14.54E+00,-31.76E+00,+16.80E+00,-4.647E+00
2,12/2/2026,10:41:05.622,-0.09E+00,-0.05E+00,+0.05E+00,-0.05E+00,+14.70E+00,-32.31E+00,+17.20E+00,-4.700E+00
2,12/2/2026,10:41:05.622,-0.09E+00,-0.05E+00,+0.05E+00,-0.05E+00,+14.85E+00,-32.86E+00,+17.58E+00,-4.746E+00
2,12/2/2026,10:41:05.622,-0.09E+00,-0.05E+00,+0.00E+00,+0.00E+00,+15.00E+00,-33.40E+00,+17.98E+00,-4.792E+00
2,12/2/2026,10:41:05.622,-0.09E+00,-0.05E+00,+0.05E+00,+0.00E+00,+15.15E+00,-33.94E+00,+18.37E+00,-4.837E+00
2,12/2/2026,10:41:05.623,-0.09E+00,-0.05E+00,+0.05E+00,-0.05E+00,+15.29E+00,-34.47E+00,+18.75E+00,-4.883E+00
2,12/2/2026,10:41:05.623,-0.09E+00,-0.05E+00,+0.05E+00,+0.00E+00,+15.43E+00,-34.99E+00,+19.15E+00,-4.921E+00
2,12/2/2026,10:41:05.623,-0.09E+00,-0.05E+00,+0.05E+00,+0.00E+00,+15.55E+00,-35.50E+00,+19.52E+00,-4.967E+00
2,12/2/2026,10:41:05.623,-0.09E+00,-0.05E+00,+0.05E+00,-0.05E+00,+15.69E+00,-36.00E+00,+19.88E+00,-4.998E+00
2,12/2/2026,10:41:05.623,-0.09E+00,-0.05E+00,+0.05E+00,+0.00E+00,+15.81E+00,-36.49E+00,+20.25E+00,-5.028E+00
2,12/2/2026,10:41:05.623,-0.09E+00,-0.05E+00,+0.05E+00,+0.00E+00,+15.93E+00,-36.96E+00,+20.62E+00,-5.059E+00
2,12/2/2026,10:41:05.623,-0.09E+00,-0.05E+00,+0.05E+00,-0.05E+00,+16.05E+00,-37.43E+00,+20.95E+00,-5.089E+00
2,12/2/2026,10:41:05.623,-0.09E+00,-0.05E+00,+0.05E+00,-0.05E+00,+16.18E+00,-37.89E+00,+21.30E+00,-5.105E+00
2,12/2/2026,10:41:05.623,-0.09E+00,-0.05E+00,+0.05E+00,+0.00E+00,+16.30E+00,-38.33E+00,+21.64E+00,-5.127E+00
2,12/2/2026,10:41:05.623,-0.09E+00,-0.05E+00,+0.05E+00,+0.00E+00,+16.39E+00,-38.78E+00,+21.97E+00,-5.150E+00
2,12/2/2026,10:41:05.623,-0.09E+00,-0.05E+00,+0.05E+00,+0.00E+00,+16.50E+00,-39.22E+00,+22.33E+00,-5.173E+00
2,12/2/2026,10:41:05.623,-0.09E+00,-0.05E+00,+0.05E+00,+0.00E+00,+16.59E+00,-39.63E+00,+22.63E+00,-5.188E+00
2,12/2/2026,10:41:05.623,-0.09E+00,-0.05E+00,+0.05E+00,+0.00E+00,+16.68E+00,-40.04E+00,+22.95E+00,-5.211E+00
2,12/2/2026,10:41:05.623,-0.14E+00,-0.05E+00,+0.00E+00,+0.00E+00,+16.77E+00,-40.44E+00,+23.26E+00,-5.227E+00
2,12/2/2026,10:41:05.623,-0.14E+00,-0.05E+00,+0.00E+00,+0.00E+00,+16.85E+00,-40.82E+00,+23.56E+00,-5.242E+00
2,12/2/2026,10:41:05.623,-0.09E+00,-0.05E+00,+0.05E+00,-0.05E+00,+16.92E+00,-41.20E+00,+23.87E+00,-5.257E+00
2,12/2/2026,10:41:05.623,-0.09E+00,-0.05E+00,+0.05E+00,-0.05E+00,+17.00E+00,-41.55E+00,+24.16E+00,-5.265E+00
2,12/2/2026,10:41:05.623,-0.09E+00,-0.05E+00,+0.05E+00,+0.00E+00,+17.06E+00,-41.90E+00,+24.45E+00,-5.272E+00
2,12/2/2026,10:41:05.623,-0.09E+00,-0.05E+00,+0.05E+00,+0.00E+00,+17.12E+00,-42.26E+00,+24.74E+00,-5.280E+00
2,12/2/2026,10:41:05.623,-0.09E+00,-0.05E+00,+0.05E+00,-0.05E+00,+17.18E+00,-42.58E+00,+25.01E+00,-5.295E+00
2,12/2/2026,10:41:05.624,-0.09E+00,-0.05E+00,+0.05E+00,-0.05E+00,+17.23E+00,-42.90E+00,+25.27E+00,-5.303E+00
2,12/2/2026,10:41:05.624,-0.09E+00,-0.05E+00,+0.05E+00,+0.00E+00,+17.27E+00,-43.22E+00,+25.53E+00,-5.311E+00
2,12/2/2026,10:41:05.624,-0.09E+00,-0.05E+00,+0.05E+00,+0.00E+00,+17.32E+00,-43.51E+00,+25.79E+00,-5.311E+00
2,12/2/2026,10:41:05.624,-0.09E+00,-0.05E+00,+0.05E+00,+0.00E+00,+17.35E+00,-43.80E+00,+26.03E+00,-5.326E+00
2,12/2/2026,10:41:05.624,-0.09E+00,-0.05E+00,+0.05E+00,+0.00E+00,+17.38E+00,-44.07E+00,+26.28E+00,-5.326E+00
2,12/2/2026,10:41:05.624,-0.09E+00,-0.05E+00,+0.05E+00,-0.05E+00,+17.41E+00,-44.33E+00,+26.52E+00,-5.326E+00
2,12/2/2026,10:41:05.624,-0.09E+00,-0.05E+00,+0.05E+00,-0.05E+00,+17.43E+00,-44.59E+00,+26.75E+00,-5.326E+00
2,12/2/2026,10:41:05.624,-0.09E+00,-0.05E+00,+0.05E+00,+0.00E+00,+17.44E+00,-44.82E+00,+26.98E+00,-5.326E+00
2,12/2/2026,10:41:05.624,-0.09E+00,-0.05E+00,+0.05E+00,+0.00E+00,+17.46E+00,-45.06E+00,+27.19E+00,-5.326E+00
2,12/2/2026,10:41:05.624,-0.09E+00,-0.05E+00,+0.05E+00,-0.05E+00,+17.47E+00,-45.28E+00,+27.41E+00,-5.326E+00
2,12/2/2026,10:41:05.624,-0.09E+00,-0.05E+00,+0.05E+00,-0.05E+00,+17.47E+00,-45.49E+00,+27.61E+00,-5.326E+00
2,12/2/2026,10:41:05.624,-0.09E+00,-0.05E+00,+0.05E+00,+0.00E+00,+17.47E+00,-45.69E+00,+27.80E+00,-5.318E+00
2,12/2/2026,10:41:05.624,-0.09E+00,-0.05E+00,+0.05E+00,-0.05E+00,+17.47E+00,-45.87E+00,+28.00E+00,-5.311E+00
2,12/2/2026,10:41:05.624,-0.09E+00,-0.05E+00,+0.05E+00,-0.05E+00,+17.47E+00,-46.06E+00,+28.19E+00,-5.303E+00
2,12/2/2026,10:41:05.624,-0.09E+00,-0.05E+00,+0.05E+00,-0.05E+00,+17.46E+00,-46.22E+00,+28.37E+00,-5.295E+00
2,12/2/2026,10:41:05.624,-0.09E+00,-0.05E+00,+0.05E+00,-0.05E+00,+17.44E+00,-46.38E+00,+28.54E+00,-5.280E+00
2,12/2/2026,10:41:05.624,-0.09E+00,-0.05E+00,+0.05E+00,-0.05E+00,+17.43E+00,-46.51E+00,+28.69E+00,-5.280E+00
2,12/2/2026,10:41:05.624,-0.09E+00,-0.05E+00,+0.05E+00,-0.05E+00,+17.41E+00,-46.65E+00,+28.84E+00,-5.265E+00
2,12/2/2026,10:41:05.624,-0.09E+00,-0.05E+00,+0.05E+00,+0.00E+00,+17.38E+00,-46.77E+00,+28.98E+00,-5.250E+00
2,12/2/2026,10:41:05.624,-0.09E+00,-0.05E+00,+0.05E+00,+0.00E+00,+17.35E+00,-46.88E+00,+29.13E+00,-5.234E+00
2,12/2/2026,10:41:05.625,-0.09E+00,-0.05E+00,+0.05E+00,-0.05E+00,+17.32E+00,-46.99E+00,+29.25E+00,-5.219E+00
2,12/2/2026,10:41:05.625,-0.09E+00,-0.05E+00,+0.05E+00,+0.00E+00,+17.29E+00,-47.06E+00,+29.39E+00,-5.204E+00
2,12/2/2026,10:41:05.625,-0.09E+00,-0.05E+00,+0.05E+00,+0.00E+00,+17.26E+00,-47.14E+00,+29.50E+00,-5.188E+00
2,12/2/2026,10:41:05.625,-0.09E+00,-0.05E+00,+0.05E+00,+0.00E+00,+17.20E+00,-47.22E+00,+29.60E+00,-5.166E+00
2,12/2/2026,10:41:05.625,-0.09E+00,-0.05E+00,+0.05E+00,-0.05E+00,+17.15E+00,-47.26E+00,+29.71E+00,-5.150E+00
2,12/2/2026,10:41:05.625,-0.09E+00,-0.05E+00,+0.05E+00,+0.00E+00,+17.11E+00,-47.31E+00,+29.80E+00,-5.127E+00
2,12/2/2026,10:41:05.625,-0.09E+00,-0.05E+00,+0.05E+00,-0.05E+00,+17.05E+00,-47.34E+00,+29.89E+00,-5.105E+00
2,12/2/2026,10:41:05.625,-0.09E+00,-0.05E+00,+0.05E+00,-0.05E+00,+16.98E+00,-47.37E+00,+29.99E+00,-5.082E+00
2,12/2/2026,10:41:05.625,-0.09E+00,-0.05E+00,+0.05E+00,+0.00E+00,+16.91E+00,-47.38E+00,+30.06E+00,-5.059E+00
2,12/2/2026,10:41:05.625,-0.09E+00,-0.05E+00,+0.05E+00,+0.00E+00,+16.85E+00,-47.38E+00,+30.12E+00,-5.036E+00
2,12/2/2026,10:41:05.625,-0.09E+00,-0.05E+00,+0.00E+00,+0.00E+00,+16.77E+00,-47.38E+00,+30.20E+00,-5.021E+00
2,12/2/2026,10:41:05.625,-0.09E+00,-0.05E+00,+0.05E+00,+0.00E+00,+16.71E+00,-47.37E+00,+30.25E+00,-4.990E+00
2,12/2/2026,10:41:05.625,-0.09E+00,-0.05E+00,+0.05E+00,+0.00E+00,+16.63E+00,-47.34E+00,+30.31E+00,-4.967E+00
2,12/2/2026,10:41:05.625,-0.09E+00,-0.05E+00,+0.05E+00,+0.00E+00,+16.54E+00,-47.31E+00,+30.35E+00,-4.944E+00
2,12/2/2026,10:41:05.625,-0.09E+00,-0.05E+00,+0.05E+00,+0.00E+00,+16.45E+00,-47.26E+00,+30.40E+00,-4.921E+00
2,12/2/2026,10:41:05.625,-0.09E+00,-0.05E+00,+0.05E+00,+0.00E+00,+16.36E+00,-47.22E+00,+30.43E+00,-4.899E+00
2,12/2/2026,10:41:05.625,-0.14E+00,-0.05E+00,+0.05E+00,+0.00E+00,+16.27E+00,-47.14E+00,+30.46E+00,-4.876E+00
2,12/2/2026,10:41:05.625,-0.09E+00,-0.05E+00,+0.05E+00,-0.05E+00,+16.16E+00,-47.06E+00,+30.49E+00,-4.853E+00
2,12/2/2026,10:41:05.625,-0.09E+00,-0.05E+00,+0.05E+00,+0.00E+00,+16.05E+00,-46.97E+00,+30.51E+00,-4.822E+00
2,12/2/2026,10:41:05.625,-0.09E+00,-0.05E+00,+0.05E+00,+0.00E+00,+15.95E+00,-46.88E+00,+30.52E+00,-4.792E+00
2,12/2/2026,10:41:05.626,-0.09E+00,-0.05E+00,+0.05E+00,+0.00E+00,+15.84E+00,-46.77E+00,+30.52E+00,-4.761E+00
2,12/2/2026,10:41:05.626,-0.09E+00,-0.05E+00,+0.05E+00,+0.00E+00,+15.72E+00,-46.65E+00,+30.52E+00,-4.731E+00
2,12/2/2026,10:41:05.626,-0.09E+00,-0.05E+00,+0.05E+00,-0.05E+00,+15.60E+00,-46.51E+00,+30.51E+00,-4.708E+00
2,12/2/2026,10:41:05.626,-0.09E+00,-0.05E+00,+0.05E+00,-0.05E+00,+15.47E+00,-46.38E+00,+30.51E+00,-4.670E+00
2,12/2/2026,10:41:05.626,-0.09E+00,-0.05E+00,+0.05E+00,+0.00E+00,+15.34E+00,-46.22E+00,+30.49E+00,-4.639E+00
2,12/2/2026,10:41:05.626,-0.09E+00,-0.05E+00,+0.05E+00,-0.05E+00,+15.20E+00,-46.06E+00,+30.46E+00,-4.609E+00
2,12/2/2026,10:41:05.626,-0.09E+00,-0.05E+00,+0.05E+00,-0.05E+00,+15.06E+00,-45.89E+00,+30.43E+00,-4.578E+00
2,12/2/2026,10:41:05.626,-0.09E+00,-0.05E+00,+0.05E+00,+0.00E+00,+14.91E+00,-45.70E+00,+30.38E+00,-4.548E+00
2,12/2/2026,10:41:05.626,-0.14E+00,-0.05E+00,+0.05E+00,+0.00E+00,+14.76E+00,-45.51E+00,+30.34E+00,-4.509E+00
2,12/2/2026,10:41:05.626,-0.09E+00,-0.05E+00,+0.05E+00,+0.00E+00,+14.62E+00,-45.31E+00,+30.29E+00,-4.471E+00
2,12/2/2026,10:41:05.626,-0.09E+00,-0.05E+00,+0.05E+00,+0.00E+00,+14.47E+00,-45.09E+00,+30.23E+00,-4.433E+00
2,12/2/2026,10:41:05.626,-0.09E+00,-0.05E+00,+0.05E+00,+0.00E+00,+14.31E+00,-44.86E+00,+30.15E+00,-4.387E+00
2,12/2/2026,10:41:05.626,-0.09E+00,-0.05E+00,+0.05E+00,-0.05E+00,+14.16E+00,-44.64E+00,+30.06E+00,-4.342E+00
2,12/2/2026,10:41:05.626,-0.09E+00,-0.05E+00,+0.05E+00,+0.00E+00,+14.01E+00,-44.38E+00,+29.96E+00,-4.288E+00
2,12/2/2026,10:41:05.626,-0.09E+00,-0.05E+00,+0.05E+00,-0.05E+00,+13.86E+00,-44.10E+00,+29.85E+00,-4.227E+00
2,12/2/2026,10:41:05.626,-0.09E+00,-0.05E+00,+0.05E+00,+0.00E+00,+13.70E+00,-43.83E+00,+29.73E+00,-4.166E+00
2,12/2/2026,10:41:05.626,-0.09E+00,-0.05E+00,+0.05E+00,+0.00E+00,+13.54E+00,-43.54E+00,+29.59E+00,-4.097E+00
2,12/2/2026,10:41:05.626,-0.09E+00,-0.05E+00,+0.05E+00,+0.00E+00,+13.38E+00,-43.23E+00,+29.45E+00,-4.029E+00
2,12/2/2026,10:41:05.626,-0.14E+00,-0.05E+00,+0.05E+00,-0.05E+00,+13.22E+00,-42.91E+00,+29.30E+00,-3.968E+00
2,12/2/2026,10:41:05.626,-0.09E+00,-0.05E+00,+0.05E+00,-0.05E+00,+13.05E+00,-42.59E+00,+29.13E+00,-3.907E+00
2,12/2/2026,10:41:05.627,-0.09E+00,-0.05E+00,+0.05E+00,+0.00E+00,+12.88E+00,-42.26E+00,+28.98E+00,-3.838E+00
2,12/2/2026,10:41:05.627,-0.09E+00,-0.05E+00,+0.05E+00,+0.00E+00,+12.70E+00,-41.90E+00,+28.81E+00,-3.777E+00
2,12/2/2026,10:41:05.627,-0.09E+00,-0.05E+00,+0.05E+00,-0.05E+00,+12.51E+00,-41.55E+00,+28.63E+00,-3.708E+00
2,12/2/2026,10:41:05.627,-0.09E+00,-0.05E+00,+0.00E+00,-0.05E+00,+12.33E+00,-41.19E+00,+28.44E+00,-3.640E+00
2,12/2/2026,10:41:05.627,-0.09E+00,-0.05E+00,+0.05E+00,-0.05E+00,+12.15E+00,-40.82E+00,+28.26E+00,-3.571E+00
2,12/2/2026,10:41:05.627,-0.09E+00,-0.05E+00,+0.05E+00,-0.05E+00,+11.96E+00,-40.44E+00,+28.06E+00,-3.510E+00
2,12/2/2026,10:41:05.627,-0.09E+00,-0.05E+00,+0.05E+00,+0.00E+00,+11.77E+00,-40.04E+00,+27.87E+00,-3.441E+00
2,12/2/2026,10:41:05.627,-0.09E+00,-0.05E+00,+0.05E+00,+0.00E+00,+11.58E+00,-39.65E+00,+27.67E+00,-3.373E+00
2,12/2/2026,10:41:05.627,-0.09E+00,-0.05E+00,+0.05E+00,-0.05E+00,+11.38E+00,-39.23E+00,+27.44E+00,-3.304E+00
2,12/2/2026,10:41:05.627,-0.09E+00,-0.05E+00,+0.05E+00,-0.05E+00,+11.19E+00,-38.81E+00,+27.21E+00,-3.235E+00
2,12/2/2026,10:41:05.627,-0.09E+00,-0.05E+00,+0.05E+00,+0.00E+00,+10.99E+00,-38.38E+00,+26.98E+00,-3.151E+00
2,12/2/2026,10:41:05.627,-0.09E+00,-0.05E+00,+0.05E+00,+0.00E+00,+10.79E+00,-37.92E+00,+26.74E+00,-3.075E+00
2,12/2/2026,10:41:05.627,-0.09E+00,-0.05E+00,+0.05E+00,+0.00E+00,+10.59E+00,-37.46E+00,+26.48E+00,-2.991E+00
2,12/2/2026,10:41:05.627,-0.14E+00,-0.05E+00,+0.05E+00,+0.00E+00,+10.39E+00,-37.01E+00,+26.22E+00,-2.907E+00
2,12/2/2026,10:41:05.627,-0.14E+00,-0.05E+00,+0.05E+00,+0.00E+00,+10.18E+00,-36.53E+00,+25.94E+00,-2.823E+00
2,12/2/2026,10:41:05.627,-0.09E+00,-0.05E+00,+0.05E+00,+0.00E+00,+9.96E+00,-36.03E+00,+25.68E+00,-2.747E+00
2,12/2/2026,10:41:05.627,-0.09E+00,-0.05E+00,+0.05E+00,+0.00E+00,+9.74E+00,-35.54E+00,+25.39E+00,-2.663E+00
2,12/2/2026,10:41:05.627,-0.09E+00,-0.05E+00,+0.05E+00,+0.00E+00,+9.52E+00,-35.04E+00,+25.12E+00,-2.587E+00
2,12/2/2026,10:41:05.627,-0.09E+00,-0.05E+00,+0.05E+00,-0.05E+00,+9.29E+00,-34.52E+00,+24.83E+00,-2.503E+00
2,12/2/2026,10:41:05.627,-0.09E+00,+0.00E+00,+0.05E+00,-0.05E+00,+9.06E+00,-34.00E+00,+24.54E+00,-2.419E+00
2,12/2/2026,10:41:05.628,-0.09E+00,-0.05E+00,+0.05E+00,-0.05E+00,+8.82E+00,-33.47E+00,+24.25E+00,-2.342E+00
2,12/2/2026,10:41:05.628,-0.09E+00,-0.05E+00,+0.05E+00,+0.00E+00,+8.59E+00,-32.93E+00,+23.94E+00,-2.266E+00
2,12/2/2026,10:41:05.628,-0.09E+00,-0.05E+00,+0.05E+00,+0.00E+00,+8.35E+00,-32.38E+00,+23.64E+00,-2.182E+00
2,12/2/2026,10:41:05.628,-0.09E+00,-0.05E+00,+0.05E+00,+0.00E+00,+8.10E+00,-31.82E+00,+23.32E+00,-2.098E+00
2,12/2/2026,10:41:05.628,-0.09E+00,-0.05E+00,+0.05E+00,+0.00E+00,+7.86E+00,-31.25E+00,+23.00E+00,-2.014E+00
2,12/2/2026,10:41:05.628,-0.09E+00,-0.05E+00,+0.05E+00,+0.00E+00,+7.61E+00,-30.67E+00,+22.68E+00,-1.930E+00
2,12/2/2026,10:41:05.628,-0.09E+00,-0.05E+00,+0.05E+00,-0.05E+00,+7.39E+00,-30.09E+00,+22.34E+00,-1.854E+00
2,12/2/2026,10:41:05.628,-0.09E+00,-0.05E+00,+0.05E+00,-0.05E+00,+7.13E+00,-29.51E+00,+22.01E+00,-1.770E+00
2,12/2/2026,10:41:05.628,-0.09E+00,-0.05E+00,+0.05E+00,+0.00E+00,+6.88E+00,-28.92E+00,+21.65E+00,-1.686E+00
2,12/2/2026,10:41:05.628,-0.09E+00,-0.05E+00,+0.05E+00,+0.00E+00,+6.64E+00,-28.32E+00,+21.30E+00,-1.602E+00
2,12/2/2026,10:41:05.628,-0.09E+00,-0.05E+00,+0.05E+00,+0.00E+00,+6.38E+00,-27.71E+00,+20.95E+00,-1.518E+00
2,12/2/2026,10:41:05.628,-0.09E+00,-0.05E+00,+0.05E+00,-0.05E+00,+6.12E+00,-27.12E+00,+20.60E+00,-1.442E+00
2,12/2/2026,10:41:05.628,-0.09E+00,-0.05E+00,+0.05E+00,+0.00E+00,+5.88E+00,-26.49E+00,+20.24E+00,-1.358E+00
2,12/2/2026,10:41:05.628,-0.09E+00,-0.05E+00,+0.05E+00,+0.00E+00,+5.62E+00,-25.88E+00,+19.88E+00,-1.274E+00
2,12/2/2026,10:41:05.628,-0.09E+00,-0.05E+00,+0.05E+00,+0.00E+00,+5.36E+00,-25.26E+00,+19.52E+00,-1.198E+00
2,12/2/2026,10:41:05.628,-0.09E+00,-0.05E+00,+0.05E+00,+0.00E+00,+5.10E+00,-24.61E+00,+19.14E+00,-1.114E+00
2,12/2/2026,10:41:05.628,-0.09E+00,-0.05E+00,+0.05E+00,-0.05E+00,+4.84E+00,-23.99E+00,+18.77E+00,-1.038E+00
2,12/2/2026,10:41:05.628,-0.09E+00,-0.05E+00,+0.05E+00,-0.05E+00,+4.58E+00,-23.35E+00,+18.40E+00,-0.969E+00
2,12/2/2026,10:41:05.628,-0.05E+00,-0.05E+00,+0.05E+00,+0.00E+00,+4.30E+00,-22.71E+00,+18.02E+00,-0.893E+00
2,12/2/2026,10:41:05.628,-0.09E+00,-0.05E+00,+0.05E+00,-0.05E+00,+4.03E+00,-22.07E+00,+17.64E+00,-0.816E+00
2,12/2/2026,10:41:05.629,-0.09E+00,-0.05E+00,+0.00E+00,+0.00E+00,+3.75E+00,-21.41E+00,+17.26E+00,-0.732E+00
2,12/2/2026,10:41:05.629,-0.14E+00,-0.05E+00,+0.05E+00,+0.00E+00,+3.48E+00,-20.74E+00,+16.88E+00,-0.656E+00
2,12/2/2026,10:41:05.629,-0.14E+00,-0.05E+00,+0.05E+00,+0.00E+00,+3.20E+00,-20.07E+00,+16.50E+00,-0.580E+00
2,12/2/2026,10:41:05.629,-0.09E+00,-0.05E+00,+0.00E+00,-0.05E+00,+2.91E+00,-19.40E+00,+16.10E+00,-0.504E+00
2,12/2/2026,10:41:05.629,-0.09E+00,-0.05E+00,+0.05E+00,-0.05E+00,+2.66E+00,-18.72E+00,+15.69E+00,-0.420E+00
2,12/2/2026,10:41:05.629,-0.09E+00,-0.05E+00,+0.05E+00,+0.00E+00,+2.38E+00,-18.04E+00,+15.29E+00,-0.336E+00
2,12/2/2026,10:41:05.629,-0.09E+00,-0.05E+00,+0.05E+00,+0.00E+00,+2.09E+00,-17.35E+00,+14.89E+00,-0.259E+00
2,12/2/2026,10:41:05.629,-0.09E+00,-0.05E+00,+0.05E+00,-0.05E+00,+1.82E+00,-16.66E+00,+14.48E+00,-0.175E+00
2,12/2/2026,10:41:05.629,-0.09E+00,-0.05E+00,+0.05E+00,+0.00E+00,+1.53E+00,-15.96E+00,+14.07E+00,-0.092E+00
2,12/2/2026,10:41:05.629,-0.09E+00,-0.05E+00,+0.05E+00,+0.00E+00,+1.24E+00,-15.26E+00,+13.64E+00,-0.015E+00
2,12/2/2026,10:41:05.629,-0.09E+00,-0.05E+00,+0.05E+00,+0.00E+00,+0.95E+00,-14.56E+00,+13.22E+00,+0.069E+00
2,12/2/2026,10:41:05.629,-0.09E+00,-0.05E+00,+0.05E+00,+0.00E+00,+0.67E+00,-13.84E+00,+12.80E+00,+0.153E+00
2,12/2/2026,10:41:05.629,-0.09E+00,-0.05E+00,+0.05E+00,+0.00E+00,+0.38E+00,-13.14E+00,+12.38E+00,+0.237E+00
2,12/2/2026,10:41:05.629,-0.09E+00,-0.05E+00,+0.05E+00,+0.00E+00,+0.11E+00,-12.41E+00,+11.93E+00,+0.320E+00
2,12/2/2026,10:41:05.629,-0.09E+00,-0.05E+00,+0.00E+00,-0.05E+00,-0.17E+00,-11.70E+00,+11.49E+00,+0.404E+00
2,12/2/2026,10:41:05.629,-0.09E+00,-0.05E+00,+0.05E+00,+0.00E+00,-0.46E+00,-10.97E+00,+11.05E+00,+0.481E+00
2,12/2/2026,10:41:05.629,-0.09E+00,-0.05E+00,+0.05E+00,+0.00E+00,-0.72E+00,-10.25E+00,+10.61E+00,+0.572E+00
2,12/2/2026,10:41:05.629,-0.09E+00,-0.05E+00,+0.05E+00,-0.05E+00,-1.01E+00,-9.52E+00,+10.15E+00,+0.656E+00
2,12/2/2026,10:41:05.629,-0.09E+00,-0.05E+00,+0.05E+00,-0.05E+00,-1.28E+00,-8.81E+00,+9.69E+00,+0.740E+00
2,12/2/2026,10:41:05.629,-0.09E+00,-0.05E+00,+0.05E+00,+0.00E+00,-1.56E+00,-8.07E+00,+9.25E+00,+0.824E+00
2,12/2/2026,10:41:05.630,-0.09E+00,-0.05E+00,+0.05E+00,+0.00E+00,-1.83E+00,-7.34E+00,+8.79E+00,+0.900E+00
2,12/2/2026,10:41:05.630,-0.09E+00,-0.05E+00,+0.05E+00,-0.05E+00,-2.11E+00,-6.61E+00,+8.33E+00,+0.984E+00
2,12/2/2026,10:41:05.630,-0.09E+00,-0.05E+00,+0.05E+00,-0.05E+00,-2.38E+00,-5.89E+00,+7.87E+00,+1.061E+00
2,12/2/2026,10:41:05.630,-0.09E+00,-0.05E+00,+0.05E+00,-0.05E+00,-2.64E+00,-5.14E+00,+7.42E+00,+1.137E+00
2,12/2/2026,10:41:05.630,-0.09E+00,-0.05E+00,+0.05E+00,-0.05E+00,-2.91E+00,-4.43E+00,+6.96E+00,+1.221E+00
2,12/2/2026,10:41:05.630,-0.09E+00,-0.05E+00,+0.05E+00,+0.00E+00,-3.17E+00,-3.69E+00,+6.49E+00,+1.305E+00
2,12/2/2026,10:41:05.630,-0.09E+00,-0.05E+00,+0.05E+00,+0.00E+00,-3.43E+00,-2.96E+00,+6.01E+00,+1.381E+00
2,12/2/2026,10:41:05.630,-0.09E+00,-0.05E+00,+0.05E+00,+0.00E+00,-3.69E+00,-2.23E+00,+5.55E+00,+1.465E+00
2,12/2/2026,10:41:05.630,-0.09E+00,-0.05E+00,+0.05E+00,-0.05E+00,-3.95E+00,-1.51E+00,+5.07E+00,+1.549E+00
2,12/2/2026,10:41:05.630,-0.14E+00,-0.05E+00,+0.05E+00,-0.05E+00,-4.21E+00,-0.78E+00,+4.59E+00,+1.625E+00
2,12/2/2026,10:41:05.630,-0.09E+00,-0.05E+00,+0.05E+00,-0.05E+00,-4.46E+00,-0.05E+00,+4.12E+00,+1.709E+00
2,12/2/2026,10:41:05.630,-0.09E+00,-0.05E+00,+0.05E+00,+0.00E+00,-4.72E+00,+0.69E+00,+3.65E+00,+1.785E+00
2,12/2/2026,10:41:05.630,-0.09E+00,-0.05E+00,+0.05E+00,+0.00E+00,-4.96E+00,+1.40E+00,+3.17E+00,+1.862E+00
2,12/2/2026,10:41:05.630,-0.09E+00,-0.05E+00,+0.05E+00,-0.05E+00,-5.20E+00,+2.14E+00,+2.70E+00,+1.938E+00
2,12/2/2026,10:41:05.630,-0.09E+00,-0.05E+00,+0.05E+00,-0.05E+00,-5.45E+00,+2.85E+00,+2.23E+00,+2.014E+00
2,12/2/2026,10:41:05.630,-0.09E+00,-0.05E+00,+0.05E+00,-0.05E+00,-5.69E+00,+3.57E+00,+1.75E+00,+2.091E+00
2,12/2/2026,10:41:05.630,-0.09E+00,-0.05E+00,+0.05E+00,-0.05E+00,-5.94E+00,+4.29E+00,+1.27E+00,+2.175E+00
2,12/2/2026,10:41:05.630,-0.09E+00,-0.05E+00,+0.05E+00,+0.00E+00,-6.17E+00,+5.01E+00,+0.79E+00,+2.251E+00
2,12/2/2026,10:41:05.630,-0.09E+00,-0.05E+00,+0.05E+00,+0.00E+00,-6.41E+00,+5.72E+00,+0.32E+00,+2.327E+00
2,12/2/2026,10:41:05.630,-0.09E+00,-0.05E+00,+0.05E+00,-0.05E+00,-6.65E+00,+6.42E+00,-0.17E+00,+2.403E+00
2,12/2/2026,10:41:05.631,-0.14E+00,-0.05E+00,+0.05E+00,+0.00E+00,-6.87E+00,+7.14E+00,-0.64E+00,+2.472E+00
2,12/2/2026,10:41:05.631,-0.09E+00,-0.05E+00,+0.05E+00,+0.00E+00,-7.10E+00,+7.86E+00,-1.11E+00,+2.548E+00
2,12/2/2026,10:41:05.631,-0.09E+00,-0.05E+00,+0.05E+00,-0.05E+00,-7.34E+00,+8.56E+00,-1.59E+00,+2.625E+00
2,12/2/2026,10:41:05.631,-0.09E+00,-0.05E+00,+0.05E+00,+0.00E+00,-7.57E+00,+9.26E+00,-2.08E+00,+2.701E+00
2,12/2/2026,10:41:05.631,-0.09E+00,-0.05E+00,+0.05E+00,+0.00E+00,-7.80E+00,+9.98E+00,-2.55E+00,+2.770E+00
2,12/2/2026,10:41:05.631,-0.09E+00,-0.05E+00,+0.05E+00,+0.00E+00,-8.03E+00,+10.67E+00,-3.02E+00,+2.838E+00
2,12/2/2026,10:41:05.631,-0.09E+00,-0.05E+00,+0.05E+00,-0.05E+00,-8.26E+00,+11.37E+00,-3.49E+00,+2.915E+00
2,12/2/2026,10:41:05.631,-0.09E+00,-0.05E+00,+0.05E+00,+0.00E+00,-8.47E+00,+12.06E+00,-3.97E+00,+2.983E+00
2,12/2/2026,10:41:05.631,-0.09E+00,-0.05E+00,+0.05E+00,+0.00E+00,-8.68E+00,+12.74E+00,-4.44E+00,+3.052E+00
2,12/2/2026,10:41:05.631,-0.09E+00,-0.05E+00,+0.05E+00,+0.00E+00,-8.91E+00,+13.44E+00,-4.90E+00,+3.121E+00
2,12/2/2026,10:41:05.631,-0.09E+00,-0.05E+00,+0.05E+00,-0.05E+00,-9.13E+00,+14.12E+00,-5.37E+00,+3.189E+00
2,12/2/2026,10:41:05.631,-0.09E+00,-0.05E+00,+0.05E+00,-0.05E+00,-9.34E+00,+14.79E+00,-5.84E+00,+3.258E+00
2,12/2/2026,10:41:05.631,-0.09E+00,-0.05E+00,+0.05E+00,+0.00E+00,-9.55E+00,+15.47E+00,-6.30E+00,+3.319E+00
2,12/2/2026,10:41:05.631,-0.09E+00,-0.05E+00,+0.05E+00,-0.05E+00,-9.77E+00,+16.15E+00,-6.76E+00,+3.388E+00
2,12/2/2026,10:41:05.631,-0.14E+00,-0.05E+00,+0.05E+00,+0.00E+00,-9.98E+00,+16.82E+00,-7.22E+00,+3.456E+00
2,12/2/2026,10:41:05.631,-0.09E+00,-0.05E+00,+0.05E+00,+0.00E+00,-10.19E+00,+17.49E+00,-7.68E+00,+3.517E+00
2,12/2/2026,10:41:05.631,-0.09E+00,-0.05E+00,+0.05E+00,+0.00E+00,-10.39E+00,+18.16E+00,-8.13E+00,+3.579E+00
2,12/2/2026,10:41:05.631,-0.09E+00,-0.05E+00,+0.05E+00,-0.05E+00,-10.61E+00,+18.82E+00,-8.59E+00,+3.647E+00
2,12/2/2026,10:41:05.631,-0.09E+00,-0.05E+00,+0.05E+00,+0.00E+00,-10.82E+00,+19.47E+00,-9.03E+00,+3.701E+00
2,12/2/2026,10:41:05.631,-0.09E+00,-0.05E+00,+0.05E+00,+0.00E+00,-11.02E+00,+20.13E+00,-9.49E+00,+3.762E+00
2,12/2/2026,10:41:05.632,-0.09E+00,-0.05E+00,+0.05E+00,-0.05E+00,-11.22E+00,+20.75E+00,-9.93E+00,+3.823E+00
2,12/2/2026,10:41:05.632,-0.09E+00,-0.05E+00,+0.05E+00,+0.00E+00,-11.41E+00,+21.41E+00,-10.38E+00,+3.884E+00
2,12/2/2026,10:41:05.632,-0.09E+00,-0.05E+00,+0.05E+00,+0.00E+00,-11.61E+00,+22.05E+00,-10.82E+00,+3.937E+00
2,12/2/2026,10:41:05.632,-0.09E+00,-0.05E+00,+0.05E+00,-0.05E+00,-11.81E+00,+22.68E+00,-11.26E+00,+3.991E+00
2,12/2/2026,10:41:05.632,-0.09E+00,-0.05E+00,+0.05E+00,-0.05E+00,-12.01E+00,+23.30E+00,-11.67E+00,+4.044E+00
2,12/2/2026,10:41:05.632,-0.09E+00,-0.09E+00,+0.05E+00,-0.05E+00,-12.21E+00,+23.93E+00,-12.10E+00,+4.097E+00
2,12/2/2026,10:41:05.632,-0.09E+00,-0.05E+00,+0.05E+00,+0.00E+00,-12.39E+00,+24.55E+00,-12.54E+00,+4.151E+00
2,12/2/2026,10:41:05.632,-0.09E+00,+0.00E+00,+0.05E+00,+0.00E+00,-12.59E+00,+25.15E+00,-12.96E+00,+4.204E+00
2,12/2/2026,10:41:05.632,-0.09E+00,-0.05E+00,+0.05E+00,+0.00E+00,-12.77E+00,+25.77E+00,-13.38E+00,+4.258E+00
2,12/2/2026,10:41:05.632,-0.09E+00,-0.05E+00,+0.05E+00,+0.00E+00,-12.96E+00,+26.37E+00,-13.81E+00,+4.303E+00
2,12/2/2026,10:41:05.632,-0.09E+00,-0.05E+00,+0.05E+00,+0.00E+00,-13.14E+00,+26.96E+00,-14.22E+00,+4.357E+00
2,12/2/2026,10:41:05.632,-0.09E+00,-0.05E+00,+0.00E+00,+0.00E+00,-13.32E+00,+27.58E+00,-14.63E+00,+4.410E+00
2,12/2/2026,10:41:05.632,-0.09E+00,-0.05E+00,+0.05E+00,+0.00E+00,-13.49E+00,+28.17E+00,-15.05E+00,+4.464E+00
2,12/2/2026,10:41:05.632,-0.09E+00,-0.05E+00,+0.05E+00,+0.00E+00,-13.66E+00,+28.75E+00,-15.47E+00,+4.517E+00
2,12/2/2026,10:41:05.632,-0.09E+00,-0.05E+00,+0.05E+00,-0.05E+00,-13.84E+00,+29.33E+00,-15.87E+00,+4.563E+00
2,12/2/2026,10:41:05.632,-0.09E+00,-0.05E+00,+0.05E+00,-0.05E+00,-14.01E+00,+29.91E+00,-16.28E+00,+4.616E+00
2,12/2/2026,10:41:05.632,-0.09E+00,-0.05E+00,+0.05E+00,-0.05E+00,-14.18E+00,+30.47E+00,-16.68E+00,+4.662E+00
2,12/2/2026,10:41:05.632,-0.09E+00,-0.05E+00,+0.05E+00,-0.05E+00,-14.34E+00,+31.05E+00,-17.09E+00,+4.708E+00
2,12/2/2026,10:41:05.632,-0.09E+00,-0.05E+00,+0.05E+00,+0.00E+00,-14.50E+00,+31.62E+00,-17.49E+00,+4.754E+00
2,12/2/2026,10:41:05.632,-0.09E+00,-0.05E+00,+0.05E+00,+0.00E+00,-14.65E+00,+32.17E+00,-17.88E+00,+4.799E+00
2,12/2/2026,10:41:05.633,-0.09E+00,-0.05E+00,+0.05E+00,-0.05E+00,-14.80E+00,+32.70E+00,-18.28E+00,+4.845E+00
2,12/2/2026,10:41:05.633,-0.09E+00,-0.05E+00,+0.05E+00,+0.00E+00,-14.94E+00,+33.25E+00,-18.66E+00,+4.891E+00
2,12/2/2026,10:41:05.633,-0.09E+00,-0.05E+00,+0.05E+00,+0.00E+00,-15.08E+00,+33.77E+00,-19.04E+00,+4.921E+00
2,12/2/2026,10:41:05.633,-0.09E+00,-0.05E+00,+0.05E+00,+0.00E+00,-15.21E+00,+34.27E+00,-19.43E+00,+4.960E+00
2,12/2/2026,10:41:05.633,-0.09E+00,-0.05E+00,+0.05E+00,+0.00E+00,-15.34E+00,+34.78E+00,-19.79E+00,+4.990E+00
2,12/2/2026,10:41:05.633,-0.09E+00,-0.05E+00,+0.05E+00,+0.00E+00,-15.47E+00,+35.27E+00,-20.16E+00,+5.021E+00
2,12/2/2026,10:41:05.633,-0.09E+00,-0.05E+00,+0.05E+00,+0.00E+00,-15.61E+00,+35.75E+00,-20.51E+00,+5.043E+00
2,12/2/2026,10:41:05.633,-0.09E+00,-0.05E+00,+0.05E+00,+0.00E+00,-15.73E+00,+36.21E+00,-20.86E+00,+5.066E+00
2,12/2/2026,10:41:05.633,-0.09E+00,-0.05E+00,+0.05E+00,-0.05E+00,-15.84E+00,+36.67E+00,-21.20E+00,+5.089E+00
2,12/2/2026,10:41:05.633,-0.09E+00,-0.05E+00,+0.05E+00,+0.00E+00,-15.96E+00,+37.13E+00,-21.55E+00,+5.112E+00
2,12/2/2026,10:41:05.633,-0.09E+00,-0.05E+00,+0.05E+00,+0.00E+00,-16.07E+00,+37.57E+00,-21.90E+00,+5.135E+00
2,12/2/2026,10:41:05.633,-0.09E+00,-0.05E+00,+0.00E+00,+0.00E+00,-16.16E+00,+38.00E+00,-22.22E+00,+5.150E+00
2,12/2/2026,10:41:05.633,-0.14E+00,-0.05E+00,+0.00E+00,+0.00E+00,-16.27E+00,+38.41E+00,-22.54E+00,+5.166E+00
2,12/2/2026,10:41:05.633,-0.09E+00,-0.05E+00,+0.05E+00,+0.00E+00,-16.36E+00,+38.84E+00,-22.86E+00,+5.188E+00
2,12/2/2026,10:41:05.633,-0.09E+00,-0.05E+00,+0.05E+00,-0.05E+00,-16.44E+00,+39.22E+00,-23.18E+00,+5.196E+00
2,12/2/2026,10:41:05.633,-0.09E+00,-0.05E+00,+0.05E+00,+0.00E+00,-16.53E+00,+39.60E+00,-23.47E+00,+5.211E+00
2,12/2/2026,10:41:05.633,-0.09E+00,-0.05E+00,+0.05E+00,+0.00E+00,-16.60E+00,+39.98E+00,-23.78E+00,+5.227E+00
2,12/2/2026,10:41:05.633,-0.09E+00,-0.05E+00,+0.05E+00,+0.00E+00,-16.66E+00,+40.35E+00,-24.07E+00,+5.234E+00
2,12/2/2026,10:41:05.633,-0.09E+00,-0.05E+00,+0.05E+00,-0.05E+00,-16.73E+00,+40.70E+00,-24.36E+00,+5.242E+00
2,12/2/2026,10:41:05.633,-0.14E+00,-0.05E+00,+0.05E+00,-0.05E+00,-16.80E+00,+41.03E+00,-24.63E+00,+5.250E+00
2,12/2/2026,10:41:05.634,-0.09E+00,-0.05E+00,+0.05E+00,+0.00E+00,-16.85E+00,+41.37E+00,-24.90E+00,+5.257E+00
2,12/2/2026,10:41:05.634,-0.09E+00,-0.05E+00,+0.05E+00,+0.00E+00,-16.89E+00,+41.69E+00,-25.18E+00,+5.265E+00
2,12/2/2026,10:41:05.634,-0.09E+00,-0.05E+00,+0.05E+00,-0.05E+00,-16.94E+00,+42.00E+00,-25.44E+00,+5.272E+00
2,12/2/2026,10:41:05.634,-0.09E+00,-0.05E+00,+0.05E+00,-0.05E+00,-16.98E+00,+42.30E+00,-25.70E+00,+5.272E+00
2,12/2/2026,10:41:05.634,-0.09E+00,-0.05E+00,+0.05E+00,-0.05E+00,-17.02E+00,+42.58E+00,-25.94E+00,+5.280E+00
2,12/2/2026,10:41:05.634,-0.09E+00,-0.05E+00,+0.05E+00,-0.05E+00,-17.05E+00,+42.85E+00,-26.19E+00,+5.280E+00
2,12/2/2026,10:41:05.634,-0.09E+00,-0.05E+00,+0.05E+00,+0.00E+00,-17.08E+00,+43.13E+00,-26.43E+00,+5.280E+00
2,12/2/2026,10:41:05.634,-0.09E+00,-0.05E+00,+0.05E+00,+0.00E+00,-17.11E+00,+43.37E+00,-26.66E+00,+5.280E+00
2,12/2/2026,10:41:05.634,-0.09E+00,-0.05E+00,+0.00E+00,-0.05E+00,-17.12E+00,+43.61E+00,-26.87E+00,+5.280E+00
2,12/2/2026,10:41:05.634,-0.09E+00,-0.05E+00,+0.05E+00,+0.00E+00,-17.14E+00,+43.84E+00,-27.09E+00,+5.280E+00
2,12/2/2026,10:41:05.634,-0.09E+00,-0.05E+00,+0.05E+00,+0.00E+00,-17.14E+00,+44.06E+00,-27.30E+00,+5.280E+00
2,12/2/2026,10:41:05.634,-0.09E+00,-0.05E+00,+0.05E+00,+0.00E+00,-17.15E+00,+44.27E+00,-27.50E+00,+5.272E+00
2,12/2/2026,10:41:05.634,-0.09E+00,-0.05E+00,+0.05E+00,-0.05E+00,-17.15E+00,+44.47E+00,-27.70E+00,+5.265E+00
2,12/2/2026,10:41:05.634,-0.09E+00,-0.05E+00,+0.05E+00,+0.00E+00,-17.15E+00,+44.65E+00,-27.88E+00,+5.257E+00
2,12/2/2026,10:41:05.634,-0.09E+00,-0.05E+00,+0.05E+00,+0.00E+00,-17.15E+00,+44.83E+00,-28.06E+00,+5.250E+00
2,12/2/2026,10:41:05.634,-0.09E+00,-0.05E+00,+0.05E+00,-0.05E+00,-17.14E+00,+45.00E+00,-28.23E+00,+5.242E+00
2,12/2/2026,10:41:05.634,-0.09E+00,-0.05E+00,+0.05E+00,-0.05E+00,-17.14E+00,+45.15E+00,-28.40E+00,+5.227E+00
2,12/2/2026,10:41:05.634,-0.09E+00,-0.05E+00,+0.05E+00,-0.05E+00,-17.12E+00,+45.29E+00,-28.55E+00,+5.219E+00
2,12/2/2026,10:41:05.634,-0.05E+00,-0.05E+00,+0.05E+00,+0.00E+00,-17.09E+00,+45.41E+00,-28.70E+00,+5.204E+00
2,12/2/2026,10:41:05.634,-0.09E+00,+0.00E+00,+0.05E+00,+0.00E+00,-17.08E+00,+45.54E+00,-28.84E+00,+5.181E+00
2,12/2/2026,10:41:05.635,-0.14E+00,-0.05E+00,+0.05E+00,-0.05E+00,-17.05E+00,+45.64E+00,-28.98E+00,+5.173E+00
2,12/2/2026,10:41:05.635,-0.09E+00,-0.05E+00,+0.05E+00,-0.05E+00,-17.02E+00,+45.73E+00,-29.12E+00,+5.158E+00
2,12/2/2026,10:41:05.635,-0.09E+00,-0.05E+00,+0.05E+00,-0.05E+00,-16.98E+00,+45.83E+00,-29.24E+00,+5.135E+00
2,12/2/2026,10:41:05.635,-0.09E+00,-0.05E+00,+0.05E+00,+0.00E+00,-16.94E+00,+45.90E+00,-29.35E+00,+5.120E+00
2,12/2/2026,10:41:05.635,-0.09E+00,-0.05E+00,+0.05E+00,+0.00E+00,-16.91E+00,+45.96E+00,-29.45E+00,+5.097E+00
2,12/2/2026,10:41:05.635,-0.09E+00,-0.05E+00,+0.05E+00,+0.00E+00,-16.85E+00,+46.02E+00,-29.56E+00,+5.074E+00
2,12/2/2026,10:41:05.635,-0.09E+00,-0.05E+00,+0.05E+00,-0.05E+00,-16.80E+00,+46.07E+00,-29.65E+00,+5.051E+00
2,12/2/2026,10:41:05.635,-0.09E+00,-0.05E+00,+0.05E+00,+0.00E+00,-16.74E+00,+46.09E+00,-29.74E+00,+5.028E+00
2,12/2/2026,10:41:05.635,-0.09E+00,-0.05E+00,+0.05E+00,+0.00E+00,-16.68E+00,+46.10E+00,-29.82E+00,+5.013E+00
2,12/2/2026,10:41:05.635,-0.09E+00,-0.05E+00,+0.05E+00,+0.00E+00,-16.62E+00,+46.12E+00,-29.89E+00,+4.990E+00
2,12/2/2026,10:41:05.635,-0.09E+00,-0.05E+00,+0.05E+00,-0.05E+00,-16.56E+00,+46.13E+00,-29.97E+00,+4.967E+00
2,12/2/2026,10:41:05.635,-0.09E+00,-0.05E+00,+0.05E+00,-0.05E+00,-16.48E+00,+46.12E+00,-30.03E+00,+4.944E+00
2,12/2/2026,10:41:05.635,-0.09E+00,-0.05E+00,+0.05E+00,-0.05E+00,-16.40E+00,+46.10E+00,-30.09E+00,+4.921E+00
2,12/2/2026,10:41:05.635,-0.09E+00,-0.05E+00,+0.05E+00,+0.00E+00,-16.33E+00,+46.09E+00,-30.14E+00,+4.891E+00
2,12/2/2026,10:41:05.635,-0.09E+00,-0.05E+00,+0.05E+00,+0.00E+00,-16.24E+00,+46.04E+00,-30.18E+00,+4.868E+00
2,12/2/2026,10:41:05.635,-0.09E+00,-0.05E+00,+0.05E+00,+0.00E+00,-16.16E+00,+45.99E+00,-30.23E+00,+4.845E+00
2,12/2/2026,10:41:05.635,-0.09E+00,-0.05E+00,+0.05E+00,+0.00E+00,-16.07E+00,+45.93E+00,-30.26E+00,+4.815E+00
2,12/2/2026,10:41:05.635,-0.09E+00,-0.05E+00,+0.05E+00,-0.05E+00,-15.96E+00,+45.86E+00,-30.28E+00,+4.792E+00
2,12/2/2026,10:41:05.635,-0.09E+00,-0.05E+00,+0.05E+00,-0.05E+00,-15.87E+00,+45.80E+00,-30.31E+00,+4.769E+00
2,12/2/2026,10:41:05.635,-0.09E+00,-0.05E+00,+0.05E+00,-0.05E+00,-15.76E+00,+45.70E+00,-30.32E+00,+4.738E+00
2,12/2/2026,10:41:05.636,-0.09E+00,-0.05E+00,+0.05E+00,+0.00E+00,-15.66E+00,+45.60E+00,-30.34E+00,+4.708E+00
2,12/2/2026,10:41:05.636,-0.09E+00,-0.05E+00,+0.05E+00,+0.00E+00,-15.55E+00,+45.49E+00,-30.34E+00,+4.677E+00
2,12/2/2026,10:41:05.636,-0.09E+00,-0.05E+00,+0.05E+00,+0.00E+00,-15.43E+00,+45.37E+00,-30.34E+00,+4.647E+00
2,12/2/2026,10:41:05.636,-0.09E+00,-0.05E+00,+0.05E+00,-0.05E+00,-15.29E+00,+45.23E+00,-30.32E+00,+4.616E+00
2,12/2/2026,10:41:05.636,-0.09E+00,-0.05E+00,+0.05E+00,+0.00E+00,-15.17E+00,+45.09E+00,-30.31E+00,+4.586E+00
2,12/2/2026,10:41:05.636,-0.09E+00,-0.05E+00,+0.05E+00,+0.00E+00,-15.03E+00,+44.94E+00,-30.29E+00,+4.548E+00
2,12/2/2026,10:41:05.636,-0.09E+00,-0.05E+00,+0.05E+00,+0.00E+00,-14.89E+00,+44.76E+00,-30.26E+00,+4.517E+00
2,12/2/2026,10:41:05.636,-0.14E+00,-0.05E+00,+0.05E+00,-0.05E+00,-14.76E+00,+44.59E+00,-30.22E+00,+4.479E+00
2,12/2/2026,10:41:05.636,-0.09E+00,-0.05E+00,+0.05E+00,+0.00E+00,-14.60E+00,+44.41E+00,-30.18E+00,+4.441E+00
2,12/2/2026,10:41:05.636,-0.09E+00,-0.05E+00,+0.05E+00,+0.00E+00,-14.47E+00,+44.21E+00,-30.12E+00,+4.410E+00
2,12/2/2026,10:41:05.636,-0.09E+00,-0.05E+00,+0.05E+00,+0.00E+00,-14.31E+00,+44.00E+00,-30.06E+00,+4.372E+00
2,12/2/2026,10:41:05.636,-0.09E+00,-0.05E+00,+0.05E+00,+0.00E+00,-14.16E+00,+43.78E+00,-29.99E+00,+4.326E+00
2,12/2/2026,10:41:05.636,-0.09E+00,-0.05E+00,+0.05E+00,+0.00E+00,-14.02E+00,+43.55E+00,-29.91E+00,+4.273E+00
2,12/2/2026,10:41:05.636,-0.09E+00,-0.05E+00,+0.05E+00,+0.00E+00,-13.87E+00,+43.29E+00,-29.80E+00,+4.219E+00
2,12/2/2026,10:41:05.636,-0.09E+00,-0.05E+00,+0.05E+00,+0.00E+00,-13.72E+00,+43.03E+00,-29.70E+00,+4.158E+00
2,12/2/2026,10:41:05.636,-0.09E+00,-0.05E+00,+0.05E+00,+0.00E+00,-13.57E+00,+42.76E+00,-29.56E+00,+4.090E+00
2,12/2/2026,10:41:05.636,-0.09E+00,-0.05E+00,+0.05E+00,+0.00E+00,-13.41E+00,+42.47E+00,-29.44E+00,+4.029E+00
2,12/2/2026,10:41:05.636,-0.09E+00,-0.05E+00,+0.05E+00,+0.00E+00,-13.25E+00,+42.18E+00,-29.30E+00,+3.960E+00
2,12/2/2026,10:41:05.636,-0.09E+00,-0.05E+00,+0.05E+00,-0.05E+00,-13.09E+00,+41.87E+00,-29.15E+00,+3.891E+00
2,12/2/2026,10:41:05.636,-0.09E+00,-0.05E+00,+0.05E+00,-0.05E+00,-12.93E+00,+41.54E+00,-28.99E+00,+3.823E+00
2,12/2/2026,10:41:05.637,-0.09E+00,-0.05E+00,+0.05E+00,-0.05E+00,-12.76E+00,+41.22E+00,-28.84E+00,+3.762E+00
2,12/2/2026,10:41:05.637,-0.09E+00,-0.05E+00,+0.05E+00,+0.00E+00,-12.59E+00,+40.88E+00,-28.66E+00,+3.701E+00
2,12/2/2026,10:41:05.637,-0.09E+00,-0.05E+00,+0.05E+00,+0.00E+00,-12.41E+00,+40.53E+00,-28.49E+00,+3.632E+00
2,12/2/2026,10:41:05.637,-0.09E+00,-0.05E+00,+0.05E+00,+0.00E+00,-12.24E+00,+40.18E+00,-28.32E+00,+3.563E+00
2,12/2/2026,10:41:05.637,-0.09E+00,-0.05E+00,+0.05E+00,-0.05E+00,-12.04E+00,+39.81E+00,-28.14E+00,+3.495E+00
2,12/2/2026,10:41:05.637,-0.09E+00,-0.05E+00,+0.05E+00,+0.00E+00,-11.86E+00,+39.43E+00,-27.96E+00,+3.426E+00
2,12/2/2026,10:41:05.637,-0.09E+00,-0.05E+00,+0.05E+00,+0.00E+00,-11.67E+00,+39.05E+00,-27.74E+00,+3.365E+00
2,12/2/2026,10:41:05.637,-0.09E+00,-0.05E+00,+0.05E+00,+0.00E+00,-11.49E+00,+38.65E+00,-27.54E+00,+3.296E+00
2,12/2/2026,10:41:05.637,-0.09E+00,-0.05E+00,+0.05E+00,+0.00E+00,-11.29E+00,+38.26E+00,-27.33E+00,+3.228E+00
2,12/2/2026,10:41:05.637,-0.09E+00,-0.05E+00,+0.05E+00,+0.00E+00,-11.11E+00,+37.83E+00,-27.12E+00,+3.151E+00
2,12/2/2026,10:41:05.637,-0.09E+00,-0.05E+00,+0.05E+00,-0.05E+00,-10.91E+00,+37.40E+00,-26.87E+00,+3.075E+00
2,12/2/2026,10:41:05.637,-0.09E+00,-0.05E+00,+0.05E+00,-0.05E+00,-10.71E+00,+36.98E+00,-26.63E+00,+2.999E+00
2,12/2/2026,10:41:05.637,-0.09E+00,-0.05E+00,+0.05E+00,+0.00E+00,-10.51E+00,+36.53E+00,-26.38E+00,+2.915E+00
2,12/2/2026,10:41:05.637,-0.09E+00,-0.05E+00,+0.05E+00,+0.00E+00,-10.32E+00,+36.06E+00,-26.13E+00,+2.831E+00
2,12/2/2026,10:41:05.637,-0.09E+00,-0.05E+00,+0.05E+00,+0.00E+00,-10.12E+00,+35.59E+00,-25.85E+00,+2.747E+00
2,12/2/2026,10:41:05.637,-0.09E+00,-0.05E+00,+0.00E+00,+0.00E+00,-9.90E+00,+35.11E+00,-25.59E+00,+2.663E+00
2,12/2/2026,10:41:05.637,-0.09E+00,-0.05E+00,+0.05E+00,+0.00E+00,-9.67E+00,+34.63E+00,-25.32E+00,+2.579E+00
2,12/2/2026,10:41:05.637,-0.09E+00,-0.05E+00,+0.05E+00,+0.00E+00,-9.46E+00,+34.12E+00,-25.04E+00,+2.503E+00
2,12/2/2026,10:41:05.637,-0.09E+00,-0.05E+00,+0.05E+00,-0.05E+00,-9.25E+00,+33.62E+00,-24.75E+00,+2.419E+00
2,12/2/2026,10:41:05.637,-0.09E+00,-0.05E+00,+0.05E+00,-0.05E+00,-9.00E+00,+33.11E+00,-24.46E+00,+2.342E+00
2,12/2/2026,10:41:05.638,-0.09E+00,-0.05E+00,+0.05E+00,+0.00E+00,-8.79E+00,+32.58E+00,-24.17E+00,+2.259E+00
2,12/2/2026,10:41:05.638,-0.14E+00,-0.05E+00,+0.05E+00,+0.00E+00,-8.55E+00,+32.06E+00,-23.87E+00,+2.182E+00
2,12/2/2026,10:41:05.638,-0.09E+00,-0.05E+00,+0.00E+00,+0.00E+00,-8.32E+00,+31.51E+00,-23.58E+00,+2.098E+00
2,12/2/2026,10:41:05.638,-0.09E+00,-0.05E+00,+0.05E+00,+0.00E+00,-8.09E+00,+30.96E+00,-23.27E+00,+2.014E+00
2,12/2/2026,10:41:05.638,-0.09E+00,-0.05E+00,+0.05E+00,+0.00E+00,-7.84E+00,+30.40E+00,-22.95E+00,+1.938E+00
2,12/2/2026,10:41:05.638,-0.09E+00,-0.05E+00,+0.05E+00,+0.00E+00,-7.60E+00,+29.83E+00,-22.63E+00,+1.854E+00
2,12/2/2026,10:41:05.638,-0.09E+00,-0.05E+00,+0.05E+00,+0.00E+00,-7.36E+00,+29.27E+00,-22.30E+00,+1.770E+00
2,12/2/2026,10:41:05.638,-0.09E+00,-0.05E+00,+0.05E+00,+0.00E+00,-7.11E+00,+28.69E+00,-21.96E+00,+1.686E+00
2,12/2/2026,10:41:05.638,-0.09E+00,-0.05E+00,+0.05E+00,+0.00E+00,-6.88E+00,+28.11E+00,-21.61E+00,+1.610E+00
2,12/2/2026,10:41:05.638,-0.09E+00,-0.05E+00,+0.00E+00,-0.05E+00,-6.62E+00,+27.51E+00,-21.27E+00,+1.526E+00
2,12/2/2026,10:41:05.638,-0.09E+00,-0.05E+00,+0.05E+00,-0.05E+00,-6.38E+00,+26.92E+00,-20.92E+00,+1.442E+00
2,12/2/2026,10:41:05.638,-0.09E+00,-0.05E+00,+0.05E+00,-0.05E+00,-6.13E+00,+26.32E+00,-20.57E+00,+1.358E+00
2,12/2/2026,10:41:05.638,-0.09E+00,-0.05E+00,+0.05E+00,+0.00E+00,-5.88E+00,+25.71E+00,-20.20E+00,+1.282E+00
2,12/2/2026,10:41:05.638,-0.09E+00,-0.05E+00,+0.05E+00,+0.00E+00,-5.63E+00,+25.10E+00,-19.85E+00,+1.190E+00
2,12/2/2026,10:41:05.638,-0.09E+00,-0.05E+00,+0.05E+00,+0.00E+00,-5.37E+00,+24.48E+00,-19.49E+00,+1.114E+00
2,12/2/2026,10:41:05.638,-0.09E+00,-0.05E+00,+0.00E+00,+0.00E+00,-5.11E+00,+23.87E+00,-19.12E+00,+1.030E+00
2,12/2/2026,10:41:05.638,-0.09E+00,-0.05E+00,+0.00E+00,-0.05E+00,-4.85E+00,+23.23E+00,-18.75E+00,+0.954E+00
2,12/2/2026,10:41:05.638,-0.09E+00,-0.05E+00,+0.05E+00,+0.00E+00,-4.59E+00,+22.60E+00,-18.39E+00,+0.877E+00
2,12/2/2026,10:41:05.638,-0.09E+00,-0.05E+00,+0.05E+00,+0.00E+00,-4.33E+00,+21.97E+00,-18.02E+00,+0.801E+00
2,12/2/2026,10:41:05.638,-0.09E+00,-0.05E+00,+0.05E+00,-0.05E+00,-4.06E+00,+21.33E+00,-17.64E+00,+0.725E+00
2,12/2/2026,10:41:05.639,-0.09E+00,-0.05E+00,+0.05E+00,-0.05E+00,-3.80E+00,+20.68E+00,-17.26E+00,+0.641E+00
2,12/2/2026,10:41:05.639,-0.09E+00,-0.05E+00,+0.05E+00,+0.00E+00,-3.53E+00,+20.02E+00,-16.88E+00,+0.565E+00
2,12/2/2026,10:41:05.639,-0.09E+00,-0.05E+00,+0.05E+00,+0.00E+00,-3.25E+00,+19.37E+00,-16.50E+00,+0.488E+00
2,12/2/2026,10:41:05.639,-0.09E+00,-0.05E+00,+0.05E+00,-0.05E+00,-2.98E+00,+18.69E+00,-16.10E+00,+0.404E+00
2,12/2/2026,10:41:05.639,-0.09E+00,-0.05E+00,+0.00E+00,+0.00E+00,-2.72E+00,+18.02E+00,-15.70E+00,+0.320E+00
2,12/2/2026,10:41:05.639,-0.09E+00,-0.05E+00,+0.00E+00,+0.00E+00,-2.44E+00,+17.35E+00,-15.31E+00,+0.244E+00
2,12/2/2026,10:41:05.639,-0.09E+00,-0.05E+00,+0.05E+00,+0.00E+00,-2.15E+00,+16.68E+00,-14.89E+00,+0.168E+00
2,12/2/2026,10:41:05.639,-0.09E+00,-0.05E+00,+0.05E+00,-0.05E+00,-1.88E+00,+15.98E+00,-14.50E+00,+0.084E+00
2,12/2/2026,10:41:05.639,-0.09E+00,-0.05E+00,+0.05E+00,+0.00E+00,-1.59E+00,+15.29E+00,-14.09E+00,+0.000E+00
2,12/2/2026,10:41:05.639,-0.09E+00,-0.05E+00,+0.05E+00,+0.00E+00,-1.30E+00,+14.60E+00,-13.67E+00,-0.076E+00
2,12/2/2026,10:41:05.639,-0.09E+00,-0.05E+00,+0.05E+00,-0.05E+00,-1.02E+00,+13.90E+00,-13.26E+00,-0.160E+00
2,12/2/2026,10:41:05.639,-0.09E+00,-0.05E+00,+0.05E+00,-0.05E+00,-0.75E+00,+13.20E+00,-12.83E+00,-0.244E+00
2,12/2/2026,10:41:05.639,-0.09E+00,-0.05E+00,+0.05E+00,-0.05E+00,-0.47E+00,+12.50E+00,-12.41E+00,-0.328E+00
2,12/2/2026,10:41:05.639,-0.09E+00,-0.05E+00,+0.05E+00,+0.00E+00,-0.20E+00,+11.80E+00,-11.96E+00,-0.412E+00
2,12/2/2026,10:41:05.639,-0.09E+00,-0.05E+00,+0.05E+00,+0.00E+00,+0.08E+00,+11.06E+00,-11.54E+00,-0.496E+00
2,12/2/2026,10:41:05.639,-0.09E+00,-0.05E+00,+0.00E+00,+0.00E+00,+0.35E+00,+10.35E+00,-11.09E+00,-0.588E+00
2,12/2/2026,10:41:05.639,-0.09E+00,-0.05E+00,+0.05E+00,+0.00E+00,+0.63E+00,+9.64E+00,-10.65E+00,-0.671E+00
2,12/2/2026,10:41:05.639,-0.09E+00,-0.05E+00,+0.05E+00,+0.00E+00,+0.90E+00,+8.93E+00,-10.19E+00,-0.755E+00
2,12/2/2026,10:41:05.639,-0.09E+00,-0.05E+00,+0.05E+00,-0.05E+00,+1.18E+00,+8.19E+00,-9.75E+00,-0.839E+00
2,12/2/2026,10:41:05.639,-0.09E+00,-0.05E+00,+0.05E+00,-0.05E+00,+1.45E+00,+7.48E+00,-9.29E+00,-0.916E+00
2,12/2/2026,10:41:05.640,-0.09E+00,-0.05E+00,+0.05E+00,+0.00E+00,+1.72E+00,+6.76E+00,-8.85E+00,-1.000E+00
2,12/2/2026,10:41:05.640,-0.09E+00,-0.05E+00,+0.05E+00,+0.00E+00,+1.98E+00,+6.03E+00,-8.39E+00,-1.083E+00
2,12/2/2026,10:41:05.640,-0.09E+00,-0.05E+00,+0.00E+00,+0.00E+00,+2.26E+00,+5.31E+00,-7.95E+00,-1.160E+00
2,12/2/2026,10:41:05.640,-0.09E+00,-0.05E+00,+0.05E+00,-0.05E+00,+2.52E+00,+4.58E+00,-7.49E+00,-1.236E+00
2,12/2/2026,10:41:05.640,-0.09E+00,-0.05E+00,+0.05E+00,+0.00E+00,+2.79E+00,+3.86E+00,-7.02E+00,-1.320E+00
2,12/2/2026,10:41:05.640,-0.09E+00,-0.05E+00,+0.05E+00,+0.00E+00,+3.05E+00,+3.14E+00,-6.56E+00,-1.396E+00
2,12/2/2026,10:41:05.640,-0.09E+00,-0.05E+00,+0.05E+00,+0.00E+00,+3.31E+00,+2.41E+00,-6.09E+00,-1.480E+00
2,12/2/2026,10:41:05.640,-0.09E+00,-0.05E+00,+0.05E+00,-0.05E+00,+3.57E+00,+1.69E+00,-5.63E+00,-1.564E+00
2,12/2/2026,10:41:05.640,-0.09E+00,-0.05E+00,+0.05E+00,+0.00E+00,+3.82E+00,+0.96E+00,-5.16E+00,-1.640E+00
2,12/2/2026,10:41:05.640,-0.09E+00,-0.05E+00,+0.05E+00,+0.00E+00,+4.07E+00,+0.24E+00,-4.68E+00,-1.724E+00
2,12/2/2026,10:41:05.640,-0.09E+00,-0.05E+00,+0.05E+00,-0.05E+00,+4.32E+00,-0.49E+00,-4.21E+00,-1.808E+00
2,12/2/2026,10:41:05.640,-0.09E+00,-0.05E+00,+0.05E+00,+0.00E+00,+4.56E+00,-1.21E+00,-3.74E+00,-1.885E+00
2,12/2/2026,10:41:05.640,-0.09E+00,-0.05E+00,+0.00E+00,+0.00E+00,+4.81E+00,-1.92E+00,-3.27E+00,-1.961E+00
2,12/2/2026,10:41:05.640,-0.09E+00,-0.05E+00,+0.05E+00,-0.05E+00,+5.07E+00,-2.64E+00,-2.79E+00,-2.037E+00
2,12/2/2026,10:41:05.640,-0.09E+00,-0.05E+00,+0.05E+00,-0.05E+00,+5.30E+00,-3.36E+00,-2.32E+00,-2.121E+00
2,12/2/2026,10:41:05.640,-0.09E+00,-0.05E+00,+0.05E+00,+0.00E+00,+5.54E+00,-4.07E+00,-1.85E+00,-2.197E+00
2,12/2/2026,10:41:05.640,-0.09E+00,-0.05E+00,+0.05E+00,+0.00E+00,+5.77E+00,-4.78E+00,-1.37E+00,-2.274E+00
2,12/2/2026,10:41:05.640,-0.09E+00,-0.05E+00,+0.05E+00,+0.00E+00,+6.01E+00,-5.49E+00,-0.90E+00,-2.350E+00
2,12/2/2026,10:41:05.640,-0.09E+00,-0.05E+00,+0.05E+00,+0.00E+00,+6.26E+00,-6.20E+00,-0.43E+00,-2.419E+00
2,12/2/2026,10:41:05.640,-0.09E+00,-0.05E+00,+0.05E+00,+0.00E+00,+6.49E+00,-6.90E+00,+0.05E+00,-2.503E+00
2,12/2/2026,10:41:05.641,-0.09E+00,-0.05E+00,+0.05E+00,+0.00E+00,+6.70E+00,-7.61E+00,+0.52E+00,-2.579E+00
2,12/2/2026,10:41:05.641,-0.09E+00,-0.05E+00,+0.05E+00,-0.05E+00,+6.93E+00,-8.32E+00,+0.99E+00,-2.655E+00
2,12/2/2026,10:41:05.641,-0.09E+00,-0.05E+00,+0.05E+00,+0.00E+00,+7.16E+00,-9.02E+00,+1.48E+00,-2.724E+00
2,12/2/2026,10:41:05.641,-0.09E+00,-0.05E+00,+0.05E+00,+0.00E+00,+7.39E+00,-9.72E+00,+1.95E+00,-2.800E+00
2,12/2/2026,10:41:05.641,-0.14E+00,-0.05E+00,+0.05E+00,-0.05E+00,+7.61E+00,-10.41E+00,+2.41E+00,-2.877E+00
2,12/2/2026,10:41:05.641,-0.09E+00,-0.05E+00,+0.05E+00,-0.05E+00,+7.83E+00,-11.09E+00,+2.88E+00,-2.945E+00
2,12/2/2026,10:41:05.641,-0.09E+00,-0.05E+00,+0.00E+00,+0.00E+00,+8.04E+00,-11.78E+00,+3.36E+00,-3.014E+00
2,12/2/2026,10:41:05.641,-0.09E+00,-0.05E+00,+0.05E+00,+0.00E+00,+8.27E+00,-12.48E+00,+3.82E+00,-3.090E+00
2,12/2/2026,10:41:05.641,-0.09E+00,-0.05E+00,+0.05E+00,+0.00E+00,+8.48E+00,-13.17E+00,+4.29E+00,-3.159E+00
2,12/2/2026,10:41:05.641,-0.09E+00,-0.05E+00,+0.05E+00,-0.05E+00,+8.71E+00,-13.84E+00,+4.76E+00,-3.228E+00
2,12/2/2026,10:41:05.641,-0.09E+00,-0.05E+00,+0.00E+00,-0.05E+00,+8.91E+00,-14.51E+00,+5.22E+00,-3.296E+00
2,12/2/2026,10:41:05.641,-0.09E+00,-0.05E+00,+0.05E+00,+0.00E+00,+9.13E+00,-15.20E+00,+5.68E+00,-3.365E+00
2,12/2/2026,10:41:05.641,-0.09E+00,-0.05E+00,+0.05E+00,+0.00E+00,+9.34E+00,-15.87E+00,+6.13E+00,-3.434E+00
2,12/2/2026,10:41:05.641,-0.09E+00,-0.05E+00,+0.05E+00,+0.00E+00,+9.55E+00,-16.54E+00,+6.61E+00,-3.495E+00
2,12/2/2026,10:41:05.641,-0.09E+00,-0.05E+00,+0.05E+00,+0.00E+00,+9.77E+00,-17.20E+00,+7.05E+00,-3.563E+00
2,12/2/2026,10:41:05.641,-0.14E+00,-0.05E+00,+0.05E+00,+0.00E+00,+9.96E+00,-17.85E+00,+7.51E+00,-3.624E+00
2,12/2/2026,10:41:05.641,-0.09E+00,-0.05E+00,+0.05E+00,+0.00E+00,+10.18E+00,-18.51E+00,+7.97E+00,-3.685E+00
2,12/2/2026,10:41:05.641,-0.09E+00,-0.05E+00,+0.05E+00,+0.00E+00,+10.38E+00,-19.17E+00,+8.42E+00,-3.754E+00
2,12/2/2026,10:41:05.641,-0.09E+00,-0.05E+00,+0.05E+00,+0.00E+00,+10.58E+00,-19.82E+00,+8.87E+00,-3.815E+00
2,12/2/2026,10:41:05.641,-0.09E+00,-0.05E+00,+0.05E+00,+0.00E+00,+10.77E+00,-20.46E+00,+9.31E+00,-3.876E+00
2,12/2/2026,10:41:05.642,-0.09E+00,-0.05E+00,+0.05E+00,+0.00E+00,+10.97E+00,-21.10E+00,+9.75E+00,-3.929E+00
2,12/2/2026,10:41:05.642,-0.09E+00,-0.05E+00,+0.00E+00,+0.00E+00,+11.17E+00,-21.75E+00,+10.19E+00,-3.991E+00
2,12/2/2026,10:41:05.642,-0.09E+00,-0.05E+00,+0.05E+00,+0.00E+00,+11.37E+00,-22.37E+00,+10.62E+00,-4.044E+00
2,12/2/2026,10:41:05.642,-0.09E+00,-0.05E+00,+0.05E+00,+0.00E+00,+11.55E+00,-23.00E+00,+11.05E+00,-4.097E+00
2,12/2/2026,10:41:05.642,-0.09E+00,-0.05E+00,+0.05E+00,-0.05E+00,+11.75E+00,-23.62E+00,+11.48E+00,-4.151E+00
2,12/2/2026,10:41:05.642,-0.09E+00,-0.05E+00,+0.05E+00,-0.05E+00,+11.95E+00,-24.23E+00,+11.90E+00,-4.204E+00
2,12/2/2026,10:41:05.642,-0.09E+00,-0.05E+00,+0.05E+00,-0.05E+00,+12.13E+00,-24.86E+00,+12.33E+00,-4.258E+00
2,12/2/2026,10:41:05.642,-0.09E+00,-0.05E+00,+0.05E+00,+0.00E+00,+12.31E+00,-25.45E+00,+12.76E+00,-4.311E+00
2,12/2/2026,10:41:05.642,-0.09E+00,-0.05E+00,+0.05E+00,-0.05E+00,+12.51E+00,-26.06E+00,+13.18E+00,-4.364E+00
2,12/2/2026,10:41:05.642,-0.09E+00,-0.05E+00,+0.05E+00,-0.05E+00,+12.68E+00,-26.66E+00,+13.60E+00,-4.418E+00
2,12/2/2026,10:41:05.642,-0.09E+00,-0.05E+00,+0.05E+00,+0.00E+00,+12.86E+00,-27.25E+00,+14.01E+00,-4.471E+00
2,12/2/2026,10:41:05.642,-0.09E+00,-0.05E+00,+0.05E+00,+0.00E+00,+13.03E+00,-27.85E+00,+14.44E+00,-4.517E+00
2,12/2/2026,10:41:05.642,-0.09E+00,-0.05E+00,+0.05E+00,+0.00E+00,+13.22E+00,-28.43E+00,+14.83E+00,-4.570E+00
2,12/2/2026,10:41:05.642,-0.09E+00,-0.05E+00,+0.05E+00,+0.00E+00,+13.38E+00,-29.02E+00,+15.24E+00,-4.624E+00
2,12/2/2026,10:41:05.642,-0.09E+00,-0.05E+00,+0.05E+00,+0.00E+00,+13.55E+00,-29.59E+00,+15.64E+00,-4.670E+00
2,12/2/2026,10:41:05.642,-0.09E+00,-0.05E+00,+0.05E+00,+0.00E+00,+13.72E+00,-30.15E+00,+16.05E+00,-4.715E+00
2,12/2/2026,10:41:05.642,-0.09E+00,-0.05E+00,+0.05E+00,+0.00E+00,+13.89E+00,-30.73E+00,+16.47E+00,-4.769E+00
2,12/2/2026,10:41:05.642,-0.09E+00,-0.05E+00,+0.05E+00,+0.00E+00,+14.04E+00,-31.31E+00,+16.85E+00,-4.815E+00
2,12/2/2026,10:41:05.642,-0.09E+00,-0.05E+00,+0.05E+00,+0.00E+00,+14.21E+00,-31.86E+00,+17.24E+00,-4.860E+00
2,12/2/2026,10:41:05.642,-0.09E+00,-0.05E+00,+0.05E+00,-0.05E+00,+14.36E+00,-32.40E+00,+17.64E+00,-4.906E+00
2,12/2/2026,10:41:05.643,-0.09E+00,-0.05E+00,+0.05E+00,+0.00E+00,+14.50E+00,-32.95E+00,+18.04E+00,-4.952E+00
2,12/2/2026,10:41:05.643,-0.09E+00,-0.05E+00,+0.05E+00,+0.00E+00,+14.63E+00,-33.47E+00,+18.42E+00,-4.990E+00
2,12/2/2026,10:41:05.643,-0.09E+00,-0.05E+00,+0.05E+00,-0.05E+00,+14.77E+00,-33.97E+00,+18.80E+00,-5.028E+00
2,12/2/2026,10:41:05.643,-0.09E+00,-0.05E+00,+0.05E+00,+0.00E+00,+14.91E+00,-34.47E+00,+19.18E+00,-5.066E+00
2,12/2/2026,10:41:05.643,-0.09E+00,-0.05E+00,+0.05E+00,+0.00E+00,+15.03E+00,-34.98E+00,+19.53E+00,-5.097E+00
2,12/2/2026,10:41:05.643,-0.09E+00,-0.05E+00,+0.05E+00,+0.00E+00,+15.15E+00,-35.46E+00,+19.90E+00,-5.127E+00
2,12/2/2026,10:41:05.643,-0.09E+00,-0.05E+00,+0.05E+00,+0.00E+00,+15.28E+00,-35.94E+00,+20.25E+00,-5.150E+00
2,12/2/2026,10:41:05.643,-0.09E+00,-0.05E+00,+0.05E+00,-0.05E+00,+15.40E+00,-36.41E+00,+20.59E+00,-5.173E+00
2,12/2/2026,10:41:05.643,-0.14E+00,-0.05E+00,+0.05E+00,+0.00E+00,+15.50E+00,-36.85E+00,+20.94E+00,-5.196E+00
2,12/2/2026,10:41:05.643,-0.09E+00,-0.05E+00,+0.05E+00,+0.00E+00,+15.61E+00,-37.31E+00,+21.27E+00,-5.219E+00
2,12/2/2026,10:41:05.643,-0.09E+00,-0.05E+00,+0.05E+00,-0.05E+00,+15.73E+00,-37.74E+00,+21.61E+00,-5.242E+00
2,12/2/2026,10:41:05.643,-0.09E+00,-0.05E+00,+0.05E+00,-0.05E+00,+15.82E+00,-38.17E+00,+21.94E+00,-5.257E+00
2,12/2/2026,10:41:05.643,-0.09E+00,-0.05E+00,+0.05E+00,-0.05E+00,+15.92E+00,-38.58E+00,+22.26E+00,-5.272E+00
2,12/2/2026,10:41:05.643,-0.09E+00,-0.05E+00,+0.05E+00,-0.05E+00,+16.01E+00,-38.97E+00,+22.57E+00,-5.288E+00
2,12/2/2026,10:41:05.643,-0.09E+00,-0.05E+00,+0.05E+00,-0.05E+00,+16.08E+00,-39.36E+00,+22.88E+00,-5.303E+00
2,12/2/2026,10:41:05.643,-0.09E+00,-0.05E+00,+0.00E+00,+0.00E+00,+16.16E+00,-39.74E+00,+23.18E+00,-5.311E+00
2,12/2/2026,10:41:05.643,-0.09E+00,-0.05E+00,+0.05E+00,+0.00E+00,+16.24E+00,-40.10E+00,+23.47E+00,-5.326E+00
2,12/2/2026,10:41:05.643,-0.09E+00,-0.05E+00,+0.05E+00,+0.00E+00,+16.30E+00,-40.47E+00,+23.78E+00,-5.333E+00
2,12/2/2026,10:41:05.643,-0.09E+00,-0.05E+00,+0.05E+00,-0.05E+00,+16.36E+00,-40.82E+00,+24.05E+00,-5.341E+00
2,12/2/2026,10:41:05.643,-0.09E+00,-0.05E+00,+0.05E+00,+0.00E+00,+16.42E+00,-41.16E+00,+24.32E+00,-5.356E+00
2,12/2/2026,10:41:05.644,-0.09E+00,-0.05E+00,+0.05E+00,+0.00E+00,+16.47E+00,-41.49E+00,+24.60E+00,-5.364E+00
2,12/2/2026,10:41:05.644,-0.09E+00,-0.05E+00,+0.05E+00,+0.00E+00,+16.53E+00,-41.80E+00,+24.87E+00,-5.379E+00
2,12/2/2026,10:41:05.644,-0.09E+00,-0.05E+00,+0.05E+00,+0.00E+00,+16.57E+00,-42.10E+00,+25.13E+00,-5.387E+00
2,12/2/2026,10:41:05.644,-0.09E+00,+0.00E+00,+0.05E+00,-0.05E+00,+16.60E+00,-42.41E+00,+25.39E+00,-5.387E+00
2,12/2/2026,10:41:05.644,-0.09E+00,-0.05E+00,+0.05E+00,-0.05E+00,+16.63E+00,-42.68E+00,+25.64E+00,-5.387E+00
2,12/2/2026,10:41:05.644,-0.09E+00,-0.05E+00,+0.05E+00,-0.05E+00,+16.66E+00,-42.94E+00,+25.88E+00,-5.387E+00
2,12/2/2026,10:41:05.644,-0.09E+00,-0.05E+00,+0.05E+00,+0.00E+00,+16.69E+00,-43.20E+00,+26.11E+00,-5.394E+00
2,12/2/2026,10:41:05.644,-0.09E+00,-0.05E+00,+0.05E+00,+0.00E+00,+16.71E+00,-43.45E+00,+26.34E+00,-5.387E+00
2,12/2/2026,10:41:05.644,-0.09E+00,-0.05E+00,+0.05E+00,+0.00E+00,+16.71E+00,-43.67E+00,+26.57E+00,-5.387E+00
2,12/2/2026,10:41:05.644,-0.09E+00,-0.05E+00,+0.05E+00,-0.05E+00,+16.73E+00,-43.90E+00,+26.77E+00,-5.387E+00
2,12/2/2026,10:41:05.644,-0.09E+00,-0.05E+00,+0.05E+00,-0.05E+00,+16.74E+00,-44.12E+00,+26.98E+00,-5.379E+00
2,12/2/2026,10:41:05.644,-0.09E+00,-0.05E+00,+0.05E+00,+0.00E+00,+16.74E+00,-44.32E+00,+27.18E+00,-5.379E+00
2,12/2/2026,10:41:05.644,-0.09E+00,-0.05E+00,+0.05E+00,+0.00E+00,+16.74E+00,-44.51E+00,+27.36E+00,-5.372E+00
2,12/2/2026,10:41:05.644,-0.09E+00,-0.05E+00,+0.05E+00,+0.00E+00,+16.74E+00,-44.70E+00,+27.54E+00,-5.356E+00
2,12/2/2026,10:41:05.644,-0.09E+00,-0.05E+00,+0.05E+00,-0.05E+00,+16.74E+00,-44.86E+00,+27.71E+00,-5.349E+00
2,12/2/2026,10:41:05.644,-0.09E+00,-0.05E+00,+0.05E+00,-0.05E+00,+16.73E+00,-45.02E+00,+27.88E+00,-5.341E+00
2,12/2/2026,10:41:05.644,-0.09E+00,-0.05E+00,+0.05E+00,-0.05E+00,+16.71E+00,-45.17E+00,+28.05E+00,-5.326E+00
2,12/2/2026,10:41:05.644,-0.09E+00,-0.05E+00,+0.05E+00,+0.00E+00,+16.69E+00,-45.31E+00,+28.22E+00,-5.318E+00
2,12/2/2026,10:41:05.644,-0.09E+00,-0.05E+00,+0.05E+00,+0.00E+00,+16.66E+00,-45.43E+00,+28.35E+00,-5.303E+00
2,12/2/2026,10:41:05.644,-0.09E+00,-0.05E+00,+0.05E+00,-0.05E+00,+16.63E+00,-45.55E+00,+28.49E+00,-5.288E+00
2,12/2/2026,10:41:05.645,-0.09E+00,-0.05E+00,+0.05E+00,-0.05E+00,+16.62E+00,-45.64E+00,+28.63E+00,-5.272E+00
2,12/2/2026,10:41:05.645,-0.09E+00,-0.05E+00,+0.05E+00,+0.00E+00,+16.59E+00,-45.73E+00,+28.77E+00,-5.257E+00
2,12/2/2026,10:41:05.645,-0.09E+00,-0.05E+00,+0.05E+00,+0.00E+00,+16.54E+00,-45.81E+00,+28.89E+00,-5.242E+00
2,12/2/2026,10:41:05.645,-0.09E+00,-0.05E+00,+0.05E+00,+0.00E+00,+16.50E+00,-45.89E+00,+28.99E+00,-5.219E+00
2,12/2/2026,10:41:05.645,-0.09E+00,-0.05E+00,+0.05E+00,-0.05E+00,+16.45E+00,-45.95E+00,+29.09E+00,-5.196E+00
2,12/2/2026,10:41:05.645,-0.14E+00,-0.05E+00,+0.05E+00,+0.00E+00,+16.39E+00,-45.99E+00,+29.19E+00,-5.173E+00
2,12/2/2026,10:41:05.645,-0.09E+00,-0.05E+00,+0.05E+00,-0.05E+00,+16.34E+00,-46.02E+00,+29.28E+00,-5.150E+00
2,12/2/2026,10:41:05.645,-0.09E+00,-0.05E+00,+0.05E+00,-0.05E+00,+16.28E+00,-46.04E+00,+29.36E+00,-5.127E+00
2,12/2/2026,10:41:05.645,-0.09E+00,-0.05E+00,+0.05E+00,+0.00E+00,+16.22E+00,-46.06E+00,+29.44E+00,-5.105E+00
2,12/2/2026,10:41:05.645,-0.09E+00,-0.05E+00,+0.05E+00,-0.05E+00,+16.16E+00,-46.07E+00,+29.51E+00,-5.082E+00
2,12/2/2026,10:41:05.645,-0.09E+00,-0.05E+00,+0.05E+00,-0.05E+00,+16.08E+00,-46.07E+00,+29.57E+00,-5.066E+00
2,12/2/2026,10:41:05.645,-0.09E+00,-0.05E+00,+0.05E+00,+0.00E+00,+16.02E+00,-46.07E+00,+29.64E+00,-5.036E+00
2,12/2/2026,10:41:05.645,-0.09E+00,-0.05E+00,+0.05E+00,-0.05E+00,+15.95E+00,-46.06E+00,+29.70E+00,-5.013E+00
2,12/2/2026,10:41:05.645,-0.09E+00,-0.05E+00,+0.05E+00,-0.05E+00,+15.86E+00,-46.01E+00,+29.76E+00,-4.990E+00
2,12/2/2026,10:41:05.645,-0.09E+00,-0.05E+00,+0.05E+00,+0.00E+00,+15.76E+00,-45.96E+00,+29.79E+00,-4.967E+00
2,12/2/2026,10:41:05.645,-0.09E+00,-0.05E+00,+0.05E+00,+0.00E+00,+15.69E+00,-45.92E+00,+29.83E+00,-4.937E+00
2,12/2/2026,10:41:05.645,-0.09E+00,-0.05E+00,+0.05E+00,+0.00E+00,+15.58E+00,-45.84E+00,+29.86E+00,-4.914E+00
2,12/2/2026,10:41:05.645,-0.09E+00,-0.05E+00,+0.05E+00,-0.05E+00,+15.47E+00,-45.77E+00,+29.89E+00,-4.891E+00
2,12/2/2026,10:41:05.645,-0.09E+00,-0.05E+00,+0.00E+00,+0.00E+00,+15.38E+00,-45.69E+00,+29.91E+00,-4.868E+00
2,12/2/2026,10:41:05.645,-0.09E+00,-0.05E+00,+0.05E+00,+0.00E+00,+15.28E+00,-45.60E+00,+29.93E+00,-4.837E+00
2,12/2/2026,10:41:05.646,-0.09E+00,-0.05E+00,+0.05E+00,-0.05E+00,+15.17E+00,-45.49E+00,+29.94E+00,-4.807E+00
2,12/2/2026,10:41:05.646,-0.09E+00,-0.05E+00,+0.05E+00,-0.05E+00,+15.05E+00,-45.37E+00,+29.93E+00,-4.776E+00
2,12/2/2026,10:41:05.646,-0.09E+00,-0.05E+00,+0.05E+00,+0.00E+00,+14.92E+00,-45.25E+00,+29.93E+00,-4.746E+00
2,12/2/2026,10:41:05.646,-0.09E+00,-0.05E+00,+0.05E+00,+0.00E+00,+14.80E+00,-45.11E+00,+29.91E+00,-4.708E+00
2,12/2/2026,10:41:05.646,-0.09E+00,-0.05E+00,+0.05E+00,-0.05E+00,+14.67E+00,-44.96E+00,+29.89E+00,-4.677E+00
2,12/2/2026,10:41:05.646,-0.09E+00,-0.05E+00,+0.05E+00,-0.05E+00,+14.53E+00,-44.79E+00,+29.86E+00,-4.647E+00
2,12/2/2026,10:41:05.646,-0.09E+00,-0.05E+00,+0.05E+00,-0.05E+00,+14.39E+00,-44.62E+00,+29.83E+00,-4.609E+00
2,12/2/2026,10:41:05.646,-0.09E+00,-0.05E+00,+0.05E+00,-0.05E+00,+14.25E+00,-44.44E+00,+29.79E+00,-4.570E+00
2,12/2/2026,10:41:05.646,-0.09E+00,-0.05E+00,+0.05E+00,+0.00E+00,+14.10E+00,-44.25E+00,+29.76E+00,-4.540E+00
2,12/2/2026,10:41:05.646,-0.09E+00,-0.05E+00,+0.05E+00,+0.00E+00,+13.96E+00,-44.06E+00,+29.70E+00,-4.502E+00
2,12/2/2026,10:41:05.646,-0.09E+00,-0.05E+00,+0.05E+00,+0.00E+00,+13.81E+00,-43.84E+00,+29.64E+00,-4.456E+00
2,12/2/2026,10:41:05.646,-0.09E+00,-0.05E+00,+0.05E+00,+0.00E+00,+13.66E+00,-43.61E+00,+29.54E+00,-4.410E+00
2,12/2/2026,10:41:05.646,-0.14E+00,-0.05E+00,+0.05E+00,+0.00E+00,+13.51E+00,-43.38E+00,+29.47E+00,-4.357E+00
2,12/2/2026,10:41:05.646,-0.09E+00,-0.05E+00,+0.05E+00,-0.05E+00,+13.35E+00,-43.13E+00,+29.38E+00,-4.303E+00
2,12/2/2026,10:41:05.646,-0.05E+00,-0.05E+00,+0.05E+00,-0.05E+00,+13.22E+00,-42.85E+00,+29.25E+00,-4.242E+00
2,12/2/2026,10:41:05.646,-0.09E+00,-0.05E+00,+0.05E+00,-0.05E+00,+13.05E+00,-42.59E+00,+29.13E+00,-4.181E+00
2,12/2/2026,10:41:05.646,-0.09E+00,-0.05E+00,+0.05E+00,-0.05E+00,+12.89E+00,-42.29E+00,+28.99E+00,-4.113E+00
2,12/2/2026,10:41:05.646,-0.09E+00,-0.05E+00,+0.05E+00,+0.00E+00,+12.73E+00,-41.98E+00,+28.84E+00,-4.044E+00
2,12/2/2026,10:41:05.646,-0.09E+00,-0.05E+00,+0.05E+00,-0.05E+00,+12.56E+00,-41.68E+00,+28.69E+00,-3.983E+00
2,12/2/2026,10:41:05.646,-0.09E+00,-0.05E+00,+0.05E+00,-0.05E+00,+12.41E+00,-41.34E+00,+28.54E+00,-3.914E+00
2,12/2/2026,10:41:05.647,-0.09E+00,-0.05E+00,+0.05E+00,+0.00E+00,+12.24E+00,-41.02E+00,+28.38E+00,-3.853E+00
2,12/2/2026,10:41:05.647,-0.09E+00,-0.05E+00,+0.00E+00,+0.00E+00,+12.06E+00,-40.67E+00,+28.22E+00,-3.785E+00
2,12/2/2026,10:41:05.647,-0.09E+00,-0.05E+00,+0.05E+00,+0.00E+00,+11.89E+00,-40.32E+00,+28.05E+00,-3.716E+00
2,12/2/2026,10:41:05.647,-0.09E+00,-0.05E+00,+0.05E+00,+0.00E+00,+11.69E+00,-39.95E+00,+27.87E+00,-3.647E+00
2,12/2/2026,10:41:05.647,-0.09E+00,-0.05E+00,+0.05E+00,+0.00E+00,+11.51E+00,-39.58E+00,+27.67E+00,-3.579E+00
2,12/2/2026,10:41:05.647,-0.09E+00,-0.05E+00,+0.05E+00,+0.00E+00,+11.32E+00,-39.20E+00,+27.48E+00,-3.510E+00
2,12/2/2026,10:41:05.647,-0.09E+00,-0.05E+00,+0.05E+00,-0.05E+00,+11.14E+00,-38.81E+00,+27.29E+00,-3.441E+00
2,12/2/2026,10:41:05.647,-0.09E+00,-0.05E+00,+0.05E+00,-0.05E+00,+10.94E+00,-38.41E+00,+27.07E+00,-3.373E+00
2,12/2/2026,10:41:05.647,-0.09E+00,-0.05E+00,+0.05E+00,+0.00E+00,+10.76E+00,-38.00E+00,+26.86E+00,-3.304E+00
2,12/2/2026,10:41:05.647,-0.09E+00,-0.05E+00,+0.05E+00,+0.00E+00,+10.56E+00,-37.59E+00,+26.63E+00,-3.228E+00
2,12/2/2026,10:41:05.647,-0.09E+00,-0.05E+00,+0.05E+00,-0.05E+00,+10.36E+00,-37.16E+00,+26.40E+00,-3.151E+00
2,12/2/2026,10:41:05.647,-0.09E+00,-0.05E+00,+0.05E+00,+0.00E+00,+10.16E+00,-36.70E+00,+26.14E+00,-3.067E+00
2,12/2/2026,10:41:05.647,-0.09E+00,-0.05E+00,+0.05E+00,+0.00E+00,+9.96E+00,-36.26E+00,+25.88E+00,-2.991E+00
2,12/2/2026,10:41:05.647,-0.09E+00,-0.05E+00,+0.05E+00,-0.05E+00,+9.77E+00,-35.79E+00,+25.62E+00,-2.907E+00
2,12/2/2026,10:41:05.647,-0.09E+00,-0.05E+00,+0.05E+00,+0.00E+00,+9.55E+00,-35.31E+00,+25.36E+00,-2.816E+00
2,12/2/2026,10:41:05.647,-0.09E+00,-0.05E+00,+0.05E+00,+0.00E+00,+9.34E+00,-34.84E+00,+25.09E+00,-2.732E+00
2,12/2/2026,10:41:05.647,-0.09E+00,-0.05E+00,+0.05E+00,-0.05E+00,+9.13E+00,-34.34E+00,+24.81E+00,-2.655E+00
2,12/2/2026,10:41:05.647,-0.09E+00,-0.05E+00,+0.05E+00,+0.00E+00,+8.90E+00,-33.83E+00,+24.54E+00,-2.571E+00
2,12/2/2026,10:41:05.647,-0.09E+00,-0.05E+00,+0.05E+00,+0.00E+00,+8.68E+00,-33.33E+00,+24.25E+00,-2.487E+00
2,12/2/2026,10:41:05.647,-0.09E+00,-0.05E+00,+0.05E+00,-0.05E+00,+8.45E+00,-32.79E+00,+23.96E+00,-2.411E+00
2,12/2/2026,10:41:05.648,-0.09E+00,-0.05E+00,+0.05E+00,-0.05E+00,+8.21E+00,-32.26E+00,+23.65E+00,-2.327E+00
2,12/2/2026,10:41:05.648,-0.09E+00,-0.05E+00,+0.05E+00,+0.00E+00,+7.98E+00,-31.73E+00,+23.35E+00,-2.243E+00
2,12/2/2026,10:41:05.648,-0.09E+00,-0.05E+00,+0.05E+00,+0.00E+00,+7.75E+00,-31.19E+00,+23.06E+00,-2.159E+00
2,12/2/2026,10:41:05.648,-0.09E+00,-0.05E+00,+0.05E+00,+0.00E+00,+7.51E+00,-30.63E+00,+22.74E+00,-2.075E+00
2,12/2/2026,10:41:05.648,-0.09E+00,-0.05E+00,+0.05E+00,+0.00E+00,+7.28E+00,-30.05E+00,+22.42E+00,-1.991E+00
2,12/2/2026,10:41:05.648,-0.09E+00,-0.05E+00,+0.05E+00,+0.00E+00,+7.03E+00,-29.48E+00,+22.10E+00,-1.908E+00
2,12/2/2026,10:41:05.648,-0.09E+00,-0.05E+00,+0.05E+00,-0.05E+00,+6.79E+00,-28.92E+00,+21.75E+00,-1.831E+00
2,12/2/2026,10:41:05.648,-0.09E+00,-0.05E+00,+0.05E+00,-0.05E+00,+6.55E+00,-28.34E+00,+21.41E+00,-1.747E+00
2,12/2/2026,10:41:05.648,-0.09E+00,-0.05E+00,+0.05E+00,+0.00E+00,+6.29E+00,-27.74E+00,+21.07E+00,-1.663E+00
2,12/2/2026,10:41:05.648,-0.09E+00,-0.05E+00,+0.05E+00,+0.00E+00,+6.04E+00,-27.15E+00,+20.72E+00,-1.579E+00
2,12/2/2026,10:41:05.648,-0.09E+00,-0.05E+00,+0.05E+00,+0.00E+00,+5.80E+00,-26.55E+00,+20.37E+00,-1.495E+00
2,12/2/2026,10:41:05.648,-0.09E+00,-0.05E+00,+0.05E+00,+0.00E+00,+5.54E+00,-25.94E+00,+20.02E+00,-1.412E+00
2,12/2/2026,10:41:05.648,-0.09E+00,-0.05E+00,+0.00E+00,+0.00E+00,+5.28E+00,-25.33E+00,+19.67E+00,-1.328E+00
2,12/2/2026,10:41:05.648,-0.09E+00,-0.05E+00,+0.05E+00,+0.00E+00,+5.04E+00,-24.71E+00,+19.30E+00,-1.251E+00
2,12/2/2026,10:41:05.648,-0.14E+00,-0.05E+00,+0.05E+00,+0.00E+00,+4.78E+00,-24.08E+00,+18.94E+00,-1.167E+00
2,12/2/2026,10:41:05.648,-0.09E+00,-0.05E+00,+0.05E+00,-0.05E+00,+4.52E+00,-23.45E+00,+18.57E+00,-1.083E+00
2,12/2/2026,10:41:05.648,-0.09E+00,-0.05E+00,+0.05E+00,+0.00E+00,+4.26E+00,-22.83E+00,+18.19E+00,-1.007E+00
2,12/2/2026,10:41:05.648,-0.09E+00,-0.05E+00,+0.05E+00,+0.00E+00,+4.00E+00,-22.19E+00,+17.82E+00,-0.931E+00
2,12/2/2026,10:41:05.648,-0.09E+00,-0.05E+00,+0.05E+00,+0.00E+00,+3.72E+00,-21.55E+00,+17.46E+00,-0.855E+00
2,12/2/2026,10:41:05.648,-0.09E+00,-0.05E+00,+0.05E+00,+0.00E+00,+3.46E+00,-20.91E+00,+17.08E+00,-0.778E+00
2,12/2/2026,10:41:05.649,-0.09E+00,-0.05E+00,+0.05E+00,+0.00E+00,+3.19E+00,-20.25E+00,+16.69E+00,-0.694E+00
2,12/2/2026,10:41:05.649,-0.09E+00,-0.05E+00,+0.05E+00,+0.00E+00,+2.91E+00,-19.59E+00,+16.31E+00,-0.618E+00
2,12/2/2026,10:41:05.649,-0.09E+00,-0.05E+00,+0.05E+00,+0.00E+00,+2.64E+00,-18.94E+00,+15.92E+00,-0.534E+00
2,12/2/2026,10:41:05.649,-0.09E+00,-0.05E+00,+0.05E+00,-0.05E+00,+2.37E+00,-18.27E+00,+15.52E+00,-0.458E+00
2,12/2/2026,10:41:05.649,-0.14E+00,-0.05E+00,+0.05E+00,+0.00E+00,+2.09E+00,-17.58E+00,+15.12E+00,-0.374E+00
2,12/2/2026,10:41:05.649,-0.09E+00,-0.05E+00,+0.05E+00,-0.05E+00,+1.82E+00,-16.91E+00,+14.73E+00,-0.298E+00
2,12/2/2026,10:41:05.649,-0.09E+00,-0.05E+00,+0.05E+00,-0.05E+00,+1.53E+00,-16.24E+00,+14.33E+00,-0.214E+00
2,12/2/2026,10:41:05.649,-0.09E+00,-0.05E+00,+0.05E+00,+0.00E+00,+1.25E+00,-15.53E+00,+13.92E+00,-0.137E+00
2,12/2/2026,10:41:05.649,-0.09E+00,-0.05E+00,+0.05E+00,+0.00E+00,+0.96E+00,-14.85E+00,+13.51E+00,-0.053E+00
2,12/2/2026,10:41:05.649,-0.09E+00,-0.05E+00,+0.05E+00,+0.00E+00,+0.69E+00,-14.16E+00,+13.09E+00,+0.023E+00
2,12/2/2026,10:41:05.649,-0.09E+00,-0.05E+00,+0.05E+00,-0.05E+00,+0.41E+00,-13.44E+00,+12.67E+00,+0.107E+00
2,12/2/2026,10:41:05.649,-0.09E+00,-0.05E+00,+0.05E+00,-0.05E+00,+0.12E+00,-12.74E+00,+12.24E+00,+0.191E+00
2,12/2/2026,10:41:05.649,-0.09E+00,-0.05E+00,+0.05E+00,+0.00E+00,-0.17E+00,-12.04E+00,+11.81E+00,+0.275E+00
2,12/2/2026,10:41:05.649,-0.09E+00,-0.05E+00,+0.05E+00,+0.00E+00,-0.43E+00,-11.32E+00,+11.37E+00,+0.359E+00
2,12/2/2026,10:41:05.649,-0.09E+00,-0.05E+00,+0.05E+00,-0.05E+00,-0.70E+00,-10.61E+00,+10.93E+00,+0.443E+00
2,12/2/2026,10:41:05.649,-0.09E+00,-0.05E+00,+0.05E+00,-0.05E+00,-0.99E+00,-9.89E+00,+10.50E+00,+0.534E+00
2,12/2/2026,10:41:05.649,-0.09E+00,-0.05E+00,+0.05E+00,-0.05E+00,-1.25E+00,-9.16E+00,+10.06E+00,+0.618E+00
2,12/2/2026,10:41:05.649,-0.09E+00,-0.05E+00,+0.05E+00,+0.00E+00,-1.53E+00,-8.44E+00,+9.60E+00,+0.702E+00
2,12/2/2026,10:41:05.649,-0.09E+00,-0.05E+00,+0.05E+00,+0.00E+00,-1.80E+00,-7.72E+00,+9.14E+00,+0.786E+00
2,12/2/2026,10:41:05.649,-0.09E+00,-0.05E+00,+0.05E+00,-0.05E+00,-2.08E+00,-7.00E+00,+8.70E+00,+0.870E+00
2,12/2/2026,10:41:05.650,-0.09E+00,-0.05E+00,+0.05E+00,-0.05E+00,-2.35E+00,-6.29E+00,+8.24E+00,+0.946E+00
2,12/2/2026,10:41:05.650,-0.09E+00,-0.05E+00,+0.05E+00,+0.00E+00,-2.62E+00,-5.55E+00,+7.78E+00,+1.030E+00
2,12/2/2026,10:41:05.650,-0.09E+00,-0.05E+00,+0.05E+00,+0.00E+00,-2.88E+00,-4.82E+00,+7.34E+00,+1.106E+00
2,12/2/2026,10:41:05.650,-0.09E+00,-0.05E+00,+0.05E+00,+0.00E+00,-3.14E+00,-4.10E+00,+6.88E+00,+1.190E+00
2,12/2/2026,10:41:05.650,-0.09E+00,-0.05E+00,+0.05E+00,-0.05E+00,-3.42E+00,-3.37E+00,+6.42E+00,+1.267E+00
2,12/2/2026,10:41:05.650,-0.09E+00,-0.05E+00,+0.05E+00,+0.00E+00,-3.68E+00,-2.64E+00,+5.95E+00,+1.351E+00
2,12/2/2026,10:41:05.650,-0.09E+00,-0.05E+00,+0.05E+00,+0.00E+00,-3.94E+00,-1.92E+00,+5.48E+00,+1.434E+00
2,12/2/2026,10:41:05.650,-0.09E+00,-0.05E+00,+0.05E+00,+0.00E+00,-4.20E+00,-1.21E+00,+5.02E+00,+1.518E+00
2,12/2/2026,10:41:05.650,-0.09E+00,-0.05E+00,+0.05E+00,+0.00E+00,-4.46E+00,-0.47E+00,+4.55E+00,+1.595E+00
2,12/2/2026,10:41:05.650,-0.09E+00,-0.05E+00,+0.05E+00,+0.00E+00,-4.72E+00,+0.26E+00,+4.07E+00,+1.679E+00
2,12/2/2026,10:41:05.650,-0.09E+00,-0.05E+00,+0.05E+00,-0.05E+00,-4.96E+00,+0.98E+00,+3.60E+00,+1.755E+00
2,12/2/2026,10:41:05.650,-0.09E+00,-0.05E+00,+0.05E+00,+0.00E+00,-5.20E+00,+1.71E+00,+3.13E+00,+1.839E+00
2,12/2/2026,10:41:05.650,-0.09E+00,-0.05E+00,+0.05E+00,+0.00E+00,-5.45E+00,+2.43E+00,+2.64E+00,+1.915E+00
2,12/2/2026,10:41:05.650,-0.09E+00,+0.00E+00,+0.05E+00,+0.00E+00,-5.69E+00,+3.14E+00,+2.18E+00,+1.991E+00
2,12/2/2026,10:41:05.650,-0.09E+00,-0.05E+00,+0.05E+00,+0.00E+00,-5.94E+00,+3.86E+00,+1.71E+00,+2.075E+00
2,12/2/2026,10:41:05.650,-0.09E+00,-0.05E+00,+0.05E+00,-0.05E+00,-6.17E+00,+4.58E+00,+1.22E+00,+2.152E+00
2,12/2/2026,10:41:05.650,-0.09E+00,-0.05E+00,+0.05E+00,-0.05E+00,-6.41E+00,+5.30E+00,+0.75E+00,+2.228E+00
2,12/2/2026,10:41:05.650,-0.09E+00,-0.05E+00,+0.05E+00,-0.05E+00,-6.64E+00,+6.00E+00,+0.26E+00,+2.304E+00
2,12/2/2026,10:41:05.650,-0.09E+00,-0.05E+00,+0.05E+00,-0.05E+00,-6.88E+00,+6.70E+00,-0.21E+00,+2.381E+00
2,12/2/2026,10:41:05.650,-0.09E+00,-0.05E+00,+0.05E+00,-0.05E+00,-7.10E+00,+7.42E+00,-0.69E+00,+2.457E+00
2,12/2/2026,10:41:05.651,-0.09E+00,-0.05E+00,+0.05E+00,-0.05E+00,-7.34E+00,+8.12E+00,-1.16E+00,+2.533E+00
2,12/2/2026,10:41:05.651,-0.09E+00,-0.05E+00,+0.05E+00,-0.05E+00,-7.57E+00,+8.82E+00,-1.63E+00,+2.609E+00
2,12/2/2026,10:41:05.651,-0.09E+00,-0.05E+00,+0.05E+00,+0.00E+00,-7.78E+00,+9.54E+00,-2.11E+00,+2.686E+00
2,12/2/2026,10:41:05.651,-0.09E+00,-0.05E+00,+0.05E+00,+0.00E+00,-8.01E+00,+10.22E+00,-2.59E+00,+2.754E+00
2,12/2/2026,10:41:05.651,-0.09E+00,-0.05E+00,+0.05E+00,+0.00E+00,-8.24E+00,+10.93E+00,-3.07E+00,+2.831E+00
2,12/2/2026,10:41:05.651,-0.09E+00,-0.05E+00,+0.05E+00,+0.00E+00,-8.47E+00,+11.63E+00,-3.53E+00,+2.899E+00
2,12/2/2026,10:41:05.651,-0.09E+00,-0.05E+00,+0.05E+00,+0.00E+00,-8.68E+00,+12.31E+00,-4.00E+00,+2.976E+00
2,12/2/2026,10:41:05.651,-0.09E+00,-0.05E+00,+0.05E+00,+0.00E+00,-8.90E+00,+13.00E+00,-4.47E+00,+3.044E+00
2,12/2/2026,10:41:05.651,-0.09E+00,-0.05E+00,+0.05E+00,-0.05E+00,-9.13E+00,+13.69E+00,-4.94E+00,+3.113E+00
2,12/2/2026,10:41:05.651,-0.09E+00,-0.05E+00,+0.05E+00,+0.00E+00,-9.34E+00,+14.36E+00,-5.40E+00,+3.182E+00
2,12/2/2026,10:41:05.651,-0.09E+00,-0.05E+00,+0.05E+00,+0.00E+00,-9.55E+00,+15.05E+00,-5.88E+00,+3.258E+00
2,12/2/2026,10:41:05.651,-0.09E+00,-0.05E+00,+0.05E+00,+0.00E+00,-9.77E+00,+15.72E+00,-6.33E+00,+3.327E+00
2,12/2/2026,10:41:05.651,-0.09E+00,-0.05E+00,+0.05E+00,-0.05E+00,-9.98E+00,+16.39E+00,-6.79E+00,+3.388E+00
2,12/2/2026,10:41:05.651,-0.09E+00,-0.05E+00,+0.05E+00,-0.05E+00,-10.19E+00,+17.06E+00,-7.25E+00,+3.456E+00
2,12/2/2026,10:41:05.651,-0.09E+00,-0.05E+00,+0.05E+00,-0.05E+00,-10.39E+00,+17.73E+00,-7.71E+00,+3.517E+00
2,12/2/2026,10:41:05.651,-0.09E+00,-0.05E+00,+0.05E+00,-0.05E+00,-10.59E+00,+18.39E+00,-8.18E+00,+3.586E+00
2,12/2/2026,10:41:05.651,-0.09E+00,-0.05E+00,+0.05E+00,+0.00E+00,-10.80E+00,+19.04E+00,-8.62E+00,+3.647E+00
2,12/2/2026,10:41:05.651,-0.09E+00,-0.05E+00,+0.05E+00,+0.00E+00,-11.00E+00,+19.70E+00,-9.08E+00,+3.708E+00
2,12/2/2026,10:41:05.651,-0.09E+00,-0.05E+00,+0.00E+00,-0.05E+00,-11.20E+00,+20.36E+00,-9.52E+00,+3.769E+00
2,12/2/2026,10:41:05.651,-0.09E+00,-0.05E+00,+0.05E+00,+0.00E+00,-11.40E+00,+21.00E+00,-9.96E+00,+3.830E+00
2,12/2/2026,10:41:05.652,-0.09E+00,-0.05E+00,+0.05E+00,+0.00E+00,-11.61E+00,+21.64E+00,-10.41E+00,+3.891E+00
2,12/2/2026,10:41:05.652,-0.09E+00,-0.05E+00,+0.05E+00,+0.00E+00,-11.80E+00,+22.26E+00,-10.85E+00,+3.952E+00
2,12/2/2026,10:41:05.652,-0.09E+00,-0.05E+00,+0.05E+00,+0.00E+00,-11.99E+00,+22.91E+00,-11.29E+00,+4.006E+00
2,12/2/2026,10:41:05.652,-0.09E+00,-0.05E+00,+0.05E+00,-0.05E+00,-12.19E+00,+23.53E+00,-11.72E+00,+4.059E+00
2,12/2/2026,10:41:05.652,-0.09E+00,-0.05E+00,+0.05E+00,+0.00E+00,-12.41E+00,+24.14E+00,-12.15E+00,+4.113E+00
2,12/2/2026,10:41:05.652,-0.09E+00,-0.05E+00,+0.05E+00,+0.00E+00,-12.59E+00,+24.77E+00,-12.57E+00,+4.166E+00
2,12/2/2026,10:41:05.652,-0.09E+00,-0.05E+00,+0.05E+00,-0.05E+00,-12.77E+00,+25.39E+00,-13.00E+00,+4.219E+00
2,12/2/2026,10:41:05.652,-0.09E+00,-0.05E+00,+0.05E+00,-0.05E+00,-12.97E+00,+26.00E+00,-13.41E+00,+4.273E+00
2,12/2/2026,10:41:05.652,-0.09E+00,-0.05E+00,+0.05E+00,+0.00E+00,-13.15E+00,+26.60E+00,-13.84E+00,+4.326E+00
2,12/2/2026,10:41:05.652,-0.09E+00,-0.05E+00,+0.05E+00,+0.00E+00,-13.32E+00,+27.21E+00,-14.27E+00,+4.380E+00
2,12/2/2026,10:41:05.652,-0.09E+00,-0.05E+00,+0.05E+00,-0.05E+00,-13.51E+00,+27.80E+00,-14.68E+00,+4.425E+00
2,12/2/2026,10:41:05.652,-0.09E+00,-0.05E+00,+0.05E+00,-0.05E+00,-13.69E+00,+28.38E+00,-15.09E+00,+4.479E+00
2,12/2/2026,10:41:05.652,-0.09E+00,-0.05E+00,+0.00E+00,-0.05E+00,-13.86E+00,+28.98E+00,-15.50E+00,+4.532E+00
2,12/2/2026,10:41:05.652,-0.09E+00,-0.05E+00,+0.05E+00,-0.05E+00,-14.02E+00,+29.56E+00,-15.92E+00,+4.586E+00
2,12/2/2026,10:41:05.652,-0.09E+00,-0.05E+00,+0.05E+00,+0.00E+00,-14.19E+00,+30.14E+00,-16.31E+00,+4.631E+00
2,12/2/2026,10:41:05.652,-0.09E+00,-0.05E+00,+0.05E+00,-0.05E+00,-14.36E+00,+30.70E+00,-16.73E+00,+4.677E+00
2,12/2/2026,10:41:05.652,-0.09E+00,-0.05E+00,+0.05E+00,-0.05E+00,-14.53E+00,+31.28E+00,-17.12E+00,+4.723E+00
2,12/2/2026,10:41:05.652,-0.09E+00,-0.05E+00,+0.05E+00,+0.00E+00,-14.70E+00,+31.85E+00,-17.52E+00,+4.776E+00
2,12/2/2026,10:41:05.652,-0.09E+00,-0.05E+00,+0.05E+00,+0.00E+00,-14.85E+00,+32.40E+00,-17.92E+00,+4.822E+00
2,12/2/2026,10:41:05.652,-0.09E+00,-0.05E+00,+0.00E+00,-0.05E+00,-15.00E+00,+32.95E+00,-18.31E+00,+4.868E+00
2,12/2/2026,10:41:05.653,-0.09E+00,-0.05E+00,+0.05E+00,-0.05E+00,-15.14E+00,+33.48E+00,-18.71E+00,+4.906E+00
2,12/2/2026,10:41:05.653,-0.09E+00,-0.05E+00,+0.05E+00,-0.05E+00,-15.28E+00,+34.00E+00,-19.08E+00,+4.952E+00
2,12/2/2026,10:41:05.653,-0.09E+00,-0.05E+00,+0.05E+00,+0.00E+00,-15.43E+00,+34.52E+00,-19.46E+00,+4.982E+00
2,12/2/2026,10:41:05.653,-0.09E+00,-0.05E+00,+0.05E+00,+0.00E+00,-15.55E+00,+35.02E+00,-19.84E+00,+5.021E+00
2,12/2/2026,10:41:05.653,-0.09E+00,-0.05E+00,+0.05E+00,-0.05E+00,-15.69E+00,+35.53E+00,-20.20E+00,+5.051E+00
2,12/2/2026,10:41:05.653,-0.09E+00,-0.05E+00,+0.05E+00,+0.00E+00,-15.81E+00,+36.00E+00,-20.56E+00,+5.082E+00
2,12/2/2026,10:41:05.653,-0.09E+00,-0.05E+00,+0.05E+00,+0.00E+00,-15.93E+00,+36.47E+00,-20.92E+00,+5.105E+00
2,12/2/2026,10:41:05.653,-0.09E+00,-0.05E+00,+0.05E+00,-0.05E+00,-16.05E+00,+36.94E+00,-21.26E+00,+5.127E+00
2,12/2/2026,10:41:05.653,-0.09E+00,-0.05E+00,+0.05E+00,-0.05E+00,-16.16E+00,+37.40E+00,-21.61E+00,+5.150E+00
2,12/2/2026,10:41:05.653,-0.09E+00,-0.05E+00,+0.05E+00,+0.00E+00,-16.27E+00,+37.85E+00,-21.96E+00,+5.173E+00
2,12/2/2026,10:41:05.653,-0.09E+00,-0.05E+00,+0.05E+00,-0.05E+00,-16.37E+00,+38.27E+00,-22.28E+00,+5.196E+00
2,12/2/2026,10:41:05.653,-0.09E+00,-0.05E+00,+0.05E+00,-0.05E+00,-16.48E+00,+38.70E+00,-22.60E+00,+5.211E+00
2,12/2/2026,10:41:05.653,-0.09E+00,-0.05E+00,+0.05E+00,+0.00E+00,-16.57E+00,+39.11E+00,-22.94E+00,+5.227E+00
2,12/2/2026,10:41:05.653,-0.09E+00,-0.05E+00,+0.05E+00,+0.00E+00,-16.65E+00,+39.51E+00,-23.23E+00,+5.242E+00
2,12/2/2026,10:41:05.653,-0.09E+00,-0.05E+00,+0.05E+00,+0.00E+00,-16.74E+00,+39.91E+00,-23.55E+00,+5.250E+00
2,12/2/2026,10:41:05.653,-0.09E+00,-0.05E+00,+0.05E+00,+0.00E+00,-16.82E+00,+40.27E+00,-23.85E+00,+5.265E+00
2,12/2/2026,10:41:05.653,-0.09E+00,-0.05E+00,+0.05E+00,+0.00E+00,-16.88E+00,+40.64E+00,-24.14E+00,+5.272E+00
2,12/2/2026,10:41:05.653,-0.09E+00,-0.05E+00,+0.05E+00,-0.05E+00,-16.95E+00,+41.00E+00,-24.43E+00,+5.280E+00
2,12/2/2026,10:41:05.653,-0.09E+00,-0.05E+00,+0.05E+00,-0.05E+00,-17.02E+00,+41.36E+00,-24.72E+00,+5.295E+00
2,12/2/2026,10:41:05.653,-0.09E+00,-0.05E+00,+0.05E+00,+0.00E+00,-17.08E+00,+41.68E+00,-25.00E+00,+5.303E+00
2,12/2/2026,10:41:05.654,-0.09E+00,-0.05E+00,+0.05E+00,-0.05E+00,-17.12E+00,+42.01E+00,-25.26E+00,+5.311E+00
2,12/2/2026,10:41:05.654,-0.09E+00,-0.05E+00,+0.05E+00,-0.05E+00,-17.17E+00,+42.32E+00,-25.53E+00,+5.318E+00
2,12/2/2026,10:41:05.654,-0.09E+00,-0.05E+00,+0.05E+00,+0.00E+00,-17.21E+00,+42.62E+00,-25.80E+00,+5.326E+00
2,12/2/2026,10:41:05.654,-0.09E+00,-0.05E+00,+0.00E+00,+0.00E+00,-17.24E+00,+42.93E+00,-26.05E+00,+5.333E+00
2,12/2/2026,10:41:05.654,-0.09E+00,-0.05E+00,+0.05E+00,-0.05E+00,-17.29E+00,+43.20E+00,-26.29E+00,+5.333E+00
2,12/2/2026,10:41:05.654,-0.09E+00,-0.05E+00,+0.00E+00,+0.00E+00,-17.32E+00,+43.46E+00,-26.54E+00,+5.341E+00
2,12/2/2026,10:41:05.654,-0.09E+00,-0.05E+00,+0.05E+00,+0.00E+00,-17.34E+00,+43.72E+00,-26.78E+00,+5.341E+00
2,12/2/2026,10:41:05.654,-0.09E+00,-0.05E+00,+0.05E+00,+0.00E+00,-17.35E+00,+43.98E+00,-27.00E+00,+5.333E+00
2,12/2/2026,10:41:05.654,-0.09E+00,-0.05E+00,+0.05E+00,+0.00E+00,-17.37E+00,+44.21E+00,-27.22E+00,+5.333E+00
2,12/2/2026,10:41:05.654,-0.09E+00,-0.05E+00,+0.05E+00,+0.00E+00,-17.38E+00,+44.42E+00,-27.42E+00,+5.333E+00
2,12/2/2026,10:41:05.654,-0.09E+00,-0.05E+00,+0.05E+00,+0.00E+00,-17.40E+00,+44.65E+00,-27.64E+00,+5.326E+00
2,12/2/2026,10:41:05.654,-0.14E+00,-0.05E+00,+0.05E+00,+0.00E+00,-17.40E+00,+44.85E+00,-27.83E+00,+5.318E+00
2,12/2/2026,10:41:05.654,-0.14E+00,-0.05E+00,+0.05E+00,-0.05E+00,-17.40E+00,+45.03E+00,-28.02E+00,+5.311E+00
2,12/2/2026,10:41:05.654,-0.09E+00,-0.05E+00,+0.05E+00,-0.05E+00,-17.40E+00,+45.22E+00,-28.20E+00,+5.303E+00
2,12/2/2026,10:41:05.654,-0.09E+00,-0.05E+00,+0.05E+00,-0.05E+00,-17.38E+00,+45.38E+00,-28.38E+00,+5.295E+00
2,12/2/2026,10:41:05.654,-0.09E+00,-0.05E+00,+0.00E+00,+0.00E+00,-17.37E+00,+45.54E+00,-28.55E+00,+5.288E+00
2,12/2/2026,10:41:05.654,-0.09E+00,-0.05E+00,+0.05E+00,+0.00E+00,-17.35E+00,+45.67E+00,-28.70E+00,+5.272E+00
2,12/2/2026,10:41:05.654,-0.09E+00,-0.05E+00,+0.05E+00,+0.00E+00,-17.34E+00,+45.81E+00,-28.86E+00,+5.257E+00
2,12/2/2026,10:41:05.654,-0.09E+00,-0.05E+00,+0.05E+00,-0.05E+00,-17.32E+00,+45.95E+00,-29.01E+00,+5.250E+00
2,12/2/2026,10:41:05.654,-0.09E+00,-0.05E+00,+0.05E+00,-0.05E+00,-17.29E+00,+46.06E+00,-29.15E+00,+5.234E+00
