EventNo,Date,Time,U1,U2,U3,U4,I1,I2,I3,I4
2,09/2/2026,19:05:30.974,-0.09E+00,-0.05E+00,+0.05E+00,+0.00E+00,-13.58E+00,-0.12E+00,+13.34E+00,+0.046E+00
2,09/2/2026,19:05:30.974,-0.09E+00,-0.05E+00,+0.05E+00,+0.00E+00,-13.67E+00,+0.12E+00,+13.18E+00,+0.168E+00
2,09/2/2026,19:05:30.974,-0.09E+00,-0.09E+00,+0.00E+00,+0.00E+00,-13.76E+00,+0.35E+00,+13.03E+00,+0.282E+00
2,09/2/2026,19:05:30.974,-0.09E+00,-0.05E+00,+0.05E+00,-0.05E+00,-13.84E+00,+0.60E+00,+12.88E+00,+0.404E+00
2,09/2/2026,19:05:30.974,-0.09E+00,-0.05E+00,+0.00E+00,+0.00E+00,-13.90E+00,+0.84E+00,+12.71E+00,+0.526E+00
2,09/2/2026,19:05:30.974,-0.09E+00,-0.05E+00,+0.05E+00,+0.00E+00,-13.98E+00,+1.08E+00,+12.54E+00,+0.649E+00
2,09/2/2026,19:05:30.974,-0.14E+00,-0.05E+00,+0.05E+00,-0.05E+00,-14.05E+00,+1.34E+00,+12.36E+00,+0.771E+00
2,09/2/2026,19:05:30.974,-0.09E+00,-0.05E+00,+0.05E+00,-0.05E+00,-14.12E+00,+1.59E+00,+12.18E+00,+0.893E+00
2,09/2/2026,19:05:30.974,-0.09E+00,-0.05E+00,+0.00E+00,+0.00E+00,-14.19E+00,+1.83E+00,+11.99E+00,+1.015E+00
2,09/2/2026,19:05:30.974,-0.09E+00,-0.05E+00,+0.05E+00,+0.00E+00,-14.25E+00,+2.09E+00,+11.81E+00,+1.145E+00
2,09/2/2026,19:05:30.974,-0.09E+00,-0.05E+00,+0.05E+00,+0.00E+00,-14.33E+00,+2.33E+00,+11.64E+00,+1.267E+00
2,09/2/2026,19:05:30.974,-0.09E+00,-0.05E+00,+0.05E+00,+0.00E+00,-14.41E+00,+2.58E+00,+11.46E+00,+1.389E+00
2,09/2/2026,19:05:30.974,-0.09E+00,-0.05E+00,+0.05E+00,+0.00E+00,-14.47E+00,+2.82E+00,+11.29E+00,+1.503E+00
2,09/2/2026,19:05:30.974,-0.09E+00,-0.05E+00,+0.05E+00,+0.00E+00,-14.53E+00,+3.05E+00,+11.11E+00,+1.618E+00
2,09/2/2026,19:05:30.974,-0.09E+00,-0.05E+00,+0.05E+00,+0.00E+00,-14.60E+00,+3.30E+00,+10.96E+00,+1.740E+00
2,09/2/2026,19:05:30.974,-0.09E+00,-0.05E+00,+0.00E+00,+0.00E+00,-14.67E+00,+3.53E+00,+10.77E+00,+1.854E+00
2,09/2/2026,19:05:30.974,-0.09E+00,-0.05E+00,+0.05E+00,+0.00E+00,-14.73E+00,+3.75E+00,+10.61E+00,+1.969E+00
2,09/2/2026,19:05:30.974,-0.09E+00,-0.05E+00,+0.05E+00,+0.00E+00,-14.77E+00,+3.98E+00,+10.42E+00,+2.083E+00
2,09/2/2026,19:05:30.974,-0.09E+00,-0.09E+00,+0.05E+00,+0.00E+00,-14.83E+00,+4.21E+00,+10.25E+00,+2.197E+00
2,09/2/2026,19:05:30.974,-0.09E+00,-0.05E+00,+0.05E+00,+0.00E+00,-14.88E+00,+4.44E+00,+10.07E+00,+2.312E+00
2,09/2/2026,19:05:30.975,-0.09E+00,-0.05E+00,+0.05E+00,+0.00E+00,-14.92E+00,+4.68E+00,+9.89E+00,+2.426E+00
2,09/2/2026,19:05:30.975,-0.09E+00,-0.05E+00,+0.00E+00,+0.00E+00,-14.97E+00,+4.91E+00,+9.69E+00,+2.541E+00
2,09/2/2026,19:05:30.975,-0.09E+00,-0.09E+00,+0.05E+00,+0.00E+00,-15.02E+00,+5.14E+00,+9.51E+00,+2.655E+00
2,09/2/2026,19:05:30.975,-0.09E+00,-0.05E+00,+0.05E+00,+0.00E+00,-15.05E+00,+5.37E+00,+9.32E+00,+2.770E+00
2,09/2/2026,19:05:30.975,-0.14E+00,-0.05E+00,+0.05E+00,+0.00E+00,-15.08E+00,+5.59E+00,+9.13E+00,+2.877E+00
2,09/2/2026,19:05:30.975,-0.09E+00,-0.05E+00,+0.05E+00,+0.00E+00,-15.11E+00,+5.81E+00,+8.94E+00,+2.983E+00
2,09/2/2026,19:05:30.975,-0.09E+00,-0.05E+00,+0.05E+00,+0.00E+00,-15.14E+00,+6.04E+00,+8.76E+00,+3.090E+00
2,09/2/2026,19:05:30.975,-0.09E+00,-0.05E+00,+0.05E+00,+0.00E+00,-15.17E+00,+6.24E+00,+8.58E+00,+3.205E+00
2,09/2/2026,19:05:30.975,-0.09E+00,-0.05E+00,+0.05E+00,+0.00E+00,-15.20E+00,+6.46E+00,+8.38E+00,+3.304E+00
2,09/2/2026,19:05:30.975,-0.09E+00,-0.09E+00,+0.05E+00,+0.00E+00,-15.21E+00,+6.67E+00,+8.19E+00,+3.411E+00
2,09/2/2026,19:05:30.975,-0.09E+00,-0.09E+00,+0.05E+00,+0.00E+00,-15.24E+00,+6.88E+00,+8.00E+00,+3.517E+00
2,09/2/2026,19:05:30.975,-0.09E+00,-0.05E+00,+0.05E+00,+0.00E+00,-15.26E+00,+7.10E+00,+7.80E+00,+3.624E+00
2,09/2/2026,19:05:30.975,-0.14E+00,-0.05E+00,+0.05E+00,+0.00E+00,-15.29E+00,+7.32E+00,+7.60E+00,+3.731E+00
2,09/2/2026,19:05:30.975,-0.09E+00,-0.05E+00,+0.05E+00,+0.00E+00,-15.29E+00,+7.54E+00,+7.40E+00,+3.838E+00
2,09/2/2026,19:05:30.975,-0.09E+00,-0.05E+00,+0.05E+00,+0.00E+00,-15.31E+00,+7.75E+00,+7.20E+00,+3.937E+00
2,09/2/2026,19:05:30.975,-0.09E+00,-0.05E+00,+0.05E+00,+0.00E+00,-15.31E+00,+7.97E+00,+6.99E+00,+4.052E+00
2,09/2/2026,19:05:30.975,-0.09E+00,-0.09E+00,+0.05E+00,-0.05E+00,-15.31E+00,+8.18E+00,+6.78E+00,+4.151E+00
2,09/2/2026,19:05:30.975,-0.09E+00,-0.05E+00,+0.05E+00,+0.00E+00,-15.31E+00,+8.38E+00,+6.56E+00,+4.258E+00
2,09/2/2026,19:05:30.975,-0.09E+00,-0.05E+00,+0.05E+00,+0.00E+00,-15.31E+00,+8.59E+00,+6.36E+00,+4.364E+00
2,09/2/2026,19:05:30.975,-0.09E+00,-0.09E+00,+0.00E+00,+0.00E+00,-15.31E+00,+8.81E+00,+6.15E+00,+4.471E+00
2,09/2/2026,19:05:30.976,-0.09E+00,-0.05E+00,+0.05E+00,+0.00E+00,-15.31E+00,+9.02E+00,+5.94E+00,+4.570E+00
2,09/2/2026,19:05:30.976,-0.09E+00,-0.05E+00,+0.00E+00,+0.00E+00,-15.31E+00,+9.23E+00,+5.72E+00,+4.670E+00
2,09/2/2026,19:05:30.976,-0.09E+00,-0.05E+00,+0.05E+00,+0.00E+00,-15.29E+00,+9.43E+00,+5.51E+00,+4.776E+00
2,09/2/2026,19:05:30.976,-0.09E+00,-0.09E+00,+0.05E+00,+0.00E+00,-15.29E+00,+9.64E+00,+5.30E+00,+4.876E+00
2,09/2/2026,19:05:30.976,-0.09E+00,-0.05E+00,+0.00E+00,+0.00E+00,-15.29E+00,+9.84E+00,+5.07E+00,+4.982E+00
2,09/2/2026,19:05:30.976,-0.09E+00,-0.05E+00,+0.05E+00,+0.00E+00,-15.26E+00,+10.06E+00,+4.85E+00,+5.082E+00
2,09/2/2026,19:05:30.976,-0.09E+00,-0.09E+00,+0.05E+00,+0.00E+00,-15.24E+00,+10.25E+00,+4.64E+00,+5.181E+00
2,09/2/2026,19:05:30.976,-0.09E+00,-0.05E+00,+0.00E+00,+0.00E+00,-15.23E+00,+10.45E+00,+4.41E+00,+5.280E+00
2,09/2/2026,19:05:30.976,-0.09E+00,-0.05E+00,+0.00E+00,+0.00E+00,-15.20E+00,+10.65E+00,+4.18E+00,+5.372E+00
2,09/2/2026,19:05:30.976,-0.09E+00,-0.05E+00,+0.00E+00,+0.00E+00,-15.17E+00,+10.85E+00,+3.95E+00,+5.471E+00
2,09/2/2026,19:05:30.976,-0.09E+00,-0.05E+00,+0.05E+00,+0.00E+00,-15.12E+00,+11.03E+00,+3.72E+00,+5.562E+00
2,09/2/2026,19:05:30.976,-0.09E+00,-0.05E+00,+0.05E+00,+0.00E+00,-15.06E+00,+11.22E+00,+3.49E+00,+5.646E+00
2,09/2/2026,19:05:30.976,-0.09E+00,-0.09E+00,+0.05E+00,+0.00E+00,-15.02E+00,+11.37E+00,+3.28E+00,+5.730E+00
2,09/2/2026,19:05:30.976,-0.09E+00,-0.09E+00,+0.05E+00,+0.00E+00,-14.94E+00,+11.54E+00,+3.04E+00,+5.807E+00
2,09/2/2026,19:05:30.976,-0.14E+00,-0.05E+00,+0.05E+00,+0.00E+00,-14.86E+00,+11.69E+00,+2.81E+00,+5.883E+00
2,09/2/2026,19:05:30.976,-0.09E+00,-0.05E+00,+0.05E+00,-0.05E+00,-14.79E+00,+11.84E+00,+2.59E+00,+5.959E+00
2,09/2/2026,19:05:30.976,-0.09E+00,-0.05E+00,+0.05E+00,+0.00E+00,-14.70E+00,+11.99E+00,+2.37E+00,+6.028E+00
2,09/2/2026,19:05:30.976,-0.09E+00,-0.05E+00,+0.05E+00,+0.00E+00,-14.60E+00,+12.13E+00,+2.12E+00,+6.096E+00
2,09/2/2026,19:05:30.976,-0.09E+00,-0.05E+00,+0.05E+00,+0.00E+00,-14.51E+00,+12.27E+00,+1.88E+00,+6.165E+00
2,09/2/2026,19:05:30.976,-0.14E+00,-0.05E+00,+0.05E+00,+0.00E+00,-14.41E+00,+12.39E+00,+1.65E+00,+6.234E+00
2,09/2/2026,19:05:30.977,-0.14E+00,-0.05E+00,+0.05E+00,+0.00E+00,-14.28E+00,+12.53E+00,+1.40E+00,+6.295E+00
2,09/2/2026,19:05:30.977,-0.09E+00,-0.05E+00,+0.05E+00,-0.05E+00,-14.18E+00,+12.65E+00,+1.16E+00,+6.356E+00
2,09/2/2026,19:05:30.977,-0.09E+00,-0.05E+00,+0.05E+00,+0.00E+00,-14.04E+00,+12.79E+00,+0.92E+00,+6.417E+00
2,09/2/2026,19:05:30.977,-0.09E+00,-0.05E+00,+0.05E+00,+0.00E+00,-13.92E+00,+12.91E+00,+0.66E+00,+6.478E+00
2,09/2/2026,19:05:30.977,-0.09E+00,-0.05E+00,+0.00E+00,+0.00E+00,-13.78E+00,+13.02E+00,+0.41E+00,+6.531E+00
2,09/2/2026,19:05:30.977,-0.14E+00,-0.05E+00,+0.00E+00,+0.00E+00,-13.66E+00,+13.14E+00,+0.17E+00,+6.592E+00
2,09/2/2026,19:05:30.977,-0.14E+00,-0.05E+00,+0.05E+00,-0.05E+00,-13.52E+00,+13.25E+00,-0.09E+00,+6.646E+00
2,09/2/2026,19:05:30.977,-0.09E+00,-0.05E+00,+0.05E+00,-0.05E+00,-13.38E+00,+13.35E+00,-0.34E+00,+6.692E+00
2,09/2/2026,19:05:30.977,-0.09E+00,-0.05E+00,+0.05E+00,+0.00E+00,-13.25E+00,+13.46E+00,-0.58E+00,+6.745E+00
2,09/2/2026,19:05:30.977,-0.09E+00,-0.05E+00,+0.05E+00,+0.00E+00,-13.09E+00,+13.55E+00,-0.82E+00,+6.798E+00
2,09/2/2026,19:05:30.977,-0.09E+00,-0.05E+00,+0.05E+00,+0.00E+00,-12.93E+00,+13.64E+00,-1.08E+00,+6.837E+00
2,09/2/2026,19:05:30.977,-0.14E+00,-0.05E+00,+0.00E+00,-0.05E+00,-12.76E+00,+13.73E+00,-1.33E+00,+6.882E+00
2,09/2/2026,19:05:30.977,-0.09E+00,-0.05E+00,+0.05E+00,+0.00E+00,-12.59E+00,+13.81E+00,-1.59E+00,+6.920E+00
2,09/2/2026,19:05:30.977,-0.09E+00,-0.05E+00,+0.05E+00,+0.00E+00,-12.42E+00,+13.90E+00,-1.83E+00,+6.959E+00
2,09/2/2026,19:05:30.977,-0.09E+00,-0.05E+00,+0.05E+00,+0.00E+00,-12.25E+00,+13.98E+00,-2.09E+00,+6.997E+00
2,09/2/2026,19:05:30.977,-0.09E+00,-0.05E+00,+0.05E+00,+0.00E+00,-12.09E+00,+14.05E+00,-2.33E+00,+7.035E+00
2,09/2/2026,19:05:30.977,-0.09E+00,-0.05E+00,+0.05E+00,+0.00E+00,-11.92E+00,+14.13E+00,-2.58E+00,+7.073E+00
2,09/2/2026,19:05:30.977,-0.09E+00,-0.05E+00,+0.05E+00,+0.00E+00,-11.74E+00,+14.19E+00,-2.82E+00,+7.104E+00
2,09/2/2026,19:05:30.977,-0.09E+00,-0.09E+00,+0.00E+00,-0.05E+00,-11.57E+00,+14.27E+00,-3.07E+00,+7.142E+00
2,09/2/2026,19:05:30.977,-0.09E+00,-0.09E+00,+0.00E+00,+0.00E+00,-11.38E+00,+14.33E+00,-3.31E+00,+7.172E+00
2,09/2/2026,19:05:30.978,-0.09E+00,-0.05E+00,+0.05E+00,+0.00E+00,-11.22E+00,+14.41E+00,-3.56E+00,+7.203E+00
2,09/2/2026,19:05:30.978,-0.09E+00,-0.05E+00,+0.05E+00,+0.00E+00,-11.03E+00,+14.45E+00,-3.78E+00,+7.226E+00
2,09/2/2026,19:05:30.978,-0.09E+00,-0.05E+00,+0.00E+00,+0.00E+00,-10.87E+00,+14.51E+00,-4.03E+00,+7.256E+00
2,09/2/2026,19:05:30.978,-0.14E+00,-0.05E+00,+0.05E+00,+0.00E+00,-10.68E+00,+14.57E+00,-4.26E+00,+7.287E+00
2,09/2/2026,19:05:30.978,-0.14E+00,-0.05E+00,+0.05E+00,+0.00E+00,-10.51E+00,+14.63E+00,-4.49E+00,+7.310E+00
2,09/2/2026,19:05:30.978,-0.09E+00,-0.05E+00,+0.05E+00,+0.00E+00,-10.33E+00,+14.68E+00,-4.72E+00,+7.340E+00
2,09/2/2026,19:05:30.978,-0.09E+00,-0.05E+00,+0.05E+00,+0.00E+00,-10.15E+00,+14.74E+00,-4.94E+00,+7.363E+00
2,09/2/2026,19:05:30.978,-0.05E+00,-0.05E+00,+0.05E+00,+0.00E+00,-9.98E+00,+14.79E+00,-5.17E+00,+7.378E+00
2,09/2/2026,19:05:30.978,-0.09E+00,-0.05E+00,+0.05E+00,+0.00E+00,-9.80E+00,+14.83E+00,-5.40E+00,+7.409E+00
2,09/2/2026,19:05:30.978,-0.09E+00,-0.05E+00,+0.05E+00,+0.00E+00,-9.61E+00,+14.86E+00,-5.62E+00,+7.424E+00
2,09/2/2026,19:05:30.978,-0.09E+00,-0.09E+00,+0.05E+00,+0.00E+00,-9.43E+00,+14.91E+00,-5.84E+00,+7.439E+00
2,09/2/2026,19:05:30.978,-0.09E+00,-0.09E+00,+0.05E+00,+0.00E+00,-9.25E+00,+14.95E+00,-6.07E+00,+7.462E+00
2,09/2/2026,19:05:30.978,-0.09E+00,-0.05E+00,+0.05E+00,+0.00E+00,-9.06E+00,+14.99E+00,-6.29E+00,+7.477E+00
2,09/2/2026,19:05:30.978,-0.09E+00,-0.05E+00,+0.05E+00,+0.00E+00,-8.88E+00,+15.02E+00,-6.50E+00,+7.485E+00
2,09/2/2026,19:05:30.978,-0.09E+00,-0.09E+00,+0.05E+00,+0.00E+00,-8.70E+00,+15.05E+00,-6.71E+00,+7.508E+00
2,09/2/2026,19:05:30.978,-0.14E+00,-0.09E+00,+0.05E+00,+0.00E+00,-8.52E+00,+15.08E+00,-6.93E+00,+7.523E+00
2,09/2/2026,19:05:30.978,-0.09E+00,-0.05E+00,+0.05E+00,+0.00E+00,-8.33E+00,+15.09E+00,-7.16E+00,+7.531E+00
2,09/2/2026,19:05:30.978,-0.09E+00,-0.05E+00,+0.05E+00,+0.00E+00,-8.15E+00,+15.12E+00,-7.36E+00,+7.546E+00
2,09/2/2026,19:05:30.978,-0.09E+00,-0.05E+00,+0.05E+00,+0.00E+00,-7.97E+00,+15.15E+00,-7.55E+00,+7.554E+00
2,09/2/2026,19:05:30.978,-0.09E+00,-0.05E+00,+0.05E+00,+0.00E+00,-7.77E+00,+15.17E+00,-7.78E+00,+7.561E+00
2,09/2/2026,19:05:30.979,-0.09E+00,-0.05E+00,+0.05E+00,+0.00E+00,-7.57E+00,+15.18E+00,-8.00E+00,+7.569E+00
2,09/2/2026,19:05:30.979,-0.14E+00,-0.05E+00,+0.05E+00,+0.00E+00,-7.36E+00,+15.20E+00,-8.21E+00,+7.577E+00
2,09/2/2026,19:05:30.979,-0.09E+00,-0.05E+00,+0.05E+00,+0.00E+00,-7.16E+00,+15.21E+00,-8.44E+00,+7.577E+00
2,09/2/2026,19:05:30.979,-0.09E+00,-0.05E+00,+0.05E+00,+0.00E+00,-6.94E+00,+15.23E+00,-8.65E+00,+7.584E+00
2,09/2/2026,19:05:30.979,-0.09E+00,-0.05E+00,+0.05E+00,+0.00E+00,-6.73E+00,+15.23E+00,-8.87E+00,+7.584E+00
2,09/2/2026,19:05:30.979,-0.09E+00,-0.05E+00,+0.00E+00,+0.00E+00,-6.52E+00,+15.23E+00,-9.10E+00,+7.584E+00
2,09/2/2026,19:05:30.979,-0.09E+00,-0.05E+00,+0.00E+00,+0.00E+00,-6.32E+00,+15.24E+00,-9.29E+00,+7.592E+00
2,09/2/2026,19:05:30.979,-0.14E+00,-0.05E+00,+0.05E+00,+0.00E+00,-6.10E+00,+15.24E+00,-9.51E+00,+7.592E+00
2,09/2/2026,19:05:30.979,-0.09E+00,-0.05E+00,+0.05E+00,+0.00E+00,-5.89E+00,+15.24E+00,-9.72E+00,+7.584E+00
2,09/2/2026,19:05:30.979,-0.09E+00,-0.05E+00,+0.05E+00,+0.00E+00,-5.68E+00,+15.24E+00,-9.93E+00,+7.584E+00
2,09/2/2026,19:05:30.979,-0.09E+00,-0.09E+00,+0.05E+00,+0.00E+00,-5.48E+00,+15.24E+00,-10.15E+00,+7.584E+00
2,09/2/2026,19:05:30.979,-0.09E+00,-0.09E+00,+0.05E+00,+0.00E+00,-5.26E+00,+15.23E+00,-10.35E+00,+7.584E+00
2,09/2/2026,19:05:30.979,-0.14E+00,-0.05E+00,+0.05E+00,-0.05E+00,-5.05E+00,+15.23E+00,-10.54E+00,+7.577E+00
2,09/2/2026,19:05:30.979,-0.14E+00,-0.05E+00,+0.05E+00,+0.00E+00,-4.84E+00,+15.21E+00,-10.76E+00,+7.561E+00
2,09/2/2026,19:05:30.979,-0.09E+00,-0.05E+00,+0.00E+00,+0.00E+00,-4.62E+00,+15.20E+00,-10.94E+00,+7.554E+00
2,09/2/2026,19:05:30.979,-0.09E+00,-0.05E+00,+0.00E+00,-0.05E+00,-4.39E+00,+15.17E+00,-11.14E+00,+7.539E+00
2,09/2/2026,19:05:30.979,-0.09E+00,-0.05E+00,+0.00E+00,+0.00E+00,-4.18E+00,+15.12E+00,-11.34E+00,+7.516E+00
2,09/2/2026,19:05:30.979,-0.09E+00,-0.05E+00,+0.05E+00,+0.00E+00,-3.95E+00,+15.08E+00,-11.51E+00,+7.493E+00
2,09/2/2026,19:05:30.979,-0.09E+00,-0.05E+00,+0.05E+00,+0.00E+00,-3.71E+00,+15.02E+00,-11.66E+00,+7.462E+00
2,09/2/2026,19:05:30.979,-0.09E+00,-0.05E+00,+0.00E+00,+0.00E+00,-3.49E+00,+14.94E+00,-11.83E+00,+7.424E+00
2,09/2/2026,19:05:30.980,-0.09E+00,-0.05E+00,+0.05E+00,+0.00E+00,-3.27E+00,+14.86E+00,-11.98E+00,+7.386E+00
2,09/2/2026,19:05:30.980,-0.09E+00,-0.05E+00,+0.05E+00,+0.00E+00,-3.04E+00,+14.77E+00,-12.12E+00,+7.333E+00
2,09/2/2026,19:05:30.980,-0.09E+00,-0.05E+00,+0.05E+00,+0.00E+00,-2.79E+00,+14.68E+00,-12.25E+00,+7.287E+00
2,09/2/2026,19:05:30.980,-0.09E+00,-0.05E+00,+0.05E+00,+0.00E+00,-2.56E+00,+14.57E+00,-12.39E+00,+7.241E+00
2,09/2/2026,19:05:30.980,-0.09E+00,-0.05E+00,+0.05E+00,+0.00E+00,-2.33E+00,+14.48E+00,-12.53E+00,+7.188E+00
2,09/2/2026,19:05:30.980,-0.09E+00,-0.05E+00,+0.05E+00,+0.00E+00,-2.09E+00,+14.38E+00,-12.67E+00,+7.134E+00
2,09/2/2026,19:05:30.980,-0.09E+00,-0.05E+00,+0.05E+00,+0.00E+00,-1.85E+00,+14.27E+00,-12.79E+00,+7.081E+00
2,09/2/2026,19:05:30.980,-0.09E+00,-0.05E+00,+0.05E+00,+0.00E+00,-1.60E+00,+14.15E+00,-12.91E+00,+7.020E+00
2,09/2/2026,19:05:30.980,-0.09E+00,-0.05E+00,+0.05E+00,+0.00E+00,-1.36E+00,+14.02E+00,-13.03E+00,+6.951E+00
2,09/2/2026,19:05:30.980,-0.09E+00,-0.09E+00,+0.05E+00,+0.00E+00,-1.10E+00,+13.89E+00,-13.15E+00,+6.882E+00
2,09/2/2026,19:05:30.980,-0.09E+00,-0.05E+00,+0.05E+00,+0.00E+00,-0.85E+00,+13.75E+00,-13.26E+00,+6.814E+00
2,09/2/2026,19:05:30.980,-0.14E+00,-0.05E+00,+0.05E+00,+0.00E+00,-0.61E+00,+13.60E+00,-13.37E+00,+6.737E+00
2,09/2/2026,19:05:30.980,-0.09E+00,-0.05E+00,+0.00E+00,+0.00E+00,-0.35E+00,+13.44E+00,-13.47E+00,+6.669E+00
2,09/2/2026,19:05:30.980,-0.09E+00,-0.05E+00,+0.00E+00,+0.00E+00,-0.11E+00,+13.31E+00,-13.57E+00,+6.592E+00
2,09/2/2026,19:05:30.980,-0.09E+00,-0.05E+00,+0.05E+00,+0.00E+00,+0.15E+00,+13.15E+00,-13.67E+00,+6.516E+00
2,09/2/2026,19:05:30.980,-0.09E+00,-0.05E+00,+0.05E+00,+0.00E+00,+0.40E+00,+13.00E+00,-13.78E+00,+6.432E+00
2,09/2/2026,19:05:30.980,-0.09E+00,-0.05E+00,+0.00E+00,+0.00E+00,+0.66E+00,+12.85E+00,-13.87E+00,+6.356E+00
2,09/2/2026,19:05:30.980,-0.09E+00,-0.05E+00,+0.05E+00,-0.05E+00,+0.90E+00,+12.68E+00,-13.96E+00,+6.280E+00
2,09/2/2026,19:05:30.980,-0.09E+00,-0.05E+00,+0.05E+00,+0.00E+00,+1.16E+00,+12.51E+00,-14.04E+00,+6.196E+00
2,09/2/2026,19:05:30.980,-0.09E+00,-0.05E+00,+0.05E+00,+0.00E+00,+1.40E+00,+12.36E+00,-14.13E+00,+6.112E+00
2,09/2/2026,19:05:30.981,-0.09E+00,-0.05E+00,+0.05E+00,+0.00E+00,+1.66E+00,+12.19E+00,-14.21E+00,+6.028E+00
2,09/2/2026,19:05:30.981,-0.09E+00,-0.05E+00,+0.00E+00,+0.00E+00,+1.91E+00,+12.03E+00,-14.28E+00,+5.944E+00
2,09/2/2026,19:05:30.981,-0.14E+00,-0.09E+00,+0.05E+00,+0.00E+00,+2.15E+00,+11.84E+00,-14.36E+00,+5.860E+00
2,09/2/2026,19:05:30.981,-0.09E+00,-0.05E+00,+0.05E+00,+0.00E+00,+2.40E+00,+11.67E+00,-14.44E+00,+5.768E+00
2,09/2/2026,19:05:30.981,-0.09E+00,-0.09E+00,+0.05E+00,+0.00E+00,+2.64E+00,+11.51E+00,-14.50E+00,+5.684E+00
2,09/2/2026,19:05:30.981,-0.09E+00,-0.09E+00,+0.05E+00,+0.00E+00,+2.87E+00,+11.34E+00,-14.57E+00,+5.600E+00
2,09/2/2026,19:05:30.981,-0.09E+00,-0.05E+00,+0.05E+00,+0.00E+00,+3.10E+00,+11.17E+00,-14.63E+00,+5.517E+00
2,09/2/2026,19:05:30.981,-0.09E+00,-0.05E+00,+0.00E+00,+0.00E+00,+3.33E+00,+11.00E+00,-14.70E+00,+5.433E+00
2,09/2/2026,19:05:30.981,-0.09E+00,-0.05E+00,+0.00E+00,-0.05E+00,+3.56E+00,+10.83E+00,-14.76E+00,+5.349E+00
2,09/2/2026,19:05:30.981,-0.09E+00,-0.05E+00,+0.05E+00,+0.00E+00,+3.80E+00,+10.67E+00,-14.82E+00,+5.265E+00
2,09/2/2026,19:05:30.981,-0.09E+00,-0.05E+00,+0.05E+00,+0.00E+00,+4.01E+00,+10.50E+00,-14.88E+00,+5.173E+00
2,09/2/2026,19:05:30.981,-0.09E+00,-0.05E+00,+0.05E+00,+0.00E+00,+4.24E+00,+10.33E+00,-14.92E+00,+5.089E+00
2,09/2/2026,19:05:30.981,-0.09E+00,-0.09E+00,+0.05E+00,+0.00E+00,+4.47E+00,+10.16E+00,-14.99E+00,+5.005E+00
2,09/2/2026,19:05:30.981,-0.09E+00,-0.09E+00,+0.05E+00,+0.00E+00,+4.68E+00,+9.98E+00,-15.02E+00,+4.921E+00
2,09/2/2026,19:05:30.981,-0.09E+00,-0.05E+00,+0.05E+00,+0.00E+00,+4.90E+00,+9.81E+00,-15.08E+00,+4.830E+00
2,09/2/2026,19:05:30.981,-0.09E+00,-0.05E+00,+0.05E+00,+0.00E+00,+5.13E+00,+9.63E+00,-15.12E+00,+4.738E+00
2,09/2/2026,19:05:30.981,-0.09E+00,-0.05E+00,+0.05E+00,+0.00E+00,+5.34E+00,+9.45E+00,-15.15E+00,+4.647E+00
2,09/2/2026,19:05:30.981,-0.09E+00,-0.05E+00,+0.05E+00,+0.00E+00,+5.57E+00,+9.28E+00,-15.20E+00,+4.563E+00
2,09/2/2026,19:05:30.981,-0.09E+00,-0.05E+00,+0.05E+00,+0.00E+00,+5.78E+00,+9.08E+00,-15.23E+00,+4.471E+00
2,09/2/2026,19:05:30.981,-0.09E+00,-0.05E+00,+0.05E+00,+0.00E+00,+6.00E+00,+8.91E+00,-15.26E+00,+4.380E+00
2,09/2/2026,19:05:30.982,-0.09E+00,-0.05E+00,+0.05E+00,+0.00E+00,+6.21E+00,+8.73E+00,-15.29E+00,+4.288E+00
2,09/2/2026,19:05:30.982,-0.09E+00,-0.05E+00,+0.05E+00,+0.00E+00,+6.42E+00,+8.53E+00,-15.32E+00,+4.197E+00
2,09/2/2026,19:05:30.982,-0.09E+00,-0.05E+00,+0.05E+00,+0.00E+00,+6.64E+00,+8.35E+00,-15.35E+00,+4.097E+00
2,09/2/2026,19:05:30.982,-0.09E+00,-0.05E+00,+0.05E+00,+0.00E+00,+6.85E+00,+8.15E+00,-15.38E+00,+4.006E+00
2,09/2/2026,19:05:30.982,-0.14E+00,-0.05E+00,+0.05E+00,+0.00E+00,+7.07E+00,+7.97E+00,-15.38E+00,+3.907E+00
2,09/2/2026,19:05:30.982,-0.14E+00,-0.05E+00,+0.05E+00,+0.00E+00,+7.28E+00,+7.77E+00,-15.40E+00,+3.807E+00
2,09/2/2026,19:05:30.982,-0.09E+00,-0.05E+00,+0.00E+00,+0.00E+00,+7.49E+00,+7.55E+00,-15.41E+00,+3.708E+00
2,09/2/2026,19:05:30.982,-0.09E+00,-0.05E+00,+0.00E+00,+0.00E+00,+7.71E+00,+7.37E+00,-15.43E+00,+3.609E+00
2,09/2/2026,19:05:30.982,-0.09E+00,-0.05E+00,+0.05E+00,+0.00E+00,+7.92E+00,+7.16E+00,-15.44E+00,+3.510E+00
2,09/2/2026,19:05:30.982,-0.09E+00,-0.05E+00,+0.05E+00,+0.00E+00,+8.13E+00,+6.96E+00,-15.46E+00,+3.403E+00
2,09/2/2026,19:05:30.982,-0.09E+00,-0.05E+00,+0.05E+00,+0.00E+00,+8.35E+00,+6.75E+00,-15.46E+00,+3.304E+00
2,09/2/2026,19:05:30.982,-0.09E+00,-0.05E+00,+0.05E+00,+0.00E+00,+8.56E+00,+6.55E+00,-15.46E+00,+3.197E+00
2,09/2/2026,19:05:30.982,-0.09E+00,-0.05E+00,+0.05E+00,-0.05E+00,+8.79E+00,+6.33E+00,-15.47E+00,+3.090E+00
2,09/2/2026,19:05:30.982,-0.09E+00,-0.05E+00,+0.00E+00,+0.00E+00,+9.00E+00,+6.12E+00,-15.47E+00,+2.983E+00
2,09/2/2026,19:05:30.982,-0.09E+00,-0.05E+00,+0.00E+00,+0.00E+00,+9.22E+00,+5.91E+00,-15.47E+00,+2.877E+00
2,09/2/2026,19:05:30.982,-0.09E+00,-0.05E+00,+0.05E+00,+0.00E+00,+9.43E+00,+5.68E+00,-15.49E+00,+2.770E+00
2,09/2/2026,19:05:30.982,-0.09E+00,-0.05E+00,+0.05E+00,+0.00E+00,+9.64E+00,+5.46E+00,-15.49E+00,+2.663E+00
2,09/2/2026,19:05:30.982,-0.09E+00,-0.05E+00,+0.05E+00,-0.05E+00,+9.86E+00,+5.26E+00,-15.47E+00,+2.556E+00
2,09/2/2026,19:05:30.982,-0.09E+00,-0.09E+00,+0.00E+00,+0.00E+00,+10.06E+00,+5.04E+00,-15.47E+00,+2.457E+00
2,09/2/2026,19:05:30.982,-0.09E+00,-0.05E+00,+0.00E+00,+0.00E+00,+10.27E+00,+4.82E+00,-15.46E+00,+2.342E+00
2,09/2/2026,19:05:30.983,-0.09E+00,-0.05E+00,+0.05E+00,+0.00E+00,+10.47E+00,+4.61E+00,-15.46E+00,+2.236E+00
2,09/2/2026,19:05:30.983,-0.09E+00,-0.05E+00,+0.05E+00,+0.00E+00,+10.68E+00,+4.39E+00,-15.43E+00,+2.129E+00
2,09/2/2026,19:05:30.983,-0.09E+00,-0.05E+00,+0.00E+00,+0.00E+00,+10.87E+00,+4.18E+00,-15.41E+00,+2.022E+00
2,09/2/2026,19:05:30.983,-0.09E+00,-0.09E+00,+0.05E+00,+0.00E+00,+11.05E+00,+3.97E+00,-15.40E+00,+1.915E+00
2,09/2/2026,19:05:30.983,-0.14E+00,-0.05E+00,+0.05E+00,-0.05E+00,+11.25E+00,+3.74E+00,-15.35E+00,+1.808E+00
2,09/2/2026,19:05:30.983,-0.09E+00,-0.05E+00,+0.05E+00,+0.00E+00,+11.41E+00,+3.51E+00,-15.31E+00,+1.694E+00
2,09/2/2026,19:05:30.983,-0.09E+00,-0.05E+00,+0.05E+00,+0.00E+00,+11.60E+00,+3.30E+00,-15.24E+00,+1.579E+00
2,09/2/2026,19:05:30.983,-0.09E+00,-0.05E+00,+0.05E+00,+0.00E+00,+11.75E+00,+3.07E+00,-15.17E+00,+1.465E+00
2,09/2/2026,19:05:30.983,-0.09E+00,-0.05E+00,+0.00E+00,+0.00E+00,+11.90E+00,+2.82E+00,-15.09E+00,+1.343E+00
2,09/2/2026,19:05:30.983,-0.09E+00,-0.05E+00,+0.05E+00,+0.00E+00,+12.04E+00,+2.58E+00,-14.99E+00,+1.228E+00
2,09/2/2026,19:05:30.983,-0.09E+00,-0.05E+00,+0.05E+00,+0.00E+00,+12.18E+00,+2.33E+00,-14.88E+00,+1.106E+00
2,09/2/2026,19:05:30.983,-0.09E+00,-0.05E+00,+0.05E+00,+0.00E+00,+12.30E+00,+2.11E+00,-14.77E+00,+0.984E+00
2,09/2/2026,19:05:30.983,-0.09E+00,-0.05E+00,+0.05E+00,+0.00E+00,+12.42E+00,+1.86E+00,-14.65E+00,+0.862E+00
2,09/2/2026,19:05:30.983,-0.09E+00,-0.05E+00,+0.05E+00,+0.00E+00,+12.54E+00,+1.62E+00,-14.53E+00,+0.748E+00
2,09/2/2026,19:05:30.983,-0.09E+00,-0.05E+00,+0.00E+00,+0.00E+00,+12.67E+00,+1.37E+00,-14.42E+00,+0.626E+00
2,09/2/2026,19:05:30.983,-0.09E+00,-0.09E+00,+0.05E+00,+0.00E+00,+12.79E+00,+1.14E+00,-14.30E+00,+0.511E+00
2,09/2/2026,19:05:30.983,-0.09E+00,-0.05E+00,+0.05E+00,+0.00E+00,+12.89E+00,+0.90E+00,-14.18E+00,+0.397E+00
2,09/2/2026,19:05:30.983,-0.09E+00,-0.05E+00,+0.05E+00,+0.00E+00,+13.02E+00,+0.67E+00,-14.05E+00,+0.275E+00
2,09/2/2026,19:05:30.983,-0.09E+00,-0.05E+00,+0.05E+00,+0.00E+00,+13.12E+00,+0.44E+00,-13.93E+00,+0.160E+00
2,09/2/2026,19:05:30.983,-0.09E+00,-0.05E+00,+0.05E+00,+0.00E+00,+13.23E+00,+0.20E+00,-13.80E+00,+0.046E+00
2,09/2/2026,19:05:30.984,-0.09E+00,-0.09E+00,+0.05E+00,+0.00E+00,+13.32E+00,-0.05E+00,-13.66E+00,-0.076E+00
2,09/2/2026,19:05:30.984,-0.09E+00,-0.09E+00,+0.05E+00,-0.05E+00,+13.41E+00,-0.27E+00,-13.51E+00,-0.198E+00
2,09/2/2026,19:05:30.984,-0.09E+00,-0.05E+00,+0.05E+00,+0.00E+00,+13.49E+00,-0.52E+00,-13.35E+00,-0.313E+00
2,09/2/2026,19:05:30.984,-0.09E+00,-0.05E+00,+0.00E+00,+0.00E+00,+13.58E+00,-0.76E+00,-13.18E+00,-0.435E+00
2,09/2/2026,19:05:30.984,-0.09E+00,-0.05E+00,+0.05E+00,+0.00E+00,+13.66E+00,-1.02E+00,-13.02E+00,-0.557E+00
2,09/2/2026,19:05:30.984,-0.09E+00,-0.05E+00,+0.05E+00,+0.00E+00,+13.72E+00,-1.27E+00,-12.85E+00,-0.679E+00
2,09/2/2026,19:05:30.984,-0.09E+00,-0.05E+00,+0.05E+00,+0.00E+00,+13.80E+00,-1.51E+00,-12.67E+00,-0.801E+00
2,09/2/2026,19:05:30.984,-0.14E+00,-0.09E+00,+0.05E+00,+0.00E+00,+13.87E+00,-1.77E+00,-12.48E+00,-0.931E+00
2,09/2/2026,19:05:30.984,-0.09E+00,-0.05E+00,+0.05E+00,+0.00E+00,+13.95E+00,-2.01E+00,-12.30E+00,-1.053E+00
2,09/2/2026,19:05:30.984,-0.09E+00,-0.05E+00,+0.05E+00,+0.00E+00,+14.01E+00,-2.26E+00,-12.13E+00,-1.175E+00
2,09/2/2026,19:05:30.984,-0.09E+00,-0.05E+00,+0.05E+00,+0.00E+00,+14.09E+00,-2.50E+00,-11.95E+00,-1.297E+00
2,09/2/2026,19:05:30.984,-0.09E+00,-0.05E+00,+0.05E+00,+0.00E+00,+14.16E+00,-2.75E+00,-11.78E+00,-1.419E+00
2,09/2/2026,19:05:30.984,-0.09E+00,-0.05E+00,+0.05E+00,+0.00E+00,+14.22E+00,-2.99E+00,-11.60E+00,-1.541E+00
2,09/2/2026,19:05:30.984,-0.09E+00,-0.09E+00,+0.05E+00,+0.00E+00,+14.28E+00,-3.24E+00,-11.43E+00,-1.656E+00
2,09/2/2026,19:05:30.984,-0.09E+00,-0.05E+00,+0.00E+00,+0.00E+00,+14.34E+00,-3.46E+00,-11.25E+00,-1.778E+00
2,09/2/2026,19:05:30.984,-0.09E+00,-0.05E+00,+0.05E+00,+0.00E+00,+14.41E+00,-3.71E+00,-11.08E+00,-1.892E+00
2,09/2/2026,19:05:30.984,-0.09E+00,-0.05E+00,+0.05E+00,+0.00E+00,+14.47E+00,-3.94E+00,-10.90E+00,-2.007E+00
2,09/2/2026,19:05:30.984,-0.09E+00,-0.05E+00,+0.05E+00,+0.00E+00,+14.51E+00,-4.17E+00,-10.73E+00,-2.129E+00
2,09/2/2026,19:05:30.984,-0.14E+00,-0.05E+00,+0.05E+00,+0.00E+00,+14.57E+00,-4.41E+00,-10.54E+00,-2.243E+00
2,09/2/2026,19:05:30.984,-0.09E+00,-0.05E+00,+0.05E+00,-0.05E+00,+14.63E+00,-4.64E+00,-10.36E+00,-2.358E+00
2,09/2/2026,19:05:30.985,-0.09E+00,-0.05E+00,+0.05E+00,+0.00E+00,+14.68E+00,-4.87E+00,-10.18E+00,-2.472E+00
2,09/2/2026,19:05:30.985,-0.09E+00,-0.05E+00,+0.05E+00,+0.00E+00,+14.73E+00,-5.10E+00,-10.00E+00,-2.587E+00
2,09/2/2026,19:05:30.985,-0.09E+00,-0.09E+00,+0.05E+00,+0.00E+00,+14.77E+00,-5.34E+00,-9.80E+00,-2.701E+00
2,09/2/2026,19:05:30.985,-0.09E+00,-0.05E+00,+0.05E+00,+0.00E+00,+14.80E+00,-5.57E+00,-9.61E+00,-2.808E+00
2,09/2/2026,19:05:30.985,-0.09E+00,-0.05E+00,+0.05E+00,+0.00E+00,+14.83E+00,-5.78E+00,-9.43E+00,-2.922E+00
2,09/2/2026,19:05:30.985,-0.09E+00,-0.05E+00,+0.05E+00,-0.05E+00,+14.86E+00,-6.01E+00,-9.23E+00,-3.029E+00
2,09/2/2026,19:05:30.985,-0.14E+00,-0.05E+00,+0.05E+00,-0.05E+00,+14.89E+00,-6.23E+00,-9.05E+00,-3.144E+00
2,09/2/2026,19:05:30.985,-0.09E+00,-0.05E+00,+0.00E+00,+0.00E+00,+14.92E+00,-6.44E+00,-8.85E+00,-3.250E+00
2,09/2/2026,19:05:30.985,-0.09E+00,-0.05E+00,+0.05E+00,+0.00E+00,+14.95E+00,-6.65E+00,-8.67E+00,-3.350E+00
2,09/2/2026,19:05:30.985,-0.09E+00,-0.05E+00,+0.05E+00,+0.00E+00,+14.97E+00,-6.88E+00,-8.48E+00,-3.464E+00
2,09/2/2026,19:05:30.985,-0.09E+00,-0.09E+00,+0.05E+00,+0.00E+00,+15.00E+00,-7.10E+00,-8.29E+00,-3.563E+00
2,09/2/2026,19:05:30.985,-0.09E+00,-0.05E+00,+0.05E+00,+0.00E+00,+15.02E+00,-7.31E+00,-8.09E+00,-3.670E+00
2,09/2/2026,19:05:30.985,-0.09E+00,-0.05E+00,+0.05E+00,+0.00E+00,+15.03E+00,-7.52E+00,-7.89E+00,-3.785E+00
2,09/2/2026,19:05:30.985,-0.09E+00,-0.05E+00,+0.05E+00,+0.00E+00,+15.05E+00,-7.74E+00,-7.68E+00,-3.891E+00
2,09/2/2026,19:05:30.985,-0.09E+00,-0.05E+00,+0.05E+00,+0.00E+00,+15.05E+00,-7.95E+00,-7.48E+00,-3.991E+00
2,09/2/2026,19:05:30.985,-0.14E+00,-0.05E+00,+0.05E+00,+0.00E+00,+15.05E+00,-8.16E+00,-7.26E+00,-4.097E+00
2,09/2/2026,19:05:30.985,-0.09E+00,-0.05E+00,+0.05E+00,+0.00E+00,+15.06E+00,-8.39E+00,-7.07E+00,-4.204E+00
2,09/2/2026,19:05:30.985,-0.09E+00,-0.05E+00,+0.05E+00,+0.00E+00,+15.06E+00,-8.59E+00,-6.85E+00,-4.311E+00
2,09/2/2026,19:05:30.985,-0.09E+00,-0.05E+00,+0.05E+00,+0.00E+00,+15.06E+00,-8.81E+00,-6.64E+00,-4.410E+00
2,09/2/2026,19:05:30.985,-0.09E+00,-0.05E+00,+0.00E+00,+0.00E+00,+15.06E+00,-9.02E+00,-6.42E+00,-4.517E+00
2,09/2/2026,19:05:30.986,-0.09E+00,-0.05E+00,+0.00E+00,+0.00E+00,+15.06E+00,-9.23E+00,-6.21E+00,-4.616E+00
2,09/2/2026,19:05:30.986,-0.09E+00,-0.09E+00,+0.05E+00,+0.00E+00,+15.06E+00,-9.43E+00,-6.00E+00,-4.723E+00
2,09/2/2026,19:05:30.986,-0.09E+00,-0.09E+00,+0.05E+00,+0.00E+00,+15.05E+00,-9.64E+00,-5.78E+00,-4.830E+00
2,09/2/2026,19:05:30.986,-0.09E+00,-0.05E+00,+0.05E+00,+0.00E+00,+15.05E+00,-9.86E+00,-5.57E+00,-4.929E+00
2,09/2/2026,19:05:30.986,-0.09E+00,-0.05E+00,+0.05E+00,+0.00E+00,+15.03E+00,-10.07E+00,-5.34E+00,-5.028E+00
2,09/2/2026,19:05:30.986,-0.09E+00,-0.05E+00,+0.05E+00,+0.00E+00,+15.02E+00,-10.27E+00,-5.13E+00,-5.135E+00
2,09/2/2026,19:05:30.986,-0.14E+00,-0.09E+00,+0.05E+00,+0.00E+00,+15.00E+00,-10.48E+00,-4.90E+00,-5.234E+00
2,09/2/2026,19:05:30.986,-0.14E+00,-0.09E+00,+0.05E+00,+0.00E+00,+14.97E+00,-10.68E+00,-4.68E+00,-5.333E+00
2,09/2/2026,19:05:30.986,-0.09E+00,-0.09E+00,+0.05E+00,+0.00E+00,+14.94E+00,-10.87E+00,-4.47E+00,-5.425E+00
2,09/2/2026,19:05:30.986,-0.09E+00,-0.05E+00,+0.05E+00,+0.00E+00,+14.91E+00,-11.05E+00,-4.23E+00,-5.517E+00
2,09/2/2026,19:05:30.986,-0.09E+00,-0.05E+00,+0.00E+00,+0.00E+00,+14.86E+00,-11.23E+00,-4.01E+00,-5.608E+00
2,09/2/2026,19:05:30.986,-0.09E+00,-0.05E+00,+0.05E+00,+0.00E+00,+14.82E+00,-11.40E+00,-3.80E+00,-5.692E+00
2,09/2/2026,19:05:30.986,-0.09E+00,-0.05E+00,+0.05E+00,+0.00E+00,+14.76E+00,-11.57E+00,-3.56E+00,-5.768E+00
2,09/2/2026,19:05:30.986,-0.09E+00,-0.09E+00,+0.05E+00,+0.00E+00,+14.68E+00,-11.72E+00,-3.33E+00,-5.852E+00
2,09/2/2026,19:05:30.986,-0.09E+00,-0.09E+00,+0.05E+00,+0.00E+00,+14.60E+00,-11.89E+00,-3.11E+00,-5.929E+00
2,09/2/2026,19:05:30.986,-0.09E+00,-0.05E+00,+0.05E+00,+0.00E+00,+14.53E+00,-12.04E+00,-2.88E+00,-5.997E+00
2,09/2/2026,19:05:30.986,-0.09E+00,-0.05E+00,+0.05E+00,+0.00E+00,+14.44E+00,-12.18E+00,-2.64E+00,-6.074E+00
2,09/2/2026,19:05:30.986,-0.09E+00,-0.05E+00,+0.05E+00,+0.00E+00,+14.34E+00,-12.31E+00,-2.40E+00,-6.142E+00
2,09/2/2026,19:05:30.986,-0.09E+00,-0.05E+00,+0.05E+00,+0.00E+00,+14.24E+00,-12.45E+00,-2.17E+00,-6.211E+00
2,09/2/2026,19:05:30.986,-0.09E+00,-0.05E+00,+0.05E+00,+0.00E+00,+14.13E+00,-12.59E+00,-1.92E+00,-6.272E+00
2,09/2/2026,19:05:30.987,-0.09E+00,-0.09E+00,+0.05E+00,+0.00E+00,+14.02E+00,-12.73E+00,-1.68E+00,-6.341E+00
2,09/2/2026,19:05:30.987,-0.14E+00,-0.05E+00,+0.05E+00,+0.00E+00,+13.92E+00,-12.85E+00,-1.43E+00,-6.402E+00
2,09/2/2026,19:05:30.987,-0.09E+00,-0.05E+00,+0.05E+00,+0.00E+00,+13.80E+00,-12.97E+00,-1.19E+00,-6.463E+00
2,09/2/2026,19:05:30.987,-0.09E+00,-0.05E+00,+0.00E+00,+0.00E+00,+13.66E+00,-13.09E+00,-0.93E+00,-6.516E+00
2,09/2/2026,19:05:30.987,-0.09E+00,-0.05E+00,+0.00E+00,+0.00E+00,+13.52E+00,-13.22E+00,-0.69E+00,-6.577E+00
2,09/2/2026,19:05:30.987,-0.14E+00,-0.05E+00,+0.05E+00,+0.00E+00,+13.40E+00,-13.32E+00,-0.44E+00,-6.631E+00
2,09/2/2026,19:05:30.987,-0.09E+00,-0.05E+00,+0.05E+00,+0.00E+00,+13.25E+00,-13.43E+00,-0.20E+00,-6.684E+00
2,09/2/2026,19:05:30.987,-0.09E+00,-0.05E+00,+0.05E+00,+0.00E+00,+13.11E+00,-13.54E+00,+0.05E+00,-6.737E+00
2,09/2/2026,19:05:30.987,-0.09E+00,-0.05E+00,+0.05E+00,+0.00E+00,+12.96E+00,-13.63E+00,+0.29E+00,-6.783E+00
2,09/2/2026,19:05:30.987,-0.09E+00,-0.05E+00,+0.05E+00,+0.00E+00,+12.80E+00,-13.72E+00,+0.55E+00,-6.829E+00
2,09/2/2026,19:05:30.987,-0.09E+00,-0.05E+00,+0.05E+00,+0.00E+00,+12.65E+00,-13.81E+00,+0.79E+00,-6.867E+00
2,09/2/2026,19:05:30.987,-0.09E+00,-0.05E+00,+0.05E+00,+0.00E+00,+12.48E+00,-13.90E+00,+1.04E+00,-6.913E+00
2,09/2/2026,19:05:30.987,-0.09E+00,-0.05E+00,+0.05E+00,+0.00E+00,+12.31E+00,-13.98E+00,+1.30E+00,-6.951E+00
2,09/2/2026,19:05:30.987,-0.09E+00,-0.09E+00,+0.05E+00,+0.00E+00,+12.15E+00,-14.05E+00,+1.54E+00,-6.989E+00
2,09/2/2026,19:05:30.987,-0.09E+00,-0.09E+00,+0.05E+00,+0.00E+00,+11.98E+00,-14.15E+00,+1.80E+00,-7.027E+00
2,09/2/2026,19:05:30.987,-0.09E+00,-0.09E+00,+0.00E+00,+0.00E+00,+11.80E+00,-14.22E+00,+2.06E+00,-7.065E+00
2,09/2/2026,19:05:30.987,-0.14E+00,-0.09E+00,+0.05E+00,+0.00E+00,+11.63E+00,-14.30E+00,+2.30E+00,-7.104E+00
2,09/2/2026,19:05:30.987,-0.14E+00,-0.05E+00,+0.05E+00,+0.00E+00,+11.46E+00,-14.38E+00,+2.53E+00,-7.134E+00
2,09/2/2026,19:05:30.987,-0.09E+00,-0.05E+00,+0.05E+00,+0.00E+00,+11.28E+00,-14.44E+00,+2.78E+00,-7.172E+00
2,09/2/2026,19:05:30.987,-0.09E+00,-0.05E+00,+0.05E+00,+0.00E+00,+11.11E+00,-14.50E+00,+3.02E+00,-7.203E+00
2,09/2/2026,19:05:30.988,-0.09E+00,-0.05E+00,+0.05E+00,+0.00E+00,+10.93E+00,-14.56E+00,+3.27E+00,-7.233E+00
2,09/2/2026,19:05:30.988,-0.09E+00,-0.05E+00,+0.05E+00,+0.00E+00,+10.76E+00,-14.62E+00,+3.49E+00,-7.256E+00
2,09/2/2026,19:05:30.988,-0.09E+00,-0.05E+00,+0.05E+00,+0.00E+00,+10.58E+00,-14.68E+00,+3.74E+00,-7.287E+00
2,09/2/2026,19:05:30.988,-0.09E+00,-0.05E+00,+0.05E+00,+0.00E+00,+10.39E+00,-14.73E+00,+3.97E+00,-7.310E+00
2,09/2/2026,19:05:30.988,-0.14E+00,-0.05E+00,+0.00E+00,+0.00E+00,+10.22E+00,-14.79E+00,+4.20E+00,-7.333E+00
2,09/2/2026,19:05:30.988,-0.09E+00,-0.05E+00,+0.05E+00,+0.00E+00,+10.04E+00,-14.85E+00,+4.43E+00,-7.355E+00
2,09/2/2026,19:05:30.988,-0.09E+00,-0.05E+00,+0.05E+00,+0.00E+00,+9.87E+00,-14.89E+00,+4.64E+00,-7.386E+00
2,09/2/2026,19:05:30.988,-0.09E+00,-0.05E+00,+0.05E+00,+0.00E+00,+9.69E+00,-14.94E+00,+4.87E+00,-7.409E+00
2,09/2/2026,19:05:30.988,-0.09E+00,-0.05E+00,+0.05E+00,+0.00E+00,+9.52E+00,-14.99E+00,+5.10E+00,-7.424E+00
2,09/2/2026,19:05:30.988,-0.09E+00,-0.05E+00,+0.05E+00,+0.00E+00,+9.34E+00,-15.03E+00,+5.31E+00,-7.447E+00
2,09/2/2026,19:05:30.988,-0.09E+00,-0.05E+00,+0.05E+00,+0.00E+00,+9.14E+00,-15.06E+00,+5.54E+00,-7.462E+00
2,09/2/2026,19:05:30.988,-0.09E+00,-0.05E+00,+0.05E+00,+0.00E+00,+8.97E+00,-15.09E+00,+5.77E+00,-7.485E+00
2,09/2/2026,19:05:30.988,-0.09E+00,-0.05E+00,+0.05E+00,+0.00E+00,+8.77E+00,-15.14E+00,+5.98E+00,-7.493E+00
2,09/2/2026,19:05:30.988,-0.09E+00,-0.05E+00,+0.05E+00,+0.00E+00,+8.59E+00,-15.17E+00,+6.21E+00,-7.508E+00
2,09/2/2026,19:05:30.988,-0.09E+00,-0.09E+00,+0.05E+00,+0.00E+00,+8.41E+00,-15.20E+00,+6.42E+00,-7.523E+00
2,09/2/2026,19:05:30.988,-0.09E+00,-0.05E+00,+0.05E+00,+0.00E+00,+8.23E+00,-15.23E+00,+6.62E+00,-7.539E+00
2,09/2/2026,19:05:30.988,-0.09E+00,-0.05E+00,+0.05E+00,+0.00E+00,+8.04E+00,-15.24E+00,+6.84E+00,-7.546E+00
2,09/2/2026,19:05:30.988,-0.09E+00,-0.05E+00,+0.05E+00,+0.00E+00,+7.86E+00,-15.28E+00,+7.05E+00,-7.561E+00
2,09/2/2026,19:05:30.988,-0.09E+00,-0.05E+00,+0.00E+00,+0.00E+00,+7.68E+00,-15.29E+00,+7.26E+00,-7.569E+00
2,09/2/2026,19:05:30.988,-0.09E+00,-0.05E+00,+0.05E+00,+0.00E+00,+7.48E+00,-15.31E+00,+7.46E+00,-7.577E+00
2,09/2/2026,19:05:30.989,-0.09E+00,-0.05E+00,+0.05E+00,-0.05E+00,+7.28E+00,-15.32E+00,+7.69E+00,-7.584E+00
2,09/2/2026,19:05:30.989,-0.14E+00,-0.05E+00,+0.05E+00,+0.00E+00,+7.07E+00,-15.34E+00,+7.90E+00,-7.584E+00
2,09/2/2026,19:05:30.989,-0.14E+00,-0.05E+00,+0.05E+00,+0.00E+00,+6.85E+00,-15.35E+00,+8.12E+00,-7.592E+00
2,09/2/2026,19:05:30.989,-0.09E+00,-0.05E+00,+0.05E+00,+0.00E+00,+6.65E+00,-15.35E+00,+8.33E+00,-7.592E+00
2,09/2/2026,19:05:30.989,-0.09E+00,-0.05E+00,+0.00E+00,+0.00E+00,+6.44E+00,-15.37E+00,+8.56E+00,-7.592E+00
2,09/2/2026,19:05:30.989,-0.09E+00,-0.05E+00,+0.05E+00,+0.00E+00,+6.23E+00,-15.37E+00,+8.76E+00,-7.592E+00
2,09/2/2026,19:05:30.989,-0.14E+00,-0.05E+00,+0.05E+00,+0.00E+00,+6.03E+00,-15.37E+00,+8.97E+00,-7.600E+00
2,09/2/2026,19:05:30.989,-0.09E+00,-0.05E+00,+0.05E+00,+0.00E+00,+5.81E+00,-15.37E+00,+9.19E+00,-7.600E+00
2,09/2/2026,19:05:30.989,-0.09E+00,-0.05E+00,+0.05E+00,+0.00E+00,+5.60E+00,-15.37E+00,+9.40E+00,-7.592E+00
2,09/2/2026,19:05:30.989,-0.09E+00,-0.05E+00,+0.00E+00,+0.00E+00,+5.39E+00,-15.38E+00,+9.61E+00,-7.592E+00
2,09/2/2026,19:05:30.989,-0.09E+00,-0.05E+00,+0.05E+00,+0.00E+00,+5.17E+00,-15.37E+00,+9.83E+00,-7.592E+00
2,09/2/2026,19:05:30.989,-0.09E+00,-0.05E+00,+0.05E+00,+0.00E+00,+4.96E+00,-15.35E+00,+10.04E+00,-7.584E+00
2,09/2/2026,19:05:30.989,-0.14E+00,-0.09E+00,+0.05E+00,+0.00E+00,+4.75E+00,-15.35E+00,+10.24E+00,-7.584E+00
2,09/2/2026,19:05:30.989,-0.14E+00,-0.09E+00,+0.05E+00,+0.00E+00,+4.52E+00,-15.34E+00,+10.45E+00,-7.577E+00
2,09/2/2026,19:05:30.989,-0.09E+00,-0.09E+00,+0.05E+00,+0.00E+00,+4.30E+00,-15.32E+00,+10.65E+00,-7.561E+00
2,09/2/2026,19:05:30.989,-0.09E+00,-0.05E+00,+0.00E+00,+0.00E+00,+4.07E+00,-15.29E+00,+10.83E+00,-7.546E+00
2,09/2/2026,19:05:30.989,-0.09E+00,-0.05E+00,+0.00E+00,+0.00E+00,+3.86E+00,-15.24E+00,+11.02E+00,-7.523E+00
2,09/2/2026,19:05:30.989,-0.09E+00,-0.05E+00,+0.05E+00,+0.00E+00,+3.65E+00,-15.20E+00,+11.19E+00,-7.500E+00
2,09/2/2026,19:05:30.989,-0.09E+00,-0.05E+00,+0.05E+00,+0.00E+00,+3.42E+00,-15.14E+00,+11.35E+00,-7.470E+00
2,09/2/2026,19:05:30.989,-0.09E+00,-0.09E+00,+0.05E+00,+0.00E+00,+3.19E+00,-15.06E+00,+11.51E+00,-7.432E+00
2,09/2/2026,19:05:30.990,-0.09E+00,-0.05E+00,+0.00E+00,+0.00E+00,+2.96E+00,-14.97E+00,+11.66E+00,-7.386E+00
2,09/2/2026,19:05:30.990,-0.09E+00,-0.05E+00,+0.00E+00,+0.00E+00,+2.73E+00,-14.89E+00,+11.80E+00,-7.340E+00
2,09/2/2026,19:05:30.990,-0.09E+00,-0.05E+00,+0.05E+00,+0.00E+00,+2.49E+00,-14.80E+00,+11.93E+00,-7.294E+00
2,09/2/2026,19:05:30.990,-0.09E+00,-0.05E+00,+0.05E+00,+0.00E+00,+2.26E+00,-14.70E+00,+12.07E+00,-7.241E+00
2,09/2/2026,19:05:30.990,-0.09E+00,-0.05E+00,+0.05E+00,+0.00E+00,+2.03E+00,-14.59E+00,+12.21E+00,-7.195E+00
2,09/2/2026,19:05:30.990,-0.09E+00,-0.05E+00,+0.05E+00,+0.00E+00,+1.79E+00,-14.48E+00,+12.35E+00,-7.134E+00
2,09/2/2026,19:05:30.990,-0.09E+00,-0.05E+00,+0.05E+00,+0.00E+00,+1.54E+00,-14.38E+00,+12.47E+00,-7.073E+00
2,09/2/2026,19:05:30.990,-0.09E+00,-0.05E+00,+0.05E+00,+0.00E+00,+1.28E+00,-14.25E+00,+12.59E+00,-7.012E+00
2,09/2/2026,19:05:30.990,-0.09E+00,-0.05E+00,+0.00E+00,+0.00E+00,+1.04E+00,-14.12E+00,+12.71E+00,-6.951E+00
2,09/2/2026,19:05:30.990,-0.09E+00,-0.05E+00,+0.05E+00,+0.00E+00,+0.78E+00,-13.98E+00,+12.83E+00,-6.882E+00
2,09/2/2026,19:05:30.990,-0.09E+00,-0.05E+00,+0.05E+00,+0.00E+00,+0.53E+00,-13.84E+00,+12.94E+00,-6.806E+00
2,09/2/2026,19:05:30.990,-0.09E+00,-0.05E+00,+0.05E+00,+0.00E+00,+0.27E+00,-13.70E+00,+13.05E+00,-6.737E+00
2,09/2/2026,19:05:30.990,-0.09E+00,-0.05E+00,+0.05E+00,+0.00E+00,+0.03E+00,-13.57E+00,+13.15E+00,-6.661E+00
2,09/2/2026,19:05:30.990,-0.09E+00,-0.05E+00,+0.00E+00,+0.00E+00,-0.21E+00,-13.41E+00,+13.25E+00,-6.585E+00
2,09/2/2026,19:05:30.990,-0.09E+00,-0.05E+00,+0.05E+00,+0.00E+00,-0.47E+00,-13.26E+00,+13.35E+00,-6.508E+00
2,09/2/2026,19:05:30.990,-0.09E+00,-0.05E+00,+0.05E+00,+0.00E+00,-0.72E+00,-13.09E+00,+13.44E+00,-6.432E+00
2,09/2/2026,19:05:30.990,-0.09E+00,-0.05E+00,+0.05E+00,+0.00E+00,-0.96E+00,-12.94E+00,+13.54E+00,-6.348E+00
2,09/2/2026,19:05:30.990,-0.09E+00,-0.05E+00,+0.05E+00,+0.00E+00,-1.22E+00,-12.77E+00,+13.61E+00,-6.272E+00
2,09/2/2026,19:05:30.990,-0.09E+00,-0.05E+00,+0.05E+00,+0.00E+00,-1.48E+00,-12.60E+00,+13.70E+00,-6.188E+00
2,09/2/2026,19:05:30.990,-0.09E+00,-0.05E+00,+0.00E+00,+0.00E+00,-1.72E+00,-12.44E+00,+13.80E+00,-6.104E+00
2,09/2/2026,19:05:30.991,-0.09E+00,-0.05E+00,+0.05E+00,+0.00E+00,-1.98E+00,-12.27E+00,+13.87E+00,-6.013E+00
2,09/2/2026,19:05:30.991,-0.09E+00,-0.05E+00,+0.05E+00,+0.00E+00,-2.23E+00,-12.10E+00,+13.95E+00,-5.929E+00
2,09/2/2026,19:05:30.991,-0.14E+00,-0.05E+00,+0.05E+00,+0.00E+00,-2.47E+00,-11.92E+00,+14.02E+00,-5.845E+00
2,09/2/2026,19:05:30.991,-0.14E+00,-0.05E+00,+0.05E+00,+0.00E+00,-2.72E+00,-11.75E+00,+14.10E+00,-5.761E+00
2,09/2/2026,19:05:30.991,-0.09E+00,-0.05E+00,+0.05E+00,+0.00E+00,-2.95E+00,-11.60E+00,+14.16E+00,-5.677E+00
2,09/2/2026,19:05:30.991,-0.09E+00,-0.09E+00,+0.05E+00,+0.00E+00,-3.19E+00,-11.43E+00,+14.24E+00,-5.593E+00
2,09/2/2026,19:05:30.991,-0.09E+00,-0.09E+00,+0.05E+00,+0.00E+00,-3.42E+00,-11.26E+00,+14.30E+00,-5.509E+00
2,09/2/2026,19:05:30.991,-0.09E+00,-0.05E+00,+0.05E+00,+0.00E+00,-3.65E+00,-11.09E+00,+14.36E+00,-5.425E+00
2,09/2/2026,19:05:30.991,-0.09E+00,-0.05E+00,+0.05E+00,+0.00E+00,-3.88E+00,-10.93E+00,+14.42E+00,-5.341E+00
2,09/2/2026,19:05:30.991,-0.09E+00,-0.05E+00,+0.00E+00,-0.05E+00,-4.10E+00,-10.74E+00,+14.47E+00,-5.257E+00
2,09/2/2026,19:05:30.991,-0.09E+00,-0.05E+00,+0.05E+00,+0.00E+00,-4.33E+00,-10.58E+00,+14.53E+00,-5.166E+00
2,09/2/2026,19:05:30.991,-0.09E+00,-0.05E+00,+0.05E+00,+0.00E+00,-4.56E+00,-10.41E+00,+14.57E+00,-5.074E+00
2,09/2/2026,19:05:30.991,-0.09E+00,-0.05E+00,+0.05E+00,+0.00E+00,-4.78E+00,-10.22E+00,+14.62E+00,-4.990E+00
2,09/2/2026,19:05:30.991,-0.09E+00,-0.05E+00,+0.05E+00,+0.00E+00,-5.01E+00,-10.06E+00,+14.68E+00,-4.899E+00
2,09/2/2026,19:05:30.991,-0.09E+00,-0.05E+00,+0.00E+00,+0.00E+00,-5.22E+00,-9.87E+00,+14.73E+00,-4.807E+00
2,09/2/2026,19:05:30.991,-0.09E+00,-0.05E+00,+0.05E+00,+0.00E+00,-5.43E+00,-9.71E+00,+14.76E+00,-4.723E+00
2,09/2/2026,19:05:30.991,-0.09E+00,-0.09E+00,+0.05E+00,+0.00E+00,-5.66E+00,-9.52E+00,+14.80E+00,-4.631E+00
2,09/2/2026,19:05:30.991,-0.09E+00,-0.05E+00,+0.05E+00,+0.00E+00,-5.88E+00,-9.34E+00,+14.85E+00,-4.548E+00
2,09/2/2026,19:05:30.991,-0.09E+00,-0.05E+00,+0.05E+00,+0.00E+00,-6.09E+00,-9.17E+00,+14.88E+00,-4.456E+00
2,09/2/2026,19:05:30.991,-0.09E+00,-0.05E+00,+0.05E+00,+0.00E+00,-6.32E+00,-8.99E+00,+14.91E+00,-4.364E+00
2,09/2/2026,19:05:30.992,-0.09E+00,-0.05E+00,+0.00E+00,+0.00E+00,-6.53E+00,-8.79E+00,+14.94E+00,-4.273E+00
2,09/2/2026,19:05:30.992,-0.09E+00,-0.05E+00,+0.00E+00,+0.00E+00,-6.75E+00,-8.61E+00,+14.97E+00,-4.181E+00
2,09/2/2026,19:05:30.992,-0.09E+00,-0.05E+00,+0.05E+00,+0.00E+00,-6.94E+00,-8.42E+00,+15.00E+00,-4.090E+00
2,09/2/2026,19:05:30.992,-0.09E+00,-0.05E+00,+0.05E+00,+0.00E+00,-7.16E+00,-8.24E+00,+15.02E+00,-3.991E+00
2,09/2/2026,19:05:30.992,-0.09E+00,-0.05E+00,+0.05E+00,+0.00E+00,-7.37E+00,-8.04E+00,+15.03E+00,-3.899E+00
2,09/2/2026,19:05:30.992,-0.09E+00,-0.05E+00,+0.05E+00,+0.00E+00,-7.58E+00,-7.83E+00,+15.06E+00,-3.792E+00
2,09/2/2026,19:05:30.992,-0.09E+00,-0.05E+00,+0.05E+00,+0.00E+00,-7.80E+00,-7.63E+00,+15.08E+00,-3.693E+00
2,09/2/2026,19:05:30.992,-0.14E+00,-0.05E+00,+0.00E+00,+0.00E+00,-8.03E+00,-7.43E+00,+15.08E+00,-3.594E+00
2,09/2/2026,19:05:30.992,-0.09E+00,-0.05E+00,+0.05E+00,+0.00E+00,-8.24E+00,-7.22E+00,+15.09E+00,-3.487E+00
2,09/2/2026,19:05:30.992,-0.09E+00,-0.05E+00,+0.05E+00,+0.00E+00,-8.44E+00,-7.02E+00,+15.11E+00,-3.388E+00
2,09/2/2026,19:05:30.992,-0.09E+00,-0.05E+00,+0.05E+00,+0.00E+00,-8.67E+00,-6.82E+00,+15.11E+00,-3.289E+00
2,09/2/2026,19:05:30.992,-0.09E+00,-0.05E+00,+0.05E+00,+0.00E+00,-8.88E+00,-6.61E+00,+15.11E+00,-3.182E+00
2,09/2/2026,19:05:30.992,-0.09E+00,-0.09E+00,+0.05E+00,-0.05E+00,-9.10E+00,-6.39E+00,+15.12E+00,-3.083E+00
2,09/2/2026,19:05:30.992,-0.09E+00,-0.09E+00,+0.05E+00,-0.05E+00,-9.31E+00,-6.20E+00,+15.12E+00,-2.976E+00
2,09/2/2026,19:05:30.992,-0.09E+00,-0.05E+00,+0.05E+00,+0.00E+00,-9.51E+00,-5.98E+00,+15.12E+00,-2.869E+00
2,09/2/2026,19:05:30.992,-0.09E+00,-0.05E+00,+0.05E+00,+0.00E+00,-9.72E+00,-5.77E+00,+15.12E+00,-2.762E+00
2,09/2/2026,19:05:30.992,-0.09E+00,-0.05E+00,+0.00E+00,+0.00E+00,-9.95E+00,-5.55E+00,+15.12E+00,-2.655E+00
2,09/2/2026,19:05:30.992,-0.09E+00,-0.05E+00,+0.00E+00,+0.00E+00,-10.15E+00,-5.34E+00,+15.12E+00,-2.548E+00
2,09/2/2026,19:05:30.992,-0.09E+00,-0.05E+00,+0.05E+00,-0.05E+00,-10.36E+00,-5.13E+00,+15.12E+00,-2.442E+00
2,09/2/2026,19:05:30.992,-0.09E+00,-0.05E+00,+0.05E+00,-0.05E+00,-10.58E+00,-4.91E+00,+15.11E+00,-2.335E+00
2,09/2/2026,19:05:30.993,-0.09E+00,-0.09E+00,+0.05E+00,+0.00E+00,-10.77E+00,-4.70E+00,+15.11E+00,-2.228E+00
2,09/2/2026,19:05:30.993,-0.09E+00,-0.09E+00,+0.05E+00,+0.00E+00,-10.97E+00,-4.49E+00,+15.09E+00,-2.121E+00
2,09/2/2026,19:05:30.993,-0.09E+00,-0.05E+00,+0.05E+00,+0.00E+00,-11.17E+00,-4.27E+00,+15.06E+00,-2.014E+00
2,09/2/2026,19:05:30.993,-0.09E+00,-0.09E+00,+0.05E+00,+0.00E+00,-11.35E+00,-4.04E+00,+15.03E+00,-1.908E+00
2,09/2/2026,19:05:30.993,-0.09E+00,-0.05E+00,+0.05E+00,+0.00E+00,-11.54E+00,-3.83E+00,+15.00E+00,-1.801E+00
2,09/2/2026,19:05:30.993,-0.09E+00,-0.05E+00,+0.05E+00,+0.00E+00,-11.72E+00,-3.60E+00,+14.95E+00,-1.686E+00
2,09/2/2026,19:05:30.993,-0.09E+00,-0.05E+00,+0.05E+00,+0.00E+00,-11.89E+00,-3.39E+00,+14.91E+00,-1.572E+00
2,09/2/2026,19:05:30.993,-0.09E+00,-0.05E+00,+0.05E+00,+0.00E+00,-12.04E+00,-3.16E+00,+14.83E+00,-1.457E+00
2,09/2/2026,19:05:30.993,-0.09E+00,-0.05E+00,+0.05E+00,+0.00E+00,-12.18E+00,-2.91E+00,+14.74E+00,-1.343E+00
2,09/2/2026,19:05:30.993,-0.09E+00,-0.05E+00,+0.05E+00,+0.00E+00,-12.33E+00,-2.69E+00,+14.65E+00,-1.228E+00
2,09/2/2026,19:05:30.993,-0.09E+00,-0.05E+00,+0.05E+00,+0.00E+00,-12.45E+00,-2.44E+00,+14.53E+00,-1.106E+00
2,09/2/2026,19:05:30.993,-0.09E+00,-0.05E+00,+0.00E+00,+0.00E+00,-12.59E+00,-2.20E+00,+14.42E+00,-0.992E+00
2,09/2/2026,19:05:30.993,-0.09E+00,-0.05E+00,+0.00E+00,+0.00E+00,-12.71E+00,-1.97E+00,+14.31E+00,-0.870E+00
2,09/2/2026,19:05:30.993,-0.09E+00,-0.05E+00,+0.05E+00,+0.00E+00,-12.83E+00,-1.72E+00,+14.19E+00,-0.748E+00
2,09/2/2026,19:05:30.993,-0.09E+00,-0.05E+00,+0.05E+00,+0.00E+00,-12.96E+00,-1.50E+00,+14.07E+00,-0.633E+00
2,09/2/2026,19:05:30.993,-0.09E+00,-0.09E+00,+0.05E+00,+0.00E+00,-13.06E+00,-1.25E+00,+13.95E+00,-0.511E+00
2,09/2/2026,19:05:30.993,-0.09E+00,-0.09E+00,+0.05E+00,+0.00E+00,-13.18E+00,-1.01E+00,+13.83E+00,-0.397E+00
2,09/2/2026,19:05:30.993,-0.09E+00,-0.05E+00,+0.05E+00,+0.00E+00,-13.29E+00,-0.76E+00,+13.70E+00,-0.275E+00
2,09/2/2026,19:05:30.993,-0.14E+00,-0.05E+00,+0.00E+00,+0.00E+00,-13.40E+00,-0.53E+00,+13.58E+00,-0.160E+00
2,09/2/2026,19:05:30.993,-0.09E+00,-0.05E+00,+0.00E+00,+0.00E+00,-13.51E+00,-0.31E+00,+13.44E+00,-0.046E+00
2,09/2/2026,19:05:30.994,-0.09E+00,-0.05E+00,+0.00E+00,+0.00E+00,-13.60E+00,-0.06E+00,+13.31E+00,+0.076E+00
2,09/2/2026,19:05:30.994,-0.09E+00,-0.05E+00,+0.00E+00,+0.00E+00,-13.69E+00,+0.17E+00,+13.17E+00,+0.191E+00
2,09/2/2026,19:05:30.994,-0.09E+00,-0.05E+00,+0.05E+00,+0.00E+00,-13.78E+00,+0.40E+00,+13.00E+00,+0.305E+00
2,09/2/2026,19:05:30.994,-0.09E+00,-0.09E+00,+0.05E+00,-0.05E+00,-13.86E+00,+0.64E+00,+12.85E+00,+0.427E+00
2,09/2/2026,19:05:30.994,-0.09E+00,-0.05E+00,+0.05E+00,+0.00E+00,-13.93E+00,+0.89E+00,+12.68E+00,+0.549E+00
2,09/2/2026,19:05:30.994,-0.09E+00,-0.05E+00,+0.05E+00,+0.00E+00,-13.99E+00,+1.13E+00,+12.50E+00,+0.671E+00
2,09/2/2026,19:05:30.994,-0.09E+00,-0.05E+00,+0.05E+00,+0.00E+00,-14.07E+00,+1.40E+00,+12.31E+00,+0.801E+00
2,09/2/2026,19:05:30.994,-0.09E+00,-0.05E+00,+0.05E+00,+0.00E+00,-14.13E+00,+1.63E+00,+12.13E+00,+0.923E+00
2,09/2/2026,19:05:30.994,-0.09E+00,-0.05E+00,+0.05E+00,+0.00E+00,-14.21E+00,+1.89E+00,+11.95E+00,+1.045E+00
2,09/2/2026,19:05:30.994,-0.09E+00,-0.05E+00,+0.00E+00,+0.00E+00,-14.27E+00,+2.14E+00,+11.77E+00,+1.167E+00
2,09/2/2026,19:05:30.994,-0.09E+00,-0.05E+00,+0.00E+00,+0.00E+00,-14.34E+00,+2.40E+00,+11.60E+00,+1.289E+00
2,09/2/2026,19:05:30.994,-0.09E+00,-0.05E+00,+0.05E+00,+0.00E+00,-14.42E+00,+2.62E+00,+11.43E+00,+1.412E+00
2,09/2/2026,19:05:30.994,-0.09E+00,-0.05E+00,+0.05E+00,+0.00E+00,-14.48E+00,+2.87E+00,+11.25E+00,+1.534E+00
2,09/2/2026,19:05:30.994,-0.09E+00,-0.09E+00,+0.05E+00,+0.00E+00,-14.54E+00,+3.11E+00,+11.08E+00,+1.648E+00
2,09/2/2026,19:05:30.994,-0.09E+00,-0.05E+00,+0.05E+00,+0.00E+00,-14.60E+00,+3.34E+00,+10.91E+00,+1.763E+00
2,09/2/2026,19:05:30.994,-0.09E+00,-0.05E+00,+0.05E+00,+0.00E+00,-14.68E+00,+3.57E+00,+10.74E+00,+1.877E+00
2,09/2/2026,19:05:30.994,-0.09E+00,-0.05E+00,+0.05E+00,+0.00E+00,-14.74E+00,+3.80E+00,+10.56E+00,+1.991E+00
2,09/2/2026,19:05:30.994,-0.09E+00,-0.05E+00,+0.00E+00,+0.00E+00,-14.79E+00,+4.04E+00,+10.39E+00,+2.114E+00
2,09/2/2026,19:05:30.994,-0.09E+00,-0.05E+00,+0.00E+00,+0.00E+00,-14.83E+00,+4.27E+00,+10.21E+00,+2.228E+00
2,09/2/2026,19:05:30.994,-0.09E+00,-0.09E+00,+0.05E+00,+0.00E+00,-14.89E+00,+4.50E+00,+10.03E+00,+2.342E+00
2,09/2/2026,19:05:30.995,-0.09E+00,-0.09E+00,+0.05E+00,+0.00E+00,-14.94E+00,+4.73E+00,+9.84E+00,+2.457E+00
2,09/2/2026,19:05:30.995,-0.09E+00,-0.09E+00,+0.05E+00,+0.00E+00,-14.97E+00,+4.97E+00,+9.66E+00,+2.564E+00
2,09/2/2026,19:05:30.995,-0.09E+00,-0.05E+00,+0.05E+00,+0.00E+00,-15.02E+00,+5.19E+00,+9.48E+00,+2.678E+00
2,09/2/2026,19:05:30.995,-0.09E+00,-0.05E+00,+0.05E+00,+0.00E+00,-15.06E+00,+5.42E+00,+9.28E+00,+2.793E+00
2,09/2/2026,19:05:30.995,-0.09E+00,-0.05E+00,+0.05E+00,+0.00E+00,-15.09E+00,+5.63E+00,+9.10E+00,+2.899E+00
2,09/2/2026,19:05:30.995,-0.09E+00,-0.05E+00,+0.05E+00,+0.00E+00,-15.12E+00,+5.86E+00,+8.90E+00,+3.006E+00
2,09/2/2026,19:05:30.995,-0.09E+00,-0.05E+00,+0.05E+00,+0.00E+00,-15.15E+00,+6.07E+00,+8.71E+00,+3.113E+00
2,09/2/2026,19:05:30.995,-0.09E+00,-0.05E+00,+0.00E+00,+0.00E+00,-15.17E+00,+6.30E+00,+8.53E+00,+3.228E+00
2,09/2/2026,19:05:30.995,-0.09E+00,-0.05E+00,+0.05E+00,+0.00E+00,-15.21E+00,+6.52E+00,+8.33E+00,+3.334E+00
2,09/2/2026,19:05:30.995,-0.09E+00,-0.05E+00,+0.05E+00,+0.00E+00,-15.23E+00,+6.71E+00,+8.15E+00,+3.434E+00
2,09/2/2026,19:05:30.995,-0.09E+00,-0.05E+00,+0.00E+00,+0.00E+00,-15.24E+00,+6.93E+00,+7.97E+00,+3.540E+00
2,09/2/2026,19:05:30.995,-0.09E+00,-0.05E+00,+0.05E+00,-0.05E+00,-15.26E+00,+7.14E+00,+7.77E+00,+3.647E+00
2,09/2/2026,19:05:30.995,-0.09E+00,-0.05E+00,+0.05E+00,+0.00E+00,-15.29E+00,+7.37E+00,+7.57E+00,+3.754E+00
2,09/2/2026,19:05:30.995,-0.09E+00,-0.05E+00,+0.05E+00,+0.00E+00,-15.31E+00,+7.58E+00,+7.36E+00,+3.861E+00
2,09/2/2026,19:05:30.995,-0.09E+00,-0.05E+00,+0.05E+00,-0.05E+00,-15.31E+00,+7.80E+00,+7.14E+00,+3.968E+00
2,09/2/2026,19:05:30.995,-0.09E+00,-0.05E+00,+0.05E+00,-0.05E+00,-15.31E+00,+8.01E+00,+6.94E+00,+4.074E+00
2,09/2/2026,19:05:30.995,-0.09E+00,-0.05E+00,+0.05E+00,+0.00E+00,-15.31E+00,+8.23E+00,+6.73E+00,+4.174E+00
2,09/2/2026,19:05:30.995,-0.09E+00,-0.05E+00,+0.05E+00,+0.00E+00,-15.31E+00,+8.44E+00,+6.52E+00,+4.280E+00
2,09/2/2026,19:05:30.995,-0.09E+00,-0.09E+00,+0.05E+00,-0.05E+00,-15.31E+00,+8.65E+00,+6.30E+00,+4.387E+00
2,09/2/2026,19:05:30.995,-0.09E+00,-0.09E+00,+0.05E+00,+0.00E+00,-15.32E+00,+8.87E+00,+6.09E+00,+4.494E+00
2,09/2/2026,19:05:30.996,-0.09E+00,-0.05E+00,+0.05E+00,+0.00E+00,-15.31E+00,+9.06E+00,+5.88E+00,+4.593E+00
2,09/2/2026,19:05:30.996,-0.09E+00,-0.05E+00,+0.05E+00,+0.00E+00,-15.29E+00,+9.28E+00,+5.66E+00,+4.700E+00
2,09/2/2026,19:05:30.996,-0.09E+00,-0.09E+00,+0.05E+00,+0.00E+00,-15.29E+00,+9.49E+00,+5.45E+00,+4.799E+00
2,09/2/2026,19:05:30.996,-0.09E+00,-0.05E+00,+0.05E+00,+0.00E+00,-15.29E+00,+9.69E+00,+5.23E+00,+4.899E+00
2,09/2/2026,19:05:30.996,-0.09E+00,-0.05E+00,+0.00E+00,-0.05E+00,-15.28E+00,+9.90E+00,+5.02E+00,+5.005E+00
2,09/2/2026,19:05:30.996,-0.09E+00,-0.09E+00,+0.05E+00,-0.05E+00,-15.26E+00,+10.10E+00,+4.81E+00,+5.105E+00
2,09/2/2026,19:05:30.996,-0.09E+00,-0.05E+00,+0.05E+00,+0.00E+00,-15.24E+00,+10.32E+00,+4.58E+00,+5.204E+00
2,09/2/2026,19:05:30.996,-0.09E+00,-0.05E+00,+0.05E+00,+0.00E+00,-15.23E+00,+10.50E+00,+4.35E+00,+5.303E+00
2,09/2/2026,19:05:30.996,-0.09E+00,-0.09E+00,+0.05E+00,+0.00E+00,-15.18E+00,+10.70E+00,+4.14E+00,+5.402E+00
2,09/2/2026,19:05:30.996,-0.09E+00,-0.05E+00,+0.05E+00,+0.00E+00,-15.15E+00,+10.90E+00,+3.91E+00,+5.494E+00
2,09/2/2026,19:05:30.996,-0.09E+00,-0.05E+00,+0.05E+00,-0.05E+00,-15.11E+00,+11.08E+00,+3.68E+00,+5.578E+00
2,09/2/2026,19:05:30.996,-0.09E+00,-0.05E+00,+0.05E+00,+0.00E+00,-15.06E+00,+11.25E+00,+3.45E+00,+5.669E+00
2,09/2/2026,19:05:30.996,-0.09E+00,-0.05E+00,+0.05E+00,+0.00E+00,-14.99E+00,+11.41E+00,+3.22E+00,+5.745E+00
2,09/2/2026,19:05:30.996,-0.09E+00,-0.05E+00,+0.05E+00,+0.00E+00,-14.92E+00,+11.57E+00,+2.99E+00,+5.822E+00
2,09/2/2026,19:05:30.996,-0.09E+00,-0.05E+00,+0.05E+00,+0.00E+00,-14.85E+00,+11.72E+00,+2.76E+00,+5.898E+00
2,09/2/2026,19:05:30.996,-0.09E+00,-0.05E+00,+0.05E+00,-0.05E+00,-14.76E+00,+11.87E+00,+2.53E+00,+5.974E+00
2,09/2/2026,19:05:30.996,-0.09E+00,-0.05E+00,+0.05E+00,-0.05E+00,-14.68E+00,+12.03E+00,+2.30E+00,+6.043E+00
2,09/2/2026,19:05:30.996,-0.09E+00,-0.05E+00,+0.00E+00,-0.05E+00,-14.57E+00,+12.16E+00,+2.06E+00,+6.119E+00
2,09/2/2026,19:05:30.996,-0.09E+00,-0.05E+00,+0.05E+00,+0.00E+00,-14.48E+00,+12.30E+00,+1.82E+00,+6.180E+00
2,09/2/2026,19:05:30.996,-0.09E+00,-0.05E+00,+0.05E+00,+0.00E+00,-14.38E+00,+12.44E+00,+1.59E+00,+6.249E+00
2,09/2/2026,19:05:30.997,-0.09E+00,-0.09E+00,+0.05E+00,+0.00E+00,-14.25E+00,+12.56E+00,+1.34E+00,+6.310E+00
2,09/2/2026,19:05:30.997,-0.09E+00,-0.05E+00,+0.05E+00,+0.00E+00,-14.15E+00,+12.68E+00,+1.08E+00,+6.371E+00
2,09/2/2026,19:05:30.997,-0.14E+00,-0.05E+00,+0.05E+00,+0.00E+00,-14.01E+00,+12.82E+00,+0.84E+00,+6.432E+00
2,09/2/2026,19:05:30.997,-0.09E+00,-0.05E+00,+0.05E+00,+0.00E+00,-13.89E+00,+12.94E+00,+0.60E+00,+6.493E+00
2,09/2/2026,19:05:30.997,-0.09E+00,-0.05E+00,+0.05E+00,+0.00E+00,-13.75E+00,+13.05E+00,+0.35E+00,+6.547E+00
2,09/2/2026,19:05:30.997,-0.09E+00,-0.05E+00,+0.05E+00,+0.00E+00,-13.63E+00,+13.17E+00,+0.09E+00,+6.608E+00
2,09/2/2026,19:05:30.997,-0.09E+00,-0.05E+00,+0.05E+00,+0.00E+00,-13.49E+00,+13.28E+00,-0.15E+00,+6.661E+00
2,09/2/2026,19:05:30.997,-0.09E+00,-0.05E+00,+0.05E+00,+0.00E+00,-13.35E+00,+13.38E+00,-0.40E+00,+6.707E+00
2,09/2/2026,19:05:30.997,-0.09E+00,-0.05E+00,+0.05E+00,+0.00E+00,-13.20E+00,+13.47E+00,-0.64E+00,+6.760E+00
2,09/2/2026,19:05:30.997,-0.09E+00,-0.09E+00,+0.05E+00,+0.00E+00,-13.05E+00,+13.58E+00,-0.90E+00,+6.806E+00
2,09/2/2026,19:05:30.997,-0.14E+00,-0.09E+00,+0.05E+00,+0.00E+00,-12.88E+00,+13.67E+00,-1.14E+00,+6.852E+00
2,09/2/2026,19:05:30.997,-0.09E+00,-0.05E+00,+0.00E+00,+0.00E+00,-12.73E+00,+13.75E+00,-1.40E+00,+6.890E+00
2,09/2/2026,19:05:30.997,-0.09E+00,-0.05E+00,+0.05E+00,+0.00E+00,-12.56E+00,+13.84E+00,-1.65E+00,+6.928E+00
2,09/2/2026,19:05:30.997,-0.09E+00,-0.05E+00,+0.05E+00,-0.05E+00,-12.38E+00,+13.92E+00,-1.91E+00,+6.974E+00
2,09/2/2026,19:05:30.997,-0.09E+00,-0.05E+00,+0.00E+00,-0.05E+00,-12.21E+00,+13.99E+00,-2.15E+00,+7.004E+00
2,09/2/2026,19:05:30.997,-0.09E+00,-0.05E+00,+0.05E+00,+0.00E+00,-12.04E+00,+14.07E+00,-2.40E+00,+7.043E+00
2,09/2/2026,19:05:30.997,-0.09E+00,-0.05E+00,+0.05E+00,+0.00E+00,-11.87E+00,+14.15E+00,-2.64E+00,+7.081E+00
2,09/2/2026,19:05:30.997,-0.09E+00,-0.05E+00,+0.05E+00,+0.00E+00,-11.69E+00,+14.22E+00,-2.88E+00,+7.119E+00
2,09/2/2026,19:05:30.997,-0.09E+00,-0.05E+00,+0.05E+00,+0.00E+00,-11.52E+00,+14.28E+00,-3.13E+00,+7.149E+00
2,09/2/2026,19:05:30.997,-0.09E+00,-0.05E+00,+0.05E+00,+0.00E+00,-11.34E+00,+14.34E+00,-3.37E+00,+7.180E+00
2,09/2/2026,19:05:30.998,-0.09E+00,-0.05E+00,+0.05E+00,+0.00E+00,-11.17E+00,+14.41E+00,-3.62E+00,+7.210E+00
2,09/2/2026,19:05:30.998,-0.09E+00,-0.05E+00,+0.00E+00,+0.00E+00,-10.99E+00,+14.48E+00,-3.86E+00,+7.241E+00
2,09/2/2026,19:05:30.998,-0.09E+00,-0.05E+00,+0.05E+00,+0.00E+00,-10.80E+00,+14.54E+00,-4.09E+00,+7.264E+00
2,09/2/2026,19:05:30.998,-0.09E+00,-0.05E+00,+0.05E+00,+0.00E+00,-10.64E+00,+14.59E+00,-4.32E+00,+7.294E+00
2,09/2/2026,19:05:30.998,-0.09E+00,-0.05E+00,+0.05E+00,+0.00E+00,-10.47E+00,+14.65E+00,-4.55E+00,+7.317E+00
2,09/2/2026,19:05:30.998,-0.14E+00,-0.05E+00,+0.05E+00,+0.00E+00,-10.29E+00,+14.70E+00,-4.78E+00,+7.340E+00
2,09/2/2026,19:05:30.998,-0.09E+00,-0.05E+00,+0.05E+00,+0.00E+00,-10.10E+00,+14.74E+00,-5.01E+00,+7.363E+00
2,09/2/2026,19:05:30.998,-0.09E+00,-0.05E+00,+0.05E+00,+0.00E+00,-9.92E+00,+14.80E+00,-5.23E+00,+7.386E+00
2,09/2/2026,19:05:30.998,-0.09E+00,-0.09E+00,+0.05E+00,+0.00E+00,-9.75E+00,+14.83E+00,-5.45E+00,+7.409E+00
2,09/2/2026,19:05:30.998,-0.09E+00,-0.05E+00,+0.05E+00,+0.00E+00,-9.57E+00,+14.88E+00,-5.68E+00,+7.432E+00
2,09/2/2026,19:05:30.998,-0.09E+00,-0.05E+00,+0.05E+00,+0.00E+00,-9.39E+00,+14.92E+00,-5.91E+00,+7.447E+00
2,09/2/2026,19:05:30.998,-0.09E+00,-0.05E+00,+0.05E+00,-0.05E+00,-9.20E+00,+14.95E+00,-6.13E+00,+7.462E+00
2,09/2/2026,19:05:30.998,-0.09E+00,-0.09E+00,+0.05E+00,+0.00E+00,-9.02E+00,+14.99E+00,-6.35E+00,+7.477E+00
2,09/2/2026,19:05:30.998,-0.14E+00,-0.05E+00,+0.05E+00,+0.00E+00,-8.82E+00,+15.02E+00,-6.56E+00,+7.493E+00
2,09/2/2026,19:05:30.998,-0.09E+00,-0.05E+00,+0.05E+00,+0.00E+00,-8.64E+00,+15.05E+00,-6.78E+00,+7.508E+00
2,09/2/2026,19:05:30.998,-0.09E+00,-0.05E+00,+0.05E+00,+0.00E+00,-8.45E+00,+15.08E+00,-6.99E+00,+7.523E+00
2,09/2/2026,19:05:30.998,-0.09E+00,-0.05E+00,+0.05E+00,+0.00E+00,-8.27E+00,+15.11E+00,-7.20E+00,+7.531E+00
2,09/2/2026,19:05:30.998,-0.09E+00,-0.05E+00,+0.05E+00,+0.00E+00,-8.09E+00,+15.14E+00,-7.42E+00,+7.546E+00
2,09/2/2026,19:05:30.998,-0.09E+00,-0.05E+00,+0.05E+00,+0.00E+00,-7.90E+00,+15.17E+00,-7.61E+00,+7.554E+00
2,09/2/2026,19:05:30.998,-0.09E+00,-0.05E+00,+0.05E+00,+0.00E+00,-7.72E+00,+15.17E+00,-7.83E+00,+7.569E+00
2,09/2/2026,19:05:30.999,-0.09E+00,-0.05E+00,+0.05E+00,+0.00E+00,-7.51E+00,+15.18E+00,-8.04E+00,+7.569E+00
2,09/2/2026,19:05:30.999,-0.09E+00,-0.05E+00,+0.05E+00,+0.00E+00,-7.31E+00,+15.21E+00,-8.27E+00,+7.577E+00
2,09/2/2026,19:05:30.999,-0.09E+00,-0.05E+00,+0.05E+00,+0.00E+00,-7.10E+00,+15.21E+00,-8.48E+00,+7.577E+00
2,09/2/2026,19:05:30.999,-0.09E+00,-0.05E+00,+0.05E+00,-0.05E+00,-6.90E+00,+15.21E+00,-8.71E+00,+7.584E+00
2,09/2/2026,19:05:30.999,-0.09E+00,-0.05E+00,+0.05E+00,-0.05E+00,-6.67E+00,+15.23E+00,-8.93E+00,+7.584E+00
2,09/2/2026,19:05:30.999,-0.09E+00,-0.05E+00,+0.05E+00,+0.00E+00,-6.47E+00,+15.23E+00,-9.14E+00,+7.584E+00
2,09/2/2026,19:05:30.999,-0.09E+00,-0.05E+00,+0.05E+00,+0.00E+00,-6.26E+00,+15.24E+00,-9.35E+00,+7.592E+00
2,09/2/2026,19:05:30.999,-0.09E+00,-0.05E+00,+0.05E+00,+0.00E+00,-6.06E+00,+15.24E+00,-9.55E+00,+7.584E+00
2,09/2/2026,19:05:30.999,-0.09E+00,-0.05E+00,+0.05E+00,+0.00E+00,-5.84E+00,+15.24E+00,-9.77E+00,+7.584E+00
2,09/2/2026,19:05:30.999,-0.09E+00,-0.05E+00,+0.05E+00,+0.00E+00,-5.63E+00,+15.24E+00,-9.98E+00,+7.584E+00
2,09/2/2026,19:05:30.999,-0.09E+00,-0.05E+00,+0.05E+00,-0.05E+00,-5.42E+00,+15.24E+00,-10.19E+00,+7.584E+00
2,09/2/2026,19:05:30.999,-0.09E+00,-0.05E+00,+0.00E+00,+0.00E+00,-5.20E+00,+15.23E+00,-10.39E+00,+7.577E+00
2,09/2/2026,19:05:30.999,-0.09E+00,-0.05E+00,+0.05E+00,+0.00E+00,-5.01E+00,+15.21E+00,-10.59E+00,+7.569E+00
2,09/2/2026,19:05:30.999,-0.09E+00,-0.05E+00,+0.05E+00,+0.00E+00,-4.79E+00,+15.21E+00,-10.80E+00,+7.561E+00
2,09/2/2026,19:05:30.999,-0.09E+00,-0.05E+00,+0.05E+00,+0.00E+00,-4.56E+00,+15.18E+00,-11.00E+00,+7.546E+00
2,09/2/2026,19:05:30.999,-0.09E+00,-0.05E+00,+0.05E+00,+0.00E+00,-4.35E+00,+15.15E+00,-11.19E+00,+7.531E+00
2,09/2/2026,19:05:30.999,-0.09E+00,-0.09E+00,+0.05E+00,+0.00E+00,-4.12E+00,+15.12E+00,-11.37E+00,+7.516E+00
2,09/2/2026,19:05:30.999,-0.09E+00,-0.09E+00,+0.05E+00,+0.00E+00,-3.91E+00,+15.06E+00,-11.54E+00,+7.485E+00
2,09/2/2026,19:05:30.999,-0.09E+00,-0.09E+00,+0.05E+00,+0.00E+00,-3.68E+00,+15.00E+00,-11.70E+00,+7.455E+00
2,09/2/2026,19:05:30.999,-0.09E+00,-0.05E+00,+0.05E+00,+0.00E+00,-3.43E+00,+14.92E+00,-11.86E+00,+7.416E+00
2,09/2/2026,19:05:31.000,-0.09E+00,-0.05E+00,+0.05E+00,+0.00E+00,-3.20E+00,+14.83E+00,-12.01E+00,+7.371E+00
2,09/2/2026,19:05:31.000,-0.09E+00,-0.05E+00,+0.05E+00,+0.00E+00,-2.98E+00,+14.74E+00,-12.15E+00,+7.325E+00
2,09/2/2026,19:05:31.000,-0.09E+00,-0.05E+00,+0.00E+00,+0.00E+00,-2.75E+00,+14.67E+00,-12.28E+00,+7.279E+00
2,09/2/2026,19:05:31.000,-0.09E+00,-0.05E+00,+0.05E+00,-0.05E+00,-2.52E+00,+14.56E+00,-12.42E+00,+7.233E+00
2,09/2/2026,19:05:31.000,-0.09E+00,-0.05E+00,+0.05E+00,+0.00E+00,-2.27E+00,+14.47E+00,-12.56E+00,+7.172E+00
2,09/2/2026,19:05:31.000,-0.09E+00,-0.05E+00,+0.05E+00,+0.00E+00,-2.04E+00,+14.36E+00,-12.70E+00,+7.127E+00
2,09/2/2026,19:05:31.000,-0.09E+00,-0.05E+00,+0.05E+00,+0.00E+00,-1.80E+00,+14.24E+00,-12.82E+00,+7.073E+00
2,09/2/2026,19:05:31.000,-0.14E+00,-0.05E+00,+0.05E+00,+0.00E+00,-1.56E+00,+14.12E+00,-12.94E+00,+7.004E+00
2,09/2/2026,19:05:31.000,-0.09E+00,-0.05E+00,+0.05E+00,+0.00E+00,-1.30E+00,+13.99E+00,-13.06E+00,+6.936E+00
2,09/2/2026,19:05:31.000,-0.09E+00,-0.05E+00,+0.05E+00,+0.00E+00,-1.04E+00,+13.86E+00,-13.17E+00,+6.867E+00
2,09/2/2026,19:05:31.000,-0.09E+00,-0.05E+00,+0.05E+00,+0.00E+00,-0.79E+00,+13.72E+00,-13.28E+00,+6.798E+00
2,09/2/2026,19:05:31.000,-0.09E+00,-0.05E+00,+0.05E+00,+0.00E+00,-0.55E+00,+13.57E+00,-13.38E+00,+6.722E+00
2,09/2/2026,19:05:31.000,-0.09E+00,-0.05E+00,+0.00E+00,+0.00E+00,-0.31E+00,+13.41E+00,-13.49E+00,+6.646E+00
2,09/2/2026,19:05:31.000,-0.09E+00,-0.09E+00,+0.05E+00,+0.00E+00,-0.05E+00,+13.28E+00,-13.60E+00,+6.577E+00
2,09/2/2026,19:05:31.000,-0.09E+00,-0.09E+00,+0.05E+00,+0.00E+00,+0.21E+00,+13.12E+00,-13.69E+00,+6.493E+00
2,09/2/2026,19:05:31.000,-0.09E+00,-0.05E+00,+0.05E+00,+0.00E+00,+0.46E+00,+12.97E+00,-13.80E+00,+6.417E+00
2,09/2/2026,19:05:31.000,-0.09E+00,-0.05E+00,+0.05E+00,+0.00E+00,+0.70E+00,+12.80E+00,-13.89E+00,+6.341E+00
2,09/2/2026,19:05:31.000,-0.09E+00,-0.09E+00,+0.05E+00,+0.00E+00,+0.96E+00,+12.65E+00,-13.98E+00,+6.257E+00
2,09/2/2026,19:05:31.000,-0.09E+00,-0.09E+00,+0.05E+00,+0.00E+00,+1.22E+00,+12.48E+00,-14.07E+00,+6.173E+00
2,09/2/2026,19:05:31.000,-0.09E+00,-0.05E+00,+0.05E+00,+0.00E+00,+1.46E+00,+12.31E+00,-14.15E+00,+6.096E+00
2,09/2/2026,19:05:31.001,-0.09E+00,-0.05E+00,+0.05E+00,+0.00E+00,+1.71E+00,+12.15E+00,-14.24E+00,+6.005E+00
2,09/2/2026,19:05:31.001,-0.09E+00,-0.05E+00,+0.00E+00,+0.00E+00,+1.97E+00,+11.98E+00,-14.30E+00,+5.921E+00
2,09/2/2026,19:05:31.001,-0.09E+00,-0.05E+00,+0.05E+00,+0.00E+00,+2.21E+00,+11.81E+00,-14.38E+00,+5.837E+00
2,09/2/2026,19:05:31.001,-0.09E+00,-0.05E+00,+0.05E+00,+0.00E+00,+2.46E+00,+11.64E+00,-14.45E+00,+5.745E+00
2,09/2/2026,19:05:31.001,-0.09E+00,-0.09E+00,+0.05E+00,+0.00E+00,+2.69E+00,+11.46E+00,-14.51E+00,+5.662E+00
2,09/2/2026,19:05:31.001,-0.14E+00,-0.05E+00,+0.05E+00,+0.00E+00,+2.91E+00,+11.29E+00,-14.57E+00,+5.578E+00
2,09/2/2026,19:05:31.001,-0.09E+00,-0.05E+00,+0.05E+00,+0.00E+00,+3.16E+00,+11.14E+00,-14.65E+00,+5.494E+00
2,09/2/2026,19:05:31.001,-0.09E+00,-0.05E+00,+0.05E+00,+0.00E+00,+3.39E+00,+10.97E+00,-14.71E+00,+5.410E+00
2,09/2/2026,19:05:31.001,-0.09E+00,-0.05E+00,+0.05E+00,+0.00E+00,+3.62E+00,+10.79E+00,-14.77E+00,+5.326E+00
2,09/2/2026,19:05:31.001,-0.09E+00,-0.05E+00,+0.05E+00,+0.00E+00,+3.85E+00,+10.62E+00,-14.82E+00,+5.242E+00
2,09/2/2026,19:05:31.001,-0.14E+00,-0.05E+00,+0.05E+00,+0.00E+00,+4.07E+00,+10.45E+00,-14.88E+00,+5.158E+00
2,09/2/2026,19:05:31.001,-0.14E+00,-0.05E+00,+0.05E+00,-0.05E+00,+4.29E+00,+10.29E+00,-14.94E+00,+5.066E+00
2,09/2/2026,19:05:31.001,-0.09E+00,-0.05E+00,+0.05E+00,-0.05E+00,+4.52E+00,+10.12E+00,-14.99E+00,+4.982E+00
2,09/2/2026,19:05:31.001,-0.09E+00,-0.05E+00,+0.00E+00,+0.00E+00,+4.73E+00,+9.93E+00,-15.03E+00,+4.891E+00
2,09/2/2026,19:05:31.001,-0.09E+00,-0.05E+00,+0.00E+00,+0.00E+00,+4.96E+00,+9.75E+00,-15.08E+00,+4.807E+00
2,09/2/2026,19:05:31.001,-0.09E+00,-0.05E+00,+0.05E+00,+0.00E+00,+5.19E+00,+9.58E+00,-15.12E+00,+4.715E+00
2,09/2/2026,19:05:31.001,-0.09E+00,-0.05E+00,+0.05E+00,+0.00E+00,+5.40E+00,+9.40E+00,-15.17E+00,+4.624E+00
2,09/2/2026,19:05:31.001,-0.14E+00,-0.05E+00,+0.05E+00,-0.05E+00,+5.62E+00,+9.22E+00,-15.20E+00,+4.540E+00
2,09/2/2026,19:05:31.001,-0.09E+00,-0.05E+00,+0.05E+00,-0.05E+00,+5.84E+00,+9.03E+00,-15.24E+00,+4.448E+00
2,09/2/2026,19:05:31.001,-0.09E+00,-0.05E+00,+0.05E+00,+0.00E+00,+6.04E+00,+8.87E+00,-15.28E+00,+4.357E+00
2,09/2/2026,19:05:31.002,-0.09E+00,-0.09E+00,+0.05E+00,+0.00E+00,+6.26E+00,+8.67E+00,-15.31E+00,+4.265E+00
2,09/2/2026,19:05:31.002,-0.09E+00,-0.09E+00,+0.05E+00,+0.00E+00,+6.47E+00,+8.48E+00,-15.34E+00,+4.174E+00
2,09/2/2026,19:05:31.002,-0.14E+00,-0.05E+00,+0.05E+00,+0.00E+00,+6.70E+00,+8.30E+00,-15.35E+00,+4.082E+00
2,09/2/2026,19:05:31.002,-0.14E+00,-0.05E+00,+0.05E+00,+0.00E+00,+6.90E+00,+8.10E+00,-15.38E+00,+3.983E+00
2,09/2/2026,19:05:31.002,-0.09E+00,-0.09E+00,+0.05E+00,+0.00E+00,+7.11E+00,+7.92E+00,-15.40E+00,+3.884E+00
2,09/2/2026,19:05:31.002,-0.09E+00,-0.05E+00,+0.05E+00,+0.00E+00,+7.32E+00,+7.72E+00,-15.41E+00,+3.785E+00
2,09/2/2026,19:05:31.002,-0.09E+00,-0.05E+00,+0.05E+00,+0.00E+00,+7.54E+00,+7.52E+00,-15.43E+00,+3.685E+00
2,09/2/2026,19:05:31.002,-0.09E+00,-0.05E+00,+0.00E+00,+0.00E+00,+7.75E+00,+7.31E+00,-15.44E+00,+3.586E+00
2,09/2/2026,19:05:31.002,-0.09E+00,-0.05E+00,+0.05E+00,+0.00E+00,+7.98E+00,+7.11E+00,-15.44E+00,+3.487E+00
2,09/2/2026,19:05:31.002,-0.09E+00,-0.05E+00,+0.05E+00,+0.00E+00,+8.18E+00,+6.91E+00,-15.46E+00,+3.380E+00
2,09/2/2026,19:05:31.002,-0.09E+00,-0.05E+00,+0.05E+00,-0.05E+00,+8.39E+00,+6.70E+00,-15.46E+00,+3.281E+00
2,09/2/2026,19:05:31.002,-0.09E+00,-0.05E+00,+0.05E+00,+0.00E+00,+8.61E+00,+6.50E+00,-15.47E+00,+3.174E+00
2,09/2/2026,19:05:31.002,-0.05E+00,-0.05E+00,+0.05E+00,+0.00E+00,+8.82E+00,+6.29E+00,-15.47E+00,+3.067E+00
2,09/2/2026,19:05:31.002,-0.09E+00,-0.05E+00,+0.05E+00,+0.00E+00,+9.03E+00,+6.07E+00,-15.47E+00,+2.960E+00
2,09/2/2026,19:05:31.002,-0.09E+00,-0.05E+00,+0.05E+00,+0.00E+00,+9.26E+00,+5.86E+00,-15.47E+00,+2.854E+00
2,09/2/2026,19:05:31.002,-0.09E+00,-0.05E+00,+0.05E+00,+0.00E+00,+9.48E+00,+5.63E+00,-15.47E+00,+2.747E+00
2,09/2/2026,19:05:31.002,-0.09E+00,-0.05E+00,+0.05E+00,+0.00E+00,+9.69E+00,+5.42E+00,-15.47E+00,+2.640E+00
2,09/2/2026,19:05:31.002,-0.09E+00,-0.05E+00,+0.05E+00,+0.00E+00,+9.90E+00,+5.20E+00,-15.47E+00,+2.533E+00
2,09/2/2026,19:05:31.002,-0.09E+00,-0.05E+00,+0.05E+00,+0.00E+00,+10.12E+00,+4.99E+00,-15.47E+00,+2.426E+00
2,09/2/2026,19:05:31.002,-0.14E+00,-0.05E+00,+0.05E+00,+0.00E+00,+10.32E+00,+4.78E+00,-15.46E+00,+2.320E+00
2,09/2/2026,19:05:31.003,-0.09E+00,-0.05E+00,+0.05E+00,-0.05E+00,+10.51E+00,+4.56E+00,-15.44E+00,+2.213E+00
2,09/2/2026,19:05:31.003,-0.09E+00,-0.05E+00,+0.05E+00,+0.00E+00,+10.71E+00,+4.35E+00,-15.43E+00,+2.106E+00
2,09/2/2026,19:05:31.003,-0.09E+00,-0.05E+00,+0.05E+00,+0.00E+00,+10.91E+00,+4.14E+00,-15.41E+00,+1.999E+00
2,09/2/2026,19:05:31.003,-0.09E+00,-0.05E+00,+0.05E+00,-0.05E+00,+11.09E+00,+3.91E+00,-15.37E+00,+1.885E+00
2,09/2/2026,19:05:31.003,-0.09E+00,-0.05E+00,+0.05E+00,+0.00E+00,+11.28E+00,+3.68E+00,-15.34E+00,+1.778E+00
2,09/2/2026,19:05:31.003,-0.09E+00,-0.05E+00,+0.05E+00,+0.00E+00,+11.46E+00,+3.46E+00,-15.29E+00,+1.663E+00
2,09/2/2026,19:05:31.003,-0.09E+00,-0.05E+00,+0.00E+00,-0.05E+00,+11.63E+00,+3.24E+00,-15.23E+00,+1.549E+00
2,09/2/2026,19:05:31.003,-0.14E+00,-0.05E+00,+0.05E+00,+0.00E+00,+11.78E+00,+2.99E+00,-15.15E+00,+1.434E+00
2,09/2/2026,19:05:31.003,-0.09E+00,-0.05E+00,+0.05E+00,+0.00E+00,+11.93E+00,+2.76E+00,-15.06E+00,+1.320E+00
2,09/2/2026,19:05:31.003,-0.09E+00,-0.09E+00,+0.05E+00,+0.00E+00,+12.07E+00,+2.52E+00,-14.95E+00,+1.198E+00
2,09/2/2026,19:05:31.003,-0.09E+00,-0.05E+00,+0.00E+00,+0.00E+00,+12.21E+00,+2.29E+00,-14.85E+00,+1.076E+00
2,09/2/2026,19:05:31.003,-0.09E+00,-0.05E+00,+0.00E+00,+0.00E+00,+12.33E+00,+2.03E+00,-14.74E+00,+0.954E+00
2,09/2/2026,19:05:31.003,-0.09E+00,-0.05E+00,+0.05E+00,+0.00E+00,+12.45E+00,+1.80E+00,-14.62E+00,+0.839E+00
2,09/2/2026,19:05:31.003,-0.09E+00,-0.05E+00,+0.05E+00,+0.00E+00,+12.57E+00,+1.56E+00,-14.50E+00,+0.717E+00
2,09/2/2026,19:05:31.003,-0.09E+00,-0.05E+00,+0.05E+00,+0.00E+00,+12.70E+00,+1.31E+00,-14.39E+00,+0.595E+00
2,09/2/2026,19:05:31.003,-0.09E+00,-0.05E+00,+0.00E+00,+0.00E+00,+12.80E+00,+1.08E+00,-14.27E+00,+0.481E+00
2,09/2/2026,19:05:31.003,-0.09E+00,-0.05E+00,+0.00E+00,+0.00E+00,+12.93E+00,+0.85E+00,-14.15E+00,+0.359E+00
2,09/2/2026,19:05:31.003,-0.09E+00,-0.05E+00,+0.05E+00,+0.00E+00,+13.05E+00,+0.61E+00,-14.02E+00,+0.244E+00
2,09/2/2026,19:05:31.003,-0.14E+00,-0.05E+00,+0.05E+00,+0.00E+00,+13.14E+00,+0.37E+00,-13.89E+00,+0.130E+00
2,09/2/2026,19:05:31.003,-0.14E+00,-0.05E+00,+0.05E+00,-0.05E+00,+13.25E+00,+0.14E+00,-13.76E+00,+0.008E+00
2,09/2/2026,19:05:31.004,-0.09E+00,-0.05E+00,+0.05E+00,-0.05E+00,+13.34E+00,-0.11E+00,-13.61E+00,-0.107E+00
2,09/2/2026,19:05:31.004,-0.09E+00,-0.05E+00,+0.05E+00,+0.00E+00,+13.44E+00,-0.34E+00,-13.47E+00,-0.221E+00
2,09/2/2026,19:05:31.004,-0.09E+00,-0.05E+00,+0.05E+00,+0.00E+00,+13.52E+00,-0.60E+00,-13.32E+00,-0.343E+00
2,09/2/2026,19:05:31.004,-0.09E+00,-0.05E+00,+0.00E+00,+0.00E+00,+13.60E+00,-0.82E+00,-13.15E+00,-0.465E+00
2,09/2/2026,19:05:31.004,-0.14E+00,-0.05E+00,+0.05E+00,+0.00E+00,+13.69E+00,-1.07E+00,-12.97E+00,-0.588E+00
2,09/2/2026,19:05:31.004,-0.09E+00,-0.05E+00,+0.05E+00,+0.00E+00,+13.75E+00,-1.33E+00,-12.80E+00,-0.710E+00
2,09/2/2026,19:05:31.004,-0.09E+00,-0.05E+00,+0.05E+00,-0.05E+00,+13.83E+00,-1.57E+00,-12.62E+00,-0.832E+00
2,09/2/2026,19:05:31.004,-0.09E+00,-0.05E+00,+0.00E+00,+0.00E+00,+13.89E+00,-1.82E+00,-12.45E+00,-0.961E+00
2,09/2/2026,19:05:31.004,-0.09E+00,-0.05E+00,+0.05E+00,+0.00E+00,+13.96E+00,-2.08E+00,-12.27E+00,-1.083E+00
2,09/2/2026,19:05:31.004,-0.09E+00,-0.09E+00,+0.05E+00,-0.05E+00,+14.04E+00,-2.32E+00,-12.09E+00,-1.206E+00
2,09/2/2026,19:05:31.004,-0.09E+00,-0.05E+00,+0.05E+00,-0.05E+00,+14.10E+00,-2.56E+00,-11.92E+00,-1.328E+00
2,09/2/2026,19:05:31.004,-0.09E+00,-0.05E+00,+0.00E+00,+0.00E+00,+14.16E+00,-2.81E+00,-11.74E+00,-1.450E+00
2,09/2/2026,19:05:31.004,-0.09E+00,-0.05E+00,+0.00E+00,+0.00E+00,+14.24E+00,-3.05E+00,-11.55E+00,-1.564E+00
2,09/2/2026,19:05:31.004,-0.09E+00,-0.05E+00,+0.05E+00,+0.00E+00,+14.30E+00,-3.30E+00,-11.38E+00,-1.686E+00
2,09/2/2026,19:05:31.004,-0.09E+00,-0.05E+00,+0.05E+00,+0.00E+00,+14.38E+00,-3.53E+00,-11.22E+00,-1.808E+00
2,09/2/2026,19:05:31.004,-0.09E+00,-0.09E+00,+0.00E+00,+0.00E+00,+14.42E+00,-3.75E+00,-11.03E+00,-1.923E+00
2,09/2/2026,19:05:31.004,-0.14E+00,-0.05E+00,+0.05E+00,+0.00E+00,+14.48E+00,-4.00E+00,-10.87E+00,-2.037E+00
2,09/2/2026,19:05:31.004,-0.09E+00,-0.05E+00,+0.05E+00,+0.00E+00,+14.54E+00,-4.23E+00,-10.68E+00,-2.152E+00
2,09/2/2026,19:05:31.004,-0.09E+00,-0.05E+00,+0.05E+00,+0.00E+00,+14.59E+00,-4.46E+00,-10.50E+00,-2.266E+00
2,09/2/2026,19:05:31.004,-0.09E+00,-0.05E+00,+0.05E+00,+0.00E+00,+14.63E+00,-4.70E+00,-10.33E+00,-2.388E+00
2,09/2/2026,19:05:31.005,-0.09E+00,-0.05E+00,+0.05E+00,+0.00E+00,+14.70E+00,-4.93E+00,-10.13E+00,-2.503E+00
2,09/2/2026,19:05:31.005,-0.09E+00,-0.05E+00,+0.05E+00,-0.05E+00,+14.73E+00,-5.16E+00,-9.95E+00,-2.609E+00
2,09/2/2026,19:05:31.005,-0.14E+00,-0.05E+00,+0.00E+00,+0.00E+00,+14.77E+00,-5.39E+00,-9.75E+00,-2.724E+00
2,09/2/2026,19:05:31.005,-0.09E+00,-0.05E+00,+0.05E+00,+0.00E+00,+14.80E+00,-5.62E+00,-9.57E+00,-2.846E+00
2,09/2/2026,19:05:31.005,-0.09E+00,-0.05E+00,+0.05E+00,+0.00E+00,+14.85E+00,-5.84E+00,-9.39E+00,-2.953E+00
2,09/2/2026,19:05:31.005,-0.09E+00,-0.05E+00,+0.05E+00,+0.00E+00,+14.88E+00,-6.06E+00,-9.19E+00,-3.060E+00
2,09/2/2026,19:05:31.005,-0.09E+00,-0.05E+00,+0.05E+00,+0.00E+00,+14.91E+00,-6.27E+00,-9.00E+00,-3.166E+00
2,09/2/2026,19:05:31.005,-0.09E+00,-0.05E+00,+0.05E+00,+0.00E+00,+14.94E+00,-6.49E+00,-8.82E+00,-3.273E+00
2,09/2/2026,19:05:31.005,-0.09E+00,-0.05E+00,+0.05E+00,+0.00E+00,+14.97E+00,-6.71E+00,-8.62E+00,-3.380E+00
2,09/2/2026,19:05:31.005,-0.09E+00,-0.05E+00,+0.05E+00,+0.00E+00,+14.99E+00,-6.93E+00,-8.44E+00,-3.487E+00
2,09/2/2026,19:05:31.005,-0.09E+00,-0.05E+00,+0.05E+00,+0.00E+00,+15.02E+00,-7.14E+00,-8.24E+00,-3.594E+00
2,09/2/2026,19:05:31.005,-0.09E+00,-0.05E+00,+0.05E+00,+0.00E+00,+15.03E+00,-7.36E+00,-8.04E+00,-3.701E+00
2,09/2/2026,19:05:31.005,-0.09E+00,-0.05E+00,+0.05E+00,+0.00E+00,+15.03E+00,-7.57E+00,-7.84E+00,-3.807E+00
2,09/2/2026,19:05:31.005,-0.09E+00,-0.05E+00,+0.05E+00,+0.00E+00,+15.05E+00,-7.78E+00,-7.63E+00,-3.907E+00
2,09/2/2026,19:05:31.005,-0.09E+00,-0.09E+00,+0.05E+00,+0.00E+00,+15.06E+00,-8.00E+00,-7.43E+00,-4.013E+00
2,09/2/2026,19:05:31.005,-0.09E+00,-0.05E+00,+0.05E+00,+0.00E+00,+15.05E+00,-8.23E+00,-7.22E+00,-4.120E+00
2,09/2/2026,19:05:31.005,-0.09E+00,-0.05E+00,+0.05E+00,+0.00E+00,+15.06E+00,-8.44E+00,-7.02E+00,-4.227E+00
2,09/2/2026,19:05:31.005,-0.09E+00,-0.05E+00,+0.05E+00,+0.00E+00,+15.08E+00,-8.64E+00,-6.81E+00,-4.334E+00
2,09/2/2026,19:05:31.005,-0.09E+00,-0.05E+00,+0.05E+00,+0.00E+00,+15.06E+00,-8.85E+00,-6.59E+00,-4.433E+00
2,09/2/2026,19:05:31.005,-0.09E+00,-0.05E+00,+0.05E+00,+0.00E+00,+15.06E+00,-9.06E+00,-6.38E+00,-4.540E+00
2,09/2/2026,19:05:31.006,-0.09E+00,-0.09E+00,+0.05E+00,+0.00E+00,+15.06E+00,-9.26E+00,-6.17E+00,-4.639E+00
2,09/2/2026,19:05:31.006,-0.09E+00,-0.05E+00,+0.05E+00,+0.00E+00,+15.06E+00,-9.48E+00,-5.95E+00,-4.746E+00
2,09/2/2026,19:05:31.006,-0.09E+00,-0.05E+00,+0.05E+00,+0.00E+00,+15.05E+00,-9.69E+00,-5.74E+00,-4.853E+00
2,09/2/2026,19:05:31.006,-0.09E+00,-0.05E+00,+0.05E+00,+0.00E+00,+15.05E+00,-9.90E+00,-5.51E+00,-4.952E+00
2,09/2/2026,19:05:31.006,-0.09E+00,-0.05E+00,+0.00E+00,+0.00E+00,+15.03E+00,-10.12E+00,-5.30E+00,-5.059E+00
2,09/2/2026,19:05:31.006,-0.09E+00,-0.05E+00,+0.00E+00,+0.00E+00,+15.02E+00,-10.32E+00,-5.08E+00,-5.158E+00
2,09/2/2026,19:05:31.006,-0.09E+00,-0.05E+00,+0.05E+00,+0.00E+00,+15.00E+00,-10.51E+00,-4.85E+00,-5.257E+00
2,09/2/2026,19:05:31.006,-0.09E+00,-0.05E+00,+0.05E+00,+0.00E+00,+14.97E+00,-10.71E+00,-4.64E+00,-5.349E+00
2,09/2/2026,19:05:31.006,-0.09E+00,-0.05E+00,+0.05E+00,+0.00E+00,+14.94E+00,-10.91E+00,-4.41E+00,-5.448E+00
2,09/2/2026,19:05:31.006,-0.09E+00,-0.05E+00,+0.05E+00,+0.00E+00,+14.91E+00,-11.09E+00,-4.20E+00,-5.539E+00
2,09/2/2026,19:05:31.006,-0.09E+00,-0.05E+00,+0.05E+00,-0.05E+00,+14.86E+00,-11.26E+00,-3.97E+00,-5.623E+00
2,09/2/2026,19:05:31.006,-0.09E+00,-0.09E+00,+0.05E+00,+0.00E+00,+14.80E+00,-11.45E+00,-3.74E+00,-5.707E+00
2,09/2/2026,19:05:31.006,-0.09E+00,-0.09E+00,+0.05E+00,+0.00E+00,+14.74E+00,-11.60E+00,-3.51E+00,-5.791E+00
2,09/2/2026,19:05:31.006,-0.09E+00,-0.05E+00,+0.05E+00,+0.00E+00,+14.67E+00,-11.77E+00,-3.28E+00,-5.868E+00
2,09/2/2026,19:05:31.006,-0.09E+00,-0.05E+00,+0.05E+00,+0.00E+00,+14.59E+00,-11.90E+00,-3.05E+00,-5.936E+00
2,09/2/2026,19:05:31.006,-0.09E+00,-0.05E+00,+0.05E+00,+0.00E+00,+14.51E+00,-12.06E+00,-2.82E+00,-6.013E+00
2,09/2/2026,19:05:31.006,-0.09E+00,-0.05E+00,+0.05E+00,+0.00E+00,+14.42E+00,-12.21E+00,-2.59E+00,-6.081E+00
2,09/2/2026,19:05:31.006,-0.09E+00,-0.09E+00,+0.05E+00,+0.00E+00,+14.31E+00,-12.35E+00,-2.35E+00,-6.157E+00
2,09/2/2026,19:05:31.006,-0.09E+00,-0.05E+00,+0.05E+00,+0.00E+00,+14.22E+00,-12.48E+00,-2.11E+00,-6.219E+00
2,09/2/2026,19:05:31.006,-0.09E+00,-0.05E+00,+0.05E+00,+0.00E+00,+14.12E+00,-12.62E+00,-1.86E+00,-6.287E+00
2,09/2/2026,19:05:31.007,-0.09E+00,-0.05E+00,+0.05E+00,+0.00E+00,+14.01E+00,-12.76E+00,-1.62E+00,-6.348E+00
2,09/2/2026,19:05:31.007,-0.09E+00,-0.05E+00,+0.05E+00,+0.00E+00,+13.87E+00,-12.88E+00,-1.37E+00,-6.417E+00
2,09/2/2026,19:05:31.007,-0.09E+00,-0.05E+00,+0.05E+00,-0.05E+00,+13.76E+00,-13.00E+00,-1.13E+00,-6.470E+00
2,09/2/2026,19:05:31.007,-0.14E+00,-0.05E+00,+0.05E+00,+0.00E+00,+13.63E+00,-13.12E+00,-0.89E+00,-6.531E+00
2,09/2/2026,19:05:31.007,-0.14E+00,-0.05E+00,+0.05E+00,+0.00E+00,+13.49E+00,-13.23E+00,-0.64E+00,-6.585E+00
2,09/2/2026,19:05:31.007,-0.09E+00,-0.05E+00,+0.05E+00,+0.00E+00,+13.37E+00,-13.35E+00,-0.40E+00,-6.638E+00
2,09/2/2026,19:05:31.007,-0.09E+00,-0.05E+00,+0.05E+00,+0.00E+00,+13.23E+00,-13.46E+00,-0.14E+00,-6.692E+00
2,09/2/2026,19:05:31.007,-0.09E+00,-0.05E+00,+0.05E+00,+0.00E+00,+13.08E+00,-13.57E+00,+0.11E+00,-6.745E+00
2,09/2/2026,19:05:31.007,-0.09E+00,-0.05E+00,+0.05E+00,+0.00E+00,+12.93E+00,-13.66E+00,+0.35E+00,-6.791E+00
2,09/2/2026,19:05:31.007,-0.09E+00,-0.09E+00,+0.05E+00,+0.00E+00,+12.76E+00,-13.75E+00,+0.60E+00,-6.837E+00
2,09/2/2026,19:05:31.007,-0.09E+00,-0.05E+00,+0.05E+00,+0.00E+00,+12.60E+00,-13.84E+00,+0.85E+00,-6.875E+00
2,09/2/2026,19:05:31.007,-0.09E+00,-0.05E+00,+0.05E+00,+0.00E+00,+12.44E+00,-13.92E+00,+1.10E+00,-6.920E+00
2,09/2/2026,19:05:31.007,-0.09E+00,-0.05E+00,+0.05E+00,+0.00E+00,+12.28E+00,-13.99E+00,+1.34E+00,-6.959E+00
2,09/2/2026,19:05:31.007,-0.09E+00,-0.05E+00,+0.05E+00,+0.00E+00,+12.12E+00,-14.09E+00,+1.60E+00,-6.997E+00
2,09/2/2026,19:05:31.007,-0.14E+00,-0.09E+00,+0.05E+00,+0.00E+00,+11.93E+00,-14.16E+00,+1.86E+00,-7.035E+00
2,09/2/2026,19:05:31.007,-0.09E+00,-0.09E+00,+0.05E+00,+0.00E+00,+11.77E+00,-14.24E+00,+2.11E+00,-7.073E+00
2,09/2/2026,19:05:31.007,-0.09E+00,-0.05E+00,+0.05E+00,-0.05E+00,+11.58E+00,-14.31E+00,+2.35E+00,-7.111E+00
2,09/2/2026,19:05:31.007,-0.09E+00,-0.05E+00,+0.05E+00,-0.05E+00,+11.41E+00,-14.39E+00,+2.61E+00,-7.142E+00
2,09/2/2026,19:05:31.007,-0.09E+00,-0.05E+00,+0.05E+00,+0.00E+00,+11.25E+00,-14.45E+00,+2.84E+00,-7.180E+00
2,09/2/2026,19:05:31.007,-0.09E+00,-0.05E+00,+0.00E+00,+0.00E+00,+11.06E+00,-14.51E+00,+3.08E+00,-7.210E+00
2,09/2/2026,19:05:31.008,-0.14E+00,-0.05E+00,+0.05E+00,-0.05E+00,+10.90E+00,-14.57E+00,+3.31E+00,-7.233E+00
2,09/2/2026,19:05:31.008,-0.09E+00,-0.05E+00,+0.05E+00,-0.05E+00,+10.71E+00,-14.63E+00,+3.56E+00,-7.264E+00
2,09/2/2026,19:05:31.008,-0.09E+00,-0.05E+00,+0.05E+00,+0.00E+00,+10.53E+00,-14.70E+00,+3.78E+00,-7.287E+00
2,09/2/2026,19:05:31.008,-0.09E+00,-0.05E+00,+0.05E+00,+0.00E+00,+10.35E+00,-14.74E+00,+4.01E+00,-7.317E+00
2,09/2/2026,19:05:31.008,-0.09E+00,-0.05E+00,+0.05E+00,+0.00E+00,+10.18E+00,-14.80E+00,+4.26E+00,-7.340E+00
2,09/2/2026,19:05:31.008,-0.09E+00,-0.09E+00,+0.05E+00,+0.00E+00,+10.00E+00,-14.85E+00,+4.49E+00,-7.363E+00
2,09/2/2026,19:05:31.008,-0.09E+00,-0.09E+00,+0.00E+00,+0.00E+00,+9.83E+00,-14.91E+00,+4.70E+00,-7.386E+00
2,09/2/2026,19:05:31.008,-0.09E+00,-0.05E+00,+0.05E+00,+0.00E+00,+9.64E+00,-14.95E+00,+4.93E+00,-7.409E+00
2,09/2/2026,19:05:31.008,-0.09E+00,-0.05E+00,+0.05E+00,+0.00E+00,+9.48E+00,-14.99E+00,+5.16E+00,-7.432E+00
2,09/2/2026,19:05:31.008,-0.09E+00,-0.05E+00,+0.00E+00,-0.05E+00,+9.29E+00,-15.03E+00,+5.37E+00,-7.455E+00
2,09/2/2026,19:05:31.008,-0.09E+00,-0.05E+00,+0.00E+00,+0.00E+00,+9.11E+00,-15.08E+00,+5.60E+00,-7.470E+00
2,09/2/2026,19:05:31.008,-0.09E+00,-0.09E+00,+0.05E+00,+0.00E+00,+8.93E+00,-15.11E+00,+5.81E+00,-7.485E+00
2,09/2/2026,19:05:31.008,-0.09E+00,-0.09E+00,+0.05E+00,+0.00E+00,+8.73E+00,-15.14E+00,+6.04E+00,-7.500E+00
2,09/2/2026,19:05:31.008,-0.09E+00,-0.05E+00,+0.00E+00,+0.00E+00,+8.55E+00,-15.18E+00,+6.26E+00,-7.516E+00
2,09/2/2026,19:05:31.008,-0.09E+00,-0.05E+00,+0.05E+00,+0.00E+00,+8.36E+00,-15.20E+00,+6.47E+00,-7.531E+00
2,09/2/2026,19:05:31.008,-0.09E+00,-0.05E+00,+0.05E+00,+0.00E+00,+8.18E+00,-15.23E+00,+6.68E+00,-7.539E+00
2,09/2/2026,19:05:31.008,-0.09E+00,-0.05E+00,+0.05E+00,+0.00E+00,+7.98E+00,-15.26E+00,+6.90E+00,-7.546E+00
2,09/2/2026,19:05:31.008,-0.09E+00,-0.05E+00,+0.05E+00,+0.00E+00,+7.80E+00,-15.28E+00,+7.11E+00,-7.561E+00
2,09/2/2026,19:05:31.008,-0.14E+00,-0.05E+00,+0.05E+00,+0.00E+00,+7.61E+00,-15.29E+00,+7.31E+00,-7.569E+00
2,09/2/2026,19:05:31.008,-0.09E+00,-0.05E+00,+0.05E+00,+0.00E+00,+7.43E+00,-15.31E+00,+7.52E+00,-7.577E+00
2,09/2/2026,19:05:31.009,-0.09E+00,-0.05E+00,+0.00E+00,-0.05E+00,+7.23E+00,-15.32E+00,+7.74E+00,-7.584E+00
2,09/2/2026,19:05:31.009,-0.09E+00,-0.05E+00,+0.05E+00,+0.00E+00,+7.00E+00,-15.34E+00,+7.95E+00,-7.584E+00
2,09/2/2026,19:05:31.009,-0.09E+00,-0.05E+00,+0.05E+00,+0.00E+00,+6.81E+00,-15.35E+00,+8.18E+00,-7.592E+00
2,09/2/2026,19:05:31.009,-0.09E+00,-0.05E+00,+0.00E+00,+0.00E+00,+6.59E+00,-15.37E+00,+8.39E+00,-7.600E+00
2,09/2/2026,19:05:31.009,-0.09E+00,-0.09E+00,+0.05E+00,+0.00E+00,+6.39E+00,-15.37E+00,+8.61E+00,-7.600E+00
2,09/2/2026,19:05:31.009,-0.09E+00,-0.09E+00,+0.05E+00,-0.05E+00,+6.17E+00,-15.37E+00,+8.82E+00,-7.600E+00
2,09/2/2026,19:05:31.009,-0.09E+00,-0.05E+00,+0.05E+00,+0.00E+00,+5.97E+00,-15.37E+00,+9.03E+00,-7.600E+00
2,09/2/2026,19:05:31.009,-0.09E+00,-0.05E+00,+0.05E+00,+0.00E+00,+5.75E+00,-15.37E+00,+9.25E+00,-7.592E+00
2,09/2/2026,19:05:31.009,-0.09E+00,-0.09E+00,+0.05E+00,+0.00E+00,+5.54E+00,-15.37E+00,+9.46E+00,-7.592E+00
2,09/2/2026,19:05:31.009,-0.14E+00,-0.05E+00,+0.05E+00,+0.00E+00,+5.33E+00,-15.37E+00,+9.67E+00,-7.592E+00
2,09/2/2026,19:05:31.009,-0.14E+00,-0.05E+00,+0.00E+00,+0.00E+00,+5.11E+00,-15.37E+00,+9.87E+00,-7.592E+00
2,09/2/2026,19:05:31.009,-0.09E+00,-0.09E+00,+0.00E+00,+0.00E+00,+4.90E+00,-15.37E+00,+10.09E+00,-7.584E+00
2,09/2/2026,19:05:31.009,-0.09E+00,-0.09E+00,+0.05E+00,+0.00E+00,+4.68E+00,-15.35E+00,+10.30E+00,-7.577E+00
2,09/2/2026,19:05:31.009,-0.09E+00,-0.05E+00,+0.05E+00,+0.00E+00,+4.47E+00,-15.34E+00,+10.50E+00,-7.569E+00
2,09/2/2026,19:05:31.009,-0.09E+00,-0.05E+00,+0.05E+00,+0.00E+00,+4.24E+00,-15.31E+00,+10.70E+00,-7.561E+00
2,09/2/2026,19:05:31.009,-0.09E+00,-0.05E+00,+0.05E+00,+0.00E+00,+4.03E+00,-15.28E+00,+10.88E+00,-7.546E+00
2,09/2/2026,19:05:31.009,-0.09E+00,-0.05E+00,+0.05E+00,+0.00E+00,+3.82E+00,-15.24E+00,+11.06E+00,-7.523E+00
2,09/2/2026,19:05:31.009,-0.09E+00,-0.05E+00,+0.05E+00,+0.00E+00,+3.59E+00,-15.18E+00,+11.23E+00,-7.493E+00
2,09/2/2026,19:05:31.009,-0.09E+00,-0.05E+00,+0.05E+00,+0.00E+00,+3.36E+00,-15.12E+00,+11.40E+00,-7.455E+00
2,09/2/2026,19:05:31.009,-0.09E+00,-0.05E+00,+0.00E+00,+0.00E+00,+3.13E+00,-15.05E+00,+11.54E+00,-7.416E+00
2,09/2/2026,19:05:31.010,-0.09E+00,-0.05E+00,+0.05E+00,+0.00E+00,+2.90E+00,-14.95E+00,+11.69E+00,-7.378E+00
2,09/2/2026,19:05:31.010,-0.09E+00,-0.05E+00,+0.05E+00,+0.00E+00,+2.66E+00,-14.86E+00,+11.83E+00,-7.333E+00
2,09/2/2026,19:05:31.010,-0.14E+00,-0.05E+00,+0.05E+00,+0.00E+00,+2.43E+00,-14.77E+00,+11.98E+00,-7.279E+00
2,09/2/2026,19:05:31.010,-0.09E+00,-0.05E+00,+0.05E+00,-0.05E+00,+2.20E+00,-14.67E+00,+12.12E+00,-7.226E+00
2,09/2/2026,19:05:31.010,-0.09E+00,-0.05E+00,+0.05E+00,+0.00E+00,+1.95E+00,-14.56E+00,+12.24E+00,-7.180E+00
2,09/2/2026,19:05:31.010,-0.09E+00,-0.05E+00,+0.00E+00,+0.00E+00,+1.72E+00,-14.45E+00,+12.38E+00,-7.119E+00
2,09/2/2026,19:05:31.010,-0.09E+00,-0.05E+00,+0.05E+00,+0.00E+00,+1.48E+00,-14.34E+00,+12.51E+00,-7.058E+00
2,09/2/2026,19:05:31.010,-0.09E+00,-0.05E+00,+0.05E+00,+0.00E+00,+1.22E+00,-14.22E+00,+12.64E+00,-6.997E+00
2,09/2/2026,19:05:31.010,-0.09E+00,-0.05E+00,+0.05E+00,+0.00E+00,+0.96E+00,-14.09E+00,+12.74E+00,-6.936E+00
2,09/2/2026,19:05:31.010,-0.14E+00,-0.05E+00,+0.05E+00,-0.05E+00,+0.72E+00,-13.95E+00,+12.86E+00,-6.867E+00
2,09/2/2026,19:05:31.010,-0.09E+00,-0.09E+00,+0.05E+00,-0.05E+00,+0.47E+00,-13.81E+00,+12.97E+00,-6.791E+00
2,09/2/2026,19:05:31.010,-0.09E+00,-0.05E+00,+0.05E+00,+0.00E+00,+0.23E+00,-13.67E+00,+13.06E+00,-6.722E+00
2,09/2/2026,19:05:31.010,-0.09E+00,-0.05E+00,+0.05E+00,+0.00E+00,-0.03E+00,-13.52E+00,+13.17E+00,-6.646E+00
2,09/2/2026,19:05:31.010,-0.09E+00,-0.05E+00,+0.05E+00,+0.00E+00,-0.27E+00,-13.37E+00,+13.28E+00,-6.570E+00
2,09/2/2026,19:05:31.010,-0.09E+00,-0.05E+00,+0.05E+00,+0.00E+00,-0.53E+00,-13.22E+00,+13.37E+00,-6.493E+00
2,09/2/2026,19:05:31.010,-0.14E+00,-0.05E+00,+0.05E+00,+0.00E+00,-0.78E+00,-13.06E+00,+13.46E+00,-6.417E+00
2,09/2/2026,19:05:31.010,-0.09E+00,-0.05E+00,+0.05E+00,+0.00E+00,-1.04E+00,-12.89E+00,+13.55E+00,-6.333E+00
2,09/2/2026,19:05:31.010,-0.09E+00,-0.05E+00,+0.05E+00,+0.00E+00,-1.28E+00,-12.74E+00,+13.64E+00,-6.249E+00
2,09/2/2026,19:05:31.010,-0.09E+00,-0.05E+00,+0.05E+00,+0.00E+00,-1.54E+00,-12.57E+00,+13.73E+00,-6.165E+00
2,09/2/2026,19:05:31.010,-0.09E+00,-0.05E+00,+0.05E+00,+0.00E+00,-1.79E+00,-12.39E+00,+13.81E+00,-6.081E+00
2,09/2/2026,19:05:31.011,-0.09E+00,-0.05E+00,+0.05E+00,+0.00E+00,-2.04E+00,-12.22E+00,+13.89E+00,-5.997E+00
2,09/2/2026,19:05:31.011,-0.14E+00,-0.05E+00,+0.05E+00,+0.00E+00,-2.29E+00,-12.06E+00,+13.96E+00,-5.906E+00
2,09/2/2026,19:05:31.011,-0.09E+00,-0.05E+00,+0.05E+00,+0.00E+00,-2.53E+00,-11.89E+00,+14.04E+00,-5.822E+00
2,09/2/2026,19:05:31.011,-0.09E+00,-0.05E+00,+0.05E+00,+0.00E+00,-2.78E+00,-11.72E+00,+14.12E+00,-5.738E+00
2,09/2/2026,19:05:31.011,-0.09E+00,-0.05E+00,+0.05E+00,+0.00E+00,-3.01E+00,-11.55E+00,+14.19E+00,-5.654E+00
2,09/2/2026,19:05:31.011,-0.09E+00,-0.05E+00,+0.05E+00,+0.00E+00,-3.24E+00,-11.38E+00,+14.25E+00,-5.578E+00
2,09/2/2026,19:05:31.011,-0.09E+00,-0.05E+00,+0.05E+00,+0.00E+00,-3.46E+00,-11.22E+00,+14.31E+00,-5.486E+00
2,09/2/2026,19:05:31.011,-0.14E+00,-0.05E+00,+0.05E+00,+0.00E+00,-3.69E+00,-11.05E+00,+14.38E+00,-5.402E+00
2,09/2/2026,19:05:31.011,-0.09E+00,-0.05E+00,+0.00E+00,+0.00E+00,-3.92E+00,-10.88E+00,+14.42E+00,-5.318E+00
2,09/2/2026,19:05:31.011,-0.09E+00,-0.05E+00,+0.00E+00,+0.00E+00,-4.15E+00,-10.71E+00,+14.48E+00,-5.234E+00
2,09/2/2026,19:05:31.011,-0.09E+00,-0.05E+00,+0.05E+00,+0.00E+00,-4.38E+00,-10.53E+00,+14.54E+00,-5.143E+00
2,09/2/2026,19:05:31.011,-0.09E+00,-0.09E+00,+0.00E+00,+0.00E+00,-4.61E+00,-10.36E+00,+14.59E+00,-5.059E+00
2,09/2/2026,19:05:31.011,-0.14E+00,-0.09E+00,+0.05E+00,+0.00E+00,-4.84E+00,-10.18E+00,+14.63E+00,-4.967E+00
2,09/2/2026,19:05:31.011,-0.09E+00,-0.05E+00,+0.05E+00,+0.00E+00,-5.05E+00,-10.01E+00,+14.68E+00,-4.883E+00
2,09/2/2026,19:05:31.011,-0.09E+00,-0.05E+00,+0.05E+00,-0.05E+00,-5.26E+00,-9.84E+00,+14.73E+00,-4.792E+00
2,09/2/2026,19:05:31.011,-0.09E+00,-0.09E+00,+0.05E+00,+0.00E+00,-5.49E+00,-9.66E+00,+14.77E+00,-4.700E+00
2,09/2/2026,19:05:31.011,-0.09E+00,-0.05E+00,+0.05E+00,+0.00E+00,-5.71E+00,-9.48E+00,+14.82E+00,-4.616E+00
2,09/2/2026,19:05:31.011,-0.09E+00,-0.05E+00,+0.05E+00,+0.00E+00,-5.92E+00,-9.29E+00,+14.85E+00,-4.525E+00
2,09/2/2026,19:05:31.011,-0.09E+00,-0.09E+00,+0.05E+00,+0.00E+00,-6.15E+00,-9.13E+00,+14.89E+00,-4.433E+00
2,09/2/2026,19:05:31.011,-0.09E+00,-0.05E+00,+0.05E+00,+0.00E+00,-6.36E+00,-8.94E+00,+14.91E+00,-4.342E+00
2,09/2/2026,19:05:31.012,-0.09E+00,-0.05E+00,+0.05E+00,+0.00E+00,-6.56E+00,-8.76E+00,+14.94E+00,-4.250E+00
2,09/2/2026,19:05:31.012,-0.09E+00,-0.05E+00,+0.05E+00,+0.00E+00,-6.78E+00,-8.58E+00,+14.99E+00,-4.158E+00
2,09/2/2026,19:05:31.012,-0.09E+00,-0.05E+00,+0.00E+00,+0.00E+00,-7.00E+00,-8.38E+00,+15.00E+00,-4.067E+00
2,09/2/2026,19:05:31.012,-0.09E+00,-0.05E+00,+0.05E+00,+0.00E+00,-7.22E+00,-8.18E+00,+15.02E+00,-3.968E+00
2,09/2/2026,19:05:31.012,-0.09E+00,-0.05E+00,+0.05E+00,-0.05E+00,-7.43E+00,-7.98E+00,+15.03E+00,-3.868E+00
2,09/2/2026,19:05:31.012,-0.09E+00,-0.05E+00,+0.05E+00,-0.05E+00,-7.65E+00,-7.77E+00,+15.06E+00,-3.762E+00
2,09/2/2026,19:05:31.012,-0.09E+00,-0.05E+00,+0.05E+00,+0.00E+00,-7.86E+00,-7.57E+00,+15.08E+00,-3.662E+00
2,09/2/2026,19:05:31.012,-0.09E+00,-0.05E+00,+0.05E+00,+0.00E+00,-8.07E+00,-7.39E+00,+15.08E+00,-3.563E+00
2,09/2/2026,19:05:31.012,-0.09E+00,-0.05E+00,+0.05E+00,+0.00E+00,-8.29E+00,-7.17E+00,+15.09E+00,-3.464E+00
2,09/2/2026,19:05:31.012,-0.09E+00,-0.05E+00,+0.05E+00,+0.00E+00,-8.50E+00,-6.97E+00,+15.09E+00,-3.365E+00
2,09/2/2026,19:05:31.012,-0.09E+00,-0.09E+00,+0.00E+00,+0.00E+00,-8.71E+00,-6.76E+00,+15.11E+00,-3.258E+00
2,09/2/2026,19:05:31.012,-0.09E+00,-0.05E+00,+0.00E+00,+0.00E+00,-8.93E+00,-6.56E+00,+15.12E+00,-3.159E+00
2,09/2/2026,19:05:31.012,-0.09E+00,-0.05E+00,+0.05E+00,+0.00E+00,-9.14E+00,-6.35E+00,+15.12E+00,-3.052E+00
2,09/2/2026,19:05:31.012,-0.09E+00,-0.05E+00,+0.05E+00,+0.00E+00,-9.35E+00,-6.13E+00,+15.12E+00,-2.945E+00
2,09/2/2026,19:05:31.012,-0.09E+00,-0.05E+00,+0.00E+00,+0.00E+00,-9.57E+00,-5.92E+00,+15.12E+00,-2.846E+00
2,09/2/2026,19:05:31.012,-0.09E+00,-0.05E+00,+0.05E+00,+0.00E+00,-9.78E+00,-5.72E+00,+15.12E+00,-2.739E+00
2,09/2/2026,19:05:31.012,-0.09E+00,-0.05E+00,+0.05E+00,-0.05E+00,-10.00E+00,-5.49E+00,+15.12E+00,-2.632E+00
2,09/2/2026,19:05:31.012,-0.09E+00,-0.05E+00,+0.05E+00,-0.05E+00,-10.21E+00,-5.28E+00,+15.12E+00,-2.526E+00
2,09/2/2026,19:05:31.012,-0.09E+00,-0.05E+00,+0.05E+00,+0.00E+00,-10.42E+00,-5.07E+00,+15.12E+00,-2.419E+00
2,09/2/2026,19:05:31.012,-0.09E+00,-0.05E+00,+0.05E+00,+0.00E+00,-10.62E+00,-4.85E+00,+15.11E+00,-2.304E+00
2,09/2/2026,19:05:31.013,-0.09E+00,-0.05E+00,+0.05E+00,+0.00E+00,-10.82E+00,-4.64E+00,+15.09E+00,-2.197E+00
2,09/2/2026,19:05:31.013,-0.09E+00,-0.09E+00,+0.05E+00,+0.00E+00,-11.03E+00,-4.43E+00,+15.08E+00,-2.091E+00
2,09/2/2026,19:05:31.013,-0.09E+00,-0.05E+00,+0.05E+00,+0.00E+00,-11.22E+00,-4.21E+00,+15.05E+00,-1.984E+00
2,09/2/2026,19:05:31.013,-0.09E+00,-0.05E+00,+0.05E+00,+0.00E+00,-11.41E+00,-3.98E+00,+15.03E+00,-1.877E+00
2,09/2/2026,19:05:31.013,-0.09E+00,-0.05E+00,+0.05E+00,+0.00E+00,-11.58E+00,-3.77E+00,+14.99E+00,-1.770E+00
2,09/2/2026,19:05:31.013,-0.09E+00,-0.05E+00,+0.05E+00,+0.00E+00,-11.77E+00,-3.54E+00,+14.94E+00,-1.656E+00
2,09/2/2026,19:05:31.013,-0.09E+00,-0.05E+00,+0.05E+00,+0.00E+00,-11.93E+00,-3.33E+00,+14.88E+00,-1.541E+00
2,09/2/2026,19:05:31.013,-0.09E+00,-0.05E+00,+0.05E+00,+0.00E+00,-12.09E+00,-3.08E+00,+14.80E+00,-1.427E+00
2,09/2/2026,19:05:31.013,-0.09E+00,-0.05E+00,+0.05E+00,+0.00E+00,-12.22E+00,-2.85E+00,+14.71E+00,-1.312E+00
2,09/2/2026,19:05:31.013,-0.09E+00,-0.05E+00,+0.05E+00,+0.00E+00,-12.38E+00,-2.61E+00,+14.62E+00,-1.190E+00
2,09/2/2026,19:05:31.013,-0.09E+00,-0.05E+00,+0.05E+00,-0.05E+00,-12.50E+00,-2.37E+00,+14.51E+00,-1.076E+00
2,09/2/2026,19:05:31.013,-0.09E+00,-0.09E+00,+0.05E+00,+0.00E+00,-12.64E+00,-2.14E+00,+14.39E+00,-0.954E+00
2,09/2/2026,19:05:31.013,-0.09E+00,-0.05E+00,+0.00E+00,+0.00E+00,-12.74E+00,-1.89E+00,+14.28E+00,-0.832E+00
2,09/2/2026,19:05:31.013,-0.09E+00,-0.05E+00,+0.05E+00,+0.00E+00,-12.86E+00,-1.66E+00,+14.16E+00,-0.717E+00
2,09/2/2026,19:05:31.013,-0.14E+00,-0.09E+00,+0.05E+00,+0.00E+00,-12.99E+00,-1.42E+00,+14.04E+00,-0.595E+00
2,09/2/2026,19:05:31.013,-0.09E+00,-0.05E+00,+0.05E+00,+0.00E+00,-13.09E+00,-1.19E+00,+13.92E+00,-0.481E+00
2,09/2/2026,19:05:31.013,-0.09E+00,-0.05E+00,+0.05E+00,+0.00E+00,-13.22E+00,-0.95E+00,+13.80E+00,-0.359E+00
2,09/2/2026,19:05:31.013,-0.09E+00,-0.05E+00,+0.05E+00,+0.00E+00,-13.32E+00,-0.72E+00,+13.67E+00,-0.244E+00
2,09/2/2026,19:05:31.013,-0.09E+00,-0.05E+00,+0.05E+00,+0.00E+00,-13.43E+00,-0.47E+00,+13.54E+00,-0.130E+00
2,09/2/2026,19:05:31.013,-0.09E+00,-0.05E+00,+0.05E+00,+0.00E+00,-13.54E+00,-0.23E+00,+13.40E+00,-0.008E+00
2,09/2/2026,19:05:31.014,-0.09E+00,-0.05E+00,+0.05E+00,+0.00E+00,-13.63E+00,+0.00E+00,+13.28E+00,+0.107E+00
2,09/2/2026,19:05:31.014,-0.09E+00,-0.05E+00,+0.05E+00,+0.00E+00,-13.72E+00,+0.23E+00,+13.12E+00,+0.221E+00
2,09/2/2026,19:05:31.014,-0.09E+00,-0.05E+00,+0.05E+00,+0.00E+00,-13.80E+00,+0.47E+00,+12.96E+00,+0.343E+00
2,09/2/2026,19:05:31.014,-0.09E+00,-0.05E+00,+0.05E+00,+0.00E+00,-13.87E+00,+0.70E+00,+12.80E+00,+0.458E+00
2,09/2/2026,19:05:31.014,-0.09E+00,-0.05E+00,+0.05E+00,+0.00E+00,-13.95E+00,+0.96E+00,+12.64E+00,+0.580E+00
2,09/2/2026,19:05:31.014,-0.09E+00,-0.09E+00,+0.05E+00,+0.00E+00,-14.01E+00,+1.21E+00,+12.45E+00,+0.710E+00
2,09/2/2026,19:05:31.014,-0.09E+00,-0.09E+00,+0.05E+00,+0.00E+00,-14.09E+00,+1.45E+00,+12.27E+00,+0.832E+00
2,09/2/2026,19:05:31.014,-0.09E+00,-0.09E+00,+0.05E+00,-0.05E+00,-14.16E+00,+1.71E+00,+12.09E+00,+0.954E+00
2,09/2/2026,19:05:31.014,-0.09E+00,-0.05E+00,+0.00E+00,+0.00E+00,-14.22E+00,+1.95E+00,+11.92E+00,+1.076E+00
2,09/2/2026,19:05:31.014,-0.09E+00,-0.05E+00,+0.00E+00,+0.00E+00,-14.30E+00,+2.20E+00,+11.74E+00,+1.198E+00
2,09/2/2026,19:05:31.014,-0.09E+00,-0.05E+00,+0.00E+00,+0.00E+00,-14.36E+00,+2.44E+00,+11.55E+00,+1.320E+00
2,09/2/2026,19:05:31.014,-0.09E+00,-0.05E+00,+0.05E+00,+0.00E+00,-14.44E+00,+2.69E+00,+11.38E+00,+1.442E+00
2,09/2/2026,19:05:31.014,-0.09E+00,-0.05E+00,+0.05E+00,+0.00E+00,-14.50E+00,+2.93E+00,+11.22E+00,+1.557E+00
2,09/2/2026,19:05:31.014,-0.09E+00,-0.05E+00,+0.05E+00,+0.00E+00,-14.56E+00,+3.16E+00,+11.05E+00,+1.679E+00
2,09/2/2026,19:05:31.014,-0.09E+00,-0.05E+00,+0.05E+00,+0.00E+00,-14.62E+00,+3.40E+00,+10.88E+00,+1.793E+00
2,09/2/2026,19:05:31.014,-0.09E+00,-0.05E+00,+0.05E+00,+0.00E+00,-14.68E+00,+3.63E+00,+10.70E+00,+1.900E+00
2,09/2/2026,19:05:31.014,-0.09E+00,-0.05E+00,+0.05E+00,+0.00E+00,-14.74E+00,+3.86E+00,+10.53E+00,+2.022E+00
2,09/2/2026,19:05:31.014,-0.09E+00,-0.05E+00,+0.05E+00,+0.00E+00,-14.80E+00,+4.09E+00,+10.35E+00,+2.136E+00
2,09/2/2026,19:05:31.014,-0.09E+00,-0.05E+00,+0.05E+00,+0.00E+00,-14.85E+00,+4.32E+00,+10.16E+00,+2.251E+00
2,09/2/2026,19:05:31.014,-0.09E+00,-0.05E+00,+0.05E+00,+0.00E+00,-14.89E+00,+4.55E+00,+9.98E+00,+2.365E+00
2,09/2/2026,19:05:31.014,-0.09E+00,-0.05E+00,+0.00E+00,+0.00E+00,-14.94E+00,+4.78E+00,+9.80E+00,+2.480E+00
2,09/2/2026,19:05:31.015,-0.09E+00,-0.05E+00,+0.00E+00,+0.00E+00,-14.99E+00,+5.02E+00,+9.61E+00,+2.594E+00
2,09/2/2026,19:05:31.015,-0.09E+00,-0.05E+00,+0.05E+00,+0.00E+00,-15.03E+00,+5.23E+00,+9.42E+00,+2.709E+00
2,09/2/2026,19:05:31.015,-0.14E+00,-0.05E+00,+0.05E+00,+0.00E+00,-15.06E+00,+5.46E+00,+9.23E+00,+2.816E+00
2,09/2/2026,19:05:31.015,-0.09E+00,-0.05E+00,+0.05E+00,+0.00E+00,-15.09E+00,+5.69E+00,+9.05E+00,+2.922E+00
2,09/2/2026,19:05:31.015,-0.09E+00,-0.05E+00,+0.05E+00,+0.00E+00,-15.12E+00,+5.91E+00,+8.87E+00,+3.037E+00
2,09/2/2026,19:05:31.015,-0.09E+00,-0.09E+00,+0.05E+00,+0.00E+00,-15.15E+00,+6.12E+00,+8.67E+00,+3.144E+00
2,09/2/2026,19:05:31.015,-0.09E+00,-0.05E+00,+0.05E+00,+0.00E+00,-15.18E+00,+6.33E+00,+8.47E+00,+3.250E+00
2,09/2/2026,19:05:31.015,-0.09E+00,-0.05E+00,+0.05E+00,+0.00E+00,-15.21E+00,+6.56E+00,+8.29E+00,+3.357E+00
2,09/2/2026,19:05:31.015,-0.09E+00,-0.05E+00,+0.05E+00,-0.05E+00,-15.23E+00,+6.78E+00,+8.10E+00,+3.456E+00
2,09/2/2026,19:05:31.015,-0.09E+00,-0.05E+00,+0.05E+00,-0.05E+00,-15.26E+00,+6.97E+00,+7.92E+00,+3.563E+00
2,09/2/2026,19:05:31.015,-0.09E+00,-0.05E+00,+0.05E+00,+0.00E+00,-15.26E+00,+7.20E+00,+7.72E+00,+3.670E+00
2,09/2/2026,19:05:31.015,-0.09E+00,-0.05E+00,+0.05E+00,+0.00E+00,-15.28E+00,+7.42E+00,+7.51E+00,+3.777E+00
2,09/2/2026,19:05:31.015,-0.09E+00,-0.05E+00,+0.05E+00,+0.00E+00,-15.29E+00,+7.63E+00,+7.29E+00,+3.884E+00
2,09/2/2026,19:05:31.015,-0.09E+00,-0.05E+00,+0.05E+00,+0.00E+00,-15.31E+00,+7.84E+00,+7.10E+00,+3.991E+00
2,09/2/2026,19:05:31.015,-0.14E+00,-0.05E+00,+0.05E+00,+0.00E+00,-15.31E+00,+8.06E+00,+6.88E+00,+4.097E+00
2,09/2/2026,19:05:31.015,-0.14E+00,-0.09E+00,+0.05E+00,-0.05E+00,-15.31E+00,+8.27E+00,+6.68E+00,+4.204E+00
2,09/2/2026,19:05:31.015,-0.09E+00,-0.05E+00,+0.05E+00,+0.00E+00,-15.31E+00,+8.48E+00,+6.47E+00,+4.303E+00
2,09/2/2026,19:05:31.015,-0.09E+00,-0.05E+00,+0.05E+00,+0.00E+00,-15.31E+00,+8.70E+00,+6.26E+00,+4.410E+00
2,09/2/2026,19:05:31.015,-0.09E+00,-0.05E+00,+0.05E+00,+0.00E+00,-15.31E+00,+8.91E+00,+6.04E+00,+4.517E+00
2,09/2/2026,19:05:31.015,-0.09E+00,-0.05E+00,+0.00E+00,+0.00E+00,-15.31E+00,+9.13E+00,+5.83E+00,+4.616E+00
2,09/2/2026,19:05:31.016,-0.09E+00,-0.05E+00,+0.00E+00,+0.00E+00,-15.29E+00,+9.32E+00,+5.62E+00,+4.723E+00
2,09/2/2026,19:05:31.016,-0.09E+00,-0.05E+00,+0.05E+00,-0.05E+00,-15.29E+00,+9.54E+00,+5.40E+00,+4.822E+00
2,09/2/2026,19:05:31.016,-0.09E+00,-0.05E+00,+0.05E+00,-0.05E+00,-15.29E+00,+9.74E+00,+5.19E+00,+4.929E+00
2,09/2/2026,19:05:31.016,-0.09E+00,-0.05E+00,+0.00E+00,+0.00E+00,-15.28E+00,+9.95E+00,+4.96E+00,+5.028E+00
2,09/2/2026,19:05:31.016,-0.09E+00,-0.05E+00,+0.05E+00,+0.00E+00,-15.26E+00,+10.16E+00,+4.75E+00,+5.127E+00
2,09/2/2026,19:05:31.016,-0.09E+00,-0.09E+00,+0.05E+00,+0.00E+00,-15.24E+00,+10.36E+00,+4.52E+00,+5.227E+00
2,09/2/2026,19:05:31.016,-0.09E+00,-0.05E+00,+0.00E+00,+0.00E+00,-15.21E+00,+10.56E+00,+4.30E+00,+5.326E+00
2,09/2/2026,19:05:31.016,-0.09E+00,-0.05E+00,+0.05E+00,+0.00E+00,-15.18E+00,+10.76E+00,+4.07E+00,+5.425E+00
2,09/2/2026,19:05:31.016,-0.09E+00,-0.05E+00,+0.05E+00,+0.00E+00,-15.15E+00,+10.94E+00,+3.85E+00,+5.517E+00
2,09/2/2026,19:05:31.016,-0.09E+00,-0.05E+00,+0.05E+00,+0.00E+00,-15.09E+00,+11.12E+00,+3.62E+00,+5.608E+00
2,09/2/2026,19:05:31.016,-0.09E+00,-0.09E+00,+0.05E+00,+0.00E+00,-15.05E+00,+11.29E+00,+3.39E+00,+5.684E+00
2,09/2/2026,19:05:31.016,-0.09E+00,-0.05E+00,+0.05E+00,+0.00E+00,-14.97E+00,+11.45E+00,+3.16E+00,+5.768E+00
2,09/2/2026,19:05:31.016,-0.09E+00,-0.05E+00,+0.00E+00,+0.00E+00,-14.89E+00,+11.61E+00,+2.95E+00,+5.845E+00
2,09/2/2026,19:05:31.016,-0.09E+00,-0.05E+00,+0.00E+00,-0.05E+00,-14.82E+00,+11.77E+00,+2.72E+00,+5.921E+00
2,09/2/2026,19:05:31.016,-0.09E+00,-0.05E+00,+0.05E+00,+0.00E+00,-14.74E+00,+11.90E+00,+2.47E+00,+5.990E+00
2,09/2/2026,19:05:31.016,-0.09E+00,-0.05E+00,+0.05E+00,+0.00E+00,-14.65E+00,+12.06E+00,+2.24E+00,+6.058E+00
2,09/2/2026,19:05:31.016,-0.09E+00,-0.05E+00,+0.05E+00,+0.00E+00,-14.56E+00,+12.19E+00,+2.00E+00,+6.135E+00
2,09/2/2026,19:05:31.016,-0.09E+00,-0.05E+00,+0.05E+00,+0.00E+00,-14.45E+00,+12.33E+00,+1.77E+00,+6.196E+00
2,09/2/2026,19:05:31.016,-0.09E+00,-0.05E+00,+0.05E+00,-0.05E+00,-14.34E+00,+12.47E+00,+1.51E+00,+6.264E+00
2,09/2/2026,19:05:31.016,-0.09E+00,-0.09E+00,+0.05E+00,+0.00E+00,-14.22E+00,+12.59E+00,+1.27E+00,+6.325E+00
2,09/2/2026,19:05:31.017,-0.09E+00,-0.05E+00,+0.05E+00,+0.00E+00,-14.10E+00,+12.71E+00,+1.02E+00,+6.386E+00
2,09/2/2026,19:05:31.017,-0.09E+00,-0.05E+00,+0.05E+00,+0.00E+00,-13.99E+00,+12.85E+00,+0.78E+00,+6.447E+00
2,09/2/2026,19:05:31.017,-0.09E+00,-0.05E+00,+0.05E+00,-0.05E+00,-13.86E+00,+12.96E+00,+0.53E+00,+6.508E+00
2,09/2/2026,19:05:31.017,-0.09E+00,-0.05E+00,+0.00E+00,+0.00E+00,-13.72E+00,+13.08E+00,+0.29E+00,+6.562E+00
2,09/2/2026,19:05:31.017,-0.09E+00,-0.05E+00,+0.05E+00,+0.00E+00,-13.58E+00,+13.20E+00,+0.05E+00,+6.615E+00
2,09/2/2026,19:05:31.017,-0.09E+00,-0.05E+00,+0.05E+00,-0.05E+00,-13.44E+00,+13.29E+00,-0.21E+00,+6.669E+00
2,09/2/2026,19:05:31.017,-0.09E+00,-0.05E+00,+0.05E+00,-0.05E+00,-13.31E+00,+13.40E+00,-0.46E+00,+6.722E+00
2,09/2/2026,19:05:31.017,-0.09E+00,-0.05E+00,+0.00E+00,+0.00E+00,-13.15E+00,+13.51E+00,-0.70E+00,+6.768E+00
2,09/2/2026,19:05:31.017,-0.09E+00,-0.05E+00,+0.05E+00,+0.00E+00,-13.00E+00,+13.60E+00,-0.96E+00,+6.814E+00
2,09/2/2026,19:05:31.017,-0.09E+00,-0.05E+00,+0.05E+00,-0.05E+00,-12.83E+00,+13.67E+00,-1.21E+00,+6.852E+00
2,09/2/2026,19:05:31.017,-0.09E+00,-0.05E+00,+0.05E+00,+0.00E+00,-12.68E+00,+13.76E+00,-1.45E+00,+6.898E+00
2,09/2/2026,19:05:31.017,-0.09E+00,-0.05E+00,+0.05E+00,+0.00E+00,-12.51E+00,+13.86E+00,-1.71E+00,+6.943E+00
2,09/2/2026,19:05:31.017,-0.09E+00,-0.05E+00,+0.05E+00,+0.00E+00,-12.35E+00,+13.93E+00,-1.95E+00,+6.982E+00
2,09/2/2026,19:05:31.017,-0.09E+00,-0.05E+00,+0.05E+00,+0.00E+00,-12.16E+00,+14.01E+00,-2.21E+00,+7.020E+00
2,09/2/2026,19:05:31.017,-0.09E+00,-0.05E+00,+0.00E+00,+0.00E+00,-11.99E+00,+14.09E+00,-2.46E+00,+7.050E+00
2,09/2/2026,19:05:31.017,-0.14E+00,-0.05E+00,+0.00E+00,+0.00E+00,-11.83E+00,+14.18E+00,-2.70E+00,+7.088E+00
2,09/2/2026,19:05:31.017,-0.09E+00,-0.05E+00,+0.05E+00,+0.00E+00,-11.66E+00,+14.24E+00,-2.96E+00,+7.127E+00
2,09/2/2026,19:05:31.017,-0.09E+00,-0.05E+00,+0.05E+00,+0.00E+00,-11.48E+00,+14.30E+00,-3.20E+00,+7.157E+00
2,09/2/2026,19:05:31.017,-0.09E+00,-0.05E+00,+0.05E+00,+0.00E+00,-11.29E+00,+14.36E+00,-3.43E+00,+7.188E+00
2,09/2/2026,19:05:31.017,-0.09E+00,-0.05E+00,+0.05E+00,+0.00E+00,-11.12E+00,+14.44E+00,-3.68E+00,+7.218E+00
2,09/2/2026,19:05:31.018,-0.09E+00,-0.05E+00,+0.05E+00,+0.00E+00,-10.94E+00,+14.50E+00,-3.91E+00,+7.249E+00
2,09/2/2026,19:05:31.018,-0.09E+00,-0.05E+00,+0.05E+00,-0.05E+00,-10.76E+00,+14.54E+00,-4.15E+00,+7.271E+00
2,09/2/2026,19:05:31.018,-0.14E+00,-0.05E+00,+0.05E+00,+0.00E+00,-10.59E+00,+14.59E+00,-4.38E+00,+7.294E+00
2,09/2/2026,19:05:31.018,-0.09E+00,-0.05E+00,+0.05E+00,+0.00E+00,-10.41E+00,+14.65E+00,-4.61E+00,+7.325E+00
2,09/2/2026,19:05:31.018,-0.09E+00,-0.05E+00,+0.05E+00,+0.00E+00,-10.24E+00,+14.71E+00,-4.84E+00,+7.348E+00
2,09/2/2026,19:05:31.018,-0.09E+00,-0.05E+00,+0.05E+00,+0.00E+00,-10.06E+00,+14.76E+00,-5.07E+00,+7.371E+00
2,09/2/2026,19:05:31.018,-0.09E+00,-0.05E+00,+0.05E+00,+0.00E+00,-9.89E+00,+14.80E+00,-5.30E+00,+7.394E+00
2,09/2/2026,19:05:31.018,-0.09E+00,-0.05E+00,+0.05E+00,+0.00E+00,-9.71E+00,+14.85E+00,-5.51E+00,+7.416E+00
2,09/2/2026,19:05:31.018,-0.09E+00,-0.05E+00,+0.05E+00,-0.05E+00,-9.52E+00,+14.89E+00,-5.74E+00,+7.432E+00
2,09/2/2026,19:05:31.018,-0.09E+00,-0.05E+00,+0.00E+00,+0.00E+00,-9.34E+00,+14.92E+00,-5.97E+00,+7.455E+00
2,09/2/2026,19:05:31.018,-0.09E+00,-0.05E+00,+0.05E+00,+0.00E+00,-9.14E+00,+14.95E+00,-6.18E+00,+7.470E+00
2,09/2/2026,19:05:31.018,-0.09E+00,-0.05E+00,+0.05E+00,+0.00E+00,-8.96E+00,+15.00E+00,-6.41E+00,+7.485E+00
2,09/2/2026,19:05:31.018,-0.09E+00,-0.09E+00,+0.05E+00,+0.00E+00,-8.79E+00,+15.03E+00,-6.62E+00,+7.493E+00
2,09/2/2026,19:05:31.018,-0.09E+00,-0.09E+00,+0.05E+00,+0.00E+00,-8.59E+00,+15.06E+00,-6.84E+00,+7.516E+00
2,09/2/2026,19:05:31.018,-0.09E+00,-0.05E+00,+0.05E+00,+0.00E+00,-8.41E+00,+15.09E+00,-7.05E+00,+7.523E+00
2,09/2/2026,19:05:31.018,-0.09E+00,-0.05E+00,+0.05E+00,+0.00E+00,-8.23E+00,+15.12E+00,-7.26E+00,+7.531E+00
2,09/2/2026,19:05:31.018,-0.09E+00,-0.05E+00,+0.05E+00,+0.00E+00,-8.04E+00,+15.14E+00,-7.46E+00,+7.546E+00
2,09/2/2026,19:05:31.018,-0.09E+00,-0.05E+00,+0.00E+00,+0.00E+00,-7.86E+00,+15.15E+00,-7.66E+00,+7.554E+00
2,09/2/2026,19:05:31.018,-0.09E+00,-0.05E+00,+0.00E+00,+0.00E+00,-7.68E+00,+15.18E+00,-7.87E+00,+7.561E+00
2,09/2/2026,19:05:31.018,-0.09E+00,-0.09E+00,+0.05E+00,+0.00E+00,-7.46E+00,+15.20E+00,-8.10E+00,+7.569E+00
2,09/2/2026,19:05:31.019,-0.09E+00,-0.05E+00,+0.05E+00,+0.00E+00,-7.25E+00,+15.20E+00,-8.32E+00,+7.577E+00
2,09/2/2026,19:05:31.019,-0.14E+00,-0.05E+00,+0.05E+00,+0.00E+00,-7.05E+00,+15.21E+00,-8.53E+00,+7.577E+00
2,09/2/2026,19:05:31.019,-0.09E+00,-0.05E+00,+0.05E+00,+0.00E+00,-6.84E+00,+15.21E+00,-8.74E+00,+7.584E+00
2,09/2/2026,19:05:31.019,-0.09E+00,-0.05E+00,+0.05E+00,+0.00E+00,-6.62E+00,+15.23E+00,-8.97E+00,+7.584E+00
2,09/2/2026,19:05:31.019,-0.09E+00,-0.05E+00,+0.05E+00,+0.00E+00,-6.41E+00,+15.23E+00,-9.19E+00,+7.584E+00
2,09/2/2026,19:05:31.019,-0.09E+00,-0.05E+00,+0.00E+00,+0.00E+00,-6.21E+00,+15.23E+00,-9.40E+00,+7.584E+00
2,09/2/2026,19:05:31.019,-0.09E+00,-0.09E+00,+0.00E+00,+0.00E+00,-6.00E+00,+15.24E+00,-9.61E+00,+7.592E+00
2,09/2/2026,19:05:31.019,-0.09E+00,-0.09E+00,+0.05E+00,+0.00E+00,-5.78E+00,+15.24E+00,-9.83E+00,+7.592E+00
2,09/2/2026,19:05:31.019,-0.09E+00,-0.05E+00,+0.05E+00,+0.00E+00,-5.59E+00,+15.24E+00,-10.04E+00,+7.584E+00
2,09/2/2026,19:05:31.019,-0.09E+00,-0.05E+00,+0.05E+00,+0.00E+00,-5.37E+00,+15.23E+00,-10.24E+00,+7.577E+00
2,09/2/2026,19:05:31.019,-0.09E+00,-0.09E+00,+0.05E+00,+0.00E+00,-5.16E+00,+15.23E+00,-10.45E+00,+7.577E+00
2,09/2/2026,19:05:31.019,-0.14E+00,-0.05E+00,+0.05E+00,+0.00E+00,-4.94E+00,+15.21E+00,-10.65E+00,+7.569E+00
2,09/2/2026,19:05:31.019,-0.14E+00,-0.05E+00,+0.05E+00,+0.00E+00,-4.73E+00,+15.20E+00,-10.85E+00,+7.554E+00
2,09/2/2026,19:05:31.019,-0.09E+00,-0.05E+00,+0.05E+00,-0.05E+00,-4.52E+00,+15.18E+00,-11.05E+00,+7.546E+00
2,09/2/2026,19:05:31.019,-0.09E+00,-0.05E+00,+0.05E+00,+0.00E+00,-4.29E+00,+15.15E+00,-11.23E+00,+7.531E+00
2,09/2/2026,19:05:31.019,-0.09E+00,-0.05E+00,+0.00E+00,+0.00E+00,-4.07E+00,+15.11E+00,-11.41E+00,+7.508E+00
2,09/2/2026,19:05:31.019,-0.09E+00,-0.05E+00,+0.00E+00,-0.05E+00,-3.85E+00,+15.05E+00,-11.58E+00,+7.477E+00
2,09/2/2026,19:05:31.019,-0.14E+00,-0.09E+00,+0.05E+00,+0.00E+00,-3.62E+00,+14.99E+00,-11.74E+00,+7.447E+00
2,09/2/2026,19:05:31.019,-0.09E+00,-0.05E+00,+0.05E+00,+0.00E+00,-3.39E+00,+14.91E+00,-11.90E+00,+7.401E+00
2,09/2/2026,19:05:31.019,-0.09E+00,-0.05E+00,+0.05E+00,+0.00E+00,-3.16E+00,+14.82E+00,-12.04E+00,+7.355E+00
2,09/2/2026,19:05:31.020,-0.09E+00,-0.05E+00,+0.05E+00,+0.00E+00,-2.93E+00,+14.73E+00,-12.19E+00,+7.310E+00
2,09/2/2026,19:05:31.020,-0.09E+00,-0.05E+00,+0.05E+00,+0.00E+00,-2.70E+00,+14.63E+00,-12.33E+00,+7.264E+00
2,09/2/2026,19:05:31.020,-0.09E+00,-0.05E+00,+0.05E+00,+0.00E+00,-2.46E+00,+14.53E+00,-12.47E+00,+7.218E+00
2,09/2/2026,19:05:31.020,-0.09E+00,-0.09E+00,+0.05E+00,+0.00E+00,-2.21E+00,+14.44E+00,-12.60E+00,+7.165E+00
2,09/2/2026,19:05:31.020,-0.14E+00,-0.05E+00,+0.00E+00,-0.05E+00,-1.98E+00,+14.33E+00,-12.73E+00,+7.111E+00
2,09/2/2026,19:05:31.020,-0.09E+00,-0.05E+00,+0.05E+00,+0.00E+00,-1.74E+00,+14.21E+00,-12.85E+00,+7.050E+00
2,09/2/2026,19:05:31.020,-0.09E+00,-0.05E+00,+0.05E+00,+0.00E+00,-1.48E+00,+14.10E+00,-12.97E+00,+6.989E+00
2,09/2/2026,19:05:31.020,-0.09E+00,-0.05E+00,+0.00E+00,+0.00E+00,-1.24E+00,+13.96E+00,-13.09E+00,+6.920E+00
2,09/2/2026,19:05:31.020,-0.09E+00,-0.05E+00,+0.05E+00,+0.00E+00,-0.98E+00,+13.83E+00,-13.22E+00,+6.852E+00
2,09/2/2026,19:05:31.020,-0.09E+00,-0.05E+00,+0.05E+00,+0.00E+00,-0.73E+00,+13.67E+00,-13.32E+00,+6.783E+00
2,09/2/2026,19:05:31.020,-0.09E+00,-0.05E+00,+0.05E+00,-0.05E+00,-0.49E+00,+13.54E+00,-13.43E+00,+6.707E+00
2,09/2/2026,19:05:31.020,-0.09E+00,-0.05E+00,+0.00E+00,+0.00E+00,-0.23E+00,+13.38E+00,-13.52E+00,+6.631E+00
2,09/2/2026,19:05:31.020,-0.09E+00,-0.05E+00,+0.00E+00,+0.00E+00,+0.02E+00,+13.23E+00,-13.63E+00,+6.554E+00
2,09/2/2026,19:05:31.020,-0.09E+00,-0.05E+00,+0.05E+00,+0.00E+00,+0.27E+00,+13.08E+00,-13.72E+00,+6.478E+00
2,09/2/2026,19:05:31.020,-0.14E+00,-0.05E+00,+0.05E+00,+0.00E+00,+0.52E+00,+12.93E+00,-13.83E+00,+6.402E+00
2,09/2/2026,19:05:31.020,-0.14E+00,-0.05E+00,+0.05E+00,-0.05E+00,+0.76E+00,+12.77E+00,-13.92E+00,+6.318E+00
2,09/2/2026,19:05:31.020,-0.09E+00,-0.05E+00,+0.05E+00,+0.00E+00,+1.02E+00,+12.60E+00,-13.99E+00,+6.241E+00
2,09/2/2026,19:05:31.020,-0.09E+00,-0.05E+00,+0.05E+00,+0.00E+00,+1.28E+00,+12.44E+00,-14.09E+00,+6.157E+00
2,09/2/2026,19:05:31.020,-0.09E+00,-0.05E+00,+0.05E+00,+0.00E+00,+1.53E+00,+12.27E+00,-14.18E+00,+6.074E+00
2,09/2/2026,19:05:31.020,-0.09E+00,-0.05E+00,+0.00E+00,+0.00E+00,+1.79E+00,+12.10E+00,-14.25E+00,+5.982E+00
2,09/2/2026,19:05:31.021,-0.09E+00,-0.09E+00,+0.00E+00,+0.00E+00,+2.03E+00,+11.93E+00,-14.31E+00,+5.898E+00
2,09/2/2026,19:05:31.021,-0.09E+00,-0.05E+00,+0.05E+00,-0.05E+00,+2.27E+00,+11.77E+00,-14.39E+00,+5.814E+00
2,09/2/2026,19:05:31.021,-0.09E+00,-0.05E+00,+0.05E+00,+0.00E+00,+2.50E+00,+11.58E+00,-14.47E+00,+5.723E+00
2,09/2/2026,19:05:31.021,-0.09E+00,-0.05E+00,+0.05E+00,+0.00E+00,+2.75E+00,+11.41E+00,-14.53E+00,+5.639E+00
2,09/2/2026,19:05:31.021,-0.09E+00,-0.05E+00,+0.05E+00,+0.00E+00,+2.99E+00,+11.26E+00,-14.60E+00,+5.555E+00
2,09/2/2026,19:05:31.021,-0.09E+00,-0.05E+00,+0.00E+00,+0.00E+00,+3.22E+00,+11.08E+00,-14.67E+00,+5.471E+00
2,09/2/2026,19:05:31.021,-0.09E+00,-0.09E+00,+0.05E+00,+0.00E+00,+3.45E+00,+10.93E+00,-14.73E+00,+5.387E+00
2,09/2/2026,19:05:31.021,-0.09E+00,-0.05E+00,+0.05E+00,-0.05E+00,+3.68E+00,+10.76E+00,-14.79E+00,+5.303E+00
2,09/2/2026,19:05:31.021,-0.09E+00,-0.05E+00,+0.05E+00,-0.05E+00,+3.91E+00,+10.58E+00,-14.85E+00,+5.219E+00
2,09/2/2026,19:05:31.021,-0.09E+00,-0.05E+00,+0.05E+00,+0.00E+00,+4.12E+00,+10.41E+00,-14.89E+00,+5.127E+00
2,09/2/2026,19:05:31.021,-0.09E+00,-0.05E+00,+0.00E+00,+0.00E+00,+4.35E+00,+10.22E+00,-14.94E+00,+5.043E+00
2,09/2/2026,19:05:31.021,-0.09E+00,-0.05E+00,+0.05E+00,+0.00E+00,+4.58E+00,+10.06E+00,-15.00E+00,+4.960E+00
2,09/2/2026,19:05:31.021,-0.09E+00,-0.05E+00,+0.05E+00,+0.00E+00,+4.79E+00,+9.89E+00,-15.03E+00,+4.876E+00
2,09/2/2026,19:05:31.021,-0.09E+00,-0.05E+00,+0.05E+00,+0.00E+00,+5.02E+00,+9.71E+00,-15.08E+00,+4.784E+00
2,09/2/2026,19:05:31.021,-0.14E+00,-0.09E+00,+0.05E+00,+0.00E+00,+5.23E+00,+9.52E+00,-15.12E+00,+4.693E+00
2,09/2/2026,19:05:31.021,-0.09E+00,-0.09E+00,+0.05E+00,+0.00E+00,+5.45E+00,+9.35E+00,-15.17E+00,+4.601E+00
2,09/2/2026,19:05:31.021,-0.09E+00,-0.05E+00,+0.00E+00,+0.00E+00,+5.68E+00,+9.17E+00,-15.20E+00,+4.517E+00
2,09/2/2026,19:05:31.021,-0.09E+00,-0.05E+00,+0.05E+00,+0.00E+00,+5.89E+00,+8.99E+00,-15.24E+00,+4.418E+00
2,09/2/2026,19:05:31.021,-0.09E+00,-0.05E+00,+0.05E+00,+0.00E+00,+6.10E+00,+8.81E+00,-15.28E+00,+4.326E+00
2,09/2/2026,19:05:31.021,-0.09E+00,-0.05E+00,+0.05E+00,-0.05E+00,+6.32E+00,+8.64E+00,-15.31E+00,+4.242E+00
2,09/2/2026,19:05:31.022,-0.09E+00,-0.05E+00,+0.05E+00,+0.00E+00,+6.53E+00,+8.44E+00,-15.34E+00,+4.151E+00
2,09/2/2026,19:05:31.022,-0.09E+00,-0.09E+00,+0.05E+00,+0.00E+00,+6.73E+00,+8.26E+00,-15.35E+00,+4.052E+00
2,09/2/2026,19:05:31.022,-0.09E+00,-0.09E+00,+0.05E+00,+0.00E+00,+6.94E+00,+8.07E+00,-15.37E+00,+3.960E+00
2,09/2/2026,19:05:31.022,-0.09E+00,-0.05E+00,+0.05E+00,+0.00E+00,+7.16E+00,+7.86E+00,-15.40E+00,+3.861E+00
2,09/2/2026,19:05:31.022,-0.09E+00,-0.05E+00,+0.05E+00,+0.00E+00,+7.37E+00,+7.66E+00,-15.41E+00,+3.754E+00
2,09/2/2026,19:05:31.022,-0.09E+00,-0.09E+00,+0.05E+00,+0.00E+00,+7.60E+00,+7.48E+00,-15.41E+00,+3.655E+00
2,09/2/2026,19:05:31.022,-0.09E+00,-0.05E+00,+0.05E+00,+0.00E+00,+7.81E+00,+7.26E+00,-15.43E+00,+3.556E+00
2,09/2/2026,19:05:31.022,-0.09E+00,-0.05E+00,+0.05E+00,+0.00E+00,+8.03E+00,+7.07E+00,-15.44E+00,+3.456E+00
2,09/2/2026,19:05:31.022,-0.09E+00,-0.05E+00,+0.05E+00,+0.00E+00,+8.24E+00,+6.85E+00,-15.44E+00,+3.350E+00
2,09/2/2026,19:05:31.022,-0.09E+00,-0.05E+00,+0.05E+00,+0.00E+00,+8.45E+00,+6.64E+00,-15.46E+00,+3.250E+00
2,09/2/2026,19:05:31.022,-0.09E+00,-0.05E+00,+0.05E+00,+0.00E+00,+8.67E+00,+6.44E+00,-15.46E+00,+3.151E+00
2,09/2/2026,19:05:31.022,-0.09E+00,-0.05E+00,+0.05E+00,-0.05E+00,+8.88E+00,+6.23E+00,-15.46E+00,+3.044E+00
2,09/2/2026,19:05:31.022,-0.09E+00,-0.05E+00,+0.05E+00,+0.00E+00,+9.10E+00,+6.01E+00,-15.47E+00,+2.938E+00
2,09/2/2026,19:05:31.022,-0.09E+00,-0.05E+00,+0.05E+00,+0.00E+00,+9.31E+00,+5.80E+00,-15.47E+00,+2.831E+00
2,09/2/2026,19:05:31.022,-0.09E+00,-0.05E+00,+0.05E+00,+0.00E+00,+9.52E+00,+5.59E+00,-15.47E+00,+2.724E+00
2,09/2/2026,19:05:31.022,-0.09E+00,-0.05E+00,+0.05E+00,+0.00E+00,+9.74E+00,+5.37E+00,-15.47E+00,+2.617E+00
2,09/2/2026,19:05:31.022,-0.09E+00,-0.05E+00,+0.05E+00,+0.00E+00,+9.95E+00,+5.16E+00,-15.47E+00,+2.510E+00
2,09/2/2026,19:05:31.022,-0.09E+00,-0.05E+00,+0.05E+00,+0.00E+00,+10.15E+00,+4.94E+00,-15.46E+00,+2.403E+00
2,09/2/2026,19:05:31.022,-0.09E+00,-0.05E+00,+0.05E+00,+0.00E+00,+10.36E+00,+4.73E+00,-15.46E+00,+2.297E+00
2,09/2/2026,19:05:31.022,-0.09E+00,-0.05E+00,+0.05E+00,+0.00E+00,+10.56E+00,+4.50E+00,-15.44E+00,+2.190E+00
2,09/2/2026,19:05:31.023,-0.09E+00,-0.05E+00,+0.05E+00,+0.00E+00,+10.76E+00,+4.29E+00,-15.43E+00,+2.075E+00
2,09/2/2026,19:05:31.023,-0.09E+00,-0.09E+00,+0.05E+00,+0.00E+00,+10.96E+00,+4.07E+00,-15.40E+00,+1.969E+00
2,09/2/2026,19:05:31.023,-0.09E+00,-0.09E+00,+0.00E+00,+0.00E+00,+11.14E+00,+3.85E+00,-15.35E+00,+1.862E+00
2,09/2/2026,19:05:31.023,-0.09E+00,-0.05E+00,+0.05E+00,+0.00E+00,+11.32E+00,+3.63E+00,-15.32E+00,+1.747E+00
2,09/2/2026,19:05:31.023,-0.09E+00,-0.05E+00,+0.05E+00,+0.00E+00,+11.51E+00,+3.40E+00,-15.28E+00,+1.640E+00
2,09/2/2026,19:05:31.023,-0.09E+00,-0.09E+00,+0.00E+00,+0.00E+00,+11.66E+00,+3.17E+00,-15.21E+00,+1.518E+00
2,09/2/2026,19:05:31.023,-0.09E+00,-0.05E+00,+0.05E+00,+0.00E+00,+11.81E+00,+2.95E+00,-15.12E+00,+1.404E+00
2,09/2/2026,19:05:31.023,-0.09E+00,-0.05E+00,+0.05E+00,+0.00E+00,+11.96E+00,+2.72E+00,-15.03E+00,+1.289E+00
2,09/2/2026,19:05:31.023,-0.09E+00,-0.05E+00,+0.05E+00,+0.00E+00,+12.10E+00,+2.47E+00,-14.94E+00,+1.167E+00
2,09/2/2026,19:05:31.023,-0.09E+00,-0.05E+00,+0.05E+00,+0.00E+00,+12.24E+00,+2.23E+00,-14.82E+00,+1.045E+00
2,09/2/2026,19:05:31.023,-0.09E+00,-0.05E+00,+0.05E+00,+0.00E+00,+12.36E+00,+1.98E+00,-14.71E+00,+0.931E+00
2,09/2/2026,19:05:31.023,-0.09E+00,-0.09E+00,+0.05E+00,+0.00E+00,+12.48E+00,+1.74E+00,-14.59E+00,+0.809E+00
2,09/2/2026,19:05:31.023,-0.09E+00,-0.05E+00,+0.00E+00,+0.00E+00,+12.60E+00,+1.50E+00,-14.48E+00,+0.687E+00
2,09/2/2026,19:05:31.023,-0.09E+00,-0.05E+00,+0.00E+00,+0.00E+00,+12.73E+00,+1.27E+00,-14.36E+00,+0.565E+00
2,09/2/2026,19:05:31.023,-0.09E+00,-0.09E+00,+0.05E+00,-0.05E+00,+12.85E+00,+1.02E+00,-14.24E+00,+0.450E+00
2,09/2/2026,19:05:31.023,-0.09E+00,-0.09E+00,+0.05E+00,+0.00E+00,+12.96E+00,+0.78E+00,-14.12E+00,+0.336E+00
2,09/2/2026,19:05:31.023,-0.09E+00,-0.09E+00,+0.05E+00,+0.00E+00,+13.06E+00,+0.55E+00,-13.98E+00,+0.221E+00
2,09/2/2026,19:05:31.023,-0.09E+00,-0.05E+00,+0.05E+00,+0.00E+00,+13.17E+00,+0.32E+00,-13.84E+00,+0.099E+00
2,09/2/2026,19:05:31.023,-0.09E+00,-0.05E+00,+0.05E+00,+0.00E+00,+13.26E+00,+0.08E+00,-13.72E+00,-0.023E+00
2,09/2/2026,19:05:31.023,-0.09E+00,-0.05E+00,+0.05E+00,+0.00E+00,+13.37E+00,-0.17E+00,-13.57E+00,-0.137E+00
2,09/2/2026,19:05:31.024,-0.14E+00,-0.05E+00,+0.05E+00,+0.00E+00,+13.46E+00,-0.40E+00,-13.43E+00,-0.259E+00
2,09/2/2026,19:05:31.024,-0.09E+00,-0.05E+00,+0.05E+00,+0.00E+00,+13.54E+00,-0.66E+00,-13.26E+00,-0.382E+00
2,09/2/2026,19:05:31.024,-0.09E+00,-0.05E+00,+0.05E+00,+0.00E+00,+13.63E+00,-0.89E+00,-13.11E+00,-0.496E+00
2,09/2/2026,19:05:31.024,-0.09E+00,-0.05E+00,+0.05E+00,+0.00E+00,+13.69E+00,-1.14E+00,-12.93E+00,-0.618E+00
2,09/2/2026,19:05:31.024,-0.09E+00,-0.05E+00,+0.05E+00,+0.00E+00,+13.76E+00,-1.39E+00,-12.76E+00,-0.748E+00
2,09/2/2026,19:05:31.024,-0.09E+00,-0.09E+00,+0.05E+00,+0.00E+00,+13.84E+00,-1.63E+00,-12.57E+00,-0.870E+00
2,09/2/2026,19:05:31.024,-0.09E+00,-0.05E+00,+0.05E+00,+0.00E+00,+13.90E+00,-1.89E+00,-12.39E+00,-0.992E+00
2,09/2/2026,19:05:31.024,-0.09E+00,-0.05E+00,+0.05E+00,+0.00E+00,+13.96E+00,-2.14E+00,-12.21E+00,-1.114E+00
2,09/2/2026,19:05:31.024,-0.09E+00,-0.05E+00,+0.05E+00,+0.00E+00,+14.04E+00,-2.38E+00,-12.04E+00,-1.236E+00
2,09/2/2026,19:05:31.024,-0.09E+00,-0.05E+00,+0.05E+00,+0.00E+00,+14.12E+00,-2.62E+00,-11.86E+00,-1.358E+00
2,09/2/2026,19:05:31.024,-0.09E+00,-0.05E+00,+0.05E+00,+0.00E+00,+14.18E+00,-2.88E+00,-11.67E+00,-1.480E+00
2,09/2/2026,19:05:31.024,-0.09E+00,-0.05E+00,+0.05E+00,+0.00E+00,+14.25E+00,-3.13E+00,-11.51E+00,-1.602E+00
2,09/2/2026,19:05:31.024,-0.09E+00,-0.05E+00,+0.05E+00,+0.00E+00,+14.31E+00,-3.36E+00,-11.34E+00,-1.724E+00
2,09/2/2026,19:05:31.024,-0.14E+00,-0.05E+00,+0.05E+00,+0.00E+00,+14.38E+00,-3.59E+00,-11.17E+00,-1.839E+00
2,09/2/2026,19:05:31.024,-0.09E+00,-0.09E+00,+0.05E+00,+0.00E+00,+14.44E+00,-3.83E+00,-10.99E+00,-1.953E+00
2,09/2/2026,19:05:31.024,-0.09E+00,-0.05E+00,+0.05E+00,+0.00E+00,+14.50E+00,-4.06E+00,-10.82E+00,-2.068E+00
2,09/2/2026,19:05:31.024,-0.09E+00,-0.05E+00,+0.05E+00,+0.00E+00,+14.54E+00,-4.29E+00,-10.64E+00,-2.182E+00
2,09/2/2026,19:05:31.024,-0.09E+00,-0.09E+00,+0.00E+00,+0.00E+00,+14.60E+00,-4.52E+00,-10.45E+00,-2.297E+00
2,09/2/2026,19:05:31.024,-0.09E+00,-0.05E+00,+0.05E+00,+0.00E+00,+14.65E+00,-4.76E+00,-10.27E+00,-2.411E+00
2,09/2/2026,19:05:31.024,-0.14E+00,-0.05E+00,+0.05E+00,-0.05E+00,+14.70E+00,-4.99E+00,-10.09E+00,-2.526E+00
2,09/2/2026,19:05:31.025,-0.09E+00,-0.05E+00,+0.05E+00,+0.00E+00,+14.74E+00,-5.22E+00,-9.89E+00,-2.640E+00
2,09/2/2026,19:05:31.025,-0.09E+00,-0.05E+00,+0.05E+00,+0.00E+00,+14.77E+00,-5.45E+00,-9.71E+00,-2.754E+00
2,09/2/2026,19:05:31.025,-0.09E+00,-0.05E+00,+0.05E+00,+0.00E+00,+14.82E+00,-5.68E+00,-9.52E+00,-2.869E+00
2,09/2/2026,19:05:31.025,-0.09E+00,-0.05E+00,+0.05E+00,+0.00E+00,+14.85E+00,-5.91E+00,-9.32E+00,-2.983E+00
2,09/2/2026,19:05:31.025,-0.09E+00,-0.05E+00,+0.05E+00,+0.00E+00,+14.89E+00,-6.12E+00,-9.14E+00,-3.083E+00
2,09/2/2026,19:05:31.025,-0.09E+00,-0.05E+00,+0.05E+00,+0.00E+00,+14.91E+00,-6.33E+00,-8.96E+00,-3.197E+00
2,09/2/2026,19:05:31.025,-0.09E+00,-0.05E+00,+0.05E+00,-0.05E+00,+14.94E+00,-6.55E+00,-8.76E+00,-3.304E+00
2,09/2/2026,19:05:31.025,-0.09E+00,-0.05E+00,+0.05E+00,+0.00E+00,+14.95E+00,-6.76E+00,-8.58E+00,-3.403E+00
2,09/2/2026,19:05:31.025,-0.09E+00,-0.05E+00,+0.05E+00,+0.00E+00,+14.99E+00,-6.97E+00,-8.38E+00,-3.510E+00
2,09/2/2026,19:05:31.025,-0.09E+00,-0.05E+00,+0.05E+00,+0.00E+00,+15.02E+00,-7.19E+00,-8.19E+00,-3.609E+00
2,09/2/2026,19:05:31.025,-0.09E+00,-0.05E+00,+0.05E+00,+0.00E+00,+15.03E+00,-7.42E+00,-8.00E+00,-3.723E+00
2,09/2/2026,19:05:31.025,-0.09E+00,-0.05E+00,+0.00E+00,+0.00E+00,+15.03E+00,-7.63E+00,-7.80E+00,-3.830E+00
2,09/2/2026,19:05:31.025,-0.09E+00,-0.05E+00,+0.05E+00,+0.00E+00,+15.05E+00,-7.84E+00,-7.58E+00,-3.937E+00
2,09/2/2026,19:05:31.025,-0.09E+00,-0.05E+00,+0.05E+00,+0.00E+00,+15.06E+00,-8.06E+00,-7.37E+00,-4.044E+00
2,09/2/2026,19:05:31.025,-0.09E+00,-0.05E+00,+0.05E+00,+0.00E+00,+15.06E+00,-8.27E+00,-7.17E+00,-4.151E+00
2,09/2/2026,19:05:31.025,-0.09E+00,-0.05E+00,+0.00E+00,+0.00E+00,+15.06E+00,-8.48E+00,-6.96E+00,-4.258E+00
2,09/2/2026,19:05:31.025,-0.09E+00,-0.05E+00,+0.05E+00,+0.00E+00,+15.06E+00,-8.70E+00,-6.75E+00,-4.357E+00
2,09/2/2026,19:05:31.025,-0.09E+00,-0.05E+00,+0.05E+00,+0.00E+00,+15.06E+00,-8.91E+00,-6.55E+00,-4.464E+00
2,09/2/2026,19:05:31.025,-0.09E+00,-0.09E+00,+0.00E+00,+0.00E+00,+15.06E+00,-9.11E+00,-6.33E+00,-4.563E+00
2,09/2/2026,19:05:31.025,-0.09E+00,-0.09E+00,+0.05E+00,+0.00E+00,+15.06E+00,-9.32E+00,-6.12E+00,-4.662E+00
2,09/2/2026,19:05:31.026,-0.09E+00,-0.05E+00,+0.05E+00,+0.00E+00,+15.05E+00,-9.54E+00,-5.91E+00,-4.769E+00
2,09/2/2026,19:05:31.026,-0.09E+00,-0.05E+00,+0.05E+00,+0.00E+00,+15.05E+00,-9.74E+00,-5.68E+00,-4.876E+00
2,09/2/2026,19:05:31.026,-0.09E+00,-0.05E+00,+0.05E+00,+0.00E+00,+15.03E+00,-9.95E+00,-5.46E+00,-4.975E+00
2,09/2/2026,19:05:31.026,-0.09E+00,-0.09E+00,+0.05E+00,+0.00E+00,+15.02E+00,-10.16E+00,-5.25E+00,-5.082E+00
2,09/2/2026,19:05:31.026,-0.09E+00,-0.09E+00,+0.05E+00,+0.00E+00,+15.02E+00,-10.36E+00,-5.02E+00,-5.181E+00
2,09/2/2026,19:05:31.026,-0.09E+00,-0.05E+00,+0.00E+00,-0.05E+00,+14.99E+00,-10.56E+00,-4.81E+00,-5.280E+00
2,09/2/2026,19:05:31.026,-0.09E+00,-0.05E+00,+0.05E+00,+0.00E+00,+14.95E+00,-10.76E+00,-4.58E+00,-5.372E+00
2,09/2/2026,19:05:31.026,-0.09E+00,-0.05E+00,+0.05E+00,+0.00E+00,+14.94E+00,-10.96E+00,-4.36E+00,-5.471E+00
2,09/2/2026,19:05:31.026,-0.14E+00,-0.05E+00,+0.00E+00,-0.05E+00,+14.89E+00,-11.14E+00,-4.14E+00,-5.562E+00
2,09/2/2026,19:05:31.026,-0.09E+00,-0.05E+00,+0.00E+00,-0.05E+00,+14.85E+00,-11.32E+00,-3.91E+00,-5.646E+00
2,09/2/2026,19:05:31.026,-0.09E+00,-0.05E+00,+0.05E+00,+0.00E+00,+14.79E+00,-11.48E+00,-3.68E+00,-5.730E+00
2,09/2/2026,19:05:31.026,-0.09E+00,-0.05E+00,+0.05E+00,+0.00E+00,+14.71E+00,-11.64E+00,-3.46E+00,-5.807E+00
2,09/2/2026,19:05:31.026,-0.09E+00,-0.05E+00,+0.05E+00,+0.00E+00,+14.65E+00,-11.80E+00,-3.24E+00,-5.883E+00
2,09/2/2026,19:05:31.026,-0.09E+00,-0.05E+00,+0.00E+00,+0.00E+00,+14.57E+00,-11.95E+00,-3.01E+00,-5.959E+00
2,09/2/2026,19:05:31.026,-0.09E+00,-0.05E+00,+0.00E+00,-0.05E+00,+14.48E+00,-12.09E+00,-2.76E+00,-6.028E+00
2,09/2/2026,19:05:31.026,-0.09E+00,-0.05E+00,+0.05E+00,+0.00E+00,+14.39E+00,-12.24E+00,-2.53E+00,-6.104E+00
2,09/2/2026,19:05:31.026,-0.09E+00,-0.05E+00,+0.05E+00,+0.00E+00,+14.30E+00,-12.38E+00,-2.29E+00,-6.173E+00
2,09/2/2026,19:05:31.026,-0.09E+00,-0.05E+00,+0.05E+00,+0.00E+00,+14.19E+00,-12.51E+00,-2.04E+00,-6.234E+00
2,09/2/2026,19:05:31.026,-0.09E+00,-0.05E+00,+0.05E+00,+0.00E+00,+14.09E+00,-12.65E+00,-1.82E+00,-6.302E+00
2,09/2/2026,19:05:31.026,-0.09E+00,-0.05E+00,+0.05E+00,+0.00E+00,+13.96E+00,-12.77E+00,-1.56E+00,-6.363E+00
2,09/2/2026,19:05:31.027,-0.14E+00,-0.05E+00,+0.05E+00,-0.05E+00,+13.84E+00,-12.91E+00,-1.31E+00,-6.425E+00
2,09/2/2026,19:05:31.027,-0.14E+00,-0.05E+00,+0.00E+00,+0.00E+00,+13.72E+00,-13.02E+00,-1.07E+00,-6.486E+00
2,09/2/2026,19:05:31.027,-0.09E+00,-0.05E+00,+0.00E+00,+0.00E+00,+13.60E+00,-13.14E+00,-0.82E+00,-6.539E+00
2,09/2/2026,19:05:31.027,-0.09E+00,-0.05E+00,+0.05E+00,+0.00E+00,+13.46E+00,-13.26E+00,-0.58E+00,-6.600E+00
2,09/2/2026,19:05:31.027,-0.09E+00,-0.05E+00,+0.05E+00,+0.00E+00,+13.32E+00,-13.37E+00,-0.34E+00,-6.653E+00
2,09/2/2026,19:05:31.027,-0.09E+00,-0.05E+00,+0.05E+00,+0.00E+00,+13.18E+00,-13.47E+00,-0.08E+00,-6.707E+00
2,09/2/2026,19:05:31.027,-0.09E+00,-0.05E+00,+0.05E+00,+0.00E+00,+13.03E+00,-13.58E+00,+0.17E+00,-6.760E+00
2,09/2/2026,19:05:31.027,-0.14E+00,-0.09E+00,+0.00E+00,+0.00E+00,+12.88E+00,-13.67E+00,+0.41E+00,-6.798E+00
2,09/2/2026,19:05:31.027,-0.09E+00,-0.05E+00,+0.00E+00,+0.00E+00,+12.73E+00,-13.76E+00,+0.66E+00,-6.844E+00
2,09/2/2026,19:05:31.027,-0.09E+00,-0.05E+00,+0.05E+00,+0.00E+00,+12.56E+00,-13.84E+00,+0.92E+00,-6.890E+00
2,09/2/2026,19:05:31.027,-0.09E+00,-0.05E+00,+0.05E+00,+0.00E+00,+12.39E+00,-13.93E+00,+1.16E+00,-6.928E+00
2,09/2/2026,19:05:31.027,-0.09E+00,-0.05E+00,+0.05E+00,+0.00E+00,+12.22E+00,-14.01E+00,+1.42E+00,-6.966E+00
2,09/2/2026,19:05:31.027,-0.09E+00,-0.05E+00,+0.05E+00,-0.05E+00,+12.06E+00,-14.10E+00,+1.66E+00,-7.004E+00
2,09/2/2026,19:05:31.027,-0.09E+00,-0.05E+00,+0.05E+00,+0.00E+00,+11.89E+00,-14.18E+00,+1.92E+00,-7.043E+00
2,09/2/2026,19:05:31.027,-0.09E+00,-0.05E+00,+0.05E+00,+0.00E+00,+11.72E+00,-14.25E+00,+2.17E+00,-7.081E+00
2,09/2/2026,19:05:31.027,-0.09E+00,-0.05E+00,+0.05E+00,+0.00E+00,+11.55E+00,-14.33E+00,+2.41E+00,-7.119E+00
2,09/2/2026,19:05:31.027,-0.09E+00,-0.05E+00,+0.05E+00,+0.00E+00,+11.37E+00,-14.39E+00,+2.66E+00,-7.149E+00
2,09/2/2026,19:05:31.027,-0.09E+00,-0.05E+00,+0.00E+00,+0.00E+00,+11.20E+00,-14.47E+00,+2.90E+00,-7.180E+00
2,09/2/2026,19:05:31.027,-0.09E+00,-0.05E+00,+0.05E+00,+0.00E+00,+11.02E+00,-14.53E+00,+3.14E+00,-7.210E+00
2,09/2/2026,19:05:31.027,-0.09E+00,-0.05E+00,+0.05E+00,+0.00E+00,+10.83E+00,-14.59E+00,+3.37E+00,-7.241E+00
2,09/2/2026,19:05:31.028,-0.09E+00,-0.05E+00,+0.05E+00,+0.00E+00,+10.67E+00,-14.65E+00,+3.62E+00,-7.271E+00
2,09/2/2026,19:05:31.028,-0.09E+00,-0.05E+00,+0.05E+00,+0.00E+00,+10.48E+00,-14.71E+00,+3.85E+00,-7.294E+00
2,09/2/2026,19:05:31.028,-0.09E+00,-0.05E+00,+0.05E+00,+0.00E+00,+10.32E+00,-14.76E+00,+4.07E+00,-7.325E+00
2,09/2/2026,19:05:31.028,-0.09E+00,-0.09E+00,+0.05E+00,+0.00E+00,+10.13E+00,-14.80E+00,+4.30E+00,-7.348E+00
2,09/2/2026,19:05:31.028,-0.09E+00,-0.05E+00,+0.05E+00,-0.05E+00,+9.96E+00,-14.86E+00,+4.53E+00,-7.371E+00
2,09/2/2026,19:05:31.028,-0.09E+00,-0.05E+00,+0.00E+00,-0.05E+00,+9.78E+00,-14.91E+00,+4.76E+00,-7.394E+00
2,09/2/2026,19:05:31.028,-0.09E+00,-0.05E+00,+0.05E+00,+0.00E+00,+9.60E+00,-14.95E+00,+4.99E+00,-7.416E+00
2,09/2/2026,19:05:31.028,-0.09E+00,-0.05E+00,+0.05E+00,+0.00E+00,+9.43E+00,-15.00E+00,+5.20E+00,-7.432E+00
2,09/2/2026,19:05:31.028,-0.09E+00,-0.05E+00,+0.00E+00,+0.00E+00,+9.25E+00,-15.05E+00,+5.42E+00,-7.455E+00
2,09/2/2026,19:05:31.028,-0.09E+00,-0.05E+00,+0.05E+00,+0.00E+00,+9.06E+00,-15.08E+00,+5.65E+00,-7.470E+00
2,09/2/2026,19:05:31.028,-0.09E+00,-0.05E+00,+0.05E+00,+0.00E+00,+8.88E+00,-15.12E+00,+5.88E+00,-7.493E+00
2,09/2/2026,19:05:31.028,-0.09E+00,-0.09E+00,+0.05E+00,+0.00E+00,+8.70E+00,-15.15E+00,+6.09E+00,-7.508E+00
2,09/2/2026,19:05:31.028,-0.09E+00,-0.05E+00,+0.00E+00,-0.05E+00,+8.50E+00,-15.18E+00,+6.30E+00,-7.516E+00
2,09/2/2026,19:05:31.028,-0.09E+00,-0.05E+00,+0.00E+00,+0.00E+00,+8.32E+00,-15.21E+00,+6.53E+00,-7.531E+00
2,09/2/2026,19:05:31.028,-0.09E+00,-0.05E+00,+0.05E+00,+0.00E+00,+8.13E+00,-15.23E+00,+6.75E+00,-7.546E+00
2,09/2/2026,19:05:31.028,-0.09E+00,-0.05E+00,+0.05E+00,+0.00E+00,+7.95E+00,-15.26E+00,+6.94E+00,-7.554E+00
2,09/2/2026,19:05:31.028,-0.09E+00,-0.05E+00,+0.05E+00,+0.00E+00,+7.77E+00,-15.29E+00,+7.14E+00,-7.569E+00
2,09/2/2026,19:05:31.028,-0.09E+00,-0.05E+00,+0.05E+00,+0.00E+00,+7.58E+00,-15.31E+00,+7.36E+00,-7.577E+00
2,09/2/2026,19:05:31.028,-0.09E+00,-0.05E+00,+0.05E+00,-0.05E+00,+7.39E+00,-15.32E+00,+7.57E+00,-7.584E+00
2,09/2/2026,19:05:31.028,-0.09E+00,-0.05E+00,+0.05E+00,+0.00E+00,+7.19E+00,-15.34E+00,+7.78E+00,-7.584E+00
2,09/2/2026,19:05:31.029,-0.09E+00,-0.05E+00,+0.05E+00,+0.00E+00,+6.97E+00,-15.34E+00,+8.01E+00,-7.592E+00
2,09/2/2026,19:05:31.029,-0.09E+00,-0.05E+00,+0.05E+00,+0.00E+00,+6.76E+00,-15.35E+00,+8.23E+00,-7.592E+00
2,09/2/2026,19:05:31.029,-0.09E+00,-0.09E+00,+0.05E+00,+0.00E+00,+6.55E+00,-15.35E+00,+8.44E+00,-7.592E+00
2,09/2/2026,19:05:31.029,-0.09E+00,-0.05E+00,+0.00E+00,+0.00E+00,+6.33E+00,-15.35E+00,+8.65E+00,-7.592E+00
2,09/2/2026,19:05:31.029,-0.09E+00,-0.05E+00,+0.00E+00,+0.00E+00,+6.12E+00,-15.37E+00,+8.88E+00,-7.600E+00
2,09/2/2026,19:05:31.029,-0.09E+00,-0.05E+00,+0.00E+00,+0.00E+00,+5.92E+00,-15.37E+00,+9.08E+00,-7.600E+00
2,09/2/2026,19:05:31.029,-0.09E+00,-0.05E+00,+0.00E+00,+0.00E+00,+5.71E+00,-15.37E+00,+9.29E+00,-7.592E+00
2,09/2/2026,19:05:31.029,-0.09E+00,-0.05E+00,+0.05E+00,-0.05E+00,+5.49E+00,-15.37E+00,+9.51E+00,-7.592E+00
2,09/2/2026,19:05:31.029,-0.09E+00,-0.05E+00,+0.05E+00,+0.00E+00,+5.28E+00,-15.37E+00,+9.71E+00,-7.592E+00
2,09/2/2026,19:05:31.029,-0.09E+00,-0.05E+00,+0.05E+00,+0.00E+00,+5.07E+00,-15.35E+00,+9.92E+00,-7.592E+00
2,09/2/2026,19:05:31.029,-0.09E+00,-0.05E+00,+0.05E+00,+0.00E+00,+4.85E+00,-15.35E+00,+10.13E+00,-7.577E+00
2,09/2/2026,19:05:31.029,-0.09E+00,-0.09E+00,+0.00E+00,+0.00E+00,+4.62E+00,-15.34E+00,+10.35E+00,-7.569E+00
2,09/2/2026,19:05:31.029,-0.09E+00,-0.05E+00,+0.05E+00,+0.00E+00,+4.41E+00,-15.32E+00,+10.54E+00,-7.561E+00
2,09/2/2026,19:05:31.029,-0.09E+00,-0.05E+00,+0.05E+00,+0.00E+00,+4.20E+00,-15.29E+00,+10.74E+00,-7.546E+00
2,09/2/2026,19:05:31.029,-0.09E+00,-0.05E+00,+0.05E+00,+0.00E+00,+3.98E+00,-15.26E+00,+10.93E+00,-7.531E+00
2,09/2/2026,19:05:31.029,-0.09E+00,-0.05E+00,+0.05E+00,+0.00E+00,+3.75E+00,-15.21E+00,+11.09E+00,-7.508E+00
2,09/2/2026,19:05:31.029,-0.14E+00,-0.05E+00,+0.05E+00,+0.00E+00,+3.53E+00,-15.15E+00,+11.26E+00,-7.477E+00
2,09/2/2026,19:05:31.029,-0.09E+00,-0.05E+00,+0.00E+00,+0.00E+00,+3.30E+00,-15.09E+00,+11.43E+00,-7.439E+00
2,09/2/2026,19:05:31.029,-0.09E+00,-0.05E+00,+0.05E+00,+0.00E+00,+3.07E+00,-15.02E+00,+11.58E+00,-7.401E+00
2,09/2/2026,19:05:31.029,-0.14E+00,-0.05E+00,+0.05E+00,+0.00E+00,+2.84E+00,-14.92E+00,+11.72E+00,-7.363E+00
2,09/2/2026,19:05:31.030,-0.09E+00,-0.05E+00,+0.05E+00,+0.00E+00,+2.61E+00,-14.85E+00,+11.86E+00,-7.317E+00
2,09/2/2026,19:05:31.030,-0.09E+00,-0.05E+00,+0.05E+00,+0.00E+00,+2.37E+00,-14.74E+00,+11.99E+00,-7.264E+00
2,09/2/2026,19:05:31.030,-0.09E+00,-0.05E+00,+0.05E+00,+0.00E+00,+2.14E+00,-14.63E+00,+12.13E+00,-7.210E+00
2,09/2/2026,19:05:31.030,-0.09E+00,-0.05E+00,+0.05E+00,+0.00E+00,+1.91E+00,-14.54E+00,+12.27E+00,-7.157E+00
2,09/2/2026,19:05:31.030,-0.09E+00,-0.05E+00,+0.05E+00,+0.00E+00,+1.66E+00,-14.42E+00,+12.41E+00,-7.104E+00
2,09/2/2026,19:05:31.030,-0.09E+00,-0.05E+00,+0.05E+00,+0.00E+00,+1.40E+00,-14.31E+00,+12.53E+00,-7.043E+00
2,09/2/2026,19:05:31.030,-0.09E+00,-0.09E+00,+0.05E+00,+0.00E+00,+1.16E+00,-14.19E+00,+12.65E+00,-6.982E+00
2,09/2/2026,19:05:31.030,-0.09E+00,-0.09E+00,+0.00E+00,-0.05E+00,+0.90E+00,-14.05E+00,+12.77E+00,-6.913E+00
2,09/2/2026,19:05:31.030,-0.09E+00,-0.05E+00,+0.05E+00,+0.00E+00,+0.66E+00,-13.92E+00,+12.88E+00,-6.844E+00
2,09/2/2026,19:05:31.030,-0.09E+00,-0.05E+00,+0.00E+00,+0.00E+00,+0.41E+00,-13.76E+00,+12.99E+00,-6.776E+00
2,09/2/2026,19:05:31.030,-0.09E+00,-0.05E+00,+0.00E+00,+0.00E+00,+0.15E+00,-13.61E+00,+13.09E+00,-6.699E+00
2,09/2/2026,19:05:31.030,-0.14E+00,-0.09E+00,+0.00E+00,-0.05E+00,-0.11E+00,-13.47E+00,+13.20E+00,-6.623E+00
2,09/2/2026,19:05:31.030,-0.14E+00,-0.05E+00,+0.05E+00,+0.00E+00,-0.35E+00,-13.32E+00,+13.31E+00,-6.547E+00
2,09/2/2026,19:05:31.030,-0.09E+00,-0.05E+00,+0.05E+00,+0.00E+00,-0.60E+00,-13.17E+00,+13.40E+00,-6.470E+00
2,09/2/2026,19:05:31.030,-0.09E+00,-0.05E+00,+0.05E+00,+0.00E+00,-0.85E+00,-13.02E+00,+13.49E+00,-6.394E+00
2,09/2/2026,19:05:31.030,-0.09E+00,-0.05E+00,+0.05E+00,+0.00E+00,-1.10E+00,-12.85E+00,+13.58E+00,-6.310E+00
2,09/2/2026,19:05:31.030,-0.09E+00,-0.05E+00,+0.05E+00,+0.00E+00,-1.36E+00,-12.68E+00,+13.67E+00,-6.226E+00
2,09/2/2026,19:05:31.030,-0.09E+00,-0.05E+00,+0.05E+00,+0.00E+00,-1.60E+00,-12.53E+00,+13.75E+00,-6.142E+00
2,09/2/2026,19:05:31.030,-0.09E+00,-0.05E+00,+0.05E+00,+0.00E+00,-1.85E+00,-12.35E+00,+13.84E+00,-6.058E+00
2,09/2/2026,19:05:31.030,-0.09E+00,-0.05E+00,+0.00E+00,+0.00E+00,-2.11E+00,-12.18E+00,+13.92E+00,-5.974E+00
2,09/2/2026,19:05:31.031,-0.09E+00,-0.05E+00,+0.05E+00,+0.00E+00,-2.35E+00,-12.01E+00,+13.99E+00,-5.890E+00
2,09/2/2026,19:05:31.031,-0.09E+00,-0.05E+00,+0.00E+00,+0.00E+00,-2.59E+00,-11.84E+00,+14.05E+00,-5.799E+00
2,09/2/2026,19:05:31.031,-0.09E+00,-0.05E+00,+0.05E+00,+0.00E+00,-2.84E+00,-11.67E+00,+14.13E+00,-5.715E+00
2,09/2/2026,19:05:31.031,-0.09E+00,-0.05E+00,+0.05E+00,+0.00E+00,-3.08E+00,-11.51E+00,+14.21E+00,-5.631E+00
2,09/2/2026,19:05:31.031,-0.09E+00,-0.09E+00,+0.05E+00,+0.00E+00,-3.31E+00,-11.34E+00,+14.27E+00,-5.547E+00
2,09/2/2026,19:05:31.031,-0.09E+00,-0.09E+00,+0.05E+00,-0.05E+00,-3.54E+00,-11.17E+00,+14.33E+00,-5.463E+00
2,09/2/2026,19:05:31.031,-0.09E+00,-0.05E+00,+0.05E+00,+0.00E+00,-3.77E+00,-11.00E+00,+14.39E+00,-5.379E+00
2,09/2/2026,19:05:31.031,-0.09E+00,-0.05E+00,+0.05E+00,+0.00E+00,-4.00E+00,-10.83E+00,+14.45E+00,-5.295E+00
2,09/2/2026,19:05:31.031,-0.09E+00,-0.05E+00,+0.00E+00,+0.00E+00,-4.23E+00,-10.67E+00,+14.51E+00,-5.204E+00
2,09/2/2026,19:05:31.031,-0.09E+00,-0.09E+00,+0.05E+00,+0.00E+00,-4.44E+00,-10.48E+00,+14.56E+00,-5.120E+00
2,09/2/2026,19:05:31.031,-0.09E+00,-0.05E+00,+0.05E+00,+0.00E+00,-4.67E+00,-10.32E+00,+14.60E+00,-5.036E+00
2,09/2/2026,19:05:31.031,-0.09E+00,-0.05E+00,+0.05E+00,+0.00E+00,-4.90E+00,-10.13E+00,+14.65E+00,-4.944E+00
2,09/2/2026,19:05:31.031,-0.09E+00,-0.09E+00,+0.05E+00,+0.00E+00,-5.11E+00,-9.96E+00,+14.70E+00,-4.853E+00
2,09/2/2026,19:05:31.031,-0.09E+00,-0.05E+00,+0.00E+00,+0.00E+00,-5.33E+00,-9.78E+00,+14.74E+00,-4.761E+00
2,09/2/2026,19:05:31.031,-0.09E+00,-0.05E+00,+0.00E+00,+0.00E+00,-5.55E+00,-9.60E+00,+14.77E+00,-4.677E+00
2,09/2/2026,19:05:31.031,-0.09E+00,-0.09E+00,+0.05E+00,+0.00E+00,-5.77E+00,-9.42E+00,+14.82E+00,-4.586E+00
2,09/2/2026,19:05:31.031,-0.09E+00,-0.05E+00,+0.05E+00,+0.00E+00,-6.00E+00,-9.25E+00,+14.86E+00,-4.494E+00
2,09/2/2026,19:05:31.031,-0.09E+00,-0.05E+00,+0.05E+00,+0.00E+00,-6.21E+00,-9.06E+00,+14.89E+00,-4.403E+00
2,09/2/2026,19:05:31.031,-0.09E+00,-0.09E+00,+0.05E+00,+0.00E+00,-6.42E+00,-8.88E+00,+14.92E+00,-4.319E+00
2,09/2/2026,19:05:31.031,-0.09E+00,-0.05E+00,+0.05E+00,+0.00E+00,-6.64E+00,-8.70E+00,+14.95E+00,-4.227E+00
2,09/2/2026,19:05:31.032,-0.09E+00,-0.05E+00,+0.05E+00,+0.00E+00,-6.84E+00,-8.52E+00,+14.99E+00,-4.136E+00
2,09/2/2026,19:05:31.032,-0.09E+00,-0.05E+00,+0.05E+00,+0.00E+00,-7.05E+00,-8.33E+00,+15.00E+00,-4.044E+00
2,09/2/2026,19:05:31.032,-0.09E+00,-0.05E+00,+0.05E+00,+0.00E+00,-7.28E+00,-8.13E+00,+15.02E+00,-3.945E+00
2,09/2/2026,19:05:31.032,-0.09E+00,-0.05E+00,+0.05E+00,+0.00E+00,-7.49E+00,-7.94E+00,+15.05E+00,-3.846E+00
2,09/2/2026,19:05:31.032,-0.09E+00,-0.09E+00,+0.05E+00,+0.00E+00,-7.71E+00,-7.72E+00,+15.06E+00,-3.739E+00
2,09/2/2026,19:05:31.032,-0.09E+00,-0.05E+00,+0.05E+00,+0.00E+00,-7.92E+00,-7.52E+00,+15.06E+00,-3.640E+00
2,09/2/2026,19:05:31.032,-0.09E+00,-0.05E+00,+0.00E+00,+0.00E+00,-8.13E+00,-7.32E+00,+15.08E+00,-3.540E+00
2,09/2/2026,19:05:31.032,-0.09E+00,-0.05E+00,+0.05E+00,+0.00E+00,-8.35E+00,-7.11E+00,+15.09E+00,-3.434E+00
2,09/2/2026,19:05:31.032,-0.09E+00,-0.05E+00,+0.05E+00,+0.00E+00,-8.56E+00,-6.90E+00,+15.09E+00,-3.334E+00
2,09/2/2026,19:05:31.032,-0.09E+00,-0.05E+00,+0.05E+00,+0.00E+00,-8.77E+00,-6.70E+00,+15.11E+00,-3.228E+00
2,09/2/2026,19:05:31.032,-0.09E+00,-0.05E+00,+0.00E+00,+0.00E+00,-8.99E+00,-6.50E+00,+15.12E+00,-3.128E+00
2,09/2/2026,19:05:31.032,-0.09E+00,-0.05E+00,+0.00E+00,+0.00E+00,-9.20E+00,-6.29E+00,+15.12E+00,-3.022E+00
2,09/2/2026,19:05:31.032,-0.09E+00,-0.09E+00,+0.05E+00,-0.05E+00,-9.42E+00,-6.07E+00,+15.12E+00,-2.922E+00
2,09/2/2026,19:05:31.032,-0.09E+00,-0.05E+00,+0.05E+00,+0.00E+00,-9.63E+00,-5.86E+00,+15.12E+00,-2.808E+00
2,09/2/2026,19:05:31.032,-0.14E+00,-0.05E+00,+0.05E+00,+0.00E+00,-9.84E+00,-5.66E+00,+15.12E+00,-2.709E+00
2,09/2/2026,19:05:31.032,-0.09E+00,-0.05E+00,+0.05E+00,+0.00E+00,-10.04E+00,-5.45E+00,+15.12E+00,-2.602E+00
2,09/2/2026,19:05:31.032,-0.09E+00,-0.05E+00,+0.05E+00,+0.00E+00,-10.25E+00,-5.23E+00,+15.12E+00,-2.495E+00
2,09/2/2026,19:05:31.032,-0.09E+00,-0.05E+00,+0.05E+00,+0.00E+00,-10.47E+00,-5.02E+00,+15.11E+00,-2.388E+00
2,09/2/2026,19:05:31.032,-0.09E+00,-0.05E+00,+0.05E+00,+0.00E+00,-10.67E+00,-4.81E+00,+15.11E+00,-2.281E+00
2,09/2/2026,19:05:31.033,-0.14E+00,-0.05E+00,+0.00E+00,+0.00E+00,-10.87E+00,-4.58E+00,+15.09E+00,-2.175E+00
2,09/2/2026,19:05:31.033,-0.14E+00,-0.05E+00,+0.05E+00,+0.00E+00,-11.06E+00,-4.36E+00,+15.06E+00,-2.068E+00
2,09/2/2026,19:05:31.033,-0.09E+00,-0.05E+00,+0.05E+00,+0.00E+00,-11.26E+00,-4.15E+00,+15.05E+00,-1.961E+00
2,09/2/2026,19:05:31.033,-0.09E+00,-0.05E+00,+0.05E+00,+0.00E+00,-11.45E+00,-3.94E+00,+15.02E+00,-1.846E+00
2,09/2/2026,19:05:31.033,-0.09E+00,-0.05E+00,+0.05E+00,+0.00E+00,-11.63E+00,-3.71E+00,+14.97E+00,-1.740E+00
2,09/2/2026,19:05:31.033,-0.09E+00,-0.09E+00,+0.05E+00,+0.00E+00,-11.80E+00,-3.48E+00,+14.92E+00,-1.625E+00
2,09/2/2026,19:05:31.033,-0.09E+00,-0.05E+00,+0.05E+00,+0.00E+00,-11.96E+00,-3.27E+00,+14.86E+00,-1.511E+00
2,09/2/2026,19:05:31.033,-0.09E+00,-0.05E+00,+0.00E+00,+0.00E+00,-12.12E+00,-3.02E+00,+14.79E+00,-1.396E+00
2,09/2/2026,19:05:31.033,-0.09E+00,-0.09E+00,+0.05E+00,+0.00E+00,-12.27E+00,-2.79E+00,+14.70E+00,-1.282E+00
2,09/2/2026,19:05:31.033,-0.09E+00,-0.05E+00,+0.05E+00,+0.00E+00,-12.41E+00,-2.56E+00,+14.59E+00,-1.167E+00
2,09/2/2026,19:05:31.033,-0.09E+00,-0.05E+00,+0.05E+00,+0.00E+00,-12.53E+00,-2.32E+00,+14.48E+00,-1.045E+00
2,09/2/2026,19:05:31.033,-0.09E+00,-0.05E+00,+0.05E+00,+0.00E+00,-12.65E+00,-2.08E+00,+14.38E+00,-0.923E+00
2,09/2/2026,19:05:31.033,-0.09E+00,-0.05E+00,+0.05E+00,-0.05E+00,-12.77E+00,-1.85E+00,+14.25E+00,-0.809E+00
2,09/2/2026,19:05:31.033,-0.09E+00,-0.05E+00,+0.05E+00,-0.05E+00,-12.89E+00,-1.60E+00,+14.13E+00,-0.694E+00
2,09/2/2026,19:05:31.033,-0.09E+00,-0.05E+00,+0.00E+00,+0.00E+00,-13.02E+00,-1.36E+00,+14.01E+00,-0.572E+00
2,09/2/2026,19:05:31.033,-0.09E+00,-0.05E+00,+0.00E+00,+0.00E+00,-13.12E+00,-1.13E+00,+13.89E+00,-0.450E+00
2,09/2/2026,19:05:31.033,-0.14E+00,-0.05E+00,+0.00E+00,+0.00E+00,-13.25E+00,-0.90E+00,+13.76E+00,-0.336E+00
2,09/2/2026,19:05:31.033,-0.09E+00,-0.05E+00,+0.05E+00,+0.00E+00,-13.35E+00,-0.66E+00,+13.64E+00,-0.221E+00
2,09/2/2026,19:05:31.033,-0.09E+00,-0.05E+00,+0.05E+00,+0.00E+00,-13.46E+00,-0.41E+00,+13.52E+00,-0.107E+00
2,09/2/2026,19:05:31.033,-0.09E+00,-0.05E+00,+0.00E+00,-0.05E+00,-13.55E+00,-0.18E+00,+13.38E+00,+0.015E+00
2,09/2/2026,19:05:31.034,-0.09E+00,-0.05E+00,+0.05E+00,+0.00E+00,-13.64E+00,+0.05E+00,+13.25E+00,+0.130E+00
2,09/2/2026,19:05:31.034,-0.09E+00,-0.05E+00,+0.05E+00,+0.00E+00,-13.73E+00,+0.29E+00,+13.09E+00,+0.252E+00
2,09/2/2026,19:05:31.034,-0.09E+00,-0.09E+00,+0.05E+00,+0.00E+00,-13.81E+00,+0.52E+00,+12.93E+00,+0.374E+00
2,09/2/2026,19:05:31.034,-0.09E+00,-0.05E+00,+0.05E+00,+0.00E+00,-13.89E+00,+0.76E+00,+12.76E+00,+0.488E+00
2,09/2/2026,19:05:31.034,-0.09E+00,-0.05E+00,+0.05E+00,-0.05E+00,-13.96E+00,+1.02E+00,+12.59E+00,+0.610E+00
2,09/2/2026,19:05:31.034,-0.09E+00,-0.05E+00,+0.00E+00,-0.05E+00,-14.04E+00,+1.27E+00,+12.42E+00,+0.732E+00
2,09/2/2026,19:05:31.034,-0.09E+00,-0.05E+00,+0.05E+00,+0.00E+00,-14.10E+00,+1.51E+00,+12.24E+00,+0.862E+00
2,09/2/2026,19:05:31.034,-0.09E+00,-0.05E+00,+0.05E+00,+0.00E+00,-14.18E+00,+1.75E+00,+12.06E+00,+0.984E+00
2,09/2/2026,19:05:31.034,-0.09E+00,-0.05E+00,+0.05E+00,+0.00E+00,-14.24E+00,+2.01E+00,+11.87E+00,+1.106E+00
2,09/2/2026,19:05:31.034,-0.09E+00,-0.05E+00,+0.05E+00,+0.00E+00,-14.31E+00,+2.26E+00,+11.69E+00,+1.228E+00
2,09/2/2026,19:05:31.034,-0.09E+00,-0.05E+00,+0.05E+00,-0.05E+00,-14.38E+00,+2.50E+00,+11.51E+00,+1.351E+00
2,09/2/2026,19:05:31.034,-0.09E+00,-0.05E+00,+0.05E+00,+0.00E+00,-14.45E+00,+2.75E+00,+11.34E+00,+1.473E+00
2,09/2/2026,19:05:31.034,-0.09E+00,-0.05E+00,+0.05E+00,+0.00E+00,-14.51E+00,+2.99E+00,+11.17E+00,+1.587E+00
2,09/2/2026,19:05:31.034,-0.09E+00,-0.05E+00,+0.05E+00,+0.00E+00,-14.57E+00,+3.22E+00,+10.99E+00,+1.702E+00
2,09/2/2026,19:05:31.034,-0.09E+00,-0.05E+00,+0.00E+00,+0.00E+00,-14.65E+00,+3.45E+00,+10.82E+00,+1.816E+00
2,09/2/2026,19:05:31.034,-0.09E+00,-0.05E+00,+0.05E+00,+0.00E+00,-14.70E+00,+3.68E+00,+10.65E+00,+1.930E+00
2,09/2/2026,19:05:31.034,-0.09E+00,-0.05E+00,+0.05E+00,+0.00E+00,-14.76E+00,+3.92E+00,+10.48E+00,+2.045E+00
2,09/2/2026,19:05:31.034,-0.09E+00,-0.05E+00,+0.05E+00,+0.00E+00,-14.82E+00,+4.15E+00,+10.30E+00,+2.167E+00
2,09/2/2026,19:05:31.034,-0.09E+00,-0.05E+00,+0.05E+00,+0.00E+00,-14.86E+00,+4.38E+00,+10.12E+00,+2.274E+00
2,09/2/2026,19:05:31.034,-0.09E+00,-0.09E+00,+0.05E+00,+0.00E+00,-14.91E+00,+4.61E+00,+9.93E+00,+2.388E+00
2,09/2/2026,19:05:31.035,-0.09E+00,-0.05E+00,+0.00E+00,+0.00E+00,-14.95E+00,+4.84E+00,+9.75E+00,+2.510E+00
2,09/2/2026,19:05:31.035,-0.09E+00,-0.05E+00,+0.05E+00,-0.05E+00,-14.99E+00,+5.07E+00,+9.57E+00,+2.617E+00
2,09/2/2026,19:05:31.035,-0.09E+00,-0.05E+00,+0.05E+00,+0.00E+00,-15.03E+00,+5.30E+00,+9.37E+00,+2.732E+00
2,09/2/2026,19:05:31.035,-0.09E+00,-0.05E+00,+0.05E+00,+0.00E+00,-15.06E+00,+5.52E+00,+9.19E+00,+2.838E+00
2,09/2/2026,19:05:31.035,-0.09E+00,-0.05E+00,+0.00E+00,+0.00E+00,-15.09E+00,+5.74E+00,+9.00E+00,+2.953E+00
2,09/2/2026,19:05:31.035,-0.09E+00,-0.09E+00,+0.05E+00,+0.00E+00,-15.12E+00,+5.95E+00,+8.81E+00,+3.060E+00
2,09/2/2026,19:05:31.035,-0.09E+00,-0.05E+00,+0.05E+00,+0.00E+00,-15.15E+00,+6.18E+00,+8.62E+00,+3.166E+00
2,09/2/2026,19:05:31.035,-0.09E+00,-0.05E+00,+0.05E+00,-0.05E+00,-15.18E+00,+6.39E+00,+8.42E+00,+3.266E+00
2,09/2/2026,19:05:31.035,-0.09E+00,-0.05E+00,+0.05E+00,+0.00E+00,-15.20E+00,+6.61E+00,+8.24E+00,+3.373E+00
2,09/2/2026,19:05:31.035,-0.09E+00,-0.05E+00,+0.05E+00,+0.00E+00,-15.23E+00,+6.81E+00,+8.06E+00,+3.479E+00
2,09/2/2026,19:05:31.035,-0.09E+00,-0.05E+00,+0.05E+00,+0.00E+00,-15.24E+00,+7.02E+00,+7.86E+00,+3.586E+00
2,09/2/2026,19:05:31.035,-0.09E+00,-0.05E+00,+0.05E+00,+0.00E+00,-15.26E+00,+7.25E+00,+7.66E+00,+3.693E+00
2,09/2/2026,19:05:31.035,-0.09E+00,-0.05E+00,+0.05E+00,+0.00E+00,-15.28E+00,+7.46E+00,+7.46E+00,+3.800E+00
2,09/2/2026,19:05:31.035,-0.09E+00,-0.05E+00,+0.05E+00,+0.00E+00,-15.29E+00,+7.68E+00,+7.25E+00,+3.907E+00
2,09/2/2026,19:05:31.035,-0.09E+00,-0.05E+00,+0.05E+00,-0.05E+00,-15.31E+00,+7.89E+00,+7.05E+00,+4.013E+00
2,09/2/2026,19:05:31.035,-0.09E+00,-0.05E+00,+0.05E+00,-0.05E+00,-15.31E+00,+8.12E+00,+6.84E+00,+4.120E+00
2,09/2/2026,19:05:31.035,-0.09E+00,-0.05E+00,+0.05E+00,+0.00E+00,-15.31E+00,+8.33E+00,+6.62E+00,+4.227E+00
2,09/2/2026,19:05:31.035,-0.09E+00,-0.05E+00,+0.00E+00,+0.00E+00,-15.31E+00,+8.53E+00,+6.41E+00,+4.334E+00
2,09/2/2026,19:05:31.035,-0.09E+00,-0.05E+00,+0.05E+00,+0.00E+00,-15.31E+00,+8.76E+00,+6.20E+00,+4.433E+00
2,09/2/2026,19:05:31.035,-0.09E+00,-0.05E+00,+0.05E+00,+0.00E+00,-15.31E+00,+8.97E+00,+5.98E+00,+4.540E+00
2,09/2/2026,19:05:31.036,-0.09E+00,-0.09E+00,+0.00E+00,+0.00E+00,-15.29E+00,+9.17E+00,+5.77E+00,+4.639E+00
2,09/2/2026,19:05:31.036,-0.09E+00,-0.05E+00,+0.05E+00,+0.00E+00,-15.29E+00,+9.37E+00,+5.55E+00,+4.746E+00
2,09/2/2026,19:05:31.036,-0.09E+00,-0.05E+00,+0.05E+00,+0.00E+00,-15.29E+00,+9.58E+00,+5.34E+00,+4.845E+00
2,09/2/2026,19:05:31.036,-0.09E+00,-0.09E+00,+0.05E+00,+0.00E+00,-15.28E+00,+9.80E+00,+5.13E+00,+4.952E+00
2,09/2/2026,19:05:31.036,-0.09E+00,-0.09E+00,+0.00E+00,+0.00E+00,-15.26E+00,+10.00E+00,+4.91E+00,+5.051E+00
2,09/2/2026,19:05:31.036,-0.09E+00,-0.09E+00,+0.05E+00,+0.00E+00,-15.24E+00,+10.19E+00,+4.68E+00,+5.150E+00
2,09/2/2026,19:05:31.036,-0.09E+00,-0.05E+00,+0.05E+00,+0.00E+00,-15.23E+00,+10.41E+00,+4.47E+00,+5.250E+00
2,09/2/2026,19:05:31.036,-0.09E+00,-0.05E+00,+0.05E+00,+0.00E+00,-15.20E+00,+10.61E+00,+4.24E+00,+5.349E+00
2,09/2/2026,19:05:31.036,-0.09E+00,-0.05E+00,+0.00E+00,+0.00E+00,-15.17E+00,+10.79E+00,+4.01E+00,+5.440E+00
2,09/2/2026,19:05:31.036,-0.09E+00,-0.05E+00,+0.00E+00,+0.00E+00,-15.14E+00,+10.97E+00,+3.78E+00,+5.532E+00
2,09/2/2026,19:05:31.036,-0.09E+00,-0.05E+00,+0.05E+00,+0.00E+00,-15.08E+00,+11.16E+00,+3.56E+00,+5.623E+00
2,09/2/2026,19:05:31.036,-0.14E+00,-0.05E+00,+0.05E+00,+0.00E+00,-15.02E+00,+11.32E+00,+3.33E+00,+5.707E+00
2,09/2/2026,19:05:31.036,-0.14E+00,-0.09E+00,+0.00E+00,-0.05E+00,-14.95E+00,+11.49E+00,+3.10E+00,+5.784E+00
2,09/2/2026,19:05:31.036,-0.09E+00,-0.05E+00,+0.00E+00,+0.00E+00,-14.88E+00,+11.66E+00,+2.87E+00,+5.860E+00
2,09/2/2026,19:05:31.036,-0.09E+00,-0.05E+00,+0.05E+00,+0.00E+00,-14.80E+00,+11.80E+00,+2.64E+00,+5.936E+00
2,09/2/2026,19:05:31.036,-0.09E+00,-0.05E+00,+0.05E+00,+0.00E+00,-14.73E+00,+11.95E+00,+2.41E+00,+6.005E+00
2,09/2/2026,19:05:31.036,-0.09E+00,-0.05E+00,+0.00E+00,+0.00E+00,-14.62E+00,+12.09E+00,+2.17E+00,+6.074E+00
2,09/2/2026,19:05:31.036,-0.09E+00,-0.05E+00,+0.00E+00,+0.00E+00,-14.53E+00,+12.22E+00,+1.94E+00,+6.142E+00
2,09/2/2026,19:05:31.036,-0.09E+00,-0.05E+00,+0.00E+00,-0.05E+00,-14.44E+00,+12.36E+00,+1.71E+00,+6.211E+00
2,09/2/2026,19:05:31.036,-0.09E+00,-0.05E+00,+0.05E+00,+0.00E+00,-14.31E+00,+12.50E+00,+1.46E+00,+6.280E+00
2,09/2/2026,19:05:31.037,-0.09E+00,-0.05E+00,+0.05E+00,+0.00E+00,-14.19E+00,+12.62E+00,+1.21E+00,+6.341E+00
2,09/2/2026,19:05:31.037,-0.09E+00,-0.05E+00,+0.05E+00,+0.00E+00,-14.07E+00,+12.74E+00,+0.96E+00,+6.402E+00
2,09/2/2026,19:05:31.037,-0.09E+00,-0.05E+00,+0.00E+00,-0.05E+00,-13.95E+00,+12.86E+00,+0.72E+00,+6.463E+00
2,09/2/2026,19:05:31.037,-0.09E+00,-0.05E+00,+0.05E+00,+0.00E+00,-13.81E+00,+12.99E+00,+0.46E+00,+6.516E+00
2,09/2/2026,19:05:31.037,-0.14E+00,-0.05E+00,+0.05E+00,+0.00E+00,-13.69E+00,+13.11E+00,+0.21E+00,+6.577E+00
2,09/2/2026,19:05:31.037,-0.09E+00,-0.05E+00,+0.05E+00,+0.00E+00,-13.55E+00,+13.22E+00,-0.03E+00,+6.631E+00
2,09/2/2026,19:05:31.037,-0.09E+00,-0.05E+00,+0.05E+00,+0.00E+00,-13.41E+00,+13.32E+00,-0.27E+00,+6.684E+00
2,09/2/2026,19:05:31.037,-0.09E+00,-0.05E+00,+0.05E+00,+0.00E+00,-13.26E+00,+13.43E+00,-0.53E+00,+6.730E+00
2,09/2/2026,19:05:31.037,-0.09E+00,-0.05E+00,+0.05E+00,-0.05E+00,-13.11E+00,+13.54E+00,-0.78E+00,+6.783E+00
2,09/2/2026,19:05:31.037,-0.09E+00,-0.05E+00,+0.00E+00,+0.00E+00,-12.96E+00,+13.63E+00,-1.02E+00,+6.829E+00
2,09/2/2026,19:05:31.037,-0.09E+00,-0.05E+00,+0.05E+00,+0.00E+00,-12.80E+00,+13.70E+00,-1.28E+00,+6.867E+00
2,09/2/2026,19:05:31.037,-0.09E+00,-0.09E+00,+0.05E+00,+0.00E+00,-12.64E+00,+13.80E+00,-1.53E+00,+6.913E+00
2,09/2/2026,19:05:31.037,-0.09E+00,-0.05E+00,+0.00E+00,+0.00E+00,-12.45E+00,+13.87E+00,-1.79E+00,+6.951E+00
2,09/2/2026,19:05:31.037,-0.09E+00,-0.05E+00,+0.05E+00,+0.00E+00,-12.30E+00,+13.96E+00,-2.03E+00,+6.989E+00
2,09/2/2026,19:05:31.037,-0.14E+00,-0.05E+00,+0.05E+00,+0.00E+00,-12.12E+00,+14.04E+00,-2.27E+00,+7.027E+00
2,09/2/2026,19:05:31.037,-0.09E+00,-0.05E+00,+0.05E+00,+0.00E+00,-11.95E+00,+14.12E+00,-2.53E+00,+7.065E+00
2,09/2/2026,19:05:31.037,-0.09E+00,-0.05E+00,+0.05E+00,-0.05E+00,-11.77E+00,+14.19E+00,-2.78E+00,+7.104E+00
2,09/2/2026,19:05:31.037,-0.09E+00,-0.05E+00,+0.05E+00,+0.00E+00,-11.60E+00,+14.25E+00,-3.02E+00,+7.134E+00
2,09/2/2026,19:05:31.037,-0.09E+00,-0.05E+00,+0.05E+00,+0.00E+00,-11.43E+00,+14.31E+00,-3.27E+00,+7.165E+00
2,09/2/2026,19:05:31.037,-0.09E+00,-0.05E+00,+0.05E+00,+0.00E+00,-11.25E+00,+14.38E+00,-3.49E+00,+7.195E+00
2,09/2/2026,19:05:31.038,-0.09E+00,-0.09E+00,+0.00E+00,-0.05E+00,-11.06E+00,+14.45E+00,-3.74E+00,+7.226E+00
2,09/2/2026,19:05:31.038,-0.09E+00,-0.09E+00,+0.00E+00,-0.05E+00,-10.90E+00,+14.51E+00,-3.98E+00,+7.256E+00
2,09/2/2026,19:05:31.038,-0.09E+00,-0.05E+00,+0.05E+00,+0.00E+00,-10.73E+00,+14.57E+00,-4.21E+00,+7.279E+00
2,09/2/2026,19:05:31.038,-0.09E+00,-0.05E+00,+0.05E+00,+0.00E+00,-10.54E+00,+14.62E+00,-4.44E+00,+7.302E+00
2,09/2/2026,19:05:31.038,-0.09E+00,-0.05E+00,+0.05E+00,+0.00E+00,-10.36E+00,+14.67E+00,-4.67E+00,+7.333E+00
2,09/2/2026,19:05:31.038,-0.09E+00,-0.09E+00,+0.05E+00,+0.00E+00,-10.19E+00,+14.73E+00,-4.90E+00,+7.355E+00
2,09/2/2026,19:05:31.038,-0.09E+00,-0.05E+00,+0.05E+00,+0.00E+00,-10.01E+00,+14.77E+00,-5.13E+00,+7.378E+00
2,09/2/2026,19:05:31.038,-0.09E+00,-0.05E+00,+0.05E+00,+0.00E+00,-9.83E+00,+14.82E+00,-5.36E+00,+7.401E+00
2,09/2/2026,19:05:31.038,-0.09E+00,-0.09E+00,+0.05E+00,+0.00E+00,-9.66E+00,+14.86E+00,-5.57E+00,+7.424E+00
2,09/2/2026,19:05:31.038,-0.09E+00,-0.09E+00,+0.05E+00,+0.00E+00,-9.48E+00,+14.91E+00,-5.80E+00,+7.439E+00
2,09/2/2026,19:05:31.038,-0.09E+00,-0.05E+00,+0.05E+00,+0.00E+00,-9.29E+00,+14.94E+00,-6.03E+00,+7.455E+00
2,09/2/2026,19:05:31.038,-0.09E+00,-0.05E+00,+0.00E+00,+0.00E+00,-9.10E+00,+14.97E+00,-6.24E+00,+7.470E+00
2,09/2/2026,19:05:31.038,-0.09E+00,-0.09E+00,+0.05E+00,+0.00E+00,-8.91E+00,+15.02E+00,-6.46E+00,+7.485E+00
2,09/2/2026,19:05:31.038,-0.14E+00,-0.05E+00,+0.05E+00,-0.05E+00,-8.73E+00,+15.03E+00,-6.68E+00,+7.500E+00
2,09/2/2026,19:05:31.038,-0.09E+00,-0.05E+00,+0.05E+00,-0.05E+00,-8.55E+00,+15.06E+00,-6.90E+00,+7.516E+00
2,09/2/2026,19:05:31.038,-0.09E+00,-0.05E+00,+0.05E+00,+0.00E+00,-8.36E+00,+15.11E+00,-7.11E+00,+7.531E+00
2,09/2/2026,19:05:31.038,-0.09E+00,-0.05E+00,+0.05E+00,+0.00E+00,-8.16E+00,+15.12E+00,-7.32E+00,+7.539E+00
2,09/2/2026,19:05:31.038,-0.09E+00,-0.05E+00,+0.05E+00,+0.00E+00,-8.00E+00,+15.15E+00,-7.52E+00,+7.546E+00
2,09/2/2026,19:05:31.038,-0.09E+00,-0.09E+00,+0.05E+00,+0.00E+00,-7.81E+00,+15.17E+00,-7.72E+00,+7.561E+00
2,09/2/2026,19:05:31.038,-0.14E+00,-0.05E+00,+0.00E+00,-0.05E+00,-7.61E+00,+15.18E+00,-7.94E+00,+7.569E+00
2,09/2/2026,19:05:31.039,-0.09E+00,-0.05E+00,+0.05E+00,-0.05E+00,-7.40E+00,+15.20E+00,-8.16E+00,+7.577E+00
2,09/2/2026,19:05:31.039,-0.09E+00,-0.05E+00,+0.05E+00,+0.00E+00,-7.20E+00,+15.21E+00,-8.39E+00,+7.577E+00
2,09/2/2026,19:05:31.039,-0.09E+00,-0.05E+00,+0.05E+00,+0.00E+00,-6.99E+00,+15.21E+00,-8.61E+00,+7.584E+00
2,09/2/2026,19:05:31.039,-0.09E+00,-0.05E+00,+0.05E+00,+0.00E+00,-6.79E+00,+15.23E+00,-8.82E+00,+7.584E+00
2,09/2/2026,19:05:31.039,-0.09E+00,-0.09E+00,+0.05E+00,-0.05E+00,-6.56E+00,+15.23E+00,-9.03E+00,+7.584E+00
2,09/2/2026,19:05:31.039,-0.14E+00,-0.09E+00,+0.05E+00,+0.00E+00,-6.36E+00,+15.23E+00,-9.25E+00,+7.584E+00
2,09/2/2026,19:05:31.039,-0.14E+00,-0.05E+00,+0.05E+00,-0.05E+00,-6.15E+00,+15.24E+00,-9.46E+00,+7.592E+00
2,09/2/2026,19:05:31.039,-0.09E+00,-0.05E+00,+0.05E+00,+0.00E+00,-5.94E+00,+15.24E+00,-9.67E+00,+7.584E+00
2,09/2/2026,19:05:31.039,-0.09E+00,-0.05E+00,+0.05E+00,+0.00E+00,-5.72E+00,+15.24E+00,-9.89E+00,+7.584E+00
2,09/2/2026,19:05:31.039,-0.09E+00,-0.05E+00,+0.00E+00,+0.00E+00,-5.52E+00,+15.24E+00,-10.10E+00,+7.584E+00
2,09/2/2026,19:05:31.039,-0.09E+00,-0.05E+00,+0.05E+00,-0.05E+00,-5.31E+00,+15.23E+00,-10.30E+00,+7.584E+00
2,09/2/2026,19:05:31.039,-0.09E+00,-0.05E+00,+0.05E+00,-0.05E+00,-5.10E+00,+15.23E+00,-10.50E+00,+7.577E+00
2,09/2/2026,19:05:31.039,-0.14E+00,-0.09E+00,+0.05E+00,-0.05E+00,-4.88E+00,+15.21E+00,-10.71E+00,+7.569E+00
2,09/2/2026,19:05:31.039,-0.09E+00,-0.09E+00,+0.05E+00,+0.00E+00,-4.67E+00,+15.20E+00,-10.90E+00,+7.554E+00
2,09/2/2026,19:05:31.039,-0.09E+00,-0.05E+00,+0.05E+00,+0.00E+00,-4.46E+00,+15.18E+00,-11.09E+00,+7.546E+00
2,09/2/2026,19:05:31.039,-0.09E+00,-0.05E+00,+0.00E+00,+0.00E+00,-4.24E+00,+15.14E+00,-11.28E+00,+7.523E+00
2,09/2/2026,19:05:31.039,-0.09E+00,-0.05E+00,+0.05E+00,+0.00E+00,-4.01E+00,+15.09E+00,-11.46E+00,+7.500E+00
2,09/2/2026,19:05:31.039,-0.09E+00,-0.05E+00,+0.05E+00,+0.00E+00,-3.78E+00,+15.03E+00,-11.63E+00,+7.470E+00
2,09/2/2026,19:05:31.039,-0.09E+00,-0.05E+00,+0.05E+00,+0.00E+00,-3.56E+00,+14.97E+00,-11.78E+00,+7.432E+00
2,09/2/2026,19:05:31.039,-0.09E+00,-0.09E+00,+0.05E+00,+0.00E+00,-3.33E+00,+14.88E+00,-11.93E+00,+7.394E+00
2,09/2/2026,19:05:31.040,-0.09E+00,-0.05E+00,+0.05E+00,+0.00E+00,-3.10E+00,+14.80E+00,-12.09E+00,+7.348E+00
2,09/2/2026,19:05:31.040,-0.09E+00,-0.05E+00,+0.05E+00,+0.00E+00,-2.85E+00,+14.71E+00,-12.22E+00,+7.302E+00
2,09/2/2026,19:05:31.040,-0.09E+00,-0.09E+00,+0.00E+00,+0.00E+00,-2.62E+00,+14.62E+00,-12.36E+00,+7.256E+00
2,09/2/2026,19:05:31.040,-0.14E+00,-0.05E+00,+0.00E+00,+0.00E+00,-2.40E+00,+14.51E+00,-12.50E+00,+7.203E+00
2,09/2/2026,19:05:31.040,-0.14E+00,-0.05E+00,+0.05E+00,+0.00E+00,-2.15E+00,+14.41E+00,-12.64E+00,+7.149E+00
2,09/2/2026,19:05:31.040,-0.09E+00,-0.05E+00,+0.05E+00,+0.00E+00,-1.92E+00,+14.30E+00,-12.76E+00,+7.096E+00
2,09/2/2026,19:05:31.040,-0.09E+00,-0.05E+00,+0.05E+00,+0.00E+00,-1.68E+00,+14.19E+00,-12.88E+00,+7.043E+00
2,09/2/2026,19:05:31.040,-0.14E+00,-0.05E+00,+0.05E+00,+0.00E+00,-1.42E+00,+14.05E+00,-13.00E+00,+6.974E+00
2,09/2/2026,19:05:31.040,-0.14E+00,-0.05E+00,+0.05E+00,+0.00E+00,-1.18E+00,+13.93E+00,-13.12E+00,+6.905E+00
2,09/2/2026,19:05:31.040,-0.09E+00,-0.05E+00,+0.05E+00,+0.00E+00,-0.93E+00,+13.78E+00,-13.23E+00,+6.837E+00
2,09/2/2026,19:05:31.040,-0.09E+00,-0.05E+00,+0.05E+00,+0.00E+00,-0.67E+00,+13.64E+00,-13.34E+00,+6.760E+00
2,09/2/2026,19:05:31.040,-0.09E+00,-0.05E+00,+0.00E+00,+0.00E+00,-0.43E+00,+13.51E+00,-13.44E+00,+6.684E+00
2,09/2/2026,19:05:31.040,-0.09E+00,-0.05E+00,+0.05E+00,+0.00E+00,-0.17E+00,+13.35E+00,-13.55E+00,+6.615E+00
2,09/2/2026,19:05:31.040,-0.09E+00,-0.05E+00,+0.05E+00,+0.00E+00,+0.09E+00,+13.20E+00,-13.64E+00,+6.531E+00
2,09/2/2026,19:05:31.040,-0.09E+00,-0.05E+00,+0.05E+00,+0.00E+00,+0.34E+00,+13.05E+00,-13.75E+00,+6.455E+00
2,09/2/2026,19:05:31.040,-0.09E+00,-0.05E+00,+0.05E+00,-0.05E+00,+0.58E+00,+12.88E+00,-13.84E+00,+6.379E+00
2,09/2/2026,19:05:31.040,-0.09E+00,-0.05E+00,+0.05E+00,+0.00E+00,+0.84E+00,+12.73E+00,-13.95E+00,+6.302E+00
2,09/2/2026,19:05:31.040,-0.09E+00,-0.05E+00,+0.05E+00,+0.00E+00,+1.08E+00,+12.57E+00,-14.04E+00,+6.219E+00
2,09/2/2026,19:05:31.040,-0.09E+00,-0.05E+00,+0.05E+00,+0.00E+00,+1.34E+00,+12.41E+00,-14.12E+00,+6.135E+00
2,09/2/2026,19:05:31.040,-0.09E+00,-0.05E+00,+0.05E+00,+0.00E+00,+1.60E+00,+12.24E+00,-14.19E+00,+6.051E+00
2,09/2/2026,19:05:31.041,-0.09E+00,-0.05E+00,+0.00E+00,+0.00E+00,+1.85E+00,+12.07E+00,-14.28E+00,+5.967E+00
2,09/2/2026,19:05:31.041,-0.09E+00,-0.05E+00,+0.05E+00,+0.00E+00,+2.09E+00,+11.90E+00,-14.34E+00,+5.883E+00
2,09/2/2026,19:05:31.041,-0.09E+00,-0.05E+00,+0.05E+00,+0.00E+00,+2.33E+00,+11.72E+00,-14.42E+00,+5.791E+00
2,09/2/2026,19:05:31.041,-0.09E+00,-0.05E+00,+0.05E+00,+0.00E+00,+2.58E+00,+11.55E+00,-14.48E+00,+5.707E+00
2,09/2/2026,19:05:31.041,-0.09E+00,-0.05E+00,+0.05E+00,+0.00E+00,+2.81E+00,+11.38E+00,-14.56E+00,+5.623E+00
2,09/2/2026,19:05:31.041,-0.09E+00,-0.05E+00,+0.05E+00,+0.00E+00,+3.04E+00,+11.22E+00,-14.62E+00,+5.532E+00
2,09/2/2026,19:05:31.041,-0.14E+00,-0.05E+00,+0.05E+00,+0.00E+00,+3.28E+00,+11.05E+00,-14.68E+00,+5.448E+00
2,09/2/2026,19:05:31.041,-0.09E+00,-0.09E+00,+0.00E+00,+0.00E+00,+3.51E+00,+10.88E+00,-14.74E+00,+5.364E+00
2,09/2/2026,19:05:31.041,-0.09E+00,-0.05E+00,+0.00E+00,+0.00E+00,+3.74E+00,+10.71E+00,-14.80E+00,+5.280E+00
2,09/2/2026,19:05:31.041,-0.09E+00,-0.05E+00,+0.05E+00,+0.00E+00,+3.97E+00,+10.54E+00,-14.85E+00,+5.196E+00
2,09/2/2026,19:05:31.041,-0.09E+00,-0.05E+00,+0.05E+00,+0.00E+00,+4.18E+00,+10.36E+00,-14.91E+00,+5.112E+00
2,09/2/2026,19:05:31.041,-0.09E+00,-0.05E+00,+0.05E+00,+0.00E+00,+4.41E+00,+10.19E+00,-14.97E+00,+5.028E+00
2,09/2/2026,19:05:31.041,-0.09E+00,-0.09E+00,+0.05E+00,+0.00E+00,+4.62E+00,+10.03E+00,-15.02E+00,+4.937E+00
2,09/2/2026,19:05:31.041,-0.09E+00,-0.05E+00,+0.05E+00,+0.00E+00,+4.85E+00,+9.84E+00,-15.06E+00,+4.853E+00
2,09/2/2026,19:05:31.041,-0.09E+00,-0.05E+00,+0.00E+00,+0.00E+00,+5.07E+00,+9.67E+00,-15.11E+00,+4.761E+00
2,09/2/2026,19:05:31.041,-0.09E+00,-0.05E+00,+0.05E+00,+0.00E+00,+5.30E+00,+9.49E+00,-15.15E+00,+4.670E+00
2,09/2/2026,19:05:31.041,-0.09E+00,-0.05E+00,+0.05E+00,+0.00E+00,+5.51E+00,+9.31E+00,-15.18E+00,+4.578E+00
2,09/2/2026,19:05:31.041,-0.09E+00,-0.09E+00,+0.00E+00,+0.00E+00,+5.72E+00,+9.13E+00,-15.21E+00,+4.494E+00
2,09/2/2026,19:05:31.041,-0.09E+00,-0.09E+00,+0.05E+00,+0.00E+00,+5.95E+00,+8.94E+00,-15.26E+00,+4.395E+00
2,09/2/2026,19:05:31.041,-0.09E+00,-0.05E+00,+0.05E+00,+0.00E+00,+6.15E+00,+8.76E+00,-15.28E+00,+4.303E+00
2,09/2/2026,19:05:31.042,-0.09E+00,-0.05E+00,+0.05E+00,+0.00E+00,+6.36E+00,+8.58E+00,-15.31E+00,+4.219E+00
2,09/2/2026,19:05:31.042,-0.09E+00,-0.05E+00,+0.05E+00,+0.00E+00,+6.58E+00,+8.39E+00,-15.34E+00,+4.120E+00
2,09/2/2026,19:05:31.042,-0.09E+00,-0.05E+00,+0.05E+00,+0.00E+00,+6.79E+00,+8.19E+00,-15.37E+00,+4.021E+00
2,09/2/2026,19:05:31.042,-0.09E+00,-0.05E+00,+0.00E+00,+0.00E+00,+7.00E+00,+8.01E+00,-15.38E+00,+3.929E+00
2,09/2/2026,19:05:31.042,-0.09E+00,-0.05E+00,+0.00E+00,+0.00E+00,+7.22E+00,+7.81E+00,-15.40E+00,+3.830E+00
2,09/2/2026,19:05:31.042,-0.09E+00,-0.09E+00,+0.05E+00,+0.00E+00,+7.43E+00,+7.61E+00,-15.41E+00,+3.731E+00
2,09/2/2026,19:05:31.042,-0.09E+00,-0.09E+00,+0.05E+00,+0.00E+00,+7.65E+00,+7.42E+00,-15.43E+00,+3.632E+00
2,09/2/2026,19:05:31.042,-0.09E+00,-0.05E+00,+0.05E+00,+0.00E+00,+7.86E+00,+7.22E+00,-15.44E+00,+3.533E+00
2,09/2/2026,19:05:31.042,-0.09E+00,-0.05E+00,+0.00E+00,+0.00E+00,+8.09E+00,+7.00E+00,-15.46E+00,+3.434E+00
2,09/2/2026,19:05:31.042,-0.09E+00,-0.09E+00,+0.00E+00,+0.00E+00,+8.29E+00,+6.79E+00,-15.46E+00,+3.327E+00
2,09/2/2026,19:05:31.042,-0.09E+00,-0.05E+00,+0.05E+00,+0.00E+00,+8.50E+00,+6.59E+00,-15.46E+00,+3.228E+00
2,09/2/2026,19:05:31.042,-0.09E+00,-0.05E+00,+0.05E+00,+0.00E+00,+8.71E+00,+6.38E+00,-15.47E+00,+3.121E+00
2,09/2/2026,19:05:31.042,-0.09E+00,-0.05E+00,+0.05E+00,+0.00E+00,+8.94E+00,+6.18E+00,-15.47E+00,+3.014E+00
2,09/2/2026,19:05:31.042,-0.09E+00,-0.05E+00,+0.05E+00,-0.05E+00,+9.16E+00,+5.95E+00,-15.47E+00,+2.907E+00
2,09/2/2026,19:05:31.042,-0.09E+00,-0.05E+00,+0.05E+00,+0.00E+00,+9.37E+00,+5.74E+00,-15.47E+00,+2.800E+00
2,09/2/2026,19:05:31.042,-0.09E+00,-0.05E+00,+0.05E+00,+0.00E+00,+9.58E+00,+5.52E+00,-15.47E+00,+2.693E+00
2,09/2/2026,19:05:31.042,-0.09E+00,-0.09E+00,+0.05E+00,+0.00E+00,+9.80E+00,+5.31E+00,-15.47E+00,+2.579E+00
2,09/2/2026,19:05:31.042,-0.09E+00,-0.05E+00,+0.05E+00,+0.00E+00,+10.01E+00,+5.10E+00,-15.46E+00,+2.480E+00
2,09/2/2026,19:05:31.042,-0.09E+00,-0.05E+00,+0.05E+00,-0.05E+00,+10.21E+00,+4.88E+00,-15.46E+00,+2.373E+00
2,09/2/2026,19:05:31.042,-0.09E+00,-0.05E+00,+0.05E+00,+0.00E+00,+10.42E+00,+4.67E+00,-15.46E+00,+2.266E+00
2,09/2/2026,19:05:31.043,-0.09E+00,-0.05E+00,+0.05E+00,+0.00E+00,+10.61E+00,+4.44E+00,-15.44E+00,+2.159E+00
2,09/2/2026,19:05:31.043,-0.09E+00,-0.09E+00,+0.05E+00,+0.00E+00,+10.80E+00,+4.24E+00,-15.41E+00,+2.052E+00
2,09/2/2026,19:05:31.043,-0.09E+00,-0.09E+00,+0.05E+00,+0.00E+00,+11.00E+00,+4.03E+00,-15.38E+00,+1.946E+00
2,09/2/2026,19:05:31.043,-0.09E+00,-0.05E+00,+0.05E+00,-0.05E+00,+11.19E+00,+3.80E+00,-15.35E+00,+1.831E+00
2,09/2/2026,19:05:31.043,-0.09E+00,-0.05E+00,+0.05E+00,+0.00E+00,+11.37E+00,+3.57E+00,-15.31E+00,+1.717E+00
2,09/2/2026,19:05:31.043,-0.09E+00,-0.05E+00,+0.05E+00,+0.00E+00,+11.54E+00,+3.34E+00,-15.24E+00,+1.610E+00
2,09/2/2026,19:05:31.043,-0.09E+00,-0.05E+00,+0.05E+00,+0.00E+00,+11.70E+00,+3.11E+00,-15.18E+00,+1.488E+00
2,09/2/2026,19:05:31.043,-0.09E+00,-0.05E+00,+0.05E+00,+0.00E+00,+11.86E+00,+2.87E+00,-15.09E+00,+1.373E+00
2,09/2/2026,19:05:31.043,-0.09E+00,-0.05E+00,+0.05E+00,-0.05E+00,+12.01E+00,+2.64E+00,-15.00E+00,+1.251E+00
2,09/2/2026,19:05:31.043,-0.09E+00,-0.05E+00,+0.05E+00,+0.00E+00,+12.15E+00,+2.38E+00,-14.89E+00,+1.129E+00
2,09/2/2026,19:05:31.043,-0.09E+00,-0.05E+00,+0.05E+00,+0.00E+00,+12.27E+00,+2.15E+00,-14.79E+00,+1.007E+00
2,09/2/2026,19:05:31.043,-0.09E+00,-0.05E+00,+0.05E+00,-0.05E+00,+12.41E+00,+1.91E+00,-14.68E+00,+0.893E+00
2,09/2/2026,19:05:31.043,-0.09E+00,-0.05E+00,+0.05E+00,+0.00E+00,+12.53E+00,+1.66E+00,-14.56E+00,+0.771E+00
2,09/2/2026,19:05:31.043,-0.09E+00,-0.05E+00,+0.05E+00,+0.00E+00,+12.64E+00,+1.43E+00,-14.44E+00,+0.649E+00
2,09/2/2026,19:05:31.043,-0.09E+00,-0.05E+00,+0.05E+00,+0.00E+00,+12.76E+00,+1.19E+00,-14.33E+00,+0.534E+00
2,09/2/2026,19:05:31.043,-0.09E+00,-0.05E+00,+0.05E+00,+0.00E+00,+12.86E+00,+0.96E+00,-14.21E+00,+0.420E+00
2,09/2/2026,19:05:31.043,-0.09E+00,-0.05E+00,+0.05E+00,+0.00E+00,+12.99E+00,+0.72E+00,-14.09E+00,+0.305E+00
2,09/2/2026,19:05:31.043,-0.09E+00,-0.05E+00,+0.05E+00,+0.00E+00,+13.09E+00,+0.49E+00,-13.95E+00,+0.183E+00
2,09/2/2026,19:05:31.043,-0.09E+00,-0.05E+00,+0.05E+00,+0.00E+00,+13.20E+00,+0.24E+00,-13.83E+00,+0.069E+00
2,09/2/2026,19:05:31.043,-0.09E+00,-0.05E+00,+0.05E+00,+0.00E+00,+13.29E+00,+0.02E+00,-13.67E+00,-0.053E+00
2,09/2/2026,19:05:31.044,-0.09E+00,-0.09E+00,+0.05E+00,+0.00E+00,+13.38E+00,-0.23E+00,-13.54E+00,-0.168E+00
2,09/2/2026,19:05:31.044,-0.09E+00,-0.05E+00,+0.05E+00,+0.00E+00,+13.47E+00,-0.47E+00,-13.38E+00,-0.290E+00
2,09/2/2026,19:05:31.044,-0.09E+00,-0.05E+00,+0.05E+00,+0.00E+00,+13.57E+00,-0.72E+00,-13.23E+00,-0.412E+00
2,09/2/2026,19:05:31.044,-0.09E+00,-0.05E+00,+0.05E+00,+0.00E+00,+13.64E+00,-0.96E+00,-13.06E+00,-0.534E+00
2,09/2/2026,19:05:31.044,-0.09E+00,-0.05E+00,+0.05E+00,+0.00E+00,+13.72E+00,-1.22E+00,-12.88E+00,-0.656E+00
2,09/2/2026,19:05:31.044,-0.09E+00,-0.05E+00,+0.05E+00,+0.00E+00,+13.78E+00,-1.46E+00,-12.71E+00,-0.778E+00
2,09/2/2026,19:05:31.044,-0.09E+00,-0.09E+00,+0.05E+00,-0.05E+00,+13.87E+00,-1.71E+00,-12.53E+00,-0.908E+00
2,09/2/2026,19:05:31.044,-0.09E+00,-0.05E+00,+0.05E+00,-0.05E+00,+13.93E+00,-1.95E+00,-12.35E+00,-1.030E+00
2,09/2/2026,19:05:31.044,-0.09E+00,-0.05E+00,+0.05E+00,+0.00E+00,+14.01E+00,-2.20E+00,-12.18E+00,-1.152E+00
2,09/2/2026,19:05:31.044,-0.09E+00,-0.05E+00,+0.05E+00,+0.00E+00,+14.07E+00,-2.46E+00,-12.01E+00,-1.274E+00
2,09/2/2026,19:05:31.044,-0.09E+00,-0.05E+00,+0.05E+00,+0.00E+00,+14.15E+00,-2.70E+00,-11.83E+00,-1.396E+00
2,09/2/2026,19:05:31.044,-0.14E+00,-0.05E+00,+0.05E+00,+0.00E+00,+14.21E+00,-2.95E+00,-11.64E+00,-1.511E+00
2,09/2/2026,19:05:31.044,-0.14E+00,-0.05E+00,+0.05E+00,+0.00E+00,+14.27E+00,-3.19E+00,-11.48E+00,-1.633E+00
2,09/2/2026,19:05:31.044,-0.14E+00,-0.09E+00,+0.05E+00,+0.00E+00,+14.33E+00,-3.42E+00,-11.29E+00,-1.747E+00
2,09/2/2026,19:05:31.044,-0.09E+00,-0.05E+00,+0.05E+00,+0.00E+00,+14.39E+00,-3.65E+00,-11.12E+00,-1.869E+00
2,09/2/2026,19:05:31.044,-0.09E+00,-0.05E+00,+0.05E+00,+0.00E+00,+14.45E+00,-3.89E+00,-10.94E+00,-1.984E+00
2,09/2/2026,19:05:31.044,-0.09E+00,-0.05E+00,+0.05E+00,+0.00E+00,+14.51E+00,-4.12E+00,-10.76E+00,-2.098E+00
2,09/2/2026,19:05:31.044,-0.09E+00,-0.05E+00,+0.00E+00,+0.00E+00,+14.57E+00,-4.36E+00,-10.59E+00,-2.213E+00
2,09/2/2026,19:05:31.044,-0.09E+00,-0.05E+00,+0.05E+00,+0.00E+00,+14.62E+00,-4.59E+00,-10.41E+00,-2.335E+00
2,09/2/2026,19:05:31.044,-0.09E+00,-0.05E+00,+0.05E+00,-0.05E+00,+14.67E+00,-4.82E+00,-10.22E+00,-2.449E+00
2,09/2/2026,19:05:31.045,-0.09E+00,-0.05E+00,+0.05E+00,-0.05E+00,+14.71E+00,-5.05E+00,-10.04E+00,-2.556E+00
2,09/2/2026,19:05:31.045,-0.09E+00,-0.05E+00,+0.05E+00,+0.00E+00,+14.76E+00,-5.28E+00,-9.86E+00,-2.671E+00
2,09/2/2026,19:05:31.045,-0.09E+00,-0.05E+00,+0.05E+00,+0.00E+00,+14.79E+00,-5.51E+00,-9.67E+00,-2.785E+00
2,09/2/2026,19:05:31.045,-0.09E+00,-0.05E+00,+0.05E+00,+0.00E+00,+14.83E+00,-5.72E+00,-9.48E+00,-2.899E+00
2,09/2/2026,19:05:31.045,-0.14E+00,-0.05E+00,+0.05E+00,-0.05E+00,+14.86E+00,-5.95E+00,-9.29E+00,-3.006E+00
2,09/2/2026,19:05:31.045,-0.09E+00,-0.09E+00,+0.05E+00,+0.00E+00,+14.89E+00,-6.18E+00,-9.10E+00,-3.113E+00
2,09/2/2026,19:05:31.045,-0.09E+00,-0.05E+00,+0.05E+00,+0.00E+00,+14.92E+00,-6.39E+00,-8.91E+00,-3.220E+00
2,09/2/2026,19:05:31.045,-0.09E+00,-0.05E+00,+0.05E+00,+0.00E+00,+14.95E+00,-6.61E+00,-8.71E+00,-3.327E+00
2,09/2/2026,19:05:31.045,-0.09E+00,-0.05E+00,+0.05E+00,+0.00E+00,+14.97E+00,-6.84E+00,-8.53E+00,-3.434E+00
2,09/2/2026,19:05:31.045,-0.09E+00,-0.05E+00,+0.05E+00,+0.00E+00,+15.00E+00,-7.03E+00,-8.33E+00,-3.540E+00
2,09/2/2026,19:05:31.045,-0.14E+00,-0.05E+00,+0.05E+00,+0.00E+00,+15.02E+00,-7.25E+00,-8.13E+00,-3.647E+00
2,09/2/2026,19:05:31.045,-0.09E+00,-0.05E+00,+0.05E+00,-0.05E+00,+15.03E+00,-7.46E+00,-7.94E+00,-3.754E+00
2,09/2/2026,19:05:31.045,-0.09E+00,-0.05E+00,+0.00E+00,+0.00E+00,+15.03E+00,-7.68E+00,-7.74E+00,-3.861E+00
2,09/2/2026,19:05:31.045,-0.09E+00,-0.05E+00,+0.05E+00,+0.00E+00,+15.05E+00,-7.90E+00,-7.52E+00,-3.968E+00
2,09/2/2026,19:05:31.045,-0.09E+00,-0.05E+00,+0.05E+00,+0.00E+00,+15.06E+00,-8.12E+00,-7.32E+00,-4.074E+00
2,09/2/2026,19:05:31.045,-0.09E+00,-0.05E+00,+0.05E+00,+0.00E+00,+15.06E+00,-8.33E+00,-7.11E+00,-4.181E+00
2,09/2/2026,19:05:31.045,-0.14E+00,-0.05E+00,+0.05E+00,-0.05E+00,+15.06E+00,-8.55E+00,-6.91E+00,-4.280E+00
2,09/2/2026,19:05:31.045,-0.14E+00,-0.05E+00,+0.05E+00,+0.00E+00,+15.06E+00,-8.74E+00,-6.70E+00,-4.387E+00
2,09/2/2026,19:05:31.045,-0.09E+00,-0.05E+00,+0.05E+00,+0.00E+00,+15.06E+00,-8.96E+00,-6.49E+00,-4.494E+00
2,09/2/2026,19:05:31.045,-0.09E+00,-0.09E+00,+0.05E+00,+0.00E+00,+15.06E+00,-9.17E+00,-6.27E+00,-4.593E+00
2,09/2/2026,19:05:31.046,-0.14E+00,-0.05E+00,+0.05E+00,-0.05E+00,+15.06E+00,-9.39E+00,-6.06E+00,-4.693E+00
2,09/2/2026,19:05:31.046,-0.09E+00,-0.05E+00,+0.05E+00,+0.00E+00,+15.05E+00,-9.60E+00,-5.84E+00,-4.799E+00
2,09/2/2026,19:05:31.046,-0.09E+00,-0.05E+00,+0.05E+00,+0.00E+00,+15.05E+00,-9.81E+00,-5.62E+00,-4.906E+00
2,09/2/2026,19:05:31.046,-0.09E+00,-0.05E+00,+0.05E+00,+0.00E+00,+15.05E+00,-10.01E+00,-5.40E+00,-5.005E+00
2,09/2/2026,19:05:31.046,-0.09E+00,-0.05E+00,+0.00E+00,+0.00E+00,+15.03E+00,-10.22E+00,-5.17E+00,-5.112E+00
2,09/2/2026,19:05:31.046,-0.09E+00,-0.05E+00,+0.05E+00,+0.00E+00,+15.00E+00,-10.42E+00,-4.96E+00,-5.211E+00
2,09/2/2026,19:05:31.046,-0.14E+00,-0.05E+00,+0.05E+00,+0.00E+00,+14.99E+00,-10.62E+00,-4.75E+00,-5.311E+00
2,09/2/2026,19:05:31.046,-0.14E+00,-0.09E+00,+0.05E+00,+0.00E+00,+14.95E+00,-10.82E+00,-4.52E+00,-5.402E+00
2,09/2/2026,19:05:31.046,-0.09E+00,-0.05E+00,+0.05E+00,+0.00E+00,+14.92E+00,-11.00E+00,-4.30E+00,-5.494E+00
2,09/2/2026,19:05:31.046,-0.09E+00,-0.05E+00,+0.00E+00,+0.00E+00,+14.88E+00,-11.17E+00,-4.09E+00,-5.585E+00
2,09/2/2026,19:05:31.046,-0.09E+00,-0.09E+00,+0.05E+00,+0.00E+00,+14.83E+00,-11.35E+00,-3.86E+00,-5.669E+00
2,09/2/2026,19:05:31.046,-0.09E+00,-0.05E+00,+0.05E+00,+0.00E+00,+14.76E+00,-11.52E+00,-3.62E+00,-5.745E+00
2,09/2/2026,19:05:31.046,-0.09E+00,-0.05E+00,+0.05E+00,+0.00E+00,+14.70E+00,-11.67E+00,-3.40E+00,-5.829E+00
2,09/2/2026,19:05:31.046,-0.09E+00,-0.09E+00,+0.05E+00,+0.00E+00,+14.63E+00,-11.83E+00,-3.17E+00,-5.906E+00
2,09/2/2026,19:05:31.046,-0.09E+00,-0.05E+00,+0.05E+00,+0.00E+00,+14.54E+00,-11.98E+00,-2.93E+00,-5.974E+00
2,09/2/2026,19:05:31.046,-0.09E+00,-0.05E+00,+0.05E+00,+0.00E+00,+14.47E+00,-12.13E+00,-2.70E+00,-6.051E+00
2,09/2/2026,19:05:31.046,-0.09E+00,-0.09E+00,+0.05E+00,+0.00E+00,+14.38E+00,-12.27E+00,-2.47E+00,-6.119E+00
2,09/2/2026,19:05:31.046,-0.09E+00,-0.09E+00,+0.05E+00,+0.00E+00,+14.27E+00,-12.41E+00,-2.23E+00,-6.188E+00
2,09/2/2026,19:05:31.046,-0.09E+00,-0.05E+00,+0.05E+00,+0.00E+00,+14.16E+00,-12.56E+00,-1.98E+00,-6.249E+00
2,09/2/2026,19:05:31.046,-0.09E+00,-0.05E+00,+0.05E+00,+0.00E+00,+14.05E+00,-12.68E+00,-1.74E+00,-6.318E+00
2,09/2/2026,19:05:31.047,-0.09E+00,-0.09E+00,+0.00E+00,-0.05E+00,+13.93E+00,-12.80E+00,-1.50E+00,-6.379E+00
2,09/2/2026,19:05:31.047,-0.09E+00,-0.09E+00,+0.05E+00,+0.00E+00,+13.83E+00,-12.94E+00,-1.25E+00,-6.440E+00
2,09/2/2026,19:05:31.047,-0.09E+00,-0.05E+00,+0.05E+00,+0.00E+00,+13.69E+00,-13.05E+00,-1.01E+00,-6.501E+00
2,09/2/2026,19:05:31.047,-0.09E+00,-0.05E+00,+0.05E+00,+0.00E+00,+13.55E+00,-13.17E+00,-0.76E+00,-6.554E+00
2,09/2/2026,19:05:31.047,-0.14E+00,-0.05E+00,+0.05E+00,-0.05E+00,+13.43E+00,-13.29E+00,-0.52E+00,-6.608E+00
2,09/2/2026,19:05:31.047,-0.14E+00,-0.05E+00,+0.05E+00,+0.00E+00,+13.29E+00,-13.40E+00,-0.27E+00,-6.661E+00
2,09/2/2026,19:05:31.047,-0.09E+00,-0.05E+00,+0.05E+00,+0.00E+00,+13.14E+00,-13.51E+00,-0.03E+00,-6.714E+00
2,09/2/2026,19:05:31.047,-0.09E+00,-0.05E+00,+0.05E+00,-0.05E+00,+12.99E+00,-13.60E+00,+0.23E+00,-6.760E+00
2,09/2/2026,19:05:31.047,-0.09E+00,-0.05E+00,+0.05E+00,+0.00E+00,+12.83E+00,-13.70E+00,+0.47E+00,-6.806E+00
2,09/2/2026,19:05:31.047,-0.09E+00,-0.05E+00,+0.05E+00,+0.00E+00,+12.68E+00,-13.78E+00,+0.72E+00,-6.852E+00
2,09/2/2026,19:05:31.047,-0.09E+00,-0.05E+00,+0.05E+00,+0.00E+00,+12.51E+00,-13.87E+00,+0.98E+00,-6.898E+00
2,09/2/2026,19:05:31.047,-0.09E+00,-0.05E+00,+0.05E+00,+0.00E+00,+12.35E+00,-13.96E+00,+1.24E+00,-6.936E+00
2,09/2/2026,19:05:31.047,-0.09E+00,-0.09E+00,+0.05E+00,+0.00E+00,+12.19E+00,-14.04E+00,+1.48E+00,-6.982E+00
2,09/2/2026,19:05:31.047,-0.09E+00,-0.09E+00,+0.05E+00,+0.00E+00,+12.01E+00,-14.13E+00,+1.74E+00,-7.020E+00
2,09/2/2026,19:05:31.047,-0.09E+00,-0.09E+00,+0.05E+00,+0.00E+00,+11.84E+00,-14.21E+00,+1.98E+00,-7.050E+00
2,09/2/2026,19:05:31.047,-0.09E+00,-0.05E+00,+0.05E+00,+0.00E+00,+11.67E+00,-14.28E+00,+2.24E+00,-7.088E+00
2,09/2/2026,19:05:31.047,-0.09E+00,-0.05E+00,+0.05E+00,+0.00E+00,+11.51E+00,-14.36E+00,+2.47E+00,-7.127E+00
2,09/2/2026,19:05:31.047,-0.09E+00,-0.05E+00,+0.05E+00,+0.00E+00,+11.32E+00,-14.42E+00,+2.73E+00,-7.165E+00
2,09/2/2026,19:05:31.047,-0.09E+00,-0.05E+00,+0.05E+00,+0.00E+00,+11.16E+00,-14.48E+00,+2.96E+00,-7.195E+00
2,09/2/2026,19:05:31.047,-0.09E+00,-0.05E+00,+0.05E+00,+0.00E+00,+10.97E+00,-14.54E+00,+3.20E+00,-7.226E+00
2,09/2/2026,19:05:31.048,-0.09E+00,-0.05E+00,+0.05E+00,+0.00E+00,+10.79E+00,-14.60E+00,+3.43E+00,-7.249E+00
2,09/2/2026,19:05:31.048,-0.09E+00,-0.05E+00,+0.00E+00,+0.00E+00,+10.62E+00,-14.67E+00,+3.68E+00,-7.279E+00
2,09/2/2026,19:05:31.048,-0.09E+00,-0.05E+00,+0.05E+00,+0.00E+00,+10.44E+00,-14.73E+00,+3.91E+00,-7.302E+00
2,09/2/2026,19:05:31.048,-0.09E+00,-0.05E+00,+0.00E+00,+0.00E+00,+10.25E+00,-14.77E+00,+4.15E+00,-7.325E+00
2,09/2/2026,19:05:31.048,-0.09E+00,-0.05E+00,+0.05E+00,+0.00E+00,+10.09E+00,-14.82E+00,+4.36E+00,-7.348E+00
2,09/2/2026,19:05:31.048,-0.09E+00,-0.05E+00,+0.05E+00,+0.00E+00,+9.92E+00,-14.88E+00,+4.59E+00,-7.378E+00
2,09/2/2026,19:05:31.048,-0.09E+00,-0.05E+00,+0.05E+00,-0.05E+00,+9.74E+00,-14.92E+00,+4.82E+00,-7.401E+00
2,09/2/2026,19:05:31.048,-0.09E+00,-0.05E+00,+0.05E+00,+0.00E+00,+9.55E+00,-14.99E+00,+5.05E+00,-7.424E+00
2,09/2/2026,19:05:31.048,-0.09E+00,-0.05E+00,+0.05E+00,+0.00E+00,+9.39E+00,-15.02E+00,+5.28E+00,-7.439E+00
2,09/2/2026,19:05:31.048,-0.09E+00,-0.05E+00,+0.00E+00,+0.00E+00,+9.19E+00,-15.06E+00,+5.49E+00,-7.462E+00
2,09/2/2026,19:05:31.048,-0.09E+00,-0.05E+00,+0.05E+00,+0.00E+00,+9.00E+00,-15.09E+00,+5.72E+00,-7.477E+00
2,09/2/2026,19:05:31.048,-0.09E+00,-0.05E+00,+0.05E+00,+0.00E+00,+8.82E+00,-15.14E+00,+5.94E+00,-7.500E+00
2,09/2/2026,19:05:31.048,-0.09E+00,-0.05E+00,+0.05E+00,-0.05E+00,+8.64E+00,-15.17E+00,+6.17E+00,-7.508E+00
2,09/2/2026,19:05:31.048,-0.09E+00,-0.05E+00,+0.05E+00,+0.00E+00,+8.45E+00,-15.18E+00,+6.38E+00,-7.523E+00
2,09/2/2026,19:05:31.048,-0.09E+00,-0.05E+00,+0.05E+00,+0.00E+00,+8.27E+00,-15.21E+00,+6.58E+00,-7.539E+00
2,09/2/2026,19:05:31.048,-0.09E+00,-0.05E+00,+0.05E+00,+0.00E+00,+8.07E+00,-15.24E+00,+6.81E+00,-7.554E+00
2,09/2/2026,19:05:31.048,-0.09E+00,-0.05E+00,+0.05E+00,+0.00E+00,+7.89E+00,-15.26E+00,+7.00E+00,-7.561E+00
2,09/2/2026,19:05:31.048,-0.14E+00,-0.05E+00,+0.05E+00,+0.00E+00,+7.71E+00,-15.29E+00,+7.22E+00,-7.569E+00
2,09/2/2026,19:05:31.048,-0.09E+00,-0.05E+00,+0.00E+00,+0.00E+00,+7.52E+00,-15.32E+00,+7.42E+00,-7.577E+00
2,09/2/2026,19:05:31.048,-0.09E+00,-0.05E+00,+0.00E+00,+0.00E+00,+7.32E+00,-15.32E+00,+7.63E+00,-7.584E+00
2,09/2/2026,19:05:31.049,-0.09E+00,-0.09E+00,+0.00E+00,+0.00E+00,+7.11E+00,-15.34E+00,+7.86E+00,-7.592E+00
2,09/2/2026,19:05:31.049,-0.09E+00,-0.05E+00,+0.05E+00,+0.00E+00,+6.91E+00,-15.35E+00,+8.07E+00,-7.592E+00
2,09/2/2026,19:05:31.049,-0.09E+00,-0.05E+00,+0.05E+00,+0.00E+00,+6.70E+00,-15.37E+00,+8.29E+00,-7.600E+00
2,09/2/2026,19:05:31.049,-0.09E+00,-0.05E+00,+0.05E+00,+0.00E+00,+6.50E+00,-15.37E+00,+8.50E+00,-7.600E+00
2,09/2/2026,19:05:31.049,-0.09E+00,-0.05E+00,+0.05E+00,+0.00E+00,+6.29E+00,-15.37E+00,+8.71E+00,-7.600E+00
2,09/2/2026,19:05:31.049,-0.09E+00,-0.05E+00,+0.05E+00,+0.00E+00,+6.07E+00,-15.37E+00,+8.93E+00,-7.600E+00
2,09/2/2026,19:05:31.049,-0.09E+00,-0.09E+00,+0.05E+00,+0.00E+00,+5.86E+00,-15.37E+00,+9.14E+00,-7.592E+00
2,09/2/2026,19:05:31.049,-0.09E+00,-0.05E+00,+0.05E+00,+0.00E+00,+5.66E+00,-15.37E+00,+9.35E+00,-7.592E+00
2,09/2/2026,19:05:31.049,-0.14E+00,-0.05E+00,+0.05E+00,-0.05E+00,+5.45E+00,-15.37E+00,+9.57E+00,-7.600E+00
2,09/2/2026,19:05:31.049,-0.09E+00,-0.05E+00,+0.05E+00,-0.05E+00,+5.22E+00,-15.37E+00,+9.77E+00,-7.592E+00
2,09/2/2026,19:05:31.049,-0.09E+00,-0.05E+00,+0.05E+00,+0.00E+00,+5.01E+00,-15.35E+00,+9.98E+00,-7.584E+00
2,09/2/2026,19:05:31.049,-0.09E+00,-0.05E+00,+0.05E+00,+0.00E+00,+4.79E+00,-15.35E+00,+10.19E+00,-7.584E+00
2,09/2/2026,19:05:31.049,-0.09E+00,-0.05E+00,+0.00E+00,+0.00E+00,+4.56E+00,-15.34E+00,+10.39E+00,-7.577E+00
2,09/2/2026,19:05:31.049,-0.09E+00,-0.09E+00,+0.05E+00,+0.00E+00,+4.35E+00,-15.32E+00,+10.59E+00,-7.561E+00
2,09/2/2026,19:05:31.049,-0.14E+00,-0.09E+00,+0.05E+00,+0.00E+00,+4.14E+00,-15.29E+00,+10.79E+00,-7.554E+00
2,09/2/2026,19:05:31.049,-0.09E+00,-0.05E+00,+0.05E+00,+0.00E+00,+3.91E+00,-15.26E+00,+10.97E+00,-7.531E+00
2,09/2/2026,19:05:31.049,-0.09E+00,-0.05E+00,+0.05E+00,+0.00E+00,+3.69E+00,-15.21E+00,+11.14E+00,-7.508E+00
2,09/2/2026,19:05:31.049,-0.09E+00,-0.05E+00,+0.00E+00,+0.00E+00,+3.48E+00,-15.15E+00,+11.31E+00,-7.477E+00
2,09/2/2026,19:05:31.049,-0.09E+00,-0.05E+00,+0.05E+00,+0.00E+00,+3.24E+00,-15.08E+00,+11.46E+00,-7.439E+00
2,09/2/2026,19:05:31.049,-0.09E+00,-0.05E+00,+0.05E+00,-0.05E+00,+3.01E+00,-15.00E+00,+11.61E+00,-7.394E+00
2,09/2/2026,19:05:31.049,-0.09E+00,-0.05E+00,+0.05E+00,-0.05E+00,+2.79E+00,-14.91E+00,+11.75E+00,-7.348E+00
2,09/2/2026,19:05:31.050,-0.09E+00,-0.05E+00,+0.05E+00,-0.05E+00,+2.55E+00,-14.82E+00,+11.89E+00,-7.302E+00
2,09/2/2026,19:05:31.050,-0.09E+00,-0.05E+00,+0.05E+00,+0.00E+00,+2.32E+00,-14.71E+00,+12.03E+00,-7.249E+00
2,09/2/2026,19:05:31.050,-0.09E+00,-0.05E+00,+0.05E+00,+0.00E+00,+2.08E+00,-14.62E+00,+12.16E+00,-7.203E+00
2,09/2/2026,19:05:31.050,-0.09E+00,-0.05E+00,+0.05E+00,-0.05E+00,+1.85E+00,-14.51E+00,+12.30E+00,-7.149E+00
2,09/2/2026,19:05:31.050,-0.14E+00,-0.09E+00,+0.05E+00,+0.00E+00,+1.60E+00,-14.39E+00,+12.44E+00,-7.088E+00
2,09/2/2026,19:05:31.050,-0.14E+00,-0.05E+00,+0.05E+00,+0.00E+00,+1.34E+00,-14.28E+00,+12.56E+00,-7.035E+00
2,09/2/2026,19:05:31.050,-0.09E+00,-0.05E+00,+0.05E+00,+0.00E+00,+1.10E+00,-14.15E+00,+12.68E+00,-6.966E+00
2,09/2/2026,19:05:31.050,-0.09E+00,-0.05E+00,+0.05E+00,+0.00E+00,+0.84E+00,-14.02E+00,+12.80E+00,-6.898E+00
2,09/2/2026,19:05:31.050,-0.09E+00,-0.05E+00,+0.00E+00,+0.00E+00,+0.60E+00,-13.89E+00,+12.91E+00,-6.829E+00
2,09/2/2026,19:05:31.050,-0.09E+00,-0.05E+00,+0.00E+00,+0.00E+00,+0.35E+00,-13.73E+00,+13.02E+00,-6.760E+00
2,09/2/2026,19:05:31.050,-0.09E+00,-0.05E+00,+0.05E+00,+0.00E+00,+0.09E+00,-13.58E+00,+13.12E+00,-6.684E+00
2,09/2/2026,19:05:31.050,-0.09E+00,-0.05E+00,+0.05E+00,+0.00E+00,-0.15E+00,-13.44E+00,+13.22E+00,-6.608E+00
2,09/2/2026,19:05:31.050,-0.14E+00,-0.05E+00,+0.05E+00,+0.00E+00,-0.40E+00,-13.29E+00,+13.32E+00,-6.531E+00
2,09/2/2026,19:05:31.050,-0.09E+00,-0.05E+00,+0.05E+00,+0.00E+00,-0.66E+00,-13.12E+00,+13.41E+00,-6.455E+00
2,09/2/2026,19:05:31.050,-0.09E+00,-0.05E+00,+0.05E+00,+0.00E+00,-0.92E+00,-12.97E+00,+13.51E+00,-6.371E+00
2,09/2/2026,19:05:31.050,-0.09E+00,-0.09E+00,+0.05E+00,+0.00E+00,-1.16E+00,-12.82E+00,+13.60E+00,-6.287E+00
2,09/2/2026,19:05:31.050,-0.14E+00,-0.09E+00,+0.05E+00,+0.00E+00,-1.42E+00,-12.65E+00,+13.69E+00,-6.203E+00
2,09/2/2026,19:05:31.050,-0.09E+00,-0.05E+00,+0.05E+00,+0.00E+00,-1.66E+00,-12.48E+00,+13.78E+00,-6.119E+00
2,09/2/2026,19:05:31.050,-0.09E+00,-0.05E+00,+0.00E+00,+0.00E+00,-1.92E+00,-12.31E+00,+13.86E+00,-6.043E+00
2,09/2/2026,19:05:31.050,-0.09E+00,-0.05E+00,+0.05E+00,+0.00E+00,-2.17E+00,-12.15E+00,+13.93E+00,-5.951E+00
2,09/2/2026,19:05:31.051,-0.09E+00,-0.05E+00,+0.05E+00,+0.00E+00,-2.41E+00,-11.98E+00,+14.01E+00,-5.868E+00
2,09/2/2026,19:05:31.051,-0.09E+00,-0.05E+00,+0.05E+00,-0.05E+00,-2.66E+00,-11.81E+00,+14.09E+00,-5.784E+00
2,09/2/2026,19:05:31.051,-0.09E+00,-0.05E+00,+0.05E+00,-0.05E+00,-2.90E+00,-11.64E+00,+14.16E+00,-5.700E+00
2,09/2/2026,19:05:31.051,-0.09E+00,-0.05E+00,+0.05E+00,+0.00E+00,-3.14E+00,-11.48E+00,+14.22E+00,-5.616E+00
2,09/2/2026,19:05:31.051,-0.09E+00,-0.09E+00,+0.05E+00,+0.00E+00,-3.37E+00,-11.29E+00,+14.28E+00,-5.532E+00
2,09/2/2026,19:05:31.051,-0.09E+00,-0.05E+00,+0.05E+00,+0.00E+00,-3.60E+00,-11.12E+00,+14.34E+00,-5.448E+00
2,09/2/2026,19:05:31.051,-0.09E+00,-0.05E+00,+0.00E+00,-0.05E+00,-3.83E+00,-10.96E+00,+14.41E+00,-5.356E+00
2,09/2/2026,19:05:31.051,-0.14E+00,-0.05E+00,+0.00E+00,+0.00E+00,-4.06E+00,-10.79E+00,+14.47E+00,-5.272E+00
2,09/2/2026,19:05:31.051,-0.14E+00,-0.05E+00,+0.05E+00,+0.00E+00,-4.29E+00,-10.62E+00,+14.51E+00,-5.188E+00
2,09/2/2026,19:05:31.051,-0.09E+00,-0.05E+00,+0.05E+00,+0.00E+00,-4.50E+00,-10.44E+00,+14.57E+00,-5.097E+00
2,09/2/2026,19:05:31.051,-0.09E+00,-0.05E+00,+0.00E+00,+0.00E+00,-4.73E+00,-10.27E+00,+14.62E+00,-5.013E+00
2,09/2/2026,19:05:31.051,-0.09E+00,-0.05E+00,+0.05E+00,+0.00E+00,-4.96E+00,-10.09E+00,+14.67E+00,-4.921E+00
2,09/2/2026,19:05:31.051,-0.09E+00,-0.05E+00,+0.05E+00,+0.00E+00,-5.17E+00,-9.92E+00,+14.71E+00,-4.837E+00
2,09/2/2026,19:05:31.051,-0.09E+00,-0.05E+00,+0.05E+00,+0.00E+00,-5.39E+00,-9.74E+00,+14.76E+00,-4.746E+00
2,09/2/2026,19:05:31.051,-0.09E+00,-0.09E+00,+0.05E+00,-0.05E+00,-5.60E+00,-9.57E+00,+14.80E+00,-4.654E+00
2,09/2/2026,19:05:31.051,-0.09E+00,-0.05E+00,+0.00E+00,-0.05E+00,-5.83E+00,-9.39E+00,+14.83E+00,-4.570E+00
2,09/2/2026,19:05:31.051,-0.09E+00,-0.05E+00,+0.00E+00,+0.00E+00,-6.04E+00,-9.22E+00,+14.88E+00,-4.479E+00
2,09/2/2026,19:05:31.051,-0.09E+00,-0.09E+00,+0.05E+00,+0.00E+00,-6.26E+00,-9.03E+00,+14.91E+00,-4.387E+00
2,09/2/2026,19:05:31.051,-0.09E+00,-0.05E+00,+0.05E+00,-0.05E+00,-6.47E+00,-8.84E+00,+14.94E+00,-4.296E+00
2,09/2/2026,19:05:31.051,-0.09E+00,-0.05E+00,+0.05E+00,+0.00E+00,-6.68E+00,-8.65E+00,+14.97E+00,-4.204E+00
2,09/2/2026,19:05:31.052,-0.09E+00,-0.05E+00,+0.05E+00,+0.00E+00,-6.90E+00,-8.47E+00,+14.99E+00,-4.113E+00
2,09/2/2026,19:05:31.052,-0.09E+00,-0.09E+00,+0.05E+00,+0.00E+00,-7.11E+00,-8.27E+00,+15.00E+00,-4.013E+00
2,09/2/2026,19:05:31.052,-0.09E+00,-0.05E+00,+0.05E+00,+0.00E+00,-7.32E+00,-8.07E+00,+15.03E+00,-3.914E+00
2,09/2/2026,19:05:31.052,-0.09E+00,-0.05E+00,+0.05E+00,+0.00E+00,-7.54E+00,-7.87E+00,+15.05E+00,-3.815E+00
2,09/2/2026,19:05:31.052,-0.09E+00,-0.09E+00,+0.00E+00,+0.00E+00,-7.77E+00,-7.68E+00,+15.06E+00,-3.716E+00
2,09/2/2026,19:05:31.052,-0.09E+00,-0.09E+00,+0.00E+00,-0.05E+00,-7.97E+00,-7.48E+00,+15.06E+00,-3.609E+00
2,09/2/2026,19:05:31.052,-0.09E+00,-0.05E+00,+0.05E+00,+0.00E+00,-8.18E+00,-7.26E+00,+15.08E+00,-3.510E+00
2,09/2/2026,19:05:31.052,-0.09E+00,-0.05E+00,+0.05E+00,+0.00E+00,-8.41E+00,-7.07E+00,+15.09E+00,-3.411E+00
2,09/2/2026,19:05:31.052,-0.09E+00,-0.05E+00,+0.05E+00,+0.00E+00,-8.61E+00,-6.87E+00,+15.09E+00,-3.311E+00
2,09/2/2026,19:05:31.052,-0.09E+00,-0.05E+00,+0.05E+00,+0.00E+00,-8.82E+00,-6.65E+00,+15.11E+00,-3.205E+00
2,09/2/2026,19:05:31.052,-0.09E+00,-0.05E+00,+0.05E+00,+0.00E+00,-9.03E+00,-6.46E+00,+15.12E+00,-3.105E+00
2,09/2/2026,19:05:31.052,-0.09E+00,-0.05E+00,+0.05E+00,+0.00E+00,-9.25E+00,-6.24E+00,+15.12E+00,-2.999E+00
2,09/2/2026,19:05:31.052,-0.09E+00,-0.05E+00,+0.05E+00,+0.00E+00,-9.46E+00,-6.03E+00,+15.12E+00,-2.899E+00
2,09/2/2026,19:05:31.052,-0.09E+00,-0.05E+00,+0.05E+00,+0.00E+00,-9.67E+00,-5.83E+00,+15.12E+00,-2.793E+00
2,09/2/2026,19:05:31.052,-0.09E+00,-0.05E+00,+0.05E+00,+0.00E+00,-9.89E+00,-5.62E+00,+15.12E+00,-2.678E+00
2,09/2/2026,19:05:31.052,-0.09E+00,-0.05E+00,+0.05E+00,+0.00E+00,-10.10E+00,-5.39E+00,+15.12E+00,-2.579E+00
2,09/2/2026,19:05:31.052,-0.09E+00,-0.05E+00,+0.05E+00,+0.00E+00,-10.32E+00,-5.17E+00,+15.12E+00,-2.465E+00
2,09/2/2026,19:05:31.052,-0.14E+00,-0.05E+00,+0.05E+00,+0.00E+00,-10.51E+00,-4.96E+00,+15.11E+00,-2.358E+00
2,09/2/2026,19:05:31.052,-0.09E+00,-0.05E+00,+0.05E+00,+0.00E+00,-10.73E+00,-4.75E+00,+15.11E+00,-2.251E+00
2,09/2/2026,19:05:31.052,-0.09E+00,-0.05E+00,+0.05E+00,+0.00E+00,-10.93E+00,-4.53E+00,+15.09E+00,-2.144E+00
2,09/2/2026,19:05:31.053,-0.09E+00,-0.05E+00,+0.00E+00,+0.00E+00,-11.12E+00,-4.30E+00,+15.06E+00,-2.037E+00
2,09/2/2026,19:05:31.053,-0.09E+00,-0.05E+00,+0.05E+00,+0.00E+00,-11.31E+00,-4.09E+00,+15.05E+00,-1.930E+00
2,09/2/2026,19:05:31.053,-0.09E+00,-0.09E+00,+0.05E+00,+0.00E+00,-11.49E+00,-3.88E+00,+15.02E+00,-1.824E+00
2,09/2/2026,19:05:31.053,-0.09E+00,-0.05E+00,+0.05E+00,+0.00E+00,-11.67E+00,-3.66E+00,+14.97E+00,-1.709E+00
2,09/2/2026,19:05:31.053,-0.09E+00,-0.05E+00,+0.05E+00,+0.00E+00,-11.84E+00,-3.43E+00,+14.91E+00,-1.602E+00
2,09/2/2026,19:05:31.053,-0.09E+00,-0.05E+00,+0.05E+00,+0.00E+00,-12.01E+00,-3.22E+00,+14.85E+00,-1.495E+00
2,09/2/2026,19:05:31.053,-0.09E+00,-0.09E+00,+0.05E+00,+0.00E+00,-12.15E+00,-2.98E+00,+14.76E+00,-1.373E+00
2,09/2/2026,19:05:31.053,-0.09E+00,-0.05E+00,+0.05E+00,+0.00E+00,-12.28E+00,-2.75E+00,+14.67E+00,-1.259E+00
2,09/2/2026,19:05:31.053,-0.09E+00,-0.05E+00,+0.05E+00,+0.00E+00,-12.42E+00,-2.50E+00,+14.56E+00,-1.137E+00
2,09/2/2026,19:05:31.053,-0.14E+00,-0.09E+00,+0.00E+00,+0.00E+00,-12.56E+00,-2.26E+00,+14.45E+00,-1.022E+00
2,09/2/2026,19:05:31.053,-0.14E+00,-0.09E+00,+0.00E+00,-0.05E+00,-12.68E+00,-2.03E+00,+14.34E+00,-0.893E+00
2,09/2/2026,19:05:31.053,-0.09E+00,-0.05E+00,+0.00E+00,+0.00E+00,-12.80E+00,-1.77E+00,+14.22E+00,-0.778E+00
2,09/2/2026,19:05:31.053,-0.09E+00,-0.05E+00,+0.00E+00,+0.00E+00,-12.93E+00,-1.54E+00,+14.10E+00,-0.656E+00
2,09/2/2026,19:05:31.053,-0.09E+00,-0.05E+00,+0.05E+00,+0.00E+00,-13.05E+00,-1.30E+00,+13.98E+00,-0.534E+00
2,09/2/2026,19:05:31.053,-0.09E+00,-0.05E+00,+0.05E+00,+0.00E+00,-13.15E+00,-1.07E+00,+13.86E+00,-0.420E+00
2,09/2/2026,19:05:31.053,-0.09E+00,-0.09E+00,+0.05E+00,+0.00E+00,-13.28E+00,-0.82E+00,+13.75E+00,-0.298E+00
2,09/2/2026,19:05:31.053,-0.09E+00,-0.05E+00,+0.05E+00,+0.00E+00,-13.38E+00,-0.60E+00,+13.61E+00,-0.183E+00
2,09/2/2026,19:05:31.053,-0.09E+00,-0.05E+00,+0.05E+00,+0.00E+00,-13.49E+00,-0.35E+00,+13.47E+00,-0.069E+00
2,09/2/2026,19:05:31.053,-0.09E+00,-0.05E+00,+0.05E+00,+0.00E+00,-13.58E+00,-0.12E+00,+13.35E+00,+0.046E+00
2,09/2/2026,19:05:31.053,-0.09E+00,-0.05E+00,+0.00E+00,+0.00E+00,-13.67E+00,+0.12E+00,+13.20E+00,+0.160E+00
2,09/2/2026,19:05:31.054,-0.09E+00,-0.05E+00,+0.05E+00,+0.00E+00,-13.76E+00,+0.35E+00,+13.05E+00,+0.282E+00
2,09/2/2026,19:05:31.054,-0.09E+00,-0.05E+00,+0.05E+00,+0.00E+00,-13.83E+00,+0.58E+00,+12.89E+00,+0.397E+00
2,09/2/2026,19:05:31.054,-0.09E+00,-0.05E+00,+0.05E+00,+0.00E+00,-13.90E+00,+0.84E+00,+12.71E+00,+0.519E+00
2,09/2/2026,19:05:31.054,-0.09E+00,-0.05E+00,+0.05E+00,+0.00E+00,-13.98E+00,+1.08E+00,+12.53E+00,+0.656E+00
2,09/2/2026,19:05:31.054,-0.09E+00,-0.05E+00,+0.05E+00,+0.00E+00,-14.05E+00,+1.34E+00,+12.36E+00,+0.740E+00
2,09/2/2026,19:05:31.054,-0.09E+00,-0.05E+00,+0.05E+00,+0.00E+00,-14.13E+00,+1.59E+00,+12.18E+00,+0.939E+00
2,09/2/2026,19:05:31.054,-0.09E+00,-0.05E+00,+0.05E+00,+0.00E+00,-14.19E+00,+1.74E+00,+12.09E+00,+1.335E+00
2,09/2/2026,19:05:31.054,-0.09E+00,-0.05E+00,+0.05E+00,+0.00E+00,-14.27E+00,+1.79E+00,+12.12E+00,+1.679E+00
2,09/2/2026,19:05:31.054,-0.09E+00,-0.05E+00,+0.05E+00,+0.00E+00,-14.33E+00,+1.75E+00,+12.21E+00,+1.946E+00
2,09/2/2026,19:05:31.054,-0.09E+00,-0.05E+00,+0.05E+00,+0.00E+00,-14.41E+00,+1.69E+00,+12.35E+00,+2.091E+00
2,09/2/2026,19:05:31.054,-0.09E+00,-0.05E+00,+0.05E+00,+0.00E+00,-14.48E+00,+1.74E+00,+12.38E+00,+1.846E+00
2,09/2/2026,19:05:31.054,-0.09E+00,-0.05E+00,+0.05E+00,+0.00E+00,-14.54E+00,+2.01E+00,+12.18E+00,+1.434E+00
2,09/2/2026,19:05:31.054,-0.09E+00,-0.05E+00,+0.05E+00,-0.05E+00,-14.62E+00,+2.46E+00,+11.80E+00,+1.328E+00
2,09/2/2026,19:05:31.054,-0.09E+00,-0.05E+00,+0.00E+00,+0.00E+00,-14.68E+00,+2.90E+00,+11.41E+00,+1.526E+00
2,09/2/2026,19:05:31.054,-0.09E+00,-0.05E+00,+0.05E+00,+0.00E+00,-14.73E+00,+3.27E+00,+11.11E+00,+1.732E+00
2,09/2/2026,19:05:31.054,-0.09E+00,-0.09E+00,+0.05E+00,-0.05E+00,-14.79E+00,+3.60E+00,+10.82E+00,+1.885E+00
2,09/2/2026,19:05:31.054,-0.09E+00,-0.05E+00,+0.05E+00,+0.00E+00,-14.83E+00,+3.92E+00,+10.56E+00,+2.045E+00
2,09/2/2026,19:05:31.054,-0.09E+00,-0.05E+00,+0.05E+00,+0.00E+00,-14.89E+00,+4.21E+00,+10.30E+00,+2.197E+00
2,09/2/2026,19:05:31.054,-0.09E+00,-0.05E+00,+0.05E+00,+0.00E+00,-14.94E+00,+4.50E+00,+10.07E+00,+2.335E+00
2,09/2/2026,19:05:31.054,-0.09E+00,-0.05E+00,+0.00E+00,+0.00E+00,-14.97E+00,+4.78E+00,+9.84E+00,+2.465E+00
2,09/2/2026,19:05:31.055,-0.09E+00,-0.05E+00,+0.05E+00,+0.00E+00,-15.02E+00,+5.02E+00,+9.63E+00,+2.602E+00
2,09/2/2026,19:05:31.055,-0.09E+00,-0.05E+00,+0.05E+00,+0.00E+00,-15.05E+00,+5.26E+00,+9.42E+00,+2.724E+00
2,09/2/2026,19:05:31.055,-0.09E+00,-0.05E+00,+0.05E+00,+0.00E+00,-15.09E+00,+5.52E+00,+9.20E+00,+2.838E+00
2,09/2/2026,19:05:31.055,-0.09E+00,-0.05E+00,+0.05E+00,+0.00E+00,-15.12E+00,+5.75E+00,+9.00E+00,+2.960E+00
2,09/2/2026,19:05:31.055,-0.09E+00,-0.05E+00,+0.05E+00,+0.00E+00,-15.15E+00,+5.98E+00,+8.81E+00,+3.067E+00
2,09/2/2026,19:05:31.055,-0.09E+00,-0.05E+00,+0.00E+00,+0.00E+00,-15.17E+00,+6.20E+00,+8.61E+00,+3.189E+00
2,09/2/2026,19:05:31.055,-0.09E+00,-0.09E+00,+0.05E+00,+0.00E+00,-15.20E+00,+6.39E+00,+8.44E+00,+3.365E+00
2,09/2/2026,19:05:31.055,-0.09E+00,-0.05E+00,+0.05E+00,+0.00E+00,-15.23E+00,+6.58E+00,+8.30E+00,+3.525E+00
2,09/2/2026,19:05:31.055,-0.09E+00,-0.05E+00,+0.05E+00,+0.00E+00,-15.24E+00,+6.73E+00,+8.16E+00,+3.640E+00
2,09/2/2026,19:05:31.055,-0.09E+00,-0.05E+00,+0.05E+00,+0.00E+00,-15.26E+00,+6.88E+00,+8.01E+00,+3.739E+00
2,09/2/2026,19:05:31.055,-0.09E+00,-0.09E+00,+0.05E+00,-0.05E+00,-15.29E+00,+7.07E+00,+7.86E+00,+3.823E+00
2,09/2/2026,19:05:31.055,-0.09E+00,-0.05E+00,+0.00E+00,-0.05E+00,-15.31E+00,+7.26E+00,+7.68E+00,+3.899E+00
2,09/2/2026,19:05:31.055,-0.09E+00,-0.05E+00,+0.05E+00,+0.00E+00,-15.31E+00,+7.46E+00,+7.48E+00,+3.960E+00
2,09/2/2026,19:05:31.055,-0.09E+00,-0.05E+00,+0.05E+00,+0.00E+00,-15.31E+00,+7.69E+00,+7.26E+00,+4.029E+00
2,09/2/2026,19:05:31.055,-0.09E+00,-0.05E+00,+0.05E+00,+0.00E+00,-15.31E+00,+7.94E+00,+7.02E+00,+4.090E+00
2,09/2/2026,19:05:31.055,-0.09E+00,-0.05E+00,+0.00E+00,+0.00E+00,-15.32E+00,+8.19E+00,+6.75E+00,+4.151E+00
2,09/2/2026,19:05:31.055,-0.09E+00,-0.09E+00,+0.00E+00,+0.00E+00,-15.32E+00,+8.47E+00,+6.49E+00,+4.204E+00
2,09/2/2026,19:05:31.055,-0.09E+00,-0.05E+00,+0.05E+00,+0.00E+00,-15.32E+00,+8.77E+00,+6.20E+00,+4.258E+00
2,09/2/2026,19:05:31.055,-0.09E+00,-0.05E+00,+0.05E+00,-0.05E+00,-15.32E+00,+9.08E+00,+5.86E+00,+4.311E+00
2,09/2/2026,19:05:31.055,-0.09E+00,-0.05E+00,+0.05E+00,+0.00E+00,-15.32E+00,+9.42E+00,+5.52E+00,+4.357E+00
2,09/2/2026,19:05:31.056,-0.09E+00,-0.05E+00,+0.05E+00,+0.00E+00,-15.31E+00,+9.78E+00,+5.17E+00,+4.410E+00
2,09/2/2026,19:05:31.056,-0.09E+00,-0.05E+00,+0.05E+00,+0.00E+00,-15.31E+00,+10.15E+00,+4.81E+00,+4.464E+00
2,09/2/2026,19:05:31.056,-0.09E+00,-0.05E+00,+0.05E+00,+0.00E+00,-15.29E+00,+10.53E+00,+4.39E+00,+4.509E+00
2,09/2/2026,19:05:31.056,-0.09E+00,-0.05E+00,+0.05E+00,+0.00E+00,-15.28E+00,+10.94E+00,+3.98E+00,+4.563E+00
2,09/2/2026,19:05:31.056,-0.09E+00,-0.09E+00,+0.05E+00,+0.00E+00,-15.26E+00,+11.35E+00,+3.56E+00,+4.609E+00
2,09/2/2026,19:05:31.056,-0.09E+00,-0.05E+00,+0.00E+00,+0.00E+00,-15.24E+00,+11.80E+00,+3.10E+00,+4.647E+00
2,09/2/2026,19:05:31.056,-0.09E+00,-0.05E+00,+0.05E+00,+0.00E+00,-15.21E+00,+12.24E+00,+2.62E+00,+4.693E+00
2,09/2/2026,19:05:31.056,-0.09E+00,-0.05E+00,+0.05E+00,+0.00E+00,-15.18E+00,+12.70E+00,+2.12E+00,+4.738E+00
2,09/2/2026,19:05:31.056,-0.09E+00,-0.05E+00,+0.05E+00,+0.00E+00,-15.14E+00,+13.17E+00,+1.60E+00,+4.769E+00
2,09/2/2026,19:05:31.056,-0.09E+00,-0.05E+00,+0.05E+00,+0.00E+00,-15.09E+00,+13.64E+00,+1.08E+00,+4.807E+00
2,09/2/2026,19:05:31.056,-0.09E+00,-0.05E+00,+0.00E+00,+0.00E+00,-15.03E+00,+14.13E+00,+0.53E+00,+4.837E+00
2,09/2/2026,19:05:31.056,-0.09E+00,-0.05E+00,+0.00E+00,+0.00E+00,-14.97E+00,+14.62E+00,-0.02E+00,+4.860E+00
2,09/2/2026,19:05:31.056,-0.09E+00,-0.05E+00,+0.05E+00,+0.00E+00,-14.89E+00,+15.11E+00,-0.58E+00,+4.883E+00
2,09/2/2026,19:05:31.056,-0.09E+00,-0.05E+00,+0.05E+00,+0.00E+00,-14.82E+00,+15.63E+00,-1.18E+00,+4.906E+00
2,09/2/2026,19:05:31.056,-0.09E+00,-0.05E+00,+0.05E+00,+0.00E+00,-14.74E+00,+16.15E+00,-1.77E+00,+4.921E+00
2,09/2/2026,19:05:31.056,-0.09E+00,-0.05E+00,+0.05E+00,+0.00E+00,-14.65E+00,+16.68E+00,-2.40E+00,+4.937E+00
2,09/2/2026,19:05:31.056,-0.09E+00,-0.05E+00,+0.05E+00,+0.00E+00,-14.56E+00,+17.21E+00,-3.02E+00,+4.952E+00
2,09/2/2026,19:05:31.056,-0.09E+00,-0.05E+00,+0.00E+00,+0.00E+00,-14.45E+00,+17.76E+00,-3.68E+00,+4.960E+00
2,09/2/2026,19:05:31.056,-0.09E+00,-0.05E+00,+0.05E+00,+0.00E+00,-14.33E+00,+18.33E+00,-4.35E+00,+4.975E+00
2,09/2/2026,19:05:31.056,-0.09E+00,-0.05E+00,+0.05E+00,+0.00E+00,-14.22E+00,+18.89E+00,-5.04E+00,+4.982E+00
2,09/2/2026,19:05:31.057,-0.14E+00,-0.09E+00,+0.05E+00,+0.00E+00,-14.10E+00,+19.47E+00,-5.74E+00,+4.990E+00
2,09/2/2026,19:05:31.057,-0.09E+00,-0.05E+00,+0.05E+00,+0.00E+00,-13.98E+00,+20.07E+00,-6.46E+00,+5.005E+00
2,09/2/2026,19:05:31.057,-0.09E+00,-0.05E+00,+0.05E+00,-0.05E+00,-13.86E+00,+20.68E+00,-7.17E+00,+5.013E+00
2,09/2/2026,19:05:31.057,-0.09E+00,-0.05E+00,+0.05E+00,+0.00E+00,-13.73E+00,+21.29E+00,-7.92E+00,+5.021E+00
2,09/2/2026,19:05:31.057,-0.05E+00,-0.05E+00,+0.05E+00,+0.00E+00,-13.61E+00,+21.90E+00,-8.67E+00,+5.021E+00
2,09/2/2026,19:05:31.057,-0.09E+00,-0.05E+00,+0.05E+00,+0.00E+00,-13.47E+00,+22.52E+00,-9.42E+00,+5.021E+00
2,09/2/2026,19:05:31.057,-0.14E+00,-0.05E+00,+0.05E+00,+0.00E+00,-13.32E+00,+23.15E+00,-10.19E+00,+5.021E+00
2,09/2/2026,19:05:31.057,-0.09E+00,-0.05E+00,+0.05E+00,+0.00E+00,-13.17E+00,+23.79E+00,-10.99E+00,+5.021E+00
2,09/2/2026,19:05:31.057,-0.09E+00,-0.05E+00,+0.05E+00,-0.05E+00,-13.02E+00,+24.43E+00,-11.78E+00,+5.013E+00
2,09/2/2026,19:05:31.057,-0.09E+00,-0.05E+00,+0.05E+00,+0.00E+00,-12.86E+00,+25.09E+00,-12.59E+00,+5.005E+00
2,09/2/2026,19:05:31.057,-0.09E+00,-0.05E+00,+0.05E+00,+0.00E+00,-12.70E+00,+25.74E+00,-13.40E+00,+4.998E+00
2,09/2/2026,19:05:31.057,-0.09E+00,-0.05E+00,+0.05E+00,+0.00E+00,-12.53E+00,+26.40E+00,-14.24E+00,+4.990E+00
2,09/2/2026,19:05:31.057,-0.14E+00,-0.09E+00,+0.05E+00,+0.00E+00,-12.38E+00,+27.09E+00,-15.08E+00,+4.982E+00
2,09/2/2026,19:05:31.057,-0.09E+00,-0.09E+00,+0.05E+00,+0.00E+00,-12.21E+00,+27.76E+00,-15.92E+00,+4.975E+00
2,09/2/2026,19:05:31.057,-0.09E+00,-0.05E+00,+0.00E+00,+0.00E+00,-12.03E+00,+28.46E+00,-16.77E+00,+4.967E+00
2,09/2/2026,19:05:31.057,-0.09E+00,-0.05E+00,+0.05E+00,+0.00E+00,-11.87E+00,+29.16E+00,-17.64E+00,+4.960E+00
2,09/2/2026,19:05:31.057,-0.09E+00,-0.09E+00,+0.05E+00,+0.00E+00,-11.70E+00,+29.86E+00,-18.53E+00,+4.944E+00
2,09/2/2026,19:05:31.057,-0.09E+00,-0.09E+00,+0.05E+00,+0.00E+00,-11.54E+00,+30.58E+00,-19.40E+00,+4.937E+00
2,09/2/2026,19:05:31.057,-0.14E+00,-0.05E+00,+0.05E+00,+0.00E+00,-11.37E+00,+31.31E+00,-20.28E+00,+4.921E+00
2,09/2/2026,19:05:31.057,-0.09E+00,-0.05E+00,+0.05E+00,+0.00E+00,-11.19E+00,+32.05E+00,-21.20E+00,+4.914E+00
2,09/2/2026,19:05:31.058,-0.09E+00,-0.09E+00,+0.05E+00,+0.00E+00,-11.02E+00,+32.78E+00,-22.11E+00,+4.899E+00
2,09/2/2026,19:05:31.058,-0.14E+00,-0.09E+00,+0.05E+00,+0.00E+00,-10.83E+00,+33.53E+00,-23.03E+00,+4.883E+00
2,09/2/2026,19:05:31.058,-0.09E+00,-0.05E+00,+0.05E+00,+0.00E+00,-10.67E+00,+34.26E+00,-23.96E+00,+4.868E+00
2,09/2/2026,19:05:31.058,-0.09E+00,-0.05E+00,+0.05E+00,+0.00E+00,-10.48E+00,+35.01E+00,-24.87E+00,+4.853E+00
2,09/2/2026,19:05:31.058,-0.14E+00,-0.05E+00,+0.05E+00,+0.00E+00,-10.32E+00,+35.77E+00,-25.80E+00,+4.837E+00
2,09/2/2026,19:05:31.058,-0.09E+00,-0.05E+00,+0.05E+00,-0.05E+00,-10.13E+00,+36.53E+00,-26.75E+00,+4.822E+00
2,09/2/2026,19:05:31.058,-0.09E+00,-0.05E+00,+0.05E+00,-0.05E+00,-9.95E+00,+37.30E+00,-27.71E+00,+4.807E+00
2,09/2/2026,19:05:31.058,-0.09E+00,-0.05E+00,+0.05E+00,+0.00E+00,-9.75E+00,+38.07E+00,-28.66E+00,+4.784E+00
2,09/2/2026,19:05:31.058,-0.09E+00,-0.05E+00,+0.05E+00,+0.00E+00,-9.58E+00,+38.85E+00,-29.62E+00,+4.769E+00
2,09/2/2026,19:05:31.058,-0.09E+00,-0.05E+00,+0.05E+00,+0.00E+00,-9.40E+00,+39.63E+00,-30.60E+00,+4.746E+00
2,09/2/2026,19:05:31.058,-0.09E+00,-0.05E+00,+0.05E+00,+0.00E+00,-9.22E+00,+40.41E+00,-31.56E+00,+4.731E+00
2,09/2/2026,19:05:31.058,-0.09E+00,-0.05E+00,+0.05E+00,+0.00E+00,-9.02E+00,+41.20E+00,-32.53E+00,+4.708E+00
2,09/2/2026,19:05:31.058,-0.09E+00,-0.05E+00,+0.05E+00,+0.00E+00,-8.84E+00,+42.01E+00,-33.51E+00,+4.685E+00
2,09/2/2026,19:05:31.058,-0.09E+00,-0.05E+00,+0.05E+00,+0.00E+00,-8.65E+00,+42.80E+00,-34.50E+00,+4.654E+00
2,09/2/2026,19:05:31.058,-0.09E+00,-0.05E+00,+0.05E+00,+0.00E+00,-8.47E+00,+43.61E+00,-35.50E+00,+4.631E+00
2,09/2/2026,19:05:31.058,-0.14E+00,-0.09E+00,+0.05E+00,+0.00E+00,-8.29E+00,+44.42E+00,-36.49E+00,+4.609E+00
2,09/2/2026,19:05:31.058,-0.14E+00,-0.05E+00,+0.05E+00,+0.00E+00,-8.10E+00,+45.23E+00,-37.49E+00,+4.586E+00
2,09/2/2026,19:05:31.058,-0.09E+00,-0.05E+00,+0.05E+00,-0.05E+00,-7.90E+00,+46.04E+00,-38.49E+00,+4.555E+00
2,09/2/2026,19:05:31.058,-0.09E+00,-0.05E+00,+0.00E+00,-0.05E+00,-7.71E+00,+46.86E+00,-39.51E+00,+4.532E+00
2,09/2/2026,19:05:31.058,-0.09E+00,-0.05E+00,+0.05E+00,+0.00E+00,-7.49E+00,+47.69E+00,-40.55E+00,+4.502E+00
2,09/2/2026,19:05:31.059,-0.09E+00,-0.05E+00,+0.05E+00,+0.00E+00,-7.28E+00,+48.50E+00,-41.58E+00,+4.471E+00
2,09/2/2026,19:05:31.059,-0.09E+00,-0.05E+00,+0.05E+00,+0.00E+00,-7.07E+00,+49.32E+00,-42.62E+00,+4.441E+00
2,09/2/2026,19:05:31.059,-0.09E+00,-0.05E+00,+0.05E+00,+0.00E+00,-6.85E+00,+50.16E+00,-43.67E+00,+4.410E+00
2,09/2/2026,19:05:31.059,-0.09E+00,-0.05E+00,+0.05E+00,-0.05E+00,-6.64E+00,+51.00E+00,-44.71E+00,+4.372E+00
2,09/2/2026,19:05:31.059,-0.14E+00,-0.09E+00,+0.05E+00,+0.00E+00,-6.44E+00,+51.82E+00,-45.75E+00,+4.342E+00
2,09/2/2026,19:05:31.059,-0.09E+00,-0.09E+00,+0.05E+00,+0.00E+00,-6.23E+00,+52.66E+00,-46.80E+00,+4.311E+00
2,09/2/2026,19:05:31.059,-0.09E+00,-0.05E+00,+0.05E+00,+0.00E+00,-6.01E+00,+53.52E+00,-47.86E+00,+4.280E+00
2,09/2/2026,19:05:31.059,-0.09E+00,-0.05E+00,+0.05E+00,+0.00E+00,-5.80E+00,+54.36E+00,-48.91E+00,+4.250E+00
2,09/2/2026,19:05:31.059,-0.09E+00,-0.09E+00,+0.05E+00,+0.00E+00,-5.59E+00,+55.21E+00,-49.98E+00,+4.212E+00
2,09/2/2026,19:05:31.059,-0.09E+00,-0.05E+00,+0.05E+00,+0.00E+00,-5.37E+00,+56.05E+00,-51.03E+00,+4.181E+00
2,09/2/2026,19:05:31.059,-0.09E+00,-0.05E+00,+0.05E+00,+0.00E+00,-5.16E+00,+56.91E+00,-52.11E+00,+4.143E+00
2,09/2/2026,19:05:31.059,-0.09E+00,-0.05E+00,+0.05E+00,+0.00E+00,-4.94E+00,+57.76E+00,-53.18E+00,+4.105E+00
2,09/2/2026,19:05:31.059,-0.09E+00,-0.05E+00,+0.00E+00,+0.00E+00,-4.72E+00,+58.60E+00,-54.23E+00,+4.059E+00
2,09/2/2026,19:05:31.059,-0.09E+00,-0.05E+00,+0.05E+00,+0.00E+00,-4.50E+00,+59.44E+00,-55.30E+00,+4.013E+00
2,09/2/2026,19:05:31.059,-0.09E+00,-0.05E+00,+0.05E+00,+0.00E+00,-4.27E+00,+60.28E+00,-56.36E+00,+3.968E+00
2,09/2/2026,19:05:31.059,-0.09E+00,-0.05E+00,+0.05E+00,-0.05E+00,-4.04E+00,+61.09E+00,-57.41E+00,+3.922E+00
2,09/2/2026,19:05:31.059,-0.09E+00,-0.05E+00,+0.05E+00,+0.00E+00,-3.82E+00,+61.91E+00,-58.46E+00,+3.868E+00
2,09/2/2026,19:05:31.059,-0.09E+00,-0.05E+00,+0.05E+00,+0.00E+00,-3.59E+00,+62.70E+00,-59.48E+00,+3.807E+00
2,09/2/2026,19:05:31.059,-0.09E+00,-0.05E+00,+0.05E+00,+0.00E+00,-3.36E+00,+63.50E+00,-60.52E+00,+3.746E+00
2,09/2/2026,19:05:31.059,-0.09E+00,-0.09E+00,+0.05E+00,+0.00E+00,-3.11E+00,+64.29E+00,-61.53E+00,+3.678E+00
2,09/2/2026,19:05:31.060,-0.09E+00,-0.09E+00,+0.05E+00,+0.00E+00,-2.88E+00,+65.07E+00,-62.55E+00,+3.617E+00
2,09/2/2026,19:05:31.060,-0.09E+00,-0.05E+00,+0.05E+00,-0.05E+00,-2.64E+00,+65.83E+00,-63.54E+00,+3.556E+00
2,09/2/2026,19:05:31.060,-0.09E+00,-0.05E+00,+0.05E+00,+0.00E+00,-2.41E+00,+66.60E+00,-64.54E+00,+3.495E+00
2,09/2/2026,19:05:31.060,-0.09E+00,-0.05E+00,+0.05E+00,+0.00E+00,-2.17E+00,+67.34E+00,-65.54E+00,+3.426E+00
2,09/2/2026,19:05:31.060,-0.09E+00,-0.05E+00,+0.05E+00,+0.00E+00,-1.92E+00,+68.08E+00,-66.52E+00,+3.357E+00
2,09/2/2026,19:05:31.060,-0.09E+00,-0.05E+00,+0.05E+00,+0.00E+00,-1.66E+00,+68.79E+00,-67.50E+00,+3.281E+00
2,09/2/2026,19:05:31.060,-0.09E+00,-0.09E+00,+0.05E+00,+0.00E+00,-1.40E+00,+69.51E+00,-68.46E+00,+3.205E+00
2,09/2/2026,19:05:31.060,-0.09E+00,-0.09E+00,+0.05E+00,-0.05E+00,-1.16E+00,+70.20E+00,-69.42E+00,+3.128E+00
2,09/2/2026,19:05:31.060,-0.09E+00,-0.05E+00,+0.05E+00,+0.00E+00,-0.90E+00,+70.88E+00,-70.36E+00,+3.052E+00
2,09/2/2026,19:05:31.060,-0.09E+00,-0.05E+00,+0.05E+00,+0.00E+00,-0.64E+00,+71.56E+00,-71.30E+00,+2.976E+00
2,09/2/2026,19:05:31.060,-0.09E+00,-0.05E+00,+0.05E+00,+0.00E+00,-0.38E+00,+72.23E+00,-72.21E+00,+2.899E+00
2,09/2/2026,19:05:31.060,-0.14E+00,-0.05E+00,+0.05E+00,+0.00E+00,-0.12E+00,+72.88E+00,-73.13E+00,+2.816E+00
2,09/2/2026,19:05:31.060,-0.09E+00,-0.09E+00,+0.05E+00,-0.05E+00,+0.14E+00,+73.52E+00,-74.03E+00,+2.739E+00
2,09/2/2026,19:05:31.060,-0.09E+00,-0.05E+00,+0.05E+00,+0.00E+00,+0.38E+00,+74.15E+00,-74.91E+00,+2.663E+00
2,09/2/2026,19:05:31.060,-0.09E+00,-0.05E+00,+0.05E+00,+0.00E+00,+0.64E+00,+74.77E+00,-75.78E+00,+2.587E+00
2,09/2/2026,19:05:31.060,-0.09E+00,-0.09E+00,+0.05E+00,+0.00E+00,+0.89E+00,+75.40E+00,-76.65E+00,+2.510E+00
2,09/2/2026,19:05:31.060,-0.09E+00,-0.09E+00,+0.00E+00,+0.00E+00,+1.14E+00,+75.98E+00,-77.51E+00,+2.426E+00
2,09/2/2026,19:05:31.060,-0.09E+00,-0.05E+00,+0.05E+00,+0.00E+00,+1.40E+00,+76.56E+00,-78.35E+00,+2.350E+00
2,09/2/2026,19:05:31.060,-0.09E+00,-0.05E+00,+0.05E+00,-0.05E+00,+1.66E+00,+77.14E+00,-79.15E+00,+2.266E+00
2,09/2/2026,19:05:31.060,-0.09E+00,-0.09E+00,+0.05E+00,+0.00E+00,+1.91E+00,+77.69E+00,-79.96E+00,+2.182E+00
2,09/2/2026,19:05:31.061,-0.09E+00,-0.09E+00,+0.00E+00,+0.00E+00,+2.17E+00,+78.24E+00,-80.77E+00,+2.098E+00
2,09/2/2026,19:05:31.061,-0.09E+00,-0.05E+00,+0.05E+00,+0.00E+00,+2.41E+00,+78.79E+00,-81.57E+00,+2.007E+00
2,09/2/2026,19:05:31.061,-0.09E+00,-0.05E+00,+0.05E+00,+0.00E+00,+2.66E+00,+79.32E+00,-82.34E+00,+1.930E+00
2,09/2/2026,19:05:31.061,-0.09E+00,-0.09E+00,+0.05E+00,-0.05E+00,+2.90E+00,+79.84E+00,-83.11E+00,+1.846E+00
2,09/2/2026,19:05:31.061,-0.14E+00,-0.09E+00,+0.05E+00,+0.00E+00,+3.13E+00,+80.36E+00,-83.85E+00,+1.770E+00
2,09/2/2026,19:05:31.061,-0.14E+00,-0.05E+00,+0.05E+00,+0.00E+00,+3.37E+00,+80.86E+00,-84.60E+00,+1.694E+00
2,09/2/2026,19:05:31.061,-0.09E+00,-0.05E+00,+0.05E+00,+0.00E+00,+3.60E+00,+81.37E+00,-85.33E+00,+1.610E+00
2,09/2/2026,19:05:31.061,-0.09E+00,-0.09E+00,+0.05E+00,+0.00E+00,+3.83E+00,+81.86E+00,-86.05E+00,+1.534E+00
2,09/2/2026,19:05:31.061,-0.09E+00,-0.09E+00,+0.00E+00,+0.00E+00,+4.06E+00,+82.33E+00,-86.75E+00,+1.457E+00
2,09/2/2026,19:05:31.061,-0.09E+00,-0.05E+00,+0.05E+00,+0.00E+00,+4.29E+00,+82.79E+00,-87.44E+00,+1.381E+00
2,09/2/2026,19:05:31.061,-0.14E+00,-0.09E+00,+0.05E+00,+0.00E+00,+4.52E+00,+83.24E+00,-88.13E+00,+1.305E+00
2,09/2/2026,19:05:31.061,-0.09E+00,-0.09E+00,+0.05E+00,+0.00E+00,+4.75E+00,+83.69E+00,-88.80E+00,+1.221E+00
2,09/2/2026,19:05:31.061,-0.09E+00,-0.05E+00,+0.05E+00,+0.00E+00,+4.97E+00,+84.11E+00,-89.46E+00,+1.145E+00
2,09/2/2026,19:05:31.061,-0.09E+00,-0.05E+00,+0.05E+00,+0.00E+00,+5.20E+00,+84.53E+00,-90.10E+00,+1.061E+00
2,09/2/2026,19:05:31.061,-0.09E+00,-0.05E+00,+0.05E+00,+0.00E+00,+5.42E+00,+84.92E+00,-90.72E+00,+0.984E+00
2,09/2/2026,19:05:31.061,-0.09E+00,-0.05E+00,+0.05E+00,+0.00E+00,+5.65E+00,+85.32E+00,-91.33E+00,+0.908E+00
2,09/2/2026,19:05:31.061,-0.09E+00,-0.05E+00,+0.05E+00,+0.00E+00,+5.88E+00,+85.70E+00,-91.94E+00,+0.824E+00
2,09/2/2026,19:05:31.061,-0.09E+00,-0.05E+00,+0.05E+00,+0.00E+00,+6.09E+00,+86.07E+00,-92.52E+00,+0.748E+00
2,09/2/2026,19:05:31.061,-0.09E+00,-0.05E+00,+0.05E+00,-0.05E+00,+6.30E+00,+86.42E+00,-93.10E+00,+0.671E+00
2,09/2/2026,19:05:31.061,-0.09E+00,-0.05E+00,+0.05E+00,+0.00E+00,+6.53E+00,+86.77E+00,-93.67E+00,+0.595E+00
2,09/2/2026,19:05:31.062,-0.09E+00,-0.05E+00,+0.05E+00,+0.00E+00,+6.75E+00,+87.11E+00,-94.22E+00,+0.511E+00
2,09/2/2026,19:05:31.062,-0.14E+00,-0.09E+00,+0.05E+00,+0.00E+00,+6.96E+00,+87.43E+00,-94.75E+00,+0.435E+00
2,09/2/2026,19:05:31.062,-0.09E+00,-0.09E+00,+0.05E+00,-0.05E+00,+7.17E+00,+87.72E+00,-95.27E+00,+0.351E+00
2,09/2/2026,19:05:31.062,-0.09E+00,-0.09E+00,+0.00E+00,+0.00E+00,+7.39E+00,+87.99E+00,-95.77E+00,+0.275E+00
2,09/2/2026,19:05:31.062,-0.09E+00,-0.05E+00,+0.05E+00,+0.00E+00,+7.61E+00,+88.26E+00,-96.25E+00,+0.183E+00
2,09/2/2026,19:05:31.062,-0.09E+00,-0.05E+00,+0.05E+00,+0.00E+00,+7.83E+00,+88.52E+00,-96.73E+00,+0.099E+00
2,09/2/2026,19:05:31.062,-0.09E+00,-0.05E+00,+0.05E+00,+0.00E+00,+8.06E+00,+88.75E+00,-97.19E+00,+0.015E+00
2,09/2/2026,19:05:31.062,-0.09E+00,-0.05E+00,+0.05E+00,+0.00E+00,+8.27E+00,+88.98E+00,-97.63E+00,-0.069E+00
2,09/2/2026,19:05:31.062,-0.09E+00,-0.05E+00,+0.05E+00,+0.00E+00,+8.48E+00,+89.20E+00,-98.06E+00,-0.153E+00
2,09/2/2026,19:05:31.062,-0.09E+00,-0.05E+00,+0.05E+00,+0.00E+00,+8.71E+00,+89.39E+00,-98.47E+00,-0.237E+00
2,09/2/2026,19:05:31.062,-0.09E+00,-0.05E+00,+0.05E+00,+0.00E+00,+8.93E+00,+89.58E+00,-98.89E+00,-0.320E+00
2,09/2/2026,19:05:31.062,-0.09E+00,-0.05E+00,+0.05E+00,+0.00E+00,+9.14E+00,+89.75E+00,-99.28E+00,-0.404E+00
2,09/2/2026,19:05:31.062,-0.09E+00,-0.05E+00,+0.05E+00,+0.00E+00,+9.35E+00,+89.91E+00,-99.65E+00,-0.488E+00
2,09/2/2026,19:05:31.062,-0.09E+00,-0.05E+00,+0.05E+00,+0.00E+00,+9.58E+00,+90.05E+00,-100.02E+00,-0.572E+00
2,09/2/2026,19:05:31.062,-0.09E+00,-0.05E+00,+0.05E+00,+0.00E+00,+9.80E+00,+90.19E+00,-100.37E+00,-0.664E+00
2,09/2/2026,19:05:31.062,-0.09E+00,-0.09E+00,+0.05E+00,+0.00E+00,+10.01E+00,+90.29E+00,-100.70E+00,-0.748E+00
2,09/2/2026,19:05:31.062,-0.09E+00,-0.09E+00,+0.05E+00,+0.00E+00,+10.22E+00,+90.40E+00,-101.02E+00,-0.832E+00
2,09/2/2026,19:05:31.062,-0.09E+00,-0.05E+00,+0.05E+00,+0.00E+00,+10.44E+00,+90.49E+00,-101.31E+00,-0.916E+00
2,09/2/2026,19:05:31.062,-0.09E+00,-0.05E+00,+0.05E+00,+0.00E+00,+10.65E+00,+90.57E+00,-101.60E+00,-1.000E+00
2,09/2/2026,19:05:31.062,-0.09E+00,-0.05E+00,+0.05E+00,+0.00E+00,+10.85E+00,+90.63E+00,-101.88E+00,-1.083E+00
2,09/2/2026,19:05:31.063,-0.09E+00,-0.05E+00,+0.05E+00,+0.00E+00,+11.05E+00,+90.68E+00,-102.12E+00,-1.160E+00
2,09/2/2026,19:05:31.063,-0.09E+00,-0.05E+00,+0.05E+00,+0.00E+00,+11.25E+00,+90.71E+00,-102.35E+00,-1.244E+00
2,09/2/2026,19:05:31.063,-0.09E+00,-0.09E+00,+0.05E+00,+0.00E+00,+11.43E+00,+90.72E+00,-102.55E+00,-1.328E+00
2,09/2/2026,19:05:31.063,-0.09E+00,-0.05E+00,+0.05E+00,+0.05E+00,+11.61E+00,+90.72E+00,-102.73E+00,-1.412E+00
2,09/2/2026,19:05:31.063,-0.09E+00,-0.05E+00,+0.05E+00,+0.00E+00,+11.80E+00,+90.71E+00,-102.88E+00,-1.495E+00
2,09/2/2026,19:05:31.063,-0.09E+00,-0.05E+00,+0.05E+00,+0.00E+00,+11.96E+00,+90.66E+00,-103.01E+00,-1.587E+00
2,09/2/2026,19:05:31.063,-0.14E+00,-0.05E+00,+0.05E+00,+0.00E+00,+12.12E+00,+90.60E+00,-103.10E+00,-1.671E+00
2,09/2/2026,19:05:31.063,-0.09E+00,-0.05E+00,+0.05E+00,+0.00E+00,+12.25E+00,+90.52E+00,-103.17E+00,-1.755E+00
2,09/2/2026,19:05:31.063,-0.09E+00,-0.05E+00,+0.05E+00,+0.00E+00,+12.39E+00,+90.43E+00,-103.22E+00,-1.839E+00
2,09/2/2026,19:05:31.063,-0.09E+00,-0.09E+00,+0.00E+00,+0.00E+00,+12.53E+00,+90.31E+00,-103.24E+00,-1.923E+00
2,09/2/2026,19:05:31.063,-0.09E+00,-0.05E+00,+0.05E+00,+0.00E+00,+12.65E+00,+90.19E+00,-103.22E+00,-1.999E+00
2,09/2/2026,19:05:31.063,-0.09E+00,-0.05E+00,+0.05E+00,+0.00E+00,+12.77E+00,+90.04E+00,-103.20E+00,-2.083E+00
2,09/2/2026,19:05:31.063,-0.09E+00,-0.05E+00,+0.00E+00,+0.00E+00,+12.89E+00,+89.87E+00,-103.16E+00,-2.159E+00
2,09/2/2026,19:05:31.063,-0.09E+00,-0.05E+00,+0.05E+00,+0.00E+00,+13.02E+00,+89.68E+00,-103.10E+00,-2.236E+00
2,09/2/2026,19:05:31.063,-0.09E+00,-0.05E+00,+0.05E+00,+0.00E+00,+13.14E+00,+89.49E+00,-103.01E+00,-2.320E+00
2,09/2/2026,19:05:31.063,-0.09E+00,-0.05E+00,+0.00E+00,+0.00E+00,+13.26E+00,+89.27E+00,-102.91E+00,-2.396E+00
2,09/2/2026,19:05:31.063,-0.09E+00,-0.05E+00,+0.05E+00,+0.00E+00,+13.37E+00,+89.03E+00,-102.79E+00,-2.472E+00
2,09/2/2026,19:05:31.063,-0.09E+00,-0.05E+00,+0.05E+00,+0.00E+00,+13.49E+00,+88.77E+00,-102.64E+00,-2.548E+00
2,09/2/2026,19:05:31.063,-0.09E+00,-0.09E+00,+0.00E+00,-0.05E+00,+13.60E+00,+88.49E+00,-102.47E+00,-2.625E+00
2,09/2/2026,19:05:31.063,-0.09E+00,-0.05E+00,+0.05E+00,-0.05E+00,+13.69E+00,+88.20E+00,-102.27E+00,-2.701E+00
2,09/2/2026,19:05:31.064,-0.09E+00,-0.05E+00,+0.05E+00,+0.00E+00,+13.78E+00,+87.88E+00,-102.06E+00,-2.777E+00
2,09/2/2026,19:05:31.064,-0.09E+00,-0.05E+00,+0.05E+00,+0.00E+00,+13.87E+00,+87.55E+00,-101.80E+00,-2.854E+00
2,09/2/2026,19:05:31.064,-0.09E+00,-0.05E+00,+0.05E+00,+0.00E+00,+13.95E+00,+87.20E+00,-101.53E+00,-2.930E+00
2,09/2/2026,19:05:31.064,-0.09E+00,-0.05E+00,+0.05E+00,-0.05E+00,+14.02E+00,+86.82E+00,-101.22E+00,-2.999E+00
2,09/2/2026,19:05:31.064,-0.09E+00,-0.05E+00,+0.05E+00,+0.00E+00,+14.10E+00,+86.42E+00,-100.90E+00,-3.075E+00
2,09/2/2026,19:05:31.064,-0.09E+00,-0.05E+00,+0.05E+00,+0.00E+00,+14.16E+00,+86.01E+00,-100.55E+00,-3.151E+00
2,09/2/2026,19:05:31.064,-0.09E+00,-0.09E+00,+0.05E+00,+0.00E+00,+14.24E+00,+85.56E+00,-100.18E+00,-3.220E+00
2,09/2/2026,19:05:31.064,-0.09E+00,-0.05E+00,+0.00E+00,+0.00E+00,+14.30E+00,+85.11E+00,-99.79E+00,-3.289E+00
2,09/2/2026,19:05:31.064,-0.09E+00,-0.05E+00,+0.05E+00,+0.00E+00,+14.38E+00,+84.63E+00,-99.37E+00,-3.365E+00
2,09/2/2026,19:05:31.064,-0.09E+00,-0.05E+00,+0.05E+00,-0.05E+00,+14.45E+00,+84.14E+00,-98.98E+00,-3.434E+00
2,09/2/2026,19:05:31.064,-0.09E+00,-0.05E+00,+0.05E+00,-0.05E+00,+14.51E+00,+83.63E+00,-98.54E+00,-3.502E+00
2,09/2/2026,19:05:31.064,-0.09E+00,-0.05E+00,+0.05E+00,+0.00E+00,+14.57E+00,+83.11E+00,-98.08E+00,-3.563E+00
2,09/2/2026,19:05:31.064,-0.09E+00,-0.05E+00,+0.05E+00,+0.00E+00,+14.65E+00,+82.57E+00,-97.60E+00,-3.624E+00
2,09/2/2026,19:05:31.064,-0.09E+00,-0.05E+00,+0.05E+00,+0.00E+00,+14.71E+00,+82.02E+00,-97.12E+00,-3.693E+00
2,09/2/2026,19:05:31.064,-0.09E+00,-0.05E+00,+0.05E+00,+0.00E+00,+14.77E+00,+81.46E+00,-96.60E+00,-3.754E+00
2,09/2/2026,19:05:31.064,-0.14E+00,-0.09E+00,+0.05E+00,+0.00E+00,+14.82E+00,+80.86E+00,-96.08E+00,-3.823E+00
2,09/2/2026,19:05:31.064,-0.09E+00,-0.09E+00,+0.05E+00,+0.00E+00,+14.88E+00,+80.25E+00,-95.51E+00,-3.884E+00
2,09/2/2026,19:05:31.064,-0.09E+00,-0.05E+00,+0.05E+00,+0.00E+00,+14.92E+00,+79.64E+00,-94.95E+00,-3.945E+00
2,09/2/2026,19:05:31.064,-0.09E+00,-0.05E+00,+0.05E+00,+0.00E+00,+14.99E+00,+79.00E+00,-94.35E+00,-4.013E+00
2,09/2/2026,19:05:31.064,-0.09E+00,-0.05E+00,+0.05E+00,+0.00E+00,+15.02E+00,+78.36E+00,-93.74E+00,-4.074E+00
2,09/2/2026,19:05:31.065,-0.09E+00,-0.05E+00,+0.00E+00,+0.00E+00,+15.06E+00,+77.69E+00,-93.13E+00,-4.128E+00
2,09/2/2026,19:05:31.065,-0.14E+00,-0.05E+00,+0.00E+00,+0.00E+00,+15.11E+00,+77.02E+00,-92.48E+00,-4.189E+00
2,09/2/2026,19:05:31.065,-0.09E+00,-0.05E+00,+0.05E+00,+0.00E+00,+15.14E+00,+76.32E+00,-91.82E+00,-4.242E+00
2,09/2/2026,19:05:31.065,-0.09E+00,-0.05E+00,+0.05E+00,+0.00E+00,+15.17E+00,+75.61E+00,-91.13E+00,-4.303E+00
2,09/2/2026,19:05:31.065,-0.09E+00,-0.05E+00,+0.05E+00,-0.05E+00,+15.20E+00,+74.90E+00,-90.43E+00,-4.357E+00
2,09/2/2026,19:05:31.065,-0.09E+00,-0.05E+00,+0.05E+00,+0.00E+00,+15.23E+00,+74.16E+00,-89.73E+00,-4.410E+00
2,09/2/2026,19:05:31.065,-0.09E+00,-0.05E+00,+0.00E+00,+0.00E+00,+15.26E+00,+73.40E+00,-89.01E+00,-4.464E+00
2,09/2/2026,19:05:31.065,-0.09E+00,-0.09E+00,+0.05E+00,+0.00E+00,+15.28E+00,+72.64E+00,-88.26E+00,-4.509E+00
2,09/2/2026,19:05:31.065,-0.09E+00,-0.05E+00,+0.05E+00,+0.00E+00,+15.31E+00,+71.88E+00,-87.50E+00,-4.563E+00
2,09/2/2026,19:05:31.065,-0.09E+00,-0.05E+00,+0.05E+00,+0.00E+00,+15.32E+00,+71.08E+00,-86.72E+00,-4.616E+00
2,09/2/2026,19:05:31.065,-0.09E+00,-0.05E+00,+0.05E+00,+0.00E+00,+15.34E+00,+70.26E+00,-85.93E+00,-4.670E+00
2,09/2/2026,19:05:31.065,-0.09E+00,-0.05E+00,+0.05E+00,+0.00E+00,+15.35E+00,+69.43E+00,-85.12E+00,-4.715E+00
2,09/2/2026,19:05:31.065,-0.14E+00,-0.09E+00,+0.05E+00,+0.00E+00,+15.37E+00,+68.59E+00,-84.28E+00,-4.769E+00
2,09/2/2026,19:05:31.065,-0.14E+00,-0.09E+00,+0.05E+00,+0.00E+00,+15.37E+00,+67.74E+00,-83.43E+00,-4.822E+00
2,09/2/2026,19:05:31.065,-0.09E+00,-0.05E+00,+0.05E+00,+0.00E+00,+15.37E+00,+66.87E+00,-82.56E+00,-4.868E+00
2,09/2/2026,19:05:31.065,-0.09E+00,-0.05E+00,+0.05E+00,+0.00E+00,+15.37E+00,+66.00E+00,-81.69E+00,-4.921E+00
2,09/2/2026,19:05:31.065,-0.09E+00,-0.05E+00,+0.05E+00,+0.00E+00,+15.37E+00,+65.10E+00,-80.79E+00,-4.967E+00
2,09/2/2026,19:05:31.065,-0.09E+00,-0.05E+00,+0.05E+00,+0.00E+00,+15.37E+00,+64.18E+00,-79.87E+00,-5.013E+00
2,09/2/2026,19:05:31.065,-0.09E+00,-0.05E+00,+0.05E+00,+0.00E+00,+15.37E+00,+63.27E+00,-78.94E+00,-5.059E+00
2,09/2/2026,19:05:31.065,-0.09E+00,-0.05E+00,+0.05E+00,+0.00E+00,+15.37E+00,+62.32E+00,-77.99E+00,-5.105E+00
2,09/2/2026,19:05:31.066,-0.09E+00,-0.05E+00,+0.05E+00,+0.00E+00,+15.35E+00,+61.36E+00,-77.03E+00,-5.150E+00
2,09/2/2026,19:05:31.066,-0.09E+00,-0.05E+00,+0.05E+00,+0.00E+00,+15.34E+00,+60.40E+00,-76.06E+00,-5.196E+00
2,09/2/2026,19:05:31.066,-0.09E+00,-0.05E+00,+0.05E+00,-0.05E+00,+15.34E+00,+59.42E+00,-75.06E+00,-5.242E+00
2,09/2/2026,19:05:31.066,-0.09E+00,-0.09E+00,+0.05E+00,-0.05E+00,+15.32E+00,+58.43E+00,-74.04E+00,-5.280E+00
2,09/2/2026,19:05:31.066,-0.14E+00,-0.05E+00,+0.05E+00,+0.00E+00,+15.29E+00,+57.44E+00,-73.02E+00,-5.318E+00
2,09/2/2026,19:05:31.066,-0.14E+00,-0.05E+00,+0.05E+00,+0.00E+00,+15.28E+00,+56.42E+00,-71.98E+00,-5.356E+00
2,09/2/2026,19:05:31.066,-0.14E+00,-0.05E+00,+0.05E+00,+0.00E+00,+15.24E+00,+55.39E+00,-70.93E+00,-5.394E+00
2,09/2/2026,19:05:31.066,-0.09E+00,-0.05E+00,+0.05E+00,+0.00E+00,+15.20E+00,+54.37E+00,-69.86E+00,-5.433E+00
2,09/2/2026,19:05:31.066,-0.09E+00,-0.05E+00,+0.05E+00,+0.00E+00,+15.17E+00,+53.33E+00,-68.76E+00,-5.463E+00
2,09/2/2026,19:05:31.066,-0.09E+00,-0.05E+00,+0.05E+00,+0.00E+00,+15.11E+00,+52.30E+00,-67.66E+00,-5.486E+00
2,09/2/2026,19:05:31.066,-0.09E+00,-0.05E+00,+0.05E+00,+0.00E+00,+15.03E+00,+51.24E+00,-66.55E+00,-5.517E+00
2,09/2/2026,19:05:31.066,-0.09E+00,-0.05E+00,+0.05E+00,+0.00E+00,+14.97E+00,+50.19E+00,-65.41E+00,-5.539E+00
2,09/2/2026,19:05:31.066,-0.09E+00,-0.05E+00,+0.05E+00,+0.00E+00,+14.89E+00,+49.14E+00,-64.26E+00,-5.562E+00
2,09/2/2026,19:05:31.066,-0.09E+00,-0.05E+00,+0.05E+00,+0.00E+00,+14.80E+00,+48.07E+00,-63.10E+00,-5.578E+00
2,09/2/2026,19:05:31.066,-0.09E+00,-0.05E+00,+0.05E+00,+0.00E+00,+14.71E+00,+47.00E+00,-61.93E+00,-5.593E+00
2,09/2/2026,19:05:31.066,-0.09E+00,-0.09E+00,+0.05E+00,+0.00E+00,+14.62E+00,+45.92E+00,-60.74E+00,-5.608E+00
2,09/2/2026,19:05:31.066,-0.09E+00,-0.09E+00,+0.05E+00,+0.00E+00,+14.51E+00,+44.83E+00,-59.55E+00,-5.623E+00
2,09/2/2026,19:05:31.066,-0.09E+00,-0.05E+00,+0.05E+00,+0.00E+00,+14.41E+00,+43.75E+00,-58.32E+00,-5.639E+00
2,09/2/2026,19:05:31.066,-0.09E+00,-0.05E+00,+0.05E+00,+0.00E+00,+14.30E+00,+42.65E+00,-57.10E+00,-5.646E+00
2,09/2/2026,19:05:31.066,-0.09E+00,-0.05E+00,+0.00E+00,+0.00E+00,+14.18E+00,+41.55E+00,-55.87E+00,-5.654E+00
2,09/2/2026,19:05:31.067,-0.09E+00,-0.05E+00,+0.05E+00,+0.00E+00,+14.05E+00,+40.44E+00,-54.62E+00,-5.662E+00
2,09/2/2026,19:05:31.067,-0.09E+00,-0.05E+00,+0.05E+00,+0.00E+00,+13.92E+00,+39.34E+00,-53.36E+00,-5.662E+00
2,09/2/2026,19:05:31.067,-0.14E+00,-0.09E+00,+0.05E+00,+0.00E+00,+13.78E+00,+38.21E+00,-52.10E+00,-5.662E+00
2,09/2/2026,19:05:31.067,-0.09E+00,-0.05E+00,+0.05E+00,+0.00E+00,+13.64E+00,+37.08E+00,-50.82E+00,-5.669E+00
2,09/2/2026,19:05:31.067,-0.09E+00,-0.05E+00,+0.05E+00,+0.00E+00,+13.49E+00,+35.94E+00,-49.52E+00,-5.669E+00
2,09/2/2026,19:05:31.067,-0.09E+00,-0.05E+00,+0.05E+00,+0.00E+00,+13.35E+00,+34.81E+00,-48.22E+00,-5.669E+00
2,09/2/2026,19:05:31.067,-0.09E+00,-0.05E+00,+0.05E+00,+0.00E+00,+13.20E+00,+33.66E+00,-46.91E+00,-5.662E+00
2,09/2/2026,19:05:31.067,-0.09E+00,-0.05E+00,+0.05E+00,+0.00E+00,+13.03E+00,+32.52E+00,-45.60E+00,-5.654E+00
2,09/2/2026,19:05:31.067,-0.14E+00,-0.05E+00,+0.05E+00,+0.00E+00,+12.88E+00,+31.36E+00,-44.29E+00,-5.646E+00
2,09/2/2026,19:05:31.067,-0.09E+00,-0.05E+00,+0.05E+00,+0.00E+00,+12.70E+00,+30.20E+00,-42.96E+00,-5.639E+00
2,09/2/2026,19:05:31.067,-0.09E+00,-0.09E+00,+0.05E+00,+0.00E+00,+12.53E+00,+29.04E+00,-41.61E+00,-5.631E+00
2,09/2/2026,19:05:31.067,-0.09E+00,-0.05E+00,+0.05E+00,+0.00E+00,+12.36E+00,+27.88E+00,-40.26E+00,-5.623E+00
2,09/2/2026,19:05:31.067,-0.09E+00,-0.05E+00,+0.00E+00,+0.00E+00,+12.19E+00,+26.72E+00,-38.91E+00,-5.608E+00
2,09/2/2026,19:05:31.067,-0.09E+00,-0.05E+00,+0.05E+00,+0.00E+00,+12.01E+00,+25.55E+00,-37.56E+00,-5.593E+00
2,09/2/2026,19:05:31.067,-0.14E+00,-0.05E+00,+0.05E+00,-0.05E+00,+11.83E+00,+24.37E+00,-36.20E+00,-5.578E+00
2,09/2/2026,19:05:31.067,-0.09E+00,-0.05E+00,+0.00E+00,+0.00E+00,+11.66E+00,+23.20E+00,-34.84E+00,-5.562E+00
2,09/2/2026,19:05:31.067,-0.09E+00,-0.05E+00,+0.05E+00,+0.00E+00,+11.48E+00,+22.02E+00,-33.47E+00,-5.547E+00
2,09/2/2026,19:05:31.067,-0.09E+00,-0.05E+00,+0.05E+00,+0.00E+00,+11.29E+00,+20.83E+00,-32.11E+00,-5.532E+00
2,09/2/2026,19:05:31.067,-0.09E+00,-0.05E+00,+0.00E+00,+0.00E+00,+11.11E+00,+19.66E+00,-30.73E+00,-5.509E+00
2,09/2/2026,19:05:31.067,-0.09E+00,-0.05E+00,+0.00E+00,+0.00E+00,+10.94E+00,+18.48E+00,-29.35E+00,-5.486E+00
2,09/2/2026,19:05:31.068,-0.09E+00,-0.05E+00,+0.05E+00,+0.00E+00,+10.76E+00,+17.29E+00,-27.97E+00,-5.471E+00
2,09/2/2026,19:05:31.068,-0.09E+00,-0.05E+00,+0.05E+00,+0.00E+00,+10.58E+00,+16.10E+00,-26.60E+00,-5.448E+00
2,09/2/2026,19:05:31.068,-0.14E+00,-0.09E+00,+0.05E+00,+0.00E+00,+10.39E+00,+14.91E+00,-25.23E+00,-5.433E+00
2,09/2/2026,19:05:31.068,-0.09E+00,-0.05E+00,+0.05E+00,+0.00E+00,+10.21E+00,+13.70E+00,-23.85E+00,-5.410E+00
2,09/2/2026,19:05:31.068,-0.09E+00,-0.05E+00,+0.05E+00,+0.00E+00,+10.03E+00,+12.51E+00,-22.46E+00,-5.387E+00
2,09/2/2026,19:05:31.068,-0.09E+00,-0.05E+00,+0.05E+00,+0.00E+00,+9.84E+00,+11.32E+00,-21.07E+00,-5.364E+00
2,09/2/2026,19:05:31.068,-0.09E+00,-0.09E+00,+0.05E+00,+0.00E+00,+9.67E+00,+10.13E+00,-19.69E+00,-5.341E+00
2,09/2/2026,19:05:31.068,-0.09E+00,-0.09E+00,+0.05E+00,-0.05E+00,+9.48E+00,+8.93E+00,-18.30E+00,-5.311E+00
2,09/2/2026,19:05:31.068,-0.09E+00,-0.05E+00,+0.00E+00,+0.00E+00,+9.28E+00,+7.74E+00,-16.92E+00,-5.288E+00
2,09/2/2026,19:05:31.068,-0.09E+00,-0.05E+00,+0.05E+00,+0.00E+00,+9.10E+00,+6.55E+00,-15.55E+00,-5.257E+00
2,09/2/2026,19:05:31.068,-0.09E+00,-0.05E+00,+0.05E+00,+0.00E+00,+8.91E+00,+5.36E+00,-14.16E+00,-5.227E+00
2,09/2/2026,19:05:31.068,-0.09E+00,-0.05E+00,+0.05E+00,+0.00E+00,+8.71E+00,+4.17E+00,-12.79E+00,-5.204E+00
2,09/2/2026,19:05:31.068,-0.09E+00,-0.05E+00,+0.00E+00,+0.00E+00,+8.53E+00,+2.98E+00,-11.40E+00,-5.173E+00
2,09/2/2026,19:05:31.068,-0.09E+00,-0.05E+00,+0.05E+00,+0.00E+00,+8.35E+00,+1.79E+00,-10.03E+00,-5.143E+00
2,09/2/2026,19:05:31.068,-0.09E+00,-0.05E+00,+0.05E+00,+0.00E+00,+8.15E+00,+0.60E+00,-8.65E+00,-5.112E+00
2,09/2/2026,19:05:31.068,-0.09E+00,-0.05E+00,+0.05E+00,+0.00E+00,+7.97E+00,-0.60E+00,-7.28E+00,-5.074E+00
2,09/2/2026,19:05:31.068,-0.09E+00,-0.05E+00,+0.05E+00,+0.00E+00,+7.78E+00,-1.79E+00,-5.92E+00,-5.051E+00
2,09/2/2026,19:05:31.068,-0.09E+00,-0.05E+00,+0.05E+00,+0.00E+00,+7.58E+00,-2.98E+00,-4.55E+00,-5.013E+00
2,09/2/2026,19:05:31.068,-0.09E+00,-0.05E+00,+0.05E+00,+0.00E+00,+7.39E+00,-4.15E+00,-3.16E+00,-4.975E+00
2,09/2/2026,19:05:31.068,-0.09E+00,-0.05E+00,+0.05E+00,-0.05E+00,+7.17E+00,-5.33E+00,-1.77E+00,-4.944E+00
2,09/2/2026,19:05:31.069,-0.09E+00,-0.05E+00,+0.05E+00,+0.00E+00,+6.96E+00,-6.50E+00,-0.40E+00,-4.906E+00
2,09/2/2026,19:05:31.069,-0.09E+00,-0.05E+00,+0.05E+00,+0.00E+00,+6.75E+00,-7.68E+00,+0.99E+00,-4.868E+00
2,09/2/2026,19:05:31.069,-0.09E+00,-0.05E+00,+0.05E+00,+0.00E+00,+6.53E+00,-8.85E+00,+2.37E+00,-4.822E+00
2,09/2/2026,19:05:31.069,-0.09E+00,-0.05E+00,+0.05E+00,+0.00E+00,+6.32E+00,-10.03E+00,+3.75E+00,-4.784E+00
2,09/2/2026,19:05:31.069,-0.09E+00,-0.05E+00,+0.05E+00,-0.05E+00,+6.10E+00,-11.19E+00,+5.13E+00,-4.746E+00
2,09/2/2026,19:05:31.069,-0.09E+00,-0.05E+00,+0.00E+00,+0.00E+00,+5.89E+00,-12.36E+00,+6.49E+00,-4.700E+00
2,09/2/2026,19:05:31.069,-0.14E+00,-0.05E+00,+0.00E+00,+0.00E+00,+5.68E+00,-13.52E+00,+7.86E+00,-4.662E+00
2,09/2/2026,19:05:31.069,-0.09E+00,-0.05E+00,+0.05E+00,+0.00E+00,+5.46E+00,-14.68E+00,+9.23E+00,-4.624E+00
2,09/2/2026,19:05:31.069,-0.09E+00,-0.05E+00,+0.05E+00,+0.00E+00,+5.23E+00,-15.84E+00,+10.61E+00,-4.578E+00
2,09/2/2026,19:05:31.069,-0.09E+00,-0.05E+00,+0.05E+00,+0.00E+00,+5.02E+00,-16.98E+00,+11.96E+00,-4.532E+00
2,09/2/2026,19:05:31.069,-0.14E+00,-0.05E+00,+0.00E+00,+0.00E+00,+4.81E+00,-18.14E+00,+13.34E+00,-4.486E+00
2,09/2/2026,19:05:31.069,-0.09E+00,-0.05E+00,+0.05E+00,+0.00E+00,+4.58E+00,-19.29E+00,+14.68E+00,-4.441E+00
2,09/2/2026,19:05:31.069,-0.09E+00,-0.05E+00,+0.05E+00,+0.00E+00,+4.36E+00,-20.43E+00,+16.04E+00,-4.395E+00
2,09/2/2026,19:05:31.069,-0.09E+00,-0.05E+00,+0.05E+00,+0.00E+00,+4.15E+00,-21.56E+00,+17.37E+00,-4.342E+00
2,09/2/2026,19:05:31.069,-0.09E+00,-0.09E+00,+0.05E+00,+0.00E+00,+3.92E+00,-22.68E+00,+18.71E+00,-4.288E+00
2,09/2/2026,19:05:31.069,-0.09E+00,-0.09E+00,+0.05E+00,+0.00E+00,+3.69E+00,-23.78E+00,+20.02E+00,-4.227E+00
2,09/2/2026,19:05:31.069,-0.09E+00,-0.05E+00,+0.05E+00,+0.00E+00,+3.46E+00,-24.86E+00,+21.33E+00,-4.166E+00
2,09/2/2026,19:05:31.069,-0.09E+00,-0.05E+00,+0.05E+00,+0.00E+00,+3.24E+00,-25.94E+00,+22.63E+00,-4.097E+00
2,09/2/2026,19:05:31.069,-0.09E+00,-0.05E+00,+0.05E+00,+0.00E+00,+2.99E+00,-27.00E+00,+23.93E+00,-4.029E+00
2,09/2/2026,19:05:31.069,-0.09E+00,-0.05E+00,+0.05E+00,+0.00E+00,+2.76E+00,-28.05E+00,+25.21E+00,-3.960E+00
2,09/2/2026,19:05:31.070,-0.09E+00,-0.05E+00,+0.05E+00,+0.00E+00,+2.52E+00,-29.09E+00,+26.46E+00,-3.891E+00
2,09/2/2026,19:05:31.070,-0.09E+00,-0.09E+00,+0.05E+00,+0.00E+00,+2.29E+00,-30.11E+00,+27.73E+00,-3.823E+00
2,09/2/2026,19:05:31.070,-0.14E+00,-0.09E+00,+0.05E+00,+0.00E+00,+2.04E+00,-31.13E+00,+28.98E+00,-3.754E+00
2,09/2/2026,19:05:31.070,-0.09E+00,-0.05E+00,+0.05E+00,+0.00E+00,+1.80E+00,-32.14E+00,+30.22E+00,-3.678E+00
2,09/2/2026,19:05:31.070,-0.09E+00,-0.05E+00,+0.05E+00,+0.00E+00,+1.56E+00,-33.13E+00,+31.44E+00,-3.609E+00
2,09/2/2026,19:05:31.070,-0.09E+00,-0.09E+00,+0.05E+00,+0.00E+00,+1.31E+00,-34.09E+00,+32.66E+00,-3.525E+00
2,09/2/2026,19:05:31.070,-0.09E+00,-0.05E+00,+0.05E+00,+0.00E+00,+1.05E+00,-35.05E+00,+33.86E+00,-3.449E+00
2,09/2/2026,19:05:31.070,-0.09E+00,-0.05E+00,+0.05E+00,+0.00E+00,+0.79E+00,-35.98E+00,+35.04E+00,-3.373E+00
2,09/2/2026,19:05:31.070,-0.09E+00,-0.05E+00,+0.05E+00,+0.00E+00,+0.55E+00,-36.91E+00,+36.21E+00,-3.289E+00
2,09/2/2026,19:05:31.070,-0.09E+00,-0.05E+00,+0.05E+00,+0.00E+00,+0.29E+00,-37.83E+00,+37.37E+00,-3.205E+00
2,09/2/2026,19:05:31.070,-0.14E+00,-0.05E+00,+0.05E+00,+0.00E+00,+0.05E+00,-38.72E+00,+38.53E+00,-3.121E+00
2,09/2/2026,19:05:31.070,-0.09E+00,-0.05E+00,+0.05E+00,+0.00E+00,-0.21E+00,-39.62E+00,+39.66E+00,-3.037E+00
2,09/2/2026,19:05:31.070,-0.09E+00,-0.05E+00,+0.05E+00,+0.00E+00,-0.47E+00,-40.49E+00,+40.79E+00,-2.953E+00
2,09/2/2026,19:05:31.070,-0.09E+00,-0.09E+00,+0.05E+00,+0.00E+00,-0.73E+00,-41.34E+00,+41.89E+00,-2.869E+00
2,09/2/2026,19:05:31.070,-0.09E+00,-0.09E+00,+0.05E+00,+0.00E+00,-0.99E+00,-42.18E+00,+42.99E+00,-2.785E+00
2,09/2/2026,19:05:31.070,-0.09E+00,-0.05E+00,+0.05E+00,-0.05E+00,-1.24E+00,-43.02E+00,+44.07E+00,-2.701E+00
2,09/2/2026,19:05:31.070,-0.09E+00,-0.05E+00,+0.05E+00,-0.05E+00,-1.50E+00,-43.84E+00,+45.14E+00,-2.617E+00
2,09/2/2026,19:05:31.070,-0.09E+00,-0.05E+00,+0.05E+00,+0.00E+00,-1.75E+00,-44.64E+00,+46.21E+00,-2.533E+00
2,09/2/2026,19:05:31.070,-0.09E+00,-0.05E+00,+0.05E+00,+0.00E+00,-2.01E+00,-45.43E+00,+47.25E+00,-2.449E+00
2,09/2/2026,19:05:31.070,-0.09E+00,-0.05E+00,+0.05E+00,+0.00E+00,-2.26E+00,-46.19E+00,+48.27E+00,-2.365E+00
2,09/2/2026,19:05:31.071,-0.09E+00,-0.05E+00,+0.05E+00,+0.00E+00,-2.52E+00,-46.97E+00,+49.28E+00,-2.274E+00
2,09/2/2026,19:05:31.071,-0.09E+00,-0.05E+00,+0.05E+00,+0.00E+00,-2.76E+00,-47.72E+00,+50.27E+00,-2.190E+00
2,09/2/2026,19:05:31.071,-0.09E+00,-0.05E+00,+0.00E+00,+0.00E+00,-3.01E+00,-48.45E+00,+51.24E+00,-2.114E+00
2,09/2/2026,19:05:31.071,-0.09E+00,-0.05E+00,+0.05E+00,+0.00E+00,-3.24E+00,-49.20E+00,+52.22E+00,-2.030E+00
2,09/2/2026,19:05:31.071,-0.09E+00,-0.05E+00,+0.05E+00,+0.00E+00,-3.48E+00,-49.92E+00,+53.17E+00,-1.946E+00
2,09/2/2026,19:05:31.071,-0.09E+00,-0.05E+00,+0.00E+00,+0.00E+00,-3.72E+00,-50.62E+00,+54.11E+00,-1.862E+00
2,09/2/2026,19:05:31.071,-0.14E+00,-0.05E+00,+0.05E+00,+0.00E+00,-3.95E+00,-51.30E+00,+55.03E+00,-1.778E+00
2,09/2/2026,19:05:31.071,-0.09E+00,-0.09E+00,+0.05E+00,+0.00E+00,-4.18E+00,-51.99E+00,+55.94E+00,-1.702E+00
2,09/2/2026,19:05:31.071,-0.09E+00,-0.05E+00,+0.00E+00,+0.00E+00,-4.41E+00,-52.66E+00,+56.84E+00,-1.618E+00
2,09/2/2026,19:05:31.071,-0.09E+00,-0.05E+00,+0.05E+00,+0.00E+00,-4.64E+00,-53.30E+00,+57.73E+00,-1.541E+00
2,09/2/2026,19:05:31.071,-0.09E+00,-0.05E+00,+0.05E+00,+0.00E+00,-4.88E+00,-53.96E+00,+58.58E+00,-1.457E+00
2,09/2/2026,19:05:31.071,-0.09E+00,-0.09E+00,+0.05E+00,+0.00E+00,-5.10E+00,-54.59E+00,+59.44E+00,-1.373E+00
2,09/2/2026,19:05:31.071,-0.14E+00,-0.05E+00,+0.05E+00,+0.00E+00,-5.33E+00,-55.20E+00,+60.28E+00,-1.289E+00
2,09/2/2026,19:05:31.071,-0.14E+00,-0.05E+00,+0.05E+00,+0.00E+00,-5.55E+00,-55.81E+00,+61.10E+00,-1.213E+00
2,09/2/2026,19:05:31.071,-0.09E+00,-0.09E+00,+0.05E+00,+0.00E+00,-5.77E+00,-56.39E+00,+61.91E+00,-1.129E+00
2,09/2/2026,19:05:31.071,-0.09E+00,-0.09E+00,+0.05E+00,+0.00E+00,-6.00E+00,-56.97E+00,+62.72E+00,-1.045E+00
2,09/2/2026,19:05:31.071,-0.09E+00,-0.05E+00,+0.05E+00,+0.00E+00,-6.21E+00,-57.53E+00,+63.50E+00,-0.969E+00
2,09/2/2026,19:05:31.071,-0.09E+00,-0.05E+00,+0.05E+00,-0.05E+00,-6.44E+00,-58.08E+00,+64.26E+00,-0.885E+00
2,09/2/2026,19:05:31.071,-0.14E+00,-0.05E+00,+0.05E+00,-0.05E+00,-6.65E+00,-58.61E+00,+65.02E+00,-0.801E+00
2,09/2/2026,19:05:31.071,-0.09E+00,-0.05E+00,+0.05E+00,+0.00E+00,-6.88E+00,-59.13E+00,+65.76E+00,-0.717E+00
2,09/2/2026,19:05:31.072,-0.09E+00,-0.05E+00,+0.00E+00,+0.00E+00,-7.10E+00,-59.64E+00,+66.49E+00,-0.641E+00
2,09/2/2026,19:05:31.072,-0.09E+00,-0.05E+00,+0.05E+00,+0.00E+00,-7.31E+00,-60.14E+00,+67.19E+00,-0.557E+00
2,09/2/2026,19:05:31.072,-0.09E+00,-0.09E+00,+0.05E+00,+0.00E+00,-7.52E+00,-60.61E+00,+67.88E+00,-0.473E+00
2,09/2/2026,19:05:31.072,-0.09E+00,-0.09E+00,+0.05E+00,+0.00E+00,-7.75E+00,-61.07E+00,+68.55E+00,-0.389E+00
2,09/2/2026,19:05:31.072,-0.09E+00,-0.05E+00,+0.05E+00,+0.00E+00,-7.97E+00,-61.51E+00,+69.22E+00,-0.305E+00
2,09/2/2026,19:05:31.072,-0.09E+00,-0.05E+00,+0.05E+00,-0.05E+00,-8.18E+00,-61.93E+00,+69.86E+00,-0.214E+00
2,09/2/2026,19:05:31.072,-0.09E+00,-0.05E+00,+0.05E+00,-0.05E+00,-8.41E+00,-62.34E+00,+70.49E+00,-0.130E+00
2,09/2/2026,19:05:31.072,-0.09E+00,-0.05E+00,+0.05E+00,+0.00E+00,-8.62E+00,-62.75E+00,+71.10E+00,-0.046E+00
2,09/2/2026,19:05:31.072,-0.09E+00,-0.09E+00,+0.00E+00,+0.00E+00,-8.84E+00,-63.13E+00,+71.69E+00,+0.038E+00
2,09/2/2026,19:05:31.072,-0.09E+00,-0.09E+00,+0.05E+00,+0.00E+00,-9.05E+00,-63.50E+00,+72.27E+00,+0.122E+00
2,09/2/2026,19:05:31.072,-0.09E+00,-0.09E+00,+0.05E+00,-0.05E+00,-9.28E+00,-63.85E+00,+72.84E+00,+0.214E+00
2,09/2/2026,19:05:31.072,-0.09E+00,-0.05E+00,+0.05E+00,-0.05E+00,-9.49E+00,-64.18E+00,+73.40E+00,+0.298E+00
2,09/2/2026,19:05:31.072,-0.09E+00,-0.05E+00,+0.05E+00,+0.00E+00,-9.72E+00,-64.50E+00,+73.94E+00,+0.389E+00
2,09/2/2026,19:05:31.072,-0.09E+00,-0.05E+00,+0.05E+00,+0.00E+00,-9.93E+00,-64.79E+00,+74.45E+00,+0.473E+00
2,09/2/2026,19:05:31.072,-0.09E+00,-0.05E+00,+0.05E+00,+0.00E+00,-10.15E+00,-65.08E+00,+74.96E+00,+0.565E+00
2,09/2/2026,19:05:31.072,-0.09E+00,-0.05E+00,+0.05E+00,+0.00E+00,-10.38E+00,-65.36E+00,+75.45E+00,+0.649E+00
2,09/2/2026,19:05:31.072,-0.09E+00,-0.05E+00,+0.05E+00,+0.00E+00,-10.59E+00,-65.62E+00,+75.92E+00,+0.740E+00
2,09/2/2026,19:05:31.072,-0.09E+00,-0.05E+00,+0.05E+00,+0.00E+00,-10.80E+00,-65.86E+00,+76.38E+00,+0.824E+00
2,09/2/2026,19:05:31.072,-0.09E+00,-0.05E+00,+0.05E+00,+0.00E+00,-11.02E+00,-66.09E+00,+76.82E+00,+0.908E+00
2,09/2/2026,19:05:31.072,-0.09E+00,-0.05E+00,+0.05E+00,+0.00E+00,-11.22E+00,-66.32E+00,+77.23E+00,+0.992E+00
2,09/2/2026,19:05:31.073,-0.09E+00,-0.09E+00,+0.05E+00,+0.00E+00,-11.41E+00,-66.52E+00,+77.63E+00,+1.076E+00
2,09/2/2026,19:05:31.073,-0.09E+00,-0.09E+00,+0.05E+00,+0.00E+00,-11.60E+00,-66.70E+00,+78.01E+00,+1.167E+00
2,09/2/2026,19:05:31.073,-0.09E+00,-0.05E+00,+0.05E+00,+0.00E+00,-11.80E+00,-66.89E+00,+78.38E+00,+1.251E+00
2,09/2/2026,19:05:31.073,-0.09E+00,-0.05E+00,+0.05E+00,+0.00E+00,-11.98E+00,-67.02E+00,+78.70E+00,+1.328E+00
2,09/2/2026,19:05:31.073,-0.09E+00,-0.05E+00,+0.05E+00,+0.00E+00,-12.15E+00,-67.16E+00,+79.00E+00,+1.419E+00
2,09/2/2026,19:05:31.073,-0.09E+00,-0.05E+00,+0.05E+00,+0.00E+00,-12.31E+00,-67.27E+00,+79.28E+00,+1.503E+00
2,09/2/2026,19:05:31.073,-0.09E+00,-0.05E+00,+0.05E+00,+0.00E+00,-12.47E+00,-67.36E+00,+79.51E+00,+1.595E+00
2,09/2/2026,19:05:31.073,-0.09E+00,-0.05E+00,+0.05E+00,-0.05E+00,-12.62E+00,-67.43E+00,+79.72E+00,+1.679E+00
2,09/2/2026,19:05:31.073,-0.09E+00,-0.05E+00,+0.05E+00,+0.00E+00,-12.74E+00,-67.48E+00,+79.92E+00,+1.770E+00
2,09/2/2026,19:05:31.073,-0.09E+00,-0.05E+00,+0.05E+00,+0.00E+00,-12.88E+00,-67.51E+00,+80.09E+00,+1.854E+00
2,09/2/2026,19:05:31.073,-0.09E+00,-0.05E+00,+0.00E+00,+0.00E+00,-13.02E+00,-67.53E+00,+80.22E+00,+1.930E+00
2,09/2/2026,19:05:31.073,-0.09E+00,-0.05E+00,+0.00E+00,+0.00E+00,-13.14E+00,-67.51E+00,+80.34E+00,+2.014E+00
2,09/2/2026,19:05:31.073,-0.09E+00,-0.05E+00,+0.05E+00,+0.00E+00,-13.26E+00,-67.50E+00,+80.44E+00,+2.098E+00
2,09/2/2026,19:05:31.073,-0.09E+00,-0.05E+00,+0.05E+00,+0.00E+00,-13.38E+00,-67.45E+00,+80.51E+00,+2.175E+00
2,09/2/2026,19:05:31.073,-0.09E+00,-0.05E+00,+0.05E+00,+0.00E+00,-13.51E+00,-67.39E+00,+80.57E+00,+2.259E+00
2,09/2/2026,19:05:31.073,-0.09E+00,-0.05E+00,+0.05E+00,+0.00E+00,-13.61E+00,-67.31E+00,+80.62E+00,+2.335E+00
2,09/2/2026,19:05:31.073,-0.09E+00,-0.05E+00,+0.00E+00,+0.00E+00,-13.72E+00,-67.22E+00,+80.62E+00,+2.411E+00
2,09/2/2026,19:05:31.073,-0.09E+00,-0.05E+00,+0.00E+00,+0.00E+00,-13.83E+00,-67.11E+00,+80.62E+00,+2.487E+00
2,09/2/2026,19:05:31.073,-0.09E+00,-0.05E+00,+0.05E+00,+0.00E+00,-13.93E+00,-66.98E+00,+80.57E+00,+2.564E+00
2,09/2/2026,19:05:31.073,-0.09E+00,-0.05E+00,+0.05E+00,-0.05E+00,-14.04E+00,-66.82E+00,+80.51E+00,+2.640E+00
2,09/2/2026,19:05:31.074,-0.09E+00,-0.05E+00,+0.05E+00,+0.00E+00,-14.12E+00,-66.64E+00,+80.44E+00,+2.724E+00
2,09/2/2026,19:05:31.074,-0.09E+00,-0.05E+00,+0.05E+00,+0.00E+00,-14.19E+00,-66.44E+00,+80.31E+00,+2.800E+00
2,09/2/2026,19:05:31.074,-0.09E+00,-0.05E+00,+0.05E+00,+0.00E+00,-14.28E+00,-66.21E+00,+80.18E+00,+2.869E+00
2,09/2/2026,19:05:31.074,-0.09E+00,-0.05E+00,+0.00E+00,+0.00E+00,-14.36E+00,-65.97E+00,+80.01E+00,+2.953E+00
2,09/2/2026,19:05:31.074,-0.09E+00,-0.05E+00,+0.05E+00,+0.00E+00,-14.44E+00,-65.71E+00,+79.81E+00,+3.029E+00
2,09/2/2026,19:05:31.074,-0.09E+00,-0.05E+00,+0.05E+00,+0.00E+00,-14.51E+00,-65.42E+00,+79.60E+00,+3.105E+00
2,09/2/2026,19:05:31.074,-0.09E+00,-0.05E+00,+0.05E+00,+0.00E+00,-14.59E+00,-65.12E+00,+79.37E+00,+3.182E+00
2,09/2/2026,19:05:31.074,-0.09E+00,-0.09E+00,+0.00E+00,+0.00E+00,-14.65E+00,-64.79E+00,+79.11E+00,+3.250E+00
2,09/2/2026,19:05:31.074,-0.09E+00,-0.09E+00,+0.00E+00,+0.00E+00,-14.73E+00,-64.44E+00,+78.83E+00,+3.327E+00
2,09/2/2026,19:05:31.074,-0.09E+00,-0.05E+00,+0.00E+00,+0.00E+00,-14.79E+00,-64.08E+00,+78.54E+00,+3.395E+00
2,09/2/2026,19:05:31.074,-0.09E+00,-0.05E+00,+0.05E+00,+0.00E+00,-14.86E+00,-63.71E+00,+78.24E+00,+3.464E+00
2,09/2/2026,19:05:31.074,-0.09E+00,-0.05E+00,+0.00E+00,+0.00E+00,-14.92E+00,-63.31E+00,+77.92E+00,+3.533E+00
2,09/2/2026,19:05:31.074,-0.09E+00,-0.05E+00,+0.05E+00,+0.00E+00,-14.99E+00,-62.92E+00,+77.57E+00,+3.594E+00
2,09/2/2026,19:05:31.074,-0.09E+00,-0.05E+00,+0.05E+00,+0.00E+00,-15.05E+00,-62.49E+00,+77.20E+00,+3.662E+00
2,09/2/2026,19:05:31.074,-0.09E+00,-0.05E+00,+0.05E+00,+0.00E+00,-15.11E+00,-62.05E+00,+76.84E+00,+3.723E+00
2,09/2/2026,19:05:31.074,-0.09E+00,-0.05E+00,+0.05E+00,+0.00E+00,-15.17E+00,-61.59E+00,+76.42E+00,+3.792E+00
2,09/2/2026,19:05:31.074,-0.14E+00,-0.05E+00,+0.05E+00,-0.05E+00,-15.21E+00,-61.10E+00,+76.00E+00,+3.861E+00
2,09/2/2026,19:05:31.074,-0.09E+00,-0.09E+00,+0.05E+00,-0.05E+00,-15.28E+00,-60.61E+00,+75.55E+00,+3.922E+00
2,09/2/2026,19:05:31.074,-0.09E+00,-0.05E+00,+0.05E+00,+0.00E+00,-15.32E+00,-60.09E+00,+75.10E+00,+3.983E+00
2,09/2/2026,19:05:31.074,-0.09E+00,-0.05E+00,+0.05E+00,+0.00E+00,-15.37E+00,-59.56E+00,+74.61E+00,+4.044E+00
2,09/2/2026,19:05:31.075,-0.09E+00,-0.05E+00,+0.05E+00,+0.00E+00,-15.41E+00,-59.03E+00,+74.10E+00,+4.105E+00
2,09/2/2026,19:05:31.075,-0.09E+00,-0.09E+00,+0.05E+00,+0.00E+00,-15.44E+00,-58.46E+00,+73.58E+00,+4.166E+00
2,09/2/2026,19:05:31.075,-0.14E+00,-0.09E+00,+0.05E+00,-0.05E+00,-15.47E+00,-57.90E+00,+73.04E+00,+4.219E+00
2,09/2/2026,19:05:31.075,-0.09E+00,-0.09E+00,+0.05E+00,+0.00E+00,-15.50E+00,-57.30E+00,+72.49E+00,+4.273E+00
2,09/2/2026,19:05:31.075,-0.09E+00,-0.05E+00,+0.05E+00,+0.00E+00,-15.53E+00,-56.71E+00,+71.92E+00,+4.326E+00
2,09/2/2026,19:05:31.075,-0.09E+00,-0.05E+00,+0.05E+00,+0.00E+00,-15.57E+00,-56.10E+00,+71.33E+00,+4.387E+00
2,09/2/2026,19:05:31.075,-0.09E+00,-0.05E+00,+0.05E+00,+0.00E+00,-15.60E+00,-55.46E+00,+70.72E+00,+4.441E+00
2,09/2/2026,19:05:31.075,-0.09E+00,-0.05E+00,+0.05E+00,+0.00E+00,-15.61E+00,-54.81E+00,+70.09E+00,+4.486E+00
2,09/2/2026,19:05:31.075,-0.09E+00,-0.05E+00,+0.05E+00,-0.05E+00,-15.64E+00,-54.16E+00,+69.46E+00,+4.548E+00
2,09/2/2026,19:05:31.075,-0.09E+00,-0.05E+00,+0.05E+00,+0.00E+00,-15.66E+00,-53.49E+00,+68.81E+00,+4.601E+00
2,09/2/2026,19:05:31.075,-0.09E+00,-0.05E+00,+0.05E+00,+0.00E+00,-15.67E+00,-52.78E+00,+68.12E+00,+4.654E+00
2,09/2/2026,19:05:31.075,-0.09E+00,-0.05E+00,+0.05E+00,+0.00E+00,-15.69E+00,-52.07E+00,+67.42E+00,+4.708E+00
2,09/2/2026,19:05:31.075,-0.09E+00,-0.05E+00,+0.05E+00,+0.00E+00,-15.69E+00,-51.35E+00,+66.70E+00,+4.754E+00
2,09/2/2026,19:05:31.075,-0.09E+00,-0.05E+00,+0.05E+00,+0.00E+00,-15.69E+00,-50.62E+00,+65.97E+00,+4.807E+00
2,09/2/2026,19:05:31.075,-0.09E+00,-0.05E+00,+0.05E+00,+0.00E+00,-15.69E+00,-49.87E+00,+65.21E+00,+4.860E+00
2,09/2/2026,19:05:31.075,-0.09E+00,-0.05E+00,+0.05E+00,+0.00E+00,-15.69E+00,-49.09E+00,+64.44E+00,+4.914E+00
2,09/2/2026,19:05:31.075,-0.09E+00,-0.05E+00,+0.05E+00,+0.00E+00,-15.69E+00,-48.31E+00,+63.65E+00,+4.952E+00
2,09/2/2026,19:05:31.075,-0.09E+00,-0.05E+00,+0.00E+00,+0.00E+00,-15.69E+00,-47.52E+00,+62.86E+00,+5.005E+00
2,09/2/2026,19:05:31.075,-0.09E+00,-0.05E+00,+0.05E+00,+0.00E+00,-15.69E+00,-46.71E+00,+62.05E+00,+5.051E+00
2,09/2/2026,19:05:31.075,-0.09E+00,-0.05E+00,+0.05E+00,+0.00E+00,-15.69E+00,-45.89E+00,+61.21E+00,+5.097E+00
2,09/2/2026,19:05:31.076,-0.09E+00,-0.05E+00,+0.05E+00,+0.00E+00,-15.67E+00,-45.05E+00,+60.35E+00,+5.143E+00
2,09/2/2026,19:05:31.076,-0.09E+00,-0.05E+00,+0.05E+00,+0.00E+00,-15.66E+00,-44.18E+00,+59.50E+00,+5.188E+00
2,09/2/2026,19:05:31.076,-0.09E+00,-0.05E+00,+0.05E+00,+0.00E+00,-15.66E+00,-43.32E+00,+58.61E+00,+5.234E+00
2,09/2/2026,19:05:31.076,-0.09E+00,-0.05E+00,+0.05E+00,+0.00E+00,-15.63E+00,-42.44E+00,+57.71E+00,+5.280E+00
2,09/2/2026,19:05:31.076,-0.09E+00,-0.05E+00,+0.05E+00,+0.00E+00,-15.61E+00,-41.54E+00,+56.81E+00,+5.326E+00
2,09/2/2026,19:05:31.076,-0.09E+00,-0.05E+00,+0.05E+00,+0.00E+00,-15.60E+00,-40.64E+00,+55.87E+00,+5.364E+00
2,09/2/2026,19:05:31.076,-0.09E+00,-0.05E+00,+0.05E+00,-0.05E+00,-15.57E+00,-39.72E+00,+54.92E+00,+5.394E+00
2,09/2/2026,19:05:31.076,-0.09E+00,-0.05E+00,+0.05E+00,+0.00E+00,-15.52E+00,-38.81E+00,+53.98E+00,+5.433E+00
2,09/2/2026,19:05:31.076,-0.09E+00,-0.05E+00,+0.05E+00,+0.00E+00,-15.47E+00,-37.88E+00,+53.00E+00,+5.463E+00
2,09/2/2026,19:05:31.076,-0.09E+00,-0.05E+00,+0.05E+00,+0.00E+00,-15.41E+00,-36.94E+00,+52.01E+00,+5.494E+00
2,09/2/2026,19:05:31.076,-0.09E+00,-0.05E+00,+0.05E+00,+0.00E+00,-15.35E+00,-36.00E+00,+51.00E+00,+5.517E+00
2,09/2/2026,19:05:31.076,-0.09E+00,-0.05E+00,+0.05E+00,+0.00E+00,-15.28E+00,-35.07E+00,+49.98E+00,+5.539E+00
2,09/2/2026,19:05:31.076,-0.14E+00,-0.05E+00,+0.05E+00,+0.00E+00,-15.20E+00,-34.12E+00,+48.95E+00,+5.562E+00
2,09/2/2026,19:05:31.076,-0.09E+00,-0.05E+00,+0.05E+00,+0.00E+00,-15.11E+00,-33.16E+00,+47.92E+00,+5.578E+00
2,09/2/2026,19:05:31.076,-0.09E+00,-0.05E+00,+0.00E+00,+0.00E+00,-15.02E+00,-32.20E+00,+46.86E+00,+5.593E+00
2,09/2/2026,19:05:31.076,-0.09E+00,-0.05E+00,+0.00E+00,+0.00E+00,-14.92E+00,-31.22E+00,+45.78E+00,+5.608E+00
2,09/2/2026,19:05:31.076,-0.09E+00,-0.05E+00,+0.05E+00,+0.00E+00,-14.82E+00,-30.22E+00,+44.71E+00,+5.623E+00
2,09/2/2026,19:05:31.076,-0.09E+00,-0.09E+00,+0.05E+00,+0.00E+00,-14.70E+00,-29.22E+00,+43.61E+00,+5.639E+00
2,09/2/2026,19:05:31.076,-0.09E+00,-0.05E+00,+0.05E+00,+0.00E+00,-14.59E+00,-28.23E+00,+42.50E+00,+5.646E+00
2,09/2/2026,19:05:31.076,-0.09E+00,-0.05E+00,+0.05E+00,+0.00E+00,-14.47E+00,-27.24E+00,+41.37E+00,+5.654E+00
2,09/2/2026,19:05:31.077,-0.09E+00,-0.09E+00,+0.05E+00,+0.00E+00,-14.33E+00,-26.23E+00,+40.23E+00,+5.654E+00
2,09/2/2026,19:05:31.077,-0.09E+00,-0.05E+00,+0.05E+00,+0.00E+00,-14.19E+00,-25.21E+00,+39.08E+00,+5.662E+00
2,09/2/2026,19:05:31.077,-0.09E+00,-0.05E+00,+0.05E+00,+0.00E+00,-14.07E+00,-24.19E+00,+37.94E+00,+5.662E+00
2,09/2/2026,19:05:31.077,-0.09E+00,-0.05E+00,+0.05E+00,+0.00E+00,-13.92E+00,-23.15E+00,+36.76E+00,+5.669E+00
2,09/2/2026,19:05:31.077,-0.14E+00,-0.05E+00,+0.05E+00,+0.00E+00,-13.78E+00,-22.13E+00,+35.59E+00,+5.669E+00
2,09/2/2026,19:05:31.077,-0.14E+00,-0.05E+00,+0.05E+00,+0.00E+00,-13.63E+00,-21.09E+00,+34.40E+00,+5.662E+00
2,09/2/2026,19:05:31.077,-0.09E+00,-0.09E+00,+0.05E+00,+0.00E+00,-13.47E+00,-20.05E+00,+33.21E+00,+5.662E+00
2,09/2/2026,19:05:31.077,-0.09E+00,-0.05E+00,+0.05E+00,+0.00E+00,-13.31E+00,-19.00E+00,+31.99E+00,+5.654E+00
2,09/2/2026,19:05:31.077,-0.09E+00,-0.09E+00,+0.05E+00,+0.00E+00,-13.15E+00,-17.96E+00,+30.78E+00,+5.646E+00
2,09/2/2026,19:05:31.077,-0.09E+00,-0.05E+00,+0.05E+00,+0.00E+00,-12.99E+00,-16.91E+00,+29.56E+00,+5.639E+00
2,09/2/2026,19:05:31.077,-0.09E+00,-0.05E+00,+0.00E+00,+0.00E+00,-12.80E+00,-15.86E+00,+28.32E+00,+5.631E+00
2,09/2/2026,19:05:31.077,-0.14E+00,-0.05E+00,+0.00E+00,+0.00E+00,-12.62E+00,-14.79E+00,+27.07E+00,+5.616E+00
2,09/2/2026,19:05:31.077,-0.09E+00,-0.05E+00,+0.05E+00,-0.05E+00,-12.45E+00,-13.72E+00,+25.84E+00,+5.600E+00
2,09/2/2026,19:05:31.077,-0.05E+00,-0.05E+00,+0.05E+00,-0.05E+00,-12.28E+00,-12.65E+00,+24.60E+00,+5.593E+00
2,09/2/2026,19:05:31.077,-0.09E+00,-0.05E+00,+0.05E+00,+0.00E+00,-12.10E+00,-11.57E+00,+23.33E+00,+5.578E+00
2,09/2/2026,19:05:31.077,-0.09E+00,-0.05E+00,+0.05E+00,+0.00E+00,-11.92E+00,-10.50E+00,+22.07E+00,+5.562E+00
2,09/2/2026,19:05:31.077,-0.09E+00,-0.09E+00,+0.05E+00,+0.00E+00,-11.75E+00,-9.42E+00,+20.80E+00,+5.547E+00
2,09/2/2026,19:05:31.077,-0.09E+00,-0.05E+00,+0.05E+00,+0.00E+00,-11.57E+00,-8.33E+00,+19.53E+00,+5.524E+00
2,09/2/2026,19:05:31.077,-0.09E+00,-0.05E+00,+0.00E+00,+0.00E+00,-11.37E+00,-7.23E+00,+18.27E+00,+5.509E+00
2,09/2/2026,19:05:31.077,-0.09E+00,-0.05E+00,+0.00E+00,+0.00E+00,-11.19E+00,-6.15E+00,+17.00E+00,+5.486E+00
2,09/2/2026,19:05:31.078,-0.09E+00,-0.05E+00,+0.05E+00,+0.00E+00,-11.02E+00,-5.07E+00,+15.72E+00,+5.463E+00
2,09/2/2026,19:05:31.078,-0.09E+00,-0.05E+00,+0.05E+00,+0.00E+00,-10.82E+00,-3.97E+00,+14.45E+00,+5.440E+00
2,09/2/2026,19:05:31.078,-0.09E+00,-0.05E+00,+0.00E+00,+0.00E+00,-10.64E+00,-2.85E+00,+13.17E+00,+5.417E+00
2,09/2/2026,19:05:31.078,-0.09E+00,-0.05E+00,+0.05E+00,+0.00E+00,-10.47E+00,-1.77E+00,+11.89E+00,+5.394E+00
2,09/2/2026,19:05:31.078,-0.09E+00,-0.05E+00,+0.05E+00,+0.00E+00,-10.29E+00,-0.67E+00,+10.61E+00,+5.379E+00
2,09/2/2026,19:05:31.078,-0.09E+00,-0.09E+00,+0.05E+00,+0.00E+00,-10.10E+00,+0.44E+00,+9.32E+00,+5.349E+00
2,09/2/2026,19:05:31.078,-0.09E+00,-0.05E+00,+0.05E+00,+0.00E+00,-9.92E+00,+1.54E+00,+8.04E+00,+5.326E+00
2,09/2/2026,19:05:31.078,-0.09E+00,-0.05E+00,+0.05E+00,+0.00E+00,-9.74E+00,+2.64E+00,+6.75E+00,+5.303E+00
2,09/2/2026,19:05:31.078,-0.09E+00,-0.05E+00,+0.05E+00,+0.00E+00,-9.55E+00,+3.74E+00,+5.46E+00,+5.272E+00
2,09/2/2026,19:05:31.078,-0.09E+00,-0.05E+00,+0.05E+00,-0.05E+00,-9.35E+00,+4.84E+00,+4.18E+00,+5.242E+00
2,09/2/2026,19:05:31.078,-0.09E+00,-0.05E+00,+0.05E+00,-0.05E+00,-9.17E+00,+5.94E+00,+2.88E+00,+5.219E+00
2,09/2/2026,19:05:31.078,-0.09E+00,-0.05E+00,+0.05E+00,+0.00E+00,-8.99E+00,+7.03E+00,+1.60E+00,+5.188E+00
2,09/2/2026,19:05:31.078,-0.09E+00,-0.05E+00,+0.05E+00,+0.00E+00,-8.79E+00,+8.15E+00,+0.31E+00,+5.158E+00
2,09/2/2026,19:05:31.078,-0.09E+00,-0.05E+00,+0.05E+00,+0.00E+00,-8.61E+00,+9.23E+00,-0.98E+00,+5.127E+00
2,09/2/2026,19:05:31.078,-0.09E+00,-0.05E+00,+0.05E+00,+0.00E+00,-8.41E+00,+10.33E+00,-2.26E+00,+5.097E+00
2,09/2/2026,19:05:31.078,-0.09E+00,-0.05E+00,+0.05E+00,+0.00E+00,-8.23E+00,+11.43E+00,-3.56E+00,+5.066E+00
2,09/2/2026,19:05:31.078,-0.09E+00,-0.05E+00,+0.05E+00,+0.00E+00,-8.04E+00,+12.53E+00,-4.84E+00,+5.028E+00
2,09/2/2026,19:05:31.078,-0.09E+00,-0.05E+00,+0.05E+00,+0.00E+00,-7.84E+00,+13.61E+00,-6.12E+00,+4.998E+00
2,09/2/2026,19:05:31.078,-0.09E+00,-0.05E+00,+0.05E+00,+0.00E+00,-7.63E+00,+14.70E+00,-7.42E+00,+4.960E+00
2,09/2/2026,19:05:31.078,-0.09E+00,-0.09E+00,+0.05E+00,+0.00E+00,-7.42E+00,+15.79E+00,-8.71E+00,+4.929E+00
2,09/2/2026,19:05:31.079,-0.09E+00,-0.05E+00,+0.05E+00,+0.00E+00,-7.20E+00,+16.88E+00,-10.01E+00,+4.891E+00
2,09/2/2026,19:05:31.079,-0.09E+00,-0.05E+00,+0.05E+00,+0.00E+00,-7.00E+00,+17.96E+00,-11.31E+00,+4.853E+00
2,09/2/2026,19:05:31.079,-0.09E+00,-0.05E+00,+0.05E+00,+0.00E+00,-6.78E+00,+19.04E+00,-12.60E+00,+4.815E+00
2,09/2/2026,19:05:31.079,-0.09E+00,-0.05E+00,+0.05E+00,+0.00E+00,-6.56E+00,+20.13E+00,-13.90E+00,+4.776E+00
2,09/2/2026,19:05:31.079,-0.09E+00,-0.05E+00,+0.05E+00,+0.00E+00,-6.36E+00,+21.21E+00,-15.20E+00,+4.731E+00
2,09/2/2026,19:05:31.079,-0.09E+00,-0.05E+00,+0.05E+00,-0.05E+00,-6.15E+00,+22.30E+00,-16.50E+00,+4.700E+00
2,09/2/2026,19:05:31.079,-0.14E+00,-0.05E+00,+0.05E+00,-0.05E+00,-5.94E+00,+23.38E+00,-17.79E+00,+4.662E+00
2,09/2/2026,19:05:31.079,-0.09E+00,-0.05E+00,+0.05E+00,+0.00E+00,-5.72E+00,+24.46E+00,-19.09E+00,+4.616E+00
2,09/2/2026,19:05:31.079,-0.09E+00,-0.05E+00,+0.05E+00,+0.00E+00,-5.51E+00,+25.55E+00,-20.37E+00,+4.578E+00
2,09/2/2026,19:05:31.079,-0.09E+00,-0.09E+00,+0.05E+00,+0.00E+00,-5.30E+00,+26.63E+00,-21.67E+00,+4.540E+00
2,09/2/2026,19:05:31.079,-0.14E+00,-0.05E+00,+0.05E+00,+0.00E+00,-5.08E+00,+27.70E+00,-22.98E+00,+4.494E+00
2,09/2/2026,19:05:31.079,-0.09E+00,-0.05E+00,+0.05E+00,+0.00E+00,-4.87E+00,+28.77E+00,-24.26E+00,+4.448E+00
2,09/2/2026,19:05:31.079,-0.09E+00,-0.05E+00,+0.05E+00,+0.00E+00,-4.64E+00,+29.83E+00,-25.56E+00,+4.403E+00
2,09/2/2026,19:05:31.079,-0.09E+00,-0.09E+00,+0.05E+00,+0.00E+00,-4.43E+00,+30.90E+00,-26.84E+00,+4.349E+00
2,09/2/2026,19:05:31.079,-0.09E+00,-0.05E+00,+0.00E+00,+0.00E+00,-4.20E+00,+31.94E+00,-28.09E+00,+4.296E+00
2,09/2/2026,19:05:31.079,-0.09E+00,-0.05E+00,+0.00E+00,+0.00E+00,-3.97E+00,+32.98E+00,-29.35E+00,+4.242E+00
2,09/2/2026,19:05:31.079,-0.09E+00,-0.05E+00,+0.05E+00,+0.00E+00,-3.75E+00,+34.00E+00,-30.60E+00,+4.181E+00
2,09/2/2026,19:05:31.079,-0.14E+00,-0.05E+00,+0.05E+00,+0.00E+00,-3.53E+00,+34.99E+00,-31.83E+00,+4.120E+00
2,09/2/2026,19:05:31.079,-0.09E+00,-0.05E+00,+0.05E+00,+0.00E+00,-3.28E+00,+35.98E+00,-33.05E+00,+4.052E+00
2,09/2/2026,19:05:31.079,-0.09E+00,-0.05E+00,+0.05E+00,+0.00E+00,-3.04E+00,+36.96E+00,-34.26E+00,+3.983E+00
2,09/2/2026,19:05:31.080,-0.09E+00,-0.05E+00,+0.05E+00,+0.00E+00,-2.81E+00,+37.92E+00,-35.46E+00,+3.914E+00
2,09/2/2026,19:05:31.080,-0.09E+00,-0.05E+00,+0.05E+00,+0.00E+00,-2.58E+00,+38.90E+00,-36.67E+00,+3.846E+00
2,09/2/2026,19:05:31.080,-0.09E+00,-0.05E+00,+0.05E+00,+0.00E+00,-2.33E+00,+39.83E+00,-37.86E+00,+3.777E+00
2,09/2/2026,19:05:31.080,-0.09E+00,-0.05E+00,+0.05E+00,+0.00E+00,-2.09E+00,+40.78E+00,-39.04E+00,+3.708E+00
2,09/2/2026,19:05:31.080,-0.09E+00,-0.05E+00,+0.05E+00,+0.00E+00,-1.85E+00,+41.69E+00,-40.20E+00,+3.632E+00
2,09/2/2026,19:05:31.080,-0.09E+00,-0.05E+00,+0.05E+00,+0.00E+00,-1.59E+00,+42.59E+00,-41.36E+00,+3.556E+00
2,09/2/2026,19:05:31.080,-0.09E+00,-0.05E+00,+0.05E+00,+0.00E+00,-1.33E+00,+43.49E+00,-42.50E+00,+3.479E+00
2,09/2/2026,19:05:31.080,-0.09E+00,-0.05E+00,+0.05E+00,+0.00E+00,-1.07E+00,+44.36E+00,-43.64E+00,+3.403E+00
2,09/2/2026,19:05:31.080,-0.09E+00,-0.05E+00,+0.05E+00,+0.00E+00,-0.82E+00,+45.22E+00,-44.76E+00,+3.319E+00
2,09/2/2026,19:05:31.080,-0.09E+00,-0.05E+00,+0.05E+00,+0.00E+00,-0.56E+00,+46.07E+00,-45.86E+00,+3.235E+00
2,09/2/2026,19:05:31.080,-0.09E+00,-0.05E+00,+0.05E+00,+0.00E+00,-0.31E+00,+46.91E+00,-46.96E+00,+3.159E+00
2,09/2/2026,19:05:31.080,-0.09E+00,-0.05E+00,+0.05E+00,+0.00E+00,-0.05E+00,+47.73E+00,-48.04E+00,+3.075E+00
2,09/2/2026,19:05:31.080,-0.09E+00,-0.05E+00,+0.05E+00,+0.00E+00,+0.20E+00,+48.54E+00,-49.11E+00,+2.991E+00
2,09/2/2026,19:05:31.080,-0.09E+00,-0.05E+00,+0.05E+00,+0.00E+00,+0.47E+00,+49.35E+00,-50.18E+00,+2.907E+00
2,09/2/2026,19:05:31.080,-0.09E+00,-0.05E+00,+0.00E+00,+0.00E+00,+0.72E+00,+50.13E+00,-51.21E+00,+2.823E+00
2,09/2/2026,19:05:31.080,-0.09E+00,-0.09E+00,+0.05E+00,+0.00E+00,+0.98E+00,+50.91E+00,-52.24E+00,+2.739E+00
2,09/2/2026,19:05:31.080,-0.09E+00,-0.09E+00,+0.05E+00,+0.00E+00,+1.24E+00,+51.67E+00,-53.26E+00,+2.655E+00
2,09/2/2026,19:05:31.080,-0.09E+00,-0.05E+00,+0.05E+00,+0.00E+00,+1.50E+00,+52.42E+00,-54.27E+00,+2.571E+00
2,09/2/2026,19:05:31.080,-0.09E+00,-0.05E+00,+0.05E+00,+0.00E+00,+1.75E+00,+53.14E+00,-55.24E+00,+2.487E+00
2,09/2/2026,19:05:31.080,-0.09E+00,-0.09E+00,+0.05E+00,+0.00E+00,+2.01E+00,+53.87E+00,-56.22E+00,+2.403E+00
2,09/2/2026,19:05:31.081,-0.09E+00,-0.09E+00,+0.05E+00,+0.00E+00,+2.26E+00,+54.57E+00,-57.18E+00,+2.312E+00
2,09/2/2026,19:05:31.081,-0.09E+00,-0.05E+00,+0.05E+00,+0.00E+00,+2.50E+00,+55.27E+00,-58.13E+00,+2.236E+00
2,09/2/2026,19:05:31.081,-0.09E+00,-0.05E+00,+0.00E+00,+0.00E+00,+2.75E+00,+55.96E+00,-59.06E+00,+2.152E+00
2,09/2/2026,19:05:31.081,-0.09E+00,-0.05E+00,+0.05E+00,+0.00E+00,+2.99E+00,+56.63E+00,-59.97E+00,+2.068E+00
2,09/2/2026,19:05:31.081,-0.09E+00,-0.05E+00,+0.05E+00,+0.00E+00,+3.24E+00,+57.30E+00,-60.89E+00,+1.984E+00
2,09/2/2026,19:05:31.081,-0.09E+00,-0.05E+00,+0.05E+00,+0.00E+00,+3.46E+00,+57.94E+00,-61.77E+00,+1.900E+00
2,09/2/2026,19:05:31.081,-0.09E+00,-0.09E+00,+0.05E+00,+0.00E+00,+3.71E+00,+58.58E+00,-62.66E+00,+1.816E+00
2,09/2/2026,19:05:31.081,-0.14E+00,-0.05E+00,+0.05E+00,+0.00E+00,+3.94E+00,+59.22E+00,-63.51E+00,+1.740E+00
2,09/2/2026,19:05:31.081,-0.09E+00,-0.05E+00,+0.05E+00,+0.00E+00,+4.17E+00,+59.84E+00,-64.35E+00,+1.656E+00
2,09/2/2026,19:05:31.081,-0.09E+00,-0.05E+00,+0.05E+00,+0.00E+00,+4.39E+00,+60.43E+00,-65.19E+00,+1.579E+00
2,09/2/2026,19:05:31.081,-0.09E+00,-0.05E+00,+0.05E+00,+0.00E+00,+4.62E+00,+61.03E+00,-66.03E+00,+1.495E+00
2,09/2/2026,19:05:31.081,-0.09E+00,-0.05E+00,+0.05E+00,+0.00E+00,+4.85E+00,+61.61E+00,-66.84E+00,+1.412E+00
2,09/2/2026,19:05:31.081,-0.09E+00,-0.05E+00,+0.05E+00,+0.00E+00,+5.08E+00,+62.17E+00,-67.63E+00,+1.335E+00
2,09/2/2026,19:05:31.081,-0.09E+00,-0.09E+00,+0.05E+00,+0.00E+00,+5.31E+00,+62.72E+00,-68.40E+00,+1.251E+00
2,09/2/2026,19:05:31.081,-0.09E+00,-0.05E+00,+0.05E+00,+0.00E+00,+5.54E+00,+63.27E+00,-69.17E+00,+1.167E+00
2,09/2/2026,19:05:31.081,-0.09E+00,-0.05E+00,+0.00E+00,+0.00E+00,+5.75E+00,+63.79E+00,-69.92E+00,+1.091E+00
2,09/2/2026,19:05:31.081,-0.09E+00,-0.05E+00,+0.00E+00,+0.00E+00,+5.97E+00,+64.29E+00,-70.65E+00,+1.007E+00
2,09/2/2026,19:05:31.081,-0.09E+00,-0.05E+00,+0.05E+00,+0.00E+00,+6.20E+00,+64.79E+00,-71.37E+00,+0.923E+00
2,09/2/2026,19:05:31.081,-0.09E+00,-0.05E+00,+0.05E+00,+0.00E+00,+6.42E+00,+65.28E+00,-72.07E+00,+0.847E+00
2,09/2/2026,19:05:31.081,-0.09E+00,-0.05E+00,+0.05E+00,+0.00E+00,+6.64E+00,+65.76E+00,-72.76E+00,+0.763E+00
2,09/2/2026,19:05:31.082,-0.09E+00,-0.05E+00,+0.05E+00,+0.00E+00,+6.85E+00,+66.21E+00,-73.45E+00,+0.679E+00
2,09/2/2026,19:05:31.082,-0.09E+00,-0.05E+00,+0.05E+00,+0.00E+00,+7.08E+00,+66.66E+00,-74.10E+00,+0.595E+00
2,09/2/2026,19:05:31.082,-0.09E+00,-0.05E+00,+0.05E+00,+0.00E+00,+7.29E+00,+67.07E+00,-74.74E+00,+0.511E+00
2,09/2/2026,19:05:31.082,-0.09E+00,-0.05E+00,+0.00E+00,+0.00E+00,+7.52E+00,+67.48E+00,-75.37E+00,+0.427E+00
2,09/2/2026,19:05:31.082,-0.09E+00,-0.09E+00,+0.05E+00,+0.00E+00,+7.74E+00,+67.86E+00,-75.98E+00,+0.336E+00
2,09/2/2026,19:05:31.082,-0.09E+00,-0.05E+00,+0.05E+00,+0.00E+00,+7.97E+00,+68.24E+00,-76.58E+00,+0.252E+00
2,09/2/2026,19:05:31.082,-0.09E+00,-0.05E+00,+0.05E+00,+0.00E+00,+8.18E+00,+68.59E+00,-77.16E+00,+0.168E+00
2,09/2/2026,19:05:31.082,-0.09E+00,-0.05E+00,+0.05E+00,+0.00E+00,+8.39E+00,+68.95E+00,-77.72E+00,+0.076E+00
2,09/2/2026,19:05:31.082,-0.09E+00,-0.05E+00,+0.00E+00,+0.00E+00,+8.62E+00,+69.28E+00,-78.28E+00,-0.008E+00
2,09/2/2026,19:05:31.082,-0.14E+00,-0.05E+00,+0.05E+00,+0.00E+00,+8.84E+00,+69.60E+00,-78.82E+00,-0.092E+00
2,09/2/2026,19:05:31.082,-0.14E+00,-0.05E+00,+0.05E+00,-0.05E+00,+9.05E+00,+69.89E+00,-79.34E+00,-0.183E+00
2,09/2/2026,19:05:31.082,-0.09E+00,-0.05E+00,+0.05E+00,+0.00E+00,+9.28E+00,+70.18E+00,-79.84E+00,-0.267E+00
2,09/2/2026,19:05:31.082,-0.09E+00,-0.05E+00,+0.05E+00,+0.00E+00,+9.51E+00,+70.47E+00,-80.33E+00,-0.351E+00
2,09/2/2026,19:05:31.082,-0.09E+00,-0.05E+00,+0.00E+00,+0.00E+00,+9.72E+00,+70.72E+00,-80.80E+00,-0.435E+00
2,09/2/2026,19:05:31.082,-0.09E+00,-0.09E+00,+0.00E+00,+0.00E+00,+9.93E+00,+70.96E+00,-81.28E+00,-0.526E+00
2,09/2/2026,19:05:31.082,-0.09E+00,-0.09E+00,+0.05E+00,+0.00E+00,+10.16E+00,+71.19E+00,-81.72E+00,-0.618E+00
2,09/2/2026,19:05:31.082,-0.09E+00,-0.05E+00,+0.05E+00,+0.00E+00,+10.38E+00,+71.40E+00,-82.15E+00,-0.702E+00
2,09/2/2026,19:05:31.082,-0.09E+00,-0.05E+00,+0.05E+00,+0.00E+00,+10.59E+00,+71.60E+00,-82.56E+00,-0.786E+00
2,09/2/2026,19:05:31.082,-0.09E+00,-0.05E+00,+0.05E+00,+0.00E+00,+10.79E+00,+71.78E+00,-82.94E+00,-0.870E+00
2,09/2/2026,19:05:31.082,-0.09E+00,-0.05E+00,+0.05E+00,+0.00E+00,+10.99E+00,+71.95E+00,-83.32E+00,-0.961E+00
2,09/2/2026,19:05:31.083,-0.14E+00,-0.05E+00,+0.00E+00,+0.00E+00,+11.19E+00,+72.10E+00,-83.67E+00,-1.045E+00
2,09/2/2026,19:05:31.083,-0.14E+00,-0.05E+00,+0.05E+00,+0.00E+00,+11.38E+00,+72.24E+00,-84.01E+00,-1.129E+00
2,09/2/2026,19:05:31.083,-0.09E+00,-0.05E+00,+0.05E+00,+0.00E+00,+11.58E+00,+72.36E+00,-84.31E+00,-1.213E+00
2,09/2/2026,19:05:31.083,-0.09E+00,-0.05E+00,+0.05E+00,+0.00E+00,+11.77E+00,+72.47E+00,-84.60E+00,-1.305E+00
2,09/2/2026,19:05:31.083,-0.09E+00,-0.05E+00,+0.05E+00,+0.00E+00,+11.93E+00,+72.55E+00,-84.86E+00,-1.389E+00
2,09/2/2026,19:05:31.083,-0.09E+00,-0.05E+00,+0.05E+00,+0.00E+00,+12.09E+00,+72.62E+00,-85.08E+00,-1.473E+00
2,09/2/2026,19:05:31.083,-0.09E+00,-0.05E+00,+0.05E+00,+0.00E+00,+12.24E+00,+72.67E+00,-85.27E+00,-1.564E+00
2,09/2/2026,19:05:31.083,-0.09E+00,-0.05E+00,+0.05E+00,+0.00E+00,+12.39E+00,+72.68E+00,-85.44E+00,-1.648E+00
2,09/2/2026,19:05:31.083,-0.09E+00,-0.05E+00,+0.05E+00,+0.00E+00,+12.53E+00,+72.68E+00,-85.58E+00,-1.732E+00
2,09/2/2026,19:05:31.083,-0.09E+00,-0.05E+00,+0.05E+00,+0.00E+00,+12.67E+00,+72.67E+00,-85.70E+00,-1.824E+00
2,09/2/2026,19:05:31.083,-0.09E+00,-0.05E+00,+0.05E+00,+0.00E+00,+12.79E+00,+72.64E+00,-85.79E+00,-1.908E+00
2,09/2/2026,19:05:31.083,-0.09E+00,-0.05E+00,+0.05E+00,+0.00E+00,+12.91E+00,+72.59E+00,-85.87E+00,-1.984E+00
2,09/2/2026,19:05:31.083,-0.09E+00,-0.05E+00,+0.05E+00,-0.05E+00,+13.03E+00,+72.52E+00,-85.91E+00,-2.060E+00
2,09/2/2026,19:05:31.083,-0.09E+00,-0.05E+00,+0.05E+00,+0.00E+00,+13.15E+00,+72.44E+00,-85.95E+00,-2.144E+00
2,09/2/2026,19:05:31.083,-0.09E+00,-0.05E+00,+0.05E+00,+0.00E+00,+13.28E+00,+72.33E+00,-85.96E+00,-2.220E+00
2,09/2/2026,19:05:31.083,-0.09E+00,-0.05E+00,+0.05E+00,-0.05E+00,+13.38E+00,+72.21E+00,-85.96E+00,-2.297E+00
2,09/2/2026,19:05:31.083,-0.09E+00,-0.05E+00,+0.00E+00,+0.00E+00,+13.49E+00,+72.06E+00,-85.93E+00,-2.373E+00
2,09/2/2026,19:05:31.083,-0.09E+00,-0.05E+00,+0.05E+00,+0.00E+00,+13.60E+00,+71.91E+00,-85.87E+00,-2.457E+00
2,09/2/2026,19:05:31.083,-0.09E+00,-0.05E+00,+0.05E+00,+0.00E+00,+13.70E+00,+71.72E+00,-85.79E+00,-2.533E+00
2,09/2/2026,19:05:31.083,-0.09E+00,-0.05E+00,+0.05E+00,-0.05E+00,+13.81E+00,+71.52E+00,-85.67E+00,-2.609E+00
2,09/2/2026,19:05:31.084,-0.09E+00,-0.05E+00,+0.05E+00,-0.05E+00,+13.89E+00,+71.30E+00,-85.55E+00,-2.686E+00
2,09/2/2026,19:05:31.084,-0.09E+00,-0.05E+00,+0.05E+00,+0.00E+00,+13.96E+00,+71.05E+00,-85.38E+00,-2.762E+00
2,09/2/2026,19:05:31.084,-0.09E+00,-0.05E+00,+0.05E+00,+0.00E+00,+14.05E+00,+70.79E+00,-85.18E+00,-2.838E+00
2,09/2/2026,19:05:31.084,-0.09E+00,-0.05E+00,+0.05E+00,-0.05E+00,+14.12E+00,+70.50E+00,-84.97E+00,-2.915E+00
2,09/2/2026,19:05:31.084,-0.09E+00,-0.09E+00,+0.05E+00,+0.00E+00,+14.19E+00,+70.18E+00,-84.74E+00,-2.999E+00
2,09/2/2026,19:05:31.084,-0.09E+00,-0.09E+00,+0.05E+00,+0.00E+00,+14.27E+00,+69.86E+00,-84.48E+00,-3.075E+00
2,09/2/2026,19:05:31.084,-0.09E+00,-0.05E+00,+0.05E+00,+0.00E+00,+14.34E+00,+69.51E+00,-84.21E+00,-3.144E+00
2,09/2/2026,19:05:31.084,-0.09E+00,-0.05E+00,+0.05E+00,+0.00E+00,+14.42E+00,+69.14E+00,-83.90E+00,-3.220E+00
2,09/2/2026,19:05:31.084,-0.09E+00,-0.05E+00,+0.05E+00,+0.00E+00,+14.50E+00,+68.76E+00,-83.60E+00,-3.289E+00
2,09/2/2026,19:05:31.084,-0.09E+00,-0.05E+00,+0.00E+00,+0.00E+00,+14.56E+00,+68.35E+00,-83.26E+00,-3.357E+00
2,09/2/2026,19:05:31.084,-0.09E+00,-0.05E+00,+0.05E+00,+0.00E+00,+14.62E+00,+67.94E+00,-82.91E+00,-3.434E+00
2,09/2/2026,19:05:31.084,-0.09E+00,-0.05E+00,+0.05E+00,+0.00E+00,+14.70E+00,+67.50E+00,-82.53E+00,-3.502E+00
2,09/2/2026,19:05:31.084,-0.09E+00,-0.05E+00,+0.05E+00,+0.00E+00,+14.76E+00,+67.05E+00,-82.13E+00,-3.563E+00
2,09/2/2026,19:05:31.084,-0.09E+00,-0.05E+00,+0.05E+00,+0.00E+00,+14.82E+00,+66.58E+00,-81.73E+00,-3.632E+00
2,09/2/2026,19:05:31.084,-0.09E+00,-0.05E+00,+0.05E+00,+0.00E+00,+14.88E+00,+66.09E+00,-81.31E+00,-3.701E+00
2,09/2/2026,19:05:31.084,-0.09E+00,-0.05E+00,+0.00E+00,+0.00E+00,+14.92E+00,+65.59E+00,-80.85E+00,-3.762E+00
2,09/2/2026,19:05:31.084,-0.14E+00,-0.09E+00,+0.05E+00,+0.00E+00,+14.99E+00,+65.07E+00,-80.38E+00,-3.823E+00
2,09/2/2026,19:05:31.084,-0.14E+00,-0.09E+00,+0.05E+00,-0.05E+00,+15.03E+00,+64.54E+00,-79.89E+00,-3.884E+00
2,09/2/2026,19:05:31.084,-0.09E+00,-0.05E+00,+0.05E+00,-0.05E+00,+15.08E+00,+63.97E+00,-79.38E+00,-3.952E+00
2,09/2/2026,19:05:31.084,-0.09E+00,-0.05E+00,+0.05E+00,+0.00E+00,+15.12E+00,+63.41E+00,-78.85E+00,-4.021E+00
2,09/2/2026,19:05:31.085,-0.09E+00,-0.09E+00,+0.05E+00,+0.00E+00,+15.17E+00,+62.83E+00,-78.30E+00,-4.074E+00
2,09/2/2026,19:05:31.085,-0.09E+00,-0.05E+00,+0.05E+00,+0.00E+00,+15.20E+00,+62.22E+00,-77.74E+00,-4.136E+00
2,09/2/2026,19:05:31.085,-0.09E+00,-0.05E+00,+0.05E+00,+0.00E+00,+15.23E+00,+61.61E+00,-77.14E+00,-4.189E+00
2,09/2/2026,19:05:31.085,-0.09E+00,-0.09E+00,+0.05E+00,+0.00E+00,+15.28E+00,+60.98E+00,-76.55E+00,-4.250E+00
2,09/2/2026,19:05:31.085,-0.09E+00,-0.05E+00,+0.05E+00,+0.00E+00,+15.29E+00,+60.34E+00,-75.93E+00,-4.303E+00
2,09/2/2026,19:05:31.085,-0.09E+00,-0.05E+00,+0.05E+00,+0.00E+00,+15.32E+00,+59.68E+00,-75.29E+00,-4.357E+00
2,09/2/2026,19:05:31.085,-0.09E+00,-0.05E+00,+0.05E+00,+0.00E+00,+15.35E+00,+59.01E+00,-74.64E+00,-4.410E+00
2,09/2/2026,19:05:31.085,-0.14E+00,-0.05E+00,+0.00E+00,+0.00E+00,+15.37E+00,+58.32E+00,-73.97E+00,-4.464E+00
2,09/2/2026,19:05:31.085,-0.14E+00,-0.05E+00,+0.05E+00,+0.00E+00,+15.38E+00,+57.64E+00,-73.28E+00,-4.517E+00
2,09/2/2026,19:05:31.085,-0.09E+00,-0.05E+00,+0.05E+00,+0.00E+00,+15.41E+00,+56.91E+00,-72.58E+00,-4.570E+00
2,09/2/2026,19:05:31.085,-0.09E+00,-0.09E+00,+0.00E+00,+0.00E+00,+15.43E+00,+56.17E+00,-71.83E+00,-4.624E+00
2,09/2/2026,19:05:31.085,-0.09E+00,-0.09E+00,+0.05E+00,+0.00E+00,+15.43E+00,+55.43E+00,-71.07E+00,-4.677E+00
2,09/2/2026,19:05:31.085,-0.09E+00,-0.09E+00,+0.05E+00,+0.00E+00,+15.44E+00,+54.66E+00,-70.30E+00,-4.731E+00
2,09/2/2026,19:05:31.085,-0.09E+00,-0.05E+00,+0.05E+00,+0.00E+00,+15.44E+00,+53.88E+00,-69.51E+00,-4.784E+00
2,09/2/2026,19:05:31.085,-0.14E+00,-0.05E+00,+0.05E+00,-0.05E+00,+15.44E+00,+53.09E+00,-68.69E+00,-4.830E+00
2,09/2/2026,19:05:31.085,-0.09E+00,-0.05E+00,+0.05E+00,+0.00E+00,+15.46E+00,+52.27E+00,-67.86E+00,-4.883E+00
2,09/2/2026,19:05:31.085,-0.09E+00,-0.05E+00,+0.05E+00,+0.00E+00,+15.44E+00,+51.44E+00,-67.02E+00,-4.929E+00
2,09/2/2026,19:05:31.085,-0.09E+00,-0.05E+00,+0.05E+00,+0.00E+00,+15.44E+00,+50.62E+00,-66.17E+00,-4.975E+00
2,09/2/2026,19:05:31.085,-0.09E+00,-0.05E+00,+0.05E+00,+0.00E+00,+15.44E+00,+49.76E+00,-65.28E+00,-5.028E+00
2,09/2/2026,19:05:31.085,-0.09E+00,-0.05E+00,+0.05E+00,+0.00E+00,+15.43E+00,+48.89E+00,-64.38E+00,-5.074E+00
2,09/2/2026,19:05:31.086,-0.14E+00,-0.09E+00,+0.05E+00,-0.05E+00,+15.41E+00,+48.02E+00,-63.47E+00,-5.120E+00
2,09/2/2026,19:05:31.086,-0.14E+00,-0.09E+00,+0.05E+00,+0.00E+00,+15.41E+00,+47.12E+00,-62.54E+00,-5.166E+00
2,09/2/2026,19:05:31.086,-0.09E+00,-0.05E+00,+0.05E+00,+0.00E+00,+15.40E+00,+46.22E+00,-61.59E+00,-5.211E+00
2,09/2/2026,19:05:31.086,-0.09E+00,-0.05E+00,+0.05E+00,+0.00E+00,+15.38E+00,+45.29E+00,-60.63E+00,-5.257E+00
2,09/2/2026,19:05:31.086,-0.09E+00,-0.05E+00,+0.00E+00,+0.00E+00,+15.37E+00,+44.36E+00,-59.65E+00,-5.295E+00
2,09/2/2026,19:05:31.086,-0.09E+00,-0.05E+00,+0.05E+00,+0.00E+00,+15.34E+00,+43.43E+00,-58.66E+00,-5.341E+00
2,09/2/2026,19:05:31.086,-0.09E+00,-0.05E+00,+0.05E+00,+0.00E+00,+15.31E+00,+42.47E+00,-57.65E+00,-5.372E+00
2,09/2/2026,19:05:31.086,-0.09E+00,-0.05E+00,+0.05E+00,+0.00E+00,+15.28E+00,+41.51E+00,-56.63E+00,-5.410E+00
2,09/2/2026,19:05:31.086,-0.09E+00,-0.05E+00,+0.05E+00,+0.00E+00,+15.21E+00,+40.55E+00,-55.59E+00,-5.448E+00
2,09/2/2026,19:05:31.086,-0.09E+00,-0.05E+00,+0.05E+00,+0.00E+00,+15.15E+00,+39.57E+00,-54.56E+00,-5.471E+00
2,09/2/2026,19:05:31.086,-0.09E+00,-0.09E+00,+0.05E+00,+0.00E+00,+15.09E+00,+38.61E+00,-53.49E+00,-5.494E+00
2,09/2/2026,19:05:31.086,-0.09E+00,-0.05E+00,+0.05E+00,+0.00E+00,+15.02E+00,+37.62E+00,-52.40E+00,-5.517E+00
2,09/2/2026,19:05:31.086,-0.14E+00,-0.05E+00,+0.05E+00,+0.00E+00,+14.94E+00,+36.62E+00,-51.30E+00,-5.539E+00
2,09/2/2026,19:05:31.086,-0.09E+00,-0.05E+00,+0.00E+00,+0.00E+00,+14.85E+00,+35.63E+00,-50.21E+00,-5.555E+00
2,09/2/2026,19:05:31.086,-0.09E+00,-0.05E+00,+0.00E+00,-0.05E+00,+14.76E+00,+34.63E+00,-49.08E+00,-5.578E+00
2,09/2/2026,19:05:31.086,-0.09E+00,-0.05E+00,+0.00E+00,+0.00E+00,+14.65E+00,+33.60E+00,-47.95E+00,-5.593E+00
2,09/2/2026,19:05:31.086,-0.09E+00,-0.05E+00,+0.05E+00,+0.00E+00,+14.54E+00,+32.60E+00,-46.82E+00,-5.600E+00
2,09/2/2026,19:05:31.086,-0.09E+00,-0.05E+00,+0.05E+00,+0.00E+00,+14.44E+00,+31.56E+00,-45.66E+00,-5.616E+00
2,09/2/2026,19:05:31.086,-0.09E+00,-0.05E+00,+0.05E+00,+0.00E+00,+14.31E+00,+30.51E+00,-44.50E+00,-5.631E+00
2,09/2/2026,19:05:31.086,-0.09E+00,-0.05E+00,+0.05E+00,+0.00E+00,+14.19E+00,+29.47E+00,-43.31E+00,-5.631E+00
2,09/2/2026,19:05:31.087,-0.09E+00,-0.05E+00,+0.00E+00,+0.00E+00,+14.07E+00,+28.43E+00,-42.12E+00,-5.639E+00
2,09/2/2026,19:05:31.087,-0.09E+00,-0.05E+00,+0.00E+00,+0.00E+00,+13.93E+00,+27.38E+00,-40.91E+00,-5.646E+00
2,09/2/2026,19:05:31.087,-0.09E+00,-0.05E+00,+0.05E+00,+0.00E+00,+13.80E+00,+26.31E+00,-39.71E+00,-5.654E+00
2,09/2/2026,19:05:31.087,-0.14E+00,-0.09E+00,+0.05E+00,+0.00E+00,+13.66E+00,+25.26E+00,-38.49E+00,-5.654E+00
2,09/2/2026,19:05:31.087,-0.09E+00,-0.09E+00,+0.00E+00,+0.00E+00,+13.51E+00,+24.17E+00,-37.25E+00,-5.654E+00
2,09/2/2026,19:05:31.087,-0.09E+00,-0.05E+00,+0.05E+00,+0.00E+00,+13.35E+00,+23.10E+00,-36.01E+00,-5.654E+00
2,09/2/2026,19:05:31.087,-0.09E+00,-0.05E+00,+0.05E+00,+0.00E+00,+13.20E+00,+22.04E+00,-34.76E+00,-5.646E+00
2,09/2/2026,19:05:31.087,-0.09E+00,-0.05E+00,+0.00E+00,+0.00E+00,+13.03E+00,+20.95E+00,-33.51E+00,-5.639E+00
2,09/2/2026,19:05:31.087,-0.09E+00,-0.05E+00,+0.00E+00,+0.00E+00,+12.86E+00,+19.88E+00,-32.26E+00,-5.631E+00
2,09/2/2026,19:05:31.087,-0.09E+00,-0.05E+00,+0.05E+00,+0.00E+00,+12.70E+00,+18.80E+00,-30.99E+00,-5.623E+00
2,09/2/2026,19:05:31.087,-0.14E+00,-0.05E+00,+0.05E+00,-0.05E+00,+12.53E+00,+17.70E+00,-29.71E+00,-5.608E+00
2,09/2/2026,19:05:31.087,-0.14E+00,-0.05E+00,+0.05E+00,+0.00E+00,+12.35E+00,+16.60E+00,-28.43E+00,-5.600E+00
2,09/2/2026,19:05:31.087,-0.09E+00,-0.05E+00,+0.05E+00,+0.00E+00,+12.16E+00,+15.50E+00,-27.13E+00,-5.585E+00
2,09/2/2026,19:05:31.087,-0.09E+00,-0.05E+00,+0.05E+00,+0.00E+00,+11.99E+00,+14.41E+00,-25.85E+00,-5.578E+00
2,09/2/2026,19:05:31.087,-0.09E+00,-0.05E+00,+0.05E+00,+0.00E+00,+11.83E+00,+13.29E+00,-24.55E+00,-5.562E+00
2,09/2/2026,19:05:31.087,-0.09E+00,-0.05E+00,+0.05E+00,+0.00E+00,+11.64E+00,+12.18E+00,-23.26E+00,-5.547E+00
2,09/2/2026,19:05:31.087,-0.14E+00,-0.05E+00,+0.05E+00,+0.00E+00,+11.46E+00,+11.08E+00,-21.96E+00,-5.532E+00
2,09/2/2026,19:05:31.087,-0.14E+00,-0.09E+00,+0.05E+00,+0.00E+00,+11.29E+00,+9.96E+00,-20.66E+00,-5.517E+00
2,09/2/2026,19:05:31.087,-0.09E+00,-0.09E+00,+0.05E+00,+0.00E+00,+11.09E+00,+8.85E+00,-19.35E+00,-5.494E+00
2,09/2/2026,19:05:31.087,-0.09E+00,-0.09E+00,+0.05E+00,+0.00E+00,+10.91E+00,+7.74E+00,-18.05E+00,-5.471E+00
2,09/2/2026,19:05:31.088,-0.09E+00,-0.05E+00,+0.05E+00,+0.00E+00,+10.73E+00,+6.62E+00,-16.76E+00,-5.456E+00
2,09/2/2026,19:05:31.088,-0.09E+00,-0.05E+00,+0.05E+00,+0.00E+00,+10.54E+00,+5.49E+00,-15.44E+00,-5.433E+00
2,09/2/2026,19:05:31.088,-0.09E+00,-0.05E+00,+0.05E+00,+0.00E+00,+10.36E+00,+4.38E+00,-14.15E+00,-5.410E+00
2,09/2/2026,19:05:31.088,-0.09E+00,-0.05E+00,+0.05E+00,+0.00E+00,+10.19E+00,+3.25E+00,-12.85E+00,-5.387E+00
2,09/2/2026,19:05:31.088,-0.09E+00,-0.05E+00,+0.05E+00,+0.00E+00,+10.01E+00,+2.14E+00,-11.54E+00,-5.364E+00
2,09/2/2026,19:05:31.088,-0.09E+00,-0.05E+00,+0.05E+00,+0.00E+00,+9.83E+00,+1.01E+00,-10.24E+00,-5.341E+00
2,09/2/2026,19:05:31.088,-0.09E+00,-0.05E+00,+0.05E+00,+0.00E+00,+9.64E+00,-0.12E+00,-8.93E+00,-5.318E+00
2,09/2/2026,19:05:31.088,-0.09E+00,-0.05E+00,+0.05E+00,+0.00E+00,+9.46E+00,-1.25E+00,-7.61E+00,-5.295E+00
2,09/2/2026,19:05:31.088,-0.09E+00,-0.05E+00,+0.05E+00,+0.00E+00,+9.26E+00,-2.37E+00,-6.32E+00,-5.265E+00
2,09/2/2026,19:05:31.088,-0.09E+00,-0.05E+00,+0.05E+00,+0.00E+00,+9.08E+00,-3.48E+00,-5.02E+00,-5.234E+00
2,09/2/2026,19:05:31.088,-0.09E+00,-0.05E+00,+0.05E+00,+0.00E+00,+8.88E+00,-4.59E+00,-3.71E+00,-5.204E+00
2,09/2/2026,19:05:31.088,-0.09E+00,-0.05E+00,+0.05E+00,+0.00E+00,+8.70E+00,-5.71E+00,-2.41E+00,-5.181E+00
2,09/2/2026,19:05:31.088,-0.09E+00,-0.09E+00,+0.00E+00,+0.00E+00,+8.52E+00,-6.84E+00,-1.11E+00,-5.150E+00
2,09/2/2026,19:05:31.088,-0.14E+00,-0.09E+00,+0.05E+00,+0.00E+00,+8.32E+00,-7.95E+00,+0.18E+00,-5.112E+00
2,09/2/2026,19:05:31.088,-0.14E+00,-0.05E+00,+0.05E+00,+0.00E+00,+8.13E+00,-9.06E+00,+1.48E+00,-5.082E+00
2,09/2/2026,19:05:31.088,-0.09E+00,-0.05E+00,+0.05E+00,+0.00E+00,+7.95E+00,-10.18E+00,+2.78E+00,-5.051E+00
2,09/2/2026,19:05:31.088,-0.09E+00,-0.05E+00,+0.05E+00,+0.00E+00,+7.77E+00,-11.29E+00,+4.06E+00,-5.021E+00
2,09/2/2026,19:05:31.088,-0.09E+00,-0.05E+00,+0.05E+00,+0.00E+00,+7.57E+00,-12.41E+00,+5.36E+00,-4.990E+00
2,09/2/2026,19:05:31.088,-0.09E+00,-0.05E+00,+0.05E+00,+0.00E+00,+7.36E+00,-13.51E+00,+6.65E+00,-4.944E+00
2,09/2/2026,19:05:31.088,-0.09E+00,-0.05E+00,+0.05E+00,+0.00E+00,+7.14E+00,-14.60E+00,+7.95E+00,-4.906E+00
2,09/2/2026,19:05:31.089,-0.09E+00,-0.05E+00,+0.05E+00,+0.00E+00,+6.94E+00,-15.70E+00,+9.26E+00,-4.876E+00
2,09/2/2026,19:05:31.089,-0.09E+00,-0.05E+00,+0.05E+00,+0.00E+00,+6.73E+00,-16.80E+00,+10.56E+00,-4.837E+00
2,09/2/2026,19:05:31.089,-0.09E+00,-0.09E+00,+0.05E+00,+0.00E+00,+6.50E+00,-17.90E+00,+11.86E+00,-4.799E+00
2,09/2/2026,19:05:31.089,-0.09E+00,-0.05E+00,+0.05E+00,+0.00E+00,+6.29E+00,-19.00E+00,+13.15E+00,-4.754E+00
2,09/2/2026,19:05:31.089,-0.09E+00,-0.05E+00,+0.05E+00,+0.00E+00,+6.07E+00,-20.10E+00,+14.44E+00,-4.715E+00
2,09/2/2026,19:05:31.089,-0.09E+00,-0.05E+00,+0.05E+00,+0.00E+00,+5.86E+00,-21.20E+00,+15.73E+00,-4.677E+00
2,09/2/2026,19:05:31.089,-0.09E+00,-0.05E+00,+0.05E+00,+0.00E+00,+5.65E+00,-22.28E+00,+17.02E+00,-4.639E+00
2,09/2/2026,19:05:31.089,-0.09E+00,-0.05E+00,+0.05E+00,+0.00E+00,+5.45E+00,-23.38E+00,+18.31E+00,-4.593E+00
2,09/2/2026,19:05:31.089,-0.09E+00,-0.05E+00,+0.05E+00,+0.00E+00,+5.22E+00,-24.48E+00,+19.59E+00,-4.555E+00
2,09/2/2026,19:05:31.089,-0.09E+00,-0.05E+00,+0.05E+00,+0.00E+00,+5.01E+00,-25.56E+00,+20.89E+00,-4.509E+00
2,09/2/2026,19:05:31.089,-0.09E+00,-0.05E+00,+0.00E+00,+0.00E+00,+4.79E+00,-26.64E+00,+22.19E+00,-4.464E+00
2,09/2/2026,19:05:31.089,-0.09E+00,-0.05E+00,+0.05E+00,+0.00E+00,+4.56E+00,-27.73E+00,+23.47E+00,-4.418E+00
2,09/2/2026,19:05:31.089,-0.09E+00,-0.05E+00,+0.05E+00,+0.00E+00,+4.35E+00,-28.81E+00,+24.74E+00,-4.380E+00
2,09/2/2026,19:05:31.089,-0.09E+00,-0.05E+00,+0.05E+00,+0.00E+00,+4.14E+00,-29.86E+00,+26.00E+00,-4.326E+00
2,09/2/2026,19:05:31.089,-0.09E+00,-0.05E+00,+0.00E+00,+0.00E+00,+3.91E+00,-30.93E+00,+27.25E+00,-4.273E+00
2,09/2/2026,19:05:31.089,-0.09E+00,-0.05E+00,+0.00E+00,+0.00E+00,+3.68E+00,-31.99E+00,+28.51E+00,-4.212E+00
2,09/2/2026,19:05:31.089,-0.14E+00,-0.05E+00,+0.05E+00,+0.00E+00,+3.45E+00,-32.99E+00,+29.74E+00,-4.151E+00
2,09/2/2026,19:05:31.089,-0.09E+00,-0.05E+00,+0.05E+00,+0.00E+00,+3.22E+00,-34.01E+00,+30.95E+00,-4.090E+00
2,09/2/2026,19:05:31.089,-0.09E+00,-0.05E+00,+0.00E+00,+0.00E+00,+2.99E+00,-35.01E+00,+32.17E+00,-4.021E+00
2,09/2/2026,19:05:31.089,-0.09E+00,-0.05E+00,+0.00E+00,+0.00E+00,+2.75E+00,-35.98E+00,+33.36E+00,-3.952E+00
2,09/2/2026,19:05:31.090,-0.09E+00,-0.05E+00,+0.05E+00,+0.00E+00,+2.50E+00,-36.96E+00,+34.55E+00,-3.884E+00
2,09/2/2026,19:05:31.090,-0.09E+00,-0.05E+00,+0.05E+00,+0.00E+00,+2.26E+00,-37.94E+00,+35.74E+00,-3.807E+00
2,09/2/2026,19:05:31.090,-0.14E+00,-0.05E+00,+0.05E+00,+0.00E+00,+2.03E+00,-38.88E+00,+36.91E+00,-3.739E+00
2,09/2/2026,19:05:31.090,-0.09E+00,-0.09E+00,+0.05E+00,+0.00E+00,+1.79E+00,-39.83E+00,+38.07E+00,-3.670E+00
2,09/2/2026,19:05:31.090,-0.09E+00,-0.05E+00,+0.05E+00,+0.00E+00,+1.54E+00,-40.76E+00,+39.23E+00,-3.594E+00
2,09/2/2026,19:05:31.090,-0.09E+00,-0.05E+00,+0.05E+00,+0.00E+00,+1.28E+00,-41.68E+00,+40.38E+00,-3.517E+00
2,09/2/2026,19:05:31.090,-0.09E+00,-0.05E+00,+0.05E+00,+0.00E+00,+1.02E+00,-42.56E+00,+41.51E+00,-3.434E+00
2,09/2/2026,19:05:31.090,-0.09E+00,-0.05E+00,+0.00E+00,+0.00E+00,+0.76E+00,-43.45E+00,+42.64E+00,-3.357E+00
2,09/2/2026,19:05:31.090,-0.09E+00,-0.05E+00,+0.00E+00,+0.00E+00,+0.50E+00,-44.33E+00,+43.75E+00,-3.273E+00
2,09/2/2026,19:05:31.090,-0.09E+00,-0.05E+00,+0.05E+00,+0.00E+00,+0.26E+00,-45.19E+00,+44.85E+00,-3.189E+00
2,09/2/2026,19:05:31.090,-0.09E+00,-0.05E+00,+0.05E+00,+0.00E+00,+0.00E+00,-46.02E+00,+45.93E+00,-3.113E+00
2,09/2/2026,19:05:31.090,-0.09E+00,-0.05E+00,+0.05E+00,+0.00E+00,-0.26E+00,-46.86E+00,+47.02E+00,-3.029E+00
2,09/2/2026,19:05:31.090,-0.09E+00,-0.05E+00,+0.05E+00,+0.00E+00,-0.50E+00,-47.67E+00,+48.08E+00,-2.953E+00
2,09/2/2026,19:05:31.090,-0.09E+00,-0.05E+00,+0.05E+00,+0.00E+00,-0.76E+00,-48.48E+00,+49.12E+00,-2.869E+00
2,09/2/2026,19:05:31.090,-0.14E+00,-0.05E+00,+0.00E+00,+0.00E+00,-1.02E+00,-49.28E+00,+50.18E+00,-2.777E+00
2,09/2/2026,19:05:31.090,-0.09E+00,-0.05E+00,+0.05E+00,+0.00E+00,-1.28E+00,-50.05E+00,+51.20E+00,-2.693E+00
2,09/2/2026,19:05:31.090,-0.09E+00,-0.05E+00,+0.05E+00,+0.00E+00,-1.54E+00,-50.82E+00,+52.22E+00,-2.609E+00
2,09/2/2026,19:05:31.090,-0.09E+00,-0.05E+00,+0.05E+00,+0.00E+00,-1.80E+00,-51.56E+00,+53.23E+00,-2.526E+00
2,09/2/2026,19:05:31.090,-0.09E+00,-0.05E+00,+0.05E+00,+0.00E+00,-2.06E+00,-52.31E+00,+54.22E+00,-2.442E+00
2,09/2/2026,19:05:31.090,-0.09E+00,-0.05E+00,+0.05E+00,+0.00E+00,-2.32E+00,-53.04E+00,+55.20E+00,-2.350E+00
2,09/2/2026,19:05:31.091,-0.09E+00,-0.05E+00,+0.05E+00,+0.00E+00,-2.56E+00,-53.76E+00,+56.16E+00,-2.266E+00
2,09/2/2026,19:05:31.091,-0.09E+00,-0.05E+00,+0.00E+00,+0.00E+00,-2.82E+00,-54.46E+00,+57.12E+00,-2.182E+00
2,09/2/2026,19:05:31.091,-0.14E+00,-0.05E+00,+0.05E+00,+0.00E+00,-3.07E+00,-55.17E+00,+58.05E+00,-2.098E+00
2,09/2/2026,19:05:31.091,-0.09E+00,-0.05E+00,+0.05E+00,+0.00E+00,-3.31E+00,-55.85E+00,+58.97E+00,-2.022E+00
2,09/2/2026,19:05:31.091,-0.09E+00,-0.05E+00,+0.05E+00,+0.00E+00,-3.54E+00,-56.52E+00,+59.87E+00,-1.938E+00
2,09/2/2026,19:05:31.091,-0.09E+00,-0.05E+00,+0.00E+00,+0.00E+00,-3.77E+00,-57.18E+00,+60.77E+00,-1.862E+00
2,09/2/2026,19:05:31.091,-0.14E+00,-0.05E+00,+0.05E+00,+0.00E+00,-4.01E+00,-57.84E+00,+61.65E+00,-1.778E+00
2,09/2/2026,19:05:31.091,-0.09E+00,-0.09E+00,+0.05E+00,+0.00E+00,-4.24E+00,-58.46E+00,+62.51E+00,-1.694E+00
2,09/2/2026,19:05:31.091,-0.09E+00,-0.05E+00,+0.05E+00,+0.00E+00,-4.49E+00,-59.09E+00,+63.36E+00,-1.610E+00
2,09/2/2026,19:05:31.091,-0.09E+00,-0.05E+00,+0.05E+00,+0.00E+00,-4.72E+00,-59.70E+00,+64.20E+00,-1.534E+00
2,09/2/2026,19:05:31.091,-0.09E+00,-0.05E+00,+0.05E+00,+0.00E+00,-4.94E+00,-60.29E+00,+65.02E+00,-1.450E+00
2,09/2/2026,19:05:31.091,-0.09E+00,-0.05E+00,+0.00E+00,-0.05E+00,-5.16E+00,-60.87E+00,+65.85E+00,-1.366E+00
2,09/2/2026,19:05:31.091,-0.09E+00,-0.05E+00,+0.05E+00,+0.00E+00,-5.39E+00,-61.45E+00,+66.64E+00,-1.282E+00
2,09/2/2026,19:05:31.091,-0.09E+00,-0.09E+00,+0.05E+00,+0.00E+00,-5.62E+00,-62.02E+00,+67.42E+00,-1.206E+00
2,09/2/2026,19:05:31.091,-0.09E+00,-0.05E+00,+0.05E+00,+0.00E+00,-5.84E+00,-62.57E+00,+68.18E+00,-1.122E+00
2,09/2/2026,19:05:31.091,-0.09E+00,-0.05E+00,+0.05E+00,+0.00E+00,-6.06E+00,-63.10E+00,+68.95E+00,-1.038E+00
2,09/2/2026,19:05:31.091,-0.09E+00,-0.05E+00,+0.05E+00,+0.00E+00,-6.29E+00,-63.62E+00,+69.69E+00,-0.961E+00
2,09/2/2026,19:05:31.091,-0.09E+00,-0.05E+00,+0.05E+00,+0.00E+00,-6.50E+00,-64.12E+00,+70.41E+00,-0.877E+00
2,09/2/2026,19:05:31.091,-0.09E+00,-0.05E+00,+0.05E+00,+0.00E+00,-6.73E+00,-64.63E+00,+71.11E+00,-0.794E+00
2,09/2/2026,19:05:31.091,-0.09E+00,-0.05E+00,+0.05E+00,+0.00E+00,-6.94E+00,-65.10E+00,+71.80E+00,-0.717E+00
2,09/2/2026,19:05:31.092,-0.09E+00,-0.05E+00,+0.05E+00,+0.00E+00,-7.16E+00,-65.56E+00,+72.49E+00,-0.633E+00
2,09/2/2026,19:05:31.092,-0.09E+00,-0.05E+00,+0.00E+00,+0.00E+00,-7.39E+00,-66.02E+00,+73.16E+00,-0.542E+00
2,09/2/2026,19:05:31.092,-0.09E+00,-0.05E+00,+0.05E+00,+0.00E+00,-7.60E+00,-66.44E+00,+73.80E+00,-0.458E+00
2,09/2/2026,19:05:31.092,-0.09E+00,-0.05E+00,+0.05E+00,+0.00E+00,-7.81E+00,-66.85E+00,+74.42E+00,-0.374E+00
2,09/2/2026,19:05:31.092,-0.09E+00,-0.09E+00,+0.05E+00,+0.00E+00,-8.04E+00,-67.27E+00,+75.05E+00,-0.290E+00
2,09/2/2026,19:05:31.092,-0.09E+00,-0.05E+00,+0.05E+00,+0.00E+00,-8.27E+00,-67.65E+00,+75.64E+00,-0.206E+00
2,09/2/2026,19:05:31.092,-0.09E+00,-0.05E+00,+0.05E+00,+0.00E+00,-8.48E+00,-68.00E+00,+76.24E+00,-0.122E+00
2,09/2/2026,19:05:31.092,-0.09E+00,-0.05E+00,+0.05E+00,+0.00E+00,-8.71E+00,-68.37E+00,+76.80E+00,-0.031E+00
2,09/2/2026,19:05:31.092,-0.09E+00,-0.05E+00,+0.00E+00,+0.00E+00,-8.93E+00,-68.72E+00,+77.37E+00,+0.053E+00
2,09/2/2026,19:05:31.092,-0.09E+00,-0.05E+00,+0.05E+00,+0.00E+00,-9.14E+00,-69.04E+00,+77.92E+00,+0.137E+00
2,09/2/2026,19:05:31.092,-0.14E+00,-0.09E+00,+0.05E+00,-0.05E+00,-9.37E+00,-69.34E+00,+78.44E+00,+0.229E+00
2,09/2/2026,19:05:31.092,-0.09E+00,-0.05E+00,+0.05E+00,+0.00E+00,-9.58E+00,-69.65E+00,+78.96E+00,+0.320E+00
2,09/2/2026,19:05:31.092,-0.09E+00,-0.05E+00,+0.05E+00,+0.00E+00,-9.80E+00,-69.92E+00,+79.44E+00,+0.404E+00
2,09/2/2026,19:05:31.092,-0.09E+00,-0.05E+00,+0.05E+00,+0.00E+00,-10.03E+00,-70.18E+00,+79.93E+00,+0.496E+00
2,09/2/2026,19:05:31.092,-0.09E+00,-0.05E+00,+0.05E+00,+0.00E+00,-10.25E+00,-70.44E+00,+80.41E+00,+0.580E+00
2,09/2/2026,19:05:31.092,-0.09E+00,-0.05E+00,+0.05E+00,+0.00E+00,-10.47E+00,-70.69E+00,+80.85E+00,+0.671E+00
2,09/2/2026,19:05:31.092,-0.09E+00,-0.05E+00,+0.05E+00,+0.00E+00,-10.68E+00,-70.90E+00,+81.29E+00,+0.755E+00
2,09/2/2026,19:05:31.092,-0.09E+00,-0.05E+00,+0.00E+00,+0.00E+00,-10.90E+00,-71.11E+00,+81.70E+00,+0.839E+00
2,09/2/2026,19:05:31.092,-0.09E+00,-0.09E+00,+0.05E+00,+0.00E+00,-11.09E+00,-71.31E+00,+82.12E+00,+0.923E+00
2,09/2/2026,19:05:31.092,-0.09E+00,-0.09E+00,+0.05E+00,+0.00E+00,-11.31E+00,-71.48E+00,+82.50E+00,+1.015E+00
2,09/2/2026,19:05:31.093,-0.09E+00,-0.05E+00,+0.05E+00,+0.00E+00,-11.51E+00,-71.65E+00,+82.85E+00,+1.099E+00
2,09/2/2026,19:05:31.093,-0.14E+00,-0.05E+00,+0.05E+00,+0.00E+00,-11.69E+00,-71.80E+00,+83.20E+00,+1.183E+00
2,09/2/2026,19:05:31.093,-0.09E+00,-0.09E+00,+0.00E+00,+0.00E+00,-11.89E+00,-71.94E+00,+83.52E+00,+1.274E+00
2,09/2/2026,19:05:31.093,-0.09E+00,-0.05E+00,+0.00E+00,-0.05E+00,-12.06E+00,-72.04E+00,+83.81E+00,+1.358E+00
2,09/2/2026,19:05:31.093,-0.09E+00,-0.05E+00,+0.05E+00,-0.05E+00,-12.24E+00,-72.15E+00,+84.08E+00,+1.450E+00
2,09/2/2026,19:05:31.093,-0.09E+00,-0.05E+00,+0.05E+00,+0.00E+00,-12.39E+00,-72.21E+00,+84.31E+00,+1.534E+00
2,09/2/2026,19:05:31.093,-0.09E+00,-0.05E+00,+0.05E+00,+0.00E+00,-12.54E+00,-72.27E+00,+84.50E+00,+1.618E+00
2,09/2/2026,19:05:31.093,-0.09E+00,-0.09E+00,+0.00E+00,-0.05E+00,-12.70E+00,-72.30E+00,+84.68E+00,+1.709E+00
2,09/2/2026,19:05:31.093,-0.09E+00,-0.09E+00,+0.05E+00,+0.00E+00,-12.83E+00,-72.32E+00,+84.83E+00,+1.793E+00
2,09/2/2026,19:05:31.093,-0.09E+00,-0.05E+00,+0.05E+00,+0.00E+00,-12.96E+00,-72.30E+00,+84.95E+00,+1.877E+00
2,09/2/2026,19:05:31.093,-0.09E+00,-0.05E+00,+0.05E+00,+0.00E+00,-13.09E+00,-72.29E+00,+85.06E+00,+1.961E+00
2,09/2/2026,19:05:31.093,-0.09E+00,-0.05E+00,+0.05E+00,+0.00E+00,-13.22E+00,-72.24E+00,+85.15E+00,+2.045E+00
2,09/2/2026,19:05:31.093,-0.09E+00,-0.09E+00,+0.05E+00,+0.00E+00,-13.34E+00,-72.18E+00,+85.21E+00,+2.121E+00
2,09/2/2026,19:05:31.093,-0.09E+00,-0.05E+00,+0.05E+00,+0.00E+00,-13.46E+00,-72.10E+00,+85.24E+00,+2.213E+00
2,09/2/2026,19:05:31.093,-0.09E+00,-0.05E+00,+0.05E+00,-0.05E+00,-13.58E+00,-72.01E+00,+85.26E+00,+2.289E+00
2,09/2/2026,19:05:31.093,-0.09E+00,-0.05E+00,+0.00E+00,+0.00E+00,-13.69E+00,-71.89E+00,+85.26E+00,+2.365E+00
2,09/2/2026,19:05:31.093,-0.09E+00,-0.05E+00,+0.05E+00,+0.00E+00,-13.81E+00,-71.75E+00,+85.24E+00,+2.449E+00
2,09/2/2026,19:05:31.093,-0.09E+00,-0.05E+00,+0.05E+00,+0.00E+00,-13.92E+00,-71.60E+00,+85.20E+00,+2.526E+00
2,09/2/2026,19:05:31.093,-0.09E+00,-0.09E+00,+0.05E+00,+0.00E+00,-14.01E+00,-71.43E+00,+85.12E+00,+2.602E+00
2,09/2/2026,19:05:31.093,-0.14E+00,-0.09E+00,+0.05E+00,+0.00E+00,-14.10E+00,-71.23E+00,+85.03E+00,+2.678E+00
2,09/2/2026,19:05:31.094,-0.14E+00,-0.05E+00,+0.05E+00,+0.00E+00,-14.19E+00,-71.04E+00,+84.91E+00,+2.754E+00
2,09/2/2026,19:05:31.094,-0.09E+00,-0.09E+00,+0.05E+00,+0.00E+00,-14.27E+00,-70.81E+00,+84.76E+00,+2.831E+00
2,09/2/2026,19:05:31.094,-0.09E+00,-0.05E+00,+0.05E+00,+0.00E+00,-14.36E+00,-70.55E+00,+84.56E+00,+2.907E+00
2,09/2/2026,19:05:31.094,-0.09E+00,-0.05E+00,+0.05E+00,+0.00E+00,-14.44E+00,-70.27E+00,+84.36E+00,+2.991E+00
2,09/2/2026,19:05:31.094,-0.09E+00,-0.05E+00,+0.05E+00,+0.00E+00,-14.51E+00,-69.97E+00,+84.14E+00,+3.067E+00
2,09/2/2026,19:05:31.094,-0.09E+00,-0.05E+00,+0.05E+00,+0.00E+00,-14.59E+00,-69.63E+00,+83.90E+00,+3.144E+00
2,09/2/2026,19:05:31.094,-0.09E+00,-0.05E+00,+0.05E+00,+0.00E+00,-14.67E+00,-69.30E+00,+83.63E+00,+3.220E+00
2,09/2/2026,19:05:31.094,-0.09E+00,-0.05E+00,+0.05E+00,+0.00E+00,-14.73E+00,-68.95E+00,+83.34E+00,+3.296E+00
2,09/2/2026,19:05:31.094,-0.09E+00,-0.05E+00,+0.05E+00,+0.00E+00,-14.80E+00,-68.56E+00,+83.03E+00,+3.365E+00
2,09/2/2026,19:05:31.094,-0.09E+00,-0.05E+00,+0.05E+00,+0.00E+00,-14.88E+00,-68.17E+00,+82.71E+00,+3.434E+00
2,09/2/2026,19:05:31.094,-0.09E+00,-0.09E+00,+0.05E+00,+0.00E+00,-14.94E+00,-67.77E+00,+82.37E+00,+3.502E+00
2,09/2/2026,19:05:31.094,-0.14E+00,-0.05E+00,+0.05E+00,+0.00E+00,-15.00E+00,-67.34E+00,+82.01E+00,+3.571E+00
2,09/2/2026,19:05:31.094,-0.09E+00,-0.05E+00,+0.05E+00,+0.00E+00,-15.06E+00,-66.90E+00,+81.63E+00,+3.640E+00
2,09/2/2026,19:05:31.094,-0.09E+00,-0.09E+00,+0.05E+00,+0.00E+00,-15.12E+00,-66.44E+00,+81.23E+00,+3.708E+00
2,09/2/2026,19:05:31.094,-0.09E+00,-0.05E+00,+0.05E+00,+0.00E+00,-15.18E+00,-65.97E+00,+80.82E+00,+3.777E+00
2,09/2/2026,19:05:31.094,-0.09E+00,-0.05E+00,+0.05E+00,+0.00E+00,-15.24E+00,-65.48E+00,+80.38E+00,+3.838E+00
2,09/2/2026,19:05:31.094,-0.09E+00,-0.09E+00,+0.05E+00,+0.00E+00,-15.29E+00,-64.98E+00,+79.92E+00,+3.907E+00
2,09/2/2026,19:05:31.094,-0.09E+00,-0.09E+00,+0.05E+00,+0.00E+00,-15.34E+00,-64.44E+00,+79.44E+00,+3.968E+00
2,09/2/2026,19:05:31.094,-0.09E+00,-0.05E+00,+0.05E+00,+0.00E+00,-15.40E+00,-63.91E+00,+78.96E+00,+4.036E+00
2,09/2/2026,19:05:31.094,-0.14E+00,-0.05E+00,+0.00E+00,+0.00E+00,-15.43E+00,-63.35E+00,+78.44E+00,+4.097E+00
2,09/2/2026,19:05:31.095,-0.09E+00,-0.05E+00,+0.05E+00,+0.00E+00,-15.46E+00,-62.77E+00,+77.90E+00,+4.158E+00
2,09/2/2026,19:05:31.095,-0.09E+00,-0.09E+00,+0.05E+00,+0.00E+00,-15.50E+00,-62.17E+00,+77.35E+00,+4.219E+00
2,09/2/2026,19:05:31.095,-0.09E+00,-0.09E+00,+0.05E+00,+0.00E+00,-15.53E+00,-61.59E+00,+76.79E+00,+4.273E+00
2,09/2/2026,19:05:31.095,-0.14E+00,-0.05E+00,+0.05E+00,+0.00E+00,-15.57E+00,-60.96E+00,+76.19E+00,+4.326E+00
2,09/2/2026,19:05:31.095,-0.09E+00,-0.05E+00,+0.05E+00,+0.00E+00,-15.60E+00,-60.32E+00,+75.60E+00,+4.380E+00
2,09/2/2026,19:05:31.095,-0.09E+00,-0.05E+00,+0.05E+00,+0.00E+00,-15.63E+00,-59.68E+00,+74.97E+00,+4.441E+00
2,09/2/2026,19:05:31.095,-0.09E+00,-0.05E+00,+0.05E+00,+0.00E+00,-15.64E+00,-59.03E+00,+74.35E+00,+4.494E+00
2,09/2/2026,19:05:31.095,-0.09E+00,-0.05E+00,+0.05E+00,+0.00E+00,-15.67E+00,-58.35E+00,+73.69E+00,+4.540E+00
2,09/2/2026,19:05:31.095,-0.09E+00,-0.09E+00,+0.00E+00,+0.00E+00,-15.69E+00,-57.67E+00,+73.04E+00,+4.593E+00
2,09/2/2026,19:05:31.095,-0.09E+00,-0.05E+00,+0.05E+00,+0.00E+00,-15.70E+00,-56.97E+00,+72.35E+00,+4.654E+00
2,09/2/2026,19:05:31.095,-0.09E+00,-0.05E+00,+0.05E+00,+0.00E+00,-15.72E+00,-56.23E+00,+71.63E+00,+4.708E+00
2,09/2/2026,19:05:31.095,-0.09E+00,-0.05E+00,+0.05E+00,+0.00E+00,-15.73E+00,-55.50E+00,+70.90E+00,+4.761E+00
2,09/2/2026,19:05:31.095,-0.09E+00,-0.05E+00,+0.00E+00,-0.05E+00,-15.73E+00,-54.74E+00,+70.15E+00,+4.815E+00
2,09/2/2026,19:05:31.095,-0.14E+00,-0.09E+00,+0.00E+00,+0.00E+00,-15.75E+00,-53.98E+00,+69.39E+00,+4.860E+00
2,09/2/2026,19:05:31.095,-0.09E+00,-0.09E+00,+0.05E+00,+0.00E+00,-15.75E+00,-53.20E+00,+68.61E+00,+4.914E+00
2,09/2/2026,19:05:31.095,-0.09E+00,-0.05E+00,+0.05E+00,-0.05E+00,-15.75E+00,-52.40E+00,+67.82E+00,+4.960E+00
2,09/2/2026,19:05:31.095,-0.09E+00,-0.05E+00,+0.05E+00,+0.00E+00,-15.73E+00,-51.58E+00,+66.99E+00,+5.013E+00
2,09/2/2026,19:05:31.095,-0.09E+00,-0.05E+00,+0.05E+00,+0.00E+00,-15.73E+00,-50.76E+00,+66.17E+00,+5.059E+00
2,09/2/2026,19:05:31.095,-0.09E+00,-0.05E+00,+0.05E+00,+0.00E+00,-15.73E+00,-49.93E+00,+65.31E+00,+5.105E+00
2,09/2/2026,19:05:31.095,-0.09E+00,-0.05E+00,+0.05E+00,+0.00E+00,-15.73E+00,-49.06E+00,+64.46E+00,+5.158E+00
2,09/2/2026,19:05:31.096,-0.09E+00,-0.05E+00,+0.05E+00,+0.00E+00,-15.72E+00,-48.21E+00,+63.57E+00,+5.204E+00
2,09/2/2026,19:05:31.096,-0.09E+00,-0.05E+00,+0.05E+00,+0.00E+00,-15.70E+00,-47.32E+00,+62.67E+00,+5.250E+00
2,09/2/2026,19:05:31.096,-0.09E+00,-0.05E+00,+0.05E+00,+0.00E+00,-15.69E+00,-46.42E+00,+61.76E+00,+5.295E+00
2,09/2/2026,19:05:31.096,-0.09E+00,-0.05E+00,+0.05E+00,+0.00E+00,-15.67E+00,-45.52E+00,+60.84E+00,+5.341E+00
2,09/2/2026,19:05:31.096,-0.09E+00,-0.09E+00,+0.05E+00,+0.00E+00,-15.66E+00,-44.59E+00,+59.90E+00,+5.379E+00
2,09/2/2026,19:05:31.096,-0.09E+00,-0.05E+00,+0.05E+00,+0.00E+00,-15.63E+00,-43.66E+00,+58.93E+00,+5.425E+00
2,09/2/2026,19:05:31.096,-0.09E+00,-0.05E+00,+0.05E+00,-0.05E+00,-15.60E+00,-42.73E+00,+57.97E+00,+5.463E+00
2,09/2/2026,19:05:31.096,-0.09E+00,-0.05E+00,+0.05E+00,+0.00E+00,-15.55E+00,-41.78E+00,+56.98E+00,+5.501E+00
2,09/2/2026,19:05:31.096,-0.09E+00,-0.05E+00,+0.00E+00,+0.00E+00,-15.49E+00,-40.84E+00,+55.97E+00,+5.524E+00
2,09/2/2026,19:05:31.096,-0.09E+00,-0.05E+00,+0.00E+00,+0.00E+00,-15.44E+00,-39.87E+00,+54.95E+00,+5.555E+00
2,09/2/2026,19:05:31.096,-0.09E+00,-0.05E+00,+0.05E+00,+0.00E+00,-15.37E+00,-38.91E+00,+53.93E+00,+5.578E+00
2,09/2/2026,19:05:31.096,-0.09E+00,-0.09E+00,+0.05E+00,+0.00E+00,-15.31E+00,-37.95E+00,+52.89E+00,+5.600E+00
2,09/2/2026,19:05:31.096,-0.09E+00,-0.05E+00,+0.05E+00,+0.00E+00,-15.21E+00,-36.98E+00,+51.84E+00,+5.623E+00
2,09/2/2026,19:05:31.096,-0.14E+00,-0.05E+00,+0.00E+00,+0.00E+00,-15.12E+00,-35.98E+00,+50.76E+00,+5.646E+00
2,09/2/2026,19:05:31.096,-0.09E+00,-0.05E+00,+0.05E+00,+0.00E+00,-15.03E+00,-35.01E+00,+49.67E+00,+5.654E+00
2,09/2/2026,19:05:31.096,-0.09E+00,-0.05E+00,+0.05E+00,+0.00E+00,-14.92E+00,-34.00E+00,+48.59E+00,+5.669E+00
2,09/2/2026,19:05:31.096,-0.09E+00,-0.05E+00,+0.00E+00,+0.00E+00,-14.83E+00,-32.99E+00,+47.47E+00,+5.692E+00
2,09/2/2026,19:05:31.096,-0.09E+00,-0.05E+00,+0.05E+00,+0.00E+00,-14.71E+00,-32.00E+00,+46.35E+00,+5.700E+00
2,09/2/2026,19:05:31.096,-0.09E+00,-0.05E+00,+0.05E+00,+0.00E+00,-14.59E+00,-30.96E+00,+45.22E+00,+5.707E+00
2,09/2/2026,19:05:31.096,-0.14E+00,-0.09E+00,+0.05E+00,+0.00E+00,-14.47E+00,-29.93E+00,+44.06E+00,+5.715E+00
2,09/2/2026,19:05:31.097,-0.09E+00,-0.05E+00,+0.05E+00,+0.00E+00,-14.34E+00,-28.89E+00,+42.90E+00,+5.723E+00
2,09/2/2026,19:05:31.097,-0.09E+00,-0.05E+00,+0.05E+00,+0.00E+00,-14.21E+00,-27.85E+00,+41.72E+00,+5.730E+00
2,09/2/2026,19:05:31.097,-0.09E+00,-0.05E+00,+0.05E+00,+0.00E+00,-14.07E+00,-26.81E+00,+40.55E+00,+5.730E+00
2,09/2/2026,19:05:31.097,-0.09E+00,-0.05E+00,+0.05E+00,+0.00E+00,-13.92E+00,-25.76E+00,+39.36E+00,+5.738E+00
2,09/2/2026,19:05:31.097,-0.09E+00,-0.05E+00,+0.05E+00,+0.00E+00,-13.78E+00,-24.69E+00,+38.15E+00,+5.738E+00
2,09/2/2026,19:05:31.097,-0.09E+00,-0.05E+00,+0.05E+00,+0.00E+00,-13.63E+00,-23.64E+00,+36.93E+00,+5.730E+00
2,09/2/2026,19:05:31.097,-0.09E+00,-0.05E+00,+0.05E+00,+0.00E+00,-13.47E+00,-22.59E+00,+35.71E+00,+5.730E+00
2,09/2/2026,19:05:31.097,-0.09E+00,-0.05E+00,+0.05E+00,+0.00E+00,-13.31E+00,-21.52E+00,+34.49E+00,+5.723E+00
2,09/2/2026,19:05:31.097,-0.09E+00,-0.05E+00,+0.05E+00,+0.00E+00,-13.14E+00,-20.45E+00,+33.25E+00,+5.715E+00
2,09/2/2026,19:05:31.097,-0.09E+00,-0.09E+00,+0.05E+00,+0.00E+00,-12.97E+00,-19.37E+00,+32.00E+00,+5.700E+00
2,09/2/2026,19:05:31.097,-0.09E+00,-0.05E+00,+0.05E+00,+0.00E+00,-12.79E+00,-18.30E+00,+30.75E+00,+5.692E+00
2,09/2/2026,19:05:31.097,-0.09E+00,-0.05E+00,+0.05E+00,+0.00E+00,-12.62E+00,-17.21E+00,+29.50E+00,+5.684E+00
2,09/2/2026,19:05:31.097,-0.09E+00,-0.09E+00,+0.05E+00,+0.00E+00,-12.44E+00,-16.11E+00,+28.23E+00,+5.669E+00
2,09/2/2026,19:05:31.097,-0.09E+00,-0.05E+00,+0.05E+00,+0.00E+00,-12.27E+00,-15.02E+00,+26.95E+00,+5.654E+00
2,09/2/2026,19:05:31.097,-0.09E+00,-0.05E+00,+0.00E+00,+0.00E+00,-12.09E+00,-13.92E+00,+25.67E+00,+5.639E+00
2,09/2/2026,19:05:31.097,-0.09E+00,-0.09E+00,+0.00E+00,-0.05E+00,-11.90E+00,-12.82E+00,+24.40E+00,+5.631E+00
2,09/2/2026,19:05:31.097,-0.09E+00,-0.05E+00,+0.05E+00,+0.00E+00,-11.74E+00,-11.72E+00,+23.12E+00,+5.608E+00
2,09/2/2026,19:05:31.097,-0.14E+00,-0.05E+00,+0.05E+00,+0.00E+00,-11.55E+00,-10.62E+00,+21.82E+00,+5.593E+00
2,09/2/2026,19:05:31.097,-0.09E+00,-0.05E+00,+0.05E+00,+0.00E+00,-11.37E+00,-9.51E+00,+20.51E+00,+5.570E+00
2,09/2/2026,19:05:31.097,-0.09E+00,-0.05E+00,+0.05E+00,+0.00E+00,-11.19E+00,-8.39E+00,+19.23E+00,+5.555E+00
2,09/2/2026,19:05:31.098,-0.09E+00,-0.05E+00,+0.05E+00,+0.00E+00,-11.00E+00,-7.28E+00,+17.93E+00,+5.532E+00
2,09/2/2026,19:05:31.098,-0.09E+00,-0.05E+00,+0.05E+00,-0.05E+00,-10.80E+00,-6.18E+00,+16.63E+00,+5.509E+00
2,09/2/2026,19:05:31.098,-0.09E+00,-0.09E+00,+0.05E+00,-0.05E+00,-10.62E+00,-5.05E+00,+15.34E+00,+5.494E+00
2,09/2/2026,19:05:31.098,-0.09E+00,-0.05E+00,+0.05E+00,+0.00E+00,-10.45E+00,-3.94E+00,+14.04E+00,+5.463E+00
2,09/2/2026,19:05:31.098,-0.09E+00,-0.09E+00,+0.05E+00,+0.00E+00,-10.27E+00,-2.82E+00,+12.74E+00,+5.440E+00
2,09/2/2026,19:05:31.098,-0.09E+00,-0.09E+00,+0.05E+00,+0.00E+00,-10.07E+00,-1.69E+00,+11.45E+00,+5.425E+00
2,09/2/2026,19:05:31.098,-0.09E+00,-0.05E+00,+0.00E+00,+0.00E+00,-9.89E+00,-0.58E+00,+10.13E+00,+5.394E+00
2,09/2/2026,19:05:31.098,-0.09E+00,-0.05E+00,+0.00E+00,-0.05E+00,-9.71E+00,+0.53E+00,+8.82E+00,+5.372E+00
2,09/2/2026,19:05:31.098,-0.09E+00,-0.09E+00,+0.05E+00,+0.00E+00,-9.52E+00,+1.66E+00,+7.52E+00,+5.341E+00
2,09/2/2026,19:05:31.098,-0.14E+00,-0.05E+00,+0.05E+00,+0.00E+00,-9.34E+00,+2.78E+00,+6.21E+00,+5.318E+00
2,09/2/2026,19:05:31.098,-0.09E+00,-0.05E+00,+0.05E+00,+0.00E+00,-9.14E+00,+3.89E+00,+4.90E+00,+5.288E+00
2,09/2/2026,19:05:31.098,-0.09E+00,-0.05E+00,+0.05E+00,+0.00E+00,-8.96E+00,+5.01E+00,+3.60E+00,+5.250E+00
2,09/2/2026,19:05:31.098,-0.09E+00,-0.05E+00,+0.05E+00,+0.00E+00,-8.77E+00,+6.12E+00,+2.30E+00,+5.227E+00
2,09/2/2026,19:05:31.098,-0.14E+00,-0.05E+00,+0.05E+00,+0.00E+00,-8.58E+00,+7.23E+00,+0.99E+00,+5.196E+00
2,09/2/2026,19:05:31.098,-0.09E+00,-0.09E+00,+0.05E+00,+0.00E+00,-8.38E+00,+8.35E+00,-0.32E+00,+5.166E+00
2,09/2/2026,19:05:31.098,-0.09E+00,-0.09E+00,+0.05E+00,+0.00E+00,-8.19E+00,+9.46E+00,-1.62E+00,+5.135E+00
2,09/2/2026,19:05:31.098,-0.09E+00,-0.05E+00,+0.05E+00,+0.00E+00,-8.01E+00,+10.58E+00,-2.91E+00,+5.097E+00
2,09/2/2026,19:05:31.098,-0.09E+00,-0.05E+00,+0.05E+00,+0.00E+00,-7.81E+00,+11.67E+00,-4.21E+00,+5.066E+00
2,09/2/2026,19:05:31.098,-0.09E+00,-0.05E+00,+0.05E+00,+0.00E+00,-7.60E+00,+12.79E+00,-5.52E+00,+5.028E+00
2,09/2/2026,19:05:31.098,-0.09E+00,-0.05E+00,+0.05E+00,+0.00E+00,-7.39E+00,+13.89E+00,-6.84E+00,+4.990E+00
2,09/2/2026,19:05:31.099,-0.09E+00,-0.05E+00,+0.00E+00,+0.00E+00,-7.17E+00,+14.99E+00,-8.15E+00,+4.952E+00
2,09/2/2026,19:05:31.099,-0.09E+00,-0.05E+00,+0.05E+00,-0.05E+00,-6.97E+00,+16.07E+00,-9.46E+00,+4.914E+00
2,09/2/2026,19:05:31.099,-0.09E+00,-0.09E+00,+0.05E+00,+0.00E+00,-6.75E+00,+17.18E+00,-10.79E+00,+4.876E+00
2,09/2/2026,19:05:31.099,-0.09E+00,-0.05E+00,+0.05E+00,+0.00E+00,-6.53E+00,+18.28E+00,-12.09E+00,+4.837E+00
2,09/2/2026,19:05:31.099,-0.09E+00,-0.05E+00,+0.05E+00,+0.00E+00,-6.33E+00,+19.37E+00,-13.40E+00,+4.792E+00
2,09/2/2026,19:05:31.099,-0.09E+00,-0.05E+00,+0.05E+00,-0.05E+00,-6.12E+00,+20.46E+00,-14.70E+00,+4.754E+00
2,09/2/2026,19:05:31.099,-0.09E+00,-0.05E+00,+0.05E+00,+0.00E+00,-5.91E+00,+21.55E+00,-16.01E+00,+4.715E+00
2,09/2/2026,19:05:31.099,-0.09E+00,-0.05E+00,+0.05E+00,+0.00E+00,-5.69E+00,+22.65E+00,-17.31E+00,+4.677E+00
2,09/2/2026,19:05:31.099,-0.09E+00,-0.05E+00,+0.05E+00,+0.00E+00,-5.48E+00,+23.74E+00,-18.62E+00,+4.631E+00
2,09/2/2026,19:05:31.099,-0.09E+00,-0.09E+00,+0.00E+00,+0.00E+00,-5.26E+00,+24.83E+00,-19.91E+00,+4.593E+00
2,09/2/2026,19:05:31.099,-0.09E+00,-0.09E+00,+0.05E+00,+0.00E+00,-5.04E+00,+25.91E+00,-21.23E+00,+4.548E+00
2,09/2/2026,19:05:31.099,-0.09E+00,-0.05E+00,+0.05E+00,+0.00E+00,-4.82E+00,+27.00E+00,-22.54E+00,+4.502E+00
2,09/2/2026,19:05:31.099,-0.14E+00,-0.05E+00,+0.05E+00,+0.00E+00,-4.61E+00,+28.06E+00,-23.84E+00,+4.456E+00
2,09/2/2026,19:05:31.099,-0.09E+00,-0.05E+00,+0.05E+00,+0.00E+00,-4.38E+00,+29.12E+00,-25.10E+00,+4.403E+00
2,09/2/2026,19:05:31.099,-0.09E+00,-0.05E+00,+0.00E+00,+0.00E+00,-4.17E+00,+30.17E+00,-26.40E+00,+4.349E+00
2,09/2/2026,19:05:31.099,-0.09E+00,-0.05E+00,+0.05E+00,+0.00E+00,-3.94E+00,+31.22E+00,-27.65E+00,+4.296E+00
2,09/2/2026,19:05:31.099,-0.09E+00,-0.05E+00,+0.05E+00,+0.00E+00,-3.71E+00,+32.24E+00,-28.89E+00,+4.227E+00
2,09/2/2026,19:05:31.099,-0.14E+00,-0.09E+00,+0.05E+00,+0.00E+00,-3.48E+00,+33.25E+00,-30.14E+00,+4.166E+00
2,09/2/2026,19:05:31.099,-0.14E+00,-0.05E+00,+0.05E+00,+0.00E+00,-3.24E+00,+34.24E+00,-31.36E+00,+4.097E+00
2,09/2/2026,19:05:31.099,-0.09E+00,-0.05E+00,+0.05E+00,+0.00E+00,-3.01E+00,+35.24E+00,-32.58E+00,+4.029E+00
2,09/2/2026,19:05:31.100,-0.09E+00,-0.05E+00,+0.05E+00,+0.00E+00,-2.76E+00,+36.21E+00,-33.80E+00,+3.960E+00
2,09/2/2026,19:05:31.100,-0.09E+00,-0.05E+00,+0.05E+00,+0.00E+00,-2.53E+00,+37.17E+00,-35.01E+00,+3.891E+00
2,09/2/2026,19:05:31.100,-0.09E+00,-0.05E+00,+0.05E+00,+0.00E+00,-2.29E+00,+38.14E+00,-36.20E+00,+3.823E+00
2,09/2/2026,19:05:31.100,-0.09E+00,-0.05E+00,+0.05E+00,+0.00E+00,-2.04E+00,+39.07E+00,-37.39E+00,+3.754E+00
2,09/2/2026,19:05:31.100,-0.09E+00,-0.05E+00,+0.05E+00,+0.00E+00,-1.79E+00,+40.00E+00,-38.56E+00,+3.678E+00
2,09/2/2026,19:05:31.100,-0.09E+00,-0.05E+00,+0.05E+00,+0.00E+00,-1.53E+00,+40.90E+00,-39.72E+00,+3.601E+00
2,09/2/2026,19:05:31.100,-0.09E+00,-0.05E+00,+0.05E+00,+0.00E+00,-1.27E+00,+41.80E+00,-40.88E+00,+3.517E+00
2,09/2/2026,19:05:31.100,-0.09E+00,-0.05E+00,+0.05E+00,+0.00E+00,-1.02E+00,+42.68E+00,-42.01E+00,+3.441E+00
2,09/2/2026,19:05:31.100,-0.09E+00,-0.05E+00,+0.05E+00,+0.00E+00,-0.76E+00,+43.54E+00,-43.14E+00,+3.357E+00
2,09/2/2026,19:05:31.100,-0.09E+00,-0.05E+00,+0.05E+00,+0.00E+00,-0.50E+00,+44.39E+00,-44.25E+00,+3.273E+00
2,09/2/2026,19:05:31.100,-0.09E+00,-0.09E+00,+0.05E+00,+0.00E+00,-0.24E+00,+45.25E+00,-45.35E+00,+3.197E+00
2,09/2/2026,19:05:31.100,-0.09E+00,-0.05E+00,+0.05E+00,+0.00E+00,+0.02E+00,+46.07E+00,-46.44E+00,+3.113E+00
2,09/2/2026,19:05:31.100,-0.09E+00,-0.05E+00,+0.05E+00,+0.00E+00,+0.26E+00,+46.88E+00,-47.50E+00,+3.029E+00
2,09/2/2026,19:05:31.100,-0.09E+00,-0.05E+00,+0.00E+00,+0.00E+00,+0.52E+00,+47.69E+00,-48.57E+00,+2.945E+00
2,09/2/2026,19:05:31.100,-0.09E+00,-0.05E+00,+0.05E+00,+0.00E+00,+0.78E+00,+48.48E+00,-49.63E+00,+2.861E+00
2,09/2/2026,19:05:31.100,-0.09E+00,-0.05E+00,+0.05E+00,+0.00E+00,+1.04E+00,+49.26E+00,-50.66E+00,+2.777E+00
2,09/2/2026,19:05:31.100,-0.14E+00,-0.09E+00,+0.05E+00,-0.05E+00,+1.30E+00,+50.02E+00,-51.69E+00,+2.693E+00
2,09/2/2026,19:05:31.100,-0.09E+00,-0.05E+00,+0.05E+00,+0.00E+00,+1.56E+00,+50.79E+00,-52.69E+00,+2.609E+00
2,09/2/2026,19:05:31.100,-0.09E+00,-0.05E+00,+0.00E+00,+0.00E+00,+1.83E+00,+51.52E+00,-53.70E+00,+2.518E+00
2,09/2/2026,19:05:31.100,-0.09E+00,-0.05E+00,+0.00E+00,+0.00E+00,+2.08E+00,+52.25E+00,-54.68E+00,+2.434E+00
2,09/2/2026,19:05:31.101,-0.09E+00,-0.05E+00,+0.05E+00,+0.00E+00,+2.33E+00,+52.95E+00,-55.64E+00,+2.350E+00
2,09/2/2026,19:05:31.101,-0.09E+00,-0.05E+00,+0.05E+00,+0.00E+00,+2.58E+00,+53.65E+00,-56.60E+00,+2.266E+00
2,09/2/2026,19:05:31.101,-0.09E+00,-0.05E+00,+0.05E+00,+0.00E+00,+2.82E+00,+54.36E+00,-57.53E+00,+2.182E+00
2,09/2/2026,19:05:31.101,-0.09E+00,-0.05E+00,+0.05E+00,+0.00E+00,+3.07E+00,+55.03E+00,-58.46E+00,+2.098E+00
2,09/2/2026,19:05:31.101,-0.09E+00,-0.05E+00,+0.05E+00,+0.00E+00,+3.30E+00,+55.70E+00,-59.36E+00,+2.014E+00
2,09/2/2026,19:05:31.101,-0.09E+00,-0.05E+00,+0.05E+00,+0.00E+00,+3.54E+00,+56.37E+00,-60.26E+00,+1.930E+00
2,09/2/2026,19:05:31.101,-0.14E+00,-0.05E+00,+0.00E+00,+0.00E+00,+3.77E+00,+57.01E+00,-61.15E+00,+1.854E+00
2,09/2/2026,19:05:31.101,-0.14E+00,-0.05E+00,+0.05E+00,+0.00E+00,+4.01E+00,+57.64E+00,-62.02E+00,+1.770E+00
2,09/2/2026,19:05:31.101,-0.09E+00,-0.05E+00,+0.05E+00,+0.00E+00,+4.24E+00,+58.26E+00,-62.87E+00,+1.686E+00
2,09/2/2026,19:05:31.101,-0.09E+00,-0.05E+00,+0.05E+00,+0.00E+00,+4.47E+00,+58.87E+00,-63.71E+00,+1.602E+00
2,09/2/2026,19:05:31.101,-0.09E+00,-0.05E+00,+0.05E+00,+0.00E+00,+4.70E+00,+59.45E+00,-64.54E+00,+1.526E+00
2,09/2/2026,19:05:31.101,-0.09E+00,-0.05E+00,+0.05E+00,+0.00E+00,+4.94E+00,+60.03E+00,-65.36E+00,+1.442E+00
2,09/2/2026,19:05:31.101,-0.09E+00,-0.05E+00,+0.05E+00,+0.00E+00,+5.17E+00,+60.61E+00,-66.15E+00,+1.358E+00
2,09/2/2026,19:05:31.101,-0.09E+00,-0.05E+00,+0.05E+00,+0.00E+00,+5.39E+00,+61.16E+00,-66.93E+00,+1.274E+00
2,09/2/2026,19:05:31.101,-0.14E+00,-0.05E+00,+0.05E+00,-0.05E+00,+5.62E+00,+61.70E+00,-67.69E+00,+1.198E+00
2,09/2/2026,19:05:31.101,-0.09E+00,-0.05E+00,+0.05E+00,+0.00E+00,+5.83E+00,+62.23E+00,-68.46E+00,+1.114E+00
2,09/2/2026,19:05:31.101,-0.09E+00,-0.09E+00,+0.05E+00,+0.00E+00,+6.06E+00,+62.75E+00,-69.19E+00,+1.030E+00
2,09/2/2026,19:05:31.101,-0.09E+00,-0.05E+00,+0.05E+00,+0.00E+00,+6.29E+00,+63.25E+00,-69.92E+00,+0.946E+00
2,09/2/2026,19:05:31.101,-0.09E+00,-0.05E+00,+0.05E+00,+0.00E+00,+6.50E+00,+63.74E+00,-70.62E+00,+0.862E+00
2,09/2/2026,19:05:31.101,-0.09E+00,-0.05E+00,+0.00E+00,+0.00E+00,+6.73E+00,+64.23E+00,-71.33E+00,+0.786E+00
2,09/2/2026,19:05:31.102,-0.14E+00,-0.05E+00,+0.00E+00,+0.00E+00,+6.94E+00,+64.67E+00,-72.00E+00,+0.702E+00
2,09/2/2026,19:05:31.102,-0.09E+00,-0.05E+00,+0.05E+00,+0.00E+00,+7.16E+00,+65.12E+00,-72.65E+00,+0.618E+00
2,09/2/2026,19:05:31.102,-0.09E+00,-0.05E+00,+0.05E+00,-0.05E+00,+7.39E+00,+65.54E+00,-73.31E+00,+0.526E+00
2,09/2/2026,19:05:31.102,-0.09E+00,-0.05E+00,+0.05E+00,+0.00E+00,+7.60E+00,+65.95E+00,-73.94E+00,+0.450E+00
2,09/2/2026,19:05:31.102,-0.14E+00,-0.05E+00,+0.05E+00,+0.00E+00,+7.83E+00,+66.35E+00,-74.55E+00,+0.359E+00
2,09/2/2026,19:05:31.102,-0.09E+00,-0.05E+00,+0.05E+00,+0.00E+00,+8.04E+00,+66.72E+00,-75.14E+00,+0.275E+00
2,09/2/2026,19:05:31.102,-0.09E+00,-0.05E+00,+0.05E+00,-0.05E+00,+8.26E+00,+67.08E+00,-75.74E+00,+0.183E+00
2,09/2/2026,19:05:31.102,-0.09E+00,-0.05E+00,+0.05E+00,+0.00E+00,+8.48E+00,+67.43E+00,-76.30E+00,+0.099E+00
2,09/2/2026,19:05:31.102,-0.09E+00,-0.05E+00,+0.00E+00,+0.00E+00,+8.71E+00,+67.77E+00,-76.85E+00,+0.008E+00
2,09/2/2026,19:05:31.102,-0.09E+00,-0.05E+00,+0.05E+00,+0.00E+00,+8.93E+00,+68.09E+00,-77.40E+00,-0.076E+00
2,09/2/2026,19:05:31.102,-0.09E+00,-0.05E+00,+0.05E+00,+0.00E+00,+9.14E+00,+68.38E+00,-77.92E+00,-0.160E+00
2,09/2/2026,19:05:31.102,-0.09E+00,-0.05E+00,+0.05E+00,+0.00E+00,+9.37E+00,+68.67E+00,-78.42E+00,-0.252E+00
2,09/2/2026,19:05:31.102,-0.09E+00,-0.05E+00,+0.05E+00,+0.00E+00,+9.58E+00,+68.96E+00,-78.93E+00,-0.343E+00
2,09/2/2026,19:05:31.102,-0.09E+00,-0.05E+00,+0.05E+00,+0.00E+00,+9.81E+00,+69.20E+00,-79.40E+00,-0.427E+00
2,09/2/2026,19:05:31.102,-0.09E+00,-0.09E+00,+0.05E+00,+0.00E+00,+10.03E+00,+69.45E+00,-79.86E+00,-0.511E+00
2,09/2/2026,19:05:31.102,-0.09E+00,-0.09E+00,+0.05E+00,+0.00E+00,+10.24E+00,+69.69E+00,-80.30E+00,-0.603E+00
2,09/2/2026,19:05:31.102,-0.09E+00,-0.05E+00,+0.05E+00,+0.00E+00,+10.45E+00,+69.89E+00,-80.73E+00,-0.687E+00
2,09/2/2026,19:05:31.102,-0.09E+00,-0.05E+00,+0.05E+00,+0.00E+00,+10.67E+00,+70.09E+00,-81.15E+00,-0.771E+00
2,09/2/2026,19:05:31.102,-0.09E+00,-0.05E+00,+0.05E+00,+0.00E+00,+10.87E+00,+70.29E+00,-81.54E+00,-0.862E+00
2,09/2/2026,19:05:31.102,-0.09E+00,-0.09E+00,+0.05E+00,+0.00E+00,+11.08E+00,+70.46E+00,-81.92E+00,-0.954E+00
2,09/2/2026,19:05:31.103,-0.09E+00,-0.09E+00,+0.05E+00,+0.00E+00,+11.28E+00,+70.61E+00,-82.28E+00,-1.038E+00
2,09/2/2026,19:05:31.103,-0.09E+00,-0.09E+00,+0.05E+00,+0.00E+00,+11.48E+00,+70.76E+00,-82.62E+00,-1.122E+00
2,09/2/2026,19:05:31.103,-0.09E+00,-0.09E+00,+0.05E+00,+0.00E+00,+11.66E+00,+70.88E+00,-82.92E+00,-1.206E+00
2,09/2/2026,19:05:31.103,-0.09E+00,-0.05E+00,+0.05E+00,-0.05E+00,+11.84E+00,+70.99E+00,-83.20E+00,-1.297E+00
2,09/2/2026,19:05:31.103,-0.09E+00,-0.05E+00,+0.05E+00,+0.00E+00,+12.01E+00,+71.07E+00,-83.46E+00,-1.381E+00
2,09/2/2026,19:05:31.103,-0.09E+00,-0.09E+00,+0.05E+00,+0.00E+00,+12.18E+00,+71.13E+00,-83.69E+00,-1.473E+00
2,09/2/2026,19:05:31.103,-0.09E+00,-0.05E+00,+0.05E+00,-0.05E+00,+12.33E+00,+71.17E+00,-83.87E+00,-1.557E+00
2,09/2/2026,19:05:31.103,-0.09E+00,-0.05E+00,+0.05E+00,+0.00E+00,+12.47E+00,+71.20E+00,-84.04E+00,-1.648E+00
2,09/2/2026,19:05:31.103,-0.09E+00,-0.05E+00,+0.05E+00,+0.00E+00,+12.60E+00,+71.20E+00,-84.19E+00,-1.732E+00
2,09/2/2026,19:05:31.103,-0.09E+00,-0.05E+00,+0.05E+00,+0.00E+00,+12.74E+00,+71.19E+00,-84.30E+00,-1.824E+00
2,09/2/2026,19:05:31.103,-0.09E+00,-0.05E+00,+0.05E+00,+0.00E+00,+12.86E+00,+71.16E+00,-84.39E+00,-1.900E+00
2,09/2/2026,19:05:31.103,-0.09E+00,-0.05E+00,+0.05E+00,+0.00E+00,+12.99E+00,+71.11E+00,-84.47E+00,-1.984E+00
2,09/2/2026,19:05:31.103,-0.09E+00,-0.05E+00,+0.00E+00,+0.00E+00,+13.11E+00,+71.04E+00,-84.53E+00,-2.068E+00
2,09/2/2026,19:05:31.103,-0.09E+00,-0.05E+00,+0.00E+00,+0.00E+00,+13.23E+00,+70.96E+00,-84.56E+00,-2.144E+00
2,09/2/2026,19:05:31.103,-0.14E+00,-0.05E+00,+0.00E+00,+0.00E+00,+13.35E+00,+70.85E+00,-84.57E+00,-2.228E+00
2,09/2/2026,19:05:31.103,-0.14E+00,-0.05E+00,+0.00E+00,+0.00E+00,+13.47E+00,+70.73E+00,-84.57E+00,-2.304E+00
2,09/2/2026,19:05:31.103,-0.09E+00,-0.09E+00,+0.05E+00,+0.00E+00,+13.58E+00,+70.59E+00,-84.54E+00,-2.388E+00
2,09/2/2026,19:05:31.103,-0.09E+00,-0.05E+00,+0.05E+00,+0.00E+00,+13.69E+00,+70.43E+00,-84.48E+00,-2.465E+00
2,09/2/2026,19:05:31.103,-0.09E+00,-0.05E+00,+0.05E+00,+0.00E+00,+13.80E+00,+70.24E+00,-84.40E+00,-2.541E+00
2,09/2/2026,19:05:31.103,-0.09E+00,-0.05E+00,+0.05E+00,+0.00E+00,+13.89E+00,+70.04E+00,-84.28E+00,-2.617E+00
2,09/2/2026,19:05:31.104,-0.09E+00,-0.09E+00,+0.05E+00,+0.00E+00,+13.96E+00,+69.83E+00,-84.16E+00,-2.693E+00
2,09/2/2026,19:05:31.104,-0.09E+00,-0.05E+00,+0.05E+00,-0.05E+00,+14.04E+00,+69.59E+00,-83.99E+00,-2.770E+00
2,09/2/2026,19:05:31.104,-0.09E+00,-0.05E+00,+0.00E+00,-0.05E+00,+14.13E+00,+69.31E+00,-83.81E+00,-2.846E+00
2,09/2/2026,19:05:31.104,-0.09E+00,-0.05E+00,+0.05E+00,+0.00E+00,+14.21E+00,+69.02E+00,-83.58E+00,-2.930E+00
2,09/2/2026,19:05:31.104,-0.09E+00,-0.05E+00,+0.05E+00,+0.00E+00,+14.28E+00,+68.72E+00,-83.35E+00,-3.006E+00
2,09/2/2026,19:05:31.104,-0.09E+00,-0.09E+00,+0.05E+00,+0.00E+00,+14.34E+00,+68.38E+00,-83.09E+00,-3.083E+00
2,09/2/2026,19:05:31.104,-0.09E+00,-0.09E+00,+0.05E+00,+0.00E+00,+14.42E+00,+68.03E+00,-82.80E+00,-3.159E+00
2,09/2/2026,19:05:31.104,-0.09E+00,-0.05E+00,+0.05E+00,+0.00E+00,+14.50E+00,+67.66E+00,-82.51E+00,-3.228E+00
2,09/2/2026,19:05:31.104,-0.09E+00,-0.05E+00,+0.05E+00,+0.00E+00,+14.56E+00,+67.28E+00,-82.19E+00,-3.304E+00
2,09/2/2026,19:05:31.104,-0.09E+00,-0.05E+00,+0.05E+00,+0.00E+00,+14.62E+00,+66.89E+00,-81.86E+00,-3.373E+00
2,09/2/2026,19:05:31.104,-0.09E+00,-0.05E+00,+0.05E+00,+0.00E+00,+14.70E+00,+66.46E+00,-81.52E+00,-3.441E+00
2,09/2/2026,19:05:31.104,-0.09E+00,-0.05E+00,+0.05E+00,+0.00E+00,+14.77E+00,+66.03E+00,-81.14E+00,-3.510E+00
2,09/2/2026,19:05:31.104,-0.09E+00,-0.05E+00,+0.00E+00,+0.00E+00,+14.83E+00,+65.57E+00,-80.76E+00,-3.579E+00
2,09/2/2026,19:05:31.104,-0.09E+00,-0.05E+00,+0.05E+00,+0.00E+00,+14.89E+00,+65.12E+00,-80.34E+00,-3.647E+00
2,09/2/2026,19:05:31.104,-0.09E+00,-0.05E+00,+0.05E+00,+0.00E+00,+14.95E+00,+64.64E+00,-79.92E+00,-3.716E+00
2,09/2/2026,19:05:31.104,-0.09E+00,-0.05E+00,+0.05E+00,+0.00E+00,+15.02E+00,+64.12E+00,-79.48E+00,-3.785E+00
2,09/2/2026,19:05:31.104,-0.09E+00,-0.05E+00,+0.05E+00,+0.00E+00,+15.06E+00,+63.60E+00,-79.00E+00,-3.846E+00
2,09/2/2026,19:05:31.104,-0.09E+00,-0.09E+00,+0.05E+00,+0.00E+00,+15.11E+00,+63.07E+00,-78.51E+00,-3.907E+00
2,09/2/2026,19:05:31.104,-0.14E+00,-0.05E+00,+0.05E+00,+0.00E+00,+15.15E+00,+62.51E+00,-78.01E+00,-3.975E+00
2,09/2/2026,19:05:31.104,-0.14E+00,-0.05E+00,+0.05E+00,-0.05E+00,+15.20E+00,+61.96E+00,-77.48E+00,-4.036E+00
2,09/2/2026,19:05:31.105,-0.09E+00,-0.05E+00,+0.05E+00,+0.00E+00,+15.23E+00,+61.38E+00,-76.94E+00,-4.097E+00
2,09/2/2026,19:05:31.105,-0.09E+00,-0.05E+00,+0.00E+00,+0.00E+00,+15.28E+00,+60.77E+00,-76.38E+00,-4.158E+00
2,09/2/2026,19:05:31.105,-0.09E+00,-0.05E+00,+0.05E+00,+0.00E+00,+15.31E+00,+60.16E+00,-75.78E+00,-4.212E+00
2,09/2/2026,19:05:31.105,-0.09E+00,-0.05E+00,+0.05E+00,+0.00E+00,+15.34E+00,+59.53E+00,-75.19E+00,-4.273E+00
2,09/2/2026,19:05:31.105,-0.14E+00,-0.09E+00,+0.05E+00,+0.00E+00,+15.37E+00,+58.89E+00,-74.58E+00,-4.326E+00
2,09/2/2026,19:05:31.105,-0.14E+00,-0.05E+00,+0.05E+00,+0.00E+00,+15.38E+00,+58.23E+00,-73.94E+00,-4.380E+00
2,09/2/2026,19:05:31.105,-0.09E+00,-0.05E+00,+0.00E+00,+0.00E+00,+15.41E+00,+57.58E+00,-73.31E+00,-4.433E+00
2,09/2/2026,19:05:31.105,-0.09E+00,-0.05E+00,+0.00E+00,+0.00E+00,+15.44E+00,+56.89E+00,-72.64E+00,-4.486E+00
2,09/2/2026,19:05:31.105,-0.09E+00,-0.05E+00,+0.05E+00,+0.00E+00,+15.46E+00,+56.19E+00,-71.95E+00,-4.540E+00
2,09/2/2026,19:05:31.105,-0.09E+00,-0.05E+00,+0.05E+00,+0.00E+00,+15.47E+00,+55.49E+00,-71.23E+00,-4.601E+00
2,09/2/2026,19:05:31.105,-0.09E+00,-0.05E+00,+0.05E+00,+0.00E+00,+15.49E+00,+54.74E+00,-70.50E+00,-4.654E+00
2,09/2/2026,19:05:31.105,-0.09E+00,-0.09E+00,+0.05E+00,+0.00E+00,+15.49E+00,+53.99E+00,-69.77E+00,-4.708E+00
2,09/2/2026,19:05:31.105,-0.09E+00,-0.05E+00,+0.05E+00,+0.00E+00,+15.50E+00,+53.23E+00,-68.99E+00,-4.761E+00
2,09/2/2026,19:05:31.105,-0.09E+00,-0.05E+00,+0.05E+00,+0.00E+00,+15.50E+00,+52.45E+00,-68.20E+00,-4.815E+00
2,09/2/2026,19:05:31.105,-0.09E+00,-0.05E+00,+0.05E+00,+0.00E+00,+15.50E+00,+51.66E+00,-67.40E+00,-4.860E+00
2,09/2/2026,19:05:31.105,-0.09E+00,-0.05E+00,+0.00E+00,+0.00E+00,+15.50E+00,+50.85E+00,-66.58E+00,-4.914E+00
2,09/2/2026,19:05:31.105,-0.09E+00,-0.09E+00,+0.05E+00,+0.00E+00,+15.50E+00,+50.04E+00,-65.74E+00,-4.960E+00
2,09/2/2026,19:05:31.105,-0.09E+00,-0.05E+00,+0.05E+00,+0.00E+00,+15.50E+00,+49.20E+00,-64.89E+00,-5.005E+00
2,09/2/2026,19:05:31.105,-0.09E+00,-0.05E+00,+0.05E+00,+0.00E+00,+15.50E+00,+48.36E+00,-64.00E+00,-5.059E+00
2,09/2/2026,19:05:31.105,-0.09E+00,-0.05E+00,+0.05E+00,+0.00E+00,+15.49E+00,+47.50E+00,-63.13E+00,-5.105E+00
2,09/2/2026,19:05:31.106,-0.09E+00,-0.09E+00,+0.05E+00,+0.00E+00,+15.47E+00,+46.62E+00,-62.23E+00,-5.150E+00
2,09/2/2026,19:05:31.106,-0.09E+00,-0.05E+00,+0.05E+00,+0.00E+00,+15.47E+00,+45.72E+00,-61.30E+00,-5.196E+00
2,09/2/2026,19:05:31.106,-0.14E+00,-0.05E+00,+0.05E+00,+0.00E+00,+15.46E+00,+44.82E+00,-60.37E+00,-5.242E+00
2,09/2/2026,19:05:31.106,-0.09E+00,-0.05E+00,+0.05E+00,+0.00E+00,+15.44E+00,+43.92E+00,-59.41E+00,-5.288E+00
2,09/2/2026,19:05:31.106,-0.09E+00,-0.05E+00,+0.05E+00,+0.00E+00,+15.41E+00,+42.97E+00,-58.45E+00,-5.333E+00
2,09/2/2026,19:05:31.106,-0.09E+00,-0.05E+00,+0.05E+00,+0.00E+00,+15.40E+00,+42.04E+00,-57.45E+00,-5.372E+00
2,09/2/2026,19:05:31.106,-0.09E+00,-0.05E+00,+0.05E+00,+0.00E+00,+15.35E+00,+41.10E+00,-56.45E+00,-5.410E+00
2,09/2/2026,19:05:31.106,-0.14E+00,-0.05E+00,+0.05E+00,+0.00E+00,+15.32E+00,+40.15E+00,-55.43E+00,-5.448E+00
2,09/2/2026,19:05:31.106,-0.14E+00,-0.09E+00,+0.05E+00,+0.00E+00,+15.26E+00,+39.19E+00,-54.40E+00,-5.478E+00
2,09/2/2026,19:05:31.106,-0.09E+00,-0.05E+00,+0.05E+00,+0.00E+00,+15.20E+00,+38.21E+00,-53.36E+00,-5.509E+00
2,09/2/2026,19:05:31.106,-0.09E+00,-0.05E+00,+0.05E+00,+0.00E+00,+15.14E+00,+37.25E+00,-52.30E+00,-5.532E+00
2,09/2/2026,19:05:31.106,-0.09E+00,-0.05E+00,+0.05E+00,+0.00E+00,+15.05E+00,+36.27E+00,-51.23E+00,-5.555E+00
2,09/2/2026,19:05:31.106,-0.09E+00,-0.05E+00,+0.05E+00,+0.00E+00,+14.97E+00,+35.28E+00,-50.14E+00,-5.578E+00
2,09/2/2026,19:05:31.106,-0.09E+00,-0.05E+00,+0.00E+00,+0.00E+00,+14.89E+00,+34.29E+00,-49.05E+00,-5.593E+00
2,09/2/2026,19:05:31.106,-0.14E+00,-0.05E+00,+0.05E+00,+0.00E+00,+14.80E+00,+33.28E+00,-47.93E+00,-5.616E+00
2,09/2/2026,19:05:31.106,-0.09E+00,-0.05E+00,+0.05E+00,+0.00E+00,+14.70E+00,+32.28E+00,-46.80E+00,-5.631E+00
2,09/2/2026,19:05:31.106,-0.09E+00,-0.05E+00,+0.05E+00,+0.00E+00,+14.59E+00,+31.25E+00,-45.67E+00,-5.639E+00
2,09/2/2026,19:05:31.106,-0.09E+00,-0.05E+00,+0.05E+00,+0.00E+00,+14.47E+00,+30.23E+00,-44.53E+00,-5.654E+00
2,09/2/2026,19:05:31.106,-0.09E+00,-0.05E+00,+0.05E+00,+0.00E+00,+14.34E+00,+29.21E+00,-43.35E+00,-5.662E+00
2,09/2/2026,19:05:31.106,-0.09E+00,-0.05E+00,+0.05E+00,+0.00E+00,+14.22E+00,+28.17E+00,-42.18E+00,-5.669E+00
2,09/2/2026,19:05:31.107,-0.14E+00,-0.05E+00,+0.05E+00,+0.00E+00,+14.09E+00,+27.13E+00,-41.00E+00,-5.677E+00
2,09/2/2026,19:05:31.107,-0.09E+00,-0.05E+00,+0.05E+00,+0.00E+00,+13.96E+00,+26.08E+00,-39.80E+00,-5.692E+00
2,09/2/2026,19:05:31.107,-0.09E+00,-0.05E+00,+0.05E+00,+0.00E+00,+13.81E+00,+25.03E+00,-38.61E+00,-5.692E+00
2,09/2/2026,19:05:31.107,-0.09E+00,-0.05E+00,+0.05E+00,+0.00E+00,+13.67E+00,+23.96E+00,-37.39E+00,-5.692E+00
2,09/2/2026,19:05:31.107,-0.09E+00,-0.05E+00,+0.05E+00,+0.00E+00,+13.54E+00,+22.91E+00,-36.17E+00,-5.692E+00
2,09/2/2026,19:05:31.107,-0.09E+00,-0.05E+00,+0.05E+00,+0.00E+00,+13.38E+00,+21.84E+00,-34.93E+00,-5.692E+00
2,09/2/2026,19:05:31.107,-0.09E+00,-0.05E+00,+0.05E+00,+0.00E+00,+13.22E+00,+20.77E+00,-33.69E+00,-5.684E+00
2,09/2/2026,19:05:31.107,-0.09E+00,-0.05E+00,+0.05E+00,+0.00E+00,+13.05E+00,+19.70E+00,-32.44E+00,-5.684E+00
2,09/2/2026,19:05:31.107,-0.09E+00,-0.09E+00,+0.00E+00,+0.00E+00,+12.88E+00,+18.62E+00,-31.19E+00,-5.669E+00
2,09/2/2026,19:05:31.107,-0.09E+00,-0.05E+00,+0.00E+00,+0.00E+00,+12.71E+00,+17.55E+00,-29.93E+00,-5.662E+00
2,09/2/2026,19:05:31.107,-0.09E+00,-0.05E+00,+0.05E+00,+0.00E+00,+12.54E+00,+16.45E+00,-28.66E+00,-5.646E+00
2,09/2/2026,19:05:31.107,-0.09E+00,-0.09E+00,+0.05E+00,+0.00E+00,+12.36E+00,+15.37E+00,-27.39E+00,-5.639E+00
2,09/2/2026,19:05:31.107,-0.09E+00,-0.05E+00,+0.05E+00,+0.00E+00,+12.18E+00,+14.28E+00,-26.11E+00,-5.631E+00
2,09/2/2026,19:05:31.107,-0.09E+00,-0.05E+00,+0.05E+00,+0.00E+00,+12.01E+00,+13.18E+00,-24.83E+00,-5.616E+00
2,09/2/2026,19:05:31.107,-0.09E+00,-0.05E+00,+0.00E+00,+0.00E+00,+11.83E+00,+12.09E+00,-23.55E+00,-5.600E+00
2,09/2/2026,19:05:31.107,-0.09E+00,-0.05E+00,+0.00E+00,+0.00E+00,+11.64E+00,+10.97E+00,-22.25E+00,-5.585E+00
2,09/2/2026,19:05:31.107,-0.09E+00,-0.05E+00,+0.00E+00,+0.00E+00,+11.48E+00,+9.87E+00,-20.95E+00,-5.570E+00
2,09/2/2026,19:05:31.107,-0.09E+00,-0.05E+00,+0.00E+00,+0.00E+00,+11.29E+00,+8.77E+00,-19.66E+00,-5.555E+00
2,09/2/2026,19:05:31.107,-0.09E+00,-0.05E+00,+0.00E+00,+0.00E+00,+11.09E+00,+7.66E+00,-18.36E+00,-5.532E+00
2,09/2/2026,19:05:31.107,-0.09E+00,-0.05E+00,+0.05E+00,+0.00E+00,+10.91E+00,+6.56E+00,-17.06E+00,-5.509E+00
2,09/2/2026,19:05:31.108,-0.14E+00,-0.05E+00,+0.05E+00,+0.00E+00,+10.73E+00,+5.45E+00,-15.76E+00,-5.486E+00
2,09/2/2026,19:05:31.108,-0.09E+00,-0.05E+00,+0.05E+00,+0.00E+00,+10.54E+00,+4.33E+00,-14.48E+00,-5.471E+00
2,09/2/2026,19:05:31.108,-0.09E+00,-0.05E+00,+0.05E+00,+0.00E+00,+10.38E+00,+3.22E+00,-13.18E+00,-5.456E+00
2,09/2/2026,19:05:31.108,-0.14E+00,-0.09E+00,+0.05E+00,+0.00E+00,+10.19E+00,+2.09E+00,-11.87E+00,-5.425E+00
2,09/2/2026,19:05:31.108,-0.14E+00,-0.05E+00,+0.05E+00,+0.00E+00,+10.01E+00,+0.98E+00,-10.59E+00,-5.402E+00
2,09/2/2026,19:05:31.108,-0.09E+00,-0.05E+00,+0.05E+00,+0.00E+00,+9.83E+00,-0.14E+00,-9.29E+00,-5.387E+00
2,09/2/2026,19:05:31.108,-0.09E+00,-0.05E+00,+0.05E+00,+0.00E+00,+9.64E+00,-1.25E+00,-7.98E+00,-5.356E+00
2,09/2/2026,19:05:31.108,-0.09E+00,-0.05E+00,+0.05E+00,+0.00E+00,+9.46E+00,-2.37E+00,-6.68E+00,-5.333E+00
2,09/2/2026,19:05:31.108,-0.09E+00,-0.05E+00,+0.05E+00,+0.00E+00,+9.26E+00,-3.48E+00,-5.39E+00,-5.303E+00
2,09/2/2026,19:05:31.108,-0.14E+00,-0.05E+00,+0.05E+00,+0.00E+00,+9.06E+00,-4.59E+00,-4.09E+00,-5.280E+00
2,09/2/2026,19:05:31.108,-0.09E+00,-0.05E+00,+0.05E+00,+0.00E+00,+8.88E+00,-5.71E+00,-2.79E+00,-5.250E+00
2,09/2/2026,19:05:31.108,-0.09E+00,-0.05E+00,+0.05E+00,+0.00E+00,+8.68E+00,-6.82E+00,-1.50E+00,-5.219E+00
2,09/2/2026,19:05:31.108,-0.09E+00,-0.05E+00,+0.05E+00,+0.00E+00,+8.50E+00,-7.94E+00,-0.20E+00,-5.188E+00
2,09/2/2026,19:05:31.108,-0.09E+00,-0.05E+00,+0.05E+00,+0.00E+00,+8.32E+00,-9.05E+00,+1.08E+00,-5.158E+00
2,09/2/2026,19:05:31.108,-0.09E+00,-0.05E+00,+0.05E+00,+0.00E+00,+8.13E+00,-10.15E+00,+2.38E+00,-5.127E+00
2,09/2/2026,19:05:31.108,-0.14E+00,-0.09E+00,+0.00E+00,-0.05E+00,+7.94E+00,-11.26E+00,+3.66E+00,-5.089E+00
2,09/2/2026,19:05:31.108,-0.09E+00,-0.05E+00,+0.00E+00,+0.00E+00,+7.75E+00,-12.38E+00,+4.94E+00,-5.059E+00
2,09/2/2026,19:05:31.108,-0.09E+00,-0.05E+00,+0.05E+00,+0.00E+00,+7.55E+00,-13.46E+00,+6.24E+00,-5.028E+00
2,09/2/2026,19:05:31.108,-0.09E+00,-0.05E+00,+0.05E+00,+0.00E+00,+7.34E+00,-14.56E+00,+7.54E+00,-4.990E+00
2,09/2/2026,19:05:31.108,-0.09E+00,-0.05E+00,+0.05E+00,+0.00E+00,+7.13E+00,-15.66E+00,+8.84E+00,-4.952E+00
2,09/2/2026,19:05:31.109,-0.09E+00,-0.05E+00,+0.05E+00,+0.00E+00,+6.90E+00,-16.76E+00,+10.13E+00,-4.914E+00
2,09/2/2026,19:05:31.109,-0.09E+00,-0.05E+00,+0.05E+00,+0.00E+00,+6.68E+00,-17.84E+00,+11.43E+00,-4.876E+00
2,09/2/2026,19:05:31.109,-0.09E+00,-0.05E+00,+0.00E+00,+0.00E+00,+6.47E+00,-18.94E+00,+12.73E+00,-4.837E+00
2,09/2/2026,19:05:31.109,-0.09E+00,-0.09E+00,+0.05E+00,+0.00E+00,+6.26E+00,-20.02E+00,+14.02E+00,-4.792E+00
2,09/2/2026,19:05:31.109,-0.09E+00,-0.05E+00,+0.05E+00,+0.00E+00,+6.04E+00,-21.12E+00,+15.32E+00,-4.754E+00
2,09/2/2026,19:05:31.109,-0.09E+00,-0.05E+00,+0.05E+00,+0.00E+00,+5.83E+00,-22.22E+00,+16.60E+00,-4.715E+00
2,09/2/2026,19:05:31.109,-0.09E+00,-0.05E+00,+0.05E+00,+0.00E+00,+5.62E+00,-23.30E+00,+17.88E+00,-4.677E+00
2,09/2/2026,19:05:31.109,-0.14E+00,-0.05E+00,+0.05E+00,+0.00E+00,+5.40E+00,-24.39E+00,+19.17E+00,-4.639E+00
2,09/2/2026,19:05:31.109,-0.09E+00,-0.05E+00,+0.05E+00,+0.00E+00,+5.20E+00,-25.47E+00,+20.46E+00,-4.593E+00
2,09/2/2026,19:05:31.109,-0.09E+00,-0.05E+00,+0.00E+00,+0.00E+00,+4.97E+00,-26.57E+00,+21.75E+00,-4.555E+00
2,09/2/2026,19:05:31.109,-0.09E+00,-0.05E+00,+0.00E+00,+0.00E+00,+4.76E+00,-27.65E+00,+23.04E+00,-4.509E+00
2,09/2/2026,19:05:31.109,-0.09E+00,-0.05E+00,+0.05E+00,+0.00E+00,+4.53E+00,-28.72E+00,+24.32E+00,-4.464E+00
2,09/2/2026,19:05:31.109,-0.09E+00,-0.05E+00,+0.05E+00,+0.00E+00,+4.32E+00,-29.79E+00,+25.59E+00,-4.418E+00
2,09/2/2026,19:05:31.109,-0.09E+00,-0.05E+00,+0.05E+00,+0.00E+00,+4.09E+00,-30.86E+00,+26.84E+00,-4.364E+00
2,09/2/2026,19:05:31.109,-0.09E+00,-0.05E+00,+0.05E+00,+0.00E+00,+3.86E+00,-31.91E+00,+28.11E+00,-4.311E+00
2,09/2/2026,19:05:31.109,-0.09E+00,-0.05E+00,+0.05E+00,+0.00E+00,+3.63E+00,-32.95E+00,+29.35E+00,-4.250E+00
2,09/2/2026,19:05:31.109,-0.09E+00,-0.05E+00,+0.05E+00,+0.00E+00,+3.40E+00,-33.95E+00,+30.58E+00,-4.189E+00
2,09/2/2026,19:05:31.109,-0.09E+00,-0.05E+00,+0.05E+00,+0.00E+00,+3.16E+00,-34.95E+00,+31.79E+00,-4.120E+00
2,09/2/2026,19:05:31.109,-0.09E+00,-0.09E+00,+0.05E+00,-0.05E+00,+2.93E+00,-35.94E+00,+33.01E+00,-4.052E+00
2,09/2/2026,19:05:31.109,-0.09E+00,-0.09E+00,+0.05E+00,+0.00E+00,+2.69E+00,-36.93E+00,+34.21E+00,-3.983E+00
2,09/2/2026,19:05:31.110,-0.09E+00,-0.05E+00,+0.05E+00,+0.00E+00,+2.46E+00,-37.89E+00,+35.40E+00,-3.922E+00
2,09/2/2026,19:05:31.110,-0.09E+00,-0.05E+00,+0.05E+00,+0.00E+00,+2.21E+00,-38.85E+00,+36.59E+00,-3.846E+00
2,09/2/2026,19:05:31.110,-0.09E+00,-0.05E+00,+0.05E+00,+0.00E+00,+1.97E+00,-39.80E+00,+37.77E+00,-3.777E+00
2,09/2/2026,19:05:31.110,-0.09E+00,-0.05E+00,+0.05E+00,+0.00E+00,+1.74E+00,-40.74E+00,+38.93E+00,-3.708E+00
2,09/2/2026,19:05:31.110,-0.09E+00,-0.05E+00,+0.05E+00,-0.05E+00,+1.48E+00,-41.66E+00,+40.07E+00,-3.632E+00
2,09/2/2026,19:05:31.110,-0.09E+00,-0.05E+00,+0.05E+00,-0.05E+00,+1.22E+00,-42.56E+00,+41.23E+00,-3.548E+00
2,09/2/2026,19:05:31.110,-0.09E+00,-0.05E+00,+0.05E+00,-0.05E+00,+0.96E+00,-43.45E+00,+42.36E+00,-3.472E+00
2,09/2/2026,19:05:31.110,-0.09E+00,-0.05E+00,+0.05E+00,+0.00E+00,+0.70E+00,-44.33E+00,+43.49E+00,-3.395E+00
2,09/2/2026,19:05:31.110,-0.09E+00,-0.05E+00,+0.05E+00,+0.00E+00,+0.44E+00,-45.19E+00,+44.61E+00,-3.311E+00
2,09/2/2026,19:05:31.110,-0.09E+00,-0.05E+00,+0.05E+00,+0.00E+00,+0.20E+00,-46.04E+00,+45.70E+00,-3.228E+00
2,09/2/2026,19:05:31.110,-0.09E+00,-0.05E+00,+0.05E+00,-0.05E+00,-0.08E+00,-46.88E+00,+46.79E+00,-3.144E+00
2,09/2/2026,19:05:31.110,-0.09E+00,-0.05E+00,+0.05E+00,+0.00E+00,-0.32E+00,-47.70E+00,+47.86E+00,-3.060E+00
2,09/2/2026,19:05:31.110,-0.14E+00,-0.05E+00,+0.00E+00,+0.00E+00,-0.58E+00,-48.50E+00,+48.92E+00,-2.976E+00
2,09/2/2026,19:05:31.110,-0.09E+00,-0.05E+00,+0.00E+00,+0.00E+00,-0.84E+00,-49.31E+00,+49.98E+00,-2.899E+00
2,09/2/2026,19:05:31.110,-0.09E+00,-0.05E+00,+0.05E+00,+0.00E+00,-1.10E+00,-50.10E+00,+51.01E+00,-2.816E+00
2,09/2/2026,19:05:31.110,-0.09E+00,-0.05E+00,+0.05E+00,+0.00E+00,-1.36E+00,-50.86E+00,+52.05E+00,-2.732E+00
2,09/2/2026,19:05:31.110,-0.09E+00,-0.05E+00,+0.05E+00,+0.00E+00,-1.60E+00,-51.63E+00,+53.06E+00,-2.640E+00
2,09/2/2026,19:05:31.110,-0.09E+00,-0.05E+00,+0.05E+00,+0.00E+00,-1.88E+00,-52.37E+00,+54.07E+00,-2.556E+00
2,09/2/2026,19:05:31.110,-0.14E+00,-0.05E+00,+0.00E+00,+0.00E+00,-2.14E+00,-53.11E+00,+55.04E+00,-2.465E+00
2,09/2/2026,19:05:31.110,-0.09E+00,-0.05E+00,+0.05E+00,+0.00E+00,-2.38E+00,-53.84E+00,+56.02E+00,-2.381E+00
2,09/2/2026,19:05:31.111,-0.09E+00,-0.09E+00,+0.05E+00,+0.00E+00,-2.64E+00,-54.54E+00,+56.97E+00,-2.297E+00
2,09/2/2026,19:05:31.111,-0.09E+00,-0.05E+00,+0.00E+00,+0.00E+00,-2.88E+00,-55.24E+00,+57.91E+00,-2.213E+00
2,09/2/2026,19:05:31.111,-0.09E+00,-0.05E+00,+0.05E+00,+0.00E+00,-3.13E+00,-55.93E+00,+58.84E+00,-2.129E+00
2,09/2/2026,19:05:31.111,-0.09E+00,-0.05E+00,+0.05E+00,+0.00E+00,-3.37E+00,-56.62E+00,+59.76E+00,-2.045E+00
2,09/2/2026,19:05:31.111,-0.09E+00,-0.05E+00,+0.05E+00,+0.00E+00,-3.60E+00,-57.27E+00,+60.66E+00,-1.969E+00
2,09/2/2026,19:05:31.111,-0.09E+00,-0.09E+00,+0.05E+00,+0.00E+00,-3.85E+00,-57.94E+00,+61.54E+00,-1.885E+00
2,09/2/2026,19:05:31.111,-0.09E+00,-0.05E+00,+0.05E+00,+0.00E+00,-4.07E+00,-58.57E+00,+62.43E+00,-1.801E+00
2,09/2/2026,19:05:31.111,-0.09E+00,-0.05E+00,+0.05E+00,+0.00E+00,-4.32E+00,-59.19E+00,+63.28E+00,-1.724E+00
2,09/2/2026,19:05:31.111,-0.09E+00,-0.05E+00,+0.05E+00,+0.00E+00,-4.55E+00,-59.82E+00,+64.12E+00,-1.640E+00
2,09/2/2026,19:05:31.111,-0.14E+00,-0.05E+00,+0.05E+00,+0.00E+00,-4.78E+00,-60.43E+00,+64.96E+00,-1.557E+00
2,09/2/2026,19:05:31.111,-0.09E+00,-0.05E+00,+0.05E+00,-0.05E+00,-5.01E+00,-61.01E+00,+65.79E+00,-1.473E+00
2,09/2/2026,19:05:31.111,-0.09E+00,-0.05E+00,+0.05E+00,+0.00E+00,-5.23E+00,-61.61E+00,+66.60E+00,-1.396E+00
2,09/2/2026,19:05:31.111,-0.09E+00,-0.05E+00,+0.05E+00,+0.00E+00,-5.46E+00,-62.17E+00,+67.39E+00,-1.312E+00
2,09/2/2026,19:05:31.111,-0.09E+00,-0.05E+00,+0.05E+00,+0.00E+00,-5.68E+00,-62.70E+00,+68.17E+00,-1.228E+00
2,09/2/2026,19:05:31.111,-0.09E+00,-0.05E+00,+0.05E+00,+0.00E+00,-5.91E+00,-63.25E+00,+68.93E+00,-1.145E+00
2,09/2/2026,19:05:31.111,-0.09E+00,-0.05E+00,+0.05E+00,+0.00E+00,-6.13E+00,-63.79E+00,+69.68E+00,-1.068E+00
2,09/2/2026,19:05:31.111,-0.09E+00,-0.05E+00,+0.05E+00,+0.00E+00,-6.36E+00,-64.29E+00,+70.40E+00,-0.984E+00
2,09/2/2026,19:05:31.111,-0.09E+00,-0.05E+00,+0.05E+00,+0.00E+00,-6.58E+00,-64.79E+00,+71.13E+00,-0.900E+00
2,09/2/2026,19:05:31.111,-0.09E+00,-0.05E+00,+0.05E+00,+0.00E+00,-6.81E+00,-65.28E+00,+71.83E+00,-0.816E+00
2,09/2/2026,19:05:31.111,-0.09E+00,-0.05E+00,+0.05E+00,+0.00E+00,-7.02E+00,-65.76E+00,+72.52E+00,-0.732E+00
2,09/2/2026,19:05:31.112,-0.09E+00,-0.05E+00,+0.05E+00,+0.00E+00,-7.25E+00,-66.20E+00,+73.19E+00,-0.649E+00
2,09/2/2026,19:05:31.112,-0.09E+00,-0.09E+00,+0.05E+00,-0.05E+00,-7.46E+00,-66.64E+00,+73.84E+00,-0.565E+00
2,09/2/2026,19:05:31.112,-0.09E+00,-0.09E+00,+0.00E+00,+0.00E+00,-7.68E+00,-67.07E+00,+74.48E+00,-0.481E+00
2,09/2/2026,19:05:31.112,-0.09E+00,-0.05E+00,+0.05E+00,+0.00E+00,-7.90E+00,-67.48E+00,+75.11E+00,-0.389E+00
2,09/2/2026,19:05:31.112,-0.09E+00,-0.05E+00,+0.05E+00,+0.00E+00,-8.12E+00,-67.86E+00,+75.72E+00,-0.305E+00
2,09/2/2026,19:05:31.112,-0.09E+00,-0.05E+00,+0.05E+00,+0.00E+00,-8.35E+00,-68.24E+00,+76.32E+00,-0.221E+00
2,09/2/2026,19:05:31.112,-0.09E+00,-0.05E+00,+0.05E+00,+0.00E+00,-8.58E+00,-68.61E+00,+76.90E+00,-0.130E+00
2,09/2/2026,19:05:31.112,-0.14E+00,-0.05E+00,+0.00E+00,+0.00E+00,-8.79E+00,-68.95E+00,+77.46E+00,-0.046E+00
2,09/2/2026,19:05:31.112,-0.14E+00,-0.05E+00,+0.05E+00,+0.00E+00,-9.00E+00,-69.28E+00,+78.01E+00,+0.038E+00
2,09/2/2026,19:05:31.112,-0.09E+00,-0.05E+00,+0.05E+00,-0.05E+00,-9.23E+00,-69.60E+00,+78.54E+00,+0.130E+00
2,09/2/2026,19:05:31.112,-0.09E+00,-0.05E+00,+0.05E+00,+0.00E+00,-9.46E+00,-69.91E+00,+79.08E+00,+0.214E+00
2,09/2/2026,19:05:31.112,-0.09E+00,-0.05E+00,+0.05E+00,+0.00E+00,-9.67E+00,-70.20E+00,+79.58E+00,+0.305E+00
2,09/2/2026,19:05:31.112,-0.09E+00,-0.05E+00,+0.05E+00,+0.00E+00,-9.90E+00,-70.47E+00,+80.07E+00,+0.397E+00
2,09/2/2026,19:05:31.112,-0.09E+00,-0.05E+00,+0.05E+00,-0.05E+00,-10.12E+00,-70.73E+00,+80.54E+00,+0.481E+00
2,09/2/2026,19:05:31.112,-0.09E+00,-0.05E+00,+0.05E+00,+0.00E+00,-10.35E+00,-70.96E+00,+81.00E+00,+0.572E+00
2,09/2/2026,19:05:31.112,-0.09E+00,-0.05E+00,+0.05E+00,+0.00E+00,-10.56E+00,-71.20E+00,+81.44E+00,+0.656E+00
2,09/2/2026,19:05:31.112,-0.09E+00,-0.05E+00,+0.05E+00,+0.00E+00,-10.77E+00,-71.42E+00,+81.87E+00,+0.748E+00
2,09/2/2026,19:05:31.112,-0.09E+00,-0.05E+00,+0.05E+00,+0.00E+00,-10.99E+00,-71.62E+00,+82.28E+00,+0.832E+00
2,09/2/2026,19:05:31.112,-0.09E+00,-0.09E+00,+0.05E+00,+0.00E+00,-11.19E+00,-71.80E+00,+82.68E+00,+0.923E+00
2,09/2/2026,19:05:31.112,-0.09E+00,-0.09E+00,+0.05E+00,-0.05E+00,-11.40E+00,-71.98E+00,+83.06E+00,+1.007E+00
2,09/2/2026,19:05:31.113,-0.09E+00,-0.05E+00,+0.05E+00,+0.00E+00,-11.60E+00,-72.13E+00,+83.41E+00,+1.091E+00
2,09/2/2026,19:05:31.113,-0.09E+00,-0.05E+00,+0.05E+00,+0.00E+00,-11.78E+00,-72.27E+00,+83.75E+00,+1.183E+00
2,09/2/2026,19:05:31.113,-0.09E+00,-0.09E+00,+0.05E+00,+0.00E+00,-11.98E+00,-72.39E+00,+84.07E+00,+1.267E+00
2,09/2/2026,19:05:31.113,-0.09E+00,-0.09E+00,+0.05E+00,+0.00E+00,-12.16E+00,-72.50E+00,+84.34E+00,+1.358E+00
2,09/2/2026,19:05:31.113,-0.09E+00,-0.05E+00,+0.05E+00,+0.00E+00,-12.33E+00,-72.59E+00,+84.59E+00,+1.442E+00
2,09/2/2026,19:05:31.113,-0.09E+00,-0.05E+00,+0.05E+00,+0.00E+00,-12.48E+00,-72.65E+00,+84.82E+00,+1.534E+00
2,09/2/2026,19:05:31.113,-0.09E+00,-0.05E+00,+0.05E+00,+0.00E+00,-12.64E+00,-72.68E+00,+85.01E+00,+1.625E+00
2,09/2/2026,19:05:31.113,-0.14E+00,-0.05E+00,+0.00E+00,+0.00E+00,-12.79E+00,-72.71E+00,+85.17E+00,+1.709E+00
2,09/2/2026,19:05:31.113,-0.09E+00,-0.05E+00,+0.00E+00,+0.00E+00,-12.93E+00,-72.71E+00,+85.30E+00,+1.793E+00
2,09/2/2026,19:05:31.113,-0.09E+00,-0.05E+00,+0.05E+00,+0.00E+00,-13.05E+00,-72.71E+00,+85.43E+00,+1.885E+00
2,09/2/2026,19:05:31.113,-0.09E+00,-0.05E+00,+0.05E+00,+0.00E+00,-13.18E+00,-72.68E+00,+85.53E+00,+1.969E+00
2,09/2/2026,19:05:31.113,-0.09E+00,-0.09E+00,+0.05E+00,+0.00E+00,-13.31E+00,-72.64E+00,+85.61E+00,+2.052E+00
2,09/2/2026,19:05:31.113,-0.09E+00,-0.05E+00,+0.05E+00,+0.00E+00,-13.43E+00,-72.56E+00,+85.66E+00,+2.129E+00
2,09/2/2026,19:05:31.113,-0.09E+00,-0.05E+00,+0.05E+00,+0.00E+00,-13.55E+00,-72.49E+00,+85.69E+00,+2.213E+00
2,09/2/2026,19:05:31.113,-0.09E+00,-0.05E+00,+0.05E+00,+0.00E+00,-13.67E+00,-72.38E+00,+85.70E+00,+2.297E+00
2,09/2/2026,19:05:31.113,-0.09E+00,-0.05E+00,+0.05E+00,+0.00E+00,-13.78E+00,-72.26E+00,+85.70E+00,+2.373E+00
2,09/2/2026,19:05:31.113,-0.09E+00,-0.05E+00,+0.05E+00,+0.00E+00,-13.89E+00,-72.10E+00,+85.67E+00,+2.457E+00
2,09/2/2026,19:05:31.113,-0.14E+00,-0.05E+00,+0.05E+00,+0.00E+00,-13.99E+00,-71.95E+00,+85.62E+00,+2.526E+00
2,09/2/2026,19:05:31.113,-0.09E+00,-0.05E+00,+0.05E+00,-0.05E+00,-14.10E+00,-71.77E+00,+85.53E+00,+2.609E+00
2,09/2/2026,19:05:31.113,-0.09E+00,-0.05E+00,+0.05E+00,+0.00E+00,-14.19E+00,-71.57E+00,+85.43E+00,+2.686E+00
2,09/2/2026,19:05:31.114,-0.09E+00,-0.05E+00,+0.05E+00,+0.00E+00,-14.28E+00,-71.36E+00,+85.29E+00,+2.762E+00
2,09/2/2026,19:05:31.114,-0.09E+00,-0.05E+00,+0.05E+00,+0.00E+00,-14.36E+00,-71.11E+00,+85.14E+00,+2.838E+00
2,09/2/2026,19:05:31.114,-0.14E+00,-0.09E+00,+0.05E+00,+0.00E+00,-14.45E+00,-70.85E+00,+84.95E+00,+2.922E+00
2,09/2/2026,19:05:31.114,-0.14E+00,-0.05E+00,+0.05E+00,+0.00E+00,-14.51E+00,-70.56E+00,+84.74E+00,+3.006E+00
2,09/2/2026,19:05:31.114,-0.09E+00,-0.05E+00,+0.05E+00,-0.05E+00,-14.59E+00,-70.26E+00,+84.50E+00,+3.083E+00
2,09/2/2026,19:05:31.114,-0.09E+00,-0.05E+00,+0.05E+00,-0.05E+00,-14.67E+00,-69.92E+00,+84.24E+00,+3.159E+00
2,09/2/2026,19:05:31.114,-0.09E+00,-0.05E+00,+0.05E+00,+0.00E+00,-14.74E+00,-69.57E+00,+83.96E+00,+3.235E+00
2,09/2/2026,19:05:31.114,-0.09E+00,-0.05E+00,+0.05E+00,+0.00E+00,-14.80E+00,-69.20E+00,+83.67E+00,+3.311E+00
2,09/2/2026,19:05:31.114,-0.09E+00,-0.05E+00,+0.05E+00,+0.00E+00,-14.88E+00,-68.82E+00,+83.35E+00,+3.380E+00
2,09/2/2026,19:05:31.114,-0.14E+00,-0.05E+00,+0.05E+00,+0.00E+00,-14.95E+00,-68.41E+00,+83.02E+00,+3.456E+00
2,09/2/2026,19:05:31.114,-0.09E+00,-0.05E+00,+0.00E+00,+0.00E+00,-15.02E+00,-68.00E+00,+82.68E+00,+3.525E+00
2,09/2/2026,19:05:31.114,-0.09E+00,-0.09E+00,+0.05E+00,+0.00E+00,-15.09E+00,-67.57E+00,+82.31E+00,+3.586E+00
2,09/2/2026,19:05:31.114,-0.09E+00,-0.05E+00,+0.05E+00,+0.00E+00,-15.15E+00,-67.13E+00,+81.92E+00,+3.655E+00
2,09/2/2026,19:05:31.114,-0.09E+00,-0.05E+00,+0.05E+00,+0.00E+00,-15.21E+00,-66.66E+00,+81.52E+00,+3.723E+00
2,09/2/2026,19:05:31.114,-0.09E+00,-0.05E+00,+0.05E+00,+0.00E+00,-15.26E+00,-66.18E+00,+81.11E+00,+3.792E+00
2,09/2/2026,19:05:31.114,-0.09E+00,-0.05E+00,+0.05E+00,+0.00E+00,-15.32E+00,-65.68E+00,+80.65E+00,+3.853E+00
2,09/2/2026,19:05:31.114,-0.14E+00,-0.05E+00,+0.05E+00,+0.00E+00,-15.38E+00,-65.16E+00,+80.19E+00,+3.922E+00
2,09/2/2026,19:05:31.114,-0.09E+00,-0.05E+00,+0.05E+00,+0.00E+00,-15.43E+00,-64.63E+00,+79.70E+00,+3.983E+00
2,09/2/2026,19:05:31.114,-0.09E+00,-0.05E+00,+0.05E+00,+0.00E+00,-15.46E+00,-64.08E+00,+79.20E+00,+4.052E+00
2,09/2/2026,19:05:31.114,-0.09E+00,-0.09E+00,+0.05E+00,+0.00E+00,-15.50E+00,-63.51E+00,+78.68E+00,+4.113E+00
2,09/2/2026,19:05:31.115,-0.09E+00,-0.05E+00,+0.05E+00,+0.00E+00,-15.55E+00,-62.93E+00,+78.13E+00,+4.174E+00
2,09/2/2026,19:05:31.115,-0.09E+00,-0.05E+00,+0.05E+00,+0.00E+00,-15.58E+00,-62.34E+00,+77.58E+00,+4.235E+00
2,09/2/2026,19:05:31.115,-0.09E+00,-0.05E+00,+0.05E+00,+0.00E+00,-15.61E+00,-61.73E+00,+77.00E+00,+4.296E+00
2,09/2/2026,19:05:31.115,-0.09E+00,-0.05E+00,+0.05E+00,+0.00E+00,-15.64E+00,-61.12E+00,+76.41E+00,+4.349E+00
2,09/2/2026,19:05:31.115,-0.09E+00,-0.05E+00,+0.05E+00,-0.05E+00,-15.67E+00,-60.46E+00,+75.81E+00,+4.410E+00
2,09/2/2026,19:05:31.115,-0.09E+00,-0.05E+00,+0.05E+00,+0.00E+00,-15.70E+00,-59.82E+00,+75.19E+00,+4.464E+00
2,09/2/2026,19:05:31.115,-0.09E+00,-0.09E+00,+0.05E+00,+0.00E+00,-15.72E+00,-59.15E+00,+74.53E+00,+4.517E+00
2,09/2/2026,19:05:31.115,-0.14E+00,-0.09E+00,+0.05E+00,+0.00E+00,-15.75E+00,-58.48E+00,+73.87E+00,+4.570E+00
2,09/2/2026,19:05:31.115,-0.14E+00,-0.05E+00,+0.05E+00,+0.00E+00,-15.76E+00,-57.79E+00,+73.20E+00,+4.624E+00
2,09/2/2026,19:05:31.115,-0.09E+00,-0.05E+00,+0.05E+00,+0.00E+00,-15.78E+00,-57.07E+00,+72.50E+00,+4.677E+00
2,09/2/2026,19:05:31.115,-0.09E+00,-0.05E+00,+0.05E+00,+0.00E+00,-15.79E+00,-56.34E+00,+71.78E+00,+4.738E+00
2,09/2/2026,19:05:31.115,-0.09E+00,-0.05E+00,+0.05E+00,+0.00E+00,-15.81E+00,-55.59E+00,+71.05E+00,+4.784E+00
2,09/2/2026,19:05:31.115,-0.09E+00,-0.05E+00,+0.05E+00,+0.00E+00,-15.81E+00,-54.83E+00,+70.30E+00,+4.837E+00
2,09/2/2026,19:05:31.115,-0.09E+00,-0.09E+00,+0.05E+00,-0.05E+00,-15.81E+00,-54.07E+00,+69.54E+00,+4.899E+00
2,09/2/2026,19:05:31.115,-0.09E+00,-0.05E+00,+0.05E+00,+0.00E+00,-15.81E+00,-53.29E+00,+68.75E+00,+4.944E+00
2,09/2/2026,19:05:31.115,-0.09E+00,-0.05E+00,+0.05E+00,+0.00E+00,-15.81E+00,-52.48E+00,+67.95E+00,+4.998E+00
2,09/2/2026,19:05:31.115,-0.09E+00,-0.05E+00,+0.05E+00,+0.00E+00,-15.81E+00,-51.66E+00,+67.13E+00,+5.043E+00
2,09/2/2026,19:05:31.115,-0.09E+00,-0.05E+00,+0.05E+00,+0.00E+00,-15.81E+00,-50.83E+00,+66.29E+00,+5.097E+00
2,09/2/2026,19:05:31.115,-0.09E+00,-0.05E+00,+0.05E+00,+0.00E+00,-15.79E+00,-49.99E+00,+65.44E+00,+5.143E+00
2,09/2/2026,19:05:31.115,-0.09E+00,-0.05E+00,+0.05E+00,+0.00E+00,-15.79E+00,-49.14E+00,+64.57E+00,+5.188E+00
2,09/2/2026,19:05:31.116,-0.09E+00,-0.05E+00,+0.05E+00,+0.00E+00,-15.79E+00,-48.25E+00,+63.67E+00,+5.234E+00
2,09/2/2026,19:05:31.116,-0.09E+00,-0.05E+00,+0.05E+00,+0.00E+00,-15.76E+00,-47.37E+00,+62.77E+00,+5.280E+00
2,09/2/2026,19:05:31.116,-0.09E+00,-0.09E+00,+0.05E+00,+0.00E+00,-15.75E+00,-46.48E+00,+61.86E+00,+5.326E+00
2,09/2/2026,19:05:31.116,-0.09E+00,-0.09E+00,+0.05E+00,+0.00E+00,-15.73E+00,-45.57E+00,+60.93E+00,+5.372E+00
2,09/2/2026,19:05:31.116,-0.09E+00,-0.05E+00,+0.05E+00,+0.00E+00,-15.72E+00,-44.64E+00,+59.99E+00,+5.417E+00
2,09/2/2026,19:05:31.116,-0.09E+00,-0.05E+00,+0.05E+00,+0.00E+00,-15.69E+00,-43.71E+00,+59.04E+00,+5.456E+00
2,09/2/2026,19:05:31.116,-0.09E+00,-0.05E+00,+0.05E+00,+0.00E+00,-15.66E+00,-42.77E+00,+58.07E+00,+5.494E+00
2,09/2/2026,19:05:31.116,-0.09E+00,-0.05E+00,+0.05E+00,+0.00E+00,-15.61E+00,-41.83E+00,+57.07E+00,+5.532E+00
2,09/2/2026,19:05:31.116,-0.09E+00,-0.05E+00,+0.05E+00,+0.00E+00,-15.55E+00,-40.87E+00,+56.07E+00,+5.562E+00
2,09/2/2026,19:05:31.116,-0.09E+00,-0.05E+00,+0.05E+00,+0.00E+00,-15.49E+00,-39.92E+00,+55.04E+00,+5.585E+00
2,09/2/2026,19:05:31.116,-0.09E+00,-0.05E+00,+0.05E+00,+0.00E+00,-15.41E+00,-38.96E+00,+54.01E+00,+5.616E+00
2,09/2/2026,19:05:31.116,-0.09E+00,-0.05E+00,+0.05E+00,+0.00E+00,-15.34E+00,-37.98E+00,+52.95E+00,+5.639E+00
2,09/2/2026,19:05:31.116,-0.09E+00,-0.05E+00,+0.05E+00,+0.00E+00,-15.26E+00,-36.99E+00,+51.90E+00,+5.654E+00
2,09/2/2026,19:05:31.116,-0.09E+00,-0.05E+00,+0.05E+00,+0.00E+00,-15.17E+00,-36.01E+00,+50.82E+00,+5.677E+00
2,09/2/2026,19:05:31.116,-0.09E+00,-0.05E+00,+0.05E+00,+0.00E+00,-15.06E+00,-35.02E+00,+49.73E+00,+5.700E+00
2,09/2/2026,19:05:31.116,-0.09E+00,-0.05E+00,+0.05E+00,+0.00E+00,-14.97E+00,-34.01E+00,+48.62E+00,+5.715E+00
2,09/2/2026,19:05:31.116,-0.09E+00,-0.09E+00,+0.05E+00,+0.00E+00,-14.86E+00,-33.01E+00,+47.50E+00,+5.723E+00
2,09/2/2026,19:05:31.116,-0.09E+00,-0.05E+00,+0.05E+00,+0.00E+00,-14.74E+00,-32.00E+00,+46.38E+00,+5.738E+00
2,09/2/2026,19:05:31.116,-0.09E+00,-0.05E+00,+0.05E+00,+0.00E+00,-14.62E+00,-30.96E+00,+45.25E+00,+5.745E+00
2,09/2/2026,19:05:31.116,-0.09E+00,-0.05E+00,+0.00E+00,-0.05E+00,-14.50E+00,-29.93E+00,+44.09E+00,+5.753E+00
2,09/2/2026,19:05:31.117,-0.09E+00,-0.05E+00,+0.05E+00,+0.00E+00,-14.36E+00,-28.89E+00,+42.93E+00,+5.761E+00
2,09/2/2026,19:05:31.117,-0.09E+00,-0.05E+00,+0.05E+00,+0.00E+00,-14.22E+00,-27.85E+00,+41.75E+00,+5.768E+00
2,09/2/2026,19:05:31.117,-0.09E+00,-0.05E+00,+0.05E+00,+0.00E+00,-14.09E+00,-26.81E+00,+40.56E+00,+5.768E+00
2,09/2/2026,19:05:31.117,-0.09E+00,-0.05E+00,+0.05E+00,+0.00E+00,-13.95E+00,-25.76E+00,+39.37E+00,+5.776E+00
2,09/2/2026,19:05:31.117,-0.09E+00,-0.09E+00,+0.05E+00,+0.00E+00,-13.80E+00,-24.71E+00,+38.17E+00,+5.776E+00
2,09/2/2026,19:05:31.117,-0.09E+00,-0.05E+00,+0.05E+00,+0.00E+00,-13.64E+00,-23.64E+00,+36.94E+00,+5.768E+00
2,09/2/2026,19:05:31.117,-0.09E+00,-0.05E+00,+0.05E+00,+0.00E+00,-13.47E+00,-22.57E+00,+35.72E+00,+5.768E+00
2,09/2/2026,19:05:31.117,-0.09E+00,-0.05E+00,+0.05E+00,+0.00E+00,-13.32E+00,-21.50E+00,+34.49E+00,+5.761E+00
2,09/2/2026,19:05:31.117,-0.09E+00,-0.05E+00,+0.05E+00,+0.00E+00,-13.15E+00,-20.42E+00,+33.25E+00,+5.753E+00
2,09/2/2026,19:05:31.117,-0.09E+00,-0.05E+00,+0.05E+00,+0.00E+00,-12.99E+00,-19.35E+00,+32.00E+00,+5.745E+00
2,09/2/2026,19:05:31.117,-0.09E+00,-0.05E+00,+0.05E+00,+0.00E+00,-12.80E+00,-18.27E+00,+30.73E+00,+5.738E+00
2,09/2/2026,19:05:31.117,-0.09E+00,-0.05E+00,+0.05E+00,+0.00E+00,-12.64E+00,-17.18E+00,+29.48E+00,+5.723E+00
2,09/2/2026,19:05:31.117,-0.09E+00,-0.05E+00,+0.05E+00,+0.00E+00,-12.45E+00,-16.08E+00,+28.20E+00,+5.715E+00
2,09/2/2026,19:05:31.117,-0.09E+00,-0.05E+00,+0.05E+00,+0.00E+00,-12.27E+00,-14.99E+00,+26.93E+00,+5.700E+00
2,09/2/2026,19:05:31.117,-0.09E+00,-0.05E+00,+0.05E+00,+0.00E+00,-12.10E+00,-13.89E+00,+25.65E+00,+5.684E+00
2,09/2/2026,19:05:31.117,-0.09E+00,-0.05E+00,+0.05E+00,+0.00E+00,-11.92E+00,-12.79E+00,+24.37E+00,+5.669E+00
2,09/2/2026,19:05:31.117,-0.09E+00,-0.05E+00,+0.05E+00,+0.00E+00,-11.74E+00,-11.69E+00,+23.07E+00,+5.654E+00
2,09/2/2026,19:05:31.117,-0.09E+00,-0.05E+00,+0.05E+00,+0.00E+00,-11.55E+00,-10.58E+00,+21.78E+00,+5.639E+00
2,09/2/2026,19:05:31.117,-0.09E+00,-0.05E+00,+0.05E+00,+0.00E+00,-11.37E+00,-9.48E+00,+20.48E+00,+5.616E+00
2,09/2/2026,19:05:31.117,-0.09E+00,-0.05E+00,+0.05E+00,+0.00E+00,-11.19E+00,-8.36E+00,+19.18E+00,+5.600E+00
2,09/2/2026,19:05:31.118,-0.09E+00,-0.05E+00,+0.00E+00,+0.00E+00,-10.99E+00,-7.25E+00,+17.88E+00,+5.578E+00
2,09/2/2026,19:05:31.118,-0.14E+00,-0.05E+00,+0.05E+00,+0.00E+00,-10.80E+00,-6.13E+00,+16.59E+00,+5.555E+00
2,09/2/2026,19:05:31.118,-0.14E+00,-0.05E+00,+0.05E+00,+0.00E+00,-10.62E+00,-5.02E+00,+15.29E+00,+5.532E+00
2,09/2/2026,19:05:31.118,-0.09E+00,-0.05E+00,+0.05E+00,+0.00E+00,-10.45E+00,-3.89E+00,+13.99E+00,+5.509E+00
2,09/2/2026,19:05:31.118,-0.09E+00,-0.05E+00,+0.05E+00,+0.00E+00,-10.27E+00,-2.76E+00,+12.68E+00,+5.486E+00
2,09/2/2026,19:05:31.118,-0.09E+00,-0.05E+00,+0.05E+00,+0.00E+00,-10.07E+00,-1.65E+00,+11.38E+00,+5.471E+00
2,09/2/2026,19:05:31.118,-0.09E+00,-0.09E+00,+0.05E+00,-0.05E+00,-9.89E+00,-0.53E+00,+10.07E+00,+5.440E+00
2,09/2/2026,19:05:31.118,-0.09E+00,-0.05E+00,+0.05E+00,+0.00E+00,-9.71E+00,+0.60E+00,+8.77E+00,+5.417E+00
2,09/2/2026,19:05:31.118,-0.09E+00,-0.05E+00,+0.05E+00,+0.00E+00,-9.51E+00,+1.71E+00,+7.46E+00,+5.387E+00
2,09/2/2026,19:05:31.118,-0.09E+00,-0.05E+00,+0.05E+00,+0.00E+00,-9.32E+00,+2.82E+00,+6.15E+00,+5.356E+00
2,09/2/2026,19:05:31.118,-0.09E+00,-0.05E+00,+0.00E+00,+0.00E+00,-9.13E+00,+3.94E+00,+4.84E+00,+5.333E+00
2,09/2/2026,19:05:31.118,-0.09E+00,-0.05E+00,+0.00E+00,+0.00E+00,-8.94E+00,+5.05E+00,+3.54E+00,+5.303E+00
2,09/2/2026,19:05:31.118,-0.09E+00,-0.05E+00,+0.05E+00,+0.00E+00,-8.74E+00,+6.18E+00,+2.23E+00,+5.272E+00
2,09/2/2026,19:05:31.118,-0.09E+00,-0.05E+00,+0.05E+00,+0.00E+00,-8.56E+00,+7.29E+00,+0.92E+00,+5.242E+00
2,09/2/2026,19:05:31.118,-0.09E+00,-0.09E+00,+0.05E+00,+0.00E+00,-8.36E+00,+8.41E+00,-0.40E+00,+5.211E+00
2,09/2/2026,19:05:31.118,-0.09E+00,-0.05E+00,+0.05E+00,+0.00E+00,-8.18E+00,+9.52E+00,-1.69E+00,+5.181E+00
2,09/2/2026,19:05:31.118,-0.09E+00,-0.05E+00,+0.05E+00,+0.00E+00,-7.98E+00,+10.64E+00,-2.99E+00,+5.143E+00
2,09/2/2026,19:05:31.118,-0.09E+00,-0.09E+00,+0.00E+00,-0.05E+00,-7.80E+00,+11.74E+00,-4.30E+00,+5.112E+00
2,09/2/2026,19:05:31.118,-0.09E+00,-0.05E+00,+0.05E+00,+0.00E+00,-7.57E+00,+12.83E+00,-5.62E+00,+5.074E+00
2,09/2/2026,19:05:31.118,-0.09E+00,-0.05E+00,+0.05E+00,+0.00E+00,-7.37E+00,+13.93E+00,-6.93E+00,+5.036E+00
2,09/2/2026,19:05:31.119,-0.09E+00,-0.05E+00,+0.05E+00,-0.05E+00,-7.16E+00,+15.03E+00,-8.24E+00,+4.998E+00
2,09/2/2026,19:05:31.119,-0.09E+00,-0.05E+00,+0.05E+00,+0.00E+00,-6.94E+00,+16.13E+00,-9.55E+00,+4.960E+00
2,09/2/2026,19:05:31.119,-0.09E+00,-0.05E+00,+0.05E+00,+0.00E+00,-6.73E+00,+17.23E+00,-10.87E+00,+4.921E+00
2,09/2/2026,19:05:31.119,-0.09E+00,-0.05E+00,+0.00E+00,+0.00E+00,-6.52E+00,+18.33E+00,-12.18E+00,+4.876E+00
2,09/2/2026,19:05:31.119,-0.09E+00,-0.05E+00,+0.05E+00,+0.00E+00,-6.30E+00,+19.43E+00,-13.49E+00,+4.837E+00
2,09/2/2026,19:05:31.119,-0.09E+00,-0.05E+00,+0.05E+00,+0.00E+00,-6.09E+00,+20.52E+00,-14.79E+00,+4.799E+00
2,09/2/2026,19:05:31.119,-0.09E+00,-0.05E+00,+0.05E+00,+0.00E+00,-5.88E+00,+21.61E+00,-16.10E+00,+4.761E+00
2,09/2/2026,19:05:31.119,-0.09E+00,-0.05E+00,+0.05E+00,+0.00E+00,-5.65E+00,+22.71E+00,-17.41E+00,+4.715E+00
2,09/2/2026,19:05:31.119,-0.09E+00,-0.05E+00,+0.00E+00,+0.00E+00,-5.43E+00,+23.81E+00,-18.72E+00,+4.677E+00
2,09/2/2026,19:05:31.119,-0.09E+00,-0.09E+00,+0.05E+00,+0.00E+00,-5.22E+00,+24.89E+00,-20.02E+00,+4.631E+00
2,09/2/2026,19:05:31.119,-0.09E+00,-0.05E+00,+0.05E+00,-0.05E+00,-5.01E+00,+25.97E+00,-21.33E+00,+4.593E+00
2,09/2/2026,19:05:31.119,-0.09E+00,-0.05E+00,+0.00E+00,-0.05E+00,-4.79E+00,+27.06E+00,-22.65E+00,+4.548E+00
2,09/2/2026,19:05:31.119,-0.09E+00,-0.05E+00,+0.05E+00,+0.00E+00,-4.56E+00,+28.12E+00,-23.94E+00,+4.502E+00
2,09/2/2026,19:05:31.119,-0.09E+00,-0.05E+00,+0.05E+00,+0.00E+00,-4.35E+00,+29.19E+00,-25.21E+00,+4.448E+00
2,09/2/2026,19:05:31.119,-0.09E+00,-0.05E+00,+0.05E+00,+0.00E+00,-4.12E+00,+30.25E+00,-26.49E+00,+4.395E+00
2,09/2/2026,19:05:31.119,-0.09E+00,-0.09E+00,+0.05E+00,+0.00E+00,-3.89E+00,+31.28E+00,-27.76E+00,+4.334E+00
2,09/2/2026,19:05:31.119,-0.09E+00,-0.09E+00,+0.05E+00,+0.00E+00,-3.66E+00,+32.31E+00,-28.99E+00,+4.273E+00
2,09/2/2026,19:05:31.119,-0.09E+00,-0.09E+00,+0.05E+00,+0.00E+00,-3.43E+00,+33.31E+00,-30.25E+00,+4.204E+00
2,09/2/2026,19:05:31.119,-0.09E+00,-0.05E+00,+0.05E+00,+0.00E+00,-3.19E+00,+34.30E+00,-31.48E+00,+4.136E+00
2,09/2/2026,19:05:31.119,-0.09E+00,-0.05E+00,+0.05E+00,+0.00E+00,-2.95E+00,+35.30E+00,-32.70E+00,+4.074E+00
2,09/2/2026,19:05:31.120,-0.09E+00,-0.05E+00,+0.05E+00,+0.00E+00,-2.72E+00,+36.26E+00,-33.91E+00,+3.998E+00
2,09/2/2026,19:05:31.120,-0.09E+00,-0.05E+00,+0.05E+00,+0.00E+00,-2.47E+00,+37.22E+00,-35.13E+00,+3.929E+00
2,09/2/2026,19:05:31.120,-0.09E+00,-0.05E+00,+0.05E+00,+0.00E+00,-2.23E+00,+38.18E+00,-36.32E+00,+3.861E+00
2,09/2/2026,19:05:31.120,-0.09E+00,-0.05E+00,+0.05E+00,+0.00E+00,-1.98E+00,+39.13E+00,-37.49E+00,+3.785E+00
2,09/2/2026,19:05:31.120,-0.09E+00,-0.05E+00,+0.05E+00,+0.00E+00,-1.72E+00,+40.04E+00,-38.68E+00,+3.708E+00
2,09/2/2026,19:05:31.120,-0.09E+00,-0.05E+00,+0.05E+00,+0.00E+00,-1.46E+00,+40.96E+00,-39.84E+00,+3.632E+00
2,09/2/2026,19:05:31.120,-0.09E+00,-0.09E+00,+0.05E+00,+0.00E+00,-1.22E+00,+41.84E+00,-40.99E+00,+3.556E+00
2,09/2/2026,19:05:31.120,-0.14E+00,-0.05E+00,+0.05E+00,+0.00E+00,-0.96E+00,+42.73E+00,-42.13E+00,+3.472E+00
2,09/2/2026,19:05:31.120,-0.09E+00,-0.05E+00,+0.05E+00,+0.00E+00,-0.70E+00,+43.60E+00,-43.25E+00,+3.395E+00
2,09/2/2026,19:05:31.120,-0.09E+00,-0.05E+00,+0.05E+00,+0.00E+00,-0.44E+00,+44.45E+00,-44.36E+00,+3.311E+00
2,09/2/2026,19:05:31.120,-0.09E+00,-0.05E+00,+0.05E+00,+0.00E+00,-0.18E+00,+45.28E+00,-45.46E+00,+3.228E+00
2,09/2/2026,19:05:31.120,-0.09E+00,-0.05E+00,+0.05E+00,+0.00E+00,+0.08E+00,+46.10E+00,-46.54E+00,+3.144E+00
2,09/2/2026,19:05:31.120,-0.09E+00,-0.05E+00,+0.05E+00,+0.00E+00,+0.34E+00,+46.93E+00,-47.63E+00,+3.060E+00
2,09/2/2026,19:05:31.120,-0.09E+00,-0.05E+00,+0.05E+00,+0.00E+00,+0.60E+00,+47.72E+00,-48.70E+00,+2.976E+00
2,09/2/2026,19:05:31.120,-0.09E+00,-0.05E+00,+0.05E+00,+0.00E+00,+0.85E+00,+48.51E+00,-49.73E+00,+2.892E+00
2,09/2/2026,19:05:31.120,-0.09E+00,-0.05E+00,+0.05E+00,+0.00E+00,+1.11E+00,+49.29E+00,-50.79E+00,+2.808E+00
2,09/2/2026,19:05:31.120,-0.09E+00,-0.05E+00,+0.05E+00,+0.00E+00,+1.37E+00,+50.05E+00,-51.81E+00,+2.716E+00
2,09/2/2026,19:05:31.120,-0.09E+00,-0.05E+00,+0.05E+00,+0.00E+00,+1.63E+00,+50.80E+00,-52.82E+00,+2.632E+00
2,09/2/2026,19:05:31.120,-0.09E+00,-0.05E+00,+0.05E+00,+0.00E+00,+1.91E+00,+51.53E+00,-53.81E+00,+2.548E+00
2,09/2/2026,19:05:31.120,-0.09E+00,-0.09E+00,+0.05E+00,+0.00E+00,+2.15E+00,+52.27E+00,-54.77E+00,+2.457E+00
2,09/2/2026,19:05:31.121,-0.09E+00,-0.05E+00,+0.05E+00,+0.00E+00,+2.40E+00,+52.97E+00,-55.75E+00,+2.373E+00
2,09/2/2026,19:05:31.121,-0.09E+00,-0.05E+00,+0.05E+00,+0.00E+00,+2.66E+00,+53.67E+00,-56.69E+00,+2.289E+00
2,09/2/2026,19:05:31.121,-0.09E+00,-0.05E+00,+0.05E+00,+0.00E+00,+2.90E+00,+54.37E+00,-57.62E+00,+2.205E+00
2,09/2/2026,19:05:31.121,-0.09E+00,-0.05E+00,+0.05E+00,+0.00E+00,+3.14E+00,+55.04E+00,-58.55E+00,+2.121E+00
2,09/2/2026,19:05:31.121,-0.09E+00,-0.05E+00,+0.00E+00,+0.00E+00,+3.39E+00,+55.71E+00,-59.45E+00,+2.037E+00
2,09/2/2026,19:05:31.121,-0.09E+00,-0.09E+00,+0.05E+00,+0.00E+00,+3.62E+00,+56.37E+00,-60.35E+00,+1.961E+00
2,09/2/2026,19:05:31.121,-0.09E+00,-0.05E+00,+0.05E+00,+0.00E+00,+3.86E+00,+57.01E+00,-61.24E+00,+1.877E+00
2,09/2/2026,19:05:31.121,-0.09E+00,-0.05E+00,+0.05E+00,+0.00E+00,+4.09E+00,+57.65E+00,-62.09E+00,+1.793E+00
2,09/2/2026,19:05:31.121,-0.09E+00,-0.05E+00,+0.05E+00,+0.00E+00,+4.32E+00,+58.26E+00,-62.95E+00,+1.717E+00
2,09/2/2026,19:05:31.121,-0.09E+00,-0.05E+00,+0.05E+00,+0.00E+00,+4.56E+00,+58.87E+00,-63.79E+00,+1.633E+00
2,09/2/2026,19:05:31.121,-0.09E+00,-0.09E+00,+0.05E+00,+0.00E+00,+4.78E+00,+59.47E+00,-64.63E+00,+1.549E+00
2,09/2/2026,19:05:31.121,-0.09E+00,-0.05E+00,+0.05E+00,+0.00E+00,+5.01E+00,+60.05E+00,-65.44E+00,+1.465E+00
2,09/2/2026,19:05:31.121,-0.09E+00,-0.05E+00,+0.05E+00,+0.00E+00,+5.23E+00,+60.61E+00,-66.23E+00,+1.389E+00
2,09/2/2026,19:05:31.121,-0.09E+00,-0.09E+00,+0.05E+00,+0.00E+00,+5.46E+00,+61.16E+00,-67.01E+00,+1.305E+00
2,09/2/2026,19:05:31.121,-0.09E+00,-0.05E+00,+0.05E+00,+0.00E+00,+5.69E+00,+61.70E+00,-67.79E+00,+1.221E+00
2,09/2/2026,19:05:31.121,-0.09E+00,-0.05E+00,+0.05E+00,+0.00E+00,+5.91E+00,+62.23E+00,-68.53E+00,+1.137E+00
2,09/2/2026,19:05:31.121,-0.09E+00,-0.05E+00,+0.05E+00,+0.00E+00,+6.13E+00,+62.75E+00,-69.27E+00,+1.053E+00
2,09/2/2026,19:05:31.121,-0.09E+00,-0.05E+00,+0.05E+00,+0.00E+00,+6.36E+00,+63.25E+00,-70.00E+00,+0.969E+00
2,09/2/2026,19:05:31.121,-0.09E+00,-0.05E+00,+0.05E+00,-0.05E+00,+6.58E+00,+63.74E+00,-70.70E+00,+0.885E+00
2,09/2/2026,19:05:31.121,-0.09E+00,-0.05E+00,+0.05E+00,-0.05E+00,+6.81E+00,+64.21E+00,-71.39E+00,+0.801E+00
2,09/2/2026,19:05:31.122,-0.09E+00,-0.05E+00,+0.05E+00,+0.00E+00,+7.02E+00,+64.66E+00,-72.06E+00,+0.717E+00
2,09/2/2026,19:05:31.122,-0.09E+00,-0.05E+00,+0.05E+00,+0.00E+00,+7.25E+00,+65.10E+00,-72.73E+00,+0.633E+00
2,09/2/2026,19:05:31.122,-0.09E+00,-0.05E+00,+0.05E+00,+0.00E+00,+7.48E+00,+65.53E+00,-73.37E+00,+0.549E+00
2,09/2/2026,19:05:31.122,-0.14E+00,-0.05E+00,+0.05E+00,+0.00E+00,+7.69E+00,+65.92E+00,-74.00E+00,+0.458E+00
2,09/2/2026,19:05:31.122,-0.09E+00,-0.05E+00,+0.05E+00,+0.00E+00,+7.90E+00,+66.32E+00,-74.62E+00,+0.374E+00
2,09/2/2026,19:05:31.122,-0.09E+00,-0.05E+00,+0.05E+00,+0.00E+00,+8.13E+00,+66.69E+00,-75.20E+00,+0.290E+00
2,09/2/2026,19:05:31.122,-0.09E+00,-0.05E+00,+0.05E+00,+0.00E+00,+8.35E+00,+67.05E+00,-75.80E+00,+0.198E+00
2,09/2/2026,19:05:31.122,-0.09E+00,-0.05E+00,+0.00E+00,+0.00E+00,+8.58E+00,+67.40E+00,-76.36E+00,+0.107E+00
2,09/2/2026,19:05:31.122,-0.09E+00,-0.05E+00,+0.05E+00,+0.00E+00,+8.79E+00,+67.74E+00,-76.91E+00,+0.023E+00
2,09/2/2026,19:05:31.122,-0.09E+00,-0.05E+00,+0.05E+00,+0.00E+00,+9.00E+00,+68.06E+00,-77.45E+00,-0.069E+00
2,09/2/2026,19:05:31.122,-0.09E+00,-0.05E+00,+0.05E+00,+0.00E+00,+9.23E+00,+68.35E+00,-77.98E+00,-0.153E+00
2,09/2/2026,19:05:31.122,-0.09E+00,-0.05E+00,+0.05E+00,+0.00E+00,+9.46E+00,+68.64E+00,-78.48E+00,-0.237E+00
2,09/2/2026,19:05:31.122,-0.09E+00,-0.05E+00,+0.05E+00,+0.00E+00,+9.67E+00,+68.92E+00,-78.97E+00,-0.328E+00
2,09/2/2026,19:05:31.122,-0.09E+00,-0.05E+00,+0.05E+00,+0.00E+00,+9.90E+00,+69.16E+00,-79.44E+00,-0.420E+00
2,09/2/2026,19:05:31.122,-0.14E+00,-0.05E+00,+0.05E+00,+0.00E+00,+10.12E+00,+69.40E+00,-79.90E+00,-0.511E+00
2,09/2/2026,19:05:31.122,-0.14E+00,-0.09E+00,+0.05E+00,+0.00E+00,+10.35E+00,+69.63E+00,-80.34E+00,-0.595E+00
2,09/2/2026,19:05:31.122,-0.09E+00,-0.09E+00,+0.05E+00,+0.00E+00,+10.56E+00,+69.85E+00,-80.79E+00,-0.687E+00
2,09/2/2026,19:05:31.122,-0.09E+00,-0.05E+00,+0.05E+00,+0.00E+00,+10.77E+00,+70.04E+00,-81.18E+00,-0.771E+00
2,09/2/2026,19:05:31.122,-0.09E+00,-0.05E+00,+0.05E+00,+0.00E+00,+10.99E+00,+70.23E+00,-81.58E+00,-0.855E+00
2,09/2/2026,19:05:31.122,-0.09E+00,-0.05E+00,+0.00E+00,+0.00E+00,+11.17E+00,+70.40E+00,-81.96E+00,-0.946E+00
2,09/2/2026,19:05:31.123,-0.09E+00,-0.05E+00,+0.05E+00,+0.00E+00,+11.37E+00,+70.55E+00,-82.31E+00,-1.030E+00
2,09/2/2026,19:05:31.123,-0.09E+00,-0.09E+00,+0.05E+00,+0.00E+00,+11.57E+00,+70.69E+00,-82.63E+00,-1.122E+00
2,09/2/2026,19:05:31.123,-0.09E+00,-0.05E+00,+0.05E+00,+0.00E+00,+11.75E+00,+70.79E+00,-82.94E+00,-1.206E+00
2,09/2/2026,19:05:31.123,-0.09E+00,-0.05E+00,+0.05E+00,+0.00E+00,+11.93E+00,+70.88E+00,-83.21E+00,-1.297E+00
2,09/2/2026,19:05:31.123,-0.09E+00,-0.05E+00,+0.05E+00,+0.00E+00,+12.10E+00,+70.98E+00,-83.47E+00,-1.389E+00
2,09/2/2026,19:05:31.123,-0.09E+00,-0.05E+00,+0.05E+00,+0.00E+00,+12.25E+00,+71.04E+00,-83.69E+00,-1.473E+00
2,09/2/2026,19:05:31.123,-0.14E+00,-0.05E+00,+0.05E+00,+0.00E+00,+12.41E+00,+71.08E+00,-83.87E+00,-1.557E+00
2,09/2/2026,19:05:31.123,-0.14E+00,-0.09E+00,+0.05E+00,-0.05E+00,+12.54E+00,+71.10E+00,-84.04E+00,-1.648E+00
2,09/2/2026,19:05:31.123,-0.09E+00,-0.09E+00,+0.05E+00,-0.05E+00,+12.70E+00,+71.10E+00,-84.18E+00,-1.740E+00
2,09/2/2026,19:05:31.123,-0.09E+00,-0.05E+00,+0.05E+00,+0.00E+00,+12.83E+00,+71.07E+00,-84.28E+00,-1.824E+00
2,09/2/2026,19:05:31.123,-0.09E+00,-0.05E+00,+0.05E+00,+0.00E+00,+12.96E+00,+71.04E+00,-84.37E+00,-1.908E+00
2,09/2/2026,19:05:31.123,-0.09E+00,-0.05E+00,+0.05E+00,+0.00E+00,+13.08E+00,+70.98E+00,-84.45E+00,-1.991E+00
2,09/2/2026,19:05:31.123,-0.14E+00,-0.05E+00,+0.05E+00,+0.00E+00,+13.20E+00,+70.91E+00,-84.50E+00,-2.075E+00
2,09/2/2026,19:05:31.123,-0.09E+00,-0.05E+00,+0.05E+00,+0.00E+00,+13.32E+00,+70.82E+00,-84.53E+00,-2.152E+00
2,09/2/2026,19:05:31.123,-0.09E+00,-0.05E+00,+0.00E+00,+0.00E+00,+13.44E+00,+70.72E+00,-84.54E+00,-2.236E+00
2,09/2/2026,19:05:31.123,-0.09E+00,-0.05E+00,+0.00E+00,+0.00E+00,+13.55E+00,+70.59E+00,-84.53E+00,-2.312E+00
2,09/2/2026,19:05:31.123,-0.09E+00,-0.05E+00,+0.05E+00,+0.00E+00,+13.67E+00,+70.44E+00,-84.48E+00,-2.388E+00
2,09/2/2026,19:05:31.123,-0.09E+00,-0.05E+00,+0.05E+00,+0.00E+00,+13.76E+00,+70.27E+00,-84.42E+00,-2.472E+00
2,09/2/2026,19:05:31.123,-0.09E+00,-0.05E+00,+0.05E+00,+0.00E+00,+13.87E+00,+70.11E+00,-84.34E+00,-2.548E+00
2,09/2/2026,19:05:31.123,-0.09E+00,-0.05E+00,+0.05E+00,-0.05E+00,+13.96E+00,+69.89E+00,-84.22E+00,-2.632E+00
2,09/2/2026,19:05:31.124,-0.09E+00,-0.05E+00,+0.05E+00,+0.00E+00,+14.04E+00,+69.65E+00,-84.07E+00,-2.709E+00
2,09/2/2026,19:05:31.124,-0.09E+00,-0.05E+00,+0.05E+00,+0.00E+00,+14.12E+00,+69.40E+00,-83.90E+00,-2.785E+00
2,09/2/2026,19:05:31.124,-0.09E+00,-0.05E+00,+0.05E+00,+0.00E+00,+14.21E+00,+69.13E+00,-83.72E+00,-2.869E+00
2,09/2/2026,19:05:31.124,-0.09E+00,-0.05E+00,+0.05E+00,+0.00E+00,+14.28E+00,+68.84E+00,-83.50E+00,-2.945E+00
2,09/2/2026,19:05:31.124,-0.09E+00,-0.09E+00,+0.05E+00,+0.00E+00,+14.36E+00,+68.52E+00,-83.26E+00,-3.022E+00
2,09/2/2026,19:05:31.124,-0.09E+00,-0.05E+00,+0.05E+00,+0.00E+00,+14.44E+00,+68.20E+00,-83.00E+00,-3.098E+00
2,09/2/2026,19:05:31.124,-0.09E+00,-0.05E+00,+0.05E+00,+0.00E+00,+14.51E+00,+67.85E+00,-82.71E+00,-3.174E+00
2,09/2/2026,19:05:31.124,-0.09E+00,-0.09E+00,+0.05E+00,+0.00E+00,+14.57E+00,+67.47E+00,-82.41E+00,-3.250E+00
2,09/2/2026,19:05:31.124,-0.09E+00,-0.05E+00,+0.05E+00,+0.00E+00,+14.65E+00,+67.07E+00,-82.10E+00,-3.327E+00
2,09/2/2026,19:05:31.124,-0.09E+00,-0.05E+00,+0.05E+00,+0.00E+00,+14.71E+00,+66.67E+00,-81.76E+00,-3.395E+00
2,09/2/2026,19:05:31.124,-0.09E+00,-0.05E+00,+0.00E+00,+0.00E+00,+14.79E+00,+66.26E+00,-81.40E+00,-3.464E+00
2,09/2/2026,19:05:31.124,-0.14E+00,-0.05E+00,+0.05E+00,+0.00E+00,+14.85E+00,+65.82E+00,-81.03E+00,-3.533E+00
2,09/2/2026,19:05:31.124,-0.09E+00,-0.05E+00,+0.05E+00,+0.00E+00,+14.91E+00,+65.37E+00,-80.63E+00,-3.601E+00
2,09/2/2026,19:05:31.124,-0.09E+00,-0.05E+00,+0.05E+00,+0.00E+00,+14.97E+00,+64.90E+00,-80.22E+00,-3.662E+00
2,09/2/2026,19:05:31.124,-0.09E+00,-0.05E+00,+0.05E+00,+0.00E+00,+15.02E+00,+64.41E+00,-79.80E+00,-3.731E+00
2,09/2/2026,19:05:31.124,-0.09E+00,-0.05E+00,+0.05E+00,+0.00E+00,+15.08E+00,+63.91E+00,-79.35E+00,-3.800E+00
2,09/2/2026,19:05:31.124,-0.09E+00,-0.09E+00,+0.05E+00,+0.00E+00,+15.12E+00,+63.38E+00,-78.86E+00,-3.868E+00
2,09/2/2026,19:05:31.124,-0.09E+00,-0.05E+00,+0.05E+00,+0.00E+00,+15.18E+00,+62.84E+00,-78.39E+00,-3.929E+00
2,09/2/2026,19:05:31.124,-0.09E+00,-0.05E+00,+0.05E+00,-0.05E+00,+15.23E+00,+62.29E+00,-77.87E+00,-3.998E+00
2,09/2/2026,19:05:31.124,-0.09E+00,-0.09E+00,+0.05E+00,+0.00E+00,+15.28E+00,+61.71E+00,-77.34E+00,-4.067E+00
2,09/2/2026,19:05:31.125,-0.09E+00,-0.09E+00,+0.00E+00,+0.00E+00,+15.31E+00,+61.13E+00,-76.79E+00,-4.120E+00
2,09/2/2026,19:05:31.125,-0.09E+00,-0.05E+00,+0.00E+00,+0.00E+00,+15.35E+00,+60.52E+00,-76.22E+00,-4.181E+00
2,09/2/2026,19:05:31.125,-0.09E+00,-0.05E+00,+0.05E+00,+0.00E+00,+15.38E+00,+59.91E+00,-75.64E+00,-4.242E+00
2,09/2/2026,19:05:31.125,-0.09E+00,-0.05E+00,+0.05E+00,-0.05E+00,+15.41E+00,+59.30E+00,-75.05E+00,-4.296E+00
2,09/2/2026,19:05:31.125,-0.09E+00,-0.05E+00,+0.05E+00,+0.00E+00,+15.43E+00,+58.66E+00,-74.42E+00,-4.349E+00
2,09/2/2026,19:05:31.125,-0.09E+00,-0.09E+00,+0.00E+00,+0.00E+00,+15.46E+00,+57.99E+00,-73.80E+00,-4.410E+00
2,09/2/2026,19:05:31.125,-0.09E+00,-0.05E+00,+0.00E+00,+0.00E+00,+15.47E+00,+57.32E+00,-73.14E+00,-4.464E+00
2,09/2/2026,19:05:31.125,-0.09E+00,-0.05E+00,+0.05E+00,+0.00E+00,+15.50E+00,+56.63E+00,-72.47E+00,-4.517E+00
2,09/2/2026,19:05:31.125,-0.09E+00,-0.05E+00,+0.05E+00,+0.00E+00,+15.52E+00,+55.93E+00,-71.78E+00,-4.570E+00
2,09/2/2026,19:05:31.125,-0.09E+00,-0.05E+00,+0.05E+00,-0.05E+00,+15.53E+00,+55.20E+00,-71.08E+00,-4.631E+00
2,09/2/2026,19:05:31.125,-0.09E+00,-0.05E+00,+0.05E+00,-0.05E+00,+15.55E+00,+54.46E+00,-70.35E+00,-4.685E+00
2,09/2/2026,19:05:31.125,-0.09E+00,-0.05E+00,+0.05E+00,+0.00E+00,+15.57E+00,+53.72E+00,-69.60E+00,-4.746E+00
2,09/2/2026,19:05:31.125,-0.09E+00,-0.05E+00,+0.00E+00,+0.00E+00,+15.57E+00,+52.95E+00,-68.84E+00,-4.792E+00
2,09/2/2026,19:05:31.125,-0.09E+00,-0.05E+00,+0.00E+00,+0.00E+00,+15.57E+00,+52.17E+00,-68.05E+00,-4.845E+00
2,09/2/2026,19:05:31.125,-0.09E+00,-0.05E+00,+0.05E+00,-0.05E+00,+15.57E+00,+51.38E+00,-67.25E+00,-4.899E+00
2,09/2/2026,19:05:31.125,-0.14E+00,-0.05E+00,+0.05E+00,+0.00E+00,+15.57E+00,+50.57E+00,-66.44E+00,-4.952E+00
2,09/2/2026,19:05:31.125,-0.09E+00,-0.05E+00,+0.05E+00,+0.00E+00,+15.58E+00,+49.75E+00,-65.60E+00,-4.998E+00
2,09/2/2026,19:05:31.125,-0.09E+00,-0.05E+00,+0.05E+00,+0.00E+00,+15.57E+00,+48.91E+00,-64.75E+00,-5.043E+00
2,09/2/2026,19:05:31.125,-0.09E+00,-0.09E+00,+0.05E+00,+0.00E+00,+15.57E+00,+48.05E+00,-63.86E+00,-5.097E+00
2,09/2/2026,19:05:31.125,-0.09E+00,-0.05E+00,+0.05E+00,+0.00E+00,+15.55E+00,+47.18E+00,-62.99E+00,-5.150E+00
2,09/2/2026,19:05:31.126,-0.09E+00,-0.05E+00,+0.05E+00,+0.00E+00,+15.55E+00,+46.30E+00,-62.09E+00,-5.196E+00
2,09/2/2026,19:05:31.126,-0.09E+00,-0.05E+00,+0.05E+00,+0.00E+00,+15.53E+00,+45.41E+00,-61.16E+00,-5.242E+00
2,09/2/2026,19:05:31.126,-0.09E+00,-0.05E+00,+0.00E+00,+0.00E+00,+15.52E+00,+44.50E+00,-60.22E+00,-5.288E+00
2,09/2/2026,19:05:31.126,-0.09E+00,-0.05E+00,+0.05E+00,+0.00E+00,+15.49E+00,+43.58E+00,-59.27E+00,-5.333E+00
2,09/2/2026,19:05:31.126,-0.09E+00,-0.05E+00,+0.05E+00,+0.00E+00,+15.47E+00,+42.65E+00,-58.31E+00,-5.372E+00
2,09/2/2026,19:05:31.126,-0.09E+00,-0.05E+00,+0.05E+00,+0.00E+00,+15.44E+00,+41.72E+00,-57.32E+00,-5.417E+00
2,09/2/2026,19:05:31.126,-0.09E+00,-0.05E+00,+0.05E+00,-0.05E+00,+15.41E+00,+40.78E+00,-56.33E+00,-5.456E+00
2,09/2/2026,19:05:31.126,-0.09E+00,-0.05E+00,+0.05E+00,+0.00E+00,+15.37E+00,+39.81E+00,-55.30E+00,-5.494E+00
2,09/2/2026,19:05:31.126,-0.09E+00,-0.05E+00,+0.05E+00,+0.00E+00,+15.32E+00,+38.85E+00,-54.28E+00,-5.524E+00
2,09/2/2026,19:05:31.126,-0.09E+00,-0.05E+00,+0.05E+00,+0.00E+00,+15.24E+00,+37.89E+00,-53.24E+00,-5.555E+00
2,09/2/2026,19:05:31.126,-0.09E+00,-0.05E+00,+0.05E+00,+0.00E+00,+15.17E+00,+36.91E+00,-52.19E+00,-5.578E+00
2,09/2/2026,19:05:31.126,-0.09E+00,-0.05E+00,+0.00E+00,+0.00E+00,+15.11E+00,+35.94E+00,-51.11E+00,-5.593E+00
2,09/2/2026,19:05:31.126,-0.14E+00,-0.05E+00,+0.05E+00,+0.00E+00,+15.02E+00,+34.96E+00,-50.02E+00,-5.616E+00
2,09/2/2026,19:05:31.126,-0.09E+00,-0.05E+00,+0.05E+00,-0.05E+00,+14.92E+00,+33.97E+00,-48.92E+00,-5.639E+00
2,09/2/2026,19:05:31.126,-0.09E+00,-0.05E+00,+0.05E+00,+0.00E+00,+14.82E+00,+32.96E+00,-47.81E+00,-5.654E+00
2,09/2/2026,19:05:31.126,-0.09E+00,-0.05E+00,+0.05E+00,+0.00E+00,+14.71E+00,+31.95E+00,-46.70E+00,-5.669E+00
2,09/2/2026,19:05:31.126,-0.09E+00,-0.05E+00,+0.05E+00,+0.00E+00,+14.62E+00,+30.93E+00,-45.55E+00,-5.684E+00
2,09/2/2026,19:05:31.126,-0.09E+00,-0.09E+00,+0.00E+00,+0.00E+00,+14.50E+00,+29.91E+00,-44.41E+00,-5.700E+00
2,09/2/2026,19:05:31.126,-0.09E+00,-0.09E+00,+0.00E+00,+0.00E+00,+14.38E+00,+28.87E+00,-43.25E+00,-5.707E+00
2,09/2/2026,19:05:31.126,-0.09E+00,-0.05E+00,+0.05E+00,+0.00E+00,+14.25E+00,+27.85E+00,-42.07E+00,-5.723E+00
2,09/2/2026,19:05:31.127,-0.09E+00,-0.05E+00,+0.00E+00,+0.00E+00,+14.12E+00,+26.80E+00,-40.88E+00,-5.730E+00
2,09/2/2026,19:05:31.127,-0.09E+00,-0.05E+00,+0.05E+00,+0.00E+00,+13.98E+00,+25.76E+00,-39.69E+00,-5.730E+00
2,09/2/2026,19:05:31.127,-0.09E+00,-0.05E+00,+0.05E+00,+0.00E+00,+13.84E+00,+24.71E+00,-38.49E+00,-5.738E+00
2,09/2/2026,19:05:31.127,-0.09E+00,-0.05E+00,+0.00E+00,+0.00E+00,+13.70E+00,+23.65E+00,-37.28E+00,-5.738E+00
2,09/2/2026,19:05:31.127,-0.09E+00,-0.05E+00,+0.00E+00,+0.00E+00,+13.55E+00,+22.59E+00,-36.04E+00,-5.738E+00
2,09/2/2026,19:05:31.127,-0.09E+00,-0.05E+00,+0.05E+00,+0.00E+00,+13.38E+00,+21.52E+00,-34.82E+00,-5.738E+00
2,09/2/2026,19:05:31.127,-0.09E+00,-0.05E+00,+0.05E+00,+0.00E+00,+13.23E+00,+20.45E+00,-33.57E+00,-5.730E+00
2,09/2/2026,19:05:31.127,-0.09E+00,-0.05E+00,+0.00E+00,+0.00E+00,+13.06E+00,+19.38E+00,-32.32E+00,-5.723E+00
2,09/2/2026,19:05:31.127,-0.09E+00,-0.05E+00,+0.05E+00,+0.00E+00,+12.89E+00,+18.30E+00,-31.07E+00,-5.715E+00
2,09/2/2026,19:05:31.127,-0.14E+00,-0.05E+00,+0.05E+00,+0.00E+00,+12.71E+00,+17.23E+00,-29.80E+00,-5.707E+00
2,09/2/2026,19:05:31.127,-0.09E+00,-0.05E+00,+0.00E+00,-0.05E+00,+12.54E+00,+16.15E+00,-28.54E+00,-5.700E+00
2,09/2/2026,19:05:31.127,-0.09E+00,-0.05E+00,+0.05E+00,+0.00E+00,+12.36E+00,+15.05E+00,-27.27E+00,-5.692E+00
2,09/2/2026,19:05:31.127,-0.09E+00,-0.05E+00,+0.05E+00,+0.00E+00,+12.19E+00,+13.95E+00,-25.99E+00,-5.677E+00
2,09/2/2026,19:05:31.127,-0.09E+00,-0.05E+00,+0.05E+00,+0.00E+00,+12.01E+00,+12.85E+00,-24.71E+00,-5.662E+00
2,09/2/2026,19:05:31.127,-0.09E+00,-0.05E+00,+0.05E+00,+0.00E+00,+11.83E+00,+11.75E+00,-23.41E+00,-5.654E+00
2,09/2/2026,19:05:31.127,-0.14E+00,-0.05E+00,+0.05E+00,+0.00E+00,+11.64E+00,+10.64E+00,-22.11E+00,-5.631E+00
2,09/2/2026,19:05:31.127,-0.09E+00,-0.05E+00,+0.05E+00,+0.00E+00,+11.46E+00,+9.54E+00,-20.81E+00,-5.616E+00
2,09/2/2026,19:05:31.127,-0.09E+00,-0.09E+00,+0.05E+00,+0.00E+00,+11.29E+00,+8.44E+00,-19.52E+00,-5.600E+00
2,09/2/2026,19:05:31.127,-0.09E+00,-0.05E+00,+0.05E+00,+0.00E+00,+11.11E+00,+7.32E+00,-18.24E+00,-5.578E+00
2,09/2/2026,19:05:31.127,-0.09E+00,-0.05E+00,+0.00E+00,+0.00E+00,+10.91E+00,+6.21E+00,-16.94E+00,-5.562E+00
2,09/2/2026,19:05:31.128,-0.09E+00,-0.05E+00,+0.00E+00,+0.00E+00,+10.73E+00,+5.11E+00,-15.63E+00,-5.539E+00
2,09/2/2026,19:05:31.128,-0.09E+00,-0.05E+00,+0.05E+00,+0.00E+00,+10.54E+00,+4.00E+00,-14.34E+00,-5.517E+00
2,09/2/2026,19:05:31.128,-0.09E+00,-0.05E+00,+0.05E+00,+0.00E+00,+10.36E+00,+2.88E+00,-13.05E+00,-5.494E+00
2,09/2/2026,19:05:31.128,-0.09E+00,-0.05E+00,+0.05E+00,+0.00E+00,+10.18E+00,+1.75E+00,-11.74E+00,-5.478E+00
2,09/2/2026,19:05:31.128,-0.09E+00,-0.09E+00,+0.05E+00,+0.00E+00,+10.00E+00,+0.64E+00,-10.44E+00,-5.456E+00
2,09/2/2026,19:05:31.128,-0.09E+00,-0.05E+00,+0.05E+00,+0.00E+00,+9.81E+00,-0.47E+00,-9.14E+00,-5.433E+00
2,09/2/2026,19:05:31.128,-0.09E+00,-0.05E+00,+0.05E+00,+0.00E+00,+9.61E+00,-1.59E+00,-7.84E+00,-5.402E+00
2,09/2/2026,19:05:31.128,-0.09E+00,-0.05E+00,+0.00E+00,+0.00E+00,+9.43E+00,-2.70E+00,-6.55E+00,-5.379E+00
2,09/2/2026,19:05:31.128,-0.14E+00,-0.05E+00,+0.00E+00,+0.00E+00,+9.25E+00,-3.82E+00,-5.23E+00,-5.349E+00
2,09/2/2026,19:05:31.128,-0.09E+00,-0.05E+00,+0.05E+00,+0.00E+00,+9.05E+00,-4.93E+00,-3.94E+00,-5.326E+00
2,09/2/2026,19:05:31.128,-0.09E+00,-0.09E+00,+0.05E+00,+0.00E+00,+8.87E+00,-6.04E+00,-2.64E+00,-5.295E+00
2,09/2/2026,19:05:31.128,-0.09E+00,-0.09E+00,+0.05E+00,+0.00E+00,+8.68E+00,-7.16E+00,-1.34E+00,-5.265E+00
2,09/2/2026,19:05:31.128,-0.09E+00,-0.05E+00,+0.05E+00,+0.00E+00,+8.48E+00,-8.27E+00,-0.05E+00,-5.234E+00
2,09/2/2026,19:05:31.128,-0.09E+00,-0.05E+00,+0.05E+00,+0.00E+00,+8.29E+00,-9.37E+00,+1.25E+00,-5.204E+00
2,09/2/2026,19:05:31.128,-0.09E+00,-0.05E+00,+0.05E+00,+0.00E+00,+8.10E+00,-10.48E+00,+2.53E+00,-5.166E+00
2,09/2/2026,19:05:31.128,-0.09E+00,-0.05E+00,+0.05E+00,+0.00E+00,+7.90E+00,-11.60E+00,+3.83E+00,-5.135E+00
2,09/2/2026,19:05:31.128,-0.09E+00,-0.05E+00,+0.05E+00,+0.00E+00,+7.71E+00,-12.70E+00,+5.11E+00,-5.105E+00
2,09/2/2026,19:05:31.128,-0.09E+00,-0.05E+00,+0.05E+00,+0.00E+00,+7.51E+00,-13.80E+00,+6.41E+00,-5.066E+00
2,09/2/2026,19:05:31.128,-0.09E+00,-0.05E+00,+0.00E+00,+0.00E+00,+7.29E+00,-14.89E+00,+7.72E+00,-5.028E+00
2,09/2/2026,19:05:31.128,-0.09E+00,-0.05E+00,+0.05E+00,+0.00E+00,+7.08E+00,-15.98E+00,+9.00E+00,-4.990E+00
2,09/2/2026,19:05:31.129,-0.09E+00,-0.05E+00,+0.05E+00,+0.00E+00,+6.87E+00,-17.08E+00,+10.30E+00,-4.952E+00
2,09/2/2026,19:05:31.129,-0.09E+00,-0.05E+00,+0.05E+00,+0.00E+00,+6.65E+00,-18.16E+00,+11.60E+00,-4.914E+00
2,09/2/2026,19:05:31.129,-0.09E+00,-0.05E+00,+0.05E+00,+0.00E+00,+6.44E+00,-19.24E+00,+12.89E+00,-4.876E+00
2,09/2/2026,19:05:31.129,-0.09E+00,-0.05E+00,+0.05E+00,+0.00E+00,+6.23E+00,-20.34E+00,+14.18E+00,-4.837E+00
2,09/2/2026,19:05:31.129,-0.09E+00,-0.09E+00,+0.05E+00,+0.00E+00,+6.01E+00,-21.44E+00,+15.47E+00,-4.799E+00
2,09/2/2026,19:05:31.129,-0.09E+00,-0.09E+00,+0.05E+00,-0.05E+00,+5.81E+00,-22.52E+00,+16.76E+00,-4.754E+00
2,09/2/2026,19:05:31.129,-0.09E+00,-0.05E+00,+0.05E+00,-0.05E+00,+5.59E+00,-23.61E+00,+18.05E+00,-4.715E+00
2,09/2/2026,19:05:31.129,-0.09E+00,-0.05E+00,+0.05E+00,+0.00E+00,+5.37E+00,-24.71E+00,+19.33E+00,-4.677E+00
2,09/2/2026,19:05:31.129,-0.09E+00,-0.05E+00,+0.05E+00,+0.00E+00,+5.16E+00,-25.79E+00,+20.63E+00,-4.631E+00
2,09/2/2026,19:05:31.129,-0.09E+00,-0.05E+00,+0.05E+00,+0.00E+00,+4.94E+00,-26.87E+00,+21.93E+00,-4.593E+00
2,09/2/2026,19:05:31.129,-0.09E+00,-0.05E+00,+0.05E+00,+0.00E+00,+4.72E+00,-27.94E+00,+23.21E+00,-4.548E+00
2,09/2/2026,19:05:31.129,-0.09E+00,-0.05E+00,+0.00E+00,+0.00E+00,+4.50E+00,-29.01E+00,+24.49E+00,-4.502E+00
2,09/2/2026,19:05:31.129,-0.14E+00,-0.05E+00,+0.00E+00,+0.00E+00,+4.27E+00,-30.08E+00,+25.77E+00,-4.456E+00
2,09/2/2026,19:05:31.129,-0.09E+00,-0.05E+00,+0.05E+00,+0.00E+00,+4.04E+00,-31.15E+00,+27.03E+00,-4.403E+00
2,09/2/2026,19:05:31.129,-0.09E+00,-0.05E+00,+0.05E+00,+0.00E+00,+3.82E+00,-32.20E+00,+28.29E+00,-4.342E+00
2,09/2/2026,19:05:31.129,-0.09E+00,-0.05E+00,+0.05E+00,+0.00E+00,+3.60E+00,-33.22E+00,+29.54E+00,-4.288E+00
2,09/2/2026,19:05:31.129,-0.09E+00,-0.05E+00,+0.05E+00,-0.05E+00,+3.37E+00,-34.23E+00,+30.76E+00,-4.227E+00
2,09/2/2026,19:05:31.129,-0.09E+00,-0.05E+00,+0.05E+00,-0.05E+00,+3.13E+00,-35.24E+00,+31.97E+00,-4.158E+00
2,09/2/2026,19:05:31.129,-0.09E+00,-0.09E+00,+0.05E+00,-0.05E+00,+2.90E+00,-36.21E+00,+33.19E+00,-4.090E+00
2,09/2/2026,19:05:31.129,-0.09E+00,-0.09E+00,+0.00E+00,+0.00E+00,+2.66E+00,-37.19E+00,+34.41E+00,-4.021E+00
2,09/2/2026,19:05:31.130,-0.09E+00,-0.05E+00,+0.00E+00,+0.00E+00,+2.41E+00,-38.15E+00,+35.60E+00,-3.952E+00
2,09/2/2026,19:05:31.130,-0.09E+00,-0.05E+00,+0.05E+00,+0.00E+00,+2.17E+00,-39.11E+00,+36.79E+00,-3.884E+00
2,09/2/2026,19:05:31.130,-0.09E+00,-0.09E+00,+0.05E+00,+0.00E+00,+1.92E+00,-40.04E+00,+37.98E+00,-3.807E+00
2,09/2/2026,19:05:31.130,-0.09E+00,-0.05E+00,+0.00E+00,-0.05E+00,+1.66E+00,-40.99E+00,+39.14E+00,-3.739E+00
2,09/2/2026,19:05:31.130,-0.14E+00,-0.05E+00,+0.05E+00,+0.00E+00,+1.42E+00,-41.89E+00,+40.32E+00,-3.662E+00
2,09/2/2026,19:05:31.130,-0.14E+00,-0.05E+00,+0.05E+00,+0.00E+00,+1.16E+00,-42.79E+00,+41.46E+00,-3.579E+00
2,09/2/2026,19:05:31.130,-0.09E+00,-0.05E+00,+0.05E+00,+0.00E+00,+0.90E+00,-43.67E+00,+42.61E+00,-3.502E+00
2,09/2/2026,19:05:31.130,-0.09E+00,-0.05E+00,+0.05E+00,+0.00E+00,+0.64E+00,-44.54E+00,+43.72E+00,-3.418E+00
2,09/2/2026,19:05:31.130,-0.09E+00,-0.09E+00,+0.05E+00,+0.00E+00,+0.38E+00,-45.40E+00,+44.83E+00,-3.342E+00
2,09/2/2026,19:05:31.130,-0.09E+00,-0.09E+00,+0.05E+00,+0.00E+00,+0.12E+00,-46.24E+00,+45.93E+00,-3.258E+00
2,09/2/2026,19:05:31.130,-0.09E+00,-0.09E+00,+0.05E+00,+0.00E+00,-0.14E+00,-47.08E+00,+47.02E+00,-3.174E+00
2,09/2/2026,19:05:31.130,-0.09E+00,-0.05E+00,+0.05E+00,+0.00E+00,-0.38E+00,-47.90E+00,+48.10E+00,-3.090E+00
2,09/2/2026,19:05:31.130,-0.09E+00,-0.05E+00,+0.00E+00,+0.00E+00,-0.64E+00,-48.71E+00,+49.15E+00,-3.006E+00
2,09/2/2026,19:05:31.130,-0.09E+00,-0.05E+00,+0.00E+00,+0.00E+00,-0.92E+00,-49.50E+00,+50.21E+00,-2.922E+00
2,09/2/2026,19:05:31.130,-0.09E+00,-0.05E+00,+0.05E+00,+0.00E+00,-1.18E+00,-50.28E+00,+51.24E+00,-2.831E+00
2,09/2/2026,19:05:31.130,-0.09E+00,-0.05E+00,+0.05E+00,-0.05E+00,-1.43E+00,-51.05E+00,+52.27E+00,-2.747E+00
2,09/2/2026,19:05:31.130,-0.09E+00,-0.05E+00,+0.05E+00,+0.00E+00,-1.69E+00,-51.79E+00,+53.27E+00,-2.663E+00
2,09/2/2026,19:05:31.130,-0.09E+00,-0.05E+00,+0.05E+00,+0.00E+00,-1.95E+00,-52.56E+00,+54.28E+00,-2.579E+00
2,09/2/2026,19:05:31.130,-0.09E+00,-0.09E+00,+0.05E+00,+0.00E+00,-2.21E+00,-53.27E+00,+55.26E+00,-2.495E+00
2,09/2/2026,19:05:31.130,-0.09E+00,-0.05E+00,+0.05E+00,+0.00E+00,-2.46E+00,-53.99E+00,+56.23E+00,-2.403E+00
2,09/2/2026,19:05:31.131,-0.09E+00,-0.05E+00,+0.05E+00,+0.00E+00,-2.72E+00,-54.71E+00,+57.18E+00,-2.320E+00
2,09/2/2026,19:05:31.131,-0.09E+00,-0.09E+00,+0.05E+00,+0.00E+00,-2.96E+00,-55.41E+00,+58.13E+00,-2.236E+00
2,09/2/2026,19:05:31.131,-0.09E+00,-0.05E+00,+0.05E+00,+0.00E+00,-3.20E+00,-56.08E+00,+59.06E+00,-2.152E+00
2,09/2/2026,19:05:31.131,-0.09E+00,-0.05E+00,+0.05E+00,+0.00E+00,-3.45E+00,-56.75E+00,+59.96E+00,-2.068E+00
2,09/2/2026,19:05:31.131,-0.09E+00,-0.05E+00,+0.05E+00,+0.00E+00,-3.68E+00,-57.42E+00,+60.86E+00,-1.984E+00
2,09/2/2026,19:05:31.131,-0.09E+00,-0.05E+00,+0.05E+00,+0.00E+00,-3.92E+00,-58.08E+00,+61.74E+00,-1.908E+00
2,09/2/2026,19:05:31.131,-0.09E+00,-0.05E+00,+0.00E+00,+0.00E+00,-4.17E+00,-58.71E+00,+62.61E+00,-1.824E+00
2,09/2/2026,19:05:31.131,-0.14E+00,-0.05E+00,+0.05E+00,+0.00E+00,-4.39E+00,-59.33E+00,+63.47E+00,-1.740E+00
2,09/2/2026,19:05:31.131,-0.09E+00,-0.05E+00,+0.05E+00,+0.00E+00,-4.62E+00,-59.94E+00,+64.31E+00,-1.656E+00
2,09/2/2026,19:05:31.131,-0.09E+00,-0.05E+00,+0.05E+00,+0.00E+00,-4.85E+00,-60.55E+00,+65.15E+00,-1.572E+00
2,09/2/2026,19:05:31.131,-0.09E+00,-0.09E+00,+0.05E+00,+0.00E+00,-5.08E+00,-61.13E+00,+65.97E+00,-1.495E+00
2,09/2/2026,19:05:31.131,-0.09E+00,-0.09E+00,+0.05E+00,+0.00E+00,-5.31E+00,-61.71E+00,+66.76E+00,-1.412E+00
2,09/2/2026,19:05:31.131,-0.09E+00,-0.05E+00,+0.05E+00,+0.00E+00,-5.54E+00,-62.26E+00,+67.54E+00,-1.328E+00
2,09/2/2026,19:05:31.131,-0.09E+00,-0.05E+00,+0.05E+00,+0.00E+00,-5.77E+00,-62.81E+00,+68.32E+00,-1.251E+00
2,09/2/2026,19:05:31.131,-0.09E+00,-0.05E+00,+0.05E+00,+0.00E+00,-6.00E+00,-63.36E+00,+69.08E+00,-1.167E+00
2,09/2/2026,19:05:31.131,-0.09E+00,-0.05E+00,+0.05E+00,+0.00E+00,-6.23E+00,-63.88E+00,+69.83E+00,-1.083E+00
2,09/2/2026,19:05:31.131,-0.09E+00,-0.05E+00,+0.05E+00,+0.00E+00,-6.44E+00,-64.40E+00,+70.56E+00,-1.000E+00
2,09/2/2026,19:05:31.131,-0.09E+00,-0.09E+00,+0.05E+00,+0.00E+00,-6.65E+00,-64.89E+00,+71.28E+00,-0.923E+00
2,09/2/2026,19:05:31.131,-0.09E+00,-0.05E+00,+0.05E+00,+0.00E+00,-6.88E+00,-65.37E+00,+71.98E+00,-0.839E+00
2,09/2/2026,19:05:31.131,-0.09E+00,-0.05E+00,+0.05E+00,+0.00E+00,-7.10E+00,-65.85E+00,+72.67E+00,-0.755E+00
2,09/2/2026,19:05:31.132,-0.09E+00,-0.05E+00,+0.05E+00,+0.00E+00,-7.32E+00,-66.29E+00,+73.33E+00,-0.671E+00
2,09/2/2026,19:05:31.132,-0.09E+00,-0.05E+00,+0.05E+00,+0.00E+00,-7.54E+00,-66.72E+00,+73.98E+00,-0.580E+00
2,09/2/2026,19:05:31.132,-0.09E+00,-0.09E+00,+0.00E+00,+0.00E+00,-7.77E+00,-67.14E+00,+74.62E+00,-0.496E+00
2,09/2/2026,19:05:31.132,-0.09E+00,-0.05E+00,+0.05E+00,+0.00E+00,-8.00E+00,-67.54E+00,+75.25E+00,-0.412E+00
2,09/2/2026,19:05:31.132,-0.09E+00,-0.05E+00,+0.05E+00,+0.00E+00,-8.21E+00,-67.94E+00,+75.86E+00,-0.320E+00
2,09/2/2026,19:05:31.132,-0.09E+00,-0.09E+00,+0.05E+00,+0.00E+00,-8.44E+00,-68.30E+00,+76.44E+00,-0.237E+00
2,09/2/2026,19:05:31.132,-0.09E+00,-0.09E+00,+0.05E+00,+0.00E+00,-8.65E+00,-68.66E+00,+77.02E+00,-0.145E+00
2,09/2/2026,19:05:31.132,-0.09E+00,-0.05E+00,+0.05E+00,+0.00E+00,-8.88E+00,-69.01E+00,+77.58E+00,-0.061E+00
2,09/2/2026,19:05:31.132,-0.09E+00,-0.05E+00,+0.05E+00,+0.00E+00,-9.10E+00,-69.34E+00,+78.13E+00,+0.031E+00
2,09/2/2026,19:05:31.132,-0.09E+00,-0.05E+00,+0.05E+00,+0.00E+00,-9.32E+00,-69.66E+00,+78.68E+00,+0.114E+00
2,09/2/2026,19:05:31.132,-0.09E+00,-0.05E+00,+0.05E+00,+0.00E+00,-9.55E+00,-69.95E+00,+79.19E+00,+0.206E+00
2,09/2/2026,19:05:31.132,-0.09E+00,-0.05E+00,+0.05E+00,+0.00E+00,-9.77E+00,-70.24E+00,+79.69E+00,+0.290E+00
2,09/2/2026,19:05:31.132,-0.09E+00,-0.05E+00,+0.05E+00,+0.00E+00,-9.98E+00,-70.50E+00,+80.18E+00,+0.382E+00
2,09/2/2026,19:05:31.132,-0.09E+00,-0.05E+00,+0.05E+00,+0.00E+00,-10.21E+00,-70.76E+00,+80.65E+00,+0.473E+00
2,09/2/2026,19:05:31.132,-0.09E+00,-0.05E+00,+0.00E+00,+0.00E+00,-10.44E+00,-71.01E+00,+81.11E+00,+0.557E+00
2,09/2/2026,19:05:31.132,-0.09E+00,-0.09E+00,+0.00E+00,+0.00E+00,-10.65E+00,-71.22E+00,+81.55E+00,+0.649E+00
2,09/2/2026,19:05:31.132,-0.14E+00,-0.05E+00,+0.05E+00,+0.00E+00,-10.87E+00,-71.43E+00,+81.98E+00,+0.740E+00
2,09/2/2026,19:05:31.132,-0.09E+00,-0.05E+00,+0.05E+00,-0.05E+00,-11.08E+00,-71.63E+00,+82.37E+00,+0.824E+00
2,09/2/2026,19:05:31.132,-0.09E+00,-0.05E+00,+0.05E+00,-0.05E+00,-11.29E+00,-71.81E+00,+82.77E+00,+0.916E+00
2,09/2/2026,19:05:31.132,-0.09E+00,-0.05E+00,+0.05E+00,+0.00E+00,-11.49E+00,-71.98E+00,+83.14E+00,+1.000E+00
2,09/2/2026,19:05:31.133,-0.09E+00,-0.05E+00,+0.00E+00,+0.00E+00,-11.69E+00,-72.13E+00,+83.49E+00,+1.091E+00
2,09/2/2026,19:05:31.133,-0.09E+00,-0.05E+00,+0.00E+00,+0.00E+00,-11.87E+00,-72.27E+00,+83.82E+00,+1.175E+00
2,09/2/2026,19:05:31.133,-0.09E+00,-0.05E+00,+0.05E+00,+0.00E+00,-12.06E+00,-72.38E+00,+84.13E+00,+1.259E+00
2,09/2/2026,19:05:31.133,-0.09E+00,-0.05E+00,+0.05E+00,-0.05E+00,-12.24E+00,-72.49E+00,+84.39E+00,+1.351E+00
2,09/2/2026,19:05:31.133,-0.09E+00,-0.05E+00,+0.05E+00,+0.00E+00,-12.41E+00,-72.58E+00,+84.65E+00,+1.442E+00
2,09/2/2026,19:05:31.133,-0.09E+00,-0.05E+00,+0.05E+00,+0.00E+00,-12.57E+00,-72.62E+00,+84.86E+00,+1.526E+00
2,09/2/2026,19:05:31.133,-0.09E+00,-0.05E+00,+0.05E+00,+0.00E+00,-12.71E+00,-72.67E+00,+85.05E+00,+1.618E+00
2,09/2/2026,19:05:31.133,-0.09E+00,-0.05E+00,+0.05E+00,+0.00E+00,-12.86E+00,-72.68E+00,+85.21E+00,+1.709E+00
2,09/2/2026,19:05:31.133,-0.09E+00,-0.05E+00,+0.00E+00,+0.00E+00,-13.00E+00,-72.68E+00,+85.33E+00,+1.793E+00
2,09/2/2026,19:05:31.133,-0.14E+00,-0.05E+00,+0.05E+00,+0.00E+00,-13.14E+00,-72.67E+00,+85.46E+00,+1.877E+00
2,09/2/2026,19:05:31.133,-0.09E+00,-0.09E+00,+0.05E+00,+0.00E+00,-13.26E+00,-72.62E+00,+85.55E+00,+1.969E+00
2,09/2/2026,19:05:31.133,-0.09E+00,-0.05E+00,+0.05E+00,+0.00E+00,-13.38E+00,-72.56E+00,+85.61E+00,+2.052E+00
2,09/2/2026,19:05:31.133,-0.09E+00,-0.05E+00,+0.00E+00,+0.00E+00,-13.51E+00,-72.49E+00,+85.66E+00,+2.136E+00
2,09/2/2026,19:05:31.133,-0.09E+00,-0.05E+00,+0.05E+00,+0.00E+00,-13.63E+00,-72.39E+00,+85.69E+00,+2.213E+00
2,09/2/2026,19:05:31.133,-0.09E+00,-0.05E+00,+0.05E+00,+0.00E+00,-13.75E+00,-72.29E+00,+85.70E+00,+2.297E+00
2,09/2/2026,19:05:31.133,-0.09E+00,-0.05E+00,+0.05E+00,+0.00E+00,-13.86E+00,-72.17E+00,+85.69E+00,+2.381E+00
2,09/2/2026,19:05:31.133,-0.09E+00,-0.05E+00,+0.05E+00,+0.00E+00,-13.98E+00,-72.01E+00,+85.64E+00,+2.457E+00
2,09/2/2026,19:05:31.133,-0.09E+00,-0.05E+00,+0.05E+00,+0.00E+00,-14.09E+00,-71.84E+00,+85.59E+00,+2.533E+00
2,09/2/2026,19:05:31.133,-0.09E+00,-0.05E+00,+0.05E+00,+0.00E+00,-14.18E+00,-71.66E+00,+85.50E+00,+2.617E+00
2,09/2/2026,19:05:31.133,-0.09E+00,-0.05E+00,+0.05E+00,+0.00E+00,-14.27E+00,-71.46E+00,+85.40E+00,+2.693E+00
2,09/2/2026,19:05:31.134,-0.14E+00,-0.09E+00,+0.05E+00,+0.00E+00,-14.36E+00,-71.23E+00,+85.24E+00,+2.770E+00
2,09/2/2026,19:05:31.134,-0.09E+00,-0.09E+00,+0.00E+00,+0.00E+00,-14.44E+00,-70.99E+00,+85.08E+00,+2.854E+00
2,09/2/2026,19:05:31.134,-0.09E+00,-0.05E+00,+0.00E+00,+0.00E+00,-14.51E+00,-70.72E+00,+84.88E+00,+2.930E+00
2,09/2/2026,19:05:31.134,-0.09E+00,-0.05E+00,+0.05E+00,+0.00E+00,-14.59E+00,-70.43E+00,+84.66E+00,+3.006E+00
2,09/2/2026,19:05:31.134,-0.09E+00,-0.05E+00,+0.05E+00,+0.00E+00,-14.67E+00,-70.11E+00,+84.42E+00,+3.090E+00
2,09/2/2026,19:05:31.134,-0.09E+00,-0.09E+00,+0.05E+00,+0.00E+00,-14.74E+00,-69.77E+00,+84.16E+00,+3.166E+00
2,09/2/2026,19:05:31.134,-0.09E+00,-0.05E+00,+0.05E+00,+0.00E+00,-14.80E+00,-69.42E+00,+83.89E+00,+3.243E+00
2,09/2/2026,19:05:31.134,-0.09E+00,-0.05E+00,+0.05E+00,+0.00E+00,-14.88E+00,-69.05E+00,+83.58E+00,+3.319E+00
2,09/2/2026,19:05:31.134,-0.09E+00,-0.05E+00,+0.05E+00,+0.00E+00,-14.95E+00,-68.66E+00,+83.26E+00,+3.395E+00
2,09/2/2026,19:05:31.134,-0.09E+00,-0.05E+00,+0.05E+00,+0.00E+00,-15.02E+00,-68.26E+00,+82.92E+00,+3.464E+00
2,09/2/2026,19:05:31.134,-0.09E+00,-0.05E+00,+0.00E+00,+0.00E+00,-15.09E+00,-67.85E+00,+82.57E+00,+3.533E+00
2,09/2/2026,19:05:31.134,-0.14E+00,-0.05E+00,+0.05E+00,+0.00E+00,-15.15E+00,-67.40E+00,+82.21E+00,+3.601E+00
2,09/2/2026,19:05:31.134,-0.09E+00,-0.05E+00,+0.05E+00,+0.00E+00,-15.21E+00,-66.95E+00,+81.83E+00,+3.670E+00
2,09/2/2026,19:05:31.134,-0.09E+00,-0.05E+00,+0.05E+00,+0.00E+00,-15.28E+00,-66.49E+00,+81.40E+00,+3.739E+00
2,09/2/2026,19:05:31.134,-0.09E+00,-0.05E+00,+0.05E+00,+0.00E+00,-15.34E+00,-66.00E+00,+80.99E+00,+3.807E+00
2,09/2/2026,19:05:31.134,-0.09E+00,-0.05E+00,+0.05E+00,+0.00E+00,-15.40E+00,-65.50E+00,+80.53E+00,+3.876E+00
2,09/2/2026,19:05:31.134,-0.09E+00,-0.05E+00,+0.05E+00,+0.00E+00,-15.44E+00,-64.96E+00,+80.05E+00,+3.945E+00
2,09/2/2026,19:05:31.134,-0.09E+00,-0.09E+00,+0.05E+00,+0.00E+00,-15.49E+00,-64.43E+00,+79.58E+00,+4.013E+00
2,09/2/2026,19:05:31.134,-0.09E+00,-0.09E+00,+0.05E+00,+0.00E+00,-15.53E+00,-63.88E+00,+79.06E+00,+4.074E+00
2,09/2/2026,19:05:31.134,-0.09E+00,-0.05E+00,+0.05E+00,+0.00E+00,-15.58E+00,-63.31E+00,+78.53E+00,+4.136E+00
2,09/2/2026,19:05:31.135,-0.09E+00,-0.05E+00,+0.05E+00,+0.00E+00,-15.61E+00,-62.72E+00,+77.98E+00,+4.197E+00
2,09/2/2026,19:05:31.135,-0.09E+00,-0.05E+00,+0.05E+00,+0.00E+00,-15.64E+00,-62.12E+00,+77.43E+00,+4.258E+00
2,09/2/2026,19:05:31.135,-0.09E+00,-0.05E+00,+0.05E+00,+0.00E+00,-15.67E+00,-61.51E+00,+76.85E+00,+4.319E+00
2,09/2/2026,19:05:31.135,-0.14E+00,-0.05E+00,+0.05E+00,+0.00E+00,-15.70E+00,-60.89E+00,+76.26E+00,+4.372E+00
2,09/2/2026,19:05:31.135,-0.14E+00,-0.09E+00,+0.05E+00,+0.00E+00,-15.73E+00,-60.25E+00,+75.63E+00,+4.425E+00
2,09/2/2026,19:05:31.135,-0.09E+00,-0.05E+00,+0.05E+00,+0.00E+00,-15.76E+00,-59.59E+00,+75.02E+00,+4.486E+00
2,09/2/2026,19:05:31.135,-0.09E+00,-0.05E+00,+0.05E+00,+0.00E+00,-15.79E+00,-58.93E+00,+74.38E+00,+4.540E+00
2,09/2/2026,19:05:31.135,-0.09E+00,-0.09E+00,+0.05E+00,-0.05E+00,-15.81E+00,-58.25E+00,+73.71E+00,+4.593E+00
2,09/2/2026,19:05:31.135,-0.09E+00,-0.05E+00,+0.05E+00,-0.05E+00,-15.82E+00,-57.55E+00,+73.04E+00,+4.647E+00
2,09/2/2026,19:05:31.135,-0.09E+00,-0.05E+00,+0.05E+00,+0.00E+00,-15.84E+00,-56.83E+00,+72.32E+00,+4.708E+00
2,09/2/2026,19:05:31.135,-0.09E+00,-0.05E+00,+0.00E+00,+0.00E+00,-15.86E+00,-56.08E+00,+71.59E+00,+4.761E+00
2,09/2/2026,19:05:31.135,-0.09E+00,-0.05E+00,+0.00E+00,+0.00E+00,-15.86E+00,-55.33E+00,+70.85E+00,+4.815E+00
2,09/2/2026,19:05:31.135,-0.09E+00,-0.05E+00,+0.05E+00,+0.00E+00,-15.87E+00,-54.57E+00,+70.09E+00,+4.876E+00
2,09/2/2026,19:05:31.135,-0.09E+00,-0.05E+00,+0.05E+00,+0.00E+00,-15.87E+00,-53.79E+00,+69.31E+00,+4.929E+00
2,09/2/2026,19:05:31.135,-0.09E+00,-0.05E+00,+0.05E+00,+0.00E+00,-15.87E+00,-53.00E+00,+68.52E+00,+4.982E+00
2,09/2/2026,19:05:31.135,-0.14E+00,-0.09E+00,+0.05E+00,+0.00E+00,-15.86E+00,-52.19E+00,+67.71E+00,+5.028E+00
2,09/2/2026,19:05:31.135,-0.14E+00,-0.09E+00,+0.05E+00,+0.00E+00,-15.87E+00,-51.37E+00,+66.90E+00,+5.082E+00
2,09/2/2026,19:05:31.135,-0.09E+00,-0.05E+00,+0.05E+00,+0.00E+00,-15.86E+00,-50.54E+00,+66.05E+00,+5.127E+00
2,09/2/2026,19:05:31.135,-0.09E+00,-0.05E+00,+0.05E+00,+0.00E+00,-15.86E+00,-49.69E+00,+65.19E+00,+5.173E+00
2,09/2/2026,19:05:31.135,-0.09E+00,-0.05E+00,+0.05E+00,+0.00E+00,-15.84E+00,-48.82E+00,+64.32E+00,+5.227E+00
2,09/2/2026,19:05:31.136,-0.09E+00,-0.05E+00,+0.00E+00,+0.00E+00,-15.84E+00,-47.95E+00,+63.42E+00,+5.272E+00
2,09/2/2026,19:05:31.136,-0.09E+00,-0.09E+00,+0.00E+00,+0.00E+00,-15.82E+00,-47.06E+00,+62.52E+00,+5.326E+00
2,09/2/2026,19:05:31.136,-0.09E+00,-0.09E+00,+0.05E+00,+0.00E+00,-15.81E+00,-46.15E+00,+61.61E+00,+5.372E+00
2,09/2/2026,19:05:31.136,-0.09E+00,-0.05E+00,+0.05E+00,+0.00E+00,-15.78E+00,-45.23E+00,+60.66E+00,+5.410E+00
2,09/2/2026,19:05:31.136,-0.09E+00,-0.05E+00,+0.05E+00,+0.00E+00,-15.76E+00,-44.30E+00,+59.70E+00,+5.456E+00
2,09/2/2026,19:05:31.136,-0.09E+00,-0.09E+00,+0.05E+00,+0.00E+00,-15.73E+00,-43.37E+00,+58.74E+00,+5.501E+00
2,09/2/2026,19:05:31.136,-0.09E+00,-0.05E+00,+0.05E+00,+0.00E+00,-15.69E+00,-42.42E+00,+57.74E+00,+5.532E+00
2,09/2/2026,19:05:31.136,-0.09E+00,-0.05E+00,+0.05E+00,+0.00E+00,-15.64E+00,-41.48E+00,+56.75E+00,+5.570E+00
2,09/2/2026,19:05:31.136,-0.09E+00,-0.05E+00,+0.05E+00,+0.00E+00,-15.58E+00,-40.52E+00,+55.73E+00,+5.600E+00
2,09/2/2026,19:05:31.136,-0.09E+00,-0.05E+00,+0.05E+00,+0.00E+00,-15.52E+00,-39.55E+00,+54.71E+00,+5.631E+00
2,09/2/2026,19:05:31.136,-0.09E+00,-0.05E+00,+0.05E+00,+0.00E+00,-15.44E+00,-38.59E+00,+53.67E+00,+5.654E+00
2,09/2/2026,19:05:31.136,-0.09E+00,-0.05E+00,+0.05E+00,+0.00E+00,-15.37E+00,-37.62E+00,+52.62E+00,+5.677E+00
2,09/2/2026,19:05:31.136,-0.09E+00,-0.05E+00,+0.00E+00,+0.00E+00,-15.28E+00,-36.62E+00,+51.55E+00,+5.700E+00
2,09/2/2026,19:05:31.136,-0.09E+00,-0.05E+00,+0.05E+00,-0.05E+00,-15.20E+00,-35.65E+00,+50.47E+00,+5.715E+00
2,09/2/2026,19:05:31.136,-0.14E+00,-0.05E+00,+0.05E+00,+0.00E+00,-15.09E+00,-34.66E+00,+49.38E+00,+5.730E+00
2,09/2/2026,19:05:31.136,-0.09E+00,-0.05E+00,+0.05E+00,+0.00E+00,-15.00E+00,-33.63E+00,+48.27E+00,+5.753E+00
2,09/2/2026,19:05:31.136,-0.09E+00,-0.05E+00,+0.05E+00,+0.00E+00,-14.88E+00,-32.63E+00,+47.15E+00,+5.768E+00
2,09/2/2026,19:05:31.136,-0.09E+00,-0.05E+00,+0.05E+00,+0.00E+00,-14.76E+00,-31.60E+00,+46.02E+00,+5.776E+00
2,09/2/2026,19:05:31.136,-0.09E+00,-0.05E+00,+0.00E+00,+0.00E+00,-14.63E+00,-30.57E+00,+44.86E+00,+5.784E+00
2,09/2/2026,19:05:31.136,-0.14E+00,-0.09E+00,+0.00E+00,+0.00E+00,-14.51E+00,-29.53E+00,+43.71E+00,+5.799E+00
2,09/2/2026,19:05:31.137,-0.14E+00,-0.05E+00,+0.05E+00,+0.00E+00,-14.38E+00,-28.49E+00,+42.53E+00,+5.807E+00
2,09/2/2026,19:05:31.137,-0.09E+00,-0.05E+00,+0.05E+00,+0.00E+00,-14.24E+00,-27.44E+00,+41.36E+00,+5.814E+00
2,09/2/2026,19:05:31.137,-0.09E+00,-0.05E+00,+0.05E+00,+0.00E+00,-14.10E+00,-26.40E+00,+40.15E+00,+5.814E+00
2,09/2/2026,19:05:31.137,-0.09E+00,-0.05E+00,+0.05E+00,+0.00E+00,-13.95E+00,-25.35E+00,+38.96E+00,+5.814E+00
2,09/2/2026,19:05:31.137,-0.09E+00,-0.05E+00,+0.05E+00,+0.00E+00,-13.81E+00,-24.28E+00,+37.75E+00,+5.814E+00
2,09/2/2026,19:05:31.137,-0.14E+00,-0.05E+00,+0.05E+00,-0.05E+00,-13.66E+00,-23.21E+00,+36.53E+00,+5.814E+00
2,09/2/2026,19:05:31.137,-0.09E+00,-0.05E+00,+0.05E+00,+0.00E+00,-13.49E+00,-22.14E+00,+35.30E+00,+5.807E+00
2,09/2/2026,19:05:31.137,-0.09E+00,-0.05E+00,+0.05E+00,+0.00E+00,-13.32E+00,-21.07E+00,+34.06E+00,+5.807E+00
2,09/2/2026,19:05:31.137,-0.09E+00,-0.05E+00,+0.05E+00,+0.00E+00,-13.15E+00,-20.01E+00,+32.81E+00,+5.791E+00
2,09/2/2026,19:05:31.137,-0.09E+00,-0.09E+00,+0.05E+00,+0.00E+00,-12.97E+00,-18.92E+00,+31.56E+00,+5.784E+00
2,09/2/2026,19:05:31.137,-0.14E+00,-0.05E+00,+0.05E+00,+0.00E+00,-12.80E+00,-17.84E+00,+30.31E+00,+5.776E+00
2,09/2/2026,19:05:31.137,-0.09E+00,-0.05E+00,+0.05E+00,+0.00E+00,-12.62E+00,-16.76E+00,+29.04E+00,+5.768E+00
2,09/2/2026,19:05:31.137,-0.09E+00,-0.05E+00,+0.05E+00,+0.00E+00,-12.44E+00,-15.66E+00,+27.76E+00,+5.753E+00
2,09/2/2026,19:05:31.137,-0.09E+00,-0.09E+00,+0.05E+00,+0.00E+00,-12.27E+00,-14.56E+00,+26.48E+00,+5.745E+00
2,09/2/2026,19:05:31.137,-0.09E+00,-0.09E+00,+0.05E+00,+0.00E+00,-12.09E+00,-13.46E+00,+25.19E+00,+5.730E+00
2,09/2/2026,19:05:31.137,-0.09E+00,-0.05E+00,+0.00E+00,+0.00E+00,-11.90E+00,-12.36E+00,+23.91E+00,+5.715E+00
2,09/2/2026,19:05:31.137,-0.09E+00,-0.05E+00,+0.00E+00,+0.00E+00,-11.72E+00,-11.25E+00,+22.63E+00,+5.700E+00
2,09/2/2026,19:05:31.137,-0.09E+00,-0.09E+00,+0.05E+00,+0.00E+00,-11.54E+00,-10.13E+00,+21.32E+00,+5.677E+00
2,09/2/2026,19:05:31.137,-0.09E+00,-0.05E+00,+0.05E+00,+0.00E+00,-11.35E+00,-9.03E+00,+20.02E+00,+5.654E+00
2,09/2/2026,19:05:31.137,-0.09E+00,-0.05E+00,+0.05E+00,+0.00E+00,-11.17E+00,-7.92E+00,+18.72E+00,+5.639E+00
2,09/2/2026,19:05:31.138,-0.09E+00,-0.05E+00,+0.05E+00,+0.00E+00,-10.99E+00,-6.79E+00,+17.43E+00,+5.616E+00
2,09/2/2026,19:05:31.138,-0.09E+00,-0.05E+00,+0.05E+00,+0.00E+00,-10.80E+00,-5.68E+00,+16.13E+00,+5.593E+00
2,09/2/2026,19:05:31.138,-0.09E+00,-0.05E+00,+0.05E+00,+0.00E+00,-10.61E+00,-4.56E+00,+14.83E+00,+5.578E+00
2,09/2/2026,19:05:31.138,-0.09E+00,-0.09E+00,+0.05E+00,-0.05E+00,-10.42E+00,-3.45E+00,+13.54E+00,+5.547E+00
2,09/2/2026,19:05:31.138,-0.09E+00,-0.05E+00,+0.05E+00,+0.00E+00,-10.24E+00,-2.33E+00,+12.22E+00,+5.532E+00
2,09/2/2026,19:05:31.138,-0.09E+00,-0.05E+00,+0.05E+00,+0.00E+00,-10.06E+00,-1.21E+00,+10.91E+00,+5.509E+00
2,09/2/2026,19:05:31.138,-0.09E+00,-0.05E+00,+0.05E+00,+0.00E+00,-9.87E+00,-0.09E+00,+9.61E+00,+5.478E+00
2,09/2/2026,19:05:31.138,-0.09E+00,-0.05E+00,+0.05E+00,+0.00E+00,-9.67E+00,+1.02E+00,+8.30E+00,+5.456E+00
2,09/2/2026,19:05:31.138,-0.09E+00,-0.05E+00,+0.05E+00,+0.00E+00,-9.49E+00,+2.15E+00,+6.99E+00,+5.425E+00
2,09/2/2026,19:05:31.138,-0.09E+00,-0.05E+00,+0.05E+00,+0.00E+00,-9.29E+00,+3.27E+00,+5.69E+00,+5.402E+00
2,09/2/2026,19:05:31.138,-0.09E+00,-0.05E+00,+0.05E+00,+0.00E+00,-9.11E+00,+4.38E+00,+4.38E+00,+5.372E+00
2,09/2/2026,19:05:31.138,-0.09E+00,-0.05E+00,+0.05E+00,+0.00E+00,-8.93E+00,+5.49E+00,+3.07E+00,+5.341E+00
2,09/2/2026,19:05:31.138,-0.09E+00,-0.05E+00,+0.05E+00,+0.00E+00,-8.73E+00,+6.61E+00,+1.77E+00,+5.311E+00
2,09/2/2026,19:05:31.138,-0.09E+00,-0.09E+00,+0.05E+00,+0.00E+00,-8.53E+00,+7.72E+00,+0.47E+00,+5.280E+00
2,09/2/2026,19:05:31.138,-0.09E+00,-0.05E+00,+0.05E+00,+0.00E+00,-8.35E+00,+8.84E+00,-0.84E+00,+5.242E+00
2,09/2/2026,19:05:31.138,-0.14E+00,-0.05E+00,+0.05E+00,+0.00E+00,-8.15E+00,+9.95E+00,-2.14E+00,+5.211E+00
2,09/2/2026,19:05:31.138,-0.14E+00,-0.05E+00,+0.05E+00,+0.00E+00,-7.97E+00,+11.05E+00,-3.43E+00,+5.181E+00
2,09/2/2026,19:05:31.138,-0.09E+00,-0.05E+00,+0.05E+00,+0.00E+00,-7.75E+00,+12.15E+00,-4.75E+00,+5.143E+00
2,09/2/2026,19:05:31.138,-0.09E+00,-0.09E+00,+0.00E+00,+0.00E+00,-7.54E+00,+13.25E+00,-6.06E+00,+5.105E+00
2,09/2/2026,19:05:31.138,-0.14E+00,-0.09E+00,+0.00E+00,+0.00E+00,-7.32E+00,+14.34E+00,-7.37E+00,+5.066E+00
2,09/2/2026,19:05:31.139,-0.14E+00,-0.05E+00,+0.05E+00,-0.05E+00,-7.11E+00,+15.44E+00,-8.68E+00,+5.028E+00
2,09/2/2026,19:05:31.139,-0.09E+00,-0.05E+00,+0.05E+00,+0.00E+00,-6.90E+00,+16.54E+00,-10.00E+00,+4.982E+00
2,09/2/2026,19:05:31.139,-0.09E+00,-0.05E+00,+0.05E+00,+0.05E+00,-6.68E+00,+17.63E+00,-11.31E+00,+4.944E+00
2,09/2/2026,19:05:31.139,-0.09E+00,-0.05E+00,+0.05E+00,+0.00E+00,-6.47E+00,+18.72E+00,-12.60E+00,+4.906E+00
2,09/2/2026,19:05:31.139,-0.14E+00,-0.05E+00,+0.05E+00,+0.00E+00,-6.26E+00,+19.82E+00,-13.92E+00,+4.868E+00
2,09/2/2026,19:05:31.139,-0.09E+00,-0.05E+00,+0.05E+00,+0.00E+00,-6.06E+00,+20.91E+00,-15.21E+00,+4.830E+00
2,09/2/2026,19:05:31.139,-0.09E+00,-0.09E+00,+0.05E+00,+0.00E+00,-5.84E+00,+21.99E+00,-16.53E+00,+4.792E+00
2,09/2/2026,19:05:31.139,-0.09E+00,-0.05E+00,+0.05E+00,+0.00E+00,-5.63E+00,+23.09E+00,-17.82E+00,+4.754E+00
2,09/2/2026,19:05:31.139,-0.09E+00,-0.05E+00,+0.05E+00,+0.00E+00,-5.40E+00,+24.19E+00,-19.14E+00,+4.708E+00
2,09/2/2026,19:05:31.139,-0.09E+00,-0.05E+00,+0.05E+00,+0.00E+00,-5.19E+00,+25.27E+00,-20.43E+00,+4.670E+00
2,09/2/2026,19:05:31.139,-0.09E+00,-0.05E+00,+0.05E+00,+0.00E+00,-4.97E+00,+26.34E+00,-21.75E+00,+4.624E+00
2,09/2/2026,19:05:31.139,-0.09E+00,-0.05E+00,+0.05E+00,+0.00E+00,-4.76E+00,+27.42E+00,-23.04E+00,+4.578E+00
2,09/2/2026,19:05:31.139,-0.09E+00,-0.09E+00,+0.05E+00,+0.00E+00,-4.53E+00,+28.49E+00,-24.34E+00,+4.525E+00
2,09/2/2026,19:05:31.139,-0.09E+00,-0.09E+00,+0.00E+00,+0.00E+00,-4.30E+00,+29.54E+00,-25.61E+00,+4.479E+00
2,09/2/2026,19:05:31.139,-0.09E+00,-0.05E+00,+0.05E+00,+0.00E+00,-4.07E+00,+30.60E+00,-26.89E+00,+4.418E+00
2,09/2/2026,19:05:31.139,-0.09E+00,-0.05E+00,+0.05E+00,+0.00E+00,-3.85E+00,+31.63E+00,-28.14E+00,+4.357E+00
2,09/2/2026,19:05:31.139,-0.09E+00,-0.05E+00,+0.05E+00,+0.00E+00,-3.62E+00,+32.64E+00,-29.39E+00,+4.296E+00
2,09/2/2026,19:05:31.139,-0.09E+00,-0.05E+00,+0.05E+00,+0.00E+00,-3.39E+00,+33.65E+00,-30.63E+00,+4.227E+00
2,09/2/2026,19:05:31.139,-0.09E+00,-0.05E+00,+0.05E+00,+0.00E+00,-3.14E+00,+34.63E+00,-31.85E+00,+4.166E+00
2,09/2/2026,19:05:31.139,-0.09E+00,-0.05E+00,+0.05E+00,+0.00E+00,-2.90E+00,+35.62E+00,-33.05E+00,+4.097E+00
2,09/2/2026,19:05:31.140,-0.09E+00,-0.05E+00,+0.05E+00,+0.00E+00,-2.66E+00,+36.59E+00,-34.27E+00,+4.029E+00
2,09/2/2026,19:05:31.140,-0.09E+00,-0.05E+00,+0.05E+00,+0.00E+00,-2.43E+00,+37.54E+00,-35.48E+00,+3.960E+00
2,09/2/2026,19:05:31.140,-0.09E+00,-0.05E+00,+0.00E+00,+0.00E+00,-2.18E+00,+38.49E+00,-36.67E+00,+3.884E+00
2,09/2/2026,19:05:31.140,-0.09E+00,-0.05E+00,+0.05E+00,+0.00E+00,-1.94E+00,+39.42E+00,-37.85E+00,+3.815E+00
2,09/2/2026,19:05:31.140,-0.09E+00,-0.05E+00,+0.05E+00,+0.00E+00,-1.68E+00,+40.33E+00,-39.02E+00,+3.739E+00
2,09/2/2026,19:05:31.140,-0.09E+00,-0.05E+00,+0.05E+00,+0.00E+00,-1.42E+00,+41.23E+00,-40.18E+00,+3.655E+00
2,09/2/2026,19:05:31.140,-0.09E+00,-0.05E+00,+0.05E+00,+0.00E+00,-1.16E+00,+42.12E+00,-41.32E+00,+3.579E+00
2,09/2/2026,19:05:31.140,-0.09E+00,-0.05E+00,+0.05E+00,+0.00E+00,-0.90E+00,+42.99E+00,-42.47E+00,+3.495E+00
2,09/2/2026,19:05:31.140,-0.09E+00,-0.09E+00,+0.00E+00,+0.00E+00,-0.63E+00,+43.86E+00,-43.58E+00,+3.411E+00
2,09/2/2026,19:05:31.140,-0.09E+00,-0.09E+00,+0.05E+00,+0.00E+00,-0.37E+00,+44.70E+00,-44.70E+00,+3.327E+00
2,09/2/2026,19:05:31.140,-0.09E+00,-0.09E+00,+0.05E+00,+0.00E+00,-0.12E+00,+45.54E+00,-45.78E+00,+3.250E+00
2,09/2/2026,19:05:31.140,-0.09E+00,-0.05E+00,+0.05E+00,+0.00E+00,+0.15E+00,+46.36E+00,-46.88E+00,+3.166E+00
2,09/2/2026,19:05:31.140,-0.09E+00,-0.05E+00,+0.05E+00,+0.00E+00,+0.41E+00,+47.17E+00,-47.95E+00,+3.075E+00
2,09/2/2026,19:05:31.140,-0.09E+00,-0.05E+00,+0.05E+00,+0.00E+00,+0.67E+00,+47.98E+00,-49.00E+00,+2.991E+00
2,09/2/2026,19:05:31.140,-0.09E+00,-0.05E+00,+0.05E+00,+0.00E+00,+0.93E+00,+48.76E+00,-50.05E+00,+2.907E+00
2,09/2/2026,19:05:31.140,-0.09E+00,-0.05E+00,+0.05E+00,+0.00E+00,+1.19E+00,+49.53E+00,-51.08E+00,+2.823E+00
2,09/2/2026,19:05:31.140,-0.14E+00,-0.05E+00,+0.05E+00,-0.05E+00,+1.45E+00,+50.28E+00,-52.10E+00,+2.739E+00
2,09/2/2026,19:05:31.140,-0.09E+00,-0.05E+00,+0.05E+00,+0.00E+00,+1.71E+00,+51.03E+00,-53.09E+00,+2.655E+00
2,09/2/2026,19:05:31.140,-0.09E+00,-0.05E+00,+0.05E+00,+0.00E+00,+1.97E+00,+51.76E+00,-54.08E+00,+2.564E+00
2,09/2/2026,19:05:31.140,-0.09E+00,-0.05E+00,+0.05E+00,+0.00E+00,+2.23E+00,+52.48E+00,-55.06E+00,+2.480E+00
2,09/2/2026,19:05:31.141,-0.09E+00,-0.09E+00,+0.05E+00,+0.00E+00,+2.47E+00,+53.18E+00,-56.02E+00,+2.396E+00
2,09/2/2026,19:05:31.141,-0.09E+00,-0.05E+00,+0.00E+00,+0.00E+00,+2.72E+00,+53.88E+00,-56.97E+00,+2.304E+00
2,09/2/2026,19:05:31.141,-0.09E+00,-0.05E+00,+0.00E+00,-0.05E+00,+2.96E+00,+54.57E+00,-57.90E+00,+2.220E+00
2,09/2/2026,19:05:31.141,-0.09E+00,-0.05E+00,+0.05E+00,+0.00E+00,+3.22E+00,+55.24E+00,-58.81E+00,+2.136E+00
2,09/2/2026,19:05:31.141,-0.09E+00,-0.05E+00,+0.05E+00,+0.00E+00,+3.45E+00,+55.91E+00,-59.73E+00,+2.052E+00
2,09/2/2026,19:05:31.141,-0.09E+00,-0.05E+00,+0.05E+00,+0.00E+00,+3.69E+00,+56.57E+00,-60.61E+00,+1.976E+00
2,09/2/2026,19:05:31.141,-0.09E+00,-0.09E+00,+0.05E+00,+0.00E+00,+3.92E+00,+57.21E+00,-61.50E+00,+1.892E+00
2,09/2/2026,19:05:31.141,-0.09E+00,-0.05E+00,+0.05E+00,-0.05E+00,+4.17E+00,+57.84E+00,-62.37E+00,+1.808E+00
2,09/2/2026,19:05:31.141,-0.09E+00,-0.09E+00,+0.05E+00,-0.05E+00,+4.38E+00,+58.45E+00,-63.21E+00,+1.732E+00
2,09/2/2026,19:05:31.141,-0.09E+00,-0.05E+00,+0.00E+00,+0.00E+00,+4.62E+00,+59.04E+00,-64.05E+00,+1.648E+00
2,09/2/2026,19:05:31.141,-0.09E+00,-0.05E+00,+0.05E+00,+0.00E+00,+4.85E+00,+59.64E+00,-64.87E+00,+1.557E+00
2,09/2/2026,19:05:31.141,-0.09E+00,-0.05E+00,+0.05E+00,+0.00E+00,+5.08E+00,+60.20E+00,-65.68E+00,+1.480E+00
2,09/2/2026,19:05:31.141,-0.09E+00,-0.05E+00,+0.05E+00,+0.00E+00,+5.33E+00,+60.77E+00,-66.47E+00,+1.396E+00
2,09/2/2026,19:05:31.141,-0.09E+00,-0.09E+00,+0.05E+00,+0.00E+00,+5.54E+00,+61.32E+00,-67.25E+00,+1.312E+00
2,09/2/2026,19:05:31.141,-0.09E+00,-0.09E+00,+0.05E+00,+0.00E+00,+5.77E+00,+61.85E+00,-68.01E+00,+1.228E+00
2,09/2/2026,19:05:31.141,-0.09E+00,-0.05E+00,+0.05E+00,+0.00E+00,+6.00E+00,+62.37E+00,-68.76E+00,+1.145E+00
2,09/2/2026,19:05:31.141,-0.09E+00,-0.05E+00,+0.05E+00,+0.00E+00,+6.23E+00,+62.89E+00,-69.49E+00,+1.068E+00
2,09/2/2026,19:05:31.141,-0.09E+00,-0.05E+00,+0.05E+00,+0.00E+00,+6.44E+00,+63.39E+00,-70.21E+00,+0.984E+00
2,09/2/2026,19:05:31.141,-0.09E+00,-0.05E+00,+0.05E+00,+0.00E+00,+6.67E+00,+63.86E+00,-70.91E+00,+0.900E+00
2,09/2/2026,19:05:31.141,-0.09E+00,-0.09E+00,+0.05E+00,+0.00E+00,+6.88E+00,+64.34E+00,-71.60E+00,+0.816E+00
2,09/2/2026,19:05:31.142,-0.09E+00,-0.05E+00,+0.00E+00,+0.00E+00,+7.10E+00,+64.78E+00,-72.27E+00,+0.732E+00
2,09/2/2026,19:05:31.142,-0.09E+00,-0.05E+00,+0.05E+00,+0.00E+00,+7.32E+00,+65.22E+00,-72.93E+00,+0.641E+00
2,09/2/2026,19:05:31.142,-0.09E+00,-0.05E+00,+0.05E+00,+0.00E+00,+7.55E+00,+65.63E+00,-73.57E+00,+0.557E+00
2,09/2/2026,19:05:31.142,-0.09E+00,-0.05E+00,+0.05E+00,+0.00E+00,+7.77E+00,+66.03E+00,-74.20E+00,+0.473E+00
2,09/2/2026,19:05:31.142,-0.09E+00,-0.05E+00,+0.05E+00,+0.00E+00,+8.00E+00,+66.43E+00,-74.81E+00,+0.382E+00
2,09/2/2026,19:05:31.142,-0.09E+00,-0.05E+00,+0.05E+00,+0.00E+00,+8.23E+00,+66.79E+00,-75.40E+00,+0.290E+00
2,09/2/2026,19:05:31.142,-0.09E+00,-0.05E+00,+0.05E+00,-0.05E+00,+8.44E+00,+67.14E+00,-75.98E+00,+0.198E+00
2,09/2/2026,19:05:31.142,-0.14E+00,-0.05E+00,+0.05E+00,+0.00E+00,+8.67E+00,+67.50E+00,-76.56E+00,+0.114E+00
2,09/2/2026,19:05:31.142,-0.09E+00,-0.05E+00,+0.05E+00,+0.00E+00,+8.90E+00,+67.82E+00,-77.09E+00,+0.031E+00
2,09/2/2026,19:05:31.142,-0.09E+00,-0.05E+00,+0.00E+00,+0.00E+00,+9.11E+00,+68.12E+00,-77.63E+00,-0.061E+00
2,09/2/2026,19:05:31.142,-0.09E+00,-0.05E+00,+0.00E+00,+0.00E+00,+9.34E+00,+68.43E+00,-78.15E+00,-0.153E+00
2,09/2/2026,19:05:31.142,-0.09E+00,-0.05E+00,+0.05E+00,+0.00E+00,+9.55E+00,+68.70E+00,-78.65E+00,-0.237E+00
2,09/2/2026,19:05:31.142,-0.09E+00,-0.05E+00,+0.05E+00,+0.00E+00,+9.78E+00,+68.98E+00,-79.14E+00,-0.328E+00
2,09/2/2026,19:05:31.142,-0.09E+00,-0.09E+00,+0.05E+00,+0.00E+00,+10.00E+00,+69.22E+00,-79.61E+00,-0.420E+00
2,09/2/2026,19:05:31.142,-0.09E+00,-0.05E+00,+0.05E+00,+0.00E+00,+10.22E+00,+69.46E+00,-80.07E+00,-0.504E+00
2,09/2/2026,19:05:31.142,-0.09E+00,-0.05E+00,+0.05E+00,+0.00E+00,+10.44E+00,+69.69E+00,-80.51E+00,-0.595E+00
2,09/2/2026,19:05:31.142,-0.09E+00,-0.05E+00,+0.05E+00,+0.00E+00,+10.65E+00,+69.89E+00,-80.92E+00,-0.679E+00
2,09/2/2026,19:05:31.142,-0.09E+00,-0.05E+00,+0.05E+00,+0.00E+00,+10.87E+00,+70.09E+00,-81.34E+00,-0.771E+00
2,09/2/2026,19:05:31.142,-0.09E+00,-0.05E+00,+0.05E+00,+0.00E+00,+11.08E+00,+70.27E+00,-81.73E+00,-0.855E+00
2,09/2/2026,19:05:31.142,-0.09E+00,-0.05E+00,+0.05E+00,+0.00E+00,+11.28E+00,+70.44E+00,-82.10E+00,-0.946E+00
2,09/2/2026,19:05:31.143,-0.09E+00,-0.05E+00,+0.05E+00,+0.00E+00,+11.48E+00,+70.58E+00,-82.45E+00,-1.030E+00
2,09/2/2026,19:05:31.143,-0.09E+00,-0.05E+00,+0.05E+00,+0.00E+00,+11.67E+00,+70.72E+00,-82.77E+00,-1.122E+00
2,09/2/2026,19:05:31.143,-0.09E+00,-0.05E+00,+0.05E+00,+0.00E+00,+11.86E+00,+70.82E+00,-83.08E+00,-1.213E+00
2,09/2/2026,19:05:31.143,-0.09E+00,-0.05E+00,+0.05E+00,+0.00E+00,+12.04E+00,+70.93E+00,-83.34E+00,-1.297E+00
2,09/2/2026,19:05:31.143,-0.14E+00,-0.05E+00,+0.05E+00,+0.00E+00,+12.19E+00,+70.99E+00,-83.58E+00,-1.389E+00
2,09/2/2026,19:05:31.143,-0.09E+00,-0.05E+00,+0.05E+00,-0.05E+00,+12.35E+00,+71.05E+00,-83.79E+00,-1.480E+00
2,09/2/2026,19:05:31.143,-0.09E+00,-0.05E+00,+0.05E+00,+0.00E+00,+12.50E+00,+71.08E+00,-83.98E+00,-1.564E+00
2,09/2/2026,19:05:31.143,-0.09E+00,-0.09E+00,+0.00E+00,+0.00E+00,+12.64E+00,+71.10E+00,-84.13E+00,-1.656E+00
2,09/2/2026,19:05:31.143,-0.09E+00,-0.05E+00,+0.05E+00,+0.00E+00,+12.77E+00,+71.10E+00,-84.27E+00,-1.740E+00
2,09/2/2026,19:05:31.143,-0.09E+00,-0.05E+00,+0.05E+00,-0.05E+00,+12.91E+00,+71.08E+00,-84.37E+00,-1.831E+00
2,09/2/2026,19:05:31.143,-0.09E+00,-0.05E+00,+0.05E+00,+0.00E+00,+13.03E+00,+71.04E+00,-84.47E+00,-1.908E+00
2,09/2/2026,19:05:31.143,-0.09E+00,-0.05E+00,+0.00E+00,+0.00E+00,+13.15E+00,+70.98E+00,-84.53E+00,-1.999E+00
2,09/2/2026,19:05:31.143,-0.09E+00,-0.05E+00,+0.05E+00,+0.00E+00,+13.28E+00,+70.90E+00,-84.57E+00,-2.075E+00
2,09/2/2026,19:05:31.143,-0.09E+00,-0.09E+00,+0.05E+00,+0.00E+00,+13.40E+00,+70.81E+00,-84.60E+00,-2.159E+00
2,09/2/2026,19:05:31.143,-0.14E+00,-0.05E+00,+0.05E+00,+0.00E+00,+13.52E+00,+70.69E+00,-84.60E+00,-2.243E+00
2,09/2/2026,19:05:31.143,-0.09E+00,-0.05E+00,+0.05E+00,+0.00E+00,+13.64E+00,+70.56E+00,-84.57E+00,-2.327E+00
2,09/2/2026,19:05:31.143,-0.09E+00,-0.05E+00,+0.05E+00,+0.00E+00,+13.75E+00,+70.40E+00,-84.53E+00,-2.403E+00
2,09/2/2026,19:05:31.143,-0.09E+00,-0.05E+00,+0.05E+00,+0.00E+00,+13.86E+00,+70.23E+00,-84.48E+00,-2.487E+00
2,09/2/2026,19:05:31.143,-0.09E+00,-0.05E+00,+0.00E+00,+0.00E+00,+13.95E+00,+70.04E+00,-84.39E+00,-2.564E+00
2,09/2/2026,19:05:31.143,-0.09E+00,-0.05E+00,+0.05E+00,+0.00E+00,+14.04E+00,+69.83E+00,-84.25E+00,-2.640E+00
2,09/2/2026,19:05:31.144,-0.09E+00,-0.05E+00,+0.05E+00,+0.00E+00,+14.13E+00,+69.62E+00,-84.11E+00,-2.716E+00
2,09/2/2026,19:05:31.144,-0.09E+00,-0.05E+00,+0.05E+00,+0.00E+00,+14.21E+00,+69.34E+00,-83.93E+00,-2.800E+00
2,09/2/2026,19:05:31.144,-0.09E+00,-0.05E+00,+0.05E+00,+0.00E+00,+14.28E+00,+69.07E+00,-83.73E+00,-2.877E+00
2,09/2/2026,19:05:31.144,-0.14E+00,-0.05E+00,+0.05E+00,+0.00E+00,+14.36E+00,+68.78E+00,-83.50E+00,-2.960E+00
2,09/2/2026,19:05:31.144,-0.09E+00,-0.05E+00,+0.05E+00,+0.00E+00,+14.44E+00,+68.46E+00,-83.26E+00,-3.037E+00
2,09/2/2026,19:05:31.144,-0.09E+00,-0.05E+00,+0.05E+00,+0.00E+00,+14.51E+00,+68.11E+00,-83.00E+00,-3.113E+00
2,09/2/2026,19:05:31.144,-0.09E+00,-0.05E+00,+0.05E+00,+0.00E+00,+14.57E+00,+67.76E+00,-82.71E+00,-3.189E+00
2,09/2/2026,19:05:31.144,-0.09E+00,-0.05E+00,+0.05E+00,+0.00E+00,+14.65E+00,+67.37E+00,-82.41E+00,-3.266E+00
2,09/2/2026,19:05:31.144,-0.09E+00,-0.05E+00,+0.05E+00,+0.00E+00,+14.73E+00,+66.98E+00,-82.07E+00,-3.342E+00
2,09/2/2026,19:05:31.144,-0.09E+00,-0.09E+00,+0.05E+00,+0.00E+00,+14.79E+00,+66.58E+00,-81.73E+00,-3.418E+00
2,09/2/2026,19:05:31.144,-0.09E+00,-0.09E+00,+0.05E+00,+0.00E+00,+14.85E+00,+66.15E+00,-81.37E+00,-3.487E+00
2,09/2/2026,19:05:31.144,-0.09E+00,-0.05E+00,+0.05E+00,+0.00E+00,+14.92E+00,+65.71E+00,-81.00E+00,-3.556E+00
2,09/2/2026,19:05:31.144,-0.14E+00,-0.05E+00,+0.05E+00,-0.05E+00,+14.99E+00,+65.25E+00,-80.60E+00,-3.624E+00
2,09/2/2026,19:05:31.144,-0.09E+00,-0.09E+00,+0.00E+00,-0.05E+00,+15.05E+00,+64.78E+00,-80.18E+00,-3.693E+00
2,09/2/2026,19:05:31.144,-0.09E+00,-0.09E+00,+0.00E+00,-0.05E+00,+15.09E+00,+64.28E+00,-79.75E+00,-3.762E+00
2,09/2/2026,19:05:31.144,-0.09E+00,-0.05E+00,+0.05E+00,+0.00E+00,+15.15E+00,+63.77E+00,-79.29E+00,-3.823E+00
2,09/2/2026,19:05:31.144,-0.09E+00,-0.05E+00,+0.00E+00,+0.00E+00,+15.21E+00,+63.25E+00,-78.82E+00,-3.891E+00
2,09/2/2026,19:05:31.144,-0.09E+00,-0.05E+00,+0.05E+00,+0.00E+00,+15.26E+00,+62.70E+00,-78.32E+00,-3.960E+00
2,09/2/2026,19:05:31.144,-0.14E+00,-0.05E+00,+0.05E+00,+0.00E+00,+15.29E+00,+62.14E+00,-77.81E+00,-4.021E+00
2,09/2/2026,19:05:31.144,-0.09E+00,-0.05E+00,+0.05E+00,+0.00E+00,+15.34E+00,+61.56E+00,-77.26E+00,-4.090E+00
2,09/2/2026,19:05:31.145,-0.09E+00,-0.05E+00,+0.00E+00,+0.00E+00,+15.37E+00,+60.96E+00,-76.70E+00,-4.151E+00
2,09/2/2026,19:05:31.145,-0.09E+00,-0.05E+00,+0.05E+00,+0.00E+00,+15.40E+00,+60.35E+00,-76.13E+00,-4.212E+00
2,09/2/2026,19:05:31.145,-0.09E+00,-0.05E+00,+0.05E+00,+0.00E+00,+15.44E+00,+59.74E+00,-75.55E+00,-4.265E+00
2,09/2/2026,19:05:31.145,-0.09E+00,-0.05E+00,+0.05E+00,+0.00E+00,+15.47E+00,+59.12E+00,-74.94E+00,-4.326E+00
2,09/2/2026,19:05:31.145,-0.09E+00,-0.05E+00,+0.05E+00,+0.00E+00,+15.49E+00,+58.46E+00,-74.33E+00,-4.380E+00
2,09/2/2026,19:05:31.145,-0.14E+00,-0.09E+00,+0.05E+00,+0.00E+00,+15.52E+00,+57.82E+00,-73.69E+00,-4.441E+00
2,09/2/2026,19:05:31.145,-0.09E+00,-0.09E+00,+0.05E+00,+0.00E+00,+15.53E+00,+57.15E+00,-73.04E+00,-4.494E+00
2,09/2/2026,19:05:31.145,-0.09E+00,-0.05E+00,+0.05E+00,+0.00E+00,+15.55E+00,+56.46E+00,-72.38E+00,-4.548E+00
2,09/2/2026,19:05:31.145,-0.09E+00,-0.05E+00,+0.05E+00,+0.00E+00,+15.58E+00,+55.75E+00,-71.68E+00,-4.601E+00
2,09/2/2026,19:05:31.145,-0.09E+00,-0.05E+00,+0.05E+00,+0.00E+00,+15.60E+00,+55.03E+00,-70.98E+00,-4.654E+00
2,09/2/2026,19:05:31.145,-0.09E+00,-0.05E+00,+0.05E+00,+0.00E+00,+15.61E+00,+54.30E+00,-70.24E+00,-4.715E+00
2,09/2/2026,19:05:31.145,-0.14E+00,-0.05E+00,+0.05E+00,+0.00E+00,+15.61E+00,+53.53E+00,-69.49E+00,-4.769E+00
2,09/2/2026,19:05:31.145,-0.09E+00,-0.05E+00,+0.05E+00,+0.00E+00,+15.61E+00,+52.77E+00,-68.72E+00,-4.822E+00
2,09/2/2026,19:05:31.145,-0.09E+00,-0.05E+00,+0.05E+00,+0.00E+00,+15.63E+00,+51.98E+00,-67.94E+00,-4.876E+00
2,09/2/2026,19:05:31.145,-0.09E+00,-0.09E+00,+0.05E+00,+0.00E+00,+15.63E+00,+51.18E+00,-67.13E+00,-4.929E+00
2,09/2/2026,19:05:31.145,-0.09E+00,-0.09E+00,+0.05E+00,+0.00E+00,+15.63E+00,+50.36E+00,-66.32E+00,-4.982E+00
2,09/2/2026,19:05:31.145,-0.09E+00,-0.05E+00,+0.05E+00,+0.00E+00,+15.61E+00,+49.55E+00,-65.48E+00,-5.036E+00
2,09/2/2026,19:05:31.145,-0.09E+00,-0.05E+00,+0.05E+00,+0.00E+00,+15.61E+00,+48.70E+00,-64.61E+00,-5.082E+00
2,09/2/2026,19:05:31.145,-0.09E+00,-0.05E+00,+0.05E+00,+0.00E+00,+15.60E+00,+47.84E+00,-63.74E+00,-5.127E+00
2,09/2/2026,19:05:31.145,-0.09E+00,-0.05E+00,+0.05E+00,+0.00E+00,+15.60E+00,+46.97E+00,-62.87E+00,-5.181E+00
2,09/2/2026,19:05:31.146,-0.09E+00,-0.05E+00,+0.05E+00,+0.00E+00,+15.58E+00,+46.10E+00,-61.97E+00,-5.227E+00
2,09/2/2026,19:05:31.146,-0.09E+00,-0.05E+00,+0.05E+00,+0.00E+00,+15.58E+00,+45.20E+00,-61.06E+00,-5.280E+00
2,09/2/2026,19:05:31.146,-0.14E+00,-0.05E+00,+0.05E+00,+0.00E+00,+15.55E+00,+44.29E+00,-60.11E+00,-5.326E+00
2,09/2/2026,19:05:31.146,-0.09E+00,-0.05E+00,+0.05E+00,+0.00E+00,+15.53E+00,+43.37E+00,-59.16E+00,-5.372E+00
2,09/2/2026,19:05:31.146,-0.09E+00,-0.05E+00,+0.05E+00,+0.00E+00,+15.50E+00,+42.44E+00,-58.20E+00,-5.410E+00
2,09/2/2026,19:05:31.146,-0.09E+00,-0.05E+00,+0.05E+00,+0.00E+00,+15.47E+00,+41.49E+00,-57.21E+00,-5.456E+00
2,09/2/2026,19:05:31.146,-0.09E+00,-0.09E+00,+0.05E+00,+0.00E+00,+15.44E+00,+40.55E+00,-56.22E+00,-5.494E+00
2,09/2/2026,19:05:31.146,-0.09E+00,-0.09E+00,+0.05E+00,+0.00E+00,+15.38E+00,+39.60E+00,-55.20E+00,-5.524E+00
2,09/2/2026,19:05:31.146,-0.14E+00,-0.05E+00,+0.00E+00,+0.00E+00,+15.34E+00,+38.64E+00,-54.17E+00,-5.555E+00
2,09/2/2026,19:05:31.146,-0.14E+00,-0.05E+00,+0.05E+00,+0.00E+00,+15.26E+00,+37.66E+00,-53.14E+00,-5.585E+00
2,09/2/2026,19:05:31.146,-0.09E+00,-0.05E+00,+0.05E+00,+0.00E+00,+15.18E+00,+36.69E+00,-52.07E+00,-5.616E+00
2,09/2/2026,19:05:31.146,-0.09E+00,-0.09E+00,+0.05E+00,+0.00E+00,+15.11E+00,+35.71E+00,-51.00E+00,-5.639E+00
2,09/2/2026,19:05:31.146,-0.09E+00,-0.05E+00,+0.05E+00,+0.00E+00,+15.03E+00,+34.72E+00,-49.92E+00,-5.654E+00
2,09/2/2026,19:05:31.146,-0.09E+00,-0.05E+00,+0.05E+00,-0.05E+00,+14.94E+00,+33.73E+00,-48.82E+00,-5.677E+00
2,09/2/2026,19:05:31.146,-0.09E+00,-0.09E+00,+0.05E+00,-0.05E+00,+14.83E+00,+32.72E+00,-47.70E+00,-5.692E+00
2,09/2/2026,19:05:31.146,-0.09E+00,-0.09E+00,+0.05E+00,+0.00E+00,+14.73E+00,+31.70E+00,-46.57E+00,-5.707E+00
2,09/2/2026,19:05:31.146,-0.09E+00,-0.05E+00,+0.05E+00,+0.00E+00,+14.62E+00,+30.67E+00,-45.44E+00,-5.723E+00
2,09/2/2026,19:05:31.146,-0.09E+00,-0.05E+00,+0.05E+00,+0.00E+00,+14.50E+00,+29.65E+00,-44.29E+00,-5.738E+00
2,09/2/2026,19:05:31.146,-0.09E+00,-0.05E+00,+0.05E+00,+0.00E+00,+14.38E+00,+28.63E+00,-43.13E+00,-5.745E+00
2,09/2/2026,19:05:31.146,-0.09E+00,-0.05E+00,+0.05E+00,+0.00E+00,+14.24E+00,+27.59E+00,-41.95E+00,-5.753E+00
2,09/2/2026,19:05:31.147,-0.09E+00,-0.05E+00,+0.05E+00,+0.00E+00,+14.10E+00,+26.55E+00,-40.76E+00,-5.768E+00
2,09/2/2026,19:05:31.147,-0.09E+00,-0.05E+00,+0.05E+00,+0.00E+00,+13.96E+00,+25.50E+00,-39.57E+00,-5.768E+00
2,09/2/2026,19:05:31.147,-0.09E+00,-0.05E+00,+0.05E+00,+0.00E+00,+13.83E+00,+24.45E+00,-38.36E+00,-5.776E+00
2,09/2/2026,19:05:31.147,-0.09E+00,-0.05E+00,+0.05E+00,+0.00E+00,+13.69E+00,+23.38E+00,-37.14E+00,-5.784E+00
2,09/2/2026,19:05:31.147,-0.09E+00,-0.05E+00,+0.05E+00,+0.00E+00,+13.54E+00,+22.31E+00,-35.92E+00,-5.776E+00
2,09/2/2026,19:05:31.147,-0.09E+00,-0.05E+00,+0.00E+00,+0.00E+00,+13.37E+00,+21.24E+00,-34.69E+00,-5.776E+00
2,09/2/2026,19:05:31.147,-0.14E+00,-0.05E+00,+0.05E+00,+0.00E+00,+13.22E+00,+20.17E+00,-33.45E+00,-5.776E+00
2,09/2/2026,19:05:31.147,-0.09E+00,-0.09E+00,+0.05E+00,-0.05E+00,+13.05E+00,+19.09E+00,-32.20E+00,-5.768E+00
2,09/2/2026,19:05:31.147,-0.09E+00,-0.09E+00,+0.05E+00,+0.00E+00,+12.88E+00,+18.02E+00,-30.93E+00,-5.761E+00
2,09/2/2026,19:05:31.147,-0.09E+00,-0.05E+00,+0.00E+00,+0.00E+00,+12.70E+00,+16.94E+00,-29.67E+00,-5.753E+00
2,09/2/2026,19:05:31.147,-0.09E+00,-0.05E+00,+0.00E+00,+0.00E+00,+12.53E+00,+15.86E+00,-28.38E+00,-5.738E+00
2,09/2/2026,19:05:31.147,-0.14E+00,-0.05E+00,+0.05E+00,-0.05E+00,+12.35E+00,+14.76E+00,-27.12E+00,-5.730E+00
2,09/2/2026,19:05:31.147,-0.09E+00,-0.05E+00,+0.05E+00,-0.05E+00,+12.16E+00,+13.66E+00,-25.84E+00,-5.715E+00
2,09/2/2026,19:05:31.147,-0.09E+00,-0.05E+00,+0.05E+00,+0.00E+00,+11.99E+00,+12.56E+00,-24.55E+00,-5.707E+00
2,09/2/2026,19:05:31.147,-0.09E+00,-0.05E+00,+0.05E+00,+0.00E+00,+11.81E+00,+11.46E+00,-23.26E+00,-5.692E+00
2,09/2/2026,19:05:31.147,-0.09E+00,-0.05E+00,+0.05E+00,+0.00E+00,+11.61E+00,+10.35E+00,-21.96E+00,-5.677E+00
2,09/2/2026,19:05:31.147,-0.09E+00,-0.05E+00,+0.05E+00,+0.00E+00,+11.43E+00,+9.25E+00,-20.66E+00,-5.662E+00
2,09/2/2026,19:05:31.147,-0.09E+00,-0.05E+00,+0.05E+00,+0.00E+00,+11.26E+00,+8.15E+00,-19.37E+00,-5.639E+00
2,09/2/2026,19:05:31.147,-0.09E+00,-0.05E+00,+0.00E+00,+0.00E+00,+11.08E+00,+7.03E+00,-18.07E+00,-5.623E+00
2,09/2/2026,19:05:31.147,-0.09E+00,-0.05E+00,+0.00E+00,+0.00E+00,+10.88E+00,+5.92E+00,-16.77E+00,-5.600E+00
2,09/2/2026,19:05:31.148,-0.09E+00,-0.05E+00,+0.05E+00,+0.00E+00,+10.70E+00,+4.81E+00,-15.47E+00,-5.585E+00
2,09/2/2026,19:05:31.148,-0.09E+00,-0.05E+00,+0.05E+00,+0.00E+00,+10.51E+00,+3.68E+00,-14.18E+00,-5.562E+00
2,09/2/2026,19:05:31.148,-0.09E+00,-0.05E+00,+0.05E+00,+0.00E+00,+10.33E+00,+2.56E+00,-12.88E+00,-5.539E+00
2,09/2/2026,19:05:31.148,-0.09E+00,-0.05E+00,+0.05E+00,+0.00E+00,+10.15E+00,+1.45E+00,-11.57E+00,-5.517E+00
2,09/2/2026,19:05:31.148,-0.09E+00,-0.05E+00,+0.05E+00,-0.05E+00,+9.96E+00,+0.34E+00,-10.27E+00,-5.494E+00
2,09/2/2026,19:05:31.148,-0.09E+00,-0.05E+00,+0.05E+00,-0.05E+00,+9.78E+00,-0.78E+00,-8.97E+00,-5.471E+00
2,09/2/2026,19:05:31.148,-0.09E+00,-0.05E+00,+0.00E+00,+0.00E+00,+9.60E+00,-1.91E+00,-7.66E+00,-5.448E+00
2,09/2/2026,19:05:31.148,-0.09E+00,-0.05E+00,+0.05E+00,+0.00E+00,+9.40E+00,-3.02E+00,-6.35E+00,-5.417E+00
2,09/2/2026,19:05:31.148,-0.14E+00,-0.09E+00,+0.05E+00,-0.05E+00,+9.20E+00,-4.14E+00,-5.05E+00,-5.387E+00
2,09/2/2026,19:05:31.148,-0.09E+00,-0.09E+00,+0.00E+00,+0.00E+00,+9.02E+00,-5.23E+00,-3.75E+00,-5.356E+00
2,09/2/2026,19:05:31.148,-0.09E+00,-0.05E+00,+0.05E+00,+0.00E+00,+8.82E+00,-6.35E+00,-2.46E+00,-5.326E+00
2,09/2/2026,19:05:31.148,-0.09E+00,-0.05E+00,+0.05E+00,-0.05E+00,+8.64E+00,-7.46E+00,-1.16E+00,-5.295E+00
2,09/2/2026,19:05:31.148,-0.09E+00,-0.09E+00,+0.05E+00,+0.00E+00,+8.44E+00,-8.58E+00,+0.14E+00,-5.272E+00
2,09/2/2026,19:05:31.148,-0.09E+00,-0.05E+00,+0.05E+00,+0.00E+00,+8.26E+00,-9.69E+00,+1.43E+00,-5.242E+00
2,09/2/2026,19:05:31.148,-0.09E+00,-0.05E+00,+0.05E+00,+0.00E+00,+8.06E+00,-10.79E+00,+2.72E+00,-5.204E+00
2,09/2/2026,19:05:31.148,-0.09E+00,-0.09E+00,+0.00E+00,-0.05E+00,+7.87E+00,-11.90E+00,+4.00E+00,-5.173E+00
2,09/2/2026,19:05:31.148,-0.09E+00,-0.05E+00,+0.05E+00,-0.05E+00,+7.69E+00,-13.00E+00,+5.30E+00,-5.143E+00
2,09/2/2026,19:05:31.148,-0.09E+00,-0.05E+00,+0.05E+00,+0.00E+00,+7.48E+00,-14.09E+00,+6.59E+00,-5.105E+00
2,09/2/2026,19:05:31.148,-0.09E+00,-0.05E+00,+0.05E+00,+0.00E+00,+7.26E+00,-15.18E+00,+7.89E+00,-5.066E+00
2,09/2/2026,19:05:31.148,-0.09E+00,-0.05E+00,+0.05E+00,+0.00E+00,+7.05E+00,-16.28E+00,+9.19E+00,-5.028E+00
2,09/2/2026,19:05:31.149,-0.09E+00,-0.09E+00,+0.05E+00,+0.00E+00,+6.84E+00,-17.38E+00,+10.48E+00,-4.990E+00
2,09/2/2026,19:05:31.149,-0.09E+00,-0.09E+00,+0.05E+00,-0.05E+00,+6.61E+00,-18.46E+00,+11.78E+00,-4.952E+00
2,09/2/2026,19:05:31.149,-0.09E+00,-0.05E+00,+0.05E+00,+0.00E+00,+6.39E+00,-19.55E+00,+13.09E+00,-4.914E+00
2,09/2/2026,19:05:31.149,-0.09E+00,-0.05E+00,+0.05E+00,+0.00E+00,+6.18E+00,-20.63E+00,+14.39E+00,-4.868E+00
2,09/2/2026,19:05:31.149,-0.09E+00,-0.05E+00,+0.05E+00,+0.00E+00,+5.97E+00,-21.73E+00,+15.67E+00,-4.830E+00
2,09/2/2026,19:05:31.149,-0.09E+00,-0.05E+00,+0.05E+00,+0.00E+00,+5.75E+00,-22.81E+00,+16.97E+00,-4.792E+00
2,09/2/2026,19:05:31.149,-0.09E+00,-0.05E+00,+0.05E+00,+0.00E+00,+5.54E+00,-23.90E+00,+18.27E+00,-4.754E+00
2,09/2/2026,19:05:31.149,-0.14E+00,-0.05E+00,+0.05E+00,+0.00E+00,+5.34E+00,-24.98E+00,+19.55E+00,-4.708E+00
2,09/2/2026,19:05:31.149,-0.14E+00,-0.05E+00,+0.05E+00,+0.00E+00,+5.11E+00,-26.08E+00,+20.85E+00,-4.670E+00
2,09/2/2026,19:05:31.149,-0.09E+00,-0.05E+00,+0.05E+00,+0.00E+00,+4.90E+00,-27.16E+00,+22.14E+00,-4.631E+00
2,09/2/2026,19:05:31.149,-0.09E+00,-0.05E+00,+0.05E+00,+0.00E+00,+4.68E+00,-28.23E+00,+23.44E+00,-4.586E+00
2,09/2/2026,19:05:31.149,-0.09E+00,-0.05E+00,+0.05E+00,+0.00E+00,+4.46E+00,-29.30E+00,+24.71E+00,-4.540E+00
2,09/2/2026,19:05:31.149,-0.09E+00,-0.05E+00,+0.05E+00,+0.00E+00,+4.24E+00,-30.37E+00,+25.99E+00,-4.486E+00
2,09/2/2026,19:05:31.149,-0.14E+00,-0.05E+00,+0.05E+00,+0.00E+00,+4.01E+00,-31.42E+00,+27.25E+00,-4.441E+00
2,09/2/2026,19:05:31.149,-0.14E+00,-0.05E+00,+0.05E+00,+0.00E+00,+3.78E+00,-32.46E+00,+28.52E+00,-4.380E+00
2,09/2/2026,19:05:31.149,-0.09E+00,-0.05E+00,+0.05E+00,+0.00E+00,+3.56E+00,-33.48E+00,+29.76E+00,-4.319E+00
2,09/2/2026,19:05:31.149,-0.09E+00,-0.05E+00,+0.05E+00,+0.00E+00,+3.31E+00,-34.49E+00,+30.99E+00,-4.250E+00
2,09/2/2026,19:05:31.149,-0.09E+00,-0.05E+00,+0.05E+00,+0.00E+00,+3.08E+00,-35.48E+00,+32.23E+00,-4.189E+00
2,09/2/2026,19:05:31.149,-0.09E+00,-0.05E+00,+0.05E+00,+0.00E+00,+2.84E+00,-36.46E+00,+33.44E+00,-4.120E+00
2,09/2/2026,19:05:31.149,-0.14E+00,-0.05E+00,+0.05E+00,+0.00E+00,+2.59E+00,-37.43E+00,+34.66E+00,-4.052E+00
2,09/2/2026,19:05:31.150,-0.09E+00,-0.05E+00,+0.05E+00,+0.00E+00,+2.35E+00,-38.39E+00,+35.86E+00,-3.983E+00
2,09/2/2026,19:05:31.150,-0.09E+00,-0.05E+00,+0.05E+00,+0.00E+00,+2.11E+00,-39.36E+00,+37.05E+00,-3.914E+00
2,09/2/2026,19:05:31.150,-0.09E+00,-0.05E+00,+0.00E+00,+0.00E+00,+1.86E+00,-40.30E+00,+38.24E+00,-3.846E+00
2,09/2/2026,19:05:31.150,-0.09E+00,-0.05E+00,+0.00E+00,+0.00E+00,+1.62E+00,-41.22E+00,+39.40E+00,-3.769E+00
2,09/2/2026,19:05:31.150,-0.09E+00,-0.05E+00,+0.05E+00,+0.00E+00,+1.37E+00,-42.13E+00,+40.56E+00,-3.693E+00
2,09/2/2026,19:05:31.150,-0.09E+00,-0.05E+00,+0.05E+00,+0.00E+00,+1.10E+00,-43.02E+00,+41.71E+00,-3.609E+00
2,09/2/2026,19:05:31.150,-0.14E+00,-0.05E+00,+0.05E+00,+0.00E+00,+0.84E+00,-43.90E+00,+42.85E+00,-3.525E+00
2,09/2/2026,19:05:31.150,-0.09E+00,-0.05E+00,+0.05E+00,+0.00E+00,+0.58E+00,-44.77E+00,+43.96E+00,-3.449E+00
2,09/2/2026,19:05:31.150,-0.09E+00,-0.05E+00,+0.05E+00,+0.00E+00,+0.32E+00,-45.63E+00,+45.08E+00,-3.365E+00
2,09/2/2026,19:05:31.150,-0.09E+00,-0.05E+00,+0.00E+00,+0.00E+00,+0.06E+00,-46.45E+00,+46.18E+00,-3.281E+00
2,09/2/2026,19:05:31.150,-0.09E+00,-0.05E+00,+0.05E+00,-0.05E+00,-0.20E+00,-47.29E+00,+47.26E+00,-3.205E+00
2,09/2/2026,19:05:31.150,-0.09E+00,-0.05E+00,+0.05E+00,+0.00E+00,-0.44E+00,-48.10E+00,+48.33E+00,-3.121E+00
2,09/2/2026,19:05:31.150,-0.09E+00,-0.05E+00,+0.00E+00,+0.00E+00,-0.72E+00,-48.91E+00,+49.40E+00,-3.029E+00
2,09/2/2026,19:05:31.150,-0.09E+00,-0.05E+00,+0.00E+00,+0.00E+00,-0.98E+00,-49.70E+00,+50.43E+00,-2.945E+00
2,09/2/2026,19:05:31.150,-0.09E+00,-0.05E+00,+0.00E+00,+0.00E+00,-1.24E+00,-50.48E+00,+51.47E+00,-2.861E+00
2,09/2/2026,19:05:31.150,-0.09E+00,-0.05E+00,+0.05E+00,+0.00E+00,-1.50E+00,-51.24E+00,+52.51E+00,-2.777E+00
2,09/2/2026,19:05:31.150,-0.09E+00,-0.09E+00,+0.05E+00,+0.00E+00,-1.75E+00,-52.01E+00,+53.52E+00,-2.693E+00
2,09/2/2026,19:05:31.150,-0.14E+00,-0.09E+00,+0.05E+00,+0.00E+00,-2.01E+00,-52.74E+00,+54.51E+00,-2.609E+00
2,09/2/2026,19:05:31.150,-0.09E+00,-0.05E+00,+0.00E+00,+0.00E+00,-2.27E+00,-53.46E+00,+55.49E+00,-2.518E+00
2,09/2/2026,19:05:31.150,-0.09E+00,-0.05E+00,+0.00E+00,+0.00E+00,-2.53E+00,-54.17E+00,+56.45E+00,-2.434E+00
2,09/2/2026,19:05:31.151,-0.09E+00,-0.05E+00,+0.05E+00,+0.00E+00,-2.78E+00,-54.88E+00,+57.39E+00,-2.342E+00
2,09/2/2026,19:05:31.151,-0.09E+00,-0.09E+00,+0.05E+00,+0.00E+00,-3.04E+00,-55.56E+00,+58.32E+00,-2.259E+00
2,09/2/2026,19:05:31.151,-0.09E+00,-0.05E+00,+0.00E+00,-0.05E+00,-3.28E+00,-56.25E+00,+59.26E+00,-2.175E+00
2,09/2/2026,19:05:31.151,-0.14E+00,-0.05E+00,+0.05E+00,+0.00E+00,-3.51E+00,-56.92E+00,+60.16E+00,-2.091E+00
2,09/2/2026,19:05:31.151,-0.09E+00,-0.05E+00,+0.05E+00,+0.00E+00,-3.75E+00,-57.58E+00,+61.04E+00,-2.007E+00
2,09/2/2026,19:05:31.151,-0.09E+00,-0.05E+00,+0.05E+00,+0.00E+00,-4.00E+00,-58.22E+00,+61.94E+00,-1.923E+00
2,09/2/2026,19:05:31.151,-0.09E+00,-0.05E+00,+0.05E+00,+0.00E+00,-4.23E+00,-58.86E+00,+62.81E+00,-1.839E+00
2,09/2/2026,19:05:31.151,-0.09E+00,-0.05E+00,+0.05E+00,+0.00E+00,-4.46E+00,-59.47E+00,+63.65E+00,-1.763E+00
2,09/2/2026,19:05:31.151,-0.09E+00,-0.05E+00,+0.05E+00,+0.00E+00,-4.70E+00,-60.08E+00,+64.50E+00,-1.679E+00
2,09/2/2026,19:05:31.151,-0.09E+00,-0.05E+00,+0.05E+00,+0.00E+00,-4.93E+00,-60.69E+00,+65.33E+00,-1.595E+00
2,09/2/2026,19:05:31.151,-0.09E+00,-0.05E+00,+0.05E+00,-0.05E+00,-5.16E+00,-61.27E+00,+66.15E+00,-1.518E+00
2,09/2/2026,19:05:31.151,-0.09E+00,-0.05E+00,+0.05E+00,+0.00E+00,-5.39E+00,-61.83E+00,+66.95E+00,-1.434E+00
2,09/2/2026,19:05:31.151,-0.09E+00,-0.09E+00,+0.05E+00,+0.00E+00,-5.62E+00,-62.40E+00,+67.74E+00,-1.351E+00
2,09/2/2026,19:05:31.151,-0.09E+00,-0.09E+00,+0.00E+00,+0.00E+00,-5.84E+00,-62.95E+00,+68.50E+00,-1.267E+00
2,09/2/2026,19:05:31.151,-0.14E+00,-0.05E+00,+0.05E+00,+0.00E+00,-6.07E+00,-63.48E+00,+69.25E+00,-1.183E+00
2,09/2/2026,19:05:31.151,-0.14E+00,-0.05E+00,+0.05E+00,+0.00E+00,-6.30E+00,-63.99E+00,+70.00E+00,-1.099E+00
2,09/2/2026,19:05:31.151,-0.14E+00,-0.05E+00,+0.05E+00,+0.00E+00,-6.52E+00,-64.49E+00,+70.72E+00,-1.015E+00
2,09/2/2026,19:05:31.151,-0.09E+00,-0.05E+00,+0.05E+00,+0.00E+00,-6.75E+00,-64.99E+00,+71.43E+00,-0.931E+00
2,09/2/2026,19:05:31.151,-0.09E+00,-0.05E+00,+0.05E+00,+0.00E+00,-6.96E+00,-65.45E+00,+72.12E+00,-0.847E+00
2,09/2/2026,19:05:31.151,-0.09E+00,-0.05E+00,+0.05E+00,+0.00E+00,-7.19E+00,-65.91E+00,+72.81E+00,-0.763E+00
2,09/2/2026,19:05:31.152,-0.14E+00,-0.09E+00,+0.05E+00,+0.00E+00,-7.40E+00,-66.37E+00,+73.46E+00,-0.679E+00
2,09/2/2026,19:05:31.152,-0.09E+00,-0.05E+00,+0.05E+00,+0.00E+00,-7.61E+00,-66.79E+00,+74.12E+00,-0.595E+00
2,09/2/2026,19:05:31.152,-0.09E+00,-0.05E+00,+0.05E+00,+0.00E+00,-7.84E+00,-67.21E+00,+74.76E+00,-0.504E+00
2,09/2/2026,19:05:31.152,-0.14E+00,-0.05E+00,+0.05E+00,+0.00E+00,-8.07E+00,-67.60E+00,+75.37E+00,-0.420E+00
2,09/2/2026,19:05:31.152,-0.09E+00,-0.05E+00,+0.05E+00,+0.00E+00,-8.29E+00,-68.00E+00,+75.98E+00,-0.328E+00
2,09/2/2026,19:05:31.152,-0.09E+00,-0.05E+00,+0.05E+00,+0.00E+00,-8.52E+00,-68.35E+00,+76.56E+00,-0.244E+00
2,09/2/2026,19:05:31.152,-0.09E+00,-0.09E+00,+0.00E+00,+0.00E+00,-8.73E+00,-68.72E+00,+77.14E+00,-0.160E+00
2,09/2/2026,19:05:31.152,-0.14E+00,-0.05E+00,+0.05E+00,+0.00E+00,-8.96E+00,-69.05E+00,+77.69E+00,-0.069E+00
2,09/2/2026,19:05:31.152,-0.09E+00,-0.05E+00,+0.05E+00,+0.00E+00,-9.19E+00,-69.37E+00,+78.24E+00,+0.015E+00
2,09/2/2026,19:05:31.152,-0.09E+00,-0.05E+00,+0.05E+00,+0.00E+00,-9.42E+00,-69.69E+00,+78.77E+00,+0.107E+00
2,09/2/2026,19:05:31.152,-0.09E+00,-0.05E+00,+0.05E+00,+0.00E+00,-9.63E+00,-69.98E+00,+79.29E+00,+0.198E+00
2,09/2/2026,19:05:31.152,-0.09E+00,-0.05E+00,+0.05E+00,+0.00E+00,-9.86E+00,-70.26E+00,+79.78E+00,+0.290E+00
2,09/2/2026,19:05:31.152,-0.09E+00,-0.05E+00,+0.05E+00,+0.00E+00,-10.09E+00,-70.50E+00,+80.27E+00,+0.382E+00
2,09/2/2026,19:05:31.152,-0.14E+00,-0.05E+00,+0.05E+00,+0.00E+00,-10.30E+00,-70.76E+00,+80.73E+00,+0.465E+00
2,09/2/2026,19:05:31.152,-0.09E+00,-0.05E+00,+0.00E+00,+0.00E+00,-10.53E+00,-70.99E+00,+81.18E+00,+0.557E+00
2,09/2/2026,19:05:31.152,-0.09E+00,-0.05E+00,+0.05E+00,+0.00E+00,-10.74E+00,-71.22E+00,+81.63E+00,+0.641E+00
2,09/2/2026,19:05:31.152,-0.09E+00,-0.05E+00,+0.05E+00,+0.00E+00,-10.94E+00,-71.42E+00,+82.04E+00,+0.732E+00
2,09/2/2026,19:05:31.152,-0.09E+00,-0.05E+00,+0.05E+00,+0.00E+00,-11.16E+00,-71.62E+00,+82.45E+00,+0.824E+00
2,09/2/2026,19:05:31.152,-0.09E+00,-0.05E+00,+0.05E+00,+0.00E+00,-11.37E+00,-71.80E+00,+82.83E+00,+0.908E+00
2,09/2/2026,19:05:31.152,-0.09E+00,-0.05E+00,+0.05E+00,+0.00E+00,-11.58E+00,-71.95E+00,+83.20E+00,+1.000E+00
2,09/2/2026,19:05:31.153,-0.09E+00,-0.05E+00,+0.05E+00,+0.00E+00,-11.78E+00,-72.10E+00,+83.55E+00,+1.083E+00
2,09/2/2026,19:05:31.153,-0.09E+00,-0.05E+00,+0.00E+00,+0.00E+00,-11.96E+00,-72.24E+00,+83.87E+00,+1.167E+00
2,09/2/2026,19:05:31.153,-0.09E+00,-0.09E+00,+0.00E+00,+0.00E+00,-12.15E+00,-72.35E+00,+84.16E+00,+1.259E+00
2,09/2/2026,19:05:31.153,-0.09E+00,-0.05E+00,+0.05E+00,+0.00E+00,-12.31E+00,-72.44E+00,+84.42E+00,+1.351E+00
2,09/2/2026,19:05:31.153,-0.14E+00,-0.05E+00,+0.05E+00,+0.00E+00,-12.50E+00,-72.50E+00,+84.66E+00,+1.442E+00
2,09/2/2026,19:05:31.153,-0.14E+00,-0.05E+00,+0.05E+00,+0.00E+00,-12.65E+00,-72.56E+00,+84.88E+00,+1.534E+00
2,09/2/2026,19:05:31.153,-0.09E+00,-0.05E+00,+0.00E+00,+0.00E+00,-12.80E+00,-72.59E+00,+85.05E+00,+1.625E+00
2,09/2/2026,19:05:31.153,-0.09E+00,-0.05E+00,+0.05E+00,-0.05E+00,-12.94E+00,-72.59E+00,+85.20E+00,+1.717E+00
2,09/2/2026,19:05:31.153,-0.09E+00,-0.05E+00,+0.05E+00,-0.05E+00,-13.08E+00,-72.59E+00,+85.32E+00,+1.801E+00
2,09/2/2026,19:05:31.153,-0.09E+00,-0.05E+00,+0.00E+00,+0.00E+00,-13.22E+00,-72.56E+00,+85.44E+00,+1.885E+00
2,09/2/2026,19:05:31.153,-0.09E+00,-0.05E+00,+0.00E+00,+0.00E+00,-13.34E+00,-72.53E+00,+85.52E+00,+1.969E+00
2,09/2/2026,19:05:31.153,-0.09E+00,-0.05E+00,+0.05E+00,-0.05E+00,-13.47E+00,-72.47E+00,+85.59E+00,+2.052E+00
2,09/2/2026,19:05:31.153,-0.09E+00,-0.05E+00,+0.05E+00,-0.05E+00,-13.60E+00,-72.39E+00,+85.64E+00,+2.136E+00
2,09/2/2026,19:05:31.153,-0.09E+00,-0.09E+00,+0.05E+00,-0.05E+00,-13.72E+00,-72.30E+00,+85.66E+00,+2.220E+00
2,09/2/2026,19:05:31.153,-0.09E+00,-0.05E+00,+0.05E+00,+0.00E+00,-13.83E+00,-72.18E+00,+85.66E+00,+2.304E+00
2,09/2/2026,19:05:31.153,-0.09E+00,-0.05E+00,+0.05E+00,+0.00E+00,-13.95E+00,-72.04E+00,+85.64E+00,+2.381E+00
2,09/2/2026,19:05:31.153,-0.09E+00,-0.09E+00,+0.05E+00,+0.00E+00,-14.04E+00,-71.89E+00,+85.59E+00,+2.465E+00
2,09/2/2026,19:05:31.153,-0.09E+00,-0.05E+00,+0.05E+00,+0.00E+00,-14.15E+00,-71.72E+00,+85.52E+00,+2.541E+00
2,09/2/2026,19:05:31.153,-0.09E+00,-0.05E+00,+0.00E+00,+0.00E+00,-14.25E+00,-71.52E+00,+85.43E+00,+2.625E+00
2,09/2/2026,19:05:31.153,-0.09E+00,-0.09E+00,+0.05E+00,+0.00E+00,-14.34E+00,-71.31E+00,+85.29E+00,+2.709E+00
2,09/2/2026,19:05:31.154,-0.09E+00,-0.05E+00,+0.05E+00,+0.00E+00,-14.42E+00,-71.08E+00,+85.15E+00,+2.785E+00
2,09/2/2026,19:05:31.154,-0.09E+00,-0.05E+00,+0.05E+00,+0.00E+00,-14.51E+00,-70.82E+00,+84.98E+00,+2.869E+00
2,09/2/2026,19:05:31.154,-0.09E+00,-0.05E+00,+0.00E+00,+0.00E+00,-14.59E+00,-70.55E+00,+84.79E+00,+2.945E+00
2,09/2/2026,19:05:31.154,-0.09E+00,-0.05E+00,+0.00E+00,+0.00E+00,-14.67E+00,-70.24E+00,+84.56E+00,+3.029E+00
2,09/2/2026,19:05:31.154,-0.09E+00,-0.05E+00,+0.00E+00,-0.05E+00,-14.74E+00,-69.92E+00,+84.31E+00,+3.105E+00
2,09/2/2026,19:05:31.154,-0.09E+00,-0.05E+00,+0.05E+00,+0.00E+00,-14.82E+00,-69.59E+00,+84.04E+00,+3.189E+00
2,09/2/2026,19:05:31.154,-0.09E+00,-0.05E+00,+0.05E+00,+0.00E+00,-14.89E+00,-69.22E+00,+83.75E+00,+3.266E+00
2,09/2/2026,19:05:31.154,-0.09E+00,-0.05E+00,+0.00E+00,+0.00E+00,-14.95E+00,-68.84E+00,+83.44E+00,+3.334E+00
2,09/2/2026,19:05:31.154,-0.09E+00,-0.05E+00,+0.05E+00,+0.00E+00,-15.02E+00,-68.44E+00,+83.12E+00,+3.411E+00
2,09/2/2026,19:05:31.154,-0.09E+00,-0.05E+00,+0.05E+00,+0.00E+00,-15.09E+00,-68.05E+00,+82.79E+00,+3.487E+00
2,09/2/2026,19:05:31.154,-0.09E+00,-0.05E+00,+0.05E+00,-0.05E+00,-15.15E+00,-67.62E+00,+82.42E+00,+3.556E+00
2,09/2/2026,19:05:31.154,-0.09E+00,-0.05E+00,+0.05E+00,+0.00E+00,-15.21E+00,-67.18E+00,+82.04E+00,+3.624E+00
2,09/2/2026,19:05:31.154,-0.09E+00,-0.05E+00,+0.05E+00,+0.00E+00,-15.29E+00,-66.72E+00,+81.64E+00,+3.693E+00
2,09/2/2026,19:05:31.154,-0.09E+00,-0.05E+00,+0.05E+00,+0.00E+00,-15.35E+00,-66.24E+00,+81.23E+00,+3.762E+00
2,09/2/2026,19:05:31.154,-0.09E+00,-0.09E+00,+0.05E+00,+0.00E+00,-15.40E+00,-65.74E+00,+80.79E+00,+3.830E+00
2,09/2/2026,19:05:31.154,-0.09E+00,-0.05E+00,+0.05E+00,+0.00E+00,-15.44E+00,-65.24E+00,+80.33E+00,+3.899E+00
2,09/2/2026,19:05:31.154,-0.09E+00,-0.05E+00,+0.05E+00,+0.00E+00,-15.50E+00,-64.70E+00,+79.86E+00,+3.968E+00
2,09/2/2026,19:05:31.154,-0.09E+00,-0.05E+00,+0.05E+00,+0.00E+00,-15.55E+00,-64.17E+00,+79.37E+00,+4.029E+00
2,09/2/2026,19:05:31.154,-0.09E+00,-0.05E+00,+0.00E+00,+0.00E+00,-15.60E+00,-63.60E+00,+78.85E+00,+4.090E+00
2,09/2/2026,19:05:31.154,-0.09E+00,-0.05E+00,+0.05E+00,+0.00E+00,-15.64E+00,-63.04E+00,+78.32E+00,+4.158E+00
2,09/2/2026,19:05:31.155,-0.09E+00,-0.05E+00,+0.05E+00,+0.00E+00,-15.67E+00,-62.44E+00,+77.77E+00,+4.219E+00
2,09/2/2026,19:05:31.155,-0.09E+00,-0.05E+00,+0.05E+00,+0.00E+00,-15.72E+00,-61.85E+00,+77.20E+00,+4.280E+00
2,09/2/2026,19:05:31.155,-0.09E+00,-0.05E+00,+0.05E+00,+0.00E+00,-15.73E+00,-61.22E+00,+76.62E+00,+4.342E+00
2,09/2/2026,19:05:31.155,-0.09E+00,-0.05E+00,+0.05E+00,+0.00E+00,-15.76E+00,-60.60E+00,+76.01E+00,+4.395E+00
2,09/2/2026,19:05:31.155,-0.09E+00,-0.09E+00,+0.05E+00,+0.00E+00,-15.79E+00,-59.94E+00,+75.40E+00,+4.456E+00
2,09/2/2026,19:05:31.155,-0.09E+00,-0.05E+00,+0.05E+00,+0.00E+00,-15.81E+00,-59.29E+00,+74.76E+00,+4.509E+00
2,09/2/2026,19:05:31.155,-0.09E+00,-0.05E+00,+0.05E+00,+0.00E+00,-15.84E+00,-58.61E+00,+74.10E+00,+4.570E+00
2,09/2/2026,19:05:31.155,-0.09E+00,-0.05E+00,+0.05E+00,-0.05E+00,-15.86E+00,-57.93E+00,+73.45E+00,+4.624E+00
2,09/2/2026,19:05:31.155,-0.09E+00,-0.05E+00,+0.05E+00,+0.00E+00,-15.89E+00,-57.23E+00,+72.76E+00,+4.677E+00
2,09/2/2026,19:05:31.155,-0.09E+00,-0.05E+00,+0.05E+00,+0.00E+00,-15.90E+00,-56.49E+00,+72.04E+00,+4.731E+00
2,09/2/2026,19:05:31.155,-0.09E+00,-0.05E+00,+0.00E+00,+0.00E+00,-15.90E+00,-55.76E+00,+71.31E+00,+4.792E+00
2,09/2/2026,19:05:31.155,-0.09E+00,-0.09E+00,+0.05E+00,-0.05E+00,-15.90E+00,-55.00E+00,+70.58E+00,+4.845E+00
2,09/2/2026,19:05:31.155,-0.09E+00,-0.09E+00,+0.05E+00,+0.00E+00,-15.92E+00,-54.23E+00,+69.82E+00,+4.899E+00
2,09/2/2026,19:05:31.155,-0.09E+00,-0.05E+00,+0.05E+00,+0.00E+00,-15.92E+00,-53.46E+00,+69.02E+00,+4.952E+00
2,09/2/2026,19:05:31.155,-0.09E+00,-0.05E+00,+0.05E+00,+0.00E+00,-15.92E+00,-52.66E+00,+68.23E+00,+5.005E+00
2,09/2/2026,19:05:31.155,-0.09E+00,-0.05E+00,+0.05E+00,+0.00E+00,-15.92E+00,-51.85E+00,+67.42E+00,+5.059E+00
2,09/2/2026,19:05:31.155,-0.09E+00,-0.05E+00,+0.00E+00,+0.00E+00,-15.90E+00,-51.01E+00,+66.60E+00,+5.105E+00
2,09/2/2026,19:05:31.155,-0.09E+00,-0.09E+00,+0.05E+00,+0.00E+00,-15.90E+00,-50.18E+00,+65.74E+00,+5.158E+00
2,09/2/2026,19:05:31.155,-0.09E+00,-0.09E+00,+0.05E+00,+0.00E+00,-15.89E+00,-49.34E+00,+64.87E+00,+5.204E+00
2,09/2/2026,19:05:31.155,-0.09E+00,-0.05E+00,+0.05E+00,+0.00E+00,-15.89E+00,-48.47E+00,+63.99E+00,+5.257E+00
2,09/2/2026,19:05:31.156,-0.09E+00,-0.05E+00,+0.05E+00,+0.00E+00,-15.87E+00,-47.58E+00,+63.09E+00,+5.303E+00
2,09/2/2026,19:05:31.156,-0.09E+00,-0.05E+00,+0.05E+00,+0.00E+00,-15.86E+00,-46.68E+00,+62.17E+00,+5.356E+00
2,09/2/2026,19:05:31.156,-0.09E+00,-0.05E+00,+0.05E+00,-0.05E+00,-15.84E+00,-45.77E+00,+61.25E+00,+5.402E+00
2,09/2/2026,19:05:31.156,-0.09E+00,-0.05E+00,+0.05E+00,-0.05E+00,-15.82E+00,-44.85E+00,+60.31E+00,+5.448E+00
2,09/2/2026,19:05:31.156,-0.09E+00,-0.05E+00,+0.05E+00,-0.05E+00,-15.79E+00,-43.92E+00,+59.35E+00,+5.494E+00
2,09/2/2026,19:05:31.156,-0.14E+00,-0.05E+00,+0.05E+00,-0.05E+00,-15.76E+00,-42.99E+00,+58.37E+00,+5.532E+00
2,09/2/2026,19:05:31.156,-0.09E+00,-0.05E+00,+0.05E+00,+0.00E+00,-15.73E+00,-42.03E+00,+57.39E+00,+5.570E+00
2,09/2/2026,19:05:31.156,-0.09E+00,-0.09E+00,+0.05E+00,+0.00E+00,-15.69E+00,-41.08E+00,+56.39E+00,+5.600E+00
2,09/2/2026,19:05:31.156,-0.09E+00,-0.05E+00,+0.05E+00,+0.00E+00,-15.61E+00,-40.13E+00,+55.38E+00,+5.631E+00
2,09/2/2026,19:05:31.156,-0.09E+00,-0.05E+00,+0.05E+00,+0.00E+00,-15.55E+00,-39.16E+00,+54.34E+00,+5.662E+00
2,09/2/2026,19:05:31.156,-0.09E+00,-0.05E+00,+0.05E+00,+0.00E+00,-15.47E+00,-38.20E+00,+53.30E+00,+5.684E+00
2,09/2/2026,19:05:31.156,-0.09E+00,-0.09E+00,+0.00E+00,+0.00E+00,-15.40E+00,-37.20E+00,+52.24E+00,+5.707E+00
2,09/2/2026,19:05:31.156,-0.09E+00,-0.05E+00,+0.05E+00,-0.05E+00,-15.31E+00,-36.23E+00,+51.17E+00,+5.730E+00
2,09/2/2026,19:05:31.156,-0.09E+00,-0.05E+00,+0.05E+00,+0.00E+00,-15.21E+00,-35.24E+00,+50.07E+00,+5.753E+00
2,09/2/2026,19:05:31.156,-0.09E+00,-0.09E+00,+0.05E+00,-0.05E+00,-15.12E+00,-34.23E+00,+48.97E+00,+5.768E+00
2,09/2/2026,19:05:31.156,-0.09E+00,-0.05E+00,+0.00E+00,+0.00E+00,-15.02E+00,-33.22E+00,+47.87E+00,+5.784E+00
2,09/2/2026,19:05:31.156,-0.09E+00,-0.05E+00,+0.05E+00,+0.00E+00,-14.89E+00,-32.20E+00,+46.74E+00,+5.799E+00
2,09/2/2026,19:05:31.156,-0.14E+00,-0.05E+00,+0.05E+00,+0.00E+00,-14.77E+00,-31.18E+00,+45.60E+00,+5.814E+00
2,09/2/2026,19:05:31.156,-0.14E+00,-0.05E+00,+0.05E+00,+0.00E+00,-14.65E+00,-30.14E+00,+44.45E+00,+5.822E+00
2,09/2/2026,19:05:31.156,-0.09E+00,-0.05E+00,+0.05E+00,+0.00E+00,-14.51E+00,-29.10E+00,+43.28E+00,+5.829E+00
2,09/2/2026,19:05:31.157,-0.09E+00,-0.05E+00,+0.05E+00,+0.00E+00,-14.38E+00,-28.06E+00,+42.12E+00,+5.837E+00
2,09/2/2026,19:05:31.157,-0.09E+00,-0.05E+00,+0.05E+00,+0.00E+00,-14.24E+00,-27.03E+00,+40.93E+00,+5.845E+00
2,09/2/2026,19:05:31.157,-0.09E+00,-0.05E+00,+0.05E+00,+0.00E+00,-14.10E+00,-25.97E+00,+39.74E+00,+5.845E+00
2,09/2/2026,19:05:31.157,-0.09E+00,-0.05E+00,+0.00E+00,-0.05E+00,-13.95E+00,-24.92E+00,+38.53E+00,+5.845E+00
2,09/2/2026,19:05:31.157,-0.09E+00,-0.05E+00,+0.05E+00,+0.00E+00,-13.80E+00,-23.85E+00,+37.31E+00,+5.852E+00
2,09/2/2026,19:05:31.157,-0.09E+00,-0.05E+00,+0.05E+00,-0.05E+00,-13.63E+00,-22.78E+00,+36.09E+00,+5.845E+00
2,09/2/2026,19:05:31.157,-0.09E+00,-0.09E+00,+0.05E+00,+0.00E+00,-13.47E+00,-21.72E+00,+34.85E+00,+5.845E+00
2,09/2/2026,19:05:31.157,-0.09E+00,-0.05E+00,+0.05E+00,+0.00E+00,-13.31E+00,-20.65E+00,+33.62E+00,+5.837E+00
2,09/2/2026,19:05:31.157,-0.09E+00,-0.05E+00,+0.05E+00,+0.00E+00,-13.12E+00,-19.56E+00,+32.37E+00,+5.829E+00
2,09/2/2026,19:05:31.157,-0.09E+00,-0.05E+00,+0.05E+00,+0.00E+00,-12.96E+00,-18.48E+00,+31.10E+00,+5.822E+00
2,09/2/2026,19:05:31.157,-0.09E+00,-0.05E+00,+0.05E+00,+0.00E+00,-12.79E+00,-17.40E+00,+29.83E+00,+5.814E+00
2,09/2/2026,19:05:31.157,-0.09E+00,-0.05E+00,+0.05E+00,+0.00E+00,-12.60E+00,-16.30E+00,+28.57E+00,+5.799E+00
2,09/2/2026,19:05:31.157,-0.09E+00,-0.05E+00,+0.05E+00,+0.00E+00,-12.44E+00,-15.20E+00,+27.30E+00,+5.791E+00
2,09/2/2026,19:05:31.157,-0.09E+00,-0.05E+00,+0.05E+00,+0.00E+00,-12.25E+00,-14.10E+00,+26.02E+00,+5.784E+00
2,09/2/2026,19:05:31.157,-0.09E+00,-0.05E+00,+0.05E+00,-0.05E+00,-12.07E+00,-13.00E+00,+24.72E+00,+5.768E+00
2,09/2/2026,19:05:31.157,-0.09E+00,-0.05E+00,+0.05E+00,-0.05E+00,-11.89E+00,-11.90E+00,+23.44E+00,+5.753E+00
2,09/2/2026,19:05:31.157,-0.09E+00,-0.05E+00,+0.05E+00,+0.00E+00,-11.70E+00,-10.79E+00,+22.14E+00,+5.730E+00
2,09/2/2026,19:05:31.157,-0.09E+00,-0.05E+00,+0.05E+00,+0.00E+00,-11.52E+00,-9.67E+00,+20.85E+00,+5.715E+00
2,09/2/2026,19:05:31.157,-0.09E+00,-0.05E+00,+0.05E+00,+0.00E+00,-11.32E+00,-8.56E+00,+19.55E+00,+5.692E+00
2,09/2/2026,19:05:31.157,-0.09E+00,-0.05E+00,+0.05E+00,+0.00E+00,-11.14E+00,-7.46E+00,+18.25E+00,+5.677E+00
2,09/2/2026,19:05:31.158,-0.14E+00,-0.05E+00,+0.05E+00,+0.00E+00,-10.96E+00,-6.35E+00,+16.94E+00,+5.654E+00
2,09/2/2026,19:05:31.158,-0.09E+00,-0.05E+00,+0.05E+00,+0.00E+00,-10.76E+00,-5.23E+00,+15.64E+00,+5.631E+00
2,09/2/2026,19:05:31.158,-0.09E+00,-0.05E+00,+0.05E+00,+0.00E+00,-10.58E+00,-4.10E+00,+14.34E+00,+5.608E+00
2,09/2/2026,19:05:31.158,-0.05E+00,-0.05E+00,+0.05E+00,+0.00E+00,-10.41E+00,-2.99E+00,+13.05E+00,+5.585E+00
2,09/2/2026,19:05:31.158,-0.09E+00,-0.05E+00,+0.05E+00,+0.00E+00,-10.22E+00,-1.88E+00,+11.74E+00,+5.562E+00
2,09/2/2026,19:05:31.158,-0.09E+00,-0.05E+00,+0.05E+00,+0.00E+00,-10.03E+00,-0.75E+00,+10.44E+00,+5.539E+00
2,09/2/2026,19:05:31.158,-0.09E+00,-0.05E+00,+0.05E+00,-0.05E+00,-9.84E+00,+0.37E+00,+9.13E+00,+5.517E+00
2,09/2/2026,19:05:31.158,-0.09E+00,-0.05E+00,+0.05E+00,+0.00E+00,-9.66E+00,+1.48E+00,+7.81E+00,+5.486E+00
2,09/2/2026,19:05:31.158,-0.14E+00,-0.05E+00,+0.05E+00,+0.00E+00,-9.46E+00,+2.61E+00,+6.52E+00,+5.463E+00
2,09/2/2026,19:05:31.158,-0.09E+00,-0.05E+00,+0.05E+00,+0.00E+00,-9.28E+00,+3.72E+00,+5.20E+00,+5.433E+00
2,09/2/2026,19:05:31.158,-0.09E+00,-0.05E+00,+0.05E+00,+0.00E+00,-9.08E+00,+4.82E+00,+3.89E+00,+5.402E+00
2,09/2/2026,19:05:31.158,-0.09E+00,-0.09E+00,+0.05E+00,+0.00E+00,-8.88E+00,+5.94E+00,+2.59E+00,+5.372E+00
2,09/2/2026,19:05:31.158,-0.09E+00,-0.05E+00,+0.05E+00,+0.00E+00,-8.68E+00,+7.05E+00,+1.28E+00,+5.341E+00
2,09/2/2026,19:05:31.158,-0.09E+00,-0.05E+00,+0.05E+00,+0.00E+00,-8.48E+00,+8.16E+00,-0.03E+00,+5.303E+00
2,09/2/2026,19:05:31.158,-0.09E+00,-0.05E+00,+0.05E+00,+0.00E+00,-8.30E+00,+9.28E+00,-1.33E+00,+5.272E+00
2,09/2/2026,19:05:31.158,-0.09E+00,-0.05E+00,+0.05E+00,+0.00E+00,-8.12E+00,+10.39E+00,-2.61E+00,+5.242E+00
2,09/2/2026,19:05:31.158,-0.09E+00,-0.05E+00,+0.05E+00,+0.00E+00,-7.92E+00,+11.49E+00,-3.92E+00,+5.204E+00
2,09/2/2026,19:05:31.158,-0.09E+00,-0.05E+00,+0.05E+00,+0.00E+00,-7.71E+00,+12.57E+00,-5.22E+00,+5.173E+00
2,09/2/2026,19:05:31.158,-0.09E+00,-0.05E+00,+0.05E+00,+0.00E+00,-7.51E+00,+13.67E+00,-6.53E+00,+5.135E+00
2,09/2/2026,19:05:31.158,-0.09E+00,-0.09E+00,+0.05E+00,+0.00E+00,-7.29E+00,+14.77E+00,-7.84E+00,+5.097E+00
2,09/2/2026,19:05:31.159,-0.09E+00,-0.05E+00,+0.05E+00,+0.00E+00,-7.08E+00,+15.87E+00,-9.14E+00,+5.051E+00
2,09/2/2026,19:05:31.159,-0.09E+00,-0.05E+00,+0.05E+00,+0.00E+00,-6.85E+00,+16.95E+00,-10.45E+00,+5.013E+00
2,09/2/2026,19:05:31.159,-0.09E+00,-0.09E+00,+0.05E+00,+0.00E+00,-6.65E+00,+18.05E+00,-11.77E+00,+4.975E+00
2,09/2/2026,19:05:31.159,-0.09E+00,-0.09E+00,+0.05E+00,+0.00E+00,-6.44E+00,+19.14E+00,-13.06E+00,+4.937E+00
2,09/2/2026,19:05:31.159,-0.14E+00,-0.05E+00,+0.05E+00,-0.05E+00,-6.23E+00,+20.24E+00,-14.38E+00,+4.899E+00
2,09/2/2026,19:05:31.159,-0.09E+00,-0.05E+00,+0.05E+00,-0.05E+00,-6.01E+00,+21.32E+00,-15.67E+00,+4.860E+00
2,09/2/2026,19:05:31.159,-0.09E+00,-0.05E+00,+0.05E+00,+0.00E+00,-5.78E+00,+22.40E+00,-16.97E+00,+4.815E+00
2,09/2/2026,19:05:31.159,-0.09E+00,-0.05E+00,+0.05E+00,+0.00E+00,-5.57E+00,+23.49E+00,-18.28E+00,+4.776E+00
2,09/2/2026,19:05:31.159,-0.09E+00,-0.05E+00,+0.05E+00,+0.00E+00,-5.34E+00,+24.57E+00,-19.59E+00,+4.731E+00
2,09/2/2026,19:05:31.159,-0.09E+00,-0.05E+00,+0.05E+00,+0.00E+00,-5.13E+00,+25.65E+00,-20.89E+00,+4.693E+00
2,09/2/2026,19:05:31.159,-0.14E+00,-0.05E+00,+0.05E+00,+0.00E+00,-4.91E+00,+26.74E+00,-22.19E+00,+4.647E+00
2,09/2/2026,19:05:31.159,-0.09E+00,-0.05E+00,+0.05E+00,+0.00E+00,-4.70E+00,+27.80E+00,-23.49E+00,+4.601E+00
2,09/2/2026,19:05:31.159,-0.09E+00,-0.09E+00,+0.05E+00,+0.00E+00,-4.47E+00,+28.87E+00,-24.78E+00,+4.555E+00
2,09/2/2026,19:05:31.159,-0.09E+00,-0.09E+00,+0.00E+00,+0.00E+00,-4.24E+00,+29.93E+00,-26.05E+00,+4.502E+00
2,09/2/2026,19:05:31.159,-0.09E+00,-0.05E+00,+0.00E+00,+0.00E+00,-4.03E+00,+30.96E+00,-27.30E+00,+4.441E+00
2,09/2/2026,19:05:31.159,-0.09E+00,-0.05E+00,+0.05E+00,-0.05E+00,-3.78E+00,+32.00E+00,-28.55E+00,+4.380E+00
2,09/2/2026,19:05:31.159,-0.14E+00,-0.05E+00,+0.05E+00,+0.00E+00,-3.56E+00,+32.99E+00,-29.80E+00,+4.319E+00
2,09/2/2026,19:05:31.159,-0.09E+00,-0.09E+00,+0.05E+00,+0.00E+00,-3.33E+00,+33.98E+00,-31.02E+00,+4.250E+00
2,09/2/2026,19:05:31.159,-0.09E+00,-0.05E+00,+0.05E+00,+0.00E+00,-3.08E+00,+34.98E+00,-32.26E+00,+4.181E+00
2,09/2/2026,19:05:31.159,-0.09E+00,-0.05E+00,+0.05E+00,+0.00E+00,-2.84E+00,+35.94E+00,-33.47E+00,+4.113E+00
2,09/2/2026,19:05:31.160,-0.09E+00,-0.05E+00,+0.05E+00,+0.00E+00,-2.59E+00,+36.91E+00,-34.67E+00,+4.044E+00
2,09/2/2026,19:05:31.160,-0.09E+00,-0.09E+00,+0.05E+00,+0.00E+00,-2.35E+00,+37.88E+00,-35.88E+00,+3.975E+00
2,09/2/2026,19:05:31.160,-0.09E+00,-0.05E+00,+0.05E+00,+0.00E+00,-2.11E+00,+38.81E+00,-37.07E+00,+3.907E+00
2,09/2/2026,19:05:31.160,-0.09E+00,-0.09E+00,+0.05E+00,-0.05E+00,-1.85E+00,+39.74E+00,-38.24E+00,+3.830E+00
2,09/2/2026,19:05:31.160,-0.09E+00,-0.05E+00,+0.05E+00,+0.00E+00,-1.59E+00,+40.65E+00,-39.42E+00,+3.754E+00
2,09/2/2026,19:05:31.160,-0.09E+00,-0.05E+00,+0.05E+00,+0.00E+00,-1.33E+00,+41.54E+00,-40.58E+00,+3.670E+00
2,09/2/2026,19:05:31.160,-0.09E+00,-0.05E+00,+0.05E+00,+0.00E+00,-1.07E+00,+42.42E+00,-41.72E+00,+3.594E+00
2,09/2/2026,19:05:31.160,-0.09E+00,-0.09E+00,+0.05E+00,+0.00E+00,-0.81E+00,+43.29E+00,-42.85E+00,+3.510E+00
2,09/2/2026,19:05:31.160,-0.14E+00,-0.05E+00,+0.05E+00,+0.00E+00,-0.55E+00,+44.15E+00,-43.96E+00,+3.426E+00
2,09/2/2026,19:05:31.160,-0.09E+00,-0.05E+00,+0.05E+00,+0.00E+00,-0.29E+00,+44.99E+00,-45.06E+00,+3.342E+00
2,09/2/2026,19:05:31.160,-0.09E+00,-0.05E+00,+0.05E+00,+0.00E+00,-0.03E+00,+45.83E+00,-46.15E+00,+3.258E+00
2,09/2/2026,19:05:31.160,-0.09E+00,-0.09E+00,+0.05E+00,+0.00E+00,+0.23E+00,+46.64E+00,-47.23E+00,+3.174E+00
2,09/2/2026,19:05:31.160,-0.09E+00,-0.05E+00,+0.05E+00,+0.00E+00,+0.49E+00,+47.44E+00,-48.30E+00,+3.090E+00
2,09/2/2026,19:05:31.160,-0.09E+00,-0.05E+00,+0.05E+00,+0.00E+00,+0.75E+00,+48.24E+00,-49.34E+00,+3.006E+00
2,09/2/2026,19:05:31.160,-0.09E+00,-0.05E+00,+0.05E+00,+0.00E+00,+1.01E+00,+49.02E+00,-50.39E+00,+2.922E+00
2,09/2/2026,19:05:31.160,-0.09E+00,-0.05E+00,+0.05E+00,+0.00E+00,+1.27E+00,+49.78E+00,-51.41E+00,+2.838E+00
2,09/2/2026,19:05:31.160,-0.09E+00,-0.05E+00,+0.05E+00,+0.00E+00,+1.53E+00,+50.54E+00,-52.43E+00,+2.747E+00
2,09/2/2026,19:05:31.160,-0.09E+00,-0.05E+00,+0.05E+00,+0.00E+00,+1.80E+00,+51.27E+00,-53.43E+00,+2.663E+00
2,09/2/2026,19:05:31.160,-0.09E+00,-0.05E+00,+0.05E+00,+0.00E+00,+2.04E+00,+52.01E+00,-54.42E+00,+2.579E+00
2,09/2/2026,19:05:31.160,-0.09E+00,-0.05E+00,+0.05E+00,+0.00E+00,+2.30E+00,+52.72E+00,-55.39E+00,+2.487E+00
2,09/2/2026,19:05:31.161,-0.09E+00,-0.05E+00,+0.05E+00,+0.00E+00,+2.56E+00,+53.43E+00,-56.34E+00,+2.403E+00
2,09/2/2026,19:05:31.161,-0.09E+00,-0.05E+00,+0.05E+00,+0.00E+00,+2.81E+00,+54.11E+00,-57.29E+00,+2.320E+00
2,09/2/2026,19:05:31.161,-0.09E+00,-0.09E+00,+0.05E+00,+0.00E+00,+3.05E+00,+54.80E+00,-58.22E+00,+2.236E+00
2,09/2/2026,19:05:31.161,-0.09E+00,-0.05E+00,+0.05E+00,+0.00E+00,+3.30E+00,+55.47E+00,-59.13E+00,+2.152E+00
2,09/2/2026,19:05:31.161,-0.09E+00,-0.05E+00,+0.00E+00,-0.05E+00,+3.53E+00,+56.13E+00,-60.03E+00,+2.068E+00
2,09/2/2026,19:05:31.161,-0.09E+00,-0.05E+00,+0.05E+00,+0.00E+00,+3.77E+00,+56.78E+00,-60.90E+00,+1.984E+00
2,09/2/2026,19:05:31.161,-0.09E+00,-0.05E+00,+0.05E+00,+0.00E+00,+4.00E+00,+57.41E+00,-61.79E+00,+1.900E+00
2,09/2/2026,19:05:31.161,-0.14E+00,-0.05E+00,+0.05E+00,+0.00E+00,+4.24E+00,+58.02E+00,-62.64E+00,+1.816E+00
2,09/2/2026,19:05:31.161,-0.09E+00,-0.05E+00,+0.05E+00,+0.00E+00,+4.47E+00,+58.64E+00,-63.48E+00,+1.732E+00
2,09/2/2026,19:05:31.161,-0.09E+00,-0.09E+00,+0.00E+00,+0.00E+00,+4.72E+00,+59.22E+00,-64.31E+00,+1.648E+00
2,09/2/2026,19:05:31.161,-0.09E+00,-0.05E+00,+0.00E+00,+0.00E+00,+4.94E+00,+59.80E+00,-65.13E+00,+1.572E+00
2,09/2/2026,19:05:31.161,-0.09E+00,-0.05E+00,+0.05E+00,-0.05E+00,+5.17E+00,+60.38E+00,-65.94E+00,+1.488E+00
2,09/2/2026,19:05:31.161,-0.09E+00,-0.05E+00,+0.00E+00,-0.05E+00,+5.39E+00,+60.95E+00,-66.73E+00,+1.404E+00
2,09/2/2026,19:05:31.161,-0.09E+00,-0.05E+00,+0.05E+00,+0.00E+00,+5.62E+00,+61.50E+00,-67.50E+00,+1.320E+00
2,09/2/2026,19:05:31.161,-0.09E+00,-0.05E+00,+0.05E+00,+0.00E+00,+5.84E+00,+62.03E+00,-68.26E+00,+1.244E+00
2,09/2/2026,19:05:31.161,-0.09E+00,-0.05E+00,+0.05E+00,+0.00E+00,+6.07E+00,+62.55E+00,-69.01E+00,+1.160E+00
2,09/2/2026,19:05:31.161,-0.09E+00,-0.05E+00,+0.05E+00,+0.00E+00,+6.30E+00,+63.06E+00,-69.74E+00,+1.076E+00
2,09/2/2026,19:05:31.161,-0.09E+00,-0.05E+00,+0.05E+00,+0.00E+00,+6.52E+00,+63.54E+00,-70.46E+00,+0.992E+00
2,09/2/2026,19:05:31.161,-0.09E+00,-0.05E+00,+0.05E+00,+0.00E+00,+6.75E+00,+64.02E+00,-71.16E+00,+0.908E+00
2,09/2/2026,19:05:31.161,-0.09E+00,-0.05E+00,+0.05E+00,+0.00E+00,+6.97E+00,+64.47E+00,-71.83E+00,+0.816E+00
2,09/2/2026,19:05:31.162,-0.09E+00,-0.05E+00,+0.05E+00,+0.00E+00,+7.19E+00,+64.92E+00,-72.50E+00,+0.732E+00
2,09/2/2026,19:05:31.162,-0.09E+00,-0.09E+00,+0.05E+00,+0.00E+00,+7.42E+00,+65.34E+00,-73.14E+00,+0.649E+00
2,09/2/2026,19:05:31.162,-0.09E+00,-0.05E+00,+0.05E+00,+0.00E+00,+7.65E+00,+65.76E+00,-73.78E+00,+0.557E+00
2,09/2/2026,19:05:31.162,-0.09E+00,-0.05E+00,+0.05E+00,+0.00E+00,+7.86E+00,+66.15E+00,-74.39E+00,+0.465E+00
2,09/2/2026,19:05:31.162,-0.09E+00,-0.05E+00,+0.05E+00,+0.00E+00,+8.09E+00,+66.53E+00,-75.00E+00,+0.382E+00
2,09/2/2026,19:05:31.162,-0.09E+00,-0.05E+00,+0.05E+00,+0.00E+00,+8.30E+00,+66.90E+00,-75.60E+00,+0.290E+00
2,09/2/2026,19:05:31.162,-0.09E+00,-0.05E+00,+0.05E+00,+0.00E+00,+8.53E+00,+67.25E+00,-76.18E+00,+0.206E+00
2,09/2/2026,19:05:31.162,-0.09E+00,-0.05E+00,+0.05E+00,+0.00E+00,+8.76E+00,+67.59E+00,-76.73E+00,+0.122E+00
2,09/2/2026,19:05:31.162,-0.09E+00,-0.05E+00,+0.05E+00,+0.00E+00,+8.97E+00,+67.92E+00,-77.28E+00,+0.031E+00
2,09/2/2026,19:05:31.162,-0.09E+00,-0.05E+00,+0.05E+00,+0.00E+00,+9.19E+00,+68.23E+00,-77.81E+00,-0.053E+00
2,09/2/2026,19:05:31.162,-0.14E+00,-0.05E+00,+0.05E+00,+0.00E+00,+9.42E+00,+68.52E+00,-78.33E+00,-0.145E+00
2,09/2/2026,19:05:31.162,-0.09E+00,-0.05E+00,+0.05E+00,-0.05E+00,+9.64E+00,+68.79E+00,-78.82E+00,-0.237E+00
2,09/2/2026,19:05:31.162,-0.09E+00,-0.05E+00,+0.05E+00,+0.00E+00,+9.86E+00,+69.05E+00,-79.31E+00,-0.328E+00
2,09/2/2026,19:05:31.162,-0.09E+00,-0.05E+00,+0.05E+00,+0.00E+00,+10.09E+00,+69.31E+00,-79.78E+00,-0.420E+00
2,09/2/2026,19:05:31.162,-0.09E+00,-0.05E+00,+0.05E+00,+0.00E+00,+10.32E+00,+69.53E+00,-80.22E+00,-0.504E+00
2,09/2/2026,19:05:31.162,-0.09E+00,-0.09E+00,+0.00E+00,+0.00E+00,+10.53E+00,+69.74E+00,-80.67E+00,-0.595E+00
2,09/2/2026,19:05:31.162,-0.09E+00,-0.09E+00,+0.05E+00,+0.00E+00,+10.74E+00,+69.95E+00,-81.09E+00,-0.687E+00
2,09/2/2026,19:05:31.162,-0.09E+00,-0.05E+00,+0.05E+00,+0.00E+00,+10.96E+00,+70.14E+00,-81.49E+00,-0.778E+00
2,09/2/2026,19:05:31.162,-0.09E+00,-0.05E+00,+0.05E+00,+0.00E+00,+11.16E+00,+70.32E+00,-81.87E+00,-0.862E+00
2,09/2/2026,19:05:31.162,-0.09E+00,-0.05E+00,+0.05E+00,+0.00E+00,+11.37E+00,+70.49E+00,-82.24E+00,-0.954E+00
2,09/2/2026,19:05:31.163,-0.14E+00,-0.05E+00,+0.05E+00,+0.00E+00,+11.57E+00,+70.62E+00,-82.57E+00,-1.038E+00
2,09/2/2026,19:05:31.163,-0.14E+00,-0.05E+00,+0.05E+00,+0.00E+00,+11.75E+00,+70.76E+00,-82.89E+00,-1.122E+00
2,09/2/2026,19:05:31.163,-0.09E+00,-0.05E+00,+0.05E+00,+0.00E+00,+11.93E+00,+70.87E+00,-83.18E+00,-1.213E+00
2,09/2/2026,19:05:31.163,-0.09E+00,-0.05E+00,+0.05E+00,+0.00E+00,+12.10E+00,+70.96E+00,-83.46E+00,-1.305E+00
2,09/2/2026,19:05:31.163,-0.09E+00,-0.05E+00,+0.05E+00,+0.00E+00,+12.27E+00,+71.02E+00,-83.69E+00,-1.389E+00
2,09/2/2026,19:05:31.163,-0.09E+00,-0.05E+00,+0.05E+00,+0.00E+00,+12.42E+00,+71.08E+00,-83.89E+00,-1.480E+00
2,09/2/2026,19:05:31.163,-0.09E+00,-0.05E+00,+0.05E+00,+0.00E+00,+12.56E+00,+71.10E+00,-84.05E+00,-1.572E+00
2,09/2/2026,19:05:31.163,-0.09E+00,-0.05E+00,+0.05E+00,+0.00E+00,+12.71E+00,+71.11E+00,-84.21E+00,-1.663E+00
2,09/2/2026,19:05:31.163,-0.09E+00,-0.05E+00,+0.05E+00,+0.00E+00,+12.85E+00,+71.10E+00,-84.33E+00,-1.755E+00
2,09/2/2026,19:05:31.163,-0.09E+00,-0.05E+00,+0.05E+00,+0.00E+00,+12.97E+00,+71.07E+00,-84.43E+00,-1.839E+00
2,09/2/2026,19:05:31.163,-0.09E+00,-0.05E+00,+0.00E+00,+0.00E+00,+13.11E+00,+71.02E+00,-84.51E+00,-1.923E+00
2,09/2/2026,19:05:31.163,-0.09E+00,-0.09E+00,+0.05E+00,+0.00E+00,+13.23E+00,+70.94E+00,-84.57E+00,-2.007E+00
2,09/2/2026,19:05:31.163,-0.14E+00,-0.05E+00,+0.05E+00,-0.05E+00,+13.35E+00,+70.87E+00,-84.62E+00,-2.091E+00
2,09/2/2026,19:05:31.163,-0.09E+00,-0.05E+00,+0.05E+00,-0.05E+00,+13.47E+00,+70.76E+00,-84.63E+00,-2.175E+00
2,09/2/2026,19:05:31.163,-0.09E+00,-0.09E+00,+0.00E+00,+0.00E+00,+13.60E+00,+70.65E+00,-84.63E+00,-2.251E+00
2,09/2/2026,19:05:31.163,-0.09E+00,-0.09E+00,+0.05E+00,+0.00E+00,+13.70E+00,+70.52E+00,-84.62E+00,-2.335E+00
2,09/2/2026,19:05:31.163,-0.09E+00,-0.05E+00,+0.05E+00,+0.00E+00,+13.81E+00,+70.35E+00,-84.57E+00,-2.411E+00
2,09/2/2026,19:05:31.163,-0.09E+00,-0.05E+00,+0.05E+00,+0.00E+00,+13.92E+00,+70.18E+00,-84.50E+00,-2.495E+00
2,09/2/2026,19:05:31.163,-0.09E+00,-0.05E+00,+0.05E+00,+0.00E+00,+14.01E+00,+70.00E+00,-84.39E+00,-2.571E+00
2,09/2/2026,19:05:31.163,-0.09E+00,-0.05E+00,+0.05E+00,+0.00E+00,+14.10E+00,+69.77E+00,-84.27E+00,-2.655E+00
2,09/2/2026,19:05:31.164,-0.09E+00,-0.05E+00,+0.05E+00,+0.00E+00,+14.18E+00,+69.54E+00,-84.10E+00,-2.739E+00
2,09/2/2026,19:05:31.164,-0.09E+00,-0.05E+00,+0.05E+00,+0.00E+00,+14.25E+00,+69.27E+00,-83.92E+00,-2.816E+00
2,09/2/2026,19:05:31.164,-0.09E+00,-0.05E+00,+0.05E+00,+0.00E+00,+14.33E+00,+68.99E+00,-83.70E+00,-2.899E+00
2,09/2/2026,19:05:31.164,-0.09E+00,-0.05E+00,+0.05E+00,+0.00E+00,+14.41E+00,+68.69E+00,-83.47E+00,-2.976E+00
2,09/2/2026,19:05:31.164,-0.14E+00,-0.05E+00,+0.05E+00,+0.00E+00,+14.48E+00,+68.35E+00,-83.23E+00,-3.060E+00
2,09/2/2026,19:05:31.164,-0.09E+00,-0.05E+00,+0.05E+00,+0.00E+00,+14.56E+00,+68.01E+00,-82.95E+00,-3.136E+00
2,09/2/2026,19:05:31.164,-0.09E+00,-0.05E+00,+0.05E+00,+0.00E+00,+14.63E+00,+67.65E+00,-82.66E+00,-3.212E+00
2,09/2/2026,19:05:31.164,-0.09E+00,-0.05E+00,+0.05E+00,+0.00E+00,+14.71E+00,+67.27E+00,-82.36E+00,-3.289E+00
2,09/2/2026,19:05:31.164,-0.09E+00,-0.05E+00,+0.05E+00,+0.00E+00,+14.79E+00,+66.85E+00,-82.02E+00,-3.365E+00
2,09/2/2026,19:05:31.164,-0.09E+00,-0.05E+00,+0.05E+00,+0.00E+00,+14.86E+00,+66.44E+00,-81.69E+00,-3.434E+00
2,09/2/2026,19:05:31.164,-0.14E+00,-0.05E+00,+0.05E+00,-0.05E+00,+14.92E+00,+66.02E+00,-81.32E+00,-3.502E+00
2,09/2/2026,19:05:31.164,-0.14E+00,-0.05E+00,+0.05E+00,+0.00E+00,+14.99E+00,+65.57E+00,-80.94E+00,-3.571E+00
2,09/2/2026,19:05:31.164,-0.14E+00,-0.05E+00,+0.05E+00,+0.00E+00,+15.05E+00,+65.12E+00,-80.54E+00,-3.647E+00
2,09/2/2026,19:05:31.164,-0.09E+00,-0.05E+00,+0.05E+00,+0.00E+00,+15.11E+00,+64.64E+00,-80.12E+00,-3.716E+00
2,09/2/2026,19:05:31.164,-0.09E+00,-0.05E+00,+0.05E+00,+0.00E+00,+15.15E+00,+64.14E+00,-79.66E+00,-3.785E+00
2,09/2/2026,19:05:31.164,-0.09E+00,-0.05E+00,+0.05E+00,+0.00E+00,+15.21E+00,+63.62E+00,-79.20E+00,-3.846E+00
2,09/2/2026,19:05:31.164,-0.09E+00,-0.05E+00,+0.05E+00,+0.00E+00,+15.26E+00,+63.09E+00,-78.73E+00,-3.922E+00
2,09/2/2026,19:05:31.164,-0.09E+00,-0.05E+00,+0.05E+00,+0.00E+00,+15.31E+00,+62.54E+00,-78.22E+00,-3.983E+00
2,09/2/2026,19:05:31.164,-0.09E+00,-0.09E+00,+0.05E+00,+0.00E+00,+15.35E+00,+61.97E+00,-77.69E+00,-4.052E+00
2,09/2/2026,19:05:31.164,-0.09E+00,-0.05E+00,+0.05E+00,+0.00E+00,+15.38E+00,+61.39E+00,-77.16E+00,-4.113E+00
2,09/2/2026,19:05:31.165,-0.09E+00,-0.05E+00,+0.05E+00,+0.00E+00,+15.43E+00,+60.80E+00,-76.59E+00,-4.181E+00
2,09/2/2026,19:05:31.165,-0.09E+00,-0.05E+00,+0.05E+00,+0.00E+00,+15.46E+00,+60.19E+00,-76.03E+00,-4.235E+00
2,09/2/2026,19:05:31.165,-0.09E+00,-0.05E+00,+0.05E+00,+0.00E+00,+15.49E+00,+59.58E+00,-75.43E+00,-4.296E+00
2,09/2/2026,19:05:31.165,-0.09E+00,-0.05E+00,+0.05E+00,-0.05E+00,+15.52E+00,+58.93E+00,-74.82E+00,-4.357E+00
2,09/2/2026,19:05:31.165,-0.09E+00,-0.05E+00,+0.05E+00,+0.00E+00,+15.55E+00,+58.28E+00,-74.20E+00,-4.410E+00
2,09/2/2026,19:05:31.165,-0.09E+00,-0.05E+00,+0.05E+00,+0.00E+00,+15.58E+00,+57.62E+00,-73.57E+00,-4.471E+00
2,09/2/2026,19:05:31.165,-0.14E+00,-0.05E+00,+0.05E+00,+0.00E+00,+15.60E+00,+56.94E+00,-72.90E+00,-4.525E+00
2,09/2/2026,19:05:31.165,-0.14E+00,-0.05E+00,+0.05E+00,+0.00E+00,+15.61E+00,+56.25E+00,-72.23E+00,-4.586E+00
2,09/2/2026,19:05:31.165,-0.09E+00,-0.05E+00,+0.05E+00,+0.00E+00,+15.63E+00,+55.53E+00,-71.52E+00,-4.639E+00
2,09/2/2026,19:05:31.165,-0.09E+00,-0.09E+00,+0.05E+00,+0.00E+00,+15.64E+00,+54.80E+00,-70.79E+00,-4.700E+00
2,09/2/2026,19:05:31.165,-0.09E+00,-0.05E+00,+0.05E+00,+0.00E+00,+15.66E+00,+54.05E+00,-70.06E+00,-4.754E+00
2,09/2/2026,19:05:31.165,-0.09E+00,-0.05E+00,+0.05E+00,-0.05E+00,+15.66E+00,+53.29E+00,-69.31E+00,-4.807E+00
2,09/2/2026,19:05:31.165,-0.09E+00,-0.09E+00,+0.05E+00,+0.00E+00,+15.67E+00,+52.51E+00,-68.53E+00,-4.860E+00
2,09/2/2026,19:05:31.165,-0.09E+00,-0.09E+00,+0.05E+00,+0.00E+00,+15.67E+00,+51.73E+00,-67.74E+00,-4.914E+00
2,09/2/2026,19:05:31.165,-0.09E+00,-0.05E+00,+0.05E+00,+0.00E+00,+15.67E+00,+50.92E+00,-66.93E+00,-4.967E+00
2,09/2/2026,19:05:31.165,-0.09E+00,-0.05E+00,+0.00E+00,+0.00E+00,+15.67E+00,+50.11E+00,-66.12E+00,-5.021E+00
2,09/2/2026,19:05:31.165,-0.09E+00,-0.05E+00,+0.00E+00,+0.00E+00,+15.66E+00,+49.28E+00,-65.27E+00,-5.066E+00
2,09/2/2026,19:05:31.165,-0.09E+00,-0.05E+00,+0.00E+00,+0.00E+00,+15.66E+00,+48.44E+00,-64.41E+00,-5.120E+00
2,09/2/2026,19:05:31.165,-0.09E+00,-0.09E+00,+0.05E+00,+0.00E+00,+15.64E+00,+47.58E+00,-63.54E+00,-5.166E+00
2,09/2/2026,19:05:31.166,-0.09E+00,-0.05E+00,+0.05E+00,+0.00E+00,+15.64E+00,+46.71E+00,-62.66E+00,-5.219E+00
2,09/2/2026,19:05:31.166,-0.09E+00,-0.05E+00,+0.05E+00,+0.00E+00,+15.63E+00,+45.81E+00,-61.74E+00,-5.272E+00
2,09/2/2026,19:05:31.166,-0.09E+00,-0.05E+00,+0.05E+00,-0.05E+00,+15.61E+00,+44.93E+00,-60.83E+00,-5.318E+00
2,09/2/2026,19:05:31.166,-0.09E+00,-0.05E+00,+0.00E+00,+0.00E+00,+15.60E+00,+44.00E+00,-59.90E+00,-5.364E+00
2,09/2/2026,19:05:31.166,-0.09E+00,-0.05E+00,+0.05E+00,+0.00E+00,+15.57E+00,+43.08E+00,-58.93E+00,-5.410E+00
2,09/2/2026,19:05:31.166,-0.09E+00,-0.05E+00,+0.05E+00,+0.00E+00,+15.55E+00,+42.13E+00,-57.97E+00,-5.456E+00
2,09/2/2026,19:05:31.166,-0.09E+00,-0.09E+00,+0.05E+00,+0.00E+00,+15.50E+00,+41.19E+00,-56.98E+00,-5.494E+00
2,09/2/2026,19:05:31.166,-0.14E+00,-0.05E+00,+0.00E+00,+0.00E+00,+15.47E+00,+40.24E+00,-55.97E+00,-5.532E+00
2,09/2/2026,19:05:31.166,-0.14E+00,-0.05E+00,+0.05E+00,+0.00E+00,+15.41E+00,+39.28E+00,-54.97E+00,-5.570E+00
2,09/2/2026,19:05:31.166,-0.09E+00,-0.05E+00,+0.05E+00,+0.00E+00,+15.37E+00,+38.32E+00,-53.93E+00,-5.593E+00
2,09/2/2026,19:05:31.166,-0.09E+00,-0.05E+00,+0.05E+00,+0.00E+00,+15.29E+00,+37.34E+00,-52.89E+00,-5.623E+00
2,09/2/2026,19:05:31.166,-0.09E+00,-0.05E+00,+0.05E+00,+0.00E+00,+15.21E+00,+36.37E+00,-51.84E+00,-5.646E+00
2,09/2/2026,19:05:31.166,-0.09E+00,-0.05E+00,+0.05E+00,+0.00E+00,+15.14E+00,+35.39E+00,-50.77E+00,-5.669E+00
2,09/2/2026,19:05:31.166,-0.09E+00,-0.05E+00,+0.05E+00,+0.00E+00,+15.05E+00,+34.41E+00,-49.69E+00,-5.692E+00
2,09/2/2026,19:05:31.166,-0.09E+00,-0.05E+00,+0.05E+00,+0.00E+00,+14.94E+00,+33.40E+00,-48.60E+00,-5.715E+00
2,09/2/2026,19:05:31.166,-0.09E+00,-0.05E+00,+0.05E+00,+0.00E+00,+14.85E+00,+32.41E+00,-47.49E+00,-5.730E+00
2,09/2/2026,19:05:31.166,-0.09E+00,-0.05E+00,+0.05E+00,+0.00E+00,+14.74E+00,+31.39E+00,-46.36E+00,-5.745E+00
2,09/2/2026,19:05:31.166,-0.09E+00,-0.05E+00,+0.05E+00,+0.00E+00,+14.62E+00,+30.37E+00,-45.23E+00,-5.761E+00
2,09/2/2026,19:05:31.166,-0.09E+00,-0.05E+00,+0.00E+00,+0.00E+00,+14.51E+00,+29.35E+00,-44.07E+00,-5.776E+00
2,09/2/2026,19:05:31.166,-0.09E+00,-0.05E+00,+0.00E+00,+0.00E+00,+14.38E+00,+28.31E+00,-42.91E+00,-5.784E+00
2,09/2/2026,19:05:31.167,-0.09E+00,-0.05E+00,+0.05E+00,+0.00E+00,+14.25E+00,+27.27E+00,-41.72E+00,-5.799E+00
2,09/2/2026,19:05:31.167,-0.09E+00,-0.05E+00,+0.05E+00,+0.00E+00,+14.12E+00,+26.22E+00,-40.53E+00,-5.807E+00
2,09/2/2026,19:05:31.167,-0.09E+00,-0.05E+00,+0.05E+00,+0.00E+00,+13.98E+00,+25.16E+00,-39.34E+00,-5.814E+00
2,09/2/2026,19:05:31.167,-0.09E+00,-0.05E+00,+0.05E+00,+0.00E+00,+13.84E+00,+24.11E+00,-38.14E+00,-5.814E+00
2,09/2/2026,19:05:31.167,-0.09E+00,-0.05E+00,+0.00E+00,+0.00E+00,+13.69E+00,+23.04E+00,-36.91E+00,-5.814E+00
2,09/2/2026,19:05:31.167,-0.09E+00,-0.05E+00,+0.05E+00,+0.00E+00,+13.54E+00,+21.97E+00,-35.69E+00,-5.814E+00
2,09/2/2026,19:05:31.167,-0.09E+00,-0.05E+00,+0.05E+00,+0.00E+00,+13.38E+00,+20.91E+00,-34.46E+00,-5.814E+00
2,09/2/2026,19:05:31.167,-0.09E+00,-0.05E+00,+0.05E+00,+0.00E+00,+13.22E+00,+19.84E+00,-33.22E+00,-5.814E+00
2,09/2/2026,19:05:31.167,-0.09E+00,-0.05E+00,+0.05E+00,+0.00E+00,+13.05E+00,+18.77E+00,-31.97E+00,-5.807E+00
2,09/2/2026,19:05:31.167,-0.09E+00,-0.05E+00,+0.05E+00,+0.00E+00,+12.86E+00,+17.69E+00,-30.72E+00,-5.799E+00
2,09/2/2026,19:05:31.167,-0.09E+00,-0.05E+00,+0.05E+00,+0.00E+00,+12.68E+00,+16.60E+00,-29.44E+00,-5.791E+00
2,09/2/2026,19:05:31.167,-0.14E+00,-0.05E+00,+0.05E+00,+0.00E+00,+12.51E+00,+15.52E+00,-28.17E+00,-5.776E+00
2,09/2/2026,19:05:31.167,-0.09E+00,-0.05E+00,+0.05E+00,+0.00E+00,+12.33E+00,+14.42E+00,-26.89E+00,-5.768E+00
2,09/2/2026,19:05:31.167,-0.09E+00,-0.05E+00,+0.05E+00,+0.00E+00,+12.16E+00,+13.34E+00,-25.61E+00,-5.753E+00
2,09/2/2026,19:05:31.167,-0.09E+00,-0.05E+00,+0.05E+00,-0.05E+00,+11.98E+00,+12.24E+00,-24.31E+00,-5.745E+00
2,09/2/2026,19:05:31.167,-0.09E+00,-0.05E+00,+0.05E+00,+0.00E+00,+11.80E+00,+11.12E+00,-23.03E+00,-5.730E+00
2,09/2/2026,19:05:31.167,-0.09E+00,-0.05E+00,+0.05E+00,+0.00E+00,+11.61E+00,+10.01E+00,-21.73E+00,-5.715E+00
2,09/2/2026,19:05:31.167,-0.14E+00,-0.09E+00,+0.05E+00,+0.00E+00,+11.43E+00,+8.90E+00,-20.42E+00,-5.700E+00
2,09/2/2026,19:05:31.167,-0.09E+00,-0.05E+00,+0.05E+00,+0.00E+00,+11.25E+00,+7.78E+00,-19.12E+00,-5.684E+00
2,09/2/2026,19:05:31.167,-0.09E+00,-0.05E+00,+0.05E+00,-0.05E+00,+11.06E+00,+6.68E+00,-17.82E+00,-5.662E+00
2,09/2/2026,19:05:31.168,-0.09E+00,-0.05E+00,+0.05E+00,+0.00E+00,+10.88E+00,+5.57E+00,-16.53E+00,-5.646E+00
2,09/2/2026,19:05:31.168,-0.09E+00,-0.05E+00,+0.05E+00,+0.00E+00,+10.68E+00,+4.46E+00,-15.23E+00,-5.623E+00
2,09/2/2026,19:05:31.168,-0.14E+00,-0.05E+00,+0.00E+00,+0.00E+00,+10.50E+00,+3.34E+00,-13.93E+00,-5.600E+00
2,09/2/2026,19:05:31.168,-0.14E+00,-0.05E+00,+0.00E+00,+0.00E+00,+10.32E+00,+2.23E+00,-12.62E+00,-5.578E+00
2,09/2/2026,19:05:31.168,-0.09E+00,-0.09E+00,+0.05E+00,+0.00E+00,+10.13E+00,+1.10E+00,-11.32E+00,-5.555E+00
2,09/2/2026,19:05:31.168,-0.09E+00,-0.05E+00,+0.05E+00,+0.00E+00,+9.93E+00,-0.02E+00,-10.03E+00,-5.532E+00
2,09/2/2026,19:05:31.168,-0.09E+00,-0.05E+00,+0.00E+00,+0.00E+00,+9.75E+00,-1.13E+00,-8.71E+00,-5.509E+00
2,09/2/2026,19:05:31.168,-0.09E+00,-0.05E+00,+0.05E+00,+0.00E+00,+9.57E+00,-2.24E+00,-7.42E+00,-5.478E+00
2,09/2/2026,19:05:31.168,-0.09E+00,-0.05E+00,+0.05E+00,+0.00E+00,+9.37E+00,-3.36E+00,-6.12E+00,-5.456E+00
2,09/2/2026,19:05:31.168,-0.09E+00,-0.05E+00,+0.00E+00,+0.00E+00,+9.19E+00,-4.47E+00,-4.81E+00,-5.425E+00
2,09/2/2026,19:05:31.168,-0.09E+00,-0.05E+00,+0.00E+00,+0.00E+00,+8.99E+00,-5.59E+00,-3.51E+00,-5.394E+00
2,09/2/2026,19:05:31.168,-0.14E+00,-0.09E+00,+0.05E+00,+0.00E+00,+8.81E+00,-6.68E+00,-2.21E+00,-5.364E+00
2,09/2/2026,19:05:31.168,-0.09E+00,-0.05E+00,+0.05E+00,+0.00E+00,+8.61E+00,-7.80E+00,-0.92E+00,-5.333E+00
2,09/2/2026,19:05:31.168,-0.09E+00,-0.05E+00,+0.05E+00,+0.00E+00,+8.42E+00,-8.91E+00,+0.38E+00,-5.303E+00
2,09/2/2026,19:05:31.168,-0.09E+00,-0.05E+00,+0.05E+00,+0.00E+00,+8.23E+00,-10.01E+00,+1.66E+00,-5.272E+00
2,09/2/2026,19:05:31.168,-0.09E+00,-0.05E+00,+0.00E+00,+0.00E+00,+8.03E+00,-11.11E+00,+2.96E+00,-5.234E+00
2,09/2/2026,19:05:31.168,-0.09E+00,-0.05E+00,+0.05E+00,-0.05E+00,+7.84E+00,-12.21E+00,+4.26E+00,-5.204E+00
2,09/2/2026,19:05:31.168,-0.09E+00,-0.05E+00,+0.05E+00,+0.00E+00,+7.65E+00,-13.31E+00,+5.54E+00,-5.166E+00
2,09/2/2026,19:05:31.168,-0.09E+00,-0.05E+00,+0.05E+00,+0.00E+00,+7.43E+00,-14.41E+00,+6.84E+00,-5.135E+00
2,09/2/2026,19:05:31.168,-0.09E+00,-0.05E+00,+0.05E+00,+0.00E+00,+7.20E+00,-15.49E+00,+8.15E+00,-5.089E+00
2,09/2/2026,19:05:31.169,-0.09E+00,-0.05E+00,+0.00E+00,+0.00E+00,+6.99E+00,-16.57E+00,+9.45E+00,-5.051E+00
2,09/2/2026,19:05:31.169,-0.14E+00,-0.05E+00,+0.05E+00,+0.00E+00,+6.78E+00,-17.67E+00,+10.74E+00,-5.013E+00
2,09/2/2026,19:05:31.169,-0.09E+00,-0.05E+00,+0.05E+00,+0.00E+00,+6.56E+00,-18.75E+00,+12.06E+00,-4.975E+00
2,09/2/2026,19:05:31.169,-0.09E+00,-0.05E+00,+0.05E+00,+0.00E+00,+6.35E+00,-19.85E+00,+13.35E+00,-4.937E+00
2,09/2/2026,19:05:31.169,-0.09E+00,-0.05E+00,+0.05E+00,+0.00E+00,+6.15E+00,-20.94E+00,+14.63E+00,-4.899E+00
2,09/2/2026,19:05:31.169,-0.09E+00,-0.05E+00,+0.00E+00,+0.00E+00,+5.94E+00,-22.04E+00,+15.93E+00,-4.868E+00
2,09/2/2026,19:05:31.169,-0.09E+00,-0.05E+00,+0.05E+00,+0.00E+00,+5.72E+00,-23.12E+00,+17.23E+00,-4.822E+00
2,09/2/2026,19:05:31.169,-0.09E+00,-0.05E+00,+0.05E+00,+0.00E+00,+5.51E+00,-24.20E+00,+18.51E+00,-4.784E+00
2,09/2/2026,19:05:31.169,-0.09E+00,-0.05E+00,+0.05E+00,+0.00E+00,+5.30E+00,-25.29E+00,+19.81E+00,-4.746E+00
2,09/2/2026,19:05:31.169,-0.09E+00,-0.05E+00,+0.05E+00,+0.00E+00,+5.08E+00,-26.37E+00,+21.12E+00,-4.708E+00
2,09/2/2026,19:05:31.169,-0.09E+00,-0.05E+00,+0.05E+00,+0.00E+00,+4.85E+00,-27.45E+00,+22.42E+00,-4.662E+00
2,09/2/2026,19:05:31.169,-0.09E+00,-0.05E+00,+0.05E+00,+0.00E+00,+4.62E+00,-28.51E+00,+23.71E+00,-4.616E+00
2,09/2/2026,19:05:31.169,-0.09E+00,-0.05E+00,+0.00E+00,+0.00E+00,+4.41E+00,-29.57E+00,+25.00E+00,-4.570E+00
2,09/2/2026,19:05:31.169,-0.14E+00,-0.05E+00,+0.05E+00,+0.00E+00,+4.20E+00,-30.64E+00,+26.28E+00,-4.517E+00
2,09/2/2026,19:05:31.169,-0.14E+00,-0.05E+00,+0.05E+00,+0.00E+00,+3.97E+00,-31.70E+00,+27.54E+00,-4.464E+00
2,09/2/2026,19:05:31.169,-0.14E+00,-0.05E+00,+0.00E+00,-0.05E+00,+3.72E+00,-32.73E+00,+28.80E+00,-4.410E+00
2,09/2/2026,19:05:31.169,-0.09E+00,-0.05E+00,+0.05E+00,+0.00E+00,+3.49E+00,-33.74E+00,+30.05E+00,-4.342E+00
2,09/2/2026,19:05:31.169,-0.09E+00,-0.05E+00,+0.05E+00,+0.00E+00,+3.27E+00,-34.75E+00,+31.27E+00,-4.280E+00
2,09/2/2026,19:05:31.169,-0.09E+00,-0.05E+00,+0.05E+00,+0.00E+00,+3.02E+00,-35.74E+00,+32.49E+00,-4.212E+00
2,09/2/2026,19:05:31.169,-0.09E+00,-0.05E+00,+0.00E+00,+0.00E+00,+2.79E+00,-36.70E+00,+33.71E+00,-4.143E+00
2,09/2/2026,19:05:31.170,-0.09E+00,-0.05E+00,+0.05E+00,+0.00E+00,+2.55E+00,-37.68E+00,+34.92E+00,-4.074E+00
2,09/2/2026,19:05:31.170,-0.09E+00,-0.05E+00,+0.05E+00,+0.00E+00,+2.30E+00,-38.64E+00,+36.11E+00,-4.006E+00
2,09/2/2026,19:05:31.170,-0.09E+00,-0.05E+00,+0.05E+00,+0.00E+00,+2.06E+00,-39.58E+00,+37.31E+00,-3.937E+00
2,09/2/2026,19:05:31.170,-0.09E+00,-0.05E+00,+0.05E+00,+0.00E+00,+1.82E+00,-40.52E+00,+38.49E+00,-3.861E+00
2,09/2/2026,19:05:31.170,-0.09E+00,-0.05E+00,+0.05E+00,+0.00E+00,+1.56E+00,-41.43E+00,+39.65E+00,-3.785E+00
2,09/2/2026,19:05:31.170,-0.09E+00,-0.05E+00,+0.05E+00,+0.00E+00,+1.30E+00,-42.33E+00,+40.81E+00,-3.708E+00
2,09/2/2026,19:05:31.170,-0.09E+00,-0.05E+00,+0.05E+00,+0.00E+00,+1.02E+00,-43.22E+00,+41.95E+00,-3.632E+00
2,09/2/2026,19:05:31.170,-0.09E+00,-0.05E+00,+0.05E+00,+0.00E+00,+0.78E+00,-44.09E+00,+43.08E+00,-3.548E+00
2,09/2/2026,19:05:31.170,-0.09E+00,-0.05E+00,+0.05E+00,+0.00E+00,+0.50E+00,-44.96E+00,+44.21E+00,-3.464E+00
2,09/2/2026,19:05:31.170,-0.09E+00,-0.05E+00,+0.05E+00,+0.00E+00,+0.24E+00,-45.81E+00,+45.32E+00,-3.380E+00
2,09/2/2026,19:05:31.170,-0.09E+00,-0.09E+00,+0.05E+00,+0.00E+00,-0.02E+00,-46.65E+00,+46.41E+00,-3.304E+00
2,09/2/2026,19:05:31.170,-0.09E+00,-0.09E+00,+0.00E+00,+0.00E+00,-0.27E+00,-47.47E+00,+47.49E+00,-3.220E+00
2,09/2/2026,19:05:31.170,-0.09E+00,-0.05E+00,+0.05E+00,+0.00E+00,-0.52E+00,-48.28E+00,+48.57E+00,-3.136E+00
2,09/2/2026,19:05:31.170,-0.09E+00,-0.05E+00,+0.05E+00,+0.00E+00,-0.79E+00,-49.08E+00,+49.61E+00,-3.052E+00
2,09/2/2026,19:05:31.170,-0.09E+00,-0.05E+00,+0.00E+00,+0.00E+00,-1.05E+00,-49.87E+00,+50.66E+00,-2.968E+00
2,09/2/2026,19:05:31.170,-0.09E+00,-0.05E+00,+0.00E+00,+0.00E+00,-1.31E+00,-50.65E+00,+51.70E+00,-2.877E+00
2,09/2/2026,19:05:31.170,-0.09E+00,-0.05E+00,+0.05E+00,+0.00E+00,-1.57E+00,-51.41E+00,+52.71E+00,-2.793E+00
2,09/2/2026,19:05:31.170,-0.09E+00,-0.09E+00,+0.05E+00,+0.00E+00,-1.85E+00,-52.14E+00,+53.72E+00,-2.701E+00
2,09/2/2026,19:05:31.170,-0.09E+00,-0.05E+00,+0.05E+00,-0.05E+00,-2.11E+00,-52.88E+00,+54.71E+00,-2.617E+00
2,09/2/2026,19:05:31.170,-0.09E+00,-0.05E+00,+0.05E+00,-0.05E+00,-2.37E+00,-53.59E+00,+55.68E+00,-2.526E+00
2,09/2/2026,19:05:31.171,-0.09E+00,-0.05E+00,+0.05E+00,+0.00E+00,-2.61E+00,-54.31E+00,+56.65E+00,-2.442E+00
2,09/2/2026,19:05:31.171,-0.09E+00,-0.05E+00,+0.05E+00,+0.00E+00,-2.85E+00,-55.01E+00,+57.59E+00,-2.358E+00
2,09/2/2026,19:05:31.171,-0.14E+00,-0.05E+00,+0.05E+00,+0.00E+00,-3.10E+00,-55.70E+00,+58.52E+00,-2.274E+00
2,09/2/2026,19:05:31.171,-0.14E+00,-0.05E+00,+0.00E+00,-0.05E+00,-3.36E+00,-56.37E+00,+59.44E+00,-2.190E+00
2,09/2/2026,19:05:31.171,-0.09E+00,-0.05E+00,+0.05E+00,+0.00E+00,-3.60E+00,-57.04E+00,+60.34E+00,-2.106E+00
2,09/2/2026,19:05:31.171,-0.09E+00,-0.05E+00,+0.05E+00,+0.00E+00,-3.83E+00,-57.70E+00,+61.24E+00,-2.022E+00
2,09/2/2026,19:05:31.171,-0.09E+00,-0.05E+00,+0.05E+00,+0.00E+00,-4.07E+00,-58.34E+00,+62.12E+00,-1.946E+00
2,09/2/2026,19:05:31.171,-0.09E+00,-0.05E+00,+0.05E+00,+0.00E+00,-4.30E+00,-58.97E+00,+62.98E+00,-1.862E+00
2,09/2/2026,19:05:31.171,-0.09E+00,-0.05E+00,+0.05E+00,+0.00E+00,-4.55E+00,-59.59E+00,+63.83E+00,-1.778E+00
2,09/2/2026,19:05:31.171,-0.09E+00,-0.05E+00,+0.05E+00,+0.00E+00,-4.78E+00,-60.19E+00,+64.67E+00,-1.694E+00
2,09/2/2026,19:05:31.171,-0.09E+00,-0.09E+00,+0.00E+00,+0.00E+00,-5.01E+00,-60.78E+00,+65.50E+00,-1.610E+00
2,09/2/2026,19:05:31.171,-0.09E+00,-0.05E+00,+0.05E+00,+0.00E+00,-5.23E+00,-61.36E+00,+66.32E+00,-1.526E+00
2,09/2/2026,19:05:31.171,-0.09E+00,-0.05E+00,+0.00E+00,+0.00E+00,-5.48E+00,-61.93E+00,+67.11E+00,-1.442E+00
2,09/2/2026,19:05:31.171,-0.09E+00,-0.05E+00,+0.00E+00,+0.00E+00,-5.71E+00,-62.49E+00,+67.89E+00,-1.358E+00
2,09/2/2026,19:05:31.171,-0.09E+00,-0.09E+00,+0.05E+00,+0.00E+00,-5.92E+00,-63.02E+00,+68.66E+00,-1.274E+00
2,09/2/2026,19:05:31.171,-0.09E+00,-0.05E+00,+0.05E+00,+0.00E+00,-6.15E+00,-63.54E+00,+69.40E+00,-1.190E+00
2,09/2/2026,19:05:31.171,-0.09E+00,-0.05E+00,+0.05E+00,+0.00E+00,-6.38E+00,-64.06E+00,+70.15E+00,-1.106E+00
2,09/2/2026,19:05:31.171,-0.09E+00,-0.05E+00,+0.05E+00,+0.00E+00,-6.61E+00,-64.57E+00,+70.87E+00,-1.022E+00
2,09/2/2026,19:05:31.171,-0.09E+00,-0.09E+00,+0.05E+00,+0.00E+00,-6.82E+00,-65.05E+00,+71.57E+00,-0.946E+00
2,09/2/2026,19:05:31.171,-0.09E+00,-0.09E+00,+0.05E+00,+0.00E+00,-7.05E+00,-65.54E+00,+72.27E+00,-0.862E+00
2,09/2/2026,19:05:31.172,-0.09E+00,-0.05E+00,+0.05E+00,+0.00E+00,-7.26E+00,-66.00E+00,+72.96E+00,-0.778E+00
2,09/2/2026,19:05:31.172,-0.09E+00,-0.05E+00,+0.00E+00,+0.00E+00,-7.49E+00,-66.44E+00,+73.62E+00,-0.694E+00
2,09/2/2026,19:05:31.172,-0.09E+00,-0.05E+00,+0.05E+00,+0.00E+00,-7.71E+00,-66.85E+00,+74.26E+00,-0.603E+00
2,09/2/2026,19:05:31.172,-0.09E+00,-0.05E+00,+0.05E+00,+0.00E+00,-7.94E+00,-67.27E+00,+74.88E+00,-0.519E+00
2,09/2/2026,19:05:31.172,-0.09E+00,-0.05E+00,+0.05E+00,+0.00E+00,-8.16E+00,-67.66E+00,+75.51E+00,-0.427E+00
2,09/2/2026,19:05:31.172,-0.09E+00,-0.05E+00,+0.05E+00,+0.00E+00,-8.38E+00,-68.03E+00,+76.10E+00,-0.336E+00
2,09/2/2026,19:05:31.172,-0.09E+00,-0.05E+00,+0.00E+00,+0.00E+00,-8.61E+00,-68.40E+00,+76.68E+00,-0.252E+00
2,09/2/2026,19:05:31.172,-0.09E+00,-0.05E+00,+0.05E+00,+0.00E+00,-8.84E+00,-68.75E+00,+77.26E+00,-0.160E+00
2,09/2/2026,19:05:31.172,-0.09E+00,-0.05E+00,+0.05E+00,+0.00E+00,-9.06E+00,-69.08E+00,+77.81E+00,-0.069E+00
2,09/2/2026,19:05:31.172,-0.09E+00,-0.05E+00,+0.05E+00,+0.00E+00,-9.28E+00,-69.40E+00,+78.36E+00,+0.015E+00
2,09/2/2026,19:05:31.172,-0.09E+00,-0.09E+00,+0.05E+00,+0.00E+00,-9.51E+00,-69.71E+00,+78.88E+00,+0.107E+00
2,09/2/2026,19:05:31.172,-0.09E+00,-0.09E+00,+0.05E+00,+0.00E+00,-9.74E+00,-70.00E+00,+79.40E+00,+0.198E+00
2,09/2/2026,19:05:31.172,-0.14E+00,-0.05E+00,+0.05E+00,-0.05E+00,-9.95E+00,-70.27E+00,+79.89E+00,+0.282E+00
2,09/2/2026,19:05:31.172,-0.14E+00,-0.05E+00,+0.05E+00,-0.05E+00,-10.16E+00,-70.53E+00,+80.38E+00,+0.374E+00
2,09/2/2026,19:05:31.172,-0.09E+00,-0.05E+00,+0.05E+00,+0.00E+00,-10.39E+00,-70.79E+00,+80.85E+00,+0.465E+00
2,09/2/2026,19:05:31.172,-0.09E+00,-0.05E+00,+0.00E+00,+0.00E+00,-10.61E+00,-71.02E+00,+81.29E+00,+0.549E+00
2,09/2/2026,19:05:31.172,-0.09E+00,-0.05E+00,+0.00E+00,+0.00E+00,-10.82E+00,-71.23E+00,+81.72E+00,+0.641E+00
2,09/2/2026,19:05:31.172,-0.09E+00,-0.05E+00,+0.05E+00,+0.00E+00,-11.05E+00,-71.43E+00,+82.15E+00,+0.725E+00
2,09/2/2026,19:05:31.172,-0.09E+00,-0.05E+00,+0.05E+00,+0.00E+00,-11.26E+00,-71.63E+00,+82.54E+00,+0.816E+00
2,09/2/2026,19:05:31.172,-0.09E+00,-0.05E+00,+0.05E+00,+0.00E+00,-11.46E+00,-71.80E+00,+82.92E+00,+0.908E+00
2,09/2/2026,19:05:31.173,-0.09E+00,-0.09E+00,+0.05E+00,+0.00E+00,-11.67E+00,-71.95E+00,+83.29E+00,+1.000E+00
2,09/2/2026,19:05:31.173,-0.09E+00,-0.09E+00,+0.05E+00,+0.00E+00,-11.87E+00,-72.10E+00,+83.63E+00,+1.083E+00
2,09/2/2026,19:05:31.173,-0.09E+00,-0.05E+00,+0.05E+00,+0.00E+00,-12.06E+00,-72.23E+00,+83.93E+00,+1.175E+00
2,09/2/2026,19:05:31.173,-0.09E+00,-0.05E+00,+0.05E+00,+0.00E+00,-12.24E+00,-72.33E+00,+84.22E+00,+1.267E+00
2,09/2/2026,19:05:31.173,-0.09E+00,-0.05E+00,+0.05E+00,+0.00E+00,-12.42E+00,-72.41E+00,+84.50E+00,+1.358E+00
2,09/2/2026,19:05:31.173,-0.09E+00,-0.05E+00,+0.05E+00,+0.00E+00,-12.57E+00,-72.47E+00,+84.71E+00,+1.450E+00
2,09/2/2026,19:05:31.173,-0.09E+00,-0.05E+00,+0.05E+00,+0.00E+00,-12.73E+00,-72.53E+00,+84.91E+00,+1.534E+00
2,09/2/2026,19:05:31.173,-0.09E+00,-0.05E+00,+0.00E+00,+0.00E+00,-12.88E+00,-72.56E+00,+85.09E+00,+1.625E+00
2,09/2/2026,19:05:31.173,-0.09E+00,-0.05E+00,+0.00E+00,+0.00E+00,-13.02E+00,-72.56E+00,+85.24E+00,+1.717E+00
2,09/2/2026,19:05:31.173,-0.09E+00,-0.09E+00,+0.00E+00,+0.00E+00,-13.15E+00,-72.56E+00,+85.35E+00,+1.801E+00
2,09/2/2026,19:05:31.173,-0.09E+00,-0.05E+00,+0.05E+00,+0.00E+00,-13.28E+00,-72.53E+00,+85.46E+00,+1.892E+00
2,09/2/2026,19:05:31.173,-0.09E+00,-0.05E+00,+0.05E+00,+0.00E+00,-13.40E+00,-72.49E+00,+85.53E+00,+1.976E+00
2,09/2/2026,19:05:31.173,-0.09E+00,-0.05E+00,+0.05E+00,+0.00E+00,-13.52E+00,-72.41E+00,+85.59E+00,+2.060E+00
2,09/2/2026,19:05:31.173,-0.09E+00,-0.05E+00,+0.00E+00,+0.00E+00,-13.64E+00,-72.33E+00,+85.62E+00,+2.144E+00
2,09/2/2026,19:05:31.173,-0.09E+00,-0.05E+00,+0.05E+00,+0.00E+00,-13.76E+00,-72.23E+00,+85.64E+00,+2.228E+00
2,09/2/2026,19:05:31.173,-0.09E+00,-0.05E+00,+0.05E+00,+0.00E+00,-13.90E+00,-72.10E+00,+85.64E+00,+2.312E+00
2,09/2/2026,19:05:31.173,-0.14E+00,-0.05E+00,+0.05E+00,+0.00E+00,-14.01E+00,-71.97E+00,+85.61E+00,+2.388E+00
2,09/2/2026,19:05:31.173,-0.09E+00,-0.05E+00,+0.00E+00,-0.05E+00,-14.12E+00,-71.80E+00,+85.56E+00,+2.472E+00
2,09/2/2026,19:05:31.173,-0.09E+00,-0.05E+00,+0.00E+00,-0.05E+00,-14.22E+00,-71.63E+00,+85.50E+00,+2.556E+00
2,09/2/2026,19:05:31.173,-0.09E+00,-0.05E+00,+0.05E+00,+0.00E+00,-14.33E+00,-71.43E+00,+85.38E+00,+2.632E+00
2,09/2/2026,19:05:31.174,-0.09E+00,-0.05E+00,+0.05E+00,+0.00E+00,-14.41E+00,-71.20E+00,+85.26E+00,+2.716E+00
2,09/2/2026,19:05:31.174,-0.09E+00,-0.05E+00,+0.05E+00,+0.00E+00,-14.50E+00,-70.98E+00,+85.11E+00,+2.800E+00
2,09/2/2026,19:05:31.174,-0.09E+00,-0.05E+00,+0.00E+00,+0.00E+00,-14.57E+00,-70.70E+00,+84.92E+00,+2.877E+00
2,09/2/2026,19:05:31.174,-0.09E+00,-0.05E+00,+0.00E+00,+0.00E+00,-14.65E+00,-70.43E+00,+84.71E+00,+2.960E+00
2,09/2/2026,19:05:31.174,-0.09E+00,-0.05E+00,+0.00E+00,+0.00E+00,-14.73E+00,-70.12E+00,+84.48E+00,+3.037E+00
2,09/2/2026,19:05:31.174,-0.09E+00,-0.05E+00,+0.05E+00,+0.00E+00,-14.79E+00,-69.78E+00,+84.22E+00,+3.121E+00
2,09/2/2026,19:05:31.174,-0.09E+00,-0.05E+00,+0.05E+00,+0.00E+00,-14.86E+00,-69.43E+00,+83.95E+00,+3.197E+00
2,09/2/2026,19:05:31.174,-0.09E+00,-0.05E+00,+0.05E+00,+0.00E+00,-14.94E+00,-69.07E+00,+83.66E+00,+3.273E+00
2,09/2/2026,19:05:31.174,-0.09E+00,-0.05E+00,+0.05E+00,+0.00E+00,-15.02E+00,-68.69E+00,+83.35E+00,+3.350E+00
2,09/2/2026,19:05:31.174,-0.09E+00,-0.05E+00,+0.05E+00,+0.00E+00,-15.08E+00,-68.30E+00,+83.02E+00,+3.426E+00
2,09/2/2026,19:05:31.174,-0.09E+00,-0.05E+00,+0.00E+00,+0.00E+00,-15.15E+00,-67.88E+00,+82.68E+00,+3.502E+00
2,09/2/2026,19:05:31.174,-0.09E+00,-0.05E+00,+0.05E+00,+0.00E+00,-15.23E+00,-67.45E+00,+82.31E+00,+3.571E+00
2,09/2/2026,19:05:31.174,-0.09E+00,-0.05E+00,+0.05E+00,+0.00E+00,-15.29E+00,-67.01E+00,+81.93E+00,+3.640E+00
2,09/2/2026,19:05:31.174,-0.09E+00,-0.05E+00,+0.00E+00,+0.00E+00,-15.35E+00,-66.55E+00,+81.54E+00,+3.708E+00
2,09/2/2026,19:05:31.174,-0.09E+00,-0.05E+00,+0.05E+00,+0.00E+00,-15.41E+00,-66.06E+00,+81.11E+00,+3.777E+00
2,09/2/2026,19:05:31.174,-0.09E+00,-0.05E+00,+0.05E+00,-0.05E+00,-15.46E+00,-65.56E+00,+80.67E+00,+3.846E+00
2,09/2/2026,19:05:31.174,-0.09E+00,-0.05E+00,+0.05E+00,-0.05E+00,-15.52E+00,-65.05E+00,+80.21E+00,+3.914E+00
2,09/2/2026,19:05:31.174,-0.09E+00,-0.09E+00,+0.05E+00,+0.00E+00,-15.57E+00,-64.52E+00,+79.72E+00,+3.983E+00
2,09/2/2026,19:05:31.174,-0.09E+00,-0.05E+00,+0.05E+00,+0.00E+00,-15.61E+00,-63.97E+00,+79.23E+00,+4.052E+00
2,09/2/2026,19:05:31.174,-0.09E+00,-0.05E+00,+0.05E+00,+0.00E+00,-15.66E+00,-63.41E+00,+78.70E+00,+4.113E+00
2,09/2/2026,19:05:31.175,-0.09E+00,-0.09E+00,+0.05E+00,+0.00E+00,-15.69E+00,-62.83E+00,+78.16E+00,+4.174E+00
2,09/2/2026,19:05:31.175,-0.09E+00,-0.05E+00,+0.05E+00,+0.00E+00,-15.72E+00,-62.23E+00,+77.60E+00,+4.242E+00
2,09/2/2026,19:05:31.175,-0.09E+00,-0.05E+00,+0.05E+00,+0.00E+00,-15.75E+00,-61.62E+00,+77.03E+00,+4.303E+00
2,09/2/2026,19:05:31.175,-0.09E+00,-0.05E+00,+0.00E+00,+0.00E+00,-15.79E+00,-61.01E+00,+76.44E+00,+4.364E+00
2,09/2/2026,19:05:31.175,-0.09E+00,-0.05E+00,+0.05E+00,+0.00E+00,-15.81E+00,-60.37E+00,+75.83E+00,+4.418E+00
2,09/2/2026,19:05:31.175,-0.14E+00,-0.05E+00,+0.05E+00,+0.00E+00,-15.84E+00,-59.71E+00,+75.20E+00,+4.479E+00
2,09/2/2026,19:05:31.175,-0.09E+00,-0.05E+00,+0.05E+00,-0.05E+00,-15.87E+00,-59.06E+00,+74.56E+00,+4.532E+00
2,09/2/2026,19:05:31.175,-0.09E+00,-0.05E+00,+0.05E+00,-0.05E+00,-15.89E+00,-58.39E+00,+73.92E+00,+4.593E+00
2,09/2/2026,19:05:31.175,-0.09E+00,-0.05E+00,+0.05E+00,+0.00E+00,-15.90E+00,-57.70E+00,+73.25E+00,+4.647E+00
2,09/2/2026,19:05:31.175,-0.09E+00,-0.05E+00,+0.05E+00,+0.00E+00,-15.92E+00,-56.98E+00,+72.55E+00,+4.700E+00
2,09/2/2026,19:05:31.175,-0.09E+00,-0.09E+00,+0.05E+00,+0.00E+00,-15.93E+00,-56.25E+00,+71.83E+00,+4.761E+00
2,09/2/2026,19:05:31.175,-0.09E+00,-0.05E+00,+0.05E+00,+0.00E+00,-15.95E+00,-55.50E+00,+71.10E+00,+4.815E+00
2,09/2/2026,19:05:31.175,-0.09E+00,-0.05E+00,+0.05E+00,-0.05E+00,-15.95E+00,-54.74E+00,+70.35E+00,+4.868E+00
2,09/2/2026,19:05:31.175,-0.09E+00,-0.05E+00,+0.05E+00,+0.00E+00,-15.95E+00,-53.98E+00,+69.57E+00,+4.929E+00
2,09/2/2026,19:05:31.175,-0.09E+00,-0.05E+00,+0.05E+00,+0.00E+00,-15.95E+00,-53.18E+00,+68.78E+00,+4.982E+00
2,09/2/2026,19:05:31.175,-0.09E+00,-0.05E+00,+0.05E+00,+0.00E+00,-15.95E+00,-52.37E+00,+67.98E+00,+5.036E+00
2,09/2/2026,19:05:31.175,-0.09E+00,-0.05E+00,+0.05E+00,+0.00E+00,-15.95E+00,-51.56E+00,+67.16E+00,+5.089E+00
2,09/2/2026,19:05:31.175,-0.09E+00,-0.09E+00,+0.05E+00,+0.00E+00,-15.95E+00,-50.72E+00,+66.32E+00,+5.135E+00
2,09/2/2026,19:05:31.175,-0.09E+00,-0.05E+00,+0.05E+00,+0.00E+00,-15.93E+00,-49.89E+00,+65.47E+00,+5.188E+00
2,09/2/2026,19:05:31.175,-0.09E+00,-0.05E+00,+0.05E+00,+0.00E+00,-15.93E+00,-49.02E+00,+64.60E+00,+5.242E+00
2,09/2/2026,19:05:31.176,-0.09E+00,-0.05E+00,+0.05E+00,+0.00E+00,-15.92E+00,-48.16E+00,+63.71E+00,+5.288E+00
2,09/2/2026,19:05:31.176,-0.14E+00,-0.05E+00,+0.05E+00,+0.00E+00,-15.92E+00,-47.28E+00,+62.81E+00,+5.341E+00
2,09/2/2026,19:05:31.176,-0.09E+00,-0.05E+00,+0.05E+00,+0.00E+00,-15.90E+00,-46.38E+00,+61.90E+00,+5.387E+00
2,09/2/2026,19:05:31.176,-0.09E+00,-0.05E+00,+0.05E+00,+0.00E+00,-15.87E+00,-45.46E+00,+60.96E+00,+5.433E+00
2,09/2/2026,19:05:31.176,-0.09E+00,-0.05E+00,+0.05E+00,+0.00E+00,-15.86E+00,-44.53E+00,+60.02E+00,+5.478E+00
2,09/2/2026,19:05:31.176,-0.09E+00,-0.05E+00,+0.05E+00,+0.00E+00,-15.82E+00,-43.60E+00,+59.06E+00,+5.524E+00
2,09/2/2026,19:05:31.176,-0.09E+00,-0.09E+00,+0.05E+00,+0.00E+00,-15.79E+00,-42.67E+00,+58.08E+00,+5.562E+00
2,09/2/2026,19:05:31.176,-0.09E+00,-0.09E+00,+0.05E+00,+0.00E+00,-15.75E+00,-41.71E+00,+57.09E+00,+5.600E+00
2,09/2/2026,19:05:31.176,-0.09E+00,-0.05E+00,+0.00E+00,+0.00E+00,-15.69E+00,-40.74E+00,+56.08E+00,+5.631E+00
2,09/2/2026,19:05:31.176,-0.14E+00,-0.05E+00,+0.05E+00,+0.00E+00,-15.63E+00,-39.78E+00,+55.04E+00,+5.669E+00
2,09/2/2026,19:05:31.176,-0.09E+00,-0.05E+00,+0.05E+00,-0.05E+00,-15.57E+00,-38.82E+00,+54.02E+00,+5.692E+00
2,09/2/2026,19:05:31.176,-0.09E+00,-0.05E+00,+0.05E+00,+0.00E+00,-15.49E+00,-37.85E+00,+52.97E+00,+5.723E+00
2,09/2/2026,19:05:31.176,-0.09E+00,-0.05E+00,+0.00E+00,+0.00E+00,-15.40E+00,-36.87E+00,+51.90E+00,+5.738E+00
2,09/2/2026,19:05:31.176,-0.09E+00,-0.05E+00,+0.00E+00,+0.00E+00,-15.31E+00,-35.88E+00,+50.83E+00,+5.761E+00
2,09/2/2026,19:05:31.176,-0.09E+00,-0.05E+00,+0.05E+00,+0.00E+00,-15.21E+00,-34.88E+00,+49.75E+00,+5.784E+00
2,09/2/2026,19:05:31.176,-0.09E+00,-0.05E+00,+0.05E+00,+0.00E+00,-15.11E+00,-33.89E+00,+48.63E+00,+5.799E+00
2,09/2/2026,19:05:31.176,-0.09E+00,-0.09E+00,+0.05E+00,+0.00E+00,-15.02E+00,-32.89E+00,+47.52E+00,+5.814E+00
2,09/2/2026,19:05:31.176,-0.09E+00,-0.09E+00,+0.05E+00,+0.00E+00,-14.89E+00,-31.86E+00,+46.39E+00,+5.829E+00
2,09/2/2026,19:05:31.176,-0.09E+00,-0.09E+00,+0.05E+00,+0.00E+00,-14.77E+00,-30.84E+00,+45.25E+00,+5.837E+00
2,09/2/2026,19:05:31.176,-0.09E+00,-0.05E+00,+0.05E+00,+0.00E+00,-14.63E+00,-29.80E+00,+44.10E+00,+5.845E+00
2,09/2/2026,19:05:31.177,-0.09E+00,-0.05E+00,+0.05E+00,+0.00E+00,-14.50E+00,-28.75E+00,+42.93E+00,+5.852E+00
2,09/2/2026,19:05:31.177,-0.09E+00,-0.05E+00,+0.05E+00,+0.00E+00,-14.36E+00,-27.71E+00,+41.75E+00,+5.860E+00
2,09/2/2026,19:05:31.177,-0.14E+00,-0.05E+00,+0.05E+00,+0.00E+00,-14.22E+00,-26.67E+00,+40.56E+00,+5.868E+00
2,09/2/2026,19:05:31.177,-0.09E+00,-0.09E+00,+0.05E+00,+0.00E+00,-14.09E+00,-25.62E+00,+39.36E+00,+5.875E+00
2,09/2/2026,19:05:31.177,-0.09E+00,-0.05E+00,+0.05E+00,+0.00E+00,-13.93E+00,-24.55E+00,+38.15E+00,+5.875E+00
2,09/2/2026,19:05:31.177,-0.09E+00,-0.05E+00,+0.05E+00,+0.00E+00,-13.78E+00,-23.49E+00,+36.93E+00,+5.875E+00
2,09/2/2026,19:05:31.177,-0.09E+00,-0.05E+00,+0.05E+00,+0.00E+00,-13.63E+00,-22.42E+00,+35.71E+00,+5.875E+00
2,09/2/2026,19:05:31.177,-0.09E+00,-0.05E+00,+0.05E+00,+0.00E+00,-13.46E+00,-21.35E+00,+34.47E+00,+5.875E+00
2,09/2/2026,19:05:31.177,-0.09E+00,-0.09E+00,+0.05E+00,+0.00E+00,-13.29E+00,-20.28E+00,+33.24E+00,+5.868E+00
2,09/2/2026,19:05:31.177,-0.09E+00,-0.05E+00,+0.05E+00,+0.00E+00,-13.11E+00,-19.21E+00,+31.99E+00,+5.860E+00
2,09/2/2026,19:05:31.177,-0.09E+00,-0.05E+00,+0.05E+00,+0.00E+00,-12.94E+00,-18.13E+00,+30.73E+00,+5.845E+00
2,09/2/2026,19:05:31.177,-0.09E+00,-0.05E+00,+0.05E+00,+0.00E+00,-12.76E+00,-17.05E+00,+29.47E+00,+5.837E+00
2,09/2/2026,19:05:31.177,-0.09E+00,-0.05E+00,+0.05E+00,+0.00E+00,-12.57E+00,-15.95E+00,+28.19E+00,+5.829E+00
2,09/2/2026,19:05:31.177,-0.09E+00,-0.05E+00,+0.05E+00,+0.00E+00,-12.39E+00,-14.85E+00,+26.90E+00,+5.814E+00
2,09/2/2026,19:05:31.177,-0.09E+00,-0.05E+00,+0.05E+00,+0.00E+00,-12.21E+00,-13.75E+00,+25.64E+00,+5.807E+00
2,09/2/2026,19:05:31.177,-0.09E+00,-0.09E+00,+0.05E+00,-0.05E+00,-12.03E+00,-12.65E+00,+24.34E+00,+5.791E+00
2,09/2/2026,19:05:31.177,-0.09E+00,-0.05E+00,+0.05E+00,+0.00E+00,-11.86E+00,-11.54E+00,+23.04E+00,+5.776E+00
2,09/2/2026,19:05:31.177,-0.09E+00,-0.05E+00,+0.05E+00,+0.00E+00,-11.67E+00,-10.44E+00,+21.75E+00,+5.761E+00
2,09/2/2026,19:05:31.177,-0.09E+00,-0.05E+00,+0.05E+00,+0.00E+00,-11.48E+00,-9.32E+00,+20.45E+00,+5.738E+00
2,09/2/2026,19:05:31.177,-0.09E+00,-0.05E+00,+0.05E+00,+0.00E+00,-11.29E+00,-8.21E+00,+19.15E+00,+5.723E+00
2,09/2/2026,19:05:31.178,-0.09E+00,-0.09E+00,+0.05E+00,+0.00E+00,-11.11E+00,-7.10E+00,+17.85E+00,+5.700E+00
2,09/2/2026,19:05:31.178,-0.09E+00,-0.05E+00,+0.05E+00,+0.00E+00,-10.93E+00,-5.98E+00,+16.56E+00,+5.684E+00
2,09/2/2026,19:05:31.178,-0.09E+00,-0.05E+00,+0.05E+00,-0.05E+00,-10.73E+00,-4.87E+00,+15.24E+00,+5.662E+00
2,09/2/2026,19:05:31.178,-0.09E+00,-0.05E+00,+0.05E+00,+0.00E+00,-10.56E+00,-3.75E+00,+13.95E+00,+5.639E+00
2,09/2/2026,19:05:31.178,-0.09E+00,-0.05E+00,+0.05E+00,+0.00E+00,-10.38E+00,-2.64E+00,+12.64E+00,+5.616E+00
2,09/2/2026,19:05:31.178,-0.09E+00,-0.05E+00,+0.05E+00,+0.00E+00,-10.18E+00,-1.51E+00,+11.34E+00,+5.593E+00
2,09/2/2026,19:05:31.178,-0.09E+00,-0.05E+00,+0.05E+00,+0.00E+00,-9.98E+00,-0.38E+00,+10.03E+00,+5.570E+00
2,09/2/2026,19:05:31.178,-0.09E+00,-0.05E+00,+0.05E+00,-0.05E+00,-9.80E+00,+0.73E+00,+8.73E+00,+5.547E+00
2,09/2/2026,19:05:31.178,-0.09E+00,-0.05E+00,+0.05E+00,-0.05E+00,-9.61E+00,+1.85E+00,+7.42E+00,+5.517E+00
2,09/2/2026,19:05:31.178,-0.09E+00,-0.05E+00,+0.05E+00,+0.00E+00,-9.42E+00,+2.96E+00,+6.10E+00,+5.494E+00
2,09/2/2026,19:05:31.178,-0.09E+00,-0.05E+00,+0.05E+00,+0.00E+00,-9.23E+00,+4.07E+00,+4.81E+00,+5.463E+00
2,09/2/2026,19:05:31.178,-0.09E+00,-0.05E+00,+0.05E+00,-0.05E+00,-9.03E+00,+5.19E+00,+3.49E+00,+5.433E+00
2,09/2/2026,19:05:31.178,-0.09E+00,-0.05E+00,+0.05E+00,-0.05E+00,-8.85E+00,+6.32E+00,+2.20E+00,+5.402E+00
2,09/2/2026,19:05:31.178,-0.09E+00,-0.05E+00,+0.05E+00,+0.00E+00,-8.67E+00,+7.43E+00,+0.89E+00,+5.372E+00
2,09/2/2026,19:05:31.178,-0.09E+00,-0.05E+00,+0.05E+00,+0.00E+00,-8.47E+00,+8.55E+00,-0.43E+00,+5.341E+00
2,09/2/2026,19:05:31.178,-0.09E+00,-0.05E+00,+0.00E+00,+0.00E+00,-8.29E+00,+9.64E+00,-1.71E+00,+5.311E+00
2,09/2/2026,19:05:31.178,-0.09E+00,-0.05E+00,+0.00E+00,+0.00E+00,-8.10E+00,+10.76E+00,-3.01E+00,+5.280E+00
2,09/2/2026,19:05:31.178,-0.09E+00,-0.05E+00,+0.05E+00,+0.00E+00,-7.90E+00,+11.87E+00,-4.32E+00,+5.242E+00
2,09/2/2026,19:05:31.178,-0.09E+00,-0.05E+00,+0.05E+00,+0.00E+00,-7.69E+00,+12.96E+00,-5.63E+00,+5.211E+00
2,09/2/2026,19:05:31.178,-0.09E+00,-0.05E+00,+0.00E+00,+0.00E+00,-7.48E+00,+14.05E+00,-6.94E+00,+5.173E+00
2,09/2/2026,19:05:31.179,-0.09E+00,-0.05E+00,+0.05E+00,+0.00E+00,-7.26E+00,+15.15E+00,-8.24E+00,+5.135E+00
2,09/2/2026,19:05:31.179,-0.09E+00,-0.09E+00,+0.05E+00,+0.00E+00,-7.05E+00,+16.25E+00,-9.55E+00,+5.097E+00
2,09/2/2026,19:05:31.179,-0.09E+00,-0.09E+00,+0.05E+00,+0.00E+00,-6.84E+00,+17.35E+00,-10.87E+00,+5.059E+00
2,09/2/2026,19:05:31.179,-0.09E+00,-0.05E+00,+0.00E+00,+0.00E+00,-6.62E+00,+18.43E+00,-12.16E+00,+5.013E+00
2,09/2/2026,19:05:31.179,-0.09E+00,-0.05E+00,+0.00E+00,+0.00E+00,-6.41E+00,+19.52E+00,-13.47E+00,+4.975E+00
2,09/2/2026,19:05:31.179,-0.09E+00,-0.05E+00,+0.05E+00,+0.00E+00,-6.20E+00,+20.62E+00,-14.77E+00,+4.937E+00
2,09/2/2026,19:05:31.179,-0.09E+00,-0.05E+00,+0.05E+00,+0.00E+00,-5.98E+00,+21.72E+00,-16.08E+00,+4.899E+00
2,09/2/2026,19:05:31.179,-0.09E+00,-0.05E+00,+0.05E+00,+0.00E+00,-5.77E+00,+22.80E+00,-17.38E+00,+4.853E+00
2,09/2/2026,19:05:31.179,-0.09E+00,-0.05E+00,+0.05E+00,+0.00E+00,-5.55E+00,+23.88E+00,-18.68E+00,+4.815E+00
2,09/2/2026,19:05:31.179,-0.09E+00,-0.05E+00,+0.05E+00,+0.00E+00,-5.34E+00,+24.97E+00,-19.98E+00,+4.769E+00
2,09/2/2026,19:05:31.179,-0.09E+00,-0.05E+00,+0.05E+00,+0.00E+00,-5.13E+00,+26.03E+00,-21.27E+00,+4.723E+00
2,09/2/2026,19:05:31.179,-0.09E+00,-0.05E+00,+0.05E+00,+0.00E+00,-4.90E+00,+27.10E+00,-22.59E+00,+4.685E+00
2,09/2/2026,19:05:31.179,-0.09E+00,-0.05E+00,+0.05E+00,+0.00E+00,-4.68E+00,+28.19E+00,-23.88E+00,+4.639E+00
2,09/2/2026,19:05:31.179,-0.09E+00,-0.05E+00,+0.05E+00,+0.00E+00,-4.46E+00,+29.24E+00,-25.15E+00,+4.586E+00
2,09/2/2026,19:05:31.179,-0.09E+00,-0.05E+00,+0.05E+00,+0.00E+00,-4.24E+00,+30.28E+00,-26.42E+00,+4.532E+00
2,09/2/2026,19:05:31.179,-0.09E+00,-0.05E+00,+0.00E+00,+0.00E+00,-4.00E+00,+31.31E+00,-27.68E+00,+4.471E+00
2,09/2/2026,19:05:31.179,-0.09E+00,-0.05E+00,+0.00E+00,+0.00E+00,-3.77E+00,+32.34E+00,-28.93E+00,+4.410E+00
2,09/2/2026,19:05:31.179,-0.09E+00,-0.05E+00,+0.05E+00,+0.00E+00,-3.53E+00,+33.34E+00,-30.17E+00,+4.342E+00
2,09/2/2026,19:05:31.179,-0.09E+00,-0.05E+00,+0.05E+00,+0.00E+00,-3.28E+00,+34.34E+00,-31.41E+00,+4.273E+00
2,09/2/2026,19:05:31.179,-0.09E+00,-0.05E+00,+0.00E+00,+0.00E+00,-3.05E+00,+35.31E+00,-32.63E+00,+4.212E+00
2,09/2/2026,19:05:31.180,-0.09E+00,-0.05E+00,+0.05E+00,+0.00E+00,-2.81E+00,+36.27E+00,-33.83E+00,+4.136E+00
2,09/2/2026,19:05:31.180,-0.09E+00,-0.05E+00,+0.05E+00,-0.05E+00,-2.56E+00,+37.23E+00,-35.04E+00,+4.067E+00
2,09/2/2026,19:05:31.180,-0.09E+00,-0.05E+00,+0.05E+00,+0.00E+00,-2.32E+00,+38.18E+00,-36.23E+00,+3.998E+00
2,09/2/2026,19:05:31.180,-0.09E+00,-0.05E+00,+0.05E+00,+0.00E+00,-2.08E+00,+39.13E+00,-37.42E+00,+3.929E+00
2,09/2/2026,19:05:31.180,-0.09E+00,-0.05E+00,+0.00E+00,+0.00E+00,-1.82E+00,+40.04E+00,-38.58E+00,+3.853E+00
2,09/2/2026,19:05:31.180,-0.09E+00,-0.05E+00,+0.00E+00,+0.00E+00,-1.56E+00,+40.94E+00,-39.75E+00,+3.769E+00
2,09/2/2026,19:05:31.180,-0.14E+00,-0.05E+00,+0.05E+00,+0.00E+00,-1.30E+00,+41.83E+00,-40.90E+00,+3.693E+00
2,09/2/2026,19:05:31.180,-0.14E+00,-0.05E+00,+0.05E+00,+0.00E+00,-1.04E+00,+42.71E+00,-42.03E+00,+3.609E+00
2,09/2/2026,19:05:31.180,-0.09E+00,-0.09E+00,+0.05E+00,+0.00E+00,-0.78E+00,+43.57E+00,-43.16E+00,+3.525E+00
2,09/2/2026,19:05:31.180,-0.09E+00,-0.05E+00,+0.05E+00,+0.00E+00,-0.53E+00,+44.41E+00,-44.25E+00,+3.449E+00
2,09/2/2026,19:05:31.180,-0.09E+00,-0.05E+00,+0.05E+00,+0.00E+00,-0.26E+00,+45.26E+00,-45.35E+00,+3.357E+00
2,09/2/2026,19:05:31.180,-0.09E+00,-0.09E+00,+0.00E+00,+0.00E+00,+0.00E+00,+46.07E+00,-46.44E+00,+3.273E+00
2,09/2/2026,19:05:31.180,-0.09E+00,-0.09E+00,+0.05E+00,+0.00E+00,+0.26E+00,+46.89E+00,-47.52E+00,+3.189E+00
2,09/2/2026,19:05:31.180,-0.09E+00,-0.05E+00,+0.05E+00,+0.00E+00,+0.53E+00,+47.69E+00,-48.57E+00,+3.105E+00
2,09/2/2026,19:05:31.180,-0.09E+00,-0.09E+00,+0.05E+00,+0.00E+00,+0.79E+00,+48.47E+00,-49.63E+00,+3.022E+00
2,09/2/2026,19:05:31.180,-0.09E+00,-0.05E+00,+0.00E+00,+0.00E+00,+1.05E+00,+49.24E+00,-50.66E+00,+2.938E+00
2,09/2/2026,19:05:31.180,-0.09E+00,-0.05E+00,+0.05E+00,+0.00E+00,+1.31E+00,+50.01E+00,-51.67E+00,+2.854E+00
2,09/2/2026,19:05:31.180,-0.14E+00,-0.05E+00,+0.05E+00,-0.05E+00,+1.57E+00,+50.76E+00,-52.69E+00,+2.762E+00
2,09/2/2026,19:05:31.180,-0.09E+00,-0.09E+00,+0.05E+00,-0.05E+00,+1.83E+00,+51.49E+00,-53.69E+00,+2.678E+00
2,09/2/2026,19:05:31.180,-0.09E+00,-0.09E+00,+0.05E+00,+0.00E+00,+2.09E+00,+52.21E+00,-54.66E+00,+2.587E+00
2,09/2/2026,19:05:31.181,-0.09E+00,-0.05E+00,+0.05E+00,+0.00E+00,+2.35E+00,+52.92E+00,-55.62E+00,+2.503E+00
2,09/2/2026,19:05:31.181,-0.09E+00,-0.05E+00,+0.05E+00,+0.00E+00,+2.59E+00,+53.61E+00,-56.57E+00,+2.419E+00
2,09/2/2026,19:05:31.181,-0.09E+00,-0.05E+00,+0.05E+00,+0.00E+00,+2.85E+00,+54.30E+00,-57.52E+00,+2.327E+00
2,09/2/2026,19:05:31.181,-0.14E+00,-0.05E+00,+0.05E+00,+0.00E+00,+3.10E+00,+54.97E+00,-58.43E+00,+2.251E+00
2,09/2/2026,19:05:31.181,-0.09E+00,-0.05E+00,+0.05E+00,+0.00E+00,+3.34E+00,+55.64E+00,-59.35E+00,+2.159E+00
2,09/2/2026,19:05:31.181,-0.09E+00,-0.05E+00,+0.05E+00,+0.00E+00,+3.59E+00,+56.29E+00,-60.23E+00,+2.075E+00
2,09/2/2026,19:05:31.181,-0.09E+00,-0.05E+00,+0.05E+00,+0.00E+00,+3.82E+00,+56.94E+00,-61.12E+00,+1.991E+00
2,09/2/2026,19:05:31.181,-0.09E+00,-0.05E+00,+0.00E+00,+0.00E+00,+4.06E+00,+57.56E+00,-61.97E+00,+1.915E+00
2,09/2/2026,19:05:31.181,-0.09E+00,-0.05E+00,+0.05E+00,+0.00E+00,+4.29E+00,+58.17E+00,-62.83E+00,+1.831E+00
2,09/2/2026,19:05:31.181,-0.09E+00,-0.09E+00,+0.05E+00,+0.00E+00,+4.53E+00,+58.78E+00,-63.68E+00,+1.747E+00
2,09/2/2026,19:05:31.181,-0.09E+00,-0.09E+00,+0.05E+00,-0.05E+00,+4.76E+00,+59.38E+00,-64.50E+00,+1.663E+00
2,09/2/2026,19:05:31.181,-0.09E+00,-0.05E+00,+0.05E+00,-0.05E+00,+4.99E+00,+59.96E+00,-65.33E+00,+1.579E+00
2,09/2/2026,19:05:31.181,-0.09E+00,-0.05E+00,+0.05E+00,+0.00E+00,+5.22E+00,+60.52E+00,-66.14E+00,+1.495E+00
2,09/2/2026,19:05:31.181,-0.09E+00,-0.05E+00,+0.05E+00,+0.00E+00,+5.46E+00,+61.07E+00,-66.92E+00,+1.412E+00
2,09/2/2026,19:05:31.181,-0.09E+00,-0.05E+00,+0.05E+00,+0.00E+00,+5.69E+00,+61.62E+00,-67.68E+00,+1.335E+00
2,09/2/2026,19:05:31.181,-0.09E+00,-0.09E+00,+0.05E+00,+0.00E+00,+5.92E+00,+62.14E+00,-68.44E+00,+1.251E+00
2,09/2/2026,19:05:31.181,-0.09E+00,-0.05E+00,+0.05E+00,+0.00E+00,+6.13E+00,+62.66E+00,-69.17E+00,+1.167E+00
2,09/2/2026,19:05:31.181,-0.14E+00,-0.05E+00,+0.05E+00,+0.00E+00,+6.36E+00,+63.15E+00,-69.91E+00,+1.083E+00
2,09/2/2026,19:05:31.181,-0.09E+00,-0.09E+00,+0.05E+00,+0.00E+00,+6.59E+00,+63.63E+00,-70.62E+00,+0.992E+00
2,09/2/2026,19:05:31.181,-0.09E+00,-0.05E+00,+0.05E+00,+0.00E+00,+6.81E+00,+64.12E+00,-71.31E+00,+0.908E+00
2,09/2/2026,19:05:31.182,-0.09E+00,-0.05E+00,+0.05E+00,+0.00E+00,+7.03E+00,+64.57E+00,-71.98E+00,+0.824E+00
2,09/2/2026,19:05:31.182,-0.09E+00,-0.05E+00,+0.05E+00,+0.00E+00,+7.26E+00,+65.01E+00,-72.65E+00,+0.740E+00
2,09/2/2026,19:05:31.182,-0.09E+00,-0.09E+00,+0.05E+00,+0.00E+00,+7.49E+00,+65.44E+00,-73.29E+00,+0.649E+00
2,09/2/2026,19:05:31.182,-0.09E+00,-0.09E+00,+0.05E+00,+0.00E+00,+7.71E+00,+65.85E+00,-73.94E+00,+0.565E+00
2,09/2/2026,19:05:31.182,-0.09E+00,-0.05E+00,+0.05E+00,+0.00E+00,+7.94E+00,+66.23E+00,-74.55E+00,+0.473E+00
2,09/2/2026,19:05:31.182,-0.09E+00,-0.05E+00,+0.00E+00,+0.00E+00,+8.16E+00,+66.61E+00,-75.16E+00,+0.382E+00
2,09/2/2026,19:05:31.182,-0.09E+00,-0.05E+00,+0.05E+00,+0.00E+00,+8.38E+00,+66.96E+00,-75.74E+00,+0.298E+00
2,09/2/2026,19:05:31.182,-0.09E+00,-0.09E+00,+0.05E+00,+0.00E+00,+8.61E+00,+67.31E+00,-76.32E+00,+0.206E+00
2,09/2/2026,19:05:31.182,-0.09E+00,-0.09E+00,+0.05E+00,+0.00E+00,+8.84E+00,+67.65E+00,-76.87E+00,+0.122E+00
2,09/2/2026,19:05:31.182,-0.09E+00,-0.05E+00,+0.05E+00,+0.00E+00,+9.05E+00,+67.97E+00,-77.41E+00,+0.031E+00
2,09/2/2026,19:05:31.182,-0.09E+00,-0.05E+00,+0.05E+00,+0.00E+00,+9.28E+00,+68.26E+00,-77.93E+00,-0.061E+00
2,09/2/2026,19:05:31.182,-0.09E+00,-0.05E+00,+0.05E+00,+0.00E+00,+9.51E+00,+68.55E+00,-78.45E+00,-0.153E+00
2,09/2/2026,19:05:31.182,-0.09E+00,-0.09E+00,+0.05E+00,+0.00E+00,+9.74E+00,+68.82E+00,-78.94E+00,-0.244E+00
2,09/2/2026,19:05:31.182,-0.09E+00,-0.05E+00,+0.05E+00,+0.00E+00,+9.95E+00,+69.07E+00,-79.41E+00,-0.336E+00
2,09/2/2026,19:05:31.182,-0.09E+00,-0.05E+00,+0.05E+00,-0.05E+00,+10.18E+00,+69.33E+00,-79.87E+00,-0.427E+00
2,09/2/2026,19:05:31.182,-0.14E+00,-0.05E+00,+0.05E+00,+0.00E+00,+10.39E+00,+69.54E+00,-80.33E+00,-0.511E+00
2,09/2/2026,19:05:31.182,-0.09E+00,-0.09E+00,+0.05E+00,+0.00E+00,+10.61E+00,+69.75E+00,-80.76E+00,-0.603E+00
2,09/2/2026,19:05:31.182,-0.09E+00,-0.05E+00,+0.05E+00,+0.00E+00,+10.82E+00,+69.97E+00,-81.18E+00,-0.687E+00
2,09/2/2026,19:05:31.182,-0.09E+00,-0.05E+00,+0.05E+00,+0.00E+00,+11.03E+00,+70.15E+00,-81.57E+00,-0.771E+00
2,09/2/2026,19:05:31.182,-0.09E+00,-0.09E+00,+0.05E+00,+0.00E+00,+11.25E+00,+70.32E+00,-81.95E+00,-0.870E+00
2,09/2/2026,19:05:31.183,-0.09E+00,-0.05E+00,+0.05E+00,+0.00E+00,+11.45E+00,+70.49E+00,-82.31E+00,-0.954E+00
2,09/2/2026,19:05:31.183,-0.09E+00,-0.05E+00,+0.05E+00,-0.05E+00,+11.64E+00,+70.62E+00,-82.65E+00,-1.045E+00
2,09/2/2026,19:05:31.183,-0.09E+00,-0.05E+00,+0.05E+00,+0.00E+00,+11.83E+00,+70.73E+00,-82.95E+00,-1.137E+00
2,09/2/2026,19:05:31.183,-0.09E+00,-0.05E+00,+0.05E+00,+0.00E+00,+12.01E+00,+70.84E+00,-83.24E+00,-1.221E+00
2,09/2/2026,19:05:31.183,-0.09E+00,-0.09E+00,+0.05E+00,+0.00E+00,+12.19E+00,+70.91E+00,-83.50E+00,-1.312E+00
2,09/2/2026,19:05:31.183,-0.09E+00,-0.09E+00,+0.00E+00,+0.00E+00,+12.35E+00,+70.98E+00,-83.72E+00,-1.404E+00
2,09/2/2026,19:05:31.183,-0.09E+00,-0.05E+00,+0.05E+00,-0.05E+00,+12.50E+00,+71.04E+00,-83.92E+00,-1.495E+00
2,09/2/2026,19:05:31.183,-0.09E+00,-0.05E+00,+0.05E+00,+0.00E+00,+12.65E+00,+71.05E+00,-84.08E+00,-1.587E+00
2,09/2/2026,19:05:31.183,-0.09E+00,-0.05E+00,+0.05E+00,+0.00E+00,+12.79E+00,+71.04E+00,-84.22E+00,-1.679E+00
2,09/2/2026,19:05:31.183,-0.09E+00,-0.05E+00,+0.05E+00,+0.00E+00,+12.93E+00,+71.02E+00,-84.34E+00,-1.770E+00
2,09/2/2026,19:05:31.183,-0.09E+00,-0.05E+00,+0.05E+00,+0.00E+00,+13.05E+00,+70.99E+00,-84.43E+00,-1.854E+00
2,09/2/2026,19:05:31.183,-0.09E+00,-0.05E+00,+0.05E+00,+0.00E+00,+13.17E+00,+70.94E+00,-84.51E+00,-1.938E+00
2,09/2/2026,19:05:31.183,-0.09E+00,-0.05E+00,+0.05E+00,+0.00E+00,+13.29E+00,+70.87E+00,-84.57E+00,-2.014E+00
2,09/2/2026,19:05:31.183,-0.09E+00,-0.05E+00,+0.05E+00,+0.00E+00,+13.41E+00,+70.79E+00,-84.60E+00,-2.098E+00
2,09/2/2026,19:05:31.183,-0.09E+00,-0.05E+00,+0.05E+00,+0.00E+00,+13.54E+00,+70.69E+00,-84.60E+00,-2.182E+00
2,09/2/2026,19:05:31.183,-0.09E+00,-0.05E+00,+0.05E+00,+0.00E+00,+13.66E+00,+70.56E+00,-84.60E+00,-2.266E+00
2,09/2/2026,19:05:31.183,-0.09E+00,-0.05E+00,+0.05E+00,+0.00E+00,+13.76E+00,+70.41E+00,-84.57E+00,-2.350E+00
2,09/2/2026,19:05:31.183,-0.09E+00,-0.05E+00,+0.00E+00,+0.00E+00,+13.87E+00,+70.26E+00,-84.51E+00,-2.426E+00
2,09/2/2026,19:05:31.183,-0.09E+00,-0.05E+00,+0.05E+00,-0.05E+00,+13.98E+00,+70.07E+00,-84.43E+00,-2.510E+00
2,09/2/2026,19:05:31.183,-0.09E+00,-0.09E+00,+0.05E+00,+0.00E+00,+14.07E+00,+69.86E+00,-84.33E+00,-2.587E+00
2,09/2/2026,19:05:31.184,-0.09E+00,-0.05E+00,+0.05E+00,+0.00E+00,+14.16E+00,+69.65E+00,-84.19E+00,-2.671E+00
2,09/2/2026,19:05:31.184,-0.09E+00,-0.05E+00,+0.00E+00,+0.00E+00,+14.24E+00,+69.39E+00,-84.02E+00,-2.754E+00
2,09/2/2026,19:05:31.184,-0.09E+00,-0.05E+00,+0.05E+00,+0.00E+00,+14.31E+00,+69.11E+00,-83.84E+00,-2.838E+00
2,09/2/2026,19:05:31.184,-0.09E+00,-0.05E+00,+0.05E+00,+0.00E+00,+14.39E+00,+68.82E+00,-83.63E+00,-2.915E+00
2,09/2/2026,19:05:31.184,-0.09E+00,-0.05E+00,+0.05E+00,+0.00E+00,+14.48E+00,+68.52E+00,-83.38E+00,-2.999E+00
2,09/2/2026,19:05:31.184,-0.09E+00,-0.05E+00,+0.05E+00,+0.00E+00,+14.54E+00,+68.20E+00,-83.12E+00,-3.075E+00
2,09/2/2026,19:05:31.184,-0.09E+00,-0.05E+00,+0.05E+00,+0.00E+00,+14.62E+00,+67.85E+00,-82.85E+00,-3.151E+00
2,09/2/2026,19:05:31.184,-0.09E+00,-0.05E+00,+0.05E+00,+0.00E+00,+14.70E+00,+67.48E+00,-82.56E+00,-3.235E+00
2,09/2/2026,19:05:31.184,-0.14E+00,-0.05E+00,+0.05E+00,+0.00E+00,+14.76E+00,+67.08E+00,-82.24E+00,-3.311E+00
2,09/2/2026,19:05:31.184,-0.14E+00,-0.05E+00,+0.05E+00,+0.00E+00,+14.83E+00,+66.67E+00,-81.90E+00,-3.380E+00
2,09/2/2026,19:05:31.184,-0.14E+00,-0.05E+00,+0.00E+00,+0.00E+00,+14.89E+00,+66.26E+00,-81.55E+00,-3.456E+00
2,09/2/2026,19:05:31.184,-0.09E+00,-0.09E+00,+0.05E+00,+0.00E+00,+14.95E+00,+65.83E+00,-81.17E+00,-3.525E+00
2,09/2/2026,19:05:31.184,-0.09E+00,-0.05E+00,+0.05E+00,+0.00E+00,+15.02E+00,+65.37E+00,-80.79E+00,-3.594E+00
2,09/2/2026,19:05:31.184,-0.09E+00,-0.05E+00,+0.05E+00,+0.00E+00,+15.08E+00,+64.92E+00,-80.38E+00,-3.670E+00
2,09/2/2026,19:05:31.184,-0.09E+00,-0.09E+00,+0.05E+00,+0.00E+00,+15.14E+00,+64.43E+00,-79.95E+00,-3.739E+00
2,09/2/2026,19:05:31.184,-0.09E+00,-0.09E+00,+0.05E+00,+0.00E+00,+15.18E+00,+63.92E+00,-79.51E+00,-3.807E+00
2,09/2/2026,19:05:31.184,-0.09E+00,-0.05E+00,+0.05E+00,+0.00E+00,+15.24E+00,+63.41E+00,-79.03E+00,-3.876E+00
2,09/2/2026,19:05:31.184,-0.09E+00,-0.05E+00,+0.05E+00,+0.00E+00,+15.29E+00,+62.87E+00,-78.54E+00,-3.945E+00
2,09/2/2026,19:05:31.184,-0.09E+00,-0.05E+00,+0.05E+00,+0.00E+00,+15.34E+00,+62.31E+00,-78.04E+00,-4.006E+00
2,09/2/2026,19:05:31.184,-0.09E+00,-0.05E+00,+0.05E+00,+0.00E+00,+15.38E+00,+61.74E+00,-77.51E+00,-4.074E+00
2,09/2/2026,19:05:31.185,-0.09E+00,-0.05E+00,+0.05E+00,+0.00E+00,+15.41E+00,+61.15E+00,-76.96E+00,-4.136E+00
2,09/2/2026,19:05:31.185,-0.09E+00,-0.05E+00,+0.05E+00,+0.00E+00,+15.46E+00,+60.55E+00,-76.39E+00,-4.197E+00
2,09/2/2026,19:05:31.185,-0.09E+00,-0.05E+00,+0.00E+00,-0.05E+00,+15.49E+00,+59.94E+00,-75.81E+00,-4.258E+00
2,09/2/2026,19:05:31.185,-0.09E+00,-0.05E+00,+0.00E+00,+0.00E+00,+15.52E+00,+59.32E+00,-75.22E+00,-4.319E+00
2,09/2/2026,19:05:31.185,-0.09E+00,-0.05E+00,+0.05E+00,+0.00E+00,+15.55E+00,+58.68E+00,-74.61E+00,-4.380E+00
2,09/2/2026,19:05:31.185,-0.09E+00,-0.05E+00,+0.05E+00,+0.00E+00,+15.58E+00,+58.02E+00,-73.97E+00,-4.441E+00
2,09/2/2026,19:05:31.185,-0.09E+00,-0.05E+00,+0.05E+00,+0.00E+00,+15.60E+00,+57.35E+00,-73.33E+00,-4.494E+00
2,09/2/2026,19:05:31.185,-0.09E+00,-0.05E+00,+0.05E+00,-0.05E+00,+15.63E+00,+56.68E+00,-72.67E+00,-4.548E+00
2,09/2/2026,19:05:31.185,-0.09E+00,-0.05E+00,+0.05E+00,-0.05E+00,+15.64E+00,+55.97E+00,-71.98E+00,-4.609E+00
2,09/2/2026,19:05:31.185,-0.09E+00,-0.09E+00,+0.05E+00,+0.00E+00,+15.66E+00,+55.26E+00,-71.28E+00,-4.662E+00
2,09/2/2026,19:05:31.185,-0.09E+00,-0.09E+00,+0.05E+00,+0.00E+00,+15.67E+00,+54.52E+00,-70.56E+00,-4.723E+00
2,09/2/2026,19:05:31.185,-0.14E+00,-0.05E+00,+0.05E+00,+0.00E+00,+15.67E+00,+53.78E+00,-69.82E+00,-4.776E+00
2,09/2/2026,19:05:31.185,-0.09E+00,-0.05E+00,+0.00E+00,+0.00E+00,+15.69E+00,+53.01E+00,-69.05E+00,-4.830E+00
2,09/2/2026,19:05:31.185,-0.09E+00,-0.05E+00,+0.05E+00,-0.05E+00,+15.70E+00,+52.22E+00,-68.27E+00,-4.891E+00
2,09/2/2026,19:05:31.185,-0.14E+00,-0.05E+00,+0.05E+00,+0.00E+00,+15.69E+00,+51.43E+00,-67.48E+00,-4.944E+00
2,09/2/2026,19:05:31.185,-0.09E+00,-0.09E+00,+0.05E+00,+0.00E+00,+15.69E+00,+50.63E+00,-66.67E+00,-4.998E+00
2,09/2/2026,19:05:31.185,-0.09E+00,-0.09E+00,+0.05E+00,+0.00E+00,+15.69E+00,+49.81E+00,-65.85E+00,-5.051E+00
2,09/2/2026,19:05:31.185,-0.09E+00,-0.05E+00,+0.05E+00,+0.00E+00,+15.69E+00,+48.97E+00,-64.99E+00,-5.097E+00
2,09/2/2026,19:05:31.185,-0.14E+00,-0.05E+00,+0.05E+00,+0.00E+00,+15.67E+00,+48.12E+00,-64.14E+00,-5.150E+00
2,09/2/2026,19:05:31.185,-0.09E+00,-0.05E+00,+0.05E+00,+0.00E+00,+15.66E+00,+47.26E+00,-63.25E+00,-5.204E+00
2,09/2/2026,19:05:31.186,-0.09E+00,-0.05E+00,+0.05E+00,+0.00E+00,+15.66E+00,+46.38E+00,-62.37E+00,-5.250E+00
2,09/2/2026,19:05:31.186,-0.09E+00,-0.05E+00,+0.05E+00,+0.00E+00,+15.66E+00,+45.49E+00,-61.45E+00,-5.303E+00
2,09/2/2026,19:05:31.186,-0.09E+00,-0.05E+00,+0.05E+00,+0.00E+00,+15.64E+00,+44.59E+00,-60.54E+00,-5.349E+00
2,09/2/2026,19:05:31.186,-0.09E+00,-0.05E+00,+0.05E+00,+0.00E+00,+15.61E+00,+43.67E+00,-59.59E+00,-5.402E+00
2,09/2/2026,19:05:31.186,-0.09E+00,-0.05E+00,+0.05E+00,+0.00E+00,+15.60E+00,+42.74E+00,-58.64E+00,-5.448E+00
2,09/2/2026,19:05:31.186,-0.09E+00,-0.05E+00,+0.05E+00,-0.05E+00,+15.57E+00,+41.80E+00,-57.67E+00,-5.486E+00
2,09/2/2026,19:05:31.186,-0.09E+00,-0.05E+00,+0.05E+00,-0.05E+00,+15.52E+00,+40.85E+00,-56.68E+00,-5.532E+00
2,09/2/2026,19:05:31.186,-0.09E+00,-0.05E+00,+0.05E+00,+0.00E+00,+15.47E+00,+39.91E+00,-55.68E+00,-5.562E+00
2,09/2/2026,19:05:31.186,-0.09E+00,-0.09E+00,+0.05E+00,+0.00E+00,+15.43E+00,+38.94E+00,-54.66E+00,-5.600E+00
2,09/2/2026,19:05:31.186,-0.14E+00,-0.05E+00,+0.05E+00,+0.00E+00,+15.37E+00,+37.97E+00,-53.64E+00,-5.631E+00
2,09/2/2026,19:05:31.186,-0.14E+00,-0.05E+00,+0.05E+00,+0.00E+00,+15.29E+00,+37.01E+00,-52.59E+00,-5.654E+00
2,09/2/2026,19:05:31.186,-0.09E+00,-0.05E+00,+0.05E+00,-0.05E+00,+15.21E+00,+36.03E+00,-51.53E+00,-5.684E+00
2,09/2/2026,19:05:31.186,-0.09E+00,-0.09E+00,+0.00E+00,+0.00E+00,+15.14E+00,+35.04E+00,-50.47E+00,-5.707E+00
2,09/2/2026,19:05:31.186,-0.14E+00,-0.09E+00,+0.05E+00,+0.00E+00,+15.05E+00,+34.05E+00,-49.37E+00,-5.723E+00
2,09/2/2026,19:05:31.186,-0.09E+00,-0.09E+00,+0.05E+00,+0.00E+00,+14.94E+00,+33.05E+00,-48.27E+00,-5.745E+00
2,09/2/2026,19:05:31.186,-0.09E+00,-0.05E+00,+0.05E+00,+0.00E+00,+14.85E+00,+32.05E+00,-47.17E+00,-5.768E+00
2,09/2/2026,19:05:31.186,-0.09E+00,-0.05E+00,+0.05E+00,+0.00E+00,+14.73E+00,+31.02E+00,-46.04E+00,-5.784E+00
2,09/2/2026,19:05:31.186,-0.09E+00,-0.05E+00,+0.05E+00,+0.00E+00,+14.62E+00,+29.99E+00,-44.90E+00,-5.799E+00
2,09/2/2026,19:05:31.186,-0.09E+00,-0.05E+00,+0.05E+00,+0.00E+00,+14.50E+00,+28.96E+00,-43.74E+00,-5.814E+00
2,09/2/2026,19:05:31.186,-0.09E+00,-0.05E+00,+0.05E+00,+0.00E+00,+14.36E+00,+27.93E+00,-42.56E+00,-5.822E+00
2,09/2/2026,19:05:31.187,-0.09E+00,-0.05E+00,+0.05E+00,+0.00E+00,+14.22E+00,+26.89E+00,-41.39E+00,-5.829E+00
2,09/2/2026,19:05:31.187,-0.09E+00,-0.05E+00,+0.05E+00,+0.00E+00,+14.09E+00,+25.84E+00,-40.21E+00,-5.837E+00
2,09/2/2026,19:05:31.187,-0.09E+00,-0.05E+00,+0.05E+00,+0.00E+00,+13.95E+00,+24.80E+00,-39.01E+00,-5.837E+00
2,09/2/2026,19:05:31.187,-0.09E+00,-0.05E+00,+0.05E+00,+0.00E+00,+13.81E+00,+23.74E+00,-37.80E+00,-5.845E+00
2,09/2/2026,19:05:31.187,-0.09E+00,-0.05E+00,+0.05E+00,+0.00E+00,+13.64E+00,+22.68E+00,-36.58E+00,-5.845E+00
2,09/2/2026,19:05:31.187,-0.09E+00,-0.05E+00,+0.05E+00,+0.00E+00,+13.49E+00,+21.61E+00,-35.36E+00,-5.845E+00
2,09/2/2026,19:05:31.187,-0.09E+00,-0.05E+00,+0.05E+00,+0.00E+00,+13.34E+00,+20.54E+00,-34.12E+00,-5.845E+00
2,09/2/2026,19:05:31.187,-0.09E+00,-0.05E+00,+0.05E+00,+0.00E+00,+13.17E+00,+19.47E+00,-32.87E+00,-5.837E+00
2,09/2/2026,19:05:31.187,-0.09E+00,-0.05E+00,+0.05E+00,-0.05E+00,+13.00E+00,+18.39E+00,-31.62E+00,-5.829E+00
2,09/2/2026,19:05:31.187,-0.09E+00,-0.05E+00,+0.05E+00,+0.00E+00,+12.82E+00,+17.32E+00,-30.37E+00,-5.822E+00
2,09/2/2026,19:05:31.187,-0.09E+00,-0.05E+00,+0.05E+00,+0.00E+00,+12.65E+00,+16.24E+00,-29.10E+00,-5.814E+00
2,09/2/2026,19:05:31.187,-0.09E+00,-0.09E+00,+0.05E+00,+0.00E+00,+12.47E+00,+15.14E+00,-27.82E+00,-5.807E+00
2,09/2/2026,19:05:31.187,-0.09E+00,-0.05E+00,+0.05E+00,+0.00E+00,+12.28E+00,+14.05E+00,-26.55E+00,-5.791E+00
2,09/2/2026,19:05:31.187,-0.09E+00,-0.05E+00,+0.05E+00,+0.00E+00,+12.10E+00,+12.96E+00,-25.27E+00,-5.784E+00
2,09/2/2026,19:05:31.187,-0.09E+00,-0.05E+00,+0.00E+00,+0.00E+00,+11.92E+00,+11.86E+00,-23.97E+00,-5.768E+00
2,09/2/2026,19:05:31.187,-0.09E+00,-0.05E+00,+0.00E+00,+0.00E+00,+11.75E+00,+10.76E+00,-22.69E+00,-5.753E+00
2,09/2/2026,19:05:31.187,-0.09E+00,-0.05E+00,+0.05E+00,-0.05E+00,+11.57E+00,+9.64E+00,-21.41E+00,-5.745E+00
2,09/2/2026,19:05:31.187,-0.09E+00,-0.05E+00,+0.05E+00,+0.00E+00,+11.38E+00,+8.53E+00,-20.10E+00,-5.723E+00
2,09/2/2026,19:05:31.187,-0.09E+00,-0.05E+00,+0.05E+00,+0.00E+00,+11.20E+00,+7.43E+00,-18.80E+00,-5.707E+00
2,09/2/2026,19:05:31.187,-0.09E+00,-0.05E+00,+0.05E+00,+0.00E+00,+11.02E+00,+6.32E+00,-17.52E+00,-5.684E+00
2,09/2/2026,19:05:31.188,-0.09E+00,-0.05E+00,+0.05E+00,+0.00E+00,+10.82E+00,+5.20E+00,-16.22E+00,-5.669E+00
2,09/2/2026,19:05:31.188,-0.09E+00,-0.05E+00,+0.05E+00,+0.00E+00,+10.62E+00,+4.09E+00,-14.92E+00,-5.646E+00
2,09/2/2026,19:05:31.188,-0.09E+00,-0.09E+00,+0.05E+00,+0.00E+00,+10.45E+00,+2.99E+00,-13.61E+00,-5.623E+00
2,09/2/2026,19:05:31.188,-0.09E+00,-0.05E+00,+0.05E+00,+0.00E+00,+10.27E+00,+1.86E+00,-12.31E+00,-5.600E+00
2,09/2/2026,19:05:31.188,-0.09E+00,-0.05E+00,+0.05E+00,+0.00E+00,+10.09E+00,+0.75E+00,-11.02E+00,-5.585E+00
2,09/2/2026,19:05:31.188,-0.09E+00,-0.05E+00,+0.00E+00,+0.00E+00,+9.90E+00,-0.37E+00,-9.71E+00,-5.562E+00
2,09/2/2026,19:05:31.188,-0.14E+00,-0.05E+00,+0.05E+00,+0.00E+00,+9.71E+00,-1.50E+00,-8.41E+00,-5.539E+00
2,09/2/2026,19:05:31.188,-0.14E+00,-0.05E+00,+0.05E+00,+0.00E+00,+9.52E+00,-2.61E+00,-7.11E+00,-5.509E+00
2,09/2/2026,19:05:31.188,-0.09E+00,-0.05E+00,+0.05E+00,+0.00E+00,+9.34E+00,-3.72E+00,-5.80E+00,-5.486E+00
2,09/2/2026,19:05:31.188,-0.09E+00,-0.05E+00,+0.05E+00,+0.00E+00,+9.14E+00,-4.84E+00,-4.50E+00,-5.456E+00
2,09/2/2026,19:05:31.188,-0.09E+00,-0.09E+00,+0.05E+00,+0.00E+00,+8.96E+00,-5.95E+00,-3.19E+00,-5.425E+00
2,09/2/2026,19:05:31.188,-0.09E+00,-0.09E+00,+0.00E+00,+0.00E+00,+8.76E+00,-7.05E+00,-1.89E+00,-5.402E+00
2,09/2/2026,19:05:31.188,-0.09E+00,-0.05E+00,+0.00E+00,+0.00E+00,+8.58E+00,-8.18E+00,-0.60E+00,-5.379E+00
2,09/2/2026,19:05:31.188,-0.09E+00,-0.05E+00,+0.00E+00,+0.00E+00,+8.39E+00,-9.29E+00,+0.70E+00,-5.341E+00
2,09/2/2026,19:05:31.188,-0.14E+00,-0.05E+00,+0.05E+00,+0.00E+00,+8.19E+00,-10.39E+00,+2.01E+00,-5.311E+00
2,09/2/2026,19:05:31.188,-0.09E+00,-0.05E+00,+0.05E+00,+0.00E+00,+8.01E+00,-11.51E+00,+3.30E+00,-5.280E+00
2,09/2/2026,19:05:31.188,-0.09E+00,-0.05E+00,+0.05E+00,+0.00E+00,+7.83E+00,-12.60E+00,+4.59E+00,-5.250E+00
2,09/2/2026,19:05:31.188,-0.09E+00,-0.05E+00,+0.05E+00,+0.00E+00,+7.61E+00,-13.72E+00,+5.91E+00,-5.211E+00
2,09/2/2026,19:05:31.188,-0.09E+00,-0.09E+00,+0.05E+00,+0.00E+00,+7.40E+00,-14.82E+00,+7.20E+00,-5.181E+00
2,09/2/2026,19:05:31.188,-0.09E+00,-0.09E+00,+0.05E+00,+0.00E+00,+7.20E+00,-15.90E+00,+8.52E+00,-5.143E+00
2,09/2/2026,19:05:31.189,-0.09E+00,-0.05E+00,+0.00E+00,-0.05E+00,+6.99E+00,-17.00E+00,+9.83E+00,-5.105E+00
2,09/2/2026,19:05:31.189,-0.09E+00,-0.05E+00,+0.00E+00,+0.00E+00,+6.76E+00,-18.10E+00,+11.12E+00,-5.066E+00
2,09/2/2026,19:05:31.189,-0.09E+00,-0.05E+00,+0.05E+00,+0.00E+00,+6.56E+00,-19.18E+00,+12.44E+00,-5.028E+00
2,09/2/2026,19:05:31.189,-0.09E+00,-0.05E+00,+0.05E+00,+0.00E+00,+6.35E+00,-20.28E+00,+13.75E+00,-4.990E+00
2,09/2/2026,19:05:31.189,-0.09E+00,-0.05E+00,+0.05E+00,+0.00E+00,+6.13E+00,-21.36E+00,+15.05E+00,-4.952E+00
2,09/2/2026,19:05:31.189,-0.09E+00,-0.09E+00,+0.05E+00,+0.00E+00,+5.91E+00,-22.46E+00,+16.34E+00,-4.914E+00
2,09/2/2026,19:05:31.189,-0.09E+00,-0.09E+00,+0.05E+00,-0.05E+00,+5.69E+00,-23.55E+00,+17.64E+00,-4.876E+00
2,09/2/2026,19:05:31.189,-0.09E+00,-0.05E+00,+0.05E+00,+0.00E+00,+5.48E+00,-24.63E+00,+18.94E+00,-4.830E+00
2,09/2/2026,19:05:31.189,-0.09E+00,-0.05E+00,+0.00E+00,+0.00E+00,+5.26E+00,-25.71E+00,+20.24E+00,-4.784E+00
2,09/2/2026,19:05:31.189,-0.09E+00,-0.05E+00,+0.00E+00,+0.00E+00,+5.04E+00,-26.80E+00,+21.55E+00,-4.746E+00
2,09/2/2026,19:05:31.189,-0.09E+00,-0.05E+00,+0.05E+00,-0.05E+00,+4.82E+00,-27.87E+00,+22.84E+00,-4.700E+00
2,09/2/2026,19:05:31.189,-0.09E+00,-0.05E+00,+0.05E+00,-0.05E+00,+4.59E+00,-28.93E+00,+24.14E+00,-4.654E+00
2,09/2/2026,19:05:31.189,-0.09E+00,-0.05E+00,+0.00E+00,+0.00E+00,+4.36E+00,-30.00E+00,+25.42E+00,-4.609E+00
2,09/2/2026,19:05:31.189,-0.09E+00,-0.05E+00,+0.05E+00,+0.00E+00,+4.15E+00,-31.07E+00,+26.71E+00,-4.555E+00
2,09/2/2026,19:05:31.189,-0.09E+00,-0.09E+00,+0.05E+00,+0.00E+00,+3.92E+00,-32.12E+00,+27.97E+00,-4.502E+00
2,09/2/2026,19:05:31.189,-0.09E+00,-0.05E+00,+0.05E+00,+0.00E+00,+3.68E+00,-33.15E+00,+29.22E+00,-4.441E+00
2,09/2/2026,19:05:31.189,-0.09E+00,-0.05E+00,+0.00E+00,-0.05E+00,+3.45E+00,-34.15E+00,+30.47E+00,-4.380E+00
2,09/2/2026,19:05:31.189,-0.09E+00,-0.05E+00,+0.05E+00,-0.05E+00,+3.20E+00,-35.14E+00,+31.70E+00,-4.311E+00
2,09/2/2026,19:05:31.189,-0.09E+00,-0.05E+00,+0.05E+00,+0.00E+00,+2.98E+00,-36.14E+00,+32.92E+00,-4.242E+00
2,09/2/2026,19:05:31.189,-0.09E+00,-0.05E+00,+0.05E+00,+0.00E+00,+2.73E+00,-37.10E+00,+34.14E+00,-4.174E+00
2,09/2/2026,19:05:31.190,-0.09E+00,-0.05E+00,+0.05E+00,+0.00E+00,+2.49E+00,-38.07E+00,+35.34E+00,-4.105E+00
2,09/2/2026,19:05:31.190,-0.09E+00,-0.05E+00,+0.05E+00,+0.00E+00,+2.24E+00,-39.02E+00,+36.53E+00,-4.036E+00
2,09/2/2026,19:05:31.190,-0.09E+00,-0.05E+00,+0.05E+00,+0.00E+00,+2.00E+00,-39.97E+00,+37.72E+00,-3.960E+00
2,09/2/2026,19:05:31.190,-0.09E+00,-0.09E+00,+0.05E+00,-0.05E+00,+1.75E+00,-40.90E+00,+38.90E+00,-3.891E+00
2,09/2/2026,19:05:31.190,-0.09E+00,-0.05E+00,+0.05E+00,-0.05E+00,+1.51E+00,-41.81E+00,+40.07E+00,-3.815E+00
2,09/2/2026,19:05:31.190,-0.09E+00,-0.05E+00,+0.05E+00,+0.00E+00,+1.24E+00,-42.71E+00,+41.20E+00,-3.739E+00
2,09/2/2026,19:05:31.190,-0.09E+00,-0.05E+00,+0.05E+00,+0.00E+00,+0.98E+00,-43.60E+00,+42.35E+00,-3.655E+00
2,09/2/2026,19:05:31.190,-0.14E+00,-0.05E+00,+0.05E+00,+0.00E+00,+0.72E+00,-44.47E+00,+43.48E+00,-3.571E+00
2,09/2/2026,19:05:31.190,-0.09E+00,-0.09E+00,+0.05E+00,+0.00E+00,+0.46E+00,-45.32E+00,+44.59E+00,-3.487E+00
2,09/2/2026,19:05:31.190,-0.09E+00,-0.09E+00,+0.05E+00,+0.00E+00,+0.21E+00,-46.16E+00,+45.70E+00,-3.411E+00
2,09/2/2026,19:05:31.190,-0.09E+00,-0.05E+00,+0.05E+00,+0.00E+00,-0.06E+00,-46.99E+00,+46.79E+00,-3.319E+00
2,09/2/2026,19:05:31.190,-0.09E+00,-0.05E+00,+0.05E+00,+0.00E+00,-0.32E+00,-47.81E+00,+47.86E+00,-3.235E+00
2,09/2/2026,19:05:31.190,-0.09E+00,-0.05E+00,+0.05E+00,+0.00E+00,-0.58E+00,-48.62E+00,+48.91E+00,-3.159E+00
2,09/2/2026,19:05:31.190,-0.09E+00,-0.09E+00,+0.05E+00,+0.00E+00,-0.84E+00,-49.41E+00,+49.98E+00,-3.067E+00
2,09/2/2026,19:05:31.190,-0.09E+00,-0.09E+00,+0.00E+00,+0.00E+00,-1.10E+00,-50.19E+00,+51.01E+00,-2.983E+00
2,09/2/2026,19:05:31.190,-0.09E+00,-0.05E+00,+0.05E+00,-0.05E+00,-1.36E+00,-50.95E+00,+52.05E+00,-2.899E+00
2,09/2/2026,19:05:31.190,-0.09E+00,-0.05E+00,+0.05E+00,-0.05E+00,-1.63E+00,-51.70E+00,+53.06E+00,-2.816E+00
2,09/2/2026,19:05:31.190,-0.09E+00,-0.05E+00,+0.05E+00,+0.00E+00,-1.89E+00,-52.45E+00,+54.05E+00,-2.724E+00
2,09/2/2026,19:05:31.190,-0.09E+00,-0.05E+00,+0.00E+00,+0.00E+00,-2.15E+00,-53.18E+00,+55.04E+00,-2.640E+00
2,09/2/2026,19:05:31.190,-0.09E+00,-0.09E+00,+0.00E+00,+0.00E+00,-2.41E+00,-53.90E+00,+56.02E+00,-2.548E+00
2,09/2/2026,19:05:31.191,-0.14E+00,-0.05E+00,+0.00E+00,+0.00E+00,-2.67E+00,-54.60E+00,+56.98E+00,-2.465E+00
2,09/2/2026,19:05:31.191,-0.14E+00,-0.05E+00,+0.05E+00,+0.00E+00,-2.91E+00,-55.30E+00,+57.93E+00,-2.381E+00
2,09/2/2026,19:05:31.191,-0.09E+00,-0.05E+00,+0.05E+00,+0.00E+00,-3.17E+00,-55.99E+00,+58.86E+00,-2.289E+00
2,09/2/2026,19:05:31.191,-0.09E+00,-0.05E+00,+0.05E+00,+0.00E+00,-3.42E+00,-56.66E+00,+59.77E+00,-2.205E+00
2,09/2/2026,19:05:31.191,-0.09E+00,-0.05E+00,+0.00E+00,+0.00E+00,-3.65E+00,-57.32E+00,+60.67E+00,-2.121E+00
2,09/2/2026,19:05:31.191,-0.14E+00,-0.05E+00,+0.05E+00,+0.00E+00,-3.89E+00,-57.97E+00,+61.56E+00,-2.045E+00
2,09/2/2026,19:05:31.191,-0.14E+00,-0.05E+00,+0.05E+00,+0.00E+00,-4.14E+00,-58.61E+00,+62.43E+00,-1.961E+00
2,09/2/2026,19:05:31.191,-0.09E+00,-0.05E+00,+0.05E+00,+0.00E+00,-4.36E+00,-59.24E+00,+63.28E+00,-1.877E+00
2,09/2/2026,19:05:31.191,-0.09E+00,-0.05E+00,+0.05E+00,+0.00E+00,-4.61E+00,-59.85E+00,+64.14E+00,-1.793E+00
2,09/2/2026,19:05:31.191,-0.09E+00,-0.05E+00,+0.05E+00,-0.05E+00,-4.84E+00,-60.45E+00,+64.98E+00,-1.709E+00
2,09/2/2026,19:05:31.191,-0.09E+00,-0.05E+00,+0.05E+00,+0.00E+00,-5.07E+00,-61.04E+00,+65.80E+00,-1.625E+00
2,09/2/2026,19:05:31.191,-0.09E+00,-0.05E+00,+0.05E+00,+0.00E+00,-5.30E+00,-61.62E+00,+66.61E+00,-1.541E+00
2,09/2/2026,19:05:31.191,-0.14E+00,-0.05E+00,+0.05E+00,+0.00E+00,-5.52E+00,-62.17E+00,+67.40E+00,-1.457E+00
2,09/2/2026,19:05:31.191,-0.09E+00,-0.05E+00,+0.05E+00,+0.00E+00,-5.75E+00,-62.72E+00,+68.17E+00,-1.373E+00
2,09/2/2026,19:05:31.191,-0.09E+00,-0.05E+00,+0.05E+00,+0.00E+00,-5.98E+00,-63.25E+00,+68.93E+00,-1.289E+00
2,09/2/2026,19:05:31.191,-0.09E+00,-0.05E+00,+0.05E+00,+0.00E+00,-6.23E+00,-63.79E+00,+69.68E+00,-1.206E+00
2,09/2/2026,19:05:31.191,-0.09E+00,-0.05E+00,+0.05E+00,+0.00E+00,-6.44E+00,-64.29E+00,+70.41E+00,-1.122E+00
2,09/2/2026,19:05:31.191,-0.09E+00,-0.05E+00,+0.05E+00,+0.00E+00,-6.67E+00,-64.78E+00,+71.13E+00,-1.038E+00
2,09/2/2026,19:05:31.191,-0.09E+00,-0.05E+00,+0.05E+00,+0.00E+00,-6.88E+00,-65.27E+00,+71.84E+00,-0.954E+00
2,09/2/2026,19:05:31.191,-0.09E+00,-0.05E+00,+0.00E+00,+0.00E+00,-7.11E+00,-65.73E+00,+72.53E+00,-0.870E+00
2,09/2/2026,19:05:31.192,-0.09E+00,-0.05E+00,+0.00E+00,+0.00E+00,-7.32E+00,-66.18E+00,+73.20E+00,-0.786E+00
2,09/2/2026,19:05:31.192,-0.09E+00,-0.09E+00,+0.00E+00,+0.00E+00,-7.55E+00,-66.63E+00,+73.86E+00,-0.702E+00
2,09/2/2026,19:05:31.192,-0.09E+00,-0.05E+00,+0.00E+00,+0.00E+00,-7.77E+00,-67.04E+00,+74.50E+00,-0.610E+00
2,09/2/2026,19:05:31.192,-0.09E+00,-0.09E+00,+0.05E+00,+0.00E+00,-8.00E+00,-67.45E+00,+75.13E+00,-0.526E+00
2,09/2/2026,19:05:31.192,-0.09E+00,-0.09E+00,+0.05E+00,-0.05E+00,-8.23E+00,-67.83E+00,+75.74E+00,-0.435E+00
2,09/2/2026,19:05:31.192,-0.14E+00,-0.05E+00,+0.05E+00,+0.00E+00,-8.45E+00,-68.20E+00,+76.33E+00,-0.343E+00
2,09/2/2026,19:05:31.192,-0.09E+00,-0.05E+00,+0.05E+00,+0.00E+00,-8.68E+00,-68.56E+00,+76.91E+00,-0.259E+00
2,09/2/2026,19:05:31.192,-0.09E+00,-0.05E+00,+0.05E+00,+0.00E+00,-8.90E+00,-68.92E+00,+77.48E+00,-0.168E+00
2,09/2/2026,19:05:31.192,-0.09E+00,-0.05E+00,+0.05E+00,+0.00E+00,-9.13E+00,-69.24E+00,+78.04E+00,-0.076E+00
2,09/2/2026,19:05:31.192,-0.14E+00,-0.05E+00,+0.05E+00,+0.00E+00,-9.35E+00,-69.56E+00,+78.57E+00,+0.008E+00
2,09/2/2026,19:05:31.192,-0.09E+00,-0.05E+00,+0.05E+00,+0.00E+00,-9.57E+00,-69.86E+00,+79.09E+00,+0.099E+00
2,09/2/2026,19:05:31.192,-0.09E+00,-0.09E+00,+0.05E+00,-0.05E+00,-9.80E+00,-70.14E+00,+79.60E+00,+0.191E+00
2,09/2/2026,19:05:31.192,-0.09E+00,-0.09E+00,+0.05E+00,+0.00E+00,-10.03E+00,-70.41E+00,+80.09E+00,+0.282E+00
2,09/2/2026,19:05:31.192,-0.09E+00,-0.05E+00,+0.05E+00,+0.00E+00,-10.25E+00,-70.65E+00,+80.56E+00,+0.374E+00
2,09/2/2026,19:05:31.192,-0.09E+00,-0.05E+00,+0.05E+00,+0.00E+00,-10.47E+00,-70.90E+00,+81.02E+00,+0.465E+00
2,09/2/2026,19:05:31.192,-0.09E+00,-0.05E+00,+0.05E+00,+0.00E+00,-10.68E+00,-71.11E+00,+81.47E+00,+0.549E+00
2,09/2/2026,19:05:31.192,-0.09E+00,-0.05E+00,+0.05E+00,+0.00E+00,-10.91E+00,-71.33E+00,+81.90E+00,+0.641E+00
2,09/2/2026,19:05:31.192,-0.09E+00,-0.05E+00,+0.05E+00,-0.05E+00,-11.12E+00,-71.52E+00,+82.31E+00,+0.732E+00
2,09/2/2026,19:05:31.192,-0.09E+00,-0.05E+00,+0.05E+00,+0.00E+00,-11.34E+00,-71.71E+00,+82.69E+00,+0.824E+00
2,09/2/2026,19:05:31.192,-0.09E+00,-0.05E+00,+0.00E+00,+0.00E+00,-11.54E+00,-71.89E+00,+83.08E+00,+0.908E+00
2,09/2/2026,19:05:31.193,-0.09E+00,-0.05E+00,+0.00E+00,+0.00E+00,-11.74E+00,-72.04E+00,+83.43E+00,+1.000E+00
2,09/2/2026,19:05:31.193,-0.09E+00,-0.09E+00,+0.05E+00,+0.00E+00,-11.93E+00,-72.18E+00,+83.76E+00,+1.091E+00
2,09/2/2026,19:05:31.193,-0.14E+00,-0.05E+00,+0.05E+00,+0.00E+00,-12.12E+00,-72.29E+00,+84.07E+00,+1.175E+00
2,09/2/2026,19:05:31.193,-0.09E+00,-0.05E+00,+0.05E+00,+0.00E+00,-12.30E+00,-72.39E+00,+84.34E+00,+1.267E+00
2,09/2/2026,19:05:31.193,-0.09E+00,-0.05E+00,+0.05E+00,+0.00E+00,-12.48E+00,-72.47E+00,+84.60E+00,+1.358E+00
2,09/2/2026,19:05:31.193,-0.09E+00,-0.09E+00,+0.05E+00,+0.00E+00,-12.64E+00,-72.53E+00,+84.82E+00,+1.450E+00
2,09/2/2026,19:05:31.193,-0.09E+00,-0.05E+00,+0.05E+00,+0.00E+00,-12.79E+00,-72.56E+00,+85.00E+00,+1.541E+00
2,09/2/2026,19:05:31.193,-0.09E+00,-0.05E+00,+0.00E+00,+0.00E+00,-12.93E+00,-72.59E+00,+85.17E+00,+1.633E+00
2,09/2/2026,19:05:31.193,-0.14E+00,-0.05E+00,+0.00E+00,+0.00E+00,-13.08E+00,-72.59E+00,+85.30E+00,+1.724E+00
2,09/2/2026,19:05:31.193,-0.14E+00,-0.05E+00,+0.05E+00,-0.05E+00,-13.22E+00,-72.58E+00,+85.43E+00,+1.808E+00
2,09/2/2026,19:05:31.193,-0.09E+00,-0.05E+00,+0.05E+00,-0.05E+00,-13.34E+00,-72.53E+00,+85.52E+00,+1.892E+00
2,09/2/2026,19:05:31.193,-0.09E+00,-0.05E+00,+0.05E+00,+0.00E+00,-13.46E+00,-72.49E+00,+85.59E+00,+1.984E+00
2,09/2/2026,19:05:31.193,-0.09E+00,-0.05E+00,+0.05E+00,+0.00E+00,-13.60E+00,-72.41E+00,+85.64E+00,+2.068E+00
2,09/2/2026,19:05:31.193,-0.09E+00,-0.05E+00,+0.05E+00,+0.00E+00,-13.72E+00,-72.32E+00,+85.67E+00,+2.152E+00
2,09/2/2026,19:05:31.193,-0.09E+00,-0.05E+00,+0.05E+00,+0.00E+00,-13.83E+00,-72.21E+00,+85.69E+00,+2.236E+00
2,09/2/2026,19:05:31.193,-0.09E+00,-0.05E+00,+0.05E+00,+0.00E+00,-13.95E+00,-72.09E+00,+85.67E+00,+2.320E+00
2,09/2/2026,19:05:31.193,-0.09E+00,-0.05E+00,+0.05E+00,+0.00E+00,-14.05E+00,-71.94E+00,+85.64E+00,+2.396E+00
2,09/2/2026,19:05:31.193,-0.09E+00,-0.05E+00,+0.05E+00,+0.00E+00,-14.16E+00,-71.77E+00,+85.58E+00,+2.480E+00
2,09/2/2026,19:05:31.193,-0.09E+00,-0.05E+00,+0.05E+00,+0.00E+00,-14.25E+00,-71.60E+00,+85.50E+00,+2.556E+00
2,09/2/2026,19:05:31.193,-0.09E+00,-0.05E+00,+0.05E+00,+0.00E+00,-14.36E+00,-71.40E+00,+85.40E+00,+2.640E+00
2,09/2/2026,19:05:31.194,-0.09E+00,-0.05E+00,+0.05E+00,+0.00E+00,-14.45E+00,-71.17E+00,+85.26E+00,+2.724E+00
2,09/2/2026,19:05:31.194,-0.09E+00,-0.05E+00,+0.05E+00,-0.05E+00,-14.53E+00,-70.91E+00,+85.09E+00,+2.808E+00
2,09/2/2026,19:05:31.194,-0.09E+00,-0.09E+00,+0.05E+00,+0.00E+00,-14.62E+00,-70.64E+00,+84.91E+00,+2.884E+00
2,09/2/2026,19:05:31.194,-0.09E+00,-0.05E+00,+0.05E+00,+0.00E+00,-14.70E+00,-70.35E+00,+84.69E+00,+2.968E+00
2,09/2/2026,19:05:31.194,-0.09E+00,-0.05E+00,+0.05E+00,+0.00E+00,-14.77E+00,-70.04E+00,+84.45E+00,+3.052E+00
2,09/2/2026,19:05:31.194,-0.09E+00,-0.09E+00,+0.05E+00,+0.00E+00,-14.85E+00,-69.71E+00,+84.19E+00,+3.136E+00
2,09/2/2026,19:05:31.194,-0.09E+00,-0.09E+00,+0.05E+00,+0.00E+00,-14.92E+00,-69.36E+00,+83.92E+00,+3.212E+00
2,09/2/2026,19:05:31.194,-0.09E+00,-0.05E+00,+0.05E+00,+0.00E+00,-14.99E+00,-68.99E+00,+83.61E+00,+3.289E+00
2,09/2/2026,19:05:31.194,-0.09E+00,-0.05E+00,+0.05E+00,+0.00E+00,-15.06E+00,-68.59E+00,+83.31E+00,+3.365E+00
2,09/2/2026,19:05:31.194,-0.09E+00,-0.05E+00,+0.05E+00,+0.00E+00,-15.14E+00,-68.20E+00,+82.97E+00,+3.441E+00
2,09/2/2026,19:05:31.194,-0.09E+00,-0.05E+00,+0.05E+00,+0.00E+00,-15.20E+00,-67.77E+00,+82.62E+00,+3.510E+00
2,09/2/2026,19:05:31.194,-0.09E+00,-0.05E+00,+0.05E+00,+0.00E+00,-15.26E+00,-67.34E+00,+82.25E+00,+3.586E+00
2,09/2/2026,19:05:31.194,-0.14E+00,-0.05E+00,+0.05E+00,+0.00E+00,-15.32E+00,-66.89E+00,+81.86E+00,+3.655E+00
2,09/2/2026,19:05:31.194,-0.09E+00,-0.05E+00,+0.05E+00,+0.00E+00,-15.38E+00,-66.43E+00,+81.44E+00,+3.723E+00
2,09/2/2026,19:05:31.194,-0.09E+00,-0.05E+00,+0.05E+00,+0.00E+00,-15.44E+00,-65.94E+00,+81.02E+00,+3.792E+00
2,09/2/2026,19:05:31.194,-0.09E+00,-0.05E+00,+0.05E+00,+0.00E+00,-15.50E+00,-65.44E+00,+80.57E+00,+3.861E+00
2,09/2/2026,19:05:31.194,-0.09E+00,-0.05E+00,+0.05E+00,+0.00E+00,-15.55E+00,-64.92E+00,+80.12E+00,+3.929E+00
2,09/2/2026,19:05:31.194,-0.09E+00,-0.05E+00,+0.05E+00,+0.00E+00,-15.60E+00,-64.38E+00,+79.63E+00,+3.998E+00
2,09/2/2026,19:05:31.194,-0.09E+00,-0.05E+00,+0.05E+00,+0.00E+00,-15.64E+00,-63.83E+00,+79.11E+00,+4.067E+00
2,09/2/2026,19:05:31.194,-0.14E+00,-0.05E+00,+0.05E+00,+0.00E+00,-15.69E+00,-63.27E+00,+78.59E+00,+4.136E+00
2,09/2/2026,19:05:31.195,-0.09E+00,-0.05E+00,+0.05E+00,+0.00E+00,-15.73E+00,-62.69E+00,+78.04E+00,+4.197E+00
2,09/2/2026,19:05:31.195,-0.09E+00,-0.05E+00,+0.00E+00,+0.00E+00,-15.76E+00,-62.08E+00,+77.48E+00,+4.258E+00
2,09/2/2026,19:05:31.195,-0.09E+00,-0.05E+00,+0.05E+00,+0.00E+00,-15.79E+00,-61.47E+00,+76.90E+00,+4.319E+00
2,09/2/2026,19:05:31.195,-0.09E+00,-0.05E+00,+0.05E+00,+0.00E+00,-15.82E+00,-60.84E+00,+76.30E+00,+4.380E+00
2,09/2/2026,19:05:31.195,-0.09E+00,-0.09E+00,+0.00E+00,+0.00E+00,-15.86E+00,-60.20E+00,+75.69E+00,+4.441E+00
2,09/2/2026,19:05:31.195,-0.09E+00,-0.05E+00,+0.05E+00,+0.00E+00,-15.87E+00,-59.55E+00,+75.06E+00,+4.502E+00
2,09/2/2026,19:05:31.195,-0.09E+00,-0.05E+00,+0.05E+00,+0.00E+00,-15.90E+00,-58.87E+00,+74.42E+00,+4.555E+00
2,09/2/2026,19:05:31.195,-0.09E+00,-0.05E+00,+0.05E+00,+0.00E+00,-15.92E+00,-58.20E+00,+73.77E+00,+4.609E+00
2,09/2/2026,19:05:31.195,-0.09E+00,-0.09E+00,+0.05E+00,+0.00E+00,-15.93E+00,-57.50E+00,+73.10E+00,+4.670E+00
2,09/2/2026,19:05:31.195,-0.09E+00,-0.05E+00,+0.05E+00,+0.00E+00,-15.95E+00,-56.78E+00,+72.39E+00,+4.723E+00
2,09/2/2026,19:05:31.195,-0.09E+00,-0.05E+00,+0.05E+00,-0.05E+00,-15.96E+00,-56.05E+00,+71.68E+00,+4.784E+00
2,09/2/2026,19:05:31.195,-0.09E+00,-0.05E+00,+0.05E+00,+0.00E+00,-15.98E+00,-55.30E+00,+70.93E+00,+4.837E+00
2,09/2/2026,19:05:31.195,-0.09E+00,-0.05E+00,+0.05E+00,+0.00E+00,-15.98E+00,-54.54E+00,+70.18E+00,+4.891E+00
2,09/2/2026,19:05:31.195,-0.09E+00,-0.05E+00,+0.05E+00,+0.00E+00,-15.98E+00,-53.76E+00,+69.40E+00,+4.952E+00
2,09/2/2026,19:05:31.195,-0.09E+00,-0.05E+00,+0.05E+00,+0.00E+00,-15.98E+00,-52.98E+00,+68.61E+00,+5.005E+00
2,09/2/2026,19:05:31.195,-0.09E+00,-0.05E+00,+0.05E+00,+0.00E+00,-15.98E+00,-52.17E+00,+67.82E+00,+5.051E+00
2,09/2/2026,19:05:31.195,-0.09E+00,-0.05E+00,+0.05E+00,+0.00E+00,-15.98E+00,-51.35E+00,+66.99E+00,+5.105E+00
2,09/2/2026,19:05:31.195,-0.09E+00,-0.05E+00,+0.05E+00,-0.05E+00,-15.98E+00,-50.53E+00,+66.15E+00,+5.158E+00
2,09/2/2026,19:05:31.195,-0.09E+00,-0.05E+00,+0.00E+00,+0.00E+00,-15.96E+00,-49.67E+00,+65.30E+00,+5.211E+00
2,09/2/2026,19:05:31.195,-0.09E+00,-0.05E+00,+0.05E+00,+0.00E+00,-15.96E+00,-48.82E+00,+64.41E+00,+5.257E+00
2,09/2/2026,19:05:31.196,-0.09E+00,-0.05E+00,+0.05E+00,+0.00E+00,-15.95E+00,-47.95E+00,+63.53E+00,+5.311E+00
2,09/2/2026,19:05:31.196,-0.14E+00,-0.05E+00,+0.05E+00,+0.00E+00,-15.93E+00,-47.05E+00,+62.63E+00,+5.364E+00
2,09/2/2026,19:05:31.196,-0.09E+00,-0.05E+00,+0.05E+00,+0.00E+00,-15.92E+00,-46.15E+00,+61.70E+00,+5.410E+00
2,09/2/2026,19:05:31.196,-0.09E+00,-0.05E+00,+0.05E+00,+0.00E+00,-15.90E+00,-45.23E+00,+60.77E+00,+5.456E+00
2,09/2/2026,19:05:31.196,-0.09E+00,-0.05E+00,+0.00E+00,+0.00E+00,-15.89E+00,-44.30E+00,+59.82E+00,+5.501E+00
2,09/2/2026,19:05:31.196,-0.09E+00,-0.05E+00,+0.05E+00,+0.00E+00,-15.86E+00,-43.37E+00,+58.86E+00,+5.547E+00
2,09/2/2026,19:05:31.196,-0.09E+00,-0.09E+00,+0.05E+00,+0.00E+00,-15.81E+00,-42.44E+00,+57.87E+00,+5.585E+00
2,09/2/2026,19:05:31.196,-0.09E+00,-0.05E+00,+0.00E+00,-0.05E+00,-15.76E+00,-41.48E+00,+56.87E+00,+5.623E+00
2,09/2/2026,19:05:31.196,-0.09E+00,-0.05E+00,+0.00E+00,-0.05E+00,-15.72E+00,-40.53E+00,+55.87E+00,+5.662E+00
2,09/2/2026,19:05:31.196,-0.09E+00,-0.05E+00,+0.05E+00,+0.00E+00,-15.66E+00,-39.57E+00,+54.85E+00,+5.684E+00
2,09/2/2026,19:05:31.196,-0.09E+00,-0.05E+00,+0.05E+00,+0.00E+00,-15.58E+00,-38.59E+00,+53.81E+00,+5.715E+00
2,09/2/2026,19:05:31.196,-0.09E+00,-0.05E+00,+0.00E+00,+0.00E+00,-15.50E+00,-37.62E+00,+52.75E+00,+5.738E+00
2,09/2/2026,19:05:31.196,-0.09E+00,-0.05E+00,+0.05E+00,+0.00E+00,-15.41E+00,-36.64E+00,+51.69E+00,+5.761E+00
2,09/2/2026,19:05:31.196,-0.09E+00,-0.05E+00,+0.05E+00,+0.00E+00,-15.32E+00,-35.65E+00,+50.62E+00,+5.784E+00
2,09/2/2026,19:05:31.196,-0.09E+00,-0.05E+00,+0.00E+00,+0.00E+00,-15.21E+00,-34.66E+00,+49.52E+00,+5.799E+00
2,09/2/2026,19:05:31.196,-0.09E+00,-0.09E+00,+0.05E+00,+0.00E+00,-15.12E+00,-33.65E+00,+48.41E+00,+5.822E+00
2,09/2/2026,19:05:31.196,-0.09E+00,-0.05E+00,+0.05E+00,+0.00E+00,-15.00E+00,-32.64E+00,+47.29E+00,+5.837E+00
2,09/2/2026,19:05:31.196,-0.09E+00,-0.05E+00,+0.05E+00,+0.00E+00,-14.89E+00,-31.62E+00,+46.15E+00,+5.852E+00
2,09/2/2026,19:05:31.196,-0.09E+00,-0.05E+00,+0.05E+00,+0.00E+00,-14.76E+00,-30.58E+00,+45.00E+00,+5.868E+00
2,09/2/2026,19:05:31.196,-0.14E+00,-0.05E+00,+0.05E+00,+0.00E+00,-14.63E+00,-29.54E+00,+43.83E+00,+5.875E+00
2,09/2/2026,19:05:31.197,-0.14E+00,-0.05E+00,+0.05E+00,+0.00E+00,-14.50E+00,-28.51E+00,+42.67E+00,+5.890E+00
2,09/2/2026,19:05:31.197,-0.09E+00,-0.05E+00,+0.05E+00,+0.00E+00,-14.36E+00,-27.47E+00,+41.49E+00,+5.898E+00
2,09/2/2026,19:05:31.197,-0.09E+00,-0.05E+00,+0.05E+00,+0.00E+00,-14.22E+00,-26.42E+00,+40.29E+00,+5.898E+00
2,09/2/2026,19:05:31.197,-0.09E+00,-0.05E+00,+0.05E+00,+0.00E+00,-14.07E+00,-25.36E+00,+39.10E+00,+5.906E+00
2,09/2/2026,19:05:31.197,-0.09E+00,-0.05E+00,+0.05E+00,+0.00E+00,-13.92E+00,-24.29E+00,+37.89E+00,+5.906E+00
2,09/2/2026,19:05:31.197,-0.09E+00,-0.05E+00,+0.05E+00,+0.00E+00,-13.76E+00,-23.23E+00,+36.65E+00,+5.906E+00
2,09/2/2026,19:05:31.197,-0.09E+00,-0.05E+00,+0.05E+00,+0.00E+00,-13.60E+00,-22.16E+00,+35.43E+00,+5.898E+00
2,09/2/2026,19:05:31.197,-0.09E+00,-0.05E+00,+0.05E+00,+0.00E+00,-13.43E+00,-21.09E+00,+34.20E+00,+5.898E+00
2,09/2/2026,19:05:31.197,-0.09E+00,-0.05E+00,+0.05E+00,+0.00E+00,-13.26E+00,-20.02E+00,+32.95E+00,+5.890E+00
2,09/2/2026,19:05:31.197,-0.09E+00,-0.05E+00,+0.00E+00,+0.00E+00,-13.09E+00,-18.94E+00,+31.70E+00,+5.883E+00
2,09/2/2026,19:05:31.197,-0.09E+00,-0.05E+00,+0.05E+00,+0.00E+00,-12.91E+00,-17.85E+00,+30.43E+00,+5.875E+00
2,09/2/2026,19:05:31.197,-0.09E+00,-0.09E+00,+0.05E+00,-0.05E+00,-12.74E+00,-16.77E+00,+29.16E+00,+5.868E+00
2,09/2/2026,19:05:31.197,-0.09E+00,-0.09E+00,+0.05E+00,+0.00E+00,-12.56E+00,-15.69E+00,+27.88E+00,+5.852E+00
2,09/2/2026,19:05:31.197,-0.09E+00,-0.05E+00,+0.05E+00,+0.00E+00,-12.38E+00,-14.59E+00,+26.61E+00,+5.845E+00
2,09/2/2026,19:05:31.197,-0.09E+00,-0.05E+00,+0.05E+00,+0.00E+00,-12.19E+00,-13.47E+00,+25.33E+00,+5.829E+00
2,09/2/2026,19:05:31.197,-0.09E+00,-0.05E+00,+0.05E+00,+0.00E+00,-12.01E+00,-12.38E+00,+24.03E+00,+5.814E+00
2,09/2/2026,19:05:31.197,-0.09E+00,-0.05E+00,+0.05E+00,+0.00E+00,-11.83E+00,-11.26E+00,+22.75E+00,+5.799E+00
2,09/2/2026,19:05:31.197,-0.09E+00,-0.05E+00,+0.05E+00,+0.00E+00,-11.64E+00,-10.16E+00,+21.46E+00,+5.784E+00
2,09/2/2026,19:05:31.197,-0.09E+00,-0.05E+00,+0.05E+00,+0.00E+00,-11.46E+00,-9.05E+00,+20.16E+00,+5.761E+00
2,09/2/2026,19:05:31.197,-0.09E+00,-0.05E+00,+0.05E+00,+0.00E+00,-11.28E+00,-7.94E+00,+18.86E+00,+5.745E+00
2,09/2/2026,19:05:31.198,-0.09E+00,-0.09E+00,+0.00E+00,+0.00E+00,-11.09E+00,-6.84E+00,+17.56E+00,+5.723E+00
2,09/2/2026,19:05:31.198,-0.09E+00,-0.05E+00,+0.05E+00,+0.00E+00,-10.91E+00,-5.72E+00,+16.27E+00,+5.707E+00
2,09/2/2026,19:05:31.198,-0.09E+00,-0.05E+00,+0.05E+00,+0.00E+00,-10.71E+00,-4.61E+00,+14.97E+00,+5.684E+00
2,09/2/2026,19:05:31.198,-0.14E+00,-0.05E+00,+0.05E+00,+0.00E+00,-10.53E+00,-3.48E+00,+13.66E+00,+5.662E+00
2,09/2/2026,19:05:31.198,-0.09E+00,-0.05E+00,+0.05E+00,+0.00E+00,-10.35E+00,-2.37E+00,+12.36E+00,+5.646E+00
2,09/2/2026,19:05:31.198,-0.09E+00,-0.05E+00,+0.05E+00,-0.05E+00,-10.16E+00,-1.25E+00,+11.06E+00,+5.616E+00
2,09/2/2026,19:05:31.198,-0.09E+00,-0.05E+00,+0.05E+00,-0.05E+00,-9.96E+00,-0.12E+00,+9.75E+00,+5.593E+00
2,09/2/2026,19:05:31.198,-0.09E+00,-0.05E+00,+0.00E+00,+0.00E+00,-9.78E+00,+0.99E+00,+8.44E+00,+5.570E+00
2,09/2/2026,19:05:31.198,-0.09E+00,-0.05E+00,+0.05E+00,+0.00E+00,-9.60E+00,+2.11E+00,+7.14E+00,+5.539E+00
2,09/2/2026,19:05:31.198,-0.09E+00,-0.05E+00,+0.05E+00,+0.00E+00,-9.40E+00,+3.24E+00,+5.83E+00,+5.517E+00
2,09/2/2026,19:05:31.198,-0.14E+00,-0.05E+00,+0.05E+00,+0.00E+00,-9.22E+00,+4.35E+00,+4.52E+00,+5.494E+00
2,09/2/2026,19:05:31.198,-0.09E+00,-0.05E+00,+0.05E+00,+0.00E+00,-9.02E+00,+5.46E+00,+3.22E+00,+5.463E+00
2,09/2/2026,19:05:31.198,-0.09E+00,-0.05E+00,+0.00E+00,+0.00E+00,-8.82E+00,+6.58E+00,+1.91E+00,+5.433E+00
2,09/2/2026,19:05:31.198,-0.09E+00,-0.05E+00,+0.05E+00,+0.00E+00,-8.64E+00,+7.69E+00,+0.60E+00,+5.402E+00
2,09/2/2026,19:05:31.198,-0.09E+00,-0.05E+00,+0.05E+00,+0.00E+00,-8.45E+00,+8.81E+00,-0.72E+00,+5.372E+00
2,09/2/2026,19:05:31.198,-0.09E+00,-0.05E+00,+0.05E+00,+0.00E+00,-8.26E+00,+9.92E+00,-2.01E+00,+5.341E+00
2,09/2/2026,19:05:31.198,-0.09E+00,-0.05E+00,+0.05E+00,+0.00E+00,-8.07E+00,+11.02E+00,-3.31E+00,+5.311E+00
2,09/2/2026,19:05:31.198,-0.09E+00,-0.09E+00,+0.05E+00,+0.00E+00,-7.86E+00,+12.13E+00,-4.61E+00,+5.272E+00
2,09/2/2026,19:05:31.198,-0.09E+00,-0.05E+00,+0.05E+00,+0.00E+00,-7.66E+00,+13.23E+00,-5.94E+00,+5.234E+00
2,09/2/2026,19:05:31.198,-0.09E+00,-0.05E+00,+0.05E+00,+0.00E+00,-7.45E+00,+14.33E+00,-7.25E+00,+5.204E+00
2,09/2/2026,19:05:31.199,-0.09E+00,-0.05E+00,+0.05E+00,+0.00E+00,-7.23E+00,+15.43E+00,-8.56E+00,+5.166E+00
2,09/2/2026,19:05:31.199,-0.09E+00,-0.05E+00,+0.00E+00,+0.00E+00,-7.00E+00,+16.53E+00,-9.87E+00,+5.127E+00
2,09/2/2026,19:05:31.199,-0.09E+00,-0.05E+00,+0.00E+00,+0.00E+00,-6.79E+00,+17.61E+00,-11.19E+00,+5.089E+00
2,09/2/2026,19:05:31.199,-0.09E+00,-0.05E+00,+0.00E+00,+0.00E+00,-6.59E+00,+18.71E+00,-12.48E+00,+5.051E+00
2,09/2/2026,19:05:31.199,-0.09E+00,-0.05E+00,+0.05E+00,+0.00E+00,-6.38E+00,+19.81E+00,-13.80E+00,+5.005E+00
2,09/2/2026,19:05:31.199,-0.09E+00,-0.05E+00,+0.00E+00,+0.00E+00,-6.15E+00,+20.91E+00,-15.11E+00,+4.967E+00
2,09/2/2026,19:05:31.199,-0.09E+00,-0.05E+00,+0.05E+00,+0.00E+00,-5.94E+00,+21.99E+00,-16.40E+00,+4.929E+00
2,09/2/2026,19:05:31.199,-0.09E+00,-0.09E+00,+0.05E+00,+0.00E+00,-5.72E+00,+23.07E+00,-17.72E+00,+4.891E+00
2,09/2/2026,19:05:31.199,-0.09E+00,-0.09E+00,+0.05E+00,+0.00E+00,-5.49E+00,+24.16E+00,-19.01E+00,+4.845E+00
2,09/2/2026,19:05:31.199,-0.09E+00,-0.05E+00,+0.00E+00,+0.00E+00,-5.28E+00,+25.26E+00,-20.33E+00,+4.799E+00
2,09/2/2026,19:05:31.199,-0.09E+00,-0.05E+00,+0.05E+00,+0.00E+00,-5.07E+00,+26.32E+00,-21.64E+00,+4.761E+00
2,09/2/2026,19:05:31.199,-0.09E+00,-0.05E+00,+0.05E+00,+0.00E+00,-4.84E+00,+27.41E+00,-22.94E+00,+4.715E+00
2,09/2/2026,19:05:31.199,-0.09E+00,-0.05E+00,+0.05E+00,+0.00E+00,-4.61E+00,+28.48E+00,-24.23E+00,+4.662E+00
2,09/2/2026,19:05:31.199,-0.14E+00,-0.05E+00,+0.00E+00,-0.05E+00,-4.39E+00,+29.53E+00,-25.52E+00,+4.616E+00
2,09/2/2026,19:05:31.199,-0.09E+00,-0.05E+00,+0.00E+00,-0.05E+00,-4.17E+00,+30.58E+00,-26.78E+00,+4.563E+00
2,09/2/2026,19:05:31.199,-0.09E+00,-0.09E+00,+0.05E+00,+0.00E+00,-3.94E+00,+31.62E+00,-28.05E+00,+4.502E+00
2,09/2/2026,19:05:31.199,-0.09E+00,-0.09E+00,+0.05E+00,+0.00E+00,-3.71E+00,+32.64E+00,-29.28E+00,+4.441E+00
2,09/2/2026,19:05:31.199,-0.09E+00,-0.05E+00,+0.05E+00,+0.00E+00,-3.48E+00,+33.63E+00,-30.52E+00,+4.372E+00
2,09/2/2026,19:05:31.199,-0.09E+00,-0.05E+00,+0.05E+00,+0.00E+00,-3.22E+00,+34.63E+00,-31.76E+00,+4.303E+00
2,09/2/2026,19:05:31.199,-0.09E+00,-0.09E+00,+0.05E+00,+0.00E+00,-2.98E+00,+35.60E+00,-32.98E+00,+4.235E+00
2,09/2/2026,19:05:31.200,-0.09E+00,-0.09E+00,+0.05E+00,+0.00E+00,-2.75E+00,+36.56E+00,-34.18E+00,+4.158E+00
2,09/2/2026,19:05:31.200,-0.09E+00,-0.05E+00,+0.05E+00,+0.00E+00,-2.50E+00,+37.52E+00,-35.39E+00,+4.090E+00
2,09/2/2026,19:05:31.200,-0.09E+00,-0.05E+00,+0.05E+00,+0.00E+00,-2.26E+00,+38.47E+00,-36.58E+00,+4.021E+00
2,09/2/2026,19:05:31.200,-0.09E+00,-0.05E+00,+0.05E+00,+0.00E+00,-2.00E+00,+39.40E+00,-37.77E+00,+3.952E+00
2,09/2/2026,19:05:31.200,-0.09E+00,-0.09E+00,+0.05E+00,+0.00E+00,-1.75E+00,+40.33E+00,-38.93E+00,+3.876E+00
2,09/2/2026,19:05:31.200,-0.14E+00,-0.05E+00,+0.00E+00,-0.05E+00,-1.50E+00,+41.22E+00,-40.09E+00,+3.792E+00
2,09/2/2026,19:05:31.200,-0.14E+00,-0.05E+00,+0.00E+00,+0.00E+00,-1.24E+00,+42.10E+00,-41.23E+00,+3.708E+00
2,09/2/2026,19:05:31.200,-0.09E+00,-0.05E+00,+0.05E+00,+0.00E+00,-0.98E+00,+42.97E+00,-42.38E+00,+3.624E+00
2,09/2/2026,19:05:31.200,-0.09E+00,-0.05E+00,+0.05E+00,+0.00E+00,-0.72E+00,+43.84E+00,-43.49E+00,+3.548E+00
2,09/2/2026,19:05:31.200,-0.14E+00,-0.05E+00,+0.05E+00,+0.00E+00,-0.46E+00,+44.70E+00,-44.61E+00,+3.464E+00
2,09/2/2026,19:05:31.200,-0.14E+00,-0.05E+00,+0.00E+00,+0.00E+00,-0.20E+00,+45.52E+00,-45.69E+00,+3.380E+00
2,09/2/2026,19:05:31.200,-0.09E+00,-0.05E+00,+0.05E+00,+0.00E+00,+0.06E+00,+46.35E+00,-46.77E+00,+3.296E+00
2,09/2/2026,19:05:31.200,-0.14E+00,-0.05E+00,+0.05E+00,+0.00E+00,+0.34E+00,+47.15E+00,-47.84E+00,+3.212E+00
2,09/2/2026,19:05:31.200,-0.14E+00,-0.05E+00,+0.05E+00,+0.00E+00,+0.60E+00,+47.95E+00,-48.91E+00,+3.128E+00
2,09/2/2026,19:05:31.200,-0.09E+00,-0.05E+00,+0.05E+00,+0.00E+00,+0.85E+00,+48.73E+00,-49.95E+00,+3.037E+00
2,09/2/2026,19:05:31.200,-0.09E+00,-0.05E+00,+0.05E+00,+0.00E+00,+1.11E+00,+49.49E+00,-50.98E+00,+2.953E+00
2,09/2/2026,19:05:31.200,-0.09E+00,-0.05E+00,+0.00E+00,+0.00E+00,+1.37E+00,+50.25E+00,-51.99E+00,+2.869E+00
2,09/2/2026,19:05:31.200,-0.14E+00,-0.05E+00,+0.05E+00,+0.00E+00,+1.65E+00,+51.00E+00,-53.00E+00,+2.777E+00
2,09/2/2026,19:05:31.200,-0.09E+00,-0.09E+00,+0.05E+00,-0.05E+00,+1.91E+00,+51.73E+00,-54.01E+00,+2.693E+00
2,09/2/2026,19:05:31.200,-0.09E+00,-0.09E+00,+0.05E+00,+0.00E+00,+2.17E+00,+52.45E+00,-54.98E+00,+2.609E+00
2,09/2/2026,19:05:31.201,-0.09E+00,-0.05E+00,+0.05E+00,+0.00E+00,+2.43E+00,+53.17E+00,-55.94E+00,+2.518E+00
2,09/2/2026,19:05:31.201,-0.09E+00,-0.05E+00,+0.00E+00,+0.00E+00,+2.67E+00,+53.85E+00,-56.89E+00,+2.434E+00
2,09/2/2026,19:05:31.201,-0.14E+00,-0.05E+00,+0.05E+00,+0.00E+00,+2.91E+00,+54.54E+00,-57.82E+00,+2.350E+00
2,09/2/2026,19:05:31.201,-0.09E+00,-0.05E+00,+0.05E+00,+0.00E+00,+3.17E+00,+55.23E+00,-58.75E+00,+2.259E+00
2,09/2/2026,19:05:31.201,-0.09E+00,-0.05E+00,+0.05E+00,+0.00E+00,+3.42E+00,+55.88E+00,-59.65E+00,+2.175E+00
2,09/2/2026,19:05:31.201,-0.09E+00,-0.05E+00,+0.05E+00,+0.00E+00,+3.65E+00,+56.54E+00,-60.55E+00,+2.098E+00
2,09/2/2026,19:05:31.201,-0.09E+00,-0.05E+00,+0.05E+00,+0.00E+00,+3.89E+00,+57.18E+00,-61.44E+00,+2.014E+00
2,09/2/2026,19:05:31.201,-0.09E+00,-0.05E+00,+0.05E+00,+0.00E+00,+4.14E+00,+57.81E+00,-62.31E+00,+1.923E+00
2,09/2/2026,19:05:31.201,-0.09E+00,-0.05E+00,+0.05E+00,+0.00E+00,+4.36E+00,+58.42E+00,-63.15E+00,+1.846E+00
2,09/2/2026,19:05:31.201,-0.09E+00,-0.05E+00,+0.00E+00,+0.00E+00,+4.59E+00,+59.01E+00,-63.99E+00,+1.755E+00
2,09/2/2026,19:05:31.201,-0.09E+00,-0.05E+00,+0.00E+00,-0.05E+00,+4.84E+00,+59.59E+00,-64.81E+00,+1.671E+00
2,09/2/2026,19:05:31.201,-0.09E+00,-0.05E+00,+0.05E+00,+0.00E+00,+5.07E+00,+60.17E+00,-65.62E+00,+1.595E+00
2,09/2/2026,19:05:31.201,-0.09E+00,-0.05E+00,+0.05E+00,+0.00E+00,+5.30E+00,+60.75E+00,-66.43E+00,+1.511E+00
2,09/2/2026,19:05:31.201,-0.09E+00,-0.05E+00,+0.05E+00,+0.00E+00,+5.52E+00,+61.30E+00,-67.21E+00,+1.427E+00
2,09/2/2026,19:05:31.201,-0.09E+00,-0.05E+00,+0.05E+00,-0.05E+00,+5.75E+00,+61.83E+00,-67.97E+00,+1.343E+00
2,09/2/2026,19:05:31.201,-0.09E+00,-0.05E+00,+0.05E+00,+0.00E+00,+5.98E+00,+62.35E+00,-68.72E+00,+1.259E+00
2,09/2/2026,19:05:31.201,-0.09E+00,-0.09E+00,+0.00E+00,+0.00E+00,+6.20E+00,+62.87E+00,-69.46E+00,+1.175E+00
2,09/2/2026,19:05:31.201,-0.09E+00,-0.05E+00,+0.05E+00,+0.00E+00,+6.42E+00,+63.36E+00,-70.18E+00,+1.091E+00
2,09/2/2026,19:05:31.201,-0.09E+00,-0.05E+00,+0.05E+00,+0.00E+00,+6.65E+00,+63.85E+00,-70.88E+00,+1.007E+00
2,09/2/2026,19:05:31.201,-0.14E+00,-0.09E+00,+0.05E+00,-0.05E+00,+6.88E+00,+64.32E+00,-71.57E+00,+0.923E+00
2,09/2/2026,19:05:31.202,-0.09E+00,-0.09E+00,+0.05E+00,+0.00E+00,+7.10E+00,+64.76E+00,-72.26E+00,+0.832E+00
2,09/2/2026,19:05:31.202,-0.09E+00,-0.05E+00,+0.05E+00,+0.00E+00,+7.32E+00,+65.19E+00,-72.91E+00,+0.740E+00
2,09/2/2026,19:05:31.202,-0.09E+00,-0.05E+00,+0.05E+00,+0.00E+00,+7.55E+00,+65.62E+00,-73.55E+00,+0.656E+00
2,09/2/2026,19:05:31.202,-0.09E+00,-0.05E+00,+0.05E+00,+0.00E+00,+7.78E+00,+66.02E+00,-74.18E+00,+0.565E+00
2,09/2/2026,19:05:31.202,-0.09E+00,-0.05E+00,+0.05E+00,+0.00E+00,+8.00E+00,+66.40E+00,-74.79E+00,+0.473E+00
2,09/2/2026,19:05:31.202,-0.14E+00,-0.05E+00,+0.05E+00,+0.00E+00,+8.23E+00,+66.78E+00,-75.39E+00,+0.389E+00
2,09/2/2026,19:05:31.202,-0.09E+00,-0.05E+00,+0.05E+00,+0.00E+00,+8.45E+00,+67.14E+00,-75.98E+00,+0.298E+00
2,09/2/2026,19:05:31.202,-0.09E+00,-0.05E+00,+0.05E+00,+0.00E+00,+8.67E+00,+67.48E+00,-76.55E+00,+0.206E+00
2,09/2/2026,19:05:31.202,-0.09E+00,-0.05E+00,+0.00E+00,+0.00E+00,+8.90E+00,+67.80E+00,-77.09E+00,+0.122E+00
2,09/2/2026,19:05:31.202,-0.09E+00,-0.05E+00,+0.00E+00,+0.00E+00,+9.13E+00,+68.12E+00,-77.63E+00,+0.038E+00
2,09/2/2026,19:05:31.202,-0.09E+00,-0.05E+00,+0.05E+00,+0.00E+00,+9.35E+00,+68.43E+00,-78.16E+00,-0.053E+00
2,09/2/2026,19:05:31.202,-0.09E+00,-0.05E+00,+0.05E+00,+0.00E+00,+9.57E+00,+68.70E+00,-78.67E+00,-0.145E+00
2,09/2/2026,19:05:31.202,-0.09E+00,-0.05E+00,+0.05E+00,+0.00E+00,+9.80E+00,+68.96E+00,-79.15E+00,-0.244E+00
2,09/2/2026,19:05:31.202,-0.09E+00,-0.05E+00,+0.05E+00,+0.00E+00,+10.03E+00,+69.24E+00,-79.63E+00,-0.328E+00
2,09/2/2026,19:05:31.202,-0.09E+00,-0.05E+00,+0.05E+00,+0.00E+00,+10.24E+00,+69.46E+00,-80.09E+00,-0.420E+00
2,09/2/2026,19:05:31.202,-0.09E+00,-0.05E+00,+0.05E+00,+0.00E+00,+10.47E+00,+69.68E+00,-80.54E+00,-0.511E+00
2,09/2/2026,19:05:31.202,-0.09E+00,-0.05E+00,+0.05E+00,+0.00E+00,+10.68E+00,+69.89E+00,-80.97E+00,-0.603E+00
2,09/2/2026,19:05:31.202,-0.09E+00,-0.05E+00,+0.05E+00,-0.05E+00,+10.90E+00,+70.09E+00,-81.38E+00,-0.694E+00
2,09/2/2026,19:05:31.202,-0.09E+00,-0.05E+00,+0.05E+00,+0.00E+00,+11.11E+00,+70.27E+00,-81.76E+00,-0.778E+00
2,09/2/2026,19:05:31.202,-0.09E+00,-0.05E+00,+0.00E+00,-0.05E+00,+11.32E+00,+70.43E+00,-82.15E+00,-0.870E+00
2,09/2/2026,19:05:31.203,-0.09E+00,-0.05E+00,+0.05E+00,+0.00E+00,+11.52E+00,+70.58E+00,-82.50E+00,-0.961E+00
2,09/2/2026,19:05:31.203,-0.09E+00,-0.05E+00,+0.05E+00,+0.00E+00,+11.72E+00,+70.73E+00,-82.83E+00,-1.045E+00
2,09/2/2026,19:05:31.203,-0.09E+00,-0.05E+00,+0.05E+00,+0.00E+00,+11.90E+00,+70.84E+00,-83.12E+00,-1.137E+00
2,09/2/2026,19:05:31.203,-0.09E+00,-0.05E+00,+0.05E+00,+0.00E+00,+12.09E+00,+70.94E+00,-83.41E+00,-1.228E+00
2,09/2/2026,19:05:31.203,-0.09E+00,-0.05E+00,+0.05E+00,+0.00E+00,+12.25E+00,+71.02E+00,-83.66E+00,-1.320E+00
2,09/2/2026,19:05:31.203,-0.09E+00,-0.05E+00,+0.05E+00,-0.05E+00,+12.41E+00,+71.08E+00,-83.89E+00,-1.404E+00
2,09/2/2026,19:05:31.203,-0.09E+00,-0.05E+00,+0.05E+00,+0.00E+00,+12.56E+00,+71.11E+00,-84.07E+00,-1.495E+00
2,09/2/2026,19:05:31.203,-0.09E+00,-0.05E+00,+0.00E+00,+0.00E+00,+12.71E+00,+71.13E+00,-84.22E+00,-1.587E+00
2,09/2/2026,19:05:31.203,-0.09E+00,-0.05E+00,+0.05E+00,+0.00E+00,+12.85E+00,+71.13E+00,-84.36E+00,-1.679E+00
2,09/2/2026,19:05:31.203,-0.09E+00,-0.05E+00,+0.05E+00,+0.00E+00,+12.97E+00,+71.10E+00,-84.48E+00,-1.770E+00
2,09/2/2026,19:05:31.203,-0.09E+00,-0.05E+00,+0.05E+00,+0.00E+00,+13.11E+00,+71.07E+00,-84.57E+00,-1.854E+00
2,09/2/2026,19:05:31.203,-0.09E+00,-0.05E+00,+0.00E+00,+0.00E+00,+13.23E+00,+71.01E+00,-84.63E+00,-1.946E+00
2,09/2/2026,19:05:31.203,-0.09E+00,-0.09E+00,+0.05E+00,+0.00E+00,+13.35E+00,+70.93E+00,-84.68E+00,-2.022E+00
2,09/2/2026,19:05:31.203,-0.09E+00,-0.05E+00,+0.00E+00,+0.00E+00,+13.47E+00,+70.84E+00,-84.71E+00,-2.106E+00
2,09/2/2026,19:05:31.203,-0.09E+00,-0.05E+00,+0.00E+00,+0.00E+00,+13.60E+00,+70.73E+00,-84.72E+00,-2.197E+00
2,09/2/2026,19:05:31.203,-0.09E+00,-0.09E+00,+0.05E+00,+0.00E+00,+13.72E+00,+70.59E+00,-84.71E+00,-2.281E+00
2,09/2/2026,19:05:31.203,-0.09E+00,-0.09E+00,+0.05E+00,-0.05E+00,+13.83E+00,+70.46E+00,-84.68E+00,-2.358E+00
2,09/2/2026,19:05:31.203,-0.09E+00,-0.05E+00,+0.05E+00,-0.05E+00,+13.93E+00,+70.29E+00,-84.60E+00,-2.442E+00
2,09/2/2026,19:05:31.203,-0.09E+00,-0.05E+00,+0.05E+00,+0.00E+00,+14.04E+00,+70.09E+00,-84.53E+00,-2.526E+00
2,09/2/2026,19:05:31.203,-0.09E+00,-0.05E+00,+0.05E+00,+0.00E+00,+14.12E+00,+69.89E+00,-84.40E+00,-2.602E+00
2,09/2/2026,19:05:31.204,-0.09E+00,-0.05E+00,+0.05E+00,+0.00E+00,+14.21E+00,+69.66E+00,-84.27E+00,-2.686E+00
2,09/2/2026,19:05:31.204,-0.14E+00,-0.05E+00,+0.05E+00,+0.00E+00,+14.28E+00,+69.40E+00,-84.08E+00,-2.770E+00
2,09/2/2026,19:05:31.204,-0.09E+00,-0.05E+00,+0.00E+00,+0.00E+00,+14.36E+00,+69.13E+00,-83.89E+00,-2.854E+00
2,09/2/2026,19:05:31.204,-0.09E+00,-0.05E+00,+0.00E+00,+0.00E+00,+14.44E+00,+68.84E+00,-83.67E+00,-2.930E+00
2,09/2/2026,19:05:31.204,-0.09E+00,-0.05E+00,+0.05E+00,+0.00E+00,+14.51E+00,+68.52E+00,-83.43E+00,-3.014E+00
2,09/2/2026,19:05:31.204,-0.09E+00,-0.09E+00,+0.05E+00,+0.00E+00,+14.59E+00,+68.18E+00,-83.17E+00,-3.090E+00
2,09/2/2026,19:05:31.204,-0.09E+00,-0.09E+00,+0.05E+00,-0.05E+00,+14.67E+00,+67.83E+00,-82.88E+00,-3.174E+00
2,09/2/2026,19:05:31.204,-0.09E+00,-0.05E+00,+0.05E+00,+0.00E+00,+14.74E+00,+67.45E+00,-82.59E+00,-3.250E+00
2,09/2/2026,19:05:31.204,-0.14E+00,-0.05E+00,+0.05E+00,+0.00E+00,+14.82E+00,+67.07E+00,-82.27E+00,-3.327E+00
2,09/2/2026,19:05:31.204,-0.14E+00,-0.09E+00,+0.05E+00,+0.00E+00,+14.88E+00,+66.66E+00,-81.93E+00,-3.403E+00
2,09/2/2026,19:05:31.204,-0.09E+00,-0.05E+00,+0.05E+00,+0.00E+00,+14.94E+00,+66.23E+00,-81.57E+00,-3.472E+00
2,09/2/2026,19:05:31.204,-0.09E+00,-0.05E+00,+0.05E+00,+0.00E+00,+15.02E+00,+65.80E+00,-81.20E+00,-3.540E+00
2,09/2/2026,19:05:31.204,-0.09E+00,-0.05E+00,+0.05E+00,+0.00E+00,+15.08E+00,+65.34E+00,-80.80E+00,-3.609E+00
2,09/2/2026,19:05:31.204,-0.09E+00,-0.05E+00,+0.05E+00,+0.00E+00,+15.14E+00,+64.87E+00,-80.39E+00,-3.685E+00
2,09/2/2026,19:05:31.204,-0.09E+00,-0.05E+00,+0.05E+00,+0.00E+00,+15.20E+00,+64.38E+00,-79.96E+00,-3.754E+00
2,09/2/2026,19:05:31.204,-0.09E+00,-0.05E+00,+0.00E+00,+0.00E+00,+15.24E+00,+63.88E+00,-79.52E+00,-3.823E+00
2,09/2/2026,19:05:31.204,-0.09E+00,-0.05E+00,+0.00E+00,+0.00E+00,+15.29E+00,+63.35E+00,-79.03E+00,-3.891E+00
2,09/2/2026,19:05:31.204,-0.09E+00,-0.05E+00,+0.05E+00,+0.00E+00,+15.35E+00,+62.81E+00,-78.54E+00,-3.960E+00
2,09/2/2026,19:05:31.204,-0.14E+00,-0.05E+00,+0.05E+00,+0.00E+00,+15.38E+00,+62.25E+00,-78.03E+00,-4.029E+00
2,09/2/2026,19:05:31.204,-0.09E+00,-0.09E+00,+0.05E+00,+0.00E+00,+15.43E+00,+61.68E+00,-77.49E+00,-4.090E+00
2,09/2/2026,19:05:31.205,-0.09E+00,-0.05E+00,+0.05E+00,+0.00E+00,+15.47E+00,+61.09E+00,-76.96E+00,-4.158E+00
2,09/2/2026,19:05:31.205,-0.09E+00,-0.05E+00,+0.05E+00,+0.00E+00,+15.50E+00,+60.49E+00,-76.39E+00,-4.219E+00
2,09/2/2026,19:05:31.205,-0.09E+00,-0.05E+00,+0.05E+00,+0.00E+00,+15.53E+00,+59.88E+00,-75.81E+00,-4.280E+00
2,09/2/2026,19:05:31.205,-0.09E+00,-0.05E+00,+0.05E+00,+0.00E+00,+15.57E+00,+59.26E+00,-75.20E+00,-4.342E+00
2,09/2/2026,19:05:31.205,-0.09E+00,-0.05E+00,+0.05E+00,+0.00E+00,+15.60E+00,+58.61E+00,-74.59E+00,-4.403E+00
2,09/2/2026,19:05:31.205,-0.09E+00,-0.05E+00,+0.05E+00,-0.05E+00,+15.63E+00,+57.96E+00,-73.97E+00,-4.456E+00
2,09/2/2026,19:05:31.205,-0.14E+00,-0.05E+00,+0.05E+00,-0.05E+00,+15.66E+00,+57.29E+00,-73.31E+00,-4.517E+00
2,09/2/2026,19:05:31.205,-0.14E+00,-0.05E+00,+0.05E+00,+0.00E+00,+15.67E+00,+56.60E+00,-72.64E+00,-4.570E+00
2,09/2/2026,19:05:31.205,-0.09E+00,-0.05E+00,+0.05E+00,+0.00E+00,+15.69E+00,+55.90E+00,-71.95E+00,-4.631E+00
2,09/2/2026,19:05:31.205,-0.09E+00,-0.09E+00,+0.05E+00,+0.00E+00,+15.70E+00,+55.17E+00,-71.25E+00,-4.693E+00
2,09/2/2026,19:05:31.205,-0.09E+00,-0.05E+00,+0.05E+00,+0.00E+00,+15.72E+00,+54.43E+00,-70.52E+00,-4.746E+00
2,09/2/2026,19:05:31.205,-0.09E+00,-0.05E+00,+0.05E+00,+0.00E+00,+15.72E+00,+53.67E+00,-69.77E+00,-4.807E+00
2,09/2/2026,19:05:31.205,-0.09E+00,-0.05E+00,+0.05E+00,+0.00E+00,+15.72E+00,+52.91E+00,-69.01E+00,-4.868E+00
2,09/2/2026,19:05:31.205,-0.09E+00,-0.05E+00,+0.05E+00,+0.00E+00,+15.73E+00,+52.13E+00,-68.21E+00,-4.921E+00
2,09/2/2026,19:05:31.205,-0.09E+00,-0.05E+00,+0.05E+00,+0.00E+00,+15.72E+00,+51.32E+00,-67.42E+00,-4.967E+00
2,09/2/2026,19:05:31.205,-0.09E+00,-0.05E+00,+0.05E+00,+0.00E+00,+15.72E+00,+50.53E+00,-66.61E+00,-5.021E+00
2,09/2/2026,19:05:31.205,-0.09E+00,-0.05E+00,+0.05E+00,+0.00E+00,+15.72E+00,+49.70E+00,-65.79E+00,-5.074E+00
2,09/2/2026,19:05:31.205,-0.09E+00,-0.05E+00,+0.05E+00,+0.00E+00,+15.72E+00,+48.86E+00,-64.93E+00,-5.127E+00
2,09/2/2026,19:05:31.205,-0.09E+00,-0.05E+00,+0.05E+00,+0.00E+00,+15.72E+00,+48.01E+00,-64.06E+00,-5.181E+00
2,09/2/2026,19:05:31.205,-0.09E+00,-0.05E+00,+0.05E+00,-0.05E+00,+15.70E+00,+47.14E+00,-63.19E+00,-5.227E+00
2,09/2/2026,19:05:31.206,-0.09E+00,-0.09E+00,+0.05E+00,+0.00E+00,+15.70E+00,+46.27E+00,-62.29E+00,-5.280E+00
2,09/2/2026,19:05:31.206,-0.09E+00,-0.05E+00,+0.05E+00,+0.00E+00,+15.69E+00,+45.37E+00,-61.38E+00,-5.333E+00
2,09/2/2026,19:05:31.206,-0.09E+00,-0.05E+00,+0.05E+00,+0.00E+00,+15.66E+00,+44.47E+00,-60.45E+00,-5.379E+00
2,09/2/2026,19:05:31.206,-0.09E+00,-0.09E+00,+0.05E+00,-0.05E+00,+15.64E+00,+43.55E+00,-59.51E+00,-5.425E+00
2,09/2/2026,19:05:31.206,-0.09E+00,-0.09E+00,+0.00E+00,-0.05E+00,+15.61E+00,+42.61E+00,-58.55E+00,-5.471E+00
2,09/2/2026,19:05:31.206,-0.09E+00,-0.05E+00,+0.05E+00,+0.00E+00,+15.58E+00,+41.68E+00,-57.58E+00,-5.517E+00
2,09/2/2026,19:05:31.206,-0.09E+00,-0.05E+00,+0.05E+00,+0.00E+00,+15.53E+00,+40.73E+00,-56.57E+00,-5.555E+00
2,09/2/2026,19:05:31.206,-0.09E+00,-0.05E+00,+0.05E+00,+0.00E+00,+15.50E+00,+39.77E+00,-55.58E+00,-5.593E+00
2,09/2/2026,19:05:31.206,-0.09E+00,-0.05E+00,+0.05E+00,+0.00E+00,+15.44E+00,+38.81E+00,-54.56E+00,-5.631E+00
2,09/2/2026,19:05:31.206,-0.14E+00,-0.05E+00,+0.00E+00,+0.00E+00,+15.38E+00,+37.85E+00,-53.52E+00,-5.662E+00
2,09/2/2026,19:05:31.206,-0.14E+00,-0.05E+00,+0.00E+00,+0.00E+00,+15.31E+00,+36.87E+00,-52.48E+00,-5.684E+00
2,09/2/2026,19:05:31.206,-0.09E+00,-0.05E+00,+0.05E+00,+0.00E+00,+15.23E+00,+35.89E+00,-51.43E+00,-5.715E+00
2,09/2/2026,19:05:31.206,-0.09E+00,-0.05E+00,+0.05E+00,+0.00E+00,+15.15E+00,+34.90E+00,-50.36E+00,-5.738E+00
2,09/2/2026,19:05:31.206,-0.09E+00,-0.05E+00,+0.05E+00,+0.00E+00,+15.05E+00,+33.92E+00,-49.26E+00,-5.753E+00
2,09/2/2026,19:05:31.206,-0.09E+00,-0.05E+00,+0.05E+00,+0.00E+00,+14.95E+00,+32.92E+00,-48.16E+00,-5.776E+00
2,09/2/2026,19:05:31.206,-0.09E+00,-0.05E+00,+0.05E+00,+0.00E+00,+14.85E+00,+31.89E+00,-47.05E+00,-5.791E+00
2,09/2/2026,19:05:31.206,-0.09E+00,-0.09E+00,+0.00E+00,+0.00E+00,+14.73E+00,+30.89E+00,-45.92E+00,-5.807E+00
2,09/2/2026,19:05:31.206,-0.09E+00,-0.05E+00,+0.05E+00,+0.00E+00,+14.62E+00,+29.85E+00,-44.77E+00,-5.822E+00
2,09/2/2026,19:05:31.206,-0.09E+00,-0.05E+00,+0.05E+00,+0.00E+00,+14.50E+00,+28.81E+00,-43.61E+00,-5.837E+00
2,09/2/2026,19:05:31.206,-0.09E+00,-0.05E+00,+0.05E+00,+0.00E+00,+14.36E+00,+27.77E+00,-42.45E+00,-5.852E+00
2,09/2/2026,19:05:31.207,-0.09E+00,-0.05E+00,+0.00E+00,+0.00E+00,+14.24E+00,+26.74E+00,-41.26E+00,-5.860E+00
2,09/2/2026,19:05:31.207,-0.14E+00,-0.05E+00,+0.05E+00,-0.05E+00,+14.09E+00,+25.68E+00,-40.07E+00,-5.868E+00
2,09/2/2026,19:05:31.207,-0.09E+00,-0.05E+00,+0.05E+00,-0.05E+00,+13.95E+00,+24.63E+00,-38.87E+00,-5.875E+00
2,09/2/2026,19:05:31.207,-0.09E+00,-0.05E+00,+0.05E+00,+0.00E+00,+13.81E+00,+23.58E+00,-37.66E+00,-5.875E+00
2,09/2/2026,19:05:31.207,-0.09E+00,-0.05E+00,+0.05E+00,+0.00E+00,+13.64E+00,+22.51E+00,-36.44E+00,-5.883E+00
2,09/2/2026,19:05:31.207,-0.09E+00,-0.05E+00,+0.05E+00,+0.00E+00,+13.49E+00,+21.44E+00,-35.22E+00,-5.883E+00
2,09/2/2026,19:05:31.207,-0.09E+00,-0.05E+00,+0.00E+00,+0.00E+00,+13.32E+00,+20.37E+00,-33.98E+00,-5.875E+00
2,09/2/2026,19:05:31.207,-0.09E+00,-0.05E+00,+0.00E+00,+0.00E+00,+13.15E+00,+19.30E+00,-32.73E+00,-5.875E+00
2,09/2/2026,19:05:31.207,-0.09E+00,-0.09E+00,+0.05E+00,+0.00E+00,+12.99E+00,+18.22E+00,-31.50E+00,-5.868E+00
2,09/2/2026,19:05:31.207,-0.14E+00,-0.05E+00,+0.05E+00,+0.00E+00,+12.82E+00,+17.15E+00,-30.23E+00,-5.852E+00
2,09/2/2026,19:05:31.207,-0.09E+00,-0.05E+00,+0.05E+00,+0.00E+00,+12.64E+00,+16.07E+00,-28.95E+00,-5.845E+00
2,09/2/2026,19:05:31.207,-0.09E+00,-0.05E+00,+0.05E+00,+0.00E+00,+12.44E+00,+14.97E+00,-27.68E+00,-5.837E+00
2,09/2/2026,19:05:31.207,-0.09E+00,-0.09E+00,+0.05E+00,+0.00E+00,+12.27E+00,+13.89E+00,-26.40E+00,-5.829E+00
2,09/2/2026,19:05:31.207,-0.09E+00,-0.05E+00,+0.05E+00,+0.00E+00,+12.09E+00,+12.79E+00,-25.12E+00,-5.814E+00
2,09/2/2026,19:05:31.207,-0.09E+00,-0.05E+00,+0.05E+00,+0.00E+00,+11.90E+00,+11.67E+00,-23.84E+00,-5.799E+00
2,09/2/2026,19:05:31.207,-0.09E+00,-0.09E+00,+0.00E+00,+0.00E+00,+11.74E+00,+10.58E+00,-22.55E+00,-5.791E+00
2,09/2/2026,19:05:31.207,-0.09E+00,-0.09E+00,+0.00E+00,+0.00E+00,+11.55E+00,+9.46E+00,-21.24E+00,-5.776E+00
2,09/2/2026,19:05:31.207,-0.09E+00,-0.05E+00,+0.00E+00,+0.00E+00,+11.35E+00,+8.35E+00,-19.95E+00,-5.761E+00
2,09/2/2026,19:05:31.207,-0.09E+00,-0.05E+00,+0.05E+00,-0.05E+00,+11.19E+00,+7.25E+00,-18.65E+00,-5.738E+00
2,09/2/2026,19:05:31.207,-0.09E+00,-0.09E+00,+0.05E+00,+0.00E+00,+10.99E+00,+6.13E+00,-17.35E+00,-5.723E+00
2,09/2/2026,19:05:31.208,-0.09E+00,-0.05E+00,+0.05E+00,-0.05E+00,+10.80E+00,+5.02E+00,-16.05E+00,-5.700E+00
2,09/2/2026,19:05:31.208,-0.09E+00,-0.05E+00,+0.05E+00,+0.00E+00,+10.62E+00,+3.91E+00,-14.76E+00,-5.684E+00
2,09/2/2026,19:05:31.208,-0.09E+00,-0.05E+00,+0.05E+00,+0.00E+00,+10.42E+00,+2.79E+00,-13.44E+00,-5.662E+00
2,09/2/2026,19:05:31.208,-0.09E+00,-0.09E+00,+0.05E+00,+0.00E+00,+10.24E+00,+1.68E+00,-12.15E+00,-5.639E+00
2,09/2/2026,19:05:31.208,-0.09E+00,-0.05E+00,+0.05E+00,+0.00E+00,+10.06E+00,+0.55E+00,-10.85E+00,-5.616E+00
2,09/2/2026,19:05:31.208,-0.09E+00,-0.05E+00,+0.05E+00,-0.05E+00,+9.87E+00,-0.56E+00,-9.54E+00,-5.593E+00
2,09/2/2026,19:05:31.208,-0.14E+00,-0.05E+00,+0.05E+00,-0.05E+00,+9.69E+00,-1.68E+00,-8.24E+00,-5.570E+00
2,09/2/2026,19:05:31.208,-0.14E+00,-0.05E+00,+0.05E+00,+0.00E+00,+9.49E+00,-2.79E+00,-6.93E+00,-5.539E+00
2,09/2/2026,19:05:31.208,-0.09E+00,-0.05E+00,+0.00E+00,+0.00E+00,+9.31E+00,-3.91E+00,-5.62E+00,-5.517E+00
2,09/2/2026,19:05:31.208,-0.09E+00,-0.05E+00,+0.05E+00,+0.00E+00,+9.11E+00,-5.02E+00,-4.32E+00,-5.486E+00
2,09/2/2026,19:05:31.208,-0.09E+00,-0.09E+00,+0.05E+00,+0.00E+00,+8.93E+00,-6.13E+00,-3.01E+00,-5.463E+00
2,09/2/2026,19:05:31.208,-0.09E+00,-0.05E+00,+0.00E+00,+0.00E+00,+8.74E+00,-7.26E+00,-1.71E+00,-5.433E+00
2,09/2/2026,19:05:31.208,-0.09E+00,-0.09E+00,+0.00E+00,+0.00E+00,+8.55E+00,-8.38E+00,-0.41E+00,-5.402E+00
2,09/2/2026,19:05:31.208,-0.09E+00,-0.09E+00,+0.05E+00,+0.00E+00,+8.36E+00,-9.48E+00,+0.90E+00,-5.379E+00
2,09/2/2026,19:05:31.208,-0.09E+00,-0.05E+00,+0.05E+00,+0.00E+00,+8.18E+00,-10.59E+00,+2.20E+00,-5.341E+00
2,09/2/2026,19:05:31.208,-0.09E+00,-0.05E+00,+0.00E+00,+0.00E+00,+7.98E+00,-11.70E+00,+3.49E+00,-5.311E+00
2,09/2/2026,19:05:31.208,-0.09E+00,-0.05E+00,+0.05E+00,+0.00E+00,+7.80E+00,-12.80E+00,+4.79E+00,-5.280E+00
2,09/2/2026,19:05:31.208,-0.09E+00,-0.05E+00,+0.05E+00,+0.00E+00,+7.58E+00,-13.90E+00,+6.09E+00,-5.242E+00
2,09/2/2026,19:05:31.208,-0.09E+00,-0.05E+00,+0.05E+00,+0.00E+00,+7.37E+00,-15.00E+00,+7.40E+00,-5.211E+00
2,09/2/2026,19:05:31.208,-0.09E+00,-0.05E+00,+0.05E+00,+0.00E+00,+7.16E+00,-16.10E+00,+8.71E+00,-5.173E+00
2,09/2/2026,19:05:31.209,-0.09E+00,-0.05E+00,+0.05E+00,+0.00E+00,+6.94E+00,-17.18E+00,+10.01E+00,-5.127E+00
2,09/2/2026,19:05:31.209,-0.14E+00,-0.05E+00,+0.05E+00,-0.05E+00,+6.73E+00,-18.27E+00,+11.32E+00,-5.089E+00
2,09/2/2026,19:05:31.209,-0.14E+00,-0.05E+00,+0.05E+00,+0.00E+00,+6.52E+00,-19.37E+00,+12.62E+00,-5.051E+00
2,09/2/2026,19:05:31.209,-0.09E+00,-0.05E+00,+0.05E+00,+0.00E+00,+6.30E+00,-20.45E+00,+13.93E+00,-5.013E+00
2,09/2/2026,19:05:31.209,-0.09E+00,-0.05E+00,+0.05E+00,-0.05E+00,+6.09E+00,-21.55E+00,+15.21E+00,-4.982E+00
2,09/2/2026,19:05:31.209,-0.09E+00,-0.05E+00,+0.00E+00,-0.05E+00,+5.89E+00,-22.63E+00,+16.51E+00,-4.937E+00
2,09/2/2026,19:05:31.209,-0.09E+00,-0.05E+00,+0.05E+00,+0.00E+00,+5.68E+00,-23.71E+00,+17.81E+00,-4.899E+00
2,09/2/2026,19:05:31.209,-0.09E+00,-0.05E+00,+0.05E+00,+0.00E+00,+5.45E+00,-24.80E+00,+19.11E+00,-4.853E+00
2,09/2/2026,19:05:31.209,-0.14E+00,-0.05E+00,+0.05E+00,+0.00E+00,+5.23E+00,-25.88E+00,+20.42E+00,-4.815E+00
2,09/2/2026,19:05:31.209,-0.09E+00,-0.05E+00,+0.05E+00,+0.00E+00,+5.02E+00,-26.96E+00,+21.70E+00,-4.769E+00
2,09/2/2026,19:05:31.209,-0.09E+00,-0.05E+00,+0.05E+00,+0.00E+00,+4.79E+00,-28.03E+00,+23.01E+00,-4.731E+00
2,09/2/2026,19:05:31.209,-0.09E+00,-0.05E+00,+0.05E+00,+0.00E+00,+4.56E+00,-29.09E+00,+24.31E+00,-4.677E+00
2,09/2/2026,19:05:31.209,-0.09E+00,-0.05E+00,+0.05E+00,+0.00E+00,+4.33E+00,-30.15E+00,+25.59E+00,-4.631E+00
2,09/2/2026,19:05:31.209,-0.09E+00,-0.05E+00,+0.05E+00,+0.00E+00,+4.12E+00,-31.22E+00,+26.86E+00,-4.578E+00
2,09/2/2026,19:05:31.209,-0.09E+00,-0.05E+00,+0.05E+00,+0.00E+00,+3.88E+00,-32.26E+00,+28.12E+00,-4.525E+00
2,09/2/2026,19:05:31.209,-0.09E+00,-0.05E+00,+0.05E+00,+0.00E+00,+3.65E+00,-33.28E+00,+29.38E+00,-4.464E+00
2,09/2/2026,19:05:31.209,-0.09E+00,-0.05E+00,+0.05E+00,+0.00E+00,+3.42E+00,-34.27E+00,+30.61E+00,-4.403E+00
2,09/2/2026,19:05:31.209,-0.09E+00,-0.05E+00,+0.05E+00,+0.00E+00,+3.17E+00,-35.27E+00,+31.85E+00,-4.334E+00
2,09/2/2026,19:05:31.209,-0.09E+00,-0.05E+00,+0.05E+00,+0.00E+00,+2.95E+00,-36.26E+00,+33.07E+00,-4.265E+00
2,09/2/2026,19:05:31.209,-0.09E+00,-0.09E+00,+0.00E+00,+0.00E+00,+2.70E+00,-37.23E+00,+34.27E+00,-4.197E+00
2,09/2/2026,19:05:31.210,-0.14E+00,-0.09E+00,+0.05E+00,+0.00E+00,+2.46E+00,-38.20E+00,+35.46E+00,-4.128E+00
2,09/2/2026,19:05:31.210,-0.09E+00,-0.05E+00,+0.05E+00,+0.00E+00,+2.21E+00,-39.14E+00,+36.67E+00,-4.059E+00
2,09/2/2026,19:05:31.210,-0.09E+00,-0.05E+00,+0.05E+00,+0.00E+00,+1.97E+00,-40.09E+00,+37.85E+00,-3.983E+00
2,09/2/2026,19:05:31.210,-0.09E+00,-0.05E+00,+0.05E+00,+0.00E+00,+1.72E+00,-41.00E+00,+39.02E+00,-3.914E+00
2,09/2/2026,19:05:31.210,-0.09E+00,-0.05E+00,+0.05E+00,+0.00E+00,+1.46E+00,-41.90E+00,+40.18E+00,-3.830E+00
2,09/2/2026,19:05:31.210,-0.09E+00,-0.05E+00,+0.05E+00,-0.05E+00,+1.21E+00,-42.80E+00,+41.34E+00,-3.754E+00
2,09/2/2026,19:05:31.210,-0.14E+00,-0.05E+00,+0.05E+00,-0.05E+00,+0.93E+00,-43.67E+00,+42.47E+00,-3.670E+00
2,09/2/2026,19:05:31.210,-0.09E+00,-0.05E+00,+0.05E+00,+0.00E+00,+0.67E+00,-44.54E+00,+43.60E+00,-3.586E+00
2,09/2/2026,19:05:31.210,-0.09E+00,-0.05E+00,+0.05E+00,+0.00E+00,+0.41E+00,-45.40E+00,+44.71E+00,-3.502E+00
2,09/2/2026,19:05:31.210,-0.09E+00,-0.05E+00,+0.05E+00,+0.00E+00,+0.15E+00,-46.24E+00,+45.80E+00,-3.426E+00
2,09/2/2026,19:05:31.210,-0.09E+00,-0.05E+00,+0.05E+00,+0.00E+00,-0.11E+00,-47.06E+00,+46.89E+00,-3.334E+00
2,09/2/2026,19:05:31.210,-0.09E+00,-0.05E+00,+0.05E+00,+0.00E+00,-0.37E+00,-47.89E+00,+47.96E+00,-3.258E+00
2,09/2/2026,19:05:31.210,-0.09E+00,-0.05E+00,+0.05E+00,+0.00E+00,-0.63E+00,-48.68E+00,+49.03E+00,-3.174E+00
2,09/2/2026,19:05:31.210,-0.09E+00,-0.05E+00,+0.05E+00,+0.00E+00,-0.89E+00,-49.47E+00,+50.08E+00,-3.083E+00
2,09/2/2026,19:05:31.210,-0.09E+00,-0.09E+00,+0.05E+00,+0.00E+00,-1.16E+00,-50.25E+00,+51.12E+00,-2.999E+00
2,09/2/2026,19:05:31.210,-0.09E+00,-0.05E+00,+0.05E+00,+0.00E+00,-1.42E+00,-51.01E+00,+52.14E+00,-2.915E+00
2,09/2/2026,19:05:31.210,-0.09E+00,-0.05E+00,+0.05E+00,+0.00E+00,-1.68E+00,-51.76E+00,+53.15E+00,-2.831E+00
2,09/2/2026,19:05:31.210,-0.09E+00,-0.09E+00,+0.05E+00,+0.00E+00,-1.95E+00,-52.51E+00,+54.14E+00,-2.739E+00
2,09/2/2026,19:05:31.210,-0.09E+00,-0.09E+00,+0.05E+00,+0.00E+00,-2.21E+00,-53.23E+00,+55.14E+00,-2.655E+00
2,09/2/2026,19:05:31.210,-0.09E+00,-0.05E+00,+0.05E+00,+0.00E+00,-2.47E+00,-53.94E+00,+56.11E+00,-2.564E+00
2,09/2/2026,19:05:31.211,-0.09E+00,-0.05E+00,+0.05E+00,+0.00E+00,-2.73E+00,-54.65E+00,+57.06E+00,-2.480E+00
2,09/2/2026,19:05:31.211,-0.09E+00,-0.05E+00,+0.05E+00,+0.00E+00,-2.98E+00,-55.35E+00,+58.00E+00,-2.396E+00
2,09/2/2026,19:05:31.211,-0.09E+00,-0.05E+00,+0.05E+00,+0.00E+00,-3.22E+00,-56.02E+00,+58.93E+00,-2.304E+00
2,09/2/2026,19:05:31.211,-0.09E+00,-0.09E+00,+0.05E+00,-0.05E+00,-3.46E+00,-56.69E+00,+59.85E+00,-2.220E+00
2,09/2/2026,19:05:31.211,-0.09E+00,-0.09E+00,+0.05E+00,+0.00E+00,-3.72E+00,-57.35E+00,+60.75E+00,-2.136E+00
2,09/2/2026,19:05:31.211,-0.09E+00,-0.09E+00,+0.05E+00,+0.00E+00,-3.95E+00,-58.00E+00,+61.64E+00,-2.052E+00
2,09/2/2026,19:05:31.211,-0.09E+00,-0.05E+00,+0.05E+00,+0.00E+00,-4.18E+00,-58.64E+00,+62.51E+00,-1.976E+00
2,09/2/2026,19:05:31.211,-0.09E+00,-0.05E+00,+0.05E+00,+0.00E+00,-4.43E+00,-59.26E+00,+63.38E+00,-1.892E+00
2,09/2/2026,19:05:31.211,-0.09E+00,-0.05E+00,+0.05E+00,+0.00E+00,-4.67E+00,-59.87E+00,+64.21E+00,-1.808E+00
2,09/2/2026,19:05:31.211,-0.14E+00,-0.05E+00,+0.05E+00,-0.05E+00,-4.90E+00,-60.46E+00,+65.04E+00,-1.724E+00
2,09/2/2026,19:05:31.211,-0.09E+00,-0.05E+00,+0.05E+00,+0.00E+00,-5.13E+00,-61.06E+00,+65.88E+00,-1.633E+00
2,09/2/2026,19:05:31.211,-0.09E+00,-0.05E+00,+0.05E+00,+0.00E+00,-5.36E+00,-61.62E+00,+66.67E+00,-1.557E+00
2,09/2/2026,19:05:31.211,-0.09E+00,-0.05E+00,+0.05E+00,-0.05E+00,-5.59E+00,-62.19E+00,+67.47E+00,-1.473E+00
2,09/2/2026,19:05:31.211,-0.09E+00,-0.05E+00,+0.05E+00,+0.00E+00,-5.81E+00,-62.73E+00,+68.23E+00,-1.389E+00
2,09/2/2026,19:05:31.211,-0.09E+00,-0.05E+00,+0.05E+00,+0.00E+00,-6.04E+00,-63.27E+00,+68.99E+00,-1.305E+00
2,09/2/2026,19:05:31.211,-0.09E+00,-0.05E+00,+0.05E+00,+0.00E+00,-6.27E+00,-63.79E+00,+69.74E+00,-1.221E+00
2,09/2/2026,19:05:31.211,-0.14E+00,-0.05E+00,+0.05E+00,-0.05E+00,-6.50E+00,-64.29E+00,+70.47E+00,-1.137E+00
2,09/2/2026,19:05:31.211,-0.09E+00,-0.05E+00,+0.05E+00,+0.00E+00,-6.73E+00,-64.78E+00,+71.19E+00,-1.053E+00
2,09/2/2026,19:05:31.211,-0.09E+00,-0.05E+00,+0.05E+00,+0.00E+00,-6.96E+00,-65.25E+00,+71.89E+00,-0.969E+00
2,09/2/2026,19:05:31.211,-0.09E+00,-0.05E+00,+0.05E+00,+0.00E+00,-7.17E+00,-65.73E+00,+72.58E+00,-0.877E+00
2,09/2/2026,19:05:31.212,-0.09E+00,-0.09E+00,+0.05E+00,+0.00E+00,-7.39E+00,-66.17E+00,+73.25E+00,-0.794E+00
2,09/2/2026,19:05:31.212,-0.09E+00,-0.09E+00,+0.05E+00,-0.05E+00,-7.61E+00,-66.61E+00,+73.91E+00,-0.710E+00
2,09/2/2026,19:05:31.212,-0.09E+00,-0.05E+00,+0.05E+00,-0.05E+00,-7.84E+00,-67.02E+00,+74.53E+00,-0.618E+00
2,09/2/2026,19:05:31.212,-0.14E+00,-0.05E+00,+0.05E+00,+0.00E+00,-8.07E+00,-67.42E+00,+75.16E+00,-0.534E+00
2,09/2/2026,19:05:31.212,-0.09E+00,-0.05E+00,+0.05E+00,+0.00E+00,-8.29E+00,-67.80E+00,+75.77E+00,-0.443E+00
2,09/2/2026,19:05:31.212,-0.09E+00,-0.05E+00,+0.05E+00,+0.00E+00,-8.52E+00,-68.17E+00,+76.36E+00,-0.351E+00
2,09/2/2026,19:05:31.212,-0.09E+00,-0.09E+00,+0.05E+00,+0.00E+00,-8.74E+00,-68.52E+00,+76.93E+00,-0.259E+00
2,09/2/2026,19:05:31.212,-0.14E+00,-0.09E+00,+0.05E+00,+0.00E+00,-8.97E+00,-68.87E+00,+77.51E+00,-0.168E+00
2,09/2/2026,19:05:31.212,-0.14E+00,-0.05E+00,+0.00E+00,+0.00E+00,-9.20E+00,-69.19E+00,+78.06E+00,-0.084E+00
2,09/2/2026,19:05:31.212,-0.09E+00,-0.05E+00,+0.05E+00,+0.00E+00,-9.42E+00,-69.49E+00,+78.57E+00,+0.008E+00
2,09/2/2026,19:05:31.212,-0.09E+00,-0.09E+00,+0.05E+00,-0.05E+00,-9.64E+00,-69.80E+00,+79.11E+00,+0.099E+00
2,09/2/2026,19:05:31.212,-0.09E+00,-0.05E+00,+0.05E+00,+0.00E+00,-9.87E+00,-70.07E+00,+79.60E+00,+0.191E+00
2,09/2/2026,19:05:31.212,-0.09E+00,-0.05E+00,+0.05E+00,+0.00E+00,-10.10E+00,-70.33E+00,+80.09E+00,+0.282E+00
2,09/2/2026,19:05:31.212,-0.09E+00,-0.09E+00,+0.05E+00,+0.00E+00,-10.32E+00,-70.59E+00,+80.56E+00,+0.374E+00
2,09/2/2026,19:05:31.212,-0.09E+00,-0.05E+00,+0.05E+00,-0.05E+00,-10.54E+00,-70.84E+00,+81.02E+00,+0.458E+00
2,09/2/2026,19:05:31.212,-0.09E+00,-0.05E+00,+0.05E+00,-0.05E+00,-10.76E+00,-71.05E+00,+81.46E+00,+0.549E+00
2,09/2/2026,19:05:31.212,-0.09E+00,-0.05E+00,+0.05E+00,+0.00E+00,-10.97E+00,-71.27E+00,+81.89E+00,+0.641E+00
2,09/2/2026,19:05:31.212,-0.09E+00,-0.05E+00,+0.05E+00,+0.00E+00,-11.19E+00,-71.46E+00,+82.28E+00,+0.725E+00
2,09/2/2026,19:05:31.212,-0.09E+00,-0.05E+00,+0.05E+00,-0.05E+00,-11.40E+00,-71.63E+00,+82.68E+00,+0.816E+00
2,09/2/2026,19:05:31.212,-0.09E+00,-0.05E+00,+0.05E+00,-0.05E+00,-11.60E+00,-71.80E+00,+83.05E+00,+0.908E+00
2,09/2/2026,19:05:31.213,-0.09E+00,-0.05E+00,+0.05E+00,+0.00E+00,-11.80E+00,-71.95E+00,+83.40E+00,+1.000E+00
2,09/2/2026,19:05:31.213,-0.09E+00,-0.09E+00,+0.05E+00,+0.00E+00,-12.01E+00,-72.09E+00,+83.73E+00,+1.091E+00
2,09/2/2026,19:05:31.213,-0.09E+00,-0.05E+00,+0.05E+00,+0.00E+00,-12.19E+00,-72.20E+00,+84.04E+00,+1.175E+00
2,09/2/2026,19:05:31.213,-0.09E+00,-0.05E+00,+0.05E+00,+0.00E+00,-12.38E+00,-72.29E+00,+84.30E+00,+1.267E+00
2,09/2/2026,19:05:31.213,-0.14E+00,-0.05E+00,+0.05E+00,+0.00E+00,-12.54E+00,-72.36E+00,+84.56E+00,+1.358E+00
2,09/2/2026,19:05:31.213,-0.09E+00,-0.05E+00,+0.00E+00,+0.00E+00,-12.71E+00,-72.42E+00,+84.77E+00,+1.450E+00
2,09/2/2026,19:05:31.213,-0.09E+00,-0.05E+00,+0.05E+00,+0.00E+00,-12.85E+00,-72.46E+00,+84.95E+00,+1.541E+00
2,09/2/2026,19:05:31.213,-0.09E+00,-0.05E+00,+0.05E+00,+0.00E+00,-13.00E+00,-72.47E+00,+85.12E+00,+1.633E+00
2,09/2/2026,19:05:31.213,-0.09E+00,-0.05E+00,+0.05E+00,-0.05E+00,-13.14E+00,-72.47E+00,+85.24E+00,+1.717E+00
2,09/2/2026,19:05:31.213,-0.09E+00,-0.05E+00,+0.00E+00,+0.00E+00,-13.26E+00,-72.46E+00,+85.37E+00,+1.808E+00
2,09/2/2026,19:05:31.213,-0.09E+00,-0.05E+00,+0.00E+00,+0.00E+00,-13.40E+00,-72.41E+00,+85.46E+00,+1.900E+00
2,09/2/2026,19:05:31.213,-0.09E+00,-0.05E+00,+0.05E+00,-0.05E+00,-13.52E+00,-72.35E+00,+85.52E+00,+1.984E+00
2,09/2/2026,19:05:31.213,-0.09E+00,-0.05E+00,+0.05E+00,-0.05E+00,-13.64E+00,-72.29E+00,+85.56E+00,+2.068E+00
2,09/2/2026,19:05:31.213,-0.09E+00,-0.05E+00,+0.05E+00,+0.00E+00,-13.76E+00,-72.18E+00,+85.59E+00,+2.152E+00
2,09/2/2026,19:05:31.213,-0.09E+00,-0.05E+00,+0.05E+00,+0.00E+00,-13.89E+00,-72.07E+00,+85.59E+00,+2.236E+00
2,09/2/2026,19:05:31.213,-0.09E+00,-0.05E+00,+0.05E+00,+0.00E+00,-14.01E+00,-71.94E+00,+85.58E+00,+2.320E+00
2,09/2/2026,19:05:31.213,-0.09E+00,-0.05E+00,+0.05E+00,+0.00E+00,-14.12E+00,-71.78E+00,+85.55E+00,+2.403E+00
2,09/2/2026,19:05:31.213,-0.09E+00,-0.05E+00,+0.05E+00,+0.00E+00,-14.22E+00,-71.62E+00,+85.49E+00,+2.487E+00
2,09/2/2026,19:05:31.213,-0.09E+00,-0.05E+00,+0.05E+00,+0.00E+00,-14.33E+00,-71.43E+00,+85.40E+00,+2.571E+00
2,09/2/2026,19:05:31.213,-0.09E+00,-0.05E+00,+0.05E+00,+0.00E+00,-14.42E+00,-71.22E+00,+85.27E+00,+2.648E+00
2,09/2/2026,19:05:31.214,-0.09E+00,-0.05E+00,+0.05E+00,+0.00E+00,-14.51E+00,-70.99E+00,+85.14E+00,+2.732E+00
2,09/2/2026,19:05:31.214,-0.09E+00,-0.05E+00,+0.05E+00,+0.00E+00,-14.59E+00,-70.75E+00,+84.97E+00,+2.816E+00
2,09/2/2026,19:05:31.214,-0.09E+00,-0.05E+00,+0.05E+00,+0.00E+00,-14.67E+00,-70.47E+00,+84.77E+00,+2.899E+00
2,09/2/2026,19:05:31.214,-0.09E+00,-0.05E+00,+0.05E+00,-0.05E+00,-14.74E+00,-70.17E+00,+84.54E+00,+2.983E+00
2,09/2/2026,19:05:31.214,-0.09E+00,-0.05E+00,+0.05E+00,-0.05E+00,-14.82E+00,-69.85E+00,+84.30E+00,+3.067E+00
2,09/2/2026,19:05:31.214,-0.09E+00,-0.05E+00,+0.05E+00,+0.00E+00,-14.89E+00,-69.51E+00,+84.04E+00,+3.144E+00
2,09/2/2026,19:05:31.214,-0.09E+00,-0.05E+00,+0.05E+00,+0.00E+00,-14.97E+00,-69.16E+00,+83.76E+00,+3.220E+00
2,09/2/2026,19:05:31.214,-0.09E+00,-0.05E+00,+0.00E+00,+0.00E+00,-15.03E+00,-68.78E+00,+83.46E+00,+3.304E+00
2,09/2/2026,19:05:31.214,-0.09E+00,-0.05E+00,+0.05E+00,+0.00E+00,-15.11E+00,-68.38E+00,+83.14E+00,+3.380E+00
2,09/2/2026,19:05:31.214,-0.14E+00,-0.09E+00,+0.05E+00,+0.00E+00,-15.18E+00,-67.98E+00,+82.80E+00,+3.456E+00
2,09/2/2026,19:05:31.214,-0.09E+00,-0.09E+00,+0.05E+00,+0.00E+00,-15.24E+00,-67.56E+00,+82.44E+00,+3.525E+00
2,09/2/2026,19:05:31.214,-0.09E+00,-0.05E+00,+0.05E+00,+0.00E+00,-15.32E+00,-67.11E+00,+82.07E+00,+3.601E+00
2,09/2/2026,19:05:31.214,-0.09E+00,-0.05E+00,+0.05E+00,+0.00E+00,-15.37E+00,-66.67E+00,+81.67E+00,+3.670E+00
2,09/2/2026,19:05:31.214,-0.09E+00,-0.05E+00,+0.05E+00,+0.00E+00,-15.43E+00,-66.20E+00,+81.26E+00,+3.739E+00
2,09/2/2026,19:05:31.214,-0.09E+00,-0.09E+00,+0.05E+00,+0.00E+00,-15.49E+00,-65.71E+00,+80.83E+00,+3.807E+00
2,09/2/2026,19:05:31.214,-0.09E+00,-0.05E+00,+0.05E+00,+0.00E+00,-15.55E+00,-65.19E+00,+80.38E+00,+3.884E+00
2,09/2/2026,19:05:31.214,-0.09E+00,-0.05E+00,+0.05E+00,+0.00E+00,-15.60E+00,-64.67E+00,+79.90E+00,+3.945E+00
2,09/2/2026,19:05:31.214,-0.09E+00,-0.05E+00,+0.05E+00,+0.00E+00,-15.64E+00,-64.14E+00,+79.41E+00,+4.013E+00
2,09/2/2026,19:05:31.214,-0.09E+00,-0.05E+00,+0.05E+00,+0.00E+00,-15.69E+00,-63.57E+00,+78.91E+00,+4.082E+00
2,09/2/2026,19:05:31.214,-0.09E+00,-0.05E+00,+0.00E+00,+0.00E+00,-15.73E+00,-62.99E+00,+78.38E+00,+4.151E+00
2,09/2/2026,19:05:31.215,-0.09E+00,-0.05E+00,+0.00E+00,+0.00E+00,-15.76E+00,-62.41E+00,+77.83E+00,+4.212E+00
2,09/2/2026,19:05:31.215,-0.09E+00,-0.05E+00,+0.05E+00,+0.00E+00,-15.81E+00,-61.82E+00,+77.25E+00,+4.280E+00
2,09/2/2026,19:05:31.215,-0.09E+00,-0.05E+00,+0.05E+00,+0.00E+00,-15.84E+00,-61.19E+00,+76.67E+00,+4.342E+00
2,09/2/2026,19:05:31.215,-0.09E+00,-0.05E+00,+0.05E+00,+0.00E+00,-15.86E+00,-60.55E+00,+76.07E+00,+4.403E+00
2,09/2/2026,19:05:31.215,-0.09E+00,-0.05E+00,+0.05E+00,+0.00E+00,-15.89E+00,-59.91E+00,+75.46E+00,+4.464E+00
2,09/2/2026,19:05:31.215,-0.09E+00,-0.05E+00,+0.05E+00,+0.00E+00,-15.92E+00,-59.26E+00,+74.82E+00,+4.525E+00
2,09/2/2026,19:05:31.215,-0.09E+00,-0.05E+00,+0.00E+00,+0.00E+00,-15.93E+00,-58.58E+00,+74.18E+00,+4.578E+00
2,09/2/2026,19:05:31.215,-0.09E+00,-0.09E+00,+0.05E+00,+0.00E+00,-15.95E+00,-57.90E+00,+73.51E+00,+4.631E+00
2,09/2/2026,19:05:31.215,-0.09E+00,-0.05E+00,+0.05E+00,+0.00E+00,-15.98E+00,-57.20E+00,+72.82E+00,+4.693E+00
2,09/2/2026,19:05:31.215,-0.14E+00,-0.05E+00,+0.05E+00,+0.00E+00,-15.99E+00,-56.48E+00,+72.12E+00,+4.754E+00
2,09/2/2026,19:05:31.215,-0.09E+00,-0.05E+00,+0.05E+00,+0.00E+00,-16.01E+00,-55.75E+00,+71.39E+00,+4.807E+00
2,09/2/2026,19:05:31.215,-0.09E+00,-0.05E+00,+0.05E+00,+0.00E+00,-16.01E+00,-54.98E+00,+70.64E+00,+4.868E+00
2,09/2/2026,19:05:31.215,-0.09E+00,-0.09E+00,+0.05E+00,+0.00E+00,-16.01E+00,-54.22E+00,+69.88E+00,+4.921E+00
2,09/2/2026,19:05:31.215,-0.09E+00,-0.09E+00,+0.05E+00,+0.00E+00,-16.02E+00,-53.43E+00,+69.10E+00,+4.975E+00
2,09/2/2026,19:05:31.215,-0.09E+00,-0.05E+00,+0.05E+00,+0.00E+00,-16.01E+00,-52.63E+00,+68.30E+00,+5.028E+00
2,09/2/2026,19:05:31.215,-0.09E+00,-0.05E+00,+0.00E+00,-0.05E+00,-16.01E+00,-51.82E+00,+67.50E+00,+5.082E+00
2,09/2/2026,19:05:31.215,-0.09E+00,-0.05E+00,+0.05E+00,+0.00E+00,-16.01E+00,-51.00E+00,+66.67E+00,+5.135E+00
2,09/2/2026,19:05:31.215,-0.09E+00,-0.05E+00,+0.05E+00,+0.00E+00,-16.01E+00,-50.16E+00,+65.82E+00,+5.188E+00
2,09/2/2026,19:05:31.215,-0.09E+00,-0.05E+00,+0.05E+00,+0.00E+00,-16.01E+00,-49.31E+00,+64.95E+00,+5.242E+00
2,09/2/2026,19:05:31.215,-0.14E+00,-0.05E+00,+0.05E+00,+0.00E+00,-15.99E+00,-48.45E+00,+64.06E+00,+5.288E+00
2,09/2/2026,19:05:31.216,-0.09E+00,-0.05E+00,+0.05E+00,-0.05E+00,-15.98E+00,-47.57E+00,+63.18E+00,+5.341E+00
2,09/2/2026,19:05:31.216,-0.09E+00,-0.05E+00,+0.05E+00,+0.00E+00,-15.96E+00,-46.67E+00,+62.28E+00,+5.394E+00
2,09/2/2026,19:05:31.216,-0.09E+00,-0.05E+00,+0.00E+00,+0.00E+00,-15.95E+00,-45.77E+00,+61.36E+00,+5.440E+00
2,09/2/2026,19:05:31.216,-0.09E+00,-0.05E+00,+0.05E+00,-0.05E+00,-15.93E+00,-44.85E+00,+60.42E+00,+5.486E+00
2,09/2/2026,19:05:31.216,-0.09E+00,-0.05E+00,+0.05E+00,-0.05E+00,-15.90E+00,-43.93E+00,+59.45E+00,+5.532E+00
2,09/2/2026,19:05:31.216,-0.09E+00,-0.05E+00,+0.05E+00,+0.00E+00,-15.87E+00,-42.99E+00,+58.49E+00,+5.570E+00
2,09/2/2026,19:05:31.216,-0.09E+00,-0.05E+00,+0.05E+00,+0.00E+00,-15.84E+00,-42.04E+00,+57.52E+00,+5.616E+00
2,09/2/2026,19:05:31.216,-0.09E+00,-0.05E+00,+0.05E+00,+0.00E+00,-15.78E+00,-41.08E+00,+56.51E+00,+5.654E+00
2,09/2/2026,19:05:31.216,-0.09E+00,-0.05E+00,+0.05E+00,+0.00E+00,-15.73E+00,-40.13E+00,+55.49E+00,+5.684E+00
2,09/2/2026,19:05:31.216,-0.09E+00,-0.05E+00,+0.00E+00,+0.00E+00,-15.66E+00,-39.17E+00,+54.46E+00,+5.715E+00
2,09/2/2026,19:05:31.216,-0.09E+00,-0.09E+00,+0.00E+00,+0.00E+00,-15.60E+00,-38.20E+00,+53.43E+00,+5.745E+00
2,09/2/2026,19:05:31.216,-0.09E+00,-0.05E+00,+0.05E+00,+0.00E+00,-15.50E+00,-37.22E+00,+52.36E+00,+5.768E+00
2,09/2/2026,19:05:31.216,-0.09E+00,-0.05E+00,+0.05E+00,+0.00E+00,-15.43E+00,-36.23E+00,+51.29E+00,+5.791E+00
2,09/2/2026,19:05:31.216,-0.09E+00,-0.05E+00,+0.05E+00,+0.00E+00,-15.32E+00,-35.24E+00,+50.21E+00,+5.814E+00
2,09/2/2026,19:05:31.216,-0.09E+00,-0.05E+00,+0.05E+00,+0.00E+00,-15.23E+00,-34.24E+00,+49.11E+00,+5.829E+00
2,09/2/2026,19:05:31.216,-0.09E+00,-0.05E+00,+0.05E+00,-0.05E+00,-15.12E+00,-33.24E+00,+48.01E+00,+5.852E+00
2,09/2/2026,19:05:31.216,-0.09E+00,-0.05E+00,+0.05E+00,-0.05E+00,-15.02E+00,-32.23E+00,+46.88E+00,+5.868E+00
2,09/2/2026,19:05:31.216,-0.09E+00,-0.05E+00,+0.05E+00,+0.00E+00,-14.89E+00,-31.19E+00,+45.75E+00,+5.883E+00
2,09/2/2026,19:05:31.216,-0.09E+00,-0.05E+00,+0.05E+00,+0.00E+00,-14.77E+00,-30.17E+00,+44.59E+00,+5.898E+00
2,09/2/2026,19:05:31.216,-0.09E+00,-0.05E+00,+0.05E+00,+0.00E+00,-14.63E+00,-29.13E+00,+43.43E+00,+5.906E+00
2,09/2/2026,19:05:31.217,-0.09E+00,-0.05E+00,+0.05E+00,+0.00E+00,-14.51E+00,-28.09E+00,+42.26E+00,+5.913E+00
2,09/2/2026,19:05:31.217,-0.09E+00,-0.05E+00,+0.00E+00,+0.00E+00,-14.36E+00,-27.04E+00,+41.07E+00,+5.921E+00
2,09/2/2026,19:05:31.217,-0.09E+00,-0.05E+00,+0.05E+00,+0.00E+00,-14.22E+00,-25.99E+00,+39.87E+00,+5.929E+00
2,09/2/2026,19:05:31.217,-0.14E+00,-0.05E+00,+0.05E+00,+0.00E+00,-14.07E+00,-24.94E+00,+38.67E+00,+5.929E+00
2,09/2/2026,19:05:31.217,-0.09E+00,-0.05E+00,+0.05E+00,+0.00E+00,-13.92E+00,-23.87E+00,+37.46E+00,+5.929E+00
2,09/2/2026,19:05:31.217,-0.09E+00,-0.05E+00,+0.05E+00,-0.05E+00,-13.76E+00,-22.80E+00,+36.23E+00,+5.929E+00
2,09/2/2026,19:05:31.217,-0.09E+00,-0.05E+00,+0.05E+00,+0.00E+00,-13.60E+00,-21.73E+00,+34.99E+00,+5.929E+00
2,09/2/2026,19:05:31.217,-0.09E+00,-0.09E+00,+0.00E+00,+0.00E+00,-13.43E+00,-20.66E+00,+33.76E+00,+5.921E+00
2,09/2/2026,19:05:31.217,-0.09E+00,-0.09E+00,+0.00E+00,-0.05E+00,-13.26E+00,-19.59E+00,+32.52E+00,+5.913E+00
2,09/2/2026,19:05:31.217,-0.09E+00,-0.05E+00,+0.05E+00,+0.00E+00,-13.08E+00,-18.51E+00,+31.25E+00,+5.906E+00
2,09/2/2026,19:05:31.217,-0.09E+00,-0.05E+00,+0.05E+00,+0.00E+00,-12.89E+00,-17.43E+00,+29.99E+00,+5.898E+00
2,09/2/2026,19:05:31.217,-0.09E+00,-0.05E+00,+0.05E+00,+0.00E+00,-12.73E+00,-16.34E+00,+28.72E+00,+5.890E+00
2,09/2/2026,19:05:31.217,-0.09E+00,-0.05E+00,+0.05E+00,+0.00E+00,-12.54E+00,-15.24E+00,+27.44E+00,+5.883E+00
2,09/2/2026,19:05:31.217,-0.09E+00,-0.09E+00,+0.05E+00,+0.00E+00,-12.36E+00,-14.15E+00,+26.16E+00,+5.868E+00
2,09/2/2026,19:05:31.217,-0.09E+00,-0.09E+00,+0.00E+00,+0.00E+00,-12.18E+00,-13.05E+00,+24.87E+00,+5.852E+00
2,09/2/2026,19:05:31.217,-0.09E+00,-0.09E+00,+0.00E+00,+0.00E+00,-11.99E+00,-11.95E+00,+23.59E+00,+5.845E+00
2,09/2/2026,19:05:31.217,-0.14E+00,-0.09E+00,+0.05E+00,+0.00E+00,-11.81E+00,-10.83E+00,+22.30E+00,+5.829E+00
2,09/2/2026,19:05:31.217,-0.09E+00,-0.05E+00,+0.05E+00,+0.00E+00,-11.63E+00,-9.74E+00,+21.00E+00,+5.807E+00
2,09/2/2026,19:05:31.217,-0.09E+00,-0.05E+00,+0.05E+00,+0.00E+00,-11.43E+00,-8.62E+00,+19.70E+00,+5.791E+00
2,09/2/2026,19:05:31.217,-0.14E+00,-0.05E+00,+0.05E+00,+0.00E+00,-11.25E+00,-7.51E+00,+18.40E+00,+5.776E+00
2,09/2/2026,19:05:31.218,-0.14E+00,-0.05E+00,+0.05E+00,+0.00E+00,-11.06E+00,-6.39E+00,+17.11E+00,+5.753E+00
2,09/2/2026,19:05:31.218,-0.09E+00,-0.05E+00,+0.05E+00,+0.00E+00,-10.87E+00,-5.28E+00,+15.81E+00,+5.730E+00
2,09/2/2026,19:05:31.218,-0.09E+00,-0.05E+00,+0.05E+00,+0.00E+00,-10.68E+00,-4.17E+00,+14.51E+00,+5.715E+00
2,09/2/2026,19:05:31.218,-0.09E+00,-0.05E+00,+0.05E+00,+0.00E+00,-10.50E+00,-3.05E+00,+13.20E+00,+5.692E+00
2,09/2/2026,19:05:31.218,-0.09E+00,-0.05E+00,+0.05E+00,+0.00E+00,-10.32E+00,-1.92E+00,+11.90E+00,+5.669E+00
2,09/2/2026,19:05:31.218,-0.09E+00,-0.05E+00,+0.05E+00,+0.00E+00,-10.13E+00,-0.81E+00,+10.61E+00,+5.646E+00
2,09/2/2026,19:05:31.218,-0.09E+00,-0.05E+00,+0.05E+00,+0.00E+00,-9.95E+00,+0.31E+00,+9.29E+00,+5.623E+00
2,09/2/2026,19:05:31.218,-0.09E+00,-0.05E+00,+0.05E+00,+0.00E+00,-9.75E+00,+1.43E+00,+7.98E+00,+5.593E+00
2,09/2/2026,19:05:31.218,-0.09E+00,-0.05E+00,+0.05E+00,-0.05E+00,-9.55E+00,+2.55E+00,+6.67E+00,+5.570E+00
2,09/2/2026,19:05:31.218,-0.09E+00,-0.05E+00,+0.05E+00,+0.00E+00,-9.37E+00,+3.66E+00,+5.37E+00,+5.539E+00
2,09/2/2026,19:05:31.218,-0.09E+00,-0.05E+00,+0.00E+00,+0.00E+00,-9.17E+00,+4.78E+00,+4.06E+00,+5.517E+00
2,09/2/2026,19:05:31.218,-0.14E+00,-0.05E+00,+0.05E+00,+0.00E+00,-8.99E+00,+5.89E+00,+2.75E+00,+5.486E+00
2,09/2/2026,19:05:31.218,-0.09E+00,-0.09E+00,+0.05E+00,+0.00E+00,-8.79E+00,+7.00E+00,+1.45E+00,+5.456E+00
2,09/2/2026,19:05:31.218,-0.09E+00,-0.05E+00,+0.05E+00,+0.00E+00,-8.61E+00,+8.12E+00,+0.14E+00,+5.425E+00
2,09/2/2026,19:05:31.218,-0.09E+00,-0.05E+00,+0.05E+00,+0.00E+00,-8.41E+00,+9.22E+00,-1.16E+00,+5.394E+00
2,09/2/2026,19:05:31.218,-0.09E+00,-0.05E+00,+0.00E+00,+0.00E+00,-8.23E+00,+10.33E+00,-2.46E+00,+5.364E+00
2,09/2/2026,19:05:31.218,-0.09E+00,-0.05E+00,+0.00E+00,+0.00E+00,-8.04E+00,+11.45E+00,-3.75E+00,+5.333E+00
2,09/2/2026,19:05:31.218,-0.09E+00,-0.05E+00,+0.05E+00,+0.00E+00,-7.83E+00,+12.54E+00,-5.07E+00,+5.295E+00
2,09/2/2026,19:05:31.218,-0.09E+00,-0.05E+00,+0.00E+00,+0.00E+00,-7.61E+00,+13.64E+00,-6.38E+00,+5.257E+00
2,09/2/2026,19:05:31.218,-0.09E+00,-0.05E+00,+0.05E+00,+0.00E+00,-7.40E+00,+14.73E+00,-7.69E+00,+5.227E+00
2,09/2/2026,19:05:31.219,-0.09E+00,-0.05E+00,+0.05E+00,+0.00E+00,-7.19E+00,+15.82E+00,-8.99E+00,+5.188E+00
2,09/2/2026,19:05:31.219,-0.09E+00,-0.05E+00,+0.00E+00,+0.00E+00,-6.97E+00,+16.91E+00,-10.30E+00,+5.150E+00
2,09/2/2026,19:05:31.219,-0.09E+00,-0.05E+00,+0.05E+00,+0.00E+00,-6.76E+00,+18.01E+00,-11.61E+00,+5.105E+00
2,09/2/2026,19:05:31.219,-0.14E+00,-0.05E+00,+0.05E+00,-0.05E+00,-6.55E+00,+19.11E+00,-12.93E+00,+5.066E+00
2,09/2/2026,19:05:31.219,-0.09E+00,-0.05E+00,+0.05E+00,+0.00E+00,-6.33E+00,+20.19E+00,-14.22E+00,+5.021E+00
2,09/2/2026,19:05:31.219,-0.09E+00,-0.05E+00,+0.05E+00,+0.00E+00,-6.10E+00,+21.27E+00,-15.52E+00,+4.982E+00
2,09/2/2026,19:05:31.219,-0.14E+00,-0.05E+00,+0.05E+00,+0.00E+00,-5.89E+00,+22.36E+00,-16.83E+00,+4.944E+00
2,09/2/2026,19:05:31.219,-0.09E+00,-0.09E+00,+0.05E+00,-0.05E+00,-5.68E+00,+23.45E+00,-18.13E+00,+4.906E+00
2,09/2/2026,19:05:31.219,-0.09E+00,-0.05E+00,+0.05E+00,+0.00E+00,-5.45E+00,+24.54E+00,-19.44E+00,+4.860E+00
2,09/2/2026,19:05:31.219,-0.09E+00,-0.05E+00,+0.05E+00,+0.00E+00,-5.23E+00,+25.62E+00,-20.74E+00,+4.822E+00
2,09/2/2026,19:05:31.219,-0.09E+00,-0.05E+00,+0.00E+00,+0.00E+00,-5.02E+00,+26.71E+00,-22.05E+00,+4.776E+00
2,09/2/2026,19:05:31.219,-0.09E+00,-0.05E+00,+0.05E+00,+0.00E+00,-4.79E+00,+27.77E+00,-23.35E+00,+4.731E+00
2,09/2/2026,19:05:31.219,-0.09E+00,-0.05E+00,+0.05E+00,+0.00E+00,-4.58E+00,+28.83E+00,-24.63E+00,+4.685E+00
2,09/2/2026,19:05:31.219,-0.09E+00,-0.05E+00,+0.00E+00,+0.00E+00,-4.35E+00,+29.88E+00,-25.90E+00,+4.639E+00
2,09/2/2026,19:05:31.219,-0.09E+00,-0.05E+00,+0.05E+00,+0.00E+00,-4.12E+00,+30.93E+00,-27.16E+00,+4.578E+00
2,09/2/2026,19:05:31.219,-0.09E+00,-0.05E+00,+0.05E+00,+0.00E+00,-3.89E+00,+31.97E+00,-28.43E+00,+4.517E+00
2,09/2/2026,19:05:31.219,-0.09E+00,-0.09E+00,+0.05E+00,+0.00E+00,-3.66E+00,+32.98E+00,-29.67E+00,+4.448E+00
2,09/2/2026,19:05:31.219,-0.09E+00,-0.05E+00,+0.05E+00,+0.00E+00,-3.42E+00,+33.97E+00,-30.90E+00,+4.380E+00
2,09/2/2026,19:05:31.219,-0.09E+00,-0.05E+00,+0.05E+00,+0.00E+00,-3.17E+00,+34.95E+00,-32.12E+00,+4.319E+00
2,09/2/2026,19:05:31.219,-0.09E+00,-0.05E+00,+0.05E+00,+0.00E+00,-2.93E+00,+35.92E+00,-33.34E+00,+4.250E+00
2,09/2/2026,19:05:31.220,-0.09E+00,-0.05E+00,+0.05E+00,+0.00E+00,-2.69E+00,+36.88E+00,-34.55E+00,+4.181E+00
2,09/2/2026,19:05:31.220,-0.09E+00,-0.05E+00,+0.00E+00,+0.00E+00,-2.46E+00,+37.85E+00,-35.75E+00,+4.105E+00
2,09/2/2026,19:05:31.220,-0.09E+00,-0.05E+00,+0.05E+00,-0.05E+00,-2.21E+00,+38.78E+00,-36.93E+00,+4.036E+00
2,09/2/2026,19:05:31.220,-0.09E+00,-0.05E+00,+0.05E+00,+0.00E+00,-1.95E+00,+39.71E+00,-38.12E+00,+3.960E+00
2,09/2/2026,19:05:31.220,-0.09E+00,-0.05E+00,+0.05E+00,+0.00E+00,-1.69E+00,+40.62E+00,-39.29E+00,+3.891E+00
2,09/2/2026,19:05:31.220,-0.09E+00,-0.05E+00,+0.05E+00,+0.00E+00,-1.43E+00,+41.52E+00,-40.44E+00,+3.807E+00
2,09/2/2026,19:05:31.220,-0.09E+00,-0.09E+00,+0.00E+00,+0.00E+00,-1.18E+00,+42.41E+00,-41.58E+00,+3.723E+00
2,09/2/2026,19:05:31.220,-0.14E+00,-0.05E+00,+0.05E+00,+0.00E+00,-0.92E+00,+43.28E+00,-42.71E+00,+3.640E+00
2,09/2/2026,19:05:31.220,-0.09E+00,-0.09E+00,+0.05E+00,+0.00E+00,-0.66E+00,+44.12E+00,-43.83E+00,+3.563E+00
2,09/2/2026,19:05:31.220,-0.09E+00,-0.05E+00,+0.00E+00,+0.00E+00,-0.40E+00,+44.96E+00,-44.94E+00,+3.479E+00
2,09/2/2026,19:05:31.220,-0.09E+00,-0.05E+00,+0.05E+00,+0.00E+00,-0.14E+00,+45.80E+00,-46.02E+00,+3.388E+00
2,09/2/2026,19:05:31.220,-0.09E+00,-0.05E+00,+0.05E+00,+0.00E+00,+0.14E+00,+46.62E+00,-47.11E+00,+3.304E+00
2,09/2/2026,19:05:31.220,-0.09E+00,-0.05E+00,+0.05E+00,-0.05E+00,+0.40E+00,+47.41E+00,-48.18E+00,+3.220E+00
2,09/2/2026,19:05:31.220,-0.09E+00,-0.09E+00,+0.05E+00,-0.05E+00,+0.66E+00,+48.21E+00,-49.23E+00,+3.136E+00
2,09/2/2026,19:05:31.220,-0.09E+00,-0.09E+00,+0.00E+00,+0.00E+00,+0.92E+00,+48.99E+00,-50.27E+00,+3.052E+00
2,09/2/2026,19:05:31.220,-0.09E+00,-0.05E+00,+0.05E+00,+0.00E+00,+1.19E+00,+49.75E+00,-51.30E+00,+2.960E+00
2,09/2/2026,19:05:31.220,-0.09E+00,-0.05E+00,+0.05E+00,+0.00E+00,+1.45E+00,+50.51E+00,-52.33E+00,+2.877E+00
2,09/2/2026,19:05:31.220,-0.09E+00,-0.05E+00,+0.00E+00,+0.00E+00,+1.71E+00,+51.24E+00,-53.32E+00,+2.793E+00
2,09/2/2026,19:05:31.220,-0.09E+00,-0.05E+00,+0.05E+00,+0.00E+00,+1.97E+00,+51.98E+00,-54.31E+00,+2.701E+00
2,09/2/2026,19:05:31.220,-0.14E+00,-0.05E+00,+0.05E+00,+0.00E+00,+2.23E+00,+52.69E+00,-55.29E+00,+2.617E+00
2,09/2/2026,19:05:31.221,-0.09E+00,-0.05E+00,+0.00E+00,+0.00E+00,+2.49E+00,+53.40E+00,-56.25E+00,+2.526E+00
2,09/2/2026,19:05:31.221,-0.09E+00,-0.05E+00,+0.05E+00,+0.00E+00,+2.73E+00,+54.10E+00,-57.20E+00,+2.442E+00
2,09/2/2026,19:05:31.221,-0.09E+00,-0.05E+00,+0.05E+00,+0.00E+00,+2.99E+00,+54.78E+00,-58.13E+00,+2.350E+00
2,09/2/2026,19:05:31.221,-0.09E+00,-0.05E+00,+0.05E+00,+0.00E+00,+3.24E+00,+55.44E+00,-59.04E+00,+2.266E+00
2,09/2/2026,19:05:31.221,-0.09E+00,-0.05E+00,+0.05E+00,+0.00E+00,+3.48E+00,+56.10E+00,-59.94E+00,+2.182E+00
2,09/2/2026,19:05:31.221,-0.09E+00,-0.05E+00,+0.05E+00,+0.00E+00,+3.72E+00,+56.75E+00,-60.84E+00,+2.098E+00
2,09/2/2026,19:05:31.221,-0.09E+00,-0.05E+00,+0.05E+00,+0.00E+00,+3.97E+00,+57.38E+00,-61.71E+00,+2.014E+00
2,09/2/2026,19:05:31.221,-0.09E+00,-0.05E+00,+0.05E+00,+0.00E+00,+4.20E+00,+58.00E+00,-62.57E+00,+1.930E+00
2,09/2/2026,19:05:31.221,-0.09E+00,-0.05E+00,+0.05E+00,+0.00E+00,+4.44E+00,+58.61E+00,-63.42E+00,+1.846E+00
2,09/2/2026,19:05:31.221,-0.09E+00,-0.05E+00,+0.05E+00,+0.00E+00,+4.67E+00,+59.21E+00,-64.25E+00,+1.763E+00
2,09/2/2026,19:05:31.221,-0.09E+00,-0.05E+00,+0.05E+00,+0.00E+00,+4.90E+00,+59.80E+00,-65.07E+00,+1.679E+00
2,09/2/2026,19:05:31.221,-0.09E+00,-0.05E+00,+0.05E+00,+0.00E+00,+5.13E+00,+60.37E+00,-65.89E+00,+1.595E+00
2,09/2/2026,19:05:31.221,-0.09E+00,-0.05E+00,+0.05E+00,+0.00E+00,+5.36E+00,+60.93E+00,-66.69E+00,+1.511E+00
2,09/2/2026,19:05:31.221,-0.09E+00,-0.05E+00,+0.05E+00,+0.00E+00,+5.60E+00,+61.47E+00,-67.45E+00,+1.434E+00
2,09/2/2026,19:05:31.221,-0.09E+00,-0.05E+00,+0.05E+00,+0.00E+00,+5.83E+00,+62.00E+00,-68.21E+00,+1.351E+00
2,09/2/2026,19:05:31.221,-0.09E+00,-0.05E+00,+0.05E+00,+0.00E+00,+6.06E+00,+62.54E+00,-68.96E+00,+1.259E+00
2,09/2/2026,19:05:31.221,-0.09E+00,-0.09E+00,+0.05E+00,+0.00E+00,+6.29E+00,+63.04E+00,-69.69E+00,+1.175E+00
2,09/2/2026,19:05:31.221,-0.09E+00,-0.09E+00,+0.05E+00,+0.00E+00,+6.50E+00,+63.53E+00,-70.41E+00,+1.091E+00
2,09/2/2026,19:05:31.221,-0.09E+00,-0.09E+00,+0.05E+00,+0.00E+00,+6.73E+00,+64.00E+00,-71.11E+00,+1.007E+00
2,09/2/2026,19:05:31.221,-0.09E+00,-0.05E+00,+0.05E+00,+0.00E+00,+6.96E+00,+64.47E+00,-71.80E+00,+0.923E+00
2,09/2/2026,19:05:31.222,-0.09E+00,-0.05E+00,+0.05E+00,+0.00E+00,+7.17E+00,+64.92E+00,-72.47E+00,+0.832E+00
2,09/2/2026,19:05:31.222,-0.09E+00,-0.05E+00,+0.05E+00,+0.00E+00,+7.40E+00,+65.34E+00,-73.13E+00,+0.748E+00
2,09/2/2026,19:05:31.222,-0.09E+00,-0.09E+00,+0.05E+00,+0.00E+00,+7.63E+00,+65.76E+00,-73.77E+00,+0.656E+00
2,09/2/2026,19:05:31.222,-0.09E+00,-0.05E+00,+0.05E+00,-0.05E+00,+7.84E+00,+66.15E+00,-74.39E+00,+0.565E+00
2,09/2/2026,19:05:31.222,-0.09E+00,-0.05E+00,+0.00E+00,+0.00E+00,+8.07E+00,+66.53E+00,-75.00E+00,+0.481E+00
2,09/2/2026,19:05:31.222,-0.09E+00,-0.05E+00,+0.05E+00,+0.00E+00,+8.30E+00,+66.90E+00,-75.60E+00,+0.389E+00
2,09/2/2026,19:05:31.222,-0.09E+00,-0.05E+00,+0.05E+00,+0.00E+00,+8.52E+00,+67.25E+00,-76.18E+00,+0.298E+00
2,09/2/2026,19:05:31.222,-0.09E+00,-0.05E+00,+0.05E+00,+0.00E+00,+8.74E+00,+67.60E+00,-76.73E+00,+0.214E+00
2,09/2/2026,19:05:31.222,-0.09E+00,-0.05E+00,+0.05E+00,+0.00E+00,+8.97E+00,+67.94E+00,-77.29E+00,+0.122E+00
2,09/2/2026,19:05:31.222,-0.09E+00,-0.05E+00,+0.00E+00,+0.00E+00,+9.19E+00,+68.24E+00,-77.83E+00,+0.031E+00
2,09/2/2026,19:05:31.222,-0.09E+00,-0.05E+00,+0.00E+00,+0.00E+00,+9.42E+00,+68.53E+00,-78.35E+00,-0.061E+00
2,09/2/2026,19:05:31.222,-0.09E+00,-0.05E+00,+0.05E+00,+0.00E+00,+9.64E+00,+68.81E+00,-78.85E+00,-0.153E+00
2,09/2/2026,19:05:31.222,-0.09E+00,-0.05E+00,+0.05E+00,+0.00E+00,+9.87E+00,+69.07E+00,-79.34E+00,-0.244E+00
2,09/2/2026,19:05:31.222,-0.09E+00,-0.05E+00,+0.05E+00,+0.00E+00,+10.09E+00,+69.33E+00,-79.80E+00,-0.336E+00
2,09/2/2026,19:05:31.222,-0.09E+00,-0.05E+00,+0.05E+00,+0.00E+00,+10.32E+00,+69.56E+00,-80.25E+00,-0.427E+00
2,09/2/2026,19:05:31.222,-0.09E+00,-0.05E+00,+0.05E+00,+0.00E+00,+10.54E+00,+69.77E+00,-80.70E+00,-0.511E+00
2,09/2/2026,19:05:31.222,-0.09E+00,-0.09E+00,+0.05E+00,+0.00E+00,+10.76E+00,+69.98E+00,-81.12E+00,-0.603E+00
2,09/2/2026,19:05:31.222,-0.09E+00,-0.05E+00,+0.05E+00,+0.00E+00,+10.96E+00,+70.17E+00,-81.54E+00,-0.694E+00
2,09/2/2026,19:05:31.222,-0.09E+00,-0.05E+00,+0.00E+00,+0.00E+00,+11.19E+00,+70.35E+00,-81.92E+00,-0.786E+00
2,09/2/2026,19:05:31.222,-0.09E+00,-0.05E+00,+0.05E+00,+0.00E+00,+11.38E+00,+70.52E+00,-82.30E+00,-0.870E+00
2,09/2/2026,19:05:31.223,-0.09E+00,-0.09E+00,+0.05E+00,+0.00E+00,+11.58E+00,+70.65E+00,-82.63E+00,-0.961E+00
2,09/2/2026,19:05:31.223,-0.09E+00,-0.05E+00,+0.05E+00,+0.00E+00,+11.78E+00,+70.79E+00,-82.97E+00,-1.053E+00
2,09/2/2026,19:05:31.223,-0.09E+00,-0.05E+00,+0.00E+00,+0.00E+00,+11.96E+00,+70.91E+00,-83.26E+00,-1.145E+00
2,09/2/2026,19:05:31.223,-0.09E+00,-0.05E+00,+0.00E+00,+0.00E+00,+12.13E+00,+71.01E+00,-83.53E+00,-1.228E+00
2,09/2/2026,19:05:31.223,-0.09E+00,-0.05E+00,+0.05E+00,+0.00E+00,+12.30E+00,+71.08E+00,-83.78E+00,-1.320E+00
2,09/2/2026,19:05:31.223,-0.09E+00,-0.05E+00,+0.05E+00,+0.00E+00,+12.47E+00,+71.13E+00,-83.99E+00,-1.412E+00
2,09/2/2026,19:05:31.223,-0.09E+00,-0.05E+00,+0.05E+00,+0.00E+00,+12.62E+00,+71.16E+00,-84.16E+00,-1.503E+00
2,09/2/2026,19:05:31.223,-0.14E+00,-0.09E+00,+0.05E+00,+0.00E+00,+12.76E+00,+71.16E+00,-84.33E+00,-1.595E+00
2,09/2/2026,19:05:31.223,-0.09E+00,-0.05E+00,+0.00E+00,+0.00E+00,+12.89E+00,+71.16E+00,-84.45E+00,-1.686E+00
2,09/2/2026,19:05:31.223,-0.09E+00,-0.05E+00,+0.05E+00,+0.00E+00,+13.03E+00,+71.13E+00,-84.56E+00,-1.778E+00
2,09/2/2026,19:05:31.223,-0.09E+00,-0.09E+00,+0.05E+00,+0.00E+00,+13.17E+00,+71.08E+00,-84.65E+00,-1.869E+00
2,09/2/2026,19:05:31.223,-0.14E+00,-0.05E+00,+0.05E+00,+0.00E+00,+13.29E+00,+71.02E+00,-84.71E+00,-1.953E+00
2,09/2/2026,19:05:31.223,-0.09E+00,-0.05E+00,+0.05E+00,-0.05E+00,+13.41E+00,+70.94E+00,-84.76E+00,-2.037E+00
2,09/2/2026,19:05:31.223,-0.09E+00,-0.05E+00,+0.05E+00,-0.05E+00,+13.54E+00,+70.85E+00,-84.77E+00,-2.121E+00
2,09/2/2026,19:05:31.223,-0.09E+00,-0.05E+00,+0.05E+00,+0.00E+00,+13.64E+00,+70.73E+00,-84.79E+00,-2.205E+00
2,09/2/2026,19:05:31.223,-0.09E+00,-0.05E+00,+0.00E+00,+0.00E+00,+13.76E+00,+70.59E+00,-84.77E+00,-2.289E+00
2,09/2/2026,19:05:31.223,-0.09E+00,-0.05E+00,+0.00E+00,+0.00E+00,+13.87E+00,+70.44E+00,-84.72E+00,-2.373E+00
2,09/2/2026,19:05:31.223,-0.09E+00,-0.05E+00,+0.05E+00,+0.00E+00,+13.98E+00,+70.27E+00,-84.66E+00,-2.449E+00
2,09/2/2026,19:05:31.223,-0.09E+00,-0.05E+00,+0.00E+00,-0.05E+00,+14.09E+00,+70.09E+00,-84.56E+00,-2.533E+00
2,09/2/2026,19:05:31.223,-0.14E+00,-0.05E+00,+0.05E+00,+0.00E+00,+14.18E+00,+69.88E+00,-84.43E+00,-2.617E+00
2,09/2/2026,19:05:31.224,-0.14E+00,-0.05E+00,+0.05E+00,+0.00E+00,+14.25E+00,+69.63E+00,-84.30E+00,-2.693E+00
2,09/2/2026,19:05:31.224,-0.09E+00,-0.05E+00,+0.05E+00,+0.00E+00,+14.33E+00,+69.39E+00,-84.11E+00,-2.777E+00
2,09/2/2026,19:05:31.224,-0.09E+00,-0.05E+00,+0.05E+00,+0.00E+00,+14.42E+00,+69.10E+00,-83.92E+00,-2.861E+00
2,09/2/2026,19:05:31.224,-0.09E+00,-0.05E+00,+0.05E+00,+0.00E+00,+14.50E+00,+68.79E+00,-83.69E+00,-2.945E+00
2,09/2/2026,19:05:31.224,-0.09E+00,-0.09E+00,+0.05E+00,+0.00E+00,+14.57E+00,+68.47E+00,-83.44E+00,-3.029E+00
2,09/2/2026,19:05:31.224,-0.09E+00,-0.05E+00,+0.05E+00,+0.00E+00,+14.65E+00,+68.14E+00,-83.17E+00,-3.113E+00
2,09/2/2026,19:05:31.224,-0.09E+00,-0.05E+00,+0.05E+00,+0.00E+00,+14.71E+00,+67.77E+00,-82.89E+00,-3.189E+00
2,09/2/2026,19:05:31.224,-0.09E+00,-0.05E+00,+0.00E+00,+0.00E+00,+14.79E+00,+67.40E+00,-82.59E+00,-3.266E+00
2,09/2/2026,19:05:31.224,-0.09E+00,-0.09E+00,+0.00E+00,+0.00E+00,+14.86E+00,+67.01E+00,-82.25E+00,-3.342E+00
2,09/2/2026,19:05:31.224,-0.09E+00,-0.09E+00,+0.05E+00,+0.00E+00,+14.92E+00,+66.60E+00,-81.92E+00,-3.418E+00
2,09/2/2026,19:05:31.224,-0.09E+00,-0.09E+00,+0.05E+00,+0.00E+00,+15.00E+00,+66.17E+00,-81.55E+00,-3.495E+00
2,09/2/2026,19:05:31.224,-0.09E+00,-0.09E+00,+0.00E+00,+0.00E+00,+15.06E+00,+65.73E+00,-81.17E+00,-3.563E+00
2,09/2/2026,19:05:31.224,-0.09E+00,-0.05E+00,+0.00E+00,+0.00E+00,+15.12E+00,+65.27E+00,-80.77E+00,-3.632E+00
2,09/2/2026,19:05:31.224,-0.09E+00,-0.05E+00,+0.00E+00,+0.00E+00,+15.18E+00,+64.78E+00,-80.36E+00,-3.708E+00
2,09/2/2026,19:05:31.224,-0.09E+00,-0.05E+00,+0.05E+00,+0.00E+00,+15.23E+00,+64.29E+00,-79.92E+00,-3.777E+00
2,09/2/2026,19:05:31.224,-0.09E+00,-0.05E+00,+0.05E+00,+0.00E+00,+15.28E+00,+63.79E+00,-79.46E+00,-3.846E+00
2,09/2/2026,19:05:31.224,-0.09E+00,-0.05E+00,+0.05E+00,+0.00E+00,+15.34E+00,+63.25E+00,-78.97E+00,-3.914E+00
2,09/2/2026,19:05:31.224,-0.09E+00,-0.05E+00,+0.05E+00,+0.00E+00,+15.38E+00,+62.70E+00,-78.48E+00,-3.983E+00
2,09/2/2026,19:05:31.224,-0.09E+00,-0.05E+00,+0.05E+00,+0.00E+00,+15.43E+00,+62.14E+00,-77.96E+00,-4.052E+00
2,09/2/2026,19:05:31.224,-0.09E+00,-0.05E+00,+0.00E+00,+0.00E+00,+15.47E+00,+61.57E+00,-77.43E+00,-4.120E+00
2,09/2/2026,19:05:31.225,-0.09E+00,-0.05E+00,+0.00E+00,+0.00E+00,+15.50E+00,+60.98E+00,-76.87E+00,-4.181E+00
2,09/2/2026,19:05:31.225,-0.09E+00,-0.09E+00,+0.05E+00,+0.00E+00,+15.53E+00,+60.37E+00,-76.30E+00,-4.242E+00
2,09/2/2026,19:05:31.225,-0.09E+00,-0.05E+00,+0.05E+00,+0.00E+00,+15.58E+00,+59.76E+00,-75.72E+00,-4.303E+00
2,09/2/2026,19:05:31.225,-0.09E+00,-0.05E+00,+0.05E+00,+0.00E+00,+15.61E+00,+59.12E+00,-75.11E+00,-4.364E+00
2,09/2/2026,19:05:31.225,-0.09E+00,-0.05E+00,+0.00E+00,+0.00E+00,+15.63E+00,+58.46E+00,-74.50E+00,-4.425E+00
2,09/2/2026,19:05:31.225,-0.09E+00,-0.05E+00,+0.00E+00,+0.00E+00,+15.66E+00,+57.81E+00,-73.86E+00,-4.486E+00
2,09/2/2026,19:05:31.225,-0.09E+00,-0.05E+00,+0.05E+00,+0.00E+00,+15.69E+00,+57.13E+00,-73.20E+00,-4.540E+00
2,09/2/2026,19:05:31.225,-0.09E+00,-0.05E+00,+0.05E+00,+0.00E+00,+15.70E+00,+56.45E+00,-72.53E+00,-4.601E+00
2,09/2/2026,19:05:31.225,-0.09E+00,-0.05E+00,+0.05E+00,-0.05E+00,+15.72E+00,+55.75E+00,-71.84E+00,-4.654E+00
2,09/2/2026,19:05:31.225,-0.09E+00,-0.05E+00,+0.05E+00,+0.00E+00,+15.73E+00,+55.01E+00,-71.13E+00,-4.715E+00
2,09/2/2026,19:05:31.225,-0.09E+00,-0.05E+00,+0.05E+00,+0.00E+00,+15.73E+00,+54.27E+00,-70.40E+00,-4.776E+00
2,09/2/2026,19:05:31.225,-0.09E+00,-0.05E+00,+0.05E+00,+0.00E+00,+15.75E+00,+53.50E+00,-69.65E+00,-4.830E+00
2,09/2/2026,19:05:31.225,-0.09E+00,-0.09E+00,+0.05E+00,+0.00E+00,+15.75E+00,+52.74E+00,-68.87E+00,-4.891E+00
2,09/2/2026,19:05:31.225,-0.09E+00,-0.05E+00,+0.05E+00,+0.00E+00,+15.76E+00,+51.95E+00,-68.08E+00,-4.944E+00
2,09/2/2026,19:05:31.225,-0.09E+00,-0.05E+00,+0.05E+00,+0.00E+00,+15.76E+00,+51.15E+00,-67.28E+00,-4.998E+00
2,09/2/2026,19:05:31.225,-0.09E+00,-0.05E+00,+0.05E+00,+0.00E+00,+15.76E+00,+50.34E+00,-66.47E+00,-5.051E+00
2,09/2/2026,19:05:31.225,-0.09E+00,-0.05E+00,+0.05E+00,+0.00E+00,+15.76E+00,+49.52E+00,-65.63E+00,-5.105E+00
2,09/2/2026,19:05:31.225,-0.09E+00,-0.05E+00,+0.00E+00,+0.00E+00,+15.75E+00,+48.68E+00,-64.78E+00,-5.158E+00
2,09/2/2026,19:05:31.225,-0.09E+00,-0.05E+00,+0.00E+00,+0.00E+00,+15.75E+00,+47.83E+00,-63.91E+00,-5.211E+00
2,09/2/2026,19:05:31.225,-0.09E+00,-0.05E+00,+0.05E+00,-0.05E+00,+15.73E+00,+46.94E+00,-63.02E+00,-5.257E+00
2,09/2/2026,19:05:31.226,-0.09E+00,-0.05E+00,+0.05E+00,-0.05E+00,+15.72E+00,+46.06E+00,-62.12E+00,-5.311E+00
2,09/2/2026,19:05:31.226,-0.09E+00,-0.05E+00,+0.05E+00,+0.00E+00,+15.70E+00,+45.15E+00,-61.21E+00,-5.364E+00
2,09/2/2026,19:05:31.226,-0.09E+00,-0.05E+00,+0.05E+00,-0.05E+00,+15.69E+00,+44.25E+00,-60.28E+00,-5.410E+00
2,09/2/2026,19:05:31.226,-0.09E+00,-0.05E+00,+0.05E+00,+0.00E+00,+15.67E+00,+43.32E+00,-59.33E+00,-5.456E+00
2,09/2/2026,19:05:31.226,-0.09E+00,-0.05E+00,+0.05E+00,+0.00E+00,+15.64E+00,+42.39E+00,-58.37E+00,-5.501E+00
2,09/2/2026,19:05:31.226,-0.09E+00,-0.09E+00,+0.05E+00,-0.05E+00,+15.61E+00,+41.46E+00,-57.38E+00,-5.547E+00
2,09/2/2026,19:05:31.226,-0.09E+00,-0.09E+00,+0.05E+00,-0.05E+00,+15.57E+00,+40.50E+00,-56.39E+00,-5.585E+00
2,09/2/2026,19:05:31.226,-0.09E+00,-0.05E+00,+0.05E+00,+0.00E+00,+15.52E+00,+39.54E+00,-55.38E+00,-5.623E+00
2,09/2/2026,19:05:31.226,-0.09E+00,-0.05E+00,+0.05E+00,+0.00E+00,+15.46E+00,+38.58E+00,-54.36E+00,-5.654E+00
2,09/2/2026,19:05:31.226,-0.09E+00,-0.09E+00,+0.05E+00,+0.00E+00,+15.40E+00,+37.62E+00,-53.32E+00,-5.684E+00
2,09/2/2026,19:05:31.226,-0.09E+00,-0.05E+00,+0.05E+00,+0.00E+00,+15.32E+00,+36.64E+00,-52.28E+00,-5.715E+00
2,09/2/2026,19:05:31.226,-0.09E+00,-0.05E+00,+0.05E+00,+0.00E+00,+15.23E+00,+35.66E+00,-51.21E+00,-5.738E+00
2,09/2/2026,19:05:31.226,-0.09E+00,-0.05E+00,+0.05E+00,+0.00E+00,+15.15E+00,+34.69E+00,-50.14E+00,-5.761E+00
2,09/2/2026,19:05:31.226,-0.09E+00,-0.05E+00,+0.05E+00,+0.00E+00,+15.06E+00,+33.68E+00,-49.05E+00,-5.784E+00
2,09/2/2026,19:05:31.226,-0.09E+00,-0.05E+00,+0.05E+00,+0.00E+00,+14.95E+00,+32.67E+00,-47.95E+00,-5.807E+00
2,09/2/2026,19:05:31.226,-0.09E+00,-0.05E+00,+0.05E+00,+0.00E+00,+14.85E+00,+31.66E+00,-46.82E+00,-5.822E+00
2,09/2/2026,19:05:31.226,-0.09E+00,-0.05E+00,+0.05E+00,+0.00E+00,+14.73E+00,+30.64E+00,-45.69E+00,-5.837E+00
2,09/2/2026,19:05:31.226,-0.14E+00,-0.05E+00,+0.05E+00,+0.00E+00,+14.62E+00,+29.60E+00,-44.54E+00,-5.852E+00
2,09/2/2026,19:05:31.226,-0.09E+00,-0.05E+00,+0.05E+00,+0.00E+00,+14.48E+00,+28.58E+00,-43.38E+00,-5.868E+00
2,09/2/2026,19:05:31.226,-0.09E+00,-0.05E+00,+0.00E+00,+0.00E+00,+14.36E+00,+27.54E+00,-42.21E+00,-5.883E+00
2,09/2/2026,19:05:31.227,-0.09E+00,-0.05E+00,+0.05E+00,+0.00E+00,+14.22E+00,+26.49E+00,-41.02E+00,-5.890E+00
2,09/2/2026,19:05:31.227,-0.09E+00,-0.05E+00,+0.05E+00,-0.05E+00,+14.09E+00,+25.44E+00,-39.84E+00,-5.898E+00
2,09/2/2026,19:05:31.227,-0.09E+00,-0.05E+00,+0.05E+00,+0.00E+00,+13.93E+00,+24.39E+00,-38.64E+00,-5.906E+00
2,09/2/2026,19:05:31.227,-0.09E+00,-0.09E+00,+0.05E+00,+0.00E+00,+13.80E+00,+23.33E+00,-37.43E+00,-5.906E+00
2,09/2/2026,19:05:31.227,-0.09E+00,-0.05E+00,+0.05E+00,+0.00E+00,+13.64E+00,+22.26E+00,-36.20E+00,-5.906E+00
2,09/2/2026,19:05:31.227,-0.09E+00,-0.05E+00,+0.05E+00,+0.00E+00,+13.47E+00,+21.20E+00,-34.98E+00,-5.906E+00
2,09/2/2026,19:05:31.227,-0.09E+00,-0.05E+00,+0.00E+00,+0.00E+00,+13.31E+00,+20.13E+00,-33.74E+00,-5.906E+00
2,09/2/2026,19:05:31.227,-0.09E+00,-0.05E+00,+0.05E+00,+0.00E+00,+13.14E+00,+19.06E+00,-32.49E+00,-5.898E+00
2,09/2/2026,19:05:31.227,-0.09E+00,-0.05E+00,+0.05E+00,+0.00E+00,+12.97E+00,+17.98E+00,-31.25E+00,-5.890E+00
2,09/2/2026,19:05:31.227,-0.09E+00,-0.09E+00,+0.05E+00,+0.00E+00,+12.79E+00,+16.91E+00,-29.99E+00,-5.883E+00
2,09/2/2026,19:05:31.227,-0.09E+00,-0.09E+00,+0.05E+00,+0.00E+00,+12.62E+00,+15.81E+00,-28.72E+00,-5.875E+00
2,09/2/2026,19:05:31.227,-0.09E+00,-0.05E+00,+0.05E+00,+0.00E+00,+12.44E+00,+14.71E+00,-27.44E+00,-5.868E+00
2,09/2/2026,19:05:31.227,-0.09E+00,-0.05E+00,+0.05E+00,+0.00E+00,+12.25E+00,+13.63E+00,-26.16E+00,-5.860E+00
2,09/2/2026,19:05:31.227,-0.09E+00,-0.05E+00,+0.05E+00,+0.00E+00,+12.07E+00,+12.53E+00,-24.87E+00,-5.845E+00
2,09/2/2026,19:05:31.227,-0.09E+00,-0.05E+00,+0.00E+00,+0.00E+00,+11.89E+00,+11.43E+00,-23.59E+00,-5.829E+00
2,09/2/2026,19:05:31.227,-0.14E+00,-0.05E+00,+0.05E+00,+0.00E+00,+11.70E+00,+10.33E+00,-22.30E+00,-5.814E+00
2,09/2/2026,19:05:31.227,-0.14E+00,-0.05E+00,+0.05E+00,+0.00E+00,+11.52E+00,+9.20E+00,-21.00E+00,-5.807E+00
2,09/2/2026,19:05:31.227,-0.09E+00,-0.09E+00,+0.05E+00,+0.00E+00,+11.34E+00,+8.10E+00,-19.70E+00,-5.784E+00
2,09/2/2026,19:05:31.227,-0.09E+00,-0.05E+00,+0.05E+00,-0.05E+00,+11.16E+00,+7.00E+00,-18.40E+00,-5.768E+00
2,09/2/2026,19:05:31.227,-0.09E+00,-0.05E+00,+0.05E+00,-0.05E+00,+10.97E+00,+5.89E+00,-17.11E+00,-5.745E+00
2,09/2/2026,19:05:31.228,-0.09E+00,-0.05E+00,+0.05E+00,+0.00E+00,+10.77E+00,+4.78E+00,-15.81E+00,-5.730E+00
2,09/2/2026,19:05:31.228,-0.09E+00,-0.05E+00,+0.05E+00,+0.00E+00,+10.59E+00,+3.66E+00,-14.51E+00,-5.707E+00
2,09/2/2026,19:05:31.228,-0.09E+00,-0.05E+00,+0.05E+00,+0.00E+00,+10.41E+00,+2.55E+00,-13.20E+00,-5.692E+00
2,09/2/2026,19:05:31.228,-0.09E+00,-0.05E+00,+0.05E+00,+0.00E+00,+10.22E+00,+1.43E+00,-11.90E+00,-5.662E+00
2,09/2/2026,19:05:31.228,-0.09E+00,-0.05E+00,+0.05E+00,+0.00E+00,+10.04E+00,+0.31E+00,-10.59E+00,-5.639E+00
2,09/2/2026,19:05:31.228,-0.09E+00,-0.05E+00,+0.05E+00,+0.00E+00,+9.84E+00,-0.81E+00,-9.29E+00,-5.623E+00
2,09/2/2026,19:05:31.228,-0.09E+00,-0.09E+00,+0.05E+00,+0.00E+00,+9.66E+00,-1.94E+00,-7.98E+00,-5.593E+00
2,09/2/2026,19:05:31.228,-0.09E+00,-0.05E+00,+0.05E+00,+0.00E+00,+9.46E+00,-3.05E+00,-6.67E+00,-5.570E+00
2,09/2/2026,19:05:31.228,-0.09E+00,-0.05E+00,+0.05E+00,+0.00E+00,+9.28E+00,-4.15E+00,-5.37E+00,-5.547E+00
2,09/2/2026,19:05:31.228,-0.09E+00,-0.05E+00,+0.00E+00,+0.00E+00,+9.08E+00,-5.26E+00,-4.06E+00,-5.517E+00
2,09/2/2026,19:05:31.228,-0.09E+00,-0.05E+00,+0.05E+00,+0.00E+00,+8.88E+00,-6.38E+00,-2.76E+00,-5.486E+00
2,09/2/2026,19:05:31.228,-0.09E+00,-0.05E+00,+0.05E+00,+0.00E+00,+8.70E+00,-7.51E+00,-1.45E+00,-5.463E+00
2,09/2/2026,19:05:31.228,-0.09E+00,-0.05E+00,+0.05E+00,+0.00E+00,+8.52E+00,-8.62E+00,-0.15E+00,-5.433E+00
2,09/2/2026,19:05:31.228,-0.09E+00,-0.05E+00,+0.05E+00,+0.00E+00,+8.32E+00,-9.72E+00,+1.16E+00,-5.394E+00
2,09/2/2026,19:05:31.228,-0.09E+00,-0.05E+00,+0.05E+00,+0.00E+00,+8.13E+00,-10.83E+00,+2.46E+00,-5.372E+00
2,09/2/2026,19:05:31.228,-0.09E+00,-0.05E+00,+0.05E+00,+0.00E+00,+7.94E+00,-11.93E+00,+3.75E+00,-5.341E+00
2,09/2/2026,19:05:31.228,-0.09E+00,-0.05E+00,+0.05E+00,+0.00E+00,+7.74E+00,-13.05E+00,+5.05E+00,-5.303E+00
2,09/2/2026,19:05:31.228,-0.09E+00,-0.05E+00,+0.05E+00,+0.00E+00,+7.54E+00,-14.15E+00,+6.36E+00,-5.272E+00
2,09/2/2026,19:05:31.228,-0.09E+00,-0.05E+00,+0.05E+00,+0.00E+00,+7.32E+00,-15.24E+00,+7.68E+00,-5.234E+00
2,09/2/2026,19:05:31.228,-0.09E+00,-0.05E+00,+0.05E+00,+0.00E+00,+7.11E+00,-16.33E+00,+8.97E+00,-5.196E+00
2,09/2/2026,19:05:31.229,-0.09E+00,-0.05E+00,+0.05E+00,+0.00E+00,+6.90E+00,-17.43E+00,+10.29E+00,-5.158E+00
2,09/2/2026,19:05:31.229,-0.09E+00,-0.05E+00,+0.05E+00,+0.00E+00,+6.68E+00,-18.51E+00,+11.60E+00,-5.120E+00
2,09/2/2026,19:05:31.229,-0.09E+00,-0.05E+00,+0.05E+00,+0.00E+00,+6.47E+00,-19.59E+00,+12.89E+00,-5.082E+00
2,09/2/2026,19:05:31.229,-0.09E+00,-0.05E+00,+0.05E+00,+0.00E+00,+6.24E+00,-20.69E+00,+14.19E+00,-5.043E+00
2,09/2/2026,19:05:31.229,-0.09E+00,-0.05E+00,+0.05E+00,+0.00E+00,+6.03E+00,-21.78E+00,+15.49E+00,-5.005E+00
2,09/2/2026,19:05:31.229,-0.09E+00,-0.09E+00,+0.05E+00,+0.00E+00,+5.81E+00,-22.86E+00,+16.80E+00,-4.960E+00
2,09/2/2026,19:05:31.229,-0.09E+00,-0.09E+00,+0.05E+00,+0.00E+00,+5.60E+00,-23.96E+00,+18.10E+00,-4.921E+00
2,09/2/2026,19:05:31.229,-0.09E+00,-0.05E+00,+0.05E+00,+0.00E+00,+5.39E+00,-25.04E+00,+19.40E+00,-4.883E+00
2,09/2/2026,19:05:31.229,-0.09E+00,-0.05E+00,+0.05E+00,+0.00E+00,+5.16E+00,-26.11E+00,+20.71E+00,-4.837E+00
2,09/2/2026,19:05:31.229,-0.09E+00,-0.09E+00,+0.05E+00,+0.00E+00,+4.94E+00,-27.19E+00,+22.02E+00,-4.799E+00
2,09/2/2026,19:05:31.229,-0.14E+00,-0.09E+00,+0.00E+00,+0.00E+00,+4.72E+00,-28.28E+00,+23.32E+00,-4.754E+00
2,09/2/2026,19:05:31.229,-0.14E+00,-0.05E+00,+0.05E+00,+0.00E+00,+4.49E+00,-29.33E+00,+24.60E+00,-4.708E+00
2,09/2/2026,19:05:31.229,-0.09E+00,-0.05E+00,+0.05E+00,+0.00E+00,+4.27E+00,-30.40E+00,+25.88E+00,-4.662E+00
2,09/2/2026,19:05:31.229,-0.09E+00,-0.05E+00,+0.05E+00,+0.00E+00,+4.04E+00,-31.47E+00,+27.16E+00,-4.609E+00
2,09/2/2026,19:05:31.229,-0.09E+00,-0.05E+00,+0.00E+00,+0.00E+00,+3.82E+00,-32.50E+00,+28.41E+00,-4.548E+00
2,09/2/2026,19:05:31.229,-0.09E+00,-0.05E+00,+0.00E+00,+0.00E+00,+3.57E+00,-33.53E+00,+29.67E+00,-4.486E+00
2,09/2/2026,19:05:31.229,-0.09E+00,-0.05E+00,+0.05E+00,+0.00E+00,+3.36E+00,-34.53E+00,+30.92E+00,-4.425E+00
2,09/2/2026,19:05:31.229,-0.09E+00,-0.05E+00,+0.05E+00,+0.00E+00,+3.11E+00,-35.53E+00,+32.14E+00,-4.357E+00
2,09/2/2026,19:05:31.229,-0.09E+00,-0.05E+00,+0.05E+00,+0.00E+00,+2.87E+00,-36.50E+00,+33.36E+00,-4.288E+00
2,09/2/2026,19:05:31.229,-0.09E+00,-0.05E+00,+0.05E+00,+0.00E+00,+2.62E+00,-37.46E+00,+34.58E+00,-4.219E+00
2,09/2/2026,19:05:31.230,-0.09E+00,-0.05E+00,+0.05E+00,+0.00E+00,+2.38E+00,-38.43E+00,+35.77E+00,-4.151E+00
2,09/2/2026,19:05:31.230,-0.14E+00,-0.05E+00,+0.05E+00,+0.00E+00,+2.14E+00,-39.37E+00,+36.96E+00,-4.074E+00
2,09/2/2026,19:05:31.230,-0.14E+00,-0.05E+00,+0.05E+00,+0.00E+00,+1.89E+00,-40.30E+00,+38.15E+00,-4.006E+00
2,09/2/2026,19:05:31.230,-0.14E+00,-0.05E+00,+0.05E+00,+0.00E+00,+1.65E+00,-41.23E+00,+39.31E+00,-3.929E+00
2,09/2/2026,19:05:31.230,-0.09E+00,-0.05E+00,+0.05E+00,+0.00E+00,+1.39E+00,-42.13E+00,+40.47E+00,-3.853E+00
2,09/2/2026,19:05:31.230,-0.09E+00,-0.05E+00,+0.05E+00,+0.00E+00,+1.11E+00,-43.03E+00,+41.63E+00,-3.769E+00
2,09/2/2026,19:05:31.230,-0.09E+00,-0.09E+00,+0.05E+00,+0.00E+00,+0.87E+00,-43.90E+00,+42.76E+00,-3.693E+00
2,09/2/2026,19:05:31.230,-0.09E+00,-0.05E+00,+0.05E+00,+0.00E+00,+0.61E+00,-44.77E+00,+43.87E+00,-3.609E+00
2,09/2/2026,19:05:31.230,-0.09E+00,-0.05E+00,+0.00E+00,+0.00E+00,+0.34E+00,-45.61E+00,+44.99E+00,-3.525E+00
2,09/2/2026,19:05:31.230,-0.09E+00,-0.05E+00,+0.05E+00,+0.00E+00,+0.08E+00,-46.45E+00,+46.09E+00,-3.441E+00
2,09/2/2026,19:05:31.230,-0.09E+00,-0.05E+00,+0.05E+00,+0.00E+00,-0.18E+00,-47.29E+00,+47.17E+00,-3.357E+00
2,09/2/2026,19:05:31.230,-0.09E+00,-0.05E+00,+0.05E+00,+0.00E+00,-0.44E+00,-48.10E+00,+48.24E+00,-3.273E+00
2,09/2/2026,19:05:31.230,-0.09E+00,-0.05E+00,+0.05E+00,+0.00E+00,-0.70E+00,-48.89E+00,+49.31E+00,-3.189E+00
2,09/2/2026,19:05:31.230,-0.09E+00,-0.09E+00,+0.05E+00,+0.00E+00,-0.96E+00,-49.69E+00,+50.34E+00,-3.098E+00
2,09/2/2026,19:05:31.230,-0.09E+00,-0.05E+00,+0.05E+00,+0.00E+00,-1.22E+00,-50.47E+00,+51.38E+00,-3.014E+00
2,09/2/2026,19:05:31.230,-0.09E+00,-0.05E+00,+0.05E+00,+0.00E+00,-1.50E+00,-51.21E+00,+52.40E+00,-2.930E+00
2,09/2/2026,19:05:31.230,-0.09E+00,-0.05E+00,+0.05E+00,+0.00E+00,-1.75E+00,-51.96E+00,+53.43E+00,-2.838E+00
2,09/2/2026,19:05:31.230,-0.09E+00,-0.05E+00,+0.05E+00,+0.00E+00,-2.03E+00,-52.71E+00,+54.42E+00,-2.754E+00
2,09/2/2026,19:05:31.230,-0.09E+00,-0.05E+00,+0.05E+00,+0.00E+00,-2.29E+00,-53.43E+00,+55.39E+00,-2.671E+00
2,09/2/2026,19:05:31.230,-0.09E+00,-0.05E+00,+0.05E+00,+0.00E+00,-2.53E+00,-54.14E+00,+56.37E+00,-2.579E+00
2,09/2/2026,19:05:31.231,-0.09E+00,-0.05E+00,+0.05E+00,+0.00E+00,-2.79E+00,-54.85E+00,+57.32E+00,-2.495E+00
2,09/2/2026,19:05:31.231,-0.09E+00,-0.05E+00,+0.05E+00,-0.05E+00,-3.05E+00,-55.53E+00,+58.26E+00,-2.411E+00
2,09/2/2026,19:05:31.231,-0.09E+00,-0.05E+00,+0.05E+00,+0.00E+00,-3.30E+00,-56.22E+00,+59.18E+00,-2.320E+00
2,09/2/2026,19:05:31.231,-0.09E+00,-0.05E+00,+0.05E+00,+0.00E+00,-3.54E+00,-56.87E+00,+60.09E+00,-2.236E+00
2,09/2/2026,19:05:31.231,-0.09E+00,-0.05E+00,+0.05E+00,+0.00E+00,-3.78E+00,-57.55E+00,+60.99E+00,-2.152E+00
2,09/2/2026,19:05:31.231,-0.09E+00,-0.05E+00,+0.00E+00,+0.00E+00,-4.03E+00,-58.19E+00,+61.88E+00,-2.068E+00
2,09/2/2026,19:05:31.231,-0.09E+00,-0.05E+00,+0.05E+00,+0.00E+00,-4.26E+00,-58.81E+00,+62.75E+00,-1.984E+00
2,09/2/2026,19:05:31.231,-0.09E+00,-0.05E+00,+0.05E+00,+0.00E+00,-4.50E+00,-59.44E+00,+63.60E+00,-1.900E+00
2,09/2/2026,19:05:31.231,-0.09E+00,-0.05E+00,+0.05E+00,+0.00E+00,-4.75E+00,-60.05E+00,+64.44E+00,-1.816E+00
2,09/2/2026,19:05:31.231,-0.09E+00,-0.05E+00,+0.05E+00,+0.00E+00,-4.97E+00,-60.63E+00,+65.28E+00,-1.732E+00
2,09/2/2026,19:05:31.231,-0.09E+00,-0.05E+00,+0.05E+00,+0.00E+00,-5.20E+00,-61.21E+00,+66.11E+00,-1.640E+00
2,09/2/2026,19:05:31.231,-0.09E+00,-0.05E+00,+0.05E+00,+0.00E+00,-5.43E+00,-61.79E+00,+66.90E+00,-1.564E+00
2,09/2/2026,19:05:31.231,-0.09E+00,-0.05E+00,+0.05E+00,+0.00E+00,-5.66E+00,-62.34E+00,+67.68E+00,-1.480E+00
2,09/2/2026,19:05:31.231,-0.09E+00,-0.09E+00,+0.05E+00,+0.00E+00,-5.89E+00,-62.87E+00,+68.46E+00,-1.396E+00
2,09/2/2026,19:05:31.231,-0.09E+00,-0.05E+00,+0.00E+00,+0.00E+00,-6.12E+00,-63.41E+00,+69.20E+00,-1.312E+00
2,09/2/2026,19:05:31.231,-0.09E+00,-0.09E+00,+0.05E+00,-0.05E+00,-6.35E+00,-63.92E+00,+69.95E+00,-1.228E+00
2,09/2/2026,19:05:31.231,-0.09E+00,-0.05E+00,+0.05E+00,+0.00E+00,-6.58E+00,-64.43E+00,+70.69E+00,-1.145E+00
2,09/2/2026,19:05:31.231,-0.14E+00,-0.05E+00,+0.00E+00,+0.00E+00,-6.81E+00,-64.92E+00,+71.39E+00,-1.061E+00
2,09/2/2026,19:05:31.231,-0.09E+00,-0.05E+00,+0.00E+00,+0.00E+00,-7.02E+00,-65.39E+00,+72.09E+00,-0.969E+00
2,09/2/2026,19:05:31.231,-0.09E+00,-0.05E+00,+0.05E+00,+0.00E+00,-7.25E+00,-65.86E+00,+72.78E+00,-0.885E+00
2,09/2/2026,19:05:31.232,-0.09E+00,-0.05E+00,+0.05E+00,+0.00E+00,-7.48E+00,-66.31E+00,+73.43E+00,-0.801E+00
2,09/2/2026,19:05:31.232,-0.09E+00,-0.05E+00,+0.05E+00,+0.00E+00,-7.69E+00,-66.72E+00,+74.09E+00,-0.710E+00
2,09/2/2026,19:05:31.232,-0.09E+00,-0.05E+00,+0.05E+00,+0.00E+00,-7.92E+00,-67.13E+00,+74.73E+00,-0.618E+00
2,09/2/2026,19:05:31.232,-0.09E+00,-0.05E+00,+0.05E+00,+0.00E+00,-8.15E+00,-67.53E+00,+75.35E+00,-0.534E+00
2,09/2/2026,19:05:31.232,-0.09E+00,-0.05E+00,+0.05E+00,+0.00E+00,-8.36E+00,-67.91E+00,+75.95E+00,-0.443E+00
2,09/2/2026,19:05:31.232,-0.14E+00,-0.09E+00,+0.05E+00,+0.00E+00,-8.59E+00,-68.29E+00,+76.55E+00,-0.351E+00
2,09/2/2026,19:05:31.232,-0.14E+00,-0.05E+00,+0.05E+00,-0.05E+00,-8.82E+00,-68.64E+00,+77.11E+00,-0.267E+00
2,09/2/2026,19:05:31.232,-0.09E+00,-0.05E+00,+0.05E+00,+0.00E+00,-9.05E+00,-68.96E+00,+77.67E+00,-0.175E+00
2,09/2/2026,19:05:31.232,-0.09E+00,-0.05E+00,+0.05E+00,+0.00E+00,-9.28E+00,-69.30E+00,+78.22E+00,-0.084E+00
2,09/2/2026,19:05:31.232,-0.09E+00,-0.05E+00,+0.00E+00,+0.00E+00,-9.49E+00,-69.60E+00,+78.74E+00,+0.000E+00
2,09/2/2026,19:05:31.232,-0.09E+00,-0.05E+00,+0.00E+00,+0.00E+00,-9.72E+00,-69.89E+00,+79.26E+00,+0.092E+00
2,09/2/2026,19:05:31.232,-0.09E+00,-0.05E+00,+0.05E+00,+0.00E+00,-9.95E+00,-70.17E+00,+79.76E+00,+0.183E+00
2,09/2/2026,19:05:31.232,-0.09E+00,-0.05E+00,+0.05E+00,-0.05E+00,-10.16E+00,-70.43E+00,+80.24E+00,+0.275E+00
2,09/2/2026,19:05:31.232,-0.09E+00,-0.05E+00,+0.05E+00,+0.00E+00,-10.39E+00,-70.67E+00,+80.71E+00,+0.366E+00
2,09/2/2026,19:05:31.232,-0.09E+00,-0.05E+00,+0.05E+00,+0.00E+00,-10.62E+00,-70.91E+00,+81.17E+00,+0.458E+00
2,09/2/2026,19:05:31.232,-0.09E+00,-0.05E+00,+0.00E+00,+0.00E+00,-10.83E+00,-71.13E+00,+81.61E+00,+0.549E+00
2,09/2/2026,19:05:31.232,-0.09E+00,-0.05E+00,+0.05E+00,+0.00E+00,-11.05E+00,-71.33E+00,+82.02E+00,+0.641E+00
2,09/2/2026,19:05:31.232,-0.09E+00,-0.09E+00,+0.05E+00,+0.00E+00,-11.26E+00,-71.52E+00,+82.44E+00,+0.732E+00
2,09/2/2026,19:05:31.232,-0.09E+00,-0.09E+00,+0.00E+00,+0.00E+00,-11.48E+00,-71.69E+00,+82.82E+00,+0.824E+00
2,09/2/2026,19:05:31.232,-0.09E+00,-0.05E+00,+0.00E+00,+0.00E+00,-11.67E+00,-71.86E+00,+83.18E+00,+0.916E+00
2,09/2/2026,19:05:31.233,-0.09E+00,-0.05E+00,+0.00E+00,+0.00E+00,-11.89E+00,-72.00E+00,+83.52E+00,+1.000E+00
2,09/2/2026,19:05:31.233,-0.09E+00,-0.05E+00,+0.00E+00,+0.00E+00,-12.07E+00,-72.12E+00,+83.84E+00,+1.091E+00
2,09/2/2026,19:05:31.233,-0.09E+00,-0.05E+00,+0.05E+00,+0.00E+00,-12.27E+00,-72.24E+00,+84.14E+00,+1.183E+00
2,09/2/2026,19:05:31.233,-0.14E+00,-0.09E+00,+0.05E+00,+0.00E+00,-12.44E+00,-72.33E+00,+84.40E+00,+1.274E+00
2,09/2/2026,19:05:31.233,-0.09E+00,-0.09E+00,+0.05E+00,+0.00E+00,-12.60E+00,-72.39E+00,+84.65E+00,+1.366E+00
2,09/2/2026,19:05:31.233,-0.09E+00,-0.09E+00,+0.05E+00,+0.00E+00,-12.77E+00,-72.44E+00,+84.85E+00,+1.457E+00
2,09/2/2026,19:05:31.233,-0.09E+00,-0.09E+00,+0.05E+00,+0.00E+00,-12.91E+00,-72.47E+00,+85.03E+00,+1.549E+00
2,09/2/2026,19:05:31.233,-0.14E+00,-0.05E+00,+0.05E+00,+0.00E+00,-13.06E+00,-72.49E+00,+85.18E+00,+1.640E+00
2,09/2/2026,19:05:31.233,-0.14E+00,-0.05E+00,+0.05E+00,+0.00E+00,-13.20E+00,-72.49E+00,+85.30E+00,+1.732E+00
2,09/2/2026,19:05:31.233,-0.09E+00,-0.05E+00,+0.05E+00,+0.00E+00,-13.32E+00,-72.46E+00,+85.41E+00,+1.824E+00
2,09/2/2026,19:05:31.233,-0.09E+00,-0.05E+00,+0.05E+00,+0.00E+00,-13.46E+00,-72.41E+00,+85.50E+00,+1.908E+00
2,09/2/2026,19:05:31.233,-0.09E+00,-0.05E+00,+0.05E+00,+0.00E+00,-13.58E+00,-72.35E+00,+85.56E+00,+1.991E+00
2,09/2/2026,19:05:31.233,-0.09E+00,-0.05E+00,+0.00E+00,+0.00E+00,-13.70E+00,-72.26E+00,+85.61E+00,+2.075E+00
2,09/2/2026,19:05:31.233,-0.14E+00,-0.05E+00,+0.05E+00,-0.05E+00,-13.83E+00,-72.17E+00,+85.62E+00,+2.159E+00
2,09/2/2026,19:05:31.233,-0.09E+00,-0.05E+00,+0.05E+00,+0.00E+00,-13.95E+00,-72.04E+00,+85.62E+00,+2.243E+00
2,09/2/2026,19:05:31.233,-0.09E+00,-0.05E+00,+0.05E+00,+0.00E+00,-14.07E+00,-71.91E+00,+85.61E+00,+2.335E+00
2,09/2/2026,19:05:31.233,-0.09E+00,-0.05E+00,+0.05E+00,+0.00E+00,-14.18E+00,-71.75E+00,+85.56E+00,+2.411E+00
2,09/2/2026,19:05:31.233,-0.09E+00,-0.05E+00,+0.05E+00,+0.00E+00,-14.27E+00,-71.59E+00,+85.50E+00,+2.495E+00
2,09/2/2026,19:05:31.233,-0.09E+00,-0.05E+00,+0.05E+00,-0.05E+00,-14.38E+00,-71.39E+00,+85.40E+00,+2.579E+00
2,09/2/2026,19:05:31.233,-0.09E+00,-0.05E+00,+0.05E+00,-0.05E+00,-14.47E+00,-71.17E+00,+85.27E+00,+2.663E+00
2,09/2/2026,19:05:31.234,-0.09E+00,-0.05E+00,+0.05E+00,+0.00E+00,-14.56E+00,-70.94E+00,+85.12E+00,+2.747E+00
2,09/2/2026,19:05:31.234,-0.09E+00,-0.05E+00,+0.05E+00,+0.00E+00,-14.63E+00,-70.67E+00,+84.94E+00,+2.831E+00
2,09/2/2026,19:05:31.234,-0.09E+00,-0.05E+00,+0.05E+00,+0.00E+00,-14.71E+00,-70.40E+00,+84.74E+00,+2.907E+00
2,09/2/2026,19:05:31.234,-0.09E+00,-0.05E+00,+0.05E+00,+0.00E+00,-14.79E+00,-70.09E+00,+84.51E+00,+2.991E+00
2,09/2/2026,19:05:31.234,-0.09E+00,-0.09E+00,+0.05E+00,+0.00E+00,-14.86E+00,-69.77E+00,+84.27E+00,+3.075E+00
2,09/2/2026,19:05:31.234,-0.09E+00,-0.05E+00,+0.05E+00,+0.00E+00,-14.94E+00,-69.43E+00,+84.01E+00,+3.159E+00
2,09/2/2026,19:05:31.234,-0.09E+00,-0.05E+00,+0.05E+00,+0.00E+00,-15.02E+00,-69.07E+00,+83.72E+00,+3.235E+00
2,09/2/2026,19:05:31.234,-0.09E+00,-0.05E+00,+0.05E+00,+0.00E+00,-15.09E+00,-68.69E+00,+83.41E+00,+3.319E+00
2,09/2/2026,19:05:31.234,-0.09E+00,-0.05E+00,+0.00E+00,+0.00E+00,-15.15E+00,-68.29E+00,+83.08E+00,+3.395E+00
2,09/2/2026,19:05:31.234,-0.09E+00,-0.05E+00,+0.05E+00,+0.00E+00,-15.23E+00,-67.88E+00,+82.74E+00,+3.472E+00
2,09/2/2026,19:05:31.234,-0.09E+00,-0.05E+00,+0.05E+00,+0.00E+00,-15.29E+00,-67.45E+00,+82.37E+00,+3.548E+00
2,09/2/2026,19:05:31.234,-0.09E+00,-0.05E+00,+0.05E+00,+0.00E+00,-15.35E+00,-67.01E+00,+81.99E+00,+3.617E+00
2,09/2/2026,19:05:31.234,-0.09E+00,-0.05E+00,+0.05E+00,+0.00E+00,-15.41E+00,-66.53E+00,+81.60E+00,+3.685E+00
2,09/2/2026,19:05:31.234,-0.09E+00,-0.05E+00,+0.05E+00,+0.00E+00,-15.47E+00,-66.06E+00,+81.17E+00,+3.762E+00
2,09/2/2026,19:05:31.234,-0.09E+00,-0.05E+00,+0.05E+00,+0.00E+00,-15.52E+00,-65.57E+00,+80.73E+00,+3.830E+00
2,09/2/2026,19:05:31.234,-0.09E+00,-0.09E+00,+0.05E+00,+0.00E+00,-15.58E+00,-65.05E+00,+80.27E+00,+3.899E+00
2,09/2/2026,19:05:31.234,-0.09E+00,-0.05E+00,+0.05E+00,+0.00E+00,-15.64E+00,-64.52E+00,+79.80E+00,+3.968E+00
2,09/2/2026,19:05:31.234,-0.14E+00,-0.05E+00,+0.05E+00,+0.00E+00,-15.69E+00,-63.99E+00,+79.29E+00,+4.036E+00
2,09/2/2026,19:05:31.234,-0.14E+00,-0.05E+00,+0.05E+00,+0.00E+00,-15.72E+00,-63.42E+00,+78.79E+00,+4.105E+00
2,09/2/2026,19:05:31.234,-0.09E+00,-0.09E+00,+0.05E+00,+0.00E+00,-15.76E+00,-62.84E+00,+78.24E+00,+4.174E+00
2,09/2/2026,19:05:31.235,-0.09E+00,-0.09E+00,+0.00E+00,+0.00E+00,-15.81E+00,-62.25E+00,+77.69E+00,+4.235E+00
2,09/2/2026,19:05:31.235,-0.09E+00,-0.09E+00,+0.00E+00,+0.00E+00,-15.84E+00,-61.64E+00,+77.12E+00,+4.296E+00
2,09/2/2026,19:05:31.235,-0.09E+00,-0.09E+00,+0.05E+00,+0.00E+00,-15.86E+00,-61.01E+00,+76.53E+00,+4.364E+00
2,09/2/2026,19:05:31.235,-0.09E+00,-0.05E+00,+0.05E+00,+0.00E+00,-15.90E+00,-60.38E+00,+75.92E+00,+4.418E+00
2,09/2/2026,19:05:31.235,-0.09E+00,-0.05E+00,+0.05E+00,+0.00E+00,-15.92E+00,-59.73E+00,+75.31E+00,+4.479E+00
2,09/2/2026,19:05:31.235,-0.09E+00,-0.05E+00,+0.05E+00,+0.00E+00,-15.95E+00,-59.07E+00,+74.67E+00,+4.540E+00
2,09/2/2026,19:05:31.235,-0.09E+00,-0.05E+00,+0.05E+00,+0.00E+00,-15.96E+00,-58.40E+00,+74.01E+00,+4.593E+00
2,09/2/2026,19:05:31.235,-0.09E+00,-0.05E+00,+0.05E+00,+0.00E+00,-15.98E+00,-57.70E+00,+73.34E+00,+4.654E+00
2,09/2/2026,19:05:31.235,-0.09E+00,-0.09E+00,+0.05E+00,+0.00E+00,-16.01E+00,-57.00E+00,+72.64E+00,+4.715E+00
2,09/2/2026,19:05:31.235,-0.09E+00,-0.05E+00,+0.05E+00,-0.05E+00,-16.01E+00,-56.26E+00,+71.94E+00,+4.776E+00
2,09/2/2026,19:05:31.235,-0.09E+00,-0.05E+00,+0.05E+00,+0.00E+00,-16.02E+00,-55.53E+00,+71.19E+00,+4.830E+00
2,09/2/2026,19:05:31.235,-0.09E+00,-0.05E+00,+0.05E+00,+0.00E+00,-16.02E+00,-54.77E+00,+70.44E+00,+4.891E+00
2,09/2/2026,19:05:31.235,-0.09E+00,-0.05E+00,+0.05E+00,+0.00E+00,-16.04E+00,-53.99E+00,+69.68E+00,+4.944E+00
2,09/2/2026,19:05:31.235,-0.09E+00,-0.05E+00,+0.05E+00,+0.00E+00,-16.04E+00,-53.21E+00,+68.90E+00,+4.998E+00
2,09/2/2026,19:05:31.235,-0.09E+00,-0.05E+00,+0.05E+00,+0.00E+00,-16.04E+00,-52.40E+00,+68.09E+00,+5.051E+00
2,09/2/2026,19:05:31.235,-0.14E+00,-0.05E+00,+0.05E+00,-0.05E+00,-16.04E+00,-51.59E+00,+67.28E+00,+5.105E+00
2,09/2/2026,19:05:31.235,-0.09E+00,-0.05E+00,+0.05E+00,+0.00E+00,-16.04E+00,-50.77E+00,+66.46E+00,+5.166E+00
2,09/2/2026,19:05:31.235,-0.09E+00,-0.05E+00,+0.00E+00,+0.00E+00,-16.04E+00,-49.92E+00,+65.60E+00,+5.211E+00
2,09/2/2026,19:05:31.235,-0.09E+00,-0.09E+00,+0.05E+00,+0.00E+00,-16.02E+00,-49.06E+00,+64.72E+00,+5.265E+00
2,09/2/2026,19:05:31.235,-0.09E+00,-0.09E+00,+0.05E+00,+0.00E+00,-16.01E+00,-48.21E+00,+63.83E+00,+5.318E+00
2,09/2/2026,19:05:31.236,-0.09E+00,-0.05E+00,+0.05E+00,+0.00E+00,-16.01E+00,-47.31E+00,+62.95E+00,+5.372E+00
2,09/2/2026,19:05:31.236,-0.09E+00,-0.05E+00,+0.05E+00,+0.00E+00,-15.98E+00,-46.41E+00,+62.03E+00,+5.417E+00
2,09/2/2026,19:05:31.236,-0.09E+00,-0.09E+00,+0.05E+00,+0.00E+00,-15.98E+00,-45.51E+00,+61.10E+00,+5.471E+00
2,09/2/2026,19:05:31.236,-0.09E+00,-0.09E+00,+0.05E+00,+0.00E+00,-15.95E+00,-44.59E+00,+60.16E+00,+5.517E+00
2,09/2/2026,19:05:31.236,-0.09E+00,-0.09E+00,+0.05E+00,+0.00E+00,-15.92E+00,-43.64E+00,+59.19E+00,+5.555E+00
2,09/2/2026,19:05:31.236,-0.09E+00,-0.09E+00,+0.05E+00,+0.00E+00,-15.89E+00,-42.71E+00,+58.23E+00,+5.600E+00
2,09/2/2026,19:05:31.236,-0.09E+00,-0.05E+00,+0.05E+00,+0.00E+00,-15.84E+00,-41.77E+00,+57.24E+00,+5.646E+00
2,09/2/2026,19:05:31.236,-0.09E+00,-0.05E+00,+0.00E+00,-0.05E+00,-15.79E+00,-40.81E+00,+56.23E+00,+5.677E+00
2,09/2/2026,19:05:31.236,-0.09E+00,-0.05E+00,+0.05E+00,-0.05E+00,-15.73E+00,-39.84E+00,+55.21E+00,+5.715E+00
2,09/2/2026,19:05:31.236,-0.09E+00,-0.05E+00,+0.05E+00,+0.00E+00,-15.67E+00,-38.88E+00,+54.17E+00,+5.738E+00
2,09/2/2026,19:05:31.236,-0.09E+00,-0.05E+00,+0.05E+00,+0.00E+00,-15.60E+00,-37.91E+00,+53.12E+00,+5.768E+00
2,09/2/2026,19:05:31.236,-0.14E+00,-0.05E+00,+0.05E+00,-0.05E+00,-15.50E+00,-36.93E+00,+52.07E+00,+5.791E+00
2,09/2/2026,19:05:31.236,-0.09E+00,-0.05E+00,+0.05E+00,-0.05E+00,-15.41E+00,-35.94E+00,+51.00E+00,+5.814E+00
2,09/2/2026,19:05:31.236,-0.09E+00,-0.05E+00,+0.05E+00,+0.00E+00,-15.32E+00,-34.95E+00,+49.90E+00,+5.837E+00
2,09/2/2026,19:05:31.236,-0.09E+00,-0.05E+00,+0.05E+00,+0.00E+00,-15.23E+00,-33.94E+00,+48.80E+00,+5.860E+00
2,09/2/2026,19:05:31.236,-0.09E+00,-0.05E+00,+0.05E+00,+0.00E+00,-15.12E+00,-32.93E+00,+47.69E+00,+5.875E+00
2,09/2/2026,19:05:31.236,-0.09E+00,-0.05E+00,+0.05E+00,+0.00E+00,-15.00E+00,-31.92E+00,+46.56E+00,+5.890E+00
2,09/2/2026,19:05:31.236,-0.09E+00,-0.05E+00,+0.05E+00,+0.00E+00,-14.88E+00,-30.90E+00,+45.43E+00,+5.906E+00
2,09/2/2026,19:05:31.236,-0.09E+00,-0.05E+00,+0.05E+00,-0.05E+00,-14.76E+00,-29.85E+00,+44.27E+00,+5.921E+00
2,09/2/2026,19:05:31.236,-0.09E+00,-0.05E+00,+0.05E+00,-0.05E+00,-14.62E+00,-28.83E+00,+43.09E+00,+5.929E+00
2,09/2/2026,19:05:31.237,-0.09E+00,-0.05E+00,+0.05E+00,+0.00E+00,-14.48E+00,-27.79E+00,+41.92E+00,+5.936E+00
2,09/2/2026,19:05:31.237,-0.09E+00,-0.05E+00,+0.05E+00,+0.00E+00,-14.34E+00,-26.74E+00,+40.74E+00,+5.944E+00
2,09/2/2026,19:05:31.237,-0.09E+00,-0.05E+00,+0.05E+00,+0.00E+00,-14.19E+00,-25.67E+00,+39.54E+00,+5.944E+00
2,09/2/2026,19:05:31.237,-0.14E+00,-0.05E+00,+0.00E+00,+0.00E+00,-14.05E+00,-24.61E+00,+38.33E+00,+5.951E+00
2,09/2/2026,19:05:31.237,-0.14E+00,-0.09E+00,+0.05E+00,+0.00E+00,-13.90E+00,-23.56E+00,+37.11E+00,+5.951E+00
2,09/2/2026,19:05:31.237,-0.09E+00,-0.05E+00,+0.05E+00,+0.00E+00,-13.73E+00,-22.49E+00,+35.89E+00,+5.951E+00
2,09/2/2026,19:05:31.237,-0.09E+00,-0.09E+00,+0.05E+00,+0.00E+00,-13.57E+00,-21.43E+00,+34.66E+00,+5.951E+00
2,09/2/2026,19:05:31.237,-0.09E+00,-0.09E+00,+0.05E+00,+0.00E+00,-13.40E+00,-20.36E+00,+33.42E+00,+5.944E+00
2,09/2/2026,19:05:31.237,-0.09E+00,-0.05E+00,+0.00E+00,+0.00E+00,-13.23E+00,-19.27E+00,+32.17E+00,+5.936E+00
2,09/2/2026,19:05:31.237,-0.09E+00,-0.05E+00,+0.00E+00,+0.00E+00,-13.05E+00,-18.19E+00,+30.90E+00,+5.929E+00
2,09/2/2026,19:05:31.237,-0.09E+00,-0.05E+00,+0.00E+00,+0.00E+00,-12.86E+00,-17.11E+00,+29.64E+00,+5.921E+00
2,09/2/2026,19:05:31.237,-0.09E+00,-0.05E+00,+0.05E+00,+0.00E+00,-12.70E+00,-16.02E+00,+28.37E+00,+5.913E+00
2,09/2/2026,19:05:31.237,-0.09E+00,-0.05E+00,+0.05E+00,+0.00E+00,-12.51E+00,-14.92E+00,+27.09E+00,+5.906E+00
2,09/2/2026,19:05:31.237,-0.09E+00,-0.05E+00,+0.05E+00,+0.00E+00,-12.33E+00,-13.83E+00,+25.82E+00,+5.898E+00
2,09/2/2026,19:05:31.237,-0.09E+00,-0.05E+00,+0.05E+00,+0.00E+00,-12.15E+00,-12.73E+00,+24.52E+00,+5.883E+00
2,09/2/2026,19:05:31.237,-0.09E+00,-0.05E+00,+0.00E+00,+0.00E+00,-11.96E+00,-11.61E+00,+23.24E+00,+5.868E+00
2,09/2/2026,19:05:31.237,-0.09E+00,-0.05E+00,+0.05E+00,+0.00E+00,-11.78E+00,-10.51E+00,+21.94E+00,+5.852E+00
2,09/2/2026,19:05:31.237,-0.09E+00,-0.05E+00,+0.05E+00,-0.05E+00,-11.60E+00,-9.40E+00,+20.63E+00,+5.829E+00
2,09/2/2026,19:05:31.237,-0.09E+00,-0.05E+00,+0.05E+00,-0.05E+00,-11.41E+00,-8.30E+00,+19.33E+00,+5.814E+00
2,09/2/2026,19:05:31.237,-0.09E+00,-0.05E+00,+0.05E+00,+0.00E+00,-11.22E+00,-7.19E+00,+18.05E+00,+5.791E+00
2,09/2/2026,19:05:31.238,-0.09E+00,-0.05E+00,+0.00E+00,+0.00E+00,-11.03E+00,-6.07E+00,+16.76E+00,+5.776E+00
2,09/2/2026,19:05:31.238,-0.09E+00,-0.05E+00,+0.00E+00,+0.00E+00,-10.85E+00,-4.96E+00,+15.46E+00,+5.753E+00
2,09/2/2026,19:05:31.238,-0.14E+00,-0.05E+00,+0.05E+00,+0.00E+00,-10.65E+00,-3.85E+00,+14.15E+00,+5.730E+00
2,09/2/2026,19:05:31.238,-0.09E+00,-0.05E+00,+0.05E+00,+0.00E+00,-10.47E+00,-2.72E+00,+12.85E+00,+5.715E+00
2,09/2/2026,19:05:31.238,-0.09E+00,-0.05E+00,+0.05E+00,+0.00E+00,-10.29E+00,-1.60E+00,+11.55E+00,+5.692E+00
2,09/2/2026,19:05:31.238,-0.09E+00,-0.09E+00,+0.05E+00,-0.05E+00,-10.10E+00,-0.49E+00,+10.24E+00,+5.669E+00
2,09/2/2026,19:05:31.238,-0.09E+00,-0.05E+00,+0.05E+00,+0.00E+00,-9.90E+00,+0.63E+00,+8.94E+00,+5.646E+00
2,09/2/2026,19:05:31.238,-0.09E+00,-0.05E+00,+0.05E+00,+0.00E+00,-9.72E+00,+1.74E+00,+7.63E+00,+5.616E+00
2,09/2/2026,19:05:31.238,-0.14E+00,-0.05E+00,+0.05E+00,+0.00E+00,-9.52E+00,+2.87E+00,+6.32E+00,+5.593E+00
2,09/2/2026,19:05:31.238,-0.09E+00,-0.05E+00,+0.05E+00,+0.00E+00,-9.34E+00,+3.98E+00,+5.01E+00,+5.570E+00
2,09/2/2026,19:05:31.238,-0.09E+00,-0.05E+00,+0.05E+00,+0.00E+00,-9.14E+00,+5.10E+00,+3.71E+00,+5.532E+00
2,09/2/2026,19:05:31.238,-0.09E+00,-0.05E+00,+0.05E+00,+0.00E+00,-8.94E+00,+6.21E+00,+2.40E+00,+5.509E+00
2,09/2/2026,19:05:31.238,-0.09E+00,-0.05E+00,+0.05E+00,+0.00E+00,-8.76E+00,+7.32E+00,+1.08E+00,+5.478E+00
2,09/2/2026,19:05:31.238,-0.09E+00,-0.05E+00,+0.05E+00,-0.05E+00,-8.56E+00,+8.42E+00,-0.21E+00,+5.448E+00
2,09/2/2026,19:05:31.238,-0.09E+00,-0.05E+00,+0.05E+00,+0.00E+00,-8.36E+00,+9.54E+00,-1.53E+00,+5.417E+00
2,09/2/2026,19:05:31.238,-0.09E+00,-0.05E+00,+0.05E+00,+0.00E+00,-8.18E+00,+10.65E+00,-2.81E+00,+5.387E+00
2,09/2/2026,19:05:31.238,-0.09E+00,-0.05E+00,+0.05E+00,-0.05E+00,-7.98E+00,+11.75E+00,-4.10E+00,+5.349E+00
2,09/2/2026,19:05:31.238,-0.09E+00,-0.05E+00,+0.05E+00,+0.00E+00,-7.78E+00,+12.85E+00,-5.43E+00,+5.311E+00
2,09/2/2026,19:05:31.238,-0.09E+00,-0.05E+00,+0.05E+00,+0.00E+00,-7.57E+00,+13.95E+00,-6.75E+00,+5.272E+00
2,09/2/2026,19:05:31.238,-0.09E+00,-0.05E+00,+0.05E+00,+0.00E+00,-7.36E+00,+15.03E+00,-8.04E+00,+5.242E+00
2,09/2/2026,19:05:31.239,-0.09E+00,-0.05E+00,+0.05E+00,+0.00E+00,-7.14E+00,+16.13E+00,-9.34E+00,+5.204E+00
2,09/2/2026,19:05:31.239,-0.09E+00,-0.05E+00,+0.05E+00,+0.00E+00,-6.93E+00,+17.21E+00,-10.65E+00,+5.166E+00
2,09/2/2026,19:05:31.239,-0.09E+00,-0.05E+00,+0.00E+00,+0.00E+00,-6.70E+00,+18.31E+00,-11.96E+00,+5.127E+00
2,09/2/2026,19:05:31.239,-0.09E+00,-0.05E+00,+0.05E+00,+0.00E+00,-6.49E+00,+19.41E+00,-13.28E+00,+5.089E+00
2,09/2/2026,19:05:31.239,-0.09E+00,-0.05E+00,+0.05E+00,+0.00E+00,-6.27E+00,+20.49E+00,-14.57E+00,+5.051E+00
2,09/2/2026,19:05:31.239,-0.14E+00,-0.05E+00,+0.00E+00,+0.00E+00,-6.06E+00,+21.59E+00,-15.89E+00,+5.005E+00
2,09/2/2026,19:05:31.239,-0.09E+00,-0.05E+00,+0.00E+00,+0.00E+00,-5.84E+00,+22.66E+00,-17.18E+00,+4.967E+00
2,09/2/2026,19:05:31.239,-0.09E+00,-0.05E+00,+0.05E+00,+0.00E+00,-5.62E+00,+23.74E+00,-18.50E+00,+4.921E+00
2,09/2/2026,19:05:31.239,-0.09E+00,-0.05E+00,+0.05E+00,+0.00E+00,-5.39E+00,+24.84E+00,-19.79E+00,+4.883E+00
2,09/2/2026,19:05:31.239,-0.09E+00,-0.05E+00,+0.05E+00,+0.00E+00,-5.17E+00,+25.93E+00,-21.10E+00,+4.837E+00
2,09/2/2026,19:05:31.239,-0.09E+00,-0.05E+00,+0.05E+00,+0.00E+00,-4.96E+00,+27.00E+00,-22.40E+00,+4.799E+00
2,09/2/2026,19:05:31.239,-0.09E+00,-0.05E+00,+0.05E+00,+0.00E+00,-4.73E+00,+28.06E+00,-23.70E+00,+4.754E+00
2,09/2/2026,19:05:31.239,-0.09E+00,-0.05E+00,+0.05E+00,+0.00E+00,-4.52E+00,+29.13E+00,-25.00E+00,+4.700E+00
2,09/2/2026,19:05:31.239,-0.09E+00,-0.09E+00,+0.05E+00,+0.00E+00,-4.29E+00,+30.18E+00,-26.26E+00,+4.654E+00
2,09/2/2026,19:05:31.239,-0.09E+00,-0.05E+00,+0.05E+00,+0.00E+00,-4.06E+00,+31.22E+00,-27.53E+00,+4.593E+00
2,09/2/2026,19:05:31.239,-0.09E+00,-0.05E+00,+0.05E+00,+0.00E+00,-3.83E+00,+32.24E+00,-28.78E+00,+4.532E+00
2,09/2/2026,19:05:31.239,-0.09E+00,-0.05E+00,+0.05E+00,+0.00E+00,-3.60E+00,+33.25E+00,-30.02E+00,+4.464E+00
2,09/2/2026,19:05:31.239,-0.09E+00,-0.09E+00,+0.05E+00,+0.00E+00,-3.36E+00,+34.24E+00,-31.25E+00,+4.395E+00
2,09/2/2026,19:05:31.239,-0.09E+00,-0.05E+00,+0.05E+00,+0.00E+00,-3.11E+00,+35.22E+00,-32.46E+00,+4.326E+00
2,09/2/2026,19:05:31.239,-0.09E+00,-0.05E+00,+0.00E+00,-0.05E+00,-2.88E+00,+36.18E+00,-33.68E+00,+4.258E+00
2,09/2/2026,19:05:31.240,-0.09E+00,-0.05E+00,+0.00E+00,+0.00E+00,-2.64E+00,+37.14E+00,-34.88E+00,+4.189E+00
2,09/2/2026,19:05:31.240,-0.09E+00,-0.05E+00,+0.05E+00,+0.00E+00,-2.38E+00,+38.10E+00,-36.08E+00,+4.120E+00
2,09/2/2026,19:05:31.240,-0.09E+00,-0.05E+00,+0.05E+00,+0.00E+00,-2.14E+00,+39.04E+00,-37.27E+00,+4.044E+00
2,09/2/2026,19:05:31.240,-0.09E+00,-0.05E+00,+0.05E+00,+0.00E+00,-1.88E+00,+39.97E+00,-38.44E+00,+3.968E+00
2,09/2/2026,19:05:31.240,-0.09E+00,-0.05E+00,+0.00E+00,+0.00E+00,-1.62E+00,+40.87E+00,-39.60E+00,+3.891E+00
2,09/2/2026,19:05:31.240,-0.09E+00,-0.05E+00,+0.05E+00,+0.00E+00,-1.36E+00,+41.75E+00,-40.76E+00,+3.807E+00
2,09/2/2026,19:05:31.240,-0.09E+00,-0.09E+00,+0.05E+00,+0.00E+00,-1.10E+00,+42.64E+00,-41.89E+00,+3.731E+00
2,09/2/2026,19:05:31.240,-0.09E+00,-0.05E+00,+0.05E+00,+0.00E+00,-0.84E+00,+43.51E+00,-43.02E+00,+3.647E+00
2,09/2/2026,19:05:31.240,-0.09E+00,-0.05E+00,+0.05E+00,+0.00E+00,-0.58E+00,+44.35E+00,-44.13E+00,+3.563E+00
2,09/2/2026,19:05:31.240,-0.09E+00,-0.09E+00,+0.05E+00,+0.00E+00,-0.32E+00,+45.19E+00,-45.23E+00,+3.479E+00
2,09/2/2026,19:05:31.240,-0.09E+00,-0.05E+00,+0.05E+00,+0.00E+00,-0.06E+00,+46.01E+00,-46.31E+00,+3.395E+00
2,09/2/2026,19:05:31.240,-0.09E+00,-0.05E+00,+0.05E+00,+0.00E+00,+0.20E+00,+46.82E+00,-47.38E+00,+3.311E+00
2,09/2/2026,19:05:31.240,-0.09E+00,-0.05E+00,+0.00E+00,+0.00E+00,+0.47E+00,+47.61E+00,-48.45E+00,+3.220E+00
2,09/2/2026,19:05:31.240,-0.09E+00,-0.05E+00,+0.00E+00,+0.00E+00,+0.73E+00,+48.41E+00,-49.50E+00,+3.136E+00
2,09/2/2026,19:05:31.240,-0.09E+00,-0.05E+00,+0.05E+00,-0.05E+00,+0.99E+00,+49.18E+00,-50.54E+00,+3.052E+00
2,09/2/2026,19:05:31.240,-0.14E+00,-0.05E+00,+0.05E+00,+0.00E+00,+1.27E+00,+49.95E+00,-51.56E+00,+2.968E+00
2,09/2/2026,19:05:31.240,-0.09E+00,-0.05E+00,+0.00E+00,-0.05E+00,+1.53E+00,+50.69E+00,-52.57E+00,+2.877E+00
2,09/2/2026,19:05:31.240,-0.09E+00,-0.05E+00,+0.00E+00,-0.05E+00,+1.79E+00,+51.43E+00,-53.58E+00,+2.793E+00
2,09/2/2026,19:05:31.240,-0.09E+00,-0.05E+00,+0.05E+00,+0.00E+00,+2.04E+00,+52.16E+00,-54.57E+00,+2.701E+00
2,09/2/2026,19:05:31.240,-0.09E+00,-0.05E+00,+0.05E+00,+0.00E+00,+2.30E+00,+52.86E+00,-55.53E+00,+2.617E+00
2,09/2/2026,19:05:31.241,-0.09E+00,-0.05E+00,+0.00E+00,+0.00E+00,+2.56E+00,+53.56E+00,-56.49E+00,+2.526E+00
2,09/2/2026,19:05:31.241,-0.09E+00,-0.05E+00,+0.05E+00,+0.00E+00,+2.81E+00,+54.25E+00,-57.42E+00,+2.442E+00
2,09/2/2026,19:05:31.241,-0.09E+00,-0.05E+00,+0.05E+00,+0.00E+00,+3.07E+00,+54.94E+00,-58.35E+00,+2.358E+00
2,09/2/2026,19:05:31.241,-0.09E+00,-0.05E+00,+0.05E+00,+0.00E+00,+3.31E+00,+55.61E+00,-59.27E+00,+2.274E+00
2,09/2/2026,19:05:31.241,-0.09E+00,-0.05E+00,+0.05E+00,+0.00E+00,+3.54E+00,+56.25E+00,-60.17E+00,+2.190E+00
2,09/2/2026,19:05:31.241,-0.09E+00,-0.05E+00,+0.05E+00,+0.00E+00,+3.78E+00,+56.91E+00,-61.06E+00,+2.098E+00
2,09/2/2026,19:05:31.241,-0.09E+00,-0.09E+00,+0.05E+00,+0.00E+00,+4.03E+00,+57.53E+00,-61.91E+00,+2.014E+00
2,09/2/2026,19:05:31.241,-0.09E+00,-0.05E+00,+0.05E+00,+0.00E+00,+4.26E+00,+58.14E+00,-62.77E+00,+1.930E+00
2,09/2/2026,19:05:31.241,-0.09E+00,-0.05E+00,+0.05E+00,+0.00E+00,+4.50E+00,+58.74E+00,-63.60E+00,+1.846E+00
2,09/2/2026,19:05:31.241,-0.09E+00,-0.05E+00,+0.00E+00,+0.00E+00,+4.73E+00,+59.35E+00,-64.44E+00,+1.763E+00
2,09/2/2026,19:05:31.241,-0.09E+00,-0.05E+00,+0.05E+00,+0.00E+00,+4.96E+00,+59.93E+00,-65.27E+00,+1.679E+00
2,09/2/2026,19:05:31.241,-0.09E+00,-0.05E+00,+0.05E+00,+0.00E+00,+5.20E+00,+60.49E+00,-66.08E+00,+1.595E+00
2,09/2/2026,19:05:31.241,-0.09E+00,-0.05E+00,+0.05E+00,+0.00E+00,+5.43E+00,+61.04E+00,-66.85E+00,+1.511E+00
2,09/2/2026,19:05:31.241,-0.09E+00,-0.05E+00,+0.05E+00,+0.00E+00,+5.66E+00,+61.59E+00,-67.63E+00,+1.427E+00
2,09/2/2026,19:05:31.241,-0.09E+00,-0.05E+00,+0.05E+00,+0.00E+00,+5.89E+00,+62.12E+00,-68.40E+00,+1.343E+00
2,09/2/2026,19:05:31.241,-0.09E+00,-0.05E+00,+0.05E+00,+0.00E+00,+6.12E+00,+62.63E+00,-69.13E+00,+1.259E+00
2,09/2/2026,19:05:31.241,-0.09E+00,-0.05E+00,+0.05E+00,+0.00E+00,+6.35E+00,+63.13E+00,-69.86E+00,+1.175E+00
2,09/2/2026,19:05:31.241,-0.09E+00,-0.05E+00,+0.05E+00,+0.00E+00,+6.56E+00,+63.62E+00,-70.58E+00,+1.091E+00
2,09/2/2026,19:05:31.241,-0.09E+00,-0.05E+00,+0.00E+00,-0.05E+00,+6.79E+00,+64.11E+00,-71.28E+00,+1.007E+00
2,09/2/2026,19:05:31.241,-0.09E+00,-0.05E+00,+0.00E+00,+0.00E+00,+7.02E+00,+64.55E+00,-71.95E+00,+0.923E+00
2,09/2/2026,19:05:31.242,-0.09E+00,-0.05E+00,+0.05E+00,+0.00E+00,+7.25E+00,+64.99E+00,-72.62E+00,+0.832E+00
2,09/2/2026,19:05:31.242,-0.09E+00,-0.05E+00,+0.05E+00,+0.00E+00,+7.46E+00,+65.42E+00,-73.26E+00,+0.740E+00
2,09/2/2026,19:05:31.242,-0.09E+00,-0.05E+00,+0.05E+00,+0.00E+00,+7.69E+00,+65.83E+00,-73.91E+00,+0.649E+00
2,09/2/2026,19:05:31.242,-0.09E+00,-0.05E+00,+0.00E+00,+0.00E+00,+7.90E+00,+66.23E+00,-74.52E+00,+0.565E+00
2,09/2/2026,19:05:31.242,-0.09E+00,-0.05E+00,+0.05E+00,+0.00E+00,+8.13E+00,+66.60E+00,-75.13E+00,+0.473E+00
2,09/2/2026,19:05:31.242,-0.09E+00,-0.05E+00,+0.05E+00,+0.00E+00,+8.36E+00,+66.96E+00,-75.71E+00,+0.382E+00
2,09/2/2026,19:05:31.242,-0.09E+00,-0.05E+00,+0.05E+00,+0.00E+00,+8.59E+00,+67.31E+00,-76.29E+00,+0.290E+00
2,09/2/2026,19:05:31.242,-0.09E+00,-0.05E+00,+0.05E+00,+0.00E+00,+8.82E+00,+67.65E+00,-76.85E+00,+0.206E+00
2,09/2/2026,19:05:31.242,-0.09E+00,-0.05E+00,+0.05E+00,+0.00E+00,+9.03E+00,+67.97E+00,-77.40E+00,+0.114E+00
2,09/2/2026,19:05:31.242,-0.09E+00,-0.05E+00,+0.05E+00,+0.00E+00,+9.26E+00,+68.27E+00,-77.93E+00,+0.023E+00
2,09/2/2026,19:05:31.242,-0.09E+00,-0.05E+00,+0.05E+00,+0.00E+00,+9.49E+00,+68.56E+00,-78.45E+00,-0.069E+00
2,09/2/2026,19:05:31.242,-0.09E+00,-0.05E+00,+0.05E+00,-0.05E+00,+9.71E+00,+68.82E+00,-78.94E+00,-0.160E+00
2,09/2/2026,19:05:31.242,-0.09E+00,-0.05E+00,+0.00E+00,-0.05E+00,+9.93E+00,+69.08E+00,-79.43E+00,-0.252E+00
2,09/2/2026,19:05:31.242,-0.09E+00,-0.05E+00,+0.00E+00,+0.00E+00,+10.16E+00,+69.34E+00,-79.89E+00,-0.343E+00
2,09/2/2026,19:05:31.242,-0.05E+00,-0.05E+00,+0.00E+00,+0.00E+00,+10.39E+00,+69.56E+00,-80.33E+00,-0.435E+00
2,09/2/2026,19:05:31.242,-0.09E+00,-0.05E+00,+0.05E+00,+0.00E+00,+10.61E+00,+69.77E+00,-80.77E+00,-0.526E+00
2,09/2/2026,19:05:31.242,-0.14E+00,-0.05E+00,+0.05E+00,+0.00E+00,+10.82E+00,+69.97E+00,-81.18E+00,-0.618E+00
2,09/2/2026,19:05:31.242,-0.09E+00,-0.05E+00,+0.05E+00,+0.00E+00,+11.05E+00,+70.15E+00,-81.60E+00,-0.702E+00
2,09/2/2026,19:05:31.242,-0.09E+00,-0.05E+00,+0.05E+00,+0.00E+00,+11.25E+00,+70.33E+00,-81.98E+00,-0.801E+00
2,09/2/2026,19:05:31.242,-0.09E+00,-0.05E+00,+0.05E+00,+0.00E+00,+11.46E+00,+70.49E+00,-82.34E+00,-0.885E+00
2,09/2/2026,19:05:31.243,-0.09E+00,-0.05E+00,+0.05E+00,+0.00E+00,+11.66E+00,+70.64E+00,-82.68E+00,-0.977E+00
2,09/2/2026,19:05:31.243,-0.09E+00,-0.05E+00,+0.05E+00,+0.00E+00,+11.84E+00,+70.76E+00,-83.00E+00,-1.068E+00
2,09/2/2026,19:05:31.243,-0.09E+00,-0.05E+00,+0.05E+00,+0.00E+00,+12.03E+00,+70.87E+00,-83.29E+00,-1.152E+00
2,09/2/2026,19:05:31.243,-0.14E+00,-0.05E+00,+0.05E+00,+0.00E+00,+12.21E+00,+70.94E+00,-83.55E+00,-1.244E+00
2,09/2/2026,19:05:31.243,-0.14E+00,-0.05E+00,+0.05E+00,+0.00E+00,+12.38E+00,+71.02E+00,-83.78E+00,-1.335E+00
2,09/2/2026,19:05:31.243,-0.09E+00,-0.05E+00,+0.05E+00,+0.00E+00,+12.53E+00,+71.07E+00,-83.99E+00,-1.434E+00
2,09/2/2026,19:05:31.243,-0.09E+00,-0.05E+00,+0.05E+00,+0.00E+00,+12.67E+00,+71.10E+00,-84.16E+00,-1.518E+00
2,09/2/2026,19:05:31.243,-0.09E+00,-0.05E+00,+0.00E+00,+0.00E+00,+12.82E+00,+71.10E+00,-84.31E+00,-1.610E+00
2,09/2/2026,19:05:31.243,-0.09E+00,-0.05E+00,+0.00E+00,+0.00E+00,+12.96E+00,+71.08E+00,-84.42E+00,-1.702E+00
2,09/2/2026,19:05:31.243,-0.09E+00,-0.05E+00,+0.05E+00,+0.00E+00,+13.08E+00,+71.04E+00,-84.53E+00,-1.793E+00
2,09/2/2026,19:05:31.243,-0.14E+00,-0.05E+00,+0.05E+00,+0.00E+00,+13.22E+00,+70.99E+00,-84.60E+00,-1.877E+00
2,09/2/2026,19:05:31.243,-0.09E+00,-0.05E+00,+0.05E+00,+0.00E+00,+13.34E+00,+70.93E+00,-84.66E+00,-1.969E+00
2,09/2/2026,19:05:31.243,-0.09E+00,-0.05E+00,+0.05E+00,+0.00E+00,+13.46E+00,+70.84E+00,-84.69E+00,-2.052E+00
2,09/2/2026,19:05:31.243,-0.09E+00,-0.05E+00,+0.05E+00,+0.00E+00,+13.58E+00,+70.73E+00,-84.71E+00,-2.136E+00
2,09/2/2026,19:05:31.243,-0.09E+00,-0.09E+00,+0.05E+00,+0.00E+00,+13.70E+00,+70.62E+00,-84.71E+00,-2.220E+00
2,09/2/2026,19:05:31.243,-0.09E+00,-0.05E+00,+0.05E+00,+0.00E+00,+13.81E+00,+70.47E+00,-84.69E+00,-2.304E+00
2,09/2/2026,19:05:31.243,-0.09E+00,-0.05E+00,+0.00E+00,-0.05E+00,+13.93E+00,+70.32E+00,-84.65E+00,-2.388E+00
2,09/2/2026,19:05:31.243,-0.09E+00,-0.09E+00,+0.05E+00,+0.00E+00,+14.04E+00,+70.15E+00,-84.57E+00,-2.465E+00
2,09/2/2026,19:05:31.243,-0.09E+00,-0.05E+00,+0.05E+00,+0.00E+00,+14.13E+00,+69.94E+00,-84.47E+00,-2.548E+00
2,09/2/2026,19:05:31.243,-0.09E+00,-0.09E+00,+0.05E+00,-0.05E+00,+14.21E+00,+69.72E+00,-84.34E+00,-2.632E+00
2,09/2/2026,19:05:31.244,-0.14E+00,-0.09E+00,+0.05E+00,+0.00E+00,+14.30E+00,+69.48E+00,-84.18E+00,-2.716E+00
2,09/2/2026,19:05:31.244,-0.09E+00,-0.05E+00,+0.05E+00,+0.00E+00,+14.38E+00,+69.22E+00,-83.99E+00,-2.800E+00
2,09/2/2026,19:05:31.244,-0.09E+00,-0.05E+00,+0.00E+00,+0.00E+00,+14.45E+00,+68.93E+00,-83.78E+00,-2.884E+00
2,09/2/2026,19:05:31.244,-0.09E+00,-0.09E+00,+0.05E+00,+0.00E+00,+14.53E+00,+68.63E+00,-83.55E+00,-2.968E+00
2,09/2/2026,19:05:31.244,-0.09E+00,-0.05E+00,+0.05E+00,+0.00E+00,+14.60E+00,+68.29E+00,-83.31E+00,-3.044E+00
2,09/2/2026,19:05:31.244,-0.14E+00,-0.05E+00,+0.05E+00,+0.00E+00,+14.68E+00,+67.95E+00,-83.02E+00,-3.128E+00
2,09/2/2026,19:05:31.244,-0.09E+00,-0.05E+00,+0.05E+00,+0.00E+00,+14.76E+00,+67.59E+00,-82.74E+00,-3.205E+00
2,09/2/2026,19:05:31.244,-0.09E+00,-0.05E+00,+0.05E+00,+0.00E+00,+14.83E+00,+67.21E+00,-82.42E+00,-3.289E+00
2,09/2/2026,19:05:31.244,-0.09E+00,-0.05E+00,+0.05E+00,+0.00E+00,+14.89E+00,+66.81E+00,-82.10E+00,-3.365E+00
2,09/2/2026,19:05:31.244,-0.09E+00,-0.05E+00,+0.00E+00,+0.00E+00,+14.97E+00,+66.38E+00,-81.76E+00,-3.441E+00
2,09/2/2026,19:05:31.244,-0.09E+00,-0.05E+00,+0.05E+00,+0.00E+00,+15.03E+00,+65.95E+00,-81.40E+00,-3.510E+00
2,09/2/2026,19:05:31.244,-0.09E+00,-0.05E+00,+0.05E+00,+0.00E+00,+15.09E+00,+65.51E+00,-81.00E+00,-3.579E+00
2,09/2/2026,19:05:31.244,-0.09E+00,-0.05E+00,+0.05E+00,+0.00E+00,+15.15E+00,+65.05E+00,-80.60E+00,-3.655E+00
2,09/2/2026,19:05:31.244,-0.09E+00,-0.05E+00,+0.05E+00,+0.00E+00,+15.23E+00,+64.57E+00,-80.18E+00,-3.731E+00
2,09/2/2026,19:05:31.244,-0.09E+00,-0.05E+00,+0.05E+00,+0.00E+00,+15.28E+00,+64.06E+00,-79.73E+00,-3.800E+00
2,09/2/2026,19:05:31.244,-0.09E+00,-0.05E+00,+0.00E+00,+0.00E+00,+15.32E+00,+63.54E+00,-79.26E+00,-3.868E+00
2,09/2/2026,19:05:31.244,-0.09E+00,-0.05E+00,+0.00E+00,+0.00E+00,+15.37E+00,+63.01E+00,-78.77E+00,-3.937E+00
2,09/2/2026,19:05:31.244,-0.09E+00,-0.09E+00,+0.05E+00,+0.00E+00,+15.41E+00,+62.46E+00,-78.27E+00,-4.006E+00
2,09/2/2026,19:05:31.244,-0.09E+00,-0.09E+00,+0.05E+00,+0.00E+00,+15.46E+00,+61.90E+00,-77.75E+00,-4.074E+00
2,09/2/2026,19:05:31.244,-0.09E+00,-0.05E+00,+0.00E+00,+0.00E+00,+15.50E+00,+61.30E+00,-77.20E+00,-4.143E+00
2,09/2/2026,19:05:31.245,-0.09E+00,-0.05E+00,+0.05E+00,+0.00E+00,+15.53E+00,+60.71E+00,-76.65E+00,-4.204E+00
2,09/2/2026,19:05:31.245,-0.09E+00,-0.05E+00,+0.05E+00,+0.00E+00,+15.57E+00,+60.11E+00,-76.07E+00,-4.265E+00
2,09/2/2026,19:05:31.245,-0.09E+00,-0.05E+00,+0.05E+00,+0.00E+00,+15.60E+00,+59.48E+00,-75.48E+00,-4.326E+00
2,09/2/2026,19:05:31.245,-0.09E+00,-0.09E+00,+0.05E+00,+0.00E+00,+15.64E+00,+58.86E+00,-74.87E+00,-4.395E+00
2,09/2/2026,19:05:31.245,-0.09E+00,-0.05E+00,+0.05E+00,-0.05E+00,+15.66E+00,+58.20E+00,-74.26E+00,-4.448E+00
2,09/2/2026,19:05:31.245,-0.09E+00,-0.05E+00,+0.05E+00,-0.05E+00,+15.69E+00,+57.53E+00,-73.62E+00,-4.509E+00
2,09/2/2026,19:05:31.245,-0.09E+00,-0.05E+00,+0.05E+00,+0.00E+00,+15.70E+00,+56.86E+00,-72.96E+00,-4.563E+00
2,09/2/2026,19:05:31.245,-0.09E+00,-0.05E+00,+0.05E+00,+0.00E+00,+15.73E+00,+56.16E+00,-72.27E+00,-4.624E+00
2,09/2/2026,19:05:31.245,-0.09E+00,-0.05E+00,+0.05E+00,-0.05E+00,+15.75E+00,+55.44E+00,-71.57E+00,-4.685E+00
2,09/2/2026,19:05:31.245,-0.09E+00,-0.09E+00,+0.00E+00,-0.05E+00,+15.75E+00,+54.71E+00,-70.85E+00,-4.746E+00
2,09/2/2026,19:05:31.245,-0.09E+00,-0.05E+00,+0.05E+00,-0.05E+00,+15.76E+00,+53.96E+00,-70.12E+00,-4.807E+00
2,09/2/2026,19:05:31.245,-0.14E+00,-0.05E+00,+0.05E+00,+0.00E+00,+15.78E+00,+53.21E+00,-69.36E+00,-4.860E+00
2,09/2/2026,19:05:31.245,-0.09E+00,-0.05E+00,+0.00E+00,+0.00E+00,+15.78E+00,+52.42E+00,-68.58E+00,-4.921E+00
2,09/2/2026,19:05:31.245,-0.09E+00,-0.05E+00,+0.05E+00,+0.00E+00,+15.78E+00,+51.63E+00,-67.80E+00,-4.975E+00
2,09/2/2026,19:05:31.245,-0.09E+00,-0.05E+00,+0.05E+00,+0.00E+00,+15.78E+00,+50.85E+00,-66.99E+00,-5.028E+00
2,09/2/2026,19:05:31.245,-0.14E+00,-0.05E+00,+0.05E+00,+0.00E+00,+15.78E+00,+50.02E+00,-66.18E+00,-5.082E+00
2,09/2/2026,19:05:31.245,-0.09E+00,-0.05E+00,+0.05E+00,+0.00E+00,+15.78E+00,+49.18E+00,-65.33E+00,-5.127E+00
2,09/2/2026,19:05:31.245,-0.09E+00,-0.05E+00,+0.05E+00,+0.00E+00,+15.78E+00,+48.34E+00,-64.47E+00,-5.181E+00
2,09/2/2026,19:05:31.245,-0.09E+00,-0.09E+00,+0.05E+00,+0.00E+00,+15.76E+00,+47.49E+00,-63.60E+00,-5.234E+00
2,09/2/2026,19:05:31.245,-0.09E+00,-0.05E+00,+0.05E+00,+0.00E+00,+15.75E+00,+46.62E+00,-62.72E+00,-5.288E+00
2,09/2/2026,19:05:31.246,-0.09E+00,-0.05E+00,+0.00E+00,+0.00E+00,+15.75E+00,+45.73E+00,-61.82E+00,-5.341E+00
2,09/2/2026,19:05:31.246,-0.09E+00,-0.05E+00,+0.00E+00,+0.00E+00,+15.73E+00,+44.83E+00,-60.90E+00,-5.387E+00
2,09/2/2026,19:05:31.246,-0.09E+00,-0.05E+00,+0.00E+00,+0.00E+00,+15.70E+00,+43.90E+00,-59.96E+00,-5.440E+00
2,09/2/2026,19:05:31.246,-0.09E+00,-0.05E+00,+0.05E+00,+0.00E+00,+15.69E+00,+42.99E+00,-59.01E+00,-5.486E+00
2,09/2/2026,19:05:31.246,-0.09E+00,-0.05E+00,+0.05E+00,+0.00E+00,+15.66E+00,+42.04E+00,-58.03E+00,-5.532E+00
2,09/2/2026,19:05:31.246,-0.09E+00,-0.05E+00,+0.05E+00,+0.00E+00,+15.61E+00,+41.11E+00,-57.06E+00,-5.578E+00
2,09/2/2026,19:05:31.246,-0.09E+00,-0.05E+00,+0.05E+00,+0.00E+00,+15.58E+00,+40.15E+00,-56.05E+00,-5.616E+00
2,09/2/2026,19:05:31.246,-0.09E+00,-0.09E+00,+0.05E+00,+0.00E+00,+15.53E+00,+39.19E+00,-55.04E+00,-5.654E+00
2,09/2/2026,19:05:31.246,-0.09E+00,-0.09E+00,+0.05E+00,+0.00E+00,+15.47E+00,+38.23E+00,-54.02E+00,-5.684E+00
2,09/2/2026,19:05:31.246,-0.14E+00,-0.05E+00,+0.05E+00,+0.00E+00,+15.40E+00,+37.27E+00,-52.98E+00,-5.715E+00
2,09/2/2026,19:05:31.246,-0.09E+00,-0.05E+00,+0.05E+00,+0.00E+00,+15.32E+00,+36.29E+00,-51.93E+00,-5.738E+00
2,09/2/2026,19:05:31.246,-0.09E+00,-0.05E+00,+0.05E+00,+0.00E+00,+15.24E+00,+35.31E+00,-50.88E+00,-5.768E+00
2,09/2/2026,19:05:31.246,-0.09E+00,-0.05E+00,+0.05E+00,+0.00E+00,+15.15E+00,+34.32E+00,-49.79E+00,-5.791E+00
2,09/2/2026,19:05:31.246,-0.09E+00,-0.05E+00,+0.05E+00,+0.00E+00,+15.06E+00,+33.33E+00,-48.71E+00,-5.807E+00
2,09/2/2026,19:05:31.246,-0.09E+00,-0.05E+00,+0.05E+00,+0.00E+00,+14.95E+00,+32.32E+00,-47.61E+00,-5.829E+00
2,09/2/2026,19:05:31.246,-0.09E+00,-0.09E+00,+0.05E+00,+0.00E+00,+14.85E+00,+31.31E+00,-46.48E+00,-5.845E+00
2,09/2/2026,19:05:31.246,-0.09E+00,-0.05E+00,+0.05E+00,+0.00E+00,+14.74E+00,+30.29E+00,-45.35E+00,-5.868E+00
2,09/2/2026,19:05:31.246,-0.09E+00,-0.05E+00,+0.05E+00,+0.00E+00,+14.62E+00,+29.25E+00,-44.21E+00,-5.883E+00
2,09/2/2026,19:05:31.246,-0.09E+00,-0.05E+00,+0.05E+00,+0.00E+00,+14.48E+00,+28.23E+00,-43.05E+00,-5.890E+00
2,09/2/2026,19:05:31.246,-0.09E+00,-0.05E+00,+0.05E+00,+0.00E+00,+14.36E+00,+27.19E+00,-41.87E+00,-5.898E+00
2,09/2/2026,19:05:31.247,-0.09E+00,-0.05E+00,+0.05E+00,-0.05E+00,+14.22E+00,+26.16E+00,-40.70E+00,-5.913E+00
2,09/2/2026,19:05:31.247,-0.09E+00,-0.05E+00,+0.05E+00,-0.05E+00,+14.09E+00,+25.10E+00,-39.51E+00,-5.921E+00
2,09/2/2026,19:05:31.247,-0.09E+00,-0.05E+00,+0.05E+00,+0.00E+00,+13.95E+00,+24.03E+00,-38.30E+00,-5.929E+00
2,09/2/2026,19:05:31.247,-0.09E+00,-0.05E+00,+0.05E+00,+0.00E+00,+13.80E+00,+22.98E+00,-37.10E+00,-5.936E+00
2,09/2/2026,19:05:31.247,-0.14E+00,-0.05E+00,+0.00E+00,+0.00E+00,+13.64E+00,+21.93E+00,-35.88E+00,-5.936E+00
2,09/2/2026,19:05:31.247,-0.14E+00,-0.05E+00,+0.05E+00,+0.00E+00,+13.47E+00,+20.85E+00,-34.66E+00,-5.936E+00
2,09/2/2026,19:05:31.247,-0.09E+00,-0.05E+00,+0.05E+00,+0.00E+00,+13.32E+00,+19.79E+00,-33.40E+00,-5.929E+00
2,09/2/2026,19:05:31.247,-0.09E+00,-0.05E+00,+0.05E+00,+0.00E+00,+13.14E+00,+18.72E+00,-32.17E+00,-5.921E+00
2,09/2/2026,19:05:31.247,-0.09E+00,-0.05E+00,+0.05E+00,-0.05E+00,+12.97E+00,+17.66E+00,-30.93E+00,-5.913E+00
2,09/2/2026,19:05:31.247,-0.09E+00,-0.05E+00,+0.05E+00,+0.00E+00,+12.79E+00,+16.57E+00,-29.67E+00,-5.906E+00
2,09/2/2026,19:05:31.247,-0.09E+00,-0.05E+00,+0.05E+00,+0.00E+00,+12.60E+00,+15.49E+00,-28.40E+00,-5.898E+00
2,09/2/2026,19:05:31.247,-0.09E+00,-0.05E+00,+0.05E+00,+0.00E+00,+12.44E+00,+14.39E+00,-27.12E+00,-5.883E+00
2,09/2/2026,19:05:31.247,-0.09E+00,-0.05E+00,+0.05E+00,+0.00E+00,+12.25E+00,+13.31E+00,-25.85E+00,-5.875E+00
2,09/2/2026,19:05:31.247,-0.09E+00,-0.09E+00,+0.05E+00,-0.05E+00,+12.06E+00,+12.21E+00,-24.57E+00,-5.868E+00
2,09/2/2026,19:05:31.247,-0.09E+00,-0.05E+00,+0.05E+00,-0.05E+00,+11.89E+00,+11.11E+00,-23.27E+00,-5.852E+00
2,09/2/2026,19:05:31.247,-0.09E+00,-0.05E+00,+0.05E+00,+0.00E+00,+11.70E+00,+10.00E+00,-21.97E+00,-5.845E+00
2,09/2/2026,19:05:31.247,-0.09E+00,-0.05E+00,+0.05E+00,+0.00E+00,+11.51E+00,+8.90E+00,-20.68E+00,-5.829E+00
2,09/2/2026,19:05:31.247,-0.09E+00,-0.09E+00,+0.05E+00,+0.00E+00,+11.32E+00,+7.78E+00,-19.38E+00,-5.814E+00
2,09/2/2026,19:05:31.247,-0.09E+00,-0.05E+00,+0.05E+00,-0.05E+00,+11.14E+00,+6.67E+00,-18.08E+00,-5.791E+00
2,09/2/2026,19:05:31.247,-0.09E+00,-0.05E+00,+0.05E+00,+0.00E+00,+10.94E+00,+5.55E+00,-16.79E+00,-5.776E+00
2,09/2/2026,19:05:31.248,-0.09E+00,-0.05E+00,+0.05E+00,+0.00E+00,+10.76E+00,+4.46E+00,-15.47E+00,-5.753E+00
2,09/2/2026,19:05:31.248,-0.09E+00,-0.05E+00,+0.05E+00,+0.00E+00,+10.58E+00,+3.34E+00,-14.18E+00,-5.738E+00
2,09/2/2026,19:05:31.248,-0.09E+00,-0.05E+00,+0.05E+00,+0.00E+00,+10.39E+00,+2.23E+00,-12.88E+00,-5.715E+00
2,09/2/2026,19:05:31.248,-0.09E+00,-0.05E+00,+0.05E+00,+0.00E+00,+10.19E+00,+1.10E+00,-11.58E+00,-5.692E+00
2,09/2/2026,19:05:31.248,-0.09E+00,-0.05E+00,+0.05E+00,+0.00E+00,+10.01E+00,-0.02E+00,-10.27E+00,-5.669E+00
2,09/2/2026,19:05:31.248,-0.09E+00,-0.05E+00,+0.05E+00,+0.00E+00,+9.81E+00,-1.13E+00,-8.96E+00,-5.646E+00
2,09/2/2026,19:05:31.248,-0.09E+00,-0.05E+00,+0.05E+00,+0.00E+00,+9.63E+00,-2.24E+00,-7.65E+00,-5.616E+00
2,09/2/2026,19:05:31.248,-0.09E+00,-0.05E+00,+0.05E+00,+0.00E+00,+9.43E+00,-3.36E+00,-6.35E+00,-5.593E+00
2,09/2/2026,19:05:31.248,-0.09E+00,-0.05E+00,+0.05E+00,+0.00E+00,+9.23E+00,-4.47E+00,-5.04E+00,-5.570E+00
2,09/2/2026,19:05:31.248,-0.09E+00,-0.09E+00,+0.05E+00,+0.00E+00,+9.05E+00,-5.59E+00,-3.74E+00,-5.539E+00
2,09/2/2026,19:05:31.248,-0.09E+00,-0.05E+00,+0.05E+00,+0.00E+00,+8.87E+00,-6.70E+00,-2.43E+00,-5.509E+00
2,09/2/2026,19:05:31.248,-0.09E+00,-0.05E+00,+0.05E+00,+0.00E+00,+8.67E+00,-7.81E+00,-1.13E+00,-5.486E+00
2,09/2/2026,19:05:31.248,-0.09E+00,-0.05E+00,+0.05E+00,+0.00E+00,+8.47E+00,-8.93E+00,+0.18E+00,-5.456E+00
2,09/2/2026,19:05:31.248,-0.09E+00,-0.05E+00,+0.00E+00,+0.00E+00,+8.29E+00,-10.04E+00,+1.48E+00,-5.425E+00
2,09/2/2026,19:05:31.248,-0.09E+00,-0.05E+00,+0.05E+00,+0.00E+00,+8.09E+00,-11.14E+00,+2.78E+00,-5.394E+00
2,09/2/2026,19:05:31.248,-0.09E+00,-0.05E+00,+0.05E+00,+0.00E+00,+7.90E+00,-12.24E+00,+4.07E+00,-5.364E+00
2,09/2/2026,19:05:31.248,-0.14E+00,-0.05E+00,+0.05E+00,+0.00E+00,+7.71E+00,-13.35E+00,+5.39E+00,-5.326E+00
2,09/2/2026,19:05:31.248,-0.14E+00,-0.05E+00,+0.00E+00,+0.00E+00,+7.49E+00,-14.45E+00,+6.70E+00,-5.295E+00
2,09/2/2026,19:05:31.248,-0.09E+00,-0.05E+00,+0.05E+00,+0.00E+00,+7.28E+00,-15.53E+00,+8.01E+00,-5.257E+00
2,09/2/2026,19:05:31.248,-0.09E+00,-0.05E+00,+0.05E+00,+0.00E+00,+7.07E+00,-16.63E+00,+9.31E+00,-5.219E+00
2,09/2/2026,19:05:31.249,-0.09E+00,-0.09E+00,+0.05E+00,+0.00E+00,+6.85E+00,-17.72E+00,+10.62E+00,-5.173E+00
2,09/2/2026,19:05:31.249,-0.09E+00,-0.09E+00,+0.05E+00,+0.00E+00,+6.62E+00,-18.82E+00,+11.93E+00,-5.143E+00
2,09/2/2026,19:05:31.249,-0.09E+00,-0.05E+00,+0.05E+00,+0.00E+00,+6.41E+00,-19.90E+00,+13.23E+00,-5.105E+00
2,09/2/2026,19:05:31.249,-0.09E+00,-0.05E+00,+0.05E+00,+0.00E+00,+6.20E+00,-20.98E+00,+14.53E+00,-5.059E+00
2,09/2/2026,19:05:31.249,-0.09E+00,-0.05E+00,+0.05E+00,+0.00E+00,+5.98E+00,-22.08E+00,+15.82E+00,-5.021E+00
2,09/2/2026,19:05:31.249,-0.09E+00,-0.05E+00,+0.05E+00,+0.00E+00,+5.77E+00,-23.16E+00,+17.12E+00,-4.982E+00
2,09/2/2026,19:05:31.249,-0.09E+00,-0.05E+00,+0.05E+00,+0.00E+00,+5.57E+00,-24.25E+00,+18.42E+00,-4.944E+00
2,09/2/2026,19:05:31.249,-0.09E+00,-0.05E+00,+0.05E+00,+0.00E+00,+5.34E+00,-25.33E+00,+19.72E+00,-4.899E+00
2,09/2/2026,19:05:31.249,-0.09E+00,-0.05E+00,+0.05E+00,+0.00E+00,+5.11E+00,-26.42E+00,+21.01E+00,-4.860E+00
2,09/2/2026,19:05:31.249,-0.09E+00,-0.05E+00,+0.05E+00,+0.00E+00,+4.90E+00,-27.48E+00,+22.33E+00,-4.815E+00
2,09/2/2026,19:05:31.249,-0.09E+00,-0.09E+00,+0.05E+00,+0.00E+00,+4.67E+00,-28.55E+00,+23.64E+00,-4.769E+00
2,09/2/2026,19:05:31.249,-0.09E+00,-0.05E+00,+0.05E+00,+0.00E+00,+4.44E+00,-29.62E+00,+24.92E+00,-4.723E+00
2,09/2/2026,19:05:31.249,-0.09E+00,-0.05E+00,+0.00E+00,+0.00E+00,+4.21E+00,-30.69E+00,+26.20E+00,-4.677E+00
2,09/2/2026,19:05:31.249,-0.14E+00,-0.05E+00,+0.00E+00,+0.00E+00,+3.98E+00,-31.74E+00,+27.47E+00,-4.624E+00
2,09/2/2026,19:05:31.249,-0.09E+00,-0.05E+00,+0.05E+00,+0.00E+00,+3.75E+00,-32.76E+00,+28.73E+00,-4.563E+00
2,09/2/2026,19:05:31.249,-0.09E+00,-0.05E+00,+0.05E+00,+0.00E+00,+3.51E+00,-33.79E+00,+30.00E+00,-4.502E+00
2,09/2/2026,19:05:31.249,-0.09E+00,-0.05E+00,+0.05E+00,+0.00E+00,+3.28E+00,-34.78E+00,+31.22E+00,-4.441E+00
2,09/2/2026,19:05:31.249,-0.09E+00,-0.09E+00,+0.05E+00,+0.00E+00,+3.04E+00,-35.77E+00,+32.46E+00,-4.372E+00
2,09/2/2026,19:05:31.249,-0.14E+00,-0.09E+00,+0.05E+00,+0.00E+00,+2.79E+00,-36.76E+00,+33.68E+00,-4.303E+00
2,09/2/2026,19:05:31.249,-0.09E+00,-0.05E+00,+0.05E+00,+0.00E+00,+2.55E+00,-37.72E+00,+34.88E+00,-4.235E+00
2,09/2/2026,19:05:31.250,-0.09E+00,-0.05E+00,+0.05E+00,+0.00E+00,+2.32E+00,-38.68E+00,+36.09E+00,-4.166E+00
2,09/2/2026,19:05:31.250,-0.09E+00,-0.09E+00,+0.00E+00,+0.00E+00,+2.08E+00,-39.65E+00,+37.28E+00,-4.097E+00
2,09/2/2026,19:05:31.250,-0.09E+00,-0.05E+00,+0.05E+00,+0.00E+00,+1.82E+00,-40.58E+00,+38.47E+00,-4.021E+00
2,09/2/2026,19:05:31.250,-0.09E+00,-0.05E+00,+0.05E+00,+0.00E+00,+1.57E+00,-41.49E+00,+39.63E+00,-3.945E+00
2,09/2/2026,19:05:31.250,-0.09E+00,-0.09E+00,+0.05E+00,+0.00E+00,+1.31E+00,-42.39E+00,+40.79E+00,-3.868E+00
2,09/2/2026,19:05:31.250,-0.14E+00,-0.05E+00,+0.05E+00,+0.00E+00,+1.04E+00,-43.28E+00,+41.93E+00,-3.785E+00
2,09/2/2026,19:05:31.250,-0.14E+00,-0.05E+00,+0.05E+00,+0.00E+00,+0.78E+00,-44.15E+00,+43.08E+00,-3.701E+00
2,09/2/2026,19:05:31.250,-0.09E+00,-0.05E+00,+0.05E+00,+0.00E+00,+0.50E+00,-45.00E+00,+44.19E+00,-3.617E+00
2,09/2/2026,19:05:31.250,-0.09E+00,-0.05E+00,+0.00E+00,+0.00E+00,+0.24E+00,-45.86E+00,+45.31E+00,-3.533E+00
2,09/2/2026,19:05:31.250,-0.09E+00,-0.05E+00,+0.05E+00,+0.00E+00,-0.02E+00,-46.70E+00,+46.41E+00,-3.449E+00
2,09/2/2026,19:05:31.250,-0.09E+00,-0.09E+00,+0.05E+00,+0.00E+00,-0.27E+00,-47.54E+00,+47.49E+00,-3.365E+00
2,09/2/2026,19:05:31.250,-0.14E+00,-0.09E+00,+0.00E+00,+0.00E+00,-0.53E+00,-48.34E+00,+48.57E+00,-3.281E+00
2,09/2/2026,19:05:31.250,-0.09E+00,-0.05E+00,+0.05E+00,+0.00E+00,-0.79E+00,-49.14E+00,+49.63E+00,-3.197E+00
2,09/2/2026,19:05:31.250,-0.09E+00,-0.05E+00,+0.05E+00,+0.00E+00,-1.05E+00,-49.92E+00,+50.66E+00,-3.113E+00
2,09/2/2026,19:05:31.250,-0.09E+00,-0.05E+00,+0.00E+00,+0.00E+00,-1.31E+00,-50.69E+00,+51.70E+00,-3.029E+00
2,09/2/2026,19:05:31.250,-0.09E+00,-0.05E+00,+0.05E+00,+0.00E+00,-1.57E+00,-51.46E+00,+52.72E+00,-2.938E+00
2,09/2/2026,19:05:31.250,-0.09E+00,-0.09E+00,+0.05E+00,+0.00E+00,-1.85E+00,-52.21E+00,+53.73E+00,-2.846E+00
2,09/2/2026,19:05:31.250,-0.14E+00,-0.05E+00,+0.05E+00,-0.05E+00,-2.12E+00,-52.94E+00,+54.71E+00,-2.762E+00
2,09/2/2026,19:05:31.250,-0.09E+00,-0.05E+00,+0.05E+00,+0.00E+00,-2.37E+00,-53.65E+00,+55.68E+00,-2.671E+00
2,09/2/2026,19:05:31.250,-0.09E+00,-0.05E+00,+0.05E+00,+0.00E+00,-2.62E+00,-54.36E+00,+56.66E+00,-2.587E+00
2,09/2/2026,19:05:31.251,-0.09E+00,-0.05E+00,+0.05E+00,+0.00E+00,-2.88E+00,-55.04E+00,+57.61E+00,-2.495E+00
2,09/2/2026,19:05:31.251,-0.09E+00,-0.05E+00,+0.05E+00,+0.00E+00,-3.13E+00,-55.73E+00,+58.54E+00,-2.411E+00
2,09/2/2026,19:05:31.251,-0.09E+00,-0.09E+00,+0.05E+00,+0.00E+00,-3.37E+00,-56.42E+00,+59.45E+00,-2.327E+00
2,09/2/2026,19:05:31.251,-0.09E+00,-0.09E+00,+0.05E+00,+0.00E+00,-3.62E+00,-57.07E+00,+60.37E+00,-2.243E+00
2,09/2/2026,19:05:31.251,-0.09E+00,-0.05E+00,+0.05E+00,+0.00E+00,-3.86E+00,-57.73E+00,+61.25E+00,-2.159E+00
2,09/2/2026,19:05:31.251,-0.09E+00,-0.05E+00,+0.05E+00,+0.00E+00,-4.09E+00,-58.39E+00,+62.14E+00,-2.075E+00
2,09/2/2026,19:05:31.251,-0.09E+00,-0.05E+00,+0.00E+00,+0.00E+00,-4.33E+00,-59.01E+00,+63.01E+00,-1.991E+00
2,09/2/2026,19:05:31.251,-0.09E+00,-0.05E+00,+0.00E+00,+0.00E+00,-4.58E+00,-59.62E+00,+63.86E+00,-1.900E+00
2,09/2/2026,19:05:31.251,-0.09E+00,-0.05E+00,+0.00E+00,+0.00E+00,-4.81E+00,-60.23E+00,+64.70E+00,-1.824E+00
2,09/2/2026,19:05:31.251,-0.09E+00,-0.05E+00,+0.05E+00,+0.00E+00,-5.05E+00,-60.81E+00,+65.54E+00,-1.740E+00
2,09/2/2026,19:05:31.251,-0.09E+00,-0.05E+00,+0.05E+00,-0.05E+00,-5.28E+00,-61.39E+00,+66.35E+00,-1.648E+00
2,09/2/2026,19:05:31.251,-0.09E+00,-0.05E+00,+0.05E+00,+0.00E+00,-5.51E+00,-61.96E+00,+67.13E+00,-1.564E+00
2,09/2/2026,19:05:31.251,-0.09E+00,-0.05E+00,+0.05E+00,+0.00E+00,-5.74E+00,-62.51E+00,+67.92E+00,-1.480E+00
2,09/2/2026,19:05:31.251,-0.09E+00,-0.05E+00,+0.05E+00,+0.00E+00,-5.97E+00,-63.04E+00,+68.69E+00,-1.396E+00
2,09/2/2026,19:05:31.251,-0.09E+00,-0.05E+00,+0.05E+00,-0.05E+00,-6.20E+00,-63.57E+00,+69.43E+00,-1.312E+00
2,09/2/2026,19:05:31.251,-0.09E+00,-0.05E+00,+0.05E+00,+0.00E+00,-6.42E+00,-64.08E+00,+70.17E+00,-1.228E+00
2,09/2/2026,19:05:31.251,-0.09E+00,-0.05E+00,+0.05E+00,+0.00E+00,-6.65E+00,-64.58E+00,+70.90E+00,-1.145E+00
2,09/2/2026,19:05:31.251,-0.09E+00,-0.05E+00,+0.05E+00,+0.00E+00,-6.87E+00,-65.07E+00,+71.60E+00,-1.061E+00
2,09/2/2026,19:05:31.251,-0.09E+00,-0.05E+00,+0.00E+00,+0.00E+00,-7.10E+00,-65.54E+00,+72.30E+00,-0.977E+00
2,09/2/2026,19:05:31.251,-0.09E+00,-0.05E+00,+0.00E+00,+0.00E+00,-7.32E+00,-66.00E+00,+72.99E+00,-0.885E+00
2,09/2/2026,19:05:31.252,-0.09E+00,-0.05E+00,+0.05E+00,-0.05E+00,-7.54E+00,-66.44E+00,+73.65E+00,-0.801E+00
2,09/2/2026,19:05:31.252,-0.09E+00,-0.05E+00,+0.05E+00,+0.00E+00,-7.77E+00,-66.87E+00,+74.29E+00,-0.717E+00
2,09/2/2026,19:05:31.252,-0.09E+00,-0.05E+00,+0.05E+00,+0.00E+00,-8.00E+00,-67.27E+00,+74.93E+00,-0.626E+00
2,09/2/2026,19:05:31.252,-0.09E+00,-0.05E+00,+0.05E+00,+0.00E+00,-8.23E+00,-67.66E+00,+75.54E+00,-0.534E+00
2,09/2/2026,19:05:31.252,-0.09E+00,-0.05E+00,+0.00E+00,+0.00E+00,-8.44E+00,-68.03E+00,+76.13E+00,-0.443E+00
2,09/2/2026,19:05:31.252,-0.09E+00,-0.05E+00,+0.05E+00,+0.00E+00,-8.67E+00,-68.40E+00,+76.73E+00,-0.351E+00
2,09/2/2026,19:05:31.252,-0.09E+00,-0.05E+00,+0.05E+00,+0.00E+00,-8.90E+00,-68.75E+00,+77.29E+00,-0.267E+00
2,09/2/2026,19:05:31.252,-0.09E+00,-0.05E+00,+0.05E+00,+0.00E+00,-9.11E+00,-69.07E+00,+77.86E+00,-0.175E+00
2,09/2/2026,19:05:31.252,-0.09E+00,-0.05E+00,+0.05E+00,+0.00E+00,-9.34E+00,-69.39E+00,+78.39E+00,-0.084E+00
2,09/2/2026,19:05:31.252,-0.09E+00,-0.09E+00,+0.05E+00,+0.00E+00,-9.57E+00,-69.69E+00,+78.93E+00,+0.008E+00
2,09/2/2026,19:05:31.252,-0.09E+00,-0.05E+00,+0.05E+00,+0.00E+00,-9.80E+00,-69.98E+00,+79.43E+00,+0.099E+00
2,09/2/2026,19:05:31.252,-0.09E+00,-0.05E+00,+0.05E+00,+0.00E+00,-10.03E+00,-70.26E+00,+79.92E+00,+0.191E+00
2,09/2/2026,19:05:31.252,-0.09E+00,-0.05E+00,+0.00E+00,+0.00E+00,-10.25E+00,-70.52E+00,+80.41E+00,+0.282E+00
2,09/2/2026,19:05:31.252,-0.09E+00,-0.05E+00,+0.05E+00,+0.00E+00,-10.47E+00,-70.76E+00,+80.86E+00,+0.374E+00
2,09/2/2026,19:05:31.252,-0.09E+00,-0.05E+00,+0.05E+00,+0.00E+00,-10.68E+00,-70.98E+00,+81.32E+00,+0.465E+00
2,09/2/2026,19:05:31.252,-0.09E+00,-0.05E+00,+0.00E+00,+0.00E+00,-10.91E+00,-71.20E+00,+81.75E+00,+0.549E+00
2,09/2/2026,19:05:31.252,-0.09E+00,-0.05E+00,+0.00E+00,+0.00E+00,-11.12E+00,-71.40E+00,+82.16E+00,+0.641E+00
2,09/2/2026,19:05:31.252,-0.09E+00,-0.09E+00,+0.05E+00,+0.00E+00,-11.34E+00,-71.59E+00,+82.56E+00,+0.732E+00
2,09/2/2026,19:05:31.252,-0.09E+00,-0.05E+00,+0.05E+00,+0.00E+00,-11.54E+00,-71.75E+00,+82.94E+00,+0.824E+00
2,09/2/2026,19:05:31.252,-0.09E+00,-0.05E+00,+0.05E+00,+0.00E+00,-11.75E+00,-71.91E+00,+83.31E+00,+0.923E+00
2,09/2/2026,19:05:31.253,-0.09E+00,-0.05E+00,+0.05E+00,-0.05E+00,-11.95E+00,-72.04E+00,+83.64E+00,+1.007E+00
2,09/2/2026,19:05:31.253,-0.09E+00,-0.09E+00,+0.05E+00,+0.00E+00,-12.15E+00,-72.17E+00,+83.95E+00,+1.099E+00
2,09/2/2026,19:05:31.253,-0.09E+00,-0.09E+00,+0.05E+00,+0.00E+00,-12.33E+00,-72.27E+00,+84.24E+00,+1.198E+00
2,09/2/2026,19:05:31.253,-0.09E+00,-0.05E+00,+0.05E+00,-0.05E+00,-12.51E+00,-72.35E+00,+84.50E+00,+1.289E+00
2,09/2/2026,19:05:31.253,-0.09E+00,-0.05E+00,+0.05E+00,+0.00E+00,-12.67E+00,-72.42E+00,+84.72E+00,+1.373E+00
2,09/2/2026,19:05:31.253,-0.09E+00,-0.05E+00,+0.05E+00,+0.00E+00,-12.83E+00,-72.47E+00,+84.94E+00,+1.465E+00
2,09/2/2026,19:05:31.253,-0.09E+00,-0.05E+00,+0.05E+00,+0.00E+00,-12.97E+00,-72.49E+00,+85.11E+00,+1.557E+00
2,09/2/2026,19:05:31.253,-0.09E+00,-0.05E+00,+0.05E+00,+0.00E+00,-13.12E+00,-72.50E+00,+85.26E+00,+1.648E+00
2,09/2/2026,19:05:31.253,-0.09E+00,-0.05E+00,+0.05E+00,+0.00E+00,-13.26E+00,-72.49E+00,+85.38E+00,+1.740E+00
2,09/2/2026,19:05:31.253,-0.09E+00,-0.05E+00,+0.00E+00,+0.00E+00,-13.38E+00,-72.46E+00,+85.47E+00,+1.824E+00
2,09/2/2026,19:05:31.253,-0.09E+00,-0.09E+00,+0.05E+00,-0.05E+00,-13.51E+00,-72.41E+00,+85.55E+00,+1.915E+00
2,09/2/2026,19:05:31.253,-0.09E+00,-0.05E+00,+0.05E+00,-0.05E+00,-13.63E+00,-72.33E+00,+85.61E+00,+2.007E+00
2,09/2/2026,19:05:31.253,-0.09E+00,-0.05E+00,+0.05E+00,+0.00E+00,-13.76E+00,-72.26E+00,+85.64E+00,+2.091E+00
2,09/2/2026,19:05:31.253,-0.09E+00,-0.05E+00,+0.05E+00,+0.00E+00,-13.89E+00,-72.15E+00,+85.66E+00,+2.175E+00
2,09/2/2026,19:05:31.253,-0.09E+00,-0.05E+00,+0.05E+00,+0.00E+00,-13.99E+00,-72.01E+00,+85.66E+00,+2.259E+00
2,09/2/2026,19:05:31.253,-0.09E+00,-0.09E+00,+0.00E+00,+0.00E+00,-14.12E+00,-71.88E+00,+85.62E+00,+2.342E+00
2,09/2/2026,19:05:31.253,-0.09E+00,-0.09E+00,+0.05E+00,+0.00E+00,-14.22E+00,-71.71E+00,+85.58E+00,+2.426E+00
2,09/2/2026,19:05:31.253,-0.09E+00,-0.05E+00,+0.05E+00,+0.00E+00,-14.33E+00,-71.54E+00,+85.49E+00,+2.510E+00
2,09/2/2026,19:05:31.253,-0.09E+00,-0.05E+00,+0.05E+00,+0.00E+00,-14.42E+00,-71.33E+00,+85.40E+00,+2.594E+00
2,09/2/2026,19:05:31.253,-0.09E+00,-0.05E+00,+0.05E+00,+0.00E+00,-14.51E+00,-71.11E+00,+85.26E+00,+2.678E+00
